Currency,Strike,Total_GEX,Total_Abs_Gamma,Daily_Call_Settle,Daily_Call_OI,Daily_Put_Settle,Daily_Put_OI,Global_Call_OI,Global_Put_OI,R68_High,R68_Low,R95_High,R95_Low,Global_Month,Daily_Month,Daily_Expiry,Global_Expiry,Futures_Spot,Gamma_Flip,Gamma_Flip_Status,Quality_Status,Quality_Reasons,Series_Catalog_Version,Spot_Source,Spot_Reference_Month,Spot_Month_Sources,Spot_Observed_Values,Spot_Fallback_Details,IV_Source,IV_Expiry,IV_DTE,IV_Input_Rows,IV_Reference_Strike,IV_Fallback_Reason,Input_Rows,Used_Rows,Excluded_Unknown_Rows,Excluded_Unresolved_Expiry_Rows,Excluded_Expired_Rows,Unknown_Option_Types,Estimated_Expiry_Types,Anomaly_Status,Anomaly_Codes,Anomaly_Details,Anomaly_Baseline_Date
SPX,2000.0,0.0,0.0,0.0,0.0,0.0,0.0,0.0,0.0,7812.103346347588,7686.596653652413,7874.856692695175,7623.843307304825,SEP26,AUG26,2026-08-06,2026-09-18,7749.35,7599.305665762463,FOUND,WARN,UNKNOWN_SERIES;ESTIMATED_EXPIRY_ALIAS,2026-08-02.2,PUT_CALL_PARITY,AUG26,AUG26=PUT_CALL_PARITY;SEP26=PUT_CALL_PARITY;DEC26=PUT_CALL_PARITY;NOV26=PUT_CALL_PARITY;OCT26=PUT_CALL_PARITY;DEC28=PUT_CALL_PARITY;DEC29=PUT_CALL_PARITY;DEC30=PUT_CALL_PARITY;JAN27=PUT_CALL_PARITY;MAR27=PUT_CALL_PARITY;SEP27=PUT_CALL_PARITY;JUN27=PUT_CALL_PARITY;JUN28=SERIES_FORWARD_CLUSTER;DEC27=PUT_CALL_PARITY;MAR28=PUT_CALL_PARITY;FEB27=PUT_CALL_PARITY;APR27=PUT_CALL_PARITY;MAY27=PUT_CALL_PARITY;JUL27=PUT_CALL_PARITY;AUG27=PUT_CALL_PARITY,AUG26=7749.35;SEP26=7753.15;DEC26=7883.5;NOV26=7810.75;OCT26=7815.375;DEC28=8379.75;DEC29=8684.75;DEC30=7840.337;JAN27=7882.5;MAR27=7955;SEP27=8104.25;JUN27=8026.625;JUN28=8918.5;DEC27=8108.25;MAR28=8197;FEB27=7881.125;APR27=7962.25;MAY27=7967.125;JUL27=8047.375;AUG27=8053.25,NONE,WEIGHTED_ATM,2026-08-14,6,441,0.0,NONE,12064,11562,501,0,0,RTM,MDW;MMW;MRW;MTW,OK,NONE,NONE,2026-08-05
SPX,2100.0,0.0,0.0,0.0,0.0,0.0,0.0,0.0,0.0,7812.103346347588,7686.596653652413,7874.856692695175,7623.843307304825,SEP26,AUG26,2026-08-06,2026-09-18,7749.35,7599.305665762463,FOUND,WARN,UNKNOWN_SERIES;ESTIMATED_EXPIRY_ALIAS,2026-08-02.2,PUT_CALL_PARITY,AUG26,AUG26=PUT_CALL_PARITY;SEP26=PUT_CALL_PARITY;DEC26=PUT_CALL_PARITY;NOV26=PUT_CALL_PARITY;OCT26=PUT_CALL_PARITY;DEC28=PUT_CALL_PARITY;DEC29=PUT_CALL_PARITY;DEC30=PUT_CALL_PARITY;JAN27=PUT_CALL_PARITY;MAR27=PUT_CALL_PARITY;SEP27=PUT_CALL_PARITY;JUN27=PUT_CALL_PARITY;JUN28=SERIES_FORWARD_CLUSTER;DEC27=PUT_CALL_PARITY;MAR28=PUT_CALL_PARITY;FEB27=PUT_CALL_PARITY;APR27=PUT_CALL_PARITY;MAY27=PUT_CALL_PARITY;JUL27=PUT_CALL_PARITY;AUG27=PUT_CALL_PARITY,AUG26=7749.35;SEP26=7753.15;DEC26=7883.5;NOV26=7810.75;OCT26=7815.375;DEC28=8379.75;DEC29=8684.75;DEC30=7840.337;JAN27=7882.5;MAR27=7955;SEP27=8104.25;JUN27=8026.625;JUN28=8918.5;DEC27=8108.25;MAR28=8197;FEB27=7881.125;APR27=7962.25;MAY27=7967.125;JUL27=8047.375;AUG27=8053.25,NONE,WEIGHTED_ATM,2026-08-14,6,441,0.0,NONE,12064,11562,501,0,0,RTM,MDW;MMW;MRW;MTW,OK,NONE,NONE,2026-08-05
SPX,2200.0,0.0,0.0,0.0,0.0,0.0,0.0,0.0,0.0,7812.103346347588,7686.596653652413,7874.856692695175,7623.843307304825,SEP26,AUG26,2026-08-06,2026-09-18,7749.35,7599.305665762463,FOUND,WARN,UNKNOWN_SERIES;ESTIMATED_EXPIRY_ALIAS,2026-08-02.2,PUT_CALL_PARITY,AUG26,AUG26=PUT_CALL_PARITY;SEP26=PUT_CALL_PARITY;DEC26=PUT_CALL_PARITY;NOV26=PUT_CALL_PARITY;OCT26=PUT_CALL_PARITY;DEC28=PUT_CALL_PARITY;DEC29=PUT_CALL_PARITY;DEC30=PUT_CALL_PARITY;JAN27=PUT_CALL_PARITY;MAR27=PUT_CALL_PARITY;SEP27=PUT_CALL_PARITY;JUN27=PUT_CALL_PARITY;JUN28=SERIES_FORWARD_CLUSTER;DEC27=PUT_CALL_PARITY;MAR28=PUT_CALL_PARITY;FEB27=PUT_CALL_PARITY;APR27=PUT_CALL_PARITY;MAY27=PUT_CALL_PARITY;JUL27=PUT_CALL_PARITY;AUG27=PUT_CALL_PARITY,AUG26=7749.35;SEP26=7753.15;DEC26=7883.5;NOV26=7810.75;OCT26=7815.375;DEC28=8379.75;DEC29=8684.75;DEC30=7840.337;JAN27=7882.5;MAR27=7955;SEP27=8104.25;JUN27=8026.625;JUN28=8918.5;DEC27=8108.25;MAR28=8197;FEB27=7881.125;APR27=7962.25;MAY27=7967.125;JUL27=8047.375;AUG27=8053.25,NONE,WEIGHTED_ATM,2026-08-14,6,441,0.0,NONE,12064,11562,501,0,0,RTM,MDW;MMW;MRW;MTW,OK,NONE,NONE,2026-08-05
SPX,2300.0,0.0,0.0,0.0,0.0,0.0,0.0,0.0,0.0,7812.103346347588,7686.596653652413,7874.856692695175,7623.843307304825,SEP26,AUG26,2026-08-06,2026-09-18,7749.35,7599.305665762463,FOUND,WARN,UNKNOWN_SERIES;ESTIMATED_EXPIRY_ALIAS,2026-08-02.2,PUT_CALL_PARITY,AUG26,AUG26=PUT_CALL_PARITY;SEP26=PUT_CALL_PARITY;DEC26=PUT_CALL_PARITY;NOV26=PUT_CALL_PARITY;OCT26=PUT_CALL_PARITY;DEC28=PUT_CALL_PARITY;DEC29=PUT_CALL_PARITY;DEC30=PUT_CALL_PARITY;JAN27=PUT_CALL_PARITY;MAR27=PUT_CALL_PARITY;SEP27=PUT_CALL_PARITY;JUN27=PUT_CALL_PARITY;JUN28=SERIES_FORWARD_CLUSTER;DEC27=PUT_CALL_PARITY;MAR28=PUT_CALL_PARITY;FEB27=PUT_CALL_PARITY;APR27=PUT_CALL_PARITY;MAY27=PUT_CALL_PARITY;JUL27=PUT_CALL_PARITY;AUG27=PUT_CALL_PARITY,AUG26=7749.35;SEP26=7753.15;DEC26=7883.5;NOV26=7810.75;OCT26=7815.375;DEC28=8379.75;DEC29=8684.75;DEC30=7840.337;JAN27=7882.5;MAR27=7955;SEP27=8104.25;JUN27=8026.625;JUN28=8918.5;DEC27=8108.25;MAR28=8197;FEB27=7881.125;APR27=7962.25;MAY27=7967.125;JUL27=8047.375;AUG27=8053.25,NONE,WEIGHTED_ATM,2026-08-14,6,441,0.0,NONE,12064,11562,501,0,0,RTM,MDW;MMW;MRW;MTW,OK,NONE,NONE,2026-08-05
SPX,2400.0,0.0,0.0,0.0,0.0,0.0,0.0,0.0,0.0,7812.103346347588,7686.596653652413,7874.856692695175,7623.843307304825,SEP26,AUG26,2026-08-06,2026-09-18,7749.35,7599.305665762463,FOUND,WARN,UNKNOWN_SERIES;ESTIMATED_EXPIRY_ALIAS,2026-08-02.2,PUT_CALL_PARITY,AUG26,AUG26=PUT_CALL_PARITY;SEP26=PUT_CALL_PARITY;DEC26=PUT_CALL_PARITY;NOV26=PUT_CALL_PARITY;OCT26=PUT_CALL_PARITY;DEC28=PUT_CALL_PARITY;DEC29=PUT_CALL_PARITY;DEC30=PUT_CALL_PARITY;JAN27=PUT_CALL_PARITY;MAR27=PUT_CALL_PARITY;SEP27=PUT_CALL_PARITY;JUN27=PUT_CALL_PARITY;JUN28=SERIES_FORWARD_CLUSTER;DEC27=PUT_CALL_PARITY;MAR28=PUT_CALL_PARITY;FEB27=PUT_CALL_PARITY;APR27=PUT_CALL_PARITY;MAY27=PUT_CALL_PARITY;JUL27=PUT_CALL_PARITY;AUG27=PUT_CALL_PARITY,AUG26=7749.35;SEP26=7753.15;DEC26=7883.5;NOV26=7810.75;OCT26=7815.375;DEC28=8379.75;DEC29=8684.75;DEC30=7840.337;JAN27=7882.5;MAR27=7955;SEP27=8104.25;JUN27=8026.625;JUN28=8918.5;DEC27=8108.25;MAR28=8197;FEB27=7881.125;APR27=7962.25;MAY27=7967.125;JUL27=8047.375;AUG27=8053.25,NONE,WEIGHTED_ATM,2026-08-14,6,441,0.0,NONE,12064,11562,501,0,0,RTM,MDW;MMW;MRW;MTW,OK,NONE,NONE,2026-08-05
SPX,2500.0,0.0,0.0,0.0,0.0,0.0,0.0,0.0,0.0,7812.103346347588,7686.596653652413,7874.856692695175,7623.843307304825,SEP26,AUG26,2026-08-06,2026-09-18,7749.35,7599.305665762463,FOUND,WARN,UNKNOWN_SERIES;ESTIMATED_EXPIRY_ALIAS,2026-08-02.2,PUT_CALL_PARITY,AUG26,AUG26=PUT_CALL_PARITY;SEP26=PUT_CALL_PARITY;DEC26=PUT_CALL_PARITY;NOV26=PUT_CALL_PARITY;OCT26=PUT_CALL_PARITY;DEC28=PUT_CALL_PARITY;DEC29=PUT_CALL_PARITY;DEC30=PUT_CALL_PARITY;JAN27=PUT_CALL_PARITY;MAR27=PUT_CALL_PARITY;SEP27=PUT_CALL_PARITY;JUN27=PUT_CALL_PARITY;JUN28=SERIES_FORWARD_CLUSTER;DEC27=PUT_CALL_PARITY;MAR28=PUT_CALL_PARITY;FEB27=PUT_CALL_PARITY;APR27=PUT_CALL_PARITY;MAY27=PUT_CALL_PARITY;JUL27=PUT_CALL_PARITY;AUG27=PUT_CALL_PARITY,AUG26=7749.35;SEP26=7753.15;DEC26=7883.5;NOV26=7810.75;OCT26=7815.375;DEC28=8379.75;DEC29=8684.75;DEC30=7840.337;JAN27=7882.5;MAR27=7955;SEP27=8104.25;JUN27=8026.625;JUN28=8918.5;DEC27=8108.25;MAR28=8197;FEB27=7881.125;APR27=7962.25;MAY27=7967.125;JUL27=8047.375;AUG27=8053.25,NONE,WEIGHTED_ATM,2026-08-14,6,441,0.0,NONE,12064,11562,501,0,0,RTM,MDW;MMW;MRW;MTW,OK,NONE,NONE,2026-08-05
SPX,2600.0,0.0,0.0,0.0,0.0,0.0,0.0,0.0,0.0,7812.103346347588,7686.596653652413,7874.856692695175,7623.843307304825,SEP26,AUG26,2026-08-06,2026-09-18,7749.35,7599.305665762463,FOUND,WARN,UNKNOWN_SERIES;ESTIMATED_EXPIRY_ALIAS,2026-08-02.2,PUT_CALL_PARITY,AUG26,AUG26=PUT_CALL_PARITY;SEP26=PUT_CALL_PARITY;DEC26=PUT_CALL_PARITY;NOV26=PUT_CALL_PARITY;OCT26=PUT_CALL_PARITY;DEC28=PUT_CALL_PARITY;DEC29=PUT_CALL_PARITY;DEC30=PUT_CALL_PARITY;JAN27=PUT_CALL_PARITY;MAR27=PUT_CALL_PARITY;SEP27=PUT_CALL_PARITY;JUN27=PUT_CALL_PARITY;JUN28=SERIES_FORWARD_CLUSTER;DEC27=PUT_CALL_PARITY;MAR28=PUT_CALL_PARITY;FEB27=PUT_CALL_PARITY;APR27=PUT_CALL_PARITY;MAY27=PUT_CALL_PARITY;JUL27=PUT_CALL_PARITY;AUG27=PUT_CALL_PARITY,AUG26=7749.35;SEP26=7753.15;DEC26=7883.5;NOV26=7810.75;OCT26=7815.375;DEC28=8379.75;DEC29=8684.75;DEC30=7840.337;JAN27=7882.5;MAR27=7955;SEP27=8104.25;JUN27=8026.625;JUN28=8918.5;DEC27=8108.25;MAR28=8197;FEB27=7881.125;APR27=7962.25;MAY27=7967.125;JUL27=8047.375;AUG27=8053.25,NONE,WEIGHTED_ATM,2026-08-14,6,441,0.0,NONE,12064,11562,501,0,0,RTM,MDW;MMW;MRW;MTW,OK,NONE,NONE,2026-08-05
SPX,2700.0,0.0,0.0,0.0,0.0,0.0,0.0,0.0,0.0,7812.103346347588,7686.596653652413,7874.856692695175,7623.843307304825,SEP26,AUG26,2026-08-06,2026-09-18,7749.35,7599.305665762463,FOUND,WARN,UNKNOWN_SERIES;ESTIMATED_EXPIRY_ALIAS,2026-08-02.2,PUT_CALL_PARITY,AUG26,AUG26=PUT_CALL_PARITY;SEP26=PUT_CALL_PARITY;DEC26=PUT_CALL_PARITY;NOV26=PUT_CALL_PARITY;OCT26=PUT_CALL_PARITY;DEC28=PUT_CALL_PARITY;DEC29=PUT_CALL_PARITY;DEC30=PUT_CALL_PARITY;JAN27=PUT_CALL_PARITY;MAR27=PUT_CALL_PARITY;SEP27=PUT_CALL_PARITY;JUN27=PUT_CALL_PARITY;JUN28=SERIES_FORWARD_CLUSTER;DEC27=PUT_CALL_PARITY;MAR28=PUT_CALL_PARITY;FEB27=PUT_CALL_PARITY;APR27=PUT_CALL_PARITY;MAY27=PUT_CALL_PARITY;JUL27=PUT_CALL_PARITY;AUG27=PUT_CALL_PARITY,AUG26=7749.35;SEP26=7753.15;DEC26=7883.5;NOV26=7810.75;OCT26=7815.375;DEC28=8379.75;DEC29=8684.75;DEC30=7840.337;JAN27=7882.5;MAR27=7955;SEP27=8104.25;JUN27=8026.625;JUN28=8918.5;DEC27=8108.25;MAR28=8197;FEB27=7881.125;APR27=7962.25;MAY27=7967.125;JUL27=8047.375;AUG27=8053.25,NONE,WEIGHTED_ATM,2026-08-14,6,441,0.0,NONE,12064,11562,501,0,0,RTM,MDW;MMW;MRW;MTW,OK,NONE,NONE,2026-08-05
SPX,2800.0,0.0,0.0,0.0,0.0,0.0,0.0,0.0,0.0,7812.103346347588,7686.596653652413,7874.856692695175,7623.843307304825,SEP26,AUG26,2026-08-06,2026-09-18,7749.35,7599.305665762463,FOUND,WARN,UNKNOWN_SERIES;ESTIMATED_EXPIRY_ALIAS,2026-08-02.2,PUT_CALL_PARITY,AUG26,AUG26=PUT_CALL_PARITY;SEP26=PUT_CALL_PARITY;DEC26=PUT_CALL_PARITY;NOV26=PUT_CALL_PARITY;OCT26=PUT_CALL_PARITY;DEC28=PUT_CALL_PARITY;DEC29=PUT_CALL_PARITY;DEC30=PUT_CALL_PARITY;JAN27=PUT_CALL_PARITY;MAR27=PUT_CALL_PARITY;SEP27=PUT_CALL_PARITY;JUN27=PUT_CALL_PARITY;JUN28=SERIES_FORWARD_CLUSTER;DEC27=PUT_CALL_PARITY;MAR28=PUT_CALL_PARITY;FEB27=PUT_CALL_PARITY;APR27=PUT_CALL_PARITY;MAY27=PUT_CALL_PARITY;JUL27=PUT_CALL_PARITY;AUG27=PUT_CALL_PARITY,AUG26=7749.35;SEP26=7753.15;DEC26=7883.5;NOV26=7810.75;OCT26=7815.375;DEC28=8379.75;DEC29=8684.75;DEC30=7840.337;JAN27=7882.5;MAR27=7955;SEP27=8104.25;JUN27=8026.625;JUN28=8918.5;DEC27=8108.25;MAR28=8197;FEB27=7881.125;APR27=7962.25;MAY27=7967.125;JUL27=8047.375;AUG27=8053.25,NONE,WEIGHTED_ATM,2026-08-14,6,441,0.0,NONE,12064,11562,501,0,0,RTM,MDW;MMW;MRW;MTW,OK,NONE,NONE,2026-08-05
SPX,2900.0,0.0,0.0,0.0,0.0,0.0,0.0,0.0,0.0,7812.103346347588,7686.596653652413,7874.856692695175,7623.843307304825,SEP26,AUG26,2026-08-06,2026-09-18,7749.35,7599.305665762463,FOUND,WARN,UNKNOWN_SERIES;ESTIMATED_EXPIRY_ALIAS,2026-08-02.2,PUT_CALL_PARITY,AUG26,AUG26=PUT_CALL_PARITY;SEP26=PUT_CALL_PARITY;DEC26=PUT_CALL_PARITY;NOV26=PUT_CALL_PARITY;OCT26=PUT_CALL_PARITY;DEC28=PUT_CALL_PARITY;DEC29=PUT_CALL_PARITY;DEC30=PUT_CALL_PARITY;JAN27=PUT_CALL_PARITY;MAR27=PUT_CALL_PARITY;SEP27=PUT_CALL_PARITY;JUN27=PUT_CALL_PARITY;JUN28=SERIES_FORWARD_CLUSTER;DEC27=PUT_CALL_PARITY;MAR28=PUT_CALL_PARITY;FEB27=PUT_CALL_PARITY;APR27=PUT_CALL_PARITY;MAY27=PUT_CALL_PARITY;JUL27=PUT_CALL_PARITY;AUG27=PUT_CALL_PARITY,AUG26=7749.35;SEP26=7753.15;DEC26=7883.5;NOV26=7810.75;OCT26=7815.375;DEC28=8379.75;DEC29=8684.75;DEC30=7840.337;JAN27=7882.5;MAR27=7955;SEP27=8104.25;JUN27=8026.625;JUN28=8918.5;DEC27=8108.25;MAR28=8197;FEB27=7881.125;APR27=7962.25;MAY27=7967.125;JUL27=8047.375;AUG27=8053.25,NONE,WEIGHTED_ATM,2026-08-14,6,441,0.0,NONE,12064,11562,501,0,0,RTM,MDW;MMW;MRW;MTW,OK,NONE,NONE,2026-08-05
SPX,3000.0,0.0,0.0,0.0,0.0,0.0,0.0,0.0,0.0,7812.103346347588,7686.596653652413,7874.856692695175,7623.843307304825,SEP26,AUG26,2026-08-06,2026-09-18,7749.35,7599.305665762463,FOUND,WARN,UNKNOWN_SERIES;ESTIMATED_EXPIRY_ALIAS,2026-08-02.2,PUT_CALL_PARITY,AUG26,AUG26=PUT_CALL_PARITY;SEP26=PUT_CALL_PARITY;DEC26=PUT_CALL_PARITY;NOV26=PUT_CALL_PARITY;OCT26=PUT_CALL_PARITY;DEC28=PUT_CALL_PARITY;DEC29=PUT_CALL_PARITY;DEC30=PUT_CALL_PARITY;JAN27=PUT_CALL_PARITY;MAR27=PUT_CALL_PARITY;SEP27=PUT_CALL_PARITY;JUN27=PUT_CALL_PARITY;JUN28=SERIES_FORWARD_CLUSTER;DEC27=PUT_CALL_PARITY;MAR28=PUT_CALL_PARITY;FEB27=PUT_CALL_PARITY;APR27=PUT_CALL_PARITY;MAY27=PUT_CALL_PARITY;JUL27=PUT_CALL_PARITY;AUG27=PUT_CALL_PARITY,AUG26=7749.35;SEP26=7753.15;DEC26=7883.5;NOV26=7810.75;OCT26=7815.375;DEC28=8379.75;DEC29=8684.75;DEC30=7840.337;JAN27=7882.5;MAR27=7955;SEP27=8104.25;JUN27=8026.625;JUN28=8918.5;DEC27=8108.25;MAR28=8197;FEB27=7881.125;APR27=7962.25;MAY27=7967.125;JUL27=8047.375;AUG27=8053.25,NONE,WEIGHTED_ATM,2026-08-14,6,441,0.0,NONE,12064,11562,501,0,0,RTM,MDW;MMW;MRW;MTW,OK,NONE,NONE,2026-08-05
SPX,3100.0,0.0,0.0,0.0,0.0,0.0,0.0,0.0,0.0,7812.103346347588,7686.596653652413,7874.856692695175,7623.843307304825,SEP26,AUG26,2026-08-06,2026-09-18,7749.35,7599.305665762463,FOUND,WARN,UNKNOWN_SERIES;ESTIMATED_EXPIRY_ALIAS,2026-08-02.2,PUT_CALL_PARITY,AUG26,AUG26=PUT_CALL_PARITY;SEP26=PUT_CALL_PARITY;DEC26=PUT_CALL_PARITY;NOV26=PUT_CALL_PARITY;OCT26=PUT_CALL_PARITY;DEC28=PUT_CALL_PARITY;DEC29=PUT_CALL_PARITY;DEC30=PUT_CALL_PARITY;JAN27=PUT_CALL_PARITY;MAR27=PUT_CALL_PARITY;SEP27=PUT_CALL_PARITY;JUN27=PUT_CALL_PARITY;JUN28=SERIES_FORWARD_CLUSTER;DEC27=PUT_CALL_PARITY;MAR28=PUT_CALL_PARITY;FEB27=PUT_CALL_PARITY;APR27=PUT_CALL_PARITY;MAY27=PUT_CALL_PARITY;JUL27=PUT_CALL_PARITY;AUG27=PUT_CALL_PARITY,AUG26=7749.35;SEP26=7753.15;DEC26=7883.5;NOV26=7810.75;OCT26=7815.375;DEC28=8379.75;DEC29=8684.75;DEC30=7840.337;JAN27=7882.5;MAR27=7955;SEP27=8104.25;JUN27=8026.625;JUN28=8918.5;DEC27=8108.25;MAR28=8197;FEB27=7881.125;APR27=7962.25;MAY27=7967.125;JUL27=8047.375;AUG27=8053.25,NONE,WEIGHTED_ATM,2026-08-14,6,441,0.0,NONE,12064,11562,501,0,0,RTM,MDW;MMW;MRW;MTW,OK,NONE,NONE,2026-08-05
SPX,3200.0,0.0,0.0,0.0,0.0,0.0,0.0,0.0,0.0,7812.103346347588,7686.596653652413,7874.856692695175,7623.843307304825,SEP26,AUG26,2026-08-06,2026-09-18,7749.35,7599.305665762463,FOUND,WARN,UNKNOWN_SERIES;ESTIMATED_EXPIRY_ALIAS,2026-08-02.2,PUT_CALL_PARITY,AUG26,AUG26=PUT_CALL_PARITY;SEP26=PUT_CALL_PARITY;DEC26=PUT_CALL_PARITY;NOV26=PUT_CALL_PARITY;OCT26=PUT_CALL_PARITY;DEC28=PUT_CALL_PARITY;DEC29=PUT_CALL_PARITY;DEC30=PUT_CALL_PARITY;JAN27=PUT_CALL_PARITY;MAR27=PUT_CALL_PARITY;SEP27=PUT_CALL_PARITY;JUN27=PUT_CALL_PARITY;JUN28=SERIES_FORWARD_CLUSTER;DEC27=PUT_CALL_PARITY;MAR28=PUT_CALL_PARITY;FEB27=PUT_CALL_PARITY;APR27=PUT_CALL_PARITY;MAY27=PUT_CALL_PARITY;JUL27=PUT_CALL_PARITY;AUG27=PUT_CALL_PARITY,AUG26=7749.35;SEP26=7753.15;DEC26=7883.5;NOV26=7810.75;OCT26=7815.375;DEC28=8379.75;DEC29=8684.75;DEC30=7840.337;JAN27=7882.5;MAR27=7955;SEP27=8104.25;JUN27=8026.625;JUN28=8918.5;DEC27=8108.25;MAR28=8197;FEB27=7881.125;APR27=7962.25;MAY27=7967.125;JUL27=8047.375;AUG27=8053.25,NONE,WEIGHTED_ATM,2026-08-14,6,441,0.0,NONE,12064,11562,501,0,0,RTM,MDW;MMW;MRW;MTW,OK,NONE,NONE,2026-08-05
SPX,3300.0,0.0,0.0,0.0,0.0,0.0,0.0,0.0,0.0,7812.103346347588,7686.596653652413,7874.856692695175,7623.843307304825,SEP26,AUG26,2026-08-06,2026-09-18,7749.35,7599.305665762463,FOUND,WARN,UNKNOWN_SERIES;ESTIMATED_EXPIRY_ALIAS,2026-08-02.2,PUT_CALL_PARITY,AUG26,AUG26=PUT_CALL_PARITY;SEP26=PUT_CALL_PARITY;DEC26=PUT_CALL_PARITY;NOV26=PUT_CALL_PARITY;OCT26=PUT_CALL_PARITY;DEC28=PUT_CALL_PARITY;DEC29=PUT_CALL_PARITY;DEC30=PUT_CALL_PARITY;JAN27=PUT_CALL_PARITY;MAR27=PUT_CALL_PARITY;SEP27=PUT_CALL_PARITY;JUN27=PUT_CALL_PARITY;JUN28=SERIES_FORWARD_CLUSTER;DEC27=PUT_CALL_PARITY;MAR28=PUT_CALL_PARITY;FEB27=PUT_CALL_PARITY;APR27=PUT_CALL_PARITY;MAY27=PUT_CALL_PARITY;JUL27=PUT_CALL_PARITY;AUG27=PUT_CALL_PARITY,AUG26=7749.35;SEP26=7753.15;DEC26=7883.5;NOV26=7810.75;OCT26=7815.375;DEC28=8379.75;DEC29=8684.75;DEC30=7840.337;JAN27=7882.5;MAR27=7955;SEP27=8104.25;JUN27=8026.625;JUN28=8918.5;DEC27=8108.25;MAR28=8197;FEB27=7881.125;APR27=7962.25;MAY27=7967.125;JUL27=8047.375;AUG27=8053.25,NONE,WEIGHTED_ATM,2026-08-14,6,441,0.0,NONE,12064,11562,501,0,0,RTM,MDW;MMW;MRW;MTW,OK,NONE,NONE,2026-08-05
SPX,3400.0,0.0,0.0,0.0,0.0,0.0,0.0,0.0,0.0,7812.103346347588,7686.596653652413,7874.856692695175,7623.843307304825,SEP26,AUG26,2026-08-06,2026-09-18,7749.35,7599.305665762463,FOUND,WARN,UNKNOWN_SERIES;ESTIMATED_EXPIRY_ALIAS,2026-08-02.2,PUT_CALL_PARITY,AUG26,AUG26=PUT_CALL_PARITY;SEP26=PUT_CALL_PARITY;DEC26=PUT_CALL_PARITY;NOV26=PUT_CALL_PARITY;OCT26=PUT_CALL_PARITY;DEC28=PUT_CALL_PARITY;DEC29=PUT_CALL_PARITY;DEC30=PUT_CALL_PARITY;JAN27=PUT_CALL_PARITY;MAR27=PUT_CALL_PARITY;SEP27=PUT_CALL_PARITY;JUN27=PUT_CALL_PARITY;JUN28=SERIES_FORWARD_CLUSTER;DEC27=PUT_CALL_PARITY;MAR28=PUT_CALL_PARITY;FEB27=PUT_CALL_PARITY;APR27=PUT_CALL_PARITY;MAY27=PUT_CALL_PARITY;JUL27=PUT_CALL_PARITY;AUG27=PUT_CALL_PARITY,AUG26=7749.35;SEP26=7753.15;DEC26=7883.5;NOV26=7810.75;OCT26=7815.375;DEC28=8379.75;DEC29=8684.75;DEC30=7840.337;JAN27=7882.5;MAR27=7955;SEP27=8104.25;JUN27=8026.625;JUN28=8918.5;DEC27=8108.25;MAR28=8197;FEB27=7881.125;APR27=7962.25;MAY27=7967.125;JUL27=8047.375;AUG27=8053.25,NONE,WEIGHTED_ATM,2026-08-14,6,441,0.0,NONE,12064,11562,501,0,0,RTM,MDW;MMW;MRW;MTW,OK,NONE,NONE,2026-08-05
SPX,3500.0,0.0,0.0,0.0,0.0,0.0,0.0,0.0,0.0,7812.103346347588,7686.596653652413,7874.856692695175,7623.843307304825,SEP26,AUG26,2026-08-06,2026-09-18,7749.35,7599.305665762463,FOUND,WARN,UNKNOWN_SERIES;ESTIMATED_EXPIRY_ALIAS,2026-08-02.2,PUT_CALL_PARITY,AUG26,AUG26=PUT_CALL_PARITY;SEP26=PUT_CALL_PARITY;DEC26=PUT_CALL_PARITY;NOV26=PUT_CALL_PARITY;OCT26=PUT_CALL_PARITY;DEC28=PUT_CALL_PARITY;DEC29=PUT_CALL_PARITY;DEC30=PUT_CALL_PARITY;JAN27=PUT_CALL_PARITY;MAR27=PUT_CALL_PARITY;SEP27=PUT_CALL_PARITY;JUN27=PUT_CALL_PARITY;JUN28=SERIES_FORWARD_CLUSTER;DEC27=PUT_CALL_PARITY;MAR28=PUT_CALL_PARITY;FEB27=PUT_CALL_PARITY;APR27=PUT_CALL_PARITY;MAY27=PUT_CALL_PARITY;JUL27=PUT_CALL_PARITY;AUG27=PUT_CALL_PARITY,AUG26=7749.35;SEP26=7753.15;DEC26=7883.5;NOV26=7810.75;OCT26=7815.375;DEC28=8379.75;DEC29=8684.75;DEC30=7840.337;JAN27=7882.5;MAR27=7955;SEP27=8104.25;JUN27=8026.625;JUN28=8918.5;DEC27=8108.25;MAR28=8197;FEB27=7881.125;APR27=7962.25;MAY27=7967.125;JUL27=8047.375;AUG27=8053.25,NONE,WEIGHTED_ATM,2026-08-14,6,441,0.0,NONE,12064,11562,501,0,0,RTM,MDW;MMW;MRW;MTW,OK,NONE,NONE,2026-08-05
SPX,3600.0,0.0,0.0,0.0,0.0,0.0,0.0,0.0,0.0,7812.103346347588,7686.596653652413,7874.856692695175,7623.843307304825,SEP26,AUG26,2026-08-06,2026-09-18,7749.35,7599.305665762463,FOUND,WARN,UNKNOWN_SERIES;ESTIMATED_EXPIRY_ALIAS,2026-08-02.2,PUT_CALL_PARITY,AUG26,AUG26=PUT_CALL_PARITY;SEP26=PUT_CALL_PARITY;DEC26=PUT_CALL_PARITY;NOV26=PUT_CALL_PARITY;OCT26=PUT_CALL_PARITY;DEC28=PUT_CALL_PARITY;DEC29=PUT_CALL_PARITY;DEC30=PUT_CALL_PARITY;JAN27=PUT_CALL_PARITY;MAR27=PUT_CALL_PARITY;SEP27=PUT_CALL_PARITY;JUN27=PUT_CALL_PARITY;JUN28=SERIES_FORWARD_CLUSTER;DEC27=PUT_CALL_PARITY;MAR28=PUT_CALL_PARITY;FEB27=PUT_CALL_PARITY;APR27=PUT_CALL_PARITY;MAY27=PUT_CALL_PARITY;JUL27=PUT_CALL_PARITY;AUG27=PUT_CALL_PARITY,AUG26=7749.35;SEP26=7753.15;DEC26=7883.5;NOV26=7810.75;OCT26=7815.375;DEC28=8379.75;DEC29=8684.75;DEC30=7840.337;JAN27=7882.5;MAR27=7955;SEP27=8104.25;JUN27=8026.625;JUN28=8918.5;DEC27=8108.25;MAR28=8197;FEB27=7881.125;APR27=7962.25;MAY27=7967.125;JUL27=8047.375;AUG27=8053.25,NONE,WEIGHTED_ATM,2026-08-14,6,441,0.0,NONE,12064,11562,501,0,0,RTM,MDW;MMW;MRW;MTW,OK,NONE,NONE,2026-08-05
SPX,3650.0,0.0,0.0,0.0,0.0,0.0,0.0,0.0,0.0,7812.103346347588,7686.596653652413,7874.856692695175,7623.843307304825,SEP26,AUG26,2026-08-06,2026-09-18,7749.35,7599.305665762463,FOUND,WARN,UNKNOWN_SERIES;ESTIMATED_EXPIRY_ALIAS,2026-08-02.2,PUT_CALL_PARITY,AUG26,AUG26=PUT_CALL_PARITY;SEP26=PUT_CALL_PARITY;DEC26=PUT_CALL_PARITY;NOV26=PUT_CALL_PARITY;OCT26=PUT_CALL_PARITY;DEC28=PUT_CALL_PARITY;DEC29=PUT_CALL_PARITY;DEC30=PUT_CALL_PARITY;JAN27=PUT_CALL_PARITY;MAR27=PUT_CALL_PARITY;SEP27=PUT_CALL_PARITY;JUN27=PUT_CALL_PARITY;JUN28=SERIES_FORWARD_CLUSTER;DEC27=PUT_CALL_PARITY;MAR28=PUT_CALL_PARITY;FEB27=PUT_CALL_PARITY;APR27=PUT_CALL_PARITY;MAY27=PUT_CALL_PARITY;JUL27=PUT_CALL_PARITY;AUG27=PUT_CALL_PARITY,AUG26=7749.35;SEP26=7753.15;DEC26=7883.5;NOV26=7810.75;OCT26=7815.375;DEC28=8379.75;DEC29=8684.75;DEC30=7840.337;JAN27=7882.5;MAR27=7955;SEP27=8104.25;JUN27=8026.625;JUN28=8918.5;DEC27=8108.25;MAR28=8197;FEB27=7881.125;APR27=7962.25;MAY27=7967.125;JUL27=8047.375;AUG27=8053.25,NONE,WEIGHTED_ATM,2026-08-14,6,441,0.0,NONE,12064,11562,501,0,0,RTM,MDW;MMW;MRW;MTW,OK,NONE,NONE,2026-08-05
SPX,3700.0,0.0,0.0,0.0,0.0,0.0,0.0,0.0,0.0,7812.103346347588,7686.596653652413,7874.856692695175,7623.843307304825,SEP26,AUG26,2026-08-06,2026-09-18,7749.35,7599.305665762463,FOUND,WARN,UNKNOWN_SERIES;ESTIMATED_EXPIRY_ALIAS,2026-08-02.2,PUT_CALL_PARITY,AUG26,AUG26=PUT_CALL_PARITY;SEP26=PUT_CALL_PARITY;DEC26=PUT_CALL_PARITY;NOV26=PUT_CALL_PARITY;OCT26=PUT_CALL_PARITY;DEC28=PUT_CALL_PARITY;DEC29=PUT_CALL_PARITY;DEC30=PUT_CALL_PARITY;JAN27=PUT_CALL_PARITY;MAR27=PUT_CALL_PARITY;SEP27=PUT_CALL_PARITY;JUN27=PUT_CALL_PARITY;JUN28=SERIES_FORWARD_CLUSTER;DEC27=PUT_CALL_PARITY;MAR28=PUT_CALL_PARITY;FEB27=PUT_CALL_PARITY;APR27=PUT_CALL_PARITY;MAY27=PUT_CALL_PARITY;JUL27=PUT_CALL_PARITY;AUG27=PUT_CALL_PARITY,AUG26=7749.35;SEP26=7753.15;DEC26=7883.5;NOV26=7810.75;OCT26=7815.375;DEC28=8379.75;DEC29=8684.75;DEC30=7840.337;JAN27=7882.5;MAR27=7955;SEP27=8104.25;JUN27=8026.625;JUN28=8918.5;DEC27=8108.25;MAR28=8197;FEB27=7881.125;APR27=7962.25;MAY27=7967.125;JUL27=8047.375;AUG27=8053.25,NONE,WEIGHTED_ATM,2026-08-14,6,441,0.0,NONE,12064,11562,501,0,0,RTM,MDW;MMW;MRW;MTW,OK,NONE,NONE,2026-08-05
SPX,3750.0,0.0,0.0,0.0,0.0,0.0,0.0,0.0,0.0,7812.103346347588,7686.596653652413,7874.856692695175,7623.843307304825,SEP26,AUG26,2026-08-06,2026-09-18,7749.35,7599.305665762463,FOUND,WARN,UNKNOWN_SERIES;ESTIMATED_EXPIRY_ALIAS,2026-08-02.2,PUT_CALL_PARITY,AUG26,AUG26=PUT_CALL_PARITY;SEP26=PUT_CALL_PARITY;DEC26=PUT_CALL_PARITY;NOV26=PUT_CALL_PARITY;OCT26=PUT_CALL_PARITY;DEC28=PUT_CALL_PARITY;DEC29=PUT_CALL_PARITY;DEC30=PUT_CALL_PARITY;JAN27=PUT_CALL_PARITY;MAR27=PUT_CALL_PARITY;SEP27=PUT_CALL_PARITY;JUN27=PUT_CALL_PARITY;JUN28=SERIES_FORWARD_CLUSTER;DEC27=PUT_CALL_PARITY;MAR28=PUT_CALL_PARITY;FEB27=PUT_CALL_PARITY;APR27=PUT_CALL_PARITY;MAY27=PUT_CALL_PARITY;JUL27=PUT_CALL_PARITY;AUG27=PUT_CALL_PARITY,AUG26=7749.35;SEP26=7753.15;DEC26=7883.5;NOV26=7810.75;OCT26=7815.375;DEC28=8379.75;DEC29=8684.75;DEC30=7840.337;JAN27=7882.5;MAR27=7955;SEP27=8104.25;JUN27=8026.625;JUN28=8918.5;DEC27=8108.25;MAR28=8197;FEB27=7881.125;APR27=7962.25;MAY27=7967.125;JUL27=8047.375;AUG27=8053.25,NONE,WEIGHTED_ATM,2026-08-14,6,441,0.0,NONE,12064,11562,501,0,0,RTM,MDW;MMW;MRW;MTW,OK,NONE,NONE,2026-08-05
SPX,3800.0,0.0,0.0,0.0,0.0,0.0,0.0,0.0,0.0,7812.103346347588,7686.596653652413,7874.856692695175,7623.843307304825,SEP26,AUG26,2026-08-06,2026-09-18,7749.35,7599.305665762463,FOUND,WARN,UNKNOWN_SERIES;ESTIMATED_EXPIRY_ALIAS,2026-08-02.2,PUT_CALL_PARITY,AUG26,AUG26=PUT_CALL_PARITY;SEP26=PUT_CALL_PARITY;DEC26=PUT_CALL_PARITY;NOV26=PUT_CALL_PARITY;OCT26=PUT_CALL_PARITY;DEC28=PUT_CALL_PARITY;DEC29=PUT_CALL_PARITY;DEC30=PUT_CALL_PARITY;JAN27=PUT_CALL_PARITY;MAR27=PUT_CALL_PARITY;SEP27=PUT_CALL_PARITY;JUN27=PUT_CALL_PARITY;JUN28=SERIES_FORWARD_CLUSTER;DEC27=PUT_CALL_PARITY;MAR28=PUT_CALL_PARITY;FEB27=PUT_CALL_PARITY;APR27=PUT_CALL_PARITY;MAY27=PUT_CALL_PARITY;JUL27=PUT_CALL_PARITY;AUG27=PUT_CALL_PARITY,AUG26=7749.35;SEP26=7753.15;DEC26=7883.5;NOV26=7810.75;OCT26=7815.375;DEC28=8379.75;DEC29=8684.75;DEC30=7840.337;JAN27=7882.5;MAR27=7955;SEP27=8104.25;JUN27=8026.625;JUN28=8918.5;DEC27=8108.25;MAR28=8197;FEB27=7881.125;APR27=7962.25;MAY27=7967.125;JUL27=8047.375;AUG27=8053.25,NONE,WEIGHTED_ATM,2026-08-14,6,441,0.0,NONE,12064,11562,501,0,0,RTM,MDW;MMW;MRW;MTW,OK,NONE,NONE,2026-08-05
SPX,3850.0,0.0,0.0,0.0,0.0,0.0,0.0,0.0,0.0,7812.103346347588,7686.596653652413,7874.856692695175,7623.843307304825,SEP26,AUG26,2026-08-06,2026-09-18,7749.35,7599.305665762463,FOUND,WARN,UNKNOWN_SERIES;ESTIMATED_EXPIRY_ALIAS,2026-08-02.2,PUT_CALL_PARITY,AUG26,AUG26=PUT_CALL_PARITY;SEP26=PUT_CALL_PARITY;DEC26=PUT_CALL_PARITY;NOV26=PUT_CALL_PARITY;OCT26=PUT_CALL_PARITY;DEC28=PUT_CALL_PARITY;DEC29=PUT_CALL_PARITY;DEC30=PUT_CALL_PARITY;JAN27=PUT_CALL_PARITY;MAR27=PUT_CALL_PARITY;SEP27=PUT_CALL_PARITY;JUN27=PUT_CALL_PARITY;JUN28=SERIES_FORWARD_CLUSTER;DEC27=PUT_CALL_PARITY;MAR28=PUT_CALL_PARITY;FEB27=PUT_CALL_PARITY;APR27=PUT_CALL_PARITY;MAY27=PUT_CALL_PARITY;JUL27=PUT_CALL_PARITY;AUG27=PUT_CALL_PARITY,AUG26=7749.35;SEP26=7753.15;DEC26=7883.5;NOV26=7810.75;OCT26=7815.375;DEC28=8379.75;DEC29=8684.75;DEC30=7840.337;JAN27=7882.5;MAR27=7955;SEP27=8104.25;JUN27=8026.625;JUN28=8918.5;DEC27=8108.25;MAR28=8197;FEB27=7881.125;APR27=7962.25;MAY27=7967.125;JUL27=8047.375;AUG27=8053.25,NONE,WEIGHTED_ATM,2026-08-14,6,441,0.0,NONE,12064,11562,501,0,0,RTM,MDW;MMW;MRW;MTW,OK,NONE,NONE,2026-08-05
SPX,3900.0,0.0,0.0,0.0,0.0,0.0,0.0,0.0,0.0,7812.103346347588,7686.596653652413,7874.856692695175,7623.843307304825,SEP26,AUG26,2026-08-06,2026-09-18,7749.35,7599.305665762463,FOUND,WARN,UNKNOWN_SERIES;ESTIMATED_EXPIRY_ALIAS,2026-08-02.2,PUT_CALL_PARITY,AUG26,AUG26=PUT_CALL_PARITY;SEP26=PUT_CALL_PARITY;DEC26=PUT_CALL_PARITY;NOV26=PUT_CALL_PARITY;OCT26=PUT_CALL_PARITY;DEC28=PUT_CALL_PARITY;DEC29=PUT_CALL_PARITY;DEC30=PUT_CALL_PARITY;JAN27=PUT_CALL_PARITY;MAR27=PUT_CALL_PARITY;SEP27=PUT_CALL_PARITY;JUN27=PUT_CALL_PARITY;JUN28=SERIES_FORWARD_CLUSTER;DEC27=PUT_CALL_PARITY;MAR28=PUT_CALL_PARITY;FEB27=PUT_CALL_PARITY;APR27=PUT_CALL_PARITY;MAY27=PUT_CALL_PARITY;JUL27=PUT_CALL_PARITY;AUG27=PUT_CALL_PARITY,AUG26=7749.35;SEP26=7753.15;DEC26=7883.5;NOV26=7810.75;OCT26=7815.375;DEC28=8379.75;DEC29=8684.75;DEC30=7840.337;JAN27=7882.5;MAR27=7955;SEP27=8104.25;JUN27=8026.625;JUN28=8918.5;DEC27=8108.25;MAR28=8197;FEB27=7881.125;APR27=7962.25;MAY27=7967.125;JUL27=8047.375;AUG27=8053.25,NONE,WEIGHTED_ATM,2026-08-14,6,441,0.0,NONE,12064,11562,501,0,0,RTM,MDW;MMW;MRW;MTW,OK,NONE,NONE,2026-08-05
SPX,3950.0,0.0,0.0,0.0,0.0,0.0,0.0,0.0,0.0,7812.103346347588,7686.596653652413,7874.856692695175,7623.843307304825,SEP26,AUG26,2026-08-06,2026-09-18,7749.35,7599.305665762463,FOUND,WARN,UNKNOWN_SERIES;ESTIMATED_EXPIRY_ALIAS,2026-08-02.2,PUT_CALL_PARITY,AUG26,AUG26=PUT_CALL_PARITY;SEP26=PUT_CALL_PARITY;DEC26=PUT_CALL_PARITY;NOV26=PUT_CALL_PARITY;OCT26=PUT_CALL_PARITY;DEC28=PUT_CALL_PARITY;DEC29=PUT_CALL_PARITY;DEC30=PUT_CALL_PARITY;JAN27=PUT_CALL_PARITY;MAR27=PUT_CALL_PARITY;SEP27=PUT_CALL_PARITY;JUN27=PUT_CALL_PARITY;JUN28=SERIES_FORWARD_CLUSTER;DEC27=PUT_CALL_PARITY;MAR28=PUT_CALL_PARITY;FEB27=PUT_CALL_PARITY;APR27=PUT_CALL_PARITY;MAY27=PUT_CALL_PARITY;JUL27=PUT_CALL_PARITY;AUG27=PUT_CALL_PARITY,AUG26=7749.35;SEP26=7753.15;DEC26=7883.5;NOV26=7810.75;OCT26=7815.375;DEC28=8379.75;DEC29=8684.75;DEC30=7840.337;JAN27=7882.5;MAR27=7955;SEP27=8104.25;JUN27=8026.625;JUN28=8918.5;DEC27=8108.25;MAR28=8197;FEB27=7881.125;APR27=7962.25;MAY27=7967.125;JUL27=8047.375;AUG27=8053.25,NONE,WEIGHTED_ATM,2026-08-14,6,441,0.0,NONE,12064,11562,501,0,0,RTM,MDW;MMW;MRW;MTW,OK,NONE,NONE,2026-08-05
SPX,4000.0,0.0,0.0,0.0,0.0,0.0,0.0,0.0,0.0,7812.103346347588,7686.596653652413,7874.856692695175,7623.843307304825,SEP26,AUG26,2026-08-06,2026-09-18,7749.35,7599.305665762463,FOUND,WARN,UNKNOWN_SERIES;ESTIMATED_EXPIRY_ALIAS,2026-08-02.2,PUT_CALL_PARITY,AUG26,AUG26=PUT_CALL_PARITY;SEP26=PUT_CALL_PARITY;DEC26=PUT_CALL_PARITY;NOV26=PUT_CALL_PARITY;OCT26=PUT_CALL_PARITY;DEC28=PUT_CALL_PARITY;DEC29=PUT_CALL_PARITY;DEC30=PUT_CALL_PARITY;JAN27=PUT_CALL_PARITY;MAR27=PUT_CALL_PARITY;SEP27=PUT_CALL_PARITY;JUN27=PUT_CALL_PARITY;JUN28=SERIES_FORWARD_CLUSTER;DEC27=PUT_CALL_PARITY;MAR28=PUT_CALL_PARITY;FEB27=PUT_CALL_PARITY;APR27=PUT_CALL_PARITY;MAY27=PUT_CALL_PARITY;JUL27=PUT_CALL_PARITY;AUG27=PUT_CALL_PARITY,AUG26=7749.35;SEP26=7753.15;DEC26=7883.5;NOV26=7810.75;OCT26=7815.375;DEC28=8379.75;DEC29=8684.75;DEC30=7840.337;JAN27=7882.5;MAR27=7955;SEP27=8104.25;JUN27=8026.625;JUN28=8918.5;DEC27=8108.25;MAR28=8197;FEB27=7881.125;APR27=7962.25;MAY27=7967.125;JUL27=8047.375;AUG27=8053.25,NONE,WEIGHTED_ATM,2026-08-14,6,441,0.0,NONE,12064,11562,501,0,0,RTM,MDW;MMW;MRW;MTW,OK,NONE,NONE,2026-08-05
SPX,4050.0,0.0,0.0,0.0,0.0,0.0,0.0,0.0,0.0,7812.103346347588,7686.596653652413,7874.856692695175,7623.843307304825,SEP26,AUG26,2026-08-06,2026-09-18,7749.35,7599.305665762463,FOUND,WARN,UNKNOWN_SERIES;ESTIMATED_EXPIRY_ALIAS,2026-08-02.2,PUT_CALL_PARITY,AUG26,AUG26=PUT_CALL_PARITY;SEP26=PUT_CALL_PARITY;DEC26=PUT_CALL_PARITY;NOV26=PUT_CALL_PARITY;OCT26=PUT_CALL_PARITY;DEC28=PUT_CALL_PARITY;DEC29=PUT_CALL_PARITY;DEC30=PUT_CALL_PARITY;JAN27=PUT_CALL_PARITY;MAR27=PUT_CALL_PARITY;SEP27=PUT_CALL_PARITY;JUN27=PUT_CALL_PARITY;JUN28=SERIES_FORWARD_CLUSTER;DEC27=PUT_CALL_PARITY;MAR28=PUT_CALL_PARITY;FEB27=PUT_CALL_PARITY;APR27=PUT_CALL_PARITY;MAY27=PUT_CALL_PARITY;JUL27=PUT_CALL_PARITY;AUG27=PUT_CALL_PARITY,AUG26=7749.35;SEP26=7753.15;DEC26=7883.5;NOV26=7810.75;OCT26=7815.375;DEC28=8379.75;DEC29=8684.75;DEC30=7840.337;JAN27=7882.5;MAR27=7955;SEP27=8104.25;JUN27=8026.625;JUN28=8918.5;DEC27=8108.25;MAR28=8197;FEB27=7881.125;APR27=7962.25;MAY27=7967.125;JUL27=8047.375;AUG27=8053.25,NONE,WEIGHTED_ATM,2026-08-14,6,441,0.0,NONE,12064,11562,501,0,0,RTM,MDW;MMW;MRW;MTW,OK,NONE,NONE,2026-08-05
SPX,4100.0,0.0,0.0,0.0,0.0,0.0,0.0,0.0,0.0,7812.103346347588,7686.596653652413,7874.856692695175,7623.843307304825,SEP26,AUG26,2026-08-06,2026-09-18,7749.35,7599.305665762463,FOUND,WARN,UNKNOWN_SERIES;ESTIMATED_EXPIRY_ALIAS,2026-08-02.2,PUT_CALL_PARITY,AUG26,AUG26=PUT_CALL_PARITY;SEP26=PUT_CALL_PARITY;DEC26=PUT_CALL_PARITY;NOV26=PUT_CALL_PARITY;OCT26=PUT_CALL_PARITY;DEC28=PUT_CALL_PARITY;DEC29=PUT_CALL_PARITY;DEC30=PUT_CALL_PARITY;JAN27=PUT_CALL_PARITY;MAR27=PUT_CALL_PARITY;SEP27=PUT_CALL_PARITY;JUN27=PUT_CALL_PARITY;JUN28=SERIES_FORWARD_CLUSTER;DEC27=PUT_CALL_PARITY;MAR28=PUT_CALL_PARITY;FEB27=PUT_CALL_PARITY;APR27=PUT_CALL_PARITY;MAY27=PUT_CALL_PARITY;JUL27=PUT_CALL_PARITY;AUG27=PUT_CALL_PARITY,AUG26=7749.35;SEP26=7753.15;DEC26=7883.5;NOV26=7810.75;OCT26=7815.375;DEC28=8379.75;DEC29=8684.75;DEC30=7840.337;JAN27=7882.5;MAR27=7955;SEP27=8104.25;JUN27=8026.625;JUN28=8918.5;DEC27=8108.25;MAR28=8197;FEB27=7881.125;APR27=7962.25;MAY27=7967.125;JUL27=8047.375;AUG27=8053.25,NONE,WEIGHTED_ATM,2026-08-14,6,441,0.0,NONE,12064,11562,501,0,0,RTM,MDW;MMW;MRW;MTW,OK,NONE,NONE,2026-08-05
SPX,4150.0,0.0,0.0,0.0,0.0,0.0,0.0,0.0,0.0,7812.103346347588,7686.596653652413,7874.856692695175,7623.843307304825,SEP26,AUG26,2026-08-06,2026-09-18,7749.35,7599.305665762463,FOUND,WARN,UNKNOWN_SERIES;ESTIMATED_EXPIRY_ALIAS,2026-08-02.2,PUT_CALL_PARITY,AUG26,AUG26=PUT_CALL_PARITY;SEP26=PUT_CALL_PARITY;DEC26=PUT_CALL_PARITY;NOV26=PUT_CALL_PARITY;OCT26=PUT_CALL_PARITY;DEC28=PUT_CALL_PARITY;DEC29=PUT_CALL_PARITY;DEC30=PUT_CALL_PARITY;JAN27=PUT_CALL_PARITY;MAR27=PUT_CALL_PARITY;SEP27=PUT_CALL_PARITY;JUN27=PUT_CALL_PARITY;JUN28=SERIES_FORWARD_CLUSTER;DEC27=PUT_CALL_PARITY;MAR28=PUT_CALL_PARITY;FEB27=PUT_CALL_PARITY;APR27=PUT_CALL_PARITY;MAY27=PUT_CALL_PARITY;JUL27=PUT_CALL_PARITY;AUG27=PUT_CALL_PARITY,AUG26=7749.35;SEP26=7753.15;DEC26=7883.5;NOV26=7810.75;OCT26=7815.375;DEC28=8379.75;DEC29=8684.75;DEC30=7840.337;JAN27=7882.5;MAR27=7955;SEP27=8104.25;JUN27=8026.625;JUN28=8918.5;DEC27=8108.25;MAR28=8197;FEB27=7881.125;APR27=7962.25;MAY27=7967.125;JUL27=8047.375;AUG27=8053.25,NONE,WEIGHTED_ATM,2026-08-14,6,441,0.0,NONE,12064,11562,501,0,0,RTM,MDW;MMW;MRW;MTW,OK,NONE,NONE,2026-08-05
SPX,4200.0,0.0,0.0,0.0,0.0,0.0,0.0,0.0,0.0,7812.103346347588,7686.596653652413,7874.856692695175,7623.843307304825,SEP26,AUG26,2026-08-06,2026-09-18,7749.35,7599.305665762463,FOUND,WARN,UNKNOWN_SERIES;ESTIMATED_EXPIRY_ALIAS,2026-08-02.2,PUT_CALL_PARITY,AUG26,AUG26=PUT_CALL_PARITY;SEP26=PUT_CALL_PARITY;DEC26=PUT_CALL_PARITY;NOV26=PUT_CALL_PARITY;OCT26=PUT_CALL_PARITY;DEC28=PUT_CALL_PARITY;DEC29=PUT_CALL_PARITY;DEC30=PUT_CALL_PARITY;JAN27=PUT_CALL_PARITY;MAR27=PUT_CALL_PARITY;SEP27=PUT_CALL_PARITY;JUN27=PUT_CALL_PARITY;JUN28=SERIES_FORWARD_CLUSTER;DEC27=PUT_CALL_PARITY;MAR28=PUT_CALL_PARITY;FEB27=PUT_CALL_PARITY;APR27=PUT_CALL_PARITY;MAY27=PUT_CALL_PARITY;JUL27=PUT_CALL_PARITY;AUG27=PUT_CALL_PARITY,AUG26=7749.35;SEP26=7753.15;DEC26=7883.5;NOV26=7810.75;OCT26=7815.375;DEC28=8379.75;DEC29=8684.75;DEC30=7840.337;JAN27=7882.5;MAR27=7955;SEP27=8104.25;JUN27=8026.625;JUN28=8918.5;DEC27=8108.25;MAR28=8197;FEB27=7881.125;APR27=7962.25;MAY27=7967.125;JUL27=8047.375;AUG27=8053.25,NONE,WEIGHTED_ATM,2026-08-14,6,441,0.0,NONE,12064,11562,501,0,0,RTM,MDW;MMW;MRW;MTW,OK,NONE,NONE,2026-08-05
SPX,4250.0,0.0,0.0,0.0,0.0,0.0,0.0,0.0,0.0,7812.103346347588,7686.596653652413,7874.856692695175,7623.843307304825,SEP26,AUG26,2026-08-06,2026-09-18,7749.35,7599.305665762463,FOUND,WARN,UNKNOWN_SERIES;ESTIMATED_EXPIRY_ALIAS,2026-08-02.2,PUT_CALL_PARITY,AUG26,AUG26=PUT_CALL_PARITY;SEP26=PUT_CALL_PARITY;DEC26=PUT_CALL_PARITY;NOV26=PUT_CALL_PARITY;OCT26=PUT_CALL_PARITY;DEC28=PUT_CALL_PARITY;DEC29=PUT_CALL_PARITY;DEC30=PUT_CALL_PARITY;JAN27=PUT_CALL_PARITY;MAR27=PUT_CALL_PARITY;SEP27=PUT_CALL_PARITY;JUN27=PUT_CALL_PARITY;JUN28=SERIES_FORWARD_CLUSTER;DEC27=PUT_CALL_PARITY;MAR28=PUT_CALL_PARITY;FEB27=PUT_CALL_PARITY;APR27=PUT_CALL_PARITY;MAY27=PUT_CALL_PARITY;JUL27=PUT_CALL_PARITY;AUG27=PUT_CALL_PARITY,AUG26=7749.35;SEP26=7753.15;DEC26=7883.5;NOV26=7810.75;OCT26=7815.375;DEC28=8379.75;DEC29=8684.75;DEC30=7840.337;JAN27=7882.5;MAR27=7955;SEP27=8104.25;JUN27=8026.625;JUN28=8918.5;DEC27=8108.25;MAR28=8197;FEB27=7881.125;APR27=7962.25;MAY27=7967.125;JUL27=8047.375;AUG27=8053.25,NONE,WEIGHTED_ATM,2026-08-14,6,441,0.0,NONE,12064,11562,501,0,0,RTM,MDW;MMW;MRW;MTW,OK,NONE,NONE,2026-08-05
SPX,4300.0,0.0,0.0,0.0,0.0,0.0,0.0,0.0,0.0,7812.103346347588,7686.596653652413,7874.856692695175,7623.843307304825,SEP26,AUG26,2026-08-06,2026-09-18,7749.35,7599.305665762463,FOUND,WARN,UNKNOWN_SERIES;ESTIMATED_EXPIRY_ALIAS,2026-08-02.2,PUT_CALL_PARITY,AUG26,AUG26=PUT_CALL_PARITY;SEP26=PUT_CALL_PARITY;DEC26=PUT_CALL_PARITY;NOV26=PUT_CALL_PARITY;OCT26=PUT_CALL_PARITY;DEC28=PUT_CALL_PARITY;DEC29=PUT_CALL_PARITY;DEC30=PUT_CALL_PARITY;JAN27=PUT_CALL_PARITY;MAR27=PUT_CALL_PARITY;SEP27=PUT_CALL_PARITY;JUN27=PUT_CALL_PARITY;JUN28=SERIES_FORWARD_CLUSTER;DEC27=PUT_CALL_PARITY;MAR28=PUT_CALL_PARITY;FEB27=PUT_CALL_PARITY;APR27=PUT_CALL_PARITY;MAY27=PUT_CALL_PARITY;JUL27=PUT_CALL_PARITY;AUG27=PUT_CALL_PARITY,AUG26=7749.35;SEP26=7753.15;DEC26=7883.5;NOV26=7810.75;OCT26=7815.375;DEC28=8379.75;DEC29=8684.75;DEC30=7840.337;JAN27=7882.5;MAR27=7955;SEP27=8104.25;JUN27=8026.625;JUN28=8918.5;DEC27=8108.25;MAR28=8197;FEB27=7881.125;APR27=7962.25;MAY27=7967.125;JUL27=8047.375;AUG27=8053.25,NONE,WEIGHTED_ATM,2026-08-14,6,441,0.0,NONE,12064,11562,501,0,0,RTM,MDW;MMW;MRW;MTW,OK,NONE,NONE,2026-08-05
SPX,4350.0,0.0,0.0,0.0,0.0,0.0,0.0,0.0,0.0,7812.103346347588,7686.596653652413,7874.856692695175,7623.843307304825,SEP26,AUG26,2026-08-06,2026-09-18,7749.35,7599.305665762463,FOUND,WARN,UNKNOWN_SERIES;ESTIMATED_EXPIRY_ALIAS,2026-08-02.2,PUT_CALL_PARITY,AUG26,AUG26=PUT_CALL_PARITY;SEP26=PUT_CALL_PARITY;DEC26=PUT_CALL_PARITY;NOV26=PUT_CALL_PARITY;OCT26=PUT_CALL_PARITY;DEC28=PUT_CALL_PARITY;DEC29=PUT_CALL_PARITY;DEC30=PUT_CALL_PARITY;JAN27=PUT_CALL_PARITY;MAR27=PUT_CALL_PARITY;SEP27=PUT_CALL_PARITY;JUN27=PUT_CALL_PARITY;JUN28=SERIES_FORWARD_CLUSTER;DEC27=PUT_CALL_PARITY;MAR28=PUT_CALL_PARITY;FEB27=PUT_CALL_PARITY;APR27=PUT_CALL_PARITY;MAY27=PUT_CALL_PARITY;JUL27=PUT_CALL_PARITY;AUG27=PUT_CALL_PARITY,AUG26=7749.35;SEP26=7753.15;DEC26=7883.5;NOV26=7810.75;OCT26=7815.375;DEC28=8379.75;DEC29=8684.75;DEC30=7840.337;JAN27=7882.5;MAR27=7955;SEP27=8104.25;JUN27=8026.625;JUN28=8918.5;DEC27=8108.25;MAR28=8197;FEB27=7881.125;APR27=7962.25;MAY27=7967.125;JUL27=8047.375;AUG27=8053.25,NONE,WEIGHTED_ATM,2026-08-14,6,441,0.0,NONE,12064,11562,501,0,0,RTM,MDW;MMW;MRW;MTW,OK,NONE,NONE,2026-08-05
SPX,4400.0,0.0,0.0,0.0,0.0,0.0,0.0,0.0,0.0,7812.103346347588,7686.596653652413,7874.856692695175,7623.843307304825,SEP26,AUG26,2026-08-06,2026-09-18,7749.35,7599.305665762463,FOUND,WARN,UNKNOWN_SERIES;ESTIMATED_EXPIRY_ALIAS,2026-08-02.2,PUT_CALL_PARITY,AUG26,AUG26=PUT_CALL_PARITY;SEP26=PUT_CALL_PARITY;DEC26=PUT_CALL_PARITY;NOV26=PUT_CALL_PARITY;OCT26=PUT_CALL_PARITY;DEC28=PUT_CALL_PARITY;DEC29=PUT_CALL_PARITY;DEC30=PUT_CALL_PARITY;JAN27=PUT_CALL_PARITY;MAR27=PUT_CALL_PARITY;SEP27=PUT_CALL_PARITY;JUN27=PUT_CALL_PARITY;JUN28=SERIES_FORWARD_CLUSTER;DEC27=PUT_CALL_PARITY;MAR28=PUT_CALL_PARITY;FEB27=PUT_CALL_PARITY;APR27=PUT_CALL_PARITY;MAY27=PUT_CALL_PARITY;JUL27=PUT_CALL_PARITY;AUG27=PUT_CALL_PARITY,AUG26=7749.35;SEP26=7753.15;DEC26=7883.5;NOV26=7810.75;OCT26=7815.375;DEC28=8379.75;DEC29=8684.75;DEC30=7840.337;JAN27=7882.5;MAR27=7955;SEP27=8104.25;JUN27=8026.625;JUN28=8918.5;DEC27=8108.25;MAR28=8197;FEB27=7881.125;APR27=7962.25;MAY27=7967.125;JUL27=8047.375;AUG27=8053.25,NONE,WEIGHTED_ATM,2026-08-14,6,441,0.0,NONE,12064,11562,501,0,0,RTM,MDW;MMW;MRW;MTW,OK,NONE,NONE,2026-08-05
SPX,4450.0,0.0,0.0,0.0,0.0,0.0,0.0,0.0,0.0,7812.103346347588,7686.596653652413,7874.856692695175,7623.843307304825,SEP26,AUG26,2026-08-06,2026-09-18,7749.35,7599.305665762463,FOUND,WARN,UNKNOWN_SERIES;ESTIMATED_EXPIRY_ALIAS,2026-08-02.2,PUT_CALL_PARITY,AUG26,AUG26=PUT_CALL_PARITY;SEP26=PUT_CALL_PARITY;DEC26=PUT_CALL_PARITY;NOV26=PUT_CALL_PARITY;OCT26=PUT_CALL_PARITY;DEC28=PUT_CALL_PARITY;DEC29=PUT_CALL_PARITY;DEC30=PUT_CALL_PARITY;JAN27=PUT_CALL_PARITY;MAR27=PUT_CALL_PARITY;SEP27=PUT_CALL_PARITY;JUN27=PUT_CALL_PARITY;JUN28=SERIES_FORWARD_CLUSTER;DEC27=PUT_CALL_PARITY;MAR28=PUT_CALL_PARITY;FEB27=PUT_CALL_PARITY;APR27=PUT_CALL_PARITY;MAY27=PUT_CALL_PARITY;JUL27=PUT_CALL_PARITY;AUG27=PUT_CALL_PARITY,AUG26=7749.35;SEP26=7753.15;DEC26=7883.5;NOV26=7810.75;OCT26=7815.375;DEC28=8379.75;DEC29=8684.75;DEC30=7840.337;JAN27=7882.5;MAR27=7955;SEP27=8104.25;JUN27=8026.625;JUN28=8918.5;DEC27=8108.25;MAR28=8197;FEB27=7881.125;APR27=7962.25;MAY27=7967.125;JUL27=8047.375;AUG27=8053.25,NONE,WEIGHTED_ATM,2026-08-14,6,441,0.0,NONE,12064,11562,501,0,0,RTM,MDW;MMW;MRW;MTW,OK,NONE,NONE,2026-08-05
SPX,4500.0,0.0,0.0,0.0,0.0,0.0,0.0,0.0,0.0,7812.103346347588,7686.596653652413,7874.856692695175,7623.843307304825,SEP26,AUG26,2026-08-06,2026-09-18,7749.35,7599.305665762463,FOUND,WARN,UNKNOWN_SERIES;ESTIMATED_EXPIRY_ALIAS,2026-08-02.2,PUT_CALL_PARITY,AUG26,AUG26=PUT_CALL_PARITY;SEP26=PUT_CALL_PARITY;DEC26=PUT_CALL_PARITY;NOV26=PUT_CALL_PARITY;OCT26=PUT_CALL_PARITY;DEC28=PUT_CALL_PARITY;DEC29=PUT_CALL_PARITY;DEC30=PUT_CALL_PARITY;JAN27=PUT_CALL_PARITY;MAR27=PUT_CALL_PARITY;SEP27=PUT_CALL_PARITY;JUN27=PUT_CALL_PARITY;JUN28=SERIES_FORWARD_CLUSTER;DEC27=PUT_CALL_PARITY;MAR28=PUT_CALL_PARITY;FEB27=PUT_CALL_PARITY;APR27=PUT_CALL_PARITY;MAY27=PUT_CALL_PARITY;JUL27=PUT_CALL_PARITY;AUG27=PUT_CALL_PARITY,AUG26=7749.35;SEP26=7753.15;DEC26=7883.5;NOV26=7810.75;OCT26=7815.375;DEC28=8379.75;DEC29=8684.75;DEC30=7840.337;JAN27=7882.5;MAR27=7955;SEP27=8104.25;JUN27=8026.625;JUN28=8918.5;DEC27=8108.25;MAR28=8197;FEB27=7881.125;APR27=7962.25;MAY27=7967.125;JUL27=8047.375;AUG27=8053.25,NONE,WEIGHTED_ATM,2026-08-14,6,441,0.0,NONE,12064,11562,501,0,0,RTM,MDW;MMW;MRW;MTW,OK,NONE,NONE,2026-08-05
SPX,4550.0,0.0,0.0,0.0,0.0,0.0,0.0,0.0,0.0,7812.103346347588,7686.596653652413,7874.856692695175,7623.843307304825,SEP26,AUG26,2026-08-06,2026-09-18,7749.35,7599.305665762463,FOUND,WARN,UNKNOWN_SERIES;ESTIMATED_EXPIRY_ALIAS,2026-08-02.2,PUT_CALL_PARITY,AUG26,AUG26=PUT_CALL_PARITY;SEP26=PUT_CALL_PARITY;DEC26=PUT_CALL_PARITY;NOV26=PUT_CALL_PARITY;OCT26=PUT_CALL_PARITY;DEC28=PUT_CALL_PARITY;DEC29=PUT_CALL_PARITY;DEC30=PUT_CALL_PARITY;JAN27=PUT_CALL_PARITY;MAR27=PUT_CALL_PARITY;SEP27=PUT_CALL_PARITY;JUN27=PUT_CALL_PARITY;JUN28=SERIES_FORWARD_CLUSTER;DEC27=PUT_CALL_PARITY;MAR28=PUT_CALL_PARITY;FEB27=PUT_CALL_PARITY;APR27=PUT_CALL_PARITY;MAY27=PUT_CALL_PARITY;JUL27=PUT_CALL_PARITY;AUG27=PUT_CALL_PARITY,AUG26=7749.35;SEP26=7753.15;DEC26=7883.5;NOV26=7810.75;OCT26=7815.375;DEC28=8379.75;DEC29=8684.75;DEC30=7840.337;JAN27=7882.5;MAR27=7955;SEP27=8104.25;JUN27=8026.625;JUN28=8918.5;DEC27=8108.25;MAR28=8197;FEB27=7881.125;APR27=7962.25;MAY27=7967.125;JUL27=8047.375;AUG27=8053.25,NONE,WEIGHTED_ATM,2026-08-14,6,441,0.0,NONE,12064,11562,501,0,0,RTM,MDW;MMW;MRW;MTW,OK,NONE,NONE,2026-08-05
SPX,4600.0,0.0,0.0,0.0,0.0,0.0,0.0,0.0,0.0,7812.103346347588,7686.596653652413,7874.856692695175,7623.843307304825,SEP26,AUG26,2026-08-06,2026-09-18,7749.35,7599.305665762463,FOUND,WARN,UNKNOWN_SERIES;ESTIMATED_EXPIRY_ALIAS,2026-08-02.2,PUT_CALL_PARITY,AUG26,AUG26=PUT_CALL_PARITY;SEP26=PUT_CALL_PARITY;DEC26=PUT_CALL_PARITY;NOV26=PUT_CALL_PARITY;OCT26=PUT_CALL_PARITY;DEC28=PUT_CALL_PARITY;DEC29=PUT_CALL_PARITY;DEC30=PUT_CALL_PARITY;JAN27=PUT_CALL_PARITY;MAR27=PUT_CALL_PARITY;SEP27=PUT_CALL_PARITY;JUN27=PUT_CALL_PARITY;JUN28=SERIES_FORWARD_CLUSTER;DEC27=PUT_CALL_PARITY;MAR28=PUT_CALL_PARITY;FEB27=PUT_CALL_PARITY;APR27=PUT_CALL_PARITY;MAY27=PUT_CALL_PARITY;JUL27=PUT_CALL_PARITY;AUG27=PUT_CALL_PARITY,AUG26=7749.35;SEP26=7753.15;DEC26=7883.5;NOV26=7810.75;OCT26=7815.375;DEC28=8379.75;DEC29=8684.75;DEC30=7840.337;JAN27=7882.5;MAR27=7955;SEP27=8104.25;JUN27=8026.625;JUN28=8918.5;DEC27=8108.25;MAR28=8197;FEB27=7881.125;APR27=7962.25;MAY27=7967.125;JUL27=8047.375;AUG27=8053.25,NONE,WEIGHTED_ATM,2026-08-14,6,441,0.0,NONE,12064,11562,501,0,0,RTM,MDW;MMW;MRW;MTW,OK,NONE,NONE,2026-08-05
SPX,4650.0,0.0,0.0,0.0,0.0,0.0,0.0,0.0,0.0,7812.103346347588,7686.596653652413,7874.856692695175,7623.843307304825,SEP26,AUG26,2026-08-06,2026-09-18,7749.35,7599.305665762463,FOUND,WARN,UNKNOWN_SERIES;ESTIMATED_EXPIRY_ALIAS,2026-08-02.2,PUT_CALL_PARITY,AUG26,AUG26=PUT_CALL_PARITY;SEP26=PUT_CALL_PARITY;DEC26=PUT_CALL_PARITY;NOV26=PUT_CALL_PARITY;OCT26=PUT_CALL_PARITY;DEC28=PUT_CALL_PARITY;DEC29=PUT_CALL_PARITY;DEC30=PUT_CALL_PARITY;JAN27=PUT_CALL_PARITY;MAR27=PUT_CALL_PARITY;SEP27=PUT_CALL_PARITY;JUN27=PUT_CALL_PARITY;JUN28=SERIES_FORWARD_CLUSTER;DEC27=PUT_CALL_PARITY;MAR28=PUT_CALL_PARITY;FEB27=PUT_CALL_PARITY;APR27=PUT_CALL_PARITY;MAY27=PUT_CALL_PARITY;JUL27=PUT_CALL_PARITY;AUG27=PUT_CALL_PARITY,AUG26=7749.35;SEP26=7753.15;DEC26=7883.5;NOV26=7810.75;OCT26=7815.375;DEC28=8379.75;DEC29=8684.75;DEC30=7840.337;JAN27=7882.5;MAR27=7955;SEP27=8104.25;JUN27=8026.625;JUN28=8918.5;DEC27=8108.25;MAR28=8197;FEB27=7881.125;APR27=7962.25;MAY27=7967.125;JUL27=8047.375;AUG27=8053.25,NONE,WEIGHTED_ATM,2026-08-14,6,441,0.0,NONE,12064,11562,501,0,0,RTM,MDW;MMW;MRW;MTW,OK,NONE,NONE,2026-08-05
SPX,4700.0,0.0,0.0,0.0,0.0,0.0,0.0,0.0,0.0,7812.103346347588,7686.596653652413,7874.856692695175,7623.843307304825,SEP26,AUG26,2026-08-06,2026-09-18,7749.35,7599.305665762463,FOUND,WARN,UNKNOWN_SERIES;ESTIMATED_EXPIRY_ALIAS,2026-08-02.2,PUT_CALL_PARITY,AUG26,AUG26=PUT_CALL_PARITY;SEP26=PUT_CALL_PARITY;DEC26=PUT_CALL_PARITY;NOV26=PUT_CALL_PARITY;OCT26=PUT_CALL_PARITY;DEC28=PUT_CALL_PARITY;DEC29=PUT_CALL_PARITY;DEC30=PUT_CALL_PARITY;JAN27=PUT_CALL_PARITY;MAR27=PUT_CALL_PARITY;SEP27=PUT_CALL_PARITY;JUN27=PUT_CALL_PARITY;JUN28=SERIES_FORWARD_CLUSTER;DEC27=PUT_CALL_PARITY;MAR28=PUT_CALL_PARITY;FEB27=PUT_CALL_PARITY;APR27=PUT_CALL_PARITY;MAY27=PUT_CALL_PARITY;JUL27=PUT_CALL_PARITY;AUG27=PUT_CALL_PARITY,AUG26=7749.35;SEP26=7753.15;DEC26=7883.5;NOV26=7810.75;OCT26=7815.375;DEC28=8379.75;DEC29=8684.75;DEC30=7840.337;JAN27=7882.5;MAR27=7955;SEP27=8104.25;JUN27=8026.625;JUN28=8918.5;DEC27=8108.25;MAR28=8197;FEB27=7881.125;APR27=7962.25;MAY27=7967.125;JUL27=8047.375;AUG27=8053.25,NONE,WEIGHTED_ATM,2026-08-14,6,441,0.0,NONE,12064,11562,501,0,0,RTM,MDW;MMW;MRW;MTW,OK,NONE,NONE,2026-08-05
SPX,4750.0,0.0,0.0,0.0,0.0,0.0,0.0,0.0,0.0,7812.103346347588,7686.596653652413,7874.856692695175,7623.843307304825,SEP26,AUG26,2026-08-06,2026-09-18,7749.35,7599.305665762463,FOUND,WARN,UNKNOWN_SERIES;ESTIMATED_EXPIRY_ALIAS,2026-08-02.2,PUT_CALL_PARITY,AUG26,AUG26=PUT_CALL_PARITY;SEP26=PUT_CALL_PARITY;DEC26=PUT_CALL_PARITY;NOV26=PUT_CALL_PARITY;OCT26=PUT_CALL_PARITY;DEC28=PUT_CALL_PARITY;DEC29=PUT_CALL_PARITY;DEC30=PUT_CALL_PARITY;JAN27=PUT_CALL_PARITY;MAR27=PUT_CALL_PARITY;SEP27=PUT_CALL_PARITY;JUN27=PUT_CALL_PARITY;JUN28=SERIES_FORWARD_CLUSTER;DEC27=PUT_CALL_PARITY;MAR28=PUT_CALL_PARITY;FEB27=PUT_CALL_PARITY;APR27=PUT_CALL_PARITY;MAY27=PUT_CALL_PARITY;JUL27=PUT_CALL_PARITY;AUG27=PUT_CALL_PARITY,AUG26=7749.35;SEP26=7753.15;DEC26=7883.5;NOV26=7810.75;OCT26=7815.375;DEC28=8379.75;DEC29=8684.75;DEC30=7840.337;JAN27=7882.5;MAR27=7955;SEP27=8104.25;JUN27=8026.625;JUN28=8918.5;DEC27=8108.25;MAR28=8197;FEB27=7881.125;APR27=7962.25;MAY27=7967.125;JUL27=8047.375;AUG27=8053.25,NONE,WEIGHTED_ATM,2026-08-14,6,441,0.0,NONE,12064,11562,501,0,0,RTM,MDW;MMW;MRW;MTW,OK,NONE,NONE,2026-08-05
SPX,4800.0,0.0,0.0,0.0,0.0,0.0,0.0,0.0,0.0,7812.103346347588,7686.596653652413,7874.856692695175,7623.843307304825,SEP26,AUG26,2026-08-06,2026-09-18,7749.35,7599.305665762463,FOUND,WARN,UNKNOWN_SERIES;ESTIMATED_EXPIRY_ALIAS,2026-08-02.2,PUT_CALL_PARITY,AUG26,AUG26=PUT_CALL_PARITY;SEP26=PUT_CALL_PARITY;DEC26=PUT_CALL_PARITY;NOV26=PUT_CALL_PARITY;OCT26=PUT_CALL_PARITY;DEC28=PUT_CALL_PARITY;DEC29=PUT_CALL_PARITY;DEC30=PUT_CALL_PARITY;JAN27=PUT_CALL_PARITY;MAR27=PUT_CALL_PARITY;SEP27=PUT_CALL_PARITY;JUN27=PUT_CALL_PARITY;JUN28=SERIES_FORWARD_CLUSTER;DEC27=PUT_CALL_PARITY;MAR28=PUT_CALL_PARITY;FEB27=PUT_CALL_PARITY;APR27=PUT_CALL_PARITY;MAY27=PUT_CALL_PARITY;JUL27=PUT_CALL_PARITY;AUG27=PUT_CALL_PARITY,AUG26=7749.35;SEP26=7753.15;DEC26=7883.5;NOV26=7810.75;OCT26=7815.375;DEC28=8379.75;DEC29=8684.75;DEC30=7840.337;JAN27=7882.5;MAR27=7955;SEP27=8104.25;JUN27=8026.625;JUN28=8918.5;DEC27=8108.25;MAR28=8197;FEB27=7881.125;APR27=7962.25;MAY27=7967.125;JUL27=8047.375;AUG27=8053.25,NONE,WEIGHTED_ATM,2026-08-14,6,441,0.0,NONE,12064,11562,501,0,0,RTM,MDW;MMW;MRW;MTW,OK,NONE,NONE,2026-08-05
SPX,4850.0,0.0,0.0,0.0,0.0,0.0,0.0,0.0,0.0,7812.103346347588,7686.596653652413,7874.856692695175,7623.843307304825,SEP26,AUG26,2026-08-06,2026-09-18,7749.35,7599.305665762463,FOUND,WARN,UNKNOWN_SERIES;ESTIMATED_EXPIRY_ALIAS,2026-08-02.2,PUT_CALL_PARITY,AUG26,AUG26=PUT_CALL_PARITY;SEP26=PUT_CALL_PARITY;DEC26=PUT_CALL_PARITY;NOV26=PUT_CALL_PARITY;OCT26=PUT_CALL_PARITY;DEC28=PUT_CALL_PARITY;DEC29=PUT_CALL_PARITY;DEC30=PUT_CALL_PARITY;JAN27=PUT_CALL_PARITY;MAR27=PUT_CALL_PARITY;SEP27=PUT_CALL_PARITY;JUN27=PUT_CALL_PARITY;JUN28=SERIES_FORWARD_CLUSTER;DEC27=PUT_CALL_PARITY;MAR28=PUT_CALL_PARITY;FEB27=PUT_CALL_PARITY;APR27=PUT_CALL_PARITY;MAY27=PUT_CALL_PARITY;JUL27=PUT_CALL_PARITY;AUG27=PUT_CALL_PARITY,AUG26=7749.35;SEP26=7753.15;DEC26=7883.5;NOV26=7810.75;OCT26=7815.375;DEC28=8379.75;DEC29=8684.75;DEC30=7840.337;JAN27=7882.5;MAR27=7955;SEP27=8104.25;JUN27=8026.625;JUN28=8918.5;DEC27=8108.25;MAR28=8197;FEB27=7881.125;APR27=7962.25;MAY27=7967.125;JUL27=8047.375;AUG27=8053.25,NONE,WEIGHTED_ATM,2026-08-14,6,441,0.0,NONE,12064,11562,501,0,0,RTM,MDW;MMW;MRW;MTW,OK,NONE,NONE,2026-08-05
SPX,4900.0,0.0,0.0,0.0,0.0,0.0,0.0,0.0,0.0,7812.103346347588,7686.596653652413,7874.856692695175,7623.843307304825,SEP26,AUG26,2026-08-06,2026-09-18,7749.35,7599.305665762463,FOUND,WARN,UNKNOWN_SERIES;ESTIMATED_EXPIRY_ALIAS,2026-08-02.2,PUT_CALL_PARITY,AUG26,AUG26=PUT_CALL_PARITY;SEP26=PUT_CALL_PARITY;DEC26=PUT_CALL_PARITY;NOV26=PUT_CALL_PARITY;OCT26=PUT_CALL_PARITY;DEC28=PUT_CALL_PARITY;DEC29=PUT_CALL_PARITY;DEC30=PUT_CALL_PARITY;JAN27=PUT_CALL_PARITY;MAR27=PUT_CALL_PARITY;SEP27=PUT_CALL_PARITY;JUN27=PUT_CALL_PARITY;JUN28=SERIES_FORWARD_CLUSTER;DEC27=PUT_CALL_PARITY;MAR28=PUT_CALL_PARITY;FEB27=PUT_CALL_PARITY;APR27=PUT_CALL_PARITY;MAY27=PUT_CALL_PARITY;JUL27=PUT_CALL_PARITY;AUG27=PUT_CALL_PARITY,AUG26=7749.35;SEP26=7753.15;DEC26=7883.5;NOV26=7810.75;OCT26=7815.375;DEC28=8379.75;DEC29=8684.75;DEC30=7840.337;JAN27=7882.5;MAR27=7955;SEP27=8104.25;JUN27=8026.625;JUN28=8918.5;DEC27=8108.25;MAR28=8197;FEB27=7881.125;APR27=7962.25;MAY27=7967.125;JUL27=8047.375;AUG27=8053.25,NONE,WEIGHTED_ATM,2026-08-14,6,441,0.0,NONE,12064,11562,501,0,0,RTM,MDW;MMW;MRW;MTW,OK,NONE,NONE,2026-08-05
SPX,4950.0,0.0,0.0,0.0,0.0,0.0,0.0,0.0,0.0,7812.103346347588,7686.596653652413,7874.856692695175,7623.843307304825,SEP26,AUG26,2026-08-06,2026-09-18,7749.35,7599.305665762463,FOUND,WARN,UNKNOWN_SERIES;ESTIMATED_EXPIRY_ALIAS,2026-08-02.2,PUT_CALL_PARITY,AUG26,AUG26=PUT_CALL_PARITY;SEP26=PUT_CALL_PARITY;DEC26=PUT_CALL_PARITY;NOV26=PUT_CALL_PARITY;OCT26=PUT_CALL_PARITY;DEC28=PUT_CALL_PARITY;DEC29=PUT_CALL_PARITY;DEC30=PUT_CALL_PARITY;JAN27=PUT_CALL_PARITY;MAR27=PUT_CALL_PARITY;SEP27=PUT_CALL_PARITY;JUN27=PUT_CALL_PARITY;JUN28=SERIES_FORWARD_CLUSTER;DEC27=PUT_CALL_PARITY;MAR28=PUT_CALL_PARITY;FEB27=PUT_CALL_PARITY;APR27=PUT_CALL_PARITY;MAY27=PUT_CALL_PARITY;JUL27=PUT_CALL_PARITY;AUG27=PUT_CALL_PARITY,AUG26=7749.35;SEP26=7753.15;DEC26=7883.5;NOV26=7810.75;OCT26=7815.375;DEC28=8379.75;DEC29=8684.75;DEC30=7840.337;JAN27=7882.5;MAR27=7955;SEP27=8104.25;JUN27=8026.625;JUN28=8918.5;DEC27=8108.25;MAR28=8197;FEB27=7881.125;APR27=7962.25;MAY27=7967.125;JUL27=8047.375;AUG27=8053.25,NONE,WEIGHTED_ATM,2026-08-14,6,441,0.0,NONE,12064,11562,501,0,0,RTM,MDW;MMW;MRW;MTW,OK,NONE,NONE,2026-08-05
SPX,5000.0,0.0,0.0,0.0,0.0,0.0,0.0,0.0,0.0,7812.103346347588,7686.596653652413,7874.856692695175,7623.843307304825,SEP26,AUG26,2026-08-06,2026-09-18,7749.35,7599.305665762463,FOUND,WARN,UNKNOWN_SERIES;ESTIMATED_EXPIRY_ALIAS,2026-08-02.2,PUT_CALL_PARITY,AUG26,AUG26=PUT_CALL_PARITY;SEP26=PUT_CALL_PARITY;DEC26=PUT_CALL_PARITY;NOV26=PUT_CALL_PARITY;OCT26=PUT_CALL_PARITY;DEC28=PUT_CALL_PARITY;DEC29=PUT_CALL_PARITY;DEC30=PUT_CALL_PARITY;JAN27=PUT_CALL_PARITY;MAR27=PUT_CALL_PARITY;SEP27=PUT_CALL_PARITY;JUN27=PUT_CALL_PARITY;JUN28=SERIES_FORWARD_CLUSTER;DEC27=PUT_CALL_PARITY;MAR28=PUT_CALL_PARITY;FEB27=PUT_CALL_PARITY;APR27=PUT_CALL_PARITY;MAY27=PUT_CALL_PARITY;JUL27=PUT_CALL_PARITY;AUG27=PUT_CALL_PARITY,AUG26=7749.35;SEP26=7753.15;DEC26=7883.5;NOV26=7810.75;OCT26=7815.375;DEC28=8379.75;DEC29=8684.75;DEC30=7840.337;JAN27=7882.5;MAR27=7955;SEP27=8104.25;JUN27=8026.625;JUN28=8918.5;DEC27=8108.25;MAR28=8197;FEB27=7881.125;APR27=7962.25;MAY27=7967.125;JUL27=8047.375;AUG27=8053.25,NONE,WEIGHTED_ATM,2026-08-14,6,441,0.0,NONE,12064,11562,501,0,0,RTM,MDW;MMW;MRW;MTW,OK,NONE,NONE,2026-08-05
SPX,5025.0,0.0,0.0,0.0,0.0,0.0,0.0,0.0,0.0,7812.103346347588,7686.596653652413,7874.856692695175,7623.843307304825,SEP26,AUG26,2026-08-06,2026-09-18,7749.35,7599.305665762463,FOUND,WARN,UNKNOWN_SERIES;ESTIMATED_EXPIRY_ALIAS,2026-08-02.2,PUT_CALL_PARITY,AUG26,AUG26=PUT_CALL_PARITY;SEP26=PUT_CALL_PARITY;DEC26=PUT_CALL_PARITY;NOV26=PUT_CALL_PARITY;OCT26=PUT_CALL_PARITY;DEC28=PUT_CALL_PARITY;DEC29=PUT_CALL_PARITY;DEC30=PUT_CALL_PARITY;JAN27=PUT_CALL_PARITY;MAR27=PUT_CALL_PARITY;SEP27=PUT_CALL_PARITY;JUN27=PUT_CALL_PARITY;JUN28=SERIES_FORWARD_CLUSTER;DEC27=PUT_CALL_PARITY;MAR28=PUT_CALL_PARITY;FEB27=PUT_CALL_PARITY;APR27=PUT_CALL_PARITY;MAY27=PUT_CALL_PARITY;JUL27=PUT_CALL_PARITY;AUG27=PUT_CALL_PARITY,AUG26=7749.35;SEP26=7753.15;DEC26=7883.5;NOV26=7810.75;OCT26=7815.375;DEC28=8379.75;DEC29=8684.75;DEC30=7840.337;JAN27=7882.5;MAR27=7955;SEP27=8104.25;JUN27=8026.625;JUN28=8918.5;DEC27=8108.25;MAR28=8197;FEB27=7881.125;APR27=7962.25;MAY27=7967.125;JUL27=8047.375;AUG27=8053.25,NONE,WEIGHTED_ATM,2026-08-14,6,441,0.0,NONE,12064,11562,501,0,0,RTM,MDW;MMW;MRW;MTW,OK,NONE,NONE,2026-08-05
SPX,5050.0,0.0,0.0,0.0,0.0,0.0,0.0,0.0,0.0,7812.103346347588,7686.596653652413,7874.856692695175,7623.843307304825,SEP26,AUG26,2026-08-06,2026-09-18,7749.35,7599.305665762463,FOUND,WARN,UNKNOWN_SERIES;ESTIMATED_EXPIRY_ALIAS,2026-08-02.2,PUT_CALL_PARITY,AUG26,AUG26=PUT_CALL_PARITY;SEP26=PUT_CALL_PARITY;DEC26=PUT_CALL_PARITY;NOV26=PUT_CALL_PARITY;OCT26=PUT_CALL_PARITY;DEC28=PUT_CALL_PARITY;DEC29=PUT_CALL_PARITY;DEC30=PUT_CALL_PARITY;JAN27=PUT_CALL_PARITY;MAR27=PUT_CALL_PARITY;SEP27=PUT_CALL_PARITY;JUN27=PUT_CALL_PARITY;JUN28=SERIES_FORWARD_CLUSTER;DEC27=PUT_CALL_PARITY;MAR28=PUT_CALL_PARITY;FEB27=PUT_CALL_PARITY;APR27=PUT_CALL_PARITY;MAY27=PUT_CALL_PARITY;JUL27=PUT_CALL_PARITY;AUG27=PUT_CALL_PARITY,AUG26=7749.35;SEP26=7753.15;DEC26=7883.5;NOV26=7810.75;OCT26=7815.375;DEC28=8379.75;DEC29=8684.75;DEC30=7840.337;JAN27=7882.5;MAR27=7955;SEP27=8104.25;JUN27=8026.625;JUN28=8918.5;DEC27=8108.25;MAR28=8197;FEB27=7881.125;APR27=7962.25;MAY27=7967.125;JUL27=8047.375;AUG27=8053.25,NONE,WEIGHTED_ATM,2026-08-14,6,441,0.0,NONE,12064,11562,501,0,0,RTM,MDW;MMW;MRW;MTW,OK,NONE,NONE,2026-08-05
SPX,5075.0,0.0,0.0,0.0,0.0,0.0,0.0,0.0,0.0,7812.103346347588,7686.596653652413,7874.856692695175,7623.843307304825,SEP26,AUG26,2026-08-06,2026-09-18,7749.35,7599.305665762463,FOUND,WARN,UNKNOWN_SERIES;ESTIMATED_EXPIRY_ALIAS,2026-08-02.2,PUT_CALL_PARITY,AUG26,AUG26=PUT_CALL_PARITY;SEP26=PUT_CALL_PARITY;DEC26=PUT_CALL_PARITY;NOV26=PUT_CALL_PARITY;OCT26=PUT_CALL_PARITY;DEC28=PUT_CALL_PARITY;DEC29=PUT_CALL_PARITY;DEC30=PUT_CALL_PARITY;JAN27=PUT_CALL_PARITY;MAR27=PUT_CALL_PARITY;SEP27=PUT_CALL_PARITY;JUN27=PUT_CALL_PARITY;JUN28=SERIES_FORWARD_CLUSTER;DEC27=PUT_CALL_PARITY;MAR28=PUT_CALL_PARITY;FEB27=PUT_CALL_PARITY;APR27=PUT_CALL_PARITY;MAY27=PUT_CALL_PARITY;JUL27=PUT_CALL_PARITY;AUG27=PUT_CALL_PARITY,AUG26=7749.35;SEP26=7753.15;DEC26=7883.5;NOV26=7810.75;OCT26=7815.375;DEC28=8379.75;DEC29=8684.75;DEC30=7840.337;JAN27=7882.5;MAR27=7955;SEP27=8104.25;JUN27=8026.625;JUN28=8918.5;DEC27=8108.25;MAR28=8197;FEB27=7881.125;APR27=7962.25;MAY27=7967.125;JUL27=8047.375;AUG27=8053.25,NONE,WEIGHTED_ATM,2026-08-14,6,441,0.0,NONE,12064,11562,501,0,0,RTM,MDW;MMW;MRW;MTW,OK,NONE,NONE,2026-08-05
SPX,5100.0,0.0,0.0,0.0,0.0,0.0,0.0,0.0,0.0,7812.103346347588,7686.596653652413,7874.856692695175,7623.843307304825,SEP26,AUG26,2026-08-06,2026-09-18,7749.35,7599.305665762463,FOUND,WARN,UNKNOWN_SERIES;ESTIMATED_EXPIRY_ALIAS,2026-08-02.2,PUT_CALL_PARITY,AUG26,AUG26=PUT_CALL_PARITY;SEP26=PUT_CALL_PARITY;DEC26=PUT_CALL_PARITY;NOV26=PUT_CALL_PARITY;OCT26=PUT_CALL_PARITY;DEC28=PUT_CALL_PARITY;DEC29=PUT_CALL_PARITY;DEC30=PUT_CALL_PARITY;JAN27=PUT_CALL_PARITY;MAR27=PUT_CALL_PARITY;SEP27=PUT_CALL_PARITY;JUN27=PUT_CALL_PARITY;JUN28=SERIES_FORWARD_CLUSTER;DEC27=PUT_CALL_PARITY;MAR28=PUT_CALL_PARITY;FEB27=PUT_CALL_PARITY;APR27=PUT_CALL_PARITY;MAY27=PUT_CALL_PARITY;JUL27=PUT_CALL_PARITY;AUG27=PUT_CALL_PARITY,AUG26=7749.35;SEP26=7753.15;DEC26=7883.5;NOV26=7810.75;OCT26=7815.375;DEC28=8379.75;DEC29=8684.75;DEC30=7840.337;JAN27=7882.5;MAR27=7955;SEP27=8104.25;JUN27=8026.625;JUN28=8918.5;DEC27=8108.25;MAR28=8197;FEB27=7881.125;APR27=7962.25;MAY27=7967.125;JUL27=8047.375;AUG27=8053.25,NONE,WEIGHTED_ATM,2026-08-14,6,441,0.0,NONE,12064,11562,501,0,0,RTM,MDW;MMW;MRW;MTW,OK,NONE,NONE,2026-08-05
SPX,5150.0,0.0,0.0,0.0,0.0,0.0,0.0,0.0,0.0,7812.103346347588,7686.596653652413,7874.856692695175,7623.843307304825,SEP26,AUG26,2026-08-06,2026-09-18,7749.35,7599.305665762463,FOUND,WARN,UNKNOWN_SERIES;ESTIMATED_EXPIRY_ALIAS,2026-08-02.2,PUT_CALL_PARITY,AUG26,AUG26=PUT_CALL_PARITY;SEP26=PUT_CALL_PARITY;DEC26=PUT_CALL_PARITY;NOV26=PUT_CALL_PARITY;OCT26=PUT_CALL_PARITY;DEC28=PUT_CALL_PARITY;DEC29=PUT_CALL_PARITY;DEC30=PUT_CALL_PARITY;JAN27=PUT_CALL_PARITY;MAR27=PUT_CALL_PARITY;SEP27=PUT_CALL_PARITY;JUN27=PUT_CALL_PARITY;JUN28=SERIES_FORWARD_CLUSTER;DEC27=PUT_CALL_PARITY;MAR28=PUT_CALL_PARITY;FEB27=PUT_CALL_PARITY;APR27=PUT_CALL_PARITY;MAY27=PUT_CALL_PARITY;JUL27=PUT_CALL_PARITY;AUG27=PUT_CALL_PARITY,AUG26=7749.35;SEP26=7753.15;DEC26=7883.5;NOV26=7810.75;OCT26=7815.375;DEC28=8379.75;DEC29=8684.75;DEC30=7840.337;JAN27=7882.5;MAR27=7955;SEP27=8104.25;JUN27=8026.625;JUN28=8918.5;DEC27=8108.25;MAR28=8197;FEB27=7881.125;APR27=7962.25;MAY27=7967.125;JUL27=8047.375;AUG27=8053.25,NONE,WEIGHTED_ATM,2026-08-14,6,441,0.0,NONE,12064,11562,501,0,0,RTM,MDW;MMW;MRW;MTW,OK,NONE,NONE,2026-08-05
SPX,5175.0,0.0,0.0,0.0,0.0,0.0,0.0,0.0,0.0,7812.103346347588,7686.596653652413,7874.856692695175,7623.843307304825,SEP26,AUG26,2026-08-06,2026-09-18,7749.35,7599.305665762463,FOUND,WARN,UNKNOWN_SERIES;ESTIMATED_EXPIRY_ALIAS,2026-08-02.2,PUT_CALL_PARITY,AUG26,AUG26=PUT_CALL_PARITY;SEP26=PUT_CALL_PARITY;DEC26=PUT_CALL_PARITY;NOV26=PUT_CALL_PARITY;OCT26=PUT_CALL_PARITY;DEC28=PUT_CALL_PARITY;DEC29=PUT_CALL_PARITY;DEC30=PUT_CALL_PARITY;JAN27=PUT_CALL_PARITY;MAR27=PUT_CALL_PARITY;SEP27=PUT_CALL_PARITY;JUN27=PUT_CALL_PARITY;JUN28=SERIES_FORWARD_CLUSTER;DEC27=PUT_CALL_PARITY;MAR28=PUT_CALL_PARITY;FEB27=PUT_CALL_PARITY;APR27=PUT_CALL_PARITY;MAY27=PUT_CALL_PARITY;JUL27=PUT_CALL_PARITY;AUG27=PUT_CALL_PARITY,AUG26=7749.35;SEP26=7753.15;DEC26=7883.5;NOV26=7810.75;OCT26=7815.375;DEC28=8379.75;DEC29=8684.75;DEC30=7840.337;JAN27=7882.5;MAR27=7955;SEP27=8104.25;JUN27=8026.625;JUN28=8918.5;DEC27=8108.25;MAR28=8197;FEB27=7881.125;APR27=7962.25;MAY27=7967.125;JUL27=8047.375;AUG27=8053.25,NONE,WEIGHTED_ATM,2026-08-14,6,441,0.0,NONE,12064,11562,501,0,0,RTM,MDW;MMW;MRW;MTW,OK,NONE,NONE,2026-08-05
SPX,5200.0,0.0,0.0,0.0,0.0,0.0,0.0,0.0,0.0,7812.103346347588,7686.596653652413,7874.856692695175,7623.843307304825,SEP26,AUG26,2026-08-06,2026-09-18,7749.35,7599.305665762463,FOUND,WARN,UNKNOWN_SERIES;ESTIMATED_EXPIRY_ALIAS,2026-08-02.2,PUT_CALL_PARITY,AUG26,AUG26=PUT_CALL_PARITY;SEP26=PUT_CALL_PARITY;DEC26=PUT_CALL_PARITY;NOV26=PUT_CALL_PARITY;OCT26=PUT_CALL_PARITY;DEC28=PUT_CALL_PARITY;DEC29=PUT_CALL_PARITY;DEC30=PUT_CALL_PARITY;JAN27=PUT_CALL_PARITY;MAR27=PUT_CALL_PARITY;SEP27=PUT_CALL_PARITY;JUN27=PUT_CALL_PARITY;JUN28=SERIES_FORWARD_CLUSTER;DEC27=PUT_CALL_PARITY;MAR28=PUT_CALL_PARITY;FEB27=PUT_CALL_PARITY;APR27=PUT_CALL_PARITY;MAY27=PUT_CALL_PARITY;JUL27=PUT_CALL_PARITY;AUG27=PUT_CALL_PARITY,AUG26=7749.35;SEP26=7753.15;DEC26=7883.5;NOV26=7810.75;OCT26=7815.375;DEC28=8379.75;DEC29=8684.75;DEC30=7840.337;JAN27=7882.5;MAR27=7955;SEP27=8104.25;JUN27=8026.625;JUN28=8918.5;DEC27=8108.25;MAR28=8197;FEB27=7881.125;APR27=7962.25;MAY27=7967.125;JUL27=8047.375;AUG27=8053.25,NONE,WEIGHTED_ATM,2026-08-14,6,441,0.0,NONE,12064,11562,501,0,0,RTM,MDW;MMW;MRW;MTW,OK,NONE,NONE,2026-08-05
SPX,5225.0,0.0,0.0,0.0,0.0,0.0,0.0,0.0,0.0,7812.103346347588,7686.596653652413,7874.856692695175,7623.843307304825,SEP26,AUG26,2026-08-06,2026-09-18,7749.35,7599.305665762463,FOUND,WARN,UNKNOWN_SERIES;ESTIMATED_EXPIRY_ALIAS,2026-08-02.2,PUT_CALL_PARITY,AUG26,AUG26=PUT_CALL_PARITY;SEP26=PUT_CALL_PARITY;DEC26=PUT_CALL_PARITY;NOV26=PUT_CALL_PARITY;OCT26=PUT_CALL_PARITY;DEC28=PUT_CALL_PARITY;DEC29=PUT_CALL_PARITY;DEC30=PUT_CALL_PARITY;JAN27=PUT_CALL_PARITY;MAR27=PUT_CALL_PARITY;SEP27=PUT_CALL_PARITY;JUN27=PUT_CALL_PARITY;JUN28=SERIES_FORWARD_CLUSTER;DEC27=PUT_CALL_PARITY;MAR28=PUT_CALL_PARITY;FEB27=PUT_CALL_PARITY;APR27=PUT_CALL_PARITY;MAY27=PUT_CALL_PARITY;JUL27=PUT_CALL_PARITY;AUG27=PUT_CALL_PARITY,AUG26=7749.35;SEP26=7753.15;DEC26=7883.5;NOV26=7810.75;OCT26=7815.375;DEC28=8379.75;DEC29=8684.75;DEC30=7840.337;JAN27=7882.5;MAR27=7955;SEP27=8104.25;JUN27=8026.625;JUN28=8918.5;DEC27=8108.25;MAR28=8197;FEB27=7881.125;APR27=7962.25;MAY27=7967.125;JUL27=8047.375;AUG27=8053.25,NONE,WEIGHTED_ATM,2026-08-14,6,441,0.0,NONE,12064,11562,501,0,0,RTM,MDW;MMW;MRW;MTW,OK,NONE,NONE,2026-08-05
SPX,5250.0,0.0,0.0,0.0,0.0,0.0,0.0,0.0,0.0,7812.103346347588,7686.596653652413,7874.856692695175,7623.843307304825,SEP26,AUG26,2026-08-06,2026-09-18,7749.35,7599.305665762463,FOUND,WARN,UNKNOWN_SERIES;ESTIMATED_EXPIRY_ALIAS,2026-08-02.2,PUT_CALL_PARITY,AUG26,AUG26=PUT_CALL_PARITY;SEP26=PUT_CALL_PARITY;DEC26=PUT_CALL_PARITY;NOV26=PUT_CALL_PARITY;OCT26=PUT_CALL_PARITY;DEC28=PUT_CALL_PARITY;DEC29=PUT_CALL_PARITY;DEC30=PUT_CALL_PARITY;JAN27=PUT_CALL_PARITY;MAR27=PUT_CALL_PARITY;SEP27=PUT_CALL_PARITY;JUN27=PUT_CALL_PARITY;JUN28=SERIES_FORWARD_CLUSTER;DEC27=PUT_CALL_PARITY;MAR28=PUT_CALL_PARITY;FEB27=PUT_CALL_PARITY;APR27=PUT_CALL_PARITY;MAY27=PUT_CALL_PARITY;JUL27=PUT_CALL_PARITY;AUG27=PUT_CALL_PARITY,AUG26=7749.35;SEP26=7753.15;DEC26=7883.5;NOV26=7810.75;OCT26=7815.375;DEC28=8379.75;DEC29=8684.75;DEC30=7840.337;JAN27=7882.5;MAR27=7955;SEP27=8104.25;JUN27=8026.625;JUN28=8918.5;DEC27=8108.25;MAR28=8197;FEB27=7881.125;APR27=7962.25;MAY27=7967.125;JUL27=8047.375;AUG27=8053.25,NONE,WEIGHTED_ATM,2026-08-14,6,441,0.0,NONE,12064,11562,501,0,0,RTM,MDW;MMW;MRW;MTW,OK,NONE,NONE,2026-08-05
SPX,5275.0,0.0,0.0,0.0,0.0,0.0,0.0,0.0,0.0,7812.103346347588,7686.596653652413,7874.856692695175,7623.843307304825,SEP26,AUG26,2026-08-06,2026-09-18,7749.35,7599.305665762463,FOUND,WARN,UNKNOWN_SERIES;ESTIMATED_EXPIRY_ALIAS,2026-08-02.2,PUT_CALL_PARITY,AUG26,AUG26=PUT_CALL_PARITY;SEP26=PUT_CALL_PARITY;DEC26=PUT_CALL_PARITY;NOV26=PUT_CALL_PARITY;OCT26=PUT_CALL_PARITY;DEC28=PUT_CALL_PARITY;DEC29=PUT_CALL_PARITY;DEC30=PUT_CALL_PARITY;JAN27=PUT_CALL_PARITY;MAR27=PUT_CALL_PARITY;SEP27=PUT_CALL_PARITY;JUN27=PUT_CALL_PARITY;JUN28=SERIES_FORWARD_CLUSTER;DEC27=PUT_CALL_PARITY;MAR28=PUT_CALL_PARITY;FEB27=PUT_CALL_PARITY;APR27=PUT_CALL_PARITY;MAY27=PUT_CALL_PARITY;JUL27=PUT_CALL_PARITY;AUG27=PUT_CALL_PARITY,AUG26=7749.35;SEP26=7753.15;DEC26=7883.5;NOV26=7810.75;OCT26=7815.375;DEC28=8379.75;DEC29=8684.75;DEC30=7840.337;JAN27=7882.5;MAR27=7955;SEP27=8104.25;JUN27=8026.625;JUN28=8918.5;DEC27=8108.25;MAR28=8197;FEB27=7881.125;APR27=7962.25;MAY27=7967.125;JUL27=8047.375;AUG27=8053.25,NONE,WEIGHTED_ATM,2026-08-14,6,441,0.0,NONE,12064,11562,501,0,0,RTM,MDW;MMW;MRW;MTW,OK,NONE,NONE,2026-08-05
SPX,5300.0,0.0,0.0,0.0,0.0,0.0,0.0,0.0,0.0,7812.103346347588,7686.596653652413,7874.856692695175,7623.843307304825,SEP26,AUG26,2026-08-06,2026-09-18,7749.35,7599.305665762463,FOUND,WARN,UNKNOWN_SERIES;ESTIMATED_EXPIRY_ALIAS,2026-08-02.2,PUT_CALL_PARITY,AUG26,AUG26=PUT_CALL_PARITY;SEP26=PUT_CALL_PARITY;DEC26=PUT_CALL_PARITY;NOV26=PUT_CALL_PARITY;OCT26=PUT_CALL_PARITY;DEC28=PUT_CALL_PARITY;DEC29=PUT_CALL_PARITY;DEC30=PUT_CALL_PARITY;JAN27=PUT_CALL_PARITY;MAR27=PUT_CALL_PARITY;SEP27=PUT_CALL_PARITY;JUN27=PUT_CALL_PARITY;JUN28=SERIES_FORWARD_CLUSTER;DEC27=PUT_CALL_PARITY;MAR28=PUT_CALL_PARITY;FEB27=PUT_CALL_PARITY;APR27=PUT_CALL_PARITY;MAY27=PUT_CALL_PARITY;JUL27=PUT_CALL_PARITY;AUG27=PUT_CALL_PARITY,AUG26=7749.35;SEP26=7753.15;DEC26=7883.5;NOV26=7810.75;OCT26=7815.375;DEC28=8379.75;DEC29=8684.75;DEC30=7840.337;JAN27=7882.5;MAR27=7955;SEP27=8104.25;JUN27=8026.625;JUN28=8918.5;DEC27=8108.25;MAR28=8197;FEB27=7881.125;APR27=7962.25;MAY27=7967.125;JUL27=8047.375;AUG27=8053.25,NONE,WEIGHTED_ATM,2026-08-14,6,441,0.0,NONE,12064,11562,501,0,0,RTM,MDW;MMW;MRW;MTW,OK,NONE,NONE,2026-08-05
SPX,5325.0,0.0,0.0,0.0,0.0,0.0,0.0,0.0,0.0,7812.103346347588,7686.596653652413,7874.856692695175,7623.843307304825,SEP26,AUG26,2026-08-06,2026-09-18,7749.35,7599.305665762463,FOUND,WARN,UNKNOWN_SERIES;ESTIMATED_EXPIRY_ALIAS,2026-08-02.2,PUT_CALL_PARITY,AUG26,AUG26=PUT_CALL_PARITY;SEP26=PUT_CALL_PARITY;DEC26=PUT_CALL_PARITY;NOV26=PUT_CALL_PARITY;OCT26=PUT_CALL_PARITY;DEC28=PUT_CALL_PARITY;DEC29=PUT_CALL_PARITY;DEC30=PUT_CALL_PARITY;JAN27=PUT_CALL_PARITY;MAR27=PUT_CALL_PARITY;SEP27=PUT_CALL_PARITY;JUN27=PUT_CALL_PARITY;JUN28=SERIES_FORWARD_CLUSTER;DEC27=PUT_CALL_PARITY;MAR28=PUT_CALL_PARITY;FEB27=PUT_CALL_PARITY;APR27=PUT_CALL_PARITY;MAY27=PUT_CALL_PARITY;JUL27=PUT_CALL_PARITY;AUG27=PUT_CALL_PARITY,AUG26=7749.35;SEP26=7753.15;DEC26=7883.5;NOV26=7810.75;OCT26=7815.375;DEC28=8379.75;DEC29=8684.75;DEC30=7840.337;JAN27=7882.5;MAR27=7955;SEP27=8104.25;JUN27=8026.625;JUN28=8918.5;DEC27=8108.25;MAR28=8197;FEB27=7881.125;APR27=7962.25;MAY27=7967.125;JUL27=8047.375;AUG27=8053.25,NONE,WEIGHTED_ATM,2026-08-14,6,441,0.0,NONE,12064,11562,501,0,0,RTM,MDW;MMW;MRW;MTW,OK,NONE,NONE,2026-08-05
SPX,5350.0,0.0,0.0,0.0,0.0,0.0,0.0,0.0,0.0,7812.103346347588,7686.596653652413,7874.856692695175,7623.843307304825,SEP26,AUG26,2026-08-06,2026-09-18,7749.35,7599.305665762463,FOUND,WARN,UNKNOWN_SERIES;ESTIMATED_EXPIRY_ALIAS,2026-08-02.2,PUT_CALL_PARITY,AUG26,AUG26=PUT_CALL_PARITY;SEP26=PUT_CALL_PARITY;DEC26=PUT_CALL_PARITY;NOV26=PUT_CALL_PARITY;OCT26=PUT_CALL_PARITY;DEC28=PUT_CALL_PARITY;DEC29=PUT_CALL_PARITY;DEC30=PUT_CALL_PARITY;JAN27=PUT_CALL_PARITY;MAR27=PUT_CALL_PARITY;SEP27=PUT_CALL_PARITY;JUN27=PUT_CALL_PARITY;JUN28=SERIES_FORWARD_CLUSTER;DEC27=PUT_CALL_PARITY;MAR28=PUT_CALL_PARITY;FEB27=PUT_CALL_PARITY;APR27=PUT_CALL_PARITY;MAY27=PUT_CALL_PARITY;JUL27=PUT_CALL_PARITY;AUG27=PUT_CALL_PARITY,AUG26=7749.35;SEP26=7753.15;DEC26=7883.5;NOV26=7810.75;OCT26=7815.375;DEC28=8379.75;DEC29=8684.75;DEC30=7840.337;JAN27=7882.5;MAR27=7955;SEP27=8104.25;JUN27=8026.625;JUN28=8918.5;DEC27=8108.25;MAR28=8197;FEB27=7881.125;APR27=7962.25;MAY27=7967.125;JUL27=8047.375;AUG27=8053.25,NONE,WEIGHTED_ATM,2026-08-14,6,441,0.0,NONE,12064,11562,501,0,0,RTM,MDW;MMW;MRW;MTW,OK,NONE,NONE,2026-08-05
SPX,5375.0,0.0,0.0,0.0,0.0,0.0,0.0,0.0,0.0,7812.103346347588,7686.596653652413,7874.856692695175,7623.843307304825,SEP26,AUG26,2026-08-06,2026-09-18,7749.35,7599.305665762463,FOUND,WARN,UNKNOWN_SERIES;ESTIMATED_EXPIRY_ALIAS,2026-08-02.2,PUT_CALL_PARITY,AUG26,AUG26=PUT_CALL_PARITY;SEP26=PUT_CALL_PARITY;DEC26=PUT_CALL_PARITY;NOV26=PUT_CALL_PARITY;OCT26=PUT_CALL_PARITY;DEC28=PUT_CALL_PARITY;DEC29=PUT_CALL_PARITY;DEC30=PUT_CALL_PARITY;JAN27=PUT_CALL_PARITY;MAR27=PUT_CALL_PARITY;SEP27=PUT_CALL_PARITY;JUN27=PUT_CALL_PARITY;JUN28=SERIES_FORWARD_CLUSTER;DEC27=PUT_CALL_PARITY;MAR28=PUT_CALL_PARITY;FEB27=PUT_CALL_PARITY;APR27=PUT_CALL_PARITY;MAY27=PUT_CALL_PARITY;JUL27=PUT_CALL_PARITY;AUG27=PUT_CALL_PARITY,AUG26=7749.35;SEP26=7753.15;DEC26=7883.5;NOV26=7810.75;OCT26=7815.375;DEC28=8379.75;DEC29=8684.75;DEC30=7840.337;JAN27=7882.5;MAR27=7955;SEP27=8104.25;JUN27=8026.625;JUN28=8918.5;DEC27=8108.25;MAR28=8197;FEB27=7881.125;APR27=7962.25;MAY27=7967.125;JUL27=8047.375;AUG27=8053.25,NONE,WEIGHTED_ATM,2026-08-14,6,441,0.0,NONE,12064,11562,501,0,0,RTM,MDW;MMW;MRW;MTW,OK,NONE,NONE,2026-08-05
SPX,5400.0,0.0,0.0,0.0,0.0,0.0,0.0,0.0,0.0,7812.103346347588,7686.596653652413,7874.856692695175,7623.843307304825,SEP26,AUG26,2026-08-06,2026-09-18,7749.35,7599.305665762463,FOUND,WARN,UNKNOWN_SERIES;ESTIMATED_EXPIRY_ALIAS,2026-08-02.2,PUT_CALL_PARITY,AUG26,AUG26=PUT_CALL_PARITY;SEP26=PUT_CALL_PARITY;DEC26=PUT_CALL_PARITY;NOV26=PUT_CALL_PARITY;OCT26=PUT_CALL_PARITY;DEC28=PUT_CALL_PARITY;DEC29=PUT_CALL_PARITY;DEC30=PUT_CALL_PARITY;JAN27=PUT_CALL_PARITY;MAR27=PUT_CALL_PARITY;SEP27=PUT_CALL_PARITY;JUN27=PUT_CALL_PARITY;JUN28=SERIES_FORWARD_CLUSTER;DEC27=PUT_CALL_PARITY;MAR28=PUT_CALL_PARITY;FEB27=PUT_CALL_PARITY;APR27=PUT_CALL_PARITY;MAY27=PUT_CALL_PARITY;JUL27=PUT_CALL_PARITY;AUG27=PUT_CALL_PARITY,AUG26=7749.35;SEP26=7753.15;DEC26=7883.5;NOV26=7810.75;OCT26=7815.375;DEC28=8379.75;DEC29=8684.75;DEC30=7840.337;JAN27=7882.5;MAR27=7955;SEP27=8104.25;JUN27=8026.625;JUN28=8918.5;DEC27=8108.25;MAR28=8197;FEB27=7881.125;APR27=7962.25;MAY27=7967.125;JUL27=8047.375;AUG27=8053.25,NONE,WEIGHTED_ATM,2026-08-14,6,441,0.0,NONE,12064,11562,501,0,0,RTM,MDW;MMW;MRW;MTW,OK,NONE,NONE,2026-08-05
SPX,5450.0,-1256929.8580428092,2.097738609125161,0.0,0.0,0.0,0.0,0.0,0.0,7812.103346347588,7686.596653652413,7874.856692695175,7623.843307304825,SEP26,AUG26,2026-08-06,2026-09-18,7749.35,7599.305665762463,FOUND,WARN,UNKNOWN_SERIES;ESTIMATED_EXPIRY_ALIAS,2026-08-02.2,PUT_CALL_PARITY,AUG26,AUG26=PUT_CALL_PARITY;SEP26=PUT_CALL_PARITY;DEC26=PUT_CALL_PARITY;NOV26=PUT_CALL_PARITY;OCT26=PUT_CALL_PARITY;DEC28=PUT_CALL_PARITY;DEC29=PUT_CALL_PARITY;DEC30=PUT_CALL_PARITY;JAN27=PUT_CALL_PARITY;MAR27=PUT_CALL_PARITY;SEP27=PUT_CALL_PARITY;JUN27=PUT_CALL_PARITY;JUN28=SERIES_FORWARD_CLUSTER;DEC27=PUT_CALL_PARITY;MAR28=PUT_CALL_PARITY;FEB27=PUT_CALL_PARITY;APR27=PUT_CALL_PARITY;MAY27=PUT_CALL_PARITY;JUL27=PUT_CALL_PARITY;AUG27=PUT_CALL_PARITY,AUG26=7749.35;SEP26=7753.15;DEC26=7883.5;NOV26=7810.75;OCT26=7815.375;DEC28=8379.75;DEC29=8684.75;DEC30=7840.337;JAN27=7882.5;MAR27=7955;SEP27=8104.25;JUN27=8026.625;JUN28=8918.5;DEC27=8108.25;MAR28=8197;FEB27=7881.125;APR27=7962.25;MAY27=7967.125;JUL27=8047.375;AUG27=8053.25,NONE,WEIGHTED_ATM,2026-08-14,6,441,0.0,NONE,12064,11562,501,0,0,RTM,MDW;MMW;MRW;MTW,OK,NONE,NONE,2026-08-05
SPX,5475.0,-352.95912445599623,0.0005877516552791089,0.0,0.0,0.0,0.0,0.0,0.0,7812.103346347588,7686.596653652413,7874.856692695175,7623.843307304825,SEP26,AUG26,2026-08-06,2026-09-18,7749.35,7599.305665762463,FOUND,WARN,UNKNOWN_SERIES;ESTIMATED_EXPIRY_ALIAS,2026-08-02.2,PUT_CALL_PARITY,AUG26,AUG26=PUT_CALL_PARITY;SEP26=PUT_CALL_PARITY;DEC26=PUT_CALL_PARITY;NOV26=PUT_CALL_PARITY;OCT26=PUT_CALL_PARITY;DEC28=PUT_CALL_PARITY;DEC29=PUT_CALL_PARITY;DEC30=PUT_CALL_PARITY;JAN27=PUT_CALL_PARITY;MAR27=PUT_CALL_PARITY;SEP27=PUT_CALL_PARITY;JUN27=PUT_CALL_PARITY;JUN28=SERIES_FORWARD_CLUSTER;DEC27=PUT_CALL_PARITY;MAR28=PUT_CALL_PARITY;FEB27=PUT_CALL_PARITY;APR27=PUT_CALL_PARITY;MAY27=PUT_CALL_PARITY;JUL27=PUT_CALL_PARITY;AUG27=PUT_CALL_PARITY,AUG26=7749.35;SEP26=7753.15;DEC26=7883.5;NOV26=7810.75;OCT26=7815.375;DEC28=8379.75;DEC29=8684.75;DEC30=7840.337;JAN27=7882.5;MAR27=7955;SEP27=8104.25;JUN27=8026.625;JUN28=8918.5;DEC27=8108.25;MAR28=8197;FEB27=7881.125;APR27=7962.25;MAY27=7967.125;JUL27=8047.375;AUG27=8053.25,NONE,WEIGHTED_ATM,2026-08-14,6,441,0.0,NONE,12064,11562,501,0,0,RTM,MDW;MMW;MRW;MTW,OK,NONE,NONE,2026-08-05
SPX,5500.0,-8968575.72414241,14.818071470293868,0.0,0.0,0.0,0.0,0.0,0.0,7812.103346347588,7686.596653652413,7874.856692695175,7623.843307304825,SEP26,AUG26,2026-08-06,2026-09-18,7749.35,7599.305665762463,FOUND,WARN,UNKNOWN_SERIES;ESTIMATED_EXPIRY_ALIAS,2026-08-02.2,PUT_CALL_PARITY,AUG26,AUG26=PUT_CALL_PARITY;SEP26=PUT_CALL_PARITY;DEC26=PUT_CALL_PARITY;NOV26=PUT_CALL_PARITY;OCT26=PUT_CALL_PARITY;DEC28=PUT_CALL_PARITY;DEC29=PUT_CALL_PARITY;DEC30=PUT_CALL_PARITY;JAN27=PUT_CALL_PARITY;MAR27=PUT_CALL_PARITY;SEP27=PUT_CALL_PARITY;JUN27=PUT_CALL_PARITY;JUN28=SERIES_FORWARD_CLUSTER;DEC27=PUT_CALL_PARITY;MAR28=PUT_CALL_PARITY;FEB27=PUT_CALL_PARITY;APR27=PUT_CALL_PARITY;MAY27=PUT_CALL_PARITY;JUL27=PUT_CALL_PARITY;AUG27=PUT_CALL_PARITY,AUG26=7749.35;SEP26=7753.15;DEC26=7883.5;NOV26=7810.75;OCT26=7815.375;DEC28=8379.75;DEC29=8684.75;DEC30=7840.337;JAN27=7882.5;MAR27=7955;SEP27=8104.25;JUN27=8026.625;JUN28=8918.5;DEC27=8108.25;MAR28=8197;FEB27=7881.125;APR27=7962.25;MAY27=7967.125;JUL27=8047.375;AUG27=8053.25,NONE,WEIGHTED_ATM,2026-08-14,6,441,0.0,NONE,12064,11562,501,0,0,RTM,MDW;MMW;MRW;MTW,OK,NONE,NONE,2026-08-05
SPX,5550.0,-6751107.286782363,11.021410285480489,0.0,0.0,0.0,0.0,0.0,0.0,7812.103346347588,7686.596653652413,7874.856692695175,7623.843307304825,SEP26,AUG26,2026-08-06,2026-09-18,7749.35,7599.305665762463,FOUND,WARN,UNKNOWN_SERIES;ESTIMATED_EXPIRY_ALIAS,2026-08-02.2,PUT_CALL_PARITY,AUG26,AUG26=PUT_CALL_PARITY;SEP26=PUT_CALL_PARITY;DEC26=PUT_CALL_PARITY;NOV26=PUT_CALL_PARITY;OCT26=PUT_CALL_PARITY;DEC28=PUT_CALL_PARITY;DEC29=PUT_CALL_PARITY;DEC30=PUT_CALL_PARITY;JAN27=PUT_CALL_PARITY;MAR27=PUT_CALL_PARITY;SEP27=PUT_CALL_PARITY;JUN27=PUT_CALL_PARITY;JUN28=SERIES_FORWARD_CLUSTER;DEC27=PUT_CALL_PARITY;MAR28=PUT_CALL_PARITY;FEB27=PUT_CALL_PARITY;APR27=PUT_CALL_PARITY;MAY27=PUT_CALL_PARITY;JUL27=PUT_CALL_PARITY;AUG27=PUT_CALL_PARITY,AUG26=7749.35;SEP26=7753.15;DEC26=7883.5;NOV26=7810.75;OCT26=7815.375;DEC28=8379.75;DEC29=8684.75;DEC30=7840.337;JAN27=7882.5;MAR27=7955;SEP27=8104.25;JUN27=8026.625;JUN28=8918.5;DEC27=8108.25;MAR28=8197;FEB27=7881.125;APR27=7962.25;MAY27=7967.125;JUL27=8047.375;AUG27=8053.25,NONE,WEIGHTED_ATM,2026-08-14,6,441,0.0,NONE,12064,11562,501,0,0,RTM,MDW;MMW;MRW;MTW,OK,NONE,NONE,2026-08-05
SPX,5600.0,-10605865.846514605,17.237136809119693,0.0,0.0,0.0,0.0,0.0,0.0,7812.103346347588,7686.596653652413,7874.856692695175,7623.843307304825,SEP26,AUG26,2026-08-06,2026-09-18,7749.35,7599.305665762463,FOUND,WARN,UNKNOWN_SERIES;ESTIMATED_EXPIRY_ALIAS,2026-08-02.2,PUT_CALL_PARITY,AUG26,AUG26=PUT_CALL_PARITY;SEP26=PUT_CALL_PARITY;DEC26=PUT_CALL_PARITY;NOV26=PUT_CALL_PARITY;OCT26=PUT_CALL_PARITY;DEC28=PUT_CALL_PARITY;DEC29=PUT_CALL_PARITY;DEC30=PUT_CALL_PARITY;JAN27=PUT_CALL_PARITY;MAR27=PUT_CALL_PARITY;SEP27=PUT_CALL_PARITY;JUN27=PUT_CALL_PARITY;JUN28=SERIES_FORWARD_CLUSTER;DEC27=PUT_CALL_PARITY;MAR28=PUT_CALL_PARITY;FEB27=PUT_CALL_PARITY;APR27=PUT_CALL_PARITY;MAY27=PUT_CALL_PARITY;JUL27=PUT_CALL_PARITY;AUG27=PUT_CALL_PARITY,AUG26=7749.35;SEP26=7753.15;DEC26=7883.5;NOV26=7810.75;OCT26=7815.375;DEC28=8379.75;DEC29=8684.75;DEC30=7840.337;JAN27=7882.5;MAR27=7955;SEP27=8104.25;JUN27=8026.625;JUN28=8918.5;DEC27=8108.25;MAR28=8197;FEB27=7881.125;APR27=7962.25;MAY27=7967.125;JUL27=8047.375;AUG27=8053.25,NONE,WEIGHTED_ATM,2026-08-14,6,441,0.0,NONE,12064,11562,501,0,0,RTM,MDW;MMW;MRW;MTW,OK,NONE,NONE,2026-08-05
SPX,5625.0,-2157.286883517545,0.0035923393074299846,0.0,0.0,0.0,0.0,0.0,0.0,7812.103346347588,7686.596653652413,7874.856692695175,7623.843307304825,SEP26,AUG26,2026-08-06,2026-09-18,7749.35,7599.305665762463,FOUND,WARN,UNKNOWN_SERIES;ESTIMATED_EXPIRY_ALIAS,2026-08-02.2,PUT_CALL_PARITY,AUG26,AUG26=PUT_CALL_PARITY;SEP26=PUT_CALL_PARITY;DEC26=PUT_CALL_PARITY;NOV26=PUT_CALL_PARITY;OCT26=PUT_CALL_PARITY;DEC28=PUT_CALL_PARITY;DEC29=PUT_CALL_PARITY;DEC30=PUT_CALL_PARITY;JAN27=PUT_CALL_PARITY;MAR27=PUT_CALL_PARITY;SEP27=PUT_CALL_PARITY;JUN27=PUT_CALL_PARITY;JUN28=SERIES_FORWARD_CLUSTER;DEC27=PUT_CALL_PARITY;MAR28=PUT_CALL_PARITY;FEB27=PUT_CALL_PARITY;APR27=PUT_CALL_PARITY;MAY27=PUT_CALL_PARITY;JUL27=PUT_CALL_PARITY;AUG27=PUT_CALL_PARITY,AUG26=7749.35;SEP26=7753.15;DEC26=7883.5;NOV26=7810.75;OCT26=7815.375;DEC28=8379.75;DEC29=8684.75;DEC30=7840.337;JAN27=7882.5;MAR27=7955;SEP27=8104.25;JUN27=8026.625;JUN28=8918.5;DEC27=8108.25;MAR28=8197;FEB27=7881.125;APR27=7962.25;MAY27=7967.125;JUL27=8047.375;AUG27=8053.25,NONE,WEIGHTED_ATM,2026-08-14,6,441,0.0,NONE,12064,11562,501,0,0,RTM,MDW;MMW;MRW;MTW,OK,NONE,NONE,2026-08-05
SPX,5650.0,-10386730.666823927,16.859795915873722,0.0,0.0,0.0,0.0,0.0,0.0,7812.103346347588,7686.596653652413,7874.856692695175,7623.843307304825,SEP26,AUG26,2026-08-06,2026-09-18,7749.35,7599.305665762463,FOUND,WARN,UNKNOWN_SERIES;ESTIMATED_EXPIRY_ALIAS,2026-08-02.2,PUT_CALL_PARITY,AUG26,AUG26=PUT_CALL_PARITY;SEP26=PUT_CALL_PARITY;DEC26=PUT_CALL_PARITY;NOV26=PUT_CALL_PARITY;OCT26=PUT_CALL_PARITY;DEC28=PUT_CALL_PARITY;DEC29=PUT_CALL_PARITY;DEC30=PUT_CALL_PARITY;JAN27=PUT_CALL_PARITY;MAR27=PUT_CALL_PARITY;SEP27=PUT_CALL_PARITY;JUN27=PUT_CALL_PARITY;JUN28=SERIES_FORWARD_CLUSTER;DEC27=PUT_CALL_PARITY;MAR28=PUT_CALL_PARITY;FEB27=PUT_CALL_PARITY;APR27=PUT_CALL_PARITY;MAY27=PUT_CALL_PARITY;JUL27=PUT_CALL_PARITY;AUG27=PUT_CALL_PARITY,AUG26=7749.35;SEP26=7753.15;DEC26=7883.5;NOV26=7810.75;OCT26=7815.375;DEC28=8379.75;DEC29=8684.75;DEC30=7840.337;JAN27=7882.5;MAR27=7955;SEP27=8104.25;JUN27=8026.625;JUN28=8918.5;DEC27=8108.25;MAR28=8197;FEB27=7881.125;APR27=7962.25;MAY27=7967.125;JUL27=8047.375;AUG27=8053.25,NONE,WEIGHTED_ATM,2026-08-14,6,441,0.0,NONE,12064,11562,501,0,0,RTM,MDW;MMW;MRW;MTW,OK,NONE,NONE,2026-08-05
SPX,5675.0,-33317.98599096237,0.05548149930090756,0.0,0.0,0.0,0.0,0.0,0.0,7812.103346347588,7686.596653652413,7874.856692695175,7623.843307304825,SEP26,AUG26,2026-08-06,2026-09-18,7749.35,7599.305665762463,FOUND,WARN,UNKNOWN_SERIES;ESTIMATED_EXPIRY_ALIAS,2026-08-02.2,PUT_CALL_PARITY,AUG26,AUG26=PUT_CALL_PARITY;SEP26=PUT_CALL_PARITY;DEC26=PUT_CALL_PARITY;NOV26=PUT_CALL_PARITY;OCT26=PUT_CALL_PARITY;DEC28=PUT_CALL_PARITY;DEC29=PUT_CALL_PARITY;DEC30=PUT_CALL_PARITY;JAN27=PUT_CALL_PARITY;MAR27=PUT_CALL_PARITY;SEP27=PUT_CALL_PARITY;JUN27=PUT_CALL_PARITY;JUN28=SERIES_FORWARD_CLUSTER;DEC27=PUT_CALL_PARITY;MAR28=PUT_CALL_PARITY;FEB27=PUT_CALL_PARITY;APR27=PUT_CALL_PARITY;MAY27=PUT_CALL_PARITY;JUL27=PUT_CALL_PARITY;AUG27=PUT_CALL_PARITY,AUG26=7749.35;SEP26=7753.15;DEC26=7883.5;NOV26=7810.75;OCT26=7815.375;DEC28=8379.75;DEC29=8684.75;DEC30=7840.337;JAN27=7882.5;MAR27=7955;SEP27=8104.25;JUN27=8026.625;JUN28=8918.5;DEC27=8108.25;MAR28=8197;FEB27=7881.125;APR27=7962.25;MAY27=7967.125;JUL27=8047.375;AUG27=8053.25,NONE,WEIGHTED_ATM,2026-08-14,6,441,0.0,NONE,12064,11562,501,0,0,RTM,MDW;MMW;MRW;MTW,OK,NONE,NONE,2026-08-05
SPX,5700.0,-16266842.53075854,26.2368267742855,0.0,0.0,0.0,0.0,0.0,0.0,7812.103346347588,7686.596653652413,7874.856692695175,7623.843307304825,SEP26,AUG26,2026-08-06,2026-09-18,7749.35,7599.305665762463,FOUND,WARN,UNKNOWN_SERIES;ESTIMATED_EXPIRY_ALIAS,2026-08-02.2,PUT_CALL_PARITY,AUG26,AUG26=PUT_CALL_PARITY;SEP26=PUT_CALL_PARITY;DEC26=PUT_CALL_PARITY;NOV26=PUT_CALL_PARITY;OCT26=PUT_CALL_PARITY;DEC28=PUT_CALL_PARITY;DEC29=PUT_CALL_PARITY;DEC30=PUT_CALL_PARITY;JAN27=PUT_CALL_PARITY;MAR27=PUT_CALL_PARITY;SEP27=PUT_CALL_PARITY;JUN27=PUT_CALL_PARITY;JUN28=SERIES_FORWARD_CLUSTER;DEC27=PUT_CALL_PARITY;MAR28=PUT_CALL_PARITY;FEB27=PUT_CALL_PARITY;APR27=PUT_CALL_PARITY;MAY27=PUT_CALL_PARITY;JUL27=PUT_CALL_PARITY;AUG27=PUT_CALL_PARITY,AUG26=7749.35;SEP26=7753.15;DEC26=7883.5;NOV26=7810.75;OCT26=7815.375;DEC28=8379.75;DEC29=8684.75;DEC30=7840.337;JAN27=7882.5;MAR27=7955;SEP27=8104.25;JUN27=8026.625;JUN28=8918.5;DEC27=8108.25;MAR28=8197;FEB27=7881.125;APR27=7962.25;MAY27=7967.125;JUL27=8047.375;AUG27=8053.25,NONE,WEIGHTED_ATM,2026-08-14,6,441,0.0,NONE,12064,11562,501,0,0,RTM,MDW;MMW;MRW;MTW,OK,NONE,NONE,2026-08-05
SPX,5725.0,-750.3186069121618,0.0012494393051292775,0.0,0.0,0.0,0.0,0.0,0.0,7812.103346347588,7686.596653652413,7874.856692695175,7623.843307304825,SEP26,AUG26,2026-08-06,2026-09-18,7749.35,7599.305665762463,FOUND,WARN,UNKNOWN_SERIES;ESTIMATED_EXPIRY_ALIAS,2026-08-02.2,PUT_CALL_PARITY,AUG26,AUG26=PUT_CALL_PARITY;SEP26=PUT_CALL_PARITY;DEC26=PUT_CALL_PARITY;NOV26=PUT_CALL_PARITY;OCT26=PUT_CALL_PARITY;DEC28=PUT_CALL_PARITY;DEC29=PUT_CALL_PARITY;DEC30=PUT_CALL_PARITY;JAN27=PUT_CALL_PARITY;MAR27=PUT_CALL_PARITY;SEP27=PUT_CALL_PARITY;JUN27=PUT_CALL_PARITY;JUN28=SERIES_FORWARD_CLUSTER;DEC27=PUT_CALL_PARITY;MAR28=PUT_CALL_PARITY;FEB27=PUT_CALL_PARITY;APR27=PUT_CALL_PARITY;MAY27=PUT_CALL_PARITY;JUL27=PUT_CALL_PARITY;AUG27=PUT_CALL_PARITY,AUG26=7749.35;SEP26=7753.15;DEC26=7883.5;NOV26=7810.75;OCT26=7815.375;DEC28=8379.75;DEC29=8684.75;DEC30=7840.337;JAN27=7882.5;MAR27=7955;SEP27=8104.25;JUN27=8026.625;JUN28=8918.5;DEC27=8108.25;MAR28=8197;FEB27=7881.125;APR27=7962.25;MAY27=7967.125;JUL27=8047.375;AUG27=8053.25,NONE,WEIGHTED_ATM,2026-08-14,6,441,0.0,NONE,12064,11562,501,0,0,RTM,MDW;MMW;MRW;MTW,OK,NONE,NONE,2026-08-05
SPX,5750.0,-11105992.487504998,17.886962574652753,0.0,0.0,0.0,0.0,0.0,0.0,7812.103346347588,7686.596653652413,7874.856692695175,7623.843307304825,SEP26,AUG26,2026-08-06,2026-09-18,7749.35,7599.305665762463,FOUND,WARN,UNKNOWN_SERIES;ESTIMATED_EXPIRY_ALIAS,2026-08-02.2,PUT_CALL_PARITY,AUG26,AUG26=PUT_CALL_PARITY;SEP26=PUT_CALL_PARITY;DEC26=PUT_CALL_PARITY;NOV26=PUT_CALL_PARITY;OCT26=PUT_CALL_PARITY;DEC28=PUT_CALL_PARITY;DEC29=PUT_CALL_PARITY;DEC30=PUT_CALL_PARITY;JAN27=PUT_CALL_PARITY;MAR27=PUT_CALL_PARITY;SEP27=PUT_CALL_PARITY;JUN27=PUT_CALL_PARITY;JUN28=SERIES_FORWARD_CLUSTER;DEC27=PUT_CALL_PARITY;MAR28=PUT_CALL_PARITY;FEB27=PUT_CALL_PARITY;APR27=PUT_CALL_PARITY;MAY27=PUT_CALL_PARITY;JUL27=PUT_CALL_PARITY;AUG27=PUT_CALL_PARITY,AUG26=7749.35;SEP26=7753.15;DEC26=7883.5;NOV26=7810.75;OCT26=7815.375;DEC28=8379.75;DEC29=8684.75;DEC30=7840.337;JAN27=7882.5;MAR27=7955;SEP27=8104.25;JUN27=8026.625;JUN28=8918.5;DEC27=8108.25;MAR28=8197;FEB27=7881.125;APR27=7962.25;MAY27=7967.125;JUL27=8047.375;AUG27=8053.25,NONE,WEIGHTED_ATM,2026-08-14,6,441,0.0,NONE,12064,11562,501,0,0,RTM,MDW;MMW;MRW;MTW,OK,NONE,NONE,2026-08-05
SPX,5775.0,-4091.387472431714,0.006813026191109981,0.0,0.0,0.0,0.0,0.0,0.0,7812.103346347588,7686.596653652413,7874.856692695175,7623.843307304825,SEP26,AUG26,2026-08-06,2026-09-18,7749.35,7599.305665762463,FOUND,WARN,UNKNOWN_SERIES;ESTIMATED_EXPIRY_ALIAS,2026-08-02.2,PUT_CALL_PARITY,AUG26,AUG26=PUT_CALL_PARITY;SEP26=PUT_CALL_PARITY;DEC26=PUT_CALL_PARITY;NOV26=PUT_CALL_PARITY;OCT26=PUT_CALL_PARITY;DEC28=PUT_CALL_PARITY;DEC29=PUT_CALL_PARITY;DEC30=PUT_CALL_PARITY;JAN27=PUT_CALL_PARITY;MAR27=PUT_CALL_PARITY;SEP27=PUT_CALL_PARITY;JUN27=PUT_CALL_PARITY;JUN28=SERIES_FORWARD_CLUSTER;DEC27=PUT_CALL_PARITY;MAR28=PUT_CALL_PARITY;FEB27=PUT_CALL_PARITY;APR27=PUT_CALL_PARITY;MAY27=PUT_CALL_PARITY;JUL27=PUT_CALL_PARITY;AUG27=PUT_CALL_PARITY,AUG26=7749.35;SEP26=7753.15;DEC26=7883.5;NOV26=7810.75;OCT26=7815.375;DEC28=8379.75;DEC29=8684.75;DEC30=7840.337;JAN27=7882.5;MAR27=7955;SEP27=8104.25;JUN27=8026.625;JUN28=8918.5;DEC27=8108.25;MAR28=8197;FEB27=7881.125;APR27=7962.25;MAY27=7967.125;JUL27=8047.375;AUG27=8053.25,NONE,WEIGHTED_ATM,2026-08-14,6,441,0.0,NONE,12064,11562,501,0,0,RTM,MDW;MMW;MRW;MTW,OK,NONE,NONE,2026-08-05
SPX,5800.0,-22997640.854264077,37.355033609220314,0.0,0.0,0.0,0.0,0.0,0.0,7812.103346347588,7686.596653652413,7874.856692695175,7623.843307304825,SEP26,AUG26,2026-08-06,2026-09-18,7749.35,7599.305665762463,FOUND,WARN,UNKNOWN_SERIES;ESTIMATED_EXPIRY_ALIAS,2026-08-02.2,PUT_CALL_PARITY,AUG26,AUG26=PUT_CALL_PARITY;SEP26=PUT_CALL_PARITY;DEC26=PUT_CALL_PARITY;NOV26=PUT_CALL_PARITY;OCT26=PUT_CALL_PARITY;DEC28=PUT_CALL_PARITY;DEC29=PUT_CALL_PARITY;DEC30=PUT_CALL_PARITY;JAN27=PUT_CALL_PARITY;MAR27=PUT_CALL_PARITY;SEP27=PUT_CALL_PARITY;JUN27=PUT_CALL_PARITY;JUN28=SERIES_FORWARD_CLUSTER;DEC27=PUT_CALL_PARITY;MAR28=PUT_CALL_PARITY;FEB27=PUT_CALL_PARITY;APR27=PUT_CALL_PARITY;MAY27=PUT_CALL_PARITY;JUL27=PUT_CALL_PARITY;AUG27=PUT_CALL_PARITY,AUG26=7749.35;SEP26=7753.15;DEC26=7883.5;NOV26=7810.75;OCT26=7815.375;DEC28=8379.75;DEC29=8684.75;DEC30=7840.337;JAN27=7882.5;MAR27=7955;SEP27=8104.25;JUN27=8026.625;JUN28=8918.5;DEC27=8108.25;MAR28=8197;FEB27=7881.125;APR27=7962.25;MAY27=7967.125;JUL27=8047.375;AUG27=8053.25,NONE,WEIGHTED_ATM,2026-08-14,6,441,0.0,NONE,12064,11562,501,0,0,RTM,MDW;MMW;MRW;MTW,OK,NONE,NONE,2026-08-05
SPX,5825.0,-9489.890048223317,0.015802675714522787,0.0,0.0,0.0,0.0,0.0,0.0,7812.103346347588,7686.596653652413,7874.856692695175,7623.843307304825,SEP26,AUG26,2026-08-06,2026-09-18,7749.35,7599.305665762463,FOUND,WARN,UNKNOWN_SERIES;ESTIMATED_EXPIRY_ALIAS,2026-08-02.2,PUT_CALL_PARITY,AUG26,AUG26=PUT_CALL_PARITY;SEP26=PUT_CALL_PARITY;DEC26=PUT_CALL_PARITY;NOV26=PUT_CALL_PARITY;OCT26=PUT_CALL_PARITY;DEC28=PUT_CALL_PARITY;DEC29=PUT_CALL_PARITY;DEC30=PUT_CALL_PARITY;JAN27=PUT_CALL_PARITY;MAR27=PUT_CALL_PARITY;SEP27=PUT_CALL_PARITY;JUN27=PUT_CALL_PARITY;JUN28=SERIES_FORWARD_CLUSTER;DEC27=PUT_CALL_PARITY;MAR28=PUT_CALL_PARITY;FEB27=PUT_CALL_PARITY;APR27=PUT_CALL_PARITY;MAY27=PUT_CALL_PARITY;JUL27=PUT_CALL_PARITY;AUG27=PUT_CALL_PARITY,AUG26=7749.35;SEP26=7753.15;DEC26=7883.5;NOV26=7810.75;OCT26=7815.375;DEC28=8379.75;DEC29=8684.75;DEC30=7840.337;JAN27=7882.5;MAR27=7955;SEP27=8104.25;JUN27=8026.625;JUN28=8918.5;DEC27=8108.25;MAR28=8197;FEB27=7881.125;APR27=7962.25;MAY27=7967.125;JUL27=8047.375;AUG27=8053.25,NONE,WEIGHTED_ATM,2026-08-14,6,441,0.0,NONE,12064,11562,501,0,0,RTM,MDW;MMW;MRW;MTW,OK,NONE,NONE,2026-08-05
SPX,5850.0,-12535106.481353257,20.359899666251074,0.0,0.0,0.0,0.0,0.0,0.0,7812.103346347588,7686.596653652413,7874.856692695175,7623.843307304825,SEP26,AUG26,2026-08-06,2026-09-18,7749.35,7599.305665762463,FOUND,WARN,UNKNOWN_SERIES;ESTIMATED_EXPIRY_ALIAS,2026-08-02.2,PUT_CALL_PARITY,AUG26,AUG26=PUT_CALL_PARITY;SEP26=PUT_CALL_PARITY;DEC26=PUT_CALL_PARITY;NOV26=PUT_CALL_PARITY;OCT26=PUT_CALL_PARITY;DEC28=PUT_CALL_PARITY;DEC29=PUT_CALL_PARITY;DEC30=PUT_CALL_PARITY;JAN27=PUT_CALL_PARITY;MAR27=PUT_CALL_PARITY;SEP27=PUT_CALL_PARITY;JUN27=PUT_CALL_PARITY;JUN28=SERIES_FORWARD_CLUSTER;DEC27=PUT_CALL_PARITY;MAR28=PUT_CALL_PARITY;FEB27=PUT_CALL_PARITY;APR27=PUT_CALL_PARITY;MAY27=PUT_CALL_PARITY;JUL27=PUT_CALL_PARITY;AUG27=PUT_CALL_PARITY,AUG26=7749.35;SEP26=7753.15;DEC26=7883.5;NOV26=7810.75;OCT26=7815.375;DEC28=8379.75;DEC29=8684.75;DEC30=7840.337;JAN27=7882.5;MAR27=7955;SEP27=8104.25;JUN27=8026.625;JUN28=8918.5;DEC27=8108.25;MAR28=8197;FEB27=7881.125;APR27=7962.25;MAY27=7967.125;JUL27=8047.375;AUG27=8053.25,NONE,WEIGHTED_ATM,2026-08-14,6,441,0.0,NONE,12064,11562,501,0,0,RTM,MDW;MMW;MRW;MTW,OK,NONE,NONE,2026-08-05
SPX,5875.0,-36358.280582982385,0.06054423335474462,0.0,0.0,0.0,0.0,0.0,0.0,7812.103346347588,7686.596653652413,7874.856692695175,7623.843307304825,SEP26,AUG26,2026-08-06,2026-09-18,7749.35,7599.305665762463,FOUND,WARN,UNKNOWN_SERIES;ESTIMATED_EXPIRY_ALIAS,2026-08-02.2,PUT_CALL_PARITY,AUG26,AUG26=PUT_CALL_PARITY;SEP26=PUT_CALL_PARITY;DEC26=PUT_CALL_PARITY;NOV26=PUT_CALL_PARITY;OCT26=PUT_CALL_PARITY;DEC28=PUT_CALL_PARITY;DEC29=PUT_CALL_PARITY;DEC30=PUT_CALL_PARITY;JAN27=PUT_CALL_PARITY;MAR27=PUT_CALL_PARITY;SEP27=PUT_CALL_PARITY;JUN27=PUT_CALL_PARITY;JUN28=SERIES_FORWARD_CLUSTER;DEC27=PUT_CALL_PARITY;MAR28=PUT_CALL_PARITY;FEB27=PUT_CALL_PARITY;APR27=PUT_CALL_PARITY;MAY27=PUT_CALL_PARITY;JUL27=PUT_CALL_PARITY;AUG27=PUT_CALL_PARITY,AUG26=7749.35;SEP26=7753.15;DEC26=7883.5;NOV26=7810.75;OCT26=7815.375;DEC28=8379.75;DEC29=8684.75;DEC30=7840.337;JAN27=7882.5;MAR27=7955;SEP27=8104.25;JUN27=8026.625;JUN28=8918.5;DEC27=8108.25;MAR28=8197;FEB27=7881.125;APR27=7962.25;MAY27=7967.125;JUL27=8047.375;AUG27=8053.25,NONE,WEIGHTED_ATM,2026-08-14,6,441,0.0,NONE,12064,11562,501,0,0,RTM,MDW;MMW;MRW;MTW,OK,NONE,NONE,2026-08-05
SPX,5900.0,-20432693.92719946,33.34195887353287,0.0,0.0,0.0,0.0,0.0,0.0,7812.103346347588,7686.596653652413,7874.856692695175,7623.843307304825,SEP26,AUG26,2026-08-06,2026-09-18,7749.35,7599.305665762463,FOUND,WARN,UNKNOWN_SERIES;ESTIMATED_EXPIRY_ALIAS,2026-08-02.2,PUT_CALL_PARITY,AUG26,AUG26=PUT_CALL_PARITY;SEP26=PUT_CALL_PARITY;DEC26=PUT_CALL_PARITY;NOV26=PUT_CALL_PARITY;OCT26=PUT_CALL_PARITY;DEC28=PUT_CALL_PARITY;DEC29=PUT_CALL_PARITY;DEC30=PUT_CALL_PARITY;JAN27=PUT_CALL_PARITY;MAR27=PUT_CALL_PARITY;SEP27=PUT_CALL_PARITY;JUN27=PUT_CALL_PARITY;JUN28=SERIES_FORWARD_CLUSTER;DEC27=PUT_CALL_PARITY;MAR28=PUT_CALL_PARITY;FEB27=PUT_CALL_PARITY;APR27=PUT_CALL_PARITY;MAY27=PUT_CALL_PARITY;JUL27=PUT_CALL_PARITY;AUG27=PUT_CALL_PARITY,AUG26=7749.35;SEP26=7753.15;DEC26=7883.5;NOV26=7810.75;OCT26=7815.375;DEC28=8379.75;DEC29=8684.75;DEC30=7840.337;JAN27=7882.5;MAR27=7955;SEP27=8104.25;JUN27=8026.625;JUN28=8918.5;DEC27=8108.25;MAR28=8197;FEB27=7881.125;APR27=7962.25;MAY27=7967.125;JUL27=8047.375;AUG27=8053.25,NONE,WEIGHTED_ATM,2026-08-14,6,441,0.0,NONE,12064,11562,501,0,0,RTM,MDW;MMW;MRW;MTW,OK,NONE,NONE,2026-08-05
SPX,5925.0,-434456.92337300914,0.7230712881958855,0.0,0.0,0.0,0.0,0.0,0.0,7812.103346347588,7686.596653652413,7874.856692695175,7623.843307304825,SEP26,AUG26,2026-08-06,2026-09-18,7749.35,7599.305665762463,FOUND,WARN,UNKNOWN_SERIES;ESTIMATED_EXPIRY_ALIAS,2026-08-02.2,PUT_CALL_PARITY,AUG26,AUG26=PUT_CALL_PARITY;SEP26=PUT_CALL_PARITY;DEC26=PUT_CALL_PARITY;NOV26=PUT_CALL_PARITY;OCT26=PUT_CALL_PARITY;DEC28=PUT_CALL_PARITY;DEC29=PUT_CALL_PARITY;DEC30=PUT_CALL_PARITY;JAN27=PUT_CALL_PARITY;MAR27=PUT_CALL_PARITY;SEP27=PUT_CALL_PARITY;JUN27=PUT_CALL_PARITY;JUN28=SERIES_FORWARD_CLUSTER;DEC27=PUT_CALL_PARITY;MAR28=PUT_CALL_PARITY;FEB27=PUT_CALL_PARITY;APR27=PUT_CALL_PARITY;MAY27=PUT_CALL_PARITY;JUL27=PUT_CALL_PARITY;AUG27=PUT_CALL_PARITY,AUG26=7749.35;SEP26=7753.15;DEC26=7883.5;NOV26=7810.75;OCT26=7815.375;DEC28=8379.75;DEC29=8684.75;DEC30=7840.337;JAN27=7882.5;MAR27=7955;SEP27=8104.25;JUN27=8026.625;JUN28=8918.5;DEC27=8108.25;MAR28=8197;FEB27=7881.125;APR27=7962.25;MAY27=7967.125;JUL27=8047.375;AUG27=8053.25,NONE,WEIGHTED_ATM,2026-08-14,6,441,0.0,NONE,12064,11562,501,0,0,RTM,MDW;MMW;MRW;MTW,OK,NONE,NONE,2026-08-05
SPX,5950.0,-12728734.881393544,20.633163375443374,0.0,0.0,0.0,0.0,0.0,0.0,7812.103346347588,7686.596653652413,7874.856692695175,7623.843307304825,SEP26,AUG26,2026-08-06,2026-09-18,7749.35,7599.305665762463,FOUND,WARN,UNKNOWN_SERIES;ESTIMATED_EXPIRY_ALIAS,2026-08-02.2,PUT_CALL_PARITY,AUG26,AUG26=PUT_CALL_PARITY;SEP26=PUT_CALL_PARITY;DEC26=PUT_CALL_PARITY;NOV26=PUT_CALL_PARITY;OCT26=PUT_CALL_PARITY;DEC28=PUT_CALL_PARITY;DEC29=PUT_CALL_PARITY;DEC30=PUT_CALL_PARITY;JAN27=PUT_CALL_PARITY;MAR27=PUT_CALL_PARITY;SEP27=PUT_CALL_PARITY;JUN27=PUT_CALL_PARITY;JUN28=SERIES_FORWARD_CLUSTER;DEC27=PUT_CALL_PARITY;MAR28=PUT_CALL_PARITY;FEB27=PUT_CALL_PARITY;APR27=PUT_CALL_PARITY;MAY27=PUT_CALL_PARITY;JUL27=PUT_CALL_PARITY;AUG27=PUT_CALL_PARITY,AUG26=7749.35;SEP26=7753.15;DEC26=7883.5;NOV26=7810.75;OCT26=7815.375;DEC28=8379.75;DEC29=8684.75;DEC30=7840.337;JAN27=7882.5;MAR27=7955;SEP27=8104.25;JUN27=8026.625;JUN28=8918.5;DEC27=8108.25;MAR28=8197;FEB27=7881.125;APR27=7962.25;MAY27=7967.125;JUL27=8047.375;AUG27=8053.25,NONE,WEIGHTED_ATM,2026-08-14,6,441,0.0,NONE,12064,11562,501,0,0,RTM,MDW;MMW;MRW;MTW,OK,NONE,NONE,2026-08-05
SPX,5975.0,-879372.5551471999,1.4624654122214096,0.0,0.0,0.0,0.0,0.0,0.0,7812.103346347588,7686.596653652413,7874.856692695175,7623.843307304825,SEP26,AUG26,2026-08-06,2026-09-18,7749.35,7599.305665762463,FOUND,WARN,UNKNOWN_SERIES;ESTIMATED_EXPIRY_ALIAS,2026-08-02.2,PUT_CALL_PARITY,AUG26,AUG26=PUT_CALL_PARITY;SEP26=PUT_CALL_PARITY;DEC26=PUT_CALL_PARITY;NOV26=PUT_CALL_PARITY;OCT26=PUT_CALL_PARITY;DEC28=PUT_CALL_PARITY;DEC29=PUT_CALL_PARITY;DEC30=PUT_CALL_PARITY;JAN27=PUT_CALL_PARITY;MAR27=PUT_CALL_PARITY;SEP27=PUT_CALL_PARITY;JUN27=PUT_CALL_PARITY;JUN28=SERIES_FORWARD_CLUSTER;DEC27=PUT_CALL_PARITY;MAR28=PUT_CALL_PARITY;FEB27=PUT_CALL_PARITY;APR27=PUT_CALL_PARITY;MAY27=PUT_CALL_PARITY;JUL27=PUT_CALL_PARITY;AUG27=PUT_CALL_PARITY,AUG26=7749.35;SEP26=7753.15;DEC26=7883.5;NOV26=7810.75;OCT26=7815.375;DEC28=8379.75;DEC29=8684.75;DEC30=7840.337;JAN27=7882.5;MAR27=7955;SEP27=8104.25;JUN27=8026.625;JUN28=8918.5;DEC27=8108.25;MAR28=8197;FEB27=7881.125;APR27=7962.25;MAY27=7967.125;JUL27=8047.375;AUG27=8053.25,NONE,WEIGHTED_ATM,2026-08-14,6,441,0.0,NONE,12064,11562,501,0,0,RTM,MDW;MMW;MRW;MTW,OK,NONE,NONE,2026-08-05
SPX,6000.0,-73105444.71829544,122.3216934259407,0.0,0.0,0.0,0.0,0.0,0.0,7812.103346347588,7686.596653652413,7874.856692695175,7623.843307304825,SEP26,AUG26,2026-08-06,2026-09-18,7749.35,7599.305665762463,FOUND,WARN,UNKNOWN_SERIES;ESTIMATED_EXPIRY_ALIAS,2026-08-02.2,PUT_CALL_PARITY,AUG26,AUG26=PUT_CALL_PARITY;SEP26=PUT_CALL_PARITY;DEC26=PUT_CALL_PARITY;NOV26=PUT_CALL_PARITY;OCT26=PUT_CALL_PARITY;DEC28=PUT_CALL_PARITY;DEC29=PUT_CALL_PARITY;DEC30=PUT_CALL_PARITY;JAN27=PUT_CALL_PARITY;MAR27=PUT_CALL_PARITY;SEP27=PUT_CALL_PARITY;JUN27=PUT_CALL_PARITY;JUN28=SERIES_FORWARD_CLUSTER;DEC27=PUT_CALL_PARITY;MAR28=PUT_CALL_PARITY;FEB27=PUT_CALL_PARITY;APR27=PUT_CALL_PARITY;MAY27=PUT_CALL_PARITY;JUL27=PUT_CALL_PARITY;AUG27=PUT_CALL_PARITY,AUG26=7749.35;SEP26=7753.15;DEC26=7883.5;NOV26=7810.75;OCT26=7815.375;DEC28=8379.75;DEC29=8684.75;DEC30=7840.337;JAN27=7882.5;MAR27=7955;SEP27=8104.25;JUN27=8026.625;JUN28=8918.5;DEC27=8108.25;MAR28=8197;FEB27=7881.125;APR27=7962.25;MAY27=7967.125;JUL27=8047.375;AUG27=8053.25,NONE,WEIGHTED_ATM,2026-08-14,6,441,0.0,NONE,12064,11562,501,0,0,RTM,MDW;MMW;MRW;MTW,OK,NONE,NONE,2026-08-05
SPX,6025.0,-3269166.747943607,5.439423896765587,0.0,0.0,0.0,0.0,0.0,0.0,7812.103346347588,7686.596653652413,7874.856692695175,7623.843307304825,SEP26,AUG26,2026-08-06,2026-09-18,7749.35,7599.305665762463,FOUND,WARN,UNKNOWN_SERIES;ESTIMATED_EXPIRY_ALIAS,2026-08-02.2,PUT_CALL_PARITY,AUG26,AUG26=PUT_CALL_PARITY;SEP26=PUT_CALL_PARITY;DEC26=PUT_CALL_PARITY;NOV26=PUT_CALL_PARITY;OCT26=PUT_CALL_PARITY;DEC28=PUT_CALL_PARITY;DEC29=PUT_CALL_PARITY;DEC30=PUT_CALL_PARITY;JAN27=PUT_CALL_PARITY;MAR27=PUT_CALL_PARITY;SEP27=PUT_CALL_PARITY;JUN27=PUT_CALL_PARITY;JUN28=SERIES_FORWARD_CLUSTER;DEC27=PUT_CALL_PARITY;MAR28=PUT_CALL_PARITY;FEB27=PUT_CALL_PARITY;APR27=PUT_CALL_PARITY;MAY27=PUT_CALL_PARITY;JUL27=PUT_CALL_PARITY;AUG27=PUT_CALL_PARITY,AUG26=7749.35;SEP26=7753.15;DEC26=7883.5;NOV26=7810.75;OCT26=7815.375;DEC28=8379.75;DEC29=8684.75;DEC30=7840.337;JAN27=7882.5;MAR27=7955;SEP27=8104.25;JUN27=8026.625;JUN28=8918.5;DEC27=8108.25;MAR28=8197;FEB27=7881.125;APR27=7962.25;MAY27=7967.125;JUL27=8047.375;AUG27=8053.25,NONE,WEIGHTED_ATM,2026-08-14,6,441,0.0,NONE,12064,11562,501,0,0,RTM,MDW;MMW;MRW;MTW,OK,NONE,NONE,2026-08-05
SPX,6050.0,-14957919.642681608,24.242115729604155,0.0,0.0,0.0,0.0,0.0,0.0,7812.103346347588,7686.596653652413,7874.856692695175,7623.843307304825,SEP26,AUG26,2026-08-06,2026-09-18,7749.35,7599.305665762463,FOUND,WARN,UNKNOWN_SERIES;ESTIMATED_EXPIRY_ALIAS,2026-08-02.2,PUT_CALL_PARITY,AUG26,AUG26=PUT_CALL_PARITY;SEP26=PUT_CALL_PARITY;DEC26=PUT_CALL_PARITY;NOV26=PUT_CALL_PARITY;OCT26=PUT_CALL_PARITY;DEC28=PUT_CALL_PARITY;DEC29=PUT_CALL_PARITY;DEC30=PUT_CALL_PARITY;JAN27=PUT_CALL_PARITY;MAR27=PUT_CALL_PARITY;SEP27=PUT_CALL_PARITY;JUN27=PUT_CALL_PARITY;JUN28=SERIES_FORWARD_CLUSTER;DEC27=PUT_CALL_PARITY;MAR28=PUT_CALL_PARITY;FEB27=PUT_CALL_PARITY;APR27=PUT_CALL_PARITY;MAY27=PUT_CALL_PARITY;JUL27=PUT_CALL_PARITY;AUG27=PUT_CALL_PARITY,AUG26=7749.35;SEP26=7753.15;DEC26=7883.5;NOV26=7810.75;OCT26=7815.375;DEC28=8379.75;DEC29=8684.75;DEC30=7840.337;JAN27=7882.5;MAR27=7955;SEP27=8104.25;JUN27=8026.625;JUN28=8918.5;DEC27=8108.25;MAR28=8197;FEB27=7881.125;APR27=7962.25;MAY27=7967.125;JUL27=8047.375;AUG27=8053.25,NONE,WEIGHTED_ATM,2026-08-14,6,441,0.0,NONE,12064,11562,501,0,0,RTM,MDW;MMW;MRW;MTW,OK,NONE,NONE,2026-08-05
SPX,6075.0,-1266168.7487413504,2.1053467381514084,0.0,0.0,0.0,0.0,0.0,0.0,7812.103346347588,7686.596653652413,7874.856692695175,7623.843307304825,SEP26,AUG26,2026-08-06,2026-09-18,7749.35,7599.305665762463,FOUND,WARN,UNKNOWN_SERIES;ESTIMATED_EXPIRY_ALIAS,2026-08-02.2,PUT_CALL_PARITY,AUG26,AUG26=PUT_CALL_PARITY;SEP26=PUT_CALL_PARITY;DEC26=PUT_CALL_PARITY;NOV26=PUT_CALL_PARITY;OCT26=PUT_CALL_PARITY;DEC28=PUT_CALL_PARITY;DEC29=PUT_CALL_PARITY;DEC30=PUT_CALL_PARITY;JAN27=PUT_CALL_PARITY;MAR27=PUT_CALL_PARITY;SEP27=PUT_CALL_PARITY;JUN27=PUT_CALL_PARITY;JUN28=SERIES_FORWARD_CLUSTER;DEC27=PUT_CALL_PARITY;MAR28=PUT_CALL_PARITY;FEB27=PUT_CALL_PARITY;APR27=PUT_CALL_PARITY;MAY27=PUT_CALL_PARITY;JUL27=PUT_CALL_PARITY;AUG27=PUT_CALL_PARITY,AUG26=7749.35;SEP26=7753.15;DEC26=7883.5;NOV26=7810.75;OCT26=7815.375;DEC28=8379.75;DEC29=8684.75;DEC30=7840.337;JAN27=7882.5;MAR27=7955;SEP27=8104.25;JUN27=8026.625;JUN28=8918.5;DEC27=8108.25;MAR28=8197;FEB27=7881.125;APR27=7962.25;MAY27=7967.125;JUL27=8047.375;AUG27=8053.25,NONE,WEIGHTED_ATM,2026-08-14,6,441,0.0,NONE,12064,11562,501,0,0,RTM,MDW;MMW;MRW;MTW,OK,NONE,NONE,2026-08-05
SPX,6100.0,-27481270.418053407,48.19832479990266,0.0,0.0,0.0,0.0,0.0,0.0,7812.103346347588,7686.596653652413,7874.856692695175,7623.843307304825,SEP26,AUG26,2026-08-06,2026-09-18,7749.35,7599.305665762463,FOUND,WARN,UNKNOWN_SERIES;ESTIMATED_EXPIRY_ALIAS,2026-08-02.2,PUT_CALL_PARITY,AUG26,AUG26=PUT_CALL_PARITY;SEP26=PUT_CALL_PARITY;DEC26=PUT_CALL_PARITY;NOV26=PUT_CALL_PARITY;OCT26=PUT_CALL_PARITY;DEC28=PUT_CALL_PARITY;DEC29=PUT_CALL_PARITY;DEC30=PUT_CALL_PARITY;JAN27=PUT_CALL_PARITY;MAR27=PUT_CALL_PARITY;SEP27=PUT_CALL_PARITY;JUN27=PUT_CALL_PARITY;JUN28=SERIES_FORWARD_CLUSTER;DEC27=PUT_CALL_PARITY;MAR28=PUT_CALL_PARITY;FEB27=PUT_CALL_PARITY;APR27=PUT_CALL_PARITY;MAY27=PUT_CALL_PARITY;JUL27=PUT_CALL_PARITY;AUG27=PUT_CALL_PARITY,AUG26=7749.35;SEP26=7753.15;DEC26=7883.5;NOV26=7810.75;OCT26=7815.375;DEC28=8379.75;DEC29=8684.75;DEC30=7840.337;JAN27=7882.5;MAR27=7955;SEP27=8104.25;JUN27=8026.625;JUN28=8918.5;DEC27=8108.25;MAR28=8197;FEB27=7881.125;APR27=7962.25;MAY27=7967.125;JUL27=8047.375;AUG27=8053.25,NONE,WEIGHTED_ATM,2026-08-14,6,441,0.0,NONE,12064,11562,501,0,0,RTM,MDW;MMW;MRW;MTW,OK,NONE,NONE,2026-08-05
SPX,6110.0,0.0,0.0,0.0,0.0,0.0,0.0,0.0,0.0,7812.103346347588,7686.596653652413,7874.856692695175,7623.843307304825,SEP26,AUG26,2026-08-06,2026-09-18,7749.35,7599.305665762463,FOUND,WARN,UNKNOWN_SERIES;ESTIMATED_EXPIRY_ALIAS,2026-08-02.2,PUT_CALL_PARITY,AUG26,AUG26=PUT_CALL_PARITY;SEP26=PUT_CALL_PARITY;DEC26=PUT_CALL_PARITY;NOV26=PUT_CALL_PARITY;OCT26=PUT_CALL_PARITY;DEC28=PUT_CALL_PARITY;DEC29=PUT_CALL_PARITY;DEC30=PUT_CALL_PARITY;JAN27=PUT_CALL_PARITY;MAR27=PUT_CALL_PARITY;SEP27=PUT_CALL_PARITY;JUN27=PUT_CALL_PARITY;JUN28=SERIES_FORWARD_CLUSTER;DEC27=PUT_CALL_PARITY;MAR28=PUT_CALL_PARITY;FEB27=PUT_CALL_PARITY;APR27=PUT_CALL_PARITY;MAY27=PUT_CALL_PARITY;JUL27=PUT_CALL_PARITY;AUG27=PUT_CALL_PARITY,AUG26=7749.35;SEP26=7753.15;DEC26=7883.5;NOV26=7810.75;OCT26=7815.375;DEC28=8379.75;DEC29=8684.75;DEC30=7840.337;JAN27=7882.5;MAR27=7955;SEP27=8104.25;JUN27=8026.625;JUN28=8918.5;DEC27=8108.25;MAR28=8197;FEB27=7881.125;APR27=7962.25;MAY27=7967.125;JUL27=8047.375;AUG27=8053.25,NONE,WEIGHTED_ATM,2026-08-14,6,441,0.0,NONE,12064,11562,501,0,0,RTM,MDW;MMW;MRW;MTW,OK,NONE,NONE,2026-08-05
SPX,6120.0,0.0,0.0,0.0,0.0,0.0,0.0,0.0,0.0,7812.103346347588,7686.596653652413,7874.856692695175,7623.843307304825,SEP26,AUG26,2026-08-06,2026-09-18,7749.35,7599.305665762463,FOUND,WARN,UNKNOWN_SERIES;ESTIMATED_EXPIRY_ALIAS,2026-08-02.2,PUT_CALL_PARITY,AUG26,AUG26=PUT_CALL_PARITY;SEP26=PUT_CALL_PARITY;DEC26=PUT_CALL_PARITY;NOV26=PUT_CALL_PARITY;OCT26=PUT_CALL_PARITY;DEC28=PUT_CALL_PARITY;DEC29=PUT_CALL_PARITY;DEC30=PUT_CALL_PARITY;JAN27=PUT_CALL_PARITY;MAR27=PUT_CALL_PARITY;SEP27=PUT_CALL_PARITY;JUN27=PUT_CALL_PARITY;JUN28=SERIES_FORWARD_CLUSTER;DEC27=PUT_CALL_PARITY;MAR28=PUT_CALL_PARITY;FEB27=PUT_CALL_PARITY;APR27=PUT_CALL_PARITY;MAY27=PUT_CALL_PARITY;JUL27=PUT_CALL_PARITY;AUG27=PUT_CALL_PARITY,AUG26=7749.35;SEP26=7753.15;DEC26=7883.5;NOV26=7810.75;OCT26=7815.375;DEC28=8379.75;DEC29=8684.75;DEC30=7840.337;JAN27=7882.5;MAR27=7955;SEP27=8104.25;JUN27=8026.625;JUN28=8918.5;DEC27=8108.25;MAR28=8197;FEB27=7881.125;APR27=7962.25;MAY27=7967.125;JUL27=8047.375;AUG27=8053.25,NONE,WEIGHTED_ATM,2026-08-14,6,441,0.0,NONE,12064,11562,501,0,0,RTM,MDW;MMW;MRW;MTW,OK,NONE,NONE,2026-08-05
SPX,6125.0,-1079653.6930618072,1.8012818890531475,0.0,0.0,0.0,0.0,0.0,0.0,7812.103346347588,7686.596653652413,7874.856692695175,7623.843307304825,SEP26,AUG26,2026-08-06,2026-09-18,7749.35,7599.305665762463,FOUND,WARN,UNKNOWN_SERIES;ESTIMATED_EXPIRY_ALIAS,2026-08-02.2,PUT_CALL_PARITY,AUG26,AUG26=PUT_CALL_PARITY;SEP26=PUT_CALL_PARITY;DEC26=PUT_CALL_PARITY;NOV26=PUT_CALL_PARITY;OCT26=PUT_CALL_PARITY;DEC28=PUT_CALL_PARITY;DEC29=PUT_CALL_PARITY;DEC30=PUT_CALL_PARITY;JAN27=PUT_CALL_PARITY;MAR27=PUT_CALL_PARITY;SEP27=PUT_CALL_PARITY;JUN27=PUT_CALL_PARITY;JUN28=SERIES_FORWARD_CLUSTER;DEC27=PUT_CALL_PARITY;MAR28=PUT_CALL_PARITY;FEB27=PUT_CALL_PARITY;APR27=PUT_CALL_PARITY;MAY27=PUT_CALL_PARITY;JUL27=PUT_CALL_PARITY;AUG27=PUT_CALL_PARITY,AUG26=7749.35;SEP26=7753.15;DEC26=7883.5;NOV26=7810.75;OCT26=7815.375;DEC28=8379.75;DEC29=8684.75;DEC30=7840.337;JAN27=7882.5;MAR27=7955;SEP27=8104.25;JUN27=8026.625;JUN28=8918.5;DEC27=8108.25;MAR28=8197;FEB27=7881.125;APR27=7962.25;MAY27=7967.125;JUL27=8047.375;AUG27=8053.25,NONE,WEIGHTED_ATM,2026-08-14,6,441,0.0,NONE,12064,11562,501,0,0,RTM,MDW;MMW;MRW;MTW,OK,NONE,NONE,2026-08-05
SPX,6130.0,0.0,0.0,0.0,0.0,0.0,0.0,0.0,0.0,7812.103346347588,7686.596653652413,7874.856692695175,7623.843307304825,SEP26,AUG26,2026-08-06,2026-09-18,7749.35,7599.305665762463,FOUND,WARN,UNKNOWN_SERIES;ESTIMATED_EXPIRY_ALIAS,2026-08-02.2,PUT_CALL_PARITY,AUG26,AUG26=PUT_CALL_PARITY;SEP26=PUT_CALL_PARITY;DEC26=PUT_CALL_PARITY;NOV26=PUT_CALL_PARITY;OCT26=PUT_CALL_PARITY;DEC28=PUT_CALL_PARITY;DEC29=PUT_CALL_PARITY;DEC30=PUT_CALL_PARITY;JAN27=PUT_CALL_PARITY;MAR27=PUT_CALL_PARITY;SEP27=PUT_CALL_PARITY;JUN27=PUT_CALL_PARITY;JUN28=SERIES_FORWARD_CLUSTER;DEC27=PUT_CALL_PARITY;MAR28=PUT_CALL_PARITY;FEB27=PUT_CALL_PARITY;APR27=PUT_CALL_PARITY;MAY27=PUT_CALL_PARITY;JUL27=PUT_CALL_PARITY;AUG27=PUT_CALL_PARITY,AUG26=7749.35;SEP26=7753.15;DEC26=7883.5;NOV26=7810.75;OCT26=7815.375;DEC28=8379.75;DEC29=8684.75;DEC30=7840.337;JAN27=7882.5;MAR27=7955;SEP27=8104.25;JUN27=8026.625;JUN28=8918.5;DEC27=8108.25;MAR28=8197;FEB27=7881.125;APR27=7962.25;MAY27=7967.125;JUL27=8047.375;AUG27=8053.25,NONE,WEIGHTED_ATM,2026-08-14,6,441,0.0,NONE,12064,11562,501,0,0,RTM,MDW;MMW;MRW;MTW,OK,NONE,NONE,2026-08-05
SPX,6140.0,0.0,0.0,0.0,0.0,0.0,0.0,0.0,0.0,7812.103346347588,7686.596653652413,7874.856692695175,7623.843307304825,SEP26,AUG26,2026-08-06,2026-09-18,7749.35,7599.305665762463,FOUND,WARN,UNKNOWN_SERIES;ESTIMATED_EXPIRY_ALIAS,2026-08-02.2,PUT_CALL_PARITY,AUG26,AUG26=PUT_CALL_PARITY;SEP26=PUT_CALL_PARITY;DEC26=PUT_CALL_PARITY;NOV26=PUT_CALL_PARITY;OCT26=PUT_CALL_PARITY;DEC28=PUT_CALL_PARITY;DEC29=PUT_CALL_PARITY;DEC30=PUT_CALL_PARITY;JAN27=PUT_CALL_PARITY;MAR27=PUT_CALL_PARITY;SEP27=PUT_CALL_PARITY;JUN27=PUT_CALL_PARITY;JUN28=SERIES_FORWARD_CLUSTER;DEC27=PUT_CALL_PARITY;MAR28=PUT_CALL_PARITY;FEB27=PUT_CALL_PARITY;APR27=PUT_CALL_PARITY;MAY27=PUT_CALL_PARITY;JUL27=PUT_CALL_PARITY;AUG27=PUT_CALL_PARITY,AUG26=7749.35;SEP26=7753.15;DEC26=7883.5;NOV26=7810.75;OCT26=7815.375;DEC28=8379.75;DEC29=8684.75;DEC30=7840.337;JAN27=7882.5;MAR27=7955;SEP27=8104.25;JUN27=8026.625;JUN28=8918.5;DEC27=8108.25;MAR28=8197;FEB27=7881.125;APR27=7962.25;MAY27=7967.125;JUL27=8047.375;AUG27=8053.25,NONE,WEIGHTED_ATM,2026-08-14,6,441,0.0,NONE,12064,11562,501,0,0,RTM,MDW;MMW;MRW;MTW,OK,NONE,NONE,2026-08-05
SPX,6150.0,-22228632.048597347,36.69478537076978,0.0,0.0,0.0,0.0,0.0,0.0,7812.103346347588,7686.596653652413,7874.856692695175,7623.843307304825,SEP26,AUG26,2026-08-06,2026-09-18,7749.35,7599.305665762463,FOUND,WARN,UNKNOWN_SERIES;ESTIMATED_EXPIRY_ALIAS,2026-08-02.2,PUT_CALL_PARITY,AUG26,AUG26=PUT_CALL_PARITY;SEP26=PUT_CALL_PARITY;DEC26=PUT_CALL_PARITY;NOV26=PUT_CALL_PARITY;OCT26=PUT_CALL_PARITY;DEC28=PUT_CALL_PARITY;DEC29=PUT_CALL_PARITY;DEC30=PUT_CALL_PARITY;JAN27=PUT_CALL_PARITY;MAR27=PUT_CALL_PARITY;SEP27=PUT_CALL_PARITY;JUN27=PUT_CALL_PARITY;JUN28=SERIES_FORWARD_CLUSTER;DEC27=PUT_CALL_PARITY;MAR28=PUT_CALL_PARITY;FEB27=PUT_CALL_PARITY;APR27=PUT_CALL_PARITY;MAY27=PUT_CALL_PARITY;JUL27=PUT_CALL_PARITY;AUG27=PUT_CALL_PARITY,AUG26=7749.35;SEP26=7753.15;DEC26=7883.5;NOV26=7810.75;OCT26=7815.375;DEC28=8379.75;DEC29=8684.75;DEC30=7840.337;JAN27=7882.5;MAR27=7955;SEP27=8104.25;JUN27=8026.625;JUN28=8918.5;DEC27=8108.25;MAR28=8197;FEB27=7881.125;APR27=7962.25;MAY27=7967.125;JUL27=8047.375;AUG27=8053.25,NONE,WEIGHTED_ATM,2026-08-14,6,441,0.0,NONE,12064,11562,501,0,0,RTM,MDW;MMW;MRW;MTW,OK,NONE,NONE,2026-08-05
SPX,6160.0,0.0,0.0,0.0,0.0,0.0,0.0,0.0,0.0,7812.103346347588,7686.596653652413,7874.856692695175,7623.843307304825,SEP26,AUG26,2026-08-06,2026-09-18,7749.35,7599.305665762463,FOUND,WARN,UNKNOWN_SERIES;ESTIMATED_EXPIRY_ALIAS,2026-08-02.2,PUT_CALL_PARITY,AUG26,AUG26=PUT_CALL_PARITY;SEP26=PUT_CALL_PARITY;DEC26=PUT_CALL_PARITY;NOV26=PUT_CALL_PARITY;OCT26=PUT_CALL_PARITY;DEC28=PUT_CALL_PARITY;DEC29=PUT_CALL_PARITY;DEC30=PUT_CALL_PARITY;JAN27=PUT_CALL_PARITY;MAR27=PUT_CALL_PARITY;SEP27=PUT_CALL_PARITY;JUN27=PUT_CALL_PARITY;JUN28=SERIES_FORWARD_CLUSTER;DEC27=PUT_CALL_PARITY;MAR28=PUT_CALL_PARITY;FEB27=PUT_CALL_PARITY;APR27=PUT_CALL_PARITY;MAY27=PUT_CALL_PARITY;JUL27=PUT_CALL_PARITY;AUG27=PUT_CALL_PARITY,AUG26=7749.35;SEP26=7753.15;DEC26=7883.5;NOV26=7810.75;OCT26=7815.375;DEC28=8379.75;DEC29=8684.75;DEC30=7840.337;JAN27=7882.5;MAR27=7955;SEP27=8104.25;JUN27=8026.625;JUN28=8918.5;DEC27=8108.25;MAR28=8197;FEB27=7881.125;APR27=7962.25;MAY27=7967.125;JUL27=8047.375;AUG27=8053.25,NONE,WEIGHTED_ATM,2026-08-14,6,441,0.0,NONE,12064,11562,501,0,0,RTM,MDW;MMW;MRW;MTW,OK,NONE,NONE,2026-08-05
SPX,6170.0,0.0,0.0,0.0,0.0,0.0,0.0,0.0,0.0,7812.103346347588,7686.596653652413,7874.856692695175,7623.843307304825,SEP26,AUG26,2026-08-06,2026-09-18,7749.35,7599.305665762463,FOUND,WARN,UNKNOWN_SERIES;ESTIMATED_EXPIRY_ALIAS,2026-08-02.2,PUT_CALL_PARITY,AUG26,AUG26=PUT_CALL_PARITY;SEP26=PUT_CALL_PARITY;DEC26=PUT_CALL_PARITY;NOV26=PUT_CALL_PARITY;OCT26=PUT_CALL_PARITY;DEC28=PUT_CALL_PARITY;DEC29=PUT_CALL_PARITY;DEC30=PUT_CALL_PARITY;JAN27=PUT_CALL_PARITY;MAR27=PUT_CALL_PARITY;SEP27=PUT_CALL_PARITY;JUN27=PUT_CALL_PARITY;JUN28=SERIES_FORWARD_CLUSTER;DEC27=PUT_CALL_PARITY;MAR28=PUT_CALL_PARITY;FEB27=PUT_CALL_PARITY;APR27=PUT_CALL_PARITY;MAY27=PUT_CALL_PARITY;JUL27=PUT_CALL_PARITY;AUG27=PUT_CALL_PARITY,AUG26=7749.35;SEP26=7753.15;DEC26=7883.5;NOV26=7810.75;OCT26=7815.375;DEC28=8379.75;DEC29=8684.75;DEC30=7840.337;JAN27=7882.5;MAR27=7955;SEP27=8104.25;JUN27=8026.625;JUN28=8918.5;DEC27=8108.25;MAR28=8197;FEB27=7881.125;APR27=7962.25;MAY27=7967.125;JUL27=8047.375;AUG27=8053.25,NONE,WEIGHTED_ATM,2026-08-14,6,441,0.0,NONE,12064,11562,501,0,0,RTM,MDW;MMW;MRW;MTW,OK,NONE,NONE,2026-08-05
SPX,6175.0,-1573630.8322846934,2.615797844736844,0.0,0.0,0.0,0.0,0.0,0.0,7812.103346347588,7686.596653652413,7874.856692695175,7623.843307304825,SEP26,AUG26,2026-08-06,2026-09-18,7749.35,7599.305665762463,FOUND,WARN,UNKNOWN_SERIES;ESTIMATED_EXPIRY_ALIAS,2026-08-02.2,PUT_CALL_PARITY,AUG26,AUG26=PUT_CALL_PARITY;SEP26=PUT_CALL_PARITY;DEC26=PUT_CALL_PARITY;NOV26=PUT_CALL_PARITY;OCT26=PUT_CALL_PARITY;DEC28=PUT_CALL_PARITY;DEC29=PUT_CALL_PARITY;DEC30=PUT_CALL_PARITY;JAN27=PUT_CALL_PARITY;MAR27=PUT_CALL_PARITY;SEP27=PUT_CALL_PARITY;JUN27=PUT_CALL_PARITY;JUN28=SERIES_FORWARD_CLUSTER;DEC27=PUT_CALL_PARITY;MAR28=PUT_CALL_PARITY;FEB27=PUT_CALL_PARITY;APR27=PUT_CALL_PARITY;MAY27=PUT_CALL_PARITY;JUL27=PUT_CALL_PARITY;AUG27=PUT_CALL_PARITY,AUG26=7749.35;SEP26=7753.15;DEC26=7883.5;NOV26=7810.75;OCT26=7815.375;DEC28=8379.75;DEC29=8684.75;DEC30=7840.337;JAN27=7882.5;MAR27=7955;SEP27=8104.25;JUN27=8026.625;JUN28=8918.5;DEC27=8108.25;MAR28=8197;FEB27=7881.125;APR27=7962.25;MAY27=7967.125;JUL27=8047.375;AUG27=8053.25,NONE,WEIGHTED_ATM,2026-08-14,6,441,0.0,NONE,12064,11562,501,0,0,RTM,MDW;MMW;MRW;MTW,OK,NONE,NONE,2026-08-05
SPX,6180.0,0.0,0.0,0.0,0.0,0.0,0.0,0.0,0.0,7812.103346347588,7686.596653652413,7874.856692695175,7623.843307304825,SEP26,AUG26,2026-08-06,2026-09-18,7749.35,7599.305665762463,FOUND,WARN,UNKNOWN_SERIES;ESTIMATED_EXPIRY_ALIAS,2026-08-02.2,PUT_CALL_PARITY,AUG26,AUG26=PUT_CALL_PARITY;SEP26=PUT_CALL_PARITY;DEC26=PUT_CALL_PARITY;NOV26=PUT_CALL_PARITY;OCT26=PUT_CALL_PARITY;DEC28=PUT_CALL_PARITY;DEC29=PUT_CALL_PARITY;DEC30=PUT_CALL_PARITY;JAN27=PUT_CALL_PARITY;MAR27=PUT_CALL_PARITY;SEP27=PUT_CALL_PARITY;JUN27=PUT_CALL_PARITY;JUN28=SERIES_FORWARD_CLUSTER;DEC27=PUT_CALL_PARITY;MAR28=PUT_CALL_PARITY;FEB27=PUT_CALL_PARITY;APR27=PUT_CALL_PARITY;MAY27=PUT_CALL_PARITY;JUL27=PUT_CALL_PARITY;AUG27=PUT_CALL_PARITY,AUG26=7749.35;SEP26=7753.15;DEC26=7883.5;NOV26=7810.75;OCT26=7815.375;DEC28=8379.75;DEC29=8684.75;DEC30=7840.337;JAN27=7882.5;MAR27=7955;SEP27=8104.25;JUN27=8026.625;JUN28=8918.5;DEC27=8108.25;MAR28=8197;FEB27=7881.125;APR27=7962.25;MAY27=7967.125;JUL27=8047.375;AUG27=8053.25,NONE,WEIGHTED_ATM,2026-08-14,6,441,0.0,NONE,12064,11562,501,0,0,RTM,MDW;MMW;MRW;MTW,OK,NONE,NONE,2026-08-05
SPX,6190.0,0.0,0.0,0.0,0.0,0.0,0.0,0.0,0.0,7812.103346347588,7686.596653652413,7874.856692695175,7623.843307304825,SEP26,AUG26,2026-08-06,2026-09-18,7749.35,7599.305665762463,FOUND,WARN,UNKNOWN_SERIES;ESTIMATED_EXPIRY_ALIAS,2026-08-02.2,PUT_CALL_PARITY,AUG26,AUG26=PUT_CALL_PARITY;SEP26=PUT_CALL_PARITY;DEC26=PUT_CALL_PARITY;NOV26=PUT_CALL_PARITY;OCT26=PUT_CALL_PARITY;DEC28=PUT_CALL_PARITY;DEC29=PUT_CALL_PARITY;DEC30=PUT_CALL_PARITY;JAN27=PUT_CALL_PARITY;MAR27=PUT_CALL_PARITY;SEP27=PUT_CALL_PARITY;JUN27=PUT_CALL_PARITY;JUN28=SERIES_FORWARD_CLUSTER;DEC27=PUT_CALL_PARITY;MAR28=PUT_CALL_PARITY;FEB27=PUT_CALL_PARITY;APR27=PUT_CALL_PARITY;MAY27=PUT_CALL_PARITY;JUL27=PUT_CALL_PARITY;AUG27=PUT_CALL_PARITY,AUG26=7749.35;SEP26=7753.15;DEC26=7883.5;NOV26=7810.75;OCT26=7815.375;DEC28=8379.75;DEC29=8684.75;DEC30=7840.337;JAN27=7882.5;MAR27=7955;SEP27=8104.25;JUN27=8026.625;JUN28=8918.5;DEC27=8108.25;MAR28=8197;FEB27=7881.125;APR27=7962.25;MAY27=7967.125;JUL27=8047.375;AUG27=8053.25,NONE,WEIGHTED_ATM,2026-08-14,6,441,0.0,NONE,12064,11562,501,0,0,RTM,MDW;MMW;MRW;MTW,OK,NONE,NONE,2026-08-05
SPX,6200.0,-66552283.00835346,115.89285048447452,0.0,0.0,0.0,0.0,0.0,0.0,7812.103346347588,7686.596653652413,7874.856692695175,7623.843307304825,SEP26,AUG26,2026-08-06,2026-09-18,7749.35,7599.305665762463,FOUND,WARN,UNKNOWN_SERIES;ESTIMATED_EXPIRY_ALIAS,2026-08-02.2,PUT_CALL_PARITY,AUG26,AUG26=PUT_CALL_PARITY;SEP26=PUT_CALL_PARITY;DEC26=PUT_CALL_PARITY;NOV26=PUT_CALL_PARITY;OCT26=PUT_CALL_PARITY;DEC28=PUT_CALL_PARITY;DEC29=PUT_CALL_PARITY;DEC30=PUT_CALL_PARITY;JAN27=PUT_CALL_PARITY;MAR27=PUT_CALL_PARITY;SEP27=PUT_CALL_PARITY;JUN27=PUT_CALL_PARITY;JUN28=SERIES_FORWARD_CLUSTER;DEC27=PUT_CALL_PARITY;MAR28=PUT_CALL_PARITY;FEB27=PUT_CALL_PARITY;APR27=PUT_CALL_PARITY;MAY27=PUT_CALL_PARITY;JUL27=PUT_CALL_PARITY;AUG27=PUT_CALL_PARITY,AUG26=7749.35;SEP26=7753.15;DEC26=7883.5;NOV26=7810.75;OCT26=7815.375;DEC28=8379.75;DEC29=8684.75;DEC30=7840.337;JAN27=7882.5;MAR27=7955;SEP27=8104.25;JUN27=8026.625;JUN28=8918.5;DEC27=8108.25;MAR28=8197;FEB27=7881.125;APR27=7962.25;MAY27=7967.125;JUL27=8047.375;AUG27=8053.25,NONE,WEIGHTED_ATM,2026-08-14,6,441,0.0,NONE,12064,11562,501,0,0,RTM,MDW;MMW;MRW;MTW,OK,NONE,NONE,2026-08-05
SPX,6210.0,-7783.804547427357,0.012961682217935824,0.0,0.0,0.0,0.0,0.0,0.0,7812.103346347588,7686.596653652413,7874.856692695175,7623.843307304825,SEP26,AUG26,2026-08-06,2026-09-18,7749.35,7599.305665762463,FOUND,WARN,UNKNOWN_SERIES;ESTIMATED_EXPIRY_ALIAS,2026-08-02.2,PUT_CALL_PARITY,AUG26,AUG26=PUT_CALL_PARITY;SEP26=PUT_CALL_PARITY;DEC26=PUT_CALL_PARITY;NOV26=PUT_CALL_PARITY;OCT26=PUT_CALL_PARITY;DEC28=PUT_CALL_PARITY;DEC29=PUT_CALL_PARITY;DEC30=PUT_CALL_PARITY;JAN27=PUT_CALL_PARITY;MAR27=PUT_CALL_PARITY;SEP27=PUT_CALL_PARITY;JUN27=PUT_CALL_PARITY;JUN28=SERIES_FORWARD_CLUSTER;DEC27=PUT_CALL_PARITY;MAR28=PUT_CALL_PARITY;FEB27=PUT_CALL_PARITY;APR27=PUT_CALL_PARITY;MAY27=PUT_CALL_PARITY;JUL27=PUT_CALL_PARITY;AUG27=PUT_CALL_PARITY,AUG26=7749.35;SEP26=7753.15;DEC26=7883.5;NOV26=7810.75;OCT26=7815.375;DEC28=8379.75;DEC29=8684.75;DEC30=7840.337;JAN27=7882.5;MAR27=7955;SEP27=8104.25;JUN27=8026.625;JUN28=8918.5;DEC27=8108.25;MAR28=8197;FEB27=7881.125;APR27=7962.25;MAY27=7967.125;JUL27=8047.375;AUG27=8053.25,NONE,WEIGHTED_ATM,2026-08-14,6,441,0.0,NONE,12064,11562,501,0,0,RTM,MDW;MMW;MRW;MTW,OK,NONE,NONE,2026-08-05
SPX,6220.0,-52567.951368405294,0.08753676641461598,0.0,0.0,0.0,0.0,0.0,0.0,7812.103346347588,7686.596653652413,7874.856692695175,7623.843307304825,SEP26,AUG26,2026-08-06,2026-09-18,7749.35,7599.305665762463,FOUND,WARN,UNKNOWN_SERIES;ESTIMATED_EXPIRY_ALIAS,2026-08-02.2,PUT_CALL_PARITY,AUG26,AUG26=PUT_CALL_PARITY;SEP26=PUT_CALL_PARITY;DEC26=PUT_CALL_PARITY;NOV26=PUT_CALL_PARITY;OCT26=PUT_CALL_PARITY;DEC28=PUT_CALL_PARITY;DEC29=PUT_CALL_PARITY;DEC30=PUT_CALL_PARITY;JAN27=PUT_CALL_PARITY;MAR27=PUT_CALL_PARITY;SEP27=PUT_CALL_PARITY;JUN27=PUT_CALL_PARITY;JUN28=SERIES_FORWARD_CLUSTER;DEC27=PUT_CALL_PARITY;MAR28=PUT_CALL_PARITY;FEB27=PUT_CALL_PARITY;APR27=PUT_CALL_PARITY;MAY27=PUT_CALL_PARITY;JUL27=PUT_CALL_PARITY;AUG27=PUT_CALL_PARITY,AUG26=7749.35;SEP26=7753.15;DEC26=7883.5;NOV26=7810.75;OCT26=7815.375;DEC28=8379.75;DEC29=8684.75;DEC30=7840.337;JAN27=7882.5;MAR27=7955;SEP27=8104.25;JUN27=8026.625;JUN28=8918.5;DEC27=8108.25;MAR28=8197;FEB27=7881.125;APR27=7962.25;MAY27=7967.125;JUL27=8047.375;AUG27=8053.25,NONE,WEIGHTED_ATM,2026-08-14,6,441,0.0,NONE,12064,11562,501,0,0,RTM,MDW;MMW;MRW;MTW,OK,NONE,NONE,2026-08-05
SPX,6225.0,-1363124.4387482754,2.2605799968453484,0.0,0.0,0.0,0.0,0.0,0.0,7812.103346347588,7686.596653652413,7874.856692695175,7623.843307304825,SEP26,AUG26,2026-08-06,2026-09-18,7749.35,7599.305665762463,FOUND,WARN,UNKNOWN_SERIES;ESTIMATED_EXPIRY_ALIAS,2026-08-02.2,PUT_CALL_PARITY,AUG26,AUG26=PUT_CALL_PARITY;SEP26=PUT_CALL_PARITY;DEC26=PUT_CALL_PARITY;NOV26=PUT_CALL_PARITY;OCT26=PUT_CALL_PARITY;DEC28=PUT_CALL_PARITY;DEC29=PUT_CALL_PARITY;DEC30=PUT_CALL_PARITY;JAN27=PUT_CALL_PARITY;MAR27=PUT_CALL_PARITY;SEP27=PUT_CALL_PARITY;JUN27=PUT_CALL_PARITY;JUN28=SERIES_FORWARD_CLUSTER;DEC27=PUT_CALL_PARITY;MAR28=PUT_CALL_PARITY;FEB27=PUT_CALL_PARITY;APR27=PUT_CALL_PARITY;MAY27=PUT_CALL_PARITY;JUL27=PUT_CALL_PARITY;AUG27=PUT_CALL_PARITY,AUG26=7749.35;SEP26=7753.15;DEC26=7883.5;NOV26=7810.75;OCT26=7815.375;DEC28=8379.75;DEC29=8684.75;DEC30=7840.337;JAN27=7882.5;MAR27=7955;SEP27=8104.25;JUN27=8026.625;JUN28=8918.5;DEC27=8108.25;MAR28=8197;FEB27=7881.125;APR27=7962.25;MAY27=7967.125;JUL27=8047.375;AUG27=8053.25,NONE,WEIGHTED_ATM,2026-08-14,6,441,0.0,NONE,12064,11562,501,0,0,RTM,MDW;MMW;MRW;MTW,OK,NONE,NONE,2026-08-05
SPX,6230.0,-52355.907272279605,0.08718366810987001,0.0,0.0,0.0,0.0,0.0,0.0,7812.103346347588,7686.596653652413,7874.856692695175,7623.843307304825,SEP26,AUG26,2026-08-06,2026-09-18,7749.35,7599.305665762463,FOUND,WARN,UNKNOWN_SERIES;ESTIMATED_EXPIRY_ALIAS,2026-08-02.2,PUT_CALL_PARITY,AUG26,AUG26=PUT_CALL_PARITY;SEP26=PUT_CALL_PARITY;DEC26=PUT_CALL_PARITY;NOV26=PUT_CALL_PARITY;OCT26=PUT_CALL_PARITY;DEC28=PUT_CALL_PARITY;DEC29=PUT_CALL_PARITY;DEC30=PUT_CALL_PARITY;JAN27=PUT_CALL_PARITY;MAR27=PUT_CALL_PARITY;SEP27=PUT_CALL_PARITY;JUN27=PUT_CALL_PARITY;JUN28=SERIES_FORWARD_CLUSTER;DEC27=PUT_CALL_PARITY;MAR28=PUT_CALL_PARITY;FEB27=PUT_CALL_PARITY;APR27=PUT_CALL_PARITY;MAY27=PUT_CALL_PARITY;JUL27=PUT_CALL_PARITY;AUG27=PUT_CALL_PARITY,AUG26=7749.35;SEP26=7753.15;DEC26=7883.5;NOV26=7810.75;OCT26=7815.375;DEC28=8379.75;DEC29=8684.75;DEC30=7840.337;JAN27=7882.5;MAR27=7955;SEP27=8104.25;JUN27=8026.625;JUN28=8918.5;DEC27=8108.25;MAR28=8197;FEB27=7881.125;APR27=7962.25;MAY27=7967.125;JUL27=8047.375;AUG27=8053.25,NONE,WEIGHTED_ATM,2026-08-14,6,441,0.0,NONE,12064,11562,501,0,0,RTM,MDW;MMW;MRW;MTW,OK,NONE,NONE,2026-08-05
SPX,6240.0,-6904.322872051433,0.011497159063061875,0.0,0.0,0.0,0.0,0.0,0.0,7812.103346347588,7686.596653652413,7874.856692695175,7623.843307304825,SEP26,AUG26,2026-08-06,2026-09-18,7749.35,7599.305665762463,FOUND,WARN,UNKNOWN_SERIES;ESTIMATED_EXPIRY_ALIAS,2026-08-02.2,PUT_CALL_PARITY,AUG26,AUG26=PUT_CALL_PARITY;SEP26=PUT_CALL_PARITY;DEC26=PUT_CALL_PARITY;NOV26=PUT_CALL_PARITY;OCT26=PUT_CALL_PARITY;DEC28=PUT_CALL_PARITY;DEC29=PUT_CALL_PARITY;DEC30=PUT_CALL_PARITY;JAN27=PUT_CALL_PARITY;MAR27=PUT_CALL_PARITY;SEP27=PUT_CALL_PARITY;JUN27=PUT_CALL_PARITY;JUN28=SERIES_FORWARD_CLUSTER;DEC27=PUT_CALL_PARITY;MAR28=PUT_CALL_PARITY;FEB27=PUT_CALL_PARITY;APR27=PUT_CALL_PARITY;MAY27=PUT_CALL_PARITY;JUL27=PUT_CALL_PARITY;AUG27=PUT_CALL_PARITY,AUG26=7749.35;SEP26=7753.15;DEC26=7883.5;NOV26=7810.75;OCT26=7815.375;DEC28=8379.75;DEC29=8684.75;DEC30=7840.337;JAN27=7882.5;MAR27=7955;SEP27=8104.25;JUN27=8026.625;JUN28=8918.5;DEC27=8108.25;MAR28=8197;FEB27=7881.125;APR27=7962.25;MAY27=7967.125;JUL27=8047.375;AUG27=8053.25,NONE,WEIGHTED_ATM,2026-08-14,6,441,0.0,NONE,12064,11562,501,0,0,RTM,MDW;MMW;MRW;MTW,OK,NONE,NONE,2026-08-05
SPX,6250.0,-37472002.49456719,65.24865816259273,0.0,0.0,0.0,0.0,0.0,0.0,7812.103346347588,7686.596653652413,7874.856692695175,7623.843307304825,SEP26,AUG26,2026-08-06,2026-09-18,7749.35,7599.305665762463,FOUND,WARN,UNKNOWN_SERIES;ESTIMATED_EXPIRY_ALIAS,2026-08-02.2,PUT_CALL_PARITY,AUG26,AUG26=PUT_CALL_PARITY;SEP26=PUT_CALL_PARITY;DEC26=PUT_CALL_PARITY;NOV26=PUT_CALL_PARITY;OCT26=PUT_CALL_PARITY;DEC28=PUT_CALL_PARITY;DEC29=PUT_CALL_PARITY;DEC30=PUT_CALL_PARITY;JAN27=PUT_CALL_PARITY;MAR27=PUT_CALL_PARITY;SEP27=PUT_CALL_PARITY;JUN27=PUT_CALL_PARITY;JUN28=SERIES_FORWARD_CLUSTER;DEC27=PUT_CALL_PARITY;MAR28=PUT_CALL_PARITY;FEB27=PUT_CALL_PARITY;APR27=PUT_CALL_PARITY;MAY27=PUT_CALL_PARITY;JUL27=PUT_CALL_PARITY;AUG27=PUT_CALL_PARITY,AUG26=7749.35;SEP26=7753.15;DEC26=7883.5;NOV26=7810.75;OCT26=7815.375;DEC28=8379.75;DEC29=8684.75;DEC30=7840.337;JAN27=7882.5;MAR27=7955;SEP27=8104.25;JUN27=8026.625;JUN28=8918.5;DEC27=8108.25;MAR28=8197;FEB27=7881.125;APR27=7962.25;MAY27=7967.125;JUL27=8047.375;AUG27=8053.25,NONE,WEIGHTED_ATM,2026-08-14,6,441,0.0,NONE,12064,11562,501,0,0,RTM,MDW;MMW;MRW;MTW,OK,NONE,NONE,2026-08-05
SPX,6260.0,-22603.964606962283,0.03764038579279962,0.0,0.0,0.0,0.0,0.0,0.0,7812.103346347588,7686.596653652413,7874.856692695175,7623.843307304825,SEP26,AUG26,2026-08-06,2026-09-18,7749.35,7599.305665762463,FOUND,WARN,UNKNOWN_SERIES;ESTIMATED_EXPIRY_ALIAS,2026-08-02.2,PUT_CALL_PARITY,AUG26,AUG26=PUT_CALL_PARITY;SEP26=PUT_CALL_PARITY;DEC26=PUT_CALL_PARITY;NOV26=PUT_CALL_PARITY;OCT26=PUT_CALL_PARITY;DEC28=PUT_CALL_PARITY;DEC29=PUT_CALL_PARITY;DEC30=PUT_CALL_PARITY;JAN27=PUT_CALL_PARITY;MAR27=PUT_CALL_PARITY;SEP27=PUT_CALL_PARITY;JUN27=PUT_CALL_PARITY;JUN28=SERIES_FORWARD_CLUSTER;DEC27=PUT_CALL_PARITY;MAR28=PUT_CALL_PARITY;FEB27=PUT_CALL_PARITY;APR27=PUT_CALL_PARITY;MAY27=PUT_CALL_PARITY;JUL27=PUT_CALL_PARITY;AUG27=PUT_CALL_PARITY,AUG26=7749.35;SEP26=7753.15;DEC26=7883.5;NOV26=7810.75;OCT26=7815.375;DEC28=8379.75;DEC29=8684.75;DEC30=7840.337;JAN27=7882.5;MAR27=7955;SEP27=8104.25;JUN27=8026.625;JUN28=8918.5;DEC27=8108.25;MAR28=8197;FEB27=7881.125;APR27=7962.25;MAY27=7967.125;JUL27=8047.375;AUG27=8053.25,NONE,WEIGHTED_ATM,2026-08-14,6,441,0.0,NONE,12064,11562,501,0,0,RTM,MDW;MMW;MRW;MTW,OK,NONE,NONE,2026-08-05
SPX,6270.0,-75110.1313794548,0.12507426777688996,0.0,0.0,0.0,0.0,0.0,0.0,7812.103346347588,7686.596653652413,7874.856692695175,7623.843307304825,SEP26,AUG26,2026-08-06,2026-09-18,7749.35,7599.305665762463,FOUND,WARN,UNKNOWN_SERIES;ESTIMATED_EXPIRY_ALIAS,2026-08-02.2,PUT_CALL_PARITY,AUG26,AUG26=PUT_CALL_PARITY;SEP26=PUT_CALL_PARITY;DEC26=PUT_CALL_PARITY;NOV26=PUT_CALL_PARITY;OCT26=PUT_CALL_PARITY;DEC28=PUT_CALL_PARITY;DEC29=PUT_CALL_PARITY;DEC30=PUT_CALL_PARITY;JAN27=PUT_CALL_PARITY;MAR27=PUT_CALL_PARITY;SEP27=PUT_CALL_PARITY;JUN27=PUT_CALL_PARITY;JUN28=SERIES_FORWARD_CLUSTER;DEC27=PUT_CALL_PARITY;MAR28=PUT_CALL_PARITY;FEB27=PUT_CALL_PARITY;APR27=PUT_CALL_PARITY;MAY27=PUT_CALL_PARITY;JUL27=PUT_CALL_PARITY;AUG27=PUT_CALL_PARITY,AUG26=7749.35;SEP26=7753.15;DEC26=7883.5;NOV26=7810.75;OCT26=7815.375;DEC28=8379.75;DEC29=8684.75;DEC30=7840.337;JAN27=7882.5;MAR27=7955;SEP27=8104.25;JUN27=8026.625;JUN28=8918.5;DEC27=8108.25;MAR28=8197;FEB27=7881.125;APR27=7962.25;MAY27=7967.125;JUL27=8047.375;AUG27=8053.25,NONE,WEIGHTED_ATM,2026-08-14,6,441,0.0,NONE,12064,11562,501,0,0,RTM,MDW;MMW;MRW;MTW,OK,NONE,NONE,2026-08-05
SPX,6275.0,-1514754.1711917836,2.5152768814824107,0.0,0.0,0.0,0.0,0.0,0.0,7812.103346347588,7686.596653652413,7874.856692695175,7623.843307304825,SEP26,AUG26,2026-08-06,2026-09-18,7749.35,7599.305665762463,FOUND,WARN,UNKNOWN_SERIES;ESTIMATED_EXPIRY_ALIAS,2026-08-02.2,PUT_CALL_PARITY,AUG26,AUG26=PUT_CALL_PARITY;SEP26=PUT_CALL_PARITY;DEC26=PUT_CALL_PARITY;NOV26=PUT_CALL_PARITY;OCT26=PUT_CALL_PARITY;DEC28=PUT_CALL_PARITY;DEC29=PUT_CALL_PARITY;DEC30=PUT_CALL_PARITY;JAN27=PUT_CALL_PARITY;MAR27=PUT_CALL_PARITY;SEP27=PUT_CALL_PARITY;JUN27=PUT_CALL_PARITY;JUN28=SERIES_FORWARD_CLUSTER;DEC27=PUT_CALL_PARITY;MAR28=PUT_CALL_PARITY;FEB27=PUT_CALL_PARITY;APR27=PUT_CALL_PARITY;MAY27=PUT_CALL_PARITY;JUL27=PUT_CALL_PARITY;AUG27=PUT_CALL_PARITY,AUG26=7749.35;SEP26=7753.15;DEC26=7883.5;NOV26=7810.75;OCT26=7815.375;DEC28=8379.75;DEC29=8684.75;DEC30=7840.337;JAN27=7882.5;MAR27=7955;SEP27=8104.25;JUN27=8026.625;JUN28=8918.5;DEC27=8108.25;MAR28=8197;FEB27=7881.125;APR27=7962.25;MAY27=7967.125;JUL27=8047.375;AUG27=8053.25,NONE,WEIGHTED_ATM,2026-08-14,6,441,0.0,NONE,12064,11562,501,0,0,RTM,MDW;MMW;MRW;MTW,OK,NONE,NONE,2026-08-05
SPX,6280.0,-36819.11181179069,0.06131161489773161,0.0,0.0,0.0,0.0,0.0,0.0,7812.103346347588,7686.596653652413,7874.856692695175,7623.843307304825,SEP26,AUG26,2026-08-06,2026-09-18,7749.35,7599.305665762463,FOUND,WARN,UNKNOWN_SERIES;ESTIMATED_EXPIRY_ALIAS,2026-08-02.2,PUT_CALL_PARITY,AUG26,AUG26=PUT_CALL_PARITY;SEP26=PUT_CALL_PARITY;DEC26=PUT_CALL_PARITY;NOV26=PUT_CALL_PARITY;OCT26=PUT_CALL_PARITY;DEC28=PUT_CALL_PARITY;DEC29=PUT_CALL_PARITY;DEC30=PUT_CALL_PARITY;JAN27=PUT_CALL_PARITY;MAR27=PUT_CALL_PARITY;SEP27=PUT_CALL_PARITY;JUN27=PUT_CALL_PARITY;JUN28=SERIES_FORWARD_CLUSTER;DEC27=PUT_CALL_PARITY;MAR28=PUT_CALL_PARITY;FEB27=PUT_CALL_PARITY;APR27=PUT_CALL_PARITY;MAY27=PUT_CALL_PARITY;JUL27=PUT_CALL_PARITY;AUG27=PUT_CALL_PARITY,AUG26=7749.35;SEP26=7753.15;DEC26=7883.5;NOV26=7810.75;OCT26=7815.375;DEC28=8379.75;DEC29=8684.75;DEC30=7840.337;JAN27=7882.5;MAR27=7955;SEP27=8104.25;JUN27=8026.625;JUN28=8918.5;DEC27=8108.25;MAR28=8197;FEB27=7881.125;APR27=7962.25;MAY27=7967.125;JUL27=8047.375;AUG27=8053.25,NONE,WEIGHTED_ATM,2026-08-14,6,441,0.0,NONE,12064,11562,501,0,0,RTM,MDW;MMW;MRW;MTW,OK,NONE,NONE,2026-08-05
SPX,6290.0,-2281.868771278079,0.0037997945215766838,0.0,0.0,0.0,0.0,0.0,0.0,7812.103346347588,7686.596653652413,7874.856692695175,7623.843307304825,SEP26,AUG26,2026-08-06,2026-09-18,7749.35,7599.305665762463,FOUND,WARN,UNKNOWN_SERIES;ESTIMATED_EXPIRY_ALIAS,2026-08-02.2,PUT_CALL_PARITY,AUG26,AUG26=PUT_CALL_PARITY;SEP26=PUT_CALL_PARITY;DEC26=PUT_CALL_PARITY;NOV26=PUT_CALL_PARITY;OCT26=PUT_CALL_PARITY;DEC28=PUT_CALL_PARITY;DEC29=PUT_CALL_PARITY;DEC30=PUT_CALL_PARITY;JAN27=PUT_CALL_PARITY;MAR27=PUT_CALL_PARITY;SEP27=PUT_CALL_PARITY;JUN27=PUT_CALL_PARITY;JUN28=SERIES_FORWARD_CLUSTER;DEC27=PUT_CALL_PARITY;MAR28=PUT_CALL_PARITY;FEB27=PUT_CALL_PARITY;APR27=PUT_CALL_PARITY;MAY27=PUT_CALL_PARITY;JUL27=PUT_CALL_PARITY;AUG27=PUT_CALL_PARITY,AUG26=7749.35;SEP26=7753.15;DEC26=7883.5;NOV26=7810.75;OCT26=7815.375;DEC28=8379.75;DEC29=8684.75;DEC30=7840.337;JAN27=7882.5;MAR27=7955;SEP27=8104.25;JUN27=8026.625;JUN28=8918.5;DEC27=8108.25;MAR28=8197;FEB27=7881.125;APR27=7962.25;MAY27=7967.125;JUL27=8047.375;AUG27=8053.25,NONE,WEIGHTED_ATM,2026-08-14,6,441,0.0,NONE,12064,11562,501,0,0,RTM,MDW;MMW;MRW;MTW,OK,NONE,NONE,2026-08-05
SPX,6300.0,-68990775.45871417,128.53785631995075,0.0,0.0,0.0,0.0,0.0,0.0,7812.103346347588,7686.596653652413,7874.856692695175,7623.843307304825,SEP26,AUG26,2026-08-06,2026-09-18,7749.35,7599.305665762463,FOUND,WARN,UNKNOWN_SERIES;ESTIMATED_EXPIRY_ALIAS,2026-08-02.2,PUT_CALL_PARITY,AUG26,AUG26=PUT_CALL_PARITY;SEP26=PUT_CALL_PARITY;DEC26=PUT_CALL_PARITY;NOV26=PUT_CALL_PARITY;OCT26=PUT_CALL_PARITY;DEC28=PUT_CALL_PARITY;DEC29=PUT_CALL_PARITY;DEC30=PUT_CALL_PARITY;JAN27=PUT_CALL_PARITY;MAR27=PUT_CALL_PARITY;SEP27=PUT_CALL_PARITY;JUN27=PUT_CALL_PARITY;JUN28=SERIES_FORWARD_CLUSTER;DEC27=PUT_CALL_PARITY;MAR28=PUT_CALL_PARITY;FEB27=PUT_CALL_PARITY;APR27=PUT_CALL_PARITY;MAY27=PUT_CALL_PARITY;JUL27=PUT_CALL_PARITY;AUG27=PUT_CALL_PARITY,AUG26=7749.35;SEP26=7753.15;DEC26=7883.5;NOV26=7810.75;OCT26=7815.375;DEC28=8379.75;DEC29=8684.75;DEC30=7840.337;JAN27=7882.5;MAR27=7955;SEP27=8104.25;JUN27=8026.625;JUN28=8918.5;DEC27=8108.25;MAR28=8197;FEB27=7881.125;APR27=7962.25;MAY27=7967.125;JUL27=8047.375;AUG27=8053.25,NONE,WEIGHTED_ATM,2026-08-14,6,441,0.0,NONE,12064,11562,501,0,0,RTM,MDW;MMW;MRW;MTW,OK,NONE,NONE,2026-08-05
SPX,6310.0,-3809.564689006784,0.006343731601520701,0.0,0.0,0.0,0.0,0.0,0.0,7812.103346347588,7686.596653652413,7874.856692695175,7623.843307304825,SEP26,AUG26,2026-08-06,2026-09-18,7749.35,7599.305665762463,FOUND,WARN,UNKNOWN_SERIES;ESTIMATED_EXPIRY_ALIAS,2026-08-02.2,PUT_CALL_PARITY,AUG26,AUG26=PUT_CALL_PARITY;SEP26=PUT_CALL_PARITY;DEC26=PUT_CALL_PARITY;NOV26=PUT_CALL_PARITY;OCT26=PUT_CALL_PARITY;DEC28=PUT_CALL_PARITY;DEC29=PUT_CALL_PARITY;DEC30=PUT_CALL_PARITY;JAN27=PUT_CALL_PARITY;MAR27=PUT_CALL_PARITY;SEP27=PUT_CALL_PARITY;JUN27=PUT_CALL_PARITY;JUN28=SERIES_FORWARD_CLUSTER;DEC27=PUT_CALL_PARITY;MAR28=PUT_CALL_PARITY;FEB27=PUT_CALL_PARITY;APR27=PUT_CALL_PARITY;MAY27=PUT_CALL_PARITY;JUL27=PUT_CALL_PARITY;AUG27=PUT_CALL_PARITY,AUG26=7749.35;SEP26=7753.15;DEC26=7883.5;NOV26=7810.75;OCT26=7815.375;DEC28=8379.75;DEC29=8684.75;DEC30=7840.337;JAN27=7882.5;MAR27=7955;SEP27=8104.25;JUN27=8026.625;JUN28=8918.5;DEC27=8108.25;MAR28=8197;FEB27=7881.125;APR27=7962.25;MAY27=7967.125;JUL27=8047.375;AUG27=8053.25,NONE,WEIGHTED_ATM,2026-08-14,6,441,0.0,NONE,12064,11562,501,0,0,RTM,MDW;MMW;MRW;MTW,OK,NONE,NONE,2026-08-05
SPX,6320.0,-7109.986680304296,0.011839632837944258,0.0,0.0,0.0,0.0,0.0,0.0,7812.103346347588,7686.596653652413,7874.856692695175,7623.843307304825,SEP26,AUG26,2026-08-06,2026-09-18,7749.35,7599.305665762463,FOUND,WARN,UNKNOWN_SERIES;ESTIMATED_EXPIRY_ALIAS,2026-08-02.2,PUT_CALL_PARITY,AUG26,AUG26=PUT_CALL_PARITY;SEP26=PUT_CALL_PARITY;DEC26=PUT_CALL_PARITY;NOV26=PUT_CALL_PARITY;OCT26=PUT_CALL_PARITY;DEC28=PUT_CALL_PARITY;DEC29=PUT_CALL_PARITY;DEC30=PUT_CALL_PARITY;JAN27=PUT_CALL_PARITY;MAR27=PUT_CALL_PARITY;SEP27=PUT_CALL_PARITY;JUN27=PUT_CALL_PARITY;JUN28=SERIES_FORWARD_CLUSTER;DEC27=PUT_CALL_PARITY;MAR28=PUT_CALL_PARITY;FEB27=PUT_CALL_PARITY;APR27=PUT_CALL_PARITY;MAY27=PUT_CALL_PARITY;JUL27=PUT_CALL_PARITY;AUG27=PUT_CALL_PARITY,AUG26=7749.35;SEP26=7753.15;DEC26=7883.5;NOV26=7810.75;OCT26=7815.375;DEC28=8379.75;DEC29=8684.75;DEC30=7840.337;JAN27=7882.5;MAR27=7955;SEP27=8104.25;JUN27=8026.625;JUN28=8918.5;DEC27=8108.25;MAR28=8197;FEB27=7881.125;APR27=7962.25;MAY27=7967.125;JUL27=8047.375;AUG27=8053.25,NONE,WEIGHTED_ATM,2026-08-14,6,441,0.0,NONE,12064,11562,501,0,0,RTM,MDW;MMW;MRW;MTW,OK,NONE,NONE,2026-08-05
SPX,6325.0,-1757944.210328611,2.917310206259602,0.0,0.0,0.0,0.0,0.0,0.0,7812.103346347588,7686.596653652413,7874.856692695175,7623.843307304825,SEP26,AUG26,2026-08-06,2026-09-18,7749.35,7599.305665762463,FOUND,WARN,UNKNOWN_SERIES;ESTIMATED_EXPIRY_ALIAS,2026-08-02.2,PUT_CALL_PARITY,AUG26,AUG26=PUT_CALL_PARITY;SEP26=PUT_CALL_PARITY;DEC26=PUT_CALL_PARITY;NOV26=PUT_CALL_PARITY;OCT26=PUT_CALL_PARITY;DEC28=PUT_CALL_PARITY;DEC29=PUT_CALL_PARITY;DEC30=PUT_CALL_PARITY;JAN27=PUT_CALL_PARITY;MAR27=PUT_CALL_PARITY;SEP27=PUT_CALL_PARITY;JUN27=PUT_CALL_PARITY;JUN28=SERIES_FORWARD_CLUSTER;DEC27=PUT_CALL_PARITY;MAR28=PUT_CALL_PARITY;FEB27=PUT_CALL_PARITY;APR27=PUT_CALL_PARITY;MAY27=PUT_CALL_PARITY;JUL27=PUT_CALL_PARITY;AUG27=PUT_CALL_PARITY,AUG26=7749.35;SEP26=7753.15;DEC26=7883.5;NOV26=7810.75;OCT26=7815.375;DEC28=8379.75;DEC29=8684.75;DEC30=7840.337;JAN27=7882.5;MAR27=7955;SEP27=8104.25;JUN27=8026.625;JUN28=8918.5;DEC27=8108.25;MAR28=8197;FEB27=7881.125;APR27=7962.25;MAY27=7967.125;JUL27=8047.375;AUG27=8053.25,NONE,WEIGHTED_ATM,2026-08-14,6,441,0.0,NONE,12064,11562,501,0,0,RTM,MDW;MMW;MRW;MTW,OK,NONE,NONE,2026-08-05
SPX,6330.0,-4104.400818755454,0.00683469616735521,0.0,0.0,0.0,0.0,0.0,0.0,7812.103346347588,7686.596653652413,7874.856692695175,7623.843307304825,SEP26,AUG26,2026-08-06,2026-09-18,7749.35,7599.305665762463,FOUND,WARN,UNKNOWN_SERIES;ESTIMATED_EXPIRY_ALIAS,2026-08-02.2,PUT_CALL_PARITY,AUG26,AUG26=PUT_CALL_PARITY;SEP26=PUT_CALL_PARITY;DEC26=PUT_CALL_PARITY;NOV26=PUT_CALL_PARITY;OCT26=PUT_CALL_PARITY;DEC28=PUT_CALL_PARITY;DEC29=PUT_CALL_PARITY;DEC30=PUT_CALL_PARITY;JAN27=PUT_CALL_PARITY;MAR27=PUT_CALL_PARITY;SEP27=PUT_CALL_PARITY;JUN27=PUT_CALL_PARITY;JUN28=SERIES_FORWARD_CLUSTER;DEC27=PUT_CALL_PARITY;MAR28=PUT_CALL_PARITY;FEB27=PUT_CALL_PARITY;APR27=PUT_CALL_PARITY;MAY27=PUT_CALL_PARITY;JUL27=PUT_CALL_PARITY;AUG27=PUT_CALL_PARITY,AUG26=7749.35;SEP26=7753.15;DEC26=7883.5;NOV26=7810.75;OCT26=7815.375;DEC28=8379.75;DEC29=8684.75;DEC30=7840.337;JAN27=7882.5;MAR27=7955;SEP27=8104.25;JUN27=8026.625;JUN28=8918.5;DEC27=8108.25;MAR28=8197;FEB27=7881.125;APR27=7962.25;MAY27=7967.125;JUL27=8047.375;AUG27=8053.25,NONE,WEIGHTED_ATM,2026-08-14,6,441,0.0,NONE,12064,11562,501,0,0,RTM,MDW;MMW;MRW;MTW,OK,NONE,NONE,2026-08-05
SPX,6340.0,-4400.419289690702,0.007327629581538908,0.0,0.0,0.0,0.0,0.0,0.0,7812.103346347588,7686.596653652413,7874.856692695175,7623.843307304825,SEP26,AUG26,2026-08-06,2026-09-18,7749.35,7599.305665762463,FOUND,WARN,UNKNOWN_SERIES;ESTIMATED_EXPIRY_ALIAS,2026-08-02.2,PUT_CALL_PARITY,AUG26,AUG26=PUT_CALL_PARITY;SEP26=PUT_CALL_PARITY;DEC26=PUT_CALL_PARITY;NOV26=PUT_CALL_PARITY;OCT26=PUT_CALL_PARITY;DEC28=PUT_CALL_PARITY;DEC29=PUT_CALL_PARITY;DEC30=PUT_CALL_PARITY;JAN27=PUT_CALL_PARITY;MAR27=PUT_CALL_PARITY;SEP27=PUT_CALL_PARITY;JUN27=PUT_CALL_PARITY;JUN28=SERIES_FORWARD_CLUSTER;DEC27=PUT_CALL_PARITY;MAR28=PUT_CALL_PARITY;FEB27=PUT_CALL_PARITY;APR27=PUT_CALL_PARITY;MAY27=PUT_CALL_PARITY;JUL27=PUT_CALL_PARITY;AUG27=PUT_CALL_PARITY,AUG26=7749.35;SEP26=7753.15;DEC26=7883.5;NOV26=7810.75;OCT26=7815.375;DEC28=8379.75;DEC29=8684.75;DEC30=7840.337;JAN27=7882.5;MAR27=7955;SEP27=8104.25;JUN27=8026.625;JUN28=8918.5;DEC27=8108.25;MAR28=8197;FEB27=7881.125;APR27=7962.25;MAY27=7967.125;JUL27=8047.375;AUG27=8053.25,NONE,WEIGHTED_ATM,2026-08-14,6,441,0.0,NONE,12064,11562,501,0,0,RTM,MDW;MMW;MRW;MTW,OK,NONE,NONE,2026-08-05
SPX,6350.0,-26707842.080781963,48.049075763051896,0.0,0.0,0.0,0.0,0.0,0.0,7812.103346347588,7686.596653652413,7874.856692695175,7623.843307304825,SEP26,AUG26,2026-08-06,2026-09-18,7749.35,7599.305665762463,FOUND,WARN,UNKNOWN_SERIES;ESTIMATED_EXPIRY_ALIAS,2026-08-02.2,PUT_CALL_PARITY,AUG26,AUG26=PUT_CALL_PARITY;SEP26=PUT_CALL_PARITY;DEC26=PUT_CALL_PARITY;NOV26=PUT_CALL_PARITY;OCT26=PUT_CALL_PARITY;DEC28=PUT_CALL_PARITY;DEC29=PUT_CALL_PARITY;DEC30=PUT_CALL_PARITY;JAN27=PUT_CALL_PARITY;MAR27=PUT_CALL_PARITY;SEP27=PUT_CALL_PARITY;JUN27=PUT_CALL_PARITY;JUN28=SERIES_FORWARD_CLUSTER;DEC27=PUT_CALL_PARITY;MAR28=PUT_CALL_PARITY;FEB27=PUT_CALL_PARITY;APR27=PUT_CALL_PARITY;MAY27=PUT_CALL_PARITY;JUL27=PUT_CALL_PARITY;AUG27=PUT_CALL_PARITY,AUG26=7749.35;SEP26=7753.15;DEC26=7883.5;NOV26=7810.75;OCT26=7815.375;DEC28=8379.75;DEC29=8684.75;DEC30=7840.337;JAN27=7882.5;MAR27=7955;SEP27=8104.25;JUN27=8026.625;JUN28=8918.5;DEC27=8108.25;MAR28=8197;FEB27=7881.125;APR27=7962.25;MAY27=7967.125;JUL27=8047.375;AUG27=8053.25,NONE,WEIGHTED_ATM,2026-08-14,6,441,0.0,NONE,12064,11562,501,0,0,RTM,MDW;MMW;MRW;MTW,OK,NONE,NONE,2026-08-05
SPX,6360.0,-3115.446159859838,0.005187877322091583,0.0,0.0,0.0,0.0,0.0,0.0,7812.103346347588,7686.596653652413,7874.856692695175,7623.843307304825,SEP26,AUG26,2026-08-06,2026-09-18,7749.35,7599.305665762463,FOUND,WARN,UNKNOWN_SERIES;ESTIMATED_EXPIRY_ALIAS,2026-08-02.2,PUT_CALL_PARITY,AUG26,AUG26=PUT_CALL_PARITY;SEP26=PUT_CALL_PARITY;DEC26=PUT_CALL_PARITY;NOV26=PUT_CALL_PARITY;OCT26=PUT_CALL_PARITY;DEC28=PUT_CALL_PARITY;DEC29=PUT_CALL_PARITY;DEC30=PUT_CALL_PARITY;JAN27=PUT_CALL_PARITY;MAR27=PUT_CALL_PARITY;SEP27=PUT_CALL_PARITY;JUN27=PUT_CALL_PARITY;JUN28=SERIES_FORWARD_CLUSTER;DEC27=PUT_CALL_PARITY;MAR28=PUT_CALL_PARITY;FEB27=PUT_CALL_PARITY;APR27=PUT_CALL_PARITY;MAY27=PUT_CALL_PARITY;JUL27=PUT_CALL_PARITY;AUG27=PUT_CALL_PARITY,AUG26=7749.35;SEP26=7753.15;DEC26=7883.5;NOV26=7810.75;OCT26=7815.375;DEC28=8379.75;DEC29=8684.75;DEC30=7840.337;JAN27=7882.5;MAR27=7955;SEP27=8104.25;JUN27=8026.625;JUN28=8918.5;DEC27=8108.25;MAR28=8197;FEB27=7881.125;APR27=7962.25;MAY27=7967.125;JUL27=8047.375;AUG27=8053.25,NONE,WEIGHTED_ATM,2026-08-14,6,441,0.0,NONE,12064,11562,501,0,0,RTM,MDW;MMW;MRW;MTW,OK,NONE,NONE,2026-08-05
SPX,6370.0,-107893.40326931559,0.1796653549131937,0.0,0.0,0.0,0.0,0.0,0.0,7812.103346347588,7686.596653652413,7874.856692695175,7623.843307304825,SEP26,AUG26,2026-08-06,2026-09-18,7749.35,7599.305665762463,FOUND,WARN,UNKNOWN_SERIES;ESTIMATED_EXPIRY_ALIAS,2026-08-02.2,PUT_CALL_PARITY,AUG26,AUG26=PUT_CALL_PARITY;SEP26=PUT_CALL_PARITY;DEC26=PUT_CALL_PARITY;NOV26=PUT_CALL_PARITY;OCT26=PUT_CALL_PARITY;DEC28=PUT_CALL_PARITY;DEC29=PUT_CALL_PARITY;DEC30=PUT_CALL_PARITY;JAN27=PUT_CALL_PARITY;MAR27=PUT_CALL_PARITY;SEP27=PUT_CALL_PARITY;JUN27=PUT_CALL_PARITY;JUN28=SERIES_FORWARD_CLUSTER;DEC27=PUT_CALL_PARITY;MAR28=PUT_CALL_PARITY;FEB27=PUT_CALL_PARITY;APR27=PUT_CALL_PARITY;MAY27=PUT_CALL_PARITY;JUL27=PUT_CALL_PARITY;AUG27=PUT_CALL_PARITY,AUG26=7749.35;SEP26=7753.15;DEC26=7883.5;NOV26=7810.75;OCT26=7815.375;DEC28=8379.75;DEC29=8684.75;DEC30=7840.337;JAN27=7882.5;MAR27=7955;SEP27=8104.25;JUN27=8026.625;JUN28=8918.5;DEC27=8108.25;MAR28=8197;FEB27=7881.125;APR27=7962.25;MAY27=7967.125;JUL27=8047.375;AUG27=8053.25,NONE,WEIGHTED_ATM,2026-08-14,6,441,0.0,NONE,12064,11562,501,0,0,RTM,MDW;MMW;MRW;MTW,OK,NONE,NONE,2026-08-05
SPX,6375.0,-2968200.992176274,5.0640722030493475,0.0,0.0,0.0,0.0,0.0,0.0,7812.103346347588,7686.596653652413,7874.856692695175,7623.843307304825,SEP26,AUG26,2026-08-06,2026-09-18,7749.35,7599.305665762463,FOUND,WARN,UNKNOWN_SERIES;ESTIMATED_EXPIRY_ALIAS,2026-08-02.2,PUT_CALL_PARITY,AUG26,AUG26=PUT_CALL_PARITY;SEP26=PUT_CALL_PARITY;DEC26=PUT_CALL_PARITY;NOV26=PUT_CALL_PARITY;OCT26=PUT_CALL_PARITY;DEC28=PUT_CALL_PARITY;DEC29=PUT_CALL_PARITY;DEC30=PUT_CALL_PARITY;JAN27=PUT_CALL_PARITY;MAR27=PUT_CALL_PARITY;SEP27=PUT_CALL_PARITY;JUN27=PUT_CALL_PARITY;JUN28=SERIES_FORWARD_CLUSTER;DEC27=PUT_CALL_PARITY;MAR28=PUT_CALL_PARITY;FEB27=PUT_CALL_PARITY;APR27=PUT_CALL_PARITY;MAY27=PUT_CALL_PARITY;JUL27=PUT_CALL_PARITY;AUG27=PUT_CALL_PARITY,AUG26=7749.35;SEP26=7753.15;DEC26=7883.5;NOV26=7810.75;OCT26=7815.375;DEC28=8379.75;DEC29=8684.75;DEC30=7840.337;JAN27=7882.5;MAR27=7955;SEP27=8104.25;JUN27=8026.625;JUN28=8918.5;DEC27=8108.25;MAR28=8197;FEB27=7881.125;APR27=7962.25;MAY27=7967.125;JUL27=8047.375;AUG27=8053.25,NONE,WEIGHTED_ATM,2026-08-14,6,441,0.0,NONE,12064,11562,501,0,0,RTM,MDW;MMW;MRW;MTW,OK,NONE,NONE,2026-08-05
SPX,6380.0,-112508.30168587781,0.18735013764110856,0.0,0.0,0.0,0.0,0.0,0.0,7812.103346347588,7686.596653652413,7874.856692695175,7623.843307304825,SEP26,AUG26,2026-08-06,2026-09-18,7749.35,7599.305665762463,FOUND,WARN,UNKNOWN_SERIES;ESTIMATED_EXPIRY_ALIAS,2026-08-02.2,PUT_CALL_PARITY,AUG26,AUG26=PUT_CALL_PARITY;SEP26=PUT_CALL_PARITY;DEC26=PUT_CALL_PARITY;NOV26=PUT_CALL_PARITY;OCT26=PUT_CALL_PARITY;DEC28=PUT_CALL_PARITY;DEC29=PUT_CALL_PARITY;DEC30=PUT_CALL_PARITY;JAN27=PUT_CALL_PARITY;MAR27=PUT_CALL_PARITY;SEP27=PUT_CALL_PARITY;JUN27=PUT_CALL_PARITY;JUN28=SERIES_FORWARD_CLUSTER;DEC27=PUT_CALL_PARITY;MAR28=PUT_CALL_PARITY;FEB27=PUT_CALL_PARITY;APR27=PUT_CALL_PARITY;MAY27=PUT_CALL_PARITY;JUL27=PUT_CALL_PARITY;AUG27=PUT_CALL_PARITY,AUG26=7749.35;SEP26=7753.15;DEC26=7883.5;NOV26=7810.75;OCT26=7815.375;DEC28=8379.75;DEC29=8684.75;DEC30=7840.337;JAN27=7882.5;MAR27=7955;SEP27=8104.25;JUN27=8026.625;JUN28=8918.5;DEC27=8108.25;MAR28=8197;FEB27=7881.125;APR27=7962.25;MAY27=7967.125;JUL27=8047.375;AUG27=8053.25,NONE,WEIGHTED_ATM,2026-08-14,6,441,0.0,NONE,12064,11562,501,0,0,RTM,MDW;MMW;MRW;MTW,OK,NONE,NONE,2026-08-05
SPX,6390.0,-7755.803911173326,0.012915055231503502,0.0,0.0,0.0,0.0,0.0,0.0,7812.103346347588,7686.596653652413,7874.856692695175,7623.843307304825,SEP26,AUG26,2026-08-06,2026-09-18,7749.35,7599.305665762463,FOUND,WARN,UNKNOWN_SERIES;ESTIMATED_EXPIRY_ALIAS,2026-08-02.2,PUT_CALL_PARITY,AUG26,AUG26=PUT_CALL_PARITY;SEP26=PUT_CALL_PARITY;DEC26=PUT_CALL_PARITY;NOV26=PUT_CALL_PARITY;OCT26=PUT_CALL_PARITY;DEC28=PUT_CALL_PARITY;DEC29=PUT_CALL_PARITY;DEC30=PUT_CALL_PARITY;JAN27=PUT_CALL_PARITY;MAR27=PUT_CALL_PARITY;SEP27=PUT_CALL_PARITY;JUN27=PUT_CALL_PARITY;JUN28=SERIES_FORWARD_CLUSTER;DEC27=PUT_CALL_PARITY;MAR28=PUT_CALL_PARITY;FEB27=PUT_CALL_PARITY;APR27=PUT_CALL_PARITY;MAY27=PUT_CALL_PARITY;JUL27=PUT_CALL_PARITY;AUG27=PUT_CALL_PARITY,AUG26=7749.35;SEP26=7753.15;DEC26=7883.5;NOV26=7810.75;OCT26=7815.375;DEC28=8379.75;DEC29=8684.75;DEC30=7840.337;JAN27=7882.5;MAR27=7955;SEP27=8104.25;JUN27=8026.625;JUN28=8918.5;DEC27=8108.25;MAR28=8197;FEB27=7881.125;APR27=7962.25;MAY27=7967.125;JUL27=8047.375;AUG27=8053.25,NONE,WEIGHTED_ATM,2026-08-14,6,441,0.0,NONE,12064,11562,501,0,0,RTM,MDW;MMW;MRW;MTW,OK,NONE,NONE,2026-08-05
SPX,6400.0,-82111030.9548177,156.97108972641317,0.0,0.0,0.0,0.0,0.0,0.0,7812.103346347588,7686.596653652413,7874.856692695175,7623.843307304825,SEP26,AUG26,2026-08-06,2026-09-18,7749.35,7599.305665762463,FOUND,WARN,UNKNOWN_SERIES;ESTIMATED_EXPIRY_ALIAS,2026-08-02.2,PUT_CALL_PARITY,AUG26,AUG26=PUT_CALL_PARITY;SEP26=PUT_CALL_PARITY;DEC26=PUT_CALL_PARITY;NOV26=PUT_CALL_PARITY;OCT26=PUT_CALL_PARITY;DEC28=PUT_CALL_PARITY;DEC29=PUT_CALL_PARITY;DEC30=PUT_CALL_PARITY;JAN27=PUT_CALL_PARITY;MAR27=PUT_CALL_PARITY;SEP27=PUT_CALL_PARITY;JUN27=PUT_CALL_PARITY;JUN28=SERIES_FORWARD_CLUSTER;DEC27=PUT_CALL_PARITY;MAR28=PUT_CALL_PARITY;FEB27=PUT_CALL_PARITY;APR27=PUT_CALL_PARITY;MAY27=PUT_CALL_PARITY;JUL27=PUT_CALL_PARITY;AUG27=PUT_CALL_PARITY,AUG26=7749.35;SEP26=7753.15;DEC26=7883.5;NOV26=7810.75;OCT26=7815.375;DEC28=8379.75;DEC29=8684.75;DEC30=7840.337;JAN27=7882.5;MAR27=7955;SEP27=8104.25;JUN27=8026.625;JUN28=8918.5;DEC27=8108.25;MAR28=8197;FEB27=7881.125;APR27=7962.25;MAY27=7967.125;JUL27=8047.375;AUG27=8053.25,NONE,WEIGHTED_ATM,2026-08-14,6,441,0.0,NONE,12064,11562,501,0,0,RTM,MDW;MMW;MRW;MTW,OK,NONE,NONE,2026-08-05
SPX,6410.0,-476786.07701314613,0.7939497425103289,0.0,0.0,0.0,0.0,0.0,0.0,7812.103346347588,7686.596653652413,7874.856692695175,7623.843307304825,SEP26,AUG26,2026-08-06,2026-09-18,7749.35,7599.305665762463,FOUND,WARN,UNKNOWN_SERIES;ESTIMATED_EXPIRY_ALIAS,2026-08-02.2,PUT_CALL_PARITY,AUG26,AUG26=PUT_CALL_PARITY;SEP26=PUT_CALL_PARITY;DEC26=PUT_CALL_PARITY;NOV26=PUT_CALL_PARITY;OCT26=PUT_CALL_PARITY;DEC28=PUT_CALL_PARITY;DEC29=PUT_CALL_PARITY;DEC30=PUT_CALL_PARITY;JAN27=PUT_CALL_PARITY;MAR27=PUT_CALL_PARITY;SEP27=PUT_CALL_PARITY;JUN27=PUT_CALL_PARITY;JUN28=SERIES_FORWARD_CLUSTER;DEC27=PUT_CALL_PARITY;MAR28=PUT_CALL_PARITY;FEB27=PUT_CALL_PARITY;APR27=PUT_CALL_PARITY;MAY27=PUT_CALL_PARITY;JUL27=PUT_CALL_PARITY;AUG27=PUT_CALL_PARITY,AUG26=7749.35;SEP26=7753.15;DEC26=7883.5;NOV26=7810.75;OCT26=7815.375;DEC28=8379.75;DEC29=8684.75;DEC30=7840.337;JAN27=7882.5;MAR27=7955;SEP27=8104.25;JUN27=8026.625;JUN28=8918.5;DEC27=8108.25;MAR28=8197;FEB27=7881.125;APR27=7962.25;MAY27=7967.125;JUL27=8047.375;AUG27=8053.25,NONE,WEIGHTED_ATM,2026-08-14,6,441,0.0,NONE,12064,11562,501,0,0,RTM,MDW;MMW;MRW;MTW,OK,NONE,NONE,2026-08-05
SPX,6420.0,-424064.33386315114,0.7061568802253002,0.0,0.0,0.0,0.0,0.0,0.0,7812.103346347588,7686.596653652413,7874.856692695175,7623.843307304825,SEP26,AUG26,2026-08-06,2026-09-18,7749.35,7599.305665762463,FOUND,WARN,UNKNOWN_SERIES;ESTIMATED_EXPIRY_ALIAS,2026-08-02.2,PUT_CALL_PARITY,AUG26,AUG26=PUT_CALL_PARITY;SEP26=PUT_CALL_PARITY;DEC26=PUT_CALL_PARITY;NOV26=PUT_CALL_PARITY;OCT26=PUT_CALL_PARITY;DEC28=PUT_CALL_PARITY;DEC29=PUT_CALL_PARITY;DEC30=PUT_CALL_PARITY;JAN27=PUT_CALL_PARITY;MAR27=PUT_CALL_PARITY;SEP27=PUT_CALL_PARITY;JUN27=PUT_CALL_PARITY;JUN28=SERIES_FORWARD_CLUSTER;DEC27=PUT_CALL_PARITY;MAR28=PUT_CALL_PARITY;FEB27=PUT_CALL_PARITY;APR27=PUT_CALL_PARITY;MAY27=PUT_CALL_PARITY;JUL27=PUT_CALL_PARITY;AUG27=PUT_CALL_PARITY,AUG26=7749.35;SEP26=7753.15;DEC26=7883.5;NOV26=7810.75;OCT26=7815.375;DEC28=8379.75;DEC29=8684.75;DEC30=7840.337;JAN27=7882.5;MAR27=7955;SEP27=8104.25;JUN27=8026.625;JUN28=8918.5;DEC27=8108.25;MAR28=8197;FEB27=7881.125;APR27=7962.25;MAY27=7967.125;JUL27=8047.375;AUG27=8053.25,NONE,WEIGHTED_ATM,2026-08-14,6,441,0.0,NONE,12064,11562,501,0,0,RTM,MDW;MMW;MRW;MTW,OK,NONE,NONE,2026-08-05
SPX,6425.0,-2327582.251816615,3.8555188992084606,0.0,0.0,0.0,0.0,0.0,0.0,7812.103346347588,7686.596653652413,7874.856692695175,7623.843307304825,SEP26,AUG26,2026-08-06,2026-09-18,7749.35,7599.305665762463,FOUND,WARN,UNKNOWN_SERIES;ESTIMATED_EXPIRY_ALIAS,2026-08-02.2,PUT_CALL_PARITY,AUG26,AUG26=PUT_CALL_PARITY;SEP26=PUT_CALL_PARITY;DEC26=PUT_CALL_PARITY;NOV26=PUT_CALL_PARITY;OCT26=PUT_CALL_PARITY;DEC28=PUT_CALL_PARITY;DEC29=PUT_CALL_PARITY;DEC30=PUT_CALL_PARITY;JAN27=PUT_CALL_PARITY;MAR27=PUT_CALL_PARITY;SEP27=PUT_CALL_PARITY;JUN27=PUT_CALL_PARITY;JUN28=SERIES_FORWARD_CLUSTER;DEC27=PUT_CALL_PARITY;MAR28=PUT_CALL_PARITY;FEB27=PUT_CALL_PARITY;APR27=PUT_CALL_PARITY;MAY27=PUT_CALL_PARITY;JUL27=PUT_CALL_PARITY;AUG27=PUT_CALL_PARITY,AUG26=7749.35;SEP26=7753.15;DEC26=7883.5;NOV26=7810.75;OCT26=7815.375;DEC28=8379.75;DEC29=8684.75;DEC30=7840.337;JAN27=7882.5;MAR27=7955;SEP27=8104.25;JUN27=8026.625;JUN28=8918.5;DEC27=8108.25;MAR28=8197;FEB27=7881.125;APR27=7962.25;MAY27=7967.125;JUL27=8047.375;AUG27=8053.25,NONE,WEIGHTED_ATM,2026-08-14,6,441,0.0,NONE,12064,11562,501,0,0,RTM,MDW;MMW;MRW;MTW,OK,NONE,NONE,2026-08-05
SPX,6430.0,-201805.60802491245,0.336049054813532,0.0,0.0,0.0,0.0,0.0,0.0,7812.103346347588,7686.596653652413,7874.856692695175,7623.843307304825,SEP26,AUG26,2026-08-06,2026-09-18,7749.35,7599.305665762463,FOUND,WARN,UNKNOWN_SERIES;ESTIMATED_EXPIRY_ALIAS,2026-08-02.2,PUT_CALL_PARITY,AUG26,AUG26=PUT_CALL_PARITY;SEP26=PUT_CALL_PARITY;DEC26=PUT_CALL_PARITY;NOV26=PUT_CALL_PARITY;OCT26=PUT_CALL_PARITY;DEC28=PUT_CALL_PARITY;DEC29=PUT_CALL_PARITY;DEC30=PUT_CALL_PARITY;JAN27=PUT_CALL_PARITY;MAR27=PUT_CALL_PARITY;SEP27=PUT_CALL_PARITY;JUN27=PUT_CALL_PARITY;JUN28=SERIES_FORWARD_CLUSTER;DEC27=PUT_CALL_PARITY;MAR28=PUT_CALL_PARITY;FEB27=PUT_CALL_PARITY;APR27=PUT_CALL_PARITY;MAY27=PUT_CALL_PARITY;JUL27=PUT_CALL_PARITY;AUG27=PUT_CALL_PARITY,AUG26=7749.35;SEP26=7753.15;DEC26=7883.5;NOV26=7810.75;OCT26=7815.375;DEC28=8379.75;DEC29=8684.75;DEC30=7840.337;JAN27=7882.5;MAR27=7955;SEP27=8104.25;JUN27=8026.625;JUN28=8918.5;DEC27=8108.25;MAR28=8197;FEB27=7881.125;APR27=7962.25;MAY27=7967.125;JUL27=8047.375;AUG27=8053.25,NONE,WEIGHTED_ATM,2026-08-14,6,441,0.0,NONE,12064,11562,501,0,0,RTM,MDW;MMW;MRW;MTW,OK,NONE,NONE,2026-08-05
SPX,6440.0,-295380.7385312726,0.4918714547382819,0.0,0.0,0.0,0.0,0.0,0.0,7812.103346347588,7686.596653652413,7874.856692695175,7623.843307304825,SEP26,AUG26,2026-08-06,2026-09-18,7749.35,7599.305665762463,FOUND,WARN,UNKNOWN_SERIES;ESTIMATED_EXPIRY_ALIAS,2026-08-02.2,PUT_CALL_PARITY,AUG26,AUG26=PUT_CALL_PARITY;SEP26=PUT_CALL_PARITY;DEC26=PUT_CALL_PARITY;NOV26=PUT_CALL_PARITY;OCT26=PUT_CALL_PARITY;DEC28=PUT_CALL_PARITY;DEC29=PUT_CALL_PARITY;DEC30=PUT_CALL_PARITY;JAN27=PUT_CALL_PARITY;MAR27=PUT_CALL_PARITY;SEP27=PUT_CALL_PARITY;JUN27=PUT_CALL_PARITY;JUN28=SERIES_FORWARD_CLUSTER;DEC27=PUT_CALL_PARITY;MAR28=PUT_CALL_PARITY;FEB27=PUT_CALL_PARITY;APR27=PUT_CALL_PARITY;MAY27=PUT_CALL_PARITY;JUL27=PUT_CALL_PARITY;AUG27=PUT_CALL_PARITY,AUG26=7749.35;SEP26=7753.15;DEC26=7883.5;NOV26=7810.75;OCT26=7815.375;DEC28=8379.75;DEC29=8684.75;DEC30=7840.337;JAN27=7882.5;MAR27=7955;SEP27=8104.25;JUN27=8026.625;JUN28=8918.5;DEC27=8108.25;MAR28=8197;FEB27=7881.125;APR27=7962.25;MAY27=7967.125;JUL27=8047.375;AUG27=8053.25,NONE,WEIGHTED_ATM,2026-08-14,6,441,0.0,NONE,12064,11562,501,0,0,RTM,MDW;MMW;MRW;MTW,OK,NONE,NONE,2026-08-05
SPX,6450.0,-61813453.893561885,103.70749736338975,0.0,0.0,0.0,0.0,0.0,0.0,7812.103346347588,7686.596653652413,7874.856692695175,7623.843307304825,SEP26,AUG26,2026-08-06,2026-09-18,7749.35,7599.305665762463,FOUND,WARN,UNKNOWN_SERIES;ESTIMATED_EXPIRY_ALIAS,2026-08-02.2,PUT_CALL_PARITY,AUG26,AUG26=PUT_CALL_PARITY;SEP26=PUT_CALL_PARITY;DEC26=PUT_CALL_PARITY;NOV26=PUT_CALL_PARITY;OCT26=PUT_CALL_PARITY;DEC28=PUT_CALL_PARITY;DEC29=PUT_CALL_PARITY;DEC30=PUT_CALL_PARITY;JAN27=PUT_CALL_PARITY;MAR27=PUT_CALL_PARITY;SEP27=PUT_CALL_PARITY;JUN27=PUT_CALL_PARITY;JUN28=SERIES_FORWARD_CLUSTER;DEC27=PUT_CALL_PARITY;MAR28=PUT_CALL_PARITY;FEB27=PUT_CALL_PARITY;APR27=PUT_CALL_PARITY;MAY27=PUT_CALL_PARITY;JUL27=PUT_CALL_PARITY;AUG27=PUT_CALL_PARITY,AUG26=7749.35;SEP26=7753.15;DEC26=7883.5;NOV26=7810.75;OCT26=7815.375;DEC28=8379.75;DEC29=8684.75;DEC30=7840.337;JAN27=7882.5;MAR27=7955;SEP27=8104.25;JUN27=8026.625;JUN28=8918.5;DEC27=8108.25;MAR28=8197;FEB27=7881.125;APR27=7962.25;MAY27=7967.125;JUL27=8047.375;AUG27=8053.25,NONE,WEIGHTED_ATM,2026-08-14,6,441,0.0,NONE,12064,11562,501,0,0,RTM,MDW;MMW;MRW;MTW,OK,NONE,NONE,2026-08-05
SPX,6460.0,-398263.8668534475,0.6631936413083307,0.0,0.0,0.0,0.0,0.0,0.0,7812.103346347588,7686.596653652413,7874.856692695175,7623.843307304825,SEP26,AUG26,2026-08-06,2026-09-18,7749.35,7599.305665762463,FOUND,WARN,UNKNOWN_SERIES;ESTIMATED_EXPIRY_ALIAS,2026-08-02.2,PUT_CALL_PARITY,AUG26,AUG26=PUT_CALL_PARITY;SEP26=PUT_CALL_PARITY;DEC26=PUT_CALL_PARITY;NOV26=PUT_CALL_PARITY;OCT26=PUT_CALL_PARITY;DEC28=PUT_CALL_PARITY;DEC29=PUT_CALL_PARITY;DEC30=PUT_CALL_PARITY;JAN27=PUT_CALL_PARITY;MAR27=PUT_CALL_PARITY;SEP27=PUT_CALL_PARITY;JUN27=PUT_CALL_PARITY;JUN28=SERIES_FORWARD_CLUSTER;DEC27=PUT_CALL_PARITY;MAR28=PUT_CALL_PARITY;FEB27=PUT_CALL_PARITY;APR27=PUT_CALL_PARITY;MAY27=PUT_CALL_PARITY;JUL27=PUT_CALL_PARITY;AUG27=PUT_CALL_PARITY,AUG26=7749.35;SEP26=7753.15;DEC26=7883.5;NOV26=7810.75;OCT26=7815.375;DEC28=8379.75;DEC29=8684.75;DEC30=7840.337;JAN27=7882.5;MAR27=7955;SEP27=8104.25;JUN27=8026.625;JUN28=8918.5;DEC27=8108.25;MAR28=8197;FEB27=7881.125;APR27=7962.25;MAY27=7967.125;JUL27=8047.375;AUG27=8053.25,NONE,WEIGHTED_ATM,2026-08-14,6,441,0.0,NONE,12064,11562,501,0,0,RTM,MDW;MMW;MRW;MTW,OK,NONE,NONE,2026-08-05
SPX,6470.0,-118331.05960192534,0.19704626211082213,0.0,0.0,0.0,0.0,0.0,0.0,7812.103346347588,7686.596653652413,7874.856692695175,7623.843307304825,SEP26,AUG26,2026-08-06,2026-09-18,7749.35,7599.305665762463,FOUND,WARN,UNKNOWN_SERIES;ESTIMATED_EXPIRY_ALIAS,2026-08-02.2,PUT_CALL_PARITY,AUG26,AUG26=PUT_CALL_PARITY;SEP26=PUT_CALL_PARITY;DEC26=PUT_CALL_PARITY;NOV26=PUT_CALL_PARITY;OCT26=PUT_CALL_PARITY;DEC28=PUT_CALL_PARITY;DEC29=PUT_CALL_PARITY;DEC30=PUT_CALL_PARITY;JAN27=PUT_CALL_PARITY;MAR27=PUT_CALL_PARITY;SEP27=PUT_CALL_PARITY;JUN27=PUT_CALL_PARITY;JUN28=SERIES_FORWARD_CLUSTER;DEC27=PUT_CALL_PARITY;MAR28=PUT_CALL_PARITY;FEB27=PUT_CALL_PARITY;APR27=PUT_CALL_PARITY;MAY27=PUT_CALL_PARITY;JUL27=PUT_CALL_PARITY;AUG27=PUT_CALL_PARITY,AUG26=7749.35;SEP26=7753.15;DEC26=7883.5;NOV26=7810.75;OCT26=7815.375;DEC28=8379.75;DEC29=8684.75;DEC30=7840.337;JAN27=7882.5;MAR27=7955;SEP27=8104.25;JUN27=8026.625;JUN28=8918.5;DEC27=8108.25;MAR28=8197;FEB27=7881.125;APR27=7962.25;MAY27=7967.125;JUL27=8047.375;AUG27=8053.25,NONE,WEIGHTED_ATM,2026-08-14,6,441,0.0,NONE,12064,11562,501,0,0,RTM,MDW;MMW;MRW;MTW,OK,NONE,NONE,2026-08-05
SPX,6475.0,-3233520.4024710194,5.363717006111083,0.0,0.0,0.0,0.0,0.0,0.0,7812.103346347588,7686.596653652413,7874.856692695175,7623.843307304825,SEP26,AUG26,2026-08-06,2026-09-18,7749.35,7599.305665762463,FOUND,WARN,UNKNOWN_SERIES;ESTIMATED_EXPIRY_ALIAS,2026-08-02.2,PUT_CALL_PARITY,AUG26,AUG26=PUT_CALL_PARITY;SEP26=PUT_CALL_PARITY;DEC26=PUT_CALL_PARITY;NOV26=PUT_CALL_PARITY;OCT26=PUT_CALL_PARITY;DEC28=PUT_CALL_PARITY;DEC29=PUT_CALL_PARITY;DEC30=PUT_CALL_PARITY;JAN27=PUT_CALL_PARITY;MAR27=PUT_CALL_PARITY;SEP27=PUT_CALL_PARITY;JUN27=PUT_CALL_PARITY;JUN28=SERIES_FORWARD_CLUSTER;DEC27=PUT_CALL_PARITY;MAR28=PUT_CALL_PARITY;FEB27=PUT_CALL_PARITY;APR27=PUT_CALL_PARITY;MAY27=PUT_CALL_PARITY;JUL27=PUT_CALL_PARITY;AUG27=PUT_CALL_PARITY,AUG26=7749.35;SEP26=7753.15;DEC26=7883.5;NOV26=7810.75;OCT26=7815.375;DEC28=8379.75;DEC29=8684.75;DEC30=7840.337;JAN27=7882.5;MAR27=7955;SEP27=8104.25;JUN27=8026.625;JUN28=8918.5;DEC27=8108.25;MAR28=8197;FEB27=7881.125;APR27=7962.25;MAY27=7967.125;JUL27=8047.375;AUG27=8053.25,NONE,WEIGHTED_ATM,2026-08-14,6,441,0.0,NONE,12064,11562,501,0,0,RTM,MDW;MMW;MRW;MTW,OK,NONE,NONE,2026-08-05
SPX,6480.0,-132880.5482431184,0.22127424047943894,0.0,0.0,0.0,0.0,0.0,0.0,7812.103346347588,7686.596653652413,7874.856692695175,7623.843307304825,SEP26,AUG26,2026-08-06,2026-09-18,7749.35,7599.305665762463,FOUND,WARN,UNKNOWN_SERIES;ESTIMATED_EXPIRY_ALIAS,2026-08-02.2,PUT_CALL_PARITY,AUG26,AUG26=PUT_CALL_PARITY;SEP26=PUT_CALL_PARITY;DEC26=PUT_CALL_PARITY;NOV26=PUT_CALL_PARITY;OCT26=PUT_CALL_PARITY;DEC28=PUT_CALL_PARITY;DEC29=PUT_CALL_PARITY;DEC30=PUT_CALL_PARITY;JAN27=PUT_CALL_PARITY;MAR27=PUT_CALL_PARITY;SEP27=PUT_CALL_PARITY;JUN27=PUT_CALL_PARITY;JUN28=SERIES_FORWARD_CLUSTER;DEC27=PUT_CALL_PARITY;MAR28=PUT_CALL_PARITY;FEB27=PUT_CALL_PARITY;APR27=PUT_CALL_PARITY;MAY27=PUT_CALL_PARITY;JUL27=PUT_CALL_PARITY;AUG27=PUT_CALL_PARITY,AUG26=7749.35;SEP26=7753.15;DEC26=7883.5;NOV26=7810.75;OCT26=7815.375;DEC28=8379.75;DEC29=8684.75;DEC30=7840.337;JAN27=7882.5;MAR27=7955;SEP27=8104.25;JUN27=8026.625;JUN28=8918.5;DEC27=8108.25;MAR28=8197;FEB27=7881.125;APR27=7962.25;MAY27=7967.125;JUL27=8047.375;AUG27=8053.25,NONE,WEIGHTED_ATM,2026-08-14,6,441,0.0,NONE,12064,11562,501,0,0,RTM,MDW;MMW;MRW;MTW,OK,NONE,NONE,2026-08-05
SPX,6490.0,-639927.7485137059,1.0656151587741574,0.0,0.0,0.0,0.0,0.0,0.0,7812.103346347588,7686.596653652413,7874.856692695175,7623.843307304825,SEP26,AUG26,2026-08-06,2026-09-18,7749.35,7599.305665762463,FOUND,WARN,UNKNOWN_SERIES;ESTIMATED_EXPIRY_ALIAS,2026-08-02.2,PUT_CALL_PARITY,AUG26,AUG26=PUT_CALL_PARITY;SEP26=PUT_CALL_PARITY;DEC26=PUT_CALL_PARITY;NOV26=PUT_CALL_PARITY;OCT26=PUT_CALL_PARITY;DEC28=PUT_CALL_PARITY;DEC29=PUT_CALL_PARITY;DEC30=PUT_CALL_PARITY;JAN27=PUT_CALL_PARITY;MAR27=PUT_CALL_PARITY;SEP27=PUT_CALL_PARITY;JUN27=PUT_CALL_PARITY;JUN28=SERIES_FORWARD_CLUSTER;DEC27=PUT_CALL_PARITY;MAR28=PUT_CALL_PARITY;FEB27=PUT_CALL_PARITY;APR27=PUT_CALL_PARITY;MAY27=PUT_CALL_PARITY;JUL27=PUT_CALL_PARITY;AUG27=PUT_CALL_PARITY,AUG26=7749.35;SEP26=7753.15;DEC26=7883.5;NOV26=7810.75;OCT26=7815.375;DEC28=8379.75;DEC29=8684.75;DEC30=7840.337;JAN27=7882.5;MAR27=7955;SEP27=8104.25;JUN27=8026.625;JUN28=8918.5;DEC27=8108.25;MAR28=8197;FEB27=7881.125;APR27=7962.25;MAY27=7967.125;JUL27=8047.375;AUG27=8053.25,NONE,WEIGHTED_ATM,2026-08-14,6,441,0.0,NONE,12064,11562,501,0,0,RTM,MDW;MMW;MRW;MTW,OK,NONE,NONE,2026-08-05
SPX,6500.0,-104912420.92444254,235.6935745158808,0.0,0.0,0.0,0.0,0.0,0.0,7812.103346347588,7686.596653652413,7874.856692695175,7623.843307304825,SEP26,AUG26,2026-08-06,2026-09-18,7749.35,7599.305665762463,FOUND,WARN,UNKNOWN_SERIES;ESTIMATED_EXPIRY_ALIAS,2026-08-02.2,PUT_CALL_PARITY,AUG26,AUG26=PUT_CALL_PARITY;SEP26=PUT_CALL_PARITY;DEC26=PUT_CALL_PARITY;NOV26=PUT_CALL_PARITY;OCT26=PUT_CALL_PARITY;DEC28=PUT_CALL_PARITY;DEC29=PUT_CALL_PARITY;DEC30=PUT_CALL_PARITY;JAN27=PUT_CALL_PARITY;MAR27=PUT_CALL_PARITY;SEP27=PUT_CALL_PARITY;JUN27=PUT_CALL_PARITY;JUN28=SERIES_FORWARD_CLUSTER;DEC27=PUT_CALL_PARITY;MAR28=PUT_CALL_PARITY;FEB27=PUT_CALL_PARITY;APR27=PUT_CALL_PARITY;MAY27=PUT_CALL_PARITY;JUL27=PUT_CALL_PARITY;AUG27=PUT_CALL_PARITY,AUG26=7749.35;SEP26=7753.15;DEC26=7883.5;NOV26=7810.75;OCT26=7815.375;DEC28=8379.75;DEC29=8684.75;DEC30=7840.337;JAN27=7882.5;MAR27=7955;SEP27=8104.25;JUN27=8026.625;JUN28=8918.5;DEC27=8108.25;MAR28=8197;FEB27=7881.125;APR27=7962.25;MAY27=7967.125;JUL27=8047.375;AUG27=8053.25,NONE,WEIGHTED_ATM,2026-08-14,6,441,0.0,NONE,12064,11562,501,0,0,RTM,MDW;MMW;MRW;MTW,OK,NONE,NONE,2026-08-05
SPX,6510.0,-226823.83852305927,0.3777097043578769,0.0,0.0,0.0,0.0,0.0,0.0,7812.103346347588,7686.596653652413,7874.856692695175,7623.843307304825,SEP26,AUG26,2026-08-06,2026-09-18,7749.35,7599.305665762463,FOUND,WARN,UNKNOWN_SERIES;ESTIMATED_EXPIRY_ALIAS,2026-08-02.2,PUT_CALL_PARITY,AUG26,AUG26=PUT_CALL_PARITY;SEP26=PUT_CALL_PARITY;DEC26=PUT_CALL_PARITY;NOV26=PUT_CALL_PARITY;OCT26=PUT_CALL_PARITY;DEC28=PUT_CALL_PARITY;DEC29=PUT_CALL_PARITY;DEC30=PUT_CALL_PARITY;JAN27=PUT_CALL_PARITY;MAR27=PUT_CALL_PARITY;SEP27=PUT_CALL_PARITY;JUN27=PUT_CALL_PARITY;JUN28=SERIES_FORWARD_CLUSTER;DEC27=PUT_CALL_PARITY;MAR28=PUT_CALL_PARITY;FEB27=PUT_CALL_PARITY;APR27=PUT_CALL_PARITY;MAY27=PUT_CALL_PARITY;JUL27=PUT_CALL_PARITY;AUG27=PUT_CALL_PARITY,AUG26=7749.35;SEP26=7753.15;DEC26=7883.5;NOV26=7810.75;OCT26=7815.375;DEC28=8379.75;DEC29=8684.75;DEC30=7840.337;JAN27=7882.5;MAR27=7955;SEP27=8104.25;JUN27=8026.625;JUN28=8918.5;DEC27=8108.25;MAR28=8197;FEB27=7881.125;APR27=7962.25;MAY27=7967.125;JUL27=8047.375;AUG27=8053.25,NONE,WEIGHTED_ATM,2026-08-14,6,441,0.0,NONE,12064,11562,501,0,0,RTM,MDW;MMW;MRW;MTW,OK,NONE,NONE,2026-08-05
SPX,6520.0,-572119.6378805141,0.9527003012040818,0.0,0.0,0.0,0.0,0.0,0.0,7812.103346347588,7686.596653652413,7874.856692695175,7623.843307304825,SEP26,AUG26,2026-08-06,2026-09-18,7749.35,7599.305665762463,FOUND,WARN,UNKNOWN_SERIES;ESTIMATED_EXPIRY_ALIAS,2026-08-02.2,PUT_CALL_PARITY,AUG26,AUG26=PUT_CALL_PARITY;SEP26=PUT_CALL_PARITY;DEC26=PUT_CALL_PARITY;NOV26=PUT_CALL_PARITY;OCT26=PUT_CALL_PARITY;DEC28=PUT_CALL_PARITY;DEC29=PUT_CALL_PARITY;DEC30=PUT_CALL_PARITY;JAN27=PUT_CALL_PARITY;MAR27=PUT_CALL_PARITY;SEP27=PUT_CALL_PARITY;JUN27=PUT_CALL_PARITY;JUN28=SERIES_FORWARD_CLUSTER;DEC27=PUT_CALL_PARITY;MAR28=PUT_CALL_PARITY;FEB27=PUT_CALL_PARITY;APR27=PUT_CALL_PARITY;MAY27=PUT_CALL_PARITY;JUL27=PUT_CALL_PARITY;AUG27=PUT_CALL_PARITY,AUG26=7749.35;SEP26=7753.15;DEC26=7883.5;NOV26=7810.75;OCT26=7815.375;DEC28=8379.75;DEC29=8684.75;DEC30=7840.337;JAN27=7882.5;MAR27=7955;SEP27=8104.25;JUN27=8026.625;JUN28=8918.5;DEC27=8108.25;MAR28=8197;FEB27=7881.125;APR27=7962.25;MAY27=7967.125;JUL27=8047.375;AUG27=8053.25,NONE,WEIGHTED_ATM,2026-08-14,6,441,0.0,NONE,12064,11562,501,0,0,RTM,MDW;MMW;MRW;MTW,OK,NONE,NONE,2026-08-05
SPX,6525.0,-2651419.9193626274,4.411636774809479,0.0,0.0,0.0,0.0,0.0,0.0,7812.103346347588,7686.596653652413,7874.856692695175,7623.843307304825,SEP26,AUG26,2026-08-06,2026-09-18,7749.35,7599.305665762463,FOUND,WARN,UNKNOWN_SERIES;ESTIMATED_EXPIRY_ALIAS,2026-08-02.2,PUT_CALL_PARITY,AUG26,AUG26=PUT_CALL_PARITY;SEP26=PUT_CALL_PARITY;DEC26=PUT_CALL_PARITY;NOV26=PUT_CALL_PARITY;OCT26=PUT_CALL_PARITY;DEC28=PUT_CALL_PARITY;DEC29=PUT_CALL_PARITY;DEC30=PUT_CALL_PARITY;JAN27=PUT_CALL_PARITY;MAR27=PUT_CALL_PARITY;SEP27=PUT_CALL_PARITY;JUN27=PUT_CALL_PARITY;JUN28=SERIES_FORWARD_CLUSTER;DEC27=PUT_CALL_PARITY;MAR28=PUT_CALL_PARITY;FEB27=PUT_CALL_PARITY;APR27=PUT_CALL_PARITY;MAY27=PUT_CALL_PARITY;JUL27=PUT_CALL_PARITY;AUG27=PUT_CALL_PARITY,AUG26=7749.35;SEP26=7753.15;DEC26=7883.5;NOV26=7810.75;OCT26=7815.375;DEC28=8379.75;DEC29=8684.75;DEC30=7840.337;JAN27=7882.5;MAR27=7955;SEP27=8104.25;JUN27=8026.625;JUN28=8918.5;DEC27=8108.25;MAR28=8197;FEB27=7881.125;APR27=7962.25;MAY27=7967.125;JUL27=8047.375;AUG27=8053.25,NONE,WEIGHTED_ATM,2026-08-14,6,441,0.0,NONE,12064,11562,501,0,0,RTM,MDW;MMW;MRW;MTW,OK,NONE,NONE,2026-08-05
SPX,6530.0,-385365.3470644265,0.6417148755494573,0.0,0.0,0.0,0.0,0.0,0.0,7812.103346347588,7686.596653652413,7874.856692695175,7623.843307304825,SEP26,AUG26,2026-08-06,2026-09-18,7749.35,7599.305665762463,FOUND,WARN,UNKNOWN_SERIES;ESTIMATED_EXPIRY_ALIAS,2026-08-02.2,PUT_CALL_PARITY,AUG26,AUG26=PUT_CALL_PARITY;SEP26=PUT_CALL_PARITY;DEC26=PUT_CALL_PARITY;NOV26=PUT_CALL_PARITY;OCT26=PUT_CALL_PARITY;DEC28=PUT_CALL_PARITY;DEC29=PUT_CALL_PARITY;DEC30=PUT_CALL_PARITY;JAN27=PUT_CALL_PARITY;MAR27=PUT_CALL_PARITY;SEP27=PUT_CALL_PARITY;JUN27=PUT_CALL_PARITY;JUN28=SERIES_FORWARD_CLUSTER;DEC27=PUT_CALL_PARITY;MAR28=PUT_CALL_PARITY;FEB27=PUT_CALL_PARITY;APR27=PUT_CALL_PARITY;MAY27=PUT_CALL_PARITY;JUL27=PUT_CALL_PARITY;AUG27=PUT_CALL_PARITY,AUG26=7749.35;SEP26=7753.15;DEC26=7883.5;NOV26=7810.75;OCT26=7815.375;DEC28=8379.75;DEC29=8684.75;DEC30=7840.337;JAN27=7882.5;MAR27=7955;SEP27=8104.25;JUN27=8026.625;JUN28=8918.5;DEC27=8108.25;MAR28=8197;FEB27=7881.125;APR27=7962.25;MAY27=7967.125;JUL27=8047.375;AUG27=8053.25,NONE,WEIGHTED_ATM,2026-08-14,6,441,0.0,NONE,12064,11562,501,0,0,RTM,MDW;MMW;MRW;MTW,OK,NONE,NONE,2026-08-05
SPX,6540.0,-828719.8008919387,1.3799938887754566,0.0,0.0,0.0,0.0,0.0,0.0,7812.103346347588,7686.596653652413,7874.856692695175,7623.843307304825,SEP26,AUG26,2026-08-06,2026-09-18,7749.35,7599.305665762463,FOUND,WARN,UNKNOWN_SERIES;ESTIMATED_EXPIRY_ALIAS,2026-08-02.2,PUT_CALL_PARITY,AUG26,AUG26=PUT_CALL_PARITY;SEP26=PUT_CALL_PARITY;DEC26=PUT_CALL_PARITY;NOV26=PUT_CALL_PARITY;OCT26=PUT_CALL_PARITY;DEC28=PUT_CALL_PARITY;DEC29=PUT_CALL_PARITY;DEC30=PUT_CALL_PARITY;JAN27=PUT_CALL_PARITY;MAR27=PUT_CALL_PARITY;SEP27=PUT_CALL_PARITY;JUN27=PUT_CALL_PARITY;JUN28=SERIES_FORWARD_CLUSTER;DEC27=PUT_CALL_PARITY;MAR28=PUT_CALL_PARITY;FEB27=PUT_CALL_PARITY;APR27=PUT_CALL_PARITY;MAY27=PUT_CALL_PARITY;JUL27=PUT_CALL_PARITY;AUG27=PUT_CALL_PARITY,AUG26=7749.35;SEP26=7753.15;DEC26=7883.5;NOV26=7810.75;OCT26=7815.375;DEC28=8379.75;DEC29=8684.75;DEC30=7840.337;JAN27=7882.5;MAR27=7955;SEP27=8104.25;JUN27=8026.625;JUN28=8918.5;DEC27=8108.25;MAR28=8197;FEB27=7881.125;APR27=7962.25;MAY27=7967.125;JUL27=8047.375;AUG27=8053.25,NONE,WEIGHTED_ATM,2026-08-14,6,441,0.0,NONE,12064,11562,501,0,0,RTM,MDW;MMW;MRW;MTW,OK,NONE,NONE,2026-08-05
SPX,6550.0,-61334858.08291275,103.75334961451763,0.0,0.0,0.0,0.0,0.0,0.0,7812.103346347588,7686.596653652413,7874.856692695175,7623.843307304825,SEP26,AUG26,2026-08-06,2026-09-18,7749.35,7599.305665762463,FOUND,WARN,UNKNOWN_SERIES;ESTIMATED_EXPIRY_ALIAS,2026-08-02.2,PUT_CALL_PARITY,AUG26,AUG26=PUT_CALL_PARITY;SEP26=PUT_CALL_PARITY;DEC26=PUT_CALL_PARITY;NOV26=PUT_CALL_PARITY;OCT26=PUT_CALL_PARITY;DEC28=PUT_CALL_PARITY;DEC29=PUT_CALL_PARITY;DEC30=PUT_CALL_PARITY;JAN27=PUT_CALL_PARITY;MAR27=PUT_CALL_PARITY;SEP27=PUT_CALL_PARITY;JUN27=PUT_CALL_PARITY;JUN28=SERIES_FORWARD_CLUSTER;DEC27=PUT_CALL_PARITY;MAR28=PUT_CALL_PARITY;FEB27=PUT_CALL_PARITY;APR27=PUT_CALL_PARITY;MAY27=PUT_CALL_PARITY;JUL27=PUT_CALL_PARITY;AUG27=PUT_CALL_PARITY,AUG26=7749.35;SEP26=7753.15;DEC26=7883.5;NOV26=7810.75;OCT26=7815.375;DEC28=8379.75;DEC29=8684.75;DEC30=7840.337;JAN27=7882.5;MAR27=7955;SEP27=8104.25;JUN27=8026.625;JUN28=8918.5;DEC27=8108.25;MAR28=8197;FEB27=7881.125;APR27=7962.25;MAY27=7967.125;JUL27=8047.375;AUG27=8053.25,NONE,WEIGHTED_ATM,2026-08-14,6,441,0.0,NONE,12064,11562,501,0,0,RTM,MDW;MMW;MRW;MTW,OK,NONE,NONE,2026-08-05
SPX,6560.0,-554046.0550723079,0.9226039600803899,0.0,0.0,0.0,0.0,0.0,0.0,7812.103346347588,7686.596653652413,7874.856692695175,7623.843307304825,SEP26,AUG26,2026-08-06,2026-09-18,7749.35,7599.305665762463,FOUND,WARN,UNKNOWN_SERIES;ESTIMATED_EXPIRY_ALIAS,2026-08-02.2,PUT_CALL_PARITY,AUG26,AUG26=PUT_CALL_PARITY;SEP26=PUT_CALL_PARITY;DEC26=PUT_CALL_PARITY;NOV26=PUT_CALL_PARITY;OCT26=PUT_CALL_PARITY;DEC28=PUT_CALL_PARITY;DEC29=PUT_CALL_PARITY;DEC30=PUT_CALL_PARITY;JAN27=PUT_CALL_PARITY;MAR27=PUT_CALL_PARITY;SEP27=PUT_CALL_PARITY;JUN27=PUT_CALL_PARITY;JUN28=SERIES_FORWARD_CLUSTER;DEC27=PUT_CALL_PARITY;MAR28=PUT_CALL_PARITY;FEB27=PUT_CALL_PARITY;APR27=PUT_CALL_PARITY;MAY27=PUT_CALL_PARITY;JUL27=PUT_CALL_PARITY;AUG27=PUT_CALL_PARITY,AUG26=7749.35;SEP26=7753.15;DEC26=7883.5;NOV26=7810.75;OCT26=7815.375;DEC28=8379.75;DEC29=8684.75;DEC30=7840.337;JAN27=7882.5;MAR27=7955;SEP27=8104.25;JUN27=8026.625;JUN28=8918.5;DEC27=8108.25;MAR28=8197;FEB27=7881.125;APR27=7962.25;MAY27=7967.125;JUL27=8047.375;AUG27=8053.25,NONE,WEIGHTED_ATM,2026-08-14,6,441,0.0,NONE,12064,11562,501,0,0,RTM,MDW;MMW;MRW;MTW,OK,NONE,NONE,2026-08-05
SPX,6570.0,-901465.0926005112,1.5011301979199607,0.0,0.0,0.0,0.0,0.0,0.0,7812.103346347588,7686.596653652413,7874.856692695175,7623.843307304825,SEP26,AUG26,2026-08-06,2026-09-18,7749.35,7599.305665762463,FOUND,WARN,UNKNOWN_SERIES;ESTIMATED_EXPIRY_ALIAS,2026-08-02.2,PUT_CALL_PARITY,AUG26,AUG26=PUT_CALL_PARITY;SEP26=PUT_CALL_PARITY;DEC26=PUT_CALL_PARITY;NOV26=PUT_CALL_PARITY;OCT26=PUT_CALL_PARITY;DEC28=PUT_CALL_PARITY;DEC29=PUT_CALL_PARITY;DEC30=PUT_CALL_PARITY;JAN27=PUT_CALL_PARITY;MAR27=PUT_CALL_PARITY;SEP27=PUT_CALL_PARITY;JUN27=PUT_CALL_PARITY;JUN28=SERIES_FORWARD_CLUSTER;DEC27=PUT_CALL_PARITY;MAR28=PUT_CALL_PARITY;FEB27=PUT_CALL_PARITY;APR27=PUT_CALL_PARITY;MAY27=PUT_CALL_PARITY;JUL27=PUT_CALL_PARITY;AUG27=PUT_CALL_PARITY,AUG26=7749.35;SEP26=7753.15;DEC26=7883.5;NOV26=7810.75;OCT26=7815.375;DEC28=8379.75;DEC29=8684.75;DEC30=7840.337;JAN27=7882.5;MAR27=7955;SEP27=8104.25;JUN27=8026.625;JUN28=8918.5;DEC27=8108.25;MAR28=8197;FEB27=7881.125;APR27=7962.25;MAY27=7967.125;JUL27=8047.375;AUG27=8053.25,NONE,WEIGHTED_ATM,2026-08-14,6,441,0.0,NONE,12064,11562,501,0,0,RTM,MDW;MMW;MRW;MTW,OK,NONE,NONE,2026-08-05
SPX,6575.0,-2682747.4640830806,4.469745061370249,0.0,0.0,0.0,0.0,0.0,0.0,7812.103346347588,7686.596653652413,7874.856692695175,7623.843307304825,SEP26,AUG26,2026-08-06,2026-09-18,7749.35,7599.305665762463,FOUND,WARN,UNKNOWN_SERIES;ESTIMATED_EXPIRY_ALIAS,2026-08-02.2,PUT_CALL_PARITY,AUG26,AUG26=PUT_CALL_PARITY;SEP26=PUT_CALL_PARITY;DEC26=PUT_CALL_PARITY;NOV26=PUT_CALL_PARITY;OCT26=PUT_CALL_PARITY;DEC28=PUT_CALL_PARITY;DEC29=PUT_CALL_PARITY;DEC30=PUT_CALL_PARITY;JAN27=PUT_CALL_PARITY;MAR27=PUT_CALL_PARITY;SEP27=PUT_CALL_PARITY;JUN27=PUT_CALL_PARITY;JUN28=SERIES_FORWARD_CLUSTER;DEC27=PUT_CALL_PARITY;MAR28=PUT_CALL_PARITY;FEB27=PUT_CALL_PARITY;APR27=PUT_CALL_PARITY;MAY27=PUT_CALL_PARITY;JUL27=PUT_CALL_PARITY;AUG27=PUT_CALL_PARITY,AUG26=7749.35;SEP26=7753.15;DEC26=7883.5;NOV26=7810.75;OCT26=7815.375;DEC28=8379.75;DEC29=8684.75;DEC30=7840.337;JAN27=7882.5;MAR27=7955;SEP27=8104.25;JUN27=8026.625;JUN28=8918.5;DEC27=8108.25;MAR28=8197;FEB27=7881.125;APR27=7962.25;MAY27=7967.125;JUL27=8047.375;AUG27=8053.25,NONE,WEIGHTED_ATM,2026-08-14,6,441,0.0,NONE,12064,11562,501,0,0,RTM,MDW;MMW;MRW;MTW,OK,NONE,NONE,2026-08-05
SPX,6580.0,-1134618.5186953824,1.889380005408194,0.0,0.0,0.0,0.0,0.0,0.0,7812.103346347588,7686.596653652413,7874.856692695175,7623.843307304825,SEP26,AUG26,2026-08-06,2026-09-18,7749.35,7599.305665762463,FOUND,WARN,UNKNOWN_SERIES;ESTIMATED_EXPIRY_ALIAS,2026-08-02.2,PUT_CALL_PARITY,AUG26,AUG26=PUT_CALL_PARITY;SEP26=PUT_CALL_PARITY;DEC26=PUT_CALL_PARITY;NOV26=PUT_CALL_PARITY;OCT26=PUT_CALL_PARITY;DEC28=PUT_CALL_PARITY;DEC29=PUT_CALL_PARITY;DEC30=PUT_CALL_PARITY;JAN27=PUT_CALL_PARITY;MAR27=PUT_CALL_PARITY;SEP27=PUT_CALL_PARITY;JUN27=PUT_CALL_PARITY;JUN28=SERIES_FORWARD_CLUSTER;DEC27=PUT_CALL_PARITY;MAR28=PUT_CALL_PARITY;FEB27=PUT_CALL_PARITY;APR27=PUT_CALL_PARITY;MAY27=PUT_CALL_PARITY;JUL27=PUT_CALL_PARITY;AUG27=PUT_CALL_PARITY,AUG26=7749.35;SEP26=7753.15;DEC26=7883.5;NOV26=7810.75;OCT26=7815.375;DEC28=8379.75;DEC29=8684.75;DEC30=7840.337;JAN27=7882.5;MAR27=7955;SEP27=8104.25;JUN27=8026.625;JUN28=8918.5;DEC27=8108.25;MAR28=8197;FEB27=7881.125;APR27=7962.25;MAY27=7967.125;JUL27=8047.375;AUG27=8053.25,NONE,WEIGHTED_ATM,2026-08-14,6,441,0.0,NONE,12064,11562,501,0,0,RTM,MDW;MMW;MRW;MTW,OK,NONE,NONE,2026-08-05
SPX,6590.0,-1072402.7411150716,1.7857775661351916,0.0,0.0,0.0,0.0,0.0,0.0,7812.103346347588,7686.596653652413,7874.856692695175,7623.843307304825,SEP26,AUG26,2026-08-06,2026-09-18,7749.35,7599.305665762463,FOUND,WARN,UNKNOWN_SERIES;ESTIMATED_EXPIRY_ALIAS,2026-08-02.2,PUT_CALL_PARITY,AUG26,AUG26=PUT_CALL_PARITY;SEP26=PUT_CALL_PARITY;DEC26=PUT_CALL_PARITY;NOV26=PUT_CALL_PARITY;OCT26=PUT_CALL_PARITY;DEC28=PUT_CALL_PARITY;DEC29=PUT_CALL_PARITY;DEC30=PUT_CALL_PARITY;JAN27=PUT_CALL_PARITY;MAR27=PUT_CALL_PARITY;SEP27=PUT_CALL_PARITY;JUN27=PUT_CALL_PARITY;JUN28=SERIES_FORWARD_CLUSTER;DEC27=PUT_CALL_PARITY;MAR28=PUT_CALL_PARITY;FEB27=PUT_CALL_PARITY;APR27=PUT_CALL_PARITY;MAY27=PUT_CALL_PARITY;JUL27=PUT_CALL_PARITY;AUG27=PUT_CALL_PARITY,AUG26=7749.35;SEP26=7753.15;DEC26=7883.5;NOV26=7810.75;OCT26=7815.375;DEC28=8379.75;DEC29=8684.75;DEC30=7840.337;JAN27=7882.5;MAR27=7955;SEP27=8104.25;JUN27=8026.625;JUN28=8918.5;DEC27=8108.25;MAR28=8197;FEB27=7881.125;APR27=7962.25;MAY27=7967.125;JUL27=8047.375;AUG27=8053.25,NONE,WEIGHTED_ATM,2026-08-14,6,441,0.0,NONE,12064,11562,501,0,0,RTM,MDW;MMW;MRW;MTW,OK,NONE,NONE,2026-08-05
SPX,6600.0,-161434111.91838032,275.1897249814188,0.0,0.0,0.0,0.0,0.0,0.0,7812.103346347588,7686.596653652413,7874.856692695175,7623.843307304825,SEP26,AUG26,2026-08-06,2026-09-18,7749.35,7599.305665762463,FOUND,WARN,UNKNOWN_SERIES;ESTIMATED_EXPIRY_ALIAS,2026-08-02.2,PUT_CALL_PARITY,AUG26,AUG26=PUT_CALL_PARITY;SEP26=PUT_CALL_PARITY;DEC26=PUT_CALL_PARITY;NOV26=PUT_CALL_PARITY;OCT26=PUT_CALL_PARITY;DEC28=PUT_CALL_PARITY;DEC29=PUT_CALL_PARITY;DEC30=PUT_CALL_PARITY;JAN27=PUT_CALL_PARITY;MAR27=PUT_CALL_PARITY;SEP27=PUT_CALL_PARITY;JUN27=PUT_CALL_PARITY;JUN28=SERIES_FORWARD_CLUSTER;DEC27=PUT_CALL_PARITY;MAR28=PUT_CALL_PARITY;FEB27=PUT_CALL_PARITY;APR27=PUT_CALL_PARITY;MAY27=PUT_CALL_PARITY;JUL27=PUT_CALL_PARITY;AUG27=PUT_CALL_PARITY,AUG26=7749.35;SEP26=7753.15;DEC26=7883.5;NOV26=7810.75;OCT26=7815.375;DEC28=8379.75;DEC29=8684.75;DEC30=7840.337;JAN27=7882.5;MAR27=7955;SEP27=8104.25;JUN27=8026.625;JUN28=8918.5;DEC27=8108.25;MAR28=8197;FEB27=7881.125;APR27=7962.25;MAY27=7967.125;JUL27=8047.375;AUG27=8053.25,NONE,WEIGHTED_ATM,2026-08-14,6,441,0.0,NONE,12064,11562,501,0,0,RTM,MDW;MMW;MRW;MTW,OK,NONE,NONE,2026-08-05
SPX,6610.0,-1289056.674841662,2.1465522262797525,0.0,0.0,0.0,0.0,0.0,0.0,7812.103346347588,7686.596653652413,7874.856692695175,7623.843307304825,SEP26,AUG26,2026-08-06,2026-09-18,7749.35,7599.305665762463,FOUND,WARN,UNKNOWN_SERIES;ESTIMATED_EXPIRY_ALIAS,2026-08-02.2,PUT_CALL_PARITY,AUG26,AUG26=PUT_CALL_PARITY;SEP26=PUT_CALL_PARITY;DEC26=PUT_CALL_PARITY;NOV26=PUT_CALL_PARITY;OCT26=PUT_CALL_PARITY;DEC28=PUT_CALL_PARITY;DEC29=PUT_CALL_PARITY;DEC30=PUT_CALL_PARITY;JAN27=PUT_CALL_PARITY;MAR27=PUT_CALL_PARITY;SEP27=PUT_CALL_PARITY;JUN27=PUT_CALL_PARITY;JUN28=SERIES_FORWARD_CLUSTER;DEC27=PUT_CALL_PARITY;MAR28=PUT_CALL_PARITY;FEB27=PUT_CALL_PARITY;APR27=PUT_CALL_PARITY;MAY27=PUT_CALL_PARITY;JUL27=PUT_CALL_PARITY;AUG27=PUT_CALL_PARITY,AUG26=7749.35;SEP26=7753.15;DEC26=7883.5;NOV26=7810.75;OCT26=7815.375;DEC28=8379.75;DEC29=8684.75;DEC30=7840.337;JAN27=7882.5;MAR27=7955;SEP27=8104.25;JUN27=8026.625;JUN28=8918.5;DEC27=8108.25;MAR28=8197;FEB27=7881.125;APR27=7962.25;MAY27=7967.125;JUL27=8047.375;AUG27=8053.25,NONE,WEIGHTED_ATM,2026-08-14,6,441,0.0,NONE,12064,11562,501,0,0,RTM,MDW;MMW;MRW;MTW,OK,NONE,NONE,2026-08-05
SPX,6615.0,-42260.48468743967,0.07037265254503079,0.0,0.0,0.0,0.0,0.0,0.0,7812.103346347588,7686.596653652413,7874.856692695175,7623.843307304825,SEP26,AUG26,2026-08-06,2026-09-18,7749.35,7599.305665762463,FOUND,WARN,UNKNOWN_SERIES;ESTIMATED_EXPIRY_ALIAS,2026-08-02.2,PUT_CALL_PARITY,AUG26,AUG26=PUT_CALL_PARITY;SEP26=PUT_CALL_PARITY;DEC26=PUT_CALL_PARITY;NOV26=PUT_CALL_PARITY;OCT26=PUT_CALL_PARITY;DEC28=PUT_CALL_PARITY;DEC29=PUT_CALL_PARITY;DEC30=PUT_CALL_PARITY;JAN27=PUT_CALL_PARITY;MAR27=PUT_CALL_PARITY;SEP27=PUT_CALL_PARITY;JUN27=PUT_CALL_PARITY;JUN28=SERIES_FORWARD_CLUSTER;DEC27=PUT_CALL_PARITY;MAR28=PUT_CALL_PARITY;FEB27=PUT_CALL_PARITY;APR27=PUT_CALL_PARITY;MAY27=PUT_CALL_PARITY;JUL27=PUT_CALL_PARITY;AUG27=PUT_CALL_PARITY,AUG26=7749.35;SEP26=7753.15;DEC26=7883.5;NOV26=7810.75;OCT26=7815.375;DEC28=8379.75;DEC29=8684.75;DEC30=7840.337;JAN27=7882.5;MAR27=7955;SEP27=8104.25;JUN27=8026.625;JUN28=8918.5;DEC27=8108.25;MAR28=8197;FEB27=7881.125;APR27=7962.25;MAY27=7967.125;JUL27=8047.375;AUG27=8053.25,NONE,WEIGHTED_ATM,2026-08-14,6,441,0.0,NONE,12064,11562,501,0,0,RTM,MDW;MMW;MRW;MTW,OK,NONE,NONE,2026-08-05
SPX,6620.0,-1526263.910566237,2.5415524848966173,0.0,0.0,0.0,0.0,0.0,0.0,7812.103346347588,7686.596653652413,7874.856692695175,7623.843307304825,SEP26,AUG26,2026-08-06,2026-09-18,7749.35,7599.305665762463,FOUND,WARN,UNKNOWN_SERIES;ESTIMATED_EXPIRY_ALIAS,2026-08-02.2,PUT_CALL_PARITY,AUG26,AUG26=PUT_CALL_PARITY;SEP26=PUT_CALL_PARITY;DEC26=PUT_CALL_PARITY;NOV26=PUT_CALL_PARITY;OCT26=PUT_CALL_PARITY;DEC28=PUT_CALL_PARITY;DEC29=PUT_CALL_PARITY;DEC30=PUT_CALL_PARITY;JAN27=PUT_CALL_PARITY;MAR27=PUT_CALL_PARITY;SEP27=PUT_CALL_PARITY;JUN27=PUT_CALL_PARITY;JUN28=SERIES_FORWARD_CLUSTER;DEC27=PUT_CALL_PARITY;MAR28=PUT_CALL_PARITY;FEB27=PUT_CALL_PARITY;APR27=PUT_CALL_PARITY;MAY27=PUT_CALL_PARITY;JUL27=PUT_CALL_PARITY;AUG27=PUT_CALL_PARITY,AUG26=7749.35;SEP26=7753.15;DEC26=7883.5;NOV26=7810.75;OCT26=7815.375;DEC28=8379.75;DEC29=8684.75;DEC30=7840.337;JAN27=7882.5;MAR27=7955;SEP27=8104.25;JUN27=8026.625;JUN28=8918.5;DEC27=8108.25;MAR28=8197;FEB27=7881.125;APR27=7962.25;MAY27=7967.125;JUL27=8047.375;AUG27=8053.25,NONE,WEIGHTED_ATM,2026-08-14,6,441,0.0,NONE,12064,11562,501,0,0,RTM,MDW;MMW;MRW;MTW,OK,NONE,NONE,2026-08-05
SPX,6625.0,-3833505.8385337405,6.366907058717732,0.0,0.0,0.0,0.0,0.0,0.0,7812.103346347588,7686.596653652413,7874.856692695175,7623.843307304825,SEP26,AUG26,2026-08-06,2026-09-18,7749.35,7599.305665762463,FOUND,WARN,UNKNOWN_SERIES;ESTIMATED_EXPIRY_ALIAS,2026-08-02.2,PUT_CALL_PARITY,AUG26,AUG26=PUT_CALL_PARITY;SEP26=PUT_CALL_PARITY;DEC26=PUT_CALL_PARITY;NOV26=PUT_CALL_PARITY;OCT26=PUT_CALL_PARITY;DEC28=PUT_CALL_PARITY;DEC29=PUT_CALL_PARITY;DEC30=PUT_CALL_PARITY;JAN27=PUT_CALL_PARITY;MAR27=PUT_CALL_PARITY;SEP27=PUT_CALL_PARITY;JUN27=PUT_CALL_PARITY;JUN28=SERIES_FORWARD_CLUSTER;DEC27=PUT_CALL_PARITY;MAR28=PUT_CALL_PARITY;FEB27=PUT_CALL_PARITY;APR27=PUT_CALL_PARITY;MAY27=PUT_CALL_PARITY;JUL27=PUT_CALL_PARITY;AUG27=PUT_CALL_PARITY,AUG26=7749.35;SEP26=7753.15;DEC26=7883.5;NOV26=7810.75;OCT26=7815.375;DEC28=8379.75;DEC29=8684.75;DEC30=7840.337;JAN27=7882.5;MAR27=7955;SEP27=8104.25;JUN27=8026.625;JUN28=8918.5;DEC27=8108.25;MAR28=8197;FEB27=7881.125;APR27=7962.25;MAY27=7967.125;JUL27=8047.375;AUG27=8053.25,NONE,WEIGHTED_ATM,2026-08-14,6,441,0.0,NONE,12064,11562,501,0,0,RTM,MDW;MMW;MRW;MTW,OK,NONE,NONE,2026-08-05
SPX,6630.0,-690627.1087925228,1.1500403254882754,0.0,0.0,0.0,0.0,0.0,0.0,7812.103346347588,7686.596653652413,7874.856692695175,7623.843307304825,SEP26,AUG26,2026-08-06,2026-09-18,7749.35,7599.305665762463,FOUND,WARN,UNKNOWN_SERIES;ESTIMATED_EXPIRY_ALIAS,2026-08-02.2,PUT_CALL_PARITY,AUG26,AUG26=PUT_CALL_PARITY;SEP26=PUT_CALL_PARITY;DEC26=PUT_CALL_PARITY;NOV26=PUT_CALL_PARITY;OCT26=PUT_CALL_PARITY;DEC28=PUT_CALL_PARITY;DEC29=PUT_CALL_PARITY;DEC30=PUT_CALL_PARITY;JAN27=PUT_CALL_PARITY;MAR27=PUT_CALL_PARITY;SEP27=PUT_CALL_PARITY;JUN27=PUT_CALL_PARITY;JUN28=SERIES_FORWARD_CLUSTER;DEC27=PUT_CALL_PARITY;MAR28=PUT_CALL_PARITY;FEB27=PUT_CALL_PARITY;APR27=PUT_CALL_PARITY;MAY27=PUT_CALL_PARITY;JUL27=PUT_CALL_PARITY;AUG27=PUT_CALL_PARITY,AUG26=7749.35;SEP26=7753.15;DEC26=7883.5;NOV26=7810.75;OCT26=7815.375;DEC28=8379.75;DEC29=8684.75;DEC30=7840.337;JAN27=7882.5;MAR27=7955;SEP27=8104.25;JUN27=8026.625;JUN28=8918.5;DEC27=8108.25;MAR28=8197;FEB27=7881.125;APR27=7962.25;MAY27=7967.125;JUL27=8047.375;AUG27=8053.25,NONE,WEIGHTED_ATM,2026-08-14,6,441,0.0,NONE,12064,11562,501,0,0,RTM,MDW;MMW;MRW;MTW,OK,NONE,NONE,2026-08-05
SPX,6635.0,-146.66886217501798,0.0002442347018344827,0.0,0.0,0.0,0.0,0.0,0.0,7812.103346347588,7686.596653652413,7874.856692695175,7623.843307304825,SEP26,AUG26,2026-08-06,2026-09-18,7749.35,7599.305665762463,FOUND,WARN,UNKNOWN_SERIES;ESTIMATED_EXPIRY_ALIAS,2026-08-02.2,PUT_CALL_PARITY,AUG26,AUG26=PUT_CALL_PARITY;SEP26=PUT_CALL_PARITY;DEC26=PUT_CALL_PARITY;NOV26=PUT_CALL_PARITY;OCT26=PUT_CALL_PARITY;DEC28=PUT_CALL_PARITY;DEC29=PUT_CALL_PARITY;DEC30=PUT_CALL_PARITY;JAN27=PUT_CALL_PARITY;MAR27=PUT_CALL_PARITY;SEP27=PUT_CALL_PARITY;JUN27=PUT_CALL_PARITY;JUN28=SERIES_FORWARD_CLUSTER;DEC27=PUT_CALL_PARITY;MAR28=PUT_CALL_PARITY;FEB27=PUT_CALL_PARITY;APR27=PUT_CALL_PARITY;MAY27=PUT_CALL_PARITY;JUL27=PUT_CALL_PARITY;AUG27=PUT_CALL_PARITY,AUG26=7749.35;SEP26=7753.15;DEC26=7883.5;NOV26=7810.75;OCT26=7815.375;DEC28=8379.75;DEC29=8684.75;DEC30=7840.337;JAN27=7882.5;MAR27=7955;SEP27=8104.25;JUN27=8026.625;JUN28=8918.5;DEC27=8108.25;MAR28=8197;FEB27=7881.125;APR27=7962.25;MAY27=7967.125;JUL27=8047.375;AUG27=8053.25,NONE,WEIGHTED_ATM,2026-08-14,6,441,0.0,NONE,12064,11562,501,0,0,RTM,MDW;MMW;MRW;MTW,OK,NONE,NONE,2026-08-05
SPX,6640.0,-829731.295906879,1.3816782420847924,0.0,0.0,0.0,0.0,0.0,0.0,7812.103346347588,7686.596653652413,7874.856692695175,7623.843307304825,SEP26,AUG26,2026-08-06,2026-09-18,7749.35,7599.305665762463,FOUND,WARN,UNKNOWN_SERIES;ESTIMATED_EXPIRY_ALIAS,2026-08-02.2,PUT_CALL_PARITY,AUG26,AUG26=PUT_CALL_PARITY;SEP26=PUT_CALL_PARITY;DEC26=PUT_CALL_PARITY;NOV26=PUT_CALL_PARITY;OCT26=PUT_CALL_PARITY;DEC28=PUT_CALL_PARITY;DEC29=PUT_CALL_PARITY;DEC30=PUT_CALL_PARITY;JAN27=PUT_CALL_PARITY;MAR27=PUT_CALL_PARITY;SEP27=PUT_CALL_PARITY;JUN27=PUT_CALL_PARITY;JUN28=SERIES_FORWARD_CLUSTER;DEC27=PUT_CALL_PARITY;MAR28=PUT_CALL_PARITY;FEB27=PUT_CALL_PARITY;APR27=PUT_CALL_PARITY;MAY27=PUT_CALL_PARITY;JUL27=PUT_CALL_PARITY;AUG27=PUT_CALL_PARITY,AUG26=7749.35;SEP26=7753.15;DEC26=7883.5;NOV26=7810.75;OCT26=7815.375;DEC28=8379.75;DEC29=8684.75;DEC30=7840.337;JAN27=7882.5;MAR27=7955;SEP27=8104.25;JUN27=8026.625;JUN28=8918.5;DEC27=8108.25;MAR28=8197;FEB27=7881.125;APR27=7962.25;MAY27=7967.125;JUL27=8047.375;AUG27=8053.25,NONE,WEIGHTED_ATM,2026-08-14,6,441,0.0,NONE,12064,11562,501,0,0,RTM,MDW;MMW;MRW;MTW,OK,NONE,NONE,2026-08-05
SPX,6645.0,0.0,0.0,0.0,0.0,0.0,0.0,0.0,0.0,7812.103346347588,7686.596653652413,7874.856692695175,7623.843307304825,SEP26,AUG26,2026-08-06,2026-09-18,7749.35,7599.305665762463,FOUND,WARN,UNKNOWN_SERIES;ESTIMATED_EXPIRY_ALIAS,2026-08-02.2,PUT_CALL_PARITY,AUG26,AUG26=PUT_CALL_PARITY;SEP26=PUT_CALL_PARITY;DEC26=PUT_CALL_PARITY;NOV26=PUT_CALL_PARITY;OCT26=PUT_CALL_PARITY;DEC28=PUT_CALL_PARITY;DEC29=PUT_CALL_PARITY;DEC30=PUT_CALL_PARITY;JAN27=PUT_CALL_PARITY;MAR27=PUT_CALL_PARITY;SEP27=PUT_CALL_PARITY;JUN27=PUT_CALL_PARITY;JUN28=SERIES_FORWARD_CLUSTER;DEC27=PUT_CALL_PARITY;MAR28=PUT_CALL_PARITY;FEB27=PUT_CALL_PARITY;APR27=PUT_CALL_PARITY;MAY27=PUT_CALL_PARITY;JUL27=PUT_CALL_PARITY;AUG27=PUT_CALL_PARITY,AUG26=7749.35;SEP26=7753.15;DEC26=7883.5;NOV26=7810.75;OCT26=7815.375;DEC28=8379.75;DEC29=8684.75;DEC30=7840.337;JAN27=7882.5;MAR27=7955;SEP27=8104.25;JUN27=8026.625;JUN28=8918.5;DEC27=8108.25;MAR28=8197;FEB27=7881.125;APR27=7962.25;MAY27=7967.125;JUL27=8047.375;AUG27=8053.25,NONE,WEIGHTED_ATM,2026-08-14,6,441,0.0,NONE,12064,11562,501,0,0,RTM,MDW;MMW;MRW;MTW,OK,NONE,NONE,2026-08-05
SPX,6650.0,-101611146.6460453,172.79383288582582,0.0,0.0,0.0,0.0,0.0,0.0,7812.103346347588,7686.596653652413,7874.856692695175,7623.843307304825,SEP26,AUG26,2026-08-06,2026-09-18,7749.35,7599.305665762463,FOUND,WARN,UNKNOWN_SERIES;ESTIMATED_EXPIRY_ALIAS,2026-08-02.2,PUT_CALL_PARITY,AUG26,AUG26=PUT_CALL_PARITY;SEP26=PUT_CALL_PARITY;DEC26=PUT_CALL_PARITY;NOV26=PUT_CALL_PARITY;OCT26=PUT_CALL_PARITY;DEC28=PUT_CALL_PARITY;DEC29=PUT_CALL_PARITY;DEC30=PUT_CALL_PARITY;JAN27=PUT_CALL_PARITY;MAR27=PUT_CALL_PARITY;SEP27=PUT_CALL_PARITY;JUN27=PUT_CALL_PARITY;JUN28=SERIES_FORWARD_CLUSTER;DEC27=PUT_CALL_PARITY;MAR28=PUT_CALL_PARITY;FEB27=PUT_CALL_PARITY;APR27=PUT_CALL_PARITY;MAY27=PUT_CALL_PARITY;JUL27=PUT_CALL_PARITY;AUG27=PUT_CALL_PARITY,AUG26=7749.35;SEP26=7753.15;DEC26=7883.5;NOV26=7810.75;OCT26=7815.375;DEC28=8379.75;DEC29=8684.75;DEC30=7840.337;JAN27=7882.5;MAR27=7955;SEP27=8104.25;JUN27=8026.625;JUN28=8918.5;DEC27=8108.25;MAR28=8197;FEB27=7881.125;APR27=7962.25;MAY27=7967.125;JUL27=8047.375;AUG27=8053.25,NONE,WEIGHTED_ATM,2026-08-14,6,441,0.0,NONE,12064,11562,501,0,0,RTM,MDW;MMW;MRW;MTW,OK,NONE,NONE,2026-08-05
SPX,6660.0,-1118471.3778067282,1.862491597862536,0.0,0.0,0.0,0.0,0.0,0.0,7812.103346347588,7686.596653652413,7874.856692695175,7623.843307304825,SEP26,AUG26,2026-08-06,2026-09-18,7749.35,7599.305665762463,FOUND,WARN,UNKNOWN_SERIES;ESTIMATED_EXPIRY_ALIAS,2026-08-02.2,PUT_CALL_PARITY,AUG26,AUG26=PUT_CALL_PARITY;SEP26=PUT_CALL_PARITY;DEC26=PUT_CALL_PARITY;NOV26=PUT_CALL_PARITY;OCT26=PUT_CALL_PARITY;DEC28=PUT_CALL_PARITY;DEC29=PUT_CALL_PARITY;DEC30=PUT_CALL_PARITY;JAN27=PUT_CALL_PARITY;MAR27=PUT_CALL_PARITY;SEP27=PUT_CALL_PARITY;JUN27=PUT_CALL_PARITY;JUN28=SERIES_FORWARD_CLUSTER;DEC27=PUT_CALL_PARITY;MAR28=PUT_CALL_PARITY;FEB27=PUT_CALL_PARITY;APR27=PUT_CALL_PARITY;MAY27=PUT_CALL_PARITY;JUL27=PUT_CALL_PARITY;AUG27=PUT_CALL_PARITY,AUG26=7749.35;SEP26=7753.15;DEC26=7883.5;NOV26=7810.75;OCT26=7815.375;DEC28=8379.75;DEC29=8684.75;DEC30=7840.337;JAN27=7882.5;MAR27=7955;SEP27=8104.25;JUN27=8026.625;JUN28=8918.5;DEC27=8108.25;MAR28=8197;FEB27=7881.125;APR27=7962.25;MAY27=7967.125;JUL27=8047.375;AUG27=8053.25,NONE,WEIGHTED_ATM,2026-08-14,6,441,0.0,NONE,12064,11562,501,0,0,RTM,MDW;MMW;MRW;MTW,OK,NONE,NONE,2026-08-05
SPX,6665.0,0.0,0.0,0.0,0.0,0.0,0.0,0.0,0.0,7812.103346347588,7686.596653652413,7874.856692695175,7623.843307304825,SEP26,AUG26,2026-08-06,2026-09-18,7749.35,7599.305665762463,FOUND,WARN,UNKNOWN_SERIES;ESTIMATED_EXPIRY_ALIAS,2026-08-02.2,PUT_CALL_PARITY,AUG26,AUG26=PUT_CALL_PARITY;SEP26=PUT_CALL_PARITY;DEC26=PUT_CALL_PARITY;NOV26=PUT_CALL_PARITY;OCT26=PUT_CALL_PARITY;DEC28=PUT_CALL_PARITY;DEC29=PUT_CALL_PARITY;DEC30=PUT_CALL_PARITY;JAN27=PUT_CALL_PARITY;MAR27=PUT_CALL_PARITY;SEP27=PUT_CALL_PARITY;JUN27=PUT_CALL_PARITY;JUN28=SERIES_FORWARD_CLUSTER;DEC27=PUT_CALL_PARITY;MAR28=PUT_CALL_PARITY;FEB27=PUT_CALL_PARITY;APR27=PUT_CALL_PARITY;MAY27=PUT_CALL_PARITY;JUL27=PUT_CALL_PARITY;AUG27=PUT_CALL_PARITY,AUG26=7749.35;SEP26=7753.15;DEC26=7883.5;NOV26=7810.75;OCT26=7815.375;DEC28=8379.75;DEC29=8684.75;DEC30=7840.337;JAN27=7882.5;MAR27=7955;SEP27=8104.25;JUN27=8026.625;JUN28=8918.5;DEC27=8108.25;MAR28=8197;FEB27=7881.125;APR27=7962.25;MAY27=7967.125;JUL27=8047.375;AUG27=8053.25,NONE,WEIGHTED_ATM,2026-08-14,6,441,0.0,NONE,12064,11562,501,0,0,RTM,MDW;MMW;MRW;MTW,OK,NONE,NONE,2026-08-05
SPX,6670.0,-678632.8666426104,1.130067373412607,0.0,0.0,0.0,0.0,0.0,0.0,7812.103346347588,7686.596653652413,7874.856692695175,7623.843307304825,SEP26,AUG26,2026-08-06,2026-09-18,7749.35,7599.305665762463,FOUND,WARN,UNKNOWN_SERIES;ESTIMATED_EXPIRY_ALIAS,2026-08-02.2,PUT_CALL_PARITY,AUG26,AUG26=PUT_CALL_PARITY;SEP26=PUT_CALL_PARITY;DEC26=PUT_CALL_PARITY;NOV26=PUT_CALL_PARITY;OCT26=PUT_CALL_PARITY;DEC28=PUT_CALL_PARITY;DEC29=PUT_CALL_PARITY;DEC30=PUT_CALL_PARITY;JAN27=PUT_CALL_PARITY;MAR27=PUT_CALL_PARITY;SEP27=PUT_CALL_PARITY;JUN27=PUT_CALL_PARITY;JUN28=SERIES_FORWARD_CLUSTER;DEC27=PUT_CALL_PARITY;MAR28=PUT_CALL_PARITY;FEB27=PUT_CALL_PARITY;APR27=PUT_CALL_PARITY;MAY27=PUT_CALL_PARITY;JUL27=PUT_CALL_PARITY;AUG27=PUT_CALL_PARITY,AUG26=7749.35;SEP26=7753.15;DEC26=7883.5;NOV26=7810.75;OCT26=7815.375;DEC28=8379.75;DEC29=8684.75;DEC30=7840.337;JAN27=7882.5;MAR27=7955;SEP27=8104.25;JUN27=8026.625;JUN28=8918.5;DEC27=8108.25;MAR28=8197;FEB27=7881.125;APR27=7962.25;MAY27=7967.125;JUL27=8047.375;AUG27=8053.25,NONE,WEIGHTED_ATM,2026-08-14,6,441,0.0,NONE,12064,11562,501,0,0,RTM,MDW;MMW;MRW;MTW,OK,NONE,NONE,2026-08-05
SPX,6675.0,-6010406.03148717,9.979716642060016,0.0,0.0,0.0,0.0,0.0,0.0,7812.103346347588,7686.596653652413,7874.856692695175,7623.843307304825,SEP26,AUG26,2026-08-06,2026-09-18,7749.35,7599.305665762463,FOUND,WARN,UNKNOWN_SERIES;ESTIMATED_EXPIRY_ALIAS,2026-08-02.2,PUT_CALL_PARITY,AUG26,AUG26=PUT_CALL_PARITY;SEP26=PUT_CALL_PARITY;DEC26=PUT_CALL_PARITY;NOV26=PUT_CALL_PARITY;OCT26=PUT_CALL_PARITY;DEC28=PUT_CALL_PARITY;DEC29=PUT_CALL_PARITY;DEC30=PUT_CALL_PARITY;JAN27=PUT_CALL_PARITY;MAR27=PUT_CALL_PARITY;SEP27=PUT_CALL_PARITY;JUN27=PUT_CALL_PARITY;JUN28=SERIES_FORWARD_CLUSTER;DEC27=PUT_CALL_PARITY;MAR28=PUT_CALL_PARITY;FEB27=PUT_CALL_PARITY;APR27=PUT_CALL_PARITY;MAY27=PUT_CALL_PARITY;JUL27=PUT_CALL_PARITY;AUG27=PUT_CALL_PARITY,AUG26=7749.35;SEP26=7753.15;DEC26=7883.5;NOV26=7810.75;OCT26=7815.375;DEC28=8379.75;DEC29=8684.75;DEC30=7840.337;JAN27=7882.5;MAR27=7955;SEP27=8104.25;JUN27=8026.625;JUN28=8918.5;DEC27=8108.25;MAR28=8197;FEB27=7881.125;APR27=7962.25;MAY27=7967.125;JUL27=8047.375;AUG27=8053.25,NONE,WEIGHTED_ATM,2026-08-14,6,441,0.0,NONE,12064,11562,501,0,0,RTM,MDW;MMW;MRW;MTW,OK,NONE,NONE,2026-08-05
SPX,6680.0,-1186303.626690715,1.9754466507296797,0.0,0.0,0.0,0.0,0.0,0.0,7812.103346347588,7686.596653652413,7874.856692695175,7623.843307304825,SEP26,AUG26,2026-08-06,2026-09-18,7749.35,7599.305665762463,FOUND,WARN,UNKNOWN_SERIES;ESTIMATED_EXPIRY_ALIAS,2026-08-02.2,PUT_CALL_PARITY,AUG26,AUG26=PUT_CALL_PARITY;SEP26=PUT_CALL_PARITY;DEC26=PUT_CALL_PARITY;NOV26=PUT_CALL_PARITY;OCT26=PUT_CALL_PARITY;DEC28=PUT_CALL_PARITY;DEC29=PUT_CALL_PARITY;DEC30=PUT_CALL_PARITY;JAN27=PUT_CALL_PARITY;MAR27=PUT_CALL_PARITY;SEP27=PUT_CALL_PARITY;JUN27=PUT_CALL_PARITY;JUN28=SERIES_FORWARD_CLUSTER;DEC27=PUT_CALL_PARITY;MAR28=PUT_CALL_PARITY;FEB27=PUT_CALL_PARITY;APR27=PUT_CALL_PARITY;MAY27=PUT_CALL_PARITY;JUL27=PUT_CALL_PARITY;AUG27=PUT_CALL_PARITY,AUG26=7749.35;SEP26=7753.15;DEC26=7883.5;NOV26=7810.75;OCT26=7815.375;DEC28=8379.75;DEC29=8684.75;DEC30=7840.337;JAN27=7882.5;MAR27=7955;SEP27=8104.25;JUN27=8026.625;JUN28=8918.5;DEC27=8108.25;MAR28=8197;FEB27=7881.125;APR27=7962.25;MAY27=7967.125;JUL27=8047.375;AUG27=8053.25,NONE,WEIGHTED_ATM,2026-08-14,6,441,0.0,NONE,12064,11562,501,0,0,RTM,MDW;MMW;MRW;MTW,OK,NONE,NONE,2026-08-05
SPX,6690.0,-589221.0502323246,0.9811777727324891,0.0,0.0,0.0,0.0,0.0,0.0,7812.103346347588,7686.596653652413,7874.856692695175,7623.843307304825,SEP26,AUG26,2026-08-06,2026-09-18,7749.35,7599.305665762463,FOUND,WARN,UNKNOWN_SERIES;ESTIMATED_EXPIRY_ALIAS,2026-08-02.2,PUT_CALL_PARITY,AUG26,AUG26=PUT_CALL_PARITY;SEP26=PUT_CALL_PARITY;DEC26=PUT_CALL_PARITY;NOV26=PUT_CALL_PARITY;OCT26=PUT_CALL_PARITY;DEC28=PUT_CALL_PARITY;DEC29=PUT_CALL_PARITY;DEC30=PUT_CALL_PARITY;JAN27=PUT_CALL_PARITY;MAR27=PUT_CALL_PARITY;SEP27=PUT_CALL_PARITY;JUN27=PUT_CALL_PARITY;JUN28=SERIES_FORWARD_CLUSTER;DEC27=PUT_CALL_PARITY;MAR28=PUT_CALL_PARITY;FEB27=PUT_CALL_PARITY;APR27=PUT_CALL_PARITY;MAY27=PUT_CALL_PARITY;JUL27=PUT_CALL_PARITY;AUG27=PUT_CALL_PARITY,AUG26=7749.35;SEP26=7753.15;DEC26=7883.5;NOV26=7810.75;OCT26=7815.375;DEC28=8379.75;DEC29=8684.75;DEC30=7840.337;JAN27=7882.5;MAR27=7955;SEP27=8104.25;JUN27=8026.625;JUN28=8918.5;DEC27=8108.25;MAR28=8197;FEB27=7881.125;APR27=7962.25;MAY27=7967.125;JUL27=8047.375;AUG27=8053.25,NONE,WEIGHTED_ATM,2026-08-14,6,441,0.0,NONE,12064,11562,501,0,0,RTM,MDW;MMW;MRW;MTW,OK,NONE,NONE,2026-08-05
SPX,6700.0,-146784158.3939414,275.986607957089,0.0,0.0,0.0,0.0,0.0,0.0,7812.103346347588,7686.596653652413,7874.856692695175,7623.843307304825,SEP26,AUG26,2026-08-06,2026-09-18,7749.35,7599.305665762463,FOUND,WARN,UNKNOWN_SERIES;ESTIMATED_EXPIRY_ALIAS,2026-08-02.2,PUT_CALL_PARITY,AUG26,AUG26=PUT_CALL_PARITY;SEP26=PUT_CALL_PARITY;DEC26=PUT_CALL_PARITY;NOV26=PUT_CALL_PARITY;OCT26=PUT_CALL_PARITY;DEC28=PUT_CALL_PARITY;DEC29=PUT_CALL_PARITY;DEC30=PUT_CALL_PARITY;JAN27=PUT_CALL_PARITY;MAR27=PUT_CALL_PARITY;SEP27=PUT_CALL_PARITY;JUN27=PUT_CALL_PARITY;JUN28=SERIES_FORWARD_CLUSTER;DEC27=PUT_CALL_PARITY;MAR28=PUT_CALL_PARITY;FEB27=PUT_CALL_PARITY;APR27=PUT_CALL_PARITY;MAY27=PUT_CALL_PARITY;JUL27=PUT_CALL_PARITY;AUG27=PUT_CALL_PARITY,AUG26=7749.35;SEP26=7753.15;DEC26=7883.5;NOV26=7810.75;OCT26=7815.375;DEC28=8379.75;DEC29=8684.75;DEC30=7840.337;JAN27=7882.5;MAR27=7955;SEP27=8104.25;JUN27=8026.625;JUN28=8918.5;DEC27=8108.25;MAR28=8197;FEB27=7881.125;APR27=7962.25;MAY27=7967.125;JUL27=8047.375;AUG27=8053.25,NONE,WEIGHTED_ATM,2026-08-14,6,441,0.0,NONE,12064,11562,501,0,0,RTM,MDW;MMW;MRW;MTW,OK,NONE,NONE,2026-08-05
SPX,6705.0,-3314.64211833047,0.005519580757996435,0.0,0.0,0.0,0.0,0.0,0.0,7812.103346347588,7686.596653652413,7874.856692695175,7623.843307304825,SEP26,AUG26,2026-08-06,2026-09-18,7749.35,7599.305665762463,FOUND,WARN,UNKNOWN_SERIES;ESTIMATED_EXPIRY_ALIAS,2026-08-02.2,PUT_CALL_PARITY,AUG26,AUG26=PUT_CALL_PARITY;SEP26=PUT_CALL_PARITY;DEC26=PUT_CALL_PARITY;NOV26=PUT_CALL_PARITY;OCT26=PUT_CALL_PARITY;DEC28=PUT_CALL_PARITY;DEC29=PUT_CALL_PARITY;DEC30=PUT_CALL_PARITY;JAN27=PUT_CALL_PARITY;MAR27=PUT_CALL_PARITY;SEP27=PUT_CALL_PARITY;JUN27=PUT_CALL_PARITY;JUN28=SERIES_FORWARD_CLUSTER;DEC27=PUT_CALL_PARITY;MAR28=PUT_CALL_PARITY;FEB27=PUT_CALL_PARITY;APR27=PUT_CALL_PARITY;MAY27=PUT_CALL_PARITY;JUL27=PUT_CALL_PARITY;AUG27=PUT_CALL_PARITY,AUG26=7749.35;SEP26=7753.15;DEC26=7883.5;NOV26=7810.75;OCT26=7815.375;DEC28=8379.75;DEC29=8684.75;DEC30=7840.337;JAN27=7882.5;MAR27=7955;SEP27=8104.25;JUN27=8026.625;JUN28=8918.5;DEC27=8108.25;MAR28=8197;FEB27=7881.125;APR27=7962.25;MAY27=7967.125;JUL27=8047.375;AUG27=8053.25,NONE,WEIGHTED_ATM,2026-08-14,6,441,0.0,NONE,12064,11562,501,0,0,RTM,MDW;MMW;MRW;MTW,OK,NONE,NONE,2026-08-05
SPX,6710.0,-404308.52519508975,0.673259276957707,0.0,0.0,0.0,0.0,0.0,0.0,7812.103346347588,7686.596653652413,7874.856692695175,7623.843307304825,SEP26,AUG26,2026-08-06,2026-09-18,7749.35,7599.305665762463,FOUND,WARN,UNKNOWN_SERIES;ESTIMATED_EXPIRY_ALIAS,2026-08-02.2,PUT_CALL_PARITY,AUG26,AUG26=PUT_CALL_PARITY;SEP26=PUT_CALL_PARITY;DEC26=PUT_CALL_PARITY;NOV26=PUT_CALL_PARITY;OCT26=PUT_CALL_PARITY;DEC28=PUT_CALL_PARITY;DEC29=PUT_CALL_PARITY;DEC30=PUT_CALL_PARITY;JAN27=PUT_CALL_PARITY;MAR27=PUT_CALL_PARITY;SEP27=PUT_CALL_PARITY;JUN27=PUT_CALL_PARITY;JUN28=SERIES_FORWARD_CLUSTER;DEC27=PUT_CALL_PARITY;MAR28=PUT_CALL_PARITY;FEB27=PUT_CALL_PARITY;APR27=PUT_CALL_PARITY;MAY27=PUT_CALL_PARITY;JUL27=PUT_CALL_PARITY;AUG27=PUT_CALL_PARITY,AUG26=7749.35;SEP26=7753.15;DEC26=7883.5;NOV26=7810.75;OCT26=7815.375;DEC28=8379.75;DEC29=8684.75;DEC30=7840.337;JAN27=7882.5;MAR27=7955;SEP27=8104.25;JUN27=8026.625;JUN28=8918.5;DEC27=8108.25;MAR28=8197;FEB27=7881.125;APR27=7962.25;MAY27=7967.125;JUL27=8047.375;AUG27=8053.25,NONE,WEIGHTED_ATM,2026-08-14,6,441,0.0,NONE,12064,11562,501,0,0,RTM,MDW;MMW;MRW;MTW,OK,NONE,NONE,2026-08-05
SPX,6720.0,-429297.78769567324,0.7148716886542721,0.0,0.0,0.0,0.0,0.0,0.0,7812.103346347588,7686.596653652413,7874.856692695175,7623.843307304825,SEP26,AUG26,2026-08-06,2026-09-18,7749.35,7599.305665762463,FOUND,WARN,UNKNOWN_SERIES;ESTIMATED_EXPIRY_ALIAS,2026-08-02.2,PUT_CALL_PARITY,AUG26,AUG26=PUT_CALL_PARITY;SEP26=PUT_CALL_PARITY;DEC26=PUT_CALL_PARITY;NOV26=PUT_CALL_PARITY;OCT26=PUT_CALL_PARITY;DEC28=PUT_CALL_PARITY;DEC29=PUT_CALL_PARITY;DEC30=PUT_CALL_PARITY;JAN27=PUT_CALL_PARITY;MAR27=PUT_CALL_PARITY;SEP27=PUT_CALL_PARITY;JUN27=PUT_CALL_PARITY;JUN28=SERIES_FORWARD_CLUSTER;DEC27=PUT_CALL_PARITY;MAR28=PUT_CALL_PARITY;FEB27=PUT_CALL_PARITY;APR27=PUT_CALL_PARITY;MAY27=PUT_CALL_PARITY;JUL27=PUT_CALL_PARITY;AUG27=PUT_CALL_PARITY,AUG26=7749.35;SEP26=7753.15;DEC26=7883.5;NOV26=7810.75;OCT26=7815.375;DEC28=8379.75;DEC29=8684.75;DEC30=7840.337;JAN27=7882.5;MAR27=7955;SEP27=8104.25;JUN27=8026.625;JUN28=8918.5;DEC27=8108.25;MAR28=8197;FEB27=7881.125;APR27=7962.25;MAY27=7967.125;JUL27=8047.375;AUG27=8053.25,NONE,WEIGHTED_ATM,2026-08-14,6,441,0.0,NONE,12064,11562,501,0,0,RTM,MDW;MMW;MRW;MTW,OK,NONE,NONE,2026-08-05
SPX,6725.0,-37128204.7705809,64.70539639188694,0.0,0.0,0.0,0.0,0.0,0.0,7812.103346347588,7686.596653652413,7874.856692695175,7623.843307304825,SEP26,AUG26,2026-08-06,2026-09-18,7749.35,7599.305665762463,FOUND,WARN,UNKNOWN_SERIES;ESTIMATED_EXPIRY_ALIAS,2026-08-02.2,PUT_CALL_PARITY,AUG26,AUG26=PUT_CALL_PARITY;SEP26=PUT_CALL_PARITY;DEC26=PUT_CALL_PARITY;NOV26=PUT_CALL_PARITY;OCT26=PUT_CALL_PARITY;DEC28=PUT_CALL_PARITY;DEC29=PUT_CALL_PARITY;DEC30=PUT_CALL_PARITY;JAN27=PUT_CALL_PARITY;MAR27=PUT_CALL_PARITY;SEP27=PUT_CALL_PARITY;JUN27=PUT_CALL_PARITY;JUN28=SERIES_FORWARD_CLUSTER;DEC27=PUT_CALL_PARITY;MAR28=PUT_CALL_PARITY;FEB27=PUT_CALL_PARITY;APR27=PUT_CALL_PARITY;MAY27=PUT_CALL_PARITY;JUL27=PUT_CALL_PARITY;AUG27=PUT_CALL_PARITY,AUG26=7749.35;SEP26=7753.15;DEC26=7883.5;NOV26=7810.75;OCT26=7815.375;DEC28=8379.75;DEC29=8684.75;DEC30=7840.337;JAN27=7882.5;MAR27=7955;SEP27=8104.25;JUN27=8026.625;JUN28=8918.5;DEC27=8108.25;MAR28=8197;FEB27=7881.125;APR27=7962.25;MAY27=7967.125;JUL27=8047.375;AUG27=8053.25,NONE,WEIGHTED_ATM,2026-08-14,6,441,0.0,NONE,12064,11562,501,0,0,RTM,MDW;MMW;MRW;MTW,OK,NONE,NONE,2026-08-05
SPX,6730.0,-618926.651860854,1.0306438874140111,0.0,0.0,0.0,0.0,0.0,0.0,7812.103346347588,7686.596653652413,7874.856692695175,7623.843307304825,SEP26,AUG26,2026-08-06,2026-09-18,7749.35,7599.305665762463,FOUND,WARN,UNKNOWN_SERIES;ESTIMATED_EXPIRY_ALIAS,2026-08-02.2,PUT_CALL_PARITY,AUG26,AUG26=PUT_CALL_PARITY;SEP26=PUT_CALL_PARITY;DEC26=PUT_CALL_PARITY;NOV26=PUT_CALL_PARITY;OCT26=PUT_CALL_PARITY;DEC28=PUT_CALL_PARITY;DEC29=PUT_CALL_PARITY;DEC30=PUT_CALL_PARITY;JAN27=PUT_CALL_PARITY;MAR27=PUT_CALL_PARITY;SEP27=PUT_CALL_PARITY;JUN27=PUT_CALL_PARITY;JUN28=SERIES_FORWARD_CLUSTER;DEC27=PUT_CALL_PARITY;MAR28=PUT_CALL_PARITY;FEB27=PUT_CALL_PARITY;APR27=PUT_CALL_PARITY;MAY27=PUT_CALL_PARITY;JUL27=PUT_CALL_PARITY;AUG27=PUT_CALL_PARITY,AUG26=7749.35;SEP26=7753.15;DEC26=7883.5;NOV26=7810.75;OCT26=7815.375;DEC28=8379.75;DEC29=8684.75;DEC30=7840.337;JAN27=7882.5;MAR27=7955;SEP27=8104.25;JUN27=8026.625;JUN28=8918.5;DEC27=8108.25;MAR28=8197;FEB27=7881.125;APR27=7962.25;MAY27=7967.125;JUL27=8047.375;AUG27=8053.25,NONE,WEIGHTED_ATM,2026-08-14,6,441,0.0,NONE,12064,11562,501,0,0,RTM,MDW;MMW;MRW;MTW,OK,NONE,NONE,2026-08-05
SPX,6740.0,-588460.8790744141,0.9799119268443967,0.0,0.0,0.0,0.0,0.0,0.0,7812.103346347588,7686.596653652413,7874.856692695175,7623.843307304825,SEP26,AUG26,2026-08-06,2026-09-18,7749.35,7599.305665762463,FOUND,WARN,UNKNOWN_SERIES;ESTIMATED_EXPIRY_ALIAS,2026-08-02.2,PUT_CALL_PARITY,AUG26,AUG26=PUT_CALL_PARITY;SEP26=PUT_CALL_PARITY;DEC26=PUT_CALL_PARITY;NOV26=PUT_CALL_PARITY;OCT26=PUT_CALL_PARITY;DEC28=PUT_CALL_PARITY;DEC29=PUT_CALL_PARITY;DEC30=PUT_CALL_PARITY;JAN27=PUT_CALL_PARITY;MAR27=PUT_CALL_PARITY;SEP27=PUT_CALL_PARITY;JUN27=PUT_CALL_PARITY;JUN28=SERIES_FORWARD_CLUSTER;DEC27=PUT_CALL_PARITY;MAR28=PUT_CALL_PARITY;FEB27=PUT_CALL_PARITY;APR27=PUT_CALL_PARITY;MAY27=PUT_CALL_PARITY;JUL27=PUT_CALL_PARITY;AUG27=PUT_CALL_PARITY,AUG26=7749.35;SEP26=7753.15;DEC26=7883.5;NOV26=7810.75;OCT26=7815.375;DEC28=8379.75;DEC29=8684.75;DEC30=7840.337;JAN27=7882.5;MAR27=7955;SEP27=8104.25;JUN27=8026.625;JUN28=8918.5;DEC27=8108.25;MAR28=8197;FEB27=7881.125;APR27=7962.25;MAY27=7967.125;JUL27=8047.375;AUG27=8053.25,NONE,WEIGHTED_ATM,2026-08-14,6,441,0.0,NONE,12064,11562,501,0,0,RTM,MDW;MMW;MRW;MTW,OK,NONE,NONE,2026-08-05
SPX,6745.0,-6062.471553267029,0.010095298417365147,0.0,0.0,0.0,0.0,0.0,0.0,7812.103346347588,7686.596653652413,7874.856692695175,7623.843307304825,SEP26,AUG26,2026-08-06,2026-09-18,7749.35,7599.305665762463,FOUND,WARN,UNKNOWN_SERIES;ESTIMATED_EXPIRY_ALIAS,2026-08-02.2,PUT_CALL_PARITY,AUG26,AUG26=PUT_CALL_PARITY;SEP26=PUT_CALL_PARITY;DEC26=PUT_CALL_PARITY;NOV26=PUT_CALL_PARITY;OCT26=PUT_CALL_PARITY;DEC28=PUT_CALL_PARITY;DEC29=PUT_CALL_PARITY;DEC30=PUT_CALL_PARITY;JAN27=PUT_CALL_PARITY;MAR27=PUT_CALL_PARITY;SEP27=PUT_CALL_PARITY;JUN27=PUT_CALL_PARITY;JUN28=SERIES_FORWARD_CLUSTER;DEC27=PUT_CALL_PARITY;MAR28=PUT_CALL_PARITY;FEB27=PUT_CALL_PARITY;APR27=PUT_CALL_PARITY;MAY27=PUT_CALL_PARITY;JUL27=PUT_CALL_PARITY;AUG27=PUT_CALL_PARITY,AUG26=7749.35;SEP26=7753.15;DEC26=7883.5;NOV26=7810.75;OCT26=7815.375;DEC28=8379.75;DEC29=8684.75;DEC30=7840.337;JAN27=7882.5;MAR27=7955;SEP27=8104.25;JUN27=8026.625;JUN28=8918.5;DEC27=8108.25;MAR28=8197;FEB27=7881.125;APR27=7962.25;MAY27=7967.125;JUL27=8047.375;AUG27=8053.25,NONE,WEIGHTED_ATM,2026-08-14,6,441,0.0,NONE,12064,11562,501,0,0,RTM,MDW;MMW;MRW;MTW,OK,NONE,NONE,2026-08-05
SPX,6750.0,-102987404.21696243,293.75602291520136,0.0,0.0,0.0,0.0,0.0,0.0,7812.103346347588,7686.596653652413,7874.856692695175,7623.843307304825,SEP26,AUG26,2026-08-06,2026-09-18,7749.35,7599.305665762463,FOUND,WARN,UNKNOWN_SERIES;ESTIMATED_EXPIRY_ALIAS,2026-08-02.2,PUT_CALL_PARITY,AUG26,AUG26=PUT_CALL_PARITY;SEP26=PUT_CALL_PARITY;DEC26=PUT_CALL_PARITY;NOV26=PUT_CALL_PARITY;OCT26=PUT_CALL_PARITY;DEC28=PUT_CALL_PARITY;DEC29=PUT_CALL_PARITY;DEC30=PUT_CALL_PARITY;JAN27=PUT_CALL_PARITY;MAR27=PUT_CALL_PARITY;SEP27=PUT_CALL_PARITY;JUN27=PUT_CALL_PARITY;JUN28=SERIES_FORWARD_CLUSTER;DEC27=PUT_CALL_PARITY;MAR28=PUT_CALL_PARITY;FEB27=PUT_CALL_PARITY;APR27=PUT_CALL_PARITY;MAY27=PUT_CALL_PARITY;JUL27=PUT_CALL_PARITY;AUG27=PUT_CALL_PARITY,AUG26=7749.35;SEP26=7753.15;DEC26=7883.5;NOV26=7810.75;OCT26=7815.375;DEC28=8379.75;DEC29=8684.75;DEC30=7840.337;JAN27=7882.5;MAR27=7955;SEP27=8104.25;JUN27=8026.625;JUN28=8918.5;DEC27=8108.25;MAR28=8197;FEB27=7881.125;APR27=7962.25;MAY27=7967.125;JUL27=8047.375;AUG27=8053.25,NONE,WEIGHTED_ATM,2026-08-14,6,441,0.0,NONE,12064,11562,501,0,0,RTM,MDW;MMW;MRW;MTW,OK,NONE,NONE,2026-08-05
SPX,6755.0,0.0,0.0,0.0,0.0,0.0,0.0,0.0,0.0,7812.103346347588,7686.596653652413,7874.856692695175,7623.843307304825,SEP26,AUG26,2026-08-06,2026-09-18,7749.35,7599.305665762463,FOUND,WARN,UNKNOWN_SERIES;ESTIMATED_EXPIRY_ALIAS,2026-08-02.2,PUT_CALL_PARITY,AUG26,AUG26=PUT_CALL_PARITY;SEP26=PUT_CALL_PARITY;DEC26=PUT_CALL_PARITY;NOV26=PUT_CALL_PARITY;OCT26=PUT_CALL_PARITY;DEC28=PUT_CALL_PARITY;DEC29=PUT_CALL_PARITY;DEC30=PUT_CALL_PARITY;JAN27=PUT_CALL_PARITY;MAR27=PUT_CALL_PARITY;SEP27=PUT_CALL_PARITY;JUN27=PUT_CALL_PARITY;JUN28=SERIES_FORWARD_CLUSTER;DEC27=PUT_CALL_PARITY;MAR28=PUT_CALL_PARITY;FEB27=PUT_CALL_PARITY;APR27=PUT_CALL_PARITY;MAY27=PUT_CALL_PARITY;JUL27=PUT_CALL_PARITY;AUG27=PUT_CALL_PARITY,AUG26=7749.35;SEP26=7753.15;DEC26=7883.5;NOV26=7810.75;OCT26=7815.375;DEC28=8379.75;DEC29=8684.75;DEC30=7840.337;JAN27=7882.5;MAR27=7955;SEP27=8104.25;JUN27=8026.625;JUN28=8918.5;DEC27=8108.25;MAR28=8197;FEB27=7881.125;APR27=7962.25;MAY27=7967.125;JUL27=8047.375;AUG27=8053.25,NONE,WEIGHTED_ATM,2026-08-14,6,441,0.0,NONE,12064,11562,501,0,0,RTM,MDW;MMW;MRW;MTW,OK,NONE,NONE,2026-08-05
SPX,6760.0,-743394.9919555275,1.2379100206617095,0.0,0.0,0.0,0.0,0.0,0.0,7812.103346347588,7686.596653652413,7874.856692695175,7623.843307304825,SEP26,AUG26,2026-08-06,2026-09-18,7749.35,7599.305665762463,FOUND,WARN,UNKNOWN_SERIES;ESTIMATED_EXPIRY_ALIAS,2026-08-02.2,PUT_CALL_PARITY,AUG26,AUG26=PUT_CALL_PARITY;SEP26=PUT_CALL_PARITY;DEC26=PUT_CALL_PARITY;NOV26=PUT_CALL_PARITY;OCT26=PUT_CALL_PARITY;DEC28=PUT_CALL_PARITY;DEC29=PUT_CALL_PARITY;DEC30=PUT_CALL_PARITY;JAN27=PUT_CALL_PARITY;MAR27=PUT_CALL_PARITY;SEP27=PUT_CALL_PARITY;JUN27=PUT_CALL_PARITY;JUN28=SERIES_FORWARD_CLUSTER;DEC27=PUT_CALL_PARITY;MAR28=PUT_CALL_PARITY;FEB27=PUT_CALL_PARITY;APR27=PUT_CALL_PARITY;MAY27=PUT_CALL_PARITY;JUL27=PUT_CALL_PARITY;AUG27=PUT_CALL_PARITY,AUG26=7749.35;SEP26=7753.15;DEC26=7883.5;NOV26=7810.75;OCT26=7815.375;DEC28=8379.75;DEC29=8684.75;DEC30=7840.337;JAN27=7882.5;MAR27=7955;SEP27=8104.25;JUN27=8026.625;JUN28=8918.5;DEC27=8108.25;MAR28=8197;FEB27=7881.125;APR27=7962.25;MAY27=7967.125;JUL27=8047.375;AUG27=8053.25,NONE,WEIGHTED_ATM,2026-08-14,6,441,0.0,NONE,12064,11562,501,0,0,RTM,MDW;MMW;MRW;MTW,OK,NONE,NONE,2026-08-05
SPX,6765.0,-1110.7866939269986,0.001849694972537807,0.0,0.0,0.0,0.0,0.0,0.0,7812.103346347588,7686.596653652413,7874.856692695175,7623.843307304825,SEP26,AUG26,2026-08-06,2026-09-18,7749.35,7599.305665762463,FOUND,WARN,UNKNOWN_SERIES;ESTIMATED_EXPIRY_ALIAS,2026-08-02.2,PUT_CALL_PARITY,AUG26,AUG26=PUT_CALL_PARITY;SEP26=PUT_CALL_PARITY;DEC26=PUT_CALL_PARITY;NOV26=PUT_CALL_PARITY;OCT26=PUT_CALL_PARITY;DEC28=PUT_CALL_PARITY;DEC29=PUT_CALL_PARITY;DEC30=PUT_CALL_PARITY;JAN27=PUT_CALL_PARITY;MAR27=PUT_CALL_PARITY;SEP27=PUT_CALL_PARITY;JUN27=PUT_CALL_PARITY;JUN28=SERIES_FORWARD_CLUSTER;DEC27=PUT_CALL_PARITY;MAR28=PUT_CALL_PARITY;FEB27=PUT_CALL_PARITY;APR27=PUT_CALL_PARITY;MAY27=PUT_CALL_PARITY;JUL27=PUT_CALL_PARITY;AUG27=PUT_CALL_PARITY,AUG26=7749.35;SEP26=7753.15;DEC26=7883.5;NOV26=7810.75;OCT26=7815.375;DEC28=8379.75;DEC29=8684.75;DEC30=7840.337;JAN27=7882.5;MAR27=7955;SEP27=8104.25;JUN27=8026.625;JUN28=8918.5;DEC27=8108.25;MAR28=8197;FEB27=7881.125;APR27=7962.25;MAY27=7967.125;JUL27=8047.375;AUG27=8053.25,NONE,WEIGHTED_ATM,2026-08-14,6,441,0.0,NONE,12064,11562,501,0,0,RTM,MDW;MMW;MRW;MTW,OK,NONE,NONE,2026-08-05
SPX,6770.0,-818040.4655843535,1.3622105349267977,0.0,0.0,0.0,0.0,0.0,0.0,7812.103346347588,7686.596653652413,7874.856692695175,7623.843307304825,SEP26,AUG26,2026-08-06,2026-09-18,7749.35,7599.305665762463,FOUND,WARN,UNKNOWN_SERIES;ESTIMATED_EXPIRY_ALIAS,2026-08-02.2,PUT_CALL_PARITY,AUG26,AUG26=PUT_CALL_PARITY;SEP26=PUT_CALL_PARITY;DEC26=PUT_CALL_PARITY;NOV26=PUT_CALL_PARITY;OCT26=PUT_CALL_PARITY;DEC28=PUT_CALL_PARITY;DEC29=PUT_CALL_PARITY;DEC30=PUT_CALL_PARITY;JAN27=PUT_CALL_PARITY;MAR27=PUT_CALL_PARITY;SEP27=PUT_CALL_PARITY;JUN27=PUT_CALL_PARITY;JUN28=SERIES_FORWARD_CLUSTER;DEC27=PUT_CALL_PARITY;MAR28=PUT_CALL_PARITY;FEB27=PUT_CALL_PARITY;APR27=PUT_CALL_PARITY;MAY27=PUT_CALL_PARITY;JUL27=PUT_CALL_PARITY;AUG27=PUT_CALL_PARITY,AUG26=7749.35;SEP26=7753.15;DEC26=7883.5;NOV26=7810.75;OCT26=7815.375;DEC28=8379.75;DEC29=8684.75;DEC30=7840.337;JAN27=7882.5;MAR27=7955;SEP27=8104.25;JUN27=8026.625;JUN28=8918.5;DEC27=8108.25;MAR28=8197;FEB27=7881.125;APR27=7962.25;MAY27=7967.125;JUL27=8047.375;AUG27=8053.25,NONE,WEIGHTED_ATM,2026-08-14,6,441,0.0,NONE,12064,11562,501,0,0,RTM,MDW;MMW;MRW;MTW,OK,NONE,NONE,2026-08-05
SPX,6775.0,-12591146.731067903,20.931397544011695,0.0,0.0,0.0,0.0,0.0,0.0,7812.103346347588,7686.596653652413,7874.856692695175,7623.843307304825,SEP26,AUG26,2026-08-06,2026-09-18,7749.35,7599.305665762463,FOUND,WARN,UNKNOWN_SERIES;ESTIMATED_EXPIRY_ALIAS,2026-08-02.2,PUT_CALL_PARITY,AUG26,AUG26=PUT_CALL_PARITY;SEP26=PUT_CALL_PARITY;DEC26=PUT_CALL_PARITY;NOV26=PUT_CALL_PARITY;OCT26=PUT_CALL_PARITY;DEC28=PUT_CALL_PARITY;DEC29=PUT_CALL_PARITY;DEC30=PUT_CALL_PARITY;JAN27=PUT_CALL_PARITY;MAR27=PUT_CALL_PARITY;SEP27=PUT_CALL_PARITY;JUN27=PUT_CALL_PARITY;JUN28=SERIES_FORWARD_CLUSTER;DEC27=PUT_CALL_PARITY;MAR28=PUT_CALL_PARITY;FEB27=PUT_CALL_PARITY;APR27=PUT_CALL_PARITY;MAY27=PUT_CALL_PARITY;JUL27=PUT_CALL_PARITY;AUG27=PUT_CALL_PARITY,AUG26=7749.35;SEP26=7753.15;DEC26=7883.5;NOV26=7810.75;OCT26=7815.375;DEC28=8379.75;DEC29=8684.75;DEC30=7840.337;JAN27=7882.5;MAR27=7955;SEP27=8104.25;JUN27=8026.625;JUN28=8918.5;DEC27=8108.25;MAR28=8197;FEB27=7881.125;APR27=7962.25;MAY27=7967.125;JUL27=8047.375;AUG27=8053.25,NONE,WEIGHTED_ATM,2026-08-14,6,441,0.0,NONE,12064,11562,501,0,0,RTM,MDW;MMW;MRW;MTW,OK,NONE,NONE,2026-08-05
SPX,6780.0,-1078714.9847456736,1.7962887879321332,0.0,0.0,0.0,0.0,0.0,0.0,7812.103346347588,7686.596653652413,7874.856692695175,7623.843307304825,SEP26,AUG26,2026-08-06,2026-09-18,7749.35,7599.305665762463,FOUND,WARN,UNKNOWN_SERIES;ESTIMATED_EXPIRY_ALIAS,2026-08-02.2,PUT_CALL_PARITY,AUG26,AUG26=PUT_CALL_PARITY;SEP26=PUT_CALL_PARITY;DEC26=PUT_CALL_PARITY;NOV26=PUT_CALL_PARITY;OCT26=PUT_CALL_PARITY;DEC28=PUT_CALL_PARITY;DEC29=PUT_CALL_PARITY;DEC30=PUT_CALL_PARITY;JAN27=PUT_CALL_PARITY;MAR27=PUT_CALL_PARITY;SEP27=PUT_CALL_PARITY;JUN27=PUT_CALL_PARITY;JUN28=SERIES_FORWARD_CLUSTER;DEC27=PUT_CALL_PARITY;MAR28=PUT_CALL_PARITY;FEB27=PUT_CALL_PARITY;APR27=PUT_CALL_PARITY;MAY27=PUT_CALL_PARITY;JUL27=PUT_CALL_PARITY;AUG27=PUT_CALL_PARITY,AUG26=7749.35;SEP26=7753.15;DEC26=7883.5;NOV26=7810.75;OCT26=7815.375;DEC28=8379.75;DEC29=8684.75;DEC30=7840.337;JAN27=7882.5;MAR27=7955;SEP27=8104.25;JUN27=8026.625;JUN28=8918.5;DEC27=8108.25;MAR28=8197;FEB27=7881.125;APR27=7962.25;MAY27=7967.125;JUL27=8047.375;AUG27=8053.25,NONE,WEIGHTED_ATM,2026-08-14,6,441,0.0,NONE,12064,11562,501,0,0,RTM,MDW;MMW;MRW;MTW,OK,NONE,NONE,2026-08-05
SPX,6785.0,-7693.925100056478,0.012812013912719957,0.0,0.0,0.0,0.0,0.0,0.0,7812.103346347588,7686.596653652413,7874.856692695175,7623.843307304825,SEP26,AUG26,2026-08-06,2026-09-18,7749.35,7599.305665762463,FOUND,WARN,UNKNOWN_SERIES;ESTIMATED_EXPIRY_ALIAS,2026-08-02.2,PUT_CALL_PARITY,AUG26,AUG26=PUT_CALL_PARITY;SEP26=PUT_CALL_PARITY;DEC26=PUT_CALL_PARITY;NOV26=PUT_CALL_PARITY;OCT26=PUT_CALL_PARITY;DEC28=PUT_CALL_PARITY;DEC29=PUT_CALL_PARITY;DEC30=PUT_CALL_PARITY;JAN27=PUT_CALL_PARITY;MAR27=PUT_CALL_PARITY;SEP27=PUT_CALL_PARITY;JUN27=PUT_CALL_PARITY;JUN28=SERIES_FORWARD_CLUSTER;DEC27=PUT_CALL_PARITY;MAR28=PUT_CALL_PARITY;FEB27=PUT_CALL_PARITY;APR27=PUT_CALL_PARITY;MAY27=PUT_CALL_PARITY;JUL27=PUT_CALL_PARITY;AUG27=PUT_CALL_PARITY,AUG26=7749.35;SEP26=7753.15;DEC26=7883.5;NOV26=7810.75;OCT26=7815.375;DEC28=8379.75;DEC29=8684.75;DEC30=7840.337;JAN27=7882.5;MAR27=7955;SEP27=8104.25;JUN27=8026.625;JUN28=8918.5;DEC27=8108.25;MAR28=8197;FEB27=7881.125;APR27=7962.25;MAY27=7967.125;JUL27=8047.375;AUG27=8053.25,NONE,WEIGHTED_ATM,2026-08-14,6,441,0.0,NONE,12064,11562,501,0,0,RTM,MDW;MMW;MRW;MTW,OK,NONE,NONE,2026-08-05
SPX,6790.0,-702028.4570365866,1.169025983709154,0.0,0.0,0.0,0.0,0.0,0.0,7812.103346347588,7686.596653652413,7874.856692695175,7623.843307304825,SEP26,AUG26,2026-08-06,2026-09-18,7749.35,7599.305665762463,FOUND,WARN,UNKNOWN_SERIES;ESTIMATED_EXPIRY_ALIAS,2026-08-02.2,PUT_CALL_PARITY,AUG26,AUG26=PUT_CALL_PARITY;SEP26=PUT_CALL_PARITY;DEC26=PUT_CALL_PARITY;NOV26=PUT_CALL_PARITY;OCT26=PUT_CALL_PARITY;DEC28=PUT_CALL_PARITY;DEC29=PUT_CALL_PARITY;DEC30=PUT_CALL_PARITY;JAN27=PUT_CALL_PARITY;MAR27=PUT_CALL_PARITY;SEP27=PUT_CALL_PARITY;JUN27=PUT_CALL_PARITY;JUN28=SERIES_FORWARD_CLUSTER;DEC27=PUT_CALL_PARITY;MAR28=PUT_CALL_PARITY;FEB27=PUT_CALL_PARITY;APR27=PUT_CALL_PARITY;MAY27=PUT_CALL_PARITY;JUL27=PUT_CALL_PARITY;AUG27=PUT_CALL_PARITY,AUG26=7749.35;SEP26=7753.15;DEC26=7883.5;NOV26=7810.75;OCT26=7815.375;DEC28=8379.75;DEC29=8684.75;DEC30=7840.337;JAN27=7882.5;MAR27=7955;SEP27=8104.25;JUN27=8026.625;JUN28=8918.5;DEC27=8108.25;MAR28=8197;FEB27=7881.125;APR27=7962.25;MAY27=7967.125;JUL27=8047.375;AUG27=8053.25,NONE,WEIGHTED_ATM,2026-08-14,6,441,0.0,NONE,12064,11562,501,0,0,RTM,MDW;MMW;MRW;MTW,OK,NONE,NONE,2026-08-05
SPX,6795.0,-2941.7100517781596,0.004898569926329705,0.0,0.0,0.0,0.0,0.0,0.0,7812.103346347588,7686.596653652413,7874.856692695175,7623.843307304825,SEP26,AUG26,2026-08-06,2026-09-18,7749.35,7599.305665762463,FOUND,WARN,UNKNOWN_SERIES;ESTIMATED_EXPIRY_ALIAS,2026-08-02.2,PUT_CALL_PARITY,AUG26,AUG26=PUT_CALL_PARITY;SEP26=PUT_CALL_PARITY;DEC26=PUT_CALL_PARITY;NOV26=PUT_CALL_PARITY;OCT26=PUT_CALL_PARITY;DEC28=PUT_CALL_PARITY;DEC29=PUT_CALL_PARITY;DEC30=PUT_CALL_PARITY;JAN27=PUT_CALL_PARITY;MAR27=PUT_CALL_PARITY;SEP27=PUT_CALL_PARITY;JUN27=PUT_CALL_PARITY;JUN28=SERIES_FORWARD_CLUSTER;DEC27=PUT_CALL_PARITY;MAR28=PUT_CALL_PARITY;FEB27=PUT_CALL_PARITY;APR27=PUT_CALL_PARITY;MAY27=PUT_CALL_PARITY;JUL27=PUT_CALL_PARITY;AUG27=PUT_CALL_PARITY,AUG26=7749.35;SEP26=7753.15;DEC26=7883.5;NOV26=7810.75;OCT26=7815.375;DEC28=8379.75;DEC29=8684.75;DEC30=7840.337;JAN27=7882.5;MAR27=7955;SEP27=8104.25;JUN27=8026.625;JUN28=8918.5;DEC27=8108.25;MAR28=8197;FEB27=7881.125;APR27=7962.25;MAY27=7967.125;JUL27=8047.375;AUG27=8053.25,NONE,WEIGHTED_ATM,2026-08-14,6,441,0.0,NONE,12064,11562,501,0,0,RTM,MDW;MMW;MRW;MTW,OK,NONE,NONE,2026-08-05
SPX,6800.0,-327272640.8815993,589.3913987423733,0.0,0.0,0.0,0.0,0.0,0.0,7812.103346347588,7686.596653652413,7874.856692695175,7623.843307304825,SEP26,AUG26,2026-08-06,2026-09-18,7749.35,7599.305665762463,FOUND,WARN,UNKNOWN_SERIES;ESTIMATED_EXPIRY_ALIAS,2026-08-02.2,PUT_CALL_PARITY,AUG26,AUG26=PUT_CALL_PARITY;SEP26=PUT_CALL_PARITY;DEC26=PUT_CALL_PARITY;NOV26=PUT_CALL_PARITY;OCT26=PUT_CALL_PARITY;DEC28=PUT_CALL_PARITY;DEC29=PUT_CALL_PARITY;DEC30=PUT_CALL_PARITY;JAN27=PUT_CALL_PARITY;MAR27=PUT_CALL_PARITY;SEP27=PUT_CALL_PARITY;JUN27=PUT_CALL_PARITY;JUN28=SERIES_FORWARD_CLUSTER;DEC27=PUT_CALL_PARITY;MAR28=PUT_CALL_PARITY;FEB27=PUT_CALL_PARITY;APR27=PUT_CALL_PARITY;MAY27=PUT_CALL_PARITY;JUL27=PUT_CALL_PARITY;AUG27=PUT_CALL_PARITY,AUG26=7749.35;SEP26=7753.15;DEC26=7883.5;NOV26=7810.75;OCT26=7815.375;DEC28=8379.75;DEC29=8684.75;DEC30=7840.337;JAN27=7882.5;MAR27=7955;SEP27=8104.25;JUN27=8026.625;JUN28=8918.5;DEC27=8108.25;MAR28=8197;FEB27=7881.125;APR27=7962.25;MAY27=7967.125;JUL27=8047.375;AUG27=8053.25,NONE,WEIGHTED_ATM,2026-08-14,6,441,0.0,NONE,12064,11562,501,0,0,RTM,MDW;MMW;MRW;MTW,OK,NONE,NONE,2026-08-05
SPX,6805.0,-17628.01162089946,0.029354370779993044,0.0,0.0,0.0,0.0,0.0,0.0,7812.103346347588,7686.596653652413,7874.856692695175,7623.843307304825,SEP26,AUG26,2026-08-06,2026-09-18,7749.35,7599.305665762463,FOUND,WARN,UNKNOWN_SERIES;ESTIMATED_EXPIRY_ALIAS,2026-08-02.2,PUT_CALL_PARITY,AUG26,AUG26=PUT_CALL_PARITY;SEP26=PUT_CALL_PARITY;DEC26=PUT_CALL_PARITY;NOV26=PUT_CALL_PARITY;OCT26=PUT_CALL_PARITY;DEC28=PUT_CALL_PARITY;DEC29=PUT_CALL_PARITY;DEC30=PUT_CALL_PARITY;JAN27=PUT_CALL_PARITY;MAR27=PUT_CALL_PARITY;SEP27=PUT_CALL_PARITY;JUN27=PUT_CALL_PARITY;JUN28=SERIES_FORWARD_CLUSTER;DEC27=PUT_CALL_PARITY;MAR28=PUT_CALL_PARITY;FEB27=PUT_CALL_PARITY;APR27=PUT_CALL_PARITY;MAY27=PUT_CALL_PARITY;JUL27=PUT_CALL_PARITY;AUG27=PUT_CALL_PARITY,AUG26=7749.35;SEP26=7753.15;DEC26=7883.5;NOV26=7810.75;OCT26=7815.375;DEC28=8379.75;DEC29=8684.75;DEC30=7840.337;JAN27=7882.5;MAR27=7955;SEP27=8104.25;JUN27=8026.625;JUN28=8918.5;DEC27=8108.25;MAR28=8197;FEB27=7881.125;APR27=7962.25;MAY27=7967.125;JUL27=8047.375;AUG27=8053.25,NONE,WEIGHTED_ATM,2026-08-14,6,441,0.0,NONE,12064,11562,501,0,0,RTM,MDW;MMW;MRW;MTW,OK,NONE,NONE,2026-08-05
SPX,6810.0,-744625.5953619885,1.2399592358229674,0.0,0.0,0.0,0.0,0.0,0.0,7812.103346347588,7686.596653652413,7874.856692695175,7623.843307304825,SEP26,AUG26,2026-08-06,2026-09-18,7749.35,7599.305665762463,FOUND,WARN,UNKNOWN_SERIES;ESTIMATED_EXPIRY_ALIAS,2026-08-02.2,PUT_CALL_PARITY,AUG26,AUG26=PUT_CALL_PARITY;SEP26=PUT_CALL_PARITY;DEC26=PUT_CALL_PARITY;NOV26=PUT_CALL_PARITY;OCT26=PUT_CALL_PARITY;DEC28=PUT_CALL_PARITY;DEC29=PUT_CALL_PARITY;DEC30=PUT_CALL_PARITY;JAN27=PUT_CALL_PARITY;MAR27=PUT_CALL_PARITY;SEP27=PUT_CALL_PARITY;JUN27=PUT_CALL_PARITY;JUN28=SERIES_FORWARD_CLUSTER;DEC27=PUT_CALL_PARITY;MAR28=PUT_CALL_PARITY;FEB27=PUT_CALL_PARITY;APR27=PUT_CALL_PARITY;MAY27=PUT_CALL_PARITY;JUL27=PUT_CALL_PARITY;AUG27=PUT_CALL_PARITY,AUG26=7749.35;SEP26=7753.15;DEC26=7883.5;NOV26=7810.75;OCT26=7815.375;DEC28=8379.75;DEC29=8684.75;DEC30=7840.337;JAN27=7882.5;MAR27=7955;SEP27=8104.25;JUN27=8026.625;JUN28=8918.5;DEC27=8108.25;MAR28=8197;FEB27=7881.125;APR27=7962.25;MAY27=7967.125;JUL27=8047.375;AUG27=8053.25,NONE,WEIGHTED_ATM,2026-08-14,6,441,0.0,NONE,12064,11562,501,0,0,RTM,MDW;MMW;MRW;MTW,OK,NONE,NONE,2026-08-05
SPX,6815.0,-4079.630737173381,0.006793448738283357,0.0,0.0,0.0,0.0,0.0,0.0,7812.103346347588,7686.596653652413,7874.856692695175,7623.843307304825,SEP26,AUG26,2026-08-06,2026-09-18,7749.35,7599.305665762463,FOUND,WARN,UNKNOWN_SERIES;ESTIMATED_EXPIRY_ALIAS,2026-08-02.2,PUT_CALL_PARITY,AUG26,AUG26=PUT_CALL_PARITY;SEP26=PUT_CALL_PARITY;DEC26=PUT_CALL_PARITY;NOV26=PUT_CALL_PARITY;OCT26=PUT_CALL_PARITY;DEC28=PUT_CALL_PARITY;DEC29=PUT_CALL_PARITY;DEC30=PUT_CALL_PARITY;JAN27=PUT_CALL_PARITY;MAR27=PUT_CALL_PARITY;SEP27=PUT_CALL_PARITY;JUN27=PUT_CALL_PARITY;JUN28=SERIES_FORWARD_CLUSTER;DEC27=PUT_CALL_PARITY;MAR28=PUT_CALL_PARITY;FEB27=PUT_CALL_PARITY;APR27=PUT_CALL_PARITY;MAY27=PUT_CALL_PARITY;JUL27=PUT_CALL_PARITY;AUG27=PUT_CALL_PARITY,AUG26=7749.35;SEP26=7753.15;DEC26=7883.5;NOV26=7810.75;OCT26=7815.375;DEC28=8379.75;DEC29=8684.75;DEC30=7840.337;JAN27=7882.5;MAR27=7955;SEP27=8104.25;JUN27=8026.625;JUN28=8918.5;DEC27=8108.25;MAR28=8197;FEB27=7881.125;APR27=7962.25;MAY27=7967.125;JUL27=8047.375;AUG27=8053.25,NONE,WEIGHTED_ATM,2026-08-14,6,441,0.0,NONE,12064,11562,501,0,0,RTM,MDW;MMW;MRW;MTW,OK,NONE,NONE,2026-08-05
SPX,6820.0,-978066.8938229398,1.628688411736464,0.0,0.0,0.0,0.0,0.0,0.0,7812.103346347588,7686.596653652413,7874.856692695175,7623.843307304825,SEP26,AUG26,2026-08-06,2026-09-18,7749.35,7599.305665762463,FOUND,WARN,UNKNOWN_SERIES;ESTIMATED_EXPIRY_ALIAS,2026-08-02.2,PUT_CALL_PARITY,AUG26,AUG26=PUT_CALL_PARITY;SEP26=PUT_CALL_PARITY;DEC26=PUT_CALL_PARITY;NOV26=PUT_CALL_PARITY;OCT26=PUT_CALL_PARITY;DEC28=PUT_CALL_PARITY;DEC29=PUT_CALL_PARITY;DEC30=PUT_CALL_PARITY;JAN27=PUT_CALL_PARITY;MAR27=PUT_CALL_PARITY;SEP27=PUT_CALL_PARITY;JUN27=PUT_CALL_PARITY;JUN28=SERIES_FORWARD_CLUSTER;DEC27=PUT_CALL_PARITY;MAR28=PUT_CALL_PARITY;FEB27=PUT_CALL_PARITY;APR27=PUT_CALL_PARITY;MAY27=PUT_CALL_PARITY;JUL27=PUT_CALL_PARITY;AUG27=PUT_CALL_PARITY,AUG26=7749.35;SEP26=7753.15;DEC26=7883.5;NOV26=7810.75;OCT26=7815.375;DEC28=8379.75;DEC29=8684.75;DEC30=7840.337;JAN27=7882.5;MAR27=7955;SEP27=8104.25;JUN27=8026.625;JUN28=8918.5;DEC27=8108.25;MAR28=8197;FEB27=7881.125;APR27=7962.25;MAY27=7967.125;JUL27=8047.375;AUG27=8053.25,NONE,WEIGHTED_ATM,2026-08-14,6,441,0.0,NONE,12064,11562,501,0,0,RTM,MDW;MMW;MRW;MTW,OK,NONE,NONE,2026-08-05
SPX,6825.0,-19188880.949644286,31.901185554659612,0.0,0.0,0.0,0.0,0.0,0.0,7812.103346347588,7686.596653652413,7874.856692695175,7623.843307304825,SEP26,AUG26,2026-08-06,2026-09-18,7749.35,7599.305665762463,FOUND,WARN,UNKNOWN_SERIES;ESTIMATED_EXPIRY_ALIAS,2026-08-02.2,PUT_CALL_PARITY,AUG26,AUG26=PUT_CALL_PARITY;SEP26=PUT_CALL_PARITY;DEC26=PUT_CALL_PARITY;NOV26=PUT_CALL_PARITY;OCT26=PUT_CALL_PARITY;DEC28=PUT_CALL_PARITY;DEC29=PUT_CALL_PARITY;DEC30=PUT_CALL_PARITY;JAN27=PUT_CALL_PARITY;MAR27=PUT_CALL_PARITY;SEP27=PUT_CALL_PARITY;JUN27=PUT_CALL_PARITY;JUN28=SERIES_FORWARD_CLUSTER;DEC27=PUT_CALL_PARITY;MAR28=PUT_CALL_PARITY;FEB27=PUT_CALL_PARITY;APR27=PUT_CALL_PARITY;MAY27=PUT_CALL_PARITY;JUL27=PUT_CALL_PARITY;AUG27=PUT_CALL_PARITY,AUG26=7749.35;SEP26=7753.15;DEC26=7883.5;NOV26=7810.75;OCT26=7815.375;DEC28=8379.75;DEC29=8684.75;DEC30=7840.337;JAN27=7882.5;MAR27=7955;SEP27=8104.25;JUN27=8026.625;JUN28=8918.5;DEC27=8108.25;MAR28=8197;FEB27=7881.125;APR27=7962.25;MAY27=7967.125;JUL27=8047.375;AUG27=8053.25,NONE,WEIGHTED_ATM,2026-08-14,6,441,0.0,NONE,12064,11562,501,0,0,RTM,MDW;MMW;MRW;MTW,OK,NONE,NONE,2026-08-05
SPX,6830.0,-705746.8773153137,1.1752179405744527,0.0,0.0,0.0,0.0,0.0,0.0,7812.103346347588,7686.596653652413,7874.856692695175,7623.843307304825,SEP26,AUG26,2026-08-06,2026-09-18,7749.35,7599.305665762463,FOUND,WARN,UNKNOWN_SERIES;ESTIMATED_EXPIRY_ALIAS,2026-08-02.2,PUT_CALL_PARITY,AUG26,AUG26=PUT_CALL_PARITY;SEP26=PUT_CALL_PARITY;DEC26=PUT_CALL_PARITY;NOV26=PUT_CALL_PARITY;OCT26=PUT_CALL_PARITY;DEC28=PUT_CALL_PARITY;DEC29=PUT_CALL_PARITY;DEC30=PUT_CALL_PARITY;JAN27=PUT_CALL_PARITY;MAR27=PUT_CALL_PARITY;SEP27=PUT_CALL_PARITY;JUN27=PUT_CALL_PARITY;JUN28=SERIES_FORWARD_CLUSTER;DEC27=PUT_CALL_PARITY;MAR28=PUT_CALL_PARITY;FEB27=PUT_CALL_PARITY;APR27=PUT_CALL_PARITY;MAY27=PUT_CALL_PARITY;JUL27=PUT_CALL_PARITY;AUG27=PUT_CALL_PARITY,AUG26=7749.35;SEP26=7753.15;DEC26=7883.5;NOV26=7810.75;OCT26=7815.375;DEC28=8379.75;DEC29=8684.75;DEC30=7840.337;JAN27=7882.5;MAR27=7955;SEP27=8104.25;JUN27=8026.625;JUN28=8918.5;DEC27=8108.25;MAR28=8197;FEB27=7881.125;APR27=7962.25;MAY27=7967.125;JUL27=8047.375;AUG27=8053.25,NONE,WEIGHTED_ATM,2026-08-14,6,441,0.0,NONE,12064,11562,501,0,0,RTM,MDW;MMW;MRW;MTW,OK,NONE,NONE,2026-08-05
SPX,6835.0,-4034.2201579337034,0.0067178305115086845,0.0,0.0,0.0,0.0,0.0,0.0,7812.103346347588,7686.596653652413,7874.856692695175,7623.843307304825,SEP26,AUG26,2026-08-06,2026-09-18,7749.35,7599.305665762463,FOUND,WARN,UNKNOWN_SERIES;ESTIMATED_EXPIRY_ALIAS,2026-08-02.2,PUT_CALL_PARITY,AUG26,AUG26=PUT_CALL_PARITY;SEP26=PUT_CALL_PARITY;DEC26=PUT_CALL_PARITY;NOV26=PUT_CALL_PARITY;OCT26=PUT_CALL_PARITY;DEC28=PUT_CALL_PARITY;DEC29=PUT_CALL_PARITY;DEC30=PUT_CALL_PARITY;JAN27=PUT_CALL_PARITY;MAR27=PUT_CALL_PARITY;SEP27=PUT_CALL_PARITY;JUN27=PUT_CALL_PARITY;JUN28=SERIES_FORWARD_CLUSTER;DEC27=PUT_CALL_PARITY;MAR28=PUT_CALL_PARITY;FEB27=PUT_CALL_PARITY;APR27=PUT_CALL_PARITY;MAY27=PUT_CALL_PARITY;JUL27=PUT_CALL_PARITY;AUG27=PUT_CALL_PARITY,AUG26=7749.35;SEP26=7753.15;DEC26=7883.5;NOV26=7810.75;OCT26=7815.375;DEC28=8379.75;DEC29=8684.75;DEC30=7840.337;JAN27=7882.5;MAR27=7955;SEP27=8104.25;JUN27=8026.625;JUN28=8918.5;DEC27=8108.25;MAR28=8197;FEB27=7881.125;APR27=7962.25;MAY27=7967.125;JUL27=8047.375;AUG27=8053.25,NONE,WEIGHTED_ATM,2026-08-14,6,441,0.0,NONE,12064,11562,501,0,0,RTM,MDW;MMW;MRW;MTW,OK,NONE,NONE,2026-08-05
SPX,6840.0,-654007.0719908174,1.089060212621785,0.0,0.0,0.0,0.0,0.0,0.0,7812.103346347588,7686.596653652413,7874.856692695175,7623.843307304825,SEP26,AUG26,2026-08-06,2026-09-18,7749.35,7599.305665762463,FOUND,WARN,UNKNOWN_SERIES;ESTIMATED_EXPIRY_ALIAS,2026-08-02.2,PUT_CALL_PARITY,AUG26,AUG26=PUT_CALL_PARITY;SEP26=PUT_CALL_PARITY;DEC26=PUT_CALL_PARITY;NOV26=PUT_CALL_PARITY;OCT26=PUT_CALL_PARITY;DEC28=PUT_CALL_PARITY;DEC29=PUT_CALL_PARITY;DEC30=PUT_CALL_PARITY;JAN27=PUT_CALL_PARITY;MAR27=PUT_CALL_PARITY;SEP27=PUT_CALL_PARITY;JUN27=PUT_CALL_PARITY;JUN28=SERIES_FORWARD_CLUSTER;DEC27=PUT_CALL_PARITY;MAR28=PUT_CALL_PARITY;FEB27=PUT_CALL_PARITY;APR27=PUT_CALL_PARITY;MAY27=PUT_CALL_PARITY;JUL27=PUT_CALL_PARITY;AUG27=PUT_CALL_PARITY,AUG26=7749.35;SEP26=7753.15;DEC26=7883.5;NOV26=7810.75;OCT26=7815.375;DEC28=8379.75;DEC29=8684.75;DEC30=7840.337;JAN27=7882.5;MAR27=7955;SEP27=8104.25;JUN27=8026.625;JUN28=8918.5;DEC27=8108.25;MAR28=8197;FEB27=7881.125;APR27=7962.25;MAY27=7967.125;JUL27=8047.375;AUG27=8053.25,NONE,WEIGHTED_ATM,2026-08-14,6,441,0.0,NONE,12064,11562,501,0,0,RTM,MDW;MMW;MRW;MTW,OK,NONE,NONE,2026-08-05
SPX,6845.0,-9751.141607409154,0.016237714861314607,0.0,0.0,0.0,0.0,0.0,0.0,7812.103346347588,7686.596653652413,7874.856692695175,7623.843307304825,SEP26,AUG26,2026-08-06,2026-09-18,7749.35,7599.305665762463,FOUND,WARN,UNKNOWN_SERIES;ESTIMATED_EXPIRY_ALIAS,2026-08-02.2,PUT_CALL_PARITY,AUG26,AUG26=PUT_CALL_PARITY;SEP26=PUT_CALL_PARITY;DEC26=PUT_CALL_PARITY;NOV26=PUT_CALL_PARITY;OCT26=PUT_CALL_PARITY;DEC28=PUT_CALL_PARITY;DEC29=PUT_CALL_PARITY;DEC30=PUT_CALL_PARITY;JAN27=PUT_CALL_PARITY;MAR27=PUT_CALL_PARITY;SEP27=PUT_CALL_PARITY;JUN27=PUT_CALL_PARITY;JUN28=SERIES_FORWARD_CLUSTER;DEC27=PUT_CALL_PARITY;MAR28=PUT_CALL_PARITY;FEB27=PUT_CALL_PARITY;APR27=PUT_CALL_PARITY;MAY27=PUT_CALL_PARITY;JUL27=PUT_CALL_PARITY;AUG27=PUT_CALL_PARITY,AUG26=7749.35;SEP26=7753.15;DEC26=7883.5;NOV26=7810.75;OCT26=7815.375;DEC28=8379.75;DEC29=8684.75;DEC30=7840.337;JAN27=7882.5;MAR27=7955;SEP27=8104.25;JUN27=8026.625;JUN28=8918.5;DEC27=8108.25;MAR28=8197;FEB27=7881.125;APR27=7962.25;MAY27=7967.125;JUL27=8047.375;AUG27=8053.25,NONE,WEIGHTED_ATM,2026-08-14,6,441,0.0,NONE,12064,11562,501,0,0,RTM,MDW;MMW;MRW;MTW,OK,NONE,NONE,2026-08-05
SPX,6850.0,-161076954.85853112,316.3948227401844,0.0,0.0,0.0,0.0,0.0,0.0,7812.103346347588,7686.596653652413,7874.856692695175,7623.843307304825,SEP26,AUG26,2026-08-06,2026-09-18,7749.35,7599.305665762463,FOUND,WARN,UNKNOWN_SERIES;ESTIMATED_EXPIRY_ALIAS,2026-08-02.2,PUT_CALL_PARITY,AUG26,AUG26=PUT_CALL_PARITY;SEP26=PUT_CALL_PARITY;DEC26=PUT_CALL_PARITY;NOV26=PUT_CALL_PARITY;OCT26=PUT_CALL_PARITY;DEC28=PUT_CALL_PARITY;DEC29=PUT_CALL_PARITY;DEC30=PUT_CALL_PARITY;JAN27=PUT_CALL_PARITY;MAR27=PUT_CALL_PARITY;SEP27=PUT_CALL_PARITY;JUN27=PUT_CALL_PARITY;JUN28=SERIES_FORWARD_CLUSTER;DEC27=PUT_CALL_PARITY;MAR28=PUT_CALL_PARITY;FEB27=PUT_CALL_PARITY;APR27=PUT_CALL_PARITY;MAY27=PUT_CALL_PARITY;JUL27=PUT_CALL_PARITY;AUG27=PUT_CALL_PARITY,AUG26=7749.35;SEP26=7753.15;DEC26=7883.5;NOV26=7810.75;OCT26=7815.375;DEC28=8379.75;DEC29=8684.75;DEC30=7840.337;JAN27=7882.5;MAR27=7955;SEP27=8104.25;JUN27=8026.625;JUN28=8918.5;DEC27=8108.25;MAR28=8197;FEB27=7881.125;APR27=7962.25;MAY27=7967.125;JUL27=8047.375;AUG27=8053.25,NONE,WEIGHTED_ATM,2026-08-14,6,441,0.0,NONE,12064,11562,501,0,0,RTM,MDW;MMW;MRW;MTW,OK,NONE,NONE,2026-08-05
SPX,6855.0,-6139.208789780112,0.010223082159609024,0.0,0.0,0.0,0.0,0.0,0.0,7812.103346347588,7686.596653652413,7874.856692695175,7623.843307304825,SEP26,AUG26,2026-08-06,2026-09-18,7749.35,7599.305665762463,FOUND,WARN,UNKNOWN_SERIES;ESTIMATED_EXPIRY_ALIAS,2026-08-02.2,PUT_CALL_PARITY,AUG26,AUG26=PUT_CALL_PARITY;SEP26=PUT_CALL_PARITY;DEC26=PUT_CALL_PARITY;NOV26=PUT_CALL_PARITY;OCT26=PUT_CALL_PARITY;DEC28=PUT_CALL_PARITY;DEC29=PUT_CALL_PARITY;DEC30=PUT_CALL_PARITY;JAN27=PUT_CALL_PARITY;MAR27=PUT_CALL_PARITY;SEP27=PUT_CALL_PARITY;JUN27=PUT_CALL_PARITY;JUN28=SERIES_FORWARD_CLUSTER;DEC27=PUT_CALL_PARITY;MAR28=PUT_CALL_PARITY;FEB27=PUT_CALL_PARITY;APR27=PUT_CALL_PARITY;MAY27=PUT_CALL_PARITY;JUL27=PUT_CALL_PARITY;AUG27=PUT_CALL_PARITY,AUG26=7749.35;SEP26=7753.15;DEC26=7883.5;NOV26=7810.75;OCT26=7815.375;DEC28=8379.75;DEC29=8684.75;DEC30=7840.337;JAN27=7882.5;MAR27=7955;SEP27=8104.25;JUN27=8026.625;JUN28=8918.5;DEC27=8108.25;MAR28=8197;FEB27=7881.125;APR27=7962.25;MAY27=7967.125;JUL27=8047.375;AUG27=8053.25,NONE,WEIGHTED_ATM,2026-08-14,6,441,0.0,NONE,12064,11562,501,0,0,RTM,MDW;MMW;MRW;MTW,OK,NONE,NONE,2026-08-05
SPX,6860.0,-634535.2237971803,1.0566354636517934,0.0,0.0,0.0,0.0,0.0,0.0,7812.103346347588,7686.596653652413,7874.856692695175,7623.843307304825,SEP26,AUG26,2026-08-06,2026-09-18,7749.35,7599.305665762463,FOUND,WARN,UNKNOWN_SERIES;ESTIMATED_EXPIRY_ALIAS,2026-08-02.2,PUT_CALL_PARITY,AUG26,AUG26=PUT_CALL_PARITY;SEP26=PUT_CALL_PARITY;DEC26=PUT_CALL_PARITY;NOV26=PUT_CALL_PARITY;OCT26=PUT_CALL_PARITY;DEC28=PUT_CALL_PARITY;DEC29=PUT_CALL_PARITY;DEC30=PUT_CALL_PARITY;JAN27=PUT_CALL_PARITY;MAR27=PUT_CALL_PARITY;SEP27=PUT_CALL_PARITY;JUN27=PUT_CALL_PARITY;JUN28=SERIES_FORWARD_CLUSTER;DEC27=PUT_CALL_PARITY;MAR28=PUT_CALL_PARITY;FEB27=PUT_CALL_PARITY;APR27=PUT_CALL_PARITY;MAY27=PUT_CALL_PARITY;JUL27=PUT_CALL_PARITY;AUG27=PUT_CALL_PARITY,AUG26=7749.35;SEP26=7753.15;DEC26=7883.5;NOV26=7810.75;OCT26=7815.375;DEC28=8379.75;DEC29=8684.75;DEC30=7840.337;JAN27=7882.5;MAR27=7955;SEP27=8104.25;JUN27=8026.625;JUN28=8918.5;DEC27=8108.25;MAR28=8197;FEB27=7881.125;APR27=7962.25;MAY27=7967.125;JUL27=8047.375;AUG27=8053.25,NONE,WEIGHTED_ATM,2026-08-14,6,441,0.0,NONE,12064,11562,501,0,0,RTM,MDW;MMW;MRW;MTW,OK,NONE,NONE,2026-08-05
SPX,6865.0,-14375.608545903082,0.02393843120367447,0.0,0.0,0.0,0.0,0.0,0.0,7812.103346347588,7686.596653652413,7874.856692695175,7623.843307304825,SEP26,AUG26,2026-08-06,2026-09-18,7749.35,7599.305665762463,FOUND,WARN,UNKNOWN_SERIES;ESTIMATED_EXPIRY_ALIAS,2026-08-02.2,PUT_CALL_PARITY,AUG26,AUG26=PUT_CALL_PARITY;SEP26=PUT_CALL_PARITY;DEC26=PUT_CALL_PARITY;NOV26=PUT_CALL_PARITY;OCT26=PUT_CALL_PARITY;DEC28=PUT_CALL_PARITY;DEC29=PUT_CALL_PARITY;DEC30=PUT_CALL_PARITY;JAN27=PUT_CALL_PARITY;MAR27=PUT_CALL_PARITY;SEP27=PUT_CALL_PARITY;JUN27=PUT_CALL_PARITY;JUN28=SERIES_FORWARD_CLUSTER;DEC27=PUT_CALL_PARITY;MAR28=PUT_CALL_PARITY;FEB27=PUT_CALL_PARITY;APR27=PUT_CALL_PARITY;MAY27=PUT_CALL_PARITY;JUL27=PUT_CALL_PARITY;AUG27=PUT_CALL_PARITY,AUG26=7749.35;SEP26=7753.15;DEC26=7883.5;NOV26=7810.75;OCT26=7815.375;DEC28=8379.75;DEC29=8684.75;DEC30=7840.337;JAN27=7882.5;MAR27=7955;SEP27=8104.25;JUN27=8026.625;JUN28=8918.5;DEC27=8108.25;MAR28=8197;FEB27=7881.125;APR27=7962.25;MAY27=7967.125;JUL27=8047.375;AUG27=8053.25,NONE,WEIGHTED_ATM,2026-08-14,6,441,0.0,NONE,12064,11562,501,0,0,RTM,MDW;MMW;MRW;MTW,OK,NONE,NONE,2026-08-05
SPX,6870.0,-698525.8725086983,1.163193439056301,0.0,0.0,0.0,0.0,0.0,0.0,7812.103346347588,7686.596653652413,7874.856692695175,7623.843307304825,SEP26,AUG26,2026-08-06,2026-09-18,7749.35,7599.305665762463,FOUND,WARN,UNKNOWN_SERIES;ESTIMATED_EXPIRY_ALIAS,2026-08-02.2,PUT_CALL_PARITY,AUG26,AUG26=PUT_CALL_PARITY;SEP26=PUT_CALL_PARITY;DEC26=PUT_CALL_PARITY;NOV26=PUT_CALL_PARITY;OCT26=PUT_CALL_PARITY;DEC28=PUT_CALL_PARITY;DEC29=PUT_CALL_PARITY;DEC30=PUT_CALL_PARITY;JAN27=PUT_CALL_PARITY;MAR27=PUT_CALL_PARITY;SEP27=PUT_CALL_PARITY;JUN27=PUT_CALL_PARITY;JUN28=SERIES_FORWARD_CLUSTER;DEC27=PUT_CALL_PARITY;MAR28=PUT_CALL_PARITY;FEB27=PUT_CALL_PARITY;APR27=PUT_CALL_PARITY;MAY27=PUT_CALL_PARITY;JUL27=PUT_CALL_PARITY;AUG27=PUT_CALL_PARITY,AUG26=7749.35;SEP26=7753.15;DEC26=7883.5;NOV26=7810.75;OCT26=7815.375;DEC28=8379.75;DEC29=8684.75;DEC30=7840.337;JAN27=7882.5;MAR27=7955;SEP27=8104.25;JUN27=8026.625;JUN28=8918.5;DEC27=8108.25;MAR28=8197;FEB27=7881.125;APR27=7962.25;MAY27=7967.125;JUL27=8047.375;AUG27=8053.25,NONE,WEIGHTED_ATM,2026-08-14,6,441,0.0,NONE,12064,11562,501,0,0,RTM,MDW;MMW;MRW;MTW,OK,NONE,NONE,2026-08-05
SPX,6875.0,-22075060.718578286,36.77263496173321,0.0,0.0,0.0,0.0,0.0,0.0,7812.103346347588,7686.596653652413,7874.856692695175,7623.843307304825,SEP26,AUG26,2026-08-06,2026-09-18,7749.35,7599.305665762463,FOUND,WARN,UNKNOWN_SERIES;ESTIMATED_EXPIRY_ALIAS,2026-08-02.2,PUT_CALL_PARITY,AUG26,AUG26=PUT_CALL_PARITY;SEP26=PUT_CALL_PARITY;DEC26=PUT_CALL_PARITY;NOV26=PUT_CALL_PARITY;OCT26=PUT_CALL_PARITY;DEC28=PUT_CALL_PARITY;DEC29=PUT_CALL_PARITY;DEC30=PUT_CALL_PARITY;JAN27=PUT_CALL_PARITY;MAR27=PUT_CALL_PARITY;SEP27=PUT_CALL_PARITY;JUN27=PUT_CALL_PARITY;JUN28=SERIES_FORWARD_CLUSTER;DEC27=PUT_CALL_PARITY;MAR28=PUT_CALL_PARITY;FEB27=PUT_CALL_PARITY;APR27=PUT_CALL_PARITY;MAY27=PUT_CALL_PARITY;JUL27=PUT_CALL_PARITY;AUG27=PUT_CALL_PARITY,AUG26=7749.35;SEP26=7753.15;DEC26=7883.5;NOV26=7810.75;OCT26=7815.375;DEC28=8379.75;DEC29=8684.75;DEC30=7840.337;JAN27=7882.5;MAR27=7955;SEP27=8104.25;JUN27=8026.625;JUN28=8918.5;DEC27=8108.25;MAR28=8197;FEB27=7881.125;APR27=7962.25;MAY27=7967.125;JUL27=8047.375;AUG27=8053.25,NONE,WEIGHTED_ATM,2026-08-14,6,441,0.0,NONE,12064,11562,501,0,0,RTM,MDW;MMW;MRW;MTW,OK,NONE,NONE,2026-08-05
SPX,6880.0,-1118493.082817809,1.8625277413004204,0.0,0.0,0.0,0.0,0.0,0.0,7812.103346347588,7686.596653652413,7874.856692695175,7623.843307304825,SEP26,AUG26,2026-08-06,2026-09-18,7749.35,7599.305665762463,FOUND,WARN,UNKNOWN_SERIES;ESTIMATED_EXPIRY_ALIAS,2026-08-02.2,PUT_CALL_PARITY,AUG26,AUG26=PUT_CALL_PARITY;SEP26=PUT_CALL_PARITY;DEC26=PUT_CALL_PARITY;NOV26=PUT_CALL_PARITY;OCT26=PUT_CALL_PARITY;DEC28=PUT_CALL_PARITY;DEC29=PUT_CALL_PARITY;DEC30=PUT_CALL_PARITY;JAN27=PUT_CALL_PARITY;MAR27=PUT_CALL_PARITY;SEP27=PUT_CALL_PARITY;JUN27=PUT_CALL_PARITY;JUN28=SERIES_FORWARD_CLUSTER;DEC27=PUT_CALL_PARITY;MAR28=PUT_CALL_PARITY;FEB27=PUT_CALL_PARITY;APR27=PUT_CALL_PARITY;MAY27=PUT_CALL_PARITY;JUL27=PUT_CALL_PARITY;AUG27=PUT_CALL_PARITY,AUG26=7749.35;SEP26=7753.15;DEC26=7883.5;NOV26=7810.75;OCT26=7815.375;DEC28=8379.75;DEC29=8684.75;DEC30=7840.337;JAN27=7882.5;MAR27=7955;SEP27=8104.25;JUN27=8026.625;JUN28=8918.5;DEC27=8108.25;MAR28=8197;FEB27=7881.125;APR27=7962.25;MAY27=7967.125;JUL27=8047.375;AUG27=8053.25,NONE,WEIGHTED_ATM,2026-08-14,6,441,0.0,NONE,12064,11562,501,0,0,RTM,MDW;MMW;MRW;MTW,OK,NONE,NONE,2026-08-05
SPX,6885.0,-1537.0700561559645,0.0025595470047077673,0.0,0.0,0.0,0.0,0.0,0.0,7812.103346347588,7686.596653652413,7874.856692695175,7623.843307304825,SEP26,AUG26,2026-08-06,2026-09-18,7749.35,7599.305665762463,FOUND,WARN,UNKNOWN_SERIES;ESTIMATED_EXPIRY_ALIAS,2026-08-02.2,PUT_CALL_PARITY,AUG26,AUG26=PUT_CALL_PARITY;SEP26=PUT_CALL_PARITY;DEC26=PUT_CALL_PARITY;NOV26=PUT_CALL_PARITY;OCT26=PUT_CALL_PARITY;DEC28=PUT_CALL_PARITY;DEC29=PUT_CALL_PARITY;DEC30=PUT_CALL_PARITY;JAN27=PUT_CALL_PARITY;MAR27=PUT_CALL_PARITY;SEP27=PUT_CALL_PARITY;JUN27=PUT_CALL_PARITY;JUN28=SERIES_FORWARD_CLUSTER;DEC27=PUT_CALL_PARITY;MAR28=PUT_CALL_PARITY;FEB27=PUT_CALL_PARITY;APR27=PUT_CALL_PARITY;MAY27=PUT_CALL_PARITY;JUL27=PUT_CALL_PARITY;AUG27=PUT_CALL_PARITY,AUG26=7749.35;SEP26=7753.15;DEC26=7883.5;NOV26=7810.75;OCT26=7815.375;DEC28=8379.75;DEC29=8684.75;DEC30=7840.337;JAN27=7882.5;MAR27=7955;SEP27=8104.25;JUN27=8026.625;JUN28=8918.5;DEC27=8108.25;MAR28=8197;FEB27=7881.125;APR27=7962.25;MAY27=7967.125;JUL27=8047.375;AUG27=8053.25,NONE,WEIGHTED_ATM,2026-08-14,6,441,0.0,NONE,12064,11562,501,0,0,RTM,MDW;MMW;MRW;MTW,OK,NONE,NONE,2026-08-05
SPX,6890.0,-398182.6010000344,0.6630583164603477,0.0,0.0,0.0,0.0,0.0,0.0,7812.103346347588,7686.596653652413,7874.856692695175,7623.843307304825,SEP26,AUG26,2026-08-06,2026-09-18,7749.35,7599.305665762463,FOUND,WARN,UNKNOWN_SERIES;ESTIMATED_EXPIRY_ALIAS,2026-08-02.2,PUT_CALL_PARITY,AUG26,AUG26=PUT_CALL_PARITY;SEP26=PUT_CALL_PARITY;DEC26=PUT_CALL_PARITY;NOV26=PUT_CALL_PARITY;OCT26=PUT_CALL_PARITY;DEC28=PUT_CALL_PARITY;DEC29=PUT_CALL_PARITY;DEC30=PUT_CALL_PARITY;JAN27=PUT_CALL_PARITY;MAR27=PUT_CALL_PARITY;SEP27=PUT_CALL_PARITY;JUN27=PUT_CALL_PARITY;JUN28=SERIES_FORWARD_CLUSTER;DEC27=PUT_CALL_PARITY;MAR28=PUT_CALL_PARITY;FEB27=PUT_CALL_PARITY;APR27=PUT_CALL_PARITY;MAY27=PUT_CALL_PARITY;JUL27=PUT_CALL_PARITY;AUG27=PUT_CALL_PARITY,AUG26=7749.35;SEP26=7753.15;DEC26=7883.5;NOV26=7810.75;OCT26=7815.375;DEC28=8379.75;DEC29=8684.75;DEC30=7840.337;JAN27=7882.5;MAR27=7955;SEP27=8104.25;JUN27=8026.625;JUN28=8918.5;DEC27=8108.25;MAR28=8197;FEB27=7881.125;APR27=7962.25;MAY27=7967.125;JUL27=8047.375;AUG27=8053.25,NONE,WEIGHTED_ATM,2026-08-14,6,441,0.0,NONE,12064,11562,501,0,0,RTM,MDW;MMW;MRW;MTW,OK,NONE,NONE,2026-08-05
SPX,6895.0,-25244.055165066948,0.04203669541648303,0.0,0.0,0.0,0.0,0.0,0.0,7812.103346347588,7686.596653652413,7874.856692695175,7623.843307304825,SEP26,AUG26,2026-08-06,2026-09-18,7749.35,7599.305665762463,FOUND,WARN,UNKNOWN_SERIES;ESTIMATED_EXPIRY_ALIAS,2026-08-02.2,PUT_CALL_PARITY,AUG26,AUG26=PUT_CALL_PARITY;SEP26=PUT_CALL_PARITY;DEC26=PUT_CALL_PARITY;NOV26=PUT_CALL_PARITY;OCT26=PUT_CALL_PARITY;DEC28=PUT_CALL_PARITY;DEC29=PUT_CALL_PARITY;DEC30=PUT_CALL_PARITY;JAN27=PUT_CALL_PARITY;MAR27=PUT_CALL_PARITY;SEP27=PUT_CALL_PARITY;JUN27=PUT_CALL_PARITY;JUN28=SERIES_FORWARD_CLUSTER;DEC27=PUT_CALL_PARITY;MAR28=PUT_CALL_PARITY;FEB27=PUT_CALL_PARITY;APR27=PUT_CALL_PARITY;MAY27=PUT_CALL_PARITY;JUL27=PUT_CALL_PARITY;AUG27=PUT_CALL_PARITY,AUG26=7749.35;SEP26=7753.15;DEC26=7883.5;NOV26=7810.75;OCT26=7815.375;DEC28=8379.75;DEC29=8684.75;DEC30=7840.337;JAN27=7882.5;MAR27=7955;SEP27=8104.25;JUN27=8026.625;JUN28=8918.5;DEC27=8108.25;MAR28=8197;FEB27=7881.125;APR27=7962.25;MAY27=7967.125;JUL27=8047.375;AUG27=8053.25,NONE,WEIGHTED_ATM,2026-08-14,6,441,0.0,NONE,12064,11562,501,0,0,RTM,MDW;MMW;MRW;MTW,OK,NONE,NONE,2026-08-05
SPX,6900.0,-174539146.24126714,515.3069657520646,0.0,0.0,0.0,0.0,0.0,0.0,7812.103346347588,7686.596653652413,7874.856692695175,7623.843307304825,SEP26,AUG26,2026-08-06,2026-09-18,7749.35,7599.305665762463,FOUND,WARN,UNKNOWN_SERIES;ESTIMATED_EXPIRY_ALIAS,2026-08-02.2,PUT_CALL_PARITY,AUG26,AUG26=PUT_CALL_PARITY;SEP26=PUT_CALL_PARITY;DEC26=PUT_CALL_PARITY;NOV26=PUT_CALL_PARITY;OCT26=PUT_CALL_PARITY;DEC28=PUT_CALL_PARITY;DEC29=PUT_CALL_PARITY;DEC30=PUT_CALL_PARITY;JAN27=PUT_CALL_PARITY;MAR27=PUT_CALL_PARITY;SEP27=PUT_CALL_PARITY;JUN27=PUT_CALL_PARITY;JUN28=SERIES_FORWARD_CLUSTER;DEC27=PUT_CALL_PARITY;MAR28=PUT_CALL_PARITY;FEB27=PUT_CALL_PARITY;APR27=PUT_CALL_PARITY;MAY27=PUT_CALL_PARITY;JUL27=PUT_CALL_PARITY;AUG27=PUT_CALL_PARITY,AUG26=7749.35;SEP26=7753.15;DEC26=7883.5;NOV26=7810.75;OCT26=7815.375;DEC28=8379.75;DEC29=8684.75;DEC30=7840.337;JAN27=7882.5;MAR27=7955;SEP27=8104.25;JUN27=8026.625;JUN28=8918.5;DEC27=8108.25;MAR28=8197;FEB27=7881.125;APR27=7962.25;MAY27=7967.125;JUL27=8047.375;AUG27=8053.25,NONE,WEIGHTED_ATM,2026-08-14,6,441,0.0,NONE,12064,11562,501,0,0,RTM,MDW;MMW;MRW;MTW,OK,NONE,NONE,2026-08-05
SPX,6905.0,-40896.65857496464,0.06810159337817816,0.0,0.0,0.0,0.0,0.0,0.0,7812.103346347588,7686.596653652413,7874.856692695175,7623.843307304825,SEP26,AUG26,2026-08-06,2026-09-18,7749.35,7599.305665762463,FOUND,WARN,UNKNOWN_SERIES;ESTIMATED_EXPIRY_ALIAS,2026-08-02.2,PUT_CALL_PARITY,AUG26,AUG26=PUT_CALL_PARITY;SEP26=PUT_CALL_PARITY;DEC26=PUT_CALL_PARITY;NOV26=PUT_CALL_PARITY;OCT26=PUT_CALL_PARITY;DEC28=PUT_CALL_PARITY;DEC29=PUT_CALL_PARITY;DEC30=PUT_CALL_PARITY;JAN27=PUT_CALL_PARITY;MAR27=PUT_CALL_PARITY;SEP27=PUT_CALL_PARITY;JUN27=PUT_CALL_PARITY;JUN28=SERIES_FORWARD_CLUSTER;DEC27=PUT_CALL_PARITY;MAR28=PUT_CALL_PARITY;FEB27=PUT_CALL_PARITY;APR27=PUT_CALL_PARITY;MAY27=PUT_CALL_PARITY;JUL27=PUT_CALL_PARITY;AUG27=PUT_CALL_PARITY,AUG26=7749.35;SEP26=7753.15;DEC26=7883.5;NOV26=7810.75;OCT26=7815.375;DEC28=8379.75;DEC29=8684.75;DEC30=7840.337;JAN27=7882.5;MAR27=7955;SEP27=8104.25;JUN27=8026.625;JUN28=8918.5;DEC27=8108.25;MAR28=8197;FEB27=7881.125;APR27=7962.25;MAY27=7967.125;JUL27=8047.375;AUG27=8053.25,NONE,WEIGHTED_ATM,2026-08-14,6,441,0.0,NONE,12064,11562,501,0,0,RTM,MDW;MMW;MRW;MTW,OK,NONE,NONE,2026-08-05
SPX,6910.0,-686978.060137537,1.1445355966973485,0.0,0.0,0.0,0.0,0.0,0.0,7812.103346347588,7686.596653652413,7874.856692695175,7623.843307304825,SEP26,AUG26,2026-08-06,2026-09-18,7749.35,7599.305665762463,FOUND,WARN,UNKNOWN_SERIES;ESTIMATED_EXPIRY_ALIAS,2026-08-02.2,PUT_CALL_PARITY,AUG26,AUG26=PUT_CALL_PARITY;SEP26=PUT_CALL_PARITY;DEC26=PUT_CALL_PARITY;NOV26=PUT_CALL_PARITY;OCT26=PUT_CALL_PARITY;DEC28=PUT_CALL_PARITY;DEC29=PUT_CALL_PARITY;DEC30=PUT_CALL_PARITY;JAN27=PUT_CALL_PARITY;MAR27=PUT_CALL_PARITY;SEP27=PUT_CALL_PARITY;JUN27=PUT_CALL_PARITY;JUN28=SERIES_FORWARD_CLUSTER;DEC27=PUT_CALL_PARITY;MAR28=PUT_CALL_PARITY;FEB27=PUT_CALL_PARITY;APR27=PUT_CALL_PARITY;MAY27=PUT_CALL_PARITY;JUL27=PUT_CALL_PARITY;AUG27=PUT_CALL_PARITY,AUG26=7749.35;SEP26=7753.15;DEC26=7883.5;NOV26=7810.75;OCT26=7815.375;DEC28=8379.75;DEC29=8684.75;DEC30=7840.337;JAN27=7882.5;MAR27=7955;SEP27=8104.25;JUN27=8026.625;JUN28=8918.5;DEC27=8108.25;MAR28=8197;FEB27=7881.125;APR27=7962.25;MAY27=7967.125;JUL27=8047.375;AUG27=8053.25,NONE,WEIGHTED_ATM,2026-08-14,6,441,0.0,NONE,12064,11562,501,0,0,RTM,MDW;MMW;MRW;MTW,OK,NONE,NONE,2026-08-05
SPX,6915.0,-208536.1243791262,0.3472567892336842,0.0,0.0,0.0,0.0,0.0,0.0,7812.103346347588,7686.596653652413,7874.856692695175,7623.843307304825,SEP26,AUG26,2026-08-06,2026-09-18,7749.35,7599.305665762463,FOUND,WARN,UNKNOWN_SERIES;ESTIMATED_EXPIRY_ALIAS,2026-08-02.2,PUT_CALL_PARITY,AUG26,AUG26=PUT_CALL_PARITY;SEP26=PUT_CALL_PARITY;DEC26=PUT_CALL_PARITY;NOV26=PUT_CALL_PARITY;OCT26=PUT_CALL_PARITY;DEC28=PUT_CALL_PARITY;DEC29=PUT_CALL_PARITY;DEC30=PUT_CALL_PARITY;JAN27=PUT_CALL_PARITY;MAR27=PUT_CALL_PARITY;SEP27=PUT_CALL_PARITY;JUN27=PUT_CALL_PARITY;JUN28=SERIES_FORWARD_CLUSTER;DEC27=PUT_CALL_PARITY;MAR28=PUT_CALL_PARITY;FEB27=PUT_CALL_PARITY;APR27=PUT_CALL_PARITY;MAY27=PUT_CALL_PARITY;JUL27=PUT_CALL_PARITY;AUG27=PUT_CALL_PARITY,AUG26=7749.35;SEP26=7753.15;DEC26=7883.5;NOV26=7810.75;OCT26=7815.375;DEC28=8379.75;DEC29=8684.75;DEC30=7840.337;JAN27=7882.5;MAR27=7955;SEP27=8104.25;JUN27=8026.625;JUN28=8918.5;DEC27=8108.25;MAR28=8197;FEB27=7881.125;APR27=7962.25;MAY27=7967.125;JUL27=8047.375;AUG27=8053.25,NONE,WEIGHTED_ATM,2026-08-14,6,441,0.0,NONE,12064,11562,501,0,0,RTM,MDW;MMW;MRW;MTW,OK,NONE,NONE,2026-08-05
SPX,6920.0,-1581418.3765453668,2.6333963456417737,0.0,0.0,0.0,0.0,0.0,0.0,7812.103346347588,7686.596653652413,7874.856692695175,7623.843307304825,SEP26,AUG26,2026-08-06,2026-09-18,7749.35,7599.305665762463,FOUND,WARN,UNKNOWN_SERIES;ESTIMATED_EXPIRY_ALIAS,2026-08-02.2,PUT_CALL_PARITY,AUG26,AUG26=PUT_CALL_PARITY;SEP26=PUT_CALL_PARITY;DEC26=PUT_CALL_PARITY;NOV26=PUT_CALL_PARITY;OCT26=PUT_CALL_PARITY;DEC28=PUT_CALL_PARITY;DEC29=PUT_CALL_PARITY;DEC30=PUT_CALL_PARITY;JAN27=PUT_CALL_PARITY;MAR27=PUT_CALL_PARITY;SEP27=PUT_CALL_PARITY;JUN27=PUT_CALL_PARITY;JUN28=SERIES_FORWARD_CLUSTER;DEC27=PUT_CALL_PARITY;MAR28=PUT_CALL_PARITY;FEB27=PUT_CALL_PARITY;APR27=PUT_CALL_PARITY;MAY27=PUT_CALL_PARITY;JUL27=PUT_CALL_PARITY;AUG27=PUT_CALL_PARITY,AUG26=7749.35;SEP26=7753.15;DEC26=7883.5;NOV26=7810.75;OCT26=7815.375;DEC28=8379.75;DEC29=8684.75;DEC30=7840.337;JAN27=7882.5;MAR27=7955;SEP27=8104.25;JUN27=8026.625;JUN28=8918.5;DEC27=8108.25;MAR28=8197;FEB27=7881.125;APR27=7962.25;MAY27=7967.125;JUL27=8047.375;AUG27=8053.25,NONE,WEIGHTED_ATM,2026-08-14,6,441,0.0,NONE,12064,11562,501,0,0,RTM,MDW;MMW;MRW;MTW,OK,NONE,NONE,2026-08-05
SPX,6925.0,-32836547.144577626,54.62929875111984,0.0,0.0,0.0,0.0,0.0,0.0,7812.103346347588,7686.596653652413,7874.856692695175,7623.843307304825,SEP26,AUG26,2026-08-06,2026-09-18,7749.35,7599.305665762463,FOUND,WARN,UNKNOWN_SERIES;ESTIMATED_EXPIRY_ALIAS,2026-08-02.2,PUT_CALL_PARITY,AUG26,AUG26=PUT_CALL_PARITY;SEP26=PUT_CALL_PARITY;DEC26=PUT_CALL_PARITY;NOV26=PUT_CALL_PARITY;OCT26=PUT_CALL_PARITY;DEC28=PUT_CALL_PARITY;DEC29=PUT_CALL_PARITY;DEC30=PUT_CALL_PARITY;JAN27=PUT_CALL_PARITY;MAR27=PUT_CALL_PARITY;SEP27=PUT_CALL_PARITY;JUN27=PUT_CALL_PARITY;JUN28=SERIES_FORWARD_CLUSTER;DEC27=PUT_CALL_PARITY;MAR28=PUT_CALL_PARITY;FEB27=PUT_CALL_PARITY;APR27=PUT_CALL_PARITY;MAY27=PUT_CALL_PARITY;JUL27=PUT_CALL_PARITY;AUG27=PUT_CALL_PARITY,AUG26=7749.35;SEP26=7753.15;DEC26=7883.5;NOV26=7810.75;OCT26=7815.375;DEC28=8379.75;DEC29=8684.75;DEC30=7840.337;JAN27=7882.5;MAR27=7955;SEP27=8104.25;JUN27=8026.625;JUN28=8918.5;DEC27=8108.25;MAR28=8197;FEB27=7881.125;APR27=7962.25;MAY27=7967.125;JUL27=8047.375;AUG27=8053.25,NONE,WEIGHTED_ATM,2026-08-14,6,441,0.0,NONE,12064,11562,501,0,0,RTM,MDW;MMW;MRW;MTW,OK,NONE,NONE,2026-08-05
SPX,6930.0,-907955.6329258633,1.5137985262906082,0.0,0.0,0.0,0.0,0.0,0.0,7812.103346347588,7686.596653652413,7874.856692695175,7623.843307304825,SEP26,AUG26,2026-08-06,2026-09-18,7749.35,7599.305665762463,FOUND,WARN,UNKNOWN_SERIES;ESTIMATED_EXPIRY_ALIAS,2026-08-02.2,PUT_CALL_PARITY,AUG26,AUG26=PUT_CALL_PARITY;SEP26=PUT_CALL_PARITY;DEC26=PUT_CALL_PARITY;NOV26=PUT_CALL_PARITY;OCT26=PUT_CALL_PARITY;DEC28=PUT_CALL_PARITY;DEC29=PUT_CALL_PARITY;DEC30=PUT_CALL_PARITY;JAN27=PUT_CALL_PARITY;MAR27=PUT_CALL_PARITY;SEP27=PUT_CALL_PARITY;JUN27=PUT_CALL_PARITY;JUN28=SERIES_FORWARD_CLUSTER;DEC27=PUT_CALL_PARITY;MAR28=PUT_CALL_PARITY;FEB27=PUT_CALL_PARITY;APR27=PUT_CALL_PARITY;MAY27=PUT_CALL_PARITY;JUL27=PUT_CALL_PARITY;AUG27=PUT_CALL_PARITY,AUG26=7749.35;SEP26=7753.15;DEC26=7883.5;NOV26=7810.75;OCT26=7815.375;DEC28=8379.75;DEC29=8684.75;DEC30=7840.337;JAN27=7882.5;MAR27=7955;SEP27=8104.25;JUN27=8026.625;JUN28=8918.5;DEC27=8108.25;MAR28=8197;FEB27=7881.125;APR27=7962.25;MAY27=7967.125;JUL27=8047.375;AUG27=8053.25,NONE,WEIGHTED_ATM,2026-08-14,6,441,0.0,NONE,12064,11562,501,0,0,RTM,MDW;MMW;MRW;MTW,OK,NONE,NONE,2026-08-05
SPX,6935.0,-51797.68406563261,0.08625410830821402,0.0,0.0,0.0,0.0,0.0,0.0,7812.103346347588,7686.596653652413,7874.856692695175,7623.843307304825,SEP26,AUG26,2026-08-06,2026-09-18,7749.35,7599.305665762463,FOUND,WARN,UNKNOWN_SERIES;ESTIMATED_EXPIRY_ALIAS,2026-08-02.2,PUT_CALL_PARITY,AUG26,AUG26=PUT_CALL_PARITY;SEP26=PUT_CALL_PARITY;DEC26=PUT_CALL_PARITY;NOV26=PUT_CALL_PARITY;OCT26=PUT_CALL_PARITY;DEC28=PUT_CALL_PARITY;DEC29=PUT_CALL_PARITY;DEC30=PUT_CALL_PARITY;JAN27=PUT_CALL_PARITY;MAR27=PUT_CALL_PARITY;SEP27=PUT_CALL_PARITY;JUN27=PUT_CALL_PARITY;JUN28=SERIES_FORWARD_CLUSTER;DEC27=PUT_CALL_PARITY;MAR28=PUT_CALL_PARITY;FEB27=PUT_CALL_PARITY;APR27=PUT_CALL_PARITY;MAY27=PUT_CALL_PARITY;JUL27=PUT_CALL_PARITY;AUG27=PUT_CALL_PARITY,AUG26=7749.35;SEP26=7753.15;DEC26=7883.5;NOV26=7810.75;OCT26=7815.375;DEC28=8379.75;DEC29=8684.75;DEC30=7840.337;JAN27=7882.5;MAR27=7955;SEP27=8104.25;JUN27=8026.625;JUN28=8918.5;DEC27=8108.25;MAR28=8197;FEB27=7881.125;APR27=7962.25;MAY27=7967.125;JUL27=8047.375;AUG27=8053.25,NONE,WEIGHTED_ATM,2026-08-14,6,441,0.0,NONE,12064,11562,501,0,0,RTM,MDW;MMW;MRW;MTW,OK,NONE,NONE,2026-08-05
SPX,6940.0,-834668.8745990923,1.389900355775413,0.0,0.0,0.0,0.0,0.0,0.0,7812.103346347588,7686.596653652413,7874.856692695175,7623.843307304825,SEP26,AUG26,2026-08-06,2026-09-18,7749.35,7599.305665762463,FOUND,WARN,UNKNOWN_SERIES;ESTIMATED_EXPIRY_ALIAS,2026-08-02.2,PUT_CALL_PARITY,AUG26,AUG26=PUT_CALL_PARITY;SEP26=PUT_CALL_PARITY;DEC26=PUT_CALL_PARITY;NOV26=PUT_CALL_PARITY;OCT26=PUT_CALL_PARITY;DEC28=PUT_CALL_PARITY;DEC29=PUT_CALL_PARITY;DEC30=PUT_CALL_PARITY;JAN27=PUT_CALL_PARITY;MAR27=PUT_CALL_PARITY;SEP27=PUT_CALL_PARITY;JUN27=PUT_CALL_PARITY;JUN28=SERIES_FORWARD_CLUSTER;DEC27=PUT_CALL_PARITY;MAR28=PUT_CALL_PARITY;FEB27=PUT_CALL_PARITY;APR27=PUT_CALL_PARITY;MAY27=PUT_CALL_PARITY;JUL27=PUT_CALL_PARITY;AUG27=PUT_CALL_PARITY,AUG26=7749.35;SEP26=7753.15;DEC26=7883.5;NOV26=7810.75;OCT26=7815.375;DEC28=8379.75;DEC29=8684.75;DEC30=7840.337;JAN27=7882.5;MAR27=7955;SEP27=8104.25;JUN27=8026.625;JUN28=8918.5;DEC27=8108.25;MAR28=8197;FEB27=7881.125;APR27=7962.25;MAY27=7967.125;JUL27=8047.375;AUG27=8053.25,NONE,WEIGHTED_ATM,2026-08-14,6,441,0.0,NONE,12064,11562,501,0,0,RTM,MDW;MMW;MRW;MTW,OK,NONE,NONE,2026-08-05
SPX,6945.0,-17947.3149407891,0.02988607839653505,0.0,0.0,0.0,0.0,0.0,0.0,7812.103346347588,7686.596653652413,7874.856692695175,7623.843307304825,SEP26,AUG26,2026-08-06,2026-09-18,7749.35,7599.305665762463,FOUND,WARN,UNKNOWN_SERIES;ESTIMATED_EXPIRY_ALIAS,2026-08-02.2,PUT_CALL_PARITY,AUG26,AUG26=PUT_CALL_PARITY;SEP26=PUT_CALL_PARITY;DEC26=PUT_CALL_PARITY;NOV26=PUT_CALL_PARITY;OCT26=PUT_CALL_PARITY;DEC28=PUT_CALL_PARITY;DEC29=PUT_CALL_PARITY;DEC30=PUT_CALL_PARITY;JAN27=PUT_CALL_PARITY;MAR27=PUT_CALL_PARITY;SEP27=PUT_CALL_PARITY;JUN27=PUT_CALL_PARITY;JUN28=SERIES_FORWARD_CLUSTER;DEC27=PUT_CALL_PARITY;MAR28=PUT_CALL_PARITY;FEB27=PUT_CALL_PARITY;APR27=PUT_CALL_PARITY;MAY27=PUT_CALL_PARITY;JUL27=PUT_CALL_PARITY;AUG27=PUT_CALL_PARITY,AUG26=7749.35;SEP26=7753.15;DEC26=7883.5;NOV26=7810.75;OCT26=7815.375;DEC28=8379.75;DEC29=8684.75;DEC30=7840.337;JAN27=7882.5;MAR27=7955;SEP27=8104.25;JUN27=8026.625;JUN28=8918.5;DEC27=8108.25;MAR28=8197;FEB27=7881.125;APR27=7962.25;MAY27=7967.125;JUL27=8047.375;AUG27=8053.25,NONE,WEIGHTED_ATM,2026-08-14,6,441,0.0,NONE,12064,11562,501,0,0,RTM,MDW;MMW;MRW;MTW,OK,NONE,NONE,2026-08-05
SPX,6950.0,-123779118.32521418,273.43251482368225,0.0,0.0,0.0,0.0,0.0,0.0,7812.103346347588,7686.596653652413,7874.856692695175,7623.843307304825,SEP26,AUG26,2026-08-06,2026-09-18,7749.35,7599.305665762463,FOUND,WARN,UNKNOWN_SERIES;ESTIMATED_EXPIRY_ALIAS,2026-08-02.2,PUT_CALL_PARITY,AUG26,AUG26=PUT_CALL_PARITY;SEP26=PUT_CALL_PARITY;DEC26=PUT_CALL_PARITY;NOV26=PUT_CALL_PARITY;OCT26=PUT_CALL_PARITY;DEC28=PUT_CALL_PARITY;DEC29=PUT_CALL_PARITY;DEC30=PUT_CALL_PARITY;JAN27=PUT_CALL_PARITY;MAR27=PUT_CALL_PARITY;SEP27=PUT_CALL_PARITY;JUN27=PUT_CALL_PARITY;JUN28=SERIES_FORWARD_CLUSTER;DEC27=PUT_CALL_PARITY;MAR28=PUT_CALL_PARITY;FEB27=PUT_CALL_PARITY;APR27=PUT_CALL_PARITY;MAY27=PUT_CALL_PARITY;JUL27=PUT_CALL_PARITY;AUG27=PUT_CALL_PARITY,AUG26=7749.35;SEP26=7753.15;DEC26=7883.5;NOV26=7810.75;OCT26=7815.375;DEC28=8379.75;DEC29=8684.75;DEC30=7840.337;JAN27=7882.5;MAR27=7955;SEP27=8104.25;JUN27=8026.625;JUN28=8918.5;DEC27=8108.25;MAR28=8197;FEB27=7881.125;APR27=7962.25;MAY27=7967.125;JUL27=8047.375;AUG27=8053.25,NONE,WEIGHTED_ATM,2026-08-14,6,441,0.0,NONE,12064,11562,501,0,0,RTM,MDW;MMW;MRW;MTW,OK,NONE,NONE,2026-08-05
SPX,6955.0,-85964.20649256266,0.14314860039000896,0.0,0.0,0.0,0.0,0.0,0.0,7812.103346347588,7686.596653652413,7874.856692695175,7623.843307304825,SEP26,AUG26,2026-08-06,2026-09-18,7749.35,7599.305665762463,FOUND,WARN,UNKNOWN_SERIES;ESTIMATED_EXPIRY_ALIAS,2026-08-02.2,PUT_CALL_PARITY,AUG26,AUG26=PUT_CALL_PARITY;SEP26=PUT_CALL_PARITY;DEC26=PUT_CALL_PARITY;NOV26=PUT_CALL_PARITY;OCT26=PUT_CALL_PARITY;DEC28=PUT_CALL_PARITY;DEC29=PUT_CALL_PARITY;DEC30=PUT_CALL_PARITY;JAN27=PUT_CALL_PARITY;MAR27=PUT_CALL_PARITY;SEP27=PUT_CALL_PARITY;JUN27=PUT_CALL_PARITY;JUN28=SERIES_FORWARD_CLUSTER;DEC27=PUT_CALL_PARITY;MAR28=PUT_CALL_PARITY;FEB27=PUT_CALL_PARITY;APR27=PUT_CALL_PARITY;MAY27=PUT_CALL_PARITY;JUL27=PUT_CALL_PARITY;AUG27=PUT_CALL_PARITY,AUG26=7749.35;SEP26=7753.15;DEC26=7883.5;NOV26=7810.75;OCT26=7815.375;DEC28=8379.75;DEC29=8684.75;DEC30=7840.337;JAN27=7882.5;MAR27=7955;SEP27=8104.25;JUN27=8026.625;JUN28=8918.5;DEC27=8108.25;MAR28=8197;FEB27=7881.125;APR27=7962.25;MAY27=7967.125;JUL27=8047.375;AUG27=8053.25,NONE,WEIGHTED_ATM,2026-08-14,6,441,0.0,NONE,12064,11562,501,0,0,RTM,MDW;MMW;MRW;MTW,OK,NONE,NONE,2026-08-05
SPX,6960.0,-1231633.218002951,2.0586724994440164,0.0,0.0,0.0,0.0,0.0,0.0,7812.103346347588,7686.596653652413,7874.856692695175,7623.843307304825,SEP26,AUG26,2026-08-06,2026-09-18,7749.35,7599.305665762463,FOUND,WARN,UNKNOWN_SERIES;ESTIMATED_EXPIRY_ALIAS,2026-08-02.2,PUT_CALL_PARITY,AUG26,AUG26=PUT_CALL_PARITY;SEP26=PUT_CALL_PARITY;DEC26=PUT_CALL_PARITY;NOV26=PUT_CALL_PARITY;OCT26=PUT_CALL_PARITY;DEC28=PUT_CALL_PARITY;DEC29=PUT_CALL_PARITY;DEC30=PUT_CALL_PARITY;JAN27=PUT_CALL_PARITY;MAR27=PUT_CALL_PARITY;SEP27=PUT_CALL_PARITY;JUN27=PUT_CALL_PARITY;JUN28=SERIES_FORWARD_CLUSTER;DEC27=PUT_CALL_PARITY;MAR28=PUT_CALL_PARITY;FEB27=PUT_CALL_PARITY;APR27=PUT_CALL_PARITY;MAY27=PUT_CALL_PARITY;JUL27=PUT_CALL_PARITY;AUG27=PUT_CALL_PARITY,AUG26=7749.35;SEP26=7753.15;DEC26=7883.5;NOV26=7810.75;OCT26=7815.375;DEC28=8379.75;DEC29=8684.75;DEC30=7840.337;JAN27=7882.5;MAR27=7955;SEP27=8104.25;JUN27=8026.625;JUN28=8918.5;DEC27=8108.25;MAR28=8197;FEB27=7881.125;APR27=7962.25;MAY27=7967.125;JUL27=8047.375;AUG27=8053.25,NONE,WEIGHTED_ATM,2026-08-14,6,441,0.0,NONE,12064,11562,501,0,0,RTM,MDW;MMW;MRW;MTW,OK,NONE,NONE,2026-08-05
SPX,6965.0,-10535.568811801062,0.017543952201227283,0.0,0.0,0.0,0.0,0.0,0.0,7812.103346347588,7686.596653652413,7874.856692695175,7623.843307304825,SEP26,AUG26,2026-08-06,2026-09-18,7749.35,7599.305665762463,FOUND,WARN,UNKNOWN_SERIES;ESTIMATED_EXPIRY_ALIAS,2026-08-02.2,PUT_CALL_PARITY,AUG26,AUG26=PUT_CALL_PARITY;SEP26=PUT_CALL_PARITY;DEC26=PUT_CALL_PARITY;NOV26=PUT_CALL_PARITY;OCT26=PUT_CALL_PARITY;DEC28=PUT_CALL_PARITY;DEC29=PUT_CALL_PARITY;DEC30=PUT_CALL_PARITY;JAN27=PUT_CALL_PARITY;MAR27=PUT_CALL_PARITY;SEP27=PUT_CALL_PARITY;JUN27=PUT_CALL_PARITY;JUN28=SERIES_FORWARD_CLUSTER;DEC27=PUT_CALL_PARITY;MAR28=PUT_CALL_PARITY;FEB27=PUT_CALL_PARITY;APR27=PUT_CALL_PARITY;MAY27=PUT_CALL_PARITY;JUL27=PUT_CALL_PARITY;AUG27=PUT_CALL_PARITY,AUG26=7749.35;SEP26=7753.15;DEC26=7883.5;NOV26=7810.75;OCT26=7815.375;DEC28=8379.75;DEC29=8684.75;DEC30=7840.337;JAN27=7882.5;MAR27=7955;SEP27=8104.25;JUN27=8026.625;JUN28=8918.5;DEC27=8108.25;MAR28=8197;FEB27=7881.125;APR27=7962.25;MAY27=7967.125;JUL27=8047.375;AUG27=8053.25,NONE,WEIGHTED_ATM,2026-08-14,6,441,0.0,NONE,12064,11562,501,0,0,RTM,MDW;MMW;MRW;MTW,OK,NONE,NONE,2026-08-05
SPX,6970.0,-1719869.5303592945,2.8659725889792753,0.0,0.0,0.0,0.0,0.0,0.0,7812.103346347588,7686.596653652413,7874.856692695175,7623.843307304825,SEP26,AUG26,2026-08-06,2026-09-18,7749.35,7599.305665762463,FOUND,WARN,UNKNOWN_SERIES;ESTIMATED_EXPIRY_ALIAS,2026-08-02.2,PUT_CALL_PARITY,AUG26,AUG26=PUT_CALL_PARITY;SEP26=PUT_CALL_PARITY;DEC26=PUT_CALL_PARITY;NOV26=PUT_CALL_PARITY;OCT26=PUT_CALL_PARITY;DEC28=PUT_CALL_PARITY;DEC29=PUT_CALL_PARITY;DEC30=PUT_CALL_PARITY;JAN27=PUT_CALL_PARITY;MAR27=PUT_CALL_PARITY;SEP27=PUT_CALL_PARITY;JUN27=PUT_CALL_PARITY;JUN28=SERIES_FORWARD_CLUSTER;DEC27=PUT_CALL_PARITY;MAR28=PUT_CALL_PARITY;FEB27=PUT_CALL_PARITY;APR27=PUT_CALL_PARITY;MAY27=PUT_CALL_PARITY;JUL27=PUT_CALL_PARITY;AUG27=PUT_CALL_PARITY,AUG26=7749.35;SEP26=7753.15;DEC26=7883.5;NOV26=7810.75;OCT26=7815.375;DEC28=8379.75;DEC29=8684.75;DEC30=7840.337;JAN27=7882.5;MAR27=7955;SEP27=8104.25;JUN27=8026.625;JUN28=8918.5;DEC27=8108.25;MAR28=8197;FEB27=7881.125;APR27=7962.25;MAY27=7967.125;JUL27=8047.375;AUG27=8053.25,NONE,WEIGHTED_ATM,2026-08-14,6,441,0.0,NONE,12064,11562,501,0,0,RTM,MDW;MMW;MRW;MTW,OK,NONE,NONE,2026-08-05
SPX,6975.0,-25136029.776825488,42.006590349392226,0.0,0.0,0.0,0.0,0.0,0.0,7812.103346347588,7686.596653652413,7874.856692695175,7623.843307304825,SEP26,AUG26,2026-08-06,2026-09-18,7749.35,7599.305665762463,FOUND,WARN,UNKNOWN_SERIES;ESTIMATED_EXPIRY_ALIAS,2026-08-02.2,PUT_CALL_PARITY,AUG26,AUG26=PUT_CALL_PARITY;SEP26=PUT_CALL_PARITY;DEC26=PUT_CALL_PARITY;NOV26=PUT_CALL_PARITY;OCT26=PUT_CALL_PARITY;DEC28=PUT_CALL_PARITY;DEC29=PUT_CALL_PARITY;DEC30=PUT_CALL_PARITY;JAN27=PUT_CALL_PARITY;MAR27=PUT_CALL_PARITY;SEP27=PUT_CALL_PARITY;JUN27=PUT_CALL_PARITY;JUN28=SERIES_FORWARD_CLUSTER;DEC27=PUT_CALL_PARITY;MAR28=PUT_CALL_PARITY;FEB27=PUT_CALL_PARITY;APR27=PUT_CALL_PARITY;MAY27=PUT_CALL_PARITY;JUL27=PUT_CALL_PARITY;AUG27=PUT_CALL_PARITY,AUG26=7749.35;SEP26=7753.15;DEC26=7883.5;NOV26=7810.75;OCT26=7815.375;DEC28=8379.75;DEC29=8684.75;DEC30=7840.337;JAN27=7882.5;MAR27=7955;SEP27=8104.25;JUN27=8026.625;JUN28=8918.5;DEC27=8108.25;MAR28=8197;FEB27=7881.125;APR27=7962.25;MAY27=7967.125;JUL27=8047.375;AUG27=8053.25,NONE,WEIGHTED_ATM,2026-08-14,6,441,0.0,NONE,12064,11562,501,0,0,RTM,MDW;MMW;MRW;MTW,OK,NONE,NONE,2026-08-05
SPX,6980.0,-1397248.4396696687,2.3350300758044003,0.0,0.0,0.0,0.0,0.0,0.0,7812.103346347588,7686.596653652413,7874.856692695175,7623.843307304825,SEP26,AUG26,2026-08-06,2026-09-18,7749.35,7599.305665762463,FOUND,WARN,UNKNOWN_SERIES;ESTIMATED_EXPIRY_ALIAS,2026-08-02.2,PUT_CALL_PARITY,AUG26,AUG26=PUT_CALL_PARITY;SEP26=PUT_CALL_PARITY;DEC26=PUT_CALL_PARITY;NOV26=PUT_CALL_PARITY;OCT26=PUT_CALL_PARITY;DEC28=PUT_CALL_PARITY;DEC29=PUT_CALL_PARITY;DEC30=PUT_CALL_PARITY;JAN27=PUT_CALL_PARITY;MAR27=PUT_CALL_PARITY;SEP27=PUT_CALL_PARITY;JUN27=PUT_CALL_PARITY;JUN28=SERIES_FORWARD_CLUSTER;DEC27=PUT_CALL_PARITY;MAR28=PUT_CALL_PARITY;FEB27=PUT_CALL_PARITY;APR27=PUT_CALL_PARITY;MAY27=PUT_CALL_PARITY;JUL27=PUT_CALL_PARITY;AUG27=PUT_CALL_PARITY,AUG26=7749.35;SEP26=7753.15;DEC26=7883.5;NOV26=7810.75;OCT26=7815.375;DEC28=8379.75;DEC29=8684.75;DEC30=7840.337;JAN27=7882.5;MAR27=7955;SEP27=8104.25;JUN27=8026.625;JUN28=8918.5;DEC27=8108.25;MAR28=8197;FEB27=7881.125;APR27=7962.25;MAY27=7967.125;JUL27=8047.375;AUG27=8053.25,NONE,WEIGHTED_ATM,2026-08-14,6,441,0.0,NONE,12064,11562,501,0,0,RTM,MDW;MMW;MRW;MTW,OK,NONE,NONE,2026-08-05
SPX,6985.0,-27831.458467893415,0.0463452696074882,0.0,0.0,0.0,0.0,0.0,0.0,7812.103346347588,7686.596653652413,7874.856692695175,7623.843307304825,SEP26,AUG26,2026-08-06,2026-09-18,7749.35,7599.305665762463,FOUND,WARN,UNKNOWN_SERIES;ESTIMATED_EXPIRY_ALIAS,2026-08-02.2,PUT_CALL_PARITY,AUG26,AUG26=PUT_CALL_PARITY;SEP26=PUT_CALL_PARITY;DEC26=PUT_CALL_PARITY;NOV26=PUT_CALL_PARITY;OCT26=PUT_CALL_PARITY;DEC28=PUT_CALL_PARITY;DEC29=PUT_CALL_PARITY;DEC30=PUT_CALL_PARITY;JAN27=PUT_CALL_PARITY;MAR27=PUT_CALL_PARITY;SEP27=PUT_CALL_PARITY;JUN27=PUT_CALL_PARITY;JUN28=SERIES_FORWARD_CLUSTER;DEC27=PUT_CALL_PARITY;MAR28=PUT_CALL_PARITY;FEB27=PUT_CALL_PARITY;APR27=PUT_CALL_PARITY;MAY27=PUT_CALL_PARITY;JUL27=PUT_CALL_PARITY;AUG27=PUT_CALL_PARITY,AUG26=7749.35;SEP26=7753.15;DEC26=7883.5;NOV26=7810.75;OCT26=7815.375;DEC28=8379.75;DEC29=8684.75;DEC30=7840.337;JAN27=7882.5;MAR27=7955;SEP27=8104.25;JUN27=8026.625;JUN28=8918.5;DEC27=8108.25;MAR28=8197;FEB27=7881.125;APR27=7962.25;MAY27=7967.125;JUL27=8047.375;AUG27=8053.25,NONE,WEIGHTED_ATM,2026-08-14,6,441,0.0,NONE,12064,11562,501,0,0,RTM,MDW;MMW;MRW;MTW,OK,NONE,NONE,2026-08-05
SPX,6990.0,-1098411.2755905322,1.8333487075702846,0.0,0.0,0.0,0.0,0.0,0.0,7812.103346347588,7686.596653652413,7874.856692695175,7623.843307304825,SEP26,AUG26,2026-08-06,2026-09-18,7749.35,7599.305665762463,FOUND,WARN,UNKNOWN_SERIES;ESTIMATED_EXPIRY_ALIAS,2026-08-02.2,PUT_CALL_PARITY,AUG26,AUG26=PUT_CALL_PARITY;SEP26=PUT_CALL_PARITY;DEC26=PUT_CALL_PARITY;NOV26=PUT_CALL_PARITY;OCT26=PUT_CALL_PARITY;DEC28=PUT_CALL_PARITY;DEC29=PUT_CALL_PARITY;DEC30=PUT_CALL_PARITY;JAN27=PUT_CALL_PARITY;MAR27=PUT_CALL_PARITY;SEP27=PUT_CALL_PARITY;JUN27=PUT_CALL_PARITY;JUN28=SERIES_FORWARD_CLUSTER;DEC27=PUT_CALL_PARITY;MAR28=PUT_CALL_PARITY;FEB27=PUT_CALL_PARITY;APR27=PUT_CALL_PARITY;MAY27=PUT_CALL_PARITY;JUL27=PUT_CALL_PARITY;AUG27=PUT_CALL_PARITY,AUG26=7749.35;SEP26=7753.15;DEC26=7883.5;NOV26=7810.75;OCT26=7815.375;DEC28=8379.75;DEC29=8684.75;DEC30=7840.337;JAN27=7882.5;MAR27=7955;SEP27=8104.25;JUN27=8026.625;JUN28=8918.5;DEC27=8108.25;MAR28=8197;FEB27=7881.125;APR27=7962.25;MAY27=7967.125;JUL27=8047.375;AUG27=8053.25,NONE,WEIGHTED_ATM,2026-08-14,6,441,0.0,NONE,12064,11562,501,0,0,RTM,MDW;MMW;MRW;MTW,OK,NONE,NONE,2026-08-05
SPX,6995.0,-13445.397658605587,0.026701225578641498,0.0,0.0,0.0,0.0,0.0,0.0,7812.103346347588,7686.596653652413,7874.856692695175,7623.843307304825,SEP26,AUG26,2026-08-06,2026-09-18,7749.35,7599.305665762463,FOUND,WARN,UNKNOWN_SERIES;ESTIMATED_EXPIRY_ALIAS,2026-08-02.2,PUT_CALL_PARITY,AUG26,AUG26=PUT_CALL_PARITY;SEP26=PUT_CALL_PARITY;DEC26=PUT_CALL_PARITY;NOV26=PUT_CALL_PARITY;OCT26=PUT_CALL_PARITY;DEC28=PUT_CALL_PARITY;DEC29=PUT_CALL_PARITY;DEC30=PUT_CALL_PARITY;JAN27=PUT_CALL_PARITY;MAR27=PUT_CALL_PARITY;SEP27=PUT_CALL_PARITY;JUN27=PUT_CALL_PARITY;JUN28=SERIES_FORWARD_CLUSTER;DEC27=PUT_CALL_PARITY;MAR28=PUT_CALL_PARITY;FEB27=PUT_CALL_PARITY;APR27=PUT_CALL_PARITY;MAY27=PUT_CALL_PARITY;JUL27=PUT_CALL_PARITY;AUG27=PUT_CALL_PARITY,AUG26=7749.35;SEP26=7753.15;DEC26=7883.5;NOV26=7810.75;OCT26=7815.375;DEC28=8379.75;DEC29=8684.75;DEC30=7840.337;JAN27=7882.5;MAR27=7955;SEP27=8104.25;JUN27=8026.625;JUN28=8918.5;DEC27=8108.25;MAR28=8197;FEB27=7881.125;APR27=7962.25;MAY27=7967.125;JUL27=8047.375;AUG27=8053.25,NONE,WEIGHTED_ATM,2026-08-14,6,441,0.0,NONE,12064,11562,501,0,0,RTM,MDW;MMW;MRW;MTW,OK,NONE,NONE,2026-08-05
SPX,7000.0,-282793661.1947451,1253.9254696104424,0.0,0.0,0.0,0.0,0.0,17009.0,7812.103346347588,7686.596653652413,7874.856692695175,7623.843307304825,SEP26,AUG26,2026-08-06,2026-09-18,7749.35,7599.305665762463,FOUND,WARN,UNKNOWN_SERIES;ESTIMATED_EXPIRY_ALIAS,2026-08-02.2,PUT_CALL_PARITY,AUG26,AUG26=PUT_CALL_PARITY;SEP26=PUT_CALL_PARITY;DEC26=PUT_CALL_PARITY;NOV26=PUT_CALL_PARITY;OCT26=PUT_CALL_PARITY;DEC28=PUT_CALL_PARITY;DEC29=PUT_CALL_PARITY;DEC30=PUT_CALL_PARITY;JAN27=PUT_CALL_PARITY;MAR27=PUT_CALL_PARITY;SEP27=PUT_CALL_PARITY;JUN27=PUT_CALL_PARITY;JUN28=SERIES_FORWARD_CLUSTER;DEC27=PUT_CALL_PARITY;MAR28=PUT_CALL_PARITY;FEB27=PUT_CALL_PARITY;APR27=PUT_CALL_PARITY;MAY27=PUT_CALL_PARITY;JUL27=PUT_CALL_PARITY;AUG27=PUT_CALL_PARITY,AUG26=7749.35;SEP26=7753.15;DEC26=7883.5;NOV26=7810.75;OCT26=7815.375;DEC28=8379.75;DEC29=8684.75;DEC30=7840.337;JAN27=7882.5;MAR27=7955;SEP27=8104.25;JUN27=8026.625;JUN28=8918.5;DEC27=8108.25;MAR28=8197;FEB27=7881.125;APR27=7962.25;MAY27=7967.125;JUL27=8047.375;AUG27=8053.25,NONE,WEIGHTED_ATM,2026-08-14,6,441,0.0,NONE,12064,11562,501,0,0,RTM,MDW;MMW;MRW;MTW,OK,NONE,NONE,2026-08-05
SPX,7005.0,-38137.5396960888,0.06350707640494352,0.0,0.0,0.0,0.0,0.0,0.0,7812.103346347588,7686.596653652413,7874.856692695175,7623.843307304825,SEP26,AUG26,2026-08-06,2026-09-18,7749.35,7599.305665762463,FOUND,WARN,UNKNOWN_SERIES;ESTIMATED_EXPIRY_ALIAS,2026-08-02.2,PUT_CALL_PARITY,AUG26,AUG26=PUT_CALL_PARITY;SEP26=PUT_CALL_PARITY;DEC26=PUT_CALL_PARITY;NOV26=PUT_CALL_PARITY;OCT26=PUT_CALL_PARITY;DEC28=PUT_CALL_PARITY;DEC29=PUT_CALL_PARITY;DEC30=PUT_CALL_PARITY;JAN27=PUT_CALL_PARITY;MAR27=PUT_CALL_PARITY;SEP27=PUT_CALL_PARITY;JUN27=PUT_CALL_PARITY;JUN28=SERIES_FORWARD_CLUSTER;DEC27=PUT_CALL_PARITY;MAR28=PUT_CALL_PARITY;FEB27=PUT_CALL_PARITY;APR27=PUT_CALL_PARITY;MAY27=PUT_CALL_PARITY;JUL27=PUT_CALL_PARITY;AUG27=PUT_CALL_PARITY,AUG26=7749.35;SEP26=7753.15;DEC26=7883.5;NOV26=7810.75;OCT26=7815.375;DEC28=8379.75;DEC29=8684.75;DEC30=7840.337;JAN27=7882.5;MAR27=7955;SEP27=8104.25;JUN27=8026.625;JUN28=8918.5;DEC27=8108.25;MAR28=8197;FEB27=7881.125;APR27=7962.25;MAY27=7967.125;JUL27=8047.375;AUG27=8053.25,NONE,WEIGHTED_ATM,2026-08-14,6,441,0.0,NONE,12064,11562,501,0,0,RTM,MDW;MMW;MRW;MTW,OK,NONE,NONE,2026-08-05
SPX,7010.0,-1658047.4655922537,2.760999999462184,0.0,0.0,0.0,0.0,0.0,0.0,7812.103346347588,7686.596653652413,7874.856692695175,7623.843307304825,SEP26,AUG26,2026-08-06,2026-09-18,7749.35,7599.305665762463,FOUND,WARN,UNKNOWN_SERIES;ESTIMATED_EXPIRY_ALIAS,2026-08-02.2,PUT_CALL_PARITY,AUG26,AUG26=PUT_CALL_PARITY;SEP26=PUT_CALL_PARITY;DEC26=PUT_CALL_PARITY;NOV26=PUT_CALL_PARITY;OCT26=PUT_CALL_PARITY;DEC28=PUT_CALL_PARITY;DEC29=PUT_CALL_PARITY;DEC30=PUT_CALL_PARITY;JAN27=PUT_CALL_PARITY;MAR27=PUT_CALL_PARITY;SEP27=PUT_CALL_PARITY;JUN27=PUT_CALL_PARITY;JUN28=SERIES_FORWARD_CLUSTER;DEC27=PUT_CALL_PARITY;MAR28=PUT_CALL_PARITY;FEB27=PUT_CALL_PARITY;APR27=PUT_CALL_PARITY;MAY27=PUT_CALL_PARITY;JUL27=PUT_CALL_PARITY;AUG27=PUT_CALL_PARITY,AUG26=7749.35;SEP26=7753.15;DEC26=7883.5;NOV26=7810.75;OCT26=7815.375;DEC28=8379.75;DEC29=8684.75;DEC30=7840.337;JAN27=7882.5;MAR27=7955;SEP27=8104.25;JUN27=8026.625;JUN28=8918.5;DEC27=8108.25;MAR28=8197;FEB27=7881.125;APR27=7962.25;MAY27=7967.125;JUL27=8047.375;AUG27=8053.25,NONE,WEIGHTED_ATM,2026-08-14,6,441,0.0,NONE,12064,11562,501,0,0,RTM,MDW;MMW;MRW;MTW,OK,NONE,NONE,2026-08-05
SPX,7015.0,-76520.24961577552,0.1387287613438304,0.0,0.0,0.0,0.0,0.0,0.0,7812.103346347588,7686.596653652413,7874.856692695175,7623.843307304825,SEP26,AUG26,2026-08-06,2026-09-18,7749.35,7599.305665762463,FOUND,WARN,UNKNOWN_SERIES;ESTIMATED_EXPIRY_ALIAS,2026-08-02.2,PUT_CALL_PARITY,AUG26,AUG26=PUT_CALL_PARITY;SEP26=PUT_CALL_PARITY;DEC26=PUT_CALL_PARITY;NOV26=PUT_CALL_PARITY;OCT26=PUT_CALL_PARITY;DEC28=PUT_CALL_PARITY;DEC29=PUT_CALL_PARITY;DEC30=PUT_CALL_PARITY;JAN27=PUT_CALL_PARITY;MAR27=PUT_CALL_PARITY;SEP27=PUT_CALL_PARITY;JUN27=PUT_CALL_PARITY;JUN28=SERIES_FORWARD_CLUSTER;DEC27=PUT_CALL_PARITY;MAR28=PUT_CALL_PARITY;FEB27=PUT_CALL_PARITY;APR27=PUT_CALL_PARITY;MAY27=PUT_CALL_PARITY;JUL27=PUT_CALL_PARITY;AUG27=PUT_CALL_PARITY,AUG26=7749.35;SEP26=7753.15;DEC26=7883.5;NOV26=7810.75;OCT26=7815.375;DEC28=8379.75;DEC29=8684.75;DEC30=7840.337;JAN27=7882.5;MAR27=7955;SEP27=8104.25;JUN27=8026.625;JUN28=8918.5;DEC27=8108.25;MAR28=8197;FEB27=7881.125;APR27=7962.25;MAY27=7967.125;JUL27=8047.375;AUG27=8053.25,NONE,WEIGHTED_ATM,2026-08-14,6,441,0.0,NONE,12064,11562,501,0,0,RTM,MDW;MMW;MRW;MTW,OK,NONE,NONE,2026-08-05
SPX,7020.0,-1699999.7738157734,2.875023207357429,0.0,0.0,0.0,0.0,0.0,0.0,7812.103346347588,7686.596653652413,7874.856692695175,7623.843307304825,SEP26,AUG26,2026-08-06,2026-09-18,7749.35,7599.305665762463,FOUND,WARN,UNKNOWN_SERIES;ESTIMATED_EXPIRY_ALIAS,2026-08-02.2,PUT_CALL_PARITY,AUG26,AUG26=PUT_CALL_PARITY;SEP26=PUT_CALL_PARITY;DEC26=PUT_CALL_PARITY;NOV26=PUT_CALL_PARITY;OCT26=PUT_CALL_PARITY;DEC28=PUT_CALL_PARITY;DEC29=PUT_CALL_PARITY;DEC30=PUT_CALL_PARITY;JAN27=PUT_CALL_PARITY;MAR27=PUT_CALL_PARITY;SEP27=PUT_CALL_PARITY;JUN27=PUT_CALL_PARITY;JUN28=SERIES_FORWARD_CLUSTER;DEC27=PUT_CALL_PARITY;MAR28=PUT_CALL_PARITY;FEB27=PUT_CALL_PARITY;APR27=PUT_CALL_PARITY;MAY27=PUT_CALL_PARITY;JUL27=PUT_CALL_PARITY;AUG27=PUT_CALL_PARITY,AUG26=7749.35;SEP26=7753.15;DEC26=7883.5;NOV26=7810.75;OCT26=7815.375;DEC28=8379.75;DEC29=8684.75;DEC30=7840.337;JAN27=7882.5;MAR27=7955;SEP27=8104.25;JUN27=8026.625;JUN28=8918.5;DEC27=8108.25;MAR28=8197;FEB27=7881.125;APR27=7962.25;MAY27=7967.125;JUL27=8047.375;AUG27=8053.25,NONE,WEIGHTED_ATM,2026-08-14,6,441,0.0,NONE,12064,11562,501,0,0,RTM,MDW;MMW;MRW;MTW,OK,NONE,NONE,2026-08-05
SPX,7025.0,-29664526.23725709,50.46560287445052,0.0,0.0,0.0,0.0,0.0,0.0,7812.103346347588,7686.596653652413,7874.856692695175,7623.843307304825,SEP26,AUG26,2026-08-06,2026-09-18,7749.35,7599.305665762463,FOUND,WARN,UNKNOWN_SERIES;ESTIMATED_EXPIRY_ALIAS,2026-08-02.2,PUT_CALL_PARITY,AUG26,AUG26=PUT_CALL_PARITY;SEP26=PUT_CALL_PARITY;DEC26=PUT_CALL_PARITY;NOV26=PUT_CALL_PARITY;OCT26=PUT_CALL_PARITY;DEC28=PUT_CALL_PARITY;DEC29=PUT_CALL_PARITY;DEC30=PUT_CALL_PARITY;JAN27=PUT_CALL_PARITY;MAR27=PUT_CALL_PARITY;SEP27=PUT_CALL_PARITY;JUN27=PUT_CALL_PARITY;JUN28=SERIES_FORWARD_CLUSTER;DEC27=PUT_CALL_PARITY;MAR28=PUT_CALL_PARITY;FEB27=PUT_CALL_PARITY;APR27=PUT_CALL_PARITY;MAY27=PUT_CALL_PARITY;JUL27=PUT_CALL_PARITY;AUG27=PUT_CALL_PARITY,AUG26=7749.35;SEP26=7753.15;DEC26=7883.5;NOV26=7810.75;OCT26=7815.375;DEC28=8379.75;DEC29=8684.75;DEC30=7840.337;JAN27=7882.5;MAR27=7955;SEP27=8104.25;JUN27=8026.625;JUN28=8918.5;DEC27=8108.25;MAR28=8197;FEB27=7881.125;APR27=7962.25;MAY27=7967.125;JUL27=8047.375;AUG27=8053.25,NONE,WEIGHTED_ATM,2026-08-14,6,441,0.0,NONE,12064,11562,501,0,0,RTM,MDW;MMW;MRW;MTW,OK,NONE,NONE,2026-08-05
SPX,7030.0,-1737151.2366643562,2.902247526533441,0.0,0.0,0.0,0.0,0.0,0.0,7812.103346347588,7686.596653652413,7874.856692695175,7623.843307304825,SEP26,AUG26,2026-08-06,2026-09-18,7749.35,7599.305665762463,FOUND,WARN,UNKNOWN_SERIES;ESTIMATED_EXPIRY_ALIAS,2026-08-02.2,PUT_CALL_PARITY,AUG26,AUG26=PUT_CALL_PARITY;SEP26=PUT_CALL_PARITY;DEC26=PUT_CALL_PARITY;NOV26=PUT_CALL_PARITY;OCT26=PUT_CALL_PARITY;DEC28=PUT_CALL_PARITY;DEC29=PUT_CALL_PARITY;DEC30=PUT_CALL_PARITY;JAN27=PUT_CALL_PARITY;MAR27=PUT_CALL_PARITY;SEP27=PUT_CALL_PARITY;JUN27=PUT_CALL_PARITY;JUN28=SERIES_FORWARD_CLUSTER;DEC27=PUT_CALL_PARITY;MAR28=PUT_CALL_PARITY;FEB27=PUT_CALL_PARITY;APR27=PUT_CALL_PARITY;MAY27=PUT_CALL_PARITY;JUL27=PUT_CALL_PARITY;AUG27=PUT_CALL_PARITY,AUG26=7749.35;SEP26=7753.15;DEC26=7883.5;NOV26=7810.75;OCT26=7815.375;DEC28=8379.75;DEC29=8684.75;DEC30=7840.337;JAN27=7882.5;MAR27=7955;SEP27=8104.25;JUN27=8026.625;JUN28=8918.5;DEC27=8108.25;MAR28=8197;FEB27=7881.125;APR27=7962.25;MAY27=7967.125;JUL27=8047.375;AUG27=8053.25,NONE,WEIGHTED_ATM,2026-08-14,6,441,0.0,NONE,12064,11562,501,0,0,RTM,MDW;MMW;MRW;MTW,OK,NONE,NONE,2026-08-05
SPX,7035.0,-17118.049635621966,0.030879818520392337,0.0,0.0,0.0,0.0,0.0,0.0,7812.103346347588,7686.596653652413,7874.856692695175,7623.843307304825,SEP26,AUG26,2026-08-06,2026-09-18,7749.35,7599.305665762463,FOUND,WARN,UNKNOWN_SERIES;ESTIMATED_EXPIRY_ALIAS,2026-08-02.2,PUT_CALL_PARITY,AUG26,AUG26=PUT_CALL_PARITY;SEP26=PUT_CALL_PARITY;DEC26=PUT_CALL_PARITY;NOV26=PUT_CALL_PARITY;OCT26=PUT_CALL_PARITY;DEC28=PUT_CALL_PARITY;DEC29=PUT_CALL_PARITY;DEC30=PUT_CALL_PARITY;JAN27=PUT_CALL_PARITY;MAR27=PUT_CALL_PARITY;SEP27=PUT_CALL_PARITY;JUN27=PUT_CALL_PARITY;JUN28=SERIES_FORWARD_CLUSTER;DEC27=PUT_CALL_PARITY;MAR28=PUT_CALL_PARITY;FEB27=PUT_CALL_PARITY;APR27=PUT_CALL_PARITY;MAY27=PUT_CALL_PARITY;JUL27=PUT_CALL_PARITY;AUG27=PUT_CALL_PARITY,AUG26=7749.35;SEP26=7753.15;DEC26=7883.5;NOV26=7810.75;OCT26=7815.375;DEC28=8379.75;DEC29=8684.75;DEC30=7840.337;JAN27=7882.5;MAR27=7955;SEP27=8104.25;JUN27=8026.625;JUN28=8918.5;DEC27=8108.25;MAR28=8197;FEB27=7881.125;APR27=7962.25;MAY27=7967.125;JUL27=8047.375;AUG27=8053.25,NONE,WEIGHTED_ATM,2026-08-14,6,441,0.0,NONE,12064,11562,501,0,0,RTM,MDW;MMW;MRW;MTW,OK,NONE,NONE,2026-08-05
SPX,7040.0,-1582371.7604025009,2.6349057536779537,0.0,0.0,0.0,0.0,0.0,0.0,7812.103346347588,7686.596653652413,7874.856692695175,7623.843307304825,SEP26,AUG26,2026-08-06,2026-09-18,7749.35,7599.305665762463,FOUND,WARN,UNKNOWN_SERIES;ESTIMATED_EXPIRY_ALIAS,2026-08-02.2,PUT_CALL_PARITY,AUG26,AUG26=PUT_CALL_PARITY;SEP26=PUT_CALL_PARITY;DEC26=PUT_CALL_PARITY;NOV26=PUT_CALL_PARITY;OCT26=PUT_CALL_PARITY;DEC28=PUT_CALL_PARITY;DEC29=PUT_CALL_PARITY;DEC30=PUT_CALL_PARITY;JAN27=PUT_CALL_PARITY;MAR27=PUT_CALL_PARITY;SEP27=PUT_CALL_PARITY;JUN27=PUT_CALL_PARITY;JUN28=SERIES_FORWARD_CLUSTER;DEC27=PUT_CALL_PARITY;MAR28=PUT_CALL_PARITY;FEB27=PUT_CALL_PARITY;APR27=PUT_CALL_PARITY;MAY27=PUT_CALL_PARITY;JUL27=PUT_CALL_PARITY;AUG27=PUT_CALL_PARITY,AUG26=7749.35;SEP26=7753.15;DEC26=7883.5;NOV26=7810.75;OCT26=7815.375;DEC28=8379.75;DEC29=8684.75;DEC30=7840.337;JAN27=7882.5;MAR27=7955;SEP27=8104.25;JUN27=8026.625;JUN28=8918.5;DEC27=8108.25;MAR28=8197;FEB27=7881.125;APR27=7962.25;MAY27=7967.125;JUL27=8047.375;AUG27=8053.25,NONE,WEIGHTED_ATM,2026-08-14,6,441,0.0,NONE,12064,11562,501,0,0,RTM,MDW;MMW;MRW;MTW,OK,NONE,NONE,2026-08-05
SPX,7045.0,-31778.552163168468,0.05291801611606833,0.0,0.0,0.0,0.0,0.0,0.0,7812.103346347588,7686.596653652413,7874.856692695175,7623.843307304825,SEP26,AUG26,2026-08-06,2026-09-18,7749.35,7599.305665762463,FOUND,WARN,UNKNOWN_SERIES;ESTIMATED_EXPIRY_ALIAS,2026-08-02.2,PUT_CALL_PARITY,AUG26,AUG26=PUT_CALL_PARITY;SEP26=PUT_CALL_PARITY;DEC26=PUT_CALL_PARITY;NOV26=PUT_CALL_PARITY;OCT26=PUT_CALL_PARITY;DEC28=PUT_CALL_PARITY;DEC29=PUT_CALL_PARITY;DEC30=PUT_CALL_PARITY;JAN27=PUT_CALL_PARITY;MAR27=PUT_CALL_PARITY;SEP27=PUT_CALL_PARITY;JUN27=PUT_CALL_PARITY;JUN28=SERIES_FORWARD_CLUSTER;DEC27=PUT_CALL_PARITY;MAR28=PUT_CALL_PARITY;FEB27=PUT_CALL_PARITY;APR27=PUT_CALL_PARITY;MAY27=PUT_CALL_PARITY;JUL27=PUT_CALL_PARITY;AUG27=PUT_CALL_PARITY,AUG26=7749.35;SEP26=7753.15;DEC26=7883.5;NOV26=7810.75;OCT26=7815.375;DEC28=8379.75;DEC29=8684.75;DEC30=7840.337;JAN27=7882.5;MAR27=7955;SEP27=8104.25;JUN27=8026.625;JUN28=8918.5;DEC27=8108.25;MAR28=8197;FEB27=7881.125;APR27=7962.25;MAY27=7967.125;JUL27=8047.375;AUG27=8053.25,NONE,WEIGHTED_ATM,2026-08-14,6,441,0.0,NONE,12064,11562,501,0,0,RTM,MDW;MMW;MRW;MTW,OK,NONE,NONE,2026-08-05
SPX,7050.0,-152349053.35265824,397.15296247328206,0.0,0.0,0.0,0.0,0.0,0.0,7812.103346347588,7686.596653652413,7874.856692695175,7623.843307304825,SEP26,AUG26,2026-08-06,2026-09-18,7749.35,7599.305665762463,FOUND,WARN,UNKNOWN_SERIES;ESTIMATED_EXPIRY_ALIAS,2026-08-02.2,PUT_CALL_PARITY,AUG26,AUG26=PUT_CALL_PARITY;SEP26=PUT_CALL_PARITY;DEC26=PUT_CALL_PARITY;NOV26=PUT_CALL_PARITY;OCT26=PUT_CALL_PARITY;DEC28=PUT_CALL_PARITY;DEC29=PUT_CALL_PARITY;DEC30=PUT_CALL_PARITY;JAN27=PUT_CALL_PARITY;MAR27=PUT_CALL_PARITY;SEP27=PUT_CALL_PARITY;JUN27=PUT_CALL_PARITY;JUN28=SERIES_FORWARD_CLUSTER;DEC27=PUT_CALL_PARITY;MAR28=PUT_CALL_PARITY;FEB27=PUT_CALL_PARITY;APR27=PUT_CALL_PARITY;MAY27=PUT_CALL_PARITY;JUL27=PUT_CALL_PARITY;AUG27=PUT_CALL_PARITY,AUG26=7749.35;SEP26=7753.15;DEC26=7883.5;NOV26=7810.75;OCT26=7815.375;DEC28=8379.75;DEC29=8684.75;DEC30=7840.337;JAN27=7882.5;MAR27=7955;SEP27=8104.25;JUN27=8026.625;JUN28=8918.5;DEC27=8108.25;MAR28=8197;FEB27=7881.125;APR27=7962.25;MAY27=7967.125;JUL27=8047.375;AUG27=8053.25,NONE,WEIGHTED_ATM,2026-08-14,6,441,0.0,NONE,12064,11562,501,0,0,RTM,MDW;MMW;MRW;MTW,OK,NONE,NONE,2026-08-05
SPX,7055.0,-376120.4126731436,0.6263201028550323,0.0,0.0,0.0,0.0,0.0,0.0,7812.103346347588,7686.596653652413,7874.856692695175,7623.843307304825,SEP26,AUG26,2026-08-06,2026-09-18,7749.35,7599.305665762463,FOUND,WARN,UNKNOWN_SERIES;ESTIMATED_EXPIRY_ALIAS,2026-08-02.2,PUT_CALL_PARITY,AUG26,AUG26=PUT_CALL_PARITY;SEP26=PUT_CALL_PARITY;DEC26=PUT_CALL_PARITY;NOV26=PUT_CALL_PARITY;OCT26=PUT_CALL_PARITY;DEC28=PUT_CALL_PARITY;DEC29=PUT_CALL_PARITY;DEC30=PUT_CALL_PARITY;JAN27=PUT_CALL_PARITY;MAR27=PUT_CALL_PARITY;SEP27=PUT_CALL_PARITY;JUN27=PUT_CALL_PARITY;JUN28=SERIES_FORWARD_CLUSTER;DEC27=PUT_CALL_PARITY;MAR28=PUT_CALL_PARITY;FEB27=PUT_CALL_PARITY;APR27=PUT_CALL_PARITY;MAY27=PUT_CALL_PARITY;JUL27=PUT_CALL_PARITY;AUG27=PUT_CALL_PARITY,AUG26=7749.35;SEP26=7753.15;DEC26=7883.5;NOV26=7810.75;OCT26=7815.375;DEC28=8379.75;DEC29=8684.75;DEC30=7840.337;JAN27=7882.5;MAR27=7955;SEP27=8104.25;JUN27=8026.625;JUN28=8918.5;DEC27=8108.25;MAR28=8197;FEB27=7881.125;APR27=7962.25;MAY27=7967.125;JUL27=8047.375;AUG27=8053.25,NONE,WEIGHTED_ATM,2026-08-14,6,441,0.0,NONE,12064,11562,501,0,0,RTM,MDW;MMW;MRW;MTW,OK,NONE,NONE,2026-08-05
SPX,7060.0,-1841344.4714187158,3.0712861361371915,0.0,0.0,0.0,0.0,0.0,0.0,7812.103346347588,7686.596653652413,7874.856692695175,7623.843307304825,SEP26,AUG26,2026-08-06,2026-09-18,7749.35,7599.305665762463,FOUND,WARN,UNKNOWN_SERIES;ESTIMATED_EXPIRY_ALIAS,2026-08-02.2,PUT_CALL_PARITY,AUG26,AUG26=PUT_CALL_PARITY;SEP26=PUT_CALL_PARITY;DEC26=PUT_CALL_PARITY;NOV26=PUT_CALL_PARITY;OCT26=PUT_CALL_PARITY;DEC28=PUT_CALL_PARITY;DEC29=PUT_CALL_PARITY;DEC30=PUT_CALL_PARITY;JAN27=PUT_CALL_PARITY;MAR27=PUT_CALL_PARITY;SEP27=PUT_CALL_PARITY;JUN27=PUT_CALL_PARITY;JUN28=SERIES_FORWARD_CLUSTER;DEC27=PUT_CALL_PARITY;MAR28=PUT_CALL_PARITY;FEB27=PUT_CALL_PARITY;APR27=PUT_CALL_PARITY;MAY27=PUT_CALL_PARITY;JUL27=PUT_CALL_PARITY;AUG27=PUT_CALL_PARITY,AUG26=7749.35;SEP26=7753.15;DEC26=7883.5;NOV26=7810.75;OCT26=7815.375;DEC28=8379.75;DEC29=8684.75;DEC30=7840.337;JAN27=7882.5;MAR27=7955;SEP27=8104.25;JUN27=8026.625;JUN28=8918.5;DEC27=8108.25;MAR28=8197;FEB27=7881.125;APR27=7962.25;MAY27=7967.125;JUL27=8047.375;AUG27=8053.25,NONE,WEIGHTED_ATM,2026-08-14,6,441,0.0,NONE,12064,11562,501,0,0,RTM,MDW;MMW;MRW;MTW,OK,NONE,NONE,2026-08-05
SPX,7065.0,-146726.72069233854,0.24689263681343665,0.0,0.0,0.0,0.0,0.0,0.0,7812.103346347588,7686.596653652413,7874.856692695175,7623.843307304825,SEP26,AUG26,2026-08-06,2026-09-18,7749.35,7599.305665762463,FOUND,WARN,UNKNOWN_SERIES;ESTIMATED_EXPIRY_ALIAS,2026-08-02.2,PUT_CALL_PARITY,AUG26,AUG26=PUT_CALL_PARITY;SEP26=PUT_CALL_PARITY;DEC26=PUT_CALL_PARITY;NOV26=PUT_CALL_PARITY;OCT26=PUT_CALL_PARITY;DEC28=PUT_CALL_PARITY;DEC29=PUT_CALL_PARITY;DEC30=PUT_CALL_PARITY;JAN27=PUT_CALL_PARITY;MAR27=PUT_CALL_PARITY;SEP27=PUT_CALL_PARITY;JUN27=PUT_CALL_PARITY;JUN28=SERIES_FORWARD_CLUSTER;DEC27=PUT_CALL_PARITY;MAR28=PUT_CALL_PARITY;FEB27=PUT_CALL_PARITY;APR27=PUT_CALL_PARITY;MAY27=PUT_CALL_PARITY;JUL27=PUT_CALL_PARITY;AUG27=PUT_CALL_PARITY,AUG26=7749.35;SEP26=7753.15;DEC26=7883.5;NOV26=7810.75;OCT26=7815.375;DEC28=8379.75;DEC29=8684.75;DEC30=7840.337;JAN27=7882.5;MAR27=7955;SEP27=8104.25;JUN27=8026.625;JUN28=8918.5;DEC27=8108.25;MAR28=8197;FEB27=7881.125;APR27=7962.25;MAY27=7967.125;JUL27=8047.375;AUG27=8053.25,NONE,WEIGHTED_ATM,2026-08-14,6,441,0.0,NONE,12064,11562,501,0,0,RTM,MDW;MMW;MRW;MTW,OK,NONE,NONE,2026-08-05
SPX,7070.0,-3072065.7846190385,5.117998752134993,0.0,0.0,0.0,0.0,0.0,0.0,7812.103346347588,7686.596653652413,7874.856692695175,7623.843307304825,SEP26,AUG26,2026-08-06,2026-09-18,7749.35,7599.305665762463,FOUND,WARN,UNKNOWN_SERIES;ESTIMATED_EXPIRY_ALIAS,2026-08-02.2,PUT_CALL_PARITY,AUG26,AUG26=PUT_CALL_PARITY;SEP26=PUT_CALL_PARITY;DEC26=PUT_CALL_PARITY;NOV26=PUT_CALL_PARITY;OCT26=PUT_CALL_PARITY;DEC28=PUT_CALL_PARITY;DEC29=PUT_CALL_PARITY;DEC30=PUT_CALL_PARITY;JAN27=PUT_CALL_PARITY;MAR27=PUT_CALL_PARITY;SEP27=PUT_CALL_PARITY;JUN27=PUT_CALL_PARITY;JUN28=SERIES_FORWARD_CLUSTER;DEC27=PUT_CALL_PARITY;MAR28=PUT_CALL_PARITY;FEB27=PUT_CALL_PARITY;APR27=PUT_CALL_PARITY;MAY27=PUT_CALL_PARITY;JUL27=PUT_CALL_PARITY;AUG27=PUT_CALL_PARITY,AUG26=7749.35;SEP26=7753.15;DEC26=7883.5;NOV26=7810.75;OCT26=7815.375;DEC28=8379.75;DEC29=8684.75;DEC30=7840.337;JAN27=7882.5;MAR27=7955;SEP27=8104.25;JUN27=8026.625;JUN28=8918.5;DEC27=8108.25;MAR28=8197;FEB27=7881.125;APR27=7962.25;MAY27=7967.125;JUL27=8047.375;AUG27=8053.25,NONE,WEIGHTED_ATM,2026-08-14,6,441,0.0,NONE,12064,11562,501,0,0,RTM,MDW;MMW;MRW;MTW,OK,NONE,NONE,2026-08-05
SPX,7075.0,-53900745.04596263,91.36316128711675,0.0,0.0,0.0,0.0,0.0,0.0,7812.103346347588,7686.596653652413,7874.856692695175,7623.843307304825,SEP26,AUG26,2026-08-06,2026-09-18,7749.35,7599.305665762463,FOUND,WARN,UNKNOWN_SERIES;ESTIMATED_EXPIRY_ALIAS,2026-08-02.2,PUT_CALL_PARITY,AUG26,AUG26=PUT_CALL_PARITY;SEP26=PUT_CALL_PARITY;DEC26=PUT_CALL_PARITY;NOV26=PUT_CALL_PARITY;OCT26=PUT_CALL_PARITY;DEC28=PUT_CALL_PARITY;DEC29=PUT_CALL_PARITY;DEC30=PUT_CALL_PARITY;JAN27=PUT_CALL_PARITY;MAR27=PUT_CALL_PARITY;SEP27=PUT_CALL_PARITY;JUN27=PUT_CALL_PARITY;JUN28=SERIES_FORWARD_CLUSTER;DEC27=PUT_CALL_PARITY;MAR28=PUT_CALL_PARITY;FEB27=PUT_CALL_PARITY;APR27=PUT_CALL_PARITY;MAY27=PUT_CALL_PARITY;JUL27=PUT_CALL_PARITY;AUG27=PUT_CALL_PARITY,AUG26=7749.35;SEP26=7753.15;DEC26=7883.5;NOV26=7810.75;OCT26=7815.375;DEC28=8379.75;DEC29=8684.75;DEC30=7840.337;JAN27=7882.5;MAR27=7955;SEP27=8104.25;JUN27=8026.625;JUN28=8918.5;DEC27=8108.25;MAR28=8197;FEB27=7881.125;APR27=7962.25;MAY27=7967.125;JUL27=8047.375;AUG27=8053.25,NONE,WEIGHTED_ATM,2026-08-14,6,441,0.0,NONE,12064,11562,501,0,0,RTM,MDW;MMW;MRW;MTW,OK,NONE,NONE,2026-08-05
SPX,7080.0,-4336418.280620011,7.2367028282972745,0.0,0.0,0.0,0.0,0.0,0.0,7812.103346347588,7686.596653652413,7874.856692695175,7623.843307304825,SEP26,AUG26,2026-08-06,2026-09-18,7749.35,7599.305665762463,FOUND,WARN,UNKNOWN_SERIES;ESTIMATED_EXPIRY_ALIAS,2026-08-02.2,PUT_CALL_PARITY,AUG26,AUG26=PUT_CALL_PARITY;SEP26=PUT_CALL_PARITY;DEC26=PUT_CALL_PARITY;NOV26=PUT_CALL_PARITY;OCT26=PUT_CALL_PARITY;DEC28=PUT_CALL_PARITY;DEC29=PUT_CALL_PARITY;DEC30=PUT_CALL_PARITY;JAN27=PUT_CALL_PARITY;MAR27=PUT_CALL_PARITY;SEP27=PUT_CALL_PARITY;JUN27=PUT_CALL_PARITY;JUN28=SERIES_FORWARD_CLUSTER;DEC27=PUT_CALL_PARITY;MAR28=PUT_CALL_PARITY;FEB27=PUT_CALL_PARITY;APR27=PUT_CALL_PARITY;MAY27=PUT_CALL_PARITY;JUL27=PUT_CALL_PARITY;AUG27=PUT_CALL_PARITY,AUG26=7749.35;SEP26=7753.15;DEC26=7883.5;NOV26=7810.75;OCT26=7815.375;DEC28=8379.75;DEC29=8684.75;DEC30=7840.337;JAN27=7882.5;MAR27=7955;SEP27=8104.25;JUN27=8026.625;JUN28=8918.5;DEC27=8108.25;MAR28=8197;FEB27=7881.125;APR27=7962.25;MAY27=7967.125;JUL27=8047.375;AUG27=8053.25,NONE,WEIGHTED_ATM,2026-08-14,6,441,0.0,NONE,12064,11562,501,0,0,RTM,MDW;MMW;MRW;MTW,OK,NONE,NONE,2026-08-05
SPX,7085.0,-257603.29913566087,0.4343618910768533,0.0,0.0,0.0,0.0,0.0,0.0,7812.103346347588,7686.596653652413,7874.856692695175,7623.843307304825,SEP26,AUG26,2026-08-06,2026-09-18,7749.35,7599.305665762463,FOUND,WARN,UNKNOWN_SERIES;ESTIMATED_EXPIRY_ALIAS,2026-08-02.2,PUT_CALL_PARITY,AUG26,AUG26=PUT_CALL_PARITY;SEP26=PUT_CALL_PARITY;DEC26=PUT_CALL_PARITY;NOV26=PUT_CALL_PARITY;OCT26=PUT_CALL_PARITY;DEC28=PUT_CALL_PARITY;DEC29=PUT_CALL_PARITY;DEC30=PUT_CALL_PARITY;JAN27=PUT_CALL_PARITY;MAR27=PUT_CALL_PARITY;SEP27=PUT_CALL_PARITY;JUN27=PUT_CALL_PARITY;JUN28=SERIES_FORWARD_CLUSTER;DEC27=PUT_CALL_PARITY;MAR28=PUT_CALL_PARITY;FEB27=PUT_CALL_PARITY;APR27=PUT_CALL_PARITY;MAY27=PUT_CALL_PARITY;JUL27=PUT_CALL_PARITY;AUG27=PUT_CALL_PARITY,AUG26=7749.35;SEP26=7753.15;DEC26=7883.5;NOV26=7810.75;OCT26=7815.375;DEC28=8379.75;DEC29=8684.75;DEC30=7840.337;JAN27=7882.5;MAR27=7955;SEP27=8104.25;JUN27=8026.625;JUN28=8918.5;DEC27=8108.25;MAR28=8197;FEB27=7881.125;APR27=7962.25;MAY27=7967.125;JUL27=8047.375;AUG27=8053.25,NONE,WEIGHTED_ATM,2026-08-14,6,441,0.0,NONE,12064,11562,501,0,0,RTM,MDW;MMW;MRW;MTW,OK,NONE,NONE,2026-08-05
SPX,7090.0,-1852807.2697986523,3.1576665250502636,0.0,0.0,0.0,0.0,0.0,0.0,7812.103346347588,7686.596653652413,7874.856692695175,7623.843307304825,SEP26,AUG26,2026-08-06,2026-09-18,7749.35,7599.305665762463,FOUND,WARN,UNKNOWN_SERIES;ESTIMATED_EXPIRY_ALIAS,2026-08-02.2,PUT_CALL_PARITY,AUG26,AUG26=PUT_CALL_PARITY;SEP26=PUT_CALL_PARITY;DEC26=PUT_CALL_PARITY;NOV26=PUT_CALL_PARITY;OCT26=PUT_CALL_PARITY;DEC28=PUT_CALL_PARITY;DEC29=PUT_CALL_PARITY;DEC30=PUT_CALL_PARITY;JAN27=PUT_CALL_PARITY;MAR27=PUT_CALL_PARITY;SEP27=PUT_CALL_PARITY;JUN27=PUT_CALL_PARITY;JUN28=SERIES_FORWARD_CLUSTER;DEC27=PUT_CALL_PARITY;MAR28=PUT_CALL_PARITY;FEB27=PUT_CALL_PARITY;APR27=PUT_CALL_PARITY;MAY27=PUT_CALL_PARITY;JUL27=PUT_CALL_PARITY;AUG27=PUT_CALL_PARITY,AUG26=7749.35;SEP26=7753.15;DEC26=7883.5;NOV26=7810.75;OCT26=7815.375;DEC28=8379.75;DEC29=8684.75;DEC30=7840.337;JAN27=7882.5;MAR27=7955;SEP27=8104.25;JUN27=8026.625;JUN28=8918.5;DEC27=8108.25;MAR28=8197;FEB27=7881.125;APR27=7962.25;MAY27=7967.125;JUL27=8047.375;AUG27=8053.25,NONE,WEIGHTED_ATM,2026-08-14,6,441,0.0,NONE,12064,11562,501,0,0,RTM,MDW;MMW;MRW;MTW,OK,NONE,NONE,2026-08-05
SPX,7095.0,-140992.43222510428,0.23755409548368822,0.0,0.0,0.0,0.0,0.0,0.0,7812.103346347588,7686.596653652413,7874.856692695175,7623.843307304825,SEP26,AUG26,2026-08-06,2026-09-18,7749.35,7599.305665762463,FOUND,WARN,UNKNOWN_SERIES;ESTIMATED_EXPIRY_ALIAS,2026-08-02.2,PUT_CALL_PARITY,AUG26,AUG26=PUT_CALL_PARITY;SEP26=PUT_CALL_PARITY;DEC26=PUT_CALL_PARITY;NOV26=PUT_CALL_PARITY;OCT26=PUT_CALL_PARITY;DEC28=PUT_CALL_PARITY;DEC29=PUT_CALL_PARITY;DEC30=PUT_CALL_PARITY;JAN27=PUT_CALL_PARITY;MAR27=PUT_CALL_PARITY;SEP27=PUT_CALL_PARITY;JUN27=PUT_CALL_PARITY;JUN28=SERIES_FORWARD_CLUSTER;DEC27=PUT_CALL_PARITY;MAR28=PUT_CALL_PARITY;FEB27=PUT_CALL_PARITY;APR27=PUT_CALL_PARITY;MAY27=PUT_CALL_PARITY;JUL27=PUT_CALL_PARITY;AUG27=PUT_CALL_PARITY,AUG26=7749.35;SEP26=7753.15;DEC26=7883.5;NOV26=7810.75;OCT26=7815.375;DEC28=8379.75;DEC29=8684.75;DEC30=7840.337;JAN27=7882.5;MAR27=7955;SEP27=8104.25;JUN27=8026.625;JUN28=8918.5;DEC27=8108.25;MAR28=8197;FEB27=7881.125;APR27=7962.25;MAY27=7967.125;JUL27=8047.375;AUG27=8053.25,NONE,WEIGHTED_ATM,2026-08-14,6,441,0.0,NONE,12064,11562,501,0,0,RTM,MDW;MMW;MRW;MTW,OK,NONE,NONE,2026-08-05
SPX,7100.0,-321229857.39333373,773.0738490514343,0.0,0.0,0.0,0.0,0.0,0.0,7812.103346347588,7686.596653652413,7874.856692695175,7623.843307304825,SEP26,AUG26,2026-08-06,2026-09-18,7749.35,7599.305665762463,FOUND,WARN,UNKNOWN_SERIES;ESTIMATED_EXPIRY_ALIAS,2026-08-02.2,PUT_CALL_PARITY,AUG26,AUG26=PUT_CALL_PARITY;SEP26=PUT_CALL_PARITY;DEC26=PUT_CALL_PARITY;NOV26=PUT_CALL_PARITY;OCT26=PUT_CALL_PARITY;DEC28=PUT_CALL_PARITY;DEC29=PUT_CALL_PARITY;DEC30=PUT_CALL_PARITY;JAN27=PUT_CALL_PARITY;MAR27=PUT_CALL_PARITY;SEP27=PUT_CALL_PARITY;JUN27=PUT_CALL_PARITY;JUN28=SERIES_FORWARD_CLUSTER;DEC27=PUT_CALL_PARITY;MAR28=PUT_CALL_PARITY;FEB27=PUT_CALL_PARITY;APR27=PUT_CALL_PARITY;MAY27=PUT_CALL_PARITY;JUL27=PUT_CALL_PARITY;AUG27=PUT_CALL_PARITY,AUG26=7749.35;SEP26=7753.15;DEC26=7883.5;NOV26=7810.75;OCT26=7815.375;DEC28=8379.75;DEC29=8684.75;DEC30=7840.337;JAN27=7882.5;MAR27=7955;SEP27=8104.25;JUN27=8026.625;JUN28=8918.5;DEC27=8108.25;MAR28=8197;FEB27=7881.125;APR27=7962.25;MAY27=7967.125;JUL27=8047.375;AUG27=8053.25,NONE,WEIGHTED_ATM,2026-08-14,6,441,0.0,NONE,12064,11562,501,0,0,RTM,MDW;MMW;MRW;MTW,OK,NONE,NONE,2026-08-05
SPX,7105.0,-114543.64477172727,0.19643503582147567,0.0,0.0,0.0,0.0,0.0,0.0,7812.103346347588,7686.596653652413,7874.856692695175,7623.843307304825,SEP26,AUG26,2026-08-06,2026-09-18,7749.35,7599.305665762463,FOUND,WARN,UNKNOWN_SERIES;ESTIMATED_EXPIRY_ALIAS,2026-08-02.2,PUT_CALL_PARITY,AUG26,AUG26=PUT_CALL_PARITY;SEP26=PUT_CALL_PARITY;DEC26=PUT_CALL_PARITY;NOV26=PUT_CALL_PARITY;OCT26=PUT_CALL_PARITY;DEC28=PUT_CALL_PARITY;DEC29=PUT_CALL_PARITY;DEC30=PUT_CALL_PARITY;JAN27=PUT_CALL_PARITY;MAR27=PUT_CALL_PARITY;SEP27=PUT_CALL_PARITY;JUN27=PUT_CALL_PARITY;JUN28=SERIES_FORWARD_CLUSTER;DEC27=PUT_CALL_PARITY;MAR28=PUT_CALL_PARITY;FEB27=PUT_CALL_PARITY;APR27=PUT_CALL_PARITY;MAY27=PUT_CALL_PARITY;JUL27=PUT_CALL_PARITY;AUG27=PUT_CALL_PARITY,AUG26=7749.35;SEP26=7753.15;DEC26=7883.5;NOV26=7810.75;OCT26=7815.375;DEC28=8379.75;DEC29=8684.75;DEC30=7840.337;JAN27=7882.5;MAR27=7955;SEP27=8104.25;JUN27=8026.625;JUN28=8918.5;DEC27=8108.25;MAR28=8197;FEB27=7881.125;APR27=7962.25;MAY27=7967.125;JUL27=8047.375;AUG27=8053.25,NONE,WEIGHTED_ATM,2026-08-14,6,441,0.0,NONE,12064,11562,501,0,0,RTM,MDW;MMW;MRW;MTW,OK,NONE,NONE,2026-08-05
SPX,7110.0,-2695637.2561495285,4.514851829545546,0.0,0.0,0.0,0.0,0.0,0.0,7812.103346347588,7686.596653652413,7874.856692695175,7623.843307304825,SEP26,AUG26,2026-08-06,2026-09-18,7749.35,7599.305665762463,FOUND,WARN,UNKNOWN_SERIES;ESTIMATED_EXPIRY_ALIAS,2026-08-02.2,PUT_CALL_PARITY,AUG26,AUG26=PUT_CALL_PARITY;SEP26=PUT_CALL_PARITY;DEC26=PUT_CALL_PARITY;NOV26=PUT_CALL_PARITY;OCT26=PUT_CALL_PARITY;DEC28=PUT_CALL_PARITY;DEC29=PUT_CALL_PARITY;DEC30=PUT_CALL_PARITY;JAN27=PUT_CALL_PARITY;MAR27=PUT_CALL_PARITY;SEP27=PUT_CALL_PARITY;JUN27=PUT_CALL_PARITY;JUN28=SERIES_FORWARD_CLUSTER;DEC27=PUT_CALL_PARITY;MAR28=PUT_CALL_PARITY;FEB27=PUT_CALL_PARITY;APR27=PUT_CALL_PARITY;MAY27=PUT_CALL_PARITY;JUL27=PUT_CALL_PARITY;AUG27=PUT_CALL_PARITY,AUG26=7749.35;SEP26=7753.15;DEC26=7883.5;NOV26=7810.75;OCT26=7815.375;DEC28=8379.75;DEC29=8684.75;DEC30=7840.337;JAN27=7882.5;MAR27=7955;SEP27=8104.25;JUN27=8026.625;JUN28=8918.5;DEC27=8108.25;MAR28=8197;FEB27=7881.125;APR27=7962.25;MAY27=7967.125;JUL27=8047.375;AUG27=8053.25,NONE,WEIGHTED_ATM,2026-08-14,6,441,0.0,NONE,12064,11562,501,0,0,RTM,MDW;MMW;MRW;MTW,OK,NONE,NONE,2026-08-05
SPX,7115.0,-305208.5284608244,0.5082368052805925,0.0,0.0,0.0,0.0,0.0,0.0,7812.103346347588,7686.596653652413,7874.856692695175,7623.843307304825,SEP26,AUG26,2026-08-06,2026-09-18,7749.35,7599.305665762463,FOUND,WARN,UNKNOWN_SERIES;ESTIMATED_EXPIRY_ALIAS,2026-08-02.2,PUT_CALL_PARITY,AUG26,AUG26=PUT_CALL_PARITY;SEP26=PUT_CALL_PARITY;DEC26=PUT_CALL_PARITY;NOV26=PUT_CALL_PARITY;OCT26=PUT_CALL_PARITY;DEC28=PUT_CALL_PARITY;DEC29=PUT_CALL_PARITY;DEC30=PUT_CALL_PARITY;JAN27=PUT_CALL_PARITY;MAR27=PUT_CALL_PARITY;SEP27=PUT_CALL_PARITY;JUN27=PUT_CALL_PARITY;JUN28=SERIES_FORWARD_CLUSTER;DEC27=PUT_CALL_PARITY;MAR28=PUT_CALL_PARITY;FEB27=PUT_CALL_PARITY;APR27=PUT_CALL_PARITY;MAY27=PUT_CALL_PARITY;JUL27=PUT_CALL_PARITY;AUG27=PUT_CALL_PARITY,AUG26=7749.35;SEP26=7753.15;DEC26=7883.5;NOV26=7810.75;OCT26=7815.375;DEC28=8379.75;DEC29=8684.75;DEC30=7840.337;JAN27=7882.5;MAR27=7955;SEP27=8104.25;JUN27=8026.625;JUN28=8918.5;DEC27=8108.25;MAR28=8197;FEB27=7881.125;APR27=7962.25;MAY27=7967.125;JUL27=8047.375;AUG27=8053.25,NONE,WEIGHTED_ATM,2026-08-14,6,441,0.0,NONE,12064,11562,501,0,0,RTM,MDW;MMW;MRW;MTW,OK,NONE,NONE,2026-08-05
SPX,7120.0,-2492929.7175800093,4.2046568686177475,0.0,0.0,0.0,0.0,0.0,0.0,7812.103346347588,7686.596653652413,7874.856692695175,7623.843307304825,SEP26,AUG26,2026-08-06,2026-09-18,7749.35,7599.305665762463,FOUND,WARN,UNKNOWN_SERIES;ESTIMATED_EXPIRY_ALIAS,2026-08-02.2,PUT_CALL_PARITY,AUG26,AUG26=PUT_CALL_PARITY;SEP26=PUT_CALL_PARITY;DEC26=PUT_CALL_PARITY;NOV26=PUT_CALL_PARITY;OCT26=PUT_CALL_PARITY;DEC28=PUT_CALL_PARITY;DEC29=PUT_CALL_PARITY;DEC30=PUT_CALL_PARITY;JAN27=PUT_CALL_PARITY;MAR27=PUT_CALL_PARITY;SEP27=PUT_CALL_PARITY;JUN27=PUT_CALL_PARITY;JUN28=SERIES_FORWARD_CLUSTER;DEC27=PUT_CALL_PARITY;MAR28=PUT_CALL_PARITY;FEB27=PUT_CALL_PARITY;APR27=PUT_CALL_PARITY;MAY27=PUT_CALL_PARITY;JUL27=PUT_CALL_PARITY;AUG27=PUT_CALL_PARITY,AUG26=7749.35;SEP26=7753.15;DEC26=7883.5;NOV26=7810.75;OCT26=7815.375;DEC28=8379.75;DEC29=8684.75;DEC30=7840.337;JAN27=7882.5;MAR27=7955;SEP27=8104.25;JUN27=8026.625;JUN28=8918.5;DEC27=8108.25;MAR28=8197;FEB27=7881.125;APR27=7962.25;MAY27=7967.125;JUL27=8047.375;AUG27=8053.25,NONE,WEIGHTED_ATM,2026-08-14,6,441,0.0,NONE,12064,11562,501,0,0,RTM,MDW;MMW;MRW;MTW,OK,NONE,NONE,2026-08-05
SPX,7125.0,-66414805.05234703,112.56271366847803,0.0,0.0,0.0,0.0,0.0,0.0,7812.103346347588,7686.596653652413,7874.856692695175,7623.843307304825,SEP26,AUG26,2026-08-06,2026-09-18,7749.35,7599.305665762463,FOUND,WARN,UNKNOWN_SERIES;ESTIMATED_EXPIRY_ALIAS,2026-08-02.2,PUT_CALL_PARITY,AUG26,AUG26=PUT_CALL_PARITY;SEP26=PUT_CALL_PARITY;DEC26=PUT_CALL_PARITY;NOV26=PUT_CALL_PARITY;OCT26=PUT_CALL_PARITY;DEC28=PUT_CALL_PARITY;DEC29=PUT_CALL_PARITY;DEC30=PUT_CALL_PARITY;JAN27=PUT_CALL_PARITY;MAR27=PUT_CALL_PARITY;SEP27=PUT_CALL_PARITY;JUN27=PUT_CALL_PARITY;JUN28=SERIES_FORWARD_CLUSTER;DEC27=PUT_CALL_PARITY;MAR28=PUT_CALL_PARITY;FEB27=PUT_CALL_PARITY;APR27=PUT_CALL_PARITY;MAY27=PUT_CALL_PARITY;JUL27=PUT_CALL_PARITY;AUG27=PUT_CALL_PARITY,AUG26=7749.35;SEP26=7753.15;DEC26=7883.5;NOV26=7810.75;OCT26=7815.375;DEC28=8379.75;DEC29=8684.75;DEC30=7840.337;JAN27=7882.5;MAR27=7955;SEP27=8104.25;JUN27=8026.625;JUN28=8918.5;DEC27=8108.25;MAR28=8197;FEB27=7881.125;APR27=7962.25;MAY27=7967.125;JUL27=8047.375;AUG27=8053.25,NONE,WEIGHTED_ATM,2026-08-14,6,441,0.0,NONE,12064,11562,501,0,0,RTM,MDW;MMW;MRW;MTW,OK,NONE,NONE,2026-08-05
SPX,7130.0,-3178638.86025944,5.311027454977812,0.0,0.0,0.0,0.0,0.0,0.0,7812.103346347588,7686.596653652413,7874.856692695175,7623.843307304825,SEP26,AUG26,2026-08-06,2026-09-18,7749.35,7599.305665762463,FOUND,WARN,UNKNOWN_SERIES;ESTIMATED_EXPIRY_ALIAS,2026-08-02.2,PUT_CALL_PARITY,AUG26,AUG26=PUT_CALL_PARITY;SEP26=PUT_CALL_PARITY;DEC26=PUT_CALL_PARITY;NOV26=PUT_CALL_PARITY;OCT26=PUT_CALL_PARITY;DEC28=PUT_CALL_PARITY;DEC29=PUT_CALL_PARITY;DEC30=PUT_CALL_PARITY;JAN27=PUT_CALL_PARITY;MAR27=PUT_CALL_PARITY;SEP27=PUT_CALL_PARITY;JUN27=PUT_CALL_PARITY;JUN28=SERIES_FORWARD_CLUSTER;DEC27=PUT_CALL_PARITY;MAR28=PUT_CALL_PARITY;FEB27=PUT_CALL_PARITY;APR27=PUT_CALL_PARITY;MAY27=PUT_CALL_PARITY;JUL27=PUT_CALL_PARITY;AUG27=PUT_CALL_PARITY,AUG26=7749.35;SEP26=7753.15;DEC26=7883.5;NOV26=7810.75;OCT26=7815.375;DEC28=8379.75;DEC29=8684.75;DEC30=7840.337;JAN27=7882.5;MAR27=7955;SEP27=8104.25;JUN27=8026.625;JUN28=8918.5;DEC27=8108.25;MAR28=8197;FEB27=7881.125;APR27=7962.25;MAY27=7967.125;JUL27=8047.375;AUG27=8053.25,NONE,WEIGHTED_ATM,2026-08-14,6,441,0.0,NONE,12064,11562,501,0,0,RTM,MDW;MMW;MRW;MTW,OK,NONE,NONE,2026-08-05
SPX,7135.0,-155711.94031797623,0.26238911079758975,0.0,0.0,0.0,0.0,0.0,0.0,7812.103346347588,7686.596653652413,7874.856692695175,7623.843307304825,SEP26,AUG26,2026-08-06,2026-09-18,7749.35,7599.305665762463,FOUND,WARN,UNKNOWN_SERIES;ESTIMATED_EXPIRY_ALIAS,2026-08-02.2,PUT_CALL_PARITY,AUG26,AUG26=PUT_CALL_PARITY;SEP26=PUT_CALL_PARITY;DEC26=PUT_CALL_PARITY;NOV26=PUT_CALL_PARITY;OCT26=PUT_CALL_PARITY;DEC28=PUT_CALL_PARITY;DEC29=PUT_CALL_PARITY;DEC30=PUT_CALL_PARITY;JAN27=PUT_CALL_PARITY;MAR27=PUT_CALL_PARITY;SEP27=PUT_CALL_PARITY;JUN27=PUT_CALL_PARITY;JUN28=SERIES_FORWARD_CLUSTER;DEC27=PUT_CALL_PARITY;MAR28=PUT_CALL_PARITY;FEB27=PUT_CALL_PARITY;APR27=PUT_CALL_PARITY;MAY27=PUT_CALL_PARITY;JUL27=PUT_CALL_PARITY;AUG27=PUT_CALL_PARITY,AUG26=7749.35;SEP26=7753.15;DEC26=7883.5;NOV26=7810.75;OCT26=7815.375;DEC28=8379.75;DEC29=8684.75;DEC30=7840.337;JAN27=7882.5;MAR27=7955;SEP27=8104.25;JUN27=8026.625;JUN28=8918.5;DEC27=8108.25;MAR28=8197;FEB27=7881.125;APR27=7962.25;MAY27=7967.125;JUL27=8047.375;AUG27=8053.25,NONE,WEIGHTED_ATM,2026-08-14,6,441,0.0,NONE,12064,11562,501,0,0,RTM,MDW;MMW;MRW;MTW,OK,NONE,NONE,2026-08-05
SPX,7140.0,-9543860.350390865,16.09436376535248,0.0,0.0,0.0,0.0,0.0,0.0,7812.103346347588,7686.596653652413,7874.856692695175,7623.843307304825,SEP26,AUG26,2026-08-06,2026-09-18,7749.35,7599.305665762463,FOUND,WARN,UNKNOWN_SERIES;ESTIMATED_EXPIRY_ALIAS,2026-08-02.2,PUT_CALL_PARITY,AUG26,AUG26=PUT_CALL_PARITY;SEP26=PUT_CALL_PARITY;DEC26=PUT_CALL_PARITY;NOV26=PUT_CALL_PARITY;OCT26=PUT_CALL_PARITY;DEC28=PUT_CALL_PARITY;DEC29=PUT_CALL_PARITY;DEC30=PUT_CALL_PARITY;JAN27=PUT_CALL_PARITY;MAR27=PUT_CALL_PARITY;SEP27=PUT_CALL_PARITY;JUN27=PUT_CALL_PARITY;JUN28=SERIES_FORWARD_CLUSTER;DEC27=PUT_CALL_PARITY;MAR28=PUT_CALL_PARITY;FEB27=PUT_CALL_PARITY;APR27=PUT_CALL_PARITY;MAY27=PUT_CALL_PARITY;JUL27=PUT_CALL_PARITY;AUG27=PUT_CALL_PARITY,AUG26=7749.35;SEP26=7753.15;DEC26=7883.5;NOV26=7810.75;OCT26=7815.375;DEC28=8379.75;DEC29=8684.75;DEC30=7840.337;JAN27=7882.5;MAR27=7955;SEP27=8104.25;JUN27=8026.625;JUN28=8918.5;DEC27=8108.25;MAR28=8197;FEB27=7881.125;APR27=7962.25;MAY27=7967.125;JUL27=8047.375;AUG27=8053.25,NONE,WEIGHTED_ATM,2026-08-14,6,441,0.0,NONE,12064,11562,501,0,0,RTM,MDW;MMW;MRW;MTW,OK,NONE,NONE,2026-08-05
SPX,7145.0,-107959.1156101987,0.17977477987050522,0.0,0.0,0.0,0.0,0.0,0.0,7812.103346347588,7686.596653652413,7874.856692695175,7623.843307304825,SEP26,AUG26,2026-08-06,2026-09-18,7749.35,7599.305665762463,FOUND,WARN,UNKNOWN_SERIES;ESTIMATED_EXPIRY_ALIAS,2026-08-02.2,PUT_CALL_PARITY,AUG26,AUG26=PUT_CALL_PARITY;SEP26=PUT_CALL_PARITY;DEC26=PUT_CALL_PARITY;NOV26=PUT_CALL_PARITY;OCT26=PUT_CALL_PARITY;DEC28=PUT_CALL_PARITY;DEC29=PUT_CALL_PARITY;DEC30=PUT_CALL_PARITY;JAN27=PUT_CALL_PARITY;MAR27=PUT_CALL_PARITY;SEP27=PUT_CALL_PARITY;JUN27=PUT_CALL_PARITY;JUN28=SERIES_FORWARD_CLUSTER;DEC27=PUT_CALL_PARITY;MAR28=PUT_CALL_PARITY;FEB27=PUT_CALL_PARITY;APR27=PUT_CALL_PARITY;MAY27=PUT_CALL_PARITY;JUL27=PUT_CALL_PARITY;AUG27=PUT_CALL_PARITY,AUG26=7749.35;SEP26=7753.15;DEC26=7883.5;NOV26=7810.75;OCT26=7815.375;DEC28=8379.75;DEC29=8684.75;DEC30=7840.337;JAN27=7882.5;MAR27=7955;SEP27=8104.25;JUN27=8026.625;JUN28=8918.5;DEC27=8108.25;MAR28=8197;FEB27=7881.125;APR27=7962.25;MAY27=7967.125;JUL27=8047.375;AUG27=8053.25,NONE,WEIGHTED_ATM,2026-08-14,6,441,0.0,NONE,12064,11562,501,0,0,RTM,MDW;MMW;MRW;MTW,OK,NONE,NONE,2026-08-05
SPX,7150.0,-170400029.10181853,504.17205551654615,0.0,0.0,0.0,0.0,0.0,0.0,7812.103346347588,7686.596653652413,7874.856692695175,7623.843307304825,SEP26,AUG26,2026-08-06,2026-09-18,7749.35,7599.305665762463,FOUND,WARN,UNKNOWN_SERIES;ESTIMATED_EXPIRY_ALIAS,2026-08-02.2,PUT_CALL_PARITY,AUG26,AUG26=PUT_CALL_PARITY;SEP26=PUT_CALL_PARITY;DEC26=PUT_CALL_PARITY;NOV26=PUT_CALL_PARITY;OCT26=PUT_CALL_PARITY;DEC28=PUT_CALL_PARITY;DEC29=PUT_CALL_PARITY;DEC30=PUT_CALL_PARITY;JAN27=PUT_CALL_PARITY;MAR27=PUT_CALL_PARITY;SEP27=PUT_CALL_PARITY;JUN27=PUT_CALL_PARITY;JUN28=SERIES_FORWARD_CLUSTER;DEC27=PUT_CALL_PARITY;MAR28=PUT_CALL_PARITY;FEB27=PUT_CALL_PARITY;APR27=PUT_CALL_PARITY;MAY27=PUT_CALL_PARITY;JUL27=PUT_CALL_PARITY;AUG27=PUT_CALL_PARITY,AUG26=7749.35;SEP26=7753.15;DEC26=7883.5;NOV26=7810.75;OCT26=7815.375;DEC28=8379.75;DEC29=8684.75;DEC30=7840.337;JAN27=7882.5;MAR27=7955;SEP27=8104.25;JUN27=8026.625;JUN28=8918.5;DEC27=8108.25;MAR28=8197;FEB27=7881.125;APR27=7962.25;MAY27=7967.125;JUL27=8047.375;AUG27=8053.25,NONE,WEIGHTED_ATM,2026-08-14,6,441,0.0,NONE,12064,11562,501,0,0,RTM,MDW;MMW;MRW;MTW,OK,NONE,NONE,2026-08-05
SPX,7155.0,-235612.76354066606,0.39562500647254617,0.0,0.0,0.0,0.0,0.0,0.0,7812.103346347588,7686.596653652413,7874.856692695175,7623.843307304825,SEP26,AUG26,2026-08-06,2026-09-18,7749.35,7599.305665762463,FOUND,WARN,UNKNOWN_SERIES;ESTIMATED_EXPIRY_ALIAS,2026-08-02.2,PUT_CALL_PARITY,AUG26,AUG26=PUT_CALL_PARITY;SEP26=PUT_CALL_PARITY;DEC26=PUT_CALL_PARITY;NOV26=PUT_CALL_PARITY;OCT26=PUT_CALL_PARITY;DEC28=PUT_CALL_PARITY;DEC29=PUT_CALL_PARITY;DEC30=PUT_CALL_PARITY;JAN27=PUT_CALL_PARITY;MAR27=PUT_CALL_PARITY;SEP27=PUT_CALL_PARITY;JUN27=PUT_CALL_PARITY;JUN28=SERIES_FORWARD_CLUSTER;DEC27=PUT_CALL_PARITY;MAR28=PUT_CALL_PARITY;FEB27=PUT_CALL_PARITY;APR27=PUT_CALL_PARITY;MAY27=PUT_CALL_PARITY;JUL27=PUT_CALL_PARITY;AUG27=PUT_CALL_PARITY,AUG26=7749.35;SEP26=7753.15;DEC26=7883.5;NOV26=7810.75;OCT26=7815.375;DEC28=8379.75;DEC29=8684.75;DEC30=7840.337;JAN27=7882.5;MAR27=7955;SEP27=8104.25;JUN27=8026.625;JUN28=8918.5;DEC27=8108.25;MAR28=8197;FEB27=7881.125;APR27=7962.25;MAY27=7967.125;JUL27=8047.375;AUG27=8053.25,NONE,WEIGHTED_ATM,2026-08-14,6,441,0.0,NONE,12064,11562,501,0,0,RTM,MDW;MMW;MRW;MTW,OK,NONE,NONE,2026-08-05
SPX,7160.0,-5367969.513707873,8.99556056206709,0.0,0.0,0.0,0.0,0.0,0.0,7812.103346347588,7686.596653652413,7874.856692695175,7623.843307304825,SEP26,AUG26,2026-08-06,2026-09-18,7749.35,7599.305665762463,FOUND,WARN,UNKNOWN_SERIES;ESTIMATED_EXPIRY_ALIAS,2026-08-02.2,PUT_CALL_PARITY,AUG26,AUG26=PUT_CALL_PARITY;SEP26=PUT_CALL_PARITY;DEC26=PUT_CALL_PARITY;NOV26=PUT_CALL_PARITY;OCT26=PUT_CALL_PARITY;DEC28=PUT_CALL_PARITY;DEC29=PUT_CALL_PARITY;DEC30=PUT_CALL_PARITY;JAN27=PUT_CALL_PARITY;MAR27=PUT_CALL_PARITY;SEP27=PUT_CALL_PARITY;JUN27=PUT_CALL_PARITY;JUN28=SERIES_FORWARD_CLUSTER;DEC27=PUT_CALL_PARITY;MAR28=PUT_CALL_PARITY;FEB27=PUT_CALL_PARITY;APR27=PUT_CALL_PARITY;MAY27=PUT_CALL_PARITY;JUL27=PUT_CALL_PARITY;AUG27=PUT_CALL_PARITY,AUG26=7749.35;SEP26=7753.15;DEC26=7883.5;NOV26=7810.75;OCT26=7815.375;DEC28=8379.75;DEC29=8684.75;DEC30=7840.337;JAN27=7882.5;MAR27=7955;SEP27=8104.25;JUN27=8026.625;JUN28=8918.5;DEC27=8108.25;MAR28=8197;FEB27=7881.125;APR27=7962.25;MAY27=7967.125;JUL27=8047.375;AUG27=8053.25,NONE,WEIGHTED_ATM,2026-08-14,6,441,0.0,NONE,12064,11562,501,0,0,RTM,MDW;MMW;MRW;MTW,OK,NONE,NONE,2026-08-05
SPX,7165.0,-560225.4254433943,0.9396504947610703,0.0,0.0,0.0,0.0,0.0,0.0,7812.103346347588,7686.596653652413,7874.856692695175,7623.843307304825,SEP26,AUG26,2026-08-06,2026-09-18,7749.35,7599.305665762463,FOUND,WARN,UNKNOWN_SERIES;ESTIMATED_EXPIRY_ALIAS,2026-08-02.2,PUT_CALL_PARITY,AUG26,AUG26=PUT_CALL_PARITY;SEP26=PUT_CALL_PARITY;DEC26=PUT_CALL_PARITY;NOV26=PUT_CALL_PARITY;OCT26=PUT_CALL_PARITY;DEC28=PUT_CALL_PARITY;DEC29=PUT_CALL_PARITY;DEC30=PUT_CALL_PARITY;JAN27=PUT_CALL_PARITY;MAR27=PUT_CALL_PARITY;SEP27=PUT_CALL_PARITY;JUN27=PUT_CALL_PARITY;JUN28=SERIES_FORWARD_CLUSTER;DEC27=PUT_CALL_PARITY;MAR28=PUT_CALL_PARITY;FEB27=PUT_CALL_PARITY;APR27=PUT_CALL_PARITY;MAY27=PUT_CALL_PARITY;JUL27=PUT_CALL_PARITY;AUG27=PUT_CALL_PARITY,AUG26=7749.35;SEP26=7753.15;DEC26=7883.5;NOV26=7810.75;OCT26=7815.375;DEC28=8379.75;DEC29=8684.75;DEC30=7840.337;JAN27=7882.5;MAR27=7955;SEP27=8104.25;JUN27=8026.625;JUN28=8918.5;DEC27=8108.25;MAR28=8197;FEB27=7881.125;APR27=7962.25;MAY27=7967.125;JUL27=8047.375;AUG27=8053.25,NONE,WEIGHTED_ATM,2026-08-14,6,441,0.0,NONE,12064,11562,501,0,0,RTM,MDW;MMW;MRW;MTW,OK,NONE,NONE,2026-08-05
SPX,7170.0,-8818376.62926624,14.769629182334597,0.0,0.0,0.0,0.0,0.0,0.0,7812.103346347588,7686.596653652413,7874.856692695175,7623.843307304825,SEP26,AUG26,2026-08-06,2026-09-18,7749.35,7599.305665762463,FOUND,WARN,UNKNOWN_SERIES;ESTIMATED_EXPIRY_ALIAS,2026-08-02.2,PUT_CALL_PARITY,AUG26,AUG26=PUT_CALL_PARITY;SEP26=PUT_CALL_PARITY;DEC26=PUT_CALL_PARITY;NOV26=PUT_CALL_PARITY;OCT26=PUT_CALL_PARITY;DEC28=PUT_CALL_PARITY;DEC29=PUT_CALL_PARITY;DEC30=PUT_CALL_PARITY;JAN27=PUT_CALL_PARITY;MAR27=PUT_CALL_PARITY;SEP27=PUT_CALL_PARITY;JUN27=PUT_CALL_PARITY;JUN28=SERIES_FORWARD_CLUSTER;DEC27=PUT_CALL_PARITY;MAR28=PUT_CALL_PARITY;FEB27=PUT_CALL_PARITY;APR27=PUT_CALL_PARITY;MAY27=PUT_CALL_PARITY;JUL27=PUT_CALL_PARITY;AUG27=PUT_CALL_PARITY,AUG26=7749.35;SEP26=7753.15;DEC26=7883.5;NOV26=7810.75;OCT26=7815.375;DEC28=8379.75;DEC29=8684.75;DEC30=7840.337;JAN27=7882.5;MAR27=7955;SEP27=8104.25;JUN27=8026.625;JUN28=8918.5;DEC27=8108.25;MAR28=8197;FEB27=7881.125;APR27=7962.25;MAY27=7967.125;JUL27=8047.375;AUG27=8053.25,NONE,WEIGHTED_ATM,2026-08-14,6,441,0.0,NONE,12064,11562,501,0,0,RTM,MDW;MMW;MRW;MTW,OK,NONE,NONE,2026-08-05
SPX,7175.0,-83014550.17105347,145.77652152468025,0.0,0.0,0.0,0.0,0.0,0.0,7812.103346347588,7686.596653652413,7874.856692695175,7623.843307304825,SEP26,AUG26,2026-08-06,2026-09-18,7749.35,7599.305665762463,FOUND,WARN,UNKNOWN_SERIES;ESTIMATED_EXPIRY_ALIAS,2026-08-02.2,PUT_CALL_PARITY,AUG26,AUG26=PUT_CALL_PARITY;SEP26=PUT_CALL_PARITY;DEC26=PUT_CALL_PARITY;NOV26=PUT_CALL_PARITY;OCT26=PUT_CALL_PARITY;DEC28=PUT_CALL_PARITY;DEC29=PUT_CALL_PARITY;DEC30=PUT_CALL_PARITY;JAN27=PUT_CALL_PARITY;MAR27=PUT_CALL_PARITY;SEP27=PUT_CALL_PARITY;JUN27=PUT_CALL_PARITY;JUN28=SERIES_FORWARD_CLUSTER;DEC27=PUT_CALL_PARITY;MAR28=PUT_CALL_PARITY;FEB27=PUT_CALL_PARITY;APR27=PUT_CALL_PARITY;MAY27=PUT_CALL_PARITY;JUL27=PUT_CALL_PARITY;AUG27=PUT_CALL_PARITY,AUG26=7749.35;SEP26=7753.15;DEC26=7883.5;NOV26=7810.75;OCT26=7815.375;DEC28=8379.75;DEC29=8684.75;DEC30=7840.337;JAN27=7882.5;MAR27=7955;SEP27=8104.25;JUN27=8026.625;JUN28=8918.5;DEC27=8108.25;MAR28=8197;FEB27=7881.125;APR27=7962.25;MAY27=7967.125;JUL27=8047.375;AUG27=8053.25,NONE,WEIGHTED_ATM,2026-08-14,6,441,0.0,NONE,12064,11562,501,0,0,RTM,MDW;MMW;MRW;MTW,OK,NONE,NONE,2026-08-05
SPX,7180.0,-4709574.689188369,8.050780185851162,0.0,0.0,0.0,0.0,0.0,0.0,7812.103346347588,7686.596653652413,7874.856692695175,7623.843307304825,SEP26,AUG26,2026-08-06,2026-09-18,7749.35,7599.305665762463,FOUND,WARN,UNKNOWN_SERIES;ESTIMATED_EXPIRY_ALIAS,2026-08-02.2,PUT_CALL_PARITY,AUG26,AUG26=PUT_CALL_PARITY;SEP26=PUT_CALL_PARITY;DEC26=PUT_CALL_PARITY;NOV26=PUT_CALL_PARITY;OCT26=PUT_CALL_PARITY;DEC28=PUT_CALL_PARITY;DEC29=PUT_CALL_PARITY;DEC30=PUT_CALL_PARITY;JAN27=PUT_CALL_PARITY;MAR27=PUT_CALL_PARITY;SEP27=PUT_CALL_PARITY;JUN27=PUT_CALL_PARITY;JUN28=SERIES_FORWARD_CLUSTER;DEC27=PUT_CALL_PARITY;MAR28=PUT_CALL_PARITY;FEB27=PUT_CALL_PARITY;APR27=PUT_CALL_PARITY;MAY27=PUT_CALL_PARITY;JUL27=PUT_CALL_PARITY;AUG27=PUT_CALL_PARITY,AUG26=7749.35;SEP26=7753.15;DEC26=7883.5;NOV26=7810.75;OCT26=7815.375;DEC28=8379.75;DEC29=8684.75;DEC30=7840.337;JAN27=7882.5;MAR27=7955;SEP27=8104.25;JUN27=8026.625;JUN28=8918.5;DEC27=8108.25;MAR28=8197;FEB27=7881.125;APR27=7962.25;MAY27=7967.125;JUL27=8047.375;AUG27=8053.25,NONE,WEIGHTED_ATM,2026-08-14,6,441,0.0,NONE,12064,11562,501,0,0,RTM,MDW;MMW;MRW;MTW,OK,NONE,NONE,2026-08-05
SPX,7185.0,-179825.24987644728,0.29944710577679956,0.0,0.0,0.0,0.0,0.0,0.0,7812.103346347588,7686.596653652413,7874.856692695175,7623.843307304825,SEP26,AUG26,2026-08-06,2026-09-18,7749.35,7599.305665762463,FOUND,WARN,UNKNOWN_SERIES;ESTIMATED_EXPIRY_ALIAS,2026-08-02.2,PUT_CALL_PARITY,AUG26,AUG26=PUT_CALL_PARITY;SEP26=PUT_CALL_PARITY;DEC26=PUT_CALL_PARITY;NOV26=PUT_CALL_PARITY;OCT26=PUT_CALL_PARITY;DEC28=PUT_CALL_PARITY;DEC29=PUT_CALL_PARITY;DEC30=PUT_CALL_PARITY;JAN27=PUT_CALL_PARITY;MAR27=PUT_CALL_PARITY;SEP27=PUT_CALL_PARITY;JUN27=PUT_CALL_PARITY;JUN28=SERIES_FORWARD_CLUSTER;DEC27=PUT_CALL_PARITY;MAR28=PUT_CALL_PARITY;FEB27=PUT_CALL_PARITY;APR27=PUT_CALL_PARITY;MAY27=PUT_CALL_PARITY;JUL27=PUT_CALL_PARITY;AUG27=PUT_CALL_PARITY,AUG26=7749.35;SEP26=7753.15;DEC26=7883.5;NOV26=7810.75;OCT26=7815.375;DEC28=8379.75;DEC29=8684.75;DEC30=7840.337;JAN27=7882.5;MAR27=7955;SEP27=8104.25;JUN27=8026.625;JUN28=8918.5;DEC27=8108.25;MAR28=8197;FEB27=7881.125;APR27=7962.25;MAY27=7967.125;JUL27=8047.375;AUG27=8053.25,NONE,WEIGHTED_ATM,2026-08-14,6,441,0.0,NONE,12064,11562,501,0,0,RTM,MDW;MMW;MRW;MTW,OK,NONE,NONE,2026-08-05
SPX,7190.0,-5843371.642063181,10.491393199494405,0.0,0.0,0.0,0.0,0.0,0.0,7812.103346347588,7686.596653652413,7874.856692695175,7623.843307304825,SEP26,AUG26,2026-08-06,2026-09-18,7749.35,7599.305665762463,FOUND,WARN,UNKNOWN_SERIES;ESTIMATED_EXPIRY_ALIAS,2026-08-02.2,PUT_CALL_PARITY,AUG26,AUG26=PUT_CALL_PARITY;SEP26=PUT_CALL_PARITY;DEC26=PUT_CALL_PARITY;NOV26=PUT_CALL_PARITY;OCT26=PUT_CALL_PARITY;DEC28=PUT_CALL_PARITY;DEC29=PUT_CALL_PARITY;DEC30=PUT_CALL_PARITY;JAN27=PUT_CALL_PARITY;MAR27=PUT_CALL_PARITY;SEP27=PUT_CALL_PARITY;JUN27=PUT_CALL_PARITY;JUN28=SERIES_FORWARD_CLUSTER;DEC27=PUT_CALL_PARITY;MAR28=PUT_CALL_PARITY;FEB27=PUT_CALL_PARITY;APR27=PUT_CALL_PARITY;MAY27=PUT_CALL_PARITY;JUL27=PUT_CALL_PARITY;AUG27=PUT_CALL_PARITY,AUG26=7749.35;SEP26=7753.15;DEC26=7883.5;NOV26=7810.75;OCT26=7815.375;DEC28=8379.75;DEC29=8684.75;DEC30=7840.337;JAN27=7882.5;MAR27=7955;SEP27=8104.25;JUN27=8026.625;JUN28=8918.5;DEC27=8108.25;MAR28=8197;FEB27=7881.125;APR27=7962.25;MAY27=7967.125;JUL27=8047.375;AUG27=8053.25,NONE,WEIGHTED_ATM,2026-08-14,6,441,0.0,NONE,12064,11562,501,0,0,RTM,MDW;MMW;MRW;MTW,OK,NONE,NONE,2026-08-05
SPX,7195.0,-859755.6352376638,1.46499559609311,0.0,0.0,0.0,0.0,0.0,0.0,7812.103346347588,7686.596653652413,7874.856692695175,7623.843307304825,SEP26,AUG26,2026-08-06,2026-09-18,7749.35,7599.305665762463,FOUND,WARN,UNKNOWN_SERIES;ESTIMATED_EXPIRY_ALIAS,2026-08-02.2,PUT_CALL_PARITY,AUG26,AUG26=PUT_CALL_PARITY;SEP26=PUT_CALL_PARITY;DEC26=PUT_CALL_PARITY;NOV26=PUT_CALL_PARITY;OCT26=PUT_CALL_PARITY;DEC28=PUT_CALL_PARITY;DEC29=PUT_CALL_PARITY;DEC30=PUT_CALL_PARITY;JAN27=PUT_CALL_PARITY;MAR27=PUT_CALL_PARITY;SEP27=PUT_CALL_PARITY;JUN27=PUT_CALL_PARITY;JUN28=SERIES_FORWARD_CLUSTER;DEC27=PUT_CALL_PARITY;MAR28=PUT_CALL_PARITY;FEB27=PUT_CALL_PARITY;APR27=PUT_CALL_PARITY;MAY27=PUT_CALL_PARITY;JUL27=PUT_CALL_PARITY;AUG27=PUT_CALL_PARITY,AUG26=7749.35;SEP26=7753.15;DEC26=7883.5;NOV26=7810.75;OCT26=7815.375;DEC28=8379.75;DEC29=8684.75;DEC30=7840.337;JAN27=7882.5;MAR27=7955;SEP27=8104.25;JUN27=8026.625;JUN28=8918.5;DEC27=8108.25;MAR28=8197;FEB27=7881.125;APR27=7962.25;MAY27=7967.125;JUL27=8047.375;AUG27=8053.25,NONE,WEIGHTED_ATM,2026-08-14,6,441,0.0,NONE,12064,11562,501,0,0,RTM,MDW;MMW;MRW;MTW,OK,NONE,NONE,2026-08-05
SPX,7200.0,-383792232.80470985,1195.9296765290258,0.0,0.0,0.0,0.0,0.0,0.0,7812.103346347588,7686.596653652413,7874.856692695175,7623.843307304825,SEP26,AUG26,2026-08-06,2026-09-18,7749.35,7599.305665762463,FOUND,WARN,UNKNOWN_SERIES;ESTIMATED_EXPIRY_ALIAS,2026-08-02.2,PUT_CALL_PARITY,AUG26,AUG26=PUT_CALL_PARITY;SEP26=PUT_CALL_PARITY;DEC26=PUT_CALL_PARITY;NOV26=PUT_CALL_PARITY;OCT26=PUT_CALL_PARITY;DEC28=PUT_CALL_PARITY;DEC29=PUT_CALL_PARITY;DEC30=PUT_CALL_PARITY;JAN27=PUT_CALL_PARITY;MAR27=PUT_CALL_PARITY;SEP27=PUT_CALL_PARITY;JUN27=PUT_CALL_PARITY;JUN28=SERIES_FORWARD_CLUSTER;DEC27=PUT_CALL_PARITY;MAR28=PUT_CALL_PARITY;FEB27=PUT_CALL_PARITY;APR27=PUT_CALL_PARITY;MAY27=PUT_CALL_PARITY;JUL27=PUT_CALL_PARITY;AUG27=PUT_CALL_PARITY,AUG26=7749.35;SEP26=7753.15;DEC26=7883.5;NOV26=7810.75;OCT26=7815.375;DEC28=8379.75;DEC29=8684.75;DEC30=7840.337;JAN27=7882.5;MAR27=7955;SEP27=8104.25;JUN27=8026.625;JUN28=8918.5;DEC27=8108.25;MAR28=8197;FEB27=7881.125;APR27=7962.25;MAY27=7967.125;JUL27=8047.375;AUG27=8053.25,NONE,WEIGHTED_ATM,2026-08-14,6,441,0.0,NONE,12064,11562,501,0,0,RTM,MDW;MMW;MRW;MTW,OK,NONE,NONE,2026-08-05
SPX,7205.0,-502360.2824785729,0.8479990174350819,0.0,0.0,0.0,0.0,0.0,0.0,7812.103346347588,7686.596653652413,7874.856692695175,7623.843307304825,SEP26,AUG26,2026-08-06,2026-09-18,7749.35,7599.305665762463,FOUND,WARN,UNKNOWN_SERIES;ESTIMATED_EXPIRY_ALIAS,2026-08-02.2,PUT_CALL_PARITY,AUG26,AUG26=PUT_CALL_PARITY;SEP26=PUT_CALL_PARITY;DEC26=PUT_CALL_PARITY;NOV26=PUT_CALL_PARITY;OCT26=PUT_CALL_PARITY;DEC28=PUT_CALL_PARITY;DEC29=PUT_CALL_PARITY;DEC30=PUT_CALL_PARITY;JAN27=PUT_CALL_PARITY;MAR27=PUT_CALL_PARITY;SEP27=PUT_CALL_PARITY;JUN27=PUT_CALL_PARITY;JUN28=SERIES_FORWARD_CLUSTER;DEC27=PUT_CALL_PARITY;MAR28=PUT_CALL_PARITY;FEB27=PUT_CALL_PARITY;APR27=PUT_CALL_PARITY;MAY27=PUT_CALL_PARITY;JUL27=PUT_CALL_PARITY;AUG27=PUT_CALL_PARITY,AUG26=7749.35;SEP26=7753.15;DEC26=7883.5;NOV26=7810.75;OCT26=7815.375;DEC28=8379.75;DEC29=8684.75;DEC30=7840.337;JAN27=7882.5;MAR27=7955;SEP27=8104.25;JUN27=8026.625;JUN28=8918.5;DEC27=8108.25;MAR28=8197;FEB27=7881.125;APR27=7962.25;MAY27=7967.125;JUL27=8047.375;AUG27=8053.25,NONE,WEIGHTED_ATM,2026-08-14,6,441,0.0,NONE,12064,11562,501,0,0,RTM,MDW;MMW;MRW;MTW,OK,NONE,NONE,2026-08-05
SPX,7210.0,-11903574.155679598,19.98645865982966,0.0,0.0,0.0,0.0,0.0,0.0,7812.103346347588,7686.596653652413,7874.856692695175,7623.843307304825,SEP26,AUG26,2026-08-06,2026-09-18,7749.35,7599.305665762463,FOUND,WARN,UNKNOWN_SERIES;ESTIMATED_EXPIRY_ALIAS,2026-08-02.2,PUT_CALL_PARITY,AUG26,AUG26=PUT_CALL_PARITY;SEP26=PUT_CALL_PARITY;DEC26=PUT_CALL_PARITY;NOV26=PUT_CALL_PARITY;OCT26=PUT_CALL_PARITY;DEC28=PUT_CALL_PARITY;DEC29=PUT_CALL_PARITY;DEC30=PUT_CALL_PARITY;JAN27=PUT_CALL_PARITY;MAR27=PUT_CALL_PARITY;SEP27=PUT_CALL_PARITY;JUN27=PUT_CALL_PARITY;JUN28=SERIES_FORWARD_CLUSTER;DEC27=PUT_CALL_PARITY;MAR28=PUT_CALL_PARITY;FEB27=PUT_CALL_PARITY;APR27=PUT_CALL_PARITY;MAY27=PUT_CALL_PARITY;JUL27=PUT_CALL_PARITY;AUG27=PUT_CALL_PARITY,AUG26=7749.35;SEP26=7753.15;DEC26=7883.5;NOV26=7810.75;OCT26=7815.375;DEC28=8379.75;DEC29=8684.75;DEC30=7840.337;JAN27=7882.5;MAR27=7955;SEP27=8104.25;JUN27=8026.625;JUN28=8918.5;DEC27=8108.25;MAR28=8197;FEB27=7881.125;APR27=7962.25;MAY27=7967.125;JUL27=8047.375;AUG27=8053.25,NONE,WEIGHTED_ATM,2026-08-14,6,441,0.0,NONE,12064,11562,501,0,0,RTM,MDW;MMW;MRW;MTW,OK,NONE,NONE,2026-08-05
SPX,7215.0,-1116659.1965738887,1.8634194716197372,0.0,0.0,0.0,0.0,0.0,0.0,7812.103346347588,7686.596653652413,7874.856692695175,7623.843307304825,SEP26,AUG26,2026-08-06,2026-09-18,7749.35,7599.305665762463,FOUND,WARN,UNKNOWN_SERIES;ESTIMATED_EXPIRY_ALIAS,2026-08-02.2,PUT_CALL_PARITY,AUG26,AUG26=PUT_CALL_PARITY;SEP26=PUT_CALL_PARITY;DEC26=PUT_CALL_PARITY;NOV26=PUT_CALL_PARITY;OCT26=PUT_CALL_PARITY;DEC28=PUT_CALL_PARITY;DEC29=PUT_CALL_PARITY;DEC30=PUT_CALL_PARITY;JAN27=PUT_CALL_PARITY;MAR27=PUT_CALL_PARITY;SEP27=PUT_CALL_PARITY;JUN27=PUT_CALL_PARITY;JUN28=SERIES_FORWARD_CLUSTER;DEC27=PUT_CALL_PARITY;MAR28=PUT_CALL_PARITY;FEB27=PUT_CALL_PARITY;APR27=PUT_CALL_PARITY;MAY27=PUT_CALL_PARITY;JUL27=PUT_CALL_PARITY;AUG27=PUT_CALL_PARITY,AUG26=7749.35;SEP26=7753.15;DEC26=7883.5;NOV26=7810.75;OCT26=7815.375;DEC28=8379.75;DEC29=8684.75;DEC30=7840.337;JAN27=7882.5;MAR27=7955;SEP27=8104.25;JUN27=8026.625;JUN28=8918.5;DEC27=8108.25;MAR28=8197;FEB27=7881.125;APR27=7962.25;MAY27=7967.125;JUL27=8047.375;AUG27=8053.25,NONE,WEIGHTED_ATM,2026-08-14,6,441,0.0,NONE,12064,11562,501,0,0,RTM,MDW;MMW;MRW;MTW,OK,NONE,NONE,2026-08-05
SPX,7220.0,-5301641.559415684,8.859987290819147,0.0,0.0,0.0,0.0,0.0,0.0,7812.103346347588,7686.596653652413,7874.856692695175,7623.843307304825,SEP26,AUG26,2026-08-06,2026-09-18,7749.35,7599.305665762463,FOUND,WARN,UNKNOWN_SERIES;ESTIMATED_EXPIRY_ALIAS,2026-08-02.2,PUT_CALL_PARITY,AUG26,AUG26=PUT_CALL_PARITY;SEP26=PUT_CALL_PARITY;DEC26=PUT_CALL_PARITY;NOV26=PUT_CALL_PARITY;OCT26=PUT_CALL_PARITY;DEC28=PUT_CALL_PARITY;DEC29=PUT_CALL_PARITY;DEC30=PUT_CALL_PARITY;JAN27=PUT_CALL_PARITY;MAR27=PUT_CALL_PARITY;SEP27=PUT_CALL_PARITY;JUN27=PUT_CALL_PARITY;JUN28=SERIES_FORWARD_CLUSTER;DEC27=PUT_CALL_PARITY;MAR28=PUT_CALL_PARITY;FEB27=PUT_CALL_PARITY;APR27=PUT_CALL_PARITY;MAY27=PUT_CALL_PARITY;JUL27=PUT_CALL_PARITY;AUG27=PUT_CALL_PARITY,AUG26=7749.35;SEP26=7753.15;DEC26=7883.5;NOV26=7810.75;OCT26=7815.375;DEC28=8379.75;DEC29=8684.75;DEC30=7840.337;JAN27=7882.5;MAR27=7955;SEP27=8104.25;JUN27=8026.625;JUN28=8918.5;DEC27=8108.25;MAR28=8197;FEB27=7881.125;APR27=7962.25;MAY27=7967.125;JUL27=8047.375;AUG27=8053.25,NONE,WEIGHTED_ATM,2026-08-14,6,441,0.0,NONE,12064,11562,501,0,0,RTM,MDW;MMW;MRW;MTW,OK,NONE,NONE,2026-08-05
SPX,7225.0,-49655336.325256385,94.25658839625898,0.0,0.0,0.0,0.0,0.0,0.0,7812.103346347588,7686.596653652413,7874.856692695175,7623.843307304825,SEP26,AUG26,2026-08-06,2026-09-18,7749.35,7599.305665762463,FOUND,WARN,UNKNOWN_SERIES;ESTIMATED_EXPIRY_ALIAS,2026-08-02.2,PUT_CALL_PARITY,AUG26,AUG26=PUT_CALL_PARITY;SEP26=PUT_CALL_PARITY;DEC26=PUT_CALL_PARITY;NOV26=PUT_CALL_PARITY;OCT26=PUT_CALL_PARITY;DEC28=PUT_CALL_PARITY;DEC29=PUT_CALL_PARITY;DEC30=PUT_CALL_PARITY;JAN27=PUT_CALL_PARITY;MAR27=PUT_CALL_PARITY;SEP27=PUT_CALL_PARITY;JUN27=PUT_CALL_PARITY;JUN28=SERIES_FORWARD_CLUSTER;DEC27=PUT_CALL_PARITY;MAR28=PUT_CALL_PARITY;FEB27=PUT_CALL_PARITY;APR27=PUT_CALL_PARITY;MAY27=PUT_CALL_PARITY;JUL27=PUT_CALL_PARITY;AUG27=PUT_CALL_PARITY,AUG26=7749.35;SEP26=7753.15;DEC26=7883.5;NOV26=7810.75;OCT26=7815.375;DEC28=8379.75;DEC29=8684.75;DEC30=7840.337;JAN27=7882.5;MAR27=7955;SEP27=8104.25;JUN27=8026.625;JUN28=8918.5;DEC27=8108.25;MAR28=8197;FEB27=7881.125;APR27=7962.25;MAY27=7967.125;JUL27=8047.375;AUG27=8053.25,NONE,WEIGHTED_ATM,2026-08-14,6,441,0.0,NONE,12064,11562,501,0,0,RTM,MDW;MMW;MRW;MTW,OK,NONE,NONE,2026-08-05
SPX,7230.0,-5355223.736072334,8.973304804653269,0.0,0.0,0.0,0.0,0.0,0.0,7812.103346347588,7686.596653652413,7874.856692695175,7623.843307304825,SEP26,AUG26,2026-08-06,2026-09-18,7749.35,7599.305665762463,FOUND,WARN,UNKNOWN_SERIES;ESTIMATED_EXPIRY_ALIAS,2026-08-02.2,PUT_CALL_PARITY,AUG26,AUG26=PUT_CALL_PARITY;SEP26=PUT_CALL_PARITY;DEC26=PUT_CALL_PARITY;NOV26=PUT_CALL_PARITY;OCT26=PUT_CALL_PARITY;DEC28=PUT_CALL_PARITY;DEC29=PUT_CALL_PARITY;DEC30=PUT_CALL_PARITY;JAN27=PUT_CALL_PARITY;MAR27=PUT_CALL_PARITY;SEP27=PUT_CALL_PARITY;JUN27=PUT_CALL_PARITY;JUN28=SERIES_FORWARD_CLUSTER;DEC27=PUT_CALL_PARITY;MAR28=PUT_CALL_PARITY;FEB27=PUT_CALL_PARITY;APR27=PUT_CALL_PARITY;MAY27=PUT_CALL_PARITY;JUL27=PUT_CALL_PARITY;AUG27=PUT_CALL_PARITY,AUG26=7749.35;SEP26=7753.15;DEC26=7883.5;NOV26=7810.75;OCT26=7815.375;DEC28=8379.75;DEC29=8684.75;DEC30=7840.337;JAN27=7882.5;MAR27=7955;SEP27=8104.25;JUN27=8026.625;JUN28=8918.5;DEC27=8108.25;MAR28=8197;FEB27=7881.125;APR27=7962.25;MAY27=7967.125;JUL27=8047.375;AUG27=8053.25,NONE,WEIGHTED_ATM,2026-08-14,6,441,0.0,NONE,12064,11562,501,0,0,RTM,MDW;MMW;MRW;MTW,OK,NONE,NONE,2026-08-05
SPX,7235.0,-1252845.8691238156,2.086253569792384,0.0,0.0,0.0,0.0,0.0,0.0,7812.103346347588,7686.596653652413,7874.856692695175,7623.843307304825,SEP26,AUG26,2026-08-06,2026-09-18,7749.35,7599.305665762463,FOUND,WARN,UNKNOWN_SERIES;ESTIMATED_EXPIRY_ALIAS,2026-08-02.2,PUT_CALL_PARITY,AUG26,AUG26=PUT_CALL_PARITY;SEP26=PUT_CALL_PARITY;DEC26=PUT_CALL_PARITY;NOV26=PUT_CALL_PARITY;OCT26=PUT_CALL_PARITY;DEC28=PUT_CALL_PARITY;DEC29=PUT_CALL_PARITY;DEC30=PUT_CALL_PARITY;JAN27=PUT_CALL_PARITY;MAR27=PUT_CALL_PARITY;SEP27=PUT_CALL_PARITY;JUN27=PUT_CALL_PARITY;JUN28=SERIES_FORWARD_CLUSTER;DEC27=PUT_CALL_PARITY;MAR28=PUT_CALL_PARITY;FEB27=PUT_CALL_PARITY;APR27=PUT_CALL_PARITY;MAY27=PUT_CALL_PARITY;JUL27=PUT_CALL_PARITY;AUG27=PUT_CALL_PARITY,AUG26=7749.35;SEP26=7753.15;DEC26=7883.5;NOV26=7810.75;OCT26=7815.375;DEC28=8379.75;DEC29=8684.75;DEC30=7840.337;JAN27=7882.5;MAR27=7955;SEP27=8104.25;JUN27=8026.625;JUN28=8918.5;DEC27=8108.25;MAR28=8197;FEB27=7881.125;APR27=7962.25;MAY27=7967.125;JUL27=8047.375;AUG27=8053.25,NONE,WEIGHTED_ATM,2026-08-14,6,441,0.0,NONE,12064,11562,501,0,0,RTM,MDW;MMW;MRW;MTW,OK,NONE,NONE,2026-08-05
SPX,7240.0,-6533545.038068293,11.044041960760437,0.0,0.0,0.0,0.0,0.0,0.0,7812.103346347588,7686.596653652413,7874.856692695175,7623.843307304825,SEP26,AUG26,2026-08-06,2026-09-18,7749.35,7599.305665762463,FOUND,WARN,UNKNOWN_SERIES;ESTIMATED_EXPIRY_ALIAS,2026-08-02.2,PUT_CALL_PARITY,AUG26,AUG26=PUT_CALL_PARITY;SEP26=PUT_CALL_PARITY;DEC26=PUT_CALL_PARITY;NOV26=PUT_CALL_PARITY;OCT26=PUT_CALL_PARITY;DEC28=PUT_CALL_PARITY;DEC29=PUT_CALL_PARITY;DEC30=PUT_CALL_PARITY;JAN27=PUT_CALL_PARITY;MAR27=PUT_CALL_PARITY;SEP27=PUT_CALL_PARITY;JUN27=PUT_CALL_PARITY;JUN28=SERIES_FORWARD_CLUSTER;DEC27=PUT_CALL_PARITY;MAR28=PUT_CALL_PARITY;FEB27=PUT_CALL_PARITY;APR27=PUT_CALL_PARITY;MAY27=PUT_CALL_PARITY;JUL27=PUT_CALL_PARITY;AUG27=PUT_CALL_PARITY,AUG26=7749.35;SEP26=7753.15;DEC26=7883.5;NOV26=7810.75;OCT26=7815.375;DEC28=8379.75;DEC29=8684.75;DEC30=7840.337;JAN27=7882.5;MAR27=7955;SEP27=8104.25;JUN27=8026.625;JUN28=8918.5;DEC27=8108.25;MAR28=8197;FEB27=7881.125;APR27=7962.25;MAY27=7967.125;JUL27=8047.375;AUG27=8053.25,NONE,WEIGHTED_ATM,2026-08-14,6,441,0.0,NONE,12064,11562,501,0,0,RTM,MDW;MMW;MRW;MTW,OK,NONE,NONE,2026-08-05
SPX,7245.0,-364987.3130738019,0.6121404514639349,0.0,0.0,0.0,0.0,0.0,0.0,7812.103346347588,7686.596653652413,7874.856692695175,7623.843307304825,SEP26,AUG26,2026-08-06,2026-09-18,7749.35,7599.305665762463,FOUND,WARN,UNKNOWN_SERIES;ESTIMATED_EXPIRY_ALIAS,2026-08-02.2,PUT_CALL_PARITY,AUG26,AUG26=PUT_CALL_PARITY;SEP26=PUT_CALL_PARITY;DEC26=PUT_CALL_PARITY;NOV26=PUT_CALL_PARITY;OCT26=PUT_CALL_PARITY;DEC28=PUT_CALL_PARITY;DEC29=PUT_CALL_PARITY;DEC30=PUT_CALL_PARITY;JAN27=PUT_CALL_PARITY;MAR27=PUT_CALL_PARITY;SEP27=PUT_CALL_PARITY;JUN27=PUT_CALL_PARITY;JUN28=SERIES_FORWARD_CLUSTER;DEC27=PUT_CALL_PARITY;MAR28=PUT_CALL_PARITY;FEB27=PUT_CALL_PARITY;APR27=PUT_CALL_PARITY;MAY27=PUT_CALL_PARITY;JUL27=PUT_CALL_PARITY;AUG27=PUT_CALL_PARITY,AUG26=7749.35;SEP26=7753.15;DEC26=7883.5;NOV26=7810.75;OCT26=7815.375;DEC28=8379.75;DEC29=8684.75;DEC30=7840.337;JAN27=7882.5;MAR27=7955;SEP27=8104.25;JUN27=8026.625;JUN28=8918.5;DEC27=8108.25;MAR28=8197;FEB27=7881.125;APR27=7962.25;MAY27=7967.125;JUL27=8047.375;AUG27=8053.25,NONE,WEIGHTED_ATM,2026-08-14,6,441,0.0,NONE,12064,11562,501,0,0,RTM,MDW;MMW;MRW;MTW,OK,NONE,NONE,2026-08-05
SPX,7250.0,-376151165.9059719,902.0697599088404,0.0,0.0,0.0,0.0,0.0,0.0,7812.103346347588,7686.596653652413,7874.856692695175,7623.843307304825,SEP26,AUG26,2026-08-06,2026-09-18,7749.35,7599.305665762463,FOUND,WARN,UNKNOWN_SERIES;ESTIMATED_EXPIRY_ALIAS,2026-08-02.2,PUT_CALL_PARITY,AUG26,AUG26=PUT_CALL_PARITY;SEP26=PUT_CALL_PARITY;DEC26=PUT_CALL_PARITY;NOV26=PUT_CALL_PARITY;OCT26=PUT_CALL_PARITY;DEC28=PUT_CALL_PARITY;DEC29=PUT_CALL_PARITY;DEC30=PUT_CALL_PARITY;JAN27=PUT_CALL_PARITY;MAR27=PUT_CALL_PARITY;SEP27=PUT_CALL_PARITY;JUN27=PUT_CALL_PARITY;JUN28=SERIES_FORWARD_CLUSTER;DEC27=PUT_CALL_PARITY;MAR28=PUT_CALL_PARITY;FEB27=PUT_CALL_PARITY;APR27=PUT_CALL_PARITY;MAY27=PUT_CALL_PARITY;JUL27=PUT_CALL_PARITY;AUG27=PUT_CALL_PARITY,AUG26=7749.35;SEP26=7753.15;DEC26=7883.5;NOV26=7810.75;OCT26=7815.375;DEC28=8379.75;DEC29=8684.75;DEC30=7840.337;JAN27=7882.5;MAR27=7955;SEP27=8104.25;JUN27=8026.625;JUN28=8918.5;DEC27=8108.25;MAR28=8197;FEB27=7881.125;APR27=7962.25;MAY27=7967.125;JUL27=8047.375;AUG27=8053.25,NONE,WEIGHTED_ATM,2026-08-14,6,441,0.0,NONE,12064,11562,501,0,0,RTM,MDW;MMW;MRW;MTW,OK,NONE,NONE,2026-08-05
SPX,7255.0,-333828.74970559066,0.5694321582115635,0.0,0.0,0.0,0.0,0.0,0.0,7812.103346347588,7686.596653652413,7874.856692695175,7623.843307304825,SEP26,AUG26,2026-08-06,2026-09-18,7749.35,7599.305665762463,FOUND,WARN,UNKNOWN_SERIES;ESTIMATED_EXPIRY_ALIAS,2026-08-02.2,PUT_CALL_PARITY,AUG26,AUG26=PUT_CALL_PARITY;SEP26=PUT_CALL_PARITY;DEC26=PUT_CALL_PARITY;NOV26=PUT_CALL_PARITY;OCT26=PUT_CALL_PARITY;DEC28=PUT_CALL_PARITY;DEC29=PUT_CALL_PARITY;DEC30=PUT_CALL_PARITY;JAN27=PUT_CALL_PARITY;MAR27=PUT_CALL_PARITY;SEP27=PUT_CALL_PARITY;JUN27=PUT_CALL_PARITY;JUN28=SERIES_FORWARD_CLUSTER;DEC27=PUT_CALL_PARITY;MAR28=PUT_CALL_PARITY;FEB27=PUT_CALL_PARITY;APR27=PUT_CALL_PARITY;MAY27=PUT_CALL_PARITY;JUL27=PUT_CALL_PARITY;AUG27=PUT_CALL_PARITY,AUG26=7749.35;SEP26=7753.15;DEC26=7883.5;NOV26=7810.75;OCT26=7815.375;DEC28=8379.75;DEC29=8684.75;DEC30=7840.337;JAN27=7882.5;MAR27=7955;SEP27=8104.25;JUN27=8026.625;JUN28=8918.5;DEC27=8108.25;MAR28=8197;FEB27=7881.125;APR27=7962.25;MAY27=7967.125;JUL27=8047.375;AUG27=8053.25,NONE,WEIGHTED_ATM,2026-08-14,6,441,0.0,NONE,12064,11562,501,0,0,RTM,MDW;MMW;MRW;MTW,OK,NONE,NONE,2026-08-05
SPX,7260.0,-8201772.429236625,13.996892654186048,0.0,0.0,0.0,0.0,0.0,0.0,7812.103346347588,7686.596653652413,7874.856692695175,7623.843307304825,SEP26,AUG26,2026-08-06,2026-09-18,7749.35,7599.305665762463,FOUND,WARN,UNKNOWN_SERIES;ESTIMATED_EXPIRY_ALIAS,2026-08-02.2,PUT_CALL_PARITY,AUG26,AUG26=PUT_CALL_PARITY;SEP26=PUT_CALL_PARITY;DEC26=PUT_CALL_PARITY;NOV26=PUT_CALL_PARITY;OCT26=PUT_CALL_PARITY;DEC28=PUT_CALL_PARITY;DEC29=PUT_CALL_PARITY;DEC30=PUT_CALL_PARITY;JAN27=PUT_CALL_PARITY;MAR27=PUT_CALL_PARITY;SEP27=PUT_CALL_PARITY;JUN27=PUT_CALL_PARITY;JUN28=SERIES_FORWARD_CLUSTER;DEC27=PUT_CALL_PARITY;MAR28=PUT_CALL_PARITY;FEB27=PUT_CALL_PARITY;APR27=PUT_CALL_PARITY;MAY27=PUT_CALL_PARITY;JUL27=PUT_CALL_PARITY;AUG27=PUT_CALL_PARITY,AUG26=7749.35;SEP26=7753.15;DEC26=7883.5;NOV26=7810.75;OCT26=7815.375;DEC28=8379.75;DEC29=8684.75;DEC30=7840.337;JAN27=7882.5;MAR27=7955;SEP27=8104.25;JUN27=8026.625;JUN28=8918.5;DEC27=8108.25;MAR28=8197;FEB27=7881.125;APR27=7962.25;MAY27=7967.125;JUL27=8047.375;AUG27=8053.25,NONE,WEIGHTED_ATM,2026-08-14,6,441,0.0,NONE,12064,11562,501,0,0,RTM,MDW;MMW;MRW;MTW,OK,NONE,NONE,2026-08-05
SPX,7265.0,-184678.70474752813,0.34024381172255275,0.0,0.0,0.0,0.0,0.0,0.0,7812.103346347588,7686.596653652413,7874.856692695175,7623.843307304825,SEP26,AUG26,2026-08-06,2026-09-18,7749.35,7599.305665762463,FOUND,WARN,UNKNOWN_SERIES;ESTIMATED_EXPIRY_ALIAS,2026-08-02.2,PUT_CALL_PARITY,AUG26,AUG26=PUT_CALL_PARITY;SEP26=PUT_CALL_PARITY;DEC26=PUT_CALL_PARITY;NOV26=PUT_CALL_PARITY;OCT26=PUT_CALL_PARITY;DEC28=PUT_CALL_PARITY;DEC29=PUT_CALL_PARITY;DEC30=PUT_CALL_PARITY;JAN27=PUT_CALL_PARITY;MAR27=PUT_CALL_PARITY;SEP27=PUT_CALL_PARITY;JUN27=PUT_CALL_PARITY;JUN28=SERIES_FORWARD_CLUSTER;DEC27=PUT_CALL_PARITY;MAR28=PUT_CALL_PARITY;FEB27=PUT_CALL_PARITY;APR27=PUT_CALL_PARITY;MAY27=PUT_CALL_PARITY;JUL27=PUT_CALL_PARITY;AUG27=PUT_CALL_PARITY,AUG26=7749.35;SEP26=7753.15;DEC26=7883.5;NOV26=7810.75;OCT26=7815.375;DEC28=8379.75;DEC29=8684.75;DEC30=7840.337;JAN27=7882.5;MAR27=7955;SEP27=8104.25;JUN27=8026.625;JUN28=8918.5;DEC27=8108.25;MAR28=8197;FEB27=7881.125;APR27=7962.25;MAY27=7967.125;JUL27=8047.375;AUG27=8053.25,NONE,WEIGHTED_ATM,2026-08-14,6,441,0.0,NONE,12064,11562,501,0,0,RTM,MDW;MMW;MRW;MTW,OK,NONE,NONE,2026-08-05
SPX,7270.0,-8710115.676014172,14.772901801601362,0.0,0.0,0.0,0.0,0.0,0.0,7812.103346347588,7686.596653652413,7874.856692695175,7623.843307304825,SEP26,AUG26,2026-08-06,2026-09-18,7749.35,7599.305665762463,FOUND,WARN,UNKNOWN_SERIES;ESTIMATED_EXPIRY_ALIAS,2026-08-02.2,PUT_CALL_PARITY,AUG26,AUG26=PUT_CALL_PARITY;SEP26=PUT_CALL_PARITY;DEC26=PUT_CALL_PARITY;NOV26=PUT_CALL_PARITY;OCT26=PUT_CALL_PARITY;DEC28=PUT_CALL_PARITY;DEC29=PUT_CALL_PARITY;DEC30=PUT_CALL_PARITY;JAN27=PUT_CALL_PARITY;MAR27=PUT_CALL_PARITY;SEP27=PUT_CALL_PARITY;JUN27=PUT_CALL_PARITY;JUN28=SERIES_FORWARD_CLUSTER;DEC27=PUT_CALL_PARITY;MAR28=PUT_CALL_PARITY;FEB27=PUT_CALL_PARITY;APR27=PUT_CALL_PARITY;MAY27=PUT_CALL_PARITY;JUL27=PUT_CALL_PARITY;AUG27=PUT_CALL_PARITY,AUG26=7749.35;SEP26=7753.15;DEC26=7883.5;NOV26=7810.75;OCT26=7815.375;DEC28=8379.75;DEC29=8684.75;DEC30=7840.337;JAN27=7882.5;MAR27=7955;SEP27=8104.25;JUN27=8026.625;JUN28=8918.5;DEC27=8108.25;MAR28=8197;FEB27=7881.125;APR27=7962.25;MAY27=7967.125;JUL27=8047.375;AUG27=8053.25,NONE,WEIGHTED_ATM,2026-08-14,6,441,0.0,NONE,12064,11562,501,0,0,RTM,MDW;MMW;MRW;MTW,OK,NONE,NONE,2026-08-05
SPX,7275.0,-95659745.65372351,185.96992663882784,0.0,0.0,0.0,0.0,0.0,0.0,7812.103346347588,7686.596653652413,7874.856692695175,7623.843307304825,SEP26,AUG26,2026-08-06,2026-09-18,7749.35,7599.305665762463,FOUND,WARN,UNKNOWN_SERIES;ESTIMATED_EXPIRY_ALIAS,2026-08-02.2,PUT_CALL_PARITY,AUG26,AUG26=PUT_CALL_PARITY;SEP26=PUT_CALL_PARITY;DEC26=PUT_CALL_PARITY;NOV26=PUT_CALL_PARITY;OCT26=PUT_CALL_PARITY;DEC28=PUT_CALL_PARITY;DEC29=PUT_CALL_PARITY;DEC30=PUT_CALL_PARITY;JAN27=PUT_CALL_PARITY;MAR27=PUT_CALL_PARITY;SEP27=PUT_CALL_PARITY;JUN27=PUT_CALL_PARITY;JUN28=SERIES_FORWARD_CLUSTER;DEC27=PUT_CALL_PARITY;MAR28=PUT_CALL_PARITY;FEB27=PUT_CALL_PARITY;APR27=PUT_CALL_PARITY;MAY27=PUT_CALL_PARITY;JUL27=PUT_CALL_PARITY;AUG27=PUT_CALL_PARITY,AUG26=7749.35;SEP26=7753.15;DEC26=7883.5;NOV26=7810.75;OCT26=7815.375;DEC28=8379.75;DEC29=8684.75;DEC30=7840.337;JAN27=7882.5;MAR27=7955;SEP27=8104.25;JUN27=8026.625;JUN28=8918.5;DEC27=8108.25;MAR28=8197;FEB27=7881.125;APR27=7962.25;MAY27=7967.125;JUL27=8047.375;AUG27=8053.25,NONE,WEIGHTED_ATM,2026-08-14,6,441,0.0,NONE,12064,11562,501,0,0,RTM,MDW;MMW;MRW;MTW,OK,NONE,NONE,2026-08-05
SPX,7280.0,-8688596.660307677,14.79768227926718,0.0,0.0,0.0,0.0,0.0,0.0,7812.103346347588,7686.596653652413,7874.856692695175,7623.843307304825,SEP26,AUG26,2026-08-06,2026-09-18,7749.35,7599.305665762463,FOUND,WARN,UNKNOWN_SERIES;ESTIMATED_EXPIRY_ALIAS,2026-08-02.2,PUT_CALL_PARITY,AUG26,AUG26=PUT_CALL_PARITY;SEP26=PUT_CALL_PARITY;DEC26=PUT_CALL_PARITY;NOV26=PUT_CALL_PARITY;OCT26=PUT_CALL_PARITY;DEC28=PUT_CALL_PARITY;DEC29=PUT_CALL_PARITY;DEC30=PUT_CALL_PARITY;JAN27=PUT_CALL_PARITY;MAR27=PUT_CALL_PARITY;SEP27=PUT_CALL_PARITY;JUN27=PUT_CALL_PARITY;JUN28=SERIES_FORWARD_CLUSTER;DEC27=PUT_CALL_PARITY;MAR28=PUT_CALL_PARITY;FEB27=PUT_CALL_PARITY;APR27=PUT_CALL_PARITY;MAY27=PUT_CALL_PARITY;JUL27=PUT_CALL_PARITY;AUG27=PUT_CALL_PARITY,AUG26=7749.35;SEP26=7753.15;DEC26=7883.5;NOV26=7810.75;OCT26=7815.375;DEC28=8379.75;DEC29=8684.75;DEC30=7840.337;JAN27=7882.5;MAR27=7955;SEP27=8104.25;JUN27=8026.625;JUN28=8918.5;DEC27=8108.25;MAR28=8197;FEB27=7881.125;APR27=7962.25;MAY27=7967.125;JUL27=8047.375;AUG27=8053.25,NONE,WEIGHTED_ATM,2026-08-14,6,441,0.0,NONE,12064,11562,501,0,0,RTM,MDW;MMW;MRW;MTW,OK,NONE,NONE,2026-08-05
SPX,7285.0,-698983.0055399747,1.1983384109197197,0.0,0.0,0.0,0.0,0.0,0.0,7812.103346347588,7686.596653652413,7874.856692695175,7623.843307304825,SEP26,AUG26,2026-08-06,2026-09-18,7749.35,7599.305665762463,FOUND,WARN,UNKNOWN_SERIES;ESTIMATED_EXPIRY_ALIAS,2026-08-02.2,PUT_CALL_PARITY,AUG26,AUG26=PUT_CALL_PARITY;SEP26=PUT_CALL_PARITY;DEC26=PUT_CALL_PARITY;NOV26=PUT_CALL_PARITY;OCT26=PUT_CALL_PARITY;DEC28=PUT_CALL_PARITY;DEC29=PUT_CALL_PARITY;DEC30=PUT_CALL_PARITY;JAN27=PUT_CALL_PARITY;MAR27=PUT_CALL_PARITY;SEP27=PUT_CALL_PARITY;JUN27=PUT_CALL_PARITY;JUN28=SERIES_FORWARD_CLUSTER;DEC27=PUT_CALL_PARITY;MAR28=PUT_CALL_PARITY;FEB27=PUT_CALL_PARITY;APR27=PUT_CALL_PARITY;MAY27=PUT_CALL_PARITY;JUL27=PUT_CALL_PARITY;AUG27=PUT_CALL_PARITY,AUG26=7749.35;SEP26=7753.15;DEC26=7883.5;NOV26=7810.75;OCT26=7815.375;DEC28=8379.75;DEC29=8684.75;DEC30=7840.337;JAN27=7882.5;MAR27=7955;SEP27=8104.25;JUN27=8026.625;JUN28=8918.5;DEC27=8108.25;MAR28=8197;FEB27=7881.125;APR27=7962.25;MAY27=7967.125;JUL27=8047.375;AUG27=8053.25,NONE,WEIGHTED_ATM,2026-08-14,6,441,0.0,NONE,12064,11562,501,0,0,RTM,MDW;MMW;MRW;MTW,OK,NONE,NONE,2026-08-05
SPX,7290.0,-11657176.767718,19.73227404947442,0.0,0.0,0.0,0.0,0.0,0.0,7812.103346347588,7686.596653652413,7874.856692695175,7623.843307304825,SEP26,AUG26,2026-08-06,2026-09-18,7749.35,7599.305665762463,FOUND,WARN,UNKNOWN_SERIES;ESTIMATED_EXPIRY_ALIAS,2026-08-02.2,PUT_CALL_PARITY,AUG26,AUG26=PUT_CALL_PARITY;SEP26=PUT_CALL_PARITY;DEC26=PUT_CALL_PARITY;NOV26=PUT_CALL_PARITY;OCT26=PUT_CALL_PARITY;DEC28=PUT_CALL_PARITY;DEC29=PUT_CALL_PARITY;DEC30=PUT_CALL_PARITY;JAN27=PUT_CALL_PARITY;MAR27=PUT_CALL_PARITY;SEP27=PUT_CALL_PARITY;JUN27=PUT_CALL_PARITY;JUN28=SERIES_FORWARD_CLUSTER;DEC27=PUT_CALL_PARITY;MAR28=PUT_CALL_PARITY;FEB27=PUT_CALL_PARITY;APR27=PUT_CALL_PARITY;MAY27=PUT_CALL_PARITY;JUL27=PUT_CALL_PARITY;AUG27=PUT_CALL_PARITY,AUG26=7749.35;SEP26=7753.15;DEC26=7883.5;NOV26=7810.75;OCT26=7815.375;DEC28=8379.75;DEC29=8684.75;DEC30=7840.337;JAN27=7882.5;MAR27=7955;SEP27=8104.25;JUN27=8026.625;JUN28=8918.5;DEC27=8108.25;MAR28=8197;FEB27=7881.125;APR27=7962.25;MAY27=7967.125;JUL27=8047.375;AUG27=8053.25,NONE,WEIGHTED_ATM,2026-08-14,6,441,0.0,NONE,12064,11562,501,0,0,RTM,MDW;MMW;MRW;MTW,OK,NONE,NONE,2026-08-05
SPX,7295.0,-776065.2747749795,1.302742583851292,0.0,0.0,0.0,0.0,0.0,0.0,7812.103346347588,7686.596653652413,7874.856692695175,7623.843307304825,SEP26,AUG26,2026-08-06,2026-09-18,7749.35,7599.305665762463,FOUND,WARN,UNKNOWN_SERIES;ESTIMATED_EXPIRY_ALIAS,2026-08-02.2,PUT_CALL_PARITY,AUG26,AUG26=PUT_CALL_PARITY;SEP26=PUT_CALL_PARITY;DEC26=PUT_CALL_PARITY;NOV26=PUT_CALL_PARITY;OCT26=PUT_CALL_PARITY;DEC28=PUT_CALL_PARITY;DEC29=PUT_CALL_PARITY;DEC30=PUT_CALL_PARITY;JAN27=PUT_CALL_PARITY;MAR27=PUT_CALL_PARITY;SEP27=PUT_CALL_PARITY;JUN27=PUT_CALL_PARITY;JUN28=SERIES_FORWARD_CLUSTER;DEC27=PUT_CALL_PARITY;MAR28=PUT_CALL_PARITY;FEB27=PUT_CALL_PARITY;APR27=PUT_CALL_PARITY;MAY27=PUT_CALL_PARITY;JUL27=PUT_CALL_PARITY;AUG27=PUT_CALL_PARITY,AUG26=7749.35;SEP26=7753.15;DEC26=7883.5;NOV26=7810.75;OCT26=7815.375;DEC28=8379.75;DEC29=8684.75;DEC30=7840.337;JAN27=7882.5;MAR27=7955;SEP27=8104.25;JUN27=8026.625;JUN28=8918.5;DEC27=8108.25;MAR28=8197;FEB27=7881.125;APR27=7962.25;MAY27=7967.125;JUL27=8047.375;AUG27=8053.25,NONE,WEIGHTED_ATM,2026-08-14,6,441,0.0,NONE,12064,11562,501,0,0,RTM,MDW;MMW;MRW;MTW,OK,NONE,NONE,2026-08-05
SPX,7300.0,-497249938.9344354,1422.9422683563125,0.0,0.0,0.0,0.0,0.0,0.0,7812.103346347588,7686.596653652413,7874.856692695175,7623.843307304825,SEP26,AUG26,2026-08-06,2026-09-18,7749.35,7599.305665762463,FOUND,WARN,UNKNOWN_SERIES;ESTIMATED_EXPIRY_ALIAS,2026-08-02.2,PUT_CALL_PARITY,AUG26,AUG26=PUT_CALL_PARITY;SEP26=PUT_CALL_PARITY;DEC26=PUT_CALL_PARITY;NOV26=PUT_CALL_PARITY;OCT26=PUT_CALL_PARITY;DEC28=PUT_CALL_PARITY;DEC29=PUT_CALL_PARITY;DEC30=PUT_CALL_PARITY;JAN27=PUT_CALL_PARITY;MAR27=PUT_CALL_PARITY;SEP27=PUT_CALL_PARITY;JUN27=PUT_CALL_PARITY;JUN28=SERIES_FORWARD_CLUSTER;DEC27=PUT_CALL_PARITY;MAR28=PUT_CALL_PARITY;FEB27=PUT_CALL_PARITY;APR27=PUT_CALL_PARITY;MAY27=PUT_CALL_PARITY;JUL27=PUT_CALL_PARITY;AUG27=PUT_CALL_PARITY,AUG26=7749.35;SEP26=7753.15;DEC26=7883.5;NOV26=7810.75;OCT26=7815.375;DEC28=8379.75;DEC29=8684.75;DEC30=7840.337;JAN27=7882.5;MAR27=7955;SEP27=8104.25;JUN27=8026.625;JUN28=8918.5;DEC27=8108.25;MAR28=8197;FEB27=7881.125;APR27=7962.25;MAY27=7967.125;JUL27=8047.375;AUG27=8053.25,NONE,WEIGHTED_ATM,2026-08-14,6,441,0.0,NONE,12064,11562,501,0,0,RTM,MDW;MMW;MRW;MTW,OK,NONE,NONE,2026-08-05
SPX,7305.0,-989347.3028728843,1.7016424458037287,0.0,0.0,0.0,0.0,0.0,0.0,7812.103346347588,7686.596653652413,7874.856692695175,7623.843307304825,SEP26,AUG26,2026-08-06,2026-09-18,7749.35,7599.305665762463,FOUND,WARN,UNKNOWN_SERIES;ESTIMATED_EXPIRY_ALIAS,2026-08-02.2,PUT_CALL_PARITY,AUG26,AUG26=PUT_CALL_PARITY;SEP26=PUT_CALL_PARITY;DEC26=PUT_CALL_PARITY;NOV26=PUT_CALL_PARITY;OCT26=PUT_CALL_PARITY;DEC28=PUT_CALL_PARITY;DEC29=PUT_CALL_PARITY;DEC30=PUT_CALL_PARITY;JAN27=PUT_CALL_PARITY;MAR27=PUT_CALL_PARITY;SEP27=PUT_CALL_PARITY;JUN27=PUT_CALL_PARITY;JUN28=SERIES_FORWARD_CLUSTER;DEC27=PUT_CALL_PARITY;MAR28=PUT_CALL_PARITY;FEB27=PUT_CALL_PARITY;APR27=PUT_CALL_PARITY;MAY27=PUT_CALL_PARITY;JUL27=PUT_CALL_PARITY;AUG27=PUT_CALL_PARITY,AUG26=7749.35;SEP26=7753.15;DEC26=7883.5;NOV26=7810.75;OCT26=7815.375;DEC28=8379.75;DEC29=8684.75;DEC30=7840.337;JAN27=7882.5;MAR27=7955;SEP27=8104.25;JUN27=8026.625;JUN28=8918.5;DEC27=8108.25;MAR28=8197;FEB27=7881.125;APR27=7962.25;MAY27=7967.125;JUL27=8047.375;AUG27=8053.25,NONE,WEIGHTED_ATM,2026-08-14,6,441,0.0,NONE,12064,11562,501,0,0,RTM,MDW;MMW;MRW;MTW,OK,NONE,NONE,2026-08-05
SPX,7310.0,-9241412.547973253,15.728812704308893,0.0,0.0,0.0,0.0,0.0,0.0,7812.103346347588,7686.596653652413,7874.856692695175,7623.843307304825,SEP26,AUG26,2026-08-06,2026-09-18,7749.35,7599.305665762463,FOUND,WARN,UNKNOWN_SERIES;ESTIMATED_EXPIRY_ALIAS,2026-08-02.2,PUT_CALL_PARITY,AUG26,AUG26=PUT_CALL_PARITY;SEP26=PUT_CALL_PARITY;DEC26=PUT_CALL_PARITY;NOV26=PUT_CALL_PARITY;OCT26=PUT_CALL_PARITY;DEC28=PUT_CALL_PARITY;DEC29=PUT_CALL_PARITY;DEC30=PUT_CALL_PARITY;JAN27=PUT_CALL_PARITY;MAR27=PUT_CALL_PARITY;SEP27=PUT_CALL_PARITY;JUN27=PUT_CALL_PARITY;JUN28=SERIES_FORWARD_CLUSTER;DEC27=PUT_CALL_PARITY;MAR28=PUT_CALL_PARITY;FEB27=PUT_CALL_PARITY;APR27=PUT_CALL_PARITY;MAY27=PUT_CALL_PARITY;JUL27=PUT_CALL_PARITY;AUG27=PUT_CALL_PARITY,AUG26=7749.35;SEP26=7753.15;DEC26=7883.5;NOV26=7810.75;OCT26=7815.375;DEC28=8379.75;DEC29=8684.75;DEC30=7840.337;JAN27=7882.5;MAR27=7955;SEP27=8104.25;JUN27=8026.625;JUN28=8918.5;DEC27=8108.25;MAR28=8197;FEB27=7881.125;APR27=7962.25;MAY27=7967.125;JUL27=8047.375;AUG27=8053.25,NONE,WEIGHTED_ATM,2026-08-14,6,441,0.0,NONE,12064,11562,501,0,0,RTM,MDW;MMW;MRW;MTW,OK,NONE,NONE,2026-08-05
SPX,7315.0,-875997.1415090613,1.4812467747980853,0.0,0.0,0.0,0.0,0.0,0.0,7812.103346347588,7686.596653652413,7874.856692695175,7623.843307304825,SEP26,AUG26,2026-08-06,2026-09-18,7749.35,7599.305665762463,FOUND,WARN,UNKNOWN_SERIES;ESTIMATED_EXPIRY_ALIAS,2026-08-02.2,PUT_CALL_PARITY,AUG26,AUG26=PUT_CALL_PARITY;SEP26=PUT_CALL_PARITY;DEC26=PUT_CALL_PARITY;NOV26=PUT_CALL_PARITY;OCT26=PUT_CALL_PARITY;DEC28=PUT_CALL_PARITY;DEC29=PUT_CALL_PARITY;DEC30=PUT_CALL_PARITY;JAN27=PUT_CALL_PARITY;MAR27=PUT_CALL_PARITY;SEP27=PUT_CALL_PARITY;JUN27=PUT_CALL_PARITY;JUN28=SERIES_FORWARD_CLUSTER;DEC27=PUT_CALL_PARITY;MAR28=PUT_CALL_PARITY;FEB27=PUT_CALL_PARITY;APR27=PUT_CALL_PARITY;MAY27=PUT_CALL_PARITY;JUL27=PUT_CALL_PARITY;AUG27=PUT_CALL_PARITY,AUG26=7749.35;SEP26=7753.15;DEC26=7883.5;NOV26=7810.75;OCT26=7815.375;DEC28=8379.75;DEC29=8684.75;DEC30=7840.337;JAN27=7882.5;MAR27=7955;SEP27=8104.25;JUN27=8026.625;JUN28=8918.5;DEC27=8108.25;MAR28=8197;FEB27=7881.125;APR27=7962.25;MAY27=7967.125;JUL27=8047.375;AUG27=8053.25,NONE,WEIGHTED_ATM,2026-08-14,6,441,0.0,NONE,12064,11562,501,0,0,RTM,MDW;MMW;MRW;MTW,OK,NONE,NONE,2026-08-05
SPX,7320.0,-11647232.164965989,20.736253812396562,0.0,0.0,0.0,0.0,0.0,0.0,7812.103346347588,7686.596653652413,7874.856692695175,7623.843307304825,SEP26,AUG26,2026-08-06,2026-09-18,7749.35,7599.305665762463,FOUND,WARN,UNKNOWN_SERIES;ESTIMATED_EXPIRY_ALIAS,2026-08-02.2,PUT_CALL_PARITY,AUG26,AUG26=PUT_CALL_PARITY;SEP26=PUT_CALL_PARITY;DEC26=PUT_CALL_PARITY;NOV26=PUT_CALL_PARITY;OCT26=PUT_CALL_PARITY;DEC28=PUT_CALL_PARITY;DEC29=PUT_CALL_PARITY;DEC30=PUT_CALL_PARITY;JAN27=PUT_CALL_PARITY;MAR27=PUT_CALL_PARITY;SEP27=PUT_CALL_PARITY;JUN27=PUT_CALL_PARITY;JUN28=SERIES_FORWARD_CLUSTER;DEC27=PUT_CALL_PARITY;MAR28=PUT_CALL_PARITY;FEB27=PUT_CALL_PARITY;APR27=PUT_CALL_PARITY;MAY27=PUT_CALL_PARITY;JUL27=PUT_CALL_PARITY;AUG27=PUT_CALL_PARITY,AUG26=7749.35;SEP26=7753.15;DEC26=7883.5;NOV26=7810.75;OCT26=7815.375;DEC28=8379.75;DEC29=8684.75;DEC30=7840.337;JAN27=7882.5;MAR27=7955;SEP27=8104.25;JUN27=8026.625;JUN28=8918.5;DEC27=8108.25;MAR28=8197;FEB27=7881.125;APR27=7962.25;MAY27=7967.125;JUL27=8047.375;AUG27=8053.25,NONE,WEIGHTED_ATM,2026-08-14,6,441,0.0,NONE,12064,11562,501,0,0,RTM,MDW;MMW;MRW;MTW,OK,NONE,NONE,2026-08-05
SPX,7325.0,-99663454.65054236,197.90892233986042,0.0,0.0,0.0,0.0,0.0,0.0,7812.103346347588,7686.596653652413,7874.856692695175,7623.843307304825,SEP26,AUG26,2026-08-06,2026-09-18,7749.35,7599.305665762463,FOUND,WARN,UNKNOWN_SERIES;ESTIMATED_EXPIRY_ALIAS,2026-08-02.2,PUT_CALL_PARITY,AUG26,AUG26=PUT_CALL_PARITY;SEP26=PUT_CALL_PARITY;DEC26=PUT_CALL_PARITY;NOV26=PUT_CALL_PARITY;OCT26=PUT_CALL_PARITY;DEC28=PUT_CALL_PARITY;DEC29=PUT_CALL_PARITY;DEC30=PUT_CALL_PARITY;JAN27=PUT_CALL_PARITY;MAR27=PUT_CALL_PARITY;SEP27=PUT_CALL_PARITY;JUN27=PUT_CALL_PARITY;JUN28=SERIES_FORWARD_CLUSTER;DEC27=PUT_CALL_PARITY;MAR28=PUT_CALL_PARITY;FEB27=PUT_CALL_PARITY;APR27=PUT_CALL_PARITY;MAY27=PUT_CALL_PARITY;JUL27=PUT_CALL_PARITY;AUG27=PUT_CALL_PARITY,AUG26=7749.35;SEP26=7753.15;DEC26=7883.5;NOV26=7810.75;OCT26=7815.375;DEC28=8379.75;DEC29=8684.75;DEC30=7840.337;JAN27=7882.5;MAR27=7955;SEP27=8104.25;JUN27=8026.625;JUN28=8918.5;DEC27=8108.25;MAR28=8197;FEB27=7881.125;APR27=7962.25;MAY27=7967.125;JUL27=8047.375;AUG27=8053.25,NONE,WEIGHTED_ATM,2026-08-14,6,441,0.0,NONE,12064,11562,501,0,0,RTM,MDW;MMW;MRW;MTW,OK,NONE,NONE,2026-08-05
SPX,7330.0,-13780446.537130728,24.109679698969874,0.0,0.0,0.0,0.0,0.0,0.0,7812.103346347588,7686.596653652413,7874.856692695175,7623.843307304825,SEP26,AUG26,2026-08-06,2026-09-18,7749.35,7599.305665762463,FOUND,WARN,UNKNOWN_SERIES;ESTIMATED_EXPIRY_ALIAS,2026-08-02.2,PUT_CALL_PARITY,AUG26,AUG26=PUT_CALL_PARITY;SEP26=PUT_CALL_PARITY;DEC26=PUT_CALL_PARITY;NOV26=PUT_CALL_PARITY;OCT26=PUT_CALL_PARITY;DEC28=PUT_CALL_PARITY;DEC29=PUT_CALL_PARITY;DEC30=PUT_CALL_PARITY;JAN27=PUT_CALL_PARITY;MAR27=PUT_CALL_PARITY;SEP27=PUT_CALL_PARITY;JUN27=PUT_CALL_PARITY;JUN28=SERIES_FORWARD_CLUSTER;DEC27=PUT_CALL_PARITY;MAR28=PUT_CALL_PARITY;FEB27=PUT_CALL_PARITY;APR27=PUT_CALL_PARITY;MAY27=PUT_CALL_PARITY;JUL27=PUT_CALL_PARITY;AUG27=PUT_CALL_PARITY,AUG26=7749.35;SEP26=7753.15;DEC26=7883.5;NOV26=7810.75;OCT26=7815.375;DEC28=8379.75;DEC29=8684.75;DEC30=7840.337;JAN27=7882.5;MAR27=7955;SEP27=8104.25;JUN27=8026.625;JUN28=8918.5;DEC27=8108.25;MAR28=8197;FEB27=7881.125;APR27=7962.25;MAY27=7967.125;JUL27=8047.375;AUG27=8053.25,NONE,WEIGHTED_ATM,2026-08-14,6,441,0.0,NONE,12064,11562,501,0,0,RTM,MDW;MMW;MRW;MTW,OK,NONE,NONE,2026-08-05
SPX,7335.0,-816763.0267402511,1.5227272059943846,0.0,0.0,0.0,0.0,0.0,0.0,7812.103346347588,7686.596653652413,7874.856692695175,7623.843307304825,SEP26,AUG26,2026-08-06,2026-09-18,7749.35,7599.305665762463,FOUND,WARN,UNKNOWN_SERIES;ESTIMATED_EXPIRY_ALIAS,2026-08-02.2,PUT_CALL_PARITY,AUG26,AUG26=PUT_CALL_PARITY;SEP26=PUT_CALL_PARITY;DEC26=PUT_CALL_PARITY;NOV26=PUT_CALL_PARITY;OCT26=PUT_CALL_PARITY;DEC28=PUT_CALL_PARITY;DEC29=PUT_CALL_PARITY;DEC30=PUT_CALL_PARITY;JAN27=PUT_CALL_PARITY;MAR27=PUT_CALL_PARITY;SEP27=PUT_CALL_PARITY;JUN27=PUT_CALL_PARITY;JUN28=SERIES_FORWARD_CLUSTER;DEC27=PUT_CALL_PARITY;MAR28=PUT_CALL_PARITY;FEB27=PUT_CALL_PARITY;APR27=PUT_CALL_PARITY;MAY27=PUT_CALL_PARITY;JUL27=PUT_CALL_PARITY;AUG27=PUT_CALL_PARITY,AUG26=7749.35;SEP26=7753.15;DEC26=7883.5;NOV26=7810.75;OCT26=7815.375;DEC28=8379.75;DEC29=8684.75;DEC30=7840.337;JAN27=7882.5;MAR27=7955;SEP27=8104.25;JUN27=8026.625;JUN28=8918.5;DEC27=8108.25;MAR28=8197;FEB27=7881.125;APR27=7962.25;MAY27=7967.125;JUL27=8047.375;AUG27=8053.25,NONE,WEIGHTED_ATM,2026-08-14,6,441,0.0,NONE,12064,11562,501,0,0,RTM,MDW;MMW;MRW;MTW,OK,NONE,NONE,2026-08-05
SPX,7340.0,-14101910.845140336,25.72248350824617,0.0,0.0,0.0,0.0,0.0,0.0,7812.103346347588,7686.596653652413,7874.856692695175,7623.843307304825,SEP26,AUG26,2026-08-06,2026-09-18,7749.35,7599.305665762463,FOUND,WARN,UNKNOWN_SERIES;ESTIMATED_EXPIRY_ALIAS,2026-08-02.2,PUT_CALL_PARITY,AUG26,AUG26=PUT_CALL_PARITY;SEP26=PUT_CALL_PARITY;DEC26=PUT_CALL_PARITY;NOV26=PUT_CALL_PARITY;OCT26=PUT_CALL_PARITY;DEC28=PUT_CALL_PARITY;DEC29=PUT_CALL_PARITY;DEC30=PUT_CALL_PARITY;JAN27=PUT_CALL_PARITY;MAR27=PUT_CALL_PARITY;SEP27=PUT_CALL_PARITY;JUN27=PUT_CALL_PARITY;JUN28=SERIES_FORWARD_CLUSTER;DEC27=PUT_CALL_PARITY;MAR28=PUT_CALL_PARITY;FEB27=PUT_CALL_PARITY;APR27=PUT_CALL_PARITY;MAY27=PUT_CALL_PARITY;JUL27=PUT_CALL_PARITY;AUG27=PUT_CALL_PARITY,AUG26=7749.35;SEP26=7753.15;DEC26=7883.5;NOV26=7810.75;OCT26=7815.375;DEC28=8379.75;DEC29=8684.75;DEC30=7840.337;JAN27=7882.5;MAR27=7955;SEP27=8104.25;JUN27=8026.625;JUN28=8918.5;DEC27=8108.25;MAR28=8197;FEB27=7881.125;APR27=7962.25;MAY27=7967.125;JUL27=8047.375;AUG27=8053.25,NONE,WEIGHTED_ATM,2026-08-14,6,441,0.0,NONE,12064,11562,501,0,0,RTM,MDW;MMW;MRW;MTW,OK,NONE,NONE,2026-08-05
SPX,7345.0,-1605484.0665703618,2.994100465241126,0.0,0.0,0.0,0.0,0.0,0.0,7812.103346347588,7686.596653652413,7874.856692695175,7623.843307304825,SEP26,AUG26,2026-08-06,2026-09-18,7749.35,7599.305665762463,FOUND,WARN,UNKNOWN_SERIES;ESTIMATED_EXPIRY_ALIAS,2026-08-02.2,PUT_CALL_PARITY,AUG26,AUG26=PUT_CALL_PARITY;SEP26=PUT_CALL_PARITY;DEC26=PUT_CALL_PARITY;NOV26=PUT_CALL_PARITY;OCT26=PUT_CALL_PARITY;DEC28=PUT_CALL_PARITY;DEC29=PUT_CALL_PARITY;DEC30=PUT_CALL_PARITY;JAN27=PUT_CALL_PARITY;MAR27=PUT_CALL_PARITY;SEP27=PUT_CALL_PARITY;JUN27=PUT_CALL_PARITY;JUN28=SERIES_FORWARD_CLUSTER;DEC27=PUT_CALL_PARITY;MAR28=PUT_CALL_PARITY;FEB27=PUT_CALL_PARITY;APR27=PUT_CALL_PARITY;MAY27=PUT_CALL_PARITY;JUL27=PUT_CALL_PARITY;AUG27=PUT_CALL_PARITY,AUG26=7749.35;SEP26=7753.15;DEC26=7883.5;NOV26=7810.75;OCT26=7815.375;DEC28=8379.75;DEC29=8684.75;DEC30=7840.337;JAN27=7882.5;MAR27=7955;SEP27=8104.25;JUN27=8026.625;JUN28=8918.5;DEC27=8108.25;MAR28=8197;FEB27=7881.125;APR27=7962.25;MAY27=7967.125;JUL27=8047.375;AUG27=8053.25,NONE,WEIGHTED_ATM,2026-08-14,6,441,0.0,NONE,12064,11562,501,0,0,RTM,MDW;MMW;MRW;MTW,OK,NONE,NONE,2026-08-05
SPX,7350.0,-395511103.1600256,1167.151780770051,0.0,0.0,0.0,0.0,0.0,0.0,7812.103346347588,7686.596653652413,7874.856692695175,7623.843307304825,SEP26,AUG26,2026-08-06,2026-09-18,7749.35,7599.305665762463,FOUND,WARN,UNKNOWN_SERIES;ESTIMATED_EXPIRY_ALIAS,2026-08-02.2,PUT_CALL_PARITY,AUG26,AUG26=PUT_CALL_PARITY;SEP26=PUT_CALL_PARITY;DEC26=PUT_CALL_PARITY;NOV26=PUT_CALL_PARITY;OCT26=PUT_CALL_PARITY;DEC28=PUT_CALL_PARITY;DEC29=PUT_CALL_PARITY;DEC30=PUT_CALL_PARITY;JAN27=PUT_CALL_PARITY;MAR27=PUT_CALL_PARITY;SEP27=PUT_CALL_PARITY;JUN27=PUT_CALL_PARITY;JUN28=SERIES_FORWARD_CLUSTER;DEC27=PUT_CALL_PARITY;MAR28=PUT_CALL_PARITY;FEB27=PUT_CALL_PARITY;APR27=PUT_CALL_PARITY;MAY27=PUT_CALL_PARITY;JUL27=PUT_CALL_PARITY;AUG27=PUT_CALL_PARITY,AUG26=7749.35;SEP26=7753.15;DEC26=7883.5;NOV26=7810.75;OCT26=7815.375;DEC28=8379.75;DEC29=8684.75;DEC30=7840.337;JAN27=7882.5;MAR27=7955;SEP27=8104.25;JUN27=8026.625;JUN28=8918.5;DEC27=8108.25;MAR28=8197;FEB27=7881.125;APR27=7962.25;MAY27=7967.125;JUL27=8047.375;AUG27=8053.25,NONE,WEIGHTED_ATM,2026-08-14,6,441,0.0,NONE,12064,11562,501,0,0,RTM,MDW;MMW;MRW;MTW,OK,NONE,NONE,2026-08-05
SPX,7355.0,-275162.44202195347,2.178700962976667,0.0,0.0,0.0,0.0,0.0,0.0,7812.103346347588,7686.596653652413,7874.856692695175,7623.843307304825,SEP26,AUG26,2026-08-06,2026-09-18,7749.35,7599.305665762463,FOUND,WARN,UNKNOWN_SERIES;ESTIMATED_EXPIRY_ALIAS,2026-08-02.2,PUT_CALL_PARITY,AUG26,AUG26=PUT_CALL_PARITY;SEP26=PUT_CALL_PARITY;DEC26=PUT_CALL_PARITY;NOV26=PUT_CALL_PARITY;OCT26=PUT_CALL_PARITY;DEC28=PUT_CALL_PARITY;DEC29=PUT_CALL_PARITY;DEC30=PUT_CALL_PARITY;JAN27=PUT_CALL_PARITY;MAR27=PUT_CALL_PARITY;SEP27=PUT_CALL_PARITY;JUN27=PUT_CALL_PARITY;JUN28=SERIES_FORWARD_CLUSTER;DEC27=PUT_CALL_PARITY;MAR28=PUT_CALL_PARITY;FEB27=PUT_CALL_PARITY;APR27=PUT_CALL_PARITY;MAY27=PUT_CALL_PARITY;JUL27=PUT_CALL_PARITY;AUG27=PUT_CALL_PARITY,AUG26=7749.35;SEP26=7753.15;DEC26=7883.5;NOV26=7810.75;OCT26=7815.375;DEC28=8379.75;DEC29=8684.75;DEC30=7840.337;JAN27=7882.5;MAR27=7955;SEP27=8104.25;JUN27=8026.625;JUN28=8918.5;DEC27=8108.25;MAR28=8197;FEB27=7881.125;APR27=7962.25;MAY27=7967.125;JUL27=8047.375;AUG27=8053.25,NONE,WEIGHTED_ATM,2026-08-14,6,441,0.0,NONE,12064,11562,501,0,0,RTM,MDW;MMW;MRW;MTW,OK,NONE,NONE,2026-08-05
SPX,7360.0,-17090039.89927878,31.93729963363062,0.0,0.0,0.0,0.0,0.0,0.0,7812.103346347588,7686.596653652413,7874.856692695175,7623.843307304825,SEP26,AUG26,2026-08-06,2026-09-18,7749.35,7599.305665762463,FOUND,WARN,UNKNOWN_SERIES;ESTIMATED_EXPIRY_ALIAS,2026-08-02.2,PUT_CALL_PARITY,AUG26,AUG26=PUT_CALL_PARITY;SEP26=PUT_CALL_PARITY;DEC26=PUT_CALL_PARITY;NOV26=PUT_CALL_PARITY;OCT26=PUT_CALL_PARITY;DEC28=PUT_CALL_PARITY;DEC29=PUT_CALL_PARITY;DEC30=PUT_CALL_PARITY;JAN27=PUT_CALL_PARITY;MAR27=PUT_CALL_PARITY;SEP27=PUT_CALL_PARITY;JUN27=PUT_CALL_PARITY;JUN28=SERIES_FORWARD_CLUSTER;DEC27=PUT_CALL_PARITY;MAR28=PUT_CALL_PARITY;FEB27=PUT_CALL_PARITY;APR27=PUT_CALL_PARITY;MAY27=PUT_CALL_PARITY;JUL27=PUT_CALL_PARITY;AUG27=PUT_CALL_PARITY,AUG26=7749.35;SEP26=7753.15;DEC26=7883.5;NOV26=7810.75;OCT26=7815.375;DEC28=8379.75;DEC29=8684.75;DEC30=7840.337;JAN27=7882.5;MAR27=7955;SEP27=8104.25;JUN27=8026.625;JUN28=8918.5;DEC27=8108.25;MAR28=8197;FEB27=7881.125;APR27=7962.25;MAY27=7967.125;JUL27=8047.375;AUG27=8053.25,NONE,WEIGHTED_ATM,2026-08-14,6,441,0.0,NONE,12064,11562,501,0,0,RTM,MDW;MMW;MRW;MTW,OK,NONE,NONE,2026-08-05
SPX,7365.0,-1061574.1969928937,2.453555263107453,0.0,0.0,0.0,0.0,0.0,0.0,7812.103346347588,7686.596653652413,7874.856692695175,7623.843307304825,SEP26,AUG26,2026-08-06,2026-09-18,7749.35,7599.305665762463,FOUND,WARN,UNKNOWN_SERIES;ESTIMATED_EXPIRY_ALIAS,2026-08-02.2,PUT_CALL_PARITY,AUG26,AUG26=PUT_CALL_PARITY;SEP26=PUT_CALL_PARITY;DEC26=PUT_CALL_PARITY;NOV26=PUT_CALL_PARITY;OCT26=PUT_CALL_PARITY;DEC28=PUT_CALL_PARITY;DEC29=PUT_CALL_PARITY;DEC30=PUT_CALL_PARITY;JAN27=PUT_CALL_PARITY;MAR27=PUT_CALL_PARITY;SEP27=PUT_CALL_PARITY;JUN27=PUT_CALL_PARITY;JUN28=SERIES_FORWARD_CLUSTER;DEC27=PUT_CALL_PARITY;MAR28=PUT_CALL_PARITY;FEB27=PUT_CALL_PARITY;APR27=PUT_CALL_PARITY;MAY27=PUT_CALL_PARITY;JUL27=PUT_CALL_PARITY;AUG27=PUT_CALL_PARITY,AUG26=7749.35;SEP26=7753.15;DEC26=7883.5;NOV26=7810.75;OCT26=7815.375;DEC28=8379.75;DEC29=8684.75;DEC30=7840.337;JAN27=7882.5;MAR27=7955;SEP27=8104.25;JUN27=8026.625;JUN28=8918.5;DEC27=8108.25;MAR28=8197;FEB27=7881.125;APR27=7962.25;MAY27=7967.125;JUL27=8047.375;AUG27=8053.25,NONE,WEIGHTED_ATM,2026-08-14,6,441,0.0,NONE,12064,11562,501,0,0,RTM,MDW;MMW;MRW;MTW,OK,NONE,NONE,2026-08-05
SPX,7370.0,-10593437.74176021,42.95676015165994,0.0,0.0,0.0,0.0,0.0,0.0,7812.103346347588,7686.596653652413,7874.856692695175,7623.843307304825,SEP26,AUG26,2026-08-06,2026-09-18,7749.35,7599.305665762463,FOUND,WARN,UNKNOWN_SERIES;ESTIMATED_EXPIRY_ALIAS,2026-08-02.2,PUT_CALL_PARITY,AUG26,AUG26=PUT_CALL_PARITY;SEP26=PUT_CALL_PARITY;DEC26=PUT_CALL_PARITY;NOV26=PUT_CALL_PARITY;OCT26=PUT_CALL_PARITY;DEC28=PUT_CALL_PARITY;DEC29=PUT_CALL_PARITY;DEC30=PUT_CALL_PARITY;JAN27=PUT_CALL_PARITY;MAR27=PUT_CALL_PARITY;SEP27=PUT_CALL_PARITY;JUN27=PUT_CALL_PARITY;JUN28=SERIES_FORWARD_CLUSTER;DEC27=PUT_CALL_PARITY;MAR28=PUT_CALL_PARITY;FEB27=PUT_CALL_PARITY;APR27=PUT_CALL_PARITY;MAY27=PUT_CALL_PARITY;JUL27=PUT_CALL_PARITY;AUG27=PUT_CALL_PARITY,AUG26=7749.35;SEP26=7753.15;DEC26=7883.5;NOV26=7810.75;OCT26=7815.375;DEC28=8379.75;DEC29=8684.75;DEC30=7840.337;JAN27=7882.5;MAR27=7955;SEP27=8104.25;JUN27=8026.625;JUN28=8918.5;DEC27=8108.25;MAR28=8197;FEB27=7881.125;APR27=7962.25;MAY27=7967.125;JUL27=8047.375;AUG27=8053.25,NONE,WEIGHTED_ATM,2026-08-14,6,441,0.0,NONE,12064,11562,501,0,0,RTM,MDW;MMW;MRW;MTW,OK,NONE,NONE,2026-08-05
SPX,7375.0,-102524200.30953854,252.70256414556607,0.0,0.0,0.0,0.0,0.0,0.0,7812.103346347588,7686.596653652413,7874.856692695175,7623.843307304825,SEP26,AUG26,2026-08-06,2026-09-18,7749.35,7599.305665762463,FOUND,WARN,UNKNOWN_SERIES;ESTIMATED_EXPIRY_ALIAS,2026-08-02.2,PUT_CALL_PARITY,AUG26,AUG26=PUT_CALL_PARITY;SEP26=PUT_CALL_PARITY;DEC26=PUT_CALL_PARITY;NOV26=PUT_CALL_PARITY;OCT26=PUT_CALL_PARITY;DEC28=PUT_CALL_PARITY;DEC29=PUT_CALL_PARITY;DEC30=PUT_CALL_PARITY;JAN27=PUT_CALL_PARITY;MAR27=PUT_CALL_PARITY;SEP27=PUT_CALL_PARITY;JUN27=PUT_CALL_PARITY;JUN28=SERIES_FORWARD_CLUSTER;DEC27=PUT_CALL_PARITY;MAR28=PUT_CALL_PARITY;FEB27=PUT_CALL_PARITY;APR27=PUT_CALL_PARITY;MAY27=PUT_CALL_PARITY;JUL27=PUT_CALL_PARITY;AUG27=PUT_CALL_PARITY,AUG26=7749.35;SEP26=7753.15;DEC26=7883.5;NOV26=7810.75;OCT26=7815.375;DEC28=8379.75;DEC29=8684.75;DEC30=7840.337;JAN27=7882.5;MAR27=7955;SEP27=8104.25;JUN27=8026.625;JUN28=8918.5;DEC27=8108.25;MAR28=8197;FEB27=7881.125;APR27=7962.25;MAY27=7967.125;JUL27=8047.375;AUG27=8053.25,NONE,WEIGHTED_ATM,2026-08-14,6,441,0.0,NONE,12064,11562,501,0,0,RTM,MDW;MMW;MRW;MTW,OK,NONE,NONE,2026-08-05
SPX,7380.0,-27858480.70702994,54.9021880481477,0.0,0.0,0.0,0.0,0.0,0.0,7812.103346347588,7686.596653652413,7874.856692695175,7623.843307304825,SEP26,AUG26,2026-08-06,2026-09-18,7749.35,7599.305665762463,FOUND,WARN,UNKNOWN_SERIES;ESTIMATED_EXPIRY_ALIAS,2026-08-02.2,PUT_CALL_PARITY,AUG26,AUG26=PUT_CALL_PARITY;SEP26=PUT_CALL_PARITY;DEC26=PUT_CALL_PARITY;NOV26=PUT_CALL_PARITY;OCT26=PUT_CALL_PARITY;DEC28=PUT_CALL_PARITY;DEC29=PUT_CALL_PARITY;DEC30=PUT_CALL_PARITY;JAN27=PUT_CALL_PARITY;MAR27=PUT_CALL_PARITY;SEP27=PUT_CALL_PARITY;JUN27=PUT_CALL_PARITY;JUN28=SERIES_FORWARD_CLUSTER;DEC27=PUT_CALL_PARITY;MAR28=PUT_CALL_PARITY;FEB27=PUT_CALL_PARITY;APR27=PUT_CALL_PARITY;MAY27=PUT_CALL_PARITY;JUL27=PUT_CALL_PARITY;AUG27=PUT_CALL_PARITY,AUG26=7749.35;SEP26=7753.15;DEC26=7883.5;NOV26=7810.75;OCT26=7815.375;DEC28=8379.75;DEC29=8684.75;DEC30=7840.337;JAN27=7882.5;MAR27=7955;SEP27=8104.25;JUN27=8026.625;JUN28=8918.5;DEC27=8108.25;MAR28=8197;FEB27=7881.125;APR27=7962.25;MAY27=7967.125;JUL27=8047.375;AUG27=8053.25,NONE,WEIGHTED_ATM,2026-08-14,6,441,0.0,NONE,12064,11562,501,0,0,RTM,MDW;MMW;MRW;MTW,OK,NONE,NONE,2026-08-05
SPX,7385.0,-2740863.8586298116,4.861538894164982,0.0,0.0,0.0,0.0,0.0,0.0,7812.103346347588,7686.596653652413,7874.856692695175,7623.843307304825,SEP26,AUG26,2026-08-06,2026-09-18,7749.35,7599.305665762463,FOUND,WARN,UNKNOWN_SERIES;ESTIMATED_EXPIRY_ALIAS,2026-08-02.2,PUT_CALL_PARITY,AUG26,AUG26=PUT_CALL_PARITY;SEP26=PUT_CALL_PARITY;DEC26=PUT_CALL_PARITY;NOV26=PUT_CALL_PARITY;OCT26=PUT_CALL_PARITY;DEC28=PUT_CALL_PARITY;DEC29=PUT_CALL_PARITY;DEC30=PUT_CALL_PARITY;JAN27=PUT_CALL_PARITY;MAR27=PUT_CALL_PARITY;SEP27=PUT_CALL_PARITY;JUN27=PUT_CALL_PARITY;JUN28=SERIES_FORWARD_CLUSTER;DEC27=PUT_CALL_PARITY;MAR28=PUT_CALL_PARITY;FEB27=PUT_CALL_PARITY;APR27=PUT_CALL_PARITY;MAY27=PUT_CALL_PARITY;JUL27=PUT_CALL_PARITY;AUG27=PUT_CALL_PARITY,AUG26=7749.35;SEP26=7753.15;DEC26=7883.5;NOV26=7810.75;OCT26=7815.375;DEC28=8379.75;DEC29=8684.75;DEC30=7840.337;JAN27=7882.5;MAR27=7955;SEP27=8104.25;JUN27=8026.625;JUN28=8918.5;DEC27=8108.25;MAR28=8197;FEB27=7881.125;APR27=7962.25;MAY27=7967.125;JUL27=8047.375;AUG27=8053.25,NONE,WEIGHTED_ATM,2026-08-14,6,441,0.0,NONE,12064,11562,501,0,0,RTM,MDW;MMW;MRW;MTW,OK,NONE,NONE,2026-08-05
SPX,7390.0,-18903630.0259373,40.22534701559456,0.0,0.0,0.0,0.0,0.0,0.0,7812.103346347588,7686.596653652413,7874.856692695175,7623.843307304825,SEP26,AUG26,2026-08-06,2026-09-18,7749.35,7599.305665762463,FOUND,WARN,UNKNOWN_SERIES;ESTIMATED_EXPIRY_ALIAS,2026-08-02.2,PUT_CALL_PARITY,AUG26,AUG26=PUT_CALL_PARITY;SEP26=PUT_CALL_PARITY;DEC26=PUT_CALL_PARITY;NOV26=PUT_CALL_PARITY;OCT26=PUT_CALL_PARITY;DEC28=PUT_CALL_PARITY;DEC29=PUT_CALL_PARITY;DEC30=PUT_CALL_PARITY;JAN27=PUT_CALL_PARITY;MAR27=PUT_CALL_PARITY;SEP27=PUT_CALL_PARITY;JUN27=PUT_CALL_PARITY;JUN28=SERIES_FORWARD_CLUSTER;DEC27=PUT_CALL_PARITY;MAR28=PUT_CALL_PARITY;FEB27=PUT_CALL_PARITY;APR27=PUT_CALL_PARITY;MAY27=PUT_CALL_PARITY;JUL27=PUT_CALL_PARITY;AUG27=PUT_CALL_PARITY,AUG26=7749.35;SEP26=7753.15;DEC26=7883.5;NOV26=7810.75;OCT26=7815.375;DEC28=8379.75;DEC29=8684.75;DEC30=7840.337;JAN27=7882.5;MAR27=7955;SEP27=8104.25;JUN27=8026.625;JUN28=8918.5;DEC27=8108.25;MAR28=8197;FEB27=7881.125;APR27=7962.25;MAY27=7967.125;JUL27=8047.375;AUG27=8053.25,NONE,WEIGHTED_ATM,2026-08-14,6,441,0.0,NONE,12064,11562,501,0,0,RTM,MDW;MMW;MRW;MTW,OK,NONE,NONE,2026-08-05
SPX,7395.0,-2353381.9849845353,4.3391348877080125,0.0,0.0,0.0,0.0,0.0,0.0,7812.103346347588,7686.596653652413,7874.856692695175,7623.843307304825,SEP26,AUG26,2026-08-06,2026-09-18,7749.35,7599.305665762463,FOUND,WARN,UNKNOWN_SERIES;ESTIMATED_EXPIRY_ALIAS,2026-08-02.2,PUT_CALL_PARITY,AUG26,AUG26=PUT_CALL_PARITY;SEP26=PUT_CALL_PARITY;DEC26=PUT_CALL_PARITY;NOV26=PUT_CALL_PARITY;OCT26=PUT_CALL_PARITY;DEC28=PUT_CALL_PARITY;DEC29=PUT_CALL_PARITY;DEC30=PUT_CALL_PARITY;JAN27=PUT_CALL_PARITY;MAR27=PUT_CALL_PARITY;SEP27=PUT_CALL_PARITY;JUN27=PUT_CALL_PARITY;JUN28=SERIES_FORWARD_CLUSTER;DEC27=PUT_CALL_PARITY;MAR28=PUT_CALL_PARITY;FEB27=PUT_CALL_PARITY;APR27=PUT_CALL_PARITY;MAY27=PUT_CALL_PARITY;JUL27=PUT_CALL_PARITY;AUG27=PUT_CALL_PARITY,AUG26=7749.35;SEP26=7753.15;DEC26=7883.5;NOV26=7810.75;OCT26=7815.375;DEC28=8379.75;DEC29=8684.75;DEC30=7840.337;JAN27=7882.5;MAR27=7955;SEP27=8104.25;JUN27=8026.625;JUN28=8918.5;DEC27=8108.25;MAR28=8197;FEB27=7881.125;APR27=7962.25;MAY27=7967.125;JUL27=8047.375;AUG27=8053.25,NONE,WEIGHTED_ATM,2026-08-14,6,441,0.0,NONE,12064,11562,501,0,0,RTM,MDW;MMW;MRW;MTW,OK,NONE,NONE,2026-08-05
SPX,7400.0,-283832334.2269934,1588.6466655963889,0.0,0.0,0.0,0.0,0.0,0.0,7812.103346347588,7686.596653652413,7874.856692695175,7623.843307304825,SEP26,AUG26,2026-08-06,2026-09-18,7749.35,7599.305665762463,FOUND,WARN,UNKNOWN_SERIES;ESTIMATED_EXPIRY_ALIAS,2026-08-02.2,PUT_CALL_PARITY,AUG26,AUG26=PUT_CALL_PARITY;SEP26=PUT_CALL_PARITY;DEC26=PUT_CALL_PARITY;NOV26=PUT_CALL_PARITY;OCT26=PUT_CALL_PARITY;DEC28=PUT_CALL_PARITY;DEC29=PUT_CALL_PARITY;DEC30=PUT_CALL_PARITY;JAN27=PUT_CALL_PARITY;MAR27=PUT_CALL_PARITY;SEP27=PUT_CALL_PARITY;JUN27=PUT_CALL_PARITY;JUN28=SERIES_FORWARD_CLUSTER;DEC27=PUT_CALL_PARITY;MAR28=PUT_CALL_PARITY;FEB27=PUT_CALL_PARITY;APR27=PUT_CALL_PARITY;MAY27=PUT_CALL_PARITY;JUL27=PUT_CALL_PARITY;AUG27=PUT_CALL_PARITY,AUG26=7749.35;SEP26=7753.15;DEC26=7883.5;NOV26=7810.75;OCT26=7815.375;DEC28=8379.75;DEC29=8684.75;DEC30=7840.337;JAN27=7882.5;MAR27=7955;SEP27=8104.25;JUN27=8026.625;JUN28=8918.5;DEC27=8108.25;MAR28=8197;FEB27=7881.125;APR27=7962.25;MAY27=7967.125;JUL27=8047.375;AUG27=8053.25,NONE,WEIGHTED_ATM,2026-08-14,6,441,0.0,NONE,12064,11562,501,0,0,RTM,MDW;MMW;MRW;MTW,OK,NONE,NONE,2026-08-05
SPX,7405.0,-2652994.1987338164,4.900802699246204,0.0,0.0,0.0,0.0,0.0,0.0,7812.103346347588,7686.596653652413,7874.856692695175,7623.843307304825,SEP26,AUG26,2026-08-06,2026-09-18,7749.35,7599.305665762463,FOUND,WARN,UNKNOWN_SERIES;ESTIMATED_EXPIRY_ALIAS,2026-08-02.2,PUT_CALL_PARITY,AUG26,AUG26=PUT_CALL_PARITY;SEP26=PUT_CALL_PARITY;DEC26=PUT_CALL_PARITY;NOV26=PUT_CALL_PARITY;OCT26=PUT_CALL_PARITY;DEC28=PUT_CALL_PARITY;DEC29=PUT_CALL_PARITY;DEC30=PUT_CALL_PARITY;JAN27=PUT_CALL_PARITY;MAR27=PUT_CALL_PARITY;SEP27=PUT_CALL_PARITY;JUN27=PUT_CALL_PARITY;JUN28=SERIES_FORWARD_CLUSTER;DEC27=PUT_CALL_PARITY;MAR28=PUT_CALL_PARITY;FEB27=PUT_CALL_PARITY;APR27=PUT_CALL_PARITY;MAY27=PUT_CALL_PARITY;JUL27=PUT_CALL_PARITY;AUG27=PUT_CALL_PARITY,AUG26=7749.35;SEP26=7753.15;DEC26=7883.5;NOV26=7810.75;OCT26=7815.375;DEC28=8379.75;DEC29=8684.75;DEC30=7840.337;JAN27=7882.5;MAR27=7955;SEP27=8104.25;JUN27=8026.625;JUN28=8918.5;DEC27=8108.25;MAR28=8197;FEB27=7881.125;APR27=7962.25;MAY27=7967.125;JUL27=8047.375;AUG27=8053.25,NONE,WEIGHTED_ATM,2026-08-14,6,441,0.0,NONE,12064,11562,501,0,0,RTM,MDW;MMW;MRW;MTW,OK,NONE,NONE,2026-08-05
SPX,7410.0,-23106808.522834834,49.400248540420534,0.0,0.0,0.0,0.0,0.0,0.0,7812.103346347588,7686.596653652413,7874.856692695175,7623.843307304825,SEP26,AUG26,2026-08-06,2026-09-18,7749.35,7599.305665762463,FOUND,WARN,UNKNOWN_SERIES;ESTIMATED_EXPIRY_ALIAS,2026-08-02.2,PUT_CALL_PARITY,AUG26,AUG26=PUT_CALL_PARITY;SEP26=PUT_CALL_PARITY;DEC26=PUT_CALL_PARITY;NOV26=PUT_CALL_PARITY;OCT26=PUT_CALL_PARITY;DEC28=PUT_CALL_PARITY;DEC29=PUT_CALL_PARITY;DEC30=PUT_CALL_PARITY;JAN27=PUT_CALL_PARITY;MAR27=PUT_CALL_PARITY;SEP27=PUT_CALL_PARITY;JUN27=PUT_CALL_PARITY;JUN28=SERIES_FORWARD_CLUSTER;DEC27=PUT_CALL_PARITY;MAR28=PUT_CALL_PARITY;FEB27=PUT_CALL_PARITY;APR27=PUT_CALL_PARITY;MAY27=PUT_CALL_PARITY;JUL27=PUT_CALL_PARITY;AUG27=PUT_CALL_PARITY,AUG26=7749.35;SEP26=7753.15;DEC26=7883.5;NOV26=7810.75;OCT26=7815.375;DEC28=8379.75;DEC29=8684.75;DEC30=7840.337;JAN27=7882.5;MAR27=7955;SEP27=8104.25;JUN27=8026.625;JUN28=8918.5;DEC27=8108.25;MAR28=8197;FEB27=7881.125;APR27=7962.25;MAY27=7967.125;JUL27=8047.375;AUG27=8053.25,NONE,WEIGHTED_ATM,2026-08-14,6,441,0.0,NONE,12064,11562,501,0,0,RTM,MDW;MMW;MRW;MTW,OK,NONE,NONE,2026-08-05
SPX,7415.0,-2281518.6356854737,4.304961018494077,0.0,0.0,0.0,0.0,0.0,0.0,7812.103346347588,7686.596653652413,7874.856692695175,7623.843307304825,SEP26,AUG26,2026-08-06,2026-09-18,7749.35,7599.305665762463,FOUND,WARN,UNKNOWN_SERIES;ESTIMATED_EXPIRY_ALIAS,2026-08-02.2,PUT_CALL_PARITY,AUG26,AUG26=PUT_CALL_PARITY;SEP26=PUT_CALL_PARITY;DEC26=PUT_CALL_PARITY;NOV26=PUT_CALL_PARITY;OCT26=PUT_CALL_PARITY;DEC28=PUT_CALL_PARITY;DEC29=PUT_CALL_PARITY;DEC30=PUT_CALL_PARITY;JAN27=PUT_CALL_PARITY;MAR27=PUT_CALL_PARITY;SEP27=PUT_CALL_PARITY;JUN27=PUT_CALL_PARITY;JUN28=SERIES_FORWARD_CLUSTER;DEC27=PUT_CALL_PARITY;MAR28=PUT_CALL_PARITY;FEB27=PUT_CALL_PARITY;APR27=PUT_CALL_PARITY;MAY27=PUT_CALL_PARITY;JUL27=PUT_CALL_PARITY;AUG27=PUT_CALL_PARITY,AUG26=7749.35;SEP26=7753.15;DEC26=7883.5;NOV26=7810.75;OCT26=7815.375;DEC28=8379.75;DEC29=8684.75;DEC30=7840.337;JAN27=7882.5;MAR27=7955;SEP27=8104.25;JUN27=8026.625;JUN28=8918.5;DEC27=8108.25;MAR28=8197;FEB27=7881.125;APR27=7962.25;MAY27=7967.125;JUL27=8047.375;AUG27=8053.25,NONE,WEIGHTED_ATM,2026-08-14,6,441,0.0,NONE,12064,11562,501,0,0,RTM,MDW;MMW;MRW;MTW,OK,NONE,NONE,2026-08-05
SPX,7420.0,-16258660.159884479,42.397651395268255,0.0,0.0,0.0,0.0,0.0,0.0,7812.103346347588,7686.596653652413,7874.856692695175,7623.843307304825,SEP26,AUG26,2026-08-06,2026-09-18,7749.35,7599.305665762463,FOUND,WARN,UNKNOWN_SERIES;ESTIMATED_EXPIRY_ALIAS,2026-08-02.2,PUT_CALL_PARITY,AUG26,AUG26=PUT_CALL_PARITY;SEP26=PUT_CALL_PARITY;DEC26=PUT_CALL_PARITY;NOV26=PUT_CALL_PARITY;OCT26=PUT_CALL_PARITY;DEC28=PUT_CALL_PARITY;DEC29=PUT_CALL_PARITY;DEC30=PUT_CALL_PARITY;JAN27=PUT_CALL_PARITY;MAR27=PUT_CALL_PARITY;SEP27=PUT_CALL_PARITY;JUN27=PUT_CALL_PARITY;JUN28=SERIES_FORWARD_CLUSTER;DEC27=PUT_CALL_PARITY;MAR28=PUT_CALL_PARITY;FEB27=PUT_CALL_PARITY;APR27=PUT_CALL_PARITY;MAY27=PUT_CALL_PARITY;JUL27=PUT_CALL_PARITY;AUG27=PUT_CALL_PARITY,AUG26=7749.35;SEP26=7753.15;DEC26=7883.5;NOV26=7810.75;OCT26=7815.375;DEC28=8379.75;DEC29=8684.75;DEC30=7840.337;JAN27=7882.5;MAR27=7955;SEP27=8104.25;JUN27=8026.625;JUN28=8918.5;DEC27=8108.25;MAR28=8197;FEB27=7881.125;APR27=7962.25;MAY27=7967.125;JUL27=8047.375;AUG27=8053.25,NONE,WEIGHTED_ATM,2026-08-14,6,441,0.0,NONE,12064,11562,501,0,0,RTM,MDW;MMW;MRW;MTW,OK,NONE,NONE,2026-08-05
SPX,7425.0,-55184312.0488156,257.89612508205664,0.0,0.0,0.0,0.0,0.0,0.0,7812.103346347588,7686.596653652413,7874.856692695175,7623.843307304825,SEP26,AUG26,2026-08-06,2026-09-18,7749.35,7599.305665762463,FOUND,WARN,UNKNOWN_SERIES;ESTIMATED_EXPIRY_ALIAS,2026-08-02.2,PUT_CALL_PARITY,AUG26,AUG26=PUT_CALL_PARITY;SEP26=PUT_CALL_PARITY;DEC26=PUT_CALL_PARITY;NOV26=PUT_CALL_PARITY;OCT26=PUT_CALL_PARITY;DEC28=PUT_CALL_PARITY;DEC29=PUT_CALL_PARITY;DEC30=PUT_CALL_PARITY;JAN27=PUT_CALL_PARITY;MAR27=PUT_CALL_PARITY;SEP27=PUT_CALL_PARITY;JUN27=PUT_CALL_PARITY;JUN28=SERIES_FORWARD_CLUSTER;DEC27=PUT_CALL_PARITY;MAR28=PUT_CALL_PARITY;FEB27=PUT_CALL_PARITY;APR27=PUT_CALL_PARITY;MAY27=PUT_CALL_PARITY;JUL27=PUT_CALL_PARITY;AUG27=PUT_CALL_PARITY,AUG26=7749.35;SEP26=7753.15;DEC26=7883.5;NOV26=7810.75;OCT26=7815.375;DEC28=8379.75;DEC29=8684.75;DEC30=7840.337;JAN27=7882.5;MAR27=7955;SEP27=8104.25;JUN27=8026.625;JUN28=8918.5;DEC27=8108.25;MAR28=8197;FEB27=7881.125;APR27=7962.25;MAY27=7967.125;JUL27=8047.375;AUG27=8053.25,NONE,WEIGHTED_ATM,2026-08-14,6,441,0.0,NONE,12064,11562,501,0,0,RTM,MDW;MMW;MRW;MTW,OK,NONE,NONE,2026-08-05
SPX,7430.0,-24787859.59798216,54.0678152959896,0.0,0.0,0.0,0.0,0.0,0.0,7812.103346347588,7686.596653652413,7874.856692695175,7623.843307304825,SEP26,AUG26,2026-08-06,2026-09-18,7749.35,7599.305665762463,FOUND,WARN,UNKNOWN_SERIES;ESTIMATED_EXPIRY_ALIAS,2026-08-02.2,PUT_CALL_PARITY,AUG26,AUG26=PUT_CALL_PARITY;SEP26=PUT_CALL_PARITY;DEC26=PUT_CALL_PARITY;NOV26=PUT_CALL_PARITY;OCT26=PUT_CALL_PARITY;DEC28=PUT_CALL_PARITY;DEC29=PUT_CALL_PARITY;DEC30=PUT_CALL_PARITY;JAN27=PUT_CALL_PARITY;MAR27=PUT_CALL_PARITY;SEP27=PUT_CALL_PARITY;JUN27=PUT_CALL_PARITY;JUN28=SERIES_FORWARD_CLUSTER;DEC27=PUT_CALL_PARITY;MAR28=PUT_CALL_PARITY;FEB27=PUT_CALL_PARITY;APR27=PUT_CALL_PARITY;MAY27=PUT_CALL_PARITY;JUL27=PUT_CALL_PARITY;AUG27=PUT_CALL_PARITY,AUG26=7749.35;SEP26=7753.15;DEC26=7883.5;NOV26=7810.75;OCT26=7815.375;DEC28=8379.75;DEC29=8684.75;DEC30=7840.337;JAN27=7882.5;MAR27=7955;SEP27=8104.25;JUN27=8026.625;JUN28=8918.5;DEC27=8108.25;MAR28=8197;FEB27=7881.125;APR27=7962.25;MAY27=7967.125;JUL27=8047.375;AUG27=8053.25,NONE,WEIGHTED_ATM,2026-08-14,6,441,0.0,NONE,12064,11562,501,0,0,RTM,MDW;MMW;MRW;MTW,OK,NONE,NONE,2026-08-05
SPX,7435.0,-2861611.531311994,5.944951350550001,0.0,0.0,0.0,0.0,0.0,0.0,7812.103346347588,7686.596653652413,7874.856692695175,7623.843307304825,SEP26,AUG26,2026-08-06,2026-09-18,7749.35,7599.305665762463,FOUND,WARN,UNKNOWN_SERIES;ESTIMATED_EXPIRY_ALIAS,2026-08-02.2,PUT_CALL_PARITY,AUG26,AUG26=PUT_CALL_PARITY;SEP26=PUT_CALL_PARITY;DEC26=PUT_CALL_PARITY;NOV26=PUT_CALL_PARITY;OCT26=PUT_CALL_PARITY;DEC28=PUT_CALL_PARITY;DEC29=PUT_CALL_PARITY;DEC30=PUT_CALL_PARITY;JAN27=PUT_CALL_PARITY;MAR27=PUT_CALL_PARITY;SEP27=PUT_CALL_PARITY;JUN27=PUT_CALL_PARITY;JUN28=SERIES_FORWARD_CLUSTER;DEC27=PUT_CALL_PARITY;MAR28=PUT_CALL_PARITY;FEB27=PUT_CALL_PARITY;APR27=PUT_CALL_PARITY;MAY27=PUT_CALL_PARITY;JUL27=PUT_CALL_PARITY;AUG27=PUT_CALL_PARITY,AUG26=7749.35;SEP26=7753.15;DEC26=7883.5;NOV26=7810.75;OCT26=7815.375;DEC28=8379.75;DEC29=8684.75;DEC30=7840.337;JAN27=7882.5;MAR27=7955;SEP27=8104.25;JUN27=8026.625;JUN28=8918.5;DEC27=8108.25;MAR28=8197;FEB27=7881.125;APR27=7962.25;MAY27=7967.125;JUL27=8047.375;AUG27=8053.25,NONE,WEIGHTED_ATM,2026-08-14,6,441,0.0,NONE,12064,11562,501,0,0,RTM,MDW;MMW;MRW;MTW,OK,NONE,NONE,2026-08-05
SPX,7440.0,-9025225.006381486,73.27053871380795,0.0,0.0,0.0,0.0,0.0,0.0,7812.103346347588,7686.596653652413,7874.856692695175,7623.843307304825,SEP26,AUG26,2026-08-06,2026-09-18,7749.35,7599.305665762463,FOUND,WARN,UNKNOWN_SERIES;ESTIMATED_EXPIRY_ALIAS,2026-08-02.2,PUT_CALL_PARITY,AUG26,AUG26=PUT_CALL_PARITY;SEP26=PUT_CALL_PARITY;DEC26=PUT_CALL_PARITY;NOV26=PUT_CALL_PARITY;OCT26=PUT_CALL_PARITY;DEC28=PUT_CALL_PARITY;DEC29=PUT_CALL_PARITY;DEC30=PUT_CALL_PARITY;JAN27=PUT_CALL_PARITY;MAR27=PUT_CALL_PARITY;SEP27=PUT_CALL_PARITY;JUN27=PUT_CALL_PARITY;JUN28=SERIES_FORWARD_CLUSTER;DEC27=PUT_CALL_PARITY;MAR28=PUT_CALL_PARITY;FEB27=PUT_CALL_PARITY;APR27=PUT_CALL_PARITY;MAY27=PUT_CALL_PARITY;JUL27=PUT_CALL_PARITY;AUG27=PUT_CALL_PARITY,AUG26=7749.35;SEP26=7753.15;DEC26=7883.5;NOV26=7810.75;OCT26=7815.375;DEC28=8379.75;DEC29=8684.75;DEC30=7840.337;JAN27=7882.5;MAR27=7955;SEP27=8104.25;JUN27=8026.625;JUN28=8918.5;DEC27=8108.25;MAR28=8197;FEB27=7881.125;APR27=7962.25;MAY27=7967.125;JUL27=8047.375;AUG27=8053.25,NONE,WEIGHTED_ATM,2026-08-14,6,441,0.0,NONE,12064,11562,501,0,0,RTM,MDW;MMW;MRW;MTW,OK,NONE,NONE,2026-08-05
SPX,7445.0,-4394342.262980008,7.926405048591073,0.0,0.0,0.0,0.0,0.0,0.0,7812.103346347588,7686.596653652413,7874.856692695175,7623.843307304825,SEP26,AUG26,2026-08-06,2026-09-18,7749.35,7599.305665762463,FOUND,WARN,UNKNOWN_SERIES;ESTIMATED_EXPIRY_ALIAS,2026-08-02.2,PUT_CALL_PARITY,AUG26,AUG26=PUT_CALL_PARITY;SEP26=PUT_CALL_PARITY;DEC26=PUT_CALL_PARITY;NOV26=PUT_CALL_PARITY;OCT26=PUT_CALL_PARITY;DEC28=PUT_CALL_PARITY;DEC29=PUT_CALL_PARITY;DEC30=PUT_CALL_PARITY;JAN27=PUT_CALL_PARITY;MAR27=PUT_CALL_PARITY;SEP27=PUT_CALL_PARITY;JUN27=PUT_CALL_PARITY;JUN28=SERIES_FORWARD_CLUSTER;DEC27=PUT_CALL_PARITY;MAR28=PUT_CALL_PARITY;FEB27=PUT_CALL_PARITY;APR27=PUT_CALL_PARITY;MAY27=PUT_CALL_PARITY;JUL27=PUT_CALL_PARITY;AUG27=PUT_CALL_PARITY,AUG26=7749.35;SEP26=7753.15;DEC26=7883.5;NOV26=7810.75;OCT26=7815.375;DEC28=8379.75;DEC29=8684.75;DEC30=7840.337;JAN27=7882.5;MAR27=7955;SEP27=8104.25;JUN27=8026.625;JUN28=8918.5;DEC27=8108.25;MAR28=8197;FEB27=7881.125;APR27=7962.25;MAY27=7967.125;JUL27=8047.375;AUG27=8053.25,NONE,WEIGHTED_ATM,2026-08-14,6,441,0.0,NONE,12064,11562,501,0,0,RTM,MDW;MMW;MRW;MTW,OK,NONE,NONE,2026-08-05
SPX,7450.0,-239945573.5875228,1227.3672090726357,0.0,0.0,0.0,0.0,0.0,0.0,7812.103346347588,7686.596653652413,7874.856692695175,7623.843307304825,SEP26,AUG26,2026-08-06,2026-09-18,7749.35,7599.305665762463,FOUND,WARN,UNKNOWN_SERIES;ESTIMATED_EXPIRY_ALIAS,2026-08-02.2,PUT_CALL_PARITY,AUG26,AUG26=PUT_CALL_PARITY;SEP26=PUT_CALL_PARITY;DEC26=PUT_CALL_PARITY;NOV26=PUT_CALL_PARITY;OCT26=PUT_CALL_PARITY;DEC28=PUT_CALL_PARITY;DEC29=PUT_CALL_PARITY;DEC30=PUT_CALL_PARITY;JAN27=PUT_CALL_PARITY;MAR27=PUT_CALL_PARITY;SEP27=PUT_CALL_PARITY;JUN27=PUT_CALL_PARITY;JUN28=SERIES_FORWARD_CLUSTER;DEC27=PUT_CALL_PARITY;MAR28=PUT_CALL_PARITY;FEB27=PUT_CALL_PARITY;APR27=PUT_CALL_PARITY;MAY27=PUT_CALL_PARITY;JUL27=PUT_CALL_PARITY;AUG27=PUT_CALL_PARITY,AUG26=7749.35;SEP26=7753.15;DEC26=7883.5;NOV26=7810.75;OCT26=7815.375;DEC28=8379.75;DEC29=8684.75;DEC30=7840.337;JAN27=7882.5;MAR27=7955;SEP27=8104.25;JUN27=8026.625;JUN28=8918.5;DEC27=8108.25;MAR28=8197;FEB27=7881.125;APR27=7962.25;MAY27=7967.125;JUL27=8047.375;AUG27=8053.25,NONE,WEIGHTED_ATM,2026-08-14,6,441,0.0,NONE,12064,11562,501,0,0,RTM,MDW;MMW;MRW;MTW,OK,NONE,NONE,2026-08-05
SPX,7455.0,1012168.9627991051,8.964609786461764,0.0,0.0,0.0,0.0,0.0,0.0,7812.103346347588,7686.596653652413,7874.856692695175,7623.843307304825,SEP26,AUG26,2026-08-06,2026-09-18,7749.35,7599.305665762463,FOUND,WARN,UNKNOWN_SERIES;ESTIMATED_EXPIRY_ALIAS,2026-08-02.2,PUT_CALL_PARITY,AUG26,AUG26=PUT_CALL_PARITY;SEP26=PUT_CALL_PARITY;DEC26=PUT_CALL_PARITY;NOV26=PUT_CALL_PARITY;OCT26=PUT_CALL_PARITY;DEC28=PUT_CALL_PARITY;DEC29=PUT_CALL_PARITY;DEC30=PUT_CALL_PARITY;JAN27=PUT_CALL_PARITY;MAR27=PUT_CALL_PARITY;SEP27=PUT_CALL_PARITY;JUN27=PUT_CALL_PARITY;JUN28=SERIES_FORWARD_CLUSTER;DEC27=PUT_CALL_PARITY;MAR28=PUT_CALL_PARITY;FEB27=PUT_CALL_PARITY;APR27=PUT_CALL_PARITY;MAY27=PUT_CALL_PARITY;JUL27=PUT_CALL_PARITY;AUG27=PUT_CALL_PARITY,AUG26=7749.35;SEP26=7753.15;DEC26=7883.5;NOV26=7810.75;OCT26=7815.375;DEC28=8379.75;DEC29=8684.75;DEC30=7840.337;JAN27=7882.5;MAR27=7955;SEP27=8104.25;JUN27=8026.625;JUN28=8918.5;DEC27=8108.25;MAR28=8197;FEB27=7881.125;APR27=7962.25;MAY27=7967.125;JUL27=8047.375;AUG27=8053.25,NONE,WEIGHTED_ATM,2026-08-14,6,441,0.0,NONE,12064,11562,501,0,0,RTM,MDW;MMW;MRW;MTW,OK,NONE,NONE,2026-08-05
SPX,7460.0,-21642429.061290182,60.22041192530165,0.0,0.0,0.0,0.0,0.0,0.0,7812.103346347588,7686.596653652413,7874.856692695175,7623.843307304825,SEP26,AUG26,2026-08-06,2026-09-18,7749.35,7599.305665762463,FOUND,WARN,UNKNOWN_SERIES;ESTIMATED_EXPIRY_ALIAS,2026-08-02.2,PUT_CALL_PARITY,AUG26,AUG26=PUT_CALL_PARITY;SEP26=PUT_CALL_PARITY;DEC26=PUT_CALL_PARITY;NOV26=PUT_CALL_PARITY;OCT26=PUT_CALL_PARITY;DEC28=PUT_CALL_PARITY;DEC29=PUT_CALL_PARITY;DEC30=PUT_CALL_PARITY;JAN27=PUT_CALL_PARITY;MAR27=PUT_CALL_PARITY;SEP27=PUT_CALL_PARITY;JUN27=PUT_CALL_PARITY;JUN28=SERIES_FORWARD_CLUSTER;DEC27=PUT_CALL_PARITY;MAR28=PUT_CALL_PARITY;FEB27=PUT_CALL_PARITY;APR27=PUT_CALL_PARITY;MAY27=PUT_CALL_PARITY;JUL27=PUT_CALL_PARITY;AUG27=PUT_CALL_PARITY,AUG26=7749.35;SEP26=7753.15;DEC26=7883.5;NOV26=7810.75;OCT26=7815.375;DEC28=8379.75;DEC29=8684.75;DEC30=7840.337;JAN27=7882.5;MAR27=7955;SEP27=8104.25;JUN27=8026.625;JUN28=8918.5;DEC27=8108.25;MAR28=8197;FEB27=7881.125;APR27=7962.25;MAY27=7967.125;JUL27=8047.375;AUG27=8053.25,NONE,WEIGHTED_ATM,2026-08-14,6,441,0.0,NONE,12064,11562,501,0,0,RTM,MDW;MMW;MRW;MTW,OK,NONE,NONE,2026-08-05
SPX,7465.0,-3527566.659434437,7.7713016533753745,0.0,0.0,0.0,0.0,0.0,0.0,7812.103346347588,7686.596653652413,7874.856692695175,7623.843307304825,SEP26,AUG26,2026-08-06,2026-09-18,7749.35,7599.305665762463,FOUND,WARN,UNKNOWN_SERIES;ESTIMATED_EXPIRY_ALIAS,2026-08-02.2,PUT_CALL_PARITY,AUG26,AUG26=PUT_CALL_PARITY;SEP26=PUT_CALL_PARITY;DEC26=PUT_CALL_PARITY;NOV26=PUT_CALL_PARITY;OCT26=PUT_CALL_PARITY;DEC28=PUT_CALL_PARITY;DEC29=PUT_CALL_PARITY;DEC30=PUT_CALL_PARITY;JAN27=PUT_CALL_PARITY;MAR27=PUT_CALL_PARITY;SEP27=PUT_CALL_PARITY;JUN27=PUT_CALL_PARITY;JUN28=SERIES_FORWARD_CLUSTER;DEC27=PUT_CALL_PARITY;MAR28=PUT_CALL_PARITY;FEB27=PUT_CALL_PARITY;APR27=PUT_CALL_PARITY;MAY27=PUT_CALL_PARITY;JUL27=PUT_CALL_PARITY;AUG27=PUT_CALL_PARITY,AUG26=7749.35;SEP26=7753.15;DEC26=7883.5;NOV26=7810.75;OCT26=7815.375;DEC28=8379.75;DEC29=8684.75;DEC30=7840.337;JAN27=7882.5;MAR27=7955;SEP27=8104.25;JUN27=8026.625;JUN28=8918.5;DEC27=8108.25;MAR28=8197;FEB27=7881.125;APR27=7962.25;MAY27=7967.125;JUL27=8047.375;AUG27=8053.25,NONE,WEIGHTED_ATM,2026-08-14,6,441,0.0,NONE,12064,11562,501,0,0,RTM,MDW;MMW;MRW;MTW,OK,NONE,NONE,2026-08-05
SPX,7470.0,-26067503.80151873,82.08611265399706,0.0,0.0,0.0,0.0,0.0,0.0,7812.103346347588,7686.596653652413,7874.856692695175,7623.843307304825,SEP26,AUG26,2026-08-06,2026-09-18,7749.35,7599.305665762463,FOUND,WARN,UNKNOWN_SERIES;ESTIMATED_EXPIRY_ALIAS,2026-08-02.2,PUT_CALL_PARITY,AUG26,AUG26=PUT_CALL_PARITY;SEP26=PUT_CALL_PARITY;DEC26=PUT_CALL_PARITY;NOV26=PUT_CALL_PARITY;OCT26=PUT_CALL_PARITY;DEC28=PUT_CALL_PARITY;DEC29=PUT_CALL_PARITY;DEC30=PUT_CALL_PARITY;JAN27=PUT_CALL_PARITY;MAR27=PUT_CALL_PARITY;SEP27=PUT_CALL_PARITY;JUN27=PUT_CALL_PARITY;JUN28=SERIES_FORWARD_CLUSTER;DEC27=PUT_CALL_PARITY;MAR28=PUT_CALL_PARITY;FEB27=PUT_CALL_PARITY;APR27=PUT_CALL_PARITY;MAY27=PUT_CALL_PARITY;JUL27=PUT_CALL_PARITY;AUG27=PUT_CALL_PARITY,AUG26=7749.35;SEP26=7753.15;DEC26=7883.5;NOV26=7810.75;OCT26=7815.375;DEC28=8379.75;DEC29=8684.75;DEC30=7840.337;JAN27=7882.5;MAR27=7955;SEP27=8104.25;JUN27=8026.625;JUN28=8918.5;DEC27=8108.25;MAR28=8197;FEB27=7881.125;APR27=7962.25;MAY27=7967.125;JUL27=8047.375;AUG27=8053.25,NONE,WEIGHTED_ATM,2026-08-14,6,441,0.0,NONE,12064,11562,501,0,0,RTM,MDW;MMW;MRW;MTW,OK,NONE,NONE,2026-08-05
SPX,7475.0,-68356476.36230251,456.2191237165881,0.0,0.0,0.0,0.0,0.0,0.0,7812.103346347588,7686.596653652413,7874.856692695175,7623.843307304825,SEP26,AUG26,2026-08-06,2026-09-18,7749.35,7599.305665762463,FOUND,WARN,UNKNOWN_SERIES;ESTIMATED_EXPIRY_ALIAS,2026-08-02.2,PUT_CALL_PARITY,AUG26,AUG26=PUT_CALL_PARITY;SEP26=PUT_CALL_PARITY;DEC26=PUT_CALL_PARITY;NOV26=PUT_CALL_PARITY;OCT26=PUT_CALL_PARITY;DEC28=PUT_CALL_PARITY;DEC29=PUT_CALL_PARITY;DEC30=PUT_CALL_PARITY;JAN27=PUT_CALL_PARITY;MAR27=PUT_CALL_PARITY;SEP27=PUT_CALL_PARITY;JUN27=PUT_CALL_PARITY;JUN28=SERIES_FORWARD_CLUSTER;DEC27=PUT_CALL_PARITY;MAR28=PUT_CALL_PARITY;FEB27=PUT_CALL_PARITY;APR27=PUT_CALL_PARITY;MAY27=PUT_CALL_PARITY;JUL27=PUT_CALL_PARITY;AUG27=PUT_CALL_PARITY,AUG26=7749.35;SEP26=7753.15;DEC26=7883.5;NOV26=7810.75;OCT26=7815.375;DEC28=8379.75;DEC29=8684.75;DEC30=7840.337;JAN27=7882.5;MAR27=7955;SEP27=8104.25;JUN27=8026.625;JUN28=8918.5;DEC27=8108.25;MAR28=8197;FEB27=7881.125;APR27=7962.25;MAY27=7967.125;JUL27=8047.375;AUG27=8053.25,NONE,WEIGHTED_ATM,2026-08-14,6,441,0.0,NONE,12064,11562,501,0,0,RTM,MDW;MMW;MRW;MTW,OK,NONE,NONE,2026-08-05
SPX,7480.0,-16641264.440645836,86.59524666672245,0.0,0.0,0.0,0.0,0.0,0.0,7812.103346347588,7686.596653652413,7874.856692695175,7623.843307304825,SEP26,AUG26,2026-08-06,2026-09-18,7749.35,7599.305665762463,FOUND,WARN,UNKNOWN_SERIES;ESTIMATED_EXPIRY_ALIAS,2026-08-02.2,PUT_CALL_PARITY,AUG26,AUG26=PUT_CALL_PARITY;SEP26=PUT_CALL_PARITY;DEC26=PUT_CALL_PARITY;NOV26=PUT_CALL_PARITY;OCT26=PUT_CALL_PARITY;DEC28=PUT_CALL_PARITY;DEC29=PUT_CALL_PARITY;DEC30=PUT_CALL_PARITY;JAN27=PUT_CALL_PARITY;MAR27=PUT_CALL_PARITY;SEP27=PUT_CALL_PARITY;JUN27=PUT_CALL_PARITY;JUN28=SERIES_FORWARD_CLUSTER;DEC27=PUT_CALL_PARITY;MAR28=PUT_CALL_PARITY;FEB27=PUT_CALL_PARITY;APR27=PUT_CALL_PARITY;MAY27=PUT_CALL_PARITY;JUL27=PUT_CALL_PARITY;AUG27=PUT_CALL_PARITY,AUG26=7749.35;SEP26=7753.15;DEC26=7883.5;NOV26=7810.75;OCT26=7815.375;DEC28=8379.75;DEC29=8684.75;DEC30=7840.337;JAN27=7882.5;MAR27=7955;SEP27=8104.25;JUN27=8026.625;JUN28=8918.5;DEC27=8108.25;MAR28=8197;FEB27=7881.125;APR27=7962.25;MAY27=7967.125;JUL27=8047.375;AUG27=8053.25,NONE,WEIGHTED_ATM,2026-08-14,6,441,0.0,NONE,12064,11562,501,0,0,RTM,MDW;MMW;MRW;MTW,OK,NONE,NONE,2026-08-05
SPX,7485.0,-1573754.486565691,7.039608709620845,0.0,0.0,0.0,0.0,0.0,0.0,7812.103346347588,7686.596653652413,7874.856692695175,7623.843307304825,SEP26,AUG26,2026-08-06,2026-09-18,7749.35,7599.305665762463,FOUND,WARN,UNKNOWN_SERIES;ESTIMATED_EXPIRY_ALIAS,2026-08-02.2,PUT_CALL_PARITY,AUG26,AUG26=PUT_CALL_PARITY;SEP26=PUT_CALL_PARITY;DEC26=PUT_CALL_PARITY;NOV26=PUT_CALL_PARITY;OCT26=PUT_CALL_PARITY;DEC28=PUT_CALL_PARITY;DEC29=PUT_CALL_PARITY;DEC30=PUT_CALL_PARITY;JAN27=PUT_CALL_PARITY;MAR27=PUT_CALL_PARITY;SEP27=PUT_CALL_PARITY;JUN27=PUT_CALL_PARITY;JUN28=SERIES_FORWARD_CLUSTER;DEC27=PUT_CALL_PARITY;MAR28=PUT_CALL_PARITY;FEB27=PUT_CALL_PARITY;APR27=PUT_CALL_PARITY;MAY27=PUT_CALL_PARITY;JUL27=PUT_CALL_PARITY;AUG27=PUT_CALL_PARITY,AUG26=7749.35;SEP26=7753.15;DEC26=7883.5;NOV26=7810.75;OCT26=7815.375;DEC28=8379.75;DEC29=8684.75;DEC30=7840.337;JAN27=7882.5;MAR27=7955;SEP27=8104.25;JUN27=8026.625;JUN28=8918.5;DEC27=8108.25;MAR28=8197;FEB27=7881.125;APR27=7962.25;MAY27=7967.125;JUL27=8047.375;AUG27=8053.25,NONE,WEIGHTED_ATM,2026-08-14,6,441,0.0,NONE,12064,11562,501,0,0,RTM,MDW;MMW;MRW;MTW,OK,NONE,NONE,2026-08-05
SPX,7490.0,-6003766.722542695,81.1539065448024,0.0,0.0,0.0,0.0,0.0,0.0,7812.103346347588,7686.596653652413,7874.856692695175,7623.843307304825,SEP26,AUG26,2026-08-06,2026-09-18,7749.35,7599.305665762463,FOUND,WARN,UNKNOWN_SERIES;ESTIMATED_EXPIRY_ALIAS,2026-08-02.2,PUT_CALL_PARITY,AUG26,AUG26=PUT_CALL_PARITY;SEP26=PUT_CALL_PARITY;DEC26=PUT_CALL_PARITY;NOV26=PUT_CALL_PARITY;OCT26=PUT_CALL_PARITY;DEC28=PUT_CALL_PARITY;DEC29=PUT_CALL_PARITY;DEC30=PUT_CALL_PARITY;JAN27=PUT_CALL_PARITY;MAR27=PUT_CALL_PARITY;SEP27=PUT_CALL_PARITY;JUN27=PUT_CALL_PARITY;JUN28=SERIES_FORWARD_CLUSTER;DEC27=PUT_CALL_PARITY;MAR28=PUT_CALL_PARITY;FEB27=PUT_CALL_PARITY;APR27=PUT_CALL_PARITY;MAY27=PUT_CALL_PARITY;JUL27=PUT_CALL_PARITY;AUG27=PUT_CALL_PARITY,AUG26=7749.35;SEP26=7753.15;DEC26=7883.5;NOV26=7810.75;OCT26=7815.375;DEC28=8379.75;DEC29=8684.75;DEC30=7840.337;JAN27=7882.5;MAR27=7955;SEP27=8104.25;JUN27=8026.625;JUN28=8918.5;DEC27=8108.25;MAR28=8197;FEB27=7881.125;APR27=7962.25;MAY27=7967.125;JUL27=8047.375;AUG27=8053.25,NONE,WEIGHTED_ATM,2026-08-14,6,441,0.0,NONE,12064,11562,501,0,0,RTM,MDW;MMW;MRW;MTW,OK,NONE,NONE,2026-08-05
SPX,7495.0,-5125680.637949207,15.224797160179802,0.0,0.0,0.0,0.0,0.0,0.0,7812.103346347588,7686.596653652413,7874.856692695175,7623.843307304825,SEP26,AUG26,2026-08-06,2026-09-18,7749.35,7599.305665762463,FOUND,WARN,UNKNOWN_SERIES;ESTIMATED_EXPIRY_ALIAS,2026-08-02.2,PUT_CALL_PARITY,AUG26,AUG26=PUT_CALL_PARITY;SEP26=PUT_CALL_PARITY;DEC26=PUT_CALL_PARITY;NOV26=PUT_CALL_PARITY;OCT26=PUT_CALL_PARITY;DEC28=PUT_CALL_PARITY;DEC29=PUT_CALL_PARITY;DEC30=PUT_CALL_PARITY;JAN27=PUT_CALL_PARITY;MAR27=PUT_CALL_PARITY;SEP27=PUT_CALL_PARITY;JUN27=PUT_CALL_PARITY;JUN28=SERIES_FORWARD_CLUSTER;DEC27=PUT_CALL_PARITY;MAR28=PUT_CALL_PARITY;FEB27=PUT_CALL_PARITY;APR27=PUT_CALL_PARITY;MAY27=PUT_CALL_PARITY;JUL27=PUT_CALL_PARITY;AUG27=PUT_CALL_PARITY,AUG26=7749.35;SEP26=7753.15;DEC26=7883.5;NOV26=7810.75;OCT26=7815.375;DEC28=8379.75;DEC29=8684.75;DEC30=7840.337;JAN27=7882.5;MAR27=7955;SEP27=8104.25;JUN27=8026.625;JUN28=8918.5;DEC27=8108.25;MAR28=8197;FEB27=7881.125;APR27=7962.25;MAY27=7967.125;JUL27=8047.375;AUG27=8053.25,NONE,WEIGHTED_ATM,2026-08-14,6,441,0.0,NONE,12064,11562,501,0,0,RTM,MDW;MMW;MRW;MTW,OK,NONE,NONE,2026-08-05
SPX,7500.0,-306714779.725807,2412.759331268034,0.0,0.0,0.0,0.0,0.0,0.0,7812.103346347588,7686.596653652413,7874.856692695175,7623.843307304825,SEP26,AUG26,2026-08-06,2026-09-18,7749.35,7599.305665762463,FOUND,WARN,UNKNOWN_SERIES;ESTIMATED_EXPIRY_ALIAS,2026-08-02.2,PUT_CALL_PARITY,AUG26,AUG26=PUT_CALL_PARITY;SEP26=PUT_CALL_PARITY;DEC26=PUT_CALL_PARITY;NOV26=PUT_CALL_PARITY;OCT26=PUT_CALL_PARITY;DEC28=PUT_CALL_PARITY;DEC29=PUT_CALL_PARITY;DEC30=PUT_CALL_PARITY;JAN27=PUT_CALL_PARITY;MAR27=PUT_CALL_PARITY;SEP27=PUT_CALL_PARITY;JUN27=PUT_CALL_PARITY;JUN28=SERIES_FORWARD_CLUSTER;DEC27=PUT_CALL_PARITY;MAR28=PUT_CALL_PARITY;FEB27=PUT_CALL_PARITY;APR27=PUT_CALL_PARITY;MAY27=PUT_CALL_PARITY;JUL27=PUT_CALL_PARITY;AUG27=PUT_CALL_PARITY,AUG26=7749.35;SEP26=7753.15;DEC26=7883.5;NOV26=7810.75;OCT26=7815.375;DEC28=8379.75;DEC29=8684.75;DEC30=7840.337;JAN27=7882.5;MAR27=7955;SEP27=8104.25;JUN27=8026.625;JUN28=8918.5;DEC27=8108.25;MAR28=8197;FEB27=7881.125;APR27=7962.25;MAY27=7967.125;JUL27=8047.375;AUG27=8053.25,NONE,WEIGHTED_ATM,2026-08-14,6,441,0.0,NONE,12064,11562,501,0,0,RTM,MDW;MMW;MRW;MTW,OK,NONE,NONE,2026-08-05
SPX,7505.0,771074.465200521,12.885658554045385,0.0,0.0,0.0,0.0,0.0,0.0,7812.103346347588,7686.596653652413,7874.856692695175,7623.843307304825,SEP26,AUG26,2026-08-06,2026-09-18,7749.35,7599.305665762463,FOUND,WARN,UNKNOWN_SERIES;ESTIMATED_EXPIRY_ALIAS,2026-08-02.2,PUT_CALL_PARITY,AUG26,AUG26=PUT_CALL_PARITY;SEP26=PUT_CALL_PARITY;DEC26=PUT_CALL_PARITY;NOV26=PUT_CALL_PARITY;OCT26=PUT_CALL_PARITY;DEC28=PUT_CALL_PARITY;DEC29=PUT_CALL_PARITY;DEC30=PUT_CALL_PARITY;JAN27=PUT_CALL_PARITY;MAR27=PUT_CALL_PARITY;SEP27=PUT_CALL_PARITY;JUN27=PUT_CALL_PARITY;JUN28=SERIES_FORWARD_CLUSTER;DEC27=PUT_CALL_PARITY;MAR28=PUT_CALL_PARITY;FEB27=PUT_CALL_PARITY;APR27=PUT_CALL_PARITY;MAY27=PUT_CALL_PARITY;JUL27=PUT_CALL_PARITY;AUG27=PUT_CALL_PARITY,AUG26=7749.35;SEP26=7753.15;DEC26=7883.5;NOV26=7810.75;OCT26=7815.375;DEC28=8379.75;DEC29=8684.75;DEC30=7840.337;JAN27=7882.5;MAR27=7955;SEP27=8104.25;JUN27=8026.625;JUN28=8918.5;DEC27=8108.25;MAR28=8197;FEB27=7881.125;APR27=7962.25;MAY27=7967.125;JUL27=8047.375;AUG27=8053.25,NONE,WEIGHTED_ATM,2026-08-14,6,441,0.0,NONE,12064,11562,501,0,0,RTM,MDW;MMW;MRW;MTW,OK,NONE,NONE,2026-08-05
SPX,7510.0,-45196492.30554846,157.9962722402278,0.0,0.0,0.0,0.0,0.0,0.0,7812.103346347588,7686.596653652413,7874.856692695175,7623.843307304825,SEP26,AUG26,2026-08-06,2026-09-18,7749.35,7599.305665762463,FOUND,WARN,UNKNOWN_SERIES;ESTIMATED_EXPIRY_ALIAS,2026-08-02.2,PUT_CALL_PARITY,AUG26,AUG26=PUT_CALL_PARITY;SEP26=PUT_CALL_PARITY;DEC26=PUT_CALL_PARITY;NOV26=PUT_CALL_PARITY;OCT26=PUT_CALL_PARITY;DEC28=PUT_CALL_PARITY;DEC29=PUT_CALL_PARITY;DEC30=PUT_CALL_PARITY;JAN27=PUT_CALL_PARITY;MAR27=PUT_CALL_PARITY;SEP27=PUT_CALL_PARITY;JUN27=PUT_CALL_PARITY;JUN28=SERIES_FORWARD_CLUSTER;DEC27=PUT_CALL_PARITY;MAR28=PUT_CALL_PARITY;FEB27=PUT_CALL_PARITY;APR27=PUT_CALL_PARITY;MAY27=PUT_CALL_PARITY;JUL27=PUT_CALL_PARITY;AUG27=PUT_CALL_PARITY,AUG26=7749.35;SEP26=7753.15;DEC26=7883.5;NOV26=7810.75;OCT26=7815.375;DEC28=8379.75;DEC29=8684.75;DEC30=7840.337;JAN27=7882.5;MAR27=7955;SEP27=8104.25;JUN27=8026.625;JUN28=8918.5;DEC27=8108.25;MAR28=8197;FEB27=7881.125;APR27=7962.25;MAY27=7967.125;JUL27=8047.375;AUG27=8053.25,NONE,WEIGHTED_ATM,2026-08-14,6,441,0.0,NONE,12064,11562,501,0,0,RTM,MDW;MMW;MRW;MTW,OK,NONE,NONE,2026-08-05
SPX,7515.0,-1876213.7778702385,21.44835227722927,0.0,0.0,0.0,0.0,0.0,0.0,7812.103346347588,7686.596653652413,7874.856692695175,7623.843307304825,SEP26,AUG26,2026-08-06,2026-09-18,7749.35,7599.305665762463,FOUND,WARN,UNKNOWN_SERIES;ESTIMATED_EXPIRY_ALIAS,2026-08-02.2,PUT_CALL_PARITY,AUG26,AUG26=PUT_CALL_PARITY;SEP26=PUT_CALL_PARITY;DEC26=PUT_CALL_PARITY;NOV26=PUT_CALL_PARITY;OCT26=PUT_CALL_PARITY;DEC28=PUT_CALL_PARITY;DEC29=PUT_CALL_PARITY;DEC30=PUT_CALL_PARITY;JAN27=PUT_CALL_PARITY;MAR27=PUT_CALL_PARITY;SEP27=PUT_CALL_PARITY;JUN27=PUT_CALL_PARITY;JUN28=SERIES_FORWARD_CLUSTER;DEC27=PUT_CALL_PARITY;MAR28=PUT_CALL_PARITY;FEB27=PUT_CALL_PARITY;APR27=PUT_CALL_PARITY;MAY27=PUT_CALL_PARITY;JUL27=PUT_CALL_PARITY;AUG27=PUT_CALL_PARITY,AUG26=7749.35;SEP26=7753.15;DEC26=7883.5;NOV26=7810.75;OCT26=7815.375;DEC28=8379.75;DEC29=8684.75;DEC30=7840.337;JAN27=7882.5;MAR27=7955;SEP27=8104.25;JUN27=8026.625;JUN28=8918.5;DEC27=8108.25;MAR28=8197;FEB27=7881.125;APR27=7962.25;MAY27=7967.125;JUL27=8047.375;AUG27=8053.25,NONE,WEIGHTED_ATM,2026-08-14,6,441,0.0,NONE,12064,11562,501,0,0,RTM,MDW;MMW;MRW;MTW,OK,NONE,NONE,2026-08-05
SPX,7520.0,-4359246.796538304,138.61658616910896,0.0,0.0,0.0,0.0,0.0,0.0,7812.103346347588,7686.596653652413,7874.856692695175,7623.843307304825,SEP26,AUG26,2026-08-06,2026-09-18,7749.35,7599.305665762463,FOUND,WARN,UNKNOWN_SERIES;ESTIMATED_EXPIRY_ALIAS,2026-08-02.2,PUT_CALL_PARITY,AUG26,AUG26=PUT_CALL_PARITY;SEP26=PUT_CALL_PARITY;DEC26=PUT_CALL_PARITY;NOV26=PUT_CALL_PARITY;OCT26=PUT_CALL_PARITY;DEC28=PUT_CALL_PARITY;DEC29=PUT_CALL_PARITY;DEC30=PUT_CALL_PARITY;JAN27=PUT_CALL_PARITY;MAR27=PUT_CALL_PARITY;SEP27=PUT_CALL_PARITY;JUN27=PUT_CALL_PARITY;JUN28=SERIES_FORWARD_CLUSTER;DEC27=PUT_CALL_PARITY;MAR28=PUT_CALL_PARITY;FEB27=PUT_CALL_PARITY;APR27=PUT_CALL_PARITY;MAY27=PUT_CALL_PARITY;JUL27=PUT_CALL_PARITY;AUG27=PUT_CALL_PARITY,AUG26=7749.35;SEP26=7753.15;DEC26=7883.5;NOV26=7810.75;OCT26=7815.375;DEC28=8379.75;DEC29=8684.75;DEC30=7840.337;JAN27=7882.5;MAR27=7955;SEP27=8104.25;JUN27=8026.625;JUN28=8918.5;DEC27=8108.25;MAR28=8197;FEB27=7881.125;APR27=7962.25;MAY27=7967.125;JUL27=8047.375;AUG27=8053.25,NONE,WEIGHTED_ATM,2026-08-14,6,441,0.0,NONE,12064,11562,501,0,0,RTM,MDW;MMW;MRW;MTW,OK,NONE,NONE,2026-08-05
SPX,7525.0,-46246552.845274515,901.3527850127591,0.0,0.0,0.0,0.0,0.0,0.0,7812.103346347588,7686.596653652413,7874.856692695175,7623.843307304825,SEP26,AUG26,2026-08-06,2026-09-18,7749.35,7599.305665762463,FOUND,WARN,UNKNOWN_SERIES;ESTIMATED_EXPIRY_ALIAS,2026-08-02.2,PUT_CALL_PARITY,AUG26,AUG26=PUT_CALL_PARITY;SEP26=PUT_CALL_PARITY;DEC26=PUT_CALL_PARITY;NOV26=PUT_CALL_PARITY;OCT26=PUT_CALL_PARITY;DEC28=PUT_CALL_PARITY;DEC29=PUT_CALL_PARITY;DEC30=PUT_CALL_PARITY;JAN27=PUT_CALL_PARITY;MAR27=PUT_CALL_PARITY;SEP27=PUT_CALL_PARITY;JUN27=PUT_CALL_PARITY;JUN28=SERIES_FORWARD_CLUSTER;DEC27=PUT_CALL_PARITY;MAR28=PUT_CALL_PARITY;FEB27=PUT_CALL_PARITY;APR27=PUT_CALL_PARITY;MAY27=PUT_CALL_PARITY;JUL27=PUT_CALL_PARITY;AUG27=PUT_CALL_PARITY,AUG26=7749.35;SEP26=7753.15;DEC26=7883.5;NOV26=7810.75;OCT26=7815.375;DEC28=8379.75;DEC29=8684.75;DEC30=7840.337;JAN27=7882.5;MAR27=7955;SEP27=8104.25;JUN27=8026.625;JUN28=8918.5;DEC27=8108.25;MAR28=8197;FEB27=7881.125;APR27=7962.25;MAY27=7967.125;JUL27=8047.375;AUG27=8053.25,NONE,WEIGHTED_ATM,2026-08-14,6,441,0.0,NONE,12064,11562,501,0,0,RTM,MDW;MMW;MRW;MTW,OK,NONE,NONE,2026-08-05
SPX,7530.0,-12217175.669637838,145.5352844768808,0.0,0.0,0.0,0.0,0.0,0.0,7812.103346347588,7686.596653652413,7874.856692695175,7623.843307304825,SEP26,AUG26,2026-08-06,2026-09-18,7749.35,7599.305665762463,FOUND,WARN,UNKNOWN_SERIES;ESTIMATED_EXPIRY_ALIAS,2026-08-02.2,PUT_CALL_PARITY,AUG26,AUG26=PUT_CALL_PARITY;SEP26=PUT_CALL_PARITY;DEC26=PUT_CALL_PARITY;NOV26=PUT_CALL_PARITY;OCT26=PUT_CALL_PARITY;DEC28=PUT_CALL_PARITY;DEC29=PUT_CALL_PARITY;DEC30=PUT_CALL_PARITY;JAN27=PUT_CALL_PARITY;MAR27=PUT_CALL_PARITY;SEP27=PUT_CALL_PARITY;JUN27=PUT_CALL_PARITY;JUN28=SERIES_FORWARD_CLUSTER;DEC27=PUT_CALL_PARITY;MAR28=PUT_CALL_PARITY;FEB27=PUT_CALL_PARITY;APR27=PUT_CALL_PARITY;MAY27=PUT_CALL_PARITY;JUL27=PUT_CALL_PARITY;AUG27=PUT_CALL_PARITY,AUG26=7749.35;SEP26=7753.15;DEC26=7883.5;NOV26=7810.75;OCT26=7815.375;DEC28=8379.75;DEC29=8684.75;DEC30=7840.337;JAN27=7882.5;MAR27=7955;SEP27=8104.25;JUN27=8026.625;JUN28=8918.5;DEC27=8108.25;MAR28=8197;FEB27=7881.125;APR27=7962.25;MAY27=7967.125;JUL27=8047.375;AUG27=8053.25,NONE,WEIGHTED_ATM,2026-08-14,6,441,0.0,NONE,12064,11562,501,0,0,RTM,MDW;MMW;MRW;MTW,OK,NONE,NONE,2026-08-05
SPX,7535.0,-6848606.6383167,33.96694967898506,0.0,0.0,0.0,0.0,0.0,0.0,7812.103346347588,7686.596653652413,7874.856692695175,7623.843307304825,SEP26,AUG26,2026-08-06,2026-09-18,7749.35,7599.305665762463,FOUND,WARN,UNKNOWN_SERIES;ESTIMATED_EXPIRY_ALIAS,2026-08-02.2,PUT_CALL_PARITY,AUG26,AUG26=PUT_CALL_PARITY;SEP26=PUT_CALL_PARITY;DEC26=PUT_CALL_PARITY;NOV26=PUT_CALL_PARITY;OCT26=PUT_CALL_PARITY;DEC28=PUT_CALL_PARITY;DEC29=PUT_CALL_PARITY;DEC30=PUT_CALL_PARITY;JAN27=PUT_CALL_PARITY;MAR27=PUT_CALL_PARITY;SEP27=PUT_CALL_PARITY;JUN27=PUT_CALL_PARITY;JUN28=SERIES_FORWARD_CLUSTER;DEC27=PUT_CALL_PARITY;MAR28=PUT_CALL_PARITY;FEB27=PUT_CALL_PARITY;APR27=PUT_CALL_PARITY;MAY27=PUT_CALL_PARITY;JUL27=PUT_CALL_PARITY;AUG27=PUT_CALL_PARITY,AUG26=7749.35;SEP26=7753.15;DEC26=7883.5;NOV26=7810.75;OCT26=7815.375;DEC28=8379.75;DEC29=8684.75;DEC30=7840.337;JAN27=7882.5;MAR27=7955;SEP27=8104.25;JUN27=8026.625;JUN28=8918.5;DEC27=8108.25;MAR28=8197;FEB27=7881.125;APR27=7962.25;MAY27=7967.125;JUL27=8047.375;AUG27=8053.25,NONE,WEIGHTED_ATM,2026-08-14,6,441,0.0,NONE,12064,11562,501,0,0,RTM,MDW;MMW;MRW;MTW,OK,NONE,NONE,2026-08-05
SPX,7540.0,-24433003.768432956,220.62351012276616,0.0,0.0,0.0,0.0,0.0,0.0,7812.103346347588,7686.596653652413,7874.856692695175,7623.843307304825,SEP26,AUG26,2026-08-06,2026-09-18,7749.35,7599.305665762463,FOUND,WARN,UNKNOWN_SERIES;ESTIMATED_EXPIRY_ALIAS,2026-08-02.2,PUT_CALL_PARITY,AUG26,AUG26=PUT_CALL_PARITY;SEP26=PUT_CALL_PARITY;DEC26=PUT_CALL_PARITY;NOV26=PUT_CALL_PARITY;OCT26=PUT_CALL_PARITY;DEC28=PUT_CALL_PARITY;DEC29=PUT_CALL_PARITY;DEC30=PUT_CALL_PARITY;JAN27=PUT_CALL_PARITY;MAR27=PUT_CALL_PARITY;SEP27=PUT_CALL_PARITY;JUN27=PUT_CALL_PARITY;JUN28=SERIES_FORWARD_CLUSTER;DEC27=PUT_CALL_PARITY;MAR28=PUT_CALL_PARITY;FEB27=PUT_CALL_PARITY;APR27=PUT_CALL_PARITY;MAY27=PUT_CALL_PARITY;JUL27=PUT_CALL_PARITY;AUG27=PUT_CALL_PARITY,AUG26=7749.35;SEP26=7753.15;DEC26=7883.5;NOV26=7810.75;OCT26=7815.375;DEC28=8379.75;DEC29=8684.75;DEC30=7840.337;JAN27=7882.5;MAR27=7955;SEP27=8104.25;JUN27=8026.625;JUN28=8918.5;DEC27=8108.25;MAR28=8197;FEB27=7881.125;APR27=7962.25;MAY27=7967.125;JUL27=8047.375;AUG27=8053.25,NONE,WEIGHTED_ATM,2026-08-14,6,441,0.0,NONE,12064,11562,501,0,0,RTM,MDW;MMW;MRW;MTW,OK,NONE,NONE,2026-08-05
SPX,7545.0,-8587937.466278786,36.205990955648545,0.0,0.0,0.0,0.0,0.0,0.0,7812.103346347588,7686.596653652413,7874.856692695175,7623.843307304825,SEP26,AUG26,2026-08-06,2026-09-18,7749.35,7599.305665762463,FOUND,WARN,UNKNOWN_SERIES;ESTIMATED_EXPIRY_ALIAS,2026-08-02.2,PUT_CALL_PARITY,AUG26,AUG26=PUT_CALL_PARITY;SEP26=PUT_CALL_PARITY;DEC26=PUT_CALL_PARITY;NOV26=PUT_CALL_PARITY;OCT26=PUT_CALL_PARITY;DEC28=PUT_CALL_PARITY;DEC29=PUT_CALL_PARITY;DEC30=PUT_CALL_PARITY;JAN27=PUT_CALL_PARITY;MAR27=PUT_CALL_PARITY;SEP27=PUT_CALL_PARITY;JUN27=PUT_CALL_PARITY;JUN28=SERIES_FORWARD_CLUSTER;DEC27=PUT_CALL_PARITY;MAR28=PUT_CALL_PARITY;FEB27=PUT_CALL_PARITY;APR27=PUT_CALL_PARITY;MAY27=PUT_CALL_PARITY;JUL27=PUT_CALL_PARITY;AUG27=PUT_CALL_PARITY,AUG26=7749.35;SEP26=7753.15;DEC26=7883.5;NOV26=7810.75;OCT26=7815.375;DEC28=8379.75;DEC29=8684.75;DEC30=7840.337;JAN27=7882.5;MAR27=7955;SEP27=8104.25;JUN27=8026.625;JUN28=8918.5;DEC27=8108.25;MAR28=8197;FEB27=7881.125;APR27=7962.25;MAY27=7967.125;JUL27=8047.375;AUG27=8053.25,NONE,WEIGHTED_ATM,2026-08-14,6,441,0.0,NONE,12064,11562,501,0,0,RTM,MDW;MMW;MRW;MTW,OK,NONE,NONE,2026-08-05
SPX,7550.0,-177880300.41695338,2126.477152014013,0.0,0.0,0.0,0.0,0.0,0.0,7812.103346347588,7686.596653652413,7874.856692695175,7623.843307304825,SEP26,AUG26,2026-08-06,2026-09-18,7749.35,7599.305665762463,FOUND,WARN,UNKNOWN_SERIES;ESTIMATED_EXPIRY_ALIAS,2026-08-02.2,PUT_CALL_PARITY,AUG26,AUG26=PUT_CALL_PARITY;SEP26=PUT_CALL_PARITY;DEC26=PUT_CALL_PARITY;NOV26=PUT_CALL_PARITY;OCT26=PUT_CALL_PARITY;DEC28=PUT_CALL_PARITY;DEC29=PUT_CALL_PARITY;DEC30=PUT_CALL_PARITY;JAN27=PUT_CALL_PARITY;MAR27=PUT_CALL_PARITY;SEP27=PUT_CALL_PARITY;JUN27=PUT_CALL_PARITY;JUN28=SERIES_FORWARD_CLUSTER;DEC27=PUT_CALL_PARITY;MAR28=PUT_CALL_PARITY;FEB27=PUT_CALL_PARITY;APR27=PUT_CALL_PARITY;MAY27=PUT_CALL_PARITY;JUL27=PUT_CALL_PARITY;AUG27=PUT_CALL_PARITY,AUG26=7749.35;SEP26=7753.15;DEC26=7883.5;NOV26=7810.75;OCT26=7815.375;DEC28=8379.75;DEC29=8684.75;DEC30=7840.337;JAN27=7882.5;MAR27=7955;SEP27=8104.25;JUN27=8026.625;JUN28=8918.5;DEC27=8108.25;MAR28=8197;FEB27=7881.125;APR27=7962.25;MAY27=7967.125;JUL27=8047.375;AUG27=8053.25,NONE,WEIGHTED_ATM,2026-08-14,6,441,0.0,NONE,12064,11562,501,0,0,RTM,MDW;MMW;MRW;MTW,OK,NONE,NONE,2026-08-05
SPX,7555.0,-4512617.186496794,94.98033018027171,0.0,0.0,0.0,0.0,0.0,0.0,7812.103346347588,7686.596653652413,7874.856692695175,7623.843307304825,SEP26,AUG26,2026-08-06,2026-09-18,7749.35,7599.305665762463,FOUND,WARN,UNKNOWN_SERIES;ESTIMATED_EXPIRY_ALIAS,2026-08-02.2,PUT_CALL_PARITY,AUG26,AUG26=PUT_CALL_PARITY;SEP26=PUT_CALL_PARITY;DEC26=PUT_CALL_PARITY;NOV26=PUT_CALL_PARITY;OCT26=PUT_CALL_PARITY;DEC28=PUT_CALL_PARITY;DEC29=PUT_CALL_PARITY;DEC30=PUT_CALL_PARITY;JAN27=PUT_CALL_PARITY;MAR27=PUT_CALL_PARITY;SEP27=PUT_CALL_PARITY;JUN27=PUT_CALL_PARITY;JUN28=SERIES_FORWARD_CLUSTER;DEC27=PUT_CALL_PARITY;MAR28=PUT_CALL_PARITY;FEB27=PUT_CALL_PARITY;APR27=PUT_CALL_PARITY;MAY27=PUT_CALL_PARITY;JUL27=PUT_CALL_PARITY;AUG27=PUT_CALL_PARITY,AUG26=7749.35;SEP26=7753.15;DEC26=7883.5;NOV26=7810.75;OCT26=7815.375;DEC28=8379.75;DEC29=8684.75;DEC30=7840.337;JAN27=7882.5;MAR27=7955;SEP27=8104.25;JUN27=8026.625;JUN28=8918.5;DEC27=8108.25;MAR28=8197;FEB27=7881.125;APR27=7962.25;MAY27=7967.125;JUL27=8047.375;AUG27=8053.25,NONE,WEIGHTED_ATM,2026-08-14,6,441,0.0,NONE,12064,11562,501,0,0,RTM,MDW;MMW;MRW;MTW,OK,NONE,NONE,2026-08-05
SPX,7560.0,24199439.132130492,203.82064975755117,0.0,0.0,0.0,0.0,0.0,0.0,7812.103346347588,7686.596653652413,7874.856692695175,7623.843307304825,SEP26,AUG26,2026-08-06,2026-09-18,7749.35,7599.305665762463,FOUND,WARN,UNKNOWN_SERIES;ESTIMATED_EXPIRY_ALIAS,2026-08-02.2,PUT_CALL_PARITY,AUG26,AUG26=PUT_CALL_PARITY;SEP26=PUT_CALL_PARITY;DEC26=PUT_CALL_PARITY;NOV26=PUT_CALL_PARITY;OCT26=PUT_CALL_PARITY;DEC28=PUT_CALL_PARITY;DEC29=PUT_CALL_PARITY;DEC30=PUT_CALL_PARITY;JAN27=PUT_CALL_PARITY;MAR27=PUT_CALL_PARITY;SEP27=PUT_CALL_PARITY;JUN27=PUT_CALL_PARITY;JUN28=SERIES_FORWARD_CLUSTER;DEC27=PUT_CALL_PARITY;MAR28=PUT_CALL_PARITY;FEB27=PUT_CALL_PARITY;APR27=PUT_CALL_PARITY;MAY27=PUT_CALL_PARITY;JUL27=PUT_CALL_PARITY;AUG27=PUT_CALL_PARITY,AUG26=7749.35;SEP26=7753.15;DEC26=7883.5;NOV26=7810.75;OCT26=7815.375;DEC28=8379.75;DEC29=8684.75;DEC30=7840.337;JAN27=7882.5;MAR27=7955;SEP27=8104.25;JUN27=8026.625;JUN28=8918.5;DEC27=8108.25;MAR28=8197;FEB27=7881.125;APR27=7962.25;MAY27=7967.125;JUL27=8047.375;AUG27=8053.25,NONE,WEIGHTED_ATM,2026-08-14,6,441,0.0,NONE,12064,11562,501,0,0,RTM,MDW;MMW;MRW;MTW,OK,NONE,NONE,2026-08-05
SPX,7565.0,-5744560.579288342,33.499449929171625,0.0,0.0,0.0,0.0,0.0,0.0,7812.103346347588,7686.596653652413,7874.856692695175,7623.843307304825,SEP26,AUG26,2026-08-06,2026-09-18,7749.35,7599.305665762463,FOUND,WARN,UNKNOWN_SERIES;ESTIMATED_EXPIRY_ALIAS,2026-08-02.2,PUT_CALL_PARITY,AUG26,AUG26=PUT_CALL_PARITY;SEP26=PUT_CALL_PARITY;DEC26=PUT_CALL_PARITY;NOV26=PUT_CALL_PARITY;OCT26=PUT_CALL_PARITY;DEC28=PUT_CALL_PARITY;DEC29=PUT_CALL_PARITY;DEC30=PUT_CALL_PARITY;JAN27=PUT_CALL_PARITY;MAR27=PUT_CALL_PARITY;SEP27=PUT_CALL_PARITY;JUN27=PUT_CALL_PARITY;JUN28=SERIES_FORWARD_CLUSTER;DEC27=PUT_CALL_PARITY;MAR28=PUT_CALL_PARITY;FEB27=PUT_CALL_PARITY;APR27=PUT_CALL_PARITY;MAY27=PUT_CALL_PARITY;JUL27=PUT_CALL_PARITY;AUG27=PUT_CALL_PARITY,AUG26=7749.35;SEP26=7753.15;DEC26=7883.5;NOV26=7810.75;OCT26=7815.375;DEC28=8379.75;DEC29=8684.75;DEC30=7840.337;JAN27=7882.5;MAR27=7955;SEP27=8104.25;JUN27=8026.625;JUN28=8918.5;DEC27=8108.25;MAR28=8197;FEB27=7881.125;APR27=7962.25;MAY27=7967.125;JUL27=8047.375;AUG27=8053.25,NONE,WEIGHTED_ATM,2026-08-14,6,441,0.0,NONE,12064,11562,501,0,0,RTM,MDW;MMW;MRW;MTW,OK,NONE,NONE,2026-08-05
SPX,7570.0,-17128731.439087246,217.30706383736464,0.0,0.0,0.0,0.0,0.0,0.0,7812.103346347588,7686.596653652413,7874.856692695175,7623.843307304825,SEP26,AUG26,2026-08-06,2026-09-18,7749.35,7599.305665762463,FOUND,WARN,UNKNOWN_SERIES;ESTIMATED_EXPIRY_ALIAS,2026-08-02.2,PUT_CALL_PARITY,AUG26,AUG26=PUT_CALL_PARITY;SEP26=PUT_CALL_PARITY;DEC26=PUT_CALL_PARITY;NOV26=PUT_CALL_PARITY;OCT26=PUT_CALL_PARITY;DEC28=PUT_CALL_PARITY;DEC29=PUT_CALL_PARITY;DEC30=PUT_CALL_PARITY;JAN27=PUT_CALL_PARITY;MAR27=PUT_CALL_PARITY;SEP27=PUT_CALL_PARITY;JUN27=PUT_CALL_PARITY;JUN28=SERIES_FORWARD_CLUSTER;DEC27=PUT_CALL_PARITY;MAR28=PUT_CALL_PARITY;FEB27=PUT_CALL_PARITY;APR27=PUT_CALL_PARITY;MAY27=PUT_CALL_PARITY;JUL27=PUT_CALL_PARITY;AUG27=PUT_CALL_PARITY,AUG26=7749.35;SEP26=7753.15;DEC26=7883.5;NOV26=7810.75;OCT26=7815.375;DEC28=8379.75;DEC29=8684.75;DEC30=7840.337;JAN27=7882.5;MAR27=7955;SEP27=8104.25;JUN27=8026.625;JUN28=8918.5;DEC27=8108.25;MAR28=8197;FEB27=7881.125;APR27=7962.25;MAY27=7967.125;JUL27=8047.375;AUG27=8053.25,NONE,WEIGHTED_ATM,2026-08-14,6,441,0.0,NONE,12064,11562,501,0,0,RTM,MDW;MMW;MRW;MTW,OK,NONE,NONE,2026-08-05
SPX,7575.0,-175336567.5330802,908.8698913956717,0.0,0.0,0.0,0.0,0.0,0.0,7812.103346347588,7686.596653652413,7874.856692695175,7623.843307304825,SEP26,AUG26,2026-08-06,2026-09-18,7749.35,7599.305665762463,FOUND,WARN,UNKNOWN_SERIES;ESTIMATED_EXPIRY_ALIAS,2026-08-02.2,PUT_CALL_PARITY,AUG26,AUG26=PUT_CALL_PARITY;SEP26=PUT_CALL_PARITY;DEC26=PUT_CALL_PARITY;NOV26=PUT_CALL_PARITY;OCT26=PUT_CALL_PARITY;DEC28=PUT_CALL_PARITY;DEC29=PUT_CALL_PARITY;DEC30=PUT_CALL_PARITY;JAN27=PUT_CALL_PARITY;MAR27=PUT_CALL_PARITY;SEP27=PUT_CALL_PARITY;JUN27=PUT_CALL_PARITY;JUN28=SERIES_FORWARD_CLUSTER;DEC27=PUT_CALL_PARITY;MAR28=PUT_CALL_PARITY;FEB27=PUT_CALL_PARITY;APR27=PUT_CALL_PARITY;MAY27=PUT_CALL_PARITY;JUL27=PUT_CALL_PARITY;AUG27=PUT_CALL_PARITY,AUG26=7749.35;SEP26=7753.15;DEC26=7883.5;NOV26=7810.75;OCT26=7815.375;DEC28=8379.75;DEC29=8684.75;DEC30=7840.337;JAN27=7882.5;MAR27=7955;SEP27=8104.25;JUN27=8026.625;JUN28=8918.5;DEC27=8108.25;MAR28=8197;FEB27=7881.125;APR27=7962.25;MAY27=7967.125;JUL27=8047.375;AUG27=8053.25,NONE,WEIGHTED_ATM,2026-08-14,6,441,0.0,NONE,12064,11562,501,0,0,RTM,MDW;MMW;MRW;MTW,OK,NONE,NONE,2026-08-05
SPX,7580.0,-25851603.579382434,297.4500517714179,0.0,0.0,0.0,0.0,0.0,0.0,7812.103346347588,7686.596653652413,7874.856692695175,7623.843307304825,SEP26,AUG26,2026-08-06,2026-09-18,7749.35,7599.305665762463,FOUND,WARN,UNKNOWN_SERIES;ESTIMATED_EXPIRY_ALIAS,2026-08-02.2,PUT_CALL_PARITY,AUG26,AUG26=PUT_CALL_PARITY;SEP26=PUT_CALL_PARITY;DEC26=PUT_CALL_PARITY;NOV26=PUT_CALL_PARITY;OCT26=PUT_CALL_PARITY;DEC28=PUT_CALL_PARITY;DEC29=PUT_CALL_PARITY;DEC30=PUT_CALL_PARITY;JAN27=PUT_CALL_PARITY;MAR27=PUT_CALL_PARITY;SEP27=PUT_CALL_PARITY;JUN27=PUT_CALL_PARITY;JUN28=SERIES_FORWARD_CLUSTER;DEC27=PUT_CALL_PARITY;MAR28=PUT_CALL_PARITY;FEB27=PUT_CALL_PARITY;APR27=PUT_CALL_PARITY;MAY27=PUT_CALL_PARITY;JUL27=PUT_CALL_PARITY;AUG27=PUT_CALL_PARITY,AUG26=7749.35;SEP26=7753.15;DEC26=7883.5;NOV26=7810.75;OCT26=7815.375;DEC28=8379.75;DEC29=8684.75;DEC30=7840.337;JAN27=7882.5;MAR27=7955;SEP27=8104.25;JUN27=8026.625;JUN28=8918.5;DEC27=8108.25;MAR28=8197;FEB27=7881.125;APR27=7962.25;MAY27=7967.125;JUL27=8047.375;AUG27=8053.25,NONE,WEIGHTED_ATM,2026-08-14,6,441,0.0,NONE,12064,11562,501,0,0,RTM,MDW;MMW;MRW;MTW,OK,NONE,NONE,2026-08-05
SPX,7585.0,-4789342.5708241565,56.92884975306115,0.0,0.0,0.0,0.0,0.0,0.0,7812.103346347588,7686.596653652413,7874.856692695175,7623.843307304825,SEP26,AUG26,2026-08-06,2026-09-18,7749.35,7599.305665762463,FOUND,WARN,UNKNOWN_SERIES;ESTIMATED_EXPIRY_ALIAS,2026-08-02.2,PUT_CALL_PARITY,AUG26,AUG26=PUT_CALL_PARITY;SEP26=PUT_CALL_PARITY;DEC26=PUT_CALL_PARITY;NOV26=PUT_CALL_PARITY;OCT26=PUT_CALL_PARITY;DEC28=PUT_CALL_PARITY;DEC29=PUT_CALL_PARITY;DEC30=PUT_CALL_PARITY;JAN27=PUT_CALL_PARITY;MAR27=PUT_CALL_PARITY;SEP27=PUT_CALL_PARITY;JUN27=PUT_CALL_PARITY;JUN28=SERIES_FORWARD_CLUSTER;DEC27=PUT_CALL_PARITY;MAR28=PUT_CALL_PARITY;FEB27=PUT_CALL_PARITY;APR27=PUT_CALL_PARITY;MAY27=PUT_CALL_PARITY;JUL27=PUT_CALL_PARITY;AUG27=PUT_CALL_PARITY,AUG26=7749.35;SEP26=7753.15;DEC26=7883.5;NOV26=7810.75;OCT26=7815.375;DEC28=8379.75;DEC29=8684.75;DEC30=7840.337;JAN27=7882.5;MAR27=7955;SEP27=8104.25;JUN27=8026.625;JUN28=8918.5;DEC27=8108.25;MAR28=8197;FEB27=7881.125;APR27=7962.25;MAY27=7967.125;JUL27=8047.375;AUG27=8053.25,NONE,WEIGHTED_ATM,2026-08-14,6,441,0.0,NONE,12064,11562,501,0,0,RTM,MDW;MMW;MRW;MTW,OK,NONE,NONE,2026-08-05
SPX,7590.0,14002749.964575704,279.93296669150624,0.0,0.0,0.0,0.0,0.0,0.0,7812.103346347588,7686.596653652413,7874.856692695175,7623.843307304825,SEP26,AUG26,2026-08-06,2026-09-18,7749.35,7599.305665762463,FOUND,WARN,UNKNOWN_SERIES;ESTIMATED_EXPIRY_ALIAS,2026-08-02.2,PUT_CALL_PARITY,AUG26,AUG26=PUT_CALL_PARITY;SEP26=PUT_CALL_PARITY;DEC26=PUT_CALL_PARITY;NOV26=PUT_CALL_PARITY;OCT26=PUT_CALL_PARITY;DEC28=PUT_CALL_PARITY;DEC29=PUT_CALL_PARITY;DEC30=PUT_CALL_PARITY;JAN27=PUT_CALL_PARITY;MAR27=PUT_CALL_PARITY;SEP27=PUT_CALL_PARITY;JUN27=PUT_CALL_PARITY;JUN28=SERIES_FORWARD_CLUSTER;DEC27=PUT_CALL_PARITY;MAR28=PUT_CALL_PARITY;FEB27=PUT_CALL_PARITY;APR27=PUT_CALL_PARITY;MAY27=PUT_CALL_PARITY;JUL27=PUT_CALL_PARITY;AUG27=PUT_CALL_PARITY,AUG26=7749.35;SEP26=7753.15;DEC26=7883.5;NOV26=7810.75;OCT26=7815.375;DEC28=8379.75;DEC29=8684.75;DEC30=7840.337;JAN27=7882.5;MAR27=7955;SEP27=8104.25;JUN27=8026.625;JUN28=8918.5;DEC27=8108.25;MAR28=8197;FEB27=7881.125;APR27=7962.25;MAY27=7967.125;JUL27=8047.375;AUG27=8053.25,NONE,WEIGHTED_ATM,2026-08-14,6,441,0.0,NONE,12064,11562,501,0,0,RTM,MDW;MMW;MRW;MTW,OK,NONE,NONE,2026-08-05
SPX,7595.0,-9049749.65290632,78.18046891434244,0.0,0.0,0.0,0.0,0.0,0.0,7812.103346347588,7686.596653652413,7874.856692695175,7623.843307304825,SEP26,AUG26,2026-08-06,2026-09-18,7749.35,7599.305665762463,FOUND,WARN,UNKNOWN_SERIES;ESTIMATED_EXPIRY_ALIAS,2026-08-02.2,PUT_CALL_PARITY,AUG26,AUG26=PUT_CALL_PARITY;SEP26=PUT_CALL_PARITY;DEC26=PUT_CALL_PARITY;NOV26=PUT_CALL_PARITY;OCT26=PUT_CALL_PARITY;DEC28=PUT_CALL_PARITY;DEC29=PUT_CALL_PARITY;DEC30=PUT_CALL_PARITY;JAN27=PUT_CALL_PARITY;MAR27=PUT_CALL_PARITY;SEP27=PUT_CALL_PARITY;JUN27=PUT_CALL_PARITY;JUN28=SERIES_FORWARD_CLUSTER;DEC27=PUT_CALL_PARITY;MAR28=PUT_CALL_PARITY;FEB27=PUT_CALL_PARITY;APR27=PUT_CALL_PARITY;MAY27=PUT_CALL_PARITY;JUL27=PUT_CALL_PARITY;AUG27=PUT_CALL_PARITY,AUG26=7749.35;SEP26=7753.15;DEC26=7883.5;NOV26=7810.75;OCT26=7815.375;DEC28=8379.75;DEC29=8684.75;DEC30=7840.337;JAN27=7882.5;MAR27=7955;SEP27=8104.25;JUN27=8026.625;JUN28=8918.5;DEC27=8108.25;MAR28=8197;FEB27=7881.125;APR27=7962.25;MAY27=7967.125;JUL27=8047.375;AUG27=8053.25,NONE,WEIGHTED_ATM,2026-08-14,6,441,0.0,NONE,12064,11562,501,0,0,RTM,MDW;MMW;MRW;MTW,OK,NONE,NONE,2026-08-05
SPX,7600.0,-204147458.43265018,3207.507548098467,0.0,0.0,0.0,0.0,0.0,0.0,7812.103346347588,7686.596653652413,7874.856692695175,7623.843307304825,SEP26,AUG26,2026-08-06,2026-09-18,7749.35,7599.305665762463,FOUND,WARN,UNKNOWN_SERIES;ESTIMATED_EXPIRY_ALIAS,2026-08-02.2,PUT_CALL_PARITY,AUG26,AUG26=PUT_CALL_PARITY;SEP26=PUT_CALL_PARITY;DEC26=PUT_CALL_PARITY;NOV26=PUT_CALL_PARITY;OCT26=PUT_CALL_PARITY;DEC28=PUT_CALL_PARITY;DEC29=PUT_CALL_PARITY;DEC30=PUT_CALL_PARITY;JAN27=PUT_CALL_PARITY;MAR27=PUT_CALL_PARITY;SEP27=PUT_CALL_PARITY;JUN27=PUT_CALL_PARITY;JUN28=SERIES_FORWARD_CLUSTER;DEC27=PUT_CALL_PARITY;MAR28=PUT_CALL_PARITY;FEB27=PUT_CALL_PARITY;APR27=PUT_CALL_PARITY;MAY27=PUT_CALL_PARITY;JUL27=PUT_CALL_PARITY;AUG27=PUT_CALL_PARITY,AUG26=7749.35;SEP26=7753.15;DEC26=7883.5;NOV26=7810.75;OCT26=7815.375;DEC28=8379.75;DEC29=8684.75;DEC30=7840.337;JAN27=7882.5;MAR27=7955;SEP27=8104.25;JUN27=8026.625;JUN28=8918.5;DEC27=8108.25;MAR28=8197;FEB27=7881.125;APR27=7962.25;MAY27=7967.125;JUL27=8047.375;AUG27=8053.25,NONE,WEIGHTED_ATM,2026-08-14,6,441,0.0,NONE,12064,11562,501,0,0,RTM,MDW;MMW;MRW;MTW,OK,NONE,NONE,2026-08-05
SPX,7605.0,-17662515.264398444,71.88983156541032,0.0,0.0,0.0,0.0,0.0,0.0,7812.103346347588,7686.596653652413,7874.856692695175,7623.843307304825,SEP26,AUG26,2026-08-06,2026-09-18,7749.35,7599.305665762463,FOUND,WARN,UNKNOWN_SERIES;ESTIMATED_EXPIRY_ALIAS,2026-08-02.2,PUT_CALL_PARITY,AUG26,AUG26=PUT_CALL_PARITY;SEP26=PUT_CALL_PARITY;DEC26=PUT_CALL_PARITY;NOV26=PUT_CALL_PARITY;OCT26=PUT_CALL_PARITY;DEC28=PUT_CALL_PARITY;DEC29=PUT_CALL_PARITY;DEC30=PUT_CALL_PARITY;JAN27=PUT_CALL_PARITY;MAR27=PUT_CALL_PARITY;SEP27=PUT_CALL_PARITY;JUN27=PUT_CALL_PARITY;JUN28=SERIES_FORWARD_CLUSTER;DEC27=PUT_CALL_PARITY;MAR28=PUT_CALL_PARITY;FEB27=PUT_CALL_PARITY;APR27=PUT_CALL_PARITY;MAY27=PUT_CALL_PARITY;JUL27=PUT_CALL_PARITY;AUG27=PUT_CALL_PARITY,AUG26=7749.35;SEP26=7753.15;DEC26=7883.5;NOV26=7810.75;OCT26=7815.375;DEC28=8379.75;DEC29=8684.75;DEC30=7840.337;JAN27=7882.5;MAR27=7955;SEP27=8104.25;JUN27=8026.625;JUN28=8918.5;DEC27=8108.25;MAR28=8197;FEB27=7881.125;APR27=7962.25;MAY27=7967.125;JUL27=8047.375;AUG27=8053.25,NONE,WEIGHTED_ATM,2026-08-14,6,441,0.0,NONE,12064,11562,501,0,0,RTM,MDW;MMW;MRW;MTW,OK,NONE,NONE,2026-08-05
SPX,7610.0,84082922.96004349,419.64892584344545,0.0,0.0,0.0,0.0,0.0,0.0,7812.103346347588,7686.596653652413,7874.856692695175,7623.843307304825,SEP26,AUG26,2026-08-06,2026-09-18,7749.35,7599.305665762463,FOUND,WARN,UNKNOWN_SERIES;ESTIMATED_EXPIRY_ALIAS,2026-08-02.2,PUT_CALL_PARITY,AUG26,AUG26=PUT_CALL_PARITY;SEP26=PUT_CALL_PARITY;DEC26=PUT_CALL_PARITY;NOV26=PUT_CALL_PARITY;OCT26=PUT_CALL_PARITY;DEC28=PUT_CALL_PARITY;DEC29=PUT_CALL_PARITY;DEC30=PUT_CALL_PARITY;JAN27=PUT_CALL_PARITY;MAR27=PUT_CALL_PARITY;SEP27=PUT_CALL_PARITY;JUN27=PUT_CALL_PARITY;JUN28=SERIES_FORWARD_CLUSTER;DEC27=PUT_CALL_PARITY;MAR28=PUT_CALL_PARITY;FEB27=PUT_CALL_PARITY;APR27=PUT_CALL_PARITY;MAY27=PUT_CALL_PARITY;JUL27=PUT_CALL_PARITY;AUG27=PUT_CALL_PARITY,AUG26=7749.35;SEP26=7753.15;DEC26=7883.5;NOV26=7810.75;OCT26=7815.375;DEC28=8379.75;DEC29=8684.75;DEC30=7840.337;JAN27=7882.5;MAR27=7955;SEP27=8104.25;JUN27=8026.625;JUN28=8918.5;DEC27=8108.25;MAR28=8197;FEB27=7881.125;APR27=7962.25;MAY27=7967.125;JUL27=8047.375;AUG27=8053.25,NONE,WEIGHTED_ATM,2026-08-14,6,441,0.0,NONE,12064,11562,501,0,0,RTM,MDW;MMW;MRW;MTW,OK,NONE,NONE,2026-08-05
SPX,7615.0,-3090701.36371688,160.06925391810955,0.0,0.0,0.0,0.0,0.0,0.0,7812.103346347588,7686.596653652413,7874.856692695175,7623.843307304825,SEP26,AUG26,2026-08-06,2026-09-18,7749.35,7599.305665762463,FOUND,WARN,UNKNOWN_SERIES;ESTIMATED_EXPIRY_ALIAS,2026-08-02.2,PUT_CALL_PARITY,AUG26,AUG26=PUT_CALL_PARITY;SEP26=PUT_CALL_PARITY;DEC26=PUT_CALL_PARITY;NOV26=PUT_CALL_PARITY;OCT26=PUT_CALL_PARITY;DEC28=PUT_CALL_PARITY;DEC29=PUT_CALL_PARITY;DEC30=PUT_CALL_PARITY;JAN27=PUT_CALL_PARITY;MAR27=PUT_CALL_PARITY;SEP27=PUT_CALL_PARITY;JUN27=PUT_CALL_PARITY;JUN28=SERIES_FORWARD_CLUSTER;DEC27=PUT_CALL_PARITY;MAR28=PUT_CALL_PARITY;FEB27=PUT_CALL_PARITY;APR27=PUT_CALL_PARITY;MAY27=PUT_CALL_PARITY;JUL27=PUT_CALL_PARITY;AUG27=PUT_CALL_PARITY,AUG26=7749.35;SEP26=7753.15;DEC26=7883.5;NOV26=7810.75;OCT26=7815.375;DEC28=8379.75;DEC29=8684.75;DEC30=7840.337;JAN27=7882.5;MAR27=7955;SEP27=8104.25;JUN27=8026.625;JUN28=8918.5;DEC27=8108.25;MAR28=8197;FEB27=7881.125;APR27=7962.25;MAY27=7967.125;JUL27=8047.375;AUG27=8053.25,NONE,WEIGHTED_ATM,2026-08-14,6,441,0.0,NONE,12064,11562,501,0,0,RTM,MDW;MMW;MRW;MTW,OK,NONE,NONE,2026-08-05
SPX,7620.0,61557326.31456645,398.5410581302799,0.0,0.0,0.0,0.0,0.0,0.0,7812.103346347588,7686.596653652413,7874.856692695175,7623.843307304825,SEP26,AUG26,2026-08-06,2026-09-18,7749.35,7599.305665762463,FOUND,WARN,UNKNOWN_SERIES;ESTIMATED_EXPIRY_ALIAS,2026-08-02.2,PUT_CALL_PARITY,AUG26,AUG26=PUT_CALL_PARITY;SEP26=PUT_CALL_PARITY;DEC26=PUT_CALL_PARITY;NOV26=PUT_CALL_PARITY;OCT26=PUT_CALL_PARITY;DEC28=PUT_CALL_PARITY;DEC29=PUT_CALL_PARITY;DEC30=PUT_CALL_PARITY;JAN27=PUT_CALL_PARITY;MAR27=PUT_CALL_PARITY;SEP27=PUT_CALL_PARITY;JUN27=PUT_CALL_PARITY;JUN28=SERIES_FORWARD_CLUSTER;DEC27=PUT_CALL_PARITY;MAR28=PUT_CALL_PARITY;FEB27=PUT_CALL_PARITY;APR27=PUT_CALL_PARITY;MAY27=PUT_CALL_PARITY;JUL27=PUT_CALL_PARITY;AUG27=PUT_CALL_PARITY,AUG26=7749.35;SEP26=7753.15;DEC26=7883.5;NOV26=7810.75;OCT26=7815.375;DEC28=8379.75;DEC29=8684.75;DEC30=7840.337;JAN27=7882.5;MAR27=7955;SEP27=8104.25;JUN27=8026.625;JUN28=8918.5;DEC27=8108.25;MAR28=8197;FEB27=7881.125;APR27=7962.25;MAY27=7967.125;JUL27=8047.375;AUG27=8053.25,NONE,WEIGHTED_ATM,2026-08-14,6,441,0.0,NONE,12064,11562,501,0,0,RTM,MDW;MMW;MRW;MTW,OK,NONE,NONE,2026-08-05
SPX,7625.0,14113649.335359817,1458.6453601784967,0.0,0.0,0.0,0.0,0.0,0.0,7812.103346347588,7686.596653652413,7874.856692695175,7623.843307304825,SEP26,AUG26,2026-08-06,2026-09-18,7749.35,7599.305665762463,FOUND,WARN,UNKNOWN_SERIES;ESTIMATED_EXPIRY_ALIAS,2026-08-02.2,PUT_CALL_PARITY,AUG26,AUG26=PUT_CALL_PARITY;SEP26=PUT_CALL_PARITY;DEC26=PUT_CALL_PARITY;NOV26=PUT_CALL_PARITY;OCT26=PUT_CALL_PARITY;DEC28=PUT_CALL_PARITY;DEC29=PUT_CALL_PARITY;DEC30=PUT_CALL_PARITY;JAN27=PUT_CALL_PARITY;MAR27=PUT_CALL_PARITY;SEP27=PUT_CALL_PARITY;JUN27=PUT_CALL_PARITY;JUN28=SERIES_FORWARD_CLUSTER;DEC27=PUT_CALL_PARITY;MAR28=PUT_CALL_PARITY;FEB27=PUT_CALL_PARITY;APR27=PUT_CALL_PARITY;MAY27=PUT_CALL_PARITY;JUL27=PUT_CALL_PARITY;AUG27=PUT_CALL_PARITY,AUG26=7749.35;SEP26=7753.15;DEC26=7883.5;NOV26=7810.75;OCT26=7815.375;DEC28=8379.75;DEC29=8684.75;DEC30=7840.337;JAN27=7882.5;MAR27=7955;SEP27=8104.25;JUN27=8026.625;JUN28=8918.5;DEC27=8108.25;MAR28=8197;FEB27=7881.125;APR27=7962.25;MAY27=7967.125;JUL27=8047.375;AUG27=8053.25,NONE,WEIGHTED_ATM,2026-08-14,6,441,0.0,NONE,12064,11562,501,0,0,RTM,MDW;MMW;MRW;MTW,OK,NONE,NONE,2026-08-05
SPX,7630.0,93329326.37226923,465.66987162235597,0.0,0.0,0.0,0.0,0.0,0.0,7812.103346347588,7686.596653652413,7874.856692695175,7623.843307304825,SEP26,AUG26,2026-08-06,2026-09-18,7749.35,7599.305665762463,FOUND,WARN,UNKNOWN_SERIES;ESTIMATED_EXPIRY_ALIAS,2026-08-02.2,PUT_CALL_PARITY,AUG26,AUG26=PUT_CALL_PARITY;SEP26=PUT_CALL_PARITY;DEC26=PUT_CALL_PARITY;NOV26=PUT_CALL_PARITY;OCT26=PUT_CALL_PARITY;DEC28=PUT_CALL_PARITY;DEC29=PUT_CALL_PARITY;DEC30=PUT_CALL_PARITY;JAN27=PUT_CALL_PARITY;MAR27=PUT_CALL_PARITY;SEP27=PUT_CALL_PARITY;JUN27=PUT_CALL_PARITY;JUN28=SERIES_FORWARD_CLUSTER;DEC27=PUT_CALL_PARITY;MAR28=PUT_CALL_PARITY;FEB27=PUT_CALL_PARITY;APR27=PUT_CALL_PARITY;MAY27=PUT_CALL_PARITY;JUL27=PUT_CALL_PARITY;AUG27=PUT_CALL_PARITY,AUG26=7749.35;SEP26=7753.15;DEC26=7883.5;NOV26=7810.75;OCT26=7815.375;DEC28=8379.75;DEC29=8684.75;DEC30=7840.337;JAN27=7882.5;MAR27=7955;SEP27=8104.25;JUN27=8026.625;JUN28=8918.5;DEC27=8108.25;MAR28=8197;FEB27=7881.125;APR27=7962.25;MAY27=7967.125;JUL27=8047.375;AUG27=8053.25,NONE,WEIGHTED_ATM,2026-08-14,6,441,0.0,NONE,12064,11562,501,0,0,RTM,MDW;MMW;MRW;MTW,OK,NONE,NONE,2026-08-05
SPX,7635.0,-11048840.821978327,152.29650773751945,0.0,0.0,0.0,0.0,0.0,0.0,7812.103346347588,7686.596653652413,7874.856692695175,7623.843307304825,SEP26,AUG26,2026-08-06,2026-09-18,7749.35,7599.305665762463,FOUND,WARN,UNKNOWN_SERIES;ESTIMATED_EXPIRY_ALIAS,2026-08-02.2,PUT_CALL_PARITY,AUG26,AUG26=PUT_CALL_PARITY;SEP26=PUT_CALL_PARITY;DEC26=PUT_CALL_PARITY;NOV26=PUT_CALL_PARITY;OCT26=PUT_CALL_PARITY;DEC28=PUT_CALL_PARITY;DEC29=PUT_CALL_PARITY;DEC30=PUT_CALL_PARITY;JAN27=PUT_CALL_PARITY;MAR27=PUT_CALL_PARITY;SEP27=PUT_CALL_PARITY;JUN27=PUT_CALL_PARITY;JUN28=SERIES_FORWARD_CLUSTER;DEC27=PUT_CALL_PARITY;MAR28=PUT_CALL_PARITY;FEB27=PUT_CALL_PARITY;APR27=PUT_CALL_PARITY;MAY27=PUT_CALL_PARITY;JUL27=PUT_CALL_PARITY;AUG27=PUT_CALL_PARITY,AUG26=7749.35;SEP26=7753.15;DEC26=7883.5;NOV26=7810.75;OCT26=7815.375;DEC28=8379.75;DEC29=8684.75;DEC30=7840.337;JAN27=7882.5;MAR27=7955;SEP27=8104.25;JUN27=8026.625;JUN28=8918.5;DEC27=8108.25;MAR28=8197;FEB27=7881.125;APR27=7962.25;MAY27=7967.125;JUL27=8047.375;AUG27=8053.25,NONE,WEIGHTED_ATM,2026-08-14,6,441,0.0,NONE,12064,11562,501,0,0,RTM,MDW;MMW;MRW;MTW,OK,NONE,NONE,2026-08-05
SPX,7640.0,72203831.47324485,434.30187618544306,0.0,0.0,0.0,0.0,0.0,0.0,7812.103346347588,7686.596653652413,7874.856692695175,7623.843307304825,SEP26,AUG26,2026-08-06,2026-09-18,7749.35,7599.305665762463,FOUND,WARN,UNKNOWN_SERIES;ESTIMATED_EXPIRY_ALIAS,2026-08-02.2,PUT_CALL_PARITY,AUG26,AUG26=PUT_CALL_PARITY;SEP26=PUT_CALL_PARITY;DEC26=PUT_CALL_PARITY;NOV26=PUT_CALL_PARITY;OCT26=PUT_CALL_PARITY;DEC28=PUT_CALL_PARITY;DEC29=PUT_CALL_PARITY;DEC30=PUT_CALL_PARITY;JAN27=PUT_CALL_PARITY;MAR27=PUT_CALL_PARITY;SEP27=PUT_CALL_PARITY;JUN27=PUT_CALL_PARITY;JUN28=SERIES_FORWARD_CLUSTER;DEC27=PUT_CALL_PARITY;MAR28=PUT_CALL_PARITY;FEB27=PUT_CALL_PARITY;APR27=PUT_CALL_PARITY;MAY27=PUT_CALL_PARITY;JUL27=PUT_CALL_PARITY;AUG27=PUT_CALL_PARITY,AUG26=7749.35;SEP26=7753.15;DEC26=7883.5;NOV26=7810.75;OCT26=7815.375;DEC28=8379.75;DEC29=8684.75;DEC30=7840.337;JAN27=7882.5;MAR27=7955;SEP27=8104.25;JUN27=8026.625;JUN28=8918.5;DEC27=8108.25;MAR28=8197;FEB27=7881.125;APR27=7962.25;MAY27=7967.125;JUL27=8047.375;AUG27=8053.25,NONE,WEIGHTED_ATM,2026-08-14,6,441,0.0,NONE,12064,11562,501,0,0,RTM,MDW;MMW;MRW;MTW,OK,NONE,NONE,2026-08-05
SPX,7645.0,6004308.162854222,238.62248645236633,0.0,0.0,0.0,0.0,0.0,0.0,7812.103346347588,7686.596653652413,7874.856692695175,7623.843307304825,SEP26,AUG26,2026-08-06,2026-09-18,7749.35,7599.305665762463,FOUND,WARN,UNKNOWN_SERIES;ESTIMATED_EXPIRY_ALIAS,2026-08-02.2,PUT_CALL_PARITY,AUG26,AUG26=PUT_CALL_PARITY;SEP26=PUT_CALL_PARITY;DEC26=PUT_CALL_PARITY;NOV26=PUT_CALL_PARITY;OCT26=PUT_CALL_PARITY;DEC28=PUT_CALL_PARITY;DEC29=PUT_CALL_PARITY;DEC30=PUT_CALL_PARITY;JAN27=PUT_CALL_PARITY;MAR27=PUT_CALL_PARITY;SEP27=PUT_CALL_PARITY;JUN27=PUT_CALL_PARITY;JUN28=SERIES_FORWARD_CLUSTER;DEC27=PUT_CALL_PARITY;MAR28=PUT_CALL_PARITY;FEB27=PUT_CALL_PARITY;APR27=PUT_CALL_PARITY;MAY27=PUT_CALL_PARITY;JUL27=PUT_CALL_PARITY;AUG27=PUT_CALL_PARITY,AUG26=7749.35;SEP26=7753.15;DEC26=7883.5;NOV26=7810.75;OCT26=7815.375;DEC28=8379.75;DEC29=8684.75;DEC30=7840.337;JAN27=7882.5;MAR27=7955;SEP27=8104.25;JUN27=8026.625;JUN28=8918.5;DEC27=8108.25;MAR28=8197;FEB27=7881.125;APR27=7962.25;MAY27=7967.125;JUL27=8047.375;AUG27=8053.25,NONE,WEIGHTED_ATM,2026-08-14,6,441,0.0,NONE,12064,11562,501,0,0,RTM,MDW;MMW;MRW;MTW,OK,NONE,NONE,2026-08-05
SPX,7650.0,-244134612.20380488,3450.469895826659,0.0,0.0,0.0,0.0,0.0,0.0,7812.103346347588,7686.596653652413,7874.856692695175,7623.843307304825,SEP26,AUG26,2026-08-06,2026-09-18,7749.35,7599.305665762463,FOUND,WARN,UNKNOWN_SERIES;ESTIMATED_EXPIRY_ALIAS,2026-08-02.2,PUT_CALL_PARITY,AUG26,AUG26=PUT_CALL_PARITY;SEP26=PUT_CALL_PARITY;DEC26=PUT_CALL_PARITY;NOV26=PUT_CALL_PARITY;OCT26=PUT_CALL_PARITY;DEC28=PUT_CALL_PARITY;DEC29=PUT_CALL_PARITY;DEC30=PUT_CALL_PARITY;JAN27=PUT_CALL_PARITY;MAR27=PUT_CALL_PARITY;SEP27=PUT_CALL_PARITY;JUN27=PUT_CALL_PARITY;JUN28=SERIES_FORWARD_CLUSTER;DEC27=PUT_CALL_PARITY;MAR28=PUT_CALL_PARITY;FEB27=PUT_CALL_PARITY;APR27=PUT_CALL_PARITY;MAY27=PUT_CALL_PARITY;JUL27=PUT_CALL_PARITY;AUG27=PUT_CALL_PARITY,AUG26=7749.35;SEP26=7753.15;DEC26=7883.5;NOV26=7810.75;OCT26=7815.375;DEC28=8379.75;DEC29=8684.75;DEC30=7840.337;JAN27=7882.5;MAR27=7955;SEP27=8104.25;JUN27=8026.625;JUN28=8918.5;DEC27=8108.25;MAR28=8197;FEB27=7881.125;APR27=7962.25;MAY27=7967.125;JUL27=8047.375;AUG27=8053.25,NONE,WEIGHTED_ATM,2026-08-14,6,441,0.0,NONE,12064,11562,501,0,0,RTM,MDW;MMW;MRW;MTW,OK,NONE,NONE,2026-08-05
SPX,7655.0,-115844.27334304969,256.40988425285514,0.0,0.0,0.0,0.0,0.0,0.0,7812.103346347588,7686.596653652413,7874.856692695175,7623.843307304825,SEP26,AUG26,2026-08-06,2026-09-18,7749.35,7599.305665762463,FOUND,WARN,UNKNOWN_SERIES;ESTIMATED_EXPIRY_ALIAS,2026-08-02.2,PUT_CALL_PARITY,AUG26,AUG26=PUT_CALL_PARITY;SEP26=PUT_CALL_PARITY;DEC26=PUT_CALL_PARITY;NOV26=PUT_CALL_PARITY;OCT26=PUT_CALL_PARITY;DEC28=PUT_CALL_PARITY;DEC29=PUT_CALL_PARITY;DEC30=PUT_CALL_PARITY;JAN27=PUT_CALL_PARITY;MAR27=PUT_CALL_PARITY;SEP27=PUT_CALL_PARITY;JUN27=PUT_CALL_PARITY;JUN28=SERIES_FORWARD_CLUSTER;DEC27=PUT_CALL_PARITY;MAR28=PUT_CALL_PARITY;FEB27=PUT_CALL_PARITY;APR27=PUT_CALL_PARITY;MAY27=PUT_CALL_PARITY;JUL27=PUT_CALL_PARITY;AUG27=PUT_CALL_PARITY,AUG26=7749.35;SEP26=7753.15;DEC26=7883.5;NOV26=7810.75;OCT26=7815.375;DEC28=8379.75;DEC29=8684.75;DEC30=7840.337;JAN27=7882.5;MAR27=7955;SEP27=8104.25;JUN27=8026.625;JUN28=8918.5;DEC27=8108.25;MAR28=8197;FEB27=7881.125;APR27=7962.25;MAY27=7967.125;JUL27=8047.375;AUG27=8053.25,NONE,WEIGHTED_ATM,2026-08-14,6,441,0.0,NONE,12064,11562,501,0,0,RTM,MDW;MMW;MRW;MTW,OK,NONE,NONE,2026-08-05
SPX,7660.0,125542761.21289647,584.3918234343524,0.0,0.0,0.0,0.0,0.0,0.0,7812.103346347588,7686.596653652413,7874.856692695175,7623.843307304825,SEP26,AUG26,2026-08-06,2026-09-18,7749.35,7599.305665762463,FOUND,WARN,UNKNOWN_SERIES;ESTIMATED_EXPIRY_ALIAS,2026-08-02.2,PUT_CALL_PARITY,AUG26,AUG26=PUT_CALL_PARITY;SEP26=PUT_CALL_PARITY;DEC26=PUT_CALL_PARITY;NOV26=PUT_CALL_PARITY;OCT26=PUT_CALL_PARITY;DEC28=PUT_CALL_PARITY;DEC29=PUT_CALL_PARITY;DEC30=PUT_CALL_PARITY;JAN27=PUT_CALL_PARITY;MAR27=PUT_CALL_PARITY;SEP27=PUT_CALL_PARITY;JUN27=PUT_CALL_PARITY;JUN28=SERIES_FORWARD_CLUSTER;DEC27=PUT_CALL_PARITY;MAR28=PUT_CALL_PARITY;FEB27=PUT_CALL_PARITY;APR27=PUT_CALL_PARITY;MAY27=PUT_CALL_PARITY;JUL27=PUT_CALL_PARITY;AUG27=PUT_CALL_PARITY,AUG26=7749.35;SEP26=7753.15;DEC26=7883.5;NOV26=7810.75;OCT26=7815.375;DEC28=8379.75;DEC29=8684.75;DEC30=7840.337;JAN27=7882.5;MAR27=7955;SEP27=8104.25;JUN27=8026.625;JUN28=8918.5;DEC27=8108.25;MAR28=8197;FEB27=7881.125;APR27=7962.25;MAY27=7967.125;JUL27=8047.375;AUG27=8053.25,NONE,WEIGHTED_ATM,2026-08-14,6,441,0.0,NONE,12064,11562,501,0,0,RTM,MDW;MMW;MRW;MTW,OK,NONE,NONE,2026-08-05
SPX,7665.0,-3634554.785466488,157.37852918130432,0.0,0.0,0.0,0.0,0.0,0.0,7812.103346347588,7686.596653652413,7874.856692695175,7623.843307304825,SEP26,AUG26,2026-08-06,2026-09-18,7749.35,7599.305665762463,FOUND,WARN,UNKNOWN_SERIES;ESTIMATED_EXPIRY_ALIAS,2026-08-02.2,PUT_CALL_PARITY,AUG26,AUG26=PUT_CALL_PARITY;SEP26=PUT_CALL_PARITY;DEC26=PUT_CALL_PARITY;NOV26=PUT_CALL_PARITY;OCT26=PUT_CALL_PARITY;DEC28=PUT_CALL_PARITY;DEC29=PUT_CALL_PARITY;DEC30=PUT_CALL_PARITY;JAN27=PUT_CALL_PARITY;MAR27=PUT_CALL_PARITY;SEP27=PUT_CALL_PARITY;JUN27=PUT_CALL_PARITY;JUN28=SERIES_FORWARD_CLUSTER;DEC27=PUT_CALL_PARITY;MAR28=PUT_CALL_PARITY;FEB27=PUT_CALL_PARITY;APR27=PUT_CALL_PARITY;MAY27=PUT_CALL_PARITY;JUL27=PUT_CALL_PARITY;AUG27=PUT_CALL_PARITY,AUG26=7749.35;SEP26=7753.15;DEC26=7883.5;NOV26=7810.75;OCT26=7815.375;DEC28=8379.75;DEC29=8684.75;DEC30=7840.337;JAN27=7882.5;MAR27=7955;SEP27=8104.25;JUN27=8026.625;JUN28=8918.5;DEC27=8108.25;MAR28=8197;FEB27=7881.125;APR27=7962.25;MAY27=7967.125;JUL27=8047.375;AUG27=8053.25,NONE,WEIGHTED_ATM,2026-08-14,6,441,0.0,NONE,12064,11562,501,0,0,RTM,MDW;MMW;MRW;MTW,OK,NONE,NONE,2026-08-05
SPX,7670.0,139415962.59099418,659.1853913652836,0.0,0.0,0.0,0.0,0.0,0.0,7812.103346347588,7686.596653652413,7874.856692695175,7623.843307304825,SEP26,AUG26,2026-08-06,2026-09-18,7749.35,7599.305665762463,FOUND,WARN,UNKNOWN_SERIES;ESTIMATED_EXPIRY_ALIAS,2026-08-02.2,PUT_CALL_PARITY,AUG26,AUG26=PUT_CALL_PARITY;SEP26=PUT_CALL_PARITY;DEC26=PUT_CALL_PARITY;NOV26=PUT_CALL_PARITY;OCT26=PUT_CALL_PARITY;DEC28=PUT_CALL_PARITY;DEC29=PUT_CALL_PARITY;DEC30=PUT_CALL_PARITY;JAN27=PUT_CALL_PARITY;MAR27=PUT_CALL_PARITY;SEP27=PUT_CALL_PARITY;JUN27=PUT_CALL_PARITY;JUN28=SERIES_FORWARD_CLUSTER;DEC27=PUT_CALL_PARITY;MAR28=PUT_CALL_PARITY;FEB27=PUT_CALL_PARITY;APR27=PUT_CALL_PARITY;MAY27=PUT_CALL_PARITY;JUL27=PUT_CALL_PARITY;AUG27=PUT_CALL_PARITY,AUG26=7749.35;SEP26=7753.15;DEC26=7883.5;NOV26=7810.75;OCT26=7815.375;DEC28=8379.75;DEC29=8684.75;DEC30=7840.337;JAN27=7882.5;MAR27=7955;SEP27=8104.25;JUN27=8026.625;JUN28=8918.5;DEC27=8108.25;MAR28=8197;FEB27=7881.125;APR27=7962.25;MAY27=7967.125;JUL27=8047.375;AUG27=8053.25,NONE,WEIGHTED_ATM,2026-08-14,6,441,0.0,NONE,12064,11562,501,0,0,RTM,MDW;MMW;MRW;MTW,OK,NONE,NONE,2026-08-05
SPX,7675.0,129027315.98745136,1506.7059765982162,0.0,0.0,0.0,0.0,0.0,0.0,7812.103346347588,7686.596653652413,7874.856692695175,7623.843307304825,SEP26,AUG26,2026-08-06,2026-09-18,7749.35,7599.305665762463,FOUND,WARN,UNKNOWN_SERIES;ESTIMATED_EXPIRY_ALIAS,2026-08-02.2,PUT_CALL_PARITY,AUG26,AUG26=PUT_CALL_PARITY;SEP26=PUT_CALL_PARITY;DEC26=PUT_CALL_PARITY;NOV26=PUT_CALL_PARITY;OCT26=PUT_CALL_PARITY;DEC28=PUT_CALL_PARITY;DEC29=PUT_CALL_PARITY;DEC30=PUT_CALL_PARITY;JAN27=PUT_CALL_PARITY;MAR27=PUT_CALL_PARITY;SEP27=PUT_CALL_PARITY;JUN27=PUT_CALL_PARITY;JUN28=SERIES_FORWARD_CLUSTER;DEC27=PUT_CALL_PARITY;MAR28=PUT_CALL_PARITY;FEB27=PUT_CALL_PARITY;APR27=PUT_CALL_PARITY;MAY27=PUT_CALL_PARITY;JUL27=PUT_CALL_PARITY;AUG27=PUT_CALL_PARITY,AUG26=7749.35;SEP26=7753.15;DEC26=7883.5;NOV26=7810.75;OCT26=7815.375;DEC28=8379.75;DEC29=8684.75;DEC30=7840.337;JAN27=7882.5;MAR27=7955;SEP27=8104.25;JUN27=8026.625;JUN28=8918.5;DEC27=8108.25;MAR28=8197;FEB27=7881.125;APR27=7962.25;MAY27=7967.125;JUL27=8047.375;AUG27=8053.25,NONE,WEIGHTED_ATM,2026-08-14,6,441,0.0,NONE,12064,11562,501,0,0,RTM,MDW;MMW;MRW;MTW,OK,NONE,NONE,2026-08-05
SPX,7680.0,158484708.6828125,864.088864327372,0.0,0.0,0.0,0.0,0.0,0.0,7812.103346347588,7686.596653652413,7874.856692695175,7623.843307304825,SEP26,AUG26,2026-08-06,2026-09-18,7749.35,7599.305665762463,FOUND,WARN,UNKNOWN_SERIES;ESTIMATED_EXPIRY_ALIAS,2026-08-02.2,PUT_CALL_PARITY,AUG26,AUG26=PUT_CALL_PARITY;SEP26=PUT_CALL_PARITY;DEC26=PUT_CALL_PARITY;NOV26=PUT_CALL_PARITY;OCT26=PUT_CALL_PARITY;DEC28=PUT_CALL_PARITY;DEC29=PUT_CALL_PARITY;DEC30=PUT_CALL_PARITY;JAN27=PUT_CALL_PARITY;MAR27=PUT_CALL_PARITY;SEP27=PUT_CALL_PARITY;JUN27=PUT_CALL_PARITY;JUN28=SERIES_FORWARD_CLUSTER;DEC27=PUT_CALL_PARITY;MAR28=PUT_CALL_PARITY;FEB27=PUT_CALL_PARITY;APR27=PUT_CALL_PARITY;MAY27=PUT_CALL_PARITY;JUL27=PUT_CALL_PARITY;AUG27=PUT_CALL_PARITY,AUG26=7749.35;SEP26=7753.15;DEC26=7883.5;NOV26=7810.75;OCT26=7815.375;DEC28=8379.75;DEC29=8684.75;DEC30=7840.337;JAN27=7882.5;MAR27=7955;SEP27=8104.25;JUN27=8026.625;JUN28=8918.5;DEC27=8108.25;MAR28=8197;FEB27=7881.125;APR27=7962.25;MAY27=7967.125;JUL27=8047.375;AUG27=8053.25,NONE,WEIGHTED_ATM,2026-08-14,6,441,0.0,NONE,12064,11562,501,0,0,RTM,MDW;MMW;MRW;MTW,OK,NONE,NONE,2026-08-05
SPX,7685.0,-9270291.64008905,234.76476622197077,0.0,0.0,0.0,0.0,0.0,0.0,7812.103346347588,7686.596653652413,7874.856692695175,7623.843307304825,SEP26,AUG26,2026-08-06,2026-09-18,7749.35,7599.305665762463,FOUND,WARN,UNKNOWN_SERIES;ESTIMATED_EXPIRY_ALIAS,2026-08-02.2,PUT_CALL_PARITY,AUG26,AUG26=PUT_CALL_PARITY;SEP26=PUT_CALL_PARITY;DEC26=PUT_CALL_PARITY;NOV26=PUT_CALL_PARITY;OCT26=PUT_CALL_PARITY;DEC28=PUT_CALL_PARITY;DEC29=PUT_CALL_PARITY;DEC30=PUT_CALL_PARITY;JAN27=PUT_CALL_PARITY;MAR27=PUT_CALL_PARITY;SEP27=PUT_CALL_PARITY;JUN27=PUT_CALL_PARITY;JUN28=SERIES_FORWARD_CLUSTER;DEC27=PUT_CALL_PARITY;MAR28=PUT_CALL_PARITY;FEB27=PUT_CALL_PARITY;APR27=PUT_CALL_PARITY;MAY27=PUT_CALL_PARITY;JUL27=PUT_CALL_PARITY;AUG27=PUT_CALL_PARITY,AUG26=7749.35;SEP26=7753.15;DEC26=7883.5;NOV26=7810.75;OCT26=7815.375;DEC28=8379.75;DEC29=8684.75;DEC30=7840.337;JAN27=7882.5;MAR27=7955;SEP27=8104.25;JUN27=8026.625;JUN28=8918.5;DEC27=8108.25;MAR28=8197;FEB27=7881.125;APR27=7962.25;MAY27=7967.125;JUL27=8047.375;AUG27=8053.25,NONE,WEIGHTED_ATM,2026-08-14,6,441,0.0,NONE,12064,11562,501,0,0,RTM,MDW;MMW;MRW;MTW,OK,NONE,NONE,2026-08-05
SPX,7690.0,38322564.28365612,778.1509453776383,0.0,0.0,0.0,0.0,0.0,0.0,7812.103346347588,7686.596653652413,7874.856692695175,7623.843307304825,SEP26,AUG26,2026-08-06,2026-09-18,7749.35,7599.305665762463,FOUND,WARN,UNKNOWN_SERIES;ESTIMATED_EXPIRY_ALIAS,2026-08-02.2,PUT_CALL_PARITY,AUG26,AUG26=PUT_CALL_PARITY;SEP26=PUT_CALL_PARITY;DEC26=PUT_CALL_PARITY;NOV26=PUT_CALL_PARITY;OCT26=PUT_CALL_PARITY;DEC28=PUT_CALL_PARITY;DEC29=PUT_CALL_PARITY;DEC30=PUT_CALL_PARITY;JAN27=PUT_CALL_PARITY;MAR27=PUT_CALL_PARITY;SEP27=PUT_CALL_PARITY;JUN27=PUT_CALL_PARITY;JUN28=SERIES_FORWARD_CLUSTER;DEC27=PUT_CALL_PARITY;MAR28=PUT_CALL_PARITY;FEB27=PUT_CALL_PARITY;APR27=PUT_CALL_PARITY;MAY27=PUT_CALL_PARITY;JUL27=PUT_CALL_PARITY;AUG27=PUT_CALL_PARITY,AUG26=7749.35;SEP26=7753.15;DEC26=7883.5;NOV26=7810.75;OCT26=7815.375;DEC28=8379.75;DEC29=8684.75;DEC30=7840.337;JAN27=7882.5;MAR27=7955;SEP27=8104.25;JUN27=8026.625;JUN28=8918.5;DEC27=8108.25;MAR28=8197;FEB27=7881.125;APR27=7962.25;MAY27=7967.125;JUL27=8047.375;AUG27=8053.25,NONE,WEIGHTED_ATM,2026-08-14,6,441,0.0,NONE,12064,11562,501,0,0,RTM,MDW;MMW;MRW;MTW,OK,NONE,NONE,2026-08-05
SPX,7695.0,25871926.935301676,256.14853890328374,0.0,0.0,0.0,0.0,0.0,0.0,7812.103346347588,7686.596653652413,7874.856692695175,7623.843307304825,SEP26,AUG26,2026-08-06,2026-09-18,7749.35,7599.305665762463,FOUND,WARN,UNKNOWN_SERIES;ESTIMATED_EXPIRY_ALIAS,2026-08-02.2,PUT_CALL_PARITY,AUG26,AUG26=PUT_CALL_PARITY;SEP26=PUT_CALL_PARITY;DEC26=PUT_CALL_PARITY;NOV26=PUT_CALL_PARITY;OCT26=PUT_CALL_PARITY;DEC28=PUT_CALL_PARITY;DEC29=PUT_CALL_PARITY;DEC30=PUT_CALL_PARITY;JAN27=PUT_CALL_PARITY;MAR27=PUT_CALL_PARITY;SEP27=PUT_CALL_PARITY;JUN27=PUT_CALL_PARITY;JUN28=SERIES_FORWARD_CLUSTER;DEC27=PUT_CALL_PARITY;MAR28=PUT_CALL_PARITY;FEB27=PUT_CALL_PARITY;APR27=PUT_CALL_PARITY;MAY27=PUT_CALL_PARITY;JUL27=PUT_CALL_PARITY;AUG27=PUT_CALL_PARITY,AUG26=7749.35;SEP26=7753.15;DEC26=7883.5;NOV26=7810.75;OCT26=7815.375;DEC28=8379.75;DEC29=8684.75;DEC30=7840.337;JAN27=7882.5;MAR27=7955;SEP27=8104.25;JUN27=8026.625;JUN28=8918.5;DEC27=8108.25;MAR28=8197;FEB27=7881.125;APR27=7962.25;MAY27=7967.125;JUL27=8047.375;AUG27=8053.25,NONE,WEIGHTED_ATM,2026-08-14,6,441,0.0,NONE,12064,11562,501,0,0,RTM,MDW;MMW;MRW;MTW,OK,NONE,NONE,2026-08-05
SPX,7700.0,210178001.2478171,5150.820707541535,0.0,0.0,0.0,0.0,0.0,0.0,7812.103346347588,7686.596653652413,7874.856692695175,7623.843307304825,SEP26,AUG26,2026-08-06,2026-09-18,7749.35,7599.305665762463,FOUND,WARN,UNKNOWN_SERIES;ESTIMATED_EXPIRY_ALIAS,2026-08-02.2,PUT_CALL_PARITY,AUG26,AUG26=PUT_CALL_PARITY;SEP26=PUT_CALL_PARITY;DEC26=PUT_CALL_PARITY;NOV26=PUT_CALL_PARITY;OCT26=PUT_CALL_PARITY;DEC28=PUT_CALL_PARITY;DEC29=PUT_CALL_PARITY;DEC30=PUT_CALL_PARITY;JAN27=PUT_CALL_PARITY;MAR27=PUT_CALL_PARITY;SEP27=PUT_CALL_PARITY;JUN27=PUT_CALL_PARITY;JUN28=SERIES_FORWARD_CLUSTER;DEC27=PUT_CALL_PARITY;MAR28=PUT_CALL_PARITY;FEB27=PUT_CALL_PARITY;APR27=PUT_CALL_PARITY;MAY27=PUT_CALL_PARITY;JUL27=PUT_CALL_PARITY;AUG27=PUT_CALL_PARITY,AUG26=7749.35;SEP26=7753.15;DEC26=7883.5;NOV26=7810.75;OCT26=7815.375;DEC28=8379.75;DEC29=8684.75;DEC30=7840.337;JAN27=7882.5;MAR27=7955;SEP27=8104.25;JUN27=8026.625;JUN28=8918.5;DEC27=8108.25;MAR28=8197;FEB27=7881.125;APR27=7962.25;MAY27=7967.125;JUL27=8047.375;AUG27=8053.25,NONE,WEIGHTED_ATM,2026-08-14,6,441,0.0,NONE,12064,11562,501,0,0,RTM,MDW;MMW;MRW;MTW,OK,NONE,NONE,2026-08-05
SPX,7705.0,-5231377.212773943,309.7361966374408,0.0,0.0,0.0,0.0,0.0,0.0,7812.103346347588,7686.596653652413,7874.856692695175,7623.843307304825,SEP26,AUG26,2026-08-06,2026-09-18,7749.35,7599.305665762463,FOUND,WARN,UNKNOWN_SERIES;ESTIMATED_EXPIRY_ALIAS,2026-08-02.2,PUT_CALL_PARITY,AUG26,AUG26=PUT_CALL_PARITY;SEP26=PUT_CALL_PARITY;DEC26=PUT_CALL_PARITY;NOV26=PUT_CALL_PARITY;OCT26=PUT_CALL_PARITY;DEC28=PUT_CALL_PARITY;DEC29=PUT_CALL_PARITY;DEC30=PUT_CALL_PARITY;JAN27=PUT_CALL_PARITY;MAR27=PUT_CALL_PARITY;SEP27=PUT_CALL_PARITY;JUN27=PUT_CALL_PARITY;JUN28=SERIES_FORWARD_CLUSTER;DEC27=PUT_CALL_PARITY;MAR28=PUT_CALL_PARITY;FEB27=PUT_CALL_PARITY;APR27=PUT_CALL_PARITY;MAY27=PUT_CALL_PARITY;JUL27=PUT_CALL_PARITY;AUG27=PUT_CALL_PARITY,AUG26=7749.35;SEP26=7753.15;DEC26=7883.5;NOV26=7810.75;OCT26=7815.375;DEC28=8379.75;DEC29=8684.75;DEC30=7840.337;JAN27=7882.5;MAR27=7955;SEP27=8104.25;JUN27=8026.625;JUN28=8918.5;DEC27=8108.25;MAR28=8197;FEB27=7881.125;APR27=7962.25;MAY27=7967.125;JUL27=8047.375;AUG27=8053.25,NONE,WEIGHTED_ATM,2026-08-14,6,441,0.0,NONE,12064,11562,501,0,0,RTM,MDW;MMW;MRW;MTW,OK,NONE,NONE,2026-08-05
SPX,7710.0,276337703.37092966,968.436632684032,0.0,0.0,0.0,0.0,0.0,0.0,7812.103346347588,7686.596653652413,7874.856692695175,7623.843307304825,SEP26,AUG26,2026-08-06,2026-09-18,7749.35,7599.305665762463,FOUND,WARN,UNKNOWN_SERIES;ESTIMATED_EXPIRY_ALIAS,2026-08-02.2,PUT_CALL_PARITY,AUG26,AUG26=PUT_CALL_PARITY;SEP26=PUT_CALL_PARITY;DEC26=PUT_CALL_PARITY;NOV26=PUT_CALL_PARITY;OCT26=PUT_CALL_PARITY;DEC28=PUT_CALL_PARITY;DEC29=PUT_CALL_PARITY;DEC30=PUT_CALL_PARITY;JAN27=PUT_CALL_PARITY;MAR27=PUT_CALL_PARITY;SEP27=PUT_CALL_PARITY;JUN27=PUT_CALL_PARITY;JUN28=SERIES_FORWARD_CLUSTER;DEC27=PUT_CALL_PARITY;MAR28=PUT_CALL_PARITY;FEB27=PUT_CALL_PARITY;APR27=PUT_CALL_PARITY;MAY27=PUT_CALL_PARITY;JUL27=PUT_CALL_PARITY;AUG27=PUT_CALL_PARITY,AUG26=7749.35;SEP26=7753.15;DEC26=7883.5;NOV26=7810.75;OCT26=7815.375;DEC28=8379.75;DEC29=8684.75;DEC30=7840.337;JAN27=7882.5;MAR27=7955;SEP27=8104.25;JUN27=8026.625;JUN28=8918.5;DEC27=8108.25;MAR28=8197;FEB27=7881.125;APR27=7962.25;MAY27=7967.125;JUL27=8047.375;AUG27=8053.25,NONE,WEIGHTED_ATM,2026-08-14,6,441,0.0,NONE,12064,11562,501,0,0,RTM,MDW;MMW;MRW;MTW,OK,NONE,NONE,2026-08-05
SPX,7715.0,32741596.923097298,331.69997337541906,0.0,0.0,0.0,0.0,0.0,0.0,7812.103346347588,7686.596653652413,7874.856692695175,7623.843307304825,SEP26,AUG26,2026-08-06,2026-09-18,7749.35,7599.305665762463,FOUND,WARN,UNKNOWN_SERIES;ESTIMATED_EXPIRY_ALIAS,2026-08-02.2,PUT_CALL_PARITY,AUG26,AUG26=PUT_CALL_PARITY;SEP26=PUT_CALL_PARITY;DEC26=PUT_CALL_PARITY;NOV26=PUT_CALL_PARITY;OCT26=PUT_CALL_PARITY;DEC28=PUT_CALL_PARITY;DEC29=PUT_CALL_PARITY;DEC30=PUT_CALL_PARITY;JAN27=PUT_CALL_PARITY;MAR27=PUT_CALL_PARITY;SEP27=PUT_CALL_PARITY;JUN27=PUT_CALL_PARITY;JUN28=SERIES_FORWARD_CLUSTER;DEC27=PUT_CALL_PARITY;MAR28=PUT_CALL_PARITY;FEB27=PUT_CALL_PARITY;APR27=PUT_CALL_PARITY;MAY27=PUT_CALL_PARITY;JUL27=PUT_CALL_PARITY;AUG27=PUT_CALL_PARITY,AUG26=7749.35;SEP26=7753.15;DEC26=7883.5;NOV26=7810.75;OCT26=7815.375;DEC28=8379.75;DEC29=8684.75;DEC30=7840.337;JAN27=7882.5;MAR27=7955;SEP27=8104.25;JUN27=8026.625;JUN28=8918.5;DEC27=8108.25;MAR28=8197;FEB27=7881.125;APR27=7962.25;MAY27=7967.125;JUL27=8047.375;AUG27=8053.25,NONE,WEIGHTED_ATM,2026-08-14,6,441,0.0,NONE,12064,11562,501,0,0,RTM,MDW;MMW;MRW;MTW,OK,NONE,NONE,2026-08-05
SPX,7720.0,395676422.4103845,1168.9497047918587,0.0,0.0,0.0,0.0,0.0,0.0,7812.103346347588,7686.596653652413,7874.856692695175,7623.843307304825,SEP26,AUG26,2026-08-06,2026-09-18,7749.35,7599.305665762463,FOUND,WARN,UNKNOWN_SERIES;ESTIMATED_EXPIRY_ALIAS,2026-08-02.2,PUT_CALL_PARITY,AUG26,AUG26=PUT_CALL_PARITY;SEP26=PUT_CALL_PARITY;DEC26=PUT_CALL_PARITY;NOV26=PUT_CALL_PARITY;OCT26=PUT_CALL_PARITY;DEC28=PUT_CALL_PARITY;DEC29=PUT_CALL_PARITY;DEC30=PUT_CALL_PARITY;JAN27=PUT_CALL_PARITY;MAR27=PUT_CALL_PARITY;SEP27=PUT_CALL_PARITY;JUN27=PUT_CALL_PARITY;JUN28=SERIES_FORWARD_CLUSTER;DEC27=PUT_CALL_PARITY;MAR28=PUT_CALL_PARITY;FEB27=PUT_CALL_PARITY;APR27=PUT_CALL_PARITY;MAY27=PUT_CALL_PARITY;JUL27=PUT_CALL_PARITY;AUG27=PUT_CALL_PARITY,AUG26=7749.35;SEP26=7753.15;DEC26=7883.5;NOV26=7810.75;OCT26=7815.375;DEC28=8379.75;DEC29=8684.75;DEC30=7840.337;JAN27=7882.5;MAR27=7955;SEP27=8104.25;JUN27=8026.625;JUN28=8918.5;DEC27=8108.25;MAR28=8197;FEB27=7881.125;APR27=7962.25;MAY27=7967.125;JUL27=8047.375;AUG27=8053.25,NONE,WEIGHTED_ATM,2026-08-14,6,441,0.0,NONE,12064,11562,501,0,0,RTM,MDW;MMW;MRW;MTW,OK,NONE,NONE,2026-08-05
SPX,7725.0,176870445.85449523,1933.6958349088186,0.0,0.0,0.0,0.0,0.0,0.0,7812.103346347588,7686.596653652413,7874.856692695175,7623.843307304825,SEP26,AUG26,2026-08-06,2026-09-18,7749.35,7599.305665762463,FOUND,WARN,UNKNOWN_SERIES;ESTIMATED_EXPIRY_ALIAS,2026-08-02.2,PUT_CALL_PARITY,AUG26,AUG26=PUT_CALL_PARITY;SEP26=PUT_CALL_PARITY;DEC26=PUT_CALL_PARITY;NOV26=PUT_CALL_PARITY;OCT26=PUT_CALL_PARITY;DEC28=PUT_CALL_PARITY;DEC29=PUT_CALL_PARITY;DEC30=PUT_CALL_PARITY;JAN27=PUT_CALL_PARITY;MAR27=PUT_CALL_PARITY;SEP27=PUT_CALL_PARITY;JUN27=PUT_CALL_PARITY;JUN28=SERIES_FORWARD_CLUSTER;DEC27=PUT_CALL_PARITY;MAR28=PUT_CALL_PARITY;FEB27=PUT_CALL_PARITY;APR27=PUT_CALL_PARITY;MAY27=PUT_CALL_PARITY;JUL27=PUT_CALL_PARITY;AUG27=PUT_CALL_PARITY,AUG26=7749.35;SEP26=7753.15;DEC26=7883.5;NOV26=7810.75;OCT26=7815.375;DEC28=8379.75;DEC29=8684.75;DEC30=7840.337;JAN27=7882.5;MAR27=7955;SEP27=8104.25;JUN27=8026.625;JUN28=8918.5;DEC27=8108.25;MAR28=8197;FEB27=7881.125;APR27=7962.25;MAY27=7967.125;JUL27=8047.375;AUG27=8053.25,NONE,WEIGHTED_ATM,2026-08-14,6,441,0.0,NONE,12064,11562,501,0,0,RTM,MDW;MMW;MRW;MTW,OK,NONE,NONE,2026-08-05
SPX,7730.0,126955563.16969188,769.8805789976534,0.0,0.0,0.0,0.0,0.0,0.0,7812.103346347588,7686.596653652413,7874.856692695175,7623.843307304825,SEP26,AUG26,2026-08-06,2026-09-18,7749.35,7599.305665762463,FOUND,WARN,UNKNOWN_SERIES;ESTIMATED_EXPIRY_ALIAS,2026-08-02.2,PUT_CALL_PARITY,AUG26,AUG26=PUT_CALL_PARITY;SEP26=PUT_CALL_PARITY;DEC26=PUT_CALL_PARITY;NOV26=PUT_CALL_PARITY;OCT26=PUT_CALL_PARITY;DEC28=PUT_CALL_PARITY;DEC29=PUT_CALL_PARITY;DEC30=PUT_CALL_PARITY;JAN27=PUT_CALL_PARITY;MAR27=PUT_CALL_PARITY;SEP27=PUT_CALL_PARITY;JUN27=PUT_CALL_PARITY;JUN28=SERIES_FORWARD_CLUSTER;DEC27=PUT_CALL_PARITY;MAR28=PUT_CALL_PARITY;FEB27=PUT_CALL_PARITY;APR27=PUT_CALL_PARITY;MAY27=PUT_CALL_PARITY;JUL27=PUT_CALL_PARITY;AUG27=PUT_CALL_PARITY,AUG26=7749.35;SEP26=7753.15;DEC26=7883.5;NOV26=7810.75;OCT26=7815.375;DEC28=8379.75;DEC29=8684.75;DEC30=7840.337;JAN27=7882.5;MAR27=7955;SEP27=8104.25;JUN27=8026.625;JUN28=8918.5;DEC27=8108.25;MAR28=8197;FEB27=7881.125;APR27=7962.25;MAY27=7967.125;JUL27=8047.375;AUG27=8053.25,NONE,WEIGHTED_ATM,2026-08-14,6,441,0.0,NONE,12064,11562,501,0,0,RTM,MDW;MMW;MRW;MTW,OK,NONE,NONE,2026-08-05
SPX,7735.0,97369465.74719258,445.5504956320007,0.0,0.0,0.0,0.0,0.0,0.0,7812.103346347588,7686.596653652413,7874.856692695175,7623.843307304825,SEP26,AUG26,2026-08-06,2026-09-18,7749.35,7599.305665762463,FOUND,WARN,UNKNOWN_SERIES;ESTIMATED_EXPIRY_ALIAS,2026-08-02.2,PUT_CALL_PARITY,AUG26,AUG26=PUT_CALL_PARITY;SEP26=PUT_CALL_PARITY;DEC26=PUT_CALL_PARITY;NOV26=PUT_CALL_PARITY;OCT26=PUT_CALL_PARITY;DEC28=PUT_CALL_PARITY;DEC29=PUT_CALL_PARITY;DEC30=PUT_CALL_PARITY;JAN27=PUT_CALL_PARITY;MAR27=PUT_CALL_PARITY;SEP27=PUT_CALL_PARITY;JUN27=PUT_CALL_PARITY;JUN28=SERIES_FORWARD_CLUSTER;DEC27=PUT_CALL_PARITY;MAR28=PUT_CALL_PARITY;FEB27=PUT_CALL_PARITY;APR27=PUT_CALL_PARITY;MAY27=PUT_CALL_PARITY;JUL27=PUT_CALL_PARITY;AUG27=PUT_CALL_PARITY,AUG26=7749.35;SEP26=7753.15;DEC26=7883.5;NOV26=7810.75;OCT26=7815.375;DEC28=8379.75;DEC29=8684.75;DEC30=7840.337;JAN27=7882.5;MAR27=7955;SEP27=8104.25;JUN27=8026.625;JUN28=8918.5;DEC27=8108.25;MAR28=8197;FEB27=7881.125;APR27=7962.25;MAY27=7967.125;JUL27=8047.375;AUG27=8053.25,NONE,WEIGHTED_ATM,2026-08-14,6,441,0.0,NONE,12064,11562,501,0,0,RTM,MDW;MMW;MRW;MTW,OK,NONE,NONE,2026-08-05
SPX,7740.0,254203196.4169626,1117.2984681389091,0.0,0.0,0.0,0.0,0.0,0.0,7812.103346347588,7686.596653652413,7874.856692695175,7623.843307304825,SEP26,AUG26,2026-08-06,2026-09-18,7749.35,7599.305665762463,FOUND,WARN,UNKNOWN_SERIES;ESTIMATED_EXPIRY_ALIAS,2026-08-02.2,PUT_CALL_PARITY,AUG26,AUG26=PUT_CALL_PARITY;SEP26=PUT_CALL_PARITY;DEC26=PUT_CALL_PARITY;NOV26=PUT_CALL_PARITY;OCT26=PUT_CALL_PARITY;DEC28=PUT_CALL_PARITY;DEC29=PUT_CALL_PARITY;DEC30=PUT_CALL_PARITY;JAN27=PUT_CALL_PARITY;MAR27=PUT_CALL_PARITY;SEP27=PUT_CALL_PARITY;JUN27=PUT_CALL_PARITY;JUN28=SERIES_FORWARD_CLUSTER;DEC27=PUT_CALL_PARITY;MAR28=PUT_CALL_PARITY;FEB27=PUT_CALL_PARITY;APR27=PUT_CALL_PARITY;MAY27=PUT_CALL_PARITY;JUL27=PUT_CALL_PARITY;AUG27=PUT_CALL_PARITY,AUG26=7749.35;SEP26=7753.15;DEC26=7883.5;NOV26=7810.75;OCT26=7815.375;DEC28=8379.75;DEC29=8684.75;DEC30=7840.337;JAN27=7882.5;MAR27=7955;SEP27=8104.25;JUN27=8026.625;JUN28=8918.5;DEC27=8108.25;MAR28=8197;FEB27=7881.125;APR27=7962.25;MAY27=7967.125;JUL27=8047.375;AUG27=8053.25,NONE,WEIGHTED_ATM,2026-08-14,6,441,0.0,NONE,12064,11562,501,0,0,RTM,MDW;MMW;MRW;MTW,OK,NONE,NONE,2026-08-05
SPX,7745.0,232238136.74073803,715.1612539563973,0.0,0.0,20.75,277.0,0.0,0.0,7812.103346347588,7686.596653652413,7874.856692695175,7623.843307304825,SEP26,AUG26,2026-08-06,2026-09-18,7749.35,7599.305665762463,FOUND,WARN,UNKNOWN_SERIES;ESTIMATED_EXPIRY_ALIAS,2026-08-02.2,PUT_CALL_PARITY,AUG26,AUG26=PUT_CALL_PARITY;SEP26=PUT_CALL_PARITY;DEC26=PUT_CALL_PARITY;NOV26=PUT_CALL_PARITY;OCT26=PUT_CALL_PARITY;DEC28=PUT_CALL_PARITY;DEC29=PUT_CALL_PARITY;DEC30=PUT_CALL_PARITY;JAN27=PUT_CALL_PARITY;MAR27=PUT_CALL_PARITY;SEP27=PUT_CALL_PARITY;JUN27=PUT_CALL_PARITY;JUN28=SERIES_FORWARD_CLUSTER;DEC27=PUT_CALL_PARITY;MAR28=PUT_CALL_PARITY;FEB27=PUT_CALL_PARITY;APR27=PUT_CALL_PARITY;MAY27=PUT_CALL_PARITY;JUL27=PUT_CALL_PARITY;AUG27=PUT_CALL_PARITY,AUG26=7749.35;SEP26=7753.15;DEC26=7883.5;NOV26=7810.75;OCT26=7815.375;DEC28=8379.75;DEC29=8684.75;DEC30=7840.337;JAN27=7882.5;MAR27=7955;SEP27=8104.25;JUN27=8026.625;JUN28=8918.5;DEC27=8108.25;MAR28=8197;FEB27=7881.125;APR27=7962.25;MAY27=7967.125;JUL27=8047.375;AUG27=8053.25,NONE,WEIGHTED_ATM,2026-08-14,6,441,0.0,NONE,12064,11562,501,0,0,RTM,MDW;MMW;MRW;MTW,OK,NONE,NONE,2026-08-05
SPX,7750.0,626861200.075488,3602.4258010764966,22.5,246.0,0.0,0.0,0.0,0.0,7812.103346347588,7686.596653652413,7874.856692695175,7623.843307304825,SEP26,AUG26,2026-08-06,2026-09-18,7749.35,7599.305665762463,FOUND,WARN,UNKNOWN_SERIES;ESTIMATED_EXPIRY_ALIAS,2026-08-02.2,PUT_CALL_PARITY,AUG26,AUG26=PUT_CALL_PARITY;SEP26=PUT_CALL_PARITY;DEC26=PUT_CALL_PARITY;NOV26=PUT_CALL_PARITY;OCT26=PUT_CALL_PARITY;DEC28=PUT_CALL_PARITY;DEC29=PUT_CALL_PARITY;DEC30=PUT_CALL_PARITY;JAN27=PUT_CALL_PARITY;MAR27=PUT_CALL_PARITY;SEP27=PUT_CALL_PARITY;JUN27=PUT_CALL_PARITY;JUN28=SERIES_FORWARD_CLUSTER;DEC27=PUT_CALL_PARITY;MAR28=PUT_CALL_PARITY;FEB27=PUT_CALL_PARITY;APR27=PUT_CALL_PARITY;MAY27=PUT_CALL_PARITY;JUL27=PUT_CALL_PARITY;AUG27=PUT_CALL_PARITY,AUG26=7749.35;SEP26=7753.15;DEC26=7883.5;NOV26=7810.75;OCT26=7815.375;DEC28=8379.75;DEC29=8684.75;DEC30=7840.337;JAN27=7882.5;MAR27=7955;SEP27=8104.25;JUN27=8026.625;JUN28=8918.5;DEC27=8108.25;MAR28=8197;FEB27=7881.125;APR27=7962.25;MAY27=7967.125;JUL27=8047.375;AUG27=8053.25,NONE,WEIGHTED_ATM,2026-08-14,6,441,0.0,NONE,12064,11562,501,0,0,RTM,MDW;MMW;MRW;MTW,OK,NONE,NONE,2026-08-05
SPX,7755.0,-28296441.71450097,303.3494387464255,0.0,0.0,0.0,0.0,0.0,0.0,7812.103346347588,7686.596653652413,7874.856692695175,7623.843307304825,SEP26,AUG26,2026-08-06,2026-09-18,7749.35,7599.305665762463,FOUND,WARN,UNKNOWN_SERIES;ESTIMATED_EXPIRY_ALIAS,2026-08-02.2,PUT_CALL_PARITY,AUG26,AUG26=PUT_CALL_PARITY;SEP26=PUT_CALL_PARITY;DEC26=PUT_CALL_PARITY;NOV26=PUT_CALL_PARITY;OCT26=PUT_CALL_PARITY;DEC28=PUT_CALL_PARITY;DEC29=PUT_CALL_PARITY;DEC30=PUT_CALL_PARITY;JAN27=PUT_CALL_PARITY;MAR27=PUT_CALL_PARITY;SEP27=PUT_CALL_PARITY;JUN27=PUT_CALL_PARITY;JUN28=SERIES_FORWARD_CLUSTER;DEC27=PUT_CALL_PARITY;MAR28=PUT_CALL_PARITY;FEB27=PUT_CALL_PARITY;APR27=PUT_CALL_PARITY;MAY27=PUT_CALL_PARITY;JUL27=PUT_CALL_PARITY;AUG27=PUT_CALL_PARITY,AUG26=7749.35;SEP26=7753.15;DEC26=7883.5;NOV26=7810.75;OCT26=7815.375;DEC28=8379.75;DEC29=8684.75;DEC30=7840.337;JAN27=7882.5;MAR27=7955;SEP27=8104.25;JUN27=8026.625;JUN28=8918.5;DEC27=8108.25;MAR28=8197;FEB27=7881.125;APR27=7962.25;MAY27=7967.125;JUL27=8047.375;AUG27=8053.25,NONE,WEIGHTED_ATM,2026-08-14,6,441,0.0,NONE,12064,11562,501,0,0,RTM,MDW;MMW;MRW;MTW,OK,NONE,NONE,2026-08-05
SPX,7760.0,258923385.88684264,1255.8810135711985,0.0,0.0,0.0,0.0,0.0,0.0,7812.103346347588,7686.596653652413,7874.856692695175,7623.843307304825,SEP26,AUG26,2026-08-06,2026-09-18,7749.35,7599.305665762463,FOUND,WARN,UNKNOWN_SERIES;ESTIMATED_EXPIRY_ALIAS,2026-08-02.2,PUT_CALL_PARITY,AUG26,AUG26=PUT_CALL_PARITY;SEP26=PUT_CALL_PARITY;DEC26=PUT_CALL_PARITY;NOV26=PUT_CALL_PARITY;OCT26=PUT_CALL_PARITY;DEC28=PUT_CALL_PARITY;DEC29=PUT_CALL_PARITY;DEC30=PUT_CALL_PARITY;JAN27=PUT_CALL_PARITY;MAR27=PUT_CALL_PARITY;SEP27=PUT_CALL_PARITY;JUN27=PUT_CALL_PARITY;JUN28=SERIES_FORWARD_CLUSTER;DEC27=PUT_CALL_PARITY;MAR28=PUT_CALL_PARITY;FEB27=PUT_CALL_PARITY;APR27=PUT_CALL_PARITY;MAY27=PUT_CALL_PARITY;JUL27=PUT_CALL_PARITY;AUG27=PUT_CALL_PARITY,AUG26=7749.35;SEP26=7753.15;DEC26=7883.5;NOV26=7810.75;OCT26=7815.375;DEC28=8379.75;DEC29=8684.75;DEC30=7840.337;JAN27=7882.5;MAR27=7955;SEP27=8104.25;JUN27=8026.625;JUN28=8918.5;DEC27=8108.25;MAR28=8197;FEB27=7881.125;APR27=7962.25;MAY27=7967.125;JUL27=8047.375;AUG27=8053.25,NONE,WEIGHTED_ATM,2026-08-14,6,441,0.0,NONE,12064,11562,501,0,0,RTM,MDW;MMW;MRW;MTW,OK,NONE,NONE,2026-08-05
SPX,7765.0,-3657353.1632346623,455.9742353832674,0.0,0.0,0.0,0.0,0.0,0.0,7812.103346347588,7686.596653652413,7874.856692695175,7623.843307304825,SEP26,AUG26,2026-08-06,2026-09-18,7749.35,7599.305665762463,FOUND,WARN,UNKNOWN_SERIES;ESTIMATED_EXPIRY_ALIAS,2026-08-02.2,PUT_CALL_PARITY,AUG26,AUG26=PUT_CALL_PARITY;SEP26=PUT_CALL_PARITY;DEC26=PUT_CALL_PARITY;NOV26=PUT_CALL_PARITY;OCT26=PUT_CALL_PARITY;DEC28=PUT_CALL_PARITY;DEC29=PUT_CALL_PARITY;DEC30=PUT_CALL_PARITY;JAN27=PUT_CALL_PARITY;MAR27=PUT_CALL_PARITY;SEP27=PUT_CALL_PARITY;JUN27=PUT_CALL_PARITY;JUN28=SERIES_FORWARD_CLUSTER;DEC27=PUT_CALL_PARITY;MAR28=PUT_CALL_PARITY;FEB27=PUT_CALL_PARITY;APR27=PUT_CALL_PARITY;MAY27=PUT_CALL_PARITY;JUL27=PUT_CALL_PARITY;AUG27=PUT_CALL_PARITY,AUG26=7749.35;SEP26=7753.15;DEC26=7883.5;NOV26=7810.75;OCT26=7815.375;DEC28=8379.75;DEC29=8684.75;DEC30=7840.337;JAN27=7882.5;MAR27=7955;SEP27=8104.25;JUN27=8026.625;JUN28=8918.5;DEC27=8108.25;MAR28=8197;FEB27=7881.125;APR27=7962.25;MAY27=7967.125;JUL27=8047.375;AUG27=8053.25,NONE,WEIGHTED_ATM,2026-08-14,6,441,0.0,NONE,12064,11562,501,0,0,RTM,MDW;MMW;MRW;MTW,OK,NONE,NONE,2026-08-05
SPX,7770.0,201403049.37520605,879.1532066968849,0.0,0.0,0.0,0.0,0.0,0.0,7812.103346347588,7686.596653652413,7874.856692695175,7623.843307304825,SEP26,AUG26,2026-08-06,2026-09-18,7749.35,7599.305665762463,FOUND,WARN,UNKNOWN_SERIES;ESTIMATED_EXPIRY_ALIAS,2026-08-02.2,PUT_CALL_PARITY,AUG26,AUG26=PUT_CALL_PARITY;SEP26=PUT_CALL_PARITY;DEC26=PUT_CALL_PARITY;NOV26=PUT_CALL_PARITY;OCT26=PUT_CALL_PARITY;DEC28=PUT_CALL_PARITY;DEC29=PUT_CALL_PARITY;DEC30=PUT_CALL_PARITY;JAN27=PUT_CALL_PARITY;MAR27=PUT_CALL_PARITY;SEP27=PUT_CALL_PARITY;JUN27=PUT_CALL_PARITY;JUN28=SERIES_FORWARD_CLUSTER;DEC27=PUT_CALL_PARITY;MAR28=PUT_CALL_PARITY;FEB27=PUT_CALL_PARITY;APR27=PUT_CALL_PARITY;MAY27=PUT_CALL_PARITY;JUL27=PUT_CALL_PARITY;AUG27=PUT_CALL_PARITY,AUG26=7749.35;SEP26=7753.15;DEC26=7883.5;NOV26=7810.75;OCT26=7815.375;DEC28=8379.75;DEC29=8684.75;DEC30=7840.337;JAN27=7882.5;MAR27=7955;SEP27=8104.25;JUN27=8026.625;JUN28=8918.5;DEC27=8108.25;MAR28=8197;FEB27=7881.125;APR27=7962.25;MAY27=7967.125;JUL27=8047.375;AUG27=8053.25,NONE,WEIGHTED_ATM,2026-08-14,6,441,0.0,NONE,12064,11562,501,0,0,RTM,MDW;MMW;MRW;MTW,OK,NONE,NONE,2026-08-05
SPX,7775.0,367849439.1855026,1745.5587914050936,0.0,0.0,0.0,0.0,0.0,0.0,7812.103346347588,7686.596653652413,7874.856692695175,7623.843307304825,SEP26,AUG26,2026-08-06,2026-09-18,7749.35,7599.305665762463,FOUND,WARN,UNKNOWN_SERIES;ESTIMATED_EXPIRY_ALIAS,2026-08-02.2,PUT_CALL_PARITY,AUG26,AUG26=PUT_CALL_PARITY;SEP26=PUT_CALL_PARITY;DEC26=PUT_CALL_PARITY;NOV26=PUT_CALL_PARITY;OCT26=PUT_CALL_PARITY;DEC28=PUT_CALL_PARITY;DEC29=PUT_CALL_PARITY;DEC30=PUT_CALL_PARITY;JAN27=PUT_CALL_PARITY;MAR27=PUT_CALL_PARITY;SEP27=PUT_CALL_PARITY;JUN27=PUT_CALL_PARITY;JUN28=SERIES_FORWARD_CLUSTER;DEC27=PUT_CALL_PARITY;MAR28=PUT_CALL_PARITY;FEB27=PUT_CALL_PARITY;APR27=PUT_CALL_PARITY;MAY27=PUT_CALL_PARITY;JUL27=PUT_CALL_PARITY;AUG27=PUT_CALL_PARITY,AUG26=7749.35;SEP26=7753.15;DEC26=7883.5;NOV26=7810.75;OCT26=7815.375;DEC28=8379.75;DEC29=8684.75;DEC30=7840.337;JAN27=7882.5;MAR27=7955;SEP27=8104.25;JUN27=8026.625;JUN28=8918.5;DEC27=8108.25;MAR28=8197;FEB27=7881.125;APR27=7962.25;MAY27=7967.125;JUL27=8047.375;AUG27=8053.25,NONE,WEIGHTED_ATM,2026-08-14,6,441,0.0,NONE,12064,11562,501,0,0,RTM,MDW;MMW;MRW;MTW,OK,NONE,NONE,2026-08-05
SPX,7780.0,1450131163.879636,3029.195095753457,0.0,0.0,0.0,0.0,0.0,0.0,7812.103346347588,7686.596653652413,7874.856692695175,7623.843307304825,SEP26,AUG26,2026-08-06,2026-09-18,7749.35,7599.305665762463,FOUND,WARN,UNKNOWN_SERIES;ESTIMATED_EXPIRY_ALIAS,2026-08-02.2,PUT_CALL_PARITY,AUG26,AUG26=PUT_CALL_PARITY;SEP26=PUT_CALL_PARITY;DEC26=PUT_CALL_PARITY;NOV26=PUT_CALL_PARITY;OCT26=PUT_CALL_PARITY;DEC28=PUT_CALL_PARITY;DEC29=PUT_CALL_PARITY;DEC30=PUT_CALL_PARITY;JAN27=PUT_CALL_PARITY;MAR27=PUT_CALL_PARITY;SEP27=PUT_CALL_PARITY;JUN27=PUT_CALL_PARITY;JUN28=SERIES_FORWARD_CLUSTER;DEC27=PUT_CALL_PARITY;MAR28=PUT_CALL_PARITY;FEB27=PUT_CALL_PARITY;APR27=PUT_CALL_PARITY;MAY27=PUT_CALL_PARITY;JUL27=PUT_CALL_PARITY;AUG27=PUT_CALL_PARITY,AUG26=7749.35;SEP26=7753.15;DEC26=7883.5;NOV26=7810.75;OCT26=7815.375;DEC28=8379.75;DEC29=8684.75;DEC30=7840.337;JAN27=7882.5;MAR27=7955;SEP27=8104.25;JUN27=8026.625;JUN28=8918.5;DEC27=8108.25;MAR28=8197;FEB27=7881.125;APR27=7962.25;MAY27=7967.125;JUL27=8047.375;AUG27=8053.25,NONE,WEIGHTED_ATM,2026-08-14,6,441,0.0,NONE,12064,11562,501,0,0,RTM,MDW;MMW;MRW;MTW,OK,NONE,NONE,2026-08-05
SPX,7785.0,75027872.97366339,270.39166614501585,0.0,0.0,0.0,0.0,0.0,0.0,7812.103346347588,7686.596653652413,7874.856692695175,7623.843307304825,SEP26,AUG26,2026-08-06,2026-09-18,7749.35,7599.305665762463,FOUND,WARN,UNKNOWN_SERIES;ESTIMATED_EXPIRY_ALIAS,2026-08-02.2,PUT_CALL_PARITY,AUG26,AUG26=PUT_CALL_PARITY;SEP26=PUT_CALL_PARITY;DEC26=PUT_CALL_PARITY;NOV26=PUT_CALL_PARITY;OCT26=PUT_CALL_PARITY;DEC28=PUT_CALL_PARITY;DEC29=PUT_CALL_PARITY;DEC30=PUT_CALL_PARITY;JAN27=PUT_CALL_PARITY;MAR27=PUT_CALL_PARITY;SEP27=PUT_CALL_PARITY;JUN27=PUT_CALL_PARITY;JUN28=SERIES_FORWARD_CLUSTER;DEC27=PUT_CALL_PARITY;MAR28=PUT_CALL_PARITY;FEB27=PUT_CALL_PARITY;APR27=PUT_CALL_PARITY;MAY27=PUT_CALL_PARITY;JUL27=PUT_CALL_PARITY;AUG27=PUT_CALL_PARITY,AUG26=7749.35;SEP26=7753.15;DEC26=7883.5;NOV26=7810.75;OCT26=7815.375;DEC28=8379.75;DEC29=8684.75;DEC30=7840.337;JAN27=7882.5;MAR27=7955;SEP27=8104.25;JUN27=8026.625;JUN28=8918.5;DEC27=8108.25;MAR28=8197;FEB27=7881.125;APR27=7962.25;MAY27=7967.125;JUL27=8047.375;AUG27=8053.25,NONE,WEIGHTED_ATM,2026-08-14,6,441,0.0,NONE,12064,11562,501,0,0,RTM,MDW;MMW;MRW;MTW,OK,NONE,NONE,2026-08-05
SPX,7790.0,421746070.3633132,974.6487761929792,0.0,0.0,0.0,0.0,0.0,0.0,7812.103346347588,7686.596653652413,7874.856692695175,7623.843307304825,SEP26,AUG26,2026-08-06,2026-09-18,7749.35,7599.305665762463,FOUND,WARN,UNKNOWN_SERIES;ESTIMATED_EXPIRY_ALIAS,2026-08-02.2,PUT_CALL_PARITY,AUG26,AUG26=PUT_CALL_PARITY;SEP26=PUT_CALL_PARITY;DEC26=PUT_CALL_PARITY;NOV26=PUT_CALL_PARITY;OCT26=PUT_CALL_PARITY;DEC28=PUT_CALL_PARITY;DEC29=PUT_CALL_PARITY;DEC30=PUT_CALL_PARITY;JAN27=PUT_CALL_PARITY;MAR27=PUT_CALL_PARITY;SEP27=PUT_CALL_PARITY;JUN27=PUT_CALL_PARITY;JUN28=SERIES_FORWARD_CLUSTER;DEC27=PUT_CALL_PARITY;MAR28=PUT_CALL_PARITY;FEB27=PUT_CALL_PARITY;APR27=PUT_CALL_PARITY;MAY27=PUT_CALL_PARITY;JUL27=PUT_CALL_PARITY;AUG27=PUT_CALL_PARITY,AUG26=7749.35;SEP26=7753.15;DEC26=7883.5;NOV26=7810.75;OCT26=7815.375;DEC28=8379.75;DEC29=8684.75;DEC30=7840.337;JAN27=7882.5;MAR27=7955;SEP27=8104.25;JUN27=8026.625;JUN28=8918.5;DEC27=8108.25;MAR28=8197;FEB27=7881.125;APR27=7962.25;MAY27=7967.125;JUL27=8047.375;AUG27=8053.25,NONE,WEIGHTED_ATM,2026-08-14,6,441,0.0,NONE,12064,11562,501,0,0,RTM,MDW;MMW;MRW;MTW,OK,NONE,NONE,2026-08-05
SPX,7795.0,56801751.858329296,274.4055597037366,0.0,0.0,0.0,0.0,0.0,0.0,7812.103346347588,7686.596653652413,7874.856692695175,7623.843307304825,SEP26,AUG26,2026-08-06,2026-09-18,7749.35,7599.305665762463,FOUND,WARN,UNKNOWN_SERIES;ESTIMATED_EXPIRY_ALIAS,2026-08-02.2,PUT_CALL_PARITY,AUG26,AUG26=PUT_CALL_PARITY;SEP26=PUT_CALL_PARITY;DEC26=PUT_CALL_PARITY;NOV26=PUT_CALL_PARITY;OCT26=PUT_CALL_PARITY;DEC28=PUT_CALL_PARITY;DEC29=PUT_CALL_PARITY;DEC30=PUT_CALL_PARITY;JAN27=PUT_CALL_PARITY;MAR27=PUT_CALL_PARITY;SEP27=PUT_CALL_PARITY;JUN27=PUT_CALL_PARITY;JUN28=SERIES_FORWARD_CLUSTER;DEC27=PUT_CALL_PARITY;MAR28=PUT_CALL_PARITY;FEB27=PUT_CALL_PARITY;APR27=PUT_CALL_PARITY;MAY27=PUT_CALL_PARITY;JUL27=PUT_CALL_PARITY;AUG27=PUT_CALL_PARITY,AUG26=7749.35;SEP26=7753.15;DEC26=7883.5;NOV26=7810.75;OCT26=7815.375;DEC28=8379.75;DEC29=8684.75;DEC30=7840.337;JAN27=7882.5;MAR27=7955;SEP27=8104.25;JUN27=8026.625;JUN28=8918.5;DEC27=8108.25;MAR28=8197;FEB27=7881.125;APR27=7962.25;MAY27=7967.125;JUL27=8047.375;AUG27=8053.25,NONE,WEIGHTED_ATM,2026-08-14,6,441,0.0,NONE,12064,11562,501,0,0,RTM,MDW;MMW;MRW;MTW,OK,NONE,NONE,2026-08-05
SPX,7800.0,1778085690.3975558,4516.36102389089,0.0,0.0,0.0,0.0,0.0,0.0,7812.103346347588,7686.596653652413,7874.856692695175,7623.843307304825,SEP26,AUG26,2026-08-06,2026-09-18,7749.35,7599.305665762463,FOUND,WARN,UNKNOWN_SERIES;ESTIMATED_EXPIRY_ALIAS,2026-08-02.2,PUT_CALL_PARITY,AUG26,AUG26=PUT_CALL_PARITY;SEP26=PUT_CALL_PARITY;DEC26=PUT_CALL_PARITY;NOV26=PUT_CALL_PARITY;OCT26=PUT_CALL_PARITY;DEC28=PUT_CALL_PARITY;DEC29=PUT_CALL_PARITY;DEC30=PUT_CALL_PARITY;JAN27=PUT_CALL_PARITY;MAR27=PUT_CALL_PARITY;SEP27=PUT_CALL_PARITY;JUN27=PUT_CALL_PARITY;JUN28=SERIES_FORWARD_CLUSTER;DEC27=PUT_CALL_PARITY;MAR28=PUT_CALL_PARITY;FEB27=PUT_CALL_PARITY;APR27=PUT_CALL_PARITY;MAY27=PUT_CALL_PARITY;JUL27=PUT_CALL_PARITY;AUG27=PUT_CALL_PARITY,AUG26=7749.35;SEP26=7753.15;DEC26=7883.5;NOV26=7810.75;OCT26=7815.375;DEC28=8379.75;DEC29=8684.75;DEC30=7840.337;JAN27=7882.5;MAR27=7955;SEP27=8104.25;JUN27=8026.625;JUN28=8918.5;DEC27=8108.25;MAR28=8197;FEB27=7881.125;APR27=7962.25;MAY27=7967.125;JUL27=8047.375;AUG27=8053.25,NONE,WEIGHTED_ATM,2026-08-14,6,441,0.0,NONE,12064,11562,501,0,0,RTM,MDW;MMW;MRW;MTW,OK,NONE,NONE,2026-08-05
SPX,7805.0,224363421.56807548,469.4069155886431,0.0,0.0,0.0,0.0,0.0,0.0,7812.103346347588,7686.596653652413,7874.856692695175,7623.843307304825,SEP26,AUG26,2026-08-06,2026-09-18,7749.35,7599.305665762463,FOUND,WARN,UNKNOWN_SERIES;ESTIMATED_EXPIRY_ALIAS,2026-08-02.2,PUT_CALL_PARITY,AUG26,AUG26=PUT_CALL_PARITY;SEP26=PUT_CALL_PARITY;DEC26=PUT_CALL_PARITY;NOV26=PUT_CALL_PARITY;OCT26=PUT_CALL_PARITY;DEC28=PUT_CALL_PARITY;DEC29=PUT_CALL_PARITY;DEC30=PUT_CALL_PARITY;JAN27=PUT_CALL_PARITY;MAR27=PUT_CALL_PARITY;SEP27=PUT_CALL_PARITY;JUN27=PUT_CALL_PARITY;JUN28=SERIES_FORWARD_CLUSTER;DEC27=PUT_CALL_PARITY;MAR28=PUT_CALL_PARITY;FEB27=PUT_CALL_PARITY;APR27=PUT_CALL_PARITY;MAY27=PUT_CALL_PARITY;JUL27=PUT_CALL_PARITY;AUG27=PUT_CALL_PARITY,AUG26=7749.35;SEP26=7753.15;DEC26=7883.5;NOV26=7810.75;OCT26=7815.375;DEC28=8379.75;DEC29=8684.75;DEC30=7840.337;JAN27=7882.5;MAR27=7955;SEP27=8104.25;JUN27=8026.625;JUN28=8918.5;DEC27=8108.25;MAR28=8197;FEB27=7881.125;APR27=7962.25;MAY27=7967.125;JUL27=8047.375;AUG27=8053.25,NONE,WEIGHTED_ATM,2026-08-14,6,441,0.0,NONE,12064,11562,501,0,0,RTM,MDW;MMW;MRW;MTW,OK,NONE,NONE,2026-08-05
SPX,7810.0,642163289.2355037,1241.9691601945692,0.0,0.0,0.0,0.0,0.0,0.0,7812.103346347588,7686.596653652413,7874.856692695175,7623.843307304825,SEP26,AUG26,2026-08-06,2026-09-18,7749.35,7599.305665762463,FOUND,WARN,UNKNOWN_SERIES;ESTIMATED_EXPIRY_ALIAS,2026-08-02.2,PUT_CALL_PARITY,AUG26,AUG26=PUT_CALL_PARITY;SEP26=PUT_CALL_PARITY;DEC26=PUT_CALL_PARITY;NOV26=PUT_CALL_PARITY;OCT26=PUT_CALL_PARITY;DEC28=PUT_CALL_PARITY;DEC29=PUT_CALL_PARITY;DEC30=PUT_CALL_PARITY;JAN27=PUT_CALL_PARITY;MAR27=PUT_CALL_PARITY;SEP27=PUT_CALL_PARITY;JUN27=PUT_CALL_PARITY;JUN28=SERIES_FORWARD_CLUSTER;DEC27=PUT_CALL_PARITY;MAR28=PUT_CALL_PARITY;FEB27=PUT_CALL_PARITY;APR27=PUT_CALL_PARITY;MAY27=PUT_CALL_PARITY;JUL27=PUT_CALL_PARITY;AUG27=PUT_CALL_PARITY,AUG26=7749.35;SEP26=7753.15;DEC26=7883.5;NOV26=7810.75;OCT26=7815.375;DEC28=8379.75;DEC29=8684.75;DEC30=7840.337;JAN27=7882.5;MAR27=7955;SEP27=8104.25;JUN27=8026.625;JUN28=8918.5;DEC27=8108.25;MAR28=8197;FEB27=7881.125;APR27=7962.25;MAY27=7967.125;JUL27=8047.375;AUG27=8053.25,NONE,WEIGHTED_ATM,2026-08-14,6,441,0.0,NONE,12064,11562,501,0,0,RTM,MDW;MMW;MRW;MTW,OK,NONE,NONE,2026-08-05
SPX,7815.0,70836632.43689828,192.8527275875864,0.0,0.0,0.0,0.0,0.0,0.0,7812.103346347588,7686.596653652413,7874.856692695175,7623.843307304825,SEP26,AUG26,2026-08-06,2026-09-18,7749.35,7599.305665762463,FOUND,WARN,UNKNOWN_SERIES;ESTIMATED_EXPIRY_ALIAS,2026-08-02.2,PUT_CALL_PARITY,AUG26,AUG26=PUT_CALL_PARITY;SEP26=PUT_CALL_PARITY;DEC26=PUT_CALL_PARITY;NOV26=PUT_CALL_PARITY;OCT26=PUT_CALL_PARITY;DEC28=PUT_CALL_PARITY;DEC29=PUT_CALL_PARITY;DEC30=PUT_CALL_PARITY;JAN27=PUT_CALL_PARITY;MAR27=PUT_CALL_PARITY;SEP27=PUT_CALL_PARITY;JUN27=PUT_CALL_PARITY;JUN28=SERIES_FORWARD_CLUSTER;DEC27=PUT_CALL_PARITY;MAR28=PUT_CALL_PARITY;FEB27=PUT_CALL_PARITY;APR27=PUT_CALL_PARITY;MAY27=PUT_CALL_PARITY;JUL27=PUT_CALL_PARITY;AUG27=PUT_CALL_PARITY,AUG26=7749.35;SEP26=7753.15;DEC26=7883.5;NOV26=7810.75;OCT26=7815.375;DEC28=8379.75;DEC29=8684.75;DEC30=7840.337;JAN27=7882.5;MAR27=7955;SEP27=8104.25;JUN27=8026.625;JUN28=8918.5;DEC27=8108.25;MAR28=8197;FEB27=7881.125;APR27=7962.25;MAY27=7967.125;JUL27=8047.375;AUG27=8053.25,NONE,WEIGHTED_ATM,2026-08-14,6,441,0.0,NONE,12064,11562,501,0,0,RTM,MDW;MMW;MRW;MTW,OK,NONE,NONE,2026-08-05
SPX,7820.0,300163828.4885872,569.3905121527227,0.0,0.0,0.0,0.0,0.0,0.0,7812.103346347588,7686.596653652413,7874.856692695175,7623.843307304825,SEP26,AUG26,2026-08-06,2026-09-18,7749.35,7599.305665762463,FOUND,WARN,UNKNOWN_SERIES;ESTIMATED_EXPIRY_ALIAS,2026-08-02.2,PUT_CALL_PARITY,AUG26,AUG26=PUT_CALL_PARITY;SEP26=PUT_CALL_PARITY;DEC26=PUT_CALL_PARITY;NOV26=PUT_CALL_PARITY;OCT26=PUT_CALL_PARITY;DEC28=PUT_CALL_PARITY;DEC29=PUT_CALL_PARITY;DEC30=PUT_CALL_PARITY;JAN27=PUT_CALL_PARITY;MAR27=PUT_CALL_PARITY;SEP27=PUT_CALL_PARITY;JUN27=PUT_CALL_PARITY;JUN28=SERIES_FORWARD_CLUSTER;DEC27=PUT_CALL_PARITY;MAR28=PUT_CALL_PARITY;FEB27=PUT_CALL_PARITY;APR27=PUT_CALL_PARITY;MAY27=PUT_CALL_PARITY;JUL27=PUT_CALL_PARITY;AUG27=PUT_CALL_PARITY,AUG26=7749.35;SEP26=7753.15;DEC26=7883.5;NOV26=7810.75;OCT26=7815.375;DEC28=8379.75;DEC29=8684.75;DEC30=7840.337;JAN27=7882.5;MAR27=7955;SEP27=8104.25;JUN27=8026.625;JUN28=8918.5;DEC27=8108.25;MAR28=8197;FEB27=7881.125;APR27=7962.25;MAY27=7967.125;JUL27=8047.375;AUG27=8053.25,NONE,WEIGHTED_ATM,2026-08-14,6,441,0.0,NONE,12064,11562,501,0,0,RTM,MDW;MMW;MRW;MTW,OK,NONE,NONE,2026-08-05
SPX,7825.0,598633065.646317,1215.8918237136038,0.0,0.0,0.0,0.0,0.0,0.0,7812.103346347588,7686.596653652413,7874.856692695175,7623.843307304825,SEP26,AUG26,2026-08-06,2026-09-18,7749.35,7599.305665762463,FOUND,WARN,UNKNOWN_SERIES;ESTIMATED_EXPIRY_ALIAS,2026-08-02.2,PUT_CALL_PARITY,AUG26,AUG26=PUT_CALL_PARITY;SEP26=PUT_CALL_PARITY;DEC26=PUT_CALL_PARITY;NOV26=PUT_CALL_PARITY;OCT26=PUT_CALL_PARITY;DEC28=PUT_CALL_PARITY;DEC29=PUT_CALL_PARITY;DEC30=PUT_CALL_PARITY;JAN27=PUT_CALL_PARITY;MAR27=PUT_CALL_PARITY;SEP27=PUT_CALL_PARITY;JUN27=PUT_CALL_PARITY;JUN28=SERIES_FORWARD_CLUSTER;DEC27=PUT_CALL_PARITY;MAR28=PUT_CALL_PARITY;FEB27=PUT_CALL_PARITY;APR27=PUT_CALL_PARITY;MAY27=PUT_CALL_PARITY;JUL27=PUT_CALL_PARITY;AUG27=PUT_CALL_PARITY,AUG26=7749.35;SEP26=7753.15;DEC26=7883.5;NOV26=7810.75;OCT26=7815.375;DEC28=8379.75;DEC29=8684.75;DEC30=7840.337;JAN27=7882.5;MAR27=7955;SEP27=8104.25;JUN27=8026.625;JUN28=8918.5;DEC27=8108.25;MAR28=8197;FEB27=7881.125;APR27=7962.25;MAY27=7967.125;JUL27=8047.375;AUG27=8053.25,NONE,WEIGHTED_ATM,2026-08-14,6,441,0.0,NONE,12064,11562,501,0,0,RTM,MDW;MMW;MRW;MTW,OK,NONE,NONE,2026-08-05
SPX,7830.0,503199899.1104732,893.5998265859143,0.0,0.0,0.0,0.0,0.0,0.0,7812.103346347588,7686.596653652413,7874.856692695175,7623.843307304825,SEP26,AUG26,2026-08-06,2026-09-18,7749.35,7599.305665762463,FOUND,WARN,UNKNOWN_SERIES;ESTIMATED_EXPIRY_ALIAS,2026-08-02.2,PUT_CALL_PARITY,AUG26,AUG26=PUT_CALL_PARITY;SEP26=PUT_CALL_PARITY;DEC26=PUT_CALL_PARITY;NOV26=PUT_CALL_PARITY;OCT26=PUT_CALL_PARITY;DEC28=PUT_CALL_PARITY;DEC29=PUT_CALL_PARITY;DEC30=PUT_CALL_PARITY;JAN27=PUT_CALL_PARITY;MAR27=PUT_CALL_PARITY;SEP27=PUT_CALL_PARITY;JUN27=PUT_CALL_PARITY;JUN28=SERIES_FORWARD_CLUSTER;DEC27=PUT_CALL_PARITY;MAR28=PUT_CALL_PARITY;FEB27=PUT_CALL_PARITY;APR27=PUT_CALL_PARITY;MAY27=PUT_CALL_PARITY;JUL27=PUT_CALL_PARITY;AUG27=PUT_CALL_PARITY,AUG26=7749.35;SEP26=7753.15;DEC26=7883.5;NOV26=7810.75;OCT26=7815.375;DEC28=8379.75;DEC29=8684.75;DEC30=7840.337;JAN27=7882.5;MAR27=7955;SEP27=8104.25;JUN27=8026.625;JUN28=8918.5;DEC27=8108.25;MAR28=8197;FEB27=7881.125;APR27=7962.25;MAY27=7967.125;JUL27=8047.375;AUG27=8053.25,NONE,WEIGHTED_ATM,2026-08-14,6,441,0.0,NONE,12064,11562,501,0,0,RTM,MDW;MMW;MRW;MTW,OK,NONE,NONE,2026-08-05
SPX,7835.0,96740147.91130796,185.8118756517277,0.0,0.0,0.0,0.0,0.0,0.0,7812.103346347588,7686.596653652413,7874.856692695175,7623.843307304825,SEP26,AUG26,2026-08-06,2026-09-18,7749.35,7599.305665762463,FOUND,WARN,UNKNOWN_SERIES;ESTIMATED_EXPIRY_ALIAS,2026-08-02.2,PUT_CALL_PARITY,AUG26,AUG26=PUT_CALL_PARITY;SEP26=PUT_CALL_PARITY;DEC26=PUT_CALL_PARITY;NOV26=PUT_CALL_PARITY;OCT26=PUT_CALL_PARITY;DEC28=PUT_CALL_PARITY;DEC29=PUT_CALL_PARITY;DEC30=PUT_CALL_PARITY;JAN27=PUT_CALL_PARITY;MAR27=PUT_CALL_PARITY;SEP27=PUT_CALL_PARITY;JUN27=PUT_CALL_PARITY;JUN28=SERIES_FORWARD_CLUSTER;DEC27=PUT_CALL_PARITY;MAR28=PUT_CALL_PARITY;FEB27=PUT_CALL_PARITY;APR27=PUT_CALL_PARITY;MAY27=PUT_CALL_PARITY;JUL27=PUT_CALL_PARITY;AUG27=PUT_CALL_PARITY,AUG26=7749.35;SEP26=7753.15;DEC26=7883.5;NOV26=7810.75;OCT26=7815.375;DEC28=8379.75;DEC29=8684.75;DEC30=7840.337;JAN27=7882.5;MAR27=7955;SEP27=8104.25;JUN27=8026.625;JUN28=8918.5;DEC27=8108.25;MAR28=8197;FEB27=7881.125;APR27=7962.25;MAY27=7967.125;JUL27=8047.375;AUG27=8053.25,NONE,WEIGHTED_ATM,2026-08-14,6,441,0.0,NONE,12064,11562,501,0,0,RTM,MDW;MMW;MRW;MTW,OK,NONE,NONE,2026-08-05
SPX,7840.0,301482006.1415907,528.1026515490113,0.0,0.0,0.0,0.0,0.0,0.0,7812.103346347588,7686.596653652413,7874.856692695175,7623.843307304825,SEP26,AUG26,2026-08-06,2026-09-18,7749.35,7599.305665762463,FOUND,WARN,UNKNOWN_SERIES;ESTIMATED_EXPIRY_ALIAS,2026-08-02.2,PUT_CALL_PARITY,AUG26,AUG26=PUT_CALL_PARITY;SEP26=PUT_CALL_PARITY;DEC26=PUT_CALL_PARITY;NOV26=PUT_CALL_PARITY;OCT26=PUT_CALL_PARITY;DEC28=PUT_CALL_PARITY;DEC29=PUT_CALL_PARITY;DEC30=PUT_CALL_PARITY;JAN27=PUT_CALL_PARITY;MAR27=PUT_CALL_PARITY;SEP27=PUT_CALL_PARITY;JUN27=PUT_CALL_PARITY;JUN28=SERIES_FORWARD_CLUSTER;DEC27=PUT_CALL_PARITY;MAR28=PUT_CALL_PARITY;FEB27=PUT_CALL_PARITY;APR27=PUT_CALL_PARITY;MAY27=PUT_CALL_PARITY;JUL27=PUT_CALL_PARITY;AUG27=PUT_CALL_PARITY,AUG26=7749.35;SEP26=7753.15;DEC26=7883.5;NOV26=7810.75;OCT26=7815.375;DEC28=8379.75;DEC29=8684.75;DEC30=7840.337;JAN27=7882.5;MAR27=7955;SEP27=8104.25;JUN27=8026.625;JUN28=8918.5;DEC27=8108.25;MAR28=8197;FEB27=7881.125;APR27=7962.25;MAY27=7967.125;JUL27=8047.375;AUG27=8053.25,NONE,WEIGHTED_ATM,2026-08-14,6,441,0.0,NONE,12064,11562,501,0,0,RTM,MDW;MMW;MRW;MTW,OK,NONE,NONE,2026-08-05
SPX,7845.0,33629261.05701853,61.00200381175515,0.0,0.0,0.0,0.0,0.0,0.0,7812.103346347588,7686.596653652413,7874.856692695175,7623.843307304825,SEP26,AUG26,2026-08-06,2026-09-18,7749.35,7599.305665762463,FOUND,WARN,UNKNOWN_SERIES;ESTIMATED_EXPIRY_ALIAS,2026-08-02.2,PUT_CALL_PARITY,AUG26,AUG26=PUT_CALL_PARITY;SEP26=PUT_CALL_PARITY;DEC26=PUT_CALL_PARITY;NOV26=PUT_CALL_PARITY;OCT26=PUT_CALL_PARITY;DEC28=PUT_CALL_PARITY;DEC29=PUT_CALL_PARITY;DEC30=PUT_CALL_PARITY;JAN27=PUT_CALL_PARITY;MAR27=PUT_CALL_PARITY;SEP27=PUT_CALL_PARITY;JUN27=PUT_CALL_PARITY;JUN28=SERIES_FORWARD_CLUSTER;DEC27=PUT_CALL_PARITY;MAR28=PUT_CALL_PARITY;FEB27=PUT_CALL_PARITY;APR27=PUT_CALL_PARITY;MAY27=PUT_CALL_PARITY;JUL27=PUT_CALL_PARITY;AUG27=PUT_CALL_PARITY,AUG26=7749.35;SEP26=7753.15;DEC26=7883.5;NOV26=7810.75;OCT26=7815.375;DEC28=8379.75;DEC29=8684.75;DEC30=7840.337;JAN27=7882.5;MAR27=7955;SEP27=8104.25;JUN27=8026.625;JUN28=8918.5;DEC27=8108.25;MAR28=8197;FEB27=7881.125;APR27=7962.25;MAY27=7967.125;JUL27=8047.375;AUG27=8053.25,NONE,WEIGHTED_ATM,2026-08-14,6,441,0.0,NONE,12064,11562,501,0,0,RTM,MDW;MMW;MRW;MTW,OK,NONE,NONE,2026-08-05
SPX,7850.0,1344436187.3389664,2542.514491860529,0.0,0.0,0.0,0.0,0.0,0.0,7812.103346347588,7686.596653652413,7874.856692695175,7623.843307304825,SEP26,AUG26,2026-08-06,2026-09-18,7749.35,7599.305665762463,FOUND,WARN,UNKNOWN_SERIES;ESTIMATED_EXPIRY_ALIAS,2026-08-02.2,PUT_CALL_PARITY,AUG26,AUG26=PUT_CALL_PARITY;SEP26=PUT_CALL_PARITY;DEC26=PUT_CALL_PARITY;NOV26=PUT_CALL_PARITY;OCT26=PUT_CALL_PARITY;DEC28=PUT_CALL_PARITY;DEC29=PUT_CALL_PARITY;DEC30=PUT_CALL_PARITY;JAN27=PUT_CALL_PARITY;MAR27=PUT_CALL_PARITY;SEP27=PUT_CALL_PARITY;JUN27=PUT_CALL_PARITY;JUN28=SERIES_FORWARD_CLUSTER;DEC27=PUT_CALL_PARITY;MAR28=PUT_CALL_PARITY;FEB27=PUT_CALL_PARITY;APR27=PUT_CALL_PARITY;MAY27=PUT_CALL_PARITY;JUL27=PUT_CALL_PARITY;AUG27=PUT_CALL_PARITY,AUG26=7749.35;SEP26=7753.15;DEC26=7883.5;NOV26=7810.75;OCT26=7815.375;DEC28=8379.75;DEC29=8684.75;DEC30=7840.337;JAN27=7882.5;MAR27=7955;SEP27=8104.25;JUN27=8026.625;JUN28=8918.5;DEC27=8108.25;MAR28=8197;FEB27=7881.125;APR27=7962.25;MAY27=7967.125;JUL27=8047.375;AUG27=8053.25,NONE,WEIGHTED_ATM,2026-08-14,6,441,0.0,NONE,12064,11562,501,0,0,RTM,MDW;MMW;MRW;MTW,OK,NONE,NONE,2026-08-05
SPX,7855.0,80004012.98899113,138.45166413755553,0.0,0.0,0.0,0.0,0.0,0.0,7812.103346347588,7686.596653652413,7874.856692695175,7623.843307304825,SEP26,AUG26,2026-08-06,2026-09-18,7749.35,7599.305665762463,FOUND,WARN,UNKNOWN_SERIES;ESTIMATED_EXPIRY_ALIAS,2026-08-02.2,PUT_CALL_PARITY,AUG26,AUG26=PUT_CALL_PARITY;SEP26=PUT_CALL_PARITY;DEC26=PUT_CALL_PARITY;NOV26=PUT_CALL_PARITY;OCT26=PUT_CALL_PARITY;DEC28=PUT_CALL_PARITY;DEC29=PUT_CALL_PARITY;DEC30=PUT_CALL_PARITY;JAN27=PUT_CALL_PARITY;MAR27=PUT_CALL_PARITY;SEP27=PUT_CALL_PARITY;JUN27=PUT_CALL_PARITY;JUN28=SERIES_FORWARD_CLUSTER;DEC27=PUT_CALL_PARITY;MAR28=PUT_CALL_PARITY;FEB27=PUT_CALL_PARITY;APR27=PUT_CALL_PARITY;MAY27=PUT_CALL_PARITY;JUL27=PUT_CALL_PARITY;AUG27=PUT_CALL_PARITY,AUG26=7749.35;SEP26=7753.15;DEC26=7883.5;NOV26=7810.75;OCT26=7815.375;DEC28=8379.75;DEC29=8684.75;DEC30=7840.337;JAN27=7882.5;MAR27=7955;SEP27=8104.25;JUN27=8026.625;JUN28=8918.5;DEC27=8108.25;MAR28=8197;FEB27=7881.125;APR27=7962.25;MAY27=7967.125;JUL27=8047.375;AUG27=8053.25,NONE,WEIGHTED_ATM,2026-08-14,6,441,0.0,NONE,12064,11562,501,0,0,RTM,MDW;MMW;MRW;MTW,OK,NONE,NONE,2026-08-05
SPX,7860.0,487236273.6996319,810.6631948370447,0.0,0.0,0.0,0.0,0.0,0.0,7812.103346347588,7686.596653652413,7874.856692695175,7623.843307304825,SEP26,AUG26,2026-08-06,2026-09-18,7749.35,7599.305665762463,FOUND,WARN,UNKNOWN_SERIES;ESTIMATED_EXPIRY_ALIAS,2026-08-02.2,PUT_CALL_PARITY,AUG26,AUG26=PUT_CALL_PARITY;SEP26=PUT_CALL_PARITY;DEC26=PUT_CALL_PARITY;NOV26=PUT_CALL_PARITY;OCT26=PUT_CALL_PARITY;DEC28=PUT_CALL_PARITY;DEC29=PUT_CALL_PARITY;DEC30=PUT_CALL_PARITY;JAN27=PUT_CALL_PARITY;MAR27=PUT_CALL_PARITY;SEP27=PUT_CALL_PARITY;JUN27=PUT_CALL_PARITY;JUN28=SERIES_FORWARD_CLUSTER;DEC27=PUT_CALL_PARITY;MAR28=PUT_CALL_PARITY;FEB27=PUT_CALL_PARITY;APR27=PUT_CALL_PARITY;MAY27=PUT_CALL_PARITY;JUL27=PUT_CALL_PARITY;AUG27=PUT_CALL_PARITY,AUG26=7749.35;SEP26=7753.15;DEC26=7883.5;NOV26=7810.75;OCT26=7815.375;DEC28=8379.75;DEC29=8684.75;DEC30=7840.337;JAN27=7882.5;MAR27=7955;SEP27=8104.25;JUN27=8026.625;JUN28=8918.5;DEC27=8108.25;MAR28=8197;FEB27=7881.125;APR27=7962.25;MAY27=7967.125;JUL27=8047.375;AUG27=8053.25,NONE,WEIGHTED_ATM,2026-08-14,6,441,0.0,NONE,12064,11562,501,0,0,RTM,MDW;MMW;MRW;MTW,OK,NONE,NONE,2026-08-05
SPX,7865.0,32404565.809038,55.39496657632117,0.0,0.0,0.0,0.0,0.0,0.0,7812.103346347588,7686.596653652413,7874.856692695175,7623.843307304825,SEP26,AUG26,2026-08-06,2026-09-18,7749.35,7599.305665762463,FOUND,WARN,UNKNOWN_SERIES;ESTIMATED_EXPIRY_ALIAS,2026-08-02.2,PUT_CALL_PARITY,AUG26,AUG26=PUT_CALL_PARITY;SEP26=PUT_CALL_PARITY;DEC26=PUT_CALL_PARITY;NOV26=PUT_CALL_PARITY;OCT26=PUT_CALL_PARITY;DEC28=PUT_CALL_PARITY;DEC29=PUT_CALL_PARITY;DEC30=PUT_CALL_PARITY;JAN27=PUT_CALL_PARITY;MAR27=PUT_CALL_PARITY;SEP27=PUT_CALL_PARITY;JUN27=PUT_CALL_PARITY;JUN28=SERIES_FORWARD_CLUSTER;DEC27=PUT_CALL_PARITY;MAR28=PUT_CALL_PARITY;FEB27=PUT_CALL_PARITY;APR27=PUT_CALL_PARITY;MAY27=PUT_CALL_PARITY;JUL27=PUT_CALL_PARITY;AUG27=PUT_CALL_PARITY,AUG26=7749.35;SEP26=7753.15;DEC26=7883.5;NOV26=7810.75;OCT26=7815.375;DEC28=8379.75;DEC29=8684.75;DEC30=7840.337;JAN27=7882.5;MAR27=7955;SEP27=8104.25;JUN27=8026.625;JUN28=8918.5;DEC27=8108.25;MAR28=8197;FEB27=7881.125;APR27=7962.25;MAY27=7967.125;JUL27=8047.375;AUG27=8053.25,NONE,WEIGHTED_ATM,2026-08-14,6,441,0.0,NONE,12064,11562,501,0,0,RTM,MDW;MMW;MRW;MTW,OK,NONE,NONE,2026-08-05
SPX,7870.0,165327525.8512839,285.8282770952893,0.0,0.0,0.0,0.0,0.0,0.0,7812.103346347588,7686.596653652413,7874.856692695175,7623.843307304825,SEP26,AUG26,2026-08-06,2026-09-18,7749.35,7599.305665762463,FOUND,WARN,UNKNOWN_SERIES;ESTIMATED_EXPIRY_ALIAS,2026-08-02.2,PUT_CALL_PARITY,AUG26,AUG26=PUT_CALL_PARITY;SEP26=PUT_CALL_PARITY;DEC26=PUT_CALL_PARITY;NOV26=PUT_CALL_PARITY;OCT26=PUT_CALL_PARITY;DEC28=PUT_CALL_PARITY;DEC29=PUT_CALL_PARITY;DEC30=PUT_CALL_PARITY;JAN27=PUT_CALL_PARITY;MAR27=PUT_CALL_PARITY;SEP27=PUT_CALL_PARITY;JUN27=PUT_CALL_PARITY;JUN28=SERIES_FORWARD_CLUSTER;DEC27=PUT_CALL_PARITY;MAR28=PUT_CALL_PARITY;FEB27=PUT_CALL_PARITY;APR27=PUT_CALL_PARITY;MAY27=PUT_CALL_PARITY;JUL27=PUT_CALL_PARITY;AUG27=PUT_CALL_PARITY,AUG26=7749.35;SEP26=7753.15;DEC26=7883.5;NOV26=7810.75;OCT26=7815.375;DEC28=8379.75;DEC29=8684.75;DEC30=7840.337;JAN27=7882.5;MAR27=7955;SEP27=8104.25;JUN27=8026.625;JUN28=8918.5;DEC27=8108.25;MAR28=8197;FEB27=7881.125;APR27=7962.25;MAY27=7967.125;JUL27=8047.375;AUG27=8053.25,NONE,WEIGHTED_ATM,2026-08-14,6,441,0.0,NONE,12064,11562,501,0,0,RTM,MDW;MMW;MRW;MTW,OK,NONE,NONE,2026-08-05
SPX,7875.0,469920734.015442,828.5703519367464,0.0,0.0,0.0,0.0,0.0,0.0,7812.103346347588,7686.596653652413,7874.856692695175,7623.843307304825,SEP26,AUG26,2026-08-06,2026-09-18,7749.35,7599.305665762463,FOUND,WARN,UNKNOWN_SERIES;ESTIMATED_EXPIRY_ALIAS,2026-08-02.2,PUT_CALL_PARITY,AUG26,AUG26=PUT_CALL_PARITY;SEP26=PUT_CALL_PARITY;DEC26=PUT_CALL_PARITY;NOV26=PUT_CALL_PARITY;OCT26=PUT_CALL_PARITY;DEC28=PUT_CALL_PARITY;DEC29=PUT_CALL_PARITY;DEC30=PUT_CALL_PARITY;JAN27=PUT_CALL_PARITY;MAR27=PUT_CALL_PARITY;SEP27=PUT_CALL_PARITY;JUN27=PUT_CALL_PARITY;JUN28=SERIES_FORWARD_CLUSTER;DEC27=PUT_CALL_PARITY;MAR28=PUT_CALL_PARITY;FEB27=PUT_CALL_PARITY;APR27=PUT_CALL_PARITY;MAY27=PUT_CALL_PARITY;JUL27=PUT_CALL_PARITY;AUG27=PUT_CALL_PARITY,AUG26=7749.35;SEP26=7753.15;DEC26=7883.5;NOV26=7810.75;OCT26=7815.375;DEC28=8379.75;DEC29=8684.75;DEC30=7840.337;JAN27=7882.5;MAR27=7955;SEP27=8104.25;JUN27=8026.625;JUN28=8918.5;DEC27=8108.25;MAR28=8197;FEB27=7881.125;APR27=7962.25;MAY27=7967.125;JUL27=8047.375;AUG27=8053.25,NONE,WEIGHTED_ATM,2026-08-14,6,441,0.0,NONE,12064,11562,501,0,0,RTM,MDW;MMW;MRW;MTW,OK,NONE,NONE,2026-08-05
SPX,7880.0,211690593.2682582,363.40144701963595,0.0,0.0,0.0,0.0,0.0,0.0,7812.103346347588,7686.596653652413,7874.856692695175,7623.843307304825,SEP26,AUG26,2026-08-06,2026-09-18,7749.35,7599.305665762463,FOUND,WARN,UNKNOWN_SERIES;ESTIMATED_EXPIRY_ALIAS,2026-08-02.2,PUT_CALL_PARITY,AUG26,AUG26=PUT_CALL_PARITY;SEP26=PUT_CALL_PARITY;DEC26=PUT_CALL_PARITY;NOV26=PUT_CALL_PARITY;OCT26=PUT_CALL_PARITY;DEC28=PUT_CALL_PARITY;DEC29=PUT_CALL_PARITY;DEC30=PUT_CALL_PARITY;JAN27=PUT_CALL_PARITY;MAR27=PUT_CALL_PARITY;SEP27=PUT_CALL_PARITY;JUN27=PUT_CALL_PARITY;JUN28=SERIES_FORWARD_CLUSTER;DEC27=PUT_CALL_PARITY;MAR28=PUT_CALL_PARITY;FEB27=PUT_CALL_PARITY;APR27=PUT_CALL_PARITY;MAY27=PUT_CALL_PARITY;JUL27=PUT_CALL_PARITY;AUG27=PUT_CALL_PARITY,AUG26=7749.35;SEP26=7753.15;DEC26=7883.5;NOV26=7810.75;OCT26=7815.375;DEC28=8379.75;DEC29=8684.75;DEC30=7840.337;JAN27=7882.5;MAR27=7955;SEP27=8104.25;JUN27=8026.625;JUN28=8918.5;DEC27=8108.25;MAR28=8197;FEB27=7881.125;APR27=7962.25;MAY27=7967.125;JUL27=8047.375;AUG27=8053.25,NONE,WEIGHTED_ATM,2026-08-14,6,441,0.0,NONE,12064,11562,501,0,0,RTM,MDW;MMW;MRW;MTW,OK,NONE,NONE,2026-08-05
SPX,7885.0,21355295.102421887,35.979927453319995,0.0,0.0,0.0,0.0,0.0,0.0,7812.103346347588,7686.596653652413,7874.856692695175,7623.843307304825,SEP26,AUG26,2026-08-06,2026-09-18,7749.35,7599.305665762463,FOUND,WARN,UNKNOWN_SERIES;ESTIMATED_EXPIRY_ALIAS,2026-08-02.2,PUT_CALL_PARITY,AUG26,AUG26=PUT_CALL_PARITY;SEP26=PUT_CALL_PARITY;DEC26=PUT_CALL_PARITY;NOV26=PUT_CALL_PARITY;OCT26=PUT_CALL_PARITY;DEC28=PUT_CALL_PARITY;DEC29=PUT_CALL_PARITY;DEC30=PUT_CALL_PARITY;JAN27=PUT_CALL_PARITY;MAR27=PUT_CALL_PARITY;SEP27=PUT_CALL_PARITY;JUN27=PUT_CALL_PARITY;JUN28=SERIES_FORWARD_CLUSTER;DEC27=PUT_CALL_PARITY;MAR28=PUT_CALL_PARITY;FEB27=PUT_CALL_PARITY;APR27=PUT_CALL_PARITY;MAY27=PUT_CALL_PARITY;JUL27=PUT_CALL_PARITY;AUG27=PUT_CALL_PARITY,AUG26=7749.35;SEP26=7753.15;DEC26=7883.5;NOV26=7810.75;OCT26=7815.375;DEC28=8379.75;DEC29=8684.75;DEC30=7840.337;JAN27=7882.5;MAR27=7955;SEP27=8104.25;JUN27=8026.625;JUN28=8918.5;DEC27=8108.25;MAR28=8197;FEB27=7881.125;APR27=7962.25;MAY27=7967.125;JUL27=8047.375;AUG27=8053.25,NONE,WEIGHTED_ATM,2026-08-14,6,441,0.0,NONE,12064,11562,501,0,0,RTM,MDW;MMW;MRW;MTW,OK,NONE,NONE,2026-08-05
SPX,7890.0,1554826403.8416226,2591.988752134987,0.0,0.0,0.0,0.0,0.0,0.0,7812.103346347588,7686.596653652413,7874.856692695175,7623.843307304825,SEP26,AUG26,2026-08-06,2026-09-18,7749.35,7599.305665762463,FOUND,WARN,UNKNOWN_SERIES;ESTIMATED_EXPIRY_ALIAS,2026-08-02.2,PUT_CALL_PARITY,AUG26,AUG26=PUT_CALL_PARITY;SEP26=PUT_CALL_PARITY;DEC26=PUT_CALL_PARITY;NOV26=PUT_CALL_PARITY;OCT26=PUT_CALL_PARITY;DEC28=PUT_CALL_PARITY;DEC29=PUT_CALL_PARITY;DEC30=PUT_CALL_PARITY;JAN27=PUT_CALL_PARITY;MAR27=PUT_CALL_PARITY;SEP27=PUT_CALL_PARITY;JUN27=PUT_CALL_PARITY;JUN28=SERIES_FORWARD_CLUSTER;DEC27=PUT_CALL_PARITY;MAR28=PUT_CALL_PARITY;FEB27=PUT_CALL_PARITY;APR27=PUT_CALL_PARITY;MAY27=PUT_CALL_PARITY;JUL27=PUT_CALL_PARITY;AUG27=PUT_CALL_PARITY,AUG26=7749.35;SEP26=7753.15;DEC26=7883.5;NOV26=7810.75;OCT26=7815.375;DEC28=8379.75;DEC29=8684.75;DEC30=7840.337;JAN27=7882.5;MAR27=7955;SEP27=8104.25;JUN27=8026.625;JUN28=8918.5;DEC27=8108.25;MAR28=8197;FEB27=7881.125;APR27=7962.25;MAY27=7967.125;JUL27=8047.375;AUG27=8053.25,NONE,WEIGHTED_ATM,2026-08-14,6,441,0.0,NONE,12064,11562,501,0,0,RTM,MDW;MMW;MRW;MTW,OK,NONE,NONE,2026-08-05
SPX,7895.0,20132469.394034266,33.71302603943356,0.0,0.0,0.0,0.0,0.0,0.0,7812.103346347588,7686.596653652413,7874.856692695175,7623.843307304825,SEP26,AUG26,2026-08-06,2026-09-18,7749.35,7599.305665762463,FOUND,WARN,UNKNOWN_SERIES;ESTIMATED_EXPIRY_ALIAS,2026-08-02.2,PUT_CALL_PARITY,AUG26,AUG26=PUT_CALL_PARITY;SEP26=PUT_CALL_PARITY;DEC26=PUT_CALL_PARITY;NOV26=PUT_CALL_PARITY;OCT26=PUT_CALL_PARITY;DEC28=PUT_CALL_PARITY;DEC29=PUT_CALL_PARITY;DEC30=PUT_CALL_PARITY;JAN27=PUT_CALL_PARITY;MAR27=PUT_CALL_PARITY;SEP27=PUT_CALL_PARITY;JUN27=PUT_CALL_PARITY;JUN28=SERIES_FORWARD_CLUSTER;DEC27=PUT_CALL_PARITY;MAR28=PUT_CALL_PARITY;FEB27=PUT_CALL_PARITY;APR27=PUT_CALL_PARITY;MAY27=PUT_CALL_PARITY;JUL27=PUT_CALL_PARITY;AUG27=PUT_CALL_PARITY,AUG26=7749.35;SEP26=7753.15;DEC26=7883.5;NOV26=7810.75;OCT26=7815.375;DEC28=8379.75;DEC29=8684.75;DEC30=7840.337;JAN27=7882.5;MAR27=7955;SEP27=8104.25;JUN27=8026.625;JUN28=8918.5;DEC27=8108.25;MAR28=8197;FEB27=7881.125;APR27=7962.25;MAY27=7967.125;JUL27=8047.375;AUG27=8053.25,NONE,WEIGHTED_ATM,2026-08-14,6,441,0.0,NONE,12064,11562,501,0,0,RTM,MDW;MMW;MRW;MTW,OK,NONE,NONE,2026-08-05
SPX,7900.0,1540642357.404976,2963.830533900372,0.0,0.0,0.0,0.0,0.0,0.0,7812.103346347588,7686.596653652413,7874.856692695175,7623.843307304825,SEP26,AUG26,2026-08-06,2026-09-18,7749.35,7599.305665762463,FOUND,WARN,UNKNOWN_SERIES;ESTIMATED_EXPIRY_ALIAS,2026-08-02.2,PUT_CALL_PARITY,AUG26,AUG26=PUT_CALL_PARITY;SEP26=PUT_CALL_PARITY;DEC26=PUT_CALL_PARITY;NOV26=PUT_CALL_PARITY;OCT26=PUT_CALL_PARITY;DEC28=PUT_CALL_PARITY;DEC29=PUT_CALL_PARITY;DEC30=PUT_CALL_PARITY;JAN27=PUT_CALL_PARITY;MAR27=PUT_CALL_PARITY;SEP27=PUT_CALL_PARITY;JUN27=PUT_CALL_PARITY;JUN28=SERIES_FORWARD_CLUSTER;DEC27=PUT_CALL_PARITY;MAR28=PUT_CALL_PARITY;FEB27=PUT_CALL_PARITY;APR27=PUT_CALL_PARITY;MAY27=PUT_CALL_PARITY;JUL27=PUT_CALL_PARITY;AUG27=PUT_CALL_PARITY,AUG26=7749.35;SEP26=7753.15;DEC26=7883.5;NOV26=7810.75;OCT26=7815.375;DEC28=8379.75;DEC29=8684.75;DEC30=7840.337;JAN27=7882.5;MAR27=7955;SEP27=8104.25;JUN27=8026.625;JUN28=8918.5;DEC27=8108.25;MAR28=8197;FEB27=7881.125;APR27=7962.25;MAY27=7967.125;JUL27=8047.375;AUG27=8053.25,NONE,WEIGHTED_ATM,2026-08-14,6,441,0.0,NONE,12064,11562,501,0,0,RTM,MDW;MMW;MRW;MTW,OK,NONE,NONE,2026-08-05
SPX,7905.0,15923571.772126857,28.00026359636657,0.0,0.0,0.0,0.0,0.0,0.0,7812.103346347588,7686.596653652413,7874.856692695175,7623.843307304825,SEP26,AUG26,2026-08-06,2026-09-18,7749.35,7599.305665762463,FOUND,WARN,UNKNOWN_SERIES;ESTIMATED_EXPIRY_ALIAS,2026-08-02.2,PUT_CALL_PARITY,AUG26,AUG26=PUT_CALL_PARITY;SEP26=PUT_CALL_PARITY;DEC26=PUT_CALL_PARITY;NOV26=PUT_CALL_PARITY;OCT26=PUT_CALL_PARITY;DEC28=PUT_CALL_PARITY;DEC29=PUT_CALL_PARITY;DEC30=PUT_CALL_PARITY;JAN27=PUT_CALL_PARITY;MAR27=PUT_CALL_PARITY;SEP27=PUT_CALL_PARITY;JUN27=PUT_CALL_PARITY;JUN28=SERIES_FORWARD_CLUSTER;DEC27=PUT_CALL_PARITY;MAR28=PUT_CALL_PARITY;FEB27=PUT_CALL_PARITY;APR27=PUT_CALL_PARITY;MAY27=PUT_CALL_PARITY;JUL27=PUT_CALL_PARITY;AUG27=PUT_CALL_PARITY,AUG26=7749.35;SEP26=7753.15;DEC26=7883.5;NOV26=7810.75;OCT26=7815.375;DEC28=8379.75;DEC29=8684.75;DEC30=7840.337;JAN27=7882.5;MAR27=7955;SEP27=8104.25;JUN27=8026.625;JUN28=8918.5;DEC27=8108.25;MAR28=8197;FEB27=7881.125;APR27=7962.25;MAY27=7967.125;JUL27=8047.375;AUG27=8053.25,NONE,WEIGHTED_ATM,2026-08-14,6,441,0.0,NONE,12064,11562,501,0,0,RTM,MDW;MMW;MRW;MTW,OK,NONE,NONE,2026-08-05
SPX,7910.0,91639060.5206404,154.42399734560934,0.0,0.0,0.0,0.0,0.0,0.0,7812.103346347588,7686.596653652413,7874.856692695175,7623.843307304825,SEP26,AUG26,2026-08-06,2026-09-18,7749.35,7599.305665762463,FOUND,WARN,UNKNOWN_SERIES;ESTIMATED_EXPIRY_ALIAS,2026-08-02.2,PUT_CALL_PARITY,AUG26,AUG26=PUT_CALL_PARITY;SEP26=PUT_CALL_PARITY;DEC26=PUT_CALL_PARITY;NOV26=PUT_CALL_PARITY;OCT26=PUT_CALL_PARITY;DEC28=PUT_CALL_PARITY;DEC29=PUT_CALL_PARITY;DEC30=PUT_CALL_PARITY;JAN27=PUT_CALL_PARITY;MAR27=PUT_CALL_PARITY;SEP27=PUT_CALL_PARITY;JUN27=PUT_CALL_PARITY;JUN28=SERIES_FORWARD_CLUSTER;DEC27=PUT_CALL_PARITY;MAR28=PUT_CALL_PARITY;FEB27=PUT_CALL_PARITY;APR27=PUT_CALL_PARITY;MAY27=PUT_CALL_PARITY;JUL27=PUT_CALL_PARITY;AUG27=PUT_CALL_PARITY,AUG26=7749.35;SEP26=7753.15;DEC26=7883.5;NOV26=7810.75;OCT26=7815.375;DEC28=8379.75;DEC29=8684.75;DEC30=7840.337;JAN27=7882.5;MAR27=7955;SEP27=8104.25;JUN27=8026.625;JUN28=8918.5;DEC27=8108.25;MAR28=8197;FEB27=7881.125;APR27=7962.25;MAY27=7967.125;JUL27=8047.375;AUG27=8053.25,NONE,WEIGHTED_ATM,2026-08-14,6,441,0.0,NONE,12064,11562,501,0,0,RTM,MDW;MMW;MRW;MTW,OK,NONE,NONE,2026-08-05
SPX,7915.0,9982664.43457706,16.623249376430394,0.0,0.0,0.0,0.0,0.0,0.0,7812.103346347588,7686.596653652413,7874.856692695175,7623.843307304825,SEP26,AUG26,2026-08-06,2026-09-18,7749.35,7599.305665762463,FOUND,WARN,UNKNOWN_SERIES;ESTIMATED_EXPIRY_ALIAS,2026-08-02.2,PUT_CALL_PARITY,AUG26,AUG26=PUT_CALL_PARITY;SEP26=PUT_CALL_PARITY;DEC26=PUT_CALL_PARITY;NOV26=PUT_CALL_PARITY;OCT26=PUT_CALL_PARITY;DEC28=PUT_CALL_PARITY;DEC29=PUT_CALL_PARITY;DEC30=PUT_CALL_PARITY;JAN27=PUT_CALL_PARITY;MAR27=PUT_CALL_PARITY;SEP27=PUT_CALL_PARITY;JUN27=PUT_CALL_PARITY;JUN28=SERIES_FORWARD_CLUSTER;DEC27=PUT_CALL_PARITY;MAR28=PUT_CALL_PARITY;FEB27=PUT_CALL_PARITY;APR27=PUT_CALL_PARITY;MAY27=PUT_CALL_PARITY;JUL27=PUT_CALL_PARITY;AUG27=PUT_CALL_PARITY,AUG26=7749.35;SEP26=7753.15;DEC26=7883.5;NOV26=7810.75;OCT26=7815.375;DEC28=8379.75;DEC29=8684.75;DEC30=7840.337;JAN27=7882.5;MAR27=7955;SEP27=8104.25;JUN27=8026.625;JUN28=8918.5;DEC27=8108.25;MAR28=8197;FEB27=7881.125;APR27=7962.25;MAY27=7967.125;JUL27=8047.375;AUG27=8053.25,NONE,WEIGHTED_ATM,2026-08-14,6,441,0.0,NONE,12064,11562,501,0,0,RTM,MDW;MMW;MRW;MTW,OK,NONE,NONE,2026-08-05
SPX,7920.0,57684911.48288339,97.37617900384974,0.0,0.0,0.0,0.0,0.0,0.0,7812.103346347588,7686.596653652413,7874.856692695175,7623.843307304825,SEP26,AUG26,2026-08-06,2026-09-18,7749.35,7599.305665762463,FOUND,WARN,UNKNOWN_SERIES;ESTIMATED_EXPIRY_ALIAS,2026-08-02.2,PUT_CALL_PARITY,AUG26,AUG26=PUT_CALL_PARITY;SEP26=PUT_CALL_PARITY;DEC26=PUT_CALL_PARITY;NOV26=PUT_CALL_PARITY;OCT26=PUT_CALL_PARITY;DEC28=PUT_CALL_PARITY;DEC29=PUT_CALL_PARITY;DEC30=PUT_CALL_PARITY;JAN27=PUT_CALL_PARITY;MAR27=PUT_CALL_PARITY;SEP27=PUT_CALL_PARITY;JUN27=PUT_CALL_PARITY;JUN28=SERIES_FORWARD_CLUSTER;DEC27=PUT_CALL_PARITY;MAR28=PUT_CALL_PARITY;FEB27=PUT_CALL_PARITY;APR27=PUT_CALL_PARITY;MAY27=PUT_CALL_PARITY;JUL27=PUT_CALL_PARITY;AUG27=PUT_CALL_PARITY,AUG26=7749.35;SEP26=7753.15;DEC26=7883.5;NOV26=7810.75;OCT26=7815.375;DEC28=8379.75;DEC29=8684.75;DEC30=7840.337;JAN27=7882.5;MAR27=7955;SEP27=8104.25;JUN27=8026.625;JUN28=8918.5;DEC27=8108.25;MAR28=8197;FEB27=7881.125;APR27=7962.25;MAY27=7967.125;JUL27=8047.375;AUG27=8053.25,NONE,WEIGHTED_ATM,2026-08-14,6,441,0.0,NONE,12064,11562,501,0,0,RTM,MDW;MMW;MRW;MTW,OK,NONE,NONE,2026-08-05
SPX,7925.0,480659116.12985104,853.8188492864081,0.0,0.0,0.0,0.0,0.0,0.0,7812.103346347588,7686.596653652413,7874.856692695175,7623.843307304825,SEP26,AUG26,2026-08-06,2026-09-18,7749.35,7599.305665762463,FOUND,WARN,UNKNOWN_SERIES;ESTIMATED_EXPIRY_ALIAS,2026-08-02.2,PUT_CALL_PARITY,AUG26,AUG26=PUT_CALL_PARITY;SEP26=PUT_CALL_PARITY;DEC26=PUT_CALL_PARITY;NOV26=PUT_CALL_PARITY;OCT26=PUT_CALL_PARITY;DEC28=PUT_CALL_PARITY;DEC29=PUT_CALL_PARITY;DEC30=PUT_CALL_PARITY;JAN27=PUT_CALL_PARITY;MAR27=PUT_CALL_PARITY;SEP27=PUT_CALL_PARITY;JUN27=PUT_CALL_PARITY;JUN28=SERIES_FORWARD_CLUSTER;DEC27=PUT_CALL_PARITY;MAR28=PUT_CALL_PARITY;FEB27=PUT_CALL_PARITY;APR27=PUT_CALL_PARITY;MAY27=PUT_CALL_PARITY;JUL27=PUT_CALL_PARITY;AUG27=PUT_CALL_PARITY,AUG26=7749.35;SEP26=7753.15;DEC26=7883.5;NOV26=7810.75;OCT26=7815.375;DEC28=8379.75;DEC29=8684.75;DEC30=7840.337;JAN27=7882.5;MAR27=7955;SEP27=8104.25;JUN27=8026.625;JUN28=8918.5;DEC27=8108.25;MAR28=8197;FEB27=7881.125;APR27=7962.25;MAY27=7967.125;JUL27=8047.375;AUG27=8053.25,NONE,WEIGHTED_ATM,2026-08-14,6,441,0.0,NONE,12064,11562,501,0,0,RTM,MDW;MMW;MRW;MTW,OK,NONE,NONE,2026-08-05
SPX,7930.0,305117129.0830286,508.23097154105477,0.0,0.0,0.0,0.0,0.0,0.0,7812.103346347588,7686.596653652413,7874.856692695175,7623.843307304825,SEP26,AUG26,2026-08-06,2026-09-18,7749.35,7599.305665762463,FOUND,WARN,UNKNOWN_SERIES;ESTIMATED_EXPIRY_ALIAS,2026-08-02.2,PUT_CALL_PARITY,AUG26,AUG26=PUT_CALL_PARITY;SEP26=PUT_CALL_PARITY;DEC26=PUT_CALL_PARITY;NOV26=PUT_CALL_PARITY;OCT26=PUT_CALL_PARITY;DEC28=PUT_CALL_PARITY;DEC29=PUT_CALL_PARITY;DEC30=PUT_CALL_PARITY;JAN27=PUT_CALL_PARITY;MAR27=PUT_CALL_PARITY;SEP27=PUT_CALL_PARITY;JUN27=PUT_CALL_PARITY;JUN28=SERIES_FORWARD_CLUSTER;DEC27=PUT_CALL_PARITY;MAR28=PUT_CALL_PARITY;FEB27=PUT_CALL_PARITY;APR27=PUT_CALL_PARITY;MAY27=PUT_CALL_PARITY;JUL27=PUT_CALL_PARITY;AUG27=PUT_CALL_PARITY,AUG26=7749.35;SEP26=7753.15;DEC26=7883.5;NOV26=7810.75;OCT26=7815.375;DEC28=8379.75;DEC29=8684.75;DEC30=7840.337;JAN27=7882.5;MAR27=7955;SEP27=8104.25;JUN27=8026.625;JUN28=8918.5;DEC27=8108.25;MAR28=8197;FEB27=7881.125;APR27=7962.25;MAY27=7967.125;JUL27=8047.375;AUG27=8053.25,NONE,WEIGHTED_ATM,2026-08-14,6,441,0.0,NONE,12064,11562,501,0,0,RTM,MDW;MMW;MRW;MTW,OK,NONE,NONE,2026-08-05
SPX,7935.0,47760553.90688467,79.81767022856606,0.0,0.0,0.0,0.0,0.0,0.0,7812.103346347588,7686.596653652413,7874.856692695175,7623.843307304825,SEP26,AUG26,2026-08-06,2026-09-18,7749.35,7599.305665762463,FOUND,WARN,UNKNOWN_SERIES;ESTIMATED_EXPIRY_ALIAS,2026-08-02.2,PUT_CALL_PARITY,AUG26,AUG26=PUT_CALL_PARITY;SEP26=PUT_CALL_PARITY;DEC26=PUT_CALL_PARITY;NOV26=PUT_CALL_PARITY;OCT26=PUT_CALL_PARITY;DEC28=PUT_CALL_PARITY;DEC29=PUT_CALL_PARITY;DEC30=PUT_CALL_PARITY;JAN27=PUT_CALL_PARITY;MAR27=PUT_CALL_PARITY;SEP27=PUT_CALL_PARITY;JUN27=PUT_CALL_PARITY;JUN28=SERIES_FORWARD_CLUSTER;DEC27=PUT_CALL_PARITY;MAR28=PUT_CALL_PARITY;FEB27=PUT_CALL_PARITY;APR27=PUT_CALL_PARITY;MAY27=PUT_CALL_PARITY;JUL27=PUT_CALL_PARITY;AUG27=PUT_CALL_PARITY,AUG26=7749.35;SEP26=7753.15;DEC26=7883.5;NOV26=7810.75;OCT26=7815.375;DEC28=8379.75;DEC29=8684.75;DEC30=7840.337;JAN27=7882.5;MAR27=7955;SEP27=8104.25;JUN27=8026.625;JUN28=8918.5;DEC27=8108.25;MAR28=8197;FEB27=7881.125;APR27=7962.25;MAY27=7967.125;JUL27=8047.375;AUG27=8053.25,NONE,WEIGHTED_ATM,2026-08-14,6,441,0.0,NONE,12064,11562,501,0,0,RTM,MDW;MMW;MRW;MTW,OK,NONE,NONE,2026-08-05
SPX,7940.0,70024592.2288348,116.88933817902225,0.0,0.0,0.0,0.0,0.0,0.0,7812.103346347588,7686.596653652413,7874.856692695175,7623.843307304825,SEP26,AUG26,2026-08-06,2026-09-18,7749.35,7599.305665762463,FOUND,WARN,UNKNOWN_SERIES;ESTIMATED_EXPIRY_ALIAS,2026-08-02.2,PUT_CALL_PARITY,AUG26,AUG26=PUT_CALL_PARITY;SEP26=PUT_CALL_PARITY;DEC26=PUT_CALL_PARITY;NOV26=PUT_CALL_PARITY;OCT26=PUT_CALL_PARITY;DEC28=PUT_CALL_PARITY;DEC29=PUT_CALL_PARITY;DEC30=PUT_CALL_PARITY;JAN27=PUT_CALL_PARITY;MAR27=PUT_CALL_PARITY;SEP27=PUT_CALL_PARITY;JUN27=PUT_CALL_PARITY;JUN28=SERIES_FORWARD_CLUSTER;DEC27=PUT_CALL_PARITY;MAR28=PUT_CALL_PARITY;FEB27=PUT_CALL_PARITY;APR27=PUT_CALL_PARITY;MAY27=PUT_CALL_PARITY;JUL27=PUT_CALL_PARITY;AUG27=PUT_CALL_PARITY,AUG26=7749.35;SEP26=7753.15;DEC26=7883.5;NOV26=7810.75;OCT26=7815.375;DEC28=8379.75;DEC29=8684.75;DEC30=7840.337;JAN27=7882.5;MAR27=7955;SEP27=8104.25;JUN27=8026.625;JUN28=8918.5;DEC27=8108.25;MAR28=8197;FEB27=7881.125;APR27=7962.25;MAY27=7967.125;JUL27=8047.375;AUG27=8053.25,NONE,WEIGHTED_ATM,2026-08-14,6,441,0.0,NONE,12064,11562,501,0,0,RTM,MDW;MMW;MRW;MTW,OK,NONE,NONE,2026-08-05
SPX,7945.0,6868194.271516134,11.454421024261034,0.0,0.0,0.0,0.0,0.0,0.0,7812.103346347588,7686.596653652413,7874.856692695175,7623.843307304825,SEP26,AUG26,2026-08-06,2026-09-18,7749.35,7599.305665762463,FOUND,WARN,UNKNOWN_SERIES;ESTIMATED_EXPIRY_ALIAS,2026-08-02.2,PUT_CALL_PARITY,AUG26,AUG26=PUT_CALL_PARITY;SEP26=PUT_CALL_PARITY;DEC26=PUT_CALL_PARITY;NOV26=PUT_CALL_PARITY;OCT26=PUT_CALL_PARITY;DEC28=PUT_CALL_PARITY;DEC29=PUT_CALL_PARITY;DEC30=PUT_CALL_PARITY;JAN27=PUT_CALL_PARITY;MAR27=PUT_CALL_PARITY;SEP27=PUT_CALL_PARITY;JUN27=PUT_CALL_PARITY;JUN28=SERIES_FORWARD_CLUSTER;DEC27=PUT_CALL_PARITY;MAR28=PUT_CALL_PARITY;FEB27=PUT_CALL_PARITY;APR27=PUT_CALL_PARITY;MAY27=PUT_CALL_PARITY;JUL27=PUT_CALL_PARITY;AUG27=PUT_CALL_PARITY,AUG26=7749.35;SEP26=7753.15;DEC26=7883.5;NOV26=7810.75;OCT26=7815.375;DEC28=8379.75;DEC29=8684.75;DEC30=7840.337;JAN27=7882.5;MAR27=7955;SEP27=8104.25;JUN27=8026.625;JUN28=8918.5;DEC27=8108.25;MAR28=8197;FEB27=7881.125;APR27=7962.25;MAY27=7967.125;JUL27=8047.375;AUG27=8053.25,NONE,WEIGHTED_ATM,2026-08-14,6,441,0.0,NONE,12064,11562,501,0,0,RTM,MDW;MMW;MRW;MTW,OK,NONE,NONE,2026-08-05
SPX,7950.0,980623010.5957924,1955.3883127524866,0.0,0.0,0.0,0.0,0.0,0.0,7812.103346347588,7686.596653652413,7874.856692695175,7623.843307304825,SEP26,AUG26,2026-08-06,2026-09-18,7749.35,7599.305665762463,FOUND,WARN,UNKNOWN_SERIES;ESTIMATED_EXPIRY_ALIAS,2026-08-02.2,PUT_CALL_PARITY,AUG26,AUG26=PUT_CALL_PARITY;SEP26=PUT_CALL_PARITY;DEC26=PUT_CALL_PARITY;NOV26=PUT_CALL_PARITY;OCT26=PUT_CALL_PARITY;DEC28=PUT_CALL_PARITY;DEC29=PUT_CALL_PARITY;DEC30=PUT_CALL_PARITY;JAN27=PUT_CALL_PARITY;MAR27=PUT_CALL_PARITY;SEP27=PUT_CALL_PARITY;JUN27=PUT_CALL_PARITY;JUN28=SERIES_FORWARD_CLUSTER;DEC27=PUT_CALL_PARITY;MAR28=PUT_CALL_PARITY;FEB27=PUT_CALL_PARITY;APR27=PUT_CALL_PARITY;MAY27=PUT_CALL_PARITY;JUL27=PUT_CALL_PARITY;AUG27=PUT_CALL_PARITY,AUG26=7749.35;SEP26=7753.15;DEC26=7883.5;NOV26=7810.75;OCT26=7815.375;DEC28=8379.75;DEC29=8684.75;DEC30=7840.337;JAN27=7882.5;MAR27=7955;SEP27=8104.25;JUN27=8026.625;JUN28=8918.5;DEC27=8108.25;MAR28=8197;FEB27=7881.125;APR27=7962.25;MAY27=7967.125;JUL27=8047.375;AUG27=8053.25,NONE,WEIGHTED_ATM,2026-08-14,6,441,0.0,NONE,12064,11562,501,0,0,RTM,MDW;MMW;MRW;MTW,OK,NONE,NONE,2026-08-05
SPX,7955.0,16455974.647438994,27.418767475535315,0.0,0.0,0.0,0.0,0.0,0.0,7812.103346347588,7686.596653652413,7874.856692695175,7623.843307304825,SEP26,AUG26,2026-08-06,2026-09-18,7749.35,7599.305665762463,FOUND,WARN,UNKNOWN_SERIES;ESTIMATED_EXPIRY_ALIAS,2026-08-02.2,PUT_CALL_PARITY,AUG26,AUG26=PUT_CALL_PARITY;SEP26=PUT_CALL_PARITY;DEC26=PUT_CALL_PARITY;NOV26=PUT_CALL_PARITY;OCT26=PUT_CALL_PARITY;DEC28=PUT_CALL_PARITY;DEC29=PUT_CALL_PARITY;DEC30=PUT_CALL_PARITY;JAN27=PUT_CALL_PARITY;MAR27=PUT_CALL_PARITY;SEP27=PUT_CALL_PARITY;JUN27=PUT_CALL_PARITY;JUN28=SERIES_FORWARD_CLUSTER;DEC27=PUT_CALL_PARITY;MAR28=PUT_CALL_PARITY;FEB27=PUT_CALL_PARITY;APR27=PUT_CALL_PARITY;MAY27=PUT_CALL_PARITY;JUL27=PUT_CALL_PARITY;AUG27=PUT_CALL_PARITY,AUG26=7749.35;SEP26=7753.15;DEC26=7883.5;NOV26=7810.75;OCT26=7815.375;DEC28=8379.75;DEC29=8684.75;DEC30=7840.337;JAN27=7882.5;MAR27=7955;SEP27=8104.25;JUN27=8026.625;JUN28=8918.5;DEC27=8108.25;MAR28=8197;FEB27=7881.125;APR27=7962.25;MAY27=7967.125;JUL27=8047.375;AUG27=8053.25,NONE,WEIGHTED_ATM,2026-08-14,6,441,0.0,NONE,12064,11562,501,0,0,RTM,MDW;MMW;MRW;MTW,OK,NONE,NONE,2026-08-05
SPX,7960.0,40567435.47471108,67.55093547149819,0.0,0.0,0.0,0.0,0.0,0.0,7812.103346347588,7686.596653652413,7874.856692695175,7623.843307304825,SEP26,AUG26,2026-08-06,2026-09-18,7749.35,7599.305665762463,FOUND,WARN,UNKNOWN_SERIES;ESTIMATED_EXPIRY_ALIAS,2026-08-02.2,PUT_CALL_PARITY,AUG26,AUG26=PUT_CALL_PARITY;SEP26=PUT_CALL_PARITY;DEC26=PUT_CALL_PARITY;NOV26=PUT_CALL_PARITY;OCT26=PUT_CALL_PARITY;DEC28=PUT_CALL_PARITY;DEC29=PUT_CALL_PARITY;DEC30=PUT_CALL_PARITY;JAN27=PUT_CALL_PARITY;MAR27=PUT_CALL_PARITY;SEP27=PUT_CALL_PARITY;JUN27=PUT_CALL_PARITY;JUN28=SERIES_FORWARD_CLUSTER;DEC27=PUT_CALL_PARITY;MAR28=PUT_CALL_PARITY;FEB27=PUT_CALL_PARITY;APR27=PUT_CALL_PARITY;MAY27=PUT_CALL_PARITY;JUL27=PUT_CALL_PARITY;AUG27=PUT_CALL_PARITY,AUG26=7749.35;SEP26=7753.15;DEC26=7883.5;NOV26=7810.75;OCT26=7815.375;DEC28=8379.75;DEC29=8684.75;DEC30=7840.337;JAN27=7882.5;MAR27=7955;SEP27=8104.25;JUN27=8026.625;JUN28=8918.5;DEC27=8108.25;MAR28=8197;FEB27=7881.125;APR27=7962.25;MAY27=7967.125;JUL27=8047.375;AUG27=8053.25,NONE,WEIGHTED_ATM,2026-08-14,6,441,0.0,NONE,12064,11562,501,0,0,RTM,MDW;MMW;MRW;MTW,OK,NONE,NONE,2026-08-05
SPX,7965.0,11201078.486276198,18.65216668181309,0.0,0.0,0.0,0.0,0.0,0.0,7812.103346347588,7686.596653652413,7874.856692695175,7623.843307304825,SEP26,AUG26,2026-08-06,2026-09-18,7749.35,7599.305665762463,FOUND,WARN,UNKNOWN_SERIES;ESTIMATED_EXPIRY_ALIAS,2026-08-02.2,PUT_CALL_PARITY,AUG26,AUG26=PUT_CALL_PARITY;SEP26=PUT_CALL_PARITY;DEC26=PUT_CALL_PARITY;NOV26=PUT_CALL_PARITY;OCT26=PUT_CALL_PARITY;DEC28=PUT_CALL_PARITY;DEC29=PUT_CALL_PARITY;DEC30=PUT_CALL_PARITY;JAN27=PUT_CALL_PARITY;MAR27=PUT_CALL_PARITY;SEP27=PUT_CALL_PARITY;JUN27=PUT_CALL_PARITY;JUN28=SERIES_FORWARD_CLUSTER;DEC27=PUT_CALL_PARITY;MAR28=PUT_CALL_PARITY;FEB27=PUT_CALL_PARITY;APR27=PUT_CALL_PARITY;MAY27=PUT_CALL_PARITY;JUL27=PUT_CALL_PARITY;AUG27=PUT_CALL_PARITY,AUG26=7749.35;SEP26=7753.15;DEC26=7883.5;NOV26=7810.75;OCT26=7815.375;DEC28=8379.75;DEC29=8684.75;DEC30=7840.337;JAN27=7882.5;MAR27=7955;SEP27=8104.25;JUN27=8026.625;JUN28=8918.5;DEC27=8108.25;MAR28=8197;FEB27=7881.125;APR27=7962.25;MAY27=7967.125;JUL27=8047.375;AUG27=8053.25,NONE,WEIGHTED_ATM,2026-08-14,6,441,0.0,NONE,12064,11562,501,0,0,RTM,MDW;MMW;MRW;MTW,OK,NONE,NONE,2026-08-05
SPX,7970.0,53058474.65830738,90.72126013058525,0.0,0.0,0.0,0.0,0.0,0.0,7812.103346347588,7686.596653652413,7874.856692695175,7623.843307304825,SEP26,AUG26,2026-08-06,2026-09-18,7749.35,7599.305665762463,FOUND,WARN,UNKNOWN_SERIES;ESTIMATED_EXPIRY_ALIAS,2026-08-02.2,PUT_CALL_PARITY,AUG26,AUG26=PUT_CALL_PARITY;SEP26=PUT_CALL_PARITY;DEC26=PUT_CALL_PARITY;NOV26=PUT_CALL_PARITY;OCT26=PUT_CALL_PARITY;DEC28=PUT_CALL_PARITY;DEC29=PUT_CALL_PARITY;DEC30=PUT_CALL_PARITY;JAN27=PUT_CALL_PARITY;MAR27=PUT_CALL_PARITY;SEP27=PUT_CALL_PARITY;JUN27=PUT_CALL_PARITY;JUN28=SERIES_FORWARD_CLUSTER;DEC27=PUT_CALL_PARITY;MAR28=PUT_CALL_PARITY;FEB27=PUT_CALL_PARITY;APR27=PUT_CALL_PARITY;MAY27=PUT_CALL_PARITY;JUL27=PUT_CALL_PARITY;AUG27=PUT_CALL_PARITY,AUG26=7749.35;SEP26=7753.15;DEC26=7883.5;NOV26=7810.75;OCT26=7815.375;DEC28=8379.75;DEC29=8684.75;DEC30=7840.337;JAN27=7882.5;MAR27=7955;SEP27=8104.25;JUN27=8026.625;JUN28=8918.5;DEC27=8108.25;MAR28=8197;FEB27=7881.125;APR27=7962.25;MAY27=7967.125;JUL27=8047.375;AUG27=8053.25,NONE,WEIGHTED_ATM,2026-08-14,6,441,0.0,NONE,12064,11562,501,0,0,RTM,MDW;MMW;MRW;MTW,OK,NONE,NONE,2026-08-05
SPX,7975.0,162586164.23171383,276.6216824313842,0.0,0.0,0.0,0.0,0.0,0.0,7812.103346347588,7686.596653652413,7874.856692695175,7623.843307304825,SEP26,AUG26,2026-08-06,2026-09-18,7749.35,7599.305665762463,FOUND,WARN,UNKNOWN_SERIES;ESTIMATED_EXPIRY_ALIAS,2026-08-02.2,PUT_CALL_PARITY,AUG26,AUG26=PUT_CALL_PARITY;SEP26=PUT_CALL_PARITY;DEC26=PUT_CALL_PARITY;NOV26=PUT_CALL_PARITY;OCT26=PUT_CALL_PARITY;DEC28=PUT_CALL_PARITY;DEC29=PUT_CALL_PARITY;DEC30=PUT_CALL_PARITY;JAN27=PUT_CALL_PARITY;MAR27=PUT_CALL_PARITY;SEP27=PUT_CALL_PARITY;JUN27=PUT_CALL_PARITY;JUN28=SERIES_FORWARD_CLUSTER;DEC27=PUT_CALL_PARITY;MAR28=PUT_CALL_PARITY;FEB27=PUT_CALL_PARITY;APR27=PUT_CALL_PARITY;MAY27=PUT_CALL_PARITY;JUL27=PUT_CALL_PARITY;AUG27=PUT_CALL_PARITY,AUG26=7749.35;SEP26=7753.15;DEC26=7883.5;NOV26=7810.75;OCT26=7815.375;DEC28=8379.75;DEC29=8684.75;DEC30=7840.337;JAN27=7882.5;MAR27=7955;SEP27=8104.25;JUN27=8026.625;JUN28=8918.5;DEC27=8108.25;MAR28=8197;FEB27=7881.125;APR27=7962.25;MAY27=7967.125;JUL27=8047.375;AUG27=8053.25,NONE,WEIGHTED_ATM,2026-08-14,6,441,0.0,NONE,12064,11562,501,0,0,RTM,MDW;MMW;MRW;MTW,OK,NONE,NONE,2026-08-05
SPX,7980.0,32682261.300305348,54.93589315972824,0.0,0.0,0.0,0.0,0.0,0.0,7812.103346347588,7686.596653652413,7874.856692695175,7623.843307304825,SEP26,AUG26,2026-08-06,2026-09-18,7749.35,7599.305665762463,FOUND,WARN,UNKNOWN_SERIES;ESTIMATED_EXPIRY_ALIAS,2026-08-02.2,PUT_CALL_PARITY,AUG26,AUG26=PUT_CALL_PARITY;SEP26=PUT_CALL_PARITY;DEC26=PUT_CALL_PARITY;NOV26=PUT_CALL_PARITY;OCT26=PUT_CALL_PARITY;DEC28=PUT_CALL_PARITY;DEC29=PUT_CALL_PARITY;DEC30=PUT_CALL_PARITY;JAN27=PUT_CALL_PARITY;MAR27=PUT_CALL_PARITY;SEP27=PUT_CALL_PARITY;JUN27=PUT_CALL_PARITY;JUN28=SERIES_FORWARD_CLUSTER;DEC27=PUT_CALL_PARITY;MAR28=PUT_CALL_PARITY;FEB27=PUT_CALL_PARITY;APR27=PUT_CALL_PARITY;MAY27=PUT_CALL_PARITY;JUL27=PUT_CALL_PARITY;AUG27=PUT_CALL_PARITY,AUG26=7749.35;SEP26=7753.15;DEC26=7883.5;NOV26=7810.75;OCT26=7815.375;DEC28=8379.75;DEC29=8684.75;DEC30=7840.337;JAN27=7882.5;MAR27=7955;SEP27=8104.25;JUN27=8026.625;JUN28=8918.5;DEC27=8108.25;MAR28=8197;FEB27=7881.125;APR27=7962.25;MAY27=7967.125;JUL27=8047.375;AUG27=8053.25,NONE,WEIGHTED_ATM,2026-08-14,6,441,0.0,NONE,12064,11562,501,0,0,RTM,MDW;MMW;MRW;MTW,OK,NONE,NONE,2026-08-05
SPX,7985.0,7584573.399657281,12.642849131066606,0.0,0.0,0.0,0.0,0.0,0.0,7812.103346347588,7686.596653652413,7874.856692695175,7623.843307304825,SEP26,AUG26,2026-08-06,2026-09-18,7749.35,7599.305665762463,FOUND,WARN,UNKNOWN_SERIES;ESTIMATED_EXPIRY_ALIAS,2026-08-02.2,PUT_CALL_PARITY,AUG26,AUG26=PUT_CALL_PARITY;SEP26=PUT_CALL_PARITY;DEC26=PUT_CALL_PARITY;NOV26=PUT_CALL_PARITY;OCT26=PUT_CALL_PARITY;DEC28=PUT_CALL_PARITY;DEC29=PUT_CALL_PARITY;DEC30=PUT_CALL_PARITY;JAN27=PUT_CALL_PARITY;MAR27=PUT_CALL_PARITY;SEP27=PUT_CALL_PARITY;JUN27=PUT_CALL_PARITY;JUN28=SERIES_FORWARD_CLUSTER;DEC27=PUT_CALL_PARITY;MAR28=PUT_CALL_PARITY;FEB27=PUT_CALL_PARITY;APR27=PUT_CALL_PARITY;MAY27=PUT_CALL_PARITY;JUL27=PUT_CALL_PARITY;AUG27=PUT_CALL_PARITY,AUG26=7749.35;SEP26=7753.15;DEC26=7883.5;NOV26=7810.75;OCT26=7815.375;DEC28=8379.75;DEC29=8684.75;DEC30=7840.337;JAN27=7882.5;MAR27=7955;SEP27=8104.25;JUN27=8026.625;JUN28=8918.5;DEC27=8108.25;MAR28=8197;FEB27=7881.125;APR27=7962.25;MAY27=7967.125;JUL27=8047.375;AUG27=8053.25,NONE,WEIGHTED_ATM,2026-08-14,6,441,0.0,NONE,12064,11562,501,0,0,RTM,MDW;MMW;MRW;MTW,OK,NONE,NONE,2026-08-05
SPX,7990.0,315518055.8371136,525.540801873959,0.0,0.0,0.0,0.0,0.0,0.0,7812.103346347588,7686.596653652413,7874.856692695175,7623.843307304825,SEP26,AUG26,2026-08-06,2026-09-18,7749.35,7599.305665762463,FOUND,WARN,UNKNOWN_SERIES;ESTIMATED_EXPIRY_ALIAS,2026-08-02.2,PUT_CALL_PARITY,AUG26,AUG26=PUT_CALL_PARITY;SEP26=PUT_CALL_PARITY;DEC26=PUT_CALL_PARITY;NOV26=PUT_CALL_PARITY;OCT26=PUT_CALL_PARITY;DEC28=PUT_CALL_PARITY;DEC29=PUT_CALL_PARITY;DEC30=PUT_CALL_PARITY;JAN27=PUT_CALL_PARITY;MAR27=PUT_CALL_PARITY;SEP27=PUT_CALL_PARITY;JUN27=PUT_CALL_PARITY;JUN28=SERIES_FORWARD_CLUSTER;DEC27=PUT_CALL_PARITY;MAR28=PUT_CALL_PARITY;FEB27=PUT_CALL_PARITY;APR27=PUT_CALL_PARITY;MAY27=PUT_CALL_PARITY;JUL27=PUT_CALL_PARITY;AUG27=PUT_CALL_PARITY,AUG26=7749.35;SEP26=7753.15;DEC26=7883.5;NOV26=7810.75;OCT26=7815.375;DEC28=8379.75;DEC29=8684.75;DEC30=7840.337;JAN27=7882.5;MAR27=7955;SEP27=8104.25;JUN27=8026.625;JUN28=8918.5;DEC27=8108.25;MAR28=8197;FEB27=7881.125;APR27=7962.25;MAY27=7967.125;JUL27=8047.375;AUG27=8053.25,NONE,WEIGHTED_ATM,2026-08-14,6,441,0.0,NONE,12064,11562,501,0,0,RTM,MDW;MMW;MRW;MTW,OK,NONE,NONE,2026-08-05
SPX,7995.0,1793844.2942932884,3.011318054197633,0.0,0.0,0.0,0.0,0.0,0.0,7812.103346347588,7686.596653652413,7874.856692695175,7623.843307304825,SEP26,AUG26,2026-08-06,2026-09-18,7749.35,7599.305665762463,FOUND,WARN,UNKNOWN_SERIES;ESTIMATED_EXPIRY_ALIAS,2026-08-02.2,PUT_CALL_PARITY,AUG26,AUG26=PUT_CALL_PARITY;SEP26=PUT_CALL_PARITY;DEC26=PUT_CALL_PARITY;NOV26=PUT_CALL_PARITY;OCT26=PUT_CALL_PARITY;DEC28=PUT_CALL_PARITY;DEC29=PUT_CALL_PARITY;DEC30=PUT_CALL_PARITY;JAN27=PUT_CALL_PARITY;MAR27=PUT_CALL_PARITY;SEP27=PUT_CALL_PARITY;JUN27=PUT_CALL_PARITY;JUN28=SERIES_FORWARD_CLUSTER;DEC27=PUT_CALL_PARITY;MAR28=PUT_CALL_PARITY;FEB27=PUT_CALL_PARITY;APR27=PUT_CALL_PARITY;MAY27=PUT_CALL_PARITY;JUL27=PUT_CALL_PARITY;AUG27=PUT_CALL_PARITY,AUG26=7749.35;SEP26=7753.15;DEC26=7883.5;NOV26=7810.75;OCT26=7815.375;DEC28=8379.75;DEC29=8684.75;DEC30=7840.337;JAN27=7882.5;MAR27=7955;SEP27=8104.25;JUN27=8026.625;JUN28=8918.5;DEC27=8108.25;MAR28=8197;FEB27=7881.125;APR27=7962.25;MAY27=7967.125;JUL27=8047.375;AUG27=8053.25,NONE,WEIGHTED_ATM,2026-08-14,6,441,0.0,NONE,12064,11562,501,0,0,RTM,MDW;MMW;MRW;MTW,OK,NONE,NONE,2026-08-05
SPX,8000.0,1148742103.5263336,2497.6971743292643,0.0,0.0,0.0,0.0,0.0,0.0,7812.103346347588,7686.596653652413,7874.856692695175,7623.843307304825,SEP26,AUG26,2026-08-06,2026-09-18,7749.35,7599.305665762463,FOUND,WARN,UNKNOWN_SERIES;ESTIMATED_EXPIRY_ALIAS,2026-08-02.2,PUT_CALL_PARITY,AUG26,AUG26=PUT_CALL_PARITY;SEP26=PUT_CALL_PARITY;DEC26=PUT_CALL_PARITY;NOV26=PUT_CALL_PARITY;OCT26=PUT_CALL_PARITY;DEC28=PUT_CALL_PARITY;DEC29=PUT_CALL_PARITY;DEC30=PUT_CALL_PARITY;JAN27=PUT_CALL_PARITY;MAR27=PUT_CALL_PARITY;SEP27=PUT_CALL_PARITY;JUN27=PUT_CALL_PARITY;JUN28=SERIES_FORWARD_CLUSTER;DEC27=PUT_CALL_PARITY;MAR28=PUT_CALL_PARITY;FEB27=PUT_CALL_PARITY;APR27=PUT_CALL_PARITY;MAY27=PUT_CALL_PARITY;JUL27=PUT_CALL_PARITY;AUG27=PUT_CALL_PARITY,AUG26=7749.35;SEP26=7753.15;DEC26=7883.5;NOV26=7810.75;OCT26=7815.375;DEC28=8379.75;DEC29=8684.75;DEC30=7840.337;JAN27=7882.5;MAR27=7955;SEP27=8104.25;JUN27=8026.625;JUN28=8918.5;DEC27=8108.25;MAR28=8197;FEB27=7881.125;APR27=7962.25;MAY27=7967.125;JUL27=8047.375;AUG27=8053.25,NONE,WEIGHTED_ATM,2026-08-14,6,441,0.0,NONE,12064,11562,501,0,0,RTM,MDW;MMW;MRW;MTW,OK,NONE,NONE,2026-08-05
SPX,8005.0,2761032.690549649,4.597703874779994,0.0,0.0,0.0,0.0,0.0,0.0,7812.103346347588,7686.596653652413,7874.856692695175,7623.843307304825,SEP26,AUG26,2026-08-06,2026-09-18,7749.35,7599.305665762463,FOUND,WARN,UNKNOWN_SERIES;ESTIMATED_EXPIRY_ALIAS,2026-08-02.2,PUT_CALL_PARITY,AUG26,AUG26=PUT_CALL_PARITY;SEP26=PUT_CALL_PARITY;DEC26=PUT_CALL_PARITY;NOV26=PUT_CALL_PARITY;OCT26=PUT_CALL_PARITY;DEC28=PUT_CALL_PARITY;DEC29=PUT_CALL_PARITY;DEC30=PUT_CALL_PARITY;JAN27=PUT_CALL_PARITY;MAR27=PUT_CALL_PARITY;SEP27=PUT_CALL_PARITY;JUN27=PUT_CALL_PARITY;JUN28=SERIES_FORWARD_CLUSTER;DEC27=PUT_CALL_PARITY;MAR28=PUT_CALL_PARITY;FEB27=PUT_CALL_PARITY;APR27=PUT_CALL_PARITY;MAY27=PUT_CALL_PARITY;JUL27=PUT_CALL_PARITY;AUG27=PUT_CALL_PARITY,AUG26=7749.35;SEP26=7753.15;DEC26=7883.5;NOV26=7810.75;OCT26=7815.375;DEC28=8379.75;DEC29=8684.75;DEC30=7840.337;JAN27=7882.5;MAR27=7955;SEP27=8104.25;JUN27=8026.625;JUN28=8918.5;DEC27=8108.25;MAR28=8197;FEB27=7881.125;APR27=7962.25;MAY27=7967.125;JUL27=8047.375;AUG27=8053.25,NONE,WEIGHTED_ATM,2026-08-14,6,441,0.0,NONE,12064,11562,501,0,0,RTM,MDW;MMW;MRW;MTW,OK,NONE,NONE,2026-08-05
SPX,8010.0,43161152.89938554,71.92120834075686,0.0,0.0,0.0,0.0,0.0,0.0,7812.103346347588,7686.596653652413,7874.856692695175,7623.843307304825,SEP26,AUG26,2026-08-06,2026-09-18,7749.35,7599.305665762463,FOUND,WARN,UNKNOWN_SERIES;ESTIMATED_EXPIRY_ALIAS,2026-08-02.2,PUT_CALL_PARITY,AUG26,AUG26=PUT_CALL_PARITY;SEP26=PUT_CALL_PARITY;DEC26=PUT_CALL_PARITY;NOV26=PUT_CALL_PARITY;OCT26=PUT_CALL_PARITY;DEC28=PUT_CALL_PARITY;DEC29=PUT_CALL_PARITY;DEC30=PUT_CALL_PARITY;JAN27=PUT_CALL_PARITY;MAR27=PUT_CALL_PARITY;SEP27=PUT_CALL_PARITY;JUN27=PUT_CALL_PARITY;JUN28=SERIES_FORWARD_CLUSTER;DEC27=PUT_CALL_PARITY;MAR28=PUT_CALL_PARITY;FEB27=PUT_CALL_PARITY;APR27=PUT_CALL_PARITY;MAY27=PUT_CALL_PARITY;JUL27=PUT_CALL_PARITY;AUG27=PUT_CALL_PARITY,AUG26=7749.35;SEP26=7753.15;DEC26=7883.5;NOV26=7810.75;OCT26=7815.375;DEC28=8379.75;DEC29=8684.75;DEC30=7840.337;JAN27=7882.5;MAR27=7955;SEP27=8104.25;JUN27=8026.625;JUN28=8918.5;DEC27=8108.25;MAR28=8197;FEB27=7881.125;APR27=7962.25;MAY27=7967.125;JUL27=8047.375;AUG27=8053.25,NONE,WEIGHTED_ATM,2026-08-14,6,441,0.0,NONE,12064,11562,501,0,0,RTM,MDW;MMW;MRW;MTW,OK,NONE,NONE,2026-08-05
SPX,8015.0,2511179.3447668864,4.181645166035236,0.0,0.0,0.0,0.0,0.0,0.0,7812.103346347588,7686.596653652413,7874.856692695175,7623.843307304825,SEP26,AUG26,2026-08-06,2026-09-18,7749.35,7599.305665762463,FOUND,WARN,UNKNOWN_SERIES;ESTIMATED_EXPIRY_ALIAS,2026-08-02.2,PUT_CALL_PARITY,AUG26,AUG26=PUT_CALL_PARITY;SEP26=PUT_CALL_PARITY;DEC26=PUT_CALL_PARITY;NOV26=PUT_CALL_PARITY;OCT26=PUT_CALL_PARITY;DEC28=PUT_CALL_PARITY;DEC29=PUT_CALL_PARITY;DEC30=PUT_CALL_PARITY;JAN27=PUT_CALL_PARITY;MAR27=PUT_CALL_PARITY;SEP27=PUT_CALL_PARITY;JUN27=PUT_CALL_PARITY;JUN28=SERIES_FORWARD_CLUSTER;DEC27=PUT_CALL_PARITY;MAR28=PUT_CALL_PARITY;FEB27=PUT_CALL_PARITY;APR27=PUT_CALL_PARITY;MAY27=PUT_CALL_PARITY;JUL27=PUT_CALL_PARITY;AUG27=PUT_CALL_PARITY,AUG26=7749.35;SEP26=7753.15;DEC26=7883.5;NOV26=7810.75;OCT26=7815.375;DEC28=8379.75;DEC29=8684.75;DEC30=7840.337;JAN27=7882.5;MAR27=7955;SEP27=8104.25;JUN27=8026.625;JUN28=8918.5;DEC27=8108.25;MAR28=8197;FEB27=7881.125;APR27=7962.25;MAY27=7967.125;JUL27=8047.375;AUG27=8053.25,NONE,WEIGHTED_ATM,2026-08-14,6,441,0.0,NONE,12064,11562,501,0,0,RTM,MDW;MMW;MRW;MTW,OK,NONE,NONE,2026-08-05
SPX,8020.0,48123742.6232262,80.13028420549428,0.0,0.0,0.0,0.0,0.0,0.0,7812.103346347588,7686.596653652413,7874.856692695175,7623.843307304825,SEP26,AUG26,2026-08-06,2026-09-18,7749.35,7599.305665762463,FOUND,WARN,UNKNOWN_SERIES;ESTIMATED_EXPIRY_ALIAS,2026-08-02.2,PUT_CALL_PARITY,AUG26,AUG26=PUT_CALL_PARITY;SEP26=PUT_CALL_PARITY;DEC26=PUT_CALL_PARITY;NOV26=PUT_CALL_PARITY;OCT26=PUT_CALL_PARITY;DEC28=PUT_CALL_PARITY;DEC29=PUT_CALL_PARITY;DEC30=PUT_CALL_PARITY;JAN27=PUT_CALL_PARITY;MAR27=PUT_CALL_PARITY;SEP27=PUT_CALL_PARITY;JUN27=PUT_CALL_PARITY;JUN28=SERIES_FORWARD_CLUSTER;DEC27=PUT_CALL_PARITY;MAR28=PUT_CALL_PARITY;FEB27=PUT_CALL_PARITY;APR27=PUT_CALL_PARITY;MAY27=PUT_CALL_PARITY;JUL27=PUT_CALL_PARITY;AUG27=PUT_CALL_PARITY,AUG26=7749.35;SEP26=7753.15;DEC26=7883.5;NOV26=7810.75;OCT26=7815.375;DEC28=8379.75;DEC29=8684.75;DEC30=7840.337;JAN27=7882.5;MAR27=7955;SEP27=8104.25;JUN27=8026.625;JUN28=8918.5;DEC27=8108.25;MAR28=8197;FEB27=7881.125;APR27=7962.25;MAY27=7967.125;JUL27=8047.375;AUG27=8053.25,NONE,WEIGHTED_ATM,2026-08-14,6,441,0.0,NONE,12064,11562,501,0,0,RTM,MDW;MMW;MRW;MTW,OK,NONE,NONE,2026-08-05
SPX,8025.0,202744378.44704655,339.7531258348356,0.0,0.0,0.0,0.0,0.0,0.0,7812.103346347588,7686.596653652413,7874.856692695175,7623.843307304825,SEP26,AUG26,2026-08-06,2026-09-18,7749.35,7599.305665762463,FOUND,WARN,UNKNOWN_SERIES;ESTIMATED_EXPIRY_ALIAS,2026-08-02.2,PUT_CALL_PARITY,AUG26,AUG26=PUT_CALL_PARITY;SEP26=PUT_CALL_PARITY;DEC26=PUT_CALL_PARITY;NOV26=PUT_CALL_PARITY;OCT26=PUT_CALL_PARITY;DEC28=PUT_CALL_PARITY;DEC29=PUT_CALL_PARITY;DEC30=PUT_CALL_PARITY;JAN27=PUT_CALL_PARITY;MAR27=PUT_CALL_PARITY;SEP27=PUT_CALL_PARITY;JUN27=PUT_CALL_PARITY;JUN28=SERIES_FORWARD_CLUSTER;DEC27=PUT_CALL_PARITY;MAR28=PUT_CALL_PARITY;FEB27=PUT_CALL_PARITY;APR27=PUT_CALL_PARITY;MAY27=PUT_CALL_PARITY;JUL27=PUT_CALL_PARITY;AUG27=PUT_CALL_PARITY,AUG26=7749.35;SEP26=7753.15;DEC26=7883.5;NOV26=7810.75;OCT26=7815.375;DEC28=8379.75;DEC29=8684.75;DEC30=7840.337;JAN27=7882.5;MAR27=7955;SEP27=8104.25;JUN27=8026.625;JUN28=8918.5;DEC27=8108.25;MAR28=8197;FEB27=7881.125;APR27=7962.25;MAY27=7967.125;JUL27=8047.375;AUG27=8053.25,NONE,WEIGHTED_ATM,2026-08-14,6,441,0.0,NONE,12064,11562,501,0,0,RTM,MDW;MMW;MRW;MTW,OK,NONE,NONE,2026-08-05
SPX,8030.0,22866928.590975214,38.078276489408196,0.0,0.0,0.0,0.0,0.0,0.0,7812.103346347588,7686.596653652413,7874.856692695175,7623.843307304825,SEP26,AUG26,2026-08-06,2026-09-18,7749.35,7599.305665762463,FOUND,WARN,UNKNOWN_SERIES;ESTIMATED_EXPIRY_ALIAS,2026-08-02.2,PUT_CALL_PARITY,AUG26,AUG26=PUT_CALL_PARITY;SEP26=PUT_CALL_PARITY;DEC26=PUT_CALL_PARITY;NOV26=PUT_CALL_PARITY;OCT26=PUT_CALL_PARITY;DEC28=PUT_CALL_PARITY;DEC29=PUT_CALL_PARITY;DEC30=PUT_CALL_PARITY;JAN27=PUT_CALL_PARITY;MAR27=PUT_CALL_PARITY;SEP27=PUT_CALL_PARITY;JUN27=PUT_CALL_PARITY;JUN28=SERIES_FORWARD_CLUSTER;DEC27=PUT_CALL_PARITY;MAR28=PUT_CALL_PARITY;FEB27=PUT_CALL_PARITY;APR27=PUT_CALL_PARITY;MAY27=PUT_CALL_PARITY;JUL27=PUT_CALL_PARITY;AUG27=PUT_CALL_PARITY,AUG26=7749.35;SEP26=7753.15;DEC26=7883.5;NOV26=7810.75;OCT26=7815.375;DEC28=8379.75;DEC29=8684.75;DEC30=7840.337;JAN27=7882.5;MAR27=7955;SEP27=8104.25;JUN27=8026.625;JUN28=8918.5;DEC27=8108.25;MAR28=8197;FEB27=7881.125;APR27=7962.25;MAY27=7967.125;JUL27=8047.375;AUG27=8053.25,NONE,WEIGHTED_ATM,2026-08-14,6,441,0.0,NONE,12064,11562,501,0,0,RTM,MDW;MMW;MRW;MTW,OK,NONE,NONE,2026-08-05
SPX,8035.0,2271246.414568886,3.7821060491553635,0.0,0.0,0.0,0.0,0.0,0.0,7812.103346347588,7686.596653652413,7874.856692695175,7623.843307304825,SEP26,AUG26,2026-08-06,2026-09-18,7749.35,7599.305665762463,FOUND,WARN,UNKNOWN_SERIES;ESTIMATED_EXPIRY_ALIAS,2026-08-02.2,PUT_CALL_PARITY,AUG26,AUG26=PUT_CALL_PARITY;SEP26=PUT_CALL_PARITY;DEC26=PUT_CALL_PARITY;NOV26=PUT_CALL_PARITY;OCT26=PUT_CALL_PARITY;DEC28=PUT_CALL_PARITY;DEC29=PUT_CALL_PARITY;DEC30=PUT_CALL_PARITY;JAN27=PUT_CALL_PARITY;MAR27=PUT_CALL_PARITY;SEP27=PUT_CALL_PARITY;JUN27=PUT_CALL_PARITY;JUN28=SERIES_FORWARD_CLUSTER;DEC27=PUT_CALL_PARITY;MAR28=PUT_CALL_PARITY;FEB27=PUT_CALL_PARITY;APR27=PUT_CALL_PARITY;MAY27=PUT_CALL_PARITY;JUL27=PUT_CALL_PARITY;AUG27=PUT_CALL_PARITY,AUG26=7749.35;SEP26=7753.15;DEC26=7883.5;NOV26=7810.75;OCT26=7815.375;DEC28=8379.75;DEC29=8684.75;DEC30=7840.337;JAN27=7882.5;MAR27=7955;SEP27=8104.25;JUN27=8026.625;JUN28=8918.5;DEC27=8108.25;MAR28=8197;FEB27=7881.125;APR27=7962.25;MAY27=7967.125;JUL27=8047.375;AUG27=8053.25,NONE,WEIGHTED_ATM,2026-08-14,6,441,0.0,NONE,12064,11562,501,0,0,RTM,MDW;MMW;MRW;MTW,OK,NONE,NONE,2026-08-05
SPX,8040.0,20027879.980838936,33.34791371076864,0.0,0.0,0.0,0.0,0.0,0.0,7812.103346347588,7686.596653652413,7874.856692695175,7623.843307304825,SEP26,AUG26,2026-08-06,2026-09-18,7749.35,7599.305665762463,FOUND,WARN,UNKNOWN_SERIES;ESTIMATED_EXPIRY_ALIAS,2026-08-02.2,PUT_CALL_PARITY,AUG26,AUG26=PUT_CALL_PARITY;SEP26=PUT_CALL_PARITY;DEC26=PUT_CALL_PARITY;NOV26=PUT_CALL_PARITY;OCT26=PUT_CALL_PARITY;DEC28=PUT_CALL_PARITY;DEC29=PUT_CALL_PARITY;DEC30=PUT_CALL_PARITY;JAN27=PUT_CALL_PARITY;MAR27=PUT_CALL_PARITY;SEP27=PUT_CALL_PARITY;JUN27=PUT_CALL_PARITY;JUN28=SERIES_FORWARD_CLUSTER;DEC27=PUT_CALL_PARITY;MAR28=PUT_CALL_PARITY;FEB27=PUT_CALL_PARITY;APR27=PUT_CALL_PARITY;MAY27=PUT_CALL_PARITY;JUL27=PUT_CALL_PARITY;AUG27=PUT_CALL_PARITY,AUG26=7749.35;SEP26=7753.15;DEC26=7883.5;NOV26=7810.75;OCT26=7815.375;DEC28=8379.75;DEC29=8684.75;DEC30=7840.337;JAN27=7882.5;MAR27=7955;SEP27=8104.25;JUN27=8026.625;JUN28=8918.5;DEC27=8108.25;MAR28=8197;FEB27=7881.125;APR27=7962.25;MAY27=7967.125;JUL27=8047.375;AUG27=8053.25,NONE,WEIGHTED_ATM,2026-08-14,6,441,0.0,NONE,12064,11562,501,0,0,RTM,MDW;MMW;MRW;MTW,OK,NONE,NONE,2026-08-05
SPX,8045.0,4541677.917229723,7.562855097486337,0.0,0.0,0.0,0.0,0.0,0.0,7812.103346347588,7686.596653652413,7874.856692695175,7623.843307304825,SEP26,AUG26,2026-08-06,2026-09-18,7749.35,7599.305665762463,FOUND,WARN,UNKNOWN_SERIES;ESTIMATED_EXPIRY_ALIAS,2026-08-02.2,PUT_CALL_PARITY,AUG26,AUG26=PUT_CALL_PARITY;SEP26=PUT_CALL_PARITY;DEC26=PUT_CALL_PARITY;NOV26=PUT_CALL_PARITY;OCT26=PUT_CALL_PARITY;DEC28=PUT_CALL_PARITY;DEC29=PUT_CALL_PARITY;DEC30=PUT_CALL_PARITY;JAN27=PUT_CALL_PARITY;MAR27=PUT_CALL_PARITY;SEP27=PUT_CALL_PARITY;JUN27=PUT_CALL_PARITY;JUN28=SERIES_FORWARD_CLUSTER;DEC27=PUT_CALL_PARITY;MAR28=PUT_CALL_PARITY;FEB27=PUT_CALL_PARITY;APR27=PUT_CALL_PARITY;MAY27=PUT_CALL_PARITY;JUL27=PUT_CALL_PARITY;AUG27=PUT_CALL_PARITY,AUG26=7749.35;SEP26=7753.15;DEC26=7883.5;NOV26=7810.75;OCT26=7815.375;DEC28=8379.75;DEC29=8684.75;DEC30=7840.337;JAN27=7882.5;MAR27=7955;SEP27=8104.25;JUN27=8026.625;JUN28=8918.5;DEC27=8108.25;MAR28=8197;FEB27=7881.125;APR27=7962.25;MAY27=7967.125;JUL27=8047.375;AUG27=8053.25,NONE,WEIGHTED_ATM,2026-08-14,6,441,0.0,NONE,12064,11562,501,0,0,RTM,MDW;MMW;MRW;MTW,OK,NONE,NONE,2026-08-05
SPX,8050.0,691839863.0264887,1291.7064186361326,0.0,0.0,0.0,0.0,0.0,0.0,7812.103346347588,7686.596653652413,7874.856692695175,7623.843307304825,SEP26,AUG26,2026-08-06,2026-09-18,7749.35,7599.305665762463,FOUND,WARN,UNKNOWN_SERIES;ESTIMATED_EXPIRY_ALIAS,2026-08-02.2,PUT_CALL_PARITY,AUG26,AUG26=PUT_CALL_PARITY;SEP26=PUT_CALL_PARITY;DEC26=PUT_CALL_PARITY;NOV26=PUT_CALL_PARITY;OCT26=PUT_CALL_PARITY;DEC28=PUT_CALL_PARITY;DEC29=PUT_CALL_PARITY;DEC30=PUT_CALL_PARITY;JAN27=PUT_CALL_PARITY;MAR27=PUT_CALL_PARITY;SEP27=PUT_CALL_PARITY;JUN27=PUT_CALL_PARITY;JUN28=SERIES_FORWARD_CLUSTER;DEC27=PUT_CALL_PARITY;MAR28=PUT_CALL_PARITY;FEB27=PUT_CALL_PARITY;APR27=PUT_CALL_PARITY;MAY27=PUT_CALL_PARITY;JUL27=PUT_CALL_PARITY;AUG27=PUT_CALL_PARITY,AUG26=7749.35;SEP26=7753.15;DEC26=7883.5;NOV26=7810.75;OCT26=7815.375;DEC28=8379.75;DEC29=8684.75;DEC30=7840.337;JAN27=7882.5;MAR27=7955;SEP27=8104.25;JUN27=8026.625;JUN28=8918.5;DEC27=8108.25;MAR28=8197;FEB27=7881.125;APR27=7962.25;MAY27=7967.125;JUL27=8047.375;AUG27=8053.25,NONE,WEIGHTED_ATM,2026-08-14,6,441,0.0,NONE,12064,11562,501,0,0,RTM,MDW;MMW;MRW;MTW,OK,NONE,NONE,2026-08-05
SPX,8055.0,224122.53723727347,0.3732114659157478,0.0,0.0,0.0,0.0,0.0,0.0,7812.103346347588,7686.596653652413,7874.856692695175,7623.843307304825,SEP26,AUG26,2026-08-06,2026-09-18,7749.35,7599.305665762463,FOUND,WARN,UNKNOWN_SERIES;ESTIMATED_EXPIRY_ALIAS,2026-08-02.2,PUT_CALL_PARITY,AUG26,AUG26=PUT_CALL_PARITY;SEP26=PUT_CALL_PARITY;DEC26=PUT_CALL_PARITY;NOV26=PUT_CALL_PARITY;OCT26=PUT_CALL_PARITY;DEC28=PUT_CALL_PARITY;DEC29=PUT_CALL_PARITY;DEC30=PUT_CALL_PARITY;JAN27=PUT_CALL_PARITY;MAR27=PUT_CALL_PARITY;SEP27=PUT_CALL_PARITY;JUN27=PUT_CALL_PARITY;JUN28=SERIES_FORWARD_CLUSTER;DEC27=PUT_CALL_PARITY;MAR28=PUT_CALL_PARITY;FEB27=PUT_CALL_PARITY;APR27=PUT_CALL_PARITY;MAY27=PUT_CALL_PARITY;JUL27=PUT_CALL_PARITY;AUG27=PUT_CALL_PARITY,AUG26=7749.35;SEP26=7753.15;DEC26=7883.5;NOV26=7810.75;OCT26=7815.375;DEC28=8379.75;DEC29=8684.75;DEC30=7840.337;JAN27=7882.5;MAR27=7955;SEP27=8104.25;JUN27=8026.625;JUN28=8918.5;DEC27=8108.25;MAR28=8197;FEB27=7881.125;APR27=7962.25;MAY27=7967.125;JUL27=8047.375;AUG27=8053.25,NONE,WEIGHTED_ATM,2026-08-14,6,441,0.0,NONE,12064,11562,501,0,0,RTM,MDW;MMW;MRW;MTW,OK,NONE,NONE,2026-08-05
SPX,8060.0,1681582.7463015604,2.800191223702877,0.0,0.0,0.0,0.0,0.0,0.0,7812.103346347588,7686.596653652413,7874.856692695175,7623.843307304825,SEP26,AUG26,2026-08-06,2026-09-18,7749.35,7599.305665762463,FOUND,WARN,UNKNOWN_SERIES;ESTIMATED_EXPIRY_ALIAS,2026-08-02.2,PUT_CALL_PARITY,AUG26,AUG26=PUT_CALL_PARITY;SEP26=PUT_CALL_PARITY;DEC26=PUT_CALL_PARITY;NOV26=PUT_CALL_PARITY;OCT26=PUT_CALL_PARITY;DEC28=PUT_CALL_PARITY;DEC29=PUT_CALL_PARITY;DEC30=PUT_CALL_PARITY;JAN27=PUT_CALL_PARITY;MAR27=PUT_CALL_PARITY;SEP27=PUT_CALL_PARITY;JUN27=PUT_CALL_PARITY;JUN28=SERIES_FORWARD_CLUSTER;DEC27=PUT_CALL_PARITY;MAR28=PUT_CALL_PARITY;FEB27=PUT_CALL_PARITY;APR27=PUT_CALL_PARITY;MAY27=PUT_CALL_PARITY;JUL27=PUT_CALL_PARITY;AUG27=PUT_CALL_PARITY,AUG26=7749.35;SEP26=7753.15;DEC26=7883.5;NOV26=7810.75;OCT26=7815.375;DEC28=8379.75;DEC29=8684.75;DEC30=7840.337;JAN27=7882.5;MAR27=7955;SEP27=8104.25;JUN27=8026.625;JUN28=8918.5;DEC27=8108.25;MAR28=8197;FEB27=7881.125;APR27=7962.25;MAY27=7967.125;JUL27=8047.375;AUG27=8053.25,NONE,WEIGHTED_ATM,2026-08-14,6,441,0.0,NONE,12064,11562,501,0,0,RTM,MDW;MMW;MRW;MTW,OK,NONE,NONE,2026-08-05
SPX,8065.0,359064.49781194504,0.5979183942792314,0.0,0.0,0.0,0.0,0.0,0.0,7812.103346347588,7686.596653652413,7874.856692695175,7623.843307304825,SEP26,AUG26,2026-08-06,2026-09-18,7749.35,7599.305665762463,FOUND,WARN,UNKNOWN_SERIES;ESTIMATED_EXPIRY_ALIAS,2026-08-02.2,PUT_CALL_PARITY,AUG26,AUG26=PUT_CALL_PARITY;SEP26=PUT_CALL_PARITY;DEC26=PUT_CALL_PARITY;NOV26=PUT_CALL_PARITY;OCT26=PUT_CALL_PARITY;DEC28=PUT_CALL_PARITY;DEC29=PUT_CALL_PARITY;DEC30=PUT_CALL_PARITY;JAN27=PUT_CALL_PARITY;MAR27=PUT_CALL_PARITY;SEP27=PUT_CALL_PARITY;JUN27=PUT_CALL_PARITY;JUN28=SERIES_FORWARD_CLUSTER;DEC27=PUT_CALL_PARITY;MAR28=PUT_CALL_PARITY;FEB27=PUT_CALL_PARITY;APR27=PUT_CALL_PARITY;MAY27=PUT_CALL_PARITY;JUL27=PUT_CALL_PARITY;AUG27=PUT_CALL_PARITY,AUG26=7749.35;SEP26=7753.15;DEC26=7883.5;NOV26=7810.75;OCT26=7815.375;DEC28=8379.75;DEC29=8684.75;DEC30=7840.337;JAN27=7882.5;MAR27=7955;SEP27=8104.25;JUN27=8026.625;JUN28=8918.5;DEC27=8108.25;MAR28=8197;FEB27=7881.125;APR27=7962.25;MAY27=7967.125;JUL27=8047.375;AUG27=8053.25,NONE,WEIGHTED_ATM,2026-08-14,6,441,0.0,NONE,12064,11562,501,0,0,RTM,MDW;MMW;MRW;MTW,OK,NONE,NONE,2026-08-05
SPX,8070.0,12008955.353489248,19.99745267405939,0.0,0.0,0.0,0.0,0.0,0.0,7812.103346347588,7686.596653652413,7874.856692695175,7623.843307304825,SEP26,AUG26,2026-08-06,2026-09-18,7749.35,7599.305665762463,FOUND,WARN,UNKNOWN_SERIES;ESTIMATED_EXPIRY_ALIAS,2026-08-02.2,PUT_CALL_PARITY,AUG26,AUG26=PUT_CALL_PARITY;SEP26=PUT_CALL_PARITY;DEC26=PUT_CALL_PARITY;NOV26=PUT_CALL_PARITY;OCT26=PUT_CALL_PARITY;DEC28=PUT_CALL_PARITY;DEC29=PUT_CALL_PARITY;DEC30=PUT_CALL_PARITY;JAN27=PUT_CALL_PARITY;MAR27=PUT_CALL_PARITY;SEP27=PUT_CALL_PARITY;JUN27=PUT_CALL_PARITY;JUN28=SERIES_FORWARD_CLUSTER;DEC27=PUT_CALL_PARITY;MAR28=PUT_CALL_PARITY;FEB27=PUT_CALL_PARITY;APR27=PUT_CALL_PARITY;MAY27=PUT_CALL_PARITY;JUL27=PUT_CALL_PARITY;AUG27=PUT_CALL_PARITY,AUG26=7749.35;SEP26=7753.15;DEC26=7883.5;NOV26=7810.75;OCT26=7815.375;DEC28=8379.75;DEC29=8684.75;DEC30=7840.337;JAN27=7882.5;MAR27=7955;SEP27=8104.25;JUN27=8026.625;JUN28=8918.5;DEC27=8108.25;MAR28=8197;FEB27=7881.125;APR27=7962.25;MAY27=7967.125;JUL27=8047.375;AUG27=8053.25,NONE,WEIGHTED_ATM,2026-08-14,6,441,0.0,NONE,12064,11562,501,0,0,RTM,MDW;MMW;MRW;MTW,OK,NONE,NONE,2026-08-05
SPX,8075.0,112123145.45838045,188.3519140013779,0.0,0.0,0.0,0.0,0.0,0.0,7812.103346347588,7686.596653652413,7874.856692695175,7623.843307304825,SEP26,AUG26,2026-08-06,2026-09-18,7749.35,7599.305665762463,FOUND,WARN,UNKNOWN_SERIES;ESTIMATED_EXPIRY_ALIAS,2026-08-02.2,PUT_CALL_PARITY,AUG26,AUG26=PUT_CALL_PARITY;SEP26=PUT_CALL_PARITY;DEC26=PUT_CALL_PARITY;NOV26=PUT_CALL_PARITY;OCT26=PUT_CALL_PARITY;DEC28=PUT_CALL_PARITY;DEC29=PUT_CALL_PARITY;DEC30=PUT_CALL_PARITY;JAN27=PUT_CALL_PARITY;MAR27=PUT_CALL_PARITY;SEP27=PUT_CALL_PARITY;JUN27=PUT_CALL_PARITY;JUN28=SERIES_FORWARD_CLUSTER;DEC27=PUT_CALL_PARITY;MAR28=PUT_CALL_PARITY;FEB27=PUT_CALL_PARITY;APR27=PUT_CALL_PARITY;MAY27=PUT_CALL_PARITY;JUL27=PUT_CALL_PARITY;AUG27=PUT_CALL_PARITY,AUG26=7749.35;SEP26=7753.15;DEC26=7883.5;NOV26=7810.75;OCT26=7815.375;DEC28=8379.75;DEC29=8684.75;DEC30=7840.337;JAN27=7882.5;MAR27=7955;SEP27=8104.25;JUN27=8026.625;JUN28=8918.5;DEC27=8108.25;MAR28=8197;FEB27=7881.125;APR27=7962.25;MAY27=7967.125;JUL27=8047.375;AUG27=8053.25,NONE,WEIGHTED_ATM,2026-08-14,6,441,0.0,NONE,12064,11562,501,0,0,RTM,MDW;MMW;MRW;MTW,OK,NONE,NONE,2026-08-05
SPX,8080.0,14191321.244503729,23.63155383760175,0.0,0.0,0.0,0.0,0.0,0.0,7812.103346347588,7686.596653652413,7874.856692695175,7623.843307304825,SEP26,AUG26,2026-08-06,2026-09-18,7749.35,7599.305665762463,FOUND,WARN,UNKNOWN_SERIES;ESTIMATED_EXPIRY_ALIAS,2026-08-02.2,PUT_CALL_PARITY,AUG26,AUG26=PUT_CALL_PARITY;SEP26=PUT_CALL_PARITY;DEC26=PUT_CALL_PARITY;NOV26=PUT_CALL_PARITY;OCT26=PUT_CALL_PARITY;DEC28=PUT_CALL_PARITY;DEC29=PUT_CALL_PARITY;DEC30=PUT_CALL_PARITY;JAN27=PUT_CALL_PARITY;MAR27=PUT_CALL_PARITY;SEP27=PUT_CALL_PARITY;JUN27=PUT_CALL_PARITY;JUN28=SERIES_FORWARD_CLUSTER;DEC27=PUT_CALL_PARITY;MAR28=PUT_CALL_PARITY;FEB27=PUT_CALL_PARITY;APR27=PUT_CALL_PARITY;MAY27=PUT_CALL_PARITY;JUL27=PUT_CALL_PARITY;AUG27=PUT_CALL_PARITY,AUG26=7749.35;SEP26=7753.15;DEC26=7883.5;NOV26=7810.75;OCT26=7815.375;DEC28=8379.75;DEC29=8684.75;DEC30=7840.337;JAN27=7882.5;MAR27=7955;SEP27=8104.25;JUN27=8026.625;JUN28=8918.5;DEC27=8108.25;MAR28=8197;FEB27=7881.125;APR27=7962.25;MAY27=7967.125;JUL27=8047.375;AUG27=8053.25,NONE,WEIGHTED_ATM,2026-08-14,6,441,0.0,NONE,12064,11562,501,0,0,RTM,MDW;MMW;MRW;MTW,OK,NONE,NONE,2026-08-05
SPX,8085.0,136067.00567824376,0.22658036660624725,0.0,0.0,0.0,0.0,0.0,0.0,7812.103346347588,7686.596653652413,7874.856692695175,7623.843307304825,SEP26,AUG26,2026-08-06,2026-09-18,7749.35,7599.305665762463,FOUND,WARN,UNKNOWN_SERIES;ESTIMATED_EXPIRY_ALIAS,2026-08-02.2,PUT_CALL_PARITY,AUG26,AUG26=PUT_CALL_PARITY;SEP26=PUT_CALL_PARITY;DEC26=PUT_CALL_PARITY;NOV26=PUT_CALL_PARITY;OCT26=PUT_CALL_PARITY;DEC28=PUT_CALL_PARITY;DEC29=PUT_CALL_PARITY;DEC30=PUT_CALL_PARITY;JAN27=PUT_CALL_PARITY;MAR27=PUT_CALL_PARITY;SEP27=PUT_CALL_PARITY;JUN27=PUT_CALL_PARITY;JUN28=SERIES_FORWARD_CLUSTER;DEC27=PUT_CALL_PARITY;MAR28=PUT_CALL_PARITY;FEB27=PUT_CALL_PARITY;APR27=PUT_CALL_PARITY;MAY27=PUT_CALL_PARITY;JUL27=PUT_CALL_PARITY;AUG27=PUT_CALL_PARITY,AUG26=7749.35;SEP26=7753.15;DEC26=7883.5;NOV26=7810.75;OCT26=7815.375;DEC28=8379.75;DEC29=8684.75;DEC30=7840.337;JAN27=7882.5;MAR27=7955;SEP27=8104.25;JUN27=8026.625;JUN28=8918.5;DEC27=8108.25;MAR28=8197;FEB27=7881.125;APR27=7962.25;MAY27=7967.125;JUL27=8047.375;AUG27=8053.25,NONE,WEIGHTED_ATM,2026-08-14,6,441,0.0,NONE,12064,11562,501,0,0,RTM,MDW;MMW;MRW;MTW,OK,NONE,NONE,2026-08-05
SPX,8090.0,5548763.999770165,9.23986660111016,0.0,0.0,0.0,0.0,0.0,0.0,7812.103346347588,7686.596653652413,7874.856692695175,7623.843307304825,SEP26,AUG26,2026-08-06,2026-09-18,7749.35,7599.305665762463,FOUND,WARN,UNKNOWN_SERIES;ESTIMATED_EXPIRY_ALIAS,2026-08-02.2,PUT_CALL_PARITY,AUG26,AUG26=PUT_CALL_PARITY;SEP26=PUT_CALL_PARITY;DEC26=PUT_CALL_PARITY;NOV26=PUT_CALL_PARITY;OCT26=PUT_CALL_PARITY;DEC28=PUT_CALL_PARITY;DEC29=PUT_CALL_PARITY;DEC30=PUT_CALL_PARITY;JAN27=PUT_CALL_PARITY;MAR27=PUT_CALL_PARITY;SEP27=PUT_CALL_PARITY;JUN27=PUT_CALL_PARITY;JUN28=SERIES_FORWARD_CLUSTER;DEC27=PUT_CALL_PARITY;MAR28=PUT_CALL_PARITY;FEB27=PUT_CALL_PARITY;APR27=PUT_CALL_PARITY;MAY27=PUT_CALL_PARITY;JUL27=PUT_CALL_PARITY;AUG27=PUT_CALL_PARITY,AUG26=7749.35;SEP26=7753.15;DEC26=7883.5;NOV26=7810.75;OCT26=7815.375;DEC28=8379.75;DEC29=8684.75;DEC30=7840.337;JAN27=7882.5;MAR27=7955;SEP27=8104.25;JUN27=8026.625;JUN28=8918.5;DEC27=8108.25;MAR28=8197;FEB27=7881.125;APR27=7962.25;MAY27=7967.125;JUL27=8047.375;AUG27=8053.25,NONE,WEIGHTED_ATM,2026-08-14,6,441,0.0,NONE,12064,11562,501,0,0,RTM,MDW;MMW;MRW;MTW,OK,NONE,NONE,2026-08-05
SPX,8095.0,44065.96984515625,0.0733791675109361,0.0,0.0,0.0,0.0,0.0,0.0,7812.103346347588,7686.596653652413,7874.856692695175,7623.843307304825,SEP26,AUG26,2026-08-06,2026-09-18,7749.35,7599.305665762463,FOUND,WARN,UNKNOWN_SERIES;ESTIMATED_EXPIRY_ALIAS,2026-08-02.2,PUT_CALL_PARITY,AUG26,AUG26=PUT_CALL_PARITY;SEP26=PUT_CALL_PARITY;DEC26=PUT_CALL_PARITY;NOV26=PUT_CALL_PARITY;OCT26=PUT_CALL_PARITY;DEC28=PUT_CALL_PARITY;DEC29=PUT_CALL_PARITY;DEC30=PUT_CALL_PARITY;JAN27=PUT_CALL_PARITY;MAR27=PUT_CALL_PARITY;SEP27=PUT_CALL_PARITY;JUN27=PUT_CALL_PARITY;JUN28=SERIES_FORWARD_CLUSTER;DEC27=PUT_CALL_PARITY;MAR28=PUT_CALL_PARITY;FEB27=PUT_CALL_PARITY;APR27=PUT_CALL_PARITY;MAY27=PUT_CALL_PARITY;JUL27=PUT_CALL_PARITY;AUG27=PUT_CALL_PARITY,AUG26=7749.35;SEP26=7753.15;DEC26=7883.5;NOV26=7810.75;OCT26=7815.375;DEC28=8379.75;DEC29=8684.75;DEC30=7840.337;JAN27=7882.5;MAR27=7955;SEP27=8104.25;JUN27=8026.625;JUN28=8918.5;DEC27=8108.25;MAR28=8197;FEB27=7881.125;APR27=7962.25;MAY27=7967.125;JUL27=8047.375;AUG27=8053.25,NONE,WEIGHTED_ATM,2026-08-14,6,441,0.0,NONE,12064,11562,501,0,0,RTM,MDW;MMW;MRW;MTW,OK,NONE,NONE,2026-08-05
SPX,8100.0,527480606.851886,983.4484100795455,0.0,0.0,0.0,0.0,0.0,0.0,7812.103346347588,7686.596653652413,7874.856692695175,7623.843307304825,SEP26,AUG26,2026-08-06,2026-09-18,7749.35,7599.305665762463,FOUND,WARN,UNKNOWN_SERIES;ESTIMATED_EXPIRY_ALIAS,2026-08-02.2,PUT_CALL_PARITY,AUG26,AUG26=PUT_CALL_PARITY;SEP26=PUT_CALL_PARITY;DEC26=PUT_CALL_PARITY;NOV26=PUT_CALL_PARITY;OCT26=PUT_CALL_PARITY;DEC28=PUT_CALL_PARITY;DEC29=PUT_CALL_PARITY;DEC30=PUT_CALL_PARITY;JAN27=PUT_CALL_PARITY;MAR27=PUT_CALL_PARITY;SEP27=PUT_CALL_PARITY;JUN27=PUT_CALL_PARITY;JUN28=SERIES_FORWARD_CLUSTER;DEC27=PUT_CALL_PARITY;MAR28=PUT_CALL_PARITY;FEB27=PUT_CALL_PARITY;APR27=PUT_CALL_PARITY;MAY27=PUT_CALL_PARITY;JUL27=PUT_CALL_PARITY;AUG27=PUT_CALL_PARITY,AUG26=7749.35;SEP26=7753.15;DEC26=7883.5;NOV26=7810.75;OCT26=7815.375;DEC28=8379.75;DEC29=8684.75;DEC30=7840.337;JAN27=7882.5;MAR27=7955;SEP27=8104.25;JUN27=8026.625;JUN28=8918.5;DEC27=8108.25;MAR28=8197;FEB27=7881.125;APR27=7962.25;MAY27=7967.125;JUL27=8047.375;AUG27=8053.25,NONE,WEIGHTED_ATM,2026-08-14,6,441,0.0,NONE,12064,11562,501,0,0,RTM,MDW;MMW;MRW;MTW,OK,NONE,NONE,2026-08-05
SPX,8105.0,163526.57562798832,0.27230636311105494,0.0,0.0,0.0,0.0,0.0,0.0,7812.103346347588,7686.596653652413,7874.856692695175,7623.843307304825,SEP26,AUG26,2026-08-06,2026-09-18,7749.35,7599.305665762463,FOUND,WARN,UNKNOWN_SERIES;ESTIMATED_EXPIRY_ALIAS,2026-08-02.2,PUT_CALL_PARITY,AUG26,AUG26=PUT_CALL_PARITY;SEP26=PUT_CALL_PARITY;DEC26=PUT_CALL_PARITY;NOV26=PUT_CALL_PARITY;OCT26=PUT_CALL_PARITY;DEC28=PUT_CALL_PARITY;DEC29=PUT_CALL_PARITY;DEC30=PUT_CALL_PARITY;JAN27=PUT_CALL_PARITY;MAR27=PUT_CALL_PARITY;SEP27=PUT_CALL_PARITY;JUN27=PUT_CALL_PARITY;JUN28=SERIES_FORWARD_CLUSTER;DEC27=PUT_CALL_PARITY;MAR28=PUT_CALL_PARITY;FEB27=PUT_CALL_PARITY;APR27=PUT_CALL_PARITY;MAY27=PUT_CALL_PARITY;JUL27=PUT_CALL_PARITY;AUG27=PUT_CALL_PARITY,AUG26=7749.35;SEP26=7753.15;DEC26=7883.5;NOV26=7810.75;OCT26=7815.375;DEC28=8379.75;DEC29=8684.75;DEC30=7840.337;JAN27=7882.5;MAR27=7955;SEP27=8104.25;JUN27=8026.625;JUN28=8918.5;DEC27=8108.25;MAR28=8197;FEB27=7881.125;APR27=7962.25;MAY27=7967.125;JUL27=8047.375;AUG27=8053.25,NONE,WEIGHTED_ATM,2026-08-14,6,441,0.0,NONE,12064,11562,501,0,0,RTM,MDW;MMW;MRW;MTW,OK,NONE,NONE,2026-08-05
SPX,8110.0,1053282.941248282,1.7539390521496665,0.0,0.0,0.0,0.0,0.0,0.0,7812.103346347588,7686.596653652413,7874.856692695175,7623.843307304825,SEP26,AUG26,2026-08-06,2026-09-18,7749.35,7599.305665762463,FOUND,WARN,UNKNOWN_SERIES;ESTIMATED_EXPIRY_ALIAS,2026-08-02.2,PUT_CALL_PARITY,AUG26,AUG26=PUT_CALL_PARITY;SEP26=PUT_CALL_PARITY;DEC26=PUT_CALL_PARITY;NOV26=PUT_CALL_PARITY;OCT26=PUT_CALL_PARITY;DEC28=PUT_CALL_PARITY;DEC29=PUT_CALL_PARITY;DEC30=PUT_CALL_PARITY;JAN27=PUT_CALL_PARITY;MAR27=PUT_CALL_PARITY;SEP27=PUT_CALL_PARITY;JUN27=PUT_CALL_PARITY;JUN28=SERIES_FORWARD_CLUSTER;DEC27=PUT_CALL_PARITY;MAR28=PUT_CALL_PARITY;FEB27=PUT_CALL_PARITY;APR27=PUT_CALL_PARITY;MAY27=PUT_CALL_PARITY;JUL27=PUT_CALL_PARITY;AUG27=PUT_CALL_PARITY,AUG26=7749.35;SEP26=7753.15;DEC26=7883.5;NOV26=7810.75;OCT26=7815.375;DEC28=8379.75;DEC29=8684.75;DEC30=7840.337;JAN27=7882.5;MAR27=7955;SEP27=8104.25;JUN27=8026.625;JUN28=8918.5;DEC27=8108.25;MAR28=8197;FEB27=7881.125;APR27=7962.25;MAY27=7967.125;JUL27=8047.375;AUG27=8053.25,NONE,WEIGHTED_ATM,2026-08-14,6,441,0.0,NONE,12064,11562,501,0,0,RTM,MDW;MMW;MRW;MTW,OK,NONE,NONE,2026-08-05
SPX,8115.0,74430.42295101043,0.12394240936540657,0.0,0.0,0.0,0.0,0.0,0.0,7812.103346347588,7686.596653652413,7874.856692695175,7623.843307304825,SEP26,AUG26,2026-08-06,2026-09-18,7749.35,7599.305665762463,FOUND,WARN,UNKNOWN_SERIES;ESTIMATED_EXPIRY_ALIAS,2026-08-02.2,PUT_CALL_PARITY,AUG26,AUG26=PUT_CALL_PARITY;SEP26=PUT_CALL_PARITY;DEC26=PUT_CALL_PARITY;NOV26=PUT_CALL_PARITY;OCT26=PUT_CALL_PARITY;DEC28=PUT_CALL_PARITY;DEC29=PUT_CALL_PARITY;DEC30=PUT_CALL_PARITY;JAN27=PUT_CALL_PARITY;MAR27=PUT_CALL_PARITY;SEP27=PUT_CALL_PARITY;JUN27=PUT_CALL_PARITY;JUN28=SERIES_FORWARD_CLUSTER;DEC27=PUT_CALL_PARITY;MAR28=PUT_CALL_PARITY;FEB27=PUT_CALL_PARITY;APR27=PUT_CALL_PARITY;MAY27=PUT_CALL_PARITY;JUL27=PUT_CALL_PARITY;AUG27=PUT_CALL_PARITY,AUG26=7749.35;SEP26=7753.15;DEC26=7883.5;NOV26=7810.75;OCT26=7815.375;DEC28=8379.75;DEC29=8684.75;DEC30=7840.337;JAN27=7882.5;MAR27=7955;SEP27=8104.25;JUN27=8026.625;JUN28=8918.5;DEC27=8108.25;MAR28=8197;FEB27=7881.125;APR27=7962.25;MAY27=7967.125;JUL27=8047.375;AUG27=8053.25,NONE,WEIGHTED_ATM,2026-08-14,6,441,0.0,NONE,12064,11562,501,0,0,RTM,MDW;MMW;MRW;MTW,OK,NONE,NONE,2026-08-05
SPX,8120.0,3651308.8927116985,6.080202201697673,0.0,0.0,0.0,0.0,0.0,0.0,7812.103346347588,7686.596653652413,7874.856692695175,7623.843307304825,SEP26,AUG26,2026-08-06,2026-09-18,7749.35,7599.305665762463,FOUND,WARN,UNKNOWN_SERIES;ESTIMATED_EXPIRY_ALIAS,2026-08-02.2,PUT_CALL_PARITY,AUG26,AUG26=PUT_CALL_PARITY;SEP26=PUT_CALL_PARITY;DEC26=PUT_CALL_PARITY;NOV26=PUT_CALL_PARITY;OCT26=PUT_CALL_PARITY;DEC28=PUT_CALL_PARITY;DEC29=PUT_CALL_PARITY;DEC30=PUT_CALL_PARITY;JAN27=PUT_CALL_PARITY;MAR27=PUT_CALL_PARITY;SEP27=PUT_CALL_PARITY;JUN27=PUT_CALL_PARITY;JUN28=SERIES_FORWARD_CLUSTER;DEC27=PUT_CALL_PARITY;MAR28=PUT_CALL_PARITY;FEB27=PUT_CALL_PARITY;APR27=PUT_CALL_PARITY;MAY27=PUT_CALL_PARITY;JUL27=PUT_CALL_PARITY;AUG27=PUT_CALL_PARITY,AUG26=7749.35;SEP26=7753.15;DEC26=7883.5;NOV26=7810.75;OCT26=7815.375;DEC28=8379.75;DEC29=8684.75;DEC30=7840.337;JAN27=7882.5;MAR27=7955;SEP27=8104.25;JUN27=8026.625;JUN28=8918.5;DEC27=8108.25;MAR28=8197;FEB27=7881.125;APR27=7962.25;MAY27=7967.125;JUL27=8047.375;AUG27=8053.25,NONE,WEIGHTED_ATM,2026-08-14,6,441,0.0,NONE,12064,11562,501,0,0,RTM,MDW;MMW;MRW;MTW,OK,NONE,NONE,2026-08-05
SPX,8125.0,160126671.00807533,265.98802176830804,0.0,0.0,0.0,0.0,0.0,0.0,7812.103346347588,7686.596653652413,7874.856692695175,7623.843307304825,SEP26,AUG26,2026-08-06,2026-09-18,7749.35,7599.305665762463,FOUND,WARN,UNKNOWN_SERIES;ESTIMATED_EXPIRY_ALIAS,2026-08-02.2,PUT_CALL_PARITY,AUG26,AUG26=PUT_CALL_PARITY;SEP26=PUT_CALL_PARITY;DEC26=PUT_CALL_PARITY;NOV26=PUT_CALL_PARITY;OCT26=PUT_CALL_PARITY;DEC28=PUT_CALL_PARITY;DEC29=PUT_CALL_PARITY;DEC30=PUT_CALL_PARITY;JAN27=PUT_CALL_PARITY;MAR27=PUT_CALL_PARITY;SEP27=PUT_CALL_PARITY;JUN27=PUT_CALL_PARITY;JUN28=SERIES_FORWARD_CLUSTER;DEC27=PUT_CALL_PARITY;MAR28=PUT_CALL_PARITY;FEB27=PUT_CALL_PARITY;APR27=PUT_CALL_PARITY;MAY27=PUT_CALL_PARITY;JUL27=PUT_CALL_PARITY;AUG27=PUT_CALL_PARITY,AUG26=7749.35;SEP26=7753.15;DEC26=7883.5;NOV26=7810.75;OCT26=7815.375;DEC28=8379.75;DEC29=8684.75;DEC30=7840.337;JAN27=7882.5;MAR27=7955;SEP27=8104.25;JUN27=8026.625;JUN28=8918.5;DEC27=8108.25;MAR28=8197;FEB27=7881.125;APR27=7962.25;MAY27=7967.125;JUL27=8047.375;AUG27=8053.25,NONE,WEIGHTED_ATM,2026-08-14,6,441,0.0,NONE,12064,11562,501,0,0,RTM,MDW;MMW;MRW;MTW,OK,NONE,NONE,2026-08-05
SPX,8130.0,2005453.6481168508,3.339504830999651,0.0,0.0,0.0,0.0,0.0,0.0,7812.103346347588,7686.596653652413,7874.856692695175,7623.843307304825,SEP26,AUG26,2026-08-06,2026-09-18,7749.35,7599.305665762463,FOUND,WARN,UNKNOWN_SERIES;ESTIMATED_EXPIRY_ALIAS,2026-08-02.2,PUT_CALL_PARITY,AUG26,AUG26=PUT_CALL_PARITY;SEP26=PUT_CALL_PARITY;DEC26=PUT_CALL_PARITY;NOV26=PUT_CALL_PARITY;OCT26=PUT_CALL_PARITY;DEC28=PUT_CALL_PARITY;DEC29=PUT_CALL_PARITY;DEC30=PUT_CALL_PARITY;JAN27=PUT_CALL_PARITY;MAR27=PUT_CALL_PARITY;SEP27=PUT_CALL_PARITY;JUN27=PUT_CALL_PARITY;JUN28=SERIES_FORWARD_CLUSTER;DEC27=PUT_CALL_PARITY;MAR28=PUT_CALL_PARITY;FEB27=PUT_CALL_PARITY;APR27=PUT_CALL_PARITY;MAY27=PUT_CALL_PARITY;JUL27=PUT_CALL_PARITY;AUG27=PUT_CALL_PARITY,AUG26=7749.35;SEP26=7753.15;DEC26=7883.5;NOV26=7810.75;OCT26=7815.375;DEC28=8379.75;DEC29=8684.75;DEC30=7840.337;JAN27=7882.5;MAR27=7955;SEP27=8104.25;JUN27=8026.625;JUN28=8918.5;DEC27=8108.25;MAR28=8197;FEB27=7881.125;APR27=7962.25;MAY27=7967.125;JUL27=8047.375;AUG27=8053.25,NONE,WEIGHTED_ATM,2026-08-14,6,441,0.0,NONE,12064,11562,501,0,0,RTM,MDW;MMW;MRW;MTW,OK,NONE,NONE,2026-08-05
SPX,8135.0,458902.91187677695,0.7641704871171424,0.0,0.0,0.0,0.0,0.0,0.0,7812.103346347588,7686.596653652413,7874.856692695175,7623.843307304825,SEP26,AUG26,2026-08-06,2026-09-18,7749.35,7599.305665762463,FOUND,WARN,UNKNOWN_SERIES;ESTIMATED_EXPIRY_ALIAS,2026-08-02.2,PUT_CALL_PARITY,AUG26,AUG26=PUT_CALL_PARITY;SEP26=PUT_CALL_PARITY;DEC26=PUT_CALL_PARITY;NOV26=PUT_CALL_PARITY;OCT26=PUT_CALL_PARITY;DEC28=PUT_CALL_PARITY;DEC29=PUT_CALL_PARITY;DEC30=PUT_CALL_PARITY;JAN27=PUT_CALL_PARITY;MAR27=PUT_CALL_PARITY;SEP27=PUT_CALL_PARITY;JUN27=PUT_CALL_PARITY;JUN28=SERIES_FORWARD_CLUSTER;DEC27=PUT_CALL_PARITY;MAR28=PUT_CALL_PARITY;FEB27=PUT_CALL_PARITY;APR27=PUT_CALL_PARITY;MAY27=PUT_CALL_PARITY;JUL27=PUT_CALL_PARITY;AUG27=PUT_CALL_PARITY,AUG26=7749.35;SEP26=7753.15;DEC26=7883.5;NOV26=7810.75;OCT26=7815.375;DEC28=8379.75;DEC29=8684.75;DEC30=7840.337;JAN27=7882.5;MAR27=7955;SEP27=8104.25;JUN27=8026.625;JUN28=8918.5;DEC27=8108.25;MAR28=8197;FEB27=7881.125;APR27=7962.25;MAY27=7967.125;JUL27=8047.375;AUG27=8053.25,NONE,WEIGHTED_ATM,2026-08-14,6,441,0.0,NONE,12064,11562,501,0,0,RTM,MDW;MMW;MRW;MTW,OK,NONE,NONE,2026-08-05
SPX,8140.0,3745640.70344899,6.237284634378149,0.0,0.0,0.0,0.0,0.0,0.0,7812.103346347588,7686.596653652413,7874.856692695175,7623.843307304825,SEP26,AUG26,2026-08-06,2026-09-18,7749.35,7599.305665762463,FOUND,WARN,UNKNOWN_SERIES;ESTIMATED_EXPIRY_ALIAS,2026-08-02.2,PUT_CALL_PARITY,AUG26,AUG26=PUT_CALL_PARITY;SEP26=PUT_CALL_PARITY;DEC26=PUT_CALL_PARITY;NOV26=PUT_CALL_PARITY;OCT26=PUT_CALL_PARITY;DEC28=PUT_CALL_PARITY;DEC29=PUT_CALL_PARITY;DEC30=PUT_CALL_PARITY;JAN27=PUT_CALL_PARITY;MAR27=PUT_CALL_PARITY;SEP27=PUT_CALL_PARITY;JUN27=PUT_CALL_PARITY;JUN28=SERIES_FORWARD_CLUSTER;DEC27=PUT_CALL_PARITY;MAR28=PUT_CALL_PARITY;FEB27=PUT_CALL_PARITY;APR27=PUT_CALL_PARITY;MAY27=PUT_CALL_PARITY;JUL27=PUT_CALL_PARITY;AUG27=PUT_CALL_PARITY,AUG26=7749.35;SEP26=7753.15;DEC26=7883.5;NOV26=7810.75;OCT26=7815.375;DEC28=8379.75;DEC29=8684.75;DEC30=7840.337;JAN27=7882.5;MAR27=7955;SEP27=8104.25;JUN27=8026.625;JUN28=8918.5;DEC27=8108.25;MAR28=8197;FEB27=7881.125;APR27=7962.25;MAY27=7967.125;JUL27=8047.375;AUG27=8053.25,NONE,WEIGHTED_ATM,2026-08-14,6,441,0.0,NONE,12064,11562,501,0,0,RTM,MDW;MMW;MRW;MTW,OK,NONE,NONE,2026-08-05
SPX,8145.0,331424.8183755517,0.551892477354255,0.0,0.0,0.0,0.0,0.0,0.0,7812.103346347588,7686.596653652413,7874.856692695175,7623.843307304825,SEP26,AUG26,2026-08-06,2026-09-18,7749.35,7599.305665762463,FOUND,WARN,UNKNOWN_SERIES;ESTIMATED_EXPIRY_ALIAS,2026-08-02.2,PUT_CALL_PARITY,AUG26,AUG26=PUT_CALL_PARITY;SEP26=PUT_CALL_PARITY;DEC26=PUT_CALL_PARITY;NOV26=PUT_CALL_PARITY;OCT26=PUT_CALL_PARITY;DEC28=PUT_CALL_PARITY;DEC29=PUT_CALL_PARITY;DEC30=PUT_CALL_PARITY;JAN27=PUT_CALL_PARITY;MAR27=PUT_CALL_PARITY;SEP27=PUT_CALL_PARITY;JUN27=PUT_CALL_PARITY;JUN28=SERIES_FORWARD_CLUSTER;DEC27=PUT_CALL_PARITY;MAR28=PUT_CALL_PARITY;FEB27=PUT_CALL_PARITY;APR27=PUT_CALL_PARITY;MAY27=PUT_CALL_PARITY;JUL27=PUT_CALL_PARITY;AUG27=PUT_CALL_PARITY,AUG26=7749.35;SEP26=7753.15;DEC26=7883.5;NOV26=7810.75;OCT26=7815.375;DEC28=8379.75;DEC29=8684.75;DEC30=7840.337;JAN27=7882.5;MAR27=7955;SEP27=8104.25;JUN27=8026.625;JUN28=8918.5;DEC27=8108.25;MAR28=8197;FEB27=7881.125;APR27=7962.25;MAY27=7967.125;JUL27=8047.375;AUG27=8053.25,NONE,WEIGHTED_ATM,2026-08-14,6,441,0.0,NONE,12064,11562,501,0,0,RTM,MDW;MMW;MRW;MTW,OK,NONE,NONE,2026-08-05
SPX,8150.0,297447644.5701294,525.6333108499832,0.0,0.0,0.0,0.0,0.0,0.0,7812.103346347588,7686.596653652413,7874.856692695175,7623.843307304825,SEP26,AUG26,2026-08-06,2026-09-18,7749.35,7599.305665762463,FOUND,WARN,UNKNOWN_SERIES;ESTIMATED_EXPIRY_ALIAS,2026-08-02.2,PUT_CALL_PARITY,AUG26,AUG26=PUT_CALL_PARITY;SEP26=PUT_CALL_PARITY;DEC26=PUT_CALL_PARITY;NOV26=PUT_CALL_PARITY;OCT26=PUT_CALL_PARITY;DEC28=PUT_CALL_PARITY;DEC29=PUT_CALL_PARITY;DEC30=PUT_CALL_PARITY;JAN27=PUT_CALL_PARITY;MAR27=PUT_CALL_PARITY;SEP27=PUT_CALL_PARITY;JUN27=PUT_CALL_PARITY;JUN28=SERIES_FORWARD_CLUSTER;DEC27=PUT_CALL_PARITY;MAR28=PUT_CALL_PARITY;FEB27=PUT_CALL_PARITY;APR27=PUT_CALL_PARITY;MAY27=PUT_CALL_PARITY;JUL27=PUT_CALL_PARITY;AUG27=PUT_CALL_PARITY,AUG26=7749.35;SEP26=7753.15;DEC26=7883.5;NOV26=7810.75;OCT26=7815.375;DEC28=8379.75;DEC29=8684.75;DEC30=7840.337;JAN27=7882.5;MAR27=7955;SEP27=8104.25;JUN27=8026.625;JUN28=8918.5;DEC27=8108.25;MAR28=8197;FEB27=7881.125;APR27=7962.25;MAY27=7967.125;JUL27=8047.375;AUG27=8053.25,NONE,WEIGHTED_ATM,2026-08-14,6,441,0.0,NONE,12064,11562,501,0,0,RTM,MDW;MMW;MRW;MTW,OK,NONE,NONE,2026-08-05
SPX,8175.0,43249835.73410037,71.90626796474514,0.0,0.0,0.0,0.0,0.0,0.0,7812.103346347588,7686.596653652413,7874.856692695175,7623.843307304825,SEP26,AUG26,2026-08-06,2026-09-18,7749.35,7599.305665762463,FOUND,WARN,UNKNOWN_SERIES;ESTIMATED_EXPIRY_ALIAS,2026-08-02.2,PUT_CALL_PARITY,AUG26,AUG26=PUT_CALL_PARITY;SEP26=PUT_CALL_PARITY;DEC26=PUT_CALL_PARITY;NOV26=PUT_CALL_PARITY;OCT26=PUT_CALL_PARITY;DEC28=PUT_CALL_PARITY;DEC29=PUT_CALL_PARITY;DEC30=PUT_CALL_PARITY;JAN27=PUT_CALL_PARITY;MAR27=PUT_CALL_PARITY;SEP27=PUT_CALL_PARITY;JUN27=PUT_CALL_PARITY;JUN28=SERIES_FORWARD_CLUSTER;DEC27=PUT_CALL_PARITY;MAR28=PUT_CALL_PARITY;FEB27=PUT_CALL_PARITY;APR27=PUT_CALL_PARITY;MAY27=PUT_CALL_PARITY;JUL27=PUT_CALL_PARITY;AUG27=PUT_CALL_PARITY,AUG26=7749.35;SEP26=7753.15;DEC26=7883.5;NOV26=7810.75;OCT26=7815.375;DEC28=8379.75;DEC29=8684.75;DEC30=7840.337;JAN27=7882.5;MAR27=7955;SEP27=8104.25;JUN27=8026.625;JUN28=8918.5;DEC27=8108.25;MAR28=8197;FEB27=7881.125;APR27=7962.25;MAY27=7967.125;JUL27=8047.375;AUG27=8053.25,NONE,WEIGHTED_ATM,2026-08-14,6,441,0.0,NONE,12064,11562,501,0,0,RTM,MDW;MMW;MRW;MTW,OK,NONE,NONE,2026-08-05
SPX,8200.0,312373932.5842424,555.0323359354311,0.0,0.0,0.0,0.0,0.0,0.0,7812.103346347588,7686.596653652413,7874.856692695175,7623.843307304825,SEP26,AUG26,2026-08-06,2026-09-18,7749.35,7599.305665762463,FOUND,WARN,UNKNOWN_SERIES;ESTIMATED_EXPIRY_ALIAS,2026-08-02.2,PUT_CALL_PARITY,AUG26,AUG26=PUT_CALL_PARITY;SEP26=PUT_CALL_PARITY;DEC26=PUT_CALL_PARITY;NOV26=PUT_CALL_PARITY;OCT26=PUT_CALL_PARITY;DEC28=PUT_CALL_PARITY;DEC29=PUT_CALL_PARITY;DEC30=PUT_CALL_PARITY;JAN27=PUT_CALL_PARITY;MAR27=PUT_CALL_PARITY;SEP27=PUT_CALL_PARITY;JUN27=PUT_CALL_PARITY;JUN28=SERIES_FORWARD_CLUSTER;DEC27=PUT_CALL_PARITY;MAR28=PUT_CALL_PARITY;FEB27=PUT_CALL_PARITY;APR27=PUT_CALL_PARITY;MAY27=PUT_CALL_PARITY;JUL27=PUT_CALL_PARITY;AUG27=PUT_CALL_PARITY,AUG26=7749.35;SEP26=7753.15;DEC26=7883.5;NOV26=7810.75;OCT26=7815.375;DEC28=8379.75;DEC29=8684.75;DEC30=7840.337;JAN27=7882.5;MAR27=7955;SEP27=8104.25;JUN27=8026.625;JUN28=8918.5;DEC27=8108.25;MAR28=8197;FEB27=7881.125;APR27=7962.25;MAY27=7967.125;JUL27=8047.375;AUG27=8053.25,NONE,WEIGHTED_ATM,2026-08-14,6,441,0.0,NONE,12064,11562,501,0,0,RTM,MDW;MMW;MRW;MTW,OK,NONE,NONE,2026-08-05
SPX,8225.0,32516938.16183363,53.991943641964916,0.0,0.0,0.0,0.0,0.0,0.0,7812.103346347588,7686.596653652413,7874.856692695175,7623.843307304825,SEP26,AUG26,2026-08-06,2026-09-18,7749.35,7599.305665762463,FOUND,WARN,UNKNOWN_SERIES;ESTIMATED_EXPIRY_ALIAS,2026-08-02.2,PUT_CALL_PARITY,AUG26,AUG26=PUT_CALL_PARITY;SEP26=PUT_CALL_PARITY;DEC26=PUT_CALL_PARITY;NOV26=PUT_CALL_PARITY;OCT26=PUT_CALL_PARITY;DEC28=PUT_CALL_PARITY;DEC29=PUT_CALL_PARITY;DEC30=PUT_CALL_PARITY;JAN27=PUT_CALL_PARITY;MAR27=PUT_CALL_PARITY;SEP27=PUT_CALL_PARITY;JUN27=PUT_CALL_PARITY;JUN28=SERIES_FORWARD_CLUSTER;DEC27=PUT_CALL_PARITY;MAR28=PUT_CALL_PARITY;FEB27=PUT_CALL_PARITY;APR27=PUT_CALL_PARITY;MAY27=PUT_CALL_PARITY;JUL27=PUT_CALL_PARITY;AUG27=PUT_CALL_PARITY,AUG26=7749.35;SEP26=7753.15;DEC26=7883.5;NOV26=7810.75;OCT26=7815.375;DEC28=8379.75;DEC29=8684.75;DEC30=7840.337;JAN27=7882.5;MAR27=7955;SEP27=8104.25;JUN27=8026.625;JUN28=8918.5;DEC27=8108.25;MAR28=8197;FEB27=7881.125;APR27=7962.25;MAY27=7967.125;JUL27=8047.375;AUG27=8053.25,NONE,WEIGHTED_ATM,2026-08-14,6,441,0.0,NONE,12064,11562,501,0,0,RTM,MDW;MMW;MRW;MTW,OK,NONE,NONE,2026-08-05
SPX,8250.0,152976235.2318147,452.0528250195956,0.0,0.0,0.0,0.0,0.0,0.0,7812.103346347588,7686.596653652413,7874.856692695175,7623.843307304825,SEP26,AUG26,2026-08-06,2026-09-18,7749.35,7599.305665762463,FOUND,WARN,UNKNOWN_SERIES;ESTIMATED_EXPIRY_ALIAS,2026-08-02.2,PUT_CALL_PARITY,AUG26,AUG26=PUT_CALL_PARITY;SEP26=PUT_CALL_PARITY;DEC26=PUT_CALL_PARITY;NOV26=PUT_CALL_PARITY;OCT26=PUT_CALL_PARITY;DEC28=PUT_CALL_PARITY;DEC29=PUT_CALL_PARITY;DEC30=PUT_CALL_PARITY;JAN27=PUT_CALL_PARITY;MAR27=PUT_CALL_PARITY;SEP27=PUT_CALL_PARITY;JUN27=PUT_CALL_PARITY;JUN28=SERIES_FORWARD_CLUSTER;DEC27=PUT_CALL_PARITY;MAR28=PUT_CALL_PARITY;FEB27=PUT_CALL_PARITY;APR27=PUT_CALL_PARITY;MAY27=PUT_CALL_PARITY;JUL27=PUT_CALL_PARITY;AUG27=PUT_CALL_PARITY,AUG26=7749.35;SEP26=7753.15;DEC26=7883.5;NOV26=7810.75;OCT26=7815.375;DEC28=8379.75;DEC29=8684.75;DEC30=7840.337;JAN27=7882.5;MAR27=7955;SEP27=8104.25;JUN27=8026.625;JUN28=8918.5;DEC27=8108.25;MAR28=8197;FEB27=7881.125;APR27=7962.25;MAY27=7967.125;JUL27=8047.375;AUG27=8053.25,NONE,WEIGHTED_ATM,2026-08-14,6,441,0.0,NONE,12064,11562,501,0,0,RTM,MDW;MMW;MRW;MTW,OK,NONE,NONE,2026-08-05
SPX,8275.0,35592513.930894695,59.08607912646441,0.0,0.0,0.0,0.0,0.0,0.0,7812.103346347588,7686.596653652413,7874.856692695175,7623.843307304825,SEP26,AUG26,2026-08-06,2026-09-18,7749.35,7599.305665762463,FOUND,WARN,UNKNOWN_SERIES;ESTIMATED_EXPIRY_ALIAS,2026-08-02.2,PUT_CALL_PARITY,AUG26,AUG26=PUT_CALL_PARITY;SEP26=PUT_CALL_PARITY;DEC26=PUT_CALL_PARITY;NOV26=PUT_CALL_PARITY;OCT26=PUT_CALL_PARITY;DEC28=PUT_CALL_PARITY;DEC29=PUT_CALL_PARITY;DEC30=PUT_CALL_PARITY;JAN27=PUT_CALL_PARITY;MAR27=PUT_CALL_PARITY;SEP27=PUT_CALL_PARITY;JUN27=PUT_CALL_PARITY;JUN28=SERIES_FORWARD_CLUSTER;DEC27=PUT_CALL_PARITY;MAR28=PUT_CALL_PARITY;FEB27=PUT_CALL_PARITY;APR27=PUT_CALL_PARITY;MAY27=PUT_CALL_PARITY;JUL27=PUT_CALL_PARITY;AUG27=PUT_CALL_PARITY,AUG26=7749.35;SEP26=7753.15;DEC26=7883.5;NOV26=7810.75;OCT26=7815.375;DEC28=8379.75;DEC29=8684.75;DEC30=7840.337;JAN27=7882.5;MAR27=7955;SEP27=8104.25;JUN27=8026.625;JUN28=8918.5;DEC27=8108.25;MAR28=8197;FEB27=7881.125;APR27=7962.25;MAY27=7967.125;JUL27=8047.375;AUG27=8053.25,NONE,WEIGHTED_ATM,2026-08-14,6,441,0.0,NONE,12064,11562,501,0,0,RTM,MDW;MMW;MRW;MTW,OK,NONE,NONE,2026-08-05
SPX,8300.0,326766956.39916563,605.482661295817,0.0,0.0,0.0,0.0,0.0,0.0,7812.103346347588,7686.596653652413,7874.856692695175,7623.843307304825,SEP26,AUG26,2026-08-06,2026-09-18,7749.35,7599.305665762463,FOUND,WARN,UNKNOWN_SERIES;ESTIMATED_EXPIRY_ALIAS,2026-08-02.2,PUT_CALL_PARITY,AUG26,AUG26=PUT_CALL_PARITY;SEP26=PUT_CALL_PARITY;DEC26=PUT_CALL_PARITY;NOV26=PUT_CALL_PARITY;OCT26=PUT_CALL_PARITY;DEC28=PUT_CALL_PARITY;DEC29=PUT_CALL_PARITY;DEC30=PUT_CALL_PARITY;JAN27=PUT_CALL_PARITY;MAR27=PUT_CALL_PARITY;SEP27=PUT_CALL_PARITY;JUN27=PUT_CALL_PARITY;JUN28=SERIES_FORWARD_CLUSTER;DEC27=PUT_CALL_PARITY;MAR28=PUT_CALL_PARITY;FEB27=PUT_CALL_PARITY;APR27=PUT_CALL_PARITY;MAY27=PUT_CALL_PARITY;JUL27=PUT_CALL_PARITY;AUG27=PUT_CALL_PARITY,AUG26=7749.35;SEP26=7753.15;DEC26=7883.5;NOV26=7810.75;OCT26=7815.375;DEC28=8379.75;DEC29=8684.75;DEC30=7840.337;JAN27=7882.5;MAR27=7955;SEP27=8104.25;JUN27=8026.625;JUN28=8918.5;DEC27=8108.25;MAR28=8197;FEB27=7881.125;APR27=7962.25;MAY27=7967.125;JUL27=8047.375;AUG27=8053.25,NONE,WEIGHTED_ATM,2026-08-14,6,441,0.0,NONE,12064,11562,501,0,0,RTM,MDW;MMW;MRW;MTW,OK,NONE,NONE,2026-08-05
SPX,8325.0,15912202.591668248,26.416473999567998,0.0,0.0,0.0,0.0,0.0,0.0,7812.103346347588,7686.596653652413,7874.856692695175,7623.843307304825,SEP26,AUG26,2026-08-06,2026-09-18,7749.35,7599.305665762463,FOUND,WARN,UNKNOWN_SERIES;ESTIMATED_EXPIRY_ALIAS,2026-08-02.2,PUT_CALL_PARITY,AUG26,AUG26=PUT_CALL_PARITY;SEP26=PUT_CALL_PARITY;DEC26=PUT_CALL_PARITY;NOV26=PUT_CALL_PARITY;OCT26=PUT_CALL_PARITY;DEC28=PUT_CALL_PARITY;DEC29=PUT_CALL_PARITY;DEC30=PUT_CALL_PARITY;JAN27=PUT_CALL_PARITY;MAR27=PUT_CALL_PARITY;SEP27=PUT_CALL_PARITY;JUN27=PUT_CALL_PARITY;JUN28=SERIES_FORWARD_CLUSTER;DEC27=PUT_CALL_PARITY;MAR28=PUT_CALL_PARITY;FEB27=PUT_CALL_PARITY;APR27=PUT_CALL_PARITY;MAY27=PUT_CALL_PARITY;JUL27=PUT_CALL_PARITY;AUG27=PUT_CALL_PARITY,AUG26=7749.35;SEP26=7753.15;DEC26=7883.5;NOV26=7810.75;OCT26=7815.375;DEC28=8379.75;DEC29=8684.75;DEC30=7840.337;JAN27=7882.5;MAR27=7955;SEP27=8104.25;JUN27=8026.625;JUN28=8918.5;DEC27=8108.25;MAR28=8197;FEB27=7881.125;APR27=7962.25;MAY27=7967.125;JUL27=8047.375;AUG27=8053.25,NONE,WEIGHTED_ATM,2026-08-14,6,441,0.0,NONE,12064,11562,501,0,0,RTM,MDW;MMW;MRW;MTW,OK,NONE,NONE,2026-08-05
SPX,8350.0,158982146.2358678,268.87416931271656,0.0,0.0,0.0,0.0,0.0,0.0,7812.103346347588,7686.596653652413,7874.856692695175,7623.843307304825,SEP26,AUG26,2026-08-06,2026-09-18,7749.35,7599.305665762463,FOUND,WARN,UNKNOWN_SERIES;ESTIMATED_EXPIRY_ALIAS,2026-08-02.2,PUT_CALL_PARITY,AUG26,AUG26=PUT_CALL_PARITY;SEP26=PUT_CALL_PARITY;DEC26=PUT_CALL_PARITY;NOV26=PUT_CALL_PARITY;OCT26=PUT_CALL_PARITY;DEC28=PUT_CALL_PARITY;DEC29=PUT_CALL_PARITY;DEC30=PUT_CALL_PARITY;JAN27=PUT_CALL_PARITY;MAR27=PUT_CALL_PARITY;SEP27=PUT_CALL_PARITY;JUN27=PUT_CALL_PARITY;JUN28=SERIES_FORWARD_CLUSTER;DEC27=PUT_CALL_PARITY;MAR28=PUT_CALL_PARITY;FEB27=PUT_CALL_PARITY;APR27=PUT_CALL_PARITY;MAY27=PUT_CALL_PARITY;JUL27=PUT_CALL_PARITY;AUG27=PUT_CALL_PARITY,AUG26=7749.35;SEP26=7753.15;DEC26=7883.5;NOV26=7810.75;OCT26=7815.375;DEC28=8379.75;DEC29=8684.75;DEC30=7840.337;JAN27=7882.5;MAR27=7955;SEP27=8104.25;JUN27=8026.625;JUN28=8918.5;DEC27=8108.25;MAR28=8197;FEB27=7881.125;APR27=7962.25;MAY27=7967.125;JUL27=8047.375;AUG27=8053.25,NONE,WEIGHTED_ATM,2026-08-14,6,441,0.0,NONE,12064,11562,501,0,0,RTM,MDW;MMW;MRW;MTW,OK,NONE,NONE,2026-08-05
SPX,8375.0,14544360.668340268,24.116405843632702,0.0,0.0,0.0,0.0,0.0,0.0,7812.103346347588,7686.596653652413,7874.856692695175,7623.843307304825,SEP26,AUG26,2026-08-06,2026-09-18,7749.35,7599.305665762463,FOUND,WARN,UNKNOWN_SERIES;ESTIMATED_EXPIRY_ALIAS,2026-08-02.2,PUT_CALL_PARITY,AUG26,AUG26=PUT_CALL_PARITY;SEP26=PUT_CALL_PARITY;DEC26=PUT_CALL_PARITY;NOV26=PUT_CALL_PARITY;OCT26=PUT_CALL_PARITY;DEC28=PUT_CALL_PARITY;DEC29=PUT_CALL_PARITY;DEC30=PUT_CALL_PARITY;JAN27=PUT_CALL_PARITY;MAR27=PUT_CALL_PARITY;SEP27=PUT_CALL_PARITY;JUN27=PUT_CALL_PARITY;JUN28=SERIES_FORWARD_CLUSTER;DEC27=PUT_CALL_PARITY;MAR28=PUT_CALL_PARITY;FEB27=PUT_CALL_PARITY;APR27=PUT_CALL_PARITY;MAY27=PUT_CALL_PARITY;JUL27=PUT_CALL_PARITY;AUG27=PUT_CALL_PARITY,AUG26=7749.35;SEP26=7753.15;DEC26=7883.5;NOV26=7810.75;OCT26=7815.375;DEC28=8379.75;DEC29=8684.75;DEC30=7840.337;JAN27=7882.5;MAR27=7955;SEP27=8104.25;JUN27=8026.625;JUN28=8918.5;DEC27=8108.25;MAR28=8197;FEB27=7881.125;APR27=7962.25;MAY27=7967.125;JUL27=8047.375;AUG27=8053.25,NONE,WEIGHTED_ATM,2026-08-14,6,441,0.0,NONE,12064,11562,501,0,0,RTM,MDW;MMW;MRW;MTW,OK,NONE,NONE,2026-08-05
SPX,8400.0,225076180.49425727,373.27311991311615,0.0,0.0,0.0,0.0,0.0,0.0,7812.103346347588,7686.596653652413,7874.856692695175,7623.843307304825,SEP26,AUG26,2026-08-06,2026-09-18,7749.35,7599.305665762463,FOUND,WARN,UNKNOWN_SERIES;ESTIMATED_EXPIRY_ALIAS,2026-08-02.2,PUT_CALL_PARITY,AUG26,AUG26=PUT_CALL_PARITY;SEP26=PUT_CALL_PARITY;DEC26=PUT_CALL_PARITY;NOV26=PUT_CALL_PARITY;OCT26=PUT_CALL_PARITY;DEC28=PUT_CALL_PARITY;DEC29=PUT_CALL_PARITY;DEC30=PUT_CALL_PARITY;JAN27=PUT_CALL_PARITY;MAR27=PUT_CALL_PARITY;SEP27=PUT_CALL_PARITY;JUN27=PUT_CALL_PARITY;JUN28=SERIES_FORWARD_CLUSTER;DEC27=PUT_CALL_PARITY;MAR28=PUT_CALL_PARITY;FEB27=PUT_CALL_PARITY;APR27=PUT_CALL_PARITY;MAY27=PUT_CALL_PARITY;JUL27=PUT_CALL_PARITY;AUG27=PUT_CALL_PARITY,AUG26=7749.35;SEP26=7753.15;DEC26=7883.5;NOV26=7810.75;OCT26=7815.375;DEC28=8379.75;DEC29=8684.75;DEC30=7840.337;JAN27=7882.5;MAR27=7955;SEP27=8104.25;JUN27=8026.625;JUN28=8918.5;DEC27=8108.25;MAR28=8197;FEB27=7881.125;APR27=7962.25;MAY27=7967.125;JUL27=8047.375;AUG27=8053.25,NONE,WEIGHTED_ATM,2026-08-14,6,441,0.0,NONE,12064,11562,501,0,0,RTM,MDW;MMW;MRW;MTW,OK,NONE,NONE,2026-08-05
SPX,8425.0,15383554.852875657,25.553296437096932,0.0,0.0,0.0,0.0,0.0,0.0,7812.103346347588,7686.596653652413,7874.856692695175,7623.843307304825,SEP26,AUG26,2026-08-06,2026-09-18,7749.35,7599.305665762463,FOUND,WARN,UNKNOWN_SERIES;ESTIMATED_EXPIRY_ALIAS,2026-08-02.2,PUT_CALL_PARITY,AUG26,AUG26=PUT_CALL_PARITY;SEP26=PUT_CALL_PARITY;DEC26=PUT_CALL_PARITY;NOV26=PUT_CALL_PARITY;OCT26=PUT_CALL_PARITY;DEC28=PUT_CALL_PARITY;DEC29=PUT_CALL_PARITY;DEC30=PUT_CALL_PARITY;JAN27=PUT_CALL_PARITY;MAR27=PUT_CALL_PARITY;SEP27=PUT_CALL_PARITY;JUN27=PUT_CALL_PARITY;JUN28=SERIES_FORWARD_CLUSTER;DEC27=PUT_CALL_PARITY;MAR28=PUT_CALL_PARITY;FEB27=PUT_CALL_PARITY;APR27=PUT_CALL_PARITY;MAY27=PUT_CALL_PARITY;JUL27=PUT_CALL_PARITY;AUG27=PUT_CALL_PARITY,AUG26=7749.35;SEP26=7753.15;DEC26=7883.5;NOV26=7810.75;OCT26=7815.375;DEC28=8379.75;DEC29=8684.75;DEC30=7840.337;JAN27=7882.5;MAR27=7955;SEP27=8104.25;JUN27=8026.625;JUN28=8918.5;DEC27=8108.25;MAR28=8197;FEB27=7881.125;APR27=7962.25;MAY27=7967.125;JUL27=8047.375;AUG27=8053.25,NONE,WEIGHTED_ATM,2026-08-14,6,441,0.0,NONE,12064,11562,501,0,0,RTM,MDW;MMW;MRW;MTW,OK,NONE,NONE,2026-08-05
SPX,8450.0,102907601.3099818,170.15179805989948,0.0,0.0,0.0,0.0,0.0,0.0,7812.103346347588,7686.596653652413,7874.856692695175,7623.843307304825,SEP26,AUG26,2026-08-06,2026-09-18,7749.35,7599.305665762463,FOUND,WARN,UNKNOWN_SERIES;ESTIMATED_EXPIRY_ALIAS,2026-08-02.2,PUT_CALL_PARITY,AUG26,AUG26=PUT_CALL_PARITY;SEP26=PUT_CALL_PARITY;DEC26=PUT_CALL_PARITY;NOV26=PUT_CALL_PARITY;OCT26=PUT_CALL_PARITY;DEC28=PUT_CALL_PARITY;DEC29=PUT_CALL_PARITY;DEC30=PUT_CALL_PARITY;JAN27=PUT_CALL_PARITY;MAR27=PUT_CALL_PARITY;SEP27=PUT_CALL_PARITY;JUN27=PUT_CALL_PARITY;JUN28=SERIES_FORWARD_CLUSTER;DEC27=PUT_CALL_PARITY;MAR28=PUT_CALL_PARITY;FEB27=PUT_CALL_PARITY;APR27=PUT_CALL_PARITY;MAY27=PUT_CALL_PARITY;JUL27=PUT_CALL_PARITY;AUG27=PUT_CALL_PARITY,AUG26=7749.35;SEP26=7753.15;DEC26=7883.5;NOV26=7810.75;OCT26=7815.375;DEC28=8379.75;DEC29=8684.75;DEC30=7840.337;JAN27=7882.5;MAR27=7955;SEP27=8104.25;JUN27=8026.625;JUN28=8918.5;DEC27=8108.25;MAR28=8197;FEB27=7881.125;APR27=7962.25;MAY27=7967.125;JUL27=8047.375;AUG27=8053.25,NONE,WEIGHTED_ATM,2026-08-14,6,441,0.0,NONE,12064,11562,501,0,0,RTM,MDW;MMW;MRW;MTW,OK,NONE,NONE,2026-08-05
SPX,8475.0,354211.13887169975,0.5847183403171572,0.0,0.0,0.0,0.0,0.0,0.0,7812.103346347588,7686.596653652413,7874.856692695175,7623.843307304825,SEP26,AUG26,2026-08-06,2026-09-18,7749.35,7599.305665762463,FOUND,WARN,UNKNOWN_SERIES;ESTIMATED_EXPIRY_ALIAS,2026-08-02.2,PUT_CALL_PARITY,AUG26,AUG26=PUT_CALL_PARITY;SEP26=PUT_CALL_PARITY;DEC26=PUT_CALL_PARITY;NOV26=PUT_CALL_PARITY;OCT26=PUT_CALL_PARITY;DEC28=PUT_CALL_PARITY;DEC29=PUT_CALL_PARITY;DEC30=PUT_CALL_PARITY;JAN27=PUT_CALL_PARITY;MAR27=PUT_CALL_PARITY;SEP27=PUT_CALL_PARITY;JUN27=PUT_CALL_PARITY;JUN28=SERIES_FORWARD_CLUSTER;DEC27=PUT_CALL_PARITY;MAR28=PUT_CALL_PARITY;FEB27=PUT_CALL_PARITY;APR27=PUT_CALL_PARITY;MAY27=PUT_CALL_PARITY;JUL27=PUT_CALL_PARITY;AUG27=PUT_CALL_PARITY,AUG26=7749.35;SEP26=7753.15;DEC26=7883.5;NOV26=7810.75;OCT26=7815.375;DEC28=8379.75;DEC29=8684.75;DEC30=7840.337;JAN27=7882.5;MAR27=7955;SEP27=8104.25;JUN27=8026.625;JUN28=8918.5;DEC27=8108.25;MAR28=8197;FEB27=7881.125;APR27=7962.25;MAY27=7967.125;JUL27=8047.375;AUG27=8053.25,NONE,WEIGHTED_ATM,2026-08-14,6,441,0.0,NONE,12064,11562,501,0,0,RTM,MDW;MMW;MRW;MTW,OK,NONE,NONE,2026-08-05
SPX,8500.0,272899052.53544486,447.33528308488707,0.0,0.0,0.0,0.0,10542.0,0.0,7812.103346347588,7686.596653652413,7874.856692695175,7623.843307304825,SEP26,AUG26,2026-08-06,2026-09-18,7749.35,7599.305665762463,FOUND,WARN,UNKNOWN_SERIES;ESTIMATED_EXPIRY_ALIAS,2026-08-02.2,PUT_CALL_PARITY,AUG26,AUG26=PUT_CALL_PARITY;SEP26=PUT_CALL_PARITY;DEC26=PUT_CALL_PARITY;NOV26=PUT_CALL_PARITY;OCT26=PUT_CALL_PARITY;DEC28=PUT_CALL_PARITY;DEC29=PUT_CALL_PARITY;DEC30=PUT_CALL_PARITY;JAN27=PUT_CALL_PARITY;MAR27=PUT_CALL_PARITY;SEP27=PUT_CALL_PARITY;JUN27=PUT_CALL_PARITY;JUN28=SERIES_FORWARD_CLUSTER;DEC27=PUT_CALL_PARITY;MAR28=PUT_CALL_PARITY;FEB27=PUT_CALL_PARITY;APR27=PUT_CALL_PARITY;MAY27=PUT_CALL_PARITY;JUL27=PUT_CALL_PARITY;AUG27=PUT_CALL_PARITY,AUG26=7749.35;SEP26=7753.15;DEC26=7883.5;NOV26=7810.75;OCT26=7815.375;DEC28=8379.75;DEC29=8684.75;DEC30=7840.337;JAN27=7882.5;MAR27=7955;SEP27=8104.25;JUN27=8026.625;JUN28=8918.5;DEC27=8108.25;MAR28=8197;FEB27=7881.125;APR27=7962.25;MAY27=7967.125;JUL27=8047.375;AUG27=8053.25,NONE,WEIGHTED_ATM,2026-08-14,6,441,0.0,NONE,12064,11562,501,0,0,RTM,MDW;MMW;MRW;MTW,OK,NONE,NONE,2026-08-05
SPX,8525.0,1231640.457294066,2.0202952078310155,0.0,0.0,0.0,0.0,0.0,0.0,7812.103346347588,7686.596653652413,7874.856692695175,7623.843307304825,SEP26,AUG26,2026-08-06,2026-09-18,7749.35,7599.305665762463,FOUND,WARN,UNKNOWN_SERIES;ESTIMATED_EXPIRY_ALIAS,2026-08-02.2,PUT_CALL_PARITY,AUG26,AUG26=PUT_CALL_PARITY;SEP26=PUT_CALL_PARITY;DEC26=PUT_CALL_PARITY;NOV26=PUT_CALL_PARITY;OCT26=PUT_CALL_PARITY;DEC28=PUT_CALL_PARITY;DEC29=PUT_CALL_PARITY;DEC30=PUT_CALL_PARITY;JAN27=PUT_CALL_PARITY;MAR27=PUT_CALL_PARITY;SEP27=PUT_CALL_PARITY;JUN27=PUT_CALL_PARITY;JUN28=SERIES_FORWARD_CLUSTER;DEC27=PUT_CALL_PARITY;MAR28=PUT_CALL_PARITY;FEB27=PUT_CALL_PARITY;APR27=PUT_CALL_PARITY;MAY27=PUT_CALL_PARITY;JUL27=PUT_CALL_PARITY;AUG27=PUT_CALL_PARITY,AUG26=7749.35;SEP26=7753.15;DEC26=7883.5;NOV26=7810.75;OCT26=7815.375;DEC28=8379.75;DEC29=8684.75;DEC30=7840.337;JAN27=7882.5;MAR27=7955;SEP27=8104.25;JUN27=8026.625;JUN28=8918.5;DEC27=8108.25;MAR28=8197;FEB27=7881.125;APR27=7962.25;MAY27=7967.125;JUL27=8047.375;AUG27=8053.25,NONE,WEIGHTED_ATM,2026-08-14,6,441,0.0,NONE,12064,11562,501,0,0,RTM,MDW;MMW;MRW;MTW,OK,NONE,NONE,2026-08-05
SPX,8550.0,71749884.36248548,156.8311643737255,0.0,0.0,0.0,0.0,0.0,0.0,7812.103346347588,7686.596653652413,7874.856692695175,7623.843307304825,SEP26,AUG26,2026-08-06,2026-09-18,7749.35,7599.305665762463,FOUND,WARN,UNKNOWN_SERIES;ESTIMATED_EXPIRY_ALIAS,2026-08-02.2,PUT_CALL_PARITY,AUG26,AUG26=PUT_CALL_PARITY;SEP26=PUT_CALL_PARITY;DEC26=PUT_CALL_PARITY;NOV26=PUT_CALL_PARITY;OCT26=PUT_CALL_PARITY;DEC28=PUT_CALL_PARITY;DEC29=PUT_CALL_PARITY;DEC30=PUT_CALL_PARITY;JAN27=PUT_CALL_PARITY;MAR27=PUT_CALL_PARITY;SEP27=PUT_CALL_PARITY;JUN27=PUT_CALL_PARITY;JUN28=SERIES_FORWARD_CLUSTER;DEC27=PUT_CALL_PARITY;MAR28=PUT_CALL_PARITY;FEB27=PUT_CALL_PARITY;APR27=PUT_CALL_PARITY;MAY27=PUT_CALL_PARITY;JUL27=PUT_CALL_PARITY;AUG27=PUT_CALL_PARITY,AUG26=7749.35;SEP26=7753.15;DEC26=7883.5;NOV26=7810.75;OCT26=7815.375;DEC28=8379.75;DEC29=8684.75;DEC30=7840.337;JAN27=7882.5;MAR27=7955;SEP27=8104.25;JUN27=8026.625;JUN28=8918.5;DEC27=8108.25;MAR28=8197;FEB27=7881.125;APR27=7962.25;MAY27=7967.125;JUL27=8047.375;AUG27=8053.25,NONE,WEIGHTED_ATM,2026-08-14,6,441,0.0,NONE,12064,11562,501,0,0,RTM,MDW;MMW;MRW;MTW,OK,NONE,NONE,2026-08-05
SPX,8575.0,48536.17446016851,0.07946317257930104,0.0,0.0,0.0,0.0,0.0,0.0,7812.103346347588,7686.596653652413,7874.856692695175,7623.843307304825,SEP26,AUG26,2026-08-06,2026-09-18,7749.35,7599.305665762463,FOUND,WARN,UNKNOWN_SERIES;ESTIMATED_EXPIRY_ALIAS,2026-08-02.2,PUT_CALL_PARITY,AUG26,AUG26=PUT_CALL_PARITY;SEP26=PUT_CALL_PARITY;DEC26=PUT_CALL_PARITY;NOV26=PUT_CALL_PARITY;OCT26=PUT_CALL_PARITY;DEC28=PUT_CALL_PARITY;DEC29=PUT_CALL_PARITY;DEC30=PUT_CALL_PARITY;JAN27=PUT_CALL_PARITY;MAR27=PUT_CALL_PARITY;SEP27=PUT_CALL_PARITY;JUN27=PUT_CALL_PARITY;JUN28=SERIES_FORWARD_CLUSTER;DEC27=PUT_CALL_PARITY;MAR28=PUT_CALL_PARITY;FEB27=PUT_CALL_PARITY;APR27=PUT_CALL_PARITY;MAY27=PUT_CALL_PARITY;JUL27=PUT_CALL_PARITY;AUG27=PUT_CALL_PARITY,AUG26=7749.35;SEP26=7753.15;DEC26=7883.5;NOV26=7810.75;OCT26=7815.375;DEC28=8379.75;DEC29=8684.75;DEC30=7840.337;JAN27=7882.5;MAR27=7955;SEP27=8104.25;JUN27=8026.625;JUN28=8918.5;DEC27=8108.25;MAR28=8197;FEB27=7881.125;APR27=7962.25;MAY27=7967.125;JUL27=8047.375;AUG27=8053.25,NONE,WEIGHTED_ATM,2026-08-14,6,441,0.0,NONE,12064,11562,501,0,0,RTM,MDW;MMW;MRW;MTW,OK,NONE,NONE,2026-08-05
SPX,8600.0,100599925.84936357,163.30413086134084,0.0,0.0,0.0,0.0,0.0,0.0,7812.103346347588,7686.596653652413,7874.856692695175,7623.843307304825,SEP26,AUG26,2026-08-06,2026-09-18,7749.35,7599.305665762463,FOUND,WARN,UNKNOWN_SERIES;ESTIMATED_EXPIRY_ALIAS,2026-08-02.2,PUT_CALL_PARITY,AUG26,AUG26=PUT_CALL_PARITY;SEP26=PUT_CALL_PARITY;DEC26=PUT_CALL_PARITY;NOV26=PUT_CALL_PARITY;OCT26=PUT_CALL_PARITY;DEC28=PUT_CALL_PARITY;DEC29=PUT_CALL_PARITY;DEC30=PUT_CALL_PARITY;JAN27=PUT_CALL_PARITY;MAR27=PUT_CALL_PARITY;SEP27=PUT_CALL_PARITY;JUN27=PUT_CALL_PARITY;JUN28=SERIES_FORWARD_CLUSTER;DEC27=PUT_CALL_PARITY;MAR28=PUT_CALL_PARITY;FEB27=PUT_CALL_PARITY;APR27=PUT_CALL_PARITY;MAY27=PUT_CALL_PARITY;JUL27=PUT_CALL_PARITY;AUG27=PUT_CALL_PARITY,AUG26=7749.35;SEP26=7753.15;DEC26=7883.5;NOV26=7810.75;OCT26=7815.375;DEC28=8379.75;DEC29=8684.75;DEC30=7840.337;JAN27=7882.5;MAR27=7955;SEP27=8104.25;JUN27=8026.625;JUN28=8918.5;DEC27=8108.25;MAR28=8197;FEB27=7881.125;APR27=7962.25;MAY27=7967.125;JUL27=8047.375;AUG27=8053.25,NONE,WEIGHTED_ATM,2026-08-14,6,441,0.0,NONE,12064,11562,501,0,0,RTM,MDW;MMW;MRW;MTW,OK,NONE,NONE,2026-08-05
SPX,8650.0,54700880.43474247,91.03142229597064,0.0,0.0,0.0,0.0,0.0,0.0,7812.103346347588,7686.596653652413,7874.856692695175,7623.843307304825,SEP26,AUG26,2026-08-06,2026-09-18,7749.35,7599.305665762463,FOUND,WARN,UNKNOWN_SERIES;ESTIMATED_EXPIRY_ALIAS,2026-08-02.2,PUT_CALL_PARITY,AUG26,AUG26=PUT_CALL_PARITY;SEP26=PUT_CALL_PARITY;DEC26=PUT_CALL_PARITY;NOV26=PUT_CALL_PARITY;OCT26=PUT_CALL_PARITY;DEC28=PUT_CALL_PARITY;DEC29=PUT_CALL_PARITY;DEC30=PUT_CALL_PARITY;JAN27=PUT_CALL_PARITY;MAR27=PUT_CALL_PARITY;SEP27=PUT_CALL_PARITY;JUN27=PUT_CALL_PARITY;JUN28=SERIES_FORWARD_CLUSTER;DEC27=PUT_CALL_PARITY;MAR28=PUT_CALL_PARITY;FEB27=PUT_CALL_PARITY;APR27=PUT_CALL_PARITY;MAY27=PUT_CALL_PARITY;JUL27=PUT_CALL_PARITY;AUG27=PUT_CALL_PARITY,AUG26=7749.35;SEP26=7753.15;DEC26=7883.5;NOV26=7810.75;OCT26=7815.375;DEC28=8379.75;DEC29=8684.75;DEC30=7840.337;JAN27=7882.5;MAR27=7955;SEP27=8104.25;JUN27=8026.625;JUN28=8918.5;DEC27=8108.25;MAR28=8197;FEB27=7881.125;APR27=7962.25;MAY27=7967.125;JUL27=8047.375;AUG27=8053.25,NONE,WEIGHTED_ATM,2026-08-14,6,441,0.0,NONE,12064,11562,501,0,0,RTM,MDW;MMW;MRW;MTW,OK,NONE,NONE,2026-08-05
SPX,8700.0,76606149.90669923,123.8680995026526,0.0,0.0,0.0,0.0,0.0,0.0,7812.103346347588,7686.596653652413,7874.856692695175,7623.843307304825,SEP26,AUG26,2026-08-06,2026-09-18,7749.35,7599.305665762463,FOUND,WARN,UNKNOWN_SERIES;ESTIMATED_EXPIRY_ALIAS,2026-08-02.2,PUT_CALL_PARITY,AUG26,AUG26=PUT_CALL_PARITY;SEP26=PUT_CALL_PARITY;DEC26=PUT_CALL_PARITY;NOV26=PUT_CALL_PARITY;OCT26=PUT_CALL_PARITY;DEC28=PUT_CALL_PARITY;DEC29=PUT_CALL_PARITY;DEC30=PUT_CALL_PARITY;JAN27=PUT_CALL_PARITY;MAR27=PUT_CALL_PARITY;SEP27=PUT_CALL_PARITY;JUN27=PUT_CALL_PARITY;JUN28=SERIES_FORWARD_CLUSTER;DEC27=PUT_CALL_PARITY;MAR28=PUT_CALL_PARITY;FEB27=PUT_CALL_PARITY;APR27=PUT_CALL_PARITY;MAY27=PUT_CALL_PARITY;JUL27=PUT_CALL_PARITY;AUG27=PUT_CALL_PARITY,AUG26=7749.35;SEP26=7753.15;DEC26=7883.5;NOV26=7810.75;OCT26=7815.375;DEC28=8379.75;DEC29=8684.75;DEC30=7840.337;JAN27=7882.5;MAR27=7955;SEP27=8104.25;JUN27=8026.625;JUN28=8918.5;DEC27=8108.25;MAR28=8197;FEB27=7881.125;APR27=7962.25;MAY27=7967.125;JUL27=8047.375;AUG27=8053.25,NONE,WEIGHTED_ATM,2026-08-14,6,441,0.0,NONE,12064,11562,501,0,0,RTM,MDW;MMW;MRW;MTW,OK,NONE,NONE,2026-08-05
SPX,8750.0,33924028.88616067,60.631294362932294,0.0,0.0,0.0,0.0,0.0,0.0,7812.103346347588,7686.596653652413,7874.856692695175,7623.843307304825,SEP26,AUG26,2026-08-06,2026-09-18,7749.35,7599.305665762463,FOUND,WARN,UNKNOWN_SERIES;ESTIMATED_EXPIRY_ALIAS,2026-08-02.2,PUT_CALL_PARITY,AUG26,AUG26=PUT_CALL_PARITY;SEP26=PUT_CALL_PARITY;DEC26=PUT_CALL_PARITY;NOV26=PUT_CALL_PARITY;OCT26=PUT_CALL_PARITY;DEC28=PUT_CALL_PARITY;DEC29=PUT_CALL_PARITY;DEC30=PUT_CALL_PARITY;JAN27=PUT_CALL_PARITY;MAR27=PUT_CALL_PARITY;SEP27=PUT_CALL_PARITY;JUN27=PUT_CALL_PARITY;JUN28=SERIES_FORWARD_CLUSTER;DEC27=PUT_CALL_PARITY;MAR28=PUT_CALL_PARITY;FEB27=PUT_CALL_PARITY;APR27=PUT_CALL_PARITY;MAY27=PUT_CALL_PARITY;JUL27=PUT_CALL_PARITY;AUG27=PUT_CALL_PARITY,AUG26=7749.35;SEP26=7753.15;DEC26=7883.5;NOV26=7810.75;OCT26=7815.375;DEC28=8379.75;DEC29=8684.75;DEC30=7840.337;JAN27=7882.5;MAR27=7955;SEP27=8104.25;JUN27=8026.625;JUN28=8918.5;DEC27=8108.25;MAR28=8197;FEB27=7881.125;APR27=7962.25;MAY27=7967.125;JUL27=8047.375;AUG27=8053.25,NONE,WEIGHTED_ATM,2026-08-14,6,441,0.0,NONE,12064,11562,501,0,0,RTM,MDW;MMW;MRW;MTW,OK,NONE,NONE,2026-08-05
SPX,8800.0,69955295.83115374,113.4250587206192,0.0,0.0,0.0,0.0,0.0,0.0,7812.103346347588,7686.596653652413,7874.856692695175,7623.843307304825,SEP26,AUG26,2026-08-06,2026-09-18,7749.35,7599.305665762463,FOUND,WARN,UNKNOWN_SERIES;ESTIMATED_EXPIRY_ALIAS,2026-08-02.2,PUT_CALL_PARITY,AUG26,AUG26=PUT_CALL_PARITY;SEP26=PUT_CALL_PARITY;DEC26=PUT_CALL_PARITY;NOV26=PUT_CALL_PARITY;OCT26=PUT_CALL_PARITY;DEC28=PUT_CALL_PARITY;DEC29=PUT_CALL_PARITY;DEC30=PUT_CALL_PARITY;JAN27=PUT_CALL_PARITY;MAR27=PUT_CALL_PARITY;SEP27=PUT_CALL_PARITY;JUN27=PUT_CALL_PARITY;JUN28=SERIES_FORWARD_CLUSTER;DEC27=PUT_CALL_PARITY;MAR28=PUT_CALL_PARITY;FEB27=PUT_CALL_PARITY;APR27=PUT_CALL_PARITY;MAY27=PUT_CALL_PARITY;JUL27=PUT_CALL_PARITY;AUG27=PUT_CALL_PARITY,AUG26=7749.35;SEP26=7753.15;DEC26=7883.5;NOV26=7810.75;OCT26=7815.375;DEC28=8379.75;DEC29=8684.75;DEC30=7840.337;JAN27=7882.5;MAR27=7955;SEP27=8104.25;JUN27=8026.625;JUN28=8918.5;DEC27=8108.25;MAR28=8197;FEB27=7881.125;APR27=7962.25;MAY27=7967.125;JUL27=8047.375;AUG27=8053.25,NONE,WEIGHTED_ATM,2026-08-14,6,441,0.0,NONE,12064,11562,501,0,0,RTM,MDW;MMW;MRW;MTW,OK,NONE,NONE,2026-08-05
SPX,8850.0,19138178.14977915,30.328615025379882,0.0,0.0,0.0,0.0,0.0,0.0,7812.103346347588,7686.596653652413,7874.856692695175,7623.843307304825,SEP26,AUG26,2026-08-06,2026-09-18,7749.35,7599.305665762463,FOUND,WARN,UNKNOWN_SERIES;ESTIMATED_EXPIRY_ALIAS,2026-08-02.2,PUT_CALL_PARITY,AUG26,AUG26=PUT_CALL_PARITY;SEP26=PUT_CALL_PARITY;DEC26=PUT_CALL_PARITY;NOV26=PUT_CALL_PARITY;OCT26=PUT_CALL_PARITY;DEC28=PUT_CALL_PARITY;DEC29=PUT_CALL_PARITY;DEC30=PUT_CALL_PARITY;JAN27=PUT_CALL_PARITY;MAR27=PUT_CALL_PARITY;SEP27=PUT_CALL_PARITY;JUN27=PUT_CALL_PARITY;JUN28=SERIES_FORWARD_CLUSTER;DEC27=PUT_CALL_PARITY;MAR28=PUT_CALL_PARITY;FEB27=PUT_CALL_PARITY;APR27=PUT_CALL_PARITY;MAY27=PUT_CALL_PARITY;JUL27=PUT_CALL_PARITY;AUG27=PUT_CALL_PARITY,AUG26=7749.35;SEP26=7753.15;DEC26=7883.5;NOV26=7810.75;OCT26=7815.375;DEC28=8379.75;DEC29=8684.75;DEC30=7840.337;JAN27=7882.5;MAR27=7955;SEP27=8104.25;JUN27=8026.625;JUN28=8918.5;DEC27=8108.25;MAR28=8197;FEB27=7881.125;APR27=7962.25;MAY27=7967.125;JUL27=8047.375;AUG27=8053.25,NONE,WEIGHTED_ATM,2026-08-14,6,441,0.0,NONE,12064,11562,501,0,0,RTM,MDW;MMW;MRW;MTW,OK,NONE,NONE,2026-08-05
SPX,8900.0,91615355.88542083,147.52286743941445,0.0,0.0,0.0,0.0,0.0,0.0,7812.103346347588,7686.596653652413,7874.856692695175,7623.843307304825,SEP26,AUG26,2026-08-06,2026-09-18,7749.35,7599.305665762463,FOUND,WARN,UNKNOWN_SERIES;ESTIMATED_EXPIRY_ALIAS,2026-08-02.2,PUT_CALL_PARITY,AUG26,AUG26=PUT_CALL_PARITY;SEP26=PUT_CALL_PARITY;DEC26=PUT_CALL_PARITY;NOV26=PUT_CALL_PARITY;OCT26=PUT_CALL_PARITY;DEC28=PUT_CALL_PARITY;DEC29=PUT_CALL_PARITY;DEC30=PUT_CALL_PARITY;JAN27=PUT_CALL_PARITY;MAR27=PUT_CALL_PARITY;SEP27=PUT_CALL_PARITY;JUN27=PUT_CALL_PARITY;JUN28=SERIES_FORWARD_CLUSTER;DEC27=PUT_CALL_PARITY;MAR28=PUT_CALL_PARITY;FEB27=PUT_CALL_PARITY;APR27=PUT_CALL_PARITY;MAY27=PUT_CALL_PARITY;JUL27=PUT_CALL_PARITY;AUG27=PUT_CALL_PARITY,AUG26=7749.35;SEP26=7753.15;DEC26=7883.5;NOV26=7810.75;OCT26=7815.375;DEC28=8379.75;DEC29=8684.75;DEC30=7840.337;JAN27=7882.5;MAR27=7955;SEP27=8104.25;JUN27=8026.625;JUN28=8918.5;DEC27=8108.25;MAR28=8197;FEB27=7881.125;APR27=7962.25;MAY27=7967.125;JUL27=8047.375;AUG27=8053.25,NONE,WEIGHTED_ATM,2026-08-14,6,441,0.0,NONE,12064,11562,501,0,0,RTM,MDW;MMW;MRW;MTW,OK,NONE,NONE,2026-08-05
SPX,8950.0,16766215.05580546,26.145862460638174,0.0,0.0,0.0,0.0,0.0,0.0,7812.103346347588,7686.596653652413,7874.856692695175,7623.843307304825,SEP26,AUG26,2026-08-06,2026-09-18,7749.35,7599.305665762463,FOUND,WARN,UNKNOWN_SERIES;ESTIMATED_EXPIRY_ALIAS,2026-08-02.2,PUT_CALL_PARITY,AUG26,AUG26=PUT_CALL_PARITY;SEP26=PUT_CALL_PARITY;DEC26=PUT_CALL_PARITY;NOV26=PUT_CALL_PARITY;OCT26=PUT_CALL_PARITY;DEC28=PUT_CALL_PARITY;DEC29=PUT_CALL_PARITY;DEC30=PUT_CALL_PARITY;JAN27=PUT_CALL_PARITY;MAR27=PUT_CALL_PARITY;SEP27=PUT_CALL_PARITY;JUN27=PUT_CALL_PARITY;JUN28=SERIES_FORWARD_CLUSTER;DEC27=PUT_CALL_PARITY;MAR28=PUT_CALL_PARITY;FEB27=PUT_CALL_PARITY;APR27=PUT_CALL_PARITY;MAY27=PUT_CALL_PARITY;JUL27=PUT_CALL_PARITY;AUG27=PUT_CALL_PARITY,AUG26=7749.35;SEP26=7753.15;DEC26=7883.5;NOV26=7810.75;OCT26=7815.375;DEC28=8379.75;DEC29=8684.75;DEC30=7840.337;JAN27=7882.5;MAR27=7955;SEP27=8104.25;JUN27=8026.625;JUN28=8918.5;DEC27=8108.25;MAR28=8197;FEB27=7881.125;APR27=7962.25;MAY27=7967.125;JUL27=8047.375;AUG27=8053.25,NONE,WEIGHTED_ATM,2026-08-14,6,441,0.0,NONE,12064,11562,501,0,0,RTM,MDW;MMW;MRW;MTW,OK,NONE,NONE,2026-08-05
SPX,9000.0,92323020.67809737,147.33239483890696,0.0,0.0,0.0,0.0,0.0,0.0,7812.103346347588,7686.596653652413,7874.856692695175,7623.843307304825,SEP26,AUG26,2026-08-06,2026-09-18,7749.35,7599.305665762463,FOUND,WARN,UNKNOWN_SERIES;ESTIMATED_EXPIRY_ALIAS,2026-08-02.2,PUT_CALL_PARITY,AUG26,AUG26=PUT_CALL_PARITY;SEP26=PUT_CALL_PARITY;DEC26=PUT_CALL_PARITY;NOV26=PUT_CALL_PARITY;OCT26=PUT_CALL_PARITY;DEC28=PUT_CALL_PARITY;DEC29=PUT_CALL_PARITY;DEC30=PUT_CALL_PARITY;JAN27=PUT_CALL_PARITY;MAR27=PUT_CALL_PARITY;SEP27=PUT_CALL_PARITY;JUN27=PUT_CALL_PARITY;JUN28=SERIES_FORWARD_CLUSTER;DEC27=PUT_CALL_PARITY;MAR28=PUT_CALL_PARITY;FEB27=PUT_CALL_PARITY;APR27=PUT_CALL_PARITY;MAY27=PUT_CALL_PARITY;JUL27=PUT_CALL_PARITY;AUG27=PUT_CALL_PARITY,AUG26=7749.35;SEP26=7753.15;DEC26=7883.5;NOV26=7810.75;OCT26=7815.375;DEC28=8379.75;DEC29=8684.75;DEC30=7840.337;JAN27=7882.5;MAR27=7955;SEP27=8104.25;JUN27=8026.625;JUN28=8918.5;DEC27=8108.25;MAR28=8197;FEB27=7881.125;APR27=7962.25;MAY27=7967.125;JUL27=8047.375;AUG27=8053.25,NONE,WEIGHTED_ATM,2026-08-14,6,441,0.0,NONE,12064,11562,501,0,0,RTM,MDW;MMW;MRW;MTW,OK,NONE,NONE,2026-08-05
SPX,9050.0,11086238.814237073,17.048722271592947,0.0,0.0,0.0,0.0,0.0,0.0,7812.103346347588,7686.596653652413,7874.856692695175,7623.843307304825,SEP26,AUG26,2026-08-06,2026-09-18,7749.35,7599.305665762463,FOUND,WARN,UNKNOWN_SERIES;ESTIMATED_EXPIRY_ALIAS,2026-08-02.2,PUT_CALL_PARITY,AUG26,AUG26=PUT_CALL_PARITY;SEP26=PUT_CALL_PARITY;DEC26=PUT_CALL_PARITY;NOV26=PUT_CALL_PARITY;OCT26=PUT_CALL_PARITY;DEC28=PUT_CALL_PARITY;DEC29=PUT_CALL_PARITY;DEC30=PUT_CALL_PARITY;JAN27=PUT_CALL_PARITY;MAR27=PUT_CALL_PARITY;SEP27=PUT_CALL_PARITY;JUN27=PUT_CALL_PARITY;JUN28=SERIES_FORWARD_CLUSTER;DEC27=PUT_CALL_PARITY;MAR28=PUT_CALL_PARITY;FEB27=PUT_CALL_PARITY;APR27=PUT_CALL_PARITY;MAY27=PUT_CALL_PARITY;JUL27=PUT_CALL_PARITY;AUG27=PUT_CALL_PARITY,AUG26=7749.35;SEP26=7753.15;DEC26=7883.5;NOV26=7810.75;OCT26=7815.375;DEC28=8379.75;DEC29=8684.75;DEC30=7840.337;JAN27=7882.5;MAR27=7955;SEP27=8104.25;JUN27=8026.625;JUN28=8918.5;DEC27=8108.25;MAR28=8197;FEB27=7881.125;APR27=7962.25;MAY27=7967.125;JUL27=8047.375;AUG27=8053.25,NONE,WEIGHTED_ATM,2026-08-14,6,441,0.0,NONE,12064,11562,501,0,0,RTM,MDW;MMW;MRW;MTW,OK,NONE,NONE,2026-08-05
SPX,9100.0,54932515.27996355,96.93909916240037,0.0,0.0,0.0,0.0,0.0,0.0,7812.103346347588,7686.596653652413,7874.856692695175,7623.843307304825,SEP26,AUG26,2026-08-06,2026-09-18,7749.35,7599.305665762463,FOUND,WARN,UNKNOWN_SERIES;ESTIMATED_EXPIRY_ALIAS,2026-08-02.2,PUT_CALL_PARITY,AUG26,AUG26=PUT_CALL_PARITY;SEP26=PUT_CALL_PARITY;DEC26=PUT_CALL_PARITY;NOV26=PUT_CALL_PARITY;OCT26=PUT_CALL_PARITY;DEC28=PUT_CALL_PARITY;DEC29=PUT_CALL_PARITY;DEC30=PUT_CALL_PARITY;JAN27=PUT_CALL_PARITY;MAR27=PUT_CALL_PARITY;SEP27=PUT_CALL_PARITY;JUN27=PUT_CALL_PARITY;JUN28=SERIES_FORWARD_CLUSTER;DEC27=PUT_CALL_PARITY;MAR28=PUT_CALL_PARITY;FEB27=PUT_CALL_PARITY;APR27=PUT_CALL_PARITY;MAY27=PUT_CALL_PARITY;JUL27=PUT_CALL_PARITY;AUG27=PUT_CALL_PARITY,AUG26=7749.35;SEP26=7753.15;DEC26=7883.5;NOV26=7810.75;OCT26=7815.375;DEC28=8379.75;DEC29=8684.75;DEC30=7840.337;JAN27=7882.5;MAR27=7955;SEP27=8104.25;JUN27=8026.625;JUN28=8918.5;DEC27=8108.25;MAR28=8197;FEB27=7881.125;APR27=7962.25;MAY27=7967.125;JUL27=8047.375;AUG27=8053.25,NONE,WEIGHTED_ATM,2026-08-14,6,441,0.0,NONE,12064,11562,501,0,0,RTM,MDW;MMW;MRW;MTW,OK,NONE,NONE,2026-08-05
SPX,9150.0,1780805.2467577334,2.7570440804492398,0.0,0.0,0.0,0.0,0.0,0.0,7812.103346347588,7686.596653652413,7874.856692695175,7623.843307304825,SEP26,AUG26,2026-08-06,2026-09-18,7749.35,7599.305665762463,FOUND,WARN,UNKNOWN_SERIES;ESTIMATED_EXPIRY_ALIAS,2026-08-02.2,PUT_CALL_PARITY,AUG26,AUG26=PUT_CALL_PARITY;SEP26=PUT_CALL_PARITY;DEC26=PUT_CALL_PARITY;NOV26=PUT_CALL_PARITY;OCT26=PUT_CALL_PARITY;DEC28=PUT_CALL_PARITY;DEC29=PUT_CALL_PARITY;DEC30=PUT_CALL_PARITY;JAN27=PUT_CALL_PARITY;MAR27=PUT_CALL_PARITY;SEP27=PUT_CALL_PARITY;JUN27=PUT_CALL_PARITY;JUN28=SERIES_FORWARD_CLUSTER;DEC27=PUT_CALL_PARITY;MAR28=PUT_CALL_PARITY;FEB27=PUT_CALL_PARITY;APR27=PUT_CALL_PARITY;MAY27=PUT_CALL_PARITY;JUL27=PUT_CALL_PARITY;AUG27=PUT_CALL_PARITY,AUG26=7749.35;SEP26=7753.15;DEC26=7883.5;NOV26=7810.75;OCT26=7815.375;DEC28=8379.75;DEC29=8684.75;DEC30=7840.337;JAN27=7882.5;MAR27=7955;SEP27=8104.25;JUN27=8026.625;JUN28=8918.5;DEC27=8108.25;MAR28=8197;FEB27=7881.125;APR27=7962.25;MAY27=7967.125;JUL27=8047.375;AUG27=8053.25,NONE,WEIGHTED_ATM,2026-08-14,6,441,0.0,NONE,12064,11562,501,0,0,RTM,MDW;MMW;MRW;MTW,OK,NONE,NONE,2026-08-05
SPX,9200.0,58984401.032264285,92.77948284928436,0.0,0.0,0.0,0.0,0.0,0.0,7812.103346347588,7686.596653652413,7874.856692695175,7623.843307304825,SEP26,AUG26,2026-08-06,2026-09-18,7749.35,7599.305665762463,FOUND,WARN,UNKNOWN_SERIES;ESTIMATED_EXPIRY_ALIAS,2026-08-02.2,PUT_CALL_PARITY,AUG26,AUG26=PUT_CALL_PARITY;SEP26=PUT_CALL_PARITY;DEC26=PUT_CALL_PARITY;NOV26=PUT_CALL_PARITY;OCT26=PUT_CALL_PARITY;DEC28=PUT_CALL_PARITY;DEC29=PUT_CALL_PARITY;DEC30=PUT_CALL_PARITY;JAN27=PUT_CALL_PARITY;MAR27=PUT_CALL_PARITY;SEP27=PUT_CALL_PARITY;JUN27=PUT_CALL_PARITY;JUN28=SERIES_FORWARD_CLUSTER;DEC27=PUT_CALL_PARITY;MAR28=PUT_CALL_PARITY;FEB27=PUT_CALL_PARITY;APR27=PUT_CALL_PARITY;MAY27=PUT_CALL_PARITY;JUL27=PUT_CALL_PARITY;AUG27=PUT_CALL_PARITY,AUG26=7749.35;SEP26=7753.15;DEC26=7883.5;NOV26=7810.75;OCT26=7815.375;DEC28=8379.75;DEC29=8684.75;DEC30=7840.337;JAN27=7882.5;MAR27=7955;SEP27=8104.25;JUN27=8026.625;JUN28=8918.5;DEC27=8108.25;MAR28=8197;FEB27=7881.125;APR27=7962.25;MAY27=7967.125;JUL27=8047.375;AUG27=8053.25,NONE,WEIGHTED_ATM,2026-08-14,6,441,0.0,NONE,12064,11562,501,0,0,RTM,MDW;MMW;MRW;MTW,OK,NONE,NONE,2026-08-05
SPX,9250.0,762279.8877843795,1.0735957429797933,0.0,0.0,0.0,0.0,0.0,0.0,7812.103346347588,7686.596653652413,7874.856692695175,7623.843307304825,SEP26,AUG26,2026-08-06,2026-09-18,7749.35,7599.305665762463,FOUND,WARN,UNKNOWN_SERIES;ESTIMATED_EXPIRY_ALIAS,2026-08-02.2,PUT_CALL_PARITY,AUG26,AUG26=PUT_CALL_PARITY;SEP26=PUT_CALL_PARITY;DEC26=PUT_CALL_PARITY;NOV26=PUT_CALL_PARITY;OCT26=PUT_CALL_PARITY;DEC28=PUT_CALL_PARITY;DEC29=PUT_CALL_PARITY;DEC30=PUT_CALL_PARITY;JAN27=PUT_CALL_PARITY;MAR27=PUT_CALL_PARITY;SEP27=PUT_CALL_PARITY;JUN27=PUT_CALL_PARITY;JUN28=SERIES_FORWARD_CLUSTER;DEC27=PUT_CALL_PARITY;MAR28=PUT_CALL_PARITY;FEB27=PUT_CALL_PARITY;APR27=PUT_CALL_PARITY;MAY27=PUT_CALL_PARITY;JUL27=PUT_CALL_PARITY;AUG27=PUT_CALL_PARITY,AUG26=7749.35;SEP26=7753.15;DEC26=7883.5;NOV26=7810.75;OCT26=7815.375;DEC28=8379.75;DEC29=8684.75;DEC30=7840.337;JAN27=7882.5;MAR27=7955;SEP27=8104.25;JUN27=8026.625;JUN28=8918.5;DEC27=8108.25;MAR28=8197;FEB27=7881.125;APR27=7962.25;MAY27=7967.125;JUL27=8047.375;AUG27=8053.25,NONE,WEIGHTED_ATM,2026-08-14,6,441,0.0,NONE,12064,11562,501,0,0,RTM,MDW;MMW;MRW;MTW,OK,NONE,NONE,2026-08-05
SPX,9300.0,16140895.130796405,25.347515030148443,0.0,0.0,0.0,0.0,0.0,0.0,7812.103346347588,7686.596653652413,7874.856692695175,7623.843307304825,SEP26,AUG26,2026-08-06,2026-09-18,7749.35,7599.305665762463,FOUND,WARN,UNKNOWN_SERIES;ESTIMATED_EXPIRY_ALIAS,2026-08-02.2,PUT_CALL_PARITY,AUG26,AUG26=PUT_CALL_PARITY;SEP26=PUT_CALL_PARITY;DEC26=PUT_CALL_PARITY;NOV26=PUT_CALL_PARITY;OCT26=PUT_CALL_PARITY;DEC28=PUT_CALL_PARITY;DEC29=PUT_CALL_PARITY;DEC30=PUT_CALL_PARITY;JAN27=PUT_CALL_PARITY;MAR27=PUT_CALL_PARITY;SEP27=PUT_CALL_PARITY;JUN27=PUT_CALL_PARITY;JUN28=SERIES_FORWARD_CLUSTER;DEC27=PUT_CALL_PARITY;MAR28=PUT_CALL_PARITY;FEB27=PUT_CALL_PARITY;APR27=PUT_CALL_PARITY;MAY27=PUT_CALL_PARITY;JUL27=PUT_CALL_PARITY;AUG27=PUT_CALL_PARITY,AUG26=7749.35;SEP26=7753.15;DEC26=7883.5;NOV26=7810.75;OCT26=7815.375;DEC28=8379.75;DEC29=8684.75;DEC30=7840.337;JAN27=7882.5;MAR27=7955;SEP27=8104.25;JUN27=8026.625;JUN28=8918.5;DEC27=8108.25;MAR28=8197;FEB27=7881.125;APR27=7962.25;MAY27=7967.125;JUL27=8047.375;AUG27=8053.25,NONE,WEIGHTED_ATM,2026-08-14,6,441,0.0,NONE,12064,11562,501,0,0,RTM,MDW;MMW;MRW;MTW,OK,NONE,NONE,2026-08-05
SPX,9350.0,90291.35873879652,0.14268089356937697,0.0,0.0,0.0,0.0,0.0,0.0,7812.103346347588,7686.596653652413,7874.856692695175,7623.843307304825,SEP26,AUG26,2026-08-06,2026-09-18,7749.35,7599.305665762463,FOUND,WARN,UNKNOWN_SERIES;ESTIMATED_EXPIRY_ALIAS,2026-08-02.2,PUT_CALL_PARITY,AUG26,AUG26=PUT_CALL_PARITY;SEP26=PUT_CALL_PARITY;DEC26=PUT_CALL_PARITY;NOV26=PUT_CALL_PARITY;OCT26=PUT_CALL_PARITY;DEC28=PUT_CALL_PARITY;DEC29=PUT_CALL_PARITY;DEC30=PUT_CALL_PARITY;JAN27=PUT_CALL_PARITY;MAR27=PUT_CALL_PARITY;SEP27=PUT_CALL_PARITY;JUN27=PUT_CALL_PARITY;JUN28=SERIES_FORWARD_CLUSTER;DEC27=PUT_CALL_PARITY;MAR28=PUT_CALL_PARITY;FEB27=PUT_CALL_PARITY;APR27=PUT_CALL_PARITY;MAY27=PUT_CALL_PARITY;JUL27=PUT_CALL_PARITY;AUG27=PUT_CALL_PARITY,AUG26=7749.35;SEP26=7753.15;DEC26=7883.5;NOV26=7810.75;OCT26=7815.375;DEC28=8379.75;DEC29=8684.75;DEC30=7840.337;JAN27=7882.5;MAR27=7955;SEP27=8104.25;JUN27=8026.625;JUN28=8918.5;DEC27=8108.25;MAR28=8197;FEB27=7881.125;APR27=7962.25;MAY27=7967.125;JUL27=8047.375;AUG27=8053.25,NONE,WEIGHTED_ATM,2026-08-14,6,441,0.0,NONE,12064,11562,501,0,0,RTM,MDW;MMW;MRW;MTW,OK,NONE,NONE,2026-08-05
SPX,9400.0,30167429.501917996,47.40516846229733,0.0,0.0,0.0,0.0,0.0,0.0,7812.103346347588,7686.596653652413,7874.856692695175,7623.843307304825,SEP26,AUG26,2026-08-06,2026-09-18,7749.35,7599.305665762463,FOUND,WARN,UNKNOWN_SERIES;ESTIMATED_EXPIRY_ALIAS,2026-08-02.2,PUT_CALL_PARITY,AUG26,AUG26=PUT_CALL_PARITY;SEP26=PUT_CALL_PARITY;DEC26=PUT_CALL_PARITY;NOV26=PUT_CALL_PARITY;OCT26=PUT_CALL_PARITY;DEC28=PUT_CALL_PARITY;DEC29=PUT_CALL_PARITY;DEC30=PUT_CALL_PARITY;JAN27=PUT_CALL_PARITY;MAR27=PUT_CALL_PARITY;SEP27=PUT_CALL_PARITY;JUN27=PUT_CALL_PARITY;JUN28=SERIES_FORWARD_CLUSTER;DEC27=PUT_CALL_PARITY;MAR28=PUT_CALL_PARITY;FEB27=PUT_CALL_PARITY;APR27=PUT_CALL_PARITY;MAY27=PUT_CALL_PARITY;JUL27=PUT_CALL_PARITY;AUG27=PUT_CALL_PARITY,AUG26=7749.35;SEP26=7753.15;DEC26=7883.5;NOV26=7810.75;OCT26=7815.375;DEC28=8379.75;DEC29=8684.75;DEC30=7840.337;JAN27=7882.5;MAR27=7955;SEP27=8104.25;JUN27=8026.625;JUN28=8918.5;DEC27=8108.25;MAR28=8197;FEB27=7881.125;APR27=7962.25;MAY27=7967.125;JUL27=8047.375;AUG27=8053.25,NONE,WEIGHTED_ATM,2026-08-14,6,441,0.0,NONE,12064,11562,501,0,0,RTM,MDW;MMW;MRW;MTW,OK,NONE,NONE,2026-08-05
SPX,9450.0,743553.8869157416,1.0721945531714847,0.0,0.0,0.0,0.0,0.0,0.0,7812.103346347588,7686.596653652413,7874.856692695175,7623.843307304825,SEP26,AUG26,2026-08-06,2026-09-18,7749.35,7599.305665762463,FOUND,WARN,UNKNOWN_SERIES;ESTIMATED_EXPIRY_ALIAS,2026-08-02.2,PUT_CALL_PARITY,AUG26,AUG26=PUT_CALL_PARITY;SEP26=PUT_CALL_PARITY;DEC26=PUT_CALL_PARITY;NOV26=PUT_CALL_PARITY;OCT26=PUT_CALL_PARITY;DEC28=PUT_CALL_PARITY;DEC29=PUT_CALL_PARITY;DEC30=PUT_CALL_PARITY;JAN27=PUT_CALL_PARITY;MAR27=PUT_CALL_PARITY;SEP27=PUT_CALL_PARITY;JUN27=PUT_CALL_PARITY;JUN28=SERIES_FORWARD_CLUSTER;DEC27=PUT_CALL_PARITY;MAR28=PUT_CALL_PARITY;FEB27=PUT_CALL_PARITY;APR27=PUT_CALL_PARITY;MAY27=PUT_CALL_PARITY;JUL27=PUT_CALL_PARITY;AUG27=PUT_CALL_PARITY,AUG26=7749.35;SEP26=7753.15;DEC26=7883.5;NOV26=7810.75;OCT26=7815.375;DEC28=8379.75;DEC29=8684.75;DEC30=7840.337;JAN27=7882.5;MAR27=7955;SEP27=8104.25;JUN27=8026.625;JUN28=8918.5;DEC27=8108.25;MAR28=8197;FEB27=7881.125;APR27=7962.25;MAY27=7967.125;JUL27=8047.375;AUG27=8053.25,NONE,WEIGHTED_ATM,2026-08-14,6,441,0.0,NONE,12064,11562,501,0,0,RTM,MDW;MMW;MRW;MTW,OK,NONE,NONE,2026-08-05
SPX,9500.0,13323708.599683682,20.58749009155173,0.0,0.0,0.0,0.0,0.0,0.0,7812.103346347588,7686.596653652413,7874.856692695175,7623.843307304825,SEP26,AUG26,2026-08-06,2026-09-18,7749.35,7599.305665762463,FOUND,WARN,UNKNOWN_SERIES;ESTIMATED_EXPIRY_ALIAS,2026-08-02.2,PUT_CALL_PARITY,AUG26,AUG26=PUT_CALL_PARITY;SEP26=PUT_CALL_PARITY;DEC26=PUT_CALL_PARITY;NOV26=PUT_CALL_PARITY;OCT26=PUT_CALL_PARITY;DEC28=PUT_CALL_PARITY;DEC29=PUT_CALL_PARITY;DEC30=PUT_CALL_PARITY;JAN27=PUT_CALL_PARITY;MAR27=PUT_CALL_PARITY;SEP27=PUT_CALL_PARITY;JUN27=PUT_CALL_PARITY;JUN28=SERIES_FORWARD_CLUSTER;DEC27=PUT_CALL_PARITY;MAR28=PUT_CALL_PARITY;FEB27=PUT_CALL_PARITY;APR27=PUT_CALL_PARITY;MAY27=PUT_CALL_PARITY;JUL27=PUT_CALL_PARITY;AUG27=PUT_CALL_PARITY,AUG26=7749.35;SEP26=7753.15;DEC26=7883.5;NOV26=7810.75;OCT26=7815.375;DEC28=8379.75;DEC29=8684.75;DEC30=7840.337;JAN27=7882.5;MAR27=7955;SEP27=8104.25;JUN27=8026.625;JUN28=8918.5;DEC27=8108.25;MAR28=8197;FEB27=7881.125;APR27=7962.25;MAY27=7967.125;JUL27=8047.375;AUG27=8053.25,NONE,WEIGHTED_ATM,2026-08-14,6,441,0.0,NONE,12064,11562,501,0,0,RTM,MDW;MMW;MRW;MTW,OK,NONE,NONE,2026-08-05
SPX,9550.0,15177.594554380386,0.023557923128041298,0.0,0.0,0.0,0.0,0.0,0.0,7812.103346347588,7686.596653652413,7874.856692695175,7623.843307304825,SEP26,AUG26,2026-08-06,2026-09-18,7749.35,7599.305665762463,FOUND,WARN,UNKNOWN_SERIES;ESTIMATED_EXPIRY_ALIAS,2026-08-02.2,PUT_CALL_PARITY,AUG26,AUG26=PUT_CALL_PARITY;SEP26=PUT_CALL_PARITY;DEC26=PUT_CALL_PARITY;NOV26=PUT_CALL_PARITY;OCT26=PUT_CALL_PARITY;DEC28=PUT_CALL_PARITY;DEC29=PUT_CALL_PARITY;DEC30=PUT_CALL_PARITY;JAN27=PUT_CALL_PARITY;MAR27=PUT_CALL_PARITY;SEP27=PUT_CALL_PARITY;JUN27=PUT_CALL_PARITY;JUN28=SERIES_FORWARD_CLUSTER;DEC27=PUT_CALL_PARITY;MAR28=PUT_CALL_PARITY;FEB27=PUT_CALL_PARITY;APR27=PUT_CALL_PARITY;MAY27=PUT_CALL_PARITY;JUL27=PUT_CALL_PARITY;AUG27=PUT_CALL_PARITY,AUG26=7749.35;SEP26=7753.15;DEC26=7883.5;NOV26=7810.75;OCT26=7815.375;DEC28=8379.75;DEC29=8684.75;DEC30=7840.337;JAN27=7882.5;MAR27=7955;SEP27=8104.25;JUN27=8026.625;JUN28=8918.5;DEC27=8108.25;MAR28=8197;FEB27=7881.125;APR27=7962.25;MAY27=7967.125;JUL27=8047.375;AUG27=8053.25,NONE,WEIGHTED_ATM,2026-08-14,6,441,0.0,NONE,12064,11562,501,0,0,RTM,MDW;MMW;MRW;MTW,OK,NONE,NONE,2026-08-05
SPX,9600.0,26087961.804096214,40.59132203299793,0.0,0.0,0.0,0.0,0.0,0.0,7812.103346347588,7686.596653652413,7874.856692695175,7623.843307304825,SEP26,AUG26,2026-08-06,2026-09-18,7749.35,7599.305665762463,FOUND,WARN,UNKNOWN_SERIES;ESTIMATED_EXPIRY_ALIAS,2026-08-02.2,PUT_CALL_PARITY,AUG26,AUG26=PUT_CALL_PARITY;SEP26=PUT_CALL_PARITY;DEC26=PUT_CALL_PARITY;NOV26=PUT_CALL_PARITY;OCT26=PUT_CALL_PARITY;DEC28=PUT_CALL_PARITY;DEC29=PUT_CALL_PARITY;DEC30=PUT_CALL_PARITY;JAN27=PUT_CALL_PARITY;MAR27=PUT_CALL_PARITY;SEP27=PUT_CALL_PARITY;JUN27=PUT_CALL_PARITY;JUN28=SERIES_FORWARD_CLUSTER;DEC27=PUT_CALL_PARITY;MAR28=PUT_CALL_PARITY;FEB27=PUT_CALL_PARITY;APR27=PUT_CALL_PARITY;MAY27=PUT_CALL_PARITY;JUL27=PUT_CALL_PARITY;AUG27=PUT_CALL_PARITY,AUG26=7749.35;SEP26=7753.15;DEC26=7883.5;NOV26=7810.75;OCT26=7815.375;DEC28=8379.75;DEC29=8684.75;DEC30=7840.337;JAN27=7882.5;MAR27=7955;SEP27=8104.25;JUN27=8026.625;JUN28=8918.5;DEC27=8108.25;MAR28=8197;FEB27=7881.125;APR27=7962.25;MAY27=7967.125;JUL27=8047.375;AUG27=8053.25,NONE,WEIGHTED_ATM,2026-08-14,6,441,0.0,NONE,12064,11562,501,0,0,RTM,MDW;MMW;MRW;MTW,OK,NONE,NONE,2026-08-05
SPX,9650.0,662546.6279687328,1.0283726103307795,0.0,0.0,0.0,0.0,0.0,0.0,7812.103346347588,7686.596653652413,7874.856692695175,7623.843307304825,SEP26,AUG26,2026-08-06,2026-09-18,7749.35,7599.305665762463,FOUND,WARN,UNKNOWN_SERIES;ESTIMATED_EXPIRY_ALIAS,2026-08-02.2,PUT_CALL_PARITY,AUG26,AUG26=PUT_CALL_PARITY;SEP26=PUT_CALL_PARITY;DEC26=PUT_CALL_PARITY;NOV26=PUT_CALL_PARITY;OCT26=PUT_CALL_PARITY;DEC28=PUT_CALL_PARITY;DEC29=PUT_CALL_PARITY;DEC30=PUT_CALL_PARITY;JAN27=PUT_CALL_PARITY;MAR27=PUT_CALL_PARITY;SEP27=PUT_CALL_PARITY;JUN27=PUT_CALL_PARITY;JUN28=SERIES_FORWARD_CLUSTER;DEC27=PUT_CALL_PARITY;MAR28=PUT_CALL_PARITY;FEB27=PUT_CALL_PARITY;APR27=PUT_CALL_PARITY;MAY27=PUT_CALL_PARITY;JUL27=PUT_CALL_PARITY;AUG27=PUT_CALL_PARITY,AUG26=7749.35;SEP26=7753.15;DEC26=7883.5;NOV26=7810.75;OCT26=7815.375;DEC28=8379.75;DEC29=8684.75;DEC30=7840.337;JAN27=7882.5;MAR27=7955;SEP27=8104.25;JUN27=8026.625;JUN28=8918.5;DEC27=8108.25;MAR28=8197;FEB27=7881.125;APR27=7962.25;MAY27=7967.125;JUL27=8047.375;AUG27=8053.25,NONE,WEIGHTED_ATM,2026-08-14,6,441,0.0,NONE,12064,11562,501,0,0,RTM,MDW;MMW;MRW;MTW,OK,NONE,NONE,2026-08-05
SPX,9700.0,1131991.8698965018,1.7502827471499915,0.0,0.0,0.0,0.0,0.0,0.0,7812.103346347588,7686.596653652413,7874.856692695175,7623.843307304825,SEP26,AUG26,2026-08-06,2026-09-18,7749.35,7599.305665762463,FOUND,WARN,UNKNOWN_SERIES;ESTIMATED_EXPIRY_ALIAS,2026-08-02.2,PUT_CALL_PARITY,AUG26,AUG26=PUT_CALL_PARITY;SEP26=PUT_CALL_PARITY;DEC26=PUT_CALL_PARITY;NOV26=PUT_CALL_PARITY;OCT26=PUT_CALL_PARITY;DEC28=PUT_CALL_PARITY;DEC29=PUT_CALL_PARITY;DEC30=PUT_CALL_PARITY;JAN27=PUT_CALL_PARITY;MAR27=PUT_CALL_PARITY;SEP27=PUT_CALL_PARITY;JUN27=PUT_CALL_PARITY;JUN28=SERIES_FORWARD_CLUSTER;DEC27=PUT_CALL_PARITY;MAR28=PUT_CALL_PARITY;FEB27=PUT_CALL_PARITY;APR27=PUT_CALL_PARITY;MAY27=PUT_CALL_PARITY;JUL27=PUT_CALL_PARITY;AUG27=PUT_CALL_PARITY,AUG26=7749.35;SEP26=7753.15;DEC26=7883.5;NOV26=7810.75;OCT26=7815.375;DEC28=8379.75;DEC29=8684.75;DEC30=7840.337;JAN27=7882.5;MAR27=7955;SEP27=8104.25;JUN27=8026.625;JUN28=8918.5;DEC27=8108.25;MAR28=8197;FEB27=7881.125;APR27=7962.25;MAY27=7967.125;JUL27=8047.375;AUG27=8053.25,NONE,WEIGHTED_ATM,2026-08-14,6,441,0.0,NONE,12064,11562,501,0,0,RTM,MDW;MMW;MRW;MTW,OK,NONE,NONE,2026-08-05
SPX,9750.0,241267.87238086198,0.3744842419165848,0.0,0.0,0.0,0.0,0.0,0.0,7812.103346347588,7686.596653652413,7874.856692695175,7623.843307304825,SEP26,AUG26,2026-08-06,2026-09-18,7749.35,7599.305665762463,FOUND,WARN,UNKNOWN_SERIES;ESTIMATED_EXPIRY_ALIAS,2026-08-02.2,PUT_CALL_PARITY,AUG26,AUG26=PUT_CALL_PARITY;SEP26=PUT_CALL_PARITY;DEC26=PUT_CALL_PARITY;NOV26=PUT_CALL_PARITY;OCT26=PUT_CALL_PARITY;DEC28=PUT_CALL_PARITY;DEC29=PUT_CALL_PARITY;DEC30=PUT_CALL_PARITY;JAN27=PUT_CALL_PARITY;MAR27=PUT_CALL_PARITY;SEP27=PUT_CALL_PARITY;JUN27=PUT_CALL_PARITY;JUN28=SERIES_FORWARD_CLUSTER;DEC27=PUT_CALL_PARITY;MAR28=PUT_CALL_PARITY;FEB27=PUT_CALL_PARITY;APR27=PUT_CALL_PARITY;MAY27=PUT_CALL_PARITY;JUL27=PUT_CALL_PARITY;AUG27=PUT_CALL_PARITY,AUG26=7749.35;SEP26=7753.15;DEC26=7883.5;NOV26=7810.75;OCT26=7815.375;DEC28=8379.75;DEC29=8684.75;DEC30=7840.337;JAN27=7882.5;MAR27=7955;SEP27=8104.25;JUN27=8026.625;JUN28=8918.5;DEC27=8108.25;MAR28=8197;FEB27=7881.125;APR27=7962.25;MAY27=7967.125;JUL27=8047.375;AUG27=8053.25,NONE,WEIGHTED_ATM,2026-08-14,6,441,0.0,NONE,12064,11562,501,0,0,RTM,MDW;MMW;MRW;MTW,OK,NONE,NONE,2026-08-05
SPX,9800.0,14008947.512190789,21.696432068707807,0.0,0.0,0.0,0.0,0.0,0.0,7812.103346347588,7686.596653652413,7874.856692695175,7623.843307304825,SEP26,AUG26,2026-08-06,2026-09-18,7749.35,7599.305665762463,FOUND,WARN,UNKNOWN_SERIES;ESTIMATED_EXPIRY_ALIAS,2026-08-02.2,PUT_CALL_PARITY,AUG26,AUG26=PUT_CALL_PARITY;SEP26=PUT_CALL_PARITY;DEC26=PUT_CALL_PARITY;NOV26=PUT_CALL_PARITY;OCT26=PUT_CALL_PARITY;DEC28=PUT_CALL_PARITY;DEC29=PUT_CALL_PARITY;DEC30=PUT_CALL_PARITY;JAN27=PUT_CALL_PARITY;MAR27=PUT_CALL_PARITY;SEP27=PUT_CALL_PARITY;JUN27=PUT_CALL_PARITY;JUN28=SERIES_FORWARD_CLUSTER;DEC27=PUT_CALL_PARITY;MAR28=PUT_CALL_PARITY;FEB27=PUT_CALL_PARITY;APR27=PUT_CALL_PARITY;MAY27=PUT_CALL_PARITY;JUL27=PUT_CALL_PARITY;AUG27=PUT_CALL_PARITY,AUG26=7749.35;SEP26=7753.15;DEC26=7883.5;NOV26=7810.75;OCT26=7815.375;DEC28=8379.75;DEC29=8684.75;DEC30=7840.337;JAN27=7882.5;MAR27=7955;SEP27=8104.25;JUN27=8026.625;JUN28=8918.5;DEC27=8108.25;MAR28=8197;FEB27=7881.125;APR27=7962.25;MAY27=7967.125;JUL27=8047.375;AUG27=8053.25,NONE,WEIGHTED_ATM,2026-08-14,6,441,0.0,NONE,12064,11562,501,0,0,RTM,MDW;MMW;MRW;MTW,OK,NONE,NONE,2026-08-05
SPX,9900.0,1159027.982675832,1.8315756331323592,0.0,0.0,0.0,0.0,0.0,0.0,7812.103346347588,7686.596653652413,7874.856692695175,7623.843307304825,SEP26,AUG26,2026-08-06,2026-09-18,7749.35,7599.305665762463,FOUND,WARN,UNKNOWN_SERIES;ESTIMATED_EXPIRY_ALIAS,2026-08-02.2,PUT_CALL_PARITY,AUG26,AUG26=PUT_CALL_PARITY;SEP26=PUT_CALL_PARITY;DEC26=PUT_CALL_PARITY;NOV26=PUT_CALL_PARITY;OCT26=PUT_CALL_PARITY;DEC28=PUT_CALL_PARITY;DEC29=PUT_CALL_PARITY;DEC30=PUT_CALL_PARITY;JAN27=PUT_CALL_PARITY;MAR27=PUT_CALL_PARITY;SEP27=PUT_CALL_PARITY;JUN27=PUT_CALL_PARITY;JUN28=SERIES_FORWARD_CLUSTER;DEC27=PUT_CALL_PARITY;MAR28=PUT_CALL_PARITY;FEB27=PUT_CALL_PARITY;APR27=PUT_CALL_PARITY;MAY27=PUT_CALL_PARITY;JUL27=PUT_CALL_PARITY;AUG27=PUT_CALL_PARITY,AUG26=7749.35;SEP26=7753.15;DEC26=7883.5;NOV26=7810.75;OCT26=7815.375;DEC28=8379.75;DEC29=8684.75;DEC30=7840.337;JAN27=7882.5;MAR27=7955;SEP27=8104.25;JUN27=8026.625;JUN28=8918.5;DEC27=8108.25;MAR28=8197;FEB27=7881.125;APR27=7962.25;MAY27=7967.125;JUL27=8047.375;AUG27=8053.25,NONE,WEIGHTED_ATM,2026-08-14,6,441,0.0,NONE,12064,11562,501,0,0,RTM,MDW;MMW;MRW;MTW,OK,NONE,NONE,2026-08-05
SPX,10000.0,13330884.394204056,20.52506634070964,0.0,0.0,0.0,0.0,0.0,0.0,7812.103346347588,7686.596653652413,7874.856692695175,7623.843307304825,SEP26,AUG26,2026-08-06,2026-09-18,7749.35,7599.305665762463,FOUND,WARN,UNKNOWN_SERIES;ESTIMATED_EXPIRY_ALIAS,2026-08-02.2,PUT_CALL_PARITY,AUG26,AUG26=PUT_CALL_PARITY;SEP26=PUT_CALL_PARITY;DEC26=PUT_CALL_PARITY;NOV26=PUT_CALL_PARITY;OCT26=PUT_CALL_PARITY;DEC28=PUT_CALL_PARITY;DEC29=PUT_CALL_PARITY;DEC30=PUT_CALL_PARITY;JAN27=PUT_CALL_PARITY;MAR27=PUT_CALL_PARITY;SEP27=PUT_CALL_PARITY;JUN27=PUT_CALL_PARITY;JUN28=SERIES_FORWARD_CLUSTER;DEC27=PUT_CALL_PARITY;MAR28=PUT_CALL_PARITY;FEB27=PUT_CALL_PARITY;APR27=PUT_CALL_PARITY;MAY27=PUT_CALL_PARITY;JUL27=PUT_CALL_PARITY;AUG27=PUT_CALL_PARITY,AUG26=7749.35;SEP26=7753.15;DEC26=7883.5;NOV26=7810.75;OCT26=7815.375;DEC28=8379.75;DEC29=8684.75;DEC30=7840.337;JAN27=7882.5;MAR27=7955;SEP27=8104.25;JUN27=8026.625;JUN28=8918.5;DEC27=8108.25;MAR28=8197;FEB27=7881.125;APR27=7962.25;MAY27=7967.125;JUL27=8047.375;AUG27=8053.25,NONE,WEIGHTED_ATM,2026-08-14,6,441,0.0,NONE,12064,11562,501,0,0,RTM,MDW;MMW;MRW;MTW,OK,NONE,NONE,2026-08-05
SPX,10100.0,154619.3032963137,0.21660319281114535,0.0,0.0,0.0,0.0,0.0,0.0,7812.103346347588,7686.596653652413,7874.856692695175,7623.843307304825,SEP26,AUG26,2026-08-06,2026-09-18,7749.35,7599.305665762463,FOUND,WARN,UNKNOWN_SERIES;ESTIMATED_EXPIRY_ALIAS,2026-08-02.2,PUT_CALL_PARITY,AUG26,AUG26=PUT_CALL_PARITY;SEP26=PUT_CALL_PARITY;DEC26=PUT_CALL_PARITY;NOV26=PUT_CALL_PARITY;OCT26=PUT_CALL_PARITY;DEC28=PUT_CALL_PARITY;DEC29=PUT_CALL_PARITY;DEC30=PUT_CALL_PARITY;JAN27=PUT_CALL_PARITY;MAR27=PUT_CALL_PARITY;SEP27=PUT_CALL_PARITY;JUN27=PUT_CALL_PARITY;JUN28=SERIES_FORWARD_CLUSTER;DEC27=PUT_CALL_PARITY;MAR28=PUT_CALL_PARITY;FEB27=PUT_CALL_PARITY;APR27=PUT_CALL_PARITY;MAY27=PUT_CALL_PARITY;JUL27=PUT_CALL_PARITY;AUG27=PUT_CALL_PARITY,AUG26=7749.35;SEP26=7753.15;DEC26=7883.5;NOV26=7810.75;OCT26=7815.375;DEC28=8379.75;DEC29=8684.75;DEC30=7840.337;JAN27=7882.5;MAR27=7955;SEP27=8104.25;JUN27=8026.625;JUN28=8918.5;DEC27=8108.25;MAR28=8197;FEB27=7881.125;APR27=7962.25;MAY27=7967.125;JUL27=8047.375;AUG27=8053.25,NONE,WEIGHTED_ATM,2026-08-14,6,441,0.0,NONE,12064,11562,501,0,0,RTM,MDW;MMW;MRW;MTW,OK,NONE,NONE,2026-08-05
SPX,10200.0,9279157.494890582,14.171356521550356,0.0,0.0,0.0,0.0,0.0,0.0,7812.103346347588,7686.596653652413,7874.856692695175,7623.843307304825,SEP26,AUG26,2026-08-06,2026-09-18,7749.35,7599.305665762463,FOUND,WARN,UNKNOWN_SERIES;ESTIMATED_EXPIRY_ALIAS,2026-08-02.2,PUT_CALL_PARITY,AUG26,AUG26=PUT_CALL_PARITY;SEP26=PUT_CALL_PARITY;DEC26=PUT_CALL_PARITY;NOV26=PUT_CALL_PARITY;OCT26=PUT_CALL_PARITY;DEC28=PUT_CALL_PARITY;DEC29=PUT_CALL_PARITY;DEC30=PUT_CALL_PARITY;JAN27=PUT_CALL_PARITY;MAR27=PUT_CALL_PARITY;SEP27=PUT_CALL_PARITY;JUN27=PUT_CALL_PARITY;JUN28=SERIES_FORWARD_CLUSTER;DEC27=PUT_CALL_PARITY;MAR28=PUT_CALL_PARITY;FEB27=PUT_CALL_PARITY;APR27=PUT_CALL_PARITY;MAY27=PUT_CALL_PARITY;JUL27=PUT_CALL_PARITY;AUG27=PUT_CALL_PARITY,AUG26=7749.35;SEP26=7753.15;DEC26=7883.5;NOV26=7810.75;OCT26=7815.375;DEC28=8379.75;DEC29=8684.75;DEC30=7840.337;JAN27=7882.5;MAR27=7955;SEP27=8104.25;JUN27=8026.625;JUN28=8918.5;DEC27=8108.25;MAR28=8197;FEB27=7881.125;APR27=7962.25;MAY27=7967.125;JUL27=8047.375;AUG27=8053.25,NONE,WEIGHTED_ATM,2026-08-14,6,441,0.0,NONE,12064,11562,501,0,0,RTM,MDW;MMW;MRW;MTW,OK,NONE,NONE,2026-08-05
SPX,10300.0,29067.099276701338,0.04316532636983166,0.0,0.0,0.0,0.0,0.0,0.0,7812.103346347588,7686.596653652413,7874.856692695175,7623.843307304825,SEP26,AUG26,2026-08-06,2026-09-18,7749.35,7599.305665762463,FOUND,WARN,UNKNOWN_SERIES;ESTIMATED_EXPIRY_ALIAS,2026-08-02.2,PUT_CALL_PARITY,AUG26,AUG26=PUT_CALL_PARITY;SEP26=PUT_CALL_PARITY;DEC26=PUT_CALL_PARITY;NOV26=PUT_CALL_PARITY;OCT26=PUT_CALL_PARITY;DEC28=PUT_CALL_PARITY;DEC29=PUT_CALL_PARITY;DEC30=PUT_CALL_PARITY;JAN27=PUT_CALL_PARITY;MAR27=PUT_CALL_PARITY;SEP27=PUT_CALL_PARITY;JUN27=PUT_CALL_PARITY;JUN28=SERIES_FORWARD_CLUSTER;DEC27=PUT_CALL_PARITY;MAR28=PUT_CALL_PARITY;FEB27=PUT_CALL_PARITY;APR27=PUT_CALL_PARITY;MAY27=PUT_CALL_PARITY;JUL27=PUT_CALL_PARITY;AUG27=PUT_CALL_PARITY,AUG26=7749.35;SEP26=7753.15;DEC26=7883.5;NOV26=7810.75;OCT26=7815.375;DEC28=8379.75;DEC29=8684.75;DEC30=7840.337;JAN27=7882.5;MAR27=7955;SEP27=8104.25;JUN27=8026.625;JUN28=8918.5;DEC27=8108.25;MAR28=8197;FEB27=7881.125;APR27=7962.25;MAY27=7967.125;JUL27=8047.375;AUG27=8053.25,NONE,WEIGHTED_ATM,2026-08-14,6,441,0.0,NONE,12064,11562,501,0,0,RTM,MDW;MMW;MRW;MTW,OK,NONE,NONE,2026-08-05
SPX,10400.0,4761102.710795106,7.268264538652983,0.0,0.0,0.0,0.0,0.0,0.0,7812.103346347588,7686.596653652413,7874.856692695175,7623.843307304825,SEP26,AUG26,2026-08-06,2026-09-18,7749.35,7599.305665762463,FOUND,WARN,UNKNOWN_SERIES;ESTIMATED_EXPIRY_ALIAS,2026-08-02.2,PUT_CALL_PARITY,AUG26,AUG26=PUT_CALL_PARITY;SEP26=PUT_CALL_PARITY;DEC26=PUT_CALL_PARITY;NOV26=PUT_CALL_PARITY;OCT26=PUT_CALL_PARITY;DEC28=PUT_CALL_PARITY;DEC29=PUT_CALL_PARITY;DEC30=PUT_CALL_PARITY;JAN27=PUT_CALL_PARITY;MAR27=PUT_CALL_PARITY;SEP27=PUT_CALL_PARITY;JUN27=PUT_CALL_PARITY;JUN28=SERIES_FORWARD_CLUSTER;DEC27=PUT_CALL_PARITY;MAR28=PUT_CALL_PARITY;FEB27=PUT_CALL_PARITY;APR27=PUT_CALL_PARITY;MAY27=PUT_CALL_PARITY;JUL27=PUT_CALL_PARITY;AUG27=PUT_CALL_PARITY,AUG26=7749.35;SEP26=7753.15;DEC26=7883.5;NOV26=7810.75;OCT26=7815.375;DEC28=8379.75;DEC29=8684.75;DEC30=7840.337;JAN27=7882.5;MAR27=7955;SEP27=8104.25;JUN27=8026.625;JUN28=8918.5;DEC27=8108.25;MAR28=8197;FEB27=7881.125;APR27=7962.25;MAY27=7967.125;JUL27=8047.375;AUG27=8053.25,NONE,WEIGHTED_ATM,2026-08-14,6,441,0.0,NONE,12064,11562,501,0,0,RTM,MDW;MMW;MRW;MTW,OK,NONE,NONE,2026-08-05
SPX,10500.0,988644.4914488592,1.484393472336272,0.0,0.0,0.0,0.0,0.0,0.0,7812.103346347588,7686.596653652413,7874.856692695175,7623.843307304825,SEP26,AUG26,2026-08-06,2026-09-18,7749.35,7599.305665762463,FOUND,WARN,UNKNOWN_SERIES;ESTIMATED_EXPIRY_ALIAS,2026-08-02.2,PUT_CALL_PARITY,AUG26,AUG26=PUT_CALL_PARITY;SEP26=PUT_CALL_PARITY;DEC26=PUT_CALL_PARITY;NOV26=PUT_CALL_PARITY;OCT26=PUT_CALL_PARITY;DEC28=PUT_CALL_PARITY;DEC29=PUT_CALL_PARITY;DEC30=PUT_CALL_PARITY;JAN27=PUT_CALL_PARITY;MAR27=PUT_CALL_PARITY;SEP27=PUT_CALL_PARITY;JUN27=PUT_CALL_PARITY;JUN28=SERIES_FORWARD_CLUSTER;DEC27=PUT_CALL_PARITY;MAR28=PUT_CALL_PARITY;FEB27=PUT_CALL_PARITY;APR27=PUT_CALL_PARITY;MAY27=PUT_CALL_PARITY;JUL27=PUT_CALL_PARITY;AUG27=PUT_CALL_PARITY,AUG26=7749.35;SEP26=7753.15;DEC26=7883.5;NOV26=7810.75;OCT26=7815.375;DEC28=8379.75;DEC29=8684.75;DEC30=7840.337;JAN27=7882.5;MAR27=7955;SEP27=8104.25;JUN27=8026.625;JUN28=8918.5;DEC27=8108.25;MAR28=8197;FEB27=7881.125;APR27=7962.25;MAY27=7967.125;JUL27=8047.375;AUG27=8053.25,NONE,WEIGHTED_ATM,2026-08-14,6,441,0.0,NONE,12064,11562,501,0,0,RTM,MDW;MMW;MRW;MTW,OK,NONE,NONE,2026-08-05
SPX,10600.0,212680.77975030898,0.2825625806152426,0.0,0.0,0.0,0.0,0.0,0.0,7812.103346347588,7686.596653652413,7874.856692695175,7623.843307304825,SEP26,AUG26,2026-08-06,2026-09-18,7749.35,7599.305665762463,FOUND,WARN,UNKNOWN_SERIES;ESTIMATED_EXPIRY_ALIAS,2026-08-02.2,PUT_CALL_PARITY,AUG26,AUG26=PUT_CALL_PARITY;SEP26=PUT_CALL_PARITY;DEC26=PUT_CALL_PARITY;NOV26=PUT_CALL_PARITY;OCT26=PUT_CALL_PARITY;DEC28=PUT_CALL_PARITY;DEC29=PUT_CALL_PARITY;DEC30=PUT_CALL_PARITY;JAN27=PUT_CALL_PARITY;MAR27=PUT_CALL_PARITY;SEP27=PUT_CALL_PARITY;JUN27=PUT_CALL_PARITY;JUN28=SERIES_FORWARD_CLUSTER;DEC27=PUT_CALL_PARITY;MAR28=PUT_CALL_PARITY;FEB27=PUT_CALL_PARITY;APR27=PUT_CALL_PARITY;MAY27=PUT_CALL_PARITY;JUL27=PUT_CALL_PARITY;AUG27=PUT_CALL_PARITY,AUG26=7749.35;SEP26=7753.15;DEC26=7883.5;NOV26=7810.75;OCT26=7815.375;DEC28=8379.75;DEC29=8684.75;DEC30=7840.337;JAN27=7882.5;MAR27=7955;SEP27=8104.25;JUN27=8026.625;JUN28=8918.5;DEC27=8108.25;MAR28=8197;FEB27=7881.125;APR27=7962.25;MAY27=7967.125;JUL27=8047.375;AUG27=8053.25,NONE,WEIGHTED_ATM,2026-08-14,6,441,0.0,NONE,12064,11562,501,0,0,RTM,MDW;MMW;MRW;MTW,OK,NONE,NONE,2026-08-05
SPX,10800.0,348285.0172038523,0.46176408284792464,0.0,0.0,0.0,0.0,0.0,0.0,7812.103346347588,7686.596653652413,7874.856692695175,7623.843307304825,SEP26,AUG26,2026-08-06,2026-09-18,7749.35,7599.305665762463,FOUND,WARN,UNKNOWN_SERIES;ESTIMATED_EXPIRY_ALIAS,2026-08-02.2,PUT_CALL_PARITY,AUG26,AUG26=PUT_CALL_PARITY;SEP26=PUT_CALL_PARITY;DEC26=PUT_CALL_PARITY;NOV26=PUT_CALL_PARITY;OCT26=PUT_CALL_PARITY;DEC28=PUT_CALL_PARITY;DEC29=PUT_CALL_PARITY;DEC30=PUT_CALL_PARITY;JAN27=PUT_CALL_PARITY;MAR27=PUT_CALL_PARITY;SEP27=PUT_CALL_PARITY;JUN27=PUT_CALL_PARITY;JUN28=SERIES_FORWARD_CLUSTER;DEC27=PUT_CALL_PARITY;MAR28=PUT_CALL_PARITY;FEB27=PUT_CALL_PARITY;APR27=PUT_CALL_PARITY;MAY27=PUT_CALL_PARITY;JUL27=PUT_CALL_PARITY;AUG27=PUT_CALL_PARITY,AUG26=7749.35;SEP26=7753.15;DEC26=7883.5;NOV26=7810.75;OCT26=7815.375;DEC28=8379.75;DEC29=8684.75;DEC30=7840.337;JAN27=7882.5;MAR27=7955;SEP27=8104.25;JUN27=8026.625;JUN28=8918.5;DEC27=8108.25;MAR28=8197;FEB27=7881.125;APR27=7962.25;MAY27=7967.125;JUL27=8047.375;AUG27=8053.25,NONE,WEIGHTED_ATM,2026-08-14,6,441,0.0,NONE,12064,11562,501,0,0,RTM,MDW;MMW;MRW;MTW,OK,NONE,NONE,2026-08-05
SPX,11000.0,9687.493769816521,0.01284389639160404,0.0,0.0,0.0,0.0,0.0,0.0,7812.103346347588,7686.596653652413,7874.856692695175,7623.843307304825,SEP26,AUG26,2026-08-06,2026-09-18,7749.35,7599.305665762463,FOUND,WARN,UNKNOWN_SERIES;ESTIMATED_EXPIRY_ALIAS,2026-08-02.2,PUT_CALL_PARITY,AUG26,AUG26=PUT_CALL_PARITY;SEP26=PUT_CALL_PARITY;DEC26=PUT_CALL_PARITY;NOV26=PUT_CALL_PARITY;OCT26=PUT_CALL_PARITY;DEC28=PUT_CALL_PARITY;DEC29=PUT_CALL_PARITY;DEC30=PUT_CALL_PARITY;JAN27=PUT_CALL_PARITY;MAR27=PUT_CALL_PARITY;SEP27=PUT_CALL_PARITY;JUN27=PUT_CALL_PARITY;JUN28=SERIES_FORWARD_CLUSTER;DEC27=PUT_CALL_PARITY;MAR28=PUT_CALL_PARITY;FEB27=PUT_CALL_PARITY;APR27=PUT_CALL_PARITY;MAY27=PUT_CALL_PARITY;JUL27=PUT_CALL_PARITY;AUG27=PUT_CALL_PARITY,AUG26=7749.35;SEP26=7753.15;DEC26=7883.5;NOV26=7810.75;OCT26=7815.375;DEC28=8379.75;DEC29=8684.75;DEC30=7840.337;JAN27=7882.5;MAR27=7955;SEP27=8104.25;JUN27=8026.625;JUN28=8918.5;DEC27=8108.25;MAR28=8197;FEB27=7881.125;APR27=7962.25;MAY27=7967.125;JUL27=8047.375;AUG27=8053.25,NONE,WEIGHTED_ATM,2026-08-14,6,441,0.0,NONE,12064,11562,501,0,0,RTM,MDW;MMW;MRW;MTW,OK,NONE,NONE,2026-08-05
SPX,11200.0,4211.6050181897945,0.005294976063573877,0.0,0.0,0.0,0.0,0.0,0.0,7812.103346347588,7686.596653652413,7874.856692695175,7623.843307304825,SEP26,AUG26,2026-08-06,2026-09-18,7749.35,7599.305665762463,FOUND,WARN,UNKNOWN_SERIES;ESTIMATED_EXPIRY_ALIAS,2026-08-02.2,PUT_CALL_PARITY,AUG26,AUG26=PUT_CALL_PARITY;SEP26=PUT_CALL_PARITY;DEC26=PUT_CALL_PARITY;NOV26=PUT_CALL_PARITY;OCT26=PUT_CALL_PARITY;DEC28=PUT_CALL_PARITY;DEC29=PUT_CALL_PARITY;DEC30=PUT_CALL_PARITY;JAN27=PUT_CALL_PARITY;MAR27=PUT_CALL_PARITY;SEP27=PUT_CALL_PARITY;JUN27=PUT_CALL_PARITY;JUN28=SERIES_FORWARD_CLUSTER;DEC27=PUT_CALL_PARITY;MAR28=PUT_CALL_PARITY;FEB27=PUT_CALL_PARITY;APR27=PUT_CALL_PARITY;MAY27=PUT_CALL_PARITY;JUL27=PUT_CALL_PARITY;AUG27=PUT_CALL_PARITY,AUG26=7749.35;SEP26=7753.15;DEC26=7883.5;NOV26=7810.75;OCT26=7815.375;DEC28=8379.75;DEC29=8684.75;DEC30=7840.337;JAN27=7882.5;MAR27=7955;SEP27=8104.25;JUN27=8026.625;JUN28=8918.5;DEC27=8108.25;MAR28=8197;FEB27=7881.125;APR27=7962.25;MAY27=7967.125;JUL27=8047.375;AUG27=8053.25,NONE,WEIGHTED_ATM,2026-08-14,6,441,0.0,NONE,12064,11562,501,0,0,RTM,MDW;MMW;MRW;MTW,OK,NONE,NONE,2026-08-05
SPX,11400.0,0.0,0.0,0.0,0.0,0.0,0.0,0.0,0.0,7812.103346347588,7686.596653652413,7874.856692695175,7623.843307304825,SEP26,AUG26,2026-08-06,2026-09-18,7749.35,7599.305665762463,FOUND,WARN,UNKNOWN_SERIES;ESTIMATED_EXPIRY_ALIAS,2026-08-02.2,PUT_CALL_PARITY,AUG26,AUG26=PUT_CALL_PARITY;SEP26=PUT_CALL_PARITY;DEC26=PUT_CALL_PARITY;NOV26=PUT_CALL_PARITY;OCT26=PUT_CALL_PARITY;DEC28=PUT_CALL_PARITY;DEC29=PUT_CALL_PARITY;DEC30=PUT_CALL_PARITY;JAN27=PUT_CALL_PARITY;MAR27=PUT_CALL_PARITY;SEP27=PUT_CALL_PARITY;JUN27=PUT_CALL_PARITY;JUN28=SERIES_FORWARD_CLUSTER;DEC27=PUT_CALL_PARITY;MAR28=PUT_CALL_PARITY;FEB27=PUT_CALL_PARITY;APR27=PUT_CALL_PARITY;MAY27=PUT_CALL_PARITY;JUL27=PUT_CALL_PARITY;AUG27=PUT_CALL_PARITY,AUG26=7749.35;SEP26=7753.15;DEC26=7883.5;NOV26=7810.75;OCT26=7815.375;DEC28=8379.75;DEC29=8684.75;DEC30=7840.337;JAN27=7882.5;MAR27=7955;SEP27=8104.25;JUN27=8026.625;JUN28=8918.5;DEC27=8108.25;MAR28=8197;FEB27=7881.125;APR27=7962.25;MAY27=7967.125;JUL27=8047.375;AUG27=8053.25,NONE,WEIGHTED_ATM,2026-08-14,6,441,0.0,NONE,12064,11562,501,0,0,RTM,MDW;MMW;MRW;MTW,OK,NONE,NONE,2026-08-05
SPX,11500.0,0.0,0.0,0.0,0.0,0.0,0.0,0.0,0.0,7812.103346347588,7686.596653652413,7874.856692695175,7623.843307304825,SEP26,AUG26,2026-08-06,2026-09-18,7749.35,7599.305665762463,FOUND,WARN,UNKNOWN_SERIES;ESTIMATED_EXPIRY_ALIAS,2026-08-02.2,PUT_CALL_PARITY,AUG26,AUG26=PUT_CALL_PARITY;SEP26=PUT_CALL_PARITY;DEC26=PUT_CALL_PARITY;NOV26=PUT_CALL_PARITY;OCT26=PUT_CALL_PARITY;DEC28=PUT_CALL_PARITY;DEC29=PUT_CALL_PARITY;DEC30=PUT_CALL_PARITY;JAN27=PUT_CALL_PARITY;MAR27=PUT_CALL_PARITY;SEP27=PUT_CALL_PARITY;JUN27=PUT_CALL_PARITY;JUN28=SERIES_FORWARD_CLUSTER;DEC27=PUT_CALL_PARITY;MAR28=PUT_CALL_PARITY;FEB27=PUT_CALL_PARITY;APR27=PUT_CALL_PARITY;MAY27=PUT_CALL_PARITY;JUL27=PUT_CALL_PARITY;AUG27=PUT_CALL_PARITY,AUG26=7749.35;SEP26=7753.15;DEC26=7883.5;NOV26=7810.75;OCT26=7815.375;DEC28=8379.75;DEC29=8684.75;DEC30=7840.337;JAN27=7882.5;MAR27=7955;SEP27=8104.25;JUN27=8026.625;JUN28=8918.5;DEC27=8108.25;MAR28=8197;FEB27=7881.125;APR27=7962.25;MAY27=7967.125;JUL27=8047.375;AUG27=8053.25,NONE,WEIGHTED_ATM,2026-08-14,6,441,0.0,NONE,12064,11562,501,0,0,RTM,MDW;MMW;MRW;MTW,OK,NONE,NONE,2026-08-05
SPX,11600.0,0.0,0.0,0.0,0.0,0.0,0.0,0.0,0.0,7812.103346347588,7686.596653652413,7874.856692695175,7623.843307304825,SEP26,AUG26,2026-08-06,2026-09-18,7749.35,7599.305665762463,FOUND,WARN,UNKNOWN_SERIES;ESTIMATED_EXPIRY_ALIAS,2026-08-02.2,PUT_CALL_PARITY,AUG26,AUG26=PUT_CALL_PARITY;SEP26=PUT_CALL_PARITY;DEC26=PUT_CALL_PARITY;NOV26=PUT_CALL_PARITY;OCT26=PUT_CALL_PARITY;DEC28=PUT_CALL_PARITY;DEC29=PUT_CALL_PARITY;DEC30=PUT_CALL_PARITY;JAN27=PUT_CALL_PARITY;MAR27=PUT_CALL_PARITY;SEP27=PUT_CALL_PARITY;JUN27=PUT_CALL_PARITY;JUN28=SERIES_FORWARD_CLUSTER;DEC27=PUT_CALL_PARITY;MAR28=PUT_CALL_PARITY;FEB27=PUT_CALL_PARITY;APR27=PUT_CALL_PARITY;MAY27=PUT_CALL_PARITY;JUL27=PUT_CALL_PARITY;AUG27=PUT_CALL_PARITY,AUG26=7749.35;SEP26=7753.15;DEC26=7883.5;NOV26=7810.75;OCT26=7815.375;DEC28=8379.75;DEC29=8684.75;DEC30=7840.337;JAN27=7882.5;MAR27=7955;SEP27=8104.25;JUN27=8026.625;JUN28=8918.5;DEC27=8108.25;MAR28=8197;FEB27=7881.125;APR27=7962.25;MAY27=7967.125;JUL27=8047.375;AUG27=8053.25,NONE,WEIGHTED_ATM,2026-08-14,6,441,0.0,NONE,12064,11562,501,0,0,RTM,MDW;MMW;MRW;MTW,OK,NONE,NONE,2026-08-05
SPX,11800.0,0.0,0.0,0.0,0.0,0.0,0.0,0.0,0.0,7812.103346347588,7686.596653652413,7874.856692695175,7623.843307304825,SEP26,AUG26,2026-08-06,2026-09-18,7749.35,7599.305665762463,FOUND,WARN,UNKNOWN_SERIES;ESTIMATED_EXPIRY_ALIAS,2026-08-02.2,PUT_CALL_PARITY,AUG26,AUG26=PUT_CALL_PARITY;SEP26=PUT_CALL_PARITY;DEC26=PUT_CALL_PARITY;NOV26=PUT_CALL_PARITY;OCT26=PUT_CALL_PARITY;DEC28=PUT_CALL_PARITY;DEC29=PUT_CALL_PARITY;DEC30=PUT_CALL_PARITY;JAN27=PUT_CALL_PARITY;MAR27=PUT_CALL_PARITY;SEP27=PUT_CALL_PARITY;JUN27=PUT_CALL_PARITY;JUN28=SERIES_FORWARD_CLUSTER;DEC27=PUT_CALL_PARITY;MAR28=PUT_CALL_PARITY;FEB27=PUT_CALL_PARITY;APR27=PUT_CALL_PARITY;MAY27=PUT_CALL_PARITY;JUL27=PUT_CALL_PARITY;AUG27=PUT_CALL_PARITY,AUG26=7749.35;SEP26=7753.15;DEC26=7883.5;NOV26=7810.75;OCT26=7815.375;DEC28=8379.75;DEC29=8684.75;DEC30=7840.337;JAN27=7882.5;MAR27=7955;SEP27=8104.25;JUN27=8026.625;JUN28=8918.5;DEC27=8108.25;MAR28=8197;FEB27=7881.125;APR27=7962.25;MAY27=7967.125;JUL27=8047.375;AUG27=8053.25,NONE,WEIGHTED_ATM,2026-08-14,6,441,0.0,NONE,12064,11562,501,0,0,RTM,MDW;MMW;MRW;MTW,OK,NONE,NONE,2026-08-05
SPX,12000.0,0.0,0.0,0.0,0.0,0.0,0.0,0.0,0.0,7812.103346347588,7686.596653652413,7874.856692695175,7623.843307304825,SEP26,AUG26,2026-08-06,2026-09-18,7749.35,7599.305665762463,FOUND,WARN,UNKNOWN_SERIES;ESTIMATED_EXPIRY_ALIAS,2026-08-02.2,PUT_CALL_PARITY,AUG26,AUG26=PUT_CALL_PARITY;SEP26=PUT_CALL_PARITY;DEC26=PUT_CALL_PARITY;NOV26=PUT_CALL_PARITY;OCT26=PUT_CALL_PARITY;DEC28=PUT_CALL_PARITY;DEC29=PUT_CALL_PARITY;DEC30=PUT_CALL_PARITY;JAN27=PUT_CALL_PARITY;MAR27=PUT_CALL_PARITY;SEP27=PUT_CALL_PARITY;JUN27=PUT_CALL_PARITY;JUN28=SERIES_FORWARD_CLUSTER;DEC27=PUT_CALL_PARITY;MAR28=PUT_CALL_PARITY;FEB27=PUT_CALL_PARITY;APR27=PUT_CALL_PARITY;MAY27=PUT_CALL_PARITY;JUL27=PUT_CALL_PARITY;AUG27=PUT_CALL_PARITY,AUG26=7749.35;SEP26=7753.15;DEC26=7883.5;NOV26=7810.75;OCT26=7815.375;DEC28=8379.75;DEC29=8684.75;DEC30=7840.337;JAN27=7882.5;MAR27=7955;SEP27=8104.25;JUN27=8026.625;JUN28=8918.5;DEC27=8108.25;MAR28=8197;FEB27=7881.125;APR27=7962.25;MAY27=7967.125;JUL27=8047.375;AUG27=8053.25,NONE,WEIGHTED_ATM,2026-08-14,6,441,0.0,NONE,12064,11562,501,0,0,RTM,MDW;MMW;MRW;MTW,OK,NONE,NONE,2026-08-05
SPX,12200.0,0.0,0.0,0.0,0.0,0.0,0.0,0.0,0.0,7812.103346347588,7686.596653652413,7874.856692695175,7623.843307304825,SEP26,AUG26,2026-08-06,2026-09-18,7749.35,7599.305665762463,FOUND,WARN,UNKNOWN_SERIES;ESTIMATED_EXPIRY_ALIAS,2026-08-02.2,PUT_CALL_PARITY,AUG26,AUG26=PUT_CALL_PARITY;SEP26=PUT_CALL_PARITY;DEC26=PUT_CALL_PARITY;NOV26=PUT_CALL_PARITY;OCT26=PUT_CALL_PARITY;DEC28=PUT_CALL_PARITY;DEC29=PUT_CALL_PARITY;DEC30=PUT_CALL_PARITY;JAN27=PUT_CALL_PARITY;MAR27=PUT_CALL_PARITY;SEP27=PUT_CALL_PARITY;JUN27=PUT_CALL_PARITY;JUN28=SERIES_FORWARD_CLUSTER;DEC27=PUT_CALL_PARITY;MAR28=PUT_CALL_PARITY;FEB27=PUT_CALL_PARITY;APR27=PUT_CALL_PARITY;MAY27=PUT_CALL_PARITY;JUL27=PUT_CALL_PARITY;AUG27=PUT_CALL_PARITY,AUG26=7749.35;SEP26=7753.15;DEC26=7883.5;NOV26=7810.75;OCT26=7815.375;DEC28=8379.75;DEC29=8684.75;DEC30=7840.337;JAN27=7882.5;MAR27=7955;SEP27=8104.25;JUN27=8026.625;JUN28=8918.5;DEC27=8108.25;MAR28=8197;FEB27=7881.125;APR27=7962.25;MAY27=7967.125;JUL27=8047.375;AUG27=8053.25,NONE,WEIGHTED_ATM,2026-08-14,6,441,0.0,NONE,12064,11562,501,0,0,RTM,MDW;MMW;MRW;MTW,OK,NONE,NONE,2026-08-05
SPX,12600.0,0.0,0.0,0.0,0.0,0.0,0.0,0.0,0.0,7812.103346347588,7686.596653652413,7874.856692695175,7623.843307304825,SEP26,AUG26,2026-08-06,2026-09-18,7749.35,7599.305665762463,FOUND,WARN,UNKNOWN_SERIES;ESTIMATED_EXPIRY_ALIAS,2026-08-02.2,PUT_CALL_PARITY,AUG26,AUG26=PUT_CALL_PARITY;SEP26=PUT_CALL_PARITY;DEC26=PUT_CALL_PARITY;NOV26=PUT_CALL_PARITY;OCT26=PUT_CALL_PARITY;DEC28=PUT_CALL_PARITY;DEC29=PUT_CALL_PARITY;DEC30=PUT_CALL_PARITY;JAN27=PUT_CALL_PARITY;MAR27=PUT_CALL_PARITY;SEP27=PUT_CALL_PARITY;JUN27=PUT_CALL_PARITY;JUN28=SERIES_FORWARD_CLUSTER;DEC27=PUT_CALL_PARITY;MAR28=PUT_CALL_PARITY;FEB27=PUT_CALL_PARITY;APR27=PUT_CALL_PARITY;MAY27=PUT_CALL_PARITY;JUL27=PUT_CALL_PARITY;AUG27=PUT_CALL_PARITY,AUG26=7749.35;SEP26=7753.15;DEC26=7883.5;NOV26=7810.75;OCT26=7815.375;DEC28=8379.75;DEC29=8684.75;DEC30=7840.337;JAN27=7882.5;MAR27=7955;SEP27=8104.25;JUN27=8026.625;JUN28=8918.5;DEC27=8108.25;MAR28=8197;FEB27=7881.125;APR27=7962.25;MAY27=7967.125;JUL27=8047.375;AUG27=8053.25,NONE,WEIGHTED_ATM,2026-08-14,6,441,0.0,NONE,12064,11562,501,0,0,RTM,MDW;MMW;MRW;MTW,OK,NONE,NONE,2026-08-05
