Currency,Strike,Total_GEX,Total_Abs_Gamma,Daily_Call_Settle,Daily_Call_OI,Daily_Put_Settle,Daily_Put_OI,Global_Call_OI,Global_Put_OI,R68_High,R68_Low,R95_High,R95_Low,Global_Month,Daily_Month,Futures_Spot,Gamma_Flip
XAU,1350.0,-0.0009812514851326305,9.812514851326304e-06,0.0,0.0,0.0,0.0,0.0,0.0,4394.001572256504,4316.569856314925,4432.717430227292,4277.853998344137,AUG26,JUN26,4355.285714285715,5214.516271056254
XAU,1375.0,-9.803686052470421e-05,9.803686052470421e-07,0.0,0.0,0.0,0.0,0.0,0.0,4394.001572256504,4316.569856314925,4432.717430227292,4277.853998344137,AUG26,JUN26,4355.285714285715,5214.516271056254
XAU,1400.0,-0.00010099650763775599,1.0099650763775599e-06,0.0,0.0,0.0,0.0,0.0,0.0,4394.001572256504,4316.569856314925,4432.717430227292,4277.853998344137,AUG26,JUN26,4355.285714285715,5214.516271056254
XAU,1500.0,-0.00013797475627793846,1.3797475627793847e-06,0.0,0.0,0.0,0.0,0.0,0.0,4394.001572256504,4316.569856314925,4432.717430227292,4277.853998344137,AUG26,JUN26,4355.285714285715,5214.516271056254
XAU,1600.0,0.0,0.0,0.0,0.0,0.0,0.0,0.0,0.0,4394.001572256504,4316.569856314925,4432.717430227292,4277.853998344137,AUG26,JUN26,4355.285714285715,5214.516271056254
XAU,1700.0,0.0,0.0,0.0,0.0,0.0,0.0,0.0,0.0,4394.001572256504,4316.569856314925,4432.717430227292,4277.853998344137,AUG26,JUN26,4355.285714285715,5214.516271056254
XAU,1845.0,0.0,0.0,0.0,0.0,0.0,0.0,0.0,0.0,4394.001572256504,4316.569856314925,4432.717430227292,4277.853998344137,AUG26,JUN26,4355.285714285715,5214.516271056254
XAU,1900.0,0.0,0.0,0.0,0.0,0.0,0.0,0.0,0.0,4394.001572256504,4316.569856314925,4432.717430227292,4277.853998344137,AUG26,JUN26,4355.285714285715,5214.516271056254
XAU,1995.0,-0.0012310321472561586,1.2310321472561586e-05,0.0,0.0,0.0,0.0,0.0,0.0,4394.001572256504,4316.569856314925,4432.717430227292,4277.853998344137,AUG26,JUN26,4355.285714285715,5214.516271056254
XAU,2000.0,-0.0012383201212557982,1.2383201212557981e-05,0.0,0.0,0.0,0.0,0.0,0.0,4394.001572256504,4316.569856314925,4432.717430227292,4277.853998344137,AUG26,JUN26,4355.285714285715,5214.516271056254
XAU,2005.0,-0.0004982619405562646,4.982619405562645e-06,0.0,0.0,0.0,0.0,0.0,0.0,4394.001572256504,4316.569856314925,4432.717430227292,4277.853998344137,AUG26,JUN26,4355.285714285715,5214.516271056254
XAU,2100.0,0.0,0.0,0.0,0.0,0.0,0.0,0.0,0.0,4394.001572256504,4316.569856314925,4432.717430227292,4277.853998344137,AUG26,JUN26,4355.285714285715,5214.516271056254
XAU,2200.0,-0.0016893042607874999,1.6893042607874998e-05,0.0,0.0,0.0,0.0,0.0,0.0,4394.001572256504,4316.569856314925,4432.717430227292,4277.853998344137,AUG26,JUN26,4355.285714285715,5214.516271056254
XAU,2300.0,0.0,0.0,0.0,0.0,0.0,0.0,0.0,0.0,4394.001572256504,4316.569856314925,4432.717430227292,4277.853998344137,AUG26,JUN26,4355.285714285715,5214.516271056254
XAU,2325.0,0.0,0.0,0.0,0.0,0.0,0.0,0.0,0.0,4394.001572256504,4316.569856314925,4432.717430227292,4277.853998344137,AUG26,JUN26,4355.285714285715,5214.516271056254
XAU,2350.0,0.0,0.0,0.0,0.0,0.0,0.0,0.0,0.0,4394.001572256504,4316.569856314925,4432.717430227292,4277.853998344137,AUG26,JUN26,4355.285714285715,5214.516271056254
XAU,2375.0,0.0,0.0,0.0,0.0,0.0,0.0,0.0,0.0,4394.001572256504,4316.569856314925,4432.717430227292,4277.853998344137,AUG26,JUN26,4355.285714285715,5214.516271056254
XAU,2400.0,0.0,0.0,0.0,0.0,0.0,0.0,0.0,0.0,4394.001572256504,4316.569856314925,4432.717430227292,4277.853998344137,AUG26,JUN26,4355.285714285715,5214.516271056254
XAU,2425.0,0.0,0.0,0.0,0.0,0.0,0.0,0.0,0.0,4394.001572256504,4316.569856314925,4432.717430227292,4277.853998344137,AUG26,JUN26,4355.285714285715,5214.516271056254
XAU,2450.0,0.0,0.0,0.0,0.0,0.0,0.0,0.0,0.0,4394.001572256504,4316.569856314925,4432.717430227292,4277.853998344137,AUG26,JUN26,4355.285714285715,5214.516271056254
XAU,2475.0,0.0,0.0,0.0,0.0,0.0,0.0,0.0,0.0,4394.001572256504,4316.569856314925,4432.717430227292,4277.853998344137,AUG26,JUN26,4355.285714285715,5214.516271056254
XAU,2490.0,0.0,0.0,0.0,0.0,0.0,0.0,0.0,0.0,4394.001572256504,4316.569856314925,4432.717430227292,4277.853998344137,AUG26,JUN26,4355.285714285715,5214.516271056254
XAU,2500.0,0.0,0.0,0.0,0.0,0.0,0.0,0.0,0.0,4394.001572256504,4316.569856314925,4432.717430227292,4277.853998344137,AUG26,JUN26,4355.285714285715,5214.516271056254
XAU,2540.0,0.0,0.0,0.0,0.0,0.0,0.0,0.0,0.0,4394.001572256504,4316.569856314925,4432.717430227292,4277.853998344137,AUG26,JUN26,4355.285714285715,5214.516271056254
XAU,2550.0,0.0,0.0,0.0,0.0,0.0,0.0,0.0,0.0,4394.001572256504,4316.569856314925,4432.717430227292,4277.853998344137,AUG26,JUN26,4355.285714285715,5214.516271056254
XAU,2560.0,0.0,0.0,0.0,0.0,0.0,0.0,0.0,0.0,4394.001572256504,4316.569856314925,4432.717430227292,4277.853998344137,AUG26,JUN26,4355.285714285715,5214.516271056254
XAU,2570.0,0.0,0.0,0.0,0.0,0.0,0.0,0.0,0.0,4394.001572256504,4316.569856314925,4432.717430227292,4277.853998344137,AUG26,JUN26,4355.285714285715,5214.516271056254
XAU,2575.0,0.0,0.0,0.0,0.0,0.0,0.0,0.0,0.0,4394.001572256504,4316.569856314925,4432.717430227292,4277.853998344137,AUG26,JUN26,4355.285714285715,5214.516271056254
XAU,2580.0,0.0,0.0,0.0,0.0,0.0,0.0,0.0,0.0,4394.001572256504,4316.569856314925,4432.717430227292,4277.853998344137,AUG26,JUN26,4355.285714285715,5214.516271056254
XAU,2590.0,0.0,0.0,0.0,0.0,0.0,0.0,0.0,0.0,4394.001572256504,4316.569856314925,4432.717430227292,4277.853998344137,AUG26,JUN26,4355.285714285715,5214.516271056254
XAU,2600.0,0.0,0.0,0.0,0.0,0.0,0.0,0.0,0.0,4394.001572256504,4316.569856314925,4432.717430227292,4277.853998344137,AUG26,JUN26,4355.285714285715,5214.516271056254
XAU,2615.0,0.0,0.0,0.0,0.0,0.0,0.0,0.0,0.0,4394.001572256504,4316.569856314925,4432.717430227292,4277.853998344137,AUG26,JUN26,4355.285714285715,5214.516271056254
XAU,2625.0,0.0,0.0,0.0,0.0,0.0,0.0,0.0,0.0,4394.001572256504,4316.569856314925,4432.717430227292,4277.853998344137,AUG26,JUN26,4355.285714285715,5214.516271056254
XAU,2630.0,-0.0018502143286377548,1.8502143286377548e-05,0.0,0.0,0.0,0.0,0.0,0.0,4394.001572256504,4316.569856314925,4432.717430227292,4277.853998344137,AUG26,JUN26,4355.285714285715,5214.516271056254
XAU,2640.0,0.0,0.0,0.0,0.0,0.0,0.0,0.0,0.0,4394.001572256504,4316.569856314925,4432.717430227292,4277.853998344137,AUG26,JUN26,4355.285714285715,5214.516271056254
XAU,2650.0,0.0,0.0,0.0,0.0,0.0,0.0,0.0,0.0,4394.001572256504,4316.569856314925,4432.717430227292,4277.853998344137,AUG26,JUN26,4355.285714285715,5214.516271056254
XAU,2660.0,0.0,0.0,0.0,0.0,0.0,0.0,0.0,0.0,4394.001572256504,4316.569856314925,4432.717430227292,4277.853998344137,AUG26,JUN26,4355.285714285715,5214.516271056254
XAU,2665.0,0.0,0.0,0.0,0.0,0.0,0.0,0.0,0.0,4394.001572256504,4316.569856314925,4432.717430227292,4277.853998344137,AUG26,JUN26,4355.285714285715,5214.516271056254
XAU,2675.0,0.0,0.0,0.0,0.0,0.0,0.0,0.0,0.0,4394.001572256504,4316.569856314925,4432.717430227292,4277.853998344137,AUG26,JUN26,4355.285714285715,5214.516271056254
XAU,2685.0,0.0,0.0,0.0,0.0,0.0,0.0,0.0,0.0,4394.001572256504,4316.569856314925,4432.717430227292,4277.853998344137,AUG26,JUN26,4355.285714285715,5214.516271056254
XAU,2690.0,0.0,0.0,0.0,0.0,0.0,0.0,0.0,0.0,4394.001572256504,4316.569856314925,4432.717430227292,4277.853998344137,AUG26,JUN26,4355.285714285715,5214.516271056254
XAU,2700.0,0.0,0.0,0.0,0.0,0.0,0.0,0.0,0.0,4394.001572256504,4316.569856314925,4432.717430227292,4277.853998344137,AUG26,JUN26,4355.285714285715,5214.516271056254
XAU,2705.0,0.0,0.0,0.0,0.0,0.0,0.0,0.0,0.0,4394.001572256504,4316.569856314925,4432.717430227292,4277.853998344137,AUG26,JUN26,4355.285714285715,5214.516271056254
XAU,2730.0,0.0,0.0,0.0,0.0,0.0,0.0,0.0,0.0,4394.001572256504,4316.569856314925,4432.717430227292,4277.853998344137,AUG26,JUN26,4355.285714285715,5214.516271056254
XAU,2735.0,0.0,0.0,0.0,0.0,0.0,0.0,0.0,0.0,4394.001572256504,4316.569856314925,4432.717430227292,4277.853998344137,AUG26,JUN26,4355.285714285715,5214.516271056254
XAU,2740.0,0.0,0.0,0.0,0.0,0.0,0.0,0.0,0.0,4394.001572256504,4316.569856314925,4432.717430227292,4277.853998344137,AUG26,JUN26,4355.285714285715,5214.516271056254
XAU,2745.0,0.0,0.0,0.0,0.0,0.0,0.0,0.0,0.0,4394.001572256504,4316.569856314925,4432.717430227292,4277.853998344137,AUG26,JUN26,4355.285714285715,5214.516271056254
XAU,2750.0,0.0,0.0,0.0,0.0,0.0,0.0,0.0,0.0,4394.001572256504,4316.569856314925,4432.717430227292,4277.853998344137,AUG26,JUN26,4355.285714285715,5214.516271056254
XAU,2795.0,0.0,0.0,0.0,0.0,0.0,0.0,0.0,0.0,4394.001572256504,4316.569856314925,4432.717430227292,4277.853998344137,AUG26,JUN26,4355.285714285715,5214.516271056254
XAU,2800.0,-0.03251547629220499,0.0003251547629220499,0.0,0.0,0.0,0.0,0.0,0.0,4394.001572256504,4316.569856314925,4432.717430227292,4277.853998344137,AUG26,JUN26,4355.285714285715,5214.516271056254
XAU,2810.0,-0.0032726065335522037,3.272606533552204e-05,0.0,0.0,0.0,0.0,0.0,0.0,4394.001572256504,4316.569856314925,4432.717430227292,4277.853998344137,AUG26,JUN26,4355.285714285715,5214.516271056254
XAU,2825.0,-0.002424894743280951,2.4248947432809512e-05,0.0,0.0,0.0,0.0,0.0,0.0,4394.001572256504,4316.569856314925,4432.717430227292,4277.853998344137,AUG26,JUN26,4355.285714285715,5214.516271056254
XAU,2840.0,0.0,0.0,0.0,0.0,0.0,0.0,0.0,0.0,4394.001572256504,4316.569856314925,4432.717430227292,4277.853998344137,AUG26,JUN26,4355.285714285715,5214.516271056254
XAU,2845.0,0.0,0.0,0.0,0.0,0.0,0.0,0.0,0.0,4394.001572256504,4316.569856314925,4432.717430227292,4277.853998344137,AUG26,JUN26,4355.285714285715,5214.516271056254
XAU,2850.0,0.0,0.0,0.0,0.0,0.0,0.0,0.0,0.0,4394.001572256504,4316.569856314925,4432.717430227292,4277.853998344137,AUG26,JUN26,4355.285714285715,5214.516271056254
XAU,2855.0,0.0,0.0,0.0,0.0,0.0,0.0,0.0,0.0,4394.001572256504,4316.569856314925,4432.717430227292,4277.853998344137,AUG26,JUN26,4355.285714285715,5214.516271056254
XAU,2860.0,0.0,0.0,0.0,0.0,0.0,0.0,0.0,0.0,4394.001572256504,4316.569856314925,4432.717430227292,4277.853998344137,AUG26,JUN26,4355.285714285715,5214.516271056254
XAU,2865.0,0.0,0.0,0.0,0.0,0.0,0.0,0.0,0.0,4394.001572256504,4316.569856314925,4432.717430227292,4277.853998344137,AUG26,JUN26,4355.285714285715,5214.516271056254
XAU,2875.0,0.0,0.0,0.0,0.0,0.0,0.0,0.0,0.0,4394.001572256504,4316.569856314925,4432.717430227292,4277.853998344137,AUG26,JUN26,4355.285714285715,5214.516271056254
XAU,2885.0,0.0,0.0,0.0,0.0,0.0,0.0,0.0,0.0,4394.001572256504,4316.569856314925,4432.717430227292,4277.853998344137,AUG26,JUN26,4355.285714285715,5214.516271056254
XAU,2890.0,0.0,0.0,0.0,0.0,0.0,0.0,0.0,0.0,4394.001572256504,4316.569856314925,4432.717430227292,4277.853998344137,AUG26,JUN26,4355.285714285715,5214.516271056254
XAU,2895.0,0.0,0.0,0.0,0.0,0.0,0.0,0.0,0.0,4394.001572256504,4316.569856314925,4432.717430227292,4277.853998344137,AUG26,JUN26,4355.285714285715,5214.516271056254
XAU,2900.0,0.0,0.0,0.0,0.0,0.0,0.0,0.0,0.0,4394.001572256504,4316.569856314925,4432.717430227292,4277.853998344137,AUG26,JUN26,4355.285714285715,5214.516271056254
XAU,2905.0,0.0,0.0,0.0,0.0,0.0,0.0,0.0,0.0,4394.001572256504,4316.569856314925,4432.717430227292,4277.853998344137,AUG26,JUN26,4355.285714285715,5214.516271056254
XAU,2910.0,0.0,0.0,0.0,0.0,0.0,0.0,0.0,0.0,4394.001572256504,4316.569856314925,4432.717430227292,4277.853998344137,AUG26,JUN26,4355.285714285715,5214.516271056254
XAU,2915.0,0.0,0.0,0.0,0.0,0.0,0.0,0.0,0.0,4394.001572256504,4316.569856314925,4432.717430227292,4277.853998344137,AUG26,JUN26,4355.285714285715,5214.516271056254
XAU,2920.0,0.0,0.0,0.0,0.0,0.0,0.0,0.0,0.0,4394.001572256504,4316.569856314925,4432.717430227292,4277.853998344137,AUG26,JUN26,4355.285714285715,5214.516271056254
XAU,2925.0,0.0,0.0,0.0,0.0,0.0,0.0,0.0,0.0,4394.001572256504,4316.569856314925,4432.717430227292,4277.853998344137,AUG26,JUN26,4355.285714285715,5214.516271056254
XAU,2940.0,0.0,0.0,0.0,0.0,0.0,0.0,0.0,0.0,4394.001572256504,4316.569856314925,4432.717430227292,4277.853998344137,AUG26,JUN26,4355.285714285715,5214.516271056254
XAU,2945.0,0.0,0.0,0.0,0.0,0.0,0.0,0.0,0.0,4394.001572256504,4316.569856314925,4432.717430227292,4277.853998344137,AUG26,JUN26,4355.285714285715,5214.516271056254
XAU,2950.0,0.0,0.0,0.0,0.0,0.0,0.0,0.0,0.0,4394.001572256504,4316.569856314925,4432.717430227292,4277.853998344137,AUG26,JUN26,4355.285714285715,5214.516271056254
XAU,2960.0,0.0,0.0,0.0,0.0,0.0,0.0,0.0,0.0,4394.001572256504,4316.569856314925,4432.717430227292,4277.853998344137,AUG26,JUN26,4355.285714285715,5214.516271056254
XAU,2965.0,0.0,0.0,0.0,0.0,0.0,0.0,0.0,0.0,4394.001572256504,4316.569856314925,4432.717430227292,4277.853998344137,AUG26,JUN26,4355.285714285715,5214.516271056254
XAU,2975.0,0.0,0.0,0.0,0.0,0.0,0.0,0.0,0.0,4394.001572256504,4316.569856314925,4432.717430227292,4277.853998344137,AUG26,JUN26,4355.285714285715,5214.516271056254
XAU,2980.0,0.0,0.0,0.0,0.0,0.0,0.0,0.0,0.0,4394.001572256504,4316.569856314925,4432.717430227292,4277.853998344137,AUG26,JUN26,4355.285714285715,5214.516271056254
XAU,2985.0,0.0,0.0,0.0,0.0,0.0,0.0,0.0,0.0,4394.001572256504,4316.569856314925,4432.717430227292,4277.853998344137,AUG26,JUN26,4355.285714285715,5214.516271056254
XAU,2990.0,0.0,0.0,0.0,0.0,0.0,0.0,0.0,0.0,4394.001572256504,4316.569856314925,4432.717430227292,4277.853998344137,AUG26,JUN26,4355.285714285715,5214.516271056254
XAU,2995.0,0.0,0.0,0.0,0.0,0.0,0.0,0.0,0.0,4394.001572256504,4316.569856314925,4432.717430227292,4277.853998344137,AUG26,JUN26,4355.285714285715,5214.516271056254
XAU,3000.0,0.0,0.0,0.0,0.0,0.0,0.0,0.0,0.0,4394.001572256504,4316.569856314925,4432.717430227292,4277.853998344137,AUG26,JUN26,4355.285714285715,5214.516271056254
XAU,3005.0,0.0,0.0,0.0,0.0,0.0,0.0,0.0,0.0,4394.001572256504,4316.569856314925,4432.717430227292,4277.853998344137,AUG26,JUN26,4355.285714285715,5214.516271056254
XAU,3010.0,0.0,0.0,0.0,0.0,0.0,0.0,0.0,0.0,4394.001572256504,4316.569856314925,4432.717430227292,4277.853998344137,AUG26,JUN26,4355.285714285715,5214.516271056254
XAU,3015.0,0.0,0.0,0.0,0.0,0.0,0.0,0.0,0.0,4394.001572256504,4316.569856314925,4432.717430227292,4277.853998344137,AUG26,JUN26,4355.285714285715,5214.516271056254
XAU,3025.0,0.0,0.0,0.0,0.0,0.0,0.0,0.0,0.0,4394.001572256504,4316.569856314925,4432.717430227292,4277.853998344137,AUG26,JUN26,4355.285714285715,5214.516271056254
XAU,3030.0,0.0,0.0,0.0,0.0,0.0,0.0,0.0,0.0,4394.001572256504,4316.569856314925,4432.717430227292,4277.853998344137,AUG26,JUN26,4355.285714285715,5214.516271056254
XAU,3035.0,0.0,0.0,0.0,0.0,0.0,0.0,0.0,0.0,4394.001572256504,4316.569856314925,4432.717430227292,4277.853998344137,AUG26,JUN26,4355.285714285715,5214.516271056254
XAU,3040.0,0.0,0.0,0.0,0.0,0.0,0.0,0.0,0.0,4394.001572256504,4316.569856314925,4432.717430227292,4277.853998344137,AUG26,JUN26,4355.285714285715,5214.516271056254
XAU,3045.0,0.0,0.0,0.0,0.0,0.0,0.0,0.0,0.0,4394.001572256504,4316.569856314925,4432.717430227292,4277.853998344137,AUG26,JUN26,4355.285714285715,5214.516271056254
XAU,3050.0,0.0,0.0,0.0,0.0,0.0,0.0,0.0,0.0,4394.001572256504,4316.569856314925,4432.717430227292,4277.853998344137,AUG26,JUN26,4355.285714285715,5214.516271056254
XAU,3055.0,0.0,0.0,0.0,0.0,0.0,0.0,0.0,0.0,4394.001572256504,4316.569856314925,4432.717430227292,4277.853998344137,AUG26,JUN26,4355.285714285715,5214.516271056254
XAU,3060.0,0.0,0.0,0.0,0.0,0.0,0.0,0.0,0.0,4394.001572256504,4316.569856314925,4432.717430227292,4277.853998344137,AUG26,JUN26,4355.285714285715,5214.516271056254
XAU,3065.0,0.0,0.0,0.0,0.0,0.0,0.0,0.0,0.0,4394.001572256504,4316.569856314925,4432.717430227292,4277.853998344137,AUG26,JUN26,4355.285714285715,5214.516271056254
XAU,3075.0,0.0,0.0,0.0,0.0,0.0,0.0,0.0,0.0,4394.001572256504,4316.569856314925,4432.717430227292,4277.853998344137,AUG26,JUN26,4355.285714285715,5214.516271056254
XAU,3080.0,0.0,0.0,0.0,0.0,0.0,0.0,0.0,0.0,4394.001572256504,4316.569856314925,4432.717430227292,4277.853998344137,AUG26,JUN26,4355.285714285715,5214.516271056254
XAU,3085.0,0.0,0.0,0.0,0.0,0.0,0.0,0.0,0.0,4394.001572256504,4316.569856314925,4432.717430227292,4277.853998344137,AUG26,JUN26,4355.285714285715,5214.516271056254
XAU,3090.0,0.0,0.0,0.0,0.0,0.0,0.0,0.0,0.0,4394.001572256504,4316.569856314925,4432.717430227292,4277.853998344137,AUG26,JUN26,4355.285714285715,5214.516271056254
XAU,3095.0,0.0,0.0,0.0,0.0,0.0,0.0,0.0,0.0,4394.001572256504,4316.569856314925,4432.717430227292,4277.853998344137,AUG26,JUN26,4355.285714285715,5214.516271056254
XAU,3100.0,0.0,0.0,0.0,0.0,0.0,0.0,0.0,0.0,4394.001572256504,4316.569856314925,4432.717430227292,4277.853998344137,AUG26,JUN26,4355.285714285715,5214.516271056254
XAU,3105.0,0.0,0.0,0.0,0.0,0.0,0.0,0.0,0.0,4394.001572256504,4316.569856314925,4432.717430227292,4277.853998344137,AUG26,JUN26,4355.285714285715,5214.516271056254
XAU,3110.0,0.0,0.0,0.0,0.0,0.0,0.0,0.0,0.0,4394.001572256504,4316.569856314925,4432.717430227292,4277.853998344137,AUG26,JUN26,4355.285714285715,5214.516271056254
XAU,3115.0,0.0,0.0,0.0,0.0,0.0,0.0,0.0,0.0,4394.001572256504,4316.569856314925,4432.717430227292,4277.853998344137,AUG26,JUN26,4355.285714285715,5214.516271056254
XAU,3120.0,0.0,0.0,0.0,0.0,0.0,0.0,0.0,0.0,4394.001572256504,4316.569856314925,4432.717430227292,4277.853998344137,AUG26,JUN26,4355.285714285715,5214.516271056254
XAU,3125.0,0.0,0.0,0.0,0.0,0.0,0.0,0.0,0.0,4394.001572256504,4316.569856314925,4432.717430227292,4277.853998344137,AUG26,JUN26,4355.285714285715,5214.516271056254
XAU,3130.0,0.0,0.0,0.0,0.0,0.0,0.0,0.0,0.0,4394.001572256504,4316.569856314925,4432.717430227292,4277.853998344137,AUG26,JUN26,4355.285714285715,5214.516271056254
XAU,3135.0,0.0,0.0,0.0,0.0,0.0,0.0,0.0,0.0,4394.001572256504,4316.569856314925,4432.717430227292,4277.853998344137,AUG26,JUN26,4355.285714285715,5214.516271056254
XAU,3140.0,0.0,0.0,0.0,0.0,0.0,0.0,0.0,0.0,4394.001572256504,4316.569856314925,4432.717430227292,4277.853998344137,AUG26,JUN26,4355.285714285715,5214.516271056254
XAU,3145.0,0.0,0.0,0.0,0.0,0.0,0.0,0.0,0.0,4394.001572256504,4316.569856314925,4432.717430227292,4277.853998344137,AUG26,JUN26,4355.285714285715,5214.516271056254
XAU,3150.0,0.0,0.0,0.0,0.0,0.0,0.0,0.0,0.0,4394.001572256504,4316.569856314925,4432.717430227292,4277.853998344137,AUG26,JUN26,4355.285714285715,5214.516271056254
XAU,3155.0,0.0,0.0,0.0,0.0,0.0,0.0,0.0,0.0,4394.001572256504,4316.569856314925,4432.717430227292,4277.853998344137,AUG26,JUN26,4355.285714285715,5214.516271056254
XAU,3160.0,0.0,0.0,0.0,0.0,0.0,0.0,0.0,0.0,4394.001572256504,4316.569856314925,4432.717430227292,4277.853998344137,AUG26,JUN26,4355.285714285715,5214.516271056254
XAU,3165.0,0.0,0.0,0.0,0.0,0.0,0.0,0.0,0.0,4394.001572256504,4316.569856314925,4432.717430227292,4277.853998344137,AUG26,JUN26,4355.285714285715,5214.516271056254
XAU,3170.0,0.0,0.0,0.0,0.0,0.0,0.0,0.0,0.0,4394.001572256504,4316.569856314925,4432.717430227292,4277.853998344137,AUG26,JUN26,4355.285714285715,5214.516271056254
XAU,3175.0,0.0,0.0,0.0,0.0,0.0,0.0,0.0,0.0,4394.001572256504,4316.569856314925,4432.717430227292,4277.853998344137,AUG26,JUN26,4355.285714285715,5214.516271056254
XAU,3180.0,0.0,0.0,0.0,0.0,0.0,0.0,0.0,0.0,4394.001572256504,4316.569856314925,4432.717430227292,4277.853998344137,AUG26,JUN26,4355.285714285715,5214.516271056254
XAU,3185.0,0.0,0.0,0.0,0.0,0.0,0.0,0.0,0.0,4394.001572256504,4316.569856314925,4432.717430227292,4277.853998344137,AUG26,JUN26,4355.285714285715,5214.516271056254
XAU,3190.0,0.0,0.0,0.0,0.0,0.0,0.0,0.0,0.0,4394.001572256504,4316.569856314925,4432.717430227292,4277.853998344137,AUG26,JUN26,4355.285714285715,5214.516271056254
XAU,3195.0,0.0,0.0,0.0,0.0,0.0,0.0,0.0,0.0,4394.001572256504,4316.569856314925,4432.717430227292,4277.853998344137,AUG26,JUN26,4355.285714285715,5214.516271056254
XAU,3200.0,0.0,0.0,0.0,0.0,0.0,0.0,0.0,0.0,4394.001572256504,4316.569856314925,4432.717430227292,4277.853998344137,AUG26,JUN26,4355.285714285715,5214.516271056254
XAU,3210.0,0.0,0.0,0.0,0.0,0.0,0.0,0.0,0.0,4394.001572256504,4316.569856314925,4432.717430227292,4277.853998344137,AUG26,JUN26,4355.285714285715,5214.516271056254
XAU,3215.0,0.0,0.0,0.0,0.0,0.0,0.0,0.0,0.0,4394.001572256504,4316.569856314925,4432.717430227292,4277.853998344137,AUG26,JUN26,4355.285714285715,5214.516271056254
XAU,3220.0,0.0,0.0,0.0,0.0,0.0,0.0,0.0,0.0,4394.001572256504,4316.569856314925,4432.717430227292,4277.853998344137,AUG26,JUN26,4355.285714285715,5214.516271056254
XAU,3225.0,0.0,0.0,0.0,0.0,0.0,0.0,0.0,0.0,4394.001572256504,4316.569856314925,4432.717430227292,4277.853998344137,AUG26,JUN26,4355.285714285715,5214.516271056254
XAU,3230.0,0.0,0.0,0.0,0.0,0.0,0.0,0.0,0.0,4394.001572256504,4316.569856314925,4432.717430227292,4277.853998344137,AUG26,JUN26,4355.285714285715,5214.516271056254
XAU,3235.0,0.0,0.0,0.0,0.0,0.0,0.0,0.0,0.0,4394.001572256504,4316.569856314925,4432.717430227292,4277.853998344137,AUG26,JUN26,4355.285714285715,5214.516271056254
XAU,3240.0,0.0,0.0,0.0,0.0,0.0,0.0,0.0,0.0,4394.001572256504,4316.569856314925,4432.717430227292,4277.853998344137,AUG26,JUN26,4355.285714285715,5214.516271056254
XAU,3250.0,0.0,0.0,0.0,0.0,0.0,0.0,0.0,0.0,4394.001572256504,4316.569856314925,4432.717430227292,4277.853998344137,AUG26,JUN26,4355.285714285715,5214.516271056254
XAU,3255.0,0.0,0.0,0.0,0.0,0.0,0.0,0.0,0.0,4394.001572256504,4316.569856314925,4432.717430227292,4277.853998344137,AUG26,JUN26,4355.285714285715,5214.516271056254
XAU,3260.0,0.0,0.0,0.0,0.0,0.0,0.0,0.0,0.0,4394.001572256504,4316.569856314925,4432.717430227292,4277.853998344137,AUG26,JUN26,4355.285714285715,5214.516271056254
XAU,3270.0,0.0,0.0,0.0,0.0,0.0,0.0,0.0,0.0,4394.001572256504,4316.569856314925,4432.717430227292,4277.853998344137,AUG26,JUN26,4355.285714285715,5214.516271056254
XAU,3275.0,0.0,0.0,0.0,0.0,0.0,0.0,0.0,0.0,4394.001572256504,4316.569856314925,4432.717430227292,4277.853998344137,AUG26,JUN26,4355.285714285715,5214.516271056254
XAU,3280.0,0.0,0.0,0.0,0.0,0.0,0.0,0.0,0.0,4394.001572256504,4316.569856314925,4432.717430227292,4277.853998344137,AUG26,JUN26,4355.285714285715,5214.516271056254
XAU,3285.0,0.0,0.0,0.0,0.0,0.0,0.0,0.0,0.0,4394.001572256504,4316.569856314925,4432.717430227292,4277.853998344137,AUG26,JUN26,4355.285714285715,5214.516271056254
XAU,3290.0,0.0,0.0,0.0,0.0,0.0,0.0,0.0,0.0,4394.001572256504,4316.569856314925,4432.717430227292,4277.853998344137,AUG26,JUN26,4355.285714285715,5214.516271056254
XAU,3295.0,0.0,0.0,0.0,0.0,0.0,0.0,0.0,0.0,4394.001572256504,4316.569856314925,4432.717430227292,4277.853998344137,AUG26,JUN26,4355.285714285715,5214.516271056254
XAU,3300.0,0.0,0.0,0.0,0.0,0.0,0.0,0.0,0.0,4394.001572256504,4316.569856314925,4432.717430227292,4277.853998344137,AUG26,JUN26,4355.285714285715,5214.516271056254
XAU,3305.0,0.0,0.0,0.0,0.0,0.0,0.0,0.0,0.0,4394.001572256504,4316.569856314925,4432.717430227292,4277.853998344137,AUG26,JUN26,4355.285714285715,5214.516271056254
XAU,3310.0,0.0,0.0,0.0,0.0,0.0,0.0,0.0,0.0,4394.001572256504,4316.569856314925,4432.717430227292,4277.853998344137,AUG26,JUN26,4355.285714285715,5214.516271056254
XAU,3315.0,0.0,0.0,0.0,0.0,0.0,0.0,0.0,0.0,4394.001572256504,4316.569856314925,4432.717430227292,4277.853998344137,AUG26,JUN26,4355.285714285715,5214.516271056254
XAU,3320.0,0.0,0.0,0.0,0.0,0.0,0.0,0.0,0.0,4394.001572256504,4316.569856314925,4432.717430227292,4277.853998344137,AUG26,JUN26,4355.285714285715,5214.516271056254
XAU,3325.0,0.0,0.0,0.0,0.0,0.0,0.0,0.0,0.0,4394.001572256504,4316.569856314925,4432.717430227292,4277.853998344137,AUG26,JUN26,4355.285714285715,5214.516271056254
XAU,3330.0,0.0,0.0,0.0,0.0,0.0,0.0,0.0,0.0,4394.001572256504,4316.569856314925,4432.717430227292,4277.853998344137,AUG26,JUN26,4355.285714285715,5214.516271056254
XAU,3335.0,0.0,0.0,0.0,0.0,0.0,0.0,0.0,0.0,4394.001572256504,4316.569856314925,4432.717430227292,4277.853998344137,AUG26,JUN26,4355.285714285715,5214.516271056254
XAU,3340.0,0.0,0.0,0.0,0.0,0.0,0.0,0.0,0.0,4394.001572256504,4316.569856314925,4432.717430227292,4277.853998344137,AUG26,JUN26,4355.285714285715,5214.516271056254
XAU,3345.0,0.0,0.0,0.0,0.0,0.0,0.0,0.0,0.0,4394.001572256504,4316.569856314925,4432.717430227292,4277.853998344137,AUG26,JUN26,4355.285714285715,5214.516271056254
XAU,3350.0,0.0,0.0,0.0,0.0,0.0,0.0,0.0,0.0,4394.001572256504,4316.569856314925,4432.717430227292,4277.853998344137,AUG26,JUN26,4355.285714285715,5214.516271056254
XAU,3355.0,0.0,0.0,0.0,0.0,0.0,0.0,0.0,0.0,4394.001572256504,4316.569856314925,4432.717430227292,4277.853998344137,AUG26,JUN26,4355.285714285715,5214.516271056254
XAU,3360.0,0.0,0.0,0.0,0.0,0.0,0.0,0.0,0.0,4394.001572256504,4316.569856314925,4432.717430227292,4277.853998344137,AUG26,JUN26,4355.285714285715,5214.516271056254
XAU,3365.0,0.0,0.0,0.0,0.0,0.0,0.0,0.0,0.0,4394.001572256504,4316.569856314925,4432.717430227292,4277.853998344137,AUG26,JUN26,4355.285714285715,5214.516271056254
XAU,3370.0,0.0,0.0,0.0,0.0,0.0,0.0,0.0,0.0,4394.001572256504,4316.569856314925,4432.717430227292,4277.853998344137,AUG26,JUN26,4355.285714285715,5214.516271056254
XAU,3375.0,0.0,0.0,0.0,0.0,0.0,0.0,0.0,0.0,4394.001572256504,4316.569856314925,4432.717430227292,4277.853998344137,AUG26,JUN26,4355.285714285715,5214.516271056254
XAU,3380.0,0.0,0.0,0.0,0.0,0.0,0.0,0.0,0.0,4394.001572256504,4316.569856314925,4432.717430227292,4277.853998344137,AUG26,JUN26,4355.285714285715,5214.516271056254
XAU,3385.0,0.0,0.0,0.0,0.0,0.0,0.0,0.0,0.0,4394.001572256504,4316.569856314925,4432.717430227292,4277.853998344137,AUG26,JUN26,4355.285714285715,5214.516271056254
XAU,3390.0,0.01937879051071549,0.0001937879051071549,0.0,0.0,0.0,0.0,0.0,0.0,4394.001572256504,4316.569856314925,4432.717430227292,4277.853998344137,AUG26,JUN26,4355.285714285715,5214.516271056254
XAU,3395.0,0.0,0.0,0.0,0.0,0.0,0.0,0.0,0.0,4394.001572256504,4316.569856314925,4432.717430227292,4277.853998344137,AUG26,JUN26,4355.285714285715,5214.516271056254
XAU,3400.0,-20.547569685105906,0.20547569685105904,0.0,0.0,0.0,0.0,0.0,0.0,4394.001572256504,4316.569856314925,4432.717430227292,4277.853998344137,AUG26,JUN26,4355.285714285715,5214.516271056254
XAU,3405.0,0.0,0.0,0.0,0.0,0.0,0.0,0.0,0.0,4394.001572256504,4316.569856314925,4432.717430227292,4277.853998344137,AUG26,JUN26,4355.285714285715,5214.516271056254
XAU,3410.0,0.0,0.0,0.0,0.0,0.0,0.0,0.0,0.0,4394.001572256504,4316.569856314925,4432.717430227292,4277.853998344137,AUG26,JUN26,4355.285714285715,5214.516271056254
XAU,3415.0,0.0,0.0,0.0,0.0,0.0,0.0,0.0,0.0,4394.001572256504,4316.569856314925,4432.717430227292,4277.853998344137,AUG26,JUN26,4355.285714285715,5214.516271056254
XAU,3420.0,0.0,0.0,0.0,0.0,0.0,0.0,0.0,0.0,4394.001572256504,4316.569856314925,4432.717430227292,4277.853998344137,AUG26,JUN26,4355.285714285715,5214.516271056254
XAU,3425.0,-6.282535097600358,0.06282535097600359,0.0,0.0,0.0,0.0,0.0,0.0,4394.001572256504,4316.569856314925,4432.717430227292,4277.853998344137,AUG26,JUN26,4355.285714285715,5214.516271056254
XAU,3430.0,0.0,0.0,0.0,0.0,0.0,0.0,0.0,0.0,4394.001572256504,4316.569856314925,4432.717430227292,4277.853998344137,AUG26,JUN26,4355.285714285715,5214.516271056254
XAU,3435.0,0.0,0.0,0.0,0.0,0.0,0.0,0.0,0.0,4394.001572256504,4316.569856314925,4432.717430227292,4277.853998344137,AUG26,JUN26,4355.285714285715,5214.516271056254
XAU,3440.0,0.0,0.0,0.0,0.0,0.0,0.0,0.0,0.0,4394.001572256504,4316.569856314925,4432.717430227292,4277.853998344137,AUG26,JUN26,4355.285714285715,5214.516271056254
XAU,3445.0,0.0,0.0,0.0,0.0,0.0,0.0,0.0,0.0,4394.001572256504,4316.569856314925,4432.717430227292,4277.853998344137,AUG26,JUN26,4355.285714285715,5214.516271056254
XAU,3450.0,-3.805632311802562,0.03805632311802562,0.0,0.0,0.0,0.0,0.0,0.0,4394.001572256504,4316.569856314925,4432.717430227292,4277.853998344137,AUG26,JUN26,4355.285714285715,5214.516271056254
XAU,3455.0,-0.0178911335294236,0.000178911335294236,0.0,0.0,0.0,0.0,0.0,0.0,4394.001572256504,4316.569856314925,4432.717430227292,4277.853998344137,AUG26,JUN26,4355.285714285715,5214.516271056254
XAU,3460.0,-0.4080092499956078,0.004080092499956078,0.0,0.0,0.0,0.0,0.0,0.0,4394.001572256504,4316.569856314925,4432.717430227292,4277.853998344137,AUG26,JUN26,4355.285714285715,5214.516271056254
XAU,3465.0,-3.9673533778201127,0.039673533778201125,0.0,0.0,0.0,0.0,0.0,0.0,4394.001572256504,4316.569856314925,4432.717430227292,4277.853998344137,AUG26,JUN26,4355.285714285715,5214.516271056254
XAU,3470.0,0.0,0.0,0.0,0.0,0.0,0.0,0.0,0.0,4394.001572256504,4316.569856314925,4432.717430227292,4277.853998344137,AUG26,JUN26,4355.285714285715,5214.516271056254
XAU,3475.0,-3.0715657289235176,0.030715657289235178,0.0,0.0,0.0,0.0,0.0,0.0,4394.001572256504,4316.569856314925,4432.717430227292,4277.853998344137,AUG26,JUN26,4355.285714285715,5214.516271056254
XAU,3480.0,0.0,0.0,0.0,0.0,0.0,0.0,0.0,0.0,4394.001572256504,4316.569856314925,4432.717430227292,4277.853998344137,AUG26,JUN26,4355.285714285715,5214.516271056254
XAU,3485.0,0.0,0.0,0.0,0.0,0.0,0.0,0.0,0.0,4394.001572256504,4316.569856314925,4432.717430227292,4277.853998344137,AUG26,JUN26,4355.285714285715,5214.516271056254
XAU,3490.0,0.0,0.0,0.0,0.0,0.0,0.0,0.0,0.0,4394.001572256504,4316.569856314925,4432.717430227292,4277.853998344137,AUG26,JUN26,4355.285714285715,5214.516271056254
XAU,3495.0,0.0,0.0,0.0,0.0,0.0,0.0,0.0,0.0,4394.001572256504,4316.569856314925,4432.717430227292,4277.853998344137,AUG26,JUN26,4355.285714285715,5214.516271056254
XAU,3500.0,-17.987789792279393,0.1798778979227939,0.0,0.0,0.0,0.0,0.0,0.0,4394.001572256504,4316.569856314925,4432.717430227292,4277.853998344137,AUG26,JUN26,4355.285714285715,5214.516271056254
XAU,3505.0,0.0,0.0,0.0,0.0,0.0,0.0,0.0,0.0,4394.001572256504,4316.569856314925,4432.717430227292,4277.853998344137,AUG26,JUN26,4355.285714285715,5214.516271056254
XAU,3510.0,0.0,0.0,0.0,0.0,0.0,0.0,0.0,0.0,4394.001572256504,4316.569856314925,4432.717430227292,4277.853998344137,AUG26,JUN26,4355.285714285715,5214.516271056254
XAU,3515.0,0.0,0.0,0.0,0.0,0.0,0.0,0.0,0.0,4394.001572256504,4316.569856314925,4432.717430227292,4277.853998344137,AUG26,JUN26,4355.285714285715,5214.516271056254
XAU,3520.0,-0.04331331817810436,0.0004331331817810436,0.0,0.0,0.0,0.0,0.0,0.0,4394.001572256504,4316.569856314925,4432.717430227292,4277.853998344137,AUG26,JUN26,4355.285714285715,5214.516271056254
XAU,3525.0,0.0,0.0,0.0,0.0,0.0,0.0,0.0,0.0,4394.001572256504,4316.569856314925,4432.717430227292,4277.853998344137,AUG26,JUN26,4355.285714285715,5214.516271056254
XAU,3530.0,0.0,0.0,0.0,0.0,0.0,0.0,0.0,0.0,4394.001572256504,4316.569856314925,4432.717430227292,4277.853998344137,AUG26,JUN26,4355.285714285715,5214.516271056254
XAU,3535.0,-0.4302583905369482,0.004302583905369482,0.0,0.0,0.0,0.0,0.0,0.0,4394.001572256504,4316.569856314925,4432.717430227292,4277.853998344137,AUG26,JUN26,4355.285714285715,5214.516271056254
XAU,3540.0,0.0,0.0,0.0,0.0,0.0,0.0,0.0,0.0,4394.001572256504,4316.569856314925,4432.717430227292,4277.853998344137,AUG26,JUN26,4355.285714285715,5214.516271056254
XAU,3545.0,-0.24214191223056158,0.002421419122305616,0.0,0.0,0.0,0.0,0.0,0.0,4394.001572256504,4316.569856314925,4432.717430227292,4277.853998344137,AUG26,JUN26,4355.285714285715,5214.516271056254
XAU,3550.0,-1.5265668769696126,0.016233712473392316,0.0,0.0,0.0,0.0,0.0,0.0,4394.001572256504,4316.569856314925,4432.717430227292,4277.853998344137,AUG26,JUN26,4355.285714285715,5214.516271056254
XAU,3555.0,-0.02073686620836662,0.0002073686620836662,0.0,0.0,0.0,0.0,0.0,0.0,4394.001572256504,4316.569856314925,4432.717430227292,4277.853998344137,AUG26,JUN26,4355.285714285715,5214.516271056254
XAU,3560.0,-2.541301413995639,0.025413014139956388,0.0,0.0,0.0,0.0,0.0,0.0,4394.001572256504,4316.569856314925,4432.717430227292,4277.853998344137,AUG26,JUN26,4355.285714285715,5214.516271056254
XAU,3565.0,-0.5902673523269064,0.005902673523269064,0.0,0.0,0.0,0.0,0.0,0.0,4394.001572256504,4316.569856314925,4432.717430227292,4277.853998344137,AUG26,JUN26,4355.285714285715,5214.516271056254
XAU,3570.0,0.0033315730790219877,0.0004642900155878617,0.0,0.0,0.0,0.0,0.0,0.0,4394.001572256504,4316.569856314925,4432.717430227292,4277.853998344137,AUG26,JUN26,4355.285714285715,5214.516271056254
XAU,3575.0,0.0,0.0,0.0,0.0,0.0,0.0,0.0,0.0,4394.001572256504,4316.569856314925,4432.717430227292,4277.853998344137,AUG26,JUN26,4355.285714285715,5214.516271056254
XAU,3580.0,0.0,0.0,0.0,0.0,0.0,0.0,0.0,0.0,4394.001572256504,4316.569856314925,4432.717430227292,4277.853998344137,AUG26,JUN26,4355.285714285715,5214.516271056254
XAU,3585.0,-0.9186067796721029,0.009186067796721029,0.0,0.0,0.0,0.0,0.0,0.0,4394.001572256504,4316.569856314925,4432.717430227292,4277.853998344137,AUG26,JUN26,4355.285714285715,5214.516271056254
XAU,3590.0,-0.33357881076862317,0.0033357881076862316,0.0,0.0,0.0,0.0,0.0,0.0,4394.001572256504,4316.569856314925,4432.717430227292,4277.853998344137,AUG26,JUN26,4355.285714285715,5214.516271056254
XAU,3595.0,-0.2615389474267235,0.002615389474267235,0.0,0.0,0.0,0.0,0.0,0.0,4394.001572256504,4316.569856314925,4432.717430227292,4277.853998344137,AUG26,JUN26,4355.285714285715,5214.516271056254
XAU,3600.0,-58.02309740166234,0.6393421816567817,0.0,0.0,0.0,0.0,0.0,0.0,4394.001572256504,4316.569856314925,4432.717430227292,4277.853998344137,AUG26,JUN26,4355.285714285715,5214.516271056254
XAU,3605.0,-0.02518386667219818,0.0002518386667219818,0.0,0.0,0.0,0.0,0.0,0.0,4394.001572256504,4316.569856314925,4432.717430227292,4277.853998344137,AUG26,JUN26,4355.285714285715,5214.516271056254
XAU,3610.0,-0.05551572713406125,0.0010237169656773792,0.0,0.0,0.0,0.0,0.0,0.0,4394.001572256504,4316.569856314925,4432.717430227292,4277.853998344137,AUG26,JUN26,4355.285714285715,5214.516271056254
XAU,3615.0,-0.024171903801706182,0.00024171903801706182,0.0,0.0,0.0,0.0,0.0,0.0,4394.001572256504,4316.569856314925,4432.717430227292,4277.853998344137,AUG26,JUN26,4355.285714285715,5214.516271056254
XAU,3620.0,-0.09789651336338645,0.0009789651336338644,0.0,0.0,0.0,0.0,0.0,0.0,4394.001572256504,4316.569856314925,4432.717430227292,4277.853998344137,AUG26,JUN26,4355.285714285715,5214.516271056254
XAU,3625.0,-12.156784460347463,0.12156784460347463,0.0,0.0,0.0,0.0,0.0,0.0,4394.001572256504,4316.569856314925,4432.717430227292,4277.853998344137,AUG26,JUN26,4355.285714285715,5214.516271056254
XAU,3630.0,0.0,0.0,0.0,0.0,0.0,0.0,0.0,0.0,4394.001572256504,4316.569856314925,4432.717430227292,4277.853998344137,AUG26,JUN26,4355.285714285715,5214.516271056254
XAU,3635.0,-0.02541683771821592,0.0002541683771821592,0.0,0.0,0.0,0.0,0.0,0.0,4394.001572256504,4316.569856314925,4432.717430227292,4277.853998344137,AUG26,JUN26,4355.285714285715,5214.516271056254
XAU,3640.0,0.0,0.0,0.0,0.0,0.0,0.0,0.0,0.0,4394.001572256504,4316.569856314925,4432.717430227292,4277.853998344137,AUG26,JUN26,4355.285714285715,5214.516271056254
XAU,3645.0,0.0,0.0,0.0,0.0,0.0,0.0,0.0,0.0,4394.001572256504,4316.569856314925,4432.717430227292,4277.853998344137,AUG26,JUN26,4355.285714285715,5214.516271056254
XAU,3650.0,-10.9594584392005,0.11027087827070199,0.0,0.0,0.0,0.0,0.0,0.0,4394.001572256504,4316.569856314925,4432.717430227292,4277.853998344137,AUG26,JUN26,4355.285714285715,5214.516271056254
XAU,3655.0,-1.8426381440476371,0.01842638144047637,0.0,0.0,0.0,0.0,0.0,0.0,4394.001572256504,4316.569856314925,4432.717430227292,4277.853998344137,AUG26,JUN26,4355.285714285715,5214.516271056254
XAU,3660.0,-0.46853085993665144,0.009519997718158186,0.0,0.0,0.0,0.0,0.0,0.0,4394.001572256504,4316.569856314925,4432.717430227292,4277.853998344137,AUG26,JUN26,4355.285714285715,5214.516271056254
XAU,3665.0,-1.4831136092507067,0.014831136092507064,0.0,0.0,0.0,0.0,0.0,0.0,4394.001572256504,4316.569856314925,4432.717430227292,4277.853998344137,AUG26,JUN26,4355.285714285715,5214.516271056254
XAU,3670.0,-0.6093895031416231,0.006093895031416231,0.0,0.0,0.0,0.0,0.0,0.0,4394.001572256504,4316.569856314925,4432.717430227292,4277.853998344137,AUG26,JUN26,4355.285714285715,5214.516271056254
XAU,3675.0,-0.3323300229850783,0.003323300229850783,0.0,0.0,0.0,0.0,0.0,0.0,4394.001572256504,4316.569856314925,4432.717430227292,4277.853998344137,AUG26,JUN26,4355.285714285715,5214.516271056254
XAU,3680.0,-0.7657085359635786,0.007657085359635786,0.0,0.0,0.0,0.0,0.0,0.0,4394.001572256504,4316.569856314925,4432.717430227292,4277.853998344137,AUG26,JUN26,4355.285714285715,5214.516271056254
XAU,3685.0,-0.20886113091035155,0.0023356986729373406,0.0,0.0,0.0,0.0,0.0,0.0,4394.001572256504,4316.569856314925,4432.717430227292,4277.853998344137,AUG26,JUN26,4355.285714285715,5214.516271056254
XAU,3690.0,-2.217004445156863,0.022170044451568633,0.0,0.0,0.0,0.0,0.0,0.0,4394.001572256504,4316.569856314925,4432.717430227292,4277.853998344137,AUG26,JUN26,4355.285714285715,5214.516271056254
XAU,3695.0,-0.3838125064631819,0.0038381250646318185,0.0,0.0,0.0,0.0,0.0,0.0,4394.001572256504,4316.569856314925,4432.717430227292,4277.853998344137,AUG26,JUN26,4355.285714285715,5214.516271056254
XAU,3700.0,-21.434121503947758,0.2274260506745276,0.0,0.0,0.0,0.0,0.0,0.0,4394.001572256504,4316.569856314925,4432.717430227292,4277.853998344137,AUG26,JUN26,4355.285714285715,5214.516271056254
XAU,3705.0,-5.6692964945561295,0.056692964945561294,0.0,0.0,0.0,0.0,0.0,0.0,4394.001572256504,4316.569856314925,4432.717430227292,4277.853998344137,AUG26,JUN26,4355.285714285715,5214.516271056254
XAU,3710.0,-2.928352919647421,0.029283529196474214,0.0,0.0,0.0,0.0,0.0,0.0,4394.001572256504,4316.569856314925,4432.717430227292,4277.853998344137,AUG26,JUN26,4355.285714285715,5214.516271056254
XAU,3715.0,-11.186535083475508,0.12133371114588506,0.0,0.0,0.0,0.0,0.0,0.0,4394.001572256504,4316.569856314925,4432.717430227292,4277.853998344137,AUG26,JUN26,4355.285714285715,5214.516271056254
XAU,3720.0,-3.6550977370836626,0.036874922261825295,0.0,0.0,0.0,0.0,0.0,0.0,4394.001572256504,4316.569856314925,4432.717430227292,4277.853998344137,AUG26,JUN26,4355.285714285715,5214.516271056254
XAU,3725.0,-6.220568691326563,0.062205686913265626,0.0,0.0,0.0,0.0,0.0,0.0,4394.001572256504,4316.569856314925,4432.717430227292,4277.853998344137,AUG26,JUN26,4355.285714285715,5214.516271056254
XAU,3730.0,-22.28052933303349,0.22280529333033489,0.0,0.0,0.0,0.0,0.0,0.0,4394.001572256504,4316.569856314925,4432.717430227292,4277.853998344137,AUG26,JUN26,4355.285714285715,5214.516271056254
XAU,3735.0,-10.475186044662948,0.10511318936272479,0.0,0.0,0.0,0.0,0.0,0.0,4394.001572256504,4316.569856314925,4432.717430227292,4277.853998344137,AUG26,JUN26,4355.285714285715,5214.516271056254
XAU,3740.0,-2.847243368590106,0.028472433685901063,0.0,0.0,0.0,0.0,0.0,0.0,4394.001572256504,4316.569856314925,4432.717430227292,4277.853998344137,AUG26,JUN26,4355.285714285715,5214.516271056254
XAU,3745.0,-0.8218402289399361,0.008218402289399362,0.0,0.0,0.0,0.0,0.0,0.0,4394.001572256504,4316.569856314925,4432.717430227292,4277.853998344137,AUG26,JUN26,4355.285714285715,5214.516271056254
XAU,3750.0,-21.357815003108723,0.21676322384014787,0.0,0.0,0.0,0.0,0.0,0.0,4394.001572256504,4316.569856314925,4432.717430227292,4277.853998344137,AUG26,JUN26,4355.285714285715,5214.516271056254
XAU,3755.0,-0.6050916283867971,0.006050916283867971,0.0,0.0,0.0,0.0,0.0,0.0,4394.001572256504,4316.569856314925,4432.717430227292,4277.853998344137,AUG26,JUN26,4355.285714285715,5214.516271056254
XAU,3760.0,-6.968246933977704,0.06968246933977704,0.0,0.0,0.0,0.0,0.0,0.0,4394.001572256504,4316.569856314925,4432.717430227292,4277.853998344137,AUG26,JUN26,4355.285714285715,5214.516271056254
XAU,3765.0,-0.2621276272871923,0.002621276272871923,0.0,0.0,0.0,0.0,0.0,0.0,4394.001572256504,4316.569856314925,4432.717430227292,4277.853998344137,AUG26,JUN26,4355.285714285715,5214.516271056254
XAU,3770.0,-0.8739782501168839,0.00873978250116884,0.0,0.0,0.0,0.0,0.0,0.0,4394.001572256504,4316.569856314925,4432.717430227292,4277.853998344137,AUG26,JUN26,4355.285714285715,5214.516271056254
XAU,3775.0,-1.3996119505144171,0.015845686674088443,0.0,0.0,0.0,0.0,0.0,0.0,4394.001572256504,4316.569856314925,4432.717430227292,4277.853998344137,AUG26,JUN26,4355.285714285715,5214.516271056254
XAU,3780.0,0.3990158833888067,0.013571434903493627,0.0,0.0,0.0,0.0,0.0,0.0,4394.001572256504,4316.569856314925,4432.717430227292,4277.853998344137,AUG26,JUN26,4355.285714285715,5214.516271056254
XAU,3785.0,-1.3960192191474228,0.013960192191474229,0.0,0.0,0.0,0.0,0.0,0.0,4394.001572256504,4316.569856314925,4432.717430227292,4277.853998344137,AUG26,JUN26,4355.285714285715,5214.516271056254
XAU,3790.0,1.4532235837100045,0.019111326880563346,0.0,0.0,0.0,0.0,0.0,0.0,4394.001572256504,4316.569856314925,4432.717430227292,4277.853998344137,AUG26,JUN26,4355.285714285715,5214.516271056254
XAU,3795.0,-1.6091105793542617,0.01609110579354262,0.0,0.0,0.0,0.0,0.0,0.0,4394.001572256504,4316.569856314925,4432.717430227292,4277.853998344137,AUG26,JUN26,4355.285714285715,5214.516271056254
XAU,3800.0,0.19470919641763856,0.16334151900162439,0.0,0.0,0.0,0.0,0.0,0.0,4394.001572256504,4316.569856314925,4432.717430227292,4277.853998344137,AUG26,JUN26,4355.285714285715,5214.516271056254
XAU,3805.0,-1.284467499037394,0.01284467499037394,0.0,0.0,0.0,0.0,0.0,0.0,4394.001572256504,4316.569856314925,4432.717430227292,4277.853998344137,AUG26,JUN26,4355.285714285715,5214.516271056254
XAU,3810.0,-4.718249551935791,0.04718249551935791,0.0,0.0,0.0,0.0,0.0,0.0,4394.001572256504,4316.569856314925,4432.717430227292,4277.853998344137,AUG26,JUN26,4355.285714285715,5214.516271056254
XAU,3815.0,-0.48972533492234305,0.00489725334922343,0.0,0.0,0.0,0.0,0.0,0.0,4394.001572256504,4316.569856314925,4432.717430227292,4277.853998344137,AUG26,JUN26,4355.285714285715,5214.516271056254
XAU,3820.0,-5.988949568617911,0.06165202978432691,0.0,0.0,0.0,0.0,0.0,0.0,4394.001572256504,4316.569856314925,4432.717430227292,4277.853998344137,AUG26,JUN26,4355.285714285715,5214.516271056254
XAU,3825.0,-1.4079372956353395,0.014079372956353397,0.0,0.0,0.0,0.0,0.0,0.0,4394.001572256504,4316.569856314925,4432.717430227292,4277.853998344137,AUG26,JUN26,4355.285714285715,5214.516271056254
XAU,3830.0,-2.7756096880283616,0.027756096880283614,0.0,0.0,0.0,0.0,0.0,0.0,4394.001572256504,4316.569856314925,4432.717430227292,4277.853998344137,AUG26,JUN26,4355.285714285715,5214.516271056254
XAU,3835.0,-2.3980789174060773,0.023980789174060775,0.0,0.0,0.0,0.0,0.0,0.0,4394.001572256504,4316.569856314925,4432.717430227292,4277.853998344137,AUG26,JUN26,4355.285714285715,5214.516271056254
XAU,3840.0,-6.021947927014942,0.060867603166127396,0.0,0.0,0.0,0.0,0.0,0.0,4394.001572256504,4316.569856314925,4432.717430227292,4277.853998344137,AUG26,JUN26,4355.285714285715,5214.516271056254
XAU,3845.0,-0.5788807276651455,0.005788807276651455,0.0,0.0,0.0,0.0,0.0,0.0,4394.001572256504,4316.569856314925,4432.717430227292,4277.853998344137,AUG26,JUN26,4355.285714285715,5214.516271056254
XAU,3850.0,-20.042450208757174,0.20856922983412446,0.0,0.0,0.0,0.0,0.0,0.0,4394.001572256504,4316.569856314925,4432.717430227292,4277.853998344137,AUG26,JUN26,4355.285714285715,5214.516271056254
XAU,3855.0,-0.12386567214430835,0.0012386567214430835,0.0,0.0,0.0,0.0,0.0,0.0,4394.001572256504,4316.569856314925,4432.717430227292,4277.853998344137,AUG26,JUN26,4355.285714285715,5214.516271056254
XAU,3860.0,-0.16726037224522033,0.0016726037224522032,0.0,0.0,0.0,0.0,0.0,0.0,4394.001572256504,4316.569856314925,4432.717430227292,4277.853998344137,AUG26,JUN26,4355.285714285715,5214.516271056254
XAU,3865.0,-0.24992302739689434,0.0024992302739689433,0.0,0.0,0.0,0.0,0.0,0.0,4394.001572256504,4316.569856314925,4432.717430227292,4277.853998344137,AUG26,JUN26,4355.285714285715,5214.516271056254
XAU,3870.0,-0.657837471148799,0.00657837471148799,0.0,0.0,0.0,0.0,0.0,0.0,4394.001572256504,4316.569856314925,4432.717430227292,4277.853998344137,AUG26,JUN26,4355.285714285715,5214.516271056254
XAU,3875.0,-11.129996416666158,0.11218394968924124,0.0,0.0,0.0,0.0,0.0,0.0,4394.001572256504,4316.569856314925,4432.717430227292,4277.853998344137,AUG26,JUN26,4355.285714285715,5214.516271056254
XAU,3880.0,-2.5981797983222177,0.025981797983222178,0.0,0.0,0.0,0.0,0.0,0.0,4394.001572256504,4316.569856314925,4432.717430227292,4277.853998344137,AUG26,JUN26,4355.285714285715,5214.516271056254
XAU,3885.0,-8.944566301182347,0.0910359136509121,0.0,0.0,0.0,0.0,0.0,0.0,4394.001572256504,4316.569856314925,4432.717430227292,4277.853998344137,AUG26,JUN26,4355.285714285715,5214.516271056254
XAU,3890.0,-0.46756880671879697,0.006301030502176537,0.0,0.0,0.0,0.0,0.0,0.0,4394.001572256504,4316.569856314925,4432.717430227292,4277.853998344137,AUG26,JUN26,4355.285714285715,5214.516271056254
XAU,3895.0,-10.458435999711991,0.10458435999711992,0.0,0.0,0.0,0.0,0.0,0.0,4394.001572256504,4316.569856314925,4432.717430227292,4277.853998344137,AUG26,JUN26,4355.285714285715,5214.516271056254
XAU,3900.0,2.4988335179783387,0.13874763697849618,0.0,0.0,0.0,0.0,0.0,0.0,4394.001572256504,4316.569856314925,4432.717430227292,4277.853998344137,AUG26,JUN26,4355.285714285715,5214.516271056254
XAU,3905.0,-1.8549637166790651,0.01854963716679065,0.0,0.0,0.0,0.0,0.0,0.0,4394.001572256504,4316.569856314925,4432.717430227292,4277.853998344137,AUG26,JUN26,4355.285714285715,5214.516271056254
XAU,3910.0,-0.24145590869071504,0.0024145590869071505,0.0,0.0,0.0,0.0,0.0,0.0,4394.001572256504,4316.569856314925,4432.717430227292,4277.853998344137,AUG26,JUN26,4355.285714285715,5214.516271056254
XAU,3915.0,-0.8683231503062138,0.008683231503062137,0.0,0.0,0.0,0.0,0.0,0.0,4394.001572256504,4316.569856314925,4432.717430227292,4277.853998344137,AUG26,JUN26,4355.285714285715,5214.516271056254
XAU,3920.0,-5.030610059804894,0.05122800960388941,0.0,0.0,0.0,0.0,0.0,0.0,4394.001572256504,4316.569856314925,4432.717430227292,4277.853998344137,AUG26,JUN26,4355.285714285715,5214.516271056254
XAU,3925.0,-17.711945953015576,0.18652001621883052,0.0,0.0,0.0,0.0,0.0,0.0,4394.001572256504,4316.569856314925,4432.717430227292,4277.853998344137,AUG26,JUN26,4355.285714285715,5214.516271056254
XAU,3930.0,-3.9434957339203778,0.039434957339203776,0.0,0.0,0.0,0.0,0.0,0.0,4394.001572256504,4316.569856314925,4432.717430227292,4277.853998344137,AUG26,JUN26,4355.285714285715,5214.516271056254
XAU,3935.0,-0.10256858106881937,0.0010256858106881938,0.0,0.0,0.0,0.0,0.0,0.0,4394.001572256504,4316.569856314925,4432.717430227292,4277.853998344137,AUG26,JUN26,4355.285714285715,5214.516271056254
XAU,3940.0,-3.6161407126364367,0.03616140712636437,0.0,0.0,0.0,0.0,0.0,0.0,4394.001572256504,4316.569856314925,4432.717430227292,4277.853998344137,AUG26,JUN26,4355.285714285715,5214.516271056254
XAU,3945.0,-9.251753554964745,0.09251753554964744,0.0,0.0,0.0,0.0,0.0,0.0,4394.001572256504,4316.569856314925,4432.717430227292,4277.853998344137,AUG26,JUN26,4355.285714285715,5214.516271056254
XAU,3950.0,-26.999023593278945,0.3799368910272392,0.0,0.0,0.0,0.0,0.0,0.0,4394.001572256504,4316.569856314925,4432.717430227292,4277.853998344137,AUG26,JUN26,4355.285714285715,5214.516271056254
XAU,3955.0,-2.18480363280459,0.029251720185525968,0.0,0.0,0.0,0.0,0.0,0.0,4394.001572256504,4316.569856314925,4432.717430227292,4277.853998344137,AUG26,JUN26,4355.285714285715,5214.516271056254
XAU,3960.0,-0.19228984213309436,0.0019228984213309438,0.0,0.0,0.0,0.0,0.0,0.0,4394.001572256504,4316.569856314925,4432.717430227292,4277.853998344137,AUG26,JUN26,4355.285714285715,5214.516271056254
XAU,3965.0,-9.05520855046851,0.0905520855046851,0.0,0.0,0.0,0.0,0.0,0.0,4394.001572256504,4316.569856314925,4432.717430227292,4277.853998344137,AUG26,JUN26,4355.285714285715,5214.516271056254
XAU,3970.0,-15.423895566764457,0.15423895566764456,0.0,0.0,0.0,0.0,0.0,0.0,4394.001572256504,4316.569856314925,4432.717430227292,4277.853998344137,AUG26,JUN26,4355.285714285715,5214.516271056254
XAU,3975.0,-1.6026550554248127,0.24379136002321167,0.0,0.0,0.0,0.0,0.0,0.0,4394.001572256504,4316.569856314925,4432.717430227292,4277.853998344137,AUG26,JUN26,4355.285714285715,5214.516271056254
XAU,3980.0,-40.988580498638434,0.40988580498638433,0.0,0.0,0.0,0.0,0.0,0.0,4394.001572256504,4316.569856314925,4432.717430227292,4277.853998344137,AUG26,JUN26,4355.285714285715,5214.516271056254
XAU,3985.0,-5.489480293609569,0.054894802936095694,0.0,0.0,0.0,0.0,0.0,0.0,4394.001572256504,4316.569856314925,4432.717430227292,4277.853998344137,AUG26,JUN26,4355.285714285715,5214.516271056254
XAU,3990.0,-1.516091668323468,0.01516091668323468,0.0,0.0,0.0,0.0,0.0,0.0,4394.001572256504,4316.569856314925,4432.717430227292,4277.853998344137,AUG26,JUN26,4355.285714285715,5214.516271056254
XAU,3995.0,1.374996330088505,0.034961224582904744,0.0,0.0,0.0,0.0,0.0,0.0,4394.001572256504,4316.569856314925,4432.717430227292,4277.853998344137,AUG26,JUN26,4355.285714285715,5214.516271056254
XAU,4000.0,-106.47080193102019,2.006501142336301,0.0,0.0,0.0,0.0,0.0,0.0,4394.001572256504,4316.569856314925,4432.717430227292,4277.853998344137,AUG26,JUN26,4355.285714285715,5214.516271056254
XAU,4005.0,-28.828474905768267,0.3054288459275581,0.0,0.0,0.0,0.0,0.0,0.0,4394.001572256504,4316.569856314925,4432.717430227292,4277.853998344137,AUG26,JUN26,4355.285714285715,5214.516271056254
XAU,4010.0,-3.6634060378425715,0.040485888287464626,0.0,0.0,0.0,0.0,0.0,0.0,4394.001572256504,4316.569856314925,4432.717430227292,4277.853998344137,AUG26,JUN26,4355.285714285715,5214.516271056254
XAU,4015.0,-2.883135003696078,0.045230873329912394,0.0,0.0,0.0,0.0,0.0,0.0,4394.001572256504,4316.569856314925,4432.717430227292,4277.853998344137,AUG26,JUN26,4355.285714285715,5214.516271056254
XAU,4020.0,-1.1674266406626306,0.012515066815180479,0.0,0.0,0.0,0.0,0.0,0.0,4394.001572256504,4316.569856314925,4432.717430227292,4277.853998344137,AUG26,JUN26,4355.285714285715,5214.516271056254
XAU,4025.0,-48.29996671647275,0.7410232220611386,0.0,0.0,0.0,0.0,0.0,0.0,4394.001572256504,4316.569856314925,4432.717430227292,4277.853998344137,AUG26,JUN26,4355.285714285715,5214.516271056254
XAU,4030.0,-10.548339040117522,0.11182983178698078,0.0,0.0,0.0,0.0,0.0,0.0,4394.001572256504,4316.569856314925,4432.717430227292,4277.853998344137,AUG26,JUN26,4355.285714285715,5214.516271056254
XAU,4035.0,-3.5622825071823567,0.03621484189807767,0.0,0.0,0.0,0.0,0.0,0.0,4394.001572256504,4316.569856314925,4432.717430227292,4277.853998344137,AUG26,JUN26,4355.285714285715,5214.516271056254
XAU,4040.0,-4.035630808499484,0.041008480374224054,0.0,0.0,0.0,0.0,0.0,0.0,4394.001572256504,4316.569856314925,4432.717430227292,4277.853998344137,AUG26,JUN26,4355.285714285715,5214.516271056254
XAU,4045.0,-4.183419960144586,0.08582110036704413,0.0,0.0,0.0,0.0,0.0,0.0,4394.001572256504,4316.569856314925,4432.717430227292,4277.853998344137,AUG26,JUN26,4355.285714285715,5214.516271056254
XAU,4050.0,-31.953374608377235,0.476140998820385,0.0,0.0,0.0,0.0,0.0,0.0,4394.001572256504,4316.569856314925,4432.717430227292,4277.853998344137,AUG26,JUN26,4355.285714285715,5214.516271056254
XAU,4055.0,-0.03589041058511496,0.1491052596026924,0.0,0.0,0.0,0.0,0.0,0.0,4394.001572256504,4316.569856314925,4432.717430227292,4277.853998344137,AUG26,JUN26,4355.285714285715,5214.516271056254
XAU,4060.0,-2.1789045644203893,0.11454926864013663,0.0,0.0,0.0,0.0,0.0,0.0,4394.001572256504,4316.569856314925,4432.717430227292,4277.853998344137,AUG26,JUN26,4355.285714285715,5214.516271056254
XAU,4065.0,-15.82651434747307,0.16229205093998525,0.0,0.0,0.0,0.0,0.0,0.0,4394.001572256504,4316.569856314925,4432.717430227292,4277.853998344137,AUG26,JUN26,4355.285714285715,5214.516271056254
XAU,4070.0,-5.277164564011271,0.07318390795008926,0.0,0.0,0.0,0.0,0.0,0.0,4394.001572256504,4316.569856314925,4432.717430227292,4277.853998344137,AUG26,JUN26,4355.285714285715,5214.516271056254
XAU,4075.0,-61.36838405574845,0.6566802724561697,0.0,0.0,0.0,0.0,0.0,0.0,4394.001572256504,4316.569856314925,4432.717430227292,4277.853998344137,AUG26,JUN26,4355.285714285715,5214.516271056254
XAU,4080.0,-23.69697597869089,0.28597890291634176,0.0,0.0,0.0,0.0,0.0,0.0,4394.001572256504,4316.569856314925,4432.717430227292,4277.853998344137,AUG26,JUN26,4355.285714285715,5214.516271056254
XAU,4085.0,-2.773691304680825,0.09070047948879836,0.0,0.0,0.0,0.0,0.0,0.0,4394.001572256504,4316.569856314925,4432.717430227292,4277.853998344137,AUG26,JUN26,4355.285714285715,5214.516271056254
XAU,4090.0,-10.37709886582372,0.1467531961507638,0.0,0.0,0.0,0.0,0.0,0.0,4394.001572256504,4316.569856314925,4432.717430227292,4277.853998344137,AUG26,JUN26,4355.285714285715,5214.516271056254
XAU,4095.0,-14.288827522084187,0.18397514097256165,0.0,0.0,0.0,0.0,0.0,0.0,4394.001572256504,4316.569856314925,4432.717430227292,4277.853998344137,AUG26,JUN26,4355.285714285715,5214.516271056254
XAU,4100.0,-102.88178601298446,1.85177042850777,0.0,0.0,0.0,0.0,0.0,0.0,4394.001572256504,4316.569856314925,4432.717430227292,4277.853998344137,AUG26,JUN26,4355.285714285715,5214.516271056254
XAU,4105.0,2.48407852470388,0.03573615737499531,0.0,0.0,0.0,0.0,0.0,0.0,4394.001572256504,4316.569856314925,4432.717430227292,4277.853998344137,AUG26,JUN26,4355.285714285715,5214.516271056254
XAU,4110.0,-13.465958569917069,0.21989239730630653,0.0,0.0,0.0,0.0,0.0,0.0,4394.001572256504,4316.569856314925,4432.717430227292,4277.853998344137,AUG26,JUN26,4355.285714285715,5214.516271056254
XAU,4115.0,-11.870104605815262,0.17492845789851194,0.0,0.0,0.0,0.0,0.0,0.0,4394.001572256504,4316.569856314925,4432.717430227292,4277.853998344137,AUG26,JUN26,4355.285714285715,5214.516271056254
XAU,4120.0,-7.050664067130877,0.16056482746191916,0.0,0.0,0.0,0.0,0.0,0.0,4394.001572256504,4316.569856314925,4432.717430227292,4277.853998344137,AUG26,JUN26,4355.285714285715,5214.516271056254
XAU,4125.0,-30.45205991052416,0.34487511095326884,0.0,0.0,0.0,0.0,0.0,0.0,4394.001572256504,4316.569856314925,4432.717430227292,4277.853998344137,AUG26,JUN26,4355.285714285715,5214.516271056254
XAU,4130.0,-5.459791488861842,0.1721752542965376,0.0,0.0,0.0,0.0,0.0,0.0,4394.001572256504,4316.569856314925,4432.717430227292,4277.853998344137,AUG26,JUN26,4355.285714285715,5214.516271056254
XAU,4135.0,-0.7386746838419759,0.06274618152298342,0.0,0.0,0.0,0.0,0.0,0.0,4394.001572256504,4316.569856314925,4432.717430227292,4277.853998344137,AUG26,JUN26,4355.285714285715,5214.516271056254
XAU,4140.0,-10.600113048460372,0.12695004322392645,0.0,0.0,0.0,0.0,0.0,0.0,4394.001572256504,4316.569856314925,4432.717430227292,4277.853998344137,AUG26,JUN26,4355.285714285715,5214.516271056254
XAU,4145.0,-11.377033186424299,0.11773629921840517,0.0,0.0,0.0,0.0,0.0,0.0,4394.001572256504,4316.569856314925,4432.717430227292,4277.853998344137,AUG26,JUN26,4355.285714285715,5214.516271056254
XAU,4150.0,-2.29674843675099,0.7380514716166204,0.0,0.0,0.0,0.0,0.0,0.0,4394.001572256504,4316.569856314925,4432.717430227292,4277.853998344137,AUG26,JUN26,4355.285714285715,5214.516271056254
XAU,4155.0,-16.66511174963756,0.19344139473462765,0.0,0.0,0.0,0.0,0.0,0.0,4394.001572256504,4316.569856314925,4432.717430227292,4277.853998344137,AUG26,JUN26,4355.285714285715,5214.516271056254
XAU,4160.0,-17.70266854546804,0.40537086596807675,0.0,0.0,0.0,0.0,0.0,0.0,4394.001572256504,4316.569856314925,4432.717430227292,4277.853998344137,AUG26,JUN26,4355.285714285715,5214.516271056254
XAU,4165.0,-7.5407711461995355,0.3191983848788045,0.0,0.0,0.0,0.0,0.0,0.0,4394.001572256504,4316.569856314925,4432.717430227292,4277.853998344137,AUG26,JUN26,4355.285714285715,5214.516271056254
XAU,4170.0,-17.206152994293625,0.19750881193105663,0.0,0.0,0.0,0.0,0.0,0.0,4394.001572256504,4316.569856314925,4432.717430227292,4277.853998344137,AUG26,JUN26,4355.285714285715,5214.516271056254
XAU,4175.0,-19.25699726727921,0.5229392123628281,0.0,0.0,0.0,0.0,0.0,0.0,4394.001572256504,4316.569856314925,4432.717430227292,4277.853998344137,AUG26,JUN26,4355.285714285715,5214.516271056254
XAU,4180.0,6.217208125983164,0.22224154927553172,0.0,0.0,0.0,0.0,0.0,0.0,4394.001572256504,4316.569856314925,4432.717430227292,4277.853998344137,AUG26,JUN26,4355.285714285715,5214.516271056254
XAU,4185.0,-25.77042515025254,0.5199095821532199,0.0,0.0,0.0,0.0,0.0,0.0,4394.001572256504,4316.569856314925,4432.717430227292,4277.853998344137,AUG26,JUN26,4355.285714285715,5214.516271056254
XAU,4190.0,-13.976703288026247,0.37280966963011813,0.0,0.0,0.0,0.0,0.0,0.0,4394.001572256504,4316.569856314925,4432.717430227292,4277.853998344137,AUG26,JUN26,4355.285714285715,5214.516271056254
XAU,4195.0,-0.6778894995248078,0.09356201896624573,0.0,0.0,0.0,0.0,0.0,0.0,4394.001572256504,4316.569856314925,4432.717430227292,4277.853998344137,AUG26,JUN26,4355.285714285715,5214.516271056254
XAU,4200.0,-125.46804876705,2.2078396046423605,0.0,0.0,0.0,0.0,0.0,0.0,4394.001572256504,4316.569856314925,4432.717430227292,4277.853998344137,AUG26,JUN26,4355.285714285715,5214.516271056254
XAU,4205.0,0.4871921153485329,0.09265684312801668,0.0,0.0,0.0,0.0,0.0,0.0,4394.001572256504,4316.569856314925,4432.717430227292,4277.853998344137,AUG26,JUN26,4355.285714285715,5214.516271056254
XAU,4210.0,-16.553199674967356,0.3037919133269216,0.0,0.0,0.0,0.0,0.0,0.0,4394.001572256504,4316.569856314925,4432.717430227292,4277.853998344137,AUG26,JUN26,4355.285714285715,5214.516271056254
XAU,4215.0,3.78440719995571,0.5102210962219005,0.0,0.0,0.0,0.0,0.0,0.0,4394.001572256504,4316.569856314925,4432.717430227292,4277.853998344137,AUG26,JUN26,4355.285714285715,5214.516271056254
XAU,4220.0,-29.634098168120026,0.8600242189538896,0.0,0.0,0.0,0.0,0.0,0.0,4394.001572256504,4316.569856314925,4432.717430227292,4277.853998344137,AUG26,JUN26,4355.285714285715,5214.516271056254
XAU,4225.0,59.53322757990076,1.3028285387451348,0.0,0.0,0.0,0.0,0.0,0.0,4394.001572256504,4316.569856314925,4432.717430227292,4277.853998344137,AUG26,JUN26,4355.285714285715,5214.516271056254
XAU,4230.0,-18.0066868015546,0.33204624410470424,0.0,0.0,0.0,0.0,0.0,0.0,4394.001572256504,4316.569856314925,4432.717430227292,4277.853998344137,AUG26,JUN26,4355.285714285715,5214.516271056254
XAU,4235.0,8.143979530933407,0.16373938318913123,0.0,0.0,0.0,0.0,0.0,0.0,4394.001572256504,4316.569856314925,4432.717430227292,4277.853998344137,AUG26,JUN26,4355.285714285715,5214.516271056254
XAU,4240.0,4.188952001862057,0.27550953258542354,0.0,0.0,0.0,0.0,0.0,0.0,4394.001572256504,4316.569856314925,4432.717430227292,4277.853998344137,AUG26,JUN26,4355.285714285715,5214.516271056254
XAU,4245.0,-10.369803927537863,0.6693856838615342,0.0,0.0,0.0,0.0,0.0,0.0,4394.001572256504,4316.569856314925,4432.717430227292,4277.853998344137,AUG26,JUN26,4355.285714285715,5214.516271056254
XAU,4250.0,25.846193171083442,3.46205253502133,0.0,0.0,0.0,0.0,0.0,0.0,4394.001572256504,4316.569856314925,4432.717430227292,4277.853998344137,AUG26,JUN26,4355.285714285715,5214.516271056254
XAU,4255.0,-8.609966291700342,0.22935088576968943,0.0,0.0,0.0,0.0,0.0,0.0,4394.001572256504,4316.569856314925,4432.717430227292,4277.853998344137,AUG26,JUN26,4355.285714285715,5214.516271056254
XAU,4260.0,3.421097060653665,0.44211547117996247,0.0,0.0,0.0,0.0,0.0,0.0,4394.001572256504,4316.569856314925,4432.717430227292,4277.853998344137,AUG26,JUN26,4355.285714285715,5214.516271056254
XAU,4265.0,-49.688509016005135,0.8112241250949049,0.0,0.0,0.0,0.0,0.0,0.0,4394.001572256504,4316.569856314925,4432.717430227292,4277.853998344137,AUG26,JUN26,4355.285714285715,5214.516271056254
XAU,4270.0,-60.181417903218765,0.6443113532050263,0.0,0.0,0.0,0.0,0.0,0.0,4394.001572256504,4316.569856314925,4432.717430227292,4277.853998344137,AUG26,JUN26,4355.285714285715,5214.516271056254
XAU,4275.0,16.75224849215558,0.985192152223061,0.0,0.0,0.0,0.0,0.0,0.0,4394.001572256504,4316.569856314925,4432.717430227292,4277.853998344137,AUG26,JUN26,4355.285714285715,5214.516271056254
XAU,4280.0,-38.07391059855127,0.5448354201418125,0.0,0.0,0.0,0.0,0.0,0.0,4394.001572256504,4316.569856314925,4432.717430227292,4277.853998344137,AUG26,JUN26,4355.285714285715,5214.516271056254
XAU,4285.0,-4.933002387428451,0.16073404728331633,0.0,0.0,0.0,0.0,0.0,0.0,4394.001572256504,4316.569856314925,4432.717430227292,4277.853998344137,AUG26,JUN26,4355.285714285715,5214.516271056254
XAU,4290.0,-16.940085304942073,0.24648657092944268,0.0,0.0,0.0,0.0,0.0,0.0,4394.001572256504,4316.569856314925,4432.717430227292,4277.853998344137,AUG26,JUN26,4355.285714285715,5214.516271056254
XAU,4295.0,-5.887773613524706,0.23467550044798607,0.0,0.0,0.0,0.0,0.0,0.0,4394.001572256504,4316.569856314925,4432.717430227292,4277.853998344137,AUG26,JUN26,4355.285714285715,5214.516271056254
XAU,4300.0,-122.65669926065269,3.028492102510969,0.0,0.0,0.0,0.0,0.0,0.0,4394.001572256504,4316.569856314925,4432.717430227292,4277.853998344137,AUG26,JUN26,4355.285714285715,5214.516271056254
XAU,4305.0,74.21605515933254,0.9327926892890255,0.0,0.0,0.0,0.0,0.0,0.0,4394.001572256504,4316.569856314925,4432.717430227292,4277.853998344137,AUG26,JUN26,4355.285714285715,5214.516271056254
XAU,4310.0,-7.589718164521126,0.1494778752969449,0.0,0.0,0.0,0.0,0.0,0.0,4394.001572256504,4316.569856314925,4432.717430227292,4277.853998344137,AUG26,JUN26,4355.285714285715,5214.516271056254
XAU,4315.0,6.518715688402647,0.2903509219396019,0.0,0.0,0.0,0.0,0.0,0.0,4394.001572256504,4316.569856314925,4432.717430227292,4277.853998344137,AUG26,JUN26,4355.285714285715,5214.516271056254
XAU,4320.0,-23.70194701354346,0.780043826423094,0.0,0.0,0.0,0.0,0.0,0.0,4394.001572256504,4316.569856314925,4432.717430227292,4277.853998344137,AUG26,JUN26,4355.285714285715,5214.516271056254
XAU,4325.0,27.949013198231697,1.6544493890661176,0.0,0.0,0.0,0.0,0.0,0.0,4394.001572256504,4316.569856314925,4432.717430227292,4277.853998344137,AUG26,JUN26,4355.285714285715,5214.516271056254
XAU,4330.0,-16.0516953484635,1.0750092708630512,0.0,0.0,0.0,0.0,0.0,0.0,4394.001572256504,4316.569856314925,4432.717430227292,4277.853998344137,AUG26,JUN26,4355.285714285715,5214.516271056254
XAU,4335.0,-10.520974422399942,0.1962233488823878,0.0,0.0,0.0,0.0,0.0,0.0,4394.001572256504,4316.569856314925,4432.717430227292,4277.853998344137,AUG26,JUN26,4355.285714285715,5214.516271056254
XAU,4340.0,-21.521834132459198,0.3329745030047655,0.0,0.0,0.0,0.0,0.0,0.0,4394.001572256504,4316.569856314925,4432.717430227292,4277.853998344137,AUG26,JUN26,4355.285714285715,5214.516271056254
XAU,4345.0,-7.550582819342522,0.26095044221693736,0.0,0.0,0.0,0.0,0.0,0.0,4394.001572256504,4316.569856314925,4432.717430227292,4277.853998344137,AUG26,JUN26,4355.285714285715,5214.516271056254
XAU,4350.0,19.556036242792363,5.398893232494005,0.0,0.0,0.0,0.0,0.0,0.0,4394.001572256504,4316.569856314925,4432.717430227292,4277.853998344137,AUG26,JUN26,4355.285714285715,5214.516271056254
XAU,4355.0,21.553685316438592,0.29391626248139635,0.0,0.0,22.1,1.0,0.0,0.0,4394.001572256504,4316.569856314925,4432.717430227292,4277.853998344137,AUG26,JUN26,4355.285714285715,5214.516271056254
XAU,4360.0,-3.4483438478529367,0.4659048762209577,19.8,6.0,0.0,0.0,0.0,0.0,4394.001572256504,4316.569856314925,4432.717430227292,4277.853998344137,AUG26,JUN26,4355.285714285715,5214.516271056254
XAU,4365.0,-24.971162660763472,0.48567963257266866,0.0,0.0,0.0,0.0,0.0,0.0,4394.001572256504,4316.569856314925,4432.717430227292,4277.853998344137,AUG26,JUN26,4355.285714285715,5214.516271056254
XAU,4370.0,-7.491467221652282,0.4880003679955602,0.0,0.0,0.0,0.0,0.0,0.0,4394.001572256504,4316.569856314925,4432.717430227292,4277.853998344137,AUG26,JUN26,4355.285714285715,5214.516271056254
XAU,4375.0,46.85316564072222,1.9213038357643724,0.0,0.0,0.0,0.0,0.0,0.0,4394.001572256504,4316.569856314925,4432.717430227292,4277.853998344137,AUG26,JUN26,4355.285714285715,5214.516271056254
XAU,4380.0,-24.446148934903245,0.8190839889887385,0.0,0.0,0.0,0.0,0.0,0.0,4394.001572256504,4316.569856314925,4432.717430227292,4277.853998344137,AUG26,JUN26,4355.285714285715,5214.516271056254
XAU,4385.0,8.310088824274386,0.2678136899553228,0.0,0.0,0.0,0.0,0.0,0.0,4394.001572256504,4316.569856314925,4432.717430227292,4277.853998344137,AUG26,JUN26,4355.285714285715,5214.516271056254
XAU,4390.0,8.864345971794652,0.5666782857135619,0.0,0.0,0.0,0.0,0.0,0.0,4394.001572256504,4316.569856314925,4432.717430227292,4277.853998344137,AUG26,JUN26,4355.285714285715,5214.516271056254
XAU,4395.0,-36.32932190720374,0.44469944798582106,0.0,0.0,0.0,0.0,0.0,0.0,4394.001572256504,4316.569856314925,4432.717430227292,4277.853998344137,AUG26,JUN26,4355.285714285715,5214.516271056254
XAU,4400.0,55.703644777533775,2.78797016890579,0.0,0.0,0.0,0.0,0.0,0.0,4394.001572256504,4316.569856314925,4432.717430227292,4277.853998344137,AUG26,JUN26,4355.285714285715,5214.516271056254
XAU,4405.0,-3.660745978595706,0.10056363517932009,0.0,0.0,0.0,0.0,0.0,0.0,4394.001572256504,4316.569856314925,4432.717430227292,4277.853998344137,AUG26,JUN26,4355.285714285715,5214.516271056254
XAU,4410.0,-46.82414959311618,0.8468323313664191,0.0,0.0,0.0,0.0,0.0,0.0,4394.001572256504,4316.569856314925,4432.717430227292,4277.853998344137,AUG26,JUN26,4355.285714285715,5214.516271056254
XAU,4415.0,-6.348895998065819,0.7474184446961744,0.0,0.0,0.0,0.0,0.0,0.0,4394.001572256504,4316.569856314925,4432.717430227292,4277.853998344137,AUG26,JUN26,4355.285714285715,5214.516271056254
XAU,4420.0,5.012894459155855,0.14679362944150826,0.0,0.0,0.0,0.0,0.0,0.0,4394.001572256504,4316.569856314925,4432.717430227292,4277.853998344137,AUG26,JUN26,4355.285714285715,5214.516271056254
XAU,4425.0,-67.24267841633333,1.7514724226158425,0.0,0.0,0.0,0.0,0.0,0.0,4394.001572256504,4316.569856314925,4432.717430227292,4277.853998344137,AUG26,JUN26,4355.285714285715,5214.516271056254
XAU,4430.0,7.048347556689162,0.19907579201777378,0.0,0.0,0.0,0.0,0.0,0.0,4394.001572256504,4316.569856314925,4432.717430227292,4277.853998344137,AUG26,JUN26,4355.285714285715,5214.516271056254
XAU,4435.0,-13.042344270210824,0.4129934713048023,0.0,0.0,0.0,0.0,0.0,0.0,4394.001572256504,4316.569856314925,4432.717430227292,4277.853998344137,AUG26,JUN26,4355.285714285715,5214.516271056254
XAU,4440.0,-57.715328763928625,0.6468856710172842,0.0,0.0,0.0,0.0,0.0,0.0,4394.001572256504,4316.569856314925,4432.717430227292,4277.853998344137,AUG26,JUN26,4355.285714285715,5214.516271056254
XAU,4445.0,-20.200000745035283,0.48255147282530125,0.0,0.0,0.0,0.0,0.0,0.0,4394.001572256504,4316.569856314925,4432.717430227292,4277.853998344137,AUG26,JUN26,4355.285714285715,5214.516271056254
XAU,4450.0,-37.801751473640685,1.5082434020926,0.0,0.0,0.0,0.0,0.0,0.0,4394.001572256504,4316.569856314925,4432.717430227292,4277.853998344137,AUG26,JUN26,4355.285714285715,5214.516271056254
XAU,4455.0,-51.95643927168124,0.6053942188175722,0.0,0.0,0.0,0.0,0.0,0.0,4394.001572256504,4316.569856314925,4432.717430227292,4277.853998344137,AUG26,JUN26,4355.285714285715,5214.516271056254
XAU,4460.0,-49.99940565283128,0.5888728909520152,0.0,0.0,0.0,0.0,0.0,0.0,4394.001572256504,4316.569856314925,4432.717430227292,4277.853998344137,AUG26,JUN26,4355.285714285715,5214.516271056254
XAU,4465.0,-30.594969675159444,0.5051367511878959,0.0,0.0,0.0,0.0,0.0,0.0,4394.001572256504,4316.569856314925,4432.717430227292,4277.853998344137,AUG26,JUN26,4355.285714285715,5214.516271056254
XAU,4470.0,-45.81842924235359,0.8288534912381523,0.0,0.0,0.0,0.0,0.0,0.0,4394.001572256504,4316.569856314925,4432.717430227292,4277.853998344137,AUG26,JUN26,4355.285714285715,5214.516271056254
XAU,4475.0,-64.49945310536363,1.268353840306836,0.0,0.0,0.0,0.0,0.0,0.0,4394.001572256504,4316.569856314925,4432.717430227292,4277.853998344137,AUG26,JUN26,4355.285714285715,5214.516271056254
XAU,4480.0,-14.725102302712074,0.21258587992266703,0.0,0.0,0.0,0.0,0.0,0.0,4394.001572256504,4316.569856314925,4432.717430227292,4277.853998344137,AUG26,JUN26,4355.285714285715,5214.516271056254
XAU,4485.0,-23.96887627634198,0.2749578332453624,0.0,0.0,0.0,0.0,0.0,0.0,4394.001572256504,4316.569856314925,4432.717430227292,4277.853998344137,AUG26,JUN26,4355.285714285715,5214.516271056254
XAU,4490.0,-17.070931353607026,0.3197499760506521,0.0,0.0,0.0,0.0,0.0,0.0,4394.001572256504,4316.569856314925,4432.717430227292,4277.853998344137,AUG26,JUN26,4355.285714285715,5214.516271056254
XAU,4495.0,-14.143167741493736,0.33185822630635065,0.0,0.0,0.0,0.0,0.0,0.0,4394.001572256504,4316.569856314925,4432.717430227292,4277.853998344137,AUG26,JUN26,4355.285714285715,5214.516271056254
XAU,4500.0,-173.4397667683839,2.718472795562394,0.0,0.0,0.0,0.0,0.0,0.0,4394.001572256504,4316.569856314925,4432.717430227292,4277.853998344137,AUG26,JUN26,4355.285714285715,5214.516271056254
XAU,4505.0,-9.247305117238334,0.24759375429984365,0.0,0.0,0.0,0.0,0.0,0.0,4394.001572256504,4316.569856314925,4432.717430227292,4277.853998344137,AUG26,JUN26,4355.285714285715,5214.516271056254
XAU,4510.0,-13.831214251349857,0.23122339870930486,0.0,0.0,0.0,0.0,0.0,0.0,4394.001572256504,4316.569856314925,4432.717430227292,4277.853998344137,AUG26,JUN26,4355.285714285715,5214.516271056254
XAU,4515.0,-15.90551607092505,0.24152061623165952,0.0,0.0,0.0,0.0,0.0,0.0,4394.001572256504,4316.569856314925,4432.717430227292,4277.853998344137,AUG26,JUN26,4355.285714285715,5214.516271056254
XAU,4520.0,-36.753144917391175,0.4769941750655968,0.0,0.0,0.0,0.0,0.0,0.0,4394.001572256504,4316.569856314925,4432.717430227292,4277.853998344137,AUG26,JUN26,4355.285714285715,5214.516271056254
XAU,4525.0,2.2323899990455356,1.1116733646402746,0.0,0.0,0.0,0.0,0.0,0.0,4394.001572256504,4316.569856314925,4432.717430227292,4277.853998344137,AUG26,JUN26,4355.285714285715,5214.516271056254
XAU,4530.0,-15.593266996117782,0.20160883569339758,0.0,0.0,0.0,0.0,0.0,0.0,4394.001572256504,4316.569856314925,4432.717430227292,4277.853998344137,AUG26,JUN26,4355.285714285715,5214.516271056254
XAU,4535.0,-13.18211388223495,0.1809216521757631,0.0,0.0,0.0,0.0,0.0,0.0,4394.001572256504,4316.569856314925,4432.717430227292,4277.853998344137,AUG26,JUN26,4355.285714285715,5214.516271056254
XAU,4540.0,-7.6605005372883,0.2770111059553807,0.0,0.0,0.0,0.0,0.0,0.0,4394.001572256504,4316.569856314925,4432.717430227292,4277.853998344137,AUG26,JUN26,4355.285714285715,5214.516271056254
XAU,4545.0,-2.500620113080093,0.27355748222134313,0.0,0.0,0.0,0.0,0.0,0.0,4394.001572256504,4316.569856314925,4432.717430227292,4277.853998344137,AUG26,JUN26,4355.285714285715,5214.516271056254
XAU,4550.0,10.876349488168444,1.5167172739112995,0.0,0.0,0.0,0.0,0.0,0.0,4394.001572256504,4316.569856314925,4432.717430227292,4277.853998344137,AUG26,JUN26,4355.285714285715,5214.516271056254
XAU,4555.0,-1.2673985784508595,0.42513071701488947,0.0,0.0,0.0,0.0,0.0,0.0,4394.001572256504,4316.569856314925,4432.717430227292,4277.853998344137,AUG26,JUN26,4355.285714285715,5214.516271056254
XAU,4560.0,-1.4035875900119996,0.8667626787456383,0.0,0.0,0.0,0.0,0.0,0.0,4394.001572256504,4316.569856314925,4432.717430227292,4277.853998344137,AUG26,JUN26,4355.285714285715,5214.516271056254
XAU,4565.0,-20.111027689787818,0.3436038515753037,0.0,0.0,0.0,0.0,0.0,0.0,4394.001572256504,4316.569856314925,4432.717430227292,4277.853998344137,AUG26,JUN26,4355.285714285715,5214.516271056254
XAU,4570.0,-23.47879559939311,0.32043006964283216,0.0,0.0,0.0,0.0,0.0,0.0,4394.001572256504,4316.569856314925,4432.717430227292,4277.853998344137,AUG26,JUN26,4355.285714285715,5214.516271056254
XAU,4575.0,-5.619328997294807,0.23300103714251597,0.0,0.0,0.0,0.0,0.0,0.0,4394.001572256504,4316.569856314925,4432.717430227292,4277.853998344137,AUG26,JUN26,4355.285714285715,5214.516271056254
XAU,4580.0,-13.045541731095188,0.6025139065446083,0.0,0.0,0.0,0.0,0.0,0.0,4394.001572256504,4316.569856314925,4432.717430227292,4277.853998344137,AUG26,JUN26,4355.285714285715,5214.516271056254
XAU,4585.0,5.338984456594818,0.7010967441799104,0.0,0.0,0.0,0.0,0.0,0.0,4394.001572256504,4316.569856314925,4432.717430227292,4277.853998344137,AUG26,JUN26,4355.285714285715,5214.516271056254
XAU,4590.0,3.1320640218344775,0.205364788619003,0.0,0.0,0.0,0.0,0.0,0.0,4394.001572256504,4316.569856314925,4432.717430227292,4277.853998344137,AUG26,JUN26,4355.285714285715,5214.516271056254
XAU,4595.0,-31.2539421492068,0.3751554922091764,0.0,0.0,0.0,0.0,0.0,0.0,4394.001572256504,4316.569856314925,4432.717430227292,4277.853998344137,AUG26,JUN26,4355.285714285715,5214.516271056254
XAU,4600.0,-234.54968583339945,4.132973271334964,0.0,0.0,0.0,0.0,0.0,0.0,4394.001572256504,4316.569856314925,4432.717430227292,4277.853998344137,AUG26,JUN26,4355.285714285715,5214.516271056254
XAU,4605.0,-15.815982216013536,0.27657994578150574,0.0,0.0,0.0,0.0,0.0,0.0,4394.001572256504,4316.569856314925,4432.717430227292,4277.853998344137,AUG26,JUN26,4355.285714285715,5214.516271056254
XAU,4610.0,-16.82681114005577,0.19804856156412518,0.0,0.0,0.0,0.0,0.0,0.0,4394.001572256504,4316.569856314925,4432.717430227292,4277.853998344137,AUG26,JUN26,4355.285714285715,5214.516271056254
XAU,4615.0,-3.904458629276867,0.10986388143112043,0.0,0.0,0.0,0.0,0.0,0.0,4394.001572256504,4316.569856314925,4432.717430227292,4277.853998344137,AUG26,JUN26,4355.285714285715,5214.516271056254
XAU,4620.0,-46.59303523774248,0.5415171464439936,0.0,0.0,0.0,0.0,0.0,0.0,4394.001572256504,4316.569856314925,4432.717430227292,4277.853998344137,AUG26,JUN26,4355.285714285715,5214.516271056254
XAU,4625.0,-54.24208957129837,0.7141823818947141,0.0,0.0,0.0,0.0,0.0,0.0,4394.001572256504,4316.569856314925,4432.717430227292,4277.853998344137,AUG26,JUN26,4355.285714285715,5214.516271056254
XAU,4630.0,-15.537124221617196,0.31958929921113644,0.0,0.0,0.0,0.0,0.0,0.0,4394.001572256504,4316.569856314925,4432.717430227292,4277.853998344137,AUG26,JUN26,4355.285714285715,5214.516271056254
XAU,4635.0,-23.267307857794766,0.292710835633835,0.0,0.0,0.0,0.0,0.0,0.0,4394.001572256504,4316.569856314925,4432.717430227292,4277.853998344137,AUG26,JUN26,4355.285714285715,5214.516271056254
XAU,4640.0,-47.57277012631828,0.6375448085968553,0.0,0.0,0.0,0.0,0.0,0.0,4394.001572256504,4316.569856314925,4432.717430227292,4277.853998344137,AUG26,JUN26,4355.285714285715,5214.516271056254
XAU,4645.0,-12.26260253004047,0.1694926322985191,0.0,0.0,0.0,0.0,0.0,0.0,4394.001572256504,4316.569856314925,4432.717430227292,4277.853998344137,AUG26,JUN26,4355.285714285715,5214.516271056254
XAU,4650.0,-50.165281101896205,1.4659986792156676,0.0,0.0,0.0,0.0,0.0,0.0,4394.001572256504,4316.569856314925,4432.717430227292,4277.853998344137,AUG26,JUN26,4355.285714285715,5214.516271056254
XAU,4655.0,-4.714244464301198,0.05459564012801209,0.0,0.0,0.0,0.0,0.0,0.0,4394.001572256504,4316.569856314925,4432.717430227292,4277.853998344137,AUG26,JUN26,4355.285714285715,5214.516271056254
XAU,4660.0,-15.92463679042984,0.6278779150647895,0.0,0.0,0.0,0.0,0.0,0.0,4394.001572256504,4316.569856314925,4432.717430227292,4277.853998344137,AUG26,JUN26,4355.285714285715,5214.516271056254
XAU,4665.0,-1.4938385021491576,0.1305944856780892,0.0,0.0,0.0,0.0,0.0,0.0,4394.001572256504,4316.569856314925,4432.717430227292,4277.853998344137,AUG26,JUN26,4355.285714285715,5214.516271056254
XAU,4670.0,-12.90586525927289,0.1503799772275316,0.0,0.0,0.0,0.0,0.0,0.0,4394.001572256504,4316.569856314925,4432.717430227292,4277.853998344137,AUG26,JUN26,4355.285714285715,5214.516271056254
XAU,4675.0,-7.126409385394174,0.22398460921688584,0.0,0.0,0.0,0.0,0.0,0.0,4394.001572256504,4316.569856314925,4432.717430227292,4277.853998344137,AUG26,JUN26,4355.285714285715,5214.516271056254
XAU,4680.0,-9.96659456304709,0.2103756147364259,0.0,0.0,0.0,0.0,0.0,0.0,4394.001572256504,4316.569856314925,4432.717430227292,4277.853998344137,AUG26,JUN26,4355.285714285715,5214.516271056254
XAU,4685.0,-1.4098176794697876,0.35988526415070365,0.0,0.0,0.0,0.0,0.0,0.0,4394.001572256504,4316.569856314925,4432.717430227292,4277.853998344137,AUG26,JUN26,4355.285714285715,5214.516271056254
XAU,4690.0,-2.916374830281846,0.07199470790511978,0.0,0.0,0.0,0.0,0.0,0.0,4394.001572256504,4316.569856314925,4432.717430227292,4277.853998344137,AUG26,JUN26,4355.285714285715,5214.516271056254
XAU,4695.0,-12.643078074685036,0.14164873098585895,0.0,0.0,0.0,0.0,0.0,0.0,4394.001572256504,4316.569856314925,4432.717430227292,4277.853998344137,AUG26,JUN26,4355.285714285715,5214.516271056254
XAU,4700.0,-132.94048892792273,2.293889328954897,0.0,0.0,0.0,0.0,0.0,1052.0,4394.001572256504,4316.569856314925,4432.717430227292,4277.853998344137,AUG26,JUN26,4355.285714285715,5214.516271056254
XAU,4705.0,-3.834095720121423,0.24295200968382336,0.0,0.0,0.0,0.0,0.0,0.0,4394.001572256504,4316.569856314925,4432.717430227292,4277.853998344137,AUG26,JUN26,4355.285714285715,5214.516271056254
XAU,4710.0,-7.203035977812677,0.10862658508399387,0.0,0.0,0.0,0.0,0.0,0.0,4394.001572256504,4316.569856314925,4432.717430227292,4277.853998344137,AUG26,JUN26,4355.285714285715,5214.516271056254
XAU,4715.0,-1.3508100422292995,0.15227714158578384,0.0,0.0,0.0,0.0,0.0,0.0,4394.001572256504,4316.569856314925,4432.717430227292,4277.853998344137,AUG26,JUN26,4355.285714285715,5214.516271056254
XAU,4720.0,-0.6492897702203771,0.08891558695877255,0.0,0.0,0.0,0.0,0.0,0.0,4394.001572256504,4316.569856314925,4432.717430227292,4277.853998344137,AUG26,JUN26,4355.285714285715,5214.516271056254
XAU,4725.0,-9.792742657896353,0.41570629104760703,0.0,0.0,0.0,0.0,0.0,0.0,4394.001572256504,4316.569856314925,4432.717430227292,4277.853998344137,AUG26,JUN26,4355.285714285715,5214.516271056254
XAU,4730.0,-0.1220871361035365,0.16604575715787476,0.0,0.0,0.0,0.0,0.0,0.0,4394.001572256504,4316.569856314925,4432.717430227292,4277.853998344137,AUG26,JUN26,4355.285714285715,5214.516271056254
XAU,4735.0,10.413283063307457,0.3639284397192021,0.0,0.0,0.0,0.0,0.0,0.0,4394.001572256504,4316.569856314925,4432.717430227292,4277.853998344137,AUG26,JUN26,4355.285714285715,5214.516271056254
XAU,4740.0,-8.595411122679446,0.09745952186257986,0.0,0.0,0.0,0.0,0.0,0.0,4394.001572256504,4316.569856314925,4432.717430227292,4277.853998344137,AUG26,JUN26,4355.285714285715,5214.516271056254
XAU,4745.0,-9.728531997334072,0.10640050940915388,0.0,0.0,0.0,0.0,0.0,0.0,4394.001572256504,4316.569856314925,4432.717430227292,4277.853998344137,AUG26,JUN26,4355.285714285715,5214.516271056254
XAU,4750.0,87.16114304497246,2.2308711320066417,0.0,0.0,0.0,0.0,0.0,0.0,4394.001572256504,4316.569856314925,4432.717430227292,4277.853998344137,AUG26,JUN26,4355.285714285715,5214.516271056254
XAU,4755.0,-8.28282760349386,0.19679513489853467,0.0,0.0,0.0,0.0,0.0,0.0,4394.001572256504,4316.569856314925,4432.717430227292,4277.853998344137,AUG26,JUN26,4355.285714285715,5214.516271056254
XAU,4760.0,-7.161795596549371,0.20170023958608413,0.0,0.0,0.0,0.0,0.0,0.0,4394.001572256504,4316.569856314925,4432.717430227292,4277.853998344137,AUG26,JUN26,4355.285714285715,5214.516271056254
XAU,4765.0,-12.652880189940191,0.17684690688016028,0.0,0.0,0.0,0.0,0.0,0.0,4394.001572256504,4316.569856314925,4432.717430227292,4277.853998344137,AUG26,JUN26,4355.285714285715,5214.516271056254
XAU,4770.0,-16.80452208793552,0.17179878794076253,0.0,0.0,0.0,0.0,0.0,0.0,4394.001572256504,4316.569856314925,4432.717430227292,4277.853998344137,AUG26,JUN26,4355.285714285715,5214.516271056254
XAU,4775.0,-2.9171916091379915,0.43063897435246323,0.0,0.0,0.0,0.0,0.0,0.0,4394.001572256504,4316.569856314925,4432.717430227292,4277.853998344137,AUG26,JUN26,4355.285714285715,5214.516271056254
XAU,4780.0,-2.9624087478039796,0.03385140116442225,0.0,0.0,0.0,0.0,0.0,0.0,4394.001572256504,4316.569856314925,4432.717430227292,4277.853998344137,AUG26,JUN26,4355.285714285715,5214.516271056254
XAU,4785.0,-6.982185824112292,0.17001358210263032,0.0,0.0,0.0,0.0,0.0,0.0,4394.001572256504,4316.569856314925,4432.717430227292,4277.853998344137,AUG26,JUN26,4355.285714285715,5214.516271056254
XAU,4790.0,-2.908552832208662,0.1073336527238033,0.0,0.0,0.0,0.0,0.0,0.0,4394.001572256504,4316.569856314925,4432.717430227292,4277.853998344137,AUG26,JUN26,4355.285714285715,5214.516271056254
XAU,4795.0,-10.527163039755115,0.12240550925472031,0.0,0.0,0.0,0.0,0.0,0.0,4394.001572256504,4316.569856314925,4432.717430227292,4277.853998344137,AUG26,JUN26,4355.285714285715,5214.516271056254
XAU,4800.0,-140.79883218136027,1.7844352197333866,0.0,0.0,0.0,0.0,0.0,0.0,4394.001572256504,4316.569856314925,4432.717430227292,4277.853998344137,AUG26,JUN26,4355.285714285715,5214.516271056254
XAU,4805.0,-1.0769676785727473,0.0323531414226387,0.0,0.0,0.0,0.0,0.0,0.0,4394.001572256504,4316.569856314925,4432.717430227292,4277.853998344137,AUG26,JUN26,4355.285714285715,5214.516271056254
XAU,4810.0,-1.343375812716844,0.09920588398603347,0.0,0.0,0.0,0.0,0.0,0.0,4394.001572256504,4316.569856314925,4432.717430227292,4277.853998344137,AUG26,JUN26,4355.285714285715,5214.516271056254
XAU,4815.0,0.044551958813734416,0.08288175207400732,0.0,0.0,0.0,0.0,0.0,0.0,4394.001572256504,4316.569856314925,4432.717430227292,4277.853998344137,AUG26,JUN26,4355.285714285715,5214.516271056254
XAU,4820.0,-4.284081793220114,0.15861645790990123,0.0,0.0,0.0,0.0,0.0,0.0,4394.001572256504,4316.569856314925,4432.717430227292,4277.853998344137,AUG26,JUN26,4355.285714285715,5214.516271056254
XAU,4825.0,22.794639206204295,0.4138445816358546,0.0,0.0,0.0,0.0,0.0,0.0,4394.001572256504,4316.569856314925,4432.717430227292,4277.853998344137,AUG26,JUN26,4355.285714285715,5214.516271056254
XAU,4830.0,-1.0781056659147705,0.01409705533354151,0.0,0.0,0.0,0.0,0.0,0.0,4394.001572256504,4316.569856314925,4432.717430227292,4277.853998344137,AUG26,JUN26,4355.285714285715,5214.516271056254
XAU,4835.0,-4.5590859278219815,0.18285326408017513,0.0,0.0,0.0,0.0,0.0,0.0,4394.001572256504,4316.569856314925,4432.717430227292,4277.853998344137,AUG26,JUN26,4355.285714285715,5214.516271056254
XAU,4840.0,-0.6841309835370389,0.009028981252022013,0.0,0.0,0.0,0.0,0.0,0.0,4394.001572256504,4316.569856314925,4432.717430227292,4277.853998344137,AUG26,JUN26,4355.285714285715,5214.516271056254
XAU,4845.0,-2.1690159702424947,0.05255271743650731,0.0,0.0,0.0,0.0,0.0,0.0,4394.001572256504,4316.569856314925,4432.717430227292,4277.853998344137,AUG26,JUN26,4355.285714285715,5214.516271056254
XAU,4850.0,-3.824837680058765,0.45105939459679834,0.0,0.0,0.0,0.0,0.0,0.0,4394.001572256504,4316.569856314925,4432.717430227292,4277.853998344137,AUG26,JUN26,4355.285714285715,5214.516271056254
XAU,4855.0,-0.6410579504961356,0.02797648709857345,0.0,0.0,0.0,0.0,0.0,0.0,4394.001572256504,4316.569856314925,4432.717430227292,4277.853998344137,AUG26,JUN26,4355.285714285715,5214.516271056254
XAU,4860.0,2.315718559634414,0.14223108052385547,0.0,0.0,0.0,0.0,0.0,0.0,4394.001572256504,4316.569856314925,4432.717430227292,4277.853998344137,AUG26,JUN26,4355.285714285715,5214.516271056254
XAU,4865.0,-1.5034469958788153,0.0171215701791449,0.0,0.0,0.0,0.0,0.0,0.0,4394.001572256504,4316.569856314925,4432.717430227292,4277.853998344137,AUG26,JUN26,4355.285714285715,5214.516271056254
XAU,4870.0,-11.948372906802652,0.12156880499988126,0.0,0.0,0.0,0.0,0.0,0.0,4394.001572256504,4316.569856314925,4432.717430227292,4277.853998344137,AUG26,JUN26,4355.285714285715,5214.516271056254
XAU,4875.0,2.1927218137608797,0.17064203334324138,0.0,0.0,0.0,0.0,0.0,0.0,4394.001572256504,4316.569856314925,4432.717430227292,4277.853998344137,AUG26,JUN26,4355.285714285715,5214.516271056254
XAU,4880.0,-7.094885718848634,0.09326128759085812,0.0,0.0,0.0,0.0,0.0,0.0,4394.001572256504,4316.569856314925,4432.717430227292,4277.853998344137,AUG26,JUN26,4355.285714285715,5214.516271056254
XAU,4885.0,1.9925078292150473,0.03794152633577576,0.0,0.0,0.0,0.0,0.0,0.0,4394.001572256504,4316.569856314925,4432.717430227292,4277.853998344137,AUG26,JUN26,4355.285714285715,5214.516271056254
XAU,4890.0,10.00469244196865,0.1111985798353942,0.0,0.0,0.0,0.0,0.0,0.0,4394.001572256504,4316.569856314925,4432.717430227292,4277.853998344137,AUG26,JUN26,4355.285714285715,5214.516271056254
XAU,4895.0,7.428768233897504,0.1103219662302603,0.0,0.0,0.0,0.0,0.0,0.0,4394.001572256504,4316.569856314925,4432.717430227292,4277.853998344137,AUG26,JUN26,4355.285714285715,5214.516271056254
XAU,4900.0,-5.4470814610427345,0.7066835572177914,0.0,0.0,0.0,0.0,0.0,0.0,4394.001572256504,4316.569856314925,4432.717430227292,4277.853998344137,AUG26,JUN26,4355.285714285715,5214.516271056254
XAU,4905.0,-1.5389259142321656,0.05087086761752298,0.0,0.0,0.0,0.0,0.0,0.0,4394.001572256504,4316.569856314925,4432.717430227292,4277.853998344137,AUG26,JUN26,4355.285714285715,5214.516271056254
XAU,4910.0,-0.29410114513830254,0.02023883836196536,0.0,0.0,0.0,0.0,0.0,0.0,4394.001572256504,4316.569856314925,4432.717430227292,4277.853998344137,AUG26,JUN26,4355.285714285715,5214.516271056254
XAU,4915.0,-3.2286574607266596,0.040031184289895244,0.0,0.0,0.0,0.0,0.0,0.0,4394.001572256504,4316.569856314925,4432.717430227292,4277.853998344137,AUG26,JUN26,4355.285714285715,5214.516271056254
XAU,4920.0,0.639563811371095,0.022566486025460835,0.0,0.0,0.0,0.0,0.0,0.0,4394.001572256504,4316.569856314925,4432.717430227292,4277.853998344137,AUG26,JUN26,4355.285714285715,5214.516271056254
XAU,4925.0,-2.9107555990914737,0.27085004390234496,0.0,0.0,0.0,0.0,0.0,0.0,4394.001572256504,4316.569856314925,4432.717430227292,4277.853998344137,AUG26,JUN26,4355.285714285715,5214.516271056254
XAU,4930.0,-2.1394002536683754,0.026741402458105884,0.0,0.0,0.0,0.0,0.0,0.0,4394.001572256504,4316.569856314925,4432.717430227292,4277.853998344137,AUG26,JUN26,4355.285714285715,5214.516271056254
XAU,4935.0,0.005912117456783779,0.028449275028636464,0.0,0.0,0.0,0.0,0.0,0.0,4394.001572256504,4316.569856314925,4432.717430227292,4277.853998344137,AUG26,JUN26,4355.285714285715,5214.516271056254
XAU,4940.0,-1.3563681779928252,0.013563681779928253,0.0,0.0,0.0,0.0,0.0,0.0,4394.001572256504,4316.569856314925,4432.717430227292,4277.853998344137,AUG26,JUN26,4355.285714285715,5214.516271056254
XAU,4945.0,1.056725038798134,0.010567250387981338,0.0,0.0,0.0,0.0,0.0,0.0,4394.001572256504,4316.569856314925,4432.717430227292,4277.853998344137,AUG26,JUN26,4355.285714285715,5214.516271056254
XAU,4950.0,5.777972353992374,0.17160708774844283,0.0,0.0,0.0,0.0,0.0,0.0,4394.001572256504,4316.569856314925,4432.717430227292,4277.853998344137,AUG26,JUN26,4355.285714285715,5214.516271056254
XAU,4955.0,0.34764644458637606,0.005242672796306554,0.0,0.0,0.0,0.0,0.0,0.0,4394.001572256504,4316.569856314925,4432.717430227292,4277.853998344137,AUG26,JUN26,4355.285714285715,5214.516271056254
XAU,4960.0,-1.339299007436832,0.022896658018551466,0.0,0.0,0.0,0.0,0.0,0.0,4394.001572256504,4316.569856314925,4432.717430227292,4277.853998344137,AUG26,JUN26,4355.285714285715,5214.516271056254
XAU,4965.0,-0.2774833741296727,0.00819261147101365,0.0,0.0,0.0,0.0,0.0,0.0,4394.001572256504,4316.569856314925,4432.717430227292,4277.853998344137,AUG26,JUN26,4355.285714285715,5214.516271056254
XAU,4970.0,0.8590127861688974,0.008590127861688973,0.0,0.0,0.0,0.0,0.0,0.0,4394.001572256504,4316.569856314925,4432.717430227292,4277.853998344137,AUG26,JUN26,4355.285714285715,5214.516271056254
XAU,4975.0,1.3503683147103964,0.050554452851746236,0.0,0.0,0.0,0.0,0.0,0.0,4394.001572256504,4316.569856314925,4432.717430227292,4277.853998344137,AUG26,JUN26,4355.285714285715,5214.516271056254
XAU,4980.0,-0.6848775707772261,0.008110507330391304,0.0,0.0,0.0,0.0,0.0,0.0,4394.001572256504,4316.569856314925,4432.717430227292,4277.853998344137,AUG26,JUN26,4355.285714285715,5214.516271056254
XAU,4985.0,-2.3358689990733508,0.02710631335155504,0.0,0.0,0.0,0.0,0.0,0.0,4394.001572256504,4316.569856314925,4432.717430227292,4277.853998344137,AUG26,JUN26,4355.285714285715,5214.516271056254
XAU,4990.0,-0.08467312621595376,0.0008467312621595377,0.0,0.0,0.0,0.0,0.0,0.0,4394.001572256504,4316.569856314925,4432.717430227292,4277.853998344137,AUG26,JUN26,4355.285714285715,5214.516271056254
XAU,4995.0,-1.5106066847508137,0.0165988625175102,0.0,0.0,0.0,0.0,0.0,0.0,4394.001572256504,4316.569856314925,4432.717430227292,4277.853998344137,AUG26,JUN26,4355.285714285715,5214.516271056254
XAU,5000.0,-9.974762399348528,0.8121884264258362,0.0,0.0,0.0,0.0,0.0,0.0,4394.001572256504,4316.569856314925,4432.717430227292,4277.853998344137,AUG26,JUN26,4355.285714285715,5214.516271056254
XAU,5005.0,0.8851574564183164,0.016114569495060974,0.0,0.0,0.0,0.0,0.0,0.0,4394.001572256504,4316.569856314925,4432.717430227292,4277.853998344137,AUG26,JUN26,4355.285714285715,5214.516271056254
XAU,5010.0,-0.20757465231365693,0.002971580537686691,0.0,0.0,0.0,0.0,0.0,0.0,4394.001572256504,4316.569856314925,4432.717430227292,4277.853998344137,AUG26,JUN26,4355.285714285715,5214.516271056254
XAU,5015.0,-0.33430674945620237,0.005336965843588726,0.0,0.0,0.0,0.0,0.0,0.0,4394.001572256504,4316.569856314925,4432.717430227292,4277.853998344137,AUG26,JUN26,4355.285714285715,5214.516271056254
XAU,5020.0,0.8409509163113813,0.02019307817857663,0.0,0.0,0.0,0.0,0.0,0.0,4394.001572256504,4316.569856314925,4432.717430227292,4277.853998344137,AUG26,JUN26,4355.285714285715,5214.516271056254
XAU,5025.0,-1.6538747236317182,0.21517690999773603,0.0,0.0,0.0,0.0,0.0,0.0,4394.001572256504,4316.569856314925,4432.717430227292,4277.853998344137,AUG26,JUN26,4355.285714285715,5214.516271056254
XAU,5030.0,2.113057075584146,0.026576585566093294,0.0,0.0,0.0,0.0,0.0,0.0,4394.001572256504,4316.569856314925,4432.717430227292,4277.853998344137,AUG26,JUN26,4355.285714285715,5214.516271056254
XAU,5035.0,0.009549664688250914,0.021773611310783585,0.0,0.0,0.0,0.0,0.0,0.0,4394.001572256504,4316.569856314925,4432.717430227292,4277.853998344137,AUG26,JUN26,4355.285714285715,5214.516271056254
XAU,5040.0,-0.340865933353667,0.00340865933353667,0.0,0.0,0.0,0.0,0.0,0.0,4394.001572256504,4316.569856314925,4432.717430227292,4277.853998344137,AUG26,JUN26,4355.285714285715,5214.516271056254
XAU,5045.0,-1.0017071949888172,0.011013716124548698,0.0,0.0,0.0,0.0,0.0,0.0,4394.001572256504,4316.569856314925,4432.717430227292,4277.853998344137,AUG26,JUN26,4355.285714285715,5214.516271056254
XAU,5050.0,-7.666817767762412,0.34121946386341195,0.0,0.0,0.0,0.0,0.0,0.0,4394.001572256504,4316.569856314925,4432.717430227292,4277.853998344137,AUG26,JUN26,4355.285714285715,5214.516271056254
XAU,5055.0,0.21867103893651033,0.006141998851628487,0.0,0.0,0.0,0.0,0.0,0.0,4394.001572256504,4316.569856314925,4432.717430227292,4277.853998344137,AUG26,JUN26,4355.285714285715,5214.516271056254
XAU,5060.0,0.4216696496196848,0.02192401789790243,0.0,0.0,0.0,0.0,0.0,0.0,4394.001572256504,4316.569856314925,4432.717430227292,4277.853998344137,AUG26,JUN26,4355.285714285715,5214.516271056254
XAU,5065.0,1.4948534207061008,0.019473572938234467,0.0,0.0,0.0,0.0,0.0,0.0,4394.001572256504,4316.569856314925,4432.717430227292,4277.853998344137,AUG26,JUN26,4355.285714285715,5214.516271056254
XAU,5070.0,0.3482783456836361,0.01374505307082097,0.0,0.0,0.0,0.0,0.0,0.0,4394.001572256504,4316.569856314925,4432.717430227292,4277.853998344137,AUG26,JUN26,4355.285714285715,5214.516271056254
XAU,5075.0,1.2259493372814965,0.06800393247966208,0.0,0.0,0.0,0.0,0.0,0.0,4394.001572256504,4316.569856314925,4432.717430227292,4277.853998344137,AUG26,JUN26,4355.285714285715,5214.516271056254
XAU,5080.0,1.1362556696713357,0.013836835568363154,0.0,0.0,0.0,0.0,0.0,0.0,4394.001572256504,4316.569856314925,4432.717430227292,4277.853998344137,AUG26,JUN26,4355.285714285715,5214.516271056254
XAU,5085.0,-1.4860678445484803,0.11047114597448765,0.0,0.0,0.0,0.0,0.0,0.0,4394.001572256504,4316.569856314925,4432.717430227292,4277.853998344137,AUG26,JUN26,4355.285714285715,5214.516271056254
XAU,5090.0,0.532341949236538,0.007683339185462719,0.0,0.0,0.0,0.0,0.0,0.0,4394.001572256504,4316.569856314925,4432.717430227292,4277.853998344137,AUG26,JUN26,4355.285714285715,5214.516271056254
XAU,5095.0,-0.9510280769906247,0.00951028076990625,0.0,0.0,0.0,0.0,0.0,0.0,4394.001572256504,4316.569856314925,4432.717430227292,4277.853998344137,AUG26,JUN26,4355.285714285715,5214.516271056254
XAU,5100.0,94.61741990127224,1.0364953943283288,0.0,0.0,0.0,0.0,0.0,0.0,4394.001572256504,4316.569856314925,4432.717430227292,4277.853998344137,AUG26,JUN26,4355.285714285715,5214.516271056254
XAU,5105.0,0.7058583557514924,0.015397821953931717,0.0,0.0,0.0,0.0,0.0,0.0,4394.001572256504,4316.569856314925,4432.717430227292,4277.853998344137,AUG26,JUN26,4355.285714285715,5214.516271056254
XAU,5110.0,3.0986490733732555,0.03699930831070467,0.0,0.0,0.0,0.0,0.0,0.0,4394.001572256504,4316.569856314925,4432.717430227292,4277.853998344137,AUG26,JUN26,4355.285714285715,5214.516271056254
XAU,5115.0,-0.35705838851020244,0.010215449669030997,0.0,0.0,0.0,0.0,0.0,0.0,4394.001572256504,4316.569856314925,4432.717430227292,4277.853998344137,AUG26,JUN26,4355.285714285715,5214.516271056254
XAU,5120.0,2.05606051938503,0.026378982325566295,0.0,0.0,0.0,0.0,0.0,0.0,4394.001572256504,4316.569856314925,4432.717430227292,4277.853998344137,AUG26,JUN26,4355.285714285715,5214.516271056254
XAU,5125.0,3.9777145755221737,0.053331313709146996,0.0,0.0,0.0,0.0,0.0,0.0,4394.001572256504,4316.569856314925,4432.717430227292,4277.853998344137,AUG26,JUN26,4355.285714285715,5214.516271056254
XAU,5130.0,0.5231170824189796,0.014312815345812219,0.0,0.0,0.0,0.0,0.0,0.0,4394.001572256504,4316.569856314925,4432.717430227292,4277.853998344137,AUG26,JUN26,4355.285714285715,5214.516271056254
XAU,5135.0,1.17440506731834,0.014986284538366132,0.0,0.0,0.0,0.0,0.0,0.0,4394.001572256504,4316.569856314925,4432.717430227292,4277.853998344137,AUG26,JUN26,4355.285714285715,5214.516271056254
XAU,5140.0,0.1728710515827787,0.009231489503770294,0.0,0.0,0.0,0.0,0.0,0.0,4394.001572256504,4316.569856314925,4432.717430227292,4277.853998344137,AUG26,JUN26,4355.285714285715,5214.516271056254
XAU,5145.0,0.6879431569212585,0.007942468974136504,0.0,0.0,0.0,0.0,0.0,0.0,4394.001572256504,4316.569856314925,4432.717430227292,4277.853998344137,AUG26,JUN26,4355.285714285715,5214.516271056254
XAU,5150.0,-2.9802193110929687,0.05279070480428395,0.0,0.0,0.0,0.0,0.0,0.0,4394.001572256504,4316.569856314925,4432.717430227292,4277.853998344137,AUG26,JUN26,4355.285714285715,5214.516271056254
XAU,5155.0,-2.1990611451633164,0.027861237276988506,0.0,0.0,0.0,0.0,0.0,0.0,4394.001572256504,4316.569856314925,4432.717430227292,4277.853998344137,AUG26,JUN26,4355.285714285715,5214.516271056254
XAU,5160.0,-2.3854174805418307,0.024700611236797333,0.0,0.0,0.0,0.0,0.0,0.0,4394.001572256504,4316.569856314925,4432.717430227292,4277.853998344137,AUG26,JUN26,4355.285714285715,5214.516271056254
XAU,5165.0,0.15468186151677105,0.0015468186151677103,0.0,0.0,0.0,0.0,0.0,0.0,4394.001572256504,4316.569856314925,4432.717430227292,4277.853998344137,AUG26,JUN26,4355.285714285715,5214.516271056254
XAU,5170.0,-0.307941930034233,0.008025021777615857,0.0,0.0,0.0,0.0,0.0,0.0,4394.001572256504,4316.569856314925,4432.717430227292,4277.853998344137,AUG26,JUN26,4355.285714285715,5214.516271056254
XAU,5175.0,3.9871250931565405,0.06023534042386368,0.0,0.0,0.0,0.0,0.0,0.0,4394.001572256504,4316.569856314925,4432.717430227292,4277.853998344137,AUG26,JUN26,4355.285714285715,5214.516271056254
XAU,5180.0,0.5894527488009953,0.00997947528505683,0.0,0.0,0.0,0.0,0.0,0.0,4394.001572256504,4316.569856314925,4432.717430227292,4277.853998344137,AUG26,JUN26,4355.285714285715,5214.516271056254
XAU,5185.0,0.006493934244632001,6.493934244632001e-05,0.0,0.0,0.0,0.0,0.0,0.0,4394.001572256504,4316.569856314925,4432.717430227292,4277.853998344137,AUG26,JUN26,4355.285714285715,5214.516271056254
XAU,5190.0,0.1317757085583266,0.001643834529553939,0.0,0.0,0.0,0.0,0.0,0.0,4394.001572256504,4316.569856314925,4432.717430227292,4277.853998344137,AUG26,JUN26,4355.285714285715,5214.516271056254
XAU,5195.0,0.34188523460258013,0.0034188523460258018,0.0,0.0,0.0,0.0,0.0,0.0,4394.001572256504,4316.569856314925,4432.717430227292,4277.853998344137,AUG26,JUN26,4355.285714285715,5214.516271056254
XAU,5200.0,53.91654361329362,0.5914520507340219,0.0,0.0,0.0,0.0,0.0,0.0,4394.001572256504,4316.569856314925,4432.717430227292,4277.853998344137,AUG26,JUN26,4355.285714285715,5214.516271056254
XAU,5205.0,0.2916638399792336,0.0029166383997923364,0.0,0.0,0.0,0.0,0.0,0.0,4394.001572256504,4316.569856314925,4432.717430227292,4277.853998344137,AUG26,JUN26,4355.285714285715,5214.516271056254
XAU,5210.0,0.27219638526791823,0.002721963852679182,0.0,0.0,0.0,0.0,0.0,0.0,4394.001572256504,4316.569856314925,4432.717430227292,4277.853998344137,AUG26,JUN26,4355.285714285715,5214.516271056254
XAU,5215.0,0.3315058172663951,0.0033150581726639513,0.0,0.0,0.0,0.0,0.0,0.0,4394.001572256504,4316.569856314925,4432.717430227292,4277.853998344137,AUG26,JUN26,4355.285714285715,5214.516271056254
XAU,5220.0,0.8958046585435774,0.008958046585435774,0.0,0.0,0.0,0.0,0.0,0.0,4394.001572256504,4316.569856314925,4432.717430227292,4277.853998344137,AUG26,JUN26,4355.285714285715,5214.516271056254
XAU,5225.0,0.8508037195510372,0.008508037195510371,0.0,0.0,0.0,0.0,0.0,0.0,4394.001572256504,4316.569856314925,4432.717430227292,4277.853998344137,AUG26,JUN26,4355.285714285715,5214.516271056254
XAU,5230.0,0.1147622290540117,0.001754181395373772,0.0,0.0,0.0,0.0,0.0,0.0,4394.001572256504,4316.569856314925,4432.717430227292,4277.853998344137,AUG26,JUN26,4355.285714285715,5214.516271056254
XAU,5235.0,-0.08053208250456431,0.004613502328479354,0.0,0.0,0.0,0.0,0.0,0.0,4394.001572256504,4316.569856314925,4432.717430227292,4277.853998344137,AUG26,JUN26,4355.285714285715,5214.516271056254
XAU,5240.0,0.005396106710172053,5.396106710172052e-05,0.0,0.0,0.0,0.0,0.0,0.0,4394.001572256504,4316.569856314925,4432.717430227292,4277.853998344137,AUG26,JUN26,4355.285714285715,5214.516271056254
XAU,5245.0,0.38003271613614437,0.003800327161361444,0.0,0.0,0.0,0.0,0.0,0.0,4394.001572256504,4316.569856314925,4432.717430227292,4277.853998344137,AUG26,JUN26,4355.285714285715,5214.516271056254
XAU,5250.0,11.648454215043621,0.11707357950627309,0.0,0.0,0.0,0.0,0.0,0.0,4394.001572256504,4316.569856314925,4432.717430227292,4277.853998344137,AUG26,JUN26,4355.285714285715,5214.516271056254
XAU,5255.0,-0.020966053121733594,0.0024219336286992275,0.0,0.0,0.0,0.0,0.0,0.0,4394.001572256504,4316.569856314925,4432.717430227292,4277.853998344137,AUG26,JUN26,4355.285714285715,5214.516271056254
XAU,5260.0,0.7838355409823243,0.007838355409823243,0.0,0.0,0.0,0.0,0.0,0.0,4394.001572256504,4316.569856314925,4432.717430227292,4277.853998344137,AUG26,JUN26,4355.285714285715,5214.516271056254
XAU,5265.0,0.043773825068965024,0.0008065168768067045,0.0,0.0,0.0,0.0,0.0,0.0,4394.001572256504,4316.569856314925,4432.717430227292,4277.853998344137,AUG26,JUN26,4355.285714285715,5214.516271056254
XAU,5270.0,0.14916974259486437,0.0014916974259486437,0.0,0.0,0.0,0.0,0.0,0.0,4394.001572256504,4316.569856314925,4432.717430227292,4277.853998344137,AUG26,JUN26,4355.285714285715,5214.516271056254
XAU,5275.0,0.6758820399069799,0.006758820399069799,0.0,0.0,0.0,0.0,0.0,0.0,4394.001572256504,4316.569856314925,4432.717430227292,4277.853998344137,AUG26,JUN26,4355.285714285715,5214.516271056254
XAU,5280.0,0.2228249237722015,0.002228249237722015,0.0,0.0,0.0,0.0,0.0,0.0,4394.001572256504,4316.569856314925,4432.717430227292,4277.853998344137,AUG26,JUN26,4355.285714285715,5214.516271056254
XAU,5285.0,0.30256487770969476,0.0033024464300834564,0.0,0.0,0.0,0.0,0.0,0.0,4394.001572256504,4316.569856314925,4432.717430227292,4277.853998344137,AUG26,JUN26,4355.285714285715,5214.516271056254
XAU,5290.0,0.19934339844653035,0.0028180729830784216,0.0,0.0,0.0,0.0,0.0,0.0,4394.001572256504,4316.569856314925,4432.717430227292,4277.853998344137,AUG26,JUN26,4355.285714285715,5214.516271056254
XAU,5295.0,0.04420948064393584,0.0004420948064393584,0.0,0.0,0.0,0.0,0.0,0.0,4394.001572256504,4316.569856314925,4432.717430227292,4277.853998344137,AUG26,JUN26,4355.285714285715,5214.516271056254
XAU,5300.0,20.180960136307927,0.20392340650262022,0.0,0.0,0.0,0.0,0.0,0.0,4394.001572256504,4316.569856314925,4432.717430227292,4277.853998344137,AUG26,JUN26,4355.285714285715,5214.516271056254
XAU,5305.0,0.6012726302861905,0.006012726302861904,0.0,0.0,0.0,0.0,0.0,0.0,4394.001572256504,4316.569856314925,4432.717430227292,4277.853998344137,AUG26,JUN26,4355.285714285715,5214.516271056254
XAU,5310.0,0.0,0.0,0.0,0.0,0.0,0.0,0.0,0.0,4394.001572256504,4316.569856314925,4432.717430227292,4277.853998344137,AUG26,JUN26,4355.285714285715,5214.516271056254
XAU,5315.0,0.0,0.0,0.0,0.0,0.0,0.0,0.0,0.0,4394.001572256504,4316.569856314925,4432.717430227292,4277.853998344137,AUG26,JUN26,4355.285714285715,5214.516271056254
XAU,5320.0,0.1064068907862796,0.001064068907862796,0.0,0.0,0.0,0.0,0.0,0.0,4394.001572256504,4316.569856314925,4432.717430227292,4277.853998344137,AUG26,JUN26,4355.285714285715,5214.516271056254
XAU,5325.0,0.0,0.0,0.0,0.0,0.0,0.0,0.0,0.0,4394.001572256504,4316.569856314925,4432.717430227292,4277.853998344137,AUG26,JUN26,4355.285714285715,5214.516271056254
XAU,5330.0,0.0,0.0,0.0,0.0,0.0,0.0,0.0,0.0,4394.001572256504,4316.569856314925,4432.717430227292,4277.853998344137,AUG26,JUN26,4355.285714285715,5214.516271056254
XAU,5335.0,0.0,0.0,0.0,0.0,0.0,0.0,0.0,0.0,4394.001572256504,4316.569856314925,4432.717430227292,4277.853998344137,AUG26,JUN26,4355.285714285715,5214.516271056254
XAU,5340.0,0.0,0.0,0.0,0.0,0.0,0.0,0.0,0.0,4394.001572256504,4316.569856314925,4432.717430227292,4277.853998344137,AUG26,JUN26,4355.285714285715,5214.516271056254
XAU,5345.0,0.0,0.0,0.0,0.0,0.0,0.0,0.0,0.0,4394.001572256504,4316.569856314925,4432.717430227292,4277.853998344137,AUG26,JUN26,4355.285714285715,5214.516271056254
XAU,5350.0,0.4457975069234935,0.004457975069234935,0.0,0.0,0.0,0.0,0.0,0.0,4394.001572256504,4316.569856314925,4432.717430227292,4277.853998344137,AUG26,JUN26,4355.285714285715,5214.516271056254
XAU,5355.0,-0.015437331386347017,0.00015437331386347017,0.0,0.0,0.0,0.0,0.0,0.0,4394.001572256504,4316.569856314925,4432.717430227292,4277.853998344137,AUG26,JUN26,4355.285714285715,5214.516271056254
XAU,5360.0,0.11839405246178379,0.001183940524617838,0.0,0.0,0.0,0.0,0.0,0.0,4394.001572256504,4316.569856314925,4432.717430227292,4277.853998344137,AUG26,JUN26,4355.285714285715,5214.516271056254
XAU,5365.0,0.0,0.0,0.0,0.0,0.0,0.0,0.0,0.0,4394.001572256504,4316.569856314925,4432.717430227292,4277.853998344137,AUG26,JUN26,4355.285714285715,5214.516271056254
XAU,5370.0,0.0,0.0,0.0,0.0,0.0,0.0,8010.0,0.0,4394.001572256504,4316.569856314925,4432.717430227292,4277.853998344137,AUG26,JUN26,4355.285714285715,5214.516271056254
XAU,5375.0,0.02913061594193141,0.0002913061594193141,0.0,0.0,0.0,0.0,0.0,0.0,4394.001572256504,4316.569856314925,4432.717430227292,4277.853998344137,AUG26,JUN26,4355.285714285715,5214.516271056254
XAU,5380.0,0.0,0.0,0.0,0.0,0.0,0.0,0.0,0.0,4394.001572256504,4316.569856314925,4432.717430227292,4277.853998344137,AUG26,JUN26,4355.285714285715,5214.516271056254
XAU,5385.0,0.0,0.0,0.0,0.0,0.0,0.0,0.0,0.0,4394.001572256504,4316.569856314925,4432.717430227292,4277.853998344137,AUG26,JUN26,4355.285714285715,5214.516271056254
XAU,5390.0,0.0,0.0,0.0,0.0,0.0,0.0,0.0,0.0,4394.001572256504,4316.569856314925,4432.717430227292,4277.853998344137,AUG26,JUN26,4355.285714285715,5214.516271056254
XAU,5395.0,0.0,0.0,0.0,0.0,0.0,0.0,0.0,0.0,4394.001572256504,4316.569856314925,4432.717430227292,4277.853998344137,AUG26,JUN26,4355.285714285715,5214.516271056254
XAU,5400.0,5.901272689364379,0.08123299854206209,0.0,0.0,0.0,0.0,0.0,0.0,4394.001572256504,4316.569856314925,4432.717430227292,4277.853998344137,AUG26,JUN26,4355.285714285715,5214.516271056254
XAU,5405.0,0.3267351296632489,0.0032673512966324893,0.0,0.0,0.0,0.0,0.0,0.0,4394.001572256504,4316.569856314925,4432.717430227292,4277.853998344137,AUG26,JUN26,4355.285714285715,5214.516271056254
XAU,5410.0,0.0,0.0,0.0,0.0,0.0,0.0,0.0,0.0,4394.001572256504,4316.569856314925,4432.717430227292,4277.853998344137,AUG26,JUN26,4355.285714285715,5214.516271056254
XAU,5415.0,0.0,0.0,0.0,0.0,0.0,0.0,0.0,0.0,4394.001572256504,4316.569856314925,4432.717430227292,4277.853998344137,AUG26,JUN26,4355.285714285715,5214.516271056254
XAU,5420.0,0.0,0.0,0.0,0.0,0.0,0.0,0.0,0.0,4394.001572256504,4316.569856314925,4432.717430227292,4277.853998344137,AUG26,JUN26,4355.285714285715,5214.516271056254
XAU,5425.0,0.0,0.0,0.0,0.0,0.0,0.0,0.0,0.0,4394.001572256504,4316.569856314925,4432.717430227292,4277.853998344137,AUG26,JUN26,4355.285714285715,5214.516271056254
XAU,5430.0,0.05583474518051888,0.0005583474518051888,0.0,0.0,0.0,0.0,0.0,0.0,4394.001572256504,4316.569856314925,4432.717430227292,4277.853998344137,AUG26,JUN26,4355.285714285715,5214.516271056254
XAU,5435.0,0.0,0.0,0.0,0.0,0.0,0.0,0.0,0.0,4394.001572256504,4316.569856314925,4432.717430227292,4277.853998344137,AUG26,JUN26,4355.285714285715,5214.516271056254
XAU,5440.0,0.0,0.0,0.0,0.0,0.0,0.0,0.0,0.0,4394.001572256504,4316.569856314925,4432.717430227292,4277.853998344137,AUG26,JUN26,4355.285714285715,5214.516271056254
XAU,5445.0,0.0,0.0,0.0,0.0,0.0,0.0,0.0,0.0,4394.001572256504,4316.569856314925,4432.717430227292,4277.853998344137,AUG26,JUN26,4355.285714285715,5214.516271056254
XAU,5450.0,0.08257656999665693,0.0008257656999665693,0.0,0.0,0.0,0.0,0.0,0.0,4394.001572256504,4316.569856314925,4432.717430227292,4277.853998344137,AUG26,JUN26,4355.285714285715,5214.516271056254
XAU,5455.0,0.0,0.0,0.0,0.0,0.0,0.0,0.0,0.0,4394.001572256504,4316.569856314925,4432.717430227292,4277.853998344137,AUG26,JUN26,4355.285714285715,5214.516271056254
XAU,5460.0,-0.012869051171569112,0.00012869051171569113,0.0,0.0,0.0,0.0,0.0,0.0,4394.001572256504,4316.569856314925,4432.717430227292,4277.853998344137,AUG26,JUN26,4355.285714285715,5214.516271056254
XAU,5465.0,0.0,0.0,0.0,0.0,0.0,0.0,0.0,0.0,4394.001572256504,4316.569856314925,4432.717430227292,4277.853998344137,AUG26,JUN26,4355.285714285715,5214.516271056254
XAU,5470.0,0.0,0.0,0.0,0.0,0.0,0.0,0.0,0.0,4394.001572256504,4316.569856314925,4432.717430227292,4277.853998344137,AUG26,JUN26,4355.285714285715,5214.516271056254
XAU,5475.0,-0.06446404849420667,0.0006446404849420667,0.0,0.0,0.0,0.0,0.0,0.0,4394.001572256504,4316.569856314925,4432.717430227292,4277.853998344137,AUG26,JUN26,4355.285714285715,5214.516271056254
XAU,5480.0,0.0,0.0,0.0,0.0,0.0,0.0,0.0,0.0,4394.001572256504,4316.569856314925,4432.717430227292,4277.853998344137,AUG26,JUN26,4355.285714285715,5214.516271056254
XAU,5485.0,0.0,0.0,0.0,0.0,0.0,0.0,0.0,0.0,4394.001572256504,4316.569856314925,4432.717430227292,4277.853998344137,AUG26,JUN26,4355.285714285715,5214.516271056254
XAU,5490.0,0.0,0.0,0.0,0.0,0.0,0.0,0.0,0.0,4394.001572256504,4316.569856314925,4432.717430227292,4277.853998344137,AUG26,JUN26,4355.285714285715,5214.516271056254
XAU,5495.0,0.0,0.0,0.0,0.0,0.0,0.0,0.0,0.0,4394.001572256504,4316.569856314925,4432.717430227292,4277.853998344137,AUG26,JUN26,4355.285714285715,5214.516271056254
XAU,5500.0,14.100153254595309,0.1419682437369672,0.0,0.0,0.0,0.0,0.0,0.0,4394.001572256504,4316.569856314925,4432.717430227292,4277.853998344137,AUG26,JUN26,4355.285714285715,5214.516271056254
XAU,5505.0,0.0,0.0,0.0,0.0,0.0,0.0,0.0,0.0,4394.001572256504,4316.569856314925,4432.717430227292,4277.853998344137,AUG26,JUN26,4355.285714285715,5214.516271056254
XAU,5510.0,0.05251329914790257,0.0005251329914790257,0.0,0.0,0.0,0.0,0.0,0.0,4394.001572256504,4316.569856314925,4432.717430227292,4277.853998344137,AUG26,JUN26,4355.285714285715,5214.516271056254
XAU,5515.0,0.0,0.0,0.0,0.0,0.0,0.0,0.0,0.0,4394.001572256504,4316.569856314925,4432.717430227292,4277.853998344137,AUG26,JUN26,4355.285714285715,5214.516271056254
XAU,5520.0,0.0,0.0,0.0,0.0,0.0,0.0,0.0,0.0,4394.001572256504,4316.569856314925,4432.717430227292,4277.853998344137,AUG26,JUN26,4355.285714285715,5214.516271056254
XAU,5525.0,0.0,0.0,0.0,0.0,0.0,0.0,0.0,0.0,4394.001572256504,4316.569856314925,4432.717430227292,4277.853998344137,AUG26,JUN26,4355.285714285715,5214.516271056254
XAU,5530.0,-0.011473360633133714,0.00011473360633133714,0.0,0.0,0.0,0.0,0.0,0.0,4394.001572256504,4316.569856314925,4432.717430227292,4277.853998344137,AUG26,JUN26,4355.285714285715,5214.516271056254
XAU,5535.0,0.0,0.0,0.0,0.0,0.0,0.0,0.0,0.0,4394.001572256504,4316.569856314925,4432.717430227292,4277.853998344137,AUG26,JUN26,4355.285714285715,5214.516271056254
XAU,5540.0,0.0,0.0,0.0,0.0,0.0,0.0,0.0,0.0,4394.001572256504,4316.569856314925,4432.717430227292,4277.853998344137,AUG26,JUN26,4355.285714285715,5214.516271056254
XAU,5545.0,0.0,0.0,0.0,0.0,0.0,0.0,0.0,0.0,4394.001572256504,4316.569856314925,4432.717430227292,4277.853998344137,AUG26,JUN26,4355.285714285715,5214.516271056254
XAU,5550.0,0.025628908950421345,0.00025628908950421343,0.0,0.0,0.0,0.0,0.0,0.0,4394.001572256504,4316.569856314925,4432.717430227292,4277.853998344137,AUG26,JUN26,4355.285714285715,5214.516271056254
XAU,5555.0,0.0,0.0,0.0,0.0,0.0,0.0,0.0,0.0,4394.001572256504,4316.569856314925,4432.717430227292,4277.853998344137,AUG26,JUN26,4355.285714285715,5214.516271056254
XAU,5560.0,0.0,0.0,0.0,0.0,0.0,0.0,0.0,0.0,4394.001572256504,4316.569856314925,4432.717430227292,4277.853998344137,AUG26,JUN26,4355.285714285715,5214.516271056254
XAU,5565.0,0.0,0.0,0.0,0.0,0.0,0.0,0.0,0.0,4394.001572256504,4316.569856314925,4432.717430227292,4277.853998344137,AUG26,JUN26,4355.285714285715,5214.516271056254
XAU,5570.0,0.02525862510885657,0.0002525862510885657,0.0,0.0,0.0,0.0,0.0,0.0,4394.001572256504,4316.569856314925,4432.717430227292,4277.853998344137,AUG26,JUN26,4355.285714285715,5214.516271056254
XAU,5575.0,-0.02144334081374578,0.00021443340813745782,0.0,0.0,0.0,0.0,0.0,0.0,4394.001572256504,4316.569856314925,4432.717430227292,4277.853998344137,AUG26,JUN26,4355.285714285715,5214.516271056254
XAU,5580.0,0.0,0.0,0.0,0.0,0.0,0.0,0.0,0.0,4394.001572256504,4316.569856314925,4432.717430227292,4277.853998344137,AUG26,JUN26,4355.285714285715,5214.516271056254
XAU,5585.0,0.0,0.0,0.0,0.0,0.0,0.0,0.0,0.0,4394.001572256504,4316.569856314925,4432.717430227292,4277.853998344137,AUG26,JUN26,4355.285714285715,5214.516271056254
XAU,5590.0,0.0,0.0,0.0,0.0,0.0,0.0,0.0,0.0,4394.001572256504,4316.569856314925,4432.717430227292,4277.853998344137,AUG26,JUN26,4355.285714285715,5214.516271056254
XAU,5595.0,0.0,0.0,0.0,0.0,0.0,0.0,0.0,0.0,4394.001572256504,4316.569856314925,4432.717430227292,4277.853998344137,AUG26,JUN26,4355.285714285715,5214.516271056254
XAU,5600.0,7.41280261027471,0.0741280261027471,0.0,0.0,0.0,0.0,0.0,0.0,4394.001572256504,4316.569856314925,4432.717430227292,4277.853998344137,AUG26,JUN26,4355.285714285715,5214.516271056254
XAU,5605.0,0.0,0.0,0.0,0.0,0.0,0.0,0.0,0.0,4394.001572256504,4316.569856314925,4432.717430227292,4277.853998344137,AUG26,JUN26,4355.285714285715,5214.516271056254
XAU,5610.0,0.0,0.0,0.0,0.0,0.0,0.0,0.0,0.0,4394.001572256504,4316.569856314925,4432.717430227292,4277.853998344137,AUG26,JUN26,4355.285714285715,5214.516271056254
XAU,5615.0,0.0,0.0,0.0,0.0,0.0,0.0,0.0,0.0,4394.001572256504,4316.569856314925,4432.717430227292,4277.853998344137,AUG26,JUN26,4355.285714285715,5214.516271056254
XAU,5620.0,0.0,0.0,0.0,0.0,0.0,0.0,0.0,0.0,4394.001572256504,4316.569856314925,4432.717430227292,4277.853998344137,AUG26,JUN26,4355.285714285715,5214.516271056254
XAU,5625.0,0.0485176807248633,0.00048517680724863304,0.0,0.0,0.0,0.0,0.0,0.0,4394.001572256504,4316.569856314925,4432.717430227292,4277.853998344137,AUG26,JUN26,4355.285714285715,5214.516271056254
XAU,5630.0,0.0,0.0,0.0,0.0,0.0,0.0,0.0,0.0,4394.001572256504,4316.569856314925,4432.717430227292,4277.853998344137,AUG26,JUN26,4355.285714285715,5214.516271056254
XAU,5635.0,0.0,0.0,0.0,0.0,0.0,0.0,0.0,0.0,4394.001572256504,4316.569856314925,4432.717430227292,4277.853998344137,AUG26,JUN26,4355.285714285715,5214.516271056254
XAU,5640.0,0.0,0.0,0.0,0.0,0.0,0.0,0.0,0.0,4394.001572256504,4316.569856314925,4432.717430227292,4277.853998344137,AUG26,JUN26,4355.285714285715,5214.516271056254
XAU,5645.0,0.0,0.0,0.0,0.0,0.0,0.0,0.0,0.0,4394.001572256504,4316.569856314925,4432.717430227292,4277.853998344137,AUG26,JUN26,4355.285714285715,5214.516271056254
XAU,5650.0,4.613664712286846,0.04613664712286847,0.0,0.0,0.0,0.0,0.0,0.0,4394.001572256504,4316.569856314925,4432.717430227292,4277.853998344137,AUG26,JUN26,4355.285714285715,5214.516271056254
XAU,5655.0,0.0,0.0,0.0,0.0,0.0,0.0,0.0,0.0,4394.001572256504,4316.569856314925,4432.717430227292,4277.853998344137,AUG26,JUN26,4355.285714285715,5214.516271056254
XAU,5660.0,0.0,0.0,0.0,0.0,0.0,0.0,0.0,0.0,4394.001572256504,4316.569856314925,4432.717430227292,4277.853998344137,AUG26,JUN26,4355.285714285715,5214.516271056254
XAU,5665.0,0.0,0.0,0.0,0.0,0.0,0.0,0.0,0.0,4394.001572256504,4316.569856314925,4432.717430227292,4277.853998344137,AUG26,JUN26,4355.285714285715,5214.516271056254
XAU,5670.0,0.010143561638962057,0.00010143561638962057,0.0,0.0,0.0,0.0,0.0,0.0,4394.001572256504,4316.569856314925,4432.717430227292,4277.853998344137,AUG26,JUN26,4355.285714285715,5214.516271056254
XAU,5675.0,0.006419116946114043,6.419116946114043e-05,0.0,0.0,0.0,0.0,0.0,0.0,4394.001572256504,4316.569856314925,4432.717430227292,4277.853998344137,AUG26,JUN26,4355.285714285715,5214.516271056254
XAU,5680.0,0.01459105943376289,0.0001459105943376289,0.0,0.0,0.0,0.0,0.0,0.0,4394.001572256504,4316.569856314925,4432.717430227292,4277.853998344137,AUG26,JUN26,4355.285714285715,5214.516271056254
XAU,5685.0,0.0,0.0,0.0,0.0,0.0,0.0,0.0,0.0,4394.001572256504,4316.569856314925,4432.717430227292,4277.853998344137,AUG26,JUN26,4355.285714285715,5214.516271056254
XAU,5690.0,0.018940673991452266,0.00018940673991452265,0.0,0.0,0.0,0.0,0.0,0.0,4394.001572256504,4316.569856314925,4432.717430227292,4277.853998344137,AUG26,JUN26,4355.285714285715,5214.516271056254
XAU,5695.0,0.0,0.0,0.0,0.0,0.0,0.0,0.0,0.0,4394.001572256504,4316.569856314925,4432.717430227292,4277.853998344137,AUG26,JUN26,4355.285714285715,5214.516271056254
XAU,5700.0,4.277048172334398,0.04277048172334398,0.0,0.0,0.0,0.0,0.0,0.0,4394.001572256504,4316.569856314925,4432.717430227292,4277.853998344137,AUG26,JUN26,4355.285714285715,5214.516271056254
XAU,5705.0,0.0,0.0,0.0,0.0,0.0,0.0,0.0,0.0,4394.001572256504,4316.569856314925,4432.717430227292,4277.853998344137,AUG26,JUN26,4355.285714285715,5214.516271056254
XAU,5710.0,0.013237447845288934,0.00013237447845288933,0.0,0.0,0.0,0.0,0.0,0.0,4394.001572256504,4316.569856314925,4432.717430227292,4277.853998344137,AUG26,JUN26,4355.285714285715,5214.516271056254
XAU,5720.0,0.01484185992501454,0.0001484185992501454,0.0,0.0,0.0,0.0,0.0,0.0,4394.001572256504,4316.569856314925,4432.717430227292,4277.853998344137,AUG26,JUN26,4355.285714285715,5214.516271056254
XAU,5725.0,0.04863006814056579,0.00048630068140565787,0.0,0.0,0.0,0.0,0.0,0.0,4394.001572256504,4316.569856314925,4432.717430227292,4277.853998344137,AUG26,JUN26,4355.285714285715,5214.516271056254
XAU,5730.0,0.008637810983219679,8.637810983219678e-05,0.0,0.0,0.0,0.0,0.0,0.0,4394.001572256504,4316.569856314925,4432.717430227292,4277.853998344137,AUG26,JUN26,4355.285714285715,5214.516271056254
XAU,5740.0,0.007692151418889687,7.692151418889687e-05,0.0,0.0,0.0,0.0,0.0,0.0,4394.001572256504,4316.569856314925,4432.717430227292,4277.853998344137,AUG26,JUN26,4355.285714285715,5214.516271056254
XAU,5750.0,2.8072583078667948,0.028072583078667945,0.0,0.0,0.0,0.0,0.0,0.0,4394.001572256504,4316.569856314925,4432.717430227292,4277.853998344137,AUG26,JUN26,4355.285714285715,5214.516271056254
XAU,5760.0,0.1406137079293838,0.001406137079293838,0.0,0.0,0.0,0.0,0.0,0.0,4394.001572256504,4316.569856314925,4432.717430227292,4277.853998344137,AUG26,JUN26,4355.285714285715,5214.516271056254
XAU,5770.0,0.0033135136359741715,3.3135136359741715e-05,0.0,0.0,0.0,0.0,0.0,0.0,4394.001572256504,4316.569856314925,4432.717430227292,4277.853998344137,AUG26,JUN26,4355.285714285715,5214.516271056254
XAU,5775.0,0.17718855523065688,0.001771885552306569,0.0,0.0,0.0,0.0,0.0,0.0,4394.001572256504,4316.569856314925,4432.717430227292,4277.853998344137,AUG26,JUN26,4355.285714285715,5214.516271056254
XAU,5780.0,0.004919552919871755,4.919552919871755e-05,0.0,0.0,0.0,0.0,0.0,0.0,4394.001572256504,4316.569856314925,4432.717430227292,4277.853998344137,AUG26,JUN26,4355.285714285715,5214.516271056254
XAU,5790.0,0.007304613397206093,7.304613397206093e-05,0.0,0.0,0.0,0.0,0.0,0.0,4394.001572256504,4316.569856314925,4432.717430227292,4277.853998344137,AUG26,JUN26,4355.285714285715,5214.516271056254
XAU,5800.0,5.006111320527481,0.05006111320527481,0.0,0.0,0.0,0.0,0.0,0.0,4394.001572256504,4316.569856314925,4432.717430227292,4277.853998344137,AUG26,JUN26,4355.285714285715,5214.516271056254
XAU,5810.0,0.008750045649829888,8.750045649829888e-05,0.0,0.0,0.0,0.0,0.0,0.0,4394.001572256504,4316.569856314925,4432.717430227292,4277.853998344137,AUG26,JUN26,4355.285714285715,5214.516271056254
XAU,5820.0,0.16381836566388194,0.0016381836566388194,0.0,0.0,0.0,0.0,0.0,0.0,4394.001572256504,4316.569856314925,4432.717430227292,4277.853998344137,AUG26,JUN26,4355.285714285715,5214.516271056254
XAU,5825.0,0.014890387649270566,0.00014890387649270565,0.0,0.0,0.0,0.0,0.0,0.0,4394.001572256504,4316.569856314925,4432.717430227292,4277.853998344137,AUG26,JUN26,4355.285714285715,5214.516271056254
XAU,5830.0,0.0007798547161975365,7.798547161975365e-06,0.0,0.0,0.0,0.0,0.0,0.0,4394.001572256504,4316.569856314925,4432.717430227292,4277.853998344137,AUG26,JUN26,4355.285714285715,5214.516271056254
XAU,5840.0,0.0795422286866303,0.000795422286866303,0.0,0.0,0.0,0.0,0.0,0.0,4394.001572256504,4316.569856314925,4432.717430227292,4277.853998344137,AUG26,JUN26,4355.285714285715,5214.516271056254
XAU,5850.0,0.10334536698513047,0.0010334536698513048,0.0,0.0,0.0,0.0,0.0,0.0,4394.001572256504,4316.569856314925,4432.717430227292,4277.853998344137,AUG26,JUN26,4355.285714285715,5214.516271056254
XAU,5860.0,0.1575480026366281,0.001575480026366281,0.0,0.0,0.0,0.0,0.0,0.0,4394.001572256504,4316.569856314925,4432.717430227292,4277.853998344137,AUG26,JUN26,4355.285714285715,5214.516271056254
XAU,5870.0,0.012753807000097511,0.0001275380700009751,0.0,0.0,0.0,0.0,0.0,0.0,4394.001572256504,4316.569856314925,4432.717430227292,4277.853998344137,AUG26,JUN26,4355.285714285715,5214.516271056254
XAU,5875.0,0.020159830915991824,0.00020159830915991825,0.0,0.0,0.0,0.0,0.0,0.0,4394.001572256504,4316.569856314925,4432.717430227292,4277.853998344137,AUG26,JUN26,4355.285714285715,5214.516271056254
XAU,5880.0,2.647422941022989,0.02647422941022989,0.0,0.0,0.0,0.0,0.0,0.0,4394.001572256504,4316.569856314925,4432.717430227292,4277.853998344137,AUG26,JUN26,4355.285714285715,5214.516271056254
XAU,5890.0,0.006625333223782306,6.625333223782306e-05,0.0,0.0,0.0,0.0,0.0,0.0,4394.001572256504,4316.569856314925,4432.717430227292,4277.853998344137,AUG26,JUN26,4355.285714285715,5214.516271056254
XAU,5900.0,0.3194268845203215,0.003194268845203215,0.0,0.0,0.0,0.0,0.0,0.0,4394.001572256504,4316.569856314925,4432.717430227292,4277.853998344137,AUG26,JUN26,4355.285714285715,5214.516271056254
XAU,5910.0,0.004335210725615197,4.335210725615197e-05,0.0,0.0,0.0,0.0,0.0,0.0,4394.001572256504,4316.569856314925,4432.717430227292,4277.853998344137,AUG26,JUN26,4355.285714285715,5214.516271056254
XAU,5920.0,0.013602015155793467,0.00013602015155793467,0.0,0.0,0.0,0.0,0.0,0.0,4394.001572256504,4316.569856314925,4432.717430227292,4277.853998344137,AUG26,JUN26,4355.285714285715,5214.516271056254
XAU,5925.0,0.010689245382566487,0.00010689245382566488,0.0,0.0,0.0,0.0,0.0,0.0,4394.001572256504,4316.569856314925,4432.717430227292,4277.853998344137,AUG26,JUN26,4355.285714285715,5214.516271056254
XAU,5930.0,0.004965546949940849,4.9655469499408485e-05,0.0,0.0,0.0,0.0,0.0,0.0,4394.001572256504,4316.569856314925,4432.717430227292,4277.853998344137,AUG26,JUN26,4355.285714285715,5214.516271056254
XAU,5940.0,0.002811750500364049,2.811750500364049e-05,0.0,0.0,0.0,0.0,0.0,0.0,4394.001572256504,4316.569856314925,4432.717430227292,4277.853998344137,AUG26,JUN26,4355.285714285715,5214.516271056254
XAU,5950.0,0.05154947210625452,0.0005154947210625452,0.0,0.0,0.0,0.0,0.0,0.0,4394.001572256504,4316.569856314925,4432.717430227292,4277.853998344137,AUG26,JUN26,4355.285714285715,5214.516271056254
XAU,5960.0,0.01449823482522316,0.0001449823482522316,0.0,0.0,0.0,0.0,0.0,0.0,4394.001572256504,4316.569856314925,4432.717430227292,4277.853998344137,AUG26,JUN26,4355.285714285715,5214.516271056254
XAU,5970.0,0.044477441225544964,0.0004447744122554496,0.0,0.0,0.0,0.0,0.0,0.0,4394.001572256504,4316.569856314925,4432.717430227292,4277.853998344137,AUG26,JUN26,4355.285714285715,5214.516271056254
XAU,5975.0,0.0,0.0,0.0,0.0,0.0,0.0,0.0,0.0,4394.001572256504,4316.569856314925,4432.717430227292,4277.853998344137,AUG26,JUN26,4355.285714285715,5214.516271056254
XAU,5980.0,0.0020347226666942594,2.0347226666942594e-05,0.0,0.0,0.0,0.0,0.0,0.0,4394.001572256504,4316.569856314925,4432.717430227292,4277.853998344137,AUG26,JUN26,4355.285714285715,5214.516271056254
XAU,5990.0,0.05781846286011703,0.0005781846286011703,0.0,0.0,0.0,0.0,0.0,0.0,4394.001572256504,4316.569856314925,4432.717430227292,4277.853998344137,AUG26,JUN26,4355.285714285715,5214.516271056254
XAU,6000.0,0.0013329334560686986,1.3329334560686986e-05,0.0,0.0,0.0,0.0,0.0,0.0,4394.001572256504,4316.569856314925,4432.717430227292,4277.853998344137,AUG26,JUN26,4355.285714285715,5214.516271056254
XAU,6025.0,0.02869920617037724,0.00028699206170377243,0.0,0.0,0.0,0.0,0.0,0.0,4394.001572256504,4316.569856314925,4432.717430227292,4277.853998344137,AUG26,JUN26,4355.285714285715,5214.516271056254
XAU,6050.0,0.03512172528387172,0.00035121725283871716,0.0,0.0,0.0,0.0,0.0,0.0,4394.001572256504,4316.569856314925,4432.717430227292,4277.853998344137,AUG26,JUN26,4355.285714285715,5214.516271056254
XAU,6075.0,0.0,0.0,0.0,0.0,0.0,0.0,0.0,0.0,4394.001572256504,4316.569856314925,4432.717430227292,4277.853998344137,AUG26,JUN26,4355.285714285715,5214.516271056254
XAU,6100.0,0.0,0.0,0.0,0.0,0.0,0.0,0.0,0.0,4394.001572256504,4316.569856314925,4432.717430227292,4277.853998344137,AUG26,JUN26,4355.285714285715,5214.516271056254
XAU,6150.0,0.0,0.0,0.0,0.0,0.0,0.0,0.0,0.0,4394.001572256504,4316.569856314925,4432.717430227292,4277.853998344137,AUG26,JUN26,4355.285714285715,5214.516271056254
XAU,6200.0,0.0,0.0,0.0,0.0,0.0,0.0,0.0,0.0,4394.001572256504,4316.569856314925,4432.717430227292,4277.853998344137,AUG26,JUN26,4355.285714285715,5214.516271056254
XAU,6250.0,0.0,0.0,0.0,0.0,0.0,0.0,0.0,0.0,4394.001572256504,4316.569856314925,4432.717430227292,4277.853998344137,AUG26,JUN26,4355.285714285715,5214.516271056254
XAU,6300.0,0.31667286166670017,0.003166728616667002,0.0,0.0,0.0,0.0,0.0,0.0,4394.001572256504,4316.569856314925,4432.717430227292,4277.853998344137,AUG26,JUN26,4355.285714285715,5214.516271056254
XAU,6400.0,0.0,0.0,0.0,0.0,0.0,0.0,0.0,0.0,4394.001572256504,4316.569856314925,4432.717430227292,4277.853998344137,AUG26,JUN26,4355.285714285715,5214.516271056254
XAU,6500.0,0.0,0.0,0.0,0.0,0.0,0.0,0.0,0.0,4394.001572256504,4316.569856314925,4432.717430227292,4277.853998344137,AUG26,JUN26,4355.285714285715,5214.516271056254
XAU,6550.0,0.0,0.0,0.0,0.0,0.0,0.0,0.0,0.0,4394.001572256504,4316.569856314925,4432.717430227292,4277.853998344137,AUG26,JUN26,4355.285714285715,5214.516271056254
XAU,6600.0,0.0,0.0,0.0,0.0,0.0,0.0,0.0,0.0,4394.001572256504,4316.569856314925,4432.717430227292,4277.853998344137,AUG26,JUN26,4355.285714285715,5214.516271056254
XAU,6650.0,0.0,0.0,0.0,0.0,0.0,0.0,0.0,0.0,4394.001572256504,4316.569856314925,4432.717430227292,4277.853998344137,AUG26,JUN26,4355.285714285715,5214.516271056254
XAU,6700.0,0.0,0.0,0.0,0.0,0.0,0.0,0.0,0.0,4394.001572256504,4316.569856314925,4432.717430227292,4277.853998344137,AUG26,JUN26,4355.285714285715,5214.516271056254
XAU,6750.0,0.0,0.0,0.0,0.0,0.0,0.0,0.0,0.0,4394.001572256504,4316.569856314925,4432.717430227292,4277.853998344137,AUG26,JUN26,4355.285714285715,5214.516271056254
XAU,6775.0,0.0,0.0,0.0,0.0,0.0,0.0,0.0,0.0,4394.001572256504,4316.569856314925,4432.717430227292,4277.853998344137,AUG26,JUN26,4355.285714285715,5214.516271056254
XAU,6800.0,0.0,0.0,0.0,0.0,0.0,0.0,0.0,0.0,4394.001572256504,4316.569856314925,4432.717430227292,4277.853998344137,AUG26,JUN26,4355.285714285715,5214.516271056254
XAU,6900.0,0.0,0.0,0.0,0.0,0.0,0.0,0.0,0.0,4394.001572256504,4316.569856314925,4432.717430227292,4277.853998344137,AUG26,JUN26,4355.285714285715,5214.516271056254
XAU,7000.0,0.0363816812766717,0.000363816812766717,0.0,0.0,0.0,0.0,0.0,0.0,4394.001572256504,4316.569856314925,4432.717430227292,4277.853998344137,AUG26,JUN26,4355.285714285715,5214.516271056254
XAU,7100.0,0.0,0.0,0.0,0.0,0.0,0.0,0.0,0.0,4394.001572256504,4316.569856314925,4432.717430227292,4277.853998344137,AUG26,JUN26,4355.285714285715,5214.516271056254
XAU,7130.0,0.0,0.0,0.0,0.0,0.0,0.0,0.0,0.0,4394.001572256504,4316.569856314925,4432.717430227292,4277.853998344137,AUG26,JUN26,4355.285714285715,5214.516271056254
XAU,7150.0,0.0,0.0,0.0,0.0,0.0,0.0,0.0,0.0,4394.001572256504,4316.569856314925,4432.717430227292,4277.853998344137,AUG26,JUN26,4355.285714285715,5214.516271056254
XAU,7175.0,0.0,0.0,0.0,0.0,0.0,0.0,0.0,0.0,4394.001572256504,4316.569856314925,4432.717430227292,4277.853998344137,AUG26,JUN26,4355.285714285715,5214.516271056254
XAU,7200.0,0.0,0.0,0.0,0.0,0.0,0.0,0.0,0.0,4394.001572256504,4316.569856314925,4432.717430227292,4277.853998344137,AUG26,JUN26,4355.285714285715,5214.516271056254
XAU,7250.0,0.0,0.0,0.0,0.0,0.0,0.0,0.0,0.0,4394.001572256504,4316.569856314925,4432.717430227292,4277.853998344137,AUG26,JUN26,4355.285714285715,5214.516271056254
XAU,7500.0,0.0,0.0,0.0,0.0,0.0,0.0,0.0,0.0,4394.001572256504,4316.569856314925,4432.717430227292,4277.853998344137,AUG26,JUN26,4355.285714285715,5214.516271056254
XAU,7700.0,0.0,0.0,0.0,0.0,0.0,0.0,0.0,0.0,4394.001572256504,4316.569856314925,4432.717430227292,4277.853998344137,AUG26,JUN26,4355.285714285715,5214.516271056254
XAU,7800.0,0.0,0.0,0.0,0.0,0.0,0.0,0.0,0.0,4394.001572256504,4316.569856314925,4432.717430227292,4277.853998344137,AUG26,JUN26,4355.285714285715,5214.516271056254
XAU,7900.0,0.0,0.0,0.0,0.0,0.0,0.0,0.0,0.0,4394.001572256504,4316.569856314925,4432.717430227292,4277.853998344137,AUG26,JUN26,4355.285714285715,5214.516271056254
XAU,8000.0,0.0006190486790262503,6.190486790262503e-06,0.0,0.0,0.0,0.0,0.0,0.0,4394.001572256504,4316.569856314925,4432.717430227292,4277.853998344137,AUG26,JUN26,4355.285714285715,5214.516271056254
XAU,8125.0,0.0,0.0,0.0,0.0,0.0,0.0,0.0,0.0,4394.001572256504,4316.569856314925,4432.717430227292,4277.853998344137,AUG26,JUN26,4355.285714285715,5214.516271056254
XAU,8500.0,0.00043403939043329143,4.340393904332914e-06,0.0,0.0,0.0,0.0,0.0,0.0,4394.001572256504,4316.569856314925,4432.717430227292,4277.853998344137,AUG26,JUN26,4355.285714285715,5214.516271056254
XAU,8630.0,0.0,0.0,0.0,0.0,0.0,0.0,0.0,0.0,4394.001572256504,4316.569856314925,4432.717430227292,4277.853998344137,AUG26,JUN26,4355.285714285715,5214.516271056254
XAU,8725.0,0.0,0.0,0.0,0.0,0.0,0.0,0.0,0.0,4394.001572256504,4316.569856314925,4432.717430227292,4277.853998344137,AUG26,JUN26,4355.285714285715,5214.516271056254
XAU,8775.0,0.0,0.0,0.0,0.0,0.0,0.0,0.0,0.0,4394.001572256504,4316.569856314925,4432.717430227292,4277.853998344137,AUG26,JUN26,4355.285714285715,5214.516271056254
XAU,9000.0,0.03492859322591134,0.0003492859322591134,0.0,0.0,0.0,0.0,0.0,0.0,4394.001572256504,4316.569856314925,4432.717430227292,4277.853998344137,AUG26,JUN26,4355.285714285715,5214.516271056254
XAU,9500.0,0.07981932764363327,0.0007981932764363327,0.0,0.0,0.0,0.0,0.0,0.0,4394.001572256504,4316.569856314925,4432.717430227292,4277.853998344137,AUG26,JUN26,4355.285714285715,5214.516271056254
XAU,9900.0,0.0,0.0,0.0,0.0,0.0,0.0,0.0,0.0,4394.001572256504,4316.569856314925,4432.717430227292,4277.853998344137,AUG26,JUN26,4355.285714285715,5214.516271056254
XAU,10000.0,0.03622749512229893,0.00036227495122298937,0.0,0.0,0.0,0.0,0.0,0.0,4394.001572256504,4316.569856314925,4432.717430227292,4277.853998344137,AUG26,JUN26,4355.285714285715,5214.516271056254
XAU,10500.0,0.0,0.0,0.0,0.0,0.0,0.0,0.0,0.0,4394.001572256504,4316.569856314925,4432.717430227292,4277.853998344137,AUG26,JUN26,4355.285714285715,5214.516271056254
XAU,11000.0,0.0,0.0,0.0,0.0,0.0,0.0,0.0,0.0,4394.001572256504,4316.569856314925,4432.717430227292,4277.853998344137,AUG26,JUN26,4355.285714285715,5214.516271056254
XAU,13000.0,0.0,0.0,0.0,0.0,0.0,0.0,0.0,0.0,4394.001572256504,4316.569856314925,4432.717430227292,4277.853998344137,AUG26,JUN26,4355.285714285715,5214.516271056254
XAU,15000.0,0.0,0.0,0.0,0.0,0.0,0.0,0.0,0.0,4394.001572256504,4316.569856314925,4432.717430227292,4277.853998344137,AUG26,JUN26,4355.285714285715,5214.516271056254
XAU,17000.0,0.0,0.0,0.0,0.0,0.0,0.0,0.0,0.0,4394.001572256504,4316.569856314925,4432.717430227292,4277.853998344137,AUG26,JUN26,4355.285714285715,5214.516271056254
XAU,19000.0,0.08466046229075351,0.0008466046229075352,0.0,0.0,0.0,0.0,0.0,0.0,4394.001572256504,4316.569856314925,4432.717430227292,4277.853998344137,AUG26,JUN26,4355.285714285715,5214.516271056254
XAU,20000.0,0.0003365053758052056,3.365053758052056e-06,0.0,0.0,0.0,0.0,0.0,0.0,4394.001572256504,4316.569856314925,4432.717430227292,4277.853998344137,AUG26,JUN26,4355.285714285715,5214.516271056254
XAU,21000.0,0.009408500419867209,9.408500419867208e-05,0.0,0.0,0.0,0.0,0.0,0.0,4394.001572256504,4316.569856314925,4432.717430227292,4277.853998344137,AUG26,JUN26,4355.285714285715,5214.516271056254
XAU,24000.0,0.016635841662391314,0.00016635841662391315,0.0,0.0,0.0,0.0,0.0,0.0,4394.001572256504,4316.569856314925,4432.717430227292,4277.853998344137,AUG26,JUN26,4355.285714285715,5214.516271056254
