Currency,Strike,Total_GEX,Total_Abs_Gamma,Daily_Call_Settle,Daily_Call_OI,Daily_Put_Settle,Daily_Put_OI,Global_Call_OI,Global_Put_OI,R68_High,R68_Low,R95_High,R95_Low,Global_Month,Daily_Month,Futures_Spot,Gamma_Flip
SPX,2000.0,-0.9787699132844749,0.02513340357110629,0.0,0.0,0.0,0.0,0.0,0.0,7478.7884103418855,7259.80219368496,7588.281518670347,7150.309085356498,JUN26,JUN26,7369.295302013423,7432.4851625421215
SPX,2050.0,-0.00029017287664385955,5.803457532877191e-06,0.0,0.0,0.0,0.0,0.0,0.0,7478.7884103418855,7259.80219368496,7588.281518670347,7150.309085356498,JUN26,JUN26,7369.295302013423,7432.4851625421215
SPX,2100.0,0.46442973335514104,0.027503137019391374,0.0,0.0,0.0,0.0,0.0,0.0,7478.7884103418855,7259.80219368496,7588.281518670347,7150.309085356498,JUN26,JUN26,7369.295302013423,7432.4851625421215
SPX,2150.0,-0.005206305158529461,0.00010412610317058922,0.0,0.0,0.0,0.0,0.0,0.0,7478.7884103418855,7259.80219368496,7588.281518670347,7150.309085356498,JUN26,JUN26,7369.295302013423,7432.4851625421215
SPX,2200.0,-0.46707110388405565,0.00936288570871892,0.0,0.0,0.0,0.0,0.0,0.0,7478.7884103418855,7259.80219368496,7588.281518670347,7150.309085356498,JUN26,JUN26,7369.295302013423,7432.4851625421215
SPX,2250.0,-0.03100773000088917,0.0006201546000177834,0.0,0.0,0.0,0.0,0.0,0.0,7478.7884103418855,7259.80219368496,7588.281518670347,7150.309085356498,JUN26,JUN26,7369.295302013423,7432.4851625421215
SPX,2300.0,-0.2178199702541354,0.004356399405082708,0.0,0.0,0.0,0.0,0.0,0.0,7478.7884103418855,7259.80219368496,7588.281518670347,7150.309085356498,JUN26,JUN26,7369.295302013423,7432.4851625421215
SPX,2350.0,-0.02299519129081353,0.0004599038258162706,0.0,0.0,0.0,0.0,0.0,0.0,7478.7884103418855,7259.80219368496,7588.281518670347,7150.309085356498,JUN26,JUN26,7369.295302013423,7432.4851625421215
SPX,2400.0,-1.4079526426648314,0.0354492255092593,0.0,0.0,0.0,0.0,0.0,0.0,7478.7884103418855,7259.80219368496,7588.281518670347,7150.309085356498,JUN26,JUN26,7369.295302013423,7432.4851625421215
SPX,2425.0,-0.012276837098424621,0.0002455367419684924,0.0,0.0,0.0,0.0,0.0,0.0,7478.7884103418855,7259.80219368496,7588.281518670347,7150.309085356498,JUN26,JUN26,7369.295302013423,7432.4851625421215
SPX,2450.0,-0.038119236309490774,0.0007623847261898155,0.0,0.0,0.0,0.0,0.0,0.0,7478.7884103418855,7259.80219368496,7588.281518670347,7150.309085356498,JUN26,JUN26,7369.295302013423,7432.4851625421215
SPX,2475.0,-0.010450848101565942,0.00020901696203131883,0.0,0.0,0.0,0.0,0.0,0.0,7478.7884103418855,7259.80219368496,7588.281518670347,7150.309085356498,JUN26,JUN26,7369.295302013423,7432.4851625421215
SPX,2500.0,-0.8008103940607809,0.01601620788121562,0.0,0.0,0.0,0.0,0.0,0.0,7478.7884103418855,7259.80219368496,7588.281518670347,7150.309085356498,JUN26,JUN26,7369.295302013423,7432.4851625421215
SPX,2525.0,-0.02291804100770867,0.0004583608201541734,0.0,0.0,0.0,0.0,0.0,0.0,7478.7884103418855,7259.80219368496,7588.281518670347,7150.309085356498,JUN26,JUN26,7369.295302013423,7432.4851625421215
SPX,2550.0,-0.05021072347522558,0.0010042144695045117,0.0,0.0,0.0,0.0,0.0,0.0,7478.7884103418855,7259.80219368496,7588.281518670347,7150.309085356498,JUN26,JUN26,7369.295302013423,7432.4851625421215
SPX,2575.0,-0.05151898297137977,0.0010303796594275955,0.0,0.0,0.0,0.0,0.0,0.0,7478.7884103418855,7259.80219368496,7588.281518670347,7150.309085356498,JUN26,JUN26,7369.295302013423,7432.4851625421215
SPX,2600.0,-0.9036155234838028,0.018072310469676056,0.0,0.0,0.0,0.0,0.0,0.0,7478.7884103418855,7259.80219368496,7588.281518670347,7150.309085356498,JUN26,JUN26,7369.295302013423,7432.4851625421215
SPX,2625.0,-0.19831063397787144,0.003966212679557429,0.0,0.0,0.0,0.0,0.0,0.0,7478.7884103418855,7259.80219368496,7588.281518670347,7150.309085356498,JUN26,JUN26,7369.295302013423,7432.4851625421215
SPX,2650.0,-0.04126213096089179,0.0008252426192178359,0.0,0.0,0.0,0.0,0.0,0.0,7478.7884103418855,7259.80219368496,7588.281518670347,7150.309085356498,JUN26,JUN26,7369.295302013423,7432.4851625421215
SPX,2675.0,-0.010218899826827546,0.0002043779965365509,0.0,0.0,0.0,0.0,0.0,0.0,7478.7884103418855,7259.80219368496,7588.281518670347,7150.309085356498,JUN26,JUN26,7369.295302013423,7432.4851625421215
SPX,2700.0,-0.8058563903680727,0.016117127807361454,0.0,0.0,0.0,0.0,0.0,0.0,7478.7884103418855,7259.80219368496,7588.281518670347,7150.309085356498,JUN26,JUN26,7369.295302013423,7432.4851625421215
SPX,2725.0,-0.12721868457778665,0.002544373691555733,0.0,0.0,0.0,0.0,0.0,0.0,7478.7884103418855,7259.80219368496,7588.281518670347,7150.309085356498,JUN26,JUN26,7369.295302013423,7432.4851625421215
SPX,2750.0,-0.20331318947202195,0.004066263789440439,0.0,0.0,0.0,0.0,0.0,0.0,7478.7884103418855,7259.80219368496,7588.281518670347,7150.309085356498,JUN26,JUN26,7369.295302013423,7432.4851625421215
SPX,2775.0,-0.1134805988777821,0.0022696119775556423,0.0,0.0,0.0,0.0,0.0,0.0,7478.7884103418855,7259.80219368496,7588.281518670347,7150.309085356498,JUN26,JUN26,7369.295302013423,7432.4851625421215
SPX,2800.0,-1.4235460547774004,0.02847092109554801,0.0,0.0,0.0,0.0,0.0,0.0,7478.7884103418855,7259.80219368496,7588.281518670347,7150.309085356498,JUN26,JUN26,7369.295302013423,7432.4851625421215
SPX,2825.0,-0.1424365917844877,0.0028487318356897537,0.0,0.0,0.0,0.0,0.0,0.0,7478.7884103418855,7259.80219368496,7588.281518670347,7150.309085356498,JUN26,JUN26,7369.295302013423,7432.4851625421215
SPX,2850.0,-0.03430460612931361,0.0006860921225862722,0.0,0.0,0.0,0.0,0.0,0.0,7478.7884103418855,7259.80219368496,7588.281518670347,7150.309085356498,JUN26,JUN26,7369.295302013423,7432.4851625421215
SPX,2875.0,-0.21621019235555297,0.004324203847111059,0.0,0.0,0.0,0.0,0.0,0.0,7478.7884103418855,7259.80219368496,7588.281518670347,7150.309085356498,JUN26,JUN26,7369.295302013423,7432.4851625421215
SPX,2900.0,-0.3633384801101083,0.007266769602202165,0.0,0.0,0.0,0.0,0.0,0.0,7478.7884103418855,7259.80219368496,7588.281518670347,7150.309085356498,JUN26,JUN26,7369.295302013423,7432.4851625421215
SPX,2925.0,-0.04927583088827025,0.0009855166177654049,0.0,0.0,0.0,0.0,0.0,0.0,7478.7884103418855,7259.80219368496,7588.281518670347,7150.309085356498,JUN26,JUN26,7369.295302013423,7432.4851625421215
SPX,2950.0,-0.28977665415911313,0.005795533083182263,0.0,0.0,0.0,0.0,0.0,0.0,7478.7884103418855,7259.80219368496,7588.281518670347,7150.309085356498,JUN26,JUN26,7369.295302013423,7432.4851625421215
SPX,2975.0,-0.00885560697849768,0.0001771121395699536,0.0,0.0,0.0,0.0,0.0,0.0,7478.7884103418855,7259.80219368496,7588.281518670347,7150.309085356498,JUN26,JUN26,7369.295302013423,7432.4851625421215
SPX,3000.0,-1.943300610533757,0.038903783418572445,0.0,0.0,0.0,0.0,0.0,0.0,7478.7884103418855,7259.80219368496,7588.281518670347,7150.309085356498,JUN26,JUN26,7369.295302013423,7432.4851625421215
SPX,3025.0,-0.04133067780920012,0.0008266135561840025,0.0,0.0,0.0,0.0,0.0,0.0,7478.7884103418855,7259.80219368496,7588.281518670347,7150.309085356498,JUN26,JUN26,7369.295302013423,7432.4851625421215
SPX,3050.0,-0.022691203729512995,0.00045382407459025994,0.0,0.0,0.0,0.0,0.0,0.0,7478.7884103418855,7259.80219368496,7588.281518670347,7150.309085356498,JUN26,JUN26,7369.295302013423,7432.4851625421215
SPX,3075.0,-0.0010822911898038935,2.164582379607787e-05,0.0,0.0,0.0,0.0,0.0,0.0,7478.7884103418855,7259.80219368496,7588.281518670347,7150.309085356498,JUN26,JUN26,7369.295302013423,7432.4851625421215
SPX,3100.0,-0.4837800465141361,0.009675600930282722,0.0,0.0,0.0,0.0,0.0,0.0,7478.7884103418855,7259.80219368496,7588.281518670347,7150.309085356498,JUN26,JUN26,7369.295302013423,7432.4851625421215
SPX,3125.0,0.0,0.0,0.0,0.0,0.0,0.0,0.0,0.0,7478.7884103418855,7259.80219368496,7588.281518670347,7150.309085356498,JUN26,JUN26,7369.295302013423,7432.4851625421215
SPX,3150.0,-0.002318647523430864,4.637295046861727e-05,0.0,0.0,0.0,0.0,0.0,0.0,7478.7884103418855,7259.80219368496,7588.281518670347,7150.309085356498,JUN26,JUN26,7369.295302013423,7432.4851625421215
SPX,3175.0,0.0,0.0,0.0,0.0,0.0,0.0,0.0,0.0,7478.7884103418855,7259.80219368496,7588.281518670347,7150.309085356498,JUN26,JUN26,7369.295302013423,7432.4851625421215
SPX,3200.0,-1.3431966389194183,0.026954221004141722,0.0,0.0,0.0,0.0,0.0,0.0,7478.7884103418855,7259.80219368496,7588.281518670347,7150.309085356498,JUN26,JUN26,7369.295302013423,7432.4851625421215
SPX,3250.0,0.0,0.0,0.0,0.0,0.0,0.0,0.0,0.0,7478.7884103418855,7259.80219368496,7588.281518670347,7150.309085356498,JUN26,JUN26,7369.295302013423,7432.4851625421215
SPX,3300.0,-0.6474603788513422,0.012949207577026845,0.0,0.0,0.0,0.0,0.0,0.0,7478.7884103418855,7259.80219368496,7588.281518670347,7150.309085356498,JUN26,JUN26,7369.295302013423,7432.4851625421215
SPX,3350.0,0.0,0.0,0.0,0.0,0.0,0.0,0.0,0.0,7478.7884103418855,7259.80219368496,7588.281518670347,7150.309085356498,JUN26,JUN26,7369.295302013423,7432.4851625421215
SPX,3400.0,-1.2254194018668803,0.024559922376492665,0.0,0.0,0.0,0.0,0.0,0.0,7478.7884103418855,7259.80219368496,7588.281518670347,7150.309085356498,JUN26,JUN26,7369.295302013423,7432.4851625421215
SPX,3500.0,-1.7628776511847122,0.035313798499954634,0.0,0.0,0.0,0.0,0.0,0.0,7478.7884103418855,7259.80219368496,7588.281518670347,7150.309085356498,JUN26,JUN26,7369.295302013423,7432.4851625421215
SPX,3600.0,-2.8355615637514373,0.056711231275028744,0.0,0.0,0.0,0.0,0.0,0.0,7478.7884103418855,7259.80219368496,7588.281518670347,7150.309085356498,JUN26,JUN26,7369.295302013423,7432.4851625421215
SPX,3650.0,-0.4145431688745378,0.008290863377490756,0.0,0.0,0.0,0.0,0.0,0.0,7478.7884103418855,7259.80219368496,7588.281518670347,7150.309085356498,JUN26,JUN26,7369.295302013423,7432.4851625421215
SPX,3700.0,-1.3309905062158216,0.026619810124316433,0.0,0.0,0.0,0.0,0.0,0.0,7478.7884103418855,7259.80219368496,7588.281518670347,7150.309085356498,JUN26,JUN26,7369.295302013423,7432.4851625421215
SPX,3750.0,-1.5213662575375346,0.03042732515075069,0.0,0.0,0.0,0.0,0.0,0.0,7478.7884103418855,7259.80219368496,7588.281518670347,7150.309085356498,JUN26,JUN26,7369.295302013423,7432.4851625421215
SPX,3800.0,-2.1953220212668296,0.050364918787579815,0.0,0.0,0.0,0.0,0.0,0.0,7478.7884103418855,7259.80219368496,7588.281518670347,7150.309085356498,JUN26,JUN26,7369.295302013423,7432.4851625421215
SPX,3850.0,-0.5039602777659388,0.010079205555318776,0.0,0.0,0.0,0.0,0.0,0.0,7478.7884103418855,7259.80219368496,7588.281518670347,7150.309085356498,JUN26,JUN26,7369.295302013423,7432.4851625421215
SPX,3900.0,-1.7165603068115396,0.034396956437742765,0.0,0.0,0.0,0.0,0.0,0.0,7478.7884103418855,7259.80219368496,7588.281518670347,7150.309085356498,JUN26,JUN26,7369.295302013423,7432.4851625421215
SPX,3950.0,-1.4080546905300793,0.028161093810601587,0.0,0.0,0.0,0.0,0.0,0.0,7478.7884103418855,7259.80219368496,7588.281518670347,7150.309085356498,JUN26,JUN26,7369.295302013423,7432.4851625421215
SPX,4000.0,-2.79462989574428,0.059967201249310174,0.0,0.0,0.0,0.0,0.0,0.0,7478.7884103418855,7259.80219368496,7588.281518670347,7150.309085356498,JUN26,JUN26,7369.295302013423,7432.4851625421215
SPX,4050.0,-0.14654195499009526,0.0029308390998019048,0.0,0.0,0.0,0.0,0.0,0.0,7478.7884103418855,7259.80219368496,7588.281518670347,7150.309085356498,JUN26,JUN26,7369.295302013423,7432.4851625421215
SPX,4100.0,-4.314565095676632,0.08629130191353264,0.0,0.0,0.0,0.0,0.0,0.0,7478.7884103418855,7259.80219368496,7588.281518670347,7150.309085356498,JUN26,JUN26,7369.295302013423,7432.4851625421215
SPX,4150.0,-0.8135486623738891,0.016270973247477782,0.0,0.0,0.0,0.0,0.0,0.0,7478.7884103418855,7259.80219368496,7588.281518670347,7150.309085356498,JUN26,JUN26,7369.295302013423,7432.4851625421215
SPX,4200.0,-3.7888669163699404,0.07690554537402282,0.0,0.0,0.0,0.0,0.0,0.0,7478.7884103418855,7259.80219368496,7588.281518670347,7150.309085356498,JUN26,JUN26,7369.295302013423,7432.4851625421215
SPX,4250.0,-0.748365364075816,0.014967307281516322,0.0,0.0,0.0,0.0,0.0,0.0,7478.7884103418855,7259.80219368496,7588.281518670347,7150.309085356498,JUN26,JUN26,7369.295302013423,7432.4851625421215
SPX,4300.0,-3.066726023712204,0.06133452047424408,0.0,0.0,0.0,0.0,0.0,0.0,7478.7884103418855,7259.80219368496,7588.281518670347,7150.309085356498,JUN26,JUN26,7369.295302013423,7432.4851625421215
SPX,4350.0,-1.1710326267964413,0.02342065253592883,0.0,0.0,0.0,0.0,0.0,0.0,7478.7884103418855,7259.80219368496,7588.281518670347,7150.309085356498,JUN26,JUN26,7369.295302013423,7432.4851625421215
SPX,4400.0,-2.584590678316426,0.05169181356632852,0.0,0.0,0.0,0.0,0.0,0.0,7478.7884103418855,7259.80219368496,7588.281518670347,7150.309085356498,JUN26,JUN26,7369.295302013423,7432.4851625421215
SPX,4450.0,-1.208962469649563,0.02417924939299126,0.0,0.0,0.0,0.0,0.0,0.0,7478.7884103418855,7259.80219368496,7588.281518670347,7150.309085356498,JUN26,JUN26,7369.295302013423,7432.4851625421215
SPX,4500.0,-18.06108706674369,0.36559063714302564,0.0,0.0,0.0,0.0,0.0,0.0,7478.7884103418855,7259.80219368496,7588.281518670347,7150.309085356498,JUN26,JUN26,7369.295302013423,7432.4851625421215
SPX,4550.0,-2.4854129988971656,0.049708259977943314,0.0,0.0,0.0,0.0,0.0,0.0,7478.7884103418855,7259.80219368496,7588.281518670347,7150.309085356498,JUN26,JUN26,7369.295302013423,7432.4851625421215
SPX,4600.0,-5.582163793380146,0.11288269053571039,0.0,0.0,0.0,0.0,0.0,0.0,7478.7884103418855,7259.80219368496,7588.281518670347,7150.309085356498,JUN26,JUN26,7369.295302013423,7432.4851625421215
SPX,4650.0,-2.3510515727500954,0.04702103145500191,0.0,0.0,0.0,0.0,0.0,0.0,7478.7884103418855,7259.80219368496,7588.281518670347,7150.309085356498,JUN26,JUN26,7369.295302013423,7432.4851625421215
SPX,4700.0,-10.48104976744333,0.2097310524293398,0.0,0.0,0.0,0.0,0.0,0.0,7478.7884103418855,7259.80219368496,7588.281518670347,7150.309085356498,JUN26,JUN26,7369.295302013423,7432.4851625421215
SPX,4750.0,-4.603927103018668,0.09219578566039174,0.0,0.0,0.0,0.0,0.0,0.0,7478.7884103418855,7259.80219368496,7588.281518670347,7150.309085356498,JUN26,JUN26,7369.295302013423,7432.4851625421215
SPX,4800.0,-12.75949589749749,0.25531039734243566,0.0,0.0,0.0,0.0,0.0,0.0,7478.7884103418855,7259.80219368496,7588.281518670347,7150.309085356498,JUN26,JUN26,7369.295302013423,7432.4851625421215
SPX,4850.0,-13.551516343484554,0.2710303268696911,0.0,0.0,0.0,0.0,0.0,0.0,7478.7884103418855,7259.80219368496,7588.281518670347,7150.309085356498,JUN26,JUN26,7369.295302013423,7432.4851625421215
SPX,4900.0,-6.716538027421351,0.13433076054842702,0.0,0.0,0.0,0.0,0.0,0.0,7478.7884103418855,7259.80219368496,7588.281518670347,7150.309085356498,JUN26,JUN26,7369.295302013423,7432.4851625421215
SPX,4950.0,-5.640805280207615,0.1128161056041523,0.0,0.0,0.0,0.0,0.0,0.0,7478.7884103418855,7259.80219368496,7588.281518670347,7150.309085356498,JUN26,JUN26,7369.295302013423,7432.4851625421215
SPX,5000.0,-22.375110038043022,0.5131208612310938,0.0,0.0,0.0,0.0,0.0,0.0,7478.7884103418855,7259.80219368496,7588.281518670347,7150.309085356498,JUN26,JUN26,7369.295302013423,7432.4851625421215
SPX,5050.0,-4.764247841207576,0.09528495682415151,0.0,0.0,0.0,0.0,0.0,0.0,7478.7884103418855,7259.80219368496,7588.281518670347,7150.309085356498,JUN26,JUN26,7369.295302013423,7432.4851625421215
SPX,5075.0,-0.0002521690953934405,5.04338190786881e-06,0.0,0.0,0.0,0.0,0.0,0.0,7478.7884103418855,7259.80219368496,7588.281518670347,7150.309085356498,JUN26,JUN26,7369.295302013423,7432.4851625421215
SPX,5100.0,-9.410323528672897,0.2067592639866043,0.0,0.0,0.0,0.0,0.0,0.0,7478.7884103418855,7259.80219368496,7588.281518670347,7150.309085356498,JUN26,JUN26,7369.295302013423,7432.4851625421215
SPX,5150.0,-11.548430356300173,0.2314197312454436,0.0,0.0,0.0,0.0,0.0,0.0,7478.7884103418855,7259.80219368496,7588.281518670347,7150.309085356498,JUN26,JUN26,7369.295302013423,7432.4851625421215
SPX,5175.0,-0.04296562454675604,0.0008593124909351207,0.0,0.0,0.0,0.0,0.0,0.0,7478.7884103418855,7259.80219368496,7588.281518670347,7150.309085356498,JUN26,JUN26,7369.295302013423,7432.4851625421215
SPX,5200.0,-10.855899388062896,0.23685878771941954,0.0,0.0,0.0,0.0,0.0,0.0,7478.7884103418855,7259.80219368496,7588.281518670347,7150.309085356498,JUN26,JUN26,7369.295302013423,7432.4851625421215
SPX,5225.0,-0.03142800718265159,0.0007849131126886439,0.0,0.0,0.0,0.0,0.0,0.0,7478.7884103418855,7259.80219368496,7588.281518670347,7150.309085356498,JUN26,JUN26,7369.295302013423,7432.4851625421215
SPX,5250.0,-17.0013275808688,0.38059450737854483,0.0,0.0,0.0,0.0,0.0,0.0,7478.7884103418855,7259.80219368496,7588.281518670347,7150.309085356498,JUN26,JUN26,7369.295302013423,7432.4851625421215
SPX,5275.0,-0.06865070751658053,0.0013730141503316108,0.0,0.0,0.0,0.0,0.0,0.0,7478.7884103418855,7259.80219368496,7588.281518670347,7150.309085356498,JUN26,JUN26,7369.295302013423,7432.4851625421215
SPX,5300.0,-14.110994155676856,0.3409758970390246,0.0,0.0,0.0,0.0,0.0,0.0,7478.7884103418855,7259.80219368496,7588.281518670347,7150.309085356498,JUN26,JUN26,7369.295302013423,7432.4851625421215
SPX,5325.0,-0.15555770651901607,0.0031111541303803216,0.0,0.0,0.0,0.0,0.0,0.0,7478.7884103418855,7259.80219368496,7588.281518670347,7150.309085356498,JUN26,JUN26,7369.295302013423,7432.4851625421215
SPX,5350.0,-16.180045004772346,0.36751401984345955,0.0,0.0,0.0,0.0,0.0,0.0,7478.7884103418855,7259.80219368496,7588.281518670347,7150.309085356498,JUN26,JUN26,7369.295302013423,7432.4851625421215
SPX,5375.0,-0.03402499759846925,0.0006804999519693849,0.0,0.0,0.0,0.0,0.0,0.0,7478.7884103418855,7259.80219368496,7588.281518670347,7150.309085356498,JUN26,JUN26,7369.295302013423,7432.4851625421215
SPX,5400.0,-26.522980552021792,0.7739128848202835,0.0,0.0,0.0,0.0,0.0,0.0,7478.7884103418855,7259.80219368496,7588.281518670347,7150.309085356498,JUN26,JUN26,7369.295302013423,7432.4851625421215
SPX,5425.0,-0.07870175724509942,0.0015740351449019883,0.0,0.0,0.0,0.0,0.0,0.0,7478.7884103418855,7259.80219368496,7588.281518670347,7150.309085356498,JUN26,JUN26,7369.295302013423,7432.4851625421215
SPX,5450.0,-10.15508834243495,0.20913250507451753,0.0,0.0,0.0,0.0,0.0,0.0,7478.7884103418855,7259.80219368496,7588.281518670347,7150.309085356498,JUN26,JUN26,7369.295302013423,7432.4851625421215
SPX,5475.0,-0.03187579323232263,0.0006375158646464526,0.0,0.0,0.0,0.0,0.0,0.0,7478.7884103418855,7259.80219368496,7588.281518670347,7150.309085356498,JUN26,JUN26,7369.295302013423,7432.4851625421215
SPX,5500.0,-19.041542335968664,0.44306884388604106,0.0,0.0,0.0,0.0,0.0,0.0,7478.7884103418855,7259.80219368496,7588.281518670347,7150.309085356498,JUN26,JUN26,7369.295302013423,7432.4851625421215
SPX,5525.0,-0.4000470572972031,0.008000941145944062,0.0,0.0,0.0,0.0,0.0,0.0,7478.7884103418855,7259.80219368496,7588.281518670347,7150.309085356498,JUN26,JUN26,7369.295302013423,7432.4851625421215
SPX,5550.0,-29.52737956985022,0.5948474039683436,0.0,0.0,0.0,0.0,0.0,0.0,7478.7884103418855,7259.80219368496,7588.281518670347,7150.309085356498,JUN26,JUN26,7369.295302013423,7432.4851625421215
SPX,5575.0,-0.5886860438522431,0.011773720877044862,0.0,0.0,0.0,0.0,0.0,0.0,7478.7884103418855,7259.80219368496,7588.281518670347,7150.309085356498,JUN26,JUN26,7369.295302013423,7432.4851625421215
SPX,5600.0,-19.03479686535891,0.4886921677823414,0.0,0.0,0.0,0.0,0.0,0.0,7478.7884103418855,7259.80219368496,7588.281518670347,7150.309085356498,JUN26,JUN26,7369.295302013423,7432.4851625421215
SPX,5625.0,-0.768158465942361,0.01536316931884722,0.0,0.0,0.0,0.0,0.0,0.0,7478.7884103418855,7259.80219368496,7588.281518670347,7150.309085356498,JUN26,JUN26,7369.295302013423,7432.4851625421215
SPX,5650.0,-16.379280490754915,0.3390505226581326,0.0,0.0,0.0,0.0,0.0,0.0,7478.7884103418855,7259.80219368496,7588.281518670347,7150.309085356498,JUN26,JUN26,7369.295302013423,7432.4851625421215
SPX,5675.0,-0.8402279202256671,0.01680455840451334,0.0,0.0,0.0,0.0,0.0,0.0,7478.7884103418855,7259.80219368496,7588.281518670347,7150.309085356498,JUN26,JUN26,7369.295302013423,7432.4851625421215
SPX,5700.0,-38.91831764536926,0.8075887368653998,0.0,0.0,0.0,0.0,0.0,0.0,7478.7884103418855,7259.80219368496,7588.281518670347,7150.309085356498,JUN26,JUN26,7369.295302013423,7432.4851625421215
SPX,5725.0,-0.1993624908385688,0.003987249816771376,0.0,0.0,0.0,0.0,0.0,0.0,7478.7884103418855,7259.80219368496,7588.281518670347,7150.309085356498,JUN26,JUN26,7369.295302013423,7432.4851625421215
SPX,5750.0,-21.2428185224586,0.431002016212284,0.0,0.0,0.0,0.0,0.0,0.0,7478.7884103418855,7259.80219368496,7588.281518670347,7150.309085356498,JUN26,JUN26,7369.295302013423,7432.4851625421215
SPX,5775.0,-0.6449038996027229,0.012898077992054457,0.0,0.0,0.0,0.0,0.0,0.0,7478.7884103418855,7259.80219368496,7588.281518670347,7150.309085356498,JUN26,JUN26,7369.295302013423,7432.4851625421215
SPX,5800.0,-18.86797918373672,0.5087678217479387,0.0,0.0,0.0,0.0,0.0,0.0,7478.7884103418855,7259.80219368496,7588.281518670347,7150.309085356498,JUN26,JUN26,7369.295302013423,7432.4851625421215
SPX,5825.0,-0.4265569847925653,0.008531139695851307,0.0,0.0,0.0,0.0,0.0,0.0,7478.7884103418855,7259.80219368496,7588.281518670347,7150.309085356498,JUN26,JUN26,7369.295302013423,7432.4851625421215
SPX,5850.0,-34.62715406810513,0.7496459500796628,0.0,0.0,0.0,0.0,0.0,0.0,7478.7884103418855,7259.80219368496,7588.281518670347,7150.309085356498,JUN26,JUN26,7369.295302013423,7432.4851625421215
SPX,5875.0,-1.217015593128873,0.02434031186257746,0.0,0.0,0.0,0.0,0.0,0.0,7478.7884103418855,7259.80219368496,7588.281518670347,7150.309085356498,JUN26,JUN26,7369.295302013423,7432.4851625421215
SPX,5900.0,-30.556618485335004,0.6923731969957881,0.0,0.0,0.0,0.0,0.0,0.0,7478.7884103418855,7259.80219368496,7588.281518670347,7150.309085356498,JUN26,JUN26,7369.295302013423,7432.4851625421215
SPX,5910.0,-0.043897659586021556,0.0008779531917204311,0.0,0.0,0.0,0.0,0.0,0.0,7478.7884103418855,7259.80219368496,7588.281518670347,7150.309085356498,JUN26,JUN26,7369.295302013423,7432.4851625421215
SPX,5920.0,-0.004841265064111253,9.682530128222505e-05,0.0,0.0,0.0,0.0,0.0,0.0,7478.7884103418855,7259.80219368496,7588.281518670347,7150.309085356498,JUN26,JUN26,7369.295302013423,7432.4851625421215
SPX,5925.0,-2.4306673872128775,0.048613347744257546,0.0,0.0,0.0,0.0,0.0,0.0,7478.7884103418855,7259.80219368496,7588.281518670347,7150.309085356498,JUN26,JUN26,7369.295302013423,7432.4851625421215
SPX,5930.0,-0.03335427657525563,0.0006670855315051127,0.0,0.0,0.0,0.0,0.0,0.0,7478.7884103418855,7259.80219368496,7588.281518670347,7150.309085356498,JUN26,JUN26,7369.295302013423,7432.4851625421215
SPX,5950.0,-120.4849544087571,2.4298761685543426,0.0,0.0,0.0,0.0,0.0,0.0,7478.7884103418855,7259.80219368496,7588.281518670347,7150.309085356498,JUN26,JUN26,7369.295302013423,7432.4851625421215
SPX,5960.0,-0.021174402925887476,0.00042348805851774953,0.0,0.0,0.0,0.0,0.0,0.0,7478.7884103418855,7259.80219368496,7588.281518670347,7150.309085356498,JUN26,JUN26,7369.295302013423,7432.4851625421215
SPX,5970.0,-0.16068086486107425,0.0032136172972214846,0.0,0.0,0.0,0.0,0.0,0.0,7478.7884103418855,7259.80219368496,7588.281518670347,7150.309085356498,JUN26,JUN26,7369.295302013423,7432.4851625421215
SPX,5975.0,-30.828765549069534,0.6165753109813906,0.0,0.0,0.0,0.0,0.0,0.0,7478.7884103418855,7259.80219368496,7588.281518670347,7150.309085356498,JUN26,JUN26,7369.295302013423,7432.4851625421215
SPX,5980.0,-0.02027489772445397,0.00040549795448907946,0.0,0.0,0.0,0.0,0.0,0.0,7478.7884103418855,7259.80219368496,7588.281518670347,7150.309085356498,JUN26,JUN26,7369.295302013423,7432.4851625421215
SPX,5990.0,-0.38909078730281405,0.00778181574605628,0.0,0.0,0.0,0.0,0.0,0.0,7478.7884103418855,7259.80219368496,7588.281518670347,7150.309085356498,JUN26,JUN26,7369.295302013423,7432.4851625421215
SPX,6000.0,-33.23986130713445,1.411589019617251,0.0,0.0,0.0,0.0,0.0,0.0,7478.7884103418855,7259.80219368496,7588.281518670347,7150.309085356498,JUN26,JUN26,7369.295302013423,7432.4851625421215
SPX,6010.0,-0.31797935109397396,0.006359587021879478,0.0,0.0,0.0,0.0,0.0,0.0,7478.7884103418855,7259.80219368496,7588.281518670347,7150.309085356498,JUN26,JUN26,7369.295302013423,7432.4851625421215
SPX,6020.0,-0.021807012142767986,0.00043614024285535975,0.0,0.0,0.0,0.0,0.0,0.0,7478.7884103418855,7259.80219368496,7588.281518670347,7150.309085356498,JUN26,JUN26,7369.295302013423,7432.4851625421215
SPX,6025.0,-5.657638289413738,0.11722223305182163,0.0,0.0,0.0,0.0,0.0,0.0,7478.7884103418855,7259.80219368496,7588.281518670347,7150.309085356498,JUN26,JUN26,7369.295302013423,7432.4851625421215
SPX,6030.0,-0.1632335920790394,0.003264671841580788,0.0,0.0,0.0,0.0,0.0,0.0,7478.7884103418855,7259.80219368496,7588.281518670347,7150.309085356498,JUN26,JUN26,7369.295302013423,7432.4851625421215
SPX,6040.0,-0.5880740746822517,0.011761481493645035,0.0,0.0,0.0,0.0,0.0,0.0,7478.7884103418855,7259.80219368496,7588.281518670347,7150.309085356498,JUN26,JUN26,7369.295302013423,7432.4851625421215
SPX,6050.0,-25.266239606717953,0.5617987557227545,0.0,0.0,0.0,0.0,0.0,0.0,7478.7884103418855,7259.80219368496,7588.281518670347,7150.309085356498,JUN26,JUN26,7369.295302013423,7432.4851625421215
SPX,6060.0,-0.3497009756111854,0.0069940195122237085,0.0,0.0,0.0,0.0,0.0,0.0,7478.7884103418855,7259.80219368496,7588.281518670347,7150.309085356498,JUN26,JUN26,7369.295302013423,7432.4851625421215
SPX,6070.0,-0.038814816000535296,0.0007762963200107059,0.0,0.0,0.0,0.0,0.0,0.0,7478.7884103418855,7259.80219368496,7588.281518670347,7150.309085356498,JUN26,JUN26,7369.295302013423,7432.4851625421215
SPX,6075.0,-4.412057718498877,0.08824115436997752,0.0,0.0,0.0,0.0,0.0,0.0,7478.7884103418855,7259.80219368496,7588.281518670347,7150.309085356498,JUN26,JUN26,7369.295302013423,7432.4851625421215
SPX,6080.0,-0.13006879801231483,0.0026013759602462965,0.0,0.0,0.0,0.0,0.0,0.0,7478.7884103418855,7259.80219368496,7588.281518670347,7150.309085356498,JUN26,JUN26,7369.295302013423,7432.4851625421215
SPX,6090.0,-0.08940899862369386,0.0017881799724738775,0.0,0.0,0.0,0.0,0.0,0.0,7478.7884103418855,7259.80219368496,7588.281518670347,7150.309085356498,JUN26,JUN26,7369.295302013423,7432.4851625421215
SPX,6100.0,-31.741799757061706,0.8620420597741639,0.0,0.0,0.0,0.0,0.0,0.0,7478.7884103418855,7259.80219368496,7588.281518670347,7150.309085356498,JUN26,JUN26,7369.295302013423,7432.4851625421215
SPX,6110.0,-0.029200515676432722,0.0005840103135286545,0.0,0.0,0.0,0.0,0.0,0.0,7478.7884103418855,7259.80219368496,7588.281518670347,7150.309085356498,JUN26,JUN26,7369.295302013423,7432.4851625421215
SPX,6120.0,-0.12548954309012966,0.0025097908618025933,0.0,0.0,0.0,0.0,0.0,0.0,7478.7884103418855,7259.80219368496,7588.281518670347,7150.309085356498,JUN26,JUN26,7369.295302013423,7432.4851625421215
SPX,6125.0,-7.439239547999782,0.14878479095999564,0.0,0.0,0.0,0.0,0.0,0.0,7478.7884103418855,7259.80219368496,7588.281518670347,7150.309085356498,JUN26,JUN26,7369.295302013423,7432.4851625421215
SPX,6130.0,-0.21061485540341077,0.004212297108068215,0.0,0.0,0.0,0.0,0.0,0.0,7478.7884103418855,7259.80219368496,7588.281518670347,7150.309085356498,JUN26,JUN26,7369.295302013423,7432.4851625421215
SPX,6140.0,-0.10716472109451,0.0021432944218902003,0.0,0.0,0.0,0.0,0.0,0.0,7478.7884103418855,7259.80219368496,7588.281518670347,7150.309085356498,JUN26,JUN26,7369.295302013423,7432.4851625421215
SPX,6150.0,-50.06300959412393,1.11777944989335,0.0,0.0,0.0,0.0,0.0,0.0,7478.7884103418855,7259.80219368496,7588.281518670347,7150.309085356498,JUN26,JUN26,7369.295302013423,7432.4851625421215
SPX,6160.0,-0.4865652565335028,0.009731305130670055,0.0,0.0,0.0,0.0,0.0,0.0,7478.7884103418855,7259.80219368496,7588.281518670347,7150.309085356498,JUN26,JUN26,7369.295302013423,7432.4851625421215
SPX,6170.0,-1.0123308361288366,0.020246616722576733,0.0,0.0,0.0,0.0,0.0,0.0,7478.7884103418855,7259.80219368496,7588.281518670347,7150.309085356498,JUN26,JUN26,7369.295302013423,7432.4851625421215
SPX,6175.0,-6.942316465631089,0.13884632931262178,0.0,0.0,0.0,0.0,0.0,0.0,7478.7884103418855,7259.80219368496,7588.281518670347,7150.309085356498,JUN26,JUN26,7369.295302013423,7432.4851625421215
SPX,6180.0,-0.48962840862333795,0.009792568172466758,0.0,0.0,0.0,0.0,0.0,0.0,7478.7884103418855,7259.80219368496,7588.281518670347,7150.309085356498,JUN26,JUN26,7369.295302013423,7432.4851625421215
SPX,6190.0,-0.6208385493840888,0.012416770987681777,0.0,0.0,0.0,0.0,0.0,0.0,7478.7884103418855,7259.80219368496,7588.281518670347,7150.309085356498,JUN26,JUN26,7369.295302013423,7432.4851625421215
SPX,6200.0,-82.52956402495941,1.9185413474884614,0.0,0.0,0.0,0.0,0.0,0.0,7478.7884103418855,7259.80219368496,7588.281518670347,7150.309085356498,JUN26,JUN26,7369.295302013423,7432.4851625421215
SPX,6210.0,-0.2330836964759724,0.004661673929519448,0.0,0.0,0.0,0.0,0.0,0.0,7478.7884103418855,7259.80219368496,7588.281518670347,7150.309085356498,JUN26,JUN26,7369.295302013423,7432.4851625421215
SPX,6220.0,-0.3471729170924802,0.0069434583418496055,0.0,0.0,0.0,0.0,0.0,0.0,7478.7884103418855,7259.80219368496,7588.281518670347,7150.309085356498,JUN26,JUN26,7369.295302013423,7432.4851625421215
SPX,6225.0,-7.1845604455578895,0.14863577662865352,0.0,0.0,0.0,0.0,0.0,0.0,7478.7884103418855,7259.80219368496,7588.281518670347,7150.309085356498,JUN26,JUN26,7369.295302013423,7432.4851625421215
SPX,6230.0,-0.08706221926343334,0.0017412443852686669,0.0,0.0,0.0,0.0,0.0,0.0,7478.7884103418855,7259.80219368496,7588.281518670347,7150.309085356498,JUN26,JUN26,7369.295302013423,7432.4851625421215
SPX,6240.0,-2.1778200939016283,0.04355640187803257,0.0,0.0,0.0,0.0,0.0,0.0,7478.7884103418855,7259.80219368496,7588.281518670347,7150.309085356498,JUN26,JUN26,7369.295302013423,7432.4851625421215
SPX,6250.0,-65.78386572479994,1.4220066483508607,0.0,0.0,0.0,0.0,0.0,0.0,7478.7884103418855,7259.80219368496,7588.281518670347,7150.309085356498,JUN26,JUN26,7369.295302013423,7432.4851625421215
SPX,6260.0,-0.8475839141784957,0.016951678283569912,0.0,0.0,0.0,0.0,0.0,0.0,7478.7884103418855,7259.80219368496,7588.281518670347,7150.309085356498,JUN26,JUN26,7369.295302013423,7432.4851625421215
SPX,6270.0,-0.6323930845143358,0.012647861690286717,0.0,0.0,0.0,0.0,0.0,0.0,7478.7884103418855,7259.80219368496,7588.281518670347,7150.309085356498,JUN26,JUN26,7369.295302013423,7432.4851625421215
SPX,6275.0,-6.979620963521697,0.15778091880191844,0.0,0.0,0.0,0.0,0.0,0.0,7478.7884103418855,7259.80219368496,7588.281518670347,7150.309085356498,JUN26,JUN26,7369.295302013423,7432.4851625421215
SPX,6280.0,-3.889907493189204,0.07779814986378408,0.0,0.0,0.0,0.0,0.0,0.0,7478.7884103418855,7259.80219368496,7588.281518670347,7150.309085356498,JUN26,JUN26,7369.295302013423,7432.4851625421215
SPX,6290.0,-0.7816537363465323,0.015633074726930644,0.0,0.0,0.0,0.0,0.0,0.0,7478.7884103418855,7259.80219368496,7588.281518670347,7150.309085356498,JUN26,JUN26,7369.295302013423,7432.4851625421215
SPX,6300.0,-140.44795830251047,3.3249449614044964,0.0,0.0,0.0,0.0,0.0,0.0,7478.7884103418855,7259.80219368496,7588.281518670347,7150.309085356498,JUN26,JUN26,7369.295302013423,7432.4851625421215
SPX,6310.0,-0.5939565759766081,0.011879131519532161,0.0,0.0,0.0,0.0,0.0,0.0,7478.7884103418855,7259.80219368496,7588.281518670347,7150.309085356498,JUN26,JUN26,7369.295302013423,7432.4851625421215
SPX,6320.0,-1.5961995539143277,0.03192399107828655,0.0,0.0,0.0,0.0,0.0,0.0,7478.7884103418855,7259.80219368496,7588.281518670347,7150.309085356498,JUN26,JUN26,7369.295302013423,7432.4851625421215
SPX,6325.0,-13.888446088121697,0.3238641801169187,0.0,0.0,0.0,0.0,0.0,0.0,7478.7884103418855,7259.80219368496,7588.281518670347,7150.309085356498,JUN26,JUN26,7369.295302013423,7432.4851625421215
SPX,6330.0,-1.632526858747204,0.03265053717494408,0.0,0.0,0.0,0.0,0.0,0.0,7478.7884103418855,7259.80219368496,7588.281518670347,7150.309085356498,JUN26,JUN26,7369.295302013423,7432.4851625421215
SPX,6340.0,-2.053409899363555,0.041068197987271106,0.0,0.0,0.0,0.0,0.0,0.0,7478.7884103418855,7259.80219368496,7588.281518670347,7150.309085356498,JUN26,JUN26,7369.295302013423,7432.4851625421215
SPX,6350.0,-53.04232782239953,1.2654592501298891,0.0,0.0,0.0,0.0,0.0,0.0,7478.7884103418855,7259.80219368496,7588.281518670347,7150.309085356498,JUN26,JUN26,7369.295302013423,7432.4851625421215
SPX,6360.0,-4.742009723785773,0.09484019447571546,0.0,0.0,0.0,0.0,0.0,0.0,7478.7884103418855,7259.80219368496,7588.281518670347,7150.309085356498,JUN26,JUN26,7369.295302013423,7432.4851625421215
SPX,6370.0,-0.9497545016692986,0.018995090033385974,0.0,0.0,0.0,0.0,0.0,0.0,7478.7884103418855,7259.80219368496,7588.281518670347,7150.309085356498,JUN26,JUN26,7369.295302013423,7432.4851625421215
SPX,6375.0,-4.973091978090664,0.17669051540685385,0.0,0.0,0.0,0.0,0.0,0.0,7478.7884103418855,7259.80219368496,7588.281518670347,7150.309085356498,JUN26,JUN26,7369.295302013423,7432.4851625421215
SPX,6380.0,-8.045556946491416,0.1609111389298283,0.0,0.0,0.0,0.0,0.0,0.0,7478.7884103418855,7259.80219368496,7588.281518670347,7150.309085356498,JUN26,JUN26,7369.295302013423,7432.4851625421215
SPX,6390.0,-18.103551333615798,0.36207102667231594,0.0,0.0,0.0,0.0,0.0,0.0,7478.7884103418855,7259.80219368496,7588.281518670347,7150.309085356498,JUN26,JUN26,7369.295302013423,7432.4851625421215
SPX,6400.0,-219.5222905785465,5.093692431760996,0.0,0.0,0.0,0.0,0.0,0.0,7478.7884103418855,7259.80219368496,7588.281518670347,7150.309085356498,JUN26,JUN26,7369.295302013423,7432.4851625421215
SPX,6410.0,-1.4544752652421447,0.029089505304842892,0.0,0.0,0.0,0.0,0.0,0.0,7478.7884103418855,7259.80219368496,7588.281518670347,7150.309085356498,JUN26,JUN26,7369.295302013423,7432.4851625421215
SPX,6420.0,-0.9358767337528874,0.018717534675057747,0.0,0.0,0.0,0.0,0.0,0.0,7478.7884103418855,7259.80219368496,7588.281518670347,7150.309085356498,JUN26,JUN26,7369.295302013423,7432.4851625421215
SPX,6425.0,-7.330958241680621,0.19572783088873708,0.0,0.0,0.0,0.0,0.0,0.0,7478.7884103418855,7259.80219368496,7588.281518670347,7150.309085356498,JUN26,JUN26,7369.295302013423,7432.4851625421215
SPX,6430.0,-1.1765715402151034,0.023531430804302065,0.0,0.0,0.0,0.0,0.0,0.0,7478.7884103418855,7259.80219368496,7588.281518670347,7150.309085356498,JUN26,JUN26,7369.295302013423,7432.4851625421215
SPX,6440.0,-3.938318052402669,0.07876636104805339,0.0,0.0,0.0,0.0,0.0,0.0,7478.7884103418855,7259.80219368496,7588.281518670347,7150.309085356498,JUN26,JUN26,7369.295302013423,7432.4851625421215
SPX,6450.0,-133.20062274939363,2.975608141320141,0.0,0.0,0.0,0.0,0.0,0.0,7478.7884103418855,7259.80219368496,7588.281518670347,7150.309085356498,JUN26,JUN26,7369.295302013423,7432.4851625421215
SPX,6460.0,-0.7121915639728154,0.014243831279456307,0.0,0.0,0.0,0.0,0.0,0.0,7478.7884103418855,7259.80219368496,7588.281518670347,7150.309085356498,JUN26,JUN26,7369.295302013423,7432.4851625421215
SPX,6470.0,-1.4123382622002638,0.028246765244005274,0.0,0.0,0.0,0.0,0.0,0.0,7478.7884103418855,7259.80219368496,7588.281518670347,7150.309085356498,JUN26,JUN26,7369.295302013423,7432.4851625421215
SPX,6475.0,-3.8753030688697603,0.18712057212498012,0.0,0.0,0.0,0.0,0.0,0.0,7478.7884103418855,7259.80219368496,7588.281518670347,7150.309085356498,JUN26,JUN26,7369.295302013423,7432.4851625421215
SPX,6480.0,-1.9168884460959945,0.03833776892191989,0.0,0.0,0.0,0.0,0.0,0.0,7478.7884103418855,7259.80219368496,7588.281518670347,7150.309085356498,JUN26,JUN26,7369.295302013423,7432.4851625421215
SPX,6490.0,-4.014351820559866,0.08028703641119732,0.0,0.0,0.0,0.0,0.0,0.0,7478.7884103418855,7259.80219368496,7588.281518670347,7150.309085356498,JUN26,JUN26,7369.295302013423,7432.4851625421215
SPX,6500.0,-84.58991723110412,4.187230947781303,0.0,0.0,0.0,0.0,0.0,50644.0,7478.7884103418855,7259.80219368496,7588.281518670347,7150.309085356498,JUN26,JUN26,7369.295302013423,7432.4851625421215
SPX,6510.0,-1.8212973785964937,0.03642594757192987,0.0,0.0,0.0,0.0,0.0,0.0,7478.7884103418855,7259.80219368496,7588.281518670347,7150.309085356498,JUN26,JUN26,7369.295302013423,7432.4851625421215
SPX,6520.0,-1.9678182308854997,0.03935636461770999,0.0,0.0,0.0,0.0,0.0,0.0,7478.7884103418855,7259.80219368496,7588.281518670347,7150.309085356498,JUN26,JUN26,7369.295302013423,7432.4851625421215
SPX,6525.0,-15.92771805514803,0.461782179176518,0.0,0.0,0.0,0.0,0.0,0.0,7478.7884103418855,7259.80219368496,7588.281518670347,7150.309085356498,JUN26,JUN26,7369.295302013423,7432.4851625421215
SPX,6530.0,-2.6290504616677453,0.0525810092333549,0.0,0.0,0.0,0.0,0.0,0.0,7478.7884103418855,7259.80219368496,7588.281518670347,7150.309085356498,JUN26,JUN26,7369.295302013423,7432.4851625421215
SPX,6540.0,-4.184347386497947,0.08368694772995894,0.0,0.0,0.0,0.0,0.0,0.0,7478.7884103418855,7259.80219368496,7588.281518670347,7150.309085356498,JUN26,JUN26,7369.295302013423,7432.4851625421215
SPX,6550.0,-104.92484794859882,3.0402499282691933,0.0,0.0,0.0,0.0,0.0,0.0,7478.7884103418855,7259.80219368496,7588.281518670347,7150.309085356498,JUN26,JUN26,7369.295302013423,7432.4851625421215
SPX,6555.0,-0.015892556816647373,0.0003178511363329475,0.0,0.0,0.0,0.0,0.0,0.0,7478.7884103418855,7259.80219368496,7588.281518670347,7150.309085356498,JUN26,JUN26,7369.295302013423,7432.4851625421215
SPX,6560.0,-4.375985212343708,0.08751970424687416,0.0,0.0,0.0,0.0,0.0,0.0,7478.7884103418855,7259.80219368496,7588.281518670347,7150.309085356498,JUN26,JUN26,7369.295302013423,7432.4851625421215
SPX,6570.0,-5.256305060432163,0.10512610120864326,0.0,0.0,0.0,0.0,0.0,0.0,7478.7884103418855,7259.80219368496,7588.281518670347,7150.309085356498,JUN26,JUN26,7369.295302013423,7432.4851625421215
SPX,6575.0,3.034514958031308,0.2973584720260189,0.0,0.0,0.0,0.0,0.0,0.0,7478.7884103418855,7259.80219368496,7588.281518670347,7150.309085356498,JUN26,JUN26,7369.295302013423,7432.4851625421215
SPX,6580.0,-4.987662661009332,0.09975325322018663,0.0,0.0,0.0,0.0,0.0,0.0,7478.7884103418855,7259.80219368496,7588.281518670347,7150.309085356498,JUN26,JUN26,7369.295302013423,7432.4851625421215
SPX,6590.0,-2.403930487625904,0.04807860975251808,0.0,0.0,0.0,0.0,0.0,0.0,7478.7884103418855,7259.80219368496,7588.281518670347,7150.309085356498,JUN26,JUN26,7369.295302013423,7432.4851625421215
SPX,6600.0,-80.50040050489817,3.8350870989599715,0.0,0.0,0.0,0.0,0.0,0.0,7478.7884103418855,7259.80219368496,7588.281518670347,7150.309085356498,JUN26,JUN26,7369.295302013423,7432.4851625421215
SPX,6605.0,-0.002536719168885438,5.0734383377708756e-05,0.0,0.0,0.0,0.0,0.0,0.0,7478.7884103418855,7259.80219368496,7588.281518670347,7150.309085356498,JUN26,JUN26,7369.295302013423,7432.4851625421215
SPX,6610.0,-4.463243138910777,0.08926486277821556,0.0,0.0,0.0,0.0,0.0,0.0,7478.7884103418855,7259.80219368496,7588.281518670347,7150.309085356498,JUN26,JUN26,7369.295302013423,7432.4851625421215
SPX,6615.0,-0.9742780021026205,0.019485560042052413,0.0,0.0,0.0,0.0,0.0,0.0,7478.7884103418855,7259.80219368496,7588.281518670347,7150.309085356498,JUN26,JUN26,7369.295302013423,7432.4851625421215
SPX,6620.0,-8.176331924562096,0.1635266384912419,0.0,0.0,0.0,0.0,0.0,0.0,7478.7884103418855,7259.80219368496,7588.281518670347,7150.309085356498,JUN26,JUN26,7369.295302013423,7432.4851625421215
SPX,6625.0,6.0782125988511835,0.38665530677100535,0.0,0.0,0.0,0.0,0.0,0.0,7478.7884103418855,7259.80219368496,7588.281518670347,7150.309085356498,JUN26,JUN26,7369.295302013423,7432.4851625421215
SPX,6630.0,-4.424750961660751,0.08849501923321502,0.0,0.0,0.0,0.0,0.0,0.0,7478.7884103418855,7259.80219368496,7588.281518670347,7150.309085356498,JUN26,JUN26,7369.295302013423,7432.4851625421215
SPX,6635.0,-0.05272186501547502,0.0010544373003095004,0.0,0.0,0.0,0.0,0.0,0.0,7478.7884103418855,7259.80219368496,7588.281518670347,7150.309085356498,JUN26,JUN26,7369.295302013423,7432.4851625421215
SPX,6640.0,-2.497988511404735,0.04995977022809469,0.0,0.0,0.0,0.0,0.0,0.0,7478.7884103418855,7259.80219368496,7588.281518670347,7150.309085356498,JUN26,JUN26,7369.295302013423,7432.4851625421215
SPX,6645.0,-0.23417422312796757,0.004683484462559352,0.0,0.0,0.0,0.0,0.0,0.0,7478.7884103418855,7259.80219368496,7588.281518670347,7150.309085356498,JUN26,JUN26,7369.295302013423,7432.4851625421215
SPX,6650.0,-154.2002486849814,4.40681526822688,0.0,0.0,0.0,0.0,0.0,0.0,7478.7884103418855,7259.80219368496,7588.281518670347,7150.309085356498,JUN26,JUN26,7369.295302013423,7432.4851625421215
SPX,6655.0,-0.14623790922036592,0.002924758184407319,0.0,0.0,0.0,0.0,0.0,0.0,7478.7884103418855,7259.80219368496,7588.281518670347,7150.309085356498,JUN26,JUN26,7369.295302013423,7432.4851625421215
SPX,6660.0,-4.0997834385402045,0.08199566877080408,0.0,0.0,0.0,0.0,0.0,0.0,7478.7884103418855,7259.80219368496,7588.281518670347,7150.309085356498,JUN26,JUN26,7369.295302013423,7432.4851625421215
SPX,6665.0,-0.03282565835945065,0.000656513167189013,0.0,0.0,0.0,0.0,0.0,0.0,7478.7884103418855,7259.80219368496,7588.281518670347,7150.309085356498,JUN26,JUN26,7369.295302013423,7432.4851625421215
SPX,6670.0,-1.7686963746735407,0.03537392749347081,0.0,0.0,0.0,0.0,0.0,0.0,7478.7884103418855,7259.80219368496,7588.281518670347,7150.309085356498,JUN26,JUN26,7369.295302013423,7432.4851625421215
SPX,6675.0,-4.313015140074121,0.6788868275729449,0.0,0.0,0.0,0.0,0.0,0.0,7478.7884103418855,7259.80219368496,7588.281518670347,7150.309085356498,JUN26,JUN26,7369.295302013423,7432.4851625421215
SPX,6680.0,-2.4822260509725407,0.04964452101945081,0.0,0.0,0.0,0.0,0.0,0.0,7478.7884103418855,7259.80219368496,7588.281518670347,7150.309085356498,JUN26,JUN26,7369.295302013423,7432.4851625421215
SPX,6685.0,-6.637855177532742,0.13275710355065484,0.0,0.0,0.0,0.0,0.0,0.0,7478.7884103418855,7259.80219368496,7588.281518670347,7150.309085356498,JUN26,JUN26,7369.295302013423,7432.4851625421215
SPX,6690.0,-2.868167701513948,0.057363354030278965,0.0,0.0,0.0,0.0,0.0,0.0,7478.7884103418855,7259.80219368496,7588.281518670347,7150.309085356498,JUN26,JUN26,7369.295302013423,7432.4851625421215
SPX,6695.0,-0.03901847884768665,0.000780369576953733,0.0,0.0,0.0,0.0,0.0,0.0,7478.7884103418855,7259.80219368496,7588.281518670347,7150.309085356498,JUN26,JUN26,7369.295302013423,7432.4851625421215
SPX,6700.0,-164.25781830633804,5.768586259186321,0.0,0.0,0.0,0.0,0.0,0.0,7478.7884103418855,7259.80219368496,7588.281518670347,7150.309085356498,JUN26,JUN26,7369.295302013423,7432.4851625421215
SPX,6705.0,-0.012644606434661834,0.0002528921286932367,0.0,0.0,0.0,0.0,0.0,0.0,7478.7884103418855,7259.80219368496,7588.281518670347,7150.309085356498,JUN26,JUN26,7369.295302013423,7432.4851625421215
SPX,6710.0,-1.9663760317326464,0.03932752063465293,0.0,0.0,0.0,0.0,0.0,0.0,7478.7884103418855,7259.80219368496,7588.281518670347,7150.309085356498,JUN26,JUN26,7369.295302013423,7432.4851625421215
SPX,6715.0,-0.15326286599786598,0.00306525731995732,0.0,0.0,0.0,0.0,0.0,0.0,7478.7884103418855,7259.80219368496,7588.281518670347,7150.309085356498,JUN26,JUN26,7369.295302013423,7432.4851625421215
SPX,6720.0,-3.873206870478847,0.07746413740957694,0.0,0.0,0.0,0.0,0.0,0.0,7478.7884103418855,7259.80219368496,7588.281518670347,7150.309085356498,JUN26,JUN26,7369.295302013423,7432.4851625421215
SPX,6725.0,-16.64551500788085,0.8377653298386376,0.0,0.0,0.0,0.0,0.0,0.0,7478.7884103418855,7259.80219368496,7588.281518670347,7150.309085356498,JUN26,JUN26,7369.295302013423,7432.4851625421215
SPX,6730.0,-2.87249071695366,0.0574498143390732,0.0,0.0,0.0,0.0,0.0,0.0,7478.7884103418855,7259.80219368496,7588.281518670347,7150.309085356498,JUN26,JUN26,7369.295302013423,7432.4851625421215
SPX,6735.0,-0.17534112506514068,0.0035068225013028136,0.0,0.0,0.0,0.0,0.0,0.0,7478.7884103418855,7259.80219368496,7588.281518670347,7150.309085356498,JUN26,JUN26,7369.295302013423,7432.4851625421215
SPX,6740.0,-1.5336295480753612,0.03131187607977994,0.0,0.0,0.0,0.0,0.0,0.0,7478.7884103418855,7259.80219368496,7588.281518670347,7150.309085356498,JUN26,JUN26,7369.295302013423,7432.4851625421215
SPX,6745.0,-0.08587325092973287,0.0017174650185946573,0.0,0.0,0.0,0.0,0.0,0.0,7478.7884103418855,7259.80219368496,7588.281518670347,7150.309085356498,JUN26,JUN26,7369.295302013423,7432.4851625421215
SPX,6750.0,36.2056670354124,6.655716534051103,0.0,0.0,0.0,0.0,0.0,0.0,7478.7884103418855,7259.80219368496,7588.281518670347,7150.309085356498,JUN26,JUN26,7369.295302013423,7432.4851625421215
SPX,6755.0,-0.6868069464561674,0.013736138929123346,0.0,0.0,0.0,0.0,0.0,0.0,7478.7884103418855,7259.80219368496,7588.281518670347,7150.309085356498,JUN26,JUN26,7369.295302013423,7432.4851625421215
SPX,6760.0,-1.2110796928701444,0.024873093529021586,0.0,0.0,0.0,0.0,0.0,0.0,7478.7884103418855,7259.80219368496,7588.281518670347,7150.309085356498,JUN26,JUN26,7369.295302013423,7432.4851625421215
SPX,6765.0,-0.19183981086081936,0.0038367962172163876,0.0,0.0,0.0,0.0,0.0,0.0,7478.7884103418855,7259.80219368496,7588.281518670347,7150.309085356498,JUN26,JUN26,7369.295302013423,7432.4851625421215
SPX,6770.0,-1.9897948427664505,0.039795896855329006,0.0,0.0,0.0,0.0,0.0,0.0,7478.7884103418855,7259.80219368496,7588.281518670347,7150.309085356498,JUN26,JUN26,7369.295302013423,7432.4851625421215
SPX,6775.0,-52.68144503279532,1.5044025469923448,0.0,0.0,0.0,0.0,0.0,0.0,7478.7884103418855,7259.80219368496,7588.281518670347,7150.309085356498,JUN26,JUN26,7369.295302013423,7432.4851625421215
SPX,6780.0,-2.167159161679917,0.044096879048701604,0.0,0.0,0.0,0.0,0.0,0.0,7478.7884103418855,7259.80219368496,7588.281518670347,7150.309085356498,JUN26,JUN26,7369.295302013423,7432.4851625421215
SPX,6785.0,-1.7189505679071895,0.03437901135814379,0.0,0.0,0.0,0.0,0.0,0.0,7478.7884103418855,7259.80219368496,7588.281518670347,7150.309085356498,JUN26,JUN26,7369.295302013423,7432.4851625421215
SPX,6790.0,-0.9842279436766603,0.019684558873533205,0.0,0.0,0.0,0.0,0.0,0.0,7478.7884103418855,7259.80219368496,7588.281518670347,7150.309085356498,JUN26,JUN26,7369.295302013423,7432.4851625421215
SPX,6795.0,-0.9245863796296429,0.018491727592592856,0.0,0.0,0.0,0.0,0.0,0.0,7478.7884103418855,7259.80219368496,7588.281518670347,7150.309085356498,JUN26,JUN26,7369.295302013423,7432.4851625421215
SPX,6800.0,-28.57146934641099,7.669233192860721,0.0,0.0,0.0,0.0,0.0,0.0,7478.7884103418855,7259.80219368496,7588.281518670347,7150.309085356498,JUN26,JUN26,7369.295302013423,7432.4851625421215
SPX,6805.0,-1.1724334794806983,0.023448669589613967,0.0,0.0,0.0,0.0,0.0,0.0,7478.7884103418855,7259.80219368496,7588.281518670347,7150.309085356498,JUN26,JUN26,7369.295302013423,7432.4851625421215
SPX,6810.0,-4.317848974671541,0.08917025599212361,0.0,0.0,0.0,0.0,0.0,0.0,7478.7884103418855,7259.80219368496,7588.281518670347,7150.309085356498,JUN26,JUN26,7369.295302013423,7432.4851625421215
SPX,6815.0,-0.2735457539194731,0.005470915078389462,0.0,0.0,0.0,0.0,0.0,0.0,7478.7884103418855,7259.80219368496,7588.281518670347,7150.309085356498,JUN26,JUN26,7369.295302013423,7432.4851625421215
SPX,6820.0,-4.019350533271949,0.08038701066543896,0.0,0.0,0.0,0.0,0.0,0.0,7478.7884103418855,7259.80219368496,7588.281518670347,7150.309085356498,JUN26,JUN26,7369.295302013423,7432.4851625421215
SPX,6825.0,41.60950166557747,2.4313838943626536,0.0,0.0,0.0,0.0,0.0,0.0,7478.7884103418855,7259.80219368496,7588.281518670347,7150.309085356498,JUN26,JUN26,7369.295302013423,7432.4851625421215
SPX,6830.0,-1.9148003935641364,0.03829600787128273,0.0,0.0,0.0,0.0,0.0,0.0,7478.7884103418855,7259.80219368496,7588.281518670347,7150.309085356498,JUN26,JUN26,7369.295302013423,7432.4851625421215
SPX,6835.0,-1.5216105283162529,0.030432210566325057,0.0,0.0,0.0,0.0,0.0,0.0,7478.7884103418855,7259.80219368496,7588.281518670347,7150.309085356498,JUN26,JUN26,7369.295302013423,7432.4851625421215
SPX,6840.0,-1.914411056819631,0.038288221136392624,0.0,0.0,0.0,0.0,0.0,0.0,7478.7884103418855,7259.80219368496,7588.281518670347,7150.309085356498,JUN26,JUN26,7369.295302013423,7432.4851625421215
SPX,6845.0,-1.037180065794904,0.021488456454662727,0.0,0.0,0.0,0.0,0.0,0.0,7478.7884103418855,7259.80219368496,7588.281518670347,7150.309085356498,JUN26,JUN26,7369.295302013423,7432.4851625421215
SPX,6850.0,92.88505079683532,5.756131466299576,0.0,0.0,0.0,0.0,0.0,0.0,7478.7884103418855,7259.80219368496,7588.281518670347,7150.309085356498,JUN26,JUN26,7369.295302013423,7432.4851625421215
SPX,6855.0,-0.05757178025751001,0.0011514356051502003,0.0,0.0,0.0,0.0,0.0,0.0,7478.7884103418855,7259.80219368496,7588.281518670347,7150.309085356498,JUN26,JUN26,7369.295302013423,7432.4851625421215
SPX,6860.0,-4.206155495027196,0.08488454455000098,0.0,0.0,0.0,0.0,0.0,0.0,7478.7884103418855,7259.80219368496,7588.281518670347,7150.309085356498,JUN26,JUN26,7369.295302013423,7432.4851625421215
SPX,6865.0,-1.0337228169857349,0.03281308218365027,0.0,0.0,0.0,0.0,0.0,0.0,7478.7884103418855,7259.80219368496,7588.281518670347,7150.309085356498,JUN26,JUN26,7369.295302013423,7432.4851625421215
SPX,6870.0,-2.9996879654474116,0.06255375993231096,0.0,0.0,0.0,0.0,0.0,0.0,7478.7884103418855,7259.80219368496,7588.281518670347,7150.309085356498,JUN26,JUN26,7369.295302013423,7432.4851625421215
SPX,6875.0,3.745534685917537,1.2964743129468415,0.0,0.0,0.0,0.0,0.0,0.0,7478.7884103418855,7259.80219368496,7588.281518670347,7150.309085356498,JUN26,JUN26,7369.295302013423,7432.4851625421215
SPX,6880.0,-7.559877029061003,0.15198327913182907,0.0,0.0,0.0,0.0,0.0,0.0,7478.7884103418855,7259.80219368496,7588.281518670347,7150.309085356498,JUN26,JUN26,7369.295302013423,7432.4851625421215
SPX,6885.0,-0.8299814806782099,0.01739164910456879,0.0,0.0,0.0,0.0,0.0,0.0,7478.7884103418855,7259.80219368496,7588.281518670347,7150.309085356498,JUN26,JUN26,7369.295302013423,7432.4851625421215
SPX,6890.0,-6.267986658800551,0.125359733176011,0.0,0.0,0.0,0.0,0.0,0.0,7478.7884103418855,7259.80219368496,7588.281518670347,7150.309085356498,JUN26,JUN26,7369.295302013423,7432.4851625421215
SPX,6895.0,-1.8608709782205406,0.03721741956441082,0.0,0.0,0.0,0.0,0.0,0.0,7478.7884103418855,7259.80219368496,7588.281518670347,7150.309085356498,JUN26,JUN26,7369.295302013423,7432.4851625421215
SPX,6900.0,-16.017411216292782,12.468741970752285,0.0,0.0,0.0,0.0,0.0,0.0,7478.7884103418855,7259.80219368496,7588.281518670347,7150.309085356498,JUN26,JUN26,7369.295302013423,7432.4851625421215
SPX,6905.0,-0.7291690420718847,0.014583380841437696,0.0,0.0,0.0,0.0,0.0,0.0,7478.7884103418855,7259.80219368496,7588.281518670347,7150.309085356498,JUN26,JUN26,7369.295302013423,7432.4851625421215
SPX,6910.0,-6.7898801382264535,0.145010346064123,0.0,0.0,0.0,0.0,0.0,0.0,7478.7884103418855,7259.80219368496,7588.281518670347,7150.309085356498,JUN26,JUN26,7369.295302013423,7432.4851625421215
SPX,6915.0,-2.4910127280407424,0.04982025456081485,0.0,0.0,0.0,0.0,0.0,0.0,7478.7884103418855,7259.80219368496,7588.281518670347,7150.309085356498,JUN26,JUN26,7369.295302013423,7432.4851625421215
SPX,6920.0,-15.597113970992362,0.3119422794198472,0.0,0.0,0.0,0.0,0.0,0.0,7478.7884103418855,7259.80219368496,7588.281518670347,7150.309085356498,JUN26,JUN26,7369.295302013423,7432.4851625421215
SPX,6925.0,5.626178329563227,0.9404164147784962,0.0,0.0,0.0,0.0,0.0,0.0,7478.7884103418855,7259.80219368496,7588.281518670347,7150.309085356498,JUN26,JUN26,7369.295302013423,7432.4851625421215
SPX,6930.0,-6.254662217622293,0.12610650238860724,0.0,0.0,0.0,0.0,0.0,0.0,7478.7884103418855,7259.80219368496,7588.281518670347,7150.309085356498,JUN26,JUN26,7369.295302013423,7432.4851625421215
SPX,6935.0,-2.456676859681781,0.05257511001225303,0.0,0.0,0.0,0.0,0.0,0.0,7478.7884103418855,7259.80219368496,7588.281518670347,7150.309085356498,JUN26,JUN26,7369.295302013423,7432.4851625421215
SPX,6940.0,-10.153908467655137,0.20479970467761677,0.0,0.0,0.0,0.0,0.0,0.0,7478.7884103418855,7259.80219368496,7588.281518670347,7150.309085356498,JUN26,JUN26,7369.295302013423,7432.4851625421215
SPX,6945.0,-1.4426967286040575,0.03147765331461403,0.0,0.0,0.0,0.0,0.0,0.0,7478.7884103418855,7259.80219368496,7588.281518670347,7150.309085356498,JUN26,JUN26,7369.295302013423,7432.4851625421215
SPX,6950.0,19.53436438686035,6.328958290573645,0.0,0.0,0.0,0.0,0.0,0.0,7478.7884103418855,7259.80219368496,7588.281518670347,7150.309085356498,JUN26,JUN26,7369.295302013423,7432.4851625421215
SPX,6955.0,-2.5798718169200296,0.051597436338400596,0.0,0.0,0.0,0.0,0.0,0.0,7478.7884103418855,7259.80219368496,7588.281518670347,7150.309085356498,JUN26,JUN26,7369.295302013423,7432.4851625421215
SPX,6960.0,-7.392541145631038,0.14964462574783494,0.0,0.0,0.0,0.0,0.0,0.0,7478.7884103418855,7259.80219368496,7588.281518670347,7150.309085356498,JUN26,JUN26,7369.295302013423,7432.4851625421215
SPX,6965.0,-0.39742350661256914,0.010664065215624107,0.0,0.0,0.0,0.0,0.0,0.0,7478.7884103418855,7259.80219368496,7588.281518670347,7150.309085356498,JUN26,JUN26,7369.295302013423,7432.4851625421215
SPX,6970.0,-8.965563477649466,0.1893297325609347,0.0,0.0,0.0,0.0,0.0,0.0,7478.7884103418855,7259.80219368496,7588.281518670347,7150.309085356498,JUN26,JUN26,7369.295302013423,7432.4851625421215
SPX,6975.0,-102.3144205670038,3.312966406635311,0.0,0.0,0.0,0.0,0.0,0.0,7478.7884103418855,7259.80219368496,7588.281518670347,7150.309085356498,JUN26,JUN26,7369.295302013423,7432.4851625421215
SPX,6980.0,-12.870218681032744,0.259201124609816,0.0,0.0,0.0,0.0,0.0,0.0,7478.7884103418855,7259.80219368496,7588.281518670347,7150.309085356498,JUN26,JUN26,7369.295302013423,7432.4851625421215
SPX,6985.0,-3.2067212662177402,0.0641344253243548,0.0,0.0,0.0,0.0,0.0,0.0,7478.7884103418855,7259.80219368496,7588.281518670347,7150.309085356498,JUN26,JUN26,7369.295302013423,7432.4851625421215
SPX,6990.0,-11.057179433529695,0.2238899401872794,0.0,0.0,0.0,0.0,0.0,0.0,7478.7884103418855,7259.80219368496,7588.281518670347,7150.309085356498,JUN26,JUN26,7369.295302013423,7432.4851625421215
SPX,6995.0,-4.66160321629482,0.0932320643258964,0.0,0.0,0.0,0.0,0.0,0.0,7478.7884103418855,7259.80219368496,7588.281518670347,7150.309085356498,JUN26,JUN26,7369.295302013423,7432.4851625421215
SPX,7000.0,55.44583763521497,15.12881351082862,0.0,0.0,0.0,0.0,0.0,0.0,7478.7884103418855,7259.80219368496,7588.281518670347,7150.309085356498,JUN26,JUN26,7369.295302013423,7432.4851625421215
SPX,7005.0,-1.6459693535126354,0.03532905774542275,0.0,0.0,0.0,0.0,0.0,0.0,7478.7884103418855,7259.80219368496,7588.281518670347,7150.309085356498,JUN26,JUN26,7369.295302013423,7432.4851625421215
SPX,7010.0,-11.466732764696955,0.24582230646997105,0.0,0.0,0.0,0.0,0.0,0.0,7478.7884103418855,7259.80219368496,7588.281518670347,7150.309085356498,JUN26,JUN26,7369.295302013423,7432.4851625421215
SPX,7015.0,-2.2418311432110913,0.049727970304910316,0.0,0.0,0.0,0.0,0.0,0.0,7478.7884103418855,7259.80219368496,7588.281518670347,7150.309085356498,JUN26,JUN26,7369.295302013423,7432.4851625421215
SPX,7020.0,-13.511815095221147,0.2800019358392199,0.0,0.0,0.0,0.0,0.0,0.0,7478.7884103418855,7259.80219368496,7588.281518670347,7150.309085356498,JUN26,JUN26,7369.295302013423,7432.4851625421215
SPX,7025.0,8.73391876795647,2.3377586457954878,0.0,0.0,0.0,0.0,0.0,0.0,7478.7884103418855,7259.80219368496,7588.281518670347,7150.309085356498,JUN26,JUN26,7369.295302013423,7432.4851625421215
SPX,7030.0,-10.539020879030504,0.2288471669862284,0.0,0.0,0.0,0.0,0.0,0.0,7478.7884103418855,7259.80219368496,7588.281518670347,7150.309085356498,JUN26,JUN26,7369.295302013423,7432.4851625421215
SPX,7035.0,-7.009477005010757,0.14122007531865088,0.0,0.0,0.0,0.0,0.0,0.0,7478.7884103418855,7259.80219368496,7588.281518670347,7150.309085356498,JUN26,JUN26,7369.295302013423,7432.4851625421215
SPX,7040.0,-1.9569858894818077,0.061857041153074915,0.0,0.0,0.0,0.0,0.0,0.0,7478.7884103418855,7259.80219368496,7588.281518670347,7150.309085356498,JUN26,JUN26,7369.295302013423,7432.4851625421215
SPX,7045.0,-3.9654830457397736,0.08064408302167067,0.0,0.0,0.0,0.0,0.0,0.0,7478.7884103418855,7259.80219368496,7588.281518670347,7150.309085356498,JUN26,JUN26,7369.295302013423,7432.4851625421215
SPX,7050.0,-143.56838954282546,7.57669487376637,0.0,0.0,0.0,0.0,0.0,0.0,7478.7884103418855,7259.80219368496,7588.281518670347,7150.309085356498,JUN26,JUN26,7369.295302013423,7432.4851625421215
SPX,7055.0,-4.383737459659451,0.10910831472755665,0.0,0.0,0.0,0.0,0.0,0.0,7478.7884103418855,7259.80219368496,7588.281518670347,7150.309085356498,JUN26,JUN26,7369.295302013423,7432.4851625421215
SPX,7060.0,-28.29692559022989,0.6268539581916659,0.0,0.0,0.0,0.0,0.0,0.0,7478.7884103418855,7259.80219368496,7588.281518670347,7150.309085356498,JUN26,JUN26,7369.295302013423,7432.4851625421215
SPX,7065.0,-4.175325738251686,0.08350651476503371,0.0,0.0,0.0,0.0,0.0,0.0,7478.7884103418855,7259.80219368496,7588.281518670347,7150.309085356498,JUN26,JUN26,7369.295302013423,7432.4851625421215
SPX,7070.0,-7.795264219994779,0.17107903551722442,0.0,0.0,0.0,0.0,0.0,0.0,7478.7884103418855,7259.80219368496,7588.281518670347,7150.309085356498,JUN26,JUN26,7369.295302013423,7432.4851625421215
SPX,7075.0,-248.59068650674098,6.864144380297927,0.0,0.0,0.0,0.0,0.0,0.0,7478.7884103418855,7259.80219368496,7588.281518670347,7150.309085356498,JUN26,JUN26,7369.295302013423,7432.4851625421215
SPX,7080.0,-20.55702122734407,0.4347456968736968,0.0,0.0,0.0,0.0,0.0,0.0,7478.7884103418855,7259.80219368496,7588.281518670347,7150.309085356498,JUN26,JUN26,7369.295302013423,7432.4851625421215
SPX,7085.0,-4.406025477292516,0.08812050954585032,0.0,0.0,0.0,0.0,0.0,0.0,7478.7884103418855,7259.80219368496,7588.281518670347,7150.309085356498,JUN26,JUN26,7369.295302013423,7432.4851625421215
SPX,7090.0,-18.4597931608738,0.38339294636735993,0.0,0.0,0.0,0.0,0.0,0.0,7478.7884103418855,7259.80219368496,7588.281518670347,7150.309085356498,JUN26,JUN26,7369.295302013423,7432.4851625421215
SPX,7095.0,-4.016813075612722,0.08265730282467626,0.0,0.0,0.0,0.0,0.0,0.0,7478.7884103418855,7259.80219368496,7588.281518670347,7150.309085356498,JUN26,JUN26,7369.295302013423,7432.4851625421215
SPX,7100.0,-47.85187596522583,15.86148407981224,0.0,0.0,0.0,0.0,0.0,0.0,7478.7884103418855,7259.80219368496,7588.281518670347,7150.309085356498,JUN26,JUN26,7369.295302013423,7432.4851625421215
SPX,7105.0,-5.382557268038909,0.11239861915223427,0.0,0.0,0.0,0.0,0.0,0.0,7478.7884103418855,7259.80219368496,7588.281518670347,7150.309085356498,JUN26,JUN26,7369.295302013423,7432.4851625421215
SPX,7110.0,-46.28167312958364,0.9459213485132966,0.0,0.0,0.0,0.0,0.0,0.0,7478.7884103418855,7259.80219368496,7588.281518670347,7150.309085356498,JUN26,JUN26,7369.295302013423,7432.4851625421215
SPX,7115.0,-2.580959616857482,0.05567687953672396,0.0,0.0,0.0,0.0,0.0,0.0,7478.7884103418855,7259.80219368496,7588.281518670347,7150.309085356498,JUN26,JUN26,7369.295302013423,7432.4851625421215
SPX,7120.0,-27.878539446477856,0.5797892745757705,0.0,0.0,0.0,0.0,0.0,0.0,7478.7884103418855,7259.80219368496,7588.281518670347,7150.309085356498,JUN26,JUN26,7369.295302013423,7432.4851625421215
SPX,7125.0,-14.355444664164411,3.7825605650167584,0.0,0.0,0.0,0.0,0.0,0.0,7478.7884103418855,7259.80219368496,7588.281518670347,7150.309085356498,JUN26,JUN26,7369.295302013423,7432.4851625421215
SPX,7130.0,-32.016354299231956,0.70362379109558,0.0,0.0,0.0,0.0,0.0,0.0,7478.7884103418855,7259.80219368496,7588.281518670347,7150.309085356498,JUN26,JUN26,7369.295302013423,7432.4851625421215
SPX,7135.0,-2.977275830531391,0.08841523686621926,0.0,0.0,0.0,0.0,0.0,0.0,7478.7884103418855,7259.80219368496,7588.281518670347,7150.309085356498,JUN26,JUN26,7369.295302013423,7432.4851625421215
SPX,7140.0,-49.95404547471841,1.0996762764696473,0.0,0.0,0.0,0.0,0.0,0.0,7478.7884103418855,7259.80219368496,7588.281518670347,7150.309085356498,JUN26,JUN26,7369.295302013423,7432.4851625421215
SPX,7145.0,-2.762759528606293,0.10035141828938746,0.0,0.0,0.0,0.0,0.0,0.0,7478.7884103418855,7259.80219368496,7588.281518670347,7150.309085356498,JUN26,JUN26,7369.295302013423,7432.4851625421215
SPX,7150.0,19.950201455134966,5.57835483256292,0.0,0.0,0.0,0.0,0.0,0.0,7478.7884103418855,7259.80219368496,7588.281518670347,7150.309085356498,JUN26,JUN26,7369.295302013423,7432.4851625421215
SPX,7155.0,-7.5927603148652345,0.18676414449632162,0.0,0.0,0.0,0.0,0.0,0.0,7478.7884103418855,7259.80219368496,7588.281518670347,7150.309085356498,JUN26,JUN26,7369.295302013423,7432.4851625421215
SPX,7160.0,-50.4085646299818,1.1361341441034971,0.0,0.0,0.0,0.0,0.0,0.0,7478.7884103418855,7259.80219368496,7588.281518670347,7150.309085356498,JUN26,JUN26,7369.295302013423,7432.4851625421215
SPX,7165.0,-1.8024484081367511,0.08934060854838291,0.0,0.0,0.0,0.0,0.0,0.0,7478.7884103418855,7259.80219368496,7588.281518670347,7150.309085356498,JUN26,JUN26,7369.295302013423,7432.4851625421215
SPX,7170.0,-13.424846784497888,0.3672383027315919,0.0,0.0,0.0,0.0,0.0,0.0,7478.7884103418855,7259.80219368496,7588.281518670347,7150.309085356498,JUN26,JUN26,7369.295302013423,7432.4851625421215
SPX,7175.0,56.121087411679966,2.253839973778191,0.0,0.0,0.0,0.0,0.0,0.0,7478.7884103418855,7259.80219368496,7588.281518670347,7150.309085356498,JUN26,JUN26,7369.295302013423,7432.4851625421215
SPX,7180.0,-32.538110432585164,0.751462091662118,0.0,0.0,0.0,0.0,0.0,0.0,7478.7884103418855,7259.80219368496,7588.281518670347,7150.309085356498,JUN26,JUN26,7369.295302013423,7432.4851625421215
SPX,7185.0,-11.814288418697966,0.2948574656120635,0.0,0.0,0.0,0.0,0.0,0.0,7478.7884103418855,7259.80219368496,7588.281518670347,7150.309085356498,JUN26,JUN26,7369.295302013423,7432.4851625421215
SPX,7190.0,-30.298152653860484,0.6280905612043696,0.0,0.0,0.0,0.0,0.0,0.0,7478.7884103418855,7259.80219368496,7588.281518670347,7150.309085356498,JUN26,JUN26,7369.295302013423,7432.4851625421215
SPX,7195.0,-10.30504081593607,0.24174498598942162,0.0,0.0,0.0,0.0,0.0,0.0,7478.7884103418855,7259.80219368496,7588.281518670347,7150.309085356498,JUN26,JUN26,7369.295302013423,7432.4851625421215
SPX,7200.0,-238.25563983776905,17.826949064339964,0.0,0.0,0.0,0.0,0.0,0.0,7478.7884103418855,7259.80219368496,7588.281518670347,7150.309085356498,JUN26,JUN26,7369.295302013423,7432.4851625421215
SPX,7205.0,-52.97736524007748,1.1602194421728942,0.0,0.0,0.0,0.0,0.0,0.0,7478.7884103418855,7259.80219368496,7588.281518670347,7150.309085356498,JUN26,JUN26,7369.295302013423,7432.4851625421215
SPX,7210.0,-5.340720785140059,0.47894145183974934,0.0,0.0,0.0,0.0,0.0,0.0,7478.7884103418855,7259.80219368496,7588.281518670347,7150.309085356498,JUN26,JUN26,7369.295302013423,7432.4851625421215
SPX,7215.0,-7.76312075849379,0.21687071016808662,0.0,0.0,0.0,0.0,0.0,0.0,7478.7884103418855,7259.80219368496,7588.281518670347,7150.309085356498,JUN26,JUN26,7369.295302013423,7432.4851625421215
SPX,7220.0,-8.513262688701836,0.659733864862444,0.0,0.0,0.0,0.0,0.0,0.0,7478.7884103418855,7259.80219368496,7588.281518670347,7150.309085356498,JUN26,JUN26,7369.295302013423,7432.4851625421215
SPX,7225.0,-246.91219122246437,5.482834225160587,0.0,0.0,0.0,0.0,0.0,0.0,7478.7884103418855,7259.80219368496,7588.281518670347,7150.309085356498,JUN26,JUN26,7369.295302013423,7432.4851625421215
SPX,7230.0,-9.802305433177562,0.636752626670113,0.0,0.0,0.0,0.0,0.0,0.0,7478.7884103418855,7259.80219368496,7588.281518670347,7150.309085356498,JUN26,JUN26,7369.295302013423,7432.4851625421215
SPX,7235.0,-8.283816850301992,0.1713567856077114,0.0,0.0,0.0,0.0,0.0,0.0,7478.7884103418855,7259.80219368496,7588.281518670347,7150.309085356498,JUN26,JUN26,7369.295302013423,7432.4851625421215
SPX,7240.0,-66.20544687388134,1.979255120325986,0.0,0.0,0.0,0.0,0.0,0.0,7478.7884103418855,7259.80219368496,7588.281518670347,7150.309085356498,JUN26,JUN26,7369.295302013423,7432.4851625421215
SPX,7245.0,-9.437661274830091,0.1930450995547962,0.0,0.0,0.0,0.0,0.0,0.0,7478.7884103418855,7259.80219368496,7588.281518670347,7150.309085356498,JUN26,JUN26,7369.295302013423,7432.4851625421215
SPX,7250.0,-243.78796135739617,30.735660474950706,0.0,0.0,0.0,0.0,7832.0,0.0,7478.7884103418855,7259.80219368496,7588.281518670347,7150.309085356498,JUN26,JUN26,7369.295302013423,7432.4851625421215
SPX,7255.0,-8.023988121768568,0.33082710193442816,0.0,0.0,0.0,0.0,0.0,0.0,7478.7884103418855,7259.80219368496,7588.281518670347,7150.309085356498,JUN26,JUN26,7369.295302013423,7432.4851625421215
SPX,7260.0,-3.5240001809707286,0.8636201178293343,0.0,0.0,0.0,0.0,0.0,0.0,7478.7884103418855,7259.80219368496,7588.281518670347,7150.309085356498,JUN26,JUN26,7369.295302013423,7432.4851625421215
SPX,7265.0,-13.383326192562867,0.45018784245917315,0.0,0.0,0.0,0.0,0.0,0.0,7478.7884103418855,7259.80219368496,7588.281518670347,7150.309085356498,JUN26,JUN26,7369.295302013423,7432.4851625421215
SPX,7270.0,-18.032370809185174,1.806668508075627,0.0,0.0,0.0,0.0,0.0,0.0,7478.7884103418855,7259.80219368496,7588.281518670347,7150.309085356498,JUN26,JUN26,7369.295302013423,7432.4851625421215
SPX,7275.0,-136.10881519132525,4.707220569434726,0.0,0.0,0.0,0.0,0.0,0.0,7478.7884103418855,7259.80219368496,7588.281518670347,7150.309085356498,JUN26,JUN26,7369.295302013423,7432.4851625421215
SPX,7280.0,-7.917807202148831,2.0568929761658996,0.0,0.0,0.0,0.0,0.0,0.0,7478.7884103418855,7259.80219368496,7588.281518670347,7150.309085356498,JUN26,JUN26,7369.295302013423,7432.4851625421215
SPX,7285.0,-21.265101644982828,0.6482589746811727,0.0,0.0,0.0,0.0,0.0,0.0,7478.7884103418855,7259.80219368496,7588.281518670347,7150.309085356498,JUN26,JUN26,7369.295302013423,7432.4851625421215
SPX,7290.0,-20.632332144156987,1.2654502152019946,0.0,0.0,0.0,0.0,0.0,0.0,7478.7884103418855,7259.80219368496,7588.281518670347,7150.309085356498,JUN26,JUN26,7369.295302013423,7432.4851625421215
SPX,7295.0,-9.136407117956397,0.5403302725899536,0.0,0.0,0.0,0.0,0.0,0.0,7478.7884103418855,7259.80219368496,7588.281518670347,7150.309085356498,JUN26,JUN26,7369.295302013423,7432.4851625421215
SPX,7300.0,-644.4758623327605,22.86220555677428,0.0,0.0,0.0,0.0,0.0,0.0,7478.7884103418855,7259.80219368496,7588.281518670347,7150.309085356498,JUN26,JUN26,7369.295302013423,7432.4851625421215
SPX,7305.0,-200.55464486275523,4.323149876227768,0.0,0.0,0.0,0.0,0.0,0.0,7478.7884103418855,7259.80219368496,7588.281518670347,7150.309085356498,JUN26,JUN26,7369.295302013423,7432.4851625421215
SPX,7310.0,-102.00975006588754,2.1362298510692304,0.0,0.0,0.0,0.0,0.0,0.0,7478.7884103418855,7259.80219368496,7588.281518670347,7150.309085356498,JUN26,JUN26,7369.295302013423,7432.4851625421215
SPX,7315.0,-39.25011991382004,1.047032694831801,0.0,0.0,0.0,0.0,0.0,0.0,7478.7884103418855,7259.80219368496,7588.281518670347,7150.309085356498,JUN26,JUN26,7369.295302013423,7432.4851625421215
SPX,7320.0,-83.61858723165575,3.033402627078688,0.0,0.0,0.0,0.0,0.0,0.0,7478.7884103418855,7259.80219368496,7588.281518670347,7150.309085356498,JUN26,JUN26,7369.295302013423,7432.4851625421215
SPX,7325.0,-727.9711913080928,16.01896869925327,0.0,0.0,0.0,0.0,0.0,0.0,7478.7884103418855,7259.80219368496,7588.281518670347,7150.309085356498,JUN26,JUN26,7369.295302013423,7432.4851625421215
SPX,7330.0,-120.80702804916024,5.0798895453504365,0.0,0.0,0.0,0.0,0.0,0.0,7478.7884103418855,7259.80219368496,7588.281518670347,7150.309085356498,JUN26,JUN26,7369.295302013423,7432.4851625421215
SPX,7335.0,-77.38872484865755,2.321809784022465,0.0,0.0,0.0,0.0,0.0,0.0,7478.7884103418855,7259.80219368496,7588.281518670347,7150.309085356498,JUN26,JUN26,7369.295302013423,7432.4851625421215
SPX,7340.0,-229.80441255593857,4.743852842296514,0.0,0.0,0.0,0.0,0.0,0.0,7478.7884103418855,7259.80219368496,7588.281518670347,7150.309085356498,JUN26,JUN26,7369.295302013423,7432.4851625421215
SPX,7345.0,-113.08986206419492,2.3002576293470445,0.0,0.0,0.0,0.0,0.0,0.0,7478.7884103418855,7259.80219368496,7588.281518670347,7150.309085356498,JUN26,JUN26,7369.295302013423,7432.4851625421215
SPX,7350.0,-1022.850021400608,27.613405302104947,0.0,0.0,0.0,0.0,0.0,0.0,7478.7884103418855,7259.80219368496,7588.281518670347,7150.309085356498,JUN26,JUN26,7369.295302013423,7432.4851625421215
SPX,7355.0,-32.72041194872889,1.0153105119798238,0.0,0.0,0.0,0.0,0.0,0.0,7478.7884103418855,7259.80219368496,7588.281518670347,7150.309085356498,JUN26,JUN26,7369.295302013423,7432.4851625421215
SPX,7360.0,-229.38521714520522,4.938832114387503,0.0,0.0,0.0,0.0,0.0,0.0,7478.7884103418855,7259.80219368496,7588.281518670347,7150.309085356498,JUN26,JUN26,7369.295302013423,7432.4851625421215
SPX,7365.0,-159.3337234564778,3.21534971757256,0.0,0.0,37.75,33.0,0.0,0.0,7478.7884103418855,7259.80219368496,7588.281518670347,7150.309085356498,JUN26,JUN26,7369.295302013423,7432.4851625421215
SPX,7370.0,-487.1868781442995,9.918288158665456,161.25,4.0,0.0,0.0,0.0,0.0,7478.7884103418855,7259.80219368496,7588.281518670347,7150.309085356498,JUN26,JUN26,7369.295302013423,7432.4851625421215
SPX,7375.0,-2001.4667689620965,44.30185919285411,0.0,0.0,0.0,0.0,0.0,0.0,7478.7884103418855,7259.80219368496,7588.281518670347,7150.309085356498,JUN26,JUN26,7369.295302013423,7432.4851625421215
SPX,7380.0,-1505.0881191780263,30.291199644377198,0.0,0.0,0.0,0.0,0.0,0.0,7478.7884103418855,7259.80219368496,7588.281518670347,7150.309085356498,JUN26,JUN26,7369.295302013423,7432.4851625421215
SPX,7385.0,-34.279493843711954,0.7659135583184871,0.0,0.0,0.0,0.0,0.0,0.0,7478.7884103418855,7259.80219368496,7588.281518670347,7150.309085356498,JUN26,JUN26,7369.295302013423,7432.4851625421215
SPX,7390.0,-67.65957632570978,1.9691393354071562,0.0,0.0,0.0,0.0,0.0,0.0,7478.7884103418855,7259.80219368496,7588.281518670347,7150.309085356498,JUN26,JUN26,7369.295302013423,7432.4851625421215
SPX,7395.0,-15.02124594419681,0.41940771712682695,0.0,0.0,0.0,0.0,0.0,0.0,7478.7884103418855,7259.80219368496,7588.281518670347,7150.309085356498,JUN26,JUN26,7369.295302013423,7432.4851625421215
SPX,7400.0,-425.74471594724105,15.087507811182123,0.0,0.0,0.0,0.0,0.0,0.0,7478.7884103418855,7259.80219368496,7588.281518670347,7150.309085356498,JUN26,JUN26,7369.295302013423,7432.4851625421215
SPX,7405.0,-0.9869750257056509,0.08750626991323882,0.0,0.0,0.0,0.0,0.0,0.0,7478.7884103418855,7259.80219368496,7588.281518670347,7150.309085356498,JUN26,JUN26,7369.295302013423,7432.4851625421215
SPX,7410.0,-35.57708782930504,1.0808211166787587,0.0,0.0,0.0,0.0,0.0,0.0,7478.7884103418855,7259.80219368496,7588.281518670347,7150.309085356498,JUN26,JUN26,7369.295302013423,7432.4851625421215
SPX,7415.0,9.601141891522802,0.19202283783045604,0.0,0.0,0.0,0.0,0.0,0.0,7478.7884103418855,7259.80219368496,7588.281518670347,7150.309085356498,JUN26,JUN26,7369.295302013423,7432.4851625421215
SPX,7420.0,6.125156371212653,1.8212865408002046,0.0,0.0,0.0,0.0,0.0,0.0,7478.7884103418855,7259.80219368496,7588.281518670347,7150.309085356498,JUN26,JUN26,7369.295302013423,7432.4851625421215
SPX,7425.0,132.2587395684802,6.558775808767203,0.0,0.0,0.0,0.0,0.0,0.0,7478.7884103418855,7259.80219368496,7588.281518670347,7150.309085356498,JUN26,JUN26,7369.295302013423,7432.4851625421215
SPX,7430.0,16.808689151671587,0.8689087172622927,0.0,0.0,0.0,0.0,0.0,0.0,7478.7884103418855,7259.80219368496,7588.281518670347,7150.309085356498,JUN26,JUN26,7369.295302013423,7432.4851625421215
SPX,7435.0,1.0381173678268787,0.020762347356537574,0.0,0.0,0.0,0.0,0.0,0.0,7478.7884103418855,7259.80219368496,7588.281518670347,7150.309085356498,JUN26,JUN26,7369.295302013423,7432.4851625421215
SPX,7440.0,39.486800698969724,1.435004951695626,0.0,0.0,0.0,0.0,0.0,0.0,7478.7884103418855,7259.80219368496,7588.281518670347,7150.309085356498,JUN26,JUN26,7369.295302013423,7432.4851625421215
SPX,7445.0,21.280864665448995,0.42561729330897985,0.0,0.0,0.0,0.0,0.0,0.0,7478.7884103418855,7259.80219368496,7588.281518670347,7150.309085356498,JUN26,JUN26,7369.295302013423,7432.4851625421215
SPX,7450.0,-66.30426876170469,4.750130002682026,0.0,0.0,0.0,0.0,0.0,0.0,7478.7884103418855,7259.80219368496,7588.281518670347,7150.309085356498,JUN26,JUN26,7369.295302013423,7432.4851625421215
SPX,7455.0,7.604724597428899,0.152094491948578,0.0,0.0,0.0,0.0,0.0,0.0,7478.7884103418855,7259.80219368496,7588.281518670347,7150.309085356498,JUN26,JUN26,7369.295302013423,7432.4851625421215
SPX,7460.0,32.45518310430761,0.7898909368590439,0.0,0.0,0.0,0.0,0.0,0.0,7478.7884103418855,7259.80219368496,7588.281518670347,7150.309085356498,JUN26,JUN26,7369.295302013423,7432.4851625421215
SPX,7465.0,3.5818467824099685,0.07163693564819937,0.0,0.0,0.0,0.0,0.0,0.0,7478.7884103418855,7259.80219368496,7588.281518670347,7150.309085356498,JUN26,JUN26,7369.295302013423,7432.4851625421215
SPX,7470.0,30.3418960263882,0.6688378347444848,0.0,0.0,0.0,0.0,0.0,0.0,7478.7884103418855,7259.80219368496,7588.281518670347,7150.309085356498,JUN26,JUN26,7369.295302013423,7432.4851625421215
SPX,7475.0,20.173046158306647,2.266563817136268,0.0,0.0,0.0,0.0,0.0,0.0,7478.7884103418855,7259.80219368496,7588.281518670347,7150.309085356498,JUN26,JUN26,7369.295302013423,7432.4851625421215
SPX,7480.0,27.244830402376596,0.5535137369951576,0.0,0.0,0.0,0.0,0.0,0.0,7478.7884103418855,7259.80219368496,7588.281518670347,7150.309085356498,JUN26,JUN26,7369.295302013423,7432.4851625421215
SPX,7485.0,10.620288205323039,0.21240576410646078,0.0,0.0,0.0,0.0,0.0,0.0,7478.7884103418855,7259.80219368496,7588.281518670347,7150.309085356498,JUN26,JUN26,7369.295302013423,7432.4851625421215
SPX,7490.0,22.690435046094272,0.5146102625144802,0.0,0.0,0.0,0.0,0.0,0.0,7478.7884103418855,7259.80219368496,7588.281518670347,7150.309085356498,JUN26,JUN26,7369.295302013423,7432.4851625421215
SPX,7495.0,21.286254439957556,0.4257250887991511,0.0,0.0,0.0,0.0,0.0,0.0,7478.7884103418855,7259.80219368496,7588.281518670347,7150.309085356498,JUN26,JUN26,7369.295302013423,7432.4851625421215
SPX,7500.0,-91.35269429813344,6.721986966754746,0.0,0.0,0.0,0.0,0.0,0.0,7478.7884103418855,7259.80219368496,7588.281518670347,7150.309085356498,JUN26,JUN26,7369.295302013423,7432.4851625421215
SPX,7505.0,21.538029586978826,0.43076059173957654,0.0,0.0,0.0,0.0,0.0,0.0,7478.7884103418855,7259.80219368496,7588.281518670347,7150.309085356498,JUN26,JUN26,7369.295302013423,7432.4851625421215
SPX,7510.0,61.52116512256695,1.230423302451339,0.0,0.0,0.0,0.0,0.0,0.0,7478.7884103418855,7259.80219368496,7588.281518670347,7150.309085356498,JUN26,JUN26,7369.295302013423,7432.4851625421215
SPX,7515.0,29.796494043322735,0.5959298808664548,0.0,0.0,0.0,0.0,0.0,0.0,7478.7884103418855,7259.80219368496,7588.281518670347,7150.309085356498,JUN26,JUN26,7369.295302013423,7432.4851625421215
SPX,7520.0,46.092951135016676,0.9218590227003335,0.0,0.0,0.0,0.0,0.0,0.0,7478.7884103418855,7259.80219368496,7588.281518670347,7150.309085356498,JUN26,JUN26,7369.295302013423,7432.4851625421215
SPX,7525.0,36.98149686621699,1.1876050644286025,0.0,0.0,0.0,0.0,0.0,0.0,7478.7884103418855,7259.80219368496,7588.281518670347,7150.309085356498,JUN26,JUN26,7369.295302013423,7432.4851625421215
SPX,7530.0,44.4098550997934,0.888197101995868,0.0,0.0,0.0,0.0,0.0,0.0,7478.7884103418855,7259.80219368496,7588.281518670347,7150.309085356498,JUN26,JUN26,7369.295302013423,7432.4851625421215
SPX,7535.0,13.567197339286675,0.2713439467857335,0.0,0.0,0.0,0.0,0.0,0.0,7478.7884103418855,7259.80219368496,7588.281518670347,7150.309085356498,JUN26,JUN26,7369.295302013423,7432.4851625421215
SPX,7540.0,60.16375985457994,1.203275197091599,0.0,0.0,0.0,0.0,0.0,0.0,7478.7884103418855,7259.80219368496,7588.281518670347,7150.309085356498,JUN26,JUN26,7369.295302013423,7432.4851625421215
SPX,7545.0,12.394861403389553,0.24789722806779108,0.0,0.0,0.0,0.0,0.0,0.0,7478.7884103418855,7259.80219368496,7588.281518670347,7150.309085356498,JUN26,JUN26,7369.295302013423,7432.4851625421215
SPX,7550.0,-87.45130321192721,9.37642087960344,0.0,0.0,0.0,0.0,0.0,0.0,7478.7884103418855,7259.80219368496,7588.281518670347,7150.309085356498,JUN26,JUN26,7369.295302013423,7432.4851625421215
SPX,7555.0,10.3899196245682,0.207798392491364,0.0,0.0,0.0,0.0,0.0,0.0,7478.7884103418855,7259.80219368496,7588.281518670347,7150.309085356498,JUN26,JUN26,7369.295302013423,7432.4851625421215
SPX,7560.0,46.01040808650055,0.920208161730011,0.0,0.0,0.0,0.0,0.0,0.0,7478.7884103418855,7259.80219368496,7588.281518670347,7150.309085356498,JUN26,JUN26,7369.295302013423,7432.4851625421215
SPX,7565.0,29.850527275985232,0.5970105455197047,0.0,0.0,0.0,0.0,0.0,0.0,7478.7884103418855,7259.80219368496,7588.281518670347,7150.309085356498,JUN26,JUN26,7369.295302013423,7432.4851625421215
SPX,7570.0,18.25787522909105,0.365157504581821,0.0,0.0,0.0,0.0,0.0,0.0,7478.7884103418855,7259.80219368496,7588.281518670347,7150.309085356498,JUN26,JUN26,7369.295302013423,7432.4851625421215
SPX,7575.0,136.61522611421796,3.5140374995648798,0.0,0.0,0.0,0.0,0.0,0.0,7478.7884103418855,7259.80219368496,7588.281518670347,7150.309085356498,JUN26,JUN26,7369.295302013423,7432.4851625421215
SPX,7580.0,20.779495967683868,0.4155899193536774,0.0,0.0,0.0,0.0,0.0,0.0,7478.7884103418855,7259.80219368496,7588.281518670347,7150.309085356498,JUN26,JUN26,7369.295302013423,7432.4851625421215
SPX,7585.0,22.31473893401887,0.4462947786803774,0.0,0.0,0.0,0.0,0.0,0.0,7478.7884103418855,7259.80219368496,7588.281518670347,7150.309085356498,JUN26,JUN26,7369.295302013423,7432.4851625421215
SPX,7590.0,88.65297771817802,1.7730595543635606,0.0,0.0,0.0,0.0,0.0,0.0,7478.7884103418855,7259.80219368496,7588.281518670347,7150.309085356498,JUN26,JUN26,7369.295302013423,7432.4851625421215
SPX,7595.0,23.6481543749934,0.472963087499868,0.0,0.0,0.0,0.0,0.0,0.0,7478.7884103418855,7259.80219368496,7588.281518670347,7150.309085356498,JUN26,JUN26,7369.295302013423,7432.4851625421215
SPX,7600.0,216.88608585637945,6.806792180969885,0.0,0.0,0.0,0.0,0.0,0.0,7478.7884103418855,7259.80219368496,7588.281518670347,7150.309085356498,JUN26,JUN26,7369.295302013423,7432.4851625421215
SPX,7605.0,33.690522666610846,0.6738104533322169,0.0,0.0,0.0,0.0,0.0,0.0,7478.7884103418855,7259.80219368496,7588.281518670347,7150.309085356498,JUN26,JUN26,7369.295302013423,7432.4851625421215
SPX,7610.0,44.15959769764555,0.883191953952911,0.0,0.0,0.0,0.0,0.0,0.0,7478.7884103418855,7259.80219368496,7588.281518670347,7150.309085356498,JUN26,JUN26,7369.295302013423,7432.4851625421215
SPX,7615.0,23.711179271220523,0.4742235854244105,0.0,0.0,0.0,0.0,0.0,0.0,7478.7884103418855,7259.80219368496,7588.281518670347,7150.309085356498,JUN26,JUN26,7369.295302013423,7432.4851625421215
SPX,7620.0,16.621384185711978,0.33242768371423953,0.0,0.0,0.0,0.0,0.0,0.0,7478.7884103418855,7259.80219368496,7588.281518670347,7150.309085356498,JUN26,JUN26,7369.295302013423,7432.4851625421215
SPX,7625.0,67.74887718988924,2.679834616008222,0.0,0.0,0.0,0.0,0.0,0.0,7478.7884103418855,7259.80219368496,7588.281518670347,7150.309085356498,JUN26,JUN26,7369.295302013423,7432.4851625421215
SPX,7630.0,17.406157564037603,0.3481231512807521,0.0,0.0,0.0,0.0,0.0,0.0,7478.7884103418855,7259.80219368496,7588.281518670347,7150.309085356498,JUN26,JUN26,7369.295302013423,7432.4851625421215
SPX,7635.0,8.516459018538297,0.17032918037076594,0.0,0.0,0.0,0.0,0.0,0.0,7478.7884103418855,7259.80219368496,7588.281518670347,7150.309085356498,JUN26,JUN26,7369.295302013423,7432.4851625421215
SPX,7640.0,31.409935174475706,0.6281987034895141,0.0,0.0,0.0,0.0,0.0,0.0,7478.7884103418855,7259.80219368496,7588.281518670347,7150.309085356498,JUN26,JUN26,7369.295302013423,7432.4851625421215
SPX,7645.0,5.321319686599855,0.10642639373199711,0.0,0.0,0.0,0.0,0.0,0.0,7478.7884103418855,7259.80219368496,7588.281518670347,7150.309085356498,JUN26,JUN26,7369.295302013423,7432.4851625421215
SPX,7650.0,12.815352938730218,7.789845306613857,0.0,0.0,0.0,0.0,0.0,0.0,7478.7884103418855,7259.80219368496,7588.281518670347,7150.309085356498,JUN26,JUN26,7369.295302013423,7432.4851625421215
SPX,7655.0,5.597038090377294,0.11194076180754588,0.0,0.0,0.0,0.0,0.0,0.0,7478.7884103418855,7259.80219368496,7588.281518670347,7150.309085356498,JUN26,JUN26,7369.295302013423,7432.4851625421215
SPX,7660.0,18.23862788001881,0.36477255760037625,0.0,0.0,0.0,0.0,0.0,0.0,7478.7884103418855,7259.80219368496,7588.281518670347,7150.309085356498,JUN26,JUN26,7369.295302013423,7432.4851625421215
SPX,7665.0,5.281571491304812,0.10563142982609625,0.0,0.0,0.0,0.0,0.0,0.0,7478.7884103418855,7259.80219368496,7588.281518670347,7150.309085356498,JUN26,JUN26,7369.295302013423,7432.4851625421215
SPX,7670.0,70.68487956645902,1.4136975913291805,0.0,0.0,0.0,0.0,0.0,0.0,7478.7884103418855,7259.80219368496,7588.281518670347,7150.309085356498,JUN26,JUN26,7369.295302013423,7432.4851625421215
SPX,7675.0,31.54847389271689,0.6340873262401311,0.0,0.0,0.0,0.0,0.0,0.0,7478.7884103418855,7259.80219368496,7588.281518670347,7150.309085356498,JUN26,JUN26,7369.295302013423,7432.4851625421215
SPX,7680.0,15.034663355359703,0.3006932671071941,0.0,0.0,0.0,0.0,0.0,0.0,7478.7884103418855,7259.80219368496,7588.281518670347,7150.309085356498,JUN26,JUN26,7369.295302013423,7432.4851625421215
SPX,7685.0,4.640259917169737,0.09280519834339475,0.0,0.0,0.0,0.0,0.0,0.0,7478.7884103418855,7259.80219368496,7588.281518670347,7150.309085356498,JUN26,JUN26,7369.295302013423,7432.4851625421215
SPX,7690.0,59.30714596435727,1.1861429192871453,0.0,0.0,0.0,0.0,0.0,0.0,7478.7884103418855,7259.80219368496,7588.281518670347,7150.309085356498,JUN26,JUN26,7369.295302013423,7432.4851625421215
SPX,7695.0,4.465019292833948,0.08930038585667897,0.0,0.0,0.0,0.0,0.0,0.0,7478.7884103418855,7259.80219368496,7588.281518670347,7150.309085356498,JUN26,JUN26,7369.295302013423,7432.4851625421215
SPX,7700.0,97.46403653930552,6.492895008045901,0.0,0.0,0.0,0.0,0.0,0.0,7478.7884103418855,7259.80219368496,7588.281518670347,7150.309085356498,JUN26,JUN26,7369.295302013423,7432.4851625421215
SPX,7705.0,6.651587654170585,0.13303175308341172,0.0,0.0,0.0,0.0,0.0,0.0,7478.7884103418855,7259.80219368496,7588.281518670347,7150.309085356498,JUN26,JUN26,7369.295302013423,7432.4851625421215
SPX,7710.0,6.998428548177725,0.1399685709635545,0.0,0.0,0.0,0.0,0.0,0.0,7478.7884103418855,7259.80219368496,7588.281518670347,7150.309085356498,JUN26,JUN26,7369.295302013423,7432.4851625421215
SPX,7715.0,1.3529903182966336,0.027059806365932675,0.0,0.0,0.0,0.0,0.0,0.0,7478.7884103418855,7259.80219368496,7588.281518670347,7150.309085356498,JUN26,JUN26,7369.295302013423,7432.4851625421215
SPX,7720.0,6.4001975667951,0.128003951335902,0.0,0.0,0.0,0.0,0.0,0.0,7478.7884103418855,7259.80219368496,7588.281518670347,7150.309085356498,JUN26,JUN26,7369.295302013423,7432.4851625421215
SPX,7725.0,38.86907704757636,0.7773815409515271,0.0,0.0,0.0,0.0,0.0,0.0,7478.7884103418855,7259.80219368496,7588.281518670347,7150.309085356498,JUN26,JUN26,7369.295302013423,7432.4851625421215
SPX,7730.0,14.944544607755695,0.2988908921551139,0.0,0.0,0.0,0.0,0.0,0.0,7478.7884103418855,7259.80219368496,7588.281518670347,7150.309085356498,JUN26,JUN26,7369.295302013423,7432.4851625421215
SPX,7735.0,2.932003164039879,0.05864006328079757,0.0,0.0,0.0,0.0,0.0,0.0,7478.7884103418855,7259.80219368496,7588.281518670347,7150.309085356498,JUN26,JUN26,7369.295302013423,7432.4851625421215
SPX,7740.0,14.70049715588954,0.29400994311779083,0.0,0.0,0.0,0.0,0.0,0.0,7478.7884103418855,7259.80219368496,7588.281518670347,7150.309085356498,JUN26,JUN26,7369.295302013423,7432.4851625421215
SPX,7745.0,1.1264559848190856,0.022529119696381713,0.0,0.0,0.0,0.0,0.0,0.0,7478.7884103418855,7259.80219368496,7588.281518670347,7150.309085356498,JUN26,JUN26,7369.295302013423,7432.4851625421215
SPX,7750.0,25.05704332145998,5.003301804139795,0.0,0.0,0.0,0.0,0.0,0.0,7478.7884103418855,7259.80219368496,7588.281518670347,7150.309085356498,JUN26,JUN26,7369.295302013423,7432.4851625421215
SPX,7755.0,1.0716562607843343,0.021433125215686685,0.0,0.0,0.0,0.0,0.0,0.0,7478.7884103418855,7259.80219368496,7588.281518670347,7150.309085356498,JUN26,JUN26,7369.295302013423,7432.4851625421215
SPX,7760.0,46.05746741453436,0.9211493482906872,0.0,0.0,0.0,0.0,0.0,0.0,7478.7884103418855,7259.80219368496,7588.281518670347,7150.309085356498,JUN26,JUN26,7369.295302013423,7432.4851625421215
SPX,7765.0,0.6470339690736872,0.012940679381473745,0.0,0.0,0.0,0.0,0.0,0.0,7478.7884103418855,7259.80219368496,7588.281518670347,7150.309085356498,JUN26,JUN26,7369.295302013423,7432.4851625421215
SPX,7770.0,16.499839641216237,0.32999679282432476,0.0,0.0,0.0,0.0,0.0,0.0,7478.7884103418855,7259.80219368496,7588.281518670347,7150.309085356498,JUN26,JUN26,7369.295302013423,7432.4851625421215
SPX,7775.0,27.689015748250952,0.553780314965019,0.0,0.0,0.0,0.0,0.0,0.0,7478.7884103418855,7259.80219368496,7588.281518670347,7150.309085356498,JUN26,JUN26,7369.295302013423,7432.4851625421215
SPX,7780.0,9.010462041134026,0.18020924082268053,0.0,0.0,0.0,0.0,0.0,0.0,7478.7884103418855,7259.80219368496,7588.281518670347,7150.309085356498,JUN26,JUN26,7369.295302013423,7432.4851625421215
SPX,7785.0,1.061964976001856,0.02123929952003712,0.0,0.0,0.0,0.0,0.0,0.0,7478.7884103418855,7259.80219368496,7588.281518670347,7150.309085356498,JUN26,JUN26,7369.295302013423,7432.4851625421215
SPX,7790.0,6.239920848753287,0.12479841697506575,0.0,0.0,0.0,0.0,0.0,0.0,7478.7884103418855,7259.80219368496,7588.281518670347,7150.309085356498,JUN26,JUN26,7369.295302013423,7432.4851625421215
SPX,7795.0,2.0643365329388046,0.04128673065877609,0.0,0.0,0.0,0.0,0.0,0.0,7478.7884103418855,7259.80219368496,7588.281518670347,7150.309085356498,JUN26,JUN26,7369.295302013423,7432.4851625421215
SPX,7800.0,133.8615592976539,3.778241973358329,0.0,0.0,0.0,0.0,0.0,0.0,7478.7884103418855,7259.80219368496,7588.281518670347,7150.309085356498,JUN26,JUN26,7369.295302013423,7432.4851625421215
SPX,7805.0,1.135076415871395,0.022701528317427902,0.0,0.0,0.0,0.0,0.0,0.0,7478.7884103418855,7259.80219368496,7588.281518670347,7150.309085356498,JUN26,JUN26,7369.295302013423,7432.4851625421215
SPX,7810.0,32.264551494419386,0.6452910298883877,0.0,0.0,0.0,0.0,0.0,0.0,7478.7884103418855,7259.80219368496,7588.281518670347,7150.309085356498,JUN26,JUN26,7369.295302013423,7432.4851625421215
SPX,7815.0,1.5989998783439776,0.03197999756687955,0.0,0.0,0.0,0.0,0.0,0.0,7478.7884103418855,7259.80219368496,7588.281518670347,7150.309085356498,JUN26,JUN26,7369.295302013423,7432.4851625421215
SPX,7820.0,4.2427105729524115,0.08485421145904823,0.0,0.0,0.0,0.0,0.0,0.0,7478.7884103418855,7259.80219368496,7588.281518670347,7150.309085356498,JUN26,JUN26,7369.295302013423,7432.4851625421215
SPX,7825.0,26.70854924187603,0.5341709848375207,0.0,0.0,0.0,0.0,0.0,0.0,7478.7884103418855,7259.80219368496,7588.281518670347,7150.309085356498,JUN26,JUN26,7369.295302013423,7432.4851625421215
SPX,7830.0,28.126348351249344,0.562526967024987,0.0,0.0,0.0,0.0,0.0,0.0,7478.7884103418855,7259.80219368496,7588.281518670347,7150.309085356498,JUN26,JUN26,7369.295302013423,7432.4851625421215
SPX,7835.0,2.0274063858687406,0.040548127717374816,0.0,0.0,0.0,0.0,0.0,0.0,7478.7884103418855,7259.80219368496,7588.281518670347,7150.309085356498,JUN26,JUN26,7369.295302013423,7432.4851625421215
SPX,7840.0,4.692116164110979,0.09384232328221959,0.0,0.0,0.0,0.0,0.0,0.0,7478.7884103418855,7259.80219368496,7588.281518670347,7150.309085356498,JUN26,JUN26,7369.295302013423,7432.4851625421215
SPX,7845.0,0.30006231823873786,0.006001246364774757,0.0,0.0,0.0,0.0,0.0,0.0,7478.7884103418855,7259.80219368496,7588.281518670347,7150.309085356498,JUN26,JUN26,7369.295302013423,7432.4851625421215
SPX,7850.0,98.8373288009169,2.3782920488842847,0.0,0.0,0.0,0.0,0.0,0.0,7478.7884103418855,7259.80219368496,7588.281518670347,7150.309085356498,JUN26,JUN26,7369.295302013423,7432.4851625421215
SPX,7855.0,0.0785238472358235,0.0015704769447164699,0.0,0.0,0.0,0.0,0.0,0.0,7478.7884103418855,7259.80219368496,7588.281518670347,7150.309085356498,JUN26,JUN26,7369.295302013423,7432.4851625421215
SPX,7860.0,3.9591122439579873,0.07918224487915976,0.0,0.0,0.0,0.0,0.0,0.0,7478.7884103418855,7259.80219368496,7588.281518670347,7150.309085356498,JUN26,JUN26,7369.295302013423,7432.4851625421215
SPX,7865.0,0.24191272815569514,0.004838254563113902,0.0,0.0,0.0,0.0,0.0,0.0,7478.7884103418855,7259.80219368496,7588.281518670347,7150.309085356498,JUN26,JUN26,7369.295302013423,7432.4851625421215
SPX,7870.0,2.6707250804582725,0.05341450160916545,0.0,0.0,0.0,0.0,0.0,0.0,7478.7884103418855,7259.80219368496,7588.281518670347,7150.309085356498,JUN26,JUN26,7369.295302013423,7432.4851625421215
SPX,7875.0,11.973953259005658,0.23947906518011314,0.0,0.0,0.0,0.0,0.0,0.0,7478.7884103418855,7259.80219368496,7588.281518670347,7150.309085356498,JUN26,JUN26,7369.295302013423,7432.4851625421215
SPX,7880.0,1.8632613453024145,0.03726522690604829,0.0,0.0,0.0,0.0,0.0,0.0,7478.7884103418855,7259.80219368496,7588.281518670347,7150.309085356498,JUN26,JUN26,7369.295302013423,7432.4851625421215
SPX,7885.0,0.47636660371118816,0.009527332074223764,0.0,0.0,0.0,0.0,0.0,0.0,7478.7884103418855,7259.80219368496,7588.281518670347,7150.309085356498,JUN26,JUN26,7369.295302013423,7432.4851625421215
SPX,7890.0,5.3497541299951585,0.10699508259990317,0.0,0.0,0.0,0.0,0.0,0.0,7478.7884103418855,7259.80219368496,7588.281518670347,7150.309085356498,JUN26,JUN26,7369.295302013423,7432.4851625421215
SPX,7895.0,0.0023321225623021986,4.6642451246043974e-05,0.0,0.0,0.0,0.0,0.0,0.0,7478.7884103418855,7259.80219368496,7588.281518670347,7150.309085356498,JUN26,JUN26,7369.295302013423,7432.4851625421215
SPX,7900.0,156.38646106389254,3.5737745832519905,0.0,0.0,0.0,0.0,0.0,0.0,7478.7884103418855,7259.80219368496,7588.281518670347,7150.309085356498,JUN26,JUN26,7369.295302013423,7432.4851625421215
SPX,7905.0,0.007255034686859084,0.0001451006937371817,0.0,0.0,0.0,0.0,0.0,0.0,7478.7884103418855,7259.80219368496,7588.281518670347,7150.309085356498,JUN26,JUN26,7369.295302013423,7432.4851625421215
SPX,7910.0,3.3046663580683626,0.06609332716136725,0.0,0.0,0.0,0.0,0.0,0.0,7478.7884103418855,7259.80219368496,7588.281518670347,7150.309085356498,JUN26,JUN26,7369.295302013423,7432.4851625421215
SPX,7915.0,0.0016775657029001146,3.355131405800229e-05,0.0,0.0,0.0,0.0,0.0,0.0,7478.7884103418855,7259.80219368496,7588.281518670347,7150.309085356498,JUN26,JUN26,7369.295302013423,7432.4851625421215
SPX,7920.0,2.1970579908195718,0.043941159816391434,0.0,0.0,0.0,0.0,0.0,0.0,7478.7884103418855,7259.80219368496,7588.281518670347,7150.309085356498,JUN26,JUN26,7369.295302013423,7432.4851625421215
SPX,7925.0,10.157788309973295,0.20315576619946588,0.0,0.0,0.0,0.0,0.0,0.0,7478.7884103418855,7259.80219368496,7588.281518670347,7150.309085356498,JUN26,JUN26,7369.295302013423,7432.4851625421215
SPX,7930.0,3.2128056206163067,0.06425611241232614,0.0,0.0,0.0,0.0,0.0,0.0,7478.7884103418855,7259.80219368496,7588.281518670347,7150.309085356498,JUN26,JUN26,7369.295302013423,7432.4851625421215
SPX,7940.0,1.9712617683262408,0.03942523536652481,0.0,0.0,0.0,0.0,0.0,0.0,7478.7884103418855,7259.80219368496,7588.281518670347,7150.309085356498,JUN26,JUN26,7369.295302013423,7432.4851625421215
SPX,7950.0,78.50154977368248,1.6983486332823137,0.0,0.0,0.0,0.0,0.0,0.0,7478.7884103418855,7259.80219368496,7588.281518670347,7150.309085356498,JUN26,JUN26,7369.295302013423,7432.4851625421215
SPX,7960.0,4.87659355642374,0.09753187112847478,0.0,0.0,0.0,0.0,0.0,0.0,7478.7884103418855,7259.80219368496,7588.281518670347,7150.309085356498,JUN26,JUN26,7369.295302013423,7432.4851625421215
SPX,7970.0,3.6104502411064057,0.07220900482212811,0.0,0.0,0.0,0.0,0.0,0.0,7478.7884103418855,7259.80219368496,7588.281518670347,7150.309085356498,JUN26,JUN26,7369.295302013423,7432.4851625421215
SPX,7975.0,10.998402990610376,0.21996805981220754,0.0,0.0,0.0,0.0,0.0,0.0,7478.7884103418855,7259.80219368496,7588.281518670347,7150.309085356498,JUN26,JUN26,7369.295302013423,7432.4851625421215
SPX,7980.0,1.2550425337213116,0.02510085067442623,0.0,0.0,0.0,0.0,0.0,0.0,7478.7884103418855,7259.80219368496,7588.281518670347,7150.309085356498,JUN26,JUN26,7369.295302013423,7432.4851625421215
SPX,7990.0,1.811537143797985,0.0362307428759597,0.0,0.0,0.0,0.0,0.0,0.0,7478.7884103418855,7259.80219368496,7588.281518670347,7150.309085356498,JUN26,JUN26,7369.295302013423,7432.4851625421215
SPX,8000.0,114.07493522898882,2.3411893171855334,0.0,0.0,0.0,0.0,0.0,0.0,7478.7884103418855,7259.80219368496,7588.281518670347,7150.309085356498,JUN26,JUN26,7369.295302013423,7432.4851625421215
SPX,8010.0,1.28322520889559,0.0256645041779118,0.0,0.0,0.0,0.0,0.0,0.0,7478.7884103418855,7259.80219368496,7588.281518670347,7150.309085356498,JUN26,JUN26,7369.295302013423,7432.4851625421215
SPX,8020.0,1.4975205556173024,0.029950411112346045,0.0,0.0,0.0,0.0,0.0,0.0,7478.7884103418855,7259.80219368496,7588.281518670347,7150.309085356498,JUN26,JUN26,7369.295302013423,7432.4851625421215
SPX,8025.0,19.87957755345792,0.39759155106915833,0.0,0.0,0.0,0.0,0.0,0.0,7478.7884103418855,7259.80219368496,7588.281518670347,7150.309085356498,JUN26,JUN26,7369.295302013423,7432.4851625421215
SPX,8030.0,0.811450097206174,0.01622900194412348,0.0,0.0,0.0,0.0,0.0,0.0,7478.7884103418855,7259.80219368496,7588.281518670347,7150.309085356498,JUN26,JUN26,7369.295302013423,7432.4851625421215
SPX,8040.0,0.7382251857130153,0.014764503714260307,0.0,0.0,0.0,0.0,0.0,0.0,7478.7884103418855,7259.80219368496,7588.281518670347,7150.309085356498,JUN26,JUN26,7369.295302013423,7432.4851625421215
SPX,8050.0,78.43330738616076,1.698741474330064,0.0,0.0,0.0,0.0,0.0,0.0,7478.7884103418855,7259.80219368496,7588.281518670347,7150.309085356498,JUN26,JUN26,7369.295302013423,7432.4851625421215
SPX,8060.0,1.4136019974353353,0.02827203994870671,0.0,0.0,0.0,0.0,0.0,0.0,7478.7884103418855,7259.80219368496,7588.281518670347,7150.309085356498,JUN26,JUN26,7369.295302013423,7432.4851625421215
SPX,8070.0,0.9949205905505647,0.019898411811011298,0.0,0.0,0.0,0.0,0.0,0.0,7478.7884103418855,7259.80219368496,7588.281518670347,7150.309085356498,JUN26,JUN26,7369.295302013423,7432.4851625421215
SPX,8075.0,7.002043270135911,0.14004086540271823,0.0,0.0,0.0,0.0,0.0,0.0,7478.7884103418855,7259.80219368496,7588.281518670347,7150.309085356498,JUN26,JUN26,7369.295302013423,7432.4851625421215
SPX,8080.0,1.3177125727446775,0.02635425145489355,0.0,0.0,0.0,0.0,0.0,0.0,7478.7884103418855,7259.80219368496,7588.281518670347,7150.309085356498,JUN26,JUN26,7369.295302013423,7432.4851625421215
SPX,8100.0,91.37927963017114,1.9204431186672613,0.0,0.0,0.0,0.0,0.0,0.0,7478.7884103418855,7259.80219368496,7588.281518670347,7150.309085356498,JUN26,JUN26,7369.295302013423,7432.4851625421215
SPX,8120.0,0.5777638603367518,0.011555277206735035,0.0,0.0,0.0,0.0,0.0,0.0,7478.7884103418855,7259.80219368496,7588.281518670347,7150.309085356498,JUN26,JUN26,7369.295302013423,7432.4851625421215
SPX,8125.0,19.521509032401358,0.39043018064802715,0.0,0.0,0.0,0.0,0.0,0.0,7478.7884103418855,7259.80219368496,7588.281518670347,7150.309085356498,JUN26,JUN26,7369.295302013423,7432.4851625421215
SPX,8150.0,86.18797285634065,1.7267508568722263,0.0,0.0,0.0,0.0,0.0,0.0,7478.7884103418855,7259.80219368496,7588.281518670347,7150.309085356498,JUN26,JUN26,7369.295302013423,7432.4851625421215
SPX,8175.0,13.131893013663293,0.26263786027326586,0.0,0.0,0.0,0.0,0.0,0.0,7478.7884103418855,7259.80219368496,7588.281518670347,7150.309085356498,JUN26,JUN26,7369.295302013423,7432.4851625421215
SPX,8200.0,50.588953994468675,1.0279696120981616,0.0,0.0,0.0,0.0,0.0,0.0,7478.7884103418855,7259.80219368496,7588.281518670347,7150.309085356498,JUN26,JUN26,7369.295302013423,7432.4851625421215
SPX,8220.0,0.04285449993076937,0.0008570899986153874,0.0,0.0,0.0,0.0,0.0,0.0,7478.7884103418855,7259.80219368496,7588.281518670347,7150.309085356498,JUN26,JUN26,7369.295302013423,7432.4851625421215
SPX,8225.0,5.759562004766335,0.11519124009532669,0.0,0.0,0.0,0.0,0.0,0.0,7478.7884103418855,7259.80219368496,7588.281518670347,7150.309085356498,JUN26,JUN26,7369.295302013423,7432.4851625421215
SPX,8240.0,0.17926665699487568,0.0035853331398975137,0.0,0.0,0.0,0.0,0.0,0.0,7478.7884103418855,7259.80219368496,7588.281518670347,7150.309085356498,JUN26,JUN26,7369.295302013423,7432.4851625421215
SPX,8250.0,53.345067961939634,1.0669013592387928,0.0,0.0,0.0,0.0,0.0,0.0,7478.7884103418855,7259.80219368496,7588.281518670347,7150.309085356498,JUN26,JUN26,7369.295302013423,7432.4851625421215
SPX,8275.0,2.939291337031941,0.05878582674063882,0.0,0.0,0.0,0.0,0.0,0.0,7478.7884103418855,7259.80219368496,7588.281518670347,7150.309085356498,JUN26,JUN26,7369.295302013423,7432.4851625421215
SPX,8300.0,93.3880549466121,1.8677610989322422,0.0,0.0,0.0,0.0,0.0,0.0,7478.7884103418855,7259.80219368496,7588.281518670347,7150.309085356498,JUN26,JUN26,7369.295302013423,7432.4851625421215
SPX,8325.0,3.283177363694136,0.06566354727388272,0.0,0.0,0.0,0.0,0.0,0.0,7478.7884103418855,7259.80219368496,7588.281518670347,7150.309085356498,JUN26,JUN26,7369.295302013423,7432.4851625421215
SPX,8350.0,48.47780996815268,0.9695561993630535,0.0,0.0,0.0,0.0,0.0,0.0,7478.7884103418855,7259.80219368496,7588.281518670347,7150.309085356498,JUN26,JUN26,7369.295302013423,7432.4851625421215
SPX,8375.0,1.9032167369737834,0.038064334739475666,0.0,0.0,0.0,0.0,0.0,0.0,7478.7884103418855,7259.80219368496,7588.281518670347,7150.309085356498,JUN26,JUN26,7369.295302013423,7432.4851625421215
SPX,8400.0,68.62323918792092,1.3724647837584183,0.0,0.0,0.0,0.0,0.0,0.0,7478.7884103418855,7259.80219368496,7588.281518670347,7150.309085356498,JUN26,JUN26,7369.295302013423,7432.4851625421215
SPX,8425.0,3.66983962610891,0.0733967925221782,0.0,0.0,0.0,0.0,0.0,0.0,7478.7884103418855,7259.80219368496,7588.281518670347,7150.309085356498,JUN26,JUN26,7369.295302013423,7432.4851625421215
SPX,8450.0,36.09447393184659,0.7218894786369318,0.0,0.0,0.0,0.0,0.0,0.0,7478.7884103418855,7259.80219368496,7588.281518670347,7150.309085356498,JUN26,JUN26,7369.295302013423,7432.4851625421215
SPX,8500.0,81.48031662239494,1.6296063324478987,0.0,0.0,0.0,0.0,0.0,0.0,7478.7884103418855,7259.80219368496,7588.281518670347,7150.309085356498,JUN26,JUN26,7369.295302013423,7432.4851625421215
SPX,8550.0,39.723714330553605,0.794474286611072,0.0,0.0,0.0,0.0,0.0,0.0,7478.7884103418855,7259.80219368496,7588.281518670347,7150.309085356498,JUN26,JUN26,7369.295302013423,7432.4851625421215
SPX,8600.0,36.634796068837105,0.7326959213767421,0.0,0.0,0.0,0.0,0.0,0.0,7478.7884103418855,7259.80219368496,7588.281518670347,7150.309085356498,JUN26,JUN26,7369.295302013423,7432.4851625421215
SPX,8650.0,33.52916230577028,0.6705832461154057,0.0,0.0,0.0,0.0,0.0,0.0,7478.7884103418855,7259.80219368496,7588.281518670347,7150.309085356498,JUN26,JUN26,7369.295302013423,7432.4851625421215
SPX,8700.0,52.52892638931968,1.0505785277863937,0.0,0.0,0.0,0.0,0.0,0.0,7478.7884103418855,7259.80219368496,7588.281518670347,7150.309085356498,JUN26,JUN26,7369.295302013423,7432.4851625421215
SPX,8750.0,17.43007924268732,0.3486015848537464,0.0,0.0,0.0,0.0,0.0,0.0,7478.7884103418855,7259.80219368496,7588.281518670347,7150.309085356498,JUN26,JUN26,7369.295302013423,7432.4851625421215
SPX,8800.0,47.46723875247656,0.9493447750495312,0.0,0.0,0.0,0.0,0.0,0.0,7478.7884103418855,7259.80219368496,7588.281518670347,7150.309085356498,JUN26,JUN26,7369.295302013423,7432.4851625421215
SPX,8850.0,6.489872020745395,0.1297974404149079,0.0,0.0,0.0,0.0,0.0,0.0,7478.7884103418855,7259.80219368496,7588.281518670347,7150.309085356498,JUN26,JUN26,7369.295302013423,7432.4851625421215
SPX,8900.0,21.005344558239525,0.4201068911647905,0.0,0.0,0.0,0.0,0.0,0.0,7478.7884103418855,7259.80219368496,7588.281518670347,7150.309085356498,JUN26,JUN26,7369.295302013423,7432.4851625421215
SPX,8950.0,3.9253423631354036,0.07850684726270807,0.0,0.0,0.0,0.0,0.0,0.0,7478.7884103418855,7259.80219368496,7588.281518670347,7150.309085356498,JUN26,JUN26,7369.295302013423,7432.4851625421215
SPX,9000.0,43.724312007990136,0.8744862401598028,0.0,0.0,0.0,0.0,0.0,0.0,7478.7884103418855,7259.80219368496,7588.281518670347,7150.309085356498,JUN26,JUN26,7369.295302013423,7432.4851625421215
SPX,9050.0,1.4296997946063055,0.02859399589212611,0.0,0.0,0.0,0.0,0.0,0.0,7478.7884103418855,7259.80219368496,7588.281518670347,7150.309085356498,JUN26,JUN26,7369.295302013423,7432.4851625421215
SPX,9100.0,41.000041944444256,0.8200008388888851,0.0,0.0,0.0,0.0,0.0,0.0,7478.7884103418855,7259.80219368496,7588.281518670347,7150.309085356498,JUN26,JUN26,7369.295302013423,7432.4851625421215
SPX,9150.0,0.2464062101100098,0.0049281242022001966,0.0,0.0,0.0,0.0,0.0,0.0,7478.7884103418855,7259.80219368496,7588.281518670347,7150.309085356498,JUN26,JUN26,7369.295302013423,7432.4851625421215
SPX,9200.0,37.8007437477707,0.7560148749554142,0.0,0.0,0.0,0.0,0.0,0.0,7478.7884103418855,7259.80219368496,7588.281518670347,7150.309085356498,JUN26,JUN26,7369.295302013423,7432.4851625421215
SPX,9250.0,0.08039235835976276,0.0016078471671952552,0.0,0.0,0.0,0.0,0.0,0.0,7478.7884103418855,7259.80219368496,7588.281518670347,7150.309085356498,JUN26,JUN26,7369.295302013423,7432.4851625421215
SPX,9300.0,6.090355988044175,0.1218071197608835,0.0,0.0,0.0,0.0,0.0,0.0,7478.7884103418855,7259.80219368496,7588.281518670347,7150.309085356498,JUN26,JUN26,7369.295302013423,7432.4851625421215
SPX,9400.0,13.34912212974081,0.2669824425948162,0.0,0.0,0.0,0.0,0.0,0.0,7478.7884103418855,7259.80219368496,7588.281518670347,7150.309085356498,JUN26,JUN26,7369.295302013423,7432.4851625421215
SPX,9500.0,3.6637141425989155,0.0732742828519783,0.0,0.0,0.0,0.0,0.0,0.0,7478.7884103418855,7259.80219368496,7588.281518670347,7150.309085356498,JUN26,JUN26,7369.295302013423,7432.4851625421215
SPX,9600.0,18.219237516815625,0.3643847503363125,0.0,0.0,0.0,0.0,0.0,0.0,7478.7884103418855,7259.80219368496,7588.281518670347,7150.309085356498,JUN26,JUN26,7369.295302013423,7432.4851625421215
SPX,9700.0,0.43992376851782655,0.008798475370356532,0.0,0.0,0.0,0.0,0.0,0.0,7478.7884103418855,7259.80219368496,7588.281518670347,7150.309085356498,JUN26,JUN26,7369.295302013423,7432.4851625421215
SPX,9800.0,11.980484601119016,0.23960969202238033,0.0,0.0,0.0,0.0,0.0,0.0,7478.7884103418855,7259.80219368496,7588.281518670347,7150.309085356498,JUN26,JUN26,7369.295302013423,7432.4851625421215
SPX,9900.0,0.052667018313921225,0.0010533403662784245,0.0,0.0,0.0,0.0,0.0,0.0,7478.7884103418855,7259.80219368496,7588.281518670347,7150.309085356498,JUN26,JUN26,7369.295302013423,7432.4851625421215
SPX,10000.0,11.953008718285675,0.2390601743657135,0.0,0.0,0.0,0.0,0.0,0.0,7478.7884103418855,7259.80219368496,7588.281518670347,7150.309085356498,JUN26,JUN26,7369.295302013423,7432.4851625421215
SPX,10100.0,0.14068892609193093,0.0028137785218386186,0.0,0.0,0.0,0.0,0.0,0.0,7478.7884103418855,7259.80219368496,7588.281518670347,7150.309085356498,JUN26,JUN26,7369.295302013423,7432.4851625421215
SPX,10200.0,6.20883554422338,0.1241767108844676,0.0,0.0,0.0,0.0,0.0,0.0,7478.7884103418855,7259.80219368496,7588.281518670347,7150.309085356498,JUN26,JUN26,7369.295302013423,7432.4851625421215
SPX,10300.0,0.037031020911328594,0.0007406204182265719,0.0,0.0,0.0,0.0,0.0,0.0,7478.7884103418855,7259.80219368496,7588.281518670347,7150.309085356498,JUN26,JUN26,7369.295302013423,7432.4851625421215
SPX,10400.0,3.194694474683933,0.06389388949367866,0.0,0.0,0.0,0.0,0.0,0.0,7478.7884103418855,7259.80219368496,7588.281518670347,7150.309085356498,JUN26,JUN26,7369.295302013423,7432.4851625421215
SPX,10500.0,1.2093312878539006,0.02418662575707801,0.0,0.0,0.0,0.0,0.0,0.0,7478.7884103418855,7259.80219368496,7588.281518670347,7150.309085356498,JUN26,JUN26,7369.295302013423,7432.4851625421215
SPX,10600.0,2.175626330394872,0.04351252660789745,0.0,0.0,0.0,0.0,0.0,0.0,7478.7884103418855,7259.80219368496,7588.281518670347,7150.309085356498,JUN26,JUN26,7369.295302013423,7432.4851625421215
SPX,10800.0,1.6825114549900713,0.03365022909980143,0.0,0.0,0.0,0.0,0.0,0.0,7478.7884103418855,7259.80219368496,7588.281518670347,7150.309085356498,JUN26,JUN26,7369.295302013423,7432.4851625421215
SPX,11000.0,1.3886294513919737,0.027772589027839474,0.0,0.0,0.0,0.0,0.0,0.0,7478.7884103418855,7259.80219368496,7588.281518670347,7150.309085356498,JUN26,JUN26,7369.295302013423,7432.4851625421215
SPX,11200.0,1.1150913845805877,0.02230182769161175,0.0,0.0,0.0,0.0,0.0,0.0,7478.7884103418855,7259.80219368496,7588.281518670347,7150.309085356498,JUN26,JUN26,7369.295302013423,7432.4851625421215
SPX,11400.0,0.030907202512980785,0.0006181440502596156,0.0,0.0,0.0,0.0,0.0,0.0,7478.7884103418855,7259.80219368496,7588.281518670347,7150.309085356498,JUN26,JUN26,7369.295302013423,7432.4851625421215
SPX,11500.0,1.4315743586422383,0.028631487172844763,0.0,0.0,0.0,0.0,0.0,0.0,7478.7884103418855,7259.80219368496,7588.281518670347,7150.309085356498,JUN26,JUN26,7369.295302013423,7432.4851625421215
SPX,11600.0,0.06514589749552901,0.0013029179499105803,0.0,0.0,0.0,0.0,0.0,0.0,7478.7884103418855,7259.80219368496,7588.281518670347,7150.309085356498,JUN26,JUN26,7369.295302013423,7432.4851625421215
SPX,12000.0,1.7418859291948239,0.034837718583896476,0.0,0.0,0.0,0.0,0.0,0.0,7478.7884103418855,7259.80219368496,7588.281518670347,7150.309085356498,JUN26,JUN26,7369.295302013423,7432.4851625421215
SPX,12200.0,0.01967301661707051,0.00039346033234141024,0.0,0.0,0.0,0.0,0.0,0.0,7478.7884103418855,7259.80219368496,7588.281518670347,7150.309085356498,JUN26,JUN26,7369.295302013423,7432.4851625421215
SPX,12600.0,0.03571760456205836,0.0007143520912411671,0.0,0.0,0.0,0.0,0.0,0.0,7478.7884103418855,7259.80219368496,7588.281518670347,7150.309085356498,JUN26,JUN26,7369.295302013423,7432.4851625421215
