Currency,Strike,Total_GEX,Total_Abs_Gamma,Daily_Call_Settle,Daily_Call_OI,Daily_Put_Settle,Daily_Put_OI,Global_Call_OI,Global_Put_OI,R68_High,R68_Low,R95_High,R95_Low,Global_Month,Daily_Month,Futures_Spot,Gamma_Flip
XAU,1350.0,0.0,0.0,0.0,0.0,0.0,0.0,0.0,0.0,4062.967187467301,4033.1439236438105,4077.8788193790456,4018.2322917320657,AUG26,JUL26,4048.0555555555557,2258.505953441714
XAU,1375.0,0.0,0.0,0.0,0.0,0.0,0.0,0.0,0.0,4062.967187467301,4033.1439236438105,4077.8788193790456,4018.2322917320657,AUG26,JUL26,4048.0555555555557,2258.505953441714
XAU,1400.0,0.0,0.0,0.0,0.0,0.0,0.0,0.0,0.0,4062.967187467301,4033.1439236438105,4077.8788193790456,4018.2322917320657,AUG26,JUL26,4048.0555555555557,2258.505953441714
XAU,1500.0,-0.00017894273723583517,1.7894273723583518e-06,0.0,0.0,0.0,0.0,0.0,0.0,4062.967187467301,4033.1439236438105,4077.8788193790456,4018.2322917320657,AUG26,JUL26,4048.0555555555557,2258.505953441714
XAU,1600.0,0.0,0.0,0.0,0.0,0.0,0.0,0.0,0.0,4062.967187467301,4033.1439236438105,4077.8788193790456,4018.2322917320657,AUG26,JUL26,4048.0555555555557,2258.505953441714
XAU,1700.0,0.0,0.0,0.0,0.0,0.0,0.0,0.0,0.0,4062.967187467301,4033.1439236438105,4077.8788193790456,4018.2322917320657,AUG26,JUL26,4048.0555555555557,2258.505953441714
XAU,1845.0,0.0,0.0,0.0,0.0,0.0,0.0,0.0,0.0,4062.967187467301,4033.1439236438105,4077.8788193790456,4018.2322917320657,AUG26,JUL26,4048.0555555555557,2258.505953441714
XAU,1900.0,0.0,0.0,0.0,0.0,0.0,0.0,0.0,0.0,4062.967187467301,4033.1439236438105,4077.8788193790456,4018.2322917320657,AUG26,JUL26,4048.0555555555557,2258.505953441714
XAU,1995.0,-0.0005016862139825833,5.016862139825833e-06,0.0,0.0,0.0,0.0,0.0,0.0,4062.967187467301,4033.1439236438105,4077.8788193790456,4018.2322917320657,AUG26,JUL26,4048.0555555555557,2258.505953441714
XAU,2000.0,-0.0023563905411259608,2.3563905411259606e-05,0.0,0.0,0.0,0.0,0.0,0.0,4062.967187467301,4033.1439236438105,4077.8788193790456,4018.2322917320657,AUG26,JUL26,4048.0555555555557,2258.505953441714
XAU,2005.0,-0.0006776256539957904,6.776256539957904e-06,0.0,0.0,0.0,0.0,0.0,0.0,4062.967187467301,4033.1439236438105,4077.8788193790456,4018.2322917320657,AUG26,JUL26,4048.0555555555557,2258.505953441714
XAU,2100.0,0.0,0.0,0.0,0.0,0.0,0.0,0.0,0.0,4062.967187467301,4033.1439236438105,4077.8788193790456,4018.2322917320657,AUG26,JUL26,4048.0555555555557,2258.505953441714
XAU,2200.0,0.0,0.0,0.0,0.0,0.0,0.0,0.0,0.0,4062.967187467301,4033.1439236438105,4077.8788193790456,4018.2322917320657,AUG26,JUL26,4048.0555555555557,2258.505953441714
XAU,2300.0,0.0,0.0,0.0,0.0,0.0,0.0,0.0,0.0,4062.967187467301,4033.1439236438105,4077.8788193790456,4018.2322917320657,AUG26,JUL26,4048.0555555555557,2258.505953441714
XAU,2325.0,0.0,0.0,0.0,0.0,0.0,0.0,0.0,0.0,4062.967187467301,4033.1439236438105,4077.8788193790456,4018.2322917320657,AUG26,JUL26,4048.0555555555557,2258.505953441714
XAU,2350.0,0.0,0.0,0.0,0.0,0.0,0.0,0.0,0.0,4062.967187467301,4033.1439236438105,4077.8788193790456,4018.2322917320657,AUG26,JUL26,4048.0555555555557,2258.505953441714
XAU,2375.0,0.0,0.0,0.0,0.0,0.0,0.0,0.0,0.0,4062.967187467301,4033.1439236438105,4077.8788193790456,4018.2322917320657,AUG26,JUL26,4048.0555555555557,2258.505953441714
XAU,2400.0,0.0,0.0,0.0,0.0,0.0,0.0,0.0,0.0,4062.967187467301,4033.1439236438105,4077.8788193790456,4018.2322917320657,AUG26,JUL26,4048.0555555555557,2258.505953441714
XAU,2425.0,0.0,0.0,0.0,0.0,0.0,0.0,0.0,0.0,4062.967187467301,4033.1439236438105,4077.8788193790456,4018.2322917320657,AUG26,JUL26,4048.0555555555557,2258.505953441714
XAU,2450.0,0.0,0.0,0.0,0.0,0.0,0.0,0.0,0.0,4062.967187467301,4033.1439236438105,4077.8788193790456,4018.2322917320657,AUG26,JUL26,4048.0555555555557,2258.505953441714
XAU,2475.0,0.0,0.0,0.0,0.0,0.0,0.0,0.0,0.0,4062.967187467301,4033.1439236438105,4077.8788193790456,4018.2322917320657,AUG26,JUL26,4048.0555555555557,2258.505953441714
XAU,2490.0,0.0,0.0,0.0,0.0,0.0,0.0,0.0,0.0,4062.967187467301,4033.1439236438105,4077.8788193790456,4018.2322917320657,AUG26,JUL26,4048.0555555555557,2258.505953441714
XAU,2500.0,5.571771469906972,0.05571771469906972,0.0,0.0,0.0,0.0,0.0,0.0,4062.967187467301,4033.1439236438105,4077.8788193790456,4018.2322917320657,AUG26,JUL26,4048.0555555555557,2258.505953441714
XAU,2525.0,0.0,0.0,0.0,0.0,0.0,0.0,0.0,0.0,4062.967187467301,4033.1439236438105,4077.8788193790456,4018.2322917320657,AUG26,JUL26,4048.0555555555557,2258.505953441714
XAU,2540.0,0.0,0.0,0.0,0.0,0.0,0.0,0.0,0.0,4062.967187467301,4033.1439236438105,4077.8788193790456,4018.2322917320657,AUG26,JUL26,4048.0555555555557,2258.505953441714
XAU,2550.0,0.0,0.0,0.0,0.0,0.0,0.0,0.0,0.0,4062.967187467301,4033.1439236438105,4077.8788193790456,4018.2322917320657,AUG26,JUL26,4048.0555555555557,2258.505953441714
XAU,2560.0,0.0,0.0,0.0,0.0,0.0,0.0,0.0,0.0,4062.967187467301,4033.1439236438105,4077.8788193790456,4018.2322917320657,AUG26,JUL26,4048.0555555555557,2258.505953441714
XAU,2570.0,0.0,0.0,0.0,0.0,0.0,0.0,0.0,0.0,4062.967187467301,4033.1439236438105,4077.8788193790456,4018.2322917320657,AUG26,JUL26,4048.0555555555557,2258.505953441714
XAU,2575.0,0.0,0.0,0.0,0.0,0.0,0.0,0.0,0.0,4062.967187467301,4033.1439236438105,4077.8788193790456,4018.2322917320657,AUG26,JUL26,4048.0555555555557,2258.505953441714
XAU,2580.0,0.0,0.0,0.0,0.0,0.0,0.0,0.0,0.0,4062.967187467301,4033.1439236438105,4077.8788193790456,4018.2322917320657,AUG26,JUL26,4048.0555555555557,2258.505953441714
XAU,2590.0,0.0,0.0,0.0,0.0,0.0,0.0,0.0,0.0,4062.967187467301,4033.1439236438105,4077.8788193790456,4018.2322917320657,AUG26,JUL26,4048.0555555555557,2258.505953441714
XAU,2600.0,0.0,0.0,0.0,0.0,0.0,0.0,0.0,0.0,4062.967187467301,4033.1439236438105,4077.8788193790456,4018.2322917320657,AUG26,JUL26,4048.0555555555557,2258.505953441714
XAU,2615.0,0.0,0.0,0.0,0.0,0.0,0.0,0.0,0.0,4062.967187467301,4033.1439236438105,4077.8788193790456,4018.2322917320657,AUG26,JUL26,4048.0555555555557,2258.505953441714
XAU,2625.0,0.0,0.0,0.0,0.0,0.0,0.0,0.0,0.0,4062.967187467301,4033.1439236438105,4077.8788193790456,4018.2322917320657,AUG26,JUL26,4048.0555555555557,2258.505953441714
XAU,2630.0,0.0,0.0,0.0,0.0,0.0,0.0,0.0,0.0,4062.967187467301,4033.1439236438105,4077.8788193790456,4018.2322917320657,AUG26,JUL26,4048.0555555555557,2258.505953441714
XAU,2640.0,0.0,0.0,0.0,0.0,0.0,0.0,0.0,0.0,4062.967187467301,4033.1439236438105,4077.8788193790456,4018.2322917320657,AUG26,JUL26,4048.0555555555557,2258.505953441714
XAU,2650.0,0.0,0.0,0.0,0.0,0.0,0.0,0.0,0.0,4062.967187467301,4033.1439236438105,4077.8788193790456,4018.2322917320657,AUG26,JUL26,4048.0555555555557,2258.505953441714
XAU,2660.0,0.0,0.0,0.0,0.0,0.0,0.0,0.0,0.0,4062.967187467301,4033.1439236438105,4077.8788193790456,4018.2322917320657,AUG26,JUL26,4048.0555555555557,2258.505953441714
XAU,2665.0,0.0,0.0,0.0,0.0,0.0,0.0,0.0,0.0,4062.967187467301,4033.1439236438105,4077.8788193790456,4018.2322917320657,AUG26,JUL26,4048.0555555555557,2258.505953441714
XAU,2675.0,0.0,0.0,0.0,0.0,0.0,0.0,0.0,0.0,4062.967187467301,4033.1439236438105,4077.8788193790456,4018.2322917320657,AUG26,JUL26,4048.0555555555557,2258.505953441714
XAU,2680.0,0.0,0.0,0.0,0.0,0.0,0.0,0.0,0.0,4062.967187467301,4033.1439236438105,4077.8788193790456,4018.2322917320657,AUG26,JUL26,4048.0555555555557,2258.505953441714
XAU,2685.0,0.0,0.0,0.0,0.0,0.0,0.0,0.0,0.0,4062.967187467301,4033.1439236438105,4077.8788193790456,4018.2322917320657,AUG26,JUL26,4048.0555555555557,2258.505953441714
XAU,2690.0,0.0,0.0,0.0,0.0,0.0,0.0,0.0,0.0,4062.967187467301,4033.1439236438105,4077.8788193790456,4018.2322917320657,AUG26,JUL26,4048.0555555555557,2258.505953441714
XAU,2700.0,0.0,0.0,0.0,0.0,0.0,0.0,0.0,0.0,4062.967187467301,4033.1439236438105,4077.8788193790456,4018.2322917320657,AUG26,JUL26,4048.0555555555557,2258.505953441714
XAU,2705.0,0.0,0.0,0.0,0.0,0.0,0.0,0.0,0.0,4062.967187467301,4033.1439236438105,4077.8788193790456,4018.2322917320657,AUG26,JUL26,4048.0555555555557,2258.505953441714
XAU,2715.0,-0.031822724405807544,0.0003182272440580754,0.0,0.0,0.0,0.0,0.0,0.0,4062.967187467301,4033.1439236438105,4077.8788193790456,4018.2322917320657,AUG26,JUL26,4048.0555555555557,2258.505953441714
XAU,2725.0,0.0,0.0,0.0,0.0,0.0,0.0,0.0,0.0,4062.967187467301,4033.1439236438105,4077.8788193790456,4018.2322917320657,AUG26,JUL26,4048.0555555555557,2258.505953441714
XAU,2730.0,0.0,0.0,0.0,0.0,0.0,0.0,0.0,0.0,4062.967187467301,4033.1439236438105,4077.8788193790456,4018.2322917320657,AUG26,JUL26,4048.0555555555557,2258.505953441714
XAU,2735.0,0.0,0.0,0.0,0.0,0.0,0.0,0.0,0.0,4062.967187467301,4033.1439236438105,4077.8788193790456,4018.2322917320657,AUG26,JUL26,4048.0555555555557,2258.505953441714
XAU,2740.0,0.0,0.0,0.0,0.0,0.0,0.0,0.0,0.0,4062.967187467301,4033.1439236438105,4077.8788193790456,4018.2322917320657,AUG26,JUL26,4048.0555555555557,2258.505953441714
XAU,2745.0,0.0,0.0,0.0,0.0,0.0,0.0,0.0,0.0,4062.967187467301,4033.1439236438105,4077.8788193790456,4018.2322917320657,AUG26,JUL26,4048.0555555555557,2258.505953441714
XAU,2750.0,0.0,0.0,0.0,0.0,0.0,0.0,0.0,0.0,4062.967187467301,4033.1439236438105,4077.8788193790456,4018.2322917320657,AUG26,JUL26,4048.0555555555557,2258.505953441714
XAU,2780.0,0.0,0.0,0.0,0.0,0.0,0.0,0.0,0.0,4062.967187467301,4033.1439236438105,4077.8788193790456,4018.2322917320657,AUG26,JUL26,4048.0555555555557,2258.505953441714
XAU,2785.0,0.0,0.0,0.0,0.0,0.0,0.0,0.0,0.0,4062.967187467301,4033.1439236438105,4077.8788193790456,4018.2322917320657,AUG26,JUL26,4048.0555555555557,2258.505953441714
XAU,2795.0,0.0,0.0,0.0,0.0,0.0,0.0,0.0,0.0,4062.967187467301,4033.1439236438105,4077.8788193790456,4018.2322917320657,AUG26,JUL26,4048.0555555555557,2258.505953441714
XAU,2800.0,0.0,0.0,0.0,0.0,0.0,0.0,0.0,0.0,4062.967187467301,4033.1439236438105,4077.8788193790456,4018.2322917320657,AUG26,JUL26,4048.0555555555557,2258.505953441714
XAU,2810.0,0.0,0.0,0.0,0.0,0.0,0.0,0.0,0.0,4062.967187467301,4033.1439236438105,4077.8788193790456,4018.2322917320657,AUG26,JUL26,4048.0555555555557,2258.505953441714
XAU,2825.0,0.0,0.0,0.0,0.0,0.0,0.0,0.0,0.0,4062.967187467301,4033.1439236438105,4077.8788193790456,4018.2322917320657,AUG26,JUL26,4048.0555555555557,2258.505953441714
XAU,2830.0,0.0,0.0,0.0,0.0,0.0,0.0,0.0,0.0,4062.967187467301,4033.1439236438105,4077.8788193790456,4018.2322917320657,AUG26,JUL26,4048.0555555555557,2258.505953441714
XAU,2840.0,0.0,0.0,0.0,0.0,0.0,0.0,0.0,0.0,4062.967187467301,4033.1439236438105,4077.8788193790456,4018.2322917320657,AUG26,JUL26,4048.0555555555557,2258.505953441714
XAU,2845.0,0.0,0.0,0.0,0.0,0.0,0.0,0.0,0.0,4062.967187467301,4033.1439236438105,4077.8788193790456,4018.2322917320657,AUG26,JUL26,4048.0555555555557,2258.505953441714
XAU,2850.0,0.0,0.0,0.0,0.0,0.0,0.0,0.0,0.0,4062.967187467301,4033.1439236438105,4077.8788193790456,4018.2322917320657,AUG26,JUL26,4048.0555555555557,2258.505953441714
XAU,2855.0,0.0,0.0,0.0,0.0,0.0,0.0,0.0,0.0,4062.967187467301,4033.1439236438105,4077.8788193790456,4018.2322917320657,AUG26,JUL26,4048.0555555555557,2258.505953441714
XAU,2860.0,0.0,0.0,0.0,0.0,0.0,0.0,0.0,0.0,4062.967187467301,4033.1439236438105,4077.8788193790456,4018.2322917320657,AUG26,JUL26,4048.0555555555557,2258.505953441714
XAU,2865.0,0.0,0.0,0.0,0.0,0.0,0.0,0.0,0.0,4062.967187467301,4033.1439236438105,4077.8788193790456,4018.2322917320657,AUG26,JUL26,4048.0555555555557,2258.505953441714
XAU,2875.0,0.0,0.0,0.0,0.0,0.0,0.0,0.0,0.0,4062.967187467301,4033.1439236438105,4077.8788193790456,4018.2322917320657,AUG26,JUL26,4048.0555555555557,2258.505953441714
XAU,2880.0,0.0,0.0,0.0,0.0,0.0,0.0,0.0,0.0,4062.967187467301,4033.1439236438105,4077.8788193790456,4018.2322917320657,AUG26,JUL26,4048.0555555555557,2258.505953441714
XAU,2885.0,0.0,0.0,0.0,0.0,0.0,0.0,0.0,0.0,4062.967187467301,4033.1439236438105,4077.8788193790456,4018.2322917320657,AUG26,JUL26,4048.0555555555557,2258.505953441714
XAU,2890.0,0.0,0.0,0.0,0.0,0.0,0.0,0.0,0.0,4062.967187467301,4033.1439236438105,4077.8788193790456,4018.2322917320657,AUG26,JUL26,4048.0555555555557,2258.505953441714
XAU,2900.0,0.3693188451843351,0.003693188451843351,0.0,0.0,0.0,0.0,0.0,0.0,4062.967187467301,4033.1439236438105,4077.8788193790456,4018.2322917320657,AUG26,JUL26,4048.0555555555557,2258.505953441714
XAU,2910.0,0.0,0.0,0.0,0.0,0.0,0.0,0.0,0.0,4062.967187467301,4033.1439236438105,4077.8788193790456,4018.2322917320657,AUG26,JUL26,4048.0555555555557,2258.505953441714
XAU,2915.0,0.0,0.0,0.0,0.0,0.0,0.0,0.0,0.0,4062.967187467301,4033.1439236438105,4077.8788193790456,4018.2322917320657,AUG26,JUL26,4048.0555555555557,2258.505953441714
XAU,2920.0,0.0,0.0,0.0,0.0,0.0,0.0,0.0,0.0,4062.967187467301,4033.1439236438105,4077.8788193790456,4018.2322917320657,AUG26,JUL26,4048.0555555555557,2258.505953441714
XAU,2925.0,0.0,0.0,0.0,0.0,0.0,0.0,0.0,0.0,4062.967187467301,4033.1439236438105,4077.8788193790456,4018.2322917320657,AUG26,JUL26,4048.0555555555557,2258.505953441714
XAU,2940.0,0.0,0.0,0.0,0.0,0.0,0.0,0.0,0.0,4062.967187467301,4033.1439236438105,4077.8788193790456,4018.2322917320657,AUG26,JUL26,4048.0555555555557,2258.505953441714
XAU,2945.0,0.0,0.0,0.0,0.0,0.0,0.0,0.0,0.0,4062.967187467301,4033.1439236438105,4077.8788193790456,4018.2322917320657,AUG26,JUL26,4048.0555555555557,2258.505953441714
XAU,2950.0,0.0,0.0,0.0,0.0,0.0,0.0,0.0,0.0,4062.967187467301,4033.1439236438105,4077.8788193790456,4018.2322917320657,AUG26,JUL26,4048.0555555555557,2258.505953441714
XAU,2965.0,0.0,0.0,0.0,0.0,0.0,0.0,0.0,0.0,4062.967187467301,4033.1439236438105,4077.8788193790456,4018.2322917320657,AUG26,JUL26,4048.0555555555557,2258.505953441714
XAU,2975.0,0.0,0.0,0.0,0.0,0.0,0.0,0.0,0.0,4062.967187467301,4033.1439236438105,4077.8788193790456,4018.2322917320657,AUG26,JUL26,4048.0555555555557,2258.505953441714
XAU,2980.0,0.0,0.0,0.0,0.0,0.0,0.0,0.0,0.0,4062.967187467301,4033.1439236438105,4077.8788193790456,4018.2322917320657,AUG26,JUL26,4048.0555555555557,2258.505953441714
XAU,2990.0,0.0,0.0,0.0,0.0,0.0,0.0,0.0,0.0,4062.967187467301,4033.1439236438105,4077.8788193790456,4018.2322917320657,AUG26,JUL26,4048.0555555555557,2258.505953441714
XAU,2995.0,0.0,0.0,0.0,0.0,0.0,0.0,0.0,0.0,4062.967187467301,4033.1439236438105,4077.8788193790456,4018.2322917320657,AUG26,JUL26,4048.0555555555557,2258.505953441714
XAU,3000.0,0.0026936192520791236,4.240728392455508e-05,0.0,0.0,0.0,0.0,0.0,0.0,4062.967187467301,4033.1439236438105,4077.8788193790456,4018.2322917320657,AUG26,JUL26,4048.0555555555557,2258.505953441714
XAU,3005.0,0.0,0.0,0.0,0.0,0.0,0.0,0.0,0.0,4062.967187467301,4033.1439236438105,4077.8788193790456,4018.2322917320657,AUG26,JUL26,4048.0555555555557,2258.505953441714
XAU,3010.0,0.0,0.0,0.0,0.0,0.0,0.0,0.0,0.0,4062.967187467301,4033.1439236438105,4077.8788193790456,4018.2322917320657,AUG26,JUL26,4048.0555555555557,2258.505953441714
XAU,3015.0,0.0,0.0,0.0,0.0,0.0,0.0,0.0,0.0,4062.967187467301,4033.1439236438105,4077.8788193790456,4018.2322917320657,AUG26,JUL26,4048.0555555555557,2258.505953441714
XAU,3020.0,0.0,0.0,0.0,0.0,0.0,0.0,0.0,0.0,4062.967187467301,4033.1439236438105,4077.8788193790456,4018.2322917320657,AUG26,JUL26,4048.0555555555557,2258.505953441714
XAU,3025.0,0.0,0.0,0.0,0.0,0.0,0.0,0.0,0.0,4062.967187467301,4033.1439236438105,4077.8788193790456,4018.2322917320657,AUG26,JUL26,4048.0555555555557,2258.505953441714
XAU,3035.0,0.0,0.0,0.0,0.0,0.0,0.0,0.0,0.0,4062.967187467301,4033.1439236438105,4077.8788193790456,4018.2322917320657,AUG26,JUL26,4048.0555555555557,2258.505953441714
XAU,3040.0,0.0,0.0,0.0,0.0,0.0,0.0,0.0,0.0,4062.967187467301,4033.1439236438105,4077.8788193790456,4018.2322917320657,AUG26,JUL26,4048.0555555555557,2258.505953441714
XAU,3045.0,0.0,0.0,0.0,0.0,0.0,0.0,0.0,0.0,4062.967187467301,4033.1439236438105,4077.8788193790456,4018.2322917320657,AUG26,JUL26,4048.0555555555557,2258.505953441714
XAU,3050.0,0.0,0.0,0.0,0.0,0.0,0.0,0.0,0.0,4062.967187467301,4033.1439236438105,4077.8788193790456,4018.2322917320657,AUG26,JUL26,4048.0555555555557,2258.505953441714
XAU,3055.0,0.0,0.0,0.0,0.0,0.0,0.0,0.0,0.0,4062.967187467301,4033.1439236438105,4077.8788193790456,4018.2322917320657,AUG26,JUL26,4048.0555555555557,2258.505953441714
XAU,3060.0,-3.0517326889909078,0.030517326889909078,0.0,0.0,0.0,0.0,0.0,0.0,4062.967187467301,4033.1439236438105,4077.8788193790456,4018.2322917320657,AUG26,JUL26,4048.0555555555557,2258.505953441714
XAU,3065.0,0.0,0.0,0.0,0.0,0.0,0.0,0.0,0.0,4062.967187467301,4033.1439236438105,4077.8788193790456,4018.2322917320657,AUG26,JUL26,4048.0555555555557,2258.505953441714
XAU,3070.0,-0.06584181519663435,0.0006584181519663435,0.0,0.0,0.0,0.0,0.0,0.0,4062.967187467301,4033.1439236438105,4077.8788193790456,4018.2322917320657,AUG26,JUL26,4048.0555555555557,2258.505953441714
XAU,3075.0,0.0,0.0,0.0,0.0,0.0,0.0,0.0,0.0,4062.967187467301,4033.1439236438105,4077.8788193790456,4018.2322917320657,AUG26,JUL26,4048.0555555555557,2258.505953441714
XAU,3080.0,0.0,0.0,0.0,0.0,0.0,0.0,0.0,0.0,4062.967187467301,4033.1439236438105,4077.8788193790456,4018.2322917320657,AUG26,JUL26,4048.0555555555557,2258.505953441714
XAU,3090.0,0.0,0.0,0.0,0.0,0.0,0.0,0.0,0.0,4062.967187467301,4033.1439236438105,4077.8788193790456,4018.2322917320657,AUG26,JUL26,4048.0555555555557,2258.505953441714
XAU,3095.0,0.0,0.0,0.0,0.0,0.0,0.0,0.0,0.0,4062.967187467301,4033.1439236438105,4077.8788193790456,4018.2322917320657,AUG26,JUL26,4048.0555555555557,2258.505953441714
XAU,3100.0,0.0,0.0,0.0,0.0,0.0,0.0,0.0,0.0,4062.967187467301,4033.1439236438105,4077.8788193790456,4018.2322917320657,AUG26,JUL26,4048.0555555555557,2258.505953441714
XAU,3105.0,0.0,0.0,0.0,0.0,0.0,0.0,0.0,0.0,4062.967187467301,4033.1439236438105,4077.8788193790456,4018.2322917320657,AUG26,JUL26,4048.0555555555557,2258.505953441714
XAU,3110.0,-0.07152624177137548,0.0007152624177137548,0.0,0.0,0.0,0.0,0.0,0.0,4062.967187467301,4033.1439236438105,4077.8788193790456,4018.2322917320657,AUG26,JUL26,4048.0555555555557,2258.505953441714
XAU,3115.0,0.0,0.0,0.0,0.0,0.0,0.0,0.0,0.0,4062.967187467301,4033.1439236438105,4077.8788193790456,4018.2322917320657,AUG26,JUL26,4048.0555555555557,2258.505953441714
XAU,3120.0,0.0,0.0,0.0,0.0,0.0,0.0,0.0,0.0,4062.967187467301,4033.1439236438105,4077.8788193790456,4018.2322917320657,AUG26,JUL26,4048.0555555555557,2258.505953441714
XAU,3125.0,-0.035690435441981735,0.00035690435441981734,0.0,0.0,0.0,0.0,0.0,0.0,4062.967187467301,4033.1439236438105,4077.8788193790456,4018.2322917320657,AUG26,JUL26,4048.0555555555557,2258.505953441714
XAU,3130.0,0.0,0.0,0.0,0.0,0.0,0.0,0.0,0.0,4062.967187467301,4033.1439236438105,4077.8788193790456,4018.2322917320657,AUG26,JUL26,4048.0555555555557,2258.505953441714
XAU,3145.0,0.0,0.0,0.0,0.0,0.0,0.0,0.0,0.0,4062.967187467301,4033.1439236438105,4077.8788193790456,4018.2322917320657,AUG26,JUL26,4048.0555555555557,2258.505953441714
XAU,3150.0,0.0,0.0,0.0,0.0,0.0,0.0,0.0,0.0,4062.967187467301,4033.1439236438105,4077.8788193790456,4018.2322917320657,AUG26,JUL26,4048.0555555555557,2258.505953441714
XAU,3155.0,0.0,0.0,0.0,0.0,0.0,0.0,0.0,0.0,4062.967187467301,4033.1439236438105,4077.8788193790456,4018.2322917320657,AUG26,JUL26,4048.0555555555557,2258.505953441714
XAU,3160.0,0.0,0.0,0.0,0.0,0.0,0.0,0.0,0.0,4062.967187467301,4033.1439236438105,4077.8788193790456,4018.2322917320657,AUG26,JUL26,4048.0555555555557,2258.505953441714
XAU,3165.0,0.0,0.0,0.0,0.0,0.0,0.0,0.0,0.0,4062.967187467301,4033.1439236438105,4077.8788193790456,4018.2322917320657,AUG26,JUL26,4048.0555555555557,2258.505953441714
XAU,3170.0,0.0,0.0,0.0,0.0,0.0,0.0,0.0,0.0,4062.967187467301,4033.1439236438105,4077.8788193790456,4018.2322917320657,AUG26,JUL26,4048.0555555555557,2258.505953441714
XAU,3175.0,0.0,0.0,0.0,0.0,0.0,0.0,0.0,0.0,4062.967187467301,4033.1439236438105,4077.8788193790456,4018.2322917320657,AUG26,JUL26,4048.0555555555557,2258.505953441714
XAU,3180.0,0.0,0.0,0.0,0.0,0.0,0.0,0.0,0.0,4062.967187467301,4033.1439236438105,4077.8788193790456,4018.2322917320657,AUG26,JUL26,4048.0555555555557,2258.505953441714
XAU,3185.0,0.0,0.0,0.0,0.0,0.0,0.0,0.0,0.0,4062.967187467301,4033.1439236438105,4077.8788193790456,4018.2322917320657,AUG26,JUL26,4048.0555555555557,2258.505953441714
XAU,3190.0,0.0,0.0,0.0,0.0,0.0,0.0,0.0,0.0,4062.967187467301,4033.1439236438105,4077.8788193790456,4018.2322917320657,AUG26,JUL26,4048.0555555555557,2258.505953441714
XAU,3195.0,0.0,0.0,0.0,0.0,0.0,0.0,0.0,0.0,4062.967187467301,4033.1439236438105,4077.8788193790456,4018.2322917320657,AUG26,JUL26,4048.0555555555557,2258.505953441714
XAU,3200.0,0.5030796861192657,0.005192650070072517,0.0,0.0,0.0,0.0,0.0,0.0,4062.967187467301,4033.1439236438105,4077.8788193790456,4018.2322917320657,AUG26,JUL26,4048.0555555555557,2258.505953441714
XAU,3205.0,0.0,0.0,0.0,0.0,0.0,0.0,0.0,0.0,4062.967187467301,4033.1439236438105,4077.8788193790456,4018.2322917320657,AUG26,JUL26,4048.0555555555557,2258.505953441714
XAU,3215.0,0.0,0.0,0.0,0.0,0.0,0.0,0.0,0.0,4062.967187467301,4033.1439236438105,4077.8788193790456,4018.2322917320657,AUG26,JUL26,4048.0555555555557,2258.505953441714
XAU,3220.0,0.0,0.0,0.0,0.0,0.0,0.0,0.0,0.0,4062.967187467301,4033.1439236438105,4077.8788193790456,4018.2322917320657,AUG26,JUL26,4048.0555555555557,2258.505953441714
XAU,3225.0,0.0,0.0,0.0,0.0,0.0,0.0,0.0,0.0,4062.967187467301,4033.1439236438105,4077.8788193790456,4018.2322917320657,AUG26,JUL26,4048.0555555555557,2258.505953441714
XAU,3230.0,0.0,0.0,0.0,0.0,0.0,0.0,0.0,0.0,4062.967187467301,4033.1439236438105,4077.8788193790456,4018.2322917320657,AUG26,JUL26,4048.0555555555557,2258.505953441714
XAU,3235.0,0.0,0.0,0.0,0.0,0.0,0.0,0.0,0.0,4062.967187467301,4033.1439236438105,4077.8788193790456,4018.2322917320657,AUG26,JUL26,4048.0555555555557,2258.505953441714
XAU,3240.0,0.0,0.0,0.0,0.0,0.0,0.0,0.0,0.0,4062.967187467301,4033.1439236438105,4077.8788193790456,4018.2322917320657,AUG26,JUL26,4048.0555555555557,2258.505953441714
XAU,3245.0,0.0,0.0,0.0,0.0,0.0,0.0,0.0,0.0,4062.967187467301,4033.1439236438105,4077.8788193790456,4018.2322917320657,AUG26,JUL26,4048.0555555555557,2258.505953441714
XAU,3250.0,0.0,0.0,0.0,0.0,0.0,0.0,0.0,0.0,4062.967187467301,4033.1439236438105,4077.8788193790456,4018.2322917320657,AUG26,JUL26,4048.0555555555557,2258.505953441714
XAU,3255.0,0.0,0.0,0.0,0.0,0.0,0.0,0.0,0.0,4062.967187467301,4033.1439236438105,4077.8788193790456,4018.2322917320657,AUG26,JUL26,4048.0555555555557,2258.505953441714
XAU,3260.0,0.0,0.0,0.0,0.0,0.0,0.0,0.0,0.0,4062.967187467301,4033.1439236438105,4077.8788193790456,4018.2322917320657,AUG26,JUL26,4048.0555555555557,2258.505953441714
XAU,3265.0,0.0,0.0,0.0,0.0,0.0,0.0,0.0,0.0,4062.967187467301,4033.1439236438105,4077.8788193790456,4018.2322917320657,AUG26,JUL26,4048.0555555555557,2258.505953441714
XAU,3270.0,0.0,0.0,0.0,0.0,0.0,0.0,0.0,0.0,4062.967187467301,4033.1439236438105,4077.8788193790456,4018.2322917320657,AUG26,JUL26,4048.0555555555557,2258.505953441714
XAU,3280.0,0.0,0.0,0.0,0.0,0.0,0.0,0.0,0.0,4062.967187467301,4033.1439236438105,4077.8788193790456,4018.2322917320657,AUG26,JUL26,4048.0555555555557,2258.505953441714
XAU,3285.0,0.0,0.0,0.0,0.0,0.0,0.0,0.0,0.0,4062.967187467301,4033.1439236438105,4077.8788193790456,4018.2322917320657,AUG26,JUL26,4048.0555555555557,2258.505953441714
XAU,3290.0,0.0,0.0,0.0,0.0,0.0,0.0,0.0,0.0,4062.967187467301,4033.1439236438105,4077.8788193790456,4018.2322917320657,AUG26,JUL26,4048.0555555555557,2258.505953441714
XAU,3295.0,0.0,0.0,0.0,0.0,0.0,0.0,0.0,0.0,4062.967187467301,4033.1439236438105,4077.8788193790456,4018.2322917320657,AUG26,JUL26,4048.0555555555557,2258.505953441714
XAU,3300.0,1.1509272205870253,0.011509272205870252,0.0,0.0,0.0,0.0,0.0,0.0,4062.967187467301,4033.1439236438105,4077.8788193790456,4018.2322917320657,AUG26,JUL26,4048.0555555555557,2258.505953441714
XAU,3305.0,0.2634986055068278,0.002634986055068278,0.0,0.0,0.0,0.0,0.0,0.0,4062.967187467301,4033.1439236438105,4077.8788193790456,4018.2322917320657,AUG26,JUL26,4048.0555555555557,2258.505953441714
XAU,3310.0,0.0,0.0,0.0,0.0,0.0,0.0,0.0,0.0,4062.967187467301,4033.1439236438105,4077.8788193790456,4018.2322917320657,AUG26,JUL26,4048.0555555555557,2258.505953441714
XAU,3315.0,-0.024177932039818564,0.00024177932039818565,0.0,0.0,0.0,0.0,0.0,0.0,4062.967187467301,4033.1439236438105,4077.8788193790456,4018.2322917320657,AUG26,JUL26,4048.0555555555557,2258.505953441714
XAU,3320.0,0.0,0.0,0.0,0.0,0.0,0.0,0.0,0.0,4062.967187467301,4033.1439236438105,4077.8788193790456,4018.2322917320657,AUG26,JUL26,4048.0555555555557,2258.505953441714
XAU,3325.0,0.16229009918611842,0.0025586722351344554,0.0,0.0,0.0,0.0,0.0,0.0,4062.967187467301,4033.1439236438105,4077.8788193790456,4018.2322917320657,AUG26,JUL26,4048.0555555555557,2258.505953441714
XAU,3330.0,-0.3878181220942016,0.0038781812209420156,0.0,0.0,0.0,0.0,0.0,0.0,4062.967187467301,4033.1439236438105,4077.8788193790456,4018.2322917320657,AUG26,JUL26,4048.0555555555557,2258.505953441714
XAU,3335.0,0.0,0.0,0.0,0.0,0.0,0.0,0.0,0.0,4062.967187467301,4033.1439236438105,4077.8788193790456,4018.2322917320657,AUG26,JUL26,4048.0555555555557,2258.505953441714
XAU,3340.0,0.0,0.0,0.0,0.0,0.0,0.0,0.0,0.0,4062.967187467301,4033.1439236438105,4077.8788193790456,4018.2322917320657,AUG26,JUL26,4048.0555555555557,2258.505953441714
XAU,3345.0,0.0,0.0,0.0,0.0,0.0,0.0,0.0,0.0,4062.967187467301,4033.1439236438105,4077.8788193790456,4018.2322917320657,AUG26,JUL26,4048.0555555555557,2258.505953441714
XAU,3350.0,2.7914551916804853,0.027914551916804854,0.0,0.0,0.0,0.0,0.0,0.0,4062.967187467301,4033.1439236438105,4077.8788193790456,4018.2322917320657,AUG26,JUL26,4048.0555555555557,2258.505953441714
XAU,3355.0,0.0,0.0,0.0,0.0,0.0,0.0,0.0,0.0,4062.967187467301,4033.1439236438105,4077.8788193790456,4018.2322917320657,AUG26,JUL26,4048.0555555555557,2258.505953441714
XAU,3360.0,0.0,0.0,0.0,0.0,0.0,0.0,0.0,0.0,4062.967187467301,4033.1439236438105,4077.8788193790456,4018.2322917320657,AUG26,JUL26,4048.0555555555557,2258.505953441714
XAU,3365.0,-0.0274569605340564,0.000274569605340564,0.0,0.0,0.0,0.0,0.0,0.0,4062.967187467301,4033.1439236438105,4077.8788193790456,4018.2322917320657,AUG26,JUL26,4048.0555555555557,2258.505953441714
XAU,3370.0,0.0,0.0,0.0,0.0,0.0,0.0,0.0,0.0,4062.967187467301,4033.1439236438105,4077.8788193790456,4018.2322917320657,AUG26,JUL26,4048.0555555555557,2258.505953441714
XAU,3375.0,-0.025518530120669833,0.0002551853012066983,0.0,0.0,0.0,0.0,0.0,0.0,4062.967187467301,4033.1439236438105,4077.8788193790456,4018.2322917320657,AUG26,JUL26,4048.0555555555557,2258.505953441714
XAU,3380.0,0.0,0.0,0.0,0.0,0.0,0.0,0.0,0.0,4062.967187467301,4033.1439236438105,4077.8788193790456,4018.2322917320657,AUG26,JUL26,4048.0555555555557,2258.505953441714
XAU,3385.0,-0.06165486044761778,0.0006165486044761778,0.0,0.0,0.0,0.0,0.0,0.0,4062.967187467301,4033.1439236438105,4077.8788193790456,4018.2322917320657,AUG26,JUL26,4048.0555555555557,2258.505953441714
XAU,3390.0,0.029680931517429128,0.00029680931517429127,0.0,0.0,0.0,0.0,0.0,0.0,4062.967187467301,4033.1439236438105,4077.8788193790456,4018.2322917320657,AUG26,JUL26,4048.0555555555557,2258.505953441714
XAU,3395.0,0.0,0.0,0.0,0.0,0.0,0.0,0.0,0.0,4062.967187467301,4033.1439236438105,4077.8788193790456,4018.2322917320657,AUG26,JUL26,4048.0555555555557,2258.505953441714
XAU,3400.0,-3.9181822360893794,0.20928044409990873,0.0,0.0,0.0,0.0,0.0,0.0,4062.967187467301,4033.1439236438105,4077.8788193790456,4018.2322917320657,AUG26,JUL26,4048.0555555555557,2258.505953441714
XAU,3405.0,0.0,0.0,0.0,0.0,0.0,0.0,0.0,0.0,4062.967187467301,4033.1439236438105,4077.8788193790456,4018.2322917320657,AUG26,JUL26,4048.0555555555557,2258.505953441714
XAU,3410.0,0.0,0.0,0.0,0.0,0.0,0.0,0.0,0.0,4062.967187467301,4033.1439236438105,4077.8788193790456,4018.2322917320657,AUG26,JUL26,4048.0555555555557,2258.505953441714
XAU,3415.0,-0.028693442209337557,0.0002869344220933756,0.0,0.0,0.0,0.0,0.0,0.0,4062.967187467301,4033.1439236438105,4077.8788193790456,4018.2322917320657,AUG26,JUL26,4048.0555555555557,2258.505953441714
XAU,3420.0,0.0,0.0,0.0,0.0,0.0,0.0,0.0,0.0,4062.967187467301,4033.1439236438105,4077.8788193790456,4018.2322917320657,AUG26,JUL26,4048.0555555555557,2258.505953441714
XAU,3425.0,-0.05912401279133581,0.0005912401279133581,0.0,0.0,0.0,0.0,0.0,0.0,4062.967187467301,4033.1439236438105,4077.8788193790456,4018.2322917320657,AUG26,JUL26,4048.0555555555557,2258.505953441714
XAU,3430.0,0.02262520511020823,0.0002262520511020823,0.0,0.0,0.0,0.0,0.0,0.0,4062.967187467301,4033.1439236438105,4077.8788193790456,4018.2322917320657,AUG26,JUL26,4048.0555555555557,2258.505953441714
XAU,3435.0,-0.13040267761449537,0.0013040267761449537,0.0,0.0,0.0,0.0,0.0,0.0,4062.967187467301,4033.1439236438105,4077.8788193790456,4018.2322917320657,AUG26,JUL26,4048.0555555555557,2258.505953441714
XAU,3440.0,-0.1657066584040352,0.0016570665840403521,0.0,0.0,0.0,0.0,0.0,0.0,4062.967187467301,4033.1439236438105,4077.8788193790456,4018.2322917320657,AUG26,JUL26,4048.0555555555557,2258.505953441714
XAU,3445.0,0.0,0.0,0.0,0.0,0.0,0.0,0.0,0.0,4062.967187467301,4033.1439236438105,4077.8788193790456,4018.2322917320657,AUG26,JUL26,4048.0555555555557,2258.505953441714
XAU,3450.0,0.0,0.0,0.0,0.0,0.0,0.0,0.0,0.0,4062.967187467301,4033.1439236438105,4077.8788193790456,4018.2322917320657,AUG26,JUL26,4048.0555555555557,2258.505953441714
XAU,3455.0,0.0,0.0,0.0,0.0,0.0,0.0,0.0,0.0,4062.967187467301,4033.1439236438105,4077.8788193790456,4018.2322917320657,AUG26,JUL26,4048.0555555555557,2258.505953441714
XAU,3460.0,-3.814929073547483,0.0386634926700669,0.0,0.0,0.0,0.0,0.0,0.0,4062.967187467301,4033.1439236438105,4077.8788193790456,4018.2322917320657,AUG26,JUL26,4048.0555555555557,2258.505953441714
XAU,3465.0,0.0,0.0,0.0,0.0,0.0,0.0,0.0,0.0,4062.967187467301,4033.1439236438105,4077.8788193790456,4018.2322917320657,AUG26,JUL26,4048.0555555555557,2258.505953441714
XAU,3470.0,0.0,0.0,0.0,0.0,0.0,0.0,0.0,0.0,4062.967187467301,4033.1439236438105,4077.8788193790456,4018.2322917320657,AUG26,JUL26,4048.0555555555557,2258.505953441714
XAU,3475.0,0.0,0.0,0.0,0.0,0.0,0.0,0.0,0.0,4062.967187467301,4033.1439236438105,4077.8788193790456,4018.2322917320657,AUG26,JUL26,4048.0555555555557,2258.505953441714
XAU,3480.0,0.0,0.0,0.0,0.0,0.0,0.0,0.0,0.0,4062.967187467301,4033.1439236438105,4077.8788193790456,4018.2322917320657,AUG26,JUL26,4048.0555555555557,2258.505953441714
XAU,3485.0,0.0,0.0,0.0,0.0,0.0,0.0,0.0,0.0,4062.967187467301,4033.1439236438105,4077.8788193790456,4018.2322917320657,AUG26,JUL26,4048.0555555555557,2258.505953441714
XAU,3490.0,-0.14850643713511077,0.0014850643713511078,0.0,0.0,0.0,0.0,0.0,0.0,4062.967187467301,4033.1439236438105,4077.8788193790456,4018.2322917320657,AUG26,JUL26,4048.0555555555557,2258.505953441714
XAU,3495.0,0.0,0.0,0.0,0.0,0.0,0.0,0.0,0.0,4062.967187467301,4033.1439236438105,4077.8788193790456,4018.2322917320657,AUG26,JUL26,4048.0555555555557,2258.505953441714
XAU,3500.0,-25.470955468326874,0.28751777874197937,0.0,0.0,0.0,0.0,0.0,0.0,4062.967187467301,4033.1439236438105,4077.8788193790456,4018.2322917320657,AUG26,JUL26,4048.0555555555557,2258.505953441714
XAU,3505.0,0.12403818126479192,0.0012403818126479193,0.0,0.0,0.0,0.0,0.0,0.0,4062.967187467301,4033.1439236438105,4077.8788193790456,4018.2322917320657,AUG26,JUL26,4048.0555555555557,2258.505953441714
XAU,3510.0,0.0,0.0,0.0,0.0,0.0,0.0,0.0,0.0,4062.967187467301,4033.1439236438105,4077.8788193790456,4018.2322917320657,AUG26,JUL26,4048.0555555555557,2258.505953441714
XAU,3515.0,-3.861740248776238,0.03861740248776238,0.0,0.0,0.0,0.0,0.0,0.0,4062.967187467301,4033.1439236438105,4077.8788193790456,4018.2322917320657,AUG26,JUL26,4048.0555555555557,2258.505953441714
XAU,3520.0,1.3472710160253296,0.029322876774382715,0.0,0.0,0.0,0.0,0.0,0.0,4062.967187467301,4033.1439236438105,4077.8788193790456,4018.2322917320657,AUG26,JUL26,4048.0555555555557,2258.505953441714
XAU,3525.0,-2.631759829424987,0.026317598294249872,0.0,0.0,0.0,0.0,0.0,0.0,4062.967187467301,4033.1439236438105,4077.8788193790456,4018.2322917320657,AUG26,JUL26,4048.0555555555557,2258.505953441714
XAU,3530.0,-0.24296518988672183,0.002429651898867218,0.0,0.0,0.0,0.0,0.0,0.0,4062.967187467301,4033.1439236438105,4077.8788193790456,4018.2322917320657,AUG26,JUL26,4048.0555555555557,2258.505953441714
XAU,3535.0,-0.815552299070906,0.00815552299070906,0.0,0.0,0.0,0.0,0.0,0.0,4062.967187467301,4033.1439236438105,4077.8788193790456,4018.2322917320657,AUG26,JUL26,4048.0555555555557,2258.505953441714
XAU,3540.0,0.0,0.0,0.0,0.0,0.0,0.0,0.0,0.0,4062.967187467301,4033.1439236438105,4077.8788193790456,4018.2322917320657,AUG26,JUL26,4048.0555555555557,2258.505953441714
XAU,3545.0,-2.6961393247520005,0.027688143409146843,0.0,0.0,0.0,0.0,0.0,0.0,4062.967187467301,4033.1439236438105,4077.8788193790456,4018.2322917320657,AUG26,JUL26,4048.0555555555557,2258.505953441714
XAU,3550.0,-12.377521100818822,0.3560106748520226,0.0,0.0,0.0,0.0,0.0,0.0,4062.967187467301,4033.1439236438105,4077.8788193790456,4018.2322917320657,AUG26,JUL26,4048.0555555555557,2258.505953441714
XAU,3555.0,-0.04297739978322731,0.0004297739978322731,0.0,0.0,0.0,0.0,0.0,0.0,4062.967187467301,4033.1439236438105,4077.8788193790456,4018.2322917320657,AUG26,JUL26,4048.0555555555557,2258.505953441714
XAU,3560.0,-4.466441735851882,0.044664417358518824,0.0,0.0,0.0,0.0,0.0,0.0,4062.967187467301,4033.1439236438105,4077.8788193790456,4018.2322917320657,AUG26,JUL26,4048.0555555555557,2258.505953441714
XAU,3565.0,-1.0798093716195756,0.010798093716195755,0.0,0.0,0.0,0.0,0.0,0.0,4062.967187467301,4033.1439236438105,4077.8788193790456,4018.2322917320657,AUG26,JUL26,4048.0555555555557,2258.505953441714
XAU,3570.0,-0.007137523020789106,0.0008165801011919742,0.0,0.0,0.0,0.0,0.0,0.0,4062.967187467301,4033.1439236438105,4077.8788193790456,4018.2322917320657,AUG26,JUL26,4048.0555555555557,2258.505953441714
XAU,3575.0,-0.8360706494921066,0.008360706494921067,0.0,0.0,0.0,0.0,0.0,0.0,4062.967187467301,4033.1439236438105,4077.8788193790456,4018.2322917320657,AUG26,JUL26,4048.0555555555557,2258.505953441714
XAU,3580.0,0.0,0.0,0.0,0.0,0.0,0.0,0.0,0.0,4062.967187467301,4033.1439236438105,4077.8788193790456,4018.2322917320657,AUG26,JUL26,4048.0555555555557,2258.505953441714
XAU,3585.0,-14.615896609157996,0.14615896609157997,0.0,0.0,0.0,0.0,0.0,0.0,4062.967187467301,4033.1439236438105,4077.8788193790456,4018.2322917320657,AUG26,JUL26,4048.0555555555557,2258.505953441714
XAU,3590.0,-0.7249478899360662,0.0072494788993606625,0.0,0.0,0.0,0.0,0.0,0.0,4062.967187467301,4033.1439236438105,4077.8788193790456,4018.2322917320657,AUG26,JUL26,4048.0555555555557,2258.505953441714
XAU,3595.0,-5.316423845586808,0.05404398379318473,0.0,0.0,0.0,0.0,0.0,0.0,4062.967187467301,4033.1439236438105,4077.8788193790456,4018.2322917320657,AUG26,JUL26,4048.0555555555557,2258.505953441714
XAU,3600.0,-46.28781492238494,1.4163511480988726,0.0,0.0,0.0,0.0,0.0,0.0,4062.967187467301,4033.1439236438105,4077.8788193790456,4018.2322917320657,AUG26,JUL26,4048.0555555555557,2258.505953441714
XAU,3605.0,-1.3095540081211838,0.013095540081211839,0.0,0.0,0.0,0.0,0.0,0.0,4062.967187467301,4033.1439236438105,4077.8788193790456,4018.2322917320657,AUG26,JUL26,4048.0555555555557,2258.505953441714
XAU,3610.0,0.09413394929225849,0.004640101753725135,0.0,0.0,0.0,0.0,0.0,0.0,4062.967187467301,4033.1439236438105,4077.8788193790456,4018.2322917320657,AUG26,JUL26,4048.0555555555557,2258.505953441714
XAU,3615.0,-0.49422084746927375,0.0049422084746927365,0.0,0.0,0.0,0.0,0.0,0.0,4062.967187467301,4033.1439236438105,4077.8788193790456,4018.2322917320657,AUG26,JUL26,4048.0555555555557,2258.505953441714
XAU,3620.0,-1.7023711390107714,0.017023711390107717,0.0,0.0,0.0,0.0,0.0,0.0,4062.967187467301,4033.1439236438105,4077.8788193790456,4018.2322917320657,AUG26,JUL26,4048.0555555555557,2258.505953441714
XAU,3625.0,-18.94563154404917,0.18945631544049168,0.0,0.0,0.0,0.0,0.0,0.0,4062.967187467301,4033.1439236438105,4077.8788193790456,4018.2322917320657,AUG26,JUL26,4048.0555555555557,2258.505953441714
XAU,3630.0,-1.6046655101944085,0.016046655101944085,0.0,0.0,0.0,0.0,0.0,0.0,4062.967187467301,4033.1439236438105,4077.8788193790456,4018.2322917320657,AUG26,JUL26,4048.0555555555557,2258.505953441714
XAU,3635.0,-0.8894235636906186,0.008894235636906186,0.0,0.0,0.0,0.0,0.0,0.0,4062.967187467301,4033.1439236438105,4077.8788193790456,4018.2322917320657,AUG26,JUL26,4048.0555555555557,2258.505953441714
XAU,3640.0,-3.762067537629159,0.037620675376291594,0.0,0.0,0.0,0.0,0.0,0.0,4062.967187467301,4033.1439236438105,4077.8788193790456,4018.2322917320657,AUG26,JUL26,4048.0555555555557,2258.505953441714
XAU,3645.0,-2.731144652797567,0.02836553762982279,0.0,0.0,0.0,0.0,0.0,0.0,4062.967187467301,4033.1439236438105,4077.8788193790456,4018.2322917320657,AUG26,JUL26,4048.0555555555557,2258.505953441714
XAU,3650.0,-46.037178490144235,0.4646623844856329,0.0,0.0,0.0,0.0,0.0,0.0,4062.967187467301,4033.1439236438105,4077.8788193790456,4018.2322917320657,AUG26,JUL26,4048.0555555555557,2258.505953441714
XAU,3655.0,-0.686999859964987,0.006869998599649871,0.0,0.0,0.0,0.0,0.0,0.0,4062.967187467301,4033.1439236438105,4077.8788193790456,4018.2322917320657,AUG26,JUL26,4048.0555555555557,2258.505953441714
XAU,3660.0,-0.8851560822511884,0.036618041482310695,0.0,0.0,0.0,0.0,0.0,0.0,4062.967187467301,4033.1439236438105,4077.8788193790456,4018.2322917320657,AUG26,JUL26,4048.0555555555557,2258.505953441714
XAU,3665.0,-2.8057118574648405,0.028057118574648404,0.0,0.0,0.0,0.0,0.0,0.0,4062.967187467301,4033.1439236438105,4077.8788193790456,4018.2322917320657,AUG26,JUL26,4048.0555555555557,2258.505953441714
XAU,3670.0,-3.841837872907882,0.039567621084674105,0.0,0.0,0.0,0.0,0.0,0.0,4062.967187467301,4033.1439236438105,4077.8788193790456,4018.2322917320657,AUG26,JUL26,4048.0555555555557,2258.505953441714
XAU,3675.0,-1.5675180822531722,0.016843824086601254,0.0,0.0,0.0,0.0,0.0,0.0,4062.967187467301,4033.1439236438105,4077.8788193790456,4018.2322917320657,AUG26,JUL26,4048.0555555555557,2258.505953441714
XAU,3680.0,-3.793475326283569,0.03793475326283569,0.0,0.0,0.0,0.0,0.0,0.0,4062.967187467301,4033.1439236438105,4077.8788193790456,4018.2322917320657,AUG26,JUL26,4048.0555555555557,2258.505953441714
XAU,3685.0,-0.9692271074910012,0.01090076059881151,0.0,0.0,0.0,0.0,0.0,0.0,4062.967187467301,4033.1439236438105,4077.8788193790456,4018.2322917320657,AUG26,JUL26,4048.0555555555557,2258.505953441714
XAU,3690.0,-3.8807069114768726,0.03880706911476872,0.0,0.0,0.0,0.0,0.0,0.0,4062.967187467301,4033.1439236438105,4077.8788193790456,4018.2322917320657,AUG26,JUL26,4048.0555555555557,2258.505953441714
XAU,3695.0,-0.9776318340426489,0.009776318340426486,0.0,0.0,0.0,0.0,0.0,0.0,4062.967187467301,4033.1439236438105,4077.8788193790456,4018.2322917320657,AUG26,JUL26,4048.0555555555557,2258.505953441714
XAU,3700.0,-11.72960808417136,0.17081471856829458,0.0,0.0,0.0,0.0,0.0,0.0,4062.967187467301,4033.1439236438105,4077.8788193790456,4018.2322917320657,AUG26,JUL26,4048.0555555555557,2258.505953441714
XAU,3705.0,-13.239760144040902,0.13239760144040905,0.0,0.0,0.0,0.0,0.0,0.0,4062.967187467301,4033.1439236438105,4077.8788193790456,4018.2322917320657,AUG26,JUL26,4048.0555555555557,2258.505953441714
XAU,3710.0,-5.579695076385653,0.05579695076385653,0.0,0.0,0.0,0.0,0.0,0.0,4062.967187467301,4033.1439236438105,4077.8788193790456,4018.2322917320657,AUG26,JUL26,4048.0555555555557,2258.505953441714
XAU,3715.0,-18.60617799982569,0.22602682472396873,0.0,0.0,0.0,0.0,0.0,0.0,4062.967187467301,4033.1439236438105,4077.8788193790456,4018.2322917320657,AUG26,JUL26,4048.0555555555557,2258.505953441714
XAU,3720.0,-7.399808656435104,0.07535145748316337,0.0,0.0,0.0,0.0,0.0,0.0,4062.967187467301,4033.1439236438105,4077.8788193790456,4018.2322917320657,AUG26,JUL26,4048.0555555555557,2258.505953441714
XAU,3725.0,-24.47286004744911,0.2447286004744911,0.0,0.0,0.0,0.0,0.0,0.0,4062.967187467301,4033.1439236438105,4077.8788193790456,4018.2322917320657,AUG26,JUL26,4048.0555555555557,2258.505953441714
XAU,3730.0,-39.08479506056764,0.3908479506056764,0.0,0.0,0.0,0.0,0.0,0.0,4062.967187467301,4033.1439236438105,4077.8788193790456,4018.2322917320657,AUG26,JUL26,4048.0555555555557,2258.505953441714
XAU,3735.0,-26.10478356047592,0.26246564846898884,0.0,0.0,0.0,0.0,0.0,0.0,4062.967187467301,4033.1439236438105,4077.8788193790456,4018.2322917320657,AUG26,JUL26,4048.0555555555557,2258.505953441714
XAU,3740.0,-10.774852620966998,0.10774852620966997,0.0,0.0,0.0,0.0,0.0,0.0,4062.967187467301,4033.1439236438105,4077.8788193790456,4018.2322917320657,AUG26,JUL26,4048.0555555555557,2258.505953441714
XAU,3745.0,-1.7912686283446393,0.017912686283446392,0.0,0.0,0.0,0.0,0.0,0.0,4062.967187467301,4033.1439236438105,4077.8788193790456,4018.2322917320657,AUG26,JUL26,4048.0555555555557,2258.505953441714
XAU,3750.0,-44.92975636244216,0.46562567160144847,0.0,0.0,0.0,0.0,0.0,0.0,4062.967187467301,4033.1439236438105,4077.8788193790456,4018.2322917320657,AUG26,JUL26,4048.0555555555557,2258.505953441714
XAU,3755.0,-1.2848327740606547,0.01435440570884455,0.0,0.0,0.0,0.0,0.0,0.0,4062.967187467301,4033.1439236438105,4077.8788193790456,4018.2322917320657,AUG26,JUL26,4048.0555555555557,2258.505953441714
XAU,3760.0,-12.379215183116294,0.12379215183116295,0.0,0.0,0.0,0.0,0.0,0.0,4062.967187467301,4033.1439236438105,4077.8788193790456,4018.2322917320657,AUG26,JUL26,4048.0555555555557,2258.505953441714
XAU,3765.0,-6.539255547199117,0.06539255547199117,0.0,0.0,0.0,0.0,0.0,0.0,4062.967187467301,4033.1439236438105,4077.8788193790456,4018.2322917320657,AUG26,JUL26,4048.0555555555557,2258.505953441714
XAU,3770.0,-1.542505226425982,0.015425052264259822,0.0,0.0,0.0,0.0,0.0,0.0,4062.967187467301,4033.1439236438105,4077.8788193790456,4018.2322917320657,AUG26,JUL26,4048.0555555555557,2258.505953441714
XAU,3775.0,-19.828362464995177,0.20466646233966213,0.0,0.0,0.0,0.0,0.0,0.0,4062.967187467301,4033.1439236438105,4077.8788193790456,4018.2322917320657,AUG26,JUL26,4048.0555555555557,2258.505953441714
XAU,3780.0,0.8671280857553443,0.05131625498665073,0.0,0.0,0.0,0.0,0.0,0.0,4062.967187467301,4033.1439236438105,4077.8788193790456,4018.2322917320657,AUG26,JUL26,4048.0555555555557,2258.505953441714
XAU,3785.0,-4.437139911763498,0.04437139911763498,0.0,0.0,0.0,0.0,0.0,0.0,4062.967187467301,4033.1439236438105,4077.8788193790456,4018.2322917320657,AUG26,JUL26,4048.0555555555557,2258.505953441714
XAU,3790.0,0.7354884180305952,0.10413162381606375,0.0,0.0,0.0,0.0,0.0,0.0,4062.967187467301,4033.1439236438105,4077.8788193790456,4018.2322917320657,AUG26,JUL26,4048.0555555555557,2258.505953441714
XAU,3795.0,-3.35164425179259,0.033516442517925904,0.0,0.0,0.0,0.0,0.0,0.0,4062.967187467301,4033.1439236438105,4077.8788193790456,4018.2322917320657,AUG26,JUL26,4048.0555555555557,2258.505953441714
XAU,3800.0,-32.40676589653211,0.8542340118317803,0.0,0.0,0.0,0.0,0.0,0.0,4062.967187467301,4033.1439236438105,4077.8788193790456,4018.2322917320657,AUG26,JUL26,4048.0555555555557,2258.505953441714
XAU,3805.0,-4.613801782772391,0.04613801782772392,0.0,0.0,0.0,0.0,0.0,0.0,4062.967187467301,4033.1439236438105,4077.8788193790456,4018.2322917320657,AUG26,JUL26,4048.0555555555557,2258.505953441714
XAU,3810.0,-12.756322290604022,0.12756322290604022,0.0,0.0,0.0,0.0,0.0,0.0,4062.967187467301,4033.1439236438105,4077.8788193790456,4018.2322917320657,AUG26,JUL26,4048.0555555555557,2258.505953441714
XAU,3815.0,-21.336573074018617,0.2133657307401862,0.0,0.0,0.0,0.0,0.0,0.0,4062.967187467301,4033.1439236438105,4077.8788193790456,4018.2322917320657,AUG26,JUL26,4048.0555555555557,2258.505953441714
XAU,3820.0,-14.252668279470946,0.14793241814248312,0.0,0.0,0.0,0.0,0.0,0.0,4062.967187467301,4033.1439236438105,4077.8788193790456,4018.2322917320657,AUG26,JUL26,4048.0555555555557,2258.505953441714
XAU,3825.0,-41.20100339738846,0.41263409971682996,0.0,0.0,0.0,0.0,0.0,0.0,4062.967187467301,4033.1439236438105,4077.8788193790456,4018.2322917320657,AUG26,JUL26,4048.0555555555557,2258.505953441714
XAU,3830.0,-11.08591608089447,0.11150619099393347,0.0,0.0,0.0,0.0,0.0,0.0,4062.967187467301,4033.1439236438105,4077.8788193790456,4018.2322917320657,AUG26,JUL26,4048.0555555555557,2258.505953441714
XAU,3835.0,-1.3437533783257154,0.013437533783257153,0.0,0.0,0.0,0.0,0.0,0.0,4062.967187467301,4033.1439236438105,4077.8788193790456,4018.2322917320657,AUG26,JUL26,4048.0555555555557,2258.505953441714
XAU,3840.0,-15.155491146118766,0.15344929428690088,0.0,0.0,0.0,0.0,0.0,0.0,4062.967187467301,4033.1439236438105,4077.8788193790456,4018.2322917320657,AUG26,JUL26,4048.0555555555557,2258.505953441714
XAU,3845.0,-2.104618679343022,0.02104618679343022,0.0,0.0,0.0,0.0,0.0,0.0,4062.967187467301,4033.1439236438105,4077.8788193790456,4018.2322917320657,AUG26,JUL26,4048.0555555555557,2258.505953441714
XAU,3850.0,-67.0012622085833,0.6742624285931809,0.0,0.0,0.0,0.0,0.0,0.0,4062.967187467301,4033.1439236438105,4077.8788193790456,4018.2322917320657,AUG26,JUL26,4048.0555555555557,2258.505953441714
XAU,3855.0,-2.5947281728552682,0.027027775120940168,0.0,0.0,0.0,0.0,0.0,0.0,4062.967187467301,4033.1439236438105,4077.8788193790456,4018.2322917320657,AUG26,JUL26,4048.0555555555557,2258.505953441714
XAU,3860.0,-3.2597694868531955,0.03259769486853195,0.0,0.0,0.0,0.0,0.0,0.0,4062.967187467301,4033.1439236438105,4077.8788193790456,4018.2322917320657,AUG26,JUL26,4048.0555555555557,2258.505953441714
XAU,3865.0,-4.102463134433458,0.04102463134433459,0.0,0.0,0.0,0.0,0.0,0.0,4062.967187467301,4033.1439236438105,4077.8788193790456,4018.2322917320657,AUG26,JUL26,4048.0555555555557,2258.505953441714
XAU,3870.0,-5.969915226499793,0.059699152264997925,0.0,0.0,0.0,0.0,0.0,0.0,4062.967187467301,4033.1439236438105,4077.8788193790456,4018.2322917320657,AUG26,JUL26,4048.0555555555557,2258.505953441714
XAU,3875.0,-32.868726137580055,0.3301861167887682,0.0,0.0,0.0,0.0,0.0,0.0,4062.967187467301,4033.1439236438105,4077.8788193790456,4018.2322917320657,AUG26,JUL26,4048.0555555555557,2258.505953441714
XAU,3880.0,-26.324596427451652,0.2632459642745165,0.0,0.0,0.0,0.0,0.0,0.0,4062.967187467301,4033.1439236438105,4077.8788193790456,4018.2322917320657,AUG26,JUL26,4048.0555555555557,2258.505953441714
XAU,3885.0,-10.010045856054278,0.1315560205528112,0.0,0.0,0.0,0.0,0.0,0.0,4062.967187467301,4033.1439236438105,4077.8788193790456,4018.2322917320657,AUG26,JUL26,4048.0555555555557,2258.505953441714
XAU,3890.0,-1.7025797369966527,0.025504263974891517,0.0,0.0,0.0,0.0,0.0,0.0,4062.967187467301,4033.1439236438105,4077.8788193790456,4018.2322917320657,AUG26,JUL26,4048.0555555555557,2258.505953441714
XAU,3895.0,-20.07004236585015,0.22853276446551224,0.0,0.0,0.0,0.0,0.0,0.0,4062.967187467301,4033.1439236438105,4077.8788193790456,4018.2322917320657,AUG26,JUL26,4048.0555555555557,2258.505953441714
XAU,3900.0,-130.1846481543637,1.370962923775344,0.0,0.0,0.0,0.0,0.0,0.0,4062.967187467301,4033.1439236438105,4077.8788193790456,4018.2322917320657,AUG26,JUL26,4048.0555555555557,2258.505953441714
XAU,3905.0,-2.45706334511122,0.026951418713899576,0.0,0.0,0.0,0.0,0.0,0.0,4062.967187467301,4033.1439236438105,4077.8788193790456,4018.2322917320657,AUG26,JUL26,4048.0555555555557,2258.505953441714
XAU,3910.0,-4.903602735546598,0.049036027355465986,0.0,0.0,0.0,0.0,0.0,0.0,4062.967187467301,4033.1439236438105,4077.8788193790456,4018.2322917320657,AUG26,JUL26,4048.0555555555557,2258.505953441714
XAU,3915.0,-0.47315108831748603,0.03590115934383096,0.0,0.0,0.0,0.0,0.0,0.0,4062.967187467301,4033.1439236438105,4077.8788193790456,4018.2322917320657,AUG26,JUL26,4048.0555555555557,2258.505953441714
XAU,3920.0,-9.61098134116574,0.09835682410492724,0.0,0.0,0.0,0.0,0.0,0.0,4062.967187467301,4033.1439236438105,4077.8788193790456,4018.2322917320657,AUG26,JUL26,4048.0555555555557,2258.505953441714
XAU,3925.0,-49.26724035815075,0.5237623939835512,0.0,0.0,0.0,0.0,0.0,0.0,4062.967187467301,4033.1439236438105,4077.8788193790456,4018.2322917320657,AUG26,JUL26,4048.0555555555557,2258.505953441714
XAU,3930.0,-4.882779646409185,0.09456874102939217,0.0,0.0,0.0,0.0,0.0,0.0,4062.967187467301,4033.1439236438105,4077.8788193790456,4018.2322917320657,AUG26,JUL26,4048.0555555555557,2258.505953441714
XAU,3935.0,-8.183595290155468,0.08183595290155467,0.0,0.0,0.0,0.0,0.0,0.0,4062.967187467301,4033.1439236438105,4077.8788193790456,4018.2322917320657,AUG26,JUL26,4048.0555555555557,2258.505953441714
XAU,3940.0,-10.659101611470396,0.1442346192141005,0.0,0.0,0.0,0.0,0.0,0.0,4062.967187467301,4033.1439236438105,4077.8788193790456,4018.2322917320657,AUG26,JUL26,4048.0555555555557,2258.505953441714
XAU,3945.0,-47.78618543356884,0.48450273090099594,0.0,0.0,0.0,0.0,0.0,0.0,4062.967187467301,4033.1439236438105,4077.8788193790456,4018.2322917320657,AUG26,JUL26,4048.0555555555557,2258.505953441714
XAU,3950.0,-123.40627768347689,1.2608359414258126,0.0,0.0,0.0,0.0,0.0,0.0,4062.967187467301,4033.1439236438105,4077.8788193790456,4018.2322917320657,AUG26,JUL26,4048.0555555555557,2258.505953441714
XAU,3955.0,-6.824123854195105,0.09700780931865394,0.0,0.0,0.0,0.0,0.0,0.0,4062.967187467301,4033.1439236438105,4077.8788193790456,4018.2322917320657,AUG26,JUL26,4048.0555555555557,2258.505953441714
XAU,3960.0,-29.046476602108793,0.3062540375032168,0.0,0.0,0.0,0.0,0.0,0.0,4062.967187467301,4033.1439236438105,4077.8788193790456,4018.2322917320657,AUG26,JUL26,4048.0555555555557,2258.505953441714
XAU,3965.0,-15.217549696059523,0.15952307426152476,0.0,0.0,0.0,0.0,0.0,0.0,4062.967187467301,4033.1439236438105,4077.8788193790456,4018.2322917320657,AUG26,JUL26,4048.0555555555557,2258.505953441714
XAU,3970.0,-31.546581801205146,0.3154658180120515,0.0,0.0,0.0,0.0,0.0,0.0,4062.967187467301,4033.1439236438105,4077.8788193790456,4018.2322917320657,AUG26,JUL26,4048.0555555555557,2258.505953441714
XAU,3975.0,-84.66467494420661,0.9479146415027836,0.0,0.0,0.0,0.0,0.0,0.0,4062.967187467301,4033.1439236438105,4077.8788193790456,4018.2322917320657,AUG26,JUL26,4048.0555555555557,2258.505953441714
XAU,3980.0,-14.5483935679362,0.27522854072063463,0.0,0.0,0.0,0.0,0.0,0.0,4062.967187467301,4033.1439236438105,4077.8788193790456,4018.2322917320657,AUG26,JUL26,4048.0555555555557,2258.505953441714
XAU,3985.0,-15.832889750511576,0.20502087932154558,0.0,0.0,0.0,0.0,0.0,0.0,4062.967187467301,4033.1439236438105,4077.8788193790456,4018.2322917320657,AUG26,JUL26,4048.0555555555557,2258.505953441714
XAU,3990.0,-4.54458415998612,0.07068186623622116,0.0,0.0,0.0,0.0,0.0,0.0,4062.967187467301,4033.1439236438105,4077.8788193790456,4018.2322917320657,AUG26,JUL26,4048.0555555555557,2258.505953441714
XAU,3995.0,-8.70220468948666,0.2889012597168749,0.0,0.0,0.0,0.0,0.0,0.0,4062.967187467301,4033.1439236438105,4077.8788193790456,4018.2322917320657,AUG26,JUL26,4048.0555555555557,2258.505953441714
XAU,4000.0,-269.3896205727627,3.815599401812669,0.0,0.0,0.0,0.0,0.0,0.0,4062.967187467301,4033.1439236438105,4077.8788193790456,4018.2322917320657,AUG26,JUL26,4048.0555555555557,2258.505953441714
XAU,4005.0,-17.833698634783342,0.19900071123325797,0.0,0.0,0.0,0.0,0.0,0.0,4062.967187467301,4033.1439236438105,4077.8788193790456,4018.2322917320657,AUG26,JUL26,4048.0555555555557,2258.505953441714
XAU,4010.0,-40.45088355687456,0.4780450541089323,0.0,0.0,0.0,0.0,0.0,0.0,4062.967187467301,4033.1439236438105,4077.8788193790456,4018.2322917320657,AUG26,JUL26,4048.0555555555557,2258.505953441714
XAU,4015.0,-32.609433362570876,0.34633132745920947,0.0,0.0,0.0,0.0,0.0,0.0,4062.967187467301,4033.1439236438105,4077.8788193790456,4018.2322917320657,AUG26,JUL26,4048.0555555555557,2258.505953441714
XAU,4020.0,-17.85987567723324,0.4531570660296166,0.0,0.0,0.0,0.0,0.0,0.0,4062.967187467301,4033.1439236438105,4077.8788193790456,4018.2322917320657,AUG26,JUL26,4048.0555555555557,2258.505953441714
XAU,4025.0,-169.36942987069605,1.806509627281264,0.0,0.0,76.8,10.0,0.0,0.0,4062.967187467301,4033.1439236438105,4077.8788193790456,4018.2322917320657,AUG26,JUL26,4048.0555555555557,2258.505953441714
XAU,4030.0,-21.538286739233957,0.25507289442020353,0.0,0.0,0.0,0.0,0.0,0.0,4062.967187467301,4033.1439236438105,4077.8788193790456,4018.2322917320657,AUG26,JUL26,4048.0555555555557,2258.505953441714
XAU,4035.0,-54.30731260435327,0.6035118464115883,0.0,0.0,0.0,0.0,0.0,0.0,4062.967187467301,4033.1439236438105,4077.8788193790456,4018.2322917320657,AUG26,JUL26,4048.0555555555557,2258.505953441714
XAU,4040.0,13.063007581217686,0.37095691443500856,0.0,0.0,0.0,0.0,0.0,0.0,4062.967187467301,4033.1439236438105,4077.8788193790456,4018.2322917320657,AUG26,JUL26,4048.0555555555557,2258.505953441714
XAU,4045.0,29.57421236494224,0.7969973290468675,0.0,0.0,0.0,0.0,0.0,0.0,4062.967187467301,4033.1439236438105,4077.8788193790456,4018.2322917320657,AUG26,JUL26,4048.0555555555557,2258.505953441714
XAU,4050.0,2130.0297086859423,27.615255239765435,0.0,0.0,0.0,0.0,0.0,0.0,4062.967187467301,4033.1439236438105,4077.8788193790456,4018.2322917320657,AUG26,JUL26,4048.0555555555557,2258.505953441714
XAU,4055.0,-12.78699215084498,0.20360139963043794,0.0,0.0,0.0,0.0,0.0,0.0,4062.967187467301,4033.1439236438105,4077.8788193790456,4018.2322917320657,AUG26,JUL26,4048.0555555555557,2258.505953441714
XAU,4060.0,-12.16957853482143,0.25277346589622796,0.0,0.0,0.0,0.0,0.0,0.0,4062.967187467301,4033.1439236438105,4077.8788193790456,4018.2322917320657,AUG26,JUL26,4048.0555555555557,2258.505953441714
XAU,4065.0,-2.0797136502503024,0.027574512076565107,0.0,0.0,0.0,0.0,0.0,0.0,4062.967187467301,4033.1439236438105,4077.8788193790456,4018.2322917320657,AUG26,JUL26,4048.0555555555557,2258.505953441714
XAU,4070.0,-6.461962149569514,0.11545424665458023,0.0,0.0,0.0,0.0,0.0,0.0,4062.967187467301,4033.1439236438105,4077.8788193790456,4018.2322917320657,AUG26,JUL26,4048.0555555555557,2258.505953441714
XAU,4075.0,-59.85251682804434,0.8139562382544212,72.5,8.0,0.0,0.0,0.0,0.0,4062.967187467301,4033.1439236438105,4077.8788193790456,4018.2322917320657,AUG26,JUL26,4048.0555555555557,2258.505953441714
XAU,4080.0,-42.53123613066317,0.6059066477664061,0.0,0.0,0.0,0.0,0.0,0.0,4062.967187467301,4033.1439236438105,4077.8788193790456,4018.2322917320657,AUG26,JUL26,4048.0555555555557,2258.505953441714
XAU,4085.0,0.21502994896743435,0.1504673305324581,0.0,0.0,0.0,0.0,0.0,0.0,4062.967187467301,4033.1439236438105,4077.8788193790456,4018.2322917320657,AUG26,JUL26,4048.0555555555557,2258.505953441714
XAU,4090.0,-44.27949844877003,0.4624343429448394,0.0,0.0,0.0,0.0,0.0,0.0,4062.967187467301,4033.1439236438105,4077.8788193790456,4018.2322917320657,AUG26,JUL26,4048.0555555555557,2258.505953441714
XAU,4095.0,-9.583267426087957,0.34854356829410243,0.0,0.0,0.0,0.0,0.0,0.0,4062.967187467301,4033.1439236438105,4077.8788193790456,4018.2322917320657,AUG26,JUL26,4048.0555555555557,2258.505953441714
XAU,4100.0,-236.61715367407882,3.145242672453944,0.0,0.0,0.0,0.0,0.0,0.0,4062.967187467301,4033.1439236438105,4077.8788193790456,4018.2322917320657,AUG26,JUL26,4048.0555555555557,2258.505953441714
XAU,4105.0,-13.32849337419856,0.13854171358000675,0.0,0.0,0.0,0.0,0.0,0.0,4062.967187467301,4033.1439236438105,4077.8788193790456,4018.2322917320657,AUG26,JUL26,4048.0555555555557,2258.505953441714
XAU,4110.0,-21.44078728339599,0.25627300307166556,0.0,0.0,0.0,0.0,0.0,0.0,4062.967187467301,4033.1439236438105,4077.8788193790456,4018.2322917320657,AUG26,JUL26,4048.0555555555557,2258.505953441714
XAU,4115.0,-29.353685880217714,0.38448976627236015,0.0,0.0,0.0,0.0,0.0,0.0,4062.967187467301,4033.1439236438105,4077.8788193790456,4018.2322917320657,AUG26,JUL26,4048.0555555555557,2258.505953441714
XAU,4120.0,-20.683185891905133,0.23728579868795258,0.0,0.0,0.0,0.0,0.0,0.0,4062.967187467301,4033.1439236438105,4077.8788193790456,4018.2322917320657,AUG26,JUL26,4048.0555555555557,2258.505953441714
XAU,4125.0,-36.15386696485955,0.41874467222941814,0.0,0.0,0.0,0.0,0.0,0.0,4062.967187467301,4033.1439236438105,4077.8788193790456,4018.2322917320657,AUG26,JUL26,4048.0555555555557,2258.505953441714
XAU,4130.0,-19.08852107605511,0.24678752556581704,0.0,0.0,0.0,0.0,0.0,0.0,4062.967187467301,4033.1439236438105,4077.8788193790456,4018.2322917320657,AUG26,JUL26,4048.0555555555557,2258.505953441714
XAU,4135.0,-15.180713792934355,0.15794584295873013,0.0,0.0,0.0,0.0,0.0,0.0,4062.967187467301,4033.1439236438105,4077.8788193790456,4018.2322917320657,AUG26,JUL26,4048.0555555555557,2258.505953441714
XAU,4140.0,-2.3869732721925154,0.18705258591157237,0.0,0.0,0.0,0.0,0.0,0.0,4062.967187467301,4033.1439236438105,4077.8788193790456,4018.2322917320657,AUG26,JUL26,4048.0555555555557,2258.505953441714
XAU,4145.0,-10.57192633666466,0.11083051422117894,0.0,0.0,0.0,0.0,0.0,0.0,4062.967187467301,4033.1439236438105,4077.8788193790456,4018.2322917320657,AUG26,JUL26,4048.0555555555557,2258.505953441714
XAU,4150.0,-121.13122728790756,1.2652325646995017,0.0,0.0,0.0,0.0,0.0,0.0,4062.967187467301,4033.1439236438105,4077.8788193790456,4018.2322917320657,AUG26,JUL26,4048.0555555555557,2258.505953441714
XAU,4155.0,-13.397589490707125,0.14039197459376015,0.0,0.0,0.0,0.0,0.0,0.0,4062.967187467301,4033.1439236438105,4077.8788193790456,4018.2322917320657,AUG26,JUL26,4048.0555555555557,2258.505953441714
XAU,4160.0,-24.225368843171985,0.5631968110319425,0.0,0.0,0.0,0.0,0.0,0.0,4062.967187467301,4033.1439236438105,4077.8788193790456,4018.2322917320657,AUG26,JUL26,4048.0555555555557,2258.505953441714
XAU,4165.0,-3.976805686923494,0.106400484359495,0.0,0.0,0.0,0.0,0.0,0.0,4062.967187467301,4033.1439236438105,4077.8788193790456,4018.2322917320657,AUG26,JUL26,4048.0555555555557,2258.505953441714
XAU,4170.0,-16.988463897297287,0.2082255741702209,0.0,0.0,0.0,0.0,0.0,0.0,4062.967187467301,4033.1439236438105,4077.8788193790456,4018.2322917320657,AUG26,JUL26,4048.0555555555557,2258.505953441714
XAU,4175.0,-68.99401393534703,0.8465752665765429,0.0,0.0,0.0,0.0,0.0,0.0,4062.967187467301,4033.1439236438105,4077.8788193790456,4018.2322917320657,AUG26,JUL26,4048.0555555555557,2258.505953441714
XAU,4180.0,-29.114238387269946,0.4140507048979624,0.0,0.0,0.0,0.0,0.0,0.0,4062.967187467301,4033.1439236438105,4077.8788193790456,4018.2322917320657,AUG26,JUL26,4048.0555555555557,2258.505953441714
XAU,4185.0,-26.813855025003623,0.35616419428258667,0.0,0.0,0.0,0.0,0.0,0.0,4062.967187467301,4033.1439236438105,4077.8788193790456,4018.2322917320657,AUG26,JUL26,4048.0555555555557,2258.505953441714
XAU,4190.0,-36.57558600748762,0.38550164749626414,0.0,0.0,0.0,0.0,0.0,0.0,4062.967187467301,4033.1439236438105,4077.8788193790456,4018.2322917320657,AUG26,JUL26,4048.0555555555557,2258.505953441714
XAU,4195.0,-1.4962465203260855,0.037547223916449886,0.0,0.0,0.0,0.0,0.0,0.0,4062.967187467301,4033.1439236438105,4077.8788193790456,4018.2322917320657,AUG26,JUL26,4048.0555555555557,2258.505953441714
XAU,4200.0,-93.66156497031186,1.195947992845664,0.0,0.0,0.0,0.0,0.0,0.0,4062.967187467301,4033.1439236438105,4077.8788193790456,4018.2322917320657,AUG26,JUL26,4048.0555555555557,2258.505953441714
XAU,4205.0,-43.99710291967266,0.4686932387487886,0.0,0.0,0.0,0.0,0.0,0.0,4062.967187467301,4033.1439236438105,4077.8788193790456,4018.2322917320657,AUG26,JUL26,4048.0555555555557,2258.505953441714
XAU,4210.0,-11.377506312582629,0.19923844333810006,0.0,0.0,0.0,0.0,0.0,0.0,4062.967187467301,4033.1439236438105,4077.8788193790456,4018.2322917320657,AUG26,JUL26,4048.0555555555557,2258.505953441714
XAU,4215.0,-12.299809180120624,0.12891233270576705,0.0,0.0,0.0,0.0,0.0,0.0,4062.967187467301,4033.1439236438105,4077.8788193790456,4018.2322917320657,AUG26,JUL26,4048.0555555555557,2258.505953441714
XAU,4220.0,-7.350299276781293,0.4119199642480854,0.0,0.0,0.0,0.0,0.0,0.0,4062.967187467301,4033.1439236438105,4077.8788193790456,4018.2322917320657,AUG26,JUL26,4048.0555555555557,2258.505953441714
XAU,4225.0,-19.95201242636217,0.21204916987756367,0.0,0.0,0.0,0.0,0.0,0.0,4062.967187467301,4033.1439236438105,4077.8788193790456,4018.2322917320657,AUG26,JUL26,4048.0555555555557,2258.505953441714
XAU,4230.0,-33.954460565441366,0.36092162146381096,0.0,0.0,0.0,0.0,0.0,0.0,4062.967187467301,4033.1439236438105,4077.8788193790456,4018.2322917320657,AUG26,JUL26,4048.0555555555557,2258.505953441714
XAU,4235.0,-6.815303991344651,0.12212966345239687,0.0,0.0,0.0,0.0,0.0,0.0,4062.967187467301,4033.1439236438105,4077.8788193790456,4018.2322917320657,AUG26,JUL26,4048.0555555555557,2258.505953441714
XAU,4240.0,-12.634910184792824,0.13083701453971483,0.0,0.0,0.0,0.0,0.0,0.0,4062.967187467301,4033.1439236438105,4077.8788193790456,4018.2322917320657,AUG26,JUL26,4048.0555555555557,2258.505953441714
XAU,4245.0,-20.018484865297776,0.44062714485911625,0.0,0.0,0.0,0.0,0.0,0.0,4062.967187467301,4033.1439236438105,4077.8788193790456,4018.2322917320657,AUG26,JUL26,4048.0555555555557,2258.505953441714
XAU,4250.0,-204.28234595898832,2.2555050255935836,0.0,0.0,0.0,0.0,0.0,0.0,4062.967187467301,4033.1439236438105,4077.8788193790456,4018.2322917320657,AUG26,JUL26,4048.0555555555557,2258.505953441714
XAU,4255.0,1.8929010315834813,0.05933394679478139,0.0,0.0,0.0,0.0,0.0,0.0,4062.967187467301,4033.1439236438105,4077.8788193790456,4018.2322917320657,AUG26,JUL26,4048.0555555555557,2258.505953441714
XAU,4260.0,-28.912884423285323,0.3024519617158472,0.0,0.0,0.0,0.0,0.0,0.0,4062.967187467301,4033.1439236438105,4077.8788193790456,4018.2322917320657,AUG26,JUL26,4048.0555555555557,2258.505953441714
XAU,4265.0,-22.647459919984172,0.22795084804630064,0.0,0.0,0.0,0.0,0.0,0.0,4062.967187467301,4033.1439236438105,4077.8788193790456,4018.2322917320657,AUG26,JUL26,4048.0555555555557,2258.505953441714
XAU,4270.0,-58.01444783215827,0.5866212996368705,0.0,0.0,0.0,0.0,0.0,0.0,4062.967187467301,4033.1439236438105,4077.8788193790456,4018.2322917320657,AUG26,JUL26,4048.0555555555557,2258.505953441714
XAU,4275.0,-42.644310831349046,0.5270602571118033,0.0,0.0,0.0,0.0,0.0,0.0,4062.967187467301,4033.1439236438105,4077.8788193790456,4018.2322917320657,AUG26,JUL26,4048.0555555555557,2258.505953441714
XAU,4280.0,-56.14100603767399,0.5755178250609636,0.0,0.0,0.0,0.0,0.0,0.0,4062.967187467301,4033.1439236438105,4077.8788193790456,4018.2322917320657,AUG26,JUL26,4048.0555555555557,2258.505953441714
XAU,4285.0,-23.16301308515408,0.2316301308515408,0.0,0.0,0.0,0.0,0.0,0.0,4062.967187467301,4033.1439236438105,4077.8788193790456,4018.2322917320657,AUG26,JUL26,4048.0555555555557,2258.505953441714
XAU,4290.0,-44.67496777680337,0.44775947579041053,0.0,0.0,0.0,0.0,0.0,0.0,4062.967187467301,4033.1439236438105,4077.8788193790456,4018.2322917320657,AUG26,JUL26,4048.0555555555557,2258.505953441714
XAU,4295.0,-0.6747032641843381,0.006747032641843381,0.0,0.0,0.0,0.0,0.0,0.0,4062.967187467301,4033.1439236438105,4077.8788193790456,4018.2322917320657,AUG26,JUL26,4048.0555555555557,2258.505953441714
XAU,4300.0,-388.9049394142998,4.178490264248473,0.0,0.0,0.0,0.0,0.0,0.0,4062.967187467301,4033.1439236438105,4077.8788193790456,4018.2322917320657,AUG26,JUL26,4048.0555555555557,2258.505953441714
XAU,4305.0,-58.749225575891224,0.6032411761213453,0.0,0.0,0.0,0.0,0.0,0.0,4062.967187467301,4033.1439236438105,4077.8788193790456,4018.2322917320657,AUG26,JUL26,4048.0555555555557,2258.505953441714
XAU,4310.0,-1.460735104212608,0.03726154332132379,0.0,0.0,0.0,0.0,0.0,0.0,4062.967187467301,4033.1439236438105,4077.8788193790456,4018.2322917320657,AUG26,JUL26,4048.0555555555557,2258.505953441714
XAU,4315.0,-17.365634794845406,0.17478745016423156,0.0,0.0,0.0,0.0,0.0,0.0,4062.967187467301,4033.1439236438105,4077.8788193790456,4018.2322917320657,AUG26,JUL26,4048.0555555555557,2258.505953441714
XAU,4320.0,-27.05560814718877,0.38346710632242925,0.0,0.0,0.0,0.0,0.0,0.0,4062.967187467301,4033.1439236438105,4077.8788193790456,4018.2322917320657,AUG26,JUL26,4048.0555555555557,2258.505953441714
XAU,4325.0,-99.81491679137211,1.0070964640194189,0.0,0.0,0.0,0.0,0.0,0.0,4062.967187467301,4033.1439236438105,4077.8788193790456,4018.2322917320657,AUG26,JUL26,4048.0555555555557,2258.505953441714
XAU,4330.0,-9.083624981878891,0.09083624981878892,0.0,0.0,0.0,0.0,0.0,0.0,4062.967187467301,4033.1439236438105,4077.8788193790456,4018.2322917320657,AUG26,JUL26,4048.0555555555557,2258.505953441714
XAU,4335.0,-2.6653112925580587,0.026653112925580588,0.0,0.0,0.0,0.0,0.0,0.0,4062.967187467301,4033.1439236438105,4077.8788193790456,4018.2322917320657,AUG26,JUL26,4048.0555555555557,2258.505953441714
XAU,4340.0,-20.869403741147014,0.20869403741147013,0.0,0.0,0.0,0.0,0.0,0.0,4062.967187467301,4033.1439236438105,4077.8788193790456,4018.2322917320657,AUG26,JUL26,4048.0555555555557,2258.505953441714
XAU,4345.0,-4.0100162097912495,0.04010016209791249,0.0,0.0,0.0,0.0,0.0,0.0,4062.967187467301,4033.1439236438105,4077.8788193790456,4018.2322917320657,AUG26,JUL26,4048.0555555555557,2258.505953441714
XAU,4350.0,-83.26246263116191,1.1174411008763243,0.0,0.0,0.0,0.0,0.0,0.0,4062.967187467301,4033.1439236438105,4077.8788193790456,4018.2322917320657,AUG26,JUL26,4048.0555555555557,2258.505953441714
XAU,4355.0,-13.093981371206326,0.13093981371206326,0.0,0.0,0.0,0.0,0.0,0.0,4062.967187467301,4033.1439236438105,4077.8788193790456,4018.2322917320657,AUG26,JUL26,4048.0555555555557,2258.505953441714
XAU,4360.0,-19.908610379317107,0.2018231637794997,0.0,0.0,0.0,0.0,0.0,0.0,4062.967187467301,4033.1439236438105,4077.8788193790456,4018.2322917320657,AUG26,JUL26,4048.0555555555557,2258.505953441714
XAU,4365.0,-25.21277390332554,0.271721655844995,0.0,0.0,0.0,0.0,0.0,0.0,4062.967187467301,4033.1439236438105,4077.8788193790456,4018.2322917320657,AUG26,JUL26,4048.0555555555557,2258.505953441714
XAU,4370.0,-24.842457704803923,0.27153698536249715,0.0,0.0,0.0,0.0,0.0,0.0,4062.967187467301,4033.1439236438105,4077.8788193790456,4018.2322917320657,AUG26,JUL26,4048.0555555555557,2258.505953441714
XAU,4375.0,-18.8388389813992,0.37187093065500154,0.0,0.0,0.0,0.0,0.0,0.0,4062.967187467301,4033.1439236438105,4077.8788193790456,4018.2322917320657,AUG26,JUL26,4048.0555555555557,2258.505953441714
XAU,4380.0,-18.11792890596597,0.18117928905965971,0.0,0.0,0.0,0.0,0.0,0.0,4062.967187467301,4033.1439236438105,4077.8788193790456,4018.2322917320657,AUG26,JUL26,4048.0555555555557,2258.505953441714
XAU,4385.0,-6.9978963324773975,0.06997896332477398,0.0,0.0,0.0,0.0,0.0,0.0,4062.967187467301,4033.1439236438105,4077.8788193790456,4018.2322917320657,AUG26,JUL26,4048.0555555555557,2258.505953441714
XAU,4390.0,-23.519116694501264,0.2520935857367329,0.0,0.0,0.0,0.0,0.0,0.0,4062.967187467301,4033.1439236438105,4077.8788193790456,4018.2322917320657,AUG26,JUL26,4048.0555555555557,2258.505953441714
XAU,4395.0,-6.791502603816791,0.1465718040113895,0.0,0.0,0.0,0.0,0.0,0.0,4062.967187467301,4033.1439236438105,4077.8788193790456,4018.2322917320657,AUG26,JUL26,4048.0555555555557,2258.505953441714
XAU,4400.0,-274.08046503455597,3.326299248038328,0.0,0.0,0.0,0.0,0.0,2006.0,4062.967187467301,4033.1439236438105,4077.8788193790456,4018.2322917320657,AUG26,JUL26,4048.0555555555557,2258.505953441714
XAU,4405.0,-9.974078060661427,0.1001502883257903,0.0,0.0,0.0,0.0,0.0,0.0,4062.967187467301,4033.1439236438105,4077.8788193790456,4018.2322917320657,AUG26,JUL26,4048.0555555555557,2258.505953441714
XAU,4410.0,-35.567265141441304,0.36015602562955307,0.0,0.0,0.0,0.0,0.0,0.0,4062.967187467301,4033.1439236438105,4077.8788193790456,4018.2322917320657,AUG26,JUL26,4048.0555555555557,2258.505953441714
XAU,4415.0,-13.486380681458835,0.15647591827588173,0.0,0.0,0.0,0.0,0.0,0.0,4062.967187467301,4033.1439236438105,4077.8788193790456,4018.2322917320657,AUG26,JUL26,4048.0555555555557,2258.505953441714
XAU,4420.0,-3.413114081109124,0.03736354875381047,0.0,0.0,0.0,0.0,0.0,0.0,4062.967187467301,4033.1439236438105,4077.8788193790456,4018.2322917320657,AUG26,JUL26,4048.0555555555557,2258.505953441714
XAU,4425.0,-29.991223996761097,0.316735938837952,0.0,0.0,0.0,0.0,0.0,0.0,4062.967187467301,4033.1439236438105,4077.8788193790456,4018.2322917320657,AUG26,JUL26,4048.0555555555557,2258.505953441714
XAU,4430.0,-7.38091986592605,0.07809394266119477,0.0,0.0,0.0,0.0,0.0,0.0,4062.967187467301,4033.1439236438105,4077.8788193790456,4018.2322917320657,AUG26,JUL26,4048.0555555555557,2258.505953441714
XAU,4435.0,-4.419078470134648,0.044190784701346485,0.0,0.0,0.0,0.0,0.0,0.0,4062.967187467301,4033.1439236438105,4077.8788193790456,4018.2322917320657,AUG26,JUL26,4048.0555555555557,2258.505953441714
XAU,4440.0,-8.851365667010622,0.1307430754202542,0.0,0.0,0.0,0.0,0.0,0.0,4062.967187467301,4033.1439236438105,4077.8788193790456,4018.2322917320657,AUG26,JUL26,4048.0555555555557,2258.505953441714
XAU,4445.0,-2.11252901439115,0.021441379640481473,0.0,0.0,0.0,0.0,0.0,0.0,4062.967187467301,4033.1439236438105,4077.8788193790456,4018.2322917320657,AUG26,JUL26,4048.0555555555557,2258.505953441714
XAU,4450.0,-43.48102774524237,0.6723589635282287,0.0,0.0,0.0,0.0,0.0,0.0,4062.967187467301,4033.1439236438105,4077.8788193790456,4018.2322917320657,AUG26,JUL26,4048.0555555555557,2258.505953441714
XAU,4455.0,-16.84092924703764,0.1686769533451267,0.0,0.0,0.0,0.0,0.0,0.0,4062.967187467301,4033.1439236438105,4077.8788193790456,4018.2322917320657,AUG26,JUL26,4048.0555555555557,2258.505953441714
XAU,4460.0,-3.259491318370788,0.03259491318370788,0.0,0.0,0.0,0.0,0.0,0.0,4062.967187467301,4033.1439236438105,4077.8788193790456,4018.2322917320657,AUG26,JUL26,4048.0555555555557,2258.505953441714
XAU,4465.0,-8.402366920924372,0.08402366920924373,0.0,0.0,0.0,0.0,0.0,0.0,4062.967187467301,4033.1439236438105,4077.8788193790456,4018.2322917320657,AUG26,JUL26,4048.0555555555557,2258.505953441714
XAU,4470.0,-7.287159392519685,0.07287159392519685,0.0,0.0,0.0,0.0,0.0,0.0,4062.967187467301,4033.1439236438105,4077.8788193790456,4018.2322917320657,AUG26,JUL26,4048.0555555555557,2258.505953441714
XAU,4475.0,-15.629699684002802,0.16301329114891724,0.0,0.0,0.0,0.0,0.0,0.0,4062.967187467301,4033.1439236438105,4077.8788193790456,4018.2322917320657,AUG26,JUL26,4048.0555555555557,2258.505953441714
XAU,4480.0,-8.487919541537938,0.08487919541537937,0.0,0.0,0.0,0.0,0.0,0.0,4062.967187467301,4033.1439236438105,4077.8788193790456,4018.2322917320657,AUG26,JUL26,4048.0555555555557,2258.505953441714
XAU,4485.0,-2.6721785585881115,0.026721785585881116,0.0,0.0,0.0,0.0,0.0,0.0,4062.967187467301,4033.1439236438105,4077.8788193790456,4018.2322917320657,AUG26,JUL26,4048.0555555555557,2258.505953441714
XAU,4490.0,-5.323754527212778,0.05323754527212778,0.0,0.0,0.0,0.0,0.0,0.0,4062.967187467301,4033.1439236438105,4077.8788193790456,4018.2322917320657,AUG26,JUL26,4048.0555555555557,2258.505953441714
XAU,4495.0,-2.9525853400132336,0.030371651056959395,0.0,0.0,0.0,0.0,0.0,0.0,4062.967187467301,4033.1439236438105,4077.8788193790456,4018.2322917320657,AUG26,JUL26,4048.0555555555557,2258.505953441714
XAU,4500.0,-10.624441823449503,0.3349321253777414,0.0,0.0,0.0,0.0,0.0,0.0,4062.967187467301,4033.1439236438105,4077.8788193790456,4018.2322917320657,AUG26,JUL26,4048.0555555555557,2258.505953441714
XAU,4505.0,-3.408514298028545,0.03498276257883063,0.0,0.0,0.0,0.0,0.0,0.0,4062.967187467301,4033.1439236438105,4077.8788193790456,4018.2322917320657,AUG26,JUL26,4048.0555555555557,2258.505953441714
XAU,4510.0,-3.954001673938355,0.03954001673938356,0.0,0.0,0.0,0.0,0.0,0.0,4062.967187467301,4033.1439236438105,4077.8788193790456,4018.2322917320657,AUG26,JUL26,4048.0555555555557,2258.505953441714
XAU,4515.0,-16.611305416442736,0.16772924771809727,0.0,0.0,0.0,0.0,0.0,0.0,4062.967187467301,4033.1439236438105,4077.8788193790456,4018.2322917320657,AUG26,JUL26,4048.0555555555557,2258.505953441714
XAU,4520.0,-17.824640548703762,0.1782464054870376,0.0,0.0,0.0,0.0,0.0,0.0,4062.967187467301,4033.1439236438105,4077.8788193790456,4018.2322917320657,AUG26,JUL26,4048.0555555555557,2258.505953441714
XAU,4525.0,-27.090344054742,0.27090344054742,0.0,0.0,0.0,0.0,0.0,0.0,4062.967187467301,4033.1439236438105,4077.8788193790456,4018.2322917320657,AUG26,JUL26,4048.0555555555557,2258.505953441714
XAU,4530.0,-5.734997040781952,0.05734997040781953,0.0,0.0,0.0,0.0,0.0,0.0,4062.967187467301,4033.1439236438105,4077.8788193790456,4018.2322917320657,AUG26,JUL26,4048.0555555555557,2258.505953441714
XAU,4535.0,-9.54125869383157,0.09541258693831571,0.0,0.0,0.0,0.0,0.0,0.0,4062.967187467301,4033.1439236438105,4077.8788193790456,4018.2322917320657,AUG26,JUL26,4048.0555555555557,2258.505953441714
XAU,4540.0,-3.643058839580455,0.03643058839580455,0.0,0.0,0.0,0.0,0.0,0.0,4062.967187467301,4033.1439236438105,4077.8788193790456,4018.2322917320657,AUG26,JUL26,4048.0555555555557,2258.505953441714
XAU,4545.0,-4.513781058659562,0.04513781058659562,0.0,0.0,0.0,0.0,0.0,0.0,4062.967187467301,4033.1439236438105,4077.8788193790456,4018.2322917320657,AUG26,JUL26,4048.0555555555557,2258.505953441714
XAU,4550.0,-3.307603992924764,0.23272874884274722,0.0,0.0,0.0,0.0,0.0,0.0,4062.967187467301,4033.1439236438105,4077.8788193790456,4018.2322917320657,AUG26,JUL26,4048.0555555555557,2258.505953441714
XAU,4555.0,-8.244383042656327,0.08244383042656327,0.0,0.0,0.0,0.0,0.0,0.0,4062.967187467301,4033.1439236438105,4077.8788193790456,4018.2322917320657,AUG26,JUL26,4048.0555555555557,2258.505953441714
XAU,4560.0,-12.718636973738928,0.12718636973738928,0.0,0.0,0.0,0.0,0.0,0.0,4062.967187467301,4033.1439236438105,4077.8788193790456,4018.2322917320657,AUG26,JUL26,4048.0555555555557,2258.505953441714
XAU,4565.0,-1.5603699482560613,0.015603699482560612,0.0,0.0,0.0,0.0,0.0,0.0,4062.967187467301,4033.1439236438105,4077.8788193790456,4018.2322917320657,AUG26,JUL26,4048.0555555555557,2258.505953441714
XAU,4570.0,-4.139253116377629,0.041392531163776294,0.0,0.0,0.0,0.0,0.0,0.0,4062.967187467301,4033.1439236438105,4077.8788193790456,4018.2322917320657,AUG26,JUL26,4048.0555555555557,2258.505953441714
XAU,4575.0,-3.77323541452376,0.07926191470207214,0.0,0.0,0.0,0.0,0.0,0.0,4062.967187467301,4033.1439236438105,4077.8788193790456,4018.2322917320657,AUG26,JUL26,4048.0555555555557,2258.505953441714
XAU,4580.0,-15.90465694089852,0.1590465694089852,0.0,0.0,0.0,0.0,0.0,0.0,4062.967187467301,4033.1439236438105,4077.8788193790456,4018.2322917320657,AUG26,JUL26,4048.0555555555557,2258.505953441714
XAU,4585.0,-16.875972017564894,0.16875972017564894,0.0,0.0,0.0,0.0,0.0,0.0,4062.967187467301,4033.1439236438105,4077.8788193790456,4018.2322917320657,AUG26,JUL26,4048.0555555555557,2258.505953441714
XAU,4590.0,-1.784923216306477,0.01784923216306477,0.0,0.0,0.0,0.0,0.0,0.0,4062.967187467301,4033.1439236438105,4077.8788193790456,4018.2322917320657,AUG26,JUL26,4048.0555555555557,2258.505953441714
XAU,4595.0,-6.223093878741308,0.06223093878741308,0.0,0.0,0.0,0.0,0.0,0.0,4062.967187467301,4033.1439236438105,4077.8788193790456,4018.2322917320657,AUG26,JUL26,4048.0555555555557,2258.505953441714
XAU,4600.0,-85.82369603172356,0.8998510443452702,0.0,0.0,0.0,0.0,0.0,0.0,4062.967187467301,4033.1439236438105,4077.8788193790456,4018.2322917320657,AUG26,JUL26,4048.0555555555557,2258.505953441714
XAU,4605.0,-3.2060620306723253,0.032060620306723256,0.0,0.0,0.0,0.0,0.0,0.0,4062.967187467301,4033.1439236438105,4077.8788193790456,4018.2322917320657,AUG26,JUL26,4048.0555555555557,2258.505953441714
XAU,4610.0,-2.5011919345090226,0.025011919345090224,0.0,0.0,0.0,0.0,0.0,0.0,4062.967187467301,4033.1439236438105,4077.8788193790456,4018.2322917320657,AUG26,JUL26,4048.0555555555557,2258.505953441714
XAU,4615.0,0.7349503305749121,0.01380040539112536,0.0,0.0,0.0,0.0,0.0,0.0,4062.967187467301,4033.1439236438105,4077.8788193790456,4018.2322917320657,AUG26,JUL26,4048.0555555555557,2258.505953441714
XAU,4620.0,-1.5381585570304062,0.015381585570304062,0.0,0.0,0.0,0.0,0.0,0.0,4062.967187467301,4033.1439236438105,4077.8788193790456,4018.2322917320657,AUG26,JUL26,4048.0555555555557,2258.505953441714
XAU,4625.0,-14.70357214183606,0.1470357214183606,0.0,0.0,0.0,0.0,0.0,0.0,4062.967187467301,4033.1439236438105,4077.8788193790456,4018.2322917320657,AUG26,JUL26,4048.0555555555557,2258.505953441714
XAU,4630.0,-15.914542221848976,0.15914542221848976,0.0,0.0,0.0,0.0,0.0,0.0,4062.967187467301,4033.1439236438105,4077.8788193790456,4018.2322917320657,AUG26,JUL26,4048.0555555555557,2258.505953441714
XAU,4635.0,-4.238529319494591,0.04238529319494591,0.0,0.0,0.0,0.0,0.0,0.0,4062.967187467301,4033.1439236438105,4077.8788193790456,4018.2322917320657,AUG26,JUL26,4048.0555555555557,2258.505953441714
XAU,4640.0,-14.799092663875376,0.15567922249637858,0.0,0.0,0.0,0.0,0.0,0.0,4062.967187467301,4033.1439236438105,4077.8788193790456,4018.2322917320657,AUG26,JUL26,4048.0555555555557,2258.505953441714
XAU,4645.0,-4.1284832271619285,0.04128483227161928,0.0,0.0,0.0,0.0,0.0,0.0,4062.967187467301,4033.1439236438105,4077.8788193790456,4018.2322917320657,AUG26,JUL26,4048.0555555555557,2258.505953441714
XAU,4650.0,-21.91892824087686,0.22906946636896805,0.0,0.0,0.0,0.0,0.0,0.0,4062.967187467301,4033.1439236438105,4077.8788193790456,4018.2322917320657,AUG26,JUL26,4048.0555555555557,2258.505953441714
XAU,4655.0,-1.0000806121050243,0.010000806121050244,0.0,0.0,0.0,0.0,0.0,0.0,4062.967187467301,4033.1439236438105,4077.8788193790456,4018.2322917320657,AUG26,JUL26,4048.0555555555557,2258.505953441714
XAU,4660.0,-20.59101500212215,0.20591015002122148,0.0,0.0,0.0,0.0,0.0,0.0,4062.967187467301,4033.1439236438105,4077.8788193790456,4018.2322917320657,AUG26,JUL26,4048.0555555555557,2258.505953441714
XAU,4665.0,-2.938966813571882,0.02938966813571882,0.0,0.0,0.0,0.0,0.0,0.0,4062.967187467301,4033.1439236438105,4077.8788193790456,4018.2322917320657,AUG26,JUL26,4048.0555555555557,2258.505953441714
XAU,4670.0,-1.5393823366509485,0.015393823366509487,0.0,0.0,0.0,0.0,0.0,0.0,4062.967187467301,4033.1439236438105,4077.8788193790456,4018.2322917320657,AUG26,JUL26,4048.0555555555557,2258.505953441714
XAU,4675.0,-0.9005559902529827,0.009005559902529828,0.0,0.0,0.0,0.0,0.0,0.0,4062.967187467301,4033.1439236438105,4077.8788193790456,4018.2322917320657,AUG26,JUL26,4048.0555555555557,2258.505953441714
XAU,4680.0,-3.0860595530364323,0.03086059553036432,0.0,0.0,0.0,0.0,0.0,0.0,4062.967187467301,4033.1439236438105,4077.8788193790456,4018.2322917320657,AUG26,JUL26,4048.0555555555557,2258.505953441714
XAU,4685.0,-5.504342627834189,0.05590729502544278,0.0,0.0,0.0,0.0,0.0,0.0,4062.967187467301,4033.1439236438105,4077.8788193790456,4018.2322917320657,AUG26,JUL26,4048.0555555555557,2258.505953441714
XAU,4690.0,-0.3141694000225087,0.003141694000225087,0.0,0.0,0.0,0.0,0.0,0.0,4062.967187467301,4033.1439236438105,4077.8788193790456,4018.2322917320657,AUG26,JUL26,4048.0555555555557,2258.505953441714
XAU,4695.0,-0.11911354989714215,0.0011911354989714215,0.0,0.0,0.0,0.0,0.0,0.0,4062.967187467301,4033.1439236438105,4077.8788193790456,4018.2322917320657,AUG26,JUL26,4048.0555555555557,2258.505953441714
XAU,4700.0,-40.37297787872834,0.40620060137681735,0.0,0.0,0.0,0.0,0.0,0.0,4062.967187467301,4033.1439236438105,4077.8788193790456,4018.2322917320657,AUG26,JUL26,4048.0555555555557,2258.505953441714
XAU,4705.0,-3.4568646297421206,0.03456864629742121,0.0,0.0,0.0,0.0,0.0,0.0,4062.967187467301,4033.1439236438105,4077.8788193790456,4018.2322917320657,AUG26,JUL26,4048.0555555555557,2258.505953441714
XAU,4710.0,-0.31990539471329843,0.0031990539471329843,0.0,0.0,0.0,0.0,0.0,0.0,4062.967187467301,4033.1439236438105,4077.8788193790456,4018.2322917320657,AUG26,JUL26,4048.0555555555557,2258.505953441714
XAU,4715.0,-0.38169074926057045,0.0038169074926057045,0.0,0.0,0.0,0.0,0.0,0.0,4062.967187467301,4033.1439236438105,4077.8788193790456,4018.2322917320657,AUG26,JUL26,4048.0555555555557,2258.505953441714
XAU,4720.0,-0.2866938838464822,0.0028669388384648217,0.0,0.0,0.0,0.0,0.0,0.0,4062.967187467301,4033.1439236438105,4077.8788193790456,4018.2322917320657,AUG26,JUL26,4048.0555555555557,2258.505953441714
XAU,4725.0,-3.6137957230978492,0.03994135538778114,0.0,0.0,0.0,0.0,0.0,0.0,4062.967187467301,4033.1439236438105,4077.8788193790456,4018.2322917320657,AUG26,JUL26,4048.0555555555557,2258.505953441714
XAU,4730.0,-1.1685762512032136,0.011685762512032136,0.0,0.0,0.0,0.0,0.0,0.0,4062.967187467301,4033.1439236438105,4077.8788193790456,4018.2322917320657,AUG26,JUL26,4048.0555555555557,2258.505953441714
XAU,4735.0,-1.2049142143416298,0.012049142143416298,0.0,0.0,0.0,0.0,0.0,0.0,4062.967187467301,4033.1439236438105,4077.8788193790456,4018.2322917320657,AUG26,JUL26,4048.0555555555557,2258.505953441714
XAU,4740.0,-0.7591991335039295,0.007591991335039295,0.0,0.0,0.0,0.0,0.0,0.0,4062.967187467301,4033.1439236438105,4077.8788193790456,4018.2322917320657,AUG26,JUL26,4048.0555555555557,2258.505953441714
XAU,4745.0,-0.8596349031427591,0.008596349031427591,0.0,0.0,0.0,0.0,0.0,0.0,4062.967187467301,4033.1439236438105,4077.8788193790456,4018.2322917320657,AUG26,JUL26,4048.0555555555557,2258.505953441714
XAU,4750.0,-3.5302243387588748,0.03635486204707783,0.0,0.0,0.0,0.0,0.0,0.0,4062.967187467301,4033.1439236438105,4077.8788193790456,4018.2322917320657,AUG26,JUL26,4048.0555555555557,2258.505953441714
XAU,4755.0,-0.49217691892691895,0.00492176918926919,0.0,0.0,0.0,0.0,0.0,0.0,4062.967187467301,4033.1439236438105,4077.8788193790456,4018.2322917320657,AUG26,JUL26,4048.0555555555557,2258.505953441714
XAU,4760.0,-0.12939930571309946,0.0012939930571309946,0.0,0.0,0.0,0.0,0.0,0.0,4062.967187467301,4033.1439236438105,4077.8788193790456,4018.2322917320657,AUG26,JUL26,4048.0555555555557,2258.505953441714
XAU,4765.0,-0.12821616420768195,0.0012821616420768194,0.0,0.0,0.0,0.0,0.0,0.0,4062.967187467301,4033.1439236438105,4077.8788193790456,4018.2322917320657,AUG26,JUL26,4048.0555555555557,2258.505953441714
XAU,4770.0,-4.61504041899366,0.0461504041899366,0.0,0.0,0.0,0.0,0.0,0.0,4062.967187467301,4033.1439236438105,4077.8788193790456,4018.2322917320657,AUG26,JUL26,4048.0555555555557,2258.505953441714
XAU,4775.0,-2.985556223352006,0.029855562233520063,0.0,0.0,0.0,0.0,0.0,0.0,4062.967187467301,4033.1439236438105,4077.8788193790456,4018.2322917320657,AUG26,JUL26,4048.0555555555557,2258.505953441714
XAU,4780.0,2.5368650070264036,0.031943553945313376,0.0,0.0,0.0,0.0,0.0,0.0,4062.967187467301,4033.1439236438105,4077.8788193790456,4018.2322917320657,AUG26,JUL26,4048.0555555555557,2258.505953441714
XAU,4785.0,-0.3038181901615675,0.0030381819016156754,0.0,0.0,0.0,0.0,0.0,0.0,4062.967187467301,4033.1439236438105,4077.8788193790456,4018.2322917320657,AUG26,JUL26,4048.0555555555557,2258.505953441714
XAU,4790.0,-0.8866231929297432,0.008866231929297433,0.0,0.0,0.0,0.0,0.0,0.0,4062.967187467301,4033.1439236438105,4077.8788193790456,4018.2322917320657,AUG26,JUL26,4048.0555555555557,2258.505953441714
XAU,4795.0,-2.0876106490726816,0.020876106490726815,0.0,0.0,0.0,0.0,0.0,0.0,4062.967187467301,4033.1439236438105,4077.8788193790456,4018.2322917320657,AUG26,JUL26,4048.0555555555557,2258.505953441714
XAU,4800.0,-12.03125231585021,0.1920166731478919,0.0,0.0,0.0,0.0,0.0,0.0,4062.967187467301,4033.1439236438105,4077.8788193790456,4018.2322917320657,AUG26,JUL26,4048.0555555555557,2258.505953441714
XAU,4805.0,-0.1417560877220722,0.001417560877220722,0.0,0.0,0.0,0.0,0.0,0.0,4062.967187467301,4033.1439236438105,4077.8788193790456,4018.2322917320657,AUG26,JUL26,4048.0555555555557,2258.505953441714
XAU,4810.0,-0.05894984662785666,0.0009439472182163057,0.0,0.0,0.0,0.0,0.0,0.0,4062.967187467301,4033.1439236438105,4077.8788193790456,4018.2322917320657,AUG26,JUL26,4048.0555555555557,2258.505953441714
XAU,4815.0,-0.04560519766579181,0.00045605197665791813,0.0,0.0,0.0,0.0,0.0,0.0,4062.967187467301,4033.1439236438105,4077.8788193790456,4018.2322917320657,AUG26,JUL26,4048.0555555555557,2258.505953441714
XAU,4820.0,-0.024757154369922492,0.000935512422905833,0.0,0.0,0.0,0.0,0.0,0.0,4062.967187467301,4033.1439236438105,4077.8788193790456,4018.2322917320657,AUG26,JUL26,4048.0555555555557,2258.505953441714
XAU,4825.0,-0.43985784610127143,0.004398578461012714,0.0,0.0,0.0,0.0,0.0,0.0,4062.967187467301,4033.1439236438105,4077.8788193790456,4018.2322917320657,AUG26,JUL26,4048.0555555555557,2258.505953441714
XAU,4830.0,0.025275870076955143,0.0014157365615333811,0.0,0.0,0.0,0.0,0.0,0.0,4062.967187467301,4033.1439236438105,4077.8788193790456,4018.2322917320657,AUG26,JUL26,4048.0555555555557,2258.505953441714
XAU,4835.0,-0.5087006272315185,0.005087006272315186,0.0,0.0,0.0,0.0,0.0,0.0,4062.967187467301,4033.1439236438105,4077.8788193790456,4018.2322917320657,AUG26,JUL26,4048.0555555555557,2258.505953441714
XAU,4840.0,-0.070058242345302,0.00070058242345302,0.0,0.0,0.0,0.0,0.0,0.0,4062.967187467301,4033.1439236438105,4077.8788193790456,4018.2322917320657,AUG26,JUL26,4048.0555555555557,2258.505953441714
XAU,4845.0,0.1604860842120011,0.0016048608421200111,0.0,0.0,0.0,0.0,0.0,0.0,4062.967187467301,4033.1439236438105,4077.8788193790456,4018.2322917320657,AUG26,JUL26,4048.0555555555557,2258.505953441714
XAU,4850.0,-2.185969849236363,0.021859698492363633,0.0,0.0,0.0,0.0,0.0,0.0,4062.967187467301,4033.1439236438105,4077.8788193790456,4018.2322917320657,AUG26,JUL26,4048.0555555555557,2258.505953441714
XAU,4855.0,0.16966320613103816,0.004838343114837126,0.0,0.0,0.0,0.0,0.0,0.0,4062.967187467301,4033.1439236438105,4077.8788193790456,4018.2322917320657,AUG26,JUL26,4048.0555555555557,2258.505953441714
XAU,4860.0,3.2545939027928563,0.034882793710486235,0.0,0.0,0.0,0.0,0.0,0.0,4062.967187467301,4033.1439236438105,4077.8788193790456,4018.2322917320657,AUG26,JUL26,4048.0555555555557,2258.505953441714
XAU,4865.0,0.45218905927067354,0.007541169052626578,0.0,0.0,0.0,0.0,0.0,0.0,4062.967187467301,4033.1439236438105,4077.8788193790456,4018.2322917320657,AUG26,JUL26,4048.0555555555557,2258.505953441714
XAU,4870.0,-0.3468923832599272,0.003768096912120097,0.0,0.0,0.0,0.0,0.0,0.0,4062.967187467301,4033.1439236438105,4077.8788193790456,4018.2322917320657,AUG26,JUL26,4048.0555555555557,2258.505953441714
XAU,4875.0,3.434667943695363,0.05464397418643593,0.0,0.0,0.0,0.0,0.0,0.0,4062.967187467301,4033.1439236438105,4077.8788193790456,4018.2322917320657,AUG26,JUL26,4048.0555555555557,2258.505953441714
XAU,4880.0,0.5654625464595577,0.036079343368090516,0.0,0.0,0.0,0.0,0.0,0.0,4062.967187467301,4033.1439236438105,4077.8788193790456,4018.2322917320657,AUG26,JUL26,4048.0555555555557,2258.505953441714
XAU,4885.0,-0.08067861840416755,0.0010943335143960757,0.0,0.0,0.0,0.0,0.0,0.0,4062.967187467301,4033.1439236438105,4077.8788193790456,4018.2322917320657,AUG26,JUL26,4048.0555555555557,2258.505953441714
XAU,4890.0,0.5141569584680156,0.006556024942201295,0.0,0.0,0.0,0.0,0.0,0.0,4062.967187467301,4033.1439236438105,4077.8788193790456,4018.2322917320657,AUG26,JUL26,4048.0555555555557,2258.505953441714
XAU,4895.0,0.9896959699485901,0.011264030674489504,0.0,0.0,0.0,0.0,0.0,0.0,4062.967187467301,4033.1439236438105,4077.8788193790456,4018.2322917320657,AUG26,JUL26,4048.0555555555557,2258.505953441714
XAU,4900.0,-4.672762455827821,0.05069689182431356,0.0,0.0,0.0,0.0,0.0,0.0,4062.967187467301,4033.1439236438105,4077.8788193790456,4018.2322917320657,AUG26,JUL26,4048.0555555555557,2258.505953441714
XAU,4905.0,0.058650083428648025,0.00709021397666569,0.0,0.0,0.0,0.0,0.0,0.0,4062.967187467301,4033.1439236438105,4077.8788193790456,4018.2322917320657,AUG26,JUL26,4048.0555555555557,2258.505953441714
XAU,4910.0,-0.03496518469887727,0.004627995031476385,0.0,0.0,0.0,0.0,0.0,0.0,4062.967187467301,4033.1439236438105,4077.8788193790456,4018.2322917320657,AUG26,JUL26,4048.0555555555557,2258.505953441714
XAU,4915.0,0.5730694234070605,0.005945427756149351,0.0,0.0,0.0,0.0,0.0,0.0,4062.967187467301,4033.1439236438105,4077.8788193790456,4018.2322917320657,AUG26,JUL26,4048.0555555555557,2258.505953441714
XAU,4920.0,0.34991698190303433,0.004138382352670644,0.0,0.0,0.0,0.0,0.0,0.0,4062.967187467301,4033.1439236438105,4077.8788193790456,4018.2322917320657,AUG26,JUL26,4048.0555555555557,2258.505953441714
XAU,4925.0,-0.28280735114291666,0.008050692931242297,0.0,0.0,0.0,0.0,0.0,0.0,4062.967187467301,4033.1439236438105,4077.8788193790456,4018.2322917320657,AUG26,JUL26,4048.0555555555557,2258.505953441714
XAU,4930.0,0.4611936022248492,0.00685246438454773,0.0,0.0,0.0,0.0,0.0,0.0,4062.967187467301,4033.1439236438105,4077.8788193790456,4018.2322917320657,AUG26,JUL26,4048.0555555555557,2258.505953441714
XAU,4935.0,0.27815853606236085,0.0027815853606236083,0.0,0.0,0.0,0.0,0.0,0.0,4062.967187467301,4033.1439236438105,4077.8788193790456,4018.2322917320657,AUG26,JUL26,4048.0555555555557,2258.505953441714
XAU,4940.0,0.7781107198721929,0.007781107198721929,0.0,0.0,0.0,0.0,0.0,0.0,4062.967187467301,4033.1439236438105,4077.8788193790456,4018.2322917320657,AUG26,JUL26,4048.0555555555557,2258.505953441714
XAU,4945.0,-0.009643435270468624,9.643435270468624e-05,0.0,0.0,0.0,0.0,0.0,0.0,4062.967187467301,4033.1439236438105,4077.8788193790456,4018.2322917320657,AUG26,JUL26,4048.0555555555557,2258.505953441714
XAU,4950.0,-0.2220186607204526,0.004288036883179375,0.0,0.0,0.0,0.0,0.0,0.0,4062.967187467301,4033.1439236438105,4077.8788193790456,4018.2322917320657,AUG26,JUL26,4048.0555555555557,2258.505953441714
XAU,4955.0,0.3303122272140583,0.003683096818971516,0.0,0.0,0.0,0.0,0.0,0.0,4062.967187467301,4033.1439236438105,4077.8788193790456,4018.2322917320657,AUG26,JUL26,4048.0555555555557,2258.505953441714
XAU,4960.0,0.5739870698365703,0.005739870698365703,0.0,0.0,0.0,0.0,0.0,0.0,4062.967187467301,4033.1439236438105,4077.8788193790456,4018.2322917320657,AUG26,JUL26,4048.0555555555557,2258.505953441714
XAU,4965.0,-0.009045407227876298,9.045407227876297e-05,0.0,0.0,0.0,0.0,0.0,0.0,4062.967187467301,4033.1439236438105,4077.8788193790456,4018.2322917320657,AUG26,JUL26,4048.0555555555557,2258.505953441714
XAU,4970.0,0.42748058133620803,0.00427480581336208,0.0,0.0,0.0,0.0,0.0,0.0,4062.967187467301,4033.1439236438105,4077.8788193790456,4018.2322917320657,AUG26,JUL26,4048.0555555555557,2258.505953441714
XAU,4975.0,0.35560604280467356,0.0035560604280467354,0.0,0.0,0.0,0.0,0.0,0.0,4062.967187467301,4033.1439236438105,4077.8788193790456,4018.2322917320657,AUG26,JUL26,4048.0555555555557,2258.505953441714
XAU,4980.0,0.21926827040617974,0.002363255790852841,0.0,0.0,0.0,0.0,0.0,0.0,4062.967187467301,4033.1439236438105,4077.8788193790456,4018.2322917320657,AUG26,JUL26,4048.0555555555557,2258.505953441714
XAU,4985.0,0.0,0.0,0.0,0.0,0.0,0.0,0.0,0.0,4062.967187467301,4033.1439236438105,4077.8788193790456,4018.2322917320657,AUG26,JUL26,4048.0555555555557,2258.505953441714
XAU,4990.0,0.0,0.0,0.0,0.0,0.0,0.0,0.0,0.0,4062.967187467301,4033.1439236438105,4077.8788193790456,4018.2322917320657,AUG26,JUL26,4048.0555555555557,2258.505953441714
XAU,4995.0,0.15287353187249905,0.0015287353187249904,0.0,0.0,0.0,0.0,0.0,0.0,4062.967187467301,4033.1439236438105,4077.8788193790456,4018.2322917320657,AUG26,JUL26,4048.0555555555557,2258.505953441714
XAU,5000.0,-0.163154885153228,0.05171198043587383,0.0,0.0,0.0,0.0,0.0,0.0,4062.967187467301,4033.1439236438105,4077.8788193790456,4018.2322917320657,AUG26,JUL26,4048.0555555555557,2258.505953441714
XAU,5005.0,0.0,0.0,0.0,0.0,0.0,0.0,0.0,0.0,4062.967187467301,4033.1439236438105,4077.8788193790456,4018.2322917320657,AUG26,JUL26,4048.0555555555557,2258.505953441714
XAU,5010.0,-0.015697571296688504,0.00015697571296688505,0.0,0.0,0.0,0.0,0.0,0.0,4062.967187467301,4033.1439236438105,4077.8788193790456,4018.2322917320657,AUG26,JUL26,4048.0555555555557,2258.505953441714
XAU,5015.0,0.0,0.0,0.0,0.0,0.0,0.0,0.0,0.0,4062.967187467301,4033.1439236438105,4077.8788193790456,4018.2322917320657,AUG26,JUL26,4048.0555555555557,2258.505953441714
XAU,5020.0,-0.015477346150135574,0.00015477346150135574,0.0,0.0,0.0,0.0,0.0,0.0,4062.967187467301,4033.1439236438105,4077.8788193790456,4018.2322917320657,AUG26,JUL26,4048.0555555555557,2258.505953441714
XAU,5025.0,-0.17370341492038552,0.001941990593987326,0.0,0.0,0.0,0.0,0.0,0.0,4062.967187467301,4033.1439236438105,4077.8788193790456,4018.2322917320657,AUG26,JUL26,4048.0555555555557,2258.505953441714
XAU,5030.0,-0.007306760004171304,7.306760004171304e-05,0.0,0.0,0.0,0.0,0.0,0.0,4062.967187467301,4033.1439236438105,4077.8788193790456,4018.2322917320657,AUG26,JUL26,4048.0555555555557,2258.505953441714
XAU,5035.0,0.0,0.0,0.0,0.0,0.0,0.0,0.0,0.0,4062.967187467301,4033.1439236438105,4077.8788193790456,4018.2322917320657,AUG26,JUL26,4048.0555555555557,2258.505953441714
XAU,5040.0,-0.028824282531773812,0.0002882428253177381,0.0,0.0,0.0,0.0,0.0,0.0,4062.967187467301,4033.1439236438105,4077.8788193790456,4018.2322917320657,AUG26,JUL26,4048.0555555555557,2258.505953441714
XAU,5045.0,-0.22185612027656063,0.0022185612027656064,0.0,0.0,0.0,0.0,0.0,0.0,4062.967187467301,4033.1439236438105,4077.8788193790456,4018.2322917320657,AUG26,JUL26,4048.0555555555557,2258.505953441714
XAU,5050.0,-2.378793521257481,0.02378793521257481,0.0,0.0,0.0,0.0,0.0,0.0,4062.967187467301,4033.1439236438105,4077.8788193790456,4018.2322917320657,AUG26,JUL26,4048.0555555555557,2258.505953441714
XAU,5055.0,0.211576258026408,0.00211576258026408,0.0,0.0,0.0,0.0,0.0,0.0,4062.967187467301,4033.1439236438105,4077.8788193790456,4018.2322917320657,AUG26,JUL26,4048.0555555555557,2258.505953441714
XAU,5060.0,0.0,0.0,0.0,0.0,0.0,0.0,0.0,0.0,4062.967187467301,4033.1439236438105,4077.8788193790456,4018.2322917320657,AUG26,JUL26,4048.0555555555557,2258.505953441714
XAU,5065.0,0.0,0.0,0.0,0.0,0.0,0.0,0.0,0.0,4062.967187467301,4033.1439236438105,4077.8788193790456,4018.2322917320657,AUG26,JUL26,4048.0555555555557,2258.505953441714
XAU,5070.0,-0.11212874355660243,0.0011212874355660243,0.0,0.0,0.0,0.0,0.0,0.0,4062.967187467301,4033.1439236438105,4077.8788193790456,4018.2322917320657,AUG26,JUL26,4048.0555555555557,2258.505953441714
XAU,5075.0,4.430030156554906,0.04430030156554906,0.0,0.0,0.0,0.0,0.0,0.0,4062.967187467301,4033.1439236438105,4077.8788193790456,4018.2322917320657,AUG26,JUL26,4048.0555555555557,2258.505953441714
XAU,5080.0,-0.018523615234996172,0.00018523615234996172,0.0,0.0,0.0,0.0,0.0,0.0,4062.967187467301,4033.1439236438105,4077.8788193790456,4018.2322917320657,AUG26,JUL26,4048.0555555555557,2258.505953441714
XAU,5085.0,-0.06133603474406408,0.0006133603474406408,0.0,0.0,0.0,0.0,0.0,0.0,4062.967187467301,4033.1439236438105,4077.8788193790456,4018.2322917320657,AUG26,JUL26,4048.0555555555557,2258.505953441714
XAU,5090.0,0.0,0.0,0.0,0.0,0.0,0.0,0.0,0.0,4062.967187467301,4033.1439236438105,4077.8788193790456,4018.2322917320657,AUG26,JUL26,4048.0555555555557,2258.505953441714
XAU,5095.0,0.0,0.0,0.0,0.0,0.0,0.0,0.0,0.0,4062.967187467301,4033.1439236438105,4077.8788193790456,4018.2322917320657,AUG26,JUL26,4048.0555555555557,2258.505953441714
XAU,5100.0,0.15779606218664444,0.0015779606218664444,0.0,0.0,0.0,0.0,0.0,0.0,4062.967187467301,4033.1439236438105,4077.8788193790456,4018.2322917320657,AUG26,JUL26,4048.0555555555557,2258.505953441714
XAU,5105.0,0.0,0.0,0.0,0.0,0.0,0.0,0.0,0.0,4062.967187467301,4033.1439236438105,4077.8788193790456,4018.2322917320657,AUG26,JUL26,4048.0555555555557,2258.505953441714
XAU,5110.0,0.10261251727722706,0.0010261251727722706,0.0,0.0,0.0,0.0,0.0,0.0,4062.967187467301,4033.1439236438105,4077.8788193790456,4018.2322917320657,AUG26,JUL26,4048.0555555555557,2258.505953441714
XAU,5115.0,0.0,0.0,0.0,0.0,0.0,0.0,0.0,0.0,4062.967187467301,4033.1439236438105,4077.8788193790456,4018.2322917320657,AUG26,JUL26,4048.0555555555557,2258.505953441714
XAU,5120.0,-0.011051531638148152,0.00011051531638148153,0.0,0.0,0.0,0.0,0.0,0.0,4062.967187467301,4033.1439236438105,4077.8788193790456,4018.2322917320657,AUG26,JUL26,4048.0555555555557,2258.505953441714
XAU,5125.0,1.3577053611088759,0.013577053611088758,0.0,0.0,0.0,0.0,0.0,0.0,4062.967187467301,4033.1439236438105,4077.8788193790456,4018.2322917320657,AUG26,JUL26,4048.0555555555557,2258.505953441714
XAU,5130.0,0.0,0.0,0.0,0.0,0.0,0.0,0.0,0.0,4062.967187467301,4033.1439236438105,4077.8788193790456,4018.2322917320657,AUG26,JUL26,4048.0555555555557,2258.505953441714
XAU,5135.0,0.0,0.0,0.0,0.0,0.0,0.0,0.0,0.0,4062.967187467301,4033.1439236438105,4077.8788193790456,4018.2322917320657,AUG26,JUL26,4048.0555555555557,2258.505953441714
XAU,5140.0,0.0,0.0,0.0,0.0,0.0,0.0,0.0,0.0,4062.967187467301,4033.1439236438105,4077.8788193790456,4018.2322917320657,AUG26,JUL26,4048.0555555555557,2258.505953441714
XAU,5145.0,0.0,0.0,0.0,0.0,0.0,0.0,0.0,0.0,4062.967187467301,4033.1439236438105,4077.8788193790456,4018.2322917320657,AUG26,JUL26,4048.0555555555557,2258.505953441714
XAU,5150.0,0.0,0.0,0.0,0.0,0.0,0.0,0.0,0.0,4062.967187467301,4033.1439236438105,4077.8788193790456,4018.2322917320657,AUG26,JUL26,4048.0555555555557,2258.505953441714
XAU,5155.0,0.0,0.0,0.0,0.0,0.0,0.0,0.0,0.0,4062.967187467301,4033.1439236438105,4077.8788193790456,4018.2322917320657,AUG26,JUL26,4048.0555555555557,2258.505953441714
XAU,5160.0,0.2930322281545315,0.0029303222815453152,0.0,0.0,0.0,0.0,0.0,0.0,4062.967187467301,4033.1439236438105,4077.8788193790456,4018.2322917320657,AUG26,JUL26,4048.0555555555557,2258.505953441714
XAU,5165.0,0.0,0.0,0.0,0.0,0.0,0.0,0.0,0.0,4062.967187467301,4033.1439236438105,4077.8788193790456,4018.2322917320657,AUG26,JUL26,4048.0555555555557,2258.505953441714
XAU,5170.0,0.013062940508355266,0.00013062940508355267,0.0,0.0,0.0,0.0,0.0,0.0,4062.967187467301,4033.1439236438105,4077.8788193790456,4018.2322917320657,AUG26,JUL26,4048.0555555555557,2258.505953441714
XAU,5175.0,0.0,0.0,0.0,0.0,0.0,0.0,0.0,0.0,4062.967187467301,4033.1439236438105,4077.8788193790456,4018.2322917320657,AUG26,JUL26,4048.0555555555557,2258.505953441714
XAU,5180.0,0.11048885756420306,0.0012008465983736065,0.0,0.0,0.0,0.0,0.0,0.0,4062.967187467301,4033.1439236438105,4077.8788193790456,4018.2322917320657,AUG26,JUL26,4048.0555555555557,2258.505953441714
XAU,5185.0,0.0,0.0,0.0,0.0,0.0,0.0,0.0,0.0,4062.967187467301,4033.1439236438105,4077.8788193790456,4018.2322917320657,AUG26,JUL26,4048.0555555555557,2258.505953441714
XAU,5190.0,0.13815579653509427,0.0013815579653509427,0.0,0.0,0.0,0.0,0.0,0.0,4062.967187467301,4033.1439236438105,4077.8788193790456,4018.2322917320657,AUG26,JUL26,4048.0555555555557,2258.505953441714
XAU,5195.0,0.0,0.0,0.0,0.0,0.0,0.0,0.0,0.0,4062.967187467301,4033.1439236438105,4077.8788193790456,4018.2322917320657,AUG26,JUL26,4048.0555555555557,2258.505953441714
XAU,5200.0,0.1477530056564767,0.001477530056564767,0.0,0.0,0.0,0.0,0.0,0.0,4062.967187467301,4033.1439236438105,4077.8788193790456,4018.2322917320657,AUG26,JUL26,4048.0555555555557,2258.505953441714
XAU,5205.0,0.04898708047407028,0.0004898708047407028,0.0,0.0,0.0,0.0,0.0,0.0,4062.967187467301,4033.1439236438105,4077.8788193790456,4018.2322917320657,AUG26,JUL26,4048.0555555555557,2258.505953441714
XAU,5210.0,0.07308866914594148,0.0007308866914594147,0.0,0.0,0.0,0.0,0.0,0.0,4062.967187467301,4033.1439236438105,4077.8788193790456,4018.2322917320657,AUG26,JUL26,4048.0555555555557,2258.505953441714
XAU,5215.0,0.27610892082454197,0.0027610892082454196,0.0,0.0,0.0,0.0,0.0,0.0,4062.967187467301,4033.1439236438105,4077.8788193790456,4018.2322917320657,AUG26,JUL26,4048.0555555555557,2258.505953441714
XAU,5220.0,0.0,0.0,0.0,0.0,0.0,0.0,0.0,0.0,4062.967187467301,4033.1439236438105,4077.8788193790456,4018.2322917320657,AUG26,JUL26,4048.0555555555557,2258.505953441714
XAU,5225.0,0.0,0.0,0.0,0.0,0.0,0.0,0.0,0.0,4062.967187467301,4033.1439236438105,4077.8788193790456,4018.2322917320657,AUG26,JUL26,4048.0555555555557,2258.505953441714
XAU,5230.0,4.728317832152765,0.04728317832152765,0.0,0.0,0.0,0.0,0.0,0.0,4062.967187467301,4033.1439236438105,4077.8788193790456,4018.2322917320657,AUG26,JUL26,4048.0555555555557,2258.505953441714
XAU,5235.0,0.0,0.0,0.0,0.0,0.0,0.0,0.0,0.0,4062.967187467301,4033.1439236438105,4077.8788193790456,4018.2322917320657,AUG26,JUL26,4048.0555555555557,2258.505953441714
XAU,5240.0,0.03440711803804953,0.0003440711803804953,0.0,0.0,0.0,0.0,0.0,0.0,4062.967187467301,4033.1439236438105,4077.8788193790456,4018.2322917320657,AUG26,JUL26,4048.0555555555557,2258.505953441714
XAU,5245.0,0.35369446097689466,0.0035369446097689465,0.0,0.0,0.0,0.0,0.0,0.0,4062.967187467301,4033.1439236438105,4077.8788193790456,4018.2322917320657,AUG26,JUL26,4048.0555555555557,2258.505953441714
XAU,5250.0,7.303999892333015,0.07303999892333014,0.0,0.0,0.0,0.0,0.0,0.0,4062.967187467301,4033.1439236438105,4077.8788193790456,4018.2322917320657,AUG26,JUL26,4048.0555555555557,2258.505953441714
XAU,5255.0,0.08943211386103976,0.0008943211386103976,0.0,0.0,0.0,0.0,0.0,0.0,4062.967187467301,4033.1439236438105,4077.8788193790456,4018.2322917320657,AUG26,JUL26,4048.0555555555557,2258.505953441714
XAU,5260.0,0.0,0.0,0.0,0.0,0.0,0.0,0.0,0.0,4062.967187467301,4033.1439236438105,4077.8788193790456,4018.2322917320657,AUG26,JUL26,4048.0555555555557,2258.505953441714
XAU,5265.0,0.2591365557073498,0.002665106208575644,0.0,0.0,0.0,0.0,0.0,0.0,4062.967187467301,4033.1439236438105,4077.8788193790456,4018.2322917320657,AUG26,JUL26,4048.0555555555557,2258.505953441714
XAU,5270.0,0.07626641975725768,0.0007626641975725768,0.0,0.0,0.0,0.0,0.0,0.0,4062.967187467301,4033.1439236438105,4077.8788193790456,4018.2322917320657,AUG26,JUL26,4048.0555555555557,2258.505953441714
XAU,5275.0,2.233029761095531,0.022330297610955313,0.0,0.0,0.0,0.0,0.0,0.0,4062.967187467301,4033.1439236438105,4077.8788193790456,4018.2322917320657,AUG26,JUL26,4048.0555555555557,2258.505953441714
XAU,5280.0,0.09603950615235984,0.0009603950615235985,0.0,0.0,0.0,0.0,0.0,0.0,4062.967187467301,4033.1439236438105,4077.8788193790456,4018.2322917320657,AUG26,JUL26,4048.0555555555557,2258.505953441714
XAU,5285.0,0.0,0.0,0.0,0.0,0.0,0.0,0.0,0.0,4062.967187467301,4033.1439236438105,4077.8788193790456,4018.2322917320657,AUG26,JUL26,4048.0555555555557,2258.505953441714
XAU,5290.0,0.169543308092315,0.0016954330809231498,0.0,0.0,0.0,0.0,0.0,0.0,4062.967187467301,4033.1439236438105,4077.8788193790456,4018.2322917320657,AUG26,JUL26,4048.0555555555557,2258.505953441714
XAU,5295.0,0.10396869948730002,0.0010396869948730001,0.0,0.0,0.0,0.0,0.0,0.0,4062.967187467301,4033.1439236438105,4077.8788193790456,4018.2322917320657,AUG26,JUL26,4048.0555555555557,2258.505953441714
XAU,5300.0,12.876467646525647,0.12882857325393304,0.0,0.0,0.0,0.0,0.0,0.0,4062.967187467301,4033.1439236438105,4077.8788193790456,4018.2322917320657,AUG26,JUL26,4048.0555555555557,2258.505953441714
XAU,5305.0,0.12766864511654363,0.0012766864511654364,0.0,0.0,0.0,0.0,0.0,0.0,4062.967187467301,4033.1439236438105,4077.8788193790456,4018.2322917320657,AUG26,JUL26,4048.0555555555557,2258.505953441714
XAU,5310.0,0.07089713242314759,0.0007089713242314758,0.0,0.0,0.0,0.0,0.0,0.0,4062.967187467301,4033.1439236438105,4077.8788193790456,4018.2322917320657,AUG26,JUL26,4048.0555555555557,2258.505953441714
XAU,5315.0,0.2699009006119073,0.0026990090061190727,0.0,0.0,0.0,0.0,0.0,0.0,4062.967187467301,4033.1439236438105,4077.8788193790456,4018.2322917320657,AUG26,JUL26,4048.0555555555557,2258.505953441714
XAU,5320.0,0.27894210220673893,0.0027894210220673894,0.0,0.0,0.0,0.0,0.0,0.0,4062.967187467301,4033.1439236438105,4077.8788193790456,4018.2322917320657,AUG26,JUL26,4048.0555555555557,2258.505953441714
XAU,5325.0,0.3664880632452706,0.0036648806324527062,0.0,0.0,0.0,0.0,0.0,0.0,4062.967187467301,4033.1439236438105,4077.8788193790456,4018.2322917320657,AUG26,JUL26,4048.0555555555557,2258.505953441714
XAU,5330.0,0.3948888366075838,0.003948888366075838,0.0,0.0,0.0,0.0,0.0,0.0,4062.967187467301,4033.1439236438105,4077.8788193790456,4018.2322917320657,AUG26,JUL26,4048.0555555555557,2258.505953441714
XAU,5335.0,0.03907623201922641,0.00039076232019226404,0.0,0.0,0.0,0.0,0.0,0.0,4062.967187467301,4033.1439236438105,4077.8788193790456,4018.2322917320657,AUG26,JUL26,4048.0555555555557,2258.505953441714
XAU,5340.0,0.09150112174642339,0.000915011217464234,0.0,0.0,0.0,0.0,0.0,0.0,4062.967187467301,4033.1439236438105,4077.8788193790456,4018.2322917320657,AUG26,JUL26,4048.0555555555557,2258.505953441714
XAU,5345.0,2.1350536094341437,0.021350536094341437,0.0,0.0,0.0,0.0,0.0,0.0,4062.967187467301,4033.1439236438105,4077.8788193790456,4018.2322917320657,AUG26,JUL26,4048.0555555555557,2258.505953441714
XAU,5350.0,3.0159605530357902,0.030159605530357902,0.0,0.0,0.0,0.0,0.0,0.0,4062.967187467301,4033.1439236438105,4077.8788193790456,4018.2322917320657,AUG26,JUL26,4048.0555555555557,2258.505953441714
XAU,5355.0,0.4522409785048249,0.00458260940063648,0.0,0.0,0.0,0.0,0.0,0.0,4062.967187467301,4033.1439236438105,4077.8788193790456,4018.2322917320657,AUG26,JUL26,4048.0555555555557,2258.505953441714
XAU,5360.0,0.056541594919950554,0.0005654159491995056,0.0,0.0,0.0,0.0,0.0,0.0,4062.967187467301,4033.1439236438105,4077.8788193790456,4018.2322917320657,AUG26,JUL26,4048.0555555555557,2258.505953441714
XAU,5365.0,0.0,0.0,0.0,0.0,0.0,0.0,0.0,0.0,4062.967187467301,4033.1439236438105,4077.8788193790456,4018.2322917320657,AUG26,JUL26,4048.0555555555557,2258.505953441714
XAU,5370.0,0.17517883050699232,0.001751788305069923,0.0,0.0,0.0,0.0,8010.0,0.0,4062.967187467301,4033.1439236438105,4077.8788193790456,4018.2322917320657,AUG26,JUL26,4048.0555555555557,2258.505953441714
XAU,5375.0,0.13764827476260658,0.0013764827476260657,0.0,0.0,0.0,0.0,0.0,0.0,4062.967187467301,4033.1439236438105,4077.8788193790456,4018.2322917320657,AUG26,JUL26,4048.0555555555557,2258.505953441714
XAU,5380.0,0.14613672709910122,0.0014613672709910123,0.0,0.0,0.0,0.0,0.0,0.0,4062.967187467301,4033.1439236438105,4077.8788193790456,4018.2322917320657,AUG26,JUL26,4048.0555555555557,2258.505953441714
XAU,5385.0,0.0,0.0,0.0,0.0,0.0,0.0,0.0,0.0,4062.967187467301,4033.1439236438105,4077.8788193790456,4018.2322917320657,AUG26,JUL26,4048.0555555555557,2258.505953441714
XAU,5390.0,0.06502828182080703,0.0006502828182080704,0.0,0.0,0.0,0.0,0.0,0.0,4062.967187467301,4033.1439236438105,4077.8788193790456,4018.2322917320657,AUG26,JUL26,4048.0555555555557,2258.505953441714
XAU,5395.0,0.03556945823773378,0.0003556945823773378,0.0,0.0,0.0,0.0,0.0,0.0,4062.967187467301,4033.1439236438105,4077.8788193790456,4018.2322917320657,AUG26,JUL26,4048.0555555555557,2258.505953441714
XAU,5400.0,28.75710554151738,0.2890073236799918,0.0,0.0,0.0,0.0,0.0,0.0,4062.967187467301,4033.1439236438105,4077.8788193790456,4018.2322917320657,AUG26,JUL26,4048.0555555555557,2258.505953441714
XAU,5405.0,0.0,0.0,0.0,0.0,0.0,0.0,0.0,0.0,4062.967187467301,4033.1439236438105,4077.8788193790456,4018.2322917320657,AUG26,JUL26,4048.0555555555557,2258.505953441714
XAU,5410.0,0.0,0.0,0.0,0.0,0.0,0.0,0.0,0.0,4062.967187467301,4033.1439236438105,4077.8788193790456,4018.2322917320657,AUG26,JUL26,4048.0555555555557,2258.505953441714
XAU,5415.0,0.0,0.0,0.0,0.0,0.0,0.0,0.0,0.0,4062.967187467301,4033.1439236438105,4077.8788193790456,4018.2322917320657,AUG26,JUL26,4048.0555555555557,2258.505953441714
XAU,5420.0,0.7375716563494392,0.007375716563494392,0.0,0.0,0.0,0.0,0.0,0.0,4062.967187467301,4033.1439236438105,4077.8788193790456,4018.2322917320657,AUG26,JUL26,4048.0555555555557,2258.505953441714
XAU,5425.0,0.0,0.0,0.0,0.0,0.0,0.0,0.0,0.0,4062.967187467301,4033.1439236438105,4077.8788193790456,4018.2322917320657,AUG26,JUL26,4048.0555555555557,2258.505953441714
XAU,5430.0,0.0,0.0,0.0,0.0,0.0,0.0,0.0,0.0,4062.967187467301,4033.1439236438105,4077.8788193790456,4018.2322917320657,AUG26,JUL26,4048.0555555555557,2258.505953441714
XAU,5435.0,0.050075971474577104,0.0005007597147457711,0.0,0.0,0.0,0.0,0.0,0.0,4062.967187467301,4033.1439236438105,4077.8788193790456,4018.2322917320657,AUG26,JUL26,4048.0555555555557,2258.505953441714
XAU,5440.0,0.12462781741631986,0.0012462781741631986,0.0,0.0,0.0,0.0,0.0,0.0,4062.967187467301,4033.1439236438105,4077.8788193790456,4018.2322917320657,AUG26,JUL26,4048.0555555555557,2258.505953441714
XAU,5445.0,0.0,0.0,0.0,0.0,0.0,0.0,0.0,0.0,4062.967187467301,4033.1439236438105,4077.8788193790456,4018.2322917320657,AUG26,JUL26,4048.0555555555557,2258.505953441714
XAU,5450.0,0.0,0.0,0.0,0.0,0.0,0.0,0.0,0.0,4062.967187467301,4033.1439236438105,4077.8788193790456,4018.2322917320657,AUG26,JUL26,4048.0555555555557,2258.505953441714
XAU,5455.0,0.0,0.0,0.0,0.0,0.0,0.0,0.0,0.0,4062.967187467301,4033.1439236438105,4077.8788193790456,4018.2322917320657,AUG26,JUL26,4048.0555555555557,2258.505953441714
XAU,5460.0,0.0160944649023373,0.00016094464902337302,0.0,0.0,0.0,0.0,0.0,0.0,4062.967187467301,4033.1439236438105,4077.8788193790456,4018.2322917320657,AUG26,JUL26,4048.0555555555557,2258.505953441714
XAU,5465.0,0.008011733972956285,8.011733972956285e-05,0.0,0.0,0.0,0.0,0.0,0.0,4062.967187467301,4033.1439236438105,4077.8788193790456,4018.2322917320657,AUG26,JUL26,4048.0555555555557,2258.505953441714
XAU,5470.0,0.03190611404863404,0.0003190611404863404,0.0,0.0,0.0,0.0,0.0,0.0,4062.967187467301,4033.1439236438105,4077.8788193790456,4018.2322917320657,AUG26,JUL26,4048.0555555555557,2258.505953441714
XAU,5475.0,0.0,0.0,0.0,0.0,0.0,0.0,0.0,0.0,4062.967187467301,4033.1439236438105,4077.8788193790456,4018.2322917320657,AUG26,JUL26,4048.0555555555557,2258.505953441714
XAU,5480.0,0.0,0.0,0.0,0.0,0.0,0.0,0.0,0.0,4062.967187467301,4033.1439236438105,4077.8788193790456,4018.2322917320657,AUG26,JUL26,4048.0555555555557,2258.505953441714
XAU,5485.0,0.0,0.0,0.0,0.0,0.0,0.0,0.0,0.0,4062.967187467301,4033.1439236438105,4077.8788193790456,4018.2322917320657,AUG26,JUL26,4048.0555555555557,2258.505953441714
XAU,5490.0,0.007724644645842954,7.724644645842954e-05,0.0,0.0,0.0,0.0,0.0,0.0,4062.967187467301,4033.1439236438105,4077.8788193790456,4018.2322917320657,AUG26,JUL26,4048.0555555555557,2258.505953441714
XAU,5495.0,0.0,0.0,0.0,0.0,0.0,0.0,0.0,0.0,4062.967187467301,4033.1439236438105,4077.8788193790456,4018.2322917320657,AUG26,JUL26,4048.0555555555557,2258.505953441714
XAU,5500.0,3.1173505607736036,0.03286905777999021,0.0,0.0,0.0,0.0,0.0,0.0,4062.967187467301,4033.1439236438105,4077.8788193790456,4018.2322917320657,AUG26,JUL26,4048.0555555555557,2258.505953441714
XAU,5505.0,0.0,0.0,0.0,0.0,0.0,0.0,0.0,0.0,4062.967187467301,4033.1439236438105,4077.8788193790456,4018.2322917320657,AUG26,JUL26,4048.0555555555557,2258.505953441714
XAU,5510.0,0.0,0.0,0.0,0.0,0.0,0.0,0.0,0.0,4062.967187467301,4033.1439236438105,4077.8788193790456,4018.2322917320657,AUG26,JUL26,4048.0555555555557,2258.505953441714
XAU,5515.0,0.0,0.0,0.0,0.0,0.0,0.0,0.0,0.0,4062.967187467301,4033.1439236438105,4077.8788193790456,4018.2322917320657,AUG26,JUL26,4048.0555555555557,2258.505953441714
XAU,5520.0,0.007415036514006662,7.415036514006662e-05,0.0,0.0,0.0,0.0,0.0,0.0,4062.967187467301,4033.1439236438105,4077.8788193790456,4018.2322917320657,AUG26,JUL26,4048.0555555555557,2258.505953441714
XAU,5525.0,0.0516856930935903,0.000516856930935903,0.0,0.0,0.0,0.0,0.0,0.0,4062.967187467301,4033.1439236438105,4077.8788193790456,4018.2322917320657,AUG26,JUL26,4048.0555555555557,2258.505953441714
XAU,5530.0,0.0,0.0,0.0,0.0,0.0,0.0,0.0,0.0,4062.967187467301,4033.1439236438105,4077.8788193790456,4018.2322917320657,AUG26,JUL26,4048.0555555555557,2258.505953441714
XAU,5535.0,0.0,0.0,0.0,0.0,0.0,0.0,0.0,0.0,4062.967187467301,4033.1439236438105,4077.8788193790456,4018.2322917320657,AUG26,JUL26,4048.0555555555557,2258.505953441714
XAU,5540.0,0.0,0.0,0.0,0.0,0.0,0.0,0.0,0.0,4062.967187467301,4033.1439236438105,4077.8788193790456,4018.2322917320657,AUG26,JUL26,4048.0555555555557,2258.505953441714
XAU,5545.0,0.0,0.0,0.0,0.0,0.0,0.0,0.0,0.0,4062.967187467301,4033.1439236438105,4077.8788193790456,4018.2322917320657,AUG26,JUL26,4048.0555555555557,2258.505953441714
XAU,5550.0,0.0,0.0,0.0,0.0,0.0,0.0,0.0,0.0,4062.967187467301,4033.1439236438105,4077.8788193790456,4018.2322917320657,AUG26,JUL26,4048.0555555555557,2258.505953441714
XAU,5555.0,0.03543998795164202,0.00035439987951642023,0.0,0.0,0.0,0.0,0.0,0.0,4062.967187467301,4033.1439236438105,4077.8788193790456,4018.2322917320657,AUG26,JUL26,4048.0555555555557,2258.505953441714
XAU,5560.0,0.0,0.0,0.0,0.0,0.0,0.0,0.0,0.0,4062.967187467301,4033.1439236438105,4077.8788193790456,4018.2322917320657,AUG26,JUL26,4048.0555555555557,2258.505953441714
XAU,5565.0,0.0,0.0,0.0,0.0,0.0,0.0,0.0,0.0,4062.967187467301,4033.1439236438105,4077.8788193790456,4018.2322917320657,AUG26,JUL26,4048.0555555555557,2258.505953441714
XAU,5570.0,0.0,0.0,0.0,0.0,0.0,0.0,0.0,0.0,4062.967187467301,4033.1439236438105,4077.8788193790456,4018.2322917320657,AUG26,JUL26,4048.0555555555557,2258.505953441714
XAU,5575.0,0.0,0.0,0.0,0.0,0.0,0.0,0.0,0.0,4062.967187467301,4033.1439236438105,4077.8788193790456,4018.2322917320657,AUG26,JUL26,4048.0555555555557,2258.505953441714
XAU,5580.0,0.0,0.0,0.0,0.0,0.0,0.0,0.0,0.0,4062.967187467301,4033.1439236438105,4077.8788193790456,4018.2322917320657,AUG26,JUL26,4048.0555555555557,2258.505953441714
XAU,5585.0,0.0,0.0,0.0,0.0,0.0,0.0,0.0,0.0,4062.967187467301,4033.1439236438105,4077.8788193790456,4018.2322917320657,AUG26,JUL26,4048.0555555555557,2258.505953441714
XAU,5590.0,0.24442267212390634,0.0024442267212390636,0.0,0.0,0.0,0.0,0.0,0.0,4062.967187467301,4033.1439236438105,4077.8788193790456,4018.2322917320657,AUG26,JUL26,4048.0555555555557,2258.505953441714
XAU,5595.0,0.0,0.0,0.0,0.0,0.0,0.0,0.0,0.0,4062.967187467301,4033.1439236438105,4077.8788193790456,4018.2322917320657,AUG26,JUL26,4048.0555555555557,2258.505953441714
XAU,5600.0,0.0,0.0,0.0,0.0,0.0,0.0,0.0,0.0,4062.967187467301,4033.1439236438105,4077.8788193790456,4018.2322917320657,AUG26,JUL26,4048.0555555555557,2258.505953441714
XAU,5605.0,0.009569526565357537,9.569526565357537e-05,0.0,0.0,0.0,0.0,0.0,0.0,4062.967187467301,4033.1439236438105,4077.8788193790456,4018.2322917320657,AUG26,JUL26,4048.0555555555557,2258.505953441714
XAU,5610.0,0.009533190082099314,9.533190082099314e-05,0.0,0.0,0.0,0.0,0.0,0.0,4062.967187467301,4033.1439236438105,4077.8788193790456,4018.2322917320657,AUG26,JUL26,4048.0555555555557,2258.505953441714
XAU,5615.0,0.0,0.0,0.0,0.0,0.0,0.0,0.0,0.0,4062.967187467301,4033.1439236438105,4077.8788193790456,4018.2322917320657,AUG26,JUL26,4048.0555555555557,2258.505953441714
XAU,5620.0,0.0,0.0,0.0,0.0,0.0,0.0,0.0,0.0,4062.967187467301,4033.1439236438105,4077.8788193790456,4018.2322917320657,AUG26,JUL26,4048.0555555555557,2258.505953441714
XAU,5625.0,0.04534298961923511,0.0004534298961923511,0.0,0.0,0.0,0.0,0.0,0.0,4062.967187467301,4033.1439236438105,4077.8788193790456,4018.2322917320657,AUG26,JUL26,4048.0555555555557,2258.505953441714
XAU,5630.0,0.0,0.0,0.0,0.0,0.0,0.0,0.0,0.0,4062.967187467301,4033.1439236438105,4077.8788193790456,4018.2322917320657,AUG26,JUL26,4048.0555555555557,2258.505953441714
XAU,5635.0,0.0,0.0,0.0,0.0,0.0,0.0,0.0,0.0,4062.967187467301,4033.1439236438105,4077.8788193790456,4018.2322917320657,AUG26,JUL26,4048.0555555555557,2258.505953441714
XAU,5640.0,0.0183662379757876,0.00018366237975787602,0.0,0.0,0.0,0.0,0.0,0.0,4062.967187467301,4033.1439236438105,4077.8788193790456,4018.2322917320657,AUG26,JUL26,4048.0555555555557,2258.505953441714
XAU,5645.0,0.0,0.0,0.0,0.0,0.0,0.0,0.0,0.0,4062.967187467301,4033.1439236438105,4077.8788193790456,4018.2322917320657,AUG26,JUL26,4048.0555555555557,2258.505953441714
XAU,5650.0,3.791897885366814,0.03791897885366814,0.0,0.0,0.0,0.0,0.0,0.0,4062.967187467301,4033.1439236438105,4077.8788193790456,4018.2322917320657,AUG26,JUL26,4048.0555555555557,2258.505953441714
XAU,5655.0,0.018024418589996715,0.00018024418589996714,0.0,0.0,0.0,0.0,0.0,0.0,4062.967187467301,4033.1439236438105,4077.8788193790456,4018.2322917320657,AUG26,JUL26,4048.0555555555557,2258.505953441714
XAU,5660.0,0.008979034919952226,8.979034919952225e-05,0.0,0.0,0.0,0.0,0.0,0.0,4062.967187467301,4033.1439236438105,4077.8788193790456,4018.2322917320657,AUG26,JUL26,4048.0555555555557,2258.505953441714
XAU,5665.0,0.0,0.0,0.0,0.0,0.0,0.0,0.0,0.0,4062.967187467301,4033.1439236438105,4077.8788193790456,4018.2322917320657,AUG26,JUL26,4048.0555555555557,2258.505953441714
XAU,5670.0,0.0,0.0,0.0,0.0,0.0,0.0,0.0,0.0,4062.967187467301,4033.1439236438105,4077.8788193790456,4018.2322917320657,AUG26,JUL26,4048.0555555555557,2258.505953441714
XAU,5675.0,0.026434979470920973,0.0002643497947092097,0.0,0.0,0.0,0.0,0.0,0.0,4062.967187467301,4033.1439236438105,4077.8788193790456,4018.2322917320657,AUG26,JUL26,4048.0555555555557,2258.505953441714
XAU,5680.0,0.0,0.0,0.0,0.0,0.0,0.0,0.0,0.0,4062.967187467301,4033.1439236438105,4077.8788193790456,4018.2322917320657,AUG26,JUL26,4048.0555555555557,2258.505953441714
XAU,5685.0,0.0,0.0,0.0,0.0,0.0,0.0,0.0,0.0,4062.967187467301,4033.1439236438105,4077.8788193790456,4018.2322917320657,AUG26,JUL26,4048.0555555555557,2258.505953441714
XAU,5690.0,0.0,0.0,0.0,0.0,0.0,0.0,0.0,0.0,4062.967187467301,4033.1439236438105,4077.8788193790456,4018.2322917320657,AUG26,JUL26,4048.0555555555557,2258.505953441714
XAU,5695.0,0.0,0.0,0.0,0.0,0.0,0.0,0.0,0.0,4062.967187467301,4033.1439236438105,4077.8788193790456,4018.2322917320657,AUG26,JUL26,4048.0555555555557,2258.505953441714
XAU,5700.0,1.7684458273995844,0.017684458273995843,0.0,0.0,0.0,0.0,0.0,0.0,4062.967187467301,4033.1439236438105,4077.8788193790456,4018.2322917320657,AUG26,JUL26,4048.0555555555557,2258.505953441714
XAU,5705.0,0.0,0.0,0.0,0.0,0.0,0.0,0.0,0.0,4062.967187467301,4033.1439236438105,4077.8788193790456,4018.2322917320657,AUG26,JUL26,4048.0555555555557,2258.505953441714
XAU,5710.0,0.0,0.0,0.0,0.0,0.0,0.0,0.0,0.0,4062.967187467301,4033.1439236438105,4077.8788193790456,4018.2322917320657,AUG26,JUL26,4048.0555555555557,2258.505953441714
XAU,5720.0,0.0,0.0,0.0,0.0,0.0,0.0,0.0,0.0,4062.967187467301,4033.1439236438105,4077.8788193790456,4018.2322917320657,AUG26,JUL26,4048.0555555555557,2258.505953441714
XAU,5725.0,0.0,0.0,0.0,0.0,0.0,0.0,0.0,0.0,4062.967187467301,4033.1439236438105,4077.8788193790456,4018.2322917320657,AUG26,JUL26,4048.0555555555557,2258.505953441714
XAU,5730.0,0.0,0.0,0.0,0.0,0.0,0.0,0.0,0.0,4062.967187467301,4033.1439236438105,4077.8788193790456,4018.2322917320657,AUG26,JUL26,4048.0555555555557,2258.505953441714
XAU,5740.0,0.0,0.0,0.0,0.0,0.0,0.0,0.0,0.0,4062.967187467301,4033.1439236438105,4077.8788193790456,4018.2322917320657,AUG26,JUL26,4048.0555555555557,2258.505953441714
XAU,5750.0,1.9045456915740788,0.019045456915740788,0.0,0.0,0.0,0.0,0.0,0.0,4062.967187467301,4033.1439236438105,4077.8788193790456,4018.2322917320657,AUG26,JUL26,4048.0555555555557,2258.505953441714
XAU,5760.0,0.0,0.0,0.0,0.0,0.0,0.0,0.0,0.0,4062.967187467301,4033.1439236438105,4077.8788193790456,4018.2322917320657,AUG26,JUL26,4048.0555555555557,2258.505953441714
XAU,5770.0,0.0,0.0,0.0,0.0,0.0,0.0,0.0,0.0,4062.967187467301,4033.1439236438105,4077.8788193790456,4018.2322917320657,AUG26,JUL26,4048.0555555555557,2258.505953441714
XAU,5775.0,0.0,0.0,0.0,0.0,0.0,0.0,0.0,0.0,4062.967187467301,4033.1439236438105,4077.8788193790456,4018.2322917320657,AUG26,JUL26,4048.0555555555557,2258.505953441714
XAU,5780.0,0.0,0.0,0.0,0.0,0.0,0.0,0.0,0.0,4062.967187467301,4033.1439236438105,4077.8788193790456,4018.2322917320657,AUG26,JUL26,4048.0555555555557,2258.505953441714
XAU,5790.0,0.0,0.0,0.0,0.0,0.0,0.0,0.0,0.0,4062.967187467301,4033.1439236438105,4077.8788193790456,4018.2322917320657,AUG26,JUL26,4048.0555555555557,2258.505953441714
XAU,5800.0,0.0,0.0,0.0,0.0,0.0,0.0,0.0,0.0,4062.967187467301,4033.1439236438105,4077.8788193790456,4018.2322917320657,AUG26,JUL26,4048.0555555555557,2258.505953441714
XAU,5810.0,0.0,0.0,0.0,0.0,0.0,0.0,0.0,0.0,4062.967187467301,4033.1439236438105,4077.8788193790456,4018.2322917320657,AUG26,JUL26,4048.0555555555557,2258.505953441714
XAU,5820.0,0.0,0.0,0.0,0.0,0.0,0.0,0.0,0.0,4062.967187467301,4033.1439236438105,4077.8788193790456,4018.2322917320657,AUG26,JUL26,4048.0555555555557,2258.505953441714
XAU,5825.0,0.0,0.0,0.0,0.0,0.0,0.0,0.0,0.0,4062.967187467301,4033.1439236438105,4077.8788193790456,4018.2322917320657,AUG26,JUL26,4048.0555555555557,2258.505953441714
XAU,5850.0,0.0,0.0,0.0,0.0,0.0,0.0,0.0,0.0,4062.967187467301,4033.1439236438105,4077.8788193790456,4018.2322917320657,AUG26,JUL26,4048.0555555555557,2258.505953441714
XAU,5875.0,0.0,0.0,0.0,0.0,0.0,0.0,0.0,0.0,4062.967187467301,4033.1439236438105,4077.8788193790456,4018.2322917320657,AUG26,JUL26,4048.0555555555557,2258.505953441714
XAU,5880.0,0.0,0.0,0.0,0.0,0.0,0.0,0.0,0.0,4062.967187467301,4033.1439236438105,4077.8788193790456,4018.2322917320657,AUG26,JUL26,4048.0555555555557,2258.505953441714
XAU,5900.0,0.0,0.0,0.0,0.0,0.0,0.0,0.0,0.0,4062.967187467301,4033.1439236438105,4077.8788193790456,4018.2322917320657,AUG26,JUL26,4048.0555555555557,2258.505953441714
XAU,5925.0,0.0,0.0,0.0,0.0,0.0,0.0,0.0,0.0,4062.967187467301,4033.1439236438105,4077.8788193790456,4018.2322917320657,AUG26,JUL26,4048.0555555555557,2258.505953441714
XAU,5950.0,0.0,0.0,0.0,0.0,0.0,0.0,0.0,0.0,4062.967187467301,4033.1439236438105,4077.8788193790456,4018.2322917320657,AUG26,JUL26,4048.0555555555557,2258.505953441714
XAU,5975.0,0.0,0.0,0.0,0.0,0.0,0.0,0.0,0.0,4062.967187467301,4033.1439236438105,4077.8788193790456,4018.2322917320657,AUG26,JUL26,4048.0555555555557,2258.505953441714
XAU,6000.0,0.0,0.0,0.0,0.0,0.0,0.0,0.0,0.0,4062.967187467301,4033.1439236438105,4077.8788193790456,4018.2322917320657,AUG26,JUL26,4048.0555555555557,2258.505953441714
XAU,6025.0,0.0,0.0,0.0,0.0,0.0,0.0,0.0,0.0,4062.967187467301,4033.1439236438105,4077.8788193790456,4018.2322917320657,AUG26,JUL26,4048.0555555555557,2258.505953441714
XAU,6050.0,0.0,0.0,0.0,0.0,0.0,0.0,0.0,0.0,4062.967187467301,4033.1439236438105,4077.8788193790456,4018.2322917320657,AUG26,JUL26,4048.0555555555557,2258.505953441714
XAU,6075.0,0.0,0.0,0.0,0.0,0.0,0.0,0.0,0.0,4062.967187467301,4033.1439236438105,4077.8788193790456,4018.2322917320657,AUG26,JUL26,4048.0555555555557,2258.505953441714
XAU,6100.0,0.0,0.0,0.0,0.0,0.0,0.0,0.0,0.0,4062.967187467301,4033.1439236438105,4077.8788193790456,4018.2322917320657,AUG26,JUL26,4048.0555555555557,2258.505953441714
XAU,6150.0,0.0,0.0,0.0,0.0,0.0,0.0,0.0,0.0,4062.967187467301,4033.1439236438105,4077.8788193790456,4018.2322917320657,AUG26,JUL26,4048.0555555555557,2258.505953441714
XAU,6200.0,0.0,0.0,0.0,0.0,0.0,0.0,0.0,0.0,4062.967187467301,4033.1439236438105,4077.8788193790456,4018.2322917320657,AUG26,JUL26,4048.0555555555557,2258.505953441714
XAU,6250.0,0.0,0.0,0.0,0.0,0.0,0.0,0.0,0.0,4062.967187467301,4033.1439236438105,4077.8788193790456,4018.2322917320657,AUG26,JUL26,4048.0555555555557,2258.505953441714
XAU,6300.0,0.0,0.0,0.0,0.0,0.0,0.0,0.0,0.0,4062.967187467301,4033.1439236438105,4077.8788193790456,4018.2322917320657,AUG26,JUL26,4048.0555555555557,2258.505953441714
XAU,6400.0,7.1294162314260525,0.07129416231426053,0.0,0.0,0.0,0.0,0.0,0.0,4062.967187467301,4033.1439236438105,4077.8788193790456,4018.2322917320657,AUG26,JUL26,4048.0555555555557,2258.505953441714
XAU,6500.0,0.1579967077247964,0.001579967077247964,0.0,0.0,0.0,0.0,0.0,0.0,4062.967187467301,4033.1439236438105,4077.8788193790456,4018.2322917320657,AUG26,JUL26,4048.0555555555557,2258.505953441714
XAU,6550.0,0.0,0.0,0.0,0.0,0.0,0.0,0.0,0.0,4062.967187467301,4033.1439236438105,4077.8788193790456,4018.2322917320657,AUG26,JUL26,4048.0555555555557,2258.505953441714
XAU,6600.0,0.20980616888165304,0.0020980616888165303,0.0,0.0,0.0,0.0,0.0,0.0,4062.967187467301,4033.1439236438105,4077.8788193790456,4018.2322917320657,AUG26,JUL26,4048.0555555555557,2258.505953441714
XAU,6650.0,0.019108104005412217,0.00019108104005412216,0.0,0.0,0.0,0.0,0.0,0.0,4062.967187467301,4033.1439236438105,4077.8788193790456,4018.2322917320657,AUG26,JUL26,4048.0555555555557,2258.505953441714
XAU,6700.0,0.0023346342556045036,2.3346342556045036e-05,0.0,0.0,0.0,0.0,0.0,0.0,4062.967187467301,4033.1439236438105,4077.8788193790456,4018.2322917320657,AUG26,JUL26,4048.0555555555557,2258.505953441714
XAU,6750.0,0.0,0.0,0.0,0.0,0.0,0.0,0.0,0.0,4062.967187467301,4033.1439236438105,4077.8788193790456,4018.2322917320657,AUG26,JUL26,4048.0555555555557,2258.505953441714
XAU,6775.0,0.9575081473842152,0.009575081473842152,0.0,0.0,0.0,0.0,0.0,0.0,4062.967187467301,4033.1439236438105,4077.8788193790456,4018.2322917320657,AUG26,JUL26,4048.0555555555557,2258.505953441714
XAU,6800.0,15.852804426097237,0.1585280442609724,0.0,0.0,0.0,0.0,0.0,0.0,4062.967187467301,4033.1439236438105,4077.8788193790456,4018.2322917320657,AUG26,JUL26,4048.0555555555557,2258.505953441714
XAU,6900.0,0.08084636616015253,0.0008084636616015252,0.0,0.0,0.0,0.0,0.0,0.0,4062.967187467301,4033.1439236438105,4077.8788193790456,4018.2322917320657,AUG26,JUL26,4048.0555555555557,2258.505953441714
XAU,7000.0,5.284365027308886,0.05284365027308886,0.0,0.0,0.0,0.0,0.0,0.0,4062.967187467301,4033.1439236438105,4077.8788193790456,4018.2322917320657,AUG26,JUL26,4048.0555555555557,2258.505953441714
XAU,7100.0,0.0,0.0,0.0,0.0,0.0,0.0,0.0,0.0,4062.967187467301,4033.1439236438105,4077.8788193790456,4018.2322917320657,AUG26,JUL26,4048.0555555555557,2258.505953441714
XAU,7130.0,0.0,0.0,0.0,0.0,0.0,0.0,0.0,0.0,4062.967187467301,4033.1439236438105,4077.8788193790456,4018.2322917320657,AUG26,JUL26,4048.0555555555557,2258.505953441714
XAU,7150.0,0.0,0.0,0.0,0.0,0.0,0.0,0.0,0.0,4062.967187467301,4033.1439236438105,4077.8788193790456,4018.2322917320657,AUG26,JUL26,4048.0555555555557,2258.505953441714
XAU,7175.0,0.0,0.0,0.0,0.0,0.0,0.0,0.0,0.0,4062.967187467301,4033.1439236438105,4077.8788193790456,4018.2322917320657,AUG26,JUL26,4048.0555555555557,2258.505953441714
XAU,7200.0,0.0,0.0,0.0,0.0,0.0,0.0,0.0,0.0,4062.967187467301,4033.1439236438105,4077.8788193790456,4018.2322917320657,AUG26,JUL26,4048.0555555555557,2258.505953441714
XAU,7250.0,0.0,0.0,0.0,0.0,0.0,0.0,0.0,0.0,4062.967187467301,4033.1439236438105,4077.8788193790456,4018.2322917320657,AUG26,JUL26,4048.0555555555557,2258.505953441714
XAU,7500.0,0.0023147075663435515,2.3147075663435516e-05,0.0,0.0,0.0,0.0,0.0,0.0,4062.967187467301,4033.1439236438105,4077.8788193790456,4018.2322917320657,AUG26,JUL26,4048.0555555555557,2258.505953441714
XAU,7700.0,0.0,0.0,0.0,0.0,0.0,0.0,0.0,0.0,4062.967187467301,4033.1439236438105,4077.8788193790456,4018.2322917320657,AUG26,JUL26,4048.0555555555557,2258.505953441714
XAU,7800.0,0.0,0.0,0.0,0.0,0.0,0.0,0.0,0.0,4062.967187467301,4033.1439236438105,4077.8788193790456,4018.2322917320657,AUG26,JUL26,4048.0555555555557,2258.505953441714
XAU,7900.0,0.0,0.0,0.0,0.0,0.0,0.0,0.0,0.0,4062.967187467301,4033.1439236438105,4077.8788193790456,4018.2322917320657,AUG26,JUL26,4048.0555555555557,2258.505953441714
XAU,8000.0,0.14908122399454793,0.0014908122399454793,0.0,0.0,0.0,0.0,0.0,0.0,4062.967187467301,4033.1439236438105,4077.8788193790456,4018.2322917320657,AUG26,JUL26,4048.0555555555557,2258.505953441714
XAU,8125.0,0.0,0.0,0.0,0.0,0.0,0.0,0.0,0.0,4062.967187467301,4033.1439236438105,4077.8788193790456,4018.2322917320657,AUG26,JUL26,4048.0555555555557,2258.505953441714
XAU,8500.0,1.1959451916761825,0.011959451916761826,0.0,0.0,0.0,0.0,0.0,0.0,4062.967187467301,4033.1439236438105,4077.8788193790456,4018.2322917320657,AUG26,JUL26,4048.0555555555557,2258.505953441714
XAU,8630.0,1.1094164548427463,0.011094164548427463,0.0,0.0,0.0,0.0,0.0,0.0,4062.967187467301,4033.1439236438105,4077.8788193790456,4018.2322917320657,AUG26,JUL26,4048.0555555555557,2258.505953441714
XAU,8725.0,0.0,0.0,0.0,0.0,0.0,0.0,0.0,0.0,4062.967187467301,4033.1439236438105,4077.8788193790456,4018.2322917320657,AUG26,JUL26,4048.0555555555557,2258.505953441714
XAU,8775.0,0.0,0.0,0.0,0.0,0.0,0.0,0.0,0.0,4062.967187467301,4033.1439236438105,4077.8788193790456,4018.2322917320657,AUG26,JUL26,4048.0555555555557,2258.505953441714
XAU,9000.0,0.0001652298031986339,1.6522980319863392e-06,0.0,0.0,0.0,0.0,0.0,0.0,4062.967187467301,4033.1439236438105,4077.8788193790456,4018.2322917320657,AUG26,JUL26,4048.0555555555557,2258.505953441714
XAU,9500.0,1.5609599480463179,0.01560959948046318,0.0,0.0,0.0,0.0,0.0,0.0,4062.967187467301,4033.1439236438105,4077.8788193790456,4018.2322917320657,AUG26,JUL26,4048.0555555555557,2258.505953441714
XAU,9900.0,0.0,0.0,0.0,0.0,0.0,0.0,0.0,0.0,4062.967187467301,4033.1439236438105,4077.8788193790456,4018.2322917320657,AUG26,JUL26,4048.0555555555557,2258.505953441714
XAU,10000.0,0.0,0.0,0.0,0.0,0.0,0.0,0.0,0.0,4062.967187467301,4033.1439236438105,4077.8788193790456,4018.2322917320657,AUG26,JUL26,4048.0555555555557,2258.505953441714
XAU,10500.0,0.0,0.0,0.0,0.0,0.0,0.0,0.0,0.0,4062.967187467301,4033.1439236438105,4077.8788193790456,4018.2322917320657,AUG26,JUL26,4048.0555555555557,2258.505953441714
XAU,11000.0,0.0,0.0,0.0,0.0,0.0,0.0,0.0,0.0,4062.967187467301,4033.1439236438105,4077.8788193790456,4018.2322917320657,AUG26,JUL26,4048.0555555555557,2258.505953441714
XAU,13000.0,0.28054448850046265,0.0028054448850046267,0.0,0.0,0.0,0.0,0.0,0.0,4062.967187467301,4033.1439236438105,4077.8788193790456,4018.2322917320657,AUG26,JUL26,4048.0555555555557,2258.505953441714
XAU,15000.0,0.0,0.0,0.0,0.0,0.0,0.0,0.0,0.0,4062.967187467301,4033.1439236438105,4077.8788193790456,4018.2322917320657,AUG26,JUL26,4048.0555555555557,2258.505953441714
XAU,17000.0,0.0,0.0,0.0,0.0,0.0,0.0,0.0,0.0,4062.967187467301,4033.1439236438105,4077.8788193790456,4018.2322917320657,AUG26,JUL26,4048.0555555555557,2258.505953441714
XAU,19000.0,0.0,0.0,0.0,0.0,0.0,0.0,0.0,0.0,4062.967187467301,4033.1439236438105,4077.8788193790456,4018.2322917320657,AUG26,JUL26,4048.0555555555557,2258.505953441714
XAU,20000.0,0.10721752575590271,0.0010721752575590271,0.0,0.0,0.0,0.0,0.0,0.0,4062.967187467301,4033.1439236438105,4077.8788193790456,4018.2322917320657,AUG26,JUL26,4048.0555555555557,2258.505953441714
XAU,21000.0,0.0,0.0,0.0,0.0,0.0,0.0,0.0,0.0,4062.967187467301,4033.1439236438105,4077.8788193790456,4018.2322917320657,AUG26,JUL26,4048.0555555555557,2258.505953441714
XAU,24000.0,0.0,0.0,0.0,0.0,0.0,0.0,0.0,0.0,4062.967187467301,4033.1439236438105,4077.8788193790456,4018.2322917320657,AUG26,JUL26,4048.0555555555557,2258.505953441714
