Currency,Strike,Total_GEX,Total_Abs_Gamma,Daily_Call_Settle,Daily_Call_OI,Daily_Put_Settle,Daily_Put_OI,Global_Call_OI,Global_Put_OI,R68_High,R68_Low,R95_High,R95_Low,Global_Month,Daily_Month,Daily_Expiry,Global_Expiry,Futures_Spot,Gamma_Flip,Gamma_Flip_Status,Quality_Status,Quality_Reasons,Series_Catalog_Version,Spot_Source,Spot_Reference_Month,Spot_Month_Sources,Spot_Observed_Values,Spot_Fallback_Details,IV_Source,IV_Expiry,IV_DTE,IV_Input_Rows,IV_Reference_Strike,IV_Fallback_Reason,Input_Rows,Used_Rows,Excluded_Unknown_Rows,Excluded_Unresolved_Expiry_Rows,Excluded_Expired_Rows,Unknown_Option_Types,Estimated_Expiry_Types,Anomaly_Status,Anomaly_Codes,Anomaly_Details,Anomaly_Baseline_Date
NAS,10000.0,0.0,0.0,0.0,0.0,0.0,0.0,0.0,0.0,29723.678287786784,28973.821712213216,30098.60657557357,28598.89342442643,SEP26,AUG26,2026-08-28,2026-09-18,29348.75,29335.60827616128,FOUND,DEGRADED,SPOT_MONTH_FALLBACK;ESTIMATED_EXPIRY_ALIAS,2026-08-02.2,PUT_CALL_PARITY,SEP26,SEP26=PUT_CALL_PARITY;AUG26=SERIES_FORWARD_CLUSTER;OCT26=SERIES_FORWARD_CLUSTER;DEC29=SERIES_FORWARD_CLUSTER;DEC26=PUT_CALL_PARITY;NOV26=SERIES_FORWARD_CLUSTER;MAR27=SERIES_FORWARD_CLUSTER;JUN27=SERIES_FORWARD_CLUSTER;DEC28=PUT_CALL_PARITY;DEC27=PUT_CALL_PARITY,SEP26=29348.75;AUG26=29412.5;OCT26=30137.875;DEC29=28924;DEC26=20179.125;NOV26=31093;MAR27=24435.5;JUN27=24130.625;DEC28=19739;DEC27=18304.5,DEC26=GLOBAL_REFERENCE_OUTLIER_PUT_CALL_PARITY;DEC28=GLOBAL_REFERENCE_OUTLIER_SERIES_FORWARD_CLUSTER;DEC27=GLOBAL_REFERENCE_OUTLIER_SERIES_FORWARD_CLUSTER,WEIGHTED_ATM,2026-09-04,6,130,0.0,NONE,4660,4136,0,0,517,NONE,MN1;MN2;MN3;MN4;MN5;QMW;QRW;QTW;QWW,OK,NONE,NONE,2026-08-26
NAS,10500.0,0.0,0.0,0.0,0.0,0.0,0.0,0.0,0.0,29723.678287786784,28973.821712213216,30098.60657557357,28598.89342442643,SEP26,AUG26,2026-08-28,2026-09-18,29348.75,29335.60827616128,FOUND,DEGRADED,SPOT_MONTH_FALLBACK;ESTIMATED_EXPIRY_ALIAS,2026-08-02.2,PUT_CALL_PARITY,SEP26,SEP26=PUT_CALL_PARITY;AUG26=SERIES_FORWARD_CLUSTER;OCT26=SERIES_FORWARD_CLUSTER;DEC29=SERIES_FORWARD_CLUSTER;DEC26=PUT_CALL_PARITY;NOV26=SERIES_FORWARD_CLUSTER;MAR27=SERIES_FORWARD_CLUSTER;JUN27=SERIES_FORWARD_CLUSTER;DEC28=PUT_CALL_PARITY;DEC27=PUT_CALL_PARITY,SEP26=29348.75;AUG26=29412.5;OCT26=30137.875;DEC29=28924;DEC26=20179.125;NOV26=31093;MAR27=24435.5;JUN27=24130.625;DEC28=19739;DEC27=18304.5,DEC26=GLOBAL_REFERENCE_OUTLIER_PUT_CALL_PARITY;DEC28=GLOBAL_REFERENCE_OUTLIER_SERIES_FORWARD_CLUSTER;DEC27=GLOBAL_REFERENCE_OUTLIER_SERIES_FORWARD_CLUSTER,WEIGHTED_ATM,2026-09-04,6,130,0.0,NONE,4660,4136,0,0,517,NONE,MN1;MN2;MN3;MN4;MN5;QMW;QRW;QTW;QWW,OK,NONE,NONE,2026-08-26
NAS,11000.0,0.0,0.0,0.0,0.0,0.0,0.0,0.0,0.0,29723.678287786784,28973.821712213216,30098.60657557357,28598.89342442643,SEP26,AUG26,2026-08-28,2026-09-18,29348.75,29335.60827616128,FOUND,DEGRADED,SPOT_MONTH_FALLBACK;ESTIMATED_EXPIRY_ALIAS,2026-08-02.2,PUT_CALL_PARITY,SEP26,SEP26=PUT_CALL_PARITY;AUG26=SERIES_FORWARD_CLUSTER;OCT26=SERIES_FORWARD_CLUSTER;DEC29=SERIES_FORWARD_CLUSTER;DEC26=PUT_CALL_PARITY;NOV26=SERIES_FORWARD_CLUSTER;MAR27=SERIES_FORWARD_CLUSTER;JUN27=SERIES_FORWARD_CLUSTER;DEC28=PUT_CALL_PARITY;DEC27=PUT_CALL_PARITY,SEP26=29348.75;AUG26=29412.5;OCT26=30137.875;DEC29=28924;DEC26=20179.125;NOV26=31093;MAR27=24435.5;JUN27=24130.625;DEC28=19739;DEC27=18304.5,DEC26=GLOBAL_REFERENCE_OUTLIER_PUT_CALL_PARITY;DEC28=GLOBAL_REFERENCE_OUTLIER_SERIES_FORWARD_CLUSTER;DEC27=GLOBAL_REFERENCE_OUTLIER_SERIES_FORWARD_CLUSTER,WEIGHTED_ATM,2026-09-04,6,130,0.0,NONE,4660,4136,0,0,517,NONE,MN1;MN2;MN3;MN4;MN5;QMW;QRW;QTW;QWW,OK,NONE,NONE,2026-08-26
NAS,11500.0,0.0,0.0,0.0,0.0,0.0,0.0,0.0,0.0,29723.678287786784,28973.821712213216,30098.60657557357,28598.89342442643,SEP26,AUG26,2026-08-28,2026-09-18,29348.75,29335.60827616128,FOUND,DEGRADED,SPOT_MONTH_FALLBACK;ESTIMATED_EXPIRY_ALIAS,2026-08-02.2,PUT_CALL_PARITY,SEP26,SEP26=PUT_CALL_PARITY;AUG26=SERIES_FORWARD_CLUSTER;OCT26=SERIES_FORWARD_CLUSTER;DEC29=SERIES_FORWARD_CLUSTER;DEC26=PUT_CALL_PARITY;NOV26=SERIES_FORWARD_CLUSTER;MAR27=SERIES_FORWARD_CLUSTER;JUN27=SERIES_FORWARD_CLUSTER;DEC28=PUT_CALL_PARITY;DEC27=PUT_CALL_PARITY,SEP26=29348.75;AUG26=29412.5;OCT26=30137.875;DEC29=28924;DEC26=20179.125;NOV26=31093;MAR27=24435.5;JUN27=24130.625;DEC28=19739;DEC27=18304.5,DEC26=GLOBAL_REFERENCE_OUTLIER_PUT_CALL_PARITY;DEC28=GLOBAL_REFERENCE_OUTLIER_SERIES_FORWARD_CLUSTER;DEC27=GLOBAL_REFERENCE_OUTLIER_SERIES_FORWARD_CLUSTER,WEIGHTED_ATM,2026-09-04,6,130,0.0,NONE,4660,4136,0,0,517,NONE,MN1;MN2;MN3;MN4;MN5;QMW;QRW;QTW;QWW,OK,NONE,NONE,2026-08-26
NAS,12000.0,0.0,0.0,0.0,0.0,0.0,0.0,0.0,0.0,29723.678287786784,28973.821712213216,30098.60657557357,28598.89342442643,SEP26,AUG26,2026-08-28,2026-09-18,29348.75,29335.60827616128,FOUND,DEGRADED,SPOT_MONTH_FALLBACK;ESTIMATED_EXPIRY_ALIAS,2026-08-02.2,PUT_CALL_PARITY,SEP26,SEP26=PUT_CALL_PARITY;AUG26=SERIES_FORWARD_CLUSTER;OCT26=SERIES_FORWARD_CLUSTER;DEC29=SERIES_FORWARD_CLUSTER;DEC26=PUT_CALL_PARITY;NOV26=SERIES_FORWARD_CLUSTER;MAR27=SERIES_FORWARD_CLUSTER;JUN27=SERIES_FORWARD_CLUSTER;DEC28=PUT_CALL_PARITY;DEC27=PUT_CALL_PARITY,SEP26=29348.75;AUG26=29412.5;OCT26=30137.875;DEC29=28924;DEC26=20179.125;NOV26=31093;MAR27=24435.5;JUN27=24130.625;DEC28=19739;DEC27=18304.5,DEC26=GLOBAL_REFERENCE_OUTLIER_PUT_CALL_PARITY;DEC28=GLOBAL_REFERENCE_OUTLIER_SERIES_FORWARD_CLUSTER;DEC27=GLOBAL_REFERENCE_OUTLIER_SERIES_FORWARD_CLUSTER,WEIGHTED_ATM,2026-09-04,6,130,0.0,NONE,4660,4136,0,0,517,NONE,MN1;MN2;MN3;MN4;MN5;QMW;QRW;QTW;QWW,OK,NONE,NONE,2026-08-26
NAS,12500.0,0.0,0.0,0.0,0.0,0.0,0.0,0.0,0.0,29723.678287786784,28973.821712213216,30098.60657557357,28598.89342442643,SEP26,AUG26,2026-08-28,2026-09-18,29348.75,29335.60827616128,FOUND,DEGRADED,SPOT_MONTH_FALLBACK;ESTIMATED_EXPIRY_ALIAS,2026-08-02.2,PUT_CALL_PARITY,SEP26,SEP26=PUT_CALL_PARITY;AUG26=SERIES_FORWARD_CLUSTER;OCT26=SERIES_FORWARD_CLUSTER;DEC29=SERIES_FORWARD_CLUSTER;DEC26=PUT_CALL_PARITY;NOV26=SERIES_FORWARD_CLUSTER;MAR27=SERIES_FORWARD_CLUSTER;JUN27=SERIES_FORWARD_CLUSTER;DEC28=PUT_CALL_PARITY;DEC27=PUT_CALL_PARITY,SEP26=29348.75;AUG26=29412.5;OCT26=30137.875;DEC29=28924;DEC26=20179.125;NOV26=31093;MAR27=24435.5;JUN27=24130.625;DEC28=19739;DEC27=18304.5,DEC26=GLOBAL_REFERENCE_OUTLIER_PUT_CALL_PARITY;DEC28=GLOBAL_REFERENCE_OUTLIER_SERIES_FORWARD_CLUSTER;DEC27=GLOBAL_REFERENCE_OUTLIER_SERIES_FORWARD_CLUSTER,WEIGHTED_ATM,2026-09-04,6,130,0.0,NONE,4660,4136,0,0,517,NONE,MN1;MN2;MN3;MN4;MN5;QMW;QRW;QTW;QWW,OK,NONE,NONE,2026-08-26
NAS,13000.0,0.0,0.0,0.0,0.0,0.0,0.0,0.0,0.0,29723.678287786784,28973.821712213216,30098.60657557357,28598.89342442643,SEP26,AUG26,2026-08-28,2026-09-18,29348.75,29335.60827616128,FOUND,DEGRADED,SPOT_MONTH_FALLBACK;ESTIMATED_EXPIRY_ALIAS,2026-08-02.2,PUT_CALL_PARITY,SEP26,SEP26=PUT_CALL_PARITY;AUG26=SERIES_FORWARD_CLUSTER;OCT26=SERIES_FORWARD_CLUSTER;DEC29=SERIES_FORWARD_CLUSTER;DEC26=PUT_CALL_PARITY;NOV26=SERIES_FORWARD_CLUSTER;MAR27=SERIES_FORWARD_CLUSTER;JUN27=SERIES_FORWARD_CLUSTER;DEC28=PUT_CALL_PARITY;DEC27=PUT_CALL_PARITY,SEP26=29348.75;AUG26=29412.5;OCT26=30137.875;DEC29=28924;DEC26=20179.125;NOV26=31093;MAR27=24435.5;JUN27=24130.625;DEC28=19739;DEC27=18304.5,DEC26=GLOBAL_REFERENCE_OUTLIER_PUT_CALL_PARITY;DEC28=GLOBAL_REFERENCE_OUTLIER_SERIES_FORWARD_CLUSTER;DEC27=GLOBAL_REFERENCE_OUTLIER_SERIES_FORWARD_CLUSTER,WEIGHTED_ATM,2026-09-04,6,130,0.0,NONE,4660,4136,0,0,517,NONE,MN1;MN2;MN3;MN4;MN5;QMW;QRW;QTW;QWW,OK,NONE,NONE,2026-08-26
NAS,13500.0,0.0,0.0,0.0,0.0,0.0,0.0,0.0,0.0,29723.678287786784,28973.821712213216,30098.60657557357,28598.89342442643,SEP26,AUG26,2026-08-28,2026-09-18,29348.75,29335.60827616128,FOUND,DEGRADED,SPOT_MONTH_FALLBACK;ESTIMATED_EXPIRY_ALIAS,2026-08-02.2,PUT_CALL_PARITY,SEP26,SEP26=PUT_CALL_PARITY;AUG26=SERIES_FORWARD_CLUSTER;OCT26=SERIES_FORWARD_CLUSTER;DEC29=SERIES_FORWARD_CLUSTER;DEC26=PUT_CALL_PARITY;NOV26=SERIES_FORWARD_CLUSTER;MAR27=SERIES_FORWARD_CLUSTER;JUN27=SERIES_FORWARD_CLUSTER;DEC28=PUT_CALL_PARITY;DEC27=PUT_CALL_PARITY,SEP26=29348.75;AUG26=29412.5;OCT26=30137.875;DEC29=28924;DEC26=20179.125;NOV26=31093;MAR27=24435.5;JUN27=24130.625;DEC28=19739;DEC27=18304.5,DEC26=GLOBAL_REFERENCE_OUTLIER_PUT_CALL_PARITY;DEC28=GLOBAL_REFERENCE_OUTLIER_SERIES_FORWARD_CLUSTER;DEC27=GLOBAL_REFERENCE_OUTLIER_SERIES_FORWARD_CLUSTER,WEIGHTED_ATM,2026-09-04,6,130,0.0,NONE,4660,4136,0,0,517,NONE,MN1;MN2;MN3;MN4;MN5;QMW;QRW;QTW;QWW,OK,NONE,NONE,2026-08-26
NAS,14000.0,0.0,0.0,0.0,0.0,0.0,0.0,0.0,0.0,29723.678287786784,28973.821712213216,30098.60657557357,28598.89342442643,SEP26,AUG26,2026-08-28,2026-09-18,29348.75,29335.60827616128,FOUND,DEGRADED,SPOT_MONTH_FALLBACK;ESTIMATED_EXPIRY_ALIAS,2026-08-02.2,PUT_CALL_PARITY,SEP26,SEP26=PUT_CALL_PARITY;AUG26=SERIES_FORWARD_CLUSTER;OCT26=SERIES_FORWARD_CLUSTER;DEC29=SERIES_FORWARD_CLUSTER;DEC26=PUT_CALL_PARITY;NOV26=SERIES_FORWARD_CLUSTER;MAR27=SERIES_FORWARD_CLUSTER;JUN27=SERIES_FORWARD_CLUSTER;DEC28=PUT_CALL_PARITY;DEC27=PUT_CALL_PARITY,SEP26=29348.75;AUG26=29412.5;OCT26=30137.875;DEC29=28924;DEC26=20179.125;NOV26=31093;MAR27=24435.5;JUN27=24130.625;DEC28=19739;DEC27=18304.5,DEC26=GLOBAL_REFERENCE_OUTLIER_PUT_CALL_PARITY;DEC28=GLOBAL_REFERENCE_OUTLIER_SERIES_FORWARD_CLUSTER;DEC27=GLOBAL_REFERENCE_OUTLIER_SERIES_FORWARD_CLUSTER,WEIGHTED_ATM,2026-09-04,6,130,0.0,NONE,4660,4136,0,0,517,NONE,MN1;MN2;MN3;MN4;MN5;QMW;QRW;QTW;QWW,OK,NONE,NONE,2026-08-26
NAS,14500.0,0.0,0.0,0.0,0.0,0.0,0.0,0.0,0.0,29723.678287786784,28973.821712213216,30098.60657557357,28598.89342442643,SEP26,AUG26,2026-08-28,2026-09-18,29348.75,29335.60827616128,FOUND,DEGRADED,SPOT_MONTH_FALLBACK;ESTIMATED_EXPIRY_ALIAS,2026-08-02.2,PUT_CALL_PARITY,SEP26,SEP26=PUT_CALL_PARITY;AUG26=SERIES_FORWARD_CLUSTER;OCT26=SERIES_FORWARD_CLUSTER;DEC29=SERIES_FORWARD_CLUSTER;DEC26=PUT_CALL_PARITY;NOV26=SERIES_FORWARD_CLUSTER;MAR27=SERIES_FORWARD_CLUSTER;JUN27=SERIES_FORWARD_CLUSTER;DEC28=PUT_CALL_PARITY;DEC27=PUT_CALL_PARITY,SEP26=29348.75;AUG26=29412.5;OCT26=30137.875;DEC29=28924;DEC26=20179.125;NOV26=31093;MAR27=24435.5;JUN27=24130.625;DEC28=19739;DEC27=18304.5,DEC26=GLOBAL_REFERENCE_OUTLIER_PUT_CALL_PARITY;DEC28=GLOBAL_REFERENCE_OUTLIER_SERIES_FORWARD_CLUSTER;DEC27=GLOBAL_REFERENCE_OUTLIER_SERIES_FORWARD_CLUSTER,WEIGHTED_ATM,2026-09-04,6,130,0.0,NONE,4660,4136,0,0,517,NONE,MN1;MN2;MN3;MN4;MN5;QMW;QRW;QTW;QWW,OK,NONE,NONE,2026-08-26
NAS,15000.0,0.0,0.0,0.0,0.0,0.0,0.0,0.0,0.0,29723.678287786784,28973.821712213216,30098.60657557357,28598.89342442643,SEP26,AUG26,2026-08-28,2026-09-18,29348.75,29335.60827616128,FOUND,DEGRADED,SPOT_MONTH_FALLBACK;ESTIMATED_EXPIRY_ALIAS,2026-08-02.2,PUT_CALL_PARITY,SEP26,SEP26=PUT_CALL_PARITY;AUG26=SERIES_FORWARD_CLUSTER;OCT26=SERIES_FORWARD_CLUSTER;DEC29=SERIES_FORWARD_CLUSTER;DEC26=PUT_CALL_PARITY;NOV26=SERIES_FORWARD_CLUSTER;MAR27=SERIES_FORWARD_CLUSTER;JUN27=SERIES_FORWARD_CLUSTER;DEC28=PUT_CALL_PARITY;DEC27=PUT_CALL_PARITY,SEP26=29348.75;AUG26=29412.5;OCT26=30137.875;DEC29=28924;DEC26=20179.125;NOV26=31093;MAR27=24435.5;JUN27=24130.625;DEC28=19739;DEC27=18304.5,DEC26=GLOBAL_REFERENCE_OUTLIER_PUT_CALL_PARITY;DEC28=GLOBAL_REFERENCE_OUTLIER_SERIES_FORWARD_CLUSTER;DEC27=GLOBAL_REFERENCE_OUTLIER_SERIES_FORWARD_CLUSTER,WEIGHTED_ATM,2026-09-04,6,130,0.0,NONE,4660,4136,0,0,517,NONE,MN1;MN2;MN3;MN4;MN5;QMW;QRW;QTW;QWW,OK,NONE,NONE,2026-08-26
NAS,15500.0,0.0,0.0,0.0,0.0,0.0,0.0,0.0,0.0,29723.678287786784,28973.821712213216,30098.60657557357,28598.89342442643,SEP26,AUG26,2026-08-28,2026-09-18,29348.75,29335.60827616128,FOUND,DEGRADED,SPOT_MONTH_FALLBACK;ESTIMATED_EXPIRY_ALIAS,2026-08-02.2,PUT_CALL_PARITY,SEP26,SEP26=PUT_CALL_PARITY;AUG26=SERIES_FORWARD_CLUSTER;OCT26=SERIES_FORWARD_CLUSTER;DEC29=SERIES_FORWARD_CLUSTER;DEC26=PUT_CALL_PARITY;NOV26=SERIES_FORWARD_CLUSTER;MAR27=SERIES_FORWARD_CLUSTER;JUN27=SERIES_FORWARD_CLUSTER;DEC28=PUT_CALL_PARITY;DEC27=PUT_CALL_PARITY,SEP26=29348.75;AUG26=29412.5;OCT26=30137.875;DEC29=28924;DEC26=20179.125;NOV26=31093;MAR27=24435.5;JUN27=24130.625;DEC28=19739;DEC27=18304.5,DEC26=GLOBAL_REFERENCE_OUTLIER_PUT_CALL_PARITY;DEC28=GLOBAL_REFERENCE_OUTLIER_SERIES_FORWARD_CLUSTER;DEC27=GLOBAL_REFERENCE_OUTLIER_SERIES_FORWARD_CLUSTER,WEIGHTED_ATM,2026-09-04,6,130,0.0,NONE,4660,4136,0,0,517,NONE,MN1;MN2;MN3;MN4;MN5;QMW;QRW;QTW;QWW,OK,NONE,NONE,2026-08-26
NAS,16000.0,0.0,0.0,0.0,0.0,0.0,0.0,0.0,0.0,29723.678287786784,28973.821712213216,30098.60657557357,28598.89342442643,SEP26,AUG26,2026-08-28,2026-09-18,29348.75,29335.60827616128,FOUND,DEGRADED,SPOT_MONTH_FALLBACK;ESTIMATED_EXPIRY_ALIAS,2026-08-02.2,PUT_CALL_PARITY,SEP26,SEP26=PUT_CALL_PARITY;AUG26=SERIES_FORWARD_CLUSTER;OCT26=SERIES_FORWARD_CLUSTER;DEC29=SERIES_FORWARD_CLUSTER;DEC26=PUT_CALL_PARITY;NOV26=SERIES_FORWARD_CLUSTER;MAR27=SERIES_FORWARD_CLUSTER;JUN27=SERIES_FORWARD_CLUSTER;DEC28=PUT_CALL_PARITY;DEC27=PUT_CALL_PARITY,SEP26=29348.75;AUG26=29412.5;OCT26=30137.875;DEC29=28924;DEC26=20179.125;NOV26=31093;MAR27=24435.5;JUN27=24130.625;DEC28=19739;DEC27=18304.5,DEC26=GLOBAL_REFERENCE_OUTLIER_PUT_CALL_PARITY;DEC28=GLOBAL_REFERENCE_OUTLIER_SERIES_FORWARD_CLUSTER;DEC27=GLOBAL_REFERENCE_OUTLIER_SERIES_FORWARD_CLUSTER,WEIGHTED_ATM,2026-09-04,6,130,0.0,NONE,4660,4136,0,0,517,NONE,MN1;MN2;MN3;MN4;MN5;QMW;QRW;QTW;QWW,OK,NONE,NONE,2026-08-26
NAS,16500.0,0.0,0.0,0.0,0.0,0.0,0.0,0.0,0.0,29723.678287786784,28973.821712213216,30098.60657557357,28598.89342442643,SEP26,AUG26,2026-08-28,2026-09-18,29348.75,29335.60827616128,FOUND,DEGRADED,SPOT_MONTH_FALLBACK;ESTIMATED_EXPIRY_ALIAS,2026-08-02.2,PUT_CALL_PARITY,SEP26,SEP26=PUT_CALL_PARITY;AUG26=SERIES_FORWARD_CLUSTER;OCT26=SERIES_FORWARD_CLUSTER;DEC29=SERIES_FORWARD_CLUSTER;DEC26=PUT_CALL_PARITY;NOV26=SERIES_FORWARD_CLUSTER;MAR27=SERIES_FORWARD_CLUSTER;JUN27=SERIES_FORWARD_CLUSTER;DEC28=PUT_CALL_PARITY;DEC27=PUT_CALL_PARITY,SEP26=29348.75;AUG26=29412.5;OCT26=30137.875;DEC29=28924;DEC26=20179.125;NOV26=31093;MAR27=24435.5;JUN27=24130.625;DEC28=19739;DEC27=18304.5,DEC26=GLOBAL_REFERENCE_OUTLIER_PUT_CALL_PARITY;DEC28=GLOBAL_REFERENCE_OUTLIER_SERIES_FORWARD_CLUSTER;DEC27=GLOBAL_REFERENCE_OUTLIER_SERIES_FORWARD_CLUSTER,WEIGHTED_ATM,2026-09-04,6,130,0.0,NONE,4660,4136,0,0,517,NONE,MN1;MN2;MN3;MN4;MN5;QMW;QRW;QTW;QWW,OK,NONE,NONE,2026-08-26
NAS,16750.0,0.0,0.0,0.0,0.0,0.0,0.0,0.0,0.0,29723.678287786784,28973.821712213216,30098.60657557357,28598.89342442643,SEP26,AUG26,2026-08-28,2026-09-18,29348.75,29335.60827616128,FOUND,DEGRADED,SPOT_MONTH_FALLBACK;ESTIMATED_EXPIRY_ALIAS,2026-08-02.2,PUT_CALL_PARITY,SEP26,SEP26=PUT_CALL_PARITY;AUG26=SERIES_FORWARD_CLUSTER;OCT26=SERIES_FORWARD_CLUSTER;DEC29=SERIES_FORWARD_CLUSTER;DEC26=PUT_CALL_PARITY;NOV26=SERIES_FORWARD_CLUSTER;MAR27=SERIES_FORWARD_CLUSTER;JUN27=SERIES_FORWARD_CLUSTER;DEC28=PUT_CALL_PARITY;DEC27=PUT_CALL_PARITY,SEP26=29348.75;AUG26=29412.5;OCT26=30137.875;DEC29=28924;DEC26=20179.125;NOV26=31093;MAR27=24435.5;JUN27=24130.625;DEC28=19739;DEC27=18304.5,DEC26=GLOBAL_REFERENCE_OUTLIER_PUT_CALL_PARITY;DEC28=GLOBAL_REFERENCE_OUTLIER_SERIES_FORWARD_CLUSTER;DEC27=GLOBAL_REFERENCE_OUTLIER_SERIES_FORWARD_CLUSTER,WEIGHTED_ATM,2026-09-04,6,130,0.0,NONE,4660,4136,0,0,517,NONE,MN1;MN2;MN3;MN4;MN5;QMW;QRW;QTW;QWW,OK,NONE,NONE,2026-08-26
NAS,17000.0,-2343.9493805712737,0.000402541895561838,0.0,0.0,0.0,0.0,0.0,0.0,29723.678287786784,28973.821712213216,30098.60657557357,28598.89342442643,SEP26,AUG26,2026-08-28,2026-09-18,29348.75,29335.60827616128,FOUND,DEGRADED,SPOT_MONTH_FALLBACK;ESTIMATED_EXPIRY_ALIAS,2026-08-02.2,PUT_CALL_PARITY,SEP26,SEP26=PUT_CALL_PARITY;AUG26=SERIES_FORWARD_CLUSTER;OCT26=SERIES_FORWARD_CLUSTER;DEC29=SERIES_FORWARD_CLUSTER;DEC26=PUT_CALL_PARITY;NOV26=SERIES_FORWARD_CLUSTER;MAR27=SERIES_FORWARD_CLUSTER;JUN27=SERIES_FORWARD_CLUSTER;DEC28=PUT_CALL_PARITY;DEC27=PUT_CALL_PARITY,SEP26=29348.75;AUG26=29412.5;OCT26=30137.875;DEC29=28924;DEC26=20179.125;NOV26=31093;MAR27=24435.5;JUN27=24130.625;DEC28=19739;DEC27=18304.5,DEC26=GLOBAL_REFERENCE_OUTLIER_PUT_CALL_PARITY;DEC28=GLOBAL_REFERENCE_OUTLIER_SERIES_FORWARD_CLUSTER;DEC27=GLOBAL_REFERENCE_OUTLIER_SERIES_FORWARD_CLUSTER,WEIGHTED_ATM,2026-09-04,6,130,0.0,NONE,4660,4136,0,0,517,NONE,MN1;MN2;MN3;MN4;MN5;QMW;QRW;QTW;QWW,OK,NONE,NONE,2026-08-26
NAS,17250.0,0.0,0.0,0.0,0.0,0.0,0.0,0.0,0.0,29723.678287786784,28973.821712213216,30098.60657557357,28598.89342442643,SEP26,AUG26,2026-08-28,2026-09-18,29348.75,29335.60827616128,FOUND,DEGRADED,SPOT_MONTH_FALLBACK;ESTIMATED_EXPIRY_ALIAS,2026-08-02.2,PUT_CALL_PARITY,SEP26,SEP26=PUT_CALL_PARITY;AUG26=SERIES_FORWARD_CLUSTER;OCT26=SERIES_FORWARD_CLUSTER;DEC29=SERIES_FORWARD_CLUSTER;DEC26=PUT_CALL_PARITY;NOV26=SERIES_FORWARD_CLUSTER;MAR27=SERIES_FORWARD_CLUSTER;JUN27=SERIES_FORWARD_CLUSTER;DEC28=PUT_CALL_PARITY;DEC27=PUT_CALL_PARITY,SEP26=29348.75;AUG26=29412.5;OCT26=30137.875;DEC29=28924;DEC26=20179.125;NOV26=31093;MAR27=24435.5;JUN27=24130.625;DEC28=19739;DEC27=18304.5,DEC26=GLOBAL_REFERENCE_OUTLIER_PUT_CALL_PARITY;DEC28=GLOBAL_REFERENCE_OUTLIER_SERIES_FORWARD_CLUSTER;DEC27=GLOBAL_REFERENCE_OUTLIER_SERIES_FORWARD_CLUSTER,WEIGHTED_ATM,2026-09-04,6,130,0.0,NONE,4660,4136,0,0,517,NONE,MN1;MN2;MN3;MN4;MN5;QMW;QRW;QTW;QWW,OK,NONE,NONE,2026-08-26
NAS,17500.0,-44826.18283867164,0.007518899254474815,0.0,0.0,0.0,0.0,0.0,0.0,29723.678287786784,28973.821712213216,30098.60657557357,28598.89342442643,SEP26,AUG26,2026-08-28,2026-09-18,29348.75,29335.60827616128,FOUND,DEGRADED,SPOT_MONTH_FALLBACK;ESTIMATED_EXPIRY_ALIAS,2026-08-02.2,PUT_CALL_PARITY,SEP26,SEP26=PUT_CALL_PARITY;AUG26=SERIES_FORWARD_CLUSTER;OCT26=SERIES_FORWARD_CLUSTER;DEC29=SERIES_FORWARD_CLUSTER;DEC26=PUT_CALL_PARITY;NOV26=SERIES_FORWARD_CLUSTER;MAR27=SERIES_FORWARD_CLUSTER;JUN27=SERIES_FORWARD_CLUSTER;DEC28=PUT_CALL_PARITY;DEC27=PUT_CALL_PARITY,SEP26=29348.75;AUG26=29412.5;OCT26=30137.875;DEC29=28924;DEC26=20179.125;NOV26=31093;MAR27=24435.5;JUN27=24130.625;DEC28=19739;DEC27=18304.5,DEC26=GLOBAL_REFERENCE_OUTLIER_PUT_CALL_PARITY;DEC28=GLOBAL_REFERENCE_OUTLIER_SERIES_FORWARD_CLUSTER;DEC27=GLOBAL_REFERENCE_OUTLIER_SERIES_FORWARD_CLUSTER,WEIGHTED_ATM,2026-09-04,6,130,0.0,NONE,4660,4136,0,0,517,NONE,MN1;MN2;MN3;MN4;MN5;QMW;QRW;QTW;QWW,OK,NONE,NONE,2026-08-26
NAS,17750.0,0.0,0.0,0.0,0.0,0.0,0.0,0.0,0.0,29723.678287786784,28973.821712213216,30098.60657557357,28598.89342442643,SEP26,AUG26,2026-08-28,2026-09-18,29348.75,29335.60827616128,FOUND,DEGRADED,SPOT_MONTH_FALLBACK;ESTIMATED_EXPIRY_ALIAS,2026-08-02.2,PUT_CALL_PARITY,SEP26,SEP26=PUT_CALL_PARITY;AUG26=SERIES_FORWARD_CLUSTER;OCT26=SERIES_FORWARD_CLUSTER;DEC29=SERIES_FORWARD_CLUSTER;DEC26=PUT_CALL_PARITY;NOV26=SERIES_FORWARD_CLUSTER;MAR27=SERIES_FORWARD_CLUSTER;JUN27=SERIES_FORWARD_CLUSTER;DEC28=PUT_CALL_PARITY;DEC27=PUT_CALL_PARITY,SEP26=29348.75;AUG26=29412.5;OCT26=30137.875;DEC29=28924;DEC26=20179.125;NOV26=31093;MAR27=24435.5;JUN27=24130.625;DEC28=19739;DEC27=18304.5,DEC26=GLOBAL_REFERENCE_OUTLIER_PUT_CALL_PARITY;DEC28=GLOBAL_REFERENCE_OUTLIER_SERIES_FORWARD_CLUSTER;DEC27=GLOBAL_REFERENCE_OUTLIER_SERIES_FORWARD_CLUSTER,WEIGHTED_ATM,2026-09-04,6,130,0.0,NONE,4660,4136,0,0,517,NONE,MN1;MN2;MN3;MN4;MN5;QMW;QRW;QTW;QWW,OK,NONE,NONE,2026-08-26
NAS,18000.0,-34804.383406418056,0.005855516054069641,0.0,0.0,0.0,0.0,0.0,0.0,29723.678287786784,28973.821712213216,30098.60657557357,28598.89342442643,SEP26,AUG26,2026-08-28,2026-09-18,29348.75,29335.60827616128,FOUND,DEGRADED,SPOT_MONTH_FALLBACK;ESTIMATED_EXPIRY_ALIAS,2026-08-02.2,PUT_CALL_PARITY,SEP26,SEP26=PUT_CALL_PARITY;AUG26=SERIES_FORWARD_CLUSTER;OCT26=SERIES_FORWARD_CLUSTER;DEC29=SERIES_FORWARD_CLUSTER;DEC26=PUT_CALL_PARITY;NOV26=SERIES_FORWARD_CLUSTER;MAR27=SERIES_FORWARD_CLUSTER;JUN27=SERIES_FORWARD_CLUSTER;DEC28=PUT_CALL_PARITY;DEC27=PUT_CALL_PARITY,SEP26=29348.75;AUG26=29412.5;OCT26=30137.875;DEC29=28924;DEC26=20179.125;NOV26=31093;MAR27=24435.5;JUN27=24130.625;DEC28=19739;DEC27=18304.5,DEC26=GLOBAL_REFERENCE_OUTLIER_PUT_CALL_PARITY;DEC28=GLOBAL_REFERENCE_OUTLIER_SERIES_FORWARD_CLUSTER;DEC27=GLOBAL_REFERENCE_OUTLIER_SERIES_FORWARD_CLUSTER,WEIGHTED_ATM,2026-09-04,6,130,0.0,NONE,4660,4136,0,0,517,NONE,MN1;MN2;MN3;MN4;MN5;QMW;QRW;QTW;QWW,OK,NONE,NONE,2026-08-26
NAS,18250.0,0.0,0.0,0.0,0.0,0.0,0.0,0.0,0.0,29723.678287786784,28973.821712213216,30098.60657557357,28598.89342442643,SEP26,AUG26,2026-08-28,2026-09-18,29348.75,29335.60827616128,FOUND,DEGRADED,SPOT_MONTH_FALLBACK;ESTIMATED_EXPIRY_ALIAS,2026-08-02.2,PUT_CALL_PARITY,SEP26,SEP26=PUT_CALL_PARITY;AUG26=SERIES_FORWARD_CLUSTER;OCT26=SERIES_FORWARD_CLUSTER;DEC29=SERIES_FORWARD_CLUSTER;DEC26=PUT_CALL_PARITY;NOV26=SERIES_FORWARD_CLUSTER;MAR27=SERIES_FORWARD_CLUSTER;JUN27=SERIES_FORWARD_CLUSTER;DEC28=PUT_CALL_PARITY;DEC27=PUT_CALL_PARITY,SEP26=29348.75;AUG26=29412.5;OCT26=30137.875;DEC29=28924;DEC26=20179.125;NOV26=31093;MAR27=24435.5;JUN27=24130.625;DEC28=19739;DEC27=18304.5,DEC26=GLOBAL_REFERENCE_OUTLIER_PUT_CALL_PARITY;DEC28=GLOBAL_REFERENCE_OUTLIER_SERIES_FORWARD_CLUSTER;DEC27=GLOBAL_REFERENCE_OUTLIER_SERIES_FORWARD_CLUSTER,WEIGHTED_ATM,2026-09-04,6,130,0.0,NONE,4660,4136,0,0,517,NONE,MN1;MN2;MN3;MN4;MN5;QMW;QRW;QTW;QWW,OK,NONE,NONE,2026-08-26
NAS,18500.0,-12193.271778553806,0.0020421037083945166,0.0,0.0,0.0,0.0,0.0,0.0,29723.678287786784,28973.821712213216,30098.60657557357,28598.89342442643,SEP26,AUG26,2026-08-28,2026-09-18,29348.75,29335.60827616128,FOUND,DEGRADED,SPOT_MONTH_FALLBACK;ESTIMATED_EXPIRY_ALIAS,2026-08-02.2,PUT_CALL_PARITY,SEP26,SEP26=PUT_CALL_PARITY;AUG26=SERIES_FORWARD_CLUSTER;OCT26=SERIES_FORWARD_CLUSTER;DEC29=SERIES_FORWARD_CLUSTER;DEC26=PUT_CALL_PARITY;NOV26=SERIES_FORWARD_CLUSTER;MAR27=SERIES_FORWARD_CLUSTER;JUN27=SERIES_FORWARD_CLUSTER;DEC28=PUT_CALL_PARITY;DEC27=PUT_CALL_PARITY,SEP26=29348.75;AUG26=29412.5;OCT26=30137.875;DEC29=28924;DEC26=20179.125;NOV26=31093;MAR27=24435.5;JUN27=24130.625;DEC28=19739;DEC27=18304.5,DEC26=GLOBAL_REFERENCE_OUTLIER_PUT_CALL_PARITY;DEC28=GLOBAL_REFERENCE_OUTLIER_SERIES_FORWARD_CLUSTER;DEC27=GLOBAL_REFERENCE_OUTLIER_SERIES_FORWARD_CLUSTER,WEIGHTED_ATM,2026-09-04,6,130,0.0,NONE,4660,4136,0,0,517,NONE,MN1;MN2;MN3;MN4;MN5;QMW;QRW;QTW;QWW,OK,NONE,NONE,2026-08-26
NAS,18750.0,0.0,0.0,0.0,0.0,0.0,0.0,0.0,0.0,29723.678287786784,28973.821712213216,30098.60657557357,28598.89342442643,SEP26,AUG26,2026-08-28,2026-09-18,29348.75,29335.60827616128,FOUND,DEGRADED,SPOT_MONTH_FALLBACK;ESTIMATED_EXPIRY_ALIAS,2026-08-02.2,PUT_CALL_PARITY,SEP26,SEP26=PUT_CALL_PARITY;AUG26=SERIES_FORWARD_CLUSTER;OCT26=SERIES_FORWARD_CLUSTER;DEC29=SERIES_FORWARD_CLUSTER;DEC26=PUT_CALL_PARITY;NOV26=SERIES_FORWARD_CLUSTER;MAR27=SERIES_FORWARD_CLUSTER;JUN27=SERIES_FORWARD_CLUSTER;DEC28=PUT_CALL_PARITY;DEC27=PUT_CALL_PARITY,SEP26=29348.75;AUG26=29412.5;OCT26=30137.875;DEC29=28924;DEC26=20179.125;NOV26=31093;MAR27=24435.5;JUN27=24130.625;DEC28=19739;DEC27=18304.5,DEC26=GLOBAL_REFERENCE_OUTLIER_PUT_CALL_PARITY;DEC28=GLOBAL_REFERENCE_OUTLIER_SERIES_FORWARD_CLUSTER;DEC27=GLOBAL_REFERENCE_OUTLIER_SERIES_FORWARD_CLUSTER,WEIGHTED_ATM,2026-09-04,6,130,0.0,NONE,4660,4136,0,0,517,NONE,MN1;MN2;MN3;MN4;MN5;QMW;QRW;QTW;QWW,OK,NONE,NONE,2026-08-26
NAS,19000.0,-187620.2544463838,0.03145775814345375,0.0,0.0,0.0,0.0,0.0,0.0,29723.678287786784,28973.821712213216,30098.60657557357,28598.89342442643,SEP26,AUG26,2026-08-28,2026-09-18,29348.75,29335.60827616128,FOUND,DEGRADED,SPOT_MONTH_FALLBACK;ESTIMATED_EXPIRY_ALIAS,2026-08-02.2,PUT_CALL_PARITY,SEP26,SEP26=PUT_CALL_PARITY;AUG26=SERIES_FORWARD_CLUSTER;OCT26=SERIES_FORWARD_CLUSTER;DEC29=SERIES_FORWARD_CLUSTER;DEC26=PUT_CALL_PARITY;NOV26=SERIES_FORWARD_CLUSTER;MAR27=SERIES_FORWARD_CLUSTER;JUN27=SERIES_FORWARD_CLUSTER;DEC28=PUT_CALL_PARITY;DEC27=PUT_CALL_PARITY,SEP26=29348.75;AUG26=29412.5;OCT26=30137.875;DEC29=28924;DEC26=20179.125;NOV26=31093;MAR27=24435.5;JUN27=24130.625;DEC28=19739;DEC27=18304.5,DEC26=GLOBAL_REFERENCE_OUTLIER_PUT_CALL_PARITY;DEC28=GLOBAL_REFERENCE_OUTLIER_SERIES_FORWARD_CLUSTER;DEC27=GLOBAL_REFERENCE_OUTLIER_SERIES_FORWARD_CLUSTER,WEIGHTED_ATM,2026-09-04,6,130,0.0,NONE,4660,4136,0,0,517,NONE,MN1;MN2;MN3;MN4;MN5;QMW;QRW;QTW;QWW,OK,NONE,NONE,2026-08-26
NAS,19250.0,0.0,0.0,0.0,0.0,0.0,0.0,0.0,0.0,29723.678287786784,28973.821712213216,30098.60657557357,28598.89342442643,SEP26,AUG26,2026-08-28,2026-09-18,29348.75,29335.60827616128,FOUND,DEGRADED,SPOT_MONTH_FALLBACK;ESTIMATED_EXPIRY_ALIAS,2026-08-02.2,PUT_CALL_PARITY,SEP26,SEP26=PUT_CALL_PARITY;AUG26=SERIES_FORWARD_CLUSTER;OCT26=SERIES_FORWARD_CLUSTER;DEC29=SERIES_FORWARD_CLUSTER;DEC26=PUT_CALL_PARITY;NOV26=SERIES_FORWARD_CLUSTER;MAR27=SERIES_FORWARD_CLUSTER;JUN27=SERIES_FORWARD_CLUSTER;DEC28=PUT_CALL_PARITY;DEC27=PUT_CALL_PARITY,SEP26=29348.75;AUG26=29412.5;OCT26=30137.875;DEC29=28924;DEC26=20179.125;NOV26=31093;MAR27=24435.5;JUN27=24130.625;DEC28=19739;DEC27=18304.5,DEC26=GLOBAL_REFERENCE_OUTLIER_PUT_CALL_PARITY;DEC28=GLOBAL_REFERENCE_OUTLIER_SERIES_FORWARD_CLUSTER;DEC27=GLOBAL_REFERENCE_OUTLIER_SERIES_FORWARD_CLUSTER,WEIGHTED_ATM,2026-09-04,6,130,0.0,NONE,4660,4136,0,0,517,NONE,MN1;MN2;MN3;MN4;MN5;QMW;QRW;QTW;QWW,OK,NONE,NONE,2026-08-26
NAS,19500.0,-60478.29925157654,0.010169977991657435,0.0,0.0,0.0,0.0,0.0,0.0,29723.678287786784,28973.821712213216,30098.60657557357,28598.89342442643,SEP26,AUG26,2026-08-28,2026-09-18,29348.75,29335.60827616128,FOUND,DEGRADED,SPOT_MONTH_FALLBACK;ESTIMATED_EXPIRY_ALIAS,2026-08-02.2,PUT_CALL_PARITY,SEP26,SEP26=PUT_CALL_PARITY;AUG26=SERIES_FORWARD_CLUSTER;OCT26=SERIES_FORWARD_CLUSTER;DEC29=SERIES_FORWARD_CLUSTER;DEC26=PUT_CALL_PARITY;NOV26=SERIES_FORWARD_CLUSTER;MAR27=SERIES_FORWARD_CLUSTER;JUN27=SERIES_FORWARD_CLUSTER;DEC28=PUT_CALL_PARITY;DEC27=PUT_CALL_PARITY,SEP26=29348.75;AUG26=29412.5;OCT26=30137.875;DEC29=28924;DEC26=20179.125;NOV26=31093;MAR27=24435.5;JUN27=24130.625;DEC28=19739;DEC27=18304.5,DEC26=GLOBAL_REFERENCE_OUTLIER_PUT_CALL_PARITY;DEC28=GLOBAL_REFERENCE_OUTLIER_SERIES_FORWARD_CLUSTER;DEC27=GLOBAL_REFERENCE_OUTLIER_SERIES_FORWARD_CLUSTER,WEIGHTED_ATM,2026-09-04,6,130,0.0,NONE,4660,4136,0,0,517,NONE,MN1;MN2;MN3;MN4;MN5;QMW;QRW;QTW;QWW,OK,NONE,NONE,2026-08-26
NAS,19750.0,0.0,0.0,0.0,0.0,0.0,0.0,0.0,0.0,29723.678287786784,28973.821712213216,30098.60657557357,28598.89342442643,SEP26,AUG26,2026-08-28,2026-09-18,29348.75,29335.60827616128,FOUND,DEGRADED,SPOT_MONTH_FALLBACK;ESTIMATED_EXPIRY_ALIAS,2026-08-02.2,PUT_CALL_PARITY,SEP26,SEP26=PUT_CALL_PARITY;AUG26=SERIES_FORWARD_CLUSTER;OCT26=SERIES_FORWARD_CLUSTER;DEC29=SERIES_FORWARD_CLUSTER;DEC26=PUT_CALL_PARITY;NOV26=SERIES_FORWARD_CLUSTER;MAR27=SERIES_FORWARD_CLUSTER;JUN27=SERIES_FORWARD_CLUSTER;DEC28=PUT_CALL_PARITY;DEC27=PUT_CALL_PARITY,SEP26=29348.75;AUG26=29412.5;OCT26=30137.875;DEC29=28924;DEC26=20179.125;NOV26=31093;MAR27=24435.5;JUN27=24130.625;DEC28=19739;DEC27=18304.5,DEC26=GLOBAL_REFERENCE_OUTLIER_PUT_CALL_PARITY;DEC28=GLOBAL_REFERENCE_OUTLIER_SERIES_FORWARD_CLUSTER;DEC27=GLOBAL_REFERENCE_OUTLIER_SERIES_FORWARD_CLUSTER,WEIGHTED_ATM,2026-09-04,6,130,0.0,NONE,4660,4136,0,0,517,NONE,MN1;MN2;MN3;MN4;MN5;QMW;QRW;QTW;QWW,OK,NONE,NONE,2026-08-26
NAS,20000.0,-152706.5020239497,0.026054308061118803,0.0,0.0,0.0,0.0,0.0,0.0,29723.678287786784,28973.821712213216,30098.60657557357,28598.89342442643,SEP26,AUG26,2026-08-28,2026-09-18,29348.75,29335.60827616128,FOUND,DEGRADED,SPOT_MONTH_FALLBACK;ESTIMATED_EXPIRY_ALIAS,2026-08-02.2,PUT_CALL_PARITY,SEP26,SEP26=PUT_CALL_PARITY;AUG26=SERIES_FORWARD_CLUSTER;OCT26=SERIES_FORWARD_CLUSTER;DEC29=SERIES_FORWARD_CLUSTER;DEC26=PUT_CALL_PARITY;NOV26=SERIES_FORWARD_CLUSTER;MAR27=SERIES_FORWARD_CLUSTER;JUN27=SERIES_FORWARD_CLUSTER;DEC28=PUT_CALL_PARITY;DEC27=PUT_CALL_PARITY,SEP26=29348.75;AUG26=29412.5;OCT26=30137.875;DEC29=28924;DEC26=20179.125;NOV26=31093;MAR27=24435.5;JUN27=24130.625;DEC28=19739;DEC27=18304.5,DEC26=GLOBAL_REFERENCE_OUTLIER_PUT_CALL_PARITY;DEC28=GLOBAL_REFERENCE_OUTLIER_SERIES_FORWARD_CLUSTER;DEC27=GLOBAL_REFERENCE_OUTLIER_SERIES_FORWARD_CLUSTER,WEIGHTED_ATM,2026-09-04,6,130,0.0,NONE,4660,4136,0,0,517,NONE,MN1;MN2;MN3;MN4;MN5;QMW;QRW;QTW;QWW,OK,NONE,NONE,2026-08-26
NAS,20250.0,0.0,0.0,0.0,0.0,0.0,0.0,0.0,0.0,29723.678287786784,28973.821712213216,30098.60657557357,28598.89342442643,SEP26,AUG26,2026-08-28,2026-09-18,29348.75,29335.60827616128,FOUND,DEGRADED,SPOT_MONTH_FALLBACK;ESTIMATED_EXPIRY_ALIAS,2026-08-02.2,PUT_CALL_PARITY,SEP26,SEP26=PUT_CALL_PARITY;AUG26=SERIES_FORWARD_CLUSTER;OCT26=SERIES_FORWARD_CLUSTER;DEC29=SERIES_FORWARD_CLUSTER;DEC26=PUT_CALL_PARITY;NOV26=SERIES_FORWARD_CLUSTER;MAR27=SERIES_FORWARD_CLUSTER;JUN27=SERIES_FORWARD_CLUSTER;DEC28=PUT_CALL_PARITY;DEC27=PUT_CALL_PARITY,SEP26=29348.75;AUG26=29412.5;OCT26=30137.875;DEC29=28924;DEC26=20179.125;NOV26=31093;MAR27=24435.5;JUN27=24130.625;DEC28=19739;DEC27=18304.5,DEC26=GLOBAL_REFERENCE_OUTLIER_PUT_CALL_PARITY;DEC28=GLOBAL_REFERENCE_OUTLIER_SERIES_FORWARD_CLUSTER;DEC27=GLOBAL_REFERENCE_OUTLIER_SERIES_FORWARD_CLUSTER,WEIGHTED_ATM,2026-09-04,6,130,0.0,NONE,4660,4136,0,0,517,NONE,MN1;MN2;MN3;MN4;MN5;QMW;QRW;QTW;QWW,OK,NONE,NONE,2026-08-26
NAS,20500.0,-37054.56786152756,0.006261788052091042,0.0,0.0,0.0,0.0,0.0,0.0,29723.678287786784,28973.821712213216,30098.60657557357,28598.89342442643,SEP26,AUG26,2026-08-28,2026-09-18,29348.75,29335.60827616128,FOUND,DEGRADED,SPOT_MONTH_FALLBACK;ESTIMATED_EXPIRY_ALIAS,2026-08-02.2,PUT_CALL_PARITY,SEP26,SEP26=PUT_CALL_PARITY;AUG26=SERIES_FORWARD_CLUSTER;OCT26=SERIES_FORWARD_CLUSTER;DEC29=SERIES_FORWARD_CLUSTER;DEC26=PUT_CALL_PARITY;NOV26=SERIES_FORWARD_CLUSTER;MAR27=SERIES_FORWARD_CLUSTER;JUN27=SERIES_FORWARD_CLUSTER;DEC28=PUT_CALL_PARITY;DEC27=PUT_CALL_PARITY,SEP26=29348.75;AUG26=29412.5;OCT26=30137.875;DEC29=28924;DEC26=20179.125;NOV26=31093;MAR27=24435.5;JUN27=24130.625;DEC28=19739;DEC27=18304.5,DEC26=GLOBAL_REFERENCE_OUTLIER_PUT_CALL_PARITY;DEC28=GLOBAL_REFERENCE_OUTLIER_SERIES_FORWARD_CLUSTER;DEC27=GLOBAL_REFERENCE_OUTLIER_SERIES_FORWARD_CLUSTER,WEIGHTED_ATM,2026-09-04,6,130,0.0,NONE,4660,4136,0,0,517,NONE,MN1;MN2;MN3;MN4;MN5;QMW;QRW;QTW;QWW,OK,NONE,NONE,2026-08-26
NAS,20750.0,-156347.45242223458,0.018151461190445625,0.0,0.0,0.0,0.0,0.0,0.0,29723.678287786784,28973.821712213216,30098.60657557357,28598.89342442643,SEP26,AUG26,2026-08-28,2026-09-18,29348.75,29335.60827616128,FOUND,DEGRADED,SPOT_MONTH_FALLBACK;ESTIMATED_EXPIRY_ALIAS,2026-08-02.2,PUT_CALL_PARITY,SEP26,SEP26=PUT_CALL_PARITY;AUG26=SERIES_FORWARD_CLUSTER;OCT26=SERIES_FORWARD_CLUSTER;DEC29=SERIES_FORWARD_CLUSTER;DEC26=PUT_CALL_PARITY;NOV26=SERIES_FORWARD_CLUSTER;MAR27=SERIES_FORWARD_CLUSTER;JUN27=SERIES_FORWARD_CLUSTER;DEC28=PUT_CALL_PARITY;DEC27=PUT_CALL_PARITY,SEP26=29348.75;AUG26=29412.5;OCT26=30137.875;DEC29=28924;DEC26=20179.125;NOV26=31093;MAR27=24435.5;JUN27=24130.625;DEC28=19739;DEC27=18304.5,DEC26=GLOBAL_REFERENCE_OUTLIER_PUT_CALL_PARITY;DEC28=GLOBAL_REFERENCE_OUTLIER_SERIES_FORWARD_CLUSTER;DEC27=GLOBAL_REFERENCE_OUTLIER_SERIES_FORWARD_CLUSTER,WEIGHTED_ATM,2026-09-04,6,130,0.0,NONE,4660,4136,0,0,517,NONE,MN1;MN2;MN3;MN4;MN5;QMW;QRW;QTW;QWW,OK,NONE,NONE,2026-08-26
NAS,21000.0,-2603623.3317219736,0.31497045419592906,0.0,0.0,0.0,0.0,0.0,0.0,29723.678287786784,28973.821712213216,30098.60657557357,28598.89342442643,SEP26,AUG26,2026-08-28,2026-09-18,29348.75,29335.60827616128,FOUND,DEGRADED,SPOT_MONTH_FALLBACK;ESTIMATED_EXPIRY_ALIAS,2026-08-02.2,PUT_CALL_PARITY,SEP26,SEP26=PUT_CALL_PARITY;AUG26=SERIES_FORWARD_CLUSTER;OCT26=SERIES_FORWARD_CLUSTER;DEC29=SERIES_FORWARD_CLUSTER;DEC26=PUT_CALL_PARITY;NOV26=SERIES_FORWARD_CLUSTER;MAR27=SERIES_FORWARD_CLUSTER;JUN27=SERIES_FORWARD_CLUSTER;DEC28=PUT_CALL_PARITY;DEC27=PUT_CALL_PARITY,SEP26=29348.75;AUG26=29412.5;OCT26=30137.875;DEC29=28924;DEC26=20179.125;NOV26=31093;MAR27=24435.5;JUN27=24130.625;DEC28=19739;DEC27=18304.5,DEC26=GLOBAL_REFERENCE_OUTLIER_PUT_CALL_PARITY;DEC28=GLOBAL_REFERENCE_OUTLIER_SERIES_FORWARD_CLUSTER;DEC27=GLOBAL_REFERENCE_OUTLIER_SERIES_FORWARD_CLUSTER,WEIGHTED_ATM,2026-09-04,6,130,0.0,NONE,4660,4136,0,0,517,NONE,MN1;MN2;MN3;MN4;MN5;QMW;QRW;QTW;QWW,OK,NONE,NONE,2026-08-26
NAS,21250.0,-59701.92196356698,0.006931210600030134,0.0,0.0,0.0,0.0,0.0,0.0,29723.678287786784,28973.821712213216,30098.60657557357,28598.89342442643,SEP26,AUG26,2026-08-28,2026-09-18,29348.75,29335.60827616128,FOUND,DEGRADED,SPOT_MONTH_FALLBACK;ESTIMATED_EXPIRY_ALIAS,2026-08-02.2,PUT_CALL_PARITY,SEP26,SEP26=PUT_CALL_PARITY;AUG26=SERIES_FORWARD_CLUSTER;OCT26=SERIES_FORWARD_CLUSTER;DEC29=SERIES_FORWARD_CLUSTER;DEC26=PUT_CALL_PARITY;NOV26=SERIES_FORWARD_CLUSTER;MAR27=SERIES_FORWARD_CLUSTER;JUN27=SERIES_FORWARD_CLUSTER;DEC28=PUT_CALL_PARITY;DEC27=PUT_CALL_PARITY,SEP26=29348.75;AUG26=29412.5;OCT26=30137.875;DEC29=28924;DEC26=20179.125;NOV26=31093;MAR27=24435.5;JUN27=24130.625;DEC28=19739;DEC27=18304.5,DEC26=GLOBAL_REFERENCE_OUTLIER_PUT_CALL_PARITY;DEC28=GLOBAL_REFERENCE_OUTLIER_SERIES_FORWARD_CLUSTER;DEC27=GLOBAL_REFERENCE_OUTLIER_SERIES_FORWARD_CLUSTER,WEIGHTED_ATM,2026-09-04,6,130,0.0,NONE,4660,4136,0,0,517,NONE,MN1;MN2;MN3;MN4;MN5;QMW;QRW;QTW;QWW,OK,NONE,NONE,2026-08-26
NAS,21500.0,-2695241.663242039,0.37234031116367533,0.0,0.0,0.0,0.0,0.0,0.0,29723.678287786784,28973.821712213216,30098.60657557357,28598.89342442643,SEP26,AUG26,2026-08-28,2026-09-18,29348.75,29335.60827616128,FOUND,DEGRADED,SPOT_MONTH_FALLBACK;ESTIMATED_EXPIRY_ALIAS,2026-08-02.2,PUT_CALL_PARITY,SEP26,SEP26=PUT_CALL_PARITY;AUG26=SERIES_FORWARD_CLUSTER;OCT26=SERIES_FORWARD_CLUSTER;DEC29=SERIES_FORWARD_CLUSTER;DEC26=PUT_CALL_PARITY;NOV26=SERIES_FORWARD_CLUSTER;MAR27=SERIES_FORWARD_CLUSTER;JUN27=SERIES_FORWARD_CLUSTER;DEC28=PUT_CALL_PARITY;DEC27=PUT_CALL_PARITY,SEP26=29348.75;AUG26=29412.5;OCT26=30137.875;DEC29=28924;DEC26=20179.125;NOV26=31093;MAR27=24435.5;JUN27=24130.625;DEC28=19739;DEC27=18304.5,DEC26=GLOBAL_REFERENCE_OUTLIER_PUT_CALL_PARITY;DEC28=GLOBAL_REFERENCE_OUTLIER_SERIES_FORWARD_CLUSTER;DEC27=GLOBAL_REFERENCE_OUTLIER_SERIES_FORWARD_CLUSTER,WEIGHTED_ATM,2026-09-04,6,130,0.0,NONE,4660,4136,0,0,517,NONE,MN1;MN2;MN3;MN4;MN5;QMW;QRW;QTW;QWW,OK,NONE,NONE,2026-08-26
NAS,21750.0,-274472.7525599193,0.03186544736572661,0.0,0.0,0.0,0.0,0.0,0.0,29723.678287786784,28973.821712213216,30098.60657557357,28598.89342442643,SEP26,AUG26,2026-08-28,2026-09-18,29348.75,29335.60827616128,FOUND,DEGRADED,SPOT_MONTH_FALLBACK;ESTIMATED_EXPIRY_ALIAS,2026-08-02.2,PUT_CALL_PARITY,SEP26,SEP26=PUT_CALL_PARITY;AUG26=SERIES_FORWARD_CLUSTER;OCT26=SERIES_FORWARD_CLUSTER;DEC29=SERIES_FORWARD_CLUSTER;DEC26=PUT_CALL_PARITY;NOV26=SERIES_FORWARD_CLUSTER;MAR27=SERIES_FORWARD_CLUSTER;JUN27=SERIES_FORWARD_CLUSTER;DEC28=PUT_CALL_PARITY;DEC27=PUT_CALL_PARITY,SEP26=29348.75;AUG26=29412.5;OCT26=30137.875;DEC29=28924;DEC26=20179.125;NOV26=31093;MAR27=24435.5;JUN27=24130.625;DEC28=19739;DEC27=18304.5,DEC26=GLOBAL_REFERENCE_OUTLIER_PUT_CALL_PARITY;DEC28=GLOBAL_REFERENCE_OUTLIER_SERIES_FORWARD_CLUSTER;DEC27=GLOBAL_REFERENCE_OUTLIER_SERIES_FORWARD_CLUSTER,WEIGHTED_ATM,2026-09-04,6,130,0.0,NONE,4660,4136,0,0,517,NONE,MN1;MN2;MN3;MN4;MN5;QMW;QRW;QTW;QWW,OK,NONE,NONE,2026-08-26
NAS,22000.0,-3198885.295064259,0.40198567598873863,0.0,0.0,0.0,0.0,0.0,0.0,29723.678287786784,28973.821712213216,30098.60657557357,28598.89342442643,SEP26,AUG26,2026-08-28,2026-09-18,29348.75,29335.60827616128,FOUND,DEGRADED,SPOT_MONTH_FALLBACK;ESTIMATED_EXPIRY_ALIAS,2026-08-02.2,PUT_CALL_PARITY,SEP26,SEP26=PUT_CALL_PARITY;AUG26=SERIES_FORWARD_CLUSTER;OCT26=SERIES_FORWARD_CLUSTER;DEC29=SERIES_FORWARD_CLUSTER;DEC26=PUT_CALL_PARITY;NOV26=SERIES_FORWARD_CLUSTER;MAR27=SERIES_FORWARD_CLUSTER;JUN27=SERIES_FORWARD_CLUSTER;DEC28=PUT_CALL_PARITY;DEC27=PUT_CALL_PARITY,SEP26=29348.75;AUG26=29412.5;OCT26=30137.875;DEC29=28924;DEC26=20179.125;NOV26=31093;MAR27=24435.5;JUN27=24130.625;DEC28=19739;DEC27=18304.5,DEC26=GLOBAL_REFERENCE_OUTLIER_PUT_CALL_PARITY;DEC28=GLOBAL_REFERENCE_OUTLIER_SERIES_FORWARD_CLUSTER;DEC27=GLOBAL_REFERENCE_OUTLIER_SERIES_FORWARD_CLUSTER,WEIGHTED_ATM,2026-09-04,6,130,0.0,NONE,4660,4136,0,0,517,NONE,MN1;MN2;MN3;MN4;MN5;QMW;QRW;QTW;QWW,OK,NONE,NONE,2026-08-26
NAS,22250.0,-263832.811024389,0.030630182685306886,0.0,0.0,0.0,0.0,0.0,0.0,29723.678287786784,28973.821712213216,30098.60657557357,28598.89342442643,SEP26,AUG26,2026-08-28,2026-09-18,29348.75,29335.60827616128,FOUND,DEGRADED,SPOT_MONTH_FALLBACK;ESTIMATED_EXPIRY_ALIAS,2026-08-02.2,PUT_CALL_PARITY,SEP26,SEP26=PUT_CALL_PARITY;AUG26=SERIES_FORWARD_CLUSTER;OCT26=SERIES_FORWARD_CLUSTER;DEC29=SERIES_FORWARD_CLUSTER;DEC26=PUT_CALL_PARITY;NOV26=SERIES_FORWARD_CLUSTER;MAR27=SERIES_FORWARD_CLUSTER;JUN27=SERIES_FORWARD_CLUSTER;DEC28=PUT_CALL_PARITY;DEC27=PUT_CALL_PARITY,SEP26=29348.75;AUG26=29412.5;OCT26=30137.875;DEC29=28924;DEC26=20179.125;NOV26=31093;MAR27=24435.5;JUN27=24130.625;DEC28=19739;DEC27=18304.5,DEC26=GLOBAL_REFERENCE_OUTLIER_PUT_CALL_PARITY;DEC28=GLOBAL_REFERENCE_OUTLIER_SERIES_FORWARD_CLUSTER;DEC27=GLOBAL_REFERENCE_OUTLIER_SERIES_FORWARD_CLUSTER,WEIGHTED_ATM,2026-09-04,6,130,0.0,NONE,4660,4136,0,0,517,NONE,MN1;MN2;MN3;MN4;MN5;QMW;QRW;QTW;QWW,OK,NONE,NONE,2026-08-26
NAS,22500.0,-3864279.5701021734,0.5073923632521188,0.0,0.0,0.0,0.0,0.0,0.0,29723.678287786784,28973.821712213216,30098.60657557357,28598.89342442643,SEP26,AUG26,2026-08-28,2026-09-18,29348.75,29335.60827616128,FOUND,DEGRADED,SPOT_MONTH_FALLBACK;ESTIMATED_EXPIRY_ALIAS,2026-08-02.2,PUT_CALL_PARITY,SEP26,SEP26=PUT_CALL_PARITY;AUG26=SERIES_FORWARD_CLUSTER;OCT26=SERIES_FORWARD_CLUSTER;DEC29=SERIES_FORWARD_CLUSTER;DEC26=PUT_CALL_PARITY;NOV26=SERIES_FORWARD_CLUSTER;MAR27=SERIES_FORWARD_CLUSTER;JUN27=SERIES_FORWARD_CLUSTER;DEC28=PUT_CALL_PARITY;DEC27=PUT_CALL_PARITY,SEP26=29348.75;AUG26=29412.5;OCT26=30137.875;DEC29=28924;DEC26=20179.125;NOV26=31093;MAR27=24435.5;JUN27=24130.625;DEC28=19739;DEC27=18304.5,DEC26=GLOBAL_REFERENCE_OUTLIER_PUT_CALL_PARITY;DEC28=GLOBAL_REFERENCE_OUTLIER_SERIES_FORWARD_CLUSTER;DEC27=GLOBAL_REFERENCE_OUTLIER_SERIES_FORWARD_CLUSTER,WEIGHTED_ATM,2026-09-04,6,130,0.0,NONE,4660,4136,0,0,517,NONE,MN1;MN2;MN3;MN4;MN5;QMW;QRW;QTW;QWW,OK,NONE,NONE,2026-08-26
NAS,22750.0,-362205.1281461778,0.04205090792762253,0.0,0.0,0.0,0.0,0.0,0.0,29723.678287786784,28973.821712213216,30098.60657557357,28598.89342442643,SEP26,AUG26,2026-08-28,2026-09-18,29348.75,29335.60827616128,FOUND,DEGRADED,SPOT_MONTH_FALLBACK;ESTIMATED_EXPIRY_ALIAS,2026-08-02.2,PUT_CALL_PARITY,SEP26,SEP26=PUT_CALL_PARITY;AUG26=SERIES_FORWARD_CLUSTER;OCT26=SERIES_FORWARD_CLUSTER;DEC29=SERIES_FORWARD_CLUSTER;DEC26=PUT_CALL_PARITY;NOV26=SERIES_FORWARD_CLUSTER;MAR27=SERIES_FORWARD_CLUSTER;JUN27=SERIES_FORWARD_CLUSTER;DEC28=PUT_CALL_PARITY;DEC27=PUT_CALL_PARITY,SEP26=29348.75;AUG26=29412.5;OCT26=30137.875;DEC29=28924;DEC26=20179.125;NOV26=31093;MAR27=24435.5;JUN27=24130.625;DEC28=19739;DEC27=18304.5,DEC26=GLOBAL_REFERENCE_OUTLIER_PUT_CALL_PARITY;DEC28=GLOBAL_REFERENCE_OUTLIER_SERIES_FORWARD_CLUSTER;DEC27=GLOBAL_REFERENCE_OUTLIER_SERIES_FORWARD_CLUSTER,WEIGHTED_ATM,2026-09-04,6,130,0.0,NONE,4660,4136,0,0,517,NONE,MN1;MN2;MN3;MN4;MN5;QMW;QRW;QTW;QWW,OK,NONE,NONE,2026-08-26
NAS,23000.0,-18543010.924993496,2.210486284891622,0.0,0.0,0.0,0.0,0.0,0.0,29723.678287786784,28973.821712213216,30098.60657557357,28598.89342442643,SEP26,AUG26,2026-08-28,2026-09-18,29348.75,29335.60827616128,FOUND,DEGRADED,SPOT_MONTH_FALLBACK;ESTIMATED_EXPIRY_ALIAS,2026-08-02.2,PUT_CALL_PARITY,SEP26,SEP26=PUT_CALL_PARITY;AUG26=SERIES_FORWARD_CLUSTER;OCT26=SERIES_FORWARD_CLUSTER;DEC29=SERIES_FORWARD_CLUSTER;DEC26=PUT_CALL_PARITY;NOV26=SERIES_FORWARD_CLUSTER;MAR27=SERIES_FORWARD_CLUSTER;JUN27=SERIES_FORWARD_CLUSTER;DEC28=PUT_CALL_PARITY;DEC27=PUT_CALL_PARITY,SEP26=29348.75;AUG26=29412.5;OCT26=30137.875;DEC29=28924;DEC26=20179.125;NOV26=31093;MAR27=24435.5;JUN27=24130.625;DEC28=19739;DEC27=18304.5,DEC26=GLOBAL_REFERENCE_OUTLIER_PUT_CALL_PARITY;DEC28=GLOBAL_REFERENCE_OUTLIER_SERIES_FORWARD_CLUSTER;DEC27=GLOBAL_REFERENCE_OUTLIER_SERIES_FORWARD_CLUSTER,WEIGHTED_ATM,2026-09-04,6,130,0.0,NONE,4660,4136,0,0,517,NONE,MN1;MN2;MN3;MN4;MN5;QMW;QRW;QTW;QWW,OK,NONE,NONE,2026-08-26
NAS,23250.0,-482761.392186719,0.0560463949578471,0.0,0.0,0.0,0.0,0.0,0.0,29723.678287786784,28973.821712213216,30098.60657557357,28598.89342442643,SEP26,AUG26,2026-08-28,2026-09-18,29348.75,29335.60827616128,FOUND,DEGRADED,SPOT_MONTH_FALLBACK;ESTIMATED_EXPIRY_ALIAS,2026-08-02.2,PUT_CALL_PARITY,SEP26,SEP26=PUT_CALL_PARITY;AUG26=SERIES_FORWARD_CLUSTER;OCT26=SERIES_FORWARD_CLUSTER;DEC29=SERIES_FORWARD_CLUSTER;DEC26=PUT_CALL_PARITY;NOV26=SERIES_FORWARD_CLUSTER;MAR27=SERIES_FORWARD_CLUSTER;JUN27=SERIES_FORWARD_CLUSTER;DEC28=PUT_CALL_PARITY;DEC27=PUT_CALL_PARITY,SEP26=29348.75;AUG26=29412.5;OCT26=30137.875;DEC29=28924;DEC26=20179.125;NOV26=31093;MAR27=24435.5;JUN27=24130.625;DEC28=19739;DEC27=18304.5,DEC26=GLOBAL_REFERENCE_OUTLIER_PUT_CALL_PARITY;DEC28=GLOBAL_REFERENCE_OUTLIER_SERIES_FORWARD_CLUSTER;DEC27=GLOBAL_REFERENCE_OUTLIER_SERIES_FORWARD_CLUSTER,WEIGHTED_ATM,2026-09-04,6,130,0.0,NONE,4660,4136,0,0,517,NONE,MN1;MN2;MN3;MN4;MN5;QMW;QRW;QTW;QWW,OK,NONE,NONE,2026-08-26
NAS,23500.0,-21067808.37622981,2.5457028991144828,0.0,0.0,0.0,0.0,0.0,0.0,29723.678287786784,28973.821712213216,30098.60657557357,28598.89342442643,SEP26,AUG26,2026-08-28,2026-09-18,29348.75,29335.60827616128,FOUND,DEGRADED,SPOT_MONTH_FALLBACK;ESTIMATED_EXPIRY_ALIAS,2026-08-02.2,PUT_CALL_PARITY,SEP26,SEP26=PUT_CALL_PARITY;AUG26=SERIES_FORWARD_CLUSTER;OCT26=SERIES_FORWARD_CLUSTER;DEC29=SERIES_FORWARD_CLUSTER;DEC26=PUT_CALL_PARITY;NOV26=SERIES_FORWARD_CLUSTER;MAR27=SERIES_FORWARD_CLUSTER;JUN27=SERIES_FORWARD_CLUSTER;DEC28=PUT_CALL_PARITY;DEC27=PUT_CALL_PARITY,SEP26=29348.75;AUG26=29412.5;OCT26=30137.875;DEC29=28924;DEC26=20179.125;NOV26=31093;MAR27=24435.5;JUN27=24130.625;DEC28=19739;DEC27=18304.5,DEC26=GLOBAL_REFERENCE_OUTLIER_PUT_CALL_PARITY;DEC28=GLOBAL_REFERENCE_OUTLIER_SERIES_FORWARD_CLUSTER;DEC27=GLOBAL_REFERENCE_OUTLIER_SERIES_FORWARD_CLUSTER,WEIGHTED_ATM,2026-09-04,6,130,0.0,NONE,4660,4136,0,0,517,NONE,MN1;MN2;MN3;MN4;MN5;QMW;QRW;QTW;QWW,OK,NONE,NONE,2026-08-26
NAS,23600.0,-45715.71899731141,0.005307455198771164,0.0,0.0,0.0,0.0,0.0,0.0,29723.678287786784,28973.821712213216,30098.60657557357,28598.89342442643,SEP26,AUG26,2026-08-28,2026-09-18,29348.75,29335.60827616128,FOUND,DEGRADED,SPOT_MONTH_FALLBACK;ESTIMATED_EXPIRY_ALIAS,2026-08-02.2,PUT_CALL_PARITY,SEP26,SEP26=PUT_CALL_PARITY;AUG26=SERIES_FORWARD_CLUSTER;OCT26=SERIES_FORWARD_CLUSTER;DEC29=SERIES_FORWARD_CLUSTER;DEC26=PUT_CALL_PARITY;NOV26=SERIES_FORWARD_CLUSTER;MAR27=SERIES_FORWARD_CLUSTER;JUN27=SERIES_FORWARD_CLUSTER;DEC28=PUT_CALL_PARITY;DEC27=PUT_CALL_PARITY,SEP26=29348.75;AUG26=29412.5;OCT26=30137.875;DEC29=28924;DEC26=20179.125;NOV26=31093;MAR27=24435.5;JUN27=24130.625;DEC28=19739;DEC27=18304.5,DEC26=GLOBAL_REFERENCE_OUTLIER_PUT_CALL_PARITY;DEC28=GLOBAL_REFERENCE_OUTLIER_SERIES_FORWARD_CLUSTER;DEC27=GLOBAL_REFERENCE_OUTLIER_SERIES_FORWARD_CLUSTER,WEIGHTED_ATM,2026-09-04,6,130,0.0,NONE,4660,4136,0,0,517,NONE,MN1;MN2;MN3;MN4;MN5;QMW;QRW;QTW;QWW,OK,NONE,NONE,2026-08-26
NAS,23700.0,-28007.09938521132,0.0032515386063004395,0.0,0.0,0.0,0.0,0.0,0.0,29723.678287786784,28973.821712213216,30098.60657557357,28598.89342442643,SEP26,AUG26,2026-08-28,2026-09-18,29348.75,29335.60827616128,FOUND,DEGRADED,SPOT_MONTH_FALLBACK;ESTIMATED_EXPIRY_ALIAS,2026-08-02.2,PUT_CALL_PARITY,SEP26,SEP26=PUT_CALL_PARITY;AUG26=SERIES_FORWARD_CLUSTER;OCT26=SERIES_FORWARD_CLUSTER;DEC29=SERIES_FORWARD_CLUSTER;DEC26=PUT_CALL_PARITY;NOV26=SERIES_FORWARD_CLUSTER;MAR27=SERIES_FORWARD_CLUSTER;JUN27=SERIES_FORWARD_CLUSTER;DEC28=PUT_CALL_PARITY;DEC27=PUT_CALL_PARITY,SEP26=29348.75;AUG26=29412.5;OCT26=30137.875;DEC29=28924;DEC26=20179.125;NOV26=31093;MAR27=24435.5;JUN27=24130.625;DEC28=19739;DEC27=18304.5,DEC26=GLOBAL_REFERENCE_OUTLIER_PUT_CALL_PARITY;DEC28=GLOBAL_REFERENCE_OUTLIER_SERIES_FORWARD_CLUSTER;DEC27=GLOBAL_REFERENCE_OUTLIER_SERIES_FORWARD_CLUSTER,WEIGHTED_ATM,2026-09-04,6,130,0.0,NONE,4660,4136,0,0,517,NONE,MN1;MN2;MN3;MN4;MN5;QMW;QRW;QTW;QWW,OK,NONE,NONE,2026-08-26
NAS,23750.0,-858247.2959093862,0.10231323470964532,0.0,0.0,0.0,0.0,0.0,0.0,29723.678287786784,28973.821712213216,30098.60657557357,28598.89342442643,SEP26,AUG26,2026-08-28,2026-09-18,29348.75,29335.60827616128,FOUND,DEGRADED,SPOT_MONTH_FALLBACK;ESTIMATED_EXPIRY_ALIAS,2026-08-02.2,PUT_CALL_PARITY,SEP26,SEP26=PUT_CALL_PARITY;AUG26=SERIES_FORWARD_CLUSTER;OCT26=SERIES_FORWARD_CLUSTER;DEC29=SERIES_FORWARD_CLUSTER;DEC26=PUT_CALL_PARITY;NOV26=SERIES_FORWARD_CLUSTER;MAR27=SERIES_FORWARD_CLUSTER;JUN27=SERIES_FORWARD_CLUSTER;DEC28=PUT_CALL_PARITY;DEC27=PUT_CALL_PARITY,SEP26=29348.75;AUG26=29412.5;OCT26=30137.875;DEC29=28924;DEC26=20179.125;NOV26=31093;MAR27=24435.5;JUN27=24130.625;DEC28=19739;DEC27=18304.5,DEC26=GLOBAL_REFERENCE_OUTLIER_PUT_CALL_PARITY;DEC28=GLOBAL_REFERENCE_OUTLIER_SERIES_FORWARD_CLUSTER;DEC27=GLOBAL_REFERENCE_OUTLIER_SERIES_FORWARD_CLUSTER,WEIGHTED_ATM,2026-09-04,6,130,0.0,NONE,4660,4136,0,0,517,NONE,MN1;MN2;MN3;MN4;MN5;QMW;QRW;QTW;QWW,OK,NONE,NONE,2026-08-26
NAS,23800.0,-179982.7117207205,0.0208954425296745,0.0,0.0,0.0,0.0,0.0,0.0,29723.678287786784,28973.821712213216,30098.60657557357,28598.89342442643,SEP26,AUG26,2026-08-28,2026-09-18,29348.75,29335.60827616128,FOUND,DEGRADED,SPOT_MONTH_FALLBACK;ESTIMATED_EXPIRY_ALIAS,2026-08-02.2,PUT_CALL_PARITY,SEP26,SEP26=PUT_CALL_PARITY;AUG26=SERIES_FORWARD_CLUSTER;OCT26=SERIES_FORWARD_CLUSTER;DEC29=SERIES_FORWARD_CLUSTER;DEC26=PUT_CALL_PARITY;NOV26=SERIES_FORWARD_CLUSTER;MAR27=SERIES_FORWARD_CLUSTER;JUN27=SERIES_FORWARD_CLUSTER;DEC28=PUT_CALL_PARITY;DEC27=PUT_CALL_PARITY,SEP26=29348.75;AUG26=29412.5;OCT26=30137.875;DEC29=28924;DEC26=20179.125;NOV26=31093;MAR27=24435.5;JUN27=24130.625;DEC28=19739;DEC27=18304.5,DEC26=GLOBAL_REFERENCE_OUTLIER_PUT_CALL_PARITY;DEC28=GLOBAL_REFERENCE_OUTLIER_SERIES_FORWARD_CLUSTER;DEC27=GLOBAL_REFERENCE_OUTLIER_SERIES_FORWARD_CLUSTER,WEIGHTED_ATM,2026-09-04,6,130,0.0,NONE,4660,4136,0,0,517,NONE,MN1;MN2;MN3;MN4;MN5;QMW;QRW;QTW;QWW,OK,NONE,NONE,2026-08-26
NAS,23900.0,-146901.54508957418,0.017054820230193255,0.0,0.0,0.0,0.0,0.0,0.0,29723.678287786784,28973.821712213216,30098.60657557357,28598.89342442643,SEP26,AUG26,2026-08-28,2026-09-18,29348.75,29335.60827616128,FOUND,DEGRADED,SPOT_MONTH_FALLBACK;ESTIMATED_EXPIRY_ALIAS,2026-08-02.2,PUT_CALL_PARITY,SEP26,SEP26=PUT_CALL_PARITY;AUG26=SERIES_FORWARD_CLUSTER;OCT26=SERIES_FORWARD_CLUSTER;DEC29=SERIES_FORWARD_CLUSTER;DEC26=PUT_CALL_PARITY;NOV26=SERIES_FORWARD_CLUSTER;MAR27=SERIES_FORWARD_CLUSTER;JUN27=SERIES_FORWARD_CLUSTER;DEC28=PUT_CALL_PARITY;DEC27=PUT_CALL_PARITY,SEP26=29348.75;AUG26=29412.5;OCT26=30137.875;DEC29=28924;DEC26=20179.125;NOV26=31093;MAR27=24435.5;JUN27=24130.625;DEC28=19739;DEC27=18304.5,DEC26=GLOBAL_REFERENCE_OUTLIER_PUT_CALL_PARITY;DEC28=GLOBAL_REFERENCE_OUTLIER_SERIES_FORWARD_CLUSTER;DEC27=GLOBAL_REFERENCE_OUTLIER_SERIES_FORWARD_CLUSTER,WEIGHTED_ATM,2026-09-04,6,130,0.0,NONE,4660,4136,0,0,517,NONE,MN1;MN2;MN3;MN4;MN5;QMW;QRW;QTW;QWW,OK,NONE,NONE,2026-08-26
NAS,24000.0,-8030000.027213981,0.9932291469299567,0.0,0.0,0.0,0.0,0.0,0.0,29723.678287786784,28973.821712213216,30098.60657557357,28598.89342442643,SEP26,AUG26,2026-08-28,2026-09-18,29348.75,29335.60827616128,FOUND,DEGRADED,SPOT_MONTH_FALLBACK;ESTIMATED_EXPIRY_ALIAS,2026-08-02.2,PUT_CALL_PARITY,SEP26,SEP26=PUT_CALL_PARITY;AUG26=SERIES_FORWARD_CLUSTER;OCT26=SERIES_FORWARD_CLUSTER;DEC29=SERIES_FORWARD_CLUSTER;DEC26=PUT_CALL_PARITY;NOV26=SERIES_FORWARD_CLUSTER;MAR27=SERIES_FORWARD_CLUSTER;JUN27=SERIES_FORWARD_CLUSTER;DEC28=PUT_CALL_PARITY;DEC27=PUT_CALL_PARITY,SEP26=29348.75;AUG26=29412.5;OCT26=30137.875;DEC29=28924;DEC26=20179.125;NOV26=31093;MAR27=24435.5;JUN27=24130.625;DEC28=19739;DEC27=18304.5,DEC26=GLOBAL_REFERENCE_OUTLIER_PUT_CALL_PARITY;DEC28=GLOBAL_REFERENCE_OUTLIER_SERIES_FORWARD_CLUSTER;DEC27=GLOBAL_REFERENCE_OUTLIER_SERIES_FORWARD_CLUSTER,WEIGHTED_ATM,2026-09-04,6,130,0.0,NONE,4660,4136,0,0,517,NONE,MN1;MN2;MN3;MN4;MN5;QMW;QRW;QTW;QWW,OK,NONE,NONE,2026-08-26
NAS,24100.0,-236725.92012685834,0.027483155532018917,0.0,0.0,0.0,0.0,0.0,0.0,29723.678287786784,28973.821712213216,30098.60657557357,28598.89342442643,SEP26,AUG26,2026-08-28,2026-09-18,29348.75,29335.60827616128,FOUND,DEGRADED,SPOT_MONTH_FALLBACK;ESTIMATED_EXPIRY_ALIAS,2026-08-02.2,PUT_CALL_PARITY,SEP26,SEP26=PUT_CALL_PARITY;AUG26=SERIES_FORWARD_CLUSTER;OCT26=SERIES_FORWARD_CLUSTER;DEC29=SERIES_FORWARD_CLUSTER;DEC26=PUT_CALL_PARITY;NOV26=SERIES_FORWARD_CLUSTER;MAR27=SERIES_FORWARD_CLUSTER;JUN27=SERIES_FORWARD_CLUSTER;DEC28=PUT_CALL_PARITY;DEC27=PUT_CALL_PARITY,SEP26=29348.75;AUG26=29412.5;OCT26=30137.875;DEC29=28924;DEC26=20179.125;NOV26=31093;MAR27=24435.5;JUN27=24130.625;DEC28=19739;DEC27=18304.5,DEC26=GLOBAL_REFERENCE_OUTLIER_PUT_CALL_PARITY;DEC28=GLOBAL_REFERENCE_OUTLIER_SERIES_FORWARD_CLUSTER;DEC27=GLOBAL_REFERENCE_OUTLIER_SERIES_FORWARD_CLUSTER,WEIGHTED_ATM,2026-09-04,6,130,0.0,NONE,4660,4136,0,0,517,NONE,MN1;MN2;MN3;MN4;MN5;QMW;QRW;QTW;QWW,OK,NONE,NONE,2026-08-26
NAS,24200.0,-34474.289423005655,0.004002359596112528,0.0,0.0,0.0,0.0,0.0,0.0,29723.678287786784,28973.821712213216,30098.60657557357,28598.89342442643,SEP26,AUG26,2026-08-28,2026-09-18,29348.75,29335.60827616128,FOUND,DEGRADED,SPOT_MONTH_FALLBACK;ESTIMATED_EXPIRY_ALIAS,2026-08-02.2,PUT_CALL_PARITY,SEP26,SEP26=PUT_CALL_PARITY;AUG26=SERIES_FORWARD_CLUSTER;OCT26=SERIES_FORWARD_CLUSTER;DEC29=SERIES_FORWARD_CLUSTER;DEC26=PUT_CALL_PARITY;NOV26=SERIES_FORWARD_CLUSTER;MAR27=SERIES_FORWARD_CLUSTER;JUN27=SERIES_FORWARD_CLUSTER;DEC28=PUT_CALL_PARITY;DEC27=PUT_CALL_PARITY,SEP26=29348.75;AUG26=29412.5;OCT26=30137.875;DEC29=28924;DEC26=20179.125;NOV26=31093;MAR27=24435.5;JUN27=24130.625;DEC28=19739;DEC27=18304.5,DEC26=GLOBAL_REFERENCE_OUTLIER_PUT_CALL_PARITY;DEC28=GLOBAL_REFERENCE_OUTLIER_SERIES_FORWARD_CLUSTER;DEC27=GLOBAL_REFERENCE_OUTLIER_SERIES_FORWARD_CLUSTER,WEIGHTED_ATM,2026-09-04,6,130,0.0,NONE,4660,4136,0,0,517,NONE,MN1;MN2;MN3;MN4;MN5;QMW;QRW;QTW;QWW,OK,NONE,NONE,2026-08-26
NAS,24250.0,-743970.2372779055,0.0863722027584877,0.0,0.0,0.0,0.0,0.0,0.0,29723.678287786784,28973.821712213216,30098.60657557357,28598.89342442643,SEP26,AUG26,2026-08-28,2026-09-18,29348.75,29335.60827616128,FOUND,DEGRADED,SPOT_MONTH_FALLBACK;ESTIMATED_EXPIRY_ALIAS,2026-08-02.2,PUT_CALL_PARITY,SEP26,SEP26=PUT_CALL_PARITY;AUG26=SERIES_FORWARD_CLUSTER;OCT26=SERIES_FORWARD_CLUSTER;DEC29=SERIES_FORWARD_CLUSTER;DEC26=PUT_CALL_PARITY;NOV26=SERIES_FORWARD_CLUSTER;MAR27=SERIES_FORWARD_CLUSTER;JUN27=SERIES_FORWARD_CLUSTER;DEC28=PUT_CALL_PARITY;DEC27=PUT_CALL_PARITY,SEP26=29348.75;AUG26=29412.5;OCT26=30137.875;DEC29=28924;DEC26=20179.125;NOV26=31093;MAR27=24435.5;JUN27=24130.625;DEC28=19739;DEC27=18304.5,DEC26=GLOBAL_REFERENCE_OUTLIER_PUT_CALL_PARITY;DEC28=GLOBAL_REFERENCE_OUTLIER_SERIES_FORWARD_CLUSTER;DEC27=GLOBAL_REFERENCE_OUTLIER_SERIES_FORWARD_CLUSTER,WEIGHTED_ATM,2026-09-04,6,130,0.0,NONE,4660,4136,0,0,517,NONE,MN1;MN2;MN3;MN4;MN5;QMW;QRW;QTW;QWW,OK,NONE,NONE,2026-08-26
NAS,24300.0,-406530.11195298,0.04719690302297903,0.0,0.0,0.0,0.0,0.0,0.0,29723.678287786784,28973.821712213216,30098.60657557357,28598.89342442643,SEP26,AUG26,2026-08-28,2026-09-18,29348.75,29335.60827616128,FOUND,DEGRADED,SPOT_MONTH_FALLBACK;ESTIMATED_EXPIRY_ALIAS,2026-08-02.2,PUT_CALL_PARITY,SEP26,SEP26=PUT_CALL_PARITY;AUG26=SERIES_FORWARD_CLUSTER;OCT26=SERIES_FORWARD_CLUSTER;DEC29=SERIES_FORWARD_CLUSTER;DEC26=PUT_CALL_PARITY;NOV26=SERIES_FORWARD_CLUSTER;MAR27=SERIES_FORWARD_CLUSTER;JUN27=SERIES_FORWARD_CLUSTER;DEC28=PUT_CALL_PARITY;DEC27=PUT_CALL_PARITY,SEP26=29348.75;AUG26=29412.5;OCT26=30137.875;DEC29=28924;DEC26=20179.125;NOV26=31093;MAR27=24435.5;JUN27=24130.625;DEC28=19739;DEC27=18304.5,DEC26=GLOBAL_REFERENCE_OUTLIER_PUT_CALL_PARITY;DEC28=GLOBAL_REFERENCE_OUTLIER_SERIES_FORWARD_CLUSTER;DEC27=GLOBAL_REFERENCE_OUTLIER_SERIES_FORWARD_CLUSTER,WEIGHTED_ATM,2026-09-04,6,130,0.0,NONE,4660,4136,0,0,517,NONE,MN1;MN2;MN3;MN4;MN5;QMW;QRW;QTW;QWW,OK,NONE,NONE,2026-08-26
NAS,24400.0,-230680.11724123597,0.0267812563021735,0.0,0.0,0.0,0.0,0.0,0.0,29723.678287786784,28973.821712213216,30098.60657557357,28598.89342442643,SEP26,AUG26,2026-08-28,2026-09-18,29348.75,29335.60827616128,FOUND,DEGRADED,SPOT_MONTH_FALLBACK;ESTIMATED_EXPIRY_ALIAS,2026-08-02.2,PUT_CALL_PARITY,SEP26,SEP26=PUT_CALL_PARITY;AUG26=SERIES_FORWARD_CLUSTER;OCT26=SERIES_FORWARD_CLUSTER;DEC29=SERIES_FORWARD_CLUSTER;DEC26=PUT_CALL_PARITY;NOV26=SERIES_FORWARD_CLUSTER;MAR27=SERIES_FORWARD_CLUSTER;JUN27=SERIES_FORWARD_CLUSTER;DEC28=PUT_CALL_PARITY;DEC27=PUT_CALL_PARITY,SEP26=29348.75;AUG26=29412.5;OCT26=30137.875;DEC29=28924;DEC26=20179.125;NOV26=31093;MAR27=24435.5;JUN27=24130.625;DEC28=19739;DEC27=18304.5,DEC26=GLOBAL_REFERENCE_OUTLIER_PUT_CALL_PARITY;DEC28=GLOBAL_REFERENCE_OUTLIER_SERIES_FORWARD_CLUSTER;DEC27=GLOBAL_REFERENCE_OUTLIER_SERIES_FORWARD_CLUSTER,WEIGHTED_ATM,2026-09-04,6,130,0.0,NONE,4660,4136,0,0,517,NONE,MN1;MN2;MN3;MN4;MN5;QMW;QRW;QTW;QWW,OK,NONE,NONE,2026-08-26
NAS,24500.0,-5379670.897915899,0.6545091109356225,0.0,0.0,0.0,0.0,0.0,0.0,29723.678287786784,28973.821712213216,30098.60657557357,28598.89342442643,SEP26,AUG26,2026-08-28,2026-09-18,29348.75,29335.60827616128,FOUND,DEGRADED,SPOT_MONTH_FALLBACK;ESTIMATED_EXPIRY_ALIAS,2026-08-02.2,PUT_CALL_PARITY,SEP26,SEP26=PUT_CALL_PARITY;AUG26=SERIES_FORWARD_CLUSTER;OCT26=SERIES_FORWARD_CLUSTER;DEC29=SERIES_FORWARD_CLUSTER;DEC26=PUT_CALL_PARITY;NOV26=SERIES_FORWARD_CLUSTER;MAR27=SERIES_FORWARD_CLUSTER;JUN27=SERIES_FORWARD_CLUSTER;DEC28=PUT_CALL_PARITY;DEC27=PUT_CALL_PARITY,SEP26=29348.75;AUG26=29412.5;OCT26=30137.875;DEC29=28924;DEC26=20179.125;NOV26=31093;MAR27=24435.5;JUN27=24130.625;DEC28=19739;DEC27=18304.5,DEC26=GLOBAL_REFERENCE_OUTLIER_PUT_CALL_PARITY;DEC28=GLOBAL_REFERENCE_OUTLIER_SERIES_FORWARD_CLUSTER;DEC27=GLOBAL_REFERENCE_OUTLIER_SERIES_FORWARD_CLUSTER,WEIGHTED_ATM,2026-09-04,6,130,0.0,NONE,4660,4136,0,0,517,NONE,MN1;MN2;MN3;MN4;MN5;QMW;QRW;QTW;QWW,OK,NONE,NONE,2026-08-26
NAS,24600.0,-310936.10991023417,0.036097234953816934,0.0,0.0,0.0,0.0,0.0,0.0,29723.678287786784,28973.821712213216,30098.60657557357,28598.89342442643,SEP26,AUG26,2026-08-28,2026-09-18,29348.75,29335.60827616128,FOUND,DEGRADED,SPOT_MONTH_FALLBACK;ESTIMATED_EXPIRY_ALIAS,2026-08-02.2,PUT_CALL_PARITY,SEP26,SEP26=PUT_CALL_PARITY;AUG26=SERIES_FORWARD_CLUSTER;OCT26=SERIES_FORWARD_CLUSTER;DEC29=SERIES_FORWARD_CLUSTER;DEC26=PUT_CALL_PARITY;NOV26=SERIES_FORWARD_CLUSTER;MAR27=SERIES_FORWARD_CLUSTER;JUN27=SERIES_FORWARD_CLUSTER;DEC28=PUT_CALL_PARITY;DEC27=PUT_CALL_PARITY,SEP26=29348.75;AUG26=29412.5;OCT26=30137.875;DEC29=28924;DEC26=20179.125;NOV26=31093;MAR27=24435.5;JUN27=24130.625;DEC28=19739;DEC27=18304.5,DEC26=GLOBAL_REFERENCE_OUTLIER_PUT_CALL_PARITY;DEC28=GLOBAL_REFERENCE_OUTLIER_SERIES_FORWARD_CLUSTER;DEC27=GLOBAL_REFERENCE_OUTLIER_SERIES_FORWARD_CLUSTER,WEIGHTED_ATM,2026-09-04,6,130,0.0,NONE,4660,4136,0,0,517,NONE,MN1;MN2;MN3;MN4;MN5;QMW;QRW;QTW;QWW,OK,NONE,NONE,2026-08-26
NAS,24700.0,-231587.43542595365,0.026886148040858822,0.0,0.0,0.0,0.0,0.0,0.0,29723.678287786784,28973.821712213216,30098.60657557357,28598.89342442643,SEP26,AUG26,2026-08-28,2026-09-18,29348.75,29335.60827616128,FOUND,DEGRADED,SPOT_MONTH_FALLBACK;ESTIMATED_EXPIRY_ALIAS,2026-08-02.2,PUT_CALL_PARITY,SEP26,SEP26=PUT_CALL_PARITY;AUG26=SERIES_FORWARD_CLUSTER;OCT26=SERIES_FORWARD_CLUSTER;DEC29=SERIES_FORWARD_CLUSTER;DEC26=PUT_CALL_PARITY;NOV26=SERIES_FORWARD_CLUSTER;MAR27=SERIES_FORWARD_CLUSTER;JUN27=SERIES_FORWARD_CLUSTER;DEC28=PUT_CALL_PARITY;DEC27=PUT_CALL_PARITY,SEP26=29348.75;AUG26=29412.5;OCT26=30137.875;DEC29=28924;DEC26=20179.125;NOV26=31093;MAR27=24435.5;JUN27=24130.625;DEC28=19739;DEC27=18304.5,DEC26=GLOBAL_REFERENCE_OUTLIER_PUT_CALL_PARITY;DEC28=GLOBAL_REFERENCE_OUTLIER_SERIES_FORWARD_CLUSTER;DEC27=GLOBAL_REFERENCE_OUTLIER_SERIES_FORWARD_CLUSTER,WEIGHTED_ATM,2026-09-04,6,130,0.0,NONE,4660,4136,0,0,517,NONE,MN1;MN2;MN3;MN4;MN5;QMW;QRW;QTW;QWW,OK,NONE,NONE,2026-08-26
NAS,24750.0,-2051969.6293308386,0.23820366444445668,0.0,0.0,0.0,0.0,0.0,0.0,29723.678287786784,28973.821712213216,30098.60657557357,28598.89342442643,SEP26,AUG26,2026-08-28,2026-09-18,29348.75,29335.60827616128,FOUND,DEGRADED,SPOT_MONTH_FALLBACK;ESTIMATED_EXPIRY_ALIAS,2026-08-02.2,PUT_CALL_PARITY,SEP26,SEP26=PUT_CALL_PARITY;AUG26=SERIES_FORWARD_CLUSTER;OCT26=SERIES_FORWARD_CLUSTER;DEC29=SERIES_FORWARD_CLUSTER;DEC26=PUT_CALL_PARITY;NOV26=SERIES_FORWARD_CLUSTER;MAR27=SERIES_FORWARD_CLUSTER;JUN27=SERIES_FORWARD_CLUSTER;DEC28=PUT_CALL_PARITY;DEC27=PUT_CALL_PARITY,SEP26=29348.75;AUG26=29412.5;OCT26=30137.875;DEC29=28924;DEC26=20179.125;NOV26=31093;MAR27=24435.5;JUN27=24130.625;DEC28=19739;DEC27=18304.5,DEC26=GLOBAL_REFERENCE_OUTLIER_PUT_CALL_PARITY;DEC28=GLOBAL_REFERENCE_OUTLIER_SERIES_FORWARD_CLUSTER;DEC27=GLOBAL_REFERENCE_OUTLIER_SERIES_FORWARD_CLUSTER,WEIGHTED_ATM,2026-09-04,6,130,0.0,NONE,4660,4136,0,0,517,NONE,MN1;MN2;MN3;MN4;MN5;QMW;QRW;QTW;QWW,OK,NONE,NONE,2026-08-26
NAS,24800.0,-396366.5082148715,0.04601508495789095,0.0,0.0,0.0,0.0,0.0,0.0,29723.678287786784,28973.821712213216,30098.60657557357,28598.89342442643,SEP26,AUG26,2026-08-28,2026-09-18,29348.75,29335.60827616128,FOUND,DEGRADED,SPOT_MONTH_FALLBACK;ESTIMATED_EXPIRY_ALIAS,2026-08-02.2,PUT_CALL_PARITY,SEP26,SEP26=PUT_CALL_PARITY;AUG26=SERIES_FORWARD_CLUSTER;OCT26=SERIES_FORWARD_CLUSTER;DEC29=SERIES_FORWARD_CLUSTER;DEC26=PUT_CALL_PARITY;NOV26=SERIES_FORWARD_CLUSTER;MAR27=SERIES_FORWARD_CLUSTER;JUN27=SERIES_FORWARD_CLUSTER;DEC28=PUT_CALL_PARITY;DEC27=PUT_CALL_PARITY,SEP26=29348.75;AUG26=29412.5;OCT26=30137.875;DEC29=28924;DEC26=20179.125;NOV26=31093;MAR27=24435.5;JUN27=24130.625;DEC28=19739;DEC27=18304.5,DEC26=GLOBAL_REFERENCE_OUTLIER_PUT_CALL_PARITY;DEC28=GLOBAL_REFERENCE_OUTLIER_SERIES_FORWARD_CLUSTER;DEC27=GLOBAL_REFERENCE_OUTLIER_SERIES_FORWARD_CLUSTER,WEIGHTED_ATM,2026-09-04,6,130,0.0,NONE,4660,4136,0,0,517,NONE,MN1;MN2;MN3;MN4;MN5;QMW;QRW;QTW;QWW,OK,NONE,NONE,2026-08-26
NAS,24900.0,-501519.39998271246,0.05820529141614617,0.0,0.0,0.0,0.0,0.0,0.0,29723.678287786784,28973.821712213216,30098.60657557357,28598.89342442643,SEP26,AUG26,2026-08-28,2026-09-18,29348.75,29335.60827616128,FOUND,DEGRADED,SPOT_MONTH_FALLBACK;ESTIMATED_EXPIRY_ALIAS,2026-08-02.2,PUT_CALL_PARITY,SEP26,SEP26=PUT_CALL_PARITY;AUG26=SERIES_FORWARD_CLUSTER;OCT26=SERIES_FORWARD_CLUSTER;DEC29=SERIES_FORWARD_CLUSTER;DEC26=PUT_CALL_PARITY;NOV26=SERIES_FORWARD_CLUSTER;MAR27=SERIES_FORWARD_CLUSTER;JUN27=SERIES_FORWARD_CLUSTER;DEC28=PUT_CALL_PARITY;DEC27=PUT_CALL_PARITY,SEP26=29348.75;AUG26=29412.5;OCT26=30137.875;DEC29=28924;DEC26=20179.125;NOV26=31093;MAR27=24435.5;JUN27=24130.625;DEC28=19739;DEC27=18304.5,DEC26=GLOBAL_REFERENCE_OUTLIER_PUT_CALL_PARITY;DEC28=GLOBAL_REFERENCE_OUTLIER_SERIES_FORWARD_CLUSTER;DEC27=GLOBAL_REFERENCE_OUTLIER_SERIES_FORWARD_CLUSTER,WEIGHTED_ATM,2026-09-04,6,130,0.0,NONE,4660,4136,0,0,517,NONE,MN1;MN2;MN3;MN4;MN5;QMW;QRW;QTW;QWW,OK,NONE,NONE,2026-08-26
NAS,25000.0,-17076893.46149967,2.157210743945333,0.0,0.0,0.0,0.0,0.0,0.0,29723.678287786784,28973.821712213216,30098.60657557357,28598.89342442643,SEP26,AUG26,2026-08-28,2026-09-18,29348.75,29335.60827616128,FOUND,DEGRADED,SPOT_MONTH_FALLBACK;ESTIMATED_EXPIRY_ALIAS,2026-08-02.2,PUT_CALL_PARITY,SEP26,SEP26=PUT_CALL_PARITY;AUG26=SERIES_FORWARD_CLUSTER;OCT26=SERIES_FORWARD_CLUSTER;DEC29=SERIES_FORWARD_CLUSTER;DEC26=PUT_CALL_PARITY;NOV26=SERIES_FORWARD_CLUSTER;MAR27=SERIES_FORWARD_CLUSTER;JUN27=SERIES_FORWARD_CLUSTER;DEC28=PUT_CALL_PARITY;DEC27=PUT_CALL_PARITY,SEP26=29348.75;AUG26=29412.5;OCT26=30137.875;DEC29=28924;DEC26=20179.125;NOV26=31093;MAR27=24435.5;JUN27=24130.625;DEC28=19739;DEC27=18304.5,DEC26=GLOBAL_REFERENCE_OUTLIER_PUT_CALL_PARITY;DEC28=GLOBAL_REFERENCE_OUTLIER_SERIES_FORWARD_CLUSTER;DEC27=GLOBAL_REFERENCE_OUTLIER_SERIES_FORWARD_CLUSTER,WEIGHTED_ATM,2026-09-04,6,130,0.0,NONE,4660,4136,0,0,517,NONE,MN1;MN2;MN3;MN4;MN5;QMW;QRW;QTW;QWW,OK,NONE,NONE,2026-08-26
NAS,25100.0,-367948.22789922997,0.042712134235806234,0.0,0.0,0.0,0.0,0.0,0.0,29723.678287786784,28973.821712213216,30098.60657557357,28598.89342442643,SEP26,AUG26,2026-08-28,2026-09-18,29348.75,29335.60827616128,FOUND,DEGRADED,SPOT_MONTH_FALLBACK;ESTIMATED_EXPIRY_ALIAS,2026-08-02.2,PUT_CALL_PARITY,SEP26,SEP26=PUT_CALL_PARITY;AUG26=SERIES_FORWARD_CLUSTER;OCT26=SERIES_FORWARD_CLUSTER;DEC29=SERIES_FORWARD_CLUSTER;DEC26=PUT_CALL_PARITY;NOV26=SERIES_FORWARD_CLUSTER;MAR27=SERIES_FORWARD_CLUSTER;JUN27=SERIES_FORWARD_CLUSTER;DEC28=PUT_CALL_PARITY;DEC27=PUT_CALL_PARITY,SEP26=29348.75;AUG26=29412.5;OCT26=30137.875;DEC29=28924;DEC26=20179.125;NOV26=31093;MAR27=24435.5;JUN27=24130.625;DEC28=19739;DEC27=18304.5,DEC26=GLOBAL_REFERENCE_OUTLIER_PUT_CALL_PARITY;DEC28=GLOBAL_REFERENCE_OUTLIER_SERIES_FORWARD_CLUSTER;DEC27=GLOBAL_REFERENCE_OUTLIER_SERIES_FORWARD_CLUSTER,WEIGHTED_ATM,2026-09-04,6,130,0.0,NONE,4660,4136,0,0,517,NONE,MN1;MN2;MN3;MN4;MN5;QMW;QRW;QTW;QWW,OK,NONE,NONE,2026-08-26
NAS,25200.0,-380174.2453694624,0.04413555372663738,0.0,0.0,0.0,0.0,0.0,0.0,29723.678287786784,28973.821712213216,30098.60657557357,28598.89342442643,SEP26,AUG26,2026-08-28,2026-09-18,29348.75,29335.60827616128,FOUND,DEGRADED,SPOT_MONTH_FALLBACK;ESTIMATED_EXPIRY_ALIAS,2026-08-02.2,PUT_CALL_PARITY,SEP26,SEP26=PUT_CALL_PARITY;AUG26=SERIES_FORWARD_CLUSTER;OCT26=SERIES_FORWARD_CLUSTER;DEC29=SERIES_FORWARD_CLUSTER;DEC26=PUT_CALL_PARITY;NOV26=SERIES_FORWARD_CLUSTER;MAR27=SERIES_FORWARD_CLUSTER;JUN27=SERIES_FORWARD_CLUSTER;DEC28=PUT_CALL_PARITY;DEC27=PUT_CALL_PARITY,SEP26=29348.75;AUG26=29412.5;OCT26=30137.875;DEC29=28924;DEC26=20179.125;NOV26=31093;MAR27=24435.5;JUN27=24130.625;DEC28=19739;DEC27=18304.5,DEC26=GLOBAL_REFERENCE_OUTLIER_PUT_CALL_PARITY;DEC28=GLOBAL_REFERENCE_OUTLIER_SERIES_FORWARD_CLUSTER;DEC27=GLOBAL_REFERENCE_OUTLIER_SERIES_FORWARD_CLUSTER,WEIGHTED_ATM,2026-09-04,6,130,0.0,NONE,4660,4136,0,0,517,NONE,MN1;MN2;MN3;MN4;MN5;QMW;QRW;QTW;QWW,OK,NONE,NONE,2026-08-26
NAS,25250.0,-2733791.006165915,0.3174031260943387,0.0,0.0,0.0,0.0,0.0,0.0,29723.678287786784,28973.821712213216,30098.60657557357,28598.89342442643,SEP26,AUG26,2026-08-28,2026-09-18,29348.75,29335.60827616128,FOUND,DEGRADED,SPOT_MONTH_FALLBACK;ESTIMATED_EXPIRY_ALIAS,2026-08-02.2,PUT_CALL_PARITY,SEP26,SEP26=PUT_CALL_PARITY;AUG26=SERIES_FORWARD_CLUSTER;OCT26=SERIES_FORWARD_CLUSTER;DEC29=SERIES_FORWARD_CLUSTER;DEC26=PUT_CALL_PARITY;NOV26=SERIES_FORWARD_CLUSTER;MAR27=SERIES_FORWARD_CLUSTER;JUN27=SERIES_FORWARD_CLUSTER;DEC28=PUT_CALL_PARITY;DEC27=PUT_CALL_PARITY,SEP26=29348.75;AUG26=29412.5;OCT26=30137.875;DEC29=28924;DEC26=20179.125;NOV26=31093;MAR27=24435.5;JUN27=24130.625;DEC28=19739;DEC27=18304.5,DEC26=GLOBAL_REFERENCE_OUTLIER_PUT_CALL_PARITY;DEC28=GLOBAL_REFERENCE_OUTLIER_SERIES_FORWARD_CLUSTER;DEC27=GLOBAL_REFERENCE_OUTLIER_SERIES_FORWARD_CLUSTER,WEIGHTED_ATM,2026-09-04,6,130,0.0,NONE,4660,4136,0,0,517,NONE,MN1;MN2;MN3;MN4;MN5;QMW;QRW;QTW;QWW,OK,NONE,NONE,2026-08-26
NAS,25300.0,-239008.56942420712,0.02978769863465932,0.0,0.0,0.0,0.0,0.0,0.0,29723.678287786784,28973.821712213216,30098.60657557357,28598.89342442643,SEP26,AUG26,2026-08-28,2026-09-18,29348.75,29335.60827616128,FOUND,DEGRADED,SPOT_MONTH_FALLBACK;ESTIMATED_EXPIRY_ALIAS,2026-08-02.2,PUT_CALL_PARITY,SEP26,SEP26=PUT_CALL_PARITY;AUG26=SERIES_FORWARD_CLUSTER;OCT26=SERIES_FORWARD_CLUSTER;DEC29=SERIES_FORWARD_CLUSTER;DEC26=PUT_CALL_PARITY;NOV26=SERIES_FORWARD_CLUSTER;MAR27=SERIES_FORWARD_CLUSTER;JUN27=SERIES_FORWARD_CLUSTER;DEC28=PUT_CALL_PARITY;DEC27=PUT_CALL_PARITY,SEP26=29348.75;AUG26=29412.5;OCT26=30137.875;DEC29=28924;DEC26=20179.125;NOV26=31093;MAR27=24435.5;JUN27=24130.625;DEC28=19739;DEC27=18304.5,DEC26=GLOBAL_REFERENCE_OUTLIER_PUT_CALL_PARITY;DEC28=GLOBAL_REFERENCE_OUTLIER_SERIES_FORWARD_CLUSTER;DEC27=GLOBAL_REFERENCE_OUTLIER_SERIES_FORWARD_CLUSTER,WEIGHTED_ATM,2026-09-04,6,130,0.0,NONE,4660,4136,0,0,517,NONE,MN1;MN2;MN3;MN4;MN5;QMW;QRW;QTW;QWW,OK,NONE,NONE,2026-08-26
NAS,25400.0,-667721.3430152868,0.07961360385638792,0.0,0.0,0.0,0.0,0.0,0.0,29723.678287786784,28973.821712213216,30098.60657557357,28598.89342442643,SEP26,AUG26,2026-08-28,2026-09-18,29348.75,29335.60827616128,FOUND,DEGRADED,SPOT_MONTH_FALLBACK;ESTIMATED_EXPIRY_ALIAS,2026-08-02.2,PUT_CALL_PARITY,SEP26,SEP26=PUT_CALL_PARITY;AUG26=SERIES_FORWARD_CLUSTER;OCT26=SERIES_FORWARD_CLUSTER;DEC29=SERIES_FORWARD_CLUSTER;DEC26=PUT_CALL_PARITY;NOV26=SERIES_FORWARD_CLUSTER;MAR27=SERIES_FORWARD_CLUSTER;JUN27=SERIES_FORWARD_CLUSTER;DEC28=PUT_CALL_PARITY;DEC27=PUT_CALL_PARITY,SEP26=29348.75;AUG26=29412.5;OCT26=30137.875;DEC29=28924;DEC26=20179.125;NOV26=31093;MAR27=24435.5;JUN27=24130.625;DEC28=19739;DEC27=18304.5,DEC26=GLOBAL_REFERENCE_OUTLIER_PUT_CALL_PARITY;DEC28=GLOBAL_REFERENCE_OUTLIER_SERIES_FORWARD_CLUSTER;DEC27=GLOBAL_REFERENCE_OUTLIER_SERIES_FORWARD_CLUSTER,WEIGHTED_ATM,2026-09-04,6,130,0.0,NONE,4660,4136,0,0,517,NONE,MN1;MN2;MN3;MN4;MN5;QMW;QRW;QTW;QWW,OK,NONE,NONE,2026-08-26
NAS,25500.0,-10423710.216045955,1.2120624826876012,0.0,0.0,0.0,0.0,0.0,0.0,29723.678287786784,28973.821712213216,30098.60657557357,28598.89342442643,SEP26,AUG26,2026-08-28,2026-09-18,29348.75,29335.60827616128,FOUND,DEGRADED,SPOT_MONTH_FALLBACK;ESTIMATED_EXPIRY_ALIAS,2026-08-02.2,PUT_CALL_PARITY,SEP26,SEP26=PUT_CALL_PARITY;AUG26=SERIES_FORWARD_CLUSTER;OCT26=SERIES_FORWARD_CLUSTER;DEC29=SERIES_FORWARD_CLUSTER;DEC26=PUT_CALL_PARITY;NOV26=SERIES_FORWARD_CLUSTER;MAR27=SERIES_FORWARD_CLUSTER;JUN27=SERIES_FORWARD_CLUSTER;DEC28=PUT_CALL_PARITY;DEC27=PUT_CALL_PARITY,SEP26=29348.75;AUG26=29412.5;OCT26=30137.875;DEC29=28924;DEC26=20179.125;NOV26=31093;MAR27=24435.5;JUN27=24130.625;DEC28=19739;DEC27=18304.5,DEC26=GLOBAL_REFERENCE_OUTLIER_PUT_CALL_PARITY;DEC28=GLOBAL_REFERENCE_OUTLIER_SERIES_FORWARD_CLUSTER;DEC27=GLOBAL_REFERENCE_OUTLIER_SERIES_FORWARD_CLUSTER,WEIGHTED_ATM,2026-09-04,6,130,0.0,NONE,4660,4136,0,0,517,NONE,MN1;MN2;MN3;MN4;MN5;QMW;QRW;QTW;QWW,OK,NONE,NONE,2026-08-26
NAS,25600.0,-503836.3858186281,0.058488722708161106,0.0,0.0,0.0,0.0,0.0,0.0,29723.678287786784,28973.821712213216,30098.60657557357,28598.89342442643,SEP26,AUG26,2026-08-28,2026-09-18,29348.75,29335.60827616128,FOUND,DEGRADED,SPOT_MONTH_FALLBACK;ESTIMATED_EXPIRY_ALIAS,2026-08-02.2,PUT_CALL_PARITY,SEP26,SEP26=PUT_CALL_PARITY;AUG26=SERIES_FORWARD_CLUSTER;OCT26=SERIES_FORWARD_CLUSTER;DEC29=SERIES_FORWARD_CLUSTER;DEC26=PUT_CALL_PARITY;NOV26=SERIES_FORWARD_CLUSTER;MAR27=SERIES_FORWARD_CLUSTER;JUN27=SERIES_FORWARD_CLUSTER;DEC28=PUT_CALL_PARITY;DEC27=PUT_CALL_PARITY,SEP26=29348.75;AUG26=29412.5;OCT26=30137.875;DEC29=28924;DEC26=20179.125;NOV26=31093;MAR27=24435.5;JUN27=24130.625;DEC28=19739;DEC27=18304.5,DEC26=GLOBAL_REFERENCE_OUTLIER_PUT_CALL_PARITY;DEC28=GLOBAL_REFERENCE_OUTLIER_SERIES_FORWARD_CLUSTER;DEC27=GLOBAL_REFERENCE_OUTLIER_SERIES_FORWARD_CLUSTER,WEIGHTED_ATM,2026-09-04,6,130,0.0,NONE,4660,4136,0,0,517,NONE,MN1;MN2;MN3;MN4;MN5;QMW;QRW;QTW;QWW,OK,NONE,NONE,2026-08-26
NAS,25700.0,-877349.4871212082,0.10185550208649034,0.0,0.0,0.0,0.0,0.0,0.0,29723.678287786784,28973.821712213216,30098.60657557357,28598.89342442643,SEP26,AUG26,2026-08-28,2026-09-18,29348.75,29335.60827616128,FOUND,DEGRADED,SPOT_MONTH_FALLBACK;ESTIMATED_EXPIRY_ALIAS,2026-08-02.2,PUT_CALL_PARITY,SEP26,SEP26=PUT_CALL_PARITY;AUG26=SERIES_FORWARD_CLUSTER;OCT26=SERIES_FORWARD_CLUSTER;DEC29=SERIES_FORWARD_CLUSTER;DEC26=PUT_CALL_PARITY;NOV26=SERIES_FORWARD_CLUSTER;MAR27=SERIES_FORWARD_CLUSTER;JUN27=SERIES_FORWARD_CLUSTER;DEC28=PUT_CALL_PARITY;DEC27=PUT_CALL_PARITY,SEP26=29348.75;AUG26=29412.5;OCT26=30137.875;DEC29=28924;DEC26=20179.125;NOV26=31093;MAR27=24435.5;JUN27=24130.625;DEC28=19739;DEC27=18304.5,DEC26=GLOBAL_REFERENCE_OUTLIER_PUT_CALL_PARITY;DEC28=GLOBAL_REFERENCE_OUTLIER_SERIES_FORWARD_CLUSTER;DEC27=GLOBAL_REFERENCE_OUTLIER_SERIES_FORWARD_CLUSTER,WEIGHTED_ATM,2026-09-04,6,130,0.0,NONE,4660,4136,0,0,517,NONE,MN1;MN2;MN3;MN4;MN5;QMW;QRW;QTW;QWW,OK,NONE,NONE,2026-08-26
NAS,25750.0,-3402621.457727675,0.3950282541739108,0.0,0.0,0.0,0.0,0.0,0.0,29723.678287786784,28973.821712213216,30098.60657557357,28598.89342442643,SEP26,AUG26,2026-08-28,2026-09-18,29348.75,29335.60827616128,FOUND,DEGRADED,SPOT_MONTH_FALLBACK;ESTIMATED_EXPIRY_ALIAS,2026-08-02.2,PUT_CALL_PARITY,SEP26,SEP26=PUT_CALL_PARITY;AUG26=SERIES_FORWARD_CLUSTER;OCT26=SERIES_FORWARD_CLUSTER;DEC29=SERIES_FORWARD_CLUSTER;DEC26=PUT_CALL_PARITY;NOV26=SERIES_FORWARD_CLUSTER;MAR27=SERIES_FORWARD_CLUSTER;JUN27=SERIES_FORWARD_CLUSTER;DEC28=PUT_CALL_PARITY;DEC27=PUT_CALL_PARITY,SEP26=29348.75;AUG26=29412.5;OCT26=30137.875;DEC29=28924;DEC26=20179.125;NOV26=31093;MAR27=24435.5;JUN27=24130.625;DEC28=19739;DEC27=18304.5,DEC26=GLOBAL_REFERENCE_OUTLIER_PUT_CALL_PARITY;DEC28=GLOBAL_REFERENCE_OUTLIER_SERIES_FORWARD_CLUSTER;DEC27=GLOBAL_REFERENCE_OUTLIER_SERIES_FORWARD_CLUSTER,WEIGHTED_ATM,2026-09-04,6,130,0.0,NONE,4660,4136,0,0,517,NONE,MN1;MN2;MN3;MN4;MN5;QMW;QRW;QTW;QWW,OK,NONE,NONE,2026-08-26
NAS,25800.0,-719825.3477332366,0.0835524200653191,0.0,0.0,0.0,0.0,0.0,0.0,29723.678287786784,28973.821712213216,30098.60657557357,28598.89342442643,SEP26,AUG26,2026-08-28,2026-09-18,29348.75,29335.60827616128,FOUND,DEGRADED,SPOT_MONTH_FALLBACK;ESTIMATED_EXPIRY_ALIAS,2026-08-02.2,PUT_CALL_PARITY,SEP26,SEP26=PUT_CALL_PARITY;AUG26=SERIES_FORWARD_CLUSTER;OCT26=SERIES_FORWARD_CLUSTER;DEC29=SERIES_FORWARD_CLUSTER;DEC26=PUT_CALL_PARITY;NOV26=SERIES_FORWARD_CLUSTER;MAR27=SERIES_FORWARD_CLUSTER;JUN27=SERIES_FORWARD_CLUSTER;DEC28=PUT_CALL_PARITY;DEC27=PUT_CALL_PARITY,SEP26=29348.75;AUG26=29412.5;OCT26=30137.875;DEC29=28924;DEC26=20179.125;NOV26=31093;MAR27=24435.5;JUN27=24130.625;DEC28=19739;DEC27=18304.5,DEC26=GLOBAL_REFERENCE_OUTLIER_PUT_CALL_PARITY;DEC28=GLOBAL_REFERENCE_OUTLIER_SERIES_FORWARD_CLUSTER;DEC27=GLOBAL_REFERENCE_OUTLIER_SERIES_FORWARD_CLUSTER,WEIGHTED_ATM,2026-09-04,6,130,0.0,NONE,4660,4136,0,0,517,NONE,MN1;MN2;MN3;MN4;MN5;QMW;QRW;QTW;QWW,OK,NONE,NONE,2026-08-26
NAS,25900.0,-600446.1317911843,0.06970183410345263,0.0,0.0,0.0,0.0,0.0,0.0,29723.678287786784,28973.821712213216,30098.60657557357,28598.89342442643,SEP26,AUG26,2026-08-28,2026-09-18,29348.75,29335.60827616128,FOUND,DEGRADED,SPOT_MONTH_FALLBACK;ESTIMATED_EXPIRY_ALIAS,2026-08-02.2,PUT_CALL_PARITY,SEP26,SEP26=PUT_CALL_PARITY;AUG26=SERIES_FORWARD_CLUSTER;OCT26=SERIES_FORWARD_CLUSTER;DEC29=SERIES_FORWARD_CLUSTER;DEC26=PUT_CALL_PARITY;NOV26=SERIES_FORWARD_CLUSTER;MAR27=SERIES_FORWARD_CLUSTER;JUN27=SERIES_FORWARD_CLUSTER;DEC28=PUT_CALL_PARITY;DEC27=PUT_CALL_PARITY,SEP26=29348.75;AUG26=29412.5;OCT26=30137.875;DEC29=28924;DEC26=20179.125;NOV26=31093;MAR27=24435.5;JUN27=24130.625;DEC28=19739;DEC27=18304.5,DEC26=GLOBAL_REFERENCE_OUTLIER_PUT_CALL_PARITY;DEC28=GLOBAL_REFERENCE_OUTLIER_SERIES_FORWARD_CLUSTER;DEC27=GLOBAL_REFERENCE_OUTLIER_SERIES_FORWARD_CLUSTER,WEIGHTED_ATM,2026-09-04,6,130,0.0,NONE,4660,4136,0,0,517,NONE,MN1;MN2;MN3;MN4;MN5;QMW;QRW;QTW;QWW,OK,NONE,NONE,2026-08-26
NAS,26000.0,-30878269.50590164,3.602285231231688,0.0,0.0,0.0,0.0,0.0,0.0,29723.678287786784,28973.821712213216,30098.60657557357,28598.89342442643,SEP26,AUG26,2026-08-28,2026-09-18,29348.75,29335.60827616128,FOUND,DEGRADED,SPOT_MONTH_FALLBACK;ESTIMATED_EXPIRY_ALIAS,2026-08-02.2,PUT_CALL_PARITY,SEP26,SEP26=PUT_CALL_PARITY;AUG26=SERIES_FORWARD_CLUSTER;OCT26=SERIES_FORWARD_CLUSTER;DEC29=SERIES_FORWARD_CLUSTER;DEC26=PUT_CALL_PARITY;NOV26=SERIES_FORWARD_CLUSTER;MAR27=SERIES_FORWARD_CLUSTER;JUN27=SERIES_FORWARD_CLUSTER;DEC28=PUT_CALL_PARITY;DEC27=PUT_CALL_PARITY,SEP26=29348.75;AUG26=29412.5;OCT26=30137.875;DEC29=28924;DEC26=20179.125;NOV26=31093;MAR27=24435.5;JUN27=24130.625;DEC28=19739;DEC27=18304.5,DEC26=GLOBAL_REFERENCE_OUTLIER_PUT_CALL_PARITY;DEC28=GLOBAL_REFERENCE_OUTLIER_SERIES_FORWARD_CLUSTER;DEC27=GLOBAL_REFERENCE_OUTLIER_SERIES_FORWARD_CLUSTER,WEIGHTED_ATM,2026-09-04,6,130,0.0,NONE,4660,4136,0,0,517,NONE,MN1;MN2;MN3;MN4;MN5;QMW;QRW;QTW;QWW,OK,NONE,NONE,2026-08-26
NAS,26100.0,-2304066.153902363,0.27805470424060225,0.0,0.0,0.0,0.0,0.0,0.0,29723.678287786784,28973.821712213216,30098.60657557357,28598.89342442643,SEP26,AUG26,2026-08-28,2026-09-18,29348.75,29335.60827616128,FOUND,DEGRADED,SPOT_MONTH_FALLBACK;ESTIMATED_EXPIRY_ALIAS,2026-08-02.2,PUT_CALL_PARITY,SEP26,SEP26=PUT_CALL_PARITY;AUG26=SERIES_FORWARD_CLUSTER;OCT26=SERIES_FORWARD_CLUSTER;DEC29=SERIES_FORWARD_CLUSTER;DEC26=PUT_CALL_PARITY;NOV26=SERIES_FORWARD_CLUSTER;MAR27=SERIES_FORWARD_CLUSTER;JUN27=SERIES_FORWARD_CLUSTER;DEC28=PUT_CALL_PARITY;DEC27=PUT_CALL_PARITY,SEP26=29348.75;AUG26=29412.5;OCT26=30137.875;DEC29=28924;DEC26=20179.125;NOV26=31093;MAR27=24435.5;JUN27=24130.625;DEC28=19739;DEC27=18304.5,DEC26=GLOBAL_REFERENCE_OUTLIER_PUT_CALL_PARITY;DEC28=GLOBAL_REFERENCE_OUTLIER_SERIES_FORWARD_CLUSTER;DEC27=GLOBAL_REFERENCE_OUTLIER_SERIES_FORWARD_CLUSTER,WEIGHTED_ATM,2026-09-04,6,130,0.0,NONE,4660,4136,0,0,517,NONE,MN1;MN2;MN3;MN4;MN5;QMW;QRW;QTW;QWW,OK,NONE,NONE,2026-08-26
NAS,26200.0,-2465674.0117868283,0.28624367782521704,0.0,0.0,0.0,0.0,0.0,0.0,29723.678287786784,28973.821712213216,30098.60657557357,28598.89342442643,SEP26,AUG26,2026-08-28,2026-09-18,29348.75,29335.60827616128,FOUND,DEGRADED,SPOT_MONTH_FALLBACK;ESTIMATED_EXPIRY_ALIAS,2026-08-02.2,PUT_CALL_PARITY,SEP26,SEP26=PUT_CALL_PARITY;AUG26=SERIES_FORWARD_CLUSTER;OCT26=SERIES_FORWARD_CLUSTER;DEC29=SERIES_FORWARD_CLUSTER;DEC26=PUT_CALL_PARITY;NOV26=SERIES_FORWARD_CLUSTER;MAR27=SERIES_FORWARD_CLUSTER;JUN27=SERIES_FORWARD_CLUSTER;DEC28=PUT_CALL_PARITY;DEC27=PUT_CALL_PARITY,SEP26=29348.75;AUG26=29412.5;OCT26=30137.875;DEC29=28924;DEC26=20179.125;NOV26=31093;MAR27=24435.5;JUN27=24130.625;DEC28=19739;DEC27=18304.5,DEC26=GLOBAL_REFERENCE_OUTLIER_PUT_CALL_PARITY;DEC28=GLOBAL_REFERENCE_OUTLIER_SERIES_FORWARD_CLUSTER;DEC27=GLOBAL_REFERENCE_OUTLIER_SERIES_FORWARD_CLUSTER,WEIGHTED_ATM,2026-09-04,6,130,0.0,NONE,4660,4136,0,0,517,NONE,MN1;MN2;MN3;MN4;MN5;QMW;QRW;QTW;QWW,OK,NONE,NONE,2026-08-26
NAS,26250.0,-5143595.838123561,0.6082753874292216,0.0,0.0,0.0,0.0,0.0,0.0,29723.678287786784,28973.821712213216,30098.60657557357,28598.89342442643,SEP26,AUG26,2026-08-28,2026-09-18,29348.75,29335.60827616128,FOUND,DEGRADED,SPOT_MONTH_FALLBACK;ESTIMATED_EXPIRY_ALIAS,2026-08-02.2,PUT_CALL_PARITY,SEP26,SEP26=PUT_CALL_PARITY;AUG26=SERIES_FORWARD_CLUSTER;OCT26=SERIES_FORWARD_CLUSTER;DEC29=SERIES_FORWARD_CLUSTER;DEC26=PUT_CALL_PARITY;NOV26=SERIES_FORWARD_CLUSTER;MAR27=SERIES_FORWARD_CLUSTER;JUN27=SERIES_FORWARD_CLUSTER;DEC28=PUT_CALL_PARITY;DEC27=PUT_CALL_PARITY,SEP26=29348.75;AUG26=29412.5;OCT26=30137.875;DEC29=28924;DEC26=20179.125;NOV26=31093;MAR27=24435.5;JUN27=24130.625;DEC28=19739;DEC27=18304.5,DEC26=GLOBAL_REFERENCE_OUTLIER_PUT_CALL_PARITY;DEC28=GLOBAL_REFERENCE_OUTLIER_SERIES_FORWARD_CLUSTER;DEC27=GLOBAL_REFERENCE_OUTLIER_SERIES_FORWARD_CLUSTER,WEIGHTED_ATM,2026-09-04,6,130,0.0,NONE,4660,4136,0,0,517,NONE,MN1;MN2;MN3;MN4;MN5;QMW;QRW;QTW;QWW,OK,NONE,NONE,2026-08-26
NAS,26300.0,-1698838.365096851,0.19720584459193566,0.0,0.0,0.0,0.0,0.0,0.0,29723.678287786784,28973.821712213216,30098.60657557357,28598.89342442643,SEP26,AUG26,2026-08-28,2026-09-18,29348.75,29335.60827616128,FOUND,DEGRADED,SPOT_MONTH_FALLBACK;ESTIMATED_EXPIRY_ALIAS,2026-08-02.2,PUT_CALL_PARITY,SEP26,SEP26=PUT_CALL_PARITY;AUG26=SERIES_FORWARD_CLUSTER;OCT26=SERIES_FORWARD_CLUSTER;DEC29=SERIES_FORWARD_CLUSTER;DEC26=PUT_CALL_PARITY;NOV26=SERIES_FORWARD_CLUSTER;MAR27=SERIES_FORWARD_CLUSTER;JUN27=SERIES_FORWARD_CLUSTER;DEC28=PUT_CALL_PARITY;DEC27=PUT_CALL_PARITY,SEP26=29348.75;AUG26=29412.5;OCT26=30137.875;DEC29=28924;DEC26=20179.125;NOV26=31093;MAR27=24435.5;JUN27=24130.625;DEC28=19739;DEC27=18304.5,DEC26=GLOBAL_REFERENCE_OUTLIER_PUT_CALL_PARITY;DEC28=GLOBAL_REFERENCE_OUTLIER_SERIES_FORWARD_CLUSTER;DEC27=GLOBAL_REFERENCE_OUTLIER_SERIES_FORWARD_CLUSTER,WEIGHTED_ATM,2026-09-04,6,130,0.0,NONE,4660,4136,0,0,517,NONE,MN1;MN2;MN3;MN4;MN5;QMW;QRW;QTW;QWW,OK,NONE,NONE,2026-08-26
NAS,26350.0,-182355.2717490849,0.021170889494813123,0.0,0.0,0.0,0.0,0.0,0.0,29723.678287786784,28973.821712213216,30098.60657557357,28598.89342442643,SEP26,AUG26,2026-08-28,2026-09-18,29348.75,29335.60827616128,FOUND,DEGRADED,SPOT_MONTH_FALLBACK;ESTIMATED_EXPIRY_ALIAS,2026-08-02.2,PUT_CALL_PARITY,SEP26,SEP26=PUT_CALL_PARITY;AUG26=SERIES_FORWARD_CLUSTER;OCT26=SERIES_FORWARD_CLUSTER;DEC29=SERIES_FORWARD_CLUSTER;DEC26=PUT_CALL_PARITY;NOV26=SERIES_FORWARD_CLUSTER;MAR27=SERIES_FORWARD_CLUSTER;JUN27=SERIES_FORWARD_CLUSTER;DEC28=PUT_CALL_PARITY;DEC27=PUT_CALL_PARITY,SEP26=29348.75;AUG26=29412.5;OCT26=30137.875;DEC29=28924;DEC26=20179.125;NOV26=31093;MAR27=24435.5;JUN27=24130.625;DEC28=19739;DEC27=18304.5,DEC26=GLOBAL_REFERENCE_OUTLIER_PUT_CALL_PARITY;DEC28=GLOBAL_REFERENCE_OUTLIER_SERIES_FORWARD_CLUSTER;DEC27=GLOBAL_REFERENCE_OUTLIER_SERIES_FORWARD_CLUSTER,WEIGHTED_ATM,2026-09-04,6,130,0.0,NONE,4660,4136,0,0,517,NONE,MN1;MN2;MN3;MN4;MN5;QMW;QRW;QTW;QWW,OK,NONE,NONE,2026-08-26
NAS,26400.0,-6341997.414647722,0.7362780964792113,0.0,0.0,0.0,0.0,0.0,0.0,29723.678287786784,28973.821712213216,30098.60657557357,28598.89342442643,SEP26,AUG26,2026-08-28,2026-09-18,29348.75,29335.60827616128,FOUND,DEGRADED,SPOT_MONTH_FALLBACK;ESTIMATED_EXPIRY_ALIAS,2026-08-02.2,PUT_CALL_PARITY,SEP26,SEP26=PUT_CALL_PARITY;AUG26=SERIES_FORWARD_CLUSTER;OCT26=SERIES_FORWARD_CLUSTER;DEC29=SERIES_FORWARD_CLUSTER;DEC26=PUT_CALL_PARITY;NOV26=SERIES_FORWARD_CLUSTER;MAR27=SERIES_FORWARD_CLUSTER;JUN27=SERIES_FORWARD_CLUSTER;DEC28=PUT_CALL_PARITY;DEC27=PUT_CALL_PARITY,SEP26=29348.75;AUG26=29412.5;OCT26=30137.875;DEC29=28924;DEC26=20179.125;NOV26=31093;MAR27=24435.5;JUN27=24130.625;DEC28=19739;DEC27=18304.5,DEC26=GLOBAL_REFERENCE_OUTLIER_PUT_CALL_PARITY;DEC28=GLOBAL_REFERENCE_OUTLIER_SERIES_FORWARD_CLUSTER;DEC27=GLOBAL_REFERENCE_OUTLIER_SERIES_FORWARD_CLUSTER,WEIGHTED_ATM,2026-09-04,6,130,0.0,NONE,4660,4136,0,0,517,NONE,MN1;MN2;MN3;MN4;MN5;QMW;QRW;QTW;QWW,OK,NONE,NONE,2026-08-26
NAS,26450.0,-200922.1048370817,0.02332644204782887,0.0,0.0,0.0,0.0,0.0,0.0,29723.678287786784,28973.821712213216,30098.60657557357,28598.89342442643,SEP26,AUG26,2026-08-28,2026-09-18,29348.75,29335.60827616128,FOUND,DEGRADED,SPOT_MONTH_FALLBACK;ESTIMATED_EXPIRY_ALIAS,2026-08-02.2,PUT_CALL_PARITY,SEP26,SEP26=PUT_CALL_PARITY;AUG26=SERIES_FORWARD_CLUSTER;OCT26=SERIES_FORWARD_CLUSTER;DEC29=SERIES_FORWARD_CLUSTER;DEC26=PUT_CALL_PARITY;NOV26=SERIES_FORWARD_CLUSTER;MAR27=SERIES_FORWARD_CLUSTER;JUN27=SERIES_FORWARD_CLUSTER;DEC28=PUT_CALL_PARITY;DEC27=PUT_CALL_PARITY,SEP26=29348.75;AUG26=29412.5;OCT26=30137.875;DEC29=28924;DEC26=20179.125;NOV26=31093;MAR27=24435.5;JUN27=24130.625;DEC28=19739;DEC27=18304.5,DEC26=GLOBAL_REFERENCE_OUTLIER_PUT_CALL_PARITY;DEC28=GLOBAL_REFERENCE_OUTLIER_SERIES_FORWARD_CLUSTER;DEC27=GLOBAL_REFERENCE_OUTLIER_SERIES_FORWARD_CLUSTER,WEIGHTED_ATM,2026-09-04,6,130,0.0,NONE,4660,4136,0,0,517,NONE,MN1;MN2;MN3;MN4;MN5;QMW;QRW;QTW;QWW,OK,NONE,NONE,2026-08-26
NAS,26500.0,-22738077.745613035,2.6623342458947827,0.0,0.0,0.0,0.0,0.0,0.0,29723.678287786784,28973.821712213216,30098.60657557357,28598.89342442643,SEP26,AUG26,2026-08-28,2026-09-18,29348.75,29335.60827616128,FOUND,DEGRADED,SPOT_MONTH_FALLBACK;ESTIMATED_EXPIRY_ALIAS,2026-08-02.2,PUT_CALL_PARITY,SEP26,SEP26=PUT_CALL_PARITY;AUG26=SERIES_FORWARD_CLUSTER;OCT26=SERIES_FORWARD_CLUSTER;DEC29=SERIES_FORWARD_CLUSTER;DEC26=PUT_CALL_PARITY;NOV26=SERIES_FORWARD_CLUSTER;MAR27=SERIES_FORWARD_CLUSTER;JUN27=SERIES_FORWARD_CLUSTER;DEC28=PUT_CALL_PARITY;DEC27=PUT_CALL_PARITY,SEP26=29348.75;AUG26=29412.5;OCT26=30137.875;DEC29=28924;DEC26=20179.125;NOV26=31093;MAR27=24435.5;JUN27=24130.625;DEC28=19739;DEC27=18304.5,DEC26=GLOBAL_REFERENCE_OUTLIER_PUT_CALL_PARITY;DEC28=GLOBAL_REFERENCE_OUTLIER_SERIES_FORWARD_CLUSTER;DEC27=GLOBAL_REFERENCE_OUTLIER_SERIES_FORWARD_CLUSTER,WEIGHTED_ATM,2026-09-04,6,130,0.0,NONE,4660,4136,0,0,517,NONE,MN1;MN2;MN3;MN4;MN5;QMW;QRW;QTW;QWW,OK,NONE,NONE,2026-08-26
NAS,26550.0,-2292468.1656109286,0.2661477669064409,0.0,0.0,0.0,0.0,0.0,0.0,29723.678287786784,28973.821712213216,30098.60657557357,28598.89342442643,SEP26,AUG26,2026-08-28,2026-09-18,29348.75,29335.60827616128,FOUND,DEGRADED,SPOT_MONTH_FALLBACK;ESTIMATED_EXPIRY_ALIAS,2026-08-02.2,PUT_CALL_PARITY,SEP26,SEP26=PUT_CALL_PARITY;AUG26=SERIES_FORWARD_CLUSTER;OCT26=SERIES_FORWARD_CLUSTER;DEC29=SERIES_FORWARD_CLUSTER;DEC26=PUT_CALL_PARITY;NOV26=SERIES_FORWARD_CLUSTER;MAR27=SERIES_FORWARD_CLUSTER;JUN27=SERIES_FORWARD_CLUSTER;DEC28=PUT_CALL_PARITY;DEC27=PUT_CALL_PARITY,SEP26=29348.75;AUG26=29412.5;OCT26=30137.875;DEC29=28924;DEC26=20179.125;NOV26=31093;MAR27=24435.5;JUN27=24130.625;DEC28=19739;DEC27=18304.5,DEC26=GLOBAL_REFERENCE_OUTLIER_PUT_CALL_PARITY;DEC28=GLOBAL_REFERENCE_OUTLIER_SERIES_FORWARD_CLUSTER;DEC27=GLOBAL_REFERENCE_OUTLIER_SERIES_FORWARD_CLUSTER,WEIGHTED_ATM,2026-09-04,6,130,0.0,NONE,4660,4136,0,0,517,NONE,MN1;MN2;MN3;MN4;MN5;QMW;QRW;QTW;QWW,OK,NONE,NONE,2026-08-26
NAS,26600.0,-1612408.7708203066,0.2030562197259713,0.0,0.0,0.0,0.0,0.0,0.0,29723.678287786784,28973.821712213216,30098.60657557357,28598.89342442643,SEP26,AUG26,2026-08-28,2026-09-18,29348.75,29335.60827616128,FOUND,DEGRADED,SPOT_MONTH_FALLBACK;ESTIMATED_EXPIRY_ALIAS,2026-08-02.2,PUT_CALL_PARITY,SEP26,SEP26=PUT_CALL_PARITY;AUG26=SERIES_FORWARD_CLUSTER;OCT26=SERIES_FORWARD_CLUSTER;DEC29=SERIES_FORWARD_CLUSTER;DEC26=PUT_CALL_PARITY;NOV26=SERIES_FORWARD_CLUSTER;MAR27=SERIES_FORWARD_CLUSTER;JUN27=SERIES_FORWARD_CLUSTER;DEC28=PUT_CALL_PARITY;DEC27=PUT_CALL_PARITY,SEP26=29348.75;AUG26=29412.5;OCT26=30137.875;DEC29=28924;DEC26=20179.125;NOV26=31093;MAR27=24435.5;JUN27=24130.625;DEC28=19739;DEC27=18304.5,DEC26=GLOBAL_REFERENCE_OUTLIER_PUT_CALL_PARITY;DEC28=GLOBAL_REFERENCE_OUTLIER_SERIES_FORWARD_CLUSTER;DEC27=GLOBAL_REFERENCE_OUTLIER_SERIES_FORWARD_CLUSTER,WEIGHTED_ATM,2026-09-04,6,130,0.0,NONE,4660,4136,0,0,517,NONE,MN1;MN2;MN3;MN4;MN5;QMW;QRW;QTW;QWW,OK,NONE,NONE,2026-08-26
NAS,26650.0,-1640878.1967452085,0.19049779742878858,0.0,0.0,0.0,0.0,0.0,0.0,29723.678287786784,28973.821712213216,30098.60657557357,28598.89342442643,SEP26,AUG26,2026-08-28,2026-09-18,29348.75,29335.60827616128,FOUND,DEGRADED,SPOT_MONTH_FALLBACK;ESTIMATED_EXPIRY_ALIAS,2026-08-02.2,PUT_CALL_PARITY,SEP26,SEP26=PUT_CALL_PARITY;AUG26=SERIES_FORWARD_CLUSTER;OCT26=SERIES_FORWARD_CLUSTER;DEC29=SERIES_FORWARD_CLUSTER;DEC26=PUT_CALL_PARITY;NOV26=SERIES_FORWARD_CLUSTER;MAR27=SERIES_FORWARD_CLUSTER;JUN27=SERIES_FORWARD_CLUSTER;DEC28=PUT_CALL_PARITY;DEC27=PUT_CALL_PARITY,SEP26=29348.75;AUG26=29412.5;OCT26=30137.875;DEC29=28924;DEC26=20179.125;NOV26=31093;MAR27=24435.5;JUN27=24130.625;DEC28=19739;DEC27=18304.5,DEC26=GLOBAL_REFERENCE_OUTLIER_PUT_CALL_PARITY;DEC28=GLOBAL_REFERENCE_OUTLIER_SERIES_FORWARD_CLUSTER;DEC27=GLOBAL_REFERENCE_OUTLIER_SERIES_FORWARD_CLUSTER,WEIGHTED_ATM,2026-09-04,6,130,0.0,NONE,4660,4136,0,0,517,NONE,MN1;MN2;MN3;MN4;MN5;QMW;QRW;QTW;QWW,OK,NONE,NONE,2026-08-26
NAS,26700.0,-3590734.9273376716,0.43995312973590445,0.0,0.0,0.0,0.0,0.0,0.0,29723.678287786784,28973.821712213216,30098.60657557357,28598.89342442643,SEP26,AUG26,2026-08-28,2026-09-18,29348.75,29335.60827616128,FOUND,DEGRADED,SPOT_MONTH_FALLBACK;ESTIMATED_EXPIRY_ALIAS,2026-08-02.2,PUT_CALL_PARITY,SEP26,SEP26=PUT_CALL_PARITY;AUG26=SERIES_FORWARD_CLUSTER;OCT26=SERIES_FORWARD_CLUSTER;DEC29=SERIES_FORWARD_CLUSTER;DEC26=PUT_CALL_PARITY;NOV26=SERIES_FORWARD_CLUSTER;MAR27=SERIES_FORWARD_CLUSTER;JUN27=SERIES_FORWARD_CLUSTER;DEC28=PUT_CALL_PARITY;DEC27=PUT_CALL_PARITY,SEP26=29348.75;AUG26=29412.5;OCT26=30137.875;DEC29=28924;DEC26=20179.125;NOV26=31093;MAR27=24435.5;JUN27=24130.625;DEC28=19739;DEC27=18304.5,DEC26=GLOBAL_REFERENCE_OUTLIER_PUT_CALL_PARITY;DEC28=GLOBAL_REFERENCE_OUTLIER_SERIES_FORWARD_CLUSTER;DEC27=GLOBAL_REFERENCE_OUTLIER_SERIES_FORWARD_CLUSTER,WEIGHTED_ATM,2026-09-04,6,130,0.0,NONE,4660,4136,0,0,517,NONE,MN1;MN2;MN3;MN4;MN5;QMW;QRW;QTW;QWW,OK,NONE,NONE,2026-08-26
NAS,26750.0,-7686387.64750392,0.8956796789699448,0.0,0.0,0.0,0.0,0.0,0.0,29723.678287786784,28973.821712213216,30098.60657557357,28598.89342442643,SEP26,AUG26,2026-08-28,2026-09-18,29348.75,29335.60827616128,FOUND,DEGRADED,SPOT_MONTH_FALLBACK;ESTIMATED_EXPIRY_ALIAS,2026-08-02.2,PUT_CALL_PARITY,SEP26,SEP26=PUT_CALL_PARITY;AUG26=SERIES_FORWARD_CLUSTER;OCT26=SERIES_FORWARD_CLUSTER;DEC29=SERIES_FORWARD_CLUSTER;DEC26=PUT_CALL_PARITY;NOV26=SERIES_FORWARD_CLUSTER;MAR27=SERIES_FORWARD_CLUSTER;JUN27=SERIES_FORWARD_CLUSTER;DEC28=PUT_CALL_PARITY;DEC27=PUT_CALL_PARITY,SEP26=29348.75;AUG26=29412.5;OCT26=30137.875;DEC29=28924;DEC26=20179.125;NOV26=31093;MAR27=24435.5;JUN27=24130.625;DEC28=19739;DEC27=18304.5,DEC26=GLOBAL_REFERENCE_OUTLIER_PUT_CALL_PARITY;DEC28=GLOBAL_REFERENCE_OUTLIER_SERIES_FORWARD_CLUSTER;DEC27=GLOBAL_REFERENCE_OUTLIER_SERIES_FORWARD_CLUSTER,WEIGHTED_ATM,2026-09-04,6,130,0.0,NONE,4660,4136,0,0,517,NONE,MN1;MN2;MN3;MN4;MN5;QMW;QRW;QTW;QWW,OK,NONE,NONE,2026-08-26
NAS,26800.0,-3239830.189890659,0.37612318274135775,0.0,0.0,0.0,0.0,0.0,0.0,29723.678287786784,28973.821712213216,30098.60657557357,28598.89342442643,SEP26,AUG26,2026-08-28,2026-09-18,29348.75,29335.60827616128,FOUND,DEGRADED,SPOT_MONTH_FALLBACK;ESTIMATED_EXPIRY_ALIAS,2026-08-02.2,PUT_CALL_PARITY,SEP26,SEP26=PUT_CALL_PARITY;AUG26=SERIES_FORWARD_CLUSTER;OCT26=SERIES_FORWARD_CLUSTER;DEC29=SERIES_FORWARD_CLUSTER;DEC26=PUT_CALL_PARITY;NOV26=SERIES_FORWARD_CLUSTER;MAR27=SERIES_FORWARD_CLUSTER;JUN27=SERIES_FORWARD_CLUSTER;DEC28=PUT_CALL_PARITY;DEC27=PUT_CALL_PARITY,SEP26=29348.75;AUG26=29412.5;OCT26=30137.875;DEC29=28924;DEC26=20179.125;NOV26=31093;MAR27=24435.5;JUN27=24130.625;DEC28=19739;DEC27=18304.5,DEC26=GLOBAL_REFERENCE_OUTLIER_PUT_CALL_PARITY;DEC28=GLOBAL_REFERENCE_OUTLIER_SERIES_FORWARD_CLUSTER;DEC27=GLOBAL_REFERENCE_OUTLIER_SERIES_FORWARD_CLUSTER,WEIGHTED_ATM,2026-09-04,6,130,0.0,NONE,4660,4136,0,0,517,NONE,MN1;MN2;MN3;MN4;MN5;QMW;QRW;QTW;QWW,OK,NONE,NONE,2026-08-26
NAS,26850.0,-1623176.073296057,0.18843806310600256,0.0,0.0,0.0,0.0,0.0,0.0,29723.678287786784,28973.821712213216,30098.60657557357,28598.89342442643,SEP26,AUG26,2026-08-28,2026-09-18,29348.75,29335.60827616128,FOUND,DEGRADED,SPOT_MONTH_FALLBACK;ESTIMATED_EXPIRY_ALIAS,2026-08-02.2,PUT_CALL_PARITY,SEP26,SEP26=PUT_CALL_PARITY;AUG26=SERIES_FORWARD_CLUSTER;OCT26=SERIES_FORWARD_CLUSTER;DEC29=SERIES_FORWARD_CLUSTER;DEC26=PUT_CALL_PARITY;NOV26=SERIES_FORWARD_CLUSTER;MAR27=SERIES_FORWARD_CLUSTER;JUN27=SERIES_FORWARD_CLUSTER;DEC28=PUT_CALL_PARITY;DEC27=PUT_CALL_PARITY,SEP26=29348.75;AUG26=29412.5;OCT26=30137.875;DEC29=28924;DEC26=20179.125;NOV26=31093;MAR27=24435.5;JUN27=24130.625;DEC28=19739;DEC27=18304.5,DEC26=GLOBAL_REFERENCE_OUTLIER_PUT_CALL_PARITY;DEC28=GLOBAL_REFERENCE_OUTLIER_SERIES_FORWARD_CLUSTER;DEC27=GLOBAL_REFERENCE_OUTLIER_SERIES_FORWARD_CLUSTER,WEIGHTED_ATM,2026-09-04,6,130,0.0,NONE,4660,4136,0,0,517,NONE,MN1;MN2;MN3;MN4;MN5;QMW;QRW;QTW;QWW,OK,NONE,NONE,2026-08-26
NAS,26900.0,-2941548.5031357436,0.34149642206503794,0.0,0.0,0.0,0.0,0.0,0.0,29723.678287786784,28973.821712213216,30098.60657557357,28598.89342442643,SEP26,AUG26,2026-08-28,2026-09-18,29348.75,29335.60827616128,FOUND,DEGRADED,SPOT_MONTH_FALLBACK;ESTIMATED_EXPIRY_ALIAS,2026-08-02.2,PUT_CALL_PARITY,SEP26,SEP26=PUT_CALL_PARITY;AUG26=SERIES_FORWARD_CLUSTER;OCT26=SERIES_FORWARD_CLUSTER;DEC29=SERIES_FORWARD_CLUSTER;DEC26=PUT_CALL_PARITY;NOV26=SERIES_FORWARD_CLUSTER;MAR27=SERIES_FORWARD_CLUSTER;JUN27=SERIES_FORWARD_CLUSTER;DEC28=PUT_CALL_PARITY;DEC27=PUT_CALL_PARITY,SEP26=29348.75;AUG26=29412.5;OCT26=30137.875;DEC29=28924;DEC26=20179.125;NOV26=31093;MAR27=24435.5;JUN27=24130.625;DEC28=19739;DEC27=18304.5,DEC26=GLOBAL_REFERENCE_OUTLIER_PUT_CALL_PARITY;DEC28=GLOBAL_REFERENCE_OUTLIER_SERIES_FORWARD_CLUSTER;DEC27=GLOBAL_REFERENCE_OUTLIER_SERIES_FORWARD_CLUSTER,WEIGHTED_ATM,2026-09-04,6,130,0.0,NONE,4660,4136,0,0,517,NONE,MN1;MN2;MN3;MN4;MN5;QMW;QRW;QTW;QWW,OK,NONE,NONE,2026-08-26
NAS,26950.0,-376559.9908192126,0.04370678106408518,0.0,0.0,0.0,0.0,0.0,0.0,29723.678287786784,28973.821712213216,30098.60657557357,28598.89342442643,SEP26,AUG26,2026-08-28,2026-09-18,29348.75,29335.60827616128,FOUND,DEGRADED,SPOT_MONTH_FALLBACK;ESTIMATED_EXPIRY_ALIAS,2026-08-02.2,PUT_CALL_PARITY,SEP26,SEP26=PUT_CALL_PARITY;AUG26=SERIES_FORWARD_CLUSTER;OCT26=SERIES_FORWARD_CLUSTER;DEC29=SERIES_FORWARD_CLUSTER;DEC26=PUT_CALL_PARITY;NOV26=SERIES_FORWARD_CLUSTER;MAR27=SERIES_FORWARD_CLUSTER;JUN27=SERIES_FORWARD_CLUSTER;DEC28=PUT_CALL_PARITY;DEC27=PUT_CALL_PARITY,SEP26=29348.75;AUG26=29412.5;OCT26=30137.875;DEC29=28924;DEC26=20179.125;NOV26=31093;MAR27=24435.5;JUN27=24130.625;DEC28=19739;DEC27=18304.5,DEC26=GLOBAL_REFERENCE_OUTLIER_PUT_CALL_PARITY;DEC28=GLOBAL_REFERENCE_OUTLIER_SERIES_FORWARD_CLUSTER;DEC27=GLOBAL_REFERENCE_OUTLIER_SERIES_FORWARD_CLUSTER,WEIGHTED_ATM,2026-09-04,6,130,0.0,NONE,4660,4136,0,0,517,NONE,MN1;MN2;MN3;MN4;MN5;QMW;QRW;QTW;QWW,OK,NONE,NONE,2026-08-26
NAS,27000.0,-49689159.30625897,5.88677139400543,0.0,0.0,0.0,0.0,0.0,1820.0,29723.678287786784,28973.821712213216,30098.60657557357,28598.89342442643,SEP26,AUG26,2026-08-28,2026-09-18,29348.75,29335.60827616128,FOUND,DEGRADED,SPOT_MONTH_FALLBACK;ESTIMATED_EXPIRY_ALIAS,2026-08-02.2,PUT_CALL_PARITY,SEP26,SEP26=PUT_CALL_PARITY;AUG26=SERIES_FORWARD_CLUSTER;OCT26=SERIES_FORWARD_CLUSTER;DEC29=SERIES_FORWARD_CLUSTER;DEC26=PUT_CALL_PARITY;NOV26=SERIES_FORWARD_CLUSTER;MAR27=SERIES_FORWARD_CLUSTER;JUN27=SERIES_FORWARD_CLUSTER;DEC28=PUT_CALL_PARITY;DEC27=PUT_CALL_PARITY,SEP26=29348.75;AUG26=29412.5;OCT26=30137.875;DEC29=28924;DEC26=20179.125;NOV26=31093;MAR27=24435.5;JUN27=24130.625;DEC28=19739;DEC27=18304.5,DEC26=GLOBAL_REFERENCE_OUTLIER_PUT_CALL_PARITY;DEC28=GLOBAL_REFERENCE_OUTLIER_SERIES_FORWARD_CLUSTER;DEC27=GLOBAL_REFERENCE_OUTLIER_SERIES_FORWARD_CLUSTER,WEIGHTED_ATM,2026-09-04,6,130,0.0,NONE,4660,4136,0,0,517,NONE,MN1;MN2;MN3;MN4;MN5;QMW;QRW;QTW;QWW,OK,NONE,NONE,2026-08-26
NAS,27050.0,-1075815.2086389526,0.12485042248084906,0.0,0.0,0.0,0.0,0.0,0.0,29723.678287786784,28973.821712213216,30098.60657557357,28598.89342442643,SEP26,AUG26,2026-08-28,2026-09-18,29348.75,29335.60827616128,FOUND,DEGRADED,SPOT_MONTH_FALLBACK;ESTIMATED_EXPIRY_ALIAS,2026-08-02.2,PUT_CALL_PARITY,SEP26,SEP26=PUT_CALL_PARITY;AUG26=SERIES_FORWARD_CLUSTER;OCT26=SERIES_FORWARD_CLUSTER;DEC29=SERIES_FORWARD_CLUSTER;DEC26=PUT_CALL_PARITY;NOV26=SERIES_FORWARD_CLUSTER;MAR27=SERIES_FORWARD_CLUSTER;JUN27=SERIES_FORWARD_CLUSTER;DEC28=PUT_CALL_PARITY;DEC27=PUT_CALL_PARITY,SEP26=29348.75;AUG26=29412.5;OCT26=30137.875;DEC29=28924;DEC26=20179.125;NOV26=31093;MAR27=24435.5;JUN27=24130.625;DEC28=19739;DEC27=18304.5,DEC26=GLOBAL_REFERENCE_OUTLIER_PUT_CALL_PARITY;DEC28=GLOBAL_REFERENCE_OUTLIER_SERIES_FORWARD_CLUSTER;DEC27=GLOBAL_REFERENCE_OUTLIER_SERIES_FORWARD_CLUSTER,WEIGHTED_ATM,2026-09-04,6,130,0.0,NONE,4660,4136,0,0,517,NONE,MN1;MN2;MN3;MN4;MN5;QMW;QRW;QTW;QWW,OK,NONE,NONE,2026-08-26
NAS,27100.0,-2933207.2211687188,0.37532771630989165,0.0,0.0,0.0,0.0,0.0,0.0,29723.678287786784,28973.821712213216,30098.60657557357,28598.89342442643,SEP26,AUG26,2026-08-28,2026-09-18,29348.75,29335.60827616128,FOUND,DEGRADED,SPOT_MONTH_FALLBACK;ESTIMATED_EXPIRY_ALIAS,2026-08-02.2,PUT_CALL_PARITY,SEP26,SEP26=PUT_CALL_PARITY;AUG26=SERIES_FORWARD_CLUSTER;OCT26=SERIES_FORWARD_CLUSTER;DEC29=SERIES_FORWARD_CLUSTER;DEC26=PUT_CALL_PARITY;NOV26=SERIES_FORWARD_CLUSTER;MAR27=SERIES_FORWARD_CLUSTER;JUN27=SERIES_FORWARD_CLUSTER;DEC28=PUT_CALL_PARITY;DEC27=PUT_CALL_PARITY,SEP26=29348.75;AUG26=29412.5;OCT26=30137.875;DEC29=28924;DEC26=20179.125;NOV26=31093;MAR27=24435.5;JUN27=24130.625;DEC28=19739;DEC27=18304.5,DEC26=GLOBAL_REFERENCE_OUTLIER_PUT_CALL_PARITY;DEC28=GLOBAL_REFERENCE_OUTLIER_SERIES_FORWARD_CLUSTER;DEC27=GLOBAL_REFERENCE_OUTLIER_SERIES_FORWARD_CLUSTER,WEIGHTED_ATM,2026-09-04,6,130,0.0,NONE,4660,4136,0,0,517,NONE,MN1;MN2;MN3;MN4;MN5;QMW;QRW;QTW;QWW,OK,NONE,NONE,2026-08-26
NAS,27150.0,-926303.6984286159,0.10752580028859884,0.0,0.0,0.0,0.0,0.0,0.0,29723.678287786784,28973.821712213216,30098.60657557357,28598.89342442643,SEP26,AUG26,2026-08-28,2026-09-18,29348.75,29335.60827616128,FOUND,DEGRADED,SPOT_MONTH_FALLBACK;ESTIMATED_EXPIRY_ALIAS,2026-08-02.2,PUT_CALL_PARITY,SEP26,SEP26=PUT_CALL_PARITY;AUG26=SERIES_FORWARD_CLUSTER;OCT26=SERIES_FORWARD_CLUSTER;DEC29=SERIES_FORWARD_CLUSTER;DEC26=PUT_CALL_PARITY;NOV26=SERIES_FORWARD_CLUSTER;MAR27=SERIES_FORWARD_CLUSTER;JUN27=SERIES_FORWARD_CLUSTER;DEC28=PUT_CALL_PARITY;DEC27=PUT_CALL_PARITY,SEP26=29348.75;AUG26=29412.5;OCT26=30137.875;DEC29=28924;DEC26=20179.125;NOV26=31093;MAR27=24435.5;JUN27=24130.625;DEC28=19739;DEC27=18304.5,DEC26=GLOBAL_REFERENCE_OUTLIER_PUT_CALL_PARITY;DEC28=GLOBAL_REFERENCE_OUTLIER_SERIES_FORWARD_CLUSTER;DEC27=GLOBAL_REFERENCE_OUTLIER_SERIES_FORWARD_CLUSTER,WEIGHTED_ATM,2026-09-04,6,130,0.0,NONE,4660,4136,0,0,517,NONE,MN1;MN2;MN3;MN4;MN5;QMW;QRW;QTW;QWW,OK,NONE,NONE,2026-08-26
NAS,27200.0,-4060001.627125073,0.47914083273751557,0.0,0.0,0.0,0.0,0.0,0.0,29723.678287786784,28973.821712213216,30098.60657557357,28598.89342442643,SEP26,AUG26,2026-08-28,2026-09-18,29348.75,29335.60827616128,FOUND,DEGRADED,SPOT_MONTH_FALLBACK;ESTIMATED_EXPIRY_ALIAS,2026-08-02.2,PUT_CALL_PARITY,SEP26,SEP26=PUT_CALL_PARITY;AUG26=SERIES_FORWARD_CLUSTER;OCT26=SERIES_FORWARD_CLUSTER;DEC29=SERIES_FORWARD_CLUSTER;DEC26=PUT_CALL_PARITY;NOV26=SERIES_FORWARD_CLUSTER;MAR27=SERIES_FORWARD_CLUSTER;JUN27=SERIES_FORWARD_CLUSTER;DEC28=PUT_CALL_PARITY;DEC27=PUT_CALL_PARITY,SEP26=29348.75;AUG26=29412.5;OCT26=30137.875;DEC29=28924;DEC26=20179.125;NOV26=31093;MAR27=24435.5;JUN27=24130.625;DEC28=19739;DEC27=18304.5,DEC26=GLOBAL_REFERENCE_OUTLIER_PUT_CALL_PARITY;DEC28=GLOBAL_REFERENCE_OUTLIER_SERIES_FORWARD_CLUSTER;DEC27=GLOBAL_REFERENCE_OUTLIER_SERIES_FORWARD_CLUSTER,WEIGHTED_ATM,2026-09-04,6,130,0.0,NONE,4660,4136,0,0,517,NONE,MN1;MN2;MN3;MN4;MN5;QMW;QRW;QTW;QWW,OK,NONE,NONE,2026-08-26
NAS,27250.0,-13102326.983175147,1.521619299000576,0.0,0.0,0.0,0.0,0.0,0.0,29723.678287786784,28973.821712213216,30098.60657557357,28598.89342442643,SEP26,AUG26,2026-08-28,2026-09-18,29348.75,29335.60827616128,FOUND,DEGRADED,SPOT_MONTH_FALLBACK;ESTIMATED_EXPIRY_ALIAS,2026-08-02.2,PUT_CALL_PARITY,SEP26,SEP26=PUT_CALL_PARITY;AUG26=SERIES_FORWARD_CLUSTER;OCT26=SERIES_FORWARD_CLUSTER;DEC29=SERIES_FORWARD_CLUSTER;DEC26=PUT_CALL_PARITY;NOV26=SERIES_FORWARD_CLUSTER;MAR27=SERIES_FORWARD_CLUSTER;JUN27=SERIES_FORWARD_CLUSTER;DEC28=PUT_CALL_PARITY;DEC27=PUT_CALL_PARITY,SEP26=29348.75;AUG26=29412.5;OCT26=30137.875;DEC29=28924;DEC26=20179.125;NOV26=31093;MAR27=24435.5;JUN27=24130.625;DEC28=19739;DEC27=18304.5,DEC26=GLOBAL_REFERENCE_OUTLIER_PUT_CALL_PARITY;DEC28=GLOBAL_REFERENCE_OUTLIER_SERIES_FORWARD_CLUSTER;DEC27=GLOBAL_REFERENCE_OUTLIER_SERIES_FORWARD_CLUSTER,WEIGHTED_ATM,2026-09-04,6,130,0.0,NONE,4660,4136,0,0,517,NONE,MN1;MN2;MN3;MN4;MN5;QMW;QRW;QTW;QWW,OK,NONE,NONE,2026-08-26
NAS,27300.0,-5382137.248306667,0.6249694658811409,0.0,0.0,0.0,0.0,0.0,0.0,29723.678287786784,28973.821712213216,30098.60657557357,28598.89342442643,SEP26,AUG26,2026-08-28,2026-09-18,29348.75,29335.60827616128,FOUND,DEGRADED,SPOT_MONTH_FALLBACK;ESTIMATED_EXPIRY_ALIAS,2026-08-02.2,PUT_CALL_PARITY,SEP26,SEP26=PUT_CALL_PARITY;AUG26=SERIES_FORWARD_CLUSTER;OCT26=SERIES_FORWARD_CLUSTER;DEC29=SERIES_FORWARD_CLUSTER;DEC26=PUT_CALL_PARITY;NOV26=SERIES_FORWARD_CLUSTER;MAR27=SERIES_FORWARD_CLUSTER;JUN27=SERIES_FORWARD_CLUSTER;DEC28=PUT_CALL_PARITY;DEC27=PUT_CALL_PARITY,SEP26=29348.75;AUG26=29412.5;OCT26=30137.875;DEC29=28924;DEC26=20179.125;NOV26=31093;MAR27=24435.5;JUN27=24130.625;DEC28=19739;DEC27=18304.5,DEC26=GLOBAL_REFERENCE_OUTLIER_PUT_CALL_PARITY;DEC28=GLOBAL_REFERENCE_OUTLIER_SERIES_FORWARD_CLUSTER;DEC27=GLOBAL_REFERENCE_OUTLIER_SERIES_FORWARD_CLUSTER,WEIGHTED_ATM,2026-09-04,6,130,0.0,NONE,4660,4136,0,0,517,NONE,MN1;MN2;MN3;MN4;MN5;QMW;QRW;QTW;QWW,OK,NONE,NONE,2026-08-26
NAS,27350.0,-431483.1735619331,0.050062332375417226,0.0,0.0,0.0,0.0,0.0,0.0,29723.678287786784,28973.821712213216,30098.60657557357,28598.89342442643,SEP26,AUG26,2026-08-28,2026-09-18,29348.75,29335.60827616128,FOUND,DEGRADED,SPOT_MONTH_FALLBACK;ESTIMATED_EXPIRY_ALIAS,2026-08-02.2,PUT_CALL_PARITY,SEP26,SEP26=PUT_CALL_PARITY;AUG26=SERIES_FORWARD_CLUSTER;OCT26=SERIES_FORWARD_CLUSTER;DEC29=SERIES_FORWARD_CLUSTER;DEC26=PUT_CALL_PARITY;NOV26=SERIES_FORWARD_CLUSTER;MAR27=SERIES_FORWARD_CLUSTER;JUN27=SERIES_FORWARD_CLUSTER;DEC28=PUT_CALL_PARITY;DEC27=PUT_CALL_PARITY,SEP26=29348.75;AUG26=29412.5;OCT26=30137.875;DEC29=28924;DEC26=20179.125;NOV26=31093;MAR27=24435.5;JUN27=24130.625;DEC28=19739;DEC27=18304.5,DEC26=GLOBAL_REFERENCE_OUTLIER_PUT_CALL_PARITY;DEC28=GLOBAL_REFERENCE_OUTLIER_SERIES_FORWARD_CLUSTER;DEC27=GLOBAL_REFERENCE_OUTLIER_SERIES_FORWARD_CLUSTER,WEIGHTED_ATM,2026-09-04,6,130,0.0,NONE,4660,4136,0,0,517,NONE,MN1;MN2;MN3;MN4;MN5;QMW;QRW;QTW;QWW,OK,NONE,NONE,2026-08-26
NAS,27400.0,-3773849.2769866018,0.5181096339851666,0.0,0.0,0.0,0.0,0.0,0.0,29723.678287786784,28973.821712213216,30098.60657557357,28598.89342442643,SEP26,AUG26,2026-08-28,2026-09-18,29348.75,29335.60827616128,FOUND,DEGRADED,SPOT_MONTH_FALLBACK;ESTIMATED_EXPIRY_ALIAS,2026-08-02.2,PUT_CALL_PARITY,SEP26,SEP26=PUT_CALL_PARITY;AUG26=SERIES_FORWARD_CLUSTER;OCT26=SERIES_FORWARD_CLUSTER;DEC29=SERIES_FORWARD_CLUSTER;DEC26=PUT_CALL_PARITY;NOV26=SERIES_FORWARD_CLUSTER;MAR27=SERIES_FORWARD_CLUSTER;JUN27=SERIES_FORWARD_CLUSTER;DEC28=PUT_CALL_PARITY;DEC27=PUT_CALL_PARITY,SEP26=29348.75;AUG26=29412.5;OCT26=30137.875;DEC29=28924;DEC26=20179.125;NOV26=31093;MAR27=24435.5;JUN27=24130.625;DEC28=19739;DEC27=18304.5,DEC26=GLOBAL_REFERENCE_OUTLIER_PUT_CALL_PARITY;DEC28=GLOBAL_REFERENCE_OUTLIER_SERIES_FORWARD_CLUSTER;DEC27=GLOBAL_REFERENCE_OUTLIER_SERIES_FORWARD_CLUSTER,WEIGHTED_ATM,2026-09-04,6,130,0.0,NONE,4660,4136,0,0,517,NONE,MN1;MN2;MN3;MN4;MN5;QMW;QRW;QTW;QWW,OK,NONE,NONE,2026-08-26
NAS,27450.0,-563395.1255920487,0.0653623199198276,0.0,0.0,0.0,0.0,0.0,0.0,29723.678287786784,28973.821712213216,30098.60657557357,28598.89342442643,SEP26,AUG26,2026-08-28,2026-09-18,29348.75,29335.60827616128,FOUND,DEGRADED,SPOT_MONTH_FALLBACK;ESTIMATED_EXPIRY_ALIAS,2026-08-02.2,PUT_CALL_PARITY,SEP26,SEP26=PUT_CALL_PARITY;AUG26=SERIES_FORWARD_CLUSTER;OCT26=SERIES_FORWARD_CLUSTER;DEC29=SERIES_FORWARD_CLUSTER;DEC26=PUT_CALL_PARITY;NOV26=SERIES_FORWARD_CLUSTER;MAR27=SERIES_FORWARD_CLUSTER;JUN27=SERIES_FORWARD_CLUSTER;DEC28=PUT_CALL_PARITY;DEC27=PUT_CALL_PARITY,SEP26=29348.75;AUG26=29412.5;OCT26=30137.875;DEC29=28924;DEC26=20179.125;NOV26=31093;MAR27=24435.5;JUN27=24130.625;DEC28=19739;DEC27=18304.5,DEC26=GLOBAL_REFERENCE_OUTLIER_PUT_CALL_PARITY;DEC28=GLOBAL_REFERENCE_OUTLIER_SERIES_FORWARD_CLUSTER;DEC27=GLOBAL_REFERENCE_OUTLIER_SERIES_FORWARD_CLUSTER,WEIGHTED_ATM,2026-09-04,6,130,0.0,NONE,4660,4136,0,0,517,NONE,MN1;MN2;MN3;MN4;MN5;QMW;QRW;QTW;QWW,OK,NONE,NONE,2026-08-26
NAS,27500.0,-40441565.51203182,4.719642344399025,0.0,0.0,0.0,0.0,0.0,0.0,29723.678287786784,28973.821712213216,30098.60657557357,28598.89342442643,SEP26,AUG26,2026-08-28,2026-09-18,29348.75,29335.60827616128,FOUND,DEGRADED,SPOT_MONTH_FALLBACK;ESTIMATED_EXPIRY_ALIAS,2026-08-02.2,PUT_CALL_PARITY,SEP26,SEP26=PUT_CALL_PARITY;AUG26=SERIES_FORWARD_CLUSTER;OCT26=SERIES_FORWARD_CLUSTER;DEC29=SERIES_FORWARD_CLUSTER;DEC26=PUT_CALL_PARITY;NOV26=SERIES_FORWARD_CLUSTER;MAR27=SERIES_FORWARD_CLUSTER;JUN27=SERIES_FORWARD_CLUSTER;DEC28=PUT_CALL_PARITY;DEC27=PUT_CALL_PARITY,SEP26=29348.75;AUG26=29412.5;OCT26=30137.875;DEC29=28924;DEC26=20179.125;NOV26=31093;MAR27=24435.5;JUN27=24130.625;DEC28=19739;DEC27=18304.5,DEC26=GLOBAL_REFERENCE_OUTLIER_PUT_CALL_PARITY;DEC28=GLOBAL_REFERENCE_OUTLIER_SERIES_FORWARD_CLUSTER;DEC27=GLOBAL_REFERENCE_OUTLIER_SERIES_FORWARD_CLUSTER,WEIGHTED_ATM,2026-09-04,6,130,0.0,NONE,4660,4136,0,0,517,NONE,MN1;MN2;MN3;MN4;MN5;QMW;QRW;QTW;QWW,OK,NONE,NONE,2026-08-26
NAS,27550.0,-920414.9553420877,0.10681026475177557,0.0,0.0,0.0,0.0,0.0,0.0,29723.678287786784,28973.821712213216,30098.60657557357,28598.89342442643,SEP26,AUG26,2026-08-28,2026-09-18,29348.75,29335.60827616128,FOUND,DEGRADED,SPOT_MONTH_FALLBACK;ESTIMATED_EXPIRY_ALIAS,2026-08-02.2,PUT_CALL_PARITY,SEP26,SEP26=PUT_CALL_PARITY;AUG26=SERIES_FORWARD_CLUSTER;OCT26=SERIES_FORWARD_CLUSTER;DEC29=SERIES_FORWARD_CLUSTER;DEC26=PUT_CALL_PARITY;NOV26=SERIES_FORWARD_CLUSTER;MAR27=SERIES_FORWARD_CLUSTER;JUN27=SERIES_FORWARD_CLUSTER;DEC28=PUT_CALL_PARITY;DEC27=PUT_CALL_PARITY,SEP26=29348.75;AUG26=29412.5;OCT26=30137.875;DEC29=28924;DEC26=20179.125;NOV26=31093;MAR27=24435.5;JUN27=24130.625;DEC28=19739;DEC27=18304.5,DEC26=GLOBAL_REFERENCE_OUTLIER_PUT_CALL_PARITY;DEC28=GLOBAL_REFERENCE_OUTLIER_SERIES_FORWARD_CLUSTER;DEC27=GLOBAL_REFERENCE_OUTLIER_SERIES_FORWARD_CLUSTER,WEIGHTED_ATM,2026-09-04,6,130,0.0,NONE,4660,4136,0,0,517,NONE,MN1;MN2;MN3;MN4;MN5;QMW;QRW;QTW;QWW,OK,NONE,NONE,2026-08-26
NAS,27600.0,-16315530.377254587,1.8948424880898178,0.0,0.0,0.0,0.0,0.0,0.0,29723.678287786784,28973.821712213216,30098.60657557357,28598.89342442643,SEP26,AUG26,2026-08-28,2026-09-18,29348.75,29335.60827616128,FOUND,DEGRADED,SPOT_MONTH_FALLBACK;ESTIMATED_EXPIRY_ALIAS,2026-08-02.2,PUT_CALL_PARITY,SEP26,SEP26=PUT_CALL_PARITY;AUG26=SERIES_FORWARD_CLUSTER;OCT26=SERIES_FORWARD_CLUSTER;DEC29=SERIES_FORWARD_CLUSTER;DEC26=PUT_CALL_PARITY;NOV26=SERIES_FORWARD_CLUSTER;MAR27=SERIES_FORWARD_CLUSTER;JUN27=SERIES_FORWARD_CLUSTER;DEC28=PUT_CALL_PARITY;DEC27=PUT_CALL_PARITY,SEP26=29348.75;AUG26=29412.5;OCT26=30137.875;DEC29=28924;DEC26=20179.125;NOV26=31093;MAR27=24435.5;JUN27=24130.625;DEC28=19739;DEC27=18304.5,DEC26=GLOBAL_REFERENCE_OUTLIER_PUT_CALL_PARITY;DEC28=GLOBAL_REFERENCE_OUTLIER_SERIES_FORWARD_CLUSTER;DEC27=GLOBAL_REFERENCE_OUTLIER_SERIES_FORWARD_CLUSTER,WEIGHTED_ATM,2026-09-04,6,130,0.0,NONE,4660,4136,0,0,517,NONE,MN1;MN2;MN3;MN4;MN5;QMW;QRW;QTW;QWW,OK,NONE,NONE,2026-08-26
NAS,27650.0,-3648302.757276588,0.42348214950993757,0.0,0.0,0.0,0.0,0.0,0.0,29723.678287786784,28973.821712213216,30098.60657557357,28598.89342442643,SEP26,AUG26,2026-08-28,2026-09-18,29348.75,29335.60827616128,FOUND,DEGRADED,SPOT_MONTH_FALLBACK;ESTIMATED_EXPIRY_ALIAS,2026-08-02.2,PUT_CALL_PARITY,SEP26,SEP26=PUT_CALL_PARITY;AUG26=SERIES_FORWARD_CLUSTER;OCT26=SERIES_FORWARD_CLUSTER;DEC29=SERIES_FORWARD_CLUSTER;DEC26=PUT_CALL_PARITY;NOV26=SERIES_FORWARD_CLUSTER;MAR27=SERIES_FORWARD_CLUSTER;JUN27=SERIES_FORWARD_CLUSTER;DEC28=PUT_CALL_PARITY;DEC27=PUT_CALL_PARITY,SEP26=29348.75;AUG26=29412.5;OCT26=30137.875;DEC29=28924;DEC26=20179.125;NOV26=31093;MAR27=24435.5;JUN27=24130.625;DEC28=19739;DEC27=18304.5,DEC26=GLOBAL_REFERENCE_OUTLIER_PUT_CALL_PARITY;DEC28=GLOBAL_REFERENCE_OUTLIER_SERIES_FORWARD_CLUSTER;DEC27=GLOBAL_REFERENCE_OUTLIER_SERIES_FORWARD_CLUSTER,WEIGHTED_ATM,2026-09-04,6,130,0.0,NONE,4660,4136,0,0,517,NONE,MN1;MN2;MN3;MN4;MN5;QMW;QRW;QTW;QWW,OK,NONE,NONE,2026-08-26
NAS,27675.0,-96409.07683543165,0.011192799047719955,0.0,0.0,0.0,0.0,0.0,0.0,29723.678287786784,28973.821712213216,30098.60657557357,28598.89342442643,SEP26,AUG26,2026-08-28,2026-09-18,29348.75,29335.60827616128,FOUND,DEGRADED,SPOT_MONTH_FALLBACK;ESTIMATED_EXPIRY_ALIAS,2026-08-02.2,PUT_CALL_PARITY,SEP26,SEP26=PUT_CALL_PARITY;AUG26=SERIES_FORWARD_CLUSTER;OCT26=SERIES_FORWARD_CLUSTER;DEC29=SERIES_FORWARD_CLUSTER;DEC26=PUT_CALL_PARITY;NOV26=SERIES_FORWARD_CLUSTER;MAR27=SERIES_FORWARD_CLUSTER;JUN27=SERIES_FORWARD_CLUSTER;DEC28=PUT_CALL_PARITY;DEC27=PUT_CALL_PARITY,SEP26=29348.75;AUG26=29412.5;OCT26=30137.875;DEC29=28924;DEC26=20179.125;NOV26=31093;MAR27=24435.5;JUN27=24130.625;DEC28=19739;DEC27=18304.5,DEC26=GLOBAL_REFERENCE_OUTLIER_PUT_CALL_PARITY;DEC28=GLOBAL_REFERENCE_OUTLIER_SERIES_FORWARD_CLUSTER;DEC27=GLOBAL_REFERENCE_OUTLIER_SERIES_FORWARD_CLUSTER,WEIGHTED_ATM,2026-09-04,6,130,0.0,NONE,4660,4136,0,0,517,NONE,MN1;MN2;MN3;MN4;MN5;QMW;QRW;QTW;QWW,OK,NONE,NONE,2026-08-26
NAS,27700.0,-26154467.113036525,3.0506408971755743,0.0,0.0,0.0,0.0,0.0,0.0,29723.678287786784,28973.821712213216,30098.60657557357,28598.89342442643,SEP26,AUG26,2026-08-28,2026-09-18,29348.75,29335.60827616128,FOUND,DEGRADED,SPOT_MONTH_FALLBACK;ESTIMATED_EXPIRY_ALIAS,2026-08-02.2,PUT_CALL_PARITY,SEP26,SEP26=PUT_CALL_PARITY;AUG26=SERIES_FORWARD_CLUSTER;OCT26=SERIES_FORWARD_CLUSTER;DEC29=SERIES_FORWARD_CLUSTER;DEC26=PUT_CALL_PARITY;NOV26=SERIES_FORWARD_CLUSTER;MAR27=SERIES_FORWARD_CLUSTER;JUN27=SERIES_FORWARD_CLUSTER;DEC28=PUT_CALL_PARITY;DEC27=PUT_CALL_PARITY,SEP26=29348.75;AUG26=29412.5;OCT26=30137.875;DEC29=28924;DEC26=20179.125;NOV26=31093;MAR27=24435.5;JUN27=24130.625;DEC28=19739;DEC27=18304.5,DEC26=GLOBAL_REFERENCE_OUTLIER_PUT_CALL_PARITY;DEC28=GLOBAL_REFERENCE_OUTLIER_SERIES_FORWARD_CLUSTER;DEC27=GLOBAL_REFERENCE_OUTLIER_SERIES_FORWARD_CLUSTER,WEIGHTED_ATM,2026-09-04,6,130,0.0,NONE,4660,4136,0,0,517,NONE,MN1;MN2;MN3;MN4;MN5;QMW;QRW;QTW;QWW,OK,NONE,NONE,2026-08-26
NAS,27725.0,-409542.16146077577,0.04746115837121527,0.0,0.0,0.0,0.0,0.0,0.0,29723.678287786784,28973.821712213216,30098.60657557357,28598.89342442643,SEP26,AUG26,2026-08-28,2026-09-18,29348.75,29335.60827616128,FOUND,DEGRADED,SPOT_MONTH_FALLBACK;ESTIMATED_EXPIRY_ALIAS,2026-08-02.2,PUT_CALL_PARITY,SEP26,SEP26=PUT_CALL_PARITY;AUG26=SERIES_FORWARD_CLUSTER;OCT26=SERIES_FORWARD_CLUSTER;DEC29=SERIES_FORWARD_CLUSTER;DEC26=PUT_CALL_PARITY;NOV26=SERIES_FORWARD_CLUSTER;MAR27=SERIES_FORWARD_CLUSTER;JUN27=SERIES_FORWARD_CLUSTER;DEC28=PUT_CALL_PARITY;DEC27=PUT_CALL_PARITY,SEP26=29348.75;AUG26=29412.5;OCT26=30137.875;DEC29=28924;DEC26=20179.125;NOV26=31093;MAR27=24435.5;JUN27=24130.625;DEC28=19739;DEC27=18304.5,DEC26=GLOBAL_REFERENCE_OUTLIER_PUT_CALL_PARITY;DEC28=GLOBAL_REFERENCE_OUTLIER_SERIES_FORWARD_CLUSTER;DEC27=GLOBAL_REFERENCE_OUTLIER_SERIES_FORWARD_CLUSTER,WEIGHTED_ATM,2026-09-04,6,130,0.0,NONE,4660,4136,0,0,517,NONE,MN1;MN2;MN3;MN4;MN5;QMW;QRW;QTW;QWW,OK,NONE,NONE,2026-08-26
NAS,27730.0,-390821.57607628405,0.04517671533041647,0.0,0.0,0.0,0.0,0.0,0.0,29723.678287786784,28973.821712213216,30098.60657557357,28598.89342442643,SEP26,AUG26,2026-08-28,2026-09-18,29348.75,29335.60827616128,FOUND,DEGRADED,SPOT_MONTH_FALLBACK;ESTIMATED_EXPIRY_ALIAS,2026-08-02.2,PUT_CALL_PARITY,SEP26,SEP26=PUT_CALL_PARITY;AUG26=SERIES_FORWARD_CLUSTER;OCT26=SERIES_FORWARD_CLUSTER;DEC29=SERIES_FORWARD_CLUSTER;DEC26=PUT_CALL_PARITY;NOV26=SERIES_FORWARD_CLUSTER;MAR27=SERIES_FORWARD_CLUSTER;JUN27=SERIES_FORWARD_CLUSTER;DEC28=PUT_CALL_PARITY;DEC27=PUT_CALL_PARITY,SEP26=29348.75;AUG26=29412.5;OCT26=30137.875;DEC29=28924;DEC26=20179.125;NOV26=31093;MAR27=24435.5;JUN27=24130.625;DEC28=19739;DEC27=18304.5,DEC26=GLOBAL_REFERENCE_OUTLIER_PUT_CALL_PARITY;DEC28=GLOBAL_REFERENCE_OUTLIER_SERIES_FORWARD_CLUSTER;DEC27=GLOBAL_REFERENCE_OUTLIER_SERIES_FORWARD_CLUSTER,WEIGHTED_ATM,2026-09-04,6,130,0.0,NONE,4660,4136,0,0,517,NONE,MN1;MN2;MN3;MN4;MN5;QMW;QRW;QTW;QWW,OK,NONE,NONE,2026-08-26
NAS,27750.0,-10901929.974381313,1.2756841472334017,0.0,0.0,0.0,0.0,0.0,0.0,29723.678287786784,28973.821712213216,30098.60657557357,28598.89342442643,SEP26,AUG26,2026-08-28,2026-09-18,29348.75,29335.60827616128,FOUND,DEGRADED,SPOT_MONTH_FALLBACK;ESTIMATED_EXPIRY_ALIAS,2026-08-02.2,PUT_CALL_PARITY,SEP26,SEP26=PUT_CALL_PARITY;AUG26=SERIES_FORWARD_CLUSTER;OCT26=SERIES_FORWARD_CLUSTER;DEC29=SERIES_FORWARD_CLUSTER;DEC26=PUT_CALL_PARITY;NOV26=SERIES_FORWARD_CLUSTER;MAR27=SERIES_FORWARD_CLUSTER;JUN27=SERIES_FORWARD_CLUSTER;DEC28=PUT_CALL_PARITY;DEC27=PUT_CALL_PARITY,SEP26=29348.75;AUG26=29412.5;OCT26=30137.875;DEC29=28924;DEC26=20179.125;NOV26=31093;MAR27=24435.5;JUN27=24130.625;DEC28=19739;DEC27=18304.5,DEC26=GLOBAL_REFERENCE_OUTLIER_PUT_CALL_PARITY;DEC28=GLOBAL_REFERENCE_OUTLIER_SERIES_FORWARD_CLUSTER;DEC27=GLOBAL_REFERENCE_OUTLIER_SERIES_FORWARD_CLUSTER,WEIGHTED_ATM,2026-09-04,6,130,0.0,NONE,4660,4136,0,0,517,NONE,MN1;MN2;MN3;MN4;MN5;QMW;QRW;QTW;QWW,OK,NONE,NONE,2026-08-26
NAS,27760.0,-11642.68015942632,0.001351679568758641,0.0,0.0,0.0,0.0,0.0,0.0,29723.678287786784,28973.821712213216,30098.60657557357,28598.89342442643,SEP26,AUG26,2026-08-28,2026-09-18,29348.75,29335.60827616128,FOUND,DEGRADED,SPOT_MONTH_FALLBACK;ESTIMATED_EXPIRY_ALIAS,2026-08-02.2,PUT_CALL_PARITY,SEP26,SEP26=PUT_CALL_PARITY;AUG26=SERIES_FORWARD_CLUSTER;OCT26=SERIES_FORWARD_CLUSTER;DEC29=SERIES_FORWARD_CLUSTER;DEC26=PUT_CALL_PARITY;NOV26=SERIES_FORWARD_CLUSTER;MAR27=SERIES_FORWARD_CLUSTER;JUN27=SERIES_FORWARD_CLUSTER;DEC28=PUT_CALL_PARITY;DEC27=PUT_CALL_PARITY,SEP26=29348.75;AUG26=29412.5;OCT26=30137.875;DEC29=28924;DEC26=20179.125;NOV26=31093;MAR27=24435.5;JUN27=24130.625;DEC28=19739;DEC27=18304.5,DEC26=GLOBAL_REFERENCE_OUTLIER_PUT_CALL_PARITY;DEC28=GLOBAL_REFERENCE_OUTLIER_SERIES_FORWARD_CLUSTER;DEC27=GLOBAL_REFERENCE_OUTLIER_SERIES_FORWARD_CLUSTER,WEIGHTED_ATM,2026-09-04,6,130,0.0,NONE,4660,4136,0,0,517,NONE,MN1;MN2;MN3;MN4;MN5;QMW;QRW;QTW;QWW,OK,NONE,NONE,2026-08-26
NAS,27775.0,-190469.84520450555,0.022112966662500576,0.0,0.0,0.0,0.0,0.0,0.0,29723.678287786784,28973.821712213216,30098.60657557357,28598.89342442643,SEP26,AUG26,2026-08-28,2026-09-18,29348.75,29335.60827616128,FOUND,DEGRADED,SPOT_MONTH_FALLBACK;ESTIMATED_EXPIRY_ALIAS,2026-08-02.2,PUT_CALL_PARITY,SEP26,SEP26=PUT_CALL_PARITY;AUG26=SERIES_FORWARD_CLUSTER;OCT26=SERIES_FORWARD_CLUSTER;DEC29=SERIES_FORWARD_CLUSTER;DEC26=PUT_CALL_PARITY;NOV26=SERIES_FORWARD_CLUSTER;MAR27=SERIES_FORWARD_CLUSTER;JUN27=SERIES_FORWARD_CLUSTER;DEC28=PUT_CALL_PARITY;DEC27=PUT_CALL_PARITY,SEP26=29348.75;AUG26=29412.5;OCT26=30137.875;DEC29=28924;DEC26=20179.125;NOV26=31093;MAR27=24435.5;JUN27=24130.625;DEC28=19739;DEC27=18304.5,DEC26=GLOBAL_REFERENCE_OUTLIER_PUT_CALL_PARITY;DEC28=GLOBAL_REFERENCE_OUTLIER_SERIES_FORWARD_CLUSTER;DEC27=GLOBAL_REFERENCE_OUTLIER_SERIES_FORWARD_CLUSTER,WEIGHTED_ATM,2026-09-04,6,130,0.0,NONE,4660,4136,0,0,517,NONE,MN1;MN2;MN3;MN4;MN5;QMW;QRW;QTW;QWW,OK,NONE,NONE,2026-08-26
NAS,27780.0,-174712.89310439152,0.02019580064021327,0.0,0.0,0.0,0.0,0.0,0.0,29723.678287786784,28973.821712213216,30098.60657557357,28598.89342442643,SEP26,AUG26,2026-08-28,2026-09-18,29348.75,29335.60827616128,FOUND,DEGRADED,SPOT_MONTH_FALLBACK;ESTIMATED_EXPIRY_ALIAS,2026-08-02.2,PUT_CALL_PARITY,SEP26,SEP26=PUT_CALL_PARITY;AUG26=SERIES_FORWARD_CLUSTER;OCT26=SERIES_FORWARD_CLUSTER;DEC29=SERIES_FORWARD_CLUSTER;DEC26=PUT_CALL_PARITY;NOV26=SERIES_FORWARD_CLUSTER;MAR27=SERIES_FORWARD_CLUSTER;JUN27=SERIES_FORWARD_CLUSTER;DEC28=PUT_CALL_PARITY;DEC27=PUT_CALL_PARITY,SEP26=29348.75;AUG26=29412.5;OCT26=30137.875;DEC29=28924;DEC26=20179.125;NOV26=31093;MAR27=24435.5;JUN27=24130.625;DEC28=19739;DEC27=18304.5,DEC26=GLOBAL_REFERENCE_OUTLIER_PUT_CALL_PARITY;DEC28=GLOBAL_REFERENCE_OUTLIER_SERIES_FORWARD_CLUSTER;DEC27=GLOBAL_REFERENCE_OUTLIER_SERIES_FORWARD_CLUSTER,WEIGHTED_ATM,2026-09-04,6,130,0.0,NONE,4660,4136,0,0,517,NONE,MN1;MN2;MN3;MN4;MN5;QMW;QRW;QTW;QWW,OK,NONE,NONE,2026-08-26
NAS,27790.0,-127503.39237683594,0.014738655216789737,0.0,0.0,0.0,0.0,0.0,0.0,29723.678287786784,28973.821712213216,30098.60657557357,28598.89342442643,SEP26,AUG26,2026-08-28,2026-09-18,29348.75,29335.60827616128,FOUND,DEGRADED,SPOT_MONTH_FALLBACK;ESTIMATED_EXPIRY_ALIAS,2026-08-02.2,PUT_CALL_PARITY,SEP26,SEP26=PUT_CALL_PARITY;AUG26=SERIES_FORWARD_CLUSTER;OCT26=SERIES_FORWARD_CLUSTER;DEC29=SERIES_FORWARD_CLUSTER;DEC26=PUT_CALL_PARITY;NOV26=SERIES_FORWARD_CLUSTER;MAR27=SERIES_FORWARD_CLUSTER;JUN27=SERIES_FORWARD_CLUSTER;DEC28=PUT_CALL_PARITY;DEC27=PUT_CALL_PARITY,SEP26=29348.75;AUG26=29412.5;OCT26=30137.875;DEC29=28924;DEC26=20179.125;NOV26=31093;MAR27=24435.5;JUN27=24130.625;DEC28=19739;DEC27=18304.5,DEC26=GLOBAL_REFERENCE_OUTLIER_PUT_CALL_PARITY;DEC28=GLOBAL_REFERENCE_OUTLIER_SERIES_FORWARD_CLUSTER;DEC27=GLOBAL_REFERENCE_OUTLIER_SERIES_FORWARD_CLUSTER,WEIGHTED_ATM,2026-09-04,6,130,0.0,NONE,4660,4136,0,0,517,NONE,MN1;MN2;MN3;MN4;MN5;QMW;QRW;QTW;QWW,OK,NONE,NONE,2026-08-26
NAS,27800.0,-10675209.790927464,1.2443282699937375,0.0,0.0,0.0,0.0,0.0,0.0,29723.678287786784,28973.821712213216,30098.60657557357,28598.89342442643,SEP26,AUG26,2026-08-28,2026-09-18,29348.75,29335.60827616128,FOUND,DEGRADED,SPOT_MONTH_FALLBACK;ESTIMATED_EXPIRY_ALIAS,2026-08-02.2,PUT_CALL_PARITY,SEP26,SEP26=PUT_CALL_PARITY;AUG26=SERIES_FORWARD_CLUSTER;OCT26=SERIES_FORWARD_CLUSTER;DEC29=SERIES_FORWARD_CLUSTER;DEC26=PUT_CALL_PARITY;NOV26=SERIES_FORWARD_CLUSTER;MAR27=SERIES_FORWARD_CLUSTER;JUN27=SERIES_FORWARD_CLUSTER;DEC28=PUT_CALL_PARITY;DEC27=PUT_CALL_PARITY,SEP26=29348.75;AUG26=29412.5;OCT26=30137.875;DEC29=28924;DEC26=20179.125;NOV26=31093;MAR27=24435.5;JUN27=24130.625;DEC28=19739;DEC27=18304.5,DEC26=GLOBAL_REFERENCE_OUTLIER_PUT_CALL_PARITY;DEC28=GLOBAL_REFERENCE_OUTLIER_SERIES_FORWARD_CLUSTER;DEC27=GLOBAL_REFERENCE_OUTLIER_SERIES_FORWARD_CLUSTER,WEIGHTED_ATM,2026-09-04,6,130,0.0,NONE,4660,4136,0,0,517,NONE,MN1;MN2;MN3;MN4;MN5;QMW;QRW;QTW;QWW,OK,NONE,NONE,2026-08-26
NAS,27825.0,-400282.935850092,0.04647162497831211,0.0,0.0,0.0,0.0,0.0,0.0,29723.678287786784,28973.821712213216,30098.60657557357,28598.89342442643,SEP26,AUG26,2026-08-28,2026-09-18,29348.75,29335.60827616128,FOUND,DEGRADED,SPOT_MONTH_FALLBACK;ESTIMATED_EXPIRY_ALIAS,2026-08-02.2,PUT_CALL_PARITY,SEP26,SEP26=PUT_CALL_PARITY;AUG26=SERIES_FORWARD_CLUSTER;OCT26=SERIES_FORWARD_CLUSTER;DEC29=SERIES_FORWARD_CLUSTER;DEC26=PUT_CALL_PARITY;NOV26=SERIES_FORWARD_CLUSTER;MAR27=SERIES_FORWARD_CLUSTER;JUN27=SERIES_FORWARD_CLUSTER;DEC28=PUT_CALL_PARITY;DEC27=PUT_CALL_PARITY,SEP26=29348.75;AUG26=29412.5;OCT26=30137.875;DEC29=28924;DEC26=20179.125;NOV26=31093;MAR27=24435.5;JUN27=24130.625;DEC28=19739;DEC27=18304.5,DEC26=GLOBAL_REFERENCE_OUTLIER_PUT_CALL_PARITY;DEC28=GLOBAL_REFERENCE_OUTLIER_SERIES_FORWARD_CLUSTER;DEC27=GLOBAL_REFERENCE_OUTLIER_SERIES_FORWARD_CLUSTER,WEIGHTED_ATM,2026-09-04,6,130,0.0,NONE,4660,4136,0,0,517,NONE,MN1;MN2;MN3;MN4;MN5;QMW;QRW;QTW;QWW,OK,NONE,NONE,2026-08-26
NAS,27830.0,-14007.526666899192,0.0016191891222254418,0.0,0.0,0.0,0.0,0.0,0.0,29723.678287786784,28973.821712213216,30098.60657557357,28598.89342442643,SEP26,AUG26,2026-08-28,2026-09-18,29348.75,29335.60827616128,FOUND,DEGRADED,SPOT_MONTH_FALLBACK;ESTIMATED_EXPIRY_ALIAS,2026-08-02.2,PUT_CALL_PARITY,SEP26,SEP26=PUT_CALL_PARITY;AUG26=SERIES_FORWARD_CLUSTER;OCT26=SERIES_FORWARD_CLUSTER;DEC29=SERIES_FORWARD_CLUSTER;DEC26=PUT_CALL_PARITY;NOV26=SERIES_FORWARD_CLUSTER;MAR27=SERIES_FORWARD_CLUSTER;JUN27=SERIES_FORWARD_CLUSTER;DEC28=PUT_CALL_PARITY;DEC27=PUT_CALL_PARITY,SEP26=29348.75;AUG26=29412.5;OCT26=30137.875;DEC29=28924;DEC26=20179.125;NOV26=31093;MAR27=24435.5;JUN27=24130.625;DEC28=19739;DEC27=18304.5,DEC26=GLOBAL_REFERENCE_OUTLIER_PUT_CALL_PARITY;DEC28=GLOBAL_REFERENCE_OUTLIER_SERIES_FORWARD_CLUSTER;DEC27=GLOBAL_REFERENCE_OUTLIER_SERIES_FORWARD_CLUSTER,WEIGHTED_ATM,2026-09-04,6,130,0.0,NONE,4660,4136,0,0,517,NONE,MN1;MN2;MN3;MN4;MN5;QMW;QRW;QTW;QWW,OK,NONE,NONE,2026-08-26
NAS,27850.0,-1711151.4976461108,0.19857432678211404,0.0,0.0,0.0,0.0,0.0,0.0,29723.678287786784,28973.821712213216,30098.60657557357,28598.89342442643,SEP26,AUG26,2026-08-28,2026-09-18,29348.75,29335.60827616128,FOUND,DEGRADED,SPOT_MONTH_FALLBACK;ESTIMATED_EXPIRY_ALIAS,2026-08-02.2,PUT_CALL_PARITY,SEP26,SEP26=PUT_CALL_PARITY;AUG26=SERIES_FORWARD_CLUSTER;OCT26=SERIES_FORWARD_CLUSTER;DEC29=SERIES_FORWARD_CLUSTER;DEC26=PUT_CALL_PARITY;NOV26=SERIES_FORWARD_CLUSTER;MAR27=SERIES_FORWARD_CLUSTER;JUN27=SERIES_FORWARD_CLUSTER;DEC28=PUT_CALL_PARITY;DEC27=PUT_CALL_PARITY,SEP26=29348.75;AUG26=29412.5;OCT26=30137.875;DEC29=28924;DEC26=20179.125;NOV26=31093;MAR27=24435.5;JUN27=24130.625;DEC28=19739;DEC27=18304.5,DEC26=GLOBAL_REFERENCE_OUTLIER_PUT_CALL_PARITY;DEC28=GLOBAL_REFERENCE_OUTLIER_SERIES_FORWARD_CLUSTER;DEC27=GLOBAL_REFERENCE_OUTLIER_SERIES_FORWARD_CLUSTER,WEIGHTED_ATM,2026-09-04,6,130,0.0,NONE,4660,4136,0,0,517,NONE,MN1;MN2;MN3;MN4;MN5;QMW;QRW;QTW;QWW,OK,NONE,NONE,2026-08-26
NAS,27860.0,-22527.485497948208,0.0026040471195793043,0.0,0.0,0.0,0.0,0.0,0.0,29723.678287786784,28973.821712213216,30098.60657557357,28598.89342442643,SEP26,AUG26,2026-08-28,2026-09-18,29348.75,29335.60827616128,FOUND,DEGRADED,SPOT_MONTH_FALLBACK;ESTIMATED_EXPIRY_ALIAS,2026-08-02.2,PUT_CALL_PARITY,SEP26,SEP26=PUT_CALL_PARITY;AUG26=SERIES_FORWARD_CLUSTER;OCT26=SERIES_FORWARD_CLUSTER;DEC29=SERIES_FORWARD_CLUSTER;DEC26=PUT_CALL_PARITY;NOV26=SERIES_FORWARD_CLUSTER;MAR27=SERIES_FORWARD_CLUSTER;JUN27=SERIES_FORWARD_CLUSTER;DEC28=PUT_CALL_PARITY;DEC27=PUT_CALL_PARITY,SEP26=29348.75;AUG26=29412.5;OCT26=30137.875;DEC29=28924;DEC26=20179.125;NOV26=31093;MAR27=24435.5;JUN27=24130.625;DEC28=19739;DEC27=18304.5,DEC26=GLOBAL_REFERENCE_OUTLIER_PUT_CALL_PARITY;DEC28=GLOBAL_REFERENCE_OUTLIER_SERIES_FORWARD_CLUSTER;DEC27=GLOBAL_REFERENCE_OUTLIER_SERIES_FORWARD_CLUSTER,WEIGHTED_ATM,2026-09-04,6,130,0.0,NONE,4660,4136,0,0,517,NONE,MN1;MN2;MN3;MN4;MN5;QMW;QRW;QTW;QWW,OK,NONE,NONE,2026-08-26
NAS,27870.0,-14282.445588486822,0.0016581482639316844,0.0,0.0,0.0,0.0,0.0,0.0,29723.678287786784,28973.821712213216,30098.60657557357,28598.89342442643,SEP26,AUG26,2026-08-28,2026-09-18,29348.75,29335.60827616128,FOUND,DEGRADED,SPOT_MONTH_FALLBACK;ESTIMATED_EXPIRY_ALIAS,2026-08-02.2,PUT_CALL_PARITY,SEP26,SEP26=PUT_CALL_PARITY;AUG26=SERIES_FORWARD_CLUSTER;OCT26=SERIES_FORWARD_CLUSTER;DEC29=SERIES_FORWARD_CLUSTER;DEC26=PUT_CALL_PARITY;NOV26=SERIES_FORWARD_CLUSTER;MAR27=SERIES_FORWARD_CLUSTER;JUN27=SERIES_FORWARD_CLUSTER;DEC28=PUT_CALL_PARITY;DEC27=PUT_CALL_PARITY,SEP26=29348.75;AUG26=29412.5;OCT26=30137.875;DEC29=28924;DEC26=20179.125;NOV26=31093;MAR27=24435.5;JUN27=24130.625;DEC28=19739;DEC27=18304.5,DEC26=GLOBAL_REFERENCE_OUTLIER_PUT_CALL_PARITY;DEC28=GLOBAL_REFERENCE_OUTLIER_SERIES_FORWARD_CLUSTER;DEC27=GLOBAL_REFERENCE_OUTLIER_SERIES_FORWARD_CLUSTER,WEIGHTED_ATM,2026-09-04,6,130,0.0,NONE,4660,4136,0,0,517,NONE,MN1;MN2;MN3;MN4;MN5;QMW;QRW;QTW;QWW,OK,NONE,NONE,2026-08-26
NAS,27875.0,-237381.03081472154,0.02752406755686671,0.0,0.0,0.0,0.0,0.0,0.0,29723.678287786784,28973.821712213216,30098.60657557357,28598.89342442643,SEP26,AUG26,2026-08-28,2026-09-18,29348.75,29335.60827616128,FOUND,DEGRADED,SPOT_MONTH_FALLBACK;ESTIMATED_EXPIRY_ALIAS,2026-08-02.2,PUT_CALL_PARITY,SEP26,SEP26=PUT_CALL_PARITY;AUG26=SERIES_FORWARD_CLUSTER;OCT26=SERIES_FORWARD_CLUSTER;DEC29=SERIES_FORWARD_CLUSTER;DEC26=PUT_CALL_PARITY;NOV26=SERIES_FORWARD_CLUSTER;MAR27=SERIES_FORWARD_CLUSTER;JUN27=SERIES_FORWARD_CLUSTER;DEC28=PUT_CALL_PARITY;DEC27=PUT_CALL_PARITY,SEP26=29348.75;AUG26=29412.5;OCT26=30137.875;DEC29=28924;DEC26=20179.125;NOV26=31093;MAR27=24435.5;JUN27=24130.625;DEC28=19739;DEC27=18304.5,DEC26=GLOBAL_REFERENCE_OUTLIER_PUT_CALL_PARITY;DEC28=GLOBAL_REFERENCE_OUTLIER_SERIES_FORWARD_CLUSTER;DEC27=GLOBAL_REFERENCE_OUTLIER_SERIES_FORWARD_CLUSTER,WEIGHTED_ATM,2026-09-04,6,130,0.0,NONE,4660,4136,0,0,517,NONE,MN1;MN2;MN3;MN4;MN5;QMW;QRW;QTW;QWW,OK,NONE,NONE,2026-08-26
NAS,27900.0,-10521059.807756523,1.222117345449894,0.0,0.0,0.0,0.0,0.0,0.0,29723.678287786784,28973.821712213216,30098.60657557357,28598.89342442643,SEP26,AUG26,2026-08-28,2026-09-18,29348.75,29335.60827616128,FOUND,DEGRADED,SPOT_MONTH_FALLBACK;ESTIMATED_EXPIRY_ALIAS,2026-08-02.2,PUT_CALL_PARITY,SEP26,SEP26=PUT_CALL_PARITY;AUG26=SERIES_FORWARD_CLUSTER;OCT26=SERIES_FORWARD_CLUSTER;DEC29=SERIES_FORWARD_CLUSTER;DEC26=PUT_CALL_PARITY;NOV26=SERIES_FORWARD_CLUSTER;MAR27=SERIES_FORWARD_CLUSTER;JUN27=SERIES_FORWARD_CLUSTER;DEC28=PUT_CALL_PARITY;DEC27=PUT_CALL_PARITY,SEP26=29348.75;AUG26=29412.5;OCT26=30137.875;DEC29=28924;DEC26=20179.125;NOV26=31093;MAR27=24435.5;JUN27=24130.625;DEC28=19739;DEC27=18304.5,DEC26=GLOBAL_REFERENCE_OUTLIER_PUT_CALL_PARITY;DEC28=GLOBAL_REFERENCE_OUTLIER_SERIES_FORWARD_CLUSTER;DEC27=GLOBAL_REFERENCE_OUTLIER_SERIES_FORWARD_CLUSTER,WEIGHTED_ATM,2026-09-04,6,130,0.0,NONE,4660,4136,0,0,517,NONE,MN1;MN2;MN3;MN4;MN5;QMW;QRW;QTW;QWW,OK,NONE,NONE,2026-08-26
NAS,27910.0,-50868.82828800237,0.00588014253929102,0.0,0.0,0.0,0.0,0.0,0.0,29723.678287786784,28973.821712213216,30098.60657557357,28598.89342442643,SEP26,AUG26,2026-08-28,2026-09-18,29348.75,29335.60827616128,FOUND,DEGRADED,SPOT_MONTH_FALLBACK;ESTIMATED_EXPIRY_ALIAS,2026-08-02.2,PUT_CALL_PARITY,SEP26,SEP26=PUT_CALL_PARITY;AUG26=SERIES_FORWARD_CLUSTER;OCT26=SERIES_FORWARD_CLUSTER;DEC29=SERIES_FORWARD_CLUSTER;DEC26=PUT_CALL_PARITY;NOV26=SERIES_FORWARD_CLUSTER;MAR27=SERIES_FORWARD_CLUSTER;JUN27=SERIES_FORWARD_CLUSTER;DEC28=PUT_CALL_PARITY;DEC27=PUT_CALL_PARITY,SEP26=29348.75;AUG26=29412.5;OCT26=30137.875;DEC29=28924;DEC26=20179.125;NOV26=31093;MAR27=24435.5;JUN27=24130.625;DEC28=19739;DEC27=18304.5,DEC26=GLOBAL_REFERENCE_OUTLIER_PUT_CALL_PARITY;DEC28=GLOBAL_REFERENCE_OUTLIER_SERIES_FORWARD_CLUSTER;DEC27=GLOBAL_REFERENCE_OUTLIER_SERIES_FORWARD_CLUSTER,WEIGHTED_ATM,2026-09-04,6,130,0.0,NONE,4660,4136,0,0,517,NONE,MN1;MN2;MN3;MN4;MN5;QMW;QRW;QTW;QWW,OK,NONE,NONE,2026-08-26
NAS,27925.0,-251057.24831102113,0.029080991568203686,0.0,0.0,0.0,0.0,0.0,0.0,29723.678287786784,28973.821712213216,30098.60657557357,28598.89342442643,SEP26,AUG26,2026-08-28,2026-09-18,29348.75,29335.60827616128,FOUND,DEGRADED,SPOT_MONTH_FALLBACK;ESTIMATED_EXPIRY_ALIAS,2026-08-02.2,PUT_CALL_PARITY,SEP26,SEP26=PUT_CALL_PARITY;AUG26=SERIES_FORWARD_CLUSTER;OCT26=SERIES_FORWARD_CLUSTER;DEC29=SERIES_FORWARD_CLUSTER;DEC26=PUT_CALL_PARITY;NOV26=SERIES_FORWARD_CLUSTER;MAR27=SERIES_FORWARD_CLUSTER;JUN27=SERIES_FORWARD_CLUSTER;DEC28=PUT_CALL_PARITY;DEC27=PUT_CALL_PARITY,SEP26=29348.75;AUG26=29412.5;OCT26=30137.875;DEC29=28924;DEC26=20179.125;NOV26=31093;MAR27=24435.5;JUN27=24130.625;DEC28=19739;DEC27=18304.5,DEC26=GLOBAL_REFERENCE_OUTLIER_PUT_CALL_PARITY;DEC28=GLOBAL_REFERENCE_OUTLIER_SERIES_FORWARD_CLUSTER;DEC27=GLOBAL_REFERENCE_OUTLIER_SERIES_FORWARD_CLUSTER,WEIGHTED_ATM,2026-09-04,6,130,0.0,NONE,4660,4136,0,0,517,NONE,MN1;MN2;MN3;MN4;MN5;QMW;QRW;QTW;QWW,OK,NONE,NONE,2026-08-26
NAS,27930.0,-88651.19393989826,0.010247565634765771,0.0,0.0,0.0,0.0,0.0,0.0,29723.678287786784,28973.821712213216,30098.60657557357,28598.89342442643,SEP26,AUG26,2026-08-28,2026-09-18,29348.75,29335.60827616128,FOUND,DEGRADED,SPOT_MONTH_FALLBACK;ESTIMATED_EXPIRY_ALIAS,2026-08-02.2,PUT_CALL_PARITY,SEP26,SEP26=PUT_CALL_PARITY;AUG26=SERIES_FORWARD_CLUSTER;OCT26=SERIES_FORWARD_CLUSTER;DEC29=SERIES_FORWARD_CLUSTER;DEC26=PUT_CALL_PARITY;NOV26=SERIES_FORWARD_CLUSTER;MAR27=SERIES_FORWARD_CLUSTER;JUN27=SERIES_FORWARD_CLUSTER;DEC28=PUT_CALL_PARITY;DEC27=PUT_CALL_PARITY,SEP26=29348.75;AUG26=29412.5;OCT26=30137.875;DEC29=28924;DEC26=20179.125;NOV26=31093;MAR27=24435.5;JUN27=24130.625;DEC28=19739;DEC27=18304.5,DEC26=GLOBAL_REFERENCE_OUTLIER_PUT_CALL_PARITY;DEC28=GLOBAL_REFERENCE_OUTLIER_SERIES_FORWARD_CLUSTER;DEC27=GLOBAL_REFERENCE_OUTLIER_SERIES_FORWARD_CLUSTER,WEIGHTED_ATM,2026-09-04,6,130,0.0,NONE,4660,4136,0,0,517,NONE,MN1;MN2;MN3;MN4;MN5;QMW;QRW;QTW;QWW,OK,NONE,NONE,2026-08-26
NAS,27940.0,-45476.58892205746,0.005256830834562595,0.0,0.0,0.0,0.0,0.0,0.0,29723.678287786784,28973.821712213216,30098.60657557357,28598.89342442643,SEP26,AUG26,2026-08-28,2026-09-18,29348.75,29335.60827616128,FOUND,DEGRADED,SPOT_MONTH_FALLBACK;ESTIMATED_EXPIRY_ALIAS,2026-08-02.2,PUT_CALL_PARITY,SEP26,SEP26=PUT_CALL_PARITY;AUG26=SERIES_FORWARD_CLUSTER;OCT26=SERIES_FORWARD_CLUSTER;DEC29=SERIES_FORWARD_CLUSTER;DEC26=PUT_CALL_PARITY;NOV26=SERIES_FORWARD_CLUSTER;MAR27=SERIES_FORWARD_CLUSTER;JUN27=SERIES_FORWARD_CLUSTER;DEC28=PUT_CALL_PARITY;DEC27=PUT_CALL_PARITY,SEP26=29348.75;AUG26=29412.5;OCT26=30137.875;DEC29=28924;DEC26=20179.125;NOV26=31093;MAR27=24435.5;JUN27=24130.625;DEC28=19739;DEC27=18304.5,DEC26=GLOBAL_REFERENCE_OUTLIER_PUT_CALL_PARITY;DEC28=GLOBAL_REFERENCE_OUTLIER_SERIES_FORWARD_CLUSTER;DEC27=GLOBAL_REFERENCE_OUTLIER_SERIES_FORWARD_CLUSTER,WEIGHTED_ATM,2026-09-04,6,130,0.0,NONE,4660,4136,0,0,517,NONE,MN1;MN2;MN3;MN4;MN5;QMW;QRW;QTW;QWW,OK,NONE,NONE,2026-08-26
NAS,27950.0,-1908888.9602550261,0.22199464132297306,0.0,0.0,0.0,0.0,0.0,0.0,29723.678287786784,28973.821712213216,30098.60657557357,28598.89342442643,SEP26,AUG26,2026-08-28,2026-09-18,29348.75,29335.60827616128,FOUND,DEGRADED,SPOT_MONTH_FALLBACK;ESTIMATED_EXPIRY_ALIAS,2026-08-02.2,PUT_CALL_PARITY,SEP26,SEP26=PUT_CALL_PARITY;AUG26=SERIES_FORWARD_CLUSTER;OCT26=SERIES_FORWARD_CLUSTER;DEC29=SERIES_FORWARD_CLUSTER;DEC26=PUT_CALL_PARITY;NOV26=SERIES_FORWARD_CLUSTER;MAR27=SERIES_FORWARD_CLUSTER;JUN27=SERIES_FORWARD_CLUSTER;DEC28=PUT_CALL_PARITY;DEC27=PUT_CALL_PARITY,SEP26=29348.75;AUG26=29412.5;OCT26=30137.875;DEC29=28924;DEC26=20179.125;NOV26=31093;MAR27=24435.5;JUN27=24130.625;DEC28=19739;DEC27=18304.5,DEC26=GLOBAL_REFERENCE_OUTLIER_PUT_CALL_PARITY;DEC28=GLOBAL_REFERENCE_OUTLIER_SERIES_FORWARD_CLUSTER;DEC27=GLOBAL_REFERENCE_OUTLIER_SERIES_FORWARD_CLUSTER,WEIGHTED_ATM,2026-09-04,6,130,0.0,NONE,4660,4136,0,0,517,NONE,MN1;MN2;MN3;MN4;MN5;QMW;QRW;QTW;QWW,OK,NONE,NONE,2026-08-26
NAS,27960.0,-28683.905562070075,0.003315693696218181,0.0,0.0,0.0,0.0,0.0,0.0,29723.678287786784,28973.821712213216,30098.60657557357,28598.89342442643,SEP26,AUG26,2026-08-28,2026-09-18,29348.75,29335.60827616128,FOUND,DEGRADED,SPOT_MONTH_FALLBACK;ESTIMATED_EXPIRY_ALIAS,2026-08-02.2,PUT_CALL_PARITY,SEP26,SEP26=PUT_CALL_PARITY;AUG26=SERIES_FORWARD_CLUSTER;OCT26=SERIES_FORWARD_CLUSTER;DEC29=SERIES_FORWARD_CLUSTER;DEC26=PUT_CALL_PARITY;NOV26=SERIES_FORWARD_CLUSTER;MAR27=SERIES_FORWARD_CLUSTER;JUN27=SERIES_FORWARD_CLUSTER;DEC28=PUT_CALL_PARITY;DEC27=PUT_CALL_PARITY,SEP26=29348.75;AUG26=29412.5;OCT26=30137.875;DEC29=28924;DEC26=20179.125;NOV26=31093;MAR27=24435.5;JUN27=24130.625;DEC28=19739;DEC27=18304.5,DEC26=GLOBAL_REFERENCE_OUTLIER_PUT_CALL_PARITY;DEC28=GLOBAL_REFERENCE_OUTLIER_SERIES_FORWARD_CLUSTER;DEC27=GLOBAL_REFERENCE_OUTLIER_SERIES_FORWARD_CLUSTER,WEIGHTED_ATM,2026-09-04,6,130,0.0,NONE,4660,4136,0,0,517,NONE,MN1;MN2;MN3;MN4;MN5;QMW;QRW;QTW;QWW,OK,NONE,NONE,2026-08-26
NAS,27970.0,-39189.229031389405,0.004530048370778796,0.0,0.0,0.0,0.0,0.0,0.0,29723.678287786784,28973.821712213216,30098.60657557357,28598.89342442643,SEP26,AUG26,2026-08-28,2026-09-18,29348.75,29335.60827616128,FOUND,DEGRADED,SPOT_MONTH_FALLBACK;ESTIMATED_EXPIRY_ALIAS,2026-08-02.2,PUT_CALL_PARITY,SEP26,SEP26=PUT_CALL_PARITY;AUG26=SERIES_FORWARD_CLUSTER;OCT26=SERIES_FORWARD_CLUSTER;DEC29=SERIES_FORWARD_CLUSTER;DEC26=PUT_CALL_PARITY;NOV26=SERIES_FORWARD_CLUSTER;MAR27=SERIES_FORWARD_CLUSTER;JUN27=SERIES_FORWARD_CLUSTER;DEC28=PUT_CALL_PARITY;DEC27=PUT_CALL_PARITY,SEP26=29348.75;AUG26=29412.5;OCT26=30137.875;DEC29=28924;DEC26=20179.125;NOV26=31093;MAR27=24435.5;JUN27=24130.625;DEC28=19739;DEC27=18304.5,DEC26=GLOBAL_REFERENCE_OUTLIER_PUT_CALL_PARITY;DEC28=GLOBAL_REFERENCE_OUTLIER_SERIES_FORWARD_CLUSTER;DEC27=GLOBAL_REFERENCE_OUTLIER_SERIES_FORWARD_CLUSTER,WEIGHTED_ATM,2026-09-04,6,130,0.0,NONE,4660,4136,0,0,517,NONE,MN1;MN2;MN3;MN4;MN5;QMW;QRW;QTW;QWW,OK,NONE,NONE,2026-08-26
NAS,27975.0,-244672.41826209787,0.02836583927178115,0.0,0.0,0.0,0.0,0.0,0.0,29723.678287786784,28973.821712213216,30098.60657557357,28598.89342442643,SEP26,AUG26,2026-08-28,2026-09-18,29348.75,29335.60827616128,FOUND,DEGRADED,SPOT_MONTH_FALLBACK;ESTIMATED_EXPIRY_ALIAS,2026-08-02.2,PUT_CALL_PARITY,SEP26,SEP26=PUT_CALL_PARITY;AUG26=SERIES_FORWARD_CLUSTER;OCT26=SERIES_FORWARD_CLUSTER;DEC29=SERIES_FORWARD_CLUSTER;DEC26=PUT_CALL_PARITY;NOV26=SERIES_FORWARD_CLUSTER;MAR27=SERIES_FORWARD_CLUSTER;JUN27=SERIES_FORWARD_CLUSTER;DEC28=PUT_CALL_PARITY;DEC27=PUT_CALL_PARITY,SEP26=29348.75;AUG26=29412.5;OCT26=30137.875;DEC29=28924;DEC26=20179.125;NOV26=31093;MAR27=24435.5;JUN27=24130.625;DEC28=19739;DEC27=18304.5,DEC26=GLOBAL_REFERENCE_OUTLIER_PUT_CALL_PARITY;DEC28=GLOBAL_REFERENCE_OUTLIER_SERIES_FORWARD_CLUSTER;DEC27=GLOBAL_REFERENCE_OUTLIER_SERIES_FORWARD_CLUSTER,WEIGHTED_ATM,2026-09-04,6,130,0.0,NONE,4660,4136,0,0,517,NONE,MN1;MN2;MN3;MN4;MN5;QMW;QRW;QTW;QWW,OK,NONE,NONE,2026-08-26
NAS,27980.0,-30106.398559668487,0.0034801256650393467,0.0,0.0,0.0,0.0,0.0,0.0,29723.678287786784,28973.821712213216,30098.60657557357,28598.89342442643,SEP26,AUG26,2026-08-28,2026-09-18,29348.75,29335.60827616128,FOUND,DEGRADED,SPOT_MONTH_FALLBACK;ESTIMATED_EXPIRY_ALIAS,2026-08-02.2,PUT_CALL_PARITY,SEP26,SEP26=PUT_CALL_PARITY;AUG26=SERIES_FORWARD_CLUSTER;OCT26=SERIES_FORWARD_CLUSTER;DEC29=SERIES_FORWARD_CLUSTER;DEC26=PUT_CALL_PARITY;NOV26=SERIES_FORWARD_CLUSTER;MAR27=SERIES_FORWARD_CLUSTER;JUN27=SERIES_FORWARD_CLUSTER;DEC28=PUT_CALL_PARITY;DEC27=PUT_CALL_PARITY,SEP26=29348.75;AUG26=29412.5;OCT26=30137.875;DEC29=28924;DEC26=20179.125;NOV26=31093;MAR27=24435.5;JUN27=24130.625;DEC28=19739;DEC27=18304.5,DEC26=GLOBAL_REFERENCE_OUTLIER_PUT_CALL_PARITY;DEC28=GLOBAL_REFERENCE_OUTLIER_SERIES_FORWARD_CLUSTER;DEC27=GLOBAL_REFERENCE_OUTLIER_SERIES_FORWARD_CLUSTER,WEIGHTED_ATM,2026-09-04,6,130,0.0,NONE,4660,4136,0,0,517,NONE,MN1;MN2;MN3;MN4;MN5;QMW;QRW;QTW;QWW,OK,NONE,NONE,2026-08-26
NAS,27990.0,-166019.5101770004,0.019217532439142836,0.0,0.0,0.0,0.0,0.0,0.0,29723.678287786784,28973.821712213216,30098.60657557357,28598.89342442643,SEP26,AUG26,2026-08-28,2026-09-18,29348.75,29335.60827616128,FOUND,DEGRADED,SPOT_MONTH_FALLBACK;ESTIMATED_EXPIRY_ALIAS,2026-08-02.2,PUT_CALL_PARITY,SEP26,SEP26=PUT_CALL_PARITY;AUG26=SERIES_FORWARD_CLUSTER;OCT26=SERIES_FORWARD_CLUSTER;DEC29=SERIES_FORWARD_CLUSTER;DEC26=PUT_CALL_PARITY;NOV26=SERIES_FORWARD_CLUSTER;MAR27=SERIES_FORWARD_CLUSTER;JUN27=SERIES_FORWARD_CLUSTER;DEC28=PUT_CALL_PARITY;DEC27=PUT_CALL_PARITY,SEP26=29348.75;AUG26=29412.5;OCT26=30137.875;DEC29=28924;DEC26=20179.125;NOV26=31093;MAR27=24435.5;JUN27=24130.625;DEC28=19739;DEC27=18304.5,DEC26=GLOBAL_REFERENCE_OUTLIER_PUT_CALL_PARITY;DEC28=GLOBAL_REFERENCE_OUTLIER_SERIES_FORWARD_CLUSTER;DEC27=GLOBAL_REFERENCE_OUTLIER_SERIES_FORWARD_CLUSTER,WEIGHTED_ATM,2026-09-04,6,130,0.0,NONE,4660,4136,0,0,517,NONE,MN1;MN2;MN3;MN4;MN5;QMW;QRW;QTW;QWW,OK,NONE,NONE,2026-08-26
NAS,28000.0,-128843950.86817716,15.247910150779145,0.0,0.0,0.0,0.0,0.0,0.0,29723.678287786784,28973.821712213216,30098.60657557357,28598.89342442643,SEP26,AUG26,2026-08-28,2026-09-18,29348.75,29335.60827616128,FOUND,DEGRADED,SPOT_MONTH_FALLBACK;ESTIMATED_EXPIRY_ALIAS,2026-08-02.2,PUT_CALL_PARITY,SEP26,SEP26=PUT_CALL_PARITY;AUG26=SERIES_FORWARD_CLUSTER;OCT26=SERIES_FORWARD_CLUSTER;DEC29=SERIES_FORWARD_CLUSTER;DEC26=PUT_CALL_PARITY;NOV26=SERIES_FORWARD_CLUSTER;MAR27=SERIES_FORWARD_CLUSTER;JUN27=SERIES_FORWARD_CLUSTER;DEC28=PUT_CALL_PARITY;DEC27=PUT_CALL_PARITY,SEP26=29348.75;AUG26=29412.5;OCT26=30137.875;DEC29=28924;DEC26=20179.125;NOV26=31093;MAR27=24435.5;JUN27=24130.625;DEC28=19739;DEC27=18304.5,DEC26=GLOBAL_REFERENCE_OUTLIER_PUT_CALL_PARITY;DEC28=GLOBAL_REFERENCE_OUTLIER_SERIES_FORWARD_CLUSTER;DEC27=GLOBAL_REFERENCE_OUTLIER_SERIES_FORWARD_CLUSTER,WEIGHTED_ATM,2026-09-04,6,130,0.0,NONE,4660,4136,0,0,517,NONE,MN1;MN2;MN3;MN4;MN5;QMW;QRW;QTW;QWW,OK,NONE,NONE,2026-08-26
NAS,28010.0,-315746.3602090985,0.036597663035835976,0.0,0.0,0.0,0.0,0.0,0.0,29723.678287786784,28973.821712213216,30098.60657557357,28598.89342442643,SEP26,AUG26,2026-08-28,2026-09-18,29348.75,29335.60827616128,FOUND,DEGRADED,SPOT_MONTH_FALLBACK;ESTIMATED_EXPIRY_ALIAS,2026-08-02.2,PUT_CALL_PARITY,SEP26,SEP26=PUT_CALL_PARITY;AUG26=SERIES_FORWARD_CLUSTER;OCT26=SERIES_FORWARD_CLUSTER;DEC29=SERIES_FORWARD_CLUSTER;DEC26=PUT_CALL_PARITY;NOV26=SERIES_FORWARD_CLUSTER;MAR27=SERIES_FORWARD_CLUSTER;JUN27=SERIES_FORWARD_CLUSTER;DEC28=PUT_CALL_PARITY;DEC27=PUT_CALL_PARITY,SEP26=29348.75;AUG26=29412.5;OCT26=30137.875;DEC29=28924;DEC26=20179.125;NOV26=31093;MAR27=24435.5;JUN27=24130.625;DEC28=19739;DEC27=18304.5,DEC26=GLOBAL_REFERENCE_OUTLIER_PUT_CALL_PARITY;DEC28=GLOBAL_REFERENCE_OUTLIER_SERIES_FORWARD_CLUSTER;DEC27=GLOBAL_REFERENCE_OUTLIER_SERIES_FORWARD_CLUSTER,WEIGHTED_ATM,2026-09-04,6,130,0.0,NONE,4660,4136,0,0,517,NONE,MN1;MN2;MN3;MN4;MN5;QMW;QRW;QTW;QWW,OK,NONE,NONE,2026-08-26
NAS,28020.0,-47121.46852032516,0.005459523271771322,0.0,0.0,0.0,0.0,0.0,0.0,29723.678287786784,28973.821712213216,30098.60657557357,28598.89342442643,SEP26,AUG26,2026-08-28,2026-09-18,29348.75,29335.60827616128,FOUND,DEGRADED,SPOT_MONTH_FALLBACK;ESTIMATED_EXPIRY_ALIAS,2026-08-02.2,PUT_CALL_PARITY,SEP26,SEP26=PUT_CALL_PARITY;AUG26=SERIES_FORWARD_CLUSTER;OCT26=SERIES_FORWARD_CLUSTER;DEC29=SERIES_FORWARD_CLUSTER;DEC26=PUT_CALL_PARITY;NOV26=SERIES_FORWARD_CLUSTER;MAR27=SERIES_FORWARD_CLUSTER;JUN27=SERIES_FORWARD_CLUSTER;DEC28=PUT_CALL_PARITY;DEC27=PUT_CALL_PARITY,SEP26=29348.75;AUG26=29412.5;OCT26=30137.875;DEC29=28924;DEC26=20179.125;NOV26=31093;MAR27=24435.5;JUN27=24130.625;DEC28=19739;DEC27=18304.5,DEC26=GLOBAL_REFERENCE_OUTLIER_PUT_CALL_PARITY;DEC28=GLOBAL_REFERENCE_OUTLIER_SERIES_FORWARD_CLUSTER;DEC27=GLOBAL_REFERENCE_OUTLIER_SERIES_FORWARD_CLUSTER,WEIGHTED_ATM,2026-09-04,6,130,0.0,NONE,4660,4136,0,0,517,NONE,MN1;MN2;MN3;MN4;MN5;QMW;QRW;QTW;QWW,OK,NONE,NONE,2026-08-26
NAS,28025.0,-800960.2320339428,0.0928651676392165,0.0,0.0,0.0,0.0,0.0,0.0,29723.678287786784,28973.821712213216,30098.60657557357,28598.89342442643,SEP26,AUG26,2026-08-28,2026-09-18,29348.75,29335.60827616128,FOUND,DEGRADED,SPOT_MONTH_FALLBACK;ESTIMATED_EXPIRY_ALIAS,2026-08-02.2,PUT_CALL_PARITY,SEP26,SEP26=PUT_CALL_PARITY;AUG26=SERIES_FORWARD_CLUSTER;OCT26=SERIES_FORWARD_CLUSTER;DEC29=SERIES_FORWARD_CLUSTER;DEC26=PUT_CALL_PARITY;NOV26=SERIES_FORWARD_CLUSTER;MAR27=SERIES_FORWARD_CLUSTER;JUN27=SERIES_FORWARD_CLUSTER;DEC28=PUT_CALL_PARITY;DEC27=PUT_CALL_PARITY,SEP26=29348.75;AUG26=29412.5;OCT26=30137.875;DEC29=28924;DEC26=20179.125;NOV26=31093;MAR27=24435.5;JUN27=24130.625;DEC28=19739;DEC27=18304.5,DEC26=GLOBAL_REFERENCE_OUTLIER_PUT_CALL_PARITY;DEC28=GLOBAL_REFERENCE_OUTLIER_SERIES_FORWARD_CLUSTER;DEC27=GLOBAL_REFERENCE_OUTLIER_SERIES_FORWARD_CLUSTER,WEIGHTED_ATM,2026-09-04,6,130,0.0,NONE,4660,4136,0,0,517,NONE,MN1;MN2;MN3;MN4;MN5;QMW;QRW;QTW;QWW,OK,NONE,NONE,2026-08-26
NAS,28030.0,-125891.18773909146,0.014558648482873722,0.0,0.0,0.0,0.0,0.0,0.0,29723.678287786784,28973.821712213216,30098.60657557357,28598.89342442643,SEP26,AUG26,2026-08-28,2026-09-18,29348.75,29335.60827616128,FOUND,DEGRADED,SPOT_MONTH_FALLBACK;ESTIMATED_EXPIRY_ALIAS,2026-08-02.2,PUT_CALL_PARITY,SEP26,SEP26=PUT_CALL_PARITY;AUG26=SERIES_FORWARD_CLUSTER;OCT26=SERIES_FORWARD_CLUSTER;DEC29=SERIES_FORWARD_CLUSTER;DEC26=PUT_CALL_PARITY;NOV26=SERIES_FORWARD_CLUSTER;MAR27=SERIES_FORWARD_CLUSTER;JUN27=SERIES_FORWARD_CLUSTER;DEC28=PUT_CALL_PARITY;DEC27=PUT_CALL_PARITY,SEP26=29348.75;AUG26=29412.5;OCT26=30137.875;DEC29=28924;DEC26=20179.125;NOV26=31093;MAR27=24435.5;JUN27=24130.625;DEC28=19739;DEC27=18304.5,DEC26=GLOBAL_REFERENCE_OUTLIER_PUT_CALL_PARITY;DEC28=GLOBAL_REFERENCE_OUTLIER_SERIES_FORWARD_CLUSTER;DEC27=GLOBAL_REFERENCE_OUTLIER_SERIES_FORWARD_CLUSTER,WEIGHTED_ATM,2026-09-04,6,130,0.0,NONE,4660,4136,0,0,517,NONE,MN1;MN2;MN3;MN4;MN5;QMW;QRW;QTW;QWW,OK,NONE,NONE,2026-08-26
NAS,28040.0,-151319.6281563234,0.01749167442021768,0.0,0.0,0.0,0.0,0.0,0.0,29723.678287786784,28973.821712213216,30098.60657557357,28598.89342442643,SEP26,AUG26,2026-08-28,2026-09-18,29348.75,29335.60827616128,FOUND,DEGRADED,SPOT_MONTH_FALLBACK;ESTIMATED_EXPIRY_ALIAS,2026-08-02.2,PUT_CALL_PARITY,SEP26,SEP26=PUT_CALL_PARITY;AUG26=SERIES_FORWARD_CLUSTER;OCT26=SERIES_FORWARD_CLUSTER;DEC29=SERIES_FORWARD_CLUSTER;DEC26=PUT_CALL_PARITY;NOV26=SERIES_FORWARD_CLUSTER;MAR27=SERIES_FORWARD_CLUSTER;JUN27=SERIES_FORWARD_CLUSTER;DEC28=PUT_CALL_PARITY;DEC27=PUT_CALL_PARITY,SEP26=29348.75;AUG26=29412.5;OCT26=30137.875;DEC29=28924;DEC26=20179.125;NOV26=31093;MAR27=24435.5;JUN27=24130.625;DEC28=19739;DEC27=18304.5,DEC26=GLOBAL_REFERENCE_OUTLIER_PUT_CALL_PARITY;DEC28=GLOBAL_REFERENCE_OUTLIER_SERIES_FORWARD_CLUSTER;DEC27=GLOBAL_REFERENCE_OUTLIER_SERIES_FORWARD_CLUSTER,WEIGHTED_ATM,2026-09-04,6,130,0.0,NONE,4660,4136,0,0,517,NONE,MN1;MN2;MN3;MN4;MN5;QMW;QRW;QTW;QWW,OK,NONE,NONE,2026-08-26
NAS,28050.0,-3014753.0820955574,0.34986009079547725,0.0,0.0,0.0,0.0,0.0,0.0,29723.678287786784,28973.821712213216,30098.60657557357,28598.89342442643,SEP26,AUG26,2026-08-28,2026-09-18,29348.75,29335.60827616128,FOUND,DEGRADED,SPOT_MONTH_FALLBACK;ESTIMATED_EXPIRY_ALIAS,2026-08-02.2,PUT_CALL_PARITY,SEP26,SEP26=PUT_CALL_PARITY;AUG26=SERIES_FORWARD_CLUSTER;OCT26=SERIES_FORWARD_CLUSTER;DEC29=SERIES_FORWARD_CLUSTER;DEC26=PUT_CALL_PARITY;NOV26=SERIES_FORWARD_CLUSTER;MAR27=SERIES_FORWARD_CLUSTER;JUN27=SERIES_FORWARD_CLUSTER;DEC28=PUT_CALL_PARITY;DEC27=PUT_CALL_PARITY,SEP26=29348.75;AUG26=29412.5;OCT26=30137.875;DEC29=28924;DEC26=20179.125;NOV26=31093;MAR27=24435.5;JUN27=24130.625;DEC28=19739;DEC27=18304.5,DEC26=GLOBAL_REFERENCE_OUTLIER_PUT_CALL_PARITY;DEC28=GLOBAL_REFERENCE_OUTLIER_SERIES_FORWARD_CLUSTER;DEC27=GLOBAL_REFERENCE_OUTLIER_SERIES_FORWARD_CLUSTER,WEIGHTED_ATM,2026-09-04,6,130,0.0,NONE,4660,4136,0,0,517,NONE,MN1;MN2;MN3;MN4;MN5;QMW;QRW;QTW;QWW,OK,NONE,NONE,2026-08-26
NAS,28060.0,-93811.72553326438,0.010854409484780203,0.0,0.0,0.0,0.0,0.0,0.0,29723.678287786784,28973.821712213216,30098.60657557357,28598.89342442643,SEP26,AUG26,2026-08-28,2026-09-18,29348.75,29335.60827616128,FOUND,DEGRADED,SPOT_MONTH_FALLBACK;ESTIMATED_EXPIRY_ALIAS,2026-08-02.2,PUT_CALL_PARITY,SEP26,SEP26=PUT_CALL_PARITY;AUG26=SERIES_FORWARD_CLUSTER;OCT26=SERIES_FORWARD_CLUSTER;DEC29=SERIES_FORWARD_CLUSTER;DEC26=PUT_CALL_PARITY;NOV26=SERIES_FORWARD_CLUSTER;MAR27=SERIES_FORWARD_CLUSTER;JUN27=SERIES_FORWARD_CLUSTER;DEC28=PUT_CALL_PARITY;DEC27=PUT_CALL_PARITY,SEP26=29348.75;AUG26=29412.5;OCT26=30137.875;DEC29=28924;DEC26=20179.125;NOV26=31093;MAR27=24435.5;JUN27=24130.625;DEC28=19739;DEC27=18304.5,DEC26=GLOBAL_REFERENCE_OUTLIER_PUT_CALL_PARITY;DEC28=GLOBAL_REFERENCE_OUTLIER_SERIES_FORWARD_CLUSTER;DEC27=GLOBAL_REFERENCE_OUTLIER_SERIES_FORWARD_CLUSTER,WEIGHTED_ATM,2026-09-04,6,130,0.0,NONE,4660,4136,0,0,517,NONE,MN1;MN2;MN3;MN4;MN5;QMW;QRW;QTW;QWW,OK,NONE,NONE,2026-08-26
NAS,28070.0,-141377.82998558728,0.016363355127201402,0.0,0.0,0.0,0.0,0.0,0.0,29723.678287786784,28973.821712213216,30098.60657557357,28598.89342442643,SEP26,AUG26,2026-08-28,2026-09-18,29348.75,29335.60827616128,FOUND,DEGRADED,SPOT_MONTH_FALLBACK;ESTIMATED_EXPIRY_ALIAS,2026-08-02.2,PUT_CALL_PARITY,SEP26,SEP26=PUT_CALL_PARITY;AUG26=SERIES_FORWARD_CLUSTER;OCT26=SERIES_FORWARD_CLUSTER;DEC29=SERIES_FORWARD_CLUSTER;DEC26=PUT_CALL_PARITY;NOV26=SERIES_FORWARD_CLUSTER;MAR27=SERIES_FORWARD_CLUSTER;JUN27=SERIES_FORWARD_CLUSTER;DEC28=PUT_CALL_PARITY;DEC27=PUT_CALL_PARITY,SEP26=29348.75;AUG26=29412.5;OCT26=30137.875;DEC29=28924;DEC26=20179.125;NOV26=31093;MAR27=24435.5;JUN27=24130.625;DEC28=19739;DEC27=18304.5,DEC26=GLOBAL_REFERENCE_OUTLIER_PUT_CALL_PARITY;DEC28=GLOBAL_REFERENCE_OUTLIER_SERIES_FORWARD_CLUSTER;DEC27=GLOBAL_REFERENCE_OUTLIER_SERIES_FORWARD_CLUSTER,WEIGHTED_ATM,2026-09-04,6,130,0.0,NONE,4660,4136,0,0,517,NONE,MN1;MN2;MN3;MN4;MN5;QMW;QRW;QTW;QWW,OK,NONE,NONE,2026-08-26
NAS,28075.0,-886132.1231675788,0.10284568872262706,0.0,0.0,0.0,0.0,0.0,0.0,29723.678287786784,28973.821712213216,30098.60657557357,28598.89342442643,SEP26,AUG26,2026-08-28,2026-09-18,29348.75,29335.60827616128,FOUND,DEGRADED,SPOT_MONTH_FALLBACK;ESTIMATED_EXPIRY_ALIAS,2026-08-02.2,PUT_CALL_PARITY,SEP26,SEP26=PUT_CALL_PARITY;AUG26=SERIES_FORWARD_CLUSTER;OCT26=SERIES_FORWARD_CLUSTER;DEC29=SERIES_FORWARD_CLUSTER;DEC26=PUT_CALL_PARITY;NOV26=SERIES_FORWARD_CLUSTER;MAR27=SERIES_FORWARD_CLUSTER;JUN27=SERIES_FORWARD_CLUSTER;DEC28=PUT_CALL_PARITY;DEC27=PUT_CALL_PARITY,SEP26=29348.75;AUG26=29412.5;OCT26=30137.875;DEC29=28924;DEC26=20179.125;NOV26=31093;MAR27=24435.5;JUN27=24130.625;DEC28=19739;DEC27=18304.5,DEC26=GLOBAL_REFERENCE_OUTLIER_PUT_CALL_PARITY;DEC28=GLOBAL_REFERENCE_OUTLIER_SERIES_FORWARD_CLUSTER;DEC27=GLOBAL_REFERENCE_OUTLIER_SERIES_FORWARD_CLUSTER,WEIGHTED_ATM,2026-09-04,6,130,0.0,NONE,4660,4136,0,0,517,NONE,MN1;MN2;MN3;MN4;MN5;QMW;QRW;QTW;QWW,OK,NONE,NONE,2026-08-26
NAS,28080.0,-129202.27453792919,0.014935036175441445,0.0,0.0,0.0,0.0,0.0,0.0,29723.678287786784,28973.821712213216,30098.60657557357,28598.89342442643,SEP26,AUG26,2026-08-28,2026-09-18,29348.75,29335.60827616128,FOUND,DEGRADED,SPOT_MONTH_FALLBACK;ESTIMATED_EXPIRY_ALIAS,2026-08-02.2,PUT_CALL_PARITY,SEP26,SEP26=PUT_CALL_PARITY;AUG26=SERIES_FORWARD_CLUSTER;OCT26=SERIES_FORWARD_CLUSTER;DEC29=SERIES_FORWARD_CLUSTER;DEC26=PUT_CALL_PARITY;NOV26=SERIES_FORWARD_CLUSTER;MAR27=SERIES_FORWARD_CLUSTER;JUN27=SERIES_FORWARD_CLUSTER;DEC28=PUT_CALL_PARITY;DEC27=PUT_CALL_PARITY,SEP26=29348.75;AUG26=29412.5;OCT26=30137.875;DEC29=28924;DEC26=20179.125;NOV26=31093;MAR27=24435.5;JUN27=24130.625;DEC28=19739;DEC27=18304.5,DEC26=GLOBAL_REFERENCE_OUTLIER_PUT_CALL_PARITY;DEC28=GLOBAL_REFERENCE_OUTLIER_SERIES_FORWARD_CLUSTER;DEC27=GLOBAL_REFERENCE_OUTLIER_SERIES_FORWARD_CLUSTER,WEIGHTED_ATM,2026-09-04,6,130,0.0,NONE,4660,4136,0,0,517,NONE,MN1;MN2;MN3;MN4;MN5;QMW;QRW;QTW;QWW,OK,NONE,NONE,2026-08-26
NAS,28090.0,-20316.51656980404,0.002352115090809601,0.0,0.0,0.0,0.0,0.0,0.0,29723.678287786784,28973.821712213216,30098.60657557357,28598.89342442643,SEP26,AUG26,2026-08-28,2026-09-18,29348.75,29335.60827616128,FOUND,DEGRADED,SPOT_MONTH_FALLBACK;ESTIMATED_EXPIRY_ALIAS,2026-08-02.2,PUT_CALL_PARITY,SEP26,SEP26=PUT_CALL_PARITY;AUG26=SERIES_FORWARD_CLUSTER;OCT26=SERIES_FORWARD_CLUSTER;DEC29=SERIES_FORWARD_CLUSTER;DEC26=PUT_CALL_PARITY;NOV26=SERIES_FORWARD_CLUSTER;MAR27=SERIES_FORWARD_CLUSTER;JUN27=SERIES_FORWARD_CLUSTER;DEC28=PUT_CALL_PARITY;DEC27=PUT_CALL_PARITY,SEP26=29348.75;AUG26=29412.5;OCT26=30137.875;DEC29=28924;DEC26=20179.125;NOV26=31093;MAR27=24435.5;JUN27=24130.625;DEC28=19739;DEC27=18304.5,DEC26=GLOBAL_REFERENCE_OUTLIER_PUT_CALL_PARITY;DEC28=GLOBAL_REFERENCE_OUTLIER_SERIES_FORWARD_CLUSTER;DEC27=GLOBAL_REFERENCE_OUTLIER_SERIES_FORWARD_CLUSTER,WEIGHTED_ATM,2026-09-04,6,130,0.0,NONE,4660,4136,0,0,517,NONE,MN1;MN2;MN3;MN4;MN5;QMW;QRW;QTW;QWW,OK,NONE,NONE,2026-08-26
NAS,28100.0,-14673818.044035327,1.770018326318405,0.0,0.0,0.0,0.0,0.0,0.0,29723.678287786784,28973.821712213216,30098.60657557357,28598.89342442643,SEP26,AUG26,2026-08-28,2026-09-18,29348.75,29335.60827616128,FOUND,DEGRADED,SPOT_MONTH_FALLBACK;ESTIMATED_EXPIRY_ALIAS,2026-08-02.2,PUT_CALL_PARITY,SEP26,SEP26=PUT_CALL_PARITY;AUG26=SERIES_FORWARD_CLUSTER;OCT26=SERIES_FORWARD_CLUSTER;DEC29=SERIES_FORWARD_CLUSTER;DEC26=PUT_CALL_PARITY;NOV26=SERIES_FORWARD_CLUSTER;MAR27=SERIES_FORWARD_CLUSTER;JUN27=SERIES_FORWARD_CLUSTER;DEC28=PUT_CALL_PARITY;DEC27=PUT_CALL_PARITY,SEP26=29348.75;AUG26=29412.5;OCT26=30137.875;DEC29=28924;DEC26=20179.125;NOV26=31093;MAR27=24435.5;JUN27=24130.625;DEC28=19739;DEC27=18304.5,DEC26=GLOBAL_REFERENCE_OUTLIER_PUT_CALL_PARITY;DEC28=GLOBAL_REFERENCE_OUTLIER_SERIES_FORWARD_CLUSTER;DEC27=GLOBAL_REFERENCE_OUTLIER_SERIES_FORWARD_CLUSTER,WEIGHTED_ATM,2026-09-04,6,130,0.0,NONE,4660,4136,0,0,517,NONE,MN1;MN2;MN3;MN4;MN5;QMW;QRW;QTW;QWW,OK,NONE,NONE,2026-08-26
NAS,28110.0,-55855.98559637775,0.006456629099450902,0.0,0.0,0.0,0.0,0.0,0.0,29723.678287786784,28973.821712213216,30098.60657557357,28598.89342442643,SEP26,AUG26,2026-08-28,2026-09-18,29348.75,29335.60827616128,FOUND,DEGRADED,SPOT_MONTH_FALLBACK;ESTIMATED_EXPIRY_ALIAS,2026-08-02.2,PUT_CALL_PARITY,SEP26,SEP26=PUT_CALL_PARITY;AUG26=SERIES_FORWARD_CLUSTER;OCT26=SERIES_FORWARD_CLUSTER;DEC29=SERIES_FORWARD_CLUSTER;DEC26=PUT_CALL_PARITY;NOV26=SERIES_FORWARD_CLUSTER;MAR27=SERIES_FORWARD_CLUSTER;JUN27=SERIES_FORWARD_CLUSTER;DEC28=PUT_CALL_PARITY;DEC27=PUT_CALL_PARITY,SEP26=29348.75;AUG26=29412.5;OCT26=30137.875;DEC29=28924;DEC26=20179.125;NOV26=31093;MAR27=24435.5;JUN27=24130.625;DEC28=19739;DEC27=18304.5,DEC26=GLOBAL_REFERENCE_OUTLIER_PUT_CALL_PARITY;DEC28=GLOBAL_REFERENCE_OUTLIER_SERIES_FORWARD_CLUSTER;DEC27=GLOBAL_REFERENCE_OUTLIER_SERIES_FORWARD_CLUSTER,WEIGHTED_ATM,2026-09-04,6,130,0.0,NONE,4660,4136,0,0,517,NONE,MN1;MN2;MN3;MN4;MN5;QMW;QRW;QTW;QWW,OK,NONE,NONE,2026-08-26
NAS,28120.0,-227554.18859711423,0.02631180983495804,0.0,0.0,0.0,0.0,0.0,0.0,29723.678287786784,28973.821712213216,30098.60657557357,28598.89342442643,SEP26,AUG26,2026-08-28,2026-09-18,29348.75,29335.60827616128,FOUND,DEGRADED,SPOT_MONTH_FALLBACK;ESTIMATED_EXPIRY_ALIAS,2026-08-02.2,PUT_CALL_PARITY,SEP26,SEP26=PUT_CALL_PARITY;AUG26=SERIES_FORWARD_CLUSTER;OCT26=SERIES_FORWARD_CLUSTER;DEC29=SERIES_FORWARD_CLUSTER;DEC26=PUT_CALL_PARITY;NOV26=SERIES_FORWARD_CLUSTER;MAR27=SERIES_FORWARD_CLUSTER;JUN27=SERIES_FORWARD_CLUSTER;DEC28=PUT_CALL_PARITY;DEC27=PUT_CALL_PARITY,SEP26=29348.75;AUG26=29412.5;OCT26=30137.875;DEC29=28924;DEC26=20179.125;NOV26=31093;MAR27=24435.5;JUN27=24130.625;DEC28=19739;DEC27=18304.5,DEC26=GLOBAL_REFERENCE_OUTLIER_PUT_CALL_PARITY;DEC28=GLOBAL_REFERENCE_OUTLIER_SERIES_FORWARD_CLUSTER;DEC27=GLOBAL_REFERENCE_OUTLIER_SERIES_FORWARD_CLUSTER,WEIGHTED_ATM,2026-09-04,6,130,0.0,NONE,4660,4136,0,0,517,NONE,MN1;MN2;MN3;MN4;MN5;QMW;QRW;QTW;QWW,OK,NONE,NONE,2026-08-26
NAS,28125.0,-801075.8601639152,0.09276927904620326,0.0,0.0,0.0,0.0,0.0,0.0,29723.678287786784,28973.821712213216,30098.60657557357,28598.89342442643,SEP26,AUG26,2026-08-28,2026-09-18,29348.75,29335.60827616128,FOUND,DEGRADED,SPOT_MONTH_FALLBACK;ESTIMATED_EXPIRY_ALIAS,2026-08-02.2,PUT_CALL_PARITY,SEP26,SEP26=PUT_CALL_PARITY;AUG26=SERIES_FORWARD_CLUSTER;OCT26=SERIES_FORWARD_CLUSTER;DEC29=SERIES_FORWARD_CLUSTER;DEC26=PUT_CALL_PARITY;NOV26=SERIES_FORWARD_CLUSTER;MAR27=SERIES_FORWARD_CLUSTER;JUN27=SERIES_FORWARD_CLUSTER;DEC28=PUT_CALL_PARITY;DEC27=PUT_CALL_PARITY,SEP26=29348.75;AUG26=29412.5;OCT26=30137.875;DEC29=28924;DEC26=20179.125;NOV26=31093;MAR27=24435.5;JUN27=24130.625;DEC28=19739;DEC27=18304.5,DEC26=GLOBAL_REFERENCE_OUTLIER_PUT_CALL_PARITY;DEC28=GLOBAL_REFERENCE_OUTLIER_SERIES_FORWARD_CLUSTER;DEC27=GLOBAL_REFERENCE_OUTLIER_SERIES_FORWARD_CLUSTER,WEIGHTED_ATM,2026-09-04,6,130,0.0,NONE,4660,4136,0,0,517,NONE,MN1;MN2;MN3;MN4;MN5;QMW;QRW;QTW;QWW,OK,NONE,NONE,2026-08-26
NAS,28130.0,-46267.822966849715,0.005364223057259402,0.0,0.0,0.0,0.0,0.0,0.0,29723.678287786784,28973.821712213216,30098.60657557357,28598.89342442643,SEP26,AUG26,2026-08-28,2026-09-18,29348.75,29335.60827616128,FOUND,DEGRADED,SPOT_MONTH_FALLBACK;ESTIMATED_EXPIRY_ALIAS,2026-08-02.2,PUT_CALL_PARITY,SEP26,SEP26=PUT_CALL_PARITY;AUG26=SERIES_FORWARD_CLUSTER;OCT26=SERIES_FORWARD_CLUSTER;DEC29=SERIES_FORWARD_CLUSTER;DEC26=PUT_CALL_PARITY;NOV26=SERIES_FORWARD_CLUSTER;MAR27=SERIES_FORWARD_CLUSTER;JUN27=SERIES_FORWARD_CLUSTER;DEC28=PUT_CALL_PARITY;DEC27=PUT_CALL_PARITY,SEP26=29348.75;AUG26=29412.5;OCT26=30137.875;DEC29=28924;DEC26=20179.125;NOV26=31093;MAR27=24435.5;JUN27=24130.625;DEC28=19739;DEC27=18304.5,DEC26=GLOBAL_REFERENCE_OUTLIER_PUT_CALL_PARITY;DEC28=GLOBAL_REFERENCE_OUTLIER_SERIES_FORWARD_CLUSTER;DEC27=GLOBAL_REFERENCE_OUTLIER_SERIES_FORWARD_CLUSTER,WEIGHTED_ATM,2026-09-04,6,130,0.0,NONE,4660,4136,0,0,517,NONE,MN1;MN2;MN3;MN4;MN5;QMW;QRW;QTW;QWW,OK,NONE,NONE,2026-08-26
NAS,28140.0,-105226.4141186112,0.012163565286244914,0.0,0.0,0.0,0.0,0.0,0.0,29723.678287786784,28973.821712213216,30098.60657557357,28598.89342442643,SEP26,AUG26,2026-08-28,2026-09-18,29348.75,29335.60827616128,FOUND,DEGRADED,SPOT_MONTH_FALLBACK;ESTIMATED_EXPIRY_ALIAS,2026-08-02.2,PUT_CALL_PARITY,SEP26,SEP26=PUT_CALL_PARITY;AUG26=SERIES_FORWARD_CLUSTER;OCT26=SERIES_FORWARD_CLUSTER;DEC29=SERIES_FORWARD_CLUSTER;DEC26=PUT_CALL_PARITY;NOV26=SERIES_FORWARD_CLUSTER;MAR27=SERIES_FORWARD_CLUSTER;JUN27=SERIES_FORWARD_CLUSTER;DEC28=PUT_CALL_PARITY;DEC27=PUT_CALL_PARITY,SEP26=29348.75;AUG26=29412.5;OCT26=30137.875;DEC29=28924;DEC26=20179.125;NOV26=31093;MAR27=24435.5;JUN27=24130.625;DEC28=19739;DEC27=18304.5,DEC26=GLOBAL_REFERENCE_OUTLIER_PUT_CALL_PARITY;DEC28=GLOBAL_REFERENCE_OUTLIER_SERIES_FORWARD_CLUSTER;DEC27=GLOBAL_REFERENCE_OUTLIER_SERIES_FORWARD_CLUSTER,WEIGHTED_ATM,2026-09-04,6,130,0.0,NONE,4660,4136,0,0,517,NONE,MN1;MN2;MN3;MN4;MN5;QMW;QRW;QTW;QWW,OK,NONE,NONE,2026-08-26
NAS,28150.0,-5638207.218804392,0.6545826540917116,0.0,0.0,0.0,0.0,0.0,0.0,29723.678287786784,28973.821712213216,30098.60657557357,28598.89342442643,SEP26,AUG26,2026-08-28,2026-09-18,29348.75,29335.60827616128,FOUND,DEGRADED,SPOT_MONTH_FALLBACK;ESTIMATED_EXPIRY_ALIAS,2026-08-02.2,PUT_CALL_PARITY,SEP26,SEP26=PUT_CALL_PARITY;AUG26=SERIES_FORWARD_CLUSTER;OCT26=SERIES_FORWARD_CLUSTER;DEC29=SERIES_FORWARD_CLUSTER;DEC26=PUT_CALL_PARITY;NOV26=SERIES_FORWARD_CLUSTER;MAR27=SERIES_FORWARD_CLUSTER;JUN27=SERIES_FORWARD_CLUSTER;DEC28=PUT_CALL_PARITY;DEC27=PUT_CALL_PARITY,SEP26=29348.75;AUG26=29412.5;OCT26=30137.875;DEC29=28924;DEC26=20179.125;NOV26=31093;MAR27=24435.5;JUN27=24130.625;DEC28=19739;DEC27=18304.5,DEC26=GLOBAL_REFERENCE_OUTLIER_PUT_CALL_PARITY;DEC28=GLOBAL_REFERENCE_OUTLIER_SERIES_FORWARD_CLUSTER;DEC27=GLOBAL_REFERENCE_OUTLIER_SERIES_FORWARD_CLUSTER,WEIGHTED_ATM,2026-09-04,6,130,0.0,NONE,4660,4136,0,0,517,NONE,MN1;MN2;MN3;MN4;MN5;QMW;QRW;QTW;QWW,OK,NONE,NONE,2026-08-26
NAS,28160.0,-78352.47775464562,0.009057093568097944,0.0,0.0,0.0,0.0,0.0,0.0,29723.678287786784,28973.821712213216,30098.60657557357,28598.89342442643,SEP26,AUG26,2026-08-28,2026-09-18,29348.75,29335.60827616128,FOUND,DEGRADED,SPOT_MONTH_FALLBACK;ESTIMATED_EXPIRY_ALIAS,2026-08-02.2,PUT_CALL_PARITY,SEP26,SEP26=PUT_CALL_PARITY;AUG26=SERIES_FORWARD_CLUSTER;OCT26=SERIES_FORWARD_CLUSTER;DEC29=SERIES_FORWARD_CLUSTER;DEC26=PUT_CALL_PARITY;NOV26=SERIES_FORWARD_CLUSTER;MAR27=SERIES_FORWARD_CLUSTER;JUN27=SERIES_FORWARD_CLUSTER;DEC28=PUT_CALL_PARITY;DEC27=PUT_CALL_PARITY,SEP26=29348.75;AUG26=29412.5;OCT26=30137.875;DEC29=28924;DEC26=20179.125;NOV26=31093;MAR27=24435.5;JUN27=24130.625;DEC28=19739;DEC27=18304.5,DEC26=GLOBAL_REFERENCE_OUTLIER_PUT_CALL_PARITY;DEC28=GLOBAL_REFERENCE_OUTLIER_SERIES_FORWARD_CLUSTER;DEC27=GLOBAL_REFERENCE_OUTLIER_SERIES_FORWARD_CLUSTER,WEIGHTED_ATM,2026-09-04,6,130,0.0,NONE,4660,4136,0,0,517,NONE,MN1;MN2;MN3;MN4;MN5;QMW;QRW;QTW;QWW,OK,NONE,NONE,2026-08-26
NAS,28170.0,-143317.1287559103,0.016606243933345775,0.0,0.0,0.0,0.0,0.0,0.0,29723.678287786784,28973.821712213216,30098.60657557357,28598.89342442643,SEP26,AUG26,2026-08-28,2026-09-18,29348.75,29335.60827616128,FOUND,DEGRADED,SPOT_MONTH_FALLBACK;ESTIMATED_EXPIRY_ALIAS,2026-08-02.2,PUT_CALL_PARITY,SEP26,SEP26=PUT_CALL_PARITY;AUG26=SERIES_FORWARD_CLUSTER;OCT26=SERIES_FORWARD_CLUSTER;DEC29=SERIES_FORWARD_CLUSTER;DEC26=PUT_CALL_PARITY;NOV26=SERIES_FORWARD_CLUSTER;MAR27=SERIES_FORWARD_CLUSTER;JUN27=SERIES_FORWARD_CLUSTER;DEC28=PUT_CALL_PARITY;DEC27=PUT_CALL_PARITY,SEP26=29348.75;AUG26=29412.5;OCT26=30137.875;DEC29=28924;DEC26=20179.125;NOV26=31093;MAR27=24435.5;JUN27=24130.625;DEC28=19739;DEC27=18304.5,DEC26=GLOBAL_REFERENCE_OUTLIER_PUT_CALL_PARITY;DEC28=GLOBAL_REFERENCE_OUTLIER_SERIES_FORWARD_CLUSTER;DEC27=GLOBAL_REFERENCE_OUTLIER_SERIES_FORWARD_CLUSTER,WEIGHTED_ATM,2026-09-04,6,130,0.0,NONE,4660,4136,0,0,517,NONE,MN1;MN2;MN3;MN4;MN5;QMW;QRW;QTW;QWW,OK,NONE,NONE,2026-08-26
NAS,28175.0,-937454.3238988535,0.10877847460578932,0.0,0.0,0.0,0.0,0.0,0.0,29723.678287786784,28973.821712213216,30098.60657557357,28598.89342442643,SEP26,AUG26,2026-08-28,2026-09-18,29348.75,29335.60827616128,FOUND,DEGRADED,SPOT_MONTH_FALLBACK;ESTIMATED_EXPIRY_ALIAS,2026-08-02.2,PUT_CALL_PARITY,SEP26,SEP26=PUT_CALL_PARITY;AUG26=SERIES_FORWARD_CLUSTER;OCT26=SERIES_FORWARD_CLUSTER;DEC29=SERIES_FORWARD_CLUSTER;DEC26=PUT_CALL_PARITY;NOV26=SERIES_FORWARD_CLUSTER;MAR27=SERIES_FORWARD_CLUSTER;JUN27=SERIES_FORWARD_CLUSTER;DEC28=PUT_CALL_PARITY;DEC27=PUT_CALL_PARITY,SEP26=29348.75;AUG26=29412.5;OCT26=30137.875;DEC29=28924;DEC26=20179.125;NOV26=31093;MAR27=24435.5;JUN27=24130.625;DEC28=19739;DEC27=18304.5,DEC26=GLOBAL_REFERENCE_OUTLIER_PUT_CALL_PARITY;DEC28=GLOBAL_REFERENCE_OUTLIER_SERIES_FORWARD_CLUSTER;DEC27=GLOBAL_REFERENCE_OUTLIER_SERIES_FORWARD_CLUSTER,WEIGHTED_ATM,2026-09-04,6,130,0.0,NONE,4660,4136,0,0,517,NONE,MN1;MN2;MN3;MN4;MN5;QMW;QRW;QTW;QWW,OK,NONE,NONE,2026-08-26
NAS,28180.0,-117374.60549021573,0.013576786655014337,0.0,0.0,0.0,0.0,0.0,0.0,29723.678287786784,28973.821712213216,30098.60657557357,28598.89342442643,SEP26,AUG26,2026-08-28,2026-09-18,29348.75,29335.60827616128,FOUND,DEGRADED,SPOT_MONTH_FALLBACK;ESTIMATED_EXPIRY_ALIAS,2026-08-02.2,PUT_CALL_PARITY,SEP26,SEP26=PUT_CALL_PARITY;AUG26=SERIES_FORWARD_CLUSTER;OCT26=SERIES_FORWARD_CLUSTER;DEC29=SERIES_FORWARD_CLUSTER;DEC26=PUT_CALL_PARITY;NOV26=SERIES_FORWARD_CLUSTER;MAR27=SERIES_FORWARD_CLUSTER;JUN27=SERIES_FORWARD_CLUSTER;DEC28=PUT_CALL_PARITY;DEC27=PUT_CALL_PARITY,SEP26=29348.75;AUG26=29412.5;OCT26=30137.875;DEC29=28924;DEC26=20179.125;NOV26=31093;MAR27=24435.5;JUN27=24130.625;DEC28=19739;DEC27=18304.5,DEC26=GLOBAL_REFERENCE_OUTLIER_PUT_CALL_PARITY;DEC28=GLOBAL_REFERENCE_OUTLIER_SERIES_FORWARD_CLUSTER;DEC27=GLOBAL_REFERENCE_OUTLIER_SERIES_FORWARD_CLUSTER,WEIGHTED_ATM,2026-09-04,6,130,0.0,NONE,4660,4136,0,0,517,NONE,MN1;MN2;MN3;MN4;MN5;QMW;QRW;QTW;QWW,OK,NONE,NONE,2026-08-26
NAS,28190.0,-85531.73355027425,0.009896202492422398,0.0,0.0,0.0,0.0,0.0,0.0,29723.678287786784,28973.821712213216,30098.60657557357,28598.89342442643,SEP26,AUG26,2026-08-28,2026-09-18,29348.75,29335.60827616128,FOUND,DEGRADED,SPOT_MONTH_FALLBACK;ESTIMATED_EXPIRY_ALIAS,2026-08-02.2,PUT_CALL_PARITY,SEP26,SEP26=PUT_CALL_PARITY;AUG26=SERIES_FORWARD_CLUSTER;OCT26=SERIES_FORWARD_CLUSTER;DEC29=SERIES_FORWARD_CLUSTER;DEC26=PUT_CALL_PARITY;NOV26=SERIES_FORWARD_CLUSTER;MAR27=SERIES_FORWARD_CLUSTER;JUN27=SERIES_FORWARD_CLUSTER;DEC28=PUT_CALL_PARITY;DEC27=PUT_CALL_PARITY,SEP26=29348.75;AUG26=29412.5;OCT26=30137.875;DEC29=28924;DEC26=20179.125;NOV26=31093;MAR27=24435.5;JUN27=24130.625;DEC28=19739;DEC27=18304.5,DEC26=GLOBAL_REFERENCE_OUTLIER_PUT_CALL_PARITY;DEC28=GLOBAL_REFERENCE_OUTLIER_SERIES_FORWARD_CLUSTER;DEC27=GLOBAL_REFERENCE_OUTLIER_SERIES_FORWARD_CLUSTER,WEIGHTED_ATM,2026-09-04,6,130,0.0,NONE,4660,4136,0,0,517,NONE,MN1;MN2;MN3;MN4;MN5;QMW;QRW;QTW;QWW,OK,NONE,NONE,2026-08-26
NAS,28200.0,-21536428.30004249,2.5311627511643433,0.0,0.0,0.0,0.0,0.0,0.0,29723.678287786784,28973.821712213216,30098.60657557357,28598.89342442643,SEP26,AUG26,2026-08-28,2026-09-18,29348.75,29335.60827616128,FOUND,DEGRADED,SPOT_MONTH_FALLBACK;ESTIMATED_EXPIRY_ALIAS,2026-08-02.2,PUT_CALL_PARITY,SEP26,SEP26=PUT_CALL_PARITY;AUG26=SERIES_FORWARD_CLUSTER;OCT26=SERIES_FORWARD_CLUSTER;DEC29=SERIES_FORWARD_CLUSTER;DEC26=PUT_CALL_PARITY;NOV26=SERIES_FORWARD_CLUSTER;MAR27=SERIES_FORWARD_CLUSTER;JUN27=SERIES_FORWARD_CLUSTER;DEC28=PUT_CALL_PARITY;DEC27=PUT_CALL_PARITY,SEP26=29348.75;AUG26=29412.5;OCT26=30137.875;DEC29=28924;DEC26=20179.125;NOV26=31093;MAR27=24435.5;JUN27=24130.625;DEC28=19739;DEC27=18304.5,DEC26=GLOBAL_REFERENCE_OUTLIER_PUT_CALL_PARITY;DEC28=GLOBAL_REFERENCE_OUTLIER_SERIES_FORWARD_CLUSTER;DEC27=GLOBAL_REFERENCE_OUTLIER_SERIES_FORWARD_CLUSTER,WEIGHTED_ATM,2026-09-04,6,130,0.0,NONE,4660,4136,0,0,517,NONE,MN1;MN2;MN3;MN4;MN5;QMW;QRW;QTW;QWW,OK,NONE,NONE,2026-08-26
NAS,28210.0,-140717.68867549472,0.016310145883946456,0.0,0.0,0.0,0.0,0.0,0.0,29723.678287786784,28973.821712213216,30098.60657557357,28598.89342442643,SEP26,AUG26,2026-08-28,2026-09-18,29348.75,29335.60827616128,FOUND,DEGRADED,SPOT_MONTH_FALLBACK;ESTIMATED_EXPIRY_ALIAS,2026-08-02.2,PUT_CALL_PARITY,SEP26,SEP26=PUT_CALL_PARITY;AUG26=SERIES_FORWARD_CLUSTER;OCT26=SERIES_FORWARD_CLUSTER;DEC29=SERIES_FORWARD_CLUSTER;DEC26=PUT_CALL_PARITY;NOV26=SERIES_FORWARD_CLUSTER;MAR27=SERIES_FORWARD_CLUSTER;JUN27=SERIES_FORWARD_CLUSTER;DEC28=PUT_CALL_PARITY;DEC27=PUT_CALL_PARITY,SEP26=29348.75;AUG26=29412.5;OCT26=30137.875;DEC29=28924;DEC26=20179.125;NOV26=31093;MAR27=24435.5;JUN27=24130.625;DEC28=19739;DEC27=18304.5,DEC26=GLOBAL_REFERENCE_OUTLIER_PUT_CALL_PARITY;DEC28=GLOBAL_REFERENCE_OUTLIER_SERIES_FORWARD_CLUSTER;DEC27=GLOBAL_REFERENCE_OUTLIER_SERIES_FORWARD_CLUSTER,WEIGHTED_ATM,2026-09-04,6,130,0.0,NONE,4660,4136,0,0,517,NONE,MN1;MN2;MN3;MN4;MN5;QMW;QRW;QTW;QWW,OK,NONE,NONE,2026-08-26
NAS,28220.0,-30008.189733834708,0.003483859077397845,0.0,0.0,0.0,0.0,0.0,0.0,29723.678287786784,28973.821712213216,30098.60657557357,28598.89342442643,SEP26,AUG26,2026-08-28,2026-09-18,29348.75,29335.60827616128,FOUND,DEGRADED,SPOT_MONTH_FALLBACK;ESTIMATED_EXPIRY_ALIAS,2026-08-02.2,PUT_CALL_PARITY,SEP26,SEP26=PUT_CALL_PARITY;AUG26=SERIES_FORWARD_CLUSTER;OCT26=SERIES_FORWARD_CLUSTER;DEC29=SERIES_FORWARD_CLUSTER;DEC26=PUT_CALL_PARITY;NOV26=SERIES_FORWARD_CLUSTER;MAR27=SERIES_FORWARD_CLUSTER;JUN27=SERIES_FORWARD_CLUSTER;DEC28=PUT_CALL_PARITY;DEC27=PUT_CALL_PARITY,SEP26=29348.75;AUG26=29412.5;OCT26=30137.875;DEC29=28924;DEC26=20179.125;NOV26=31093;MAR27=24435.5;JUN27=24130.625;DEC28=19739;DEC27=18304.5,DEC26=GLOBAL_REFERENCE_OUTLIER_PUT_CALL_PARITY;DEC28=GLOBAL_REFERENCE_OUTLIER_SERIES_FORWARD_CLUSTER;DEC27=GLOBAL_REFERENCE_OUTLIER_SERIES_FORWARD_CLUSTER,WEIGHTED_ATM,2026-09-04,6,130,0.0,NONE,4660,4136,0,0,517,NONE,MN1;MN2;MN3;MN4;MN5;QMW;QRW;QTW;QWW,OK,NONE,NONE,2026-08-26
NAS,28225.0,-798922.5589923917,0.092577457863607,0.0,0.0,0.0,0.0,0.0,0.0,29723.678287786784,28973.821712213216,30098.60657557357,28598.89342442643,SEP26,AUG26,2026-08-28,2026-09-18,29348.75,29335.60827616128,FOUND,DEGRADED,SPOT_MONTH_FALLBACK;ESTIMATED_EXPIRY_ALIAS,2026-08-02.2,PUT_CALL_PARITY,SEP26,SEP26=PUT_CALL_PARITY;AUG26=SERIES_FORWARD_CLUSTER;OCT26=SERIES_FORWARD_CLUSTER;DEC29=SERIES_FORWARD_CLUSTER;DEC26=PUT_CALL_PARITY;NOV26=SERIES_FORWARD_CLUSTER;MAR27=SERIES_FORWARD_CLUSTER;JUN27=SERIES_FORWARD_CLUSTER;DEC28=PUT_CALL_PARITY;DEC27=PUT_CALL_PARITY,SEP26=29348.75;AUG26=29412.5;OCT26=30137.875;DEC29=28924;DEC26=20179.125;NOV26=31093;MAR27=24435.5;JUN27=24130.625;DEC28=19739;DEC27=18304.5,DEC26=GLOBAL_REFERENCE_OUTLIER_PUT_CALL_PARITY;DEC28=GLOBAL_REFERENCE_OUTLIER_SERIES_FORWARD_CLUSTER;DEC27=GLOBAL_REFERENCE_OUTLIER_SERIES_FORWARD_CLUSTER,WEIGHTED_ATM,2026-09-04,6,130,0.0,NONE,4660,4136,0,0,517,NONE,MN1;MN2;MN3;MN4;MN5;QMW;QRW;QTW;QWW,OK,NONE,NONE,2026-08-26
NAS,28230.0,-47659.56988075652,0.005514342070894673,0.0,0.0,0.0,0.0,0.0,0.0,29723.678287786784,28973.821712213216,30098.60657557357,28598.89342442643,SEP26,AUG26,2026-08-28,2026-09-18,29348.75,29335.60827616128,FOUND,DEGRADED,SPOT_MONTH_FALLBACK;ESTIMATED_EXPIRY_ALIAS,2026-08-02.2,PUT_CALL_PARITY,SEP26,SEP26=PUT_CALL_PARITY;AUG26=SERIES_FORWARD_CLUSTER;OCT26=SERIES_FORWARD_CLUSTER;DEC29=SERIES_FORWARD_CLUSTER;DEC26=PUT_CALL_PARITY;NOV26=SERIES_FORWARD_CLUSTER;MAR27=SERIES_FORWARD_CLUSTER;JUN27=SERIES_FORWARD_CLUSTER;DEC28=PUT_CALL_PARITY;DEC27=PUT_CALL_PARITY,SEP26=29348.75;AUG26=29412.5;OCT26=30137.875;DEC29=28924;DEC26=20179.125;NOV26=31093;MAR27=24435.5;JUN27=24130.625;DEC28=19739;DEC27=18304.5,DEC26=GLOBAL_REFERENCE_OUTLIER_PUT_CALL_PARITY;DEC28=GLOBAL_REFERENCE_OUTLIER_SERIES_FORWARD_CLUSTER;DEC27=GLOBAL_REFERENCE_OUTLIER_SERIES_FORWARD_CLUSTER,WEIGHTED_ATM,2026-09-04,6,130,0.0,NONE,4660,4136,0,0,517,NONE,MN1;MN2;MN3;MN4;MN5;QMW;QRW;QTW;QWW,OK,NONE,NONE,2026-08-26
NAS,28240.0,-174202.2112924773,0.020147259509524364,0.0,0.0,0.0,0.0,0.0,0.0,29723.678287786784,28973.821712213216,30098.60657557357,28598.89342442643,SEP26,AUG26,2026-08-28,2026-09-18,29348.75,29335.60827616128,FOUND,DEGRADED,SPOT_MONTH_FALLBACK;ESTIMATED_EXPIRY_ALIAS,2026-08-02.2,PUT_CALL_PARITY,SEP26,SEP26=PUT_CALL_PARITY;AUG26=SERIES_FORWARD_CLUSTER;OCT26=SERIES_FORWARD_CLUSTER;DEC29=SERIES_FORWARD_CLUSTER;DEC26=PUT_CALL_PARITY;NOV26=SERIES_FORWARD_CLUSTER;MAR27=SERIES_FORWARD_CLUSTER;JUN27=SERIES_FORWARD_CLUSTER;DEC28=PUT_CALL_PARITY;DEC27=PUT_CALL_PARITY,SEP26=29348.75;AUG26=29412.5;OCT26=30137.875;DEC29=28924;DEC26=20179.125;NOV26=31093;MAR27=24435.5;JUN27=24130.625;DEC28=19739;DEC27=18304.5,DEC26=GLOBAL_REFERENCE_OUTLIER_PUT_CALL_PARITY;DEC28=GLOBAL_REFERENCE_OUTLIER_SERIES_FORWARD_CLUSTER;DEC27=GLOBAL_REFERENCE_OUTLIER_SERIES_FORWARD_CLUSTER,WEIGHTED_ATM,2026-09-04,6,130,0.0,NONE,4660,4136,0,0,517,NONE,MN1;MN2;MN3;MN4;MN5;QMW;QRW;QTW;QWW,OK,NONE,NONE,2026-08-26
NAS,28250.0,-27439672.298799593,3.2207017751965537,0.0,0.0,0.0,0.0,0.0,0.0,29723.678287786784,28973.821712213216,30098.60657557357,28598.89342442643,SEP26,AUG26,2026-08-28,2026-09-18,29348.75,29335.60827616128,FOUND,DEGRADED,SPOT_MONTH_FALLBACK;ESTIMATED_EXPIRY_ALIAS,2026-08-02.2,PUT_CALL_PARITY,SEP26,SEP26=PUT_CALL_PARITY;AUG26=SERIES_FORWARD_CLUSTER;OCT26=SERIES_FORWARD_CLUSTER;DEC29=SERIES_FORWARD_CLUSTER;DEC26=PUT_CALL_PARITY;NOV26=SERIES_FORWARD_CLUSTER;MAR27=SERIES_FORWARD_CLUSTER;JUN27=SERIES_FORWARD_CLUSTER;DEC28=PUT_CALL_PARITY;DEC27=PUT_CALL_PARITY,SEP26=29348.75;AUG26=29412.5;OCT26=30137.875;DEC29=28924;DEC26=20179.125;NOV26=31093;MAR27=24435.5;JUN27=24130.625;DEC28=19739;DEC27=18304.5,DEC26=GLOBAL_REFERENCE_OUTLIER_PUT_CALL_PARITY;DEC28=GLOBAL_REFERENCE_OUTLIER_SERIES_FORWARD_CLUSTER;DEC27=GLOBAL_REFERENCE_OUTLIER_SERIES_FORWARD_CLUSTER,WEIGHTED_ATM,2026-09-04,6,130,0.0,NONE,4660,4136,0,0,517,NONE,MN1;MN2;MN3;MN4;MN5;QMW;QRW;QTW;QWW,OK,NONE,NONE,2026-08-26
NAS,28260.0,-196803.71297418722,0.022777442659939147,0.0,0.0,0.0,0.0,0.0,0.0,29723.678287786784,28973.821712213216,30098.60657557357,28598.89342442643,SEP26,AUG26,2026-08-28,2026-09-18,29348.75,29335.60827616128,FOUND,DEGRADED,SPOT_MONTH_FALLBACK;ESTIMATED_EXPIRY_ALIAS,2026-08-02.2,PUT_CALL_PARITY,SEP26,SEP26=PUT_CALL_PARITY;AUG26=SERIES_FORWARD_CLUSTER;OCT26=SERIES_FORWARD_CLUSTER;DEC29=SERIES_FORWARD_CLUSTER;DEC26=PUT_CALL_PARITY;NOV26=SERIES_FORWARD_CLUSTER;MAR27=SERIES_FORWARD_CLUSTER;JUN27=SERIES_FORWARD_CLUSTER;DEC28=PUT_CALL_PARITY;DEC27=PUT_CALL_PARITY,SEP26=29348.75;AUG26=29412.5;OCT26=30137.875;DEC29=28924;DEC26=20179.125;NOV26=31093;MAR27=24435.5;JUN27=24130.625;DEC28=19739;DEC27=18304.5,DEC26=GLOBAL_REFERENCE_OUTLIER_PUT_CALL_PARITY;DEC28=GLOBAL_REFERENCE_OUTLIER_SERIES_FORWARD_CLUSTER;DEC27=GLOBAL_REFERENCE_OUTLIER_SERIES_FORWARD_CLUSTER,WEIGHTED_ATM,2026-09-04,6,130,0.0,NONE,4660,4136,0,0,517,NONE,MN1;MN2;MN3;MN4;MN5;QMW;QRW;QTW;QWW,OK,NONE,NONE,2026-08-26
NAS,28270.0,-201765.74088935438,0.023351789217170838,0.0,0.0,0.0,0.0,0.0,0.0,29723.678287786784,28973.821712213216,30098.60657557357,28598.89342442643,SEP26,AUG26,2026-08-28,2026-09-18,29348.75,29335.60827616128,FOUND,DEGRADED,SPOT_MONTH_FALLBACK;ESTIMATED_EXPIRY_ALIAS,2026-08-02.2,PUT_CALL_PARITY,SEP26,SEP26=PUT_CALL_PARITY;AUG26=SERIES_FORWARD_CLUSTER;OCT26=SERIES_FORWARD_CLUSTER;DEC29=SERIES_FORWARD_CLUSTER;DEC26=PUT_CALL_PARITY;NOV26=SERIES_FORWARD_CLUSTER;MAR27=SERIES_FORWARD_CLUSTER;JUN27=SERIES_FORWARD_CLUSTER;DEC28=PUT_CALL_PARITY;DEC27=PUT_CALL_PARITY,SEP26=29348.75;AUG26=29412.5;OCT26=30137.875;DEC29=28924;DEC26=20179.125;NOV26=31093;MAR27=24435.5;JUN27=24130.625;DEC28=19739;DEC27=18304.5,DEC26=GLOBAL_REFERENCE_OUTLIER_PUT_CALL_PARITY;DEC28=GLOBAL_REFERENCE_OUTLIER_SERIES_FORWARD_CLUSTER;DEC27=GLOBAL_REFERENCE_OUTLIER_SERIES_FORWARD_CLUSTER,WEIGHTED_ATM,2026-09-04,6,130,0.0,NONE,4660,4136,0,0,517,NONE,MN1;MN2;MN3;MN4;MN5;QMW;QRW;QTW;QWW,OK,NONE,NONE,2026-08-26
NAS,28275.0,-787468.7194802238,0.09128552215687974,0.0,0.0,0.0,0.0,0.0,0.0,29723.678287786784,28973.821712213216,30098.60657557357,28598.89342442643,SEP26,AUG26,2026-08-28,2026-09-18,29348.75,29335.60827616128,FOUND,DEGRADED,SPOT_MONTH_FALLBACK;ESTIMATED_EXPIRY_ALIAS,2026-08-02.2,PUT_CALL_PARITY,SEP26,SEP26=PUT_CALL_PARITY;AUG26=SERIES_FORWARD_CLUSTER;OCT26=SERIES_FORWARD_CLUSTER;DEC29=SERIES_FORWARD_CLUSTER;DEC26=PUT_CALL_PARITY;NOV26=SERIES_FORWARD_CLUSTER;MAR27=SERIES_FORWARD_CLUSTER;JUN27=SERIES_FORWARD_CLUSTER;DEC28=PUT_CALL_PARITY;DEC27=PUT_CALL_PARITY,SEP26=29348.75;AUG26=29412.5;OCT26=30137.875;DEC29=28924;DEC26=20179.125;NOV26=31093;MAR27=24435.5;JUN27=24130.625;DEC28=19739;DEC27=18304.5,DEC26=GLOBAL_REFERENCE_OUTLIER_PUT_CALL_PARITY;DEC28=GLOBAL_REFERENCE_OUTLIER_SERIES_FORWARD_CLUSTER;DEC27=GLOBAL_REFERENCE_OUTLIER_SERIES_FORWARD_CLUSTER,WEIGHTED_ATM,2026-09-04,6,130,0.0,NONE,4660,4136,0,0,517,NONE,MN1;MN2;MN3;MN4;MN5;QMW;QRW;QTW;QWW,OK,NONE,NONE,2026-08-26
NAS,28280.0,-331509.33222403843,0.03839163805743259,0.0,0.0,0.0,0.0,0.0,0.0,29723.678287786784,28973.821712213216,30098.60657557357,28598.89342442643,SEP26,AUG26,2026-08-28,2026-09-18,29348.75,29335.60827616128,FOUND,DEGRADED,SPOT_MONTH_FALLBACK;ESTIMATED_EXPIRY_ALIAS,2026-08-02.2,PUT_CALL_PARITY,SEP26,SEP26=PUT_CALL_PARITY;AUG26=SERIES_FORWARD_CLUSTER;OCT26=SERIES_FORWARD_CLUSTER;DEC29=SERIES_FORWARD_CLUSTER;DEC26=PUT_CALL_PARITY;NOV26=SERIES_FORWARD_CLUSTER;MAR27=SERIES_FORWARD_CLUSTER;JUN27=SERIES_FORWARD_CLUSTER;DEC28=PUT_CALL_PARITY;DEC27=PUT_CALL_PARITY,SEP26=29348.75;AUG26=29412.5;OCT26=30137.875;DEC29=28924;DEC26=20179.125;NOV26=31093;MAR27=24435.5;JUN27=24130.625;DEC28=19739;DEC27=18304.5,DEC26=GLOBAL_REFERENCE_OUTLIER_PUT_CALL_PARITY;DEC28=GLOBAL_REFERENCE_OUTLIER_SERIES_FORWARD_CLUSTER;DEC27=GLOBAL_REFERENCE_OUTLIER_SERIES_FORWARD_CLUSTER,WEIGHTED_ATM,2026-09-04,6,130,0.0,NONE,4660,4136,0,0,517,NONE,MN1;MN2;MN3;MN4;MN5;QMW;QRW;QTW;QWW,OK,NONE,NONE,2026-08-26
NAS,28290.0,-217006.9692495026,0.02513948651399504,0.0,0.0,0.0,0.0,0.0,0.0,29723.678287786784,28973.821712213216,30098.60657557357,28598.89342442643,SEP26,AUG26,2026-08-28,2026-09-18,29348.75,29335.60827616128,FOUND,DEGRADED,SPOT_MONTH_FALLBACK;ESTIMATED_EXPIRY_ALIAS,2026-08-02.2,PUT_CALL_PARITY,SEP26,SEP26=PUT_CALL_PARITY;AUG26=SERIES_FORWARD_CLUSTER;OCT26=SERIES_FORWARD_CLUSTER;DEC29=SERIES_FORWARD_CLUSTER;DEC26=PUT_CALL_PARITY;NOV26=SERIES_FORWARD_CLUSTER;MAR27=SERIES_FORWARD_CLUSTER;JUN27=SERIES_FORWARD_CLUSTER;DEC28=PUT_CALL_PARITY;DEC27=PUT_CALL_PARITY,SEP26=29348.75;AUG26=29412.5;OCT26=30137.875;DEC29=28924;DEC26=20179.125;NOV26=31093;MAR27=24435.5;JUN27=24130.625;DEC28=19739;DEC27=18304.5,DEC26=GLOBAL_REFERENCE_OUTLIER_PUT_CALL_PARITY;DEC28=GLOBAL_REFERENCE_OUTLIER_SERIES_FORWARD_CLUSTER;DEC27=GLOBAL_REFERENCE_OUTLIER_SERIES_FORWARD_CLUSTER,WEIGHTED_ATM,2026-09-04,6,130,0.0,NONE,4660,4136,0,0,517,NONE,MN1;MN2;MN3;MN4;MN5;QMW;QRW;QTW;QWW,OK,NONE,NONE,2026-08-26
NAS,28300.0,-22214519.477094516,2.6203602397866255,0.0,0.0,0.0,0.0,0.0,0.0,29723.678287786784,28973.821712213216,30098.60657557357,28598.89342442643,SEP26,AUG26,2026-08-28,2026-09-18,29348.75,29335.60827616128,FOUND,DEGRADED,SPOT_MONTH_FALLBACK;ESTIMATED_EXPIRY_ALIAS,2026-08-02.2,PUT_CALL_PARITY,SEP26,SEP26=PUT_CALL_PARITY;AUG26=SERIES_FORWARD_CLUSTER;OCT26=SERIES_FORWARD_CLUSTER;DEC29=SERIES_FORWARD_CLUSTER;DEC26=PUT_CALL_PARITY;NOV26=SERIES_FORWARD_CLUSTER;MAR27=SERIES_FORWARD_CLUSTER;JUN27=SERIES_FORWARD_CLUSTER;DEC28=PUT_CALL_PARITY;DEC27=PUT_CALL_PARITY,SEP26=29348.75;AUG26=29412.5;OCT26=30137.875;DEC29=28924;DEC26=20179.125;NOV26=31093;MAR27=24435.5;JUN27=24130.625;DEC28=19739;DEC27=18304.5,DEC26=GLOBAL_REFERENCE_OUTLIER_PUT_CALL_PARITY;DEC28=GLOBAL_REFERENCE_OUTLIER_SERIES_FORWARD_CLUSTER;DEC27=GLOBAL_REFERENCE_OUTLIER_SERIES_FORWARD_CLUSTER,WEIGHTED_ATM,2026-09-04,6,130,0.0,NONE,4660,4136,0,0,517,NONE,MN1;MN2;MN3;MN4;MN5;QMW;QRW;QTW;QWW,OK,NONE,NONE,2026-08-26
NAS,28310.0,-308826.43864977756,0.03575037682666418,0.0,0.0,0.0,0.0,0.0,0.0,29723.678287786784,28973.821712213216,30098.60657557357,28598.89342442643,SEP26,AUG26,2026-08-28,2026-09-18,29348.75,29335.60827616128,FOUND,DEGRADED,SPOT_MONTH_FALLBACK;ESTIMATED_EXPIRY_ALIAS,2026-08-02.2,PUT_CALL_PARITY,SEP26,SEP26=PUT_CALL_PARITY;AUG26=SERIES_FORWARD_CLUSTER;OCT26=SERIES_FORWARD_CLUSTER;DEC29=SERIES_FORWARD_CLUSTER;DEC26=PUT_CALL_PARITY;NOV26=SERIES_FORWARD_CLUSTER;MAR27=SERIES_FORWARD_CLUSTER;JUN27=SERIES_FORWARD_CLUSTER;DEC28=PUT_CALL_PARITY;DEC27=PUT_CALL_PARITY,SEP26=29348.75;AUG26=29412.5;OCT26=30137.875;DEC29=28924;DEC26=20179.125;NOV26=31093;MAR27=24435.5;JUN27=24130.625;DEC28=19739;DEC27=18304.5,DEC26=GLOBAL_REFERENCE_OUTLIER_PUT_CALL_PARITY;DEC28=GLOBAL_REFERENCE_OUTLIER_SERIES_FORWARD_CLUSTER;DEC27=GLOBAL_REFERENCE_OUTLIER_SERIES_FORWARD_CLUSTER,WEIGHTED_ATM,2026-09-04,6,130,0.0,NONE,4660,4136,0,0,517,NONE,MN1;MN2;MN3;MN4;MN5;QMW;QRW;QTW;QWW,OK,NONE,NONE,2026-08-26
NAS,28320.0,-143581.38732997997,0.01661060929824435,0.0,0.0,0.0,0.0,0.0,0.0,29723.678287786784,28973.821712213216,30098.60657557357,28598.89342442643,SEP26,AUG26,2026-08-28,2026-09-18,29348.75,29335.60827616128,FOUND,DEGRADED,SPOT_MONTH_FALLBACK;ESTIMATED_EXPIRY_ALIAS,2026-08-02.2,PUT_CALL_PARITY,SEP26,SEP26=PUT_CALL_PARITY;AUG26=SERIES_FORWARD_CLUSTER;OCT26=SERIES_FORWARD_CLUSTER;DEC29=SERIES_FORWARD_CLUSTER;DEC26=PUT_CALL_PARITY;NOV26=SERIES_FORWARD_CLUSTER;MAR27=SERIES_FORWARD_CLUSTER;JUN27=SERIES_FORWARD_CLUSTER;DEC28=PUT_CALL_PARITY;DEC27=PUT_CALL_PARITY,SEP26=29348.75;AUG26=29412.5;OCT26=30137.875;DEC29=28924;DEC26=20179.125;NOV26=31093;MAR27=24435.5;JUN27=24130.625;DEC28=19739;DEC27=18304.5,DEC26=GLOBAL_REFERENCE_OUTLIER_PUT_CALL_PARITY;DEC28=GLOBAL_REFERENCE_OUTLIER_SERIES_FORWARD_CLUSTER;DEC27=GLOBAL_REFERENCE_OUTLIER_SERIES_FORWARD_CLUSTER,WEIGHTED_ATM,2026-09-04,6,130,0.0,NONE,4660,4136,0,0,517,NONE,MN1;MN2;MN3;MN4;MN5;QMW;QRW;QTW;QWW,OK,NONE,NONE,2026-08-26
NAS,28325.0,-2613839.67672381,0.3032439990949479,0.0,0.0,0.0,0.0,0.0,0.0,29723.678287786784,28973.821712213216,30098.60657557357,28598.89342442643,SEP26,AUG26,2026-08-28,2026-09-18,29348.75,29335.60827616128,FOUND,DEGRADED,SPOT_MONTH_FALLBACK;ESTIMATED_EXPIRY_ALIAS,2026-08-02.2,PUT_CALL_PARITY,SEP26,SEP26=PUT_CALL_PARITY;AUG26=SERIES_FORWARD_CLUSTER;OCT26=SERIES_FORWARD_CLUSTER;DEC29=SERIES_FORWARD_CLUSTER;DEC26=PUT_CALL_PARITY;NOV26=SERIES_FORWARD_CLUSTER;MAR27=SERIES_FORWARD_CLUSTER;JUN27=SERIES_FORWARD_CLUSTER;DEC28=PUT_CALL_PARITY;DEC27=PUT_CALL_PARITY,SEP26=29348.75;AUG26=29412.5;OCT26=30137.875;DEC29=28924;DEC26=20179.125;NOV26=31093;MAR27=24435.5;JUN27=24130.625;DEC28=19739;DEC27=18304.5,DEC26=GLOBAL_REFERENCE_OUTLIER_PUT_CALL_PARITY;DEC28=GLOBAL_REFERENCE_OUTLIER_SERIES_FORWARD_CLUSTER;DEC27=GLOBAL_REFERENCE_OUTLIER_SERIES_FORWARD_CLUSTER,WEIGHTED_ATM,2026-09-04,6,130,0.0,NONE,4660,4136,0,0,517,NONE,MN1;MN2;MN3;MN4;MN5;QMW;QRW;QTW;QWW,OK,NONE,NONE,2026-08-26
NAS,28330.0,-150698.05833961486,0.017495583810600186,0.0,0.0,0.0,0.0,0.0,0.0,29723.678287786784,28973.821712213216,30098.60657557357,28598.89342442643,SEP26,AUG26,2026-08-28,2026-09-18,29348.75,29335.60827616128,FOUND,DEGRADED,SPOT_MONTH_FALLBACK;ESTIMATED_EXPIRY_ALIAS,2026-08-02.2,PUT_CALL_PARITY,SEP26,SEP26=PUT_CALL_PARITY;AUG26=SERIES_FORWARD_CLUSTER;OCT26=SERIES_FORWARD_CLUSTER;DEC29=SERIES_FORWARD_CLUSTER;DEC26=PUT_CALL_PARITY;NOV26=SERIES_FORWARD_CLUSTER;MAR27=SERIES_FORWARD_CLUSTER;JUN27=SERIES_FORWARD_CLUSTER;DEC28=PUT_CALL_PARITY;DEC27=PUT_CALL_PARITY,SEP26=29348.75;AUG26=29412.5;OCT26=30137.875;DEC29=28924;DEC26=20179.125;NOV26=31093;MAR27=24435.5;JUN27=24130.625;DEC28=19739;DEC27=18304.5,DEC26=GLOBAL_REFERENCE_OUTLIER_PUT_CALL_PARITY;DEC28=GLOBAL_REFERENCE_OUTLIER_SERIES_FORWARD_CLUSTER;DEC27=GLOBAL_REFERENCE_OUTLIER_SERIES_FORWARD_CLUSTER,WEIGHTED_ATM,2026-09-04,6,130,0.0,NONE,4660,4136,0,0,517,NONE,MN1;MN2;MN3;MN4;MN5;QMW;QRW;QTW;QWW,OK,NONE,NONE,2026-08-26
NAS,28340.0,-1372988.8451634913,0.15878088322513123,0.0,0.0,0.0,0.0,0.0,0.0,29723.678287786784,28973.821712213216,30098.60657557357,28598.89342442643,SEP26,AUG26,2026-08-28,2026-09-18,29348.75,29335.60827616128,FOUND,DEGRADED,SPOT_MONTH_FALLBACK;ESTIMATED_EXPIRY_ALIAS,2026-08-02.2,PUT_CALL_PARITY,SEP26,SEP26=PUT_CALL_PARITY;AUG26=SERIES_FORWARD_CLUSTER;OCT26=SERIES_FORWARD_CLUSTER;DEC29=SERIES_FORWARD_CLUSTER;DEC26=PUT_CALL_PARITY;NOV26=SERIES_FORWARD_CLUSTER;MAR27=SERIES_FORWARD_CLUSTER;JUN27=SERIES_FORWARD_CLUSTER;DEC28=PUT_CALL_PARITY;DEC27=PUT_CALL_PARITY,SEP26=29348.75;AUG26=29412.5;OCT26=30137.875;DEC29=28924;DEC26=20179.125;NOV26=31093;MAR27=24435.5;JUN27=24130.625;DEC28=19739;DEC27=18304.5,DEC26=GLOBAL_REFERENCE_OUTLIER_PUT_CALL_PARITY;DEC28=GLOBAL_REFERENCE_OUTLIER_SERIES_FORWARD_CLUSTER;DEC27=GLOBAL_REFERENCE_OUTLIER_SERIES_FORWARD_CLUSTER,WEIGHTED_ATM,2026-09-04,6,130,0.0,NONE,4660,4136,0,0,517,NONE,MN1;MN2;MN3;MN4;MN5;QMW;QRW;QTW;QWW,OK,NONE,NONE,2026-08-26
NAS,28350.0,-5499876.081426323,0.6380659257644737,0.0,0.0,0.0,0.0,0.0,0.0,29723.678287786784,28973.821712213216,30098.60657557357,28598.89342442643,SEP26,AUG26,2026-08-28,2026-09-18,29348.75,29335.60827616128,FOUND,DEGRADED,SPOT_MONTH_FALLBACK;ESTIMATED_EXPIRY_ALIAS,2026-08-02.2,PUT_CALL_PARITY,SEP26,SEP26=PUT_CALL_PARITY;AUG26=SERIES_FORWARD_CLUSTER;OCT26=SERIES_FORWARD_CLUSTER;DEC29=SERIES_FORWARD_CLUSTER;DEC26=PUT_CALL_PARITY;NOV26=SERIES_FORWARD_CLUSTER;MAR27=SERIES_FORWARD_CLUSTER;JUN27=SERIES_FORWARD_CLUSTER;DEC28=PUT_CALL_PARITY;DEC27=PUT_CALL_PARITY,SEP26=29348.75;AUG26=29412.5;OCT26=30137.875;DEC29=28924;DEC26=20179.125;NOV26=31093;MAR27=24435.5;JUN27=24130.625;DEC28=19739;DEC27=18304.5,DEC26=GLOBAL_REFERENCE_OUTLIER_PUT_CALL_PARITY;DEC28=GLOBAL_REFERENCE_OUTLIER_SERIES_FORWARD_CLUSTER;DEC27=GLOBAL_REFERENCE_OUTLIER_SERIES_FORWARD_CLUSTER,WEIGHTED_ATM,2026-09-04,6,130,0.0,NONE,4660,4136,0,0,517,NONE,MN1;MN2;MN3;MN4;MN5;QMW;QRW;QTW;QWW,OK,NONE,NONE,2026-08-26
NAS,28360.0,-289485.4277977219,0.033569630107964835,0.0,0.0,0.0,0.0,0.0,0.0,29723.678287786784,28973.821712213216,30098.60657557357,28598.89342442643,SEP26,AUG26,2026-08-28,2026-09-18,29348.75,29335.60827616128,FOUND,DEGRADED,SPOT_MONTH_FALLBACK;ESTIMATED_EXPIRY_ALIAS,2026-08-02.2,PUT_CALL_PARITY,SEP26,SEP26=PUT_CALL_PARITY;AUG26=SERIES_FORWARD_CLUSTER;OCT26=SERIES_FORWARD_CLUSTER;DEC29=SERIES_FORWARD_CLUSTER;DEC26=PUT_CALL_PARITY;NOV26=SERIES_FORWARD_CLUSTER;MAR27=SERIES_FORWARD_CLUSTER;JUN27=SERIES_FORWARD_CLUSTER;DEC28=PUT_CALL_PARITY;DEC27=PUT_CALL_PARITY,SEP26=29348.75;AUG26=29412.5;OCT26=30137.875;DEC29=28924;DEC26=20179.125;NOV26=31093;MAR27=24435.5;JUN27=24130.625;DEC28=19739;DEC27=18304.5,DEC26=GLOBAL_REFERENCE_OUTLIER_PUT_CALL_PARITY;DEC28=GLOBAL_REFERENCE_OUTLIER_SERIES_FORWARD_CLUSTER;DEC27=GLOBAL_REFERENCE_OUTLIER_SERIES_FORWARD_CLUSTER,WEIGHTED_ATM,2026-09-04,6,130,0.0,NONE,4660,4136,0,0,517,NONE,MN1;MN2;MN3;MN4;MN5;QMW;QRW;QTW;QWW,OK,NONE,NONE,2026-08-26
NAS,28370.0,-283976.7476310106,0.03288912190198649,0.0,0.0,0.0,0.0,0.0,0.0,29723.678287786784,28973.821712213216,30098.60657557357,28598.89342442643,SEP26,AUG26,2026-08-28,2026-09-18,29348.75,29335.60827616128,FOUND,DEGRADED,SPOT_MONTH_FALLBACK;ESTIMATED_EXPIRY_ALIAS,2026-08-02.2,PUT_CALL_PARITY,SEP26,SEP26=PUT_CALL_PARITY;AUG26=SERIES_FORWARD_CLUSTER;OCT26=SERIES_FORWARD_CLUSTER;DEC29=SERIES_FORWARD_CLUSTER;DEC26=PUT_CALL_PARITY;NOV26=SERIES_FORWARD_CLUSTER;MAR27=SERIES_FORWARD_CLUSTER;JUN27=SERIES_FORWARD_CLUSTER;DEC28=PUT_CALL_PARITY;DEC27=PUT_CALL_PARITY,SEP26=29348.75;AUG26=29412.5;OCT26=30137.875;DEC29=28924;DEC26=20179.125;NOV26=31093;MAR27=24435.5;JUN27=24130.625;DEC28=19739;DEC27=18304.5,DEC26=GLOBAL_REFERENCE_OUTLIER_PUT_CALL_PARITY;DEC28=GLOBAL_REFERENCE_OUTLIER_SERIES_FORWARD_CLUSTER;DEC27=GLOBAL_REFERENCE_OUTLIER_SERIES_FORWARD_CLUSTER,WEIGHTED_ATM,2026-09-04,6,130,0.0,NONE,4660,4136,0,0,517,NONE,MN1;MN2;MN3;MN4;MN5;QMW;QRW;QTW;QWW,OK,NONE,NONE,2026-08-26
NAS,28375.0,-2055625.2940673057,0.23855751987771615,0.0,0.0,0.0,0.0,0.0,0.0,29723.678287786784,28973.821712213216,30098.60657557357,28598.89342442643,SEP26,AUG26,2026-08-28,2026-09-18,29348.75,29335.60827616128,FOUND,DEGRADED,SPOT_MONTH_FALLBACK;ESTIMATED_EXPIRY_ALIAS,2026-08-02.2,PUT_CALL_PARITY,SEP26,SEP26=PUT_CALL_PARITY;AUG26=SERIES_FORWARD_CLUSTER;OCT26=SERIES_FORWARD_CLUSTER;DEC29=SERIES_FORWARD_CLUSTER;DEC26=PUT_CALL_PARITY;NOV26=SERIES_FORWARD_CLUSTER;MAR27=SERIES_FORWARD_CLUSTER;JUN27=SERIES_FORWARD_CLUSTER;DEC28=PUT_CALL_PARITY;DEC27=PUT_CALL_PARITY,SEP26=29348.75;AUG26=29412.5;OCT26=30137.875;DEC29=28924;DEC26=20179.125;NOV26=31093;MAR27=24435.5;JUN27=24130.625;DEC28=19739;DEC27=18304.5,DEC26=GLOBAL_REFERENCE_OUTLIER_PUT_CALL_PARITY;DEC28=GLOBAL_REFERENCE_OUTLIER_SERIES_FORWARD_CLUSTER;DEC27=GLOBAL_REFERENCE_OUTLIER_SERIES_FORWARD_CLUSTER,WEIGHTED_ATM,2026-09-04,6,130,0.0,NONE,4660,4136,0,0,517,NONE,MN1;MN2;MN3;MN4;MN5;QMW;QRW;QTW;QWW,OK,NONE,NONE,2026-08-26
NAS,28380.0,-297711.1691975058,0.03449507953589466,0.0,0.0,0.0,0.0,0.0,0.0,29723.678287786784,28973.821712213216,30098.60657557357,28598.89342442643,SEP26,AUG26,2026-08-28,2026-09-18,29348.75,29335.60827616128,FOUND,DEGRADED,SPOT_MONTH_FALLBACK;ESTIMATED_EXPIRY_ALIAS,2026-08-02.2,PUT_CALL_PARITY,SEP26,SEP26=PUT_CALL_PARITY;AUG26=SERIES_FORWARD_CLUSTER;OCT26=SERIES_FORWARD_CLUSTER;DEC29=SERIES_FORWARD_CLUSTER;DEC26=PUT_CALL_PARITY;NOV26=SERIES_FORWARD_CLUSTER;MAR27=SERIES_FORWARD_CLUSTER;JUN27=SERIES_FORWARD_CLUSTER;DEC28=PUT_CALL_PARITY;DEC27=PUT_CALL_PARITY,SEP26=29348.75;AUG26=29412.5;OCT26=30137.875;DEC29=28924;DEC26=20179.125;NOV26=31093;MAR27=24435.5;JUN27=24130.625;DEC28=19739;DEC27=18304.5,DEC26=GLOBAL_REFERENCE_OUTLIER_PUT_CALL_PARITY;DEC28=GLOBAL_REFERENCE_OUTLIER_SERIES_FORWARD_CLUSTER;DEC27=GLOBAL_REFERENCE_OUTLIER_SERIES_FORWARD_CLUSTER,WEIGHTED_ATM,2026-09-04,6,130,0.0,NONE,4660,4136,0,0,517,NONE,MN1;MN2;MN3;MN4;MN5;QMW;QRW;QTW;QWW,OK,NONE,NONE,2026-08-26
NAS,28390.0,-301010.7984000767,0.03486282841114295,0.0,0.0,0.0,0.0,0.0,0.0,29723.678287786784,28973.821712213216,30098.60657557357,28598.89342442643,SEP26,AUG26,2026-08-28,2026-09-18,29348.75,29335.60827616128,FOUND,DEGRADED,SPOT_MONTH_FALLBACK;ESTIMATED_EXPIRY_ALIAS,2026-08-02.2,PUT_CALL_PARITY,SEP26,SEP26=PUT_CALL_PARITY;AUG26=SERIES_FORWARD_CLUSTER;OCT26=SERIES_FORWARD_CLUSTER;DEC29=SERIES_FORWARD_CLUSTER;DEC26=PUT_CALL_PARITY;NOV26=SERIES_FORWARD_CLUSTER;MAR27=SERIES_FORWARD_CLUSTER;JUN27=SERIES_FORWARD_CLUSTER;DEC28=PUT_CALL_PARITY;DEC27=PUT_CALL_PARITY,SEP26=29348.75;AUG26=29412.5;OCT26=30137.875;DEC29=28924;DEC26=20179.125;NOV26=31093;MAR27=24435.5;JUN27=24130.625;DEC28=19739;DEC27=18304.5,DEC26=GLOBAL_REFERENCE_OUTLIER_PUT_CALL_PARITY;DEC28=GLOBAL_REFERENCE_OUTLIER_SERIES_FORWARD_CLUSTER;DEC27=GLOBAL_REFERENCE_OUTLIER_SERIES_FORWARD_CLUSTER,WEIGHTED_ATM,2026-09-04,6,130,0.0,NONE,4660,4136,0,0,517,NONE,MN1;MN2;MN3;MN4;MN5;QMW;QRW;QTW;QWW,OK,NONE,NONE,2026-08-26
NAS,28400.0,-18761370.809481423,2.2095129602741665,0.0,0.0,0.0,0.0,0.0,0.0,29723.678287786784,28973.821712213216,30098.60657557357,28598.89342442643,SEP26,AUG26,2026-08-28,2026-09-18,29348.75,29335.60827616128,FOUND,DEGRADED,SPOT_MONTH_FALLBACK;ESTIMATED_EXPIRY_ALIAS,2026-08-02.2,PUT_CALL_PARITY,SEP26,SEP26=PUT_CALL_PARITY;AUG26=SERIES_FORWARD_CLUSTER;OCT26=SERIES_FORWARD_CLUSTER;DEC29=SERIES_FORWARD_CLUSTER;DEC26=PUT_CALL_PARITY;NOV26=SERIES_FORWARD_CLUSTER;MAR27=SERIES_FORWARD_CLUSTER;JUN27=SERIES_FORWARD_CLUSTER;DEC28=PUT_CALL_PARITY;DEC27=PUT_CALL_PARITY,SEP26=29348.75;AUG26=29412.5;OCT26=30137.875;DEC29=28924;DEC26=20179.125;NOV26=31093;MAR27=24435.5;JUN27=24130.625;DEC28=19739;DEC27=18304.5,DEC26=GLOBAL_REFERENCE_OUTLIER_PUT_CALL_PARITY;DEC28=GLOBAL_REFERENCE_OUTLIER_SERIES_FORWARD_CLUSTER;DEC27=GLOBAL_REFERENCE_OUTLIER_SERIES_FORWARD_CLUSTER,WEIGHTED_ATM,2026-09-04,6,130,0.0,NONE,4660,4136,0,0,517,NONE,MN1;MN2;MN3;MN4;MN5;QMW;QRW;QTW;QWW,OK,NONE,NONE,2026-08-26
NAS,28410.0,-475776.3937354112,0.05506000277819506,0.0,0.0,0.0,0.0,0.0,0.0,29723.678287786784,28973.821712213216,30098.60657557357,28598.89342442643,SEP26,AUG26,2026-08-28,2026-09-18,29348.75,29335.60827616128,FOUND,DEGRADED,SPOT_MONTH_FALLBACK;ESTIMATED_EXPIRY_ALIAS,2026-08-02.2,PUT_CALL_PARITY,SEP26,SEP26=PUT_CALL_PARITY;AUG26=SERIES_FORWARD_CLUSTER;OCT26=SERIES_FORWARD_CLUSTER;DEC29=SERIES_FORWARD_CLUSTER;DEC26=PUT_CALL_PARITY;NOV26=SERIES_FORWARD_CLUSTER;MAR27=SERIES_FORWARD_CLUSTER;JUN27=SERIES_FORWARD_CLUSTER;DEC28=PUT_CALL_PARITY;DEC27=PUT_CALL_PARITY,SEP26=29348.75;AUG26=29412.5;OCT26=30137.875;DEC29=28924;DEC26=20179.125;NOV26=31093;MAR27=24435.5;JUN27=24130.625;DEC28=19739;DEC27=18304.5,DEC26=GLOBAL_REFERENCE_OUTLIER_PUT_CALL_PARITY;DEC28=GLOBAL_REFERENCE_OUTLIER_SERIES_FORWARD_CLUSTER;DEC27=GLOBAL_REFERENCE_OUTLIER_SERIES_FORWARD_CLUSTER,WEIGHTED_ATM,2026-09-04,6,130,0.0,NONE,4660,4136,0,0,517,NONE,MN1;MN2;MN3;MN4;MN5;QMW;QRW;QTW;QWW,OK,NONE,NONE,2026-08-26
NAS,28420.0,-359891.97509175126,0.041707500445692054,0.0,0.0,0.0,0.0,0.0,0.0,29723.678287786784,28973.821712213216,30098.60657557357,28598.89342442643,SEP26,AUG26,2026-08-28,2026-09-18,29348.75,29335.60827616128,FOUND,DEGRADED,SPOT_MONTH_FALLBACK;ESTIMATED_EXPIRY_ALIAS,2026-08-02.2,PUT_CALL_PARITY,SEP26,SEP26=PUT_CALL_PARITY;AUG26=SERIES_FORWARD_CLUSTER;OCT26=SERIES_FORWARD_CLUSTER;DEC29=SERIES_FORWARD_CLUSTER;DEC26=PUT_CALL_PARITY;NOV26=SERIES_FORWARD_CLUSTER;MAR27=SERIES_FORWARD_CLUSTER;JUN27=SERIES_FORWARD_CLUSTER;DEC28=PUT_CALL_PARITY;DEC27=PUT_CALL_PARITY,SEP26=29348.75;AUG26=29412.5;OCT26=30137.875;DEC29=28924;DEC26=20179.125;NOV26=31093;MAR27=24435.5;JUN27=24130.625;DEC28=19739;DEC27=18304.5,DEC26=GLOBAL_REFERENCE_OUTLIER_PUT_CALL_PARITY;DEC28=GLOBAL_REFERENCE_OUTLIER_SERIES_FORWARD_CLUSTER;DEC27=GLOBAL_REFERENCE_OUTLIER_SERIES_FORWARD_CLUSTER,WEIGHTED_ATM,2026-09-04,6,130,0.0,NONE,4660,4136,0,0,517,NONE,MN1;MN2;MN3;MN4;MN5;QMW;QRW;QTW;QWW,OK,NONE,NONE,2026-08-26
NAS,28425.0,-2747233.8240205804,0.31864223190648355,0.0,0.0,0.0,0.0,0.0,0.0,29723.678287786784,28973.821712213216,30098.60657557357,28598.89342442643,SEP26,AUG26,2026-08-28,2026-09-18,29348.75,29335.60827616128,FOUND,DEGRADED,SPOT_MONTH_FALLBACK;ESTIMATED_EXPIRY_ALIAS,2026-08-02.2,PUT_CALL_PARITY,SEP26,SEP26=PUT_CALL_PARITY;AUG26=SERIES_FORWARD_CLUSTER;OCT26=SERIES_FORWARD_CLUSTER;DEC29=SERIES_FORWARD_CLUSTER;DEC26=PUT_CALL_PARITY;NOV26=SERIES_FORWARD_CLUSTER;MAR27=SERIES_FORWARD_CLUSTER;JUN27=SERIES_FORWARD_CLUSTER;DEC28=PUT_CALL_PARITY;DEC27=PUT_CALL_PARITY,SEP26=29348.75;AUG26=29412.5;OCT26=30137.875;DEC29=28924;DEC26=20179.125;NOV26=31093;MAR27=24435.5;JUN27=24130.625;DEC28=19739;DEC27=18304.5,DEC26=GLOBAL_REFERENCE_OUTLIER_PUT_CALL_PARITY;DEC28=GLOBAL_REFERENCE_OUTLIER_SERIES_FORWARD_CLUSTER;DEC27=GLOBAL_REFERENCE_OUTLIER_SERIES_FORWARD_CLUSTER,WEIGHTED_ATM,2026-09-04,6,130,0.0,NONE,4660,4136,0,0,517,NONE,MN1;MN2;MN3;MN4;MN5;QMW;QRW;QTW;QWW,OK,NONE,NONE,2026-08-26
NAS,28430.0,-635943.6868880445,0.07364691308540056,0.0,0.0,0.0,0.0,0.0,0.0,29723.678287786784,28973.821712213216,30098.60657557357,28598.89342442643,SEP26,AUG26,2026-08-28,2026-09-18,29348.75,29335.60827616128,FOUND,DEGRADED,SPOT_MONTH_FALLBACK;ESTIMATED_EXPIRY_ALIAS,2026-08-02.2,PUT_CALL_PARITY,SEP26,SEP26=PUT_CALL_PARITY;AUG26=SERIES_FORWARD_CLUSTER;OCT26=SERIES_FORWARD_CLUSTER;DEC29=SERIES_FORWARD_CLUSTER;DEC26=PUT_CALL_PARITY;NOV26=SERIES_FORWARD_CLUSTER;MAR27=SERIES_FORWARD_CLUSTER;JUN27=SERIES_FORWARD_CLUSTER;DEC28=PUT_CALL_PARITY;DEC27=PUT_CALL_PARITY,SEP26=29348.75;AUG26=29412.5;OCT26=30137.875;DEC29=28924;DEC26=20179.125;NOV26=31093;MAR27=24435.5;JUN27=24130.625;DEC28=19739;DEC27=18304.5,DEC26=GLOBAL_REFERENCE_OUTLIER_PUT_CALL_PARITY;DEC28=GLOBAL_REFERENCE_OUTLIER_SERIES_FORWARD_CLUSTER;DEC27=GLOBAL_REFERENCE_OUTLIER_SERIES_FORWARD_CLUSTER,WEIGHTED_ATM,2026-09-04,6,130,0.0,NONE,4660,4136,0,0,517,NONE,MN1;MN2;MN3;MN4;MN5;QMW;QRW;QTW;QWW,OK,NONE,NONE,2026-08-26
NAS,28440.0,-206886.27964733128,0.02395594132977122,0.0,0.0,0.0,0.0,0.0,0.0,29723.678287786784,28973.821712213216,30098.60657557357,28598.89342442643,SEP26,AUG26,2026-08-28,2026-09-18,29348.75,29335.60827616128,FOUND,DEGRADED,SPOT_MONTH_FALLBACK;ESTIMATED_EXPIRY_ALIAS,2026-08-02.2,PUT_CALL_PARITY,SEP26,SEP26=PUT_CALL_PARITY;AUG26=SERIES_FORWARD_CLUSTER;OCT26=SERIES_FORWARD_CLUSTER;DEC29=SERIES_FORWARD_CLUSTER;DEC26=PUT_CALL_PARITY;NOV26=SERIES_FORWARD_CLUSTER;MAR27=SERIES_FORWARD_CLUSTER;JUN27=SERIES_FORWARD_CLUSTER;DEC28=PUT_CALL_PARITY;DEC27=PUT_CALL_PARITY,SEP26=29348.75;AUG26=29412.5;OCT26=30137.875;DEC29=28924;DEC26=20179.125;NOV26=31093;MAR27=24435.5;JUN27=24130.625;DEC28=19739;DEC27=18304.5,DEC26=GLOBAL_REFERENCE_OUTLIER_PUT_CALL_PARITY;DEC28=GLOBAL_REFERENCE_OUTLIER_SERIES_FORWARD_CLUSTER;DEC27=GLOBAL_REFERENCE_OUTLIER_SERIES_FORWARD_CLUSTER,WEIGHTED_ATM,2026-09-04,6,130,0.0,NONE,4660,4136,0,0,517,NONE,MN1;MN2;MN3;MN4;MN5;QMW;QRW;QTW;QWW,OK,NONE,NONE,2026-08-26
NAS,28450.0,-13613225.655124156,1.5903961645026268,0.0,0.0,0.0,0.0,0.0,0.0,29723.678287786784,28973.821712213216,30098.60657557357,28598.89342442643,SEP26,AUG26,2026-08-28,2026-09-18,29348.75,29335.60827616128,FOUND,DEGRADED,SPOT_MONTH_FALLBACK;ESTIMATED_EXPIRY_ALIAS,2026-08-02.2,PUT_CALL_PARITY,SEP26,SEP26=PUT_CALL_PARITY;AUG26=SERIES_FORWARD_CLUSTER;OCT26=SERIES_FORWARD_CLUSTER;DEC29=SERIES_FORWARD_CLUSTER;DEC26=PUT_CALL_PARITY;NOV26=SERIES_FORWARD_CLUSTER;MAR27=SERIES_FORWARD_CLUSTER;JUN27=SERIES_FORWARD_CLUSTER;DEC28=PUT_CALL_PARITY;DEC27=PUT_CALL_PARITY,SEP26=29348.75;AUG26=29412.5;OCT26=30137.875;DEC29=28924;DEC26=20179.125;NOV26=31093;MAR27=24435.5;JUN27=24130.625;DEC28=19739;DEC27=18304.5,DEC26=GLOBAL_REFERENCE_OUTLIER_PUT_CALL_PARITY;DEC28=GLOBAL_REFERENCE_OUTLIER_SERIES_FORWARD_CLUSTER;DEC27=GLOBAL_REFERENCE_OUTLIER_SERIES_FORWARD_CLUSTER,WEIGHTED_ATM,2026-09-04,6,130,0.0,NONE,4660,4136,0,0,517,NONE,MN1;MN2;MN3;MN4;MN5;QMW;QRW;QTW;QWW,OK,NONE,NONE,2026-08-26
NAS,28460.0,-338023.44042772625,0.03909501060486217,0.0,0.0,0.0,0.0,0.0,0.0,29723.678287786784,28973.821712213216,30098.60657557357,28598.89342442643,SEP26,AUG26,2026-08-28,2026-09-18,29348.75,29335.60827616128,FOUND,DEGRADED,SPOT_MONTH_FALLBACK;ESTIMATED_EXPIRY_ALIAS,2026-08-02.2,PUT_CALL_PARITY,SEP26,SEP26=PUT_CALL_PARITY;AUG26=SERIES_FORWARD_CLUSTER;OCT26=SERIES_FORWARD_CLUSTER;DEC29=SERIES_FORWARD_CLUSTER;DEC26=PUT_CALL_PARITY;NOV26=SERIES_FORWARD_CLUSTER;MAR27=SERIES_FORWARD_CLUSTER;JUN27=SERIES_FORWARD_CLUSTER;DEC28=PUT_CALL_PARITY;DEC27=PUT_CALL_PARITY,SEP26=29348.75;AUG26=29412.5;OCT26=30137.875;DEC29=28924;DEC26=20179.125;NOV26=31093;MAR27=24435.5;JUN27=24130.625;DEC28=19739;DEC27=18304.5,DEC26=GLOBAL_REFERENCE_OUTLIER_PUT_CALL_PARITY;DEC28=GLOBAL_REFERENCE_OUTLIER_SERIES_FORWARD_CLUSTER;DEC27=GLOBAL_REFERENCE_OUTLIER_SERIES_FORWARD_CLUSTER,WEIGHTED_ATM,2026-09-04,6,130,0.0,NONE,4660,4136,0,0,517,NONE,MN1;MN2;MN3;MN4;MN5;QMW;QRW;QTW;QWW,OK,NONE,NONE,2026-08-26
NAS,28470.0,-178680.7256528741,0.020676748522458006,0.0,0.0,0.0,0.0,0.0,0.0,29723.678287786784,28973.821712213216,30098.60657557357,28598.89342442643,SEP26,AUG26,2026-08-28,2026-09-18,29348.75,29335.60827616128,FOUND,DEGRADED,SPOT_MONTH_FALLBACK;ESTIMATED_EXPIRY_ALIAS,2026-08-02.2,PUT_CALL_PARITY,SEP26,SEP26=PUT_CALL_PARITY;AUG26=SERIES_FORWARD_CLUSTER;OCT26=SERIES_FORWARD_CLUSTER;DEC29=SERIES_FORWARD_CLUSTER;DEC26=PUT_CALL_PARITY;NOV26=SERIES_FORWARD_CLUSTER;MAR27=SERIES_FORWARD_CLUSTER;JUN27=SERIES_FORWARD_CLUSTER;DEC28=PUT_CALL_PARITY;DEC27=PUT_CALL_PARITY,SEP26=29348.75;AUG26=29412.5;OCT26=30137.875;DEC29=28924;DEC26=20179.125;NOV26=31093;MAR27=24435.5;JUN27=24130.625;DEC28=19739;DEC27=18304.5,DEC26=GLOBAL_REFERENCE_OUTLIER_PUT_CALL_PARITY;DEC28=GLOBAL_REFERENCE_OUTLIER_SERIES_FORWARD_CLUSTER;DEC27=GLOBAL_REFERENCE_OUTLIER_SERIES_FORWARD_CLUSTER,WEIGHTED_ATM,2026-09-04,6,130,0.0,NONE,4660,4136,0,0,517,NONE,MN1;MN2;MN3;MN4;MN5;QMW;QRW;QTW;QWW,OK,NONE,NONE,2026-08-26
NAS,28475.0,-1478828.1883639395,0.17141417035891968,0.0,0.0,0.0,0.0,0.0,0.0,29723.678287786784,28973.821712213216,30098.60657557357,28598.89342442643,SEP26,AUG26,2026-08-28,2026-09-18,29348.75,29335.60827616128,FOUND,DEGRADED,SPOT_MONTH_FALLBACK;ESTIMATED_EXPIRY_ALIAS,2026-08-02.2,PUT_CALL_PARITY,SEP26,SEP26=PUT_CALL_PARITY;AUG26=SERIES_FORWARD_CLUSTER;OCT26=SERIES_FORWARD_CLUSTER;DEC29=SERIES_FORWARD_CLUSTER;DEC26=PUT_CALL_PARITY;NOV26=SERIES_FORWARD_CLUSTER;MAR27=SERIES_FORWARD_CLUSTER;JUN27=SERIES_FORWARD_CLUSTER;DEC28=PUT_CALL_PARITY;DEC27=PUT_CALL_PARITY,SEP26=29348.75;AUG26=29412.5;OCT26=30137.875;DEC29=28924;DEC26=20179.125;NOV26=31093;MAR27=24435.5;JUN27=24130.625;DEC28=19739;DEC27=18304.5,DEC26=GLOBAL_REFERENCE_OUTLIER_PUT_CALL_PARITY;DEC28=GLOBAL_REFERENCE_OUTLIER_SERIES_FORWARD_CLUSTER;DEC27=GLOBAL_REFERENCE_OUTLIER_SERIES_FORWARD_CLUSTER,WEIGHTED_ATM,2026-09-04,6,130,0.0,NONE,4660,4136,0,0,517,NONE,MN1;MN2;MN3;MN4;MN5;QMW;QRW;QTW;QWW,OK,NONE,NONE,2026-08-26
NAS,28480.0,-160746.9248579024,0.01862767855943641,0.0,0.0,0.0,0.0,0.0,0.0,29723.678287786784,28973.821712213216,30098.60657557357,28598.89342442643,SEP26,AUG26,2026-08-28,2026-09-18,29348.75,29335.60827616128,FOUND,DEGRADED,SPOT_MONTH_FALLBACK;ESTIMATED_EXPIRY_ALIAS,2026-08-02.2,PUT_CALL_PARITY,SEP26,SEP26=PUT_CALL_PARITY;AUG26=SERIES_FORWARD_CLUSTER;OCT26=SERIES_FORWARD_CLUSTER;DEC29=SERIES_FORWARD_CLUSTER;DEC26=PUT_CALL_PARITY;NOV26=SERIES_FORWARD_CLUSTER;MAR27=SERIES_FORWARD_CLUSTER;JUN27=SERIES_FORWARD_CLUSTER;DEC28=PUT_CALL_PARITY;DEC27=PUT_CALL_PARITY,SEP26=29348.75;AUG26=29412.5;OCT26=30137.875;DEC29=28924;DEC26=20179.125;NOV26=31093;MAR27=24435.5;JUN27=24130.625;DEC28=19739;DEC27=18304.5,DEC26=GLOBAL_REFERENCE_OUTLIER_PUT_CALL_PARITY;DEC28=GLOBAL_REFERENCE_OUTLIER_SERIES_FORWARD_CLUSTER;DEC27=GLOBAL_REFERENCE_OUTLIER_SERIES_FORWARD_CLUSTER,WEIGHTED_ATM,2026-09-04,6,130,0.0,NONE,4660,4136,0,0,517,NONE,MN1;MN2;MN3;MN4;MN5;QMW;QRW;QTW;QWW,OK,NONE,NONE,2026-08-26
NAS,28490.0,-411952.05931761814,0.047631268183350006,0.0,0.0,0.0,0.0,0.0,0.0,29723.678287786784,28973.821712213216,30098.60657557357,28598.89342442643,SEP26,AUG26,2026-08-28,2026-09-18,29348.75,29335.60827616128,FOUND,DEGRADED,SPOT_MONTH_FALLBACK;ESTIMATED_EXPIRY_ALIAS,2026-08-02.2,PUT_CALL_PARITY,SEP26,SEP26=PUT_CALL_PARITY;AUG26=SERIES_FORWARD_CLUSTER;OCT26=SERIES_FORWARD_CLUSTER;DEC29=SERIES_FORWARD_CLUSTER;DEC26=PUT_CALL_PARITY;NOV26=SERIES_FORWARD_CLUSTER;MAR27=SERIES_FORWARD_CLUSTER;JUN27=SERIES_FORWARD_CLUSTER;DEC28=PUT_CALL_PARITY;DEC27=PUT_CALL_PARITY,SEP26=29348.75;AUG26=29412.5;OCT26=30137.875;DEC29=28924;DEC26=20179.125;NOV26=31093;MAR27=24435.5;JUN27=24130.625;DEC28=19739;DEC27=18304.5,DEC26=GLOBAL_REFERENCE_OUTLIER_PUT_CALL_PARITY;DEC28=GLOBAL_REFERENCE_OUTLIER_SERIES_FORWARD_CLUSTER;DEC27=GLOBAL_REFERENCE_OUTLIER_SERIES_FORWARD_CLUSTER,WEIGHTED_ATM,2026-09-04,6,130,0.0,NONE,4660,4136,0,0,517,NONE,MN1;MN2;MN3;MN4;MN5;QMW;QRW;QTW;QWW,OK,NONE,NONE,2026-08-26
NAS,28500.0,-106492389.239891,12.65987543545131,0.0,0.0,0.0,0.0,0.0,0.0,29723.678287786784,28973.821712213216,30098.60657557357,28598.89342442643,SEP26,AUG26,2026-08-28,2026-09-18,29348.75,29335.60827616128,FOUND,DEGRADED,SPOT_MONTH_FALLBACK;ESTIMATED_EXPIRY_ALIAS,2026-08-02.2,PUT_CALL_PARITY,SEP26,SEP26=PUT_CALL_PARITY;AUG26=SERIES_FORWARD_CLUSTER;OCT26=SERIES_FORWARD_CLUSTER;DEC29=SERIES_FORWARD_CLUSTER;DEC26=PUT_CALL_PARITY;NOV26=SERIES_FORWARD_CLUSTER;MAR27=SERIES_FORWARD_CLUSTER;JUN27=SERIES_FORWARD_CLUSTER;DEC28=PUT_CALL_PARITY;DEC27=PUT_CALL_PARITY,SEP26=29348.75;AUG26=29412.5;OCT26=30137.875;DEC29=28924;DEC26=20179.125;NOV26=31093;MAR27=24435.5;JUN27=24130.625;DEC28=19739;DEC27=18304.5,DEC26=GLOBAL_REFERENCE_OUTLIER_PUT_CALL_PARITY;DEC28=GLOBAL_REFERENCE_OUTLIER_SERIES_FORWARD_CLUSTER;DEC27=GLOBAL_REFERENCE_OUTLIER_SERIES_FORWARD_CLUSTER,WEIGHTED_ATM,2026-09-04,6,130,0.0,NONE,4660,4136,0,0,517,NONE,MN1;MN2;MN3;MN4;MN5;QMW;QRW;QTW;QWW,OK,NONE,NONE,2026-08-26
NAS,28510.0,-452260.3360846393,0.052394869861177785,0.0,0.0,0.0,0.0,0.0,0.0,29723.678287786784,28973.821712213216,30098.60657557357,28598.89342442643,SEP26,AUG26,2026-08-28,2026-09-18,29348.75,29335.60827616128,FOUND,DEGRADED,SPOT_MONTH_FALLBACK;ESTIMATED_EXPIRY_ALIAS,2026-08-02.2,PUT_CALL_PARITY,SEP26,SEP26=PUT_CALL_PARITY;AUG26=SERIES_FORWARD_CLUSTER;OCT26=SERIES_FORWARD_CLUSTER;DEC29=SERIES_FORWARD_CLUSTER;DEC26=PUT_CALL_PARITY;NOV26=SERIES_FORWARD_CLUSTER;MAR27=SERIES_FORWARD_CLUSTER;JUN27=SERIES_FORWARD_CLUSTER;DEC28=PUT_CALL_PARITY;DEC27=PUT_CALL_PARITY,SEP26=29348.75;AUG26=29412.5;OCT26=30137.875;DEC29=28924;DEC26=20179.125;NOV26=31093;MAR27=24435.5;JUN27=24130.625;DEC28=19739;DEC27=18304.5,DEC26=GLOBAL_REFERENCE_OUTLIER_PUT_CALL_PARITY;DEC28=GLOBAL_REFERENCE_OUTLIER_SERIES_FORWARD_CLUSTER;DEC27=GLOBAL_REFERENCE_OUTLIER_SERIES_FORWARD_CLUSTER,WEIGHTED_ATM,2026-09-04,6,130,0.0,NONE,4660,4136,0,0,517,NONE,MN1;MN2;MN3;MN4;MN5;QMW;QRW;QTW;QWW,OK,NONE,NONE,2026-08-26
NAS,28520.0,-127706.1627271455,0.014826295028219208,0.0,0.0,0.0,0.0,0.0,0.0,29723.678287786784,28973.821712213216,30098.60657557357,28598.89342442643,SEP26,AUG26,2026-08-28,2026-09-18,29348.75,29335.60827616128,FOUND,DEGRADED,SPOT_MONTH_FALLBACK;ESTIMATED_EXPIRY_ALIAS,2026-08-02.2,PUT_CALL_PARITY,SEP26,SEP26=PUT_CALL_PARITY;AUG26=SERIES_FORWARD_CLUSTER;OCT26=SERIES_FORWARD_CLUSTER;DEC29=SERIES_FORWARD_CLUSTER;DEC26=PUT_CALL_PARITY;NOV26=SERIES_FORWARD_CLUSTER;MAR27=SERIES_FORWARD_CLUSTER;JUN27=SERIES_FORWARD_CLUSTER;DEC28=PUT_CALL_PARITY;DEC27=PUT_CALL_PARITY,SEP26=29348.75;AUG26=29412.5;OCT26=30137.875;DEC29=28924;DEC26=20179.125;NOV26=31093;MAR27=24435.5;JUN27=24130.625;DEC28=19739;DEC27=18304.5,DEC26=GLOBAL_REFERENCE_OUTLIER_PUT_CALL_PARITY;DEC28=GLOBAL_REFERENCE_OUTLIER_SERIES_FORWARD_CLUSTER;DEC27=GLOBAL_REFERENCE_OUTLIER_SERIES_FORWARD_CLUSTER,WEIGHTED_ATM,2026-09-04,6,130,0.0,NONE,4660,4136,0,0,517,NONE,MN1;MN2;MN3;MN4;MN5;QMW;QRW;QTW;QWW,OK,NONE,NONE,2026-08-26
NAS,28525.0,-1849147.107603419,0.2145075645833195,0.0,0.0,0.0,0.0,0.0,0.0,29723.678287786784,28973.821712213216,30098.60657557357,28598.89342442643,SEP26,AUG26,2026-08-28,2026-09-18,29348.75,29335.60827616128,FOUND,DEGRADED,SPOT_MONTH_FALLBACK;ESTIMATED_EXPIRY_ALIAS,2026-08-02.2,PUT_CALL_PARITY,SEP26,SEP26=PUT_CALL_PARITY;AUG26=SERIES_FORWARD_CLUSTER;OCT26=SERIES_FORWARD_CLUSTER;DEC29=SERIES_FORWARD_CLUSTER;DEC26=PUT_CALL_PARITY;NOV26=SERIES_FORWARD_CLUSTER;MAR27=SERIES_FORWARD_CLUSTER;JUN27=SERIES_FORWARD_CLUSTER;DEC28=PUT_CALL_PARITY;DEC27=PUT_CALL_PARITY,SEP26=29348.75;AUG26=29412.5;OCT26=30137.875;DEC29=28924;DEC26=20179.125;NOV26=31093;MAR27=24435.5;JUN27=24130.625;DEC28=19739;DEC27=18304.5,DEC26=GLOBAL_REFERENCE_OUTLIER_PUT_CALL_PARITY;DEC28=GLOBAL_REFERENCE_OUTLIER_SERIES_FORWARD_CLUSTER;DEC27=GLOBAL_REFERENCE_OUTLIER_SERIES_FORWARD_CLUSTER,WEIGHTED_ATM,2026-09-04,6,130,0.0,NONE,4660,4136,0,0,517,NONE,MN1;MN2;MN3;MN4;MN5;QMW;QRW;QTW;QWW,OK,NONE,NONE,2026-08-26
NAS,28530.0,-82940.944414989,0.00962919005281777,0.0,0.0,0.0,0.0,0.0,0.0,29723.678287786784,28973.821712213216,30098.60657557357,28598.89342442643,SEP26,AUG26,2026-08-28,2026-09-18,29348.75,29335.60827616128,FOUND,DEGRADED,SPOT_MONTH_FALLBACK;ESTIMATED_EXPIRY_ALIAS,2026-08-02.2,PUT_CALL_PARITY,SEP26,SEP26=PUT_CALL_PARITY;AUG26=SERIES_FORWARD_CLUSTER;OCT26=SERIES_FORWARD_CLUSTER;DEC29=SERIES_FORWARD_CLUSTER;DEC26=PUT_CALL_PARITY;NOV26=SERIES_FORWARD_CLUSTER;MAR27=SERIES_FORWARD_CLUSTER;JUN27=SERIES_FORWARD_CLUSTER;DEC28=PUT_CALL_PARITY;DEC27=PUT_CALL_PARITY,SEP26=29348.75;AUG26=29412.5;OCT26=30137.875;DEC29=28924;DEC26=20179.125;NOV26=31093;MAR27=24435.5;JUN27=24130.625;DEC28=19739;DEC27=18304.5,DEC26=GLOBAL_REFERENCE_OUTLIER_PUT_CALL_PARITY;DEC28=GLOBAL_REFERENCE_OUTLIER_SERIES_FORWARD_CLUSTER;DEC27=GLOBAL_REFERENCE_OUTLIER_SERIES_FORWARD_CLUSTER,WEIGHTED_ATM,2026-09-04,6,130,0.0,NONE,4660,4136,0,0,517,NONE,MN1;MN2;MN3;MN4;MN5;QMW;QRW;QTW;QWW,OK,NONE,NONE,2026-08-26
NAS,28540.0,-8244295.156746114,0.9530648714235923,0.0,0.0,0.0,0.0,0.0,0.0,29723.678287786784,28973.821712213216,30098.60657557357,28598.89342442643,SEP26,AUG26,2026-08-28,2026-09-18,29348.75,29335.60827616128,FOUND,DEGRADED,SPOT_MONTH_FALLBACK;ESTIMATED_EXPIRY_ALIAS,2026-08-02.2,PUT_CALL_PARITY,SEP26,SEP26=PUT_CALL_PARITY;AUG26=SERIES_FORWARD_CLUSTER;OCT26=SERIES_FORWARD_CLUSTER;DEC29=SERIES_FORWARD_CLUSTER;DEC26=PUT_CALL_PARITY;NOV26=SERIES_FORWARD_CLUSTER;MAR27=SERIES_FORWARD_CLUSTER;JUN27=SERIES_FORWARD_CLUSTER;DEC28=PUT_CALL_PARITY;DEC27=PUT_CALL_PARITY,SEP26=29348.75;AUG26=29412.5;OCT26=30137.875;DEC29=28924;DEC26=20179.125;NOV26=31093;MAR27=24435.5;JUN27=24130.625;DEC28=19739;DEC27=18304.5,DEC26=GLOBAL_REFERENCE_OUTLIER_PUT_CALL_PARITY;DEC28=GLOBAL_REFERENCE_OUTLIER_SERIES_FORWARD_CLUSTER;DEC27=GLOBAL_REFERENCE_OUTLIER_SERIES_FORWARD_CLUSTER,WEIGHTED_ATM,2026-09-04,6,130,0.0,NONE,4660,4136,0,0,517,NONE,MN1;MN2;MN3;MN4;MN5;QMW;QRW;QTW;QWW,OK,NONE,NONE,2026-08-26
NAS,28550.0,-24432092.024393138,2.8488561428734323,0.0,0.0,0.0,0.0,0.0,0.0,29723.678287786784,28973.821712213216,30098.60657557357,28598.89342442643,SEP26,AUG26,2026-08-28,2026-09-18,29348.75,29335.60827616128,FOUND,DEGRADED,SPOT_MONTH_FALLBACK;ESTIMATED_EXPIRY_ALIAS,2026-08-02.2,PUT_CALL_PARITY,SEP26,SEP26=PUT_CALL_PARITY;AUG26=SERIES_FORWARD_CLUSTER;OCT26=SERIES_FORWARD_CLUSTER;DEC29=SERIES_FORWARD_CLUSTER;DEC26=PUT_CALL_PARITY;NOV26=SERIES_FORWARD_CLUSTER;MAR27=SERIES_FORWARD_CLUSTER;JUN27=SERIES_FORWARD_CLUSTER;DEC28=PUT_CALL_PARITY;DEC27=PUT_CALL_PARITY,SEP26=29348.75;AUG26=29412.5;OCT26=30137.875;DEC29=28924;DEC26=20179.125;NOV26=31093;MAR27=24435.5;JUN27=24130.625;DEC28=19739;DEC27=18304.5,DEC26=GLOBAL_REFERENCE_OUTLIER_PUT_CALL_PARITY;DEC28=GLOBAL_REFERENCE_OUTLIER_SERIES_FORWARD_CLUSTER;DEC27=GLOBAL_REFERENCE_OUTLIER_SERIES_FORWARD_CLUSTER,WEIGHTED_ATM,2026-09-04,6,130,0.0,NONE,4660,4136,0,0,517,NONE,MN1;MN2;MN3;MN4;MN5;QMW;QRW;QTW;QWW,OK,NONE,NONE,2026-08-26
NAS,28560.0,-133408.48843348326,0.015467512848647585,0.0,0.0,0.0,0.0,0.0,0.0,29723.678287786784,28973.821712213216,30098.60657557357,28598.89342442643,SEP26,AUG26,2026-08-28,2026-09-18,29348.75,29335.60827616128,FOUND,DEGRADED,SPOT_MONTH_FALLBACK;ESTIMATED_EXPIRY_ALIAS,2026-08-02.2,PUT_CALL_PARITY,SEP26,SEP26=PUT_CALL_PARITY;AUG26=SERIES_FORWARD_CLUSTER;OCT26=SERIES_FORWARD_CLUSTER;DEC29=SERIES_FORWARD_CLUSTER;DEC26=PUT_CALL_PARITY;NOV26=SERIES_FORWARD_CLUSTER;MAR27=SERIES_FORWARD_CLUSTER;JUN27=SERIES_FORWARD_CLUSTER;DEC28=PUT_CALL_PARITY;DEC27=PUT_CALL_PARITY,SEP26=29348.75;AUG26=29412.5;OCT26=30137.875;DEC29=28924;DEC26=20179.125;NOV26=31093;MAR27=24435.5;JUN27=24130.625;DEC28=19739;DEC27=18304.5,DEC26=GLOBAL_REFERENCE_OUTLIER_PUT_CALL_PARITY;DEC28=GLOBAL_REFERENCE_OUTLIER_SERIES_FORWARD_CLUSTER;DEC27=GLOBAL_REFERENCE_OUTLIER_SERIES_FORWARD_CLUSTER,WEIGHTED_ATM,2026-09-04,6,130,0.0,NONE,4660,4136,0,0,517,NONE,MN1;MN2;MN3;MN4;MN5;QMW;QRW;QTW;QWW,OK,NONE,NONE,2026-08-26
NAS,28570.0,-832958.2749769224,0.09640677380644541,0.0,0.0,0.0,0.0,0.0,0.0,29723.678287786784,28973.821712213216,30098.60657557357,28598.89342442643,SEP26,AUG26,2026-08-28,2026-09-18,29348.75,29335.60827616128,FOUND,DEGRADED,SPOT_MONTH_FALLBACK;ESTIMATED_EXPIRY_ALIAS,2026-08-02.2,PUT_CALL_PARITY,SEP26,SEP26=PUT_CALL_PARITY;AUG26=SERIES_FORWARD_CLUSTER;OCT26=SERIES_FORWARD_CLUSTER;DEC29=SERIES_FORWARD_CLUSTER;DEC26=PUT_CALL_PARITY;NOV26=SERIES_FORWARD_CLUSTER;MAR27=SERIES_FORWARD_CLUSTER;JUN27=SERIES_FORWARD_CLUSTER;DEC28=PUT_CALL_PARITY;DEC27=PUT_CALL_PARITY,SEP26=29348.75;AUG26=29412.5;OCT26=30137.875;DEC29=28924;DEC26=20179.125;NOV26=31093;MAR27=24435.5;JUN27=24130.625;DEC28=19739;DEC27=18304.5,DEC26=GLOBAL_REFERENCE_OUTLIER_PUT_CALL_PARITY;DEC28=GLOBAL_REFERENCE_OUTLIER_SERIES_FORWARD_CLUSTER;DEC27=GLOBAL_REFERENCE_OUTLIER_SERIES_FORWARD_CLUSTER,WEIGHTED_ATM,2026-09-04,6,130,0.0,NONE,4660,4136,0,0,517,NONE,MN1;MN2;MN3;MN4;MN5;QMW;QRW;QTW;QWW,OK,NONE,NONE,2026-08-26
NAS,28575.0,-3512349.658922862,0.40757576631030257,0.0,0.0,0.0,0.0,0.0,0.0,29723.678287786784,28973.821712213216,30098.60657557357,28598.89342442643,SEP26,AUG26,2026-08-28,2026-09-18,29348.75,29335.60827616128,FOUND,DEGRADED,SPOT_MONTH_FALLBACK;ESTIMATED_EXPIRY_ALIAS,2026-08-02.2,PUT_CALL_PARITY,SEP26,SEP26=PUT_CALL_PARITY;AUG26=SERIES_FORWARD_CLUSTER;OCT26=SERIES_FORWARD_CLUSTER;DEC29=SERIES_FORWARD_CLUSTER;DEC26=PUT_CALL_PARITY;NOV26=SERIES_FORWARD_CLUSTER;MAR27=SERIES_FORWARD_CLUSTER;JUN27=SERIES_FORWARD_CLUSTER;DEC28=PUT_CALL_PARITY;DEC27=PUT_CALL_PARITY,SEP26=29348.75;AUG26=29412.5;OCT26=30137.875;DEC29=28924;DEC26=20179.125;NOV26=31093;MAR27=24435.5;JUN27=24130.625;DEC28=19739;DEC27=18304.5,DEC26=GLOBAL_REFERENCE_OUTLIER_PUT_CALL_PARITY;DEC28=GLOBAL_REFERENCE_OUTLIER_SERIES_FORWARD_CLUSTER;DEC27=GLOBAL_REFERENCE_OUTLIER_SERIES_FORWARD_CLUSTER,WEIGHTED_ATM,2026-09-04,6,130,0.0,NONE,4660,4136,0,0,517,NONE,MN1;MN2;MN3;MN4;MN5;QMW;QRW;QTW;QWW,OK,NONE,NONE,2026-08-26
NAS,28580.0,-8803369.451167399,1.017694396939142,0.0,0.0,0.0,0.0,0.0,0.0,29723.678287786784,28973.821712213216,30098.60657557357,28598.89342442643,SEP26,AUG26,2026-08-28,2026-09-18,29348.75,29335.60827616128,FOUND,DEGRADED,SPOT_MONTH_FALLBACK;ESTIMATED_EXPIRY_ALIAS,2026-08-02.2,PUT_CALL_PARITY,SEP26,SEP26=PUT_CALL_PARITY;AUG26=SERIES_FORWARD_CLUSTER;OCT26=SERIES_FORWARD_CLUSTER;DEC29=SERIES_FORWARD_CLUSTER;DEC26=PUT_CALL_PARITY;NOV26=SERIES_FORWARD_CLUSTER;MAR27=SERIES_FORWARD_CLUSTER;JUN27=SERIES_FORWARD_CLUSTER;DEC28=PUT_CALL_PARITY;DEC27=PUT_CALL_PARITY,SEP26=29348.75;AUG26=29412.5;OCT26=30137.875;DEC29=28924;DEC26=20179.125;NOV26=31093;MAR27=24435.5;JUN27=24130.625;DEC28=19739;DEC27=18304.5,DEC26=GLOBAL_REFERENCE_OUTLIER_PUT_CALL_PARITY;DEC28=GLOBAL_REFERENCE_OUTLIER_SERIES_FORWARD_CLUSTER;DEC27=GLOBAL_REFERENCE_OUTLIER_SERIES_FORWARD_CLUSTER,WEIGHTED_ATM,2026-09-04,6,130,0.0,NONE,4660,4136,0,0,517,NONE,MN1;MN2;MN3;MN4;MN5;QMW;QRW;QTW;QWW,OK,NONE,NONE,2026-08-26
NAS,28590.0,-529426.1716291257,0.061353634347014,0.0,0.0,0.0,0.0,0.0,0.0,29723.678287786784,28973.821712213216,30098.60657557357,28598.89342442643,SEP26,AUG26,2026-08-28,2026-09-18,29348.75,29335.60827616128,FOUND,DEGRADED,SPOT_MONTH_FALLBACK;ESTIMATED_EXPIRY_ALIAS,2026-08-02.2,PUT_CALL_PARITY,SEP26,SEP26=PUT_CALL_PARITY;AUG26=SERIES_FORWARD_CLUSTER;OCT26=SERIES_FORWARD_CLUSTER;DEC29=SERIES_FORWARD_CLUSTER;DEC26=PUT_CALL_PARITY;NOV26=SERIES_FORWARD_CLUSTER;MAR27=SERIES_FORWARD_CLUSTER;JUN27=SERIES_FORWARD_CLUSTER;DEC28=PUT_CALL_PARITY;DEC27=PUT_CALL_PARITY,SEP26=29348.75;AUG26=29412.5;OCT26=30137.875;DEC29=28924;DEC26=20179.125;NOV26=31093;MAR27=24435.5;JUN27=24130.625;DEC28=19739;DEC27=18304.5,DEC26=GLOBAL_REFERENCE_OUTLIER_PUT_CALL_PARITY;DEC28=GLOBAL_REFERENCE_OUTLIER_SERIES_FORWARD_CLUSTER;DEC27=GLOBAL_REFERENCE_OUTLIER_SERIES_FORWARD_CLUSTER,WEIGHTED_ATM,2026-09-04,6,130,0.0,NONE,4660,4136,0,0,517,NONE,MN1;MN2;MN3;MN4;MN5;QMW;QRW;QTW;QWW,OK,NONE,NONE,2026-08-26
NAS,28600.0,-35624158.93038572,6.567357539977923,0.0,0.0,0.0,0.0,0.0,0.0,29723.678287786784,28973.821712213216,30098.60657557357,28598.89342442643,SEP26,AUG26,2026-08-28,2026-09-18,29348.75,29335.60827616128,FOUND,DEGRADED,SPOT_MONTH_FALLBACK;ESTIMATED_EXPIRY_ALIAS,2026-08-02.2,PUT_CALL_PARITY,SEP26,SEP26=PUT_CALL_PARITY;AUG26=SERIES_FORWARD_CLUSTER;OCT26=SERIES_FORWARD_CLUSTER;DEC29=SERIES_FORWARD_CLUSTER;DEC26=PUT_CALL_PARITY;NOV26=SERIES_FORWARD_CLUSTER;MAR27=SERIES_FORWARD_CLUSTER;JUN27=SERIES_FORWARD_CLUSTER;DEC28=PUT_CALL_PARITY;DEC27=PUT_CALL_PARITY,SEP26=29348.75;AUG26=29412.5;OCT26=30137.875;DEC29=28924;DEC26=20179.125;NOV26=31093;MAR27=24435.5;JUN27=24130.625;DEC28=19739;DEC27=18304.5,DEC26=GLOBAL_REFERENCE_OUTLIER_PUT_CALL_PARITY;DEC28=GLOBAL_REFERENCE_OUTLIER_SERIES_FORWARD_CLUSTER;DEC27=GLOBAL_REFERENCE_OUTLIER_SERIES_FORWARD_CLUSTER,WEIGHTED_ATM,2026-09-04,6,130,0.0,NONE,4660,4136,0,0,517,NONE,MN1;MN2;MN3;MN4;MN5;QMW;QRW;QTW;QWW,OK,NONE,NONE,2026-08-26
NAS,28610.0,-958820.2799423478,0.11085239881440698,0.0,0.0,0.0,0.0,0.0,0.0,29723.678287786784,28973.821712213216,30098.60657557357,28598.89342442643,SEP26,AUG26,2026-08-28,2026-09-18,29348.75,29335.60827616128,FOUND,DEGRADED,SPOT_MONTH_FALLBACK;ESTIMATED_EXPIRY_ALIAS,2026-08-02.2,PUT_CALL_PARITY,SEP26,SEP26=PUT_CALL_PARITY;AUG26=SERIES_FORWARD_CLUSTER;OCT26=SERIES_FORWARD_CLUSTER;DEC29=SERIES_FORWARD_CLUSTER;DEC26=PUT_CALL_PARITY;NOV26=SERIES_FORWARD_CLUSTER;MAR27=SERIES_FORWARD_CLUSTER;JUN27=SERIES_FORWARD_CLUSTER;DEC28=PUT_CALL_PARITY;DEC27=PUT_CALL_PARITY,SEP26=29348.75;AUG26=29412.5;OCT26=30137.875;DEC29=28924;DEC26=20179.125;NOV26=31093;MAR27=24435.5;JUN27=24130.625;DEC28=19739;DEC27=18304.5,DEC26=GLOBAL_REFERENCE_OUTLIER_PUT_CALL_PARITY;DEC28=GLOBAL_REFERENCE_OUTLIER_SERIES_FORWARD_CLUSTER;DEC27=GLOBAL_REFERENCE_OUTLIER_SERIES_FORWARD_CLUSTER,WEIGHTED_ATM,2026-09-04,6,130,0.0,NONE,4660,4136,0,0,517,NONE,MN1;MN2;MN3;MN4;MN5;QMW;QRW;QTW;QWW,OK,NONE,NONE,2026-08-26
NAS,28620.0,-755755.5374588019,0.0874563710254199,0.0,0.0,0.0,0.0,0.0,0.0,29723.678287786784,28973.821712213216,30098.60657557357,28598.89342442643,SEP26,AUG26,2026-08-28,2026-09-18,29348.75,29335.60827616128,FOUND,DEGRADED,SPOT_MONTH_FALLBACK;ESTIMATED_EXPIRY_ALIAS,2026-08-02.2,PUT_CALL_PARITY,SEP26,SEP26=PUT_CALL_PARITY;AUG26=SERIES_FORWARD_CLUSTER;OCT26=SERIES_FORWARD_CLUSTER;DEC29=SERIES_FORWARD_CLUSTER;DEC26=PUT_CALL_PARITY;NOV26=SERIES_FORWARD_CLUSTER;MAR27=SERIES_FORWARD_CLUSTER;JUN27=SERIES_FORWARD_CLUSTER;DEC28=PUT_CALL_PARITY;DEC27=PUT_CALL_PARITY,SEP26=29348.75;AUG26=29412.5;OCT26=30137.875;DEC29=28924;DEC26=20179.125;NOV26=31093;MAR27=24435.5;JUN27=24130.625;DEC28=19739;DEC27=18304.5,DEC26=GLOBAL_REFERENCE_OUTLIER_PUT_CALL_PARITY;DEC28=GLOBAL_REFERENCE_OUTLIER_SERIES_FORWARD_CLUSTER;DEC27=GLOBAL_REFERENCE_OUTLIER_SERIES_FORWARD_CLUSTER,WEIGHTED_ATM,2026-09-04,6,130,0.0,NONE,4660,4136,0,0,517,NONE,MN1;MN2;MN3;MN4;MN5;QMW;QRW;QTW;QWW,OK,NONE,NONE,2026-08-26
NAS,28625.0,-2367620.9501577523,0.27453846996262016,0.0,0.0,0.0,0.0,0.0,0.0,29723.678287786784,28973.821712213216,30098.60657557357,28598.89342442643,SEP26,AUG26,2026-08-28,2026-09-18,29348.75,29335.60827616128,FOUND,DEGRADED,SPOT_MONTH_FALLBACK;ESTIMATED_EXPIRY_ALIAS,2026-08-02.2,PUT_CALL_PARITY,SEP26,SEP26=PUT_CALL_PARITY;AUG26=SERIES_FORWARD_CLUSTER;OCT26=SERIES_FORWARD_CLUSTER;DEC29=SERIES_FORWARD_CLUSTER;DEC26=PUT_CALL_PARITY;NOV26=SERIES_FORWARD_CLUSTER;MAR27=SERIES_FORWARD_CLUSTER;JUN27=SERIES_FORWARD_CLUSTER;DEC28=PUT_CALL_PARITY;DEC27=PUT_CALL_PARITY,SEP26=29348.75;AUG26=29412.5;OCT26=30137.875;DEC29=28924;DEC26=20179.125;NOV26=31093;MAR27=24435.5;JUN27=24130.625;DEC28=19739;DEC27=18304.5,DEC26=GLOBAL_REFERENCE_OUTLIER_PUT_CALL_PARITY;DEC28=GLOBAL_REFERENCE_OUTLIER_SERIES_FORWARD_CLUSTER;DEC27=GLOBAL_REFERENCE_OUTLIER_SERIES_FORWARD_CLUSTER,WEIGHTED_ATM,2026-09-04,6,130,0.0,NONE,4660,4136,0,0,517,NONE,MN1;MN2;MN3;MN4;MN5;QMW;QRW;QTW;QWW,OK,NONE,NONE,2026-08-26
NAS,28630.0,-78164.62381729178,0.00907467383513044,0.0,0.0,0.0,0.0,0.0,0.0,29723.678287786784,28973.821712213216,30098.60657557357,28598.89342442643,SEP26,AUG26,2026-08-28,2026-09-18,29348.75,29335.60827616128,FOUND,DEGRADED,SPOT_MONTH_FALLBACK;ESTIMATED_EXPIRY_ALIAS,2026-08-02.2,PUT_CALL_PARITY,SEP26,SEP26=PUT_CALL_PARITY;AUG26=SERIES_FORWARD_CLUSTER;OCT26=SERIES_FORWARD_CLUSTER;DEC29=SERIES_FORWARD_CLUSTER;DEC26=PUT_CALL_PARITY;NOV26=SERIES_FORWARD_CLUSTER;MAR27=SERIES_FORWARD_CLUSTER;JUN27=SERIES_FORWARD_CLUSTER;DEC28=PUT_CALL_PARITY;DEC27=PUT_CALL_PARITY,SEP26=29348.75;AUG26=29412.5;OCT26=30137.875;DEC29=28924;DEC26=20179.125;NOV26=31093;MAR27=24435.5;JUN27=24130.625;DEC28=19739;DEC27=18304.5,DEC26=GLOBAL_REFERENCE_OUTLIER_PUT_CALL_PARITY;DEC28=GLOBAL_REFERENCE_OUTLIER_SERIES_FORWARD_CLUSTER;DEC27=GLOBAL_REFERENCE_OUTLIER_SERIES_FORWARD_CLUSTER,WEIGHTED_ATM,2026-09-04,6,130,0.0,NONE,4660,4136,0,0,517,NONE,MN1;MN2;MN3;MN4;MN5;QMW;QRW;QTW;QWW,OK,NONE,NONE,2026-08-26
NAS,28640.0,-964334.3903776393,0.1116348269533873,0.0,0.0,0.0,0.0,0.0,0.0,29723.678287786784,28973.821712213216,30098.60657557357,28598.89342442643,SEP26,AUG26,2026-08-28,2026-09-18,29348.75,29335.60827616128,FOUND,DEGRADED,SPOT_MONTH_FALLBACK;ESTIMATED_EXPIRY_ALIAS,2026-08-02.2,PUT_CALL_PARITY,SEP26,SEP26=PUT_CALL_PARITY;AUG26=SERIES_FORWARD_CLUSTER;OCT26=SERIES_FORWARD_CLUSTER;DEC29=SERIES_FORWARD_CLUSTER;DEC26=PUT_CALL_PARITY;NOV26=SERIES_FORWARD_CLUSTER;MAR27=SERIES_FORWARD_CLUSTER;JUN27=SERIES_FORWARD_CLUSTER;DEC28=PUT_CALL_PARITY;DEC27=PUT_CALL_PARITY,SEP26=29348.75;AUG26=29412.5;OCT26=30137.875;DEC29=28924;DEC26=20179.125;NOV26=31093;MAR27=24435.5;JUN27=24130.625;DEC28=19739;DEC27=18304.5,DEC26=GLOBAL_REFERENCE_OUTLIER_PUT_CALL_PARITY;DEC28=GLOBAL_REFERENCE_OUTLIER_SERIES_FORWARD_CLUSTER;DEC27=GLOBAL_REFERENCE_OUTLIER_SERIES_FORWARD_CLUSTER,WEIGHTED_ATM,2026-09-04,6,130,0.0,NONE,4660,4136,0,0,517,NONE,MN1;MN2;MN3;MN4;MN5;QMW;QRW;QTW;QWW,OK,NONE,NONE,2026-08-26
NAS,28650.0,-22351373.001524545,2.5963945091395844,0.0,0.0,0.0,0.0,0.0,0.0,29723.678287786784,28973.821712213216,30098.60657557357,28598.89342442643,SEP26,AUG26,2026-08-28,2026-09-18,29348.75,29335.60827616128,FOUND,DEGRADED,SPOT_MONTH_FALLBACK;ESTIMATED_EXPIRY_ALIAS,2026-08-02.2,PUT_CALL_PARITY,SEP26,SEP26=PUT_CALL_PARITY;AUG26=SERIES_FORWARD_CLUSTER;OCT26=SERIES_FORWARD_CLUSTER;DEC29=SERIES_FORWARD_CLUSTER;DEC26=PUT_CALL_PARITY;NOV26=SERIES_FORWARD_CLUSTER;MAR27=SERIES_FORWARD_CLUSTER;JUN27=SERIES_FORWARD_CLUSTER;DEC28=PUT_CALL_PARITY;DEC27=PUT_CALL_PARITY,SEP26=29348.75;AUG26=29412.5;OCT26=30137.875;DEC29=28924;DEC26=20179.125;NOV26=31093;MAR27=24435.5;JUN27=24130.625;DEC28=19739;DEC27=18304.5,DEC26=GLOBAL_REFERENCE_OUTLIER_PUT_CALL_PARITY;DEC28=GLOBAL_REFERENCE_OUTLIER_SERIES_FORWARD_CLUSTER;DEC27=GLOBAL_REFERENCE_OUTLIER_SERIES_FORWARD_CLUSTER,WEIGHTED_ATM,2026-09-04,6,130,0.0,NONE,4660,4136,0,0,517,NONE,MN1;MN2;MN3;MN4;MN5;QMW;QRW;QTW;QWW,OK,NONE,NONE,2026-08-26
NAS,28660.0,-4602722.122968855,0.5343103951411099,0.0,0.0,0.0,0.0,0.0,0.0,29723.678287786784,28973.821712213216,30098.60657557357,28598.89342442643,SEP26,AUG26,2026-08-28,2026-09-18,29348.75,29335.60827616128,FOUND,DEGRADED,SPOT_MONTH_FALLBACK;ESTIMATED_EXPIRY_ALIAS,2026-08-02.2,PUT_CALL_PARITY,SEP26,SEP26=PUT_CALL_PARITY;AUG26=SERIES_FORWARD_CLUSTER;OCT26=SERIES_FORWARD_CLUSTER;DEC29=SERIES_FORWARD_CLUSTER;DEC26=PUT_CALL_PARITY;NOV26=SERIES_FORWARD_CLUSTER;MAR27=SERIES_FORWARD_CLUSTER;JUN27=SERIES_FORWARD_CLUSTER;DEC28=PUT_CALL_PARITY;DEC27=PUT_CALL_PARITY,SEP26=29348.75;AUG26=29412.5;OCT26=30137.875;DEC29=28924;DEC26=20179.125;NOV26=31093;MAR27=24435.5;JUN27=24130.625;DEC28=19739;DEC27=18304.5,DEC26=GLOBAL_REFERENCE_OUTLIER_PUT_CALL_PARITY;DEC28=GLOBAL_REFERENCE_OUTLIER_SERIES_FORWARD_CLUSTER;DEC27=GLOBAL_REFERENCE_OUTLIER_SERIES_FORWARD_CLUSTER,WEIGHTED_ATM,2026-09-04,6,130,0.0,NONE,4660,4136,0,0,517,NONE,MN1;MN2;MN3;MN4;MN5;QMW;QRW;QTW;QWW,OK,NONE,NONE,2026-08-26
NAS,28670.0,-1675279.4978491245,0.19370532915892824,0.0,0.0,0.0,0.0,0.0,0.0,29723.678287786784,28973.821712213216,30098.60657557357,28598.89342442643,SEP26,AUG26,2026-08-28,2026-09-18,29348.75,29335.60827616128,FOUND,DEGRADED,SPOT_MONTH_FALLBACK;ESTIMATED_EXPIRY_ALIAS,2026-08-02.2,PUT_CALL_PARITY,SEP26,SEP26=PUT_CALL_PARITY;AUG26=SERIES_FORWARD_CLUSTER;OCT26=SERIES_FORWARD_CLUSTER;DEC29=SERIES_FORWARD_CLUSTER;DEC26=PUT_CALL_PARITY;NOV26=SERIES_FORWARD_CLUSTER;MAR27=SERIES_FORWARD_CLUSTER;JUN27=SERIES_FORWARD_CLUSTER;DEC28=PUT_CALL_PARITY;DEC27=PUT_CALL_PARITY,SEP26=29348.75;AUG26=29412.5;OCT26=30137.875;DEC29=28924;DEC26=20179.125;NOV26=31093;MAR27=24435.5;JUN27=24130.625;DEC28=19739;DEC27=18304.5,DEC26=GLOBAL_REFERENCE_OUTLIER_PUT_CALL_PARITY;DEC28=GLOBAL_REFERENCE_OUTLIER_SERIES_FORWARD_CLUSTER;DEC27=GLOBAL_REFERENCE_OUTLIER_SERIES_FORWARD_CLUSTER,WEIGHTED_ATM,2026-09-04,6,130,0.0,NONE,4660,4136,0,0,517,NONE,MN1;MN2;MN3;MN4;MN5;QMW;QRW;QTW;QWW,OK,NONE,NONE,2026-08-26
NAS,28675.0,-4512295.0649047755,0.5229332529497787,0.0,0.0,0.0,0.0,0.0,0.0,29723.678287786784,28973.821712213216,30098.60657557357,28598.89342442643,SEP26,AUG26,2026-08-28,2026-09-18,29348.75,29335.60827616128,FOUND,DEGRADED,SPOT_MONTH_FALLBACK;ESTIMATED_EXPIRY_ALIAS,2026-08-02.2,PUT_CALL_PARITY,SEP26,SEP26=PUT_CALL_PARITY;AUG26=SERIES_FORWARD_CLUSTER;OCT26=SERIES_FORWARD_CLUSTER;DEC29=SERIES_FORWARD_CLUSTER;DEC26=PUT_CALL_PARITY;NOV26=SERIES_FORWARD_CLUSTER;MAR27=SERIES_FORWARD_CLUSTER;JUN27=SERIES_FORWARD_CLUSTER;DEC28=PUT_CALL_PARITY;DEC27=PUT_CALL_PARITY,SEP26=29348.75;AUG26=29412.5;OCT26=30137.875;DEC29=28924;DEC26=20179.125;NOV26=31093;MAR27=24435.5;JUN27=24130.625;DEC28=19739;DEC27=18304.5,DEC26=GLOBAL_REFERENCE_OUTLIER_PUT_CALL_PARITY;DEC28=GLOBAL_REFERENCE_OUTLIER_SERIES_FORWARD_CLUSTER;DEC27=GLOBAL_REFERENCE_OUTLIER_SERIES_FORWARD_CLUSTER,WEIGHTED_ATM,2026-09-04,6,130,0.0,NONE,4660,4136,0,0,517,NONE,MN1;MN2;MN3;MN4;MN5;QMW;QRW;QTW;QWW,OK,NONE,NONE,2026-08-26
NAS,28680.0,-53409.46849248142,0.006173825862579082,0.0,0.0,0.0,0.0,0.0,0.0,29723.678287786784,28973.821712213216,30098.60657557357,28598.89342442643,SEP26,AUG26,2026-08-28,2026-09-18,29348.75,29335.60827616128,FOUND,DEGRADED,SPOT_MONTH_FALLBACK;ESTIMATED_EXPIRY_ALIAS,2026-08-02.2,PUT_CALL_PARITY,SEP26,SEP26=PUT_CALL_PARITY;AUG26=SERIES_FORWARD_CLUSTER;OCT26=SERIES_FORWARD_CLUSTER;DEC29=SERIES_FORWARD_CLUSTER;DEC26=PUT_CALL_PARITY;NOV26=SERIES_FORWARD_CLUSTER;MAR27=SERIES_FORWARD_CLUSTER;JUN27=SERIES_FORWARD_CLUSTER;DEC28=PUT_CALL_PARITY;DEC27=PUT_CALL_PARITY,SEP26=29348.75;AUG26=29412.5;OCT26=30137.875;DEC29=28924;DEC26=20179.125;NOV26=31093;MAR27=24435.5;JUN27=24130.625;DEC28=19739;DEC27=18304.5,DEC26=GLOBAL_REFERENCE_OUTLIER_PUT_CALL_PARITY;DEC28=GLOBAL_REFERENCE_OUTLIER_SERIES_FORWARD_CLUSTER;DEC27=GLOBAL_REFERENCE_OUTLIER_SERIES_FORWARD_CLUSTER,WEIGHTED_ATM,2026-09-04,6,130,0.0,NONE,4660,4136,0,0,517,NONE,MN1;MN2;MN3;MN4;MN5;QMW;QRW;QTW;QWW,OK,NONE,NONE,2026-08-26
NAS,28690.0,-5713756.953337275,0.6630210774665527,0.0,0.0,0.0,0.0,0.0,0.0,29723.678287786784,28973.821712213216,30098.60657557357,28598.89342442643,SEP26,AUG26,2026-08-28,2026-09-18,29348.75,29335.60827616128,FOUND,DEGRADED,SPOT_MONTH_FALLBACK;ESTIMATED_EXPIRY_ALIAS,2026-08-02.2,PUT_CALL_PARITY,SEP26,SEP26=PUT_CALL_PARITY;AUG26=SERIES_FORWARD_CLUSTER;OCT26=SERIES_FORWARD_CLUSTER;DEC29=SERIES_FORWARD_CLUSTER;DEC26=PUT_CALL_PARITY;NOV26=SERIES_FORWARD_CLUSTER;MAR27=SERIES_FORWARD_CLUSTER;JUN27=SERIES_FORWARD_CLUSTER;DEC28=PUT_CALL_PARITY;DEC27=PUT_CALL_PARITY,SEP26=29348.75;AUG26=29412.5;OCT26=30137.875;DEC29=28924;DEC26=20179.125;NOV26=31093;MAR27=24435.5;JUN27=24130.625;DEC28=19739;DEC27=18304.5,DEC26=GLOBAL_REFERENCE_OUTLIER_PUT_CALL_PARITY;DEC28=GLOBAL_REFERENCE_OUTLIER_SERIES_FORWARD_CLUSTER;DEC27=GLOBAL_REFERENCE_OUTLIER_SERIES_FORWARD_CLUSTER,WEIGHTED_ATM,2026-09-04,6,130,0.0,NONE,4660,4136,0,0,517,NONE,MN1;MN2;MN3;MN4;MN5;QMW;QRW;QTW;QWW,OK,NONE,NONE,2026-08-26
NAS,28700.0,-40811531.01014877,5.669411486043651,0.0,0.0,0.0,0.0,0.0,0.0,29723.678287786784,28973.821712213216,30098.60657557357,28598.89342442643,SEP26,AUG26,2026-08-28,2026-09-18,29348.75,29335.60827616128,FOUND,DEGRADED,SPOT_MONTH_FALLBACK;ESTIMATED_EXPIRY_ALIAS,2026-08-02.2,PUT_CALL_PARITY,SEP26,SEP26=PUT_CALL_PARITY;AUG26=SERIES_FORWARD_CLUSTER;OCT26=SERIES_FORWARD_CLUSTER;DEC29=SERIES_FORWARD_CLUSTER;DEC26=PUT_CALL_PARITY;NOV26=SERIES_FORWARD_CLUSTER;MAR27=SERIES_FORWARD_CLUSTER;JUN27=SERIES_FORWARD_CLUSTER;DEC28=PUT_CALL_PARITY;DEC27=PUT_CALL_PARITY,SEP26=29348.75;AUG26=29412.5;OCT26=30137.875;DEC29=28924;DEC26=20179.125;NOV26=31093;MAR27=24435.5;JUN27=24130.625;DEC28=19739;DEC27=18304.5,DEC26=GLOBAL_REFERENCE_OUTLIER_PUT_CALL_PARITY;DEC28=GLOBAL_REFERENCE_OUTLIER_SERIES_FORWARD_CLUSTER;DEC27=GLOBAL_REFERENCE_OUTLIER_SERIES_FORWARD_CLUSTER,WEIGHTED_ATM,2026-09-04,6,130,0.0,NONE,4660,4136,0,0,517,NONE,MN1;MN2;MN3;MN4;MN5;QMW;QRW;QTW;QWW,OK,NONE,NONE,2026-08-26
NAS,28710.0,-1339662.631120806,0.15496094970630547,0.0,0.0,0.0,0.0,0.0,0.0,29723.678287786784,28973.821712213216,30098.60657557357,28598.89342442643,SEP26,AUG26,2026-08-28,2026-09-18,29348.75,29335.60827616128,FOUND,DEGRADED,SPOT_MONTH_FALLBACK;ESTIMATED_EXPIRY_ALIAS,2026-08-02.2,PUT_CALL_PARITY,SEP26,SEP26=PUT_CALL_PARITY;AUG26=SERIES_FORWARD_CLUSTER;OCT26=SERIES_FORWARD_CLUSTER;DEC29=SERIES_FORWARD_CLUSTER;DEC26=PUT_CALL_PARITY;NOV26=SERIES_FORWARD_CLUSTER;MAR27=SERIES_FORWARD_CLUSTER;JUN27=SERIES_FORWARD_CLUSTER;DEC28=PUT_CALL_PARITY;DEC27=PUT_CALL_PARITY,SEP26=29348.75;AUG26=29412.5;OCT26=30137.875;DEC29=28924;DEC26=20179.125;NOV26=31093;MAR27=24435.5;JUN27=24130.625;DEC28=19739;DEC27=18304.5,DEC26=GLOBAL_REFERENCE_OUTLIER_PUT_CALL_PARITY;DEC28=GLOBAL_REFERENCE_OUTLIER_SERIES_FORWARD_CLUSTER;DEC27=GLOBAL_REFERENCE_OUTLIER_SERIES_FORWARD_CLUSTER,WEIGHTED_ATM,2026-09-04,6,130,0.0,NONE,4660,4136,0,0,517,NONE,MN1;MN2;MN3;MN4;MN5;QMW;QRW;QTW;QWW,OK,NONE,NONE,2026-08-26
NAS,28720.0,-559516.0790328563,0.06478378824221462,0.0,0.0,0.0,0.0,0.0,0.0,29723.678287786784,28973.821712213216,30098.60657557357,28598.89342442643,SEP26,AUG26,2026-08-28,2026-09-18,29348.75,29335.60827616128,FOUND,DEGRADED,SPOT_MONTH_FALLBACK;ESTIMATED_EXPIRY_ALIAS,2026-08-02.2,PUT_CALL_PARITY,SEP26,SEP26=PUT_CALL_PARITY;AUG26=SERIES_FORWARD_CLUSTER;OCT26=SERIES_FORWARD_CLUSTER;DEC29=SERIES_FORWARD_CLUSTER;DEC26=PUT_CALL_PARITY;NOV26=SERIES_FORWARD_CLUSTER;MAR27=SERIES_FORWARD_CLUSTER;JUN27=SERIES_FORWARD_CLUSTER;DEC28=PUT_CALL_PARITY;DEC27=PUT_CALL_PARITY,SEP26=29348.75;AUG26=29412.5;OCT26=30137.875;DEC29=28924;DEC26=20179.125;NOV26=31093;MAR27=24435.5;JUN27=24130.625;DEC28=19739;DEC27=18304.5,DEC26=GLOBAL_REFERENCE_OUTLIER_PUT_CALL_PARITY;DEC28=GLOBAL_REFERENCE_OUTLIER_SERIES_FORWARD_CLUSTER;DEC27=GLOBAL_REFERENCE_OUTLIER_SERIES_FORWARD_CLUSTER,WEIGHTED_ATM,2026-09-04,6,130,0.0,NONE,4660,4136,0,0,517,NONE,MN1;MN2;MN3;MN4;MN5;QMW;QRW;QTW;QWW,OK,NONE,NONE,2026-08-26
NAS,28725.0,-6187411.020601478,0.7175643666424867,0.0,0.0,0.0,0.0,0.0,0.0,29723.678287786784,28973.821712213216,30098.60657557357,28598.89342442643,SEP26,AUG26,2026-08-28,2026-09-18,29348.75,29335.60827616128,FOUND,DEGRADED,SPOT_MONTH_FALLBACK;ESTIMATED_EXPIRY_ALIAS,2026-08-02.2,PUT_CALL_PARITY,SEP26,SEP26=PUT_CALL_PARITY;AUG26=SERIES_FORWARD_CLUSTER;OCT26=SERIES_FORWARD_CLUSTER;DEC29=SERIES_FORWARD_CLUSTER;DEC26=PUT_CALL_PARITY;NOV26=SERIES_FORWARD_CLUSTER;MAR27=SERIES_FORWARD_CLUSTER;JUN27=SERIES_FORWARD_CLUSTER;DEC28=PUT_CALL_PARITY;DEC27=PUT_CALL_PARITY,SEP26=29348.75;AUG26=29412.5;OCT26=30137.875;DEC29=28924;DEC26=20179.125;NOV26=31093;MAR27=24435.5;JUN27=24130.625;DEC28=19739;DEC27=18304.5,DEC26=GLOBAL_REFERENCE_OUTLIER_PUT_CALL_PARITY;DEC28=GLOBAL_REFERENCE_OUTLIER_SERIES_FORWARD_CLUSTER;DEC27=GLOBAL_REFERENCE_OUTLIER_SERIES_FORWARD_CLUSTER,WEIGHTED_ATM,2026-09-04,6,130,0.0,NONE,4660,4136,0,0,517,NONE,MN1;MN2;MN3;MN4;MN5;QMW;QRW;QTW;QWW,OK,NONE,NONE,2026-08-26
NAS,28730.0,-742992.1698002806,0.08605179964814753,0.0,0.0,0.0,0.0,0.0,0.0,29723.678287786784,28973.821712213216,30098.60657557357,28598.89342442643,SEP26,AUG26,2026-08-28,2026-09-18,29348.75,29335.60827616128,FOUND,DEGRADED,SPOT_MONTH_FALLBACK;ESTIMATED_EXPIRY_ALIAS,2026-08-02.2,PUT_CALL_PARITY,SEP26,SEP26=PUT_CALL_PARITY;AUG26=SERIES_FORWARD_CLUSTER;OCT26=SERIES_FORWARD_CLUSTER;DEC29=SERIES_FORWARD_CLUSTER;DEC26=PUT_CALL_PARITY;NOV26=SERIES_FORWARD_CLUSTER;MAR27=SERIES_FORWARD_CLUSTER;JUN27=SERIES_FORWARD_CLUSTER;DEC28=PUT_CALL_PARITY;DEC27=PUT_CALL_PARITY,SEP26=29348.75;AUG26=29412.5;OCT26=30137.875;DEC29=28924;DEC26=20179.125;NOV26=31093;MAR27=24435.5;JUN27=24130.625;DEC28=19739;DEC27=18304.5,DEC26=GLOBAL_REFERENCE_OUTLIER_PUT_CALL_PARITY;DEC28=GLOBAL_REFERENCE_OUTLIER_SERIES_FORWARD_CLUSTER;DEC27=GLOBAL_REFERENCE_OUTLIER_SERIES_FORWARD_CLUSTER,WEIGHTED_ATM,2026-09-04,6,130,0.0,NONE,4660,4136,0,0,517,NONE,MN1;MN2;MN3;MN4;MN5;QMW;QRW;QTW;QWW,OK,NONE,NONE,2026-08-26
NAS,28740.0,-4023394.2002415545,0.46692267174301216,0.0,0.0,0.0,0.0,0.0,0.0,29723.678287786784,28973.821712213216,30098.60657557357,28598.89342442643,SEP26,AUG26,2026-08-28,2026-09-18,29348.75,29335.60827616128,FOUND,DEGRADED,SPOT_MONTH_FALLBACK;ESTIMATED_EXPIRY_ALIAS,2026-08-02.2,PUT_CALL_PARITY,SEP26,SEP26=PUT_CALL_PARITY;AUG26=SERIES_FORWARD_CLUSTER;OCT26=SERIES_FORWARD_CLUSTER;DEC29=SERIES_FORWARD_CLUSTER;DEC26=PUT_CALL_PARITY;NOV26=SERIES_FORWARD_CLUSTER;MAR27=SERIES_FORWARD_CLUSTER;JUN27=SERIES_FORWARD_CLUSTER;DEC28=PUT_CALL_PARITY;DEC27=PUT_CALL_PARITY,SEP26=29348.75;AUG26=29412.5;OCT26=30137.875;DEC29=28924;DEC26=20179.125;NOV26=31093;MAR27=24435.5;JUN27=24130.625;DEC28=19739;DEC27=18304.5,DEC26=GLOBAL_REFERENCE_OUTLIER_PUT_CALL_PARITY;DEC28=GLOBAL_REFERENCE_OUTLIER_SERIES_FORWARD_CLUSTER;DEC27=GLOBAL_REFERENCE_OUTLIER_SERIES_FORWARD_CLUSTER,WEIGHTED_ATM,2026-09-04,6,130,0.0,NONE,4660,4136,0,0,517,NONE,MN1;MN2;MN3;MN4;MN5;QMW;QRW;QTW;QWW,OK,NONE,NONE,2026-08-26
NAS,28750.0,-41808332.70235387,6.630537130010913,0.0,0.0,0.0,0.0,0.0,0.0,29723.678287786784,28973.821712213216,30098.60657557357,28598.89342442643,SEP26,AUG26,2026-08-28,2026-09-18,29348.75,29335.60827616128,FOUND,DEGRADED,SPOT_MONTH_FALLBACK;ESTIMATED_EXPIRY_ALIAS,2026-08-02.2,PUT_CALL_PARITY,SEP26,SEP26=PUT_CALL_PARITY;AUG26=SERIES_FORWARD_CLUSTER;OCT26=SERIES_FORWARD_CLUSTER;DEC29=SERIES_FORWARD_CLUSTER;DEC26=PUT_CALL_PARITY;NOV26=SERIES_FORWARD_CLUSTER;MAR27=SERIES_FORWARD_CLUSTER;JUN27=SERIES_FORWARD_CLUSTER;DEC28=PUT_CALL_PARITY;DEC27=PUT_CALL_PARITY,SEP26=29348.75;AUG26=29412.5;OCT26=30137.875;DEC29=28924;DEC26=20179.125;NOV26=31093;MAR27=24435.5;JUN27=24130.625;DEC28=19739;DEC27=18304.5,DEC26=GLOBAL_REFERENCE_OUTLIER_PUT_CALL_PARITY;DEC28=GLOBAL_REFERENCE_OUTLIER_SERIES_FORWARD_CLUSTER;DEC27=GLOBAL_REFERENCE_OUTLIER_SERIES_FORWARD_CLUSTER,WEIGHTED_ATM,2026-09-04,6,130,0.0,NONE,4660,4136,0,0,517,NONE,MN1;MN2;MN3;MN4;MN5;QMW;QRW;QTW;QWW,OK,NONE,NONE,2026-08-26
NAS,28760.0,-498764.2324482731,0.05777973118147269,0.0,0.0,0.0,0.0,0.0,0.0,29723.678287786784,28973.821712213216,30098.60657557357,28598.89342442643,SEP26,AUG26,2026-08-28,2026-09-18,29348.75,29335.60827616128,FOUND,DEGRADED,SPOT_MONTH_FALLBACK;ESTIMATED_EXPIRY_ALIAS,2026-08-02.2,PUT_CALL_PARITY,SEP26,SEP26=PUT_CALL_PARITY;AUG26=SERIES_FORWARD_CLUSTER;OCT26=SERIES_FORWARD_CLUSTER;DEC29=SERIES_FORWARD_CLUSTER;DEC26=PUT_CALL_PARITY;NOV26=SERIES_FORWARD_CLUSTER;MAR27=SERIES_FORWARD_CLUSTER;JUN27=SERIES_FORWARD_CLUSTER;DEC28=PUT_CALL_PARITY;DEC27=PUT_CALL_PARITY,SEP26=29348.75;AUG26=29412.5;OCT26=30137.875;DEC29=28924;DEC26=20179.125;NOV26=31093;MAR27=24435.5;JUN27=24130.625;DEC28=19739;DEC27=18304.5,DEC26=GLOBAL_REFERENCE_OUTLIER_PUT_CALL_PARITY;DEC28=GLOBAL_REFERENCE_OUTLIER_SERIES_FORWARD_CLUSTER;DEC27=GLOBAL_REFERENCE_OUTLIER_SERIES_FORWARD_CLUSTER,WEIGHTED_ATM,2026-09-04,6,130,0.0,NONE,4660,4136,0,0,517,NONE,MN1;MN2;MN3;MN4;MN5;QMW;QRW;QTW;QWW,OK,NONE,NONE,2026-08-26
NAS,28770.0,-1438953.532068244,0.1670581054410383,0.0,0.0,0.0,0.0,0.0,0.0,29723.678287786784,28973.821712213216,30098.60657557357,28598.89342442643,SEP26,AUG26,2026-08-28,2026-09-18,29348.75,29335.60827616128,FOUND,DEGRADED,SPOT_MONTH_FALLBACK;ESTIMATED_EXPIRY_ALIAS,2026-08-02.2,PUT_CALL_PARITY,SEP26,SEP26=PUT_CALL_PARITY;AUG26=SERIES_FORWARD_CLUSTER;OCT26=SERIES_FORWARD_CLUSTER;DEC29=SERIES_FORWARD_CLUSTER;DEC26=PUT_CALL_PARITY;NOV26=SERIES_FORWARD_CLUSTER;MAR27=SERIES_FORWARD_CLUSTER;JUN27=SERIES_FORWARD_CLUSTER;DEC28=PUT_CALL_PARITY;DEC27=PUT_CALL_PARITY,SEP26=29348.75;AUG26=29412.5;OCT26=30137.875;DEC29=28924;DEC26=20179.125;NOV26=31093;MAR27=24435.5;JUN27=24130.625;DEC28=19739;DEC27=18304.5,DEC26=GLOBAL_REFERENCE_OUTLIER_PUT_CALL_PARITY;DEC28=GLOBAL_REFERENCE_OUTLIER_SERIES_FORWARD_CLUSTER;DEC27=GLOBAL_REFERENCE_OUTLIER_SERIES_FORWARD_CLUSTER,WEIGHTED_ATM,2026-09-04,6,130,0.0,NONE,4660,4136,0,0,517,NONE,MN1;MN2;MN3;MN4;MN5;QMW;QRW;QTW;QWW,OK,NONE,NONE,2026-08-26
NAS,28775.0,-3125124.8511180435,0.3633798109304194,0.0,0.0,0.0,0.0,0.0,0.0,29723.678287786784,28973.821712213216,30098.60657557357,28598.89342442643,SEP26,AUG26,2026-08-28,2026-09-18,29348.75,29335.60827616128,FOUND,DEGRADED,SPOT_MONTH_FALLBACK;ESTIMATED_EXPIRY_ALIAS,2026-08-02.2,PUT_CALL_PARITY,SEP26,SEP26=PUT_CALL_PARITY;AUG26=SERIES_FORWARD_CLUSTER;OCT26=SERIES_FORWARD_CLUSTER;DEC29=SERIES_FORWARD_CLUSTER;DEC26=PUT_CALL_PARITY;NOV26=SERIES_FORWARD_CLUSTER;MAR27=SERIES_FORWARD_CLUSTER;JUN27=SERIES_FORWARD_CLUSTER;DEC28=PUT_CALL_PARITY;DEC27=PUT_CALL_PARITY,SEP26=29348.75;AUG26=29412.5;OCT26=30137.875;DEC29=28924;DEC26=20179.125;NOV26=31093;MAR27=24435.5;JUN27=24130.625;DEC28=19739;DEC27=18304.5,DEC26=GLOBAL_REFERENCE_OUTLIER_PUT_CALL_PARITY;DEC28=GLOBAL_REFERENCE_OUTLIER_SERIES_FORWARD_CLUSTER;DEC27=GLOBAL_REFERENCE_OUTLIER_SERIES_FORWARD_CLUSTER,WEIGHTED_ATM,2026-09-04,6,130,0.0,NONE,4660,4136,0,0,517,NONE,MN1;MN2;MN3;MN4;MN5;QMW;QRW;QTW;QWW,OK,NONE,NONE,2026-08-26
NAS,28780.0,-4715473.687892914,0.5471598428673119,0.0,0.0,0.0,0.0,0.0,0.0,29723.678287786784,28973.821712213216,30098.60657557357,28598.89342442643,SEP26,AUG26,2026-08-28,2026-09-18,29348.75,29335.60827616128,FOUND,DEGRADED,SPOT_MONTH_FALLBACK;ESTIMATED_EXPIRY_ALIAS,2026-08-02.2,PUT_CALL_PARITY,SEP26,SEP26=PUT_CALL_PARITY;AUG26=SERIES_FORWARD_CLUSTER;OCT26=SERIES_FORWARD_CLUSTER;DEC29=SERIES_FORWARD_CLUSTER;DEC26=PUT_CALL_PARITY;NOV26=SERIES_FORWARD_CLUSTER;MAR27=SERIES_FORWARD_CLUSTER;JUN27=SERIES_FORWARD_CLUSTER;DEC28=PUT_CALL_PARITY;DEC27=PUT_CALL_PARITY,SEP26=29348.75;AUG26=29412.5;OCT26=30137.875;DEC29=28924;DEC26=20179.125;NOV26=31093;MAR27=24435.5;JUN27=24130.625;DEC28=19739;DEC27=18304.5,DEC26=GLOBAL_REFERENCE_OUTLIER_PUT_CALL_PARITY;DEC28=GLOBAL_REFERENCE_OUTLIER_SERIES_FORWARD_CLUSTER;DEC27=GLOBAL_REFERENCE_OUTLIER_SERIES_FORWARD_CLUSTER,WEIGHTED_ATM,2026-09-04,6,130,0.0,NONE,4660,4136,0,0,517,NONE,MN1;MN2;MN3;MN4;MN5;QMW;QRW;QTW;QWW,OK,NONE,NONE,2026-08-26
NAS,28790.0,-2186206.602813007,0.25331613018722554,0.0,0.0,0.0,0.0,0.0,0.0,29723.678287786784,28973.821712213216,30098.60657557357,28598.89342442643,SEP26,AUG26,2026-08-28,2026-09-18,29348.75,29335.60827616128,FOUND,DEGRADED,SPOT_MONTH_FALLBACK;ESTIMATED_EXPIRY_ALIAS,2026-08-02.2,PUT_CALL_PARITY,SEP26,SEP26=PUT_CALL_PARITY;AUG26=SERIES_FORWARD_CLUSTER;OCT26=SERIES_FORWARD_CLUSTER;DEC29=SERIES_FORWARD_CLUSTER;DEC26=PUT_CALL_PARITY;NOV26=SERIES_FORWARD_CLUSTER;MAR27=SERIES_FORWARD_CLUSTER;JUN27=SERIES_FORWARD_CLUSTER;DEC28=PUT_CALL_PARITY;DEC27=PUT_CALL_PARITY,SEP26=29348.75;AUG26=29412.5;OCT26=30137.875;DEC29=28924;DEC26=20179.125;NOV26=31093;MAR27=24435.5;JUN27=24130.625;DEC28=19739;DEC27=18304.5,DEC26=GLOBAL_REFERENCE_OUTLIER_PUT_CALL_PARITY;DEC28=GLOBAL_REFERENCE_OUTLIER_SERIES_FORWARD_CLUSTER;DEC27=GLOBAL_REFERENCE_OUTLIER_SERIES_FORWARD_CLUSTER,WEIGHTED_ATM,2026-09-04,6,130,0.0,NONE,4660,4136,0,0,517,NONE,MN1;MN2;MN3;MN4;MN5;QMW;QRW;QTW;QWW,OK,NONE,NONE,2026-08-26
NAS,28800.0,-42864337.21674805,6.392700956467351,0.0,0.0,0.0,0.0,0.0,0.0,29723.678287786784,28973.821712213216,30098.60657557357,28598.89342442643,SEP26,AUG26,2026-08-28,2026-09-18,29348.75,29335.60827616128,FOUND,DEGRADED,SPOT_MONTH_FALLBACK;ESTIMATED_EXPIRY_ALIAS,2026-08-02.2,PUT_CALL_PARITY,SEP26,SEP26=PUT_CALL_PARITY;AUG26=SERIES_FORWARD_CLUSTER;OCT26=SERIES_FORWARD_CLUSTER;DEC29=SERIES_FORWARD_CLUSTER;DEC26=PUT_CALL_PARITY;NOV26=SERIES_FORWARD_CLUSTER;MAR27=SERIES_FORWARD_CLUSTER;JUN27=SERIES_FORWARD_CLUSTER;DEC28=PUT_CALL_PARITY;DEC27=PUT_CALL_PARITY,SEP26=29348.75;AUG26=29412.5;OCT26=30137.875;DEC29=28924;DEC26=20179.125;NOV26=31093;MAR27=24435.5;JUN27=24130.625;DEC28=19739;DEC27=18304.5,DEC26=GLOBAL_REFERENCE_OUTLIER_PUT_CALL_PARITY;DEC28=GLOBAL_REFERENCE_OUTLIER_SERIES_FORWARD_CLUSTER;DEC27=GLOBAL_REFERENCE_OUTLIER_SERIES_FORWARD_CLUSTER,WEIGHTED_ATM,2026-09-04,6,130,0.0,NONE,4660,4136,0,0,517,NONE,MN1;MN2;MN3;MN4;MN5;QMW;QRW;QTW;QWW,OK,NONE,NONE,2026-08-26
NAS,28810.0,-1034630.9259389129,0.11977533465300316,0.0,0.0,0.0,0.0,0.0,0.0,29723.678287786784,28973.821712213216,30098.60657557357,28598.89342442643,SEP26,AUG26,2026-08-28,2026-09-18,29348.75,29335.60827616128,FOUND,DEGRADED,SPOT_MONTH_FALLBACK;ESTIMATED_EXPIRY_ALIAS,2026-08-02.2,PUT_CALL_PARITY,SEP26,SEP26=PUT_CALL_PARITY;AUG26=SERIES_FORWARD_CLUSTER;OCT26=SERIES_FORWARD_CLUSTER;DEC29=SERIES_FORWARD_CLUSTER;DEC26=PUT_CALL_PARITY;NOV26=SERIES_FORWARD_CLUSTER;MAR27=SERIES_FORWARD_CLUSTER;JUN27=SERIES_FORWARD_CLUSTER;DEC28=PUT_CALL_PARITY;DEC27=PUT_CALL_PARITY,SEP26=29348.75;AUG26=29412.5;OCT26=30137.875;DEC29=28924;DEC26=20179.125;NOV26=31093;MAR27=24435.5;JUN27=24130.625;DEC28=19739;DEC27=18304.5,DEC26=GLOBAL_REFERENCE_OUTLIER_PUT_CALL_PARITY;DEC28=GLOBAL_REFERENCE_OUTLIER_SERIES_FORWARD_CLUSTER;DEC27=GLOBAL_REFERENCE_OUTLIER_SERIES_FORWARD_CLUSTER,WEIGHTED_ATM,2026-09-04,6,130,0.0,NONE,4660,4136,0,0,517,NONE,MN1;MN2;MN3;MN4;MN5;QMW;QRW;QTW;QWW,OK,NONE,NONE,2026-08-26
NAS,28820.0,-775865.7810329017,0.08983205005218294,0.0,0.0,0.0,0.0,0.0,0.0,29723.678287786784,28973.821712213216,30098.60657557357,28598.89342442643,SEP26,AUG26,2026-08-28,2026-09-18,29348.75,29335.60827616128,FOUND,DEGRADED,SPOT_MONTH_FALLBACK;ESTIMATED_EXPIRY_ALIAS,2026-08-02.2,PUT_CALL_PARITY,SEP26,SEP26=PUT_CALL_PARITY;AUG26=SERIES_FORWARD_CLUSTER;OCT26=SERIES_FORWARD_CLUSTER;DEC29=SERIES_FORWARD_CLUSTER;DEC26=PUT_CALL_PARITY;NOV26=SERIES_FORWARD_CLUSTER;MAR27=SERIES_FORWARD_CLUSTER;JUN27=SERIES_FORWARD_CLUSTER;DEC28=PUT_CALL_PARITY;DEC27=PUT_CALL_PARITY,SEP26=29348.75;AUG26=29412.5;OCT26=30137.875;DEC29=28924;DEC26=20179.125;NOV26=31093;MAR27=24435.5;JUN27=24130.625;DEC28=19739;DEC27=18304.5,DEC26=GLOBAL_REFERENCE_OUTLIER_PUT_CALL_PARITY;DEC28=GLOBAL_REFERENCE_OUTLIER_SERIES_FORWARD_CLUSTER;DEC27=GLOBAL_REFERENCE_OUTLIER_SERIES_FORWARD_CLUSTER,WEIGHTED_ATM,2026-09-04,6,130,0.0,NONE,4660,4136,0,0,517,NONE,MN1;MN2;MN3;MN4;MN5;QMW;QRW;QTW;QWW,OK,NONE,NONE,2026-08-26
NAS,28825.0,-4107452.2923203926,0.47602044279970734,0.0,0.0,0.0,0.0,0.0,0.0,29723.678287786784,28973.821712213216,30098.60657557357,28598.89342442643,SEP26,AUG26,2026-08-28,2026-09-18,29348.75,29335.60827616128,FOUND,DEGRADED,SPOT_MONTH_FALLBACK;ESTIMATED_EXPIRY_ALIAS,2026-08-02.2,PUT_CALL_PARITY,SEP26,SEP26=PUT_CALL_PARITY;AUG26=SERIES_FORWARD_CLUSTER;OCT26=SERIES_FORWARD_CLUSTER;DEC29=SERIES_FORWARD_CLUSTER;DEC26=PUT_CALL_PARITY;NOV26=SERIES_FORWARD_CLUSTER;MAR27=SERIES_FORWARD_CLUSTER;JUN27=SERIES_FORWARD_CLUSTER;DEC28=PUT_CALL_PARITY;DEC27=PUT_CALL_PARITY,SEP26=29348.75;AUG26=29412.5;OCT26=30137.875;DEC29=28924;DEC26=20179.125;NOV26=31093;MAR27=24435.5;JUN27=24130.625;DEC28=19739;DEC27=18304.5,DEC26=GLOBAL_REFERENCE_OUTLIER_PUT_CALL_PARITY;DEC28=GLOBAL_REFERENCE_OUTLIER_SERIES_FORWARD_CLUSTER;DEC27=GLOBAL_REFERENCE_OUTLIER_SERIES_FORWARD_CLUSTER,WEIGHTED_ATM,2026-09-04,6,130,0.0,NONE,4660,4136,0,0,517,NONE,MN1;MN2;MN3;MN4;MN5;QMW;QRW;QTW;QWW,OK,NONE,NONE,2026-08-26
NAS,28830.0,-1186262.1044961822,0.1376152468444733,0.0,0.0,0.0,0.0,0.0,0.0,29723.678287786784,28973.821712213216,30098.60657557357,28598.89342442643,SEP26,AUG26,2026-08-28,2026-09-18,29348.75,29335.60827616128,FOUND,DEGRADED,SPOT_MONTH_FALLBACK;ESTIMATED_EXPIRY_ALIAS,2026-08-02.2,PUT_CALL_PARITY,SEP26,SEP26=PUT_CALL_PARITY;AUG26=SERIES_FORWARD_CLUSTER;OCT26=SERIES_FORWARD_CLUSTER;DEC29=SERIES_FORWARD_CLUSTER;DEC26=PUT_CALL_PARITY;NOV26=SERIES_FORWARD_CLUSTER;MAR27=SERIES_FORWARD_CLUSTER;JUN27=SERIES_FORWARD_CLUSTER;DEC28=PUT_CALL_PARITY;DEC27=PUT_CALL_PARITY,SEP26=29348.75;AUG26=29412.5;OCT26=30137.875;DEC29=28924;DEC26=20179.125;NOV26=31093;MAR27=24435.5;JUN27=24130.625;DEC28=19739;DEC27=18304.5,DEC26=GLOBAL_REFERENCE_OUTLIER_PUT_CALL_PARITY;DEC28=GLOBAL_REFERENCE_OUTLIER_SERIES_FORWARD_CLUSTER;DEC27=GLOBAL_REFERENCE_OUTLIER_SERIES_FORWARD_CLUSTER,WEIGHTED_ATM,2026-09-04,6,130,0.0,NONE,4660,4136,0,0,517,NONE,MN1;MN2;MN3;MN4;MN5;QMW;QRW;QTW;QWW,OK,NONE,NONE,2026-08-26
NAS,28840.0,-220295.25679473206,0.02550366732321655,0.0,0.0,0.0,0.0,0.0,0.0,29723.678287786784,28973.821712213216,30098.60657557357,28598.89342442643,SEP26,AUG26,2026-08-28,2026-09-18,29348.75,29335.60827616128,FOUND,DEGRADED,SPOT_MONTH_FALLBACK;ESTIMATED_EXPIRY_ALIAS,2026-08-02.2,PUT_CALL_PARITY,SEP26,SEP26=PUT_CALL_PARITY;AUG26=SERIES_FORWARD_CLUSTER;OCT26=SERIES_FORWARD_CLUSTER;DEC29=SERIES_FORWARD_CLUSTER;DEC26=PUT_CALL_PARITY;NOV26=SERIES_FORWARD_CLUSTER;MAR27=SERIES_FORWARD_CLUSTER;JUN27=SERIES_FORWARD_CLUSTER;DEC28=PUT_CALL_PARITY;DEC27=PUT_CALL_PARITY,SEP26=29348.75;AUG26=29412.5;OCT26=30137.875;DEC29=28924;DEC26=20179.125;NOV26=31093;MAR27=24435.5;JUN27=24130.625;DEC28=19739;DEC27=18304.5,DEC26=GLOBAL_REFERENCE_OUTLIER_PUT_CALL_PARITY;DEC28=GLOBAL_REFERENCE_OUTLIER_SERIES_FORWARD_CLUSTER;DEC27=GLOBAL_REFERENCE_OUTLIER_SERIES_FORWARD_CLUSTER,WEIGHTED_ATM,2026-09-04,6,130,0.0,NONE,4660,4136,0,0,517,NONE,MN1;MN2;MN3;MN4;MN5;QMW;QRW;QTW;QWW,OK,NONE,NONE,2026-08-26
NAS,28850.0,-66330887.91289334,7.715556907045968,0.0,0.0,0.0,0.0,0.0,0.0,29723.678287786784,28973.821712213216,30098.60657557357,28598.89342442643,SEP26,AUG26,2026-08-28,2026-09-18,29348.75,29335.60827616128,FOUND,DEGRADED,SPOT_MONTH_FALLBACK;ESTIMATED_EXPIRY_ALIAS,2026-08-02.2,PUT_CALL_PARITY,SEP26,SEP26=PUT_CALL_PARITY;AUG26=SERIES_FORWARD_CLUSTER;OCT26=SERIES_FORWARD_CLUSTER;DEC29=SERIES_FORWARD_CLUSTER;DEC26=PUT_CALL_PARITY;NOV26=SERIES_FORWARD_CLUSTER;MAR27=SERIES_FORWARD_CLUSTER;JUN27=SERIES_FORWARD_CLUSTER;DEC28=PUT_CALL_PARITY;DEC27=PUT_CALL_PARITY,SEP26=29348.75;AUG26=29412.5;OCT26=30137.875;DEC29=28924;DEC26=20179.125;NOV26=31093;MAR27=24435.5;JUN27=24130.625;DEC28=19739;DEC27=18304.5,DEC26=GLOBAL_REFERENCE_OUTLIER_PUT_CALL_PARITY;DEC28=GLOBAL_REFERENCE_OUTLIER_SERIES_FORWARD_CLUSTER;DEC27=GLOBAL_REFERENCE_OUTLIER_SERIES_FORWARD_CLUSTER,WEIGHTED_ATM,2026-09-04,6,130,0.0,NONE,4660,4136,0,0,517,NONE,MN1;MN2;MN3;MN4;MN5;QMW;QRW;QTW;QWW,OK,NONE,NONE,2026-08-26
NAS,28860.0,-2400086.0466638613,0.2780111835824679,0.0,0.0,0.0,0.0,0.0,0.0,29723.678287786784,28973.821712213216,30098.60657557357,28598.89342442643,SEP26,AUG26,2026-08-28,2026-09-18,29348.75,29335.60827616128,FOUND,DEGRADED,SPOT_MONTH_FALLBACK;ESTIMATED_EXPIRY_ALIAS,2026-08-02.2,PUT_CALL_PARITY,SEP26,SEP26=PUT_CALL_PARITY;AUG26=SERIES_FORWARD_CLUSTER;OCT26=SERIES_FORWARD_CLUSTER;DEC29=SERIES_FORWARD_CLUSTER;DEC26=PUT_CALL_PARITY;NOV26=SERIES_FORWARD_CLUSTER;MAR27=SERIES_FORWARD_CLUSTER;JUN27=SERIES_FORWARD_CLUSTER;DEC28=PUT_CALL_PARITY;DEC27=PUT_CALL_PARITY,SEP26=29348.75;AUG26=29412.5;OCT26=30137.875;DEC29=28924;DEC26=20179.125;NOV26=31093;MAR27=24435.5;JUN27=24130.625;DEC28=19739;DEC27=18304.5,DEC26=GLOBAL_REFERENCE_OUTLIER_PUT_CALL_PARITY;DEC28=GLOBAL_REFERENCE_OUTLIER_SERIES_FORWARD_CLUSTER;DEC27=GLOBAL_REFERENCE_OUTLIER_SERIES_FORWARD_CLUSTER,WEIGHTED_ATM,2026-09-04,6,130,0.0,NONE,4660,4136,0,0,517,NONE,MN1;MN2;MN3;MN4;MN5;QMW;QRW;QTW;QWW,OK,NONE,NONE,2026-08-26
NAS,28870.0,-1208742.7866982545,0.14014268412955205,0.0,0.0,0.0,0.0,0.0,0.0,29723.678287786784,28973.821712213216,30098.60657557357,28598.89342442643,SEP26,AUG26,2026-08-28,2026-09-18,29348.75,29335.60827616128,FOUND,DEGRADED,SPOT_MONTH_FALLBACK;ESTIMATED_EXPIRY_ALIAS,2026-08-02.2,PUT_CALL_PARITY,SEP26,SEP26=PUT_CALL_PARITY;AUG26=SERIES_FORWARD_CLUSTER;OCT26=SERIES_FORWARD_CLUSTER;DEC29=SERIES_FORWARD_CLUSTER;DEC26=PUT_CALL_PARITY;NOV26=SERIES_FORWARD_CLUSTER;MAR27=SERIES_FORWARD_CLUSTER;JUN27=SERIES_FORWARD_CLUSTER;DEC28=PUT_CALL_PARITY;DEC27=PUT_CALL_PARITY,SEP26=29348.75;AUG26=29412.5;OCT26=30137.875;DEC29=28924;DEC26=20179.125;NOV26=31093;MAR27=24435.5;JUN27=24130.625;DEC28=19739;DEC27=18304.5,DEC26=GLOBAL_REFERENCE_OUTLIER_PUT_CALL_PARITY;DEC28=GLOBAL_REFERENCE_OUTLIER_SERIES_FORWARD_CLUSTER;DEC27=GLOBAL_REFERENCE_OUTLIER_SERIES_FORWARD_CLUSTER,WEIGHTED_ATM,2026-09-04,6,130,0.0,NONE,4660,4136,0,0,517,NONE,MN1;MN2;MN3;MN4;MN5;QMW;QRW;QTW;QWW,OK,NONE,NONE,2026-08-26
NAS,28875.0,-10474256.936522206,1.2213789945906266,0.0,0.0,0.0,0.0,0.0,0.0,29723.678287786784,28973.821712213216,30098.60657557357,28598.89342442643,SEP26,AUG26,2026-08-28,2026-09-18,29348.75,29335.60827616128,FOUND,DEGRADED,SPOT_MONTH_FALLBACK;ESTIMATED_EXPIRY_ALIAS,2026-08-02.2,PUT_CALL_PARITY,SEP26,SEP26=PUT_CALL_PARITY;AUG26=SERIES_FORWARD_CLUSTER;OCT26=SERIES_FORWARD_CLUSTER;DEC29=SERIES_FORWARD_CLUSTER;DEC26=PUT_CALL_PARITY;NOV26=SERIES_FORWARD_CLUSTER;MAR27=SERIES_FORWARD_CLUSTER;JUN27=SERIES_FORWARD_CLUSTER;DEC28=PUT_CALL_PARITY;DEC27=PUT_CALL_PARITY,SEP26=29348.75;AUG26=29412.5;OCT26=30137.875;DEC29=28924;DEC26=20179.125;NOV26=31093;MAR27=24435.5;JUN27=24130.625;DEC28=19739;DEC27=18304.5,DEC26=GLOBAL_REFERENCE_OUTLIER_PUT_CALL_PARITY;DEC28=GLOBAL_REFERENCE_OUTLIER_SERIES_FORWARD_CLUSTER;DEC27=GLOBAL_REFERENCE_OUTLIER_SERIES_FORWARD_CLUSTER,WEIGHTED_ATM,2026-09-04,6,130,0.0,NONE,4660,4136,0,0,517,NONE,MN1;MN2;MN3;MN4;MN5;QMW;QRW;QTW;QWW,OK,NONE,NONE,2026-08-26
NAS,28880.0,-1426091.0067612566,0.16514343014016586,0.0,0.0,0.0,0.0,0.0,0.0,29723.678287786784,28973.821712213216,30098.60657557357,28598.89342442643,SEP26,AUG26,2026-08-28,2026-09-18,29348.75,29335.60827616128,FOUND,DEGRADED,SPOT_MONTH_FALLBACK;ESTIMATED_EXPIRY_ALIAS,2026-08-02.2,PUT_CALL_PARITY,SEP26,SEP26=PUT_CALL_PARITY;AUG26=SERIES_FORWARD_CLUSTER;OCT26=SERIES_FORWARD_CLUSTER;DEC29=SERIES_FORWARD_CLUSTER;DEC26=PUT_CALL_PARITY;NOV26=SERIES_FORWARD_CLUSTER;MAR27=SERIES_FORWARD_CLUSTER;JUN27=SERIES_FORWARD_CLUSTER;DEC28=PUT_CALL_PARITY;DEC27=PUT_CALL_PARITY,SEP26=29348.75;AUG26=29412.5;OCT26=30137.875;DEC29=28924;DEC26=20179.125;NOV26=31093;MAR27=24435.5;JUN27=24130.625;DEC28=19739;DEC27=18304.5,DEC26=GLOBAL_REFERENCE_OUTLIER_PUT_CALL_PARITY;DEC28=GLOBAL_REFERENCE_OUTLIER_SERIES_FORWARD_CLUSTER;DEC27=GLOBAL_REFERENCE_OUTLIER_SERIES_FORWARD_CLUSTER,WEIGHTED_ATM,2026-09-04,6,130,0.0,NONE,4660,4136,0,0,517,NONE,MN1;MN2;MN3;MN4;MN5;QMW;QRW;QTW;QWW,OK,NONE,NONE,2026-08-26
NAS,28890.0,-3467260.3665640326,0.4022660622055402,0.0,0.0,0.0,0.0,0.0,0.0,29723.678287786784,28973.821712213216,30098.60657557357,28598.89342442643,SEP26,AUG26,2026-08-28,2026-09-18,29348.75,29335.60827616128,FOUND,DEGRADED,SPOT_MONTH_FALLBACK;ESTIMATED_EXPIRY_ALIAS,2026-08-02.2,PUT_CALL_PARITY,SEP26,SEP26=PUT_CALL_PARITY;AUG26=SERIES_FORWARD_CLUSTER;OCT26=SERIES_FORWARD_CLUSTER;DEC29=SERIES_FORWARD_CLUSTER;DEC26=PUT_CALL_PARITY;NOV26=SERIES_FORWARD_CLUSTER;MAR27=SERIES_FORWARD_CLUSTER;JUN27=SERIES_FORWARD_CLUSTER;DEC28=PUT_CALL_PARITY;DEC27=PUT_CALL_PARITY,SEP26=29348.75;AUG26=29412.5;OCT26=30137.875;DEC29=28924;DEC26=20179.125;NOV26=31093;MAR27=24435.5;JUN27=24130.625;DEC28=19739;DEC27=18304.5,DEC26=GLOBAL_REFERENCE_OUTLIER_PUT_CALL_PARITY;DEC28=GLOBAL_REFERENCE_OUTLIER_SERIES_FORWARD_CLUSTER;DEC27=GLOBAL_REFERENCE_OUTLIER_SERIES_FORWARD_CLUSTER,WEIGHTED_ATM,2026-09-04,6,130,0.0,NONE,4660,4136,0,0,517,NONE,MN1;MN2;MN3;MN4;MN5;QMW;QRW;QTW;QWW,OK,NONE,NONE,2026-08-26
NAS,28900.0,-67581231.91103953,8.587972233940533,0.0,0.0,0.0,0.0,0.0,0.0,29723.678287786784,28973.821712213216,30098.60657557357,28598.89342442643,SEP26,AUG26,2026-08-28,2026-09-18,29348.75,29335.60827616128,FOUND,DEGRADED,SPOT_MONTH_FALLBACK;ESTIMATED_EXPIRY_ALIAS,2026-08-02.2,PUT_CALL_PARITY,SEP26,SEP26=PUT_CALL_PARITY;AUG26=SERIES_FORWARD_CLUSTER;OCT26=SERIES_FORWARD_CLUSTER;DEC29=SERIES_FORWARD_CLUSTER;DEC26=PUT_CALL_PARITY;NOV26=SERIES_FORWARD_CLUSTER;MAR27=SERIES_FORWARD_CLUSTER;JUN27=SERIES_FORWARD_CLUSTER;DEC28=PUT_CALL_PARITY;DEC27=PUT_CALL_PARITY,SEP26=29348.75;AUG26=29412.5;OCT26=30137.875;DEC29=28924;DEC26=20179.125;NOV26=31093;MAR27=24435.5;JUN27=24130.625;DEC28=19739;DEC27=18304.5,DEC26=GLOBAL_REFERENCE_OUTLIER_PUT_CALL_PARITY;DEC28=GLOBAL_REFERENCE_OUTLIER_SERIES_FORWARD_CLUSTER;DEC27=GLOBAL_REFERENCE_OUTLIER_SERIES_FORWARD_CLUSTER,WEIGHTED_ATM,2026-09-04,6,130,0.0,NONE,4660,4136,0,0,517,NONE,MN1;MN2;MN3;MN4;MN5;QMW;QRW;QTW;QWW,OK,NONE,NONE,2026-08-26
NAS,28910.0,-2501631.1791727687,0.28983106176682705,0.0,0.0,0.0,0.0,0.0,0.0,29723.678287786784,28973.821712213216,30098.60657557357,28598.89342442643,SEP26,AUG26,2026-08-28,2026-09-18,29348.75,29335.60827616128,FOUND,DEGRADED,SPOT_MONTH_FALLBACK;ESTIMATED_EXPIRY_ALIAS,2026-08-02.2,PUT_CALL_PARITY,SEP26,SEP26=PUT_CALL_PARITY;AUG26=SERIES_FORWARD_CLUSTER;OCT26=SERIES_FORWARD_CLUSTER;DEC29=SERIES_FORWARD_CLUSTER;DEC26=PUT_CALL_PARITY;NOV26=SERIES_FORWARD_CLUSTER;MAR27=SERIES_FORWARD_CLUSTER;JUN27=SERIES_FORWARD_CLUSTER;DEC28=PUT_CALL_PARITY;DEC27=PUT_CALL_PARITY,SEP26=29348.75;AUG26=29412.5;OCT26=30137.875;DEC29=28924;DEC26=20179.125;NOV26=31093;MAR27=24435.5;JUN27=24130.625;DEC28=19739;DEC27=18304.5,DEC26=GLOBAL_REFERENCE_OUTLIER_PUT_CALL_PARITY;DEC28=GLOBAL_REFERENCE_OUTLIER_SERIES_FORWARD_CLUSTER;DEC27=GLOBAL_REFERENCE_OUTLIER_SERIES_FORWARD_CLUSTER,WEIGHTED_ATM,2026-09-04,6,130,0.0,NONE,4660,4136,0,0,517,NONE,MN1;MN2;MN3;MN4;MN5;QMW;QRW;QTW;QWW,OK,NONE,NONE,2026-08-26
NAS,28920.0,-448789.7695955689,0.05202188035504177,0.0,0.0,0.0,0.0,0.0,0.0,29723.678287786784,28973.821712213216,30098.60657557357,28598.89342442643,SEP26,AUG26,2026-08-28,2026-09-18,29348.75,29335.60827616128,FOUND,DEGRADED,SPOT_MONTH_FALLBACK;ESTIMATED_EXPIRY_ALIAS,2026-08-02.2,PUT_CALL_PARITY,SEP26,SEP26=PUT_CALL_PARITY;AUG26=SERIES_FORWARD_CLUSTER;OCT26=SERIES_FORWARD_CLUSTER;DEC29=SERIES_FORWARD_CLUSTER;DEC26=PUT_CALL_PARITY;NOV26=SERIES_FORWARD_CLUSTER;MAR27=SERIES_FORWARD_CLUSTER;JUN27=SERIES_FORWARD_CLUSTER;DEC28=PUT_CALL_PARITY;DEC27=PUT_CALL_PARITY,SEP26=29348.75;AUG26=29412.5;OCT26=30137.875;DEC29=28924;DEC26=20179.125;NOV26=31093;MAR27=24435.5;JUN27=24130.625;DEC28=19739;DEC27=18304.5,DEC26=GLOBAL_REFERENCE_OUTLIER_PUT_CALL_PARITY;DEC28=GLOBAL_REFERENCE_OUTLIER_SERIES_FORWARD_CLUSTER;DEC27=GLOBAL_REFERENCE_OUTLIER_SERIES_FORWARD_CLUSTER,WEIGHTED_ATM,2026-09-04,6,130,0.0,NONE,4660,4136,0,0,517,NONE,MN1;MN2;MN3;MN4;MN5;QMW;QRW;QTW;QWW,OK,NONE,NONE,2026-08-26
NAS,28925.0,-15672654.945392236,1.820794928506946,0.0,0.0,0.0,0.0,0.0,0.0,29723.678287786784,28973.821712213216,30098.60657557357,28598.89342442643,SEP26,AUG26,2026-08-28,2026-09-18,29348.75,29335.60827616128,FOUND,DEGRADED,SPOT_MONTH_FALLBACK;ESTIMATED_EXPIRY_ALIAS,2026-08-02.2,PUT_CALL_PARITY,SEP26,SEP26=PUT_CALL_PARITY;AUG26=SERIES_FORWARD_CLUSTER;OCT26=SERIES_FORWARD_CLUSTER;DEC29=SERIES_FORWARD_CLUSTER;DEC26=PUT_CALL_PARITY;NOV26=SERIES_FORWARD_CLUSTER;MAR27=SERIES_FORWARD_CLUSTER;JUN27=SERIES_FORWARD_CLUSTER;DEC28=PUT_CALL_PARITY;DEC27=PUT_CALL_PARITY,SEP26=29348.75;AUG26=29412.5;OCT26=30137.875;DEC29=28924;DEC26=20179.125;NOV26=31093;MAR27=24435.5;JUN27=24130.625;DEC28=19739;DEC27=18304.5,DEC26=GLOBAL_REFERENCE_OUTLIER_PUT_CALL_PARITY;DEC28=GLOBAL_REFERENCE_OUTLIER_SERIES_FORWARD_CLUSTER;DEC27=GLOBAL_REFERENCE_OUTLIER_SERIES_FORWARD_CLUSTER,WEIGHTED_ATM,2026-09-04,6,130,0.0,NONE,4660,4136,0,0,517,NONE,MN1;MN2;MN3;MN4;MN5;QMW;QRW;QTW;QWW,OK,NONE,NONE,2026-08-26
NAS,28930.0,-1277717.918437004,0.14784478936430273,0.0,0.0,0.0,0.0,0.0,0.0,29723.678287786784,28973.821712213216,30098.60657557357,28598.89342442643,SEP26,AUG26,2026-08-28,2026-09-18,29348.75,29335.60827616128,FOUND,DEGRADED,SPOT_MONTH_FALLBACK;ESTIMATED_EXPIRY_ALIAS,2026-08-02.2,PUT_CALL_PARITY,SEP26,SEP26=PUT_CALL_PARITY;AUG26=SERIES_FORWARD_CLUSTER;OCT26=SERIES_FORWARD_CLUSTER;DEC29=SERIES_FORWARD_CLUSTER;DEC26=PUT_CALL_PARITY;NOV26=SERIES_FORWARD_CLUSTER;MAR27=SERIES_FORWARD_CLUSTER;JUN27=SERIES_FORWARD_CLUSTER;DEC28=PUT_CALL_PARITY;DEC27=PUT_CALL_PARITY,SEP26=29348.75;AUG26=29412.5;OCT26=30137.875;DEC29=28924;DEC26=20179.125;NOV26=31093;MAR27=24435.5;JUN27=24130.625;DEC28=19739;DEC27=18304.5,DEC26=GLOBAL_REFERENCE_OUTLIER_PUT_CALL_PARITY;DEC28=GLOBAL_REFERENCE_OUTLIER_SERIES_FORWARD_CLUSTER;DEC27=GLOBAL_REFERENCE_OUTLIER_SERIES_FORWARD_CLUSTER,WEIGHTED_ATM,2026-09-04,6,130,0.0,NONE,4660,4136,0,0,517,NONE,MN1;MN2;MN3;MN4;MN5;QMW;QRW;QTW;QWW,OK,NONE,NONE,2026-08-26
NAS,28940.0,-1346961.1111513271,0.15575145335558524,0.0,0.0,0.0,0.0,0.0,0.0,29723.678287786784,28973.821712213216,30098.60657557357,28598.89342442643,SEP26,AUG26,2026-08-28,2026-09-18,29348.75,29335.60827616128,FOUND,DEGRADED,SPOT_MONTH_FALLBACK;ESTIMATED_EXPIRY_ALIAS,2026-08-02.2,PUT_CALL_PARITY,SEP26,SEP26=PUT_CALL_PARITY;AUG26=SERIES_FORWARD_CLUSTER;OCT26=SERIES_FORWARD_CLUSTER;DEC29=SERIES_FORWARD_CLUSTER;DEC26=PUT_CALL_PARITY;NOV26=SERIES_FORWARD_CLUSTER;MAR27=SERIES_FORWARD_CLUSTER;JUN27=SERIES_FORWARD_CLUSTER;DEC28=PUT_CALL_PARITY;DEC27=PUT_CALL_PARITY,SEP26=29348.75;AUG26=29412.5;OCT26=30137.875;DEC29=28924;DEC26=20179.125;NOV26=31093;MAR27=24435.5;JUN27=24130.625;DEC28=19739;DEC27=18304.5,DEC26=GLOBAL_REFERENCE_OUTLIER_PUT_CALL_PARITY;DEC28=GLOBAL_REFERENCE_OUTLIER_SERIES_FORWARD_CLUSTER;DEC27=GLOBAL_REFERENCE_OUTLIER_SERIES_FORWARD_CLUSTER,WEIGHTED_ATM,2026-09-04,6,130,0.0,NONE,4660,4136,0,0,517,NONE,MN1;MN2;MN3;MN4;MN5;QMW;QRW;QTW;QWW,OK,NONE,NONE,2026-08-26
NAS,28950.0,-35665420.05962666,4.1457244602124845,0.0,0.0,0.0,0.0,0.0,0.0,29723.678287786784,28973.821712213216,30098.60657557357,28598.89342442643,SEP26,AUG26,2026-08-28,2026-09-18,29348.75,29335.60827616128,FOUND,DEGRADED,SPOT_MONTH_FALLBACK;ESTIMATED_EXPIRY_ALIAS,2026-08-02.2,PUT_CALL_PARITY,SEP26,SEP26=PUT_CALL_PARITY;AUG26=SERIES_FORWARD_CLUSTER;OCT26=SERIES_FORWARD_CLUSTER;DEC29=SERIES_FORWARD_CLUSTER;DEC26=PUT_CALL_PARITY;NOV26=SERIES_FORWARD_CLUSTER;MAR27=SERIES_FORWARD_CLUSTER;JUN27=SERIES_FORWARD_CLUSTER;DEC28=PUT_CALL_PARITY;DEC27=PUT_CALL_PARITY,SEP26=29348.75;AUG26=29412.5;OCT26=30137.875;DEC29=28924;DEC26=20179.125;NOV26=31093;MAR27=24435.5;JUN27=24130.625;DEC28=19739;DEC27=18304.5,DEC26=GLOBAL_REFERENCE_OUTLIER_PUT_CALL_PARITY;DEC28=GLOBAL_REFERENCE_OUTLIER_SERIES_FORWARD_CLUSTER;DEC27=GLOBAL_REFERENCE_OUTLIER_SERIES_FORWARD_CLUSTER,WEIGHTED_ATM,2026-09-04,6,130,0.0,NONE,4660,4136,0,0,517,NONE,MN1;MN2;MN3;MN4;MN5;QMW;QRW;QTW;QWW,OK,NONE,NONE,2026-08-26
NAS,28960.0,-3260959.4094559886,0.3779012348714177,0.0,0.0,0.0,0.0,0.0,0.0,29723.678287786784,28973.821712213216,30098.60657557357,28598.89342442643,SEP26,AUG26,2026-08-28,2026-09-18,29348.75,29335.60827616128,FOUND,DEGRADED,SPOT_MONTH_FALLBACK;ESTIMATED_EXPIRY_ALIAS,2026-08-02.2,PUT_CALL_PARITY,SEP26,SEP26=PUT_CALL_PARITY;AUG26=SERIES_FORWARD_CLUSTER;OCT26=SERIES_FORWARD_CLUSTER;DEC29=SERIES_FORWARD_CLUSTER;DEC26=PUT_CALL_PARITY;NOV26=SERIES_FORWARD_CLUSTER;MAR27=SERIES_FORWARD_CLUSTER;JUN27=SERIES_FORWARD_CLUSTER;DEC28=PUT_CALL_PARITY;DEC27=PUT_CALL_PARITY,SEP26=29348.75;AUG26=29412.5;OCT26=30137.875;DEC29=28924;DEC26=20179.125;NOV26=31093;MAR27=24435.5;JUN27=24130.625;DEC28=19739;DEC27=18304.5,DEC26=GLOBAL_REFERENCE_OUTLIER_PUT_CALL_PARITY;DEC28=GLOBAL_REFERENCE_OUTLIER_SERIES_FORWARD_CLUSTER;DEC27=GLOBAL_REFERENCE_OUTLIER_SERIES_FORWARD_CLUSTER,WEIGHTED_ATM,2026-09-04,6,130,0.0,NONE,4660,4136,0,0,517,NONE,MN1;MN2;MN3;MN4;MN5;QMW;QRW;QTW;QWW,OK,NONE,NONE,2026-08-26
NAS,28970.0,-3556453.180823654,0.4126761268942408,0.0,0.0,0.0,0.0,0.0,0.0,29723.678287786784,28973.821712213216,30098.60657557357,28598.89342442643,SEP26,AUG26,2026-08-28,2026-09-18,29348.75,29335.60827616128,FOUND,DEGRADED,SPOT_MONTH_FALLBACK;ESTIMATED_EXPIRY_ALIAS,2026-08-02.2,PUT_CALL_PARITY,SEP26,SEP26=PUT_CALL_PARITY;AUG26=SERIES_FORWARD_CLUSTER;OCT26=SERIES_FORWARD_CLUSTER;DEC29=SERIES_FORWARD_CLUSTER;DEC26=PUT_CALL_PARITY;NOV26=SERIES_FORWARD_CLUSTER;MAR27=SERIES_FORWARD_CLUSTER;JUN27=SERIES_FORWARD_CLUSTER;DEC28=PUT_CALL_PARITY;DEC27=PUT_CALL_PARITY,SEP26=29348.75;AUG26=29412.5;OCT26=30137.875;DEC29=28924;DEC26=20179.125;NOV26=31093;MAR27=24435.5;JUN27=24130.625;DEC28=19739;DEC27=18304.5,DEC26=GLOBAL_REFERENCE_OUTLIER_PUT_CALL_PARITY;DEC28=GLOBAL_REFERENCE_OUTLIER_SERIES_FORWARD_CLUSTER;DEC27=GLOBAL_REFERENCE_OUTLIER_SERIES_FORWARD_CLUSTER,WEIGHTED_ATM,2026-09-04,6,130,0.0,NONE,4660,4136,0,0,517,NONE,MN1;MN2;MN3;MN4;MN5;QMW;QRW;QTW;QWW,OK,NONE,NONE,2026-08-26
NAS,28975.0,-13138525.472753879,1.5866814159474043,0.0,0.0,0.0,0.0,0.0,0.0,29723.678287786784,28973.821712213216,30098.60657557357,28598.89342442643,SEP26,AUG26,2026-08-28,2026-09-18,29348.75,29335.60827616128,FOUND,DEGRADED,SPOT_MONTH_FALLBACK;ESTIMATED_EXPIRY_ALIAS,2026-08-02.2,PUT_CALL_PARITY,SEP26,SEP26=PUT_CALL_PARITY;AUG26=SERIES_FORWARD_CLUSTER;OCT26=SERIES_FORWARD_CLUSTER;DEC29=SERIES_FORWARD_CLUSTER;DEC26=PUT_CALL_PARITY;NOV26=SERIES_FORWARD_CLUSTER;MAR27=SERIES_FORWARD_CLUSTER;JUN27=SERIES_FORWARD_CLUSTER;DEC28=PUT_CALL_PARITY;DEC27=PUT_CALL_PARITY,SEP26=29348.75;AUG26=29412.5;OCT26=30137.875;DEC29=28924;DEC26=20179.125;NOV26=31093;MAR27=24435.5;JUN27=24130.625;DEC28=19739;DEC27=18304.5,DEC26=GLOBAL_REFERENCE_OUTLIER_PUT_CALL_PARITY;DEC28=GLOBAL_REFERENCE_OUTLIER_SERIES_FORWARD_CLUSTER;DEC27=GLOBAL_REFERENCE_OUTLIER_SERIES_FORWARD_CLUSTER,WEIGHTED_ATM,2026-09-04,6,130,0.0,NONE,4660,4136,0,0,517,NONE,MN1;MN2;MN3;MN4;MN5;QMW;QRW;QTW;QWW,OK,NONE,NONE,2026-08-26
NAS,28980.0,-2681601.596505177,0.31101774660808656,0.0,0.0,0.0,0.0,0.0,0.0,29723.678287786784,28973.821712213216,30098.60657557357,28598.89342442643,SEP26,AUG26,2026-08-28,2026-09-18,29348.75,29335.60827616128,FOUND,DEGRADED,SPOT_MONTH_FALLBACK;ESTIMATED_EXPIRY_ALIAS,2026-08-02.2,PUT_CALL_PARITY,SEP26,SEP26=PUT_CALL_PARITY;AUG26=SERIES_FORWARD_CLUSTER;OCT26=SERIES_FORWARD_CLUSTER;DEC29=SERIES_FORWARD_CLUSTER;DEC26=PUT_CALL_PARITY;NOV26=SERIES_FORWARD_CLUSTER;MAR27=SERIES_FORWARD_CLUSTER;JUN27=SERIES_FORWARD_CLUSTER;DEC28=PUT_CALL_PARITY;DEC27=PUT_CALL_PARITY,SEP26=29348.75;AUG26=29412.5;OCT26=30137.875;DEC29=28924;DEC26=20179.125;NOV26=31093;MAR27=24435.5;JUN27=24130.625;DEC28=19739;DEC27=18304.5,DEC26=GLOBAL_REFERENCE_OUTLIER_PUT_CALL_PARITY;DEC28=GLOBAL_REFERENCE_OUTLIER_SERIES_FORWARD_CLUSTER;DEC27=GLOBAL_REFERENCE_OUTLIER_SERIES_FORWARD_CLUSTER,WEIGHTED_ATM,2026-09-04,6,130,0.0,NONE,4660,4136,0,0,517,NONE,MN1;MN2;MN3;MN4;MN5;QMW;QRW;QTW;QWW,OK,NONE,NONE,2026-08-26
NAS,28990.0,-1310337.3693711641,0.15168087505311847,0.0,0.0,0.0,0.0,0.0,0.0,29723.678287786784,28973.821712213216,30098.60657557357,28598.89342442643,SEP26,AUG26,2026-08-28,2026-09-18,29348.75,29335.60827616128,FOUND,DEGRADED,SPOT_MONTH_FALLBACK;ESTIMATED_EXPIRY_ALIAS,2026-08-02.2,PUT_CALL_PARITY,SEP26,SEP26=PUT_CALL_PARITY;AUG26=SERIES_FORWARD_CLUSTER;OCT26=SERIES_FORWARD_CLUSTER;DEC29=SERIES_FORWARD_CLUSTER;DEC26=PUT_CALL_PARITY;NOV26=SERIES_FORWARD_CLUSTER;MAR27=SERIES_FORWARD_CLUSTER;JUN27=SERIES_FORWARD_CLUSTER;DEC28=PUT_CALL_PARITY;DEC27=PUT_CALL_PARITY,SEP26=29348.75;AUG26=29412.5;OCT26=30137.875;DEC29=28924;DEC26=20179.125;NOV26=31093;MAR27=24435.5;JUN27=24130.625;DEC28=19739;DEC27=18304.5,DEC26=GLOBAL_REFERENCE_OUTLIER_PUT_CALL_PARITY;DEC28=GLOBAL_REFERENCE_OUTLIER_SERIES_FORWARD_CLUSTER;DEC27=GLOBAL_REFERENCE_OUTLIER_SERIES_FORWARD_CLUSTER,WEIGHTED_ATM,2026-09-04,6,130,0.0,NONE,4660,4136,0,0,517,NONE,MN1;MN2;MN3;MN4;MN5;QMW;QRW;QTW;QWW,OK,NONE,NONE,2026-08-26
NAS,29000.0,-25791486.12541965,33.336072484121296,0.0,0.0,0.0,0.0,0.0,0.0,29723.678287786784,28973.821712213216,30098.60657557357,28598.89342442643,SEP26,AUG26,2026-08-28,2026-09-18,29348.75,29335.60827616128,FOUND,DEGRADED,SPOT_MONTH_FALLBACK;ESTIMATED_EXPIRY_ALIAS,2026-08-02.2,PUT_CALL_PARITY,SEP26,SEP26=PUT_CALL_PARITY;AUG26=SERIES_FORWARD_CLUSTER;OCT26=SERIES_FORWARD_CLUSTER;DEC29=SERIES_FORWARD_CLUSTER;DEC26=PUT_CALL_PARITY;NOV26=SERIES_FORWARD_CLUSTER;MAR27=SERIES_FORWARD_CLUSTER;JUN27=SERIES_FORWARD_CLUSTER;DEC28=PUT_CALL_PARITY;DEC27=PUT_CALL_PARITY,SEP26=29348.75;AUG26=29412.5;OCT26=30137.875;DEC29=28924;DEC26=20179.125;NOV26=31093;MAR27=24435.5;JUN27=24130.625;DEC28=19739;DEC27=18304.5,DEC26=GLOBAL_REFERENCE_OUTLIER_PUT_CALL_PARITY;DEC28=GLOBAL_REFERENCE_OUTLIER_SERIES_FORWARD_CLUSTER;DEC27=GLOBAL_REFERENCE_OUTLIER_SERIES_FORWARD_CLUSTER,WEIGHTED_ATM,2026-09-04,6,130,0.0,NONE,4660,4136,0,0,517,NONE,MN1;MN2;MN3;MN4;MN5;QMW;QRW;QTW;QWW,OK,NONE,NONE,2026-08-26
NAS,29010.0,-1638923.554147567,0.21043561204275535,0.0,0.0,0.0,0.0,0.0,0.0,29723.678287786784,28973.821712213216,30098.60657557357,28598.89342442643,SEP26,AUG26,2026-08-28,2026-09-18,29348.75,29335.60827616128,FOUND,DEGRADED,SPOT_MONTH_FALLBACK;ESTIMATED_EXPIRY_ALIAS,2026-08-02.2,PUT_CALL_PARITY,SEP26,SEP26=PUT_CALL_PARITY;AUG26=SERIES_FORWARD_CLUSTER;OCT26=SERIES_FORWARD_CLUSTER;DEC29=SERIES_FORWARD_CLUSTER;DEC26=PUT_CALL_PARITY;NOV26=SERIES_FORWARD_CLUSTER;MAR27=SERIES_FORWARD_CLUSTER;JUN27=SERIES_FORWARD_CLUSTER;DEC28=PUT_CALL_PARITY;DEC27=PUT_CALL_PARITY,SEP26=29348.75;AUG26=29412.5;OCT26=30137.875;DEC29=28924;DEC26=20179.125;NOV26=31093;MAR27=24435.5;JUN27=24130.625;DEC28=19739;DEC27=18304.5,DEC26=GLOBAL_REFERENCE_OUTLIER_PUT_CALL_PARITY;DEC28=GLOBAL_REFERENCE_OUTLIER_SERIES_FORWARD_CLUSTER;DEC27=GLOBAL_REFERENCE_OUTLIER_SERIES_FORWARD_CLUSTER,WEIGHTED_ATM,2026-09-04,6,130,0.0,NONE,4660,4136,0,0,517,NONE,MN1;MN2;MN3;MN4;MN5;QMW;QRW;QTW;QWW,OK,NONE,NONE,2026-08-26
NAS,29020.0,-2472826.1974064605,0.286580318775453,0.0,0.0,0.0,0.0,0.0,0.0,29723.678287786784,28973.821712213216,30098.60657557357,28598.89342442643,SEP26,AUG26,2026-08-28,2026-09-18,29348.75,29335.60827616128,FOUND,DEGRADED,SPOT_MONTH_FALLBACK;ESTIMATED_EXPIRY_ALIAS,2026-08-02.2,PUT_CALL_PARITY,SEP26,SEP26=PUT_CALL_PARITY;AUG26=SERIES_FORWARD_CLUSTER;OCT26=SERIES_FORWARD_CLUSTER;DEC29=SERIES_FORWARD_CLUSTER;DEC26=PUT_CALL_PARITY;NOV26=SERIES_FORWARD_CLUSTER;MAR27=SERIES_FORWARD_CLUSTER;JUN27=SERIES_FORWARD_CLUSTER;DEC28=PUT_CALL_PARITY;DEC27=PUT_CALL_PARITY,SEP26=29348.75;AUG26=29412.5;OCT26=30137.875;DEC29=28924;DEC26=20179.125;NOV26=31093;MAR27=24435.5;JUN27=24130.625;DEC28=19739;DEC27=18304.5,DEC26=GLOBAL_REFERENCE_OUTLIER_PUT_CALL_PARITY;DEC28=GLOBAL_REFERENCE_OUTLIER_SERIES_FORWARD_CLUSTER;DEC27=GLOBAL_REFERENCE_OUTLIER_SERIES_FORWARD_CLUSTER,WEIGHTED_ATM,2026-09-04,6,130,0.0,NONE,4660,4136,0,0,517,NONE,MN1;MN2;MN3;MN4;MN5;QMW;QRW;QTW;QWW,OK,NONE,NONE,2026-08-26
NAS,29025.0,-5904004.000230305,0.7527066204305435,0.0,0.0,0.0,0.0,0.0,0.0,29723.678287786784,28973.821712213216,30098.60657557357,28598.89342442643,SEP26,AUG26,2026-08-28,2026-09-18,29348.75,29335.60827616128,FOUND,DEGRADED,SPOT_MONTH_FALLBACK;ESTIMATED_EXPIRY_ALIAS,2026-08-02.2,PUT_CALL_PARITY,SEP26,SEP26=PUT_CALL_PARITY;AUG26=SERIES_FORWARD_CLUSTER;OCT26=SERIES_FORWARD_CLUSTER;DEC29=SERIES_FORWARD_CLUSTER;DEC26=PUT_CALL_PARITY;NOV26=SERIES_FORWARD_CLUSTER;MAR27=SERIES_FORWARD_CLUSTER;JUN27=SERIES_FORWARD_CLUSTER;DEC28=PUT_CALL_PARITY;DEC27=PUT_CALL_PARITY,SEP26=29348.75;AUG26=29412.5;OCT26=30137.875;DEC29=28924;DEC26=20179.125;NOV26=31093;MAR27=24435.5;JUN27=24130.625;DEC28=19739;DEC27=18304.5,DEC26=GLOBAL_REFERENCE_OUTLIER_PUT_CALL_PARITY;DEC28=GLOBAL_REFERENCE_OUTLIER_SERIES_FORWARD_CLUSTER;DEC27=GLOBAL_REFERENCE_OUTLIER_SERIES_FORWARD_CLUSTER,WEIGHTED_ATM,2026-09-04,6,130,0.0,NONE,4660,4136,0,0,517,NONE,MN1;MN2;MN3;MN4;MN5;QMW;QRW;QTW;QWW,OK,NONE,NONE,2026-08-26
NAS,29030.0,-4014446.659282503,0.4652720650845608,0.0,0.0,0.0,0.0,0.0,0.0,29723.678287786784,28973.821712213216,30098.60657557357,28598.89342442643,SEP26,AUG26,2026-08-28,2026-09-18,29348.75,29335.60827616128,FOUND,DEGRADED,SPOT_MONTH_FALLBACK;ESTIMATED_EXPIRY_ALIAS,2026-08-02.2,PUT_CALL_PARITY,SEP26,SEP26=PUT_CALL_PARITY;AUG26=SERIES_FORWARD_CLUSTER;OCT26=SERIES_FORWARD_CLUSTER;DEC29=SERIES_FORWARD_CLUSTER;DEC26=PUT_CALL_PARITY;NOV26=SERIES_FORWARD_CLUSTER;MAR27=SERIES_FORWARD_CLUSTER;JUN27=SERIES_FORWARD_CLUSTER;DEC28=PUT_CALL_PARITY;DEC27=PUT_CALL_PARITY,SEP26=29348.75;AUG26=29412.5;OCT26=30137.875;DEC29=28924;DEC26=20179.125;NOV26=31093;MAR27=24435.5;JUN27=24130.625;DEC28=19739;DEC27=18304.5,DEC26=GLOBAL_REFERENCE_OUTLIER_PUT_CALL_PARITY;DEC28=GLOBAL_REFERENCE_OUTLIER_SERIES_FORWARD_CLUSTER;DEC27=GLOBAL_REFERENCE_OUTLIER_SERIES_FORWARD_CLUSTER,WEIGHTED_ATM,2026-09-04,6,130,0.0,NONE,4660,4136,0,0,517,NONE,MN1;MN2;MN3;MN4;MN5;QMW;QRW;QTW;QWW,OK,NONE,NONE,2026-08-26
NAS,29040.0,-2642139.8480868503,0.3062729944858913,0.0,0.0,0.0,0.0,0.0,0.0,29723.678287786784,28973.821712213216,30098.60657557357,28598.89342442643,SEP26,AUG26,2026-08-28,2026-09-18,29348.75,29335.60827616128,FOUND,DEGRADED,SPOT_MONTH_FALLBACK;ESTIMATED_EXPIRY_ALIAS,2026-08-02.2,PUT_CALL_PARITY,SEP26,SEP26=PUT_CALL_PARITY;AUG26=SERIES_FORWARD_CLUSTER;OCT26=SERIES_FORWARD_CLUSTER;DEC29=SERIES_FORWARD_CLUSTER;DEC26=PUT_CALL_PARITY;NOV26=SERIES_FORWARD_CLUSTER;MAR27=SERIES_FORWARD_CLUSTER;JUN27=SERIES_FORWARD_CLUSTER;DEC28=PUT_CALL_PARITY;DEC27=PUT_CALL_PARITY,SEP26=29348.75;AUG26=29412.5;OCT26=30137.875;DEC29=28924;DEC26=20179.125;NOV26=31093;MAR27=24435.5;JUN27=24130.625;DEC28=19739;DEC27=18304.5,DEC26=GLOBAL_REFERENCE_OUTLIER_PUT_CALL_PARITY;DEC28=GLOBAL_REFERENCE_OUTLIER_SERIES_FORWARD_CLUSTER;DEC27=GLOBAL_REFERENCE_OUTLIER_SERIES_FORWARD_CLUSTER,WEIGHTED_ATM,2026-09-04,6,130,0.0,NONE,4660,4136,0,0,517,NONE,MN1;MN2;MN3;MN4;MN5;QMW;QRW;QTW;QWW,OK,NONE,NONE,2026-08-26
NAS,29050.0,-17136319.71502072,2.3098461615111567,0.0,0.0,0.0,0.0,0.0,0.0,29723.678287786784,28973.821712213216,30098.60657557357,28598.89342442643,SEP26,AUG26,2026-08-28,2026-09-18,29348.75,29335.60827616128,FOUND,DEGRADED,SPOT_MONTH_FALLBACK;ESTIMATED_EXPIRY_ALIAS,2026-08-02.2,PUT_CALL_PARITY,SEP26,SEP26=PUT_CALL_PARITY;AUG26=SERIES_FORWARD_CLUSTER;OCT26=SERIES_FORWARD_CLUSTER;DEC29=SERIES_FORWARD_CLUSTER;DEC26=PUT_CALL_PARITY;NOV26=SERIES_FORWARD_CLUSTER;MAR27=SERIES_FORWARD_CLUSTER;JUN27=SERIES_FORWARD_CLUSTER;DEC28=PUT_CALL_PARITY;DEC27=PUT_CALL_PARITY,SEP26=29348.75;AUG26=29412.5;OCT26=30137.875;DEC29=28924;DEC26=20179.125;NOV26=31093;MAR27=24435.5;JUN27=24130.625;DEC28=19739;DEC27=18304.5,DEC26=GLOBAL_REFERENCE_OUTLIER_PUT_CALL_PARITY;DEC28=GLOBAL_REFERENCE_OUTLIER_SERIES_FORWARD_CLUSTER;DEC27=GLOBAL_REFERENCE_OUTLIER_SERIES_FORWARD_CLUSTER,WEIGHTED_ATM,2026-09-04,6,130,0.0,NONE,4660,4136,0,0,517,NONE,MN1;MN2;MN3;MN4;MN5;QMW;QRW;QTW;QWW,OK,NONE,NONE,2026-08-26
NAS,29060.0,-2442157.440497644,0.28333451680672744,0.0,0.0,0.0,0.0,0.0,0.0,29723.678287786784,28973.821712213216,30098.60657557357,28598.89342442643,SEP26,AUG26,2026-08-28,2026-09-18,29348.75,29335.60827616128,FOUND,DEGRADED,SPOT_MONTH_FALLBACK;ESTIMATED_EXPIRY_ALIAS,2026-08-02.2,PUT_CALL_PARITY,SEP26,SEP26=PUT_CALL_PARITY;AUG26=SERIES_FORWARD_CLUSTER;OCT26=SERIES_FORWARD_CLUSTER;DEC29=SERIES_FORWARD_CLUSTER;DEC26=PUT_CALL_PARITY;NOV26=SERIES_FORWARD_CLUSTER;MAR27=SERIES_FORWARD_CLUSTER;JUN27=SERIES_FORWARD_CLUSTER;DEC28=PUT_CALL_PARITY;DEC27=PUT_CALL_PARITY,SEP26=29348.75;AUG26=29412.5;OCT26=30137.875;DEC29=28924;DEC26=20179.125;NOV26=31093;MAR27=24435.5;JUN27=24130.625;DEC28=19739;DEC27=18304.5,DEC26=GLOBAL_REFERENCE_OUTLIER_PUT_CALL_PARITY;DEC28=GLOBAL_REFERENCE_OUTLIER_SERIES_FORWARD_CLUSTER;DEC27=GLOBAL_REFERENCE_OUTLIER_SERIES_FORWARD_CLUSTER,WEIGHTED_ATM,2026-09-04,6,130,0.0,NONE,4660,4136,0,0,517,NONE,MN1;MN2;MN3;MN4;MN5;QMW;QRW;QTW;QWW,OK,NONE,NONE,2026-08-26
NAS,29070.0,-2661510.6190456385,0.3083131551760012,0.0,0.0,0.0,0.0,0.0,0.0,29723.678287786784,28973.821712213216,30098.60657557357,28598.89342442643,SEP26,AUG26,2026-08-28,2026-09-18,29348.75,29335.60827616128,FOUND,DEGRADED,SPOT_MONTH_FALLBACK;ESTIMATED_EXPIRY_ALIAS,2026-08-02.2,PUT_CALL_PARITY,SEP26,SEP26=PUT_CALL_PARITY;AUG26=SERIES_FORWARD_CLUSTER;OCT26=SERIES_FORWARD_CLUSTER;DEC29=SERIES_FORWARD_CLUSTER;DEC26=PUT_CALL_PARITY;NOV26=SERIES_FORWARD_CLUSTER;MAR27=SERIES_FORWARD_CLUSTER;JUN27=SERIES_FORWARD_CLUSTER;DEC28=PUT_CALL_PARITY;DEC27=PUT_CALL_PARITY,SEP26=29348.75;AUG26=29412.5;OCT26=30137.875;DEC29=28924;DEC26=20179.125;NOV26=31093;MAR27=24435.5;JUN27=24130.625;DEC28=19739;DEC27=18304.5,DEC26=GLOBAL_REFERENCE_OUTLIER_PUT_CALL_PARITY;DEC28=GLOBAL_REFERENCE_OUTLIER_SERIES_FORWARD_CLUSTER;DEC27=GLOBAL_REFERENCE_OUTLIER_SERIES_FORWARD_CLUSTER,WEIGHTED_ATM,2026-09-04,6,130,0.0,NONE,4660,4136,0,0,517,NONE,MN1;MN2;MN3;MN4;MN5;QMW;QRW;QTW;QWW,OK,NONE,NONE,2026-08-26
NAS,29075.0,-9193986.814376913,1.2654550490939183,0.0,0.0,0.0,0.0,0.0,0.0,29723.678287786784,28973.821712213216,30098.60657557357,28598.89342442643,SEP26,AUG26,2026-08-28,2026-09-18,29348.75,29335.60827616128,FOUND,DEGRADED,SPOT_MONTH_FALLBACK;ESTIMATED_EXPIRY_ALIAS,2026-08-02.2,PUT_CALL_PARITY,SEP26,SEP26=PUT_CALL_PARITY;AUG26=SERIES_FORWARD_CLUSTER;OCT26=SERIES_FORWARD_CLUSTER;DEC29=SERIES_FORWARD_CLUSTER;DEC26=PUT_CALL_PARITY;NOV26=SERIES_FORWARD_CLUSTER;MAR27=SERIES_FORWARD_CLUSTER;JUN27=SERIES_FORWARD_CLUSTER;DEC28=PUT_CALL_PARITY;DEC27=PUT_CALL_PARITY,SEP26=29348.75;AUG26=29412.5;OCT26=30137.875;DEC29=28924;DEC26=20179.125;NOV26=31093;MAR27=24435.5;JUN27=24130.625;DEC28=19739;DEC27=18304.5,DEC26=GLOBAL_REFERENCE_OUTLIER_PUT_CALL_PARITY;DEC28=GLOBAL_REFERENCE_OUTLIER_SERIES_FORWARD_CLUSTER;DEC27=GLOBAL_REFERENCE_OUTLIER_SERIES_FORWARD_CLUSTER,WEIGHTED_ATM,2026-09-04,6,130,0.0,NONE,4660,4136,0,0,517,NONE,MN1;MN2;MN3;MN4;MN5;QMW;QRW;QTW;QWW,OK,NONE,NONE,2026-08-26
NAS,29080.0,-2996593.471940605,0.3472574010913303,0.0,0.0,0.0,0.0,0.0,0.0,29723.678287786784,28973.821712213216,30098.60657557357,28598.89342442643,SEP26,AUG26,2026-08-28,2026-09-18,29348.75,29335.60827616128,FOUND,DEGRADED,SPOT_MONTH_FALLBACK;ESTIMATED_EXPIRY_ALIAS,2026-08-02.2,PUT_CALL_PARITY,SEP26,SEP26=PUT_CALL_PARITY;AUG26=SERIES_FORWARD_CLUSTER;OCT26=SERIES_FORWARD_CLUSTER;DEC29=SERIES_FORWARD_CLUSTER;DEC26=PUT_CALL_PARITY;NOV26=SERIES_FORWARD_CLUSTER;MAR27=SERIES_FORWARD_CLUSTER;JUN27=SERIES_FORWARD_CLUSTER;DEC28=PUT_CALL_PARITY;DEC27=PUT_CALL_PARITY,SEP26=29348.75;AUG26=29412.5;OCT26=30137.875;DEC29=28924;DEC26=20179.125;NOV26=31093;MAR27=24435.5;JUN27=24130.625;DEC28=19739;DEC27=18304.5,DEC26=GLOBAL_REFERENCE_OUTLIER_PUT_CALL_PARITY;DEC28=GLOBAL_REFERENCE_OUTLIER_SERIES_FORWARD_CLUSTER;DEC27=GLOBAL_REFERENCE_OUTLIER_SERIES_FORWARD_CLUSTER,WEIGHTED_ATM,2026-09-04,6,130,0.0,NONE,4660,4136,0,0,517,NONE,MN1;MN2;MN3;MN4;MN5;QMW;QRW;QTW;QWW,OK,NONE,NONE,2026-08-26
NAS,29090.0,-5074735.230705466,0.6767667458732347,0.0,0.0,0.0,0.0,0.0,0.0,29723.678287786784,28973.821712213216,30098.60657557357,28598.89342442643,SEP26,AUG26,2026-08-28,2026-09-18,29348.75,29335.60827616128,FOUND,DEGRADED,SPOT_MONTH_FALLBACK;ESTIMATED_EXPIRY_ALIAS,2026-08-02.2,PUT_CALL_PARITY,SEP26,SEP26=PUT_CALL_PARITY;AUG26=SERIES_FORWARD_CLUSTER;OCT26=SERIES_FORWARD_CLUSTER;DEC29=SERIES_FORWARD_CLUSTER;DEC26=PUT_CALL_PARITY;NOV26=SERIES_FORWARD_CLUSTER;MAR27=SERIES_FORWARD_CLUSTER;JUN27=SERIES_FORWARD_CLUSTER;DEC28=PUT_CALL_PARITY;DEC27=PUT_CALL_PARITY,SEP26=29348.75;AUG26=29412.5;OCT26=30137.875;DEC29=28924;DEC26=20179.125;NOV26=31093;MAR27=24435.5;JUN27=24130.625;DEC28=19739;DEC27=18304.5,DEC26=GLOBAL_REFERENCE_OUTLIER_PUT_CALL_PARITY;DEC28=GLOBAL_REFERENCE_OUTLIER_SERIES_FORWARD_CLUSTER;DEC27=GLOBAL_REFERENCE_OUTLIER_SERIES_FORWARD_CLUSTER,WEIGHTED_ATM,2026-09-04,6,130,0.0,NONE,4660,4136,0,0,517,NONE,MN1;MN2;MN3;MN4;MN5;QMW;QRW;QTW;QWW,OK,NONE,NONE,2026-08-26
NAS,29100.0,-39065186.806076705,9.474829735179306,0.0,0.0,0.0,0.0,0.0,0.0,29723.678287786784,28973.821712213216,30098.60657557357,28598.89342442643,SEP26,AUG26,2026-08-28,2026-09-18,29348.75,29335.60827616128,FOUND,DEGRADED,SPOT_MONTH_FALLBACK;ESTIMATED_EXPIRY_ALIAS,2026-08-02.2,PUT_CALL_PARITY,SEP26,SEP26=PUT_CALL_PARITY;AUG26=SERIES_FORWARD_CLUSTER;OCT26=SERIES_FORWARD_CLUSTER;DEC29=SERIES_FORWARD_CLUSTER;DEC26=PUT_CALL_PARITY;NOV26=SERIES_FORWARD_CLUSTER;MAR27=SERIES_FORWARD_CLUSTER;JUN27=SERIES_FORWARD_CLUSTER;DEC28=PUT_CALL_PARITY;DEC27=PUT_CALL_PARITY,SEP26=29348.75;AUG26=29412.5;OCT26=30137.875;DEC29=28924;DEC26=20179.125;NOV26=31093;MAR27=24435.5;JUN27=24130.625;DEC28=19739;DEC27=18304.5,DEC26=GLOBAL_REFERENCE_OUTLIER_PUT_CALL_PARITY;DEC28=GLOBAL_REFERENCE_OUTLIER_SERIES_FORWARD_CLUSTER;DEC27=GLOBAL_REFERENCE_OUTLIER_SERIES_FORWARD_CLUSTER,WEIGHTED_ATM,2026-09-04,6,130,0.0,NONE,4660,4136,0,0,517,NONE,MN1;MN2;MN3;MN4;MN5;QMW;QRW;QTW;QWW,OK,NONE,NONE,2026-08-26
NAS,29110.0,-2593798.687973917,0.3005274392632449,0.0,0.0,0.0,0.0,0.0,0.0,29723.678287786784,28973.821712213216,30098.60657557357,28598.89342442643,SEP26,AUG26,2026-08-28,2026-09-18,29348.75,29335.60827616128,FOUND,DEGRADED,SPOT_MONTH_FALLBACK;ESTIMATED_EXPIRY_ALIAS,2026-08-02.2,PUT_CALL_PARITY,SEP26,SEP26=PUT_CALL_PARITY;AUG26=SERIES_FORWARD_CLUSTER;OCT26=SERIES_FORWARD_CLUSTER;DEC29=SERIES_FORWARD_CLUSTER;DEC26=PUT_CALL_PARITY;NOV26=SERIES_FORWARD_CLUSTER;MAR27=SERIES_FORWARD_CLUSTER;JUN27=SERIES_FORWARD_CLUSTER;DEC28=PUT_CALL_PARITY;DEC27=PUT_CALL_PARITY,SEP26=29348.75;AUG26=29412.5;OCT26=30137.875;DEC29=28924;DEC26=20179.125;NOV26=31093;MAR27=24435.5;JUN27=24130.625;DEC28=19739;DEC27=18304.5,DEC26=GLOBAL_REFERENCE_OUTLIER_PUT_CALL_PARITY;DEC28=GLOBAL_REFERENCE_OUTLIER_SERIES_FORWARD_CLUSTER;DEC27=GLOBAL_REFERENCE_OUTLIER_SERIES_FORWARD_CLUSTER,WEIGHTED_ATM,2026-09-04,6,130,0.0,NONE,4660,4136,0,0,517,NONE,MN1;MN2;MN3;MN4;MN5;QMW;QRW;QTW;QWW,OK,NONE,NONE,2026-08-26
NAS,29120.0,-2760531.780299639,0.3202353184864116,0.0,0.0,0.0,0.0,0.0,0.0,29723.678287786784,28973.821712213216,30098.60657557357,28598.89342442643,SEP26,AUG26,2026-08-28,2026-09-18,29348.75,29335.60827616128,FOUND,DEGRADED,SPOT_MONTH_FALLBACK;ESTIMATED_EXPIRY_ALIAS,2026-08-02.2,PUT_CALL_PARITY,SEP26,SEP26=PUT_CALL_PARITY;AUG26=SERIES_FORWARD_CLUSTER;OCT26=SERIES_FORWARD_CLUSTER;DEC29=SERIES_FORWARD_CLUSTER;DEC26=PUT_CALL_PARITY;NOV26=SERIES_FORWARD_CLUSTER;MAR27=SERIES_FORWARD_CLUSTER;JUN27=SERIES_FORWARD_CLUSTER;DEC28=PUT_CALL_PARITY;DEC27=PUT_CALL_PARITY,SEP26=29348.75;AUG26=29412.5;OCT26=30137.875;DEC29=28924;DEC26=20179.125;NOV26=31093;MAR27=24435.5;JUN27=24130.625;DEC28=19739;DEC27=18304.5,DEC26=GLOBAL_REFERENCE_OUTLIER_PUT_CALL_PARITY;DEC28=GLOBAL_REFERENCE_OUTLIER_SERIES_FORWARD_CLUSTER;DEC27=GLOBAL_REFERENCE_OUTLIER_SERIES_FORWARD_CLUSTER,WEIGHTED_ATM,2026-09-04,6,130,0.0,NONE,4660,4136,0,0,517,NONE,MN1;MN2;MN3;MN4;MN5;QMW;QRW;QTW;QWW,OK,NONE,NONE,2026-08-26
NAS,29125.0,-9718725.098922264,1.3300214866373528,0.0,0.0,0.0,0.0,0.0,0.0,29723.678287786784,28973.821712213216,30098.60657557357,28598.89342442643,SEP26,AUG26,2026-08-28,2026-09-18,29348.75,29335.60827616128,FOUND,DEGRADED,SPOT_MONTH_FALLBACK;ESTIMATED_EXPIRY_ALIAS,2026-08-02.2,PUT_CALL_PARITY,SEP26,SEP26=PUT_CALL_PARITY;AUG26=SERIES_FORWARD_CLUSTER;OCT26=SERIES_FORWARD_CLUSTER;DEC29=SERIES_FORWARD_CLUSTER;DEC26=PUT_CALL_PARITY;NOV26=SERIES_FORWARD_CLUSTER;MAR27=SERIES_FORWARD_CLUSTER;JUN27=SERIES_FORWARD_CLUSTER;DEC28=PUT_CALL_PARITY;DEC27=PUT_CALL_PARITY,SEP26=29348.75;AUG26=29412.5;OCT26=30137.875;DEC29=28924;DEC26=20179.125;NOV26=31093;MAR27=24435.5;JUN27=24130.625;DEC28=19739;DEC27=18304.5,DEC26=GLOBAL_REFERENCE_OUTLIER_PUT_CALL_PARITY;DEC28=GLOBAL_REFERENCE_OUTLIER_SERIES_FORWARD_CLUSTER;DEC27=GLOBAL_REFERENCE_OUTLIER_SERIES_FORWARD_CLUSTER,WEIGHTED_ATM,2026-09-04,6,130,0.0,NONE,4660,4136,0,0,517,NONE,MN1;MN2;MN3;MN4;MN5;QMW;QRW;QTW;QWW,OK,NONE,NONE,2026-08-26
NAS,29130.0,-5178839.195948121,0.600223325348872,0.0,0.0,0.0,0.0,0.0,0.0,29723.678287786784,28973.821712213216,30098.60657557357,28598.89342442643,SEP26,AUG26,2026-08-28,2026-09-18,29348.75,29335.60827616128,FOUND,DEGRADED,SPOT_MONTH_FALLBACK;ESTIMATED_EXPIRY_ALIAS,2026-08-02.2,PUT_CALL_PARITY,SEP26,SEP26=PUT_CALL_PARITY;AUG26=SERIES_FORWARD_CLUSTER;OCT26=SERIES_FORWARD_CLUSTER;DEC29=SERIES_FORWARD_CLUSTER;DEC26=PUT_CALL_PARITY;NOV26=SERIES_FORWARD_CLUSTER;MAR27=SERIES_FORWARD_CLUSTER;JUN27=SERIES_FORWARD_CLUSTER;DEC28=PUT_CALL_PARITY;DEC27=PUT_CALL_PARITY,SEP26=29348.75;AUG26=29412.5;OCT26=30137.875;DEC29=28924;DEC26=20179.125;NOV26=31093;MAR27=24435.5;JUN27=24130.625;DEC28=19739;DEC27=18304.5,DEC26=GLOBAL_REFERENCE_OUTLIER_PUT_CALL_PARITY;DEC28=GLOBAL_REFERENCE_OUTLIER_SERIES_FORWARD_CLUSTER;DEC27=GLOBAL_REFERENCE_OUTLIER_SERIES_FORWARD_CLUSTER,WEIGHTED_ATM,2026-09-04,6,130,0.0,NONE,4660,4136,0,0,517,NONE,MN1;MN2;MN3;MN4;MN5;QMW;QRW;QTW;QWW,OK,NONE,NONE,2026-08-26
NAS,29140.0,-6966022.122812007,0.8065166429220003,0.0,0.0,0.0,0.0,0.0,0.0,29723.678287786784,28973.821712213216,30098.60657557357,28598.89342442643,SEP26,AUG26,2026-08-28,2026-09-18,29348.75,29335.60827616128,FOUND,DEGRADED,SPOT_MONTH_FALLBACK;ESTIMATED_EXPIRY_ALIAS,2026-08-02.2,PUT_CALL_PARITY,SEP26,SEP26=PUT_CALL_PARITY;AUG26=SERIES_FORWARD_CLUSTER;OCT26=SERIES_FORWARD_CLUSTER;DEC29=SERIES_FORWARD_CLUSTER;DEC26=PUT_CALL_PARITY;NOV26=SERIES_FORWARD_CLUSTER;MAR27=SERIES_FORWARD_CLUSTER;JUN27=SERIES_FORWARD_CLUSTER;DEC28=PUT_CALL_PARITY;DEC27=PUT_CALL_PARITY,SEP26=29348.75;AUG26=29412.5;OCT26=30137.875;DEC29=28924;DEC26=20179.125;NOV26=31093;MAR27=24435.5;JUN27=24130.625;DEC28=19739;DEC27=18304.5,DEC26=GLOBAL_REFERENCE_OUTLIER_PUT_CALL_PARITY;DEC28=GLOBAL_REFERENCE_OUTLIER_SERIES_FORWARD_CLUSTER;DEC27=GLOBAL_REFERENCE_OUTLIER_SERIES_FORWARD_CLUSTER,WEIGHTED_ATM,2026-09-04,6,130,0.0,NONE,4660,4136,0,0,517,NONE,MN1;MN2;MN3;MN4;MN5;QMW;QRW;QTW;QWW,OK,NONE,NONE,2026-08-26
NAS,29150.0,-11234887.214983206,2.206974065698208,0.0,0.0,0.0,0.0,0.0,0.0,29723.678287786784,28973.821712213216,30098.60657557357,28598.89342442643,SEP26,AUG26,2026-08-28,2026-09-18,29348.75,29335.60827616128,FOUND,DEGRADED,SPOT_MONTH_FALLBACK;ESTIMATED_EXPIRY_ALIAS,2026-08-02.2,PUT_CALL_PARITY,SEP26,SEP26=PUT_CALL_PARITY;AUG26=SERIES_FORWARD_CLUSTER;OCT26=SERIES_FORWARD_CLUSTER;DEC29=SERIES_FORWARD_CLUSTER;DEC26=PUT_CALL_PARITY;NOV26=SERIES_FORWARD_CLUSTER;MAR27=SERIES_FORWARD_CLUSTER;JUN27=SERIES_FORWARD_CLUSTER;DEC28=PUT_CALL_PARITY;DEC27=PUT_CALL_PARITY,SEP26=29348.75;AUG26=29412.5;OCT26=30137.875;DEC29=28924;DEC26=20179.125;NOV26=31093;MAR27=24435.5;JUN27=24130.625;DEC28=19739;DEC27=18304.5,DEC26=GLOBAL_REFERENCE_OUTLIER_PUT_CALL_PARITY;DEC28=GLOBAL_REFERENCE_OUTLIER_SERIES_FORWARD_CLUSTER;DEC27=GLOBAL_REFERENCE_OUTLIER_SERIES_FORWARD_CLUSTER,WEIGHTED_ATM,2026-09-04,6,130,0.0,NONE,4660,4136,0,0,517,NONE,MN1;MN2;MN3;MN4;MN5;QMW;QRW;QTW;QWW,OK,NONE,NONE,2026-08-26
NAS,29160.0,-4181511.8120157104,0.4850425023381509,0.0,0.0,0.0,0.0,0.0,0.0,29723.678287786784,28973.821712213216,30098.60657557357,28598.89342442643,SEP26,AUG26,2026-08-28,2026-09-18,29348.75,29335.60827616128,FOUND,DEGRADED,SPOT_MONTH_FALLBACK;ESTIMATED_EXPIRY_ALIAS,2026-08-02.2,PUT_CALL_PARITY,SEP26,SEP26=PUT_CALL_PARITY;AUG26=SERIES_FORWARD_CLUSTER;OCT26=SERIES_FORWARD_CLUSTER;DEC29=SERIES_FORWARD_CLUSTER;DEC26=PUT_CALL_PARITY;NOV26=SERIES_FORWARD_CLUSTER;MAR27=SERIES_FORWARD_CLUSTER;JUN27=SERIES_FORWARD_CLUSTER;DEC28=PUT_CALL_PARITY;DEC27=PUT_CALL_PARITY,SEP26=29348.75;AUG26=29412.5;OCT26=30137.875;DEC29=28924;DEC26=20179.125;NOV26=31093;MAR27=24435.5;JUN27=24130.625;DEC28=19739;DEC27=18304.5,DEC26=GLOBAL_REFERENCE_OUTLIER_PUT_CALL_PARITY;DEC28=GLOBAL_REFERENCE_OUTLIER_SERIES_FORWARD_CLUSTER;DEC27=GLOBAL_REFERENCE_OUTLIER_SERIES_FORWARD_CLUSTER,WEIGHTED_ATM,2026-09-04,6,130,0.0,NONE,4660,4136,0,0,517,NONE,MN1;MN2;MN3;MN4;MN5;QMW;QRW;QTW;QWW,OK,NONE,NONE,2026-08-26
NAS,29170.0,-2007283.8520851752,0.2659237195199807,0.0,0.0,0.0,0.0,0.0,0.0,29723.678287786784,28973.821712213216,30098.60657557357,28598.89342442643,SEP26,AUG26,2026-08-28,2026-09-18,29348.75,29335.60827616128,FOUND,DEGRADED,SPOT_MONTH_FALLBACK;ESTIMATED_EXPIRY_ALIAS,2026-08-02.2,PUT_CALL_PARITY,SEP26,SEP26=PUT_CALL_PARITY;AUG26=SERIES_FORWARD_CLUSTER;OCT26=SERIES_FORWARD_CLUSTER;DEC29=SERIES_FORWARD_CLUSTER;DEC26=PUT_CALL_PARITY;NOV26=SERIES_FORWARD_CLUSTER;MAR27=SERIES_FORWARD_CLUSTER;JUN27=SERIES_FORWARD_CLUSTER;DEC28=PUT_CALL_PARITY;DEC27=PUT_CALL_PARITY,SEP26=29348.75;AUG26=29412.5;OCT26=30137.875;DEC29=28924;DEC26=20179.125;NOV26=31093;MAR27=24435.5;JUN27=24130.625;DEC28=19739;DEC27=18304.5,DEC26=GLOBAL_REFERENCE_OUTLIER_PUT_CALL_PARITY;DEC28=GLOBAL_REFERENCE_OUTLIER_SERIES_FORWARD_CLUSTER;DEC27=GLOBAL_REFERENCE_OUTLIER_SERIES_FORWARD_CLUSTER,WEIGHTED_ATM,2026-09-04,6,130,0.0,NONE,4660,4136,0,0,517,NONE,MN1;MN2;MN3;MN4;MN5;QMW;QRW;QTW;QWW,OK,NONE,NONE,2026-08-26
NAS,29175.0,-9029081.124007016,1.4166723148173377,0.0,0.0,0.0,0.0,0.0,0.0,29723.678287786784,28973.821712213216,30098.60657557357,28598.89342442643,SEP26,AUG26,2026-08-28,2026-09-18,29348.75,29335.60827616128,FOUND,DEGRADED,SPOT_MONTH_FALLBACK;ESTIMATED_EXPIRY_ALIAS,2026-08-02.2,PUT_CALL_PARITY,SEP26,SEP26=PUT_CALL_PARITY;AUG26=SERIES_FORWARD_CLUSTER;OCT26=SERIES_FORWARD_CLUSTER;DEC29=SERIES_FORWARD_CLUSTER;DEC26=PUT_CALL_PARITY;NOV26=SERIES_FORWARD_CLUSTER;MAR27=SERIES_FORWARD_CLUSTER;JUN27=SERIES_FORWARD_CLUSTER;DEC28=PUT_CALL_PARITY;DEC27=PUT_CALL_PARITY,SEP26=29348.75;AUG26=29412.5;OCT26=30137.875;DEC29=28924;DEC26=20179.125;NOV26=31093;MAR27=24435.5;JUN27=24130.625;DEC28=19739;DEC27=18304.5,DEC26=GLOBAL_REFERENCE_OUTLIER_PUT_CALL_PARITY;DEC28=GLOBAL_REFERENCE_OUTLIER_SERIES_FORWARD_CLUSTER;DEC27=GLOBAL_REFERENCE_OUTLIER_SERIES_FORWARD_CLUSTER,WEIGHTED_ATM,2026-09-04,6,130,0.0,NONE,4660,4136,0,0,517,NONE,MN1;MN2;MN3;MN4;MN5;QMW;QRW;QTW;QWW,OK,NONE,NONE,2026-08-26
NAS,29180.0,-7273328.112324042,0.8439346743448575,0.0,0.0,0.0,0.0,0.0,0.0,29723.678287786784,28973.821712213216,30098.60657557357,28598.89342442643,SEP26,AUG26,2026-08-28,2026-09-18,29348.75,29335.60827616128,FOUND,DEGRADED,SPOT_MONTH_FALLBACK;ESTIMATED_EXPIRY_ALIAS,2026-08-02.2,PUT_CALL_PARITY,SEP26,SEP26=PUT_CALL_PARITY;AUG26=SERIES_FORWARD_CLUSTER;OCT26=SERIES_FORWARD_CLUSTER;DEC29=SERIES_FORWARD_CLUSTER;DEC26=PUT_CALL_PARITY;NOV26=SERIES_FORWARD_CLUSTER;MAR27=SERIES_FORWARD_CLUSTER;JUN27=SERIES_FORWARD_CLUSTER;DEC28=PUT_CALL_PARITY;DEC27=PUT_CALL_PARITY,SEP26=29348.75;AUG26=29412.5;OCT26=30137.875;DEC29=28924;DEC26=20179.125;NOV26=31093;MAR27=24435.5;JUN27=24130.625;DEC28=19739;DEC27=18304.5,DEC26=GLOBAL_REFERENCE_OUTLIER_PUT_CALL_PARITY;DEC28=GLOBAL_REFERENCE_OUTLIER_SERIES_FORWARD_CLUSTER;DEC27=GLOBAL_REFERENCE_OUTLIER_SERIES_FORWARD_CLUSTER,WEIGHTED_ATM,2026-09-04,6,130,0.0,NONE,4660,4136,0,0,517,NONE,MN1;MN2;MN3;MN4;MN5;QMW;QRW;QTW;QWW,OK,NONE,NONE,2026-08-26
NAS,29190.0,-4844954.899706108,0.5609402763746087,0.0,0.0,0.0,0.0,0.0,0.0,29723.678287786784,28973.821712213216,30098.60657557357,28598.89342442643,SEP26,AUG26,2026-08-28,2026-09-18,29348.75,29335.60827616128,FOUND,DEGRADED,SPOT_MONTH_FALLBACK;ESTIMATED_EXPIRY_ALIAS,2026-08-02.2,PUT_CALL_PARITY,SEP26,SEP26=PUT_CALL_PARITY;AUG26=SERIES_FORWARD_CLUSTER;OCT26=SERIES_FORWARD_CLUSTER;DEC29=SERIES_FORWARD_CLUSTER;DEC26=PUT_CALL_PARITY;NOV26=SERIES_FORWARD_CLUSTER;MAR27=SERIES_FORWARD_CLUSTER;JUN27=SERIES_FORWARD_CLUSTER;DEC28=PUT_CALL_PARITY;DEC27=PUT_CALL_PARITY,SEP26=29348.75;AUG26=29412.5;OCT26=30137.875;DEC29=28924;DEC26=20179.125;NOV26=31093;MAR27=24435.5;JUN27=24130.625;DEC28=19739;DEC27=18304.5,DEC26=GLOBAL_REFERENCE_OUTLIER_PUT_CALL_PARITY;DEC28=GLOBAL_REFERENCE_OUTLIER_SERIES_FORWARD_CLUSTER;DEC27=GLOBAL_REFERENCE_OUTLIER_SERIES_FORWARD_CLUSTER,WEIGHTED_ATM,2026-09-04,6,130,0.0,NONE,4660,4136,0,0,517,NONE,MN1;MN2;MN3;MN4;MN5;QMW;QRW;QTW;QWW,OK,NONE,NONE,2026-08-26
NAS,29200.0,-40439189.96756244,9.172088332289336,0.0,0.0,0.0,0.0,0.0,0.0,29723.678287786784,28973.821712213216,30098.60657557357,28598.89342442643,SEP26,AUG26,2026-08-28,2026-09-18,29348.75,29335.60827616128,FOUND,DEGRADED,SPOT_MONTH_FALLBACK;ESTIMATED_EXPIRY_ALIAS,2026-08-02.2,PUT_CALL_PARITY,SEP26,SEP26=PUT_CALL_PARITY;AUG26=SERIES_FORWARD_CLUSTER;OCT26=SERIES_FORWARD_CLUSTER;DEC29=SERIES_FORWARD_CLUSTER;DEC26=PUT_CALL_PARITY;NOV26=SERIES_FORWARD_CLUSTER;MAR27=SERIES_FORWARD_CLUSTER;JUN27=SERIES_FORWARD_CLUSTER;DEC28=PUT_CALL_PARITY;DEC27=PUT_CALL_PARITY,SEP26=29348.75;AUG26=29412.5;OCT26=30137.875;DEC29=28924;DEC26=20179.125;NOV26=31093;MAR27=24435.5;JUN27=24130.625;DEC28=19739;DEC27=18304.5,DEC26=GLOBAL_REFERENCE_OUTLIER_PUT_CALL_PARITY;DEC28=GLOBAL_REFERENCE_OUTLIER_SERIES_FORWARD_CLUSTER;DEC27=GLOBAL_REFERENCE_OUTLIER_SERIES_FORWARD_CLUSTER,WEIGHTED_ATM,2026-09-04,6,130,0.0,NONE,4660,4136,0,0,517,NONE,MN1;MN2;MN3;MN4;MN5;QMW;QRW;QTW;QWW,OK,NONE,NONE,2026-08-26
NAS,29210.0,-1866345.827704194,0.3899558340307909,0.0,0.0,0.0,0.0,0.0,0.0,29723.678287786784,28973.821712213216,30098.60657557357,28598.89342442643,SEP26,AUG26,2026-08-28,2026-09-18,29348.75,29335.60827616128,FOUND,DEGRADED,SPOT_MONTH_FALLBACK;ESTIMATED_EXPIRY_ALIAS,2026-08-02.2,PUT_CALL_PARITY,SEP26,SEP26=PUT_CALL_PARITY;AUG26=SERIES_FORWARD_CLUSTER;OCT26=SERIES_FORWARD_CLUSTER;DEC29=SERIES_FORWARD_CLUSTER;DEC26=PUT_CALL_PARITY;NOV26=SERIES_FORWARD_CLUSTER;MAR27=SERIES_FORWARD_CLUSTER;JUN27=SERIES_FORWARD_CLUSTER;DEC28=PUT_CALL_PARITY;DEC27=PUT_CALL_PARITY,SEP26=29348.75;AUG26=29412.5;OCT26=30137.875;DEC29=28924;DEC26=20179.125;NOV26=31093;MAR27=24435.5;JUN27=24130.625;DEC28=19739;DEC27=18304.5,DEC26=GLOBAL_REFERENCE_OUTLIER_PUT_CALL_PARITY;DEC28=GLOBAL_REFERENCE_OUTLIER_SERIES_FORWARD_CLUSTER;DEC27=GLOBAL_REFERENCE_OUTLIER_SERIES_FORWARD_CLUSTER,WEIGHTED_ATM,2026-09-04,6,130,0.0,NONE,4660,4136,0,0,517,NONE,MN1;MN2;MN3;MN4;MN5;QMW;QRW;QTW;QWW,OK,NONE,NONE,2026-08-26
NAS,29220.0,-5046211.30715792,0.6547994238068939,0.0,0.0,0.0,0.0,0.0,0.0,29723.678287786784,28973.821712213216,30098.60657557357,28598.89342442643,SEP26,AUG26,2026-08-28,2026-09-18,29348.75,29335.60827616128,FOUND,DEGRADED,SPOT_MONTH_FALLBACK;ESTIMATED_EXPIRY_ALIAS,2026-08-02.2,PUT_CALL_PARITY,SEP26,SEP26=PUT_CALL_PARITY;AUG26=SERIES_FORWARD_CLUSTER;OCT26=SERIES_FORWARD_CLUSTER;DEC29=SERIES_FORWARD_CLUSTER;DEC26=PUT_CALL_PARITY;NOV26=SERIES_FORWARD_CLUSTER;MAR27=SERIES_FORWARD_CLUSTER;JUN27=SERIES_FORWARD_CLUSTER;DEC28=PUT_CALL_PARITY;DEC27=PUT_CALL_PARITY,SEP26=29348.75;AUG26=29412.5;OCT26=30137.875;DEC29=28924;DEC26=20179.125;NOV26=31093;MAR27=24435.5;JUN27=24130.625;DEC28=19739;DEC27=18304.5,DEC26=GLOBAL_REFERENCE_OUTLIER_PUT_CALL_PARITY;DEC28=GLOBAL_REFERENCE_OUTLIER_SERIES_FORWARD_CLUSTER;DEC27=GLOBAL_REFERENCE_OUTLIER_SERIES_FORWARD_CLUSTER,WEIGHTED_ATM,2026-09-04,6,130,0.0,NONE,4660,4136,0,0,517,NONE,MN1;MN2;MN3;MN4;MN5;QMW;QRW;QTW;QWW,OK,NONE,NONE,2026-08-26
NAS,29225.0,-8450390.460526945,1.3510559266998712,0.0,0.0,0.0,0.0,0.0,0.0,29723.678287786784,28973.821712213216,30098.60657557357,28598.89342442643,SEP26,AUG26,2026-08-28,2026-09-18,29348.75,29335.60827616128,FOUND,DEGRADED,SPOT_MONTH_FALLBACK;ESTIMATED_EXPIRY_ALIAS,2026-08-02.2,PUT_CALL_PARITY,SEP26,SEP26=PUT_CALL_PARITY;AUG26=SERIES_FORWARD_CLUSTER;OCT26=SERIES_FORWARD_CLUSTER;DEC29=SERIES_FORWARD_CLUSTER;DEC26=PUT_CALL_PARITY;NOV26=SERIES_FORWARD_CLUSTER;MAR27=SERIES_FORWARD_CLUSTER;JUN27=SERIES_FORWARD_CLUSTER;DEC28=PUT_CALL_PARITY;DEC27=PUT_CALL_PARITY,SEP26=29348.75;AUG26=29412.5;OCT26=30137.875;DEC29=28924;DEC26=20179.125;NOV26=31093;MAR27=24435.5;JUN27=24130.625;DEC28=19739;DEC27=18304.5,DEC26=GLOBAL_REFERENCE_OUTLIER_PUT_CALL_PARITY;DEC28=GLOBAL_REFERENCE_OUTLIER_SERIES_FORWARD_CLUSTER;DEC27=GLOBAL_REFERENCE_OUTLIER_SERIES_FORWARD_CLUSTER,WEIGHTED_ATM,2026-09-04,6,130,0.0,NONE,4660,4136,0,0,517,NONE,MN1;MN2;MN3;MN4;MN5;QMW;QRW;QTW;QWW,OK,NONE,NONE,2026-08-26
NAS,29230.0,-3292459.119287313,0.4166811727977169,0.0,0.0,0.0,0.0,0.0,0.0,29723.678287786784,28973.821712213216,30098.60657557357,28598.89342442643,SEP26,AUG26,2026-08-28,2026-09-18,29348.75,29335.60827616128,FOUND,DEGRADED,SPOT_MONTH_FALLBACK;ESTIMATED_EXPIRY_ALIAS,2026-08-02.2,PUT_CALL_PARITY,SEP26,SEP26=PUT_CALL_PARITY;AUG26=SERIES_FORWARD_CLUSTER;OCT26=SERIES_FORWARD_CLUSTER;DEC29=SERIES_FORWARD_CLUSTER;DEC26=PUT_CALL_PARITY;NOV26=SERIES_FORWARD_CLUSTER;MAR27=SERIES_FORWARD_CLUSTER;JUN27=SERIES_FORWARD_CLUSTER;DEC28=PUT_CALL_PARITY;DEC27=PUT_CALL_PARITY,SEP26=29348.75;AUG26=29412.5;OCT26=30137.875;DEC29=28924;DEC26=20179.125;NOV26=31093;MAR27=24435.5;JUN27=24130.625;DEC28=19739;DEC27=18304.5,DEC26=GLOBAL_REFERENCE_OUTLIER_PUT_CALL_PARITY;DEC28=GLOBAL_REFERENCE_OUTLIER_SERIES_FORWARD_CLUSTER;DEC27=GLOBAL_REFERENCE_OUTLIER_SERIES_FORWARD_CLUSTER,WEIGHTED_ATM,2026-09-04,6,130,0.0,NONE,4660,4136,0,0,517,NONE,MN1;MN2;MN3;MN4;MN5;QMW;QRW;QTW;QWW,OK,NONE,NONE,2026-08-26
NAS,29240.0,-6338874.502000087,0.8769968482437908,0.0,0.0,0.0,0.0,0.0,0.0,29723.678287786784,28973.821712213216,30098.60657557357,28598.89342442643,SEP26,AUG26,2026-08-28,2026-09-18,29348.75,29335.60827616128,FOUND,DEGRADED,SPOT_MONTH_FALLBACK;ESTIMATED_EXPIRY_ALIAS,2026-08-02.2,PUT_CALL_PARITY,SEP26,SEP26=PUT_CALL_PARITY;AUG26=SERIES_FORWARD_CLUSTER;OCT26=SERIES_FORWARD_CLUSTER;DEC29=SERIES_FORWARD_CLUSTER;DEC26=PUT_CALL_PARITY;NOV26=SERIES_FORWARD_CLUSTER;MAR27=SERIES_FORWARD_CLUSTER;JUN27=SERIES_FORWARD_CLUSTER;DEC28=PUT_CALL_PARITY;DEC27=PUT_CALL_PARITY,SEP26=29348.75;AUG26=29412.5;OCT26=30137.875;DEC29=28924;DEC26=20179.125;NOV26=31093;MAR27=24435.5;JUN27=24130.625;DEC28=19739;DEC27=18304.5,DEC26=GLOBAL_REFERENCE_OUTLIER_PUT_CALL_PARITY;DEC28=GLOBAL_REFERENCE_OUTLIER_SERIES_FORWARD_CLUSTER;DEC27=GLOBAL_REFERENCE_OUTLIER_SERIES_FORWARD_CLUSTER,WEIGHTED_ATM,2026-09-04,6,130,0.0,NONE,4660,4136,0,0,517,NONE,MN1;MN2;MN3;MN4;MN5;QMW;QRW;QTW;QWW,OK,NONE,NONE,2026-08-26
NAS,29250.0,-17059361.04558413,9.273635685339455,0.0,0.0,0.0,0.0,0.0,0.0,29723.678287786784,28973.821712213216,30098.60657557357,28598.89342442643,SEP26,AUG26,2026-08-28,2026-09-18,29348.75,29335.60827616128,FOUND,DEGRADED,SPOT_MONTH_FALLBACK;ESTIMATED_EXPIRY_ALIAS,2026-08-02.2,PUT_CALL_PARITY,SEP26,SEP26=PUT_CALL_PARITY;AUG26=SERIES_FORWARD_CLUSTER;OCT26=SERIES_FORWARD_CLUSTER;DEC29=SERIES_FORWARD_CLUSTER;DEC26=PUT_CALL_PARITY;NOV26=SERIES_FORWARD_CLUSTER;MAR27=SERIES_FORWARD_CLUSTER;JUN27=SERIES_FORWARD_CLUSTER;DEC28=PUT_CALL_PARITY;DEC27=PUT_CALL_PARITY,SEP26=29348.75;AUG26=29412.5;OCT26=30137.875;DEC29=28924;DEC26=20179.125;NOV26=31093;MAR27=24435.5;JUN27=24130.625;DEC28=19739;DEC27=18304.5,DEC26=GLOBAL_REFERENCE_OUTLIER_PUT_CALL_PARITY;DEC28=GLOBAL_REFERENCE_OUTLIER_SERIES_FORWARD_CLUSTER;DEC27=GLOBAL_REFERENCE_OUTLIER_SERIES_FORWARD_CLUSTER,WEIGHTED_ATM,2026-09-04,6,130,0.0,NONE,4660,4136,0,0,517,NONE,MN1;MN2;MN3;MN4;MN5;QMW;QRW;QTW;QWW,OK,NONE,NONE,2026-08-26
NAS,29260.0,6832926.05032786,1.8406542952169442,0.0,0.0,0.0,0.0,0.0,0.0,29723.678287786784,28973.821712213216,30098.60657557357,28598.89342442643,SEP26,AUG26,2026-08-28,2026-09-18,29348.75,29335.60827616128,FOUND,DEGRADED,SPOT_MONTH_FALLBACK;ESTIMATED_EXPIRY_ALIAS,2026-08-02.2,PUT_CALL_PARITY,SEP26,SEP26=PUT_CALL_PARITY;AUG26=SERIES_FORWARD_CLUSTER;OCT26=SERIES_FORWARD_CLUSTER;DEC29=SERIES_FORWARD_CLUSTER;DEC26=PUT_CALL_PARITY;NOV26=SERIES_FORWARD_CLUSTER;MAR27=SERIES_FORWARD_CLUSTER;JUN27=SERIES_FORWARD_CLUSTER;DEC28=PUT_CALL_PARITY;DEC27=PUT_CALL_PARITY,SEP26=29348.75;AUG26=29412.5;OCT26=30137.875;DEC29=28924;DEC26=20179.125;NOV26=31093;MAR27=24435.5;JUN27=24130.625;DEC28=19739;DEC27=18304.5,DEC26=GLOBAL_REFERENCE_OUTLIER_PUT_CALL_PARITY;DEC28=GLOBAL_REFERENCE_OUTLIER_SERIES_FORWARD_CLUSTER;DEC27=GLOBAL_REFERENCE_OUTLIER_SERIES_FORWARD_CLUSTER,WEIGHTED_ATM,2026-09-04,6,130,0.0,NONE,4660,4136,0,0,517,NONE,MN1;MN2;MN3;MN4;MN5;QMW;QRW;QTW;QWW,OK,NONE,NONE,2026-08-26
NAS,29270.0,-3180069.4549215967,0.9518215262102703,0.0,0.0,0.0,0.0,0.0,0.0,29723.678287786784,28973.821712213216,30098.60657557357,28598.89342442643,SEP26,AUG26,2026-08-28,2026-09-18,29348.75,29335.60827616128,FOUND,DEGRADED,SPOT_MONTH_FALLBACK;ESTIMATED_EXPIRY_ALIAS,2026-08-02.2,PUT_CALL_PARITY,SEP26,SEP26=PUT_CALL_PARITY;AUG26=SERIES_FORWARD_CLUSTER;OCT26=SERIES_FORWARD_CLUSTER;DEC29=SERIES_FORWARD_CLUSTER;DEC26=PUT_CALL_PARITY;NOV26=SERIES_FORWARD_CLUSTER;MAR27=SERIES_FORWARD_CLUSTER;JUN27=SERIES_FORWARD_CLUSTER;DEC28=PUT_CALL_PARITY;DEC27=PUT_CALL_PARITY,SEP26=29348.75;AUG26=29412.5;OCT26=30137.875;DEC29=28924;DEC26=20179.125;NOV26=31093;MAR27=24435.5;JUN27=24130.625;DEC28=19739;DEC27=18304.5,DEC26=GLOBAL_REFERENCE_OUTLIER_PUT_CALL_PARITY;DEC28=GLOBAL_REFERENCE_OUTLIER_SERIES_FORWARD_CLUSTER;DEC27=GLOBAL_REFERENCE_OUTLIER_SERIES_FORWARD_CLUSTER,WEIGHTED_ATM,2026-09-04,6,130,0.0,NONE,4660,4136,0,0,517,NONE,MN1;MN2;MN3;MN4;MN5;QMW;QRW;QTW;QWW,OK,NONE,NONE,2026-08-26
NAS,29275.0,-777487.4124001393,1.9559145025843654,0.0,0.0,0.0,0.0,0.0,0.0,29723.678287786784,28973.821712213216,30098.60657557357,28598.89342442643,SEP26,AUG26,2026-08-28,2026-09-18,29348.75,29335.60827616128,FOUND,DEGRADED,SPOT_MONTH_FALLBACK;ESTIMATED_EXPIRY_ALIAS,2026-08-02.2,PUT_CALL_PARITY,SEP26,SEP26=PUT_CALL_PARITY;AUG26=SERIES_FORWARD_CLUSTER;OCT26=SERIES_FORWARD_CLUSTER;DEC29=SERIES_FORWARD_CLUSTER;DEC26=PUT_CALL_PARITY;NOV26=SERIES_FORWARD_CLUSTER;MAR27=SERIES_FORWARD_CLUSTER;JUN27=SERIES_FORWARD_CLUSTER;DEC28=PUT_CALL_PARITY;DEC27=PUT_CALL_PARITY,SEP26=29348.75;AUG26=29412.5;OCT26=30137.875;DEC29=28924;DEC26=20179.125;NOV26=31093;MAR27=24435.5;JUN27=24130.625;DEC28=19739;DEC27=18304.5,DEC26=GLOBAL_REFERENCE_OUTLIER_PUT_CALL_PARITY;DEC28=GLOBAL_REFERENCE_OUTLIER_SERIES_FORWARD_CLUSTER;DEC27=GLOBAL_REFERENCE_OUTLIER_SERIES_FORWARD_CLUSTER,WEIGHTED_ATM,2026-09-04,6,130,0.0,NONE,4660,4136,0,0,517,NONE,MN1;MN2;MN3;MN4;MN5;QMW;QRW;QTW;QWW,OK,NONE,NONE,2026-08-26
NAS,29280.0,3600856.8273034897,1.102288451958604,0.0,0.0,0.0,0.0,0.0,0.0,29723.678287786784,28973.821712213216,30098.60657557357,28598.89342442643,SEP26,AUG26,2026-08-28,2026-09-18,29348.75,29335.60827616128,FOUND,DEGRADED,SPOT_MONTH_FALLBACK;ESTIMATED_EXPIRY_ALIAS,2026-08-02.2,PUT_CALL_PARITY,SEP26,SEP26=PUT_CALL_PARITY;AUG26=SERIES_FORWARD_CLUSTER;OCT26=SERIES_FORWARD_CLUSTER;DEC29=SERIES_FORWARD_CLUSTER;DEC26=PUT_CALL_PARITY;NOV26=SERIES_FORWARD_CLUSTER;MAR27=SERIES_FORWARD_CLUSTER;JUN27=SERIES_FORWARD_CLUSTER;DEC28=PUT_CALL_PARITY;DEC27=PUT_CALL_PARITY,SEP26=29348.75;AUG26=29412.5;OCT26=30137.875;DEC29=28924;DEC26=20179.125;NOV26=31093;MAR27=24435.5;JUN27=24130.625;DEC28=19739;DEC27=18304.5,DEC26=GLOBAL_REFERENCE_OUTLIER_PUT_CALL_PARITY;DEC28=GLOBAL_REFERENCE_OUTLIER_SERIES_FORWARD_CLUSTER;DEC27=GLOBAL_REFERENCE_OUTLIER_SERIES_FORWARD_CLUSTER,WEIGHTED_ATM,2026-09-04,6,130,0.0,NONE,4660,4136,0,0,517,NONE,MN1;MN2;MN3;MN4;MN5;QMW;QRW;QTW;QWW,OK,NONE,NONE,2026-08-26
NAS,29290.0,2682656.6242066203,1.0463825491477086,0.0,0.0,0.0,0.0,0.0,0.0,29723.678287786784,28973.821712213216,30098.60657557357,28598.89342442643,SEP26,AUG26,2026-08-28,2026-09-18,29348.75,29335.60827616128,FOUND,DEGRADED,SPOT_MONTH_FALLBACK;ESTIMATED_EXPIRY_ALIAS,2026-08-02.2,PUT_CALL_PARITY,SEP26,SEP26=PUT_CALL_PARITY;AUG26=SERIES_FORWARD_CLUSTER;OCT26=SERIES_FORWARD_CLUSTER;DEC29=SERIES_FORWARD_CLUSTER;DEC26=PUT_CALL_PARITY;NOV26=SERIES_FORWARD_CLUSTER;MAR27=SERIES_FORWARD_CLUSTER;JUN27=SERIES_FORWARD_CLUSTER;DEC28=PUT_CALL_PARITY;DEC27=PUT_CALL_PARITY,SEP26=29348.75;AUG26=29412.5;OCT26=30137.875;DEC29=28924;DEC26=20179.125;NOV26=31093;MAR27=24435.5;JUN27=24130.625;DEC28=19739;DEC27=18304.5,DEC26=GLOBAL_REFERENCE_OUTLIER_PUT_CALL_PARITY;DEC28=GLOBAL_REFERENCE_OUTLIER_SERIES_FORWARD_CLUSTER;DEC27=GLOBAL_REFERENCE_OUTLIER_SERIES_FORWARD_CLUSTER,WEIGHTED_ATM,2026-09-04,6,130,0.0,NONE,4660,4136,0,0,517,NONE,MN1;MN2;MN3;MN4;MN5;QMW;QRW;QTW;QWW,OK,NONE,NONE,2026-08-26
NAS,29300.0,35504586.4868731,13.602110190336234,0.0,0.0,0.0,0.0,0.0,0.0,29723.678287786784,28973.821712213216,30098.60657557357,28598.89342442643,SEP26,AUG26,2026-08-28,2026-09-18,29348.75,29335.60827616128,FOUND,DEGRADED,SPOT_MONTH_FALLBACK;ESTIMATED_EXPIRY_ALIAS,2026-08-02.2,PUT_CALL_PARITY,SEP26,SEP26=PUT_CALL_PARITY;AUG26=SERIES_FORWARD_CLUSTER;OCT26=SERIES_FORWARD_CLUSTER;DEC29=SERIES_FORWARD_CLUSTER;DEC26=PUT_CALL_PARITY;NOV26=SERIES_FORWARD_CLUSTER;MAR27=SERIES_FORWARD_CLUSTER;JUN27=SERIES_FORWARD_CLUSTER;DEC28=PUT_CALL_PARITY;DEC27=PUT_CALL_PARITY,SEP26=29348.75;AUG26=29412.5;OCT26=30137.875;DEC29=28924;DEC26=20179.125;NOV26=31093;MAR27=24435.5;JUN27=24130.625;DEC28=19739;DEC27=18304.5,DEC26=GLOBAL_REFERENCE_OUTLIER_PUT_CALL_PARITY;DEC28=GLOBAL_REFERENCE_OUTLIER_SERIES_FORWARD_CLUSTER;DEC27=GLOBAL_REFERENCE_OUTLIER_SERIES_FORWARD_CLUSTER,WEIGHTED_ATM,2026-09-04,6,130,0.0,NONE,4660,4136,0,0,517,NONE,MN1;MN2;MN3;MN4;MN5;QMW;QRW;QTW;QWW,OK,NONE,NONE,2026-08-26
NAS,29310.0,6081885.1221283525,1.2377556425249898,0.0,0.0,0.0,0.0,0.0,0.0,29723.678287786784,28973.821712213216,30098.60657557357,28598.89342442643,SEP26,AUG26,2026-08-28,2026-09-18,29348.75,29335.60827616128,FOUND,DEGRADED,SPOT_MONTH_FALLBACK;ESTIMATED_EXPIRY_ALIAS,2026-08-02.2,PUT_CALL_PARITY,SEP26,SEP26=PUT_CALL_PARITY;AUG26=SERIES_FORWARD_CLUSTER;OCT26=SERIES_FORWARD_CLUSTER;DEC29=SERIES_FORWARD_CLUSTER;DEC26=PUT_CALL_PARITY;NOV26=SERIES_FORWARD_CLUSTER;MAR27=SERIES_FORWARD_CLUSTER;JUN27=SERIES_FORWARD_CLUSTER;DEC28=PUT_CALL_PARITY;DEC27=PUT_CALL_PARITY,SEP26=29348.75;AUG26=29412.5;OCT26=30137.875;DEC29=28924;DEC26=20179.125;NOV26=31093;MAR27=24435.5;JUN27=24130.625;DEC28=19739;DEC27=18304.5,DEC26=GLOBAL_REFERENCE_OUTLIER_PUT_CALL_PARITY;DEC28=GLOBAL_REFERENCE_OUTLIER_SERIES_FORWARD_CLUSTER;DEC27=GLOBAL_REFERENCE_OUTLIER_SERIES_FORWARD_CLUSTER,WEIGHTED_ATM,2026-09-04,6,130,0.0,NONE,4660,4136,0,0,517,NONE,MN1;MN2;MN3;MN4;MN5;QMW;QRW;QTW;QWW,OK,NONE,NONE,2026-08-26
NAS,29320.0,-697172.1213510958,1.5846088905797926,0.0,0.0,0.0,0.0,0.0,0.0,29723.678287786784,28973.821712213216,30098.60657557357,28598.89342442643,SEP26,AUG26,2026-08-28,2026-09-18,29348.75,29335.60827616128,FOUND,DEGRADED,SPOT_MONTH_FALLBACK;ESTIMATED_EXPIRY_ALIAS,2026-08-02.2,PUT_CALL_PARITY,SEP26,SEP26=PUT_CALL_PARITY;AUG26=SERIES_FORWARD_CLUSTER;OCT26=SERIES_FORWARD_CLUSTER;DEC29=SERIES_FORWARD_CLUSTER;DEC26=PUT_CALL_PARITY;NOV26=SERIES_FORWARD_CLUSTER;MAR27=SERIES_FORWARD_CLUSTER;JUN27=SERIES_FORWARD_CLUSTER;DEC28=PUT_CALL_PARITY;DEC27=PUT_CALL_PARITY,SEP26=29348.75;AUG26=29412.5;OCT26=30137.875;DEC29=28924;DEC26=20179.125;NOV26=31093;MAR27=24435.5;JUN27=24130.625;DEC28=19739;DEC27=18304.5,DEC26=GLOBAL_REFERENCE_OUTLIER_PUT_CALL_PARITY;DEC28=GLOBAL_REFERENCE_OUTLIER_SERIES_FORWARD_CLUSTER;DEC27=GLOBAL_REFERENCE_OUTLIER_SERIES_FORWARD_CLUSTER,WEIGHTED_ATM,2026-09-04,6,130,0.0,NONE,4660,4136,0,0,517,NONE,MN1;MN2;MN3;MN4;MN5;QMW;QRW;QTW;QWW,OK,NONE,NONE,2026-08-26
NAS,29325.0,19264881.14138127,4.084249713381808,0.0,0.0,0.0,0.0,0.0,0.0,29723.678287786784,28973.821712213216,30098.60657557357,28598.89342442643,SEP26,AUG26,2026-08-28,2026-09-18,29348.75,29335.60827616128,FOUND,DEGRADED,SPOT_MONTH_FALLBACK;ESTIMATED_EXPIRY_ALIAS,2026-08-02.2,PUT_CALL_PARITY,SEP26,SEP26=PUT_CALL_PARITY;AUG26=SERIES_FORWARD_CLUSTER;OCT26=SERIES_FORWARD_CLUSTER;DEC29=SERIES_FORWARD_CLUSTER;DEC26=PUT_CALL_PARITY;NOV26=SERIES_FORWARD_CLUSTER;MAR27=SERIES_FORWARD_CLUSTER;JUN27=SERIES_FORWARD_CLUSTER;DEC28=PUT_CALL_PARITY;DEC27=PUT_CALL_PARITY,SEP26=29348.75;AUG26=29412.5;OCT26=30137.875;DEC29=28924;DEC26=20179.125;NOV26=31093;MAR27=24435.5;JUN27=24130.625;DEC28=19739;DEC27=18304.5,DEC26=GLOBAL_REFERENCE_OUTLIER_PUT_CALL_PARITY;DEC28=GLOBAL_REFERENCE_OUTLIER_SERIES_FORWARD_CLUSTER;DEC27=GLOBAL_REFERENCE_OUTLIER_SERIES_FORWARD_CLUSTER,WEIGHTED_ATM,2026-09-04,6,130,0.0,NONE,4660,4136,0,0,517,NONE,MN1;MN2;MN3;MN4;MN5;QMW;QRW;QTW;QWW,OK,NONE,NONE,2026-08-26
NAS,29330.0,6410951.88443475,1.7900664566675983,0.0,0.0,0.0,0.0,0.0,0.0,29723.678287786784,28973.821712213216,30098.60657557357,28598.89342442643,SEP26,AUG26,2026-08-28,2026-09-18,29348.75,29335.60827616128,FOUND,DEGRADED,SPOT_MONTH_FALLBACK;ESTIMATED_EXPIRY_ALIAS,2026-08-02.2,PUT_CALL_PARITY,SEP26,SEP26=PUT_CALL_PARITY;AUG26=SERIES_FORWARD_CLUSTER;OCT26=SERIES_FORWARD_CLUSTER;DEC29=SERIES_FORWARD_CLUSTER;DEC26=PUT_CALL_PARITY;NOV26=SERIES_FORWARD_CLUSTER;MAR27=SERIES_FORWARD_CLUSTER;JUN27=SERIES_FORWARD_CLUSTER;DEC28=PUT_CALL_PARITY;DEC27=PUT_CALL_PARITY,SEP26=29348.75;AUG26=29412.5;OCT26=30137.875;DEC29=28924;DEC26=20179.125;NOV26=31093;MAR27=24435.5;JUN27=24130.625;DEC28=19739;DEC27=18304.5,DEC26=GLOBAL_REFERENCE_OUTLIER_PUT_CALL_PARITY;DEC28=GLOBAL_REFERENCE_OUTLIER_SERIES_FORWARD_CLUSTER;DEC27=GLOBAL_REFERENCE_OUTLIER_SERIES_FORWARD_CLUSTER,WEIGHTED_ATM,2026-09-04,6,130,0.0,NONE,4660,4136,0,0,517,NONE,MN1;MN2;MN3;MN4;MN5;QMW;QRW;QTW;QWW,OK,NONE,NONE,2026-08-26
NAS,29340.0,43670002.60395224,5.926724869025725,0.0,0.0,0.0,0.0,0.0,0.0,29723.678287786784,28973.821712213216,30098.60657557357,28598.89342442643,SEP26,AUG26,2026-08-28,2026-09-18,29348.75,29335.60827616128,FOUND,DEGRADED,SPOT_MONTH_FALLBACK;ESTIMATED_EXPIRY_ALIAS,2026-08-02.2,PUT_CALL_PARITY,SEP26,SEP26=PUT_CALL_PARITY;AUG26=SERIES_FORWARD_CLUSTER;OCT26=SERIES_FORWARD_CLUSTER;DEC29=SERIES_FORWARD_CLUSTER;DEC26=PUT_CALL_PARITY;NOV26=SERIES_FORWARD_CLUSTER;MAR27=SERIES_FORWARD_CLUSTER;JUN27=SERIES_FORWARD_CLUSTER;DEC28=PUT_CALL_PARITY;DEC27=PUT_CALL_PARITY,SEP26=29348.75;AUG26=29412.5;OCT26=30137.875;DEC29=28924;DEC26=20179.125;NOV26=31093;MAR27=24435.5;JUN27=24130.625;DEC28=19739;DEC27=18304.5,DEC26=GLOBAL_REFERENCE_OUTLIER_PUT_CALL_PARITY;DEC28=GLOBAL_REFERENCE_OUTLIER_SERIES_FORWARD_CLUSTER;DEC27=GLOBAL_REFERENCE_OUTLIER_SERIES_FORWARD_CLUSTER,WEIGHTED_ATM,2026-09-04,6,130,0.0,NONE,4660,4136,0,0,517,NONE,MN1;MN2;MN3;MN4;MN5;QMW;QRW;QTW;QWW,OK,NONE,NONE,2026-08-26
NAS,29350.0,49973685.67471378,10.621183768310543,0.0,0.0,0.0,0.0,0.0,0.0,29723.678287786784,28973.821712213216,30098.60657557357,28598.89342442643,SEP26,AUG26,2026-08-28,2026-09-18,29348.75,29335.60827616128,FOUND,DEGRADED,SPOT_MONTH_FALLBACK;ESTIMATED_EXPIRY_ALIAS,2026-08-02.2,PUT_CALL_PARITY,SEP26,SEP26=PUT_CALL_PARITY;AUG26=SERIES_FORWARD_CLUSTER;OCT26=SERIES_FORWARD_CLUSTER;DEC29=SERIES_FORWARD_CLUSTER;DEC26=PUT_CALL_PARITY;NOV26=SERIES_FORWARD_CLUSTER;MAR27=SERIES_FORWARD_CLUSTER;JUN27=SERIES_FORWARD_CLUSTER;DEC28=PUT_CALL_PARITY;DEC27=PUT_CALL_PARITY,SEP26=29348.75;AUG26=29412.5;OCT26=30137.875;DEC29=28924;DEC26=20179.125;NOV26=31093;MAR27=24435.5;JUN27=24130.625;DEC28=19739;DEC27=18304.5,DEC26=GLOBAL_REFERENCE_OUTLIER_PUT_CALL_PARITY;DEC28=GLOBAL_REFERENCE_OUTLIER_SERIES_FORWARD_CLUSTER;DEC27=GLOBAL_REFERENCE_OUTLIER_SERIES_FORWARD_CLUSTER,WEIGHTED_ATM,2026-09-04,6,130,0.0,NONE,4660,4136,0,0,517,NONE,MN1;MN2;MN3;MN4;MN5;QMW;QRW;QTW;QWW,OK,NONE,NONE,2026-08-26
NAS,29360.0,18455750.75863286,3.2185115392153376,0.0,0.0,0.0,0.0,0.0,0.0,29723.678287786784,28973.821712213216,30098.60657557357,28598.89342442643,SEP26,AUG26,2026-08-28,2026-09-18,29348.75,29335.60827616128,FOUND,DEGRADED,SPOT_MONTH_FALLBACK;ESTIMATED_EXPIRY_ALIAS,2026-08-02.2,PUT_CALL_PARITY,SEP26,SEP26=PUT_CALL_PARITY;AUG26=SERIES_FORWARD_CLUSTER;OCT26=SERIES_FORWARD_CLUSTER;DEC29=SERIES_FORWARD_CLUSTER;DEC26=PUT_CALL_PARITY;NOV26=SERIES_FORWARD_CLUSTER;MAR27=SERIES_FORWARD_CLUSTER;JUN27=SERIES_FORWARD_CLUSTER;DEC28=PUT_CALL_PARITY;DEC27=PUT_CALL_PARITY,SEP26=29348.75;AUG26=29412.5;OCT26=30137.875;DEC29=28924;DEC26=20179.125;NOV26=31093;MAR27=24435.5;JUN27=24130.625;DEC28=19739;DEC27=18304.5,DEC26=GLOBAL_REFERENCE_OUTLIER_PUT_CALL_PARITY;DEC28=GLOBAL_REFERENCE_OUTLIER_SERIES_FORWARD_CLUSTER;DEC27=GLOBAL_REFERENCE_OUTLIER_SERIES_FORWARD_CLUSTER,WEIGHTED_ATM,2026-09-04,6,130,0.0,NONE,4660,4136,0,0,517,NONE,MN1;MN2;MN3;MN4;MN5;QMW;QRW;QTW;QWW,OK,NONE,NONE,2026-08-26
NAS,29370.0,6562033.242801106,1.2475397017716336,0.0,0.0,0.0,0.0,0.0,0.0,29723.678287786784,28973.821712213216,30098.60657557357,28598.89342442643,SEP26,AUG26,2026-08-28,2026-09-18,29348.75,29335.60827616128,FOUND,DEGRADED,SPOT_MONTH_FALLBACK;ESTIMATED_EXPIRY_ALIAS,2026-08-02.2,PUT_CALL_PARITY,SEP26,SEP26=PUT_CALL_PARITY;AUG26=SERIES_FORWARD_CLUSTER;OCT26=SERIES_FORWARD_CLUSTER;DEC29=SERIES_FORWARD_CLUSTER;DEC26=PUT_CALL_PARITY;NOV26=SERIES_FORWARD_CLUSTER;MAR27=SERIES_FORWARD_CLUSTER;JUN27=SERIES_FORWARD_CLUSTER;DEC28=PUT_CALL_PARITY;DEC27=PUT_CALL_PARITY,SEP26=29348.75;AUG26=29412.5;OCT26=30137.875;DEC29=28924;DEC26=20179.125;NOV26=31093;MAR27=24435.5;JUN27=24130.625;DEC28=19739;DEC27=18304.5,DEC26=GLOBAL_REFERENCE_OUTLIER_PUT_CALL_PARITY;DEC28=GLOBAL_REFERENCE_OUTLIER_SERIES_FORWARD_CLUSTER;DEC27=GLOBAL_REFERENCE_OUTLIER_SERIES_FORWARD_CLUSTER,WEIGHTED_ATM,2026-09-04,6,130,0.0,NONE,4660,4136,0,0,517,NONE,MN1;MN2;MN3;MN4;MN5;QMW;QRW;QTW;QWW,OK,NONE,NONE,2026-08-26
NAS,29375.0,2078249.4199616518,1.471607712758854,0.0,0.0,0.0,0.0,0.0,0.0,29723.678287786784,28973.821712213216,30098.60657557357,28598.89342442643,SEP26,AUG26,2026-08-28,2026-09-18,29348.75,29335.60827616128,FOUND,DEGRADED,SPOT_MONTH_FALLBACK;ESTIMATED_EXPIRY_ALIAS,2026-08-02.2,PUT_CALL_PARITY,SEP26,SEP26=PUT_CALL_PARITY;AUG26=SERIES_FORWARD_CLUSTER;OCT26=SERIES_FORWARD_CLUSTER;DEC29=SERIES_FORWARD_CLUSTER;DEC26=PUT_CALL_PARITY;NOV26=SERIES_FORWARD_CLUSTER;MAR27=SERIES_FORWARD_CLUSTER;JUN27=SERIES_FORWARD_CLUSTER;DEC28=PUT_CALL_PARITY;DEC27=PUT_CALL_PARITY,SEP26=29348.75;AUG26=29412.5;OCT26=30137.875;DEC29=28924;DEC26=20179.125;NOV26=31093;MAR27=24435.5;JUN27=24130.625;DEC28=19739;DEC27=18304.5,DEC26=GLOBAL_REFERENCE_OUTLIER_PUT_CALL_PARITY;DEC28=GLOBAL_REFERENCE_OUTLIER_SERIES_FORWARD_CLUSTER;DEC27=GLOBAL_REFERENCE_OUTLIER_SERIES_FORWARD_CLUSTER,WEIGHTED_ATM,2026-09-04,6,130,0.0,NONE,4660,4136,0,0,517,NONE,MN1;MN2;MN3;MN4;MN5;QMW;QRW;QTW;QWW,OK,NONE,NONE,2026-08-26
NAS,29380.0,3029361.7797505385,0.803284876318112,0.0,0.0,0.0,0.0,0.0,0.0,29723.678287786784,28973.821712213216,30098.60657557357,28598.89342442643,SEP26,AUG26,2026-08-28,2026-09-18,29348.75,29335.60827616128,FOUND,DEGRADED,SPOT_MONTH_FALLBACK;ESTIMATED_EXPIRY_ALIAS,2026-08-02.2,PUT_CALL_PARITY,SEP26,SEP26=PUT_CALL_PARITY;AUG26=SERIES_FORWARD_CLUSTER;OCT26=SERIES_FORWARD_CLUSTER;DEC29=SERIES_FORWARD_CLUSTER;DEC26=PUT_CALL_PARITY;NOV26=SERIES_FORWARD_CLUSTER;MAR27=SERIES_FORWARD_CLUSTER;JUN27=SERIES_FORWARD_CLUSTER;DEC28=PUT_CALL_PARITY;DEC27=PUT_CALL_PARITY,SEP26=29348.75;AUG26=29412.5;OCT26=30137.875;DEC29=28924;DEC26=20179.125;NOV26=31093;MAR27=24435.5;JUN27=24130.625;DEC28=19739;DEC27=18304.5,DEC26=GLOBAL_REFERENCE_OUTLIER_PUT_CALL_PARITY;DEC28=GLOBAL_REFERENCE_OUTLIER_SERIES_FORWARD_CLUSTER;DEC27=GLOBAL_REFERENCE_OUTLIER_SERIES_FORWARD_CLUSTER,WEIGHTED_ATM,2026-09-04,6,130,0.0,NONE,4660,4136,0,0,517,NONE,MN1;MN2;MN3;MN4;MN5;QMW;QRW;QTW;QWW,OK,NONE,NONE,2026-08-26
NAS,29390.0,6480673.687582894,0.7744956890138759,0.0,0.0,0.0,0.0,0.0,0.0,29723.678287786784,28973.821712213216,30098.60657557357,28598.89342442643,SEP26,AUG26,2026-08-28,2026-09-18,29348.75,29335.60827616128,FOUND,DEGRADED,SPOT_MONTH_FALLBACK;ESTIMATED_EXPIRY_ALIAS,2026-08-02.2,PUT_CALL_PARITY,SEP26,SEP26=PUT_CALL_PARITY;AUG26=SERIES_FORWARD_CLUSTER;OCT26=SERIES_FORWARD_CLUSTER;DEC29=SERIES_FORWARD_CLUSTER;DEC26=PUT_CALL_PARITY;NOV26=SERIES_FORWARD_CLUSTER;MAR27=SERIES_FORWARD_CLUSTER;JUN27=SERIES_FORWARD_CLUSTER;DEC28=PUT_CALL_PARITY;DEC27=PUT_CALL_PARITY,SEP26=29348.75;AUG26=29412.5;OCT26=30137.875;DEC29=28924;DEC26=20179.125;NOV26=31093;MAR27=24435.5;JUN27=24130.625;DEC28=19739;DEC27=18304.5,DEC26=GLOBAL_REFERENCE_OUTLIER_PUT_CALL_PARITY;DEC28=GLOBAL_REFERENCE_OUTLIER_SERIES_FORWARD_CLUSTER;DEC27=GLOBAL_REFERENCE_OUTLIER_SERIES_FORWARD_CLUSTER,WEIGHTED_ATM,2026-09-04,6,130,0.0,NONE,4660,4136,0,0,517,NONE,MN1;MN2;MN3;MN4;MN5;QMW;QRW;QTW;QWW,OK,NONE,NONE,2026-08-26
NAS,29400.0,40651009.04714321,14.518217809917466,0.0,0.0,245.25,86.0,0.0,0.0,29723.678287786784,28973.821712213216,30098.60657557357,28598.89342442643,SEP26,AUG26,2026-08-28,2026-09-18,29348.75,29335.60827616128,FOUND,DEGRADED,SPOT_MONTH_FALLBACK;ESTIMATED_EXPIRY_ALIAS,2026-08-02.2,PUT_CALL_PARITY,SEP26,SEP26=PUT_CALL_PARITY;AUG26=SERIES_FORWARD_CLUSTER;OCT26=SERIES_FORWARD_CLUSTER;DEC29=SERIES_FORWARD_CLUSTER;DEC26=PUT_CALL_PARITY;NOV26=SERIES_FORWARD_CLUSTER;MAR27=SERIES_FORWARD_CLUSTER;JUN27=SERIES_FORWARD_CLUSTER;DEC28=PUT_CALL_PARITY;DEC27=PUT_CALL_PARITY,SEP26=29348.75;AUG26=29412.5;OCT26=30137.875;DEC29=28924;DEC26=20179.125;NOV26=31093;MAR27=24435.5;JUN27=24130.625;DEC28=19739;DEC27=18304.5,DEC26=GLOBAL_REFERENCE_OUTLIER_PUT_CALL_PARITY;DEC28=GLOBAL_REFERENCE_OUTLIER_SERIES_FORWARD_CLUSTER;DEC27=GLOBAL_REFERENCE_OUTLIER_SERIES_FORWARD_CLUSTER,WEIGHTED_ATM,2026-09-04,6,130,0.0,NONE,4660,4136,0,0,517,NONE,MN1;MN2;MN3;MN4;MN5;QMW;QRW;QTW;QWW,OK,NONE,NONE,2026-08-26
NAS,29410.0,1460637.0823814669,0.2767994523146853,0.0,0.0,0.0,0.0,0.0,0.0,29723.678287786784,28973.821712213216,30098.60657557357,28598.89342442643,SEP26,AUG26,2026-08-28,2026-09-18,29348.75,29335.60827616128,FOUND,DEGRADED,SPOT_MONTH_FALLBACK;ESTIMATED_EXPIRY_ALIAS,2026-08-02.2,PUT_CALL_PARITY,SEP26,SEP26=PUT_CALL_PARITY;AUG26=SERIES_FORWARD_CLUSTER;OCT26=SERIES_FORWARD_CLUSTER;DEC29=SERIES_FORWARD_CLUSTER;DEC26=PUT_CALL_PARITY;NOV26=SERIES_FORWARD_CLUSTER;MAR27=SERIES_FORWARD_CLUSTER;JUN27=SERIES_FORWARD_CLUSTER;DEC28=PUT_CALL_PARITY;DEC27=PUT_CALL_PARITY,SEP26=29348.75;AUG26=29412.5;OCT26=30137.875;DEC29=28924;DEC26=20179.125;NOV26=31093;MAR27=24435.5;JUN27=24130.625;DEC28=19739;DEC27=18304.5,DEC26=GLOBAL_REFERENCE_OUTLIER_PUT_CALL_PARITY;DEC28=GLOBAL_REFERENCE_OUTLIER_SERIES_FORWARD_CLUSTER;DEC27=GLOBAL_REFERENCE_OUTLIER_SERIES_FORWARD_CLUSTER,WEIGHTED_ATM,2026-09-04,6,130,0.0,NONE,4660,4136,0,0,517,NONE,MN1;MN2;MN3;MN4;MN5;QMW;QRW;QTW;QWW,OK,NONE,NONE,2026-08-26
NAS,29420.0,8755823.932746636,1.0730840671684727,0.0,0.0,0.0,0.0,0.0,0.0,29723.678287786784,28973.821712213216,30098.60657557357,28598.89342442643,SEP26,AUG26,2026-08-28,2026-09-18,29348.75,29335.60827616128,FOUND,DEGRADED,SPOT_MONTH_FALLBACK;ESTIMATED_EXPIRY_ALIAS,2026-08-02.2,PUT_CALL_PARITY,SEP26,SEP26=PUT_CALL_PARITY;AUG26=SERIES_FORWARD_CLUSTER;OCT26=SERIES_FORWARD_CLUSTER;DEC29=SERIES_FORWARD_CLUSTER;DEC26=PUT_CALL_PARITY;NOV26=SERIES_FORWARD_CLUSTER;MAR27=SERIES_FORWARD_CLUSTER;JUN27=SERIES_FORWARD_CLUSTER;DEC28=PUT_CALL_PARITY;DEC27=PUT_CALL_PARITY,SEP26=29348.75;AUG26=29412.5;OCT26=30137.875;DEC29=28924;DEC26=20179.125;NOV26=31093;MAR27=24435.5;JUN27=24130.625;DEC28=19739;DEC27=18304.5,DEC26=GLOBAL_REFERENCE_OUTLIER_PUT_CALL_PARITY;DEC28=GLOBAL_REFERENCE_OUTLIER_SERIES_FORWARD_CLUSTER;DEC27=GLOBAL_REFERENCE_OUTLIER_SERIES_FORWARD_CLUSTER,WEIGHTED_ATM,2026-09-04,6,130,0.0,NONE,4660,4136,0,0,517,NONE,MN1;MN2;MN3;MN4;MN5;QMW;QRW;QTW;QWW,OK,NONE,NONE,2026-08-26
NAS,29425.0,9082801.95130456,1.3971373478770541,0.0,0.0,0.0,0.0,0.0,0.0,29723.678287786784,28973.821712213216,30098.60657557357,28598.89342442643,SEP26,AUG26,2026-08-28,2026-09-18,29348.75,29335.60827616128,FOUND,DEGRADED,SPOT_MONTH_FALLBACK;ESTIMATED_EXPIRY_ALIAS,2026-08-02.2,PUT_CALL_PARITY,SEP26,SEP26=PUT_CALL_PARITY;AUG26=SERIES_FORWARD_CLUSTER;OCT26=SERIES_FORWARD_CLUSTER;DEC29=SERIES_FORWARD_CLUSTER;DEC26=PUT_CALL_PARITY;NOV26=SERIES_FORWARD_CLUSTER;MAR27=SERIES_FORWARD_CLUSTER;JUN27=SERIES_FORWARD_CLUSTER;DEC28=PUT_CALL_PARITY;DEC27=PUT_CALL_PARITY,SEP26=29348.75;AUG26=29412.5;OCT26=30137.875;DEC29=28924;DEC26=20179.125;NOV26=31093;MAR27=24435.5;JUN27=24130.625;DEC28=19739;DEC27=18304.5,DEC26=GLOBAL_REFERENCE_OUTLIER_PUT_CALL_PARITY;DEC28=GLOBAL_REFERENCE_OUTLIER_SERIES_FORWARD_CLUSTER;DEC27=GLOBAL_REFERENCE_OUTLIER_SERIES_FORWARD_CLUSTER,WEIGHTED_ATM,2026-09-04,6,130,0.0,NONE,4660,4136,0,0,517,NONE,MN1;MN2;MN3;MN4;MN5;QMW;QRW;QTW;QWW,OK,NONE,NONE,2026-08-26
NAS,29430.0,1661184.2527455883,0.3131851982514249,0.0,0.0,0.0,0.0,0.0,0.0,29723.678287786784,28973.821712213216,30098.60657557357,28598.89342442643,SEP26,AUG26,2026-08-28,2026-09-18,29348.75,29335.60827616128,FOUND,DEGRADED,SPOT_MONTH_FALLBACK;ESTIMATED_EXPIRY_ALIAS,2026-08-02.2,PUT_CALL_PARITY,SEP26,SEP26=PUT_CALL_PARITY;AUG26=SERIES_FORWARD_CLUSTER;OCT26=SERIES_FORWARD_CLUSTER;DEC29=SERIES_FORWARD_CLUSTER;DEC26=PUT_CALL_PARITY;NOV26=SERIES_FORWARD_CLUSTER;MAR27=SERIES_FORWARD_CLUSTER;JUN27=SERIES_FORWARD_CLUSTER;DEC28=PUT_CALL_PARITY;DEC27=PUT_CALL_PARITY,SEP26=29348.75;AUG26=29412.5;OCT26=30137.875;DEC29=28924;DEC26=20179.125;NOV26=31093;MAR27=24435.5;JUN27=24130.625;DEC28=19739;DEC27=18304.5,DEC26=GLOBAL_REFERENCE_OUTLIER_PUT_CALL_PARITY;DEC28=GLOBAL_REFERENCE_OUTLIER_SERIES_FORWARD_CLUSTER;DEC27=GLOBAL_REFERENCE_OUTLIER_SERIES_FORWARD_CLUSTER,WEIGHTED_ATM,2026-09-04,6,130,0.0,NONE,4660,4136,0,0,517,NONE,MN1;MN2;MN3;MN4;MN5;QMW;QRW;QTW;QWW,OK,NONE,NONE,2026-08-26
NAS,29440.0,4095098.017453745,0.5233433609576318,0.0,0.0,0.0,0.0,0.0,0.0,29723.678287786784,28973.821712213216,30098.60657557357,28598.89342442643,SEP26,AUG26,2026-08-28,2026-09-18,29348.75,29335.60827616128,FOUND,DEGRADED,SPOT_MONTH_FALLBACK;ESTIMATED_EXPIRY_ALIAS,2026-08-02.2,PUT_CALL_PARITY,SEP26,SEP26=PUT_CALL_PARITY;AUG26=SERIES_FORWARD_CLUSTER;OCT26=SERIES_FORWARD_CLUSTER;DEC29=SERIES_FORWARD_CLUSTER;DEC26=PUT_CALL_PARITY;NOV26=SERIES_FORWARD_CLUSTER;MAR27=SERIES_FORWARD_CLUSTER;JUN27=SERIES_FORWARD_CLUSTER;DEC28=PUT_CALL_PARITY;DEC27=PUT_CALL_PARITY,SEP26=29348.75;AUG26=29412.5;OCT26=30137.875;DEC29=28924;DEC26=20179.125;NOV26=31093;MAR27=24435.5;JUN27=24130.625;DEC28=19739;DEC27=18304.5,DEC26=GLOBAL_REFERENCE_OUTLIER_PUT_CALL_PARITY;DEC28=GLOBAL_REFERENCE_OUTLIER_SERIES_FORWARD_CLUSTER;DEC27=GLOBAL_REFERENCE_OUTLIER_SERIES_FORWARD_CLUSTER,WEIGHTED_ATM,2026-09-04,6,130,0.0,NONE,4660,4136,0,0,517,NONE,MN1;MN2;MN3;MN4;MN5;QMW;QRW;QTW;QWW,OK,NONE,NONE,2026-08-26
NAS,29450.0,36069505.7562626,6.696996501575345,114.25,5.0,0.0,0.0,0.0,0.0,29723.678287786784,28973.821712213216,30098.60657557357,28598.89342442643,SEP26,AUG26,2026-08-28,2026-09-18,29348.75,29335.60827616128,FOUND,DEGRADED,SPOT_MONTH_FALLBACK;ESTIMATED_EXPIRY_ALIAS,2026-08-02.2,PUT_CALL_PARITY,SEP26,SEP26=PUT_CALL_PARITY;AUG26=SERIES_FORWARD_CLUSTER;OCT26=SERIES_FORWARD_CLUSTER;DEC29=SERIES_FORWARD_CLUSTER;DEC26=PUT_CALL_PARITY;NOV26=SERIES_FORWARD_CLUSTER;MAR27=SERIES_FORWARD_CLUSTER;JUN27=SERIES_FORWARD_CLUSTER;DEC28=PUT_CALL_PARITY;DEC27=PUT_CALL_PARITY,SEP26=29348.75;AUG26=29412.5;OCT26=30137.875;DEC29=28924;DEC26=20179.125;NOV26=31093;MAR27=24435.5;JUN27=24130.625;DEC28=19739;DEC27=18304.5,DEC26=GLOBAL_REFERENCE_OUTLIER_PUT_CALL_PARITY;DEC28=GLOBAL_REFERENCE_OUTLIER_SERIES_FORWARD_CLUSTER;DEC27=GLOBAL_REFERENCE_OUTLIER_SERIES_FORWARD_CLUSTER,WEIGHTED_ATM,2026-09-04,6,130,0.0,NONE,4660,4136,0,0,517,NONE,MN1;MN2;MN3;MN4;MN5;QMW;QRW;QTW;QWW,OK,NONE,NONE,2026-08-26
NAS,29460.0,11741510.935721366,1.39190631539928,0.0,0.0,0.0,0.0,0.0,0.0,29723.678287786784,28973.821712213216,30098.60657557357,28598.89342442643,SEP26,AUG26,2026-08-28,2026-09-18,29348.75,29335.60827616128,FOUND,DEGRADED,SPOT_MONTH_FALLBACK;ESTIMATED_EXPIRY_ALIAS,2026-08-02.2,PUT_CALL_PARITY,SEP26,SEP26=PUT_CALL_PARITY;AUG26=SERIES_FORWARD_CLUSTER;OCT26=SERIES_FORWARD_CLUSTER;DEC29=SERIES_FORWARD_CLUSTER;DEC26=PUT_CALL_PARITY;NOV26=SERIES_FORWARD_CLUSTER;MAR27=SERIES_FORWARD_CLUSTER;JUN27=SERIES_FORWARD_CLUSTER;DEC28=PUT_CALL_PARITY;DEC27=PUT_CALL_PARITY,SEP26=29348.75;AUG26=29412.5;OCT26=30137.875;DEC29=28924;DEC26=20179.125;NOV26=31093;MAR27=24435.5;JUN27=24130.625;DEC28=19739;DEC27=18304.5,DEC26=GLOBAL_REFERENCE_OUTLIER_PUT_CALL_PARITY;DEC28=GLOBAL_REFERENCE_OUTLIER_SERIES_FORWARD_CLUSTER;DEC27=GLOBAL_REFERENCE_OUTLIER_SERIES_FORWARD_CLUSTER,WEIGHTED_ATM,2026-09-04,6,130,0.0,NONE,4660,4136,0,0,517,NONE,MN1;MN2;MN3;MN4;MN5;QMW;QRW;QTW;QWW,OK,NONE,NONE,2026-08-26
NAS,29470.0,4562305.74680432,0.6195611895235364,0.0,0.0,0.0,0.0,0.0,0.0,29723.678287786784,28973.821712213216,30098.60657557357,28598.89342442643,SEP26,AUG26,2026-08-28,2026-09-18,29348.75,29335.60827616128,FOUND,DEGRADED,SPOT_MONTH_FALLBACK;ESTIMATED_EXPIRY_ALIAS,2026-08-02.2,PUT_CALL_PARITY,SEP26,SEP26=PUT_CALL_PARITY;AUG26=SERIES_FORWARD_CLUSTER;OCT26=SERIES_FORWARD_CLUSTER;DEC29=SERIES_FORWARD_CLUSTER;DEC26=PUT_CALL_PARITY;NOV26=SERIES_FORWARD_CLUSTER;MAR27=SERIES_FORWARD_CLUSTER;JUN27=SERIES_FORWARD_CLUSTER;DEC28=PUT_CALL_PARITY;DEC27=PUT_CALL_PARITY,SEP26=29348.75;AUG26=29412.5;OCT26=30137.875;DEC29=28924;DEC26=20179.125;NOV26=31093;MAR27=24435.5;JUN27=24130.625;DEC28=19739;DEC27=18304.5,DEC26=GLOBAL_REFERENCE_OUTLIER_PUT_CALL_PARITY;DEC28=GLOBAL_REFERENCE_OUTLIER_SERIES_FORWARD_CLUSTER;DEC27=GLOBAL_REFERENCE_OUTLIER_SERIES_FORWARD_CLUSTER,WEIGHTED_ATM,2026-09-04,6,130,0.0,NONE,4660,4136,0,0,517,NONE,MN1;MN2;MN3;MN4;MN5;QMW;QRW;QTW;QWW,OK,NONE,NONE,2026-08-26
NAS,29475.0,7361547.775705863,1.2148622992990867,0.0,0.0,0.0,0.0,0.0,0.0,29723.678287786784,28973.821712213216,30098.60657557357,28598.89342442643,SEP26,AUG26,2026-08-28,2026-09-18,29348.75,29335.60827616128,FOUND,DEGRADED,SPOT_MONTH_FALLBACK;ESTIMATED_EXPIRY_ALIAS,2026-08-02.2,PUT_CALL_PARITY,SEP26,SEP26=PUT_CALL_PARITY;AUG26=SERIES_FORWARD_CLUSTER;OCT26=SERIES_FORWARD_CLUSTER;DEC29=SERIES_FORWARD_CLUSTER;DEC26=PUT_CALL_PARITY;NOV26=SERIES_FORWARD_CLUSTER;MAR27=SERIES_FORWARD_CLUSTER;JUN27=SERIES_FORWARD_CLUSTER;DEC28=PUT_CALL_PARITY;DEC27=PUT_CALL_PARITY,SEP26=29348.75;AUG26=29412.5;OCT26=30137.875;DEC29=28924;DEC26=20179.125;NOV26=31093;MAR27=24435.5;JUN27=24130.625;DEC28=19739;DEC27=18304.5,DEC26=GLOBAL_REFERENCE_OUTLIER_PUT_CALL_PARITY;DEC28=GLOBAL_REFERENCE_OUTLIER_SERIES_FORWARD_CLUSTER;DEC27=GLOBAL_REFERENCE_OUTLIER_SERIES_FORWARD_CLUSTER,WEIGHTED_ATM,2026-09-04,6,130,0.0,NONE,4660,4136,0,0,517,NONE,MN1;MN2;MN3;MN4;MN5;QMW;QRW;QTW;QWW,OK,NONE,NONE,2026-08-26
NAS,29480.0,1004528.0897368231,0.18414368670623754,0.0,0.0,0.0,0.0,0.0,0.0,29723.678287786784,28973.821712213216,30098.60657557357,28598.89342442643,SEP26,AUG26,2026-08-28,2026-09-18,29348.75,29335.60827616128,FOUND,DEGRADED,SPOT_MONTH_FALLBACK;ESTIMATED_EXPIRY_ALIAS,2026-08-02.2,PUT_CALL_PARITY,SEP26,SEP26=PUT_CALL_PARITY;AUG26=SERIES_FORWARD_CLUSTER;OCT26=SERIES_FORWARD_CLUSTER;DEC29=SERIES_FORWARD_CLUSTER;DEC26=PUT_CALL_PARITY;NOV26=SERIES_FORWARD_CLUSTER;MAR27=SERIES_FORWARD_CLUSTER;JUN27=SERIES_FORWARD_CLUSTER;DEC28=PUT_CALL_PARITY;DEC27=PUT_CALL_PARITY,SEP26=29348.75;AUG26=29412.5;OCT26=30137.875;DEC29=28924;DEC26=20179.125;NOV26=31093;MAR27=24435.5;JUN27=24130.625;DEC28=19739;DEC27=18304.5,DEC26=GLOBAL_REFERENCE_OUTLIER_PUT_CALL_PARITY;DEC28=GLOBAL_REFERENCE_OUTLIER_SERIES_FORWARD_CLUSTER;DEC27=GLOBAL_REFERENCE_OUTLIER_SERIES_FORWARD_CLUSTER,WEIGHTED_ATM,2026-09-04,6,130,0.0,NONE,4660,4136,0,0,517,NONE,MN1;MN2;MN3;MN4;MN5;QMW;QRW;QTW;QWW,OK,NONE,NONE,2026-08-26
NAS,29490.0,2685090.612954031,0.47864658324113246,0.0,0.0,0.0,0.0,0.0,0.0,29723.678287786784,28973.821712213216,30098.60657557357,28598.89342442643,SEP26,AUG26,2026-08-28,2026-09-18,29348.75,29335.60827616128,FOUND,DEGRADED,SPOT_MONTH_FALLBACK;ESTIMATED_EXPIRY_ALIAS,2026-08-02.2,PUT_CALL_PARITY,SEP26,SEP26=PUT_CALL_PARITY;AUG26=SERIES_FORWARD_CLUSTER;OCT26=SERIES_FORWARD_CLUSTER;DEC29=SERIES_FORWARD_CLUSTER;DEC26=PUT_CALL_PARITY;NOV26=SERIES_FORWARD_CLUSTER;MAR27=SERIES_FORWARD_CLUSTER;JUN27=SERIES_FORWARD_CLUSTER;DEC28=PUT_CALL_PARITY;DEC27=PUT_CALL_PARITY,SEP26=29348.75;AUG26=29412.5;OCT26=30137.875;DEC29=28924;DEC26=20179.125;NOV26=31093;MAR27=24435.5;JUN27=24130.625;DEC28=19739;DEC27=18304.5,DEC26=GLOBAL_REFERENCE_OUTLIER_PUT_CALL_PARITY;DEC28=GLOBAL_REFERENCE_OUTLIER_SERIES_FORWARD_CLUSTER;DEC27=GLOBAL_REFERENCE_OUTLIER_SERIES_FORWARD_CLUSTER,WEIGHTED_ATM,2026-09-04,6,130,0.0,NONE,4660,4136,0,0,517,NONE,MN1;MN2;MN3;MN4;MN5;QMW;QRW;QTW;QWW,OK,NONE,NONE,2026-08-26
NAS,29500.0,66292587.091068245,29.186634277097824,0.0,0.0,0.0,0.0,0.0,0.0,29723.678287786784,28973.821712213216,30098.60657557357,28598.89342442643,SEP26,AUG26,2026-08-28,2026-09-18,29348.75,29335.60827616128,FOUND,DEGRADED,SPOT_MONTH_FALLBACK;ESTIMATED_EXPIRY_ALIAS,2026-08-02.2,PUT_CALL_PARITY,SEP26,SEP26=PUT_CALL_PARITY;AUG26=SERIES_FORWARD_CLUSTER;OCT26=SERIES_FORWARD_CLUSTER;DEC29=SERIES_FORWARD_CLUSTER;DEC26=PUT_CALL_PARITY;NOV26=SERIES_FORWARD_CLUSTER;MAR27=SERIES_FORWARD_CLUSTER;JUN27=SERIES_FORWARD_CLUSTER;DEC28=PUT_CALL_PARITY;DEC27=PUT_CALL_PARITY,SEP26=29348.75;AUG26=29412.5;OCT26=30137.875;DEC29=28924;DEC26=20179.125;NOV26=31093;MAR27=24435.5;JUN27=24130.625;DEC28=19739;DEC27=18304.5,DEC26=GLOBAL_REFERENCE_OUTLIER_PUT_CALL_PARITY;DEC28=GLOBAL_REFERENCE_OUTLIER_SERIES_FORWARD_CLUSTER;DEC27=GLOBAL_REFERENCE_OUTLIER_SERIES_FORWARD_CLUSTER,WEIGHTED_ATM,2026-09-04,6,130,0.0,NONE,4660,4136,0,0,517,NONE,MN1;MN2;MN3;MN4;MN5;QMW;QRW;QTW;QWW,OK,NONE,NONE,2026-08-26
NAS,29510.0,5648639.718996176,0.6529501036026839,0.0,0.0,0.0,0.0,0.0,0.0,29723.678287786784,28973.821712213216,30098.60657557357,28598.89342442643,SEP26,AUG26,2026-08-28,2026-09-18,29348.75,29335.60827616128,FOUND,DEGRADED,SPOT_MONTH_FALLBACK;ESTIMATED_EXPIRY_ALIAS,2026-08-02.2,PUT_CALL_PARITY,SEP26,SEP26=PUT_CALL_PARITY;AUG26=SERIES_FORWARD_CLUSTER;OCT26=SERIES_FORWARD_CLUSTER;DEC29=SERIES_FORWARD_CLUSTER;DEC26=PUT_CALL_PARITY;NOV26=SERIES_FORWARD_CLUSTER;MAR27=SERIES_FORWARD_CLUSTER;JUN27=SERIES_FORWARD_CLUSTER;DEC28=PUT_CALL_PARITY;DEC27=PUT_CALL_PARITY,SEP26=29348.75;AUG26=29412.5;OCT26=30137.875;DEC29=28924;DEC26=20179.125;NOV26=31093;MAR27=24435.5;JUN27=24130.625;DEC28=19739;DEC27=18304.5,DEC26=GLOBAL_REFERENCE_OUTLIER_PUT_CALL_PARITY;DEC28=GLOBAL_REFERENCE_OUTLIER_SERIES_FORWARD_CLUSTER;DEC27=GLOBAL_REFERENCE_OUTLIER_SERIES_FORWARD_CLUSTER,WEIGHTED_ATM,2026-09-04,6,130,0.0,NONE,4660,4136,0,0,517,NONE,MN1;MN2;MN3;MN4;MN5;QMW;QRW;QTW;QWW,OK,NONE,NONE,2026-08-26
NAS,29520.0,1585058.4135708294,0.21578425528842848,0.0,0.0,0.0,0.0,0.0,0.0,29723.678287786784,28973.821712213216,30098.60657557357,28598.89342442643,SEP26,AUG26,2026-08-28,2026-09-18,29348.75,29335.60827616128,FOUND,DEGRADED,SPOT_MONTH_FALLBACK;ESTIMATED_EXPIRY_ALIAS,2026-08-02.2,PUT_CALL_PARITY,SEP26,SEP26=PUT_CALL_PARITY;AUG26=SERIES_FORWARD_CLUSTER;OCT26=SERIES_FORWARD_CLUSTER;DEC29=SERIES_FORWARD_CLUSTER;DEC26=PUT_CALL_PARITY;NOV26=SERIES_FORWARD_CLUSTER;MAR27=SERIES_FORWARD_CLUSTER;JUN27=SERIES_FORWARD_CLUSTER;DEC28=PUT_CALL_PARITY;DEC27=PUT_CALL_PARITY,SEP26=29348.75;AUG26=29412.5;OCT26=30137.875;DEC29=28924;DEC26=20179.125;NOV26=31093;MAR27=24435.5;JUN27=24130.625;DEC28=19739;DEC27=18304.5,DEC26=GLOBAL_REFERENCE_OUTLIER_PUT_CALL_PARITY;DEC28=GLOBAL_REFERENCE_OUTLIER_SERIES_FORWARD_CLUSTER;DEC27=GLOBAL_REFERENCE_OUTLIER_SERIES_FORWARD_CLUSTER,WEIGHTED_ATM,2026-09-04,6,130,0.0,NONE,4660,4136,0,0,517,NONE,MN1;MN2;MN3;MN4;MN5;QMW;QRW;QTW;QWW,OK,NONE,NONE,2026-08-26
NAS,29525.0,5260079.544048708,1.2110853714396554,0.0,0.0,0.0,0.0,0.0,0.0,29723.678287786784,28973.821712213216,30098.60657557357,28598.89342442643,SEP26,AUG26,2026-08-28,2026-09-18,29348.75,29335.60827616128,FOUND,DEGRADED,SPOT_MONTH_FALLBACK;ESTIMATED_EXPIRY_ALIAS,2026-08-02.2,PUT_CALL_PARITY,SEP26,SEP26=PUT_CALL_PARITY;AUG26=SERIES_FORWARD_CLUSTER;OCT26=SERIES_FORWARD_CLUSTER;DEC29=SERIES_FORWARD_CLUSTER;DEC26=PUT_CALL_PARITY;NOV26=SERIES_FORWARD_CLUSTER;MAR27=SERIES_FORWARD_CLUSTER;JUN27=SERIES_FORWARD_CLUSTER;DEC28=PUT_CALL_PARITY;DEC27=PUT_CALL_PARITY,SEP26=29348.75;AUG26=29412.5;OCT26=30137.875;DEC29=28924;DEC26=20179.125;NOV26=31093;MAR27=24435.5;JUN27=24130.625;DEC28=19739;DEC27=18304.5,DEC26=GLOBAL_REFERENCE_OUTLIER_PUT_CALL_PARITY;DEC28=GLOBAL_REFERENCE_OUTLIER_SERIES_FORWARD_CLUSTER;DEC27=GLOBAL_REFERENCE_OUTLIER_SERIES_FORWARD_CLUSTER,WEIGHTED_ATM,2026-09-04,6,130,0.0,NONE,4660,4136,0,0,517,NONE,MN1;MN2;MN3;MN4;MN5;QMW;QRW;QTW;QWW,OK,NONE,NONE,2026-08-26
NAS,29530.0,7459010.679651053,0.9182633135083124,0.0,0.0,0.0,0.0,0.0,0.0,29723.678287786784,28973.821712213216,30098.60657557357,28598.89342442643,SEP26,AUG26,2026-08-28,2026-09-18,29348.75,29335.60827616128,FOUND,DEGRADED,SPOT_MONTH_FALLBACK;ESTIMATED_EXPIRY_ALIAS,2026-08-02.2,PUT_CALL_PARITY,SEP26,SEP26=PUT_CALL_PARITY;AUG26=SERIES_FORWARD_CLUSTER;OCT26=SERIES_FORWARD_CLUSTER;DEC29=SERIES_FORWARD_CLUSTER;DEC26=PUT_CALL_PARITY;NOV26=SERIES_FORWARD_CLUSTER;MAR27=SERIES_FORWARD_CLUSTER;JUN27=SERIES_FORWARD_CLUSTER;DEC28=PUT_CALL_PARITY;DEC27=PUT_CALL_PARITY,SEP26=29348.75;AUG26=29412.5;OCT26=30137.875;DEC29=28924;DEC26=20179.125;NOV26=31093;MAR27=24435.5;JUN27=24130.625;DEC28=19739;DEC27=18304.5,DEC26=GLOBAL_REFERENCE_OUTLIER_PUT_CALL_PARITY;DEC28=GLOBAL_REFERENCE_OUTLIER_SERIES_FORWARD_CLUSTER;DEC27=GLOBAL_REFERENCE_OUTLIER_SERIES_FORWARD_CLUSTER,WEIGHTED_ATM,2026-09-04,6,130,0.0,NONE,4660,4136,0,0,517,NONE,MN1;MN2;MN3;MN4;MN5;QMW;QRW;QTW;QWW,OK,NONE,NONE,2026-08-26
NAS,29540.0,3023145.454093607,0.46042042386783094,0.0,0.0,0.0,0.0,0.0,0.0,29723.678287786784,28973.821712213216,30098.60657557357,28598.89342442643,SEP26,AUG26,2026-08-28,2026-09-18,29348.75,29335.60827616128,FOUND,DEGRADED,SPOT_MONTH_FALLBACK;ESTIMATED_EXPIRY_ALIAS,2026-08-02.2,PUT_CALL_PARITY,SEP26,SEP26=PUT_CALL_PARITY;AUG26=SERIES_FORWARD_CLUSTER;OCT26=SERIES_FORWARD_CLUSTER;DEC29=SERIES_FORWARD_CLUSTER;DEC26=PUT_CALL_PARITY;NOV26=SERIES_FORWARD_CLUSTER;MAR27=SERIES_FORWARD_CLUSTER;JUN27=SERIES_FORWARD_CLUSTER;DEC28=PUT_CALL_PARITY;DEC27=PUT_CALL_PARITY,SEP26=29348.75;AUG26=29412.5;OCT26=30137.875;DEC29=28924;DEC26=20179.125;NOV26=31093;MAR27=24435.5;JUN27=24130.625;DEC28=19739;DEC27=18304.5,DEC26=GLOBAL_REFERENCE_OUTLIER_PUT_CALL_PARITY;DEC28=GLOBAL_REFERENCE_OUTLIER_SERIES_FORWARD_CLUSTER;DEC27=GLOBAL_REFERENCE_OUTLIER_SERIES_FORWARD_CLUSTER,WEIGHTED_ATM,2026-09-04,6,130,0.0,NONE,4660,4136,0,0,517,NONE,MN1;MN2;MN3;MN4;MN5;QMW;QRW;QTW;QWW,OK,NONE,NONE,2026-08-26
NAS,29550.0,21061333.216177423,4.517129478207948,0.0,0.0,0.0,0.0,0.0,0.0,29723.678287786784,28973.821712213216,30098.60657557357,28598.89342442643,SEP26,AUG26,2026-08-28,2026-09-18,29348.75,29335.60827616128,FOUND,DEGRADED,SPOT_MONTH_FALLBACK;ESTIMATED_EXPIRY_ALIAS,2026-08-02.2,PUT_CALL_PARITY,SEP26,SEP26=PUT_CALL_PARITY;AUG26=SERIES_FORWARD_CLUSTER;OCT26=SERIES_FORWARD_CLUSTER;DEC29=SERIES_FORWARD_CLUSTER;DEC26=PUT_CALL_PARITY;NOV26=SERIES_FORWARD_CLUSTER;MAR27=SERIES_FORWARD_CLUSTER;JUN27=SERIES_FORWARD_CLUSTER;DEC28=PUT_CALL_PARITY;DEC27=PUT_CALL_PARITY,SEP26=29348.75;AUG26=29412.5;OCT26=30137.875;DEC29=28924;DEC26=20179.125;NOV26=31093;MAR27=24435.5;JUN27=24130.625;DEC28=19739;DEC27=18304.5,DEC26=GLOBAL_REFERENCE_OUTLIER_PUT_CALL_PARITY;DEC28=GLOBAL_REFERENCE_OUTLIER_SERIES_FORWARD_CLUSTER;DEC27=GLOBAL_REFERENCE_OUTLIER_SERIES_FORWARD_CLUSTER,WEIGHTED_ATM,2026-09-04,6,130,0.0,NONE,4660,4136,0,0,517,NONE,MN1;MN2;MN3;MN4;MN5;QMW;QRW;QTW;QWW,OK,NONE,NONE,2026-08-26
NAS,29560.0,2716238.142181331,0.3449347592196625,0.0,0.0,0.0,0.0,0.0,0.0,29723.678287786784,28973.821712213216,30098.60657557357,28598.89342442643,SEP26,AUG26,2026-08-28,2026-09-18,29348.75,29335.60827616128,FOUND,DEGRADED,SPOT_MONTH_FALLBACK;ESTIMATED_EXPIRY_ALIAS,2026-08-02.2,PUT_CALL_PARITY,SEP26,SEP26=PUT_CALL_PARITY;AUG26=SERIES_FORWARD_CLUSTER;OCT26=SERIES_FORWARD_CLUSTER;DEC29=SERIES_FORWARD_CLUSTER;DEC26=PUT_CALL_PARITY;NOV26=SERIES_FORWARD_CLUSTER;MAR27=SERIES_FORWARD_CLUSTER;JUN27=SERIES_FORWARD_CLUSTER;DEC28=PUT_CALL_PARITY;DEC27=PUT_CALL_PARITY,SEP26=29348.75;AUG26=29412.5;OCT26=30137.875;DEC29=28924;DEC26=20179.125;NOV26=31093;MAR27=24435.5;JUN27=24130.625;DEC28=19739;DEC27=18304.5,DEC26=GLOBAL_REFERENCE_OUTLIER_PUT_CALL_PARITY;DEC28=GLOBAL_REFERENCE_OUTLIER_SERIES_FORWARD_CLUSTER;DEC27=GLOBAL_REFERENCE_OUTLIER_SERIES_FORWARD_CLUSTER,WEIGHTED_ATM,2026-09-04,6,130,0.0,NONE,4660,4136,0,0,517,NONE,MN1;MN2;MN3;MN4;MN5;QMW;QRW;QTW;QWW,OK,NONE,NONE,2026-08-26
NAS,29570.0,6187914.858699108,0.7385053563191543,0.0,0.0,0.0,0.0,0.0,0.0,29723.678287786784,28973.821712213216,30098.60657557357,28598.89342442643,SEP26,AUG26,2026-08-28,2026-09-18,29348.75,29335.60827616128,FOUND,DEGRADED,SPOT_MONTH_FALLBACK;ESTIMATED_EXPIRY_ALIAS,2026-08-02.2,PUT_CALL_PARITY,SEP26,SEP26=PUT_CALL_PARITY;AUG26=SERIES_FORWARD_CLUSTER;OCT26=SERIES_FORWARD_CLUSTER;DEC29=SERIES_FORWARD_CLUSTER;DEC26=PUT_CALL_PARITY;NOV26=SERIES_FORWARD_CLUSTER;MAR27=SERIES_FORWARD_CLUSTER;JUN27=SERIES_FORWARD_CLUSTER;DEC28=PUT_CALL_PARITY;DEC27=PUT_CALL_PARITY,SEP26=29348.75;AUG26=29412.5;OCT26=30137.875;DEC29=28924;DEC26=20179.125;NOV26=31093;MAR27=24435.5;JUN27=24130.625;DEC28=19739;DEC27=18304.5,DEC26=GLOBAL_REFERENCE_OUTLIER_PUT_CALL_PARITY;DEC28=GLOBAL_REFERENCE_OUTLIER_SERIES_FORWARD_CLUSTER;DEC27=GLOBAL_REFERENCE_OUTLIER_SERIES_FORWARD_CLUSTER,WEIGHTED_ATM,2026-09-04,6,130,0.0,NONE,4660,4136,0,0,517,NONE,MN1;MN2;MN3;MN4;MN5;QMW;QRW;QTW;QWW,OK,NONE,NONE,2026-08-26
NAS,29575.0,7345693.536299631,0.965234118088304,0.0,0.0,0.0,0.0,0.0,0.0,29723.678287786784,28973.821712213216,30098.60657557357,28598.89342442643,SEP26,AUG26,2026-08-28,2026-09-18,29348.75,29335.60827616128,FOUND,DEGRADED,SPOT_MONTH_FALLBACK;ESTIMATED_EXPIRY_ALIAS,2026-08-02.2,PUT_CALL_PARITY,SEP26,SEP26=PUT_CALL_PARITY;AUG26=SERIES_FORWARD_CLUSTER;OCT26=SERIES_FORWARD_CLUSTER;DEC29=SERIES_FORWARD_CLUSTER;DEC26=PUT_CALL_PARITY;NOV26=SERIES_FORWARD_CLUSTER;MAR27=SERIES_FORWARD_CLUSTER;JUN27=SERIES_FORWARD_CLUSTER;DEC28=PUT_CALL_PARITY;DEC27=PUT_CALL_PARITY,SEP26=29348.75;AUG26=29412.5;OCT26=30137.875;DEC29=28924;DEC26=20179.125;NOV26=31093;MAR27=24435.5;JUN27=24130.625;DEC28=19739;DEC27=18304.5,DEC26=GLOBAL_REFERENCE_OUTLIER_PUT_CALL_PARITY;DEC28=GLOBAL_REFERENCE_OUTLIER_SERIES_FORWARD_CLUSTER;DEC27=GLOBAL_REFERENCE_OUTLIER_SERIES_FORWARD_CLUSTER,WEIGHTED_ATM,2026-09-04,6,130,0.0,NONE,4660,4136,0,0,517,NONE,MN1;MN2;MN3;MN4;MN5;QMW;QRW;QTW;QWW,OK,NONE,NONE,2026-08-26
NAS,29580.0,5601252.414783385,0.7006051495151678,0.0,0.0,0.0,0.0,0.0,0.0,29723.678287786784,28973.821712213216,30098.60657557357,28598.89342442643,SEP26,AUG26,2026-08-28,2026-09-18,29348.75,29335.60827616128,FOUND,DEGRADED,SPOT_MONTH_FALLBACK;ESTIMATED_EXPIRY_ALIAS,2026-08-02.2,PUT_CALL_PARITY,SEP26,SEP26=PUT_CALL_PARITY;AUG26=SERIES_FORWARD_CLUSTER;OCT26=SERIES_FORWARD_CLUSTER;DEC29=SERIES_FORWARD_CLUSTER;DEC26=PUT_CALL_PARITY;NOV26=SERIES_FORWARD_CLUSTER;MAR27=SERIES_FORWARD_CLUSTER;JUN27=SERIES_FORWARD_CLUSTER;DEC28=PUT_CALL_PARITY;DEC27=PUT_CALL_PARITY,SEP26=29348.75;AUG26=29412.5;OCT26=30137.875;DEC29=28924;DEC26=20179.125;NOV26=31093;MAR27=24435.5;JUN27=24130.625;DEC28=19739;DEC27=18304.5,DEC26=GLOBAL_REFERENCE_OUTLIER_PUT_CALL_PARITY;DEC28=GLOBAL_REFERENCE_OUTLIER_SERIES_FORWARD_CLUSTER;DEC27=GLOBAL_REFERENCE_OUTLIER_SERIES_FORWARD_CLUSTER,WEIGHTED_ATM,2026-09-04,6,130,0.0,NONE,4660,4136,0,0,517,NONE,MN1;MN2;MN3;MN4;MN5;QMW;QRW;QTW;QWW,OK,NONE,NONE,2026-08-26
NAS,29590.0,1959907.7100277806,0.22655400343744328,0.0,0.0,0.0,0.0,0.0,0.0,29723.678287786784,28973.821712213216,30098.60657557357,28598.89342442643,SEP26,AUG26,2026-08-28,2026-09-18,29348.75,29335.60827616128,FOUND,DEGRADED,SPOT_MONTH_FALLBACK;ESTIMATED_EXPIRY_ALIAS,2026-08-02.2,PUT_CALL_PARITY,SEP26,SEP26=PUT_CALL_PARITY;AUG26=SERIES_FORWARD_CLUSTER;OCT26=SERIES_FORWARD_CLUSTER;DEC29=SERIES_FORWARD_CLUSTER;DEC26=PUT_CALL_PARITY;NOV26=SERIES_FORWARD_CLUSTER;MAR27=SERIES_FORWARD_CLUSTER;JUN27=SERIES_FORWARD_CLUSTER;DEC28=PUT_CALL_PARITY;DEC27=PUT_CALL_PARITY,SEP26=29348.75;AUG26=29412.5;OCT26=30137.875;DEC29=28924;DEC26=20179.125;NOV26=31093;MAR27=24435.5;JUN27=24130.625;DEC28=19739;DEC27=18304.5,DEC26=GLOBAL_REFERENCE_OUTLIER_PUT_CALL_PARITY;DEC28=GLOBAL_REFERENCE_OUTLIER_SERIES_FORWARD_CLUSTER;DEC27=GLOBAL_REFERENCE_OUTLIER_SERIES_FORWARD_CLUSTER,WEIGHTED_ATM,2026-09-04,6,130,0.0,NONE,4660,4136,0,0,517,NONE,MN1;MN2;MN3;MN4;MN5;QMW;QRW;QTW;QWW,OK,NONE,NONE,2026-08-26
NAS,29600.0,74413561.08299468,13.60651480595162,0.0,0.0,0.0,0.0,0.0,0.0,29723.678287786784,28973.821712213216,30098.60657557357,28598.89342442643,SEP26,AUG26,2026-08-28,2026-09-18,29348.75,29335.60827616128,FOUND,DEGRADED,SPOT_MONTH_FALLBACK;ESTIMATED_EXPIRY_ALIAS,2026-08-02.2,PUT_CALL_PARITY,SEP26,SEP26=PUT_CALL_PARITY;AUG26=SERIES_FORWARD_CLUSTER;OCT26=SERIES_FORWARD_CLUSTER;DEC29=SERIES_FORWARD_CLUSTER;DEC26=PUT_CALL_PARITY;NOV26=SERIES_FORWARD_CLUSTER;MAR27=SERIES_FORWARD_CLUSTER;JUN27=SERIES_FORWARD_CLUSTER;DEC28=PUT_CALL_PARITY;DEC27=PUT_CALL_PARITY,SEP26=29348.75;AUG26=29412.5;OCT26=30137.875;DEC29=28924;DEC26=20179.125;NOV26=31093;MAR27=24435.5;JUN27=24130.625;DEC28=19739;DEC27=18304.5,DEC26=GLOBAL_REFERENCE_OUTLIER_PUT_CALL_PARITY;DEC28=GLOBAL_REFERENCE_OUTLIER_SERIES_FORWARD_CLUSTER;DEC27=GLOBAL_REFERENCE_OUTLIER_SERIES_FORWARD_CLUSTER,WEIGHTED_ATM,2026-09-04,6,130,0.0,NONE,4660,4136,0,0,517,NONE,MN1;MN2;MN3;MN4;MN5;QMW;QRW;QTW;QWW,OK,NONE,NONE,2026-08-26
NAS,29610.0,3881929.3544956017,0.44872859666940274,0.0,0.0,0.0,0.0,0.0,0.0,29723.678287786784,28973.821712213216,30098.60657557357,28598.89342442643,SEP26,AUG26,2026-08-28,2026-09-18,29348.75,29335.60827616128,FOUND,DEGRADED,SPOT_MONTH_FALLBACK;ESTIMATED_EXPIRY_ALIAS,2026-08-02.2,PUT_CALL_PARITY,SEP26,SEP26=PUT_CALL_PARITY;AUG26=SERIES_FORWARD_CLUSTER;OCT26=SERIES_FORWARD_CLUSTER;DEC29=SERIES_FORWARD_CLUSTER;DEC26=PUT_CALL_PARITY;NOV26=SERIES_FORWARD_CLUSTER;MAR27=SERIES_FORWARD_CLUSTER;JUN27=SERIES_FORWARD_CLUSTER;DEC28=PUT_CALL_PARITY;DEC27=PUT_CALL_PARITY,SEP26=29348.75;AUG26=29412.5;OCT26=30137.875;DEC29=28924;DEC26=20179.125;NOV26=31093;MAR27=24435.5;JUN27=24130.625;DEC28=19739;DEC27=18304.5,DEC26=GLOBAL_REFERENCE_OUTLIER_PUT_CALL_PARITY;DEC28=GLOBAL_REFERENCE_OUTLIER_SERIES_FORWARD_CLUSTER;DEC27=GLOBAL_REFERENCE_OUTLIER_SERIES_FORWARD_CLUSTER,WEIGHTED_ATM,2026-09-04,6,130,0.0,NONE,4660,4136,0,0,517,NONE,MN1;MN2;MN3;MN4;MN5;QMW;QRW;QTW;QWW,OK,NONE,NONE,2026-08-26
NAS,29620.0,8575957.412741387,0.9913311097378356,0.0,0.0,0.0,0.0,0.0,0.0,29723.678287786784,28973.821712213216,30098.60657557357,28598.89342442643,SEP26,AUG26,2026-08-28,2026-09-18,29348.75,29335.60827616128,FOUND,DEGRADED,SPOT_MONTH_FALLBACK;ESTIMATED_EXPIRY_ALIAS,2026-08-02.2,PUT_CALL_PARITY,SEP26,SEP26=PUT_CALL_PARITY;AUG26=SERIES_FORWARD_CLUSTER;OCT26=SERIES_FORWARD_CLUSTER;DEC29=SERIES_FORWARD_CLUSTER;DEC26=PUT_CALL_PARITY;NOV26=SERIES_FORWARD_CLUSTER;MAR27=SERIES_FORWARD_CLUSTER;JUN27=SERIES_FORWARD_CLUSTER;DEC28=PUT_CALL_PARITY;DEC27=PUT_CALL_PARITY,SEP26=29348.75;AUG26=29412.5;OCT26=30137.875;DEC29=28924;DEC26=20179.125;NOV26=31093;MAR27=24435.5;JUN27=24130.625;DEC28=19739;DEC27=18304.5,DEC26=GLOBAL_REFERENCE_OUTLIER_PUT_CALL_PARITY;DEC28=GLOBAL_REFERENCE_OUTLIER_SERIES_FORWARD_CLUSTER;DEC27=GLOBAL_REFERENCE_OUTLIER_SERIES_FORWARD_CLUSTER,WEIGHTED_ATM,2026-09-04,6,130,0.0,NONE,4660,4136,0,0,517,NONE,MN1;MN2;MN3;MN4;MN5;QMW;QRW;QTW;QWW,OK,NONE,NONE,2026-08-26
NAS,29625.0,10548506.715883126,1.3584516060489975,0.0,0.0,0.0,0.0,0.0,0.0,29723.678287786784,28973.821712213216,30098.60657557357,28598.89342442643,SEP26,AUG26,2026-08-28,2026-09-18,29348.75,29335.60827616128,FOUND,DEGRADED,SPOT_MONTH_FALLBACK;ESTIMATED_EXPIRY_ALIAS,2026-08-02.2,PUT_CALL_PARITY,SEP26,SEP26=PUT_CALL_PARITY;AUG26=SERIES_FORWARD_CLUSTER;OCT26=SERIES_FORWARD_CLUSTER;DEC29=SERIES_FORWARD_CLUSTER;DEC26=PUT_CALL_PARITY;NOV26=SERIES_FORWARD_CLUSTER;MAR27=SERIES_FORWARD_CLUSTER;JUN27=SERIES_FORWARD_CLUSTER;DEC28=PUT_CALL_PARITY;DEC27=PUT_CALL_PARITY,SEP26=29348.75;AUG26=29412.5;OCT26=30137.875;DEC29=28924;DEC26=20179.125;NOV26=31093;MAR27=24435.5;JUN27=24130.625;DEC28=19739;DEC27=18304.5,DEC26=GLOBAL_REFERENCE_OUTLIER_PUT_CALL_PARITY;DEC28=GLOBAL_REFERENCE_OUTLIER_SERIES_FORWARD_CLUSTER;DEC27=GLOBAL_REFERENCE_OUTLIER_SERIES_FORWARD_CLUSTER,WEIGHTED_ATM,2026-09-04,6,130,0.0,NONE,4660,4136,0,0,517,NONE,MN1;MN2;MN3;MN4;MN5;QMW;QRW;QTW;QWW,OK,NONE,NONE,2026-08-26
NAS,29630.0,1145091.9931027642,0.13236601601914982,0.0,0.0,0.0,0.0,0.0,0.0,29723.678287786784,28973.821712213216,30098.60657557357,28598.89342442643,SEP26,AUG26,2026-08-28,2026-09-18,29348.75,29335.60827616128,FOUND,DEGRADED,SPOT_MONTH_FALLBACK;ESTIMATED_EXPIRY_ALIAS,2026-08-02.2,PUT_CALL_PARITY,SEP26,SEP26=PUT_CALL_PARITY;AUG26=SERIES_FORWARD_CLUSTER;OCT26=SERIES_FORWARD_CLUSTER;DEC29=SERIES_FORWARD_CLUSTER;DEC26=PUT_CALL_PARITY;NOV26=SERIES_FORWARD_CLUSTER;MAR27=SERIES_FORWARD_CLUSTER;JUN27=SERIES_FORWARD_CLUSTER;DEC28=PUT_CALL_PARITY;DEC27=PUT_CALL_PARITY,SEP26=29348.75;AUG26=29412.5;OCT26=30137.875;DEC29=28924;DEC26=20179.125;NOV26=31093;MAR27=24435.5;JUN27=24130.625;DEC28=19739;DEC27=18304.5,DEC26=GLOBAL_REFERENCE_OUTLIER_PUT_CALL_PARITY;DEC28=GLOBAL_REFERENCE_OUTLIER_SERIES_FORWARD_CLUSTER;DEC27=GLOBAL_REFERENCE_OUTLIER_SERIES_FORWARD_CLUSTER,WEIGHTED_ATM,2026-09-04,6,130,0.0,NONE,4660,4136,0,0,517,NONE,MN1;MN2;MN3;MN4;MN5;QMW;QRW;QTW;QWW,OK,NONE,NONE,2026-08-26
NAS,29640.0,1104541.253684326,0.12767858491686312,0.0,0.0,0.0,0.0,0.0,0.0,29723.678287786784,28973.821712213216,30098.60657557357,28598.89342442643,SEP26,AUG26,2026-08-28,2026-09-18,29348.75,29335.60827616128,FOUND,DEGRADED,SPOT_MONTH_FALLBACK;ESTIMATED_EXPIRY_ALIAS,2026-08-02.2,PUT_CALL_PARITY,SEP26,SEP26=PUT_CALL_PARITY;AUG26=SERIES_FORWARD_CLUSTER;OCT26=SERIES_FORWARD_CLUSTER;DEC29=SERIES_FORWARD_CLUSTER;DEC26=PUT_CALL_PARITY;NOV26=SERIES_FORWARD_CLUSTER;MAR27=SERIES_FORWARD_CLUSTER;JUN27=SERIES_FORWARD_CLUSTER;DEC28=PUT_CALL_PARITY;DEC27=PUT_CALL_PARITY,SEP26=29348.75;AUG26=29412.5;OCT26=30137.875;DEC29=28924;DEC26=20179.125;NOV26=31093;MAR27=24435.5;JUN27=24130.625;DEC28=19739;DEC27=18304.5,DEC26=GLOBAL_REFERENCE_OUTLIER_PUT_CALL_PARITY;DEC28=GLOBAL_REFERENCE_OUTLIER_SERIES_FORWARD_CLUSTER;DEC27=GLOBAL_REFERENCE_OUTLIER_SERIES_FORWARD_CLUSTER,WEIGHTED_ATM,2026-09-04,6,130,0.0,NONE,4660,4136,0,0,517,NONE,MN1;MN2;MN3;MN4;MN5;QMW;QRW;QTW;QWW,OK,NONE,NONE,2026-08-26
NAS,29650.0,23434491.928462837,5.869666930698723,0.0,0.0,0.0,0.0,0.0,0.0,29723.678287786784,28973.821712213216,30098.60657557357,28598.89342442643,SEP26,AUG26,2026-08-28,2026-09-18,29348.75,29335.60827616128,FOUND,DEGRADED,SPOT_MONTH_FALLBACK;ESTIMATED_EXPIRY_ALIAS,2026-08-02.2,PUT_CALL_PARITY,SEP26,SEP26=PUT_CALL_PARITY;AUG26=SERIES_FORWARD_CLUSTER;OCT26=SERIES_FORWARD_CLUSTER;DEC29=SERIES_FORWARD_CLUSTER;DEC26=PUT_CALL_PARITY;NOV26=SERIES_FORWARD_CLUSTER;MAR27=SERIES_FORWARD_CLUSTER;JUN27=SERIES_FORWARD_CLUSTER;DEC28=PUT_CALL_PARITY;DEC27=PUT_CALL_PARITY,SEP26=29348.75;AUG26=29412.5;OCT26=30137.875;DEC29=28924;DEC26=20179.125;NOV26=31093;MAR27=24435.5;JUN27=24130.625;DEC28=19739;DEC27=18304.5,DEC26=GLOBAL_REFERENCE_OUTLIER_PUT_CALL_PARITY;DEC28=GLOBAL_REFERENCE_OUTLIER_SERIES_FORWARD_CLUSTER;DEC27=GLOBAL_REFERENCE_OUTLIER_SERIES_FORWARD_CLUSTER,WEIGHTED_ATM,2026-09-04,6,130,0.0,NONE,4660,4136,0,0,517,NONE,MN1;MN2;MN3;MN4;MN5;QMW;QRW;QTW;QWW,OK,NONE,NONE,2026-08-26
NAS,29660.0,1761272.0920556409,0.23023517820140135,0.0,0.0,0.0,0.0,0.0,0.0,29723.678287786784,28973.821712213216,30098.60657557357,28598.89342442643,SEP26,AUG26,2026-08-28,2026-09-18,29348.75,29335.60827616128,FOUND,DEGRADED,SPOT_MONTH_FALLBACK;ESTIMATED_EXPIRY_ALIAS,2026-08-02.2,PUT_CALL_PARITY,SEP26,SEP26=PUT_CALL_PARITY;AUG26=SERIES_FORWARD_CLUSTER;OCT26=SERIES_FORWARD_CLUSTER;DEC29=SERIES_FORWARD_CLUSTER;DEC26=PUT_CALL_PARITY;NOV26=SERIES_FORWARD_CLUSTER;MAR27=SERIES_FORWARD_CLUSTER;JUN27=SERIES_FORWARD_CLUSTER;DEC28=PUT_CALL_PARITY;DEC27=PUT_CALL_PARITY,SEP26=29348.75;AUG26=29412.5;OCT26=30137.875;DEC29=28924;DEC26=20179.125;NOV26=31093;MAR27=24435.5;JUN27=24130.625;DEC28=19739;DEC27=18304.5,DEC26=GLOBAL_REFERENCE_OUTLIER_PUT_CALL_PARITY;DEC28=GLOBAL_REFERENCE_OUTLIER_SERIES_FORWARD_CLUSTER;DEC27=GLOBAL_REFERENCE_OUTLIER_SERIES_FORWARD_CLUSTER,WEIGHTED_ATM,2026-09-04,6,130,0.0,NONE,4660,4136,0,0,517,NONE,MN1;MN2;MN3;MN4;MN5;QMW;QRW;QTW;QWW,OK,NONE,NONE,2026-08-26
NAS,29670.0,219391.8912801172,0.15638365649477978,0.0,0.0,0.0,0.0,0.0,0.0,29723.678287786784,28973.821712213216,30098.60657557357,28598.89342442643,SEP26,AUG26,2026-08-28,2026-09-18,29348.75,29335.60827616128,FOUND,DEGRADED,SPOT_MONTH_FALLBACK;ESTIMATED_EXPIRY_ALIAS,2026-08-02.2,PUT_CALL_PARITY,SEP26,SEP26=PUT_CALL_PARITY;AUG26=SERIES_FORWARD_CLUSTER;OCT26=SERIES_FORWARD_CLUSTER;DEC29=SERIES_FORWARD_CLUSTER;DEC26=PUT_CALL_PARITY;NOV26=SERIES_FORWARD_CLUSTER;MAR27=SERIES_FORWARD_CLUSTER;JUN27=SERIES_FORWARD_CLUSTER;DEC28=PUT_CALL_PARITY;DEC27=PUT_CALL_PARITY,SEP26=29348.75;AUG26=29412.5;OCT26=30137.875;DEC29=28924;DEC26=20179.125;NOV26=31093;MAR27=24435.5;JUN27=24130.625;DEC28=19739;DEC27=18304.5,DEC26=GLOBAL_REFERENCE_OUTLIER_PUT_CALL_PARITY;DEC28=GLOBAL_REFERENCE_OUTLIER_SERIES_FORWARD_CLUSTER;DEC27=GLOBAL_REFERENCE_OUTLIER_SERIES_FORWARD_CLUSTER,WEIGHTED_ATM,2026-09-04,6,130,0.0,NONE,4660,4136,0,0,517,NONE,MN1;MN2;MN3;MN4;MN5;QMW;QRW;QTW;QWW,OK,NONE,NONE,2026-08-26
NAS,29675.0,3906224.494409969,0.9738910234048836,0.0,0.0,0.0,0.0,0.0,0.0,29723.678287786784,28973.821712213216,30098.60657557357,28598.89342442643,SEP26,AUG26,2026-08-28,2026-09-18,29348.75,29335.60827616128,FOUND,DEGRADED,SPOT_MONTH_FALLBACK;ESTIMATED_EXPIRY_ALIAS,2026-08-02.2,PUT_CALL_PARITY,SEP26,SEP26=PUT_CALL_PARITY;AUG26=SERIES_FORWARD_CLUSTER;OCT26=SERIES_FORWARD_CLUSTER;DEC29=SERIES_FORWARD_CLUSTER;DEC26=PUT_CALL_PARITY;NOV26=SERIES_FORWARD_CLUSTER;MAR27=SERIES_FORWARD_CLUSTER;JUN27=SERIES_FORWARD_CLUSTER;DEC28=PUT_CALL_PARITY;DEC27=PUT_CALL_PARITY,SEP26=29348.75;AUG26=29412.5;OCT26=30137.875;DEC29=28924;DEC26=20179.125;NOV26=31093;MAR27=24435.5;JUN27=24130.625;DEC28=19739;DEC27=18304.5,DEC26=GLOBAL_REFERENCE_OUTLIER_PUT_CALL_PARITY;DEC28=GLOBAL_REFERENCE_OUTLIER_SERIES_FORWARD_CLUSTER;DEC27=GLOBAL_REFERENCE_OUTLIER_SERIES_FORWARD_CLUSTER,WEIGHTED_ATM,2026-09-04,6,130,0.0,NONE,4660,4136,0,0,517,NONE,MN1;MN2;MN3;MN4;MN5;QMW;QRW;QTW;QWW,OK,NONE,NONE,2026-08-26
NAS,29680.0,674305.222908304,0.1036994761757473,0.0,0.0,0.0,0.0,0.0,0.0,29723.678287786784,28973.821712213216,30098.60657557357,28598.89342442643,SEP26,AUG26,2026-08-28,2026-09-18,29348.75,29335.60827616128,FOUND,DEGRADED,SPOT_MONTH_FALLBACK;ESTIMATED_EXPIRY_ALIAS,2026-08-02.2,PUT_CALL_PARITY,SEP26,SEP26=PUT_CALL_PARITY;AUG26=SERIES_FORWARD_CLUSTER;OCT26=SERIES_FORWARD_CLUSTER;DEC29=SERIES_FORWARD_CLUSTER;DEC26=PUT_CALL_PARITY;NOV26=SERIES_FORWARD_CLUSTER;MAR27=SERIES_FORWARD_CLUSTER;JUN27=SERIES_FORWARD_CLUSTER;DEC28=PUT_CALL_PARITY;DEC27=PUT_CALL_PARITY,SEP26=29348.75;AUG26=29412.5;OCT26=30137.875;DEC29=28924;DEC26=20179.125;NOV26=31093;MAR27=24435.5;JUN27=24130.625;DEC28=19739;DEC27=18304.5,DEC26=GLOBAL_REFERENCE_OUTLIER_PUT_CALL_PARITY;DEC28=GLOBAL_REFERENCE_OUTLIER_SERIES_FORWARD_CLUSTER;DEC27=GLOBAL_REFERENCE_OUTLIER_SERIES_FORWARD_CLUSTER,WEIGHTED_ATM,2026-09-04,6,130,0.0,NONE,4660,4136,0,0,517,NONE,MN1;MN2;MN3;MN4;MN5;QMW;QRW;QTW;QWW,OK,NONE,NONE,2026-08-26
NAS,29690.0,752374.393549109,0.086970131333354,0.0,0.0,0.0,0.0,0.0,0.0,29723.678287786784,28973.821712213216,30098.60657557357,28598.89342442643,SEP26,AUG26,2026-08-28,2026-09-18,29348.75,29335.60827616128,FOUND,DEGRADED,SPOT_MONTH_FALLBACK;ESTIMATED_EXPIRY_ALIAS,2026-08-02.2,PUT_CALL_PARITY,SEP26,SEP26=PUT_CALL_PARITY;AUG26=SERIES_FORWARD_CLUSTER;OCT26=SERIES_FORWARD_CLUSTER;DEC29=SERIES_FORWARD_CLUSTER;DEC26=PUT_CALL_PARITY;NOV26=SERIES_FORWARD_CLUSTER;MAR27=SERIES_FORWARD_CLUSTER;JUN27=SERIES_FORWARD_CLUSTER;DEC28=PUT_CALL_PARITY;DEC27=PUT_CALL_PARITY,SEP26=29348.75;AUG26=29412.5;OCT26=30137.875;DEC29=28924;DEC26=20179.125;NOV26=31093;MAR27=24435.5;JUN27=24130.625;DEC28=19739;DEC27=18304.5,DEC26=GLOBAL_REFERENCE_OUTLIER_PUT_CALL_PARITY;DEC28=GLOBAL_REFERENCE_OUTLIER_SERIES_FORWARD_CLUSTER;DEC27=GLOBAL_REFERENCE_OUTLIER_SERIES_FORWARD_CLUSTER,WEIGHTED_ATM,2026-09-04,6,130,0.0,NONE,4660,4136,0,0,517,NONE,MN1;MN2;MN3;MN4;MN5;QMW;QRW;QTW;QWW,OK,NONE,NONE,2026-08-26
NAS,29700.0,23140881.001974255,8.284912173615364,0.0,0.0,0.0,0.0,0.0,0.0,29723.678287786784,28973.821712213216,30098.60657557357,28598.89342442643,SEP26,AUG26,2026-08-28,2026-09-18,29348.75,29335.60827616128,FOUND,DEGRADED,SPOT_MONTH_FALLBACK;ESTIMATED_EXPIRY_ALIAS,2026-08-02.2,PUT_CALL_PARITY,SEP26,SEP26=PUT_CALL_PARITY;AUG26=SERIES_FORWARD_CLUSTER;OCT26=SERIES_FORWARD_CLUSTER;DEC29=SERIES_FORWARD_CLUSTER;DEC26=PUT_CALL_PARITY;NOV26=SERIES_FORWARD_CLUSTER;MAR27=SERIES_FORWARD_CLUSTER;JUN27=SERIES_FORWARD_CLUSTER;DEC28=PUT_CALL_PARITY;DEC27=PUT_CALL_PARITY,SEP26=29348.75;AUG26=29412.5;OCT26=30137.875;DEC29=28924;DEC26=20179.125;NOV26=31093;MAR27=24435.5;JUN27=24130.625;DEC28=19739;DEC27=18304.5,DEC26=GLOBAL_REFERENCE_OUTLIER_PUT_CALL_PARITY;DEC28=GLOBAL_REFERENCE_OUTLIER_SERIES_FORWARD_CLUSTER;DEC27=GLOBAL_REFERENCE_OUTLIER_SERIES_FORWARD_CLUSTER,WEIGHTED_ATM,2026-09-04,6,130,0.0,NONE,4660,4136,0,0,517,NONE,MN1;MN2;MN3;MN4;MN5;QMW;QRW;QTW;QWW,OK,NONE,NONE,2026-08-26
NAS,29710.0,855546.7209143221,0.12336081684328423,0.0,0.0,0.0,0.0,0.0,0.0,29723.678287786784,28973.821712213216,30098.60657557357,28598.89342442643,SEP26,AUG26,2026-08-28,2026-09-18,29348.75,29335.60827616128,FOUND,DEGRADED,SPOT_MONTH_FALLBACK;ESTIMATED_EXPIRY_ALIAS,2026-08-02.2,PUT_CALL_PARITY,SEP26,SEP26=PUT_CALL_PARITY;AUG26=SERIES_FORWARD_CLUSTER;OCT26=SERIES_FORWARD_CLUSTER;DEC29=SERIES_FORWARD_CLUSTER;DEC26=PUT_CALL_PARITY;NOV26=SERIES_FORWARD_CLUSTER;MAR27=SERIES_FORWARD_CLUSTER;JUN27=SERIES_FORWARD_CLUSTER;DEC28=PUT_CALL_PARITY;DEC27=PUT_CALL_PARITY,SEP26=29348.75;AUG26=29412.5;OCT26=30137.875;DEC29=28924;DEC26=20179.125;NOV26=31093;MAR27=24435.5;JUN27=24130.625;DEC28=19739;DEC27=18304.5,DEC26=GLOBAL_REFERENCE_OUTLIER_PUT_CALL_PARITY;DEC28=GLOBAL_REFERENCE_OUTLIER_SERIES_FORWARD_CLUSTER;DEC27=GLOBAL_REFERENCE_OUTLIER_SERIES_FORWARD_CLUSTER,WEIGHTED_ATM,2026-09-04,6,130,0.0,NONE,4660,4136,0,0,517,NONE,MN1;MN2;MN3;MN4;MN5;QMW;QRW;QTW;QWW,OK,NONE,NONE,2026-08-26
NAS,29720.0,917206.0280190348,0.10602371558695624,0.0,0.0,0.0,0.0,0.0,0.0,29723.678287786784,28973.821712213216,30098.60657557357,28598.89342442643,SEP26,AUG26,2026-08-28,2026-09-18,29348.75,29335.60827616128,FOUND,DEGRADED,SPOT_MONTH_FALLBACK;ESTIMATED_EXPIRY_ALIAS,2026-08-02.2,PUT_CALL_PARITY,SEP26,SEP26=PUT_CALL_PARITY;AUG26=SERIES_FORWARD_CLUSTER;OCT26=SERIES_FORWARD_CLUSTER;DEC29=SERIES_FORWARD_CLUSTER;DEC26=PUT_CALL_PARITY;NOV26=SERIES_FORWARD_CLUSTER;MAR27=SERIES_FORWARD_CLUSTER;JUN27=SERIES_FORWARD_CLUSTER;DEC28=PUT_CALL_PARITY;DEC27=PUT_CALL_PARITY,SEP26=29348.75;AUG26=29412.5;OCT26=30137.875;DEC29=28924;DEC26=20179.125;NOV26=31093;MAR27=24435.5;JUN27=24130.625;DEC28=19739;DEC27=18304.5,DEC26=GLOBAL_REFERENCE_OUTLIER_PUT_CALL_PARITY;DEC28=GLOBAL_REFERENCE_OUTLIER_SERIES_FORWARD_CLUSTER;DEC27=GLOBAL_REFERENCE_OUTLIER_SERIES_FORWARD_CLUSTER,WEIGHTED_ATM,2026-09-04,6,130,0.0,NONE,4660,4136,0,0,517,NONE,MN1;MN2;MN3;MN4;MN5;QMW;QRW;QTW;QWW,OK,NONE,NONE,2026-08-26
NAS,29725.0,5473313.339410179,0.654622491427457,0.0,0.0,0.0,0.0,0.0,0.0,29723.678287786784,28973.821712213216,30098.60657557357,28598.89342442643,SEP26,AUG26,2026-08-28,2026-09-18,29348.75,29335.60827616128,FOUND,DEGRADED,SPOT_MONTH_FALLBACK;ESTIMATED_EXPIRY_ALIAS,2026-08-02.2,PUT_CALL_PARITY,SEP26,SEP26=PUT_CALL_PARITY;AUG26=SERIES_FORWARD_CLUSTER;OCT26=SERIES_FORWARD_CLUSTER;DEC29=SERIES_FORWARD_CLUSTER;DEC26=PUT_CALL_PARITY;NOV26=SERIES_FORWARD_CLUSTER;MAR27=SERIES_FORWARD_CLUSTER;JUN27=SERIES_FORWARD_CLUSTER;DEC28=PUT_CALL_PARITY;DEC27=PUT_CALL_PARITY,SEP26=29348.75;AUG26=29412.5;OCT26=30137.875;DEC29=28924;DEC26=20179.125;NOV26=31093;MAR27=24435.5;JUN27=24130.625;DEC28=19739;DEC27=18304.5,DEC26=GLOBAL_REFERENCE_OUTLIER_PUT_CALL_PARITY;DEC28=GLOBAL_REFERENCE_OUTLIER_SERIES_FORWARD_CLUSTER;DEC27=GLOBAL_REFERENCE_OUTLIER_SERIES_FORWARD_CLUSTER,WEIGHTED_ATM,2026-09-04,6,130,0.0,NONE,4660,4136,0,0,517,NONE,MN1;MN2;MN3;MN4;MN5;QMW;QRW;QTW;QWW,OK,NONE,NONE,2026-08-26
NAS,29730.0,373112.1388180311,0.043129606740071394,0.0,0.0,0.0,0.0,0.0,0.0,29723.678287786784,28973.821712213216,30098.60657557357,28598.89342442643,SEP26,AUG26,2026-08-28,2026-09-18,29348.75,29335.60827616128,FOUND,DEGRADED,SPOT_MONTH_FALLBACK;ESTIMATED_EXPIRY_ALIAS,2026-08-02.2,PUT_CALL_PARITY,SEP26,SEP26=PUT_CALL_PARITY;AUG26=SERIES_FORWARD_CLUSTER;OCT26=SERIES_FORWARD_CLUSTER;DEC29=SERIES_FORWARD_CLUSTER;DEC26=PUT_CALL_PARITY;NOV26=SERIES_FORWARD_CLUSTER;MAR27=SERIES_FORWARD_CLUSTER;JUN27=SERIES_FORWARD_CLUSTER;DEC28=PUT_CALL_PARITY;DEC27=PUT_CALL_PARITY,SEP26=29348.75;AUG26=29412.5;OCT26=30137.875;DEC29=28924;DEC26=20179.125;NOV26=31093;MAR27=24435.5;JUN27=24130.625;DEC28=19739;DEC27=18304.5,DEC26=GLOBAL_REFERENCE_OUTLIER_PUT_CALL_PARITY;DEC28=GLOBAL_REFERENCE_OUTLIER_SERIES_FORWARD_CLUSTER;DEC27=GLOBAL_REFERENCE_OUTLIER_SERIES_FORWARD_CLUSTER,WEIGHTED_ATM,2026-09-04,6,130,0.0,NONE,4660,4136,0,0,517,NONE,MN1;MN2;MN3;MN4;MN5;QMW;QRW;QTW;QWW,OK,NONE,NONE,2026-08-26
NAS,29740.0,830060.4167939147,0.09595018661207708,0.0,0.0,0.0,0.0,0.0,0.0,29723.678287786784,28973.821712213216,30098.60657557357,28598.89342442643,SEP26,AUG26,2026-08-28,2026-09-18,29348.75,29335.60827616128,FOUND,DEGRADED,SPOT_MONTH_FALLBACK;ESTIMATED_EXPIRY_ALIAS,2026-08-02.2,PUT_CALL_PARITY,SEP26,SEP26=PUT_CALL_PARITY;AUG26=SERIES_FORWARD_CLUSTER;OCT26=SERIES_FORWARD_CLUSTER;DEC29=SERIES_FORWARD_CLUSTER;DEC26=PUT_CALL_PARITY;NOV26=SERIES_FORWARD_CLUSTER;MAR27=SERIES_FORWARD_CLUSTER;JUN27=SERIES_FORWARD_CLUSTER;DEC28=PUT_CALL_PARITY;DEC27=PUT_CALL_PARITY,SEP26=29348.75;AUG26=29412.5;OCT26=30137.875;DEC29=28924;DEC26=20179.125;NOV26=31093;MAR27=24435.5;JUN27=24130.625;DEC28=19739;DEC27=18304.5,DEC26=GLOBAL_REFERENCE_OUTLIER_PUT_CALL_PARITY;DEC28=GLOBAL_REFERENCE_OUTLIER_SERIES_FORWARD_CLUSTER;DEC27=GLOBAL_REFERENCE_OUTLIER_SERIES_FORWARD_CLUSTER,WEIGHTED_ATM,2026-09-04,6,130,0.0,NONE,4660,4136,0,0,517,NONE,MN1;MN2;MN3;MN4;MN5;QMW;QRW;QTW;QWW,OK,NONE,NONE,2026-08-26
NAS,29750.0,19147910.968531284,12.404627289749717,0.0,0.0,0.0,0.0,0.0,0.0,29723.678287786784,28973.821712213216,30098.60657557357,28598.89342442643,SEP26,AUG26,2026-08-28,2026-09-18,29348.75,29335.60827616128,FOUND,DEGRADED,SPOT_MONTH_FALLBACK;ESTIMATED_EXPIRY_ALIAS,2026-08-02.2,PUT_CALL_PARITY,SEP26,SEP26=PUT_CALL_PARITY;AUG26=SERIES_FORWARD_CLUSTER;OCT26=SERIES_FORWARD_CLUSTER;DEC29=SERIES_FORWARD_CLUSTER;DEC26=PUT_CALL_PARITY;NOV26=SERIES_FORWARD_CLUSTER;MAR27=SERIES_FORWARD_CLUSTER;JUN27=SERIES_FORWARD_CLUSTER;DEC28=PUT_CALL_PARITY;DEC27=PUT_CALL_PARITY,SEP26=29348.75;AUG26=29412.5;OCT26=30137.875;DEC29=28924;DEC26=20179.125;NOV26=31093;MAR27=24435.5;JUN27=24130.625;DEC28=19739;DEC27=18304.5,DEC26=GLOBAL_REFERENCE_OUTLIER_PUT_CALL_PARITY;DEC28=GLOBAL_REFERENCE_OUTLIER_SERIES_FORWARD_CLUSTER;DEC27=GLOBAL_REFERENCE_OUTLIER_SERIES_FORWARD_CLUSTER,WEIGHTED_ATM,2026-09-04,6,130,0.0,NONE,4660,4136,0,0,517,NONE,MN1;MN2;MN3;MN4;MN5;QMW;QRW;QTW;QWW,OK,NONE,NONE,2026-08-26
NAS,29760.0,639922.1533111162,0.0739713023114174,0.0,0.0,0.0,0.0,0.0,0.0,29723.678287786784,28973.821712213216,30098.60657557357,28598.89342442643,SEP26,AUG26,2026-08-28,2026-09-18,29348.75,29335.60827616128,FOUND,DEGRADED,SPOT_MONTH_FALLBACK;ESTIMATED_EXPIRY_ALIAS,2026-08-02.2,PUT_CALL_PARITY,SEP26,SEP26=PUT_CALL_PARITY;AUG26=SERIES_FORWARD_CLUSTER;OCT26=SERIES_FORWARD_CLUSTER;DEC29=SERIES_FORWARD_CLUSTER;DEC26=PUT_CALL_PARITY;NOV26=SERIES_FORWARD_CLUSTER;MAR27=SERIES_FORWARD_CLUSTER;JUN27=SERIES_FORWARD_CLUSTER;DEC28=PUT_CALL_PARITY;DEC27=PUT_CALL_PARITY,SEP26=29348.75;AUG26=29412.5;OCT26=30137.875;DEC29=28924;DEC26=20179.125;NOV26=31093;MAR27=24435.5;JUN27=24130.625;DEC28=19739;DEC27=18304.5,DEC26=GLOBAL_REFERENCE_OUTLIER_PUT_CALL_PARITY;DEC28=GLOBAL_REFERENCE_OUTLIER_SERIES_FORWARD_CLUSTER;DEC27=GLOBAL_REFERENCE_OUTLIER_SERIES_FORWARD_CLUSTER,WEIGHTED_ATM,2026-09-04,6,130,0.0,NONE,4660,4136,0,0,517,NONE,MN1;MN2;MN3;MN4;MN5;QMW;QRW;QTW;QWW,OK,NONE,NONE,2026-08-26
NAS,29770.0,3322248.7098281267,0.384032748978662,0.0,0.0,0.0,0.0,0.0,0.0,29723.678287786784,28973.821712213216,30098.60657557357,28598.89342442643,SEP26,AUG26,2026-08-28,2026-09-18,29348.75,29335.60827616128,FOUND,DEGRADED,SPOT_MONTH_FALLBACK;ESTIMATED_EXPIRY_ALIAS,2026-08-02.2,PUT_CALL_PARITY,SEP26,SEP26=PUT_CALL_PARITY;AUG26=SERIES_FORWARD_CLUSTER;OCT26=SERIES_FORWARD_CLUSTER;DEC29=SERIES_FORWARD_CLUSTER;DEC26=PUT_CALL_PARITY;NOV26=SERIES_FORWARD_CLUSTER;MAR27=SERIES_FORWARD_CLUSTER;JUN27=SERIES_FORWARD_CLUSTER;DEC28=PUT_CALL_PARITY;DEC27=PUT_CALL_PARITY,SEP26=29348.75;AUG26=29412.5;OCT26=30137.875;DEC29=28924;DEC26=20179.125;NOV26=31093;MAR27=24435.5;JUN27=24130.625;DEC28=19739;DEC27=18304.5,DEC26=GLOBAL_REFERENCE_OUTLIER_PUT_CALL_PARITY;DEC28=GLOBAL_REFERENCE_OUTLIER_SERIES_FORWARD_CLUSTER;DEC27=GLOBAL_REFERENCE_OUTLIER_SERIES_FORWARD_CLUSTER,WEIGHTED_ATM,2026-09-04,6,130,0.0,NONE,4660,4136,0,0,517,NONE,MN1;MN2;MN3;MN4;MN5;QMW;QRW;QTW;QWW,OK,NONE,NONE,2026-08-26
NAS,29775.0,6134839.59830256,0.7102907439359827,0.0,0.0,0.0,0.0,0.0,0.0,29723.678287786784,28973.821712213216,30098.60657557357,28598.89342442643,SEP26,AUG26,2026-08-28,2026-09-18,29348.75,29335.60827616128,FOUND,DEGRADED,SPOT_MONTH_FALLBACK;ESTIMATED_EXPIRY_ALIAS,2026-08-02.2,PUT_CALL_PARITY,SEP26,SEP26=PUT_CALL_PARITY;AUG26=SERIES_FORWARD_CLUSTER;OCT26=SERIES_FORWARD_CLUSTER;DEC29=SERIES_FORWARD_CLUSTER;DEC26=PUT_CALL_PARITY;NOV26=SERIES_FORWARD_CLUSTER;MAR27=SERIES_FORWARD_CLUSTER;JUN27=SERIES_FORWARD_CLUSTER;DEC28=PUT_CALL_PARITY;DEC27=PUT_CALL_PARITY,SEP26=29348.75;AUG26=29412.5;OCT26=30137.875;DEC29=28924;DEC26=20179.125;NOV26=31093;MAR27=24435.5;JUN27=24130.625;DEC28=19739;DEC27=18304.5,DEC26=GLOBAL_REFERENCE_OUTLIER_PUT_CALL_PARITY;DEC28=GLOBAL_REFERENCE_OUTLIER_SERIES_FORWARD_CLUSTER;DEC27=GLOBAL_REFERENCE_OUTLIER_SERIES_FORWARD_CLUSTER,WEIGHTED_ATM,2026-09-04,6,130,0.0,NONE,4660,4136,0,0,517,NONE,MN1;MN2;MN3;MN4;MN5;QMW;QRW;QTW;QWW,OK,NONE,NONE,2026-08-26
NAS,29780.0,190792.5870558716,0.02205452032385849,0.0,0.0,0.0,0.0,0.0,0.0,29723.678287786784,28973.821712213216,30098.60657557357,28598.89342442643,SEP26,AUG26,2026-08-28,2026-09-18,29348.75,29335.60827616128,FOUND,DEGRADED,SPOT_MONTH_FALLBACK;ESTIMATED_EXPIRY_ALIAS,2026-08-02.2,PUT_CALL_PARITY,SEP26,SEP26=PUT_CALL_PARITY;AUG26=SERIES_FORWARD_CLUSTER;OCT26=SERIES_FORWARD_CLUSTER;DEC29=SERIES_FORWARD_CLUSTER;DEC26=PUT_CALL_PARITY;NOV26=SERIES_FORWARD_CLUSTER;MAR27=SERIES_FORWARD_CLUSTER;JUN27=SERIES_FORWARD_CLUSTER;DEC28=PUT_CALL_PARITY;DEC27=PUT_CALL_PARITY,SEP26=29348.75;AUG26=29412.5;OCT26=30137.875;DEC29=28924;DEC26=20179.125;NOV26=31093;MAR27=24435.5;JUN27=24130.625;DEC28=19739;DEC27=18304.5,DEC26=GLOBAL_REFERENCE_OUTLIER_PUT_CALL_PARITY;DEC28=GLOBAL_REFERENCE_OUTLIER_SERIES_FORWARD_CLUSTER;DEC27=GLOBAL_REFERENCE_OUTLIER_SERIES_FORWARD_CLUSTER,WEIGHTED_ATM,2026-09-04,6,130,0.0,NONE,4660,4136,0,0,517,NONE,MN1;MN2;MN3;MN4;MN5;QMW;QRW;QTW;QWW,OK,NONE,NONE,2026-08-26
NAS,29790.0,2299844.5600784062,0.26584873854198116,0.0,0.0,0.0,0.0,0.0,0.0,29723.678287786784,28973.821712213216,30098.60657557357,28598.89342442643,SEP26,AUG26,2026-08-28,2026-09-18,29348.75,29335.60827616128,FOUND,DEGRADED,SPOT_MONTH_FALLBACK;ESTIMATED_EXPIRY_ALIAS,2026-08-02.2,PUT_CALL_PARITY,SEP26,SEP26=PUT_CALL_PARITY;AUG26=SERIES_FORWARD_CLUSTER;OCT26=SERIES_FORWARD_CLUSTER;DEC29=SERIES_FORWARD_CLUSTER;DEC26=PUT_CALL_PARITY;NOV26=SERIES_FORWARD_CLUSTER;MAR27=SERIES_FORWARD_CLUSTER;JUN27=SERIES_FORWARD_CLUSTER;DEC28=PUT_CALL_PARITY;DEC27=PUT_CALL_PARITY,SEP26=29348.75;AUG26=29412.5;OCT26=30137.875;DEC29=28924;DEC26=20179.125;NOV26=31093;MAR27=24435.5;JUN27=24130.625;DEC28=19739;DEC27=18304.5,DEC26=GLOBAL_REFERENCE_OUTLIER_PUT_CALL_PARITY;DEC28=GLOBAL_REFERENCE_OUTLIER_SERIES_FORWARD_CLUSTER;DEC27=GLOBAL_REFERENCE_OUTLIER_SERIES_FORWARD_CLUSTER,WEIGHTED_ATM,2026-09-04,6,130,0.0,NONE,4660,4136,0,0,517,NONE,MN1;MN2;MN3;MN4;MN5;QMW;QRW;QTW;QWW,OK,NONE,NONE,2026-08-26
NAS,29800.0,43681560.46283498,9.171360989107905,0.0,0.0,0.0,0.0,0.0,0.0,29723.678287786784,28973.821712213216,30098.60657557357,28598.89342442643,SEP26,AUG26,2026-08-28,2026-09-18,29348.75,29335.60827616128,FOUND,DEGRADED,SPOT_MONTH_FALLBACK;ESTIMATED_EXPIRY_ALIAS,2026-08-02.2,PUT_CALL_PARITY,SEP26,SEP26=PUT_CALL_PARITY;AUG26=SERIES_FORWARD_CLUSTER;OCT26=SERIES_FORWARD_CLUSTER;DEC29=SERIES_FORWARD_CLUSTER;DEC26=PUT_CALL_PARITY;NOV26=SERIES_FORWARD_CLUSTER;MAR27=SERIES_FORWARD_CLUSTER;JUN27=SERIES_FORWARD_CLUSTER;DEC28=PUT_CALL_PARITY;DEC27=PUT_CALL_PARITY,SEP26=29348.75;AUG26=29412.5;OCT26=30137.875;DEC29=28924;DEC26=20179.125;NOV26=31093;MAR27=24435.5;JUN27=24130.625;DEC28=19739;DEC27=18304.5,DEC26=GLOBAL_REFERENCE_OUTLIER_PUT_CALL_PARITY;DEC28=GLOBAL_REFERENCE_OUTLIER_SERIES_FORWARD_CLUSTER;DEC27=GLOBAL_REFERENCE_OUTLIER_SERIES_FORWARD_CLUSTER,WEIGHTED_ATM,2026-09-04,6,130,0.0,NONE,4660,4136,0,0,517,NONE,MN1;MN2;MN3;MN4;MN5;QMW;QRW;QTW;QWW,OK,NONE,NONE,2026-08-26
NAS,29810.0,481857.9886101749,0.05569999844860129,0.0,0.0,0.0,0.0,0.0,0.0,29723.678287786784,28973.821712213216,30098.60657557357,28598.89342442643,SEP26,AUG26,2026-08-28,2026-09-18,29348.75,29335.60827616128,FOUND,DEGRADED,SPOT_MONTH_FALLBACK;ESTIMATED_EXPIRY_ALIAS,2026-08-02.2,PUT_CALL_PARITY,SEP26,SEP26=PUT_CALL_PARITY;AUG26=SERIES_FORWARD_CLUSTER;OCT26=SERIES_FORWARD_CLUSTER;DEC29=SERIES_FORWARD_CLUSTER;DEC26=PUT_CALL_PARITY;NOV26=SERIES_FORWARD_CLUSTER;MAR27=SERIES_FORWARD_CLUSTER;JUN27=SERIES_FORWARD_CLUSTER;DEC28=PUT_CALL_PARITY;DEC27=PUT_CALL_PARITY,SEP26=29348.75;AUG26=29412.5;OCT26=30137.875;DEC29=28924;DEC26=20179.125;NOV26=31093;MAR27=24435.5;JUN27=24130.625;DEC28=19739;DEC27=18304.5,DEC26=GLOBAL_REFERENCE_OUTLIER_PUT_CALL_PARITY;DEC28=GLOBAL_REFERENCE_OUTLIER_SERIES_FORWARD_CLUSTER;DEC27=GLOBAL_REFERENCE_OUTLIER_SERIES_FORWARD_CLUSTER,WEIGHTED_ATM,2026-09-04,6,130,0.0,NONE,4660,4136,0,0,517,NONE,MN1;MN2;MN3;MN4;MN5;QMW;QRW;QTW;QWW,OK,NONE,NONE,2026-08-26
NAS,29820.0,832378.0948625181,0.09621809680113072,0.0,0.0,0.0,0.0,0.0,0.0,29723.678287786784,28973.821712213216,30098.60657557357,28598.89342442643,SEP26,AUG26,2026-08-28,2026-09-18,29348.75,29335.60827616128,FOUND,DEGRADED,SPOT_MONTH_FALLBACK;ESTIMATED_EXPIRY_ALIAS,2026-08-02.2,PUT_CALL_PARITY,SEP26,SEP26=PUT_CALL_PARITY;AUG26=SERIES_FORWARD_CLUSTER;OCT26=SERIES_FORWARD_CLUSTER;DEC29=SERIES_FORWARD_CLUSTER;DEC26=PUT_CALL_PARITY;NOV26=SERIES_FORWARD_CLUSTER;MAR27=SERIES_FORWARD_CLUSTER;JUN27=SERIES_FORWARD_CLUSTER;DEC28=PUT_CALL_PARITY;DEC27=PUT_CALL_PARITY,SEP26=29348.75;AUG26=29412.5;OCT26=30137.875;DEC29=28924;DEC26=20179.125;NOV26=31093;MAR27=24435.5;JUN27=24130.625;DEC28=19739;DEC27=18304.5,DEC26=GLOBAL_REFERENCE_OUTLIER_PUT_CALL_PARITY;DEC28=GLOBAL_REFERENCE_OUTLIER_SERIES_FORWARD_CLUSTER;DEC27=GLOBAL_REFERENCE_OUTLIER_SERIES_FORWARD_CLUSTER,WEIGHTED_ATM,2026-09-04,6,130,0.0,NONE,4660,4136,0,0,517,NONE,MN1;MN2;MN3;MN4;MN5;QMW;QRW;QTW;QWW,OK,NONE,NONE,2026-08-26
NAS,29825.0,4305854.808113931,0.6246674748715094,0.0,0.0,0.0,0.0,0.0,0.0,29723.678287786784,28973.821712213216,30098.60657557357,28598.89342442643,SEP26,AUG26,2026-08-28,2026-09-18,29348.75,29335.60827616128,FOUND,DEGRADED,SPOT_MONTH_FALLBACK;ESTIMATED_EXPIRY_ALIAS,2026-08-02.2,PUT_CALL_PARITY,SEP26,SEP26=PUT_CALL_PARITY;AUG26=SERIES_FORWARD_CLUSTER;OCT26=SERIES_FORWARD_CLUSTER;DEC29=SERIES_FORWARD_CLUSTER;DEC26=PUT_CALL_PARITY;NOV26=SERIES_FORWARD_CLUSTER;MAR27=SERIES_FORWARD_CLUSTER;JUN27=SERIES_FORWARD_CLUSTER;DEC28=PUT_CALL_PARITY;DEC27=PUT_CALL_PARITY,SEP26=29348.75;AUG26=29412.5;OCT26=30137.875;DEC29=28924;DEC26=20179.125;NOV26=31093;MAR27=24435.5;JUN27=24130.625;DEC28=19739;DEC27=18304.5,DEC26=GLOBAL_REFERENCE_OUTLIER_PUT_CALL_PARITY;DEC28=GLOBAL_REFERENCE_OUTLIER_SERIES_FORWARD_CLUSTER;DEC27=GLOBAL_REFERENCE_OUTLIER_SERIES_FORWARD_CLUSTER,WEIGHTED_ATM,2026-09-04,6,130,0.0,NONE,4660,4136,0,0,517,NONE,MN1;MN2;MN3;MN4;MN5;QMW;QRW;QTW;QWW,OK,NONE,NONE,2026-08-26
NAS,29830.0,1663947.6412832444,0.19234273007562508,0.0,0.0,0.0,0.0,0.0,0.0,29723.678287786784,28973.821712213216,30098.60657557357,28598.89342442643,SEP26,AUG26,2026-08-28,2026-09-18,29348.75,29335.60827616128,FOUND,DEGRADED,SPOT_MONTH_FALLBACK;ESTIMATED_EXPIRY_ALIAS,2026-08-02.2,PUT_CALL_PARITY,SEP26,SEP26=PUT_CALL_PARITY;AUG26=SERIES_FORWARD_CLUSTER;OCT26=SERIES_FORWARD_CLUSTER;DEC29=SERIES_FORWARD_CLUSTER;DEC26=PUT_CALL_PARITY;NOV26=SERIES_FORWARD_CLUSTER;MAR27=SERIES_FORWARD_CLUSTER;JUN27=SERIES_FORWARD_CLUSTER;DEC28=PUT_CALL_PARITY;DEC27=PUT_CALL_PARITY,SEP26=29348.75;AUG26=29412.5;OCT26=30137.875;DEC29=28924;DEC26=20179.125;NOV26=31093;MAR27=24435.5;JUN27=24130.625;DEC28=19739;DEC27=18304.5,DEC26=GLOBAL_REFERENCE_OUTLIER_PUT_CALL_PARITY;DEC28=GLOBAL_REFERENCE_OUTLIER_SERIES_FORWARD_CLUSTER;DEC27=GLOBAL_REFERENCE_OUTLIER_SERIES_FORWARD_CLUSTER,WEIGHTED_ATM,2026-09-04,6,130,0.0,NONE,4660,4136,0,0,517,NONE,MN1;MN2;MN3;MN4;MN5;QMW;QRW;QTW;QWW,OK,NONE,NONE,2026-08-26
NAS,29840.0,1630105.0757835312,0.18843072510655168,0.0,0.0,0.0,0.0,0.0,0.0,29723.678287786784,28973.821712213216,30098.60657557357,28598.89342442643,SEP26,AUG26,2026-08-28,2026-09-18,29348.75,29335.60827616128,FOUND,DEGRADED,SPOT_MONTH_FALLBACK;ESTIMATED_EXPIRY_ALIAS,2026-08-02.2,PUT_CALL_PARITY,SEP26,SEP26=PUT_CALL_PARITY;AUG26=SERIES_FORWARD_CLUSTER;OCT26=SERIES_FORWARD_CLUSTER;DEC29=SERIES_FORWARD_CLUSTER;DEC26=PUT_CALL_PARITY;NOV26=SERIES_FORWARD_CLUSTER;MAR27=SERIES_FORWARD_CLUSTER;JUN27=SERIES_FORWARD_CLUSTER;DEC28=PUT_CALL_PARITY;DEC27=PUT_CALL_PARITY,SEP26=29348.75;AUG26=29412.5;OCT26=30137.875;DEC29=28924;DEC26=20179.125;NOV26=31093;MAR27=24435.5;JUN27=24130.625;DEC28=19739;DEC27=18304.5,DEC26=GLOBAL_REFERENCE_OUTLIER_PUT_CALL_PARITY;DEC28=GLOBAL_REFERENCE_OUTLIER_SERIES_FORWARD_CLUSTER;DEC27=GLOBAL_REFERENCE_OUTLIER_SERIES_FORWARD_CLUSTER,WEIGHTED_ATM,2026-09-04,6,130,0.0,NONE,4660,4136,0,0,517,NONE,MN1;MN2;MN3;MN4;MN5;QMW;QRW;QTW;QWW,OK,NONE,NONE,2026-08-26
NAS,29850.0,15210850.668056307,2.587146992786324,0.0,0.0,0.0,0.0,0.0,0.0,29723.678287786784,28973.821712213216,30098.60657557357,28598.89342442643,SEP26,AUG26,2026-08-28,2026-09-18,29348.75,29335.60827616128,FOUND,DEGRADED,SPOT_MONTH_FALLBACK;ESTIMATED_EXPIRY_ALIAS,2026-08-02.2,PUT_CALL_PARITY,SEP26,SEP26=PUT_CALL_PARITY;AUG26=SERIES_FORWARD_CLUSTER;OCT26=SERIES_FORWARD_CLUSTER;DEC29=SERIES_FORWARD_CLUSTER;DEC26=PUT_CALL_PARITY;NOV26=SERIES_FORWARD_CLUSTER;MAR27=SERIES_FORWARD_CLUSTER;JUN27=SERIES_FORWARD_CLUSTER;DEC28=PUT_CALL_PARITY;DEC27=PUT_CALL_PARITY,SEP26=29348.75;AUG26=29412.5;OCT26=30137.875;DEC29=28924;DEC26=20179.125;NOV26=31093;MAR27=24435.5;JUN27=24130.625;DEC28=19739;DEC27=18304.5,DEC26=GLOBAL_REFERENCE_OUTLIER_PUT_CALL_PARITY;DEC28=GLOBAL_REFERENCE_OUTLIER_SERIES_FORWARD_CLUSTER;DEC27=GLOBAL_REFERENCE_OUTLIER_SERIES_FORWARD_CLUSTER,WEIGHTED_ATM,2026-09-04,6,130,0.0,NONE,4660,4136,0,0,517,NONE,MN1;MN2;MN3;MN4;MN5;QMW;QRW;QTW;QWW,OK,NONE,NONE,2026-08-26
NAS,29860.0,529058.9031624831,0.061156151359792466,0.0,0.0,0.0,0.0,0.0,0.0,29723.678287786784,28973.821712213216,30098.60657557357,28598.89342442643,SEP26,AUG26,2026-08-28,2026-09-18,29348.75,29335.60827616128,FOUND,DEGRADED,SPOT_MONTH_FALLBACK;ESTIMATED_EXPIRY_ALIAS,2026-08-02.2,PUT_CALL_PARITY,SEP26,SEP26=PUT_CALL_PARITY;AUG26=SERIES_FORWARD_CLUSTER;OCT26=SERIES_FORWARD_CLUSTER;DEC29=SERIES_FORWARD_CLUSTER;DEC26=PUT_CALL_PARITY;NOV26=SERIES_FORWARD_CLUSTER;MAR27=SERIES_FORWARD_CLUSTER;JUN27=SERIES_FORWARD_CLUSTER;DEC28=PUT_CALL_PARITY;DEC27=PUT_CALL_PARITY,SEP26=29348.75;AUG26=29412.5;OCT26=30137.875;DEC29=28924;DEC26=20179.125;NOV26=31093;MAR27=24435.5;JUN27=24130.625;DEC28=19739;DEC27=18304.5,DEC26=GLOBAL_REFERENCE_OUTLIER_PUT_CALL_PARITY;DEC28=GLOBAL_REFERENCE_OUTLIER_SERIES_FORWARD_CLUSTER;DEC27=GLOBAL_REFERENCE_OUTLIER_SERIES_FORWARD_CLUSTER,WEIGHTED_ATM,2026-09-04,6,130,0.0,NONE,4660,4136,0,0,517,NONE,MN1;MN2;MN3;MN4;MN5;QMW;QRW;QTW;QWW,OK,NONE,NONE,2026-08-26
NAS,29870.0,884965.9402626163,0.1022969477830337,0.0,0.0,0.0,0.0,0.0,0.0,29723.678287786784,28973.821712213216,30098.60657557357,28598.89342442643,SEP26,AUG26,2026-08-28,2026-09-18,29348.75,29335.60827616128,FOUND,DEGRADED,SPOT_MONTH_FALLBACK;ESTIMATED_EXPIRY_ALIAS,2026-08-02.2,PUT_CALL_PARITY,SEP26,SEP26=PUT_CALL_PARITY;AUG26=SERIES_FORWARD_CLUSTER;OCT26=SERIES_FORWARD_CLUSTER;DEC29=SERIES_FORWARD_CLUSTER;DEC26=PUT_CALL_PARITY;NOV26=SERIES_FORWARD_CLUSTER;MAR27=SERIES_FORWARD_CLUSTER;JUN27=SERIES_FORWARD_CLUSTER;DEC28=PUT_CALL_PARITY;DEC27=PUT_CALL_PARITY,SEP26=29348.75;AUG26=29412.5;OCT26=30137.875;DEC29=28924;DEC26=20179.125;NOV26=31093;MAR27=24435.5;JUN27=24130.625;DEC28=19739;DEC27=18304.5,DEC26=GLOBAL_REFERENCE_OUTLIER_PUT_CALL_PARITY;DEC28=GLOBAL_REFERENCE_OUTLIER_SERIES_FORWARD_CLUSTER;DEC27=GLOBAL_REFERENCE_OUTLIER_SERIES_FORWARD_CLUSTER,WEIGHTED_ATM,2026-09-04,6,130,0.0,NONE,4660,4136,0,0,517,NONE,MN1;MN2;MN3;MN4;MN5;QMW;QRW;QTW;QWW,OK,NONE,NONE,2026-08-26
NAS,29875.0,108846.20815361259,0.6385833711178606,0.0,0.0,0.0,0.0,0.0,0.0,29723.678287786784,28973.821712213216,30098.60657557357,28598.89342442643,SEP26,AUG26,2026-08-28,2026-09-18,29348.75,29335.60827616128,FOUND,DEGRADED,SPOT_MONTH_FALLBACK;ESTIMATED_EXPIRY_ALIAS,2026-08-02.2,PUT_CALL_PARITY,SEP26,SEP26=PUT_CALL_PARITY;AUG26=SERIES_FORWARD_CLUSTER;OCT26=SERIES_FORWARD_CLUSTER;DEC29=SERIES_FORWARD_CLUSTER;DEC26=PUT_CALL_PARITY;NOV26=SERIES_FORWARD_CLUSTER;MAR27=SERIES_FORWARD_CLUSTER;JUN27=SERIES_FORWARD_CLUSTER;DEC28=PUT_CALL_PARITY;DEC27=PUT_CALL_PARITY,SEP26=29348.75;AUG26=29412.5;OCT26=30137.875;DEC29=28924;DEC26=20179.125;NOV26=31093;MAR27=24435.5;JUN27=24130.625;DEC28=19739;DEC27=18304.5,DEC26=GLOBAL_REFERENCE_OUTLIER_PUT_CALL_PARITY;DEC28=GLOBAL_REFERENCE_OUTLIER_SERIES_FORWARD_CLUSTER;DEC27=GLOBAL_REFERENCE_OUTLIER_SERIES_FORWARD_CLUSTER,WEIGHTED_ATM,2026-09-04,6,130,0.0,NONE,4660,4136,0,0,517,NONE,MN1;MN2;MN3;MN4;MN5;QMW;QRW;QTW;QWW,OK,NONE,NONE,2026-08-26
NAS,29880.0,1193206.5373664645,0.1379277792443962,0.0,0.0,0.0,0.0,0.0,0.0,29723.678287786784,28973.821712213216,30098.60657557357,28598.89342442643,SEP26,AUG26,2026-08-28,2026-09-18,29348.75,29335.60827616128,FOUND,DEGRADED,SPOT_MONTH_FALLBACK;ESTIMATED_EXPIRY_ALIAS,2026-08-02.2,PUT_CALL_PARITY,SEP26,SEP26=PUT_CALL_PARITY;AUG26=SERIES_FORWARD_CLUSTER;OCT26=SERIES_FORWARD_CLUSTER;DEC29=SERIES_FORWARD_CLUSTER;DEC26=PUT_CALL_PARITY;NOV26=SERIES_FORWARD_CLUSTER;MAR27=SERIES_FORWARD_CLUSTER;JUN27=SERIES_FORWARD_CLUSTER;DEC28=PUT_CALL_PARITY;DEC27=PUT_CALL_PARITY,SEP26=29348.75;AUG26=29412.5;OCT26=30137.875;DEC29=28924;DEC26=20179.125;NOV26=31093;MAR27=24435.5;JUN27=24130.625;DEC28=19739;DEC27=18304.5,DEC26=GLOBAL_REFERENCE_OUTLIER_PUT_CALL_PARITY;DEC28=GLOBAL_REFERENCE_OUTLIER_SERIES_FORWARD_CLUSTER;DEC27=GLOBAL_REFERENCE_OUTLIER_SERIES_FORWARD_CLUSTER,WEIGHTED_ATM,2026-09-04,6,130,0.0,NONE,4660,4136,0,0,517,NONE,MN1;MN2;MN3;MN4;MN5;QMW;QRW;QTW;QWW,OK,NONE,NONE,2026-08-26
NAS,29890.0,585583.3345710587,0.06769004893166153,0.0,0.0,0.0,0.0,0.0,0.0,29723.678287786784,28973.821712213216,30098.60657557357,28598.89342442643,SEP26,AUG26,2026-08-28,2026-09-18,29348.75,29335.60827616128,FOUND,DEGRADED,SPOT_MONTH_FALLBACK;ESTIMATED_EXPIRY_ALIAS,2026-08-02.2,PUT_CALL_PARITY,SEP26,SEP26=PUT_CALL_PARITY;AUG26=SERIES_FORWARD_CLUSTER;OCT26=SERIES_FORWARD_CLUSTER;DEC29=SERIES_FORWARD_CLUSTER;DEC26=PUT_CALL_PARITY;NOV26=SERIES_FORWARD_CLUSTER;MAR27=SERIES_FORWARD_CLUSTER;JUN27=SERIES_FORWARD_CLUSTER;DEC28=PUT_CALL_PARITY;DEC27=PUT_CALL_PARITY,SEP26=29348.75;AUG26=29412.5;OCT26=30137.875;DEC29=28924;DEC26=20179.125;NOV26=31093;MAR27=24435.5;JUN27=24130.625;DEC28=19739;DEC27=18304.5,DEC26=GLOBAL_REFERENCE_OUTLIER_PUT_CALL_PARITY;DEC28=GLOBAL_REFERENCE_OUTLIER_SERIES_FORWARD_CLUSTER;DEC27=GLOBAL_REFERENCE_OUTLIER_SERIES_FORWARD_CLUSTER,WEIGHTED_ATM,2026-09-04,6,130,0.0,NONE,4660,4136,0,0,517,NONE,MN1;MN2;MN3;MN4;MN5;QMW;QRW;QTW;QWW,OK,NONE,NONE,2026-08-26
NAS,29900.0,56912318.341750965,10.372959425458486,0.0,0.0,0.0,0.0,0.0,0.0,29723.678287786784,28973.821712213216,30098.60657557357,28598.89342442643,SEP26,AUG26,2026-08-28,2026-09-18,29348.75,29335.60827616128,FOUND,DEGRADED,SPOT_MONTH_FALLBACK;ESTIMATED_EXPIRY_ALIAS,2026-08-02.2,PUT_CALL_PARITY,SEP26,SEP26=PUT_CALL_PARITY;AUG26=SERIES_FORWARD_CLUSTER;OCT26=SERIES_FORWARD_CLUSTER;DEC29=SERIES_FORWARD_CLUSTER;DEC26=PUT_CALL_PARITY;NOV26=SERIES_FORWARD_CLUSTER;MAR27=SERIES_FORWARD_CLUSTER;JUN27=SERIES_FORWARD_CLUSTER;DEC28=PUT_CALL_PARITY;DEC27=PUT_CALL_PARITY,SEP26=29348.75;AUG26=29412.5;OCT26=30137.875;DEC29=28924;DEC26=20179.125;NOV26=31093;MAR27=24435.5;JUN27=24130.625;DEC28=19739;DEC27=18304.5,DEC26=GLOBAL_REFERENCE_OUTLIER_PUT_CALL_PARITY;DEC28=GLOBAL_REFERENCE_OUTLIER_SERIES_FORWARD_CLUSTER;DEC27=GLOBAL_REFERENCE_OUTLIER_SERIES_FORWARD_CLUSTER,WEIGHTED_ATM,2026-09-04,6,130,0.0,NONE,4660,4136,0,0,517,NONE,MN1;MN2;MN3;MN4;MN5;QMW;QRW;QTW;QWW,OK,NONE,NONE,2026-08-26
NAS,29910.0,387931.4041896942,0.04484262816489376,0.0,0.0,0.0,0.0,0.0,0.0,29723.678287786784,28973.821712213216,30098.60657557357,28598.89342442643,SEP26,AUG26,2026-08-28,2026-09-18,29348.75,29335.60827616128,FOUND,DEGRADED,SPOT_MONTH_FALLBACK;ESTIMATED_EXPIRY_ALIAS,2026-08-02.2,PUT_CALL_PARITY,SEP26,SEP26=PUT_CALL_PARITY;AUG26=SERIES_FORWARD_CLUSTER;OCT26=SERIES_FORWARD_CLUSTER;DEC29=SERIES_FORWARD_CLUSTER;DEC26=PUT_CALL_PARITY;NOV26=SERIES_FORWARD_CLUSTER;MAR27=SERIES_FORWARD_CLUSTER;JUN27=SERIES_FORWARD_CLUSTER;DEC28=PUT_CALL_PARITY;DEC27=PUT_CALL_PARITY,SEP26=29348.75;AUG26=29412.5;OCT26=30137.875;DEC29=28924;DEC26=20179.125;NOV26=31093;MAR27=24435.5;JUN27=24130.625;DEC28=19739;DEC27=18304.5,DEC26=GLOBAL_REFERENCE_OUTLIER_PUT_CALL_PARITY;DEC28=GLOBAL_REFERENCE_OUTLIER_SERIES_FORWARD_CLUSTER;DEC27=GLOBAL_REFERENCE_OUTLIER_SERIES_FORWARD_CLUSTER,WEIGHTED_ATM,2026-09-04,6,130,0.0,NONE,4660,4136,0,0,517,NONE,MN1;MN2;MN3;MN4;MN5;QMW;QRW;QTW;QWW,OK,NONE,NONE,2026-08-26
NAS,29920.0,1019494.3162470823,0.13494165981654532,0.0,0.0,0.0,0.0,0.0,0.0,29723.678287786784,28973.821712213216,30098.60657557357,28598.89342442643,SEP26,AUG26,2026-08-28,2026-09-18,29348.75,29335.60827616128,FOUND,DEGRADED,SPOT_MONTH_FALLBACK;ESTIMATED_EXPIRY_ALIAS,2026-08-02.2,PUT_CALL_PARITY,SEP26,SEP26=PUT_CALL_PARITY;AUG26=SERIES_FORWARD_CLUSTER;OCT26=SERIES_FORWARD_CLUSTER;DEC29=SERIES_FORWARD_CLUSTER;DEC26=PUT_CALL_PARITY;NOV26=SERIES_FORWARD_CLUSTER;MAR27=SERIES_FORWARD_CLUSTER;JUN27=SERIES_FORWARD_CLUSTER;DEC28=PUT_CALL_PARITY;DEC27=PUT_CALL_PARITY,SEP26=29348.75;AUG26=29412.5;OCT26=30137.875;DEC29=28924;DEC26=20179.125;NOV26=31093;MAR27=24435.5;JUN27=24130.625;DEC28=19739;DEC27=18304.5,DEC26=GLOBAL_REFERENCE_OUTLIER_PUT_CALL_PARITY;DEC28=GLOBAL_REFERENCE_OUTLIER_SERIES_FORWARD_CLUSTER;DEC27=GLOBAL_REFERENCE_OUTLIER_SERIES_FORWARD_CLUSTER,WEIGHTED_ATM,2026-09-04,6,130,0.0,NONE,4660,4136,0,0,517,NONE,MN1;MN2;MN3;MN4;MN5;QMW;QRW;QTW;QWW,OK,NONE,NONE,2026-08-26
NAS,29925.0,16554440.678430803,1.921333637277051,0.0,0.0,0.0,0.0,0.0,0.0,29723.678287786784,28973.821712213216,30098.60657557357,28598.89342442643,SEP26,AUG26,2026-08-28,2026-09-18,29348.75,29335.60827616128,FOUND,DEGRADED,SPOT_MONTH_FALLBACK;ESTIMATED_EXPIRY_ALIAS,2026-08-02.2,PUT_CALL_PARITY,SEP26,SEP26=PUT_CALL_PARITY;AUG26=SERIES_FORWARD_CLUSTER;OCT26=SERIES_FORWARD_CLUSTER;DEC29=SERIES_FORWARD_CLUSTER;DEC26=PUT_CALL_PARITY;NOV26=SERIES_FORWARD_CLUSTER;MAR27=SERIES_FORWARD_CLUSTER;JUN27=SERIES_FORWARD_CLUSTER;DEC28=PUT_CALL_PARITY;DEC27=PUT_CALL_PARITY,SEP26=29348.75;AUG26=29412.5;OCT26=30137.875;DEC29=28924;DEC26=20179.125;NOV26=31093;MAR27=24435.5;JUN27=24130.625;DEC28=19739;DEC27=18304.5,DEC26=GLOBAL_REFERENCE_OUTLIER_PUT_CALL_PARITY;DEC28=GLOBAL_REFERENCE_OUTLIER_SERIES_FORWARD_CLUSTER;DEC27=GLOBAL_REFERENCE_OUTLIER_SERIES_FORWARD_CLUSTER,WEIGHTED_ATM,2026-09-04,6,130,0.0,NONE,4660,4136,0,0,517,NONE,MN1;MN2;MN3;MN4;MN5;QMW;QRW;QTW;QWW,OK,NONE,NONE,2026-08-26
NAS,29930.0,114863.074152637,0.013277507488371976,0.0,0.0,0.0,0.0,0.0,0.0,29723.678287786784,28973.821712213216,30098.60657557357,28598.89342442643,SEP26,AUG26,2026-08-28,2026-09-18,29348.75,29335.60827616128,FOUND,DEGRADED,SPOT_MONTH_FALLBACK;ESTIMATED_EXPIRY_ALIAS,2026-08-02.2,PUT_CALL_PARITY,SEP26,SEP26=PUT_CALL_PARITY;AUG26=SERIES_FORWARD_CLUSTER;OCT26=SERIES_FORWARD_CLUSTER;DEC29=SERIES_FORWARD_CLUSTER;DEC26=PUT_CALL_PARITY;NOV26=SERIES_FORWARD_CLUSTER;MAR27=SERIES_FORWARD_CLUSTER;JUN27=SERIES_FORWARD_CLUSTER;DEC28=PUT_CALL_PARITY;DEC27=PUT_CALL_PARITY,SEP26=29348.75;AUG26=29412.5;OCT26=30137.875;DEC29=28924;DEC26=20179.125;NOV26=31093;MAR27=24435.5;JUN27=24130.625;DEC28=19739;DEC27=18304.5,DEC26=GLOBAL_REFERENCE_OUTLIER_PUT_CALL_PARITY;DEC28=GLOBAL_REFERENCE_OUTLIER_SERIES_FORWARD_CLUSTER;DEC27=GLOBAL_REFERENCE_OUTLIER_SERIES_FORWARD_CLUSTER,WEIGHTED_ATM,2026-09-04,6,130,0.0,NONE,4660,4136,0,0,517,NONE,MN1;MN2;MN3;MN4;MN5;QMW;QRW;QTW;QWW,OK,NONE,NONE,2026-08-26
NAS,29940.0,286017.36107256665,0.0330619538216339,0.0,0.0,0.0,0.0,0.0,0.0,29723.678287786784,28973.821712213216,30098.60657557357,28598.89342442643,SEP26,AUG26,2026-08-28,2026-09-18,29348.75,29335.60827616128,FOUND,DEGRADED,SPOT_MONTH_FALLBACK;ESTIMATED_EXPIRY_ALIAS,2026-08-02.2,PUT_CALL_PARITY,SEP26,SEP26=PUT_CALL_PARITY;AUG26=SERIES_FORWARD_CLUSTER;OCT26=SERIES_FORWARD_CLUSTER;DEC29=SERIES_FORWARD_CLUSTER;DEC26=PUT_CALL_PARITY;NOV26=SERIES_FORWARD_CLUSTER;MAR27=SERIES_FORWARD_CLUSTER;JUN27=SERIES_FORWARD_CLUSTER;DEC28=PUT_CALL_PARITY;DEC27=PUT_CALL_PARITY,SEP26=29348.75;AUG26=29412.5;OCT26=30137.875;DEC29=28924;DEC26=20179.125;NOV26=31093;MAR27=24435.5;JUN27=24130.625;DEC28=19739;DEC27=18304.5,DEC26=GLOBAL_REFERENCE_OUTLIER_PUT_CALL_PARITY;DEC28=GLOBAL_REFERENCE_OUTLIER_SERIES_FORWARD_CLUSTER;DEC27=GLOBAL_REFERENCE_OUTLIER_SERIES_FORWARD_CLUSTER,WEIGHTED_ATM,2026-09-04,6,130,0.0,NONE,4660,4136,0,0,517,NONE,MN1;MN2;MN3;MN4;MN5;QMW;QRW;QTW;QWW,OK,NONE,NONE,2026-08-26
NAS,29950.0,16437870.7550286,2.6815416694271423,0.0,0.0,0.0,0.0,0.0,0.0,29723.678287786784,28973.821712213216,30098.60657557357,28598.89342442643,SEP26,AUG26,2026-08-28,2026-09-18,29348.75,29335.60827616128,FOUND,DEGRADED,SPOT_MONTH_FALLBACK;ESTIMATED_EXPIRY_ALIAS,2026-08-02.2,PUT_CALL_PARITY,SEP26,SEP26=PUT_CALL_PARITY;AUG26=SERIES_FORWARD_CLUSTER;OCT26=SERIES_FORWARD_CLUSTER;DEC29=SERIES_FORWARD_CLUSTER;DEC26=PUT_CALL_PARITY;NOV26=SERIES_FORWARD_CLUSTER;MAR27=SERIES_FORWARD_CLUSTER;JUN27=SERIES_FORWARD_CLUSTER;DEC28=PUT_CALL_PARITY;DEC27=PUT_CALL_PARITY,SEP26=29348.75;AUG26=29412.5;OCT26=30137.875;DEC29=28924;DEC26=20179.125;NOV26=31093;MAR27=24435.5;JUN27=24130.625;DEC28=19739;DEC27=18304.5,DEC26=GLOBAL_REFERENCE_OUTLIER_PUT_CALL_PARITY;DEC28=GLOBAL_REFERENCE_OUTLIER_SERIES_FORWARD_CLUSTER;DEC27=GLOBAL_REFERENCE_OUTLIER_SERIES_FORWARD_CLUSTER,WEIGHTED_ATM,2026-09-04,6,130,0.0,NONE,4660,4136,0,0,517,NONE,MN1;MN2;MN3;MN4;MN5;QMW;QRW;QTW;QWW,OK,NONE,NONE,2026-08-26
NAS,29960.0,447287.65230183536,0.051703867380408226,0.0,0.0,0.0,0.0,0.0,0.0,29723.678287786784,28973.821712213216,30098.60657557357,28598.89342442643,SEP26,AUG26,2026-08-28,2026-09-18,29348.75,29335.60827616128,FOUND,DEGRADED,SPOT_MONTH_FALLBACK;ESTIMATED_EXPIRY_ALIAS,2026-08-02.2,PUT_CALL_PARITY,SEP26,SEP26=PUT_CALL_PARITY;AUG26=SERIES_FORWARD_CLUSTER;OCT26=SERIES_FORWARD_CLUSTER;DEC29=SERIES_FORWARD_CLUSTER;DEC26=PUT_CALL_PARITY;NOV26=SERIES_FORWARD_CLUSTER;MAR27=SERIES_FORWARD_CLUSTER;JUN27=SERIES_FORWARD_CLUSTER;DEC28=PUT_CALL_PARITY;DEC27=PUT_CALL_PARITY,SEP26=29348.75;AUG26=29412.5;OCT26=30137.875;DEC29=28924;DEC26=20179.125;NOV26=31093;MAR27=24435.5;JUN27=24130.625;DEC28=19739;DEC27=18304.5,DEC26=GLOBAL_REFERENCE_OUTLIER_PUT_CALL_PARITY;DEC28=GLOBAL_REFERENCE_OUTLIER_SERIES_FORWARD_CLUSTER;DEC27=GLOBAL_REFERENCE_OUTLIER_SERIES_FORWARD_CLUSTER,WEIGHTED_ATM,2026-09-04,6,130,0.0,NONE,4660,4136,0,0,517,NONE,MN1;MN2;MN3;MN4;MN5;QMW;QRW;QTW;QWW,OK,NONE,NONE,2026-08-26
NAS,29970.0,239235.84954015826,0.027654281475484595,0.0,0.0,0.0,0.0,0.0,0.0,29723.678287786784,28973.821712213216,30098.60657557357,28598.89342442643,SEP26,AUG26,2026-08-28,2026-09-18,29348.75,29335.60827616128,FOUND,DEGRADED,SPOT_MONTH_FALLBACK;ESTIMATED_EXPIRY_ALIAS,2026-08-02.2,PUT_CALL_PARITY,SEP26,SEP26=PUT_CALL_PARITY;AUG26=SERIES_FORWARD_CLUSTER;OCT26=SERIES_FORWARD_CLUSTER;DEC29=SERIES_FORWARD_CLUSTER;DEC26=PUT_CALL_PARITY;NOV26=SERIES_FORWARD_CLUSTER;MAR27=SERIES_FORWARD_CLUSTER;JUN27=SERIES_FORWARD_CLUSTER;DEC28=PUT_CALL_PARITY;DEC27=PUT_CALL_PARITY,SEP26=29348.75;AUG26=29412.5;OCT26=30137.875;DEC29=28924;DEC26=20179.125;NOV26=31093;MAR27=24435.5;JUN27=24130.625;DEC28=19739;DEC27=18304.5,DEC26=GLOBAL_REFERENCE_OUTLIER_PUT_CALL_PARITY;DEC28=GLOBAL_REFERENCE_OUTLIER_SERIES_FORWARD_CLUSTER;DEC27=GLOBAL_REFERENCE_OUTLIER_SERIES_FORWARD_CLUSTER,WEIGHTED_ATM,2026-09-04,6,130,0.0,NONE,4660,4136,0,0,517,NONE,MN1;MN2;MN3;MN4;MN5;QMW;QRW;QTW;QWW,OK,NONE,NONE,2026-08-26
NAS,29975.0,2776374.883520014,0.3361830344816449,0.0,0.0,0.0,0.0,0.0,0.0,29723.678287786784,28973.821712213216,30098.60657557357,28598.89342442643,SEP26,AUG26,2026-08-28,2026-09-18,29348.75,29335.60827616128,FOUND,DEGRADED,SPOT_MONTH_FALLBACK;ESTIMATED_EXPIRY_ALIAS,2026-08-02.2,PUT_CALL_PARITY,SEP26,SEP26=PUT_CALL_PARITY;AUG26=SERIES_FORWARD_CLUSTER;OCT26=SERIES_FORWARD_CLUSTER;DEC29=SERIES_FORWARD_CLUSTER;DEC26=PUT_CALL_PARITY;NOV26=SERIES_FORWARD_CLUSTER;MAR27=SERIES_FORWARD_CLUSTER;JUN27=SERIES_FORWARD_CLUSTER;DEC28=PUT_CALL_PARITY;DEC27=PUT_CALL_PARITY,SEP26=29348.75;AUG26=29412.5;OCT26=30137.875;DEC29=28924;DEC26=20179.125;NOV26=31093;MAR27=24435.5;JUN27=24130.625;DEC28=19739;DEC27=18304.5,DEC26=GLOBAL_REFERENCE_OUTLIER_PUT_CALL_PARITY;DEC28=GLOBAL_REFERENCE_OUTLIER_SERIES_FORWARD_CLUSTER;DEC27=GLOBAL_REFERENCE_OUTLIER_SERIES_FORWARD_CLUSTER,WEIGHTED_ATM,2026-09-04,6,130,0.0,NONE,4660,4136,0,0,517,NONE,MN1;MN2;MN3;MN4;MN5;QMW;QRW;QTW;QWW,OK,NONE,NONE,2026-08-26
NAS,29980.0,297756.266052086,0.034418903388939874,0.0,0.0,0.0,0.0,0.0,0.0,29723.678287786784,28973.821712213216,30098.60657557357,28598.89342442643,SEP26,AUG26,2026-08-28,2026-09-18,29348.75,29335.60827616128,FOUND,DEGRADED,SPOT_MONTH_FALLBACK;ESTIMATED_EXPIRY_ALIAS,2026-08-02.2,PUT_CALL_PARITY,SEP26,SEP26=PUT_CALL_PARITY;AUG26=SERIES_FORWARD_CLUSTER;OCT26=SERIES_FORWARD_CLUSTER;DEC29=SERIES_FORWARD_CLUSTER;DEC26=PUT_CALL_PARITY;NOV26=SERIES_FORWARD_CLUSTER;MAR27=SERIES_FORWARD_CLUSTER;JUN27=SERIES_FORWARD_CLUSTER;DEC28=PUT_CALL_PARITY;DEC27=PUT_CALL_PARITY,SEP26=29348.75;AUG26=29412.5;OCT26=30137.875;DEC29=28924;DEC26=20179.125;NOV26=31093;MAR27=24435.5;JUN27=24130.625;DEC28=19739;DEC27=18304.5,DEC26=GLOBAL_REFERENCE_OUTLIER_PUT_CALL_PARITY;DEC28=GLOBAL_REFERENCE_OUTLIER_SERIES_FORWARD_CLUSTER;DEC27=GLOBAL_REFERENCE_OUTLIER_SERIES_FORWARD_CLUSTER,WEIGHTED_ATM,2026-09-04,6,130,0.0,NONE,4660,4136,0,0,517,NONE,MN1;MN2;MN3;MN4;MN5;QMW;QRW;QTW;QWW,OK,NONE,NONE,2026-08-26
NAS,29990.0,368374.19528515526,0.04258192785195764,0.0,0.0,0.0,0.0,0.0,0.0,29723.678287786784,28973.821712213216,30098.60657557357,28598.89342442643,SEP26,AUG26,2026-08-28,2026-09-18,29348.75,29335.60827616128,FOUND,DEGRADED,SPOT_MONTH_FALLBACK;ESTIMATED_EXPIRY_ALIAS,2026-08-02.2,PUT_CALL_PARITY,SEP26,SEP26=PUT_CALL_PARITY;AUG26=SERIES_FORWARD_CLUSTER;OCT26=SERIES_FORWARD_CLUSTER;DEC29=SERIES_FORWARD_CLUSTER;DEC26=PUT_CALL_PARITY;NOV26=SERIES_FORWARD_CLUSTER;MAR27=SERIES_FORWARD_CLUSTER;JUN27=SERIES_FORWARD_CLUSTER;DEC28=PUT_CALL_PARITY;DEC27=PUT_CALL_PARITY,SEP26=29348.75;AUG26=29412.5;OCT26=30137.875;DEC29=28924;DEC26=20179.125;NOV26=31093;MAR27=24435.5;JUN27=24130.625;DEC28=19739;DEC27=18304.5,DEC26=GLOBAL_REFERENCE_OUTLIER_PUT_CALL_PARITY;DEC28=GLOBAL_REFERENCE_OUTLIER_SERIES_FORWARD_CLUSTER;DEC27=GLOBAL_REFERENCE_OUTLIER_SERIES_FORWARD_CLUSTER,WEIGHTED_ATM,2026-09-04,6,130,0.0,NONE,4660,4136,0,0,517,NONE,MN1;MN2;MN3;MN4;MN5;QMW;QRW;QTW;QWW,OK,NONE,NONE,2026-08-26
NAS,30000.0,140915927.75537467,34.770384591057066,0.0,0.0,0.0,0.0,0.0,0.0,29723.678287786784,28973.821712213216,30098.60657557357,28598.89342442643,SEP26,AUG26,2026-08-28,2026-09-18,29348.75,29335.60827616128,FOUND,DEGRADED,SPOT_MONTH_FALLBACK;ESTIMATED_EXPIRY_ALIAS,2026-08-02.2,PUT_CALL_PARITY,SEP26,SEP26=PUT_CALL_PARITY;AUG26=SERIES_FORWARD_CLUSTER;OCT26=SERIES_FORWARD_CLUSTER;DEC29=SERIES_FORWARD_CLUSTER;DEC26=PUT_CALL_PARITY;NOV26=SERIES_FORWARD_CLUSTER;MAR27=SERIES_FORWARD_CLUSTER;JUN27=SERIES_FORWARD_CLUSTER;DEC28=PUT_CALL_PARITY;DEC27=PUT_CALL_PARITY,SEP26=29348.75;AUG26=29412.5;OCT26=30137.875;DEC29=28924;DEC26=20179.125;NOV26=31093;MAR27=24435.5;JUN27=24130.625;DEC28=19739;DEC27=18304.5,DEC26=GLOBAL_REFERENCE_OUTLIER_PUT_CALL_PARITY;DEC28=GLOBAL_REFERENCE_OUTLIER_SERIES_FORWARD_CLUSTER;DEC27=GLOBAL_REFERENCE_OUTLIER_SERIES_FORWARD_CLUSTER,WEIGHTED_ATM,2026-09-04,6,130,0.0,NONE,4660,4136,0,0,517,NONE,MN1;MN2;MN3;MN4;MN5;QMW;QRW;QTW;QWW,OK,NONE,NONE,2026-08-26
NAS,30010.0,162867.08203256797,0.01882649334653097,0.0,0.0,0.0,0.0,0.0,0.0,29723.678287786784,28973.821712213216,30098.60657557357,28598.89342442643,SEP26,AUG26,2026-08-28,2026-09-18,29348.75,29335.60827616128,FOUND,DEGRADED,SPOT_MONTH_FALLBACK;ESTIMATED_EXPIRY_ALIAS,2026-08-02.2,PUT_CALL_PARITY,SEP26,SEP26=PUT_CALL_PARITY;AUG26=SERIES_FORWARD_CLUSTER;OCT26=SERIES_FORWARD_CLUSTER;DEC29=SERIES_FORWARD_CLUSTER;DEC26=PUT_CALL_PARITY;NOV26=SERIES_FORWARD_CLUSTER;MAR27=SERIES_FORWARD_CLUSTER;JUN27=SERIES_FORWARD_CLUSTER;DEC28=PUT_CALL_PARITY;DEC27=PUT_CALL_PARITY,SEP26=29348.75;AUG26=29412.5;OCT26=30137.875;DEC29=28924;DEC26=20179.125;NOV26=31093;MAR27=24435.5;JUN27=24130.625;DEC28=19739;DEC27=18304.5,DEC26=GLOBAL_REFERENCE_OUTLIER_PUT_CALL_PARITY;DEC28=GLOBAL_REFERENCE_OUTLIER_SERIES_FORWARD_CLUSTER;DEC27=GLOBAL_REFERENCE_OUTLIER_SERIES_FORWARD_CLUSTER,WEIGHTED_ATM,2026-09-04,6,130,0.0,NONE,4660,4136,0,0,517,NONE,MN1;MN2;MN3;MN4;MN5;QMW;QRW;QTW;QWW,OK,NONE,NONE,2026-08-26
NAS,30020.0,196030.48843564343,0.02265999144942541,0.0,0.0,0.0,0.0,0.0,0.0,29723.678287786784,28973.821712213216,30098.60657557357,28598.89342442643,SEP26,AUG26,2026-08-28,2026-09-18,29348.75,29335.60827616128,FOUND,DEGRADED,SPOT_MONTH_FALLBACK;ESTIMATED_EXPIRY_ALIAS,2026-08-02.2,PUT_CALL_PARITY,SEP26,SEP26=PUT_CALL_PARITY;AUG26=SERIES_FORWARD_CLUSTER;OCT26=SERIES_FORWARD_CLUSTER;DEC29=SERIES_FORWARD_CLUSTER;DEC26=PUT_CALL_PARITY;NOV26=SERIES_FORWARD_CLUSTER;MAR27=SERIES_FORWARD_CLUSTER;JUN27=SERIES_FORWARD_CLUSTER;DEC28=PUT_CALL_PARITY;DEC27=PUT_CALL_PARITY,SEP26=29348.75;AUG26=29412.5;OCT26=30137.875;DEC29=28924;DEC26=20179.125;NOV26=31093;MAR27=24435.5;JUN27=24130.625;DEC28=19739;DEC27=18304.5,DEC26=GLOBAL_REFERENCE_OUTLIER_PUT_CALL_PARITY;DEC28=GLOBAL_REFERENCE_OUTLIER_SERIES_FORWARD_CLUSTER;DEC27=GLOBAL_REFERENCE_OUTLIER_SERIES_FORWARD_CLUSTER,WEIGHTED_ATM,2026-09-04,6,130,0.0,NONE,4660,4136,0,0,517,NONE,MN1;MN2;MN3;MN4;MN5;QMW;QRW;QTW;QWW,OK,NONE,NONE,2026-08-26
NAS,30025.0,1647956.3422894902,0.1908374853640422,0.0,0.0,0.0,0.0,0.0,0.0,29723.678287786784,28973.821712213216,30098.60657557357,28598.89342442643,SEP26,AUG26,2026-08-28,2026-09-18,29348.75,29335.60827616128,FOUND,DEGRADED,SPOT_MONTH_FALLBACK;ESTIMATED_EXPIRY_ALIAS,2026-08-02.2,PUT_CALL_PARITY,SEP26,SEP26=PUT_CALL_PARITY;AUG26=SERIES_FORWARD_CLUSTER;OCT26=SERIES_FORWARD_CLUSTER;DEC29=SERIES_FORWARD_CLUSTER;DEC26=PUT_CALL_PARITY;NOV26=SERIES_FORWARD_CLUSTER;MAR27=SERIES_FORWARD_CLUSTER;JUN27=SERIES_FORWARD_CLUSTER;DEC28=PUT_CALL_PARITY;DEC27=PUT_CALL_PARITY,SEP26=29348.75;AUG26=29412.5;OCT26=30137.875;DEC29=28924;DEC26=20179.125;NOV26=31093;MAR27=24435.5;JUN27=24130.625;DEC28=19739;DEC27=18304.5,DEC26=GLOBAL_REFERENCE_OUTLIER_PUT_CALL_PARITY;DEC28=GLOBAL_REFERENCE_OUTLIER_SERIES_FORWARD_CLUSTER;DEC27=GLOBAL_REFERENCE_OUTLIER_SERIES_FORWARD_CLUSTER,WEIGHTED_ATM,2026-09-04,6,130,0.0,NONE,4660,4136,0,0,517,NONE,MN1;MN2;MN3;MN4;MN5;QMW;QRW;QTW;QWW,OK,NONE,NONE,2026-08-26
NAS,30030.0,40628.130721540125,0.004696377089620321,0.0,0.0,0.0,0.0,0.0,0.0,29723.678287786784,28973.821712213216,30098.60657557357,28598.89342442643,SEP26,AUG26,2026-08-28,2026-09-18,29348.75,29335.60827616128,FOUND,DEGRADED,SPOT_MONTH_FALLBACK;ESTIMATED_EXPIRY_ALIAS,2026-08-02.2,PUT_CALL_PARITY,SEP26,SEP26=PUT_CALL_PARITY;AUG26=SERIES_FORWARD_CLUSTER;OCT26=SERIES_FORWARD_CLUSTER;DEC29=SERIES_FORWARD_CLUSTER;DEC26=PUT_CALL_PARITY;NOV26=SERIES_FORWARD_CLUSTER;MAR27=SERIES_FORWARD_CLUSTER;JUN27=SERIES_FORWARD_CLUSTER;DEC28=PUT_CALL_PARITY;DEC27=PUT_CALL_PARITY,SEP26=29348.75;AUG26=29412.5;OCT26=30137.875;DEC29=28924;DEC26=20179.125;NOV26=31093;MAR27=24435.5;JUN27=24130.625;DEC28=19739;DEC27=18304.5,DEC26=GLOBAL_REFERENCE_OUTLIER_PUT_CALL_PARITY;DEC28=GLOBAL_REFERENCE_OUTLIER_SERIES_FORWARD_CLUSTER;DEC27=GLOBAL_REFERENCE_OUTLIER_SERIES_FORWARD_CLUSTER,WEIGHTED_ATM,2026-09-04,6,130,0.0,NONE,4660,4136,0,0,517,NONE,MN1;MN2;MN3;MN4;MN5;QMW;QRW;QTW;QWW,OK,NONE,NONE,2026-08-26
NAS,30040.0,603523.7545325926,0.06976385778747592,0.0,0.0,0.0,0.0,0.0,0.0,29723.678287786784,28973.821712213216,30098.60657557357,28598.89342442643,SEP26,AUG26,2026-08-28,2026-09-18,29348.75,29335.60827616128,FOUND,DEGRADED,SPOT_MONTH_FALLBACK;ESTIMATED_EXPIRY_ALIAS,2026-08-02.2,PUT_CALL_PARITY,SEP26,SEP26=PUT_CALL_PARITY;AUG26=SERIES_FORWARD_CLUSTER;OCT26=SERIES_FORWARD_CLUSTER;DEC29=SERIES_FORWARD_CLUSTER;DEC26=PUT_CALL_PARITY;NOV26=SERIES_FORWARD_CLUSTER;MAR27=SERIES_FORWARD_CLUSTER;JUN27=SERIES_FORWARD_CLUSTER;DEC28=PUT_CALL_PARITY;DEC27=PUT_CALL_PARITY,SEP26=29348.75;AUG26=29412.5;OCT26=30137.875;DEC29=28924;DEC26=20179.125;NOV26=31093;MAR27=24435.5;JUN27=24130.625;DEC28=19739;DEC27=18304.5,DEC26=GLOBAL_REFERENCE_OUTLIER_PUT_CALL_PARITY;DEC28=GLOBAL_REFERENCE_OUTLIER_SERIES_FORWARD_CLUSTER;DEC27=GLOBAL_REFERENCE_OUTLIER_SERIES_FORWARD_CLUSTER,WEIGHTED_ATM,2026-09-04,6,130,0.0,NONE,4660,4136,0,0,517,NONE,MN1;MN2;MN3;MN4;MN5;QMW;QRW;QTW;QWW,OK,NONE,NONE,2026-08-26
NAS,30050.0,17931092.896953966,2.505464358755961,0.0,0.0,0.0,0.0,0.0,0.0,29723.678287786784,28973.821712213216,30098.60657557357,28598.89342442643,SEP26,AUG26,2026-08-28,2026-09-18,29348.75,29335.60827616128,FOUND,DEGRADED,SPOT_MONTH_FALLBACK;ESTIMATED_EXPIRY_ALIAS,2026-08-02.2,PUT_CALL_PARITY,SEP26,SEP26=PUT_CALL_PARITY;AUG26=SERIES_FORWARD_CLUSTER;OCT26=SERIES_FORWARD_CLUSTER;DEC29=SERIES_FORWARD_CLUSTER;DEC26=PUT_CALL_PARITY;NOV26=SERIES_FORWARD_CLUSTER;MAR27=SERIES_FORWARD_CLUSTER;JUN27=SERIES_FORWARD_CLUSTER;DEC28=PUT_CALL_PARITY;DEC27=PUT_CALL_PARITY,SEP26=29348.75;AUG26=29412.5;OCT26=30137.875;DEC29=28924;DEC26=20179.125;NOV26=31093;MAR27=24435.5;JUN27=24130.625;DEC28=19739;DEC27=18304.5,DEC26=GLOBAL_REFERENCE_OUTLIER_PUT_CALL_PARITY;DEC28=GLOBAL_REFERENCE_OUTLIER_SERIES_FORWARD_CLUSTER;DEC27=GLOBAL_REFERENCE_OUTLIER_SERIES_FORWARD_CLUSTER,WEIGHTED_ATM,2026-09-04,6,130,0.0,NONE,4660,4136,0,0,517,NONE,MN1;MN2;MN3;MN4;MN5;QMW;QRW;QTW;QWW,OK,NONE,NONE,2026-08-26
NAS,30060.0,201287.28995557703,0.023267647321956325,0.0,0.0,0.0,0.0,0.0,0.0,29723.678287786784,28973.821712213216,30098.60657557357,28598.89342442643,SEP26,AUG26,2026-08-28,2026-09-18,29348.75,29335.60827616128,FOUND,DEGRADED,SPOT_MONTH_FALLBACK;ESTIMATED_EXPIRY_ALIAS,2026-08-02.2,PUT_CALL_PARITY,SEP26,SEP26=PUT_CALL_PARITY;AUG26=SERIES_FORWARD_CLUSTER;OCT26=SERIES_FORWARD_CLUSTER;DEC29=SERIES_FORWARD_CLUSTER;DEC26=PUT_CALL_PARITY;NOV26=SERIES_FORWARD_CLUSTER;MAR27=SERIES_FORWARD_CLUSTER;JUN27=SERIES_FORWARD_CLUSTER;DEC28=PUT_CALL_PARITY;DEC27=PUT_CALL_PARITY,SEP26=29348.75;AUG26=29412.5;OCT26=30137.875;DEC29=28924;DEC26=20179.125;NOV26=31093;MAR27=24435.5;JUN27=24130.625;DEC28=19739;DEC27=18304.5,DEC26=GLOBAL_REFERENCE_OUTLIER_PUT_CALL_PARITY;DEC28=GLOBAL_REFERENCE_OUTLIER_SERIES_FORWARD_CLUSTER;DEC27=GLOBAL_REFERENCE_OUTLIER_SERIES_FORWARD_CLUSTER,WEIGHTED_ATM,2026-09-04,6,130,0.0,NONE,4660,4136,0,0,517,NONE,MN1;MN2;MN3;MN4;MN5;QMW;QRW;QTW;QWW,OK,NONE,NONE,2026-08-26
NAS,30070.0,15061.943041938239,0.0017410735608818454,0.0,0.0,0.0,0.0,0.0,0.0,29723.678287786784,28973.821712213216,30098.60657557357,28598.89342442643,SEP26,AUG26,2026-08-28,2026-09-18,29348.75,29335.60827616128,FOUND,DEGRADED,SPOT_MONTH_FALLBACK;ESTIMATED_EXPIRY_ALIAS,2026-08-02.2,PUT_CALL_PARITY,SEP26,SEP26=PUT_CALL_PARITY;AUG26=SERIES_FORWARD_CLUSTER;OCT26=SERIES_FORWARD_CLUSTER;DEC29=SERIES_FORWARD_CLUSTER;DEC26=PUT_CALL_PARITY;NOV26=SERIES_FORWARD_CLUSTER;MAR27=SERIES_FORWARD_CLUSTER;JUN27=SERIES_FORWARD_CLUSTER;DEC28=PUT_CALL_PARITY;DEC27=PUT_CALL_PARITY,SEP26=29348.75;AUG26=29412.5;OCT26=30137.875;DEC29=28924;DEC26=20179.125;NOV26=31093;MAR27=24435.5;JUN27=24130.625;DEC28=19739;DEC27=18304.5,DEC26=GLOBAL_REFERENCE_OUTLIER_PUT_CALL_PARITY;DEC28=GLOBAL_REFERENCE_OUTLIER_SERIES_FORWARD_CLUSTER;DEC27=GLOBAL_REFERENCE_OUTLIER_SERIES_FORWARD_CLUSTER,WEIGHTED_ATM,2026-09-04,6,130,0.0,NONE,4660,4136,0,0,517,NONE,MN1;MN2;MN3;MN4;MN5;QMW;QRW;QTW;QWW,OK,NONE,NONE,2026-08-26
NAS,30075.0,1194816.9374768506,0.16570111070715615,0.0,0.0,0.0,0.0,0.0,0.0,29723.678287786784,28973.821712213216,30098.60657557357,28598.89342442643,SEP26,AUG26,2026-08-28,2026-09-18,29348.75,29335.60827616128,FOUND,DEGRADED,SPOT_MONTH_FALLBACK;ESTIMATED_EXPIRY_ALIAS,2026-08-02.2,PUT_CALL_PARITY,SEP26,SEP26=PUT_CALL_PARITY;AUG26=SERIES_FORWARD_CLUSTER;OCT26=SERIES_FORWARD_CLUSTER;DEC29=SERIES_FORWARD_CLUSTER;DEC26=PUT_CALL_PARITY;NOV26=SERIES_FORWARD_CLUSTER;MAR27=SERIES_FORWARD_CLUSTER;JUN27=SERIES_FORWARD_CLUSTER;DEC28=PUT_CALL_PARITY;DEC27=PUT_CALL_PARITY,SEP26=29348.75;AUG26=29412.5;OCT26=30137.875;DEC29=28924;DEC26=20179.125;NOV26=31093;MAR27=24435.5;JUN27=24130.625;DEC28=19739;DEC27=18304.5,DEC26=GLOBAL_REFERENCE_OUTLIER_PUT_CALL_PARITY;DEC28=GLOBAL_REFERENCE_OUTLIER_SERIES_FORWARD_CLUSTER;DEC27=GLOBAL_REFERENCE_OUTLIER_SERIES_FORWARD_CLUSTER,WEIGHTED_ATM,2026-09-04,6,130,0.0,NONE,4660,4136,0,0,517,NONE,MN1;MN2;MN3;MN4;MN5;QMW;QRW;QTW;QWW,OK,NONE,NONE,2026-08-26
NAS,30080.0,120217.72252526504,0.013896473891540768,0.0,0.0,0.0,0.0,0.0,0.0,29723.678287786784,28973.821712213216,30098.60657557357,28598.89342442643,SEP26,AUG26,2026-08-28,2026-09-18,29348.75,29335.60827616128,FOUND,DEGRADED,SPOT_MONTH_FALLBACK;ESTIMATED_EXPIRY_ALIAS,2026-08-02.2,PUT_CALL_PARITY,SEP26,SEP26=PUT_CALL_PARITY;AUG26=SERIES_FORWARD_CLUSTER;OCT26=SERIES_FORWARD_CLUSTER;DEC29=SERIES_FORWARD_CLUSTER;DEC26=PUT_CALL_PARITY;NOV26=SERIES_FORWARD_CLUSTER;MAR27=SERIES_FORWARD_CLUSTER;JUN27=SERIES_FORWARD_CLUSTER;DEC28=PUT_CALL_PARITY;DEC27=PUT_CALL_PARITY,SEP26=29348.75;AUG26=29412.5;OCT26=30137.875;DEC29=28924;DEC26=20179.125;NOV26=31093;MAR27=24435.5;JUN27=24130.625;DEC28=19739;DEC27=18304.5,DEC26=GLOBAL_REFERENCE_OUTLIER_PUT_CALL_PARITY;DEC28=GLOBAL_REFERENCE_OUTLIER_SERIES_FORWARD_CLUSTER;DEC27=GLOBAL_REFERENCE_OUTLIER_SERIES_FORWARD_CLUSTER,WEIGHTED_ATM,2026-09-04,6,130,0.0,NONE,4660,4136,0,0,517,NONE,MN1;MN2;MN3;MN4;MN5;QMW;QRW;QTW;QWW,OK,NONE,NONE,2026-08-26
NAS,30090.0,153560.006855697,0.01775064924896197,0.0,0.0,0.0,0.0,0.0,0.0,29723.678287786784,28973.821712213216,30098.60657557357,28598.89342442643,SEP26,AUG26,2026-08-28,2026-09-18,29348.75,29335.60827616128,FOUND,DEGRADED,SPOT_MONTH_FALLBACK;ESTIMATED_EXPIRY_ALIAS,2026-08-02.2,PUT_CALL_PARITY,SEP26,SEP26=PUT_CALL_PARITY;AUG26=SERIES_FORWARD_CLUSTER;OCT26=SERIES_FORWARD_CLUSTER;DEC29=SERIES_FORWARD_CLUSTER;DEC26=PUT_CALL_PARITY;NOV26=SERIES_FORWARD_CLUSTER;MAR27=SERIES_FORWARD_CLUSTER;JUN27=SERIES_FORWARD_CLUSTER;DEC28=PUT_CALL_PARITY;DEC27=PUT_CALL_PARITY,SEP26=29348.75;AUG26=29412.5;OCT26=30137.875;DEC29=28924;DEC26=20179.125;NOV26=31093;MAR27=24435.5;JUN27=24130.625;DEC28=19739;DEC27=18304.5,DEC26=GLOBAL_REFERENCE_OUTLIER_PUT_CALL_PARITY;DEC28=GLOBAL_REFERENCE_OUTLIER_SERIES_FORWARD_CLUSTER;DEC27=GLOBAL_REFERENCE_OUTLIER_SERIES_FORWARD_CLUSTER,WEIGHTED_ATM,2026-09-04,6,130,0.0,NONE,4660,4136,0,0,517,NONE,MN1;MN2;MN3;MN4;MN5;QMW;QRW;QTW;QWW,OK,NONE,NONE,2026-08-26
NAS,30100.0,53738428.97929605,7.524891909914225,0.0,0.0,0.0,0.0,0.0,0.0,29723.678287786784,28973.821712213216,30098.60657557357,28598.89342442643,SEP26,AUG26,2026-08-28,2026-09-18,29348.75,29335.60827616128,FOUND,DEGRADED,SPOT_MONTH_FALLBACK;ESTIMATED_EXPIRY_ALIAS,2026-08-02.2,PUT_CALL_PARITY,SEP26,SEP26=PUT_CALL_PARITY;AUG26=SERIES_FORWARD_CLUSTER;OCT26=SERIES_FORWARD_CLUSTER;DEC29=SERIES_FORWARD_CLUSTER;DEC26=PUT_CALL_PARITY;NOV26=SERIES_FORWARD_CLUSTER;MAR27=SERIES_FORWARD_CLUSTER;JUN27=SERIES_FORWARD_CLUSTER;DEC28=PUT_CALL_PARITY;DEC27=PUT_CALL_PARITY,SEP26=29348.75;AUG26=29412.5;OCT26=30137.875;DEC29=28924;DEC26=20179.125;NOV26=31093;MAR27=24435.5;JUN27=24130.625;DEC28=19739;DEC27=18304.5,DEC26=GLOBAL_REFERENCE_OUTLIER_PUT_CALL_PARITY;DEC28=GLOBAL_REFERENCE_OUTLIER_SERIES_FORWARD_CLUSTER;DEC27=GLOBAL_REFERENCE_OUTLIER_SERIES_FORWARD_CLUSTER,WEIGHTED_ATM,2026-09-04,6,130,0.0,NONE,4660,4136,0,0,517,NONE,MN1;MN2;MN3;MN4;MN5;QMW;QRW;QTW;QWW,OK,NONE,NONE,2026-08-26
NAS,30110.0,11018.308767233177,0.0012736528100556195,0.0,0.0,0.0,0.0,0.0,0.0,29723.678287786784,28973.821712213216,30098.60657557357,28598.89342442643,SEP26,AUG26,2026-08-28,2026-09-18,29348.75,29335.60827616128,FOUND,DEGRADED,SPOT_MONTH_FALLBACK;ESTIMATED_EXPIRY_ALIAS,2026-08-02.2,PUT_CALL_PARITY,SEP26,SEP26=PUT_CALL_PARITY;AUG26=SERIES_FORWARD_CLUSTER;OCT26=SERIES_FORWARD_CLUSTER;DEC29=SERIES_FORWARD_CLUSTER;DEC26=PUT_CALL_PARITY;NOV26=SERIES_FORWARD_CLUSTER;MAR27=SERIES_FORWARD_CLUSTER;JUN27=SERIES_FORWARD_CLUSTER;DEC28=PUT_CALL_PARITY;DEC27=PUT_CALL_PARITY,SEP26=29348.75;AUG26=29412.5;OCT26=30137.875;DEC29=28924;DEC26=20179.125;NOV26=31093;MAR27=24435.5;JUN27=24130.625;DEC28=19739;DEC27=18304.5,DEC26=GLOBAL_REFERENCE_OUTLIER_PUT_CALL_PARITY;DEC28=GLOBAL_REFERENCE_OUTLIER_SERIES_FORWARD_CLUSTER;DEC27=GLOBAL_REFERENCE_OUTLIER_SERIES_FORWARD_CLUSTER,WEIGHTED_ATM,2026-09-04,6,130,0.0,NONE,4660,4136,0,0,517,NONE,MN1;MN2;MN3;MN4;MN5;QMW;QRW;QTW;QWW,OK,NONE,NONE,2026-08-26
NAS,30120.0,78694.91204008849,0.00909667699229919,0.0,0.0,0.0,0.0,0.0,0.0,29723.678287786784,28973.821712213216,30098.60657557357,28598.89342442643,SEP26,AUG26,2026-08-28,2026-09-18,29348.75,29335.60827616128,FOUND,DEGRADED,SPOT_MONTH_FALLBACK;ESTIMATED_EXPIRY_ALIAS,2026-08-02.2,PUT_CALL_PARITY,SEP26,SEP26=PUT_CALL_PARITY;AUG26=SERIES_FORWARD_CLUSTER;OCT26=SERIES_FORWARD_CLUSTER;DEC29=SERIES_FORWARD_CLUSTER;DEC26=PUT_CALL_PARITY;NOV26=SERIES_FORWARD_CLUSTER;MAR27=SERIES_FORWARD_CLUSTER;JUN27=SERIES_FORWARD_CLUSTER;DEC28=PUT_CALL_PARITY;DEC27=PUT_CALL_PARITY,SEP26=29348.75;AUG26=29412.5;OCT26=30137.875;DEC29=28924;DEC26=20179.125;NOV26=31093;MAR27=24435.5;JUN27=24130.625;DEC28=19739;DEC27=18304.5,DEC26=GLOBAL_REFERENCE_OUTLIER_PUT_CALL_PARITY;DEC28=GLOBAL_REFERENCE_OUTLIER_SERIES_FORWARD_CLUSTER;DEC27=GLOBAL_REFERENCE_OUTLIER_SERIES_FORWARD_CLUSTER,WEIGHTED_ATM,2026-09-04,6,130,0.0,NONE,4660,4136,0,0,517,NONE,MN1;MN2;MN3;MN4;MN5;QMW;QRW;QTW;QWW,OK,NONE,NONE,2026-08-26
NAS,30125.0,3441822.3626645543,0.39811120091767394,0.0,0.0,0.0,0.0,0.0,0.0,29723.678287786784,28973.821712213216,30098.60657557357,28598.89342442643,SEP26,AUG26,2026-08-28,2026-09-18,29348.75,29335.60827616128,FOUND,DEGRADED,SPOT_MONTH_FALLBACK;ESTIMATED_EXPIRY_ALIAS,2026-08-02.2,PUT_CALL_PARITY,SEP26,SEP26=PUT_CALL_PARITY;AUG26=SERIES_FORWARD_CLUSTER;OCT26=SERIES_FORWARD_CLUSTER;DEC29=SERIES_FORWARD_CLUSTER;DEC26=PUT_CALL_PARITY;NOV26=SERIES_FORWARD_CLUSTER;MAR27=SERIES_FORWARD_CLUSTER;JUN27=SERIES_FORWARD_CLUSTER;DEC28=PUT_CALL_PARITY;DEC27=PUT_CALL_PARITY,SEP26=29348.75;AUG26=29412.5;OCT26=30137.875;DEC29=28924;DEC26=20179.125;NOV26=31093;MAR27=24435.5;JUN27=24130.625;DEC28=19739;DEC27=18304.5,DEC26=GLOBAL_REFERENCE_OUTLIER_PUT_CALL_PARITY;DEC28=GLOBAL_REFERENCE_OUTLIER_SERIES_FORWARD_CLUSTER;DEC27=GLOBAL_REFERENCE_OUTLIER_SERIES_FORWARD_CLUSTER,WEIGHTED_ATM,2026-09-04,6,130,0.0,NONE,4660,4136,0,0,517,NONE,MN1;MN2;MN3;MN4;MN5;QMW;QRW;QTW;QWW,OK,NONE,NONE,2026-08-26
NAS,30130.0,19892.426097320273,0.0022994494829389205,0.0,0.0,0.0,0.0,0.0,0.0,29723.678287786784,28973.821712213216,30098.60657557357,28598.89342442643,SEP26,AUG26,2026-08-28,2026-09-18,29348.75,29335.60827616128,FOUND,DEGRADED,SPOT_MONTH_FALLBACK;ESTIMATED_EXPIRY_ALIAS,2026-08-02.2,PUT_CALL_PARITY,SEP26,SEP26=PUT_CALL_PARITY;AUG26=SERIES_FORWARD_CLUSTER;OCT26=SERIES_FORWARD_CLUSTER;DEC29=SERIES_FORWARD_CLUSTER;DEC26=PUT_CALL_PARITY;NOV26=SERIES_FORWARD_CLUSTER;MAR27=SERIES_FORWARD_CLUSTER;JUN27=SERIES_FORWARD_CLUSTER;DEC28=PUT_CALL_PARITY;DEC27=PUT_CALL_PARITY,SEP26=29348.75;AUG26=29412.5;OCT26=30137.875;DEC29=28924;DEC26=20179.125;NOV26=31093;MAR27=24435.5;JUN27=24130.625;DEC28=19739;DEC27=18304.5,DEC26=GLOBAL_REFERENCE_OUTLIER_PUT_CALL_PARITY;DEC28=GLOBAL_REFERENCE_OUTLIER_SERIES_FORWARD_CLUSTER;DEC27=GLOBAL_REFERENCE_OUTLIER_SERIES_FORWARD_CLUSTER,WEIGHTED_ATM,2026-09-04,6,130,0.0,NONE,4660,4136,0,0,517,NONE,MN1;MN2;MN3;MN4;MN5;QMW;QRW;QTW;QWW,OK,NONE,NONE,2026-08-26
NAS,30140.0,95444.93738098277,0.011032883110190548,0.0,0.0,0.0,0.0,0.0,0.0,29723.678287786784,28973.821712213216,30098.60657557357,28598.89342442643,SEP26,AUG26,2026-08-28,2026-09-18,29348.75,29335.60827616128,FOUND,DEGRADED,SPOT_MONTH_FALLBACK;ESTIMATED_EXPIRY_ALIAS,2026-08-02.2,PUT_CALL_PARITY,SEP26,SEP26=PUT_CALL_PARITY;AUG26=SERIES_FORWARD_CLUSTER;OCT26=SERIES_FORWARD_CLUSTER;DEC29=SERIES_FORWARD_CLUSTER;DEC26=PUT_CALL_PARITY;NOV26=SERIES_FORWARD_CLUSTER;MAR27=SERIES_FORWARD_CLUSTER;JUN27=SERIES_FORWARD_CLUSTER;DEC28=PUT_CALL_PARITY;DEC27=PUT_CALL_PARITY,SEP26=29348.75;AUG26=29412.5;OCT26=30137.875;DEC29=28924;DEC26=20179.125;NOV26=31093;MAR27=24435.5;JUN27=24130.625;DEC28=19739;DEC27=18304.5,DEC26=GLOBAL_REFERENCE_OUTLIER_PUT_CALL_PARITY;DEC28=GLOBAL_REFERENCE_OUTLIER_SERIES_FORWARD_CLUSTER;DEC27=GLOBAL_REFERENCE_OUTLIER_SERIES_FORWARD_CLUSTER,WEIGHTED_ATM,2026-09-04,6,130,0.0,NONE,4660,4136,0,0,517,NONE,MN1;MN2;MN3;MN4;MN5;QMW;QRW;QTW;QWW,OK,NONE,NONE,2026-08-26
NAS,30150.0,6709092.429234401,1.3208660569516504,0.0,0.0,0.0,0.0,0.0,0.0,29723.678287786784,28973.821712213216,30098.60657557357,28598.89342442643,SEP26,AUG26,2026-08-28,2026-09-18,29348.75,29335.60827616128,FOUND,DEGRADED,SPOT_MONTH_FALLBACK;ESTIMATED_EXPIRY_ALIAS,2026-08-02.2,PUT_CALL_PARITY,SEP26,SEP26=PUT_CALL_PARITY;AUG26=SERIES_FORWARD_CLUSTER;OCT26=SERIES_FORWARD_CLUSTER;DEC29=SERIES_FORWARD_CLUSTER;DEC26=PUT_CALL_PARITY;NOV26=SERIES_FORWARD_CLUSTER;MAR27=SERIES_FORWARD_CLUSTER;JUN27=SERIES_FORWARD_CLUSTER;DEC28=PUT_CALL_PARITY;DEC27=PUT_CALL_PARITY,SEP26=29348.75;AUG26=29412.5;OCT26=30137.875;DEC29=28924;DEC26=20179.125;NOV26=31093;MAR27=24435.5;JUN27=24130.625;DEC28=19739;DEC27=18304.5,DEC26=GLOBAL_REFERENCE_OUTLIER_PUT_CALL_PARITY;DEC28=GLOBAL_REFERENCE_OUTLIER_SERIES_FORWARD_CLUSTER;DEC27=GLOBAL_REFERENCE_OUTLIER_SERIES_FORWARD_CLUSTER,WEIGHTED_ATM,2026-09-04,6,130,0.0,NONE,4660,4136,0,0,517,NONE,MN1;MN2;MN3;MN4;MN5;QMW;QRW;QTW;QWW,OK,NONE,NONE,2026-08-26
NAS,30160.0,16242.633708256606,0.0018775545777721036,0.0,0.0,0.0,0.0,0.0,0.0,29723.678287786784,28973.821712213216,30098.60657557357,28598.89342442643,SEP26,AUG26,2026-08-28,2026-09-18,29348.75,29335.60827616128,FOUND,DEGRADED,SPOT_MONTH_FALLBACK;ESTIMATED_EXPIRY_ALIAS,2026-08-02.2,PUT_CALL_PARITY,SEP26,SEP26=PUT_CALL_PARITY;AUG26=SERIES_FORWARD_CLUSTER;OCT26=SERIES_FORWARD_CLUSTER;DEC29=SERIES_FORWARD_CLUSTER;DEC26=PUT_CALL_PARITY;NOV26=SERIES_FORWARD_CLUSTER;MAR27=SERIES_FORWARD_CLUSTER;JUN27=SERIES_FORWARD_CLUSTER;DEC28=PUT_CALL_PARITY;DEC27=PUT_CALL_PARITY,SEP26=29348.75;AUG26=29412.5;OCT26=30137.875;DEC29=28924;DEC26=20179.125;NOV26=31093;MAR27=24435.5;JUN27=24130.625;DEC28=19739;DEC27=18304.5,DEC26=GLOBAL_REFERENCE_OUTLIER_PUT_CALL_PARITY;DEC28=GLOBAL_REFERENCE_OUTLIER_SERIES_FORWARD_CLUSTER;DEC27=GLOBAL_REFERENCE_OUTLIER_SERIES_FORWARD_CLUSTER,WEIGHTED_ATM,2026-09-04,6,130,0.0,NONE,4660,4136,0,0,517,NONE,MN1;MN2;MN3;MN4;MN5;QMW;QRW;QTW;QWW,OK,NONE,NONE,2026-08-26
NAS,30175.0,543401.5014166064,0.11115685893358836,0.0,0.0,0.0,0.0,0.0,0.0,29723.678287786784,28973.821712213216,30098.60657557357,28598.89342442643,SEP26,AUG26,2026-08-28,2026-09-18,29348.75,29335.60827616128,FOUND,DEGRADED,SPOT_MONTH_FALLBACK;ESTIMATED_EXPIRY_ALIAS,2026-08-02.2,PUT_CALL_PARITY,SEP26,SEP26=PUT_CALL_PARITY;AUG26=SERIES_FORWARD_CLUSTER;OCT26=SERIES_FORWARD_CLUSTER;DEC29=SERIES_FORWARD_CLUSTER;DEC26=PUT_CALL_PARITY;NOV26=SERIES_FORWARD_CLUSTER;MAR27=SERIES_FORWARD_CLUSTER;JUN27=SERIES_FORWARD_CLUSTER;DEC28=PUT_CALL_PARITY;DEC27=PUT_CALL_PARITY,SEP26=29348.75;AUG26=29412.5;OCT26=30137.875;DEC29=28924;DEC26=20179.125;NOV26=31093;MAR27=24435.5;JUN27=24130.625;DEC28=19739;DEC27=18304.5,DEC26=GLOBAL_REFERENCE_OUTLIER_PUT_CALL_PARITY;DEC28=GLOBAL_REFERENCE_OUTLIER_SERIES_FORWARD_CLUSTER;DEC27=GLOBAL_REFERENCE_OUTLIER_SERIES_FORWARD_CLUSTER,WEIGHTED_ATM,2026-09-04,6,130,0.0,NONE,4660,4136,0,0,517,NONE,MN1;MN2;MN3;MN4;MN5;QMW;QRW;QTW;QWW,OK,NONE,NONE,2026-08-26
NAS,30180.0,129800.84075955465,0.015004226971078321,0.0,0.0,0.0,0.0,0.0,0.0,29723.678287786784,28973.821712213216,30098.60657557357,28598.89342442643,SEP26,AUG26,2026-08-28,2026-09-18,29348.75,29335.60827616128,FOUND,DEGRADED,SPOT_MONTH_FALLBACK;ESTIMATED_EXPIRY_ALIAS,2026-08-02.2,PUT_CALL_PARITY,SEP26,SEP26=PUT_CALL_PARITY;AUG26=SERIES_FORWARD_CLUSTER;OCT26=SERIES_FORWARD_CLUSTER;DEC29=SERIES_FORWARD_CLUSTER;DEC26=PUT_CALL_PARITY;NOV26=SERIES_FORWARD_CLUSTER;MAR27=SERIES_FORWARD_CLUSTER;JUN27=SERIES_FORWARD_CLUSTER;DEC28=PUT_CALL_PARITY;DEC27=PUT_CALL_PARITY,SEP26=29348.75;AUG26=29412.5;OCT26=30137.875;DEC29=28924;DEC26=20179.125;NOV26=31093;MAR27=24435.5;JUN27=24130.625;DEC28=19739;DEC27=18304.5,DEC26=GLOBAL_REFERENCE_OUTLIER_PUT_CALL_PARITY;DEC28=GLOBAL_REFERENCE_OUTLIER_SERIES_FORWARD_CLUSTER;DEC27=GLOBAL_REFERENCE_OUTLIER_SERIES_FORWARD_CLUSTER,WEIGHTED_ATM,2026-09-04,6,130,0.0,NONE,4660,4136,0,0,517,NONE,MN1;MN2;MN3;MN4;MN5;QMW;QRW;QTW;QWW,OK,NONE,NONE,2026-08-26
NAS,30190.0,6355.7874199870275,0.0007346922906767838,0.0,0.0,0.0,0.0,0.0,0.0,29723.678287786784,28973.821712213216,30098.60657557357,28598.89342442643,SEP26,AUG26,2026-08-28,2026-09-18,29348.75,29335.60827616128,FOUND,DEGRADED,SPOT_MONTH_FALLBACK;ESTIMATED_EXPIRY_ALIAS,2026-08-02.2,PUT_CALL_PARITY,SEP26,SEP26=PUT_CALL_PARITY;AUG26=SERIES_FORWARD_CLUSTER;OCT26=SERIES_FORWARD_CLUSTER;DEC29=SERIES_FORWARD_CLUSTER;DEC26=PUT_CALL_PARITY;NOV26=SERIES_FORWARD_CLUSTER;MAR27=SERIES_FORWARD_CLUSTER;JUN27=SERIES_FORWARD_CLUSTER;DEC28=PUT_CALL_PARITY;DEC27=PUT_CALL_PARITY,SEP26=29348.75;AUG26=29412.5;OCT26=30137.875;DEC29=28924;DEC26=20179.125;NOV26=31093;MAR27=24435.5;JUN27=24130.625;DEC28=19739;DEC27=18304.5,DEC26=GLOBAL_REFERENCE_OUTLIER_PUT_CALL_PARITY;DEC28=GLOBAL_REFERENCE_OUTLIER_SERIES_FORWARD_CLUSTER;DEC27=GLOBAL_REFERENCE_OUTLIER_SERIES_FORWARD_CLUSTER,WEIGHTED_ATM,2026-09-04,6,130,0.0,NONE,4660,4136,0,0,517,NONE,MN1;MN2;MN3;MN4;MN5;QMW;QRW;QTW;QWW,OK,NONE,NONE,2026-08-26
NAS,30200.0,49393345.35911113,7.124450354133469,0.0,0.0,0.0,0.0,0.0,0.0,29723.678287786784,28973.821712213216,30098.60657557357,28598.89342442643,SEP26,AUG26,2026-08-28,2026-09-18,29348.75,29335.60827616128,FOUND,DEGRADED,SPOT_MONTH_FALLBACK;ESTIMATED_EXPIRY_ALIAS,2026-08-02.2,PUT_CALL_PARITY,SEP26,SEP26=PUT_CALL_PARITY;AUG26=SERIES_FORWARD_CLUSTER;OCT26=SERIES_FORWARD_CLUSTER;DEC29=SERIES_FORWARD_CLUSTER;DEC26=PUT_CALL_PARITY;NOV26=SERIES_FORWARD_CLUSTER;MAR27=SERIES_FORWARD_CLUSTER;JUN27=SERIES_FORWARD_CLUSTER;DEC28=PUT_CALL_PARITY;DEC27=PUT_CALL_PARITY,SEP26=29348.75;AUG26=29412.5;OCT26=30137.875;DEC29=28924;DEC26=20179.125;NOV26=31093;MAR27=24435.5;JUN27=24130.625;DEC28=19739;DEC27=18304.5,DEC26=GLOBAL_REFERENCE_OUTLIER_PUT_CALL_PARITY;DEC28=GLOBAL_REFERENCE_OUTLIER_SERIES_FORWARD_CLUSTER;DEC27=GLOBAL_REFERENCE_OUTLIER_SERIES_FORWARD_CLUSTER,WEIGHTED_ATM,2026-09-04,6,130,0.0,NONE,4660,4136,0,0,517,NONE,MN1;MN2;MN3;MN4;MN5;QMW;QRW;QTW;QWW,OK,NONE,NONE,2026-08-26
NAS,30225.0,1124625.5877768395,0.1413730838559873,0.0,0.0,0.0,0.0,0.0,0.0,29723.678287786784,28973.821712213216,30098.60657557357,28598.89342442643,SEP26,AUG26,2026-08-28,2026-09-18,29348.75,29335.60827616128,FOUND,DEGRADED,SPOT_MONTH_FALLBACK;ESTIMATED_EXPIRY_ALIAS,2026-08-02.2,PUT_CALL_PARITY,SEP26,SEP26=PUT_CALL_PARITY;AUG26=SERIES_FORWARD_CLUSTER;OCT26=SERIES_FORWARD_CLUSTER;DEC29=SERIES_FORWARD_CLUSTER;DEC26=PUT_CALL_PARITY;NOV26=SERIES_FORWARD_CLUSTER;MAR27=SERIES_FORWARD_CLUSTER;JUN27=SERIES_FORWARD_CLUSTER;DEC28=PUT_CALL_PARITY;DEC27=PUT_CALL_PARITY,SEP26=29348.75;AUG26=29412.5;OCT26=30137.875;DEC29=28924;DEC26=20179.125;NOV26=31093;MAR27=24435.5;JUN27=24130.625;DEC28=19739;DEC27=18304.5,DEC26=GLOBAL_REFERENCE_OUTLIER_PUT_CALL_PARITY;DEC28=GLOBAL_REFERENCE_OUTLIER_SERIES_FORWARD_CLUSTER;DEC27=GLOBAL_REFERENCE_OUTLIER_SERIES_FORWARD_CLUSTER,WEIGHTED_ATM,2026-09-04,6,130,0.0,NONE,4660,4136,0,0,517,NONE,MN1;MN2;MN3;MN4;MN5;QMW;QRW;QTW;QWW,OK,NONE,NONE,2026-08-26
NAS,30250.0,28647622.22086851,5.314145268848705,0.0,0.0,0.0,0.0,0.0,0.0,29723.678287786784,28973.821712213216,30098.60657557357,28598.89342442643,SEP26,AUG26,2026-08-28,2026-09-18,29348.75,29335.60827616128,FOUND,DEGRADED,SPOT_MONTH_FALLBACK;ESTIMATED_EXPIRY_ALIAS,2026-08-02.2,PUT_CALL_PARITY,SEP26,SEP26=PUT_CALL_PARITY;AUG26=SERIES_FORWARD_CLUSTER;OCT26=SERIES_FORWARD_CLUSTER;DEC29=SERIES_FORWARD_CLUSTER;DEC26=PUT_CALL_PARITY;NOV26=SERIES_FORWARD_CLUSTER;MAR27=SERIES_FORWARD_CLUSTER;JUN27=SERIES_FORWARD_CLUSTER;DEC28=PUT_CALL_PARITY;DEC27=PUT_CALL_PARITY,SEP26=29348.75;AUG26=29412.5;OCT26=30137.875;DEC29=28924;DEC26=20179.125;NOV26=31093;MAR27=24435.5;JUN27=24130.625;DEC28=19739;DEC27=18304.5,DEC26=GLOBAL_REFERENCE_OUTLIER_PUT_CALL_PARITY;DEC28=GLOBAL_REFERENCE_OUTLIER_SERIES_FORWARD_CLUSTER;DEC27=GLOBAL_REFERENCE_OUTLIER_SERIES_FORWARD_CLUSTER,WEIGHTED_ATM,2026-09-04,6,130,0.0,NONE,4660,4136,0,0,517,NONE,MN1;MN2;MN3;MN4;MN5;QMW;QRW;QTW;QWW,OK,NONE,NONE,2026-08-26
NAS,30270.0,10288.184942639098,0.0011892547158900012,0.0,0.0,0.0,0.0,0.0,0.0,29723.678287786784,28973.821712213216,30098.60657557357,28598.89342442643,SEP26,AUG26,2026-08-28,2026-09-18,29348.75,29335.60827616128,FOUND,DEGRADED,SPOT_MONTH_FALLBACK;ESTIMATED_EXPIRY_ALIAS,2026-08-02.2,PUT_CALL_PARITY,SEP26,SEP26=PUT_CALL_PARITY;AUG26=SERIES_FORWARD_CLUSTER;OCT26=SERIES_FORWARD_CLUSTER;DEC29=SERIES_FORWARD_CLUSTER;DEC26=PUT_CALL_PARITY;NOV26=SERIES_FORWARD_CLUSTER;MAR27=SERIES_FORWARD_CLUSTER;JUN27=SERIES_FORWARD_CLUSTER;DEC28=PUT_CALL_PARITY;DEC27=PUT_CALL_PARITY,SEP26=29348.75;AUG26=29412.5;OCT26=30137.875;DEC29=28924;DEC26=20179.125;NOV26=31093;MAR27=24435.5;JUN27=24130.625;DEC28=19739;DEC27=18304.5,DEC26=GLOBAL_REFERENCE_OUTLIER_PUT_CALL_PARITY;DEC28=GLOBAL_REFERENCE_OUTLIER_SERIES_FORWARD_CLUSTER;DEC27=GLOBAL_REFERENCE_OUTLIER_SERIES_FORWARD_CLUSTER,WEIGHTED_ATM,2026-09-04,6,130,0.0,NONE,4660,4136,0,0,517,NONE,MN1;MN2;MN3;MN4;MN5;QMW;QRW;QTW;QWW,OK,NONE,NONE,2026-08-26
NAS,30275.0,1162463.0752486987,0.14523946590176787,0.0,0.0,0.0,0.0,0.0,0.0,29723.678287786784,28973.821712213216,30098.60657557357,28598.89342442643,SEP26,AUG26,2026-08-28,2026-09-18,29348.75,29335.60827616128,FOUND,DEGRADED,SPOT_MONTH_FALLBACK;ESTIMATED_EXPIRY_ALIAS,2026-08-02.2,PUT_CALL_PARITY,SEP26,SEP26=PUT_CALL_PARITY;AUG26=SERIES_FORWARD_CLUSTER;OCT26=SERIES_FORWARD_CLUSTER;DEC29=SERIES_FORWARD_CLUSTER;DEC26=PUT_CALL_PARITY;NOV26=SERIES_FORWARD_CLUSTER;MAR27=SERIES_FORWARD_CLUSTER;JUN27=SERIES_FORWARD_CLUSTER;DEC28=PUT_CALL_PARITY;DEC27=PUT_CALL_PARITY,SEP26=29348.75;AUG26=29412.5;OCT26=30137.875;DEC29=28924;DEC26=20179.125;NOV26=31093;MAR27=24435.5;JUN27=24130.625;DEC28=19739;DEC27=18304.5,DEC26=GLOBAL_REFERENCE_OUTLIER_PUT_CALL_PARITY;DEC28=GLOBAL_REFERENCE_OUTLIER_SERIES_FORWARD_CLUSTER;DEC27=GLOBAL_REFERENCE_OUTLIER_SERIES_FORWARD_CLUSTER,WEIGHTED_ATM,2026-09-04,6,130,0.0,NONE,4660,4136,0,0,517,NONE,MN1;MN2;MN3;MN4;MN5;QMW;QRW;QTW;QWW,OK,NONE,NONE,2026-08-26
NAS,30300.0,39332107.594458126,5.080675641907204,0.0,0.0,0.0,0.0,0.0,0.0,29723.678287786784,28973.821712213216,30098.60657557357,28598.89342442643,SEP26,AUG26,2026-08-28,2026-09-18,29348.75,29335.60827616128,FOUND,DEGRADED,SPOT_MONTH_FALLBACK;ESTIMATED_EXPIRY_ALIAS,2026-08-02.2,PUT_CALL_PARITY,SEP26,SEP26=PUT_CALL_PARITY;AUG26=SERIES_FORWARD_CLUSTER;OCT26=SERIES_FORWARD_CLUSTER;DEC29=SERIES_FORWARD_CLUSTER;DEC26=PUT_CALL_PARITY;NOV26=SERIES_FORWARD_CLUSTER;MAR27=SERIES_FORWARD_CLUSTER;JUN27=SERIES_FORWARD_CLUSTER;DEC28=PUT_CALL_PARITY;DEC27=PUT_CALL_PARITY,SEP26=29348.75;AUG26=29412.5;OCT26=30137.875;DEC29=28924;DEC26=20179.125;NOV26=31093;MAR27=24435.5;JUN27=24130.625;DEC28=19739;DEC27=18304.5,DEC26=GLOBAL_REFERENCE_OUTLIER_PUT_CALL_PARITY;DEC28=GLOBAL_REFERENCE_OUTLIER_SERIES_FORWARD_CLUSTER;DEC27=GLOBAL_REFERENCE_OUTLIER_SERIES_FORWARD_CLUSTER,WEIGHTED_ATM,2026-09-04,6,130,0.0,NONE,4660,4136,0,0,517,NONE,MN1;MN2;MN3;MN4;MN5;QMW;QRW;QTW;QWW,OK,NONE,NONE,2026-08-26
NAS,30325.0,53866.73211589569,0.006226682894561138,0.0,0.0,0.0,0.0,0.0,0.0,29723.678287786784,28973.821712213216,30098.60657557357,28598.89342442643,SEP26,AUG26,2026-08-28,2026-09-18,29348.75,29335.60827616128,FOUND,DEGRADED,SPOT_MONTH_FALLBACK;ESTIMATED_EXPIRY_ALIAS,2026-08-02.2,PUT_CALL_PARITY,SEP26,SEP26=PUT_CALL_PARITY;AUG26=SERIES_FORWARD_CLUSTER;OCT26=SERIES_FORWARD_CLUSTER;DEC29=SERIES_FORWARD_CLUSTER;DEC26=PUT_CALL_PARITY;NOV26=SERIES_FORWARD_CLUSTER;MAR27=SERIES_FORWARD_CLUSTER;JUN27=SERIES_FORWARD_CLUSTER;DEC28=PUT_CALL_PARITY;DEC27=PUT_CALL_PARITY,SEP26=29348.75;AUG26=29412.5;OCT26=30137.875;DEC29=28924;DEC26=20179.125;NOV26=31093;MAR27=24435.5;JUN27=24130.625;DEC28=19739;DEC27=18304.5,DEC26=GLOBAL_REFERENCE_OUTLIER_PUT_CALL_PARITY;DEC28=GLOBAL_REFERENCE_OUTLIER_SERIES_FORWARD_CLUSTER;DEC27=GLOBAL_REFERENCE_OUTLIER_SERIES_FORWARD_CLUSTER,WEIGHTED_ATM,2026-09-04,6,130,0.0,NONE,4660,4136,0,0,517,NONE,MN1;MN2;MN3;MN4;MN5;QMW;QRW;QTW;QWW,OK,NONE,NONE,2026-08-26
NAS,30350.0,3035784.62366894,0.3917852387004094,0.0,0.0,0.0,0.0,0.0,0.0,29723.678287786784,28973.821712213216,30098.60657557357,28598.89342442643,SEP26,AUG26,2026-08-28,2026-09-18,29348.75,29335.60827616128,FOUND,DEGRADED,SPOT_MONTH_FALLBACK;ESTIMATED_EXPIRY_ALIAS,2026-08-02.2,PUT_CALL_PARITY,SEP26,SEP26=PUT_CALL_PARITY;AUG26=SERIES_FORWARD_CLUSTER;OCT26=SERIES_FORWARD_CLUSTER;DEC29=SERIES_FORWARD_CLUSTER;DEC26=PUT_CALL_PARITY;NOV26=SERIES_FORWARD_CLUSTER;MAR27=SERIES_FORWARD_CLUSTER;JUN27=SERIES_FORWARD_CLUSTER;DEC28=PUT_CALL_PARITY;DEC27=PUT_CALL_PARITY,SEP26=29348.75;AUG26=29412.5;OCT26=30137.875;DEC29=28924;DEC26=20179.125;NOV26=31093;MAR27=24435.5;JUN27=24130.625;DEC28=19739;DEC27=18304.5,DEC26=GLOBAL_REFERENCE_OUTLIER_PUT_CALL_PARITY;DEC28=GLOBAL_REFERENCE_OUTLIER_SERIES_FORWARD_CLUSTER;DEC27=GLOBAL_REFERENCE_OUTLIER_SERIES_FORWARD_CLUSTER,WEIGHTED_ATM,2026-09-04,6,130,0.0,NONE,4660,4136,0,0,517,NONE,MN1;MN2;MN3;MN4;MN5;QMW;QRW;QTW;QWW,OK,NONE,NONE,2026-08-26
NAS,30375.0,12857.496863939738,0.0014862523239263297,0.0,0.0,0.0,0.0,0.0,0.0,29723.678287786784,28973.821712213216,30098.60657557357,28598.89342442643,SEP26,AUG26,2026-08-28,2026-09-18,29348.75,29335.60827616128,FOUND,DEGRADED,SPOT_MONTH_FALLBACK;ESTIMATED_EXPIRY_ALIAS,2026-08-02.2,PUT_CALL_PARITY,SEP26,SEP26=PUT_CALL_PARITY;AUG26=SERIES_FORWARD_CLUSTER;OCT26=SERIES_FORWARD_CLUSTER;DEC29=SERIES_FORWARD_CLUSTER;DEC26=PUT_CALL_PARITY;NOV26=SERIES_FORWARD_CLUSTER;MAR27=SERIES_FORWARD_CLUSTER;JUN27=SERIES_FORWARD_CLUSTER;DEC28=PUT_CALL_PARITY;DEC27=PUT_CALL_PARITY,SEP26=29348.75;AUG26=29412.5;OCT26=30137.875;DEC29=28924;DEC26=20179.125;NOV26=31093;MAR27=24435.5;JUN27=24130.625;DEC28=19739;DEC27=18304.5,DEC26=GLOBAL_REFERENCE_OUTLIER_PUT_CALL_PARITY;DEC28=GLOBAL_REFERENCE_OUTLIER_SERIES_FORWARD_CLUSTER;DEC27=GLOBAL_REFERENCE_OUTLIER_SERIES_FORWARD_CLUSTER,WEIGHTED_ATM,2026-09-04,6,130,0.0,NONE,4660,4136,0,0,517,NONE,MN1;MN2;MN3;MN4;MN5;QMW;QRW;QTW;QWW,OK,NONE,NONE,2026-08-26
NAS,30400.0,19620403.42282497,2.5886167182956052,0.0,0.0,0.0,0.0,0.0,0.0,29723.678287786784,28973.821712213216,30098.60657557357,28598.89342442643,SEP26,AUG26,2026-08-28,2026-09-18,29348.75,29335.60827616128,FOUND,DEGRADED,SPOT_MONTH_FALLBACK;ESTIMATED_EXPIRY_ALIAS,2026-08-02.2,PUT_CALL_PARITY,SEP26,SEP26=PUT_CALL_PARITY;AUG26=SERIES_FORWARD_CLUSTER;OCT26=SERIES_FORWARD_CLUSTER;DEC29=SERIES_FORWARD_CLUSTER;DEC26=PUT_CALL_PARITY;NOV26=SERIES_FORWARD_CLUSTER;MAR27=SERIES_FORWARD_CLUSTER;JUN27=SERIES_FORWARD_CLUSTER;DEC28=PUT_CALL_PARITY;DEC27=PUT_CALL_PARITY,SEP26=29348.75;AUG26=29412.5;OCT26=30137.875;DEC29=28924;DEC26=20179.125;NOV26=31093;MAR27=24435.5;JUN27=24130.625;DEC28=19739;DEC27=18304.5,DEC26=GLOBAL_REFERENCE_OUTLIER_PUT_CALL_PARITY;DEC28=GLOBAL_REFERENCE_OUTLIER_SERIES_FORWARD_CLUSTER;DEC27=GLOBAL_REFERENCE_OUTLIER_SERIES_FORWARD_CLUSTER,WEIGHTED_ATM,2026-09-04,6,130,0.0,NONE,4660,4136,0,0,517,NONE,MN1;MN2;MN3;MN4;MN5;QMW;QRW;QTW;QWW,OK,NONE,NONE,2026-08-26
NAS,30425.0,3608.18916924962,0.00041708581341390674,0.0,0.0,0.0,0.0,0.0,0.0,29723.678287786784,28973.821712213216,30098.60657557357,28598.89342442643,SEP26,AUG26,2026-08-28,2026-09-18,29348.75,29335.60827616128,FOUND,DEGRADED,SPOT_MONTH_FALLBACK;ESTIMATED_EXPIRY_ALIAS,2026-08-02.2,PUT_CALL_PARITY,SEP26,SEP26=PUT_CALL_PARITY;AUG26=SERIES_FORWARD_CLUSTER;OCT26=SERIES_FORWARD_CLUSTER;DEC29=SERIES_FORWARD_CLUSTER;DEC26=PUT_CALL_PARITY;NOV26=SERIES_FORWARD_CLUSTER;MAR27=SERIES_FORWARD_CLUSTER;JUN27=SERIES_FORWARD_CLUSTER;DEC28=PUT_CALL_PARITY;DEC27=PUT_CALL_PARITY,SEP26=29348.75;AUG26=29412.5;OCT26=30137.875;DEC29=28924;DEC26=20179.125;NOV26=31093;MAR27=24435.5;JUN27=24130.625;DEC28=19739;DEC27=18304.5,DEC26=GLOBAL_REFERENCE_OUTLIER_PUT_CALL_PARITY;DEC28=GLOBAL_REFERENCE_OUTLIER_SERIES_FORWARD_CLUSTER;DEC27=GLOBAL_REFERENCE_OUTLIER_SERIES_FORWARD_CLUSTER,WEIGHTED_ATM,2026-09-04,6,130,0.0,NONE,4660,4136,0,0,517,NONE,MN1;MN2;MN3;MN4;MN5;QMW;QRW;QTW;QWW,OK,NONE,NONE,2026-08-26
NAS,30450.0,2509326.5027681664,0.3179120792329997,0.0,0.0,0.0,0.0,0.0,0.0,29723.678287786784,28973.821712213216,30098.60657557357,28598.89342442643,SEP26,AUG26,2026-08-28,2026-09-18,29348.75,29335.60827616128,FOUND,DEGRADED,SPOT_MONTH_FALLBACK;ESTIMATED_EXPIRY_ALIAS,2026-08-02.2,PUT_CALL_PARITY,SEP26,SEP26=PUT_CALL_PARITY;AUG26=SERIES_FORWARD_CLUSTER;OCT26=SERIES_FORWARD_CLUSTER;DEC29=SERIES_FORWARD_CLUSTER;DEC26=PUT_CALL_PARITY;NOV26=SERIES_FORWARD_CLUSTER;MAR27=SERIES_FORWARD_CLUSTER;JUN27=SERIES_FORWARD_CLUSTER;DEC28=PUT_CALL_PARITY;DEC27=PUT_CALL_PARITY,SEP26=29348.75;AUG26=29412.5;OCT26=30137.875;DEC29=28924;DEC26=20179.125;NOV26=31093;MAR27=24435.5;JUN27=24130.625;DEC28=19739;DEC27=18304.5,DEC26=GLOBAL_REFERENCE_OUTLIER_PUT_CALL_PARITY;DEC28=GLOBAL_REFERENCE_OUTLIER_SERIES_FORWARD_CLUSTER;DEC27=GLOBAL_REFERENCE_OUTLIER_SERIES_FORWARD_CLUSTER,WEIGHTED_ATM,2026-09-04,6,130,0.0,NONE,4660,4136,0,0,517,NONE,MN1;MN2;MN3;MN4;MN5;QMW;QRW;QTW;QWW,OK,NONE,NONE,2026-08-26
NAS,30475.0,4434.635433308931,0.0005126182248588831,0.0,0.0,0.0,0.0,0.0,0.0,29723.678287786784,28973.821712213216,30098.60657557357,28598.89342442643,SEP26,AUG26,2026-08-28,2026-09-18,29348.75,29335.60827616128,FOUND,DEGRADED,SPOT_MONTH_FALLBACK;ESTIMATED_EXPIRY_ALIAS,2026-08-02.2,PUT_CALL_PARITY,SEP26,SEP26=PUT_CALL_PARITY;AUG26=SERIES_FORWARD_CLUSTER;OCT26=SERIES_FORWARD_CLUSTER;DEC29=SERIES_FORWARD_CLUSTER;DEC26=PUT_CALL_PARITY;NOV26=SERIES_FORWARD_CLUSTER;MAR27=SERIES_FORWARD_CLUSTER;JUN27=SERIES_FORWARD_CLUSTER;DEC28=PUT_CALL_PARITY;DEC27=PUT_CALL_PARITY,SEP26=29348.75;AUG26=29412.5;OCT26=30137.875;DEC29=28924;DEC26=20179.125;NOV26=31093;MAR27=24435.5;JUN27=24130.625;DEC28=19739;DEC27=18304.5,DEC26=GLOBAL_REFERENCE_OUTLIER_PUT_CALL_PARITY;DEC28=GLOBAL_REFERENCE_OUTLIER_SERIES_FORWARD_CLUSTER;DEC27=GLOBAL_REFERENCE_OUTLIER_SERIES_FORWARD_CLUSTER,WEIGHTED_ATM,2026-09-04,6,130,0.0,NONE,4660,4136,0,0,517,NONE,MN1;MN2;MN3;MN4;MN5;QMW;QRW;QTW;QWW,OK,NONE,NONE,2026-08-26
NAS,30500.0,67362365.32388829,8.660831938162858,0.0,0.0,0.0,0.0,0.0,0.0,29723.678287786784,28973.821712213216,30098.60657557357,28598.89342442643,SEP26,AUG26,2026-08-28,2026-09-18,29348.75,29335.60827616128,FOUND,DEGRADED,SPOT_MONTH_FALLBACK;ESTIMATED_EXPIRY_ALIAS,2026-08-02.2,PUT_CALL_PARITY,SEP26,SEP26=PUT_CALL_PARITY;AUG26=SERIES_FORWARD_CLUSTER;OCT26=SERIES_FORWARD_CLUSTER;DEC29=SERIES_FORWARD_CLUSTER;DEC26=PUT_CALL_PARITY;NOV26=SERIES_FORWARD_CLUSTER;MAR27=SERIES_FORWARD_CLUSTER;JUN27=SERIES_FORWARD_CLUSTER;DEC28=PUT_CALL_PARITY;DEC27=PUT_CALL_PARITY,SEP26=29348.75;AUG26=29412.5;OCT26=30137.875;DEC29=28924;DEC26=20179.125;NOV26=31093;MAR27=24435.5;JUN27=24130.625;DEC28=19739;DEC27=18304.5,DEC26=GLOBAL_REFERENCE_OUTLIER_PUT_CALL_PARITY;DEC28=GLOBAL_REFERENCE_OUTLIER_SERIES_FORWARD_CLUSTER;DEC27=GLOBAL_REFERENCE_OUTLIER_SERIES_FORWARD_CLUSTER,WEIGHTED_ATM,2026-09-04,6,130,0.0,NONE,4660,4136,0,0,517,NONE,MN1;MN2;MN3;MN4;MN5;QMW;QRW;QTW;QWW,OK,NONE,NONE,2026-08-26
NAS,30550.0,2314820.805638955,0.2686814440304872,0.0,0.0,0.0,0.0,0.0,0.0,29723.678287786784,28973.821712213216,30098.60657557357,28598.89342442643,SEP26,AUG26,2026-08-28,2026-09-18,29348.75,29335.60827616128,FOUND,DEGRADED,SPOT_MONTH_FALLBACK;ESTIMATED_EXPIRY_ALIAS,2026-08-02.2,PUT_CALL_PARITY,SEP26,SEP26=PUT_CALL_PARITY;AUG26=SERIES_FORWARD_CLUSTER;OCT26=SERIES_FORWARD_CLUSTER;DEC29=SERIES_FORWARD_CLUSTER;DEC26=PUT_CALL_PARITY;NOV26=SERIES_FORWARD_CLUSTER;MAR27=SERIES_FORWARD_CLUSTER;JUN27=SERIES_FORWARD_CLUSTER;DEC28=PUT_CALL_PARITY;DEC27=PUT_CALL_PARITY,SEP26=29348.75;AUG26=29412.5;OCT26=30137.875;DEC29=28924;DEC26=20179.125;NOV26=31093;MAR27=24435.5;JUN27=24130.625;DEC28=19739;DEC27=18304.5,DEC26=GLOBAL_REFERENCE_OUTLIER_PUT_CALL_PARITY;DEC28=GLOBAL_REFERENCE_OUTLIER_SERIES_FORWARD_CLUSTER;DEC27=GLOBAL_REFERENCE_OUTLIER_SERIES_FORWARD_CLUSTER,WEIGHTED_ATM,2026-09-04,6,130,0.0,NONE,4660,4136,0,0,517,NONE,MN1;MN2;MN3;MN4;MN5;QMW;QRW;QTW;QWW,OK,NONE,NONE,2026-08-26
NAS,30575.0,12380.75057270314,0.0014311432081496112,0.0,0.0,0.0,0.0,0.0,0.0,29723.678287786784,28973.821712213216,30098.60657557357,28598.89342442643,SEP26,AUG26,2026-08-28,2026-09-18,29348.75,29335.60827616128,FOUND,DEGRADED,SPOT_MONTH_FALLBACK;ESTIMATED_EXPIRY_ALIAS,2026-08-02.2,PUT_CALL_PARITY,SEP26,SEP26=PUT_CALL_PARITY;AUG26=SERIES_FORWARD_CLUSTER;OCT26=SERIES_FORWARD_CLUSTER;DEC29=SERIES_FORWARD_CLUSTER;DEC26=PUT_CALL_PARITY;NOV26=SERIES_FORWARD_CLUSTER;MAR27=SERIES_FORWARD_CLUSTER;JUN27=SERIES_FORWARD_CLUSTER;DEC28=PUT_CALL_PARITY;DEC27=PUT_CALL_PARITY,SEP26=29348.75;AUG26=29412.5;OCT26=30137.875;DEC29=28924;DEC26=20179.125;NOV26=31093;MAR27=24435.5;JUN27=24130.625;DEC28=19739;DEC27=18304.5,DEC26=GLOBAL_REFERENCE_OUTLIER_PUT_CALL_PARITY;DEC28=GLOBAL_REFERENCE_OUTLIER_SERIES_FORWARD_CLUSTER;DEC27=GLOBAL_REFERENCE_OUTLIER_SERIES_FORWARD_CLUSTER,WEIGHTED_ATM,2026-09-04,6,130,0.0,NONE,4660,4136,0,0,517,NONE,MN1;MN2;MN3;MN4;MN5;QMW;QRW;QTW;QWW,OK,NONE,NONE,2026-08-26
NAS,30600.0,16180185.783802222,1.9453360651526999,0.0,0.0,0.0,0.0,0.0,0.0,29723.678287786784,28973.821712213216,30098.60657557357,28598.89342442643,SEP26,AUG26,2026-08-28,2026-09-18,29348.75,29335.60827616128,FOUND,DEGRADED,SPOT_MONTH_FALLBACK;ESTIMATED_EXPIRY_ALIAS,2026-08-02.2,PUT_CALL_PARITY,SEP26,SEP26=PUT_CALL_PARITY;AUG26=SERIES_FORWARD_CLUSTER;OCT26=SERIES_FORWARD_CLUSTER;DEC29=SERIES_FORWARD_CLUSTER;DEC26=PUT_CALL_PARITY;NOV26=SERIES_FORWARD_CLUSTER;MAR27=SERIES_FORWARD_CLUSTER;JUN27=SERIES_FORWARD_CLUSTER;DEC28=PUT_CALL_PARITY;DEC27=PUT_CALL_PARITY,SEP26=29348.75;AUG26=29412.5;OCT26=30137.875;DEC29=28924;DEC26=20179.125;NOV26=31093;MAR27=24435.5;JUN27=24130.625;DEC28=19739;DEC27=18304.5,DEC26=GLOBAL_REFERENCE_OUTLIER_PUT_CALL_PARITY;DEC28=GLOBAL_REFERENCE_OUTLIER_SERIES_FORWARD_CLUSTER;DEC27=GLOBAL_REFERENCE_OUTLIER_SERIES_FORWARD_CLUSTER,WEIGHTED_ATM,2026-09-04,6,130,0.0,NONE,4660,4136,0,0,517,NONE,MN1;MN2;MN3;MN4;MN5;QMW;QRW;QTW;QWW,OK,NONE,NONE,2026-08-26
NAS,30625.0,0.0,0.0,0.0,0.0,0.0,0.0,0.0,0.0,29723.678287786784,28973.821712213216,30098.60657557357,28598.89342442643,SEP26,AUG26,2026-08-28,2026-09-18,29348.75,29335.60827616128,FOUND,DEGRADED,SPOT_MONTH_FALLBACK;ESTIMATED_EXPIRY_ALIAS,2026-08-02.2,PUT_CALL_PARITY,SEP26,SEP26=PUT_CALL_PARITY;AUG26=SERIES_FORWARD_CLUSTER;OCT26=SERIES_FORWARD_CLUSTER;DEC29=SERIES_FORWARD_CLUSTER;DEC26=PUT_CALL_PARITY;NOV26=SERIES_FORWARD_CLUSTER;MAR27=SERIES_FORWARD_CLUSTER;JUN27=SERIES_FORWARD_CLUSTER;DEC28=PUT_CALL_PARITY;DEC27=PUT_CALL_PARITY,SEP26=29348.75;AUG26=29412.5;OCT26=30137.875;DEC29=28924;DEC26=20179.125;NOV26=31093;MAR27=24435.5;JUN27=24130.625;DEC28=19739;DEC27=18304.5,DEC26=GLOBAL_REFERENCE_OUTLIER_PUT_CALL_PARITY;DEC28=GLOBAL_REFERENCE_OUTLIER_SERIES_FORWARD_CLUSTER;DEC27=GLOBAL_REFERENCE_OUTLIER_SERIES_FORWARD_CLUSTER,WEIGHTED_ATM,2026-09-04,6,130,0.0,NONE,4660,4136,0,0,517,NONE,MN1;MN2;MN3;MN4;MN5;QMW;QRW;QTW;QWW,OK,NONE,NONE,2026-08-26
NAS,30650.0,1036244.5331440626,0.12755163692603788,0.0,0.0,0.0,0.0,0.0,0.0,29723.678287786784,28973.821712213216,30098.60657557357,28598.89342442643,SEP26,AUG26,2026-08-28,2026-09-18,29348.75,29335.60827616128,FOUND,DEGRADED,SPOT_MONTH_FALLBACK;ESTIMATED_EXPIRY_ALIAS,2026-08-02.2,PUT_CALL_PARITY,SEP26,SEP26=PUT_CALL_PARITY;AUG26=SERIES_FORWARD_CLUSTER;OCT26=SERIES_FORWARD_CLUSTER;DEC29=SERIES_FORWARD_CLUSTER;DEC26=PUT_CALL_PARITY;NOV26=SERIES_FORWARD_CLUSTER;MAR27=SERIES_FORWARD_CLUSTER;JUN27=SERIES_FORWARD_CLUSTER;DEC28=PUT_CALL_PARITY;DEC27=PUT_CALL_PARITY,SEP26=29348.75;AUG26=29412.5;OCT26=30137.875;DEC29=28924;DEC26=20179.125;NOV26=31093;MAR27=24435.5;JUN27=24130.625;DEC28=19739;DEC27=18304.5,DEC26=GLOBAL_REFERENCE_OUTLIER_PUT_CALL_PARITY;DEC28=GLOBAL_REFERENCE_OUTLIER_SERIES_FORWARD_CLUSTER;DEC27=GLOBAL_REFERENCE_OUTLIER_SERIES_FORWARD_CLUSTER,WEIGHTED_ATM,2026-09-04,6,130,0.0,NONE,4660,4136,0,0,517,NONE,MN1;MN2;MN3;MN4;MN5;QMW;QRW;QTW;QWW,OK,NONE,NONE,2026-08-26
NAS,30675.0,0.0,0.0,0.0,0.0,0.0,0.0,0.0,0.0,29723.678287786784,28973.821712213216,30098.60657557357,28598.89342442643,SEP26,AUG26,2026-08-28,2026-09-18,29348.75,29335.60827616128,FOUND,DEGRADED,SPOT_MONTH_FALLBACK;ESTIMATED_EXPIRY_ALIAS,2026-08-02.2,PUT_CALL_PARITY,SEP26,SEP26=PUT_CALL_PARITY;AUG26=SERIES_FORWARD_CLUSTER;OCT26=SERIES_FORWARD_CLUSTER;DEC29=SERIES_FORWARD_CLUSTER;DEC26=PUT_CALL_PARITY;NOV26=SERIES_FORWARD_CLUSTER;MAR27=SERIES_FORWARD_CLUSTER;JUN27=SERIES_FORWARD_CLUSTER;DEC28=PUT_CALL_PARITY;DEC27=PUT_CALL_PARITY,SEP26=29348.75;AUG26=29412.5;OCT26=30137.875;DEC29=28924;DEC26=20179.125;NOV26=31093;MAR27=24435.5;JUN27=24130.625;DEC28=19739;DEC27=18304.5,DEC26=GLOBAL_REFERENCE_OUTLIER_PUT_CALL_PARITY;DEC28=GLOBAL_REFERENCE_OUTLIER_SERIES_FORWARD_CLUSTER;DEC27=GLOBAL_REFERENCE_OUTLIER_SERIES_FORWARD_CLUSTER,WEIGHTED_ATM,2026-09-04,6,130,0.0,NONE,4660,4136,0,0,517,NONE,MN1;MN2;MN3;MN4;MN5;QMW;QRW;QTW;QWW,OK,NONE,NONE,2026-08-26
NAS,30700.0,22806606.734689202,2.8144314001304886,0.0,0.0,0.0,0.0,0.0,0.0,29723.678287786784,28973.821712213216,30098.60657557357,28598.89342442643,SEP26,AUG26,2026-08-28,2026-09-18,29348.75,29335.60827616128,FOUND,DEGRADED,SPOT_MONTH_FALLBACK;ESTIMATED_EXPIRY_ALIAS,2026-08-02.2,PUT_CALL_PARITY,SEP26,SEP26=PUT_CALL_PARITY;AUG26=SERIES_FORWARD_CLUSTER;OCT26=SERIES_FORWARD_CLUSTER;DEC29=SERIES_FORWARD_CLUSTER;DEC26=PUT_CALL_PARITY;NOV26=SERIES_FORWARD_CLUSTER;MAR27=SERIES_FORWARD_CLUSTER;JUN27=SERIES_FORWARD_CLUSTER;DEC28=PUT_CALL_PARITY;DEC27=PUT_CALL_PARITY,SEP26=29348.75;AUG26=29412.5;OCT26=30137.875;DEC29=28924;DEC26=20179.125;NOV26=31093;MAR27=24435.5;JUN27=24130.625;DEC28=19739;DEC27=18304.5,DEC26=GLOBAL_REFERENCE_OUTLIER_PUT_CALL_PARITY;DEC28=GLOBAL_REFERENCE_OUTLIER_SERIES_FORWARD_CLUSTER;DEC27=GLOBAL_REFERENCE_OUTLIER_SERIES_FORWARD_CLUSTER,WEIGHTED_ATM,2026-09-04,6,130,0.0,NONE,4660,4136,0,0,517,NONE,MN1;MN2;MN3;MN4;MN5;QMW;QRW;QTW;QWW,OK,NONE,NONE,2026-08-26
NAS,30750.0,25817632.97446485,3.3665781806565844,0.0,0.0,0.0,0.0,0.0,0.0,29723.678287786784,28973.821712213216,30098.60657557357,28598.89342442643,SEP26,AUG26,2026-08-28,2026-09-18,29348.75,29335.60827616128,FOUND,DEGRADED,SPOT_MONTH_FALLBACK;ESTIMATED_EXPIRY_ALIAS,2026-08-02.2,PUT_CALL_PARITY,SEP26,SEP26=PUT_CALL_PARITY;AUG26=SERIES_FORWARD_CLUSTER;OCT26=SERIES_FORWARD_CLUSTER;DEC29=SERIES_FORWARD_CLUSTER;DEC26=PUT_CALL_PARITY;NOV26=SERIES_FORWARD_CLUSTER;MAR27=SERIES_FORWARD_CLUSTER;JUN27=SERIES_FORWARD_CLUSTER;DEC28=PUT_CALL_PARITY;DEC27=PUT_CALL_PARITY,SEP26=29348.75;AUG26=29412.5;OCT26=30137.875;DEC29=28924;DEC26=20179.125;NOV26=31093;MAR27=24435.5;JUN27=24130.625;DEC28=19739;DEC27=18304.5,DEC26=GLOBAL_REFERENCE_OUTLIER_PUT_CALL_PARITY;DEC28=GLOBAL_REFERENCE_OUTLIER_SERIES_FORWARD_CLUSTER;DEC27=GLOBAL_REFERENCE_OUTLIER_SERIES_FORWARD_CLUSTER,WEIGHTED_ATM,2026-09-04,6,130,0.0,NONE,4660,4136,0,0,517,NONE,MN1;MN2;MN3;MN4;MN5;QMW;QRW;QTW;QWW,OK,NONE,NONE,2026-08-26
NAS,30775.0,0.0,0.0,0.0,0.0,0.0,0.0,0.0,0.0,29723.678287786784,28973.821712213216,30098.60657557357,28598.89342442643,SEP26,AUG26,2026-08-28,2026-09-18,29348.75,29335.60827616128,FOUND,DEGRADED,SPOT_MONTH_FALLBACK;ESTIMATED_EXPIRY_ALIAS,2026-08-02.2,PUT_CALL_PARITY,SEP26,SEP26=PUT_CALL_PARITY;AUG26=SERIES_FORWARD_CLUSTER;OCT26=SERIES_FORWARD_CLUSTER;DEC29=SERIES_FORWARD_CLUSTER;DEC26=PUT_CALL_PARITY;NOV26=SERIES_FORWARD_CLUSTER;MAR27=SERIES_FORWARD_CLUSTER;JUN27=SERIES_FORWARD_CLUSTER;DEC28=PUT_CALL_PARITY;DEC27=PUT_CALL_PARITY,SEP26=29348.75;AUG26=29412.5;OCT26=30137.875;DEC29=28924;DEC26=20179.125;NOV26=31093;MAR27=24435.5;JUN27=24130.625;DEC28=19739;DEC27=18304.5,DEC26=GLOBAL_REFERENCE_OUTLIER_PUT_CALL_PARITY;DEC28=GLOBAL_REFERENCE_OUTLIER_SERIES_FORWARD_CLUSTER;DEC27=GLOBAL_REFERENCE_OUTLIER_SERIES_FORWARD_CLUSTER,WEIGHTED_ATM,2026-09-04,6,130,0.0,NONE,4660,4136,0,0,517,NONE,MN1;MN2;MN3;MN4;MN5;QMW;QRW;QTW;QWW,OK,NONE,NONE,2026-08-26
NAS,30800.0,15526698.983832518,1.832975915758349,0.0,0.0,0.0,0.0,0.0,0.0,29723.678287786784,28973.821712213216,30098.60657557357,28598.89342442643,SEP26,AUG26,2026-08-28,2026-09-18,29348.75,29335.60827616128,FOUND,DEGRADED,SPOT_MONTH_FALLBACK;ESTIMATED_EXPIRY_ALIAS,2026-08-02.2,PUT_CALL_PARITY,SEP26,SEP26=PUT_CALL_PARITY;AUG26=SERIES_FORWARD_CLUSTER;OCT26=SERIES_FORWARD_CLUSTER;DEC29=SERIES_FORWARD_CLUSTER;DEC26=PUT_CALL_PARITY;NOV26=SERIES_FORWARD_CLUSTER;MAR27=SERIES_FORWARD_CLUSTER;JUN27=SERIES_FORWARD_CLUSTER;DEC28=PUT_CALL_PARITY;DEC27=PUT_CALL_PARITY,SEP26=29348.75;AUG26=29412.5;OCT26=30137.875;DEC29=28924;DEC26=20179.125;NOV26=31093;MAR27=24435.5;JUN27=24130.625;DEC28=19739;DEC27=18304.5,DEC26=GLOBAL_REFERENCE_OUTLIER_PUT_CALL_PARITY;DEC28=GLOBAL_REFERENCE_OUTLIER_SERIES_FORWARD_CLUSTER;DEC27=GLOBAL_REFERENCE_OUTLIER_SERIES_FORWARD_CLUSTER,WEIGHTED_ATM,2026-09-04,6,130,0.0,NONE,4660,4136,0,0,517,NONE,MN1;MN2;MN3;MN4;MN5;QMW;QRW;QTW;QWW,OK,NONE,NONE,2026-08-26
NAS,30850.0,307266.27797860495,0.03563404344391447,0.0,0.0,0.0,0.0,0.0,0.0,29723.678287786784,28973.821712213216,30098.60657557357,28598.89342442643,SEP26,AUG26,2026-08-28,2026-09-18,29348.75,29335.60827616128,FOUND,DEGRADED,SPOT_MONTH_FALLBACK;ESTIMATED_EXPIRY_ALIAS,2026-08-02.2,PUT_CALL_PARITY,SEP26,SEP26=PUT_CALL_PARITY;AUG26=SERIES_FORWARD_CLUSTER;OCT26=SERIES_FORWARD_CLUSTER;DEC29=SERIES_FORWARD_CLUSTER;DEC26=PUT_CALL_PARITY;NOV26=SERIES_FORWARD_CLUSTER;MAR27=SERIES_FORWARD_CLUSTER;JUN27=SERIES_FORWARD_CLUSTER;DEC28=PUT_CALL_PARITY;DEC27=PUT_CALL_PARITY,SEP26=29348.75;AUG26=29412.5;OCT26=30137.875;DEC29=28924;DEC26=20179.125;NOV26=31093;MAR27=24435.5;JUN27=24130.625;DEC28=19739;DEC27=18304.5,DEC26=GLOBAL_REFERENCE_OUTLIER_PUT_CALL_PARITY;DEC28=GLOBAL_REFERENCE_OUTLIER_SERIES_FORWARD_CLUSTER;DEC27=GLOBAL_REFERENCE_OUTLIER_SERIES_FORWARD_CLUSTER,WEIGHTED_ATM,2026-09-04,6,130,0.0,NONE,4660,4136,0,0,517,NONE,MN1;MN2;MN3;MN4;MN5;QMW;QRW;QTW;QWW,OK,NONE,NONE,2026-08-26
NAS,30900.0,10332141.118333481,1.3347721214665191,0.0,0.0,0.0,0.0,0.0,0.0,29723.678287786784,28973.821712213216,30098.60657557357,28598.89342442643,SEP26,AUG26,2026-08-28,2026-09-18,29348.75,29335.60827616128,FOUND,DEGRADED,SPOT_MONTH_FALLBACK;ESTIMATED_EXPIRY_ALIAS,2026-08-02.2,PUT_CALL_PARITY,SEP26,SEP26=PUT_CALL_PARITY;AUG26=SERIES_FORWARD_CLUSTER;OCT26=SERIES_FORWARD_CLUSTER;DEC29=SERIES_FORWARD_CLUSTER;DEC26=PUT_CALL_PARITY;NOV26=SERIES_FORWARD_CLUSTER;MAR27=SERIES_FORWARD_CLUSTER;JUN27=SERIES_FORWARD_CLUSTER;DEC28=PUT_CALL_PARITY;DEC27=PUT_CALL_PARITY,SEP26=29348.75;AUG26=29412.5;OCT26=30137.875;DEC29=28924;DEC26=20179.125;NOV26=31093;MAR27=24435.5;JUN27=24130.625;DEC28=19739;DEC27=18304.5,DEC26=GLOBAL_REFERENCE_OUTLIER_PUT_CALL_PARITY;DEC28=GLOBAL_REFERENCE_OUTLIER_SERIES_FORWARD_CLUSTER;DEC27=GLOBAL_REFERENCE_OUTLIER_SERIES_FORWARD_CLUSTER,WEIGHTED_ATM,2026-09-04,6,130,0.0,NONE,4660,4136,0,0,517,NONE,MN1;MN2;MN3;MN4;MN5;QMW;QRW;QTW;QWW,OK,NONE,NONE,2026-08-26
NAS,30925.0,0.0,0.0,0.0,0.0,0.0,0.0,0.0,0.0,29723.678287786784,28973.821712213216,30098.60657557357,28598.89342442643,SEP26,AUG26,2026-08-28,2026-09-18,29348.75,29335.60827616128,FOUND,DEGRADED,SPOT_MONTH_FALLBACK;ESTIMATED_EXPIRY_ALIAS,2026-08-02.2,PUT_CALL_PARITY,SEP26,SEP26=PUT_CALL_PARITY;AUG26=SERIES_FORWARD_CLUSTER;OCT26=SERIES_FORWARD_CLUSTER;DEC29=SERIES_FORWARD_CLUSTER;DEC26=PUT_CALL_PARITY;NOV26=SERIES_FORWARD_CLUSTER;MAR27=SERIES_FORWARD_CLUSTER;JUN27=SERIES_FORWARD_CLUSTER;DEC28=PUT_CALL_PARITY;DEC27=PUT_CALL_PARITY,SEP26=29348.75;AUG26=29412.5;OCT26=30137.875;DEC29=28924;DEC26=20179.125;NOV26=31093;MAR27=24435.5;JUN27=24130.625;DEC28=19739;DEC27=18304.5,DEC26=GLOBAL_REFERENCE_OUTLIER_PUT_CALL_PARITY;DEC28=GLOBAL_REFERENCE_OUTLIER_SERIES_FORWARD_CLUSTER;DEC27=GLOBAL_REFERENCE_OUTLIER_SERIES_FORWARD_CLUSTER,WEIGHTED_ATM,2026-09-04,6,130,0.0,NONE,4660,4136,0,0,517,NONE,MN1;MN2;MN3;MN4;MN5;QMW;QRW;QTW;QWW,OK,NONE,NONE,2026-08-26
NAS,30950.0,160202.88361033093,0.018556498991412734,0.0,0.0,0.0,0.0,0.0,0.0,29723.678287786784,28973.821712213216,30098.60657557357,28598.89342442643,SEP26,AUG26,2026-08-28,2026-09-18,29348.75,29335.60827616128,FOUND,DEGRADED,SPOT_MONTH_FALLBACK;ESTIMATED_EXPIRY_ALIAS,2026-08-02.2,PUT_CALL_PARITY,SEP26,SEP26=PUT_CALL_PARITY;AUG26=SERIES_FORWARD_CLUSTER;OCT26=SERIES_FORWARD_CLUSTER;DEC29=SERIES_FORWARD_CLUSTER;DEC26=PUT_CALL_PARITY;NOV26=SERIES_FORWARD_CLUSTER;MAR27=SERIES_FORWARD_CLUSTER;JUN27=SERIES_FORWARD_CLUSTER;DEC28=PUT_CALL_PARITY;DEC27=PUT_CALL_PARITY,SEP26=29348.75;AUG26=29412.5;OCT26=30137.875;DEC29=28924;DEC26=20179.125;NOV26=31093;MAR27=24435.5;JUN27=24130.625;DEC28=19739;DEC27=18304.5,DEC26=GLOBAL_REFERENCE_OUTLIER_PUT_CALL_PARITY;DEC28=GLOBAL_REFERENCE_OUTLIER_SERIES_FORWARD_CLUSTER;DEC27=GLOBAL_REFERENCE_OUTLIER_SERIES_FORWARD_CLUSTER,WEIGHTED_ATM,2026-09-04,6,130,0.0,NONE,4660,4136,0,0,517,NONE,MN1;MN2;MN3;MN4;MN5;QMW;QRW;QTW;QWW,OK,NONE,NONE,2026-08-26
NAS,30975.0,0.0,0.0,0.0,0.0,0.0,0.0,0.0,0.0,29723.678287786784,28973.821712213216,30098.60657557357,28598.89342442643,SEP26,AUG26,2026-08-28,2026-09-18,29348.75,29335.60827616128,FOUND,DEGRADED,SPOT_MONTH_FALLBACK;ESTIMATED_EXPIRY_ALIAS,2026-08-02.2,PUT_CALL_PARITY,SEP26,SEP26=PUT_CALL_PARITY;AUG26=SERIES_FORWARD_CLUSTER;OCT26=SERIES_FORWARD_CLUSTER;DEC29=SERIES_FORWARD_CLUSTER;DEC26=PUT_CALL_PARITY;NOV26=SERIES_FORWARD_CLUSTER;MAR27=SERIES_FORWARD_CLUSTER;JUN27=SERIES_FORWARD_CLUSTER;DEC28=PUT_CALL_PARITY;DEC27=PUT_CALL_PARITY,SEP26=29348.75;AUG26=29412.5;OCT26=30137.875;DEC29=28924;DEC26=20179.125;NOV26=31093;MAR27=24435.5;JUN27=24130.625;DEC28=19739;DEC27=18304.5,DEC26=GLOBAL_REFERENCE_OUTLIER_PUT_CALL_PARITY;DEC28=GLOBAL_REFERENCE_OUTLIER_SERIES_FORWARD_CLUSTER;DEC27=GLOBAL_REFERENCE_OUTLIER_SERIES_FORWARD_CLUSTER,WEIGHTED_ATM,2026-09-04,6,130,0.0,NONE,4660,4136,0,0,517,NONE,MN1;MN2;MN3;MN4;MN5;QMW;QRW;QTW;QWW,OK,NONE,NONE,2026-08-26
NAS,31000.0,60697393.94623957,7.301708412632586,0.0,0.0,0.0,0.0,0.0,0.0,29723.678287786784,28973.821712213216,30098.60657557357,28598.89342442643,SEP26,AUG26,2026-08-28,2026-09-18,29348.75,29335.60827616128,FOUND,DEGRADED,SPOT_MONTH_FALLBACK;ESTIMATED_EXPIRY_ALIAS,2026-08-02.2,PUT_CALL_PARITY,SEP26,SEP26=PUT_CALL_PARITY;AUG26=SERIES_FORWARD_CLUSTER;OCT26=SERIES_FORWARD_CLUSTER;DEC29=SERIES_FORWARD_CLUSTER;DEC26=PUT_CALL_PARITY;NOV26=SERIES_FORWARD_CLUSTER;MAR27=SERIES_FORWARD_CLUSTER;JUN27=SERIES_FORWARD_CLUSTER;DEC28=PUT_CALL_PARITY;DEC27=PUT_CALL_PARITY,SEP26=29348.75;AUG26=29412.5;OCT26=30137.875;DEC29=28924;DEC26=20179.125;NOV26=31093;MAR27=24435.5;JUN27=24130.625;DEC28=19739;DEC27=18304.5,DEC26=GLOBAL_REFERENCE_OUTLIER_PUT_CALL_PARITY;DEC28=GLOBAL_REFERENCE_OUTLIER_SERIES_FORWARD_CLUSTER;DEC27=GLOBAL_REFERENCE_OUTLIER_SERIES_FORWARD_CLUSTER,WEIGHTED_ATM,2026-09-04,6,130,0.0,NONE,4660,4136,0,0,517,NONE,MN1;MN2;MN3;MN4;MN5;QMW;QRW;QTW;QWW,OK,NONE,NONE,2026-08-26
NAS,31050.0,151124.93719702793,0.01752261840667414,0.0,0.0,0.0,0.0,0.0,0.0,29723.678287786784,28973.821712213216,30098.60657557357,28598.89342442643,SEP26,AUG26,2026-08-28,2026-09-18,29348.75,29335.60827616128,FOUND,DEGRADED,SPOT_MONTH_FALLBACK;ESTIMATED_EXPIRY_ALIAS,2026-08-02.2,PUT_CALL_PARITY,SEP26,SEP26=PUT_CALL_PARITY;AUG26=SERIES_FORWARD_CLUSTER;OCT26=SERIES_FORWARD_CLUSTER;DEC29=SERIES_FORWARD_CLUSTER;DEC26=PUT_CALL_PARITY;NOV26=SERIES_FORWARD_CLUSTER;MAR27=SERIES_FORWARD_CLUSTER;JUN27=SERIES_FORWARD_CLUSTER;DEC28=PUT_CALL_PARITY;DEC27=PUT_CALL_PARITY,SEP26=29348.75;AUG26=29412.5;OCT26=30137.875;DEC29=28924;DEC26=20179.125;NOV26=31093;MAR27=24435.5;JUN27=24130.625;DEC28=19739;DEC27=18304.5,DEC26=GLOBAL_REFERENCE_OUTLIER_PUT_CALL_PARITY;DEC28=GLOBAL_REFERENCE_OUTLIER_SERIES_FORWARD_CLUSTER;DEC27=GLOBAL_REFERENCE_OUTLIER_SERIES_FORWARD_CLUSTER,WEIGHTED_ATM,2026-09-04,6,130,0.0,NONE,4660,4136,0,0,517,NONE,MN1;MN2;MN3;MN4;MN5;QMW;QRW;QTW;QWW,OK,NONE,NONE,2026-08-26
NAS,31100.0,26400008.00882522,3.104334512179649,0.0,0.0,0.0,0.0,0.0,0.0,29723.678287786784,28973.821712213216,30098.60657557357,28598.89342442643,SEP26,AUG26,2026-08-28,2026-09-18,29348.75,29335.60827616128,FOUND,DEGRADED,SPOT_MONTH_FALLBACK;ESTIMATED_EXPIRY_ALIAS,2026-08-02.2,PUT_CALL_PARITY,SEP26,SEP26=PUT_CALL_PARITY;AUG26=SERIES_FORWARD_CLUSTER;OCT26=SERIES_FORWARD_CLUSTER;DEC29=SERIES_FORWARD_CLUSTER;DEC26=PUT_CALL_PARITY;NOV26=SERIES_FORWARD_CLUSTER;MAR27=SERIES_FORWARD_CLUSTER;JUN27=SERIES_FORWARD_CLUSTER;DEC28=PUT_CALL_PARITY;DEC27=PUT_CALL_PARITY,SEP26=29348.75;AUG26=29412.5;OCT26=30137.875;DEC29=28924;DEC26=20179.125;NOV26=31093;MAR27=24435.5;JUN27=24130.625;DEC28=19739;DEC27=18304.5,DEC26=GLOBAL_REFERENCE_OUTLIER_PUT_CALL_PARITY;DEC28=GLOBAL_REFERENCE_OUTLIER_SERIES_FORWARD_CLUSTER;DEC27=GLOBAL_REFERENCE_OUTLIER_SERIES_FORWARD_CLUSTER,WEIGHTED_ATM,2026-09-04,6,130,0.0,NONE,4660,4136,0,0,517,NONE,MN1;MN2;MN3;MN4;MN5;QMW;QRW;QTW;QWW,OK,NONE,NONE,2026-08-26
NAS,31150.0,330866.6368113279,0.038401853491429015,0.0,0.0,0.0,0.0,0.0,0.0,29723.678287786784,28973.821712213216,30098.60657557357,28598.89342442643,SEP26,AUG26,2026-08-28,2026-09-18,29348.75,29335.60827616128,FOUND,DEGRADED,SPOT_MONTH_FALLBACK;ESTIMATED_EXPIRY_ALIAS,2026-08-02.2,PUT_CALL_PARITY,SEP26,SEP26=PUT_CALL_PARITY;AUG26=SERIES_FORWARD_CLUSTER;OCT26=SERIES_FORWARD_CLUSTER;DEC29=SERIES_FORWARD_CLUSTER;DEC26=PUT_CALL_PARITY;NOV26=SERIES_FORWARD_CLUSTER;MAR27=SERIES_FORWARD_CLUSTER;JUN27=SERIES_FORWARD_CLUSTER;DEC28=PUT_CALL_PARITY;DEC27=PUT_CALL_PARITY,SEP26=29348.75;AUG26=29412.5;OCT26=30137.875;DEC29=28924;DEC26=20179.125;NOV26=31093;MAR27=24435.5;JUN27=24130.625;DEC28=19739;DEC27=18304.5,DEC26=GLOBAL_REFERENCE_OUTLIER_PUT_CALL_PARITY;DEC28=GLOBAL_REFERENCE_OUTLIER_SERIES_FORWARD_CLUSTER;DEC27=GLOBAL_REFERENCE_OUTLIER_SERIES_FORWARD_CLUSTER,WEIGHTED_ATM,2026-09-04,6,130,0.0,NONE,4660,4136,0,0,517,NONE,MN1;MN2;MN3;MN4;MN5;QMW;QRW;QTW;QWW,OK,NONE,NONE,2026-08-26
NAS,31200.0,7863917.950753254,0.9127678016509696,0.0,0.0,0.0,0.0,0.0,0.0,29723.678287786784,28973.821712213216,30098.60657557357,28598.89342442643,SEP26,AUG26,2026-08-28,2026-09-18,29348.75,29335.60827616128,FOUND,DEGRADED,SPOT_MONTH_FALLBACK;ESTIMATED_EXPIRY_ALIAS,2026-08-02.2,PUT_CALL_PARITY,SEP26,SEP26=PUT_CALL_PARITY;AUG26=SERIES_FORWARD_CLUSTER;OCT26=SERIES_FORWARD_CLUSTER;DEC29=SERIES_FORWARD_CLUSTER;DEC26=PUT_CALL_PARITY;NOV26=SERIES_FORWARD_CLUSTER;MAR27=SERIES_FORWARD_CLUSTER;JUN27=SERIES_FORWARD_CLUSTER;DEC28=PUT_CALL_PARITY;DEC27=PUT_CALL_PARITY,SEP26=29348.75;AUG26=29412.5;OCT26=30137.875;DEC29=28924;DEC26=20179.125;NOV26=31093;MAR27=24435.5;JUN27=24130.625;DEC28=19739;DEC27=18304.5,DEC26=GLOBAL_REFERENCE_OUTLIER_PUT_CALL_PARITY;DEC28=GLOBAL_REFERENCE_OUTLIER_SERIES_FORWARD_CLUSTER;DEC27=GLOBAL_REFERENCE_OUTLIER_SERIES_FORWARD_CLUSTER,WEIGHTED_ATM,2026-09-04,6,130,0.0,NONE,4660,4136,0,0,517,NONE,MN1;MN2;MN3;MN4;MN5;QMW;QRW;QTW;QWW,OK,NONE,NONE,2026-08-26
NAS,31250.0,20721325.941654183,2.3774845102078506,0.0,0.0,0.0,0.0,0.0,0.0,29723.678287786784,28973.821712213216,30098.60657557357,28598.89342442643,SEP26,AUG26,2026-08-28,2026-09-18,29348.75,29335.60827616128,FOUND,DEGRADED,SPOT_MONTH_FALLBACK;ESTIMATED_EXPIRY_ALIAS,2026-08-02.2,PUT_CALL_PARITY,SEP26,SEP26=PUT_CALL_PARITY;AUG26=SERIES_FORWARD_CLUSTER;OCT26=SERIES_FORWARD_CLUSTER;DEC29=SERIES_FORWARD_CLUSTER;DEC26=PUT_CALL_PARITY;NOV26=SERIES_FORWARD_CLUSTER;MAR27=SERIES_FORWARD_CLUSTER;JUN27=SERIES_FORWARD_CLUSTER;DEC28=PUT_CALL_PARITY;DEC27=PUT_CALL_PARITY,SEP26=29348.75;AUG26=29412.5;OCT26=30137.875;DEC29=28924;DEC26=20179.125;NOV26=31093;MAR27=24435.5;JUN27=24130.625;DEC28=19739;DEC27=18304.5,DEC26=GLOBAL_REFERENCE_OUTLIER_PUT_CALL_PARITY;DEC28=GLOBAL_REFERENCE_OUTLIER_SERIES_FORWARD_CLUSTER;DEC27=GLOBAL_REFERENCE_OUTLIER_SERIES_FORWARD_CLUSTER,WEIGHTED_ATM,2026-09-04,6,130,0.0,NONE,4660,4136,0,0,517,NONE,MN1;MN2;MN3;MN4;MN5;QMW;QRW;QTW;QWW,OK,NONE,NONE,2026-08-26
NAS,31300.0,8013931.537267586,0.9235945770154946,0.0,0.0,0.0,0.0,0.0,0.0,29723.678287786784,28973.821712213216,30098.60657557357,28598.89342442643,SEP26,AUG26,2026-08-28,2026-09-18,29348.75,29335.60827616128,FOUND,DEGRADED,SPOT_MONTH_FALLBACK;ESTIMATED_EXPIRY_ALIAS,2026-08-02.2,PUT_CALL_PARITY,SEP26,SEP26=PUT_CALL_PARITY;AUG26=SERIES_FORWARD_CLUSTER;OCT26=SERIES_FORWARD_CLUSTER;DEC29=SERIES_FORWARD_CLUSTER;DEC26=PUT_CALL_PARITY;NOV26=SERIES_FORWARD_CLUSTER;MAR27=SERIES_FORWARD_CLUSTER;JUN27=SERIES_FORWARD_CLUSTER;DEC28=PUT_CALL_PARITY;DEC27=PUT_CALL_PARITY,SEP26=29348.75;AUG26=29412.5;OCT26=30137.875;DEC29=28924;DEC26=20179.125;NOV26=31093;MAR27=24435.5;JUN27=24130.625;DEC28=19739;DEC27=18304.5,DEC26=GLOBAL_REFERENCE_OUTLIER_PUT_CALL_PARITY;DEC28=GLOBAL_REFERENCE_OUTLIER_SERIES_FORWARD_CLUSTER;DEC27=GLOBAL_REFERENCE_OUTLIER_SERIES_FORWARD_CLUSTER,WEIGHTED_ATM,2026-09-04,6,130,0.0,NONE,4660,4136,0,0,517,NONE,MN1;MN2;MN3;MN4;MN5;QMW;QRW;QTW;QWW,OK,NONE,NONE,2026-08-26
NAS,31350.0,80755.65448769758,0.009338502425317573,0.0,0.0,0.0,0.0,0.0,0.0,29723.678287786784,28973.821712213216,30098.60657557357,28598.89342442643,SEP26,AUG26,2026-08-28,2026-09-18,29348.75,29335.60827616128,FOUND,DEGRADED,SPOT_MONTH_FALLBACK;ESTIMATED_EXPIRY_ALIAS,2026-08-02.2,PUT_CALL_PARITY,SEP26,SEP26=PUT_CALL_PARITY;AUG26=SERIES_FORWARD_CLUSTER;OCT26=SERIES_FORWARD_CLUSTER;DEC29=SERIES_FORWARD_CLUSTER;DEC26=PUT_CALL_PARITY;NOV26=SERIES_FORWARD_CLUSTER;MAR27=SERIES_FORWARD_CLUSTER;JUN27=SERIES_FORWARD_CLUSTER;DEC28=PUT_CALL_PARITY;DEC27=PUT_CALL_PARITY,SEP26=29348.75;AUG26=29412.5;OCT26=30137.875;DEC29=28924;DEC26=20179.125;NOV26=31093;MAR27=24435.5;JUN27=24130.625;DEC28=19739;DEC27=18304.5,DEC26=GLOBAL_REFERENCE_OUTLIER_PUT_CALL_PARITY;DEC28=GLOBAL_REFERENCE_OUTLIER_SERIES_FORWARD_CLUSTER;DEC27=GLOBAL_REFERENCE_OUTLIER_SERIES_FORWARD_CLUSTER,WEIGHTED_ATM,2026-09-04,6,130,0.0,NONE,4660,4136,0,0,517,NONE,MN1;MN2;MN3;MN4;MN5;QMW;QRW;QTW;QWW,OK,NONE,NONE,2026-08-26
NAS,31400.0,5278528.9198604915,0.6057208341372047,0.0,0.0,0.0,0.0,0.0,0.0,29723.678287786784,28973.821712213216,30098.60657557357,28598.89342442643,SEP26,AUG26,2026-08-28,2026-09-18,29348.75,29335.60827616128,FOUND,DEGRADED,SPOT_MONTH_FALLBACK;ESTIMATED_EXPIRY_ALIAS,2026-08-02.2,PUT_CALL_PARITY,SEP26,SEP26=PUT_CALL_PARITY;AUG26=SERIES_FORWARD_CLUSTER;OCT26=SERIES_FORWARD_CLUSTER;DEC29=SERIES_FORWARD_CLUSTER;DEC26=PUT_CALL_PARITY;NOV26=SERIES_FORWARD_CLUSTER;MAR27=SERIES_FORWARD_CLUSTER;JUN27=SERIES_FORWARD_CLUSTER;DEC28=PUT_CALL_PARITY;DEC27=PUT_CALL_PARITY,SEP26=29348.75;AUG26=29412.5;OCT26=30137.875;DEC29=28924;DEC26=20179.125;NOV26=31093;MAR27=24435.5;JUN27=24130.625;DEC28=19739;DEC27=18304.5,DEC26=GLOBAL_REFERENCE_OUTLIER_PUT_CALL_PARITY;DEC28=GLOBAL_REFERENCE_OUTLIER_SERIES_FORWARD_CLUSTER;DEC27=GLOBAL_REFERENCE_OUTLIER_SERIES_FORWARD_CLUSTER,WEIGHTED_ATM,2026-09-04,6,130,0.0,NONE,4660,4136,0,0,517,NONE,MN1;MN2;MN3;MN4;MN5;QMW;QRW;QTW;QWW,OK,NONE,NONE,2026-08-26
NAS,31450.0,5636.827982572344,0.0006534906605890419,0.0,0.0,0.0,0.0,0.0,0.0,29723.678287786784,28973.821712213216,30098.60657557357,28598.89342442643,SEP26,AUG26,2026-08-28,2026-09-18,29348.75,29335.60827616128,FOUND,DEGRADED,SPOT_MONTH_FALLBACK;ESTIMATED_EXPIRY_ALIAS,2026-08-02.2,PUT_CALL_PARITY,SEP26,SEP26=PUT_CALL_PARITY;AUG26=SERIES_FORWARD_CLUSTER;OCT26=SERIES_FORWARD_CLUSTER;DEC29=SERIES_FORWARD_CLUSTER;DEC26=PUT_CALL_PARITY;NOV26=SERIES_FORWARD_CLUSTER;MAR27=SERIES_FORWARD_CLUSTER;JUN27=SERIES_FORWARD_CLUSTER;DEC28=PUT_CALL_PARITY;DEC27=PUT_CALL_PARITY,SEP26=29348.75;AUG26=29412.5;OCT26=30137.875;DEC29=28924;DEC26=20179.125;NOV26=31093;MAR27=24435.5;JUN27=24130.625;DEC28=19739;DEC27=18304.5,DEC26=GLOBAL_REFERENCE_OUTLIER_PUT_CALL_PARITY;DEC28=GLOBAL_REFERENCE_OUTLIER_SERIES_FORWARD_CLUSTER;DEC27=GLOBAL_REFERENCE_OUTLIER_SERIES_FORWARD_CLUSTER,WEIGHTED_ATM,2026-09-04,6,130,0.0,NONE,4660,4136,0,0,517,NONE,MN1;MN2;MN3;MN4;MN5;QMW;QRW;QTW;QWW,OK,NONE,NONE,2026-08-26
NAS,31500.0,27050725.77140581,3.153364242271735,0.0,0.0,0.0,0.0,0.0,0.0,29723.678287786784,28973.821712213216,30098.60657557357,28598.89342442643,SEP26,AUG26,2026-08-28,2026-09-18,29348.75,29335.60827616128,FOUND,DEGRADED,SPOT_MONTH_FALLBACK;ESTIMATED_EXPIRY_ALIAS,2026-08-02.2,PUT_CALL_PARITY,SEP26,SEP26=PUT_CALL_PARITY;AUG26=SERIES_FORWARD_CLUSTER;OCT26=SERIES_FORWARD_CLUSTER;DEC29=SERIES_FORWARD_CLUSTER;DEC26=PUT_CALL_PARITY;NOV26=SERIES_FORWARD_CLUSTER;MAR27=SERIES_FORWARD_CLUSTER;JUN27=SERIES_FORWARD_CLUSTER;DEC28=PUT_CALL_PARITY;DEC27=PUT_CALL_PARITY,SEP26=29348.75;AUG26=29412.5;OCT26=30137.875;DEC29=28924;DEC26=20179.125;NOV26=31093;MAR27=24435.5;JUN27=24130.625;DEC28=19739;DEC27=18304.5,DEC26=GLOBAL_REFERENCE_OUTLIER_PUT_CALL_PARITY;DEC28=GLOBAL_REFERENCE_OUTLIER_SERIES_FORWARD_CLUSTER;DEC27=GLOBAL_REFERENCE_OUTLIER_SERIES_FORWARD_CLUSTER,WEIGHTED_ATM,2026-09-04,6,130,0.0,NONE,4660,4136,0,0,517,NONE,MN1;MN2;MN3;MN4;MN5;QMW;QRW;QTW;QWW,OK,NONE,NONE,2026-08-26
NAS,31550.0,15239.694932763072,0.001762140212128306,0.0,0.0,0.0,0.0,0.0,0.0,29723.678287786784,28973.821712213216,30098.60657557357,28598.89342442643,SEP26,AUG26,2026-08-28,2026-09-18,29348.75,29335.60827616128,FOUND,DEGRADED,SPOT_MONTH_FALLBACK;ESTIMATED_EXPIRY_ALIAS,2026-08-02.2,PUT_CALL_PARITY,SEP26,SEP26=PUT_CALL_PARITY;AUG26=SERIES_FORWARD_CLUSTER;OCT26=SERIES_FORWARD_CLUSTER;DEC29=SERIES_FORWARD_CLUSTER;DEC26=PUT_CALL_PARITY;NOV26=SERIES_FORWARD_CLUSTER;MAR27=SERIES_FORWARD_CLUSTER;JUN27=SERIES_FORWARD_CLUSTER;DEC28=PUT_CALL_PARITY;DEC27=PUT_CALL_PARITY,SEP26=29348.75;AUG26=29412.5;OCT26=30137.875;DEC29=28924;DEC26=20179.125;NOV26=31093;MAR27=24435.5;JUN27=24130.625;DEC28=19739;DEC27=18304.5,DEC26=GLOBAL_REFERENCE_OUTLIER_PUT_CALL_PARITY;DEC28=GLOBAL_REFERENCE_OUTLIER_SERIES_FORWARD_CLUSTER;DEC27=GLOBAL_REFERENCE_OUTLIER_SERIES_FORWARD_CLUSTER,WEIGHTED_ATM,2026-09-04,6,130,0.0,NONE,4660,4136,0,0,517,NONE,MN1;MN2;MN3;MN4;MN5;QMW;QRW;QTW;QWW,OK,NONE,NONE,2026-08-26
NAS,31600.0,2329902.229382698,0.2689689175175607,0.0,0.0,0.0,0.0,0.0,0.0,29723.678287786784,28973.821712213216,30098.60657557357,28598.89342442643,SEP26,AUG26,2026-08-28,2026-09-18,29348.75,29335.60827616128,FOUND,DEGRADED,SPOT_MONTH_FALLBACK;ESTIMATED_EXPIRY_ALIAS,2026-08-02.2,PUT_CALL_PARITY,SEP26,SEP26=PUT_CALL_PARITY;AUG26=SERIES_FORWARD_CLUSTER;OCT26=SERIES_FORWARD_CLUSTER;DEC29=SERIES_FORWARD_CLUSTER;DEC26=PUT_CALL_PARITY;NOV26=SERIES_FORWARD_CLUSTER;MAR27=SERIES_FORWARD_CLUSTER;JUN27=SERIES_FORWARD_CLUSTER;DEC28=PUT_CALL_PARITY;DEC27=PUT_CALL_PARITY,SEP26=29348.75;AUG26=29412.5;OCT26=30137.875;DEC29=28924;DEC26=20179.125;NOV26=31093;MAR27=24435.5;JUN27=24130.625;DEC28=19739;DEC27=18304.5,DEC26=GLOBAL_REFERENCE_OUTLIER_PUT_CALL_PARITY;DEC28=GLOBAL_REFERENCE_OUTLIER_SERIES_FORWARD_CLUSTER;DEC27=GLOBAL_REFERENCE_OUTLIER_SERIES_FORWARD_CLUSTER,WEIGHTED_ATM,2026-09-04,6,130,0.0,NONE,4660,4136,0,0,517,NONE,MN1;MN2;MN3;MN4;MN5;QMW;QRW;QTW;QWW,OK,NONE,NONE,2026-08-26
NAS,31650.0,4631.624348913119,0.0005377174256154594,0.0,0.0,0.0,0.0,0.0,0.0,29723.678287786784,28973.821712213216,30098.60657557357,28598.89342442643,SEP26,AUG26,2026-08-28,2026-09-18,29348.75,29335.60827616128,FOUND,DEGRADED,SPOT_MONTH_FALLBACK;ESTIMATED_EXPIRY_ALIAS,2026-08-02.2,PUT_CALL_PARITY,SEP26,SEP26=PUT_CALL_PARITY;AUG26=SERIES_FORWARD_CLUSTER;OCT26=SERIES_FORWARD_CLUSTER;DEC29=SERIES_FORWARD_CLUSTER;DEC26=PUT_CALL_PARITY;NOV26=SERIES_FORWARD_CLUSTER;MAR27=SERIES_FORWARD_CLUSTER;JUN27=SERIES_FORWARD_CLUSTER;DEC28=PUT_CALL_PARITY;DEC27=PUT_CALL_PARITY,SEP26=29348.75;AUG26=29412.5;OCT26=30137.875;DEC29=28924;DEC26=20179.125;NOV26=31093;MAR27=24435.5;JUN27=24130.625;DEC28=19739;DEC27=18304.5,DEC26=GLOBAL_REFERENCE_OUTLIER_PUT_CALL_PARITY;DEC28=GLOBAL_REFERENCE_OUTLIER_SERIES_FORWARD_CLUSTER;DEC27=GLOBAL_REFERENCE_OUTLIER_SERIES_FORWARD_CLUSTER,WEIGHTED_ATM,2026-09-04,6,130,0.0,NONE,4660,4136,0,0,517,NONE,MN1;MN2;MN3;MN4;MN5;QMW;QRW;QTW;QWW,OK,NONE,NONE,2026-08-26
NAS,31700.0,2228648.2591529717,0.2562448941614018,0.0,0.0,0.0,0.0,0.0,0.0,29723.678287786784,28973.821712213216,30098.60657557357,28598.89342442643,SEP26,AUG26,2026-08-28,2026-09-18,29348.75,29335.60827616128,FOUND,DEGRADED,SPOT_MONTH_FALLBACK;ESTIMATED_EXPIRY_ALIAS,2026-08-02.2,PUT_CALL_PARITY,SEP26,SEP26=PUT_CALL_PARITY;AUG26=SERIES_FORWARD_CLUSTER;OCT26=SERIES_FORWARD_CLUSTER;DEC29=SERIES_FORWARD_CLUSTER;DEC26=PUT_CALL_PARITY;NOV26=SERIES_FORWARD_CLUSTER;MAR27=SERIES_FORWARD_CLUSTER;JUN27=SERIES_FORWARD_CLUSTER;DEC28=PUT_CALL_PARITY;DEC27=PUT_CALL_PARITY,SEP26=29348.75;AUG26=29412.5;OCT26=30137.875;DEC29=28924;DEC26=20179.125;NOV26=31093;MAR27=24435.5;JUN27=24130.625;DEC28=19739;DEC27=18304.5,DEC26=GLOBAL_REFERENCE_OUTLIER_PUT_CALL_PARITY;DEC28=GLOBAL_REFERENCE_OUTLIER_SERIES_FORWARD_CLUSTER;DEC27=GLOBAL_REFERENCE_OUTLIER_SERIES_FORWARD_CLUSTER,WEIGHTED_ATM,2026-09-04,6,130,0.0,NONE,4660,4136,0,0,517,NONE,MN1;MN2;MN3;MN4;MN5;QMW;QRW;QTW;QWW,OK,NONE,NONE,2026-08-26
NAS,31750.0,8008963.548641308,0.9090423189866174,0.0,0.0,0.0,0.0,0.0,0.0,29723.678287786784,28973.821712213216,30098.60657557357,28598.89342442643,SEP26,AUG26,2026-08-28,2026-09-18,29348.75,29335.60827616128,FOUND,DEGRADED,SPOT_MONTH_FALLBACK;ESTIMATED_EXPIRY_ALIAS,2026-08-02.2,PUT_CALL_PARITY,SEP26,SEP26=PUT_CALL_PARITY;AUG26=SERIES_FORWARD_CLUSTER;OCT26=SERIES_FORWARD_CLUSTER;DEC29=SERIES_FORWARD_CLUSTER;DEC26=PUT_CALL_PARITY;NOV26=SERIES_FORWARD_CLUSTER;MAR27=SERIES_FORWARD_CLUSTER;JUN27=SERIES_FORWARD_CLUSTER;DEC28=PUT_CALL_PARITY;DEC27=PUT_CALL_PARITY,SEP26=29348.75;AUG26=29412.5;OCT26=30137.875;DEC29=28924;DEC26=20179.125;NOV26=31093;MAR27=24435.5;JUN27=24130.625;DEC28=19739;DEC27=18304.5,DEC26=GLOBAL_REFERENCE_OUTLIER_PUT_CALL_PARITY;DEC28=GLOBAL_REFERENCE_OUTLIER_SERIES_FORWARD_CLUSTER;DEC27=GLOBAL_REFERENCE_OUTLIER_SERIES_FORWARD_CLUSTER,WEIGHTED_ATM,2026-09-04,6,130,0.0,NONE,4660,4136,0,0,517,NONE,MN1;MN2;MN3;MN4;MN5;QMW;QRW;QTW;QWW,OK,NONE,NONE,2026-08-26
NAS,31800.0,1539871.9205908875,0.1775847373320268,0.0,0.0,0.0,0.0,0.0,0.0,29723.678287786784,28973.821712213216,30098.60657557357,28598.89342442643,SEP26,AUG26,2026-08-28,2026-09-18,29348.75,29335.60827616128,FOUND,DEGRADED,SPOT_MONTH_FALLBACK;ESTIMATED_EXPIRY_ALIAS,2026-08-02.2,PUT_CALL_PARITY,SEP26,SEP26=PUT_CALL_PARITY;AUG26=SERIES_FORWARD_CLUSTER;OCT26=SERIES_FORWARD_CLUSTER;DEC29=SERIES_FORWARD_CLUSTER;DEC26=PUT_CALL_PARITY;NOV26=SERIES_FORWARD_CLUSTER;MAR27=SERIES_FORWARD_CLUSTER;JUN27=SERIES_FORWARD_CLUSTER;DEC28=PUT_CALL_PARITY;DEC27=PUT_CALL_PARITY,SEP26=29348.75;AUG26=29412.5;OCT26=30137.875;DEC29=28924;DEC26=20179.125;NOV26=31093;MAR27=24435.5;JUN27=24130.625;DEC28=19739;DEC27=18304.5,DEC26=GLOBAL_REFERENCE_OUTLIER_PUT_CALL_PARITY;DEC28=GLOBAL_REFERENCE_OUTLIER_SERIES_FORWARD_CLUSTER;DEC27=GLOBAL_REFERENCE_OUTLIER_SERIES_FORWARD_CLUSTER,WEIGHTED_ATM,2026-09-04,6,130,0.0,NONE,4660,4136,0,0,517,NONE,MN1;MN2;MN3;MN4;MN5;QMW;QRW;QTW;QWW,OK,NONE,NONE,2026-08-26
NAS,31900.0,2155579.305045394,0.24583858642321918,0.0,0.0,0.0,0.0,0.0,0.0,29723.678287786784,28973.821712213216,30098.60657557357,28598.89342442643,SEP26,AUG26,2026-08-28,2026-09-18,29348.75,29335.60827616128,FOUND,DEGRADED,SPOT_MONTH_FALLBACK;ESTIMATED_EXPIRY_ALIAS,2026-08-02.2,PUT_CALL_PARITY,SEP26,SEP26=PUT_CALL_PARITY;AUG26=SERIES_FORWARD_CLUSTER;OCT26=SERIES_FORWARD_CLUSTER;DEC29=SERIES_FORWARD_CLUSTER;DEC26=PUT_CALL_PARITY;NOV26=SERIES_FORWARD_CLUSTER;MAR27=SERIES_FORWARD_CLUSTER;JUN27=SERIES_FORWARD_CLUSTER;DEC28=PUT_CALL_PARITY;DEC27=PUT_CALL_PARITY,SEP26=29348.75;AUG26=29412.5;OCT26=30137.875;DEC29=28924;DEC26=20179.125;NOV26=31093;MAR27=24435.5;JUN27=24130.625;DEC28=19739;DEC27=18304.5,DEC26=GLOBAL_REFERENCE_OUTLIER_PUT_CALL_PARITY;DEC28=GLOBAL_REFERENCE_OUTLIER_SERIES_FORWARD_CLUSTER;DEC27=GLOBAL_REFERENCE_OUTLIER_SERIES_FORWARD_CLUSTER,WEIGHTED_ATM,2026-09-04,6,130,0.0,NONE,4660,4136,0,0,517,NONE,MN1;MN2;MN3;MN4;MN5;QMW;QRW;QTW;QWW,OK,NONE,NONE,2026-08-26
NAS,32000.0,23021077.381990783,2.6518096958113615,0.0,0.0,0.0,0.0,0.0,0.0,29723.678287786784,28973.821712213216,30098.60657557357,28598.89342442643,SEP26,AUG26,2026-08-28,2026-09-18,29348.75,29335.60827616128,FOUND,DEGRADED,SPOT_MONTH_FALLBACK;ESTIMATED_EXPIRY_ALIAS,2026-08-02.2,PUT_CALL_PARITY,SEP26,SEP26=PUT_CALL_PARITY;AUG26=SERIES_FORWARD_CLUSTER;OCT26=SERIES_FORWARD_CLUSTER;DEC29=SERIES_FORWARD_CLUSTER;DEC26=PUT_CALL_PARITY;NOV26=SERIES_FORWARD_CLUSTER;MAR27=SERIES_FORWARD_CLUSTER;JUN27=SERIES_FORWARD_CLUSTER;DEC28=PUT_CALL_PARITY;DEC27=PUT_CALL_PARITY,SEP26=29348.75;AUG26=29412.5;OCT26=30137.875;DEC29=28924;DEC26=20179.125;NOV26=31093;MAR27=24435.5;JUN27=24130.625;DEC28=19739;DEC27=18304.5,DEC26=GLOBAL_REFERENCE_OUTLIER_PUT_CALL_PARITY;DEC28=GLOBAL_REFERENCE_OUTLIER_SERIES_FORWARD_CLUSTER;DEC27=GLOBAL_REFERENCE_OUTLIER_SERIES_FORWARD_CLUSTER,WEIGHTED_ATM,2026-09-04,6,130,0.0,NONE,4660,4136,0,0,517,NONE,MN1;MN2;MN3;MN4;MN5;QMW;QRW;QTW;QWW,OK,NONE,NONE,2026-08-26
NAS,32100.0,923989.9061133421,0.1038085107163667,0.0,0.0,0.0,0.0,0.0,0.0,29723.678287786784,28973.821712213216,30098.60657557357,28598.89342442643,SEP26,AUG26,2026-08-28,2026-09-18,29348.75,29335.60827616128,FOUND,DEGRADED,SPOT_MONTH_FALLBACK;ESTIMATED_EXPIRY_ALIAS,2026-08-02.2,PUT_CALL_PARITY,SEP26,SEP26=PUT_CALL_PARITY;AUG26=SERIES_FORWARD_CLUSTER;OCT26=SERIES_FORWARD_CLUSTER;DEC29=SERIES_FORWARD_CLUSTER;DEC26=PUT_CALL_PARITY;NOV26=SERIES_FORWARD_CLUSTER;MAR27=SERIES_FORWARD_CLUSTER;JUN27=SERIES_FORWARD_CLUSTER;DEC28=PUT_CALL_PARITY;DEC27=PUT_CALL_PARITY,SEP26=29348.75;AUG26=29412.5;OCT26=30137.875;DEC29=28924;DEC26=20179.125;NOV26=31093;MAR27=24435.5;JUN27=24130.625;DEC28=19739;DEC27=18304.5,DEC26=GLOBAL_REFERENCE_OUTLIER_PUT_CALL_PARITY;DEC28=GLOBAL_REFERENCE_OUTLIER_SERIES_FORWARD_CLUSTER;DEC27=GLOBAL_REFERENCE_OUTLIER_SERIES_FORWARD_CLUSTER,WEIGHTED_ATM,2026-09-04,6,130,0.0,NONE,4660,4136,0,0,517,NONE,MN1;MN2;MN3;MN4;MN5;QMW;QRW;QTW;QWW,OK,NONE,NONE,2026-08-26
NAS,32200.0,1276563.8565167256,0.14625924038222152,0.0,0.0,0.0,0.0,0.0,0.0,29723.678287786784,28973.821712213216,30098.60657557357,28598.89342442643,SEP26,AUG26,2026-08-28,2026-09-18,29348.75,29335.60827616128,FOUND,DEGRADED,SPOT_MONTH_FALLBACK;ESTIMATED_EXPIRY_ALIAS,2026-08-02.2,PUT_CALL_PARITY,SEP26,SEP26=PUT_CALL_PARITY;AUG26=SERIES_FORWARD_CLUSTER;OCT26=SERIES_FORWARD_CLUSTER;DEC29=SERIES_FORWARD_CLUSTER;DEC26=PUT_CALL_PARITY;NOV26=SERIES_FORWARD_CLUSTER;MAR27=SERIES_FORWARD_CLUSTER;JUN27=SERIES_FORWARD_CLUSTER;DEC28=PUT_CALL_PARITY;DEC27=PUT_CALL_PARITY,SEP26=29348.75;AUG26=29412.5;OCT26=30137.875;DEC29=28924;DEC26=20179.125;NOV26=31093;MAR27=24435.5;JUN27=24130.625;DEC28=19739;DEC27=18304.5,DEC26=GLOBAL_REFERENCE_OUTLIER_PUT_CALL_PARITY;DEC28=GLOBAL_REFERENCE_OUTLIER_SERIES_FORWARD_CLUSTER;DEC27=GLOBAL_REFERENCE_OUTLIER_SERIES_FORWARD_CLUSTER,WEIGHTED_ATM,2026-09-04,6,130,0.0,NONE,4660,4136,0,0,517,NONE,MN1;MN2;MN3;MN4;MN5;QMW;QRW;QTW;QWW,OK,NONE,NONE,2026-08-26
NAS,32250.0,3676837.9204344866,0.41104077823078616,0.0,0.0,0.0,0.0,0.0,0.0,29723.678287786784,28973.821712213216,30098.60657557357,28598.89342442643,SEP26,AUG26,2026-08-28,2026-09-18,29348.75,29335.60827616128,FOUND,DEGRADED,SPOT_MONTH_FALLBACK;ESTIMATED_EXPIRY_ALIAS,2026-08-02.2,PUT_CALL_PARITY,SEP26,SEP26=PUT_CALL_PARITY;AUG26=SERIES_FORWARD_CLUSTER;OCT26=SERIES_FORWARD_CLUSTER;DEC29=SERIES_FORWARD_CLUSTER;DEC26=PUT_CALL_PARITY;NOV26=SERIES_FORWARD_CLUSTER;MAR27=SERIES_FORWARD_CLUSTER;JUN27=SERIES_FORWARD_CLUSTER;DEC28=PUT_CALL_PARITY;DEC27=PUT_CALL_PARITY,SEP26=29348.75;AUG26=29412.5;OCT26=30137.875;DEC29=28924;DEC26=20179.125;NOV26=31093;MAR27=24435.5;JUN27=24130.625;DEC28=19739;DEC27=18304.5,DEC26=GLOBAL_REFERENCE_OUTLIER_PUT_CALL_PARITY;DEC28=GLOBAL_REFERENCE_OUTLIER_SERIES_FORWARD_CLUSTER;DEC27=GLOBAL_REFERENCE_OUTLIER_SERIES_FORWARD_CLUSTER,WEIGHTED_ATM,2026-09-04,6,130,0.0,NONE,4660,4136,0,0,517,NONE,MN1;MN2;MN3;MN4;MN5;QMW;QRW;QTW;QWW,OK,NONE,NONE,2026-08-26
NAS,32300.0,569235.8482598141,0.06476333461554479,0.0,0.0,0.0,0.0,0.0,0.0,29723.678287786784,28973.821712213216,30098.60657557357,28598.89342442643,SEP26,AUG26,2026-08-28,2026-09-18,29348.75,29335.60827616128,FOUND,DEGRADED,SPOT_MONTH_FALLBACK;ESTIMATED_EXPIRY_ALIAS,2026-08-02.2,PUT_CALL_PARITY,SEP26,SEP26=PUT_CALL_PARITY;AUG26=SERIES_FORWARD_CLUSTER;OCT26=SERIES_FORWARD_CLUSTER;DEC29=SERIES_FORWARD_CLUSTER;DEC26=PUT_CALL_PARITY;NOV26=SERIES_FORWARD_CLUSTER;MAR27=SERIES_FORWARD_CLUSTER;JUN27=SERIES_FORWARD_CLUSTER;DEC28=PUT_CALL_PARITY;DEC27=PUT_CALL_PARITY,SEP26=29348.75;AUG26=29412.5;OCT26=30137.875;DEC29=28924;DEC26=20179.125;NOV26=31093;MAR27=24435.5;JUN27=24130.625;DEC28=19739;DEC27=18304.5,DEC26=GLOBAL_REFERENCE_OUTLIER_PUT_CALL_PARITY;DEC28=GLOBAL_REFERENCE_OUTLIER_SERIES_FORWARD_CLUSTER;DEC27=GLOBAL_REFERENCE_OUTLIER_SERIES_FORWARD_CLUSTER,WEIGHTED_ATM,2026-09-04,6,130,0.0,NONE,4660,4136,0,0,517,NONE,MN1;MN2;MN3;MN4;MN5;QMW;QRW;QTW;QWW,OK,NONE,NONE,2026-08-26
NAS,32400.0,888799.1423999781,0.10061157696552582,0.0,0.0,0.0,0.0,0.0,0.0,29723.678287786784,28973.821712213216,30098.60657557357,28598.89342442643,SEP26,AUG26,2026-08-28,2026-09-18,29348.75,29335.60827616128,FOUND,DEGRADED,SPOT_MONTH_FALLBACK;ESTIMATED_EXPIRY_ALIAS,2026-08-02.2,PUT_CALL_PARITY,SEP26,SEP26=PUT_CALL_PARITY;AUG26=SERIES_FORWARD_CLUSTER;OCT26=SERIES_FORWARD_CLUSTER;DEC29=SERIES_FORWARD_CLUSTER;DEC26=PUT_CALL_PARITY;NOV26=SERIES_FORWARD_CLUSTER;MAR27=SERIES_FORWARD_CLUSTER;JUN27=SERIES_FORWARD_CLUSTER;DEC28=PUT_CALL_PARITY;DEC27=PUT_CALL_PARITY,SEP26=29348.75;AUG26=29412.5;OCT26=30137.875;DEC29=28924;DEC26=20179.125;NOV26=31093;MAR27=24435.5;JUN27=24130.625;DEC28=19739;DEC27=18304.5,DEC26=GLOBAL_REFERENCE_OUTLIER_PUT_CALL_PARITY;DEC28=GLOBAL_REFERENCE_OUTLIER_SERIES_FORWARD_CLUSTER;DEC27=GLOBAL_REFERENCE_OUTLIER_SERIES_FORWARD_CLUSTER,WEIGHTED_ATM,2026-09-04,6,130,0.0,NONE,4660,4136,0,0,517,NONE,MN1;MN2;MN3;MN4;MN5;QMW;QRW;QTW;QWW,OK,NONE,NONE,2026-08-26
NAS,32500.0,10222630.408275757,1.1704336298524318,0.0,0.0,0.0,0.0,0.0,0.0,29723.678287786784,28973.821712213216,30098.60657557357,28598.89342442643,SEP26,AUG26,2026-08-28,2026-09-18,29348.75,29335.60827616128,FOUND,DEGRADED,SPOT_MONTH_FALLBACK;ESTIMATED_EXPIRY_ALIAS,2026-08-02.2,PUT_CALL_PARITY,SEP26,SEP26=PUT_CALL_PARITY;AUG26=SERIES_FORWARD_CLUSTER;OCT26=SERIES_FORWARD_CLUSTER;DEC29=SERIES_FORWARD_CLUSTER;DEC26=PUT_CALL_PARITY;NOV26=SERIES_FORWARD_CLUSTER;MAR27=SERIES_FORWARD_CLUSTER;JUN27=SERIES_FORWARD_CLUSTER;DEC28=PUT_CALL_PARITY;DEC27=PUT_CALL_PARITY,SEP26=29348.75;AUG26=29412.5;OCT26=30137.875;DEC29=28924;DEC26=20179.125;NOV26=31093;MAR27=24435.5;JUN27=24130.625;DEC28=19739;DEC27=18304.5,DEC26=GLOBAL_REFERENCE_OUTLIER_PUT_CALL_PARITY;DEC28=GLOBAL_REFERENCE_OUTLIER_SERIES_FORWARD_CLUSTER;DEC27=GLOBAL_REFERENCE_OUTLIER_SERIES_FORWARD_CLUSTER,WEIGHTED_ATM,2026-09-04,6,130,0.0,NONE,4660,4136,0,0,517,NONE,MN1;MN2;MN3;MN4;MN5;QMW;QRW;QTW;QWW,OK,NONE,NONE,2026-08-26
NAS,32600.0,1040167.742940689,0.11468141570393704,0.0,0.0,0.0,0.0,0.0,0.0,29723.678287786784,28973.821712213216,30098.60657557357,28598.89342442643,SEP26,AUG26,2026-08-28,2026-09-18,29348.75,29335.60827616128,FOUND,DEGRADED,SPOT_MONTH_FALLBACK;ESTIMATED_EXPIRY_ALIAS,2026-08-02.2,PUT_CALL_PARITY,SEP26,SEP26=PUT_CALL_PARITY;AUG26=SERIES_FORWARD_CLUSTER;OCT26=SERIES_FORWARD_CLUSTER;DEC29=SERIES_FORWARD_CLUSTER;DEC26=PUT_CALL_PARITY;NOV26=SERIES_FORWARD_CLUSTER;MAR27=SERIES_FORWARD_CLUSTER;JUN27=SERIES_FORWARD_CLUSTER;DEC28=PUT_CALL_PARITY;DEC27=PUT_CALL_PARITY,SEP26=29348.75;AUG26=29412.5;OCT26=30137.875;DEC29=28924;DEC26=20179.125;NOV26=31093;MAR27=24435.5;JUN27=24130.625;DEC28=19739;DEC27=18304.5,DEC26=GLOBAL_REFERENCE_OUTLIER_PUT_CALL_PARITY;DEC28=GLOBAL_REFERENCE_OUTLIER_SERIES_FORWARD_CLUSTER;DEC27=GLOBAL_REFERENCE_OUTLIER_SERIES_FORWARD_CLUSTER,WEIGHTED_ATM,2026-09-04,6,130,0.0,NONE,4660,4136,0,0,517,NONE,MN1;MN2;MN3;MN4;MN5;QMW;QRW;QTW;QWW,OK,NONE,NONE,2026-08-26
NAS,32700.0,0.0,0.0,0.0,0.0,0.0,0.0,0.0,0.0,29723.678287786784,28973.821712213216,30098.60657557357,28598.89342442643,SEP26,AUG26,2026-08-28,2026-09-18,29348.75,29335.60827616128,FOUND,DEGRADED,SPOT_MONTH_FALLBACK;ESTIMATED_EXPIRY_ALIAS,2026-08-02.2,PUT_CALL_PARITY,SEP26,SEP26=PUT_CALL_PARITY;AUG26=SERIES_FORWARD_CLUSTER;OCT26=SERIES_FORWARD_CLUSTER;DEC29=SERIES_FORWARD_CLUSTER;DEC26=PUT_CALL_PARITY;NOV26=SERIES_FORWARD_CLUSTER;MAR27=SERIES_FORWARD_CLUSTER;JUN27=SERIES_FORWARD_CLUSTER;DEC28=PUT_CALL_PARITY;DEC27=PUT_CALL_PARITY,SEP26=29348.75;AUG26=29412.5;OCT26=30137.875;DEC29=28924;DEC26=20179.125;NOV26=31093;MAR27=24435.5;JUN27=24130.625;DEC28=19739;DEC27=18304.5,DEC26=GLOBAL_REFERENCE_OUTLIER_PUT_CALL_PARITY;DEC28=GLOBAL_REFERENCE_OUTLIER_SERIES_FORWARD_CLUSTER;DEC27=GLOBAL_REFERENCE_OUTLIER_SERIES_FORWARD_CLUSTER,WEIGHTED_ATM,2026-09-04,6,130,0.0,NONE,4660,4136,0,0,517,NONE,MN1;MN2;MN3;MN4;MN5;QMW;QRW;QTW;QWW,OK,NONE,NONE,2026-08-26
NAS,32750.0,2330836.6935004676,0.26114561090588956,0.0,0.0,0.0,0.0,0.0,0.0,29723.678287786784,28973.821712213216,30098.60657557357,28598.89342442643,SEP26,AUG26,2026-08-28,2026-09-18,29348.75,29335.60827616128,FOUND,DEGRADED,SPOT_MONTH_FALLBACK;ESTIMATED_EXPIRY_ALIAS,2026-08-02.2,PUT_CALL_PARITY,SEP26,SEP26=PUT_CALL_PARITY;AUG26=SERIES_FORWARD_CLUSTER;OCT26=SERIES_FORWARD_CLUSTER;DEC29=SERIES_FORWARD_CLUSTER;DEC26=PUT_CALL_PARITY;NOV26=SERIES_FORWARD_CLUSTER;MAR27=SERIES_FORWARD_CLUSTER;JUN27=SERIES_FORWARD_CLUSTER;DEC28=PUT_CALL_PARITY;DEC27=PUT_CALL_PARITY,SEP26=29348.75;AUG26=29412.5;OCT26=30137.875;DEC29=28924;DEC26=20179.125;NOV26=31093;MAR27=24435.5;JUN27=24130.625;DEC28=19739;DEC27=18304.5,DEC26=GLOBAL_REFERENCE_OUTLIER_PUT_CALL_PARITY;DEC28=GLOBAL_REFERENCE_OUTLIER_SERIES_FORWARD_CLUSTER;DEC27=GLOBAL_REFERENCE_OUTLIER_SERIES_FORWARD_CLUSTER,WEIGHTED_ATM,2026-09-04,6,130,0.0,NONE,4660,4136,0,0,517,NONE,MN1;MN2;MN3;MN4;MN5;QMW;QRW;QTW;QWW,OK,NONE,NONE,2026-08-26
NAS,32800.0,0.0,0.0,0.0,0.0,0.0,0.0,0.0,0.0,29723.678287786784,28973.821712213216,30098.60657557357,28598.89342442643,SEP26,AUG26,2026-08-28,2026-09-18,29348.75,29335.60827616128,FOUND,DEGRADED,SPOT_MONTH_FALLBACK;ESTIMATED_EXPIRY_ALIAS,2026-08-02.2,PUT_CALL_PARITY,SEP26,SEP26=PUT_CALL_PARITY;AUG26=SERIES_FORWARD_CLUSTER;OCT26=SERIES_FORWARD_CLUSTER;DEC29=SERIES_FORWARD_CLUSTER;DEC26=PUT_CALL_PARITY;NOV26=SERIES_FORWARD_CLUSTER;MAR27=SERIES_FORWARD_CLUSTER;JUN27=SERIES_FORWARD_CLUSTER;DEC28=PUT_CALL_PARITY;DEC27=PUT_CALL_PARITY,SEP26=29348.75;AUG26=29412.5;OCT26=30137.875;DEC29=28924;DEC26=20179.125;NOV26=31093;MAR27=24435.5;JUN27=24130.625;DEC28=19739;DEC27=18304.5,DEC26=GLOBAL_REFERENCE_OUTLIER_PUT_CALL_PARITY;DEC28=GLOBAL_REFERENCE_OUTLIER_SERIES_FORWARD_CLUSTER;DEC27=GLOBAL_REFERENCE_OUTLIER_SERIES_FORWARD_CLUSTER,WEIGHTED_ATM,2026-09-04,6,130,0.0,NONE,4660,4136,0,0,517,NONE,MN1;MN2;MN3;MN4;MN5;QMW;QRW;QTW;QWW,OK,NONE,NONE,2026-08-26
NAS,32900.0,0.0,0.0,0.0,0.0,0.0,0.0,0.0,0.0,29723.678287786784,28973.821712213216,30098.60657557357,28598.89342442643,SEP26,AUG26,2026-08-28,2026-09-18,29348.75,29335.60827616128,FOUND,DEGRADED,SPOT_MONTH_FALLBACK;ESTIMATED_EXPIRY_ALIAS,2026-08-02.2,PUT_CALL_PARITY,SEP26,SEP26=PUT_CALL_PARITY;AUG26=SERIES_FORWARD_CLUSTER;OCT26=SERIES_FORWARD_CLUSTER;DEC29=SERIES_FORWARD_CLUSTER;DEC26=PUT_CALL_PARITY;NOV26=SERIES_FORWARD_CLUSTER;MAR27=SERIES_FORWARD_CLUSTER;JUN27=SERIES_FORWARD_CLUSTER;DEC28=PUT_CALL_PARITY;DEC27=PUT_CALL_PARITY,SEP26=29348.75;AUG26=29412.5;OCT26=30137.875;DEC29=28924;DEC26=20179.125;NOV26=31093;MAR27=24435.5;JUN27=24130.625;DEC28=19739;DEC27=18304.5,DEC26=GLOBAL_REFERENCE_OUTLIER_PUT_CALL_PARITY;DEC28=GLOBAL_REFERENCE_OUTLIER_SERIES_FORWARD_CLUSTER;DEC27=GLOBAL_REFERENCE_OUTLIER_SERIES_FORWARD_CLUSTER,WEIGHTED_ATM,2026-09-04,6,130,0.0,NONE,4660,4136,0,0,517,NONE,MN1;MN2;MN3;MN4;MN5;QMW;QRW;QTW;QWW,OK,NONE,NONE,2026-08-26
NAS,33000.0,18816157.096520364,2.1631522669968417,0.0,0.0,0.0,0.0,1564.0,0.0,29723.678287786784,28973.821712213216,30098.60657557357,28598.89342442643,SEP26,AUG26,2026-08-28,2026-09-18,29348.75,29335.60827616128,FOUND,DEGRADED,SPOT_MONTH_FALLBACK;ESTIMATED_EXPIRY_ALIAS,2026-08-02.2,PUT_CALL_PARITY,SEP26,SEP26=PUT_CALL_PARITY;AUG26=SERIES_FORWARD_CLUSTER;OCT26=SERIES_FORWARD_CLUSTER;DEC29=SERIES_FORWARD_CLUSTER;DEC26=PUT_CALL_PARITY;NOV26=SERIES_FORWARD_CLUSTER;MAR27=SERIES_FORWARD_CLUSTER;JUN27=SERIES_FORWARD_CLUSTER;DEC28=PUT_CALL_PARITY;DEC27=PUT_CALL_PARITY,SEP26=29348.75;AUG26=29412.5;OCT26=30137.875;DEC29=28924;DEC26=20179.125;NOV26=31093;MAR27=24435.5;JUN27=24130.625;DEC28=19739;DEC27=18304.5,DEC26=GLOBAL_REFERENCE_OUTLIER_PUT_CALL_PARITY;DEC28=GLOBAL_REFERENCE_OUTLIER_SERIES_FORWARD_CLUSTER;DEC27=GLOBAL_REFERENCE_OUTLIER_SERIES_FORWARD_CLUSTER,WEIGHTED_ATM,2026-09-04,6,130,0.0,NONE,4660,4136,0,0,517,NONE,MN1;MN2;MN3;MN4;MN5;QMW;QRW;QTW;QWW,OK,NONE,NONE,2026-08-26
NAS,33100.0,0.0,0.0,0.0,0.0,0.0,0.0,0.0,0.0,29723.678287786784,28973.821712213216,30098.60657557357,28598.89342442643,SEP26,AUG26,2026-08-28,2026-09-18,29348.75,29335.60827616128,FOUND,DEGRADED,SPOT_MONTH_FALLBACK;ESTIMATED_EXPIRY_ALIAS,2026-08-02.2,PUT_CALL_PARITY,SEP26,SEP26=PUT_CALL_PARITY;AUG26=SERIES_FORWARD_CLUSTER;OCT26=SERIES_FORWARD_CLUSTER;DEC29=SERIES_FORWARD_CLUSTER;DEC26=PUT_CALL_PARITY;NOV26=SERIES_FORWARD_CLUSTER;MAR27=SERIES_FORWARD_CLUSTER;JUN27=SERIES_FORWARD_CLUSTER;DEC28=PUT_CALL_PARITY;DEC27=PUT_CALL_PARITY,SEP26=29348.75;AUG26=29412.5;OCT26=30137.875;DEC29=28924;DEC26=20179.125;NOV26=31093;MAR27=24435.5;JUN27=24130.625;DEC28=19739;DEC27=18304.5,DEC26=GLOBAL_REFERENCE_OUTLIER_PUT_CALL_PARITY;DEC28=GLOBAL_REFERENCE_OUTLIER_SERIES_FORWARD_CLUSTER;DEC27=GLOBAL_REFERENCE_OUTLIER_SERIES_FORWARD_CLUSTER,WEIGHTED_ATM,2026-09-04,6,130,0.0,NONE,4660,4136,0,0,517,NONE,MN1;MN2;MN3;MN4;MN5;QMW;QRW;QTW;QWW,OK,NONE,NONE,2026-08-26
NAS,33200.0,0.0,0.0,0.0,0.0,0.0,0.0,0.0,0.0,29723.678287786784,28973.821712213216,30098.60657557357,28598.89342442643,SEP26,AUG26,2026-08-28,2026-09-18,29348.75,29335.60827616128,FOUND,DEGRADED,SPOT_MONTH_FALLBACK;ESTIMATED_EXPIRY_ALIAS,2026-08-02.2,PUT_CALL_PARITY,SEP26,SEP26=PUT_CALL_PARITY;AUG26=SERIES_FORWARD_CLUSTER;OCT26=SERIES_FORWARD_CLUSTER;DEC29=SERIES_FORWARD_CLUSTER;DEC26=PUT_CALL_PARITY;NOV26=SERIES_FORWARD_CLUSTER;MAR27=SERIES_FORWARD_CLUSTER;JUN27=SERIES_FORWARD_CLUSTER;DEC28=PUT_CALL_PARITY;DEC27=PUT_CALL_PARITY,SEP26=29348.75;AUG26=29412.5;OCT26=30137.875;DEC29=28924;DEC26=20179.125;NOV26=31093;MAR27=24435.5;JUN27=24130.625;DEC28=19739;DEC27=18304.5,DEC26=GLOBAL_REFERENCE_OUTLIER_PUT_CALL_PARITY;DEC28=GLOBAL_REFERENCE_OUTLIER_SERIES_FORWARD_CLUSTER;DEC27=GLOBAL_REFERENCE_OUTLIER_SERIES_FORWARD_CLUSTER,WEIGHTED_ATM,2026-09-04,6,130,0.0,NONE,4660,4136,0,0,517,NONE,MN1;MN2;MN3;MN4;MN5;QMW;QRW;QTW;QWW,OK,NONE,NONE,2026-08-26
NAS,33250.0,1035097.231592048,0.1164198981453491,0.0,0.0,0.0,0.0,0.0,0.0,29723.678287786784,28973.821712213216,30098.60657557357,28598.89342442643,SEP26,AUG26,2026-08-28,2026-09-18,29348.75,29335.60827616128,FOUND,DEGRADED,SPOT_MONTH_FALLBACK;ESTIMATED_EXPIRY_ALIAS,2026-08-02.2,PUT_CALL_PARITY,SEP26,SEP26=PUT_CALL_PARITY;AUG26=SERIES_FORWARD_CLUSTER;OCT26=SERIES_FORWARD_CLUSTER;DEC29=SERIES_FORWARD_CLUSTER;DEC26=PUT_CALL_PARITY;NOV26=SERIES_FORWARD_CLUSTER;MAR27=SERIES_FORWARD_CLUSTER;JUN27=SERIES_FORWARD_CLUSTER;DEC28=PUT_CALL_PARITY;DEC27=PUT_CALL_PARITY,SEP26=29348.75;AUG26=29412.5;OCT26=30137.875;DEC29=28924;DEC26=20179.125;NOV26=31093;MAR27=24435.5;JUN27=24130.625;DEC28=19739;DEC27=18304.5,DEC26=GLOBAL_REFERENCE_OUTLIER_PUT_CALL_PARITY;DEC28=GLOBAL_REFERENCE_OUTLIER_SERIES_FORWARD_CLUSTER;DEC27=GLOBAL_REFERENCE_OUTLIER_SERIES_FORWARD_CLUSTER,WEIGHTED_ATM,2026-09-04,6,130,0.0,NONE,4660,4136,0,0,517,NONE,MN1;MN2;MN3;MN4;MN5;QMW;QRW;QTW;QWW,OK,NONE,NONE,2026-08-26
NAS,33300.0,0.0,0.0,0.0,0.0,0.0,0.0,0.0,0.0,29723.678287786784,28973.821712213216,30098.60657557357,28598.89342442643,SEP26,AUG26,2026-08-28,2026-09-18,29348.75,29335.60827616128,FOUND,DEGRADED,SPOT_MONTH_FALLBACK;ESTIMATED_EXPIRY_ALIAS,2026-08-02.2,PUT_CALL_PARITY,SEP26,SEP26=PUT_CALL_PARITY;AUG26=SERIES_FORWARD_CLUSTER;OCT26=SERIES_FORWARD_CLUSTER;DEC29=SERIES_FORWARD_CLUSTER;DEC26=PUT_CALL_PARITY;NOV26=SERIES_FORWARD_CLUSTER;MAR27=SERIES_FORWARD_CLUSTER;JUN27=SERIES_FORWARD_CLUSTER;DEC28=PUT_CALL_PARITY;DEC27=PUT_CALL_PARITY,SEP26=29348.75;AUG26=29412.5;OCT26=30137.875;DEC29=28924;DEC26=20179.125;NOV26=31093;MAR27=24435.5;JUN27=24130.625;DEC28=19739;DEC27=18304.5,DEC26=GLOBAL_REFERENCE_OUTLIER_PUT_CALL_PARITY;DEC28=GLOBAL_REFERENCE_OUTLIER_SERIES_FORWARD_CLUSTER;DEC27=GLOBAL_REFERENCE_OUTLIER_SERIES_FORWARD_CLUSTER,WEIGHTED_ATM,2026-09-04,6,130,0.0,NONE,4660,4136,0,0,517,NONE,MN1;MN2;MN3;MN4;MN5;QMW;QRW;QTW;QWW,OK,NONE,NONE,2026-08-26
NAS,33400.0,0.0,0.0,0.0,0.0,0.0,0.0,0.0,0.0,29723.678287786784,28973.821712213216,30098.60657557357,28598.89342442643,SEP26,AUG26,2026-08-28,2026-09-18,29348.75,29335.60827616128,FOUND,DEGRADED,SPOT_MONTH_FALLBACK;ESTIMATED_EXPIRY_ALIAS,2026-08-02.2,PUT_CALL_PARITY,SEP26,SEP26=PUT_CALL_PARITY;AUG26=SERIES_FORWARD_CLUSTER;OCT26=SERIES_FORWARD_CLUSTER;DEC29=SERIES_FORWARD_CLUSTER;DEC26=PUT_CALL_PARITY;NOV26=SERIES_FORWARD_CLUSTER;MAR27=SERIES_FORWARD_CLUSTER;JUN27=SERIES_FORWARD_CLUSTER;DEC28=PUT_CALL_PARITY;DEC27=PUT_CALL_PARITY,SEP26=29348.75;AUG26=29412.5;OCT26=30137.875;DEC29=28924;DEC26=20179.125;NOV26=31093;MAR27=24435.5;JUN27=24130.625;DEC28=19739;DEC27=18304.5,DEC26=GLOBAL_REFERENCE_OUTLIER_PUT_CALL_PARITY;DEC28=GLOBAL_REFERENCE_OUTLIER_SERIES_FORWARD_CLUSTER;DEC27=GLOBAL_REFERENCE_OUTLIER_SERIES_FORWARD_CLUSTER,WEIGHTED_ATM,2026-09-04,6,130,0.0,NONE,4660,4136,0,0,517,NONE,MN1;MN2;MN3;MN4;MN5;QMW;QRW;QTW;QWW,OK,NONE,NONE,2026-08-26
NAS,33500.0,11589599.690353107,1.3368971589994214,0.0,0.0,0.0,0.0,0.0,0.0,29723.678287786784,28973.821712213216,30098.60657557357,28598.89342442643,SEP26,AUG26,2026-08-28,2026-09-18,29348.75,29335.60827616128,FOUND,DEGRADED,SPOT_MONTH_FALLBACK;ESTIMATED_EXPIRY_ALIAS,2026-08-02.2,PUT_CALL_PARITY,SEP26,SEP26=PUT_CALL_PARITY;AUG26=SERIES_FORWARD_CLUSTER;OCT26=SERIES_FORWARD_CLUSTER;DEC29=SERIES_FORWARD_CLUSTER;DEC26=PUT_CALL_PARITY;NOV26=SERIES_FORWARD_CLUSTER;MAR27=SERIES_FORWARD_CLUSTER;JUN27=SERIES_FORWARD_CLUSTER;DEC28=PUT_CALL_PARITY;DEC27=PUT_CALL_PARITY,SEP26=29348.75;AUG26=29412.5;OCT26=30137.875;DEC29=28924;DEC26=20179.125;NOV26=31093;MAR27=24435.5;JUN27=24130.625;DEC28=19739;DEC27=18304.5,DEC26=GLOBAL_REFERENCE_OUTLIER_PUT_CALL_PARITY;DEC28=GLOBAL_REFERENCE_OUTLIER_SERIES_FORWARD_CLUSTER;DEC27=GLOBAL_REFERENCE_OUTLIER_SERIES_FORWARD_CLUSTER,WEIGHTED_ATM,2026-09-04,6,130,0.0,NONE,4660,4136,0,0,517,NONE,MN1;MN2;MN3;MN4;MN5;QMW;QRW;QTW;QWW,OK,NONE,NONE,2026-08-26
NAS,33750.0,424122.48756626365,0.04745064213943228,0.0,0.0,0.0,0.0,0.0,0.0,29723.678287786784,28973.821712213216,30098.60657557357,28598.89342442643,SEP26,AUG26,2026-08-28,2026-09-18,29348.75,29335.60827616128,FOUND,DEGRADED,SPOT_MONTH_FALLBACK;ESTIMATED_EXPIRY_ALIAS,2026-08-02.2,PUT_CALL_PARITY,SEP26,SEP26=PUT_CALL_PARITY;AUG26=SERIES_FORWARD_CLUSTER;OCT26=SERIES_FORWARD_CLUSTER;DEC29=SERIES_FORWARD_CLUSTER;DEC26=PUT_CALL_PARITY;NOV26=SERIES_FORWARD_CLUSTER;MAR27=SERIES_FORWARD_CLUSTER;JUN27=SERIES_FORWARD_CLUSTER;DEC28=PUT_CALL_PARITY;DEC27=PUT_CALL_PARITY,SEP26=29348.75;AUG26=29412.5;OCT26=30137.875;DEC29=28924;DEC26=20179.125;NOV26=31093;MAR27=24435.5;JUN27=24130.625;DEC28=19739;DEC27=18304.5,DEC26=GLOBAL_REFERENCE_OUTLIER_PUT_CALL_PARITY;DEC28=GLOBAL_REFERENCE_OUTLIER_SERIES_FORWARD_CLUSTER;DEC27=GLOBAL_REFERENCE_OUTLIER_SERIES_FORWARD_CLUSTER,WEIGHTED_ATM,2026-09-04,6,130,0.0,NONE,4660,4136,0,0,517,NONE,MN1;MN2;MN3;MN4;MN5;QMW;QRW;QTW;QWW,OK,NONE,NONE,2026-08-26
NAS,33850.0,0.0,0.0,0.0,0.0,0.0,0.0,0.0,0.0,29723.678287786784,28973.821712213216,30098.60657557357,28598.89342442643,SEP26,AUG26,2026-08-28,2026-09-18,29348.75,29335.60827616128,FOUND,DEGRADED,SPOT_MONTH_FALLBACK;ESTIMATED_EXPIRY_ALIAS,2026-08-02.2,PUT_CALL_PARITY,SEP26,SEP26=PUT_CALL_PARITY;AUG26=SERIES_FORWARD_CLUSTER;OCT26=SERIES_FORWARD_CLUSTER;DEC29=SERIES_FORWARD_CLUSTER;DEC26=PUT_CALL_PARITY;NOV26=SERIES_FORWARD_CLUSTER;MAR27=SERIES_FORWARD_CLUSTER;JUN27=SERIES_FORWARD_CLUSTER;DEC28=PUT_CALL_PARITY;DEC27=PUT_CALL_PARITY,SEP26=29348.75;AUG26=29412.5;OCT26=30137.875;DEC29=28924;DEC26=20179.125;NOV26=31093;MAR27=24435.5;JUN27=24130.625;DEC28=19739;DEC27=18304.5,DEC26=GLOBAL_REFERENCE_OUTLIER_PUT_CALL_PARITY;DEC28=GLOBAL_REFERENCE_OUTLIER_SERIES_FORWARD_CLUSTER;DEC27=GLOBAL_REFERENCE_OUTLIER_SERIES_FORWARD_CLUSTER,WEIGHTED_ATM,2026-09-04,6,130,0.0,NONE,4660,4136,0,0,517,NONE,MN1;MN2;MN3;MN4;MN5;QMW;QRW;QTW;QWW,OK,NONE,NONE,2026-08-26
NAS,34000.0,7904599.8438176,0.9143799686790686,0.0,0.0,0.0,0.0,0.0,0.0,29723.678287786784,28973.821712213216,30098.60657557357,28598.89342442643,SEP26,AUG26,2026-08-28,2026-09-18,29348.75,29335.60827616128,FOUND,DEGRADED,SPOT_MONTH_FALLBACK;ESTIMATED_EXPIRY_ALIAS,2026-08-02.2,PUT_CALL_PARITY,SEP26,SEP26=PUT_CALL_PARITY;AUG26=SERIES_FORWARD_CLUSTER;OCT26=SERIES_FORWARD_CLUSTER;DEC29=SERIES_FORWARD_CLUSTER;DEC26=PUT_CALL_PARITY;NOV26=SERIES_FORWARD_CLUSTER;MAR27=SERIES_FORWARD_CLUSTER;JUN27=SERIES_FORWARD_CLUSTER;DEC28=PUT_CALL_PARITY;DEC27=PUT_CALL_PARITY,SEP26=29348.75;AUG26=29412.5;OCT26=30137.875;DEC29=28924;DEC26=20179.125;NOV26=31093;MAR27=24435.5;JUN27=24130.625;DEC28=19739;DEC27=18304.5,DEC26=GLOBAL_REFERENCE_OUTLIER_PUT_CALL_PARITY;DEC28=GLOBAL_REFERENCE_OUTLIER_SERIES_FORWARD_CLUSTER;DEC27=GLOBAL_REFERENCE_OUTLIER_SERIES_FORWARD_CLUSTER,WEIGHTED_ATM,2026-09-04,6,130,0.0,NONE,4660,4136,0,0,517,NONE,MN1;MN2;MN3;MN4;MN5;QMW;QRW;QTW;QWW,OK,NONE,NONE,2026-08-26
NAS,34250.0,288607.0720007275,0.03227061435238611,0.0,0.0,0.0,0.0,0.0,0.0,29723.678287786784,28973.821712213216,30098.60657557357,28598.89342442643,SEP26,AUG26,2026-08-28,2026-09-18,29348.75,29335.60827616128,FOUND,DEGRADED,SPOT_MONTH_FALLBACK;ESTIMATED_EXPIRY_ALIAS,2026-08-02.2,PUT_CALL_PARITY,SEP26,SEP26=PUT_CALL_PARITY;AUG26=SERIES_FORWARD_CLUSTER;OCT26=SERIES_FORWARD_CLUSTER;DEC29=SERIES_FORWARD_CLUSTER;DEC26=PUT_CALL_PARITY;NOV26=SERIES_FORWARD_CLUSTER;MAR27=SERIES_FORWARD_CLUSTER;JUN27=SERIES_FORWARD_CLUSTER;DEC28=PUT_CALL_PARITY;DEC27=PUT_CALL_PARITY,SEP26=29348.75;AUG26=29412.5;OCT26=30137.875;DEC29=28924;DEC26=20179.125;NOV26=31093;MAR27=24435.5;JUN27=24130.625;DEC28=19739;DEC27=18304.5,DEC26=GLOBAL_REFERENCE_OUTLIER_PUT_CALL_PARITY;DEC28=GLOBAL_REFERENCE_OUTLIER_SERIES_FORWARD_CLUSTER;DEC27=GLOBAL_REFERENCE_OUTLIER_SERIES_FORWARD_CLUSTER,WEIGHTED_ATM,2026-09-04,6,130,0.0,NONE,4660,4136,0,0,517,NONE,MN1;MN2;MN3;MN4;MN5;QMW;QRW;QTW;QWW,OK,NONE,NONE,2026-08-26
NAS,34500.0,2544025.7569967136,0.29457293519662675,0.0,0.0,0.0,0.0,0.0,0.0,29723.678287786784,28973.821712213216,30098.60657557357,28598.89342442643,SEP26,AUG26,2026-08-28,2026-09-18,29348.75,29335.60827616128,FOUND,DEGRADED,SPOT_MONTH_FALLBACK;ESTIMATED_EXPIRY_ALIAS,2026-08-02.2,PUT_CALL_PARITY,SEP26,SEP26=PUT_CALL_PARITY;AUG26=SERIES_FORWARD_CLUSTER;OCT26=SERIES_FORWARD_CLUSTER;DEC29=SERIES_FORWARD_CLUSTER;DEC26=PUT_CALL_PARITY;NOV26=SERIES_FORWARD_CLUSTER;MAR27=SERIES_FORWARD_CLUSTER;JUN27=SERIES_FORWARD_CLUSTER;DEC28=PUT_CALL_PARITY;DEC27=PUT_CALL_PARITY,SEP26=29348.75;AUG26=29412.5;OCT26=30137.875;DEC29=28924;DEC26=20179.125;NOV26=31093;MAR27=24435.5;JUN27=24130.625;DEC28=19739;DEC27=18304.5,DEC26=GLOBAL_REFERENCE_OUTLIER_PUT_CALL_PARITY;DEC28=GLOBAL_REFERENCE_OUTLIER_SERIES_FORWARD_CLUSTER;DEC27=GLOBAL_REFERENCE_OUTLIER_SERIES_FORWARD_CLUSTER,WEIGHTED_ATM,2026-09-04,6,130,0.0,NONE,4660,4136,0,0,517,NONE,MN1;MN2;MN3;MN4;MN5;QMW;QRW;QTW;QWW,OK,NONE,NONE,2026-08-26
NAS,34750.0,329332.4734603525,0.036494939743630474,0.0,0.0,0.0,0.0,0.0,0.0,29723.678287786784,28973.821712213216,30098.60657557357,28598.89342442643,SEP26,AUG26,2026-08-28,2026-09-18,29348.75,29335.60827616128,FOUND,DEGRADED,SPOT_MONTH_FALLBACK;ESTIMATED_EXPIRY_ALIAS,2026-08-02.2,PUT_CALL_PARITY,SEP26,SEP26=PUT_CALL_PARITY;AUG26=SERIES_FORWARD_CLUSTER;OCT26=SERIES_FORWARD_CLUSTER;DEC29=SERIES_FORWARD_CLUSTER;DEC26=PUT_CALL_PARITY;NOV26=SERIES_FORWARD_CLUSTER;MAR27=SERIES_FORWARD_CLUSTER;JUN27=SERIES_FORWARD_CLUSTER;DEC28=PUT_CALL_PARITY;DEC27=PUT_CALL_PARITY,SEP26=29348.75;AUG26=29412.5;OCT26=30137.875;DEC29=28924;DEC26=20179.125;NOV26=31093;MAR27=24435.5;JUN27=24130.625;DEC28=19739;DEC27=18304.5,DEC26=GLOBAL_REFERENCE_OUTLIER_PUT_CALL_PARITY;DEC28=GLOBAL_REFERENCE_OUTLIER_SERIES_FORWARD_CLUSTER;DEC27=GLOBAL_REFERENCE_OUTLIER_SERIES_FORWARD_CLUSTER,WEIGHTED_ATM,2026-09-04,6,130,0.0,NONE,4660,4136,0,0,517,NONE,MN1;MN2;MN3;MN4;MN5;QMW;QRW;QTW;QWW,OK,NONE,NONE,2026-08-26
NAS,35000.0,4411962.129129438,0.5059360243446009,0.0,0.0,0.0,0.0,0.0,0.0,29723.678287786784,28973.821712213216,30098.60657557357,28598.89342442643,SEP26,AUG26,2026-08-28,2026-09-18,29348.75,29335.60827616128,FOUND,DEGRADED,SPOT_MONTH_FALLBACK;ESTIMATED_EXPIRY_ALIAS,2026-08-02.2,PUT_CALL_PARITY,SEP26,SEP26=PUT_CALL_PARITY;AUG26=SERIES_FORWARD_CLUSTER;OCT26=SERIES_FORWARD_CLUSTER;DEC29=SERIES_FORWARD_CLUSTER;DEC26=PUT_CALL_PARITY;NOV26=SERIES_FORWARD_CLUSTER;MAR27=SERIES_FORWARD_CLUSTER;JUN27=SERIES_FORWARD_CLUSTER;DEC28=PUT_CALL_PARITY;DEC27=PUT_CALL_PARITY,SEP26=29348.75;AUG26=29412.5;OCT26=30137.875;DEC29=28924;DEC26=20179.125;NOV26=31093;MAR27=24435.5;JUN27=24130.625;DEC28=19739;DEC27=18304.5,DEC26=GLOBAL_REFERENCE_OUTLIER_PUT_CALL_PARITY;DEC28=GLOBAL_REFERENCE_OUTLIER_SERIES_FORWARD_CLUSTER;DEC27=GLOBAL_REFERENCE_OUTLIER_SERIES_FORWARD_CLUSTER,WEIGHTED_ATM,2026-09-04,6,130,0.0,NONE,4660,4136,0,0,517,NONE,MN1;MN2;MN3;MN4;MN5;QMW;QRW;QTW;QWW,OK,NONE,NONE,2026-08-26
NAS,35250.0,285285.4115660685,0.031583741432284144,0.0,0.0,0.0,0.0,0.0,0.0,29723.678287786784,28973.821712213216,30098.60657557357,28598.89342442643,SEP26,AUG26,2026-08-28,2026-09-18,29348.75,29335.60827616128,FOUND,DEGRADED,SPOT_MONTH_FALLBACK;ESTIMATED_EXPIRY_ALIAS,2026-08-02.2,PUT_CALL_PARITY,SEP26,SEP26=PUT_CALL_PARITY;AUG26=SERIES_FORWARD_CLUSTER;OCT26=SERIES_FORWARD_CLUSTER;DEC29=SERIES_FORWARD_CLUSTER;DEC26=PUT_CALL_PARITY;NOV26=SERIES_FORWARD_CLUSTER;MAR27=SERIES_FORWARD_CLUSTER;JUN27=SERIES_FORWARD_CLUSTER;DEC28=PUT_CALL_PARITY;DEC27=PUT_CALL_PARITY,SEP26=29348.75;AUG26=29412.5;OCT26=30137.875;DEC29=28924;DEC26=20179.125;NOV26=31093;MAR27=24435.5;JUN27=24130.625;DEC28=19739;DEC27=18304.5,DEC26=GLOBAL_REFERENCE_OUTLIER_PUT_CALL_PARITY;DEC28=GLOBAL_REFERENCE_OUTLIER_SERIES_FORWARD_CLUSTER;DEC27=GLOBAL_REFERENCE_OUTLIER_SERIES_FORWARD_CLUSTER,WEIGHTED_ATM,2026-09-04,6,130,0.0,NONE,4660,4136,0,0,517,NONE,MN1;MN2;MN3;MN4;MN5;QMW;QRW;QTW;QWW,OK,NONE,NONE,2026-08-26
NAS,35500.0,5808840.703555829,0.6737307803877763,0.0,0.0,0.0,0.0,0.0,0.0,29723.678287786784,28973.821712213216,30098.60657557357,28598.89342442643,SEP26,AUG26,2026-08-28,2026-09-18,29348.75,29335.60827616128,FOUND,DEGRADED,SPOT_MONTH_FALLBACK;ESTIMATED_EXPIRY_ALIAS,2026-08-02.2,PUT_CALL_PARITY,SEP26,SEP26=PUT_CALL_PARITY;AUG26=SERIES_FORWARD_CLUSTER;OCT26=SERIES_FORWARD_CLUSTER;DEC29=SERIES_FORWARD_CLUSTER;DEC26=PUT_CALL_PARITY;NOV26=SERIES_FORWARD_CLUSTER;MAR27=SERIES_FORWARD_CLUSTER;JUN27=SERIES_FORWARD_CLUSTER;DEC28=PUT_CALL_PARITY;DEC27=PUT_CALL_PARITY,SEP26=29348.75;AUG26=29412.5;OCT26=30137.875;DEC29=28924;DEC26=20179.125;NOV26=31093;MAR27=24435.5;JUN27=24130.625;DEC28=19739;DEC27=18304.5,DEC26=GLOBAL_REFERENCE_OUTLIER_PUT_CALL_PARITY;DEC28=GLOBAL_REFERENCE_OUTLIER_SERIES_FORWARD_CLUSTER;DEC27=GLOBAL_REFERENCE_OUTLIER_SERIES_FORWARD_CLUSTER,WEIGHTED_ATM,2026-09-04,6,130,0.0,NONE,4660,4136,0,0,517,NONE,MN1;MN2;MN3;MN4;MN5;QMW;QRW;QTW;QWW,OK,NONE,NONE,2026-08-26
NAS,35750.0,46223.1213947098,0.005156015780007036,0.0,0.0,0.0,0.0,0.0,0.0,29723.678287786784,28973.821712213216,30098.60657557357,28598.89342442643,SEP26,AUG26,2026-08-28,2026-09-18,29348.75,29335.60827616128,FOUND,DEGRADED,SPOT_MONTH_FALLBACK;ESTIMATED_EXPIRY_ALIAS,2026-08-02.2,PUT_CALL_PARITY,SEP26,SEP26=PUT_CALL_PARITY;AUG26=SERIES_FORWARD_CLUSTER;OCT26=SERIES_FORWARD_CLUSTER;DEC29=SERIES_FORWARD_CLUSTER;DEC26=PUT_CALL_PARITY;NOV26=SERIES_FORWARD_CLUSTER;MAR27=SERIES_FORWARD_CLUSTER;JUN27=SERIES_FORWARD_CLUSTER;DEC28=PUT_CALL_PARITY;DEC27=PUT_CALL_PARITY,SEP26=29348.75;AUG26=29412.5;OCT26=30137.875;DEC29=28924;DEC26=20179.125;NOV26=31093;MAR27=24435.5;JUN27=24130.625;DEC28=19739;DEC27=18304.5,DEC26=GLOBAL_REFERENCE_OUTLIER_PUT_CALL_PARITY;DEC28=GLOBAL_REFERENCE_OUTLIER_SERIES_FORWARD_CLUSTER;DEC27=GLOBAL_REFERENCE_OUTLIER_SERIES_FORWARD_CLUSTER,WEIGHTED_ATM,2026-09-04,6,130,0.0,NONE,4660,4136,0,0,517,NONE,MN1;MN2;MN3;MN4;MN5;QMW;QRW;QTW;QWW,OK,NONE,NONE,2026-08-26
NAS,36000.0,5507824.560342485,0.6389546673067276,0.0,0.0,0.0,0.0,0.0,0.0,29723.678287786784,28973.821712213216,30098.60657557357,28598.89342442643,SEP26,AUG26,2026-08-28,2026-09-18,29348.75,29335.60827616128,FOUND,DEGRADED,SPOT_MONTH_FALLBACK;ESTIMATED_EXPIRY_ALIAS,2026-08-02.2,PUT_CALL_PARITY,SEP26,SEP26=PUT_CALL_PARITY;AUG26=SERIES_FORWARD_CLUSTER;OCT26=SERIES_FORWARD_CLUSTER;DEC29=SERIES_FORWARD_CLUSTER;DEC26=PUT_CALL_PARITY;NOV26=SERIES_FORWARD_CLUSTER;MAR27=SERIES_FORWARD_CLUSTER;JUN27=SERIES_FORWARD_CLUSTER;DEC28=PUT_CALL_PARITY;DEC27=PUT_CALL_PARITY,SEP26=29348.75;AUG26=29412.5;OCT26=30137.875;DEC29=28924;DEC26=20179.125;NOV26=31093;MAR27=24435.5;JUN27=24130.625;DEC28=19739;DEC27=18304.5,DEC26=GLOBAL_REFERENCE_OUTLIER_PUT_CALL_PARITY;DEC28=GLOBAL_REFERENCE_OUTLIER_SERIES_FORWARD_CLUSTER;DEC27=GLOBAL_REFERENCE_OUTLIER_SERIES_FORWARD_CLUSTER,WEIGHTED_ATM,2026-09-04,6,130,0.0,NONE,4660,4136,0,0,517,NONE,MN1;MN2;MN3;MN4;MN5;QMW;QRW;QTW;QWW,OK,NONE,NONE,2026-08-26
NAS,36250.0,49313.10803253944,0.005505713045006165,0.0,0.0,0.0,0.0,0.0,0.0,29723.678287786784,28973.821712213216,30098.60657557357,28598.89342442643,SEP26,AUG26,2026-08-28,2026-09-18,29348.75,29335.60827616128,FOUND,DEGRADED,SPOT_MONTH_FALLBACK;ESTIMATED_EXPIRY_ALIAS,2026-08-02.2,PUT_CALL_PARITY,SEP26,SEP26=PUT_CALL_PARITY;AUG26=SERIES_FORWARD_CLUSTER;OCT26=SERIES_FORWARD_CLUSTER;DEC29=SERIES_FORWARD_CLUSTER;DEC26=PUT_CALL_PARITY;NOV26=SERIES_FORWARD_CLUSTER;MAR27=SERIES_FORWARD_CLUSTER;JUN27=SERIES_FORWARD_CLUSTER;DEC28=PUT_CALL_PARITY;DEC27=PUT_CALL_PARITY,SEP26=29348.75;AUG26=29412.5;OCT26=30137.875;DEC29=28924;DEC26=20179.125;NOV26=31093;MAR27=24435.5;JUN27=24130.625;DEC28=19739;DEC27=18304.5,DEC26=GLOBAL_REFERENCE_OUTLIER_PUT_CALL_PARITY;DEC28=GLOBAL_REFERENCE_OUTLIER_SERIES_FORWARD_CLUSTER;DEC27=GLOBAL_REFERENCE_OUTLIER_SERIES_FORWARD_CLUSTER,WEIGHTED_ATM,2026-09-04,6,130,0.0,NONE,4660,4136,0,0,517,NONE,MN1;MN2;MN3;MN4;MN5;QMW;QRW;QTW;QWW,OK,NONE,NONE,2026-08-26
NAS,36500.0,472161.4804566333,0.05467830602164868,0.0,0.0,0.0,0.0,0.0,0.0,29723.678287786784,28973.821712213216,30098.60657557357,28598.89342442643,SEP26,AUG26,2026-08-28,2026-09-18,29348.75,29335.60827616128,FOUND,DEGRADED,SPOT_MONTH_FALLBACK;ESTIMATED_EXPIRY_ALIAS,2026-08-02.2,PUT_CALL_PARITY,SEP26,SEP26=PUT_CALL_PARITY;AUG26=SERIES_FORWARD_CLUSTER;OCT26=SERIES_FORWARD_CLUSTER;DEC29=SERIES_FORWARD_CLUSTER;DEC26=PUT_CALL_PARITY;NOV26=SERIES_FORWARD_CLUSTER;MAR27=SERIES_FORWARD_CLUSTER;JUN27=SERIES_FORWARD_CLUSTER;DEC28=PUT_CALL_PARITY;DEC27=PUT_CALL_PARITY,SEP26=29348.75;AUG26=29412.5;OCT26=30137.875;DEC29=28924;DEC26=20179.125;NOV26=31093;MAR27=24435.5;JUN27=24130.625;DEC28=19739;DEC27=18304.5,DEC26=GLOBAL_REFERENCE_OUTLIER_PUT_CALL_PARITY;DEC28=GLOBAL_REFERENCE_OUTLIER_SERIES_FORWARD_CLUSTER;DEC27=GLOBAL_REFERENCE_OUTLIER_SERIES_FORWARD_CLUSTER,WEIGHTED_ATM,2026-09-04,6,130,0.0,NONE,4660,4136,0,0,517,NONE,MN1;MN2;MN3;MN4;MN5;QMW;QRW;QTW;QWW,OK,NONE,NONE,2026-08-26
NAS,36750.0,5606.039096370738,0.000650843998500759,0.0,0.0,0.0,0.0,0.0,0.0,29723.678287786784,28973.821712213216,30098.60657557357,28598.89342442643,SEP26,AUG26,2026-08-28,2026-09-18,29348.75,29335.60827616128,FOUND,DEGRADED,SPOT_MONTH_FALLBACK;ESTIMATED_EXPIRY_ALIAS,2026-08-02.2,PUT_CALL_PARITY,SEP26,SEP26=PUT_CALL_PARITY;AUG26=SERIES_FORWARD_CLUSTER;OCT26=SERIES_FORWARD_CLUSTER;DEC29=SERIES_FORWARD_CLUSTER;DEC26=PUT_CALL_PARITY;NOV26=SERIES_FORWARD_CLUSTER;MAR27=SERIES_FORWARD_CLUSTER;JUN27=SERIES_FORWARD_CLUSTER;DEC28=PUT_CALL_PARITY;DEC27=PUT_CALL_PARITY,SEP26=29348.75;AUG26=29412.5;OCT26=30137.875;DEC29=28924;DEC26=20179.125;NOV26=31093;MAR27=24435.5;JUN27=24130.625;DEC28=19739;DEC27=18304.5,DEC26=GLOBAL_REFERENCE_OUTLIER_PUT_CALL_PARITY;DEC28=GLOBAL_REFERENCE_OUTLIER_SERIES_FORWARD_CLUSTER;DEC27=GLOBAL_REFERENCE_OUTLIER_SERIES_FORWARD_CLUSTER,WEIGHTED_ATM,2026-09-04,6,130,0.0,NONE,4660,4136,0,0,517,NONE,MN1;MN2;MN3;MN4;MN5;QMW;QRW;QTW;QWW,OK,NONE,NONE,2026-08-26
NAS,37000.0,611255.7305636746,0.07092412540705559,0.0,0.0,0.0,0.0,0.0,0.0,29723.678287786784,28973.821712213216,30098.60657557357,28598.89342442643,SEP26,AUG26,2026-08-28,2026-09-18,29348.75,29335.60827616128,FOUND,DEGRADED,SPOT_MONTH_FALLBACK;ESTIMATED_EXPIRY_ALIAS,2026-08-02.2,PUT_CALL_PARITY,SEP26,SEP26=PUT_CALL_PARITY;AUG26=SERIES_FORWARD_CLUSTER;OCT26=SERIES_FORWARD_CLUSTER;DEC29=SERIES_FORWARD_CLUSTER;DEC26=PUT_CALL_PARITY;NOV26=SERIES_FORWARD_CLUSTER;MAR27=SERIES_FORWARD_CLUSTER;JUN27=SERIES_FORWARD_CLUSTER;DEC28=PUT_CALL_PARITY;DEC27=PUT_CALL_PARITY,SEP26=29348.75;AUG26=29412.5;OCT26=30137.875;DEC29=28924;DEC26=20179.125;NOV26=31093;MAR27=24435.5;JUN27=24130.625;DEC28=19739;DEC27=18304.5,DEC26=GLOBAL_REFERENCE_OUTLIER_PUT_CALL_PARITY;DEC28=GLOBAL_REFERENCE_OUTLIER_SERIES_FORWARD_CLUSTER;DEC27=GLOBAL_REFERENCE_OUTLIER_SERIES_FORWARD_CLUSTER,WEIGHTED_ATM,2026-09-04,6,130,0.0,NONE,4660,4136,0,0,517,NONE,MN1;MN2;MN3;MN4;MN5;QMW;QRW;QTW;QWW,OK,NONE,NONE,2026-08-26
NAS,37500.0,476496.1374561754,0.05485524121501936,0.0,0.0,0.0,0.0,0.0,0.0,29723.678287786784,28973.821712213216,30098.60657557357,28598.89342442643,SEP26,AUG26,2026-08-28,2026-09-18,29348.75,29335.60827616128,FOUND,DEGRADED,SPOT_MONTH_FALLBACK;ESTIMATED_EXPIRY_ALIAS,2026-08-02.2,PUT_CALL_PARITY,SEP26,SEP26=PUT_CALL_PARITY;AUG26=SERIES_FORWARD_CLUSTER;OCT26=SERIES_FORWARD_CLUSTER;DEC29=SERIES_FORWARD_CLUSTER;DEC26=PUT_CALL_PARITY;NOV26=SERIES_FORWARD_CLUSTER;MAR27=SERIES_FORWARD_CLUSTER;JUN27=SERIES_FORWARD_CLUSTER;DEC28=PUT_CALL_PARITY;DEC27=PUT_CALL_PARITY,SEP26=29348.75;AUG26=29412.5;OCT26=30137.875;DEC29=28924;DEC26=20179.125;NOV26=31093;MAR27=24435.5;JUN27=24130.625;DEC28=19739;DEC27=18304.5,DEC26=GLOBAL_REFERENCE_OUTLIER_PUT_CALL_PARITY;DEC28=GLOBAL_REFERENCE_OUTLIER_SERIES_FORWARD_CLUSTER;DEC27=GLOBAL_REFERENCE_OUTLIER_SERIES_FORWARD_CLUSTER,WEIGHTED_ATM,2026-09-04,6,130,0.0,NONE,4660,4136,0,0,517,NONE,MN1;MN2;MN3;MN4;MN5;QMW;QRW;QTW;QWW,OK,NONE,NONE,2026-08-26
NAS,38000.0,771715.0481016568,0.08951878770691454,0.0,0.0,0.0,0.0,0.0,0.0,29723.678287786784,28973.821712213216,30098.60657557357,28598.89342442643,SEP26,AUG26,2026-08-28,2026-09-18,29348.75,29335.60827616128,FOUND,DEGRADED,SPOT_MONTH_FALLBACK;ESTIMATED_EXPIRY_ALIAS,2026-08-02.2,PUT_CALL_PARITY,SEP26,SEP26=PUT_CALL_PARITY;AUG26=SERIES_FORWARD_CLUSTER;OCT26=SERIES_FORWARD_CLUSTER;DEC29=SERIES_FORWARD_CLUSTER;DEC26=PUT_CALL_PARITY;NOV26=SERIES_FORWARD_CLUSTER;MAR27=SERIES_FORWARD_CLUSTER;JUN27=SERIES_FORWARD_CLUSTER;DEC28=PUT_CALL_PARITY;DEC27=PUT_CALL_PARITY,SEP26=29348.75;AUG26=29412.5;OCT26=30137.875;DEC29=28924;DEC26=20179.125;NOV26=31093;MAR27=24435.5;JUN27=24130.625;DEC28=19739;DEC27=18304.5,DEC26=GLOBAL_REFERENCE_OUTLIER_PUT_CALL_PARITY;DEC28=GLOBAL_REFERENCE_OUTLIER_SERIES_FORWARD_CLUSTER;DEC27=GLOBAL_REFERENCE_OUTLIER_SERIES_FORWARD_CLUSTER,WEIGHTED_ATM,2026-09-04,6,130,0.0,NONE,4660,4136,0,0,517,NONE,MN1;MN2;MN3;MN4;MN5;QMW;QRW;QTW;QWW,OK,NONE,NONE,2026-08-26
NAS,38500.0,5464.134118773389,0.0006015837494382515,0.0,0.0,0.0,0.0,0.0,0.0,29723.678287786784,28973.821712213216,30098.60657557357,28598.89342442643,SEP26,AUG26,2026-08-28,2026-09-18,29348.75,29335.60827616128,FOUND,DEGRADED,SPOT_MONTH_FALLBACK;ESTIMATED_EXPIRY_ALIAS,2026-08-02.2,PUT_CALL_PARITY,SEP26,SEP26=PUT_CALL_PARITY;AUG26=SERIES_FORWARD_CLUSTER;OCT26=SERIES_FORWARD_CLUSTER;DEC29=SERIES_FORWARD_CLUSTER;DEC26=PUT_CALL_PARITY;NOV26=SERIES_FORWARD_CLUSTER;MAR27=SERIES_FORWARD_CLUSTER;JUN27=SERIES_FORWARD_CLUSTER;DEC28=PUT_CALL_PARITY;DEC27=PUT_CALL_PARITY,SEP26=29348.75;AUG26=29412.5;OCT26=30137.875;DEC29=28924;DEC26=20179.125;NOV26=31093;MAR27=24435.5;JUN27=24130.625;DEC28=19739;DEC27=18304.5,DEC26=GLOBAL_REFERENCE_OUTLIER_PUT_CALL_PARITY;DEC28=GLOBAL_REFERENCE_OUTLIER_SERIES_FORWARD_CLUSTER;DEC27=GLOBAL_REFERENCE_OUTLIER_SERIES_FORWARD_CLUSTER,WEIGHTED_ATM,2026-09-04,6,130,0.0,NONE,4660,4136,0,0,517,NONE,MN1;MN2;MN3;MN4;MN5;QMW;QRW;QTW;QWW,OK,NONE,NONE,2026-08-26
NAS,39000.0,3043.8761844214587,0.0003351210654875219,0.0,0.0,0.0,0.0,0.0,0.0,29723.678287786784,28973.821712213216,30098.60657557357,28598.89342442643,SEP26,AUG26,2026-08-28,2026-09-18,29348.75,29335.60827616128,FOUND,DEGRADED,SPOT_MONTH_FALLBACK;ESTIMATED_EXPIRY_ALIAS,2026-08-02.2,PUT_CALL_PARITY,SEP26,SEP26=PUT_CALL_PARITY;AUG26=SERIES_FORWARD_CLUSTER;OCT26=SERIES_FORWARD_CLUSTER;DEC29=SERIES_FORWARD_CLUSTER;DEC26=PUT_CALL_PARITY;NOV26=SERIES_FORWARD_CLUSTER;MAR27=SERIES_FORWARD_CLUSTER;JUN27=SERIES_FORWARD_CLUSTER;DEC28=PUT_CALL_PARITY;DEC27=PUT_CALL_PARITY,SEP26=29348.75;AUG26=29412.5;OCT26=30137.875;DEC29=28924;DEC26=20179.125;NOV26=31093;MAR27=24435.5;JUN27=24130.625;DEC28=19739;DEC27=18304.5,DEC26=GLOBAL_REFERENCE_OUTLIER_PUT_CALL_PARITY;DEC28=GLOBAL_REFERENCE_OUTLIER_SERIES_FORWARD_CLUSTER;DEC27=GLOBAL_REFERENCE_OUTLIER_SERIES_FORWARD_CLUSTER,WEIGHTED_ATM,2026-09-04,6,130,0.0,NONE,4660,4136,0,0,517,NONE,MN1;MN2;MN3;MN4;MN5;QMW;QRW;QTW;QWW,OK,NONE,NONE,2026-08-26
NAS,39500.0,0.0,0.0,0.0,0.0,0.0,0.0,0.0,0.0,29723.678287786784,28973.821712213216,30098.60657557357,28598.89342442643,SEP26,AUG26,2026-08-28,2026-09-18,29348.75,29335.60827616128,FOUND,DEGRADED,SPOT_MONTH_FALLBACK;ESTIMATED_EXPIRY_ALIAS,2026-08-02.2,PUT_CALL_PARITY,SEP26,SEP26=PUT_CALL_PARITY;AUG26=SERIES_FORWARD_CLUSTER;OCT26=SERIES_FORWARD_CLUSTER;DEC29=SERIES_FORWARD_CLUSTER;DEC26=PUT_CALL_PARITY;NOV26=SERIES_FORWARD_CLUSTER;MAR27=SERIES_FORWARD_CLUSTER;JUN27=SERIES_FORWARD_CLUSTER;DEC28=PUT_CALL_PARITY;DEC27=PUT_CALL_PARITY,SEP26=29348.75;AUG26=29412.5;OCT26=30137.875;DEC29=28924;DEC26=20179.125;NOV26=31093;MAR27=24435.5;JUN27=24130.625;DEC28=19739;DEC27=18304.5,DEC26=GLOBAL_REFERENCE_OUTLIER_PUT_CALL_PARITY;DEC28=GLOBAL_REFERENCE_OUTLIER_SERIES_FORWARD_CLUSTER;DEC27=GLOBAL_REFERENCE_OUTLIER_SERIES_FORWARD_CLUSTER,WEIGHTED_ATM,2026-09-04,6,130,0.0,NONE,4660,4136,0,0,517,NONE,MN1;MN2;MN3;MN4;MN5;QMW;QRW;QTW;QWW,OK,NONE,NONE,2026-08-26
NAS,40000.0,0.0,0.0,0.0,0.0,0.0,0.0,0.0,0.0,29723.678287786784,28973.821712213216,30098.60657557357,28598.89342442643,SEP26,AUG26,2026-08-28,2026-09-18,29348.75,29335.60827616128,FOUND,DEGRADED,SPOT_MONTH_FALLBACK;ESTIMATED_EXPIRY_ALIAS,2026-08-02.2,PUT_CALL_PARITY,SEP26,SEP26=PUT_CALL_PARITY;AUG26=SERIES_FORWARD_CLUSTER;OCT26=SERIES_FORWARD_CLUSTER;DEC29=SERIES_FORWARD_CLUSTER;DEC26=PUT_CALL_PARITY;NOV26=SERIES_FORWARD_CLUSTER;MAR27=SERIES_FORWARD_CLUSTER;JUN27=SERIES_FORWARD_CLUSTER;DEC28=PUT_CALL_PARITY;DEC27=PUT_CALL_PARITY,SEP26=29348.75;AUG26=29412.5;OCT26=30137.875;DEC29=28924;DEC26=20179.125;NOV26=31093;MAR27=24435.5;JUN27=24130.625;DEC28=19739;DEC27=18304.5,DEC26=GLOBAL_REFERENCE_OUTLIER_PUT_CALL_PARITY;DEC28=GLOBAL_REFERENCE_OUTLIER_SERIES_FORWARD_CLUSTER;DEC27=GLOBAL_REFERENCE_OUTLIER_SERIES_FORWARD_CLUSTER,WEIGHTED_ATM,2026-09-04,6,130,0.0,NONE,4660,4136,0,0,517,NONE,MN1;MN2;MN3;MN4;MN5;QMW;QRW;QTW;QWW,OK,NONE,NONE,2026-08-26
NAS,40500.0,0.0,0.0,0.0,0.0,0.0,0.0,0.0,0.0,29723.678287786784,28973.821712213216,30098.60657557357,28598.89342442643,SEP26,AUG26,2026-08-28,2026-09-18,29348.75,29335.60827616128,FOUND,DEGRADED,SPOT_MONTH_FALLBACK;ESTIMATED_EXPIRY_ALIAS,2026-08-02.2,PUT_CALL_PARITY,SEP26,SEP26=PUT_CALL_PARITY;AUG26=SERIES_FORWARD_CLUSTER;OCT26=SERIES_FORWARD_CLUSTER;DEC29=SERIES_FORWARD_CLUSTER;DEC26=PUT_CALL_PARITY;NOV26=SERIES_FORWARD_CLUSTER;MAR27=SERIES_FORWARD_CLUSTER;JUN27=SERIES_FORWARD_CLUSTER;DEC28=PUT_CALL_PARITY;DEC27=PUT_CALL_PARITY,SEP26=29348.75;AUG26=29412.5;OCT26=30137.875;DEC29=28924;DEC26=20179.125;NOV26=31093;MAR27=24435.5;JUN27=24130.625;DEC28=19739;DEC27=18304.5,DEC26=GLOBAL_REFERENCE_OUTLIER_PUT_CALL_PARITY;DEC28=GLOBAL_REFERENCE_OUTLIER_SERIES_FORWARD_CLUSTER;DEC27=GLOBAL_REFERENCE_OUTLIER_SERIES_FORWARD_CLUSTER,WEIGHTED_ATM,2026-09-04,6,130,0.0,NONE,4660,4136,0,0,517,NONE,MN1;MN2;MN3;MN4;MN5;QMW;QRW;QTW;QWW,OK,NONE,NONE,2026-08-26
NAS,41000.0,0.0,0.0,0.0,0.0,0.0,0.0,0.0,0.0,29723.678287786784,28973.821712213216,30098.60657557357,28598.89342442643,SEP26,AUG26,2026-08-28,2026-09-18,29348.75,29335.60827616128,FOUND,DEGRADED,SPOT_MONTH_FALLBACK;ESTIMATED_EXPIRY_ALIAS,2026-08-02.2,PUT_CALL_PARITY,SEP26,SEP26=PUT_CALL_PARITY;AUG26=SERIES_FORWARD_CLUSTER;OCT26=SERIES_FORWARD_CLUSTER;DEC29=SERIES_FORWARD_CLUSTER;DEC26=PUT_CALL_PARITY;NOV26=SERIES_FORWARD_CLUSTER;MAR27=SERIES_FORWARD_CLUSTER;JUN27=SERIES_FORWARD_CLUSTER;DEC28=PUT_CALL_PARITY;DEC27=PUT_CALL_PARITY,SEP26=29348.75;AUG26=29412.5;OCT26=30137.875;DEC29=28924;DEC26=20179.125;NOV26=31093;MAR27=24435.5;JUN27=24130.625;DEC28=19739;DEC27=18304.5,DEC26=GLOBAL_REFERENCE_OUTLIER_PUT_CALL_PARITY;DEC28=GLOBAL_REFERENCE_OUTLIER_SERIES_FORWARD_CLUSTER;DEC27=GLOBAL_REFERENCE_OUTLIER_SERIES_FORWARD_CLUSTER,WEIGHTED_ATM,2026-09-04,6,130,0.0,NONE,4660,4136,0,0,517,NONE,MN1;MN2;MN3;MN4;MN5;QMW;QRW;QTW;QWW,OK,NONE,NONE,2026-08-26
NAS,41500.0,0.0,0.0,0.0,0.0,0.0,0.0,0.0,0.0,29723.678287786784,28973.821712213216,30098.60657557357,28598.89342442643,SEP26,AUG26,2026-08-28,2026-09-18,29348.75,29335.60827616128,FOUND,DEGRADED,SPOT_MONTH_FALLBACK;ESTIMATED_EXPIRY_ALIAS,2026-08-02.2,PUT_CALL_PARITY,SEP26,SEP26=PUT_CALL_PARITY;AUG26=SERIES_FORWARD_CLUSTER;OCT26=SERIES_FORWARD_CLUSTER;DEC29=SERIES_FORWARD_CLUSTER;DEC26=PUT_CALL_PARITY;NOV26=SERIES_FORWARD_CLUSTER;MAR27=SERIES_FORWARD_CLUSTER;JUN27=SERIES_FORWARD_CLUSTER;DEC28=PUT_CALL_PARITY;DEC27=PUT_CALL_PARITY,SEP26=29348.75;AUG26=29412.5;OCT26=30137.875;DEC29=28924;DEC26=20179.125;NOV26=31093;MAR27=24435.5;JUN27=24130.625;DEC28=19739;DEC27=18304.5,DEC26=GLOBAL_REFERENCE_OUTLIER_PUT_CALL_PARITY;DEC28=GLOBAL_REFERENCE_OUTLIER_SERIES_FORWARD_CLUSTER;DEC27=GLOBAL_REFERENCE_OUTLIER_SERIES_FORWARD_CLUSTER,WEIGHTED_ATM,2026-09-04,6,130,0.0,NONE,4660,4136,0,0,517,NONE,MN1;MN2;MN3;MN4;MN5;QMW;QRW;QTW;QWW,OK,NONE,NONE,2026-08-26
NAS,42000.0,0.0,0.0,0.0,0.0,0.0,0.0,0.0,0.0,29723.678287786784,28973.821712213216,30098.60657557357,28598.89342442643,SEP26,AUG26,2026-08-28,2026-09-18,29348.75,29335.60827616128,FOUND,DEGRADED,SPOT_MONTH_FALLBACK;ESTIMATED_EXPIRY_ALIAS,2026-08-02.2,PUT_CALL_PARITY,SEP26,SEP26=PUT_CALL_PARITY;AUG26=SERIES_FORWARD_CLUSTER;OCT26=SERIES_FORWARD_CLUSTER;DEC29=SERIES_FORWARD_CLUSTER;DEC26=PUT_CALL_PARITY;NOV26=SERIES_FORWARD_CLUSTER;MAR27=SERIES_FORWARD_CLUSTER;JUN27=SERIES_FORWARD_CLUSTER;DEC28=PUT_CALL_PARITY;DEC27=PUT_CALL_PARITY,SEP26=29348.75;AUG26=29412.5;OCT26=30137.875;DEC29=28924;DEC26=20179.125;NOV26=31093;MAR27=24435.5;JUN27=24130.625;DEC28=19739;DEC27=18304.5,DEC26=GLOBAL_REFERENCE_OUTLIER_PUT_CALL_PARITY;DEC28=GLOBAL_REFERENCE_OUTLIER_SERIES_FORWARD_CLUSTER;DEC27=GLOBAL_REFERENCE_OUTLIER_SERIES_FORWARD_CLUSTER,WEIGHTED_ATM,2026-09-04,6,130,0.0,NONE,4660,4136,0,0,517,NONE,MN1;MN2;MN3;MN4;MN5;QMW;QRW;QTW;QWW,OK,NONE,NONE,2026-08-26
NAS,42500.0,0.0,0.0,0.0,0.0,0.0,0.0,0.0,0.0,29723.678287786784,28973.821712213216,30098.60657557357,28598.89342442643,SEP26,AUG26,2026-08-28,2026-09-18,29348.75,29335.60827616128,FOUND,DEGRADED,SPOT_MONTH_FALLBACK;ESTIMATED_EXPIRY_ALIAS,2026-08-02.2,PUT_CALL_PARITY,SEP26,SEP26=PUT_CALL_PARITY;AUG26=SERIES_FORWARD_CLUSTER;OCT26=SERIES_FORWARD_CLUSTER;DEC29=SERIES_FORWARD_CLUSTER;DEC26=PUT_CALL_PARITY;NOV26=SERIES_FORWARD_CLUSTER;MAR27=SERIES_FORWARD_CLUSTER;JUN27=SERIES_FORWARD_CLUSTER;DEC28=PUT_CALL_PARITY;DEC27=PUT_CALL_PARITY,SEP26=29348.75;AUG26=29412.5;OCT26=30137.875;DEC29=28924;DEC26=20179.125;NOV26=31093;MAR27=24435.5;JUN27=24130.625;DEC28=19739;DEC27=18304.5,DEC26=GLOBAL_REFERENCE_OUTLIER_PUT_CALL_PARITY;DEC28=GLOBAL_REFERENCE_OUTLIER_SERIES_FORWARD_CLUSTER;DEC27=GLOBAL_REFERENCE_OUTLIER_SERIES_FORWARD_CLUSTER,WEIGHTED_ATM,2026-09-04,6,130,0.0,NONE,4660,4136,0,0,517,NONE,MN1;MN2;MN3;MN4;MN5;QMW;QRW;QTW;QWW,OK,NONE,NONE,2026-08-26
NAS,43000.0,0.0,0.0,0.0,0.0,0.0,0.0,0.0,0.0,29723.678287786784,28973.821712213216,30098.60657557357,28598.89342442643,SEP26,AUG26,2026-08-28,2026-09-18,29348.75,29335.60827616128,FOUND,DEGRADED,SPOT_MONTH_FALLBACK;ESTIMATED_EXPIRY_ALIAS,2026-08-02.2,PUT_CALL_PARITY,SEP26,SEP26=PUT_CALL_PARITY;AUG26=SERIES_FORWARD_CLUSTER;OCT26=SERIES_FORWARD_CLUSTER;DEC29=SERIES_FORWARD_CLUSTER;DEC26=PUT_CALL_PARITY;NOV26=SERIES_FORWARD_CLUSTER;MAR27=SERIES_FORWARD_CLUSTER;JUN27=SERIES_FORWARD_CLUSTER;DEC28=PUT_CALL_PARITY;DEC27=PUT_CALL_PARITY,SEP26=29348.75;AUG26=29412.5;OCT26=30137.875;DEC29=28924;DEC26=20179.125;NOV26=31093;MAR27=24435.5;JUN27=24130.625;DEC28=19739;DEC27=18304.5,DEC26=GLOBAL_REFERENCE_OUTLIER_PUT_CALL_PARITY;DEC28=GLOBAL_REFERENCE_OUTLIER_SERIES_FORWARD_CLUSTER;DEC27=GLOBAL_REFERENCE_OUTLIER_SERIES_FORWARD_CLUSTER,WEIGHTED_ATM,2026-09-04,6,130,0.0,NONE,4660,4136,0,0,517,NONE,MN1;MN2;MN3;MN4;MN5;QMW;QRW;QTW;QWW,OK,NONE,NONE,2026-08-26
NAS,43500.0,0.0,0.0,0.0,0.0,0.0,0.0,0.0,0.0,29723.678287786784,28973.821712213216,30098.60657557357,28598.89342442643,SEP26,AUG26,2026-08-28,2026-09-18,29348.75,29335.60827616128,FOUND,DEGRADED,SPOT_MONTH_FALLBACK;ESTIMATED_EXPIRY_ALIAS,2026-08-02.2,PUT_CALL_PARITY,SEP26,SEP26=PUT_CALL_PARITY;AUG26=SERIES_FORWARD_CLUSTER;OCT26=SERIES_FORWARD_CLUSTER;DEC29=SERIES_FORWARD_CLUSTER;DEC26=PUT_CALL_PARITY;NOV26=SERIES_FORWARD_CLUSTER;MAR27=SERIES_FORWARD_CLUSTER;JUN27=SERIES_FORWARD_CLUSTER;DEC28=PUT_CALL_PARITY;DEC27=PUT_CALL_PARITY,SEP26=29348.75;AUG26=29412.5;OCT26=30137.875;DEC29=28924;DEC26=20179.125;NOV26=31093;MAR27=24435.5;JUN27=24130.625;DEC28=19739;DEC27=18304.5,DEC26=GLOBAL_REFERENCE_OUTLIER_PUT_CALL_PARITY;DEC28=GLOBAL_REFERENCE_OUTLIER_SERIES_FORWARD_CLUSTER;DEC27=GLOBAL_REFERENCE_OUTLIER_SERIES_FORWARD_CLUSTER,WEIGHTED_ATM,2026-09-04,6,130,0.0,NONE,4660,4136,0,0,517,NONE,MN1;MN2;MN3;MN4;MN5;QMW;QRW;QTW;QWW,OK,NONE,NONE,2026-08-26
NAS,44000.0,0.0,0.0,0.0,0.0,0.0,0.0,0.0,0.0,29723.678287786784,28973.821712213216,30098.60657557357,28598.89342442643,SEP26,AUG26,2026-08-28,2026-09-18,29348.75,29335.60827616128,FOUND,DEGRADED,SPOT_MONTH_FALLBACK;ESTIMATED_EXPIRY_ALIAS,2026-08-02.2,PUT_CALL_PARITY,SEP26,SEP26=PUT_CALL_PARITY;AUG26=SERIES_FORWARD_CLUSTER;OCT26=SERIES_FORWARD_CLUSTER;DEC29=SERIES_FORWARD_CLUSTER;DEC26=PUT_CALL_PARITY;NOV26=SERIES_FORWARD_CLUSTER;MAR27=SERIES_FORWARD_CLUSTER;JUN27=SERIES_FORWARD_CLUSTER;DEC28=PUT_CALL_PARITY;DEC27=PUT_CALL_PARITY,SEP26=29348.75;AUG26=29412.5;OCT26=30137.875;DEC29=28924;DEC26=20179.125;NOV26=31093;MAR27=24435.5;JUN27=24130.625;DEC28=19739;DEC27=18304.5,DEC26=GLOBAL_REFERENCE_OUTLIER_PUT_CALL_PARITY;DEC28=GLOBAL_REFERENCE_OUTLIER_SERIES_FORWARD_CLUSTER;DEC27=GLOBAL_REFERENCE_OUTLIER_SERIES_FORWARD_CLUSTER,WEIGHTED_ATM,2026-09-04,6,130,0.0,NONE,4660,4136,0,0,517,NONE,MN1;MN2;MN3;MN4;MN5;QMW;QRW;QTW;QWW,OK,NONE,NONE,2026-08-26
NAS,44500.0,0.0,0.0,0.0,0.0,0.0,0.0,0.0,0.0,29723.678287786784,28973.821712213216,30098.60657557357,28598.89342442643,SEP26,AUG26,2026-08-28,2026-09-18,29348.75,29335.60827616128,FOUND,DEGRADED,SPOT_MONTH_FALLBACK;ESTIMATED_EXPIRY_ALIAS,2026-08-02.2,PUT_CALL_PARITY,SEP26,SEP26=PUT_CALL_PARITY;AUG26=SERIES_FORWARD_CLUSTER;OCT26=SERIES_FORWARD_CLUSTER;DEC29=SERIES_FORWARD_CLUSTER;DEC26=PUT_CALL_PARITY;NOV26=SERIES_FORWARD_CLUSTER;MAR27=SERIES_FORWARD_CLUSTER;JUN27=SERIES_FORWARD_CLUSTER;DEC28=PUT_CALL_PARITY;DEC27=PUT_CALL_PARITY,SEP26=29348.75;AUG26=29412.5;OCT26=30137.875;DEC29=28924;DEC26=20179.125;NOV26=31093;MAR27=24435.5;JUN27=24130.625;DEC28=19739;DEC27=18304.5,DEC26=GLOBAL_REFERENCE_OUTLIER_PUT_CALL_PARITY;DEC28=GLOBAL_REFERENCE_OUTLIER_SERIES_FORWARD_CLUSTER;DEC27=GLOBAL_REFERENCE_OUTLIER_SERIES_FORWARD_CLUSTER,WEIGHTED_ATM,2026-09-04,6,130,0.0,NONE,4660,4136,0,0,517,NONE,MN1;MN2;MN3;MN4;MN5;QMW;QRW;QTW;QWW,OK,NONE,NONE,2026-08-26
