Currency,Strike,Total_GEX,Total_Abs_Gamma,Daily_Call_Settle,Daily_Call_OI,Daily_Put_Settle,Daily_Put_OI,Global_Call_OI,Global_Put_OI,R68_High,R68_Low,R95_High,R95_Low,Global_Month,Daily_Month,Daily_Expiry,Global_Expiry,Futures_Spot,Gamma_Flip,Gamma_Flip_Status,Quality_Status,Quality_Reasons,Series_Catalog_Version,Spot_Source,Spot_Reference_Month,Spot_Month_Sources,Spot_Observed_Values,Spot_Fallback_Details,IV_Source,IV_Expiry,IV_DTE,IV_Input_Rows,IV_Reference_Strike,IV_Fallback_Reason,Input_Rows,Used_Rows,Excluded_Unknown_Rows,Excluded_Unresolved_Expiry_Rows,Excluded_Expired_Rows,Unknown_Option_Types,Estimated_Expiry_Types,Anomaly_Status,Anomaly_Codes,Anomaly_Details,Anomaly_Baseline_Date
NAS,10000.0,0.0,0.0,0.0,0.0,0.0,0.0,0.0,0.0,31127.04129267234,30406.45870732766,31487.332585344684,30046.167414655316,DEC26,SEP26,2026-09-25,2026-12-18,30766.75,30793.940034634394,FOUND,DEGRADED,SPOT_MONTH_FALLBACK;ESTIMATED_EXPIRY_ALIAS,2026-08-02.2,PUT_CALL_PARITY,SEP26,OCT26=PUT_CALL_PARITY;SEP26=PUT_CALL_PARITY;NOV26=SERIES_FORWARD_CLUSTER;DEC29=SERIES_FORWARD_CLUSTER;DEC26=PUT_CALL_PARITY;MAR27=SERIES_FORWARD_CLUSTER;JUN27=PUT_CALL_PARITY;DEC28=PUT_CALL_PARITY;DEC27=PUT_CALL_PARITY;SEP27=SERIES_FORWARD_CLUSTER;JUN29=PUT_CALL_PARITY;DEC30=PUT_CALL_PARITY,OCT26=30756.75;SEP26=30766.75;NOV26=31843.125;DEC29=29950.15;DEC26=20089;MAR27=27605.125;JUN27=24445.125;DEC27=21056.75;SEP27=36064.25,DEC26=GLOBAL_REFERENCE_OUTLIER_PUT_CALL_PARITY;JUN27=GLOBAL_REFERENCE_OUTLIER_SERIES_FORWARD_CLUSTER;DEC28=GLOBAL_REFERENCE_NO_OBSERVATION;DEC27=GLOBAL_REFERENCE_OUTLIER_SERIES_FORWARD_CLUSTER;JUN29=GLOBAL_REFERENCE_NO_OBSERVATION;DEC30=GLOBAL_REFERENCE_NO_OBSERVATION,WEIGHTED_ATM,2026-10-02,5,139,0.0,NONE,5131,4631,0,0,494,NONE,MN1;MN2;MN3;MN4;MN5;QMW;QRW;QTW;QWW,OK,NONE,NONE,2026-09-24
NAS,10500.0,0.0,0.0,0.0,0.0,0.0,0.0,0.0,0.0,31127.04129267234,30406.45870732766,31487.332585344684,30046.167414655316,DEC26,SEP26,2026-09-25,2026-12-18,30766.75,30793.940034634394,FOUND,DEGRADED,SPOT_MONTH_FALLBACK;ESTIMATED_EXPIRY_ALIAS,2026-08-02.2,PUT_CALL_PARITY,SEP26,OCT26=PUT_CALL_PARITY;SEP26=PUT_CALL_PARITY;NOV26=SERIES_FORWARD_CLUSTER;DEC29=SERIES_FORWARD_CLUSTER;DEC26=PUT_CALL_PARITY;MAR27=SERIES_FORWARD_CLUSTER;JUN27=PUT_CALL_PARITY;DEC28=PUT_CALL_PARITY;DEC27=PUT_CALL_PARITY;SEP27=SERIES_FORWARD_CLUSTER;JUN29=PUT_CALL_PARITY;DEC30=PUT_CALL_PARITY,OCT26=30756.75;SEP26=30766.75;NOV26=31843.125;DEC29=29950.15;DEC26=20089;MAR27=27605.125;JUN27=24445.125;DEC27=21056.75;SEP27=36064.25,DEC26=GLOBAL_REFERENCE_OUTLIER_PUT_CALL_PARITY;JUN27=GLOBAL_REFERENCE_OUTLIER_SERIES_FORWARD_CLUSTER;DEC28=GLOBAL_REFERENCE_NO_OBSERVATION;DEC27=GLOBAL_REFERENCE_OUTLIER_SERIES_FORWARD_CLUSTER;JUN29=GLOBAL_REFERENCE_NO_OBSERVATION;DEC30=GLOBAL_REFERENCE_NO_OBSERVATION,WEIGHTED_ATM,2026-10-02,5,139,0.0,NONE,5131,4631,0,0,494,NONE,MN1;MN2;MN3;MN4;MN5;QMW;QRW;QTW;QWW,OK,NONE,NONE,2026-09-24
NAS,11000.0,0.0,0.0,0.0,0.0,0.0,0.0,0.0,0.0,31127.04129267234,30406.45870732766,31487.332585344684,30046.167414655316,DEC26,SEP26,2026-09-25,2026-12-18,30766.75,30793.940034634394,FOUND,DEGRADED,SPOT_MONTH_FALLBACK;ESTIMATED_EXPIRY_ALIAS,2026-08-02.2,PUT_CALL_PARITY,SEP26,OCT26=PUT_CALL_PARITY;SEP26=PUT_CALL_PARITY;NOV26=SERIES_FORWARD_CLUSTER;DEC29=SERIES_FORWARD_CLUSTER;DEC26=PUT_CALL_PARITY;MAR27=SERIES_FORWARD_CLUSTER;JUN27=PUT_CALL_PARITY;DEC28=PUT_CALL_PARITY;DEC27=PUT_CALL_PARITY;SEP27=SERIES_FORWARD_CLUSTER;JUN29=PUT_CALL_PARITY;DEC30=PUT_CALL_PARITY,OCT26=30756.75;SEP26=30766.75;NOV26=31843.125;DEC29=29950.15;DEC26=20089;MAR27=27605.125;JUN27=24445.125;DEC27=21056.75;SEP27=36064.25,DEC26=GLOBAL_REFERENCE_OUTLIER_PUT_CALL_PARITY;JUN27=GLOBAL_REFERENCE_OUTLIER_SERIES_FORWARD_CLUSTER;DEC28=GLOBAL_REFERENCE_NO_OBSERVATION;DEC27=GLOBAL_REFERENCE_OUTLIER_SERIES_FORWARD_CLUSTER;JUN29=GLOBAL_REFERENCE_NO_OBSERVATION;DEC30=GLOBAL_REFERENCE_NO_OBSERVATION,WEIGHTED_ATM,2026-10-02,5,139,0.0,NONE,5131,4631,0,0,494,NONE,MN1;MN2;MN3;MN4;MN5;QMW;QRW;QTW;QWW,OK,NONE,NONE,2026-09-24
NAS,11500.0,0.0,0.0,0.0,0.0,0.0,0.0,0.0,0.0,31127.04129267234,30406.45870732766,31487.332585344684,30046.167414655316,DEC26,SEP26,2026-09-25,2026-12-18,30766.75,30793.940034634394,FOUND,DEGRADED,SPOT_MONTH_FALLBACK;ESTIMATED_EXPIRY_ALIAS,2026-08-02.2,PUT_CALL_PARITY,SEP26,OCT26=PUT_CALL_PARITY;SEP26=PUT_CALL_PARITY;NOV26=SERIES_FORWARD_CLUSTER;DEC29=SERIES_FORWARD_CLUSTER;DEC26=PUT_CALL_PARITY;MAR27=SERIES_FORWARD_CLUSTER;JUN27=PUT_CALL_PARITY;DEC28=PUT_CALL_PARITY;DEC27=PUT_CALL_PARITY;SEP27=SERIES_FORWARD_CLUSTER;JUN29=PUT_CALL_PARITY;DEC30=PUT_CALL_PARITY,OCT26=30756.75;SEP26=30766.75;NOV26=31843.125;DEC29=29950.15;DEC26=20089;MAR27=27605.125;JUN27=24445.125;DEC27=21056.75;SEP27=36064.25,DEC26=GLOBAL_REFERENCE_OUTLIER_PUT_CALL_PARITY;JUN27=GLOBAL_REFERENCE_OUTLIER_SERIES_FORWARD_CLUSTER;DEC28=GLOBAL_REFERENCE_NO_OBSERVATION;DEC27=GLOBAL_REFERENCE_OUTLIER_SERIES_FORWARD_CLUSTER;JUN29=GLOBAL_REFERENCE_NO_OBSERVATION;DEC30=GLOBAL_REFERENCE_NO_OBSERVATION,WEIGHTED_ATM,2026-10-02,5,139,0.0,NONE,5131,4631,0,0,494,NONE,MN1;MN2;MN3;MN4;MN5;QMW;QRW;QTW;QWW,OK,NONE,NONE,2026-09-24
NAS,12000.0,0.0,0.0,0.0,0.0,0.0,0.0,0.0,0.0,31127.04129267234,30406.45870732766,31487.332585344684,30046.167414655316,DEC26,SEP26,2026-09-25,2026-12-18,30766.75,30793.940034634394,FOUND,DEGRADED,SPOT_MONTH_FALLBACK;ESTIMATED_EXPIRY_ALIAS,2026-08-02.2,PUT_CALL_PARITY,SEP26,OCT26=PUT_CALL_PARITY;SEP26=PUT_CALL_PARITY;NOV26=SERIES_FORWARD_CLUSTER;DEC29=SERIES_FORWARD_CLUSTER;DEC26=PUT_CALL_PARITY;MAR27=SERIES_FORWARD_CLUSTER;JUN27=PUT_CALL_PARITY;DEC28=PUT_CALL_PARITY;DEC27=PUT_CALL_PARITY;SEP27=SERIES_FORWARD_CLUSTER;JUN29=PUT_CALL_PARITY;DEC30=PUT_CALL_PARITY,OCT26=30756.75;SEP26=30766.75;NOV26=31843.125;DEC29=29950.15;DEC26=20089;MAR27=27605.125;JUN27=24445.125;DEC27=21056.75;SEP27=36064.25,DEC26=GLOBAL_REFERENCE_OUTLIER_PUT_CALL_PARITY;JUN27=GLOBAL_REFERENCE_OUTLIER_SERIES_FORWARD_CLUSTER;DEC28=GLOBAL_REFERENCE_NO_OBSERVATION;DEC27=GLOBAL_REFERENCE_OUTLIER_SERIES_FORWARD_CLUSTER;JUN29=GLOBAL_REFERENCE_NO_OBSERVATION;DEC30=GLOBAL_REFERENCE_NO_OBSERVATION,WEIGHTED_ATM,2026-10-02,5,139,0.0,NONE,5131,4631,0,0,494,NONE,MN1;MN2;MN3;MN4;MN5;QMW;QRW;QTW;QWW,OK,NONE,NONE,2026-09-24
NAS,12500.0,0.0,0.0,0.0,0.0,0.0,0.0,0.0,0.0,31127.04129267234,30406.45870732766,31487.332585344684,30046.167414655316,DEC26,SEP26,2026-09-25,2026-12-18,30766.75,30793.940034634394,FOUND,DEGRADED,SPOT_MONTH_FALLBACK;ESTIMATED_EXPIRY_ALIAS,2026-08-02.2,PUT_CALL_PARITY,SEP26,OCT26=PUT_CALL_PARITY;SEP26=PUT_CALL_PARITY;NOV26=SERIES_FORWARD_CLUSTER;DEC29=SERIES_FORWARD_CLUSTER;DEC26=PUT_CALL_PARITY;MAR27=SERIES_FORWARD_CLUSTER;JUN27=PUT_CALL_PARITY;DEC28=PUT_CALL_PARITY;DEC27=PUT_CALL_PARITY;SEP27=SERIES_FORWARD_CLUSTER;JUN29=PUT_CALL_PARITY;DEC30=PUT_CALL_PARITY,OCT26=30756.75;SEP26=30766.75;NOV26=31843.125;DEC29=29950.15;DEC26=20089;MAR27=27605.125;JUN27=24445.125;DEC27=21056.75;SEP27=36064.25,DEC26=GLOBAL_REFERENCE_OUTLIER_PUT_CALL_PARITY;JUN27=GLOBAL_REFERENCE_OUTLIER_SERIES_FORWARD_CLUSTER;DEC28=GLOBAL_REFERENCE_NO_OBSERVATION;DEC27=GLOBAL_REFERENCE_OUTLIER_SERIES_FORWARD_CLUSTER;JUN29=GLOBAL_REFERENCE_NO_OBSERVATION;DEC30=GLOBAL_REFERENCE_NO_OBSERVATION,WEIGHTED_ATM,2026-10-02,5,139,0.0,NONE,5131,4631,0,0,494,NONE,MN1;MN2;MN3;MN4;MN5;QMW;QRW;QTW;QWW,OK,NONE,NONE,2026-09-24
NAS,13000.0,0.0,0.0,0.0,0.0,0.0,0.0,0.0,0.0,31127.04129267234,30406.45870732766,31487.332585344684,30046.167414655316,DEC26,SEP26,2026-09-25,2026-12-18,30766.75,30793.940034634394,FOUND,DEGRADED,SPOT_MONTH_FALLBACK;ESTIMATED_EXPIRY_ALIAS,2026-08-02.2,PUT_CALL_PARITY,SEP26,OCT26=PUT_CALL_PARITY;SEP26=PUT_CALL_PARITY;NOV26=SERIES_FORWARD_CLUSTER;DEC29=SERIES_FORWARD_CLUSTER;DEC26=PUT_CALL_PARITY;MAR27=SERIES_FORWARD_CLUSTER;JUN27=PUT_CALL_PARITY;DEC28=PUT_CALL_PARITY;DEC27=PUT_CALL_PARITY;SEP27=SERIES_FORWARD_CLUSTER;JUN29=PUT_CALL_PARITY;DEC30=PUT_CALL_PARITY,OCT26=30756.75;SEP26=30766.75;NOV26=31843.125;DEC29=29950.15;DEC26=20089;MAR27=27605.125;JUN27=24445.125;DEC27=21056.75;SEP27=36064.25,DEC26=GLOBAL_REFERENCE_OUTLIER_PUT_CALL_PARITY;JUN27=GLOBAL_REFERENCE_OUTLIER_SERIES_FORWARD_CLUSTER;DEC28=GLOBAL_REFERENCE_NO_OBSERVATION;DEC27=GLOBAL_REFERENCE_OUTLIER_SERIES_FORWARD_CLUSTER;JUN29=GLOBAL_REFERENCE_NO_OBSERVATION;DEC30=GLOBAL_REFERENCE_NO_OBSERVATION,WEIGHTED_ATM,2026-10-02,5,139,0.0,NONE,5131,4631,0,0,494,NONE,MN1;MN2;MN3;MN4;MN5;QMW;QRW;QTW;QWW,OK,NONE,NONE,2026-09-24
NAS,13500.0,0.0,0.0,0.0,0.0,0.0,0.0,0.0,0.0,31127.04129267234,30406.45870732766,31487.332585344684,30046.167414655316,DEC26,SEP26,2026-09-25,2026-12-18,30766.75,30793.940034634394,FOUND,DEGRADED,SPOT_MONTH_FALLBACK;ESTIMATED_EXPIRY_ALIAS,2026-08-02.2,PUT_CALL_PARITY,SEP26,OCT26=PUT_CALL_PARITY;SEP26=PUT_CALL_PARITY;NOV26=SERIES_FORWARD_CLUSTER;DEC29=SERIES_FORWARD_CLUSTER;DEC26=PUT_CALL_PARITY;MAR27=SERIES_FORWARD_CLUSTER;JUN27=PUT_CALL_PARITY;DEC28=PUT_CALL_PARITY;DEC27=PUT_CALL_PARITY;SEP27=SERIES_FORWARD_CLUSTER;JUN29=PUT_CALL_PARITY;DEC30=PUT_CALL_PARITY,OCT26=30756.75;SEP26=30766.75;NOV26=31843.125;DEC29=29950.15;DEC26=20089;MAR27=27605.125;JUN27=24445.125;DEC27=21056.75;SEP27=36064.25,DEC26=GLOBAL_REFERENCE_OUTLIER_PUT_CALL_PARITY;JUN27=GLOBAL_REFERENCE_OUTLIER_SERIES_FORWARD_CLUSTER;DEC28=GLOBAL_REFERENCE_NO_OBSERVATION;DEC27=GLOBAL_REFERENCE_OUTLIER_SERIES_FORWARD_CLUSTER;JUN29=GLOBAL_REFERENCE_NO_OBSERVATION;DEC30=GLOBAL_REFERENCE_NO_OBSERVATION,WEIGHTED_ATM,2026-10-02,5,139,0.0,NONE,5131,4631,0,0,494,NONE,MN1;MN2;MN3;MN4;MN5;QMW;QRW;QTW;QWW,OK,NONE,NONE,2026-09-24
NAS,14000.0,0.0,0.0,0.0,0.0,0.0,0.0,0.0,0.0,31127.04129267234,30406.45870732766,31487.332585344684,30046.167414655316,DEC26,SEP26,2026-09-25,2026-12-18,30766.75,30793.940034634394,FOUND,DEGRADED,SPOT_MONTH_FALLBACK;ESTIMATED_EXPIRY_ALIAS,2026-08-02.2,PUT_CALL_PARITY,SEP26,OCT26=PUT_CALL_PARITY;SEP26=PUT_CALL_PARITY;NOV26=SERIES_FORWARD_CLUSTER;DEC29=SERIES_FORWARD_CLUSTER;DEC26=PUT_CALL_PARITY;MAR27=SERIES_FORWARD_CLUSTER;JUN27=PUT_CALL_PARITY;DEC28=PUT_CALL_PARITY;DEC27=PUT_CALL_PARITY;SEP27=SERIES_FORWARD_CLUSTER;JUN29=PUT_CALL_PARITY;DEC30=PUT_CALL_PARITY,OCT26=30756.75;SEP26=30766.75;NOV26=31843.125;DEC29=29950.15;DEC26=20089;MAR27=27605.125;JUN27=24445.125;DEC27=21056.75;SEP27=36064.25,DEC26=GLOBAL_REFERENCE_OUTLIER_PUT_CALL_PARITY;JUN27=GLOBAL_REFERENCE_OUTLIER_SERIES_FORWARD_CLUSTER;DEC28=GLOBAL_REFERENCE_NO_OBSERVATION;DEC27=GLOBAL_REFERENCE_OUTLIER_SERIES_FORWARD_CLUSTER;JUN29=GLOBAL_REFERENCE_NO_OBSERVATION;DEC30=GLOBAL_REFERENCE_NO_OBSERVATION,WEIGHTED_ATM,2026-10-02,5,139,0.0,NONE,5131,4631,0,0,494,NONE,MN1;MN2;MN3;MN4;MN5;QMW;QRW;QTW;QWW,OK,NONE,NONE,2026-09-24
NAS,14500.0,0.0,0.0,0.0,0.0,0.0,0.0,0.0,0.0,31127.04129267234,30406.45870732766,31487.332585344684,30046.167414655316,DEC26,SEP26,2026-09-25,2026-12-18,30766.75,30793.940034634394,FOUND,DEGRADED,SPOT_MONTH_FALLBACK;ESTIMATED_EXPIRY_ALIAS,2026-08-02.2,PUT_CALL_PARITY,SEP26,OCT26=PUT_CALL_PARITY;SEP26=PUT_CALL_PARITY;NOV26=SERIES_FORWARD_CLUSTER;DEC29=SERIES_FORWARD_CLUSTER;DEC26=PUT_CALL_PARITY;MAR27=SERIES_FORWARD_CLUSTER;JUN27=PUT_CALL_PARITY;DEC28=PUT_CALL_PARITY;DEC27=PUT_CALL_PARITY;SEP27=SERIES_FORWARD_CLUSTER;JUN29=PUT_CALL_PARITY;DEC30=PUT_CALL_PARITY,OCT26=30756.75;SEP26=30766.75;NOV26=31843.125;DEC29=29950.15;DEC26=20089;MAR27=27605.125;JUN27=24445.125;DEC27=21056.75;SEP27=36064.25,DEC26=GLOBAL_REFERENCE_OUTLIER_PUT_CALL_PARITY;JUN27=GLOBAL_REFERENCE_OUTLIER_SERIES_FORWARD_CLUSTER;DEC28=GLOBAL_REFERENCE_NO_OBSERVATION;DEC27=GLOBAL_REFERENCE_OUTLIER_SERIES_FORWARD_CLUSTER;JUN29=GLOBAL_REFERENCE_NO_OBSERVATION;DEC30=GLOBAL_REFERENCE_NO_OBSERVATION,WEIGHTED_ATM,2026-10-02,5,139,0.0,NONE,5131,4631,0,0,494,NONE,MN1;MN2;MN3;MN4;MN5;QMW;QRW;QTW;QWW,OK,NONE,NONE,2026-09-24
NAS,15000.0,0.0,0.0,0.0,0.0,0.0,0.0,0.0,0.0,31127.04129267234,30406.45870732766,31487.332585344684,30046.167414655316,DEC26,SEP26,2026-09-25,2026-12-18,30766.75,30793.940034634394,FOUND,DEGRADED,SPOT_MONTH_FALLBACK;ESTIMATED_EXPIRY_ALIAS,2026-08-02.2,PUT_CALL_PARITY,SEP26,OCT26=PUT_CALL_PARITY;SEP26=PUT_CALL_PARITY;NOV26=SERIES_FORWARD_CLUSTER;DEC29=SERIES_FORWARD_CLUSTER;DEC26=PUT_CALL_PARITY;MAR27=SERIES_FORWARD_CLUSTER;JUN27=PUT_CALL_PARITY;DEC28=PUT_CALL_PARITY;DEC27=PUT_CALL_PARITY;SEP27=SERIES_FORWARD_CLUSTER;JUN29=PUT_CALL_PARITY;DEC30=PUT_CALL_PARITY,OCT26=30756.75;SEP26=30766.75;NOV26=31843.125;DEC29=29950.15;DEC26=20089;MAR27=27605.125;JUN27=24445.125;DEC27=21056.75;SEP27=36064.25,DEC26=GLOBAL_REFERENCE_OUTLIER_PUT_CALL_PARITY;JUN27=GLOBAL_REFERENCE_OUTLIER_SERIES_FORWARD_CLUSTER;DEC28=GLOBAL_REFERENCE_NO_OBSERVATION;DEC27=GLOBAL_REFERENCE_OUTLIER_SERIES_FORWARD_CLUSTER;JUN29=GLOBAL_REFERENCE_NO_OBSERVATION;DEC30=GLOBAL_REFERENCE_NO_OBSERVATION,WEIGHTED_ATM,2026-10-02,5,139,0.0,NONE,5131,4631,0,0,494,NONE,MN1;MN2;MN3;MN4;MN5;QMW;QRW;QTW;QWW,OK,NONE,NONE,2026-09-24
NAS,15500.0,0.0,0.0,0.0,0.0,0.0,0.0,0.0,0.0,31127.04129267234,30406.45870732766,31487.332585344684,30046.167414655316,DEC26,SEP26,2026-09-25,2026-12-18,30766.75,30793.940034634394,FOUND,DEGRADED,SPOT_MONTH_FALLBACK;ESTIMATED_EXPIRY_ALIAS,2026-08-02.2,PUT_CALL_PARITY,SEP26,OCT26=PUT_CALL_PARITY;SEP26=PUT_CALL_PARITY;NOV26=SERIES_FORWARD_CLUSTER;DEC29=SERIES_FORWARD_CLUSTER;DEC26=PUT_CALL_PARITY;MAR27=SERIES_FORWARD_CLUSTER;JUN27=PUT_CALL_PARITY;DEC28=PUT_CALL_PARITY;DEC27=PUT_CALL_PARITY;SEP27=SERIES_FORWARD_CLUSTER;JUN29=PUT_CALL_PARITY;DEC30=PUT_CALL_PARITY,OCT26=30756.75;SEP26=30766.75;NOV26=31843.125;DEC29=29950.15;DEC26=20089;MAR27=27605.125;JUN27=24445.125;DEC27=21056.75;SEP27=36064.25,DEC26=GLOBAL_REFERENCE_OUTLIER_PUT_CALL_PARITY;JUN27=GLOBAL_REFERENCE_OUTLIER_SERIES_FORWARD_CLUSTER;DEC28=GLOBAL_REFERENCE_NO_OBSERVATION;DEC27=GLOBAL_REFERENCE_OUTLIER_SERIES_FORWARD_CLUSTER;JUN29=GLOBAL_REFERENCE_NO_OBSERVATION;DEC30=GLOBAL_REFERENCE_NO_OBSERVATION,WEIGHTED_ATM,2026-10-02,5,139,0.0,NONE,5131,4631,0,0,494,NONE,MN1;MN2;MN3;MN4;MN5;QMW;QRW;QTW;QWW,OK,NONE,NONE,2026-09-24
NAS,16000.0,0.0,0.0,0.0,0.0,0.0,0.0,0.0,0.0,31127.04129267234,30406.45870732766,31487.332585344684,30046.167414655316,DEC26,SEP26,2026-09-25,2026-12-18,30766.75,30793.940034634394,FOUND,DEGRADED,SPOT_MONTH_FALLBACK;ESTIMATED_EXPIRY_ALIAS,2026-08-02.2,PUT_CALL_PARITY,SEP26,OCT26=PUT_CALL_PARITY;SEP26=PUT_CALL_PARITY;NOV26=SERIES_FORWARD_CLUSTER;DEC29=SERIES_FORWARD_CLUSTER;DEC26=PUT_CALL_PARITY;MAR27=SERIES_FORWARD_CLUSTER;JUN27=PUT_CALL_PARITY;DEC28=PUT_CALL_PARITY;DEC27=PUT_CALL_PARITY;SEP27=SERIES_FORWARD_CLUSTER;JUN29=PUT_CALL_PARITY;DEC30=PUT_CALL_PARITY,OCT26=30756.75;SEP26=30766.75;NOV26=31843.125;DEC29=29950.15;DEC26=20089;MAR27=27605.125;JUN27=24445.125;DEC27=21056.75;SEP27=36064.25,DEC26=GLOBAL_REFERENCE_OUTLIER_PUT_CALL_PARITY;JUN27=GLOBAL_REFERENCE_OUTLIER_SERIES_FORWARD_CLUSTER;DEC28=GLOBAL_REFERENCE_NO_OBSERVATION;DEC27=GLOBAL_REFERENCE_OUTLIER_SERIES_FORWARD_CLUSTER;JUN29=GLOBAL_REFERENCE_NO_OBSERVATION;DEC30=GLOBAL_REFERENCE_NO_OBSERVATION,WEIGHTED_ATM,2026-10-02,5,139,0.0,NONE,5131,4631,0,0,494,NONE,MN1;MN2;MN3;MN4;MN5;QMW;QRW;QTW;QWW,OK,NONE,NONE,2026-09-24
NAS,16500.0,0.0,0.0,0.0,0.0,0.0,0.0,0.0,0.0,31127.04129267234,30406.45870732766,31487.332585344684,30046.167414655316,DEC26,SEP26,2026-09-25,2026-12-18,30766.75,30793.940034634394,FOUND,DEGRADED,SPOT_MONTH_FALLBACK;ESTIMATED_EXPIRY_ALIAS,2026-08-02.2,PUT_CALL_PARITY,SEP26,OCT26=PUT_CALL_PARITY;SEP26=PUT_CALL_PARITY;NOV26=SERIES_FORWARD_CLUSTER;DEC29=SERIES_FORWARD_CLUSTER;DEC26=PUT_CALL_PARITY;MAR27=SERIES_FORWARD_CLUSTER;JUN27=PUT_CALL_PARITY;DEC28=PUT_CALL_PARITY;DEC27=PUT_CALL_PARITY;SEP27=SERIES_FORWARD_CLUSTER;JUN29=PUT_CALL_PARITY;DEC30=PUT_CALL_PARITY,OCT26=30756.75;SEP26=30766.75;NOV26=31843.125;DEC29=29950.15;DEC26=20089;MAR27=27605.125;JUN27=24445.125;DEC27=21056.75;SEP27=36064.25,DEC26=GLOBAL_REFERENCE_OUTLIER_PUT_CALL_PARITY;JUN27=GLOBAL_REFERENCE_OUTLIER_SERIES_FORWARD_CLUSTER;DEC28=GLOBAL_REFERENCE_NO_OBSERVATION;DEC27=GLOBAL_REFERENCE_OUTLIER_SERIES_FORWARD_CLUSTER;JUN29=GLOBAL_REFERENCE_NO_OBSERVATION;DEC30=GLOBAL_REFERENCE_NO_OBSERVATION,WEIGHTED_ATM,2026-10-02,5,139,0.0,NONE,5131,4631,0,0,494,NONE,MN1;MN2;MN3;MN4;MN5;QMW;QRW;QTW;QWW,OK,NONE,NONE,2026-09-24
NAS,16750.0,0.0,0.0,0.0,0.0,0.0,0.0,0.0,0.0,31127.04129267234,30406.45870732766,31487.332585344684,30046.167414655316,DEC26,SEP26,2026-09-25,2026-12-18,30766.75,30793.940034634394,FOUND,DEGRADED,SPOT_MONTH_FALLBACK;ESTIMATED_EXPIRY_ALIAS,2026-08-02.2,PUT_CALL_PARITY,SEP26,OCT26=PUT_CALL_PARITY;SEP26=PUT_CALL_PARITY;NOV26=SERIES_FORWARD_CLUSTER;DEC29=SERIES_FORWARD_CLUSTER;DEC26=PUT_CALL_PARITY;MAR27=SERIES_FORWARD_CLUSTER;JUN27=PUT_CALL_PARITY;DEC28=PUT_CALL_PARITY;DEC27=PUT_CALL_PARITY;SEP27=SERIES_FORWARD_CLUSTER;JUN29=PUT_CALL_PARITY;DEC30=PUT_CALL_PARITY,OCT26=30756.75;SEP26=30766.75;NOV26=31843.125;DEC29=29950.15;DEC26=20089;MAR27=27605.125;JUN27=24445.125;DEC27=21056.75;SEP27=36064.25,DEC26=GLOBAL_REFERENCE_OUTLIER_PUT_CALL_PARITY;JUN27=GLOBAL_REFERENCE_OUTLIER_SERIES_FORWARD_CLUSTER;DEC28=GLOBAL_REFERENCE_NO_OBSERVATION;DEC27=GLOBAL_REFERENCE_OUTLIER_SERIES_FORWARD_CLUSTER;JUN29=GLOBAL_REFERENCE_NO_OBSERVATION;DEC30=GLOBAL_REFERENCE_NO_OBSERVATION,WEIGHTED_ATM,2026-10-02,5,139,0.0,NONE,5131,4631,0,0,494,NONE,MN1;MN2;MN3;MN4;MN5;QMW;QRW;QTW;QWW,OK,NONE,NONE,2026-09-24
NAS,17000.0,0.0,0.0,0.0,0.0,0.0,0.0,0.0,0.0,31127.04129267234,30406.45870732766,31487.332585344684,30046.167414655316,DEC26,SEP26,2026-09-25,2026-12-18,30766.75,30793.940034634394,FOUND,DEGRADED,SPOT_MONTH_FALLBACK;ESTIMATED_EXPIRY_ALIAS,2026-08-02.2,PUT_CALL_PARITY,SEP26,OCT26=PUT_CALL_PARITY;SEP26=PUT_CALL_PARITY;NOV26=SERIES_FORWARD_CLUSTER;DEC29=SERIES_FORWARD_CLUSTER;DEC26=PUT_CALL_PARITY;MAR27=SERIES_FORWARD_CLUSTER;JUN27=PUT_CALL_PARITY;DEC28=PUT_CALL_PARITY;DEC27=PUT_CALL_PARITY;SEP27=SERIES_FORWARD_CLUSTER;JUN29=PUT_CALL_PARITY;DEC30=PUT_CALL_PARITY,OCT26=30756.75;SEP26=30766.75;NOV26=31843.125;DEC29=29950.15;DEC26=20089;MAR27=27605.125;JUN27=24445.125;DEC27=21056.75;SEP27=36064.25,DEC26=GLOBAL_REFERENCE_OUTLIER_PUT_CALL_PARITY;JUN27=GLOBAL_REFERENCE_OUTLIER_SERIES_FORWARD_CLUSTER;DEC28=GLOBAL_REFERENCE_NO_OBSERVATION;DEC27=GLOBAL_REFERENCE_OUTLIER_SERIES_FORWARD_CLUSTER;JUN29=GLOBAL_REFERENCE_NO_OBSERVATION;DEC30=GLOBAL_REFERENCE_NO_OBSERVATION,WEIGHTED_ATM,2026-10-02,5,139,0.0,NONE,5131,4631,0,0,494,NONE,MN1;MN2;MN3;MN4;MN5;QMW;QRW;QTW;QWW,OK,NONE,NONE,2026-09-24
NAS,17250.0,0.0,0.0,0.0,0.0,0.0,0.0,0.0,0.0,31127.04129267234,30406.45870732766,31487.332585344684,30046.167414655316,DEC26,SEP26,2026-09-25,2026-12-18,30766.75,30793.940034634394,FOUND,DEGRADED,SPOT_MONTH_FALLBACK;ESTIMATED_EXPIRY_ALIAS,2026-08-02.2,PUT_CALL_PARITY,SEP26,OCT26=PUT_CALL_PARITY;SEP26=PUT_CALL_PARITY;NOV26=SERIES_FORWARD_CLUSTER;DEC29=SERIES_FORWARD_CLUSTER;DEC26=PUT_CALL_PARITY;MAR27=SERIES_FORWARD_CLUSTER;JUN27=PUT_CALL_PARITY;DEC28=PUT_CALL_PARITY;DEC27=PUT_CALL_PARITY;SEP27=SERIES_FORWARD_CLUSTER;JUN29=PUT_CALL_PARITY;DEC30=PUT_CALL_PARITY,OCT26=30756.75;SEP26=30766.75;NOV26=31843.125;DEC29=29950.15;DEC26=20089;MAR27=27605.125;JUN27=24445.125;DEC27=21056.75;SEP27=36064.25,DEC26=GLOBAL_REFERENCE_OUTLIER_PUT_CALL_PARITY;JUN27=GLOBAL_REFERENCE_OUTLIER_SERIES_FORWARD_CLUSTER;DEC28=GLOBAL_REFERENCE_NO_OBSERVATION;DEC27=GLOBAL_REFERENCE_OUTLIER_SERIES_FORWARD_CLUSTER;JUN29=GLOBAL_REFERENCE_NO_OBSERVATION;DEC30=GLOBAL_REFERENCE_NO_OBSERVATION,WEIGHTED_ATM,2026-10-02,5,139,0.0,NONE,5131,4631,0,0,494,NONE,MN1;MN2;MN3;MN4;MN5;QMW;QRW;QTW;QWW,OK,NONE,NONE,2026-09-24
NAS,17500.0,0.0,0.0,0.0,0.0,0.0,0.0,0.0,0.0,31127.04129267234,30406.45870732766,31487.332585344684,30046.167414655316,DEC26,SEP26,2026-09-25,2026-12-18,30766.75,30793.940034634394,FOUND,DEGRADED,SPOT_MONTH_FALLBACK;ESTIMATED_EXPIRY_ALIAS,2026-08-02.2,PUT_CALL_PARITY,SEP26,OCT26=PUT_CALL_PARITY;SEP26=PUT_CALL_PARITY;NOV26=SERIES_FORWARD_CLUSTER;DEC29=SERIES_FORWARD_CLUSTER;DEC26=PUT_CALL_PARITY;MAR27=SERIES_FORWARD_CLUSTER;JUN27=PUT_CALL_PARITY;DEC28=PUT_CALL_PARITY;DEC27=PUT_CALL_PARITY;SEP27=SERIES_FORWARD_CLUSTER;JUN29=PUT_CALL_PARITY;DEC30=PUT_CALL_PARITY,OCT26=30756.75;SEP26=30766.75;NOV26=31843.125;DEC29=29950.15;DEC26=20089;MAR27=27605.125;JUN27=24445.125;DEC27=21056.75;SEP27=36064.25,DEC26=GLOBAL_REFERENCE_OUTLIER_PUT_CALL_PARITY;JUN27=GLOBAL_REFERENCE_OUTLIER_SERIES_FORWARD_CLUSTER;DEC28=GLOBAL_REFERENCE_NO_OBSERVATION;DEC27=GLOBAL_REFERENCE_OUTLIER_SERIES_FORWARD_CLUSTER;JUN29=GLOBAL_REFERENCE_NO_OBSERVATION;DEC30=GLOBAL_REFERENCE_NO_OBSERVATION,WEIGHTED_ATM,2026-10-02,5,139,0.0,NONE,5131,4631,0,0,494,NONE,MN1;MN2;MN3;MN4;MN5;QMW;QRW;QTW;QWW,OK,NONE,NONE,2026-09-24
NAS,17750.0,0.0,0.0,0.0,0.0,0.0,0.0,0.0,0.0,31127.04129267234,30406.45870732766,31487.332585344684,30046.167414655316,DEC26,SEP26,2026-09-25,2026-12-18,30766.75,30793.940034634394,FOUND,DEGRADED,SPOT_MONTH_FALLBACK;ESTIMATED_EXPIRY_ALIAS,2026-08-02.2,PUT_CALL_PARITY,SEP26,OCT26=PUT_CALL_PARITY;SEP26=PUT_CALL_PARITY;NOV26=SERIES_FORWARD_CLUSTER;DEC29=SERIES_FORWARD_CLUSTER;DEC26=PUT_CALL_PARITY;MAR27=SERIES_FORWARD_CLUSTER;JUN27=PUT_CALL_PARITY;DEC28=PUT_CALL_PARITY;DEC27=PUT_CALL_PARITY;SEP27=SERIES_FORWARD_CLUSTER;JUN29=PUT_CALL_PARITY;DEC30=PUT_CALL_PARITY,OCT26=30756.75;SEP26=30766.75;NOV26=31843.125;DEC29=29950.15;DEC26=20089;MAR27=27605.125;JUN27=24445.125;DEC27=21056.75;SEP27=36064.25,DEC26=GLOBAL_REFERENCE_OUTLIER_PUT_CALL_PARITY;JUN27=GLOBAL_REFERENCE_OUTLIER_SERIES_FORWARD_CLUSTER;DEC28=GLOBAL_REFERENCE_NO_OBSERVATION;DEC27=GLOBAL_REFERENCE_OUTLIER_SERIES_FORWARD_CLUSTER;JUN29=GLOBAL_REFERENCE_NO_OBSERVATION;DEC30=GLOBAL_REFERENCE_NO_OBSERVATION,WEIGHTED_ATM,2026-10-02,5,139,0.0,NONE,5131,4631,0,0,494,NONE,MN1;MN2;MN3;MN4;MN5;QMW;QRW;QTW;QWW,OK,NONE,NONE,2026-09-24
NAS,18000.0,0.0,0.0,0.0,0.0,0.0,0.0,0.0,0.0,31127.04129267234,30406.45870732766,31487.332585344684,30046.167414655316,DEC26,SEP26,2026-09-25,2026-12-18,30766.75,30793.940034634394,FOUND,DEGRADED,SPOT_MONTH_FALLBACK;ESTIMATED_EXPIRY_ALIAS,2026-08-02.2,PUT_CALL_PARITY,SEP26,OCT26=PUT_CALL_PARITY;SEP26=PUT_CALL_PARITY;NOV26=SERIES_FORWARD_CLUSTER;DEC29=SERIES_FORWARD_CLUSTER;DEC26=PUT_CALL_PARITY;MAR27=SERIES_FORWARD_CLUSTER;JUN27=PUT_CALL_PARITY;DEC28=PUT_CALL_PARITY;DEC27=PUT_CALL_PARITY;SEP27=SERIES_FORWARD_CLUSTER;JUN29=PUT_CALL_PARITY;DEC30=PUT_CALL_PARITY,OCT26=30756.75;SEP26=30766.75;NOV26=31843.125;DEC29=29950.15;DEC26=20089;MAR27=27605.125;JUN27=24445.125;DEC27=21056.75;SEP27=36064.25,DEC26=GLOBAL_REFERENCE_OUTLIER_PUT_CALL_PARITY;JUN27=GLOBAL_REFERENCE_OUTLIER_SERIES_FORWARD_CLUSTER;DEC28=GLOBAL_REFERENCE_NO_OBSERVATION;DEC27=GLOBAL_REFERENCE_OUTLIER_SERIES_FORWARD_CLUSTER;JUN29=GLOBAL_REFERENCE_NO_OBSERVATION;DEC30=GLOBAL_REFERENCE_NO_OBSERVATION,WEIGHTED_ATM,2026-10-02,5,139,0.0,NONE,5131,4631,0,0,494,NONE,MN1;MN2;MN3;MN4;MN5;QMW;QRW;QTW;QWW,OK,NONE,NONE,2026-09-24
NAS,18250.0,0.0,0.0,0.0,0.0,0.0,0.0,0.0,0.0,31127.04129267234,30406.45870732766,31487.332585344684,30046.167414655316,DEC26,SEP26,2026-09-25,2026-12-18,30766.75,30793.940034634394,FOUND,DEGRADED,SPOT_MONTH_FALLBACK;ESTIMATED_EXPIRY_ALIAS,2026-08-02.2,PUT_CALL_PARITY,SEP26,OCT26=PUT_CALL_PARITY;SEP26=PUT_CALL_PARITY;NOV26=SERIES_FORWARD_CLUSTER;DEC29=SERIES_FORWARD_CLUSTER;DEC26=PUT_CALL_PARITY;MAR27=SERIES_FORWARD_CLUSTER;JUN27=PUT_CALL_PARITY;DEC28=PUT_CALL_PARITY;DEC27=PUT_CALL_PARITY;SEP27=SERIES_FORWARD_CLUSTER;JUN29=PUT_CALL_PARITY;DEC30=PUT_CALL_PARITY,OCT26=30756.75;SEP26=30766.75;NOV26=31843.125;DEC29=29950.15;DEC26=20089;MAR27=27605.125;JUN27=24445.125;DEC27=21056.75;SEP27=36064.25,DEC26=GLOBAL_REFERENCE_OUTLIER_PUT_CALL_PARITY;JUN27=GLOBAL_REFERENCE_OUTLIER_SERIES_FORWARD_CLUSTER;DEC28=GLOBAL_REFERENCE_NO_OBSERVATION;DEC27=GLOBAL_REFERENCE_OUTLIER_SERIES_FORWARD_CLUSTER;JUN29=GLOBAL_REFERENCE_NO_OBSERVATION;DEC30=GLOBAL_REFERENCE_NO_OBSERVATION,WEIGHTED_ATM,2026-10-02,5,139,0.0,NONE,5131,4631,0,0,494,NONE,MN1;MN2;MN3;MN4;MN5;QMW;QRW;QTW;QWW,OK,NONE,NONE,2026-09-24
NAS,18500.0,0.0,0.0,0.0,0.0,0.0,0.0,0.0,0.0,31127.04129267234,30406.45870732766,31487.332585344684,30046.167414655316,DEC26,SEP26,2026-09-25,2026-12-18,30766.75,30793.940034634394,FOUND,DEGRADED,SPOT_MONTH_FALLBACK;ESTIMATED_EXPIRY_ALIAS,2026-08-02.2,PUT_CALL_PARITY,SEP26,OCT26=PUT_CALL_PARITY;SEP26=PUT_CALL_PARITY;NOV26=SERIES_FORWARD_CLUSTER;DEC29=SERIES_FORWARD_CLUSTER;DEC26=PUT_CALL_PARITY;MAR27=SERIES_FORWARD_CLUSTER;JUN27=PUT_CALL_PARITY;DEC28=PUT_CALL_PARITY;DEC27=PUT_CALL_PARITY;SEP27=SERIES_FORWARD_CLUSTER;JUN29=PUT_CALL_PARITY;DEC30=PUT_CALL_PARITY,OCT26=30756.75;SEP26=30766.75;NOV26=31843.125;DEC29=29950.15;DEC26=20089;MAR27=27605.125;JUN27=24445.125;DEC27=21056.75;SEP27=36064.25,DEC26=GLOBAL_REFERENCE_OUTLIER_PUT_CALL_PARITY;JUN27=GLOBAL_REFERENCE_OUTLIER_SERIES_FORWARD_CLUSTER;DEC28=GLOBAL_REFERENCE_NO_OBSERVATION;DEC27=GLOBAL_REFERENCE_OUTLIER_SERIES_FORWARD_CLUSTER;JUN29=GLOBAL_REFERENCE_NO_OBSERVATION;DEC30=GLOBAL_REFERENCE_NO_OBSERVATION,WEIGHTED_ATM,2026-10-02,5,139,0.0,NONE,5131,4631,0,0,494,NONE,MN1;MN2;MN3;MN4;MN5;QMW;QRW;QTW;QWW,OK,NONE,NONE,2026-09-24
NAS,18750.0,0.0,0.0,0.0,0.0,0.0,0.0,0.0,0.0,31127.04129267234,30406.45870732766,31487.332585344684,30046.167414655316,DEC26,SEP26,2026-09-25,2026-12-18,30766.75,30793.940034634394,FOUND,DEGRADED,SPOT_MONTH_FALLBACK;ESTIMATED_EXPIRY_ALIAS,2026-08-02.2,PUT_CALL_PARITY,SEP26,OCT26=PUT_CALL_PARITY;SEP26=PUT_CALL_PARITY;NOV26=SERIES_FORWARD_CLUSTER;DEC29=SERIES_FORWARD_CLUSTER;DEC26=PUT_CALL_PARITY;MAR27=SERIES_FORWARD_CLUSTER;JUN27=PUT_CALL_PARITY;DEC28=PUT_CALL_PARITY;DEC27=PUT_CALL_PARITY;SEP27=SERIES_FORWARD_CLUSTER;JUN29=PUT_CALL_PARITY;DEC30=PUT_CALL_PARITY,OCT26=30756.75;SEP26=30766.75;NOV26=31843.125;DEC29=29950.15;DEC26=20089;MAR27=27605.125;JUN27=24445.125;DEC27=21056.75;SEP27=36064.25,DEC26=GLOBAL_REFERENCE_OUTLIER_PUT_CALL_PARITY;JUN27=GLOBAL_REFERENCE_OUTLIER_SERIES_FORWARD_CLUSTER;DEC28=GLOBAL_REFERENCE_NO_OBSERVATION;DEC27=GLOBAL_REFERENCE_OUTLIER_SERIES_FORWARD_CLUSTER;JUN29=GLOBAL_REFERENCE_NO_OBSERVATION;DEC30=GLOBAL_REFERENCE_NO_OBSERVATION,WEIGHTED_ATM,2026-10-02,5,139,0.0,NONE,5131,4631,0,0,494,NONE,MN1;MN2;MN3;MN4;MN5;QMW;QRW;QTW;QWW,OK,NONE,NONE,2026-09-24
NAS,19000.0,0.0,0.0,0.0,0.0,0.0,0.0,0.0,0.0,31127.04129267234,30406.45870732766,31487.332585344684,30046.167414655316,DEC26,SEP26,2026-09-25,2026-12-18,30766.75,30793.940034634394,FOUND,DEGRADED,SPOT_MONTH_FALLBACK;ESTIMATED_EXPIRY_ALIAS,2026-08-02.2,PUT_CALL_PARITY,SEP26,OCT26=PUT_CALL_PARITY;SEP26=PUT_CALL_PARITY;NOV26=SERIES_FORWARD_CLUSTER;DEC29=SERIES_FORWARD_CLUSTER;DEC26=PUT_CALL_PARITY;MAR27=SERIES_FORWARD_CLUSTER;JUN27=PUT_CALL_PARITY;DEC28=PUT_CALL_PARITY;DEC27=PUT_CALL_PARITY;SEP27=SERIES_FORWARD_CLUSTER;JUN29=PUT_CALL_PARITY;DEC30=PUT_CALL_PARITY,OCT26=30756.75;SEP26=30766.75;NOV26=31843.125;DEC29=29950.15;DEC26=20089;MAR27=27605.125;JUN27=24445.125;DEC27=21056.75;SEP27=36064.25,DEC26=GLOBAL_REFERENCE_OUTLIER_PUT_CALL_PARITY;JUN27=GLOBAL_REFERENCE_OUTLIER_SERIES_FORWARD_CLUSTER;DEC28=GLOBAL_REFERENCE_NO_OBSERVATION;DEC27=GLOBAL_REFERENCE_OUTLIER_SERIES_FORWARD_CLUSTER;JUN29=GLOBAL_REFERENCE_NO_OBSERVATION;DEC30=GLOBAL_REFERENCE_NO_OBSERVATION,WEIGHTED_ATM,2026-10-02,5,139,0.0,NONE,5131,4631,0,0,494,NONE,MN1;MN2;MN3;MN4;MN5;QMW;QRW;QTW;QWW,OK,NONE,NONE,2026-09-24
NAS,19250.0,0.0,0.0,0.0,0.0,0.0,0.0,0.0,0.0,31127.04129267234,30406.45870732766,31487.332585344684,30046.167414655316,DEC26,SEP26,2026-09-25,2026-12-18,30766.75,30793.940034634394,FOUND,DEGRADED,SPOT_MONTH_FALLBACK;ESTIMATED_EXPIRY_ALIAS,2026-08-02.2,PUT_CALL_PARITY,SEP26,OCT26=PUT_CALL_PARITY;SEP26=PUT_CALL_PARITY;NOV26=SERIES_FORWARD_CLUSTER;DEC29=SERIES_FORWARD_CLUSTER;DEC26=PUT_CALL_PARITY;MAR27=SERIES_FORWARD_CLUSTER;JUN27=PUT_CALL_PARITY;DEC28=PUT_CALL_PARITY;DEC27=PUT_CALL_PARITY;SEP27=SERIES_FORWARD_CLUSTER;JUN29=PUT_CALL_PARITY;DEC30=PUT_CALL_PARITY,OCT26=30756.75;SEP26=30766.75;NOV26=31843.125;DEC29=29950.15;DEC26=20089;MAR27=27605.125;JUN27=24445.125;DEC27=21056.75;SEP27=36064.25,DEC26=GLOBAL_REFERENCE_OUTLIER_PUT_CALL_PARITY;JUN27=GLOBAL_REFERENCE_OUTLIER_SERIES_FORWARD_CLUSTER;DEC28=GLOBAL_REFERENCE_NO_OBSERVATION;DEC27=GLOBAL_REFERENCE_OUTLIER_SERIES_FORWARD_CLUSTER;JUN29=GLOBAL_REFERENCE_NO_OBSERVATION;DEC30=GLOBAL_REFERENCE_NO_OBSERVATION,WEIGHTED_ATM,2026-10-02,5,139,0.0,NONE,5131,4631,0,0,494,NONE,MN1;MN2;MN3;MN4;MN5;QMW;QRW;QTW;QWW,OK,NONE,NONE,2026-09-24
NAS,19500.0,-13591.173805839837,0.0017835181375468036,0.0,0.0,0.0,0.0,0.0,0.0,31127.04129267234,30406.45870732766,31487.332585344684,30046.167414655316,DEC26,SEP26,2026-09-25,2026-12-18,30766.75,30793.940034634394,FOUND,DEGRADED,SPOT_MONTH_FALLBACK;ESTIMATED_EXPIRY_ALIAS,2026-08-02.2,PUT_CALL_PARITY,SEP26,OCT26=PUT_CALL_PARITY;SEP26=PUT_CALL_PARITY;NOV26=SERIES_FORWARD_CLUSTER;DEC29=SERIES_FORWARD_CLUSTER;DEC26=PUT_CALL_PARITY;MAR27=SERIES_FORWARD_CLUSTER;JUN27=PUT_CALL_PARITY;DEC28=PUT_CALL_PARITY;DEC27=PUT_CALL_PARITY;SEP27=SERIES_FORWARD_CLUSTER;JUN29=PUT_CALL_PARITY;DEC30=PUT_CALL_PARITY,OCT26=30756.75;SEP26=30766.75;NOV26=31843.125;DEC29=29950.15;DEC26=20089;MAR27=27605.125;JUN27=24445.125;DEC27=21056.75;SEP27=36064.25,DEC26=GLOBAL_REFERENCE_OUTLIER_PUT_CALL_PARITY;JUN27=GLOBAL_REFERENCE_OUTLIER_SERIES_FORWARD_CLUSTER;DEC28=GLOBAL_REFERENCE_NO_OBSERVATION;DEC27=GLOBAL_REFERENCE_OUTLIER_SERIES_FORWARD_CLUSTER;JUN29=GLOBAL_REFERENCE_NO_OBSERVATION;DEC30=GLOBAL_REFERENCE_NO_OBSERVATION,WEIGHTED_ATM,2026-10-02,5,139,0.0,NONE,5131,4631,0,0,494,NONE,MN1;MN2;MN3;MN4;MN5;QMW;QRW;QTW;QWW,OK,NONE,NONE,2026-09-24
NAS,19750.0,0.0,0.0,0.0,0.0,0.0,0.0,0.0,0.0,31127.04129267234,30406.45870732766,31487.332585344684,30046.167414655316,DEC26,SEP26,2026-09-25,2026-12-18,30766.75,30793.940034634394,FOUND,DEGRADED,SPOT_MONTH_FALLBACK;ESTIMATED_EXPIRY_ALIAS,2026-08-02.2,PUT_CALL_PARITY,SEP26,OCT26=PUT_CALL_PARITY;SEP26=PUT_CALL_PARITY;NOV26=SERIES_FORWARD_CLUSTER;DEC29=SERIES_FORWARD_CLUSTER;DEC26=PUT_CALL_PARITY;MAR27=SERIES_FORWARD_CLUSTER;JUN27=PUT_CALL_PARITY;DEC28=PUT_CALL_PARITY;DEC27=PUT_CALL_PARITY;SEP27=SERIES_FORWARD_CLUSTER;JUN29=PUT_CALL_PARITY;DEC30=PUT_CALL_PARITY,OCT26=30756.75;SEP26=30766.75;NOV26=31843.125;DEC29=29950.15;DEC26=20089;MAR27=27605.125;JUN27=24445.125;DEC27=21056.75;SEP27=36064.25,DEC26=GLOBAL_REFERENCE_OUTLIER_PUT_CALL_PARITY;JUN27=GLOBAL_REFERENCE_OUTLIER_SERIES_FORWARD_CLUSTER;DEC28=GLOBAL_REFERENCE_NO_OBSERVATION;DEC27=GLOBAL_REFERENCE_OUTLIER_SERIES_FORWARD_CLUSTER;JUN29=GLOBAL_REFERENCE_NO_OBSERVATION;DEC30=GLOBAL_REFERENCE_NO_OBSERVATION,WEIGHTED_ATM,2026-10-02,5,139,0.0,NONE,5131,4631,0,0,494,NONE,MN1;MN2;MN3;MN4;MN5;QMW;QRW;QTW;QWW,OK,NONE,NONE,2026-09-24
NAS,20000.0,-81235.77364534416,0.010660262151298788,0.0,0.0,0.0,0.0,0.0,0.0,31127.04129267234,30406.45870732766,31487.332585344684,30046.167414655316,DEC26,SEP26,2026-09-25,2026-12-18,30766.75,30793.940034634394,FOUND,DEGRADED,SPOT_MONTH_FALLBACK;ESTIMATED_EXPIRY_ALIAS,2026-08-02.2,PUT_CALL_PARITY,SEP26,OCT26=PUT_CALL_PARITY;SEP26=PUT_CALL_PARITY;NOV26=SERIES_FORWARD_CLUSTER;DEC29=SERIES_FORWARD_CLUSTER;DEC26=PUT_CALL_PARITY;MAR27=SERIES_FORWARD_CLUSTER;JUN27=PUT_CALL_PARITY;DEC28=PUT_CALL_PARITY;DEC27=PUT_CALL_PARITY;SEP27=SERIES_FORWARD_CLUSTER;JUN29=PUT_CALL_PARITY;DEC30=PUT_CALL_PARITY,OCT26=30756.75;SEP26=30766.75;NOV26=31843.125;DEC29=29950.15;DEC26=20089;MAR27=27605.125;JUN27=24445.125;DEC27=21056.75;SEP27=36064.25,DEC26=GLOBAL_REFERENCE_OUTLIER_PUT_CALL_PARITY;JUN27=GLOBAL_REFERENCE_OUTLIER_SERIES_FORWARD_CLUSTER;DEC28=GLOBAL_REFERENCE_NO_OBSERVATION;DEC27=GLOBAL_REFERENCE_OUTLIER_SERIES_FORWARD_CLUSTER;JUN29=GLOBAL_REFERENCE_NO_OBSERVATION;DEC30=GLOBAL_REFERENCE_NO_OBSERVATION,WEIGHTED_ATM,2026-10-02,5,139,0.0,NONE,5131,4631,0,0,494,NONE,MN1;MN2;MN3;MN4;MN5;QMW;QRW;QTW;QWW,OK,NONE,NONE,2026-09-24
NAS,20250.0,0.0,0.0,0.0,0.0,0.0,0.0,0.0,0.0,31127.04129267234,30406.45870732766,31487.332585344684,30046.167414655316,DEC26,SEP26,2026-09-25,2026-12-18,30766.75,30793.940034634394,FOUND,DEGRADED,SPOT_MONTH_FALLBACK;ESTIMATED_EXPIRY_ALIAS,2026-08-02.2,PUT_CALL_PARITY,SEP26,OCT26=PUT_CALL_PARITY;SEP26=PUT_CALL_PARITY;NOV26=SERIES_FORWARD_CLUSTER;DEC29=SERIES_FORWARD_CLUSTER;DEC26=PUT_CALL_PARITY;MAR27=SERIES_FORWARD_CLUSTER;JUN27=PUT_CALL_PARITY;DEC28=PUT_CALL_PARITY;DEC27=PUT_CALL_PARITY;SEP27=SERIES_FORWARD_CLUSTER;JUN29=PUT_CALL_PARITY;DEC30=PUT_CALL_PARITY,OCT26=30756.75;SEP26=30766.75;NOV26=31843.125;DEC29=29950.15;DEC26=20089;MAR27=27605.125;JUN27=24445.125;DEC27=21056.75;SEP27=36064.25,DEC26=GLOBAL_REFERENCE_OUTLIER_PUT_CALL_PARITY;JUN27=GLOBAL_REFERENCE_OUTLIER_SERIES_FORWARD_CLUSTER;DEC28=GLOBAL_REFERENCE_NO_OBSERVATION;DEC27=GLOBAL_REFERENCE_OUTLIER_SERIES_FORWARD_CLUSTER;JUN29=GLOBAL_REFERENCE_NO_OBSERVATION;DEC30=GLOBAL_REFERENCE_NO_OBSERVATION,WEIGHTED_ATM,2026-10-02,5,139,0.0,NONE,5131,4631,0,0,494,NONE,MN1;MN2;MN3;MN4;MN5;QMW;QRW;QTW;QWW,OK,NONE,NONE,2026-09-24
NAS,20500.0,-33362.80344514556,0.004378074029062807,0.0,0.0,0.0,0.0,0.0,0.0,31127.04129267234,30406.45870732766,31487.332585344684,30046.167414655316,DEC26,SEP26,2026-09-25,2026-12-18,30766.75,30793.940034634394,FOUND,DEGRADED,SPOT_MONTH_FALLBACK;ESTIMATED_EXPIRY_ALIAS,2026-08-02.2,PUT_CALL_PARITY,SEP26,OCT26=PUT_CALL_PARITY;SEP26=PUT_CALL_PARITY;NOV26=SERIES_FORWARD_CLUSTER;DEC29=SERIES_FORWARD_CLUSTER;DEC26=PUT_CALL_PARITY;MAR27=SERIES_FORWARD_CLUSTER;JUN27=PUT_CALL_PARITY;DEC28=PUT_CALL_PARITY;DEC27=PUT_CALL_PARITY;SEP27=SERIES_FORWARD_CLUSTER;JUN29=PUT_CALL_PARITY;DEC30=PUT_CALL_PARITY,OCT26=30756.75;SEP26=30766.75;NOV26=31843.125;DEC29=29950.15;DEC26=20089;MAR27=27605.125;JUN27=24445.125;DEC27=21056.75;SEP27=36064.25,DEC26=GLOBAL_REFERENCE_OUTLIER_PUT_CALL_PARITY;JUN27=GLOBAL_REFERENCE_OUTLIER_SERIES_FORWARD_CLUSTER;DEC28=GLOBAL_REFERENCE_NO_OBSERVATION;DEC27=GLOBAL_REFERENCE_OUTLIER_SERIES_FORWARD_CLUSTER;JUN29=GLOBAL_REFERENCE_NO_OBSERVATION;DEC30=GLOBAL_REFERENCE_NO_OBSERVATION,WEIGHTED_ATM,2026-10-02,5,139,0.0,NONE,5131,4631,0,0,494,NONE,MN1;MN2;MN3;MN4;MN5;QMW;QRW;QTW;QWW,OK,NONE,NONE,2026-09-24
NAS,20750.0,0.0,0.0,0.0,0.0,0.0,0.0,0.0,0.0,31127.04129267234,30406.45870732766,31487.332585344684,30046.167414655316,DEC26,SEP26,2026-09-25,2026-12-18,30766.75,30793.940034634394,FOUND,DEGRADED,SPOT_MONTH_FALLBACK;ESTIMATED_EXPIRY_ALIAS,2026-08-02.2,PUT_CALL_PARITY,SEP26,OCT26=PUT_CALL_PARITY;SEP26=PUT_CALL_PARITY;NOV26=SERIES_FORWARD_CLUSTER;DEC29=SERIES_FORWARD_CLUSTER;DEC26=PUT_CALL_PARITY;MAR27=SERIES_FORWARD_CLUSTER;JUN27=PUT_CALL_PARITY;DEC28=PUT_CALL_PARITY;DEC27=PUT_CALL_PARITY;SEP27=SERIES_FORWARD_CLUSTER;JUN29=PUT_CALL_PARITY;DEC30=PUT_CALL_PARITY,OCT26=30756.75;SEP26=30766.75;NOV26=31843.125;DEC29=29950.15;DEC26=20089;MAR27=27605.125;JUN27=24445.125;DEC27=21056.75;SEP27=36064.25,DEC26=GLOBAL_REFERENCE_OUTLIER_PUT_CALL_PARITY;JUN27=GLOBAL_REFERENCE_OUTLIER_SERIES_FORWARD_CLUSTER;DEC28=GLOBAL_REFERENCE_NO_OBSERVATION;DEC27=GLOBAL_REFERENCE_OUTLIER_SERIES_FORWARD_CLUSTER;JUN29=GLOBAL_REFERENCE_NO_OBSERVATION;DEC30=GLOBAL_REFERENCE_NO_OBSERVATION,WEIGHTED_ATM,2026-10-02,5,139,0.0,NONE,5131,4631,0,0,494,NONE,MN1;MN2;MN3;MN4;MN5;QMW;QRW;QTW;QWW,OK,NONE,NONE,2026-09-24
NAS,21000.0,-168749.61940093167,0.022144371869952988,0.0,0.0,0.0,0.0,0.0,0.0,31127.04129267234,30406.45870732766,31487.332585344684,30046.167414655316,DEC26,SEP26,2026-09-25,2026-12-18,30766.75,30793.940034634394,FOUND,DEGRADED,SPOT_MONTH_FALLBACK;ESTIMATED_EXPIRY_ALIAS,2026-08-02.2,PUT_CALL_PARITY,SEP26,OCT26=PUT_CALL_PARITY;SEP26=PUT_CALL_PARITY;NOV26=SERIES_FORWARD_CLUSTER;DEC29=SERIES_FORWARD_CLUSTER;DEC26=PUT_CALL_PARITY;MAR27=SERIES_FORWARD_CLUSTER;JUN27=PUT_CALL_PARITY;DEC28=PUT_CALL_PARITY;DEC27=PUT_CALL_PARITY;SEP27=SERIES_FORWARD_CLUSTER;JUN29=PUT_CALL_PARITY;DEC30=PUT_CALL_PARITY,OCT26=30756.75;SEP26=30766.75;NOV26=31843.125;DEC29=29950.15;DEC26=20089;MAR27=27605.125;JUN27=24445.125;DEC27=21056.75;SEP27=36064.25,DEC26=GLOBAL_REFERENCE_OUTLIER_PUT_CALL_PARITY;JUN27=GLOBAL_REFERENCE_OUTLIER_SERIES_FORWARD_CLUSTER;DEC28=GLOBAL_REFERENCE_NO_OBSERVATION;DEC27=GLOBAL_REFERENCE_OUTLIER_SERIES_FORWARD_CLUSTER;JUN29=GLOBAL_REFERENCE_NO_OBSERVATION;DEC30=GLOBAL_REFERENCE_NO_OBSERVATION,WEIGHTED_ATM,2026-10-02,5,139,0.0,NONE,5131,4631,0,0,494,NONE,MN1;MN2;MN3;MN4;MN5;QMW;QRW;QTW;QWW,OK,NONE,NONE,2026-09-24
NAS,21250.0,0.0,0.0,0.0,0.0,0.0,0.0,0.0,0.0,31127.04129267234,30406.45870732766,31487.332585344684,30046.167414655316,DEC26,SEP26,2026-09-25,2026-12-18,30766.75,30793.940034634394,FOUND,DEGRADED,SPOT_MONTH_FALLBACK;ESTIMATED_EXPIRY_ALIAS,2026-08-02.2,PUT_CALL_PARITY,SEP26,OCT26=PUT_CALL_PARITY;SEP26=PUT_CALL_PARITY;NOV26=SERIES_FORWARD_CLUSTER;DEC29=SERIES_FORWARD_CLUSTER;DEC26=PUT_CALL_PARITY;MAR27=SERIES_FORWARD_CLUSTER;JUN27=PUT_CALL_PARITY;DEC28=PUT_CALL_PARITY;DEC27=PUT_CALL_PARITY;SEP27=SERIES_FORWARD_CLUSTER;JUN29=PUT_CALL_PARITY;DEC30=PUT_CALL_PARITY,OCT26=30756.75;SEP26=30766.75;NOV26=31843.125;DEC29=29950.15;DEC26=20089;MAR27=27605.125;JUN27=24445.125;DEC27=21056.75;SEP27=36064.25,DEC26=GLOBAL_REFERENCE_OUTLIER_PUT_CALL_PARITY;JUN27=GLOBAL_REFERENCE_OUTLIER_SERIES_FORWARD_CLUSTER;DEC28=GLOBAL_REFERENCE_NO_OBSERVATION;DEC27=GLOBAL_REFERENCE_OUTLIER_SERIES_FORWARD_CLUSTER;JUN29=GLOBAL_REFERENCE_NO_OBSERVATION;DEC30=GLOBAL_REFERENCE_NO_OBSERVATION,WEIGHTED_ATM,2026-10-02,5,139,0.0,NONE,5131,4631,0,0,494,NONE,MN1;MN2;MN3;MN4;MN5;QMW;QRW;QTW;QWW,OK,NONE,NONE,2026-09-24
NAS,21500.0,-461220.3421496901,0.060524194405935955,0.0,0.0,0.0,0.0,0.0,0.0,31127.04129267234,30406.45870732766,31487.332585344684,30046.167414655316,DEC26,SEP26,2026-09-25,2026-12-18,30766.75,30793.940034634394,FOUND,DEGRADED,SPOT_MONTH_FALLBACK;ESTIMATED_EXPIRY_ALIAS,2026-08-02.2,PUT_CALL_PARITY,SEP26,OCT26=PUT_CALL_PARITY;SEP26=PUT_CALL_PARITY;NOV26=SERIES_FORWARD_CLUSTER;DEC29=SERIES_FORWARD_CLUSTER;DEC26=PUT_CALL_PARITY;MAR27=SERIES_FORWARD_CLUSTER;JUN27=PUT_CALL_PARITY;DEC28=PUT_CALL_PARITY;DEC27=PUT_CALL_PARITY;SEP27=SERIES_FORWARD_CLUSTER;JUN29=PUT_CALL_PARITY;DEC30=PUT_CALL_PARITY,OCT26=30756.75;SEP26=30766.75;NOV26=31843.125;DEC29=29950.15;DEC26=20089;MAR27=27605.125;JUN27=24445.125;DEC27=21056.75;SEP27=36064.25,DEC26=GLOBAL_REFERENCE_OUTLIER_PUT_CALL_PARITY;JUN27=GLOBAL_REFERENCE_OUTLIER_SERIES_FORWARD_CLUSTER;DEC28=GLOBAL_REFERENCE_NO_OBSERVATION;DEC27=GLOBAL_REFERENCE_OUTLIER_SERIES_FORWARD_CLUSTER;JUN29=GLOBAL_REFERENCE_NO_OBSERVATION;DEC30=GLOBAL_REFERENCE_NO_OBSERVATION,WEIGHTED_ATM,2026-10-02,5,139,0.0,NONE,5131,4631,0,0,494,NONE,MN1;MN2;MN3;MN4;MN5;QMW;QRW;QTW;QWW,OK,NONE,NONE,2026-09-24
NAS,21750.0,-179319.1989856631,0.018953835288342043,0.0,0.0,0.0,0.0,0.0,0.0,31127.04129267234,30406.45870732766,31487.332585344684,30046.167414655316,DEC26,SEP26,2026-09-25,2026-12-18,30766.75,30793.940034634394,FOUND,DEGRADED,SPOT_MONTH_FALLBACK;ESTIMATED_EXPIRY_ALIAS,2026-08-02.2,PUT_CALL_PARITY,SEP26,OCT26=PUT_CALL_PARITY;SEP26=PUT_CALL_PARITY;NOV26=SERIES_FORWARD_CLUSTER;DEC29=SERIES_FORWARD_CLUSTER;DEC26=PUT_CALL_PARITY;MAR27=SERIES_FORWARD_CLUSTER;JUN27=PUT_CALL_PARITY;DEC28=PUT_CALL_PARITY;DEC27=PUT_CALL_PARITY;SEP27=SERIES_FORWARD_CLUSTER;JUN29=PUT_CALL_PARITY;DEC30=PUT_CALL_PARITY,OCT26=30756.75;SEP26=30766.75;NOV26=31843.125;DEC29=29950.15;DEC26=20089;MAR27=27605.125;JUN27=24445.125;DEC27=21056.75;SEP27=36064.25,DEC26=GLOBAL_REFERENCE_OUTLIER_PUT_CALL_PARITY;JUN27=GLOBAL_REFERENCE_OUTLIER_SERIES_FORWARD_CLUSTER;DEC28=GLOBAL_REFERENCE_NO_OBSERVATION;DEC27=GLOBAL_REFERENCE_OUTLIER_SERIES_FORWARD_CLUSTER;JUN29=GLOBAL_REFERENCE_NO_OBSERVATION;DEC30=GLOBAL_REFERENCE_NO_OBSERVATION,WEIGHTED_ATM,2026-10-02,5,139,0.0,NONE,5131,4631,0,0,494,NONE,MN1;MN2;MN3;MN4;MN5;QMW;QRW;QTW;QWW,OK,NONE,NONE,2026-09-24
NAS,22000.0,-2517402.623655072,0.27519026177995953,0.0,0.0,0.0,0.0,0.0,0.0,31127.04129267234,30406.45870732766,31487.332585344684,30046.167414655316,DEC26,SEP26,2026-09-25,2026-12-18,30766.75,30793.940034634394,FOUND,DEGRADED,SPOT_MONTH_FALLBACK;ESTIMATED_EXPIRY_ALIAS,2026-08-02.2,PUT_CALL_PARITY,SEP26,OCT26=PUT_CALL_PARITY;SEP26=PUT_CALL_PARITY;NOV26=SERIES_FORWARD_CLUSTER;DEC29=SERIES_FORWARD_CLUSTER;DEC26=PUT_CALL_PARITY;MAR27=SERIES_FORWARD_CLUSTER;JUN27=PUT_CALL_PARITY;DEC28=PUT_CALL_PARITY;DEC27=PUT_CALL_PARITY;SEP27=SERIES_FORWARD_CLUSTER;JUN29=PUT_CALL_PARITY;DEC30=PUT_CALL_PARITY,OCT26=30756.75;SEP26=30766.75;NOV26=31843.125;DEC29=29950.15;DEC26=20089;MAR27=27605.125;JUN27=24445.125;DEC27=21056.75;SEP27=36064.25,DEC26=GLOBAL_REFERENCE_OUTLIER_PUT_CALL_PARITY;JUN27=GLOBAL_REFERENCE_OUTLIER_SERIES_FORWARD_CLUSTER;DEC28=GLOBAL_REFERENCE_NO_OBSERVATION;DEC27=GLOBAL_REFERENCE_OUTLIER_SERIES_FORWARD_CLUSTER;JUN29=GLOBAL_REFERENCE_NO_OBSERVATION;DEC30=GLOBAL_REFERENCE_NO_OBSERVATION,WEIGHTED_ATM,2026-10-02,5,139,0.0,NONE,5131,4631,0,0,494,NONE,MN1;MN2;MN3;MN4;MN5;QMW;QRW;QTW;QWW,OK,NONE,NONE,2026-09-24
NAS,22250.0,-11817796.448134672,1.2492653566026661,0.0,0.0,0.0,0.0,0.0,0.0,31127.04129267234,30406.45870732766,31487.332585344684,30046.167414655316,DEC26,SEP26,2026-09-25,2026-12-18,30766.75,30793.940034634394,FOUND,DEGRADED,SPOT_MONTH_FALLBACK;ESTIMATED_EXPIRY_ALIAS,2026-08-02.2,PUT_CALL_PARITY,SEP26,OCT26=PUT_CALL_PARITY;SEP26=PUT_CALL_PARITY;NOV26=SERIES_FORWARD_CLUSTER;DEC29=SERIES_FORWARD_CLUSTER;DEC26=PUT_CALL_PARITY;MAR27=SERIES_FORWARD_CLUSTER;JUN27=PUT_CALL_PARITY;DEC28=PUT_CALL_PARITY;DEC27=PUT_CALL_PARITY;SEP27=SERIES_FORWARD_CLUSTER;JUN29=PUT_CALL_PARITY;DEC30=PUT_CALL_PARITY,OCT26=30756.75;SEP26=30766.75;NOV26=31843.125;DEC29=29950.15;DEC26=20089;MAR27=27605.125;JUN27=24445.125;DEC27=21056.75;SEP27=36064.25,DEC26=GLOBAL_REFERENCE_OUTLIER_PUT_CALL_PARITY;JUN27=GLOBAL_REFERENCE_OUTLIER_SERIES_FORWARD_CLUSTER;DEC28=GLOBAL_REFERENCE_NO_OBSERVATION;DEC27=GLOBAL_REFERENCE_OUTLIER_SERIES_FORWARD_CLUSTER;JUN29=GLOBAL_REFERENCE_NO_OBSERVATION;DEC30=GLOBAL_REFERENCE_NO_OBSERVATION,WEIGHTED_ATM,2026-10-02,5,139,0.0,NONE,5131,4631,0,0,494,NONE,MN1;MN2;MN3;MN4;MN5;QMW;QRW;QTW;QWW,OK,NONE,NONE,2026-09-24
NAS,22500.0,-2385295.9855603133,0.2636047378006421,0.0,0.0,0.0,0.0,0.0,0.0,31127.04129267234,30406.45870732766,31487.332585344684,30046.167414655316,DEC26,SEP26,2026-09-25,2026-12-18,30766.75,30793.940034634394,FOUND,DEGRADED,SPOT_MONTH_FALLBACK;ESTIMATED_EXPIRY_ALIAS,2026-08-02.2,PUT_CALL_PARITY,SEP26,OCT26=PUT_CALL_PARITY;SEP26=PUT_CALL_PARITY;NOV26=SERIES_FORWARD_CLUSTER;DEC29=SERIES_FORWARD_CLUSTER;DEC26=PUT_CALL_PARITY;MAR27=SERIES_FORWARD_CLUSTER;JUN27=PUT_CALL_PARITY;DEC28=PUT_CALL_PARITY;DEC27=PUT_CALL_PARITY;SEP27=SERIES_FORWARD_CLUSTER;JUN29=PUT_CALL_PARITY;DEC30=PUT_CALL_PARITY,OCT26=30756.75;SEP26=30766.75;NOV26=31843.125;DEC29=29950.15;DEC26=20089;MAR27=27605.125;JUN27=24445.125;DEC27=21056.75;SEP27=36064.25,DEC26=GLOBAL_REFERENCE_OUTLIER_PUT_CALL_PARITY;JUN27=GLOBAL_REFERENCE_OUTLIER_SERIES_FORWARD_CLUSTER;DEC28=GLOBAL_REFERENCE_NO_OBSERVATION;DEC27=GLOBAL_REFERENCE_OUTLIER_SERIES_FORWARD_CLUSTER;JUN29=GLOBAL_REFERENCE_NO_OBSERVATION;DEC30=GLOBAL_REFERENCE_NO_OBSERVATION,WEIGHTED_ATM,2026-10-02,5,139,0.0,NONE,5131,4631,0,0,494,NONE,MN1;MN2;MN3;MN4;MN5;QMW;QRW;QTW;QWW,OK,NONE,NONE,2026-09-24
NAS,22600.0,-2522.1348684562245,0.00026661674444773155,0.0,0.0,0.0,0.0,0.0,0.0,31127.04129267234,30406.45870732766,31487.332585344684,30046.167414655316,DEC26,SEP26,2026-09-25,2026-12-18,30766.75,30793.940034634394,FOUND,DEGRADED,SPOT_MONTH_FALLBACK;ESTIMATED_EXPIRY_ALIAS,2026-08-02.2,PUT_CALL_PARITY,SEP26,OCT26=PUT_CALL_PARITY;SEP26=PUT_CALL_PARITY;NOV26=SERIES_FORWARD_CLUSTER;DEC29=SERIES_FORWARD_CLUSTER;DEC26=PUT_CALL_PARITY;MAR27=SERIES_FORWARD_CLUSTER;JUN27=PUT_CALL_PARITY;DEC28=PUT_CALL_PARITY;DEC27=PUT_CALL_PARITY;SEP27=SERIES_FORWARD_CLUSTER;JUN29=PUT_CALL_PARITY;DEC30=PUT_CALL_PARITY,OCT26=30756.75;SEP26=30766.75;NOV26=31843.125;DEC29=29950.15;DEC26=20089;MAR27=27605.125;JUN27=24445.125;DEC27=21056.75;SEP27=36064.25,DEC26=GLOBAL_REFERENCE_OUTLIER_PUT_CALL_PARITY;JUN27=GLOBAL_REFERENCE_OUTLIER_SERIES_FORWARD_CLUSTER;DEC28=GLOBAL_REFERENCE_NO_OBSERVATION;DEC27=GLOBAL_REFERENCE_OUTLIER_SERIES_FORWARD_CLUSTER;JUN29=GLOBAL_REFERENCE_NO_OBSERVATION;DEC30=GLOBAL_REFERENCE_NO_OBSERVATION,WEIGHTED_ATM,2026-10-02,5,139,0.0,NONE,5131,4631,0,0,494,NONE,MN1;MN2;MN3;MN4;MN5;QMW;QRW;QTW;QWW,OK,NONE,NONE,2026-09-24
NAS,22750.0,-312794.6299011347,0.033056215218873246,0.0,0.0,0.0,0.0,0.0,0.0,31127.04129267234,30406.45870732766,31487.332585344684,30046.167414655316,DEC26,SEP26,2026-09-25,2026-12-18,30766.75,30793.940034634394,FOUND,DEGRADED,SPOT_MONTH_FALLBACK;ESTIMATED_EXPIRY_ALIAS,2026-08-02.2,PUT_CALL_PARITY,SEP26,OCT26=PUT_CALL_PARITY;SEP26=PUT_CALL_PARITY;NOV26=SERIES_FORWARD_CLUSTER;DEC29=SERIES_FORWARD_CLUSTER;DEC26=PUT_CALL_PARITY;MAR27=SERIES_FORWARD_CLUSTER;JUN27=PUT_CALL_PARITY;DEC28=PUT_CALL_PARITY;DEC27=PUT_CALL_PARITY;SEP27=SERIES_FORWARD_CLUSTER;JUN29=PUT_CALL_PARITY;DEC30=PUT_CALL_PARITY,OCT26=30756.75;SEP26=30766.75;NOV26=31843.125;DEC29=29950.15;DEC26=20089;MAR27=27605.125;JUN27=24445.125;DEC27=21056.75;SEP27=36064.25,DEC26=GLOBAL_REFERENCE_OUTLIER_PUT_CALL_PARITY;JUN27=GLOBAL_REFERENCE_OUTLIER_SERIES_FORWARD_CLUSTER;DEC28=GLOBAL_REFERENCE_NO_OBSERVATION;DEC27=GLOBAL_REFERENCE_OUTLIER_SERIES_FORWARD_CLUSTER;JUN29=GLOBAL_REFERENCE_NO_OBSERVATION;DEC30=GLOBAL_REFERENCE_NO_OBSERVATION,WEIGHTED_ATM,2026-10-02,5,139,0.0,NONE,5131,4631,0,0,494,NONE,MN1;MN2;MN3;MN4;MN5;QMW;QRW;QTW;QWW,OK,NONE,NONE,2026-09-24
NAS,22800.0,-4092.033687034571,0.00043257191098404615,0.0,0.0,0.0,0.0,0.0,0.0,31127.04129267234,30406.45870732766,31487.332585344684,30046.167414655316,DEC26,SEP26,2026-09-25,2026-12-18,30766.75,30793.940034634394,FOUND,DEGRADED,SPOT_MONTH_FALLBACK;ESTIMATED_EXPIRY_ALIAS,2026-08-02.2,PUT_CALL_PARITY,SEP26,OCT26=PUT_CALL_PARITY;SEP26=PUT_CALL_PARITY;NOV26=SERIES_FORWARD_CLUSTER;DEC29=SERIES_FORWARD_CLUSTER;DEC26=PUT_CALL_PARITY;MAR27=SERIES_FORWARD_CLUSTER;JUN27=PUT_CALL_PARITY;DEC28=PUT_CALL_PARITY;DEC27=PUT_CALL_PARITY;SEP27=SERIES_FORWARD_CLUSTER;JUN29=PUT_CALL_PARITY;DEC30=PUT_CALL_PARITY,OCT26=30756.75;SEP26=30766.75;NOV26=31843.125;DEC29=29950.15;DEC26=20089;MAR27=27605.125;JUN27=24445.125;DEC27=21056.75;SEP27=36064.25,DEC26=GLOBAL_REFERENCE_OUTLIER_PUT_CALL_PARITY;JUN27=GLOBAL_REFERENCE_OUTLIER_SERIES_FORWARD_CLUSTER;DEC28=GLOBAL_REFERENCE_NO_OBSERVATION;DEC27=GLOBAL_REFERENCE_OUTLIER_SERIES_FORWARD_CLUSTER;JUN29=GLOBAL_REFERENCE_NO_OBSERVATION;DEC30=GLOBAL_REFERENCE_NO_OBSERVATION,WEIGHTED_ATM,2026-10-02,5,139,0.0,NONE,5131,4631,0,0,494,NONE,MN1;MN2;MN3;MN4;MN5;QMW;QRW;QTW;QWW,OK,NONE,NONE,2026-09-24
NAS,23000.0,-3602374.897682001,0.38813711407093016,0.0,0.0,0.0,0.0,0.0,0.0,31127.04129267234,30406.45870732766,31487.332585344684,30046.167414655316,DEC26,SEP26,2026-09-25,2026-12-18,30766.75,30793.940034634394,FOUND,DEGRADED,SPOT_MONTH_FALLBACK;ESTIMATED_EXPIRY_ALIAS,2026-08-02.2,PUT_CALL_PARITY,SEP26,OCT26=PUT_CALL_PARITY;SEP26=PUT_CALL_PARITY;NOV26=SERIES_FORWARD_CLUSTER;DEC29=SERIES_FORWARD_CLUSTER;DEC26=PUT_CALL_PARITY;MAR27=SERIES_FORWARD_CLUSTER;JUN27=PUT_CALL_PARITY;DEC28=PUT_CALL_PARITY;DEC27=PUT_CALL_PARITY;SEP27=SERIES_FORWARD_CLUSTER;JUN29=PUT_CALL_PARITY;DEC30=PUT_CALL_PARITY,OCT26=30756.75;SEP26=30766.75;NOV26=31843.125;DEC29=29950.15;DEC26=20089;MAR27=27605.125;JUN27=24445.125;DEC27=21056.75;SEP27=36064.25,DEC26=GLOBAL_REFERENCE_OUTLIER_PUT_CALL_PARITY;JUN27=GLOBAL_REFERENCE_OUTLIER_SERIES_FORWARD_CLUSTER;DEC28=GLOBAL_REFERENCE_NO_OBSERVATION;DEC27=GLOBAL_REFERENCE_OUTLIER_SERIES_FORWARD_CLUSTER;JUN29=GLOBAL_REFERENCE_NO_OBSERVATION;DEC30=GLOBAL_REFERENCE_NO_OBSERVATION,WEIGHTED_ATM,2026-10-02,5,139,0.0,NONE,5131,4631,0,0,494,NONE,MN1;MN2;MN3;MN4;MN5;QMW;QRW;QTW;QWW,OK,NONE,NONE,2026-09-24
NAS,23250.0,-327087.84318534716,0.03457562038942151,0.0,0.0,0.0,0.0,0.0,0.0,31127.04129267234,30406.45870732766,31487.332585344684,30046.167414655316,DEC26,SEP26,2026-09-25,2026-12-18,30766.75,30793.940034634394,FOUND,DEGRADED,SPOT_MONTH_FALLBACK;ESTIMATED_EXPIRY_ALIAS,2026-08-02.2,PUT_CALL_PARITY,SEP26,OCT26=PUT_CALL_PARITY;SEP26=PUT_CALL_PARITY;NOV26=SERIES_FORWARD_CLUSTER;DEC29=SERIES_FORWARD_CLUSTER;DEC26=PUT_CALL_PARITY;MAR27=SERIES_FORWARD_CLUSTER;JUN27=PUT_CALL_PARITY;DEC28=PUT_CALL_PARITY;DEC27=PUT_CALL_PARITY;SEP27=SERIES_FORWARD_CLUSTER;JUN29=PUT_CALL_PARITY;DEC30=PUT_CALL_PARITY,OCT26=30756.75;SEP26=30766.75;NOV26=31843.125;DEC29=29950.15;DEC26=20089;MAR27=27605.125;JUN27=24445.125;DEC27=21056.75;SEP27=36064.25,DEC26=GLOBAL_REFERENCE_OUTLIER_PUT_CALL_PARITY;JUN27=GLOBAL_REFERENCE_OUTLIER_SERIES_FORWARD_CLUSTER;DEC28=GLOBAL_REFERENCE_NO_OBSERVATION;DEC27=GLOBAL_REFERENCE_OUTLIER_SERIES_FORWARD_CLUSTER;JUN29=GLOBAL_REFERENCE_NO_OBSERVATION;DEC30=GLOBAL_REFERENCE_NO_OBSERVATION,WEIGHTED_ATM,2026-10-02,5,139,0.0,NONE,5131,4631,0,0,494,NONE,MN1;MN2;MN3;MN4;MN5;QMW;QRW;QTW;QWW,OK,NONE,NONE,2026-09-24
NAS,23500.0,-3234520.3284953367,0.35591919723110044,0.0,0.0,0.0,0.0,0.0,0.0,31127.04129267234,30406.45870732766,31487.332585344684,30046.167414655316,DEC26,SEP26,2026-09-25,2026-12-18,30766.75,30793.940034634394,FOUND,DEGRADED,SPOT_MONTH_FALLBACK;ESTIMATED_EXPIRY_ALIAS,2026-08-02.2,PUT_CALL_PARITY,SEP26,OCT26=PUT_CALL_PARITY;SEP26=PUT_CALL_PARITY;NOV26=SERIES_FORWARD_CLUSTER;DEC29=SERIES_FORWARD_CLUSTER;DEC26=PUT_CALL_PARITY;MAR27=SERIES_FORWARD_CLUSTER;JUN27=PUT_CALL_PARITY;DEC28=PUT_CALL_PARITY;DEC27=PUT_CALL_PARITY;SEP27=SERIES_FORWARD_CLUSTER;JUN29=PUT_CALL_PARITY;DEC30=PUT_CALL_PARITY,OCT26=30756.75;SEP26=30766.75;NOV26=31843.125;DEC29=29950.15;DEC26=20089;MAR27=27605.125;JUN27=24445.125;DEC27=21056.75;SEP27=36064.25,DEC26=GLOBAL_REFERENCE_OUTLIER_PUT_CALL_PARITY;JUN27=GLOBAL_REFERENCE_OUTLIER_SERIES_FORWARD_CLUSTER;DEC28=GLOBAL_REFERENCE_NO_OBSERVATION;DEC27=GLOBAL_REFERENCE_OUTLIER_SERIES_FORWARD_CLUSTER;JUN29=GLOBAL_REFERENCE_NO_OBSERVATION;DEC30=GLOBAL_REFERENCE_NO_OBSERVATION,WEIGHTED_ATM,2026-10-02,5,139,0.0,NONE,5131,4631,0,0,494,NONE,MN1;MN2;MN3;MN4;MN5;QMW;QRW;QTW;QWW,OK,NONE,NONE,2026-09-24
NAS,23750.0,-388415.30853313755,0.04105662768811934,0.0,0.0,0.0,0.0,0.0,0.0,31127.04129267234,30406.45870732766,31487.332585344684,30046.167414655316,DEC26,SEP26,2026-09-25,2026-12-18,30766.75,30793.940034634394,FOUND,DEGRADED,SPOT_MONTH_FALLBACK;ESTIMATED_EXPIRY_ALIAS,2026-08-02.2,PUT_CALL_PARITY,SEP26,OCT26=PUT_CALL_PARITY;SEP26=PUT_CALL_PARITY;NOV26=SERIES_FORWARD_CLUSTER;DEC29=SERIES_FORWARD_CLUSTER;DEC26=PUT_CALL_PARITY;MAR27=SERIES_FORWARD_CLUSTER;JUN27=PUT_CALL_PARITY;DEC28=PUT_CALL_PARITY;DEC27=PUT_CALL_PARITY;SEP27=SERIES_FORWARD_CLUSTER;JUN29=PUT_CALL_PARITY;DEC30=PUT_CALL_PARITY,OCT26=30756.75;SEP26=30766.75;NOV26=31843.125;DEC29=29950.15;DEC26=20089;MAR27=27605.125;JUN27=24445.125;DEC27=21056.75;SEP27=36064.25,DEC26=GLOBAL_REFERENCE_OUTLIER_PUT_CALL_PARITY;JUN27=GLOBAL_REFERENCE_OUTLIER_SERIES_FORWARD_CLUSTER;DEC28=GLOBAL_REFERENCE_NO_OBSERVATION;DEC27=GLOBAL_REFERENCE_OUTLIER_SERIES_FORWARD_CLUSTER;JUN29=GLOBAL_REFERENCE_NO_OBSERVATION;DEC30=GLOBAL_REFERENCE_NO_OBSERVATION,WEIGHTED_ATM,2026-10-02,5,139,0.0,NONE,5131,4631,0,0,494,NONE,MN1;MN2;MN3;MN4;MN5;QMW;QRW;QTW;QWW,OK,NONE,NONE,2026-09-24
NAS,23800.0,-5937.626464996174,0.0006276708901030957,0.0,0.0,0.0,0.0,0.0,0.0,31127.04129267234,30406.45870732766,31487.332585344684,30046.167414655316,DEC26,SEP26,2026-09-25,2026-12-18,30766.75,30793.940034634394,FOUND,DEGRADED,SPOT_MONTH_FALLBACK;ESTIMATED_EXPIRY_ALIAS,2026-08-02.2,PUT_CALL_PARITY,SEP26,OCT26=PUT_CALL_PARITY;SEP26=PUT_CALL_PARITY;NOV26=SERIES_FORWARD_CLUSTER;DEC29=SERIES_FORWARD_CLUSTER;DEC26=PUT_CALL_PARITY;MAR27=SERIES_FORWARD_CLUSTER;JUN27=PUT_CALL_PARITY;DEC28=PUT_CALL_PARITY;DEC27=PUT_CALL_PARITY;SEP27=SERIES_FORWARD_CLUSTER;JUN29=PUT_CALL_PARITY;DEC30=PUT_CALL_PARITY,OCT26=30756.75;SEP26=30766.75;NOV26=31843.125;DEC29=29950.15;DEC26=20089;MAR27=27605.125;JUN27=24445.125;DEC27=21056.75;SEP27=36064.25,DEC26=GLOBAL_REFERENCE_OUTLIER_PUT_CALL_PARITY;JUN27=GLOBAL_REFERENCE_OUTLIER_SERIES_FORWARD_CLUSTER;DEC28=GLOBAL_REFERENCE_NO_OBSERVATION;DEC27=GLOBAL_REFERENCE_OUTLIER_SERIES_FORWARD_CLUSTER;JUN29=GLOBAL_REFERENCE_NO_OBSERVATION;DEC30=GLOBAL_REFERENCE_NO_OBSERVATION,WEIGHTED_ATM,2026-10-02,5,139,0.0,NONE,5131,4631,0,0,494,NONE,MN1;MN2;MN3;MN4;MN5;QMW;QRW;QTW;QWW,OK,NONE,NONE,2026-09-24
NAS,23900.0,-3138.5222836504736,0.0003317755145091571,0.0,0.0,0.0,0.0,0.0,0.0,31127.04129267234,30406.45870732766,31487.332585344684,30046.167414655316,DEC26,SEP26,2026-09-25,2026-12-18,30766.75,30793.940034634394,FOUND,DEGRADED,SPOT_MONTH_FALLBACK;ESTIMATED_EXPIRY_ALIAS,2026-08-02.2,PUT_CALL_PARITY,SEP26,OCT26=PUT_CALL_PARITY;SEP26=PUT_CALL_PARITY;NOV26=SERIES_FORWARD_CLUSTER;DEC29=SERIES_FORWARD_CLUSTER;DEC26=PUT_CALL_PARITY;MAR27=SERIES_FORWARD_CLUSTER;JUN27=PUT_CALL_PARITY;DEC28=PUT_CALL_PARITY;DEC27=PUT_CALL_PARITY;SEP27=SERIES_FORWARD_CLUSTER;JUN29=PUT_CALL_PARITY;DEC30=PUT_CALL_PARITY,OCT26=30756.75;SEP26=30766.75;NOV26=31843.125;DEC29=29950.15;DEC26=20089;MAR27=27605.125;JUN27=24445.125;DEC27=21056.75;SEP27=36064.25,DEC26=GLOBAL_REFERENCE_OUTLIER_PUT_CALL_PARITY;JUN27=GLOBAL_REFERENCE_OUTLIER_SERIES_FORWARD_CLUSTER;DEC28=GLOBAL_REFERENCE_NO_OBSERVATION;DEC27=GLOBAL_REFERENCE_OUTLIER_SERIES_FORWARD_CLUSTER;JUN29=GLOBAL_REFERENCE_NO_OBSERVATION;DEC30=GLOBAL_REFERENCE_NO_OBSERVATION,WEIGHTED_ATM,2026-10-02,5,139,0.0,NONE,5131,4631,0,0,494,NONE,MN1;MN2;MN3;MN4;MN5;QMW;QRW;QTW;QWW,OK,NONE,NONE,2026-09-24
NAS,24000.0,-4237688.689284115,0.4586923614395735,0.0,0.0,0.0,0.0,0.0,0.0,31127.04129267234,30406.45870732766,31487.332585344684,30046.167414655316,DEC26,SEP26,2026-09-25,2026-12-18,30766.75,30793.940034634394,FOUND,DEGRADED,SPOT_MONTH_FALLBACK;ESTIMATED_EXPIRY_ALIAS,2026-08-02.2,PUT_CALL_PARITY,SEP26,OCT26=PUT_CALL_PARITY;SEP26=PUT_CALL_PARITY;NOV26=SERIES_FORWARD_CLUSTER;DEC29=SERIES_FORWARD_CLUSTER;DEC26=PUT_CALL_PARITY;MAR27=SERIES_FORWARD_CLUSTER;JUN27=PUT_CALL_PARITY;DEC28=PUT_CALL_PARITY;DEC27=PUT_CALL_PARITY;SEP27=SERIES_FORWARD_CLUSTER;JUN29=PUT_CALL_PARITY;DEC30=PUT_CALL_PARITY,OCT26=30756.75;SEP26=30766.75;NOV26=31843.125;DEC29=29950.15;DEC26=20089;MAR27=27605.125;JUN27=24445.125;DEC27=21056.75;SEP27=36064.25,DEC26=GLOBAL_REFERENCE_OUTLIER_PUT_CALL_PARITY;JUN27=GLOBAL_REFERENCE_OUTLIER_SERIES_FORWARD_CLUSTER;DEC28=GLOBAL_REFERENCE_NO_OBSERVATION;DEC27=GLOBAL_REFERENCE_OUTLIER_SERIES_FORWARD_CLUSTER;JUN29=GLOBAL_REFERENCE_NO_OBSERVATION;DEC30=GLOBAL_REFERENCE_NO_OBSERVATION,WEIGHTED_ATM,2026-10-02,5,139,0.0,NONE,5131,4631,0,0,494,NONE,MN1;MN2;MN3;MN4;MN5;QMW;QRW;QTW;QWW,OK,NONE,NONE,2026-09-24
NAS,24100.0,-4383.568874926802,0.00046339031156202997,0.0,0.0,0.0,0.0,0.0,0.0,31127.04129267234,30406.45870732766,31487.332585344684,30046.167414655316,DEC26,SEP26,2026-09-25,2026-12-18,30766.75,30793.940034634394,FOUND,DEGRADED,SPOT_MONTH_FALLBACK;ESTIMATED_EXPIRY_ALIAS,2026-08-02.2,PUT_CALL_PARITY,SEP26,OCT26=PUT_CALL_PARITY;SEP26=PUT_CALL_PARITY;NOV26=SERIES_FORWARD_CLUSTER;DEC29=SERIES_FORWARD_CLUSTER;DEC26=PUT_CALL_PARITY;MAR27=SERIES_FORWARD_CLUSTER;JUN27=PUT_CALL_PARITY;DEC28=PUT_CALL_PARITY;DEC27=PUT_CALL_PARITY;SEP27=SERIES_FORWARD_CLUSTER;JUN29=PUT_CALL_PARITY;DEC30=PUT_CALL_PARITY,OCT26=30756.75;SEP26=30766.75;NOV26=31843.125;DEC29=29950.15;DEC26=20089;MAR27=27605.125;JUN27=24445.125;DEC27=21056.75;SEP27=36064.25,DEC26=GLOBAL_REFERENCE_OUTLIER_PUT_CALL_PARITY;JUN27=GLOBAL_REFERENCE_OUTLIER_SERIES_FORWARD_CLUSTER;DEC28=GLOBAL_REFERENCE_NO_OBSERVATION;DEC27=GLOBAL_REFERENCE_OUTLIER_SERIES_FORWARD_CLUSTER;JUN29=GLOBAL_REFERENCE_NO_OBSERVATION;DEC30=GLOBAL_REFERENCE_NO_OBSERVATION,WEIGHTED_ATM,2026-10-02,5,139,0.0,NONE,5131,4631,0,0,494,NONE,MN1;MN2;MN3;MN4;MN5;QMW;QRW;QTW;QWW,OK,NONE,NONE,2026-09-24
NAS,24200.0,-10713.559299403138,0.0011325382863458724,0.0,0.0,0.0,0.0,0.0,0.0,31127.04129267234,30406.45870732766,31487.332585344684,30046.167414655316,DEC26,SEP26,2026-09-25,2026-12-18,30766.75,30793.940034634394,FOUND,DEGRADED,SPOT_MONTH_FALLBACK;ESTIMATED_EXPIRY_ALIAS,2026-08-02.2,PUT_CALL_PARITY,SEP26,OCT26=PUT_CALL_PARITY;SEP26=PUT_CALL_PARITY;NOV26=SERIES_FORWARD_CLUSTER;DEC29=SERIES_FORWARD_CLUSTER;DEC26=PUT_CALL_PARITY;MAR27=SERIES_FORWARD_CLUSTER;JUN27=PUT_CALL_PARITY;DEC28=PUT_CALL_PARITY;DEC27=PUT_CALL_PARITY;SEP27=SERIES_FORWARD_CLUSTER;JUN29=PUT_CALL_PARITY;DEC30=PUT_CALL_PARITY,OCT26=30756.75;SEP26=30766.75;NOV26=31843.125;DEC29=29950.15;DEC26=20089;MAR27=27605.125;JUN27=24445.125;DEC27=21056.75;SEP27=36064.25,DEC26=GLOBAL_REFERENCE_OUTLIER_PUT_CALL_PARITY;JUN27=GLOBAL_REFERENCE_OUTLIER_SERIES_FORWARD_CLUSTER;DEC28=GLOBAL_REFERENCE_NO_OBSERVATION;DEC27=GLOBAL_REFERENCE_OUTLIER_SERIES_FORWARD_CLUSTER;JUN29=GLOBAL_REFERENCE_NO_OBSERVATION;DEC30=GLOBAL_REFERENCE_NO_OBSERVATION,WEIGHTED_ATM,2026-10-02,5,139,0.0,NONE,5131,4631,0,0,494,NONE,MN1;MN2;MN3;MN4;MN5;QMW;QRW;QTW;QWW,OK,NONE,NONE,2026-09-24
NAS,24250.0,-325186.3489691023,0.03437180985096496,0.0,0.0,0.0,0.0,0.0,0.0,31127.04129267234,30406.45870732766,31487.332585344684,30046.167414655316,DEC26,SEP26,2026-09-25,2026-12-18,30766.75,30793.940034634394,FOUND,DEGRADED,SPOT_MONTH_FALLBACK;ESTIMATED_EXPIRY_ALIAS,2026-08-02.2,PUT_CALL_PARITY,SEP26,OCT26=PUT_CALL_PARITY;SEP26=PUT_CALL_PARITY;NOV26=SERIES_FORWARD_CLUSTER;DEC29=SERIES_FORWARD_CLUSTER;DEC26=PUT_CALL_PARITY;MAR27=SERIES_FORWARD_CLUSTER;JUN27=PUT_CALL_PARITY;DEC28=PUT_CALL_PARITY;DEC27=PUT_CALL_PARITY;SEP27=SERIES_FORWARD_CLUSTER;JUN29=PUT_CALL_PARITY;DEC30=PUT_CALL_PARITY,OCT26=30756.75;SEP26=30766.75;NOV26=31843.125;DEC29=29950.15;DEC26=20089;MAR27=27605.125;JUN27=24445.125;DEC27=21056.75;SEP27=36064.25,DEC26=GLOBAL_REFERENCE_OUTLIER_PUT_CALL_PARITY;JUN27=GLOBAL_REFERENCE_OUTLIER_SERIES_FORWARD_CLUSTER;DEC28=GLOBAL_REFERENCE_NO_OBSERVATION;DEC27=GLOBAL_REFERENCE_OUTLIER_SERIES_FORWARD_CLUSTER;JUN29=GLOBAL_REFERENCE_NO_OBSERVATION;DEC30=GLOBAL_REFERENCE_NO_OBSERVATION,WEIGHTED_ATM,2026-10-02,5,139,0.0,NONE,5131,4631,0,0,494,NONE,MN1;MN2;MN3;MN4;MN5;QMW;QRW;QTW;QWW,OK,NONE,NONE,2026-09-24
NAS,24300.0,-5870.235094363218,0.0006205468984138539,0.0,0.0,0.0,0.0,0.0,0.0,31127.04129267234,30406.45870732766,31487.332585344684,30046.167414655316,DEC26,SEP26,2026-09-25,2026-12-18,30766.75,30793.940034634394,FOUND,DEGRADED,SPOT_MONTH_FALLBACK;ESTIMATED_EXPIRY_ALIAS,2026-08-02.2,PUT_CALL_PARITY,SEP26,OCT26=PUT_CALL_PARITY;SEP26=PUT_CALL_PARITY;NOV26=SERIES_FORWARD_CLUSTER;DEC29=SERIES_FORWARD_CLUSTER;DEC26=PUT_CALL_PARITY;MAR27=SERIES_FORWARD_CLUSTER;JUN27=PUT_CALL_PARITY;DEC28=PUT_CALL_PARITY;DEC27=PUT_CALL_PARITY;SEP27=SERIES_FORWARD_CLUSTER;JUN29=PUT_CALL_PARITY;DEC30=PUT_CALL_PARITY,OCT26=30756.75;SEP26=30766.75;NOV26=31843.125;DEC29=29950.15;DEC26=20089;MAR27=27605.125;JUN27=24445.125;DEC27=21056.75;SEP27=36064.25,DEC26=GLOBAL_REFERENCE_OUTLIER_PUT_CALL_PARITY;JUN27=GLOBAL_REFERENCE_OUTLIER_SERIES_FORWARD_CLUSTER;DEC28=GLOBAL_REFERENCE_NO_OBSERVATION;DEC27=GLOBAL_REFERENCE_OUTLIER_SERIES_FORWARD_CLUSTER;JUN29=GLOBAL_REFERENCE_NO_OBSERVATION;DEC30=GLOBAL_REFERENCE_NO_OBSERVATION,WEIGHTED_ATM,2026-10-02,5,139,0.0,NONE,5131,4631,0,0,494,NONE,MN1;MN2;MN3;MN4;MN5;QMW;QRW;QTW;QWW,OK,NONE,NONE,2026-09-24
NAS,24400.0,-10227.811913176727,0.0010811895704784485,0.0,0.0,0.0,0.0,0.0,0.0,31127.04129267234,30406.45870732766,31487.332585344684,30046.167414655316,DEC26,SEP26,2026-09-25,2026-12-18,30766.75,30793.940034634394,FOUND,DEGRADED,SPOT_MONTH_FALLBACK;ESTIMATED_EXPIRY_ALIAS,2026-08-02.2,PUT_CALL_PARITY,SEP26,OCT26=PUT_CALL_PARITY;SEP26=PUT_CALL_PARITY;NOV26=SERIES_FORWARD_CLUSTER;DEC29=SERIES_FORWARD_CLUSTER;DEC26=PUT_CALL_PARITY;MAR27=SERIES_FORWARD_CLUSTER;JUN27=PUT_CALL_PARITY;DEC28=PUT_CALL_PARITY;DEC27=PUT_CALL_PARITY;SEP27=SERIES_FORWARD_CLUSTER;JUN29=PUT_CALL_PARITY;DEC30=PUT_CALL_PARITY,OCT26=30756.75;SEP26=30766.75;NOV26=31843.125;DEC29=29950.15;DEC26=20089;MAR27=27605.125;JUN27=24445.125;DEC27=21056.75;SEP27=36064.25,DEC26=GLOBAL_REFERENCE_OUTLIER_PUT_CALL_PARITY;JUN27=GLOBAL_REFERENCE_OUTLIER_SERIES_FORWARD_CLUSTER;DEC28=GLOBAL_REFERENCE_NO_OBSERVATION;DEC27=GLOBAL_REFERENCE_OUTLIER_SERIES_FORWARD_CLUSTER;JUN29=GLOBAL_REFERENCE_NO_OBSERVATION;DEC30=GLOBAL_REFERENCE_NO_OBSERVATION,WEIGHTED_ATM,2026-10-02,5,139,0.0,NONE,5131,4631,0,0,494,NONE,MN1;MN2;MN3;MN4;MN5;QMW;QRW;QTW;QWW,OK,NONE,NONE,2026-09-24
NAS,24500.0,-2634881.991541111,0.2826826694175582,0.0,0.0,0.0,0.0,0.0,0.0,31127.04129267234,30406.45870732766,31487.332585344684,30046.167414655316,DEC26,SEP26,2026-09-25,2026-12-18,30766.75,30793.940034634394,FOUND,DEGRADED,SPOT_MONTH_FALLBACK;ESTIMATED_EXPIRY_ALIAS,2026-08-02.2,PUT_CALL_PARITY,SEP26,OCT26=PUT_CALL_PARITY;SEP26=PUT_CALL_PARITY;NOV26=SERIES_FORWARD_CLUSTER;DEC29=SERIES_FORWARD_CLUSTER;DEC26=PUT_CALL_PARITY;MAR27=SERIES_FORWARD_CLUSTER;JUN27=PUT_CALL_PARITY;DEC28=PUT_CALL_PARITY;DEC27=PUT_CALL_PARITY;SEP27=SERIES_FORWARD_CLUSTER;JUN29=PUT_CALL_PARITY;DEC30=PUT_CALL_PARITY,OCT26=30756.75;SEP26=30766.75;NOV26=31843.125;DEC29=29950.15;DEC26=20089;MAR27=27605.125;JUN27=24445.125;DEC27=21056.75;SEP27=36064.25,DEC26=GLOBAL_REFERENCE_OUTLIER_PUT_CALL_PARITY;JUN27=GLOBAL_REFERENCE_OUTLIER_SERIES_FORWARD_CLUSTER;DEC28=GLOBAL_REFERENCE_NO_OBSERVATION;DEC27=GLOBAL_REFERENCE_OUTLIER_SERIES_FORWARD_CLUSTER;JUN29=GLOBAL_REFERENCE_NO_OBSERVATION;DEC30=GLOBAL_REFERENCE_NO_OBSERVATION,WEIGHTED_ATM,2026-10-02,5,139,0.0,NONE,5131,4631,0,0,494,NONE,MN1;MN2;MN3;MN4;MN5;QMW;QRW;QTW;QWW,OK,NONE,NONE,2026-09-24
NAS,24600.0,-11013.759131216346,0.0011642726328484386,0.0,0.0,0.0,0.0,0.0,0.0,31127.04129267234,30406.45870732766,31487.332585344684,30046.167414655316,DEC26,SEP26,2026-09-25,2026-12-18,30766.75,30793.940034634394,FOUND,DEGRADED,SPOT_MONTH_FALLBACK;ESTIMATED_EXPIRY_ALIAS,2026-08-02.2,PUT_CALL_PARITY,SEP26,OCT26=PUT_CALL_PARITY;SEP26=PUT_CALL_PARITY;NOV26=SERIES_FORWARD_CLUSTER;DEC29=SERIES_FORWARD_CLUSTER;DEC26=PUT_CALL_PARITY;MAR27=SERIES_FORWARD_CLUSTER;JUN27=PUT_CALL_PARITY;DEC28=PUT_CALL_PARITY;DEC27=PUT_CALL_PARITY;SEP27=SERIES_FORWARD_CLUSTER;JUN29=PUT_CALL_PARITY;DEC30=PUT_CALL_PARITY,OCT26=30756.75;SEP26=30766.75;NOV26=31843.125;DEC29=29950.15;DEC26=20089;MAR27=27605.125;JUN27=24445.125;DEC27=21056.75;SEP27=36064.25,DEC26=GLOBAL_REFERENCE_OUTLIER_PUT_CALL_PARITY;JUN27=GLOBAL_REFERENCE_OUTLIER_SERIES_FORWARD_CLUSTER;DEC28=GLOBAL_REFERENCE_NO_OBSERVATION;DEC27=GLOBAL_REFERENCE_OUTLIER_SERIES_FORWARD_CLUSTER;JUN29=GLOBAL_REFERENCE_NO_OBSERVATION;DEC30=GLOBAL_REFERENCE_NO_OBSERVATION,WEIGHTED_ATM,2026-10-02,5,139,0.0,NONE,5131,4631,0,0,494,NONE,MN1;MN2;MN3;MN4;MN5;QMW;QRW;QTW;QWW,OK,NONE,NONE,2026-09-24
NAS,24700.0,-5438.059295967722,0.0005748612747628733,0.0,0.0,0.0,0.0,0.0,0.0,31127.04129267234,30406.45870732766,31487.332585344684,30046.167414655316,DEC26,SEP26,2026-09-25,2026-12-18,30766.75,30793.940034634394,FOUND,DEGRADED,SPOT_MONTH_FALLBACK;ESTIMATED_EXPIRY_ALIAS,2026-08-02.2,PUT_CALL_PARITY,SEP26,OCT26=PUT_CALL_PARITY;SEP26=PUT_CALL_PARITY;NOV26=SERIES_FORWARD_CLUSTER;DEC29=SERIES_FORWARD_CLUSTER;DEC26=PUT_CALL_PARITY;MAR27=SERIES_FORWARD_CLUSTER;JUN27=PUT_CALL_PARITY;DEC28=PUT_CALL_PARITY;DEC27=PUT_CALL_PARITY;SEP27=SERIES_FORWARD_CLUSTER;JUN29=PUT_CALL_PARITY;DEC30=PUT_CALL_PARITY,OCT26=30756.75;SEP26=30766.75;NOV26=31843.125;DEC29=29950.15;DEC26=20089;MAR27=27605.125;JUN27=24445.125;DEC27=21056.75;SEP27=36064.25,DEC26=GLOBAL_REFERENCE_OUTLIER_PUT_CALL_PARITY;JUN27=GLOBAL_REFERENCE_OUTLIER_SERIES_FORWARD_CLUSTER;DEC28=GLOBAL_REFERENCE_NO_OBSERVATION;DEC27=GLOBAL_REFERENCE_OUTLIER_SERIES_FORWARD_CLUSTER;JUN29=GLOBAL_REFERENCE_NO_OBSERVATION;DEC30=GLOBAL_REFERENCE_NO_OBSERVATION,WEIGHTED_ATM,2026-10-02,5,139,0.0,NONE,5131,4631,0,0,494,NONE,MN1;MN2;MN3;MN4;MN5;QMW;QRW;QTW;QWW,OK,NONE,NONE,2026-09-24
NAS,24750.0,-1055839.577551324,0.11159987271735469,0.0,0.0,0.0,0.0,0.0,0.0,31127.04129267234,30406.45870732766,31487.332585344684,30046.167414655316,DEC26,SEP26,2026-09-25,2026-12-18,30766.75,30793.940034634394,FOUND,DEGRADED,SPOT_MONTH_FALLBACK;ESTIMATED_EXPIRY_ALIAS,2026-08-02.2,PUT_CALL_PARITY,SEP26,OCT26=PUT_CALL_PARITY;SEP26=PUT_CALL_PARITY;NOV26=SERIES_FORWARD_CLUSTER;DEC29=SERIES_FORWARD_CLUSTER;DEC26=PUT_CALL_PARITY;MAR27=SERIES_FORWARD_CLUSTER;JUN27=PUT_CALL_PARITY;DEC28=PUT_CALL_PARITY;DEC27=PUT_CALL_PARITY;SEP27=SERIES_FORWARD_CLUSTER;JUN29=PUT_CALL_PARITY;DEC30=PUT_CALL_PARITY,OCT26=30756.75;SEP26=30766.75;NOV26=31843.125;DEC29=29950.15;DEC26=20089;MAR27=27605.125;JUN27=24445.125;DEC27=21056.75;SEP27=36064.25,DEC26=GLOBAL_REFERENCE_OUTLIER_PUT_CALL_PARITY;JUN27=GLOBAL_REFERENCE_OUTLIER_SERIES_FORWARD_CLUSTER;DEC28=GLOBAL_REFERENCE_NO_OBSERVATION;DEC27=GLOBAL_REFERENCE_OUTLIER_SERIES_FORWARD_CLUSTER;JUN29=GLOBAL_REFERENCE_NO_OBSERVATION;DEC30=GLOBAL_REFERENCE_NO_OBSERVATION,WEIGHTED_ATM,2026-10-02,5,139,0.0,NONE,5131,4631,0,0,494,NONE,MN1;MN2;MN3;MN4;MN5;QMW;QRW;QTW;QWW,OK,NONE,NONE,2026-09-24
NAS,24800.0,-7403.799540489005,0.0007826611315345886,0.0,0.0,0.0,0.0,0.0,0.0,31127.04129267234,30406.45870732766,31487.332585344684,30046.167414655316,DEC26,SEP26,2026-09-25,2026-12-18,30766.75,30793.940034634394,FOUND,DEGRADED,SPOT_MONTH_FALLBACK;ESTIMATED_EXPIRY_ALIAS,2026-08-02.2,PUT_CALL_PARITY,SEP26,OCT26=PUT_CALL_PARITY;SEP26=PUT_CALL_PARITY;NOV26=SERIES_FORWARD_CLUSTER;DEC29=SERIES_FORWARD_CLUSTER;DEC26=PUT_CALL_PARITY;MAR27=SERIES_FORWARD_CLUSTER;JUN27=PUT_CALL_PARITY;DEC28=PUT_CALL_PARITY;DEC27=PUT_CALL_PARITY;SEP27=SERIES_FORWARD_CLUSTER;JUN29=PUT_CALL_PARITY;DEC30=PUT_CALL_PARITY,OCT26=30756.75;SEP26=30766.75;NOV26=31843.125;DEC29=29950.15;DEC26=20089;MAR27=27605.125;JUN27=24445.125;DEC27=21056.75;SEP27=36064.25,DEC26=GLOBAL_REFERENCE_OUTLIER_PUT_CALL_PARITY;JUN27=GLOBAL_REFERENCE_OUTLIER_SERIES_FORWARD_CLUSTER;DEC28=GLOBAL_REFERENCE_NO_OBSERVATION;DEC27=GLOBAL_REFERENCE_OUTLIER_SERIES_FORWARD_CLUSTER;JUN29=GLOBAL_REFERENCE_NO_OBSERVATION;DEC30=GLOBAL_REFERENCE_NO_OBSERVATION,WEIGHTED_ATM,2026-10-02,5,139,0.0,NONE,5131,4631,0,0,494,NONE,MN1;MN2;MN3;MN4;MN5;QMW;QRW;QTW;QWW,OK,NONE,NONE,2026-09-24
NAS,24900.0,-20592.412457995284,0.0021768391684922716,0.0,0.0,0.0,0.0,0.0,0.0,31127.04129267234,30406.45870732766,31487.332585344684,30046.167414655316,DEC26,SEP26,2026-09-25,2026-12-18,30766.75,30793.940034634394,FOUND,DEGRADED,SPOT_MONTH_FALLBACK;ESTIMATED_EXPIRY_ALIAS,2026-08-02.2,PUT_CALL_PARITY,SEP26,OCT26=PUT_CALL_PARITY;SEP26=PUT_CALL_PARITY;NOV26=SERIES_FORWARD_CLUSTER;DEC29=SERIES_FORWARD_CLUSTER;DEC26=PUT_CALL_PARITY;MAR27=SERIES_FORWARD_CLUSTER;JUN27=PUT_CALL_PARITY;DEC28=PUT_CALL_PARITY;DEC27=PUT_CALL_PARITY;SEP27=SERIES_FORWARD_CLUSTER;JUN29=PUT_CALL_PARITY;DEC30=PUT_CALL_PARITY,OCT26=30756.75;SEP26=30766.75;NOV26=31843.125;DEC29=29950.15;DEC26=20089;MAR27=27605.125;JUN27=24445.125;DEC27=21056.75;SEP27=36064.25,DEC26=GLOBAL_REFERENCE_OUTLIER_PUT_CALL_PARITY;JUN27=GLOBAL_REFERENCE_OUTLIER_SERIES_FORWARD_CLUSTER;DEC28=GLOBAL_REFERENCE_NO_OBSERVATION;DEC27=GLOBAL_REFERENCE_OUTLIER_SERIES_FORWARD_CLUSTER;JUN29=GLOBAL_REFERENCE_NO_OBSERVATION;DEC30=GLOBAL_REFERENCE_NO_OBSERVATION,WEIGHTED_ATM,2026-10-02,5,139,0.0,NONE,5131,4631,0,0,494,NONE,MN1;MN2;MN3;MN4;MN5;QMW;QRW;QTW;QWW,OK,NONE,NONE,2026-09-24
NAS,25000.0,-9482872.457267705,1.0351872263919457,0.0,0.0,0.0,0.0,0.0,0.0,31127.04129267234,30406.45870732766,31487.332585344684,30046.167414655316,DEC26,SEP26,2026-09-25,2026-12-18,30766.75,30793.940034634394,FOUND,DEGRADED,SPOT_MONTH_FALLBACK;ESTIMATED_EXPIRY_ALIAS,2026-08-02.2,PUT_CALL_PARITY,SEP26,OCT26=PUT_CALL_PARITY;SEP26=PUT_CALL_PARITY;NOV26=SERIES_FORWARD_CLUSTER;DEC29=SERIES_FORWARD_CLUSTER;DEC26=PUT_CALL_PARITY;MAR27=SERIES_FORWARD_CLUSTER;JUN27=PUT_CALL_PARITY;DEC28=PUT_CALL_PARITY;DEC27=PUT_CALL_PARITY;SEP27=SERIES_FORWARD_CLUSTER;JUN29=PUT_CALL_PARITY;DEC30=PUT_CALL_PARITY,OCT26=30756.75;SEP26=30766.75;NOV26=31843.125;DEC29=29950.15;DEC26=20089;MAR27=27605.125;JUN27=24445.125;DEC27=21056.75;SEP27=36064.25,DEC26=GLOBAL_REFERENCE_OUTLIER_PUT_CALL_PARITY;JUN27=GLOBAL_REFERENCE_OUTLIER_SERIES_FORWARD_CLUSTER;DEC28=GLOBAL_REFERENCE_NO_OBSERVATION;DEC27=GLOBAL_REFERENCE_OUTLIER_SERIES_FORWARD_CLUSTER;JUN29=GLOBAL_REFERENCE_NO_OBSERVATION;DEC30=GLOBAL_REFERENCE_NO_OBSERVATION,WEIGHTED_ATM,2026-10-02,5,139,0.0,NONE,5131,4631,0,0,494,NONE,MN1;MN2;MN3;MN4;MN5;QMW;QRW;QTW;QWW,OK,NONE,NONE,2026-09-24
NAS,25100.0,-18089.236531472892,0.0019122265878344273,0.0,0.0,0.0,0.0,0.0,0.0,31127.04129267234,30406.45870732766,31487.332585344684,30046.167414655316,DEC26,SEP26,2026-09-25,2026-12-18,30766.75,30793.940034634394,FOUND,DEGRADED,SPOT_MONTH_FALLBACK;ESTIMATED_EXPIRY_ALIAS,2026-08-02.2,PUT_CALL_PARITY,SEP26,OCT26=PUT_CALL_PARITY;SEP26=PUT_CALL_PARITY;NOV26=SERIES_FORWARD_CLUSTER;DEC29=SERIES_FORWARD_CLUSTER;DEC26=PUT_CALL_PARITY;MAR27=SERIES_FORWARD_CLUSTER;JUN27=PUT_CALL_PARITY;DEC28=PUT_CALL_PARITY;DEC27=PUT_CALL_PARITY;SEP27=SERIES_FORWARD_CLUSTER;JUN29=PUT_CALL_PARITY;DEC30=PUT_CALL_PARITY,OCT26=30756.75;SEP26=30766.75;NOV26=31843.125;DEC29=29950.15;DEC26=20089;MAR27=27605.125;JUN27=24445.125;DEC27=21056.75;SEP27=36064.25,DEC26=GLOBAL_REFERENCE_OUTLIER_PUT_CALL_PARITY;JUN27=GLOBAL_REFERENCE_OUTLIER_SERIES_FORWARD_CLUSTER;DEC28=GLOBAL_REFERENCE_NO_OBSERVATION;DEC27=GLOBAL_REFERENCE_OUTLIER_SERIES_FORWARD_CLUSTER;JUN29=GLOBAL_REFERENCE_NO_OBSERVATION;DEC30=GLOBAL_REFERENCE_NO_OBSERVATION,WEIGHTED_ATM,2026-10-02,5,139,0.0,NONE,5131,4631,0,0,494,NONE,MN1;MN2;MN3;MN4;MN5;QMW;QRW;QTW;QWW,OK,NONE,NONE,2026-09-24
NAS,25200.0,-59212.067404249436,0.00625935148860761,0.0,0.0,0.0,0.0,0.0,0.0,31127.04129267234,30406.45870732766,31487.332585344684,30046.167414655316,DEC26,SEP26,2026-09-25,2026-12-18,30766.75,30793.940034634394,FOUND,DEGRADED,SPOT_MONTH_FALLBACK;ESTIMATED_EXPIRY_ALIAS,2026-08-02.2,PUT_CALL_PARITY,SEP26,OCT26=PUT_CALL_PARITY;SEP26=PUT_CALL_PARITY;NOV26=SERIES_FORWARD_CLUSTER;DEC29=SERIES_FORWARD_CLUSTER;DEC26=PUT_CALL_PARITY;MAR27=SERIES_FORWARD_CLUSTER;JUN27=PUT_CALL_PARITY;DEC28=PUT_CALL_PARITY;DEC27=PUT_CALL_PARITY;SEP27=SERIES_FORWARD_CLUSTER;JUN29=PUT_CALL_PARITY;DEC30=PUT_CALL_PARITY,OCT26=30756.75;SEP26=30766.75;NOV26=31843.125;DEC29=29950.15;DEC26=20089;MAR27=27605.125;JUN27=24445.125;DEC27=21056.75;SEP27=36064.25,DEC26=GLOBAL_REFERENCE_OUTLIER_PUT_CALL_PARITY;JUN27=GLOBAL_REFERENCE_OUTLIER_SERIES_FORWARD_CLUSTER;DEC28=GLOBAL_REFERENCE_NO_OBSERVATION;DEC27=GLOBAL_REFERENCE_OUTLIER_SERIES_FORWARD_CLUSTER;JUN29=GLOBAL_REFERENCE_NO_OBSERVATION;DEC30=GLOBAL_REFERENCE_NO_OBSERVATION,WEIGHTED_ATM,2026-10-02,5,139,0.0,NONE,5131,4631,0,0,494,NONE,MN1;MN2;MN3;MN4;MN5;QMW;QRW;QTW;QWW,OK,NONE,NONE,2026-09-24
NAS,25250.0,-1262545.9649261774,0.13807414816246613,0.0,0.0,0.0,0.0,0.0,0.0,31127.04129267234,30406.45870732766,31487.332585344684,30046.167414655316,DEC26,SEP26,2026-09-25,2026-12-18,30766.75,30793.940034634394,FOUND,DEGRADED,SPOT_MONTH_FALLBACK;ESTIMATED_EXPIRY_ALIAS,2026-08-02.2,PUT_CALL_PARITY,SEP26,OCT26=PUT_CALL_PARITY;SEP26=PUT_CALL_PARITY;NOV26=SERIES_FORWARD_CLUSTER;DEC29=SERIES_FORWARD_CLUSTER;DEC26=PUT_CALL_PARITY;MAR27=SERIES_FORWARD_CLUSTER;JUN27=PUT_CALL_PARITY;DEC28=PUT_CALL_PARITY;DEC27=PUT_CALL_PARITY;SEP27=SERIES_FORWARD_CLUSTER;JUN29=PUT_CALL_PARITY;DEC30=PUT_CALL_PARITY,OCT26=30756.75;SEP26=30766.75;NOV26=31843.125;DEC29=29950.15;DEC26=20089;MAR27=27605.125;JUN27=24445.125;DEC27=21056.75;SEP27=36064.25,DEC26=GLOBAL_REFERENCE_OUTLIER_PUT_CALL_PARITY;JUN27=GLOBAL_REFERENCE_OUTLIER_SERIES_FORWARD_CLUSTER;DEC28=GLOBAL_REFERENCE_NO_OBSERVATION;DEC27=GLOBAL_REFERENCE_OUTLIER_SERIES_FORWARD_CLUSTER;JUN29=GLOBAL_REFERENCE_NO_OBSERVATION;DEC30=GLOBAL_REFERENCE_NO_OBSERVATION,WEIGHTED_ATM,2026-10-02,5,139,0.0,NONE,5131,4631,0,0,494,NONE,MN1;MN2;MN3;MN4;MN5;QMW;QRW;QTW;QWW,OK,NONE,NONE,2026-09-24
NAS,25300.0,-309527.37620785576,0.033449077657240436,0.0,0.0,0.0,0.0,0.0,0.0,31127.04129267234,30406.45870732766,31487.332585344684,30046.167414655316,DEC26,SEP26,2026-09-25,2026-12-18,30766.75,30793.940034634394,FOUND,DEGRADED,SPOT_MONTH_FALLBACK;ESTIMATED_EXPIRY_ALIAS,2026-08-02.2,PUT_CALL_PARITY,SEP26,OCT26=PUT_CALL_PARITY;SEP26=PUT_CALL_PARITY;NOV26=SERIES_FORWARD_CLUSTER;DEC29=SERIES_FORWARD_CLUSTER;DEC26=PUT_CALL_PARITY;MAR27=SERIES_FORWARD_CLUSTER;JUN27=PUT_CALL_PARITY;DEC28=PUT_CALL_PARITY;DEC27=PUT_CALL_PARITY;SEP27=SERIES_FORWARD_CLUSTER;JUN29=PUT_CALL_PARITY;DEC30=PUT_CALL_PARITY,OCT26=30756.75;SEP26=30766.75;NOV26=31843.125;DEC29=29950.15;DEC26=20089;MAR27=27605.125;JUN27=24445.125;DEC27=21056.75;SEP27=36064.25,DEC26=GLOBAL_REFERENCE_OUTLIER_PUT_CALL_PARITY;JUN27=GLOBAL_REFERENCE_OUTLIER_SERIES_FORWARD_CLUSTER;DEC28=GLOBAL_REFERENCE_NO_OBSERVATION;DEC27=GLOBAL_REFERENCE_OUTLIER_SERIES_FORWARD_CLUSTER;JUN29=GLOBAL_REFERENCE_NO_OBSERVATION;DEC30=GLOBAL_REFERENCE_NO_OBSERVATION,WEIGHTED_ATM,2026-10-02,5,139,0.0,NONE,5131,4631,0,0,494,NONE,MN1;MN2;MN3;MN4;MN5;QMW;QRW;QTW;QWW,OK,NONE,NONE,2026-09-24
NAS,25400.0,-449634.0279994999,0.0480607865755401,0.0,0.0,0.0,0.0,0.0,0.0,31127.04129267234,30406.45870732766,31487.332585344684,30046.167414655316,DEC26,SEP26,2026-09-25,2026-12-18,30766.75,30793.940034634394,FOUND,DEGRADED,SPOT_MONTH_FALLBACK;ESTIMATED_EXPIRY_ALIAS,2026-08-02.2,PUT_CALL_PARITY,SEP26,OCT26=PUT_CALL_PARITY;SEP26=PUT_CALL_PARITY;NOV26=SERIES_FORWARD_CLUSTER;DEC29=SERIES_FORWARD_CLUSTER;DEC26=PUT_CALL_PARITY;MAR27=SERIES_FORWARD_CLUSTER;JUN27=PUT_CALL_PARITY;DEC28=PUT_CALL_PARITY;DEC27=PUT_CALL_PARITY;SEP27=SERIES_FORWARD_CLUSTER;JUN29=PUT_CALL_PARITY;DEC30=PUT_CALL_PARITY,OCT26=30756.75;SEP26=30766.75;NOV26=31843.125;DEC29=29950.15;DEC26=20089;MAR27=27605.125;JUN27=24445.125;DEC27=21056.75;SEP27=36064.25,DEC26=GLOBAL_REFERENCE_OUTLIER_PUT_CALL_PARITY;JUN27=GLOBAL_REFERENCE_OUTLIER_SERIES_FORWARD_CLUSTER;DEC28=GLOBAL_REFERENCE_NO_OBSERVATION;DEC27=GLOBAL_REFERENCE_OUTLIER_SERIES_FORWARD_CLUSTER;JUN29=GLOBAL_REFERENCE_NO_OBSERVATION;DEC30=GLOBAL_REFERENCE_NO_OBSERVATION,WEIGHTED_ATM,2026-10-02,5,139,0.0,NONE,5131,4631,0,0,494,NONE,MN1;MN2;MN3;MN4;MN5;QMW;QRW;QTW;QWW,OK,NONE,NONE,2026-09-24
NAS,25500.0,-5478289.065325303,0.6011211894443278,0.0,0.0,0.0,0.0,0.0,0.0,31127.04129267234,30406.45870732766,31487.332585344684,30046.167414655316,DEC26,SEP26,2026-09-25,2026-12-18,30766.75,30793.940034634394,FOUND,DEGRADED,SPOT_MONTH_FALLBACK;ESTIMATED_EXPIRY_ALIAS,2026-08-02.2,PUT_CALL_PARITY,SEP26,OCT26=PUT_CALL_PARITY;SEP26=PUT_CALL_PARITY;NOV26=SERIES_FORWARD_CLUSTER;DEC29=SERIES_FORWARD_CLUSTER;DEC26=PUT_CALL_PARITY;MAR27=SERIES_FORWARD_CLUSTER;JUN27=PUT_CALL_PARITY;DEC28=PUT_CALL_PARITY;DEC27=PUT_CALL_PARITY;SEP27=SERIES_FORWARD_CLUSTER;JUN29=PUT_CALL_PARITY;DEC30=PUT_CALL_PARITY,OCT26=30756.75;SEP26=30766.75;NOV26=31843.125;DEC29=29950.15;DEC26=20089;MAR27=27605.125;JUN27=24445.125;DEC27=21056.75;SEP27=36064.25,DEC26=GLOBAL_REFERENCE_OUTLIER_PUT_CALL_PARITY;JUN27=GLOBAL_REFERENCE_OUTLIER_SERIES_FORWARD_CLUSTER;DEC28=GLOBAL_REFERENCE_NO_OBSERVATION;DEC27=GLOBAL_REFERENCE_OUTLIER_SERIES_FORWARD_CLUSTER;JUN29=GLOBAL_REFERENCE_NO_OBSERVATION;DEC30=GLOBAL_REFERENCE_NO_OBSERVATION,WEIGHTED_ATM,2026-10-02,5,139,0.0,NONE,5131,4631,0,0,494,NONE,MN1;MN2;MN3;MN4;MN5;QMW;QRW;QTW;QWW,OK,NONE,NONE,2026-09-24
NAS,25600.0,-507728.7480912321,0.05541027302569977,0.0,0.0,0.0,0.0,0.0,0.0,31127.04129267234,30406.45870732766,31487.332585344684,30046.167414655316,DEC26,SEP26,2026-09-25,2026-12-18,30766.75,30793.940034634394,FOUND,DEGRADED,SPOT_MONTH_FALLBACK;ESTIMATED_EXPIRY_ALIAS,2026-08-02.2,PUT_CALL_PARITY,SEP26,OCT26=PUT_CALL_PARITY;SEP26=PUT_CALL_PARITY;NOV26=SERIES_FORWARD_CLUSTER;DEC29=SERIES_FORWARD_CLUSTER;DEC26=PUT_CALL_PARITY;MAR27=SERIES_FORWARD_CLUSTER;JUN27=PUT_CALL_PARITY;DEC28=PUT_CALL_PARITY;DEC27=PUT_CALL_PARITY;SEP27=SERIES_FORWARD_CLUSTER;JUN29=PUT_CALL_PARITY;DEC30=PUT_CALL_PARITY,OCT26=30756.75;SEP26=30766.75;NOV26=31843.125;DEC29=29950.15;DEC26=20089;MAR27=27605.125;JUN27=24445.125;DEC27=21056.75;SEP27=36064.25,DEC26=GLOBAL_REFERENCE_OUTLIER_PUT_CALL_PARITY;JUN27=GLOBAL_REFERENCE_OUTLIER_SERIES_FORWARD_CLUSTER;DEC28=GLOBAL_REFERENCE_NO_OBSERVATION;DEC27=GLOBAL_REFERENCE_OUTLIER_SERIES_FORWARD_CLUSTER;JUN29=GLOBAL_REFERENCE_NO_OBSERVATION;DEC30=GLOBAL_REFERENCE_NO_OBSERVATION,WEIGHTED_ATM,2026-10-02,5,139,0.0,NONE,5131,4631,0,0,494,NONE,MN1;MN2;MN3;MN4;MN5;QMW;QRW;QTW;QWW,OK,NONE,NONE,2026-09-24
NAS,25700.0,-410096.6725362829,0.043351622908015364,0.0,0.0,0.0,0.0,0.0,0.0,31127.04129267234,30406.45870732766,31487.332585344684,30046.167414655316,DEC26,SEP26,2026-09-25,2026-12-18,30766.75,30793.940034634394,FOUND,DEGRADED,SPOT_MONTH_FALLBACK;ESTIMATED_EXPIRY_ALIAS,2026-08-02.2,PUT_CALL_PARITY,SEP26,OCT26=PUT_CALL_PARITY;SEP26=PUT_CALL_PARITY;NOV26=SERIES_FORWARD_CLUSTER;DEC29=SERIES_FORWARD_CLUSTER;DEC26=PUT_CALL_PARITY;MAR27=SERIES_FORWARD_CLUSTER;JUN27=PUT_CALL_PARITY;DEC28=PUT_CALL_PARITY;DEC27=PUT_CALL_PARITY;SEP27=SERIES_FORWARD_CLUSTER;JUN29=PUT_CALL_PARITY;DEC30=PUT_CALL_PARITY,OCT26=30756.75;SEP26=30766.75;NOV26=31843.125;DEC29=29950.15;DEC26=20089;MAR27=27605.125;JUN27=24445.125;DEC27=21056.75;SEP27=36064.25,DEC26=GLOBAL_REFERENCE_OUTLIER_PUT_CALL_PARITY;JUN27=GLOBAL_REFERENCE_OUTLIER_SERIES_FORWARD_CLUSTER;DEC28=GLOBAL_REFERENCE_NO_OBSERVATION;DEC27=GLOBAL_REFERENCE_OUTLIER_SERIES_FORWARD_CLUSTER;JUN29=GLOBAL_REFERENCE_NO_OBSERVATION;DEC30=GLOBAL_REFERENCE_NO_OBSERVATION,WEIGHTED_ATM,2026-10-02,5,139,0.0,NONE,5131,4631,0,0,494,NONE,MN1;MN2;MN3;MN4;MN5;QMW;QRW;QTW;QWW,OK,NONE,NONE,2026-09-24
NAS,25750.0,-2327566.926347621,0.2571925041145073,0.0,0.0,0.0,0.0,0.0,0.0,31127.04129267234,30406.45870732766,31487.332585344684,30046.167414655316,DEC26,SEP26,2026-09-25,2026-12-18,30766.75,30793.940034634394,FOUND,DEGRADED,SPOT_MONTH_FALLBACK;ESTIMATED_EXPIRY_ALIAS,2026-08-02.2,PUT_CALL_PARITY,SEP26,OCT26=PUT_CALL_PARITY;SEP26=PUT_CALL_PARITY;NOV26=SERIES_FORWARD_CLUSTER;DEC29=SERIES_FORWARD_CLUSTER;DEC26=PUT_CALL_PARITY;MAR27=SERIES_FORWARD_CLUSTER;JUN27=PUT_CALL_PARITY;DEC28=PUT_CALL_PARITY;DEC27=PUT_CALL_PARITY;SEP27=SERIES_FORWARD_CLUSTER;JUN29=PUT_CALL_PARITY;DEC30=PUT_CALL_PARITY,OCT26=30756.75;SEP26=30766.75;NOV26=31843.125;DEC29=29950.15;DEC26=20089;MAR27=27605.125;JUN27=24445.125;DEC27=21056.75;SEP27=36064.25,DEC26=GLOBAL_REFERENCE_OUTLIER_PUT_CALL_PARITY;JUN27=GLOBAL_REFERENCE_OUTLIER_SERIES_FORWARD_CLUSTER;DEC28=GLOBAL_REFERENCE_NO_OBSERVATION;DEC27=GLOBAL_REFERENCE_OUTLIER_SERIES_FORWARD_CLUSTER;JUN29=GLOBAL_REFERENCE_NO_OBSERVATION;DEC30=GLOBAL_REFERENCE_NO_OBSERVATION,WEIGHTED_ATM,2026-10-02,5,139,0.0,NONE,5131,4631,0,0,494,NONE,MN1;MN2;MN3;MN4;MN5;QMW;QRW;QTW;QWW,OK,NONE,NONE,2026-09-24
NAS,25800.0,-420212.4170143579,0.0444209657469494,0.0,0.0,0.0,0.0,0.0,0.0,31127.04129267234,30406.45870732766,31487.332585344684,30046.167414655316,DEC26,SEP26,2026-09-25,2026-12-18,30766.75,30793.940034634394,FOUND,DEGRADED,SPOT_MONTH_FALLBACK;ESTIMATED_EXPIRY_ALIAS,2026-08-02.2,PUT_CALL_PARITY,SEP26,OCT26=PUT_CALL_PARITY;SEP26=PUT_CALL_PARITY;NOV26=SERIES_FORWARD_CLUSTER;DEC29=SERIES_FORWARD_CLUSTER;DEC26=PUT_CALL_PARITY;MAR27=SERIES_FORWARD_CLUSTER;JUN27=PUT_CALL_PARITY;DEC28=PUT_CALL_PARITY;DEC27=PUT_CALL_PARITY;SEP27=SERIES_FORWARD_CLUSTER;JUN29=PUT_CALL_PARITY;DEC30=PUT_CALL_PARITY,OCT26=30756.75;SEP26=30766.75;NOV26=31843.125;DEC29=29950.15;DEC26=20089;MAR27=27605.125;JUN27=24445.125;DEC27=21056.75;SEP27=36064.25,DEC26=GLOBAL_REFERENCE_OUTLIER_PUT_CALL_PARITY;JUN27=GLOBAL_REFERENCE_OUTLIER_SERIES_FORWARD_CLUSTER;DEC28=GLOBAL_REFERENCE_NO_OBSERVATION;DEC27=GLOBAL_REFERENCE_OUTLIER_SERIES_FORWARD_CLUSTER;JUN29=GLOBAL_REFERENCE_NO_OBSERVATION;DEC30=GLOBAL_REFERENCE_NO_OBSERVATION,WEIGHTED_ATM,2026-10-02,5,139,0.0,NONE,5131,4631,0,0,494,NONE,MN1;MN2;MN3;MN4;MN5;QMW;QRW;QTW;QWW,OK,NONE,NONE,2026-09-24
NAS,25900.0,-223268.06156522286,0.023601832105874396,0.0,0.0,0.0,0.0,0.0,0.0,31127.04129267234,30406.45870732766,31487.332585344684,30046.167414655316,DEC26,SEP26,2026-09-25,2026-12-18,30766.75,30793.940034634394,FOUND,DEGRADED,SPOT_MONTH_FALLBACK;ESTIMATED_EXPIRY_ALIAS,2026-08-02.2,PUT_CALL_PARITY,SEP26,OCT26=PUT_CALL_PARITY;SEP26=PUT_CALL_PARITY;NOV26=SERIES_FORWARD_CLUSTER;DEC29=SERIES_FORWARD_CLUSTER;DEC26=PUT_CALL_PARITY;MAR27=SERIES_FORWARD_CLUSTER;JUN27=PUT_CALL_PARITY;DEC28=PUT_CALL_PARITY;DEC27=PUT_CALL_PARITY;SEP27=SERIES_FORWARD_CLUSTER;JUN29=PUT_CALL_PARITY;DEC30=PUT_CALL_PARITY,OCT26=30756.75;SEP26=30766.75;NOV26=31843.125;DEC29=29950.15;DEC26=20089;MAR27=27605.125;JUN27=24445.125;DEC27=21056.75;SEP27=36064.25,DEC26=GLOBAL_REFERENCE_OUTLIER_PUT_CALL_PARITY;JUN27=GLOBAL_REFERENCE_OUTLIER_SERIES_FORWARD_CLUSTER;DEC28=GLOBAL_REFERENCE_NO_OBSERVATION;DEC27=GLOBAL_REFERENCE_OUTLIER_SERIES_FORWARD_CLUSTER;JUN29=GLOBAL_REFERENCE_NO_OBSERVATION;DEC30=GLOBAL_REFERENCE_NO_OBSERVATION,WEIGHTED_ATM,2026-10-02,5,139,0.0,NONE,5131,4631,0,0,494,NONE,MN1;MN2;MN3;MN4;MN5;QMW;QRW;QTW;QWW,OK,NONE,NONE,2026-09-24
NAS,26000.0,-25998626.82519779,2.7955047735425644,0.0,0.0,0.0,0.0,0.0,0.0,31127.04129267234,30406.45870732766,31487.332585344684,30046.167414655316,DEC26,SEP26,2026-09-25,2026-12-18,30766.75,30793.940034634394,FOUND,DEGRADED,SPOT_MONTH_FALLBACK;ESTIMATED_EXPIRY_ALIAS,2026-08-02.2,PUT_CALL_PARITY,SEP26,OCT26=PUT_CALL_PARITY;SEP26=PUT_CALL_PARITY;NOV26=SERIES_FORWARD_CLUSTER;DEC29=SERIES_FORWARD_CLUSTER;DEC26=PUT_CALL_PARITY;MAR27=SERIES_FORWARD_CLUSTER;JUN27=PUT_CALL_PARITY;DEC28=PUT_CALL_PARITY;DEC27=PUT_CALL_PARITY;SEP27=SERIES_FORWARD_CLUSTER;JUN29=PUT_CALL_PARITY;DEC30=PUT_CALL_PARITY,OCT26=30756.75;SEP26=30766.75;NOV26=31843.125;DEC29=29950.15;DEC26=20089;MAR27=27605.125;JUN27=24445.125;DEC27=21056.75;SEP27=36064.25,DEC26=GLOBAL_REFERENCE_OUTLIER_PUT_CALL_PARITY;JUN27=GLOBAL_REFERENCE_OUTLIER_SERIES_FORWARD_CLUSTER;DEC28=GLOBAL_REFERENCE_NO_OBSERVATION;DEC27=GLOBAL_REFERENCE_OUTLIER_SERIES_FORWARD_CLUSTER;JUN29=GLOBAL_REFERENCE_NO_OBSERVATION;DEC30=GLOBAL_REFERENCE_NO_OBSERVATION,WEIGHTED_ATM,2026-10-02,5,139,0.0,NONE,5131,4631,0,0,494,NONE,MN1;MN2;MN3;MN4;MN5;QMW;QRW;QTW;QWW,OK,NONE,NONE,2026-09-24
NAS,26100.0,-319168.1555921255,0.033739502054244135,0.0,0.0,0.0,0.0,0.0,0.0,31127.04129267234,30406.45870732766,31487.332585344684,30046.167414655316,DEC26,SEP26,2026-09-25,2026-12-18,30766.75,30793.940034634394,FOUND,DEGRADED,SPOT_MONTH_FALLBACK;ESTIMATED_EXPIRY_ALIAS,2026-08-02.2,PUT_CALL_PARITY,SEP26,OCT26=PUT_CALL_PARITY;SEP26=PUT_CALL_PARITY;NOV26=SERIES_FORWARD_CLUSTER;DEC29=SERIES_FORWARD_CLUSTER;DEC26=PUT_CALL_PARITY;MAR27=SERIES_FORWARD_CLUSTER;JUN27=PUT_CALL_PARITY;DEC28=PUT_CALL_PARITY;DEC27=PUT_CALL_PARITY;SEP27=SERIES_FORWARD_CLUSTER;JUN29=PUT_CALL_PARITY;DEC30=PUT_CALL_PARITY,OCT26=30756.75;SEP26=30766.75;NOV26=31843.125;DEC29=29950.15;DEC26=20089;MAR27=27605.125;JUN27=24445.125;DEC27=21056.75;SEP27=36064.25,DEC26=GLOBAL_REFERENCE_OUTLIER_PUT_CALL_PARITY;JUN27=GLOBAL_REFERENCE_OUTLIER_SERIES_FORWARD_CLUSTER;DEC28=GLOBAL_REFERENCE_NO_OBSERVATION;DEC27=GLOBAL_REFERENCE_OUTLIER_SERIES_FORWARD_CLUSTER;JUN29=GLOBAL_REFERENCE_NO_OBSERVATION;DEC30=GLOBAL_REFERENCE_NO_OBSERVATION,WEIGHTED_ATM,2026-10-02,5,139,0.0,NONE,5131,4631,0,0,494,NONE,MN1;MN2;MN3;MN4;MN5;QMW;QRW;QTW;QWW,OK,NONE,NONE,2026-09-24
NAS,26200.0,-621873.73527376,0.06573873301935126,0.0,0.0,0.0,0.0,0.0,0.0,31127.04129267234,30406.45870732766,31487.332585344684,30046.167414655316,DEC26,SEP26,2026-09-25,2026-12-18,30766.75,30793.940034634394,FOUND,DEGRADED,SPOT_MONTH_FALLBACK;ESTIMATED_EXPIRY_ALIAS,2026-08-02.2,PUT_CALL_PARITY,SEP26,OCT26=PUT_CALL_PARITY;SEP26=PUT_CALL_PARITY;NOV26=SERIES_FORWARD_CLUSTER;DEC29=SERIES_FORWARD_CLUSTER;DEC26=PUT_CALL_PARITY;MAR27=SERIES_FORWARD_CLUSTER;JUN27=PUT_CALL_PARITY;DEC28=PUT_CALL_PARITY;DEC27=PUT_CALL_PARITY;SEP27=SERIES_FORWARD_CLUSTER;JUN29=PUT_CALL_PARITY;DEC30=PUT_CALL_PARITY,OCT26=30756.75;SEP26=30766.75;NOV26=31843.125;DEC29=29950.15;DEC26=20089;MAR27=27605.125;JUN27=24445.125;DEC27=21056.75;SEP27=36064.25,DEC26=GLOBAL_REFERENCE_OUTLIER_PUT_CALL_PARITY;JUN27=GLOBAL_REFERENCE_OUTLIER_SERIES_FORWARD_CLUSTER;DEC28=GLOBAL_REFERENCE_NO_OBSERVATION;DEC27=GLOBAL_REFERENCE_OUTLIER_SERIES_FORWARD_CLUSTER;JUN29=GLOBAL_REFERENCE_NO_OBSERVATION;DEC30=GLOBAL_REFERENCE_NO_OBSERVATION,WEIGHTED_ATM,2026-10-02,5,139,0.0,NONE,5131,4631,0,0,494,NONE,MN1;MN2;MN3;MN4;MN5;QMW;QRW;QTW;QWW,OK,NONE,NONE,2026-09-24
NAS,26250.0,-2734058.6726286495,0.29282538787523893,0.0,0.0,0.0,0.0,0.0,0.0,31127.04129267234,30406.45870732766,31487.332585344684,30046.167414655316,DEC26,SEP26,2026-09-25,2026-12-18,30766.75,30793.940034634394,FOUND,DEGRADED,SPOT_MONTH_FALLBACK;ESTIMATED_EXPIRY_ALIAS,2026-08-02.2,PUT_CALL_PARITY,SEP26,OCT26=PUT_CALL_PARITY;SEP26=PUT_CALL_PARITY;NOV26=SERIES_FORWARD_CLUSTER;DEC29=SERIES_FORWARD_CLUSTER;DEC26=PUT_CALL_PARITY;MAR27=SERIES_FORWARD_CLUSTER;JUN27=PUT_CALL_PARITY;DEC28=PUT_CALL_PARITY;DEC27=PUT_CALL_PARITY;SEP27=SERIES_FORWARD_CLUSTER;JUN29=PUT_CALL_PARITY;DEC30=PUT_CALL_PARITY,OCT26=30756.75;SEP26=30766.75;NOV26=31843.125;DEC29=29950.15;DEC26=20089;MAR27=27605.125;JUN27=24445.125;DEC27=21056.75;SEP27=36064.25,DEC26=GLOBAL_REFERENCE_OUTLIER_PUT_CALL_PARITY;JUN27=GLOBAL_REFERENCE_OUTLIER_SERIES_FORWARD_CLUSTER;DEC28=GLOBAL_REFERENCE_NO_OBSERVATION;DEC27=GLOBAL_REFERENCE_OUTLIER_SERIES_FORWARD_CLUSTER;JUN29=GLOBAL_REFERENCE_NO_OBSERVATION;DEC30=GLOBAL_REFERENCE_NO_OBSERVATION,WEIGHTED_ATM,2026-10-02,5,139,0.0,NONE,5131,4631,0,0,494,NONE,MN1;MN2;MN3;MN4;MN5;QMW;QRW;QTW;QWW,OK,NONE,NONE,2026-09-24
NAS,26300.0,-1469651.8142533975,0.15535798148168856,0.0,0.0,0.0,0.0,0.0,0.0,31127.04129267234,30406.45870732766,31487.332585344684,30046.167414655316,DEC26,SEP26,2026-09-25,2026-12-18,30766.75,30793.940034634394,FOUND,DEGRADED,SPOT_MONTH_FALLBACK;ESTIMATED_EXPIRY_ALIAS,2026-08-02.2,PUT_CALL_PARITY,SEP26,OCT26=PUT_CALL_PARITY;SEP26=PUT_CALL_PARITY;NOV26=SERIES_FORWARD_CLUSTER;DEC29=SERIES_FORWARD_CLUSTER;DEC26=PUT_CALL_PARITY;MAR27=SERIES_FORWARD_CLUSTER;JUN27=PUT_CALL_PARITY;DEC28=PUT_CALL_PARITY;DEC27=PUT_CALL_PARITY;SEP27=SERIES_FORWARD_CLUSTER;JUN29=PUT_CALL_PARITY;DEC30=PUT_CALL_PARITY,OCT26=30756.75;SEP26=30766.75;NOV26=31843.125;DEC29=29950.15;DEC26=20089;MAR27=27605.125;JUN27=24445.125;DEC27=21056.75;SEP27=36064.25,DEC26=GLOBAL_REFERENCE_OUTLIER_PUT_CALL_PARITY;JUN27=GLOBAL_REFERENCE_OUTLIER_SERIES_FORWARD_CLUSTER;DEC28=GLOBAL_REFERENCE_NO_OBSERVATION;DEC27=GLOBAL_REFERENCE_OUTLIER_SERIES_FORWARD_CLUSTER;JUN29=GLOBAL_REFERENCE_NO_OBSERVATION;DEC30=GLOBAL_REFERENCE_NO_OBSERVATION,WEIGHTED_ATM,2026-10-02,5,139,0.0,NONE,5131,4631,0,0,494,NONE,MN1;MN2;MN3;MN4;MN5;QMW;QRW;QTW;QWW,OK,NONE,NONE,2026-09-24
NAS,26350.0,-43509.07026068439,0.004599376033348959,0.0,0.0,0.0,0.0,0.0,0.0,31127.04129267234,30406.45870732766,31487.332585344684,30046.167414655316,DEC26,SEP26,2026-09-25,2026-12-18,30766.75,30793.940034634394,FOUND,DEGRADED,SPOT_MONTH_FALLBACK;ESTIMATED_EXPIRY_ALIAS,2026-08-02.2,PUT_CALL_PARITY,SEP26,OCT26=PUT_CALL_PARITY;SEP26=PUT_CALL_PARITY;NOV26=SERIES_FORWARD_CLUSTER;DEC29=SERIES_FORWARD_CLUSTER;DEC26=PUT_CALL_PARITY;MAR27=SERIES_FORWARD_CLUSTER;JUN27=PUT_CALL_PARITY;DEC28=PUT_CALL_PARITY;DEC27=PUT_CALL_PARITY;SEP27=SERIES_FORWARD_CLUSTER;JUN29=PUT_CALL_PARITY;DEC30=PUT_CALL_PARITY,OCT26=30756.75;SEP26=30766.75;NOV26=31843.125;DEC29=29950.15;DEC26=20089;MAR27=27605.125;JUN27=24445.125;DEC27=21056.75;SEP27=36064.25,DEC26=GLOBAL_REFERENCE_OUTLIER_PUT_CALL_PARITY;JUN27=GLOBAL_REFERENCE_OUTLIER_SERIES_FORWARD_CLUSTER;DEC28=GLOBAL_REFERENCE_NO_OBSERVATION;DEC27=GLOBAL_REFERENCE_OUTLIER_SERIES_FORWARD_CLUSTER;JUN29=GLOBAL_REFERENCE_NO_OBSERVATION;DEC30=GLOBAL_REFERENCE_NO_OBSERVATION,WEIGHTED_ATM,2026-10-02,5,139,0.0,NONE,5131,4631,0,0,494,NONE,MN1;MN2;MN3;MN4;MN5;QMW;QRW;QTW;QWW,OK,NONE,NONE,2026-09-24
NAS,26400.0,-1373656.762780216,0.14521027351136187,0.0,0.0,0.0,0.0,0.0,0.0,31127.04129267234,30406.45870732766,31487.332585344684,30046.167414655316,DEC26,SEP26,2026-09-25,2026-12-18,30766.75,30793.940034634394,FOUND,DEGRADED,SPOT_MONTH_FALLBACK;ESTIMATED_EXPIRY_ALIAS,2026-08-02.2,PUT_CALL_PARITY,SEP26,OCT26=PUT_CALL_PARITY;SEP26=PUT_CALL_PARITY;NOV26=SERIES_FORWARD_CLUSTER;DEC29=SERIES_FORWARD_CLUSTER;DEC26=PUT_CALL_PARITY;MAR27=SERIES_FORWARD_CLUSTER;JUN27=PUT_CALL_PARITY;DEC28=PUT_CALL_PARITY;DEC27=PUT_CALL_PARITY;SEP27=SERIES_FORWARD_CLUSTER;JUN29=PUT_CALL_PARITY;DEC30=PUT_CALL_PARITY,OCT26=30756.75;SEP26=30766.75;NOV26=31843.125;DEC29=29950.15;DEC26=20089;MAR27=27605.125;JUN27=24445.125;DEC27=21056.75;SEP27=36064.25,DEC26=GLOBAL_REFERENCE_OUTLIER_PUT_CALL_PARITY;JUN27=GLOBAL_REFERENCE_OUTLIER_SERIES_FORWARD_CLUSTER;DEC28=GLOBAL_REFERENCE_NO_OBSERVATION;DEC27=GLOBAL_REFERENCE_OUTLIER_SERIES_FORWARD_CLUSTER;JUN29=GLOBAL_REFERENCE_NO_OBSERVATION;DEC30=GLOBAL_REFERENCE_NO_OBSERVATION,WEIGHTED_ATM,2026-10-02,5,139,0.0,NONE,5131,4631,0,0,494,NONE,MN1;MN2;MN3;MN4;MN5;QMW;QRW;QTW;QWW,OK,NONE,NONE,2026-09-24
NAS,26450.0,-23625.80171818839,0.0024968476221741576,0.0,0.0,0.0,0.0,0.0,0.0,31127.04129267234,30406.45870732766,31487.332585344684,30046.167414655316,DEC26,SEP26,2026-09-25,2026-12-18,30766.75,30793.940034634394,FOUND,DEGRADED,SPOT_MONTH_FALLBACK;ESTIMATED_EXPIRY_ALIAS,2026-08-02.2,PUT_CALL_PARITY,SEP26,OCT26=PUT_CALL_PARITY;SEP26=PUT_CALL_PARITY;NOV26=SERIES_FORWARD_CLUSTER;DEC29=SERIES_FORWARD_CLUSTER;DEC26=PUT_CALL_PARITY;MAR27=SERIES_FORWARD_CLUSTER;JUN27=PUT_CALL_PARITY;DEC28=PUT_CALL_PARITY;DEC27=PUT_CALL_PARITY;SEP27=SERIES_FORWARD_CLUSTER;JUN29=PUT_CALL_PARITY;DEC30=PUT_CALL_PARITY,OCT26=30756.75;SEP26=30766.75;NOV26=31843.125;DEC29=29950.15;DEC26=20089;MAR27=27605.125;JUN27=24445.125;DEC27=21056.75;SEP27=36064.25,DEC26=GLOBAL_REFERENCE_OUTLIER_PUT_CALL_PARITY;JUN27=GLOBAL_REFERENCE_OUTLIER_SERIES_FORWARD_CLUSTER;DEC28=GLOBAL_REFERENCE_NO_OBSERVATION;DEC27=GLOBAL_REFERENCE_OUTLIER_SERIES_FORWARD_CLUSTER;JUN29=GLOBAL_REFERENCE_NO_OBSERVATION;DEC30=GLOBAL_REFERENCE_NO_OBSERVATION,WEIGHTED_ATM,2026-10-02,5,139,0.0,NONE,5131,4631,0,0,494,NONE,MN1;MN2;MN3;MN4;MN5;QMW;QRW;QTW;QWW,OK,NONE,NONE,2026-09-24
NAS,26500.0,-11930413.9264638,1.3385276947928755,0.0,0.0,0.0,0.0,0.0,0.0,31127.04129267234,30406.45870732766,31487.332585344684,30046.167414655316,DEC26,SEP26,2026-09-25,2026-12-18,30766.75,30793.940034634394,FOUND,DEGRADED,SPOT_MONTH_FALLBACK;ESTIMATED_EXPIRY_ALIAS,2026-08-02.2,PUT_CALL_PARITY,SEP26,OCT26=PUT_CALL_PARITY;SEP26=PUT_CALL_PARITY;NOV26=SERIES_FORWARD_CLUSTER;DEC29=SERIES_FORWARD_CLUSTER;DEC26=PUT_CALL_PARITY;MAR27=SERIES_FORWARD_CLUSTER;JUN27=PUT_CALL_PARITY;DEC28=PUT_CALL_PARITY;DEC27=PUT_CALL_PARITY;SEP27=SERIES_FORWARD_CLUSTER;JUN29=PUT_CALL_PARITY;DEC30=PUT_CALL_PARITY,OCT26=30756.75;SEP26=30766.75;NOV26=31843.125;DEC29=29950.15;DEC26=20089;MAR27=27605.125;JUN27=24445.125;DEC27=21056.75;SEP27=36064.25,DEC26=GLOBAL_REFERENCE_OUTLIER_PUT_CALL_PARITY;JUN27=GLOBAL_REFERENCE_OUTLIER_SERIES_FORWARD_CLUSTER;DEC28=GLOBAL_REFERENCE_NO_OBSERVATION;DEC27=GLOBAL_REFERENCE_OUTLIER_SERIES_FORWARD_CLUSTER;JUN29=GLOBAL_REFERENCE_NO_OBSERVATION;DEC30=GLOBAL_REFERENCE_NO_OBSERVATION,WEIGHTED_ATM,2026-10-02,5,139,0.0,NONE,5131,4631,0,0,494,NONE,MN1;MN2;MN3;MN4;MN5;QMW;QRW;QTW;QWW,OK,NONE,NONE,2026-09-24
NAS,26550.0,-58043.706012686554,0.012216899697257514,0.0,0.0,0.0,0.0,0.0,0.0,31127.04129267234,30406.45870732766,31487.332585344684,30046.167414655316,DEC26,SEP26,2026-09-25,2026-12-18,30766.75,30793.940034634394,FOUND,DEGRADED,SPOT_MONTH_FALLBACK;ESTIMATED_EXPIRY_ALIAS,2026-08-02.2,PUT_CALL_PARITY,SEP26,OCT26=PUT_CALL_PARITY;SEP26=PUT_CALL_PARITY;NOV26=SERIES_FORWARD_CLUSTER;DEC29=SERIES_FORWARD_CLUSTER;DEC26=PUT_CALL_PARITY;MAR27=SERIES_FORWARD_CLUSTER;JUN27=PUT_CALL_PARITY;DEC28=PUT_CALL_PARITY;DEC27=PUT_CALL_PARITY;SEP27=SERIES_FORWARD_CLUSTER;JUN29=PUT_CALL_PARITY;DEC30=PUT_CALL_PARITY,OCT26=30756.75;SEP26=30766.75;NOV26=31843.125;DEC29=29950.15;DEC26=20089;MAR27=27605.125;JUN27=24445.125;DEC27=21056.75;SEP27=36064.25,DEC26=GLOBAL_REFERENCE_OUTLIER_PUT_CALL_PARITY;JUN27=GLOBAL_REFERENCE_OUTLIER_SERIES_FORWARD_CLUSTER;DEC28=GLOBAL_REFERENCE_NO_OBSERVATION;DEC27=GLOBAL_REFERENCE_OUTLIER_SERIES_FORWARD_CLUSTER;JUN29=GLOBAL_REFERENCE_NO_OBSERVATION;DEC30=GLOBAL_REFERENCE_NO_OBSERVATION,WEIGHTED_ATM,2026-10-02,5,139,0.0,NONE,5131,4631,0,0,494,NONE,MN1;MN2;MN3;MN4;MN5;QMW;QRW;QTW;QWW,OK,NONE,NONE,2026-09-24
NAS,26600.0,-560076.7405790797,0.06031640441914363,0.0,0.0,0.0,0.0,0.0,0.0,31127.04129267234,30406.45870732766,31487.332585344684,30046.167414655316,DEC26,SEP26,2026-09-25,2026-12-18,30766.75,30793.940034634394,FOUND,DEGRADED,SPOT_MONTH_FALLBACK;ESTIMATED_EXPIRY_ALIAS,2026-08-02.2,PUT_CALL_PARITY,SEP26,OCT26=PUT_CALL_PARITY;SEP26=PUT_CALL_PARITY;NOV26=SERIES_FORWARD_CLUSTER;DEC29=SERIES_FORWARD_CLUSTER;DEC26=PUT_CALL_PARITY;MAR27=SERIES_FORWARD_CLUSTER;JUN27=PUT_CALL_PARITY;DEC28=PUT_CALL_PARITY;DEC27=PUT_CALL_PARITY;SEP27=SERIES_FORWARD_CLUSTER;JUN29=PUT_CALL_PARITY;DEC30=PUT_CALL_PARITY,OCT26=30756.75;SEP26=30766.75;NOV26=31843.125;DEC29=29950.15;DEC26=20089;MAR27=27605.125;JUN27=24445.125;DEC27=21056.75;SEP27=36064.25,DEC26=GLOBAL_REFERENCE_OUTLIER_PUT_CALL_PARITY;JUN27=GLOBAL_REFERENCE_OUTLIER_SERIES_FORWARD_CLUSTER;DEC28=GLOBAL_REFERENCE_NO_OBSERVATION;DEC27=GLOBAL_REFERENCE_OUTLIER_SERIES_FORWARD_CLUSTER;JUN29=GLOBAL_REFERENCE_NO_OBSERVATION;DEC30=GLOBAL_REFERENCE_NO_OBSERVATION,WEIGHTED_ATM,2026-10-02,5,139,0.0,NONE,5131,4631,0,0,494,NONE,MN1;MN2;MN3;MN4;MN5;QMW;QRW;QTW;QWW,OK,NONE,NONE,2026-09-24
NAS,26650.0,-84504.82498312772,0.008933067620177463,0.0,0.0,0.0,0.0,0.0,0.0,31127.04129267234,30406.45870732766,31487.332585344684,30046.167414655316,DEC26,SEP26,2026-09-25,2026-12-18,30766.75,30793.940034634394,FOUND,DEGRADED,SPOT_MONTH_FALLBACK;ESTIMATED_EXPIRY_ALIAS,2026-08-02.2,PUT_CALL_PARITY,SEP26,OCT26=PUT_CALL_PARITY;SEP26=PUT_CALL_PARITY;NOV26=SERIES_FORWARD_CLUSTER;DEC29=SERIES_FORWARD_CLUSTER;DEC26=PUT_CALL_PARITY;MAR27=SERIES_FORWARD_CLUSTER;JUN27=PUT_CALL_PARITY;DEC28=PUT_CALL_PARITY;DEC27=PUT_CALL_PARITY;SEP27=SERIES_FORWARD_CLUSTER;JUN29=PUT_CALL_PARITY;DEC30=PUT_CALL_PARITY,OCT26=30756.75;SEP26=30766.75;NOV26=31843.125;DEC29=29950.15;DEC26=20089;MAR27=27605.125;JUN27=24445.125;DEC27=21056.75;SEP27=36064.25,DEC26=GLOBAL_REFERENCE_OUTLIER_PUT_CALL_PARITY;JUN27=GLOBAL_REFERENCE_OUTLIER_SERIES_FORWARD_CLUSTER;DEC28=GLOBAL_REFERENCE_NO_OBSERVATION;DEC27=GLOBAL_REFERENCE_OUTLIER_SERIES_FORWARD_CLUSTER;JUN29=GLOBAL_REFERENCE_NO_OBSERVATION;DEC30=GLOBAL_REFERENCE_NO_OBSERVATION,WEIGHTED_ATM,2026-10-02,5,139,0.0,NONE,5131,4631,0,0,494,NONE,MN1;MN2;MN3;MN4;MN5;QMW;QRW;QTW;QWW,OK,NONE,NONE,2026-09-24
NAS,26700.0,-1126499.8167126777,0.11908312973633246,0.0,0.0,0.0,0.0,0.0,0.0,31127.04129267234,30406.45870732766,31487.332585344684,30046.167414655316,DEC26,SEP26,2026-09-25,2026-12-18,30766.75,30793.940034634394,FOUND,DEGRADED,SPOT_MONTH_FALLBACK;ESTIMATED_EXPIRY_ALIAS,2026-08-02.2,PUT_CALL_PARITY,SEP26,OCT26=PUT_CALL_PARITY;SEP26=PUT_CALL_PARITY;NOV26=SERIES_FORWARD_CLUSTER;DEC29=SERIES_FORWARD_CLUSTER;DEC26=PUT_CALL_PARITY;MAR27=SERIES_FORWARD_CLUSTER;JUN27=PUT_CALL_PARITY;DEC28=PUT_CALL_PARITY;DEC27=PUT_CALL_PARITY;SEP27=SERIES_FORWARD_CLUSTER;JUN29=PUT_CALL_PARITY;DEC30=PUT_CALL_PARITY,OCT26=30756.75;SEP26=30766.75;NOV26=31843.125;DEC29=29950.15;DEC26=20089;MAR27=27605.125;JUN27=24445.125;DEC27=21056.75;SEP27=36064.25,DEC26=GLOBAL_REFERENCE_OUTLIER_PUT_CALL_PARITY;JUN27=GLOBAL_REFERENCE_OUTLIER_SERIES_FORWARD_CLUSTER;DEC28=GLOBAL_REFERENCE_NO_OBSERVATION;DEC27=GLOBAL_REFERENCE_OUTLIER_SERIES_FORWARD_CLUSTER;JUN29=GLOBAL_REFERENCE_NO_OBSERVATION;DEC30=GLOBAL_REFERENCE_NO_OBSERVATION,WEIGHTED_ATM,2026-10-02,5,139,0.0,NONE,5131,4631,0,0,494,NONE,MN1;MN2;MN3;MN4;MN5;QMW;QRW;QTW;QWW,OK,NONE,NONE,2026-09-24
NAS,26750.0,-5029257.335775029,0.5369445250743403,0.0,0.0,0.0,0.0,0.0,0.0,31127.04129267234,30406.45870732766,31487.332585344684,30046.167414655316,DEC26,SEP26,2026-09-25,2026-12-18,30766.75,30793.940034634394,FOUND,DEGRADED,SPOT_MONTH_FALLBACK;ESTIMATED_EXPIRY_ALIAS,2026-08-02.2,PUT_CALL_PARITY,SEP26,OCT26=PUT_CALL_PARITY;SEP26=PUT_CALL_PARITY;NOV26=SERIES_FORWARD_CLUSTER;DEC29=SERIES_FORWARD_CLUSTER;DEC26=PUT_CALL_PARITY;MAR27=SERIES_FORWARD_CLUSTER;JUN27=PUT_CALL_PARITY;DEC28=PUT_CALL_PARITY;DEC27=PUT_CALL_PARITY;SEP27=SERIES_FORWARD_CLUSTER;JUN29=PUT_CALL_PARITY;DEC30=PUT_CALL_PARITY,OCT26=30756.75;SEP26=30766.75;NOV26=31843.125;DEC29=29950.15;DEC26=20089;MAR27=27605.125;JUN27=24445.125;DEC27=21056.75;SEP27=36064.25,DEC26=GLOBAL_REFERENCE_OUTLIER_PUT_CALL_PARITY;JUN27=GLOBAL_REFERENCE_OUTLIER_SERIES_FORWARD_CLUSTER;DEC28=GLOBAL_REFERENCE_NO_OBSERVATION;DEC27=GLOBAL_REFERENCE_OUTLIER_SERIES_FORWARD_CLUSTER;JUN29=GLOBAL_REFERENCE_NO_OBSERVATION;DEC30=GLOBAL_REFERENCE_NO_OBSERVATION,WEIGHTED_ATM,2026-10-02,5,139,0.0,NONE,5131,4631,0,0,494,NONE,MN1;MN2;MN3;MN4;MN5;QMW;QRW;QTW;QWW,OK,NONE,NONE,2026-09-24
NAS,26800.0,-2663093.072881667,0.28151754060940265,0.0,0.0,0.0,0.0,0.0,0.0,31127.04129267234,30406.45870732766,31487.332585344684,30046.167414655316,DEC26,SEP26,2026-09-25,2026-12-18,30766.75,30793.940034634394,FOUND,DEGRADED,SPOT_MONTH_FALLBACK;ESTIMATED_EXPIRY_ALIAS,2026-08-02.2,PUT_CALL_PARITY,SEP26,OCT26=PUT_CALL_PARITY;SEP26=PUT_CALL_PARITY;NOV26=SERIES_FORWARD_CLUSTER;DEC29=SERIES_FORWARD_CLUSTER;DEC26=PUT_CALL_PARITY;MAR27=SERIES_FORWARD_CLUSTER;JUN27=PUT_CALL_PARITY;DEC28=PUT_CALL_PARITY;DEC27=PUT_CALL_PARITY;SEP27=SERIES_FORWARD_CLUSTER;JUN29=PUT_CALL_PARITY;DEC30=PUT_CALL_PARITY,OCT26=30756.75;SEP26=30766.75;NOV26=31843.125;DEC29=29950.15;DEC26=20089;MAR27=27605.125;JUN27=24445.125;DEC27=21056.75;SEP27=36064.25,DEC26=GLOBAL_REFERENCE_OUTLIER_PUT_CALL_PARITY;JUN27=GLOBAL_REFERENCE_OUTLIER_SERIES_FORWARD_CLUSTER;DEC28=GLOBAL_REFERENCE_NO_OBSERVATION;DEC27=GLOBAL_REFERENCE_OUTLIER_SERIES_FORWARD_CLUSTER;JUN29=GLOBAL_REFERENCE_NO_OBSERVATION;DEC30=GLOBAL_REFERENCE_NO_OBSERVATION,WEIGHTED_ATM,2026-10-02,5,139,0.0,NONE,5131,4631,0,0,494,NONE,MN1;MN2;MN3;MN4;MN5;QMW;QRW;QTW;QWW,OK,NONE,NONE,2026-09-24
NAS,26850.0,-62297.644057464,0.0065855300813200375,0.0,0.0,0.0,0.0,0.0,0.0,31127.04129267234,30406.45870732766,31487.332585344684,30046.167414655316,DEC26,SEP26,2026-09-25,2026-12-18,30766.75,30793.940034634394,FOUND,DEGRADED,SPOT_MONTH_FALLBACK;ESTIMATED_EXPIRY_ALIAS,2026-08-02.2,PUT_CALL_PARITY,SEP26,OCT26=PUT_CALL_PARITY;SEP26=PUT_CALL_PARITY;NOV26=SERIES_FORWARD_CLUSTER;DEC29=SERIES_FORWARD_CLUSTER;DEC26=PUT_CALL_PARITY;MAR27=SERIES_FORWARD_CLUSTER;JUN27=PUT_CALL_PARITY;DEC28=PUT_CALL_PARITY;DEC27=PUT_CALL_PARITY;SEP27=SERIES_FORWARD_CLUSTER;JUN29=PUT_CALL_PARITY;DEC30=PUT_CALL_PARITY,OCT26=30756.75;SEP26=30766.75;NOV26=31843.125;DEC29=29950.15;DEC26=20089;MAR27=27605.125;JUN27=24445.125;DEC27=21056.75;SEP27=36064.25,DEC26=GLOBAL_REFERENCE_OUTLIER_PUT_CALL_PARITY;JUN27=GLOBAL_REFERENCE_OUTLIER_SERIES_FORWARD_CLUSTER;DEC28=GLOBAL_REFERENCE_NO_OBSERVATION;DEC27=GLOBAL_REFERENCE_OUTLIER_SERIES_FORWARD_CLUSTER;JUN29=GLOBAL_REFERENCE_NO_OBSERVATION;DEC30=GLOBAL_REFERENCE_NO_OBSERVATION,WEIGHTED_ATM,2026-10-02,5,139,0.0,NONE,5131,4631,0,0,494,NONE,MN1;MN2;MN3;MN4;MN5;QMW;QRW;QTW;QWW,OK,NONE,NONE,2026-09-24
NAS,26900.0,-1264136.8405039872,0.13363281057313828,0.0,0.0,0.0,0.0,0.0,0.0,31127.04129267234,30406.45870732766,31487.332585344684,30046.167414655316,DEC26,SEP26,2026-09-25,2026-12-18,30766.75,30793.940034634394,FOUND,DEGRADED,SPOT_MONTH_FALLBACK;ESTIMATED_EXPIRY_ALIAS,2026-08-02.2,PUT_CALL_PARITY,SEP26,OCT26=PUT_CALL_PARITY;SEP26=PUT_CALL_PARITY;NOV26=SERIES_FORWARD_CLUSTER;DEC29=SERIES_FORWARD_CLUSTER;DEC26=PUT_CALL_PARITY;MAR27=SERIES_FORWARD_CLUSTER;JUN27=PUT_CALL_PARITY;DEC28=PUT_CALL_PARITY;DEC27=PUT_CALL_PARITY;SEP27=SERIES_FORWARD_CLUSTER;JUN29=PUT_CALL_PARITY;DEC30=PUT_CALL_PARITY,OCT26=30756.75;SEP26=30766.75;NOV26=31843.125;DEC29=29950.15;DEC26=20089;MAR27=27605.125;JUN27=24445.125;DEC27=21056.75;SEP27=36064.25,DEC26=GLOBAL_REFERENCE_OUTLIER_PUT_CALL_PARITY;JUN27=GLOBAL_REFERENCE_OUTLIER_SERIES_FORWARD_CLUSTER;DEC28=GLOBAL_REFERENCE_NO_OBSERVATION;DEC27=GLOBAL_REFERENCE_OUTLIER_SERIES_FORWARD_CLUSTER;JUN29=GLOBAL_REFERENCE_NO_OBSERVATION;DEC30=GLOBAL_REFERENCE_NO_OBSERVATION,WEIGHTED_ATM,2026-10-02,5,139,0.0,NONE,5131,4631,0,0,494,NONE,MN1;MN2;MN3;MN4;MN5;QMW;QRW;QTW;QWW,OK,NONE,NONE,2026-09-24
NAS,26950.0,-27293.482847791347,0.0028852142811745243,0.0,0.0,0.0,0.0,0.0,0.0,31127.04129267234,30406.45870732766,31487.332585344684,30046.167414655316,DEC26,SEP26,2026-09-25,2026-12-18,30766.75,30793.940034634394,FOUND,DEGRADED,SPOT_MONTH_FALLBACK;ESTIMATED_EXPIRY_ALIAS,2026-08-02.2,PUT_CALL_PARITY,SEP26,OCT26=PUT_CALL_PARITY;SEP26=PUT_CALL_PARITY;NOV26=SERIES_FORWARD_CLUSTER;DEC29=SERIES_FORWARD_CLUSTER;DEC26=PUT_CALL_PARITY;MAR27=SERIES_FORWARD_CLUSTER;JUN27=PUT_CALL_PARITY;DEC28=PUT_CALL_PARITY;DEC27=PUT_CALL_PARITY;SEP27=SERIES_FORWARD_CLUSTER;JUN29=PUT_CALL_PARITY;DEC30=PUT_CALL_PARITY,OCT26=30756.75;SEP26=30766.75;NOV26=31843.125;DEC29=29950.15;DEC26=20089;MAR27=27605.125;JUN27=24445.125;DEC27=21056.75;SEP27=36064.25,DEC26=GLOBAL_REFERENCE_OUTLIER_PUT_CALL_PARITY;JUN27=GLOBAL_REFERENCE_OUTLIER_SERIES_FORWARD_CLUSTER;DEC28=GLOBAL_REFERENCE_NO_OBSERVATION;DEC27=GLOBAL_REFERENCE_OUTLIER_SERIES_FORWARD_CLUSTER;JUN29=GLOBAL_REFERENCE_NO_OBSERVATION;DEC30=GLOBAL_REFERENCE_NO_OBSERVATION,WEIGHTED_ATM,2026-10-02,5,139,0.0,NONE,5131,4631,0,0,494,NONE,MN1;MN2;MN3;MN4;MN5;QMW;QRW;QTW;QWW,OK,NONE,NONE,2026-09-24
NAS,27000.0,-23187878.401200607,2.6098046430543227,0.0,0.0,0.0,0.0,0.0,0.0,31127.04129267234,30406.45870732766,31487.332585344684,30046.167414655316,DEC26,SEP26,2026-09-25,2026-12-18,30766.75,30793.940034634394,FOUND,DEGRADED,SPOT_MONTH_FALLBACK;ESTIMATED_EXPIRY_ALIAS,2026-08-02.2,PUT_CALL_PARITY,SEP26,OCT26=PUT_CALL_PARITY;SEP26=PUT_CALL_PARITY;NOV26=SERIES_FORWARD_CLUSTER;DEC29=SERIES_FORWARD_CLUSTER;DEC26=PUT_CALL_PARITY;MAR27=SERIES_FORWARD_CLUSTER;JUN27=PUT_CALL_PARITY;DEC28=PUT_CALL_PARITY;DEC27=PUT_CALL_PARITY;SEP27=SERIES_FORWARD_CLUSTER;JUN29=PUT_CALL_PARITY;DEC30=PUT_CALL_PARITY,OCT26=30756.75;SEP26=30766.75;NOV26=31843.125;DEC29=29950.15;DEC26=20089;MAR27=27605.125;JUN27=24445.125;DEC27=21056.75;SEP27=36064.25,DEC26=GLOBAL_REFERENCE_OUTLIER_PUT_CALL_PARITY;JUN27=GLOBAL_REFERENCE_OUTLIER_SERIES_FORWARD_CLUSTER;DEC28=GLOBAL_REFERENCE_NO_OBSERVATION;DEC27=GLOBAL_REFERENCE_OUTLIER_SERIES_FORWARD_CLUSTER;JUN29=GLOBAL_REFERENCE_NO_OBSERVATION;DEC30=GLOBAL_REFERENCE_NO_OBSERVATION,WEIGHTED_ATM,2026-10-02,5,139,0.0,NONE,5131,4631,0,0,494,NONE,MN1;MN2;MN3;MN4;MN5;QMW;QRW;QTW;QWW,OK,NONE,NONE,2026-09-24
NAS,27050.0,-51457.55924464961,0.005439480932242188,0.0,0.0,0.0,0.0,0.0,0.0,31127.04129267234,30406.45870732766,31487.332585344684,30046.167414655316,DEC26,SEP26,2026-09-25,2026-12-18,30766.75,30793.940034634394,FOUND,DEGRADED,SPOT_MONTH_FALLBACK;ESTIMATED_EXPIRY_ALIAS,2026-08-02.2,PUT_CALL_PARITY,SEP26,OCT26=PUT_CALL_PARITY;SEP26=PUT_CALL_PARITY;NOV26=SERIES_FORWARD_CLUSTER;DEC29=SERIES_FORWARD_CLUSTER;DEC26=PUT_CALL_PARITY;MAR27=SERIES_FORWARD_CLUSTER;JUN27=PUT_CALL_PARITY;DEC28=PUT_CALL_PARITY;DEC27=PUT_CALL_PARITY;SEP27=SERIES_FORWARD_CLUSTER;JUN29=PUT_CALL_PARITY;DEC30=PUT_CALL_PARITY,OCT26=30756.75;SEP26=30766.75;NOV26=31843.125;DEC29=29950.15;DEC26=20089;MAR27=27605.125;JUN27=24445.125;DEC27=21056.75;SEP27=36064.25,DEC26=GLOBAL_REFERENCE_OUTLIER_PUT_CALL_PARITY;JUN27=GLOBAL_REFERENCE_OUTLIER_SERIES_FORWARD_CLUSTER;DEC28=GLOBAL_REFERENCE_NO_OBSERVATION;DEC27=GLOBAL_REFERENCE_OUTLIER_SERIES_FORWARD_CLUSTER;JUN29=GLOBAL_REFERENCE_NO_OBSERVATION;DEC30=GLOBAL_REFERENCE_NO_OBSERVATION,WEIGHTED_ATM,2026-10-02,5,139,0.0,NONE,5131,4631,0,0,494,NONE,MN1;MN2;MN3;MN4;MN5;QMW;QRW;QTW;QWW,OK,NONE,NONE,2026-09-24
NAS,27100.0,-1082607.032681934,0.13359128350988603,0.0,0.0,0.0,0.0,0.0,0.0,31127.04129267234,30406.45870732766,31487.332585344684,30046.167414655316,DEC26,SEP26,2026-09-25,2026-12-18,30766.75,30793.940034634394,FOUND,DEGRADED,SPOT_MONTH_FALLBACK;ESTIMATED_EXPIRY_ALIAS,2026-08-02.2,PUT_CALL_PARITY,SEP26,OCT26=PUT_CALL_PARITY;SEP26=PUT_CALL_PARITY;NOV26=SERIES_FORWARD_CLUSTER;DEC29=SERIES_FORWARD_CLUSTER;DEC26=PUT_CALL_PARITY;MAR27=SERIES_FORWARD_CLUSTER;JUN27=PUT_CALL_PARITY;DEC28=PUT_CALL_PARITY;DEC27=PUT_CALL_PARITY;SEP27=SERIES_FORWARD_CLUSTER;JUN29=PUT_CALL_PARITY;DEC30=PUT_CALL_PARITY,OCT26=30756.75;SEP26=30766.75;NOV26=31843.125;DEC29=29950.15;DEC26=20089;MAR27=27605.125;JUN27=24445.125;DEC27=21056.75;SEP27=36064.25,DEC26=GLOBAL_REFERENCE_OUTLIER_PUT_CALL_PARITY;JUN27=GLOBAL_REFERENCE_OUTLIER_SERIES_FORWARD_CLUSTER;DEC28=GLOBAL_REFERENCE_NO_OBSERVATION;DEC27=GLOBAL_REFERENCE_OUTLIER_SERIES_FORWARD_CLUSTER;JUN29=GLOBAL_REFERENCE_NO_OBSERVATION;DEC30=GLOBAL_REFERENCE_NO_OBSERVATION,WEIGHTED_ATM,2026-10-02,5,139,0.0,NONE,5131,4631,0,0,494,NONE,MN1;MN2;MN3;MN4;MN5;QMW;QRW;QTW;QWW,OK,NONE,NONE,2026-09-24
NAS,27150.0,-34829.89889434159,0.0036817346389832295,0.0,0.0,0.0,0.0,0.0,0.0,31127.04129267234,30406.45870732766,31487.332585344684,30046.167414655316,DEC26,SEP26,2026-09-25,2026-12-18,30766.75,30793.940034634394,FOUND,DEGRADED,SPOT_MONTH_FALLBACK;ESTIMATED_EXPIRY_ALIAS,2026-08-02.2,PUT_CALL_PARITY,SEP26,OCT26=PUT_CALL_PARITY;SEP26=PUT_CALL_PARITY;NOV26=SERIES_FORWARD_CLUSTER;DEC29=SERIES_FORWARD_CLUSTER;DEC26=PUT_CALL_PARITY;MAR27=SERIES_FORWARD_CLUSTER;JUN27=PUT_CALL_PARITY;DEC28=PUT_CALL_PARITY;DEC27=PUT_CALL_PARITY;SEP27=SERIES_FORWARD_CLUSTER;JUN29=PUT_CALL_PARITY;DEC30=PUT_CALL_PARITY,OCT26=30756.75;SEP26=30766.75;NOV26=31843.125;DEC29=29950.15;DEC26=20089;MAR27=27605.125;JUN27=24445.125;DEC27=21056.75;SEP27=36064.25,DEC26=GLOBAL_REFERENCE_OUTLIER_PUT_CALL_PARITY;JUN27=GLOBAL_REFERENCE_OUTLIER_SERIES_FORWARD_CLUSTER;DEC28=GLOBAL_REFERENCE_NO_OBSERVATION;DEC27=GLOBAL_REFERENCE_OUTLIER_SERIES_FORWARD_CLUSTER;JUN29=GLOBAL_REFERENCE_NO_OBSERVATION;DEC30=GLOBAL_REFERENCE_NO_OBSERVATION,WEIGHTED_ATM,2026-10-02,5,139,0.0,NONE,5131,4631,0,0,494,NONE,MN1;MN2;MN3;MN4;MN5;QMW;QRW;QTW;QWW,OK,NONE,NONE,2026-09-24
NAS,27200.0,-1261556.7282446933,0.2589817453521927,0.0,0.0,0.0,0.0,0.0,0.0,31127.04129267234,30406.45870732766,31487.332585344684,30046.167414655316,DEC26,SEP26,2026-09-25,2026-12-18,30766.75,30793.940034634394,FOUND,DEGRADED,SPOT_MONTH_FALLBACK;ESTIMATED_EXPIRY_ALIAS,2026-08-02.2,PUT_CALL_PARITY,SEP26,OCT26=PUT_CALL_PARITY;SEP26=PUT_CALL_PARITY;NOV26=SERIES_FORWARD_CLUSTER;DEC29=SERIES_FORWARD_CLUSTER;DEC26=PUT_CALL_PARITY;MAR27=SERIES_FORWARD_CLUSTER;JUN27=PUT_CALL_PARITY;DEC28=PUT_CALL_PARITY;DEC27=PUT_CALL_PARITY;SEP27=SERIES_FORWARD_CLUSTER;JUN29=PUT_CALL_PARITY;DEC30=PUT_CALL_PARITY,OCT26=30756.75;SEP26=30766.75;NOV26=31843.125;DEC29=29950.15;DEC26=20089;MAR27=27605.125;JUN27=24445.125;DEC27=21056.75;SEP27=36064.25,DEC26=GLOBAL_REFERENCE_OUTLIER_PUT_CALL_PARITY;JUN27=GLOBAL_REFERENCE_OUTLIER_SERIES_FORWARD_CLUSTER;DEC28=GLOBAL_REFERENCE_NO_OBSERVATION;DEC27=GLOBAL_REFERENCE_OUTLIER_SERIES_FORWARD_CLUSTER;JUN29=GLOBAL_REFERENCE_NO_OBSERVATION;DEC30=GLOBAL_REFERENCE_NO_OBSERVATION,WEIGHTED_ATM,2026-10-02,5,139,0.0,NONE,5131,4631,0,0,494,NONE,MN1;MN2;MN3;MN4;MN5;QMW;QRW;QTW;QWW,OK,NONE,NONE,2026-09-24
NAS,27250.0,-8187296.075330616,0.9027571183112255,0.0,0.0,0.0,0.0,0.0,0.0,31127.04129267234,30406.45870732766,31487.332585344684,30046.167414655316,DEC26,SEP26,2026-09-25,2026-12-18,30766.75,30793.940034634394,FOUND,DEGRADED,SPOT_MONTH_FALLBACK;ESTIMATED_EXPIRY_ALIAS,2026-08-02.2,PUT_CALL_PARITY,SEP26,OCT26=PUT_CALL_PARITY;SEP26=PUT_CALL_PARITY;NOV26=SERIES_FORWARD_CLUSTER;DEC29=SERIES_FORWARD_CLUSTER;DEC26=PUT_CALL_PARITY;MAR27=SERIES_FORWARD_CLUSTER;JUN27=PUT_CALL_PARITY;DEC28=PUT_CALL_PARITY;DEC27=PUT_CALL_PARITY;SEP27=SERIES_FORWARD_CLUSTER;JUN29=PUT_CALL_PARITY;DEC30=PUT_CALL_PARITY,OCT26=30756.75;SEP26=30766.75;NOV26=31843.125;DEC29=29950.15;DEC26=20089;MAR27=27605.125;JUN27=24445.125;DEC27=21056.75;SEP27=36064.25,DEC26=GLOBAL_REFERENCE_OUTLIER_PUT_CALL_PARITY;JUN27=GLOBAL_REFERENCE_OUTLIER_SERIES_FORWARD_CLUSTER;DEC28=GLOBAL_REFERENCE_NO_OBSERVATION;DEC27=GLOBAL_REFERENCE_OUTLIER_SERIES_FORWARD_CLUSTER;JUN29=GLOBAL_REFERENCE_NO_OBSERVATION;DEC30=GLOBAL_REFERENCE_NO_OBSERVATION,WEIGHTED_ATM,2026-10-02,5,139,0.0,NONE,5131,4631,0,0,494,NONE,MN1;MN2;MN3;MN4;MN5;QMW;QRW;QTW;QWW,OK,NONE,NONE,2026-09-24
NAS,27300.0,-1810573.0979963003,0.19139389197578763,0.0,0.0,0.0,0.0,0.0,0.0,31127.04129267234,30406.45870732766,31487.332585344684,30046.167414655316,DEC26,SEP26,2026-09-25,2026-12-18,30766.75,30793.940034634394,FOUND,DEGRADED,SPOT_MONTH_FALLBACK;ESTIMATED_EXPIRY_ALIAS,2026-08-02.2,PUT_CALL_PARITY,SEP26,OCT26=PUT_CALL_PARITY;SEP26=PUT_CALL_PARITY;NOV26=SERIES_FORWARD_CLUSTER;DEC29=SERIES_FORWARD_CLUSTER;DEC26=PUT_CALL_PARITY;MAR27=SERIES_FORWARD_CLUSTER;JUN27=PUT_CALL_PARITY;DEC28=PUT_CALL_PARITY;DEC27=PUT_CALL_PARITY;SEP27=SERIES_FORWARD_CLUSTER;JUN29=PUT_CALL_PARITY;DEC30=PUT_CALL_PARITY,OCT26=30756.75;SEP26=30766.75;NOV26=31843.125;DEC29=29950.15;DEC26=20089;MAR27=27605.125;JUN27=24445.125;DEC27=21056.75;SEP27=36064.25,DEC26=GLOBAL_REFERENCE_OUTLIER_PUT_CALL_PARITY;JUN27=GLOBAL_REFERENCE_OUTLIER_SERIES_FORWARD_CLUSTER;DEC28=GLOBAL_REFERENCE_NO_OBSERVATION;DEC27=GLOBAL_REFERENCE_OUTLIER_SERIES_FORWARD_CLUSTER;JUN29=GLOBAL_REFERENCE_NO_OBSERVATION;DEC30=GLOBAL_REFERENCE_NO_OBSERVATION,WEIGHTED_ATM,2026-10-02,5,139,0.0,NONE,5131,4631,0,0,494,NONE,MN1;MN2;MN3;MN4;MN5;QMW;QRW;QTW;QWW,OK,NONE,NONE,2026-09-24
NAS,27350.0,-81161.33975957068,0.008579253212823358,0.0,0.0,0.0,0.0,0.0,0.0,31127.04129267234,30406.45870732766,31487.332585344684,30046.167414655316,DEC26,SEP26,2026-09-25,2026-12-18,30766.75,30793.940034634394,FOUND,DEGRADED,SPOT_MONTH_FALLBACK;ESTIMATED_EXPIRY_ALIAS,2026-08-02.2,PUT_CALL_PARITY,SEP26,OCT26=PUT_CALL_PARITY;SEP26=PUT_CALL_PARITY;NOV26=SERIES_FORWARD_CLUSTER;DEC29=SERIES_FORWARD_CLUSTER;DEC26=PUT_CALL_PARITY;MAR27=SERIES_FORWARD_CLUSTER;JUN27=PUT_CALL_PARITY;DEC28=PUT_CALL_PARITY;DEC27=PUT_CALL_PARITY;SEP27=SERIES_FORWARD_CLUSTER;JUN29=PUT_CALL_PARITY;DEC30=PUT_CALL_PARITY,OCT26=30756.75;SEP26=30766.75;NOV26=31843.125;DEC29=29950.15;DEC26=20089;MAR27=27605.125;JUN27=24445.125;DEC27=21056.75;SEP27=36064.25,DEC26=GLOBAL_REFERENCE_OUTLIER_PUT_CALL_PARITY;JUN27=GLOBAL_REFERENCE_OUTLIER_SERIES_FORWARD_CLUSTER;DEC28=GLOBAL_REFERENCE_NO_OBSERVATION;DEC27=GLOBAL_REFERENCE_OUTLIER_SERIES_FORWARD_CLUSTER;JUN29=GLOBAL_REFERENCE_NO_OBSERVATION;DEC30=GLOBAL_REFERENCE_NO_OBSERVATION,WEIGHTED_ATM,2026-10-02,5,139,0.0,NONE,5131,4631,0,0,494,NONE,MN1;MN2;MN3;MN4;MN5;QMW;QRW;QTW;QWW,OK,NONE,NONE,2026-09-24
NAS,27400.0,-1675591.6921694174,0.177127124269943,0.0,0.0,0.0,0.0,0.0,0.0,31127.04129267234,30406.45870732766,31487.332585344684,30046.167414655316,DEC26,SEP26,2026-09-25,2026-12-18,30766.75,30793.940034634394,FOUND,DEGRADED,SPOT_MONTH_FALLBACK;ESTIMATED_EXPIRY_ALIAS,2026-08-02.2,PUT_CALL_PARITY,SEP26,OCT26=PUT_CALL_PARITY;SEP26=PUT_CALL_PARITY;NOV26=SERIES_FORWARD_CLUSTER;DEC29=SERIES_FORWARD_CLUSTER;DEC26=PUT_CALL_PARITY;MAR27=SERIES_FORWARD_CLUSTER;JUN27=PUT_CALL_PARITY;DEC28=PUT_CALL_PARITY;DEC27=PUT_CALL_PARITY;SEP27=SERIES_FORWARD_CLUSTER;JUN29=PUT_CALL_PARITY;DEC30=PUT_CALL_PARITY,OCT26=30756.75;SEP26=30766.75;NOV26=31843.125;DEC29=29950.15;DEC26=20089;MAR27=27605.125;JUN27=24445.125;DEC27=21056.75;SEP27=36064.25,DEC26=GLOBAL_REFERENCE_OUTLIER_PUT_CALL_PARITY;JUN27=GLOBAL_REFERENCE_OUTLIER_SERIES_FORWARD_CLUSTER;DEC28=GLOBAL_REFERENCE_NO_OBSERVATION;DEC27=GLOBAL_REFERENCE_OUTLIER_SERIES_FORWARD_CLUSTER;JUN29=GLOBAL_REFERENCE_NO_OBSERVATION;DEC30=GLOBAL_REFERENCE_NO_OBSERVATION,WEIGHTED_ATM,2026-10-02,5,139,0.0,NONE,5131,4631,0,0,494,NONE,MN1;MN2;MN3;MN4;MN5;QMW;QRW;QTW;QWW,OK,NONE,NONE,2026-09-24
NAS,27450.0,-76495.8911257968,0.008086229452545668,0.0,0.0,0.0,0.0,0.0,0.0,31127.04129267234,30406.45870732766,31487.332585344684,30046.167414655316,DEC26,SEP26,2026-09-25,2026-12-18,30766.75,30793.940034634394,FOUND,DEGRADED,SPOT_MONTH_FALLBACK;ESTIMATED_EXPIRY_ALIAS,2026-08-02.2,PUT_CALL_PARITY,SEP26,OCT26=PUT_CALL_PARITY;SEP26=PUT_CALL_PARITY;NOV26=SERIES_FORWARD_CLUSTER;DEC29=SERIES_FORWARD_CLUSTER;DEC26=PUT_CALL_PARITY;MAR27=SERIES_FORWARD_CLUSTER;JUN27=PUT_CALL_PARITY;DEC28=PUT_CALL_PARITY;DEC27=PUT_CALL_PARITY;SEP27=SERIES_FORWARD_CLUSTER;JUN29=PUT_CALL_PARITY;DEC30=PUT_CALL_PARITY,OCT26=30756.75;SEP26=30766.75;NOV26=31843.125;DEC29=29950.15;DEC26=20089;MAR27=27605.125;JUN27=24445.125;DEC27=21056.75;SEP27=36064.25,DEC26=GLOBAL_REFERENCE_OUTLIER_PUT_CALL_PARITY;JUN27=GLOBAL_REFERENCE_OUTLIER_SERIES_FORWARD_CLUSTER;DEC28=GLOBAL_REFERENCE_NO_OBSERVATION;DEC27=GLOBAL_REFERENCE_OUTLIER_SERIES_FORWARD_CLUSTER;JUN29=GLOBAL_REFERENCE_NO_OBSERVATION;DEC30=GLOBAL_REFERENCE_NO_OBSERVATION,WEIGHTED_ATM,2026-10-02,5,139,0.0,NONE,5131,4631,0,0,494,NONE,MN1;MN2;MN3;MN4;MN5;QMW;QRW;QTW;QWW,OK,NONE,NONE,2026-09-24
NAS,27500.0,-24577547.627845056,2.750806813897698,0.0,0.0,0.0,0.0,0.0,0.0,31127.04129267234,30406.45870732766,31487.332585344684,30046.167414655316,DEC26,SEP26,2026-09-25,2026-12-18,30766.75,30793.940034634394,FOUND,DEGRADED,SPOT_MONTH_FALLBACK;ESTIMATED_EXPIRY_ALIAS,2026-08-02.2,PUT_CALL_PARITY,SEP26,OCT26=PUT_CALL_PARITY;SEP26=PUT_CALL_PARITY;NOV26=SERIES_FORWARD_CLUSTER;DEC29=SERIES_FORWARD_CLUSTER;DEC26=PUT_CALL_PARITY;MAR27=SERIES_FORWARD_CLUSTER;JUN27=PUT_CALL_PARITY;DEC28=PUT_CALL_PARITY;DEC27=PUT_CALL_PARITY;SEP27=SERIES_FORWARD_CLUSTER;JUN29=PUT_CALL_PARITY;DEC30=PUT_CALL_PARITY,OCT26=30756.75;SEP26=30766.75;NOV26=31843.125;DEC29=29950.15;DEC26=20089;MAR27=27605.125;JUN27=24445.125;DEC27=21056.75;SEP27=36064.25,DEC26=GLOBAL_REFERENCE_OUTLIER_PUT_CALL_PARITY;JUN27=GLOBAL_REFERENCE_OUTLIER_SERIES_FORWARD_CLUSTER;DEC28=GLOBAL_REFERENCE_NO_OBSERVATION;DEC27=GLOBAL_REFERENCE_OUTLIER_SERIES_FORWARD_CLUSTER;JUN29=GLOBAL_REFERENCE_NO_OBSERVATION;DEC30=GLOBAL_REFERENCE_NO_OBSERVATION,WEIGHTED_ATM,2026-10-02,5,139,0.0,NONE,5131,4631,0,0,494,NONE,MN1;MN2;MN3;MN4;MN5;QMW;QRW;QTW;QWW,OK,NONE,NONE,2026-09-24
NAS,27550.0,-63847.44436504238,0.0067492073649210215,0.0,0.0,0.0,0.0,0.0,0.0,31127.04129267234,30406.45870732766,31487.332585344684,30046.167414655316,DEC26,SEP26,2026-09-25,2026-12-18,30766.75,30793.940034634394,FOUND,DEGRADED,SPOT_MONTH_FALLBACK;ESTIMATED_EXPIRY_ALIAS,2026-08-02.2,PUT_CALL_PARITY,SEP26,OCT26=PUT_CALL_PARITY;SEP26=PUT_CALL_PARITY;NOV26=SERIES_FORWARD_CLUSTER;DEC29=SERIES_FORWARD_CLUSTER;DEC26=PUT_CALL_PARITY;MAR27=SERIES_FORWARD_CLUSTER;JUN27=PUT_CALL_PARITY;DEC28=PUT_CALL_PARITY;DEC27=PUT_CALL_PARITY;SEP27=SERIES_FORWARD_CLUSTER;JUN29=PUT_CALL_PARITY;DEC30=PUT_CALL_PARITY,OCT26=30756.75;SEP26=30766.75;NOV26=31843.125;DEC29=29950.15;DEC26=20089;MAR27=27605.125;JUN27=24445.125;DEC27=21056.75;SEP27=36064.25,DEC26=GLOBAL_REFERENCE_OUTLIER_PUT_CALL_PARITY;JUN27=GLOBAL_REFERENCE_OUTLIER_SERIES_FORWARD_CLUSTER;DEC28=GLOBAL_REFERENCE_NO_OBSERVATION;DEC27=GLOBAL_REFERENCE_OUTLIER_SERIES_FORWARD_CLUSTER;JUN29=GLOBAL_REFERENCE_NO_OBSERVATION;DEC30=GLOBAL_REFERENCE_NO_OBSERVATION,WEIGHTED_ATM,2026-10-02,5,139,0.0,NONE,5131,4631,0,0,494,NONE,MN1;MN2;MN3;MN4;MN5;QMW;QRW;QTW;QWW,OK,NONE,NONE,2026-09-24
NAS,27600.0,-1888676.9165771091,0.1997217915922407,0.0,0.0,0.0,0.0,0.0,0.0,31127.04129267234,30406.45870732766,31487.332585344684,30046.167414655316,DEC26,SEP26,2026-09-25,2026-12-18,30766.75,30793.940034634394,FOUND,DEGRADED,SPOT_MONTH_FALLBACK;ESTIMATED_EXPIRY_ALIAS,2026-08-02.2,PUT_CALL_PARITY,SEP26,OCT26=PUT_CALL_PARITY;SEP26=PUT_CALL_PARITY;NOV26=SERIES_FORWARD_CLUSTER;DEC29=SERIES_FORWARD_CLUSTER;DEC26=PUT_CALL_PARITY;MAR27=SERIES_FORWARD_CLUSTER;JUN27=PUT_CALL_PARITY;DEC28=PUT_CALL_PARITY;DEC27=PUT_CALL_PARITY;SEP27=SERIES_FORWARD_CLUSTER;JUN29=PUT_CALL_PARITY;DEC30=PUT_CALL_PARITY,OCT26=30756.75;SEP26=30766.75;NOV26=31843.125;DEC29=29950.15;DEC26=20089;MAR27=27605.125;JUN27=24445.125;DEC27=21056.75;SEP27=36064.25,DEC26=GLOBAL_REFERENCE_OUTLIER_PUT_CALL_PARITY;JUN27=GLOBAL_REFERENCE_OUTLIER_SERIES_FORWARD_CLUSTER;DEC28=GLOBAL_REFERENCE_NO_OBSERVATION;DEC27=GLOBAL_REFERENCE_OUTLIER_SERIES_FORWARD_CLUSTER;JUN29=GLOBAL_REFERENCE_NO_OBSERVATION;DEC30=GLOBAL_REFERENCE_NO_OBSERVATION,WEIGHTED_ATM,2026-10-02,5,139,0.0,NONE,5131,4631,0,0,494,NONE,MN1;MN2;MN3;MN4;MN5;QMW;QRW;QTW;QWW,OK,NONE,NONE,2026-09-24
NAS,27650.0,-130007.2090553269,0.013745006405219704,0.0,0.0,0.0,0.0,0.0,0.0,31127.04129267234,30406.45870732766,31487.332585344684,30046.167414655316,DEC26,SEP26,2026-09-25,2026-12-18,30766.75,30793.940034634394,FOUND,DEGRADED,SPOT_MONTH_FALLBACK;ESTIMATED_EXPIRY_ALIAS,2026-08-02.2,PUT_CALL_PARITY,SEP26,OCT26=PUT_CALL_PARITY;SEP26=PUT_CALL_PARITY;NOV26=SERIES_FORWARD_CLUSTER;DEC29=SERIES_FORWARD_CLUSTER;DEC26=PUT_CALL_PARITY;MAR27=SERIES_FORWARD_CLUSTER;JUN27=PUT_CALL_PARITY;DEC28=PUT_CALL_PARITY;DEC27=PUT_CALL_PARITY;SEP27=SERIES_FORWARD_CLUSTER;JUN29=PUT_CALL_PARITY;DEC30=PUT_CALL_PARITY,OCT26=30756.75;SEP26=30766.75;NOV26=31843.125;DEC29=29950.15;DEC26=20089;MAR27=27605.125;JUN27=24445.125;DEC27=21056.75;SEP27=36064.25,DEC26=GLOBAL_REFERENCE_OUTLIER_PUT_CALL_PARITY;JUN27=GLOBAL_REFERENCE_OUTLIER_SERIES_FORWARD_CLUSTER;DEC28=GLOBAL_REFERENCE_NO_OBSERVATION;DEC27=GLOBAL_REFERENCE_OUTLIER_SERIES_FORWARD_CLUSTER;JUN29=GLOBAL_REFERENCE_NO_OBSERVATION;DEC30=GLOBAL_REFERENCE_NO_OBSERVATION,WEIGHTED_ATM,2026-10-02,5,139,0.0,NONE,5131,4631,0,0,494,NONE,MN1;MN2;MN3;MN4;MN5;QMW;QRW;QTW;QWW,OK,NONE,NONE,2026-09-24
NAS,27700.0,-4954879.829168987,0.5245046651626745,0.0,0.0,0.0,0.0,0.0,0.0,31127.04129267234,30406.45870732766,31487.332585344684,30046.167414655316,DEC26,SEP26,2026-09-25,2026-12-18,30766.75,30793.940034634394,FOUND,DEGRADED,SPOT_MONTH_FALLBACK;ESTIMATED_EXPIRY_ALIAS,2026-08-02.2,PUT_CALL_PARITY,SEP26,OCT26=PUT_CALL_PARITY;SEP26=PUT_CALL_PARITY;NOV26=SERIES_FORWARD_CLUSTER;DEC29=SERIES_FORWARD_CLUSTER;DEC26=PUT_CALL_PARITY;MAR27=SERIES_FORWARD_CLUSTER;JUN27=PUT_CALL_PARITY;DEC28=PUT_CALL_PARITY;DEC27=PUT_CALL_PARITY;SEP27=SERIES_FORWARD_CLUSTER;JUN29=PUT_CALL_PARITY;DEC30=PUT_CALL_PARITY,OCT26=30756.75;SEP26=30766.75;NOV26=31843.125;DEC29=29950.15;DEC26=20089;MAR27=27605.125;JUN27=24445.125;DEC27=21056.75;SEP27=36064.25,DEC26=GLOBAL_REFERENCE_OUTLIER_PUT_CALL_PARITY;JUN27=GLOBAL_REFERENCE_OUTLIER_SERIES_FORWARD_CLUSTER;DEC28=GLOBAL_REFERENCE_NO_OBSERVATION;DEC27=GLOBAL_REFERENCE_OUTLIER_SERIES_FORWARD_CLUSTER;JUN29=GLOBAL_REFERENCE_NO_OBSERVATION;DEC30=GLOBAL_REFERENCE_NO_OBSERVATION,WEIGHTED_ATM,2026-10-02,5,139,0.0,NONE,5131,4631,0,0,494,NONE,MN1;MN2;MN3;MN4;MN5;QMW;QRW;QTW;QWW,OK,NONE,NONE,2026-09-24
NAS,27750.0,-6365290.895219696,0.7251716427944916,0.0,0.0,0.0,0.0,0.0,0.0,31127.04129267234,30406.45870732766,31487.332585344684,30046.167414655316,DEC26,SEP26,2026-09-25,2026-12-18,30766.75,30793.940034634394,FOUND,DEGRADED,SPOT_MONTH_FALLBACK;ESTIMATED_EXPIRY_ALIAS,2026-08-02.2,PUT_CALL_PARITY,SEP26,OCT26=PUT_CALL_PARITY;SEP26=PUT_CALL_PARITY;NOV26=SERIES_FORWARD_CLUSTER;DEC29=SERIES_FORWARD_CLUSTER;DEC26=PUT_CALL_PARITY;MAR27=SERIES_FORWARD_CLUSTER;JUN27=PUT_CALL_PARITY;DEC28=PUT_CALL_PARITY;DEC27=PUT_CALL_PARITY;SEP27=SERIES_FORWARD_CLUSTER;JUN29=PUT_CALL_PARITY;DEC30=PUT_CALL_PARITY,OCT26=30756.75;SEP26=30766.75;NOV26=31843.125;DEC29=29950.15;DEC26=20089;MAR27=27605.125;JUN27=24445.125;DEC27=21056.75;SEP27=36064.25,DEC26=GLOBAL_REFERENCE_OUTLIER_PUT_CALL_PARITY;JUN27=GLOBAL_REFERENCE_OUTLIER_SERIES_FORWARD_CLUSTER;DEC28=GLOBAL_REFERENCE_NO_OBSERVATION;DEC27=GLOBAL_REFERENCE_OUTLIER_SERIES_FORWARD_CLUSTER;JUN29=GLOBAL_REFERENCE_NO_OBSERVATION;DEC30=GLOBAL_REFERENCE_NO_OBSERVATION,WEIGHTED_ATM,2026-10-02,5,139,0.0,NONE,5131,4631,0,0,494,NONE,MN1;MN2;MN3;MN4;MN5;QMW;QRW;QTW;QWW,OK,NONE,NONE,2026-09-24
NAS,27800.0,-3778434.617398899,0.4092892478575524,0.0,0.0,0.0,0.0,0.0,0.0,31127.04129267234,30406.45870732766,31487.332585344684,30046.167414655316,DEC26,SEP26,2026-09-25,2026-12-18,30766.75,30793.940034634394,FOUND,DEGRADED,SPOT_MONTH_FALLBACK;ESTIMATED_EXPIRY_ALIAS,2026-08-02.2,PUT_CALL_PARITY,SEP26,OCT26=PUT_CALL_PARITY;SEP26=PUT_CALL_PARITY;NOV26=SERIES_FORWARD_CLUSTER;DEC29=SERIES_FORWARD_CLUSTER;DEC26=PUT_CALL_PARITY;MAR27=SERIES_FORWARD_CLUSTER;JUN27=PUT_CALL_PARITY;DEC28=PUT_CALL_PARITY;DEC27=PUT_CALL_PARITY;SEP27=SERIES_FORWARD_CLUSTER;JUN29=PUT_CALL_PARITY;DEC30=PUT_CALL_PARITY,OCT26=30756.75;SEP26=30766.75;NOV26=31843.125;DEC29=29950.15;DEC26=20089;MAR27=27605.125;JUN27=24445.125;DEC27=21056.75;SEP27=36064.25,DEC26=GLOBAL_REFERENCE_OUTLIER_PUT_CALL_PARITY;JUN27=GLOBAL_REFERENCE_OUTLIER_SERIES_FORWARD_CLUSTER;DEC28=GLOBAL_REFERENCE_NO_OBSERVATION;DEC27=GLOBAL_REFERENCE_OUTLIER_SERIES_FORWARD_CLUSTER;JUN29=GLOBAL_REFERENCE_NO_OBSERVATION;DEC30=GLOBAL_REFERENCE_NO_OBSERVATION,WEIGHTED_ATM,2026-10-02,5,139,0.0,NONE,5131,4631,0,0,494,NONE,MN1;MN2;MN3;MN4;MN5;QMW;QRW;QTW;QWW,OK,NONE,NONE,2026-09-24
NAS,27825.0,-2716.5425354358094,0.0002869810791389294,0.0,0.0,0.0,0.0,0.0,0.0,31127.04129267234,30406.45870732766,31487.332585344684,30046.167414655316,DEC26,SEP26,2026-09-25,2026-12-18,30766.75,30793.940034634394,FOUND,DEGRADED,SPOT_MONTH_FALLBACK;ESTIMATED_EXPIRY_ALIAS,2026-08-02.2,PUT_CALL_PARITY,SEP26,OCT26=PUT_CALL_PARITY;SEP26=PUT_CALL_PARITY;NOV26=SERIES_FORWARD_CLUSTER;DEC29=SERIES_FORWARD_CLUSTER;DEC26=PUT_CALL_PARITY;MAR27=SERIES_FORWARD_CLUSTER;JUN27=PUT_CALL_PARITY;DEC28=PUT_CALL_PARITY;DEC27=PUT_CALL_PARITY;SEP27=SERIES_FORWARD_CLUSTER;JUN29=PUT_CALL_PARITY;DEC30=PUT_CALL_PARITY,OCT26=30756.75;SEP26=30766.75;NOV26=31843.125;DEC29=29950.15;DEC26=20089;MAR27=27605.125;JUN27=24445.125;DEC27=21056.75;SEP27=36064.25,DEC26=GLOBAL_REFERENCE_OUTLIER_PUT_CALL_PARITY;JUN27=GLOBAL_REFERENCE_OUTLIER_SERIES_FORWARD_CLUSTER;DEC28=GLOBAL_REFERENCE_NO_OBSERVATION;DEC27=GLOBAL_REFERENCE_OUTLIER_SERIES_FORWARD_CLUSTER;JUN29=GLOBAL_REFERENCE_NO_OBSERVATION;DEC30=GLOBAL_REFERENCE_NO_OBSERVATION,WEIGHTED_ATM,2026-10-02,5,139,0.0,NONE,5131,4631,0,0,494,NONE,MN1;MN2;MN3;MN4;MN5;QMW;QRW;QTW;QWW,OK,NONE,NONE,2026-09-24
NAS,27850.0,-420486.46992415463,0.04444962009162916,0.0,0.0,0.0,0.0,0.0,0.0,31127.04129267234,30406.45870732766,31487.332585344684,30046.167414655316,DEC26,SEP26,2026-09-25,2026-12-18,30766.75,30793.940034634394,FOUND,DEGRADED,SPOT_MONTH_FALLBACK;ESTIMATED_EXPIRY_ALIAS,2026-08-02.2,PUT_CALL_PARITY,SEP26,OCT26=PUT_CALL_PARITY;SEP26=PUT_CALL_PARITY;NOV26=SERIES_FORWARD_CLUSTER;DEC29=SERIES_FORWARD_CLUSTER;DEC26=PUT_CALL_PARITY;MAR27=SERIES_FORWARD_CLUSTER;JUN27=PUT_CALL_PARITY;DEC28=PUT_CALL_PARITY;DEC27=PUT_CALL_PARITY;SEP27=SERIES_FORWARD_CLUSTER;JUN29=PUT_CALL_PARITY;DEC30=PUT_CALL_PARITY,OCT26=30756.75;SEP26=30766.75;NOV26=31843.125;DEC29=29950.15;DEC26=20089;MAR27=27605.125;JUN27=24445.125;DEC27=21056.75;SEP27=36064.25,DEC26=GLOBAL_REFERENCE_OUTLIER_PUT_CALL_PARITY;JUN27=GLOBAL_REFERENCE_OUTLIER_SERIES_FORWARD_CLUSTER;DEC28=GLOBAL_REFERENCE_NO_OBSERVATION;DEC27=GLOBAL_REFERENCE_OUTLIER_SERIES_FORWARD_CLUSTER;JUN29=GLOBAL_REFERENCE_NO_OBSERVATION;DEC30=GLOBAL_REFERENCE_NO_OBSERVATION,WEIGHTED_ATM,2026-10-02,5,139,0.0,NONE,5131,4631,0,0,494,NONE,MN1;MN2;MN3;MN4;MN5;QMW;QRW;QTW;QWW,OK,NONE,NONE,2026-09-24
NAS,27875.0,-2510.5210218038737,0.00026521654737228674,0.0,0.0,0.0,0.0,0.0,0.0,31127.04129267234,30406.45870732766,31487.332585344684,30046.167414655316,DEC26,SEP26,2026-09-25,2026-12-18,30766.75,30793.940034634394,FOUND,DEGRADED,SPOT_MONTH_FALLBACK;ESTIMATED_EXPIRY_ALIAS,2026-08-02.2,PUT_CALL_PARITY,SEP26,OCT26=PUT_CALL_PARITY;SEP26=PUT_CALL_PARITY;NOV26=SERIES_FORWARD_CLUSTER;DEC29=SERIES_FORWARD_CLUSTER;DEC26=PUT_CALL_PARITY;MAR27=SERIES_FORWARD_CLUSTER;JUN27=PUT_CALL_PARITY;DEC28=PUT_CALL_PARITY;DEC27=PUT_CALL_PARITY;SEP27=SERIES_FORWARD_CLUSTER;JUN29=PUT_CALL_PARITY;DEC30=PUT_CALL_PARITY,OCT26=30756.75;SEP26=30766.75;NOV26=31843.125;DEC29=29950.15;DEC26=20089;MAR27=27605.125;JUN27=24445.125;DEC27=21056.75;SEP27=36064.25,DEC26=GLOBAL_REFERENCE_OUTLIER_PUT_CALL_PARITY;JUN27=GLOBAL_REFERENCE_OUTLIER_SERIES_FORWARD_CLUSTER;DEC28=GLOBAL_REFERENCE_NO_OBSERVATION;DEC27=GLOBAL_REFERENCE_OUTLIER_SERIES_FORWARD_CLUSTER;JUN29=GLOBAL_REFERENCE_NO_OBSERVATION;DEC30=GLOBAL_REFERENCE_NO_OBSERVATION,WEIGHTED_ATM,2026-10-02,5,139,0.0,NONE,5131,4631,0,0,494,NONE,MN1;MN2;MN3;MN4;MN5;QMW;QRW;QTW;QWW,OK,NONE,NONE,2026-09-24
NAS,27900.0,-3189622.715886422,0.36244940393945757,0.0,0.0,0.0,0.0,0.0,0.0,31127.04129267234,30406.45870732766,31487.332585344684,30046.167414655316,DEC26,SEP26,2026-09-25,2026-12-18,30766.75,30793.940034634394,FOUND,DEGRADED,SPOT_MONTH_FALLBACK;ESTIMATED_EXPIRY_ALIAS,2026-08-02.2,PUT_CALL_PARITY,SEP26,OCT26=PUT_CALL_PARITY;SEP26=PUT_CALL_PARITY;NOV26=SERIES_FORWARD_CLUSTER;DEC29=SERIES_FORWARD_CLUSTER;DEC26=PUT_CALL_PARITY;MAR27=SERIES_FORWARD_CLUSTER;JUN27=PUT_CALL_PARITY;DEC28=PUT_CALL_PARITY;DEC27=PUT_CALL_PARITY;SEP27=SERIES_FORWARD_CLUSTER;JUN29=PUT_CALL_PARITY;DEC30=PUT_CALL_PARITY,OCT26=30756.75;SEP26=30766.75;NOV26=31843.125;DEC29=29950.15;DEC26=20089;MAR27=27605.125;JUN27=24445.125;DEC27=21056.75;SEP27=36064.25,DEC26=GLOBAL_REFERENCE_OUTLIER_PUT_CALL_PARITY;JUN27=GLOBAL_REFERENCE_OUTLIER_SERIES_FORWARD_CLUSTER;DEC28=GLOBAL_REFERENCE_NO_OBSERVATION;DEC27=GLOBAL_REFERENCE_OUTLIER_SERIES_FORWARD_CLUSTER;JUN29=GLOBAL_REFERENCE_NO_OBSERVATION;DEC30=GLOBAL_REFERENCE_NO_OBSERVATION,WEIGHTED_ATM,2026-10-02,5,139,0.0,NONE,5131,4631,0,0,494,NONE,MN1;MN2;MN3;MN4;MN5;QMW;QRW;QTW;QWW,OK,NONE,NONE,2026-09-24
NAS,27925.0,-3455.4817273833532,0.0003650441184460367,0.0,0.0,0.0,0.0,0.0,0.0,31127.04129267234,30406.45870732766,31487.332585344684,30046.167414655316,DEC26,SEP26,2026-09-25,2026-12-18,30766.75,30793.940034634394,FOUND,DEGRADED,SPOT_MONTH_FALLBACK;ESTIMATED_EXPIRY_ALIAS,2026-08-02.2,PUT_CALL_PARITY,SEP26,OCT26=PUT_CALL_PARITY;SEP26=PUT_CALL_PARITY;NOV26=SERIES_FORWARD_CLUSTER;DEC29=SERIES_FORWARD_CLUSTER;DEC26=PUT_CALL_PARITY;MAR27=SERIES_FORWARD_CLUSTER;JUN27=PUT_CALL_PARITY;DEC28=PUT_CALL_PARITY;DEC27=PUT_CALL_PARITY;SEP27=SERIES_FORWARD_CLUSTER;JUN29=PUT_CALL_PARITY;DEC30=PUT_CALL_PARITY,OCT26=30756.75;SEP26=30766.75;NOV26=31843.125;DEC29=29950.15;DEC26=20089;MAR27=27605.125;JUN27=24445.125;DEC27=21056.75;SEP27=36064.25,DEC26=GLOBAL_REFERENCE_OUTLIER_PUT_CALL_PARITY;JUN27=GLOBAL_REFERENCE_OUTLIER_SERIES_FORWARD_CLUSTER;DEC28=GLOBAL_REFERENCE_NO_OBSERVATION;DEC27=GLOBAL_REFERENCE_OUTLIER_SERIES_FORWARD_CLUSTER;JUN29=GLOBAL_REFERENCE_NO_OBSERVATION;DEC30=GLOBAL_REFERENCE_NO_OBSERVATION,WEIGHTED_ATM,2026-10-02,5,139,0.0,NONE,5131,4631,0,0,494,NONE,MN1;MN2;MN3;MN4;MN5;QMW;QRW;QTW;QWW,OK,NONE,NONE,2026-09-24
NAS,27950.0,-150162.90925100248,0.015872922307013686,0.0,0.0,0.0,0.0,0.0,0.0,31127.04129267234,30406.45870732766,31487.332585344684,30046.167414655316,DEC26,SEP26,2026-09-25,2026-12-18,30766.75,30793.940034634394,FOUND,DEGRADED,SPOT_MONTH_FALLBACK;ESTIMATED_EXPIRY_ALIAS,2026-08-02.2,PUT_CALL_PARITY,SEP26,OCT26=PUT_CALL_PARITY;SEP26=PUT_CALL_PARITY;NOV26=SERIES_FORWARD_CLUSTER;DEC29=SERIES_FORWARD_CLUSTER;DEC26=PUT_CALL_PARITY;MAR27=SERIES_FORWARD_CLUSTER;JUN27=PUT_CALL_PARITY;DEC28=PUT_CALL_PARITY;DEC27=PUT_CALL_PARITY;SEP27=SERIES_FORWARD_CLUSTER;JUN29=PUT_CALL_PARITY;DEC30=PUT_CALL_PARITY,OCT26=30756.75;SEP26=30766.75;NOV26=31843.125;DEC29=29950.15;DEC26=20089;MAR27=27605.125;JUN27=24445.125;DEC27=21056.75;SEP27=36064.25,DEC26=GLOBAL_REFERENCE_OUTLIER_PUT_CALL_PARITY;JUN27=GLOBAL_REFERENCE_OUTLIER_SERIES_FORWARD_CLUSTER;DEC28=GLOBAL_REFERENCE_NO_OBSERVATION;DEC27=GLOBAL_REFERENCE_OUTLIER_SERIES_FORWARD_CLUSTER;JUN29=GLOBAL_REFERENCE_NO_OBSERVATION;DEC30=GLOBAL_REFERENCE_NO_OBSERVATION,WEIGHTED_ATM,2026-10-02,5,139,0.0,NONE,5131,4631,0,0,494,NONE,MN1;MN2;MN3;MN4;MN5;QMW;QRW;QTW;QWW,OK,NONE,NONE,2026-09-24
NAS,27975.0,-5799.544516971512,0.0006126756795758162,0.0,0.0,0.0,0.0,0.0,0.0,31127.04129267234,30406.45870732766,31487.332585344684,30046.167414655316,DEC26,SEP26,2026-09-25,2026-12-18,30766.75,30793.940034634394,FOUND,DEGRADED,SPOT_MONTH_FALLBACK;ESTIMATED_EXPIRY_ALIAS,2026-08-02.2,PUT_CALL_PARITY,SEP26,OCT26=PUT_CALL_PARITY;SEP26=PUT_CALL_PARITY;NOV26=SERIES_FORWARD_CLUSTER;DEC29=SERIES_FORWARD_CLUSTER;DEC26=PUT_CALL_PARITY;MAR27=SERIES_FORWARD_CLUSTER;JUN27=PUT_CALL_PARITY;DEC28=PUT_CALL_PARITY;DEC27=PUT_CALL_PARITY;SEP27=SERIES_FORWARD_CLUSTER;JUN29=PUT_CALL_PARITY;DEC30=PUT_CALL_PARITY,OCT26=30756.75;SEP26=30766.75;NOV26=31843.125;DEC29=29950.15;DEC26=20089;MAR27=27605.125;JUN27=24445.125;DEC27=21056.75;SEP27=36064.25,DEC26=GLOBAL_REFERENCE_OUTLIER_PUT_CALL_PARITY;JUN27=GLOBAL_REFERENCE_OUTLIER_SERIES_FORWARD_CLUSTER;DEC28=GLOBAL_REFERENCE_NO_OBSERVATION;DEC27=GLOBAL_REFERENCE_OUTLIER_SERIES_FORWARD_CLUSTER;JUN29=GLOBAL_REFERENCE_NO_OBSERVATION;DEC30=GLOBAL_REFERENCE_NO_OBSERVATION,WEIGHTED_ATM,2026-10-02,5,139,0.0,NONE,5131,4631,0,0,494,NONE,MN1;MN2;MN3;MN4;MN5;QMW;QRW;QTW;QWW,OK,NONE,NONE,2026-09-24
NAS,28000.0,-57199080.04436907,6.221107509546778,0.0,0.0,0.0,0.0,0.0,2440.0,31127.04129267234,30406.45870732766,31487.332585344684,30046.167414655316,DEC26,SEP26,2026-09-25,2026-12-18,30766.75,30793.940034634394,FOUND,DEGRADED,SPOT_MONTH_FALLBACK;ESTIMATED_EXPIRY_ALIAS,2026-08-02.2,PUT_CALL_PARITY,SEP26,OCT26=PUT_CALL_PARITY;SEP26=PUT_CALL_PARITY;NOV26=SERIES_FORWARD_CLUSTER;DEC29=SERIES_FORWARD_CLUSTER;DEC26=PUT_CALL_PARITY;MAR27=SERIES_FORWARD_CLUSTER;JUN27=PUT_CALL_PARITY;DEC28=PUT_CALL_PARITY;DEC27=PUT_CALL_PARITY;SEP27=SERIES_FORWARD_CLUSTER;JUN29=PUT_CALL_PARITY;DEC30=PUT_CALL_PARITY,OCT26=30756.75;SEP26=30766.75;NOV26=31843.125;DEC29=29950.15;DEC26=20089;MAR27=27605.125;JUN27=24445.125;DEC27=21056.75;SEP27=36064.25,DEC26=GLOBAL_REFERENCE_OUTLIER_PUT_CALL_PARITY;JUN27=GLOBAL_REFERENCE_OUTLIER_SERIES_FORWARD_CLUSTER;DEC28=GLOBAL_REFERENCE_NO_OBSERVATION;DEC27=GLOBAL_REFERENCE_OUTLIER_SERIES_FORWARD_CLUSTER;JUN29=GLOBAL_REFERENCE_NO_OBSERVATION;DEC30=GLOBAL_REFERENCE_NO_OBSERVATION,WEIGHTED_ATM,2026-10-02,5,139,0.0,NONE,5131,4631,0,0,494,NONE,MN1;MN2;MN3;MN4;MN5;QMW;QRW;QTW;QWW,OK,NONE,NONE,2026-09-24
NAS,28025.0,-5071.181732827472,0.0005357299535024499,0.0,0.0,0.0,0.0,0.0,0.0,31127.04129267234,30406.45870732766,31487.332585344684,30046.167414655316,DEC26,SEP26,2026-09-25,2026-12-18,30766.75,30793.940034634394,FOUND,DEGRADED,SPOT_MONTH_FALLBACK;ESTIMATED_EXPIRY_ALIAS,2026-08-02.2,PUT_CALL_PARITY,SEP26,OCT26=PUT_CALL_PARITY;SEP26=PUT_CALL_PARITY;NOV26=SERIES_FORWARD_CLUSTER;DEC29=SERIES_FORWARD_CLUSTER;DEC26=PUT_CALL_PARITY;MAR27=SERIES_FORWARD_CLUSTER;JUN27=PUT_CALL_PARITY;DEC28=PUT_CALL_PARITY;DEC27=PUT_CALL_PARITY;SEP27=SERIES_FORWARD_CLUSTER;JUN29=PUT_CALL_PARITY;DEC30=PUT_CALL_PARITY,OCT26=30756.75;SEP26=30766.75;NOV26=31843.125;DEC29=29950.15;DEC26=20089;MAR27=27605.125;JUN27=24445.125;DEC27=21056.75;SEP27=36064.25,DEC26=GLOBAL_REFERENCE_OUTLIER_PUT_CALL_PARITY;JUN27=GLOBAL_REFERENCE_OUTLIER_SERIES_FORWARD_CLUSTER;DEC28=GLOBAL_REFERENCE_NO_OBSERVATION;DEC27=GLOBAL_REFERENCE_OUTLIER_SERIES_FORWARD_CLUSTER;JUN29=GLOBAL_REFERENCE_NO_OBSERVATION;DEC30=GLOBAL_REFERENCE_NO_OBSERVATION,WEIGHTED_ATM,2026-10-02,5,139,0.0,NONE,5131,4631,0,0,494,NONE,MN1;MN2;MN3;MN4;MN5;QMW;QRW;QTW;QWW,OK,NONE,NONE,2026-09-24
NAS,28050.0,-328669.0184184165,0.03474291132447814,0.0,0.0,0.0,0.0,0.0,0.0,31127.04129267234,30406.45870732766,31487.332585344684,30046.167414655316,DEC26,SEP26,2026-09-25,2026-12-18,30766.75,30793.940034634394,FOUND,DEGRADED,SPOT_MONTH_FALLBACK;ESTIMATED_EXPIRY_ALIAS,2026-08-02.2,PUT_CALL_PARITY,SEP26,OCT26=PUT_CALL_PARITY;SEP26=PUT_CALL_PARITY;NOV26=SERIES_FORWARD_CLUSTER;DEC29=SERIES_FORWARD_CLUSTER;DEC26=PUT_CALL_PARITY;MAR27=SERIES_FORWARD_CLUSTER;JUN27=PUT_CALL_PARITY;DEC28=PUT_CALL_PARITY;DEC27=PUT_CALL_PARITY;SEP27=SERIES_FORWARD_CLUSTER;JUN29=PUT_CALL_PARITY;DEC30=PUT_CALL_PARITY,OCT26=30756.75;SEP26=30766.75;NOV26=31843.125;DEC29=29950.15;DEC26=20089;MAR27=27605.125;JUN27=24445.125;DEC27=21056.75;SEP27=36064.25,DEC26=GLOBAL_REFERENCE_OUTLIER_PUT_CALL_PARITY;JUN27=GLOBAL_REFERENCE_OUTLIER_SERIES_FORWARD_CLUSTER;DEC28=GLOBAL_REFERENCE_NO_OBSERVATION;DEC27=GLOBAL_REFERENCE_OUTLIER_SERIES_FORWARD_CLUSTER;JUN29=GLOBAL_REFERENCE_NO_OBSERVATION;DEC30=GLOBAL_REFERENCE_NO_OBSERVATION,WEIGHTED_ATM,2026-10-02,5,139,0.0,NONE,5131,4631,0,0,494,NONE,MN1;MN2;MN3;MN4;MN5;QMW;QRW;QTW;QWW,OK,NONE,NONE,2026-09-24
NAS,28075.0,-4290.1013174783675,0.00045321502963610664,0.0,0.0,0.0,0.0,0.0,0.0,31127.04129267234,30406.45870732766,31487.332585344684,30046.167414655316,DEC26,SEP26,2026-09-25,2026-12-18,30766.75,30793.940034634394,FOUND,DEGRADED,SPOT_MONTH_FALLBACK;ESTIMATED_EXPIRY_ALIAS,2026-08-02.2,PUT_CALL_PARITY,SEP26,OCT26=PUT_CALL_PARITY;SEP26=PUT_CALL_PARITY;NOV26=SERIES_FORWARD_CLUSTER;DEC29=SERIES_FORWARD_CLUSTER;DEC26=PUT_CALL_PARITY;MAR27=SERIES_FORWARD_CLUSTER;JUN27=PUT_CALL_PARITY;DEC28=PUT_CALL_PARITY;DEC27=PUT_CALL_PARITY;SEP27=SERIES_FORWARD_CLUSTER;JUN29=PUT_CALL_PARITY;DEC30=PUT_CALL_PARITY,OCT26=30756.75;SEP26=30766.75;NOV26=31843.125;DEC29=29950.15;DEC26=20089;MAR27=27605.125;JUN27=24445.125;DEC27=21056.75;SEP27=36064.25,DEC26=GLOBAL_REFERENCE_OUTLIER_PUT_CALL_PARITY;JUN27=GLOBAL_REFERENCE_OUTLIER_SERIES_FORWARD_CLUSTER;DEC28=GLOBAL_REFERENCE_NO_OBSERVATION;DEC27=GLOBAL_REFERENCE_OUTLIER_SERIES_FORWARD_CLUSTER;JUN29=GLOBAL_REFERENCE_NO_OBSERVATION;DEC30=GLOBAL_REFERENCE_NO_OBSERVATION,WEIGHTED_ATM,2026-10-02,5,139,0.0,NONE,5131,4631,0,0,494,NONE,MN1;MN2;MN3;MN4;MN5;QMW;QRW;QTW;QWW,OK,NONE,NONE,2026-09-24
NAS,28100.0,-3398290.0900510447,0.37592383322322337,0.0,0.0,0.0,0.0,0.0,0.0,31127.04129267234,30406.45870732766,31487.332585344684,30046.167414655316,DEC26,SEP26,2026-09-25,2026-12-18,30766.75,30793.940034634394,FOUND,DEGRADED,SPOT_MONTH_FALLBACK;ESTIMATED_EXPIRY_ALIAS,2026-08-02.2,PUT_CALL_PARITY,SEP26,OCT26=PUT_CALL_PARITY;SEP26=PUT_CALL_PARITY;NOV26=SERIES_FORWARD_CLUSTER;DEC29=SERIES_FORWARD_CLUSTER;DEC26=PUT_CALL_PARITY;MAR27=SERIES_FORWARD_CLUSTER;JUN27=PUT_CALL_PARITY;DEC28=PUT_CALL_PARITY;DEC27=PUT_CALL_PARITY;SEP27=SERIES_FORWARD_CLUSTER;JUN29=PUT_CALL_PARITY;DEC30=PUT_CALL_PARITY,OCT26=30756.75;SEP26=30766.75;NOV26=31843.125;DEC29=29950.15;DEC26=20089;MAR27=27605.125;JUN27=24445.125;DEC27=21056.75;SEP27=36064.25,DEC26=GLOBAL_REFERENCE_OUTLIER_PUT_CALL_PARITY;JUN27=GLOBAL_REFERENCE_OUTLIER_SERIES_FORWARD_CLUSTER;DEC28=GLOBAL_REFERENCE_NO_OBSERVATION;DEC27=GLOBAL_REFERENCE_OUTLIER_SERIES_FORWARD_CLUSTER;JUN29=GLOBAL_REFERENCE_NO_OBSERVATION;DEC30=GLOBAL_REFERENCE_NO_OBSERVATION,WEIGHTED_ATM,2026-10-02,5,139,0.0,NONE,5131,4631,0,0,494,NONE,MN1;MN2;MN3;MN4;MN5;QMW;QRW;QTW;QWW,OK,NONE,NONE,2026-09-24
NAS,28125.0,-7890.512363708719,0.0008335697761246043,0.0,0.0,0.0,0.0,0.0,0.0,31127.04129267234,30406.45870732766,31487.332585344684,30046.167414655316,DEC26,SEP26,2026-09-25,2026-12-18,30766.75,30793.940034634394,FOUND,DEGRADED,SPOT_MONTH_FALLBACK;ESTIMATED_EXPIRY_ALIAS,2026-08-02.2,PUT_CALL_PARITY,SEP26,OCT26=PUT_CALL_PARITY;SEP26=PUT_CALL_PARITY;NOV26=SERIES_FORWARD_CLUSTER;DEC29=SERIES_FORWARD_CLUSTER;DEC26=PUT_CALL_PARITY;MAR27=SERIES_FORWARD_CLUSTER;JUN27=PUT_CALL_PARITY;DEC28=PUT_CALL_PARITY;DEC27=PUT_CALL_PARITY;SEP27=SERIES_FORWARD_CLUSTER;JUN29=PUT_CALL_PARITY;DEC30=PUT_CALL_PARITY,OCT26=30756.75;SEP26=30766.75;NOV26=31843.125;DEC29=29950.15;DEC26=20089;MAR27=27605.125;JUN27=24445.125;DEC27=21056.75;SEP27=36064.25,DEC26=GLOBAL_REFERENCE_OUTLIER_PUT_CALL_PARITY;JUN27=GLOBAL_REFERENCE_OUTLIER_SERIES_FORWARD_CLUSTER;DEC28=GLOBAL_REFERENCE_NO_OBSERVATION;DEC27=GLOBAL_REFERENCE_OUTLIER_SERIES_FORWARD_CLUSTER;JUN29=GLOBAL_REFERENCE_NO_OBSERVATION;DEC30=GLOBAL_REFERENCE_NO_OBSERVATION,WEIGHTED_ATM,2026-10-02,5,139,0.0,NONE,5131,4631,0,0,494,NONE,MN1;MN2;MN3;MN4;MN5;QMW;QRW;QTW;QWW,OK,NONE,NONE,2026-09-24
NAS,28150.0,-293820.34516171727,0.031062421425968965,0.0,0.0,0.0,0.0,0.0,0.0,31127.04129267234,30406.45870732766,31487.332585344684,30046.167414655316,DEC26,SEP26,2026-09-25,2026-12-18,30766.75,30793.940034634394,FOUND,DEGRADED,SPOT_MONTH_FALLBACK;ESTIMATED_EXPIRY_ALIAS,2026-08-02.2,PUT_CALL_PARITY,SEP26,OCT26=PUT_CALL_PARITY;SEP26=PUT_CALL_PARITY;NOV26=SERIES_FORWARD_CLUSTER;DEC29=SERIES_FORWARD_CLUSTER;DEC26=PUT_CALL_PARITY;MAR27=SERIES_FORWARD_CLUSTER;JUN27=PUT_CALL_PARITY;DEC28=PUT_CALL_PARITY;DEC27=PUT_CALL_PARITY;SEP27=SERIES_FORWARD_CLUSTER;JUN29=PUT_CALL_PARITY;DEC30=PUT_CALL_PARITY,OCT26=30756.75;SEP26=30766.75;NOV26=31843.125;DEC29=29950.15;DEC26=20089;MAR27=27605.125;JUN27=24445.125;DEC27=21056.75;SEP27=36064.25,DEC26=GLOBAL_REFERENCE_OUTLIER_PUT_CALL_PARITY;JUN27=GLOBAL_REFERENCE_OUTLIER_SERIES_FORWARD_CLUSTER;DEC28=GLOBAL_REFERENCE_NO_OBSERVATION;DEC27=GLOBAL_REFERENCE_OUTLIER_SERIES_FORWARD_CLUSTER;JUN29=GLOBAL_REFERENCE_NO_OBSERVATION;DEC30=GLOBAL_REFERENCE_NO_OBSERVATION,WEIGHTED_ATM,2026-10-02,5,139,0.0,NONE,5131,4631,0,0,494,NONE,MN1;MN2;MN3;MN4;MN5;QMW;QRW;QTW;QWW,OK,NONE,NONE,2026-09-24
NAS,28175.0,-1021.0254871585049,0.00010786320932246733,0.0,0.0,0.0,0.0,0.0,0.0,31127.04129267234,30406.45870732766,31487.332585344684,30046.167414655316,DEC26,SEP26,2026-09-25,2026-12-18,30766.75,30793.940034634394,FOUND,DEGRADED,SPOT_MONTH_FALLBACK;ESTIMATED_EXPIRY_ALIAS,2026-08-02.2,PUT_CALL_PARITY,SEP26,OCT26=PUT_CALL_PARITY;SEP26=PUT_CALL_PARITY;NOV26=SERIES_FORWARD_CLUSTER;DEC29=SERIES_FORWARD_CLUSTER;DEC26=PUT_CALL_PARITY;MAR27=SERIES_FORWARD_CLUSTER;JUN27=PUT_CALL_PARITY;DEC28=PUT_CALL_PARITY;DEC27=PUT_CALL_PARITY;SEP27=SERIES_FORWARD_CLUSTER;JUN29=PUT_CALL_PARITY;DEC30=PUT_CALL_PARITY,OCT26=30756.75;SEP26=30766.75;NOV26=31843.125;DEC29=29950.15;DEC26=20089;MAR27=27605.125;JUN27=24445.125;DEC27=21056.75;SEP27=36064.25,DEC26=GLOBAL_REFERENCE_OUTLIER_PUT_CALL_PARITY;JUN27=GLOBAL_REFERENCE_OUTLIER_SERIES_FORWARD_CLUSTER;DEC28=GLOBAL_REFERENCE_NO_OBSERVATION;DEC27=GLOBAL_REFERENCE_OUTLIER_SERIES_FORWARD_CLUSTER;JUN29=GLOBAL_REFERENCE_NO_OBSERVATION;DEC30=GLOBAL_REFERENCE_NO_OBSERVATION,WEIGHTED_ATM,2026-10-02,5,139,0.0,NONE,5131,4631,0,0,494,NONE,MN1;MN2;MN3;MN4;MN5;QMW;QRW;QTW;QWW,OK,NONE,NONE,2026-09-24
NAS,28200.0,-4020915.944922305,0.4904367840395477,0.0,0.0,0.0,0.0,0.0,0.0,31127.04129267234,30406.45870732766,31487.332585344684,30046.167414655316,DEC26,SEP26,2026-09-25,2026-12-18,30766.75,30793.940034634394,FOUND,DEGRADED,SPOT_MONTH_FALLBACK;ESTIMATED_EXPIRY_ALIAS,2026-08-02.2,PUT_CALL_PARITY,SEP26,OCT26=PUT_CALL_PARITY;SEP26=PUT_CALL_PARITY;NOV26=SERIES_FORWARD_CLUSTER;DEC29=SERIES_FORWARD_CLUSTER;DEC26=PUT_CALL_PARITY;MAR27=SERIES_FORWARD_CLUSTER;JUN27=PUT_CALL_PARITY;DEC28=PUT_CALL_PARITY;DEC27=PUT_CALL_PARITY;SEP27=SERIES_FORWARD_CLUSTER;JUN29=PUT_CALL_PARITY;DEC30=PUT_CALL_PARITY,OCT26=30756.75;SEP26=30766.75;NOV26=31843.125;DEC29=29950.15;DEC26=20089;MAR27=27605.125;JUN27=24445.125;DEC27=21056.75;SEP27=36064.25,DEC26=GLOBAL_REFERENCE_OUTLIER_PUT_CALL_PARITY;JUN27=GLOBAL_REFERENCE_OUTLIER_SERIES_FORWARD_CLUSTER;DEC28=GLOBAL_REFERENCE_NO_OBSERVATION;DEC27=GLOBAL_REFERENCE_OUTLIER_SERIES_FORWARD_CLUSTER;JUN29=GLOBAL_REFERENCE_NO_OBSERVATION;DEC30=GLOBAL_REFERENCE_NO_OBSERVATION,WEIGHTED_ATM,2026-10-02,5,139,0.0,NONE,5131,4631,0,0,494,NONE,MN1;MN2;MN3;MN4;MN5;QMW;QRW;QTW;QWW,OK,NONE,NONE,2026-09-24
NAS,28225.0,-20623.570068244353,0.002178715892233428,0.0,0.0,0.0,0.0,0.0,0.0,31127.04129267234,30406.45870732766,31487.332585344684,30046.167414655316,DEC26,SEP26,2026-09-25,2026-12-18,30766.75,30793.940034634394,FOUND,DEGRADED,SPOT_MONTH_FALLBACK;ESTIMATED_EXPIRY_ALIAS,2026-08-02.2,PUT_CALL_PARITY,SEP26,OCT26=PUT_CALL_PARITY;SEP26=PUT_CALL_PARITY;NOV26=SERIES_FORWARD_CLUSTER;DEC29=SERIES_FORWARD_CLUSTER;DEC26=PUT_CALL_PARITY;MAR27=SERIES_FORWARD_CLUSTER;JUN27=PUT_CALL_PARITY;DEC28=PUT_CALL_PARITY;DEC27=PUT_CALL_PARITY;SEP27=SERIES_FORWARD_CLUSTER;JUN29=PUT_CALL_PARITY;DEC30=PUT_CALL_PARITY,OCT26=30756.75;SEP26=30766.75;NOV26=31843.125;DEC29=29950.15;DEC26=20089;MAR27=27605.125;JUN27=24445.125;DEC27=21056.75;SEP27=36064.25,DEC26=GLOBAL_REFERENCE_OUTLIER_PUT_CALL_PARITY;JUN27=GLOBAL_REFERENCE_OUTLIER_SERIES_FORWARD_CLUSTER;DEC28=GLOBAL_REFERENCE_NO_OBSERVATION;DEC27=GLOBAL_REFERENCE_OUTLIER_SERIES_FORWARD_CLUSTER;JUN29=GLOBAL_REFERENCE_NO_OBSERVATION;DEC30=GLOBAL_REFERENCE_NO_OBSERVATION,WEIGHTED_ATM,2026-10-02,5,139,0.0,NONE,5131,4631,0,0,494,NONE,MN1;MN2;MN3;MN4;MN5;QMW;QRW;QTW;QWW,OK,NONE,NONE,2026-09-24
NAS,28250.0,-9583565.756541464,1.2258157009259818,0.0,0.0,0.0,0.0,0.0,0.0,31127.04129267234,30406.45870732766,31487.332585344684,30046.167414655316,DEC26,SEP26,2026-09-25,2026-12-18,30766.75,30793.940034634394,FOUND,DEGRADED,SPOT_MONTH_FALLBACK;ESTIMATED_EXPIRY_ALIAS,2026-08-02.2,PUT_CALL_PARITY,SEP26,OCT26=PUT_CALL_PARITY;SEP26=PUT_CALL_PARITY;NOV26=SERIES_FORWARD_CLUSTER;DEC29=SERIES_FORWARD_CLUSTER;DEC26=PUT_CALL_PARITY;MAR27=SERIES_FORWARD_CLUSTER;JUN27=PUT_CALL_PARITY;DEC28=PUT_CALL_PARITY;DEC27=PUT_CALL_PARITY;SEP27=SERIES_FORWARD_CLUSTER;JUN29=PUT_CALL_PARITY;DEC30=PUT_CALL_PARITY,OCT26=30756.75;SEP26=30766.75;NOV26=31843.125;DEC29=29950.15;DEC26=20089;MAR27=27605.125;JUN27=24445.125;DEC27=21056.75;SEP27=36064.25,DEC26=GLOBAL_REFERENCE_OUTLIER_PUT_CALL_PARITY;JUN27=GLOBAL_REFERENCE_OUTLIER_SERIES_FORWARD_CLUSTER;DEC28=GLOBAL_REFERENCE_NO_OBSERVATION;DEC27=GLOBAL_REFERENCE_OUTLIER_SERIES_FORWARD_CLUSTER;JUN29=GLOBAL_REFERENCE_NO_OBSERVATION;DEC30=GLOBAL_REFERENCE_NO_OBSERVATION,WEIGHTED_ATM,2026-10-02,5,139,0.0,NONE,5131,4631,0,0,494,NONE,MN1;MN2;MN3;MN4;MN5;QMW;QRW;QTW;QWW,OK,NONE,NONE,2026-09-24
NAS,28275.0,-8769.884233779389,0.000926468409201525,0.0,0.0,0.0,0.0,0.0,0.0,31127.04129267234,30406.45870732766,31487.332585344684,30046.167414655316,DEC26,SEP26,2026-09-25,2026-12-18,30766.75,30793.940034634394,FOUND,DEGRADED,SPOT_MONTH_FALLBACK;ESTIMATED_EXPIRY_ALIAS,2026-08-02.2,PUT_CALL_PARITY,SEP26,OCT26=PUT_CALL_PARITY;SEP26=PUT_CALL_PARITY;NOV26=SERIES_FORWARD_CLUSTER;DEC29=SERIES_FORWARD_CLUSTER;DEC26=PUT_CALL_PARITY;MAR27=SERIES_FORWARD_CLUSTER;JUN27=PUT_CALL_PARITY;DEC28=PUT_CALL_PARITY;DEC27=PUT_CALL_PARITY;SEP27=SERIES_FORWARD_CLUSTER;JUN29=PUT_CALL_PARITY;DEC30=PUT_CALL_PARITY,OCT26=30756.75;SEP26=30766.75;NOV26=31843.125;DEC29=29950.15;DEC26=20089;MAR27=27605.125;JUN27=24445.125;DEC27=21056.75;SEP27=36064.25,DEC26=GLOBAL_REFERENCE_OUTLIER_PUT_CALL_PARITY;JUN27=GLOBAL_REFERENCE_OUTLIER_SERIES_FORWARD_CLUSTER;DEC28=GLOBAL_REFERENCE_NO_OBSERVATION;DEC27=GLOBAL_REFERENCE_OUTLIER_SERIES_FORWARD_CLUSTER;JUN29=GLOBAL_REFERENCE_NO_OBSERVATION;DEC30=GLOBAL_REFERENCE_NO_OBSERVATION,WEIGHTED_ATM,2026-10-02,5,139,0.0,NONE,5131,4631,0,0,494,NONE,MN1;MN2;MN3;MN4;MN5;QMW;QRW;QTW;QWW,OK,NONE,NONE,2026-09-24
NAS,28300.0,-5062118.198194128,0.5540323052427042,0.0,0.0,0.0,0.0,0.0,0.0,31127.04129267234,30406.45870732766,31487.332585344684,30046.167414655316,DEC26,SEP26,2026-09-25,2026-12-18,30766.75,30793.940034634394,FOUND,DEGRADED,SPOT_MONTH_FALLBACK;ESTIMATED_EXPIRY_ALIAS,2026-08-02.2,PUT_CALL_PARITY,SEP26,OCT26=PUT_CALL_PARITY;SEP26=PUT_CALL_PARITY;NOV26=SERIES_FORWARD_CLUSTER;DEC29=SERIES_FORWARD_CLUSTER;DEC26=PUT_CALL_PARITY;MAR27=SERIES_FORWARD_CLUSTER;JUN27=PUT_CALL_PARITY;DEC28=PUT_CALL_PARITY;DEC27=PUT_CALL_PARITY;SEP27=SERIES_FORWARD_CLUSTER;JUN29=PUT_CALL_PARITY;DEC30=PUT_CALL_PARITY,OCT26=30756.75;SEP26=30766.75;NOV26=31843.125;DEC29=29950.15;DEC26=20089;MAR27=27605.125;JUN27=24445.125;DEC27=21056.75;SEP27=36064.25,DEC26=GLOBAL_REFERENCE_OUTLIER_PUT_CALL_PARITY;JUN27=GLOBAL_REFERENCE_OUTLIER_SERIES_FORWARD_CLUSTER;DEC28=GLOBAL_REFERENCE_NO_OBSERVATION;DEC27=GLOBAL_REFERENCE_OUTLIER_SERIES_FORWARD_CLUSTER;JUN29=GLOBAL_REFERENCE_NO_OBSERVATION;DEC30=GLOBAL_REFERENCE_NO_OBSERVATION,WEIGHTED_ATM,2026-10-02,5,139,0.0,NONE,5131,4631,0,0,494,NONE,MN1;MN2;MN3;MN4;MN5;QMW;QRW;QTW;QWW,OK,NONE,NONE,2026-09-24
NAS,28325.0,-7673.280362288314,0.0008106209456248324,0.0,0.0,0.0,0.0,0.0,0.0,31127.04129267234,30406.45870732766,31487.332585344684,30046.167414655316,DEC26,SEP26,2026-09-25,2026-12-18,30766.75,30793.940034634394,FOUND,DEGRADED,SPOT_MONTH_FALLBACK;ESTIMATED_EXPIRY_ALIAS,2026-08-02.2,PUT_CALL_PARITY,SEP26,OCT26=PUT_CALL_PARITY;SEP26=PUT_CALL_PARITY;NOV26=SERIES_FORWARD_CLUSTER;DEC29=SERIES_FORWARD_CLUSTER;DEC26=PUT_CALL_PARITY;MAR27=SERIES_FORWARD_CLUSTER;JUN27=PUT_CALL_PARITY;DEC28=PUT_CALL_PARITY;DEC27=PUT_CALL_PARITY;SEP27=SERIES_FORWARD_CLUSTER;JUN29=PUT_CALL_PARITY;DEC30=PUT_CALL_PARITY,OCT26=30756.75;SEP26=30766.75;NOV26=31843.125;DEC29=29950.15;DEC26=20089;MAR27=27605.125;JUN27=24445.125;DEC27=21056.75;SEP27=36064.25,DEC26=GLOBAL_REFERENCE_OUTLIER_PUT_CALL_PARITY;JUN27=GLOBAL_REFERENCE_OUTLIER_SERIES_FORWARD_CLUSTER;DEC28=GLOBAL_REFERENCE_NO_OBSERVATION;DEC27=GLOBAL_REFERENCE_OUTLIER_SERIES_FORWARD_CLUSTER;JUN29=GLOBAL_REFERENCE_NO_OBSERVATION;DEC30=GLOBAL_REFERENCE_NO_OBSERVATION,WEIGHTED_ATM,2026-10-02,5,139,0.0,NONE,5131,4631,0,0,494,NONE,MN1;MN2;MN3;MN4;MN5;QMW;QRW;QTW;QWW,OK,NONE,NONE,2026-09-24
NAS,28350.0,-453617.1142733319,0.048810442514736464,0.0,0.0,0.0,0.0,0.0,0.0,31127.04129267234,30406.45870732766,31487.332585344684,30046.167414655316,DEC26,SEP26,2026-09-25,2026-12-18,30766.75,30793.940034634394,FOUND,DEGRADED,SPOT_MONTH_FALLBACK;ESTIMATED_EXPIRY_ALIAS,2026-08-02.2,PUT_CALL_PARITY,SEP26,OCT26=PUT_CALL_PARITY;SEP26=PUT_CALL_PARITY;NOV26=SERIES_FORWARD_CLUSTER;DEC29=SERIES_FORWARD_CLUSTER;DEC26=PUT_CALL_PARITY;MAR27=SERIES_FORWARD_CLUSTER;JUN27=PUT_CALL_PARITY;DEC28=PUT_CALL_PARITY;DEC27=PUT_CALL_PARITY;SEP27=SERIES_FORWARD_CLUSTER;JUN29=PUT_CALL_PARITY;DEC30=PUT_CALL_PARITY,OCT26=30756.75;SEP26=30766.75;NOV26=31843.125;DEC29=29950.15;DEC26=20089;MAR27=27605.125;JUN27=24445.125;DEC27=21056.75;SEP27=36064.25,DEC26=GLOBAL_REFERENCE_OUTLIER_PUT_CALL_PARITY;JUN27=GLOBAL_REFERENCE_OUTLIER_SERIES_FORWARD_CLUSTER;DEC28=GLOBAL_REFERENCE_NO_OBSERVATION;DEC27=GLOBAL_REFERENCE_OUTLIER_SERIES_FORWARD_CLUSTER;JUN29=GLOBAL_REFERENCE_NO_OBSERVATION;DEC30=GLOBAL_REFERENCE_NO_OBSERVATION,WEIGHTED_ATM,2026-10-02,5,139,0.0,NONE,5131,4631,0,0,494,NONE,MN1;MN2;MN3;MN4;MN5;QMW;QRW;QTW;QWW,OK,NONE,NONE,2026-09-24
NAS,28375.0,-14410.577672408168,0.0015223627377436214,0.0,0.0,0.0,0.0,0.0,0.0,31127.04129267234,30406.45870732766,31487.332585344684,30046.167414655316,DEC26,SEP26,2026-09-25,2026-12-18,30766.75,30793.940034634394,FOUND,DEGRADED,SPOT_MONTH_FALLBACK;ESTIMATED_EXPIRY_ALIAS,2026-08-02.2,PUT_CALL_PARITY,SEP26,OCT26=PUT_CALL_PARITY;SEP26=PUT_CALL_PARITY;NOV26=SERIES_FORWARD_CLUSTER;DEC29=SERIES_FORWARD_CLUSTER;DEC26=PUT_CALL_PARITY;MAR27=SERIES_FORWARD_CLUSTER;JUN27=PUT_CALL_PARITY;DEC28=PUT_CALL_PARITY;DEC27=PUT_CALL_PARITY;SEP27=SERIES_FORWARD_CLUSTER;JUN29=PUT_CALL_PARITY;DEC30=PUT_CALL_PARITY,OCT26=30756.75;SEP26=30766.75;NOV26=31843.125;DEC29=29950.15;DEC26=20089;MAR27=27605.125;JUN27=24445.125;DEC27=21056.75;SEP27=36064.25,DEC26=GLOBAL_REFERENCE_OUTLIER_PUT_CALL_PARITY;JUN27=GLOBAL_REFERENCE_OUTLIER_SERIES_FORWARD_CLUSTER;DEC28=GLOBAL_REFERENCE_NO_OBSERVATION;DEC27=GLOBAL_REFERENCE_OUTLIER_SERIES_FORWARD_CLUSTER;JUN29=GLOBAL_REFERENCE_NO_OBSERVATION;DEC30=GLOBAL_REFERENCE_NO_OBSERVATION,WEIGHTED_ATM,2026-10-02,5,139,0.0,NONE,5131,4631,0,0,494,NONE,MN1;MN2;MN3;MN4;MN5;QMW;QRW;QTW;QWW,OK,NONE,NONE,2026-09-24
NAS,28400.0,-5868135.599076369,0.9985352982244181,0.0,0.0,0.0,0.0,0.0,0.0,31127.04129267234,30406.45870732766,31487.332585344684,30046.167414655316,DEC26,SEP26,2026-09-25,2026-12-18,30766.75,30793.940034634394,FOUND,DEGRADED,SPOT_MONTH_FALLBACK;ESTIMATED_EXPIRY_ALIAS,2026-08-02.2,PUT_CALL_PARITY,SEP26,OCT26=PUT_CALL_PARITY;SEP26=PUT_CALL_PARITY;NOV26=SERIES_FORWARD_CLUSTER;DEC29=SERIES_FORWARD_CLUSTER;DEC26=PUT_CALL_PARITY;MAR27=SERIES_FORWARD_CLUSTER;JUN27=PUT_CALL_PARITY;DEC28=PUT_CALL_PARITY;DEC27=PUT_CALL_PARITY;SEP27=SERIES_FORWARD_CLUSTER;JUN29=PUT_CALL_PARITY;DEC30=PUT_CALL_PARITY,OCT26=30756.75;SEP26=30766.75;NOV26=31843.125;DEC29=29950.15;DEC26=20089;MAR27=27605.125;JUN27=24445.125;DEC27=21056.75;SEP27=36064.25,DEC26=GLOBAL_REFERENCE_OUTLIER_PUT_CALL_PARITY;JUN27=GLOBAL_REFERENCE_OUTLIER_SERIES_FORWARD_CLUSTER;DEC28=GLOBAL_REFERENCE_NO_OBSERVATION;DEC27=GLOBAL_REFERENCE_OUTLIER_SERIES_FORWARD_CLUSTER;JUN29=GLOBAL_REFERENCE_NO_OBSERVATION;DEC30=GLOBAL_REFERENCE_NO_OBSERVATION,WEIGHTED_ATM,2026-10-02,5,139,0.0,NONE,5131,4631,0,0,494,NONE,MN1;MN2;MN3;MN4;MN5;QMW;QRW;QTW;QWW,OK,NONE,NONE,2026-09-24
NAS,28425.0,-9877.4407077544,0.001043472927983214,0.0,0.0,0.0,0.0,0.0,0.0,31127.04129267234,30406.45870732766,31487.332585344684,30046.167414655316,DEC26,SEP26,2026-09-25,2026-12-18,30766.75,30793.940034634394,FOUND,DEGRADED,SPOT_MONTH_FALLBACK;ESTIMATED_EXPIRY_ALIAS,2026-08-02.2,PUT_CALL_PARITY,SEP26,OCT26=PUT_CALL_PARITY;SEP26=PUT_CALL_PARITY;NOV26=SERIES_FORWARD_CLUSTER;DEC29=SERIES_FORWARD_CLUSTER;DEC26=PUT_CALL_PARITY;MAR27=SERIES_FORWARD_CLUSTER;JUN27=PUT_CALL_PARITY;DEC28=PUT_CALL_PARITY;DEC27=PUT_CALL_PARITY;SEP27=SERIES_FORWARD_CLUSTER;JUN29=PUT_CALL_PARITY;DEC30=PUT_CALL_PARITY,OCT26=30756.75;SEP26=30766.75;NOV26=31843.125;DEC29=29950.15;DEC26=20089;MAR27=27605.125;JUN27=24445.125;DEC27=21056.75;SEP27=36064.25,DEC26=GLOBAL_REFERENCE_OUTLIER_PUT_CALL_PARITY;JUN27=GLOBAL_REFERENCE_OUTLIER_SERIES_FORWARD_CLUSTER;DEC28=GLOBAL_REFERENCE_NO_OBSERVATION;DEC27=GLOBAL_REFERENCE_OUTLIER_SERIES_FORWARD_CLUSTER;JUN29=GLOBAL_REFERENCE_NO_OBSERVATION;DEC30=GLOBAL_REFERENCE_NO_OBSERVATION,WEIGHTED_ATM,2026-10-02,5,139,0.0,NONE,5131,4631,0,0,494,NONE,MN1;MN2;MN3;MN4;MN5;QMW;QRW;QTW;QWW,OK,NONE,NONE,2026-09-24
NAS,28430.0,-2832.7015366073115,0.0002992523523006986,0.0,0.0,0.0,0.0,0.0,0.0,31127.04129267234,30406.45870732766,31487.332585344684,30046.167414655316,DEC26,SEP26,2026-09-25,2026-12-18,30766.75,30793.940034634394,FOUND,DEGRADED,SPOT_MONTH_FALLBACK;ESTIMATED_EXPIRY_ALIAS,2026-08-02.2,PUT_CALL_PARITY,SEP26,OCT26=PUT_CALL_PARITY;SEP26=PUT_CALL_PARITY;NOV26=SERIES_FORWARD_CLUSTER;DEC29=SERIES_FORWARD_CLUSTER;DEC26=PUT_CALL_PARITY;MAR27=SERIES_FORWARD_CLUSTER;JUN27=PUT_CALL_PARITY;DEC28=PUT_CALL_PARITY;DEC27=PUT_CALL_PARITY;SEP27=SERIES_FORWARD_CLUSTER;JUN29=PUT_CALL_PARITY;DEC30=PUT_CALL_PARITY,OCT26=30756.75;SEP26=30766.75;NOV26=31843.125;DEC29=29950.15;DEC26=20089;MAR27=27605.125;JUN27=24445.125;DEC27=21056.75;SEP27=36064.25,DEC26=GLOBAL_REFERENCE_OUTLIER_PUT_CALL_PARITY;JUN27=GLOBAL_REFERENCE_OUTLIER_SERIES_FORWARD_CLUSTER;DEC28=GLOBAL_REFERENCE_NO_OBSERVATION;DEC27=GLOBAL_REFERENCE_OUTLIER_SERIES_FORWARD_CLUSTER;JUN29=GLOBAL_REFERENCE_NO_OBSERVATION;DEC30=GLOBAL_REFERENCE_NO_OBSERVATION,WEIGHTED_ATM,2026-10-02,5,139,0.0,NONE,5131,4631,0,0,494,NONE,MN1;MN2;MN3;MN4;MN5;QMW;QRW;QTW;QWW,OK,NONE,NONE,2026-09-24
NAS,28450.0,-660197.7301140511,0.06978138191781992,0.0,0.0,0.0,0.0,0.0,0.0,31127.04129267234,30406.45870732766,31487.332585344684,30046.167414655316,DEC26,SEP26,2026-09-25,2026-12-18,30766.75,30793.940034634394,FOUND,DEGRADED,SPOT_MONTH_FALLBACK;ESTIMATED_EXPIRY_ALIAS,2026-08-02.2,PUT_CALL_PARITY,SEP26,OCT26=PUT_CALL_PARITY;SEP26=PUT_CALL_PARITY;NOV26=SERIES_FORWARD_CLUSTER;DEC29=SERIES_FORWARD_CLUSTER;DEC26=PUT_CALL_PARITY;MAR27=SERIES_FORWARD_CLUSTER;JUN27=PUT_CALL_PARITY;DEC28=PUT_CALL_PARITY;DEC27=PUT_CALL_PARITY;SEP27=SERIES_FORWARD_CLUSTER;JUN29=PUT_CALL_PARITY;DEC30=PUT_CALL_PARITY,OCT26=30756.75;SEP26=30766.75;NOV26=31843.125;DEC29=29950.15;DEC26=20089;MAR27=27605.125;JUN27=24445.125;DEC27=21056.75;SEP27=36064.25,DEC26=GLOBAL_REFERENCE_OUTLIER_PUT_CALL_PARITY;JUN27=GLOBAL_REFERENCE_OUTLIER_SERIES_FORWARD_CLUSTER;DEC28=GLOBAL_REFERENCE_NO_OBSERVATION;DEC27=GLOBAL_REFERENCE_OUTLIER_SERIES_FORWARD_CLUSTER;JUN29=GLOBAL_REFERENCE_NO_OBSERVATION;DEC30=GLOBAL_REFERENCE_NO_OBSERVATION,WEIGHTED_ATM,2026-10-02,5,139,0.0,NONE,5131,4631,0,0,494,NONE,MN1;MN2;MN3;MN4;MN5;QMW;QRW;QTW;QWW,OK,NONE,NONE,2026-09-24
NAS,28475.0,-65888.00474329367,0.00696347902631761,0.0,0.0,0.0,0.0,0.0,0.0,31127.04129267234,30406.45870732766,31487.332585344684,30046.167414655316,DEC26,SEP26,2026-09-25,2026-12-18,30766.75,30793.940034634394,FOUND,DEGRADED,SPOT_MONTH_FALLBACK;ESTIMATED_EXPIRY_ALIAS,2026-08-02.2,PUT_CALL_PARITY,SEP26,OCT26=PUT_CALL_PARITY;SEP26=PUT_CALL_PARITY;NOV26=SERIES_FORWARD_CLUSTER;DEC29=SERIES_FORWARD_CLUSTER;DEC26=PUT_CALL_PARITY;MAR27=SERIES_FORWARD_CLUSTER;JUN27=PUT_CALL_PARITY;DEC28=PUT_CALL_PARITY;DEC27=PUT_CALL_PARITY;SEP27=SERIES_FORWARD_CLUSTER;JUN29=PUT_CALL_PARITY;DEC30=PUT_CALL_PARITY,OCT26=30756.75;SEP26=30766.75;NOV26=31843.125;DEC29=29950.15;DEC26=20089;MAR27=27605.125;JUN27=24445.125;DEC27=21056.75;SEP27=36064.25,DEC26=GLOBAL_REFERENCE_OUTLIER_PUT_CALL_PARITY;JUN27=GLOBAL_REFERENCE_OUTLIER_SERIES_FORWARD_CLUSTER;DEC28=GLOBAL_REFERENCE_NO_OBSERVATION;DEC27=GLOBAL_REFERENCE_OUTLIER_SERIES_FORWARD_CLUSTER;JUN29=GLOBAL_REFERENCE_NO_OBSERVATION;DEC30=GLOBAL_REFERENCE_NO_OBSERVATION,WEIGHTED_ATM,2026-10-02,5,139,0.0,NONE,5131,4631,0,0,494,NONE,MN1;MN2;MN3;MN4;MN5;QMW;QRW;QTW;QWW,OK,NONE,NONE,2026-09-24
NAS,28490.0,-5018.274666575772,0.0005301407434058181,0.0,0.0,0.0,0.0,0.0,0.0,31127.04129267234,30406.45870732766,31487.332585344684,30046.167414655316,DEC26,SEP26,2026-09-25,2026-12-18,30766.75,30793.940034634394,FOUND,DEGRADED,SPOT_MONTH_FALLBACK;ESTIMATED_EXPIRY_ALIAS,2026-08-02.2,PUT_CALL_PARITY,SEP26,OCT26=PUT_CALL_PARITY;SEP26=PUT_CALL_PARITY;NOV26=SERIES_FORWARD_CLUSTER;DEC29=SERIES_FORWARD_CLUSTER;DEC26=PUT_CALL_PARITY;MAR27=SERIES_FORWARD_CLUSTER;JUN27=PUT_CALL_PARITY;DEC28=PUT_CALL_PARITY;DEC27=PUT_CALL_PARITY;SEP27=SERIES_FORWARD_CLUSTER;JUN29=PUT_CALL_PARITY;DEC30=PUT_CALL_PARITY,OCT26=30756.75;SEP26=30766.75;NOV26=31843.125;DEC29=29950.15;DEC26=20089;MAR27=27605.125;JUN27=24445.125;DEC27=21056.75;SEP27=36064.25,DEC26=GLOBAL_REFERENCE_OUTLIER_PUT_CALL_PARITY;JUN27=GLOBAL_REFERENCE_OUTLIER_SERIES_FORWARD_CLUSTER;DEC28=GLOBAL_REFERENCE_NO_OBSERVATION;DEC27=GLOBAL_REFERENCE_OUTLIER_SERIES_FORWARD_CLUSTER;JUN29=GLOBAL_REFERENCE_NO_OBSERVATION;DEC30=GLOBAL_REFERENCE_NO_OBSERVATION,WEIGHTED_ATM,2026-10-02,5,139,0.0,NONE,5131,4631,0,0,494,NONE,MN1;MN2;MN3;MN4;MN5;QMW;QRW;QTW;QWW,OK,NONE,NONE,2026-09-24
NAS,28500.0,-48835845.141091585,5.428733466843063,0.0,0.0,0.0,0.0,0.0,0.0,31127.04129267234,30406.45870732766,31487.332585344684,30046.167414655316,DEC26,SEP26,2026-09-25,2026-12-18,30766.75,30793.940034634394,FOUND,DEGRADED,SPOT_MONTH_FALLBACK;ESTIMATED_EXPIRY_ALIAS,2026-08-02.2,PUT_CALL_PARITY,SEP26,OCT26=PUT_CALL_PARITY;SEP26=PUT_CALL_PARITY;NOV26=SERIES_FORWARD_CLUSTER;DEC29=SERIES_FORWARD_CLUSTER;DEC26=PUT_CALL_PARITY;MAR27=SERIES_FORWARD_CLUSTER;JUN27=PUT_CALL_PARITY;DEC28=PUT_CALL_PARITY;DEC27=PUT_CALL_PARITY;SEP27=SERIES_FORWARD_CLUSTER;JUN29=PUT_CALL_PARITY;DEC30=PUT_CALL_PARITY,OCT26=30756.75;SEP26=30766.75;NOV26=31843.125;DEC29=29950.15;DEC26=20089;MAR27=27605.125;JUN27=24445.125;DEC27=21056.75;SEP27=36064.25,DEC26=GLOBAL_REFERENCE_OUTLIER_PUT_CALL_PARITY;JUN27=GLOBAL_REFERENCE_OUTLIER_SERIES_FORWARD_CLUSTER;DEC28=GLOBAL_REFERENCE_NO_OBSERVATION;DEC27=GLOBAL_REFERENCE_OUTLIER_SERIES_FORWARD_CLUSTER;JUN29=GLOBAL_REFERENCE_NO_OBSERVATION;DEC30=GLOBAL_REFERENCE_NO_OBSERVATION,WEIGHTED_ATM,2026-10-02,5,139,0.0,NONE,5131,4631,0,0,494,NONE,MN1;MN2;MN3;MN4;MN5;QMW;QRW;QTW;QWW,OK,NONE,NONE,2026-09-24
NAS,28525.0,-104158.50011491812,0.011005595408000354,0.0,0.0,0.0,0.0,0.0,0.0,31127.04129267234,30406.45870732766,31487.332585344684,30046.167414655316,DEC26,SEP26,2026-09-25,2026-12-18,30766.75,30793.940034634394,FOUND,DEGRADED,SPOT_MONTH_FALLBACK;ESTIMATED_EXPIRY_ALIAS,2026-08-02.2,PUT_CALL_PARITY,SEP26,OCT26=PUT_CALL_PARITY;SEP26=PUT_CALL_PARITY;NOV26=SERIES_FORWARD_CLUSTER;DEC29=SERIES_FORWARD_CLUSTER;DEC26=PUT_CALL_PARITY;MAR27=SERIES_FORWARD_CLUSTER;JUN27=PUT_CALL_PARITY;DEC28=PUT_CALL_PARITY;DEC27=PUT_CALL_PARITY;SEP27=SERIES_FORWARD_CLUSTER;JUN29=PUT_CALL_PARITY;DEC30=PUT_CALL_PARITY,OCT26=30756.75;SEP26=30766.75;NOV26=31843.125;DEC29=29950.15;DEC26=20089;MAR27=27605.125;JUN27=24445.125;DEC27=21056.75;SEP27=36064.25,DEC26=GLOBAL_REFERENCE_OUTLIER_PUT_CALL_PARITY;JUN27=GLOBAL_REFERENCE_OUTLIER_SERIES_FORWARD_CLUSTER;DEC28=GLOBAL_REFERENCE_NO_OBSERVATION;DEC27=GLOBAL_REFERENCE_OUTLIER_SERIES_FORWARD_CLUSTER;JUN29=GLOBAL_REFERENCE_NO_OBSERVATION;DEC30=GLOBAL_REFERENCE_NO_OBSERVATION,WEIGHTED_ATM,2026-10-02,5,139,0.0,NONE,5131,4631,0,0,494,NONE,MN1;MN2;MN3;MN4;MN5;QMW;QRW;QTW;QWW,OK,NONE,NONE,2026-09-24
NAS,28550.0,-462829.6197908863,0.0489229706509172,0.0,0.0,0.0,0.0,0.0,0.0,31127.04129267234,30406.45870732766,31487.332585344684,30046.167414655316,DEC26,SEP26,2026-09-25,2026-12-18,30766.75,30793.940034634394,FOUND,DEGRADED,SPOT_MONTH_FALLBACK;ESTIMATED_EXPIRY_ALIAS,2026-08-02.2,PUT_CALL_PARITY,SEP26,OCT26=PUT_CALL_PARITY;SEP26=PUT_CALL_PARITY;NOV26=SERIES_FORWARD_CLUSTER;DEC29=SERIES_FORWARD_CLUSTER;DEC26=PUT_CALL_PARITY;MAR27=SERIES_FORWARD_CLUSTER;JUN27=PUT_CALL_PARITY;DEC28=PUT_CALL_PARITY;DEC27=PUT_CALL_PARITY;SEP27=SERIES_FORWARD_CLUSTER;JUN29=PUT_CALL_PARITY;DEC30=PUT_CALL_PARITY,OCT26=30756.75;SEP26=30766.75;NOV26=31843.125;DEC29=29950.15;DEC26=20089;MAR27=27605.125;JUN27=24445.125;DEC27=21056.75;SEP27=36064.25,DEC26=GLOBAL_REFERENCE_OUTLIER_PUT_CALL_PARITY;JUN27=GLOBAL_REFERENCE_OUTLIER_SERIES_FORWARD_CLUSTER;DEC28=GLOBAL_REFERENCE_NO_OBSERVATION;DEC27=GLOBAL_REFERENCE_OUTLIER_SERIES_FORWARD_CLUSTER;JUN29=GLOBAL_REFERENCE_NO_OBSERVATION;DEC30=GLOBAL_REFERENCE_NO_OBSERVATION,WEIGHTED_ATM,2026-10-02,5,139,0.0,NONE,5131,4631,0,0,494,NONE,MN1;MN2;MN3;MN4;MN5;QMW;QRW;QTW;QWW,OK,NONE,NONE,2026-09-24
NAS,28575.0,-23230.521638469098,0.0024541195588894333,0.0,0.0,0.0,0.0,0.0,0.0,31127.04129267234,30406.45870732766,31487.332585344684,30046.167414655316,DEC26,SEP26,2026-09-25,2026-12-18,30766.75,30793.940034634394,FOUND,DEGRADED,SPOT_MONTH_FALLBACK;ESTIMATED_EXPIRY_ALIAS,2026-08-02.2,PUT_CALL_PARITY,SEP26,OCT26=PUT_CALL_PARITY;SEP26=PUT_CALL_PARITY;NOV26=SERIES_FORWARD_CLUSTER;DEC29=SERIES_FORWARD_CLUSTER;DEC26=PUT_CALL_PARITY;MAR27=SERIES_FORWARD_CLUSTER;JUN27=PUT_CALL_PARITY;DEC28=PUT_CALL_PARITY;DEC27=PUT_CALL_PARITY;SEP27=SERIES_FORWARD_CLUSTER;JUN29=PUT_CALL_PARITY;DEC30=PUT_CALL_PARITY,OCT26=30756.75;SEP26=30766.75;NOV26=31843.125;DEC29=29950.15;DEC26=20089;MAR27=27605.125;JUN27=24445.125;DEC27=21056.75;SEP27=36064.25,DEC26=GLOBAL_REFERENCE_OUTLIER_PUT_CALL_PARITY;JUN27=GLOBAL_REFERENCE_OUTLIER_SERIES_FORWARD_CLUSTER;DEC28=GLOBAL_REFERENCE_NO_OBSERVATION;DEC27=GLOBAL_REFERENCE_OUTLIER_SERIES_FORWARD_CLUSTER;JUN29=GLOBAL_REFERENCE_NO_OBSERVATION;DEC30=GLOBAL_REFERENCE_NO_OBSERVATION,WEIGHTED_ATM,2026-10-02,5,139,0.0,NONE,5131,4631,0,0,494,NONE,MN1;MN2;MN3;MN4;MN5;QMW;QRW;QTW;QWW,OK,NONE,NONE,2026-09-24
NAS,28590.0,-28933.693106871244,0.0030566141935828043,0.0,0.0,0.0,0.0,0.0,0.0,31127.04129267234,30406.45870732766,31487.332585344684,30046.167414655316,DEC26,SEP26,2026-09-25,2026-12-18,30766.75,30793.940034634394,FOUND,DEGRADED,SPOT_MONTH_FALLBACK;ESTIMATED_EXPIRY_ALIAS,2026-08-02.2,PUT_CALL_PARITY,SEP26,OCT26=PUT_CALL_PARITY;SEP26=PUT_CALL_PARITY;NOV26=SERIES_FORWARD_CLUSTER;DEC29=SERIES_FORWARD_CLUSTER;DEC26=PUT_CALL_PARITY;MAR27=SERIES_FORWARD_CLUSTER;JUN27=PUT_CALL_PARITY;DEC28=PUT_CALL_PARITY;DEC27=PUT_CALL_PARITY;SEP27=SERIES_FORWARD_CLUSTER;JUN29=PUT_CALL_PARITY;DEC30=PUT_CALL_PARITY,OCT26=30756.75;SEP26=30766.75;NOV26=31843.125;DEC29=29950.15;DEC26=20089;MAR27=27605.125;JUN27=24445.125;DEC27=21056.75;SEP27=36064.25,DEC26=GLOBAL_REFERENCE_OUTLIER_PUT_CALL_PARITY;JUN27=GLOBAL_REFERENCE_OUTLIER_SERIES_FORWARD_CLUSTER;DEC28=GLOBAL_REFERENCE_NO_OBSERVATION;DEC27=GLOBAL_REFERENCE_OUTLIER_SERIES_FORWARD_CLUSTER;JUN29=GLOBAL_REFERENCE_NO_OBSERVATION;DEC30=GLOBAL_REFERENCE_NO_OBSERVATION,WEIGHTED_ATM,2026-10-02,5,139,0.0,NONE,5131,4631,0,0,494,NONE,MN1;MN2;MN3;MN4;MN5;QMW;QRW;QTW;QWW,OK,NONE,NONE,2026-09-24
NAS,28600.0,-8860843.409622388,1.101069791736177,0.0,0.0,0.0,0.0,0.0,0.0,31127.04129267234,30406.45870732766,31487.332585344684,30046.167414655316,DEC26,SEP26,2026-09-25,2026-12-18,30766.75,30793.940034634394,FOUND,DEGRADED,SPOT_MONTH_FALLBACK;ESTIMATED_EXPIRY_ALIAS,2026-08-02.2,PUT_CALL_PARITY,SEP26,OCT26=PUT_CALL_PARITY;SEP26=PUT_CALL_PARITY;NOV26=SERIES_FORWARD_CLUSTER;DEC29=SERIES_FORWARD_CLUSTER;DEC26=PUT_CALL_PARITY;MAR27=SERIES_FORWARD_CLUSTER;JUN27=PUT_CALL_PARITY;DEC28=PUT_CALL_PARITY;DEC27=PUT_CALL_PARITY;SEP27=SERIES_FORWARD_CLUSTER;JUN29=PUT_CALL_PARITY;DEC30=PUT_CALL_PARITY,OCT26=30756.75;SEP26=30766.75;NOV26=31843.125;DEC29=29950.15;DEC26=20089;MAR27=27605.125;JUN27=24445.125;DEC27=21056.75;SEP27=36064.25,DEC26=GLOBAL_REFERENCE_OUTLIER_PUT_CALL_PARITY;JUN27=GLOBAL_REFERENCE_OUTLIER_SERIES_FORWARD_CLUSTER;DEC28=GLOBAL_REFERENCE_NO_OBSERVATION;DEC27=GLOBAL_REFERENCE_OUTLIER_SERIES_FORWARD_CLUSTER;JUN29=GLOBAL_REFERENCE_NO_OBSERVATION;DEC30=GLOBAL_REFERENCE_NO_OBSERVATION,WEIGHTED_ATM,2026-10-02,5,139,0.0,NONE,5131,4631,0,0,494,NONE,MN1;MN2;MN3;MN4;MN5;QMW;QRW;QTW;QWW,OK,NONE,NONE,2026-09-24
NAS,28610.0,-3674.9929401717136,0.0003882337294708435,0.0,0.0,0.0,0.0,0.0,0.0,31127.04129267234,30406.45870732766,31487.332585344684,30046.167414655316,DEC26,SEP26,2026-09-25,2026-12-18,30766.75,30793.940034634394,FOUND,DEGRADED,SPOT_MONTH_FALLBACK;ESTIMATED_EXPIRY_ALIAS,2026-08-02.2,PUT_CALL_PARITY,SEP26,OCT26=PUT_CALL_PARITY;SEP26=PUT_CALL_PARITY;NOV26=SERIES_FORWARD_CLUSTER;DEC29=SERIES_FORWARD_CLUSTER;DEC26=PUT_CALL_PARITY;MAR27=SERIES_FORWARD_CLUSTER;JUN27=PUT_CALL_PARITY;DEC28=PUT_CALL_PARITY;DEC27=PUT_CALL_PARITY;SEP27=SERIES_FORWARD_CLUSTER;JUN29=PUT_CALL_PARITY;DEC30=PUT_CALL_PARITY,OCT26=30756.75;SEP26=30766.75;NOV26=31843.125;DEC29=29950.15;DEC26=20089;MAR27=27605.125;JUN27=24445.125;DEC27=21056.75;SEP27=36064.25,DEC26=GLOBAL_REFERENCE_OUTLIER_PUT_CALL_PARITY;JUN27=GLOBAL_REFERENCE_OUTLIER_SERIES_FORWARD_CLUSTER;DEC28=GLOBAL_REFERENCE_NO_OBSERVATION;DEC27=GLOBAL_REFERENCE_OUTLIER_SERIES_FORWARD_CLUSTER;JUN29=GLOBAL_REFERENCE_NO_OBSERVATION;DEC30=GLOBAL_REFERENCE_NO_OBSERVATION,WEIGHTED_ATM,2026-10-02,5,139,0.0,NONE,5131,4631,0,0,494,NONE,MN1;MN2;MN3;MN4;MN5;QMW;QRW;QTW;QWW,OK,NONE,NONE,2026-09-24
NAS,28625.0,-191355.67122697952,0.020225602418150555,0.0,0.0,0.0,0.0,0.0,0.0,31127.04129267234,30406.45870732766,31487.332585344684,30046.167414655316,DEC26,SEP26,2026-09-25,2026-12-18,30766.75,30793.940034634394,FOUND,DEGRADED,SPOT_MONTH_FALLBACK;ESTIMATED_EXPIRY_ALIAS,2026-08-02.2,PUT_CALL_PARITY,SEP26,OCT26=PUT_CALL_PARITY;SEP26=PUT_CALL_PARITY;NOV26=SERIES_FORWARD_CLUSTER;DEC29=SERIES_FORWARD_CLUSTER;DEC26=PUT_CALL_PARITY;MAR27=SERIES_FORWARD_CLUSTER;JUN27=PUT_CALL_PARITY;DEC28=PUT_CALL_PARITY;DEC27=PUT_CALL_PARITY;SEP27=SERIES_FORWARD_CLUSTER;JUN29=PUT_CALL_PARITY;DEC30=PUT_CALL_PARITY,OCT26=30756.75;SEP26=30766.75;NOV26=31843.125;DEC29=29950.15;DEC26=20089;MAR27=27605.125;JUN27=24445.125;DEC27=21056.75;SEP27=36064.25,DEC26=GLOBAL_REFERENCE_OUTLIER_PUT_CALL_PARITY;JUN27=GLOBAL_REFERENCE_OUTLIER_SERIES_FORWARD_CLUSTER;DEC28=GLOBAL_REFERENCE_NO_OBSERVATION;DEC27=GLOBAL_REFERENCE_OUTLIER_SERIES_FORWARD_CLUSTER;JUN29=GLOBAL_REFERENCE_NO_OBSERVATION;DEC30=GLOBAL_REFERENCE_NO_OBSERVATION,WEIGHTED_ATM,2026-10-02,5,139,0.0,NONE,5131,4631,0,0,494,NONE,MN1;MN2;MN3;MN4;MN5;QMW;QRW;QTW;QWW,OK,NONE,NONE,2026-09-24
NAS,28650.0,-1148704.5441744274,0.1214165107083147,0.0,0.0,0.0,0.0,0.0,0.0,31127.04129267234,30406.45870732766,31487.332585344684,30046.167414655316,DEC26,SEP26,2026-09-25,2026-12-18,30766.75,30793.940034634394,FOUND,DEGRADED,SPOT_MONTH_FALLBACK;ESTIMATED_EXPIRY_ALIAS,2026-08-02.2,PUT_CALL_PARITY,SEP26,OCT26=PUT_CALL_PARITY;SEP26=PUT_CALL_PARITY;NOV26=SERIES_FORWARD_CLUSTER;DEC29=SERIES_FORWARD_CLUSTER;DEC26=PUT_CALL_PARITY;MAR27=SERIES_FORWARD_CLUSTER;JUN27=PUT_CALL_PARITY;DEC28=PUT_CALL_PARITY;DEC27=PUT_CALL_PARITY;SEP27=SERIES_FORWARD_CLUSTER;JUN29=PUT_CALL_PARITY;DEC30=PUT_CALL_PARITY,OCT26=30756.75;SEP26=30766.75;NOV26=31843.125;DEC29=29950.15;DEC26=20089;MAR27=27605.125;JUN27=24445.125;DEC27=21056.75;SEP27=36064.25,DEC26=GLOBAL_REFERENCE_OUTLIER_PUT_CALL_PARITY;JUN27=GLOBAL_REFERENCE_OUTLIER_SERIES_FORWARD_CLUSTER;DEC28=GLOBAL_REFERENCE_NO_OBSERVATION;DEC27=GLOBAL_REFERENCE_OUTLIER_SERIES_FORWARD_CLUSTER;JUN29=GLOBAL_REFERENCE_NO_OBSERVATION;DEC30=GLOBAL_REFERENCE_NO_OBSERVATION,WEIGHTED_ATM,2026-10-02,5,139,0.0,NONE,5131,4631,0,0,494,NONE,MN1;MN2;MN3;MN4;MN5;QMW;QRW;QTW;QWW,OK,NONE,NONE,2026-09-24
NAS,28675.0,-259001.4136906125,0.027373821634343442,0.0,0.0,0.0,0.0,0.0,0.0,31127.04129267234,30406.45870732766,31487.332585344684,30046.167414655316,DEC26,SEP26,2026-09-25,2026-12-18,30766.75,30793.940034634394,FOUND,DEGRADED,SPOT_MONTH_FALLBACK;ESTIMATED_EXPIRY_ALIAS,2026-08-02.2,PUT_CALL_PARITY,SEP26,OCT26=PUT_CALL_PARITY;SEP26=PUT_CALL_PARITY;NOV26=SERIES_FORWARD_CLUSTER;DEC29=SERIES_FORWARD_CLUSTER;DEC26=PUT_CALL_PARITY;MAR27=SERIES_FORWARD_CLUSTER;JUN27=PUT_CALL_PARITY;DEC28=PUT_CALL_PARITY;DEC27=PUT_CALL_PARITY;SEP27=SERIES_FORWARD_CLUSTER;JUN29=PUT_CALL_PARITY;DEC30=PUT_CALL_PARITY,OCT26=30756.75;SEP26=30766.75;NOV26=31843.125;DEC29=29950.15;DEC26=20089;MAR27=27605.125;JUN27=24445.125;DEC27=21056.75;SEP27=36064.25,DEC26=GLOBAL_REFERENCE_OUTLIER_PUT_CALL_PARITY;JUN27=GLOBAL_REFERENCE_OUTLIER_SERIES_FORWARD_CLUSTER;DEC28=GLOBAL_REFERENCE_NO_OBSERVATION;DEC27=GLOBAL_REFERENCE_OUTLIER_SERIES_FORWARD_CLUSTER;JUN29=GLOBAL_REFERENCE_NO_OBSERVATION;DEC30=GLOBAL_REFERENCE_NO_OBSERVATION,WEIGHTED_ATM,2026-10-02,5,139,0.0,NONE,5131,4631,0,0,494,NONE,MN1;MN2;MN3;MN4;MN5;QMW;QRW;QTW;QWW,OK,NONE,NONE,2026-09-24
NAS,28700.0,-11827129.689277219,1.355843226497393,0.0,0.0,0.0,0.0,0.0,0.0,31127.04129267234,30406.45870732766,31487.332585344684,30046.167414655316,DEC26,SEP26,2026-09-25,2026-12-18,30766.75,30793.940034634394,FOUND,DEGRADED,SPOT_MONTH_FALLBACK;ESTIMATED_EXPIRY_ALIAS,2026-08-02.2,PUT_CALL_PARITY,SEP26,OCT26=PUT_CALL_PARITY;SEP26=PUT_CALL_PARITY;NOV26=SERIES_FORWARD_CLUSTER;DEC29=SERIES_FORWARD_CLUSTER;DEC26=PUT_CALL_PARITY;MAR27=SERIES_FORWARD_CLUSTER;JUN27=PUT_CALL_PARITY;DEC28=PUT_CALL_PARITY;DEC27=PUT_CALL_PARITY;SEP27=SERIES_FORWARD_CLUSTER;JUN29=PUT_CALL_PARITY;DEC30=PUT_CALL_PARITY,OCT26=30756.75;SEP26=30766.75;NOV26=31843.125;DEC29=29950.15;DEC26=20089;MAR27=27605.125;JUN27=24445.125;DEC27=21056.75;SEP27=36064.25,DEC26=GLOBAL_REFERENCE_OUTLIER_PUT_CALL_PARITY;JUN27=GLOBAL_REFERENCE_OUTLIER_SERIES_FORWARD_CLUSTER;DEC28=GLOBAL_REFERENCE_NO_OBSERVATION;DEC27=GLOBAL_REFERENCE_OUTLIER_SERIES_FORWARD_CLUSTER;JUN29=GLOBAL_REFERENCE_NO_OBSERVATION;DEC30=GLOBAL_REFERENCE_NO_OBSERVATION,WEIGHTED_ATM,2026-10-02,5,139,0.0,NONE,5131,4631,0,0,494,NONE,MN1;MN2;MN3;MN4;MN5;QMW;QRW;QTW;QWW,OK,NONE,NONE,2026-09-24
NAS,28710.0,-17951.637975587484,0.0018964475510113786,0.0,0.0,0.0,0.0,0.0,0.0,31127.04129267234,30406.45870732766,31487.332585344684,30046.167414655316,DEC26,SEP26,2026-09-25,2026-12-18,30766.75,30793.940034634394,FOUND,DEGRADED,SPOT_MONTH_FALLBACK;ESTIMATED_EXPIRY_ALIAS,2026-08-02.2,PUT_CALL_PARITY,SEP26,OCT26=PUT_CALL_PARITY;SEP26=PUT_CALL_PARITY;NOV26=SERIES_FORWARD_CLUSTER;DEC29=SERIES_FORWARD_CLUSTER;DEC26=PUT_CALL_PARITY;MAR27=SERIES_FORWARD_CLUSTER;JUN27=PUT_CALL_PARITY;DEC28=PUT_CALL_PARITY;DEC27=PUT_CALL_PARITY;SEP27=SERIES_FORWARD_CLUSTER;JUN29=PUT_CALL_PARITY;DEC30=PUT_CALL_PARITY,OCT26=30756.75;SEP26=30766.75;NOV26=31843.125;DEC29=29950.15;DEC26=20089;MAR27=27605.125;JUN27=24445.125;DEC27=21056.75;SEP27=36064.25,DEC26=GLOBAL_REFERENCE_OUTLIER_PUT_CALL_PARITY;JUN27=GLOBAL_REFERENCE_OUTLIER_SERIES_FORWARD_CLUSTER;DEC28=GLOBAL_REFERENCE_NO_OBSERVATION;DEC27=GLOBAL_REFERENCE_OUTLIER_SERIES_FORWARD_CLUSTER;JUN29=GLOBAL_REFERENCE_NO_OBSERVATION;DEC30=GLOBAL_REFERENCE_NO_OBSERVATION,WEIGHTED_ATM,2026-10-02,5,139,0.0,NONE,5131,4631,0,0,494,NONE,MN1;MN2;MN3;MN4;MN5;QMW;QRW;QTW;QWW,OK,NONE,NONE,2026-09-24
NAS,28725.0,-181761.1184008082,0.019205651683184298,0.0,0.0,0.0,0.0,0.0,0.0,31127.04129267234,30406.45870732766,31487.332585344684,30046.167414655316,DEC26,SEP26,2026-09-25,2026-12-18,30766.75,30793.940034634394,FOUND,DEGRADED,SPOT_MONTH_FALLBACK;ESTIMATED_EXPIRY_ALIAS,2026-08-02.2,PUT_CALL_PARITY,SEP26,OCT26=PUT_CALL_PARITY;SEP26=PUT_CALL_PARITY;NOV26=SERIES_FORWARD_CLUSTER;DEC29=SERIES_FORWARD_CLUSTER;DEC26=PUT_CALL_PARITY;MAR27=SERIES_FORWARD_CLUSTER;JUN27=PUT_CALL_PARITY;DEC28=PUT_CALL_PARITY;DEC27=PUT_CALL_PARITY;SEP27=SERIES_FORWARD_CLUSTER;JUN29=PUT_CALL_PARITY;DEC30=PUT_CALL_PARITY,OCT26=30756.75;SEP26=30766.75;NOV26=31843.125;DEC29=29950.15;DEC26=20089;MAR27=27605.125;JUN27=24445.125;DEC27=21056.75;SEP27=36064.25,DEC26=GLOBAL_REFERENCE_OUTLIER_PUT_CALL_PARITY;JUN27=GLOBAL_REFERENCE_OUTLIER_SERIES_FORWARD_CLUSTER;DEC28=GLOBAL_REFERENCE_NO_OBSERVATION;DEC27=GLOBAL_REFERENCE_OUTLIER_SERIES_FORWARD_CLUSTER;JUN29=GLOBAL_REFERENCE_NO_OBSERVATION;DEC30=GLOBAL_REFERENCE_NO_OBSERVATION,WEIGHTED_ATM,2026-10-02,5,139,0.0,NONE,5131,4631,0,0,494,NONE,MN1;MN2;MN3;MN4;MN5;QMW;QRW;QTW;QWW,OK,NONE,NONE,2026-09-24
NAS,28750.0,-15669162.926013852,1.873921048303184,0.0,0.0,0.0,0.0,0.0,0.0,31127.04129267234,30406.45870732766,31487.332585344684,30046.167414655316,DEC26,SEP26,2026-09-25,2026-12-18,30766.75,30793.940034634394,FOUND,DEGRADED,SPOT_MONTH_FALLBACK;ESTIMATED_EXPIRY_ALIAS,2026-08-02.2,PUT_CALL_PARITY,SEP26,OCT26=PUT_CALL_PARITY;SEP26=PUT_CALL_PARITY;NOV26=SERIES_FORWARD_CLUSTER;DEC29=SERIES_FORWARD_CLUSTER;DEC26=PUT_CALL_PARITY;MAR27=SERIES_FORWARD_CLUSTER;JUN27=PUT_CALL_PARITY;DEC28=PUT_CALL_PARITY;DEC27=PUT_CALL_PARITY;SEP27=SERIES_FORWARD_CLUSTER;JUN29=PUT_CALL_PARITY;DEC30=PUT_CALL_PARITY,OCT26=30756.75;SEP26=30766.75;NOV26=31843.125;DEC29=29950.15;DEC26=20089;MAR27=27605.125;JUN27=24445.125;DEC27=21056.75;SEP27=36064.25,DEC26=GLOBAL_REFERENCE_OUTLIER_PUT_CALL_PARITY;JUN27=GLOBAL_REFERENCE_OUTLIER_SERIES_FORWARD_CLUSTER;DEC28=GLOBAL_REFERENCE_NO_OBSERVATION;DEC27=GLOBAL_REFERENCE_OUTLIER_SERIES_FORWARD_CLUSTER;JUN29=GLOBAL_REFERENCE_NO_OBSERVATION;DEC30=GLOBAL_REFERENCE_NO_OBSERVATION,WEIGHTED_ATM,2026-10-02,5,139,0.0,NONE,5131,4631,0,0,494,NONE,MN1;MN2;MN3;MN4;MN5;QMW;QRW;QTW;QWW,OK,NONE,NONE,2026-09-24
NAS,28775.0,-167102.85443352954,0.017661999690598798,0.0,0.0,0.0,0.0,0.0,0.0,31127.04129267234,30406.45870732766,31487.332585344684,30046.167414655316,DEC26,SEP26,2026-09-25,2026-12-18,30766.75,30793.940034634394,FOUND,DEGRADED,SPOT_MONTH_FALLBACK;ESTIMATED_EXPIRY_ALIAS,2026-08-02.2,PUT_CALL_PARITY,SEP26,OCT26=PUT_CALL_PARITY;SEP26=PUT_CALL_PARITY;NOV26=SERIES_FORWARD_CLUSTER;DEC29=SERIES_FORWARD_CLUSTER;DEC26=PUT_CALL_PARITY;MAR27=SERIES_FORWARD_CLUSTER;JUN27=PUT_CALL_PARITY;DEC28=PUT_CALL_PARITY;DEC27=PUT_CALL_PARITY;SEP27=SERIES_FORWARD_CLUSTER;JUN29=PUT_CALL_PARITY;DEC30=PUT_CALL_PARITY,OCT26=30756.75;SEP26=30766.75;NOV26=31843.125;DEC29=29950.15;DEC26=20089;MAR27=27605.125;JUN27=24445.125;DEC27=21056.75;SEP27=36064.25,DEC26=GLOBAL_REFERENCE_OUTLIER_PUT_CALL_PARITY;JUN27=GLOBAL_REFERENCE_OUTLIER_SERIES_FORWARD_CLUSTER;DEC28=GLOBAL_REFERENCE_NO_OBSERVATION;DEC27=GLOBAL_REFERENCE_OUTLIER_SERIES_FORWARD_CLUSTER;JUN29=GLOBAL_REFERENCE_NO_OBSERVATION;DEC30=GLOBAL_REFERENCE_NO_OBSERVATION,WEIGHTED_ATM,2026-10-02,5,139,0.0,NONE,5131,4631,0,0,494,NONE,MN1;MN2;MN3;MN4;MN5;QMW;QRW;QTW;QWW,OK,NONE,NONE,2026-09-24
NAS,28800.0,-16663101.186555948,2.0002352503415826,0.0,0.0,0.0,0.0,0.0,0.0,31127.04129267234,30406.45870732766,31487.332585344684,30046.167414655316,DEC26,SEP26,2026-09-25,2026-12-18,30766.75,30793.940034634394,FOUND,DEGRADED,SPOT_MONTH_FALLBACK;ESTIMATED_EXPIRY_ALIAS,2026-08-02.2,PUT_CALL_PARITY,SEP26,OCT26=PUT_CALL_PARITY;SEP26=PUT_CALL_PARITY;NOV26=SERIES_FORWARD_CLUSTER;DEC29=SERIES_FORWARD_CLUSTER;DEC26=PUT_CALL_PARITY;MAR27=SERIES_FORWARD_CLUSTER;JUN27=PUT_CALL_PARITY;DEC28=PUT_CALL_PARITY;DEC27=PUT_CALL_PARITY;SEP27=SERIES_FORWARD_CLUSTER;JUN29=PUT_CALL_PARITY;DEC30=PUT_CALL_PARITY,OCT26=30756.75;SEP26=30766.75;NOV26=31843.125;DEC29=29950.15;DEC26=20089;MAR27=27605.125;JUN27=24445.125;DEC27=21056.75;SEP27=36064.25,DEC26=GLOBAL_REFERENCE_OUTLIER_PUT_CALL_PARITY;JUN27=GLOBAL_REFERENCE_OUTLIER_SERIES_FORWARD_CLUSTER;DEC28=GLOBAL_REFERENCE_NO_OBSERVATION;DEC27=GLOBAL_REFERENCE_OUTLIER_SERIES_FORWARD_CLUSTER;JUN29=GLOBAL_REFERENCE_NO_OBSERVATION;DEC30=GLOBAL_REFERENCE_NO_OBSERVATION,WEIGHTED_ATM,2026-10-02,5,139,0.0,NONE,5131,4631,0,0,494,NONE,MN1;MN2;MN3;MN4;MN5;QMW;QRW;QTW;QWW,OK,NONE,NONE,2026-09-24
NAS,28825.0,-97905.445939076,0.012169362885815934,0.0,0.0,0.0,0.0,0.0,0.0,31127.04129267234,30406.45870732766,31487.332585344684,30046.167414655316,DEC26,SEP26,2026-09-25,2026-12-18,30766.75,30793.940034634394,FOUND,DEGRADED,SPOT_MONTH_FALLBACK;ESTIMATED_EXPIRY_ALIAS,2026-08-02.2,PUT_CALL_PARITY,SEP26,OCT26=PUT_CALL_PARITY;SEP26=PUT_CALL_PARITY;NOV26=SERIES_FORWARD_CLUSTER;DEC29=SERIES_FORWARD_CLUSTER;DEC26=PUT_CALL_PARITY;MAR27=SERIES_FORWARD_CLUSTER;JUN27=PUT_CALL_PARITY;DEC28=PUT_CALL_PARITY;DEC27=PUT_CALL_PARITY;SEP27=SERIES_FORWARD_CLUSTER;JUN29=PUT_CALL_PARITY;DEC30=PUT_CALL_PARITY,OCT26=30756.75;SEP26=30766.75;NOV26=31843.125;DEC29=29950.15;DEC26=20089;MAR27=27605.125;JUN27=24445.125;DEC27=21056.75;SEP27=36064.25,DEC26=GLOBAL_REFERENCE_OUTLIER_PUT_CALL_PARITY;JUN27=GLOBAL_REFERENCE_OUTLIER_SERIES_FORWARD_CLUSTER;DEC28=GLOBAL_REFERENCE_NO_OBSERVATION;DEC27=GLOBAL_REFERENCE_OUTLIER_SERIES_FORWARD_CLUSTER;JUN29=GLOBAL_REFERENCE_NO_OBSERVATION;DEC30=GLOBAL_REFERENCE_NO_OBSERVATION,WEIGHTED_ATM,2026-10-02,5,139,0.0,NONE,5131,4631,0,0,494,NONE,MN1;MN2;MN3;MN4;MN5;QMW;QRW;QTW;QWW,OK,NONE,NONE,2026-09-24
NAS,28830.0,-4660.406166450395,0.0004923347871153769,0.0,0.0,0.0,0.0,0.0,0.0,31127.04129267234,30406.45870732766,31487.332585344684,30046.167414655316,DEC26,SEP26,2026-09-25,2026-12-18,30766.75,30793.940034634394,FOUND,DEGRADED,SPOT_MONTH_FALLBACK;ESTIMATED_EXPIRY_ALIAS,2026-08-02.2,PUT_CALL_PARITY,SEP26,OCT26=PUT_CALL_PARITY;SEP26=PUT_CALL_PARITY;NOV26=SERIES_FORWARD_CLUSTER;DEC29=SERIES_FORWARD_CLUSTER;DEC26=PUT_CALL_PARITY;MAR27=SERIES_FORWARD_CLUSTER;JUN27=PUT_CALL_PARITY;DEC28=PUT_CALL_PARITY;DEC27=PUT_CALL_PARITY;SEP27=SERIES_FORWARD_CLUSTER;JUN29=PUT_CALL_PARITY;DEC30=PUT_CALL_PARITY,OCT26=30756.75;SEP26=30766.75;NOV26=31843.125;DEC29=29950.15;DEC26=20089;MAR27=27605.125;JUN27=24445.125;DEC27=21056.75;SEP27=36064.25,DEC26=GLOBAL_REFERENCE_OUTLIER_PUT_CALL_PARITY;JUN27=GLOBAL_REFERENCE_OUTLIER_SERIES_FORWARD_CLUSTER;DEC28=GLOBAL_REFERENCE_NO_OBSERVATION;DEC27=GLOBAL_REFERENCE_OUTLIER_SERIES_FORWARD_CLUSTER;JUN29=GLOBAL_REFERENCE_NO_OBSERVATION;DEC30=GLOBAL_REFERENCE_NO_OBSERVATION,WEIGHTED_ATM,2026-10-02,5,139,0.0,NONE,5131,4631,0,0,494,NONE,MN1;MN2;MN3;MN4;MN5;QMW;QRW;QTW;QWW,OK,NONE,NONE,2026-09-24
NAS,28850.0,-824375.8292018757,0.08717021501807545,0.0,0.0,0.0,0.0,0.0,0.0,31127.04129267234,30406.45870732766,31487.332585344684,30046.167414655316,DEC26,SEP26,2026-09-25,2026-12-18,30766.75,30793.940034634394,FOUND,DEGRADED,SPOT_MONTH_FALLBACK;ESTIMATED_EXPIRY_ALIAS,2026-08-02.2,PUT_CALL_PARITY,SEP26,OCT26=PUT_CALL_PARITY;SEP26=PUT_CALL_PARITY;NOV26=SERIES_FORWARD_CLUSTER;DEC29=SERIES_FORWARD_CLUSTER;DEC26=PUT_CALL_PARITY;MAR27=SERIES_FORWARD_CLUSTER;JUN27=PUT_CALL_PARITY;DEC28=PUT_CALL_PARITY;DEC27=PUT_CALL_PARITY;SEP27=SERIES_FORWARD_CLUSTER;JUN29=PUT_CALL_PARITY;DEC30=PUT_CALL_PARITY,OCT26=30756.75;SEP26=30766.75;NOV26=31843.125;DEC29=29950.15;DEC26=20089;MAR27=27605.125;JUN27=24445.125;DEC27=21056.75;SEP27=36064.25,DEC26=GLOBAL_REFERENCE_OUTLIER_PUT_CALL_PARITY;JUN27=GLOBAL_REFERENCE_OUTLIER_SERIES_FORWARD_CLUSTER;DEC28=GLOBAL_REFERENCE_NO_OBSERVATION;DEC27=GLOBAL_REFERENCE_OUTLIER_SERIES_FORWARD_CLUSTER;JUN29=GLOBAL_REFERENCE_NO_OBSERVATION;DEC30=GLOBAL_REFERENCE_NO_OBSERVATION,WEIGHTED_ATM,2026-10-02,5,139,0.0,NONE,5131,4631,0,0,494,NONE,MN1;MN2;MN3;MN4;MN5;QMW;QRW;QTW;QWW,OK,NONE,NONE,2026-09-24
NAS,28875.0,-126190.38263082746,0.013332874105832771,0.0,0.0,0.0,0.0,0.0,0.0,31127.04129267234,30406.45870732766,31487.332585344684,30046.167414655316,DEC26,SEP26,2026-09-25,2026-12-18,30766.75,30793.940034634394,FOUND,DEGRADED,SPOT_MONTH_FALLBACK;ESTIMATED_EXPIRY_ALIAS,2026-08-02.2,PUT_CALL_PARITY,SEP26,OCT26=PUT_CALL_PARITY;SEP26=PUT_CALL_PARITY;NOV26=SERIES_FORWARD_CLUSTER;DEC29=SERIES_FORWARD_CLUSTER;DEC26=PUT_CALL_PARITY;MAR27=SERIES_FORWARD_CLUSTER;JUN27=PUT_CALL_PARITY;DEC28=PUT_CALL_PARITY;DEC27=PUT_CALL_PARITY;SEP27=SERIES_FORWARD_CLUSTER;JUN29=PUT_CALL_PARITY;DEC30=PUT_CALL_PARITY,OCT26=30756.75;SEP26=30766.75;NOV26=31843.125;DEC29=29950.15;DEC26=20089;MAR27=27605.125;JUN27=24445.125;DEC27=21056.75;SEP27=36064.25,DEC26=GLOBAL_REFERENCE_OUTLIER_PUT_CALL_PARITY;JUN27=GLOBAL_REFERENCE_OUTLIER_SERIES_FORWARD_CLUSTER;DEC28=GLOBAL_REFERENCE_NO_OBSERVATION;DEC27=GLOBAL_REFERENCE_OUTLIER_SERIES_FORWARD_CLUSTER;JUN29=GLOBAL_REFERENCE_NO_OBSERVATION;DEC30=GLOBAL_REFERENCE_NO_OBSERVATION,WEIGHTED_ATM,2026-10-02,5,139,0.0,NONE,5131,4631,0,0,494,NONE,MN1;MN2;MN3;MN4;MN5;QMW;QRW;QTW;QWW,OK,NONE,NONE,2026-09-24
NAS,28900.0,-9101859.315393701,1.1595811729534116,0.0,0.0,0.0,0.0,0.0,0.0,31127.04129267234,30406.45870732766,31487.332585344684,30046.167414655316,DEC26,SEP26,2026-09-25,2026-12-18,30766.75,30793.940034634394,FOUND,DEGRADED,SPOT_MONTH_FALLBACK;ESTIMATED_EXPIRY_ALIAS,2026-08-02.2,PUT_CALL_PARITY,SEP26,OCT26=PUT_CALL_PARITY;SEP26=PUT_CALL_PARITY;NOV26=SERIES_FORWARD_CLUSTER;DEC29=SERIES_FORWARD_CLUSTER;DEC26=PUT_CALL_PARITY;MAR27=SERIES_FORWARD_CLUSTER;JUN27=PUT_CALL_PARITY;DEC28=PUT_CALL_PARITY;DEC27=PUT_CALL_PARITY;SEP27=SERIES_FORWARD_CLUSTER;JUN29=PUT_CALL_PARITY;DEC30=PUT_CALL_PARITY,OCT26=30756.75;SEP26=30766.75;NOV26=31843.125;DEC29=29950.15;DEC26=20089;MAR27=27605.125;JUN27=24445.125;DEC27=21056.75;SEP27=36064.25,DEC26=GLOBAL_REFERENCE_OUTLIER_PUT_CALL_PARITY;JUN27=GLOBAL_REFERENCE_OUTLIER_SERIES_FORWARD_CLUSTER;DEC28=GLOBAL_REFERENCE_NO_OBSERVATION;DEC27=GLOBAL_REFERENCE_OUTLIER_SERIES_FORWARD_CLUSTER;JUN29=GLOBAL_REFERENCE_NO_OBSERVATION;DEC30=GLOBAL_REFERENCE_NO_OBSERVATION,WEIGHTED_ATM,2026-10-02,5,139,0.0,NONE,5131,4631,0,0,494,NONE,MN1;MN2;MN3;MN4;MN5;QMW;QRW;QTW;QWW,OK,NONE,NONE,2026-09-24
NAS,28925.0,-213734.68714521374,0.022592487523818414,0.0,0.0,0.0,0.0,0.0,0.0,31127.04129267234,30406.45870732766,31487.332585344684,30046.167414655316,DEC26,SEP26,2026-09-25,2026-12-18,30766.75,30793.940034634394,FOUND,DEGRADED,SPOT_MONTH_FALLBACK;ESTIMATED_EXPIRY_ALIAS,2026-08-02.2,PUT_CALL_PARITY,SEP26,OCT26=PUT_CALL_PARITY;SEP26=PUT_CALL_PARITY;NOV26=SERIES_FORWARD_CLUSTER;DEC29=SERIES_FORWARD_CLUSTER;DEC26=PUT_CALL_PARITY;MAR27=SERIES_FORWARD_CLUSTER;JUN27=PUT_CALL_PARITY;DEC28=PUT_CALL_PARITY;DEC27=PUT_CALL_PARITY;SEP27=SERIES_FORWARD_CLUSTER;JUN29=PUT_CALL_PARITY;DEC30=PUT_CALL_PARITY,OCT26=30756.75;SEP26=30766.75;NOV26=31843.125;DEC29=29950.15;DEC26=20089;MAR27=27605.125;JUN27=24445.125;DEC27=21056.75;SEP27=36064.25,DEC26=GLOBAL_REFERENCE_OUTLIER_PUT_CALL_PARITY;JUN27=GLOBAL_REFERENCE_OUTLIER_SERIES_FORWARD_CLUSTER;DEC28=GLOBAL_REFERENCE_NO_OBSERVATION;DEC27=GLOBAL_REFERENCE_OUTLIER_SERIES_FORWARD_CLUSTER;JUN29=GLOBAL_REFERENCE_NO_OBSERVATION;DEC30=GLOBAL_REFERENCE_NO_OBSERVATION,WEIGHTED_ATM,2026-10-02,5,139,0.0,NONE,5131,4631,0,0,494,NONE,MN1;MN2;MN3;MN4;MN5;QMW;QRW;QTW;QWW,OK,NONE,NONE,2026-09-24
NAS,28940.0,-15452.22162279688,0.0016324041234615644,0.0,0.0,0.0,0.0,0.0,0.0,31127.04129267234,30406.45870732766,31487.332585344684,30046.167414655316,DEC26,SEP26,2026-09-25,2026-12-18,30766.75,30793.940034634394,FOUND,DEGRADED,SPOT_MONTH_FALLBACK;ESTIMATED_EXPIRY_ALIAS,2026-08-02.2,PUT_CALL_PARITY,SEP26,OCT26=PUT_CALL_PARITY;SEP26=PUT_CALL_PARITY;NOV26=SERIES_FORWARD_CLUSTER;DEC29=SERIES_FORWARD_CLUSTER;DEC26=PUT_CALL_PARITY;MAR27=SERIES_FORWARD_CLUSTER;JUN27=PUT_CALL_PARITY;DEC28=PUT_CALL_PARITY;DEC27=PUT_CALL_PARITY;SEP27=SERIES_FORWARD_CLUSTER;JUN29=PUT_CALL_PARITY;DEC30=PUT_CALL_PARITY,OCT26=30756.75;SEP26=30766.75;NOV26=31843.125;DEC29=29950.15;DEC26=20089;MAR27=27605.125;JUN27=24445.125;DEC27=21056.75;SEP27=36064.25,DEC26=GLOBAL_REFERENCE_OUTLIER_PUT_CALL_PARITY;JUN27=GLOBAL_REFERENCE_OUTLIER_SERIES_FORWARD_CLUSTER;DEC28=GLOBAL_REFERENCE_NO_OBSERVATION;DEC27=GLOBAL_REFERENCE_OUTLIER_SERIES_FORWARD_CLUSTER;JUN29=GLOBAL_REFERENCE_NO_OBSERVATION;DEC30=GLOBAL_REFERENCE_NO_OBSERVATION,WEIGHTED_ATM,2026-10-02,5,139,0.0,NONE,5131,4631,0,0,494,NONE,MN1;MN2;MN3;MN4;MN5;QMW;QRW;QTW;QWW,OK,NONE,NONE,2026-09-24
NAS,28950.0,-3144061.7712130826,0.3367651805268466,0.0,0.0,0.0,0.0,0.0,0.0,31127.04129267234,30406.45870732766,31487.332585344684,30046.167414655316,DEC26,SEP26,2026-09-25,2026-12-18,30766.75,30793.940034634394,FOUND,DEGRADED,SPOT_MONTH_FALLBACK;ESTIMATED_EXPIRY_ALIAS,2026-08-02.2,PUT_CALL_PARITY,SEP26,OCT26=PUT_CALL_PARITY;SEP26=PUT_CALL_PARITY;NOV26=SERIES_FORWARD_CLUSTER;DEC29=SERIES_FORWARD_CLUSTER;DEC26=PUT_CALL_PARITY;MAR27=SERIES_FORWARD_CLUSTER;JUN27=PUT_CALL_PARITY;DEC28=PUT_CALL_PARITY;DEC27=PUT_CALL_PARITY;SEP27=SERIES_FORWARD_CLUSTER;JUN29=PUT_CALL_PARITY;DEC30=PUT_CALL_PARITY,OCT26=30756.75;SEP26=30766.75;NOV26=31843.125;DEC29=29950.15;DEC26=20089;MAR27=27605.125;JUN27=24445.125;DEC27=21056.75;SEP27=36064.25,DEC26=GLOBAL_REFERENCE_OUTLIER_PUT_CALL_PARITY;JUN27=GLOBAL_REFERENCE_OUTLIER_SERIES_FORWARD_CLUSTER;DEC28=GLOBAL_REFERENCE_NO_OBSERVATION;DEC27=GLOBAL_REFERENCE_OUTLIER_SERIES_FORWARD_CLUSTER;JUN29=GLOBAL_REFERENCE_NO_OBSERVATION;DEC30=GLOBAL_REFERENCE_NO_OBSERVATION,WEIGHTED_ATM,2026-10-02,5,139,0.0,NONE,5131,4631,0,0,494,NONE,MN1;MN2;MN3;MN4;MN5;QMW;QRW;QTW;QWW,OK,NONE,NONE,2026-09-24
NAS,28960.0,-10496.873234940607,0.0011089110401374688,0.0,0.0,0.0,0.0,0.0,0.0,31127.04129267234,30406.45870732766,31487.332585344684,30046.167414655316,DEC26,SEP26,2026-09-25,2026-12-18,30766.75,30793.940034634394,FOUND,DEGRADED,SPOT_MONTH_FALLBACK;ESTIMATED_EXPIRY_ALIAS,2026-08-02.2,PUT_CALL_PARITY,SEP26,OCT26=PUT_CALL_PARITY;SEP26=PUT_CALL_PARITY;NOV26=SERIES_FORWARD_CLUSTER;DEC29=SERIES_FORWARD_CLUSTER;DEC26=PUT_CALL_PARITY;MAR27=SERIES_FORWARD_CLUSTER;JUN27=PUT_CALL_PARITY;DEC28=PUT_CALL_PARITY;DEC27=PUT_CALL_PARITY;SEP27=SERIES_FORWARD_CLUSTER;JUN29=PUT_CALL_PARITY;DEC30=PUT_CALL_PARITY,OCT26=30756.75;SEP26=30766.75;NOV26=31843.125;DEC29=29950.15;DEC26=20089;MAR27=27605.125;JUN27=24445.125;DEC27=21056.75;SEP27=36064.25,DEC26=GLOBAL_REFERENCE_OUTLIER_PUT_CALL_PARITY;JUN27=GLOBAL_REFERENCE_OUTLIER_SERIES_FORWARD_CLUSTER;DEC28=GLOBAL_REFERENCE_NO_OBSERVATION;DEC27=GLOBAL_REFERENCE_OUTLIER_SERIES_FORWARD_CLUSTER;JUN29=GLOBAL_REFERENCE_NO_OBSERVATION;DEC30=GLOBAL_REFERENCE_NO_OBSERVATION,WEIGHTED_ATM,2026-10-02,5,139,0.0,NONE,5131,4631,0,0,494,NONE,MN1;MN2;MN3;MN4;MN5;QMW;QRW;QTW;QWW,OK,NONE,NONE,2026-09-24
NAS,28975.0,-103961.43218371962,0.010987462499192482,0.0,0.0,0.0,0.0,0.0,0.0,31127.04129267234,30406.45870732766,31487.332585344684,30046.167414655316,DEC26,SEP26,2026-09-25,2026-12-18,30766.75,30793.940034634394,FOUND,DEGRADED,SPOT_MONTH_FALLBACK;ESTIMATED_EXPIRY_ALIAS,2026-08-02.2,PUT_CALL_PARITY,SEP26,OCT26=PUT_CALL_PARITY;SEP26=PUT_CALL_PARITY;NOV26=SERIES_FORWARD_CLUSTER;DEC29=SERIES_FORWARD_CLUSTER;DEC26=PUT_CALL_PARITY;MAR27=SERIES_FORWARD_CLUSTER;JUN27=PUT_CALL_PARITY;DEC28=PUT_CALL_PARITY;DEC27=PUT_CALL_PARITY;SEP27=SERIES_FORWARD_CLUSTER;JUN29=PUT_CALL_PARITY;DEC30=PUT_CALL_PARITY,OCT26=30756.75;SEP26=30766.75;NOV26=31843.125;DEC29=29950.15;DEC26=20089;MAR27=27605.125;JUN27=24445.125;DEC27=21056.75;SEP27=36064.25,DEC26=GLOBAL_REFERENCE_OUTLIER_PUT_CALL_PARITY;JUN27=GLOBAL_REFERENCE_OUTLIER_SERIES_FORWARD_CLUSTER;DEC28=GLOBAL_REFERENCE_NO_OBSERVATION;DEC27=GLOBAL_REFERENCE_OUTLIER_SERIES_FORWARD_CLUSTER;JUN29=GLOBAL_REFERENCE_NO_OBSERVATION;DEC30=GLOBAL_REFERENCE_NO_OBSERVATION,WEIGHTED_ATM,2026-10-02,5,139,0.0,NONE,5131,4631,0,0,494,NONE,MN1;MN2;MN3;MN4;MN5;QMW;QRW;QTW;QWW,OK,NONE,NONE,2026-09-24
NAS,28990.0,-8100.671488397218,0.0008557714135395409,0.0,0.0,0.0,0.0,0.0,0.0,31127.04129267234,30406.45870732766,31487.332585344684,30046.167414655316,DEC26,SEP26,2026-09-25,2026-12-18,30766.75,30793.940034634394,FOUND,DEGRADED,SPOT_MONTH_FALLBACK;ESTIMATED_EXPIRY_ALIAS,2026-08-02.2,PUT_CALL_PARITY,SEP26,OCT26=PUT_CALL_PARITY;SEP26=PUT_CALL_PARITY;NOV26=SERIES_FORWARD_CLUSTER;DEC29=SERIES_FORWARD_CLUSTER;DEC26=PUT_CALL_PARITY;MAR27=SERIES_FORWARD_CLUSTER;JUN27=PUT_CALL_PARITY;DEC28=PUT_CALL_PARITY;DEC27=PUT_CALL_PARITY;SEP27=SERIES_FORWARD_CLUSTER;JUN29=PUT_CALL_PARITY;DEC30=PUT_CALL_PARITY,OCT26=30756.75;SEP26=30766.75;NOV26=31843.125;DEC29=29950.15;DEC26=20089;MAR27=27605.125;JUN27=24445.125;DEC27=21056.75;SEP27=36064.25,DEC26=GLOBAL_REFERENCE_OUTLIER_PUT_CALL_PARITY;JUN27=GLOBAL_REFERENCE_OUTLIER_SERIES_FORWARD_CLUSTER;DEC28=GLOBAL_REFERENCE_NO_OBSERVATION;DEC27=GLOBAL_REFERENCE_OUTLIER_SERIES_FORWARD_CLUSTER;JUN29=GLOBAL_REFERENCE_NO_OBSERVATION;DEC30=GLOBAL_REFERENCE_NO_OBSERVATION,WEIGHTED_ATM,2026-10-02,5,139,0.0,NONE,5131,4631,0,0,494,NONE,MN1;MN2;MN3;MN4;MN5;QMW;QRW;QTW;QWW,OK,NONE,NONE,2026-09-24
NAS,29000.0,-55027921.65263337,6.856070518632306,0.0,0.0,0.0,0.0,0.0,0.0,31127.04129267234,30406.45870732766,31487.332585344684,30046.167414655316,DEC26,SEP26,2026-09-25,2026-12-18,30766.75,30793.940034634394,FOUND,DEGRADED,SPOT_MONTH_FALLBACK;ESTIMATED_EXPIRY_ALIAS,2026-08-02.2,PUT_CALL_PARITY,SEP26,OCT26=PUT_CALL_PARITY;SEP26=PUT_CALL_PARITY;NOV26=SERIES_FORWARD_CLUSTER;DEC29=SERIES_FORWARD_CLUSTER;DEC26=PUT_CALL_PARITY;MAR27=SERIES_FORWARD_CLUSTER;JUN27=PUT_CALL_PARITY;DEC28=PUT_CALL_PARITY;DEC27=PUT_CALL_PARITY;SEP27=SERIES_FORWARD_CLUSTER;JUN29=PUT_CALL_PARITY;DEC30=PUT_CALL_PARITY,OCT26=30756.75;SEP26=30766.75;NOV26=31843.125;DEC29=29950.15;DEC26=20089;MAR27=27605.125;JUN27=24445.125;DEC27=21056.75;SEP27=36064.25,DEC26=GLOBAL_REFERENCE_OUTLIER_PUT_CALL_PARITY;JUN27=GLOBAL_REFERENCE_OUTLIER_SERIES_FORWARD_CLUSTER;DEC28=GLOBAL_REFERENCE_NO_OBSERVATION;DEC27=GLOBAL_REFERENCE_OUTLIER_SERIES_FORWARD_CLUSTER;JUN29=GLOBAL_REFERENCE_NO_OBSERVATION;DEC30=GLOBAL_REFERENCE_NO_OBSERVATION,WEIGHTED_ATM,2026-10-02,5,139,0.0,NONE,5131,4631,0,0,494,NONE,MN1;MN2;MN3;MN4;MN5;QMW;QRW;QTW;QWW,OK,NONE,NONE,2026-09-24
NAS,29010.0,-8258.412367405868,0.0008724354808573617,0.0,0.0,0.0,0.0,0.0,0.0,31127.04129267234,30406.45870732766,31487.332585344684,30046.167414655316,DEC26,SEP26,2026-09-25,2026-12-18,30766.75,30793.940034634394,FOUND,DEGRADED,SPOT_MONTH_FALLBACK;ESTIMATED_EXPIRY_ALIAS,2026-08-02.2,PUT_CALL_PARITY,SEP26,OCT26=PUT_CALL_PARITY;SEP26=PUT_CALL_PARITY;NOV26=SERIES_FORWARD_CLUSTER;DEC29=SERIES_FORWARD_CLUSTER;DEC26=PUT_CALL_PARITY;MAR27=SERIES_FORWARD_CLUSTER;JUN27=PUT_CALL_PARITY;DEC28=PUT_CALL_PARITY;DEC27=PUT_CALL_PARITY;SEP27=SERIES_FORWARD_CLUSTER;JUN29=PUT_CALL_PARITY;DEC30=PUT_CALL_PARITY,OCT26=30756.75;SEP26=30766.75;NOV26=31843.125;DEC29=29950.15;DEC26=20089;MAR27=27605.125;JUN27=24445.125;DEC27=21056.75;SEP27=36064.25,DEC26=GLOBAL_REFERENCE_OUTLIER_PUT_CALL_PARITY;JUN27=GLOBAL_REFERENCE_OUTLIER_SERIES_FORWARD_CLUSTER;DEC28=GLOBAL_REFERENCE_NO_OBSERVATION;DEC27=GLOBAL_REFERENCE_OUTLIER_SERIES_FORWARD_CLUSTER;JUN29=GLOBAL_REFERENCE_NO_OBSERVATION;DEC30=GLOBAL_REFERENCE_NO_OBSERVATION,WEIGHTED_ATM,2026-10-02,5,139,0.0,NONE,5131,4631,0,0,494,NONE,MN1;MN2;MN3;MN4;MN5;QMW;QRW;QTW;QWW,OK,NONE,NONE,2026-09-24
NAS,29025.0,-86320.8981374845,0.009124278391713666,0.0,0.0,0.0,0.0,0.0,0.0,31127.04129267234,30406.45870732766,31487.332585344684,30046.167414655316,DEC26,SEP26,2026-09-25,2026-12-18,30766.75,30793.940034634394,FOUND,DEGRADED,SPOT_MONTH_FALLBACK;ESTIMATED_EXPIRY_ALIAS,2026-08-02.2,PUT_CALL_PARITY,SEP26,OCT26=PUT_CALL_PARITY;SEP26=PUT_CALL_PARITY;NOV26=SERIES_FORWARD_CLUSTER;DEC29=SERIES_FORWARD_CLUSTER;DEC26=PUT_CALL_PARITY;MAR27=SERIES_FORWARD_CLUSTER;JUN27=PUT_CALL_PARITY;DEC28=PUT_CALL_PARITY;DEC27=PUT_CALL_PARITY;SEP27=SERIES_FORWARD_CLUSTER;JUN29=PUT_CALL_PARITY;DEC30=PUT_CALL_PARITY,OCT26=30756.75;SEP26=30766.75;NOV26=31843.125;DEC29=29950.15;DEC26=20089;MAR27=27605.125;JUN27=24445.125;DEC27=21056.75;SEP27=36064.25,DEC26=GLOBAL_REFERENCE_OUTLIER_PUT_CALL_PARITY;JUN27=GLOBAL_REFERENCE_OUTLIER_SERIES_FORWARD_CLUSTER;DEC28=GLOBAL_REFERENCE_NO_OBSERVATION;DEC27=GLOBAL_REFERENCE_OUTLIER_SERIES_FORWARD_CLUSTER;JUN29=GLOBAL_REFERENCE_NO_OBSERVATION;DEC30=GLOBAL_REFERENCE_NO_OBSERVATION,WEIGHTED_ATM,2026-10-02,5,139,0.0,NONE,5131,4631,0,0,494,NONE,MN1;MN2;MN3;MN4;MN5;QMW;QRW;QTW;QWW,OK,NONE,NONE,2026-09-24
NAS,29040.0,0.0,0.0,0.0,0.0,0.0,0.0,0.0,0.0,31127.04129267234,30406.45870732766,31487.332585344684,30046.167414655316,DEC26,SEP26,2026-09-25,2026-12-18,30766.75,30793.940034634394,FOUND,DEGRADED,SPOT_MONTH_FALLBACK;ESTIMATED_EXPIRY_ALIAS,2026-08-02.2,PUT_CALL_PARITY,SEP26,OCT26=PUT_CALL_PARITY;SEP26=PUT_CALL_PARITY;NOV26=SERIES_FORWARD_CLUSTER;DEC29=SERIES_FORWARD_CLUSTER;DEC26=PUT_CALL_PARITY;MAR27=SERIES_FORWARD_CLUSTER;JUN27=PUT_CALL_PARITY;DEC28=PUT_CALL_PARITY;DEC27=PUT_CALL_PARITY;SEP27=SERIES_FORWARD_CLUSTER;JUN29=PUT_CALL_PARITY;DEC30=PUT_CALL_PARITY,OCT26=30756.75;SEP26=30766.75;NOV26=31843.125;DEC29=29950.15;DEC26=20089;MAR27=27605.125;JUN27=24445.125;DEC27=21056.75;SEP27=36064.25,DEC26=GLOBAL_REFERENCE_OUTLIER_PUT_CALL_PARITY;JUN27=GLOBAL_REFERENCE_OUTLIER_SERIES_FORWARD_CLUSTER;DEC28=GLOBAL_REFERENCE_NO_OBSERVATION;DEC27=GLOBAL_REFERENCE_OUTLIER_SERIES_FORWARD_CLUSTER;JUN29=GLOBAL_REFERENCE_NO_OBSERVATION;DEC30=GLOBAL_REFERENCE_NO_OBSERVATION,WEIGHTED_ATM,2026-10-02,5,139,0.0,NONE,5131,4631,0,0,494,NONE,MN1;MN2;MN3;MN4;MN5;QMW;QRW;QTW;QWW,OK,NONE,NONE,2026-09-24
NAS,29050.0,-1435382.9170899647,0.16225456433237045,0.0,0.0,0.0,0.0,0.0,0.0,31127.04129267234,30406.45870732766,31487.332585344684,30046.167414655316,DEC26,SEP26,2026-09-25,2026-12-18,30766.75,30793.940034634394,FOUND,DEGRADED,SPOT_MONTH_FALLBACK;ESTIMATED_EXPIRY_ALIAS,2026-08-02.2,PUT_CALL_PARITY,SEP26,OCT26=PUT_CALL_PARITY;SEP26=PUT_CALL_PARITY;NOV26=SERIES_FORWARD_CLUSTER;DEC29=SERIES_FORWARD_CLUSTER;DEC26=PUT_CALL_PARITY;MAR27=SERIES_FORWARD_CLUSTER;JUN27=PUT_CALL_PARITY;DEC28=PUT_CALL_PARITY;DEC27=PUT_CALL_PARITY;SEP27=SERIES_FORWARD_CLUSTER;JUN29=PUT_CALL_PARITY;DEC30=PUT_CALL_PARITY,OCT26=30756.75;SEP26=30766.75;NOV26=31843.125;DEC29=29950.15;DEC26=20089;MAR27=27605.125;JUN27=24445.125;DEC27=21056.75;SEP27=36064.25,DEC26=GLOBAL_REFERENCE_OUTLIER_PUT_CALL_PARITY;JUN27=GLOBAL_REFERENCE_OUTLIER_SERIES_FORWARD_CLUSTER;DEC28=GLOBAL_REFERENCE_NO_OBSERVATION;DEC27=GLOBAL_REFERENCE_OUTLIER_SERIES_FORWARD_CLUSTER;JUN29=GLOBAL_REFERENCE_NO_OBSERVATION;DEC30=GLOBAL_REFERENCE_NO_OBSERVATION,WEIGHTED_ATM,2026-10-02,5,139,0.0,NONE,5131,4631,0,0,494,NONE,MN1;MN2;MN3;MN4;MN5;QMW;QRW;QTW;QWW,OK,NONE,NONE,2026-09-24
NAS,29070.0,-5840.864362618575,0.0006170407921183099,0.0,0.0,0.0,0.0,0.0,0.0,31127.04129267234,30406.45870732766,31487.332585344684,30046.167414655316,DEC26,SEP26,2026-09-25,2026-12-18,30766.75,30793.940034634394,FOUND,DEGRADED,SPOT_MONTH_FALLBACK;ESTIMATED_EXPIRY_ALIAS,2026-08-02.2,PUT_CALL_PARITY,SEP26,OCT26=PUT_CALL_PARITY;SEP26=PUT_CALL_PARITY;NOV26=SERIES_FORWARD_CLUSTER;DEC29=SERIES_FORWARD_CLUSTER;DEC26=PUT_CALL_PARITY;MAR27=SERIES_FORWARD_CLUSTER;JUN27=PUT_CALL_PARITY;DEC28=PUT_CALL_PARITY;DEC27=PUT_CALL_PARITY;SEP27=SERIES_FORWARD_CLUSTER;JUN29=PUT_CALL_PARITY;DEC30=PUT_CALL_PARITY,OCT26=30756.75;SEP26=30766.75;NOV26=31843.125;DEC29=29950.15;DEC26=20089;MAR27=27605.125;JUN27=24445.125;DEC27=21056.75;SEP27=36064.25,DEC26=GLOBAL_REFERENCE_OUTLIER_PUT_CALL_PARITY;JUN27=GLOBAL_REFERENCE_OUTLIER_SERIES_FORWARD_CLUSTER;DEC28=GLOBAL_REFERENCE_NO_OBSERVATION;DEC27=GLOBAL_REFERENCE_OUTLIER_SERIES_FORWARD_CLUSTER;JUN29=GLOBAL_REFERENCE_NO_OBSERVATION;DEC30=GLOBAL_REFERENCE_NO_OBSERVATION,WEIGHTED_ATM,2026-10-02,5,139,0.0,NONE,5131,4631,0,0,494,NONE,MN1;MN2;MN3;MN4;MN5;QMW;QRW;QTW;QWW,OK,NONE,NONE,2026-09-24
NAS,29075.0,-329784.2470297013,0.03485972033283993,0.0,0.0,0.0,0.0,0.0,0.0,31127.04129267234,30406.45870732766,31487.332585344684,30046.167414655316,DEC26,SEP26,2026-09-25,2026-12-18,30766.75,30793.940034634394,FOUND,DEGRADED,SPOT_MONTH_FALLBACK;ESTIMATED_EXPIRY_ALIAS,2026-08-02.2,PUT_CALL_PARITY,SEP26,OCT26=PUT_CALL_PARITY;SEP26=PUT_CALL_PARITY;NOV26=SERIES_FORWARD_CLUSTER;DEC29=SERIES_FORWARD_CLUSTER;DEC26=PUT_CALL_PARITY;MAR27=SERIES_FORWARD_CLUSTER;JUN27=PUT_CALL_PARITY;DEC28=PUT_CALL_PARITY;DEC27=PUT_CALL_PARITY;SEP27=SERIES_FORWARD_CLUSTER;JUN29=PUT_CALL_PARITY;DEC30=PUT_CALL_PARITY,OCT26=30756.75;SEP26=30766.75;NOV26=31843.125;DEC29=29950.15;DEC26=20089;MAR27=27605.125;JUN27=24445.125;DEC27=21056.75;SEP27=36064.25,DEC26=GLOBAL_REFERENCE_OUTLIER_PUT_CALL_PARITY;JUN27=GLOBAL_REFERENCE_OUTLIER_SERIES_FORWARD_CLUSTER;DEC28=GLOBAL_REFERENCE_NO_OBSERVATION;DEC27=GLOBAL_REFERENCE_OUTLIER_SERIES_FORWARD_CLUSTER;JUN29=GLOBAL_REFERENCE_NO_OBSERVATION;DEC30=GLOBAL_REFERENCE_NO_OBSERVATION,WEIGHTED_ATM,2026-10-02,5,139,0.0,NONE,5131,4631,0,0,494,NONE,MN1;MN2;MN3;MN4;MN5;QMW;QRW;QTW;QWW,OK,NONE,NONE,2026-09-24
NAS,29080.0,-2949.904943699556,0.000311633958628352,0.0,0.0,0.0,0.0,0.0,0.0,31127.04129267234,30406.45870732766,31487.332585344684,30046.167414655316,DEC26,SEP26,2026-09-25,2026-12-18,30766.75,30793.940034634394,FOUND,DEGRADED,SPOT_MONTH_FALLBACK;ESTIMATED_EXPIRY_ALIAS,2026-08-02.2,PUT_CALL_PARITY,SEP26,OCT26=PUT_CALL_PARITY;SEP26=PUT_CALL_PARITY;NOV26=SERIES_FORWARD_CLUSTER;DEC29=SERIES_FORWARD_CLUSTER;DEC26=PUT_CALL_PARITY;MAR27=SERIES_FORWARD_CLUSTER;JUN27=PUT_CALL_PARITY;DEC28=PUT_CALL_PARITY;DEC27=PUT_CALL_PARITY;SEP27=SERIES_FORWARD_CLUSTER;JUN29=PUT_CALL_PARITY;DEC30=PUT_CALL_PARITY,OCT26=30756.75;SEP26=30766.75;NOV26=31843.125;DEC29=29950.15;DEC26=20089;MAR27=27605.125;JUN27=24445.125;DEC27=21056.75;SEP27=36064.25,DEC26=GLOBAL_REFERENCE_OUTLIER_PUT_CALL_PARITY;JUN27=GLOBAL_REFERENCE_OUTLIER_SERIES_FORWARD_CLUSTER;DEC28=GLOBAL_REFERENCE_NO_OBSERVATION;DEC27=GLOBAL_REFERENCE_OUTLIER_SERIES_FORWARD_CLUSTER;JUN29=GLOBAL_REFERENCE_NO_OBSERVATION;DEC30=GLOBAL_REFERENCE_NO_OBSERVATION,WEIGHTED_ATM,2026-10-02,5,139,0.0,NONE,5131,4631,0,0,494,NONE,MN1;MN2;MN3;MN4;MN5;QMW;QRW;QTW;QWW,OK,NONE,NONE,2026-09-24
NAS,29090.0,-2979.84141007194,0.0003147965078294359,0.0,0.0,0.0,0.0,0.0,0.0,31127.04129267234,30406.45870732766,31487.332585344684,30046.167414655316,DEC26,SEP26,2026-09-25,2026-12-18,30766.75,30793.940034634394,FOUND,DEGRADED,SPOT_MONTH_FALLBACK;ESTIMATED_EXPIRY_ALIAS,2026-08-02.2,PUT_CALL_PARITY,SEP26,OCT26=PUT_CALL_PARITY;SEP26=PUT_CALL_PARITY;NOV26=SERIES_FORWARD_CLUSTER;DEC29=SERIES_FORWARD_CLUSTER;DEC26=PUT_CALL_PARITY;MAR27=SERIES_FORWARD_CLUSTER;JUN27=PUT_CALL_PARITY;DEC28=PUT_CALL_PARITY;DEC27=PUT_CALL_PARITY;SEP27=SERIES_FORWARD_CLUSTER;JUN29=PUT_CALL_PARITY;DEC30=PUT_CALL_PARITY,OCT26=30756.75;SEP26=30766.75;NOV26=31843.125;DEC29=29950.15;DEC26=20089;MAR27=27605.125;JUN27=24445.125;DEC27=21056.75;SEP27=36064.25,DEC26=GLOBAL_REFERENCE_OUTLIER_PUT_CALL_PARITY;JUN27=GLOBAL_REFERENCE_OUTLIER_SERIES_FORWARD_CLUSTER;DEC28=GLOBAL_REFERENCE_NO_OBSERVATION;DEC27=GLOBAL_REFERENCE_OUTLIER_SERIES_FORWARD_CLUSTER;JUN29=GLOBAL_REFERENCE_NO_OBSERVATION;DEC30=GLOBAL_REFERENCE_NO_OBSERVATION,WEIGHTED_ATM,2026-10-02,5,139,0.0,NONE,5131,4631,0,0,494,NONE,MN1;MN2;MN3;MN4;MN5;QMW;QRW;QTW;QWW,OK,NONE,NONE,2026-09-24
NAS,29100.0,-16530093.38909046,1.954628209584245,0.0,0.0,0.0,0.0,0.0,0.0,31127.04129267234,30406.45870732766,31487.332585344684,30046.167414655316,DEC26,SEP26,2026-09-25,2026-12-18,30766.75,30793.940034634394,FOUND,DEGRADED,SPOT_MONTH_FALLBACK;ESTIMATED_EXPIRY_ALIAS,2026-08-02.2,PUT_CALL_PARITY,SEP26,OCT26=PUT_CALL_PARITY;SEP26=PUT_CALL_PARITY;NOV26=SERIES_FORWARD_CLUSTER;DEC29=SERIES_FORWARD_CLUSTER;DEC26=PUT_CALL_PARITY;MAR27=SERIES_FORWARD_CLUSTER;JUN27=PUT_CALL_PARITY;DEC28=PUT_CALL_PARITY;DEC27=PUT_CALL_PARITY;SEP27=SERIES_FORWARD_CLUSTER;JUN29=PUT_CALL_PARITY;DEC30=PUT_CALL_PARITY,OCT26=30756.75;SEP26=30766.75;NOV26=31843.125;DEC29=29950.15;DEC26=20089;MAR27=27605.125;JUN27=24445.125;DEC27=21056.75;SEP27=36064.25,DEC26=GLOBAL_REFERENCE_OUTLIER_PUT_CALL_PARITY;JUN27=GLOBAL_REFERENCE_OUTLIER_SERIES_FORWARD_CLUSTER;DEC28=GLOBAL_REFERENCE_NO_OBSERVATION;DEC27=GLOBAL_REFERENCE_OUTLIER_SERIES_FORWARD_CLUSTER;JUN29=GLOBAL_REFERENCE_NO_OBSERVATION;DEC30=GLOBAL_REFERENCE_NO_OBSERVATION,WEIGHTED_ATM,2026-10-02,5,139,0.0,NONE,5131,4631,0,0,494,NONE,MN1;MN2;MN3;MN4;MN5;QMW;QRW;QTW;QWW,OK,NONE,NONE,2026-09-24
NAS,29110.0,-6082.291761367198,0.0006425456736074815,0.0,0.0,0.0,0.0,0.0,0.0,31127.04129267234,30406.45870732766,31487.332585344684,30046.167414655316,DEC26,SEP26,2026-09-25,2026-12-18,30766.75,30793.940034634394,FOUND,DEGRADED,SPOT_MONTH_FALLBACK;ESTIMATED_EXPIRY_ALIAS,2026-08-02.2,PUT_CALL_PARITY,SEP26,OCT26=PUT_CALL_PARITY;SEP26=PUT_CALL_PARITY;NOV26=SERIES_FORWARD_CLUSTER;DEC29=SERIES_FORWARD_CLUSTER;DEC26=PUT_CALL_PARITY;MAR27=SERIES_FORWARD_CLUSTER;JUN27=PUT_CALL_PARITY;DEC28=PUT_CALL_PARITY;DEC27=PUT_CALL_PARITY;SEP27=SERIES_FORWARD_CLUSTER;JUN29=PUT_CALL_PARITY;DEC30=PUT_CALL_PARITY,OCT26=30756.75;SEP26=30766.75;NOV26=31843.125;DEC29=29950.15;DEC26=20089;MAR27=27605.125;JUN27=24445.125;DEC27=21056.75;SEP27=36064.25,DEC26=GLOBAL_REFERENCE_OUTLIER_PUT_CALL_PARITY;JUN27=GLOBAL_REFERENCE_OUTLIER_SERIES_FORWARD_CLUSTER;DEC28=GLOBAL_REFERENCE_NO_OBSERVATION;DEC27=GLOBAL_REFERENCE_OUTLIER_SERIES_FORWARD_CLUSTER;JUN29=GLOBAL_REFERENCE_NO_OBSERVATION;DEC30=GLOBAL_REFERENCE_NO_OBSERVATION,WEIGHTED_ATM,2026-10-02,5,139,0.0,NONE,5131,4631,0,0,494,NONE,MN1;MN2;MN3;MN4;MN5;QMW;QRW;QTW;QWW,OK,NONE,NONE,2026-09-24
NAS,29125.0,-325990.01422834856,0.03445809945447657,0.0,0.0,0.0,0.0,0.0,0.0,31127.04129267234,30406.45870732766,31487.332585344684,30046.167414655316,DEC26,SEP26,2026-09-25,2026-12-18,30766.75,30793.940034634394,FOUND,DEGRADED,SPOT_MONTH_FALLBACK;ESTIMATED_EXPIRY_ALIAS,2026-08-02.2,PUT_CALL_PARITY,SEP26,OCT26=PUT_CALL_PARITY;SEP26=PUT_CALL_PARITY;NOV26=SERIES_FORWARD_CLUSTER;DEC29=SERIES_FORWARD_CLUSTER;DEC26=PUT_CALL_PARITY;MAR27=SERIES_FORWARD_CLUSTER;JUN27=PUT_CALL_PARITY;DEC28=PUT_CALL_PARITY;DEC27=PUT_CALL_PARITY;SEP27=SERIES_FORWARD_CLUSTER;JUN29=PUT_CALL_PARITY;DEC30=PUT_CALL_PARITY,OCT26=30756.75;SEP26=30766.75;NOV26=31843.125;DEC29=29950.15;DEC26=20089;MAR27=27605.125;JUN27=24445.125;DEC27=21056.75;SEP27=36064.25,DEC26=GLOBAL_REFERENCE_OUTLIER_PUT_CALL_PARITY;JUN27=GLOBAL_REFERENCE_OUTLIER_SERIES_FORWARD_CLUSTER;DEC28=GLOBAL_REFERENCE_NO_OBSERVATION;DEC27=GLOBAL_REFERENCE_OUTLIER_SERIES_FORWARD_CLUSTER;JUN29=GLOBAL_REFERENCE_NO_OBSERVATION;DEC30=GLOBAL_REFERENCE_NO_OBSERVATION,WEIGHTED_ATM,2026-10-02,5,139,0.0,NONE,5131,4631,0,0,494,NONE,MN1;MN2;MN3;MN4;MN5;QMW;QRW;QTW;QWW,OK,NONE,NONE,2026-09-24
NAS,29130.0,-15522.146402416183,0.001639791119413932,0.0,0.0,0.0,0.0,0.0,0.0,31127.04129267234,30406.45870732766,31487.332585344684,30046.167414655316,DEC26,SEP26,2026-09-25,2026-12-18,30766.75,30793.940034634394,FOUND,DEGRADED,SPOT_MONTH_FALLBACK;ESTIMATED_EXPIRY_ALIAS,2026-08-02.2,PUT_CALL_PARITY,SEP26,OCT26=PUT_CALL_PARITY;SEP26=PUT_CALL_PARITY;NOV26=SERIES_FORWARD_CLUSTER;DEC29=SERIES_FORWARD_CLUSTER;DEC26=PUT_CALL_PARITY;MAR27=SERIES_FORWARD_CLUSTER;JUN27=PUT_CALL_PARITY;DEC28=PUT_CALL_PARITY;DEC27=PUT_CALL_PARITY;SEP27=SERIES_FORWARD_CLUSTER;JUN29=PUT_CALL_PARITY;DEC30=PUT_CALL_PARITY,OCT26=30756.75;SEP26=30766.75;NOV26=31843.125;DEC29=29950.15;DEC26=20089;MAR27=27605.125;JUN27=24445.125;DEC27=21056.75;SEP27=36064.25,DEC26=GLOBAL_REFERENCE_OUTLIER_PUT_CALL_PARITY;JUN27=GLOBAL_REFERENCE_OUTLIER_SERIES_FORWARD_CLUSTER;DEC28=GLOBAL_REFERENCE_NO_OBSERVATION;DEC27=GLOBAL_REFERENCE_OUTLIER_SERIES_FORWARD_CLUSTER;JUN29=GLOBAL_REFERENCE_NO_OBSERVATION;DEC30=GLOBAL_REFERENCE_NO_OBSERVATION,WEIGHTED_ATM,2026-10-02,5,139,0.0,NONE,5131,4631,0,0,494,NONE,MN1;MN2;MN3;MN4;MN5;QMW;QRW;QTW;QWW,OK,NONE,NONE,2026-09-24
NAS,29150.0,-2092210.9158254685,0.2663124523607174,0.0,0.0,0.0,0.0,0.0,0.0,31127.04129267234,30406.45870732766,31487.332585344684,30046.167414655316,DEC26,SEP26,2026-09-25,2026-12-18,30766.75,30793.940034634394,FOUND,DEGRADED,SPOT_MONTH_FALLBACK;ESTIMATED_EXPIRY_ALIAS,2026-08-02.2,PUT_CALL_PARITY,SEP26,OCT26=PUT_CALL_PARITY;SEP26=PUT_CALL_PARITY;NOV26=SERIES_FORWARD_CLUSTER;DEC29=SERIES_FORWARD_CLUSTER;DEC26=PUT_CALL_PARITY;MAR27=SERIES_FORWARD_CLUSTER;JUN27=PUT_CALL_PARITY;DEC28=PUT_CALL_PARITY;DEC27=PUT_CALL_PARITY;SEP27=SERIES_FORWARD_CLUSTER;JUN29=PUT_CALL_PARITY;DEC30=PUT_CALL_PARITY,OCT26=30756.75;SEP26=30766.75;NOV26=31843.125;DEC29=29950.15;DEC26=20089;MAR27=27605.125;JUN27=24445.125;DEC27=21056.75;SEP27=36064.25,DEC26=GLOBAL_REFERENCE_OUTLIER_PUT_CALL_PARITY;JUN27=GLOBAL_REFERENCE_OUTLIER_SERIES_FORWARD_CLUSTER;DEC28=GLOBAL_REFERENCE_NO_OBSERVATION;DEC27=GLOBAL_REFERENCE_OUTLIER_SERIES_FORWARD_CLUSTER;JUN29=GLOBAL_REFERENCE_NO_OBSERVATION;DEC30=GLOBAL_REFERENCE_NO_OBSERVATION,WEIGHTED_ATM,2026-10-02,5,139,0.0,NONE,5131,4631,0,0,494,NONE,MN1;MN2;MN3;MN4;MN5;QMW;QRW;QTW;QWW,OK,NONE,NONE,2026-09-24
NAS,29160.0,-16016.29861832306,0.0016919943646530493,0.0,0.0,0.0,0.0,0.0,0.0,31127.04129267234,30406.45870732766,31487.332585344684,30046.167414655316,DEC26,SEP26,2026-09-25,2026-12-18,30766.75,30793.940034634394,FOUND,DEGRADED,SPOT_MONTH_FALLBACK;ESTIMATED_EXPIRY_ALIAS,2026-08-02.2,PUT_CALL_PARITY,SEP26,OCT26=PUT_CALL_PARITY;SEP26=PUT_CALL_PARITY;NOV26=SERIES_FORWARD_CLUSTER;DEC29=SERIES_FORWARD_CLUSTER;DEC26=PUT_CALL_PARITY;MAR27=SERIES_FORWARD_CLUSTER;JUN27=PUT_CALL_PARITY;DEC28=PUT_CALL_PARITY;DEC27=PUT_CALL_PARITY;SEP27=SERIES_FORWARD_CLUSTER;JUN29=PUT_CALL_PARITY;DEC30=PUT_CALL_PARITY,OCT26=30756.75;SEP26=30766.75;NOV26=31843.125;DEC29=29950.15;DEC26=20089;MAR27=27605.125;JUN27=24445.125;DEC27=21056.75;SEP27=36064.25,DEC26=GLOBAL_REFERENCE_OUTLIER_PUT_CALL_PARITY;JUN27=GLOBAL_REFERENCE_OUTLIER_SERIES_FORWARD_CLUSTER;DEC28=GLOBAL_REFERENCE_NO_OBSERVATION;DEC27=GLOBAL_REFERENCE_OUTLIER_SERIES_FORWARD_CLUSTER;JUN29=GLOBAL_REFERENCE_NO_OBSERVATION;DEC30=GLOBAL_REFERENCE_NO_OBSERVATION,WEIGHTED_ATM,2026-10-02,5,139,0.0,NONE,5131,4631,0,0,494,NONE,MN1;MN2;MN3;MN4;MN5;QMW;QRW;QTW;QWW,OK,NONE,NONE,2026-09-24
NAS,29175.0,-587951.0039148165,0.06214975872026629,0.0,0.0,0.0,0.0,0.0,0.0,31127.04129267234,30406.45870732766,31487.332585344684,30046.167414655316,DEC26,SEP26,2026-09-25,2026-12-18,30766.75,30793.940034634394,FOUND,DEGRADED,SPOT_MONTH_FALLBACK;ESTIMATED_EXPIRY_ALIAS,2026-08-02.2,PUT_CALL_PARITY,SEP26,OCT26=PUT_CALL_PARITY;SEP26=PUT_CALL_PARITY;NOV26=SERIES_FORWARD_CLUSTER;DEC29=SERIES_FORWARD_CLUSTER;DEC26=PUT_CALL_PARITY;MAR27=SERIES_FORWARD_CLUSTER;JUN27=PUT_CALL_PARITY;DEC28=PUT_CALL_PARITY;DEC27=PUT_CALL_PARITY;SEP27=SERIES_FORWARD_CLUSTER;JUN29=PUT_CALL_PARITY;DEC30=PUT_CALL_PARITY,OCT26=30756.75;SEP26=30766.75;NOV26=31843.125;DEC29=29950.15;DEC26=20089;MAR27=27605.125;JUN27=24445.125;DEC27=21056.75;SEP27=36064.25,DEC26=GLOBAL_REFERENCE_OUTLIER_PUT_CALL_PARITY;JUN27=GLOBAL_REFERENCE_OUTLIER_SERIES_FORWARD_CLUSTER;DEC28=GLOBAL_REFERENCE_NO_OBSERVATION;DEC27=GLOBAL_REFERENCE_OUTLIER_SERIES_FORWARD_CLUSTER;JUN29=GLOBAL_REFERENCE_NO_OBSERVATION;DEC30=GLOBAL_REFERENCE_NO_OBSERVATION,WEIGHTED_ATM,2026-10-02,5,139,0.0,NONE,5131,4631,0,0,494,NONE,MN1;MN2;MN3;MN4;MN5;QMW;QRW;QTW;QWW,OK,NONE,NONE,2026-09-24
NAS,29180.0,-6543.777227428116,0.0006912979369457206,0.0,0.0,0.0,0.0,0.0,0.0,31127.04129267234,30406.45870732766,31487.332585344684,30046.167414655316,DEC26,SEP26,2026-09-25,2026-12-18,30766.75,30793.940034634394,FOUND,DEGRADED,SPOT_MONTH_FALLBACK;ESTIMATED_EXPIRY_ALIAS,2026-08-02.2,PUT_CALL_PARITY,SEP26,OCT26=PUT_CALL_PARITY;SEP26=PUT_CALL_PARITY;NOV26=SERIES_FORWARD_CLUSTER;DEC29=SERIES_FORWARD_CLUSTER;DEC26=PUT_CALL_PARITY;MAR27=SERIES_FORWARD_CLUSTER;JUN27=PUT_CALL_PARITY;DEC28=PUT_CALL_PARITY;DEC27=PUT_CALL_PARITY;SEP27=SERIES_FORWARD_CLUSTER;JUN29=PUT_CALL_PARITY;DEC30=PUT_CALL_PARITY,OCT26=30756.75;SEP26=30766.75;NOV26=31843.125;DEC29=29950.15;DEC26=20089;MAR27=27605.125;JUN27=24445.125;DEC27=21056.75;SEP27=36064.25,DEC26=GLOBAL_REFERENCE_OUTLIER_PUT_CALL_PARITY;JUN27=GLOBAL_REFERENCE_OUTLIER_SERIES_FORWARD_CLUSTER;DEC28=GLOBAL_REFERENCE_NO_OBSERVATION;DEC27=GLOBAL_REFERENCE_OUTLIER_SERIES_FORWARD_CLUSTER;JUN29=GLOBAL_REFERENCE_NO_OBSERVATION;DEC30=GLOBAL_REFERENCE_NO_OBSERVATION,WEIGHTED_ATM,2026-10-02,5,139,0.0,NONE,5131,4631,0,0,494,NONE,MN1;MN2;MN3;MN4;MN5;QMW;QRW;QTW;QWW,OK,NONE,NONE,2026-09-24
NAS,29190.0,-13228.253153995467,0.0013974595706625075,0.0,0.0,0.0,0.0,0.0,0.0,31127.04129267234,30406.45870732766,31487.332585344684,30046.167414655316,DEC26,SEP26,2026-09-25,2026-12-18,30766.75,30793.940034634394,FOUND,DEGRADED,SPOT_MONTH_FALLBACK;ESTIMATED_EXPIRY_ALIAS,2026-08-02.2,PUT_CALL_PARITY,SEP26,OCT26=PUT_CALL_PARITY;SEP26=PUT_CALL_PARITY;NOV26=SERIES_FORWARD_CLUSTER;DEC29=SERIES_FORWARD_CLUSTER;DEC26=PUT_CALL_PARITY;MAR27=SERIES_FORWARD_CLUSTER;JUN27=PUT_CALL_PARITY;DEC28=PUT_CALL_PARITY;DEC27=PUT_CALL_PARITY;SEP27=SERIES_FORWARD_CLUSTER;JUN29=PUT_CALL_PARITY;DEC30=PUT_CALL_PARITY,OCT26=30756.75;SEP26=30766.75;NOV26=31843.125;DEC29=29950.15;DEC26=20089;MAR27=27605.125;JUN27=24445.125;DEC27=21056.75;SEP27=36064.25,DEC26=GLOBAL_REFERENCE_OUTLIER_PUT_CALL_PARITY;JUN27=GLOBAL_REFERENCE_OUTLIER_SERIES_FORWARD_CLUSTER;DEC28=GLOBAL_REFERENCE_NO_OBSERVATION;DEC27=GLOBAL_REFERENCE_OUTLIER_SERIES_FORWARD_CLUSTER;JUN29=GLOBAL_REFERENCE_NO_OBSERVATION;DEC30=GLOBAL_REFERENCE_NO_OBSERVATION,WEIGHTED_ATM,2026-10-02,5,139,0.0,NONE,5131,4631,0,0,494,NONE,MN1;MN2;MN3;MN4;MN5;QMW;QRW;QTW;QWW,OK,NONE,NONE,2026-09-24
NAS,29200.0,-7804036.042441715,1.5534710399502851,0.0,0.0,0.0,0.0,0.0,0.0,31127.04129267234,30406.45870732766,31487.332585344684,30046.167414655316,DEC26,SEP26,2026-09-25,2026-12-18,30766.75,30793.940034634394,FOUND,DEGRADED,SPOT_MONTH_FALLBACK;ESTIMATED_EXPIRY_ALIAS,2026-08-02.2,PUT_CALL_PARITY,SEP26,OCT26=PUT_CALL_PARITY;SEP26=PUT_CALL_PARITY;NOV26=SERIES_FORWARD_CLUSTER;DEC29=SERIES_FORWARD_CLUSTER;DEC26=PUT_CALL_PARITY;MAR27=SERIES_FORWARD_CLUSTER;JUN27=PUT_CALL_PARITY;DEC28=PUT_CALL_PARITY;DEC27=PUT_CALL_PARITY;SEP27=SERIES_FORWARD_CLUSTER;JUN29=PUT_CALL_PARITY;DEC30=PUT_CALL_PARITY,OCT26=30756.75;SEP26=30766.75;NOV26=31843.125;DEC29=29950.15;DEC26=20089;MAR27=27605.125;JUN27=24445.125;DEC27=21056.75;SEP27=36064.25,DEC26=GLOBAL_REFERENCE_OUTLIER_PUT_CALL_PARITY;JUN27=GLOBAL_REFERENCE_OUTLIER_SERIES_FORWARD_CLUSTER;DEC28=GLOBAL_REFERENCE_NO_OBSERVATION;DEC27=GLOBAL_REFERENCE_OUTLIER_SERIES_FORWARD_CLUSTER;JUN29=GLOBAL_REFERENCE_NO_OBSERVATION;DEC30=GLOBAL_REFERENCE_NO_OBSERVATION,WEIGHTED_ATM,2026-10-02,5,139,0.0,NONE,5131,4631,0,0,494,NONE,MN1;MN2;MN3;MN4;MN5;QMW;QRW;QTW;QWW,OK,NONE,NONE,2026-09-24
NAS,29210.0,-10137.598649903346,0.001070956542176831,0.0,0.0,0.0,0.0,0.0,0.0,31127.04129267234,30406.45870732766,31487.332585344684,30046.167414655316,DEC26,SEP26,2026-09-25,2026-12-18,30766.75,30793.940034634394,FOUND,DEGRADED,SPOT_MONTH_FALLBACK;ESTIMATED_EXPIRY_ALIAS,2026-08-02.2,PUT_CALL_PARITY,SEP26,OCT26=PUT_CALL_PARITY;SEP26=PUT_CALL_PARITY;NOV26=SERIES_FORWARD_CLUSTER;DEC29=SERIES_FORWARD_CLUSTER;DEC26=PUT_CALL_PARITY;MAR27=SERIES_FORWARD_CLUSTER;JUN27=PUT_CALL_PARITY;DEC28=PUT_CALL_PARITY;DEC27=PUT_CALL_PARITY;SEP27=SERIES_FORWARD_CLUSTER;JUN29=PUT_CALL_PARITY;DEC30=PUT_CALL_PARITY,OCT26=30756.75;SEP26=30766.75;NOV26=31843.125;DEC29=29950.15;DEC26=20089;MAR27=27605.125;JUN27=24445.125;DEC27=21056.75;SEP27=36064.25,DEC26=GLOBAL_REFERENCE_OUTLIER_PUT_CALL_PARITY;JUN27=GLOBAL_REFERENCE_OUTLIER_SERIES_FORWARD_CLUSTER;DEC28=GLOBAL_REFERENCE_NO_OBSERVATION;DEC27=GLOBAL_REFERENCE_OUTLIER_SERIES_FORWARD_CLUSTER;JUN29=GLOBAL_REFERENCE_NO_OBSERVATION;DEC30=GLOBAL_REFERENCE_NO_OBSERVATION,WEIGHTED_ATM,2026-10-02,5,139,0.0,NONE,5131,4631,0,0,494,NONE,MN1;MN2;MN3;MN4;MN5;QMW;QRW;QTW;QWW,OK,NONE,NONE,2026-09-24
NAS,29220.0,-23913.322297280658,0.002526252009365155,0.0,0.0,0.0,0.0,0.0,0.0,31127.04129267234,30406.45870732766,31487.332585344684,30046.167414655316,DEC26,SEP26,2026-09-25,2026-12-18,30766.75,30793.940034634394,FOUND,DEGRADED,SPOT_MONTH_FALLBACK;ESTIMATED_EXPIRY_ALIAS,2026-08-02.2,PUT_CALL_PARITY,SEP26,OCT26=PUT_CALL_PARITY;SEP26=PUT_CALL_PARITY;NOV26=SERIES_FORWARD_CLUSTER;DEC29=SERIES_FORWARD_CLUSTER;DEC26=PUT_CALL_PARITY;MAR27=SERIES_FORWARD_CLUSTER;JUN27=PUT_CALL_PARITY;DEC28=PUT_CALL_PARITY;DEC27=PUT_CALL_PARITY;SEP27=SERIES_FORWARD_CLUSTER;JUN29=PUT_CALL_PARITY;DEC30=PUT_CALL_PARITY,OCT26=30756.75;SEP26=30766.75;NOV26=31843.125;DEC29=29950.15;DEC26=20089;MAR27=27605.125;JUN27=24445.125;DEC27=21056.75;SEP27=36064.25,DEC26=GLOBAL_REFERENCE_OUTLIER_PUT_CALL_PARITY;JUN27=GLOBAL_REFERENCE_OUTLIER_SERIES_FORWARD_CLUSTER;DEC28=GLOBAL_REFERENCE_NO_OBSERVATION;DEC27=GLOBAL_REFERENCE_OUTLIER_SERIES_FORWARD_CLUSTER;JUN29=GLOBAL_REFERENCE_NO_OBSERVATION;DEC30=GLOBAL_REFERENCE_NO_OBSERVATION,WEIGHTED_ATM,2026-10-02,5,139,0.0,NONE,5131,4631,0,0,494,NONE,MN1;MN2;MN3;MN4;MN5;QMW;QRW;QTW;QWW,OK,NONE,NONE,2026-09-24
NAS,29225.0,-522833.135833416,0.05525526824730115,0.0,0.0,0.0,0.0,0.0,0.0,31127.04129267234,30406.45870732766,31487.332585344684,30046.167414655316,DEC26,SEP26,2026-09-25,2026-12-18,30766.75,30793.940034634394,FOUND,DEGRADED,SPOT_MONTH_FALLBACK;ESTIMATED_EXPIRY_ALIAS,2026-08-02.2,PUT_CALL_PARITY,SEP26,OCT26=PUT_CALL_PARITY;SEP26=PUT_CALL_PARITY;NOV26=SERIES_FORWARD_CLUSTER;DEC29=SERIES_FORWARD_CLUSTER;DEC26=PUT_CALL_PARITY;MAR27=SERIES_FORWARD_CLUSTER;JUN27=PUT_CALL_PARITY;DEC28=PUT_CALL_PARITY;DEC27=PUT_CALL_PARITY;SEP27=SERIES_FORWARD_CLUSTER;JUN29=PUT_CALL_PARITY;DEC30=PUT_CALL_PARITY,OCT26=30756.75;SEP26=30766.75;NOV26=31843.125;DEC29=29950.15;DEC26=20089;MAR27=27605.125;JUN27=24445.125;DEC27=21056.75;SEP27=36064.25,DEC26=GLOBAL_REFERENCE_OUTLIER_PUT_CALL_PARITY;JUN27=GLOBAL_REFERENCE_OUTLIER_SERIES_FORWARD_CLUSTER;DEC28=GLOBAL_REFERENCE_NO_OBSERVATION;DEC27=GLOBAL_REFERENCE_OUTLIER_SERIES_FORWARD_CLUSTER;JUN29=GLOBAL_REFERENCE_NO_OBSERVATION;DEC30=GLOBAL_REFERENCE_NO_OBSERVATION,WEIGHTED_ATM,2026-10-02,5,139,0.0,NONE,5131,4631,0,0,494,NONE,MN1;MN2;MN3;MN4;MN5;QMW;QRW;QTW;QWW,OK,NONE,NONE,2026-09-24
NAS,29230.0,-12735.331580896562,0.0013462613312345778,0.0,0.0,0.0,0.0,0.0,0.0,31127.04129267234,30406.45870732766,31487.332585344684,30046.167414655316,DEC26,SEP26,2026-09-25,2026-12-18,30766.75,30793.940034634394,FOUND,DEGRADED,SPOT_MONTH_FALLBACK;ESTIMATED_EXPIRY_ALIAS,2026-08-02.2,PUT_CALL_PARITY,SEP26,OCT26=PUT_CALL_PARITY;SEP26=PUT_CALL_PARITY;NOV26=SERIES_FORWARD_CLUSTER;DEC29=SERIES_FORWARD_CLUSTER;DEC26=PUT_CALL_PARITY;MAR27=SERIES_FORWARD_CLUSTER;JUN27=PUT_CALL_PARITY;DEC28=PUT_CALL_PARITY;DEC27=PUT_CALL_PARITY;SEP27=SERIES_FORWARD_CLUSTER;JUN29=PUT_CALL_PARITY;DEC30=PUT_CALL_PARITY,OCT26=30756.75;SEP26=30766.75;NOV26=31843.125;DEC29=29950.15;DEC26=20089;MAR27=27605.125;JUN27=24445.125;DEC27=21056.75;SEP27=36064.25,DEC26=GLOBAL_REFERENCE_OUTLIER_PUT_CALL_PARITY;JUN27=GLOBAL_REFERENCE_OUTLIER_SERIES_FORWARD_CLUSTER;DEC28=GLOBAL_REFERENCE_NO_OBSERVATION;DEC27=GLOBAL_REFERENCE_OUTLIER_SERIES_FORWARD_CLUSTER;JUN29=GLOBAL_REFERENCE_NO_OBSERVATION;DEC30=GLOBAL_REFERENCE_NO_OBSERVATION,WEIGHTED_ATM,2026-10-02,5,139,0.0,NONE,5131,4631,0,0,494,NONE,MN1;MN2;MN3;MN4;MN5;QMW;QRW;QTW;QWW,OK,NONE,NONE,2026-09-24
NAS,29240.0,-13968.330286121678,0.0014756428242847634,0.0,0.0,0.0,0.0,0.0,0.0,31127.04129267234,30406.45870732766,31487.332585344684,30046.167414655316,DEC26,SEP26,2026-09-25,2026-12-18,30766.75,30793.940034634394,FOUND,DEGRADED,SPOT_MONTH_FALLBACK;ESTIMATED_EXPIRY_ALIAS,2026-08-02.2,PUT_CALL_PARITY,SEP26,OCT26=PUT_CALL_PARITY;SEP26=PUT_CALL_PARITY;NOV26=SERIES_FORWARD_CLUSTER;DEC29=SERIES_FORWARD_CLUSTER;DEC26=PUT_CALL_PARITY;MAR27=SERIES_FORWARD_CLUSTER;JUN27=PUT_CALL_PARITY;DEC28=PUT_CALL_PARITY;DEC27=PUT_CALL_PARITY;SEP27=SERIES_FORWARD_CLUSTER;JUN29=PUT_CALL_PARITY;DEC30=PUT_CALL_PARITY,OCT26=30756.75;SEP26=30766.75;NOV26=31843.125;DEC29=29950.15;DEC26=20089;MAR27=27605.125;JUN27=24445.125;DEC27=21056.75;SEP27=36064.25,DEC26=GLOBAL_REFERENCE_OUTLIER_PUT_CALL_PARITY;JUN27=GLOBAL_REFERENCE_OUTLIER_SERIES_FORWARD_CLUSTER;DEC28=GLOBAL_REFERENCE_NO_OBSERVATION;DEC27=GLOBAL_REFERENCE_OUTLIER_SERIES_FORWARD_CLUSTER;JUN29=GLOBAL_REFERENCE_NO_OBSERVATION;DEC30=GLOBAL_REFERENCE_NO_OBSERVATION,WEIGHTED_ATM,2026-10-02,5,139,0.0,NONE,5131,4631,0,0,494,NONE,MN1;MN2;MN3;MN4;MN5;QMW;QRW;QTW;QWW,OK,NONE,NONE,2026-09-24
NAS,29250.0,-23258428.212305937,2.9082187643437734,0.0,0.0,0.0,0.0,0.0,0.0,31127.04129267234,30406.45870732766,31487.332585344684,30046.167414655316,DEC26,SEP26,2026-09-25,2026-12-18,30766.75,30793.940034634394,FOUND,DEGRADED,SPOT_MONTH_FALLBACK;ESTIMATED_EXPIRY_ALIAS,2026-08-02.2,PUT_CALL_PARITY,SEP26,OCT26=PUT_CALL_PARITY;SEP26=PUT_CALL_PARITY;NOV26=SERIES_FORWARD_CLUSTER;DEC29=SERIES_FORWARD_CLUSTER;DEC26=PUT_CALL_PARITY;MAR27=SERIES_FORWARD_CLUSTER;JUN27=PUT_CALL_PARITY;DEC28=PUT_CALL_PARITY;DEC27=PUT_CALL_PARITY;SEP27=SERIES_FORWARD_CLUSTER;JUN29=PUT_CALL_PARITY;DEC30=PUT_CALL_PARITY,OCT26=30756.75;SEP26=30766.75;NOV26=31843.125;DEC29=29950.15;DEC26=20089;MAR27=27605.125;JUN27=24445.125;DEC27=21056.75;SEP27=36064.25,DEC26=GLOBAL_REFERENCE_OUTLIER_PUT_CALL_PARITY;JUN27=GLOBAL_REFERENCE_OUTLIER_SERIES_FORWARD_CLUSTER;DEC28=GLOBAL_REFERENCE_NO_OBSERVATION;DEC27=GLOBAL_REFERENCE_OUTLIER_SERIES_FORWARD_CLUSTER;JUN29=GLOBAL_REFERENCE_NO_OBSERVATION;DEC30=GLOBAL_REFERENCE_NO_OBSERVATION,WEIGHTED_ATM,2026-10-02,5,139,0.0,NONE,5131,4631,0,0,494,NONE,MN1;MN2;MN3;MN4;MN5;QMW;QRW;QTW;QWW,OK,NONE,NONE,2026-09-24
NAS,29260.0,-7141.262812738946,0.0007544175295181773,0.0,0.0,0.0,0.0,0.0,0.0,31127.04129267234,30406.45870732766,31487.332585344684,30046.167414655316,DEC26,SEP26,2026-09-25,2026-12-18,30766.75,30793.940034634394,FOUND,DEGRADED,SPOT_MONTH_FALLBACK;ESTIMATED_EXPIRY_ALIAS,2026-08-02.2,PUT_CALL_PARITY,SEP26,OCT26=PUT_CALL_PARITY;SEP26=PUT_CALL_PARITY;NOV26=SERIES_FORWARD_CLUSTER;DEC29=SERIES_FORWARD_CLUSTER;DEC26=PUT_CALL_PARITY;MAR27=SERIES_FORWARD_CLUSTER;JUN27=PUT_CALL_PARITY;DEC28=PUT_CALL_PARITY;DEC27=PUT_CALL_PARITY;SEP27=SERIES_FORWARD_CLUSTER;JUN29=PUT_CALL_PARITY;DEC30=PUT_CALL_PARITY,OCT26=30756.75;SEP26=30766.75;NOV26=31843.125;DEC29=29950.15;DEC26=20089;MAR27=27605.125;JUN27=24445.125;DEC27=21056.75;SEP27=36064.25,DEC26=GLOBAL_REFERENCE_OUTLIER_PUT_CALL_PARITY;JUN27=GLOBAL_REFERENCE_OUTLIER_SERIES_FORWARD_CLUSTER;DEC28=GLOBAL_REFERENCE_NO_OBSERVATION;DEC27=GLOBAL_REFERENCE_OUTLIER_SERIES_FORWARD_CLUSTER;JUN29=GLOBAL_REFERENCE_NO_OBSERVATION;DEC30=GLOBAL_REFERENCE_NO_OBSERVATION,WEIGHTED_ATM,2026-10-02,5,139,0.0,NONE,5131,4631,0,0,494,NONE,MN1;MN2;MN3;MN4;MN5;QMW;QRW;QTW;QWW,OK,NONE,NONE,2026-09-24
NAS,29270.0,-3610.941464490603,0.0003814672012933427,0.0,0.0,0.0,0.0,0.0,0.0,31127.04129267234,30406.45870732766,31487.332585344684,30046.167414655316,DEC26,SEP26,2026-09-25,2026-12-18,30766.75,30793.940034634394,FOUND,DEGRADED,SPOT_MONTH_FALLBACK;ESTIMATED_EXPIRY_ALIAS,2026-08-02.2,PUT_CALL_PARITY,SEP26,OCT26=PUT_CALL_PARITY;SEP26=PUT_CALL_PARITY;NOV26=SERIES_FORWARD_CLUSTER;DEC29=SERIES_FORWARD_CLUSTER;DEC26=PUT_CALL_PARITY;MAR27=SERIES_FORWARD_CLUSTER;JUN27=PUT_CALL_PARITY;DEC28=PUT_CALL_PARITY;DEC27=PUT_CALL_PARITY;SEP27=SERIES_FORWARD_CLUSTER;JUN29=PUT_CALL_PARITY;DEC30=PUT_CALL_PARITY,OCT26=30756.75;SEP26=30766.75;NOV26=31843.125;DEC29=29950.15;DEC26=20089;MAR27=27605.125;JUN27=24445.125;DEC27=21056.75;SEP27=36064.25,DEC26=GLOBAL_REFERENCE_OUTLIER_PUT_CALL_PARITY;JUN27=GLOBAL_REFERENCE_OUTLIER_SERIES_FORWARD_CLUSTER;DEC28=GLOBAL_REFERENCE_NO_OBSERVATION;DEC27=GLOBAL_REFERENCE_OUTLIER_SERIES_FORWARD_CLUSTER;JUN29=GLOBAL_REFERENCE_NO_OBSERVATION;DEC30=GLOBAL_REFERENCE_NO_OBSERVATION,WEIGHTED_ATM,2026-10-02,5,139,0.0,NONE,5131,4631,0,0,494,NONE,MN1;MN2;MN3;MN4;MN5;QMW;QRW;QTW;QWW,OK,NONE,NONE,2026-09-24
NAS,29275.0,-555991.9036038661,0.05876383690860133,0.0,0.0,0.0,0.0,0.0,0.0,31127.04129267234,30406.45870732766,31487.332585344684,30046.167414655316,DEC26,SEP26,2026-09-25,2026-12-18,30766.75,30793.940034634394,FOUND,DEGRADED,SPOT_MONTH_FALLBACK;ESTIMATED_EXPIRY_ALIAS,2026-08-02.2,PUT_CALL_PARITY,SEP26,OCT26=PUT_CALL_PARITY;SEP26=PUT_CALL_PARITY;NOV26=SERIES_FORWARD_CLUSTER;DEC29=SERIES_FORWARD_CLUSTER;DEC26=PUT_CALL_PARITY;MAR27=SERIES_FORWARD_CLUSTER;JUN27=PUT_CALL_PARITY;DEC28=PUT_CALL_PARITY;DEC27=PUT_CALL_PARITY;SEP27=SERIES_FORWARD_CLUSTER;JUN29=PUT_CALL_PARITY;DEC30=PUT_CALL_PARITY,OCT26=30756.75;SEP26=30766.75;NOV26=31843.125;DEC29=29950.15;DEC26=20089;MAR27=27605.125;JUN27=24445.125;DEC27=21056.75;SEP27=36064.25,DEC26=GLOBAL_REFERENCE_OUTLIER_PUT_CALL_PARITY;JUN27=GLOBAL_REFERENCE_OUTLIER_SERIES_FORWARD_CLUSTER;DEC28=GLOBAL_REFERENCE_NO_OBSERVATION;DEC27=GLOBAL_REFERENCE_OUTLIER_SERIES_FORWARD_CLUSTER;JUN29=GLOBAL_REFERENCE_NO_OBSERVATION;DEC30=GLOBAL_REFERENCE_NO_OBSERVATION,WEIGHTED_ATM,2026-10-02,5,139,0.0,NONE,5131,4631,0,0,494,NONE,MN1;MN2;MN3;MN4;MN5;QMW;QRW;QTW;QWW,OK,NONE,NONE,2026-09-24
NAS,29280.0,-43823.5709265991,0.004629611173829529,0.0,0.0,0.0,0.0,0.0,0.0,31127.04129267234,30406.45870732766,31487.332585344684,30046.167414655316,DEC26,SEP26,2026-09-25,2026-12-18,30766.75,30793.940034634394,FOUND,DEGRADED,SPOT_MONTH_FALLBACK;ESTIMATED_EXPIRY_ALIAS,2026-08-02.2,PUT_CALL_PARITY,SEP26,OCT26=PUT_CALL_PARITY;SEP26=PUT_CALL_PARITY;NOV26=SERIES_FORWARD_CLUSTER;DEC29=SERIES_FORWARD_CLUSTER;DEC26=PUT_CALL_PARITY;MAR27=SERIES_FORWARD_CLUSTER;JUN27=PUT_CALL_PARITY;DEC28=PUT_CALL_PARITY;DEC27=PUT_CALL_PARITY;SEP27=SERIES_FORWARD_CLUSTER;JUN29=PUT_CALL_PARITY;DEC30=PUT_CALL_PARITY,OCT26=30756.75;SEP26=30766.75;NOV26=31843.125;DEC29=29950.15;DEC26=20089;MAR27=27605.125;JUN27=24445.125;DEC27=21056.75;SEP27=36064.25,DEC26=GLOBAL_REFERENCE_OUTLIER_PUT_CALL_PARITY;JUN27=GLOBAL_REFERENCE_OUTLIER_SERIES_FORWARD_CLUSTER;DEC28=GLOBAL_REFERENCE_NO_OBSERVATION;DEC27=GLOBAL_REFERENCE_OUTLIER_SERIES_FORWARD_CLUSTER;JUN29=GLOBAL_REFERENCE_NO_OBSERVATION;DEC30=GLOBAL_REFERENCE_NO_OBSERVATION,WEIGHTED_ATM,2026-10-02,5,139,0.0,NONE,5131,4631,0,0,494,NONE,MN1;MN2;MN3;MN4;MN5;QMW;QRW;QTW;QWW,OK,NONE,NONE,2026-09-24
NAS,29290.0,-14774.868452896211,0.0015608471567950793,0.0,0.0,0.0,0.0,0.0,0.0,31127.04129267234,30406.45870732766,31487.332585344684,30046.167414655316,DEC26,SEP26,2026-09-25,2026-12-18,30766.75,30793.940034634394,FOUND,DEGRADED,SPOT_MONTH_FALLBACK;ESTIMATED_EXPIRY_ALIAS,2026-08-02.2,PUT_CALL_PARITY,SEP26,OCT26=PUT_CALL_PARITY;SEP26=PUT_CALL_PARITY;NOV26=SERIES_FORWARD_CLUSTER;DEC29=SERIES_FORWARD_CLUSTER;DEC26=PUT_CALL_PARITY;MAR27=SERIES_FORWARD_CLUSTER;JUN27=PUT_CALL_PARITY;DEC28=PUT_CALL_PARITY;DEC27=PUT_CALL_PARITY;SEP27=SERIES_FORWARD_CLUSTER;JUN29=PUT_CALL_PARITY;DEC30=PUT_CALL_PARITY,OCT26=30756.75;SEP26=30766.75;NOV26=31843.125;DEC29=29950.15;DEC26=20089;MAR27=27605.125;JUN27=24445.125;DEC27=21056.75;SEP27=36064.25,DEC26=GLOBAL_REFERENCE_OUTLIER_PUT_CALL_PARITY;JUN27=GLOBAL_REFERENCE_OUTLIER_SERIES_FORWARD_CLUSTER;DEC28=GLOBAL_REFERENCE_NO_OBSERVATION;DEC27=GLOBAL_REFERENCE_OUTLIER_SERIES_FORWARD_CLUSTER;JUN29=GLOBAL_REFERENCE_NO_OBSERVATION;DEC30=GLOBAL_REFERENCE_NO_OBSERVATION,WEIGHTED_ATM,2026-10-02,5,139,0.0,NONE,5131,4631,0,0,494,NONE,MN1;MN2;MN3;MN4;MN5;QMW;QRW;QTW;QWW,OK,NONE,NONE,2026-09-24
NAS,29300.0,-7690616.569386356,1.2570967763678182,0.0,0.0,0.0,0.0,0.0,0.0,31127.04129267234,30406.45870732766,31487.332585344684,30046.167414655316,DEC26,SEP26,2026-09-25,2026-12-18,30766.75,30793.940034634394,FOUND,DEGRADED,SPOT_MONTH_FALLBACK;ESTIMATED_EXPIRY_ALIAS,2026-08-02.2,PUT_CALL_PARITY,SEP26,OCT26=PUT_CALL_PARITY;SEP26=PUT_CALL_PARITY;NOV26=SERIES_FORWARD_CLUSTER;DEC29=SERIES_FORWARD_CLUSTER;DEC26=PUT_CALL_PARITY;MAR27=SERIES_FORWARD_CLUSTER;JUN27=PUT_CALL_PARITY;DEC28=PUT_CALL_PARITY;DEC27=PUT_CALL_PARITY;SEP27=SERIES_FORWARD_CLUSTER;JUN29=PUT_CALL_PARITY;DEC30=PUT_CALL_PARITY,OCT26=30756.75;SEP26=30766.75;NOV26=31843.125;DEC29=29950.15;DEC26=20089;MAR27=27605.125;JUN27=24445.125;DEC27=21056.75;SEP27=36064.25,DEC26=GLOBAL_REFERENCE_OUTLIER_PUT_CALL_PARITY;JUN27=GLOBAL_REFERENCE_OUTLIER_SERIES_FORWARD_CLUSTER;DEC28=GLOBAL_REFERENCE_NO_OBSERVATION;DEC27=GLOBAL_REFERENCE_OUTLIER_SERIES_FORWARD_CLUSTER;JUN29=GLOBAL_REFERENCE_NO_OBSERVATION;DEC30=GLOBAL_REFERENCE_NO_OBSERVATION,WEIGHTED_ATM,2026-10-02,5,139,0.0,NONE,5131,4631,0,0,494,NONE,MN1;MN2;MN3;MN4;MN5;QMW;QRW;QTW;QWW,OK,NONE,NONE,2026-09-24
NAS,29310.0,-45353.82393033712,0.0047912702138187095,0.0,0.0,0.0,0.0,0.0,0.0,31127.04129267234,30406.45870732766,31487.332585344684,30046.167414655316,DEC26,SEP26,2026-09-25,2026-12-18,30766.75,30793.940034634394,FOUND,DEGRADED,SPOT_MONTH_FALLBACK;ESTIMATED_EXPIRY_ALIAS,2026-08-02.2,PUT_CALL_PARITY,SEP26,OCT26=PUT_CALL_PARITY;SEP26=PUT_CALL_PARITY;NOV26=SERIES_FORWARD_CLUSTER;DEC29=SERIES_FORWARD_CLUSTER;DEC26=PUT_CALL_PARITY;MAR27=SERIES_FORWARD_CLUSTER;JUN27=PUT_CALL_PARITY;DEC28=PUT_CALL_PARITY;DEC27=PUT_CALL_PARITY;SEP27=SERIES_FORWARD_CLUSTER;JUN29=PUT_CALL_PARITY;DEC30=PUT_CALL_PARITY,OCT26=30756.75;SEP26=30766.75;NOV26=31843.125;DEC29=29950.15;DEC26=20089;MAR27=27605.125;JUN27=24445.125;DEC27=21056.75;SEP27=36064.25,DEC26=GLOBAL_REFERENCE_OUTLIER_PUT_CALL_PARITY;JUN27=GLOBAL_REFERENCE_OUTLIER_SERIES_FORWARD_CLUSTER;DEC28=GLOBAL_REFERENCE_NO_OBSERVATION;DEC27=GLOBAL_REFERENCE_OUTLIER_SERIES_FORWARD_CLUSTER;JUN29=GLOBAL_REFERENCE_NO_OBSERVATION;DEC30=GLOBAL_REFERENCE_NO_OBSERVATION,WEIGHTED_ATM,2026-10-02,5,139,0.0,NONE,5131,4631,0,0,494,NONE,MN1;MN2;MN3;MN4;MN5;QMW;QRW;QTW;QWW,OK,NONE,NONE,2026-09-24
NAS,29320.0,-11470.614611708703,0.0012117790598580966,0.0,0.0,0.0,0.0,0.0,0.0,31127.04129267234,30406.45870732766,31487.332585344684,30046.167414655316,DEC26,SEP26,2026-09-25,2026-12-18,30766.75,30793.940034634394,FOUND,DEGRADED,SPOT_MONTH_FALLBACK;ESTIMATED_EXPIRY_ALIAS,2026-08-02.2,PUT_CALL_PARITY,SEP26,OCT26=PUT_CALL_PARITY;SEP26=PUT_CALL_PARITY;NOV26=SERIES_FORWARD_CLUSTER;DEC29=SERIES_FORWARD_CLUSTER;DEC26=PUT_CALL_PARITY;MAR27=SERIES_FORWARD_CLUSTER;JUN27=PUT_CALL_PARITY;DEC28=PUT_CALL_PARITY;DEC27=PUT_CALL_PARITY;SEP27=SERIES_FORWARD_CLUSTER;JUN29=PUT_CALL_PARITY;DEC30=PUT_CALL_PARITY,OCT26=30756.75;SEP26=30766.75;NOV26=31843.125;DEC29=29950.15;DEC26=20089;MAR27=27605.125;JUN27=24445.125;DEC27=21056.75;SEP27=36064.25,DEC26=GLOBAL_REFERENCE_OUTLIER_PUT_CALL_PARITY;JUN27=GLOBAL_REFERENCE_OUTLIER_SERIES_FORWARD_CLUSTER;DEC28=GLOBAL_REFERENCE_NO_OBSERVATION;DEC27=GLOBAL_REFERENCE_OUTLIER_SERIES_FORWARD_CLUSTER;JUN29=GLOBAL_REFERENCE_NO_OBSERVATION;DEC30=GLOBAL_REFERENCE_NO_OBSERVATION,WEIGHTED_ATM,2026-10-02,5,139,0.0,NONE,5131,4631,0,0,494,NONE,MN1;MN2;MN3;MN4;MN5;QMW;QRW;QTW;QWW,OK,NONE,NONE,2026-09-24
NAS,29325.0,-1022407.721576805,0.10806413470302338,0.0,0.0,0.0,0.0,0.0,0.0,31127.04129267234,30406.45870732766,31487.332585344684,30046.167414655316,DEC26,SEP26,2026-09-25,2026-12-18,30766.75,30793.940034634394,FOUND,DEGRADED,SPOT_MONTH_FALLBACK;ESTIMATED_EXPIRY_ALIAS,2026-08-02.2,PUT_CALL_PARITY,SEP26,OCT26=PUT_CALL_PARITY;SEP26=PUT_CALL_PARITY;NOV26=SERIES_FORWARD_CLUSTER;DEC29=SERIES_FORWARD_CLUSTER;DEC26=PUT_CALL_PARITY;MAR27=SERIES_FORWARD_CLUSTER;JUN27=PUT_CALL_PARITY;DEC28=PUT_CALL_PARITY;DEC27=PUT_CALL_PARITY;SEP27=SERIES_FORWARD_CLUSTER;JUN29=PUT_CALL_PARITY;DEC30=PUT_CALL_PARITY,OCT26=30756.75;SEP26=30766.75;NOV26=31843.125;DEC29=29950.15;DEC26=20089;MAR27=27605.125;JUN27=24445.125;DEC27=21056.75;SEP27=36064.25,DEC26=GLOBAL_REFERENCE_OUTLIER_PUT_CALL_PARITY;JUN27=GLOBAL_REFERENCE_OUTLIER_SERIES_FORWARD_CLUSTER;DEC28=GLOBAL_REFERENCE_NO_OBSERVATION;DEC27=GLOBAL_REFERENCE_OUTLIER_SERIES_FORWARD_CLUSTER;JUN29=GLOBAL_REFERENCE_NO_OBSERVATION;DEC30=GLOBAL_REFERENCE_NO_OBSERVATION,WEIGHTED_ATM,2026-10-02,5,139,0.0,NONE,5131,4631,0,0,494,NONE,MN1;MN2;MN3;MN4;MN5;QMW;QRW;QTW;QWW,OK,NONE,NONE,2026-09-24
NAS,29340.0,-11742.2395298016,0.0012404740687153083,0.0,0.0,0.0,0.0,0.0,0.0,31127.04129267234,30406.45870732766,31487.332585344684,30046.167414655316,DEC26,SEP26,2026-09-25,2026-12-18,30766.75,30793.940034634394,FOUND,DEGRADED,SPOT_MONTH_FALLBACK;ESTIMATED_EXPIRY_ALIAS,2026-08-02.2,PUT_CALL_PARITY,SEP26,OCT26=PUT_CALL_PARITY;SEP26=PUT_CALL_PARITY;NOV26=SERIES_FORWARD_CLUSTER;DEC29=SERIES_FORWARD_CLUSTER;DEC26=PUT_CALL_PARITY;MAR27=SERIES_FORWARD_CLUSTER;JUN27=PUT_CALL_PARITY;DEC28=PUT_CALL_PARITY;DEC27=PUT_CALL_PARITY;SEP27=SERIES_FORWARD_CLUSTER;JUN29=PUT_CALL_PARITY;DEC30=PUT_CALL_PARITY,OCT26=30756.75;SEP26=30766.75;NOV26=31843.125;DEC29=29950.15;DEC26=20089;MAR27=27605.125;JUN27=24445.125;DEC27=21056.75;SEP27=36064.25,DEC26=GLOBAL_REFERENCE_OUTLIER_PUT_CALL_PARITY;JUN27=GLOBAL_REFERENCE_OUTLIER_SERIES_FORWARD_CLUSTER;DEC28=GLOBAL_REFERENCE_NO_OBSERVATION;DEC27=GLOBAL_REFERENCE_OUTLIER_SERIES_FORWARD_CLUSTER;JUN29=GLOBAL_REFERENCE_NO_OBSERVATION;DEC30=GLOBAL_REFERENCE_NO_OBSERVATION,WEIGHTED_ATM,2026-10-02,5,139,0.0,NONE,5131,4631,0,0,494,NONE,MN1;MN2;MN3;MN4;MN5;QMW;QRW;QTW;QWW,OK,NONE,NONE,2026-09-24
NAS,29350.0,-7551960.38643127,0.9200492983276192,0.0,0.0,0.0,0.0,0.0,0.0,31127.04129267234,30406.45870732766,31487.332585344684,30046.167414655316,DEC26,SEP26,2026-09-25,2026-12-18,30766.75,30793.940034634394,FOUND,DEGRADED,SPOT_MONTH_FALLBACK;ESTIMATED_EXPIRY_ALIAS,2026-08-02.2,PUT_CALL_PARITY,SEP26,OCT26=PUT_CALL_PARITY;SEP26=PUT_CALL_PARITY;NOV26=SERIES_FORWARD_CLUSTER;DEC29=SERIES_FORWARD_CLUSTER;DEC26=PUT_CALL_PARITY;MAR27=SERIES_FORWARD_CLUSTER;JUN27=PUT_CALL_PARITY;DEC28=PUT_CALL_PARITY;DEC27=PUT_CALL_PARITY;SEP27=SERIES_FORWARD_CLUSTER;JUN29=PUT_CALL_PARITY;DEC30=PUT_CALL_PARITY,OCT26=30756.75;SEP26=30766.75;NOV26=31843.125;DEC29=29950.15;DEC26=20089;MAR27=27605.125;JUN27=24445.125;DEC27=21056.75;SEP27=36064.25,DEC26=GLOBAL_REFERENCE_OUTLIER_PUT_CALL_PARITY;JUN27=GLOBAL_REFERENCE_OUTLIER_SERIES_FORWARD_CLUSTER;DEC28=GLOBAL_REFERENCE_NO_OBSERVATION;DEC27=GLOBAL_REFERENCE_OUTLIER_SERIES_FORWARD_CLUSTER;JUN29=GLOBAL_REFERENCE_NO_OBSERVATION;DEC30=GLOBAL_REFERENCE_NO_OBSERVATION,WEIGHTED_ATM,2026-10-02,5,139,0.0,NONE,5131,4631,0,0,494,NONE,MN1;MN2;MN3;MN4;MN5;QMW;QRW;QTW;QWW,OK,NONE,NONE,2026-09-24
NAS,29360.0,-20040.039690195954,0.0021170705561423396,0.0,0.0,0.0,0.0,0.0,0.0,31127.04129267234,30406.45870732766,31487.332585344684,30046.167414655316,DEC26,SEP26,2026-09-25,2026-12-18,30766.75,30793.940034634394,FOUND,DEGRADED,SPOT_MONTH_FALLBACK;ESTIMATED_EXPIRY_ALIAS,2026-08-02.2,PUT_CALL_PARITY,SEP26,OCT26=PUT_CALL_PARITY;SEP26=PUT_CALL_PARITY;NOV26=SERIES_FORWARD_CLUSTER;DEC29=SERIES_FORWARD_CLUSTER;DEC26=PUT_CALL_PARITY;MAR27=SERIES_FORWARD_CLUSTER;JUN27=PUT_CALL_PARITY;DEC28=PUT_CALL_PARITY;DEC27=PUT_CALL_PARITY;SEP27=SERIES_FORWARD_CLUSTER;JUN29=PUT_CALL_PARITY;DEC30=PUT_CALL_PARITY,OCT26=30756.75;SEP26=30766.75;NOV26=31843.125;DEC29=29950.15;DEC26=20089;MAR27=27605.125;JUN27=24445.125;DEC27=21056.75;SEP27=36064.25,DEC26=GLOBAL_REFERENCE_OUTLIER_PUT_CALL_PARITY;JUN27=GLOBAL_REFERENCE_OUTLIER_SERIES_FORWARD_CLUSTER;DEC28=GLOBAL_REFERENCE_NO_OBSERVATION;DEC27=GLOBAL_REFERENCE_OUTLIER_SERIES_FORWARD_CLUSTER;JUN29=GLOBAL_REFERENCE_NO_OBSERVATION;DEC30=GLOBAL_REFERENCE_NO_OBSERVATION,WEIGHTED_ATM,2026-10-02,5,139,0.0,NONE,5131,4631,0,0,494,NONE,MN1;MN2;MN3;MN4;MN5;QMW;QRW;QTW;QWW,OK,NONE,NONE,2026-09-24
NAS,29370.0,-16225.185758979314,0.0017140616270874876,0.0,0.0,0.0,0.0,0.0,0.0,31127.04129267234,30406.45870732766,31487.332585344684,30046.167414655316,DEC26,SEP26,2026-09-25,2026-12-18,30766.75,30793.940034634394,FOUND,DEGRADED,SPOT_MONTH_FALLBACK;ESTIMATED_EXPIRY_ALIAS,2026-08-02.2,PUT_CALL_PARITY,SEP26,OCT26=PUT_CALL_PARITY;SEP26=PUT_CALL_PARITY;NOV26=SERIES_FORWARD_CLUSTER;DEC29=SERIES_FORWARD_CLUSTER;DEC26=PUT_CALL_PARITY;MAR27=SERIES_FORWARD_CLUSTER;JUN27=PUT_CALL_PARITY;DEC28=PUT_CALL_PARITY;DEC27=PUT_CALL_PARITY;SEP27=SERIES_FORWARD_CLUSTER;JUN29=PUT_CALL_PARITY;DEC30=PUT_CALL_PARITY,OCT26=30756.75;SEP26=30766.75;NOV26=31843.125;DEC29=29950.15;DEC26=20089;MAR27=27605.125;JUN27=24445.125;DEC27=21056.75;SEP27=36064.25,DEC26=GLOBAL_REFERENCE_OUTLIER_PUT_CALL_PARITY;JUN27=GLOBAL_REFERENCE_OUTLIER_SERIES_FORWARD_CLUSTER;DEC28=GLOBAL_REFERENCE_NO_OBSERVATION;DEC27=GLOBAL_REFERENCE_OUTLIER_SERIES_FORWARD_CLUSTER;JUN29=GLOBAL_REFERENCE_NO_OBSERVATION;DEC30=GLOBAL_REFERENCE_NO_OBSERVATION,WEIGHTED_ATM,2026-10-02,5,139,0.0,NONE,5131,4631,0,0,494,NONE,MN1;MN2;MN3;MN4;MN5;QMW;QRW;QTW;QWW,OK,NONE,NONE,2026-09-24
NAS,29375.0,-612947.7084446112,0.06478458878270092,0.0,0.0,0.0,0.0,0.0,0.0,31127.04129267234,30406.45870732766,31487.332585344684,30046.167414655316,DEC26,SEP26,2026-09-25,2026-12-18,30766.75,30793.940034634394,FOUND,DEGRADED,SPOT_MONTH_FALLBACK;ESTIMATED_EXPIRY_ALIAS,2026-08-02.2,PUT_CALL_PARITY,SEP26,OCT26=PUT_CALL_PARITY;SEP26=PUT_CALL_PARITY;NOV26=SERIES_FORWARD_CLUSTER;DEC29=SERIES_FORWARD_CLUSTER;DEC26=PUT_CALL_PARITY;MAR27=SERIES_FORWARD_CLUSTER;JUN27=PUT_CALL_PARITY;DEC28=PUT_CALL_PARITY;DEC27=PUT_CALL_PARITY;SEP27=SERIES_FORWARD_CLUSTER;JUN29=PUT_CALL_PARITY;DEC30=PUT_CALL_PARITY,OCT26=30756.75;SEP26=30766.75;NOV26=31843.125;DEC29=29950.15;DEC26=20089;MAR27=27605.125;JUN27=24445.125;DEC27=21056.75;SEP27=36064.25,DEC26=GLOBAL_REFERENCE_OUTLIER_PUT_CALL_PARITY;JUN27=GLOBAL_REFERENCE_OUTLIER_SERIES_FORWARD_CLUSTER;DEC28=GLOBAL_REFERENCE_NO_OBSERVATION;DEC27=GLOBAL_REFERENCE_OUTLIER_SERIES_FORWARD_CLUSTER;JUN29=GLOBAL_REFERENCE_NO_OBSERVATION;DEC30=GLOBAL_REFERENCE_NO_OBSERVATION,WEIGHTED_ATM,2026-10-02,5,139,0.0,NONE,5131,4631,0,0,494,NONE,MN1;MN2;MN3;MN4;MN5;QMW;QRW;QTW;QWW,OK,NONE,NONE,2026-09-24
NAS,29380.0,-68144.69180876049,0.0072012519015489124,0.0,0.0,0.0,0.0,0.0,0.0,31127.04129267234,30406.45870732766,31487.332585344684,30046.167414655316,DEC26,SEP26,2026-09-25,2026-12-18,30766.75,30793.940034634394,FOUND,DEGRADED,SPOT_MONTH_FALLBACK;ESTIMATED_EXPIRY_ALIAS,2026-08-02.2,PUT_CALL_PARITY,SEP26,OCT26=PUT_CALL_PARITY;SEP26=PUT_CALL_PARITY;NOV26=SERIES_FORWARD_CLUSTER;DEC29=SERIES_FORWARD_CLUSTER;DEC26=PUT_CALL_PARITY;MAR27=SERIES_FORWARD_CLUSTER;JUN27=PUT_CALL_PARITY;DEC28=PUT_CALL_PARITY;DEC27=PUT_CALL_PARITY;SEP27=SERIES_FORWARD_CLUSTER;JUN29=PUT_CALL_PARITY;DEC30=PUT_CALL_PARITY,OCT26=30756.75;SEP26=30766.75;NOV26=31843.125;DEC29=29950.15;DEC26=20089;MAR27=27605.125;JUN27=24445.125;DEC27=21056.75;SEP27=36064.25,DEC26=GLOBAL_REFERENCE_OUTLIER_PUT_CALL_PARITY;JUN27=GLOBAL_REFERENCE_OUTLIER_SERIES_FORWARD_CLUSTER;DEC28=GLOBAL_REFERENCE_NO_OBSERVATION;DEC27=GLOBAL_REFERENCE_OUTLIER_SERIES_FORWARD_CLUSTER;JUN29=GLOBAL_REFERENCE_NO_OBSERVATION;DEC30=GLOBAL_REFERENCE_NO_OBSERVATION,WEIGHTED_ATM,2026-10-02,5,139,0.0,NONE,5131,4631,0,0,494,NONE,MN1;MN2;MN3;MN4;MN5;QMW;QRW;QTW;QWW,OK,NONE,NONE,2026-09-24
NAS,29390.0,-8707.437138008301,0.0009198713709811742,0.0,0.0,0.0,0.0,0.0,0.0,31127.04129267234,30406.45870732766,31487.332585344684,30046.167414655316,DEC26,SEP26,2026-09-25,2026-12-18,30766.75,30793.940034634394,FOUND,DEGRADED,SPOT_MONTH_FALLBACK;ESTIMATED_EXPIRY_ALIAS,2026-08-02.2,PUT_CALL_PARITY,SEP26,OCT26=PUT_CALL_PARITY;SEP26=PUT_CALL_PARITY;NOV26=SERIES_FORWARD_CLUSTER;DEC29=SERIES_FORWARD_CLUSTER;DEC26=PUT_CALL_PARITY;MAR27=SERIES_FORWARD_CLUSTER;JUN27=PUT_CALL_PARITY;DEC28=PUT_CALL_PARITY;DEC27=PUT_CALL_PARITY;SEP27=SERIES_FORWARD_CLUSTER;JUN29=PUT_CALL_PARITY;DEC30=PUT_CALL_PARITY,OCT26=30756.75;SEP26=30766.75;NOV26=31843.125;DEC29=29950.15;DEC26=20089;MAR27=27605.125;JUN27=24445.125;DEC27=21056.75;SEP27=36064.25,DEC26=GLOBAL_REFERENCE_OUTLIER_PUT_CALL_PARITY;JUN27=GLOBAL_REFERENCE_OUTLIER_SERIES_FORWARD_CLUSTER;DEC28=GLOBAL_REFERENCE_NO_OBSERVATION;DEC27=GLOBAL_REFERENCE_OUTLIER_SERIES_FORWARD_CLUSTER;JUN29=GLOBAL_REFERENCE_NO_OBSERVATION;DEC30=GLOBAL_REFERENCE_NO_OBSERVATION,WEIGHTED_ATM,2026-10-02,5,139,0.0,NONE,5131,4631,0,0,494,NONE,MN1;MN2;MN3;MN4;MN5;QMW;QRW;QTW;QWW,OK,NONE,NONE,2026-09-24
NAS,29400.0,-14668764.240398372,2.508344199468035,0.0,0.0,0.0,0.0,0.0,0.0,31127.04129267234,30406.45870732766,31487.332585344684,30046.167414655316,DEC26,SEP26,2026-09-25,2026-12-18,30766.75,30793.940034634394,FOUND,DEGRADED,SPOT_MONTH_FALLBACK;ESTIMATED_EXPIRY_ALIAS,2026-08-02.2,PUT_CALL_PARITY,SEP26,OCT26=PUT_CALL_PARITY;SEP26=PUT_CALL_PARITY;NOV26=SERIES_FORWARD_CLUSTER;DEC29=SERIES_FORWARD_CLUSTER;DEC26=PUT_CALL_PARITY;MAR27=SERIES_FORWARD_CLUSTER;JUN27=PUT_CALL_PARITY;DEC28=PUT_CALL_PARITY;DEC27=PUT_CALL_PARITY;SEP27=SERIES_FORWARD_CLUSTER;JUN29=PUT_CALL_PARITY;DEC30=PUT_CALL_PARITY,OCT26=30756.75;SEP26=30766.75;NOV26=31843.125;DEC29=29950.15;DEC26=20089;MAR27=27605.125;JUN27=24445.125;DEC27=21056.75;SEP27=36064.25,DEC26=GLOBAL_REFERENCE_OUTLIER_PUT_CALL_PARITY;JUN27=GLOBAL_REFERENCE_OUTLIER_SERIES_FORWARD_CLUSTER;DEC28=GLOBAL_REFERENCE_NO_OBSERVATION;DEC27=GLOBAL_REFERENCE_OUTLIER_SERIES_FORWARD_CLUSTER;JUN29=GLOBAL_REFERENCE_NO_OBSERVATION;DEC30=GLOBAL_REFERENCE_NO_OBSERVATION,WEIGHTED_ATM,2026-10-02,5,139,0.0,NONE,5131,4631,0,0,494,NONE,MN1;MN2;MN3;MN4;MN5;QMW;QRW;QTW;QWW,OK,NONE,NONE,2026-09-24
NAS,29410.0,-4461.567953378198,0.00047132911383135405,0.0,0.0,0.0,0.0,0.0,0.0,31127.04129267234,30406.45870732766,31487.332585344684,30046.167414655316,DEC26,SEP26,2026-09-25,2026-12-18,30766.75,30793.940034634394,FOUND,DEGRADED,SPOT_MONTH_FALLBACK;ESTIMATED_EXPIRY_ALIAS,2026-08-02.2,PUT_CALL_PARITY,SEP26,OCT26=PUT_CALL_PARITY;SEP26=PUT_CALL_PARITY;NOV26=SERIES_FORWARD_CLUSTER;DEC29=SERIES_FORWARD_CLUSTER;DEC26=PUT_CALL_PARITY;MAR27=SERIES_FORWARD_CLUSTER;JUN27=PUT_CALL_PARITY;DEC28=PUT_CALL_PARITY;DEC27=PUT_CALL_PARITY;SEP27=SERIES_FORWARD_CLUSTER;JUN29=PUT_CALL_PARITY;DEC30=PUT_CALL_PARITY,OCT26=30756.75;SEP26=30766.75;NOV26=31843.125;DEC29=29950.15;DEC26=20089;MAR27=27605.125;JUN27=24445.125;DEC27=21056.75;SEP27=36064.25,DEC26=GLOBAL_REFERENCE_OUTLIER_PUT_CALL_PARITY;JUN27=GLOBAL_REFERENCE_OUTLIER_SERIES_FORWARD_CLUSTER;DEC28=GLOBAL_REFERENCE_NO_OBSERVATION;DEC27=GLOBAL_REFERENCE_OUTLIER_SERIES_FORWARD_CLUSTER;JUN29=GLOBAL_REFERENCE_NO_OBSERVATION;DEC30=GLOBAL_REFERENCE_NO_OBSERVATION,WEIGHTED_ATM,2026-10-02,5,139,0.0,NONE,5131,4631,0,0,494,NONE,MN1;MN2;MN3;MN4;MN5;QMW;QRW;QTW;QWW,OK,NONE,NONE,2026-09-24
NAS,29420.0,-13551.196040987516,0.0014315759141396585,0.0,0.0,0.0,0.0,0.0,0.0,31127.04129267234,30406.45870732766,31487.332585344684,30046.167414655316,DEC26,SEP26,2026-09-25,2026-12-18,30766.75,30793.940034634394,FOUND,DEGRADED,SPOT_MONTH_FALLBACK;ESTIMATED_EXPIRY_ALIAS,2026-08-02.2,PUT_CALL_PARITY,SEP26,OCT26=PUT_CALL_PARITY;SEP26=PUT_CALL_PARITY;NOV26=SERIES_FORWARD_CLUSTER;DEC29=SERIES_FORWARD_CLUSTER;DEC26=PUT_CALL_PARITY;MAR27=SERIES_FORWARD_CLUSTER;JUN27=PUT_CALL_PARITY;DEC28=PUT_CALL_PARITY;DEC27=PUT_CALL_PARITY;SEP27=SERIES_FORWARD_CLUSTER;JUN29=PUT_CALL_PARITY;DEC30=PUT_CALL_PARITY,OCT26=30756.75;SEP26=30766.75;NOV26=31843.125;DEC29=29950.15;DEC26=20089;MAR27=27605.125;JUN27=24445.125;DEC27=21056.75;SEP27=36064.25,DEC26=GLOBAL_REFERENCE_OUTLIER_PUT_CALL_PARITY;JUN27=GLOBAL_REFERENCE_OUTLIER_SERIES_FORWARD_CLUSTER;DEC28=GLOBAL_REFERENCE_NO_OBSERVATION;DEC27=GLOBAL_REFERENCE_OUTLIER_SERIES_FORWARD_CLUSTER;JUN29=GLOBAL_REFERENCE_NO_OBSERVATION;DEC30=GLOBAL_REFERENCE_NO_OBSERVATION,WEIGHTED_ATM,2026-10-02,5,139,0.0,NONE,5131,4631,0,0,494,NONE,MN1;MN2;MN3;MN4;MN5;QMW;QRW;QTW;QWW,OK,NONE,NONE,2026-09-24
NAS,29425.0,-471460.1687829803,0.049826310873184294,0.0,0.0,0.0,0.0,0.0,0.0,31127.04129267234,30406.45870732766,31487.332585344684,30046.167414655316,DEC26,SEP26,2026-09-25,2026-12-18,30766.75,30793.940034634394,FOUND,DEGRADED,SPOT_MONTH_FALLBACK;ESTIMATED_EXPIRY_ALIAS,2026-08-02.2,PUT_CALL_PARITY,SEP26,OCT26=PUT_CALL_PARITY;SEP26=PUT_CALL_PARITY;NOV26=SERIES_FORWARD_CLUSTER;DEC29=SERIES_FORWARD_CLUSTER;DEC26=PUT_CALL_PARITY;MAR27=SERIES_FORWARD_CLUSTER;JUN27=PUT_CALL_PARITY;DEC28=PUT_CALL_PARITY;DEC27=PUT_CALL_PARITY;SEP27=SERIES_FORWARD_CLUSTER;JUN29=PUT_CALL_PARITY;DEC30=PUT_CALL_PARITY,OCT26=30756.75;SEP26=30766.75;NOV26=31843.125;DEC29=29950.15;DEC26=20089;MAR27=27605.125;JUN27=24445.125;DEC27=21056.75;SEP27=36064.25,DEC26=GLOBAL_REFERENCE_OUTLIER_PUT_CALL_PARITY;JUN27=GLOBAL_REFERENCE_OUTLIER_SERIES_FORWARD_CLUSTER;DEC28=GLOBAL_REFERENCE_NO_OBSERVATION;DEC27=GLOBAL_REFERENCE_OUTLIER_SERIES_FORWARD_CLUSTER;JUN29=GLOBAL_REFERENCE_NO_OBSERVATION;DEC30=GLOBAL_REFERENCE_NO_OBSERVATION,WEIGHTED_ATM,2026-10-02,5,139,0.0,NONE,5131,4631,0,0,494,NONE,MN1;MN2;MN3;MN4;MN5;QMW;QRW;QTW;QWW,OK,NONE,NONE,2026-09-24
NAS,29430.0,-32015.541079408464,0.0033821868821617314,0.0,0.0,0.0,0.0,0.0,0.0,31127.04129267234,30406.45870732766,31487.332585344684,30046.167414655316,DEC26,SEP26,2026-09-25,2026-12-18,30766.75,30793.940034634394,FOUND,DEGRADED,SPOT_MONTH_FALLBACK;ESTIMATED_EXPIRY_ALIAS,2026-08-02.2,PUT_CALL_PARITY,SEP26,OCT26=PUT_CALL_PARITY;SEP26=PUT_CALL_PARITY;NOV26=SERIES_FORWARD_CLUSTER;DEC29=SERIES_FORWARD_CLUSTER;DEC26=PUT_CALL_PARITY;MAR27=SERIES_FORWARD_CLUSTER;JUN27=PUT_CALL_PARITY;DEC28=PUT_CALL_PARITY;DEC27=PUT_CALL_PARITY;SEP27=SERIES_FORWARD_CLUSTER;JUN29=PUT_CALL_PARITY;DEC30=PUT_CALL_PARITY,OCT26=30756.75;SEP26=30766.75;NOV26=31843.125;DEC29=29950.15;DEC26=20089;MAR27=27605.125;JUN27=24445.125;DEC27=21056.75;SEP27=36064.25,DEC26=GLOBAL_REFERENCE_OUTLIER_PUT_CALL_PARITY;JUN27=GLOBAL_REFERENCE_OUTLIER_SERIES_FORWARD_CLUSTER;DEC28=GLOBAL_REFERENCE_NO_OBSERVATION;DEC27=GLOBAL_REFERENCE_OUTLIER_SERIES_FORWARD_CLUSTER;JUN29=GLOBAL_REFERENCE_NO_OBSERVATION;DEC30=GLOBAL_REFERENCE_NO_OBSERVATION,WEIGHTED_ATM,2026-10-02,5,139,0.0,NONE,5131,4631,0,0,494,NONE,MN1;MN2;MN3;MN4;MN5;QMW;QRW;QTW;QWW,OK,NONE,NONE,2026-09-24
NAS,29440.0,-50944.821813325005,0.005381914602777604,0.0,0.0,0.0,0.0,0.0,0.0,31127.04129267234,30406.45870732766,31487.332585344684,30046.167414655316,DEC26,SEP26,2026-09-25,2026-12-18,30766.75,30793.940034634394,FOUND,DEGRADED,SPOT_MONTH_FALLBACK;ESTIMATED_EXPIRY_ALIAS,2026-08-02.2,PUT_CALL_PARITY,SEP26,OCT26=PUT_CALL_PARITY;SEP26=PUT_CALL_PARITY;NOV26=SERIES_FORWARD_CLUSTER;DEC29=SERIES_FORWARD_CLUSTER;DEC26=PUT_CALL_PARITY;MAR27=SERIES_FORWARD_CLUSTER;JUN27=PUT_CALL_PARITY;DEC28=PUT_CALL_PARITY;DEC27=PUT_CALL_PARITY;SEP27=SERIES_FORWARD_CLUSTER;JUN29=PUT_CALL_PARITY;DEC30=PUT_CALL_PARITY,OCT26=30756.75;SEP26=30766.75;NOV26=31843.125;DEC29=29950.15;DEC26=20089;MAR27=27605.125;JUN27=24445.125;DEC27=21056.75;SEP27=36064.25,DEC26=GLOBAL_REFERENCE_OUTLIER_PUT_CALL_PARITY;JUN27=GLOBAL_REFERENCE_OUTLIER_SERIES_FORWARD_CLUSTER;DEC28=GLOBAL_REFERENCE_NO_OBSERVATION;DEC27=GLOBAL_REFERENCE_OUTLIER_SERIES_FORWARD_CLUSTER;JUN29=GLOBAL_REFERENCE_NO_OBSERVATION;DEC30=GLOBAL_REFERENCE_NO_OBSERVATION,WEIGHTED_ATM,2026-10-02,5,139,0.0,NONE,5131,4631,0,0,494,NONE,MN1;MN2;MN3;MN4;MN5;QMW;QRW;QTW;QWW,OK,NONE,NONE,2026-09-24
NAS,29450.0,-2855570.200374563,0.5365429620473912,0.0,0.0,0.0,0.0,0.0,0.0,31127.04129267234,30406.45870732766,31487.332585344684,30046.167414655316,DEC26,SEP26,2026-09-25,2026-12-18,30766.75,30793.940034634394,FOUND,DEGRADED,SPOT_MONTH_FALLBACK;ESTIMATED_EXPIRY_ALIAS,2026-08-02.2,PUT_CALL_PARITY,SEP26,OCT26=PUT_CALL_PARITY;SEP26=PUT_CALL_PARITY;NOV26=SERIES_FORWARD_CLUSTER;DEC29=SERIES_FORWARD_CLUSTER;DEC26=PUT_CALL_PARITY;MAR27=SERIES_FORWARD_CLUSTER;JUN27=PUT_CALL_PARITY;DEC28=PUT_CALL_PARITY;DEC27=PUT_CALL_PARITY;SEP27=SERIES_FORWARD_CLUSTER;JUN29=PUT_CALL_PARITY;DEC30=PUT_CALL_PARITY,OCT26=30756.75;SEP26=30766.75;NOV26=31843.125;DEC29=29950.15;DEC26=20089;MAR27=27605.125;JUN27=24445.125;DEC27=21056.75;SEP27=36064.25,DEC26=GLOBAL_REFERENCE_OUTLIER_PUT_CALL_PARITY;JUN27=GLOBAL_REFERENCE_OUTLIER_SERIES_FORWARD_CLUSTER;DEC28=GLOBAL_REFERENCE_NO_OBSERVATION;DEC27=GLOBAL_REFERENCE_OUTLIER_SERIES_FORWARD_CLUSTER;JUN29=GLOBAL_REFERENCE_NO_OBSERVATION;DEC30=GLOBAL_REFERENCE_NO_OBSERVATION,WEIGHTED_ATM,2026-10-02,5,139,0.0,NONE,5131,4631,0,0,494,NONE,MN1;MN2;MN3;MN4;MN5;QMW;QRW;QTW;QWW,OK,NONE,NONE,2026-09-24
NAS,29460.0,-23751.06692033231,0.002509111021302083,0.0,0.0,0.0,0.0,0.0,0.0,31127.04129267234,30406.45870732766,31487.332585344684,30046.167414655316,DEC26,SEP26,2026-09-25,2026-12-18,30766.75,30793.940034634394,FOUND,DEGRADED,SPOT_MONTH_FALLBACK;ESTIMATED_EXPIRY_ALIAS,2026-08-02.2,PUT_CALL_PARITY,SEP26,OCT26=PUT_CALL_PARITY;SEP26=PUT_CALL_PARITY;NOV26=SERIES_FORWARD_CLUSTER;DEC29=SERIES_FORWARD_CLUSTER;DEC26=PUT_CALL_PARITY;MAR27=SERIES_FORWARD_CLUSTER;JUN27=PUT_CALL_PARITY;DEC28=PUT_CALL_PARITY;DEC27=PUT_CALL_PARITY;SEP27=SERIES_FORWARD_CLUSTER;JUN29=PUT_CALL_PARITY;DEC30=PUT_CALL_PARITY,OCT26=30756.75;SEP26=30766.75;NOV26=31843.125;DEC29=29950.15;DEC26=20089;MAR27=27605.125;JUN27=24445.125;DEC27=21056.75;SEP27=36064.25,DEC26=GLOBAL_REFERENCE_OUTLIER_PUT_CALL_PARITY;JUN27=GLOBAL_REFERENCE_OUTLIER_SERIES_FORWARD_CLUSTER;DEC28=GLOBAL_REFERENCE_NO_OBSERVATION;DEC27=GLOBAL_REFERENCE_OUTLIER_SERIES_FORWARD_CLUSTER;JUN29=GLOBAL_REFERENCE_NO_OBSERVATION;DEC30=GLOBAL_REFERENCE_NO_OBSERVATION,WEIGHTED_ATM,2026-10-02,5,139,0.0,NONE,5131,4631,0,0,494,NONE,MN1;MN2;MN3;MN4;MN5;QMW;QRW;QTW;QWW,OK,NONE,NONE,2026-09-24
NAS,29470.0,-103939.16135920207,0.010980344427728161,0.0,0.0,0.0,0.0,0.0,0.0,31127.04129267234,30406.45870732766,31487.332585344684,30046.167414655316,DEC26,SEP26,2026-09-25,2026-12-18,30766.75,30793.940034634394,FOUND,DEGRADED,SPOT_MONTH_FALLBACK;ESTIMATED_EXPIRY_ALIAS,2026-08-02.2,PUT_CALL_PARITY,SEP26,OCT26=PUT_CALL_PARITY;SEP26=PUT_CALL_PARITY;NOV26=SERIES_FORWARD_CLUSTER;DEC29=SERIES_FORWARD_CLUSTER;DEC26=PUT_CALL_PARITY;MAR27=SERIES_FORWARD_CLUSTER;JUN27=PUT_CALL_PARITY;DEC28=PUT_CALL_PARITY;DEC27=PUT_CALL_PARITY;SEP27=SERIES_FORWARD_CLUSTER;JUN29=PUT_CALL_PARITY;DEC30=PUT_CALL_PARITY,OCT26=30756.75;SEP26=30766.75;NOV26=31843.125;DEC29=29950.15;DEC26=20089;MAR27=27605.125;JUN27=24445.125;DEC27=21056.75;SEP27=36064.25,DEC26=GLOBAL_REFERENCE_OUTLIER_PUT_CALL_PARITY;JUN27=GLOBAL_REFERENCE_OUTLIER_SERIES_FORWARD_CLUSTER;DEC28=GLOBAL_REFERENCE_NO_OBSERVATION;DEC27=GLOBAL_REFERENCE_OUTLIER_SERIES_FORWARD_CLUSTER;JUN29=GLOBAL_REFERENCE_NO_OBSERVATION;DEC30=GLOBAL_REFERENCE_NO_OBSERVATION,WEIGHTED_ATM,2026-10-02,5,139,0.0,NONE,5131,4631,0,0,494,NONE,MN1;MN2;MN3;MN4;MN5;QMW;QRW;QTW;QWW,OK,NONE,NONE,2026-09-24
NAS,29475.0,-571371.6020010036,0.06052314937242589,0.0,0.0,0.0,0.0,0.0,0.0,31127.04129267234,30406.45870732766,31487.332585344684,30046.167414655316,DEC26,SEP26,2026-09-25,2026-12-18,30766.75,30793.940034634394,FOUND,DEGRADED,SPOT_MONTH_FALLBACK;ESTIMATED_EXPIRY_ALIAS,2026-08-02.2,PUT_CALL_PARITY,SEP26,OCT26=PUT_CALL_PARITY;SEP26=PUT_CALL_PARITY;NOV26=SERIES_FORWARD_CLUSTER;DEC29=SERIES_FORWARD_CLUSTER;DEC26=PUT_CALL_PARITY;MAR27=SERIES_FORWARD_CLUSTER;JUN27=PUT_CALL_PARITY;DEC28=PUT_CALL_PARITY;DEC27=PUT_CALL_PARITY;SEP27=SERIES_FORWARD_CLUSTER;JUN29=PUT_CALL_PARITY;DEC30=PUT_CALL_PARITY,OCT26=30756.75;SEP26=30766.75;NOV26=31843.125;DEC29=29950.15;DEC26=20089;MAR27=27605.125;JUN27=24445.125;DEC27=21056.75;SEP27=36064.25,DEC26=GLOBAL_REFERENCE_OUTLIER_PUT_CALL_PARITY;JUN27=GLOBAL_REFERENCE_OUTLIER_SERIES_FORWARD_CLUSTER;DEC28=GLOBAL_REFERENCE_NO_OBSERVATION;DEC27=GLOBAL_REFERENCE_OUTLIER_SERIES_FORWARD_CLUSTER;JUN29=GLOBAL_REFERENCE_NO_OBSERVATION;DEC30=GLOBAL_REFERENCE_NO_OBSERVATION,WEIGHTED_ATM,2026-10-02,5,139,0.0,NONE,5131,4631,0,0,494,NONE,MN1;MN2;MN3;MN4;MN5;QMW;QRW;QTW;QWW,OK,NONE,NONE,2026-09-24
NAS,29480.0,-119453.78094542774,0.012619340398969496,0.0,0.0,0.0,0.0,0.0,0.0,31127.04129267234,30406.45870732766,31487.332585344684,30046.167414655316,DEC26,SEP26,2026-09-25,2026-12-18,30766.75,30793.940034634394,FOUND,DEGRADED,SPOT_MONTH_FALLBACK;ESTIMATED_EXPIRY_ALIAS,2026-08-02.2,PUT_CALL_PARITY,SEP26,OCT26=PUT_CALL_PARITY;SEP26=PUT_CALL_PARITY;NOV26=SERIES_FORWARD_CLUSTER;DEC29=SERIES_FORWARD_CLUSTER;DEC26=PUT_CALL_PARITY;MAR27=SERIES_FORWARD_CLUSTER;JUN27=PUT_CALL_PARITY;DEC28=PUT_CALL_PARITY;DEC27=PUT_CALL_PARITY;SEP27=SERIES_FORWARD_CLUSTER;JUN29=PUT_CALL_PARITY;DEC30=PUT_CALL_PARITY,OCT26=30756.75;SEP26=30766.75;NOV26=31843.125;DEC29=29950.15;DEC26=20089;MAR27=27605.125;JUN27=24445.125;DEC27=21056.75;SEP27=36064.25,DEC26=GLOBAL_REFERENCE_OUTLIER_PUT_CALL_PARITY;JUN27=GLOBAL_REFERENCE_OUTLIER_SERIES_FORWARD_CLUSTER;DEC28=GLOBAL_REFERENCE_NO_OBSERVATION;DEC27=GLOBAL_REFERENCE_OUTLIER_SERIES_FORWARD_CLUSTER;JUN29=GLOBAL_REFERENCE_NO_OBSERVATION;DEC30=GLOBAL_REFERENCE_NO_OBSERVATION,WEIGHTED_ATM,2026-10-02,5,139,0.0,NONE,5131,4631,0,0,494,NONE,MN1;MN2;MN3;MN4;MN5;QMW;QRW;QTW;QWW,OK,NONE,NONE,2026-09-24
NAS,29490.0,-107677.59674759318,0.011375280346476634,0.0,0.0,0.0,0.0,0.0,0.0,31127.04129267234,30406.45870732766,31487.332585344684,30046.167414655316,DEC26,SEP26,2026-09-25,2026-12-18,30766.75,30793.940034634394,FOUND,DEGRADED,SPOT_MONTH_FALLBACK;ESTIMATED_EXPIRY_ALIAS,2026-08-02.2,PUT_CALL_PARITY,SEP26,OCT26=PUT_CALL_PARITY;SEP26=PUT_CALL_PARITY;NOV26=SERIES_FORWARD_CLUSTER;DEC29=SERIES_FORWARD_CLUSTER;DEC26=PUT_CALL_PARITY;MAR27=SERIES_FORWARD_CLUSTER;JUN27=PUT_CALL_PARITY;DEC28=PUT_CALL_PARITY;DEC27=PUT_CALL_PARITY;SEP27=SERIES_FORWARD_CLUSTER;JUN29=PUT_CALL_PARITY;DEC30=PUT_CALL_PARITY,OCT26=30756.75;SEP26=30766.75;NOV26=31843.125;DEC29=29950.15;DEC26=20089;MAR27=27605.125;JUN27=24445.125;DEC27=21056.75;SEP27=36064.25,DEC26=GLOBAL_REFERENCE_OUTLIER_PUT_CALL_PARITY;JUN27=GLOBAL_REFERENCE_OUTLIER_SERIES_FORWARD_CLUSTER;DEC28=GLOBAL_REFERENCE_NO_OBSERVATION;DEC27=GLOBAL_REFERENCE_OUTLIER_SERIES_FORWARD_CLUSTER;JUN29=GLOBAL_REFERENCE_NO_OBSERVATION;DEC30=GLOBAL_REFERENCE_NO_OBSERVATION,WEIGHTED_ATM,2026-10-02,5,139,0.0,NONE,5131,4631,0,0,494,NONE,MN1;MN2;MN3;MN4;MN5;QMW;QRW;QTW;QWW,OK,NONE,NONE,2026-09-24
NAS,29500.0,-39110171.788618,15.642801550595648,0.0,0.0,0.0,0.0,0.0,0.0,31127.04129267234,30406.45870732766,31487.332585344684,30046.167414655316,DEC26,SEP26,2026-09-25,2026-12-18,30766.75,30793.940034634394,FOUND,DEGRADED,SPOT_MONTH_FALLBACK;ESTIMATED_EXPIRY_ALIAS,2026-08-02.2,PUT_CALL_PARITY,SEP26,OCT26=PUT_CALL_PARITY;SEP26=PUT_CALL_PARITY;NOV26=SERIES_FORWARD_CLUSTER;DEC29=SERIES_FORWARD_CLUSTER;DEC26=PUT_CALL_PARITY;MAR27=SERIES_FORWARD_CLUSTER;JUN27=PUT_CALL_PARITY;DEC28=PUT_CALL_PARITY;DEC27=PUT_CALL_PARITY;SEP27=SERIES_FORWARD_CLUSTER;JUN29=PUT_CALL_PARITY;DEC30=PUT_CALL_PARITY,OCT26=30756.75;SEP26=30766.75;NOV26=31843.125;DEC29=29950.15;DEC26=20089;MAR27=27605.125;JUN27=24445.125;DEC27=21056.75;SEP27=36064.25,DEC26=GLOBAL_REFERENCE_OUTLIER_PUT_CALL_PARITY;JUN27=GLOBAL_REFERENCE_OUTLIER_SERIES_FORWARD_CLUSTER;DEC28=GLOBAL_REFERENCE_NO_OBSERVATION;DEC27=GLOBAL_REFERENCE_OUTLIER_SERIES_FORWARD_CLUSTER;JUN29=GLOBAL_REFERENCE_NO_OBSERVATION;DEC30=GLOBAL_REFERENCE_NO_OBSERVATION,WEIGHTED_ATM,2026-10-02,5,139,0.0,NONE,5131,4631,0,0,494,NONE,MN1;MN2;MN3;MN4;MN5;QMW;QRW;QTW;QWW,OK,NONE,NONE,2026-09-24
NAS,29510.0,-605681.2145586202,0.06398539551685128,0.0,0.0,0.0,0.0,0.0,0.0,31127.04129267234,30406.45870732766,31487.332585344684,30046.167414655316,DEC26,SEP26,2026-09-25,2026-12-18,30766.75,30793.940034634394,FOUND,DEGRADED,SPOT_MONTH_FALLBACK;ESTIMATED_EXPIRY_ALIAS,2026-08-02.2,PUT_CALL_PARITY,SEP26,OCT26=PUT_CALL_PARITY;SEP26=PUT_CALL_PARITY;NOV26=SERIES_FORWARD_CLUSTER;DEC29=SERIES_FORWARD_CLUSTER;DEC26=PUT_CALL_PARITY;MAR27=SERIES_FORWARD_CLUSTER;JUN27=PUT_CALL_PARITY;DEC28=PUT_CALL_PARITY;DEC27=PUT_CALL_PARITY;SEP27=SERIES_FORWARD_CLUSTER;JUN29=PUT_CALL_PARITY;DEC30=PUT_CALL_PARITY,OCT26=30756.75;SEP26=30766.75;NOV26=31843.125;DEC29=29950.15;DEC26=20089;MAR27=27605.125;JUN27=24445.125;DEC27=21056.75;SEP27=36064.25,DEC26=GLOBAL_REFERENCE_OUTLIER_PUT_CALL_PARITY;JUN27=GLOBAL_REFERENCE_OUTLIER_SERIES_FORWARD_CLUSTER;DEC28=GLOBAL_REFERENCE_NO_OBSERVATION;DEC27=GLOBAL_REFERENCE_OUTLIER_SERIES_FORWARD_CLUSTER;JUN29=GLOBAL_REFERENCE_NO_OBSERVATION;DEC30=GLOBAL_REFERENCE_NO_OBSERVATION,WEIGHTED_ATM,2026-10-02,5,139,0.0,NONE,5131,4631,0,0,494,NONE,MN1;MN2;MN3;MN4;MN5;QMW;QRW;QTW;QWW,OK,NONE,NONE,2026-09-24
NAS,29520.0,-137290.6712288742,0.014503665770375818,0.0,0.0,0.0,0.0,0.0,0.0,31127.04129267234,30406.45870732766,31487.332585344684,30046.167414655316,DEC26,SEP26,2026-09-25,2026-12-18,30766.75,30793.940034634394,FOUND,DEGRADED,SPOT_MONTH_FALLBACK;ESTIMATED_EXPIRY_ALIAS,2026-08-02.2,PUT_CALL_PARITY,SEP26,OCT26=PUT_CALL_PARITY;SEP26=PUT_CALL_PARITY;NOV26=SERIES_FORWARD_CLUSTER;DEC29=SERIES_FORWARD_CLUSTER;DEC26=PUT_CALL_PARITY;MAR27=SERIES_FORWARD_CLUSTER;JUN27=PUT_CALL_PARITY;DEC28=PUT_CALL_PARITY;DEC27=PUT_CALL_PARITY;SEP27=SERIES_FORWARD_CLUSTER;JUN29=PUT_CALL_PARITY;DEC30=PUT_CALL_PARITY,OCT26=30756.75;SEP26=30766.75;NOV26=31843.125;DEC29=29950.15;DEC26=20089;MAR27=27605.125;JUN27=24445.125;DEC27=21056.75;SEP27=36064.25,DEC26=GLOBAL_REFERENCE_OUTLIER_PUT_CALL_PARITY;JUN27=GLOBAL_REFERENCE_OUTLIER_SERIES_FORWARD_CLUSTER;DEC28=GLOBAL_REFERENCE_NO_OBSERVATION;DEC27=GLOBAL_REFERENCE_OUTLIER_SERIES_FORWARD_CLUSTER;JUN29=GLOBAL_REFERENCE_NO_OBSERVATION;DEC30=GLOBAL_REFERENCE_NO_OBSERVATION,WEIGHTED_ATM,2026-10-02,5,139,0.0,NONE,5131,4631,0,0,494,NONE,MN1;MN2;MN3;MN4;MN5;QMW;QRW;QTW;QWW,OK,NONE,NONE,2026-09-24
NAS,29525.0,-1344308.3978050672,0.14209378924860605,0.0,0.0,0.0,0.0,0.0,0.0,31127.04129267234,30406.45870732766,31487.332585344684,30046.167414655316,DEC26,SEP26,2026-09-25,2026-12-18,30766.75,30793.940034634394,FOUND,DEGRADED,SPOT_MONTH_FALLBACK;ESTIMATED_EXPIRY_ALIAS,2026-08-02.2,PUT_CALL_PARITY,SEP26,OCT26=PUT_CALL_PARITY;SEP26=PUT_CALL_PARITY;NOV26=SERIES_FORWARD_CLUSTER;DEC29=SERIES_FORWARD_CLUSTER;DEC26=PUT_CALL_PARITY;MAR27=SERIES_FORWARD_CLUSTER;JUN27=PUT_CALL_PARITY;DEC28=PUT_CALL_PARITY;DEC27=PUT_CALL_PARITY;SEP27=SERIES_FORWARD_CLUSTER;JUN29=PUT_CALL_PARITY;DEC30=PUT_CALL_PARITY,OCT26=30756.75;SEP26=30766.75;NOV26=31843.125;DEC29=29950.15;DEC26=20089;MAR27=27605.125;JUN27=24445.125;DEC27=21056.75;SEP27=36064.25,DEC26=GLOBAL_REFERENCE_OUTLIER_PUT_CALL_PARITY;JUN27=GLOBAL_REFERENCE_OUTLIER_SERIES_FORWARD_CLUSTER;DEC28=GLOBAL_REFERENCE_NO_OBSERVATION;DEC27=GLOBAL_REFERENCE_OUTLIER_SERIES_FORWARD_CLUSTER;JUN29=GLOBAL_REFERENCE_NO_OBSERVATION;DEC30=GLOBAL_REFERENCE_NO_OBSERVATION,WEIGHTED_ATM,2026-10-02,5,139,0.0,NONE,5131,4631,0,0,494,NONE,MN1;MN2;MN3;MN4;MN5;QMW;QRW;QTW;QWW,OK,NONE,NONE,2026-09-24
NAS,29530.0,-186379.55140571168,0.019689514923520175,0.0,0.0,0.0,0.0,0.0,0.0,31127.04129267234,30406.45870732766,31487.332585344684,30046.167414655316,DEC26,SEP26,2026-09-25,2026-12-18,30766.75,30793.940034634394,FOUND,DEGRADED,SPOT_MONTH_FALLBACK;ESTIMATED_EXPIRY_ALIAS,2026-08-02.2,PUT_CALL_PARITY,SEP26,OCT26=PUT_CALL_PARITY;SEP26=PUT_CALL_PARITY;NOV26=SERIES_FORWARD_CLUSTER;DEC29=SERIES_FORWARD_CLUSTER;DEC26=PUT_CALL_PARITY;MAR27=SERIES_FORWARD_CLUSTER;JUN27=PUT_CALL_PARITY;DEC28=PUT_CALL_PARITY;DEC27=PUT_CALL_PARITY;SEP27=SERIES_FORWARD_CLUSTER;JUN29=PUT_CALL_PARITY;DEC30=PUT_CALL_PARITY,OCT26=30756.75;SEP26=30766.75;NOV26=31843.125;DEC29=29950.15;DEC26=20089;MAR27=27605.125;JUN27=24445.125;DEC27=21056.75;SEP27=36064.25,DEC26=GLOBAL_REFERENCE_OUTLIER_PUT_CALL_PARITY;JUN27=GLOBAL_REFERENCE_OUTLIER_SERIES_FORWARD_CLUSTER;DEC28=GLOBAL_REFERENCE_NO_OBSERVATION;DEC27=GLOBAL_REFERENCE_OUTLIER_SERIES_FORWARD_CLUSTER;JUN29=GLOBAL_REFERENCE_NO_OBSERVATION;DEC30=GLOBAL_REFERENCE_NO_OBSERVATION,WEIGHTED_ATM,2026-10-02,5,139,0.0,NONE,5131,4631,0,0,494,NONE,MN1;MN2;MN3;MN4;MN5;QMW;QRW;QTW;QWW,OK,NONE,NONE,2026-09-24
NAS,29540.0,-131187.64136091946,0.013862054691335148,0.0,0.0,0.0,0.0,0.0,0.0,31127.04129267234,30406.45870732766,31487.332585344684,30046.167414655316,DEC26,SEP26,2026-09-25,2026-12-18,30766.75,30793.940034634394,FOUND,DEGRADED,SPOT_MONTH_FALLBACK;ESTIMATED_EXPIRY_ALIAS,2026-08-02.2,PUT_CALL_PARITY,SEP26,OCT26=PUT_CALL_PARITY;SEP26=PUT_CALL_PARITY;NOV26=SERIES_FORWARD_CLUSTER;DEC29=SERIES_FORWARD_CLUSTER;DEC26=PUT_CALL_PARITY;MAR27=SERIES_FORWARD_CLUSTER;JUN27=PUT_CALL_PARITY;DEC28=PUT_CALL_PARITY;DEC27=PUT_CALL_PARITY;SEP27=SERIES_FORWARD_CLUSTER;JUN29=PUT_CALL_PARITY;DEC30=PUT_CALL_PARITY,OCT26=30756.75;SEP26=30766.75;NOV26=31843.125;DEC29=29950.15;DEC26=20089;MAR27=27605.125;JUN27=24445.125;DEC27=21056.75;SEP27=36064.25,DEC26=GLOBAL_REFERENCE_OUTLIER_PUT_CALL_PARITY;JUN27=GLOBAL_REFERENCE_OUTLIER_SERIES_FORWARD_CLUSTER;DEC28=GLOBAL_REFERENCE_NO_OBSERVATION;DEC27=GLOBAL_REFERENCE_OUTLIER_SERIES_FORWARD_CLUSTER;JUN29=GLOBAL_REFERENCE_NO_OBSERVATION;DEC30=GLOBAL_REFERENCE_NO_OBSERVATION,WEIGHTED_ATM,2026-10-02,5,139,0.0,NONE,5131,4631,0,0,494,NONE,MN1;MN2;MN3;MN4;MN5;QMW;QRW;QTW;QWW,OK,NONE,NONE,2026-09-24
NAS,29550.0,-4318802.421450044,0.6277377314741698,0.0,0.0,0.0,0.0,0.0,0.0,31127.04129267234,30406.45870732766,31487.332585344684,30046.167414655316,DEC26,SEP26,2026-09-25,2026-12-18,30766.75,30793.940034634394,FOUND,DEGRADED,SPOT_MONTH_FALLBACK;ESTIMATED_EXPIRY_ALIAS,2026-08-02.2,PUT_CALL_PARITY,SEP26,OCT26=PUT_CALL_PARITY;SEP26=PUT_CALL_PARITY;NOV26=SERIES_FORWARD_CLUSTER;DEC29=SERIES_FORWARD_CLUSTER;DEC26=PUT_CALL_PARITY;MAR27=SERIES_FORWARD_CLUSTER;JUN27=PUT_CALL_PARITY;DEC28=PUT_CALL_PARITY;DEC27=PUT_CALL_PARITY;SEP27=SERIES_FORWARD_CLUSTER;JUN29=PUT_CALL_PARITY;DEC30=PUT_CALL_PARITY,OCT26=30756.75;SEP26=30766.75;NOV26=31843.125;DEC29=29950.15;DEC26=20089;MAR27=27605.125;JUN27=24445.125;DEC27=21056.75;SEP27=36064.25,DEC26=GLOBAL_REFERENCE_OUTLIER_PUT_CALL_PARITY;JUN27=GLOBAL_REFERENCE_OUTLIER_SERIES_FORWARD_CLUSTER;DEC28=GLOBAL_REFERENCE_NO_OBSERVATION;DEC27=GLOBAL_REFERENCE_OUTLIER_SERIES_FORWARD_CLUSTER;JUN29=GLOBAL_REFERENCE_NO_OBSERVATION;DEC30=GLOBAL_REFERENCE_NO_OBSERVATION,WEIGHTED_ATM,2026-10-02,5,139,0.0,NONE,5131,4631,0,0,494,NONE,MN1;MN2;MN3;MN4;MN5;QMW;QRW;QTW;QWW,OK,NONE,NONE,2026-09-24
NAS,29560.0,-222428.39437640042,0.023497788021580972,0.0,0.0,0.0,0.0,0.0,0.0,31127.04129267234,30406.45870732766,31487.332585344684,30046.167414655316,DEC26,SEP26,2026-09-25,2026-12-18,30766.75,30793.940034634394,FOUND,DEGRADED,SPOT_MONTH_FALLBACK;ESTIMATED_EXPIRY_ALIAS,2026-08-02.2,PUT_CALL_PARITY,SEP26,OCT26=PUT_CALL_PARITY;SEP26=PUT_CALL_PARITY;NOV26=SERIES_FORWARD_CLUSTER;DEC29=SERIES_FORWARD_CLUSTER;DEC26=PUT_CALL_PARITY;MAR27=SERIES_FORWARD_CLUSTER;JUN27=PUT_CALL_PARITY;DEC28=PUT_CALL_PARITY;DEC27=PUT_CALL_PARITY;SEP27=SERIES_FORWARD_CLUSTER;JUN29=PUT_CALL_PARITY;DEC30=PUT_CALL_PARITY,OCT26=30756.75;SEP26=30766.75;NOV26=31843.125;DEC29=29950.15;DEC26=20089;MAR27=27605.125;JUN27=24445.125;DEC27=21056.75;SEP27=36064.25,DEC26=GLOBAL_REFERENCE_OUTLIER_PUT_CALL_PARITY;JUN27=GLOBAL_REFERENCE_OUTLIER_SERIES_FORWARD_CLUSTER;DEC28=GLOBAL_REFERENCE_NO_OBSERVATION;DEC27=GLOBAL_REFERENCE_OUTLIER_SERIES_FORWARD_CLUSTER;JUN29=GLOBAL_REFERENCE_NO_OBSERVATION;DEC30=GLOBAL_REFERENCE_NO_OBSERVATION,WEIGHTED_ATM,2026-10-02,5,139,0.0,NONE,5131,4631,0,0,494,NONE,MN1;MN2;MN3;MN4;MN5;QMW;QRW;QTW;QWW,OK,NONE,NONE,2026-09-24
NAS,29570.0,-111980.60835476851,0.011829859245377035,0.0,0.0,0.0,0.0,0.0,0.0,31127.04129267234,30406.45870732766,31487.332585344684,30046.167414655316,DEC26,SEP26,2026-09-25,2026-12-18,30766.75,30793.940034634394,FOUND,DEGRADED,SPOT_MONTH_FALLBACK;ESTIMATED_EXPIRY_ALIAS,2026-08-02.2,PUT_CALL_PARITY,SEP26,OCT26=PUT_CALL_PARITY;SEP26=PUT_CALL_PARITY;NOV26=SERIES_FORWARD_CLUSTER;DEC29=SERIES_FORWARD_CLUSTER;DEC26=PUT_CALL_PARITY;MAR27=SERIES_FORWARD_CLUSTER;JUN27=PUT_CALL_PARITY;DEC28=PUT_CALL_PARITY;DEC27=PUT_CALL_PARITY;SEP27=SERIES_FORWARD_CLUSTER;JUN29=PUT_CALL_PARITY;DEC30=PUT_CALL_PARITY,OCT26=30756.75;SEP26=30766.75;NOV26=31843.125;DEC29=29950.15;DEC26=20089;MAR27=27605.125;JUN27=24445.125;DEC27=21056.75;SEP27=36064.25,DEC26=GLOBAL_REFERENCE_OUTLIER_PUT_CALL_PARITY;JUN27=GLOBAL_REFERENCE_OUTLIER_SERIES_FORWARD_CLUSTER;DEC28=GLOBAL_REFERENCE_NO_OBSERVATION;DEC27=GLOBAL_REFERENCE_OUTLIER_SERIES_FORWARD_CLUSTER;JUN29=GLOBAL_REFERENCE_NO_OBSERVATION;DEC30=GLOBAL_REFERENCE_NO_OBSERVATION,WEIGHTED_ATM,2026-10-02,5,139,0.0,NONE,5131,4631,0,0,494,NONE,MN1;MN2;MN3;MN4;MN5;QMW;QRW;QTW;QWW,OK,NONE,NONE,2026-09-24
NAS,29575.0,-1453015.3861845979,0.15358535308092902,0.0,0.0,0.0,0.0,0.0,0.0,31127.04129267234,30406.45870732766,31487.332585344684,30046.167414655316,DEC26,SEP26,2026-09-25,2026-12-18,30766.75,30793.940034634394,FOUND,DEGRADED,SPOT_MONTH_FALLBACK;ESTIMATED_EXPIRY_ALIAS,2026-08-02.2,PUT_CALL_PARITY,SEP26,OCT26=PUT_CALL_PARITY;SEP26=PUT_CALL_PARITY;NOV26=SERIES_FORWARD_CLUSTER;DEC29=SERIES_FORWARD_CLUSTER;DEC26=PUT_CALL_PARITY;MAR27=SERIES_FORWARD_CLUSTER;JUN27=PUT_CALL_PARITY;DEC28=PUT_CALL_PARITY;DEC27=PUT_CALL_PARITY;SEP27=SERIES_FORWARD_CLUSTER;JUN29=PUT_CALL_PARITY;DEC30=PUT_CALL_PARITY,OCT26=30756.75;SEP26=30766.75;NOV26=31843.125;DEC29=29950.15;DEC26=20089;MAR27=27605.125;JUN27=24445.125;DEC27=21056.75;SEP27=36064.25,DEC26=GLOBAL_REFERENCE_OUTLIER_PUT_CALL_PARITY;JUN27=GLOBAL_REFERENCE_OUTLIER_SERIES_FORWARD_CLUSTER;DEC28=GLOBAL_REFERENCE_NO_OBSERVATION;DEC27=GLOBAL_REFERENCE_OUTLIER_SERIES_FORWARD_CLUSTER;JUN29=GLOBAL_REFERENCE_NO_OBSERVATION;DEC30=GLOBAL_REFERENCE_NO_OBSERVATION,WEIGHTED_ATM,2026-10-02,5,139,0.0,NONE,5131,4631,0,0,494,NONE,MN1;MN2;MN3;MN4;MN5;QMW;QRW;QTW;QWW,OK,NONE,NONE,2026-09-24
NAS,29580.0,-160704.89706695135,0.016977192214582958,0.0,0.0,0.0,0.0,0.0,0.0,31127.04129267234,30406.45870732766,31487.332585344684,30046.167414655316,DEC26,SEP26,2026-09-25,2026-12-18,30766.75,30793.940034634394,FOUND,DEGRADED,SPOT_MONTH_FALLBACK;ESTIMATED_EXPIRY_ALIAS,2026-08-02.2,PUT_CALL_PARITY,SEP26,OCT26=PUT_CALL_PARITY;SEP26=PUT_CALL_PARITY;NOV26=SERIES_FORWARD_CLUSTER;DEC29=SERIES_FORWARD_CLUSTER;DEC26=PUT_CALL_PARITY;MAR27=SERIES_FORWARD_CLUSTER;JUN27=PUT_CALL_PARITY;DEC28=PUT_CALL_PARITY;DEC27=PUT_CALL_PARITY;SEP27=SERIES_FORWARD_CLUSTER;JUN29=PUT_CALL_PARITY;DEC30=PUT_CALL_PARITY,OCT26=30756.75;SEP26=30766.75;NOV26=31843.125;DEC29=29950.15;DEC26=20089;MAR27=27605.125;JUN27=24445.125;DEC27=21056.75;SEP27=36064.25,DEC26=GLOBAL_REFERENCE_OUTLIER_PUT_CALL_PARITY;JUN27=GLOBAL_REFERENCE_OUTLIER_SERIES_FORWARD_CLUSTER;DEC28=GLOBAL_REFERENCE_NO_OBSERVATION;DEC27=GLOBAL_REFERENCE_OUTLIER_SERIES_FORWARD_CLUSTER;JUN29=GLOBAL_REFERENCE_NO_OBSERVATION;DEC30=GLOBAL_REFERENCE_NO_OBSERVATION,WEIGHTED_ATM,2026-10-02,5,139,0.0,NONE,5131,4631,0,0,494,NONE,MN1;MN2;MN3;MN4;MN5;QMW;QRW;QTW;QWW,OK,NONE,NONE,2026-09-24
NAS,29590.0,-84268.47892215631,0.008902293523114977,0.0,0.0,0.0,0.0,0.0,0.0,31127.04129267234,30406.45870732766,31487.332585344684,30046.167414655316,DEC26,SEP26,2026-09-25,2026-12-18,30766.75,30793.940034634394,FOUND,DEGRADED,SPOT_MONTH_FALLBACK;ESTIMATED_EXPIRY_ALIAS,2026-08-02.2,PUT_CALL_PARITY,SEP26,OCT26=PUT_CALL_PARITY;SEP26=PUT_CALL_PARITY;NOV26=SERIES_FORWARD_CLUSTER;DEC29=SERIES_FORWARD_CLUSTER;DEC26=PUT_CALL_PARITY;MAR27=SERIES_FORWARD_CLUSTER;JUN27=PUT_CALL_PARITY;DEC28=PUT_CALL_PARITY;DEC27=PUT_CALL_PARITY;SEP27=SERIES_FORWARD_CLUSTER;JUN29=PUT_CALL_PARITY;DEC30=PUT_CALL_PARITY,OCT26=30756.75;SEP26=30766.75;NOV26=31843.125;DEC29=29950.15;DEC26=20089;MAR27=27605.125;JUN27=24445.125;DEC27=21056.75;SEP27=36064.25,DEC26=GLOBAL_REFERENCE_OUTLIER_PUT_CALL_PARITY;JUN27=GLOBAL_REFERENCE_OUTLIER_SERIES_FORWARD_CLUSTER;DEC28=GLOBAL_REFERENCE_NO_OBSERVATION;DEC27=GLOBAL_REFERENCE_OUTLIER_SERIES_FORWARD_CLUSTER;JUN29=GLOBAL_REFERENCE_NO_OBSERVATION;DEC30=GLOBAL_REFERENCE_NO_OBSERVATION,WEIGHTED_ATM,2026-10-02,5,139,0.0,NONE,5131,4631,0,0,494,NONE,MN1;MN2;MN3;MN4;MN5;QMW;QRW;QTW;QWW,OK,NONE,NONE,2026-09-24
NAS,29600.0,-49755843.69259169,6.804235080822694,0.0,0.0,0.0,0.0,0.0,0.0,31127.04129267234,30406.45870732766,31487.332585344684,30046.167414655316,DEC26,SEP26,2026-09-25,2026-12-18,30766.75,30793.940034634394,FOUND,DEGRADED,SPOT_MONTH_FALLBACK;ESTIMATED_EXPIRY_ALIAS,2026-08-02.2,PUT_CALL_PARITY,SEP26,OCT26=PUT_CALL_PARITY;SEP26=PUT_CALL_PARITY;NOV26=SERIES_FORWARD_CLUSTER;DEC29=SERIES_FORWARD_CLUSTER;DEC26=PUT_CALL_PARITY;MAR27=SERIES_FORWARD_CLUSTER;JUN27=PUT_CALL_PARITY;DEC28=PUT_CALL_PARITY;DEC27=PUT_CALL_PARITY;SEP27=SERIES_FORWARD_CLUSTER;JUN29=PUT_CALL_PARITY;DEC30=PUT_CALL_PARITY,OCT26=30756.75;SEP26=30766.75;NOV26=31843.125;DEC29=29950.15;DEC26=20089;MAR27=27605.125;JUN27=24445.125;DEC27=21056.75;SEP27=36064.25,DEC26=GLOBAL_REFERENCE_OUTLIER_PUT_CALL_PARITY;JUN27=GLOBAL_REFERENCE_OUTLIER_SERIES_FORWARD_CLUSTER;DEC28=GLOBAL_REFERENCE_NO_OBSERVATION;DEC27=GLOBAL_REFERENCE_OUTLIER_SERIES_FORWARD_CLUSTER;JUN29=GLOBAL_REFERENCE_NO_OBSERVATION;DEC30=GLOBAL_REFERENCE_NO_OBSERVATION,WEIGHTED_ATM,2026-10-02,5,139,0.0,NONE,5131,4631,0,0,494,NONE,MN1;MN2;MN3;MN4;MN5;QMW;QRW;QTW;QWW,OK,NONE,NONE,2026-09-24
NAS,29610.0,-113931.72682685827,0.012035979369521672,0.0,0.0,0.0,0.0,0.0,0.0,31127.04129267234,30406.45870732766,31487.332585344684,30046.167414655316,DEC26,SEP26,2026-09-25,2026-12-18,30766.75,30793.940034634394,FOUND,DEGRADED,SPOT_MONTH_FALLBACK;ESTIMATED_EXPIRY_ALIAS,2026-08-02.2,PUT_CALL_PARITY,SEP26,OCT26=PUT_CALL_PARITY;SEP26=PUT_CALL_PARITY;NOV26=SERIES_FORWARD_CLUSTER;DEC29=SERIES_FORWARD_CLUSTER;DEC26=PUT_CALL_PARITY;MAR27=SERIES_FORWARD_CLUSTER;JUN27=PUT_CALL_PARITY;DEC28=PUT_CALL_PARITY;DEC27=PUT_CALL_PARITY;SEP27=SERIES_FORWARD_CLUSTER;JUN29=PUT_CALL_PARITY;DEC30=PUT_CALL_PARITY,OCT26=30756.75;SEP26=30766.75;NOV26=31843.125;DEC29=29950.15;DEC26=20089;MAR27=27605.125;JUN27=24445.125;DEC27=21056.75;SEP27=36064.25,DEC26=GLOBAL_REFERENCE_OUTLIER_PUT_CALL_PARITY;JUN27=GLOBAL_REFERENCE_OUTLIER_SERIES_FORWARD_CLUSTER;DEC28=GLOBAL_REFERENCE_NO_OBSERVATION;DEC27=GLOBAL_REFERENCE_OUTLIER_SERIES_FORWARD_CLUSTER;JUN29=GLOBAL_REFERENCE_NO_OBSERVATION;DEC30=GLOBAL_REFERENCE_NO_OBSERVATION,WEIGHTED_ATM,2026-10-02,5,139,0.0,NONE,5131,4631,0,0,494,NONE,MN1;MN2;MN3;MN4;MN5;QMW;QRW;QTW;QWW,OK,NONE,NONE,2026-09-24
NAS,29620.0,-170682.75344045067,0.018031273257750096,0.0,0.0,0.0,0.0,0.0,0.0,31127.04129267234,30406.45870732766,31487.332585344684,30046.167414655316,DEC26,SEP26,2026-09-25,2026-12-18,30766.75,30793.940034634394,FOUND,DEGRADED,SPOT_MONTH_FALLBACK;ESTIMATED_EXPIRY_ALIAS,2026-08-02.2,PUT_CALL_PARITY,SEP26,OCT26=PUT_CALL_PARITY;SEP26=PUT_CALL_PARITY;NOV26=SERIES_FORWARD_CLUSTER;DEC29=SERIES_FORWARD_CLUSTER;DEC26=PUT_CALL_PARITY;MAR27=SERIES_FORWARD_CLUSTER;JUN27=PUT_CALL_PARITY;DEC28=PUT_CALL_PARITY;DEC27=PUT_CALL_PARITY;SEP27=SERIES_FORWARD_CLUSTER;JUN29=PUT_CALL_PARITY;DEC30=PUT_CALL_PARITY,OCT26=30756.75;SEP26=30766.75;NOV26=31843.125;DEC29=29950.15;DEC26=20089;MAR27=27605.125;JUN27=24445.125;DEC27=21056.75;SEP27=36064.25,DEC26=GLOBAL_REFERENCE_OUTLIER_PUT_CALL_PARITY;JUN27=GLOBAL_REFERENCE_OUTLIER_SERIES_FORWARD_CLUSTER;DEC28=GLOBAL_REFERENCE_NO_OBSERVATION;DEC27=GLOBAL_REFERENCE_OUTLIER_SERIES_FORWARD_CLUSTER;JUN29=GLOBAL_REFERENCE_NO_OBSERVATION;DEC30=GLOBAL_REFERENCE_NO_OBSERVATION,WEIGHTED_ATM,2026-10-02,5,139,0.0,NONE,5131,4631,0,0,494,NONE,MN1;MN2;MN3;MN4;MN5;QMW;QRW;QTW;QWW,OK,NONE,NONE,2026-09-24
NAS,29625.0,-1506861.5784624452,0.15927809327339068,0.0,0.0,0.0,0.0,0.0,0.0,31127.04129267234,30406.45870732766,31487.332585344684,30046.167414655316,DEC26,SEP26,2026-09-25,2026-12-18,30766.75,30793.940034634394,FOUND,DEGRADED,SPOT_MONTH_FALLBACK;ESTIMATED_EXPIRY_ALIAS,2026-08-02.2,PUT_CALL_PARITY,SEP26,OCT26=PUT_CALL_PARITY;SEP26=PUT_CALL_PARITY;NOV26=SERIES_FORWARD_CLUSTER;DEC29=SERIES_FORWARD_CLUSTER;DEC26=PUT_CALL_PARITY;MAR27=SERIES_FORWARD_CLUSTER;JUN27=PUT_CALL_PARITY;DEC28=PUT_CALL_PARITY;DEC27=PUT_CALL_PARITY;SEP27=SERIES_FORWARD_CLUSTER;JUN29=PUT_CALL_PARITY;DEC30=PUT_CALL_PARITY,OCT26=30756.75;SEP26=30766.75;NOV26=31843.125;DEC29=29950.15;DEC26=20089;MAR27=27605.125;JUN27=24445.125;DEC27=21056.75;SEP27=36064.25,DEC26=GLOBAL_REFERENCE_OUTLIER_PUT_CALL_PARITY;JUN27=GLOBAL_REFERENCE_OUTLIER_SERIES_FORWARD_CLUSTER;DEC28=GLOBAL_REFERENCE_NO_OBSERVATION;DEC27=GLOBAL_REFERENCE_OUTLIER_SERIES_FORWARD_CLUSTER;JUN29=GLOBAL_REFERENCE_NO_OBSERVATION;DEC30=GLOBAL_REFERENCE_NO_OBSERVATION,WEIGHTED_ATM,2026-10-02,5,139,0.0,NONE,5131,4631,0,0,494,NONE,MN1;MN2;MN3;MN4;MN5;QMW;QRW;QTW;QWW,OK,NONE,NONE,2026-09-24
NAS,29630.0,-157607.01358370582,0.01664992550203511,0.0,0.0,0.0,0.0,0.0,0.0,31127.04129267234,30406.45870732766,31487.332585344684,30046.167414655316,DEC26,SEP26,2026-09-25,2026-12-18,30766.75,30793.940034634394,FOUND,DEGRADED,SPOT_MONTH_FALLBACK;ESTIMATED_EXPIRY_ALIAS,2026-08-02.2,PUT_CALL_PARITY,SEP26,OCT26=PUT_CALL_PARITY;SEP26=PUT_CALL_PARITY;NOV26=SERIES_FORWARD_CLUSTER;DEC29=SERIES_FORWARD_CLUSTER;DEC26=PUT_CALL_PARITY;MAR27=SERIES_FORWARD_CLUSTER;JUN27=PUT_CALL_PARITY;DEC28=PUT_CALL_PARITY;DEC27=PUT_CALL_PARITY;SEP27=SERIES_FORWARD_CLUSTER;JUN29=PUT_CALL_PARITY;DEC30=PUT_CALL_PARITY,OCT26=30756.75;SEP26=30766.75;NOV26=31843.125;DEC29=29950.15;DEC26=20089;MAR27=27605.125;JUN27=24445.125;DEC27=21056.75;SEP27=36064.25,DEC26=GLOBAL_REFERENCE_OUTLIER_PUT_CALL_PARITY;JUN27=GLOBAL_REFERENCE_OUTLIER_SERIES_FORWARD_CLUSTER;DEC28=GLOBAL_REFERENCE_NO_OBSERVATION;DEC27=GLOBAL_REFERENCE_OUTLIER_SERIES_FORWARD_CLUSTER;JUN29=GLOBAL_REFERENCE_NO_OBSERVATION;DEC30=GLOBAL_REFERENCE_NO_OBSERVATION,WEIGHTED_ATM,2026-10-02,5,139,0.0,NONE,5131,4631,0,0,494,NONE,MN1;MN2;MN3;MN4;MN5;QMW;QRW;QTW;QWW,OK,NONE,NONE,2026-09-24
NAS,29640.0,-70783.53460584224,0.007477716575931877,0.0,0.0,0.0,0.0,0.0,0.0,31127.04129267234,30406.45870732766,31487.332585344684,30046.167414655316,DEC26,SEP26,2026-09-25,2026-12-18,30766.75,30793.940034634394,FOUND,DEGRADED,SPOT_MONTH_FALLBACK;ESTIMATED_EXPIRY_ALIAS,2026-08-02.2,PUT_CALL_PARITY,SEP26,OCT26=PUT_CALL_PARITY;SEP26=PUT_CALL_PARITY;NOV26=SERIES_FORWARD_CLUSTER;DEC29=SERIES_FORWARD_CLUSTER;DEC26=PUT_CALL_PARITY;MAR27=SERIES_FORWARD_CLUSTER;JUN27=PUT_CALL_PARITY;DEC28=PUT_CALL_PARITY;DEC27=PUT_CALL_PARITY;SEP27=SERIES_FORWARD_CLUSTER;JUN29=PUT_CALL_PARITY;DEC30=PUT_CALL_PARITY,OCT26=30756.75;SEP26=30766.75;NOV26=31843.125;DEC29=29950.15;DEC26=20089;MAR27=27605.125;JUN27=24445.125;DEC27=21056.75;SEP27=36064.25,DEC26=GLOBAL_REFERENCE_OUTLIER_PUT_CALL_PARITY;JUN27=GLOBAL_REFERENCE_OUTLIER_SERIES_FORWARD_CLUSTER;DEC28=GLOBAL_REFERENCE_NO_OBSERVATION;DEC27=GLOBAL_REFERENCE_OUTLIER_SERIES_FORWARD_CLUSTER;JUN29=GLOBAL_REFERENCE_NO_OBSERVATION;DEC30=GLOBAL_REFERENCE_NO_OBSERVATION,WEIGHTED_ATM,2026-10-02,5,139,0.0,NONE,5131,4631,0,0,494,NONE,MN1;MN2;MN3;MN4;MN5;QMW;QRW;QTW;QWW,OK,NONE,NONE,2026-09-24
NAS,29650.0,-25056919.382940292,2.8413989160991804,0.0,0.0,0.0,0.0,0.0,0.0,31127.04129267234,30406.45870732766,31487.332585344684,30046.167414655316,DEC26,SEP26,2026-09-25,2026-12-18,30766.75,30793.940034634394,FOUND,DEGRADED,SPOT_MONTH_FALLBACK;ESTIMATED_EXPIRY_ALIAS,2026-08-02.2,PUT_CALL_PARITY,SEP26,OCT26=PUT_CALL_PARITY;SEP26=PUT_CALL_PARITY;NOV26=SERIES_FORWARD_CLUSTER;DEC29=SERIES_FORWARD_CLUSTER;DEC26=PUT_CALL_PARITY;MAR27=SERIES_FORWARD_CLUSTER;JUN27=PUT_CALL_PARITY;DEC28=PUT_CALL_PARITY;DEC27=PUT_CALL_PARITY;SEP27=SERIES_FORWARD_CLUSTER;JUN29=PUT_CALL_PARITY;DEC30=PUT_CALL_PARITY,OCT26=30756.75;SEP26=30766.75;NOV26=31843.125;DEC29=29950.15;DEC26=20089;MAR27=27605.125;JUN27=24445.125;DEC27=21056.75;SEP27=36064.25,DEC26=GLOBAL_REFERENCE_OUTLIER_PUT_CALL_PARITY;JUN27=GLOBAL_REFERENCE_OUTLIER_SERIES_FORWARD_CLUSTER;DEC28=GLOBAL_REFERENCE_NO_OBSERVATION;DEC27=GLOBAL_REFERENCE_OUTLIER_SERIES_FORWARD_CLUSTER;JUN29=GLOBAL_REFERENCE_NO_OBSERVATION;DEC30=GLOBAL_REFERENCE_NO_OBSERVATION,WEIGHTED_ATM,2026-10-02,5,139,0.0,NONE,5131,4631,0,0,494,NONE,MN1;MN2;MN3;MN4;MN5;QMW;QRW;QTW;QWW,OK,NONE,NONE,2026-09-24
NAS,29660.0,-87285.76047492091,0.013508204763113752,0.0,0.0,0.0,0.0,0.0,0.0,31127.04129267234,30406.45870732766,31487.332585344684,30046.167414655316,DEC26,SEP26,2026-09-25,2026-12-18,30766.75,30793.940034634394,FOUND,DEGRADED,SPOT_MONTH_FALLBACK;ESTIMATED_EXPIRY_ALIAS,2026-08-02.2,PUT_CALL_PARITY,SEP26,OCT26=PUT_CALL_PARITY;SEP26=PUT_CALL_PARITY;NOV26=SERIES_FORWARD_CLUSTER;DEC29=SERIES_FORWARD_CLUSTER;DEC26=PUT_CALL_PARITY;MAR27=SERIES_FORWARD_CLUSTER;JUN27=PUT_CALL_PARITY;DEC28=PUT_CALL_PARITY;DEC27=PUT_CALL_PARITY;SEP27=SERIES_FORWARD_CLUSTER;JUN29=PUT_CALL_PARITY;DEC30=PUT_CALL_PARITY,OCT26=30756.75;SEP26=30766.75;NOV26=31843.125;DEC29=29950.15;DEC26=20089;MAR27=27605.125;JUN27=24445.125;DEC27=21056.75;SEP27=36064.25,DEC26=GLOBAL_REFERENCE_OUTLIER_PUT_CALL_PARITY;JUN27=GLOBAL_REFERENCE_OUTLIER_SERIES_FORWARD_CLUSTER;DEC28=GLOBAL_REFERENCE_NO_OBSERVATION;DEC27=GLOBAL_REFERENCE_OUTLIER_SERIES_FORWARD_CLUSTER;JUN29=GLOBAL_REFERENCE_NO_OBSERVATION;DEC30=GLOBAL_REFERENCE_NO_OBSERVATION,WEIGHTED_ATM,2026-10-02,5,139,0.0,NONE,5131,4631,0,0,494,NONE,MN1;MN2;MN3;MN4;MN5;QMW;QRW;QTW;QWW,OK,NONE,NONE,2026-09-24
NAS,29670.0,-114612.33115800886,0.012107879795475757,0.0,0.0,0.0,0.0,0.0,0.0,31127.04129267234,30406.45870732766,31487.332585344684,30046.167414655316,DEC26,SEP26,2026-09-25,2026-12-18,30766.75,30793.940034634394,FOUND,DEGRADED,SPOT_MONTH_FALLBACK;ESTIMATED_EXPIRY_ALIAS,2026-08-02.2,PUT_CALL_PARITY,SEP26,OCT26=PUT_CALL_PARITY;SEP26=PUT_CALL_PARITY;NOV26=SERIES_FORWARD_CLUSTER;DEC29=SERIES_FORWARD_CLUSTER;DEC26=PUT_CALL_PARITY;MAR27=SERIES_FORWARD_CLUSTER;JUN27=PUT_CALL_PARITY;DEC28=PUT_CALL_PARITY;DEC27=PUT_CALL_PARITY;SEP27=SERIES_FORWARD_CLUSTER;JUN29=PUT_CALL_PARITY;DEC30=PUT_CALL_PARITY,OCT26=30756.75;SEP26=30766.75;NOV26=31843.125;DEC29=29950.15;DEC26=20089;MAR27=27605.125;JUN27=24445.125;DEC27=21056.75;SEP27=36064.25,DEC26=GLOBAL_REFERENCE_OUTLIER_PUT_CALL_PARITY;JUN27=GLOBAL_REFERENCE_OUTLIER_SERIES_FORWARD_CLUSTER;DEC28=GLOBAL_REFERENCE_NO_OBSERVATION;DEC27=GLOBAL_REFERENCE_OUTLIER_SERIES_FORWARD_CLUSTER;JUN29=GLOBAL_REFERENCE_NO_OBSERVATION;DEC30=GLOBAL_REFERENCE_NO_OBSERVATION,WEIGHTED_ATM,2026-10-02,5,139,0.0,NONE,5131,4631,0,0,494,NONE,MN1;MN2;MN3;MN4;MN5;QMW;QRW;QTW;QWW,OK,NONE,NONE,2026-09-24
NAS,29675.0,-1825801.7492821943,0.19298802322209208,0.0,0.0,0.0,0.0,0.0,0.0,31127.04129267234,30406.45870732766,31487.332585344684,30046.167414655316,DEC26,SEP26,2026-09-25,2026-12-18,30766.75,30793.940034634394,FOUND,DEGRADED,SPOT_MONTH_FALLBACK;ESTIMATED_EXPIRY_ALIAS,2026-08-02.2,PUT_CALL_PARITY,SEP26,OCT26=PUT_CALL_PARITY;SEP26=PUT_CALL_PARITY;NOV26=SERIES_FORWARD_CLUSTER;DEC29=SERIES_FORWARD_CLUSTER;DEC26=PUT_CALL_PARITY;MAR27=SERIES_FORWARD_CLUSTER;JUN27=PUT_CALL_PARITY;DEC28=PUT_CALL_PARITY;DEC27=PUT_CALL_PARITY;SEP27=SERIES_FORWARD_CLUSTER;JUN29=PUT_CALL_PARITY;DEC30=PUT_CALL_PARITY,OCT26=30756.75;SEP26=30766.75;NOV26=31843.125;DEC29=29950.15;DEC26=20089;MAR27=27605.125;JUN27=24445.125;DEC27=21056.75;SEP27=36064.25,DEC26=GLOBAL_REFERENCE_OUTLIER_PUT_CALL_PARITY;JUN27=GLOBAL_REFERENCE_OUTLIER_SERIES_FORWARD_CLUSTER;DEC28=GLOBAL_REFERENCE_NO_OBSERVATION;DEC27=GLOBAL_REFERENCE_OUTLIER_SERIES_FORWARD_CLUSTER;JUN29=GLOBAL_REFERENCE_NO_OBSERVATION;DEC30=GLOBAL_REFERENCE_NO_OBSERVATION,WEIGHTED_ATM,2026-10-02,5,139,0.0,NONE,5131,4631,0,0,494,NONE,MN1;MN2;MN3;MN4;MN5;QMW;QRW;QTW;QWW,OK,NONE,NONE,2026-09-24
NAS,29680.0,-594465.3360961091,0.06280052730195101,0.0,0.0,0.0,0.0,0.0,0.0,31127.04129267234,30406.45870732766,31487.332585344684,30046.167414655316,DEC26,SEP26,2026-09-25,2026-12-18,30766.75,30793.940034634394,FOUND,DEGRADED,SPOT_MONTH_FALLBACK;ESTIMATED_EXPIRY_ALIAS,2026-08-02.2,PUT_CALL_PARITY,SEP26,OCT26=PUT_CALL_PARITY;SEP26=PUT_CALL_PARITY;NOV26=SERIES_FORWARD_CLUSTER;DEC29=SERIES_FORWARD_CLUSTER;DEC26=PUT_CALL_PARITY;MAR27=SERIES_FORWARD_CLUSTER;JUN27=PUT_CALL_PARITY;DEC28=PUT_CALL_PARITY;DEC27=PUT_CALL_PARITY;SEP27=SERIES_FORWARD_CLUSTER;JUN29=PUT_CALL_PARITY;DEC30=PUT_CALL_PARITY,OCT26=30756.75;SEP26=30766.75;NOV26=31843.125;DEC29=29950.15;DEC26=20089;MAR27=27605.125;JUN27=24445.125;DEC27=21056.75;SEP27=36064.25,DEC26=GLOBAL_REFERENCE_OUTLIER_PUT_CALL_PARITY;JUN27=GLOBAL_REFERENCE_OUTLIER_SERIES_FORWARD_CLUSTER;DEC28=GLOBAL_REFERENCE_NO_OBSERVATION;DEC27=GLOBAL_REFERENCE_OUTLIER_SERIES_FORWARD_CLUSTER;JUN29=GLOBAL_REFERENCE_NO_OBSERVATION;DEC30=GLOBAL_REFERENCE_NO_OBSERVATION,WEIGHTED_ATM,2026-10-02,5,139,0.0,NONE,5131,4631,0,0,494,NONE,MN1;MN2;MN3;MN4;MN5;QMW;QRW;QTW;QWW,OK,NONE,NONE,2026-09-24
NAS,29690.0,-184609.06278909632,0.01950247690472547,0.0,0.0,0.0,0.0,0.0,0.0,31127.04129267234,30406.45870732766,31487.332585344684,30046.167414655316,DEC26,SEP26,2026-09-25,2026-12-18,30766.75,30793.940034634394,FOUND,DEGRADED,SPOT_MONTH_FALLBACK;ESTIMATED_EXPIRY_ALIAS,2026-08-02.2,PUT_CALL_PARITY,SEP26,OCT26=PUT_CALL_PARITY;SEP26=PUT_CALL_PARITY;NOV26=SERIES_FORWARD_CLUSTER;DEC29=SERIES_FORWARD_CLUSTER;DEC26=PUT_CALL_PARITY;MAR27=SERIES_FORWARD_CLUSTER;JUN27=PUT_CALL_PARITY;DEC28=PUT_CALL_PARITY;DEC27=PUT_CALL_PARITY;SEP27=SERIES_FORWARD_CLUSTER;JUN29=PUT_CALL_PARITY;DEC30=PUT_CALL_PARITY,OCT26=30756.75;SEP26=30766.75;NOV26=31843.125;DEC29=29950.15;DEC26=20089;MAR27=27605.125;JUN27=24445.125;DEC27=21056.75;SEP27=36064.25,DEC26=GLOBAL_REFERENCE_OUTLIER_PUT_CALL_PARITY;JUN27=GLOBAL_REFERENCE_OUTLIER_SERIES_FORWARD_CLUSTER;DEC28=GLOBAL_REFERENCE_NO_OBSERVATION;DEC27=GLOBAL_REFERENCE_OUTLIER_SERIES_FORWARD_CLUSTER;JUN29=GLOBAL_REFERENCE_NO_OBSERVATION;DEC30=GLOBAL_REFERENCE_NO_OBSERVATION,WEIGHTED_ATM,2026-10-02,5,139,0.0,NONE,5131,4631,0,0,494,NONE,MN1;MN2;MN3;MN4;MN5;QMW;QRW;QTW;QWW,OK,NONE,NONE,2026-09-24
NAS,29700.0,-15426651.352201123,3.0167935585505306,0.0,0.0,0.0,0.0,0.0,0.0,31127.04129267234,30406.45870732766,31487.332585344684,30046.167414655316,DEC26,SEP26,2026-09-25,2026-12-18,30766.75,30793.940034634394,FOUND,DEGRADED,SPOT_MONTH_FALLBACK;ESTIMATED_EXPIRY_ALIAS,2026-08-02.2,PUT_CALL_PARITY,SEP26,OCT26=PUT_CALL_PARITY;SEP26=PUT_CALL_PARITY;NOV26=SERIES_FORWARD_CLUSTER;DEC29=SERIES_FORWARD_CLUSTER;DEC26=PUT_CALL_PARITY;MAR27=SERIES_FORWARD_CLUSTER;JUN27=PUT_CALL_PARITY;DEC28=PUT_CALL_PARITY;DEC27=PUT_CALL_PARITY;SEP27=SERIES_FORWARD_CLUSTER;JUN29=PUT_CALL_PARITY;DEC30=PUT_CALL_PARITY,OCT26=30756.75;SEP26=30766.75;NOV26=31843.125;DEC29=29950.15;DEC26=20089;MAR27=27605.125;JUN27=24445.125;DEC27=21056.75;SEP27=36064.25,DEC26=GLOBAL_REFERENCE_OUTLIER_PUT_CALL_PARITY;JUN27=GLOBAL_REFERENCE_OUTLIER_SERIES_FORWARD_CLUSTER;DEC28=GLOBAL_REFERENCE_NO_OBSERVATION;DEC27=GLOBAL_REFERENCE_OUTLIER_SERIES_FORWARD_CLUSTER;JUN29=GLOBAL_REFERENCE_NO_OBSERVATION;DEC30=GLOBAL_REFERENCE_NO_OBSERVATION,WEIGHTED_ATM,2026-10-02,5,139,0.0,NONE,5131,4631,0,0,494,NONE,MN1;MN2;MN3;MN4;MN5;QMW;QRW;QTW;QWW,OK,NONE,NONE,2026-09-24
NAS,29710.0,-78830.97500729507,0.008327864549169723,0.0,0.0,0.0,0.0,0.0,0.0,31127.04129267234,30406.45870732766,31487.332585344684,30046.167414655316,DEC26,SEP26,2026-09-25,2026-12-18,30766.75,30793.940034634394,FOUND,DEGRADED,SPOT_MONTH_FALLBACK;ESTIMATED_EXPIRY_ALIAS,2026-08-02.2,PUT_CALL_PARITY,SEP26,OCT26=PUT_CALL_PARITY;SEP26=PUT_CALL_PARITY;NOV26=SERIES_FORWARD_CLUSTER;DEC29=SERIES_FORWARD_CLUSTER;DEC26=PUT_CALL_PARITY;MAR27=SERIES_FORWARD_CLUSTER;JUN27=PUT_CALL_PARITY;DEC28=PUT_CALL_PARITY;DEC27=PUT_CALL_PARITY;SEP27=SERIES_FORWARD_CLUSTER;JUN29=PUT_CALL_PARITY;DEC30=PUT_CALL_PARITY,OCT26=30756.75;SEP26=30766.75;NOV26=31843.125;DEC29=29950.15;DEC26=20089;MAR27=27605.125;JUN27=24445.125;DEC27=21056.75;SEP27=36064.25,DEC26=GLOBAL_REFERENCE_OUTLIER_PUT_CALL_PARITY;JUN27=GLOBAL_REFERENCE_OUTLIER_SERIES_FORWARD_CLUSTER;DEC28=GLOBAL_REFERENCE_NO_OBSERVATION;DEC27=GLOBAL_REFERENCE_OUTLIER_SERIES_FORWARD_CLUSTER;JUN29=GLOBAL_REFERENCE_NO_OBSERVATION;DEC30=GLOBAL_REFERENCE_NO_OBSERVATION,WEIGHTED_ATM,2026-10-02,5,139,0.0,NONE,5131,4631,0,0,494,NONE,MN1;MN2;MN3;MN4;MN5;QMW;QRW;QTW;QWW,OK,NONE,NONE,2026-09-24
NAS,29720.0,-297813.6433319752,0.03146163906172564,0.0,0.0,0.0,0.0,0.0,0.0,31127.04129267234,30406.45870732766,31487.332585344684,30046.167414655316,DEC26,SEP26,2026-09-25,2026-12-18,30766.75,30793.940034634394,FOUND,DEGRADED,SPOT_MONTH_FALLBACK;ESTIMATED_EXPIRY_ALIAS,2026-08-02.2,PUT_CALL_PARITY,SEP26,OCT26=PUT_CALL_PARITY;SEP26=PUT_CALL_PARITY;NOV26=SERIES_FORWARD_CLUSTER;DEC29=SERIES_FORWARD_CLUSTER;DEC26=PUT_CALL_PARITY;MAR27=SERIES_FORWARD_CLUSTER;JUN27=PUT_CALL_PARITY;DEC28=PUT_CALL_PARITY;DEC27=PUT_CALL_PARITY;SEP27=SERIES_FORWARD_CLUSTER;JUN29=PUT_CALL_PARITY;DEC30=PUT_CALL_PARITY,OCT26=30756.75;SEP26=30766.75;NOV26=31843.125;DEC29=29950.15;DEC26=20089;MAR27=27605.125;JUN27=24445.125;DEC27=21056.75;SEP27=36064.25,DEC26=GLOBAL_REFERENCE_OUTLIER_PUT_CALL_PARITY;JUN27=GLOBAL_REFERENCE_OUTLIER_SERIES_FORWARD_CLUSTER;DEC28=GLOBAL_REFERENCE_NO_OBSERVATION;DEC27=GLOBAL_REFERENCE_OUTLIER_SERIES_FORWARD_CLUSTER;JUN29=GLOBAL_REFERENCE_NO_OBSERVATION;DEC30=GLOBAL_REFERENCE_NO_OBSERVATION,WEIGHTED_ATM,2026-10-02,5,139,0.0,NONE,5131,4631,0,0,494,NONE,MN1;MN2;MN3;MN4;MN5;QMW;QRW;QTW;QWW,OK,NONE,NONE,2026-09-24
NAS,29725.0,-1423982.7784986703,0.15101392512665246,0.0,0.0,0.0,0.0,0.0,0.0,31127.04129267234,30406.45870732766,31487.332585344684,30046.167414655316,DEC26,SEP26,2026-09-25,2026-12-18,30766.75,30793.940034634394,FOUND,DEGRADED,SPOT_MONTH_FALLBACK;ESTIMATED_EXPIRY_ALIAS,2026-08-02.2,PUT_CALL_PARITY,SEP26,OCT26=PUT_CALL_PARITY;SEP26=PUT_CALL_PARITY;NOV26=SERIES_FORWARD_CLUSTER;DEC29=SERIES_FORWARD_CLUSTER;DEC26=PUT_CALL_PARITY;MAR27=SERIES_FORWARD_CLUSTER;JUN27=PUT_CALL_PARITY;DEC28=PUT_CALL_PARITY;DEC27=PUT_CALL_PARITY;SEP27=SERIES_FORWARD_CLUSTER;JUN29=PUT_CALL_PARITY;DEC30=PUT_CALL_PARITY,OCT26=30756.75;SEP26=30766.75;NOV26=31843.125;DEC29=29950.15;DEC26=20089;MAR27=27605.125;JUN27=24445.125;DEC27=21056.75;SEP27=36064.25,DEC26=GLOBAL_REFERENCE_OUTLIER_PUT_CALL_PARITY;JUN27=GLOBAL_REFERENCE_OUTLIER_SERIES_FORWARD_CLUSTER;DEC28=GLOBAL_REFERENCE_NO_OBSERVATION;DEC27=GLOBAL_REFERENCE_OUTLIER_SERIES_FORWARD_CLUSTER;JUN29=GLOBAL_REFERENCE_NO_OBSERVATION;DEC30=GLOBAL_REFERENCE_NO_OBSERVATION,WEIGHTED_ATM,2026-10-02,5,139,0.0,NONE,5131,4631,0,0,494,NONE,MN1;MN2;MN3;MN4;MN5;QMW;QRW;QTW;QWW,OK,NONE,NONE,2026-09-24
NAS,29730.0,-120660.12957970699,0.012746781522517996,0.0,0.0,0.0,0.0,0.0,0.0,31127.04129267234,30406.45870732766,31487.332585344684,30046.167414655316,DEC26,SEP26,2026-09-25,2026-12-18,30766.75,30793.940034634394,FOUND,DEGRADED,SPOT_MONTH_FALLBACK;ESTIMATED_EXPIRY_ALIAS,2026-08-02.2,PUT_CALL_PARITY,SEP26,OCT26=PUT_CALL_PARITY;SEP26=PUT_CALL_PARITY;NOV26=SERIES_FORWARD_CLUSTER;DEC29=SERIES_FORWARD_CLUSTER;DEC26=PUT_CALL_PARITY;MAR27=SERIES_FORWARD_CLUSTER;JUN27=PUT_CALL_PARITY;DEC28=PUT_CALL_PARITY;DEC27=PUT_CALL_PARITY;SEP27=SERIES_FORWARD_CLUSTER;JUN29=PUT_CALL_PARITY;DEC30=PUT_CALL_PARITY,OCT26=30756.75;SEP26=30766.75;NOV26=31843.125;DEC29=29950.15;DEC26=20089;MAR27=27605.125;JUN27=24445.125;DEC27=21056.75;SEP27=36064.25,DEC26=GLOBAL_REFERENCE_OUTLIER_PUT_CALL_PARITY;JUN27=GLOBAL_REFERENCE_OUTLIER_SERIES_FORWARD_CLUSTER;DEC28=GLOBAL_REFERENCE_NO_OBSERVATION;DEC27=GLOBAL_REFERENCE_OUTLIER_SERIES_FORWARD_CLUSTER;JUN29=GLOBAL_REFERENCE_NO_OBSERVATION;DEC30=GLOBAL_REFERENCE_NO_OBSERVATION,WEIGHTED_ATM,2026-10-02,5,139,0.0,NONE,5131,4631,0,0,494,NONE,MN1;MN2;MN3;MN4;MN5;QMW;QRW;QTW;QWW,OK,NONE,NONE,2026-09-24
NAS,29740.0,-330650.85965995083,0.034930629388508466,0.0,0.0,0.0,0.0,0.0,0.0,31127.04129267234,30406.45870732766,31487.332585344684,30046.167414655316,DEC26,SEP26,2026-09-25,2026-12-18,30766.75,30793.940034634394,FOUND,DEGRADED,SPOT_MONTH_FALLBACK;ESTIMATED_EXPIRY_ALIAS,2026-08-02.2,PUT_CALL_PARITY,SEP26,OCT26=PUT_CALL_PARITY;SEP26=PUT_CALL_PARITY;NOV26=SERIES_FORWARD_CLUSTER;DEC29=SERIES_FORWARD_CLUSTER;DEC26=PUT_CALL_PARITY;MAR27=SERIES_FORWARD_CLUSTER;JUN27=PUT_CALL_PARITY;DEC28=PUT_CALL_PARITY;DEC27=PUT_CALL_PARITY;SEP27=SERIES_FORWARD_CLUSTER;JUN29=PUT_CALL_PARITY;DEC30=PUT_CALL_PARITY,OCT26=30756.75;SEP26=30766.75;NOV26=31843.125;DEC29=29950.15;DEC26=20089;MAR27=27605.125;JUN27=24445.125;DEC27=21056.75;SEP27=36064.25,DEC26=GLOBAL_REFERENCE_OUTLIER_PUT_CALL_PARITY;JUN27=GLOBAL_REFERENCE_OUTLIER_SERIES_FORWARD_CLUSTER;DEC28=GLOBAL_REFERENCE_NO_OBSERVATION;DEC27=GLOBAL_REFERENCE_OUTLIER_SERIES_FORWARD_CLUSTER;JUN29=GLOBAL_REFERENCE_NO_OBSERVATION;DEC30=GLOBAL_REFERENCE_NO_OBSERVATION,WEIGHTED_ATM,2026-10-02,5,139,0.0,NONE,5131,4631,0,0,494,NONE,MN1;MN2;MN3;MN4;MN5;QMW;QRW;QTW;QWW,OK,NONE,NONE,2026-09-24
NAS,29750.0,-45167163.916692406,7.06751258253783,0.0,0.0,0.0,0.0,0.0,0.0,31127.04129267234,30406.45870732766,31487.332585344684,30046.167414655316,DEC26,SEP26,2026-09-25,2026-12-18,30766.75,30793.940034634394,FOUND,DEGRADED,SPOT_MONTH_FALLBACK;ESTIMATED_EXPIRY_ALIAS,2026-08-02.2,PUT_CALL_PARITY,SEP26,OCT26=PUT_CALL_PARITY;SEP26=PUT_CALL_PARITY;NOV26=SERIES_FORWARD_CLUSTER;DEC29=SERIES_FORWARD_CLUSTER;DEC26=PUT_CALL_PARITY;MAR27=SERIES_FORWARD_CLUSTER;JUN27=PUT_CALL_PARITY;DEC28=PUT_CALL_PARITY;DEC27=PUT_CALL_PARITY;SEP27=SERIES_FORWARD_CLUSTER;JUN29=PUT_CALL_PARITY;DEC30=PUT_CALL_PARITY,OCT26=30756.75;SEP26=30766.75;NOV26=31843.125;DEC29=29950.15;DEC26=20089;MAR27=27605.125;JUN27=24445.125;DEC27=21056.75;SEP27=36064.25,DEC26=GLOBAL_REFERENCE_OUTLIER_PUT_CALL_PARITY;JUN27=GLOBAL_REFERENCE_OUTLIER_SERIES_FORWARD_CLUSTER;DEC28=GLOBAL_REFERENCE_NO_OBSERVATION;DEC27=GLOBAL_REFERENCE_OUTLIER_SERIES_FORWARD_CLUSTER;JUN29=GLOBAL_REFERENCE_NO_OBSERVATION;DEC30=GLOBAL_REFERENCE_NO_OBSERVATION,WEIGHTED_ATM,2026-10-02,5,139,0.0,NONE,5131,4631,0,0,494,NONE,MN1;MN2;MN3;MN4;MN5;QMW;QRW;QTW;QWW,OK,NONE,NONE,2026-09-24
NAS,29760.0,-312180.8300454597,0.032979417890307394,0.0,0.0,0.0,0.0,0.0,0.0,31127.04129267234,30406.45870732766,31487.332585344684,30046.167414655316,DEC26,SEP26,2026-09-25,2026-12-18,30766.75,30793.940034634394,FOUND,DEGRADED,SPOT_MONTH_FALLBACK;ESTIMATED_EXPIRY_ALIAS,2026-08-02.2,PUT_CALL_PARITY,SEP26,OCT26=PUT_CALL_PARITY;SEP26=PUT_CALL_PARITY;NOV26=SERIES_FORWARD_CLUSTER;DEC29=SERIES_FORWARD_CLUSTER;DEC26=PUT_CALL_PARITY;MAR27=SERIES_FORWARD_CLUSTER;JUN27=PUT_CALL_PARITY;DEC28=PUT_CALL_PARITY;DEC27=PUT_CALL_PARITY;SEP27=SERIES_FORWARD_CLUSTER;JUN29=PUT_CALL_PARITY;DEC30=PUT_CALL_PARITY,OCT26=30756.75;SEP26=30766.75;NOV26=31843.125;DEC29=29950.15;DEC26=20089;MAR27=27605.125;JUN27=24445.125;DEC27=21056.75;SEP27=36064.25,DEC26=GLOBAL_REFERENCE_OUTLIER_PUT_CALL_PARITY;JUN27=GLOBAL_REFERENCE_OUTLIER_SERIES_FORWARD_CLUSTER;DEC28=GLOBAL_REFERENCE_NO_OBSERVATION;DEC27=GLOBAL_REFERENCE_OUTLIER_SERIES_FORWARD_CLUSTER;JUN29=GLOBAL_REFERENCE_NO_OBSERVATION;DEC30=GLOBAL_REFERENCE_NO_OBSERVATION,WEIGHTED_ATM,2026-10-02,5,139,0.0,NONE,5131,4631,0,0,494,NONE,MN1;MN2;MN3;MN4;MN5;QMW;QRW;QTW;QWW,OK,NONE,NONE,2026-09-24
NAS,29770.0,-476865.1084400322,0.05039673589183873,0.0,0.0,0.0,0.0,0.0,0.0,31127.04129267234,30406.45870732766,31487.332585344684,30046.167414655316,DEC26,SEP26,2026-09-25,2026-12-18,30766.75,30793.940034634394,FOUND,DEGRADED,SPOT_MONTH_FALLBACK;ESTIMATED_EXPIRY_ALIAS,2026-08-02.2,PUT_CALL_PARITY,SEP26,OCT26=PUT_CALL_PARITY;SEP26=PUT_CALL_PARITY;NOV26=SERIES_FORWARD_CLUSTER;DEC29=SERIES_FORWARD_CLUSTER;DEC26=PUT_CALL_PARITY;MAR27=SERIES_FORWARD_CLUSTER;JUN27=PUT_CALL_PARITY;DEC28=PUT_CALL_PARITY;DEC27=PUT_CALL_PARITY;SEP27=SERIES_FORWARD_CLUSTER;JUN29=PUT_CALL_PARITY;DEC30=PUT_CALL_PARITY,OCT26=30756.75;SEP26=30766.75;NOV26=31843.125;DEC29=29950.15;DEC26=20089;MAR27=27605.125;JUN27=24445.125;DEC27=21056.75;SEP27=36064.25,DEC26=GLOBAL_REFERENCE_OUTLIER_PUT_CALL_PARITY;JUN27=GLOBAL_REFERENCE_OUTLIER_SERIES_FORWARD_CLUSTER;DEC28=GLOBAL_REFERENCE_NO_OBSERVATION;DEC27=GLOBAL_REFERENCE_OUTLIER_SERIES_FORWARD_CLUSTER;JUN29=GLOBAL_REFERENCE_NO_OBSERVATION;DEC30=GLOBAL_REFERENCE_NO_OBSERVATION,WEIGHTED_ATM,2026-10-02,5,139,0.0,NONE,5131,4631,0,0,494,NONE,MN1;MN2;MN3;MN4;MN5;QMW;QRW;QTW;QWW,OK,NONE,NONE,2026-09-24
NAS,29775.0,-1329456.3597380174,0.14050876750129251,0.0,0.0,0.0,0.0,0.0,0.0,31127.04129267234,30406.45870732766,31487.332585344684,30046.167414655316,DEC26,SEP26,2026-09-25,2026-12-18,30766.75,30793.940034634394,FOUND,DEGRADED,SPOT_MONTH_FALLBACK;ESTIMATED_EXPIRY_ALIAS,2026-08-02.2,PUT_CALL_PARITY,SEP26,OCT26=PUT_CALL_PARITY;SEP26=PUT_CALL_PARITY;NOV26=SERIES_FORWARD_CLUSTER;DEC29=SERIES_FORWARD_CLUSTER;DEC26=PUT_CALL_PARITY;MAR27=SERIES_FORWARD_CLUSTER;JUN27=PUT_CALL_PARITY;DEC28=PUT_CALL_PARITY;DEC27=PUT_CALL_PARITY;SEP27=SERIES_FORWARD_CLUSTER;JUN29=PUT_CALL_PARITY;DEC30=PUT_CALL_PARITY,OCT26=30756.75;SEP26=30766.75;NOV26=31843.125;DEC29=29950.15;DEC26=20089;MAR27=27605.125;JUN27=24445.125;DEC27=21056.75;SEP27=36064.25,DEC26=GLOBAL_REFERENCE_OUTLIER_PUT_CALL_PARITY;JUN27=GLOBAL_REFERENCE_OUTLIER_SERIES_FORWARD_CLUSTER;DEC28=GLOBAL_REFERENCE_NO_OBSERVATION;DEC27=GLOBAL_REFERENCE_OUTLIER_SERIES_FORWARD_CLUSTER;JUN29=GLOBAL_REFERENCE_NO_OBSERVATION;DEC30=GLOBAL_REFERENCE_NO_OBSERVATION,WEIGHTED_ATM,2026-10-02,5,139,0.0,NONE,5131,4631,0,0,494,NONE,MN1;MN2;MN3;MN4;MN5;QMW;QRW;QTW;QWW,OK,NONE,NONE,2026-09-24
NAS,29780.0,-207953.04664987396,0.02196858284357209,0.0,0.0,0.0,0.0,0.0,0.0,31127.04129267234,30406.45870732766,31487.332585344684,30046.167414655316,DEC26,SEP26,2026-09-25,2026-12-18,30766.75,30793.940034634394,FOUND,DEGRADED,SPOT_MONTH_FALLBACK;ESTIMATED_EXPIRY_ALIAS,2026-08-02.2,PUT_CALL_PARITY,SEP26,OCT26=PUT_CALL_PARITY;SEP26=PUT_CALL_PARITY;NOV26=SERIES_FORWARD_CLUSTER;DEC29=SERIES_FORWARD_CLUSTER;DEC26=PUT_CALL_PARITY;MAR27=SERIES_FORWARD_CLUSTER;JUN27=PUT_CALL_PARITY;DEC28=PUT_CALL_PARITY;DEC27=PUT_CALL_PARITY;SEP27=SERIES_FORWARD_CLUSTER;JUN29=PUT_CALL_PARITY;DEC30=PUT_CALL_PARITY,OCT26=30756.75;SEP26=30766.75;NOV26=31843.125;DEC29=29950.15;DEC26=20089;MAR27=27605.125;JUN27=24445.125;DEC27=21056.75;SEP27=36064.25,DEC26=GLOBAL_REFERENCE_OUTLIER_PUT_CALL_PARITY;JUN27=GLOBAL_REFERENCE_OUTLIER_SERIES_FORWARD_CLUSTER;DEC28=GLOBAL_REFERENCE_NO_OBSERVATION;DEC27=GLOBAL_REFERENCE_OUTLIER_SERIES_FORWARD_CLUSTER;JUN29=GLOBAL_REFERENCE_NO_OBSERVATION;DEC30=GLOBAL_REFERENCE_NO_OBSERVATION,WEIGHTED_ATM,2026-10-02,5,139,0.0,NONE,5131,4631,0,0,494,NONE,MN1;MN2;MN3;MN4;MN5;QMW;QRW;QTW;QWW,OK,NONE,NONE,2026-09-24
NAS,29790.0,-537807.615239626,0.05681509042369603,0.0,0.0,0.0,0.0,0.0,0.0,31127.04129267234,30406.45870732766,31487.332585344684,30046.167414655316,DEC26,SEP26,2026-09-25,2026-12-18,30766.75,30793.940034634394,FOUND,DEGRADED,SPOT_MONTH_FALLBACK;ESTIMATED_EXPIRY_ALIAS,2026-08-02.2,PUT_CALL_PARITY,SEP26,OCT26=PUT_CALL_PARITY;SEP26=PUT_CALL_PARITY;NOV26=SERIES_FORWARD_CLUSTER;DEC29=SERIES_FORWARD_CLUSTER;DEC26=PUT_CALL_PARITY;MAR27=SERIES_FORWARD_CLUSTER;JUN27=PUT_CALL_PARITY;DEC28=PUT_CALL_PARITY;DEC27=PUT_CALL_PARITY;SEP27=SERIES_FORWARD_CLUSTER;JUN29=PUT_CALL_PARITY;DEC30=PUT_CALL_PARITY,OCT26=30756.75;SEP26=30766.75;NOV26=31843.125;DEC29=29950.15;DEC26=20089;MAR27=27605.125;JUN27=24445.125;DEC27=21056.75;SEP27=36064.25,DEC26=GLOBAL_REFERENCE_OUTLIER_PUT_CALL_PARITY;JUN27=GLOBAL_REFERENCE_OUTLIER_SERIES_FORWARD_CLUSTER;DEC28=GLOBAL_REFERENCE_NO_OBSERVATION;DEC27=GLOBAL_REFERENCE_OUTLIER_SERIES_FORWARD_CLUSTER;JUN29=GLOBAL_REFERENCE_NO_OBSERVATION;DEC30=GLOBAL_REFERENCE_NO_OBSERVATION,WEIGHTED_ATM,2026-10-02,5,139,0.0,NONE,5131,4631,0,0,494,NONE,MN1;MN2;MN3;MN4;MN5;QMW;QRW;QTW;QWW,OK,NONE,NONE,2026-09-24
NAS,29800.0,-42282442.9042807,8.74439806613382,0.0,0.0,0.0,0.0,0.0,0.0,31127.04129267234,30406.45870732766,31487.332585344684,30046.167414655316,DEC26,SEP26,2026-09-25,2026-12-18,30766.75,30793.940034634394,FOUND,DEGRADED,SPOT_MONTH_FALLBACK;ESTIMATED_EXPIRY_ALIAS,2026-08-02.2,PUT_CALL_PARITY,SEP26,OCT26=PUT_CALL_PARITY;SEP26=PUT_CALL_PARITY;NOV26=SERIES_FORWARD_CLUSTER;DEC29=SERIES_FORWARD_CLUSTER;DEC26=PUT_CALL_PARITY;MAR27=SERIES_FORWARD_CLUSTER;JUN27=PUT_CALL_PARITY;DEC28=PUT_CALL_PARITY;DEC27=PUT_CALL_PARITY;SEP27=SERIES_FORWARD_CLUSTER;JUN29=PUT_CALL_PARITY;DEC30=PUT_CALL_PARITY,OCT26=30756.75;SEP26=30766.75;NOV26=31843.125;DEC29=29950.15;DEC26=20089;MAR27=27605.125;JUN27=24445.125;DEC27=21056.75;SEP27=36064.25,DEC26=GLOBAL_REFERENCE_OUTLIER_PUT_CALL_PARITY;JUN27=GLOBAL_REFERENCE_OUTLIER_SERIES_FORWARD_CLUSTER;DEC28=GLOBAL_REFERENCE_NO_OBSERVATION;DEC27=GLOBAL_REFERENCE_OUTLIER_SERIES_FORWARD_CLUSTER;JUN29=GLOBAL_REFERENCE_NO_OBSERVATION;DEC30=GLOBAL_REFERENCE_NO_OBSERVATION,WEIGHTED_ATM,2026-10-02,5,139,0.0,NONE,5131,4631,0,0,494,NONE,MN1;MN2;MN3;MN4;MN5;QMW;QRW;QTW;QWW,OK,NONE,NONE,2026-09-24
NAS,29810.0,-178278.57551066065,0.018839047285556767,0.0,0.0,0.0,0.0,0.0,0.0,31127.04129267234,30406.45870732766,31487.332585344684,30046.167414655316,DEC26,SEP26,2026-09-25,2026-12-18,30766.75,30793.940034634394,FOUND,DEGRADED,SPOT_MONTH_FALLBACK;ESTIMATED_EXPIRY_ALIAS,2026-08-02.2,PUT_CALL_PARITY,SEP26,OCT26=PUT_CALL_PARITY;SEP26=PUT_CALL_PARITY;NOV26=SERIES_FORWARD_CLUSTER;DEC29=SERIES_FORWARD_CLUSTER;DEC26=PUT_CALL_PARITY;MAR27=SERIES_FORWARD_CLUSTER;JUN27=PUT_CALL_PARITY;DEC28=PUT_CALL_PARITY;DEC27=PUT_CALL_PARITY;SEP27=SERIES_FORWARD_CLUSTER;JUN29=PUT_CALL_PARITY;DEC30=PUT_CALL_PARITY,OCT26=30756.75;SEP26=30766.75;NOV26=31843.125;DEC29=29950.15;DEC26=20089;MAR27=27605.125;JUN27=24445.125;DEC27=21056.75;SEP27=36064.25,DEC26=GLOBAL_REFERENCE_OUTLIER_PUT_CALL_PARITY;JUN27=GLOBAL_REFERENCE_OUTLIER_SERIES_FORWARD_CLUSTER;DEC28=GLOBAL_REFERENCE_NO_OBSERVATION;DEC27=GLOBAL_REFERENCE_OUTLIER_SERIES_FORWARD_CLUSTER;JUN29=GLOBAL_REFERENCE_NO_OBSERVATION;DEC30=GLOBAL_REFERENCE_NO_OBSERVATION,WEIGHTED_ATM,2026-10-02,5,139,0.0,NONE,5131,4631,0,0,494,NONE,MN1;MN2;MN3;MN4;MN5;QMW;QRW;QTW;QWW,OK,NONE,NONE,2026-09-24
NAS,29820.0,-191334.23786171715,0.02021293807901712,0.0,0.0,0.0,0.0,0.0,0.0,31127.04129267234,30406.45870732766,31487.332585344684,30046.167414655316,DEC26,SEP26,2026-09-25,2026-12-18,30766.75,30793.940034634394,FOUND,DEGRADED,SPOT_MONTH_FALLBACK;ESTIMATED_EXPIRY_ALIAS,2026-08-02.2,PUT_CALL_PARITY,SEP26,OCT26=PUT_CALL_PARITY;SEP26=PUT_CALL_PARITY;NOV26=SERIES_FORWARD_CLUSTER;DEC29=SERIES_FORWARD_CLUSTER;DEC26=PUT_CALL_PARITY;MAR27=SERIES_FORWARD_CLUSTER;JUN27=PUT_CALL_PARITY;DEC28=PUT_CALL_PARITY;DEC27=PUT_CALL_PARITY;SEP27=SERIES_FORWARD_CLUSTER;JUN29=PUT_CALL_PARITY;DEC30=PUT_CALL_PARITY,OCT26=30756.75;SEP26=30766.75;NOV26=31843.125;DEC29=29950.15;DEC26=20089;MAR27=27605.125;JUN27=24445.125;DEC27=21056.75;SEP27=36064.25,DEC26=GLOBAL_REFERENCE_OUTLIER_PUT_CALL_PARITY;JUN27=GLOBAL_REFERENCE_OUTLIER_SERIES_FORWARD_CLUSTER;DEC28=GLOBAL_REFERENCE_NO_OBSERVATION;DEC27=GLOBAL_REFERENCE_OUTLIER_SERIES_FORWARD_CLUSTER;JUN29=GLOBAL_REFERENCE_NO_OBSERVATION;DEC30=GLOBAL_REFERENCE_NO_OBSERVATION,WEIGHTED_ATM,2026-10-02,5,139,0.0,NONE,5131,4631,0,0,494,NONE,MN1;MN2;MN3;MN4;MN5;QMW;QRW;QTW;QWW,OK,NONE,NONE,2026-09-24
NAS,29825.0,-1551001.1045850522,0.16393034989077385,0.0,0.0,0.0,0.0,0.0,0.0,31127.04129267234,30406.45870732766,31487.332585344684,30046.167414655316,DEC26,SEP26,2026-09-25,2026-12-18,30766.75,30793.940034634394,FOUND,DEGRADED,SPOT_MONTH_FALLBACK;ESTIMATED_EXPIRY_ALIAS,2026-08-02.2,PUT_CALL_PARITY,SEP26,OCT26=PUT_CALL_PARITY;SEP26=PUT_CALL_PARITY;NOV26=SERIES_FORWARD_CLUSTER;DEC29=SERIES_FORWARD_CLUSTER;DEC26=PUT_CALL_PARITY;MAR27=SERIES_FORWARD_CLUSTER;JUN27=PUT_CALL_PARITY;DEC28=PUT_CALL_PARITY;DEC27=PUT_CALL_PARITY;SEP27=SERIES_FORWARD_CLUSTER;JUN29=PUT_CALL_PARITY;DEC30=PUT_CALL_PARITY,OCT26=30756.75;SEP26=30766.75;NOV26=31843.125;DEC29=29950.15;DEC26=20089;MAR27=27605.125;JUN27=24445.125;DEC27=21056.75;SEP27=36064.25,DEC26=GLOBAL_REFERENCE_OUTLIER_PUT_CALL_PARITY;JUN27=GLOBAL_REFERENCE_OUTLIER_SERIES_FORWARD_CLUSTER;DEC28=GLOBAL_REFERENCE_NO_OBSERVATION;DEC27=GLOBAL_REFERENCE_OUTLIER_SERIES_FORWARD_CLUSTER;JUN29=GLOBAL_REFERENCE_NO_OBSERVATION;DEC30=GLOBAL_REFERENCE_NO_OBSERVATION,WEIGHTED_ATM,2026-10-02,5,139,0.0,NONE,5131,4631,0,0,494,NONE,MN1;MN2;MN3;MN4;MN5;QMW;QRW;QTW;QWW,OK,NONE,NONE,2026-09-24
NAS,29830.0,-361725.4635053308,0.038218966033217075,0.0,0.0,0.0,0.0,0.0,0.0,31127.04129267234,30406.45870732766,31487.332585344684,30046.167414655316,DEC26,SEP26,2026-09-25,2026-12-18,30766.75,30793.940034634394,FOUND,DEGRADED,SPOT_MONTH_FALLBACK;ESTIMATED_EXPIRY_ALIAS,2026-08-02.2,PUT_CALL_PARITY,SEP26,OCT26=PUT_CALL_PARITY;SEP26=PUT_CALL_PARITY;NOV26=SERIES_FORWARD_CLUSTER;DEC29=SERIES_FORWARD_CLUSTER;DEC26=PUT_CALL_PARITY;MAR27=SERIES_FORWARD_CLUSTER;JUN27=PUT_CALL_PARITY;DEC28=PUT_CALL_PARITY;DEC27=PUT_CALL_PARITY;SEP27=SERIES_FORWARD_CLUSTER;JUN29=PUT_CALL_PARITY;DEC30=PUT_CALL_PARITY,OCT26=30756.75;SEP26=30766.75;NOV26=31843.125;DEC29=29950.15;DEC26=20089;MAR27=27605.125;JUN27=24445.125;DEC27=21056.75;SEP27=36064.25,DEC26=GLOBAL_REFERENCE_OUTLIER_PUT_CALL_PARITY;JUN27=GLOBAL_REFERENCE_OUTLIER_SERIES_FORWARD_CLUSTER;DEC28=GLOBAL_REFERENCE_NO_OBSERVATION;DEC27=GLOBAL_REFERENCE_OUTLIER_SERIES_FORWARD_CLUSTER;JUN29=GLOBAL_REFERENCE_NO_OBSERVATION;DEC30=GLOBAL_REFERENCE_NO_OBSERVATION,WEIGHTED_ATM,2026-10-02,5,139,0.0,NONE,5131,4631,0,0,494,NONE,MN1;MN2;MN3;MN4;MN5;QMW;QRW;QTW;QWW,OK,NONE,NONE,2026-09-24
NAS,29840.0,-458291.38264718885,0.04841766496542457,0.0,0.0,0.0,0.0,0.0,0.0,31127.04129267234,30406.45870732766,31487.332585344684,30046.167414655316,DEC26,SEP26,2026-09-25,2026-12-18,30766.75,30793.940034634394,FOUND,DEGRADED,SPOT_MONTH_FALLBACK;ESTIMATED_EXPIRY_ALIAS,2026-08-02.2,PUT_CALL_PARITY,SEP26,OCT26=PUT_CALL_PARITY;SEP26=PUT_CALL_PARITY;NOV26=SERIES_FORWARD_CLUSTER;DEC29=SERIES_FORWARD_CLUSTER;DEC26=PUT_CALL_PARITY;MAR27=SERIES_FORWARD_CLUSTER;JUN27=PUT_CALL_PARITY;DEC28=PUT_CALL_PARITY;DEC27=PUT_CALL_PARITY;SEP27=SERIES_FORWARD_CLUSTER;JUN29=PUT_CALL_PARITY;DEC30=PUT_CALL_PARITY,OCT26=30756.75;SEP26=30766.75;NOV26=31843.125;DEC29=29950.15;DEC26=20089;MAR27=27605.125;JUN27=24445.125;DEC27=21056.75;SEP27=36064.25,DEC26=GLOBAL_REFERENCE_OUTLIER_PUT_CALL_PARITY;JUN27=GLOBAL_REFERENCE_OUTLIER_SERIES_FORWARD_CLUSTER;DEC28=GLOBAL_REFERENCE_NO_OBSERVATION;DEC27=GLOBAL_REFERENCE_OUTLIER_SERIES_FORWARD_CLUSTER;JUN29=GLOBAL_REFERENCE_NO_OBSERVATION;DEC30=GLOBAL_REFERENCE_NO_OBSERVATION,WEIGHTED_ATM,2026-10-02,5,139,0.0,NONE,5131,4631,0,0,494,NONE,MN1;MN2;MN3;MN4;MN5;QMW;QRW;QTW;QWW,OK,NONE,NONE,2026-09-24
NAS,29850.0,-10900514.64485898,2.049728452481387,0.0,0.0,0.0,0.0,0.0,0.0,31127.04129267234,30406.45870732766,31487.332585344684,30046.167414655316,DEC26,SEP26,2026-09-25,2026-12-18,30766.75,30793.940034634394,FOUND,DEGRADED,SPOT_MONTH_FALLBACK;ESTIMATED_EXPIRY_ALIAS,2026-08-02.2,PUT_CALL_PARITY,SEP26,OCT26=PUT_CALL_PARITY;SEP26=PUT_CALL_PARITY;NOV26=SERIES_FORWARD_CLUSTER;DEC29=SERIES_FORWARD_CLUSTER;DEC26=PUT_CALL_PARITY;MAR27=SERIES_FORWARD_CLUSTER;JUN27=PUT_CALL_PARITY;DEC28=PUT_CALL_PARITY;DEC27=PUT_CALL_PARITY;SEP27=SERIES_FORWARD_CLUSTER;JUN29=PUT_CALL_PARITY;DEC30=PUT_CALL_PARITY,OCT26=30756.75;SEP26=30766.75;NOV26=31843.125;DEC29=29950.15;DEC26=20089;MAR27=27605.125;JUN27=24445.125;DEC27=21056.75;SEP27=36064.25,DEC26=GLOBAL_REFERENCE_OUTLIER_PUT_CALL_PARITY;JUN27=GLOBAL_REFERENCE_OUTLIER_SERIES_FORWARD_CLUSTER;DEC28=GLOBAL_REFERENCE_NO_OBSERVATION;DEC27=GLOBAL_REFERENCE_OUTLIER_SERIES_FORWARD_CLUSTER;JUN29=GLOBAL_REFERENCE_NO_OBSERVATION;DEC30=GLOBAL_REFERENCE_NO_OBSERVATION,WEIGHTED_ATM,2026-10-02,5,139,0.0,NONE,5131,4631,0,0,494,NONE,MN1;MN2;MN3;MN4;MN5;QMW;QRW;QTW;QWW,OK,NONE,NONE,2026-09-24
NAS,29860.0,-189505.28008649027,0.020025609043432105,0.0,0.0,0.0,0.0,0.0,0.0,31127.04129267234,30406.45870732766,31487.332585344684,30046.167414655316,DEC26,SEP26,2026-09-25,2026-12-18,30766.75,30793.940034634394,FOUND,DEGRADED,SPOT_MONTH_FALLBACK;ESTIMATED_EXPIRY_ALIAS,2026-08-02.2,PUT_CALL_PARITY,SEP26,OCT26=PUT_CALL_PARITY;SEP26=PUT_CALL_PARITY;NOV26=SERIES_FORWARD_CLUSTER;DEC29=SERIES_FORWARD_CLUSTER;DEC26=PUT_CALL_PARITY;MAR27=SERIES_FORWARD_CLUSTER;JUN27=PUT_CALL_PARITY;DEC28=PUT_CALL_PARITY;DEC27=PUT_CALL_PARITY;SEP27=SERIES_FORWARD_CLUSTER;JUN29=PUT_CALL_PARITY;DEC30=PUT_CALL_PARITY,OCT26=30756.75;SEP26=30766.75;NOV26=31843.125;DEC29=29950.15;DEC26=20089;MAR27=27605.125;JUN27=24445.125;DEC27=21056.75;SEP27=36064.25,DEC26=GLOBAL_REFERENCE_OUTLIER_PUT_CALL_PARITY;JUN27=GLOBAL_REFERENCE_OUTLIER_SERIES_FORWARD_CLUSTER;DEC28=GLOBAL_REFERENCE_NO_OBSERVATION;DEC27=GLOBAL_REFERENCE_OUTLIER_SERIES_FORWARD_CLUSTER;JUN29=GLOBAL_REFERENCE_NO_OBSERVATION;DEC30=GLOBAL_REFERENCE_NO_OBSERVATION,WEIGHTED_ATM,2026-10-02,5,139,0.0,NONE,5131,4631,0,0,494,NONE,MN1;MN2;MN3;MN4;MN5;QMW;QRW;QTW;QWW,OK,NONE,NONE,2026-09-24
NAS,29870.0,-188579.44087344856,0.019921915721667887,0.0,0.0,0.0,0.0,0.0,0.0,31127.04129267234,30406.45870732766,31487.332585344684,30046.167414655316,DEC26,SEP26,2026-09-25,2026-12-18,30766.75,30793.940034634394,FOUND,DEGRADED,SPOT_MONTH_FALLBACK;ESTIMATED_EXPIRY_ALIAS,2026-08-02.2,PUT_CALL_PARITY,SEP26,OCT26=PUT_CALL_PARITY;SEP26=PUT_CALL_PARITY;NOV26=SERIES_FORWARD_CLUSTER;DEC29=SERIES_FORWARD_CLUSTER;DEC26=PUT_CALL_PARITY;MAR27=SERIES_FORWARD_CLUSTER;JUN27=PUT_CALL_PARITY;DEC28=PUT_CALL_PARITY;DEC27=PUT_CALL_PARITY;SEP27=SERIES_FORWARD_CLUSTER;JUN29=PUT_CALL_PARITY;DEC30=PUT_CALL_PARITY,OCT26=30756.75;SEP26=30766.75;NOV26=31843.125;DEC29=29950.15;DEC26=20089;MAR27=27605.125;JUN27=24445.125;DEC27=21056.75;SEP27=36064.25,DEC26=GLOBAL_REFERENCE_OUTLIER_PUT_CALL_PARITY;JUN27=GLOBAL_REFERENCE_OUTLIER_SERIES_FORWARD_CLUSTER;DEC28=GLOBAL_REFERENCE_NO_OBSERVATION;DEC27=GLOBAL_REFERENCE_OUTLIER_SERIES_FORWARD_CLUSTER;JUN29=GLOBAL_REFERENCE_NO_OBSERVATION;DEC30=GLOBAL_REFERENCE_NO_OBSERVATION,WEIGHTED_ATM,2026-10-02,5,139,0.0,NONE,5131,4631,0,0,494,NONE,MN1;MN2;MN3;MN4;MN5;QMW;QRW;QTW;QWW,OK,NONE,NONE,2026-09-24
NAS,29875.0,-1905650.3933418975,0.20142417370897506,0.0,0.0,0.0,0.0,0.0,0.0,31127.04129267234,30406.45870732766,31487.332585344684,30046.167414655316,DEC26,SEP26,2026-09-25,2026-12-18,30766.75,30793.940034634394,FOUND,DEGRADED,SPOT_MONTH_FALLBACK;ESTIMATED_EXPIRY_ALIAS,2026-08-02.2,PUT_CALL_PARITY,SEP26,OCT26=PUT_CALL_PARITY;SEP26=PUT_CALL_PARITY;NOV26=SERIES_FORWARD_CLUSTER;DEC29=SERIES_FORWARD_CLUSTER;DEC26=PUT_CALL_PARITY;MAR27=SERIES_FORWARD_CLUSTER;JUN27=PUT_CALL_PARITY;DEC28=PUT_CALL_PARITY;DEC27=PUT_CALL_PARITY;SEP27=SERIES_FORWARD_CLUSTER;JUN29=PUT_CALL_PARITY;DEC30=PUT_CALL_PARITY,OCT26=30756.75;SEP26=30766.75;NOV26=31843.125;DEC29=29950.15;DEC26=20089;MAR27=27605.125;JUN27=24445.125;DEC27=21056.75;SEP27=36064.25,DEC26=GLOBAL_REFERENCE_OUTLIER_PUT_CALL_PARITY;JUN27=GLOBAL_REFERENCE_OUTLIER_SERIES_FORWARD_CLUSTER;DEC28=GLOBAL_REFERENCE_NO_OBSERVATION;DEC27=GLOBAL_REFERENCE_OUTLIER_SERIES_FORWARD_CLUSTER;JUN29=GLOBAL_REFERENCE_NO_OBSERVATION;DEC30=GLOBAL_REFERENCE_NO_OBSERVATION,WEIGHTED_ATM,2026-10-02,5,139,0.0,NONE,5131,4631,0,0,494,NONE,MN1;MN2;MN3;MN4;MN5;QMW;QRW;QTW;QWW,OK,NONE,NONE,2026-09-24
NAS,29880.0,-325381.58981913683,0.03437397300434902,0.0,0.0,0.0,0.0,0.0,0.0,31127.04129267234,30406.45870732766,31487.332585344684,30046.167414655316,DEC26,SEP26,2026-09-25,2026-12-18,30766.75,30793.940034634394,FOUND,DEGRADED,SPOT_MONTH_FALLBACK;ESTIMATED_EXPIRY_ALIAS,2026-08-02.2,PUT_CALL_PARITY,SEP26,OCT26=PUT_CALL_PARITY;SEP26=PUT_CALL_PARITY;NOV26=SERIES_FORWARD_CLUSTER;DEC29=SERIES_FORWARD_CLUSTER;DEC26=PUT_CALL_PARITY;MAR27=SERIES_FORWARD_CLUSTER;JUN27=PUT_CALL_PARITY;DEC28=PUT_CALL_PARITY;DEC27=PUT_CALL_PARITY;SEP27=SERIES_FORWARD_CLUSTER;JUN29=PUT_CALL_PARITY;DEC30=PUT_CALL_PARITY,OCT26=30756.75;SEP26=30766.75;NOV26=31843.125;DEC29=29950.15;DEC26=20089;MAR27=27605.125;JUN27=24445.125;DEC27=21056.75;SEP27=36064.25,DEC26=GLOBAL_REFERENCE_OUTLIER_PUT_CALL_PARITY;JUN27=GLOBAL_REFERENCE_OUTLIER_SERIES_FORWARD_CLUSTER;DEC28=GLOBAL_REFERENCE_NO_OBSERVATION;DEC27=GLOBAL_REFERENCE_OUTLIER_SERIES_FORWARD_CLUSTER;JUN29=GLOBAL_REFERENCE_NO_OBSERVATION;DEC30=GLOBAL_REFERENCE_NO_OBSERVATION,WEIGHTED_ATM,2026-10-02,5,139,0.0,NONE,5131,4631,0,0,494,NONE,MN1;MN2;MN3;MN4;MN5;QMW;QRW;QTW;QWW,OK,NONE,NONE,2026-09-24
NAS,29890.0,-422785.42237494094,0.044679491000481755,0.0,0.0,0.0,0.0,0.0,0.0,31127.04129267234,30406.45870732766,31487.332585344684,30046.167414655316,DEC26,SEP26,2026-09-25,2026-12-18,30766.75,30793.940034634394,FOUND,DEGRADED,SPOT_MONTH_FALLBACK;ESTIMATED_EXPIRY_ALIAS,2026-08-02.2,PUT_CALL_PARITY,SEP26,OCT26=PUT_CALL_PARITY;SEP26=PUT_CALL_PARITY;NOV26=SERIES_FORWARD_CLUSTER;DEC29=SERIES_FORWARD_CLUSTER;DEC26=PUT_CALL_PARITY;MAR27=SERIES_FORWARD_CLUSTER;JUN27=PUT_CALL_PARITY;DEC28=PUT_CALL_PARITY;DEC27=PUT_CALL_PARITY;SEP27=SERIES_FORWARD_CLUSTER;JUN29=PUT_CALL_PARITY;DEC30=PUT_CALL_PARITY,OCT26=30756.75;SEP26=30766.75;NOV26=31843.125;DEC29=29950.15;DEC26=20089;MAR27=27605.125;JUN27=24445.125;DEC27=21056.75;SEP27=36064.25,DEC26=GLOBAL_REFERENCE_OUTLIER_PUT_CALL_PARITY;JUN27=GLOBAL_REFERENCE_OUTLIER_SERIES_FORWARD_CLUSTER;DEC28=GLOBAL_REFERENCE_NO_OBSERVATION;DEC27=GLOBAL_REFERENCE_OUTLIER_SERIES_FORWARD_CLUSTER;JUN29=GLOBAL_REFERENCE_NO_OBSERVATION;DEC30=GLOBAL_REFERENCE_NO_OBSERVATION,WEIGHTED_ATM,2026-10-02,5,139,0.0,NONE,5131,4631,0,0,494,NONE,MN1;MN2;MN3;MN4;MN5;QMW;QRW;QTW;QWW,OK,NONE,NONE,2026-09-24
NAS,29900.0,-19004257.830513354,5.115105260639047,0.0,0.0,0.0,0.0,0.0,0.0,31127.04129267234,30406.45870732766,31487.332585344684,30046.167414655316,DEC26,SEP26,2026-09-25,2026-12-18,30766.75,30793.940034634394,FOUND,DEGRADED,SPOT_MONTH_FALLBACK;ESTIMATED_EXPIRY_ALIAS,2026-08-02.2,PUT_CALL_PARITY,SEP26,OCT26=PUT_CALL_PARITY;SEP26=PUT_CALL_PARITY;NOV26=SERIES_FORWARD_CLUSTER;DEC29=SERIES_FORWARD_CLUSTER;DEC26=PUT_CALL_PARITY;MAR27=SERIES_FORWARD_CLUSTER;JUN27=PUT_CALL_PARITY;DEC28=PUT_CALL_PARITY;DEC27=PUT_CALL_PARITY;SEP27=SERIES_FORWARD_CLUSTER;JUN29=PUT_CALL_PARITY;DEC30=PUT_CALL_PARITY,OCT26=30756.75;SEP26=30766.75;NOV26=31843.125;DEC29=29950.15;DEC26=20089;MAR27=27605.125;JUN27=24445.125;DEC27=21056.75;SEP27=36064.25,DEC26=GLOBAL_REFERENCE_OUTLIER_PUT_CALL_PARITY;JUN27=GLOBAL_REFERENCE_OUTLIER_SERIES_FORWARD_CLUSTER;DEC28=GLOBAL_REFERENCE_NO_OBSERVATION;DEC27=GLOBAL_REFERENCE_OUTLIER_SERIES_FORWARD_CLUSTER;JUN29=GLOBAL_REFERENCE_NO_OBSERVATION;DEC30=GLOBAL_REFERENCE_NO_OBSERVATION,WEIGHTED_ATM,2026-10-02,5,139,0.0,NONE,5131,4631,0,0,494,NONE,MN1;MN2;MN3;MN4;MN5;QMW;QRW;QTW;QWW,OK,NONE,NONE,2026-09-24
NAS,29910.0,-279278.71973953623,0.029503572031693882,0.0,0.0,0.0,0.0,0.0,0.0,31127.04129267234,30406.45870732766,31487.332585344684,30046.167414655316,DEC26,SEP26,2026-09-25,2026-12-18,30766.75,30793.940034634394,FOUND,DEGRADED,SPOT_MONTH_FALLBACK;ESTIMATED_EXPIRY_ALIAS,2026-08-02.2,PUT_CALL_PARITY,SEP26,OCT26=PUT_CALL_PARITY;SEP26=PUT_CALL_PARITY;NOV26=SERIES_FORWARD_CLUSTER;DEC29=SERIES_FORWARD_CLUSTER;DEC26=PUT_CALL_PARITY;MAR27=SERIES_FORWARD_CLUSTER;JUN27=PUT_CALL_PARITY;DEC28=PUT_CALL_PARITY;DEC27=PUT_CALL_PARITY;SEP27=SERIES_FORWARD_CLUSTER;JUN29=PUT_CALL_PARITY;DEC30=PUT_CALL_PARITY,OCT26=30756.75;SEP26=30766.75;NOV26=31843.125;DEC29=29950.15;DEC26=20089;MAR27=27605.125;JUN27=24445.125;DEC27=21056.75;SEP27=36064.25,DEC26=GLOBAL_REFERENCE_OUTLIER_PUT_CALL_PARITY;JUN27=GLOBAL_REFERENCE_OUTLIER_SERIES_FORWARD_CLUSTER;DEC28=GLOBAL_REFERENCE_NO_OBSERVATION;DEC27=GLOBAL_REFERENCE_OUTLIER_SERIES_FORWARD_CLUSTER;JUN29=GLOBAL_REFERENCE_NO_OBSERVATION;DEC30=GLOBAL_REFERENCE_NO_OBSERVATION,WEIGHTED_ATM,2026-10-02,5,139,0.0,NONE,5131,4631,0,0,494,NONE,MN1;MN2;MN3;MN4;MN5;QMW;QRW;QTW;QWW,OK,NONE,NONE,2026-09-24
NAS,29920.0,-392611.84999961423,0.04147631444230083,0.0,0.0,0.0,0.0,0.0,0.0,31127.04129267234,30406.45870732766,31487.332585344684,30046.167414655316,DEC26,SEP26,2026-09-25,2026-12-18,30766.75,30793.940034634394,FOUND,DEGRADED,SPOT_MONTH_FALLBACK;ESTIMATED_EXPIRY_ALIAS,2026-08-02.2,PUT_CALL_PARITY,SEP26,OCT26=PUT_CALL_PARITY;SEP26=PUT_CALL_PARITY;NOV26=SERIES_FORWARD_CLUSTER;DEC29=SERIES_FORWARD_CLUSTER;DEC26=PUT_CALL_PARITY;MAR27=SERIES_FORWARD_CLUSTER;JUN27=PUT_CALL_PARITY;DEC28=PUT_CALL_PARITY;DEC27=PUT_CALL_PARITY;SEP27=SERIES_FORWARD_CLUSTER;JUN29=PUT_CALL_PARITY;DEC30=PUT_CALL_PARITY,OCT26=30756.75;SEP26=30766.75;NOV26=31843.125;DEC29=29950.15;DEC26=20089;MAR27=27605.125;JUN27=24445.125;DEC27=21056.75;SEP27=36064.25,DEC26=GLOBAL_REFERENCE_OUTLIER_PUT_CALL_PARITY;JUN27=GLOBAL_REFERENCE_OUTLIER_SERIES_FORWARD_CLUSTER;DEC28=GLOBAL_REFERENCE_NO_OBSERVATION;DEC27=GLOBAL_REFERENCE_OUTLIER_SERIES_FORWARD_CLUSTER;JUN29=GLOBAL_REFERENCE_NO_OBSERVATION;DEC30=GLOBAL_REFERENCE_NO_OBSERVATION,WEIGHTED_ATM,2026-10-02,5,139,0.0,NONE,5131,4631,0,0,494,NONE,MN1;MN2;MN3;MN4;MN5;QMW;QRW;QTW;QWW,OK,NONE,NONE,2026-09-24
NAS,29925.0,-2696945.695581457,0.3304838411838659,0.0,0.0,0.0,0.0,0.0,0.0,31127.04129267234,30406.45870732766,31487.332585344684,30046.167414655316,DEC26,SEP26,2026-09-25,2026-12-18,30766.75,30793.940034634394,FOUND,DEGRADED,SPOT_MONTH_FALLBACK;ESTIMATED_EXPIRY_ALIAS,2026-08-02.2,PUT_CALL_PARITY,SEP26,OCT26=PUT_CALL_PARITY;SEP26=PUT_CALL_PARITY;NOV26=SERIES_FORWARD_CLUSTER;DEC29=SERIES_FORWARD_CLUSTER;DEC26=PUT_CALL_PARITY;MAR27=SERIES_FORWARD_CLUSTER;JUN27=PUT_CALL_PARITY;DEC28=PUT_CALL_PARITY;DEC27=PUT_CALL_PARITY;SEP27=SERIES_FORWARD_CLUSTER;JUN29=PUT_CALL_PARITY;DEC30=PUT_CALL_PARITY,OCT26=30756.75;SEP26=30766.75;NOV26=31843.125;DEC29=29950.15;DEC26=20089;MAR27=27605.125;JUN27=24445.125;DEC27=21056.75;SEP27=36064.25,DEC26=GLOBAL_REFERENCE_OUTLIER_PUT_CALL_PARITY;JUN27=GLOBAL_REFERENCE_OUTLIER_SERIES_FORWARD_CLUSTER;DEC28=GLOBAL_REFERENCE_NO_OBSERVATION;DEC27=GLOBAL_REFERENCE_OUTLIER_SERIES_FORWARD_CLUSTER;JUN29=GLOBAL_REFERENCE_NO_OBSERVATION;DEC30=GLOBAL_REFERENCE_NO_OBSERVATION,WEIGHTED_ATM,2026-10-02,5,139,0.0,NONE,5131,4631,0,0,494,NONE,MN1;MN2;MN3;MN4;MN5;QMW;QRW;QTW;QWW,OK,NONE,NONE,2026-09-24
NAS,29930.0,-393479.7552512384,0.04156800171848091,0.0,0.0,0.0,0.0,0.0,0.0,31127.04129267234,30406.45870732766,31487.332585344684,30046.167414655316,DEC26,SEP26,2026-09-25,2026-12-18,30766.75,30793.940034634394,FOUND,DEGRADED,SPOT_MONTH_FALLBACK;ESTIMATED_EXPIRY_ALIAS,2026-08-02.2,PUT_CALL_PARITY,SEP26,OCT26=PUT_CALL_PARITY;SEP26=PUT_CALL_PARITY;NOV26=SERIES_FORWARD_CLUSTER;DEC29=SERIES_FORWARD_CLUSTER;DEC26=PUT_CALL_PARITY;MAR27=SERIES_FORWARD_CLUSTER;JUN27=PUT_CALL_PARITY;DEC28=PUT_CALL_PARITY;DEC27=PUT_CALL_PARITY;SEP27=SERIES_FORWARD_CLUSTER;JUN29=PUT_CALL_PARITY;DEC30=PUT_CALL_PARITY,OCT26=30756.75;SEP26=30766.75;NOV26=31843.125;DEC29=29950.15;DEC26=20089;MAR27=27605.125;JUN27=24445.125;DEC27=21056.75;SEP27=36064.25,DEC26=GLOBAL_REFERENCE_OUTLIER_PUT_CALL_PARITY;JUN27=GLOBAL_REFERENCE_OUTLIER_SERIES_FORWARD_CLUSTER;DEC28=GLOBAL_REFERENCE_NO_OBSERVATION;DEC27=GLOBAL_REFERENCE_OUTLIER_SERIES_FORWARD_CLUSTER;JUN29=GLOBAL_REFERENCE_NO_OBSERVATION;DEC30=GLOBAL_REFERENCE_NO_OBSERVATION,WEIGHTED_ATM,2026-10-02,5,139,0.0,NONE,5131,4631,0,0,494,NONE,MN1;MN2;MN3;MN4;MN5;QMW;QRW;QTW;QWW,OK,NONE,NONE,2026-09-24
NAS,29940.0,-480821.58507922,0.05080184592315706,0.0,0.0,0.0,0.0,0.0,0.0,31127.04129267234,30406.45870732766,31487.332585344684,30046.167414655316,DEC26,SEP26,2026-09-25,2026-12-18,30766.75,30793.940034634394,FOUND,DEGRADED,SPOT_MONTH_FALLBACK;ESTIMATED_EXPIRY_ALIAS,2026-08-02.2,PUT_CALL_PARITY,SEP26,OCT26=PUT_CALL_PARITY;SEP26=PUT_CALL_PARITY;NOV26=SERIES_FORWARD_CLUSTER;DEC29=SERIES_FORWARD_CLUSTER;DEC26=PUT_CALL_PARITY;MAR27=SERIES_FORWARD_CLUSTER;JUN27=PUT_CALL_PARITY;DEC28=PUT_CALL_PARITY;DEC27=PUT_CALL_PARITY;SEP27=SERIES_FORWARD_CLUSTER;JUN29=PUT_CALL_PARITY;DEC30=PUT_CALL_PARITY,OCT26=30756.75;SEP26=30766.75;NOV26=31843.125;DEC29=29950.15;DEC26=20089;MAR27=27605.125;JUN27=24445.125;DEC27=21056.75;SEP27=36064.25,DEC26=GLOBAL_REFERENCE_OUTLIER_PUT_CALL_PARITY;JUN27=GLOBAL_REFERENCE_OUTLIER_SERIES_FORWARD_CLUSTER;DEC28=GLOBAL_REFERENCE_NO_OBSERVATION;DEC27=GLOBAL_REFERENCE_OUTLIER_SERIES_FORWARD_CLUSTER;JUN29=GLOBAL_REFERENCE_NO_OBSERVATION;DEC30=GLOBAL_REFERENCE_NO_OBSERVATION,WEIGHTED_ATM,2026-10-02,5,139,0.0,NONE,5131,4631,0,0,494,NONE,MN1;MN2;MN3;MN4;MN5;QMW;QRW;QTW;QWW,OK,NONE,NONE,2026-09-24
NAS,29950.0,-8169812.553443807,2.1070628217942127,0.0,0.0,0.0,0.0,0.0,0.0,31127.04129267234,30406.45870732766,31487.332585344684,30046.167414655316,DEC26,SEP26,2026-09-25,2026-12-18,30766.75,30793.940034634394,FOUND,DEGRADED,SPOT_MONTH_FALLBACK;ESTIMATED_EXPIRY_ALIAS,2026-08-02.2,PUT_CALL_PARITY,SEP26,OCT26=PUT_CALL_PARITY;SEP26=PUT_CALL_PARITY;NOV26=SERIES_FORWARD_CLUSTER;DEC29=SERIES_FORWARD_CLUSTER;DEC26=PUT_CALL_PARITY;MAR27=SERIES_FORWARD_CLUSTER;JUN27=PUT_CALL_PARITY;DEC28=PUT_CALL_PARITY;DEC27=PUT_CALL_PARITY;SEP27=SERIES_FORWARD_CLUSTER;JUN29=PUT_CALL_PARITY;DEC30=PUT_CALL_PARITY,OCT26=30756.75;SEP26=30766.75;NOV26=31843.125;DEC29=29950.15;DEC26=20089;MAR27=27605.125;JUN27=24445.125;DEC27=21056.75;SEP27=36064.25,DEC26=GLOBAL_REFERENCE_OUTLIER_PUT_CALL_PARITY;JUN27=GLOBAL_REFERENCE_OUTLIER_SERIES_FORWARD_CLUSTER;DEC28=GLOBAL_REFERENCE_NO_OBSERVATION;DEC27=GLOBAL_REFERENCE_OUTLIER_SERIES_FORWARD_CLUSTER;JUN29=GLOBAL_REFERENCE_NO_OBSERVATION;DEC30=GLOBAL_REFERENCE_NO_OBSERVATION,WEIGHTED_ATM,2026-10-02,5,139,0.0,NONE,5131,4631,0,0,494,NONE,MN1;MN2;MN3;MN4;MN5;QMW;QRW;QTW;QWW,OK,NONE,NONE,2026-09-24
NAS,29960.0,-457005.5508817615,0.04827899598615649,0.0,0.0,0.0,0.0,0.0,0.0,31127.04129267234,30406.45870732766,31487.332585344684,30046.167414655316,DEC26,SEP26,2026-09-25,2026-12-18,30766.75,30793.940034634394,FOUND,DEGRADED,SPOT_MONTH_FALLBACK;ESTIMATED_EXPIRY_ALIAS,2026-08-02.2,PUT_CALL_PARITY,SEP26,OCT26=PUT_CALL_PARITY;SEP26=PUT_CALL_PARITY;NOV26=SERIES_FORWARD_CLUSTER;DEC29=SERIES_FORWARD_CLUSTER;DEC26=PUT_CALL_PARITY;MAR27=SERIES_FORWARD_CLUSTER;JUN27=PUT_CALL_PARITY;DEC28=PUT_CALL_PARITY;DEC27=PUT_CALL_PARITY;SEP27=SERIES_FORWARD_CLUSTER;JUN29=PUT_CALL_PARITY;DEC30=PUT_CALL_PARITY,OCT26=30756.75;SEP26=30766.75;NOV26=31843.125;DEC29=29950.15;DEC26=20089;MAR27=27605.125;JUN27=24445.125;DEC27=21056.75;SEP27=36064.25,DEC26=GLOBAL_REFERENCE_OUTLIER_PUT_CALL_PARITY;JUN27=GLOBAL_REFERENCE_OUTLIER_SERIES_FORWARD_CLUSTER;DEC28=GLOBAL_REFERENCE_NO_OBSERVATION;DEC27=GLOBAL_REFERENCE_OUTLIER_SERIES_FORWARD_CLUSTER;JUN29=GLOBAL_REFERENCE_NO_OBSERVATION;DEC30=GLOBAL_REFERENCE_NO_OBSERVATION,WEIGHTED_ATM,2026-10-02,5,139,0.0,NONE,5131,4631,0,0,494,NONE,MN1;MN2;MN3;MN4;MN5;QMW;QRW;QTW;QWW,OK,NONE,NONE,2026-09-24
NAS,29970.0,-1169822.6603140624,0.12360064799507883,0.0,0.0,0.0,0.0,0.0,0.0,31127.04129267234,30406.45870732766,31487.332585344684,30046.167414655316,DEC26,SEP26,2026-09-25,2026-12-18,30766.75,30793.940034634394,FOUND,DEGRADED,SPOT_MONTH_FALLBACK;ESTIMATED_EXPIRY_ALIAS,2026-08-02.2,PUT_CALL_PARITY,SEP26,OCT26=PUT_CALL_PARITY;SEP26=PUT_CALL_PARITY;NOV26=SERIES_FORWARD_CLUSTER;DEC29=SERIES_FORWARD_CLUSTER;DEC26=PUT_CALL_PARITY;MAR27=SERIES_FORWARD_CLUSTER;JUN27=PUT_CALL_PARITY;DEC28=PUT_CALL_PARITY;DEC27=PUT_CALL_PARITY;SEP27=SERIES_FORWARD_CLUSTER;JUN29=PUT_CALL_PARITY;DEC30=PUT_CALL_PARITY,OCT26=30756.75;SEP26=30766.75;NOV26=31843.125;DEC29=29950.15;DEC26=20089;MAR27=27605.125;JUN27=24445.125;DEC27=21056.75;SEP27=36064.25,DEC26=GLOBAL_REFERENCE_OUTLIER_PUT_CALL_PARITY;JUN27=GLOBAL_REFERENCE_OUTLIER_SERIES_FORWARD_CLUSTER;DEC28=GLOBAL_REFERENCE_NO_OBSERVATION;DEC27=GLOBAL_REFERENCE_OUTLIER_SERIES_FORWARD_CLUSTER;JUN29=GLOBAL_REFERENCE_NO_OBSERVATION;DEC30=GLOBAL_REFERENCE_NO_OBSERVATION,WEIGHTED_ATM,2026-10-02,5,139,0.0,NONE,5131,4631,0,0,494,NONE,MN1;MN2;MN3;MN4;MN5;QMW;QRW;QTW;QWW,OK,NONE,NONE,2026-09-24
NAS,29975.0,-2035812.4757016916,0.2151441230193454,0.0,0.0,0.0,0.0,0.0,0.0,31127.04129267234,30406.45870732766,31487.332585344684,30046.167414655316,DEC26,SEP26,2026-09-25,2026-12-18,30766.75,30793.940034634394,FOUND,DEGRADED,SPOT_MONTH_FALLBACK;ESTIMATED_EXPIRY_ALIAS,2026-08-02.2,PUT_CALL_PARITY,SEP26,OCT26=PUT_CALL_PARITY;SEP26=PUT_CALL_PARITY;NOV26=SERIES_FORWARD_CLUSTER;DEC29=SERIES_FORWARD_CLUSTER;DEC26=PUT_CALL_PARITY;MAR27=SERIES_FORWARD_CLUSTER;JUN27=PUT_CALL_PARITY;DEC28=PUT_CALL_PARITY;DEC27=PUT_CALL_PARITY;SEP27=SERIES_FORWARD_CLUSTER;JUN29=PUT_CALL_PARITY;DEC30=PUT_CALL_PARITY,OCT26=30756.75;SEP26=30766.75;NOV26=31843.125;DEC29=29950.15;DEC26=20089;MAR27=27605.125;JUN27=24445.125;DEC27=21056.75;SEP27=36064.25,DEC26=GLOBAL_REFERENCE_OUTLIER_PUT_CALL_PARITY;JUN27=GLOBAL_REFERENCE_OUTLIER_SERIES_FORWARD_CLUSTER;DEC28=GLOBAL_REFERENCE_NO_OBSERVATION;DEC27=GLOBAL_REFERENCE_OUTLIER_SERIES_FORWARD_CLUSTER;JUN29=GLOBAL_REFERENCE_NO_OBSERVATION;DEC30=GLOBAL_REFERENCE_NO_OBSERVATION,WEIGHTED_ATM,2026-10-02,5,139,0.0,NONE,5131,4631,0,0,494,NONE,MN1;MN2;MN3;MN4;MN5;QMW;QRW;QTW;QWW,OK,NONE,NONE,2026-09-24
NAS,29980.0,-1229485.6715162368,0.12992990307994834,0.0,0.0,0.0,0.0,0.0,0.0,31127.04129267234,30406.45870732766,31487.332585344684,30046.167414655316,DEC26,SEP26,2026-09-25,2026-12-18,30766.75,30793.940034634394,FOUND,DEGRADED,SPOT_MONTH_FALLBACK;ESTIMATED_EXPIRY_ALIAS,2026-08-02.2,PUT_CALL_PARITY,SEP26,OCT26=PUT_CALL_PARITY;SEP26=PUT_CALL_PARITY;NOV26=SERIES_FORWARD_CLUSTER;DEC29=SERIES_FORWARD_CLUSTER;DEC26=PUT_CALL_PARITY;MAR27=SERIES_FORWARD_CLUSTER;JUN27=PUT_CALL_PARITY;DEC28=PUT_CALL_PARITY;DEC27=PUT_CALL_PARITY;SEP27=SERIES_FORWARD_CLUSTER;JUN29=PUT_CALL_PARITY;DEC30=PUT_CALL_PARITY,OCT26=30756.75;SEP26=30766.75;NOV26=31843.125;DEC29=29950.15;DEC26=20089;MAR27=27605.125;JUN27=24445.125;DEC27=21056.75;SEP27=36064.25,DEC26=GLOBAL_REFERENCE_OUTLIER_PUT_CALL_PARITY;JUN27=GLOBAL_REFERENCE_OUTLIER_SERIES_FORWARD_CLUSTER;DEC28=GLOBAL_REFERENCE_NO_OBSERVATION;DEC27=GLOBAL_REFERENCE_OUTLIER_SERIES_FORWARD_CLUSTER;JUN29=GLOBAL_REFERENCE_NO_OBSERVATION;DEC30=GLOBAL_REFERENCE_NO_OBSERVATION,WEIGHTED_ATM,2026-10-02,5,139,0.0,NONE,5131,4631,0,0,494,NONE,MN1;MN2;MN3;MN4;MN5;QMW;QRW;QTW;QWW,OK,NONE,NONE,2026-09-24
NAS,29990.0,-956138.8788177539,0.10100845603206599,0.0,0.0,0.0,0.0,0.0,0.0,31127.04129267234,30406.45870732766,31487.332585344684,30046.167414655316,DEC26,SEP26,2026-09-25,2026-12-18,30766.75,30793.940034634394,FOUND,DEGRADED,SPOT_MONTH_FALLBACK;ESTIMATED_EXPIRY_ALIAS,2026-08-02.2,PUT_CALL_PARITY,SEP26,OCT26=PUT_CALL_PARITY;SEP26=PUT_CALL_PARITY;NOV26=SERIES_FORWARD_CLUSTER;DEC29=SERIES_FORWARD_CLUSTER;DEC26=PUT_CALL_PARITY;MAR27=SERIES_FORWARD_CLUSTER;JUN27=PUT_CALL_PARITY;DEC28=PUT_CALL_PARITY;DEC27=PUT_CALL_PARITY;SEP27=SERIES_FORWARD_CLUSTER;JUN29=PUT_CALL_PARITY;DEC30=PUT_CALL_PARITY,OCT26=30756.75;SEP26=30766.75;NOV26=31843.125;DEC29=29950.15;DEC26=20089;MAR27=27605.125;JUN27=24445.125;DEC27=21056.75;SEP27=36064.25,DEC26=GLOBAL_REFERENCE_OUTLIER_PUT_CALL_PARITY;JUN27=GLOBAL_REFERENCE_OUTLIER_SERIES_FORWARD_CLUSTER;DEC28=GLOBAL_REFERENCE_NO_OBSERVATION;DEC27=GLOBAL_REFERENCE_OUTLIER_SERIES_FORWARD_CLUSTER;JUN29=GLOBAL_REFERENCE_NO_OBSERVATION;DEC30=GLOBAL_REFERENCE_NO_OBSERVATION,WEIGHTED_ATM,2026-10-02,5,139,0.0,NONE,5131,4631,0,0,494,NONE,MN1;MN2;MN3;MN4;MN5;QMW;QRW;QTW;QWW,OK,NONE,NONE,2026-09-24
NAS,30000.0,-117406305.5668533,29.960041252581654,0.0,0.0,0.0,0.0,0.0,0.0,31127.04129267234,30406.45870732766,31487.332585344684,30046.167414655316,DEC26,SEP26,2026-09-25,2026-12-18,30766.75,30793.940034634394,FOUND,DEGRADED,SPOT_MONTH_FALLBACK;ESTIMATED_EXPIRY_ALIAS,2026-08-02.2,PUT_CALL_PARITY,SEP26,OCT26=PUT_CALL_PARITY;SEP26=PUT_CALL_PARITY;NOV26=SERIES_FORWARD_CLUSTER;DEC29=SERIES_FORWARD_CLUSTER;DEC26=PUT_CALL_PARITY;MAR27=SERIES_FORWARD_CLUSTER;JUN27=PUT_CALL_PARITY;DEC28=PUT_CALL_PARITY;DEC27=PUT_CALL_PARITY;SEP27=SERIES_FORWARD_CLUSTER;JUN29=PUT_CALL_PARITY;DEC30=PUT_CALL_PARITY,OCT26=30756.75;SEP26=30766.75;NOV26=31843.125;DEC29=29950.15;DEC26=20089;MAR27=27605.125;JUN27=24445.125;DEC27=21056.75;SEP27=36064.25,DEC26=GLOBAL_REFERENCE_OUTLIER_PUT_CALL_PARITY;JUN27=GLOBAL_REFERENCE_OUTLIER_SERIES_FORWARD_CLUSTER;DEC28=GLOBAL_REFERENCE_NO_OBSERVATION;DEC27=GLOBAL_REFERENCE_OUTLIER_SERIES_FORWARD_CLUSTER;JUN29=GLOBAL_REFERENCE_NO_OBSERVATION;DEC30=GLOBAL_REFERENCE_NO_OBSERVATION,WEIGHTED_ATM,2026-10-02,5,139,0.0,NONE,5131,4631,0,0,494,NONE,MN1;MN2;MN3;MN4;MN5;QMW;QRW;QTW;QWW,OK,NONE,NONE,2026-09-24
NAS,30010.0,-583187.3353680611,0.06160909636455705,0.0,0.0,0.0,0.0,0.0,0.0,31127.04129267234,30406.45870732766,31487.332585344684,30046.167414655316,DEC26,SEP26,2026-09-25,2026-12-18,30766.75,30793.940034634394,FOUND,DEGRADED,SPOT_MONTH_FALLBACK;ESTIMATED_EXPIRY_ALIAS,2026-08-02.2,PUT_CALL_PARITY,SEP26,OCT26=PUT_CALL_PARITY;SEP26=PUT_CALL_PARITY;NOV26=SERIES_FORWARD_CLUSTER;DEC29=SERIES_FORWARD_CLUSTER;DEC26=PUT_CALL_PARITY;MAR27=SERIES_FORWARD_CLUSTER;JUN27=PUT_CALL_PARITY;DEC28=PUT_CALL_PARITY;DEC27=PUT_CALL_PARITY;SEP27=SERIES_FORWARD_CLUSTER;JUN29=PUT_CALL_PARITY;DEC30=PUT_CALL_PARITY,OCT26=30756.75;SEP26=30766.75;NOV26=31843.125;DEC29=29950.15;DEC26=20089;MAR27=27605.125;JUN27=24445.125;DEC27=21056.75;SEP27=36064.25,DEC26=GLOBAL_REFERENCE_OUTLIER_PUT_CALL_PARITY;JUN27=GLOBAL_REFERENCE_OUTLIER_SERIES_FORWARD_CLUSTER;DEC28=GLOBAL_REFERENCE_NO_OBSERVATION;DEC27=GLOBAL_REFERENCE_OUTLIER_SERIES_FORWARD_CLUSTER;JUN29=GLOBAL_REFERENCE_NO_OBSERVATION;DEC30=GLOBAL_REFERENCE_NO_OBSERVATION,WEIGHTED_ATM,2026-10-02,5,139,0.0,NONE,5131,4631,0,0,494,NONE,MN1;MN2;MN3;MN4;MN5;QMW;QRW;QTW;QWW,OK,NONE,NONE,2026-09-24
NAS,30020.0,-341625.2697720486,0.03608998839570242,0.0,0.0,0.0,0.0,0.0,0.0,31127.04129267234,30406.45870732766,31487.332585344684,30046.167414655316,DEC26,SEP26,2026-09-25,2026-12-18,30766.75,30793.940034634394,FOUND,DEGRADED,SPOT_MONTH_FALLBACK;ESTIMATED_EXPIRY_ALIAS,2026-08-02.2,PUT_CALL_PARITY,SEP26,OCT26=PUT_CALL_PARITY;SEP26=PUT_CALL_PARITY;NOV26=SERIES_FORWARD_CLUSTER;DEC29=SERIES_FORWARD_CLUSTER;DEC26=PUT_CALL_PARITY;MAR27=SERIES_FORWARD_CLUSTER;JUN27=PUT_CALL_PARITY;DEC28=PUT_CALL_PARITY;DEC27=PUT_CALL_PARITY;SEP27=SERIES_FORWARD_CLUSTER;JUN29=PUT_CALL_PARITY;DEC30=PUT_CALL_PARITY,OCT26=30756.75;SEP26=30766.75;NOV26=31843.125;DEC29=29950.15;DEC26=20089;MAR27=27605.125;JUN27=24445.125;DEC27=21056.75;SEP27=36064.25,DEC26=GLOBAL_REFERENCE_OUTLIER_PUT_CALL_PARITY;JUN27=GLOBAL_REFERENCE_OUTLIER_SERIES_FORWARD_CLUSTER;DEC28=GLOBAL_REFERENCE_NO_OBSERVATION;DEC27=GLOBAL_REFERENCE_OUTLIER_SERIES_FORWARD_CLUSTER;JUN29=GLOBAL_REFERENCE_NO_OBSERVATION;DEC30=GLOBAL_REFERENCE_NO_OBSERVATION,WEIGHTED_ATM,2026-10-02,5,139,0.0,NONE,5131,4631,0,0,494,NONE,MN1;MN2;MN3;MN4;MN5;QMW;QRW;QTW;QWW,OK,NONE,NONE,2026-09-24
NAS,30025.0,-2027071.981823794,0.21424712865650375,0.0,0.0,0.0,0.0,0.0,0.0,31127.04129267234,30406.45870732766,31487.332585344684,30046.167414655316,DEC26,SEP26,2026-09-25,2026-12-18,30766.75,30793.940034634394,FOUND,DEGRADED,SPOT_MONTH_FALLBACK;ESTIMATED_EXPIRY_ALIAS,2026-08-02.2,PUT_CALL_PARITY,SEP26,OCT26=PUT_CALL_PARITY;SEP26=PUT_CALL_PARITY;NOV26=SERIES_FORWARD_CLUSTER;DEC29=SERIES_FORWARD_CLUSTER;DEC26=PUT_CALL_PARITY;MAR27=SERIES_FORWARD_CLUSTER;JUN27=PUT_CALL_PARITY;DEC28=PUT_CALL_PARITY;DEC27=PUT_CALL_PARITY;SEP27=SERIES_FORWARD_CLUSTER;JUN29=PUT_CALL_PARITY;DEC30=PUT_CALL_PARITY,OCT26=30756.75;SEP26=30766.75;NOV26=31843.125;DEC29=29950.15;DEC26=20089;MAR27=27605.125;JUN27=24445.125;DEC27=21056.75;SEP27=36064.25,DEC26=GLOBAL_REFERENCE_OUTLIER_PUT_CALL_PARITY;JUN27=GLOBAL_REFERENCE_OUTLIER_SERIES_FORWARD_CLUSTER;DEC28=GLOBAL_REFERENCE_NO_OBSERVATION;DEC27=GLOBAL_REFERENCE_OUTLIER_SERIES_FORWARD_CLUSTER;JUN29=GLOBAL_REFERENCE_NO_OBSERVATION;DEC30=GLOBAL_REFERENCE_NO_OBSERVATION,WEIGHTED_ATM,2026-10-02,5,139,0.0,NONE,5131,4631,0,0,494,NONE,MN1;MN2;MN3;MN4;MN5;QMW;QRW;QTW;QWW,OK,NONE,NONE,2026-09-24
NAS,30030.0,-629294.2988664329,0.06647992977429756,0.0,0.0,0.0,0.0,0.0,0.0,31127.04129267234,30406.45870732766,31487.332585344684,30046.167414655316,DEC26,SEP26,2026-09-25,2026-12-18,30766.75,30793.940034634394,FOUND,DEGRADED,SPOT_MONTH_FALLBACK;ESTIMATED_EXPIRY_ALIAS,2026-08-02.2,PUT_CALL_PARITY,SEP26,OCT26=PUT_CALL_PARITY;SEP26=PUT_CALL_PARITY;NOV26=SERIES_FORWARD_CLUSTER;DEC29=SERIES_FORWARD_CLUSTER;DEC26=PUT_CALL_PARITY;MAR27=SERIES_FORWARD_CLUSTER;JUN27=PUT_CALL_PARITY;DEC28=PUT_CALL_PARITY;DEC27=PUT_CALL_PARITY;SEP27=SERIES_FORWARD_CLUSTER;JUN29=PUT_CALL_PARITY;DEC30=PUT_CALL_PARITY,OCT26=30756.75;SEP26=30766.75;NOV26=31843.125;DEC29=29950.15;DEC26=20089;MAR27=27605.125;JUN27=24445.125;DEC27=21056.75;SEP27=36064.25,DEC26=GLOBAL_REFERENCE_OUTLIER_PUT_CALL_PARITY;JUN27=GLOBAL_REFERENCE_OUTLIER_SERIES_FORWARD_CLUSTER;DEC28=GLOBAL_REFERENCE_NO_OBSERVATION;DEC27=GLOBAL_REFERENCE_OUTLIER_SERIES_FORWARD_CLUSTER;JUN29=GLOBAL_REFERENCE_NO_OBSERVATION;DEC30=GLOBAL_REFERENCE_NO_OBSERVATION,WEIGHTED_ATM,2026-10-02,5,139,0.0,NONE,5131,4631,0,0,494,NONE,MN1;MN2;MN3;MN4;MN5;QMW;QRW;QTW;QWW,OK,NONE,NONE,2026-09-24
NAS,30040.0,-808415.7007423091,0.08540267901774723,0.0,0.0,0.0,0.0,0.0,0.0,31127.04129267234,30406.45870732766,31487.332585344684,30046.167414655316,DEC26,SEP26,2026-09-25,2026-12-18,30766.75,30793.940034634394,FOUND,DEGRADED,SPOT_MONTH_FALLBACK;ESTIMATED_EXPIRY_ALIAS,2026-08-02.2,PUT_CALL_PARITY,SEP26,OCT26=PUT_CALL_PARITY;SEP26=PUT_CALL_PARITY;NOV26=SERIES_FORWARD_CLUSTER;DEC29=SERIES_FORWARD_CLUSTER;DEC26=PUT_CALL_PARITY;MAR27=SERIES_FORWARD_CLUSTER;JUN27=PUT_CALL_PARITY;DEC28=PUT_CALL_PARITY;DEC27=PUT_CALL_PARITY;SEP27=SERIES_FORWARD_CLUSTER;JUN29=PUT_CALL_PARITY;DEC30=PUT_CALL_PARITY,OCT26=30756.75;SEP26=30766.75;NOV26=31843.125;DEC29=29950.15;DEC26=20089;MAR27=27605.125;JUN27=24445.125;DEC27=21056.75;SEP27=36064.25,DEC26=GLOBAL_REFERENCE_OUTLIER_PUT_CALL_PARITY;JUN27=GLOBAL_REFERENCE_OUTLIER_SERIES_FORWARD_CLUSTER;DEC28=GLOBAL_REFERENCE_NO_OBSERVATION;DEC27=GLOBAL_REFERENCE_OUTLIER_SERIES_FORWARD_CLUSTER;JUN29=GLOBAL_REFERENCE_NO_OBSERVATION;DEC30=GLOBAL_REFERENCE_NO_OBSERVATION,WEIGHTED_ATM,2026-10-02,5,139,0.0,NONE,5131,4631,0,0,494,NONE,MN1;MN2;MN3;MN4;MN5;QMW;QRW;QTW;QWW,OK,NONE,NONE,2026-09-24
NAS,30050.0,-9392244.512108775,2.2606615514362165,0.0,0.0,0.0,0.0,0.0,0.0,31127.04129267234,30406.45870732766,31487.332585344684,30046.167414655316,DEC26,SEP26,2026-09-25,2026-12-18,30766.75,30793.940034634394,FOUND,DEGRADED,SPOT_MONTH_FALLBACK;ESTIMATED_EXPIRY_ALIAS,2026-08-02.2,PUT_CALL_PARITY,SEP26,OCT26=PUT_CALL_PARITY;SEP26=PUT_CALL_PARITY;NOV26=SERIES_FORWARD_CLUSTER;DEC29=SERIES_FORWARD_CLUSTER;DEC26=PUT_CALL_PARITY;MAR27=SERIES_FORWARD_CLUSTER;JUN27=PUT_CALL_PARITY;DEC28=PUT_CALL_PARITY;DEC27=PUT_CALL_PARITY;SEP27=SERIES_FORWARD_CLUSTER;JUN29=PUT_CALL_PARITY;DEC30=PUT_CALL_PARITY,OCT26=30756.75;SEP26=30766.75;NOV26=31843.125;DEC29=29950.15;DEC26=20089;MAR27=27605.125;JUN27=24445.125;DEC27=21056.75;SEP27=36064.25,DEC26=GLOBAL_REFERENCE_OUTLIER_PUT_CALL_PARITY;JUN27=GLOBAL_REFERENCE_OUTLIER_SERIES_FORWARD_CLUSTER;DEC28=GLOBAL_REFERENCE_NO_OBSERVATION;DEC27=GLOBAL_REFERENCE_OUTLIER_SERIES_FORWARD_CLUSTER;JUN29=GLOBAL_REFERENCE_NO_OBSERVATION;DEC30=GLOBAL_REFERENCE_NO_OBSERVATION,WEIGHTED_ATM,2026-10-02,5,139,0.0,NONE,5131,4631,0,0,494,NONE,MN1;MN2;MN3;MN4;MN5;QMW;QRW;QTW;QWW,OK,NONE,NONE,2026-09-24
NAS,30060.0,-1675913.7206007377,0.17704693440575164,0.0,0.0,0.0,0.0,0.0,0.0,31127.04129267234,30406.45870732766,31487.332585344684,30046.167414655316,DEC26,SEP26,2026-09-25,2026-12-18,30766.75,30793.940034634394,FOUND,DEGRADED,SPOT_MONTH_FALLBACK;ESTIMATED_EXPIRY_ALIAS,2026-08-02.2,PUT_CALL_PARITY,SEP26,OCT26=PUT_CALL_PARITY;SEP26=PUT_CALL_PARITY;NOV26=SERIES_FORWARD_CLUSTER;DEC29=SERIES_FORWARD_CLUSTER;DEC26=PUT_CALL_PARITY;MAR27=SERIES_FORWARD_CLUSTER;JUN27=PUT_CALL_PARITY;DEC28=PUT_CALL_PARITY;DEC27=PUT_CALL_PARITY;SEP27=SERIES_FORWARD_CLUSTER;JUN29=PUT_CALL_PARITY;DEC30=PUT_CALL_PARITY,OCT26=30756.75;SEP26=30766.75;NOV26=31843.125;DEC29=29950.15;DEC26=20089;MAR27=27605.125;JUN27=24445.125;DEC27=21056.75;SEP27=36064.25,DEC26=GLOBAL_REFERENCE_OUTLIER_PUT_CALL_PARITY;JUN27=GLOBAL_REFERENCE_OUTLIER_SERIES_FORWARD_CLUSTER;DEC28=GLOBAL_REFERENCE_NO_OBSERVATION;DEC27=GLOBAL_REFERENCE_OUTLIER_SERIES_FORWARD_CLUSTER;JUN29=GLOBAL_REFERENCE_NO_OBSERVATION;DEC30=GLOBAL_REFERENCE_NO_OBSERVATION,WEIGHTED_ATM,2026-10-02,5,139,0.0,NONE,5131,4631,0,0,494,NONE,MN1;MN2;MN3;MN4;MN5;QMW;QRW;QTW;QWW,OK,NONE,NONE,2026-09-24
NAS,30070.0,-1452222.8975802308,0.15341578085431212,0.0,0.0,0.0,0.0,0.0,0.0,31127.04129267234,30406.45870732766,31487.332585344684,30046.167414655316,DEC26,SEP26,2026-09-25,2026-12-18,30766.75,30793.940034634394,FOUND,DEGRADED,SPOT_MONTH_FALLBACK;ESTIMATED_EXPIRY_ALIAS,2026-08-02.2,PUT_CALL_PARITY,SEP26,OCT26=PUT_CALL_PARITY;SEP26=PUT_CALL_PARITY;NOV26=SERIES_FORWARD_CLUSTER;DEC29=SERIES_FORWARD_CLUSTER;DEC26=PUT_CALL_PARITY;MAR27=SERIES_FORWARD_CLUSTER;JUN27=PUT_CALL_PARITY;DEC28=PUT_CALL_PARITY;DEC27=PUT_CALL_PARITY;SEP27=SERIES_FORWARD_CLUSTER;JUN29=PUT_CALL_PARITY;DEC30=PUT_CALL_PARITY,OCT26=30756.75;SEP26=30766.75;NOV26=31843.125;DEC29=29950.15;DEC26=20089;MAR27=27605.125;JUN27=24445.125;DEC27=21056.75;SEP27=36064.25,DEC26=GLOBAL_REFERENCE_OUTLIER_PUT_CALL_PARITY;JUN27=GLOBAL_REFERENCE_OUTLIER_SERIES_FORWARD_CLUSTER;DEC28=GLOBAL_REFERENCE_NO_OBSERVATION;DEC27=GLOBAL_REFERENCE_OUTLIER_SERIES_FORWARD_CLUSTER;JUN29=GLOBAL_REFERENCE_NO_OBSERVATION;DEC30=GLOBAL_REFERENCE_NO_OBSERVATION,WEIGHTED_ATM,2026-10-02,5,139,0.0,NONE,5131,4631,0,0,494,NONE,MN1;MN2;MN3;MN4;MN5;QMW;QRW;QTW;QWW,OK,NONE,NONE,2026-09-24
NAS,30075.0,-4267508.879016955,0.5015389577989862,0.0,0.0,0.0,0.0,0.0,0.0,31127.04129267234,30406.45870732766,31487.332585344684,30046.167414655316,DEC26,SEP26,2026-09-25,2026-12-18,30766.75,30793.940034634394,FOUND,DEGRADED,SPOT_MONTH_FALLBACK;ESTIMATED_EXPIRY_ALIAS,2026-08-02.2,PUT_CALL_PARITY,SEP26,OCT26=PUT_CALL_PARITY;SEP26=PUT_CALL_PARITY;NOV26=SERIES_FORWARD_CLUSTER;DEC29=SERIES_FORWARD_CLUSTER;DEC26=PUT_CALL_PARITY;MAR27=SERIES_FORWARD_CLUSTER;JUN27=PUT_CALL_PARITY;DEC28=PUT_CALL_PARITY;DEC27=PUT_CALL_PARITY;SEP27=SERIES_FORWARD_CLUSTER;JUN29=PUT_CALL_PARITY;DEC30=PUT_CALL_PARITY,OCT26=30756.75;SEP26=30766.75;NOV26=31843.125;DEC29=29950.15;DEC26=20089;MAR27=27605.125;JUN27=24445.125;DEC27=21056.75;SEP27=36064.25,DEC26=GLOBAL_REFERENCE_OUTLIER_PUT_CALL_PARITY;JUN27=GLOBAL_REFERENCE_OUTLIER_SERIES_FORWARD_CLUSTER;DEC28=GLOBAL_REFERENCE_NO_OBSERVATION;DEC27=GLOBAL_REFERENCE_OUTLIER_SERIES_FORWARD_CLUSTER;JUN29=GLOBAL_REFERENCE_NO_OBSERVATION;DEC30=GLOBAL_REFERENCE_NO_OBSERVATION,WEIGHTED_ATM,2026-10-02,5,139,0.0,NONE,5131,4631,0,0,494,NONE,MN1;MN2;MN3;MN4;MN5;QMW;QRW;QTW;QWW,OK,NONE,NONE,2026-09-24
NAS,30080.0,-490737.0342267561,0.05184693579838134,0.0,0.0,0.0,0.0,0.0,0.0,31127.04129267234,30406.45870732766,31487.332585344684,30046.167414655316,DEC26,SEP26,2026-09-25,2026-12-18,30766.75,30793.940034634394,FOUND,DEGRADED,SPOT_MONTH_FALLBACK;ESTIMATED_EXPIRY_ALIAS,2026-08-02.2,PUT_CALL_PARITY,SEP26,OCT26=PUT_CALL_PARITY;SEP26=PUT_CALL_PARITY;NOV26=SERIES_FORWARD_CLUSTER;DEC29=SERIES_FORWARD_CLUSTER;DEC26=PUT_CALL_PARITY;MAR27=SERIES_FORWARD_CLUSTER;JUN27=PUT_CALL_PARITY;DEC28=PUT_CALL_PARITY;DEC27=PUT_CALL_PARITY;SEP27=SERIES_FORWARD_CLUSTER;JUN29=PUT_CALL_PARITY;DEC30=PUT_CALL_PARITY,OCT26=30756.75;SEP26=30766.75;NOV26=31843.125;DEC29=29950.15;DEC26=20089;MAR27=27605.125;JUN27=24445.125;DEC27=21056.75;SEP27=36064.25,DEC26=GLOBAL_REFERENCE_OUTLIER_PUT_CALL_PARITY;JUN27=GLOBAL_REFERENCE_OUTLIER_SERIES_FORWARD_CLUSTER;DEC28=GLOBAL_REFERENCE_NO_OBSERVATION;DEC27=GLOBAL_REFERENCE_OUTLIER_SERIES_FORWARD_CLUSTER;JUN29=GLOBAL_REFERENCE_NO_OBSERVATION;DEC30=GLOBAL_REFERENCE_NO_OBSERVATION,WEIGHTED_ATM,2026-10-02,5,139,0.0,NONE,5131,4631,0,0,494,NONE,MN1;MN2;MN3;MN4;MN5;QMW;QRW;QTW;QWW,OK,NONE,NONE,2026-09-24
NAS,30090.0,-650783.7775183145,0.06875012201064354,0.0,0.0,0.0,0.0,0.0,0.0,31127.04129267234,30406.45870732766,31487.332585344684,30046.167414655316,DEC26,SEP26,2026-09-25,2026-12-18,30766.75,30793.940034634394,FOUND,DEGRADED,SPOT_MONTH_FALLBACK;ESTIMATED_EXPIRY_ALIAS,2026-08-02.2,PUT_CALL_PARITY,SEP26,OCT26=PUT_CALL_PARITY;SEP26=PUT_CALL_PARITY;NOV26=SERIES_FORWARD_CLUSTER;DEC29=SERIES_FORWARD_CLUSTER;DEC26=PUT_CALL_PARITY;MAR27=SERIES_FORWARD_CLUSTER;JUN27=PUT_CALL_PARITY;DEC28=PUT_CALL_PARITY;DEC27=PUT_CALL_PARITY;SEP27=SERIES_FORWARD_CLUSTER;JUN29=PUT_CALL_PARITY;DEC30=PUT_CALL_PARITY,OCT26=30756.75;SEP26=30766.75;NOV26=31843.125;DEC29=29950.15;DEC26=20089;MAR27=27605.125;JUN27=24445.125;DEC27=21056.75;SEP27=36064.25,DEC26=GLOBAL_REFERENCE_OUTLIER_PUT_CALL_PARITY;JUN27=GLOBAL_REFERENCE_OUTLIER_SERIES_FORWARD_CLUSTER;DEC28=GLOBAL_REFERENCE_NO_OBSERVATION;DEC27=GLOBAL_REFERENCE_OUTLIER_SERIES_FORWARD_CLUSTER;JUN29=GLOBAL_REFERENCE_NO_OBSERVATION;DEC30=GLOBAL_REFERENCE_NO_OBSERVATION,WEIGHTED_ATM,2026-10-02,5,139,0.0,NONE,5131,4631,0,0,494,NONE,MN1;MN2;MN3;MN4;MN5;QMW;QRW;QTW;QWW,OK,NONE,NONE,2026-09-24
NAS,30100.0,18792193.13028077,5.608190308844488,0.0,0.0,0.0,0.0,0.0,0.0,31127.04129267234,30406.45870732766,31487.332585344684,30046.167414655316,DEC26,SEP26,2026-09-25,2026-12-18,30766.75,30793.940034634394,FOUND,DEGRADED,SPOT_MONTH_FALLBACK;ESTIMATED_EXPIRY_ALIAS,2026-08-02.2,PUT_CALL_PARITY,SEP26,OCT26=PUT_CALL_PARITY;SEP26=PUT_CALL_PARITY;NOV26=SERIES_FORWARD_CLUSTER;DEC29=SERIES_FORWARD_CLUSTER;DEC26=PUT_CALL_PARITY;MAR27=SERIES_FORWARD_CLUSTER;JUN27=PUT_CALL_PARITY;DEC28=PUT_CALL_PARITY;DEC27=PUT_CALL_PARITY;SEP27=SERIES_FORWARD_CLUSTER;JUN29=PUT_CALL_PARITY;DEC30=PUT_CALL_PARITY,OCT26=30756.75;SEP26=30766.75;NOV26=31843.125;DEC29=29950.15;DEC26=20089;MAR27=27605.125;JUN27=24445.125;DEC27=21056.75;SEP27=36064.25,DEC26=GLOBAL_REFERENCE_OUTLIER_PUT_CALL_PARITY;JUN27=GLOBAL_REFERENCE_OUTLIER_SERIES_FORWARD_CLUSTER;DEC28=GLOBAL_REFERENCE_NO_OBSERVATION;DEC27=GLOBAL_REFERENCE_OUTLIER_SERIES_FORWARD_CLUSTER;JUN29=GLOBAL_REFERENCE_NO_OBSERVATION;DEC30=GLOBAL_REFERENCE_NO_OBSERVATION,WEIGHTED_ATM,2026-10-02,5,139,0.0,NONE,5131,4631,0,0,494,NONE,MN1;MN2;MN3;MN4;MN5;QMW;QRW;QTW;QWW,OK,NONE,NONE,2026-09-24
NAS,30110.0,-1025290.7804447738,0.12168384600016724,0.0,0.0,0.0,0.0,0.0,0.0,31127.04129267234,30406.45870732766,31487.332585344684,30046.167414655316,DEC26,SEP26,2026-09-25,2026-12-18,30766.75,30793.940034634394,FOUND,DEGRADED,SPOT_MONTH_FALLBACK;ESTIMATED_EXPIRY_ALIAS,2026-08-02.2,PUT_CALL_PARITY,SEP26,OCT26=PUT_CALL_PARITY;SEP26=PUT_CALL_PARITY;NOV26=SERIES_FORWARD_CLUSTER;DEC29=SERIES_FORWARD_CLUSTER;DEC26=PUT_CALL_PARITY;MAR27=SERIES_FORWARD_CLUSTER;JUN27=PUT_CALL_PARITY;DEC28=PUT_CALL_PARITY;DEC27=PUT_CALL_PARITY;SEP27=SERIES_FORWARD_CLUSTER;JUN29=PUT_CALL_PARITY;DEC30=PUT_CALL_PARITY,OCT26=30756.75;SEP26=30766.75;NOV26=31843.125;DEC29=29950.15;DEC26=20089;MAR27=27605.125;JUN27=24445.125;DEC27=21056.75;SEP27=36064.25,DEC26=GLOBAL_REFERENCE_OUTLIER_PUT_CALL_PARITY;JUN27=GLOBAL_REFERENCE_OUTLIER_SERIES_FORWARD_CLUSTER;DEC28=GLOBAL_REFERENCE_NO_OBSERVATION;DEC27=GLOBAL_REFERENCE_OUTLIER_SERIES_FORWARD_CLUSTER;JUN29=GLOBAL_REFERENCE_NO_OBSERVATION;DEC30=GLOBAL_REFERENCE_NO_OBSERVATION,WEIGHTED_ATM,2026-10-02,5,139,0.0,NONE,5131,4631,0,0,494,NONE,MN1;MN2;MN3;MN4;MN5;QMW;QRW;QTW;QWW,OK,NONE,NONE,2026-09-24
NAS,30120.0,-1094064.6747031768,0.11557921766306115,0.0,0.0,0.0,0.0,0.0,0.0,31127.04129267234,30406.45870732766,31487.332585344684,30046.167414655316,DEC26,SEP26,2026-09-25,2026-12-18,30766.75,30793.940034634394,FOUND,DEGRADED,SPOT_MONTH_FALLBACK;ESTIMATED_EXPIRY_ALIAS,2026-08-02.2,PUT_CALL_PARITY,SEP26,OCT26=PUT_CALL_PARITY;SEP26=PUT_CALL_PARITY;NOV26=SERIES_FORWARD_CLUSTER;DEC29=SERIES_FORWARD_CLUSTER;DEC26=PUT_CALL_PARITY;MAR27=SERIES_FORWARD_CLUSTER;JUN27=PUT_CALL_PARITY;DEC28=PUT_CALL_PARITY;DEC27=PUT_CALL_PARITY;SEP27=SERIES_FORWARD_CLUSTER;JUN29=PUT_CALL_PARITY;DEC30=PUT_CALL_PARITY,OCT26=30756.75;SEP26=30766.75;NOV26=31843.125;DEC29=29950.15;DEC26=20089;MAR27=27605.125;JUN27=24445.125;DEC27=21056.75;SEP27=36064.25,DEC26=GLOBAL_REFERENCE_OUTLIER_PUT_CALL_PARITY;JUN27=GLOBAL_REFERENCE_OUTLIER_SERIES_FORWARD_CLUSTER;DEC28=GLOBAL_REFERENCE_NO_OBSERVATION;DEC27=GLOBAL_REFERENCE_OUTLIER_SERIES_FORWARD_CLUSTER;JUN29=GLOBAL_REFERENCE_NO_OBSERVATION;DEC30=GLOBAL_REFERENCE_NO_OBSERVATION,WEIGHTED_ATM,2026-10-02,5,139,0.0,NONE,5131,4631,0,0,494,NONE,MN1;MN2;MN3;MN4;MN5;QMW;QRW;QTW;QWW,OK,NONE,NONE,2026-09-24
NAS,30125.0,-3482314.454648605,0.38184534681811433,0.0,0.0,0.0,0.0,0.0,0.0,31127.04129267234,30406.45870732766,31487.332585344684,30046.167414655316,DEC26,SEP26,2026-09-25,2026-12-18,30766.75,30793.940034634394,FOUND,DEGRADED,SPOT_MONTH_FALLBACK;ESTIMATED_EXPIRY_ALIAS,2026-08-02.2,PUT_CALL_PARITY,SEP26,OCT26=PUT_CALL_PARITY;SEP26=PUT_CALL_PARITY;NOV26=SERIES_FORWARD_CLUSTER;DEC29=SERIES_FORWARD_CLUSTER;DEC26=PUT_CALL_PARITY;MAR27=SERIES_FORWARD_CLUSTER;JUN27=PUT_CALL_PARITY;DEC28=PUT_CALL_PARITY;DEC27=PUT_CALL_PARITY;SEP27=SERIES_FORWARD_CLUSTER;JUN29=PUT_CALL_PARITY;DEC30=PUT_CALL_PARITY,OCT26=30756.75;SEP26=30766.75;NOV26=31843.125;DEC29=29950.15;DEC26=20089;MAR27=27605.125;JUN27=24445.125;DEC27=21056.75;SEP27=36064.25,DEC26=GLOBAL_REFERENCE_OUTLIER_PUT_CALL_PARITY;JUN27=GLOBAL_REFERENCE_OUTLIER_SERIES_FORWARD_CLUSTER;DEC28=GLOBAL_REFERENCE_NO_OBSERVATION;DEC27=GLOBAL_REFERENCE_OUTLIER_SERIES_FORWARD_CLUSTER;JUN29=GLOBAL_REFERENCE_NO_OBSERVATION;DEC30=GLOBAL_REFERENCE_NO_OBSERVATION,WEIGHTED_ATM,2026-10-02,5,139,0.0,NONE,5131,4631,0,0,494,NONE,MN1;MN2;MN3;MN4;MN5;QMW;QRW;QTW;QWW,OK,NONE,NONE,2026-09-24
NAS,30130.0,-2105025.729789077,0.22237919990940497,0.0,0.0,0.0,0.0,0.0,0.0,31127.04129267234,30406.45870732766,31487.332585344684,30046.167414655316,DEC26,SEP26,2026-09-25,2026-12-18,30766.75,30793.940034634394,FOUND,DEGRADED,SPOT_MONTH_FALLBACK;ESTIMATED_EXPIRY_ALIAS,2026-08-02.2,PUT_CALL_PARITY,SEP26,OCT26=PUT_CALL_PARITY;SEP26=PUT_CALL_PARITY;NOV26=SERIES_FORWARD_CLUSTER;DEC29=SERIES_FORWARD_CLUSTER;DEC26=PUT_CALL_PARITY;MAR27=SERIES_FORWARD_CLUSTER;JUN27=PUT_CALL_PARITY;DEC28=PUT_CALL_PARITY;DEC27=PUT_CALL_PARITY;SEP27=SERIES_FORWARD_CLUSTER;JUN29=PUT_CALL_PARITY;DEC30=PUT_CALL_PARITY,OCT26=30756.75;SEP26=30766.75;NOV26=31843.125;DEC29=29950.15;DEC26=20089;MAR27=27605.125;JUN27=24445.125;DEC27=21056.75;SEP27=36064.25,DEC26=GLOBAL_REFERENCE_OUTLIER_PUT_CALL_PARITY;JUN27=GLOBAL_REFERENCE_OUTLIER_SERIES_FORWARD_CLUSTER;DEC28=GLOBAL_REFERENCE_NO_OBSERVATION;DEC27=GLOBAL_REFERENCE_OUTLIER_SERIES_FORWARD_CLUSTER;JUN29=GLOBAL_REFERENCE_NO_OBSERVATION;DEC30=GLOBAL_REFERENCE_NO_OBSERVATION,WEIGHTED_ATM,2026-10-02,5,139,0.0,NONE,5131,4631,0,0,494,NONE,MN1;MN2;MN3;MN4;MN5;QMW;QRW;QTW;QWW,OK,NONE,NONE,2026-09-24
NAS,30140.0,-741228.3224006282,0.07830486770447148,0.0,0.0,0.0,0.0,0.0,0.0,31127.04129267234,30406.45870732766,31487.332585344684,30046.167414655316,DEC26,SEP26,2026-09-25,2026-12-18,30766.75,30793.940034634394,FOUND,DEGRADED,SPOT_MONTH_FALLBACK;ESTIMATED_EXPIRY_ALIAS,2026-08-02.2,PUT_CALL_PARITY,SEP26,OCT26=PUT_CALL_PARITY;SEP26=PUT_CALL_PARITY;NOV26=SERIES_FORWARD_CLUSTER;DEC29=SERIES_FORWARD_CLUSTER;DEC26=PUT_CALL_PARITY;MAR27=SERIES_FORWARD_CLUSTER;JUN27=PUT_CALL_PARITY;DEC28=PUT_CALL_PARITY;DEC27=PUT_CALL_PARITY;SEP27=SERIES_FORWARD_CLUSTER;JUN29=PUT_CALL_PARITY;DEC30=PUT_CALL_PARITY,OCT26=30756.75;SEP26=30766.75;NOV26=31843.125;DEC29=29950.15;DEC26=20089;MAR27=27605.125;JUN27=24445.125;DEC27=21056.75;SEP27=36064.25,DEC26=GLOBAL_REFERENCE_OUTLIER_PUT_CALL_PARITY;JUN27=GLOBAL_REFERENCE_OUTLIER_SERIES_FORWARD_CLUSTER;DEC28=GLOBAL_REFERENCE_NO_OBSERVATION;DEC27=GLOBAL_REFERENCE_OUTLIER_SERIES_FORWARD_CLUSTER;JUN29=GLOBAL_REFERENCE_NO_OBSERVATION;DEC30=GLOBAL_REFERENCE_NO_OBSERVATION,WEIGHTED_ATM,2026-10-02,5,139,0.0,NONE,5131,4631,0,0,494,NONE,MN1;MN2;MN3;MN4;MN5;QMW;QRW;QTW;QWW,OK,NONE,NONE,2026-09-24
NAS,30150.0,-6154957.434856333,2.020338962165581,0.0,0.0,0.0,0.0,0.0,0.0,31127.04129267234,30406.45870732766,31487.332585344684,30046.167414655316,DEC26,SEP26,2026-09-25,2026-12-18,30766.75,30793.940034634394,FOUND,DEGRADED,SPOT_MONTH_FALLBACK;ESTIMATED_EXPIRY_ALIAS,2026-08-02.2,PUT_CALL_PARITY,SEP26,OCT26=PUT_CALL_PARITY;SEP26=PUT_CALL_PARITY;NOV26=SERIES_FORWARD_CLUSTER;DEC29=SERIES_FORWARD_CLUSTER;DEC26=PUT_CALL_PARITY;MAR27=SERIES_FORWARD_CLUSTER;JUN27=PUT_CALL_PARITY;DEC28=PUT_CALL_PARITY;DEC27=PUT_CALL_PARITY;SEP27=SERIES_FORWARD_CLUSTER;JUN29=PUT_CALL_PARITY;DEC30=PUT_CALL_PARITY,OCT26=30756.75;SEP26=30766.75;NOV26=31843.125;DEC29=29950.15;DEC26=20089;MAR27=27605.125;JUN27=24445.125;DEC27=21056.75;SEP27=36064.25,DEC26=GLOBAL_REFERENCE_OUTLIER_PUT_CALL_PARITY;JUN27=GLOBAL_REFERENCE_OUTLIER_SERIES_FORWARD_CLUSTER;DEC28=GLOBAL_REFERENCE_NO_OBSERVATION;DEC27=GLOBAL_REFERENCE_OUTLIER_SERIES_FORWARD_CLUSTER;JUN29=GLOBAL_REFERENCE_NO_OBSERVATION;DEC30=GLOBAL_REFERENCE_NO_OBSERVATION,WEIGHTED_ATM,2026-10-02,5,139,0.0,NONE,5131,4631,0,0,494,NONE,MN1;MN2;MN3;MN4;MN5;QMW;QRW;QTW;QWW,OK,NONE,NONE,2026-09-24
NAS,30160.0,-1332213.9686537595,0.1407377934934035,0.0,0.0,0.0,0.0,0.0,0.0,31127.04129267234,30406.45870732766,31487.332585344684,30046.167414655316,DEC26,SEP26,2026-09-25,2026-12-18,30766.75,30793.940034634394,FOUND,DEGRADED,SPOT_MONTH_FALLBACK;ESTIMATED_EXPIRY_ALIAS,2026-08-02.2,PUT_CALL_PARITY,SEP26,OCT26=PUT_CALL_PARITY;SEP26=PUT_CALL_PARITY;NOV26=SERIES_FORWARD_CLUSTER;DEC29=SERIES_FORWARD_CLUSTER;DEC26=PUT_CALL_PARITY;MAR27=SERIES_FORWARD_CLUSTER;JUN27=PUT_CALL_PARITY;DEC28=PUT_CALL_PARITY;DEC27=PUT_CALL_PARITY;SEP27=SERIES_FORWARD_CLUSTER;JUN29=PUT_CALL_PARITY;DEC30=PUT_CALL_PARITY,OCT26=30756.75;SEP26=30766.75;NOV26=31843.125;DEC29=29950.15;DEC26=20089;MAR27=27605.125;JUN27=24445.125;DEC27=21056.75;SEP27=36064.25,DEC26=GLOBAL_REFERENCE_OUTLIER_PUT_CALL_PARITY;JUN27=GLOBAL_REFERENCE_OUTLIER_SERIES_FORWARD_CLUSTER;DEC28=GLOBAL_REFERENCE_NO_OBSERVATION;DEC27=GLOBAL_REFERENCE_OUTLIER_SERIES_FORWARD_CLUSTER;JUN29=GLOBAL_REFERENCE_NO_OBSERVATION;DEC30=GLOBAL_REFERENCE_NO_OBSERVATION,WEIGHTED_ATM,2026-10-02,5,139,0.0,NONE,5131,4631,0,0,494,NONE,MN1;MN2;MN3;MN4;MN5;QMW;QRW;QTW;QWW,OK,NONE,NONE,2026-09-24
NAS,30170.0,-1705159.4850443392,0.1801365164501282,0.0,0.0,0.0,0.0,0.0,0.0,31127.04129267234,30406.45870732766,31487.332585344684,30046.167414655316,DEC26,SEP26,2026-09-25,2026-12-18,30766.75,30793.940034634394,FOUND,DEGRADED,SPOT_MONTH_FALLBACK;ESTIMATED_EXPIRY_ALIAS,2026-08-02.2,PUT_CALL_PARITY,SEP26,OCT26=PUT_CALL_PARITY;SEP26=PUT_CALL_PARITY;NOV26=SERIES_FORWARD_CLUSTER;DEC29=SERIES_FORWARD_CLUSTER;DEC26=PUT_CALL_PARITY;MAR27=SERIES_FORWARD_CLUSTER;JUN27=PUT_CALL_PARITY;DEC28=PUT_CALL_PARITY;DEC27=PUT_CALL_PARITY;SEP27=SERIES_FORWARD_CLUSTER;JUN29=PUT_CALL_PARITY;DEC30=PUT_CALL_PARITY,OCT26=30756.75;SEP26=30766.75;NOV26=31843.125;DEC29=29950.15;DEC26=20089;MAR27=27605.125;JUN27=24445.125;DEC27=21056.75;SEP27=36064.25,DEC26=GLOBAL_REFERENCE_OUTLIER_PUT_CALL_PARITY;JUN27=GLOBAL_REFERENCE_OUTLIER_SERIES_FORWARD_CLUSTER;DEC28=GLOBAL_REFERENCE_NO_OBSERVATION;DEC27=GLOBAL_REFERENCE_OUTLIER_SERIES_FORWARD_CLUSTER;JUN29=GLOBAL_REFERENCE_NO_OBSERVATION;DEC30=GLOBAL_REFERENCE_NO_OBSERVATION,WEIGHTED_ATM,2026-10-02,5,139,0.0,NONE,5131,4631,0,0,494,NONE,MN1;MN2;MN3;MN4;MN5;QMW;QRW;QTW;QWW,OK,NONE,NONE,2026-09-24
NAS,30175.0,-4133149.428483678,0.4368390400000348,0.0,0.0,0.0,0.0,0.0,0.0,31127.04129267234,30406.45870732766,31487.332585344684,30046.167414655316,DEC26,SEP26,2026-09-25,2026-12-18,30766.75,30793.940034634394,FOUND,DEGRADED,SPOT_MONTH_FALLBACK;ESTIMATED_EXPIRY_ALIAS,2026-08-02.2,PUT_CALL_PARITY,SEP26,OCT26=PUT_CALL_PARITY;SEP26=PUT_CALL_PARITY;NOV26=SERIES_FORWARD_CLUSTER;DEC29=SERIES_FORWARD_CLUSTER;DEC26=PUT_CALL_PARITY;MAR27=SERIES_FORWARD_CLUSTER;JUN27=PUT_CALL_PARITY;DEC28=PUT_CALL_PARITY;DEC27=PUT_CALL_PARITY;SEP27=SERIES_FORWARD_CLUSTER;JUN29=PUT_CALL_PARITY;DEC30=PUT_CALL_PARITY,OCT26=30756.75;SEP26=30766.75;NOV26=31843.125;DEC29=29950.15;DEC26=20089;MAR27=27605.125;JUN27=24445.125;DEC27=21056.75;SEP27=36064.25,DEC26=GLOBAL_REFERENCE_OUTLIER_PUT_CALL_PARITY;JUN27=GLOBAL_REFERENCE_OUTLIER_SERIES_FORWARD_CLUSTER;DEC28=GLOBAL_REFERENCE_NO_OBSERVATION;DEC27=GLOBAL_REFERENCE_OUTLIER_SERIES_FORWARD_CLUSTER;JUN29=GLOBAL_REFERENCE_NO_OBSERVATION;DEC30=GLOBAL_REFERENCE_NO_OBSERVATION,WEIGHTED_ATM,2026-10-02,5,139,0.0,NONE,5131,4631,0,0,494,NONE,MN1;MN2;MN3;MN4;MN5;QMW;QRW;QTW;QWW,OK,NONE,NONE,2026-09-24
NAS,30180.0,-775024.2577057204,0.09759382886668311,0.0,0.0,0.0,0.0,0.0,0.0,31127.04129267234,30406.45870732766,31487.332585344684,30046.167414655316,DEC26,SEP26,2026-09-25,2026-12-18,30766.75,30793.940034634394,FOUND,DEGRADED,SPOT_MONTH_FALLBACK;ESTIMATED_EXPIRY_ALIAS,2026-08-02.2,PUT_CALL_PARITY,SEP26,OCT26=PUT_CALL_PARITY;SEP26=PUT_CALL_PARITY;NOV26=SERIES_FORWARD_CLUSTER;DEC29=SERIES_FORWARD_CLUSTER;DEC26=PUT_CALL_PARITY;MAR27=SERIES_FORWARD_CLUSTER;JUN27=PUT_CALL_PARITY;DEC28=PUT_CALL_PARITY;DEC27=PUT_CALL_PARITY;SEP27=SERIES_FORWARD_CLUSTER;JUN29=PUT_CALL_PARITY;DEC30=PUT_CALL_PARITY,OCT26=30756.75;SEP26=30766.75;NOV26=31843.125;DEC29=29950.15;DEC26=20089;MAR27=27605.125;JUN27=24445.125;DEC27=21056.75;SEP27=36064.25,DEC26=GLOBAL_REFERENCE_OUTLIER_PUT_CALL_PARITY;JUN27=GLOBAL_REFERENCE_OUTLIER_SERIES_FORWARD_CLUSTER;DEC28=GLOBAL_REFERENCE_NO_OBSERVATION;DEC27=GLOBAL_REFERENCE_OUTLIER_SERIES_FORWARD_CLUSTER;JUN29=GLOBAL_REFERENCE_NO_OBSERVATION;DEC30=GLOBAL_REFERENCE_NO_OBSERVATION,WEIGHTED_ATM,2026-10-02,5,139,0.0,NONE,5131,4631,0,0,494,NONE,MN1;MN2;MN3;MN4;MN5;QMW;QRW;QTW;QWW,OK,NONE,NONE,2026-09-24
NAS,30190.0,-2471435.9380229013,0.26110384707013645,0.0,0.0,0.0,0.0,0.0,0.0,31127.04129267234,30406.45870732766,31487.332585344684,30046.167414655316,DEC26,SEP26,2026-09-25,2026-12-18,30766.75,30793.940034634394,FOUND,DEGRADED,SPOT_MONTH_FALLBACK;ESTIMATED_EXPIRY_ALIAS,2026-08-02.2,PUT_CALL_PARITY,SEP26,OCT26=PUT_CALL_PARITY;SEP26=PUT_CALL_PARITY;NOV26=SERIES_FORWARD_CLUSTER;DEC29=SERIES_FORWARD_CLUSTER;DEC26=PUT_CALL_PARITY;MAR27=SERIES_FORWARD_CLUSTER;JUN27=PUT_CALL_PARITY;DEC28=PUT_CALL_PARITY;DEC27=PUT_CALL_PARITY;SEP27=SERIES_FORWARD_CLUSTER;JUN29=PUT_CALL_PARITY;DEC30=PUT_CALL_PARITY,OCT26=30756.75;SEP26=30766.75;NOV26=31843.125;DEC29=29950.15;DEC26=20089;MAR27=27605.125;JUN27=24445.125;DEC27=21056.75;SEP27=36064.25,DEC26=GLOBAL_REFERENCE_OUTLIER_PUT_CALL_PARITY;JUN27=GLOBAL_REFERENCE_OUTLIER_SERIES_FORWARD_CLUSTER;DEC28=GLOBAL_REFERENCE_NO_OBSERVATION;DEC27=GLOBAL_REFERENCE_OUTLIER_SERIES_FORWARD_CLUSTER;JUN29=GLOBAL_REFERENCE_NO_OBSERVATION;DEC30=GLOBAL_REFERENCE_NO_OBSERVATION,WEIGHTED_ATM,2026-10-02,5,139,0.0,NONE,5131,4631,0,0,494,NONE,MN1;MN2;MN3;MN4;MN5;QMW;QRW;QTW;QWW,OK,NONE,NONE,2026-09-24
NAS,30200.0,-7843920.556022599,7.2205837630054726,0.0,0.0,0.0,0.0,0.0,0.0,31127.04129267234,30406.45870732766,31487.332585344684,30046.167414655316,DEC26,SEP26,2026-09-25,2026-12-18,30766.75,30793.940034634394,FOUND,DEGRADED,SPOT_MONTH_FALLBACK;ESTIMATED_EXPIRY_ALIAS,2026-08-02.2,PUT_CALL_PARITY,SEP26,OCT26=PUT_CALL_PARITY;SEP26=PUT_CALL_PARITY;NOV26=SERIES_FORWARD_CLUSTER;DEC29=SERIES_FORWARD_CLUSTER;DEC26=PUT_CALL_PARITY;MAR27=SERIES_FORWARD_CLUSTER;JUN27=PUT_CALL_PARITY;DEC28=PUT_CALL_PARITY;DEC27=PUT_CALL_PARITY;SEP27=SERIES_FORWARD_CLUSTER;JUN29=PUT_CALL_PARITY;DEC30=PUT_CALL_PARITY,OCT26=30756.75;SEP26=30766.75;NOV26=31843.125;DEC29=29950.15;DEC26=20089;MAR27=27605.125;JUN27=24445.125;DEC27=21056.75;SEP27=36064.25,DEC26=GLOBAL_REFERENCE_OUTLIER_PUT_CALL_PARITY;JUN27=GLOBAL_REFERENCE_OUTLIER_SERIES_FORWARD_CLUSTER;DEC28=GLOBAL_REFERENCE_NO_OBSERVATION;DEC27=GLOBAL_REFERENCE_OUTLIER_SERIES_FORWARD_CLUSTER;JUN29=GLOBAL_REFERENCE_NO_OBSERVATION;DEC30=GLOBAL_REFERENCE_NO_OBSERVATION,WEIGHTED_ATM,2026-10-02,5,139,0.0,NONE,5131,4631,0,0,494,NONE,MN1;MN2;MN3;MN4;MN5;QMW;QRW;QTW;QWW,OK,NONE,NONE,2026-09-24
NAS,30210.0,-2812804.023806511,0.2971503385750647,0.0,0.0,0.0,0.0,0.0,0.0,31127.04129267234,30406.45870732766,31487.332585344684,30046.167414655316,DEC26,SEP26,2026-09-25,2026-12-18,30766.75,30793.940034634394,FOUND,DEGRADED,SPOT_MONTH_FALLBACK;ESTIMATED_EXPIRY_ALIAS,2026-08-02.2,PUT_CALL_PARITY,SEP26,OCT26=PUT_CALL_PARITY;SEP26=PUT_CALL_PARITY;NOV26=SERIES_FORWARD_CLUSTER;DEC29=SERIES_FORWARD_CLUSTER;DEC26=PUT_CALL_PARITY;MAR27=SERIES_FORWARD_CLUSTER;JUN27=PUT_CALL_PARITY;DEC28=PUT_CALL_PARITY;DEC27=PUT_CALL_PARITY;SEP27=SERIES_FORWARD_CLUSTER;JUN29=PUT_CALL_PARITY;DEC30=PUT_CALL_PARITY,OCT26=30756.75;SEP26=30766.75;NOV26=31843.125;DEC29=29950.15;DEC26=20089;MAR27=27605.125;JUN27=24445.125;DEC27=21056.75;SEP27=36064.25,DEC26=GLOBAL_REFERENCE_OUTLIER_PUT_CALL_PARITY;JUN27=GLOBAL_REFERENCE_OUTLIER_SERIES_FORWARD_CLUSTER;DEC28=GLOBAL_REFERENCE_NO_OBSERVATION;DEC27=GLOBAL_REFERENCE_OUTLIER_SERIES_FORWARD_CLUSTER;JUN29=GLOBAL_REFERENCE_NO_OBSERVATION;DEC30=GLOBAL_REFERENCE_NO_OBSERVATION,WEIGHTED_ATM,2026-10-02,5,139,0.0,NONE,5131,4631,0,0,494,NONE,MN1;MN2;MN3;MN4;MN5;QMW;QRW;QTW;QWW,OK,NONE,NONE,2026-09-24
NAS,30220.0,-1879239.518365942,0.19852668526490058,0.0,0.0,0.0,0.0,0.0,0.0,31127.04129267234,30406.45870732766,31487.332585344684,30046.167414655316,DEC26,SEP26,2026-09-25,2026-12-18,30766.75,30793.940034634394,FOUND,DEGRADED,SPOT_MONTH_FALLBACK;ESTIMATED_EXPIRY_ALIAS,2026-08-02.2,PUT_CALL_PARITY,SEP26,OCT26=PUT_CALL_PARITY;SEP26=PUT_CALL_PARITY;NOV26=SERIES_FORWARD_CLUSTER;DEC29=SERIES_FORWARD_CLUSTER;DEC26=PUT_CALL_PARITY;MAR27=SERIES_FORWARD_CLUSTER;JUN27=PUT_CALL_PARITY;DEC28=PUT_CALL_PARITY;DEC27=PUT_CALL_PARITY;SEP27=SERIES_FORWARD_CLUSTER;JUN29=PUT_CALL_PARITY;DEC30=PUT_CALL_PARITY,OCT26=30756.75;SEP26=30766.75;NOV26=31843.125;DEC29=29950.15;DEC26=20089;MAR27=27605.125;JUN27=24445.125;DEC27=21056.75;SEP27=36064.25,DEC26=GLOBAL_REFERENCE_OUTLIER_PUT_CALL_PARITY;JUN27=GLOBAL_REFERENCE_OUTLIER_SERIES_FORWARD_CLUSTER;DEC28=GLOBAL_REFERENCE_NO_OBSERVATION;DEC27=GLOBAL_REFERENCE_OUTLIER_SERIES_FORWARD_CLUSTER;JUN29=GLOBAL_REFERENCE_NO_OBSERVATION;DEC30=GLOBAL_REFERENCE_NO_OBSERVATION,WEIGHTED_ATM,2026-10-02,5,139,0.0,NONE,5131,4631,0,0,494,NONE,MN1;MN2;MN3;MN4;MN5;QMW;QRW;QTW;QWW,OK,NONE,NONE,2026-09-24
NAS,30225.0,-5343909.486949697,0.6337577109943162,0.0,0.0,0.0,0.0,0.0,0.0,31127.04129267234,30406.45870732766,31487.332585344684,30046.167414655316,DEC26,SEP26,2026-09-25,2026-12-18,30766.75,30793.940034634394,FOUND,DEGRADED,SPOT_MONTH_FALLBACK;ESTIMATED_EXPIRY_ALIAS,2026-08-02.2,PUT_CALL_PARITY,SEP26,OCT26=PUT_CALL_PARITY;SEP26=PUT_CALL_PARITY;NOV26=SERIES_FORWARD_CLUSTER;DEC29=SERIES_FORWARD_CLUSTER;DEC26=PUT_CALL_PARITY;MAR27=SERIES_FORWARD_CLUSTER;JUN27=PUT_CALL_PARITY;DEC28=PUT_CALL_PARITY;DEC27=PUT_CALL_PARITY;SEP27=SERIES_FORWARD_CLUSTER;JUN29=PUT_CALL_PARITY;DEC30=PUT_CALL_PARITY,OCT26=30756.75;SEP26=30766.75;NOV26=31843.125;DEC29=29950.15;DEC26=20089;MAR27=27605.125;JUN27=24445.125;DEC27=21056.75;SEP27=36064.25,DEC26=GLOBAL_REFERENCE_OUTLIER_PUT_CALL_PARITY;JUN27=GLOBAL_REFERENCE_OUTLIER_SERIES_FORWARD_CLUSTER;DEC28=GLOBAL_REFERENCE_NO_OBSERVATION;DEC27=GLOBAL_REFERENCE_OUTLIER_SERIES_FORWARD_CLUSTER;JUN29=GLOBAL_REFERENCE_NO_OBSERVATION;DEC30=GLOBAL_REFERENCE_NO_OBSERVATION,WEIGHTED_ATM,2026-10-02,5,139,0.0,NONE,5131,4631,0,0,494,NONE,MN1;MN2;MN3;MN4;MN5;QMW;QRW;QTW;QWW,OK,NONE,NONE,2026-09-24
NAS,30230.0,-474616.8397790803,0.05013948836823848,0.0,0.0,0.0,0.0,0.0,0.0,31127.04129267234,30406.45870732766,31487.332585344684,30046.167414655316,DEC26,SEP26,2026-09-25,2026-12-18,30766.75,30793.940034634394,FOUND,DEGRADED,SPOT_MONTH_FALLBACK;ESTIMATED_EXPIRY_ALIAS,2026-08-02.2,PUT_CALL_PARITY,SEP26,OCT26=PUT_CALL_PARITY;SEP26=PUT_CALL_PARITY;NOV26=SERIES_FORWARD_CLUSTER;DEC29=SERIES_FORWARD_CLUSTER;DEC26=PUT_CALL_PARITY;MAR27=SERIES_FORWARD_CLUSTER;JUN27=PUT_CALL_PARITY;DEC28=PUT_CALL_PARITY;DEC27=PUT_CALL_PARITY;SEP27=SERIES_FORWARD_CLUSTER;JUN29=PUT_CALL_PARITY;DEC30=PUT_CALL_PARITY,OCT26=30756.75;SEP26=30766.75;NOV26=31843.125;DEC29=29950.15;DEC26=20089;MAR27=27605.125;JUN27=24445.125;DEC27=21056.75;SEP27=36064.25,DEC26=GLOBAL_REFERENCE_OUTLIER_PUT_CALL_PARITY;JUN27=GLOBAL_REFERENCE_OUTLIER_SERIES_FORWARD_CLUSTER;DEC28=GLOBAL_REFERENCE_NO_OBSERVATION;DEC27=GLOBAL_REFERENCE_OUTLIER_SERIES_FORWARD_CLUSTER;JUN29=GLOBAL_REFERENCE_NO_OBSERVATION;DEC30=GLOBAL_REFERENCE_NO_OBSERVATION,WEIGHTED_ATM,2026-10-02,5,139,0.0,NONE,5131,4631,0,0,494,NONE,MN1;MN2;MN3;MN4;MN5;QMW;QRW;QTW;QWW,OK,NONE,NONE,2026-09-24
NAS,30240.0,-568968.1693357077,0.13199257588211416,0.0,0.0,0.0,0.0,0.0,0.0,31127.04129267234,30406.45870732766,31487.332585344684,30046.167414655316,DEC26,SEP26,2026-09-25,2026-12-18,30766.75,30793.940034634394,FOUND,DEGRADED,SPOT_MONTH_FALLBACK;ESTIMATED_EXPIRY_ALIAS,2026-08-02.2,PUT_CALL_PARITY,SEP26,OCT26=PUT_CALL_PARITY;SEP26=PUT_CALL_PARITY;NOV26=SERIES_FORWARD_CLUSTER;DEC29=SERIES_FORWARD_CLUSTER;DEC26=PUT_CALL_PARITY;MAR27=SERIES_FORWARD_CLUSTER;JUN27=PUT_CALL_PARITY;DEC28=PUT_CALL_PARITY;DEC27=PUT_CALL_PARITY;SEP27=SERIES_FORWARD_CLUSTER;JUN29=PUT_CALL_PARITY;DEC30=PUT_CALL_PARITY,OCT26=30756.75;SEP26=30766.75;NOV26=31843.125;DEC29=29950.15;DEC26=20089;MAR27=27605.125;JUN27=24445.125;DEC27=21056.75;SEP27=36064.25,DEC26=GLOBAL_REFERENCE_OUTLIER_PUT_CALL_PARITY;JUN27=GLOBAL_REFERENCE_OUTLIER_SERIES_FORWARD_CLUSTER;DEC28=GLOBAL_REFERENCE_NO_OBSERVATION;DEC27=GLOBAL_REFERENCE_OUTLIER_SERIES_FORWARD_CLUSTER;JUN29=GLOBAL_REFERENCE_NO_OBSERVATION;DEC30=GLOBAL_REFERENCE_NO_OBSERVATION,WEIGHTED_ATM,2026-10-02,5,139,0.0,NONE,5131,4631,0,0,494,NONE,MN1;MN2;MN3;MN4;MN5;QMW;QRW;QTW;QWW,OK,NONE,NONE,2026-09-24
NAS,30250.0,-37892241.91931017,13.923361588925433,0.0,0.0,0.0,0.0,0.0,0.0,31127.04129267234,30406.45870732766,31487.332585344684,30046.167414655316,DEC26,SEP26,2026-09-25,2026-12-18,30766.75,30793.940034634394,FOUND,DEGRADED,SPOT_MONTH_FALLBACK;ESTIMATED_EXPIRY_ALIAS,2026-08-02.2,PUT_CALL_PARITY,SEP26,OCT26=PUT_CALL_PARITY;SEP26=PUT_CALL_PARITY;NOV26=SERIES_FORWARD_CLUSTER;DEC29=SERIES_FORWARD_CLUSTER;DEC26=PUT_CALL_PARITY;MAR27=SERIES_FORWARD_CLUSTER;JUN27=PUT_CALL_PARITY;DEC28=PUT_CALL_PARITY;DEC27=PUT_CALL_PARITY;SEP27=SERIES_FORWARD_CLUSTER;JUN29=PUT_CALL_PARITY;DEC30=PUT_CALL_PARITY,OCT26=30756.75;SEP26=30766.75;NOV26=31843.125;DEC29=29950.15;DEC26=20089;MAR27=27605.125;JUN27=24445.125;DEC27=21056.75;SEP27=36064.25,DEC26=GLOBAL_REFERENCE_OUTLIER_PUT_CALL_PARITY;JUN27=GLOBAL_REFERENCE_OUTLIER_SERIES_FORWARD_CLUSTER;DEC28=GLOBAL_REFERENCE_NO_OBSERVATION;DEC27=GLOBAL_REFERENCE_OUTLIER_SERIES_FORWARD_CLUSTER;JUN29=GLOBAL_REFERENCE_NO_OBSERVATION;DEC30=GLOBAL_REFERENCE_NO_OBSERVATION,WEIGHTED_ATM,2026-10-02,5,139,0.0,NONE,5131,4631,0,0,494,NONE,MN1;MN2;MN3;MN4;MN5;QMW;QRW;QTW;QWW,OK,NONE,NONE,2026-09-24
NAS,30260.0,-1483685.8121355227,0.1567395871463734,0.0,0.0,0.0,0.0,0.0,0.0,31127.04129267234,30406.45870732766,31487.332585344684,30046.167414655316,DEC26,SEP26,2026-09-25,2026-12-18,30766.75,30793.940034634394,FOUND,DEGRADED,SPOT_MONTH_FALLBACK;ESTIMATED_EXPIRY_ALIAS,2026-08-02.2,PUT_CALL_PARITY,SEP26,OCT26=PUT_CALL_PARITY;SEP26=PUT_CALL_PARITY;NOV26=SERIES_FORWARD_CLUSTER;DEC29=SERIES_FORWARD_CLUSTER;DEC26=PUT_CALL_PARITY;MAR27=SERIES_FORWARD_CLUSTER;JUN27=PUT_CALL_PARITY;DEC28=PUT_CALL_PARITY;DEC27=PUT_CALL_PARITY;SEP27=SERIES_FORWARD_CLUSTER;JUN29=PUT_CALL_PARITY;DEC30=PUT_CALL_PARITY,OCT26=30756.75;SEP26=30766.75;NOV26=31843.125;DEC29=29950.15;DEC26=20089;MAR27=27605.125;JUN27=24445.125;DEC27=21056.75;SEP27=36064.25,DEC26=GLOBAL_REFERENCE_OUTLIER_PUT_CALL_PARITY;JUN27=GLOBAL_REFERENCE_OUTLIER_SERIES_FORWARD_CLUSTER;DEC28=GLOBAL_REFERENCE_NO_OBSERVATION;DEC27=GLOBAL_REFERENCE_OUTLIER_SERIES_FORWARD_CLUSTER;JUN29=GLOBAL_REFERENCE_NO_OBSERVATION;DEC30=GLOBAL_REFERENCE_NO_OBSERVATION,WEIGHTED_ATM,2026-10-02,5,139,0.0,NONE,5131,4631,0,0,494,NONE,MN1;MN2;MN3;MN4;MN5;QMW;QRW;QTW;QWW,OK,NONE,NONE,2026-09-24
NAS,30270.0,-998993.5210059264,0.10553570760307865,0.0,0.0,0.0,0.0,0.0,0.0,31127.04129267234,30406.45870732766,31487.332585344684,30046.167414655316,DEC26,SEP26,2026-09-25,2026-12-18,30766.75,30793.940034634394,FOUND,DEGRADED,SPOT_MONTH_FALLBACK;ESTIMATED_EXPIRY_ALIAS,2026-08-02.2,PUT_CALL_PARITY,SEP26,OCT26=PUT_CALL_PARITY;SEP26=PUT_CALL_PARITY;NOV26=SERIES_FORWARD_CLUSTER;DEC29=SERIES_FORWARD_CLUSTER;DEC26=PUT_CALL_PARITY;MAR27=SERIES_FORWARD_CLUSTER;JUN27=PUT_CALL_PARITY;DEC28=PUT_CALL_PARITY;DEC27=PUT_CALL_PARITY;SEP27=SERIES_FORWARD_CLUSTER;JUN29=PUT_CALL_PARITY;DEC30=PUT_CALL_PARITY,OCT26=30756.75;SEP26=30766.75;NOV26=31843.125;DEC29=29950.15;DEC26=20089;MAR27=27605.125;JUN27=24445.125;DEC27=21056.75;SEP27=36064.25,DEC26=GLOBAL_REFERENCE_OUTLIER_PUT_CALL_PARITY;JUN27=GLOBAL_REFERENCE_OUTLIER_SERIES_FORWARD_CLUSTER;DEC28=GLOBAL_REFERENCE_NO_OBSERVATION;DEC27=GLOBAL_REFERENCE_OUTLIER_SERIES_FORWARD_CLUSTER;JUN29=GLOBAL_REFERENCE_NO_OBSERVATION;DEC30=GLOBAL_REFERENCE_NO_OBSERVATION,WEIGHTED_ATM,2026-10-02,5,139,0.0,NONE,5131,4631,0,0,494,NONE,MN1;MN2;MN3;MN4;MN5;QMW;QRW;QTW;QWW,OK,NONE,NONE,2026-09-24
NAS,30275.0,-4285302.138005853,0.5825047449874128,0.0,0.0,0.0,0.0,0.0,0.0,31127.04129267234,30406.45870732766,31487.332585344684,30046.167414655316,DEC26,SEP26,2026-09-25,2026-12-18,30766.75,30793.940034634394,FOUND,DEGRADED,SPOT_MONTH_FALLBACK;ESTIMATED_EXPIRY_ALIAS,2026-08-02.2,PUT_CALL_PARITY,SEP26,OCT26=PUT_CALL_PARITY;SEP26=PUT_CALL_PARITY;NOV26=SERIES_FORWARD_CLUSTER;DEC29=SERIES_FORWARD_CLUSTER;DEC26=PUT_CALL_PARITY;MAR27=SERIES_FORWARD_CLUSTER;JUN27=PUT_CALL_PARITY;DEC28=PUT_CALL_PARITY;DEC27=PUT_CALL_PARITY;SEP27=SERIES_FORWARD_CLUSTER;JUN29=PUT_CALL_PARITY;DEC30=PUT_CALL_PARITY,OCT26=30756.75;SEP26=30766.75;NOV26=31843.125;DEC29=29950.15;DEC26=20089;MAR27=27605.125;JUN27=24445.125;DEC27=21056.75;SEP27=36064.25,DEC26=GLOBAL_REFERENCE_OUTLIER_PUT_CALL_PARITY;JUN27=GLOBAL_REFERENCE_OUTLIER_SERIES_FORWARD_CLUSTER;DEC28=GLOBAL_REFERENCE_NO_OBSERVATION;DEC27=GLOBAL_REFERENCE_OUTLIER_SERIES_FORWARD_CLUSTER;JUN29=GLOBAL_REFERENCE_NO_OBSERVATION;DEC30=GLOBAL_REFERENCE_NO_OBSERVATION,WEIGHTED_ATM,2026-10-02,5,139,0.0,NONE,5131,4631,0,0,494,NONE,MN1;MN2;MN3;MN4;MN5;QMW;QRW;QTW;QWW,OK,NONE,NONE,2026-09-24
NAS,30280.0,-1423844.5408853868,0.15041783352890084,0.0,0.0,0.0,0.0,0.0,0.0,31127.04129267234,30406.45870732766,31487.332585344684,30046.167414655316,DEC26,SEP26,2026-09-25,2026-12-18,30766.75,30793.940034634394,FOUND,DEGRADED,SPOT_MONTH_FALLBACK;ESTIMATED_EXPIRY_ALIAS,2026-08-02.2,PUT_CALL_PARITY,SEP26,OCT26=PUT_CALL_PARITY;SEP26=PUT_CALL_PARITY;NOV26=SERIES_FORWARD_CLUSTER;DEC29=SERIES_FORWARD_CLUSTER;DEC26=PUT_CALL_PARITY;MAR27=SERIES_FORWARD_CLUSTER;JUN27=PUT_CALL_PARITY;DEC28=PUT_CALL_PARITY;DEC27=PUT_CALL_PARITY;SEP27=SERIES_FORWARD_CLUSTER;JUN29=PUT_CALL_PARITY;DEC30=PUT_CALL_PARITY,OCT26=30756.75;SEP26=30766.75;NOV26=31843.125;DEC29=29950.15;DEC26=20089;MAR27=27605.125;JUN27=24445.125;DEC27=21056.75;SEP27=36064.25,DEC26=GLOBAL_REFERENCE_OUTLIER_PUT_CALL_PARITY;JUN27=GLOBAL_REFERENCE_OUTLIER_SERIES_FORWARD_CLUSTER;DEC28=GLOBAL_REFERENCE_NO_OBSERVATION;DEC27=GLOBAL_REFERENCE_OUTLIER_SERIES_FORWARD_CLUSTER;JUN29=GLOBAL_REFERENCE_NO_OBSERVATION;DEC30=GLOBAL_REFERENCE_NO_OBSERVATION,WEIGHTED_ATM,2026-10-02,5,139,0.0,NONE,5131,4631,0,0,494,NONE,MN1;MN2;MN3;MN4;MN5;QMW;QRW;QTW;QWW,OK,NONE,NONE,2026-09-24
NAS,30290.0,-2479294.3880521934,0.28189695327654307,0.0,0.0,0.0,0.0,0.0,0.0,31127.04129267234,30406.45870732766,31487.332585344684,30046.167414655316,DEC26,SEP26,2026-09-25,2026-12-18,30766.75,30793.940034634394,FOUND,DEGRADED,SPOT_MONTH_FALLBACK;ESTIMATED_EXPIRY_ALIAS,2026-08-02.2,PUT_CALL_PARITY,SEP26,OCT26=PUT_CALL_PARITY;SEP26=PUT_CALL_PARITY;NOV26=SERIES_FORWARD_CLUSTER;DEC29=SERIES_FORWARD_CLUSTER;DEC26=PUT_CALL_PARITY;MAR27=SERIES_FORWARD_CLUSTER;JUN27=PUT_CALL_PARITY;DEC28=PUT_CALL_PARITY;DEC27=PUT_CALL_PARITY;SEP27=SERIES_FORWARD_CLUSTER;JUN29=PUT_CALL_PARITY;DEC30=PUT_CALL_PARITY,OCT26=30756.75;SEP26=30766.75;NOV26=31843.125;DEC29=29950.15;DEC26=20089;MAR27=27605.125;JUN27=24445.125;DEC27=21056.75;SEP27=36064.25,DEC26=GLOBAL_REFERENCE_OUTLIER_PUT_CALL_PARITY;JUN27=GLOBAL_REFERENCE_OUTLIER_SERIES_FORWARD_CLUSTER;DEC28=GLOBAL_REFERENCE_NO_OBSERVATION;DEC27=GLOBAL_REFERENCE_OUTLIER_SERIES_FORWARD_CLUSTER;JUN29=GLOBAL_REFERENCE_NO_OBSERVATION;DEC30=GLOBAL_REFERENCE_NO_OBSERVATION,WEIGHTED_ATM,2026-10-02,5,139,0.0,NONE,5131,4631,0,0,494,NONE,MN1;MN2;MN3;MN4;MN5;QMW;QRW;QTW;QWW,OK,NONE,NONE,2026-09-24
NAS,30300.0,-56295141.03792844,13.656624263806671,0.0,0.0,0.0,0.0,0.0,0.0,31127.04129267234,30406.45870732766,31487.332585344684,30046.167414655316,DEC26,SEP26,2026-09-25,2026-12-18,30766.75,30793.940034634394,FOUND,DEGRADED,SPOT_MONTH_FALLBACK;ESTIMATED_EXPIRY_ALIAS,2026-08-02.2,PUT_CALL_PARITY,SEP26,OCT26=PUT_CALL_PARITY;SEP26=PUT_CALL_PARITY;NOV26=SERIES_FORWARD_CLUSTER;DEC29=SERIES_FORWARD_CLUSTER;DEC26=PUT_CALL_PARITY;MAR27=SERIES_FORWARD_CLUSTER;JUN27=PUT_CALL_PARITY;DEC28=PUT_CALL_PARITY;DEC27=PUT_CALL_PARITY;SEP27=SERIES_FORWARD_CLUSTER;JUN29=PUT_CALL_PARITY;DEC30=PUT_CALL_PARITY,OCT26=30756.75;SEP26=30766.75;NOV26=31843.125;DEC29=29950.15;DEC26=20089;MAR27=27605.125;JUN27=24445.125;DEC27=21056.75;SEP27=36064.25,DEC26=GLOBAL_REFERENCE_OUTLIER_PUT_CALL_PARITY;JUN27=GLOBAL_REFERENCE_OUTLIER_SERIES_FORWARD_CLUSTER;DEC28=GLOBAL_REFERENCE_NO_OBSERVATION;DEC27=GLOBAL_REFERENCE_OUTLIER_SERIES_FORWARD_CLUSTER;JUN29=GLOBAL_REFERENCE_NO_OBSERVATION;DEC30=GLOBAL_REFERENCE_NO_OBSERVATION,WEIGHTED_ATM,2026-10-02,5,139,0.0,NONE,5131,4631,0,0,494,NONE,MN1;MN2;MN3;MN4;MN5;QMW;QRW;QTW;QWW,OK,NONE,NONE,2026-09-24
NAS,30310.0,-7803888.420379536,0.8244186465503016,0.0,0.0,0.0,0.0,0.0,0.0,31127.04129267234,30406.45870732766,31487.332585344684,30046.167414655316,DEC26,SEP26,2026-09-25,2026-12-18,30766.75,30793.940034634394,FOUND,DEGRADED,SPOT_MONTH_FALLBACK;ESTIMATED_EXPIRY_ALIAS,2026-08-02.2,PUT_CALL_PARITY,SEP26,OCT26=PUT_CALL_PARITY;SEP26=PUT_CALL_PARITY;NOV26=SERIES_FORWARD_CLUSTER;DEC29=SERIES_FORWARD_CLUSTER;DEC26=PUT_CALL_PARITY;MAR27=SERIES_FORWARD_CLUSTER;JUN27=PUT_CALL_PARITY;DEC28=PUT_CALL_PARITY;DEC27=PUT_CALL_PARITY;SEP27=SERIES_FORWARD_CLUSTER;JUN29=PUT_CALL_PARITY;DEC30=PUT_CALL_PARITY,OCT26=30756.75;SEP26=30766.75;NOV26=31843.125;DEC29=29950.15;DEC26=20089;MAR27=27605.125;JUN27=24445.125;DEC27=21056.75;SEP27=36064.25,DEC26=GLOBAL_REFERENCE_OUTLIER_PUT_CALL_PARITY;JUN27=GLOBAL_REFERENCE_OUTLIER_SERIES_FORWARD_CLUSTER;DEC28=GLOBAL_REFERENCE_NO_OBSERVATION;DEC27=GLOBAL_REFERENCE_OUTLIER_SERIES_FORWARD_CLUSTER;JUN29=GLOBAL_REFERENCE_NO_OBSERVATION;DEC30=GLOBAL_REFERENCE_NO_OBSERVATION,WEIGHTED_ATM,2026-10-02,5,139,0.0,NONE,5131,4631,0,0,494,NONE,MN1;MN2;MN3;MN4;MN5;QMW;QRW;QTW;QWW,OK,NONE,NONE,2026-09-24
NAS,30320.0,-1347516.7308660487,0.14235440842072497,0.0,0.0,0.0,0.0,0.0,0.0,31127.04129267234,30406.45870732766,31487.332585344684,30046.167414655316,DEC26,SEP26,2026-09-25,2026-12-18,30766.75,30793.940034634394,FOUND,DEGRADED,SPOT_MONTH_FALLBACK;ESTIMATED_EXPIRY_ALIAS,2026-08-02.2,PUT_CALL_PARITY,SEP26,OCT26=PUT_CALL_PARITY;SEP26=PUT_CALL_PARITY;NOV26=SERIES_FORWARD_CLUSTER;DEC29=SERIES_FORWARD_CLUSTER;DEC26=PUT_CALL_PARITY;MAR27=SERIES_FORWARD_CLUSTER;JUN27=PUT_CALL_PARITY;DEC28=PUT_CALL_PARITY;DEC27=PUT_CALL_PARITY;SEP27=SERIES_FORWARD_CLUSTER;JUN29=PUT_CALL_PARITY;DEC30=PUT_CALL_PARITY,OCT26=30756.75;SEP26=30766.75;NOV26=31843.125;DEC29=29950.15;DEC26=20089;MAR27=27605.125;JUN27=24445.125;DEC27=21056.75;SEP27=36064.25,DEC26=GLOBAL_REFERENCE_OUTLIER_PUT_CALL_PARITY;JUN27=GLOBAL_REFERENCE_OUTLIER_SERIES_FORWARD_CLUSTER;DEC28=GLOBAL_REFERENCE_NO_OBSERVATION;DEC27=GLOBAL_REFERENCE_OUTLIER_SERIES_FORWARD_CLUSTER;JUN29=GLOBAL_REFERENCE_NO_OBSERVATION;DEC30=GLOBAL_REFERENCE_NO_OBSERVATION,WEIGHTED_ATM,2026-10-02,5,139,0.0,NONE,5131,4631,0,0,494,NONE,MN1;MN2;MN3;MN4;MN5;QMW;QRW;QTW;QWW,OK,NONE,NONE,2026-09-24
NAS,30325.0,-3981139.7746001077,0.4745600651977734,0.0,0.0,0.0,0.0,0.0,0.0,31127.04129267234,30406.45870732766,31487.332585344684,30046.167414655316,DEC26,SEP26,2026-09-25,2026-12-18,30766.75,30793.940034634394,FOUND,DEGRADED,SPOT_MONTH_FALLBACK;ESTIMATED_EXPIRY_ALIAS,2026-08-02.2,PUT_CALL_PARITY,SEP26,OCT26=PUT_CALL_PARITY;SEP26=PUT_CALL_PARITY;NOV26=SERIES_FORWARD_CLUSTER;DEC29=SERIES_FORWARD_CLUSTER;DEC26=PUT_CALL_PARITY;MAR27=SERIES_FORWARD_CLUSTER;JUN27=PUT_CALL_PARITY;DEC28=PUT_CALL_PARITY;DEC27=PUT_CALL_PARITY;SEP27=SERIES_FORWARD_CLUSTER;JUN29=PUT_CALL_PARITY;DEC30=PUT_CALL_PARITY,OCT26=30756.75;SEP26=30766.75;NOV26=31843.125;DEC29=29950.15;DEC26=20089;MAR27=27605.125;JUN27=24445.125;DEC27=21056.75;SEP27=36064.25,DEC26=GLOBAL_REFERENCE_OUTLIER_PUT_CALL_PARITY;JUN27=GLOBAL_REFERENCE_OUTLIER_SERIES_FORWARD_CLUSTER;DEC28=GLOBAL_REFERENCE_NO_OBSERVATION;DEC27=GLOBAL_REFERENCE_OUTLIER_SERIES_FORWARD_CLUSTER;JUN29=GLOBAL_REFERENCE_NO_OBSERVATION;DEC30=GLOBAL_REFERENCE_NO_OBSERVATION,WEIGHTED_ATM,2026-10-02,5,139,0.0,NONE,5131,4631,0,0,494,NONE,MN1;MN2;MN3;MN4;MN5;QMW;QRW;QTW;QWW,OK,NONE,NONE,2026-09-24
NAS,30330.0,-2844208.399366933,0.30046796068863424,0.0,0.0,0.0,0.0,0.0,0.0,31127.04129267234,30406.45870732766,31487.332585344684,30046.167414655316,DEC26,SEP26,2026-09-25,2026-12-18,30766.75,30793.940034634394,FOUND,DEGRADED,SPOT_MONTH_FALLBACK;ESTIMATED_EXPIRY_ALIAS,2026-08-02.2,PUT_CALL_PARITY,SEP26,OCT26=PUT_CALL_PARITY;SEP26=PUT_CALL_PARITY;NOV26=SERIES_FORWARD_CLUSTER;DEC29=SERIES_FORWARD_CLUSTER;DEC26=PUT_CALL_PARITY;MAR27=SERIES_FORWARD_CLUSTER;JUN27=PUT_CALL_PARITY;DEC28=PUT_CALL_PARITY;DEC27=PUT_CALL_PARITY;SEP27=SERIES_FORWARD_CLUSTER;JUN29=PUT_CALL_PARITY;DEC30=PUT_CALL_PARITY,OCT26=30756.75;SEP26=30766.75;NOV26=31843.125;DEC29=29950.15;DEC26=20089;MAR27=27605.125;JUN27=24445.125;DEC27=21056.75;SEP27=36064.25,DEC26=GLOBAL_REFERENCE_OUTLIER_PUT_CALL_PARITY;JUN27=GLOBAL_REFERENCE_OUTLIER_SERIES_FORWARD_CLUSTER;DEC28=GLOBAL_REFERENCE_NO_OBSERVATION;DEC27=GLOBAL_REFERENCE_OUTLIER_SERIES_FORWARD_CLUSTER;JUN29=GLOBAL_REFERENCE_NO_OBSERVATION;DEC30=GLOBAL_REFERENCE_NO_OBSERVATION,WEIGHTED_ATM,2026-10-02,5,139,0.0,NONE,5131,4631,0,0,494,NONE,MN1;MN2;MN3;MN4;MN5;QMW;QRW;QTW;QWW,OK,NONE,NONE,2026-09-24
NAS,30340.0,-1271286.71194227,0.1343013141628,0.0,0.0,0.0,0.0,0.0,0.0,31127.04129267234,30406.45870732766,31487.332585344684,30046.167414655316,DEC26,SEP26,2026-09-25,2026-12-18,30766.75,30793.940034634394,FOUND,DEGRADED,SPOT_MONTH_FALLBACK;ESTIMATED_EXPIRY_ALIAS,2026-08-02.2,PUT_CALL_PARITY,SEP26,OCT26=PUT_CALL_PARITY;SEP26=PUT_CALL_PARITY;NOV26=SERIES_FORWARD_CLUSTER;DEC29=SERIES_FORWARD_CLUSTER;DEC26=PUT_CALL_PARITY;MAR27=SERIES_FORWARD_CLUSTER;JUN27=PUT_CALL_PARITY;DEC28=PUT_CALL_PARITY;DEC27=PUT_CALL_PARITY;SEP27=SERIES_FORWARD_CLUSTER;JUN29=PUT_CALL_PARITY;DEC30=PUT_CALL_PARITY,OCT26=30756.75;SEP26=30766.75;NOV26=31843.125;DEC29=29950.15;DEC26=20089;MAR27=27605.125;JUN27=24445.125;DEC27=21056.75;SEP27=36064.25,DEC26=GLOBAL_REFERENCE_OUTLIER_PUT_CALL_PARITY;JUN27=GLOBAL_REFERENCE_OUTLIER_SERIES_FORWARD_CLUSTER;DEC28=GLOBAL_REFERENCE_NO_OBSERVATION;DEC27=GLOBAL_REFERENCE_OUTLIER_SERIES_FORWARD_CLUSTER;JUN29=GLOBAL_REFERENCE_NO_OBSERVATION;DEC30=GLOBAL_REFERENCE_NO_OBSERVATION,WEIGHTED_ATM,2026-10-02,5,139,0.0,NONE,5131,4631,0,0,494,NONE,MN1;MN2;MN3;MN4;MN5;QMW;QRW;QTW;QWW,OK,NONE,NONE,2026-09-24
NAS,30350.0,-19124246.971618224,3.376481937726381,0.0,0.0,0.0,0.0,0.0,0.0,31127.04129267234,30406.45870732766,31487.332585344684,30046.167414655316,DEC26,SEP26,2026-09-25,2026-12-18,30766.75,30793.940034634394,FOUND,DEGRADED,SPOT_MONTH_FALLBACK;ESTIMATED_EXPIRY_ALIAS,2026-08-02.2,PUT_CALL_PARITY,SEP26,OCT26=PUT_CALL_PARITY;SEP26=PUT_CALL_PARITY;NOV26=SERIES_FORWARD_CLUSTER;DEC29=SERIES_FORWARD_CLUSTER;DEC26=PUT_CALL_PARITY;MAR27=SERIES_FORWARD_CLUSTER;JUN27=PUT_CALL_PARITY;DEC28=PUT_CALL_PARITY;DEC27=PUT_CALL_PARITY;SEP27=SERIES_FORWARD_CLUSTER;JUN29=PUT_CALL_PARITY;DEC30=PUT_CALL_PARITY,OCT26=30756.75;SEP26=30766.75;NOV26=31843.125;DEC29=29950.15;DEC26=20089;MAR27=27605.125;JUN27=24445.125;DEC27=21056.75;SEP27=36064.25,DEC26=GLOBAL_REFERENCE_OUTLIER_PUT_CALL_PARITY;JUN27=GLOBAL_REFERENCE_OUTLIER_SERIES_FORWARD_CLUSTER;DEC28=GLOBAL_REFERENCE_NO_OBSERVATION;DEC27=GLOBAL_REFERENCE_OUTLIER_SERIES_FORWARD_CLUSTER;JUN29=GLOBAL_REFERENCE_NO_OBSERVATION;DEC30=GLOBAL_REFERENCE_NO_OBSERVATION,WEIGHTED_ATM,2026-10-02,5,139,0.0,NONE,5131,4631,0,0,494,NONE,MN1;MN2;MN3;MN4;MN5;QMW;QRW;QTW;QWW,OK,NONE,NONE,2026-09-24
NAS,30360.0,-5748286.646074755,0.6531302114789654,0.0,0.0,0.0,0.0,0.0,0.0,31127.04129267234,30406.45870732766,31487.332585344684,30046.167414655316,DEC26,SEP26,2026-09-25,2026-12-18,30766.75,30793.940034634394,FOUND,DEGRADED,SPOT_MONTH_FALLBACK;ESTIMATED_EXPIRY_ALIAS,2026-08-02.2,PUT_CALL_PARITY,SEP26,OCT26=PUT_CALL_PARITY;SEP26=PUT_CALL_PARITY;NOV26=SERIES_FORWARD_CLUSTER;DEC29=SERIES_FORWARD_CLUSTER;DEC26=PUT_CALL_PARITY;MAR27=SERIES_FORWARD_CLUSTER;JUN27=PUT_CALL_PARITY;DEC28=PUT_CALL_PARITY;DEC27=PUT_CALL_PARITY;SEP27=SERIES_FORWARD_CLUSTER;JUN29=PUT_CALL_PARITY;DEC30=PUT_CALL_PARITY,OCT26=30756.75;SEP26=30766.75;NOV26=31843.125;DEC29=29950.15;DEC26=20089;MAR27=27605.125;JUN27=24445.125;DEC27=21056.75;SEP27=36064.25,DEC26=GLOBAL_REFERENCE_OUTLIER_PUT_CALL_PARITY;JUN27=GLOBAL_REFERENCE_OUTLIER_SERIES_FORWARD_CLUSTER;DEC28=GLOBAL_REFERENCE_NO_OBSERVATION;DEC27=GLOBAL_REFERENCE_OUTLIER_SERIES_FORWARD_CLUSTER;JUN29=GLOBAL_REFERENCE_NO_OBSERVATION;DEC30=GLOBAL_REFERENCE_NO_OBSERVATION,WEIGHTED_ATM,2026-10-02,5,139,0.0,NONE,5131,4631,0,0,494,NONE,MN1;MN2;MN3;MN4;MN5;QMW;QRW;QTW;QWW,OK,NONE,NONE,2026-09-24
NAS,30370.0,-1604053.0821987886,0.16945543039387156,0.0,0.0,0.0,0.0,0.0,0.0,31127.04129267234,30406.45870732766,31487.332585344684,30046.167414655316,DEC26,SEP26,2026-09-25,2026-12-18,30766.75,30793.940034634394,FOUND,DEGRADED,SPOT_MONTH_FALLBACK;ESTIMATED_EXPIRY_ALIAS,2026-08-02.2,PUT_CALL_PARITY,SEP26,OCT26=PUT_CALL_PARITY;SEP26=PUT_CALL_PARITY;NOV26=SERIES_FORWARD_CLUSTER;DEC29=SERIES_FORWARD_CLUSTER;DEC26=PUT_CALL_PARITY;MAR27=SERIES_FORWARD_CLUSTER;JUN27=PUT_CALL_PARITY;DEC28=PUT_CALL_PARITY;DEC27=PUT_CALL_PARITY;SEP27=SERIES_FORWARD_CLUSTER;JUN29=PUT_CALL_PARITY;DEC30=PUT_CALL_PARITY,OCT26=30756.75;SEP26=30766.75;NOV26=31843.125;DEC29=29950.15;DEC26=20089;MAR27=27605.125;JUN27=24445.125;DEC27=21056.75;SEP27=36064.25,DEC26=GLOBAL_REFERENCE_OUTLIER_PUT_CALL_PARITY;JUN27=GLOBAL_REFERENCE_OUTLIER_SERIES_FORWARD_CLUSTER;DEC28=GLOBAL_REFERENCE_NO_OBSERVATION;DEC27=GLOBAL_REFERENCE_OUTLIER_SERIES_FORWARD_CLUSTER;JUN29=GLOBAL_REFERENCE_NO_OBSERVATION;DEC30=GLOBAL_REFERENCE_NO_OBSERVATION,WEIGHTED_ATM,2026-10-02,5,139,0.0,NONE,5131,4631,0,0,494,NONE,MN1;MN2;MN3;MN4;MN5;QMW;QRW;QTW;QWW,OK,NONE,NONE,2026-09-24
NAS,30375.0,-10674961.062278774,1.3356280628882493,0.0,0.0,0.0,0.0,0.0,0.0,31127.04129267234,30406.45870732766,31487.332585344684,30046.167414655316,DEC26,SEP26,2026-09-25,2026-12-18,30766.75,30793.940034634394,FOUND,DEGRADED,SPOT_MONTH_FALLBACK;ESTIMATED_EXPIRY_ALIAS,2026-08-02.2,PUT_CALL_PARITY,SEP26,OCT26=PUT_CALL_PARITY;SEP26=PUT_CALL_PARITY;NOV26=SERIES_FORWARD_CLUSTER;DEC29=SERIES_FORWARD_CLUSTER;DEC26=PUT_CALL_PARITY;MAR27=SERIES_FORWARD_CLUSTER;JUN27=PUT_CALL_PARITY;DEC28=PUT_CALL_PARITY;DEC27=PUT_CALL_PARITY;SEP27=SERIES_FORWARD_CLUSTER;JUN29=PUT_CALL_PARITY;DEC30=PUT_CALL_PARITY,OCT26=30756.75;SEP26=30766.75;NOV26=31843.125;DEC29=29950.15;DEC26=20089;MAR27=27605.125;JUN27=24445.125;DEC27=21056.75;SEP27=36064.25,DEC26=GLOBAL_REFERENCE_OUTLIER_PUT_CALL_PARITY;JUN27=GLOBAL_REFERENCE_OUTLIER_SERIES_FORWARD_CLUSTER;DEC28=GLOBAL_REFERENCE_NO_OBSERVATION;DEC27=GLOBAL_REFERENCE_OUTLIER_SERIES_FORWARD_CLUSTER;JUN29=GLOBAL_REFERENCE_NO_OBSERVATION;DEC30=GLOBAL_REFERENCE_NO_OBSERVATION,WEIGHTED_ATM,2026-10-02,5,139,0.0,NONE,5131,4631,0,0,494,NONE,MN1;MN2;MN3;MN4;MN5;QMW;QRW;QTW;QWW,OK,NONE,NONE,2026-09-24
NAS,30380.0,-2557390.286511042,0.2701679118323148,0.0,0.0,0.0,0.0,0.0,0.0,31127.04129267234,30406.45870732766,31487.332585344684,30046.167414655316,DEC26,SEP26,2026-09-25,2026-12-18,30766.75,30793.940034634394,FOUND,DEGRADED,SPOT_MONTH_FALLBACK;ESTIMATED_EXPIRY_ALIAS,2026-08-02.2,PUT_CALL_PARITY,SEP26,OCT26=PUT_CALL_PARITY;SEP26=PUT_CALL_PARITY;NOV26=SERIES_FORWARD_CLUSTER;DEC29=SERIES_FORWARD_CLUSTER;DEC26=PUT_CALL_PARITY;MAR27=SERIES_FORWARD_CLUSTER;JUN27=PUT_CALL_PARITY;DEC28=PUT_CALL_PARITY;DEC27=PUT_CALL_PARITY;SEP27=SERIES_FORWARD_CLUSTER;JUN29=PUT_CALL_PARITY;DEC30=PUT_CALL_PARITY,OCT26=30756.75;SEP26=30766.75;NOV26=31843.125;DEC29=29950.15;DEC26=20089;MAR27=27605.125;JUN27=24445.125;DEC27=21056.75;SEP27=36064.25,DEC26=GLOBAL_REFERENCE_OUTLIER_PUT_CALL_PARITY;JUN27=GLOBAL_REFERENCE_OUTLIER_SERIES_FORWARD_CLUSTER;DEC28=GLOBAL_REFERENCE_NO_OBSERVATION;DEC27=GLOBAL_REFERENCE_OUTLIER_SERIES_FORWARD_CLUSTER;JUN29=GLOBAL_REFERENCE_NO_OBSERVATION;DEC30=GLOBAL_REFERENCE_NO_OBSERVATION,WEIGHTED_ATM,2026-10-02,5,139,0.0,NONE,5131,4631,0,0,494,NONE,MN1;MN2;MN3;MN4;MN5;QMW;QRW;QTW;QWW,OK,NONE,NONE,2026-09-24
NAS,30390.0,-3203449.3047349025,0.3384410724672018,0.0,0.0,0.0,0.0,0.0,0.0,31127.04129267234,30406.45870732766,31487.332585344684,30046.167414655316,DEC26,SEP26,2026-09-25,2026-12-18,30766.75,30793.940034634394,FOUND,DEGRADED,SPOT_MONTH_FALLBACK;ESTIMATED_EXPIRY_ALIAS,2026-08-02.2,PUT_CALL_PARITY,SEP26,OCT26=PUT_CALL_PARITY;SEP26=PUT_CALL_PARITY;NOV26=SERIES_FORWARD_CLUSTER;DEC29=SERIES_FORWARD_CLUSTER;DEC26=PUT_CALL_PARITY;MAR27=SERIES_FORWARD_CLUSTER;JUN27=PUT_CALL_PARITY;DEC28=PUT_CALL_PARITY;DEC27=PUT_CALL_PARITY;SEP27=SERIES_FORWARD_CLUSTER;JUN29=PUT_CALL_PARITY;DEC30=PUT_CALL_PARITY,OCT26=30756.75;SEP26=30766.75;NOV26=31843.125;DEC29=29950.15;DEC26=20089;MAR27=27605.125;JUN27=24445.125;DEC27=21056.75;SEP27=36064.25,DEC26=GLOBAL_REFERENCE_OUTLIER_PUT_CALL_PARITY;JUN27=GLOBAL_REFERENCE_OUTLIER_SERIES_FORWARD_CLUSTER;DEC28=GLOBAL_REFERENCE_NO_OBSERVATION;DEC27=GLOBAL_REFERENCE_OUTLIER_SERIES_FORWARD_CLUSTER;JUN29=GLOBAL_REFERENCE_NO_OBSERVATION;DEC30=GLOBAL_REFERENCE_NO_OBSERVATION,WEIGHTED_ATM,2026-10-02,5,139,0.0,NONE,5131,4631,0,0,494,NONE,MN1;MN2;MN3;MN4;MN5;QMW;QRW;QTW;QWW,OK,NONE,NONE,2026-09-24
NAS,30400.0,-8328975.4587351205,11.785793674007463,0.0,0.0,0.0,0.0,0.0,0.0,31127.04129267234,30406.45870732766,31487.332585344684,30046.167414655316,DEC26,SEP26,2026-09-25,2026-12-18,30766.75,30793.940034634394,FOUND,DEGRADED,SPOT_MONTH_FALLBACK;ESTIMATED_EXPIRY_ALIAS,2026-08-02.2,PUT_CALL_PARITY,SEP26,OCT26=PUT_CALL_PARITY;SEP26=PUT_CALL_PARITY;NOV26=SERIES_FORWARD_CLUSTER;DEC29=SERIES_FORWARD_CLUSTER;DEC26=PUT_CALL_PARITY;MAR27=SERIES_FORWARD_CLUSTER;JUN27=PUT_CALL_PARITY;DEC28=PUT_CALL_PARITY;DEC27=PUT_CALL_PARITY;SEP27=SERIES_FORWARD_CLUSTER;JUN29=PUT_CALL_PARITY;DEC30=PUT_CALL_PARITY,OCT26=30756.75;SEP26=30766.75;NOV26=31843.125;DEC29=29950.15;DEC26=20089;MAR27=27605.125;JUN27=24445.125;DEC27=21056.75;SEP27=36064.25,DEC26=GLOBAL_REFERENCE_OUTLIER_PUT_CALL_PARITY;JUN27=GLOBAL_REFERENCE_OUTLIER_SERIES_FORWARD_CLUSTER;DEC28=GLOBAL_REFERENCE_NO_OBSERVATION;DEC27=GLOBAL_REFERENCE_OUTLIER_SERIES_FORWARD_CLUSTER;JUN29=GLOBAL_REFERENCE_NO_OBSERVATION;DEC30=GLOBAL_REFERENCE_NO_OBSERVATION,WEIGHTED_ATM,2026-10-02,5,139,0.0,NONE,5131,4631,0,0,494,NONE,MN1;MN2;MN3;MN4;MN5;QMW;QRW;QTW;QWW,OK,NONE,NONE,2026-09-24
NAS,30410.0,-3888927.0050322106,0.41083415924412287,0.0,0.0,0.0,0.0,0.0,0.0,31127.04129267234,30406.45870732766,31487.332585344684,30046.167414655316,DEC26,SEP26,2026-09-25,2026-12-18,30766.75,30793.940034634394,FOUND,DEGRADED,SPOT_MONTH_FALLBACK;ESTIMATED_EXPIRY_ALIAS,2026-08-02.2,PUT_CALL_PARITY,SEP26,OCT26=PUT_CALL_PARITY;SEP26=PUT_CALL_PARITY;NOV26=SERIES_FORWARD_CLUSTER;DEC29=SERIES_FORWARD_CLUSTER;DEC26=PUT_CALL_PARITY;MAR27=SERIES_FORWARD_CLUSTER;JUN27=PUT_CALL_PARITY;DEC28=PUT_CALL_PARITY;DEC27=PUT_CALL_PARITY;SEP27=SERIES_FORWARD_CLUSTER;JUN29=PUT_CALL_PARITY;DEC30=PUT_CALL_PARITY,OCT26=30756.75;SEP26=30766.75;NOV26=31843.125;DEC29=29950.15;DEC26=20089;MAR27=27605.125;JUN27=24445.125;DEC27=21056.75;SEP27=36064.25,DEC26=GLOBAL_REFERENCE_OUTLIER_PUT_CALL_PARITY;JUN27=GLOBAL_REFERENCE_OUTLIER_SERIES_FORWARD_CLUSTER;DEC28=GLOBAL_REFERENCE_NO_OBSERVATION;DEC27=GLOBAL_REFERENCE_OUTLIER_SERIES_FORWARD_CLUSTER;JUN29=GLOBAL_REFERENCE_NO_OBSERVATION;DEC30=GLOBAL_REFERENCE_NO_OBSERVATION,WEIGHTED_ATM,2026-10-02,5,139,0.0,NONE,5131,4631,0,0,494,NONE,MN1;MN2;MN3;MN4;MN5;QMW;QRW;QTW;QWW,OK,NONE,NONE,2026-09-24
NAS,30420.0,-2407681.585763733,0.2543523801642059,0.0,0.0,0.0,0.0,0.0,0.0,31127.04129267234,30406.45870732766,31487.332585344684,30046.167414655316,DEC26,SEP26,2026-09-25,2026-12-18,30766.75,30793.940034634394,FOUND,DEGRADED,SPOT_MONTH_FALLBACK;ESTIMATED_EXPIRY_ALIAS,2026-08-02.2,PUT_CALL_PARITY,SEP26,OCT26=PUT_CALL_PARITY;SEP26=PUT_CALL_PARITY;NOV26=SERIES_FORWARD_CLUSTER;DEC29=SERIES_FORWARD_CLUSTER;DEC26=PUT_CALL_PARITY;MAR27=SERIES_FORWARD_CLUSTER;JUN27=PUT_CALL_PARITY;DEC28=PUT_CALL_PARITY;DEC27=PUT_CALL_PARITY;SEP27=SERIES_FORWARD_CLUSTER;JUN29=PUT_CALL_PARITY;DEC30=PUT_CALL_PARITY,OCT26=30756.75;SEP26=30766.75;NOV26=31843.125;DEC29=29950.15;DEC26=20089;MAR27=27605.125;JUN27=24445.125;DEC27=21056.75;SEP27=36064.25,DEC26=GLOBAL_REFERENCE_OUTLIER_PUT_CALL_PARITY;JUN27=GLOBAL_REFERENCE_OUTLIER_SERIES_FORWARD_CLUSTER;DEC28=GLOBAL_REFERENCE_NO_OBSERVATION;DEC27=GLOBAL_REFERENCE_OUTLIER_SERIES_FORWARD_CLUSTER;JUN29=GLOBAL_REFERENCE_NO_OBSERVATION;DEC30=GLOBAL_REFERENCE_NO_OBSERVATION,WEIGHTED_ATM,2026-10-02,5,139,0.0,NONE,5131,4631,0,0,494,NONE,MN1;MN2;MN3;MN4;MN5;QMW;QRW;QTW;QWW,OK,NONE,NONE,2026-09-24
NAS,30425.0,-6588557.617895721,1.0728779840482952,0.0,0.0,0.0,0.0,0.0,0.0,31127.04129267234,30406.45870732766,31487.332585344684,30046.167414655316,DEC26,SEP26,2026-09-25,2026-12-18,30766.75,30793.940034634394,FOUND,DEGRADED,SPOT_MONTH_FALLBACK;ESTIMATED_EXPIRY_ALIAS,2026-08-02.2,PUT_CALL_PARITY,SEP26,OCT26=PUT_CALL_PARITY;SEP26=PUT_CALL_PARITY;NOV26=SERIES_FORWARD_CLUSTER;DEC29=SERIES_FORWARD_CLUSTER;DEC26=PUT_CALL_PARITY;MAR27=SERIES_FORWARD_CLUSTER;JUN27=PUT_CALL_PARITY;DEC28=PUT_CALL_PARITY;DEC27=PUT_CALL_PARITY;SEP27=SERIES_FORWARD_CLUSTER;JUN29=PUT_CALL_PARITY;DEC30=PUT_CALL_PARITY,OCT26=30756.75;SEP26=30766.75;NOV26=31843.125;DEC29=29950.15;DEC26=20089;MAR27=27605.125;JUN27=24445.125;DEC27=21056.75;SEP27=36064.25,DEC26=GLOBAL_REFERENCE_OUTLIER_PUT_CALL_PARITY;JUN27=GLOBAL_REFERENCE_OUTLIER_SERIES_FORWARD_CLUSTER;DEC28=GLOBAL_REFERENCE_NO_OBSERVATION;DEC27=GLOBAL_REFERENCE_OUTLIER_SERIES_FORWARD_CLUSTER;JUN29=GLOBAL_REFERENCE_NO_OBSERVATION;DEC30=GLOBAL_REFERENCE_NO_OBSERVATION,WEIGHTED_ATM,2026-10-02,5,139,0.0,NONE,5131,4631,0,0,494,NONE,MN1;MN2;MN3;MN4;MN5;QMW;QRW;QTW;QWW,OK,NONE,NONE,2026-09-24
NAS,30430.0,-2259032.244450452,0.3165299362694027,0.0,0.0,0.0,0.0,0.0,0.0,31127.04129267234,30406.45870732766,31487.332585344684,30046.167414655316,DEC26,SEP26,2026-09-25,2026-12-18,30766.75,30793.940034634394,FOUND,DEGRADED,SPOT_MONTH_FALLBACK;ESTIMATED_EXPIRY_ALIAS,2026-08-02.2,PUT_CALL_PARITY,SEP26,OCT26=PUT_CALL_PARITY;SEP26=PUT_CALL_PARITY;NOV26=SERIES_FORWARD_CLUSTER;DEC29=SERIES_FORWARD_CLUSTER;DEC26=PUT_CALL_PARITY;MAR27=SERIES_FORWARD_CLUSTER;JUN27=PUT_CALL_PARITY;DEC28=PUT_CALL_PARITY;DEC27=PUT_CALL_PARITY;SEP27=SERIES_FORWARD_CLUSTER;JUN29=PUT_CALL_PARITY;DEC30=PUT_CALL_PARITY,OCT26=30756.75;SEP26=30766.75;NOV26=31843.125;DEC29=29950.15;DEC26=20089;MAR27=27605.125;JUN27=24445.125;DEC27=21056.75;SEP27=36064.25,DEC26=GLOBAL_REFERENCE_OUTLIER_PUT_CALL_PARITY;JUN27=GLOBAL_REFERENCE_OUTLIER_SERIES_FORWARD_CLUSTER;DEC28=GLOBAL_REFERENCE_NO_OBSERVATION;DEC27=GLOBAL_REFERENCE_OUTLIER_SERIES_FORWARD_CLUSTER;JUN29=GLOBAL_REFERENCE_NO_OBSERVATION;DEC30=GLOBAL_REFERENCE_NO_OBSERVATION,WEIGHTED_ATM,2026-10-02,5,139,0.0,NONE,5131,4631,0,0,494,NONE,MN1;MN2;MN3;MN4;MN5;QMW;QRW;QTW;QWW,OK,NONE,NONE,2026-09-24
NAS,30440.0,-5765111.069625262,0.6327980309269301,0.0,0.0,0.0,0.0,0.0,0.0,31127.04129267234,30406.45870732766,31487.332585344684,30046.167414655316,DEC26,SEP26,2026-09-25,2026-12-18,30766.75,30793.940034634394,FOUND,DEGRADED,SPOT_MONTH_FALLBACK;ESTIMATED_EXPIRY_ALIAS,2026-08-02.2,PUT_CALL_PARITY,SEP26,OCT26=PUT_CALL_PARITY;SEP26=PUT_CALL_PARITY;NOV26=SERIES_FORWARD_CLUSTER;DEC29=SERIES_FORWARD_CLUSTER;DEC26=PUT_CALL_PARITY;MAR27=SERIES_FORWARD_CLUSTER;JUN27=PUT_CALL_PARITY;DEC28=PUT_CALL_PARITY;DEC27=PUT_CALL_PARITY;SEP27=SERIES_FORWARD_CLUSTER;JUN29=PUT_CALL_PARITY;DEC30=PUT_CALL_PARITY,OCT26=30756.75;SEP26=30766.75;NOV26=31843.125;DEC29=29950.15;DEC26=20089;MAR27=27605.125;JUN27=24445.125;DEC27=21056.75;SEP27=36064.25,DEC26=GLOBAL_REFERENCE_OUTLIER_PUT_CALL_PARITY;JUN27=GLOBAL_REFERENCE_OUTLIER_SERIES_FORWARD_CLUSTER;DEC28=GLOBAL_REFERENCE_NO_OBSERVATION;DEC27=GLOBAL_REFERENCE_OUTLIER_SERIES_FORWARD_CLUSTER;JUN29=GLOBAL_REFERENCE_NO_OBSERVATION;DEC30=GLOBAL_REFERENCE_NO_OBSERVATION,WEIGHTED_ATM,2026-10-02,5,139,0.0,NONE,5131,4631,0,0,494,NONE,MN1;MN2;MN3;MN4;MN5;QMW;QRW;QTW;QWW,OK,NONE,NONE,2026-09-24
NAS,30450.0,-24855433.22092063,3.9219037626367217,0.0,0.0,0.0,0.0,0.0,0.0,31127.04129267234,30406.45870732766,31487.332585344684,30046.167414655316,DEC26,SEP26,2026-09-25,2026-12-18,30766.75,30793.940034634394,FOUND,DEGRADED,SPOT_MONTH_FALLBACK;ESTIMATED_EXPIRY_ALIAS,2026-08-02.2,PUT_CALL_PARITY,SEP26,OCT26=PUT_CALL_PARITY;SEP26=PUT_CALL_PARITY;NOV26=SERIES_FORWARD_CLUSTER;DEC29=SERIES_FORWARD_CLUSTER;DEC26=PUT_CALL_PARITY;MAR27=SERIES_FORWARD_CLUSTER;JUN27=PUT_CALL_PARITY;DEC28=PUT_CALL_PARITY;DEC27=PUT_CALL_PARITY;SEP27=SERIES_FORWARD_CLUSTER;JUN29=PUT_CALL_PARITY;DEC30=PUT_CALL_PARITY,OCT26=30756.75;SEP26=30766.75;NOV26=31843.125;DEC29=29950.15;DEC26=20089;MAR27=27605.125;JUN27=24445.125;DEC27=21056.75;SEP27=36064.25,DEC26=GLOBAL_REFERENCE_OUTLIER_PUT_CALL_PARITY;JUN27=GLOBAL_REFERENCE_OUTLIER_SERIES_FORWARD_CLUSTER;DEC28=GLOBAL_REFERENCE_NO_OBSERVATION;DEC27=GLOBAL_REFERENCE_OUTLIER_SERIES_FORWARD_CLUSTER;JUN29=GLOBAL_REFERENCE_NO_OBSERVATION;DEC30=GLOBAL_REFERENCE_NO_OBSERVATION,WEIGHTED_ATM,2026-10-02,5,139,0.0,NONE,5131,4631,0,0,494,NONE,MN1;MN2;MN3;MN4;MN5;QMW;QRW;QTW;QWW,OK,NONE,NONE,2026-09-24
NAS,30460.0,-2513402.8606503243,0.31999595795013414,0.0,0.0,0.0,0.0,0.0,0.0,31127.04129267234,30406.45870732766,31487.332585344684,30046.167414655316,DEC26,SEP26,2026-09-25,2026-12-18,30766.75,30793.940034634394,FOUND,DEGRADED,SPOT_MONTH_FALLBACK;ESTIMATED_EXPIRY_ALIAS,2026-08-02.2,PUT_CALL_PARITY,SEP26,OCT26=PUT_CALL_PARITY;SEP26=PUT_CALL_PARITY;NOV26=SERIES_FORWARD_CLUSTER;DEC29=SERIES_FORWARD_CLUSTER;DEC26=PUT_CALL_PARITY;MAR27=SERIES_FORWARD_CLUSTER;JUN27=PUT_CALL_PARITY;DEC28=PUT_CALL_PARITY;DEC27=PUT_CALL_PARITY;SEP27=SERIES_FORWARD_CLUSTER;JUN29=PUT_CALL_PARITY;DEC30=PUT_CALL_PARITY,OCT26=30756.75;SEP26=30766.75;NOV26=31843.125;DEC29=29950.15;DEC26=20089;MAR27=27605.125;JUN27=24445.125;DEC27=21056.75;SEP27=36064.25,DEC26=GLOBAL_REFERENCE_OUTLIER_PUT_CALL_PARITY;JUN27=GLOBAL_REFERENCE_OUTLIER_SERIES_FORWARD_CLUSTER;DEC28=GLOBAL_REFERENCE_NO_OBSERVATION;DEC27=GLOBAL_REFERENCE_OUTLIER_SERIES_FORWARD_CLUSTER;JUN29=GLOBAL_REFERENCE_NO_OBSERVATION;DEC30=GLOBAL_REFERENCE_NO_OBSERVATION,WEIGHTED_ATM,2026-10-02,5,139,0.0,NONE,5131,4631,0,0,494,NONE,MN1;MN2;MN3;MN4;MN5;QMW;QRW;QTW;QWW,OK,NONE,NONE,2026-09-24
NAS,30470.0,-1941631.906534592,0.34342790610828267,0.0,0.0,0.0,0.0,0.0,0.0,31127.04129267234,30406.45870732766,31487.332585344684,30046.167414655316,DEC26,SEP26,2026-09-25,2026-12-18,30766.75,30793.940034634394,FOUND,DEGRADED,SPOT_MONTH_FALLBACK;ESTIMATED_EXPIRY_ALIAS,2026-08-02.2,PUT_CALL_PARITY,SEP26,OCT26=PUT_CALL_PARITY;SEP26=PUT_CALL_PARITY;NOV26=SERIES_FORWARD_CLUSTER;DEC29=SERIES_FORWARD_CLUSTER;DEC26=PUT_CALL_PARITY;MAR27=SERIES_FORWARD_CLUSTER;JUN27=PUT_CALL_PARITY;DEC28=PUT_CALL_PARITY;DEC27=PUT_CALL_PARITY;SEP27=SERIES_FORWARD_CLUSTER;JUN29=PUT_CALL_PARITY;DEC30=PUT_CALL_PARITY,OCT26=30756.75;SEP26=30766.75;NOV26=31843.125;DEC29=29950.15;DEC26=20089;MAR27=27605.125;JUN27=24445.125;DEC27=21056.75;SEP27=36064.25,DEC26=GLOBAL_REFERENCE_OUTLIER_PUT_CALL_PARITY;JUN27=GLOBAL_REFERENCE_OUTLIER_SERIES_FORWARD_CLUSTER;DEC28=GLOBAL_REFERENCE_NO_OBSERVATION;DEC27=GLOBAL_REFERENCE_OUTLIER_SERIES_FORWARD_CLUSTER;JUN29=GLOBAL_REFERENCE_NO_OBSERVATION;DEC30=GLOBAL_REFERENCE_NO_OBSERVATION,WEIGHTED_ATM,2026-10-02,5,139,0.0,NONE,5131,4631,0,0,494,NONE,MN1;MN2;MN3;MN4;MN5;QMW;QRW;QTW;QWW,OK,NONE,NONE,2026-09-24
NAS,30475.0,-4525144.251344409,0.8440121209474367,0.0,0.0,0.0,0.0,0.0,0.0,31127.04129267234,30406.45870732766,31487.332585344684,30046.167414655316,DEC26,SEP26,2026-09-25,2026-12-18,30766.75,30793.940034634394,FOUND,DEGRADED,SPOT_MONTH_FALLBACK;ESTIMATED_EXPIRY_ALIAS,2026-08-02.2,PUT_CALL_PARITY,SEP26,OCT26=PUT_CALL_PARITY;SEP26=PUT_CALL_PARITY;NOV26=SERIES_FORWARD_CLUSTER;DEC29=SERIES_FORWARD_CLUSTER;DEC26=PUT_CALL_PARITY;MAR27=SERIES_FORWARD_CLUSTER;JUN27=PUT_CALL_PARITY;DEC28=PUT_CALL_PARITY;DEC27=PUT_CALL_PARITY;SEP27=SERIES_FORWARD_CLUSTER;JUN29=PUT_CALL_PARITY;DEC30=PUT_CALL_PARITY,OCT26=30756.75;SEP26=30766.75;NOV26=31843.125;DEC29=29950.15;DEC26=20089;MAR27=27605.125;JUN27=24445.125;DEC27=21056.75;SEP27=36064.25,DEC26=GLOBAL_REFERENCE_OUTLIER_PUT_CALL_PARITY;JUN27=GLOBAL_REFERENCE_OUTLIER_SERIES_FORWARD_CLUSTER;DEC28=GLOBAL_REFERENCE_NO_OBSERVATION;DEC27=GLOBAL_REFERENCE_OUTLIER_SERIES_FORWARD_CLUSTER;JUN29=GLOBAL_REFERENCE_NO_OBSERVATION;DEC30=GLOBAL_REFERENCE_NO_OBSERVATION,WEIGHTED_ATM,2026-10-02,5,139,0.0,NONE,5131,4631,0,0,494,NONE,MN1;MN2;MN3;MN4;MN5;QMW;QRW;QTW;QWW,OK,NONE,NONE,2026-09-24
NAS,30480.0,-7832825.06836815,0.9647185961565791,0.0,0.0,0.0,0.0,0.0,0.0,31127.04129267234,30406.45870732766,31487.332585344684,30046.167414655316,DEC26,SEP26,2026-09-25,2026-12-18,30766.75,30793.940034634394,FOUND,DEGRADED,SPOT_MONTH_FALLBACK;ESTIMATED_EXPIRY_ALIAS,2026-08-02.2,PUT_CALL_PARITY,SEP26,OCT26=PUT_CALL_PARITY;SEP26=PUT_CALL_PARITY;NOV26=SERIES_FORWARD_CLUSTER;DEC29=SERIES_FORWARD_CLUSTER;DEC26=PUT_CALL_PARITY;MAR27=SERIES_FORWARD_CLUSTER;JUN27=PUT_CALL_PARITY;DEC28=PUT_CALL_PARITY;DEC27=PUT_CALL_PARITY;SEP27=SERIES_FORWARD_CLUSTER;JUN29=PUT_CALL_PARITY;DEC30=PUT_CALL_PARITY,OCT26=30756.75;SEP26=30766.75;NOV26=31843.125;DEC29=29950.15;DEC26=20089;MAR27=27605.125;JUN27=24445.125;DEC27=21056.75;SEP27=36064.25,DEC26=GLOBAL_REFERENCE_OUTLIER_PUT_CALL_PARITY;JUN27=GLOBAL_REFERENCE_OUTLIER_SERIES_FORWARD_CLUSTER;DEC28=GLOBAL_REFERENCE_NO_OBSERVATION;DEC27=GLOBAL_REFERENCE_OUTLIER_SERIES_FORWARD_CLUSTER;JUN29=GLOBAL_REFERENCE_NO_OBSERVATION;DEC30=GLOBAL_REFERENCE_NO_OBSERVATION,WEIGHTED_ATM,2026-10-02,5,139,0.0,NONE,5131,4631,0,0,494,NONE,MN1;MN2;MN3;MN4;MN5;QMW;QRW;QTW;QWW,OK,NONE,NONE,2026-09-24
NAS,30490.0,-4781093.205092348,0.8923013054748813,0.0,0.0,0.0,0.0,0.0,0.0,31127.04129267234,30406.45870732766,31487.332585344684,30046.167414655316,DEC26,SEP26,2026-09-25,2026-12-18,30766.75,30793.940034634394,FOUND,DEGRADED,SPOT_MONTH_FALLBACK;ESTIMATED_EXPIRY_ALIAS,2026-08-02.2,PUT_CALL_PARITY,SEP26,OCT26=PUT_CALL_PARITY;SEP26=PUT_CALL_PARITY;NOV26=SERIES_FORWARD_CLUSTER;DEC29=SERIES_FORWARD_CLUSTER;DEC26=PUT_CALL_PARITY;MAR27=SERIES_FORWARD_CLUSTER;JUN27=PUT_CALL_PARITY;DEC28=PUT_CALL_PARITY;DEC27=PUT_CALL_PARITY;SEP27=SERIES_FORWARD_CLUSTER;JUN29=PUT_CALL_PARITY;DEC30=PUT_CALL_PARITY,OCT26=30756.75;SEP26=30766.75;NOV26=31843.125;DEC29=29950.15;DEC26=20089;MAR27=27605.125;JUN27=24445.125;DEC27=21056.75;SEP27=36064.25,DEC26=GLOBAL_REFERENCE_OUTLIER_PUT_CALL_PARITY;JUN27=GLOBAL_REFERENCE_OUTLIER_SERIES_FORWARD_CLUSTER;DEC28=GLOBAL_REFERENCE_NO_OBSERVATION;DEC27=GLOBAL_REFERENCE_OUTLIER_SERIES_FORWARD_CLUSTER;JUN29=GLOBAL_REFERENCE_NO_OBSERVATION;DEC30=GLOBAL_REFERENCE_NO_OBSERVATION,WEIGHTED_ATM,2026-10-02,5,139,0.0,NONE,5131,4631,0,0,494,NONE,MN1;MN2;MN3;MN4;MN5;QMW;QRW;QTW;QWW,OK,NONE,NONE,2026-09-24
NAS,30500.0,-7571344.482367396,18.20598852177011,0.0,0.0,0.0,0.0,0.0,0.0,31127.04129267234,30406.45870732766,31487.332585344684,30046.167414655316,DEC26,SEP26,2026-09-25,2026-12-18,30766.75,30793.940034634394,FOUND,DEGRADED,SPOT_MONTH_FALLBACK;ESTIMATED_EXPIRY_ALIAS,2026-08-02.2,PUT_CALL_PARITY,SEP26,OCT26=PUT_CALL_PARITY;SEP26=PUT_CALL_PARITY;NOV26=SERIES_FORWARD_CLUSTER;DEC29=SERIES_FORWARD_CLUSTER;DEC26=PUT_CALL_PARITY;MAR27=SERIES_FORWARD_CLUSTER;JUN27=PUT_CALL_PARITY;DEC28=PUT_CALL_PARITY;DEC27=PUT_CALL_PARITY;SEP27=SERIES_FORWARD_CLUSTER;JUN29=PUT_CALL_PARITY;DEC30=PUT_CALL_PARITY,OCT26=30756.75;SEP26=30766.75;NOV26=31843.125;DEC29=29950.15;DEC26=20089;MAR27=27605.125;JUN27=24445.125;DEC27=21056.75;SEP27=36064.25,DEC26=GLOBAL_REFERENCE_OUTLIER_PUT_CALL_PARITY;JUN27=GLOBAL_REFERENCE_OUTLIER_SERIES_FORWARD_CLUSTER;DEC28=GLOBAL_REFERENCE_NO_OBSERVATION;DEC27=GLOBAL_REFERENCE_OUTLIER_SERIES_FORWARD_CLUSTER;JUN29=GLOBAL_REFERENCE_NO_OBSERVATION;DEC30=GLOBAL_REFERENCE_NO_OBSERVATION,WEIGHTED_ATM,2026-10-02,5,139,0.0,NONE,5131,4631,0,0,494,NONE,MN1;MN2;MN3;MN4;MN5;QMW;QRW;QTW;QWW,OK,NONE,NONE,2026-09-24
NAS,30510.0,-5920374.705894457,0.6547589950790225,0.0,0.0,0.0,0.0,0.0,0.0,31127.04129267234,30406.45870732766,31487.332585344684,30046.167414655316,DEC26,SEP26,2026-09-25,2026-12-18,30766.75,30793.940034634394,FOUND,DEGRADED,SPOT_MONTH_FALLBACK;ESTIMATED_EXPIRY_ALIAS,2026-08-02.2,PUT_CALL_PARITY,SEP26,OCT26=PUT_CALL_PARITY;SEP26=PUT_CALL_PARITY;NOV26=SERIES_FORWARD_CLUSTER;DEC29=SERIES_FORWARD_CLUSTER;DEC26=PUT_CALL_PARITY;MAR27=SERIES_FORWARD_CLUSTER;JUN27=PUT_CALL_PARITY;DEC28=PUT_CALL_PARITY;DEC27=PUT_CALL_PARITY;SEP27=SERIES_FORWARD_CLUSTER;JUN29=PUT_CALL_PARITY;DEC30=PUT_CALL_PARITY,OCT26=30756.75;SEP26=30766.75;NOV26=31843.125;DEC29=29950.15;DEC26=20089;MAR27=27605.125;JUN27=24445.125;DEC27=21056.75;SEP27=36064.25,DEC26=GLOBAL_REFERENCE_OUTLIER_PUT_CALL_PARITY;JUN27=GLOBAL_REFERENCE_OUTLIER_SERIES_FORWARD_CLUSTER;DEC28=GLOBAL_REFERENCE_NO_OBSERVATION;DEC27=GLOBAL_REFERENCE_OUTLIER_SERIES_FORWARD_CLUSTER;JUN29=GLOBAL_REFERENCE_NO_OBSERVATION;DEC30=GLOBAL_REFERENCE_NO_OBSERVATION,WEIGHTED_ATM,2026-10-02,5,139,0.0,NONE,5131,4631,0,0,494,NONE,MN1;MN2;MN3;MN4;MN5;QMW;QRW;QTW;QWW,OK,NONE,NONE,2026-09-24
NAS,30520.0,-14510666.059670823,1.711277849918258,0.0,0.0,0.0,0.0,0.0,0.0,31127.04129267234,30406.45870732766,31487.332585344684,30046.167414655316,DEC26,SEP26,2026-09-25,2026-12-18,30766.75,30793.940034634394,FOUND,DEGRADED,SPOT_MONTH_FALLBACK;ESTIMATED_EXPIRY_ALIAS,2026-08-02.2,PUT_CALL_PARITY,SEP26,OCT26=PUT_CALL_PARITY;SEP26=PUT_CALL_PARITY;NOV26=SERIES_FORWARD_CLUSTER;DEC29=SERIES_FORWARD_CLUSTER;DEC26=PUT_CALL_PARITY;MAR27=SERIES_FORWARD_CLUSTER;JUN27=PUT_CALL_PARITY;DEC28=PUT_CALL_PARITY;DEC27=PUT_CALL_PARITY;SEP27=SERIES_FORWARD_CLUSTER;JUN29=PUT_CALL_PARITY;DEC30=PUT_CALL_PARITY,OCT26=30756.75;SEP26=30766.75;NOV26=31843.125;DEC29=29950.15;DEC26=20089;MAR27=27605.125;JUN27=24445.125;DEC27=21056.75;SEP27=36064.25,DEC26=GLOBAL_REFERENCE_OUTLIER_PUT_CALL_PARITY;JUN27=GLOBAL_REFERENCE_OUTLIER_SERIES_FORWARD_CLUSTER;DEC28=GLOBAL_REFERENCE_NO_OBSERVATION;DEC27=GLOBAL_REFERENCE_OUTLIER_SERIES_FORWARD_CLUSTER;JUN29=GLOBAL_REFERENCE_NO_OBSERVATION;DEC30=GLOBAL_REFERENCE_NO_OBSERVATION,WEIGHTED_ATM,2026-10-02,5,139,0.0,NONE,5131,4631,0,0,494,NONE,MN1;MN2;MN3;MN4;MN5;QMW;QRW;QTW;QWW,OK,NONE,NONE,2026-09-24
NAS,30525.0,-13132106.030757338,2.0021126600812553,0.0,0.0,0.0,0.0,0.0,0.0,31127.04129267234,30406.45870732766,31487.332585344684,30046.167414655316,DEC26,SEP26,2026-09-25,2026-12-18,30766.75,30793.940034634394,FOUND,DEGRADED,SPOT_MONTH_FALLBACK;ESTIMATED_EXPIRY_ALIAS,2026-08-02.2,PUT_CALL_PARITY,SEP26,OCT26=PUT_CALL_PARITY;SEP26=PUT_CALL_PARITY;NOV26=SERIES_FORWARD_CLUSTER;DEC29=SERIES_FORWARD_CLUSTER;DEC26=PUT_CALL_PARITY;MAR27=SERIES_FORWARD_CLUSTER;JUN27=PUT_CALL_PARITY;DEC28=PUT_CALL_PARITY;DEC27=PUT_CALL_PARITY;SEP27=SERIES_FORWARD_CLUSTER;JUN29=PUT_CALL_PARITY;DEC30=PUT_CALL_PARITY,OCT26=30756.75;SEP26=30766.75;NOV26=31843.125;DEC29=29950.15;DEC26=20089;MAR27=27605.125;JUN27=24445.125;DEC27=21056.75;SEP27=36064.25,DEC26=GLOBAL_REFERENCE_OUTLIER_PUT_CALL_PARITY;JUN27=GLOBAL_REFERENCE_OUTLIER_SERIES_FORWARD_CLUSTER;DEC28=GLOBAL_REFERENCE_NO_OBSERVATION;DEC27=GLOBAL_REFERENCE_OUTLIER_SERIES_FORWARD_CLUSTER;JUN29=GLOBAL_REFERENCE_NO_OBSERVATION;DEC30=GLOBAL_REFERENCE_NO_OBSERVATION,WEIGHTED_ATM,2026-10-02,5,139,0.0,NONE,5131,4631,0,0,494,NONE,MN1;MN2;MN3;MN4;MN5;QMW;QRW;QTW;QWW,OK,NONE,NONE,2026-09-24
NAS,30530.0,-4213466.382887042,0.531502294020504,0.0,0.0,0.0,0.0,0.0,0.0,31127.04129267234,30406.45870732766,31487.332585344684,30046.167414655316,DEC26,SEP26,2026-09-25,2026-12-18,30766.75,30793.940034634394,FOUND,DEGRADED,SPOT_MONTH_FALLBACK;ESTIMATED_EXPIRY_ALIAS,2026-08-02.2,PUT_CALL_PARITY,SEP26,OCT26=PUT_CALL_PARITY;SEP26=PUT_CALL_PARITY;NOV26=SERIES_FORWARD_CLUSTER;DEC29=SERIES_FORWARD_CLUSTER;DEC26=PUT_CALL_PARITY;MAR27=SERIES_FORWARD_CLUSTER;JUN27=PUT_CALL_PARITY;DEC28=PUT_CALL_PARITY;DEC27=PUT_CALL_PARITY;SEP27=SERIES_FORWARD_CLUSTER;JUN29=PUT_CALL_PARITY;DEC30=PUT_CALL_PARITY,OCT26=30756.75;SEP26=30766.75;NOV26=31843.125;DEC29=29950.15;DEC26=20089;MAR27=27605.125;JUN27=24445.125;DEC27=21056.75;SEP27=36064.25,DEC26=GLOBAL_REFERENCE_OUTLIER_PUT_CALL_PARITY;JUN27=GLOBAL_REFERENCE_OUTLIER_SERIES_FORWARD_CLUSTER;DEC28=GLOBAL_REFERENCE_NO_OBSERVATION;DEC27=GLOBAL_REFERENCE_OUTLIER_SERIES_FORWARD_CLUSTER;JUN29=GLOBAL_REFERENCE_NO_OBSERVATION;DEC30=GLOBAL_REFERENCE_NO_OBSERVATION,WEIGHTED_ATM,2026-10-02,5,139,0.0,NONE,5131,4631,0,0,494,NONE,MN1;MN2;MN3;MN4;MN5;QMW;QRW;QTW;QWW,OK,NONE,NONE,2026-09-24
NAS,30540.0,-4007365.0794875054,0.42334619834343495,0.0,0.0,0.0,0.0,0.0,0.0,31127.04129267234,30406.45870732766,31487.332585344684,30046.167414655316,DEC26,SEP26,2026-09-25,2026-12-18,30766.75,30793.940034634394,FOUND,DEGRADED,SPOT_MONTH_FALLBACK;ESTIMATED_EXPIRY_ALIAS,2026-08-02.2,PUT_CALL_PARITY,SEP26,OCT26=PUT_CALL_PARITY;SEP26=PUT_CALL_PARITY;NOV26=SERIES_FORWARD_CLUSTER;DEC29=SERIES_FORWARD_CLUSTER;DEC26=PUT_CALL_PARITY;MAR27=SERIES_FORWARD_CLUSTER;JUN27=PUT_CALL_PARITY;DEC28=PUT_CALL_PARITY;DEC27=PUT_CALL_PARITY;SEP27=SERIES_FORWARD_CLUSTER;JUN29=PUT_CALL_PARITY;DEC30=PUT_CALL_PARITY,OCT26=30756.75;SEP26=30766.75;NOV26=31843.125;DEC29=29950.15;DEC26=20089;MAR27=27605.125;JUN27=24445.125;DEC27=21056.75;SEP27=36064.25,DEC26=GLOBAL_REFERENCE_OUTLIER_PUT_CALL_PARITY;JUN27=GLOBAL_REFERENCE_OUTLIER_SERIES_FORWARD_CLUSTER;DEC28=GLOBAL_REFERENCE_NO_OBSERVATION;DEC27=GLOBAL_REFERENCE_OUTLIER_SERIES_FORWARD_CLUSTER;JUN29=GLOBAL_REFERENCE_NO_OBSERVATION;DEC30=GLOBAL_REFERENCE_NO_OBSERVATION,WEIGHTED_ATM,2026-10-02,5,139,0.0,NONE,5131,4631,0,0,494,NONE,MN1;MN2;MN3;MN4;MN5;QMW;QRW;QTW;QWW,OK,NONE,NONE,2026-09-24
NAS,30550.0,-6580456.372154169,4.912275423225271,0.0,0.0,0.0,0.0,0.0,0.0,31127.04129267234,30406.45870732766,31487.332585344684,30046.167414655316,DEC26,SEP26,2026-09-25,2026-12-18,30766.75,30793.940034634394,FOUND,DEGRADED,SPOT_MONTH_FALLBACK;ESTIMATED_EXPIRY_ALIAS,2026-08-02.2,PUT_CALL_PARITY,SEP26,OCT26=PUT_CALL_PARITY;SEP26=PUT_CALL_PARITY;NOV26=SERIES_FORWARD_CLUSTER;DEC29=SERIES_FORWARD_CLUSTER;DEC26=PUT_CALL_PARITY;MAR27=SERIES_FORWARD_CLUSTER;JUN27=PUT_CALL_PARITY;DEC28=PUT_CALL_PARITY;DEC27=PUT_CALL_PARITY;SEP27=SERIES_FORWARD_CLUSTER;JUN29=PUT_CALL_PARITY;DEC30=PUT_CALL_PARITY,OCT26=30756.75;SEP26=30766.75;NOV26=31843.125;DEC29=29950.15;DEC26=20089;MAR27=27605.125;JUN27=24445.125;DEC27=21056.75;SEP27=36064.25,DEC26=GLOBAL_REFERENCE_OUTLIER_PUT_CALL_PARITY;JUN27=GLOBAL_REFERENCE_OUTLIER_SERIES_FORWARD_CLUSTER;DEC28=GLOBAL_REFERENCE_NO_OBSERVATION;DEC27=GLOBAL_REFERENCE_OUTLIER_SERIES_FORWARD_CLUSTER;JUN29=GLOBAL_REFERENCE_NO_OBSERVATION;DEC30=GLOBAL_REFERENCE_NO_OBSERVATION,WEIGHTED_ATM,2026-10-02,5,139,0.0,NONE,5131,4631,0,0,494,NONE,MN1;MN2;MN3;MN4;MN5;QMW;QRW;QTW;QWW,OK,NONE,NONE,2026-09-24
NAS,30560.0,-16654819.248948796,1.790725692400713,0.0,0.0,0.0,0.0,0.0,0.0,31127.04129267234,30406.45870732766,31487.332585344684,30046.167414655316,DEC26,SEP26,2026-09-25,2026-12-18,30766.75,30793.940034634394,FOUND,DEGRADED,SPOT_MONTH_FALLBACK;ESTIMATED_EXPIRY_ALIAS,2026-08-02.2,PUT_CALL_PARITY,SEP26,OCT26=PUT_CALL_PARITY;SEP26=PUT_CALL_PARITY;NOV26=SERIES_FORWARD_CLUSTER;DEC29=SERIES_FORWARD_CLUSTER;DEC26=PUT_CALL_PARITY;MAR27=SERIES_FORWARD_CLUSTER;JUN27=PUT_CALL_PARITY;DEC28=PUT_CALL_PARITY;DEC27=PUT_CALL_PARITY;SEP27=SERIES_FORWARD_CLUSTER;JUN29=PUT_CALL_PARITY;DEC30=PUT_CALL_PARITY,OCT26=30756.75;SEP26=30766.75;NOV26=31843.125;DEC29=29950.15;DEC26=20089;MAR27=27605.125;JUN27=24445.125;DEC27=21056.75;SEP27=36064.25,DEC26=GLOBAL_REFERENCE_OUTLIER_PUT_CALL_PARITY;JUN27=GLOBAL_REFERENCE_OUTLIER_SERIES_FORWARD_CLUSTER;DEC28=GLOBAL_REFERENCE_NO_OBSERVATION;DEC27=GLOBAL_REFERENCE_OUTLIER_SERIES_FORWARD_CLUSTER;JUN29=GLOBAL_REFERENCE_NO_OBSERVATION;DEC30=GLOBAL_REFERENCE_NO_OBSERVATION,WEIGHTED_ATM,2026-10-02,5,139,0.0,NONE,5131,4631,0,0,494,NONE,MN1;MN2;MN3;MN4;MN5;QMW;QRW;QTW;QWW,OK,NONE,NONE,2026-09-24
NAS,30570.0,-5937798.716456097,0.6905526966732591,0.0,0.0,0.0,0.0,0.0,0.0,31127.04129267234,30406.45870732766,31487.332585344684,30046.167414655316,DEC26,SEP26,2026-09-25,2026-12-18,30766.75,30793.940034634394,FOUND,DEGRADED,SPOT_MONTH_FALLBACK;ESTIMATED_EXPIRY_ALIAS,2026-08-02.2,PUT_CALL_PARITY,SEP26,OCT26=PUT_CALL_PARITY;SEP26=PUT_CALL_PARITY;NOV26=SERIES_FORWARD_CLUSTER;DEC29=SERIES_FORWARD_CLUSTER;DEC26=PUT_CALL_PARITY;MAR27=SERIES_FORWARD_CLUSTER;JUN27=PUT_CALL_PARITY;DEC28=PUT_CALL_PARITY;DEC27=PUT_CALL_PARITY;SEP27=SERIES_FORWARD_CLUSTER;JUN29=PUT_CALL_PARITY;DEC30=PUT_CALL_PARITY,OCT26=30756.75;SEP26=30766.75;NOV26=31843.125;DEC29=29950.15;DEC26=20089;MAR27=27605.125;JUN27=24445.125;DEC27=21056.75;SEP27=36064.25,DEC26=GLOBAL_REFERENCE_OUTLIER_PUT_CALL_PARITY;JUN27=GLOBAL_REFERENCE_OUTLIER_SERIES_FORWARD_CLUSTER;DEC28=GLOBAL_REFERENCE_NO_OBSERVATION;DEC27=GLOBAL_REFERENCE_OUTLIER_SERIES_FORWARD_CLUSTER;JUN29=GLOBAL_REFERENCE_NO_OBSERVATION;DEC30=GLOBAL_REFERENCE_NO_OBSERVATION,WEIGHTED_ATM,2026-10-02,5,139,0.0,NONE,5131,4631,0,0,494,NONE,MN1;MN2;MN3;MN4;MN5;QMW;QRW;QTW;QWW,OK,NONE,NONE,2026-09-24
NAS,30575.0,-16994726.517589245,2.4254514010762804,0.0,0.0,0.0,0.0,0.0,0.0,31127.04129267234,30406.45870732766,31487.332585344684,30046.167414655316,DEC26,SEP26,2026-09-25,2026-12-18,30766.75,30793.940034634394,FOUND,DEGRADED,SPOT_MONTH_FALLBACK;ESTIMATED_EXPIRY_ALIAS,2026-08-02.2,PUT_CALL_PARITY,SEP26,OCT26=PUT_CALL_PARITY;SEP26=PUT_CALL_PARITY;NOV26=SERIES_FORWARD_CLUSTER;DEC29=SERIES_FORWARD_CLUSTER;DEC26=PUT_CALL_PARITY;MAR27=SERIES_FORWARD_CLUSTER;JUN27=PUT_CALL_PARITY;DEC28=PUT_CALL_PARITY;DEC27=PUT_CALL_PARITY;SEP27=SERIES_FORWARD_CLUSTER;JUN29=PUT_CALL_PARITY;DEC30=PUT_CALL_PARITY,OCT26=30756.75;SEP26=30766.75;NOV26=31843.125;DEC29=29950.15;DEC26=20089;MAR27=27605.125;JUN27=24445.125;DEC27=21056.75;SEP27=36064.25,DEC26=GLOBAL_REFERENCE_OUTLIER_PUT_CALL_PARITY;JUN27=GLOBAL_REFERENCE_OUTLIER_SERIES_FORWARD_CLUSTER;DEC28=GLOBAL_REFERENCE_NO_OBSERVATION;DEC27=GLOBAL_REFERENCE_OUTLIER_SERIES_FORWARD_CLUSTER;JUN29=GLOBAL_REFERENCE_NO_OBSERVATION;DEC30=GLOBAL_REFERENCE_NO_OBSERVATION,WEIGHTED_ATM,2026-10-02,5,139,0.0,NONE,5131,4631,0,0,494,NONE,MN1;MN2;MN3;MN4;MN5;QMW;QRW;QTW;QWW,OK,NONE,NONE,2026-09-24
NAS,30580.0,-17249663.0257255,1.9502800365281812,0.0,0.0,0.0,0.0,0.0,0.0,31127.04129267234,30406.45870732766,31487.332585344684,30046.167414655316,DEC26,SEP26,2026-09-25,2026-12-18,30766.75,30793.940034634394,FOUND,DEGRADED,SPOT_MONTH_FALLBACK;ESTIMATED_EXPIRY_ALIAS,2026-08-02.2,PUT_CALL_PARITY,SEP26,OCT26=PUT_CALL_PARITY;SEP26=PUT_CALL_PARITY;NOV26=SERIES_FORWARD_CLUSTER;DEC29=SERIES_FORWARD_CLUSTER;DEC26=PUT_CALL_PARITY;MAR27=SERIES_FORWARD_CLUSTER;JUN27=PUT_CALL_PARITY;DEC28=PUT_CALL_PARITY;DEC27=PUT_CALL_PARITY;SEP27=SERIES_FORWARD_CLUSTER;JUN29=PUT_CALL_PARITY;DEC30=PUT_CALL_PARITY,OCT26=30756.75;SEP26=30766.75;NOV26=31843.125;DEC29=29950.15;DEC26=20089;MAR27=27605.125;JUN27=24445.125;DEC27=21056.75;SEP27=36064.25,DEC26=GLOBAL_REFERENCE_OUTLIER_PUT_CALL_PARITY;JUN27=GLOBAL_REFERENCE_OUTLIER_SERIES_FORWARD_CLUSTER;DEC28=GLOBAL_REFERENCE_NO_OBSERVATION;DEC27=GLOBAL_REFERENCE_OUTLIER_SERIES_FORWARD_CLUSTER;JUN29=GLOBAL_REFERENCE_NO_OBSERVATION;DEC30=GLOBAL_REFERENCE_NO_OBSERVATION,WEIGHTED_ATM,2026-10-02,5,139,0.0,NONE,5131,4631,0,0,494,NONE,MN1;MN2;MN3;MN4;MN5;QMW;QRW;QTW;QWW,OK,NONE,NONE,2026-09-24
NAS,30590.0,-7985408.187196312,0.9728827723318871,0.0,0.0,0.0,0.0,0.0,0.0,31127.04129267234,30406.45870732766,31487.332585344684,30046.167414655316,DEC26,SEP26,2026-09-25,2026-12-18,30766.75,30793.940034634394,FOUND,DEGRADED,SPOT_MONTH_FALLBACK;ESTIMATED_EXPIRY_ALIAS,2026-08-02.2,PUT_CALL_PARITY,SEP26,OCT26=PUT_CALL_PARITY;SEP26=PUT_CALL_PARITY;NOV26=SERIES_FORWARD_CLUSTER;DEC29=SERIES_FORWARD_CLUSTER;DEC26=PUT_CALL_PARITY;MAR27=SERIES_FORWARD_CLUSTER;JUN27=PUT_CALL_PARITY;DEC28=PUT_CALL_PARITY;DEC27=PUT_CALL_PARITY;SEP27=SERIES_FORWARD_CLUSTER;JUN29=PUT_CALL_PARITY;DEC30=PUT_CALL_PARITY,OCT26=30756.75;SEP26=30766.75;NOV26=31843.125;DEC29=29950.15;DEC26=20089;MAR27=27605.125;JUN27=24445.125;DEC27=21056.75;SEP27=36064.25,DEC26=GLOBAL_REFERENCE_OUTLIER_PUT_CALL_PARITY;JUN27=GLOBAL_REFERENCE_OUTLIER_SERIES_FORWARD_CLUSTER;DEC28=GLOBAL_REFERENCE_NO_OBSERVATION;DEC27=GLOBAL_REFERENCE_OUTLIER_SERIES_FORWARD_CLUSTER;JUN29=GLOBAL_REFERENCE_NO_OBSERVATION;DEC30=GLOBAL_REFERENCE_NO_OBSERVATION,WEIGHTED_ATM,2026-10-02,5,139,0.0,NONE,5131,4631,0,0,494,NONE,MN1;MN2;MN3;MN4;MN5;QMW;QRW;QTW;QWW,OK,NONE,NONE,2026-09-24
NAS,30600.0,-2780887.212933183,13.079065175955217,0.0,0.0,0.0,0.0,0.0,0.0,31127.04129267234,30406.45870732766,31487.332585344684,30046.167414655316,DEC26,SEP26,2026-09-25,2026-12-18,30766.75,30793.940034634394,FOUND,DEGRADED,SPOT_MONTH_FALLBACK;ESTIMATED_EXPIRY_ALIAS,2026-08-02.2,PUT_CALL_PARITY,SEP26,OCT26=PUT_CALL_PARITY;SEP26=PUT_CALL_PARITY;NOV26=SERIES_FORWARD_CLUSTER;DEC29=SERIES_FORWARD_CLUSTER;DEC26=PUT_CALL_PARITY;MAR27=SERIES_FORWARD_CLUSTER;JUN27=PUT_CALL_PARITY;DEC28=PUT_CALL_PARITY;DEC27=PUT_CALL_PARITY;SEP27=SERIES_FORWARD_CLUSTER;JUN29=PUT_CALL_PARITY;DEC30=PUT_CALL_PARITY,OCT26=30756.75;SEP26=30766.75;NOV26=31843.125;DEC29=29950.15;DEC26=20089;MAR27=27605.125;JUN27=24445.125;DEC27=21056.75;SEP27=36064.25,DEC26=GLOBAL_REFERENCE_OUTLIER_PUT_CALL_PARITY;JUN27=GLOBAL_REFERENCE_OUTLIER_SERIES_FORWARD_CLUSTER;DEC28=GLOBAL_REFERENCE_NO_OBSERVATION;DEC27=GLOBAL_REFERENCE_OUTLIER_SERIES_FORWARD_CLUSTER;JUN29=GLOBAL_REFERENCE_NO_OBSERVATION;DEC30=GLOBAL_REFERENCE_NO_OBSERVATION,WEIGHTED_ATM,2026-10-02,5,139,0.0,NONE,5131,4631,0,0,494,NONE,MN1;MN2;MN3;MN4;MN5;QMW;QRW;QTW;QWW,OK,NONE,NONE,2026-09-24
NAS,30610.0,-19863356.284244727,2.418236619518524,0.0,0.0,0.0,0.0,0.0,0.0,31127.04129267234,30406.45870732766,31487.332585344684,30046.167414655316,DEC26,SEP26,2026-09-25,2026-12-18,30766.75,30793.940034634394,FOUND,DEGRADED,SPOT_MONTH_FALLBACK;ESTIMATED_EXPIRY_ALIAS,2026-08-02.2,PUT_CALL_PARITY,SEP26,OCT26=PUT_CALL_PARITY;SEP26=PUT_CALL_PARITY;NOV26=SERIES_FORWARD_CLUSTER;DEC29=SERIES_FORWARD_CLUSTER;DEC26=PUT_CALL_PARITY;MAR27=SERIES_FORWARD_CLUSTER;JUN27=PUT_CALL_PARITY;DEC28=PUT_CALL_PARITY;DEC27=PUT_CALL_PARITY;SEP27=SERIES_FORWARD_CLUSTER;JUN29=PUT_CALL_PARITY;DEC30=PUT_CALL_PARITY,OCT26=30756.75;SEP26=30766.75;NOV26=31843.125;DEC29=29950.15;DEC26=20089;MAR27=27605.125;JUN27=24445.125;DEC27=21056.75;SEP27=36064.25,DEC26=GLOBAL_REFERENCE_OUTLIER_PUT_CALL_PARITY;JUN27=GLOBAL_REFERENCE_OUTLIER_SERIES_FORWARD_CLUSTER;DEC28=GLOBAL_REFERENCE_NO_OBSERVATION;DEC27=GLOBAL_REFERENCE_OUTLIER_SERIES_FORWARD_CLUSTER;JUN29=GLOBAL_REFERENCE_NO_OBSERVATION;DEC30=GLOBAL_REFERENCE_NO_OBSERVATION,WEIGHTED_ATM,2026-10-02,5,139,0.0,NONE,5131,4631,0,0,494,NONE,MN1;MN2;MN3;MN4;MN5;QMW;QRW;QTW;QWW,OK,NONE,NONE,2026-09-24
NAS,30620.0,-2718195.954551954,0.6535837105057323,0.0,0.0,0.0,0.0,0.0,0.0,31127.04129267234,30406.45870732766,31487.332585344684,30046.167414655316,DEC26,SEP26,2026-09-25,2026-12-18,30766.75,30793.940034634394,FOUND,DEGRADED,SPOT_MONTH_FALLBACK;ESTIMATED_EXPIRY_ALIAS,2026-08-02.2,PUT_CALL_PARITY,SEP26,OCT26=PUT_CALL_PARITY;SEP26=PUT_CALL_PARITY;NOV26=SERIES_FORWARD_CLUSTER;DEC29=SERIES_FORWARD_CLUSTER;DEC26=PUT_CALL_PARITY;MAR27=SERIES_FORWARD_CLUSTER;JUN27=PUT_CALL_PARITY;DEC28=PUT_CALL_PARITY;DEC27=PUT_CALL_PARITY;SEP27=SERIES_FORWARD_CLUSTER;JUN29=PUT_CALL_PARITY;DEC30=PUT_CALL_PARITY,OCT26=30756.75;SEP26=30766.75;NOV26=31843.125;DEC29=29950.15;DEC26=20089;MAR27=27605.125;JUN27=24445.125;DEC27=21056.75;SEP27=36064.25,DEC26=GLOBAL_REFERENCE_OUTLIER_PUT_CALL_PARITY;JUN27=GLOBAL_REFERENCE_OUTLIER_SERIES_FORWARD_CLUSTER;DEC28=GLOBAL_REFERENCE_NO_OBSERVATION;DEC27=GLOBAL_REFERENCE_OUTLIER_SERIES_FORWARD_CLUSTER;JUN29=GLOBAL_REFERENCE_NO_OBSERVATION;DEC30=GLOBAL_REFERENCE_NO_OBSERVATION,WEIGHTED_ATM,2026-10-02,5,139,0.0,NONE,5131,4631,0,0,494,NONE,MN1;MN2;MN3;MN4;MN5;QMW;QRW;QTW;QWW,OK,NONE,NONE,2026-09-24
NAS,30625.0,-7982956.631860903,2.224452588027872,0.0,0.0,0.0,0.0,0.0,0.0,31127.04129267234,30406.45870732766,31487.332585344684,30046.167414655316,DEC26,SEP26,2026-09-25,2026-12-18,30766.75,30793.940034634394,FOUND,DEGRADED,SPOT_MONTH_FALLBACK;ESTIMATED_EXPIRY_ALIAS,2026-08-02.2,PUT_CALL_PARITY,SEP26,OCT26=PUT_CALL_PARITY;SEP26=PUT_CALL_PARITY;NOV26=SERIES_FORWARD_CLUSTER;DEC29=SERIES_FORWARD_CLUSTER;DEC26=PUT_CALL_PARITY;MAR27=SERIES_FORWARD_CLUSTER;JUN27=PUT_CALL_PARITY;DEC28=PUT_CALL_PARITY;DEC27=PUT_CALL_PARITY;SEP27=SERIES_FORWARD_CLUSTER;JUN29=PUT_CALL_PARITY;DEC30=PUT_CALL_PARITY,OCT26=30756.75;SEP26=30766.75;NOV26=31843.125;DEC29=29950.15;DEC26=20089;MAR27=27605.125;JUN27=24445.125;DEC27=21056.75;SEP27=36064.25,DEC26=GLOBAL_REFERENCE_OUTLIER_PUT_CALL_PARITY;JUN27=GLOBAL_REFERENCE_OUTLIER_SERIES_FORWARD_CLUSTER;DEC28=GLOBAL_REFERENCE_NO_OBSERVATION;DEC27=GLOBAL_REFERENCE_OUTLIER_SERIES_FORWARD_CLUSTER;JUN29=GLOBAL_REFERENCE_NO_OBSERVATION;DEC30=GLOBAL_REFERENCE_NO_OBSERVATION,WEIGHTED_ATM,2026-10-02,5,139,0.0,NONE,5131,4631,0,0,494,NONE,MN1;MN2;MN3;MN4;MN5;QMW;QRW;QTW;QWW,OK,NONE,NONE,2026-09-24
NAS,30630.0,-6486714.673695211,0.7188682684745215,0.0,0.0,0.0,0.0,0.0,0.0,31127.04129267234,30406.45870732766,31487.332585344684,30046.167414655316,DEC26,SEP26,2026-09-25,2026-12-18,30766.75,30793.940034634394,FOUND,DEGRADED,SPOT_MONTH_FALLBACK;ESTIMATED_EXPIRY_ALIAS,2026-08-02.2,PUT_CALL_PARITY,SEP26,OCT26=PUT_CALL_PARITY;SEP26=PUT_CALL_PARITY;NOV26=SERIES_FORWARD_CLUSTER;DEC29=SERIES_FORWARD_CLUSTER;DEC26=PUT_CALL_PARITY;MAR27=SERIES_FORWARD_CLUSTER;JUN27=PUT_CALL_PARITY;DEC28=PUT_CALL_PARITY;DEC27=PUT_CALL_PARITY;SEP27=SERIES_FORWARD_CLUSTER;JUN29=PUT_CALL_PARITY;DEC30=PUT_CALL_PARITY,OCT26=30756.75;SEP26=30766.75;NOV26=31843.125;DEC29=29950.15;DEC26=20089;MAR27=27605.125;JUN27=24445.125;DEC27=21056.75;SEP27=36064.25,DEC26=GLOBAL_REFERENCE_OUTLIER_PUT_CALL_PARITY;JUN27=GLOBAL_REFERENCE_OUTLIER_SERIES_FORWARD_CLUSTER;DEC28=GLOBAL_REFERENCE_NO_OBSERVATION;DEC27=GLOBAL_REFERENCE_OUTLIER_SERIES_FORWARD_CLUSTER;JUN29=GLOBAL_REFERENCE_NO_OBSERVATION;DEC30=GLOBAL_REFERENCE_NO_OBSERVATION,WEIGHTED_ATM,2026-10-02,5,139,0.0,NONE,5131,4631,0,0,494,NONE,MN1;MN2;MN3;MN4;MN5;QMW;QRW;QTW;QWW,OK,NONE,NONE,2026-09-24
NAS,30640.0,-3255088.028823805,0.4116557841731744,0.0,0.0,0.0,0.0,0.0,0.0,31127.04129267234,30406.45870732766,31487.332585344684,30046.167414655316,DEC26,SEP26,2026-09-25,2026-12-18,30766.75,30793.940034634394,FOUND,DEGRADED,SPOT_MONTH_FALLBACK;ESTIMATED_EXPIRY_ALIAS,2026-08-02.2,PUT_CALL_PARITY,SEP26,OCT26=PUT_CALL_PARITY;SEP26=PUT_CALL_PARITY;NOV26=SERIES_FORWARD_CLUSTER;DEC29=SERIES_FORWARD_CLUSTER;DEC26=PUT_CALL_PARITY;MAR27=SERIES_FORWARD_CLUSTER;JUN27=PUT_CALL_PARITY;DEC28=PUT_CALL_PARITY;DEC27=PUT_CALL_PARITY;SEP27=SERIES_FORWARD_CLUSTER;JUN29=PUT_CALL_PARITY;DEC30=PUT_CALL_PARITY,OCT26=30756.75;SEP26=30766.75;NOV26=31843.125;DEC29=29950.15;DEC26=20089;MAR27=27605.125;JUN27=24445.125;DEC27=21056.75;SEP27=36064.25,DEC26=GLOBAL_REFERENCE_OUTLIER_PUT_CALL_PARITY;JUN27=GLOBAL_REFERENCE_OUTLIER_SERIES_FORWARD_CLUSTER;DEC28=GLOBAL_REFERENCE_NO_OBSERVATION;DEC27=GLOBAL_REFERENCE_OUTLIER_SERIES_FORWARD_CLUSTER;JUN29=GLOBAL_REFERENCE_NO_OBSERVATION;DEC30=GLOBAL_REFERENCE_NO_OBSERVATION,WEIGHTED_ATM,2026-10-02,5,139,0.0,NONE,5131,4631,0,0,494,NONE,MN1;MN2;MN3;MN4;MN5;QMW;QRW;QTW;QWW,OK,NONE,NONE,2026-09-24
NAS,30650.0,-21651162.551464435,5.997330626205242,0.0,0.0,0.0,0.0,0.0,0.0,31127.04129267234,30406.45870732766,31487.332585344684,30046.167414655316,DEC26,SEP26,2026-09-25,2026-12-18,30766.75,30793.940034634394,FOUND,DEGRADED,SPOT_MONTH_FALLBACK;ESTIMATED_EXPIRY_ALIAS,2026-08-02.2,PUT_CALL_PARITY,SEP26,OCT26=PUT_CALL_PARITY;SEP26=PUT_CALL_PARITY;NOV26=SERIES_FORWARD_CLUSTER;DEC29=SERIES_FORWARD_CLUSTER;DEC26=PUT_CALL_PARITY;MAR27=SERIES_FORWARD_CLUSTER;JUN27=PUT_CALL_PARITY;DEC28=PUT_CALL_PARITY;DEC27=PUT_CALL_PARITY;SEP27=SERIES_FORWARD_CLUSTER;JUN29=PUT_CALL_PARITY;DEC30=PUT_CALL_PARITY,OCT26=30756.75;SEP26=30766.75;NOV26=31843.125;DEC29=29950.15;DEC26=20089;MAR27=27605.125;JUN27=24445.125;DEC27=21056.75;SEP27=36064.25,DEC26=GLOBAL_REFERENCE_OUTLIER_PUT_CALL_PARITY;JUN27=GLOBAL_REFERENCE_OUTLIER_SERIES_FORWARD_CLUSTER;DEC28=GLOBAL_REFERENCE_NO_OBSERVATION;DEC27=GLOBAL_REFERENCE_OUTLIER_SERIES_FORWARD_CLUSTER;JUN29=GLOBAL_REFERENCE_NO_OBSERVATION;DEC30=GLOBAL_REFERENCE_NO_OBSERVATION,WEIGHTED_ATM,2026-10-02,5,139,0.0,NONE,5131,4631,0,0,494,NONE,MN1;MN2;MN3;MN4;MN5;QMW;QRW;QTW;QWW,OK,NONE,NONE,2026-09-24
NAS,30660.0,-24321361.96072803,2.66714103031047,0.0,0.0,0.0,0.0,0.0,0.0,31127.04129267234,30406.45870732766,31487.332585344684,30046.167414655316,DEC26,SEP26,2026-09-25,2026-12-18,30766.75,30793.940034634394,FOUND,DEGRADED,SPOT_MONTH_FALLBACK;ESTIMATED_EXPIRY_ALIAS,2026-08-02.2,PUT_CALL_PARITY,SEP26,OCT26=PUT_CALL_PARITY;SEP26=PUT_CALL_PARITY;NOV26=SERIES_FORWARD_CLUSTER;DEC29=SERIES_FORWARD_CLUSTER;DEC26=PUT_CALL_PARITY;MAR27=SERIES_FORWARD_CLUSTER;JUN27=PUT_CALL_PARITY;DEC28=PUT_CALL_PARITY;DEC27=PUT_CALL_PARITY;SEP27=SERIES_FORWARD_CLUSTER;JUN29=PUT_CALL_PARITY;DEC30=PUT_CALL_PARITY,OCT26=30756.75;SEP26=30766.75;NOV26=31843.125;DEC29=29950.15;DEC26=20089;MAR27=27605.125;JUN27=24445.125;DEC27=21056.75;SEP27=36064.25,DEC26=GLOBAL_REFERENCE_OUTLIER_PUT_CALL_PARITY;JUN27=GLOBAL_REFERENCE_OUTLIER_SERIES_FORWARD_CLUSTER;DEC28=GLOBAL_REFERENCE_NO_OBSERVATION;DEC27=GLOBAL_REFERENCE_OUTLIER_SERIES_FORWARD_CLUSTER;JUN29=GLOBAL_REFERENCE_NO_OBSERVATION;DEC30=GLOBAL_REFERENCE_NO_OBSERVATION,WEIGHTED_ATM,2026-10-02,5,139,0.0,NONE,5131,4631,0,0,494,NONE,MN1;MN2;MN3;MN4;MN5;QMW;QRW;QTW;QWW,OK,NONE,NONE,2026-09-24
NAS,30670.0,-7140265.0410105055,0.962444467276598,0.0,0.0,0.0,0.0,0.0,0.0,31127.04129267234,30406.45870732766,31487.332585344684,30046.167414655316,DEC26,SEP26,2026-09-25,2026-12-18,30766.75,30793.940034634394,FOUND,DEGRADED,SPOT_MONTH_FALLBACK;ESTIMATED_EXPIRY_ALIAS,2026-08-02.2,PUT_CALL_PARITY,SEP26,OCT26=PUT_CALL_PARITY;SEP26=PUT_CALL_PARITY;NOV26=SERIES_FORWARD_CLUSTER;DEC29=SERIES_FORWARD_CLUSTER;DEC26=PUT_CALL_PARITY;MAR27=SERIES_FORWARD_CLUSTER;JUN27=PUT_CALL_PARITY;DEC28=PUT_CALL_PARITY;DEC27=PUT_CALL_PARITY;SEP27=SERIES_FORWARD_CLUSTER;JUN29=PUT_CALL_PARITY;DEC30=PUT_CALL_PARITY,OCT26=30756.75;SEP26=30766.75;NOV26=31843.125;DEC29=29950.15;DEC26=20089;MAR27=27605.125;JUN27=24445.125;DEC27=21056.75;SEP27=36064.25,DEC26=GLOBAL_REFERENCE_OUTLIER_PUT_CALL_PARITY;JUN27=GLOBAL_REFERENCE_OUTLIER_SERIES_FORWARD_CLUSTER;DEC28=GLOBAL_REFERENCE_NO_OBSERVATION;DEC27=GLOBAL_REFERENCE_OUTLIER_SERIES_FORWARD_CLUSTER;JUN29=GLOBAL_REFERENCE_NO_OBSERVATION;DEC30=GLOBAL_REFERENCE_NO_OBSERVATION,WEIGHTED_ATM,2026-10-02,5,139,0.0,NONE,5131,4631,0,0,494,NONE,MN1;MN2;MN3;MN4;MN5;QMW;QRW;QTW;QWW,OK,NONE,NONE,2026-09-24
NAS,30675.0,-13136191.2902188,2.798191658906434,0.0,0.0,0.0,0.0,0.0,0.0,31127.04129267234,30406.45870732766,31487.332585344684,30046.167414655316,DEC26,SEP26,2026-09-25,2026-12-18,30766.75,30793.940034634394,FOUND,DEGRADED,SPOT_MONTH_FALLBACK;ESTIMATED_EXPIRY_ALIAS,2026-08-02.2,PUT_CALL_PARITY,SEP26,OCT26=PUT_CALL_PARITY;SEP26=PUT_CALL_PARITY;NOV26=SERIES_FORWARD_CLUSTER;DEC29=SERIES_FORWARD_CLUSTER;DEC26=PUT_CALL_PARITY;MAR27=SERIES_FORWARD_CLUSTER;JUN27=PUT_CALL_PARITY;DEC28=PUT_CALL_PARITY;DEC27=PUT_CALL_PARITY;SEP27=SERIES_FORWARD_CLUSTER;JUN29=PUT_CALL_PARITY;DEC30=PUT_CALL_PARITY,OCT26=30756.75;SEP26=30766.75;NOV26=31843.125;DEC29=29950.15;DEC26=20089;MAR27=27605.125;JUN27=24445.125;DEC27=21056.75;SEP27=36064.25,DEC26=GLOBAL_REFERENCE_OUTLIER_PUT_CALL_PARITY;JUN27=GLOBAL_REFERENCE_OUTLIER_SERIES_FORWARD_CLUSTER;DEC28=GLOBAL_REFERENCE_NO_OBSERVATION;DEC27=GLOBAL_REFERENCE_OUTLIER_SERIES_FORWARD_CLUSTER;JUN29=GLOBAL_REFERENCE_NO_OBSERVATION;DEC30=GLOBAL_REFERENCE_NO_OBSERVATION,WEIGHTED_ATM,2026-10-02,5,139,0.0,NONE,5131,4631,0,0,494,NONE,MN1;MN2;MN3;MN4;MN5;QMW;QRW;QTW;QWW,OK,NONE,NONE,2026-09-24
NAS,30680.0,-9767993.504098332,1.2477174265616606,0.0,0.0,0.0,0.0,0.0,0.0,31127.04129267234,30406.45870732766,31487.332585344684,30046.167414655316,DEC26,SEP26,2026-09-25,2026-12-18,30766.75,30793.940034634394,FOUND,DEGRADED,SPOT_MONTH_FALLBACK;ESTIMATED_EXPIRY_ALIAS,2026-08-02.2,PUT_CALL_PARITY,SEP26,OCT26=PUT_CALL_PARITY;SEP26=PUT_CALL_PARITY;NOV26=SERIES_FORWARD_CLUSTER;DEC29=SERIES_FORWARD_CLUSTER;DEC26=PUT_CALL_PARITY;MAR27=SERIES_FORWARD_CLUSTER;JUN27=PUT_CALL_PARITY;DEC28=PUT_CALL_PARITY;DEC27=PUT_CALL_PARITY;SEP27=SERIES_FORWARD_CLUSTER;JUN29=PUT_CALL_PARITY;DEC30=PUT_CALL_PARITY,OCT26=30756.75;SEP26=30766.75;NOV26=31843.125;DEC29=29950.15;DEC26=20089;MAR27=27605.125;JUN27=24445.125;DEC27=21056.75;SEP27=36064.25,DEC26=GLOBAL_REFERENCE_OUTLIER_PUT_CALL_PARITY;JUN27=GLOBAL_REFERENCE_OUTLIER_SERIES_FORWARD_CLUSTER;DEC28=GLOBAL_REFERENCE_NO_OBSERVATION;DEC27=GLOBAL_REFERENCE_OUTLIER_SERIES_FORWARD_CLUSTER;JUN29=GLOBAL_REFERENCE_NO_OBSERVATION;DEC30=GLOBAL_REFERENCE_NO_OBSERVATION,WEIGHTED_ATM,2026-10-02,5,139,0.0,NONE,5131,4631,0,0,494,NONE,MN1;MN2;MN3;MN4;MN5;QMW;QRW;QTW;QWW,OK,NONE,NONE,2026-09-24
NAS,30690.0,-7650528.705463502,0.8433685902346689,0.0,0.0,0.0,0.0,0.0,0.0,31127.04129267234,30406.45870732766,31487.332585344684,30046.167414655316,DEC26,SEP26,2026-09-25,2026-12-18,30766.75,30793.940034634394,FOUND,DEGRADED,SPOT_MONTH_FALLBACK;ESTIMATED_EXPIRY_ALIAS,2026-08-02.2,PUT_CALL_PARITY,SEP26,OCT26=PUT_CALL_PARITY;SEP26=PUT_CALL_PARITY;NOV26=SERIES_FORWARD_CLUSTER;DEC29=SERIES_FORWARD_CLUSTER;DEC26=PUT_CALL_PARITY;MAR27=SERIES_FORWARD_CLUSTER;JUN27=PUT_CALL_PARITY;DEC28=PUT_CALL_PARITY;DEC27=PUT_CALL_PARITY;SEP27=SERIES_FORWARD_CLUSTER;JUN29=PUT_CALL_PARITY;DEC30=PUT_CALL_PARITY,OCT26=30756.75;SEP26=30766.75;NOV26=31843.125;DEC29=29950.15;DEC26=20089;MAR27=27605.125;JUN27=24445.125;DEC27=21056.75;SEP27=36064.25,DEC26=GLOBAL_REFERENCE_OUTLIER_PUT_CALL_PARITY;JUN27=GLOBAL_REFERENCE_OUTLIER_SERIES_FORWARD_CLUSTER;DEC28=GLOBAL_REFERENCE_NO_OBSERVATION;DEC27=GLOBAL_REFERENCE_OUTLIER_SERIES_FORWARD_CLUSTER;JUN29=GLOBAL_REFERENCE_NO_OBSERVATION;DEC30=GLOBAL_REFERENCE_NO_OBSERVATION,WEIGHTED_ATM,2026-10-02,5,139,0.0,NONE,5131,4631,0,0,494,NONE,MN1;MN2;MN3;MN4;MN5;QMW;QRW;QTW;QWW,OK,NONE,NONE,2026-09-24
NAS,30700.0,-29291102.189119834,13.392281877479995,0.0,0.0,0.0,0.0,0.0,0.0,31127.04129267234,30406.45870732766,31487.332585344684,30046.167414655316,DEC26,SEP26,2026-09-25,2026-12-18,30766.75,30793.940034634394,FOUND,DEGRADED,SPOT_MONTH_FALLBACK;ESTIMATED_EXPIRY_ALIAS,2026-08-02.2,PUT_CALL_PARITY,SEP26,OCT26=PUT_CALL_PARITY;SEP26=PUT_CALL_PARITY;NOV26=SERIES_FORWARD_CLUSTER;DEC29=SERIES_FORWARD_CLUSTER;DEC26=PUT_CALL_PARITY;MAR27=SERIES_FORWARD_CLUSTER;JUN27=PUT_CALL_PARITY;DEC28=PUT_CALL_PARITY;DEC27=PUT_CALL_PARITY;SEP27=SERIES_FORWARD_CLUSTER;JUN29=PUT_CALL_PARITY;DEC30=PUT_CALL_PARITY,OCT26=30756.75;SEP26=30766.75;NOV26=31843.125;DEC29=29950.15;DEC26=20089;MAR27=27605.125;JUN27=24445.125;DEC27=21056.75;SEP27=36064.25,DEC26=GLOBAL_REFERENCE_OUTLIER_PUT_CALL_PARITY;JUN27=GLOBAL_REFERENCE_OUTLIER_SERIES_FORWARD_CLUSTER;DEC28=GLOBAL_REFERENCE_NO_OBSERVATION;DEC27=GLOBAL_REFERENCE_OUTLIER_SERIES_FORWARD_CLUSTER;JUN29=GLOBAL_REFERENCE_NO_OBSERVATION;DEC30=GLOBAL_REFERENCE_NO_OBSERVATION,WEIGHTED_ATM,2026-10-02,5,139,0.0,NONE,5131,4631,0,0,494,NONE,MN1;MN2;MN3;MN4;MN5;QMW;QRW;QTW;QWW,OK,NONE,NONE,2026-09-24
NAS,30710.0,-10858892.543121537,1.2892425692816416,0.0,0.0,0.0,0.0,0.0,0.0,31127.04129267234,30406.45870732766,31487.332585344684,30046.167414655316,DEC26,SEP26,2026-09-25,2026-12-18,30766.75,30793.940034634394,FOUND,DEGRADED,SPOT_MONTH_FALLBACK;ESTIMATED_EXPIRY_ALIAS,2026-08-02.2,PUT_CALL_PARITY,SEP26,OCT26=PUT_CALL_PARITY;SEP26=PUT_CALL_PARITY;NOV26=SERIES_FORWARD_CLUSTER;DEC29=SERIES_FORWARD_CLUSTER;DEC26=PUT_CALL_PARITY;MAR27=SERIES_FORWARD_CLUSTER;JUN27=PUT_CALL_PARITY;DEC28=PUT_CALL_PARITY;DEC27=PUT_CALL_PARITY;SEP27=SERIES_FORWARD_CLUSTER;JUN29=PUT_CALL_PARITY;DEC30=PUT_CALL_PARITY,OCT26=30756.75;SEP26=30766.75;NOV26=31843.125;DEC29=29950.15;DEC26=20089;MAR27=27605.125;JUN27=24445.125;DEC27=21056.75;SEP27=36064.25,DEC26=GLOBAL_REFERENCE_OUTLIER_PUT_CALL_PARITY;JUN27=GLOBAL_REFERENCE_OUTLIER_SERIES_FORWARD_CLUSTER;DEC28=GLOBAL_REFERENCE_NO_OBSERVATION;DEC27=GLOBAL_REFERENCE_OUTLIER_SERIES_FORWARD_CLUSTER;JUN29=GLOBAL_REFERENCE_NO_OBSERVATION;DEC30=GLOBAL_REFERENCE_NO_OBSERVATION,WEIGHTED_ATM,2026-10-02,5,139,0.0,NONE,5131,4631,0,0,494,NONE,MN1;MN2;MN3;MN4;MN5;QMW;QRW;QTW;QWW,OK,NONE,NONE,2026-09-24
NAS,30720.0,-4630824.973714371,0.8103638714074235,0.0,0.0,0.0,0.0,0.0,0.0,31127.04129267234,30406.45870732766,31487.332585344684,30046.167414655316,DEC26,SEP26,2026-09-25,2026-12-18,30766.75,30793.940034634394,FOUND,DEGRADED,SPOT_MONTH_FALLBACK;ESTIMATED_EXPIRY_ALIAS,2026-08-02.2,PUT_CALL_PARITY,SEP26,OCT26=PUT_CALL_PARITY;SEP26=PUT_CALL_PARITY;NOV26=SERIES_FORWARD_CLUSTER;DEC29=SERIES_FORWARD_CLUSTER;DEC26=PUT_CALL_PARITY;MAR27=SERIES_FORWARD_CLUSTER;JUN27=PUT_CALL_PARITY;DEC28=PUT_CALL_PARITY;DEC27=PUT_CALL_PARITY;SEP27=SERIES_FORWARD_CLUSTER;JUN29=PUT_CALL_PARITY;DEC30=PUT_CALL_PARITY,OCT26=30756.75;SEP26=30766.75;NOV26=31843.125;DEC29=29950.15;DEC26=20089;MAR27=27605.125;JUN27=24445.125;DEC27=21056.75;SEP27=36064.25,DEC26=GLOBAL_REFERENCE_OUTLIER_PUT_CALL_PARITY;JUN27=GLOBAL_REFERENCE_OUTLIER_SERIES_FORWARD_CLUSTER;DEC28=GLOBAL_REFERENCE_NO_OBSERVATION;DEC27=GLOBAL_REFERENCE_OUTLIER_SERIES_FORWARD_CLUSTER;JUN29=GLOBAL_REFERENCE_NO_OBSERVATION;DEC30=GLOBAL_REFERENCE_NO_OBSERVATION,WEIGHTED_ATM,2026-10-02,5,139,0.0,NONE,5131,4631,0,0,494,NONE,MN1;MN2;MN3;MN4;MN5;QMW;QRW;QTW;QWW,OK,NONE,NONE,2026-09-24
NAS,30725.0,162144.8807551246,2.779361324531961,0.0,0.0,0.0,0.0,0.0,0.0,31127.04129267234,30406.45870732766,31487.332585344684,30046.167414655316,DEC26,SEP26,2026-09-25,2026-12-18,30766.75,30793.940034634394,FOUND,DEGRADED,SPOT_MONTH_FALLBACK;ESTIMATED_EXPIRY_ALIAS,2026-08-02.2,PUT_CALL_PARITY,SEP26,OCT26=PUT_CALL_PARITY;SEP26=PUT_CALL_PARITY;NOV26=SERIES_FORWARD_CLUSTER;DEC29=SERIES_FORWARD_CLUSTER;DEC26=PUT_CALL_PARITY;MAR27=SERIES_FORWARD_CLUSTER;JUN27=PUT_CALL_PARITY;DEC28=PUT_CALL_PARITY;DEC27=PUT_CALL_PARITY;SEP27=SERIES_FORWARD_CLUSTER;JUN29=PUT_CALL_PARITY;DEC30=PUT_CALL_PARITY,OCT26=30756.75;SEP26=30766.75;NOV26=31843.125;DEC29=29950.15;DEC26=20089;MAR27=27605.125;JUN27=24445.125;DEC27=21056.75;SEP27=36064.25,DEC26=GLOBAL_REFERENCE_OUTLIER_PUT_CALL_PARITY;JUN27=GLOBAL_REFERENCE_OUTLIER_SERIES_FORWARD_CLUSTER;DEC28=GLOBAL_REFERENCE_NO_OBSERVATION;DEC27=GLOBAL_REFERENCE_OUTLIER_SERIES_FORWARD_CLUSTER;JUN29=GLOBAL_REFERENCE_NO_OBSERVATION;DEC30=GLOBAL_REFERENCE_NO_OBSERVATION,WEIGHTED_ATM,2026-10-02,5,139,0.0,NONE,5131,4631,0,0,494,NONE,MN1;MN2;MN3;MN4;MN5;QMW;QRW;QTW;QWW,OK,NONE,NONE,2026-09-24
NAS,30730.0,-13195302.981919581,1.674739609345492,0.0,0.0,0.0,0.0,0.0,0.0,31127.04129267234,30406.45870732766,31487.332585344684,30046.167414655316,DEC26,SEP26,2026-09-25,2026-12-18,30766.75,30793.940034634394,FOUND,DEGRADED,SPOT_MONTH_FALLBACK;ESTIMATED_EXPIRY_ALIAS,2026-08-02.2,PUT_CALL_PARITY,SEP26,OCT26=PUT_CALL_PARITY;SEP26=PUT_CALL_PARITY;NOV26=SERIES_FORWARD_CLUSTER;DEC29=SERIES_FORWARD_CLUSTER;DEC26=PUT_CALL_PARITY;MAR27=SERIES_FORWARD_CLUSTER;JUN27=PUT_CALL_PARITY;DEC28=PUT_CALL_PARITY;DEC27=PUT_CALL_PARITY;SEP27=SERIES_FORWARD_CLUSTER;JUN29=PUT_CALL_PARITY;DEC30=PUT_CALL_PARITY,OCT26=30756.75;SEP26=30766.75;NOV26=31843.125;DEC29=29950.15;DEC26=20089;MAR27=27605.125;JUN27=24445.125;DEC27=21056.75;SEP27=36064.25,DEC26=GLOBAL_REFERENCE_OUTLIER_PUT_CALL_PARITY;JUN27=GLOBAL_REFERENCE_OUTLIER_SERIES_FORWARD_CLUSTER;DEC28=GLOBAL_REFERENCE_NO_OBSERVATION;DEC27=GLOBAL_REFERENCE_OUTLIER_SERIES_FORWARD_CLUSTER;JUN29=GLOBAL_REFERENCE_NO_OBSERVATION;DEC30=GLOBAL_REFERENCE_NO_OBSERVATION,WEIGHTED_ATM,2026-10-02,5,139,0.0,NONE,5131,4631,0,0,494,NONE,MN1;MN2;MN3;MN4;MN5;QMW;QRW;QTW;QWW,OK,NONE,NONE,2026-09-24
NAS,30740.0,-5975332.113111272,0.9189264380675441,0.0,0.0,0.0,0.0,0.0,0.0,31127.04129267234,30406.45870732766,31487.332585344684,30046.167414655316,DEC26,SEP26,2026-09-25,2026-12-18,30766.75,30793.940034634394,FOUND,DEGRADED,SPOT_MONTH_FALLBACK;ESTIMATED_EXPIRY_ALIAS,2026-08-02.2,PUT_CALL_PARITY,SEP26,OCT26=PUT_CALL_PARITY;SEP26=PUT_CALL_PARITY;NOV26=SERIES_FORWARD_CLUSTER;DEC29=SERIES_FORWARD_CLUSTER;DEC26=PUT_CALL_PARITY;MAR27=SERIES_FORWARD_CLUSTER;JUN27=PUT_CALL_PARITY;DEC28=PUT_CALL_PARITY;DEC27=PUT_CALL_PARITY;SEP27=SERIES_FORWARD_CLUSTER;JUN29=PUT_CALL_PARITY;DEC30=PUT_CALL_PARITY,OCT26=30756.75;SEP26=30766.75;NOV26=31843.125;DEC29=29950.15;DEC26=20089;MAR27=27605.125;JUN27=24445.125;DEC27=21056.75;SEP27=36064.25,DEC26=GLOBAL_REFERENCE_OUTLIER_PUT_CALL_PARITY;JUN27=GLOBAL_REFERENCE_OUTLIER_SERIES_FORWARD_CLUSTER;DEC28=GLOBAL_REFERENCE_NO_OBSERVATION;DEC27=GLOBAL_REFERENCE_OUTLIER_SERIES_FORWARD_CLUSTER;JUN29=GLOBAL_REFERENCE_NO_OBSERVATION;DEC30=GLOBAL_REFERENCE_NO_OBSERVATION,WEIGHTED_ATM,2026-10-02,5,139,0.0,NONE,5131,4631,0,0,494,NONE,MN1;MN2;MN3;MN4;MN5;QMW;QRW;QTW;QWW,OK,NONE,NONE,2026-09-24
NAS,30750.0,14668035.440176042,12.411025788418259,0.0,0.0,0.0,0.0,0.0,0.0,31127.04129267234,30406.45870732766,31487.332585344684,30046.167414655316,DEC26,SEP26,2026-09-25,2026-12-18,30766.75,30793.940034634394,FOUND,DEGRADED,SPOT_MONTH_FALLBACK;ESTIMATED_EXPIRY_ALIAS,2026-08-02.2,PUT_CALL_PARITY,SEP26,OCT26=PUT_CALL_PARITY;SEP26=PUT_CALL_PARITY;NOV26=SERIES_FORWARD_CLUSTER;DEC29=SERIES_FORWARD_CLUSTER;DEC26=PUT_CALL_PARITY;MAR27=SERIES_FORWARD_CLUSTER;JUN27=PUT_CALL_PARITY;DEC28=PUT_CALL_PARITY;DEC27=PUT_CALL_PARITY;SEP27=SERIES_FORWARD_CLUSTER;JUN29=PUT_CALL_PARITY;DEC30=PUT_CALL_PARITY,OCT26=30756.75;SEP26=30766.75;NOV26=31843.125;DEC29=29950.15;DEC26=20089;MAR27=27605.125;JUN27=24445.125;DEC27=21056.75;SEP27=36064.25,DEC26=GLOBAL_REFERENCE_OUTLIER_PUT_CALL_PARITY;JUN27=GLOBAL_REFERENCE_OUTLIER_SERIES_FORWARD_CLUSTER;DEC28=GLOBAL_REFERENCE_NO_OBSERVATION;DEC27=GLOBAL_REFERENCE_OUTLIER_SERIES_FORWARD_CLUSTER;JUN29=GLOBAL_REFERENCE_NO_OBSERVATION;DEC30=GLOBAL_REFERENCE_NO_OBSERVATION,WEIGHTED_ATM,2026-10-02,5,139,0.0,NONE,5131,4631,0,0,494,NONE,MN1;MN2;MN3;MN4;MN5;QMW;QRW;QTW;QWW,OK,NONE,NONE,2026-09-24
NAS,30760.0,-4862218.936059263,0.6222190175251958,0.0,0.0,111.75,14.0,0.0,0.0,31127.04129267234,30406.45870732766,31487.332585344684,30046.167414655316,DEC26,SEP26,2026-09-25,2026-12-18,30766.75,30793.940034634394,FOUND,DEGRADED,SPOT_MONTH_FALLBACK;ESTIMATED_EXPIRY_ALIAS,2026-08-02.2,PUT_CALL_PARITY,SEP26,OCT26=PUT_CALL_PARITY;SEP26=PUT_CALL_PARITY;NOV26=SERIES_FORWARD_CLUSTER;DEC29=SERIES_FORWARD_CLUSTER;DEC26=PUT_CALL_PARITY;MAR27=SERIES_FORWARD_CLUSTER;JUN27=PUT_CALL_PARITY;DEC28=PUT_CALL_PARITY;DEC27=PUT_CALL_PARITY;SEP27=SERIES_FORWARD_CLUSTER;JUN29=PUT_CALL_PARITY;DEC30=PUT_CALL_PARITY,OCT26=30756.75;SEP26=30766.75;NOV26=31843.125;DEC29=29950.15;DEC26=20089;MAR27=27605.125;JUN27=24445.125;DEC27=21056.75;SEP27=36064.25,DEC26=GLOBAL_REFERENCE_OUTLIER_PUT_CALL_PARITY;JUN27=GLOBAL_REFERENCE_OUTLIER_SERIES_FORWARD_CLUSTER;DEC28=GLOBAL_REFERENCE_NO_OBSERVATION;DEC27=GLOBAL_REFERENCE_OUTLIER_SERIES_FORWARD_CLUSTER;JUN29=GLOBAL_REFERENCE_NO_OBSERVATION;DEC30=GLOBAL_REFERENCE_NO_OBSERVATION,WEIGHTED_ATM,2026-10-02,5,139,0.0,NONE,5131,4631,0,0,494,NONE,MN1;MN2;MN3;MN4;MN5;QMW;QRW;QTW;QWW,OK,NONE,NONE,2026-09-24
NAS,30770.0,-3853927.9091947293,0.6971480231137749,0.0,0.0,0.0,0.0,0.0,0.0,31127.04129267234,30406.45870732766,31487.332585344684,30046.167414655316,DEC26,SEP26,2026-09-25,2026-12-18,30766.75,30793.940034634394,FOUND,DEGRADED,SPOT_MONTH_FALLBACK;ESTIMATED_EXPIRY_ALIAS,2026-08-02.2,PUT_CALL_PARITY,SEP26,OCT26=PUT_CALL_PARITY;SEP26=PUT_CALL_PARITY;NOV26=SERIES_FORWARD_CLUSTER;DEC29=SERIES_FORWARD_CLUSTER;DEC26=PUT_CALL_PARITY;MAR27=SERIES_FORWARD_CLUSTER;JUN27=PUT_CALL_PARITY;DEC28=PUT_CALL_PARITY;DEC27=PUT_CALL_PARITY;SEP27=SERIES_FORWARD_CLUSTER;JUN29=PUT_CALL_PARITY;DEC30=PUT_CALL_PARITY,OCT26=30756.75;SEP26=30766.75;NOV26=31843.125;DEC29=29950.15;DEC26=20089;MAR27=27605.125;JUN27=24445.125;DEC27=21056.75;SEP27=36064.25,DEC26=GLOBAL_REFERENCE_OUTLIER_PUT_CALL_PARITY;JUN27=GLOBAL_REFERENCE_OUTLIER_SERIES_FORWARD_CLUSTER;DEC28=GLOBAL_REFERENCE_NO_OBSERVATION;DEC27=GLOBAL_REFERENCE_OUTLIER_SERIES_FORWARD_CLUSTER;JUN29=GLOBAL_REFERENCE_NO_OBSERVATION;DEC30=GLOBAL_REFERENCE_NO_OBSERVATION,WEIGHTED_ATM,2026-10-02,5,139,0.0,NONE,5131,4631,0,0,494,NONE,MN1;MN2;MN3;MN4;MN5;QMW;QRW;QTW;QWW,OK,NONE,NONE,2026-09-24
NAS,30775.0,-583750.7518110769,1.6556931775674124,110.75,7.0,0.0,0.0,0.0,0.0,31127.04129267234,30406.45870732766,31487.332585344684,30046.167414655316,DEC26,SEP26,2026-09-25,2026-12-18,30766.75,30793.940034634394,FOUND,DEGRADED,SPOT_MONTH_FALLBACK;ESTIMATED_EXPIRY_ALIAS,2026-08-02.2,PUT_CALL_PARITY,SEP26,OCT26=PUT_CALL_PARITY;SEP26=PUT_CALL_PARITY;NOV26=SERIES_FORWARD_CLUSTER;DEC29=SERIES_FORWARD_CLUSTER;DEC26=PUT_CALL_PARITY;MAR27=SERIES_FORWARD_CLUSTER;JUN27=PUT_CALL_PARITY;DEC28=PUT_CALL_PARITY;DEC27=PUT_CALL_PARITY;SEP27=SERIES_FORWARD_CLUSTER;JUN29=PUT_CALL_PARITY;DEC30=PUT_CALL_PARITY,OCT26=30756.75;SEP26=30766.75;NOV26=31843.125;DEC29=29950.15;DEC26=20089;MAR27=27605.125;JUN27=24445.125;DEC27=21056.75;SEP27=36064.25,DEC26=GLOBAL_REFERENCE_OUTLIER_PUT_CALL_PARITY;JUN27=GLOBAL_REFERENCE_OUTLIER_SERIES_FORWARD_CLUSTER;DEC28=GLOBAL_REFERENCE_NO_OBSERVATION;DEC27=GLOBAL_REFERENCE_OUTLIER_SERIES_FORWARD_CLUSTER;JUN29=GLOBAL_REFERENCE_NO_OBSERVATION;DEC30=GLOBAL_REFERENCE_NO_OBSERVATION,WEIGHTED_ATM,2026-10-02,5,139,0.0,NONE,5131,4631,0,0,494,NONE,MN1;MN2;MN3;MN4;MN5;QMW;QRW;QTW;QWW,OK,NONE,NONE,2026-09-24
NAS,30780.0,-12755171.200027842,2.0374649632665784,0.0,0.0,0.0,0.0,0.0,0.0,31127.04129267234,30406.45870732766,31487.332585344684,30046.167414655316,DEC26,SEP26,2026-09-25,2026-12-18,30766.75,30793.940034634394,FOUND,DEGRADED,SPOT_MONTH_FALLBACK;ESTIMATED_EXPIRY_ALIAS,2026-08-02.2,PUT_CALL_PARITY,SEP26,OCT26=PUT_CALL_PARITY;SEP26=PUT_CALL_PARITY;NOV26=SERIES_FORWARD_CLUSTER;DEC29=SERIES_FORWARD_CLUSTER;DEC26=PUT_CALL_PARITY;MAR27=SERIES_FORWARD_CLUSTER;JUN27=PUT_CALL_PARITY;DEC28=PUT_CALL_PARITY;DEC27=PUT_CALL_PARITY;SEP27=SERIES_FORWARD_CLUSTER;JUN29=PUT_CALL_PARITY;DEC30=PUT_CALL_PARITY,OCT26=30756.75;SEP26=30766.75;NOV26=31843.125;DEC29=29950.15;DEC26=20089;MAR27=27605.125;JUN27=24445.125;DEC27=21056.75;SEP27=36064.25,DEC26=GLOBAL_REFERENCE_OUTLIER_PUT_CALL_PARITY;JUN27=GLOBAL_REFERENCE_OUTLIER_SERIES_FORWARD_CLUSTER;DEC28=GLOBAL_REFERENCE_NO_OBSERVATION;DEC27=GLOBAL_REFERENCE_OUTLIER_SERIES_FORWARD_CLUSTER;JUN29=GLOBAL_REFERENCE_NO_OBSERVATION;DEC30=GLOBAL_REFERENCE_NO_OBSERVATION,WEIGHTED_ATM,2026-10-02,5,139,0.0,NONE,5131,4631,0,0,494,NONE,MN1;MN2;MN3;MN4;MN5;QMW;QRW;QTW;QWW,OK,NONE,NONE,2026-09-24
NAS,30790.0,-8165139.76962832,1.1168684551969184,0.0,0.0,0.0,0.0,0.0,0.0,31127.04129267234,30406.45870732766,31487.332585344684,30046.167414655316,DEC26,SEP26,2026-09-25,2026-12-18,30766.75,30793.940034634394,FOUND,DEGRADED,SPOT_MONTH_FALLBACK;ESTIMATED_EXPIRY_ALIAS,2026-08-02.2,PUT_CALL_PARITY,SEP26,OCT26=PUT_CALL_PARITY;SEP26=PUT_CALL_PARITY;NOV26=SERIES_FORWARD_CLUSTER;DEC29=SERIES_FORWARD_CLUSTER;DEC26=PUT_CALL_PARITY;MAR27=SERIES_FORWARD_CLUSTER;JUN27=PUT_CALL_PARITY;DEC28=PUT_CALL_PARITY;DEC27=PUT_CALL_PARITY;SEP27=SERIES_FORWARD_CLUSTER;JUN29=PUT_CALL_PARITY;DEC30=PUT_CALL_PARITY,OCT26=30756.75;SEP26=30766.75;NOV26=31843.125;DEC29=29950.15;DEC26=20089;MAR27=27605.125;JUN27=24445.125;DEC27=21056.75;SEP27=36064.25,DEC26=GLOBAL_REFERENCE_OUTLIER_PUT_CALL_PARITY;JUN27=GLOBAL_REFERENCE_OUTLIER_SERIES_FORWARD_CLUSTER;DEC28=GLOBAL_REFERENCE_NO_OBSERVATION;DEC27=GLOBAL_REFERENCE_OUTLIER_SERIES_FORWARD_CLUSTER;JUN29=GLOBAL_REFERENCE_NO_OBSERVATION;DEC30=GLOBAL_REFERENCE_NO_OBSERVATION,WEIGHTED_ATM,2026-10-02,5,139,0.0,NONE,5131,4631,0,0,494,NONE,MN1;MN2;MN3;MN4;MN5;QMW;QRW;QTW;QWW,OK,NONE,NONE,2026-09-24
NAS,30800.0,23294573.73773423,10.285002584622355,0.0,0.0,0.0,0.0,0.0,0.0,31127.04129267234,30406.45870732766,31487.332585344684,30046.167414655316,DEC26,SEP26,2026-09-25,2026-12-18,30766.75,30793.940034634394,FOUND,DEGRADED,SPOT_MONTH_FALLBACK;ESTIMATED_EXPIRY_ALIAS,2026-08-02.2,PUT_CALL_PARITY,SEP26,OCT26=PUT_CALL_PARITY;SEP26=PUT_CALL_PARITY;NOV26=SERIES_FORWARD_CLUSTER;DEC29=SERIES_FORWARD_CLUSTER;DEC26=PUT_CALL_PARITY;MAR27=SERIES_FORWARD_CLUSTER;JUN27=PUT_CALL_PARITY;DEC28=PUT_CALL_PARITY;DEC27=PUT_CALL_PARITY;SEP27=SERIES_FORWARD_CLUSTER;JUN29=PUT_CALL_PARITY;DEC30=PUT_CALL_PARITY,OCT26=30756.75;SEP26=30766.75;NOV26=31843.125;DEC29=29950.15;DEC26=20089;MAR27=27605.125;JUN27=24445.125;DEC27=21056.75;SEP27=36064.25,DEC26=GLOBAL_REFERENCE_OUTLIER_PUT_CALL_PARITY;JUN27=GLOBAL_REFERENCE_OUTLIER_SERIES_FORWARD_CLUSTER;DEC28=GLOBAL_REFERENCE_NO_OBSERVATION;DEC27=GLOBAL_REFERENCE_OUTLIER_SERIES_FORWARD_CLUSTER;JUN29=GLOBAL_REFERENCE_NO_OBSERVATION;DEC30=GLOBAL_REFERENCE_NO_OBSERVATION,WEIGHTED_ATM,2026-10-02,5,139,0.0,NONE,5131,4631,0,0,494,NONE,MN1;MN2;MN3;MN4;MN5;QMW;QRW;QTW;QWW,OK,NONE,NONE,2026-09-24
NAS,30810.0,-5705680.2827953175,0.7845082769995644,0.0,0.0,0.0,0.0,0.0,0.0,31127.04129267234,30406.45870732766,31487.332585344684,30046.167414655316,DEC26,SEP26,2026-09-25,2026-12-18,30766.75,30793.940034634394,FOUND,DEGRADED,SPOT_MONTH_FALLBACK;ESTIMATED_EXPIRY_ALIAS,2026-08-02.2,PUT_CALL_PARITY,SEP26,OCT26=PUT_CALL_PARITY;SEP26=PUT_CALL_PARITY;NOV26=SERIES_FORWARD_CLUSTER;DEC29=SERIES_FORWARD_CLUSTER;DEC26=PUT_CALL_PARITY;MAR27=SERIES_FORWARD_CLUSTER;JUN27=PUT_CALL_PARITY;DEC28=PUT_CALL_PARITY;DEC27=PUT_CALL_PARITY;SEP27=SERIES_FORWARD_CLUSTER;JUN29=PUT_CALL_PARITY;DEC30=PUT_CALL_PARITY,OCT26=30756.75;SEP26=30766.75;NOV26=31843.125;DEC29=29950.15;DEC26=20089;MAR27=27605.125;JUN27=24445.125;DEC27=21056.75;SEP27=36064.25,DEC26=GLOBAL_REFERENCE_OUTLIER_PUT_CALL_PARITY;JUN27=GLOBAL_REFERENCE_OUTLIER_SERIES_FORWARD_CLUSTER;DEC28=GLOBAL_REFERENCE_NO_OBSERVATION;DEC27=GLOBAL_REFERENCE_OUTLIER_SERIES_FORWARD_CLUSTER;JUN29=GLOBAL_REFERENCE_NO_OBSERVATION;DEC30=GLOBAL_REFERENCE_NO_OBSERVATION,WEIGHTED_ATM,2026-10-02,5,139,0.0,NONE,5131,4631,0,0,494,NONE,MN1;MN2;MN3;MN4;MN5;QMW;QRW;QTW;QWW,OK,NONE,NONE,2026-09-24
NAS,30820.0,-6105162.800721461,0.7904048949984076,0.0,0.0,0.0,0.0,0.0,0.0,31127.04129267234,30406.45870732766,31487.332585344684,30046.167414655316,DEC26,SEP26,2026-09-25,2026-12-18,30766.75,30793.940034634394,FOUND,DEGRADED,SPOT_MONTH_FALLBACK;ESTIMATED_EXPIRY_ALIAS,2026-08-02.2,PUT_CALL_PARITY,SEP26,OCT26=PUT_CALL_PARITY;SEP26=PUT_CALL_PARITY;NOV26=SERIES_FORWARD_CLUSTER;DEC29=SERIES_FORWARD_CLUSTER;DEC26=PUT_CALL_PARITY;MAR27=SERIES_FORWARD_CLUSTER;JUN27=PUT_CALL_PARITY;DEC28=PUT_CALL_PARITY;DEC27=PUT_CALL_PARITY;SEP27=SERIES_FORWARD_CLUSTER;JUN29=PUT_CALL_PARITY;DEC30=PUT_CALL_PARITY,OCT26=30756.75;SEP26=30766.75;NOV26=31843.125;DEC29=29950.15;DEC26=20089;MAR27=27605.125;JUN27=24445.125;DEC27=21056.75;SEP27=36064.25,DEC26=GLOBAL_REFERENCE_OUTLIER_PUT_CALL_PARITY;JUN27=GLOBAL_REFERENCE_OUTLIER_SERIES_FORWARD_CLUSTER;DEC28=GLOBAL_REFERENCE_NO_OBSERVATION;DEC27=GLOBAL_REFERENCE_OUTLIER_SERIES_FORWARD_CLUSTER;JUN29=GLOBAL_REFERENCE_NO_OBSERVATION;DEC30=GLOBAL_REFERENCE_NO_OBSERVATION,WEIGHTED_ATM,2026-10-02,5,139,0.0,NONE,5131,4631,0,0,494,NONE,MN1;MN2;MN3;MN4;MN5;QMW;QRW;QTW;QWW,OK,NONE,NONE,2026-09-24
NAS,30825.0,-1657442.3686628186,0.9278879522599269,0.0,0.0,0.0,0.0,0.0,0.0,31127.04129267234,30406.45870732766,31487.332585344684,30046.167414655316,DEC26,SEP26,2026-09-25,2026-12-18,30766.75,30793.940034634394,FOUND,DEGRADED,SPOT_MONTH_FALLBACK;ESTIMATED_EXPIRY_ALIAS,2026-08-02.2,PUT_CALL_PARITY,SEP26,OCT26=PUT_CALL_PARITY;SEP26=PUT_CALL_PARITY;NOV26=SERIES_FORWARD_CLUSTER;DEC29=SERIES_FORWARD_CLUSTER;DEC26=PUT_CALL_PARITY;MAR27=SERIES_FORWARD_CLUSTER;JUN27=PUT_CALL_PARITY;DEC28=PUT_CALL_PARITY;DEC27=PUT_CALL_PARITY;SEP27=SERIES_FORWARD_CLUSTER;JUN29=PUT_CALL_PARITY;DEC30=PUT_CALL_PARITY,OCT26=30756.75;SEP26=30766.75;NOV26=31843.125;DEC29=29950.15;DEC26=20089;MAR27=27605.125;JUN27=24445.125;DEC27=21056.75;SEP27=36064.25,DEC26=GLOBAL_REFERENCE_OUTLIER_PUT_CALL_PARITY;JUN27=GLOBAL_REFERENCE_OUTLIER_SERIES_FORWARD_CLUSTER;DEC28=GLOBAL_REFERENCE_NO_OBSERVATION;DEC27=GLOBAL_REFERENCE_OUTLIER_SERIES_FORWARD_CLUSTER;JUN29=GLOBAL_REFERENCE_NO_OBSERVATION;DEC30=GLOBAL_REFERENCE_NO_OBSERVATION,WEIGHTED_ATM,2026-10-02,5,139,0.0,NONE,5131,4631,0,0,494,NONE,MN1;MN2;MN3;MN4;MN5;QMW;QRW;QTW;QWW,OK,NONE,NONE,2026-09-24
NAS,30830.0,-1719027.0763993023,0.35105789761938067,0.0,0.0,0.0,0.0,0.0,0.0,31127.04129267234,30406.45870732766,31487.332585344684,30046.167414655316,DEC26,SEP26,2026-09-25,2026-12-18,30766.75,30793.940034634394,FOUND,DEGRADED,SPOT_MONTH_FALLBACK;ESTIMATED_EXPIRY_ALIAS,2026-08-02.2,PUT_CALL_PARITY,SEP26,OCT26=PUT_CALL_PARITY;SEP26=PUT_CALL_PARITY;NOV26=SERIES_FORWARD_CLUSTER;DEC29=SERIES_FORWARD_CLUSTER;DEC26=PUT_CALL_PARITY;MAR27=SERIES_FORWARD_CLUSTER;JUN27=PUT_CALL_PARITY;DEC28=PUT_CALL_PARITY;DEC27=PUT_CALL_PARITY;SEP27=SERIES_FORWARD_CLUSTER;JUN29=PUT_CALL_PARITY;DEC30=PUT_CALL_PARITY,OCT26=30756.75;SEP26=30766.75;NOV26=31843.125;DEC29=29950.15;DEC26=20089;MAR27=27605.125;JUN27=24445.125;DEC27=21056.75;SEP27=36064.25,DEC26=GLOBAL_REFERENCE_OUTLIER_PUT_CALL_PARITY;JUN27=GLOBAL_REFERENCE_OUTLIER_SERIES_FORWARD_CLUSTER;DEC28=GLOBAL_REFERENCE_NO_OBSERVATION;DEC27=GLOBAL_REFERENCE_OUTLIER_SERIES_FORWARD_CLUSTER;JUN29=GLOBAL_REFERENCE_NO_OBSERVATION;DEC30=GLOBAL_REFERENCE_NO_OBSERVATION,WEIGHTED_ATM,2026-10-02,5,139,0.0,NONE,5131,4631,0,0,494,NONE,MN1;MN2;MN3;MN4;MN5;QMW;QRW;QTW;QWW,OK,NONE,NONE,2026-09-24
NAS,30840.0,-298022.60166291264,0.3697281574614416,0.0,0.0,0.0,0.0,0.0,0.0,31127.04129267234,30406.45870732766,31487.332585344684,30046.167414655316,DEC26,SEP26,2026-09-25,2026-12-18,30766.75,30793.940034634394,FOUND,DEGRADED,SPOT_MONTH_FALLBACK;ESTIMATED_EXPIRY_ALIAS,2026-08-02.2,PUT_CALL_PARITY,SEP26,OCT26=PUT_CALL_PARITY;SEP26=PUT_CALL_PARITY;NOV26=SERIES_FORWARD_CLUSTER;DEC29=SERIES_FORWARD_CLUSTER;DEC26=PUT_CALL_PARITY;MAR27=SERIES_FORWARD_CLUSTER;JUN27=PUT_CALL_PARITY;DEC28=PUT_CALL_PARITY;DEC27=PUT_CALL_PARITY;SEP27=SERIES_FORWARD_CLUSTER;JUN29=PUT_CALL_PARITY;DEC30=PUT_CALL_PARITY,OCT26=30756.75;SEP26=30766.75;NOV26=31843.125;DEC29=29950.15;DEC26=20089;MAR27=27605.125;JUN27=24445.125;DEC27=21056.75;SEP27=36064.25,DEC26=GLOBAL_REFERENCE_OUTLIER_PUT_CALL_PARITY;JUN27=GLOBAL_REFERENCE_OUTLIER_SERIES_FORWARD_CLUSTER;DEC28=GLOBAL_REFERENCE_NO_OBSERVATION;DEC27=GLOBAL_REFERENCE_OUTLIER_SERIES_FORWARD_CLUSTER;JUN29=GLOBAL_REFERENCE_NO_OBSERVATION;DEC30=GLOBAL_REFERENCE_NO_OBSERVATION,WEIGHTED_ATM,2026-10-02,5,139,0.0,NONE,5131,4631,0,0,494,NONE,MN1;MN2;MN3;MN4;MN5;QMW;QRW;QTW;QWW,OK,NONE,NONE,2026-09-24
NAS,30850.0,6258377.377499009,5.419949064157651,0.0,0.0,0.0,0.0,0.0,0.0,31127.04129267234,30406.45870732766,31487.332585344684,30046.167414655316,DEC26,SEP26,2026-09-25,2026-12-18,30766.75,30793.940034634394,FOUND,DEGRADED,SPOT_MONTH_FALLBACK;ESTIMATED_EXPIRY_ALIAS,2026-08-02.2,PUT_CALL_PARITY,SEP26,OCT26=PUT_CALL_PARITY;SEP26=PUT_CALL_PARITY;NOV26=SERIES_FORWARD_CLUSTER;DEC29=SERIES_FORWARD_CLUSTER;DEC26=PUT_CALL_PARITY;MAR27=SERIES_FORWARD_CLUSTER;JUN27=PUT_CALL_PARITY;DEC28=PUT_CALL_PARITY;DEC27=PUT_CALL_PARITY;SEP27=SERIES_FORWARD_CLUSTER;JUN29=PUT_CALL_PARITY;DEC30=PUT_CALL_PARITY,OCT26=30756.75;SEP26=30766.75;NOV26=31843.125;DEC29=29950.15;DEC26=20089;MAR27=27605.125;JUN27=24445.125;DEC27=21056.75;SEP27=36064.25,DEC26=GLOBAL_REFERENCE_OUTLIER_PUT_CALL_PARITY;JUN27=GLOBAL_REFERENCE_OUTLIER_SERIES_FORWARD_CLUSTER;DEC28=GLOBAL_REFERENCE_NO_OBSERVATION;DEC27=GLOBAL_REFERENCE_OUTLIER_SERIES_FORWARD_CLUSTER;JUN29=GLOBAL_REFERENCE_NO_OBSERVATION;DEC30=GLOBAL_REFERENCE_NO_OBSERVATION,WEIGHTED_ATM,2026-10-02,5,139,0.0,NONE,5131,4631,0,0,494,NONE,MN1;MN2;MN3;MN4;MN5;QMW;QRW;QTW;QWW,OK,NONE,NONE,2026-09-24
NAS,30860.0,-934882.493134768,0.3149851055778375,0.0,0.0,0.0,0.0,0.0,0.0,31127.04129267234,30406.45870732766,31487.332585344684,30046.167414655316,DEC26,SEP26,2026-09-25,2026-12-18,30766.75,30793.940034634394,FOUND,DEGRADED,SPOT_MONTH_FALLBACK;ESTIMATED_EXPIRY_ALIAS,2026-08-02.2,PUT_CALL_PARITY,SEP26,OCT26=PUT_CALL_PARITY;SEP26=PUT_CALL_PARITY;NOV26=SERIES_FORWARD_CLUSTER;DEC29=SERIES_FORWARD_CLUSTER;DEC26=PUT_CALL_PARITY;MAR27=SERIES_FORWARD_CLUSTER;JUN27=PUT_CALL_PARITY;DEC28=PUT_CALL_PARITY;DEC27=PUT_CALL_PARITY;SEP27=SERIES_FORWARD_CLUSTER;JUN29=PUT_CALL_PARITY;DEC30=PUT_CALL_PARITY,OCT26=30756.75;SEP26=30766.75;NOV26=31843.125;DEC29=29950.15;DEC26=20089;MAR27=27605.125;JUN27=24445.125;DEC27=21056.75;SEP27=36064.25,DEC26=GLOBAL_REFERENCE_OUTLIER_PUT_CALL_PARITY;JUN27=GLOBAL_REFERENCE_OUTLIER_SERIES_FORWARD_CLUSTER;DEC28=GLOBAL_REFERENCE_NO_OBSERVATION;DEC27=GLOBAL_REFERENCE_OUTLIER_SERIES_FORWARD_CLUSTER;JUN29=GLOBAL_REFERENCE_NO_OBSERVATION;DEC30=GLOBAL_REFERENCE_NO_OBSERVATION,WEIGHTED_ATM,2026-10-02,5,139,0.0,NONE,5131,4631,0,0,494,NONE,MN1;MN2;MN3;MN4;MN5;QMW;QRW;QTW;QWW,OK,NONE,NONE,2026-09-24
NAS,30870.0,850533.7729433377,0.12579296497189357,0.0,0.0,0.0,0.0,0.0,0.0,31127.04129267234,30406.45870732766,31487.332585344684,30046.167414655316,DEC26,SEP26,2026-09-25,2026-12-18,30766.75,30793.940034634394,FOUND,DEGRADED,SPOT_MONTH_FALLBACK;ESTIMATED_EXPIRY_ALIAS,2026-08-02.2,PUT_CALL_PARITY,SEP26,OCT26=PUT_CALL_PARITY;SEP26=PUT_CALL_PARITY;NOV26=SERIES_FORWARD_CLUSTER;DEC29=SERIES_FORWARD_CLUSTER;DEC26=PUT_CALL_PARITY;MAR27=SERIES_FORWARD_CLUSTER;JUN27=PUT_CALL_PARITY;DEC28=PUT_CALL_PARITY;DEC27=PUT_CALL_PARITY;SEP27=SERIES_FORWARD_CLUSTER;JUN29=PUT_CALL_PARITY;DEC30=PUT_CALL_PARITY,OCT26=30756.75;SEP26=30766.75;NOV26=31843.125;DEC29=29950.15;DEC26=20089;MAR27=27605.125;JUN27=24445.125;DEC27=21056.75;SEP27=36064.25,DEC26=GLOBAL_REFERENCE_OUTLIER_PUT_CALL_PARITY;JUN27=GLOBAL_REFERENCE_OUTLIER_SERIES_FORWARD_CLUSTER;DEC28=GLOBAL_REFERENCE_NO_OBSERVATION;DEC27=GLOBAL_REFERENCE_OUTLIER_SERIES_FORWARD_CLUSTER;JUN29=GLOBAL_REFERENCE_NO_OBSERVATION;DEC30=GLOBAL_REFERENCE_NO_OBSERVATION,WEIGHTED_ATM,2026-10-02,5,139,0.0,NONE,5131,4631,0,0,494,NONE,MN1;MN2;MN3;MN4;MN5;QMW;QRW;QTW;QWW,OK,NONE,NONE,2026-09-24
NAS,30875.0,-1444325.9271531436,0.7891795901641163,0.0,0.0,0.0,0.0,0.0,0.0,31127.04129267234,30406.45870732766,31487.332585344684,30046.167414655316,DEC26,SEP26,2026-09-25,2026-12-18,30766.75,30793.940034634394,FOUND,DEGRADED,SPOT_MONTH_FALLBACK;ESTIMATED_EXPIRY_ALIAS,2026-08-02.2,PUT_CALL_PARITY,SEP26,OCT26=PUT_CALL_PARITY;SEP26=PUT_CALL_PARITY;NOV26=SERIES_FORWARD_CLUSTER;DEC29=SERIES_FORWARD_CLUSTER;DEC26=PUT_CALL_PARITY;MAR27=SERIES_FORWARD_CLUSTER;JUN27=PUT_CALL_PARITY;DEC28=PUT_CALL_PARITY;DEC27=PUT_CALL_PARITY;SEP27=SERIES_FORWARD_CLUSTER;JUN29=PUT_CALL_PARITY;DEC30=PUT_CALL_PARITY,OCT26=30756.75;SEP26=30766.75;NOV26=31843.125;DEC29=29950.15;DEC26=20089;MAR27=27605.125;JUN27=24445.125;DEC27=21056.75;SEP27=36064.25,DEC26=GLOBAL_REFERENCE_OUTLIER_PUT_CALL_PARITY;JUN27=GLOBAL_REFERENCE_OUTLIER_SERIES_FORWARD_CLUSTER;DEC28=GLOBAL_REFERENCE_NO_OBSERVATION;DEC27=GLOBAL_REFERENCE_OUTLIER_SERIES_FORWARD_CLUSTER;JUN29=GLOBAL_REFERENCE_NO_OBSERVATION;DEC30=GLOBAL_REFERENCE_NO_OBSERVATION,WEIGHTED_ATM,2026-10-02,5,139,0.0,NONE,5131,4631,0,0,494,NONE,MN1;MN2;MN3;MN4;MN5;QMW;QRW;QTW;QWW,OK,NONE,NONE,2026-09-24
NAS,30880.0,4019175.872768334,0.5303052331503907,0.0,0.0,0.0,0.0,0.0,0.0,31127.04129267234,30406.45870732766,31487.332585344684,30046.167414655316,DEC26,SEP26,2026-09-25,2026-12-18,30766.75,30793.940034634394,FOUND,DEGRADED,SPOT_MONTH_FALLBACK;ESTIMATED_EXPIRY_ALIAS,2026-08-02.2,PUT_CALL_PARITY,SEP26,OCT26=PUT_CALL_PARITY;SEP26=PUT_CALL_PARITY;NOV26=SERIES_FORWARD_CLUSTER;DEC29=SERIES_FORWARD_CLUSTER;DEC26=PUT_CALL_PARITY;MAR27=SERIES_FORWARD_CLUSTER;JUN27=PUT_CALL_PARITY;DEC28=PUT_CALL_PARITY;DEC27=PUT_CALL_PARITY;SEP27=SERIES_FORWARD_CLUSTER;JUN29=PUT_CALL_PARITY;DEC30=PUT_CALL_PARITY,OCT26=30756.75;SEP26=30766.75;NOV26=31843.125;DEC29=29950.15;DEC26=20089;MAR27=27605.125;JUN27=24445.125;DEC27=21056.75;SEP27=36064.25,DEC26=GLOBAL_REFERENCE_OUTLIER_PUT_CALL_PARITY;JUN27=GLOBAL_REFERENCE_OUTLIER_SERIES_FORWARD_CLUSTER;DEC28=GLOBAL_REFERENCE_NO_OBSERVATION;DEC27=GLOBAL_REFERENCE_OUTLIER_SERIES_FORWARD_CLUSTER;JUN29=GLOBAL_REFERENCE_NO_OBSERVATION;DEC30=GLOBAL_REFERENCE_NO_OBSERVATION,WEIGHTED_ATM,2026-10-02,5,139,0.0,NONE,5131,4631,0,0,494,NONE,MN1;MN2;MN3;MN4;MN5;QMW;QRW;QTW;QWW,OK,NONE,NONE,2026-09-24
NAS,30890.0,-961816.5373933539,0.315469117874555,0.0,0.0,0.0,0.0,0.0,0.0,31127.04129267234,30406.45870732766,31487.332585344684,30046.167414655316,DEC26,SEP26,2026-09-25,2026-12-18,30766.75,30793.940034634394,FOUND,DEGRADED,SPOT_MONTH_FALLBACK;ESTIMATED_EXPIRY_ALIAS,2026-08-02.2,PUT_CALL_PARITY,SEP26,OCT26=PUT_CALL_PARITY;SEP26=PUT_CALL_PARITY;NOV26=SERIES_FORWARD_CLUSTER;DEC29=SERIES_FORWARD_CLUSTER;DEC26=PUT_CALL_PARITY;MAR27=SERIES_FORWARD_CLUSTER;JUN27=PUT_CALL_PARITY;DEC28=PUT_CALL_PARITY;DEC27=PUT_CALL_PARITY;SEP27=SERIES_FORWARD_CLUSTER;JUN29=PUT_CALL_PARITY;DEC30=PUT_CALL_PARITY,OCT26=30756.75;SEP26=30766.75;NOV26=31843.125;DEC29=29950.15;DEC26=20089;MAR27=27605.125;JUN27=24445.125;DEC27=21056.75;SEP27=36064.25,DEC26=GLOBAL_REFERENCE_OUTLIER_PUT_CALL_PARITY;JUN27=GLOBAL_REFERENCE_OUTLIER_SERIES_FORWARD_CLUSTER;DEC28=GLOBAL_REFERENCE_NO_OBSERVATION;DEC27=GLOBAL_REFERENCE_OUTLIER_SERIES_FORWARD_CLUSTER;JUN29=GLOBAL_REFERENCE_NO_OBSERVATION;DEC30=GLOBAL_REFERENCE_NO_OBSERVATION,WEIGHTED_ATM,2026-10-02,5,139,0.0,NONE,5131,4631,0,0,494,NONE,MN1;MN2;MN3;MN4;MN5;QMW;QRW;QTW;QWW,OK,NONE,NONE,2026-09-24
NAS,30900.0,19428002.918832656,8.834545382957078,0.0,0.0,0.0,0.0,0.0,0.0,31127.04129267234,30406.45870732766,31487.332585344684,30046.167414655316,DEC26,SEP26,2026-09-25,2026-12-18,30766.75,30793.940034634394,FOUND,DEGRADED,SPOT_MONTH_FALLBACK;ESTIMATED_EXPIRY_ALIAS,2026-08-02.2,PUT_CALL_PARITY,SEP26,OCT26=PUT_CALL_PARITY;SEP26=PUT_CALL_PARITY;NOV26=SERIES_FORWARD_CLUSTER;DEC29=SERIES_FORWARD_CLUSTER;DEC26=PUT_CALL_PARITY;MAR27=SERIES_FORWARD_CLUSTER;JUN27=PUT_CALL_PARITY;DEC28=PUT_CALL_PARITY;DEC27=PUT_CALL_PARITY;SEP27=SERIES_FORWARD_CLUSTER;JUN29=PUT_CALL_PARITY;DEC30=PUT_CALL_PARITY,OCT26=30756.75;SEP26=30766.75;NOV26=31843.125;DEC29=29950.15;DEC26=20089;MAR27=27605.125;JUN27=24445.125;DEC27=21056.75;SEP27=36064.25,DEC26=GLOBAL_REFERENCE_OUTLIER_PUT_CALL_PARITY;JUN27=GLOBAL_REFERENCE_OUTLIER_SERIES_FORWARD_CLUSTER;DEC28=GLOBAL_REFERENCE_NO_OBSERVATION;DEC27=GLOBAL_REFERENCE_OUTLIER_SERIES_FORWARD_CLUSTER;JUN29=GLOBAL_REFERENCE_NO_OBSERVATION;DEC30=GLOBAL_REFERENCE_NO_OBSERVATION,WEIGHTED_ATM,2026-10-02,5,139,0.0,NONE,5131,4631,0,0,494,NONE,MN1;MN2;MN3;MN4;MN5;QMW;QRW;QTW;QWW,OK,NONE,NONE,2026-09-24
NAS,30910.0,875559.8114856058,0.295161155263022,0.0,0.0,0.0,0.0,0.0,0.0,31127.04129267234,30406.45870732766,31487.332585344684,30046.167414655316,DEC26,SEP26,2026-09-25,2026-12-18,30766.75,30793.940034634394,FOUND,DEGRADED,SPOT_MONTH_FALLBACK;ESTIMATED_EXPIRY_ALIAS,2026-08-02.2,PUT_CALL_PARITY,SEP26,OCT26=PUT_CALL_PARITY;SEP26=PUT_CALL_PARITY;NOV26=SERIES_FORWARD_CLUSTER;DEC29=SERIES_FORWARD_CLUSTER;DEC26=PUT_CALL_PARITY;MAR27=SERIES_FORWARD_CLUSTER;JUN27=PUT_CALL_PARITY;DEC28=PUT_CALL_PARITY;DEC27=PUT_CALL_PARITY;SEP27=SERIES_FORWARD_CLUSTER;JUN29=PUT_CALL_PARITY;DEC30=PUT_CALL_PARITY,OCT26=30756.75;SEP26=30766.75;NOV26=31843.125;DEC29=29950.15;DEC26=20089;MAR27=27605.125;JUN27=24445.125;DEC27=21056.75;SEP27=36064.25,DEC26=GLOBAL_REFERENCE_OUTLIER_PUT_CALL_PARITY;JUN27=GLOBAL_REFERENCE_OUTLIER_SERIES_FORWARD_CLUSTER;DEC28=GLOBAL_REFERENCE_NO_OBSERVATION;DEC27=GLOBAL_REFERENCE_OUTLIER_SERIES_FORWARD_CLUSTER;JUN29=GLOBAL_REFERENCE_NO_OBSERVATION;DEC30=GLOBAL_REFERENCE_NO_OBSERVATION,WEIGHTED_ATM,2026-10-02,5,139,0.0,NONE,5131,4631,0,0,494,NONE,MN1;MN2;MN3;MN4;MN5;QMW;QRW;QTW;QWW,OK,NONE,NONE,2026-09-24
NAS,30920.0,-627657.0688694555,0.3812208078119984,0.0,0.0,0.0,0.0,0.0,0.0,31127.04129267234,30406.45870732766,31487.332585344684,30046.167414655316,DEC26,SEP26,2026-09-25,2026-12-18,30766.75,30793.940034634394,FOUND,DEGRADED,SPOT_MONTH_FALLBACK;ESTIMATED_EXPIRY_ALIAS,2026-08-02.2,PUT_CALL_PARITY,SEP26,OCT26=PUT_CALL_PARITY;SEP26=PUT_CALL_PARITY;NOV26=SERIES_FORWARD_CLUSTER;DEC29=SERIES_FORWARD_CLUSTER;DEC26=PUT_CALL_PARITY;MAR27=SERIES_FORWARD_CLUSTER;JUN27=PUT_CALL_PARITY;DEC28=PUT_CALL_PARITY;DEC27=PUT_CALL_PARITY;SEP27=SERIES_FORWARD_CLUSTER;JUN29=PUT_CALL_PARITY;DEC30=PUT_CALL_PARITY,OCT26=30756.75;SEP26=30766.75;NOV26=31843.125;DEC29=29950.15;DEC26=20089;MAR27=27605.125;JUN27=24445.125;DEC27=21056.75;SEP27=36064.25,DEC26=GLOBAL_REFERENCE_OUTLIER_PUT_CALL_PARITY;JUN27=GLOBAL_REFERENCE_OUTLIER_SERIES_FORWARD_CLUSTER;DEC28=GLOBAL_REFERENCE_NO_OBSERVATION;DEC27=GLOBAL_REFERENCE_OUTLIER_SERIES_FORWARD_CLUSTER;JUN29=GLOBAL_REFERENCE_NO_OBSERVATION;DEC30=GLOBAL_REFERENCE_NO_OBSERVATION,WEIGHTED_ATM,2026-10-02,5,139,0.0,NONE,5131,4631,0,0,494,NONE,MN1;MN2;MN3;MN4;MN5;QMW;QRW;QTW;QWW,OK,NONE,NONE,2026-09-24
NAS,30925.0,3598560.088824399,1.0309815420035562,0.0,0.0,0.0,0.0,0.0,0.0,31127.04129267234,30406.45870732766,31487.332585344684,30046.167414655316,DEC26,SEP26,2026-09-25,2026-12-18,30766.75,30793.940034634394,FOUND,DEGRADED,SPOT_MONTH_FALLBACK;ESTIMATED_EXPIRY_ALIAS,2026-08-02.2,PUT_CALL_PARITY,SEP26,OCT26=PUT_CALL_PARITY;SEP26=PUT_CALL_PARITY;NOV26=SERIES_FORWARD_CLUSTER;DEC29=SERIES_FORWARD_CLUSTER;DEC26=PUT_CALL_PARITY;MAR27=SERIES_FORWARD_CLUSTER;JUN27=PUT_CALL_PARITY;DEC28=PUT_CALL_PARITY;DEC27=PUT_CALL_PARITY;SEP27=SERIES_FORWARD_CLUSTER;JUN29=PUT_CALL_PARITY;DEC30=PUT_CALL_PARITY,OCT26=30756.75;SEP26=30766.75;NOV26=31843.125;DEC29=29950.15;DEC26=20089;MAR27=27605.125;JUN27=24445.125;DEC27=21056.75;SEP27=36064.25,DEC26=GLOBAL_REFERENCE_OUTLIER_PUT_CALL_PARITY;JUN27=GLOBAL_REFERENCE_OUTLIER_SERIES_FORWARD_CLUSTER;DEC28=GLOBAL_REFERENCE_NO_OBSERVATION;DEC27=GLOBAL_REFERENCE_OUTLIER_SERIES_FORWARD_CLUSTER;JUN29=GLOBAL_REFERENCE_NO_OBSERVATION;DEC30=GLOBAL_REFERENCE_NO_OBSERVATION,WEIGHTED_ATM,2026-10-02,5,139,0.0,NONE,5131,4631,0,0,494,NONE,MN1;MN2;MN3;MN4;MN5;QMW;QRW;QTW;QWW,OK,NONE,NONE,2026-09-24
NAS,30930.0,-609250.9036221523,0.5841336182755724,0.0,0.0,0.0,0.0,0.0,0.0,31127.04129267234,30406.45870732766,31487.332585344684,30046.167414655316,DEC26,SEP26,2026-09-25,2026-12-18,30766.75,30793.940034634394,FOUND,DEGRADED,SPOT_MONTH_FALLBACK;ESTIMATED_EXPIRY_ALIAS,2026-08-02.2,PUT_CALL_PARITY,SEP26,OCT26=PUT_CALL_PARITY;SEP26=PUT_CALL_PARITY;NOV26=SERIES_FORWARD_CLUSTER;DEC29=SERIES_FORWARD_CLUSTER;DEC26=PUT_CALL_PARITY;MAR27=SERIES_FORWARD_CLUSTER;JUN27=PUT_CALL_PARITY;DEC28=PUT_CALL_PARITY;DEC27=PUT_CALL_PARITY;SEP27=SERIES_FORWARD_CLUSTER;JUN29=PUT_CALL_PARITY;DEC30=PUT_CALL_PARITY,OCT26=30756.75;SEP26=30766.75;NOV26=31843.125;DEC29=29950.15;DEC26=20089;MAR27=27605.125;JUN27=24445.125;DEC27=21056.75;SEP27=36064.25,DEC26=GLOBAL_REFERENCE_OUTLIER_PUT_CALL_PARITY;JUN27=GLOBAL_REFERENCE_OUTLIER_SERIES_FORWARD_CLUSTER;DEC28=GLOBAL_REFERENCE_NO_OBSERVATION;DEC27=GLOBAL_REFERENCE_OUTLIER_SERIES_FORWARD_CLUSTER;JUN29=GLOBAL_REFERENCE_NO_OBSERVATION;DEC30=GLOBAL_REFERENCE_NO_OBSERVATION,WEIGHTED_ATM,2026-10-02,5,139,0.0,NONE,5131,4631,0,0,494,NONE,MN1;MN2;MN3;MN4;MN5;QMW;QRW;QTW;QWW,OK,NONE,NONE,2026-09-24
NAS,30940.0,1353409.4550304606,0.4777354213961382,0.0,0.0,0.0,0.0,0.0,0.0,31127.04129267234,30406.45870732766,31487.332585344684,30046.167414655316,DEC26,SEP26,2026-09-25,2026-12-18,30766.75,30793.940034634394,FOUND,DEGRADED,SPOT_MONTH_FALLBACK;ESTIMATED_EXPIRY_ALIAS,2026-08-02.2,PUT_CALL_PARITY,SEP26,OCT26=PUT_CALL_PARITY;SEP26=PUT_CALL_PARITY;NOV26=SERIES_FORWARD_CLUSTER;DEC29=SERIES_FORWARD_CLUSTER;DEC26=PUT_CALL_PARITY;MAR27=SERIES_FORWARD_CLUSTER;JUN27=PUT_CALL_PARITY;DEC28=PUT_CALL_PARITY;DEC27=PUT_CALL_PARITY;SEP27=SERIES_FORWARD_CLUSTER;JUN29=PUT_CALL_PARITY;DEC30=PUT_CALL_PARITY,OCT26=30756.75;SEP26=30766.75;NOV26=31843.125;DEC29=29950.15;DEC26=20089;MAR27=27605.125;JUN27=24445.125;DEC27=21056.75;SEP27=36064.25,DEC26=GLOBAL_REFERENCE_OUTLIER_PUT_CALL_PARITY;JUN27=GLOBAL_REFERENCE_OUTLIER_SERIES_FORWARD_CLUSTER;DEC28=GLOBAL_REFERENCE_NO_OBSERVATION;DEC27=GLOBAL_REFERENCE_OUTLIER_SERIES_FORWARD_CLUSTER;JUN29=GLOBAL_REFERENCE_NO_OBSERVATION;DEC30=GLOBAL_REFERENCE_NO_OBSERVATION,WEIGHTED_ATM,2026-10-02,5,139,0.0,NONE,5131,4631,0,0,494,NONE,MN1;MN2;MN3;MN4;MN5;QMW;QRW;QTW;QWW,OK,NONE,NONE,2026-09-24
NAS,30950.0,7556154.3903159015,2.82503782368388,0.0,0.0,0.0,0.0,0.0,0.0,31127.04129267234,30406.45870732766,31487.332585344684,30046.167414655316,DEC26,SEP26,2026-09-25,2026-12-18,30766.75,30793.940034634394,FOUND,DEGRADED,SPOT_MONTH_FALLBACK;ESTIMATED_EXPIRY_ALIAS,2026-08-02.2,PUT_CALL_PARITY,SEP26,OCT26=PUT_CALL_PARITY;SEP26=PUT_CALL_PARITY;NOV26=SERIES_FORWARD_CLUSTER;DEC29=SERIES_FORWARD_CLUSTER;DEC26=PUT_CALL_PARITY;MAR27=SERIES_FORWARD_CLUSTER;JUN27=PUT_CALL_PARITY;DEC28=PUT_CALL_PARITY;DEC27=PUT_CALL_PARITY;SEP27=SERIES_FORWARD_CLUSTER;JUN29=PUT_CALL_PARITY;DEC30=PUT_CALL_PARITY,OCT26=30756.75;SEP26=30766.75;NOV26=31843.125;DEC29=29950.15;DEC26=20089;MAR27=27605.125;JUN27=24445.125;DEC27=21056.75;SEP27=36064.25,DEC26=GLOBAL_REFERENCE_OUTLIER_PUT_CALL_PARITY;JUN27=GLOBAL_REFERENCE_OUTLIER_SERIES_FORWARD_CLUSTER;DEC28=GLOBAL_REFERENCE_NO_OBSERVATION;DEC27=GLOBAL_REFERENCE_OUTLIER_SERIES_FORWARD_CLUSTER;JUN29=GLOBAL_REFERENCE_NO_OBSERVATION;DEC30=GLOBAL_REFERENCE_NO_OBSERVATION,WEIGHTED_ATM,2026-10-02,5,139,0.0,NONE,5131,4631,0,0,494,NONE,MN1;MN2;MN3;MN4;MN5;QMW;QRW;QTW;QWW,OK,NONE,NONE,2026-09-24
NAS,30960.0,-2184153.7988707484,0.6378165752973403,0.0,0.0,0.0,0.0,0.0,0.0,31127.04129267234,30406.45870732766,31487.332585344684,30046.167414655316,DEC26,SEP26,2026-09-25,2026-12-18,30766.75,30793.940034634394,FOUND,DEGRADED,SPOT_MONTH_FALLBACK;ESTIMATED_EXPIRY_ALIAS,2026-08-02.2,PUT_CALL_PARITY,SEP26,OCT26=PUT_CALL_PARITY;SEP26=PUT_CALL_PARITY;NOV26=SERIES_FORWARD_CLUSTER;DEC29=SERIES_FORWARD_CLUSTER;DEC26=PUT_CALL_PARITY;MAR27=SERIES_FORWARD_CLUSTER;JUN27=PUT_CALL_PARITY;DEC28=PUT_CALL_PARITY;DEC27=PUT_CALL_PARITY;SEP27=SERIES_FORWARD_CLUSTER;JUN29=PUT_CALL_PARITY;DEC30=PUT_CALL_PARITY,OCT26=30756.75;SEP26=30766.75;NOV26=31843.125;DEC29=29950.15;DEC26=20089;MAR27=27605.125;JUN27=24445.125;DEC27=21056.75;SEP27=36064.25,DEC26=GLOBAL_REFERENCE_OUTLIER_PUT_CALL_PARITY;JUN27=GLOBAL_REFERENCE_OUTLIER_SERIES_FORWARD_CLUSTER;DEC28=GLOBAL_REFERENCE_NO_OBSERVATION;DEC27=GLOBAL_REFERENCE_OUTLIER_SERIES_FORWARD_CLUSTER;JUN29=GLOBAL_REFERENCE_NO_OBSERVATION;DEC30=GLOBAL_REFERENCE_NO_OBSERVATION,WEIGHTED_ATM,2026-10-02,5,139,0.0,NONE,5131,4631,0,0,494,NONE,MN1;MN2;MN3;MN4;MN5;QMW;QRW;QTW;QWW,OK,NONE,NONE,2026-09-24
NAS,30970.0,-1476715.275372838,0.1560032054640553,0.0,0.0,0.0,0.0,0.0,0.0,31127.04129267234,30406.45870732766,31487.332585344684,30046.167414655316,DEC26,SEP26,2026-09-25,2026-12-18,30766.75,30793.940034634394,FOUND,DEGRADED,SPOT_MONTH_FALLBACK;ESTIMATED_EXPIRY_ALIAS,2026-08-02.2,PUT_CALL_PARITY,SEP26,OCT26=PUT_CALL_PARITY;SEP26=PUT_CALL_PARITY;NOV26=SERIES_FORWARD_CLUSTER;DEC29=SERIES_FORWARD_CLUSTER;DEC26=PUT_CALL_PARITY;MAR27=SERIES_FORWARD_CLUSTER;JUN27=PUT_CALL_PARITY;DEC28=PUT_CALL_PARITY;DEC27=PUT_CALL_PARITY;SEP27=SERIES_FORWARD_CLUSTER;JUN29=PUT_CALL_PARITY;DEC30=PUT_CALL_PARITY,OCT26=30756.75;SEP26=30766.75;NOV26=31843.125;DEC29=29950.15;DEC26=20089;MAR27=27605.125;JUN27=24445.125;DEC27=21056.75;SEP27=36064.25,DEC26=GLOBAL_REFERENCE_OUTLIER_PUT_CALL_PARITY;JUN27=GLOBAL_REFERENCE_OUTLIER_SERIES_FORWARD_CLUSTER;DEC28=GLOBAL_REFERENCE_NO_OBSERVATION;DEC27=GLOBAL_REFERENCE_OUTLIER_SERIES_FORWARD_CLUSTER;JUN29=GLOBAL_REFERENCE_NO_OBSERVATION;DEC30=GLOBAL_REFERENCE_NO_OBSERVATION,WEIGHTED_ATM,2026-10-02,5,139,0.0,NONE,5131,4631,0,0,494,NONE,MN1;MN2;MN3;MN4;MN5;QMW;QRW;QTW;QWW,OK,NONE,NONE,2026-09-24
NAS,30975.0,1636606.7027854584,0.7664849945079897,0.0,0.0,0.0,0.0,0.0,0.0,31127.04129267234,30406.45870732766,31487.332585344684,30046.167414655316,DEC26,SEP26,2026-09-25,2026-12-18,30766.75,30793.940034634394,FOUND,DEGRADED,SPOT_MONTH_FALLBACK;ESTIMATED_EXPIRY_ALIAS,2026-08-02.2,PUT_CALL_PARITY,SEP26,OCT26=PUT_CALL_PARITY;SEP26=PUT_CALL_PARITY;NOV26=SERIES_FORWARD_CLUSTER;DEC29=SERIES_FORWARD_CLUSTER;DEC26=PUT_CALL_PARITY;MAR27=SERIES_FORWARD_CLUSTER;JUN27=PUT_CALL_PARITY;DEC28=PUT_CALL_PARITY;DEC27=PUT_CALL_PARITY;SEP27=SERIES_FORWARD_CLUSTER;JUN29=PUT_CALL_PARITY;DEC30=PUT_CALL_PARITY,OCT26=30756.75;SEP26=30766.75;NOV26=31843.125;DEC29=29950.15;DEC26=20089;MAR27=27605.125;JUN27=24445.125;DEC27=21056.75;SEP27=36064.25,DEC26=GLOBAL_REFERENCE_OUTLIER_PUT_CALL_PARITY;JUN27=GLOBAL_REFERENCE_OUTLIER_SERIES_FORWARD_CLUSTER;DEC28=GLOBAL_REFERENCE_NO_OBSERVATION;DEC27=GLOBAL_REFERENCE_OUTLIER_SERIES_FORWARD_CLUSTER;JUN29=GLOBAL_REFERENCE_NO_OBSERVATION;DEC30=GLOBAL_REFERENCE_NO_OBSERVATION,WEIGHTED_ATM,2026-10-02,5,139,0.0,NONE,5131,4631,0,0,494,NONE,MN1;MN2;MN3;MN4;MN5;QMW;QRW;QTW;QWW,OK,NONE,NONE,2026-09-24
NAS,30980.0,849055.4781587112,0.17642624318706188,0.0,0.0,0.0,0.0,0.0,0.0,31127.04129267234,30406.45870732766,31487.332585344684,30046.167414655316,DEC26,SEP26,2026-09-25,2026-12-18,30766.75,30793.940034634394,FOUND,DEGRADED,SPOT_MONTH_FALLBACK;ESTIMATED_EXPIRY_ALIAS,2026-08-02.2,PUT_CALL_PARITY,SEP26,OCT26=PUT_CALL_PARITY;SEP26=PUT_CALL_PARITY;NOV26=SERIES_FORWARD_CLUSTER;DEC29=SERIES_FORWARD_CLUSTER;DEC26=PUT_CALL_PARITY;MAR27=SERIES_FORWARD_CLUSTER;JUN27=PUT_CALL_PARITY;DEC28=PUT_CALL_PARITY;DEC27=PUT_CALL_PARITY;SEP27=SERIES_FORWARD_CLUSTER;JUN29=PUT_CALL_PARITY;DEC30=PUT_CALL_PARITY,OCT26=30756.75;SEP26=30766.75;NOV26=31843.125;DEC29=29950.15;DEC26=20089;MAR27=27605.125;JUN27=24445.125;DEC27=21056.75;SEP27=36064.25,DEC26=GLOBAL_REFERENCE_OUTLIER_PUT_CALL_PARITY;JUN27=GLOBAL_REFERENCE_OUTLIER_SERIES_FORWARD_CLUSTER;DEC28=GLOBAL_REFERENCE_NO_OBSERVATION;DEC27=GLOBAL_REFERENCE_OUTLIER_SERIES_FORWARD_CLUSTER;JUN29=GLOBAL_REFERENCE_NO_OBSERVATION;DEC30=GLOBAL_REFERENCE_NO_OBSERVATION,WEIGHTED_ATM,2026-10-02,5,139,0.0,NONE,5131,4631,0,0,494,NONE,MN1;MN2;MN3;MN4;MN5;QMW;QRW;QTW;QWW,OK,NONE,NONE,2026-09-24
NAS,30990.0,202835.37573399823,0.10582208085886326,0.0,0.0,0.0,0.0,0.0,0.0,31127.04129267234,30406.45870732766,31487.332585344684,30046.167414655316,DEC26,SEP26,2026-09-25,2026-12-18,30766.75,30793.940034634394,FOUND,DEGRADED,SPOT_MONTH_FALLBACK;ESTIMATED_EXPIRY_ALIAS,2026-08-02.2,PUT_CALL_PARITY,SEP26,OCT26=PUT_CALL_PARITY;SEP26=PUT_CALL_PARITY;NOV26=SERIES_FORWARD_CLUSTER;DEC29=SERIES_FORWARD_CLUSTER;DEC26=PUT_CALL_PARITY;MAR27=SERIES_FORWARD_CLUSTER;JUN27=PUT_CALL_PARITY;DEC28=PUT_CALL_PARITY;DEC27=PUT_CALL_PARITY;SEP27=SERIES_FORWARD_CLUSTER;JUN29=PUT_CALL_PARITY;DEC30=PUT_CALL_PARITY,OCT26=30756.75;SEP26=30766.75;NOV26=31843.125;DEC29=29950.15;DEC26=20089;MAR27=27605.125;JUN27=24445.125;DEC27=21056.75;SEP27=36064.25,DEC26=GLOBAL_REFERENCE_OUTLIER_PUT_CALL_PARITY;JUN27=GLOBAL_REFERENCE_OUTLIER_SERIES_FORWARD_CLUSTER;DEC28=GLOBAL_REFERENCE_NO_OBSERVATION;DEC27=GLOBAL_REFERENCE_OUTLIER_SERIES_FORWARD_CLUSTER;JUN29=GLOBAL_REFERENCE_NO_OBSERVATION;DEC30=GLOBAL_REFERENCE_NO_OBSERVATION,WEIGHTED_ATM,2026-10-02,5,139,0.0,NONE,5131,4631,0,0,494,NONE,MN1;MN2;MN3;MN4;MN5;QMW;QRW;QTW;QWW,OK,NONE,NONE,2026-09-24
NAS,31000.0,205109838.9528221,28.280933424970517,0.0,0.0,0.0,0.0,0.0,0.0,31127.04129267234,30406.45870732766,31487.332585344684,30046.167414655316,DEC26,SEP26,2026-09-25,2026-12-18,30766.75,30793.940034634394,FOUND,DEGRADED,SPOT_MONTH_FALLBACK;ESTIMATED_EXPIRY_ALIAS,2026-08-02.2,PUT_CALL_PARITY,SEP26,OCT26=PUT_CALL_PARITY;SEP26=PUT_CALL_PARITY;NOV26=SERIES_FORWARD_CLUSTER;DEC29=SERIES_FORWARD_CLUSTER;DEC26=PUT_CALL_PARITY;MAR27=SERIES_FORWARD_CLUSTER;JUN27=PUT_CALL_PARITY;DEC28=PUT_CALL_PARITY;DEC27=PUT_CALL_PARITY;SEP27=SERIES_FORWARD_CLUSTER;JUN29=PUT_CALL_PARITY;DEC30=PUT_CALL_PARITY,OCT26=30756.75;SEP26=30766.75;NOV26=31843.125;DEC29=29950.15;DEC26=20089;MAR27=27605.125;JUN27=24445.125;DEC27=21056.75;SEP27=36064.25,DEC26=GLOBAL_REFERENCE_OUTLIER_PUT_CALL_PARITY;JUN27=GLOBAL_REFERENCE_OUTLIER_SERIES_FORWARD_CLUSTER;DEC28=GLOBAL_REFERENCE_NO_OBSERVATION;DEC27=GLOBAL_REFERENCE_OUTLIER_SERIES_FORWARD_CLUSTER;JUN29=GLOBAL_REFERENCE_NO_OBSERVATION;DEC30=GLOBAL_REFERENCE_NO_OBSERVATION,WEIGHTED_ATM,2026-10-02,5,139,0.0,NONE,5131,4631,0,0,494,NONE,MN1;MN2;MN3;MN4;MN5;QMW;QRW;QTW;QWW,OK,NONE,NONE,2026-09-24
NAS,31010.0,2704162.0368804717,0.3574836918480862,0.0,0.0,0.0,0.0,0.0,0.0,31127.04129267234,30406.45870732766,31487.332585344684,30046.167414655316,DEC26,SEP26,2026-09-25,2026-12-18,30766.75,30793.940034634394,FOUND,DEGRADED,SPOT_MONTH_FALLBACK;ESTIMATED_EXPIRY_ALIAS,2026-08-02.2,PUT_CALL_PARITY,SEP26,OCT26=PUT_CALL_PARITY;SEP26=PUT_CALL_PARITY;NOV26=SERIES_FORWARD_CLUSTER;DEC29=SERIES_FORWARD_CLUSTER;DEC26=PUT_CALL_PARITY;MAR27=SERIES_FORWARD_CLUSTER;JUN27=PUT_CALL_PARITY;DEC28=PUT_CALL_PARITY;DEC27=PUT_CALL_PARITY;SEP27=SERIES_FORWARD_CLUSTER;JUN29=PUT_CALL_PARITY;DEC30=PUT_CALL_PARITY,OCT26=30756.75;SEP26=30766.75;NOV26=31843.125;DEC29=29950.15;DEC26=20089;MAR27=27605.125;JUN27=24445.125;DEC27=21056.75;SEP27=36064.25,DEC26=GLOBAL_REFERENCE_OUTLIER_PUT_CALL_PARITY;JUN27=GLOBAL_REFERENCE_OUTLIER_SERIES_FORWARD_CLUSTER;DEC28=GLOBAL_REFERENCE_NO_OBSERVATION;DEC27=GLOBAL_REFERENCE_OUTLIER_SERIES_FORWARD_CLUSTER;JUN29=GLOBAL_REFERENCE_NO_OBSERVATION;DEC30=GLOBAL_REFERENCE_NO_OBSERVATION,WEIGHTED_ATM,2026-10-02,5,139,0.0,NONE,5131,4631,0,0,494,NONE,MN1;MN2;MN3;MN4;MN5;QMW;QRW;QTW;QWW,OK,NONE,NONE,2026-09-24
NAS,31020.0,765822.0367130665,0.1893941565250032,0.0,0.0,0.0,0.0,0.0,0.0,31127.04129267234,30406.45870732766,31487.332585344684,30046.167414655316,DEC26,SEP26,2026-09-25,2026-12-18,30766.75,30793.940034634394,FOUND,DEGRADED,SPOT_MONTH_FALLBACK;ESTIMATED_EXPIRY_ALIAS,2026-08-02.2,PUT_CALL_PARITY,SEP26,OCT26=PUT_CALL_PARITY;SEP26=PUT_CALL_PARITY;NOV26=SERIES_FORWARD_CLUSTER;DEC29=SERIES_FORWARD_CLUSTER;DEC26=PUT_CALL_PARITY;MAR27=SERIES_FORWARD_CLUSTER;JUN27=PUT_CALL_PARITY;DEC28=PUT_CALL_PARITY;DEC27=PUT_CALL_PARITY;SEP27=SERIES_FORWARD_CLUSTER;JUN29=PUT_CALL_PARITY;DEC30=PUT_CALL_PARITY,OCT26=30756.75;SEP26=30766.75;NOV26=31843.125;DEC29=29950.15;DEC26=20089;MAR27=27605.125;JUN27=24445.125;DEC27=21056.75;SEP27=36064.25,DEC26=GLOBAL_REFERENCE_OUTLIER_PUT_CALL_PARITY;JUN27=GLOBAL_REFERENCE_OUTLIER_SERIES_FORWARD_CLUSTER;DEC28=GLOBAL_REFERENCE_NO_OBSERVATION;DEC27=GLOBAL_REFERENCE_OUTLIER_SERIES_FORWARD_CLUSTER;JUN29=GLOBAL_REFERENCE_NO_OBSERVATION;DEC30=GLOBAL_REFERENCE_NO_OBSERVATION,WEIGHTED_ATM,2026-10-02,5,139,0.0,NONE,5131,4631,0,0,494,NONE,MN1;MN2;MN3;MN4;MN5;QMW;QRW;QTW;QWW,OK,NONE,NONE,2026-09-24
NAS,31025.0,-1336553.717378426,1.2554302468241285,0.0,0.0,0.0,0.0,0.0,0.0,31127.04129267234,30406.45870732766,31487.332585344684,30046.167414655316,DEC26,SEP26,2026-09-25,2026-12-18,30766.75,30793.940034634394,FOUND,DEGRADED,SPOT_MONTH_FALLBACK;ESTIMATED_EXPIRY_ALIAS,2026-08-02.2,PUT_CALL_PARITY,SEP26,OCT26=PUT_CALL_PARITY;SEP26=PUT_CALL_PARITY;NOV26=SERIES_FORWARD_CLUSTER;DEC29=SERIES_FORWARD_CLUSTER;DEC26=PUT_CALL_PARITY;MAR27=SERIES_FORWARD_CLUSTER;JUN27=PUT_CALL_PARITY;DEC28=PUT_CALL_PARITY;DEC27=PUT_CALL_PARITY;SEP27=SERIES_FORWARD_CLUSTER;JUN29=PUT_CALL_PARITY;DEC30=PUT_CALL_PARITY,OCT26=30756.75;SEP26=30766.75;NOV26=31843.125;DEC29=29950.15;DEC26=20089;MAR27=27605.125;JUN27=24445.125;DEC27=21056.75;SEP27=36064.25,DEC26=GLOBAL_REFERENCE_OUTLIER_PUT_CALL_PARITY;JUN27=GLOBAL_REFERENCE_OUTLIER_SERIES_FORWARD_CLUSTER;DEC28=GLOBAL_REFERENCE_NO_OBSERVATION;DEC27=GLOBAL_REFERENCE_OUTLIER_SERIES_FORWARD_CLUSTER;JUN29=GLOBAL_REFERENCE_NO_OBSERVATION;DEC30=GLOBAL_REFERENCE_NO_OBSERVATION,WEIGHTED_ATM,2026-10-02,5,139,0.0,NONE,5131,4631,0,0,494,NONE,MN1;MN2;MN3;MN4;MN5;QMW;QRW;QTW;QWW,OK,NONE,NONE,2026-09-24
NAS,31030.0,-607517.6918793881,0.15813856198306617,0.0,0.0,0.0,0.0,0.0,0.0,31127.04129267234,30406.45870732766,31487.332585344684,30046.167414655316,DEC26,SEP26,2026-09-25,2026-12-18,30766.75,30793.940034634394,FOUND,DEGRADED,SPOT_MONTH_FALLBACK;ESTIMATED_EXPIRY_ALIAS,2026-08-02.2,PUT_CALL_PARITY,SEP26,OCT26=PUT_CALL_PARITY;SEP26=PUT_CALL_PARITY;NOV26=SERIES_FORWARD_CLUSTER;DEC29=SERIES_FORWARD_CLUSTER;DEC26=PUT_CALL_PARITY;MAR27=SERIES_FORWARD_CLUSTER;JUN27=PUT_CALL_PARITY;DEC28=PUT_CALL_PARITY;DEC27=PUT_CALL_PARITY;SEP27=SERIES_FORWARD_CLUSTER;JUN29=PUT_CALL_PARITY;DEC30=PUT_CALL_PARITY,OCT26=30756.75;SEP26=30766.75;NOV26=31843.125;DEC29=29950.15;DEC26=20089;MAR27=27605.125;JUN27=24445.125;DEC27=21056.75;SEP27=36064.25,DEC26=GLOBAL_REFERENCE_OUTLIER_PUT_CALL_PARITY;JUN27=GLOBAL_REFERENCE_OUTLIER_SERIES_FORWARD_CLUSTER;DEC28=GLOBAL_REFERENCE_NO_OBSERVATION;DEC27=GLOBAL_REFERENCE_OUTLIER_SERIES_FORWARD_CLUSTER;JUN29=GLOBAL_REFERENCE_NO_OBSERVATION;DEC30=GLOBAL_REFERENCE_NO_OBSERVATION,WEIGHTED_ATM,2026-10-02,5,139,0.0,NONE,5131,4631,0,0,494,NONE,MN1;MN2;MN3;MN4;MN5;QMW;QRW;QTW;QWW,OK,NONE,NONE,2026-09-24
NAS,31040.0,123511.08416898962,0.07969177383241344,0.0,0.0,0.0,0.0,0.0,0.0,31127.04129267234,30406.45870732766,31487.332585344684,30046.167414655316,DEC26,SEP26,2026-09-25,2026-12-18,30766.75,30793.940034634394,FOUND,DEGRADED,SPOT_MONTH_FALLBACK;ESTIMATED_EXPIRY_ALIAS,2026-08-02.2,PUT_CALL_PARITY,SEP26,OCT26=PUT_CALL_PARITY;SEP26=PUT_CALL_PARITY;NOV26=SERIES_FORWARD_CLUSTER;DEC29=SERIES_FORWARD_CLUSTER;DEC26=PUT_CALL_PARITY;MAR27=SERIES_FORWARD_CLUSTER;JUN27=PUT_CALL_PARITY;DEC28=PUT_CALL_PARITY;DEC27=PUT_CALL_PARITY;SEP27=SERIES_FORWARD_CLUSTER;JUN29=PUT_CALL_PARITY;DEC30=PUT_CALL_PARITY,OCT26=30756.75;SEP26=30766.75;NOV26=31843.125;DEC29=29950.15;DEC26=20089;MAR27=27605.125;JUN27=24445.125;DEC27=21056.75;SEP27=36064.25,DEC26=GLOBAL_REFERENCE_OUTLIER_PUT_CALL_PARITY;JUN27=GLOBAL_REFERENCE_OUTLIER_SERIES_FORWARD_CLUSTER;DEC28=GLOBAL_REFERENCE_NO_OBSERVATION;DEC27=GLOBAL_REFERENCE_OUTLIER_SERIES_FORWARD_CLUSTER;JUN29=GLOBAL_REFERENCE_NO_OBSERVATION;DEC30=GLOBAL_REFERENCE_NO_OBSERVATION,WEIGHTED_ATM,2026-10-02,5,139,0.0,NONE,5131,4631,0,0,494,NONE,MN1;MN2;MN3;MN4;MN5;QMW;QRW;QTW;QWW,OK,NONE,NONE,2026-09-24
NAS,31050.0,14355011.547611618,3.113353739004593,0.0,0.0,0.0,0.0,0.0,0.0,31127.04129267234,30406.45870732766,31487.332585344684,30046.167414655316,DEC26,SEP26,2026-09-25,2026-12-18,30766.75,30793.940034634394,FOUND,DEGRADED,SPOT_MONTH_FALLBACK;ESTIMATED_EXPIRY_ALIAS,2026-08-02.2,PUT_CALL_PARITY,SEP26,OCT26=PUT_CALL_PARITY;SEP26=PUT_CALL_PARITY;NOV26=SERIES_FORWARD_CLUSTER;DEC29=SERIES_FORWARD_CLUSTER;DEC26=PUT_CALL_PARITY;MAR27=SERIES_FORWARD_CLUSTER;JUN27=PUT_CALL_PARITY;DEC28=PUT_CALL_PARITY;DEC27=PUT_CALL_PARITY;SEP27=SERIES_FORWARD_CLUSTER;JUN29=PUT_CALL_PARITY;DEC30=PUT_CALL_PARITY,OCT26=30756.75;SEP26=30766.75;NOV26=31843.125;DEC29=29950.15;DEC26=20089;MAR27=27605.125;JUN27=24445.125;DEC27=21056.75;SEP27=36064.25,DEC26=GLOBAL_REFERENCE_OUTLIER_PUT_CALL_PARITY;JUN27=GLOBAL_REFERENCE_OUTLIER_SERIES_FORWARD_CLUSTER;DEC28=GLOBAL_REFERENCE_NO_OBSERVATION;DEC27=GLOBAL_REFERENCE_OUTLIER_SERIES_FORWARD_CLUSTER;JUN29=GLOBAL_REFERENCE_NO_OBSERVATION;DEC30=GLOBAL_REFERENCE_NO_OBSERVATION,WEIGHTED_ATM,2026-10-02,5,139,0.0,NONE,5131,4631,0,0,494,NONE,MN1;MN2;MN3;MN4;MN5;QMW;QRW;QTW;QWW,OK,NONE,NONE,2026-09-24
NAS,31060.0,1561521.7485221378,0.1649623337916551,0.0,0.0,0.0,0.0,0.0,0.0,31127.04129267234,30406.45870732766,31487.332585344684,30046.167414655316,DEC26,SEP26,2026-09-25,2026-12-18,30766.75,30793.940034634394,FOUND,DEGRADED,SPOT_MONTH_FALLBACK;ESTIMATED_EXPIRY_ALIAS,2026-08-02.2,PUT_CALL_PARITY,SEP26,OCT26=PUT_CALL_PARITY;SEP26=PUT_CALL_PARITY;NOV26=SERIES_FORWARD_CLUSTER;DEC29=SERIES_FORWARD_CLUSTER;DEC26=PUT_CALL_PARITY;MAR27=SERIES_FORWARD_CLUSTER;JUN27=PUT_CALL_PARITY;DEC28=PUT_CALL_PARITY;DEC27=PUT_CALL_PARITY;SEP27=SERIES_FORWARD_CLUSTER;JUN29=PUT_CALL_PARITY;DEC30=PUT_CALL_PARITY,OCT26=30756.75;SEP26=30766.75;NOV26=31843.125;DEC29=29950.15;DEC26=20089;MAR27=27605.125;JUN27=24445.125;DEC27=21056.75;SEP27=36064.25,DEC26=GLOBAL_REFERENCE_OUTLIER_PUT_CALL_PARITY;JUN27=GLOBAL_REFERENCE_OUTLIER_SERIES_FORWARD_CLUSTER;DEC28=GLOBAL_REFERENCE_NO_OBSERVATION;DEC27=GLOBAL_REFERENCE_OUTLIER_SERIES_FORWARD_CLUSTER;JUN29=GLOBAL_REFERENCE_NO_OBSERVATION;DEC30=GLOBAL_REFERENCE_NO_OBSERVATION,WEIGHTED_ATM,2026-10-02,5,139,0.0,NONE,5131,4631,0,0,494,NONE,MN1;MN2;MN3;MN4;MN5;QMW;QRW;QTW;QWW,OK,NONE,NONE,2026-09-24
NAS,31070.0,1062519.8138880408,0.1122467544014238,0.0,0.0,0.0,0.0,0.0,0.0,31127.04129267234,30406.45870732766,31487.332585344684,30046.167414655316,DEC26,SEP26,2026-09-25,2026-12-18,30766.75,30793.940034634394,FOUND,DEGRADED,SPOT_MONTH_FALLBACK;ESTIMATED_EXPIRY_ALIAS,2026-08-02.2,PUT_CALL_PARITY,SEP26,OCT26=PUT_CALL_PARITY;SEP26=PUT_CALL_PARITY;NOV26=SERIES_FORWARD_CLUSTER;DEC29=SERIES_FORWARD_CLUSTER;DEC26=PUT_CALL_PARITY;MAR27=SERIES_FORWARD_CLUSTER;JUN27=PUT_CALL_PARITY;DEC28=PUT_CALL_PARITY;DEC27=PUT_CALL_PARITY;SEP27=SERIES_FORWARD_CLUSTER;JUN29=PUT_CALL_PARITY;DEC30=PUT_CALL_PARITY,OCT26=30756.75;SEP26=30766.75;NOV26=31843.125;DEC29=29950.15;DEC26=20089;MAR27=27605.125;JUN27=24445.125;DEC27=21056.75;SEP27=36064.25,DEC26=GLOBAL_REFERENCE_OUTLIER_PUT_CALL_PARITY;JUN27=GLOBAL_REFERENCE_OUTLIER_SERIES_FORWARD_CLUSTER;DEC28=GLOBAL_REFERENCE_NO_OBSERVATION;DEC27=GLOBAL_REFERENCE_OUTLIER_SERIES_FORWARD_CLUSTER;JUN29=GLOBAL_REFERENCE_NO_OBSERVATION;DEC30=GLOBAL_REFERENCE_NO_OBSERVATION,WEIGHTED_ATM,2026-10-02,5,139,0.0,NONE,5131,4631,0,0,494,NONE,MN1;MN2;MN3;MN4;MN5;QMW;QRW;QTW;QWW,OK,NONE,NONE,2026-09-24
NAS,31075.0,4599142.854562629,0.7986236996721519,0.0,0.0,0.0,0.0,0.0,0.0,31127.04129267234,30406.45870732766,31487.332585344684,30046.167414655316,DEC26,SEP26,2026-09-25,2026-12-18,30766.75,30793.940034634394,FOUND,DEGRADED,SPOT_MONTH_FALLBACK;ESTIMATED_EXPIRY_ALIAS,2026-08-02.2,PUT_CALL_PARITY,SEP26,OCT26=PUT_CALL_PARITY;SEP26=PUT_CALL_PARITY;NOV26=SERIES_FORWARD_CLUSTER;DEC29=SERIES_FORWARD_CLUSTER;DEC26=PUT_CALL_PARITY;MAR27=SERIES_FORWARD_CLUSTER;JUN27=PUT_CALL_PARITY;DEC28=PUT_CALL_PARITY;DEC27=PUT_CALL_PARITY;SEP27=SERIES_FORWARD_CLUSTER;JUN29=PUT_CALL_PARITY;DEC30=PUT_CALL_PARITY,OCT26=30756.75;SEP26=30766.75;NOV26=31843.125;DEC29=29950.15;DEC26=20089;MAR27=27605.125;JUN27=24445.125;DEC27=21056.75;SEP27=36064.25,DEC26=GLOBAL_REFERENCE_OUTLIER_PUT_CALL_PARITY;JUN27=GLOBAL_REFERENCE_OUTLIER_SERIES_FORWARD_CLUSTER;DEC28=GLOBAL_REFERENCE_NO_OBSERVATION;DEC27=GLOBAL_REFERENCE_OUTLIER_SERIES_FORWARD_CLUSTER;JUN29=GLOBAL_REFERENCE_NO_OBSERVATION;DEC30=GLOBAL_REFERENCE_NO_OBSERVATION,WEIGHTED_ATM,2026-10-02,5,139,0.0,NONE,5131,4631,0,0,494,NONE,MN1;MN2;MN3;MN4;MN5;QMW;QRW;QTW;QWW,OK,NONE,NONE,2026-09-24
NAS,31080.0,1092790.3004666734,0.1458692416110326,0.0,0.0,0.0,0.0,0.0,0.0,31127.04129267234,30406.45870732766,31487.332585344684,30046.167414655316,DEC26,SEP26,2026-09-25,2026-12-18,30766.75,30793.940034634394,FOUND,DEGRADED,SPOT_MONTH_FALLBACK;ESTIMATED_EXPIRY_ALIAS,2026-08-02.2,PUT_CALL_PARITY,SEP26,OCT26=PUT_CALL_PARITY;SEP26=PUT_CALL_PARITY;NOV26=SERIES_FORWARD_CLUSTER;DEC29=SERIES_FORWARD_CLUSTER;DEC26=PUT_CALL_PARITY;MAR27=SERIES_FORWARD_CLUSTER;JUN27=PUT_CALL_PARITY;DEC28=PUT_CALL_PARITY;DEC27=PUT_CALL_PARITY;SEP27=SERIES_FORWARD_CLUSTER;JUN29=PUT_CALL_PARITY;DEC30=PUT_CALL_PARITY,OCT26=30756.75;SEP26=30766.75;NOV26=31843.125;DEC29=29950.15;DEC26=20089;MAR27=27605.125;JUN27=24445.125;DEC27=21056.75;SEP27=36064.25,DEC26=GLOBAL_REFERENCE_OUTLIER_PUT_CALL_PARITY;JUN27=GLOBAL_REFERENCE_OUTLIER_SERIES_FORWARD_CLUSTER;DEC28=GLOBAL_REFERENCE_NO_OBSERVATION;DEC27=GLOBAL_REFERENCE_OUTLIER_SERIES_FORWARD_CLUSTER;JUN29=GLOBAL_REFERENCE_NO_OBSERVATION;DEC30=GLOBAL_REFERENCE_NO_OBSERVATION,WEIGHTED_ATM,2026-10-02,5,139,0.0,NONE,5131,4631,0,0,494,NONE,MN1;MN2;MN3;MN4;MN5;QMW;QRW;QTW;QWW,OK,NONE,NONE,2026-09-24
NAS,31090.0,1072979.5344511745,0.22925586816213475,0.0,0.0,0.0,0.0,0.0,0.0,31127.04129267234,30406.45870732766,31487.332585344684,30046.167414655316,DEC26,SEP26,2026-09-25,2026-12-18,30766.75,30793.940034634394,FOUND,DEGRADED,SPOT_MONTH_FALLBACK;ESTIMATED_EXPIRY_ALIAS,2026-08-02.2,PUT_CALL_PARITY,SEP26,OCT26=PUT_CALL_PARITY;SEP26=PUT_CALL_PARITY;NOV26=SERIES_FORWARD_CLUSTER;DEC29=SERIES_FORWARD_CLUSTER;DEC26=PUT_CALL_PARITY;MAR27=SERIES_FORWARD_CLUSTER;JUN27=PUT_CALL_PARITY;DEC28=PUT_CALL_PARITY;DEC27=PUT_CALL_PARITY;SEP27=SERIES_FORWARD_CLUSTER;JUN29=PUT_CALL_PARITY;DEC30=PUT_CALL_PARITY,OCT26=30756.75;SEP26=30766.75;NOV26=31843.125;DEC29=29950.15;DEC26=20089;MAR27=27605.125;JUN27=24445.125;DEC27=21056.75;SEP27=36064.25,DEC26=GLOBAL_REFERENCE_OUTLIER_PUT_CALL_PARITY;JUN27=GLOBAL_REFERENCE_OUTLIER_SERIES_FORWARD_CLUSTER;DEC28=GLOBAL_REFERENCE_NO_OBSERVATION;DEC27=GLOBAL_REFERENCE_OUTLIER_SERIES_FORWARD_CLUSTER;JUN29=GLOBAL_REFERENCE_NO_OBSERVATION;DEC30=GLOBAL_REFERENCE_NO_OBSERVATION,WEIGHTED_ATM,2026-10-02,5,139,0.0,NONE,5131,4631,0,0,494,NONE,MN1;MN2;MN3;MN4;MN5;QMW;QRW;QTW;QWW,OK,NONE,NONE,2026-09-24
NAS,31100.0,72740407.5017588,9.13276495342882,0.0,0.0,0.0,0.0,0.0,0.0,31127.04129267234,30406.45870732766,31487.332585344684,30046.167414655316,DEC26,SEP26,2026-09-25,2026-12-18,30766.75,30793.940034634394,FOUND,DEGRADED,SPOT_MONTH_FALLBACK;ESTIMATED_EXPIRY_ALIAS,2026-08-02.2,PUT_CALL_PARITY,SEP26,OCT26=PUT_CALL_PARITY;SEP26=PUT_CALL_PARITY;NOV26=SERIES_FORWARD_CLUSTER;DEC29=SERIES_FORWARD_CLUSTER;DEC26=PUT_CALL_PARITY;MAR27=SERIES_FORWARD_CLUSTER;JUN27=PUT_CALL_PARITY;DEC28=PUT_CALL_PARITY;DEC27=PUT_CALL_PARITY;SEP27=SERIES_FORWARD_CLUSTER;JUN29=PUT_CALL_PARITY;DEC30=PUT_CALL_PARITY,OCT26=30756.75;SEP26=30766.75;NOV26=31843.125;DEC29=29950.15;DEC26=20089;MAR27=27605.125;JUN27=24445.125;DEC27=21056.75;SEP27=36064.25,DEC26=GLOBAL_REFERENCE_OUTLIER_PUT_CALL_PARITY;JUN27=GLOBAL_REFERENCE_OUTLIER_SERIES_FORWARD_CLUSTER;DEC28=GLOBAL_REFERENCE_NO_OBSERVATION;DEC27=GLOBAL_REFERENCE_OUTLIER_SERIES_FORWARD_CLUSTER;JUN29=GLOBAL_REFERENCE_NO_OBSERVATION;DEC30=GLOBAL_REFERENCE_NO_OBSERVATION,WEIGHTED_ATM,2026-10-02,5,139,0.0,NONE,5131,4631,0,0,494,NONE,MN1;MN2;MN3;MN4;MN5;QMW;QRW;QTW;QWW,OK,NONE,NONE,2026-09-24
NAS,31110.0,15634043.050092971,1.6516121088825035,0.0,0.0,0.0,0.0,0.0,0.0,31127.04129267234,30406.45870732766,31487.332585344684,30046.167414655316,DEC26,SEP26,2026-09-25,2026-12-18,30766.75,30793.940034634394,FOUND,DEGRADED,SPOT_MONTH_FALLBACK;ESTIMATED_EXPIRY_ALIAS,2026-08-02.2,PUT_CALL_PARITY,SEP26,OCT26=PUT_CALL_PARITY;SEP26=PUT_CALL_PARITY;NOV26=SERIES_FORWARD_CLUSTER;DEC29=SERIES_FORWARD_CLUSTER;DEC26=PUT_CALL_PARITY;MAR27=SERIES_FORWARD_CLUSTER;JUN27=PUT_CALL_PARITY;DEC28=PUT_CALL_PARITY;DEC27=PUT_CALL_PARITY;SEP27=SERIES_FORWARD_CLUSTER;JUN29=PUT_CALL_PARITY;DEC30=PUT_CALL_PARITY,OCT26=30756.75;SEP26=30766.75;NOV26=31843.125;DEC29=29950.15;DEC26=20089;MAR27=27605.125;JUN27=24445.125;DEC27=21056.75;SEP27=36064.25,DEC26=GLOBAL_REFERENCE_OUTLIER_PUT_CALL_PARITY;JUN27=GLOBAL_REFERENCE_OUTLIER_SERIES_FORWARD_CLUSTER;DEC28=GLOBAL_REFERENCE_NO_OBSERVATION;DEC27=GLOBAL_REFERENCE_OUTLIER_SERIES_FORWARD_CLUSTER;JUN29=GLOBAL_REFERENCE_NO_OBSERVATION;DEC30=GLOBAL_REFERENCE_NO_OBSERVATION,WEIGHTED_ATM,2026-10-02,5,139,0.0,NONE,5131,4631,0,0,494,NONE,MN1;MN2;MN3;MN4;MN5;QMW;QRW;QTW;QWW,OK,NONE,NONE,2026-09-24
NAS,31120.0,1780511.29030552,0.18809683443036956,0.0,0.0,0.0,0.0,0.0,0.0,31127.04129267234,30406.45870732766,31487.332585344684,30046.167414655316,DEC26,SEP26,2026-09-25,2026-12-18,30766.75,30793.940034634394,FOUND,DEGRADED,SPOT_MONTH_FALLBACK;ESTIMATED_EXPIRY_ALIAS,2026-08-02.2,PUT_CALL_PARITY,SEP26,OCT26=PUT_CALL_PARITY;SEP26=PUT_CALL_PARITY;NOV26=SERIES_FORWARD_CLUSTER;DEC29=SERIES_FORWARD_CLUSTER;DEC26=PUT_CALL_PARITY;MAR27=SERIES_FORWARD_CLUSTER;JUN27=PUT_CALL_PARITY;DEC28=PUT_CALL_PARITY;DEC27=PUT_CALL_PARITY;SEP27=SERIES_FORWARD_CLUSTER;JUN29=PUT_CALL_PARITY;DEC30=PUT_CALL_PARITY,OCT26=30756.75;SEP26=30766.75;NOV26=31843.125;DEC29=29950.15;DEC26=20089;MAR27=27605.125;JUN27=24445.125;DEC27=21056.75;SEP27=36064.25,DEC26=GLOBAL_REFERENCE_OUTLIER_PUT_CALL_PARITY;JUN27=GLOBAL_REFERENCE_OUTLIER_SERIES_FORWARD_CLUSTER;DEC28=GLOBAL_REFERENCE_NO_OBSERVATION;DEC27=GLOBAL_REFERENCE_OUTLIER_SERIES_FORWARD_CLUSTER;JUN29=GLOBAL_REFERENCE_NO_OBSERVATION;DEC30=GLOBAL_REFERENCE_NO_OBSERVATION,WEIGHTED_ATM,2026-10-02,5,139,0.0,NONE,5131,4631,0,0,494,NONE,MN1;MN2;MN3;MN4;MN5;QMW;QRW;QTW;QWW,OK,NONE,NONE,2026-09-24
NAS,31125.0,1237889.265877111,0.15386050189520925,0.0,0.0,0.0,0.0,0.0,0.0,31127.04129267234,30406.45870732766,31487.332585344684,30046.167414655316,DEC26,SEP26,2026-09-25,2026-12-18,30766.75,30793.940034634394,FOUND,DEGRADED,SPOT_MONTH_FALLBACK;ESTIMATED_EXPIRY_ALIAS,2026-08-02.2,PUT_CALL_PARITY,SEP26,OCT26=PUT_CALL_PARITY;SEP26=PUT_CALL_PARITY;NOV26=SERIES_FORWARD_CLUSTER;DEC29=SERIES_FORWARD_CLUSTER;DEC26=PUT_CALL_PARITY;MAR27=SERIES_FORWARD_CLUSTER;JUN27=PUT_CALL_PARITY;DEC28=PUT_CALL_PARITY;DEC27=PUT_CALL_PARITY;SEP27=SERIES_FORWARD_CLUSTER;JUN29=PUT_CALL_PARITY;DEC30=PUT_CALL_PARITY,OCT26=30756.75;SEP26=30766.75;NOV26=31843.125;DEC29=29950.15;DEC26=20089;MAR27=27605.125;JUN27=24445.125;DEC27=21056.75;SEP27=36064.25,DEC26=GLOBAL_REFERENCE_OUTLIER_PUT_CALL_PARITY;JUN27=GLOBAL_REFERENCE_OUTLIER_SERIES_FORWARD_CLUSTER;DEC28=GLOBAL_REFERENCE_NO_OBSERVATION;DEC27=GLOBAL_REFERENCE_OUTLIER_SERIES_FORWARD_CLUSTER;JUN29=GLOBAL_REFERENCE_NO_OBSERVATION;DEC30=GLOBAL_REFERENCE_NO_OBSERVATION,WEIGHTED_ATM,2026-10-02,5,139,0.0,NONE,5131,4631,0,0,494,NONE,MN1;MN2;MN3;MN4;MN5;QMW;QRW;QTW;QWW,OK,NONE,NONE,2026-09-24
NAS,31130.0,375900.14476309664,0.039710855907981166,0.0,0.0,0.0,0.0,0.0,0.0,31127.04129267234,30406.45870732766,31487.332585344684,30046.167414655316,DEC26,SEP26,2026-09-25,2026-12-18,30766.75,30793.940034634394,FOUND,DEGRADED,SPOT_MONTH_FALLBACK;ESTIMATED_EXPIRY_ALIAS,2026-08-02.2,PUT_CALL_PARITY,SEP26,OCT26=PUT_CALL_PARITY;SEP26=PUT_CALL_PARITY;NOV26=SERIES_FORWARD_CLUSTER;DEC29=SERIES_FORWARD_CLUSTER;DEC26=PUT_CALL_PARITY;MAR27=SERIES_FORWARD_CLUSTER;JUN27=PUT_CALL_PARITY;DEC28=PUT_CALL_PARITY;DEC27=PUT_CALL_PARITY;SEP27=SERIES_FORWARD_CLUSTER;JUN29=PUT_CALL_PARITY;DEC30=PUT_CALL_PARITY,OCT26=30756.75;SEP26=30766.75;NOV26=31843.125;DEC29=29950.15;DEC26=20089;MAR27=27605.125;JUN27=24445.125;DEC27=21056.75;SEP27=36064.25,DEC26=GLOBAL_REFERENCE_OUTLIER_PUT_CALL_PARITY;JUN27=GLOBAL_REFERENCE_OUTLIER_SERIES_FORWARD_CLUSTER;DEC28=GLOBAL_REFERENCE_NO_OBSERVATION;DEC27=GLOBAL_REFERENCE_OUTLIER_SERIES_FORWARD_CLUSTER;JUN29=GLOBAL_REFERENCE_NO_OBSERVATION;DEC30=GLOBAL_REFERENCE_NO_OBSERVATION,WEIGHTED_ATM,2026-10-02,5,139,0.0,NONE,5131,4631,0,0,494,NONE,MN1;MN2;MN3;MN4;MN5;QMW;QRW;QTW;QWW,OK,NONE,NONE,2026-09-24
NAS,31140.0,1105280.2893198016,0.11676405800474533,0.0,0.0,0.0,0.0,0.0,0.0,31127.04129267234,30406.45870732766,31487.332585344684,30046.167414655316,DEC26,SEP26,2026-09-25,2026-12-18,30766.75,30793.940034634394,FOUND,DEGRADED,SPOT_MONTH_FALLBACK;ESTIMATED_EXPIRY_ALIAS,2026-08-02.2,PUT_CALL_PARITY,SEP26,OCT26=PUT_CALL_PARITY;SEP26=PUT_CALL_PARITY;NOV26=SERIES_FORWARD_CLUSTER;DEC29=SERIES_FORWARD_CLUSTER;DEC26=PUT_CALL_PARITY;MAR27=SERIES_FORWARD_CLUSTER;JUN27=PUT_CALL_PARITY;DEC28=PUT_CALL_PARITY;DEC27=PUT_CALL_PARITY;SEP27=SERIES_FORWARD_CLUSTER;JUN29=PUT_CALL_PARITY;DEC30=PUT_CALL_PARITY,OCT26=30756.75;SEP26=30766.75;NOV26=31843.125;DEC29=29950.15;DEC26=20089;MAR27=27605.125;JUN27=24445.125;DEC27=21056.75;SEP27=36064.25,DEC26=GLOBAL_REFERENCE_OUTLIER_PUT_CALL_PARITY;JUN27=GLOBAL_REFERENCE_OUTLIER_SERIES_FORWARD_CLUSTER;DEC28=GLOBAL_REFERENCE_NO_OBSERVATION;DEC27=GLOBAL_REFERENCE_OUTLIER_SERIES_FORWARD_CLUSTER;JUN29=GLOBAL_REFERENCE_NO_OBSERVATION;DEC30=GLOBAL_REFERENCE_NO_OBSERVATION,WEIGHTED_ATM,2026-10-02,5,139,0.0,NONE,5131,4631,0,0,494,NONE,MN1;MN2;MN3;MN4;MN5;QMW;QRW;QTW;QWW,OK,NONE,NONE,2026-09-24
NAS,31150.0,19202896.994839996,2.26527139431696,0.0,0.0,0.0,0.0,0.0,0.0,31127.04129267234,30406.45870732766,31487.332585344684,30046.167414655316,DEC26,SEP26,2026-09-25,2026-12-18,30766.75,30793.940034634394,FOUND,DEGRADED,SPOT_MONTH_FALLBACK;ESTIMATED_EXPIRY_ALIAS,2026-08-02.2,PUT_CALL_PARITY,SEP26,OCT26=PUT_CALL_PARITY;SEP26=PUT_CALL_PARITY;NOV26=SERIES_FORWARD_CLUSTER;DEC29=SERIES_FORWARD_CLUSTER;DEC26=PUT_CALL_PARITY;MAR27=SERIES_FORWARD_CLUSTER;JUN27=PUT_CALL_PARITY;DEC28=PUT_CALL_PARITY;DEC27=PUT_CALL_PARITY;SEP27=SERIES_FORWARD_CLUSTER;JUN29=PUT_CALL_PARITY;DEC30=PUT_CALL_PARITY,OCT26=30756.75;SEP26=30766.75;NOV26=31843.125;DEC29=29950.15;DEC26=20089;MAR27=27605.125;JUN27=24445.125;DEC27=21056.75;SEP27=36064.25,DEC26=GLOBAL_REFERENCE_OUTLIER_PUT_CALL_PARITY;JUN27=GLOBAL_REFERENCE_OUTLIER_SERIES_FORWARD_CLUSTER;DEC28=GLOBAL_REFERENCE_NO_OBSERVATION;DEC27=GLOBAL_REFERENCE_OUTLIER_SERIES_FORWARD_CLUSTER;JUN29=GLOBAL_REFERENCE_NO_OBSERVATION;DEC30=GLOBAL_REFERENCE_NO_OBSERVATION,WEIGHTED_ATM,2026-10-02,5,139,0.0,NONE,5131,4631,0,0,494,NONE,MN1;MN2;MN3;MN4;MN5;QMW;QRW;QTW;QWW,OK,NONE,NONE,2026-09-24
NAS,31160.0,2543715.6455910453,0.2687232949500584,0.0,0.0,0.0,0.0,0.0,0.0,31127.04129267234,30406.45870732766,31487.332585344684,30046.167414655316,DEC26,SEP26,2026-09-25,2026-12-18,30766.75,30793.940034634394,FOUND,DEGRADED,SPOT_MONTH_FALLBACK;ESTIMATED_EXPIRY_ALIAS,2026-08-02.2,PUT_CALL_PARITY,SEP26,OCT26=PUT_CALL_PARITY;SEP26=PUT_CALL_PARITY;NOV26=SERIES_FORWARD_CLUSTER;DEC29=SERIES_FORWARD_CLUSTER;DEC26=PUT_CALL_PARITY;MAR27=SERIES_FORWARD_CLUSTER;JUN27=PUT_CALL_PARITY;DEC28=PUT_CALL_PARITY;DEC27=PUT_CALL_PARITY;SEP27=SERIES_FORWARD_CLUSTER;JUN29=PUT_CALL_PARITY;DEC30=PUT_CALL_PARITY,OCT26=30756.75;SEP26=30766.75;NOV26=31843.125;DEC29=29950.15;DEC26=20089;MAR27=27605.125;JUN27=24445.125;DEC27=21056.75;SEP27=36064.25,DEC26=GLOBAL_REFERENCE_OUTLIER_PUT_CALL_PARITY;JUN27=GLOBAL_REFERENCE_OUTLIER_SERIES_FORWARD_CLUSTER;DEC28=GLOBAL_REFERENCE_NO_OBSERVATION;DEC27=GLOBAL_REFERENCE_OUTLIER_SERIES_FORWARD_CLUSTER;JUN29=GLOBAL_REFERENCE_NO_OBSERVATION;DEC30=GLOBAL_REFERENCE_NO_OBSERVATION,WEIGHTED_ATM,2026-10-02,5,139,0.0,NONE,5131,4631,0,0,494,NONE,MN1;MN2;MN3;MN4;MN5;QMW;QRW;QTW;QWW,OK,NONE,NONE,2026-09-24
NAS,31170.0,3895663.9463284933,0.4115458634262157,0.0,0.0,0.0,0.0,0.0,0.0,31127.04129267234,30406.45870732766,31487.332585344684,30046.167414655316,DEC26,SEP26,2026-09-25,2026-12-18,30766.75,30793.940034634394,FOUND,DEGRADED,SPOT_MONTH_FALLBACK;ESTIMATED_EXPIRY_ALIAS,2026-08-02.2,PUT_CALL_PARITY,SEP26,OCT26=PUT_CALL_PARITY;SEP26=PUT_CALL_PARITY;NOV26=SERIES_FORWARD_CLUSTER;DEC29=SERIES_FORWARD_CLUSTER;DEC26=PUT_CALL_PARITY;MAR27=SERIES_FORWARD_CLUSTER;JUN27=PUT_CALL_PARITY;DEC28=PUT_CALL_PARITY;DEC27=PUT_CALL_PARITY;SEP27=SERIES_FORWARD_CLUSTER;JUN29=PUT_CALL_PARITY;DEC30=PUT_CALL_PARITY,OCT26=30756.75;SEP26=30766.75;NOV26=31843.125;DEC29=29950.15;DEC26=20089;MAR27=27605.125;JUN27=24445.125;DEC27=21056.75;SEP27=36064.25,DEC26=GLOBAL_REFERENCE_OUTLIER_PUT_CALL_PARITY;JUN27=GLOBAL_REFERENCE_OUTLIER_SERIES_FORWARD_CLUSTER;DEC28=GLOBAL_REFERENCE_NO_OBSERVATION;DEC27=GLOBAL_REFERENCE_OUTLIER_SERIES_FORWARD_CLUSTER;JUN29=GLOBAL_REFERENCE_NO_OBSERVATION;DEC30=GLOBAL_REFERENCE_NO_OBSERVATION,WEIGHTED_ATM,2026-10-02,5,139,0.0,NONE,5131,4631,0,0,494,NONE,MN1;MN2;MN3;MN4;MN5;QMW;QRW;QTW;QWW,OK,NONE,NONE,2026-09-24
NAS,31175.0,3685689.360978179,0.4112466993609808,0.0,0.0,0.0,0.0,0.0,0.0,31127.04129267234,30406.45870732766,31487.332585344684,30046.167414655316,DEC26,SEP26,2026-09-25,2026-12-18,30766.75,30793.940034634394,FOUND,DEGRADED,SPOT_MONTH_FALLBACK;ESTIMATED_EXPIRY_ALIAS,2026-08-02.2,PUT_CALL_PARITY,SEP26,OCT26=PUT_CALL_PARITY;SEP26=PUT_CALL_PARITY;NOV26=SERIES_FORWARD_CLUSTER;DEC29=SERIES_FORWARD_CLUSTER;DEC26=PUT_CALL_PARITY;MAR27=SERIES_FORWARD_CLUSTER;JUN27=PUT_CALL_PARITY;DEC28=PUT_CALL_PARITY;DEC27=PUT_CALL_PARITY;SEP27=SERIES_FORWARD_CLUSTER;JUN29=PUT_CALL_PARITY;DEC30=PUT_CALL_PARITY,OCT26=30756.75;SEP26=30766.75;NOV26=31843.125;DEC29=29950.15;DEC26=20089;MAR27=27605.125;JUN27=24445.125;DEC27=21056.75;SEP27=36064.25,DEC26=GLOBAL_REFERENCE_OUTLIER_PUT_CALL_PARITY;JUN27=GLOBAL_REFERENCE_OUTLIER_SERIES_FORWARD_CLUSTER;DEC28=GLOBAL_REFERENCE_NO_OBSERVATION;DEC27=GLOBAL_REFERENCE_OUTLIER_SERIES_FORWARD_CLUSTER;JUN29=GLOBAL_REFERENCE_NO_OBSERVATION;DEC30=GLOBAL_REFERENCE_NO_OBSERVATION,WEIGHTED_ATM,2026-10-02,5,139,0.0,NONE,5131,4631,0,0,494,NONE,MN1;MN2;MN3;MN4;MN5;QMW;QRW;QTW;QWW,OK,NONE,NONE,2026-09-24
NAS,31180.0,1909704.312622808,0.20174504809836832,0.0,0.0,0.0,0.0,0.0,0.0,31127.04129267234,30406.45870732766,31487.332585344684,30046.167414655316,DEC26,SEP26,2026-09-25,2026-12-18,30766.75,30793.940034634394,FOUND,DEGRADED,SPOT_MONTH_FALLBACK;ESTIMATED_EXPIRY_ALIAS,2026-08-02.2,PUT_CALL_PARITY,SEP26,OCT26=PUT_CALL_PARITY;SEP26=PUT_CALL_PARITY;NOV26=SERIES_FORWARD_CLUSTER;DEC29=SERIES_FORWARD_CLUSTER;DEC26=PUT_CALL_PARITY;MAR27=SERIES_FORWARD_CLUSTER;JUN27=PUT_CALL_PARITY;DEC28=PUT_CALL_PARITY;DEC27=PUT_CALL_PARITY;SEP27=SERIES_FORWARD_CLUSTER;JUN29=PUT_CALL_PARITY;DEC30=PUT_CALL_PARITY,OCT26=30756.75;SEP26=30766.75;NOV26=31843.125;DEC29=29950.15;DEC26=20089;MAR27=27605.125;JUN27=24445.125;DEC27=21056.75;SEP27=36064.25,DEC26=GLOBAL_REFERENCE_OUTLIER_PUT_CALL_PARITY;JUN27=GLOBAL_REFERENCE_OUTLIER_SERIES_FORWARD_CLUSTER;DEC28=GLOBAL_REFERENCE_NO_OBSERVATION;DEC27=GLOBAL_REFERENCE_OUTLIER_SERIES_FORWARD_CLUSTER;JUN29=GLOBAL_REFERENCE_NO_OBSERVATION;DEC30=GLOBAL_REFERENCE_NO_OBSERVATION,WEIGHTED_ATM,2026-10-02,5,139,0.0,NONE,5131,4631,0,0,494,NONE,MN1;MN2;MN3;MN4;MN5;QMW;QRW;QTW;QWW,OK,NONE,NONE,2026-09-24
NAS,31200.0,43194459.94584007,5.112855050199654,0.0,0.0,0.0,0.0,0.0,0.0,31127.04129267234,30406.45870732766,31487.332585344684,30046.167414655316,DEC26,SEP26,2026-09-25,2026-12-18,30766.75,30793.940034634394,FOUND,DEGRADED,SPOT_MONTH_FALLBACK;ESTIMATED_EXPIRY_ALIAS,2026-08-02.2,PUT_CALL_PARITY,SEP26,OCT26=PUT_CALL_PARITY;SEP26=PUT_CALL_PARITY;NOV26=SERIES_FORWARD_CLUSTER;DEC29=SERIES_FORWARD_CLUSTER;DEC26=PUT_CALL_PARITY;MAR27=SERIES_FORWARD_CLUSTER;JUN27=PUT_CALL_PARITY;DEC28=PUT_CALL_PARITY;DEC27=PUT_CALL_PARITY;SEP27=SERIES_FORWARD_CLUSTER;JUN29=PUT_CALL_PARITY;DEC30=PUT_CALL_PARITY,OCT26=30756.75;SEP26=30766.75;NOV26=31843.125;DEC29=29950.15;DEC26=20089;MAR27=27605.125;JUN27=24445.125;DEC27=21056.75;SEP27=36064.25,DEC26=GLOBAL_REFERENCE_OUTLIER_PUT_CALL_PARITY;JUN27=GLOBAL_REFERENCE_OUTLIER_SERIES_FORWARD_CLUSTER;DEC28=GLOBAL_REFERENCE_NO_OBSERVATION;DEC27=GLOBAL_REFERENCE_OUTLIER_SERIES_FORWARD_CLUSTER;JUN29=GLOBAL_REFERENCE_NO_OBSERVATION;DEC30=GLOBAL_REFERENCE_NO_OBSERVATION,WEIGHTED_ATM,2026-10-02,5,139,0.0,NONE,5131,4631,0,0,494,NONE,MN1;MN2;MN3;MN4;MN5;QMW;QRW;QTW;QWW,OK,NONE,NONE,2026-09-24
NAS,31210.0,1459552.7918389926,0.15419012579348174,0.0,0.0,0.0,0.0,0.0,0.0,31127.04129267234,30406.45870732766,31487.332585344684,30046.167414655316,DEC26,SEP26,2026-09-25,2026-12-18,30766.75,30793.940034634394,FOUND,DEGRADED,SPOT_MONTH_FALLBACK;ESTIMATED_EXPIRY_ALIAS,2026-08-02.2,PUT_CALL_PARITY,SEP26,OCT26=PUT_CALL_PARITY;SEP26=PUT_CALL_PARITY;NOV26=SERIES_FORWARD_CLUSTER;DEC29=SERIES_FORWARD_CLUSTER;DEC26=PUT_CALL_PARITY;MAR27=SERIES_FORWARD_CLUSTER;JUN27=PUT_CALL_PARITY;DEC28=PUT_CALL_PARITY;DEC27=PUT_CALL_PARITY;SEP27=SERIES_FORWARD_CLUSTER;JUN29=PUT_CALL_PARITY;DEC30=PUT_CALL_PARITY,OCT26=30756.75;SEP26=30766.75;NOV26=31843.125;DEC29=29950.15;DEC26=20089;MAR27=27605.125;JUN27=24445.125;DEC27=21056.75;SEP27=36064.25,DEC26=GLOBAL_REFERENCE_OUTLIER_PUT_CALL_PARITY;JUN27=GLOBAL_REFERENCE_OUTLIER_SERIES_FORWARD_CLUSTER;DEC28=GLOBAL_REFERENCE_NO_OBSERVATION;DEC27=GLOBAL_REFERENCE_OUTLIER_SERIES_FORWARD_CLUSTER;JUN29=GLOBAL_REFERENCE_NO_OBSERVATION;DEC30=GLOBAL_REFERENCE_NO_OBSERVATION,WEIGHTED_ATM,2026-10-02,5,139,0.0,NONE,5131,4631,0,0,494,NONE,MN1;MN2;MN3;MN4;MN5;QMW;QRW;QTW;QWW,OK,NONE,NONE,2026-09-24
NAS,31220.0,203241.08064969617,0.021470801170744347,0.0,0.0,0.0,0.0,0.0,0.0,31127.04129267234,30406.45870732766,31487.332585344684,30046.167414655316,DEC26,SEP26,2026-09-25,2026-12-18,30766.75,30793.940034634394,FOUND,DEGRADED,SPOT_MONTH_FALLBACK;ESTIMATED_EXPIRY_ALIAS,2026-08-02.2,PUT_CALL_PARITY,SEP26,OCT26=PUT_CALL_PARITY;SEP26=PUT_CALL_PARITY;NOV26=SERIES_FORWARD_CLUSTER;DEC29=SERIES_FORWARD_CLUSTER;DEC26=PUT_CALL_PARITY;MAR27=SERIES_FORWARD_CLUSTER;JUN27=PUT_CALL_PARITY;DEC28=PUT_CALL_PARITY;DEC27=PUT_CALL_PARITY;SEP27=SERIES_FORWARD_CLUSTER;JUN29=PUT_CALL_PARITY;DEC30=PUT_CALL_PARITY,OCT26=30756.75;SEP26=30766.75;NOV26=31843.125;DEC29=29950.15;DEC26=20089;MAR27=27605.125;JUN27=24445.125;DEC27=21056.75;SEP27=36064.25,DEC26=GLOBAL_REFERENCE_OUTLIER_PUT_CALL_PARITY;JUN27=GLOBAL_REFERENCE_OUTLIER_SERIES_FORWARD_CLUSTER;DEC28=GLOBAL_REFERENCE_NO_OBSERVATION;DEC27=GLOBAL_REFERENCE_OUTLIER_SERIES_FORWARD_CLUSTER;JUN29=GLOBAL_REFERENCE_NO_OBSERVATION;DEC30=GLOBAL_REFERENCE_NO_OBSERVATION,WEIGHTED_ATM,2026-10-02,5,139,0.0,NONE,5131,4631,0,0,494,NONE,MN1;MN2;MN3;MN4;MN5;QMW;QRW;QTW;QWW,OK,NONE,NONE,2026-09-24
NAS,31225.0,2413015.5816689706,0.2549668822835992,0.0,0.0,0.0,0.0,0.0,0.0,31127.04129267234,30406.45870732766,31487.332585344684,30046.167414655316,DEC26,SEP26,2026-09-25,2026-12-18,30766.75,30793.940034634394,FOUND,DEGRADED,SPOT_MONTH_FALLBACK;ESTIMATED_EXPIRY_ALIAS,2026-08-02.2,PUT_CALL_PARITY,SEP26,OCT26=PUT_CALL_PARITY;SEP26=PUT_CALL_PARITY;NOV26=SERIES_FORWARD_CLUSTER;DEC29=SERIES_FORWARD_CLUSTER;DEC26=PUT_CALL_PARITY;MAR27=SERIES_FORWARD_CLUSTER;JUN27=PUT_CALL_PARITY;DEC28=PUT_CALL_PARITY;DEC27=PUT_CALL_PARITY;SEP27=SERIES_FORWARD_CLUSTER;JUN29=PUT_CALL_PARITY;DEC30=PUT_CALL_PARITY,OCT26=30756.75;SEP26=30766.75;NOV26=31843.125;DEC29=29950.15;DEC26=20089;MAR27=27605.125;JUN27=24445.125;DEC27=21056.75;SEP27=36064.25,DEC26=GLOBAL_REFERENCE_OUTLIER_PUT_CALL_PARITY;JUN27=GLOBAL_REFERENCE_OUTLIER_SERIES_FORWARD_CLUSTER;DEC28=GLOBAL_REFERENCE_NO_OBSERVATION;DEC27=GLOBAL_REFERENCE_OUTLIER_SERIES_FORWARD_CLUSTER;JUN29=GLOBAL_REFERENCE_NO_OBSERVATION;DEC30=GLOBAL_REFERENCE_NO_OBSERVATION,WEIGHTED_ATM,2026-10-02,5,139,0.0,NONE,5131,4631,0,0,494,NONE,MN1;MN2;MN3;MN4;MN5;QMW;QRW;QTW;QWW,OK,NONE,NONE,2026-09-24
NAS,31230.0,1488452.1771674731,0.1572431156435702,0.0,0.0,0.0,0.0,0.0,0.0,31127.04129267234,30406.45870732766,31487.332585344684,30046.167414655316,DEC26,SEP26,2026-09-25,2026-12-18,30766.75,30793.940034634394,FOUND,DEGRADED,SPOT_MONTH_FALLBACK;ESTIMATED_EXPIRY_ALIAS,2026-08-02.2,PUT_CALL_PARITY,SEP26,OCT26=PUT_CALL_PARITY;SEP26=PUT_CALL_PARITY;NOV26=SERIES_FORWARD_CLUSTER;DEC29=SERIES_FORWARD_CLUSTER;DEC26=PUT_CALL_PARITY;MAR27=SERIES_FORWARD_CLUSTER;JUN27=PUT_CALL_PARITY;DEC28=PUT_CALL_PARITY;DEC27=PUT_CALL_PARITY;SEP27=SERIES_FORWARD_CLUSTER;JUN29=PUT_CALL_PARITY;DEC30=PUT_CALL_PARITY,OCT26=30756.75;SEP26=30766.75;NOV26=31843.125;DEC29=29950.15;DEC26=20089;MAR27=27605.125;JUN27=24445.125;DEC27=21056.75;SEP27=36064.25,DEC26=GLOBAL_REFERENCE_OUTLIER_PUT_CALL_PARITY;JUN27=GLOBAL_REFERENCE_OUTLIER_SERIES_FORWARD_CLUSTER;DEC28=GLOBAL_REFERENCE_NO_OBSERVATION;DEC27=GLOBAL_REFERENCE_OUTLIER_SERIES_FORWARD_CLUSTER;JUN29=GLOBAL_REFERENCE_NO_OBSERVATION;DEC30=GLOBAL_REFERENCE_NO_OBSERVATION,WEIGHTED_ATM,2026-10-02,5,139,0.0,NONE,5131,4631,0,0,494,NONE,MN1;MN2;MN3;MN4;MN5;QMW;QRW;QTW;QWW,OK,NONE,NONE,2026-09-24
NAS,31240.0,481330.7007352267,0.05084875429625182,0.0,0.0,0.0,0.0,0.0,0.0,31127.04129267234,30406.45870732766,31487.332585344684,30046.167414655316,DEC26,SEP26,2026-09-25,2026-12-18,30766.75,30793.940034634394,FOUND,DEGRADED,SPOT_MONTH_FALLBACK;ESTIMATED_EXPIRY_ALIAS,2026-08-02.2,PUT_CALL_PARITY,SEP26,OCT26=PUT_CALL_PARITY;SEP26=PUT_CALL_PARITY;NOV26=SERIES_FORWARD_CLUSTER;DEC29=SERIES_FORWARD_CLUSTER;DEC26=PUT_CALL_PARITY;MAR27=SERIES_FORWARD_CLUSTER;JUN27=PUT_CALL_PARITY;DEC28=PUT_CALL_PARITY;DEC27=PUT_CALL_PARITY;SEP27=SERIES_FORWARD_CLUSTER;JUN29=PUT_CALL_PARITY;DEC30=PUT_CALL_PARITY,OCT26=30756.75;SEP26=30766.75;NOV26=31843.125;DEC29=29950.15;DEC26=20089;MAR27=27605.125;JUN27=24445.125;DEC27=21056.75;SEP27=36064.25,DEC26=GLOBAL_REFERENCE_OUTLIER_PUT_CALL_PARITY;JUN27=GLOBAL_REFERENCE_OUTLIER_SERIES_FORWARD_CLUSTER;DEC28=GLOBAL_REFERENCE_NO_OBSERVATION;DEC27=GLOBAL_REFERENCE_OUTLIER_SERIES_FORWARD_CLUSTER;JUN29=GLOBAL_REFERENCE_NO_OBSERVATION;DEC30=GLOBAL_REFERENCE_NO_OBSERVATION,WEIGHTED_ATM,2026-10-02,5,139,0.0,NONE,5131,4631,0,0,494,NONE,MN1;MN2;MN3;MN4;MN5;QMW;QRW;QTW;QWW,OK,NONE,NONE,2026-09-24
NAS,31250.0,88566715.71058792,9.96445638483997,0.0,0.0,0.0,0.0,0.0,0.0,31127.04129267234,30406.45870732766,31487.332585344684,30046.167414655316,DEC26,SEP26,2026-09-25,2026-12-18,30766.75,30793.940034634394,FOUND,DEGRADED,SPOT_MONTH_FALLBACK;ESTIMATED_EXPIRY_ALIAS,2026-08-02.2,PUT_CALL_PARITY,SEP26,OCT26=PUT_CALL_PARITY;SEP26=PUT_CALL_PARITY;NOV26=SERIES_FORWARD_CLUSTER;DEC29=SERIES_FORWARD_CLUSTER;DEC26=PUT_CALL_PARITY;MAR27=SERIES_FORWARD_CLUSTER;JUN27=PUT_CALL_PARITY;DEC28=PUT_CALL_PARITY;DEC27=PUT_CALL_PARITY;SEP27=SERIES_FORWARD_CLUSTER;JUN29=PUT_CALL_PARITY;DEC30=PUT_CALL_PARITY,OCT26=30756.75;SEP26=30766.75;NOV26=31843.125;DEC29=29950.15;DEC26=20089;MAR27=27605.125;JUN27=24445.125;DEC27=21056.75;SEP27=36064.25,DEC26=GLOBAL_REFERENCE_OUTLIER_PUT_CALL_PARITY;JUN27=GLOBAL_REFERENCE_OUTLIER_SERIES_FORWARD_CLUSTER;DEC28=GLOBAL_REFERENCE_NO_OBSERVATION;DEC27=GLOBAL_REFERENCE_OUTLIER_SERIES_FORWARD_CLUSTER;JUN29=GLOBAL_REFERENCE_NO_OBSERVATION;DEC30=GLOBAL_REFERENCE_NO_OBSERVATION,WEIGHTED_ATM,2026-10-02,5,139,0.0,NONE,5131,4631,0,0,494,NONE,MN1;MN2;MN3;MN4;MN5;QMW;QRW;QTW;QWW,OK,NONE,NONE,2026-09-24
NAS,31260.0,454829.01416270225,0.04804906221988071,0.0,0.0,0.0,0.0,0.0,0.0,31127.04129267234,30406.45870732766,31487.332585344684,30046.167414655316,DEC26,SEP26,2026-09-25,2026-12-18,30766.75,30793.940034634394,FOUND,DEGRADED,SPOT_MONTH_FALLBACK;ESTIMATED_EXPIRY_ALIAS,2026-08-02.2,PUT_CALL_PARITY,SEP26,OCT26=PUT_CALL_PARITY;SEP26=PUT_CALL_PARITY;NOV26=SERIES_FORWARD_CLUSTER;DEC29=SERIES_FORWARD_CLUSTER;DEC26=PUT_CALL_PARITY;MAR27=SERIES_FORWARD_CLUSTER;JUN27=PUT_CALL_PARITY;DEC28=PUT_CALL_PARITY;DEC27=PUT_CALL_PARITY;SEP27=SERIES_FORWARD_CLUSTER;JUN29=PUT_CALL_PARITY;DEC30=PUT_CALL_PARITY,OCT26=30756.75;SEP26=30766.75;NOV26=31843.125;DEC29=29950.15;DEC26=20089;MAR27=27605.125;JUN27=24445.125;DEC27=21056.75;SEP27=36064.25,DEC26=GLOBAL_REFERENCE_OUTLIER_PUT_CALL_PARITY;JUN27=GLOBAL_REFERENCE_OUTLIER_SERIES_FORWARD_CLUSTER;DEC28=GLOBAL_REFERENCE_NO_OBSERVATION;DEC27=GLOBAL_REFERENCE_OUTLIER_SERIES_FORWARD_CLUSTER;JUN29=GLOBAL_REFERENCE_NO_OBSERVATION;DEC30=GLOBAL_REFERENCE_NO_OBSERVATION,WEIGHTED_ATM,2026-10-02,5,139,0.0,NONE,5131,4631,0,0,494,NONE,MN1;MN2;MN3;MN4;MN5;QMW;QRW;QTW;QWW,OK,NONE,NONE,2026-09-24
NAS,31270.0,264891.8768982596,0.027983716689789807,0.0,0.0,0.0,0.0,0.0,0.0,31127.04129267234,30406.45870732766,31487.332585344684,30046.167414655316,DEC26,SEP26,2026-09-25,2026-12-18,30766.75,30793.940034634394,FOUND,DEGRADED,SPOT_MONTH_FALLBACK;ESTIMATED_EXPIRY_ALIAS,2026-08-02.2,PUT_CALL_PARITY,SEP26,OCT26=PUT_CALL_PARITY;SEP26=PUT_CALL_PARITY;NOV26=SERIES_FORWARD_CLUSTER;DEC29=SERIES_FORWARD_CLUSTER;DEC26=PUT_CALL_PARITY;MAR27=SERIES_FORWARD_CLUSTER;JUN27=PUT_CALL_PARITY;DEC28=PUT_CALL_PARITY;DEC27=PUT_CALL_PARITY;SEP27=SERIES_FORWARD_CLUSTER;JUN29=PUT_CALL_PARITY;DEC30=PUT_CALL_PARITY,OCT26=30756.75;SEP26=30766.75;NOV26=31843.125;DEC29=29950.15;DEC26=20089;MAR27=27605.125;JUN27=24445.125;DEC27=21056.75;SEP27=36064.25,DEC26=GLOBAL_REFERENCE_OUTLIER_PUT_CALL_PARITY;JUN27=GLOBAL_REFERENCE_OUTLIER_SERIES_FORWARD_CLUSTER;DEC28=GLOBAL_REFERENCE_NO_OBSERVATION;DEC27=GLOBAL_REFERENCE_OUTLIER_SERIES_FORWARD_CLUSTER;JUN29=GLOBAL_REFERENCE_NO_OBSERVATION;DEC30=GLOBAL_REFERENCE_NO_OBSERVATION,WEIGHTED_ATM,2026-10-02,5,139,0.0,NONE,5131,4631,0,0,494,NONE,MN1;MN2;MN3;MN4;MN5;QMW;QRW;QTW;QWW,OK,NONE,NONE,2026-09-24
NAS,31275.0,3421242.868689688,0.36148262502259726,0.0,0.0,0.0,0.0,0.0,0.0,31127.04129267234,30406.45870732766,31487.332585344684,30046.167414655316,DEC26,SEP26,2026-09-25,2026-12-18,30766.75,30793.940034634394,FOUND,DEGRADED,SPOT_MONTH_FALLBACK;ESTIMATED_EXPIRY_ALIAS,2026-08-02.2,PUT_CALL_PARITY,SEP26,OCT26=PUT_CALL_PARITY;SEP26=PUT_CALL_PARITY;NOV26=SERIES_FORWARD_CLUSTER;DEC29=SERIES_FORWARD_CLUSTER;DEC26=PUT_CALL_PARITY;MAR27=SERIES_FORWARD_CLUSTER;JUN27=PUT_CALL_PARITY;DEC28=PUT_CALL_PARITY;DEC27=PUT_CALL_PARITY;SEP27=SERIES_FORWARD_CLUSTER;JUN29=PUT_CALL_PARITY;DEC30=PUT_CALL_PARITY,OCT26=30756.75;SEP26=30766.75;NOV26=31843.125;DEC29=29950.15;DEC26=20089;MAR27=27605.125;JUN27=24445.125;DEC27=21056.75;SEP27=36064.25,DEC26=GLOBAL_REFERENCE_OUTLIER_PUT_CALL_PARITY;JUN27=GLOBAL_REFERENCE_OUTLIER_SERIES_FORWARD_CLUSTER;DEC28=GLOBAL_REFERENCE_NO_OBSERVATION;DEC27=GLOBAL_REFERENCE_OUTLIER_SERIES_FORWARD_CLUSTER;JUN29=GLOBAL_REFERENCE_NO_OBSERVATION;DEC30=GLOBAL_REFERENCE_NO_OBSERVATION,WEIGHTED_ATM,2026-10-02,5,139,0.0,NONE,5131,4631,0,0,494,NONE,MN1;MN2;MN3;MN4;MN5;QMW;QRW;QTW;QWW,OK,NONE,NONE,2026-09-24
NAS,31280.0,342425.2369623002,0.036174498556886876,0.0,0.0,0.0,0.0,0.0,0.0,31127.04129267234,30406.45870732766,31487.332585344684,30046.167414655316,DEC26,SEP26,2026-09-25,2026-12-18,30766.75,30793.940034634394,FOUND,DEGRADED,SPOT_MONTH_FALLBACK;ESTIMATED_EXPIRY_ALIAS,2026-08-02.2,PUT_CALL_PARITY,SEP26,OCT26=PUT_CALL_PARITY;SEP26=PUT_CALL_PARITY;NOV26=SERIES_FORWARD_CLUSTER;DEC29=SERIES_FORWARD_CLUSTER;DEC26=PUT_CALL_PARITY;MAR27=SERIES_FORWARD_CLUSTER;JUN27=PUT_CALL_PARITY;DEC28=PUT_CALL_PARITY;DEC27=PUT_CALL_PARITY;SEP27=SERIES_FORWARD_CLUSTER;JUN29=PUT_CALL_PARITY;DEC30=PUT_CALL_PARITY,OCT26=30756.75;SEP26=30766.75;NOV26=31843.125;DEC29=29950.15;DEC26=20089;MAR27=27605.125;JUN27=24445.125;DEC27=21056.75;SEP27=36064.25,DEC26=GLOBAL_REFERENCE_OUTLIER_PUT_CALL_PARITY;JUN27=GLOBAL_REFERENCE_OUTLIER_SERIES_FORWARD_CLUSTER;DEC28=GLOBAL_REFERENCE_NO_OBSERVATION;DEC27=GLOBAL_REFERENCE_OUTLIER_SERIES_FORWARD_CLUSTER;JUN29=GLOBAL_REFERENCE_NO_OBSERVATION;DEC30=GLOBAL_REFERENCE_NO_OBSERVATION,WEIGHTED_ATM,2026-10-02,5,139,0.0,NONE,5131,4631,0,0,494,NONE,MN1;MN2;MN3;MN4;MN5;QMW;QRW;QTW;QWW,OK,NONE,NONE,2026-09-24
NAS,31290.0,747577.1834597428,0.07897557430091927,0.0,0.0,0.0,0.0,0.0,0.0,31127.04129267234,30406.45870732766,31487.332585344684,30046.167414655316,DEC26,SEP26,2026-09-25,2026-12-18,30766.75,30793.940034634394,FOUND,DEGRADED,SPOT_MONTH_FALLBACK;ESTIMATED_EXPIRY_ALIAS,2026-08-02.2,PUT_CALL_PARITY,SEP26,OCT26=PUT_CALL_PARITY;SEP26=PUT_CALL_PARITY;NOV26=SERIES_FORWARD_CLUSTER;DEC29=SERIES_FORWARD_CLUSTER;DEC26=PUT_CALL_PARITY;MAR27=SERIES_FORWARD_CLUSTER;JUN27=PUT_CALL_PARITY;DEC28=PUT_CALL_PARITY;DEC27=PUT_CALL_PARITY;SEP27=SERIES_FORWARD_CLUSTER;JUN29=PUT_CALL_PARITY;DEC30=PUT_CALL_PARITY,OCT26=30756.75;SEP26=30766.75;NOV26=31843.125;DEC29=29950.15;DEC26=20089;MAR27=27605.125;JUN27=24445.125;DEC27=21056.75;SEP27=36064.25,DEC26=GLOBAL_REFERENCE_OUTLIER_PUT_CALL_PARITY;JUN27=GLOBAL_REFERENCE_OUTLIER_SERIES_FORWARD_CLUSTER;DEC28=GLOBAL_REFERENCE_NO_OBSERVATION;DEC27=GLOBAL_REFERENCE_OUTLIER_SERIES_FORWARD_CLUSTER;JUN29=GLOBAL_REFERENCE_NO_OBSERVATION;DEC30=GLOBAL_REFERENCE_NO_OBSERVATION,WEIGHTED_ATM,2026-10-02,5,139,0.0,NONE,5131,4631,0,0,494,NONE,MN1;MN2;MN3;MN4;MN5;QMW;QRW;QTW;QWW,OK,NONE,NONE,2026-09-24
NAS,31300.0,37758254.42951951,4.769636139620802,0.0,0.0,0.0,0.0,0.0,0.0,31127.04129267234,30406.45870732766,31487.332585344684,30046.167414655316,DEC26,SEP26,2026-09-25,2026-12-18,30766.75,30793.940034634394,FOUND,DEGRADED,SPOT_MONTH_FALLBACK;ESTIMATED_EXPIRY_ALIAS,2026-08-02.2,PUT_CALL_PARITY,SEP26,OCT26=PUT_CALL_PARITY;SEP26=PUT_CALL_PARITY;NOV26=SERIES_FORWARD_CLUSTER;DEC29=SERIES_FORWARD_CLUSTER;DEC26=PUT_CALL_PARITY;MAR27=SERIES_FORWARD_CLUSTER;JUN27=PUT_CALL_PARITY;DEC28=PUT_CALL_PARITY;DEC27=PUT_CALL_PARITY;SEP27=SERIES_FORWARD_CLUSTER;JUN29=PUT_CALL_PARITY;DEC30=PUT_CALL_PARITY,OCT26=30756.75;SEP26=30766.75;NOV26=31843.125;DEC29=29950.15;DEC26=20089;MAR27=27605.125;JUN27=24445.125;DEC27=21056.75;SEP27=36064.25,DEC26=GLOBAL_REFERENCE_OUTLIER_PUT_CALL_PARITY;JUN27=GLOBAL_REFERENCE_OUTLIER_SERIES_FORWARD_CLUSTER;DEC28=GLOBAL_REFERENCE_NO_OBSERVATION;DEC27=GLOBAL_REFERENCE_OUTLIER_SERIES_FORWARD_CLUSTER;JUN29=GLOBAL_REFERENCE_NO_OBSERVATION;DEC30=GLOBAL_REFERENCE_NO_OBSERVATION,WEIGHTED_ATM,2026-10-02,5,139,0.0,NONE,5131,4631,0,0,494,NONE,MN1;MN2;MN3;MN4;MN5;QMW;QRW;QTW;QWW,OK,NONE,NONE,2026-09-24
NAS,31310.0,388780.2965133753,0.041071541338285,0.0,0.0,0.0,0.0,0.0,0.0,31127.04129267234,30406.45870732766,31487.332585344684,30046.167414655316,DEC26,SEP26,2026-09-25,2026-12-18,30766.75,30793.940034634394,FOUND,DEGRADED,SPOT_MONTH_FALLBACK;ESTIMATED_EXPIRY_ALIAS,2026-08-02.2,PUT_CALL_PARITY,SEP26,OCT26=PUT_CALL_PARITY;SEP26=PUT_CALL_PARITY;NOV26=SERIES_FORWARD_CLUSTER;DEC29=SERIES_FORWARD_CLUSTER;DEC26=PUT_CALL_PARITY;MAR27=SERIES_FORWARD_CLUSTER;JUN27=PUT_CALL_PARITY;DEC28=PUT_CALL_PARITY;DEC27=PUT_CALL_PARITY;SEP27=SERIES_FORWARD_CLUSTER;JUN29=PUT_CALL_PARITY;DEC30=PUT_CALL_PARITY,OCT26=30756.75;SEP26=30766.75;NOV26=31843.125;DEC29=29950.15;DEC26=20089;MAR27=27605.125;JUN27=24445.125;DEC27=21056.75;SEP27=36064.25,DEC26=GLOBAL_REFERENCE_OUTLIER_PUT_CALL_PARITY;JUN27=GLOBAL_REFERENCE_OUTLIER_SERIES_FORWARD_CLUSTER;DEC28=GLOBAL_REFERENCE_NO_OBSERVATION;DEC27=GLOBAL_REFERENCE_OUTLIER_SERIES_FORWARD_CLUSTER;JUN29=GLOBAL_REFERENCE_NO_OBSERVATION;DEC30=GLOBAL_REFERENCE_NO_OBSERVATION,WEIGHTED_ATM,2026-10-02,5,139,0.0,NONE,5131,4631,0,0,494,NONE,MN1;MN2;MN3;MN4;MN5;QMW;QRW;QTW;QWW,OK,NONE,NONE,2026-09-24
NAS,31325.0,4284420.817441806,0.4527465137616317,0.0,0.0,0.0,0.0,0.0,0.0,31127.04129267234,30406.45870732766,31487.332585344684,30046.167414655316,DEC26,SEP26,2026-09-25,2026-12-18,30766.75,30793.940034634394,FOUND,DEGRADED,SPOT_MONTH_FALLBACK;ESTIMATED_EXPIRY_ALIAS,2026-08-02.2,PUT_CALL_PARITY,SEP26,OCT26=PUT_CALL_PARITY;SEP26=PUT_CALL_PARITY;NOV26=SERIES_FORWARD_CLUSTER;DEC29=SERIES_FORWARD_CLUSTER;DEC26=PUT_CALL_PARITY;MAR27=SERIES_FORWARD_CLUSTER;JUN27=PUT_CALL_PARITY;DEC28=PUT_CALL_PARITY;DEC27=PUT_CALL_PARITY;SEP27=SERIES_FORWARD_CLUSTER;JUN29=PUT_CALL_PARITY;DEC30=PUT_CALL_PARITY,OCT26=30756.75;SEP26=30766.75;NOV26=31843.125;DEC29=29950.15;DEC26=20089;MAR27=27605.125;JUN27=24445.125;DEC27=21056.75;SEP27=36064.25,DEC26=GLOBAL_REFERENCE_OUTLIER_PUT_CALL_PARITY;JUN27=GLOBAL_REFERENCE_OUTLIER_SERIES_FORWARD_CLUSTER;DEC28=GLOBAL_REFERENCE_NO_OBSERVATION;DEC27=GLOBAL_REFERENCE_OUTLIER_SERIES_FORWARD_CLUSTER;JUN29=GLOBAL_REFERENCE_NO_OBSERVATION;DEC30=GLOBAL_REFERENCE_NO_OBSERVATION,WEIGHTED_ATM,2026-10-02,5,139,0.0,NONE,5131,4631,0,0,494,NONE,MN1;MN2;MN3;MN4;MN5;QMW;QRW;QTW;QWW,OK,NONE,NONE,2026-09-24
NAS,31330.0,364159.3164186361,0.038470530919755774,0.0,0.0,0.0,0.0,0.0,0.0,31127.04129267234,30406.45870732766,31487.332585344684,30046.167414655316,DEC26,SEP26,2026-09-25,2026-12-18,30766.75,30793.940034634394,FOUND,DEGRADED,SPOT_MONTH_FALLBACK;ESTIMATED_EXPIRY_ALIAS,2026-08-02.2,PUT_CALL_PARITY,SEP26,OCT26=PUT_CALL_PARITY;SEP26=PUT_CALL_PARITY;NOV26=SERIES_FORWARD_CLUSTER;DEC29=SERIES_FORWARD_CLUSTER;DEC26=PUT_CALL_PARITY;MAR27=SERIES_FORWARD_CLUSTER;JUN27=PUT_CALL_PARITY;DEC28=PUT_CALL_PARITY;DEC27=PUT_CALL_PARITY;SEP27=SERIES_FORWARD_CLUSTER;JUN29=PUT_CALL_PARITY;DEC30=PUT_CALL_PARITY,OCT26=30756.75;SEP26=30766.75;NOV26=31843.125;DEC29=29950.15;DEC26=20089;MAR27=27605.125;JUN27=24445.125;DEC27=21056.75;SEP27=36064.25,DEC26=GLOBAL_REFERENCE_OUTLIER_PUT_CALL_PARITY;JUN27=GLOBAL_REFERENCE_OUTLIER_SERIES_FORWARD_CLUSTER;DEC28=GLOBAL_REFERENCE_NO_OBSERVATION;DEC27=GLOBAL_REFERENCE_OUTLIER_SERIES_FORWARD_CLUSTER;JUN29=GLOBAL_REFERENCE_NO_OBSERVATION;DEC30=GLOBAL_REFERENCE_NO_OBSERVATION,WEIGHTED_ATM,2026-10-02,5,139,0.0,NONE,5131,4631,0,0,494,NONE,MN1;MN2;MN3;MN4;MN5;QMW;QRW;QTW;QWW,OK,NONE,NONE,2026-09-24
NAS,31340.0,210664.90113073733,0.02225506866709006,0.0,0.0,0.0,0.0,0.0,0.0,31127.04129267234,30406.45870732766,31487.332585344684,30046.167414655316,DEC26,SEP26,2026-09-25,2026-12-18,30766.75,30793.940034634394,FOUND,DEGRADED,SPOT_MONTH_FALLBACK;ESTIMATED_EXPIRY_ALIAS,2026-08-02.2,PUT_CALL_PARITY,SEP26,OCT26=PUT_CALL_PARITY;SEP26=PUT_CALL_PARITY;NOV26=SERIES_FORWARD_CLUSTER;DEC29=SERIES_FORWARD_CLUSTER;DEC26=PUT_CALL_PARITY;MAR27=SERIES_FORWARD_CLUSTER;JUN27=PUT_CALL_PARITY;DEC28=PUT_CALL_PARITY;DEC27=PUT_CALL_PARITY;SEP27=SERIES_FORWARD_CLUSTER;JUN29=PUT_CALL_PARITY;DEC30=PUT_CALL_PARITY,OCT26=30756.75;SEP26=30766.75;NOV26=31843.125;DEC29=29950.15;DEC26=20089;MAR27=27605.125;JUN27=24445.125;DEC27=21056.75;SEP27=36064.25,DEC26=GLOBAL_REFERENCE_OUTLIER_PUT_CALL_PARITY;JUN27=GLOBAL_REFERENCE_OUTLIER_SERIES_FORWARD_CLUSTER;DEC28=GLOBAL_REFERENCE_NO_OBSERVATION;DEC27=GLOBAL_REFERENCE_OUTLIER_SERIES_FORWARD_CLUSTER;JUN29=GLOBAL_REFERENCE_NO_OBSERVATION;DEC30=GLOBAL_REFERENCE_NO_OBSERVATION,WEIGHTED_ATM,2026-10-02,5,139,0.0,NONE,5131,4631,0,0,494,NONE,MN1;MN2;MN3;MN4;MN5;QMW;QRW;QTW;QWW,OK,NONE,NONE,2026-09-24
NAS,31350.0,51107882.950703554,5.446546858164902,0.0,0.0,0.0,0.0,0.0,0.0,31127.04129267234,30406.45870732766,31487.332585344684,30046.167414655316,DEC26,SEP26,2026-09-25,2026-12-18,30766.75,30793.940034634394,FOUND,DEGRADED,SPOT_MONTH_FALLBACK;ESTIMATED_EXPIRY_ALIAS,2026-08-02.2,PUT_CALL_PARITY,SEP26,OCT26=PUT_CALL_PARITY;SEP26=PUT_CALL_PARITY;NOV26=SERIES_FORWARD_CLUSTER;DEC29=SERIES_FORWARD_CLUSTER;DEC26=PUT_CALL_PARITY;MAR27=SERIES_FORWARD_CLUSTER;JUN27=PUT_CALL_PARITY;DEC28=PUT_CALL_PARITY;DEC27=PUT_CALL_PARITY;SEP27=SERIES_FORWARD_CLUSTER;JUN29=PUT_CALL_PARITY;DEC30=PUT_CALL_PARITY,OCT26=30756.75;SEP26=30766.75;NOV26=31843.125;DEC29=29950.15;DEC26=20089;MAR27=27605.125;JUN27=24445.125;DEC27=21056.75;SEP27=36064.25,DEC26=GLOBAL_REFERENCE_OUTLIER_PUT_CALL_PARITY;JUN27=GLOBAL_REFERENCE_OUTLIER_SERIES_FORWARD_CLUSTER;DEC28=GLOBAL_REFERENCE_NO_OBSERVATION;DEC27=GLOBAL_REFERENCE_OUTLIER_SERIES_FORWARD_CLUSTER;JUN29=GLOBAL_REFERENCE_NO_OBSERVATION;DEC30=GLOBAL_REFERENCE_NO_OBSERVATION,WEIGHTED_ATM,2026-10-02,5,139,0.0,NONE,5131,4631,0,0,494,NONE,MN1;MN2;MN3;MN4;MN5;QMW;QRW;QTW;QWW,OK,NONE,NONE,2026-09-24
NAS,31360.0,524301.6135415409,0.055388288931870006,0.0,0.0,0.0,0.0,0.0,0.0,31127.04129267234,30406.45870732766,31487.332585344684,30046.167414655316,DEC26,SEP26,2026-09-25,2026-12-18,30766.75,30793.940034634394,FOUND,DEGRADED,SPOT_MONTH_FALLBACK;ESTIMATED_EXPIRY_ALIAS,2026-08-02.2,PUT_CALL_PARITY,SEP26,OCT26=PUT_CALL_PARITY;SEP26=PUT_CALL_PARITY;NOV26=SERIES_FORWARD_CLUSTER;DEC29=SERIES_FORWARD_CLUSTER;DEC26=PUT_CALL_PARITY;MAR27=SERIES_FORWARD_CLUSTER;JUN27=PUT_CALL_PARITY;DEC28=PUT_CALL_PARITY;DEC27=PUT_CALL_PARITY;SEP27=SERIES_FORWARD_CLUSTER;JUN29=PUT_CALL_PARITY;DEC30=PUT_CALL_PARITY,OCT26=30756.75;SEP26=30766.75;NOV26=31843.125;DEC29=29950.15;DEC26=20089;MAR27=27605.125;JUN27=24445.125;DEC27=21056.75;SEP27=36064.25,DEC26=GLOBAL_REFERENCE_OUTLIER_PUT_CALL_PARITY;JUN27=GLOBAL_REFERENCE_OUTLIER_SERIES_FORWARD_CLUSTER;DEC28=GLOBAL_REFERENCE_NO_OBSERVATION;DEC27=GLOBAL_REFERENCE_OUTLIER_SERIES_FORWARD_CLUSTER;JUN29=GLOBAL_REFERENCE_NO_OBSERVATION;DEC30=GLOBAL_REFERENCE_NO_OBSERVATION,WEIGHTED_ATM,2026-10-02,5,139,0.0,NONE,5131,4631,0,0,494,NONE,MN1;MN2;MN3;MN4;MN5;QMW;QRW;QTW;QWW,OK,NONE,NONE,2026-09-24
NAS,31370.0,189572.97226222177,0.02002687439851143,0.0,0.0,0.0,0.0,0.0,0.0,31127.04129267234,30406.45870732766,31487.332585344684,30046.167414655316,DEC26,SEP26,2026-09-25,2026-12-18,30766.75,30793.940034634394,FOUND,DEGRADED,SPOT_MONTH_FALLBACK;ESTIMATED_EXPIRY_ALIAS,2026-08-02.2,PUT_CALL_PARITY,SEP26,OCT26=PUT_CALL_PARITY;SEP26=PUT_CALL_PARITY;NOV26=SERIES_FORWARD_CLUSTER;DEC29=SERIES_FORWARD_CLUSTER;DEC26=PUT_CALL_PARITY;MAR27=SERIES_FORWARD_CLUSTER;JUN27=PUT_CALL_PARITY;DEC28=PUT_CALL_PARITY;DEC27=PUT_CALL_PARITY;SEP27=SERIES_FORWARD_CLUSTER;JUN29=PUT_CALL_PARITY;DEC30=PUT_CALL_PARITY,OCT26=30756.75;SEP26=30766.75;NOV26=31843.125;DEC29=29950.15;DEC26=20089;MAR27=27605.125;JUN27=24445.125;DEC27=21056.75;SEP27=36064.25,DEC26=GLOBAL_REFERENCE_OUTLIER_PUT_CALL_PARITY;JUN27=GLOBAL_REFERENCE_OUTLIER_SERIES_FORWARD_CLUSTER;DEC28=GLOBAL_REFERENCE_NO_OBSERVATION;DEC27=GLOBAL_REFERENCE_OUTLIER_SERIES_FORWARD_CLUSTER;JUN29=GLOBAL_REFERENCE_NO_OBSERVATION;DEC30=GLOBAL_REFERENCE_NO_OBSERVATION,WEIGHTED_ATM,2026-10-02,5,139,0.0,NONE,5131,4631,0,0,494,NONE,MN1;MN2;MN3;MN4;MN5;QMW;QRW;QTW;QWW,OK,NONE,NONE,2026-09-24
NAS,31375.0,3761362.65716962,0.397442886842331,0.0,0.0,0.0,0.0,0.0,0.0,31127.04129267234,30406.45870732766,31487.332585344684,30046.167414655316,DEC26,SEP26,2026-09-25,2026-12-18,30766.75,30793.940034634394,FOUND,DEGRADED,SPOT_MONTH_FALLBACK;ESTIMATED_EXPIRY_ALIAS,2026-08-02.2,PUT_CALL_PARITY,SEP26,OCT26=PUT_CALL_PARITY;SEP26=PUT_CALL_PARITY;NOV26=SERIES_FORWARD_CLUSTER;DEC29=SERIES_FORWARD_CLUSTER;DEC26=PUT_CALL_PARITY;MAR27=SERIES_FORWARD_CLUSTER;JUN27=PUT_CALL_PARITY;DEC28=PUT_CALL_PARITY;DEC27=PUT_CALL_PARITY;SEP27=SERIES_FORWARD_CLUSTER;JUN29=PUT_CALL_PARITY;DEC30=PUT_CALL_PARITY,OCT26=30756.75;SEP26=30766.75;NOV26=31843.125;DEC29=29950.15;DEC26=20089;MAR27=27605.125;JUN27=24445.125;DEC27=21056.75;SEP27=36064.25,DEC26=GLOBAL_REFERENCE_OUTLIER_PUT_CALL_PARITY;JUN27=GLOBAL_REFERENCE_OUTLIER_SERIES_FORWARD_CLUSTER;DEC28=GLOBAL_REFERENCE_NO_OBSERVATION;DEC27=GLOBAL_REFERENCE_OUTLIER_SERIES_FORWARD_CLUSTER;JUN29=GLOBAL_REFERENCE_NO_OBSERVATION;DEC30=GLOBAL_REFERENCE_NO_OBSERVATION,WEIGHTED_ATM,2026-10-02,5,139,0.0,NONE,5131,4631,0,0,494,NONE,MN1;MN2;MN3;MN4;MN5;QMW;QRW;QTW;QWW,OK,NONE,NONE,2026-09-24
NAS,31380.0,182498.58944564688,0.019279522207828036,0.0,0.0,0.0,0.0,0.0,0.0,31127.04129267234,30406.45870732766,31487.332585344684,30046.167414655316,DEC26,SEP26,2026-09-25,2026-12-18,30766.75,30793.940034634394,FOUND,DEGRADED,SPOT_MONTH_FALLBACK;ESTIMATED_EXPIRY_ALIAS,2026-08-02.2,PUT_CALL_PARITY,SEP26,OCT26=PUT_CALL_PARITY;SEP26=PUT_CALL_PARITY;NOV26=SERIES_FORWARD_CLUSTER;DEC29=SERIES_FORWARD_CLUSTER;DEC26=PUT_CALL_PARITY;MAR27=SERIES_FORWARD_CLUSTER;JUN27=PUT_CALL_PARITY;DEC28=PUT_CALL_PARITY;DEC27=PUT_CALL_PARITY;SEP27=SERIES_FORWARD_CLUSTER;JUN29=PUT_CALL_PARITY;DEC30=PUT_CALL_PARITY,OCT26=30756.75;SEP26=30766.75;NOV26=31843.125;DEC29=29950.15;DEC26=20089;MAR27=27605.125;JUN27=24445.125;DEC27=21056.75;SEP27=36064.25,DEC26=GLOBAL_REFERENCE_OUTLIER_PUT_CALL_PARITY;JUN27=GLOBAL_REFERENCE_OUTLIER_SERIES_FORWARD_CLUSTER;DEC28=GLOBAL_REFERENCE_NO_OBSERVATION;DEC27=GLOBAL_REFERENCE_OUTLIER_SERIES_FORWARD_CLUSTER;JUN29=GLOBAL_REFERENCE_NO_OBSERVATION;DEC30=GLOBAL_REFERENCE_NO_OBSERVATION,WEIGHTED_ATM,2026-10-02,5,139,0.0,NONE,5131,4631,0,0,494,NONE,MN1;MN2;MN3;MN4;MN5;QMW;QRW;QTW;QWW,OK,NONE,NONE,2026-09-24
NAS,31390.0,116912.46052083683,0.01235087014003799,0.0,0.0,0.0,0.0,0.0,0.0,31127.04129267234,30406.45870732766,31487.332585344684,30046.167414655316,DEC26,SEP26,2026-09-25,2026-12-18,30766.75,30793.940034634394,FOUND,DEGRADED,SPOT_MONTH_FALLBACK;ESTIMATED_EXPIRY_ALIAS,2026-08-02.2,PUT_CALL_PARITY,SEP26,OCT26=PUT_CALL_PARITY;SEP26=PUT_CALL_PARITY;NOV26=SERIES_FORWARD_CLUSTER;DEC29=SERIES_FORWARD_CLUSTER;DEC26=PUT_CALL_PARITY;MAR27=SERIES_FORWARD_CLUSTER;JUN27=PUT_CALL_PARITY;DEC28=PUT_CALL_PARITY;DEC27=PUT_CALL_PARITY;SEP27=SERIES_FORWARD_CLUSTER;JUN29=PUT_CALL_PARITY;DEC30=PUT_CALL_PARITY,OCT26=30756.75;SEP26=30766.75;NOV26=31843.125;DEC29=29950.15;DEC26=20089;MAR27=27605.125;JUN27=24445.125;DEC27=21056.75;SEP27=36064.25,DEC26=GLOBAL_REFERENCE_OUTLIER_PUT_CALL_PARITY;JUN27=GLOBAL_REFERENCE_OUTLIER_SERIES_FORWARD_CLUSTER;DEC28=GLOBAL_REFERENCE_NO_OBSERVATION;DEC27=GLOBAL_REFERENCE_OUTLIER_SERIES_FORWARD_CLUSTER;JUN29=GLOBAL_REFERENCE_NO_OBSERVATION;DEC30=GLOBAL_REFERENCE_NO_OBSERVATION,WEIGHTED_ATM,2026-10-02,5,139,0.0,NONE,5131,4631,0,0,494,NONE,MN1;MN2;MN3;MN4;MN5;QMW;QRW;QTW;QWW,OK,NONE,NONE,2026-09-24
NAS,31400.0,23610634.28035146,2.9443056399670207,0.0,0.0,0.0,0.0,0.0,0.0,31127.04129267234,30406.45870732766,31487.332585344684,30046.167414655316,DEC26,SEP26,2026-09-25,2026-12-18,30766.75,30793.940034634394,FOUND,DEGRADED,SPOT_MONTH_FALLBACK;ESTIMATED_EXPIRY_ALIAS,2026-08-02.2,PUT_CALL_PARITY,SEP26,OCT26=PUT_CALL_PARITY;SEP26=PUT_CALL_PARITY;NOV26=SERIES_FORWARD_CLUSTER;DEC29=SERIES_FORWARD_CLUSTER;DEC26=PUT_CALL_PARITY;MAR27=SERIES_FORWARD_CLUSTER;JUN27=PUT_CALL_PARITY;DEC28=PUT_CALL_PARITY;DEC27=PUT_CALL_PARITY;SEP27=SERIES_FORWARD_CLUSTER;JUN29=PUT_CALL_PARITY;DEC30=PUT_CALL_PARITY,OCT26=30756.75;SEP26=30766.75;NOV26=31843.125;DEC29=29950.15;DEC26=20089;MAR27=27605.125;JUN27=24445.125;DEC27=21056.75;SEP27=36064.25,DEC26=GLOBAL_REFERENCE_OUTLIER_PUT_CALL_PARITY;JUN27=GLOBAL_REFERENCE_OUTLIER_SERIES_FORWARD_CLUSTER;DEC28=GLOBAL_REFERENCE_NO_OBSERVATION;DEC27=GLOBAL_REFERENCE_OUTLIER_SERIES_FORWARD_CLUSTER;JUN29=GLOBAL_REFERENCE_NO_OBSERVATION;DEC30=GLOBAL_REFERENCE_NO_OBSERVATION,WEIGHTED_ATM,2026-10-02,5,139,0.0,NONE,5131,4631,0,0,494,NONE,MN1;MN2;MN3;MN4;MN5;QMW;QRW;QTW;QWW,OK,NONE,NONE,2026-09-24
NAS,31410.0,654043.4683436316,0.06909448237993873,0.0,0.0,0.0,0.0,0.0,0.0,31127.04129267234,30406.45870732766,31487.332585344684,30046.167414655316,DEC26,SEP26,2026-09-25,2026-12-18,30766.75,30793.940034634394,FOUND,DEGRADED,SPOT_MONTH_FALLBACK;ESTIMATED_EXPIRY_ALIAS,2026-08-02.2,PUT_CALL_PARITY,SEP26,OCT26=PUT_CALL_PARITY;SEP26=PUT_CALL_PARITY;NOV26=SERIES_FORWARD_CLUSTER;DEC29=SERIES_FORWARD_CLUSTER;DEC26=PUT_CALL_PARITY;MAR27=SERIES_FORWARD_CLUSTER;JUN27=PUT_CALL_PARITY;DEC28=PUT_CALL_PARITY;DEC27=PUT_CALL_PARITY;SEP27=SERIES_FORWARD_CLUSTER;JUN29=PUT_CALL_PARITY;DEC30=PUT_CALL_PARITY,OCT26=30756.75;SEP26=30766.75;NOV26=31843.125;DEC29=29950.15;DEC26=20089;MAR27=27605.125;JUN27=24445.125;DEC27=21056.75;SEP27=36064.25,DEC26=GLOBAL_REFERENCE_OUTLIER_PUT_CALL_PARITY;JUN27=GLOBAL_REFERENCE_OUTLIER_SERIES_FORWARD_CLUSTER;DEC28=GLOBAL_REFERENCE_NO_OBSERVATION;DEC27=GLOBAL_REFERENCE_OUTLIER_SERIES_FORWARD_CLUSTER;JUN29=GLOBAL_REFERENCE_NO_OBSERVATION;DEC30=GLOBAL_REFERENCE_NO_OBSERVATION,WEIGHTED_ATM,2026-10-02,5,139,0.0,NONE,5131,4631,0,0,494,NONE,MN1;MN2;MN3;MN4;MN5;QMW;QRW;QTW;QWW,OK,NONE,NONE,2026-09-24
NAS,31420.0,625044.7078884521,0.06603099433932771,0.0,0.0,0.0,0.0,0.0,0.0,31127.04129267234,30406.45870732766,31487.332585344684,30046.167414655316,DEC26,SEP26,2026-09-25,2026-12-18,30766.75,30793.940034634394,FOUND,DEGRADED,SPOT_MONTH_FALLBACK;ESTIMATED_EXPIRY_ALIAS,2026-08-02.2,PUT_CALL_PARITY,SEP26,OCT26=PUT_CALL_PARITY;SEP26=PUT_CALL_PARITY;NOV26=SERIES_FORWARD_CLUSTER;DEC29=SERIES_FORWARD_CLUSTER;DEC26=PUT_CALL_PARITY;MAR27=SERIES_FORWARD_CLUSTER;JUN27=PUT_CALL_PARITY;DEC28=PUT_CALL_PARITY;DEC27=PUT_CALL_PARITY;SEP27=SERIES_FORWARD_CLUSTER;JUN29=PUT_CALL_PARITY;DEC30=PUT_CALL_PARITY,OCT26=30756.75;SEP26=30766.75;NOV26=31843.125;DEC29=29950.15;DEC26=20089;MAR27=27605.125;JUN27=24445.125;DEC27=21056.75;SEP27=36064.25,DEC26=GLOBAL_REFERENCE_OUTLIER_PUT_CALL_PARITY;JUN27=GLOBAL_REFERENCE_OUTLIER_SERIES_FORWARD_CLUSTER;DEC28=GLOBAL_REFERENCE_NO_OBSERVATION;DEC27=GLOBAL_REFERENCE_OUTLIER_SERIES_FORWARD_CLUSTER;JUN29=GLOBAL_REFERENCE_NO_OBSERVATION;DEC30=GLOBAL_REFERENCE_NO_OBSERVATION,WEIGHTED_ATM,2026-10-02,5,139,0.0,NONE,5131,4631,0,0,494,NONE,MN1;MN2;MN3;MN4;MN5;QMW;QRW;QTW;QWW,OK,NONE,NONE,2026-09-24
NAS,31425.0,2851360.4492633077,0.30129477799146287,0.0,0.0,0.0,0.0,0.0,0.0,31127.04129267234,30406.45870732766,31487.332585344684,30046.167414655316,DEC26,SEP26,2026-09-25,2026-12-18,30766.75,30793.940034634394,FOUND,DEGRADED,SPOT_MONTH_FALLBACK;ESTIMATED_EXPIRY_ALIAS,2026-08-02.2,PUT_CALL_PARITY,SEP26,OCT26=PUT_CALL_PARITY;SEP26=PUT_CALL_PARITY;NOV26=SERIES_FORWARD_CLUSTER;DEC29=SERIES_FORWARD_CLUSTER;DEC26=PUT_CALL_PARITY;MAR27=SERIES_FORWARD_CLUSTER;JUN27=PUT_CALL_PARITY;DEC28=PUT_CALL_PARITY;DEC27=PUT_CALL_PARITY;SEP27=SERIES_FORWARD_CLUSTER;JUN29=PUT_CALL_PARITY;DEC30=PUT_CALL_PARITY,OCT26=30756.75;SEP26=30766.75;NOV26=31843.125;DEC29=29950.15;DEC26=20089;MAR27=27605.125;JUN27=24445.125;DEC27=21056.75;SEP27=36064.25,DEC26=GLOBAL_REFERENCE_OUTLIER_PUT_CALL_PARITY;JUN27=GLOBAL_REFERENCE_OUTLIER_SERIES_FORWARD_CLUSTER;DEC28=GLOBAL_REFERENCE_NO_OBSERVATION;DEC27=GLOBAL_REFERENCE_OUTLIER_SERIES_FORWARD_CLUSTER;JUN29=GLOBAL_REFERENCE_NO_OBSERVATION;DEC30=GLOBAL_REFERENCE_NO_OBSERVATION,WEIGHTED_ATM,2026-10-02,5,139,0.0,NONE,5131,4631,0,0,494,NONE,MN1;MN2;MN3;MN4;MN5;QMW;QRW;QTW;QWW,OK,NONE,NONE,2026-09-24
NAS,31430.0,400915.32412932365,0.04235351033938768,0.0,0.0,0.0,0.0,0.0,0.0,31127.04129267234,30406.45870732766,31487.332585344684,30046.167414655316,DEC26,SEP26,2026-09-25,2026-12-18,30766.75,30793.940034634394,FOUND,DEGRADED,SPOT_MONTH_FALLBACK;ESTIMATED_EXPIRY_ALIAS,2026-08-02.2,PUT_CALL_PARITY,SEP26,OCT26=PUT_CALL_PARITY;SEP26=PUT_CALL_PARITY;NOV26=SERIES_FORWARD_CLUSTER;DEC29=SERIES_FORWARD_CLUSTER;DEC26=PUT_CALL_PARITY;MAR27=SERIES_FORWARD_CLUSTER;JUN27=PUT_CALL_PARITY;DEC28=PUT_CALL_PARITY;DEC27=PUT_CALL_PARITY;SEP27=SERIES_FORWARD_CLUSTER;JUN29=PUT_CALL_PARITY;DEC30=PUT_CALL_PARITY,OCT26=30756.75;SEP26=30766.75;NOV26=31843.125;DEC29=29950.15;DEC26=20089;MAR27=27605.125;JUN27=24445.125;DEC27=21056.75;SEP27=36064.25,DEC26=GLOBAL_REFERENCE_OUTLIER_PUT_CALL_PARITY;JUN27=GLOBAL_REFERENCE_OUTLIER_SERIES_FORWARD_CLUSTER;DEC28=GLOBAL_REFERENCE_NO_OBSERVATION;DEC27=GLOBAL_REFERENCE_OUTLIER_SERIES_FORWARD_CLUSTER;JUN29=GLOBAL_REFERENCE_NO_OBSERVATION;DEC30=GLOBAL_REFERENCE_NO_OBSERVATION,WEIGHTED_ATM,2026-10-02,5,139,0.0,NONE,5131,4631,0,0,494,NONE,MN1;MN2;MN3;MN4;MN5;QMW;QRW;QTW;QWW,OK,NONE,NONE,2026-09-24
NAS,31440.0,433286.1779737916,0.04577323318478889,0.0,0.0,0.0,0.0,0.0,0.0,31127.04129267234,30406.45870732766,31487.332585344684,30046.167414655316,DEC26,SEP26,2026-09-25,2026-12-18,30766.75,30793.940034634394,FOUND,DEGRADED,SPOT_MONTH_FALLBACK;ESTIMATED_EXPIRY_ALIAS,2026-08-02.2,PUT_CALL_PARITY,SEP26,OCT26=PUT_CALL_PARITY;SEP26=PUT_CALL_PARITY;NOV26=SERIES_FORWARD_CLUSTER;DEC29=SERIES_FORWARD_CLUSTER;DEC26=PUT_CALL_PARITY;MAR27=SERIES_FORWARD_CLUSTER;JUN27=PUT_CALL_PARITY;DEC28=PUT_CALL_PARITY;DEC27=PUT_CALL_PARITY;SEP27=SERIES_FORWARD_CLUSTER;JUN29=PUT_CALL_PARITY;DEC30=PUT_CALL_PARITY,OCT26=30756.75;SEP26=30766.75;NOV26=31843.125;DEC29=29950.15;DEC26=20089;MAR27=27605.125;JUN27=24445.125;DEC27=21056.75;SEP27=36064.25,DEC26=GLOBAL_REFERENCE_OUTLIER_PUT_CALL_PARITY;JUN27=GLOBAL_REFERENCE_OUTLIER_SERIES_FORWARD_CLUSTER;DEC28=GLOBAL_REFERENCE_NO_OBSERVATION;DEC27=GLOBAL_REFERENCE_OUTLIER_SERIES_FORWARD_CLUSTER;JUN29=GLOBAL_REFERENCE_NO_OBSERVATION;DEC30=GLOBAL_REFERENCE_NO_OBSERVATION,WEIGHTED_ATM,2026-10-02,5,139,0.0,NONE,5131,4631,0,0,494,NONE,MN1;MN2;MN3;MN4;MN5;QMW;QRW;QTW;QWW,OK,NONE,NONE,2026-09-24
NAS,31450.0,5894207.265887075,0.6228624009601911,0.0,0.0,0.0,0.0,0.0,0.0,31127.04129267234,30406.45870732766,31487.332585344684,30046.167414655316,DEC26,SEP26,2026-09-25,2026-12-18,30766.75,30793.940034634394,FOUND,DEGRADED,SPOT_MONTH_FALLBACK;ESTIMATED_EXPIRY_ALIAS,2026-08-02.2,PUT_CALL_PARITY,SEP26,OCT26=PUT_CALL_PARITY;SEP26=PUT_CALL_PARITY;NOV26=SERIES_FORWARD_CLUSTER;DEC29=SERIES_FORWARD_CLUSTER;DEC26=PUT_CALL_PARITY;MAR27=SERIES_FORWARD_CLUSTER;JUN27=PUT_CALL_PARITY;DEC28=PUT_CALL_PARITY;DEC27=PUT_CALL_PARITY;SEP27=SERIES_FORWARD_CLUSTER;JUN29=PUT_CALL_PARITY;DEC30=PUT_CALL_PARITY,OCT26=30756.75;SEP26=30766.75;NOV26=31843.125;DEC29=29950.15;DEC26=20089;MAR27=27605.125;JUN27=24445.125;DEC27=21056.75;SEP27=36064.25,DEC26=GLOBAL_REFERENCE_OUTLIER_PUT_CALL_PARITY;JUN27=GLOBAL_REFERENCE_OUTLIER_SERIES_FORWARD_CLUSTER;DEC28=GLOBAL_REFERENCE_NO_OBSERVATION;DEC27=GLOBAL_REFERENCE_OUTLIER_SERIES_FORWARD_CLUSTER;JUN29=GLOBAL_REFERENCE_NO_OBSERVATION;DEC30=GLOBAL_REFERENCE_NO_OBSERVATION,WEIGHTED_ATM,2026-10-02,5,139,0.0,NONE,5131,4631,0,0,494,NONE,MN1;MN2;MN3;MN4;MN5;QMW;QRW;QTW;QWW,OK,NONE,NONE,2026-09-24
NAS,31460.0,132550.49661712963,0.014002904082443264,0.0,0.0,0.0,0.0,0.0,0.0,31127.04129267234,30406.45870732766,31487.332585344684,30046.167414655316,DEC26,SEP26,2026-09-25,2026-12-18,30766.75,30793.940034634394,FOUND,DEGRADED,SPOT_MONTH_FALLBACK;ESTIMATED_EXPIRY_ALIAS,2026-08-02.2,PUT_CALL_PARITY,SEP26,OCT26=PUT_CALL_PARITY;SEP26=PUT_CALL_PARITY;NOV26=SERIES_FORWARD_CLUSTER;DEC29=SERIES_FORWARD_CLUSTER;DEC26=PUT_CALL_PARITY;MAR27=SERIES_FORWARD_CLUSTER;JUN27=PUT_CALL_PARITY;DEC28=PUT_CALL_PARITY;DEC27=PUT_CALL_PARITY;SEP27=SERIES_FORWARD_CLUSTER;JUN29=PUT_CALL_PARITY;DEC30=PUT_CALL_PARITY,OCT26=30756.75;SEP26=30766.75;NOV26=31843.125;DEC29=29950.15;DEC26=20089;MAR27=27605.125;JUN27=24445.125;DEC27=21056.75;SEP27=36064.25,DEC26=GLOBAL_REFERENCE_OUTLIER_PUT_CALL_PARITY;JUN27=GLOBAL_REFERENCE_OUTLIER_SERIES_FORWARD_CLUSTER;DEC28=GLOBAL_REFERENCE_NO_OBSERVATION;DEC27=GLOBAL_REFERENCE_OUTLIER_SERIES_FORWARD_CLUSTER;JUN29=GLOBAL_REFERENCE_NO_OBSERVATION;DEC30=GLOBAL_REFERENCE_NO_OBSERVATION,WEIGHTED_ATM,2026-10-02,5,139,0.0,NONE,5131,4631,0,0,494,NONE,MN1;MN2;MN3;MN4;MN5;QMW;QRW;QTW;QWW,OK,NONE,NONE,2026-09-24
NAS,31470.0,213853.6544091409,0.02259193504963586,0.0,0.0,0.0,0.0,0.0,0.0,31127.04129267234,30406.45870732766,31487.332585344684,30046.167414655316,DEC26,SEP26,2026-09-25,2026-12-18,30766.75,30793.940034634394,FOUND,DEGRADED,SPOT_MONTH_FALLBACK;ESTIMATED_EXPIRY_ALIAS,2026-08-02.2,PUT_CALL_PARITY,SEP26,OCT26=PUT_CALL_PARITY;SEP26=PUT_CALL_PARITY;NOV26=SERIES_FORWARD_CLUSTER;DEC29=SERIES_FORWARD_CLUSTER;DEC26=PUT_CALL_PARITY;MAR27=SERIES_FORWARD_CLUSTER;JUN27=PUT_CALL_PARITY;DEC28=PUT_CALL_PARITY;DEC27=PUT_CALL_PARITY;SEP27=SERIES_FORWARD_CLUSTER;JUN29=PUT_CALL_PARITY;DEC30=PUT_CALL_PARITY,OCT26=30756.75;SEP26=30766.75;NOV26=31843.125;DEC29=29950.15;DEC26=20089;MAR27=27605.125;JUN27=24445.125;DEC27=21056.75;SEP27=36064.25,DEC26=GLOBAL_REFERENCE_OUTLIER_PUT_CALL_PARITY;JUN27=GLOBAL_REFERENCE_OUTLIER_SERIES_FORWARD_CLUSTER;DEC28=GLOBAL_REFERENCE_NO_OBSERVATION;DEC27=GLOBAL_REFERENCE_OUTLIER_SERIES_FORWARD_CLUSTER;JUN29=GLOBAL_REFERENCE_NO_OBSERVATION;DEC30=GLOBAL_REFERENCE_NO_OBSERVATION,WEIGHTED_ATM,2026-10-02,5,139,0.0,NONE,5131,4631,0,0,494,NONE,MN1;MN2;MN3;MN4;MN5;QMW;QRW;QTW;QWW,OK,NONE,NONE,2026-09-24
NAS,31475.0,2417976.382110175,0.2554756922967623,0.0,0.0,0.0,0.0,0.0,0.0,31127.04129267234,30406.45870732766,31487.332585344684,30046.167414655316,DEC26,SEP26,2026-09-25,2026-12-18,30766.75,30793.940034634394,FOUND,DEGRADED,SPOT_MONTH_FALLBACK;ESTIMATED_EXPIRY_ALIAS,2026-08-02.2,PUT_CALL_PARITY,SEP26,OCT26=PUT_CALL_PARITY;SEP26=PUT_CALL_PARITY;NOV26=SERIES_FORWARD_CLUSTER;DEC29=SERIES_FORWARD_CLUSTER;DEC26=PUT_CALL_PARITY;MAR27=SERIES_FORWARD_CLUSTER;JUN27=PUT_CALL_PARITY;DEC28=PUT_CALL_PARITY;DEC27=PUT_CALL_PARITY;SEP27=SERIES_FORWARD_CLUSTER;JUN29=PUT_CALL_PARITY;DEC30=PUT_CALL_PARITY,OCT26=30756.75;SEP26=30766.75;NOV26=31843.125;DEC29=29950.15;DEC26=20089;MAR27=27605.125;JUN27=24445.125;DEC27=21056.75;SEP27=36064.25,DEC26=GLOBAL_REFERENCE_OUTLIER_PUT_CALL_PARITY;JUN27=GLOBAL_REFERENCE_OUTLIER_SERIES_FORWARD_CLUSTER;DEC28=GLOBAL_REFERENCE_NO_OBSERVATION;DEC27=GLOBAL_REFERENCE_OUTLIER_SERIES_FORWARD_CLUSTER;JUN29=GLOBAL_REFERENCE_NO_OBSERVATION;DEC30=GLOBAL_REFERENCE_NO_OBSERVATION,WEIGHTED_ATM,2026-10-02,5,139,0.0,NONE,5131,4631,0,0,494,NONE,MN1;MN2;MN3;MN4;MN5;QMW;QRW;QTW;QWW,OK,NONE,NONE,2026-09-24
NAS,31490.0,197017.4534463571,0.020813324533557765,0.0,0.0,0.0,0.0,0.0,0.0,31127.04129267234,30406.45870732766,31487.332585344684,30046.167414655316,DEC26,SEP26,2026-09-25,2026-12-18,30766.75,30793.940034634394,FOUND,DEGRADED,SPOT_MONTH_FALLBACK;ESTIMATED_EXPIRY_ALIAS,2026-08-02.2,PUT_CALL_PARITY,SEP26,OCT26=PUT_CALL_PARITY;SEP26=PUT_CALL_PARITY;NOV26=SERIES_FORWARD_CLUSTER;DEC29=SERIES_FORWARD_CLUSTER;DEC26=PUT_CALL_PARITY;MAR27=SERIES_FORWARD_CLUSTER;JUN27=PUT_CALL_PARITY;DEC28=PUT_CALL_PARITY;DEC27=PUT_CALL_PARITY;SEP27=SERIES_FORWARD_CLUSTER;JUN29=PUT_CALL_PARITY;DEC30=PUT_CALL_PARITY,OCT26=30756.75;SEP26=30766.75;NOV26=31843.125;DEC29=29950.15;DEC26=20089;MAR27=27605.125;JUN27=24445.125;DEC27=21056.75;SEP27=36064.25,DEC26=GLOBAL_REFERENCE_OUTLIER_PUT_CALL_PARITY;JUN27=GLOBAL_REFERENCE_OUTLIER_SERIES_FORWARD_CLUSTER;DEC28=GLOBAL_REFERENCE_NO_OBSERVATION;DEC27=GLOBAL_REFERENCE_OUTLIER_SERIES_FORWARD_CLUSTER;JUN29=GLOBAL_REFERENCE_NO_OBSERVATION;DEC30=GLOBAL_REFERENCE_NO_OBSERVATION,WEIGHTED_ATM,2026-10-02,5,139,0.0,NONE,5131,4631,0,0,494,NONE,MN1;MN2;MN3;MN4;MN5;QMW;QRW;QTW;QWW,OK,NONE,NONE,2026-09-24
NAS,31500.0,152692612.8087119,16.53211899608813,0.0,0.0,0.0,0.0,0.0,0.0,31127.04129267234,30406.45870732766,31487.332585344684,30046.167414655316,DEC26,SEP26,2026-09-25,2026-12-18,30766.75,30793.940034634394,FOUND,DEGRADED,SPOT_MONTH_FALLBACK;ESTIMATED_EXPIRY_ALIAS,2026-08-02.2,PUT_CALL_PARITY,SEP26,OCT26=PUT_CALL_PARITY;SEP26=PUT_CALL_PARITY;NOV26=SERIES_FORWARD_CLUSTER;DEC29=SERIES_FORWARD_CLUSTER;DEC26=PUT_CALL_PARITY;MAR27=SERIES_FORWARD_CLUSTER;JUN27=PUT_CALL_PARITY;DEC28=PUT_CALL_PARITY;DEC27=PUT_CALL_PARITY;SEP27=SERIES_FORWARD_CLUSTER;JUN29=PUT_CALL_PARITY;DEC30=PUT_CALL_PARITY,OCT26=30756.75;SEP26=30766.75;NOV26=31843.125;DEC29=29950.15;DEC26=20089;MAR27=27605.125;JUN27=24445.125;DEC27=21056.75;SEP27=36064.25,DEC26=GLOBAL_REFERENCE_OUTLIER_PUT_CALL_PARITY;JUN27=GLOBAL_REFERENCE_OUTLIER_SERIES_FORWARD_CLUSTER;DEC28=GLOBAL_REFERENCE_NO_OBSERVATION;DEC27=GLOBAL_REFERENCE_OUTLIER_SERIES_FORWARD_CLUSTER;JUN29=GLOBAL_REFERENCE_NO_OBSERVATION;DEC30=GLOBAL_REFERENCE_NO_OBSERVATION,WEIGHTED_ATM,2026-10-02,5,139,0.0,NONE,5131,4631,0,0,494,NONE,MN1;MN2;MN3;MN4;MN5;QMW;QRW;QTW;QWW,OK,NONE,NONE,2026-09-24
NAS,31510.0,180184.93206458326,0.019035102735902167,0.0,0.0,0.0,0.0,0.0,0.0,31127.04129267234,30406.45870732766,31487.332585344684,30046.167414655316,DEC26,SEP26,2026-09-25,2026-12-18,30766.75,30793.940034634394,FOUND,DEGRADED,SPOT_MONTH_FALLBACK;ESTIMATED_EXPIRY_ALIAS,2026-08-02.2,PUT_CALL_PARITY,SEP26,OCT26=PUT_CALL_PARITY;SEP26=PUT_CALL_PARITY;NOV26=SERIES_FORWARD_CLUSTER;DEC29=SERIES_FORWARD_CLUSTER;DEC26=PUT_CALL_PARITY;MAR27=SERIES_FORWARD_CLUSTER;JUN27=PUT_CALL_PARITY;DEC28=PUT_CALL_PARITY;DEC27=PUT_CALL_PARITY;SEP27=SERIES_FORWARD_CLUSTER;JUN29=PUT_CALL_PARITY;DEC30=PUT_CALL_PARITY,OCT26=30756.75;SEP26=30766.75;NOV26=31843.125;DEC29=29950.15;DEC26=20089;MAR27=27605.125;JUN27=24445.125;DEC27=21056.75;SEP27=36064.25,DEC26=GLOBAL_REFERENCE_OUTLIER_PUT_CALL_PARITY;JUN27=GLOBAL_REFERENCE_OUTLIER_SERIES_FORWARD_CLUSTER;DEC28=GLOBAL_REFERENCE_NO_OBSERVATION;DEC27=GLOBAL_REFERENCE_OUTLIER_SERIES_FORWARD_CLUSTER;JUN29=GLOBAL_REFERENCE_NO_OBSERVATION;DEC30=GLOBAL_REFERENCE_NO_OBSERVATION,WEIGHTED_ATM,2026-10-02,5,139,0.0,NONE,5131,4631,0,0,494,NONE,MN1;MN2;MN3;MN4;MN5;QMW;QRW;QTW;QWW,OK,NONE,NONE,2026-09-24
NAS,31520.0,69387.37756601453,0.007330223706333613,0.0,0.0,0.0,0.0,0.0,0.0,31127.04129267234,30406.45870732766,31487.332585344684,30046.167414655316,DEC26,SEP26,2026-09-25,2026-12-18,30766.75,30793.940034634394,FOUND,DEGRADED,SPOT_MONTH_FALLBACK;ESTIMATED_EXPIRY_ALIAS,2026-08-02.2,PUT_CALL_PARITY,SEP26,OCT26=PUT_CALL_PARITY;SEP26=PUT_CALL_PARITY;NOV26=SERIES_FORWARD_CLUSTER;DEC29=SERIES_FORWARD_CLUSTER;DEC26=PUT_CALL_PARITY;MAR27=SERIES_FORWARD_CLUSTER;JUN27=PUT_CALL_PARITY;DEC28=PUT_CALL_PARITY;DEC27=PUT_CALL_PARITY;SEP27=SERIES_FORWARD_CLUSTER;JUN29=PUT_CALL_PARITY;DEC30=PUT_CALL_PARITY,OCT26=30756.75;SEP26=30766.75;NOV26=31843.125;DEC29=29950.15;DEC26=20089;MAR27=27605.125;JUN27=24445.125;DEC27=21056.75;SEP27=36064.25,DEC26=GLOBAL_REFERENCE_OUTLIER_PUT_CALL_PARITY;JUN27=GLOBAL_REFERENCE_OUTLIER_SERIES_FORWARD_CLUSTER;DEC28=GLOBAL_REFERENCE_NO_OBSERVATION;DEC27=GLOBAL_REFERENCE_OUTLIER_SERIES_FORWARD_CLUSTER;JUN29=GLOBAL_REFERENCE_NO_OBSERVATION;DEC30=GLOBAL_REFERENCE_NO_OBSERVATION,WEIGHTED_ATM,2026-10-02,5,139,0.0,NONE,5131,4631,0,0,494,NONE,MN1;MN2;MN3;MN4;MN5;QMW;QRW;QTW;QWW,OK,NONE,NONE,2026-09-24
NAS,31525.0,1402750.5842989502,0.16102305728838928,0.0,0.0,0.0,0.0,0.0,0.0,31127.04129267234,30406.45870732766,31487.332585344684,30046.167414655316,DEC26,SEP26,2026-09-25,2026-12-18,30766.75,30793.940034634394,FOUND,DEGRADED,SPOT_MONTH_FALLBACK;ESTIMATED_EXPIRY_ALIAS,2026-08-02.2,PUT_CALL_PARITY,SEP26,OCT26=PUT_CALL_PARITY;SEP26=PUT_CALL_PARITY;NOV26=SERIES_FORWARD_CLUSTER;DEC29=SERIES_FORWARD_CLUSTER;DEC26=PUT_CALL_PARITY;MAR27=SERIES_FORWARD_CLUSTER;JUN27=PUT_CALL_PARITY;DEC28=PUT_CALL_PARITY;DEC27=PUT_CALL_PARITY;SEP27=SERIES_FORWARD_CLUSTER;JUN29=PUT_CALL_PARITY;DEC30=PUT_CALL_PARITY,OCT26=30756.75;SEP26=30766.75;NOV26=31843.125;DEC29=29950.15;DEC26=20089;MAR27=27605.125;JUN27=24445.125;DEC27=21056.75;SEP27=36064.25,DEC26=GLOBAL_REFERENCE_OUTLIER_PUT_CALL_PARITY;JUN27=GLOBAL_REFERENCE_OUTLIER_SERIES_FORWARD_CLUSTER;DEC28=GLOBAL_REFERENCE_NO_OBSERVATION;DEC27=GLOBAL_REFERENCE_OUTLIER_SERIES_FORWARD_CLUSTER;JUN29=GLOBAL_REFERENCE_NO_OBSERVATION;DEC30=GLOBAL_REFERENCE_NO_OBSERVATION,WEIGHTED_ATM,2026-10-02,5,139,0.0,NONE,5131,4631,0,0,494,NONE,MN1;MN2;MN3;MN4;MN5;QMW;QRW;QTW;QWW,OK,NONE,NONE,2026-09-24
NAS,31540.0,126392.3183051765,0.013352341599271714,0.0,0.0,0.0,0.0,0.0,0.0,31127.04129267234,30406.45870732766,31487.332585344684,30046.167414655316,DEC26,SEP26,2026-09-25,2026-12-18,30766.75,30793.940034634394,FOUND,DEGRADED,SPOT_MONTH_FALLBACK;ESTIMATED_EXPIRY_ALIAS,2026-08-02.2,PUT_CALL_PARITY,SEP26,OCT26=PUT_CALL_PARITY;SEP26=PUT_CALL_PARITY;NOV26=SERIES_FORWARD_CLUSTER;DEC29=SERIES_FORWARD_CLUSTER;DEC26=PUT_CALL_PARITY;MAR27=SERIES_FORWARD_CLUSTER;JUN27=PUT_CALL_PARITY;DEC28=PUT_CALL_PARITY;DEC27=PUT_CALL_PARITY;SEP27=SERIES_FORWARD_CLUSTER;JUN29=PUT_CALL_PARITY;DEC30=PUT_CALL_PARITY,OCT26=30756.75;SEP26=30766.75;NOV26=31843.125;DEC29=29950.15;DEC26=20089;MAR27=27605.125;JUN27=24445.125;DEC27=21056.75;SEP27=36064.25,DEC26=GLOBAL_REFERENCE_OUTLIER_PUT_CALL_PARITY;JUN27=GLOBAL_REFERENCE_OUTLIER_SERIES_FORWARD_CLUSTER;DEC28=GLOBAL_REFERENCE_NO_OBSERVATION;DEC27=GLOBAL_REFERENCE_OUTLIER_SERIES_FORWARD_CLUSTER;JUN29=GLOBAL_REFERENCE_NO_OBSERVATION;DEC30=GLOBAL_REFERENCE_NO_OBSERVATION,WEIGHTED_ATM,2026-10-02,5,139,0.0,NONE,5131,4631,0,0,494,NONE,MN1;MN2;MN3;MN4;MN5;QMW;QRW;QTW;QWW,OK,NONE,NONE,2026-09-24
NAS,31550.0,2489462.991453405,0.263066314238848,0.0,0.0,0.0,0.0,0.0,0.0,31127.04129267234,30406.45870732766,31487.332585344684,30046.167414655316,DEC26,SEP26,2026-09-25,2026-12-18,30766.75,30793.940034634394,FOUND,DEGRADED,SPOT_MONTH_FALLBACK;ESTIMATED_EXPIRY_ALIAS,2026-08-02.2,PUT_CALL_PARITY,SEP26,OCT26=PUT_CALL_PARITY;SEP26=PUT_CALL_PARITY;NOV26=SERIES_FORWARD_CLUSTER;DEC29=SERIES_FORWARD_CLUSTER;DEC26=PUT_CALL_PARITY;MAR27=SERIES_FORWARD_CLUSTER;JUN27=PUT_CALL_PARITY;DEC28=PUT_CALL_PARITY;DEC27=PUT_CALL_PARITY;SEP27=SERIES_FORWARD_CLUSTER;JUN29=PUT_CALL_PARITY;DEC30=PUT_CALL_PARITY,OCT26=30756.75;SEP26=30766.75;NOV26=31843.125;DEC29=29950.15;DEC26=20089;MAR27=27605.125;JUN27=24445.125;DEC27=21056.75;SEP27=36064.25,DEC26=GLOBAL_REFERENCE_OUTLIER_PUT_CALL_PARITY;JUN27=GLOBAL_REFERENCE_OUTLIER_SERIES_FORWARD_CLUSTER;DEC28=GLOBAL_REFERENCE_NO_OBSERVATION;DEC27=GLOBAL_REFERENCE_OUTLIER_SERIES_FORWARD_CLUSTER;JUN29=GLOBAL_REFERENCE_NO_OBSERVATION;DEC30=GLOBAL_REFERENCE_NO_OBSERVATION,WEIGHTED_ATM,2026-10-02,5,139,0.0,NONE,5131,4631,0,0,494,NONE,MN1;MN2;MN3;MN4;MN5;QMW;QRW;QTW;QWW,OK,NONE,NONE,2026-09-24
NAS,31560.0,86857.72589727821,0.009175826840331556,0.0,0.0,0.0,0.0,0.0,0.0,31127.04129267234,30406.45870732766,31487.332585344684,30046.167414655316,DEC26,SEP26,2026-09-25,2026-12-18,30766.75,30793.940034634394,FOUND,DEGRADED,SPOT_MONTH_FALLBACK;ESTIMATED_EXPIRY_ALIAS,2026-08-02.2,PUT_CALL_PARITY,SEP26,OCT26=PUT_CALL_PARITY;SEP26=PUT_CALL_PARITY;NOV26=SERIES_FORWARD_CLUSTER;DEC29=SERIES_FORWARD_CLUSTER;DEC26=PUT_CALL_PARITY;MAR27=SERIES_FORWARD_CLUSTER;JUN27=PUT_CALL_PARITY;DEC28=PUT_CALL_PARITY;DEC27=PUT_CALL_PARITY;SEP27=SERIES_FORWARD_CLUSTER;JUN29=PUT_CALL_PARITY;DEC30=PUT_CALL_PARITY,OCT26=30756.75;SEP26=30766.75;NOV26=31843.125;DEC29=29950.15;DEC26=20089;MAR27=27605.125;JUN27=24445.125;DEC27=21056.75;SEP27=36064.25,DEC26=GLOBAL_REFERENCE_OUTLIER_PUT_CALL_PARITY;JUN27=GLOBAL_REFERENCE_OUTLIER_SERIES_FORWARD_CLUSTER;DEC28=GLOBAL_REFERENCE_NO_OBSERVATION;DEC27=GLOBAL_REFERENCE_OUTLIER_SERIES_FORWARD_CLUSTER;JUN29=GLOBAL_REFERENCE_NO_OBSERVATION;DEC30=GLOBAL_REFERENCE_NO_OBSERVATION,WEIGHTED_ATM,2026-10-02,5,139,0.0,NONE,5131,4631,0,0,494,NONE,MN1;MN2;MN3;MN4;MN5;QMW;QRW;QTW;QWW,OK,NONE,NONE,2026-09-24
NAS,31575.0,977356.0498272986,0.1032611900541614,0.0,0.0,0.0,0.0,0.0,0.0,31127.04129267234,30406.45870732766,31487.332585344684,30046.167414655316,DEC26,SEP26,2026-09-25,2026-12-18,30766.75,30793.940034634394,FOUND,DEGRADED,SPOT_MONTH_FALLBACK;ESTIMATED_EXPIRY_ALIAS,2026-08-02.2,PUT_CALL_PARITY,SEP26,OCT26=PUT_CALL_PARITY;SEP26=PUT_CALL_PARITY;NOV26=SERIES_FORWARD_CLUSTER;DEC29=SERIES_FORWARD_CLUSTER;DEC26=PUT_CALL_PARITY;MAR27=SERIES_FORWARD_CLUSTER;JUN27=PUT_CALL_PARITY;DEC28=PUT_CALL_PARITY;DEC27=PUT_CALL_PARITY;SEP27=SERIES_FORWARD_CLUSTER;JUN29=PUT_CALL_PARITY;DEC30=PUT_CALL_PARITY,OCT26=30756.75;SEP26=30766.75;NOV26=31843.125;DEC29=29950.15;DEC26=20089;MAR27=27605.125;JUN27=24445.125;DEC27=21056.75;SEP27=36064.25,DEC26=GLOBAL_REFERENCE_OUTLIER_PUT_CALL_PARITY;JUN27=GLOBAL_REFERENCE_OUTLIER_SERIES_FORWARD_CLUSTER;DEC28=GLOBAL_REFERENCE_NO_OBSERVATION;DEC27=GLOBAL_REFERENCE_OUTLIER_SERIES_FORWARD_CLUSTER;JUN29=GLOBAL_REFERENCE_NO_OBSERVATION;DEC30=GLOBAL_REFERENCE_NO_OBSERVATION,WEIGHTED_ATM,2026-10-02,5,139,0.0,NONE,5131,4631,0,0,494,NONE,MN1;MN2;MN3;MN4;MN5;QMW;QRW;QTW;QWW,OK,NONE,NONE,2026-09-24
NAS,31600.0,23012787.39528875,2.5786160824443547,0.0,0.0,0.0,0.0,0.0,0.0,31127.04129267234,30406.45870732766,31487.332585344684,30046.167414655316,DEC26,SEP26,2026-09-25,2026-12-18,30766.75,30793.940034634394,FOUND,DEGRADED,SPOT_MONTH_FALLBACK;ESTIMATED_EXPIRY_ALIAS,2026-08-02.2,PUT_CALL_PARITY,SEP26,OCT26=PUT_CALL_PARITY;SEP26=PUT_CALL_PARITY;NOV26=SERIES_FORWARD_CLUSTER;DEC29=SERIES_FORWARD_CLUSTER;DEC26=PUT_CALL_PARITY;MAR27=SERIES_FORWARD_CLUSTER;JUN27=PUT_CALL_PARITY;DEC28=PUT_CALL_PARITY;DEC27=PUT_CALL_PARITY;SEP27=SERIES_FORWARD_CLUSTER;JUN29=PUT_CALL_PARITY;DEC30=PUT_CALL_PARITY,OCT26=30756.75;SEP26=30766.75;NOV26=31843.125;DEC29=29950.15;DEC26=20089;MAR27=27605.125;JUN27=24445.125;DEC27=21056.75;SEP27=36064.25,DEC26=GLOBAL_REFERENCE_OUTLIER_PUT_CALL_PARITY;JUN27=GLOBAL_REFERENCE_OUTLIER_SERIES_FORWARD_CLUSTER;DEC28=GLOBAL_REFERENCE_NO_OBSERVATION;DEC27=GLOBAL_REFERENCE_OUTLIER_SERIES_FORWARD_CLUSTER;JUN29=GLOBAL_REFERENCE_NO_OBSERVATION;DEC30=GLOBAL_REFERENCE_NO_OBSERVATION,WEIGHTED_ATM,2026-10-02,5,139,0.0,NONE,5131,4631,0,0,494,NONE,MN1;MN2;MN3;MN4;MN5;QMW;QRW;QTW;QWW,OK,NONE,NONE,2026-09-24
NAS,31610.0,116250.25225682069,0.012280913112035267,0.0,0.0,0.0,0.0,0.0,0.0,31127.04129267234,30406.45870732766,31487.332585344684,30046.167414655316,DEC26,SEP26,2026-09-25,2026-12-18,30766.75,30793.940034634394,FOUND,DEGRADED,SPOT_MONTH_FALLBACK;ESTIMATED_EXPIRY_ALIAS,2026-08-02.2,PUT_CALL_PARITY,SEP26,OCT26=PUT_CALL_PARITY;SEP26=PUT_CALL_PARITY;NOV26=SERIES_FORWARD_CLUSTER;DEC29=SERIES_FORWARD_CLUSTER;DEC26=PUT_CALL_PARITY;MAR27=SERIES_FORWARD_CLUSTER;JUN27=PUT_CALL_PARITY;DEC28=PUT_CALL_PARITY;DEC27=PUT_CALL_PARITY;SEP27=SERIES_FORWARD_CLUSTER;JUN29=PUT_CALL_PARITY;DEC30=PUT_CALL_PARITY,OCT26=30756.75;SEP26=30766.75;NOV26=31843.125;DEC29=29950.15;DEC26=20089;MAR27=27605.125;JUN27=24445.125;DEC27=21056.75;SEP27=36064.25,DEC26=GLOBAL_REFERENCE_OUTLIER_PUT_CALL_PARITY;JUN27=GLOBAL_REFERENCE_OUTLIER_SERIES_FORWARD_CLUSTER;DEC28=GLOBAL_REFERENCE_NO_OBSERVATION;DEC27=GLOBAL_REFERENCE_OUTLIER_SERIES_FORWARD_CLUSTER;JUN29=GLOBAL_REFERENCE_NO_OBSERVATION;DEC30=GLOBAL_REFERENCE_NO_OBSERVATION,WEIGHTED_ATM,2026-10-02,5,139,0.0,NONE,5131,4631,0,0,494,NONE,MN1;MN2;MN3;MN4;MN5;QMW;QRW;QTW;QWW,OK,NONE,NONE,2026-09-24
NAS,31625.0,1699762.7384357653,0.1796247259876379,0.0,0.0,0.0,0.0,0.0,0.0,31127.04129267234,30406.45870732766,31487.332585344684,30046.167414655316,DEC26,SEP26,2026-09-25,2026-12-18,30766.75,30793.940034634394,FOUND,DEGRADED,SPOT_MONTH_FALLBACK;ESTIMATED_EXPIRY_ALIAS,2026-08-02.2,PUT_CALL_PARITY,SEP26,OCT26=PUT_CALL_PARITY;SEP26=PUT_CALL_PARITY;NOV26=SERIES_FORWARD_CLUSTER;DEC29=SERIES_FORWARD_CLUSTER;DEC26=PUT_CALL_PARITY;MAR27=SERIES_FORWARD_CLUSTER;JUN27=PUT_CALL_PARITY;DEC28=PUT_CALL_PARITY;DEC27=PUT_CALL_PARITY;SEP27=SERIES_FORWARD_CLUSTER;JUN29=PUT_CALL_PARITY;DEC30=PUT_CALL_PARITY,OCT26=30756.75;SEP26=30766.75;NOV26=31843.125;DEC29=29950.15;DEC26=20089;MAR27=27605.125;JUN27=24445.125;DEC27=21056.75;SEP27=36064.25,DEC26=GLOBAL_REFERENCE_OUTLIER_PUT_CALL_PARITY;JUN27=GLOBAL_REFERENCE_OUTLIER_SERIES_FORWARD_CLUSTER;DEC28=GLOBAL_REFERENCE_NO_OBSERVATION;DEC27=GLOBAL_REFERENCE_OUTLIER_SERIES_FORWARD_CLUSTER;JUN29=GLOBAL_REFERENCE_NO_OBSERVATION;DEC30=GLOBAL_REFERENCE_NO_OBSERVATION,WEIGHTED_ATM,2026-10-02,5,139,0.0,NONE,5131,4631,0,0,494,NONE,MN1;MN2;MN3;MN4;MN5;QMW;QRW;QTW;QWW,OK,NONE,NONE,2026-09-24
NAS,31640.0,40880.767043895525,0.004318727385728999,0.0,0.0,0.0,0.0,0.0,0.0,31127.04129267234,30406.45870732766,31487.332585344684,30046.167414655316,DEC26,SEP26,2026-09-25,2026-12-18,30766.75,30793.940034634394,FOUND,DEGRADED,SPOT_MONTH_FALLBACK;ESTIMATED_EXPIRY_ALIAS,2026-08-02.2,PUT_CALL_PARITY,SEP26,OCT26=PUT_CALL_PARITY;SEP26=PUT_CALL_PARITY;NOV26=SERIES_FORWARD_CLUSTER;DEC29=SERIES_FORWARD_CLUSTER;DEC26=PUT_CALL_PARITY;MAR27=SERIES_FORWARD_CLUSTER;JUN27=PUT_CALL_PARITY;DEC28=PUT_CALL_PARITY;DEC27=PUT_CALL_PARITY;SEP27=SERIES_FORWARD_CLUSTER;JUN29=PUT_CALL_PARITY;DEC30=PUT_CALL_PARITY,OCT26=30756.75;SEP26=30766.75;NOV26=31843.125;DEC29=29950.15;DEC26=20089;MAR27=27605.125;JUN27=24445.125;DEC27=21056.75;SEP27=36064.25,DEC26=GLOBAL_REFERENCE_OUTLIER_PUT_CALL_PARITY;JUN27=GLOBAL_REFERENCE_OUTLIER_SERIES_FORWARD_CLUSTER;DEC28=GLOBAL_REFERENCE_NO_OBSERVATION;DEC27=GLOBAL_REFERENCE_OUTLIER_SERIES_FORWARD_CLUSTER;JUN29=GLOBAL_REFERENCE_NO_OBSERVATION;DEC30=GLOBAL_REFERENCE_NO_OBSERVATION,WEIGHTED_ATM,2026-10-02,5,139,0.0,NONE,5131,4631,0,0,494,NONE,MN1;MN2;MN3;MN4;MN5;QMW;QRW;QTW;QWW,OK,NONE,NONE,2026-09-24
NAS,31650.0,5444692.769311007,0.5754096325889365,0.0,0.0,0.0,0.0,0.0,0.0,31127.04129267234,30406.45870732766,31487.332585344684,30046.167414655316,DEC26,SEP26,2026-09-25,2026-12-18,30766.75,30793.940034634394,FOUND,DEGRADED,SPOT_MONTH_FALLBACK;ESTIMATED_EXPIRY_ALIAS,2026-08-02.2,PUT_CALL_PARITY,SEP26,OCT26=PUT_CALL_PARITY;SEP26=PUT_CALL_PARITY;NOV26=SERIES_FORWARD_CLUSTER;DEC29=SERIES_FORWARD_CLUSTER;DEC26=PUT_CALL_PARITY;MAR27=SERIES_FORWARD_CLUSTER;JUN27=PUT_CALL_PARITY;DEC28=PUT_CALL_PARITY;DEC27=PUT_CALL_PARITY;SEP27=SERIES_FORWARD_CLUSTER;JUN29=PUT_CALL_PARITY;DEC30=PUT_CALL_PARITY,OCT26=30756.75;SEP26=30766.75;NOV26=31843.125;DEC29=29950.15;DEC26=20089;MAR27=27605.125;JUN27=24445.125;DEC27=21056.75;SEP27=36064.25,DEC26=GLOBAL_REFERENCE_OUTLIER_PUT_CALL_PARITY;JUN27=GLOBAL_REFERENCE_OUTLIER_SERIES_FORWARD_CLUSTER;DEC28=GLOBAL_REFERENCE_NO_OBSERVATION;DEC27=GLOBAL_REFERENCE_OUTLIER_SERIES_FORWARD_CLUSTER;JUN29=GLOBAL_REFERENCE_NO_OBSERVATION;DEC30=GLOBAL_REFERENCE_NO_OBSERVATION,WEIGHTED_ATM,2026-10-02,5,139,0.0,NONE,5131,4631,0,0,494,NONE,MN1;MN2;MN3;MN4;MN5;QMW;QRW;QTW;QWW,OK,NONE,NONE,2026-09-24
NAS,31670.0,90431.39946155324,0.009553356984839815,0.0,0.0,0.0,0.0,0.0,0.0,31127.04129267234,30406.45870732766,31487.332585344684,30046.167414655316,DEC26,SEP26,2026-09-25,2026-12-18,30766.75,30793.940034634394,FOUND,DEGRADED,SPOT_MONTH_FALLBACK;ESTIMATED_EXPIRY_ALIAS,2026-08-02.2,PUT_CALL_PARITY,SEP26,OCT26=PUT_CALL_PARITY;SEP26=PUT_CALL_PARITY;NOV26=SERIES_FORWARD_CLUSTER;DEC29=SERIES_FORWARD_CLUSTER;DEC26=PUT_CALL_PARITY;MAR27=SERIES_FORWARD_CLUSTER;JUN27=PUT_CALL_PARITY;DEC28=PUT_CALL_PARITY;DEC27=PUT_CALL_PARITY;SEP27=SERIES_FORWARD_CLUSTER;JUN29=PUT_CALL_PARITY;DEC30=PUT_CALL_PARITY,OCT26=30756.75;SEP26=30766.75;NOV26=31843.125;DEC29=29950.15;DEC26=20089;MAR27=27605.125;JUN27=24445.125;DEC27=21056.75;SEP27=36064.25,DEC26=GLOBAL_REFERENCE_OUTLIER_PUT_CALL_PARITY;JUN27=GLOBAL_REFERENCE_OUTLIER_SERIES_FORWARD_CLUSTER;DEC28=GLOBAL_REFERENCE_NO_OBSERVATION;DEC27=GLOBAL_REFERENCE_OUTLIER_SERIES_FORWARD_CLUSTER;JUN29=GLOBAL_REFERENCE_NO_OBSERVATION;DEC30=GLOBAL_REFERENCE_NO_OBSERVATION,WEIGHTED_ATM,2026-10-02,5,139,0.0,NONE,5131,4631,0,0,494,NONE,MN1;MN2;MN3;MN4;MN5;QMW;QRW;QTW;QWW,OK,NONE,NONE,2026-09-24
NAS,31675.0,942166.2477069851,0.09955094334841694,0.0,0.0,0.0,0.0,0.0,0.0,31127.04129267234,30406.45870732766,31487.332585344684,30046.167414655316,DEC26,SEP26,2026-09-25,2026-12-18,30766.75,30793.940034634394,FOUND,DEGRADED,SPOT_MONTH_FALLBACK;ESTIMATED_EXPIRY_ALIAS,2026-08-02.2,PUT_CALL_PARITY,SEP26,OCT26=PUT_CALL_PARITY;SEP26=PUT_CALL_PARITY;NOV26=SERIES_FORWARD_CLUSTER;DEC29=SERIES_FORWARD_CLUSTER;DEC26=PUT_CALL_PARITY;MAR27=SERIES_FORWARD_CLUSTER;JUN27=PUT_CALL_PARITY;DEC28=PUT_CALL_PARITY;DEC27=PUT_CALL_PARITY;SEP27=SERIES_FORWARD_CLUSTER;JUN29=PUT_CALL_PARITY;DEC30=PUT_CALL_PARITY,OCT26=30756.75;SEP26=30766.75;NOV26=31843.125;DEC29=29950.15;DEC26=20089;MAR27=27605.125;JUN27=24445.125;DEC27=21056.75;SEP27=36064.25,DEC26=GLOBAL_REFERENCE_OUTLIER_PUT_CALL_PARITY;JUN27=GLOBAL_REFERENCE_OUTLIER_SERIES_FORWARD_CLUSTER;DEC28=GLOBAL_REFERENCE_NO_OBSERVATION;DEC27=GLOBAL_REFERENCE_OUTLIER_SERIES_FORWARD_CLUSTER;JUN29=GLOBAL_REFERENCE_NO_OBSERVATION;DEC30=GLOBAL_REFERENCE_NO_OBSERVATION,WEIGHTED_ATM,2026-10-02,5,139,0.0,NONE,5131,4631,0,0,494,NONE,MN1;MN2;MN3;MN4;MN5;QMW;QRW;QTW;QWW,OK,NONE,NONE,2026-09-24
NAS,31680.0,17385.095781837488,0.0018365968812650915,0.0,0.0,0.0,0.0,0.0,0.0,31127.04129267234,30406.45870732766,31487.332585344684,30046.167414655316,DEC26,SEP26,2026-09-25,2026-12-18,30766.75,30793.940034634394,FOUND,DEGRADED,SPOT_MONTH_FALLBACK;ESTIMATED_EXPIRY_ALIAS,2026-08-02.2,PUT_CALL_PARITY,SEP26,OCT26=PUT_CALL_PARITY;SEP26=PUT_CALL_PARITY;NOV26=SERIES_FORWARD_CLUSTER;DEC29=SERIES_FORWARD_CLUSTER;DEC26=PUT_CALL_PARITY;MAR27=SERIES_FORWARD_CLUSTER;JUN27=PUT_CALL_PARITY;DEC28=PUT_CALL_PARITY;DEC27=PUT_CALL_PARITY;SEP27=SERIES_FORWARD_CLUSTER;JUN29=PUT_CALL_PARITY;DEC30=PUT_CALL_PARITY,OCT26=30756.75;SEP26=30766.75;NOV26=31843.125;DEC29=29950.15;DEC26=20089;MAR27=27605.125;JUN27=24445.125;DEC27=21056.75;SEP27=36064.25,DEC26=GLOBAL_REFERENCE_OUTLIER_PUT_CALL_PARITY;JUN27=GLOBAL_REFERENCE_OUTLIER_SERIES_FORWARD_CLUSTER;DEC28=GLOBAL_REFERENCE_NO_OBSERVATION;DEC27=GLOBAL_REFERENCE_OUTLIER_SERIES_FORWARD_CLUSTER;JUN29=GLOBAL_REFERENCE_NO_OBSERVATION;DEC30=GLOBAL_REFERENCE_NO_OBSERVATION,WEIGHTED_ATM,2026-10-02,5,139,0.0,NONE,5131,4631,0,0,494,NONE,MN1;MN2;MN3;MN4;MN5;QMW;QRW;QTW;QWW,OK,NONE,NONE,2026-09-24
NAS,31700.0,33920080.16085123,3.752418870334285,0.0,0.0,0.0,0.0,0.0,0.0,31127.04129267234,30406.45870732766,31487.332585344684,30046.167414655316,DEC26,SEP26,2026-09-25,2026-12-18,30766.75,30793.940034634394,FOUND,DEGRADED,SPOT_MONTH_FALLBACK;ESTIMATED_EXPIRY_ALIAS,2026-08-02.2,PUT_CALL_PARITY,SEP26,OCT26=PUT_CALL_PARITY;SEP26=PUT_CALL_PARITY;NOV26=SERIES_FORWARD_CLUSTER;DEC29=SERIES_FORWARD_CLUSTER;DEC26=PUT_CALL_PARITY;MAR27=SERIES_FORWARD_CLUSTER;JUN27=PUT_CALL_PARITY;DEC28=PUT_CALL_PARITY;DEC27=PUT_CALL_PARITY;SEP27=SERIES_FORWARD_CLUSTER;JUN29=PUT_CALL_PARITY;DEC30=PUT_CALL_PARITY,OCT26=30756.75;SEP26=30766.75;NOV26=31843.125;DEC29=29950.15;DEC26=20089;MAR27=27605.125;JUN27=24445.125;DEC27=21056.75;SEP27=36064.25,DEC26=GLOBAL_REFERENCE_OUTLIER_PUT_CALL_PARITY;JUN27=GLOBAL_REFERENCE_OUTLIER_SERIES_FORWARD_CLUSTER;DEC28=GLOBAL_REFERENCE_NO_OBSERVATION;DEC27=GLOBAL_REFERENCE_OUTLIER_SERIES_FORWARD_CLUSTER;JUN29=GLOBAL_REFERENCE_NO_OBSERVATION;DEC30=GLOBAL_REFERENCE_NO_OBSERVATION,WEIGHTED_ATM,2026-10-02,5,139,0.0,NONE,5131,4631,0,0,494,NONE,MN1;MN2;MN3;MN4;MN5;QMW;QRW;QTW;QWW,OK,NONE,NONE,2026-09-24
NAS,31725.0,209152.8335979704,0.02209533077724517,0.0,0.0,0.0,0.0,0.0,0.0,31127.04129267234,30406.45870732766,31487.332585344684,30046.167414655316,DEC26,SEP26,2026-09-25,2026-12-18,30766.75,30793.940034634394,FOUND,DEGRADED,SPOT_MONTH_FALLBACK;ESTIMATED_EXPIRY_ALIAS,2026-08-02.2,PUT_CALL_PARITY,SEP26,OCT26=PUT_CALL_PARITY;SEP26=PUT_CALL_PARITY;NOV26=SERIES_FORWARD_CLUSTER;DEC29=SERIES_FORWARD_CLUSTER;DEC26=PUT_CALL_PARITY;MAR27=SERIES_FORWARD_CLUSTER;JUN27=PUT_CALL_PARITY;DEC28=PUT_CALL_PARITY;DEC27=PUT_CALL_PARITY;SEP27=SERIES_FORWARD_CLUSTER;JUN29=PUT_CALL_PARITY;DEC30=PUT_CALL_PARITY,OCT26=30756.75;SEP26=30766.75;NOV26=31843.125;DEC29=29950.15;DEC26=20089;MAR27=27605.125;JUN27=24445.125;DEC27=21056.75;SEP27=36064.25,DEC26=GLOBAL_REFERENCE_OUTLIER_PUT_CALL_PARITY;JUN27=GLOBAL_REFERENCE_OUTLIER_SERIES_FORWARD_CLUSTER;DEC28=GLOBAL_REFERENCE_NO_OBSERVATION;DEC27=GLOBAL_REFERENCE_OUTLIER_SERIES_FORWARD_CLUSTER;JUN29=GLOBAL_REFERENCE_NO_OBSERVATION;DEC30=GLOBAL_REFERENCE_NO_OBSERVATION,WEIGHTED_ATM,2026-10-02,5,139,0.0,NONE,5131,4631,0,0,494,NONE,MN1;MN2;MN3;MN4;MN5;QMW;QRW;QTW;QWW,OK,NONE,NONE,2026-09-24
NAS,31730.0,28401.997753679036,0.0030004448149546963,0.0,0.0,0.0,0.0,0.0,0.0,31127.04129267234,30406.45870732766,31487.332585344684,30046.167414655316,DEC26,SEP26,2026-09-25,2026-12-18,30766.75,30793.940034634394,FOUND,DEGRADED,SPOT_MONTH_FALLBACK;ESTIMATED_EXPIRY_ALIAS,2026-08-02.2,PUT_CALL_PARITY,SEP26,OCT26=PUT_CALL_PARITY;SEP26=PUT_CALL_PARITY;NOV26=SERIES_FORWARD_CLUSTER;DEC29=SERIES_FORWARD_CLUSTER;DEC26=PUT_CALL_PARITY;MAR27=SERIES_FORWARD_CLUSTER;JUN27=PUT_CALL_PARITY;DEC28=PUT_CALL_PARITY;DEC27=PUT_CALL_PARITY;SEP27=SERIES_FORWARD_CLUSTER;JUN29=PUT_CALL_PARITY;DEC30=PUT_CALL_PARITY,OCT26=30756.75;SEP26=30766.75;NOV26=31843.125;DEC29=29950.15;DEC26=20089;MAR27=27605.125;JUN27=24445.125;DEC27=21056.75;SEP27=36064.25,DEC26=GLOBAL_REFERENCE_OUTLIER_PUT_CALL_PARITY;JUN27=GLOBAL_REFERENCE_OUTLIER_SERIES_FORWARD_CLUSTER;DEC28=GLOBAL_REFERENCE_NO_OBSERVATION;DEC27=GLOBAL_REFERENCE_OUTLIER_SERIES_FORWARD_CLUSTER;JUN29=GLOBAL_REFERENCE_NO_OBSERVATION;DEC30=GLOBAL_REFERENCE_NO_OBSERVATION,WEIGHTED_ATM,2026-10-02,5,139,0.0,NONE,5131,4631,0,0,494,NONE,MN1;MN2;MN3;MN4;MN5;QMW;QRW;QTW;QWW,OK,NONE,NONE,2026-09-24
NAS,31750.0,43299968.88441738,4.792450639235527,0.0,0.0,0.0,0.0,0.0,0.0,31127.04129267234,30406.45870732766,31487.332585344684,30046.167414655316,DEC26,SEP26,2026-09-25,2026-12-18,30766.75,30793.940034634394,FOUND,DEGRADED,SPOT_MONTH_FALLBACK;ESTIMATED_EXPIRY_ALIAS,2026-08-02.2,PUT_CALL_PARITY,SEP26,OCT26=PUT_CALL_PARITY;SEP26=PUT_CALL_PARITY;NOV26=SERIES_FORWARD_CLUSTER;DEC29=SERIES_FORWARD_CLUSTER;DEC26=PUT_CALL_PARITY;MAR27=SERIES_FORWARD_CLUSTER;JUN27=PUT_CALL_PARITY;DEC28=PUT_CALL_PARITY;DEC27=PUT_CALL_PARITY;SEP27=SERIES_FORWARD_CLUSTER;JUN29=PUT_CALL_PARITY;DEC30=PUT_CALL_PARITY,OCT26=30756.75;SEP26=30766.75;NOV26=31843.125;DEC29=29950.15;DEC26=20089;MAR27=27605.125;JUN27=24445.125;DEC27=21056.75;SEP27=36064.25,DEC26=GLOBAL_REFERENCE_OUTLIER_PUT_CALL_PARITY;JUN27=GLOBAL_REFERENCE_OUTLIER_SERIES_FORWARD_CLUSTER;DEC28=GLOBAL_REFERENCE_NO_OBSERVATION;DEC27=GLOBAL_REFERENCE_OUTLIER_SERIES_FORWARD_CLUSTER;JUN29=GLOBAL_REFERENCE_NO_OBSERVATION;DEC30=GLOBAL_REFERENCE_NO_OBSERVATION,WEIGHTED_ATM,2026-10-02,5,139,0.0,NONE,5131,4631,0,0,494,NONE,MN1;MN2;MN3;MN4;MN5;QMW;QRW;QTW;QWW,OK,NONE,NONE,2026-09-24
NAS,31760.0,63393.143021907286,0.006696980576273891,0.0,0.0,0.0,0.0,0.0,0.0,31127.04129267234,30406.45870732766,31487.332585344684,30046.167414655316,DEC26,SEP26,2026-09-25,2026-12-18,30766.75,30793.940034634394,FOUND,DEGRADED,SPOT_MONTH_FALLBACK;ESTIMATED_EXPIRY_ALIAS,2026-08-02.2,PUT_CALL_PARITY,SEP26,OCT26=PUT_CALL_PARITY;SEP26=PUT_CALL_PARITY;NOV26=SERIES_FORWARD_CLUSTER;DEC29=SERIES_FORWARD_CLUSTER;DEC26=PUT_CALL_PARITY;MAR27=SERIES_FORWARD_CLUSTER;JUN27=PUT_CALL_PARITY;DEC28=PUT_CALL_PARITY;DEC27=PUT_CALL_PARITY;SEP27=SERIES_FORWARD_CLUSTER;JUN29=PUT_CALL_PARITY;DEC30=PUT_CALL_PARITY,OCT26=30756.75;SEP26=30766.75;NOV26=31843.125;DEC29=29950.15;DEC26=20089;MAR27=27605.125;JUN27=24445.125;DEC27=21056.75;SEP27=36064.25,DEC26=GLOBAL_REFERENCE_OUTLIER_PUT_CALL_PARITY;JUN27=GLOBAL_REFERENCE_OUTLIER_SERIES_FORWARD_CLUSTER;DEC28=GLOBAL_REFERENCE_NO_OBSERVATION;DEC27=GLOBAL_REFERENCE_OUTLIER_SERIES_FORWARD_CLUSTER;JUN29=GLOBAL_REFERENCE_NO_OBSERVATION;DEC30=GLOBAL_REFERENCE_NO_OBSERVATION,WEIGHTED_ATM,2026-10-02,5,139,0.0,NONE,5131,4631,0,0,494,NONE,MN1;MN2;MN3;MN4;MN5;QMW;QRW;QTW;QWW,OK,NONE,NONE,2026-09-24
NAS,31775.0,518037.5168979041,0.05475203942236379,0.0,0.0,0.0,0.0,0.0,0.0,31127.04129267234,30406.45870732766,31487.332585344684,30046.167414655316,DEC26,SEP26,2026-09-25,2026-12-18,30766.75,30793.940034634394,FOUND,DEGRADED,SPOT_MONTH_FALLBACK;ESTIMATED_EXPIRY_ALIAS,2026-08-02.2,PUT_CALL_PARITY,SEP26,OCT26=PUT_CALL_PARITY;SEP26=PUT_CALL_PARITY;NOV26=SERIES_FORWARD_CLUSTER;DEC29=SERIES_FORWARD_CLUSTER;DEC26=PUT_CALL_PARITY;MAR27=SERIES_FORWARD_CLUSTER;JUN27=PUT_CALL_PARITY;DEC28=PUT_CALL_PARITY;DEC27=PUT_CALL_PARITY;SEP27=SERIES_FORWARD_CLUSTER;JUN29=PUT_CALL_PARITY;DEC30=PUT_CALL_PARITY,OCT26=30756.75;SEP26=30766.75;NOV26=31843.125;DEC29=29950.15;DEC26=20089;MAR27=27605.125;JUN27=24445.125;DEC27=21056.75;SEP27=36064.25,DEC26=GLOBAL_REFERENCE_OUTLIER_PUT_CALL_PARITY;JUN27=GLOBAL_REFERENCE_OUTLIER_SERIES_FORWARD_CLUSTER;DEC28=GLOBAL_REFERENCE_NO_OBSERVATION;DEC27=GLOBAL_REFERENCE_OUTLIER_SERIES_FORWARD_CLUSTER;JUN29=GLOBAL_REFERENCE_NO_OBSERVATION;DEC30=GLOBAL_REFERENCE_NO_OBSERVATION,WEIGHTED_ATM,2026-10-02,5,139,0.0,NONE,5131,4631,0,0,494,NONE,MN1;MN2;MN3;MN4;MN5;QMW;QRW;QTW;QWW,OK,NONE,NONE,2026-09-24
NAS,31800.0,30500090.117346343,3.2620654602660073,0.0,0.0,0.0,0.0,0.0,0.0,31127.04129267234,30406.45870732766,31487.332585344684,30046.167414655316,DEC26,SEP26,2026-09-25,2026-12-18,30766.75,30793.940034634394,FOUND,DEGRADED,SPOT_MONTH_FALLBACK;ESTIMATED_EXPIRY_ALIAS,2026-08-02.2,PUT_CALL_PARITY,SEP26,OCT26=PUT_CALL_PARITY;SEP26=PUT_CALL_PARITY;NOV26=SERIES_FORWARD_CLUSTER;DEC29=SERIES_FORWARD_CLUSTER;DEC26=PUT_CALL_PARITY;MAR27=SERIES_FORWARD_CLUSTER;JUN27=PUT_CALL_PARITY;DEC28=PUT_CALL_PARITY;DEC27=PUT_CALL_PARITY;SEP27=SERIES_FORWARD_CLUSTER;JUN29=PUT_CALL_PARITY;DEC30=PUT_CALL_PARITY,OCT26=30756.75;SEP26=30766.75;NOV26=31843.125;DEC29=29950.15;DEC26=20089;MAR27=27605.125;JUN27=24445.125;DEC27=21056.75;SEP27=36064.25,DEC26=GLOBAL_REFERENCE_OUTLIER_PUT_CALL_PARITY;JUN27=GLOBAL_REFERENCE_OUTLIER_SERIES_FORWARD_CLUSTER;DEC28=GLOBAL_REFERENCE_NO_OBSERVATION;DEC27=GLOBAL_REFERENCE_OUTLIER_SERIES_FORWARD_CLUSTER;JUN29=GLOBAL_REFERENCE_NO_OBSERVATION;DEC30=GLOBAL_REFERENCE_NO_OBSERVATION,WEIGHTED_ATM,2026-10-02,5,139,0.0,NONE,5131,4631,0,0,494,NONE,MN1;MN2;MN3;MN4;MN5;QMW;QRW;QTW;QWW,OK,NONE,NONE,2026-09-24
NAS,31810.0,223632.67501001805,0.02362501067733308,0.0,0.0,0.0,0.0,0.0,0.0,31127.04129267234,30406.45870732766,31487.332585344684,30046.167414655316,DEC26,SEP26,2026-09-25,2026-12-18,30766.75,30793.940034634394,FOUND,DEGRADED,SPOT_MONTH_FALLBACK;ESTIMATED_EXPIRY_ALIAS,2026-08-02.2,PUT_CALL_PARITY,SEP26,OCT26=PUT_CALL_PARITY;SEP26=PUT_CALL_PARITY;NOV26=SERIES_FORWARD_CLUSTER;DEC29=SERIES_FORWARD_CLUSTER;DEC26=PUT_CALL_PARITY;MAR27=SERIES_FORWARD_CLUSTER;JUN27=PUT_CALL_PARITY;DEC28=PUT_CALL_PARITY;DEC27=PUT_CALL_PARITY;SEP27=SERIES_FORWARD_CLUSTER;JUN29=PUT_CALL_PARITY;DEC30=PUT_CALL_PARITY,OCT26=30756.75;SEP26=30766.75;NOV26=31843.125;DEC29=29950.15;DEC26=20089;MAR27=27605.125;JUN27=24445.125;DEC27=21056.75;SEP27=36064.25,DEC26=GLOBAL_REFERENCE_OUTLIER_PUT_CALL_PARITY;JUN27=GLOBAL_REFERENCE_OUTLIER_SERIES_FORWARD_CLUSTER;DEC28=GLOBAL_REFERENCE_NO_OBSERVATION;DEC27=GLOBAL_REFERENCE_OUTLIER_SERIES_FORWARD_CLUSTER;JUN29=GLOBAL_REFERENCE_NO_OBSERVATION;DEC30=GLOBAL_REFERENCE_NO_OBSERVATION,WEIGHTED_ATM,2026-10-02,5,139,0.0,NONE,5131,4631,0,0,494,NONE,MN1;MN2;MN3;MN4;MN5;QMW;QRW;QTW;QWW,OK,NONE,NONE,2026-09-24
NAS,31820.0,83951.67323436288,0.008868825525844792,0.0,0.0,0.0,0.0,0.0,0.0,31127.04129267234,30406.45870732766,31487.332585344684,30046.167414655316,DEC26,SEP26,2026-09-25,2026-12-18,30766.75,30793.940034634394,FOUND,DEGRADED,SPOT_MONTH_FALLBACK;ESTIMATED_EXPIRY_ALIAS,2026-08-02.2,PUT_CALL_PARITY,SEP26,OCT26=PUT_CALL_PARITY;SEP26=PUT_CALL_PARITY;NOV26=SERIES_FORWARD_CLUSTER;DEC29=SERIES_FORWARD_CLUSTER;DEC26=PUT_CALL_PARITY;MAR27=SERIES_FORWARD_CLUSTER;JUN27=PUT_CALL_PARITY;DEC28=PUT_CALL_PARITY;DEC27=PUT_CALL_PARITY;SEP27=SERIES_FORWARD_CLUSTER;JUN29=PUT_CALL_PARITY;DEC30=PUT_CALL_PARITY,OCT26=30756.75;SEP26=30766.75;NOV26=31843.125;DEC29=29950.15;DEC26=20089;MAR27=27605.125;JUN27=24445.125;DEC27=21056.75;SEP27=36064.25,DEC26=GLOBAL_REFERENCE_OUTLIER_PUT_CALL_PARITY;JUN27=GLOBAL_REFERENCE_OUTLIER_SERIES_FORWARD_CLUSTER;DEC28=GLOBAL_REFERENCE_NO_OBSERVATION;DEC27=GLOBAL_REFERENCE_OUTLIER_SERIES_FORWARD_CLUSTER;JUN29=GLOBAL_REFERENCE_NO_OBSERVATION;DEC30=GLOBAL_REFERENCE_NO_OBSERVATION,WEIGHTED_ATM,2026-10-02,5,139,0.0,NONE,5131,4631,0,0,494,NONE,MN1;MN2;MN3;MN4;MN5;QMW;QRW;QTW;QWW,OK,NONE,NONE,2026-09-24
NAS,31825.0,69670.94175831054,0.007360180004403215,0.0,0.0,0.0,0.0,0.0,0.0,31127.04129267234,30406.45870732766,31487.332585344684,30046.167414655316,DEC26,SEP26,2026-09-25,2026-12-18,30766.75,30793.940034634394,FOUND,DEGRADED,SPOT_MONTH_FALLBACK;ESTIMATED_EXPIRY_ALIAS,2026-08-02.2,PUT_CALL_PARITY,SEP26,OCT26=PUT_CALL_PARITY;SEP26=PUT_CALL_PARITY;NOV26=SERIES_FORWARD_CLUSTER;DEC29=SERIES_FORWARD_CLUSTER;DEC26=PUT_CALL_PARITY;MAR27=SERIES_FORWARD_CLUSTER;JUN27=PUT_CALL_PARITY;DEC28=PUT_CALL_PARITY;DEC27=PUT_CALL_PARITY;SEP27=SERIES_FORWARD_CLUSTER;JUN29=PUT_CALL_PARITY;DEC30=PUT_CALL_PARITY,OCT26=30756.75;SEP26=30766.75;NOV26=31843.125;DEC29=29950.15;DEC26=20089;MAR27=27605.125;JUN27=24445.125;DEC27=21056.75;SEP27=36064.25,DEC26=GLOBAL_REFERENCE_OUTLIER_PUT_CALL_PARITY;JUN27=GLOBAL_REFERENCE_OUTLIER_SERIES_FORWARD_CLUSTER;DEC28=GLOBAL_REFERENCE_NO_OBSERVATION;DEC27=GLOBAL_REFERENCE_OUTLIER_SERIES_FORWARD_CLUSTER;JUN29=GLOBAL_REFERENCE_NO_OBSERVATION;DEC30=GLOBAL_REFERENCE_NO_OBSERVATION,WEIGHTED_ATM,2026-10-02,5,139,0.0,NONE,5131,4631,0,0,494,NONE,MN1;MN2;MN3;MN4;MN5;QMW;QRW;QTW;QWW,OK,NONE,NONE,2026-09-24
NAS,31830.0,414591.6000985697,0.043798299951572556,0.0,0.0,0.0,0.0,0.0,0.0,31127.04129267234,30406.45870732766,31487.332585344684,30046.167414655316,DEC26,SEP26,2026-09-25,2026-12-18,30766.75,30793.940034634394,FOUND,DEGRADED,SPOT_MONTH_FALLBACK;ESTIMATED_EXPIRY_ALIAS,2026-08-02.2,PUT_CALL_PARITY,SEP26,OCT26=PUT_CALL_PARITY;SEP26=PUT_CALL_PARITY;NOV26=SERIES_FORWARD_CLUSTER;DEC29=SERIES_FORWARD_CLUSTER;DEC26=PUT_CALL_PARITY;MAR27=SERIES_FORWARD_CLUSTER;JUN27=PUT_CALL_PARITY;DEC28=PUT_CALL_PARITY;DEC27=PUT_CALL_PARITY;SEP27=SERIES_FORWARD_CLUSTER;JUN29=PUT_CALL_PARITY;DEC30=PUT_CALL_PARITY,OCT26=30756.75;SEP26=30766.75;NOV26=31843.125;DEC29=29950.15;DEC26=20089;MAR27=27605.125;JUN27=24445.125;DEC27=21056.75;SEP27=36064.25,DEC26=GLOBAL_REFERENCE_OUTLIER_PUT_CALL_PARITY;JUN27=GLOBAL_REFERENCE_OUTLIER_SERIES_FORWARD_CLUSTER;DEC28=GLOBAL_REFERENCE_NO_OBSERVATION;DEC27=GLOBAL_REFERENCE_OUTLIER_SERIES_FORWARD_CLUSTER;JUN29=GLOBAL_REFERENCE_NO_OBSERVATION;DEC30=GLOBAL_REFERENCE_NO_OBSERVATION,WEIGHTED_ATM,2026-10-02,5,139,0.0,NONE,5131,4631,0,0,494,NONE,MN1;MN2;MN3;MN4;MN5;QMW;QRW;QTW;QWW,OK,NONE,NONE,2026-09-24
NAS,31850.0,1685644.8033433892,0.17815921409650512,0.0,0.0,0.0,0.0,0.0,0.0,31127.04129267234,30406.45870732766,31487.332585344684,30046.167414655316,DEC26,SEP26,2026-09-25,2026-12-18,30766.75,30793.940034634394,FOUND,DEGRADED,SPOT_MONTH_FALLBACK;ESTIMATED_EXPIRY_ALIAS,2026-08-02.2,PUT_CALL_PARITY,SEP26,OCT26=PUT_CALL_PARITY;SEP26=PUT_CALL_PARITY;NOV26=SERIES_FORWARD_CLUSTER;DEC29=SERIES_FORWARD_CLUSTER;DEC26=PUT_CALL_PARITY;MAR27=SERIES_FORWARD_CLUSTER;JUN27=PUT_CALL_PARITY;DEC28=PUT_CALL_PARITY;DEC27=PUT_CALL_PARITY;SEP27=SERIES_FORWARD_CLUSTER;JUN29=PUT_CALL_PARITY;DEC30=PUT_CALL_PARITY,OCT26=30756.75;SEP26=30766.75;NOV26=31843.125;DEC29=29950.15;DEC26=20089;MAR27=27605.125;JUN27=24445.125;DEC27=21056.75;SEP27=36064.25,DEC26=GLOBAL_REFERENCE_OUTLIER_PUT_CALL_PARITY;JUN27=GLOBAL_REFERENCE_OUTLIER_SERIES_FORWARD_CLUSTER;DEC28=GLOBAL_REFERENCE_NO_OBSERVATION;DEC27=GLOBAL_REFERENCE_OUTLIER_SERIES_FORWARD_CLUSTER;JUN29=GLOBAL_REFERENCE_NO_OBSERVATION;DEC30=GLOBAL_REFERENCE_NO_OBSERVATION,WEIGHTED_ATM,2026-10-02,5,139,0.0,NONE,5131,4631,0,0,494,NONE,MN1;MN2;MN3;MN4;MN5;QMW;QRW;QTW;QWW,OK,NONE,NONE,2026-09-24
NAS,31875.0,850967.4793544624,0.08992508188802037,0.0,0.0,0.0,0.0,0.0,0.0,31127.04129267234,30406.45870732766,31487.332585344684,30046.167414655316,DEC26,SEP26,2026-09-25,2026-12-18,30766.75,30793.940034634394,FOUND,DEGRADED,SPOT_MONTH_FALLBACK;ESTIMATED_EXPIRY_ALIAS,2026-08-02.2,PUT_CALL_PARITY,SEP26,OCT26=PUT_CALL_PARITY;SEP26=PUT_CALL_PARITY;NOV26=SERIES_FORWARD_CLUSTER;DEC29=SERIES_FORWARD_CLUSTER;DEC26=PUT_CALL_PARITY;MAR27=SERIES_FORWARD_CLUSTER;JUN27=PUT_CALL_PARITY;DEC28=PUT_CALL_PARITY;DEC27=PUT_CALL_PARITY;SEP27=SERIES_FORWARD_CLUSTER;JUN29=PUT_CALL_PARITY;DEC30=PUT_CALL_PARITY,OCT26=30756.75;SEP26=30766.75;NOV26=31843.125;DEC29=29950.15;DEC26=20089;MAR27=27605.125;JUN27=24445.125;DEC27=21056.75;SEP27=36064.25,DEC26=GLOBAL_REFERENCE_OUTLIER_PUT_CALL_PARITY;JUN27=GLOBAL_REFERENCE_OUTLIER_SERIES_FORWARD_CLUSTER;DEC28=GLOBAL_REFERENCE_NO_OBSERVATION;DEC27=GLOBAL_REFERENCE_OUTLIER_SERIES_FORWARD_CLUSTER;JUN29=GLOBAL_REFERENCE_NO_OBSERVATION;DEC30=GLOBAL_REFERENCE_NO_OBSERVATION,WEIGHTED_ATM,2026-10-02,5,139,0.0,NONE,5131,4631,0,0,494,NONE,MN1;MN2;MN3;MN4;MN5;QMW;QRW;QTW;QWW,OK,NONE,NONE,2026-09-24
NAS,31900.0,10063663.46569643,1.1619336178770125,0.0,0.0,0.0,0.0,0.0,0.0,31127.04129267234,30406.45870732766,31487.332585344684,30046.167414655316,DEC26,SEP26,2026-09-25,2026-12-18,30766.75,30793.940034634394,FOUND,DEGRADED,SPOT_MONTH_FALLBACK;ESTIMATED_EXPIRY_ALIAS,2026-08-02.2,PUT_CALL_PARITY,SEP26,OCT26=PUT_CALL_PARITY;SEP26=PUT_CALL_PARITY;NOV26=SERIES_FORWARD_CLUSTER;DEC29=SERIES_FORWARD_CLUSTER;DEC26=PUT_CALL_PARITY;MAR27=SERIES_FORWARD_CLUSTER;JUN27=PUT_CALL_PARITY;DEC28=PUT_CALL_PARITY;DEC27=PUT_CALL_PARITY;SEP27=SERIES_FORWARD_CLUSTER;JUN29=PUT_CALL_PARITY;DEC30=PUT_CALL_PARITY,OCT26=30756.75;SEP26=30766.75;NOV26=31843.125;DEC29=29950.15;DEC26=20089;MAR27=27605.125;JUN27=24445.125;DEC27=21056.75;SEP27=36064.25,DEC26=GLOBAL_REFERENCE_OUTLIER_PUT_CALL_PARITY;JUN27=GLOBAL_REFERENCE_OUTLIER_SERIES_FORWARD_CLUSTER;DEC28=GLOBAL_REFERENCE_NO_OBSERVATION;DEC27=GLOBAL_REFERENCE_OUTLIER_SERIES_FORWARD_CLUSTER;JUN29=GLOBAL_REFERENCE_NO_OBSERVATION;DEC30=GLOBAL_REFERENCE_NO_OBSERVATION,WEIGHTED_ATM,2026-10-02,5,139,0.0,NONE,5131,4631,0,0,494,NONE,MN1;MN2;MN3;MN4;MN5;QMW;QRW;QTW;QWW,OK,NONE,NONE,2026-09-24
NAS,31925.0,82497.71316592272,0.008718643980084921,0.0,0.0,0.0,0.0,0.0,0.0,31127.04129267234,30406.45870732766,31487.332585344684,30046.167414655316,DEC26,SEP26,2026-09-25,2026-12-18,30766.75,30793.940034634394,FOUND,DEGRADED,SPOT_MONTH_FALLBACK;ESTIMATED_EXPIRY_ALIAS,2026-08-02.2,PUT_CALL_PARITY,SEP26,OCT26=PUT_CALL_PARITY;SEP26=PUT_CALL_PARITY;NOV26=SERIES_FORWARD_CLUSTER;DEC29=SERIES_FORWARD_CLUSTER;DEC26=PUT_CALL_PARITY;MAR27=SERIES_FORWARD_CLUSTER;JUN27=PUT_CALL_PARITY;DEC28=PUT_CALL_PARITY;DEC27=PUT_CALL_PARITY;SEP27=SERIES_FORWARD_CLUSTER;JUN29=PUT_CALL_PARITY;DEC30=PUT_CALL_PARITY,OCT26=30756.75;SEP26=30766.75;NOV26=31843.125;DEC29=29950.15;DEC26=20089;MAR27=27605.125;JUN27=24445.125;DEC27=21056.75;SEP27=36064.25,DEC26=GLOBAL_REFERENCE_OUTLIER_PUT_CALL_PARITY;JUN27=GLOBAL_REFERENCE_OUTLIER_SERIES_FORWARD_CLUSTER;DEC28=GLOBAL_REFERENCE_NO_OBSERVATION;DEC27=GLOBAL_REFERENCE_OUTLIER_SERIES_FORWARD_CLUSTER;JUN29=GLOBAL_REFERENCE_NO_OBSERVATION;DEC30=GLOBAL_REFERENCE_NO_OBSERVATION,WEIGHTED_ATM,2026-10-02,5,139,0.0,NONE,5131,4631,0,0,494,NONE,MN1;MN2;MN3;MN4;MN5;QMW;QRW;QTW;QWW,OK,NONE,NONE,2026-09-24
NAS,31930.0,46307.285938887784,0.00489199587983076,0.0,0.0,0.0,0.0,0.0,0.0,31127.04129267234,30406.45870732766,31487.332585344684,30046.167414655316,DEC26,SEP26,2026-09-25,2026-12-18,30766.75,30793.940034634394,FOUND,DEGRADED,SPOT_MONTH_FALLBACK;ESTIMATED_EXPIRY_ALIAS,2026-08-02.2,PUT_CALL_PARITY,SEP26,OCT26=PUT_CALL_PARITY;SEP26=PUT_CALL_PARITY;NOV26=SERIES_FORWARD_CLUSTER;DEC29=SERIES_FORWARD_CLUSTER;DEC26=PUT_CALL_PARITY;MAR27=SERIES_FORWARD_CLUSTER;JUN27=PUT_CALL_PARITY;DEC28=PUT_CALL_PARITY;DEC27=PUT_CALL_PARITY;SEP27=SERIES_FORWARD_CLUSTER;JUN29=PUT_CALL_PARITY;DEC30=PUT_CALL_PARITY,OCT26=30756.75;SEP26=30766.75;NOV26=31843.125;DEC29=29950.15;DEC26=20089;MAR27=27605.125;JUN27=24445.125;DEC27=21056.75;SEP27=36064.25,DEC26=GLOBAL_REFERENCE_OUTLIER_PUT_CALL_PARITY;JUN27=GLOBAL_REFERENCE_OUTLIER_SERIES_FORWARD_CLUSTER;DEC28=GLOBAL_REFERENCE_NO_OBSERVATION;DEC27=GLOBAL_REFERENCE_OUTLIER_SERIES_FORWARD_CLUSTER;JUN29=GLOBAL_REFERENCE_NO_OBSERVATION;DEC30=GLOBAL_REFERENCE_NO_OBSERVATION,WEIGHTED_ATM,2026-10-02,5,139,0.0,NONE,5131,4631,0,0,494,NONE,MN1;MN2;MN3;MN4;MN5;QMW;QRW;QTW;QWW,OK,NONE,NONE,2026-09-24
NAS,31950.0,3041822.828098215,0.32149435222852435,0.0,0.0,0.0,0.0,0.0,0.0,31127.04129267234,30406.45870732766,31487.332585344684,30046.167414655316,DEC26,SEP26,2026-09-25,2026-12-18,30766.75,30793.940034634394,FOUND,DEGRADED,SPOT_MONTH_FALLBACK;ESTIMATED_EXPIRY_ALIAS,2026-08-02.2,PUT_CALL_PARITY,SEP26,OCT26=PUT_CALL_PARITY;SEP26=PUT_CALL_PARITY;NOV26=SERIES_FORWARD_CLUSTER;DEC29=SERIES_FORWARD_CLUSTER;DEC26=PUT_CALL_PARITY;MAR27=SERIES_FORWARD_CLUSTER;JUN27=PUT_CALL_PARITY;DEC28=PUT_CALL_PARITY;DEC27=PUT_CALL_PARITY;SEP27=SERIES_FORWARD_CLUSTER;JUN29=PUT_CALL_PARITY;DEC30=PUT_CALL_PARITY,OCT26=30756.75;SEP26=30766.75;NOV26=31843.125;DEC29=29950.15;DEC26=20089;MAR27=27605.125;JUN27=24445.125;DEC27=21056.75;SEP27=36064.25,DEC26=GLOBAL_REFERENCE_OUTLIER_PUT_CALL_PARITY;JUN27=GLOBAL_REFERENCE_OUTLIER_SERIES_FORWARD_CLUSTER;DEC28=GLOBAL_REFERENCE_NO_OBSERVATION;DEC27=GLOBAL_REFERENCE_OUTLIER_SERIES_FORWARD_CLUSTER;JUN29=GLOBAL_REFERENCE_NO_OBSERVATION;DEC30=GLOBAL_REFERENCE_NO_OBSERVATION,WEIGHTED_ATM,2026-10-02,5,139,0.0,NONE,5131,4631,0,0,494,NONE,MN1;MN2;MN3;MN4;MN5;QMW;QRW;QTW;QWW,OK,NONE,NONE,2026-09-24
NAS,31960.0,6962.430772210821,0.0007355253489960914,0.0,0.0,0.0,0.0,0.0,0.0,31127.04129267234,30406.45870732766,31487.332585344684,30046.167414655316,DEC26,SEP26,2026-09-25,2026-12-18,30766.75,30793.940034634394,FOUND,DEGRADED,SPOT_MONTH_FALLBACK;ESTIMATED_EXPIRY_ALIAS,2026-08-02.2,PUT_CALL_PARITY,SEP26,OCT26=PUT_CALL_PARITY;SEP26=PUT_CALL_PARITY;NOV26=SERIES_FORWARD_CLUSTER;DEC29=SERIES_FORWARD_CLUSTER;DEC26=PUT_CALL_PARITY;MAR27=SERIES_FORWARD_CLUSTER;JUN27=PUT_CALL_PARITY;DEC28=PUT_CALL_PARITY;DEC27=PUT_CALL_PARITY;SEP27=SERIES_FORWARD_CLUSTER;JUN29=PUT_CALL_PARITY;DEC30=PUT_CALL_PARITY,OCT26=30756.75;SEP26=30766.75;NOV26=31843.125;DEC29=29950.15;DEC26=20089;MAR27=27605.125;JUN27=24445.125;DEC27=21056.75;SEP27=36064.25,DEC26=GLOBAL_REFERENCE_OUTLIER_PUT_CALL_PARITY;JUN27=GLOBAL_REFERENCE_OUTLIER_SERIES_FORWARD_CLUSTER;DEC28=GLOBAL_REFERENCE_NO_OBSERVATION;DEC27=GLOBAL_REFERENCE_OUTLIER_SERIES_FORWARD_CLUSTER;JUN29=GLOBAL_REFERENCE_NO_OBSERVATION;DEC30=GLOBAL_REFERENCE_NO_OBSERVATION,WEIGHTED_ATM,2026-10-02,5,139,0.0,NONE,5131,4631,0,0,494,NONE,MN1;MN2;MN3;MN4;MN5;QMW;QRW;QTW;QWW,OK,NONE,NONE,2026-09-24
NAS,32000.0,90078270.30495416,9.575853537750879,0.0,0.0,0.0,0.0,0.0,0.0,31127.04129267234,30406.45870732766,31487.332585344684,30046.167414655316,DEC26,SEP26,2026-09-25,2026-12-18,30766.75,30793.940034634394,FOUND,DEGRADED,SPOT_MONTH_FALLBACK;ESTIMATED_EXPIRY_ALIAS,2026-08-02.2,PUT_CALL_PARITY,SEP26,OCT26=PUT_CALL_PARITY;SEP26=PUT_CALL_PARITY;NOV26=SERIES_FORWARD_CLUSTER;DEC29=SERIES_FORWARD_CLUSTER;DEC26=PUT_CALL_PARITY;MAR27=SERIES_FORWARD_CLUSTER;JUN27=PUT_CALL_PARITY;DEC28=PUT_CALL_PARITY;DEC27=PUT_CALL_PARITY;SEP27=SERIES_FORWARD_CLUSTER;JUN29=PUT_CALL_PARITY;DEC30=PUT_CALL_PARITY,OCT26=30756.75;SEP26=30766.75;NOV26=31843.125;DEC29=29950.15;DEC26=20089;MAR27=27605.125;JUN27=24445.125;DEC27=21056.75;SEP27=36064.25,DEC26=GLOBAL_REFERENCE_OUTLIER_PUT_CALL_PARITY;JUN27=GLOBAL_REFERENCE_OUTLIER_SERIES_FORWARD_CLUSTER;DEC28=GLOBAL_REFERENCE_NO_OBSERVATION;DEC27=GLOBAL_REFERENCE_OUTLIER_SERIES_FORWARD_CLUSTER;JUN29=GLOBAL_REFERENCE_NO_OBSERVATION;DEC30=GLOBAL_REFERENCE_NO_OBSERVATION,WEIGHTED_ATM,2026-10-02,5,139,0.0,NONE,5131,4631,0,0,494,NONE,MN1;MN2;MN3;MN4;MN5;QMW;QRW;QTW;QWW,OK,NONE,NONE,2026-09-24
NAS,32050.0,2231546.744007642,0.23586960031579807,0.0,0.0,0.0,0.0,0.0,0.0,31127.04129267234,30406.45870732766,31487.332585344684,30046.167414655316,DEC26,SEP26,2026-09-25,2026-12-18,30766.75,30793.940034634394,FOUND,DEGRADED,SPOT_MONTH_FALLBACK;ESTIMATED_EXPIRY_ALIAS,2026-08-02.2,PUT_CALL_PARITY,SEP26,OCT26=PUT_CALL_PARITY;SEP26=PUT_CALL_PARITY;NOV26=SERIES_FORWARD_CLUSTER;DEC29=SERIES_FORWARD_CLUSTER;DEC26=PUT_CALL_PARITY;MAR27=SERIES_FORWARD_CLUSTER;JUN27=PUT_CALL_PARITY;DEC28=PUT_CALL_PARITY;DEC27=PUT_CALL_PARITY;SEP27=SERIES_FORWARD_CLUSTER;JUN29=PUT_CALL_PARITY;DEC30=PUT_CALL_PARITY,OCT26=30756.75;SEP26=30766.75;NOV26=31843.125;DEC29=29950.15;DEC26=20089;MAR27=27605.125;JUN27=24445.125;DEC27=21056.75;SEP27=36064.25,DEC26=GLOBAL_REFERENCE_OUTLIER_PUT_CALL_PARITY;JUN27=GLOBAL_REFERENCE_OUTLIER_SERIES_FORWARD_CLUSTER;DEC28=GLOBAL_REFERENCE_NO_OBSERVATION;DEC27=GLOBAL_REFERENCE_OUTLIER_SERIES_FORWARD_CLUSTER;JUN29=GLOBAL_REFERENCE_NO_OBSERVATION;DEC30=GLOBAL_REFERENCE_NO_OBSERVATION,WEIGHTED_ATM,2026-10-02,5,139,0.0,NONE,5131,4631,0,0,494,NONE,MN1;MN2;MN3;MN4;MN5;QMW;QRW;QTW;QWW,OK,NONE,NONE,2026-09-24
NAS,32100.0,10331371.495477756,1.084068408945732,0.0,0.0,0.0,0.0,0.0,0.0,31127.04129267234,30406.45870732766,31487.332585344684,30046.167414655316,DEC26,SEP26,2026-09-25,2026-12-18,30766.75,30793.940034634394,FOUND,DEGRADED,SPOT_MONTH_FALLBACK;ESTIMATED_EXPIRY_ALIAS,2026-08-02.2,PUT_CALL_PARITY,SEP26,OCT26=PUT_CALL_PARITY;SEP26=PUT_CALL_PARITY;NOV26=SERIES_FORWARD_CLUSTER;DEC29=SERIES_FORWARD_CLUSTER;DEC26=PUT_CALL_PARITY;MAR27=SERIES_FORWARD_CLUSTER;JUN27=PUT_CALL_PARITY;DEC28=PUT_CALL_PARITY;DEC27=PUT_CALL_PARITY;SEP27=SERIES_FORWARD_CLUSTER;JUN29=PUT_CALL_PARITY;DEC30=PUT_CALL_PARITY,OCT26=30756.75;SEP26=30766.75;NOV26=31843.125;DEC29=29950.15;DEC26=20089;MAR27=27605.125;JUN27=24445.125;DEC27=21056.75;SEP27=36064.25,DEC26=GLOBAL_REFERENCE_OUTLIER_PUT_CALL_PARITY;JUN27=GLOBAL_REFERENCE_OUTLIER_SERIES_FORWARD_CLUSTER;DEC28=GLOBAL_REFERENCE_NO_OBSERVATION;DEC27=GLOBAL_REFERENCE_OUTLIER_SERIES_FORWARD_CLUSTER;JUN29=GLOBAL_REFERENCE_NO_OBSERVATION;DEC30=GLOBAL_REFERENCE_NO_OBSERVATION,WEIGHTED_ATM,2026-10-02,5,139,0.0,NONE,5131,4631,0,0,494,NONE,MN1;MN2;MN3;MN4;MN5;QMW;QRW;QTW;QWW,OK,NONE,NONE,2026-09-24
NAS,32150.0,635442.7325276094,0.06717014827754265,0.0,0.0,0.0,0.0,0.0,0.0,31127.04129267234,30406.45870732766,31487.332585344684,30046.167414655316,DEC26,SEP26,2026-09-25,2026-12-18,30766.75,30793.940034634394,FOUND,DEGRADED,SPOT_MONTH_FALLBACK;ESTIMATED_EXPIRY_ALIAS,2026-08-02.2,PUT_CALL_PARITY,SEP26,OCT26=PUT_CALL_PARITY;SEP26=PUT_CALL_PARITY;NOV26=SERIES_FORWARD_CLUSTER;DEC29=SERIES_FORWARD_CLUSTER;DEC26=PUT_CALL_PARITY;MAR27=SERIES_FORWARD_CLUSTER;JUN27=PUT_CALL_PARITY;DEC28=PUT_CALL_PARITY;DEC27=PUT_CALL_PARITY;SEP27=SERIES_FORWARD_CLUSTER;JUN29=PUT_CALL_PARITY;DEC30=PUT_CALL_PARITY,OCT26=30756.75;SEP26=30766.75;NOV26=31843.125;DEC29=29950.15;DEC26=20089;MAR27=27605.125;JUN27=24445.125;DEC27=21056.75;SEP27=36064.25,DEC26=GLOBAL_REFERENCE_OUTLIER_PUT_CALL_PARITY;JUN27=GLOBAL_REFERENCE_OUTLIER_SERIES_FORWARD_CLUSTER;DEC28=GLOBAL_REFERENCE_NO_OBSERVATION;DEC27=GLOBAL_REFERENCE_OUTLIER_SERIES_FORWARD_CLUSTER;JUN29=GLOBAL_REFERENCE_NO_OBSERVATION;DEC30=GLOBAL_REFERENCE_NO_OBSERVATION,WEIGHTED_ATM,2026-10-02,5,139,0.0,NONE,5131,4631,0,0,494,NONE,MN1;MN2;MN3;MN4;MN5;QMW;QRW;QTW;QWW,OK,NONE,NONE,2026-09-24
NAS,32200.0,2541804.3300287095,0.2674140576173364,0.0,0.0,0.0,0.0,0.0,0.0,31127.04129267234,30406.45870732766,31487.332585344684,30046.167414655316,DEC26,SEP26,2026-09-25,2026-12-18,30766.75,30793.940034634394,FOUND,DEGRADED,SPOT_MONTH_FALLBACK;ESTIMATED_EXPIRY_ALIAS,2026-08-02.2,PUT_CALL_PARITY,SEP26,OCT26=PUT_CALL_PARITY;SEP26=PUT_CALL_PARITY;NOV26=SERIES_FORWARD_CLUSTER;DEC29=SERIES_FORWARD_CLUSTER;DEC26=PUT_CALL_PARITY;MAR27=SERIES_FORWARD_CLUSTER;JUN27=PUT_CALL_PARITY;DEC28=PUT_CALL_PARITY;DEC27=PUT_CALL_PARITY;SEP27=SERIES_FORWARD_CLUSTER;JUN29=PUT_CALL_PARITY;DEC30=PUT_CALL_PARITY,OCT26=30756.75;SEP26=30766.75;NOV26=31843.125;DEC29=29950.15;DEC26=20089;MAR27=27605.125;JUN27=24445.125;DEC27=21056.75;SEP27=36064.25,DEC26=GLOBAL_REFERENCE_OUTLIER_PUT_CALL_PARITY;JUN27=GLOBAL_REFERENCE_OUTLIER_SERIES_FORWARD_CLUSTER;DEC28=GLOBAL_REFERENCE_NO_OBSERVATION;DEC27=GLOBAL_REFERENCE_OUTLIER_SERIES_FORWARD_CLUSTER;JUN29=GLOBAL_REFERENCE_NO_OBSERVATION;DEC30=GLOBAL_REFERENCE_NO_OBSERVATION,WEIGHTED_ATM,2026-10-02,5,139,0.0,NONE,5131,4631,0,0,494,NONE,MN1;MN2;MN3;MN4;MN5;QMW;QRW;QTW;QWW,OK,NONE,NONE,2026-09-24
NAS,32250.0,24273514.34231843,2.5260640912407837,0.0,0.0,0.0,0.0,0.0,0.0,31127.04129267234,30406.45870732766,31487.332585344684,30046.167414655316,DEC26,SEP26,2026-09-25,2026-12-18,30766.75,30793.940034634394,FOUND,DEGRADED,SPOT_MONTH_FALLBACK;ESTIMATED_EXPIRY_ALIAS,2026-08-02.2,PUT_CALL_PARITY,SEP26,OCT26=PUT_CALL_PARITY;SEP26=PUT_CALL_PARITY;NOV26=SERIES_FORWARD_CLUSTER;DEC29=SERIES_FORWARD_CLUSTER;DEC26=PUT_CALL_PARITY;MAR27=SERIES_FORWARD_CLUSTER;JUN27=PUT_CALL_PARITY;DEC28=PUT_CALL_PARITY;DEC27=PUT_CALL_PARITY;SEP27=SERIES_FORWARD_CLUSTER;JUN29=PUT_CALL_PARITY;DEC30=PUT_CALL_PARITY,OCT26=30756.75;SEP26=30766.75;NOV26=31843.125;DEC29=29950.15;DEC26=20089;MAR27=27605.125;JUN27=24445.125;DEC27=21056.75;SEP27=36064.25,DEC26=GLOBAL_REFERENCE_OUTLIER_PUT_CALL_PARITY;JUN27=GLOBAL_REFERENCE_OUTLIER_SERIES_FORWARD_CLUSTER;DEC28=GLOBAL_REFERENCE_NO_OBSERVATION;DEC27=GLOBAL_REFERENCE_OUTLIER_SERIES_FORWARD_CLUSTER;JUN29=GLOBAL_REFERENCE_NO_OBSERVATION;DEC30=GLOBAL_REFERENCE_NO_OBSERVATION,WEIGHTED_ATM,2026-10-02,5,139,0.0,NONE,5131,4631,0,0,494,NONE,MN1;MN2;MN3;MN4;MN5;QMW;QRW;QTW;QWW,OK,NONE,NONE,2026-09-24
NAS,32300.0,8719777.64253383,0.9116410416782808,0.0,0.0,0.0,0.0,0.0,0.0,31127.04129267234,30406.45870732766,31487.332585344684,30046.167414655316,DEC26,SEP26,2026-09-25,2026-12-18,30766.75,30793.940034634394,FOUND,DEGRADED,SPOT_MONTH_FALLBACK;ESTIMATED_EXPIRY_ALIAS,2026-08-02.2,PUT_CALL_PARITY,SEP26,OCT26=PUT_CALL_PARITY;SEP26=PUT_CALL_PARITY;NOV26=SERIES_FORWARD_CLUSTER;DEC29=SERIES_FORWARD_CLUSTER;DEC26=PUT_CALL_PARITY;MAR27=SERIES_FORWARD_CLUSTER;JUN27=PUT_CALL_PARITY;DEC28=PUT_CALL_PARITY;DEC27=PUT_CALL_PARITY;SEP27=SERIES_FORWARD_CLUSTER;JUN29=PUT_CALL_PARITY;DEC30=PUT_CALL_PARITY,OCT26=30756.75;SEP26=30766.75;NOV26=31843.125;DEC29=29950.15;DEC26=20089;MAR27=27605.125;JUN27=24445.125;DEC27=21056.75;SEP27=36064.25,DEC26=GLOBAL_REFERENCE_OUTLIER_PUT_CALL_PARITY;JUN27=GLOBAL_REFERENCE_OUTLIER_SERIES_FORWARD_CLUSTER;DEC28=GLOBAL_REFERENCE_NO_OBSERVATION;DEC27=GLOBAL_REFERENCE_OUTLIER_SERIES_FORWARD_CLUSTER;JUN29=GLOBAL_REFERENCE_NO_OBSERVATION;DEC30=GLOBAL_REFERENCE_NO_OBSERVATION,WEIGHTED_ATM,2026-10-02,5,139,0.0,NONE,5131,4631,0,0,494,NONE,MN1;MN2;MN3;MN4;MN5;QMW;QRW;QTW;QWW,OK,NONE,NONE,2026-09-24
NAS,32350.0,28087.819639307534,0.0029688467074644865,0.0,0.0,0.0,0.0,0.0,0.0,31127.04129267234,30406.45870732766,31487.332585344684,30046.167414655316,DEC26,SEP26,2026-09-25,2026-12-18,30766.75,30793.940034634394,FOUND,DEGRADED,SPOT_MONTH_FALLBACK;ESTIMATED_EXPIRY_ALIAS,2026-08-02.2,PUT_CALL_PARITY,SEP26,OCT26=PUT_CALL_PARITY;SEP26=PUT_CALL_PARITY;NOV26=SERIES_FORWARD_CLUSTER;DEC29=SERIES_FORWARD_CLUSTER;DEC26=PUT_CALL_PARITY;MAR27=SERIES_FORWARD_CLUSTER;JUN27=PUT_CALL_PARITY;DEC28=PUT_CALL_PARITY;DEC27=PUT_CALL_PARITY;SEP27=SERIES_FORWARD_CLUSTER;JUN29=PUT_CALL_PARITY;DEC30=PUT_CALL_PARITY,OCT26=30756.75;SEP26=30766.75;NOV26=31843.125;DEC29=29950.15;DEC26=20089;MAR27=27605.125;JUN27=24445.125;DEC27=21056.75;SEP27=36064.25,DEC26=GLOBAL_REFERENCE_OUTLIER_PUT_CALL_PARITY;JUN27=GLOBAL_REFERENCE_OUTLIER_SERIES_FORWARD_CLUSTER;DEC28=GLOBAL_REFERENCE_NO_OBSERVATION;DEC27=GLOBAL_REFERENCE_OUTLIER_SERIES_FORWARD_CLUSTER;JUN29=GLOBAL_REFERENCE_NO_OBSERVATION;DEC30=GLOBAL_REFERENCE_NO_OBSERVATION,WEIGHTED_ATM,2026-10-02,5,139,0.0,NONE,5131,4631,0,0,494,NONE,MN1;MN2;MN3;MN4;MN5;QMW;QRW;QTW;QWW,OK,NONE,NONE,2026-09-24
NAS,32400.0,8125324.28476578,0.8488299836865737,0.0,0.0,0.0,0.0,0.0,0.0,31127.04129267234,30406.45870732766,31487.332585344684,30046.167414655316,DEC26,SEP26,2026-09-25,2026-12-18,30766.75,30793.940034634394,FOUND,DEGRADED,SPOT_MONTH_FALLBACK;ESTIMATED_EXPIRY_ALIAS,2026-08-02.2,PUT_CALL_PARITY,SEP26,OCT26=PUT_CALL_PARITY;SEP26=PUT_CALL_PARITY;NOV26=SERIES_FORWARD_CLUSTER;DEC29=SERIES_FORWARD_CLUSTER;DEC26=PUT_CALL_PARITY;MAR27=SERIES_FORWARD_CLUSTER;JUN27=PUT_CALL_PARITY;DEC28=PUT_CALL_PARITY;DEC27=PUT_CALL_PARITY;SEP27=SERIES_FORWARD_CLUSTER;JUN29=PUT_CALL_PARITY;DEC30=PUT_CALL_PARITY,OCT26=30756.75;SEP26=30766.75;NOV26=31843.125;DEC29=29950.15;DEC26=20089;MAR27=27605.125;JUN27=24445.125;DEC27=21056.75;SEP27=36064.25,DEC26=GLOBAL_REFERENCE_OUTLIER_PUT_CALL_PARITY;JUN27=GLOBAL_REFERENCE_OUTLIER_SERIES_FORWARD_CLUSTER;DEC28=GLOBAL_REFERENCE_NO_OBSERVATION;DEC27=GLOBAL_REFERENCE_OUTLIER_SERIES_FORWARD_CLUSTER;JUN29=GLOBAL_REFERENCE_NO_OBSERVATION;DEC30=GLOBAL_REFERENCE_NO_OBSERVATION,WEIGHTED_ATM,2026-10-02,5,139,0.0,NONE,5131,4631,0,0,494,NONE,MN1;MN2;MN3;MN4;MN5;QMW;QRW;QTW;QWW,OK,NONE,NONE,2026-09-24
NAS,32450.0,341541.0651493593,0.036104558889457836,0.0,0.0,0.0,0.0,0.0,0.0,31127.04129267234,30406.45870732766,31487.332585344684,30046.167414655316,DEC26,SEP26,2026-09-25,2026-12-18,30766.75,30793.940034634394,FOUND,DEGRADED,SPOT_MONTH_FALLBACK;ESTIMATED_EXPIRY_ALIAS,2026-08-02.2,PUT_CALL_PARITY,SEP26,OCT26=PUT_CALL_PARITY;SEP26=PUT_CALL_PARITY;NOV26=SERIES_FORWARD_CLUSTER;DEC29=SERIES_FORWARD_CLUSTER;DEC26=PUT_CALL_PARITY;MAR27=SERIES_FORWARD_CLUSTER;JUN27=PUT_CALL_PARITY;DEC28=PUT_CALL_PARITY;DEC27=PUT_CALL_PARITY;SEP27=SERIES_FORWARD_CLUSTER;JUN29=PUT_CALL_PARITY;DEC30=PUT_CALL_PARITY,OCT26=30756.75;SEP26=30766.75;NOV26=31843.125;DEC29=29950.15;DEC26=20089;MAR27=27605.125;JUN27=24445.125;DEC27=21056.75;SEP27=36064.25,DEC26=GLOBAL_REFERENCE_OUTLIER_PUT_CALL_PARITY;JUN27=GLOBAL_REFERENCE_OUTLIER_SERIES_FORWARD_CLUSTER;DEC28=GLOBAL_REFERENCE_NO_OBSERVATION;DEC27=GLOBAL_REFERENCE_OUTLIER_SERIES_FORWARD_CLUSTER;JUN29=GLOBAL_REFERENCE_NO_OBSERVATION;DEC30=GLOBAL_REFERENCE_NO_OBSERVATION,WEIGHTED_ATM,2026-10-02,5,139,0.0,NONE,5131,4631,0,0,494,NONE,MN1;MN2;MN3;MN4;MN5;QMW;QRW;QTW;QWW,OK,NONE,NONE,2026-09-24
NAS,32500.0,41555939.21920215,4.386051684493402,0.0,0.0,0.0,0.0,0.0,0.0,31127.04129267234,30406.45870732766,31487.332585344684,30046.167414655316,DEC26,SEP26,2026-09-25,2026-12-18,30766.75,30793.940034634394,FOUND,DEGRADED,SPOT_MONTH_FALLBACK;ESTIMATED_EXPIRY_ALIAS,2026-08-02.2,PUT_CALL_PARITY,SEP26,OCT26=PUT_CALL_PARITY;SEP26=PUT_CALL_PARITY;NOV26=SERIES_FORWARD_CLUSTER;DEC29=SERIES_FORWARD_CLUSTER;DEC26=PUT_CALL_PARITY;MAR27=SERIES_FORWARD_CLUSTER;JUN27=PUT_CALL_PARITY;DEC28=PUT_CALL_PARITY;DEC27=PUT_CALL_PARITY;SEP27=SERIES_FORWARD_CLUSTER;JUN29=PUT_CALL_PARITY;DEC30=PUT_CALL_PARITY,OCT26=30756.75;SEP26=30766.75;NOV26=31843.125;DEC29=29950.15;DEC26=20089;MAR27=27605.125;JUN27=24445.125;DEC27=21056.75;SEP27=36064.25,DEC26=GLOBAL_REFERENCE_OUTLIER_PUT_CALL_PARITY;JUN27=GLOBAL_REFERENCE_OUTLIER_SERIES_FORWARD_CLUSTER;DEC28=GLOBAL_REFERENCE_NO_OBSERVATION;DEC27=GLOBAL_REFERENCE_OUTLIER_SERIES_FORWARD_CLUSTER;JUN29=GLOBAL_REFERENCE_NO_OBSERVATION;DEC30=GLOBAL_REFERENCE_NO_OBSERVATION,WEIGHTED_ATM,2026-10-02,5,139,0.0,NONE,5131,4631,0,0,494,NONE,MN1;MN2;MN3;MN4;MN5;QMW;QRW;QTW;QWW,OK,NONE,NONE,2026-09-24
NAS,32550.0,54226.605038605536,0.005732334570472594,0.0,0.0,0.0,0.0,0.0,0.0,31127.04129267234,30406.45870732766,31487.332585344684,30046.167414655316,DEC26,SEP26,2026-09-25,2026-12-18,30766.75,30793.940034634394,FOUND,DEGRADED,SPOT_MONTH_FALLBACK;ESTIMATED_EXPIRY_ALIAS,2026-08-02.2,PUT_CALL_PARITY,SEP26,OCT26=PUT_CALL_PARITY;SEP26=PUT_CALL_PARITY;NOV26=SERIES_FORWARD_CLUSTER;DEC29=SERIES_FORWARD_CLUSTER;DEC26=PUT_CALL_PARITY;MAR27=SERIES_FORWARD_CLUSTER;JUN27=PUT_CALL_PARITY;DEC28=PUT_CALL_PARITY;DEC27=PUT_CALL_PARITY;SEP27=SERIES_FORWARD_CLUSTER;JUN29=PUT_CALL_PARITY;DEC30=PUT_CALL_PARITY,OCT26=30756.75;SEP26=30766.75;NOV26=31843.125;DEC29=29950.15;DEC26=20089;MAR27=27605.125;JUN27=24445.125;DEC27=21056.75;SEP27=36064.25,DEC26=GLOBAL_REFERENCE_OUTLIER_PUT_CALL_PARITY;JUN27=GLOBAL_REFERENCE_OUTLIER_SERIES_FORWARD_CLUSTER;DEC28=GLOBAL_REFERENCE_NO_OBSERVATION;DEC27=GLOBAL_REFERENCE_OUTLIER_SERIES_FORWARD_CLUSTER;JUN29=GLOBAL_REFERENCE_NO_OBSERVATION;DEC30=GLOBAL_REFERENCE_NO_OBSERVATION,WEIGHTED_ATM,2026-10-02,5,139,0.0,NONE,5131,4631,0,0,494,NONE,MN1;MN2;MN3;MN4;MN5;QMW;QRW;QTW;QWW,OK,NONE,NONE,2026-09-24
NAS,32600.0,4058059.2284595445,0.42719598509479084,0.0,0.0,0.0,0.0,0.0,0.0,31127.04129267234,30406.45870732766,31487.332585344684,30046.167414655316,DEC26,SEP26,2026-09-25,2026-12-18,30766.75,30793.940034634394,FOUND,DEGRADED,SPOT_MONTH_FALLBACK;ESTIMATED_EXPIRY_ALIAS,2026-08-02.2,PUT_CALL_PARITY,SEP26,OCT26=PUT_CALL_PARITY;SEP26=PUT_CALL_PARITY;NOV26=SERIES_FORWARD_CLUSTER;DEC29=SERIES_FORWARD_CLUSTER;DEC26=PUT_CALL_PARITY;MAR27=SERIES_FORWARD_CLUSTER;JUN27=PUT_CALL_PARITY;DEC28=PUT_CALL_PARITY;DEC27=PUT_CALL_PARITY;SEP27=SERIES_FORWARD_CLUSTER;JUN29=PUT_CALL_PARITY;DEC30=PUT_CALL_PARITY,OCT26=30756.75;SEP26=30766.75;NOV26=31843.125;DEC29=29950.15;DEC26=20089;MAR27=27605.125;JUN27=24445.125;DEC27=21056.75;SEP27=36064.25,DEC26=GLOBAL_REFERENCE_OUTLIER_PUT_CALL_PARITY;JUN27=GLOBAL_REFERENCE_OUTLIER_SERIES_FORWARD_CLUSTER;DEC28=GLOBAL_REFERENCE_NO_OBSERVATION;DEC27=GLOBAL_REFERENCE_OUTLIER_SERIES_FORWARD_CLUSTER;JUN29=GLOBAL_REFERENCE_NO_OBSERVATION;DEC30=GLOBAL_REFERENCE_NO_OBSERVATION,WEIGHTED_ATM,2026-10-02,5,139,0.0,NONE,5131,4631,0,0,494,NONE,MN1;MN2;MN3;MN4;MN5;QMW;QRW;QTW;QWW,OK,NONE,NONE,2026-09-24
NAS,32700.0,587623.8961880959,0.06008427618980619,0.0,0.0,0.0,0.0,0.0,0.0,31127.04129267234,30406.45870732766,31487.332585344684,30046.167414655316,DEC26,SEP26,2026-09-25,2026-12-18,30766.75,30793.940034634394,FOUND,DEGRADED,SPOT_MONTH_FALLBACK;ESTIMATED_EXPIRY_ALIAS,2026-08-02.2,PUT_CALL_PARITY,SEP26,OCT26=PUT_CALL_PARITY;SEP26=PUT_CALL_PARITY;NOV26=SERIES_FORWARD_CLUSTER;DEC29=SERIES_FORWARD_CLUSTER;DEC26=PUT_CALL_PARITY;MAR27=SERIES_FORWARD_CLUSTER;JUN27=PUT_CALL_PARITY;DEC28=PUT_CALL_PARITY;DEC27=PUT_CALL_PARITY;SEP27=SERIES_FORWARD_CLUSTER;JUN29=PUT_CALL_PARITY;DEC30=PUT_CALL_PARITY,OCT26=30756.75;SEP26=30766.75;NOV26=31843.125;DEC29=29950.15;DEC26=20089;MAR27=27605.125;JUN27=24445.125;DEC27=21056.75;SEP27=36064.25,DEC26=GLOBAL_REFERENCE_OUTLIER_PUT_CALL_PARITY;JUN27=GLOBAL_REFERENCE_OUTLIER_SERIES_FORWARD_CLUSTER;DEC28=GLOBAL_REFERENCE_NO_OBSERVATION;DEC27=GLOBAL_REFERENCE_OUTLIER_SERIES_FORWARD_CLUSTER;JUN29=GLOBAL_REFERENCE_NO_OBSERVATION;DEC30=GLOBAL_REFERENCE_NO_OBSERVATION,WEIGHTED_ATM,2026-10-02,5,139,0.0,NONE,5131,4631,0,0,494,NONE,MN1;MN2;MN3;MN4;MN5;QMW;QRW;QTW;QWW,OK,NONE,NONE,2026-09-24
NAS,32750.0,9903373.60661607,1.0355444860559193,0.0,0.0,0.0,0.0,0.0,0.0,31127.04129267234,30406.45870732766,31487.332585344684,30046.167414655316,DEC26,SEP26,2026-09-25,2026-12-18,30766.75,30793.940034634394,FOUND,DEGRADED,SPOT_MONTH_FALLBACK;ESTIMATED_EXPIRY_ALIAS,2026-08-02.2,PUT_CALL_PARITY,SEP26,OCT26=PUT_CALL_PARITY;SEP26=PUT_CALL_PARITY;NOV26=SERIES_FORWARD_CLUSTER;DEC29=SERIES_FORWARD_CLUSTER;DEC26=PUT_CALL_PARITY;MAR27=SERIES_FORWARD_CLUSTER;JUN27=PUT_CALL_PARITY;DEC28=PUT_CALL_PARITY;DEC27=PUT_CALL_PARITY;SEP27=SERIES_FORWARD_CLUSTER;JUN29=PUT_CALL_PARITY;DEC30=PUT_CALL_PARITY,OCT26=30756.75;SEP26=30766.75;NOV26=31843.125;DEC29=29950.15;DEC26=20089;MAR27=27605.125;JUN27=24445.125;DEC27=21056.75;SEP27=36064.25,DEC26=GLOBAL_REFERENCE_OUTLIER_PUT_CALL_PARITY;JUN27=GLOBAL_REFERENCE_OUTLIER_SERIES_FORWARD_CLUSTER;DEC28=GLOBAL_REFERENCE_NO_OBSERVATION;DEC27=GLOBAL_REFERENCE_OUTLIER_SERIES_FORWARD_CLUSTER;JUN29=GLOBAL_REFERENCE_NO_OBSERVATION;DEC30=GLOBAL_REFERENCE_NO_OBSERVATION,WEIGHTED_ATM,2026-10-02,5,139,0.0,NONE,5131,4631,0,0,494,NONE,MN1;MN2;MN3;MN4;MN5;QMW;QRW;QTW;QWW,OK,NONE,NONE,2026-09-24
NAS,32800.0,2204300.014158655,0.2291427099130058,0.0,0.0,0.0,0.0,0.0,0.0,31127.04129267234,30406.45870732766,31487.332585344684,30046.167414655316,DEC26,SEP26,2026-09-25,2026-12-18,30766.75,30793.940034634394,FOUND,DEGRADED,SPOT_MONTH_FALLBACK;ESTIMATED_EXPIRY_ALIAS,2026-08-02.2,PUT_CALL_PARITY,SEP26,OCT26=PUT_CALL_PARITY;SEP26=PUT_CALL_PARITY;NOV26=SERIES_FORWARD_CLUSTER;DEC29=SERIES_FORWARD_CLUSTER;DEC26=PUT_CALL_PARITY;MAR27=SERIES_FORWARD_CLUSTER;JUN27=PUT_CALL_PARITY;DEC28=PUT_CALL_PARITY;DEC27=PUT_CALL_PARITY;SEP27=SERIES_FORWARD_CLUSTER;JUN29=PUT_CALL_PARITY;DEC30=PUT_CALL_PARITY,OCT26=30756.75;SEP26=30766.75;NOV26=31843.125;DEC29=29950.15;DEC26=20089;MAR27=27605.125;JUN27=24445.125;DEC27=21056.75;SEP27=36064.25,DEC26=GLOBAL_REFERENCE_OUTLIER_PUT_CALL_PARITY;JUN27=GLOBAL_REFERENCE_OUTLIER_SERIES_FORWARD_CLUSTER;DEC28=GLOBAL_REFERENCE_NO_OBSERVATION;DEC27=GLOBAL_REFERENCE_OUTLIER_SERIES_FORWARD_CLUSTER;JUN29=GLOBAL_REFERENCE_NO_OBSERVATION;DEC30=GLOBAL_REFERENCE_NO_OBSERVATION,WEIGHTED_ATM,2026-10-02,5,139,0.0,NONE,5131,4631,0,0,494,NONE,MN1;MN2;MN3;MN4;MN5;QMW;QRW;QTW;QWW,OK,NONE,NONE,2026-09-24
NAS,32900.0,1621979.8544850415,0.1677737298710808,0.0,0.0,0.0,0.0,0.0,0.0,31127.04129267234,30406.45870732766,31487.332585344684,30046.167414655316,DEC26,SEP26,2026-09-25,2026-12-18,30766.75,30793.940034634394,FOUND,DEGRADED,SPOT_MONTH_FALLBACK;ESTIMATED_EXPIRY_ALIAS,2026-08-02.2,PUT_CALL_PARITY,SEP26,OCT26=PUT_CALL_PARITY;SEP26=PUT_CALL_PARITY;NOV26=SERIES_FORWARD_CLUSTER;DEC29=SERIES_FORWARD_CLUSTER;DEC26=PUT_CALL_PARITY;MAR27=SERIES_FORWARD_CLUSTER;JUN27=PUT_CALL_PARITY;DEC28=PUT_CALL_PARITY;DEC27=PUT_CALL_PARITY;SEP27=SERIES_FORWARD_CLUSTER;JUN29=PUT_CALL_PARITY;DEC30=PUT_CALL_PARITY,OCT26=30756.75;SEP26=30766.75;NOV26=31843.125;DEC29=29950.15;DEC26=20089;MAR27=27605.125;JUN27=24445.125;DEC27=21056.75;SEP27=36064.25,DEC26=GLOBAL_REFERENCE_OUTLIER_PUT_CALL_PARITY;JUN27=GLOBAL_REFERENCE_OUTLIER_SERIES_FORWARD_CLUSTER;DEC28=GLOBAL_REFERENCE_NO_OBSERVATION;DEC27=GLOBAL_REFERENCE_OUTLIER_SERIES_FORWARD_CLUSTER;JUN29=GLOBAL_REFERENCE_NO_OBSERVATION;DEC30=GLOBAL_REFERENCE_NO_OBSERVATION,WEIGHTED_ATM,2026-10-02,5,139,0.0,NONE,5131,4631,0,0,494,NONE,MN1;MN2;MN3;MN4;MN5;QMW;QRW;QTW;QWW,OK,NONE,NONE,2026-09-24
NAS,33000.0,54351514.996894926,5.734460895320688,0.0,0.0,0.0,0.0,1526.0,0.0,31127.04129267234,30406.45870732766,31487.332585344684,30046.167414655316,DEC26,SEP26,2026-09-25,2026-12-18,30766.75,30793.940034634394,FOUND,DEGRADED,SPOT_MONTH_FALLBACK;ESTIMATED_EXPIRY_ALIAS,2026-08-02.2,PUT_CALL_PARITY,SEP26,OCT26=PUT_CALL_PARITY;SEP26=PUT_CALL_PARITY;NOV26=SERIES_FORWARD_CLUSTER;DEC29=SERIES_FORWARD_CLUSTER;DEC26=PUT_CALL_PARITY;MAR27=SERIES_FORWARD_CLUSTER;JUN27=PUT_CALL_PARITY;DEC28=PUT_CALL_PARITY;DEC27=PUT_CALL_PARITY;SEP27=SERIES_FORWARD_CLUSTER;JUN29=PUT_CALL_PARITY;DEC30=PUT_CALL_PARITY,OCT26=30756.75;SEP26=30766.75;NOV26=31843.125;DEC29=29950.15;DEC26=20089;MAR27=27605.125;JUN27=24445.125;DEC27=21056.75;SEP27=36064.25,DEC26=GLOBAL_REFERENCE_OUTLIER_PUT_CALL_PARITY;JUN27=GLOBAL_REFERENCE_OUTLIER_SERIES_FORWARD_CLUSTER;DEC28=GLOBAL_REFERENCE_NO_OBSERVATION;DEC27=GLOBAL_REFERENCE_OUTLIER_SERIES_FORWARD_CLUSTER;JUN29=GLOBAL_REFERENCE_NO_OBSERVATION;DEC30=GLOBAL_REFERENCE_NO_OBSERVATION,WEIGHTED_ATM,2026-10-02,5,139,0.0,NONE,5131,4631,0,0,494,NONE,MN1;MN2;MN3;MN4;MN5;QMW;QRW;QTW;QWW,OK,NONE,NONE,2026-09-24
NAS,33100.0,262565.0802159726,0.027479283088924285,0.0,0.0,0.0,0.0,0.0,0.0,31127.04129267234,30406.45870732766,31487.332585344684,30046.167414655316,DEC26,SEP26,2026-09-25,2026-12-18,30766.75,30793.940034634394,FOUND,DEGRADED,SPOT_MONTH_FALLBACK;ESTIMATED_EXPIRY_ALIAS,2026-08-02.2,PUT_CALL_PARITY,SEP26,OCT26=PUT_CALL_PARITY;SEP26=PUT_CALL_PARITY;NOV26=SERIES_FORWARD_CLUSTER;DEC29=SERIES_FORWARD_CLUSTER;DEC26=PUT_CALL_PARITY;MAR27=SERIES_FORWARD_CLUSTER;JUN27=PUT_CALL_PARITY;DEC28=PUT_CALL_PARITY;DEC27=PUT_CALL_PARITY;SEP27=SERIES_FORWARD_CLUSTER;JUN29=PUT_CALL_PARITY;DEC30=PUT_CALL_PARITY,OCT26=30756.75;SEP26=30766.75;NOV26=31843.125;DEC29=29950.15;DEC26=20089;MAR27=27605.125;JUN27=24445.125;DEC27=21056.75;SEP27=36064.25,DEC26=GLOBAL_REFERENCE_OUTLIER_PUT_CALL_PARITY;JUN27=GLOBAL_REFERENCE_OUTLIER_SERIES_FORWARD_CLUSTER;DEC28=GLOBAL_REFERENCE_NO_OBSERVATION;DEC27=GLOBAL_REFERENCE_OUTLIER_SERIES_FORWARD_CLUSTER;JUN29=GLOBAL_REFERENCE_NO_OBSERVATION;DEC30=GLOBAL_REFERENCE_NO_OBSERVATION,WEIGHTED_ATM,2026-10-02,5,139,0.0,NONE,5131,4631,0,0,494,NONE,MN1;MN2;MN3;MN4;MN5;QMW;QRW;QTW;QWW,OK,NONE,NONE,2026-09-24
NAS,33250.0,9716888.322131408,1.001109336858969,0.0,0.0,0.0,0.0,0.0,0.0,31127.04129267234,30406.45870732766,31487.332585344684,30046.167414655316,DEC26,SEP26,2026-09-25,2026-12-18,30766.75,30793.940034634394,FOUND,DEGRADED,SPOT_MONTH_FALLBACK;ESTIMATED_EXPIRY_ALIAS,2026-08-02.2,PUT_CALL_PARITY,SEP26,OCT26=PUT_CALL_PARITY;SEP26=PUT_CALL_PARITY;NOV26=SERIES_FORWARD_CLUSTER;DEC29=SERIES_FORWARD_CLUSTER;DEC26=PUT_CALL_PARITY;MAR27=SERIES_FORWARD_CLUSTER;JUN27=PUT_CALL_PARITY;DEC28=PUT_CALL_PARITY;DEC27=PUT_CALL_PARITY;SEP27=SERIES_FORWARD_CLUSTER;JUN29=PUT_CALL_PARITY;DEC30=PUT_CALL_PARITY,OCT26=30756.75;SEP26=30766.75;NOV26=31843.125;DEC29=29950.15;DEC26=20089;MAR27=27605.125;JUN27=24445.125;DEC27=21056.75;SEP27=36064.25,DEC26=GLOBAL_REFERENCE_OUTLIER_PUT_CALL_PARITY;JUN27=GLOBAL_REFERENCE_OUTLIER_SERIES_FORWARD_CLUSTER;DEC28=GLOBAL_REFERENCE_NO_OBSERVATION;DEC27=GLOBAL_REFERENCE_OUTLIER_SERIES_FORWARD_CLUSTER;JUN29=GLOBAL_REFERENCE_NO_OBSERVATION;DEC30=GLOBAL_REFERENCE_NO_OBSERVATION,WEIGHTED_ATM,2026-10-02,5,139,0.0,NONE,5131,4631,0,0,494,NONE,MN1;MN2;MN3;MN4;MN5;QMW;QRW;QTW;QWW,OK,NONE,NONE,2026-09-24
NAS,33500.0,30245753.719335355,3.1905013025048934,0.0,0.0,0.0,0.0,0.0,0.0,31127.04129267234,30406.45870732766,31487.332585344684,30046.167414655316,DEC26,SEP26,2026-09-25,2026-12-18,30766.75,30793.940034634394,FOUND,DEGRADED,SPOT_MONTH_FALLBACK;ESTIMATED_EXPIRY_ALIAS,2026-08-02.2,PUT_CALL_PARITY,SEP26,OCT26=PUT_CALL_PARITY;SEP26=PUT_CALL_PARITY;NOV26=SERIES_FORWARD_CLUSTER;DEC29=SERIES_FORWARD_CLUSTER;DEC26=PUT_CALL_PARITY;MAR27=SERIES_FORWARD_CLUSTER;JUN27=PUT_CALL_PARITY;DEC28=PUT_CALL_PARITY;DEC27=PUT_CALL_PARITY;SEP27=SERIES_FORWARD_CLUSTER;JUN29=PUT_CALL_PARITY;DEC30=PUT_CALL_PARITY,OCT26=30756.75;SEP26=30766.75;NOV26=31843.125;DEC29=29950.15;DEC26=20089;MAR27=27605.125;JUN27=24445.125;DEC27=21056.75;SEP27=36064.25,DEC26=GLOBAL_REFERENCE_OUTLIER_PUT_CALL_PARITY;JUN27=GLOBAL_REFERENCE_OUTLIER_SERIES_FORWARD_CLUSTER;DEC28=GLOBAL_REFERENCE_NO_OBSERVATION;DEC27=GLOBAL_REFERENCE_OUTLIER_SERIES_FORWARD_CLUSTER;JUN29=GLOBAL_REFERENCE_NO_OBSERVATION;DEC30=GLOBAL_REFERENCE_NO_OBSERVATION,WEIGHTED_ATM,2026-10-02,5,139,0.0,NONE,5131,4631,0,0,494,NONE,MN1;MN2;MN3;MN4;MN5;QMW;QRW;QTW;QWW,OK,NONE,NONE,2026-09-24
NAS,33750.0,5028993.878211053,0.5133567094747364,0.0,0.0,0.0,0.0,0.0,0.0,31127.04129267234,30406.45870732766,31487.332585344684,30046.167414655316,DEC26,SEP26,2026-09-25,2026-12-18,30766.75,30793.940034634394,FOUND,DEGRADED,SPOT_MONTH_FALLBACK;ESTIMATED_EXPIRY_ALIAS,2026-08-02.2,PUT_CALL_PARITY,SEP26,OCT26=PUT_CALL_PARITY;SEP26=PUT_CALL_PARITY;NOV26=SERIES_FORWARD_CLUSTER;DEC29=SERIES_FORWARD_CLUSTER;DEC26=PUT_CALL_PARITY;MAR27=SERIES_FORWARD_CLUSTER;JUN27=PUT_CALL_PARITY;DEC28=PUT_CALL_PARITY;DEC27=PUT_CALL_PARITY;SEP27=SERIES_FORWARD_CLUSTER;JUN29=PUT_CALL_PARITY;DEC30=PUT_CALL_PARITY,OCT26=30756.75;SEP26=30766.75;NOV26=31843.125;DEC29=29950.15;DEC26=20089;MAR27=27605.125;JUN27=24445.125;DEC27=21056.75;SEP27=36064.25,DEC26=GLOBAL_REFERENCE_OUTLIER_PUT_CALL_PARITY;JUN27=GLOBAL_REFERENCE_OUTLIER_SERIES_FORWARD_CLUSTER;DEC28=GLOBAL_REFERENCE_NO_OBSERVATION;DEC27=GLOBAL_REFERENCE_OUTLIER_SERIES_FORWARD_CLUSTER;JUN29=GLOBAL_REFERENCE_NO_OBSERVATION;DEC30=GLOBAL_REFERENCE_NO_OBSERVATION,WEIGHTED_ATM,2026-10-02,5,139,0.0,NONE,5131,4631,0,0,494,NONE,MN1;MN2;MN3;MN4;MN5;QMW;QRW;QTW;QWW,OK,NONE,NONE,2026-09-24
NAS,34000.0,15563483.292455083,1.645482178321098,0.0,0.0,0.0,0.0,0.0,0.0,31127.04129267234,30406.45870732766,31487.332585344684,30046.167414655316,DEC26,SEP26,2026-09-25,2026-12-18,30766.75,30793.940034634394,FOUND,DEGRADED,SPOT_MONTH_FALLBACK;ESTIMATED_EXPIRY_ALIAS,2026-08-02.2,PUT_CALL_PARITY,SEP26,OCT26=PUT_CALL_PARITY;SEP26=PUT_CALL_PARITY;NOV26=SERIES_FORWARD_CLUSTER;DEC29=SERIES_FORWARD_CLUSTER;DEC26=PUT_CALL_PARITY;MAR27=SERIES_FORWARD_CLUSTER;JUN27=PUT_CALL_PARITY;DEC28=PUT_CALL_PARITY;DEC27=PUT_CALL_PARITY;SEP27=SERIES_FORWARD_CLUSTER;JUN29=PUT_CALL_PARITY;DEC30=PUT_CALL_PARITY,OCT26=30756.75;SEP26=30766.75;NOV26=31843.125;DEC29=29950.15;DEC26=20089;MAR27=27605.125;JUN27=24445.125;DEC27=21056.75;SEP27=36064.25,DEC26=GLOBAL_REFERENCE_OUTLIER_PUT_CALL_PARITY;JUN27=GLOBAL_REFERENCE_OUTLIER_SERIES_FORWARD_CLUSTER;DEC28=GLOBAL_REFERENCE_NO_OBSERVATION;DEC27=GLOBAL_REFERENCE_OUTLIER_SERIES_FORWARD_CLUSTER;JUN29=GLOBAL_REFERENCE_NO_OBSERVATION;DEC30=GLOBAL_REFERENCE_NO_OBSERVATION,WEIGHTED_ATM,2026-10-02,5,139,0.0,NONE,5131,4631,0,0,494,NONE,MN1;MN2;MN3;MN4;MN5;QMW;QRW;QTW;QWW,OK,NONE,NONE,2026-09-24
NAS,34250.0,2641395.6531486437,0.26763609792277765,0.0,0.0,0.0,0.0,0.0,0.0,31127.04129267234,30406.45870732766,31487.332585344684,30046.167414655316,DEC26,SEP26,2026-09-25,2026-12-18,30766.75,30793.940034634394,FOUND,DEGRADED,SPOT_MONTH_FALLBACK;ESTIMATED_EXPIRY_ALIAS,2026-08-02.2,PUT_CALL_PARITY,SEP26,OCT26=PUT_CALL_PARITY;SEP26=PUT_CALL_PARITY;NOV26=SERIES_FORWARD_CLUSTER;DEC29=SERIES_FORWARD_CLUSTER;DEC26=PUT_CALL_PARITY;MAR27=SERIES_FORWARD_CLUSTER;JUN27=PUT_CALL_PARITY;DEC28=PUT_CALL_PARITY;DEC27=PUT_CALL_PARITY;SEP27=SERIES_FORWARD_CLUSTER;JUN29=PUT_CALL_PARITY;DEC30=PUT_CALL_PARITY,OCT26=30756.75;SEP26=30766.75;NOV26=31843.125;DEC29=29950.15;DEC26=20089;MAR27=27605.125;JUN27=24445.125;DEC27=21056.75;SEP27=36064.25,DEC26=GLOBAL_REFERENCE_OUTLIER_PUT_CALL_PARITY;JUN27=GLOBAL_REFERENCE_OUTLIER_SERIES_FORWARD_CLUSTER;DEC28=GLOBAL_REFERENCE_NO_OBSERVATION;DEC27=GLOBAL_REFERENCE_OUTLIER_SERIES_FORWARD_CLUSTER;JUN29=GLOBAL_REFERENCE_NO_OBSERVATION;DEC30=GLOBAL_REFERENCE_NO_OBSERVATION,WEIGHTED_ATM,2026-10-02,5,139,0.0,NONE,5131,4631,0,0,494,NONE,MN1;MN2;MN3;MN4;MN5;QMW;QRW;QTW;QWW,OK,NONE,NONE,2026-09-24
NAS,34500.0,5443144.456325657,0.5723665811768094,0.0,0.0,0.0,0.0,0.0,0.0,31127.04129267234,30406.45870732766,31487.332585344684,30046.167414655316,DEC26,SEP26,2026-09-25,2026-12-18,30766.75,30793.940034634394,FOUND,DEGRADED,SPOT_MONTH_FALLBACK;ESTIMATED_EXPIRY_ALIAS,2026-08-02.2,PUT_CALL_PARITY,SEP26,OCT26=PUT_CALL_PARITY;SEP26=PUT_CALL_PARITY;NOV26=SERIES_FORWARD_CLUSTER;DEC29=SERIES_FORWARD_CLUSTER;DEC26=PUT_CALL_PARITY;MAR27=SERIES_FORWARD_CLUSTER;JUN27=PUT_CALL_PARITY;DEC28=PUT_CALL_PARITY;DEC27=PUT_CALL_PARITY;SEP27=SERIES_FORWARD_CLUSTER;JUN29=PUT_CALL_PARITY;DEC30=PUT_CALL_PARITY,OCT26=30756.75;SEP26=30766.75;NOV26=31843.125;DEC29=29950.15;DEC26=20089;MAR27=27605.125;JUN27=24445.125;DEC27=21056.75;SEP27=36064.25,DEC26=GLOBAL_REFERENCE_OUTLIER_PUT_CALL_PARITY;JUN27=GLOBAL_REFERENCE_OUTLIER_SERIES_FORWARD_CLUSTER;DEC28=GLOBAL_REFERENCE_NO_OBSERVATION;DEC27=GLOBAL_REFERENCE_OUTLIER_SERIES_FORWARD_CLUSTER;JUN29=GLOBAL_REFERENCE_NO_OBSERVATION;DEC30=GLOBAL_REFERENCE_NO_OBSERVATION,WEIGHTED_ATM,2026-10-02,5,139,0.0,NONE,5131,4631,0,0,494,NONE,MN1;MN2;MN3;MN4;MN5;QMW;QRW;QTW;QWW,OK,NONE,NONE,2026-09-24
NAS,34750.0,1163086.2473628917,0.11802983515715196,0.0,0.0,0.0,0.0,0.0,0.0,31127.04129267234,30406.45870732766,31487.332585344684,30046.167414655316,DEC26,SEP26,2026-09-25,2026-12-18,30766.75,30793.940034634394,FOUND,DEGRADED,SPOT_MONTH_FALLBACK;ESTIMATED_EXPIRY_ALIAS,2026-08-02.2,PUT_CALL_PARITY,SEP26,OCT26=PUT_CALL_PARITY;SEP26=PUT_CALL_PARITY;NOV26=SERIES_FORWARD_CLUSTER;DEC29=SERIES_FORWARD_CLUSTER;DEC26=PUT_CALL_PARITY;MAR27=SERIES_FORWARD_CLUSTER;JUN27=PUT_CALL_PARITY;DEC28=PUT_CALL_PARITY;DEC27=PUT_CALL_PARITY;SEP27=SERIES_FORWARD_CLUSTER;JUN29=PUT_CALL_PARITY;DEC30=PUT_CALL_PARITY,OCT26=30756.75;SEP26=30766.75;NOV26=31843.125;DEC29=29950.15;DEC26=20089;MAR27=27605.125;JUN27=24445.125;DEC27=21056.75;SEP27=36064.25,DEC26=GLOBAL_REFERENCE_OUTLIER_PUT_CALL_PARITY;JUN27=GLOBAL_REFERENCE_OUTLIER_SERIES_FORWARD_CLUSTER;DEC28=GLOBAL_REFERENCE_NO_OBSERVATION;DEC27=GLOBAL_REFERENCE_OUTLIER_SERIES_FORWARD_CLUSTER;JUN29=GLOBAL_REFERENCE_NO_OBSERVATION;DEC30=GLOBAL_REFERENCE_NO_OBSERVATION,WEIGHTED_ATM,2026-10-02,5,139,0.0,NONE,5131,4631,0,0,494,NONE,MN1;MN2;MN3;MN4;MN5;QMW;QRW;QTW;QWW,OK,NONE,NONE,2026-09-24
NAS,35000.0,12952332.266012594,1.3433560653349375,0.0,0.0,0.0,0.0,0.0,0.0,31127.04129267234,30406.45870732766,31487.332585344684,30046.167414655316,DEC26,SEP26,2026-09-25,2026-12-18,30766.75,30793.940034634394,FOUND,DEGRADED,SPOT_MONTH_FALLBACK;ESTIMATED_EXPIRY_ALIAS,2026-08-02.2,PUT_CALL_PARITY,SEP26,OCT26=PUT_CALL_PARITY;SEP26=PUT_CALL_PARITY;NOV26=SERIES_FORWARD_CLUSTER;DEC29=SERIES_FORWARD_CLUSTER;DEC26=PUT_CALL_PARITY;MAR27=SERIES_FORWARD_CLUSTER;JUN27=PUT_CALL_PARITY;DEC28=PUT_CALL_PARITY;DEC27=PUT_CALL_PARITY;SEP27=SERIES_FORWARD_CLUSTER;JUN29=PUT_CALL_PARITY;DEC30=PUT_CALL_PARITY,OCT26=30756.75;SEP26=30766.75;NOV26=31843.125;DEC29=29950.15;DEC26=20089;MAR27=27605.125;JUN27=24445.125;DEC27=21056.75;SEP27=36064.25,DEC26=GLOBAL_REFERENCE_OUTLIER_PUT_CALL_PARITY;JUN27=GLOBAL_REFERENCE_OUTLIER_SERIES_FORWARD_CLUSTER;DEC28=GLOBAL_REFERENCE_NO_OBSERVATION;DEC27=GLOBAL_REFERENCE_OUTLIER_SERIES_FORWARD_CLUSTER;JUN29=GLOBAL_REFERENCE_NO_OBSERVATION;DEC30=GLOBAL_REFERENCE_NO_OBSERVATION,WEIGHTED_ATM,2026-10-02,5,139,0.0,NONE,5131,4631,0,0,494,NONE,MN1;MN2;MN3;MN4;MN5;QMW;QRW;QTW;QWW,OK,NONE,NONE,2026-09-24
NAS,35250.0,870410.4274579964,0.08848249812027321,0.0,0.0,0.0,0.0,0.0,0.0,31127.04129267234,30406.45870732766,31487.332585344684,30046.167414655316,DEC26,SEP26,2026-09-25,2026-12-18,30766.75,30793.940034634394,FOUND,DEGRADED,SPOT_MONTH_FALLBACK;ESTIMATED_EXPIRY_ALIAS,2026-08-02.2,PUT_CALL_PARITY,SEP26,OCT26=PUT_CALL_PARITY;SEP26=PUT_CALL_PARITY;NOV26=SERIES_FORWARD_CLUSTER;DEC29=SERIES_FORWARD_CLUSTER;DEC26=PUT_CALL_PARITY;MAR27=SERIES_FORWARD_CLUSTER;JUN27=PUT_CALL_PARITY;DEC28=PUT_CALL_PARITY;DEC27=PUT_CALL_PARITY;SEP27=SERIES_FORWARD_CLUSTER;JUN29=PUT_CALL_PARITY;DEC30=PUT_CALL_PARITY,OCT26=30756.75;SEP26=30766.75;NOV26=31843.125;DEC29=29950.15;DEC26=20089;MAR27=27605.125;JUN27=24445.125;DEC27=21056.75;SEP27=36064.25,DEC26=GLOBAL_REFERENCE_OUTLIER_PUT_CALL_PARITY;JUN27=GLOBAL_REFERENCE_OUTLIER_SERIES_FORWARD_CLUSTER;DEC28=GLOBAL_REFERENCE_NO_OBSERVATION;DEC27=GLOBAL_REFERENCE_OUTLIER_SERIES_FORWARD_CLUSTER;JUN29=GLOBAL_REFERENCE_NO_OBSERVATION;DEC30=GLOBAL_REFERENCE_NO_OBSERVATION,WEIGHTED_ATM,2026-10-02,5,139,0.0,NONE,5131,4631,0,0,494,NONE,MN1;MN2;MN3;MN4;MN5;QMW;QRW;QTW;QWW,OK,NONE,NONE,2026-09-24
NAS,35500.0,12081870.757905899,1.2760216672481897,0.0,0.0,0.0,0.0,0.0,0.0,31127.04129267234,30406.45870732766,31487.332585344684,30046.167414655316,DEC26,SEP26,2026-09-25,2026-12-18,30766.75,30793.940034634394,FOUND,DEGRADED,SPOT_MONTH_FALLBACK;ESTIMATED_EXPIRY_ALIAS,2026-08-02.2,PUT_CALL_PARITY,SEP26,OCT26=PUT_CALL_PARITY;SEP26=PUT_CALL_PARITY;NOV26=SERIES_FORWARD_CLUSTER;DEC29=SERIES_FORWARD_CLUSTER;DEC26=PUT_CALL_PARITY;MAR27=SERIES_FORWARD_CLUSTER;JUN27=PUT_CALL_PARITY;DEC28=PUT_CALL_PARITY;DEC27=PUT_CALL_PARITY;SEP27=SERIES_FORWARD_CLUSTER;JUN29=PUT_CALL_PARITY;DEC30=PUT_CALL_PARITY,OCT26=30756.75;SEP26=30766.75;NOV26=31843.125;DEC29=29950.15;DEC26=20089;MAR27=27605.125;JUN27=24445.125;DEC27=21056.75;SEP27=36064.25,DEC26=GLOBAL_REFERENCE_OUTLIER_PUT_CALL_PARITY;JUN27=GLOBAL_REFERENCE_OUTLIER_SERIES_FORWARD_CLUSTER;DEC28=GLOBAL_REFERENCE_NO_OBSERVATION;DEC27=GLOBAL_REFERENCE_OUTLIER_SERIES_FORWARD_CLUSTER;JUN29=GLOBAL_REFERENCE_NO_OBSERVATION;DEC30=GLOBAL_REFERENCE_NO_OBSERVATION,WEIGHTED_ATM,2026-10-02,5,139,0.0,NONE,5131,4631,0,0,494,NONE,MN1;MN2;MN3;MN4;MN5;QMW;QRW;QTW;QWW,OK,NONE,NONE,2026-09-24
NAS,35750.0,666758.8302085167,0.066746117303203,0.0,0.0,0.0,0.0,0.0,0.0,31127.04129267234,30406.45870732766,31487.332585344684,30046.167414655316,DEC26,SEP26,2026-09-25,2026-12-18,30766.75,30793.940034634394,FOUND,DEGRADED,SPOT_MONTH_FALLBACK;ESTIMATED_EXPIRY_ALIAS,2026-08-02.2,PUT_CALL_PARITY,SEP26,OCT26=PUT_CALL_PARITY;SEP26=PUT_CALL_PARITY;NOV26=SERIES_FORWARD_CLUSTER;DEC29=SERIES_FORWARD_CLUSTER;DEC26=PUT_CALL_PARITY;MAR27=SERIES_FORWARD_CLUSTER;JUN27=PUT_CALL_PARITY;DEC28=PUT_CALL_PARITY;DEC27=PUT_CALL_PARITY;SEP27=SERIES_FORWARD_CLUSTER;JUN29=PUT_CALL_PARITY;DEC30=PUT_CALL_PARITY,OCT26=30756.75;SEP26=30766.75;NOV26=31843.125;DEC29=29950.15;DEC26=20089;MAR27=27605.125;JUN27=24445.125;DEC27=21056.75;SEP27=36064.25,DEC26=GLOBAL_REFERENCE_OUTLIER_PUT_CALL_PARITY;JUN27=GLOBAL_REFERENCE_OUTLIER_SERIES_FORWARD_CLUSTER;DEC28=GLOBAL_REFERENCE_NO_OBSERVATION;DEC27=GLOBAL_REFERENCE_OUTLIER_SERIES_FORWARD_CLUSTER;JUN29=GLOBAL_REFERENCE_NO_OBSERVATION;DEC30=GLOBAL_REFERENCE_NO_OBSERVATION,WEIGHTED_ATM,2026-10-02,5,139,0.0,NONE,5131,4631,0,0,494,NONE,MN1;MN2;MN3;MN4;MN5;QMW;QRW;QTW;QWW,OK,NONE,NONE,2026-09-24
NAS,36000.0,11151600.273578277,1.160743820708144,0.0,0.0,0.0,0.0,0.0,0.0,31127.04129267234,30406.45870732766,31487.332585344684,30046.167414655316,DEC26,SEP26,2026-09-25,2026-12-18,30766.75,30793.940034634394,FOUND,DEGRADED,SPOT_MONTH_FALLBACK;ESTIMATED_EXPIRY_ALIAS,2026-08-02.2,PUT_CALL_PARITY,SEP26,OCT26=PUT_CALL_PARITY;SEP26=PUT_CALL_PARITY;NOV26=SERIES_FORWARD_CLUSTER;DEC29=SERIES_FORWARD_CLUSTER;DEC26=PUT_CALL_PARITY;MAR27=SERIES_FORWARD_CLUSTER;JUN27=PUT_CALL_PARITY;DEC28=PUT_CALL_PARITY;DEC27=PUT_CALL_PARITY;SEP27=SERIES_FORWARD_CLUSTER;JUN29=PUT_CALL_PARITY;DEC30=PUT_CALL_PARITY,OCT26=30756.75;SEP26=30766.75;NOV26=31843.125;DEC29=29950.15;DEC26=20089;MAR27=27605.125;JUN27=24445.125;DEC27=21056.75;SEP27=36064.25,DEC26=GLOBAL_REFERENCE_OUTLIER_PUT_CALL_PARITY;JUN27=GLOBAL_REFERENCE_OUTLIER_SERIES_FORWARD_CLUSTER;DEC28=GLOBAL_REFERENCE_NO_OBSERVATION;DEC27=GLOBAL_REFERENCE_OUTLIER_SERIES_FORWARD_CLUSTER;JUN29=GLOBAL_REFERENCE_NO_OBSERVATION;DEC30=GLOBAL_REFERENCE_NO_OBSERVATION,WEIGHTED_ATM,2026-10-02,5,139,0.0,NONE,5131,4631,0,0,494,NONE,MN1;MN2;MN3;MN4;MN5;QMW;QRW;QTW;QWW,OK,NONE,NONE,2026-09-24
NAS,36250.0,54386.88111851116,0.005747409073692818,0.0,0.0,0.0,0.0,0.0,0.0,31127.04129267234,30406.45870732766,31487.332585344684,30046.167414655316,DEC26,SEP26,2026-09-25,2026-12-18,30766.75,30793.940034634394,FOUND,DEGRADED,SPOT_MONTH_FALLBACK;ESTIMATED_EXPIRY_ALIAS,2026-08-02.2,PUT_CALL_PARITY,SEP26,OCT26=PUT_CALL_PARITY;SEP26=PUT_CALL_PARITY;NOV26=SERIES_FORWARD_CLUSTER;DEC29=SERIES_FORWARD_CLUSTER;DEC26=PUT_CALL_PARITY;MAR27=SERIES_FORWARD_CLUSTER;JUN27=PUT_CALL_PARITY;DEC28=PUT_CALL_PARITY;DEC27=PUT_CALL_PARITY;SEP27=SERIES_FORWARD_CLUSTER;JUN29=PUT_CALL_PARITY;DEC30=PUT_CALL_PARITY,OCT26=30756.75;SEP26=30766.75;NOV26=31843.125;DEC29=29950.15;DEC26=20089;MAR27=27605.125;JUN27=24445.125;DEC27=21056.75;SEP27=36064.25,DEC26=GLOBAL_REFERENCE_OUTLIER_PUT_CALL_PARITY;JUN27=GLOBAL_REFERENCE_OUTLIER_SERIES_FORWARD_CLUSTER;DEC28=GLOBAL_REFERENCE_NO_OBSERVATION;DEC27=GLOBAL_REFERENCE_OUTLIER_SERIES_FORWARD_CLUSTER;JUN29=GLOBAL_REFERENCE_NO_OBSERVATION;DEC30=GLOBAL_REFERENCE_NO_OBSERVATION,WEIGHTED_ATM,2026-10-02,5,139,0.0,NONE,5131,4631,0,0,494,NONE,MN1;MN2;MN3;MN4;MN5;QMW;QRW;QTW;QWW,OK,NONE,NONE,2026-09-24
NAS,36500.0,1774236.4734917928,0.18217092677000896,0.0,0.0,0.0,0.0,0.0,0.0,31127.04129267234,30406.45870732766,31487.332585344684,30046.167414655316,DEC26,SEP26,2026-09-25,2026-12-18,30766.75,30793.940034634394,FOUND,DEGRADED,SPOT_MONTH_FALLBACK;ESTIMATED_EXPIRY_ALIAS,2026-08-02.2,PUT_CALL_PARITY,SEP26,OCT26=PUT_CALL_PARITY;SEP26=PUT_CALL_PARITY;NOV26=SERIES_FORWARD_CLUSTER;DEC29=SERIES_FORWARD_CLUSTER;DEC26=PUT_CALL_PARITY;MAR27=SERIES_FORWARD_CLUSTER;JUN27=PUT_CALL_PARITY;DEC28=PUT_CALL_PARITY;DEC27=PUT_CALL_PARITY;SEP27=SERIES_FORWARD_CLUSTER;JUN29=PUT_CALL_PARITY;DEC30=PUT_CALL_PARITY,OCT26=30756.75;SEP26=30766.75;NOV26=31843.125;DEC29=29950.15;DEC26=20089;MAR27=27605.125;JUN27=24445.125;DEC27=21056.75;SEP27=36064.25,DEC26=GLOBAL_REFERENCE_OUTLIER_PUT_CALL_PARITY;JUN27=GLOBAL_REFERENCE_OUTLIER_SERIES_FORWARD_CLUSTER;DEC28=GLOBAL_REFERENCE_NO_OBSERVATION;DEC27=GLOBAL_REFERENCE_OUTLIER_SERIES_FORWARD_CLUSTER;JUN29=GLOBAL_REFERENCE_NO_OBSERVATION;DEC30=GLOBAL_REFERENCE_NO_OBSERVATION,WEIGHTED_ATM,2026-10-02,5,139,0.0,NONE,5131,4631,0,0,494,NONE,MN1;MN2;MN3;MN4;MN5;QMW;QRW;QTW;QWW,OK,NONE,NONE,2026-09-24
NAS,36750.0,137369.22259197928,0.013608299022150805,0.0,0.0,0.0,0.0,0.0,0.0,31127.04129267234,30406.45870732766,31487.332585344684,30046.167414655316,DEC26,SEP26,2026-09-25,2026-12-18,30766.75,30793.940034634394,FOUND,DEGRADED,SPOT_MONTH_FALLBACK;ESTIMATED_EXPIRY_ALIAS,2026-08-02.2,PUT_CALL_PARITY,SEP26,OCT26=PUT_CALL_PARITY;SEP26=PUT_CALL_PARITY;NOV26=SERIES_FORWARD_CLUSTER;DEC29=SERIES_FORWARD_CLUSTER;DEC26=PUT_CALL_PARITY;MAR27=SERIES_FORWARD_CLUSTER;JUN27=PUT_CALL_PARITY;DEC28=PUT_CALL_PARITY;DEC27=PUT_CALL_PARITY;SEP27=SERIES_FORWARD_CLUSTER;JUN29=PUT_CALL_PARITY;DEC30=PUT_CALL_PARITY,OCT26=30756.75;SEP26=30766.75;NOV26=31843.125;DEC29=29950.15;DEC26=20089;MAR27=27605.125;JUN27=24445.125;DEC27=21056.75;SEP27=36064.25,DEC26=GLOBAL_REFERENCE_OUTLIER_PUT_CALL_PARITY;JUN27=GLOBAL_REFERENCE_OUTLIER_SERIES_FORWARD_CLUSTER;DEC28=GLOBAL_REFERENCE_NO_OBSERVATION;DEC27=GLOBAL_REFERENCE_OUTLIER_SERIES_FORWARD_CLUSTER;JUN29=GLOBAL_REFERENCE_NO_OBSERVATION;DEC30=GLOBAL_REFERENCE_NO_OBSERVATION,WEIGHTED_ATM,2026-10-02,5,139,0.0,NONE,5131,4631,0,0,494,NONE,MN1;MN2;MN3;MN4;MN5;QMW;QRW;QTW;QWW,OK,NONE,NONE,2026-09-24
NAS,37000.0,1477168.638680511,0.15099499454307916,0.0,0.0,0.0,0.0,0.0,0.0,31127.04129267234,30406.45870732766,31487.332585344684,30046.167414655316,DEC26,SEP26,2026-09-25,2026-12-18,30766.75,30793.940034634394,FOUND,DEGRADED,SPOT_MONTH_FALLBACK;ESTIMATED_EXPIRY_ALIAS,2026-08-02.2,PUT_CALL_PARITY,SEP26,OCT26=PUT_CALL_PARITY;SEP26=PUT_CALL_PARITY;NOV26=SERIES_FORWARD_CLUSTER;DEC29=SERIES_FORWARD_CLUSTER;DEC26=PUT_CALL_PARITY;MAR27=SERIES_FORWARD_CLUSTER;JUN27=PUT_CALL_PARITY;DEC28=PUT_CALL_PARITY;DEC27=PUT_CALL_PARITY;SEP27=SERIES_FORWARD_CLUSTER;JUN29=PUT_CALL_PARITY;DEC30=PUT_CALL_PARITY,OCT26=30756.75;SEP26=30766.75;NOV26=31843.125;DEC29=29950.15;DEC26=20089;MAR27=27605.125;JUN27=24445.125;DEC27=21056.75;SEP27=36064.25,DEC26=GLOBAL_REFERENCE_OUTLIER_PUT_CALL_PARITY;JUN27=GLOBAL_REFERENCE_OUTLIER_SERIES_FORWARD_CLUSTER;DEC28=GLOBAL_REFERENCE_NO_OBSERVATION;DEC27=GLOBAL_REFERENCE_OUTLIER_SERIES_FORWARD_CLUSTER;JUN29=GLOBAL_REFERENCE_NO_OBSERVATION;DEC30=GLOBAL_REFERENCE_NO_OBSERVATION,WEIGHTED_ATM,2026-10-02,5,139,0.0,NONE,5131,4631,0,0,494,NONE,MN1;MN2;MN3;MN4;MN5;QMW;QRW;QTW;QWW,OK,NONE,NONE,2026-09-24
NAS,37500.0,702446.020681899,0.07421128858255834,0.0,0.0,0.0,0.0,0.0,0.0,31127.04129267234,30406.45870732766,31487.332585344684,30046.167414655316,DEC26,SEP26,2026-09-25,2026-12-18,30766.75,30793.940034634394,FOUND,DEGRADED,SPOT_MONTH_FALLBACK;ESTIMATED_EXPIRY_ALIAS,2026-08-02.2,PUT_CALL_PARITY,SEP26,OCT26=PUT_CALL_PARITY;SEP26=PUT_CALL_PARITY;NOV26=SERIES_FORWARD_CLUSTER;DEC29=SERIES_FORWARD_CLUSTER;DEC26=PUT_CALL_PARITY;MAR27=SERIES_FORWARD_CLUSTER;JUN27=PUT_CALL_PARITY;DEC28=PUT_CALL_PARITY;DEC27=PUT_CALL_PARITY;SEP27=SERIES_FORWARD_CLUSTER;JUN29=PUT_CALL_PARITY;DEC30=PUT_CALL_PARITY,OCT26=30756.75;SEP26=30766.75;NOV26=31843.125;DEC29=29950.15;DEC26=20089;MAR27=27605.125;JUN27=24445.125;DEC27=21056.75;SEP27=36064.25,DEC26=GLOBAL_REFERENCE_OUTLIER_PUT_CALL_PARITY;JUN27=GLOBAL_REFERENCE_OUTLIER_SERIES_FORWARD_CLUSTER;DEC28=GLOBAL_REFERENCE_NO_OBSERVATION;DEC27=GLOBAL_REFERENCE_OUTLIER_SERIES_FORWARD_CLUSTER;JUN29=GLOBAL_REFERENCE_NO_OBSERVATION;DEC30=GLOBAL_REFERENCE_NO_OBSERVATION,WEIGHTED_ATM,2026-10-02,5,139,0.0,NONE,5131,4631,0,0,494,NONE,MN1;MN2;MN3;MN4;MN5;QMW;QRW;QTW;QWW,OK,NONE,NONE,2026-09-24
NAS,38000.0,1348102.6015912266,0.1423178871619979,0.0,0.0,0.0,0.0,0.0,0.0,31127.04129267234,30406.45870732766,31487.332585344684,30046.167414655316,DEC26,SEP26,2026-09-25,2026-12-18,30766.75,30793.940034634394,FOUND,DEGRADED,SPOT_MONTH_FALLBACK;ESTIMATED_EXPIRY_ALIAS,2026-08-02.2,PUT_CALL_PARITY,SEP26,OCT26=PUT_CALL_PARITY;SEP26=PUT_CALL_PARITY;NOV26=SERIES_FORWARD_CLUSTER;DEC29=SERIES_FORWARD_CLUSTER;DEC26=PUT_CALL_PARITY;MAR27=SERIES_FORWARD_CLUSTER;JUN27=PUT_CALL_PARITY;DEC28=PUT_CALL_PARITY;DEC27=PUT_CALL_PARITY;SEP27=SERIES_FORWARD_CLUSTER;JUN29=PUT_CALL_PARITY;DEC30=PUT_CALL_PARITY,OCT26=30756.75;SEP26=30766.75;NOV26=31843.125;DEC29=29950.15;DEC26=20089;MAR27=27605.125;JUN27=24445.125;DEC27=21056.75;SEP27=36064.25,DEC26=GLOBAL_REFERENCE_OUTLIER_PUT_CALL_PARITY;JUN27=GLOBAL_REFERENCE_OUTLIER_SERIES_FORWARD_CLUSTER;DEC28=GLOBAL_REFERENCE_NO_OBSERVATION;DEC27=GLOBAL_REFERENCE_OUTLIER_SERIES_FORWARD_CLUSTER;JUN29=GLOBAL_REFERENCE_NO_OBSERVATION;DEC30=GLOBAL_REFERENCE_NO_OBSERVATION,WEIGHTED_ATM,2026-10-02,5,139,0.0,NONE,5131,4631,0,0,494,NONE,MN1;MN2;MN3;MN4;MN5;QMW;QRW;QTW;QWW,OK,NONE,NONE,2026-09-24
NAS,38500.0,309027.87095980684,0.03262596163596057,0.0,0.0,0.0,0.0,0.0,0.0,31127.04129267234,30406.45870732766,31487.332585344684,30046.167414655316,DEC26,SEP26,2026-09-25,2026-12-18,30766.75,30793.940034634394,FOUND,DEGRADED,SPOT_MONTH_FALLBACK;ESTIMATED_EXPIRY_ALIAS,2026-08-02.2,PUT_CALL_PARITY,SEP26,OCT26=PUT_CALL_PARITY;SEP26=PUT_CALL_PARITY;NOV26=SERIES_FORWARD_CLUSTER;DEC29=SERIES_FORWARD_CLUSTER;DEC26=PUT_CALL_PARITY;MAR27=SERIES_FORWARD_CLUSTER;JUN27=PUT_CALL_PARITY;DEC28=PUT_CALL_PARITY;DEC27=PUT_CALL_PARITY;SEP27=SERIES_FORWARD_CLUSTER;JUN29=PUT_CALL_PARITY;DEC30=PUT_CALL_PARITY,OCT26=30756.75;SEP26=30766.75;NOV26=31843.125;DEC29=29950.15;DEC26=20089;MAR27=27605.125;JUN27=24445.125;DEC27=21056.75;SEP27=36064.25,DEC26=GLOBAL_REFERENCE_OUTLIER_PUT_CALL_PARITY;JUN27=GLOBAL_REFERENCE_OUTLIER_SERIES_FORWARD_CLUSTER;DEC28=GLOBAL_REFERENCE_NO_OBSERVATION;DEC27=GLOBAL_REFERENCE_OUTLIER_SERIES_FORWARD_CLUSTER;JUN29=GLOBAL_REFERENCE_NO_OBSERVATION;DEC30=GLOBAL_REFERENCE_NO_OBSERVATION,WEIGHTED_ATM,2026-10-02,5,139,0.0,NONE,5131,4631,0,0,494,NONE,MN1;MN2;MN3;MN4;MN5;QMW;QRW;QTW;QWW,OK,NONE,NONE,2026-09-24
NAS,39000.0,646182.1132019163,0.06820458436952838,0.0,0.0,0.0,0.0,0.0,0.0,31127.04129267234,30406.45870732766,31487.332585344684,30046.167414655316,DEC26,SEP26,2026-09-25,2026-12-18,30766.75,30793.940034634394,FOUND,DEGRADED,SPOT_MONTH_FALLBACK;ESTIMATED_EXPIRY_ALIAS,2026-08-02.2,PUT_CALL_PARITY,SEP26,OCT26=PUT_CALL_PARITY;SEP26=PUT_CALL_PARITY;NOV26=SERIES_FORWARD_CLUSTER;DEC29=SERIES_FORWARD_CLUSTER;DEC26=PUT_CALL_PARITY;MAR27=SERIES_FORWARD_CLUSTER;JUN27=PUT_CALL_PARITY;DEC28=PUT_CALL_PARITY;DEC27=PUT_CALL_PARITY;SEP27=SERIES_FORWARD_CLUSTER;JUN29=PUT_CALL_PARITY;DEC30=PUT_CALL_PARITY,OCT26=30756.75;SEP26=30766.75;NOV26=31843.125;DEC29=29950.15;DEC26=20089;MAR27=27605.125;JUN27=24445.125;DEC27=21056.75;SEP27=36064.25,DEC26=GLOBAL_REFERENCE_OUTLIER_PUT_CALL_PARITY;JUN27=GLOBAL_REFERENCE_OUTLIER_SERIES_FORWARD_CLUSTER;DEC28=GLOBAL_REFERENCE_NO_OBSERVATION;DEC27=GLOBAL_REFERENCE_OUTLIER_SERIES_FORWARD_CLUSTER;JUN29=GLOBAL_REFERENCE_NO_OBSERVATION;DEC30=GLOBAL_REFERENCE_NO_OBSERVATION,WEIGHTED_ATM,2026-10-02,5,139,0.0,NONE,5131,4631,0,0,494,NONE,MN1;MN2;MN3;MN4;MN5;QMW;QRW;QTW;QWW,OK,NONE,NONE,2026-09-24
NAS,39500.0,304377.15182953025,0.032056254980724924,0.0,0.0,0.0,0.0,0.0,0.0,31127.04129267234,30406.45870732766,31487.332585344684,30046.167414655316,DEC26,SEP26,2026-09-25,2026-12-18,30766.75,30793.940034634394,FOUND,DEGRADED,SPOT_MONTH_FALLBACK;ESTIMATED_EXPIRY_ALIAS,2026-08-02.2,PUT_CALL_PARITY,SEP26,OCT26=PUT_CALL_PARITY;SEP26=PUT_CALL_PARITY;NOV26=SERIES_FORWARD_CLUSTER;DEC29=SERIES_FORWARD_CLUSTER;DEC26=PUT_CALL_PARITY;MAR27=SERIES_FORWARD_CLUSTER;JUN27=PUT_CALL_PARITY;DEC28=PUT_CALL_PARITY;DEC27=PUT_CALL_PARITY;SEP27=SERIES_FORWARD_CLUSTER;JUN29=PUT_CALL_PARITY;DEC30=PUT_CALL_PARITY,OCT26=30756.75;SEP26=30766.75;NOV26=31843.125;DEC29=29950.15;DEC26=20089;MAR27=27605.125;JUN27=24445.125;DEC27=21056.75;SEP27=36064.25,DEC26=GLOBAL_REFERENCE_OUTLIER_PUT_CALL_PARITY;JUN27=GLOBAL_REFERENCE_OUTLIER_SERIES_FORWARD_CLUSTER;DEC28=GLOBAL_REFERENCE_NO_OBSERVATION;DEC27=GLOBAL_REFERENCE_OUTLIER_SERIES_FORWARD_CLUSTER;JUN29=GLOBAL_REFERENCE_NO_OBSERVATION;DEC30=GLOBAL_REFERENCE_NO_OBSERVATION,WEIGHTED_ATM,2026-10-02,5,139,0.0,NONE,5131,4631,0,0,494,NONE,MN1;MN2;MN3;MN4;MN5;QMW;QRW;QTW;QWW,OK,NONE,NONE,2026-09-24
NAS,40000.0,13487.831920881064,0.0013301811280941114,0.0,0.0,0.0,0.0,0.0,0.0,31127.04129267234,30406.45870732766,31487.332585344684,30046.167414655316,DEC26,SEP26,2026-09-25,2026-12-18,30766.75,30793.940034634394,FOUND,DEGRADED,SPOT_MONTH_FALLBACK;ESTIMATED_EXPIRY_ALIAS,2026-08-02.2,PUT_CALL_PARITY,SEP26,OCT26=PUT_CALL_PARITY;SEP26=PUT_CALL_PARITY;NOV26=SERIES_FORWARD_CLUSTER;DEC29=SERIES_FORWARD_CLUSTER;DEC26=PUT_CALL_PARITY;MAR27=SERIES_FORWARD_CLUSTER;JUN27=PUT_CALL_PARITY;DEC28=PUT_CALL_PARITY;DEC27=PUT_CALL_PARITY;SEP27=SERIES_FORWARD_CLUSTER;JUN29=PUT_CALL_PARITY;DEC30=PUT_CALL_PARITY,OCT26=30756.75;SEP26=30766.75;NOV26=31843.125;DEC29=29950.15;DEC26=20089;MAR27=27605.125;JUN27=24445.125;DEC27=21056.75;SEP27=36064.25,DEC26=GLOBAL_REFERENCE_OUTLIER_PUT_CALL_PARITY;JUN27=GLOBAL_REFERENCE_OUTLIER_SERIES_FORWARD_CLUSTER;DEC28=GLOBAL_REFERENCE_NO_OBSERVATION;DEC27=GLOBAL_REFERENCE_OUTLIER_SERIES_FORWARD_CLUSTER;JUN29=GLOBAL_REFERENCE_NO_OBSERVATION;DEC30=GLOBAL_REFERENCE_NO_OBSERVATION,WEIGHTED_ATM,2026-10-02,5,139,0.0,NONE,5131,4631,0,0,494,NONE,MN1;MN2;MN3;MN4;MN5;QMW;QRW;QTW;QWW,OK,NONE,NONE,2026-09-24
NAS,40500.0,74695.26255423005,0.007366508508595146,0.0,0.0,0.0,0.0,0.0,0.0,31127.04129267234,30406.45870732766,31487.332585344684,30046.167414655316,DEC26,SEP26,2026-09-25,2026-12-18,30766.75,30793.940034634394,FOUND,DEGRADED,SPOT_MONTH_FALLBACK;ESTIMATED_EXPIRY_ALIAS,2026-08-02.2,PUT_CALL_PARITY,SEP26,OCT26=PUT_CALL_PARITY;SEP26=PUT_CALL_PARITY;NOV26=SERIES_FORWARD_CLUSTER;DEC29=SERIES_FORWARD_CLUSTER;DEC26=PUT_CALL_PARITY;MAR27=SERIES_FORWARD_CLUSTER;JUN27=PUT_CALL_PARITY;DEC28=PUT_CALL_PARITY;DEC27=PUT_CALL_PARITY;SEP27=SERIES_FORWARD_CLUSTER;JUN29=PUT_CALL_PARITY;DEC30=PUT_CALL_PARITY,OCT26=30756.75;SEP26=30766.75;NOV26=31843.125;DEC29=29950.15;DEC26=20089;MAR27=27605.125;JUN27=24445.125;DEC27=21056.75;SEP27=36064.25,DEC26=GLOBAL_REFERENCE_OUTLIER_PUT_CALL_PARITY;JUN27=GLOBAL_REFERENCE_OUTLIER_SERIES_FORWARD_CLUSTER;DEC28=GLOBAL_REFERENCE_NO_OBSERVATION;DEC27=GLOBAL_REFERENCE_OUTLIER_SERIES_FORWARD_CLUSTER;JUN29=GLOBAL_REFERENCE_NO_OBSERVATION;DEC30=GLOBAL_REFERENCE_NO_OBSERVATION,WEIGHTED_ATM,2026-10-02,5,139,0.0,NONE,5131,4631,0,0,494,NONE,MN1;MN2;MN3;MN4;MN5;QMW;QRW;QTW;QWW,OK,NONE,NONE,2026-09-24
NAS,41000.0,11709.359254037096,0.0011547866842617687,0.0,0.0,0.0,0.0,0.0,0.0,31127.04129267234,30406.45870732766,31487.332585344684,30046.167414655316,DEC26,SEP26,2026-09-25,2026-12-18,30766.75,30793.940034634394,FOUND,DEGRADED,SPOT_MONTH_FALLBACK;ESTIMATED_EXPIRY_ALIAS,2026-08-02.2,PUT_CALL_PARITY,SEP26,OCT26=PUT_CALL_PARITY;SEP26=PUT_CALL_PARITY;NOV26=SERIES_FORWARD_CLUSTER;DEC29=SERIES_FORWARD_CLUSTER;DEC26=PUT_CALL_PARITY;MAR27=SERIES_FORWARD_CLUSTER;JUN27=PUT_CALL_PARITY;DEC28=PUT_CALL_PARITY;DEC27=PUT_CALL_PARITY;SEP27=SERIES_FORWARD_CLUSTER;JUN29=PUT_CALL_PARITY;DEC30=PUT_CALL_PARITY,OCT26=30756.75;SEP26=30766.75;NOV26=31843.125;DEC29=29950.15;DEC26=20089;MAR27=27605.125;JUN27=24445.125;DEC27=21056.75;SEP27=36064.25,DEC26=GLOBAL_REFERENCE_OUTLIER_PUT_CALL_PARITY;JUN27=GLOBAL_REFERENCE_OUTLIER_SERIES_FORWARD_CLUSTER;DEC28=GLOBAL_REFERENCE_NO_OBSERVATION;DEC27=GLOBAL_REFERENCE_OUTLIER_SERIES_FORWARD_CLUSTER;JUN29=GLOBAL_REFERENCE_NO_OBSERVATION;DEC30=GLOBAL_REFERENCE_NO_OBSERVATION,WEIGHTED_ATM,2026-10-02,5,139,0.0,NONE,5131,4631,0,0,494,NONE,MN1;MN2;MN3;MN4;MN5;QMW;QRW;QTW;QWW,OK,NONE,NONE,2026-09-24
NAS,41500.0,0.0,0.0,0.0,0.0,0.0,0.0,0.0,0.0,31127.04129267234,30406.45870732766,31487.332585344684,30046.167414655316,DEC26,SEP26,2026-09-25,2026-12-18,30766.75,30793.940034634394,FOUND,DEGRADED,SPOT_MONTH_FALLBACK;ESTIMATED_EXPIRY_ALIAS,2026-08-02.2,PUT_CALL_PARITY,SEP26,OCT26=PUT_CALL_PARITY;SEP26=PUT_CALL_PARITY;NOV26=SERIES_FORWARD_CLUSTER;DEC29=SERIES_FORWARD_CLUSTER;DEC26=PUT_CALL_PARITY;MAR27=SERIES_FORWARD_CLUSTER;JUN27=PUT_CALL_PARITY;DEC28=PUT_CALL_PARITY;DEC27=PUT_CALL_PARITY;SEP27=SERIES_FORWARD_CLUSTER;JUN29=PUT_CALL_PARITY;DEC30=PUT_CALL_PARITY,OCT26=30756.75;SEP26=30766.75;NOV26=31843.125;DEC29=29950.15;DEC26=20089;MAR27=27605.125;JUN27=24445.125;DEC27=21056.75;SEP27=36064.25,DEC26=GLOBAL_REFERENCE_OUTLIER_PUT_CALL_PARITY;JUN27=GLOBAL_REFERENCE_OUTLIER_SERIES_FORWARD_CLUSTER;DEC28=GLOBAL_REFERENCE_NO_OBSERVATION;DEC27=GLOBAL_REFERENCE_OUTLIER_SERIES_FORWARD_CLUSTER;JUN29=GLOBAL_REFERENCE_NO_OBSERVATION;DEC30=GLOBAL_REFERENCE_NO_OBSERVATION,WEIGHTED_ATM,2026-10-02,5,139,0.0,NONE,5131,4631,0,0,494,NONE,MN1;MN2;MN3;MN4;MN5;QMW;QRW;QTW;QWW,OK,NONE,NONE,2026-09-24
NAS,42000.0,0.0,0.0,0.0,0.0,0.0,0.0,0.0,0.0,31127.04129267234,30406.45870732766,31487.332585344684,30046.167414655316,DEC26,SEP26,2026-09-25,2026-12-18,30766.75,30793.940034634394,FOUND,DEGRADED,SPOT_MONTH_FALLBACK;ESTIMATED_EXPIRY_ALIAS,2026-08-02.2,PUT_CALL_PARITY,SEP26,OCT26=PUT_CALL_PARITY;SEP26=PUT_CALL_PARITY;NOV26=SERIES_FORWARD_CLUSTER;DEC29=SERIES_FORWARD_CLUSTER;DEC26=PUT_CALL_PARITY;MAR27=SERIES_FORWARD_CLUSTER;JUN27=PUT_CALL_PARITY;DEC28=PUT_CALL_PARITY;DEC27=PUT_CALL_PARITY;SEP27=SERIES_FORWARD_CLUSTER;JUN29=PUT_CALL_PARITY;DEC30=PUT_CALL_PARITY,OCT26=30756.75;SEP26=30766.75;NOV26=31843.125;DEC29=29950.15;DEC26=20089;MAR27=27605.125;JUN27=24445.125;DEC27=21056.75;SEP27=36064.25,DEC26=GLOBAL_REFERENCE_OUTLIER_PUT_CALL_PARITY;JUN27=GLOBAL_REFERENCE_OUTLIER_SERIES_FORWARD_CLUSTER;DEC28=GLOBAL_REFERENCE_NO_OBSERVATION;DEC27=GLOBAL_REFERENCE_OUTLIER_SERIES_FORWARD_CLUSTER;JUN29=GLOBAL_REFERENCE_NO_OBSERVATION;DEC30=GLOBAL_REFERENCE_NO_OBSERVATION,WEIGHTED_ATM,2026-10-02,5,139,0.0,NONE,5131,4631,0,0,494,NONE,MN1;MN2;MN3;MN4;MN5;QMW;QRW;QTW;QWW,OK,NONE,NONE,2026-09-24
NAS,42500.0,0.0,0.0,0.0,0.0,0.0,0.0,0.0,0.0,31127.04129267234,30406.45870732766,31487.332585344684,30046.167414655316,DEC26,SEP26,2026-09-25,2026-12-18,30766.75,30793.940034634394,FOUND,DEGRADED,SPOT_MONTH_FALLBACK;ESTIMATED_EXPIRY_ALIAS,2026-08-02.2,PUT_CALL_PARITY,SEP26,OCT26=PUT_CALL_PARITY;SEP26=PUT_CALL_PARITY;NOV26=SERIES_FORWARD_CLUSTER;DEC29=SERIES_FORWARD_CLUSTER;DEC26=PUT_CALL_PARITY;MAR27=SERIES_FORWARD_CLUSTER;JUN27=PUT_CALL_PARITY;DEC28=PUT_CALL_PARITY;DEC27=PUT_CALL_PARITY;SEP27=SERIES_FORWARD_CLUSTER;JUN29=PUT_CALL_PARITY;DEC30=PUT_CALL_PARITY,OCT26=30756.75;SEP26=30766.75;NOV26=31843.125;DEC29=29950.15;DEC26=20089;MAR27=27605.125;JUN27=24445.125;DEC27=21056.75;SEP27=36064.25,DEC26=GLOBAL_REFERENCE_OUTLIER_PUT_CALL_PARITY;JUN27=GLOBAL_REFERENCE_OUTLIER_SERIES_FORWARD_CLUSTER;DEC28=GLOBAL_REFERENCE_NO_OBSERVATION;DEC27=GLOBAL_REFERENCE_OUTLIER_SERIES_FORWARD_CLUSTER;JUN29=GLOBAL_REFERENCE_NO_OBSERVATION;DEC30=GLOBAL_REFERENCE_NO_OBSERVATION,WEIGHTED_ATM,2026-10-02,5,139,0.0,NONE,5131,4631,0,0,494,NONE,MN1;MN2;MN3;MN4;MN5;QMW;QRW;QTW;QWW,OK,NONE,NONE,2026-09-24
NAS,43000.0,0.0,0.0,0.0,0.0,0.0,0.0,0.0,0.0,31127.04129267234,30406.45870732766,31487.332585344684,30046.167414655316,DEC26,SEP26,2026-09-25,2026-12-18,30766.75,30793.940034634394,FOUND,DEGRADED,SPOT_MONTH_FALLBACK;ESTIMATED_EXPIRY_ALIAS,2026-08-02.2,PUT_CALL_PARITY,SEP26,OCT26=PUT_CALL_PARITY;SEP26=PUT_CALL_PARITY;NOV26=SERIES_FORWARD_CLUSTER;DEC29=SERIES_FORWARD_CLUSTER;DEC26=PUT_CALL_PARITY;MAR27=SERIES_FORWARD_CLUSTER;JUN27=PUT_CALL_PARITY;DEC28=PUT_CALL_PARITY;DEC27=PUT_CALL_PARITY;SEP27=SERIES_FORWARD_CLUSTER;JUN29=PUT_CALL_PARITY;DEC30=PUT_CALL_PARITY,OCT26=30756.75;SEP26=30766.75;NOV26=31843.125;DEC29=29950.15;DEC26=20089;MAR27=27605.125;JUN27=24445.125;DEC27=21056.75;SEP27=36064.25,DEC26=GLOBAL_REFERENCE_OUTLIER_PUT_CALL_PARITY;JUN27=GLOBAL_REFERENCE_OUTLIER_SERIES_FORWARD_CLUSTER;DEC28=GLOBAL_REFERENCE_NO_OBSERVATION;DEC27=GLOBAL_REFERENCE_OUTLIER_SERIES_FORWARD_CLUSTER;JUN29=GLOBAL_REFERENCE_NO_OBSERVATION;DEC30=GLOBAL_REFERENCE_NO_OBSERVATION,WEIGHTED_ATM,2026-10-02,5,139,0.0,NONE,5131,4631,0,0,494,NONE,MN1;MN2;MN3;MN4;MN5;QMW;QRW;QTW;QWW,OK,NONE,NONE,2026-09-24
NAS,43500.0,0.0,0.0,0.0,0.0,0.0,0.0,0.0,0.0,31127.04129267234,30406.45870732766,31487.332585344684,30046.167414655316,DEC26,SEP26,2026-09-25,2026-12-18,30766.75,30793.940034634394,FOUND,DEGRADED,SPOT_MONTH_FALLBACK;ESTIMATED_EXPIRY_ALIAS,2026-08-02.2,PUT_CALL_PARITY,SEP26,OCT26=PUT_CALL_PARITY;SEP26=PUT_CALL_PARITY;NOV26=SERIES_FORWARD_CLUSTER;DEC29=SERIES_FORWARD_CLUSTER;DEC26=PUT_CALL_PARITY;MAR27=SERIES_FORWARD_CLUSTER;JUN27=PUT_CALL_PARITY;DEC28=PUT_CALL_PARITY;DEC27=PUT_CALL_PARITY;SEP27=SERIES_FORWARD_CLUSTER;JUN29=PUT_CALL_PARITY;DEC30=PUT_CALL_PARITY,OCT26=30756.75;SEP26=30766.75;NOV26=31843.125;DEC29=29950.15;DEC26=20089;MAR27=27605.125;JUN27=24445.125;DEC27=21056.75;SEP27=36064.25,DEC26=GLOBAL_REFERENCE_OUTLIER_PUT_CALL_PARITY;JUN27=GLOBAL_REFERENCE_OUTLIER_SERIES_FORWARD_CLUSTER;DEC28=GLOBAL_REFERENCE_NO_OBSERVATION;DEC27=GLOBAL_REFERENCE_OUTLIER_SERIES_FORWARD_CLUSTER;JUN29=GLOBAL_REFERENCE_NO_OBSERVATION;DEC30=GLOBAL_REFERENCE_NO_OBSERVATION,WEIGHTED_ATM,2026-10-02,5,139,0.0,NONE,5131,4631,0,0,494,NONE,MN1;MN2;MN3;MN4;MN5;QMW;QRW;QTW;QWW,OK,NONE,NONE,2026-09-24
NAS,44000.0,0.0,0.0,0.0,0.0,0.0,0.0,0.0,0.0,31127.04129267234,30406.45870732766,31487.332585344684,30046.167414655316,DEC26,SEP26,2026-09-25,2026-12-18,30766.75,30793.940034634394,FOUND,DEGRADED,SPOT_MONTH_FALLBACK;ESTIMATED_EXPIRY_ALIAS,2026-08-02.2,PUT_CALL_PARITY,SEP26,OCT26=PUT_CALL_PARITY;SEP26=PUT_CALL_PARITY;NOV26=SERIES_FORWARD_CLUSTER;DEC29=SERIES_FORWARD_CLUSTER;DEC26=PUT_CALL_PARITY;MAR27=SERIES_FORWARD_CLUSTER;JUN27=PUT_CALL_PARITY;DEC28=PUT_CALL_PARITY;DEC27=PUT_CALL_PARITY;SEP27=SERIES_FORWARD_CLUSTER;JUN29=PUT_CALL_PARITY;DEC30=PUT_CALL_PARITY,OCT26=30756.75;SEP26=30766.75;NOV26=31843.125;DEC29=29950.15;DEC26=20089;MAR27=27605.125;JUN27=24445.125;DEC27=21056.75;SEP27=36064.25,DEC26=GLOBAL_REFERENCE_OUTLIER_PUT_CALL_PARITY;JUN27=GLOBAL_REFERENCE_OUTLIER_SERIES_FORWARD_CLUSTER;DEC28=GLOBAL_REFERENCE_NO_OBSERVATION;DEC27=GLOBAL_REFERENCE_OUTLIER_SERIES_FORWARD_CLUSTER;JUN29=GLOBAL_REFERENCE_NO_OBSERVATION;DEC30=GLOBAL_REFERENCE_NO_OBSERVATION,WEIGHTED_ATM,2026-10-02,5,139,0.0,NONE,5131,4631,0,0,494,NONE,MN1;MN2;MN3;MN4;MN5;QMW;QRW;QTW;QWW,OK,NONE,NONE,2026-09-24
NAS,44500.0,0.0,0.0,0.0,0.0,0.0,0.0,0.0,0.0,31127.04129267234,30406.45870732766,31487.332585344684,30046.167414655316,DEC26,SEP26,2026-09-25,2026-12-18,30766.75,30793.940034634394,FOUND,DEGRADED,SPOT_MONTH_FALLBACK;ESTIMATED_EXPIRY_ALIAS,2026-08-02.2,PUT_CALL_PARITY,SEP26,OCT26=PUT_CALL_PARITY;SEP26=PUT_CALL_PARITY;NOV26=SERIES_FORWARD_CLUSTER;DEC29=SERIES_FORWARD_CLUSTER;DEC26=PUT_CALL_PARITY;MAR27=SERIES_FORWARD_CLUSTER;JUN27=PUT_CALL_PARITY;DEC28=PUT_CALL_PARITY;DEC27=PUT_CALL_PARITY;SEP27=SERIES_FORWARD_CLUSTER;JUN29=PUT_CALL_PARITY;DEC30=PUT_CALL_PARITY,OCT26=30756.75;SEP26=30766.75;NOV26=31843.125;DEC29=29950.15;DEC26=20089;MAR27=27605.125;JUN27=24445.125;DEC27=21056.75;SEP27=36064.25,DEC26=GLOBAL_REFERENCE_OUTLIER_PUT_CALL_PARITY;JUN27=GLOBAL_REFERENCE_OUTLIER_SERIES_FORWARD_CLUSTER;DEC28=GLOBAL_REFERENCE_NO_OBSERVATION;DEC27=GLOBAL_REFERENCE_OUTLIER_SERIES_FORWARD_CLUSTER;JUN29=GLOBAL_REFERENCE_NO_OBSERVATION;DEC30=GLOBAL_REFERENCE_NO_OBSERVATION,WEIGHTED_ATM,2026-10-02,5,139,0.0,NONE,5131,4631,0,0,494,NONE,MN1;MN2;MN3;MN4;MN5;QMW;QRW;QTW;QWW,OK,NONE,NONE,2026-09-24
NAS,45500.0,0.0,0.0,0.0,0.0,0.0,0.0,0.0,0.0,31127.04129267234,30406.45870732766,31487.332585344684,30046.167414655316,DEC26,SEP26,2026-09-25,2026-12-18,30766.75,30793.940034634394,FOUND,DEGRADED,SPOT_MONTH_FALLBACK;ESTIMATED_EXPIRY_ALIAS,2026-08-02.2,PUT_CALL_PARITY,SEP26,OCT26=PUT_CALL_PARITY;SEP26=PUT_CALL_PARITY;NOV26=SERIES_FORWARD_CLUSTER;DEC29=SERIES_FORWARD_CLUSTER;DEC26=PUT_CALL_PARITY;MAR27=SERIES_FORWARD_CLUSTER;JUN27=PUT_CALL_PARITY;DEC28=PUT_CALL_PARITY;DEC27=PUT_CALL_PARITY;SEP27=SERIES_FORWARD_CLUSTER;JUN29=PUT_CALL_PARITY;DEC30=PUT_CALL_PARITY,OCT26=30756.75;SEP26=30766.75;NOV26=31843.125;DEC29=29950.15;DEC26=20089;MAR27=27605.125;JUN27=24445.125;DEC27=21056.75;SEP27=36064.25,DEC26=GLOBAL_REFERENCE_OUTLIER_PUT_CALL_PARITY;JUN27=GLOBAL_REFERENCE_OUTLIER_SERIES_FORWARD_CLUSTER;DEC28=GLOBAL_REFERENCE_NO_OBSERVATION;DEC27=GLOBAL_REFERENCE_OUTLIER_SERIES_FORWARD_CLUSTER;JUN29=GLOBAL_REFERENCE_NO_OBSERVATION;DEC30=GLOBAL_REFERENCE_NO_OBSERVATION,WEIGHTED_ATM,2026-10-02,5,139,0.0,NONE,5131,4631,0,0,494,NONE,MN1;MN2;MN3;MN4;MN5;QMW;QRW;QTW;QWW,OK,NONE,NONE,2026-09-24
NAS,46500.0,0.0,0.0,0.0,0.0,0.0,0.0,0.0,0.0,31127.04129267234,30406.45870732766,31487.332585344684,30046.167414655316,DEC26,SEP26,2026-09-25,2026-12-18,30766.75,30793.940034634394,FOUND,DEGRADED,SPOT_MONTH_FALLBACK;ESTIMATED_EXPIRY_ALIAS,2026-08-02.2,PUT_CALL_PARITY,SEP26,OCT26=PUT_CALL_PARITY;SEP26=PUT_CALL_PARITY;NOV26=SERIES_FORWARD_CLUSTER;DEC29=SERIES_FORWARD_CLUSTER;DEC26=PUT_CALL_PARITY;MAR27=SERIES_FORWARD_CLUSTER;JUN27=PUT_CALL_PARITY;DEC28=PUT_CALL_PARITY;DEC27=PUT_CALL_PARITY;SEP27=SERIES_FORWARD_CLUSTER;JUN29=PUT_CALL_PARITY;DEC30=PUT_CALL_PARITY,OCT26=30756.75;SEP26=30766.75;NOV26=31843.125;DEC29=29950.15;DEC26=20089;MAR27=27605.125;JUN27=24445.125;DEC27=21056.75;SEP27=36064.25,DEC26=GLOBAL_REFERENCE_OUTLIER_PUT_CALL_PARITY;JUN27=GLOBAL_REFERENCE_OUTLIER_SERIES_FORWARD_CLUSTER;DEC28=GLOBAL_REFERENCE_NO_OBSERVATION;DEC27=GLOBAL_REFERENCE_OUTLIER_SERIES_FORWARD_CLUSTER;JUN29=GLOBAL_REFERENCE_NO_OBSERVATION;DEC30=GLOBAL_REFERENCE_NO_OBSERVATION,WEIGHTED_ATM,2026-10-02,5,139,0.0,NONE,5131,4631,0,0,494,NONE,MN1;MN2;MN3;MN4;MN5;QMW;QRW;QTW;QWW,OK,NONE,NONE,2026-09-24
NAS,47500.0,0.0,0.0,0.0,0.0,0.0,0.0,0.0,0.0,31127.04129267234,30406.45870732766,31487.332585344684,30046.167414655316,DEC26,SEP26,2026-09-25,2026-12-18,30766.75,30793.940034634394,FOUND,DEGRADED,SPOT_MONTH_FALLBACK;ESTIMATED_EXPIRY_ALIAS,2026-08-02.2,PUT_CALL_PARITY,SEP26,OCT26=PUT_CALL_PARITY;SEP26=PUT_CALL_PARITY;NOV26=SERIES_FORWARD_CLUSTER;DEC29=SERIES_FORWARD_CLUSTER;DEC26=PUT_CALL_PARITY;MAR27=SERIES_FORWARD_CLUSTER;JUN27=PUT_CALL_PARITY;DEC28=PUT_CALL_PARITY;DEC27=PUT_CALL_PARITY;SEP27=SERIES_FORWARD_CLUSTER;JUN29=PUT_CALL_PARITY;DEC30=PUT_CALL_PARITY,OCT26=30756.75;SEP26=30766.75;NOV26=31843.125;DEC29=29950.15;DEC26=20089;MAR27=27605.125;JUN27=24445.125;DEC27=21056.75;SEP27=36064.25,DEC26=GLOBAL_REFERENCE_OUTLIER_PUT_CALL_PARITY;JUN27=GLOBAL_REFERENCE_OUTLIER_SERIES_FORWARD_CLUSTER;DEC28=GLOBAL_REFERENCE_NO_OBSERVATION;DEC27=GLOBAL_REFERENCE_OUTLIER_SERIES_FORWARD_CLUSTER;JUN29=GLOBAL_REFERENCE_NO_OBSERVATION;DEC30=GLOBAL_REFERENCE_NO_OBSERVATION,WEIGHTED_ATM,2026-10-02,5,139,0.0,NONE,5131,4631,0,0,494,NONE,MN1;MN2;MN3;MN4;MN5;QMW;QRW;QTW;QWW,OK,NONE,NONE,2026-09-24
NAS,49000.0,0.0,0.0,0.0,0.0,0.0,0.0,0.0,0.0,31127.04129267234,30406.45870732766,31487.332585344684,30046.167414655316,DEC26,SEP26,2026-09-25,2026-12-18,30766.75,30793.940034634394,FOUND,DEGRADED,SPOT_MONTH_FALLBACK;ESTIMATED_EXPIRY_ALIAS,2026-08-02.2,PUT_CALL_PARITY,SEP26,OCT26=PUT_CALL_PARITY;SEP26=PUT_CALL_PARITY;NOV26=SERIES_FORWARD_CLUSTER;DEC29=SERIES_FORWARD_CLUSTER;DEC26=PUT_CALL_PARITY;MAR27=SERIES_FORWARD_CLUSTER;JUN27=PUT_CALL_PARITY;DEC28=PUT_CALL_PARITY;DEC27=PUT_CALL_PARITY;SEP27=SERIES_FORWARD_CLUSTER;JUN29=PUT_CALL_PARITY;DEC30=PUT_CALL_PARITY,OCT26=30756.75;SEP26=30766.75;NOV26=31843.125;DEC29=29950.15;DEC26=20089;MAR27=27605.125;JUN27=24445.125;DEC27=21056.75;SEP27=36064.25,DEC26=GLOBAL_REFERENCE_OUTLIER_PUT_CALL_PARITY;JUN27=GLOBAL_REFERENCE_OUTLIER_SERIES_FORWARD_CLUSTER;DEC28=GLOBAL_REFERENCE_NO_OBSERVATION;DEC27=GLOBAL_REFERENCE_OUTLIER_SERIES_FORWARD_CLUSTER;JUN29=GLOBAL_REFERENCE_NO_OBSERVATION;DEC30=GLOBAL_REFERENCE_NO_OBSERVATION,WEIGHTED_ATM,2026-10-02,5,139,0.0,NONE,5131,4631,0,0,494,NONE,MN1;MN2;MN3;MN4;MN5;QMW;QRW;QTW;QWW,OK,NONE,NONE,2026-09-24
