Currency,Strike,Total_GEX,Total_Abs_Gamma,Daily_Call_Settle,Daily_Call_OI,Daily_Put_Settle,Daily_Put_OI,Global_Call_OI,Global_Put_OI,R68_High,R68_Low,R95_High,R95_Low,Global_Month,Daily_Month,Daily_Expiry,Global_Expiry,Futures_Spot,Gamma_Flip,Gamma_Flip_Status,Quality_Status,Quality_Reasons,Series_Catalog_Version,Spot_Source,Spot_Reference_Month,Spot_Month_Sources,Spot_Observed_Values,Spot_Fallback_Details,IV_Source,IV_Expiry,IV_DTE,IV_Input_Rows,IV_Reference_Strike,IV_Fallback_Reason,Input_Rows,Used_Rows,Excluded_Unknown_Rows,Excluded_Unresolved_Expiry_Rows,Excluded_Expired_Rows,Unknown_Option_Types,Estimated_Expiry_Types,Anomaly_Status,Anomaly_Codes,Anomaly_Details,Anomaly_Baseline_Date
NAS,10000.0,0.0,0.0,0.0,0.0,0.0,0.0,0.0,0.0,31097.76071498286,30471.23928501714,31411.021429965713,30157.978570034287,DEC26,SEP26,2026-09-23,2026-12-18,30784.5,29969.045028362125,FOUND,DEGRADED,SPOT_MONTH_FALLBACK;ESTIMATED_EXPIRY_ALIAS,2026-08-02.2,PUT_CALL_PARITY,SEP26,SEP26=PUT_CALL_PARITY;OCT26=PUT_CALL_PARITY;DEC29=SERIES_FORWARD_CLUSTER;DEC26=SERIES_FORWARD_CLUSTER;NOV26=SERIES_FORWARD_CLUSTER;MAR27=SERIES_FORWARD_CLUSTER;DEC28=PUT_CALL_PARITY;JUN27=PUT_CALL_PARITY;DEC27=PUT_CALL_PARITY;SEP27=SERIES_FORWARD_CLUSTER;JUN29=PUT_CALL_PARITY;DEC30=PUT_CALL_PARITY,SEP26=30784.5;OCT26=30771.875;DEC29=30567.375;DEC26=25293.875;NOV26=31207.875;MAR27=27605.375;JUN27=24447;DEC27=21051.75;SEP27=36072.5,DEC28=GLOBAL_REFERENCE_NO_OBSERVATION;JUN27=GLOBAL_REFERENCE_OUTLIER_SERIES_FORWARD_CLUSTER;DEC27=GLOBAL_REFERENCE_OUTLIER_SERIES_FORWARD_CLUSTER;JUN29=GLOBAL_REFERENCE_NO_OBSERVATION;DEC30=GLOBAL_REFERENCE_NO_OBSERVATION,WEIGHTED_ATM,2026-09-30,6,120,0.0,NONE,5139,4967,0,0,165,NONE,MN1;MN2;MN3;MN4;MN5;QMW;QRW;QTW;QWW,OK,NONE,NONE,2026-09-21
NAS,10500.0,0.0,0.0,0.0,0.0,0.0,0.0,0.0,0.0,31097.76071498286,30471.23928501714,31411.021429965713,30157.978570034287,DEC26,SEP26,2026-09-23,2026-12-18,30784.5,29969.045028362125,FOUND,DEGRADED,SPOT_MONTH_FALLBACK;ESTIMATED_EXPIRY_ALIAS,2026-08-02.2,PUT_CALL_PARITY,SEP26,SEP26=PUT_CALL_PARITY;OCT26=PUT_CALL_PARITY;DEC29=SERIES_FORWARD_CLUSTER;DEC26=SERIES_FORWARD_CLUSTER;NOV26=SERIES_FORWARD_CLUSTER;MAR27=SERIES_FORWARD_CLUSTER;DEC28=PUT_CALL_PARITY;JUN27=PUT_CALL_PARITY;DEC27=PUT_CALL_PARITY;SEP27=SERIES_FORWARD_CLUSTER;JUN29=PUT_CALL_PARITY;DEC30=PUT_CALL_PARITY,SEP26=30784.5;OCT26=30771.875;DEC29=30567.375;DEC26=25293.875;NOV26=31207.875;MAR27=27605.375;JUN27=24447;DEC27=21051.75;SEP27=36072.5,DEC28=GLOBAL_REFERENCE_NO_OBSERVATION;JUN27=GLOBAL_REFERENCE_OUTLIER_SERIES_FORWARD_CLUSTER;DEC27=GLOBAL_REFERENCE_OUTLIER_SERIES_FORWARD_CLUSTER;JUN29=GLOBAL_REFERENCE_NO_OBSERVATION;DEC30=GLOBAL_REFERENCE_NO_OBSERVATION,WEIGHTED_ATM,2026-09-30,6,120,0.0,NONE,5139,4967,0,0,165,NONE,MN1;MN2;MN3;MN4;MN5;QMW;QRW;QTW;QWW,OK,NONE,NONE,2026-09-21
NAS,11000.0,0.0,0.0,0.0,0.0,0.0,0.0,0.0,0.0,31097.76071498286,30471.23928501714,31411.021429965713,30157.978570034287,DEC26,SEP26,2026-09-23,2026-12-18,30784.5,29969.045028362125,FOUND,DEGRADED,SPOT_MONTH_FALLBACK;ESTIMATED_EXPIRY_ALIAS,2026-08-02.2,PUT_CALL_PARITY,SEP26,SEP26=PUT_CALL_PARITY;OCT26=PUT_CALL_PARITY;DEC29=SERIES_FORWARD_CLUSTER;DEC26=SERIES_FORWARD_CLUSTER;NOV26=SERIES_FORWARD_CLUSTER;MAR27=SERIES_FORWARD_CLUSTER;DEC28=PUT_CALL_PARITY;JUN27=PUT_CALL_PARITY;DEC27=PUT_CALL_PARITY;SEP27=SERIES_FORWARD_CLUSTER;JUN29=PUT_CALL_PARITY;DEC30=PUT_CALL_PARITY,SEP26=30784.5;OCT26=30771.875;DEC29=30567.375;DEC26=25293.875;NOV26=31207.875;MAR27=27605.375;JUN27=24447;DEC27=21051.75;SEP27=36072.5,DEC28=GLOBAL_REFERENCE_NO_OBSERVATION;JUN27=GLOBAL_REFERENCE_OUTLIER_SERIES_FORWARD_CLUSTER;DEC27=GLOBAL_REFERENCE_OUTLIER_SERIES_FORWARD_CLUSTER;JUN29=GLOBAL_REFERENCE_NO_OBSERVATION;DEC30=GLOBAL_REFERENCE_NO_OBSERVATION,WEIGHTED_ATM,2026-09-30,6,120,0.0,NONE,5139,4967,0,0,165,NONE,MN1;MN2;MN3;MN4;MN5;QMW;QRW;QTW;QWW,OK,NONE,NONE,2026-09-21
NAS,11500.0,0.0,0.0,0.0,0.0,0.0,0.0,0.0,0.0,31097.76071498286,30471.23928501714,31411.021429965713,30157.978570034287,DEC26,SEP26,2026-09-23,2026-12-18,30784.5,29969.045028362125,FOUND,DEGRADED,SPOT_MONTH_FALLBACK;ESTIMATED_EXPIRY_ALIAS,2026-08-02.2,PUT_CALL_PARITY,SEP26,SEP26=PUT_CALL_PARITY;OCT26=PUT_CALL_PARITY;DEC29=SERIES_FORWARD_CLUSTER;DEC26=SERIES_FORWARD_CLUSTER;NOV26=SERIES_FORWARD_CLUSTER;MAR27=SERIES_FORWARD_CLUSTER;DEC28=PUT_CALL_PARITY;JUN27=PUT_CALL_PARITY;DEC27=PUT_CALL_PARITY;SEP27=SERIES_FORWARD_CLUSTER;JUN29=PUT_CALL_PARITY;DEC30=PUT_CALL_PARITY,SEP26=30784.5;OCT26=30771.875;DEC29=30567.375;DEC26=25293.875;NOV26=31207.875;MAR27=27605.375;JUN27=24447;DEC27=21051.75;SEP27=36072.5,DEC28=GLOBAL_REFERENCE_NO_OBSERVATION;JUN27=GLOBAL_REFERENCE_OUTLIER_SERIES_FORWARD_CLUSTER;DEC27=GLOBAL_REFERENCE_OUTLIER_SERIES_FORWARD_CLUSTER;JUN29=GLOBAL_REFERENCE_NO_OBSERVATION;DEC30=GLOBAL_REFERENCE_NO_OBSERVATION,WEIGHTED_ATM,2026-09-30,6,120,0.0,NONE,5139,4967,0,0,165,NONE,MN1;MN2;MN3;MN4;MN5;QMW;QRW;QTW;QWW,OK,NONE,NONE,2026-09-21
NAS,12000.0,0.0,0.0,0.0,0.0,0.0,0.0,0.0,0.0,31097.76071498286,30471.23928501714,31411.021429965713,30157.978570034287,DEC26,SEP26,2026-09-23,2026-12-18,30784.5,29969.045028362125,FOUND,DEGRADED,SPOT_MONTH_FALLBACK;ESTIMATED_EXPIRY_ALIAS,2026-08-02.2,PUT_CALL_PARITY,SEP26,SEP26=PUT_CALL_PARITY;OCT26=PUT_CALL_PARITY;DEC29=SERIES_FORWARD_CLUSTER;DEC26=SERIES_FORWARD_CLUSTER;NOV26=SERIES_FORWARD_CLUSTER;MAR27=SERIES_FORWARD_CLUSTER;DEC28=PUT_CALL_PARITY;JUN27=PUT_CALL_PARITY;DEC27=PUT_CALL_PARITY;SEP27=SERIES_FORWARD_CLUSTER;JUN29=PUT_CALL_PARITY;DEC30=PUT_CALL_PARITY,SEP26=30784.5;OCT26=30771.875;DEC29=30567.375;DEC26=25293.875;NOV26=31207.875;MAR27=27605.375;JUN27=24447;DEC27=21051.75;SEP27=36072.5,DEC28=GLOBAL_REFERENCE_NO_OBSERVATION;JUN27=GLOBAL_REFERENCE_OUTLIER_SERIES_FORWARD_CLUSTER;DEC27=GLOBAL_REFERENCE_OUTLIER_SERIES_FORWARD_CLUSTER;JUN29=GLOBAL_REFERENCE_NO_OBSERVATION;DEC30=GLOBAL_REFERENCE_NO_OBSERVATION,WEIGHTED_ATM,2026-09-30,6,120,0.0,NONE,5139,4967,0,0,165,NONE,MN1;MN2;MN3;MN4;MN5;QMW;QRW;QTW;QWW,OK,NONE,NONE,2026-09-21
NAS,12500.0,0.0,0.0,0.0,0.0,0.0,0.0,0.0,0.0,31097.76071498286,30471.23928501714,31411.021429965713,30157.978570034287,DEC26,SEP26,2026-09-23,2026-12-18,30784.5,29969.045028362125,FOUND,DEGRADED,SPOT_MONTH_FALLBACK;ESTIMATED_EXPIRY_ALIAS,2026-08-02.2,PUT_CALL_PARITY,SEP26,SEP26=PUT_CALL_PARITY;OCT26=PUT_CALL_PARITY;DEC29=SERIES_FORWARD_CLUSTER;DEC26=SERIES_FORWARD_CLUSTER;NOV26=SERIES_FORWARD_CLUSTER;MAR27=SERIES_FORWARD_CLUSTER;DEC28=PUT_CALL_PARITY;JUN27=PUT_CALL_PARITY;DEC27=PUT_CALL_PARITY;SEP27=SERIES_FORWARD_CLUSTER;JUN29=PUT_CALL_PARITY;DEC30=PUT_CALL_PARITY,SEP26=30784.5;OCT26=30771.875;DEC29=30567.375;DEC26=25293.875;NOV26=31207.875;MAR27=27605.375;JUN27=24447;DEC27=21051.75;SEP27=36072.5,DEC28=GLOBAL_REFERENCE_NO_OBSERVATION;JUN27=GLOBAL_REFERENCE_OUTLIER_SERIES_FORWARD_CLUSTER;DEC27=GLOBAL_REFERENCE_OUTLIER_SERIES_FORWARD_CLUSTER;JUN29=GLOBAL_REFERENCE_NO_OBSERVATION;DEC30=GLOBAL_REFERENCE_NO_OBSERVATION,WEIGHTED_ATM,2026-09-30,6,120,0.0,NONE,5139,4967,0,0,165,NONE,MN1;MN2;MN3;MN4;MN5;QMW;QRW;QTW;QWW,OK,NONE,NONE,2026-09-21
NAS,13000.0,0.0,0.0,0.0,0.0,0.0,0.0,0.0,0.0,31097.76071498286,30471.23928501714,31411.021429965713,30157.978570034287,DEC26,SEP26,2026-09-23,2026-12-18,30784.5,29969.045028362125,FOUND,DEGRADED,SPOT_MONTH_FALLBACK;ESTIMATED_EXPIRY_ALIAS,2026-08-02.2,PUT_CALL_PARITY,SEP26,SEP26=PUT_CALL_PARITY;OCT26=PUT_CALL_PARITY;DEC29=SERIES_FORWARD_CLUSTER;DEC26=SERIES_FORWARD_CLUSTER;NOV26=SERIES_FORWARD_CLUSTER;MAR27=SERIES_FORWARD_CLUSTER;DEC28=PUT_CALL_PARITY;JUN27=PUT_CALL_PARITY;DEC27=PUT_CALL_PARITY;SEP27=SERIES_FORWARD_CLUSTER;JUN29=PUT_CALL_PARITY;DEC30=PUT_CALL_PARITY,SEP26=30784.5;OCT26=30771.875;DEC29=30567.375;DEC26=25293.875;NOV26=31207.875;MAR27=27605.375;JUN27=24447;DEC27=21051.75;SEP27=36072.5,DEC28=GLOBAL_REFERENCE_NO_OBSERVATION;JUN27=GLOBAL_REFERENCE_OUTLIER_SERIES_FORWARD_CLUSTER;DEC27=GLOBAL_REFERENCE_OUTLIER_SERIES_FORWARD_CLUSTER;JUN29=GLOBAL_REFERENCE_NO_OBSERVATION;DEC30=GLOBAL_REFERENCE_NO_OBSERVATION,WEIGHTED_ATM,2026-09-30,6,120,0.0,NONE,5139,4967,0,0,165,NONE,MN1;MN2;MN3;MN4;MN5;QMW;QRW;QTW;QWW,OK,NONE,NONE,2026-09-21
NAS,13500.0,0.0,0.0,0.0,0.0,0.0,0.0,0.0,0.0,31097.76071498286,30471.23928501714,31411.021429965713,30157.978570034287,DEC26,SEP26,2026-09-23,2026-12-18,30784.5,29969.045028362125,FOUND,DEGRADED,SPOT_MONTH_FALLBACK;ESTIMATED_EXPIRY_ALIAS,2026-08-02.2,PUT_CALL_PARITY,SEP26,SEP26=PUT_CALL_PARITY;OCT26=PUT_CALL_PARITY;DEC29=SERIES_FORWARD_CLUSTER;DEC26=SERIES_FORWARD_CLUSTER;NOV26=SERIES_FORWARD_CLUSTER;MAR27=SERIES_FORWARD_CLUSTER;DEC28=PUT_CALL_PARITY;JUN27=PUT_CALL_PARITY;DEC27=PUT_CALL_PARITY;SEP27=SERIES_FORWARD_CLUSTER;JUN29=PUT_CALL_PARITY;DEC30=PUT_CALL_PARITY,SEP26=30784.5;OCT26=30771.875;DEC29=30567.375;DEC26=25293.875;NOV26=31207.875;MAR27=27605.375;JUN27=24447;DEC27=21051.75;SEP27=36072.5,DEC28=GLOBAL_REFERENCE_NO_OBSERVATION;JUN27=GLOBAL_REFERENCE_OUTLIER_SERIES_FORWARD_CLUSTER;DEC27=GLOBAL_REFERENCE_OUTLIER_SERIES_FORWARD_CLUSTER;JUN29=GLOBAL_REFERENCE_NO_OBSERVATION;DEC30=GLOBAL_REFERENCE_NO_OBSERVATION,WEIGHTED_ATM,2026-09-30,6,120,0.0,NONE,5139,4967,0,0,165,NONE,MN1;MN2;MN3;MN4;MN5;QMW;QRW;QTW;QWW,OK,NONE,NONE,2026-09-21
NAS,14000.0,0.0,0.0,0.0,0.0,0.0,0.0,0.0,0.0,31097.76071498286,30471.23928501714,31411.021429965713,30157.978570034287,DEC26,SEP26,2026-09-23,2026-12-18,30784.5,29969.045028362125,FOUND,DEGRADED,SPOT_MONTH_FALLBACK;ESTIMATED_EXPIRY_ALIAS,2026-08-02.2,PUT_CALL_PARITY,SEP26,SEP26=PUT_CALL_PARITY;OCT26=PUT_CALL_PARITY;DEC29=SERIES_FORWARD_CLUSTER;DEC26=SERIES_FORWARD_CLUSTER;NOV26=SERIES_FORWARD_CLUSTER;MAR27=SERIES_FORWARD_CLUSTER;DEC28=PUT_CALL_PARITY;JUN27=PUT_CALL_PARITY;DEC27=PUT_CALL_PARITY;SEP27=SERIES_FORWARD_CLUSTER;JUN29=PUT_CALL_PARITY;DEC30=PUT_CALL_PARITY,SEP26=30784.5;OCT26=30771.875;DEC29=30567.375;DEC26=25293.875;NOV26=31207.875;MAR27=27605.375;JUN27=24447;DEC27=21051.75;SEP27=36072.5,DEC28=GLOBAL_REFERENCE_NO_OBSERVATION;JUN27=GLOBAL_REFERENCE_OUTLIER_SERIES_FORWARD_CLUSTER;DEC27=GLOBAL_REFERENCE_OUTLIER_SERIES_FORWARD_CLUSTER;JUN29=GLOBAL_REFERENCE_NO_OBSERVATION;DEC30=GLOBAL_REFERENCE_NO_OBSERVATION,WEIGHTED_ATM,2026-09-30,6,120,0.0,NONE,5139,4967,0,0,165,NONE,MN1;MN2;MN3;MN4;MN5;QMW;QRW;QTW;QWW,OK,NONE,NONE,2026-09-21
NAS,14500.0,0.0,0.0,0.0,0.0,0.0,0.0,0.0,0.0,31097.76071498286,30471.23928501714,31411.021429965713,30157.978570034287,DEC26,SEP26,2026-09-23,2026-12-18,30784.5,29969.045028362125,FOUND,DEGRADED,SPOT_MONTH_FALLBACK;ESTIMATED_EXPIRY_ALIAS,2026-08-02.2,PUT_CALL_PARITY,SEP26,SEP26=PUT_CALL_PARITY;OCT26=PUT_CALL_PARITY;DEC29=SERIES_FORWARD_CLUSTER;DEC26=SERIES_FORWARD_CLUSTER;NOV26=SERIES_FORWARD_CLUSTER;MAR27=SERIES_FORWARD_CLUSTER;DEC28=PUT_CALL_PARITY;JUN27=PUT_CALL_PARITY;DEC27=PUT_CALL_PARITY;SEP27=SERIES_FORWARD_CLUSTER;JUN29=PUT_CALL_PARITY;DEC30=PUT_CALL_PARITY,SEP26=30784.5;OCT26=30771.875;DEC29=30567.375;DEC26=25293.875;NOV26=31207.875;MAR27=27605.375;JUN27=24447;DEC27=21051.75;SEP27=36072.5,DEC28=GLOBAL_REFERENCE_NO_OBSERVATION;JUN27=GLOBAL_REFERENCE_OUTLIER_SERIES_FORWARD_CLUSTER;DEC27=GLOBAL_REFERENCE_OUTLIER_SERIES_FORWARD_CLUSTER;JUN29=GLOBAL_REFERENCE_NO_OBSERVATION;DEC30=GLOBAL_REFERENCE_NO_OBSERVATION,WEIGHTED_ATM,2026-09-30,6,120,0.0,NONE,5139,4967,0,0,165,NONE,MN1;MN2;MN3;MN4;MN5;QMW;QRW;QTW;QWW,OK,NONE,NONE,2026-09-21
NAS,15000.0,0.0,0.0,0.0,0.0,0.0,0.0,0.0,0.0,31097.76071498286,30471.23928501714,31411.021429965713,30157.978570034287,DEC26,SEP26,2026-09-23,2026-12-18,30784.5,29969.045028362125,FOUND,DEGRADED,SPOT_MONTH_FALLBACK;ESTIMATED_EXPIRY_ALIAS,2026-08-02.2,PUT_CALL_PARITY,SEP26,SEP26=PUT_CALL_PARITY;OCT26=PUT_CALL_PARITY;DEC29=SERIES_FORWARD_CLUSTER;DEC26=SERIES_FORWARD_CLUSTER;NOV26=SERIES_FORWARD_CLUSTER;MAR27=SERIES_FORWARD_CLUSTER;DEC28=PUT_CALL_PARITY;JUN27=PUT_CALL_PARITY;DEC27=PUT_CALL_PARITY;SEP27=SERIES_FORWARD_CLUSTER;JUN29=PUT_CALL_PARITY;DEC30=PUT_CALL_PARITY,SEP26=30784.5;OCT26=30771.875;DEC29=30567.375;DEC26=25293.875;NOV26=31207.875;MAR27=27605.375;JUN27=24447;DEC27=21051.75;SEP27=36072.5,DEC28=GLOBAL_REFERENCE_NO_OBSERVATION;JUN27=GLOBAL_REFERENCE_OUTLIER_SERIES_FORWARD_CLUSTER;DEC27=GLOBAL_REFERENCE_OUTLIER_SERIES_FORWARD_CLUSTER;JUN29=GLOBAL_REFERENCE_NO_OBSERVATION;DEC30=GLOBAL_REFERENCE_NO_OBSERVATION,WEIGHTED_ATM,2026-09-30,6,120,0.0,NONE,5139,4967,0,0,165,NONE,MN1;MN2;MN3;MN4;MN5;QMW;QRW;QTW;QWW,OK,NONE,NONE,2026-09-21
NAS,15500.0,0.0,0.0,0.0,0.0,0.0,0.0,0.0,0.0,31097.76071498286,30471.23928501714,31411.021429965713,30157.978570034287,DEC26,SEP26,2026-09-23,2026-12-18,30784.5,29969.045028362125,FOUND,DEGRADED,SPOT_MONTH_FALLBACK;ESTIMATED_EXPIRY_ALIAS,2026-08-02.2,PUT_CALL_PARITY,SEP26,SEP26=PUT_CALL_PARITY;OCT26=PUT_CALL_PARITY;DEC29=SERIES_FORWARD_CLUSTER;DEC26=SERIES_FORWARD_CLUSTER;NOV26=SERIES_FORWARD_CLUSTER;MAR27=SERIES_FORWARD_CLUSTER;DEC28=PUT_CALL_PARITY;JUN27=PUT_CALL_PARITY;DEC27=PUT_CALL_PARITY;SEP27=SERIES_FORWARD_CLUSTER;JUN29=PUT_CALL_PARITY;DEC30=PUT_CALL_PARITY,SEP26=30784.5;OCT26=30771.875;DEC29=30567.375;DEC26=25293.875;NOV26=31207.875;MAR27=27605.375;JUN27=24447;DEC27=21051.75;SEP27=36072.5,DEC28=GLOBAL_REFERENCE_NO_OBSERVATION;JUN27=GLOBAL_REFERENCE_OUTLIER_SERIES_FORWARD_CLUSTER;DEC27=GLOBAL_REFERENCE_OUTLIER_SERIES_FORWARD_CLUSTER;JUN29=GLOBAL_REFERENCE_NO_OBSERVATION;DEC30=GLOBAL_REFERENCE_NO_OBSERVATION,WEIGHTED_ATM,2026-09-30,6,120,0.0,NONE,5139,4967,0,0,165,NONE,MN1;MN2;MN3;MN4;MN5;QMW;QRW;QTW;QWW,OK,NONE,NONE,2026-09-21
NAS,16000.0,0.0,0.0,0.0,0.0,0.0,0.0,0.0,0.0,31097.76071498286,30471.23928501714,31411.021429965713,30157.978570034287,DEC26,SEP26,2026-09-23,2026-12-18,30784.5,29969.045028362125,FOUND,DEGRADED,SPOT_MONTH_FALLBACK;ESTIMATED_EXPIRY_ALIAS,2026-08-02.2,PUT_CALL_PARITY,SEP26,SEP26=PUT_CALL_PARITY;OCT26=PUT_CALL_PARITY;DEC29=SERIES_FORWARD_CLUSTER;DEC26=SERIES_FORWARD_CLUSTER;NOV26=SERIES_FORWARD_CLUSTER;MAR27=SERIES_FORWARD_CLUSTER;DEC28=PUT_CALL_PARITY;JUN27=PUT_CALL_PARITY;DEC27=PUT_CALL_PARITY;SEP27=SERIES_FORWARD_CLUSTER;JUN29=PUT_CALL_PARITY;DEC30=PUT_CALL_PARITY,SEP26=30784.5;OCT26=30771.875;DEC29=30567.375;DEC26=25293.875;NOV26=31207.875;MAR27=27605.375;JUN27=24447;DEC27=21051.75;SEP27=36072.5,DEC28=GLOBAL_REFERENCE_NO_OBSERVATION;JUN27=GLOBAL_REFERENCE_OUTLIER_SERIES_FORWARD_CLUSTER;DEC27=GLOBAL_REFERENCE_OUTLIER_SERIES_FORWARD_CLUSTER;JUN29=GLOBAL_REFERENCE_NO_OBSERVATION;DEC30=GLOBAL_REFERENCE_NO_OBSERVATION,WEIGHTED_ATM,2026-09-30,6,120,0.0,NONE,5139,4967,0,0,165,NONE,MN1;MN2;MN3;MN4;MN5;QMW;QRW;QTW;QWW,OK,NONE,NONE,2026-09-21
NAS,16500.0,0.0,0.0,0.0,0.0,0.0,0.0,0.0,0.0,31097.76071498286,30471.23928501714,31411.021429965713,30157.978570034287,DEC26,SEP26,2026-09-23,2026-12-18,30784.5,29969.045028362125,FOUND,DEGRADED,SPOT_MONTH_FALLBACK;ESTIMATED_EXPIRY_ALIAS,2026-08-02.2,PUT_CALL_PARITY,SEP26,SEP26=PUT_CALL_PARITY;OCT26=PUT_CALL_PARITY;DEC29=SERIES_FORWARD_CLUSTER;DEC26=SERIES_FORWARD_CLUSTER;NOV26=SERIES_FORWARD_CLUSTER;MAR27=SERIES_FORWARD_CLUSTER;DEC28=PUT_CALL_PARITY;JUN27=PUT_CALL_PARITY;DEC27=PUT_CALL_PARITY;SEP27=SERIES_FORWARD_CLUSTER;JUN29=PUT_CALL_PARITY;DEC30=PUT_CALL_PARITY,SEP26=30784.5;OCT26=30771.875;DEC29=30567.375;DEC26=25293.875;NOV26=31207.875;MAR27=27605.375;JUN27=24447;DEC27=21051.75;SEP27=36072.5,DEC28=GLOBAL_REFERENCE_NO_OBSERVATION;JUN27=GLOBAL_REFERENCE_OUTLIER_SERIES_FORWARD_CLUSTER;DEC27=GLOBAL_REFERENCE_OUTLIER_SERIES_FORWARD_CLUSTER;JUN29=GLOBAL_REFERENCE_NO_OBSERVATION;DEC30=GLOBAL_REFERENCE_NO_OBSERVATION,WEIGHTED_ATM,2026-09-30,6,120,0.0,NONE,5139,4967,0,0,165,NONE,MN1;MN2;MN3;MN4;MN5;QMW;QRW;QTW;QWW,OK,NONE,NONE,2026-09-21
NAS,16750.0,0.0,0.0,0.0,0.0,0.0,0.0,0.0,0.0,31097.76071498286,30471.23928501714,31411.021429965713,30157.978570034287,DEC26,SEP26,2026-09-23,2026-12-18,30784.5,29969.045028362125,FOUND,DEGRADED,SPOT_MONTH_FALLBACK;ESTIMATED_EXPIRY_ALIAS,2026-08-02.2,PUT_CALL_PARITY,SEP26,SEP26=PUT_CALL_PARITY;OCT26=PUT_CALL_PARITY;DEC29=SERIES_FORWARD_CLUSTER;DEC26=SERIES_FORWARD_CLUSTER;NOV26=SERIES_FORWARD_CLUSTER;MAR27=SERIES_FORWARD_CLUSTER;DEC28=PUT_CALL_PARITY;JUN27=PUT_CALL_PARITY;DEC27=PUT_CALL_PARITY;SEP27=SERIES_FORWARD_CLUSTER;JUN29=PUT_CALL_PARITY;DEC30=PUT_CALL_PARITY,SEP26=30784.5;OCT26=30771.875;DEC29=30567.375;DEC26=25293.875;NOV26=31207.875;MAR27=27605.375;JUN27=24447;DEC27=21051.75;SEP27=36072.5,DEC28=GLOBAL_REFERENCE_NO_OBSERVATION;JUN27=GLOBAL_REFERENCE_OUTLIER_SERIES_FORWARD_CLUSTER;DEC27=GLOBAL_REFERENCE_OUTLIER_SERIES_FORWARD_CLUSTER;JUN29=GLOBAL_REFERENCE_NO_OBSERVATION;DEC30=GLOBAL_REFERENCE_NO_OBSERVATION,WEIGHTED_ATM,2026-09-30,6,120,0.0,NONE,5139,4967,0,0,165,NONE,MN1;MN2;MN3;MN4;MN5;QMW;QRW;QTW;QWW,OK,NONE,NONE,2026-09-21
NAS,17000.0,0.0,0.0,0.0,0.0,0.0,0.0,0.0,0.0,31097.76071498286,30471.23928501714,31411.021429965713,30157.978570034287,DEC26,SEP26,2026-09-23,2026-12-18,30784.5,29969.045028362125,FOUND,DEGRADED,SPOT_MONTH_FALLBACK;ESTIMATED_EXPIRY_ALIAS,2026-08-02.2,PUT_CALL_PARITY,SEP26,SEP26=PUT_CALL_PARITY;OCT26=PUT_CALL_PARITY;DEC29=SERIES_FORWARD_CLUSTER;DEC26=SERIES_FORWARD_CLUSTER;NOV26=SERIES_FORWARD_CLUSTER;MAR27=SERIES_FORWARD_CLUSTER;DEC28=PUT_CALL_PARITY;JUN27=PUT_CALL_PARITY;DEC27=PUT_CALL_PARITY;SEP27=SERIES_FORWARD_CLUSTER;JUN29=PUT_CALL_PARITY;DEC30=PUT_CALL_PARITY,SEP26=30784.5;OCT26=30771.875;DEC29=30567.375;DEC26=25293.875;NOV26=31207.875;MAR27=27605.375;JUN27=24447;DEC27=21051.75;SEP27=36072.5,DEC28=GLOBAL_REFERENCE_NO_OBSERVATION;JUN27=GLOBAL_REFERENCE_OUTLIER_SERIES_FORWARD_CLUSTER;DEC27=GLOBAL_REFERENCE_OUTLIER_SERIES_FORWARD_CLUSTER;JUN29=GLOBAL_REFERENCE_NO_OBSERVATION;DEC30=GLOBAL_REFERENCE_NO_OBSERVATION,WEIGHTED_ATM,2026-09-30,6,120,0.0,NONE,5139,4967,0,0,165,NONE,MN1;MN2;MN3;MN4;MN5;QMW;QRW;QTW;QWW,OK,NONE,NONE,2026-09-21
NAS,17250.0,0.0,0.0,0.0,0.0,0.0,0.0,0.0,0.0,31097.76071498286,30471.23928501714,31411.021429965713,30157.978570034287,DEC26,SEP26,2026-09-23,2026-12-18,30784.5,29969.045028362125,FOUND,DEGRADED,SPOT_MONTH_FALLBACK;ESTIMATED_EXPIRY_ALIAS,2026-08-02.2,PUT_CALL_PARITY,SEP26,SEP26=PUT_CALL_PARITY;OCT26=PUT_CALL_PARITY;DEC29=SERIES_FORWARD_CLUSTER;DEC26=SERIES_FORWARD_CLUSTER;NOV26=SERIES_FORWARD_CLUSTER;MAR27=SERIES_FORWARD_CLUSTER;DEC28=PUT_CALL_PARITY;JUN27=PUT_CALL_PARITY;DEC27=PUT_CALL_PARITY;SEP27=SERIES_FORWARD_CLUSTER;JUN29=PUT_CALL_PARITY;DEC30=PUT_CALL_PARITY,SEP26=30784.5;OCT26=30771.875;DEC29=30567.375;DEC26=25293.875;NOV26=31207.875;MAR27=27605.375;JUN27=24447;DEC27=21051.75;SEP27=36072.5,DEC28=GLOBAL_REFERENCE_NO_OBSERVATION;JUN27=GLOBAL_REFERENCE_OUTLIER_SERIES_FORWARD_CLUSTER;DEC27=GLOBAL_REFERENCE_OUTLIER_SERIES_FORWARD_CLUSTER;JUN29=GLOBAL_REFERENCE_NO_OBSERVATION;DEC30=GLOBAL_REFERENCE_NO_OBSERVATION,WEIGHTED_ATM,2026-09-30,6,120,0.0,NONE,5139,4967,0,0,165,NONE,MN1;MN2;MN3;MN4;MN5;QMW;QRW;QTW;QWW,OK,NONE,NONE,2026-09-21
NAS,17500.0,0.0,0.0,0.0,0.0,0.0,0.0,0.0,0.0,31097.76071498286,30471.23928501714,31411.021429965713,30157.978570034287,DEC26,SEP26,2026-09-23,2026-12-18,30784.5,29969.045028362125,FOUND,DEGRADED,SPOT_MONTH_FALLBACK;ESTIMATED_EXPIRY_ALIAS,2026-08-02.2,PUT_CALL_PARITY,SEP26,SEP26=PUT_CALL_PARITY;OCT26=PUT_CALL_PARITY;DEC29=SERIES_FORWARD_CLUSTER;DEC26=SERIES_FORWARD_CLUSTER;NOV26=SERIES_FORWARD_CLUSTER;MAR27=SERIES_FORWARD_CLUSTER;DEC28=PUT_CALL_PARITY;JUN27=PUT_CALL_PARITY;DEC27=PUT_CALL_PARITY;SEP27=SERIES_FORWARD_CLUSTER;JUN29=PUT_CALL_PARITY;DEC30=PUT_CALL_PARITY,SEP26=30784.5;OCT26=30771.875;DEC29=30567.375;DEC26=25293.875;NOV26=31207.875;MAR27=27605.375;JUN27=24447;DEC27=21051.75;SEP27=36072.5,DEC28=GLOBAL_REFERENCE_NO_OBSERVATION;JUN27=GLOBAL_REFERENCE_OUTLIER_SERIES_FORWARD_CLUSTER;DEC27=GLOBAL_REFERENCE_OUTLIER_SERIES_FORWARD_CLUSTER;JUN29=GLOBAL_REFERENCE_NO_OBSERVATION;DEC30=GLOBAL_REFERENCE_NO_OBSERVATION,WEIGHTED_ATM,2026-09-30,6,120,0.0,NONE,5139,4967,0,0,165,NONE,MN1;MN2;MN3;MN4;MN5;QMW;QRW;QTW;QWW,OK,NONE,NONE,2026-09-21
NAS,17750.0,-5439.889280050876,0.000850274832498489,0.0,0.0,0.0,0.0,0.0,0.0,31097.76071498286,30471.23928501714,31411.021429965713,30157.978570034287,DEC26,SEP26,2026-09-23,2026-12-18,30784.5,29969.045028362125,FOUND,DEGRADED,SPOT_MONTH_FALLBACK;ESTIMATED_EXPIRY_ALIAS,2026-08-02.2,PUT_CALL_PARITY,SEP26,SEP26=PUT_CALL_PARITY;OCT26=PUT_CALL_PARITY;DEC29=SERIES_FORWARD_CLUSTER;DEC26=SERIES_FORWARD_CLUSTER;NOV26=SERIES_FORWARD_CLUSTER;MAR27=SERIES_FORWARD_CLUSTER;DEC28=PUT_CALL_PARITY;JUN27=PUT_CALL_PARITY;DEC27=PUT_CALL_PARITY;SEP27=SERIES_FORWARD_CLUSTER;JUN29=PUT_CALL_PARITY;DEC30=PUT_CALL_PARITY,SEP26=30784.5;OCT26=30771.875;DEC29=30567.375;DEC26=25293.875;NOV26=31207.875;MAR27=27605.375;JUN27=24447;DEC27=21051.75;SEP27=36072.5,DEC28=GLOBAL_REFERENCE_NO_OBSERVATION;JUN27=GLOBAL_REFERENCE_OUTLIER_SERIES_FORWARD_CLUSTER;DEC27=GLOBAL_REFERENCE_OUTLIER_SERIES_FORWARD_CLUSTER;JUN29=GLOBAL_REFERENCE_NO_OBSERVATION;DEC30=GLOBAL_REFERENCE_NO_OBSERVATION,WEIGHTED_ATM,2026-09-30,6,120,0.0,NONE,5139,4967,0,0,165,NONE,MN1;MN2;MN3;MN4;MN5;QMW;QRW;QTW;QWW,OK,NONE,NONE,2026-09-21
NAS,18000.0,-361760.0420727297,0.0565444337821449,0.0,0.0,0.0,0.0,0.0,0.0,31097.76071498286,30471.23928501714,31411.021429965713,30157.978570034287,DEC26,SEP26,2026-09-23,2026-12-18,30784.5,29969.045028362125,FOUND,DEGRADED,SPOT_MONTH_FALLBACK;ESTIMATED_EXPIRY_ALIAS,2026-08-02.2,PUT_CALL_PARITY,SEP26,SEP26=PUT_CALL_PARITY;OCT26=PUT_CALL_PARITY;DEC29=SERIES_FORWARD_CLUSTER;DEC26=SERIES_FORWARD_CLUSTER;NOV26=SERIES_FORWARD_CLUSTER;MAR27=SERIES_FORWARD_CLUSTER;DEC28=PUT_CALL_PARITY;JUN27=PUT_CALL_PARITY;DEC27=PUT_CALL_PARITY;SEP27=SERIES_FORWARD_CLUSTER;JUN29=PUT_CALL_PARITY;DEC30=PUT_CALL_PARITY,SEP26=30784.5;OCT26=30771.875;DEC29=30567.375;DEC26=25293.875;NOV26=31207.875;MAR27=27605.375;JUN27=24447;DEC27=21051.75;SEP27=36072.5,DEC28=GLOBAL_REFERENCE_NO_OBSERVATION;JUN27=GLOBAL_REFERENCE_OUTLIER_SERIES_FORWARD_CLUSTER;DEC27=GLOBAL_REFERENCE_OUTLIER_SERIES_FORWARD_CLUSTER;JUN29=GLOBAL_REFERENCE_NO_OBSERVATION;DEC30=GLOBAL_REFERENCE_NO_OBSERVATION,WEIGHTED_ATM,2026-09-30,6,120,0.0,NONE,5139,4967,0,0,165,NONE,MN1;MN2;MN3;MN4;MN5;QMW;QRW;QTW;QWW,OK,NONE,NONE,2026-09-21
NAS,18250.0,0.0,0.0,0.0,0.0,0.0,0.0,0.0,0.0,31097.76071498286,30471.23928501714,31411.021429965713,30157.978570034287,DEC26,SEP26,2026-09-23,2026-12-18,30784.5,29969.045028362125,FOUND,DEGRADED,SPOT_MONTH_FALLBACK;ESTIMATED_EXPIRY_ALIAS,2026-08-02.2,PUT_CALL_PARITY,SEP26,SEP26=PUT_CALL_PARITY;OCT26=PUT_CALL_PARITY;DEC29=SERIES_FORWARD_CLUSTER;DEC26=SERIES_FORWARD_CLUSTER;NOV26=SERIES_FORWARD_CLUSTER;MAR27=SERIES_FORWARD_CLUSTER;DEC28=PUT_CALL_PARITY;JUN27=PUT_CALL_PARITY;DEC27=PUT_CALL_PARITY;SEP27=SERIES_FORWARD_CLUSTER;JUN29=PUT_CALL_PARITY;DEC30=PUT_CALL_PARITY,SEP26=30784.5;OCT26=30771.875;DEC29=30567.375;DEC26=25293.875;NOV26=31207.875;MAR27=27605.375;JUN27=24447;DEC27=21051.75;SEP27=36072.5,DEC28=GLOBAL_REFERENCE_NO_OBSERVATION;JUN27=GLOBAL_REFERENCE_OUTLIER_SERIES_FORWARD_CLUSTER;DEC27=GLOBAL_REFERENCE_OUTLIER_SERIES_FORWARD_CLUSTER;JUN29=GLOBAL_REFERENCE_NO_OBSERVATION;DEC30=GLOBAL_REFERENCE_NO_OBSERVATION,WEIGHTED_ATM,2026-09-30,6,120,0.0,NONE,5139,4967,0,0,165,NONE,MN1;MN2;MN3;MN4;MN5;QMW;QRW;QTW;QWW,OK,NONE,NONE,2026-09-21
NAS,18500.0,-200055.36505636846,0.031269394146958986,0.0,0.0,0.0,0.0,0.0,0.0,31097.76071498286,30471.23928501714,31411.021429965713,30157.978570034287,DEC26,SEP26,2026-09-23,2026-12-18,30784.5,29969.045028362125,FOUND,DEGRADED,SPOT_MONTH_FALLBACK;ESTIMATED_EXPIRY_ALIAS,2026-08-02.2,PUT_CALL_PARITY,SEP26,SEP26=PUT_CALL_PARITY;OCT26=PUT_CALL_PARITY;DEC29=SERIES_FORWARD_CLUSTER;DEC26=SERIES_FORWARD_CLUSTER;NOV26=SERIES_FORWARD_CLUSTER;MAR27=SERIES_FORWARD_CLUSTER;DEC28=PUT_CALL_PARITY;JUN27=PUT_CALL_PARITY;DEC27=PUT_CALL_PARITY;SEP27=SERIES_FORWARD_CLUSTER;JUN29=PUT_CALL_PARITY;DEC30=PUT_CALL_PARITY,SEP26=30784.5;OCT26=30771.875;DEC29=30567.375;DEC26=25293.875;NOV26=31207.875;MAR27=27605.375;JUN27=24447;DEC27=21051.75;SEP27=36072.5,DEC28=GLOBAL_REFERENCE_NO_OBSERVATION;JUN27=GLOBAL_REFERENCE_OUTLIER_SERIES_FORWARD_CLUSTER;DEC27=GLOBAL_REFERENCE_OUTLIER_SERIES_FORWARD_CLUSTER;JUN29=GLOBAL_REFERENCE_NO_OBSERVATION;DEC30=GLOBAL_REFERENCE_NO_OBSERVATION,WEIGHTED_ATM,2026-09-30,6,120,0.0,NONE,5139,4967,0,0,165,NONE,MN1;MN2;MN3;MN4;MN5;QMW;QRW;QTW;QWW,OK,NONE,NONE,2026-09-21
NAS,18750.0,-16093.655318513942,0.002515497903683415,0.0,0.0,0.0,0.0,0.0,0.0,31097.76071498286,30471.23928501714,31411.021429965713,30157.978570034287,DEC26,SEP26,2026-09-23,2026-12-18,30784.5,29969.045028362125,FOUND,DEGRADED,SPOT_MONTH_FALLBACK;ESTIMATED_EXPIRY_ALIAS,2026-08-02.2,PUT_CALL_PARITY,SEP26,SEP26=PUT_CALL_PARITY;OCT26=PUT_CALL_PARITY;DEC29=SERIES_FORWARD_CLUSTER;DEC26=SERIES_FORWARD_CLUSTER;NOV26=SERIES_FORWARD_CLUSTER;MAR27=SERIES_FORWARD_CLUSTER;DEC28=PUT_CALL_PARITY;JUN27=PUT_CALL_PARITY;DEC27=PUT_CALL_PARITY;SEP27=SERIES_FORWARD_CLUSTER;JUN29=PUT_CALL_PARITY;DEC30=PUT_CALL_PARITY,SEP26=30784.5;OCT26=30771.875;DEC29=30567.375;DEC26=25293.875;NOV26=31207.875;MAR27=27605.375;JUN27=24447;DEC27=21051.75;SEP27=36072.5,DEC28=GLOBAL_REFERENCE_NO_OBSERVATION;JUN27=GLOBAL_REFERENCE_OUTLIER_SERIES_FORWARD_CLUSTER;DEC27=GLOBAL_REFERENCE_OUTLIER_SERIES_FORWARD_CLUSTER;JUN29=GLOBAL_REFERENCE_NO_OBSERVATION;DEC30=GLOBAL_REFERENCE_NO_OBSERVATION,WEIGHTED_ATM,2026-09-30,6,120,0.0,NONE,5139,4967,0,0,165,NONE,MN1;MN2;MN3;MN4;MN5;QMW;QRW;QTW;QWW,OK,NONE,NONE,2026-09-21
NAS,19000.0,-1329447.0901449572,0.20779750169437922,0.0,0.0,0.0,0.0,0.0,0.0,31097.76071498286,30471.23928501714,31411.021429965713,30157.978570034287,DEC26,SEP26,2026-09-23,2026-12-18,30784.5,29969.045028362125,FOUND,DEGRADED,SPOT_MONTH_FALLBACK;ESTIMATED_EXPIRY_ALIAS,2026-08-02.2,PUT_CALL_PARITY,SEP26,SEP26=PUT_CALL_PARITY;OCT26=PUT_CALL_PARITY;DEC29=SERIES_FORWARD_CLUSTER;DEC26=SERIES_FORWARD_CLUSTER;NOV26=SERIES_FORWARD_CLUSTER;MAR27=SERIES_FORWARD_CLUSTER;DEC28=PUT_CALL_PARITY;JUN27=PUT_CALL_PARITY;DEC27=PUT_CALL_PARITY;SEP27=SERIES_FORWARD_CLUSTER;JUN29=PUT_CALL_PARITY;DEC30=PUT_CALL_PARITY,SEP26=30784.5;OCT26=30771.875;DEC29=30567.375;DEC26=25293.875;NOV26=31207.875;MAR27=27605.375;JUN27=24447;DEC27=21051.75;SEP27=36072.5,DEC28=GLOBAL_REFERENCE_NO_OBSERVATION;JUN27=GLOBAL_REFERENCE_OUTLIER_SERIES_FORWARD_CLUSTER;DEC27=GLOBAL_REFERENCE_OUTLIER_SERIES_FORWARD_CLUSTER;JUN29=GLOBAL_REFERENCE_NO_OBSERVATION;DEC30=GLOBAL_REFERENCE_NO_OBSERVATION,WEIGHTED_ATM,2026-09-30,6,120,0.0,NONE,5139,4967,0,0,165,NONE,MN1;MN2;MN3;MN4;MN5;QMW;QRW;QTW;QWW,OK,NONE,NONE,2026-09-21
NAS,19250.0,-3917.093241547261,0.0006122561744136109,0.0,0.0,0.0,0.0,0.0,0.0,31097.76071498286,30471.23928501714,31411.021429965713,30157.978570034287,DEC26,SEP26,2026-09-23,2026-12-18,30784.5,29969.045028362125,FOUND,DEGRADED,SPOT_MONTH_FALLBACK;ESTIMATED_EXPIRY_ALIAS,2026-08-02.2,PUT_CALL_PARITY,SEP26,SEP26=PUT_CALL_PARITY;OCT26=PUT_CALL_PARITY;DEC29=SERIES_FORWARD_CLUSTER;DEC26=SERIES_FORWARD_CLUSTER;NOV26=SERIES_FORWARD_CLUSTER;MAR27=SERIES_FORWARD_CLUSTER;DEC28=PUT_CALL_PARITY;JUN27=PUT_CALL_PARITY;DEC27=PUT_CALL_PARITY;SEP27=SERIES_FORWARD_CLUSTER;JUN29=PUT_CALL_PARITY;DEC30=PUT_CALL_PARITY,SEP26=30784.5;OCT26=30771.875;DEC29=30567.375;DEC26=25293.875;NOV26=31207.875;MAR27=27605.375;JUN27=24447;DEC27=21051.75;SEP27=36072.5,DEC28=GLOBAL_REFERENCE_NO_OBSERVATION;JUN27=GLOBAL_REFERENCE_OUTLIER_SERIES_FORWARD_CLUSTER;DEC27=GLOBAL_REFERENCE_OUTLIER_SERIES_FORWARD_CLUSTER;JUN29=GLOBAL_REFERENCE_NO_OBSERVATION;DEC30=GLOBAL_REFERENCE_NO_OBSERVATION,WEIGHTED_ATM,2026-09-30,6,120,0.0,NONE,5139,4967,0,0,165,NONE,MN1;MN2;MN3;MN4;MN5;QMW;QRW;QTW;QWW,OK,NONE,NONE,2026-09-21
NAS,19500.0,-730146.5764876176,0.11344459385493282,0.0,0.0,0.0,0.0,0.0,0.0,31097.76071498286,30471.23928501714,31411.021429965713,30157.978570034287,DEC26,SEP26,2026-09-23,2026-12-18,30784.5,29969.045028362125,FOUND,DEGRADED,SPOT_MONTH_FALLBACK;ESTIMATED_EXPIRY_ALIAS,2026-08-02.2,PUT_CALL_PARITY,SEP26,SEP26=PUT_CALL_PARITY;OCT26=PUT_CALL_PARITY;DEC29=SERIES_FORWARD_CLUSTER;DEC26=SERIES_FORWARD_CLUSTER;NOV26=SERIES_FORWARD_CLUSTER;MAR27=SERIES_FORWARD_CLUSTER;DEC28=PUT_CALL_PARITY;JUN27=PUT_CALL_PARITY;DEC27=PUT_CALL_PARITY;SEP27=SERIES_FORWARD_CLUSTER;JUN29=PUT_CALL_PARITY;DEC30=PUT_CALL_PARITY,SEP26=30784.5;OCT26=30771.875;DEC29=30567.375;DEC26=25293.875;NOV26=31207.875;MAR27=27605.375;JUN27=24447;DEC27=21051.75;SEP27=36072.5,DEC28=GLOBAL_REFERENCE_NO_OBSERVATION;JUN27=GLOBAL_REFERENCE_OUTLIER_SERIES_FORWARD_CLUSTER;DEC27=GLOBAL_REFERENCE_OUTLIER_SERIES_FORWARD_CLUSTER;JUN29=GLOBAL_REFERENCE_NO_OBSERVATION;DEC30=GLOBAL_REFERENCE_NO_OBSERVATION,WEIGHTED_ATM,2026-09-30,6,120,0.0,NONE,5139,4967,0,0,165,NONE,MN1;MN2;MN3;MN4;MN5;QMW;QRW;QTW;QWW,OK,NONE,NONE,2026-09-21
NAS,19750.0,-12014.101971912924,0.0018778486134358404,0.0,0.0,0.0,0.0,0.0,0.0,31097.76071498286,30471.23928501714,31411.021429965713,30157.978570034287,DEC26,SEP26,2026-09-23,2026-12-18,30784.5,29969.045028362125,FOUND,DEGRADED,SPOT_MONTH_FALLBACK;ESTIMATED_EXPIRY_ALIAS,2026-08-02.2,PUT_CALL_PARITY,SEP26,SEP26=PUT_CALL_PARITY;OCT26=PUT_CALL_PARITY;DEC29=SERIES_FORWARD_CLUSTER;DEC26=SERIES_FORWARD_CLUSTER;NOV26=SERIES_FORWARD_CLUSTER;MAR27=SERIES_FORWARD_CLUSTER;DEC28=PUT_CALL_PARITY;JUN27=PUT_CALL_PARITY;DEC27=PUT_CALL_PARITY;SEP27=SERIES_FORWARD_CLUSTER;JUN29=PUT_CALL_PARITY;DEC30=PUT_CALL_PARITY,SEP26=30784.5;OCT26=30771.875;DEC29=30567.375;DEC26=25293.875;NOV26=31207.875;MAR27=27605.375;JUN27=24447;DEC27=21051.75;SEP27=36072.5,DEC28=GLOBAL_REFERENCE_NO_OBSERVATION;JUN27=GLOBAL_REFERENCE_OUTLIER_SERIES_FORWARD_CLUSTER;DEC27=GLOBAL_REFERENCE_OUTLIER_SERIES_FORWARD_CLUSTER;JUN29=GLOBAL_REFERENCE_NO_OBSERVATION;DEC30=GLOBAL_REFERENCE_NO_OBSERVATION,WEIGHTED_ATM,2026-09-30,6,120,0.0,NONE,5139,4967,0,0,165,NONE,MN1;MN2;MN3;MN4;MN5;QMW;QRW;QTW;QWW,OK,NONE,NONE,2026-09-21
NAS,20000.0,-1154378.9739843446,0.1796488855047715,0.0,0.0,0.0,0.0,0.0,0.0,31097.76071498286,30471.23928501714,31411.021429965713,30157.978570034287,DEC26,SEP26,2026-09-23,2026-12-18,30784.5,29969.045028362125,FOUND,DEGRADED,SPOT_MONTH_FALLBACK;ESTIMATED_EXPIRY_ALIAS,2026-08-02.2,PUT_CALL_PARITY,SEP26,SEP26=PUT_CALL_PARITY;OCT26=PUT_CALL_PARITY;DEC29=SERIES_FORWARD_CLUSTER;DEC26=SERIES_FORWARD_CLUSTER;NOV26=SERIES_FORWARD_CLUSTER;MAR27=SERIES_FORWARD_CLUSTER;DEC28=PUT_CALL_PARITY;JUN27=PUT_CALL_PARITY;DEC27=PUT_CALL_PARITY;SEP27=SERIES_FORWARD_CLUSTER;JUN29=PUT_CALL_PARITY;DEC30=PUT_CALL_PARITY,SEP26=30784.5;OCT26=30771.875;DEC29=30567.375;DEC26=25293.875;NOV26=31207.875;MAR27=27605.375;JUN27=24447;DEC27=21051.75;SEP27=36072.5,DEC28=GLOBAL_REFERENCE_NO_OBSERVATION;JUN27=GLOBAL_REFERENCE_OUTLIER_SERIES_FORWARD_CLUSTER;DEC27=GLOBAL_REFERENCE_OUTLIER_SERIES_FORWARD_CLUSTER;JUN29=GLOBAL_REFERENCE_NO_OBSERVATION;DEC30=GLOBAL_REFERENCE_NO_OBSERVATION,WEIGHTED_ATM,2026-09-30,6,120,0.0,NONE,5139,4967,0,0,165,NONE,MN1;MN2;MN3;MN4;MN5;QMW;QRW;QTW;QWW,OK,NONE,NONE,2026-09-21
NAS,20250.0,-77005.7818774445,0.012036288776569908,0.0,0.0,0.0,0.0,0.0,0.0,31097.76071498286,30471.23928501714,31411.021429965713,30157.978570034287,DEC26,SEP26,2026-09-23,2026-12-18,30784.5,29969.045028362125,FOUND,DEGRADED,SPOT_MONTH_FALLBACK;ESTIMATED_EXPIRY_ALIAS,2026-08-02.2,PUT_CALL_PARITY,SEP26,SEP26=PUT_CALL_PARITY;OCT26=PUT_CALL_PARITY;DEC29=SERIES_FORWARD_CLUSTER;DEC26=SERIES_FORWARD_CLUSTER;NOV26=SERIES_FORWARD_CLUSTER;MAR27=SERIES_FORWARD_CLUSTER;DEC28=PUT_CALL_PARITY;JUN27=PUT_CALL_PARITY;DEC27=PUT_CALL_PARITY;SEP27=SERIES_FORWARD_CLUSTER;JUN29=PUT_CALL_PARITY;DEC30=PUT_CALL_PARITY,SEP26=30784.5;OCT26=30771.875;DEC29=30567.375;DEC26=25293.875;NOV26=31207.875;MAR27=27605.375;JUN27=24447;DEC27=21051.75;SEP27=36072.5,DEC28=GLOBAL_REFERENCE_NO_OBSERVATION;JUN27=GLOBAL_REFERENCE_OUTLIER_SERIES_FORWARD_CLUSTER;DEC27=GLOBAL_REFERENCE_OUTLIER_SERIES_FORWARD_CLUSTER;JUN29=GLOBAL_REFERENCE_NO_OBSERVATION;DEC30=GLOBAL_REFERENCE_NO_OBSERVATION,WEIGHTED_ATM,2026-09-30,6,120,0.0,NONE,5139,4967,0,0,165,NONE,MN1;MN2;MN3;MN4;MN5;QMW;QRW;QTW;QWW,OK,NONE,NONE,2026-09-21
NAS,20500.0,-1352468.1259003254,0.2105638510205494,0.0,0.0,0.0,0.0,0.0,0.0,31097.76071498286,30471.23928501714,31411.021429965713,30157.978570034287,DEC26,SEP26,2026-09-23,2026-12-18,30784.5,29969.045028362125,FOUND,DEGRADED,SPOT_MONTH_FALLBACK;ESTIMATED_EXPIRY_ALIAS,2026-08-02.2,PUT_CALL_PARITY,SEP26,SEP26=PUT_CALL_PARITY;OCT26=PUT_CALL_PARITY;DEC29=SERIES_FORWARD_CLUSTER;DEC26=SERIES_FORWARD_CLUSTER;NOV26=SERIES_FORWARD_CLUSTER;MAR27=SERIES_FORWARD_CLUSTER;DEC28=PUT_CALL_PARITY;JUN27=PUT_CALL_PARITY;DEC27=PUT_CALL_PARITY;SEP27=SERIES_FORWARD_CLUSTER;JUN29=PUT_CALL_PARITY;DEC30=PUT_CALL_PARITY,SEP26=30784.5;OCT26=30771.875;DEC29=30567.375;DEC26=25293.875;NOV26=31207.875;MAR27=27605.375;JUN27=24447;DEC27=21051.75;SEP27=36072.5,DEC28=GLOBAL_REFERENCE_NO_OBSERVATION;JUN27=GLOBAL_REFERENCE_OUTLIER_SERIES_FORWARD_CLUSTER;DEC27=GLOBAL_REFERENCE_OUTLIER_SERIES_FORWARD_CLUSTER;JUN29=GLOBAL_REFERENCE_NO_OBSERVATION;DEC30=GLOBAL_REFERENCE_NO_OBSERVATION,WEIGHTED_ATM,2026-09-30,6,120,0.0,NONE,5139,4967,0,0,165,NONE,MN1;MN2;MN3;MN4;MN5;QMW;QRW;QTW;QWW,OK,NONE,NONE,2026-09-21
NAS,20750.0,-18362.91611714904,0.002870191767128519,0.0,0.0,0.0,0.0,0.0,0.0,31097.76071498286,30471.23928501714,31411.021429965713,30157.978570034287,DEC26,SEP26,2026-09-23,2026-12-18,30784.5,29969.045028362125,FOUND,DEGRADED,SPOT_MONTH_FALLBACK;ESTIMATED_EXPIRY_ALIAS,2026-08-02.2,PUT_CALL_PARITY,SEP26,SEP26=PUT_CALL_PARITY;OCT26=PUT_CALL_PARITY;DEC29=SERIES_FORWARD_CLUSTER;DEC26=SERIES_FORWARD_CLUSTER;NOV26=SERIES_FORWARD_CLUSTER;MAR27=SERIES_FORWARD_CLUSTER;DEC28=PUT_CALL_PARITY;JUN27=PUT_CALL_PARITY;DEC27=PUT_CALL_PARITY;SEP27=SERIES_FORWARD_CLUSTER;JUN29=PUT_CALL_PARITY;DEC30=PUT_CALL_PARITY,SEP26=30784.5;OCT26=30771.875;DEC29=30567.375;DEC26=25293.875;NOV26=31207.875;MAR27=27605.375;JUN27=24447;DEC27=21051.75;SEP27=36072.5,DEC28=GLOBAL_REFERENCE_NO_OBSERVATION;JUN27=GLOBAL_REFERENCE_OUTLIER_SERIES_FORWARD_CLUSTER;DEC27=GLOBAL_REFERENCE_OUTLIER_SERIES_FORWARD_CLUSTER;JUN29=GLOBAL_REFERENCE_NO_OBSERVATION;DEC30=GLOBAL_REFERENCE_NO_OBSERVATION,WEIGHTED_ATM,2026-09-30,6,120,0.0,NONE,5139,4967,0,0,165,NONE,MN1;MN2;MN3;MN4;MN5;QMW;QRW;QTW;QWW,OK,NONE,NONE,2026-09-21
NAS,21000.0,-3257346.315929505,0.5055438813073357,0.0,0.0,0.0,0.0,0.0,0.0,31097.76071498286,30471.23928501714,31411.021429965713,30157.978570034287,DEC26,SEP26,2026-09-23,2026-12-18,30784.5,29969.045028362125,FOUND,DEGRADED,SPOT_MONTH_FALLBACK;ESTIMATED_EXPIRY_ALIAS,2026-08-02.2,PUT_CALL_PARITY,SEP26,SEP26=PUT_CALL_PARITY;OCT26=PUT_CALL_PARITY;DEC29=SERIES_FORWARD_CLUSTER;DEC26=SERIES_FORWARD_CLUSTER;NOV26=SERIES_FORWARD_CLUSTER;MAR27=SERIES_FORWARD_CLUSTER;DEC28=PUT_CALL_PARITY;JUN27=PUT_CALL_PARITY;DEC27=PUT_CALL_PARITY;SEP27=SERIES_FORWARD_CLUSTER;JUN29=PUT_CALL_PARITY;DEC30=PUT_CALL_PARITY,SEP26=30784.5;OCT26=30771.875;DEC29=30567.375;DEC26=25293.875;NOV26=31207.875;MAR27=27605.375;JUN27=24447;DEC27=21051.75;SEP27=36072.5,DEC28=GLOBAL_REFERENCE_NO_OBSERVATION;JUN27=GLOBAL_REFERENCE_OUTLIER_SERIES_FORWARD_CLUSTER;DEC27=GLOBAL_REFERENCE_OUTLIER_SERIES_FORWARD_CLUSTER;JUN29=GLOBAL_REFERENCE_NO_OBSERVATION;DEC30=GLOBAL_REFERENCE_NO_OBSERVATION,WEIGHTED_ATM,2026-09-30,6,120,0.0,NONE,5139,4967,0,0,165,NONE,MN1;MN2;MN3;MN4;MN5;QMW;QRW;QTW;QWW,OK,NONE,NONE,2026-09-21
NAS,21250.0,0.0,0.0,0.0,0.0,0.0,0.0,0.0,0.0,31097.76071498286,30471.23928501714,31411.021429965713,30157.978570034287,DEC26,SEP26,2026-09-23,2026-12-18,30784.5,29969.045028362125,FOUND,DEGRADED,SPOT_MONTH_FALLBACK;ESTIMATED_EXPIRY_ALIAS,2026-08-02.2,PUT_CALL_PARITY,SEP26,SEP26=PUT_CALL_PARITY;OCT26=PUT_CALL_PARITY;DEC29=SERIES_FORWARD_CLUSTER;DEC26=SERIES_FORWARD_CLUSTER;NOV26=SERIES_FORWARD_CLUSTER;MAR27=SERIES_FORWARD_CLUSTER;DEC28=PUT_CALL_PARITY;JUN27=PUT_CALL_PARITY;DEC27=PUT_CALL_PARITY;SEP27=SERIES_FORWARD_CLUSTER;JUN29=PUT_CALL_PARITY;DEC30=PUT_CALL_PARITY,SEP26=30784.5;OCT26=30771.875;DEC29=30567.375;DEC26=25293.875;NOV26=31207.875;MAR27=27605.375;JUN27=24447;DEC27=21051.75;SEP27=36072.5,DEC28=GLOBAL_REFERENCE_NO_OBSERVATION;JUN27=GLOBAL_REFERENCE_OUTLIER_SERIES_FORWARD_CLUSTER;DEC27=GLOBAL_REFERENCE_OUTLIER_SERIES_FORWARD_CLUSTER;JUN29=GLOBAL_REFERENCE_NO_OBSERVATION;DEC30=GLOBAL_REFERENCE_NO_OBSERVATION,WEIGHTED_ATM,2026-09-30,6,120,0.0,NONE,5139,4967,0,0,165,NONE,MN1;MN2;MN3;MN4;MN5;QMW;QRW;QTW;QWW,OK,NONE,NONE,2026-09-21
NAS,21500.0,-2508945.7609427636,0.38087467133950265,0.0,0.0,0.0,0.0,0.0,0.0,31097.76071498286,30471.23928501714,31411.021429965713,30157.978570034287,DEC26,SEP26,2026-09-23,2026-12-18,30784.5,29969.045028362125,FOUND,DEGRADED,SPOT_MONTH_FALLBACK;ESTIMATED_EXPIRY_ALIAS,2026-08-02.2,PUT_CALL_PARITY,SEP26,SEP26=PUT_CALL_PARITY;OCT26=PUT_CALL_PARITY;DEC29=SERIES_FORWARD_CLUSTER;DEC26=SERIES_FORWARD_CLUSTER;NOV26=SERIES_FORWARD_CLUSTER;MAR27=SERIES_FORWARD_CLUSTER;DEC28=PUT_CALL_PARITY;JUN27=PUT_CALL_PARITY;DEC27=PUT_CALL_PARITY;SEP27=SERIES_FORWARD_CLUSTER;JUN29=PUT_CALL_PARITY;DEC30=PUT_CALL_PARITY,SEP26=30784.5;OCT26=30771.875;DEC29=30567.375;DEC26=25293.875;NOV26=31207.875;MAR27=27605.375;JUN27=24447;DEC27=21051.75;SEP27=36072.5,DEC28=GLOBAL_REFERENCE_NO_OBSERVATION;JUN27=GLOBAL_REFERENCE_OUTLIER_SERIES_FORWARD_CLUSTER;DEC27=GLOBAL_REFERENCE_OUTLIER_SERIES_FORWARD_CLUSTER;JUN29=GLOBAL_REFERENCE_NO_OBSERVATION;DEC30=GLOBAL_REFERENCE_NO_OBSERVATION,WEIGHTED_ATM,2026-09-30,6,120,0.0,NONE,5139,4967,0,0,165,NONE,MN1;MN2;MN3;MN4;MN5;QMW;QRW;QTW;QWW,OK,NONE,NONE,2026-09-21
NAS,21750.0,-213967.91810422996,0.02554764961915692,0.0,0.0,0.0,0.0,0.0,0.0,31097.76071498286,30471.23928501714,31411.021429965713,30157.978570034287,DEC26,SEP26,2026-09-23,2026-12-18,30784.5,29969.045028362125,FOUND,DEGRADED,SPOT_MONTH_FALLBACK;ESTIMATED_EXPIRY_ALIAS,2026-08-02.2,PUT_CALL_PARITY,SEP26,SEP26=PUT_CALL_PARITY;OCT26=PUT_CALL_PARITY;DEC29=SERIES_FORWARD_CLUSTER;DEC26=SERIES_FORWARD_CLUSTER;NOV26=SERIES_FORWARD_CLUSTER;MAR27=SERIES_FORWARD_CLUSTER;DEC28=PUT_CALL_PARITY;JUN27=PUT_CALL_PARITY;DEC27=PUT_CALL_PARITY;SEP27=SERIES_FORWARD_CLUSTER;JUN29=PUT_CALL_PARITY;DEC30=PUT_CALL_PARITY,SEP26=30784.5;OCT26=30771.875;DEC29=30567.375;DEC26=25293.875;NOV26=31207.875;MAR27=27605.375;JUN27=24447;DEC27=21051.75;SEP27=36072.5,DEC28=GLOBAL_REFERENCE_NO_OBSERVATION;JUN27=GLOBAL_REFERENCE_OUTLIER_SERIES_FORWARD_CLUSTER;DEC27=GLOBAL_REFERENCE_OUTLIER_SERIES_FORWARD_CLUSTER;JUN29=GLOBAL_REFERENCE_NO_OBSERVATION;DEC30=GLOBAL_REFERENCE_NO_OBSERVATION,WEIGHTED_ATM,2026-09-30,6,120,0.0,NONE,5139,4967,0,0,165,NONE,MN1;MN2;MN3;MN4;MN5;QMW;QRW;QTW;QWW,OK,NONE,NONE,2026-09-21
NAS,22000.0,-4725082.791582026,0.6999825968781974,0.0,0.0,0.0,0.0,0.0,0.0,31097.76071498286,30471.23928501714,31411.021429965713,30157.978570034287,DEC26,SEP26,2026-09-23,2026-12-18,30784.5,29969.045028362125,FOUND,DEGRADED,SPOT_MONTH_FALLBACK;ESTIMATED_EXPIRY_ALIAS,2026-08-02.2,PUT_CALL_PARITY,SEP26,SEP26=PUT_CALL_PARITY;OCT26=PUT_CALL_PARITY;DEC29=SERIES_FORWARD_CLUSTER;DEC26=SERIES_FORWARD_CLUSTER;NOV26=SERIES_FORWARD_CLUSTER;MAR27=SERIES_FORWARD_CLUSTER;DEC28=PUT_CALL_PARITY;JUN27=PUT_CALL_PARITY;DEC27=PUT_CALL_PARITY;SEP27=SERIES_FORWARD_CLUSTER;JUN29=PUT_CALL_PARITY;DEC30=PUT_CALL_PARITY,SEP26=30784.5;OCT26=30771.875;DEC29=30567.375;DEC26=25293.875;NOV26=31207.875;MAR27=27605.375;JUN27=24447;DEC27=21051.75;SEP27=36072.5,DEC28=GLOBAL_REFERENCE_NO_OBSERVATION;JUN27=GLOBAL_REFERENCE_OUTLIER_SERIES_FORWARD_CLUSTER;DEC27=GLOBAL_REFERENCE_OUTLIER_SERIES_FORWARD_CLUSTER;JUN29=GLOBAL_REFERENCE_NO_OBSERVATION;DEC30=GLOBAL_REFERENCE_NO_OBSERVATION,WEIGHTED_ATM,2026-09-30,6,120,0.0,NONE,5139,4967,0,0,165,NONE,MN1;MN2;MN3;MN4;MN5;QMW;QRW;QTW;QWW,OK,NONE,NONE,2026-09-21
NAS,22250.0,-12292607.673802022,1.3038822599269844,0.0,0.0,0.0,0.0,0.0,0.0,31097.76071498286,30471.23928501714,31411.021429965713,30157.978570034287,DEC26,SEP26,2026-09-23,2026-12-18,30784.5,29969.045028362125,FOUND,DEGRADED,SPOT_MONTH_FALLBACK;ESTIMATED_EXPIRY_ALIAS,2026-08-02.2,PUT_CALL_PARITY,SEP26,SEP26=PUT_CALL_PARITY;OCT26=PUT_CALL_PARITY;DEC29=SERIES_FORWARD_CLUSTER;DEC26=SERIES_FORWARD_CLUSTER;NOV26=SERIES_FORWARD_CLUSTER;MAR27=SERIES_FORWARD_CLUSTER;DEC28=PUT_CALL_PARITY;JUN27=PUT_CALL_PARITY;DEC27=PUT_CALL_PARITY;SEP27=SERIES_FORWARD_CLUSTER;JUN29=PUT_CALL_PARITY;DEC30=PUT_CALL_PARITY,SEP26=30784.5;OCT26=30771.875;DEC29=30567.375;DEC26=25293.875;NOV26=31207.875;MAR27=27605.375;JUN27=24447;DEC27=21051.75;SEP27=36072.5,DEC28=GLOBAL_REFERENCE_NO_OBSERVATION;JUN27=GLOBAL_REFERENCE_OUTLIER_SERIES_FORWARD_CLUSTER;DEC27=GLOBAL_REFERENCE_OUTLIER_SERIES_FORWARD_CLUSTER;JUN29=GLOBAL_REFERENCE_NO_OBSERVATION;DEC30=GLOBAL_REFERENCE_NO_OBSERVATION,WEIGHTED_ATM,2026-09-30,6,120,0.0,NONE,5139,4967,0,0,165,NONE,MN1;MN2;MN3;MN4;MN5;QMW;QRW;QTW;QWW,OK,NONE,NONE,2026-09-21
NAS,22500.0,-5386696.094484466,0.8165498005088032,0.0,0.0,0.0,0.0,0.0,0.0,31097.76071498286,30471.23928501714,31411.021429965713,30157.978570034287,DEC26,SEP26,2026-09-23,2026-12-18,30784.5,29969.045028362125,FOUND,DEGRADED,SPOT_MONTH_FALLBACK;ESTIMATED_EXPIRY_ALIAS,2026-08-02.2,PUT_CALL_PARITY,SEP26,SEP26=PUT_CALL_PARITY;OCT26=PUT_CALL_PARITY;DEC29=SERIES_FORWARD_CLUSTER;DEC26=SERIES_FORWARD_CLUSTER;NOV26=SERIES_FORWARD_CLUSTER;MAR27=SERIES_FORWARD_CLUSTER;DEC28=PUT_CALL_PARITY;JUN27=PUT_CALL_PARITY;DEC27=PUT_CALL_PARITY;SEP27=SERIES_FORWARD_CLUSTER;JUN29=PUT_CALL_PARITY;DEC30=PUT_CALL_PARITY,SEP26=30784.5;OCT26=30771.875;DEC29=30567.375;DEC26=25293.875;NOV26=31207.875;MAR27=27605.375;JUN27=24447;DEC27=21051.75;SEP27=36072.5,DEC28=GLOBAL_REFERENCE_NO_OBSERVATION;JUN27=GLOBAL_REFERENCE_OUTLIER_SERIES_FORWARD_CLUSTER;DEC27=GLOBAL_REFERENCE_OUTLIER_SERIES_FORWARD_CLUSTER;JUN29=GLOBAL_REFERENCE_NO_OBSERVATION;DEC30=GLOBAL_REFERENCE_NO_OBSERVATION,WEIGHTED_ATM,2026-09-30,6,120,0.0,NONE,5139,4967,0,0,165,NONE,MN1;MN2;MN3;MN4;MN5;QMW;QRW;QTW;QWW,OK,NONE,NONE,2026-09-21
NAS,22600.0,-2637.5796767000966,0.00027854647611872833,0.0,0.0,0.0,0.0,0.0,0.0,31097.76071498286,30471.23928501714,31411.021429965713,30157.978570034287,DEC26,SEP26,2026-09-23,2026-12-18,30784.5,29969.045028362125,FOUND,DEGRADED,SPOT_MONTH_FALLBACK;ESTIMATED_EXPIRY_ALIAS,2026-08-02.2,PUT_CALL_PARITY,SEP26,SEP26=PUT_CALL_PARITY;OCT26=PUT_CALL_PARITY;DEC29=SERIES_FORWARD_CLUSTER;DEC26=SERIES_FORWARD_CLUSTER;NOV26=SERIES_FORWARD_CLUSTER;MAR27=SERIES_FORWARD_CLUSTER;DEC28=PUT_CALL_PARITY;JUN27=PUT_CALL_PARITY;DEC27=PUT_CALL_PARITY;SEP27=SERIES_FORWARD_CLUSTER;JUN29=PUT_CALL_PARITY;DEC30=PUT_CALL_PARITY,SEP26=30784.5;OCT26=30771.875;DEC29=30567.375;DEC26=25293.875;NOV26=31207.875;MAR27=27605.375;JUN27=24447;DEC27=21051.75;SEP27=36072.5,DEC28=GLOBAL_REFERENCE_NO_OBSERVATION;JUN27=GLOBAL_REFERENCE_OUTLIER_SERIES_FORWARD_CLUSTER;DEC27=GLOBAL_REFERENCE_OUTLIER_SERIES_FORWARD_CLUSTER;JUN29=GLOBAL_REFERENCE_NO_OBSERVATION;DEC30=GLOBAL_REFERENCE_NO_OBSERVATION,WEIGHTED_ATM,2026-09-30,6,120,0.0,NONE,5139,4967,0,0,165,NONE,MN1;MN2;MN3;MN4;MN5;QMW;QRW;QTW;QWW,OK,NONE,NONE,2026-09-21
NAS,22750.0,-291591.3102758772,0.03578187085880159,0.0,0.0,0.0,0.0,0.0,0.0,31097.76071498286,30471.23928501714,31411.021429965713,30157.978570034287,DEC26,SEP26,2026-09-23,2026-12-18,30784.5,29969.045028362125,FOUND,DEGRADED,SPOT_MONTH_FALLBACK;ESTIMATED_EXPIRY_ALIAS,2026-08-02.2,PUT_CALL_PARITY,SEP26,SEP26=PUT_CALL_PARITY;OCT26=PUT_CALL_PARITY;DEC29=SERIES_FORWARD_CLUSTER;DEC26=SERIES_FORWARD_CLUSTER;NOV26=SERIES_FORWARD_CLUSTER;MAR27=SERIES_FORWARD_CLUSTER;DEC28=PUT_CALL_PARITY;JUN27=PUT_CALL_PARITY;DEC27=PUT_CALL_PARITY;SEP27=SERIES_FORWARD_CLUSTER;JUN29=PUT_CALL_PARITY;DEC30=PUT_CALL_PARITY,SEP26=30784.5;OCT26=30771.875;DEC29=30567.375;DEC26=25293.875;NOV26=31207.875;MAR27=27605.375;JUN27=24447;DEC27=21051.75;SEP27=36072.5,DEC28=GLOBAL_REFERENCE_NO_OBSERVATION;JUN27=GLOBAL_REFERENCE_OUTLIER_SERIES_FORWARD_CLUSTER;DEC27=GLOBAL_REFERENCE_OUTLIER_SERIES_FORWARD_CLUSTER;JUN29=GLOBAL_REFERENCE_NO_OBSERVATION;DEC30=GLOBAL_REFERENCE_NO_OBSERVATION,WEIGHTED_ATM,2026-09-30,6,120,0.0,NONE,5139,4967,0,0,165,NONE,MN1;MN2;MN3;MN4;MN5;QMW;QRW;QTW;QWW,OK,NONE,NONE,2026-09-21
NAS,22800.0,-2843.7112034611887,0.00030031537694227075,0.0,0.0,0.0,0.0,0.0,0.0,31097.76071498286,30471.23928501714,31411.021429965713,30157.978570034287,DEC26,SEP26,2026-09-23,2026-12-18,30784.5,29969.045028362125,FOUND,DEGRADED,SPOT_MONTH_FALLBACK;ESTIMATED_EXPIRY_ALIAS,2026-08-02.2,PUT_CALL_PARITY,SEP26,SEP26=PUT_CALL_PARITY;OCT26=PUT_CALL_PARITY;DEC29=SERIES_FORWARD_CLUSTER;DEC26=SERIES_FORWARD_CLUSTER;NOV26=SERIES_FORWARD_CLUSTER;MAR27=SERIES_FORWARD_CLUSTER;DEC28=PUT_CALL_PARITY;JUN27=PUT_CALL_PARITY;DEC27=PUT_CALL_PARITY;SEP27=SERIES_FORWARD_CLUSTER;JUN29=PUT_CALL_PARITY;DEC30=PUT_CALL_PARITY,SEP26=30784.5;OCT26=30771.875;DEC29=30567.375;DEC26=25293.875;NOV26=31207.875;MAR27=27605.375;JUN27=24447;DEC27=21051.75;SEP27=36072.5,DEC28=GLOBAL_REFERENCE_NO_OBSERVATION;JUN27=GLOBAL_REFERENCE_OUTLIER_SERIES_FORWARD_CLUSTER;DEC27=GLOBAL_REFERENCE_OUTLIER_SERIES_FORWARD_CLUSTER;JUN29=GLOBAL_REFERENCE_NO_OBSERVATION;DEC30=GLOBAL_REFERENCE_NO_OBSERVATION,WEIGHTED_ATM,2026-09-30,6,120,0.0,NONE,5139,4967,0,0,165,NONE,MN1;MN2;MN3;MN4;MN5;QMW;QRW;QTW;QWW,OK,NONE,NONE,2026-09-21
NAS,23000.0,-9048062.578233724,1.3342948183617183,0.0,0.0,0.0,0.0,0.0,0.0,31097.76071498286,30471.23928501714,31411.021429965713,30157.978570034287,DEC26,SEP26,2026-09-23,2026-12-18,30784.5,29969.045028362125,FOUND,DEGRADED,SPOT_MONTH_FALLBACK;ESTIMATED_EXPIRY_ALIAS,2026-08-02.2,PUT_CALL_PARITY,SEP26,SEP26=PUT_CALL_PARITY;OCT26=PUT_CALL_PARITY;DEC29=SERIES_FORWARD_CLUSTER;DEC26=SERIES_FORWARD_CLUSTER;NOV26=SERIES_FORWARD_CLUSTER;MAR27=SERIES_FORWARD_CLUSTER;DEC28=PUT_CALL_PARITY;JUN27=PUT_CALL_PARITY;DEC27=PUT_CALL_PARITY;SEP27=SERIES_FORWARD_CLUSTER;JUN29=PUT_CALL_PARITY;DEC30=PUT_CALL_PARITY,SEP26=30784.5;OCT26=30771.875;DEC29=30567.375;DEC26=25293.875;NOV26=31207.875;MAR27=27605.375;JUN27=24447;DEC27=21051.75;SEP27=36072.5,DEC28=GLOBAL_REFERENCE_NO_OBSERVATION;JUN27=GLOBAL_REFERENCE_OUTLIER_SERIES_FORWARD_CLUSTER;DEC27=GLOBAL_REFERENCE_OUTLIER_SERIES_FORWARD_CLUSTER;JUN29=GLOBAL_REFERENCE_NO_OBSERVATION;DEC30=GLOBAL_REFERENCE_NO_OBSERVATION,WEIGHTED_ATM,2026-09-30,6,120,0.0,NONE,5139,4967,0,0,165,NONE,MN1;MN2;MN3;MN4;MN5;QMW;QRW;QTW;QWW,OK,NONE,NONE,2026-09-21
NAS,23250.0,-394136.27478403266,0.044993603052718725,0.0,0.0,0.0,0.0,0.0,0.0,31097.76071498286,30471.23928501714,31411.021429965713,30157.978570034287,DEC26,SEP26,2026-09-23,2026-12-18,30784.5,29969.045028362125,FOUND,DEGRADED,SPOT_MONTH_FALLBACK;ESTIMATED_EXPIRY_ALIAS,2026-08-02.2,PUT_CALL_PARITY,SEP26,SEP26=PUT_CALL_PARITY;OCT26=PUT_CALL_PARITY;DEC29=SERIES_FORWARD_CLUSTER;DEC26=SERIES_FORWARD_CLUSTER;NOV26=SERIES_FORWARD_CLUSTER;MAR27=SERIES_FORWARD_CLUSTER;DEC28=PUT_CALL_PARITY;JUN27=PUT_CALL_PARITY;DEC27=PUT_CALL_PARITY;SEP27=SERIES_FORWARD_CLUSTER;JUN29=PUT_CALL_PARITY;DEC30=PUT_CALL_PARITY,SEP26=30784.5;OCT26=30771.875;DEC29=30567.375;DEC26=25293.875;NOV26=31207.875;MAR27=27605.375;JUN27=24447;DEC27=21051.75;SEP27=36072.5,DEC28=GLOBAL_REFERENCE_NO_OBSERVATION;JUN27=GLOBAL_REFERENCE_OUTLIER_SERIES_FORWARD_CLUSTER;DEC27=GLOBAL_REFERENCE_OUTLIER_SERIES_FORWARD_CLUSTER;JUN29=GLOBAL_REFERENCE_NO_OBSERVATION;DEC30=GLOBAL_REFERENCE_NO_OBSERVATION,WEIGHTED_ATM,2026-09-30,6,120,0.0,NONE,5139,4967,0,0,165,NONE,MN1;MN2;MN3;MN4;MN5;QMW;QRW;QTW;QWW,OK,NONE,NONE,2026-09-21
NAS,23500.0,-6813788.576416484,0.9681325231662667,0.0,0.0,0.0,0.0,0.0,0.0,31097.76071498286,30471.23928501714,31411.021429965713,30157.978570034287,DEC26,SEP26,2026-09-23,2026-12-18,30784.5,29969.045028362125,FOUND,DEGRADED,SPOT_MONTH_FALLBACK;ESTIMATED_EXPIRY_ALIAS,2026-08-02.2,PUT_CALL_PARITY,SEP26,SEP26=PUT_CALL_PARITY;OCT26=PUT_CALL_PARITY;DEC29=SERIES_FORWARD_CLUSTER;DEC26=SERIES_FORWARD_CLUSTER;NOV26=SERIES_FORWARD_CLUSTER;MAR27=SERIES_FORWARD_CLUSTER;DEC28=PUT_CALL_PARITY;JUN27=PUT_CALL_PARITY;DEC27=PUT_CALL_PARITY;SEP27=SERIES_FORWARD_CLUSTER;JUN29=PUT_CALL_PARITY;DEC30=PUT_CALL_PARITY,SEP26=30784.5;OCT26=30771.875;DEC29=30567.375;DEC26=25293.875;NOV26=31207.875;MAR27=27605.375;JUN27=24447;DEC27=21051.75;SEP27=36072.5,DEC28=GLOBAL_REFERENCE_NO_OBSERVATION;JUN27=GLOBAL_REFERENCE_OUTLIER_SERIES_FORWARD_CLUSTER;DEC27=GLOBAL_REFERENCE_OUTLIER_SERIES_FORWARD_CLUSTER;JUN29=GLOBAL_REFERENCE_NO_OBSERVATION;DEC30=GLOBAL_REFERENCE_NO_OBSERVATION,WEIGHTED_ATM,2026-09-30,6,120,0.0,NONE,5139,4967,0,0,165,NONE,MN1;MN2;MN3;MN4;MN5;QMW;QRW;QTW;QWW,OK,NONE,NONE,2026-09-21
NAS,23750.0,-556838.6097294069,0.06829423947835331,0.0,0.0,0.0,0.0,0.0,0.0,31097.76071498286,30471.23928501714,31411.021429965713,30157.978570034287,DEC26,SEP26,2026-09-23,2026-12-18,30784.5,29969.045028362125,FOUND,DEGRADED,SPOT_MONTH_FALLBACK;ESTIMATED_EXPIRY_ALIAS,2026-08-02.2,PUT_CALL_PARITY,SEP26,SEP26=PUT_CALL_PARITY;OCT26=PUT_CALL_PARITY;DEC29=SERIES_FORWARD_CLUSTER;DEC26=SERIES_FORWARD_CLUSTER;NOV26=SERIES_FORWARD_CLUSTER;MAR27=SERIES_FORWARD_CLUSTER;DEC28=PUT_CALL_PARITY;JUN27=PUT_CALL_PARITY;DEC27=PUT_CALL_PARITY;SEP27=SERIES_FORWARD_CLUSTER;JUN29=PUT_CALL_PARITY;DEC30=PUT_CALL_PARITY,SEP26=30784.5;OCT26=30771.875;DEC29=30567.375;DEC26=25293.875;NOV26=31207.875;MAR27=27605.375;JUN27=24447;DEC27=21051.75;SEP27=36072.5,DEC28=GLOBAL_REFERENCE_NO_OBSERVATION;JUN27=GLOBAL_REFERENCE_OUTLIER_SERIES_FORWARD_CLUSTER;DEC27=GLOBAL_REFERENCE_OUTLIER_SERIES_FORWARD_CLUSTER;JUN29=GLOBAL_REFERENCE_NO_OBSERVATION;DEC30=GLOBAL_REFERENCE_NO_OBSERVATION,WEIGHTED_ATM,2026-09-30,6,120,0.0,NONE,5139,4967,0,0,165,NONE,MN1;MN2;MN3;MN4;MN5;QMW;QRW;QTW;QWW,OK,NONE,NONE,2026-09-21
NAS,23800.0,-8353.927820133382,0.000882231985863511,0.0,0.0,0.0,0.0,0.0,0.0,31097.76071498286,30471.23928501714,31411.021429965713,30157.978570034287,DEC26,SEP26,2026-09-23,2026-12-18,30784.5,29969.045028362125,FOUND,DEGRADED,SPOT_MONTH_FALLBACK;ESTIMATED_EXPIRY_ALIAS,2026-08-02.2,PUT_CALL_PARITY,SEP26,SEP26=PUT_CALL_PARITY;OCT26=PUT_CALL_PARITY;DEC29=SERIES_FORWARD_CLUSTER;DEC26=SERIES_FORWARD_CLUSTER;NOV26=SERIES_FORWARD_CLUSTER;MAR27=SERIES_FORWARD_CLUSTER;DEC28=PUT_CALL_PARITY;JUN27=PUT_CALL_PARITY;DEC27=PUT_CALL_PARITY;SEP27=SERIES_FORWARD_CLUSTER;JUN29=PUT_CALL_PARITY;DEC30=PUT_CALL_PARITY,SEP26=30784.5;OCT26=30771.875;DEC29=30567.375;DEC26=25293.875;NOV26=31207.875;MAR27=27605.375;JUN27=24447;DEC27=21051.75;SEP27=36072.5,DEC28=GLOBAL_REFERENCE_NO_OBSERVATION;JUN27=GLOBAL_REFERENCE_OUTLIER_SERIES_FORWARD_CLUSTER;DEC27=GLOBAL_REFERENCE_OUTLIER_SERIES_FORWARD_CLUSTER;JUN29=GLOBAL_REFERENCE_NO_OBSERVATION;DEC30=GLOBAL_REFERENCE_NO_OBSERVATION,WEIGHTED_ATM,2026-09-30,6,120,0.0,NONE,5139,4967,0,0,165,NONE,MN1;MN2;MN3;MN4;MN5;QMW;QRW;QTW;QWW,OK,NONE,NONE,2026-09-21
NAS,23900.0,-4182.103311729708,0.00044165874894221396,0.0,0.0,0.0,0.0,0.0,0.0,31097.76071498286,30471.23928501714,31411.021429965713,30157.978570034287,DEC26,SEP26,2026-09-23,2026-12-18,30784.5,29969.045028362125,FOUND,DEGRADED,SPOT_MONTH_FALLBACK;ESTIMATED_EXPIRY_ALIAS,2026-08-02.2,PUT_CALL_PARITY,SEP26,SEP26=PUT_CALL_PARITY;OCT26=PUT_CALL_PARITY;DEC29=SERIES_FORWARD_CLUSTER;DEC26=SERIES_FORWARD_CLUSTER;NOV26=SERIES_FORWARD_CLUSTER;MAR27=SERIES_FORWARD_CLUSTER;DEC28=PUT_CALL_PARITY;JUN27=PUT_CALL_PARITY;DEC27=PUT_CALL_PARITY;SEP27=SERIES_FORWARD_CLUSTER;JUN29=PUT_CALL_PARITY;DEC30=PUT_CALL_PARITY,SEP26=30784.5;OCT26=30771.875;DEC29=30567.375;DEC26=25293.875;NOV26=31207.875;MAR27=27605.375;JUN27=24447;DEC27=21051.75;SEP27=36072.5,DEC28=GLOBAL_REFERENCE_NO_OBSERVATION;JUN27=GLOBAL_REFERENCE_OUTLIER_SERIES_FORWARD_CLUSTER;DEC27=GLOBAL_REFERENCE_OUTLIER_SERIES_FORWARD_CLUSTER;JUN29=GLOBAL_REFERENCE_NO_OBSERVATION;DEC30=GLOBAL_REFERENCE_NO_OBSERVATION,WEIGHTED_ATM,2026-09-30,6,120,0.0,NONE,5139,4967,0,0,165,NONE,MN1;MN2;MN3;MN4;MN5;QMW;QRW;QTW;QWW,OK,NONE,NONE,2026-09-21
NAS,24000.0,-13293603.592787396,1.98300930433766,0.0,0.0,0.0,0.0,0.0,0.0,31097.76071498286,30471.23928501714,31411.021429965713,30157.978570034287,DEC26,SEP26,2026-09-23,2026-12-18,30784.5,29969.045028362125,FOUND,DEGRADED,SPOT_MONTH_FALLBACK;ESTIMATED_EXPIRY_ALIAS,2026-08-02.2,PUT_CALL_PARITY,SEP26,SEP26=PUT_CALL_PARITY;OCT26=PUT_CALL_PARITY;DEC29=SERIES_FORWARD_CLUSTER;DEC26=SERIES_FORWARD_CLUSTER;NOV26=SERIES_FORWARD_CLUSTER;MAR27=SERIES_FORWARD_CLUSTER;DEC28=PUT_CALL_PARITY;JUN27=PUT_CALL_PARITY;DEC27=PUT_CALL_PARITY;SEP27=SERIES_FORWARD_CLUSTER;JUN29=PUT_CALL_PARITY;DEC30=PUT_CALL_PARITY,SEP26=30784.5;OCT26=30771.875;DEC29=30567.375;DEC26=25293.875;NOV26=31207.875;MAR27=27605.375;JUN27=24447;DEC27=21051.75;SEP27=36072.5,DEC28=GLOBAL_REFERENCE_NO_OBSERVATION;JUN27=GLOBAL_REFERENCE_OUTLIER_SERIES_FORWARD_CLUSTER;DEC27=GLOBAL_REFERENCE_OUTLIER_SERIES_FORWARD_CLUSTER;JUN29=GLOBAL_REFERENCE_NO_OBSERVATION;DEC30=GLOBAL_REFERENCE_NO_OBSERVATION,WEIGHTED_ATM,2026-09-30,6,120,0.0,NONE,5139,4967,0,0,165,NONE,MN1;MN2;MN3;MN4;MN5;QMW;QRW;QTW;QWW,OK,NONE,NONE,2026-09-21
NAS,24100.0,-6545.0925174321,0.0006912065909162157,0.0,0.0,0.0,0.0,0.0,0.0,31097.76071498286,30471.23928501714,31411.021429965713,30157.978570034287,DEC26,SEP26,2026-09-23,2026-12-18,30784.5,29969.045028362125,FOUND,DEGRADED,SPOT_MONTH_FALLBACK;ESTIMATED_EXPIRY_ALIAS,2026-08-02.2,PUT_CALL_PARITY,SEP26,SEP26=PUT_CALL_PARITY;OCT26=PUT_CALL_PARITY;DEC29=SERIES_FORWARD_CLUSTER;DEC26=SERIES_FORWARD_CLUSTER;NOV26=SERIES_FORWARD_CLUSTER;MAR27=SERIES_FORWARD_CLUSTER;DEC28=PUT_CALL_PARITY;JUN27=PUT_CALL_PARITY;DEC27=PUT_CALL_PARITY;SEP27=SERIES_FORWARD_CLUSTER;JUN29=PUT_CALL_PARITY;DEC30=PUT_CALL_PARITY,SEP26=30784.5;OCT26=30771.875;DEC29=30567.375;DEC26=25293.875;NOV26=31207.875;MAR27=27605.375;JUN27=24447;DEC27=21051.75;SEP27=36072.5,DEC28=GLOBAL_REFERENCE_NO_OBSERVATION;JUN27=GLOBAL_REFERENCE_OUTLIER_SERIES_FORWARD_CLUSTER;DEC27=GLOBAL_REFERENCE_OUTLIER_SERIES_FORWARD_CLUSTER;JUN29=GLOBAL_REFERENCE_NO_OBSERVATION;DEC30=GLOBAL_REFERENCE_NO_OBSERVATION,WEIGHTED_ATM,2026-09-30,6,120,0.0,NONE,5139,4967,0,0,165,NONE,MN1;MN2;MN3;MN4;MN5;QMW;QRW;QTW;QWW,OK,NONE,NONE,2026-09-21
NAS,24200.0,-11833.919025510386,0.0012497428882809428,0.0,0.0,0.0,0.0,0.0,0.0,31097.76071498286,30471.23928501714,31411.021429965713,30157.978570034287,DEC26,SEP26,2026-09-23,2026-12-18,30784.5,29969.045028362125,FOUND,DEGRADED,SPOT_MONTH_FALLBACK;ESTIMATED_EXPIRY_ALIAS,2026-08-02.2,PUT_CALL_PARITY,SEP26,SEP26=PUT_CALL_PARITY;OCT26=PUT_CALL_PARITY;DEC29=SERIES_FORWARD_CLUSTER;DEC26=SERIES_FORWARD_CLUSTER;NOV26=SERIES_FORWARD_CLUSTER;MAR27=SERIES_FORWARD_CLUSTER;DEC28=PUT_CALL_PARITY;JUN27=PUT_CALL_PARITY;DEC27=PUT_CALL_PARITY;SEP27=SERIES_FORWARD_CLUSTER;JUN29=PUT_CALL_PARITY;DEC30=PUT_CALL_PARITY,SEP26=30784.5;OCT26=30771.875;DEC29=30567.375;DEC26=25293.875;NOV26=31207.875;MAR27=27605.375;JUN27=24447;DEC27=21051.75;SEP27=36072.5,DEC28=GLOBAL_REFERENCE_NO_OBSERVATION;JUN27=GLOBAL_REFERENCE_OUTLIER_SERIES_FORWARD_CLUSTER;DEC27=GLOBAL_REFERENCE_OUTLIER_SERIES_FORWARD_CLUSTER;JUN29=GLOBAL_REFERENCE_NO_OBSERVATION;DEC30=GLOBAL_REFERENCE_NO_OBSERVATION,WEIGHTED_ATM,2026-09-30,6,120,0.0,NONE,5139,4967,0,0,165,NONE,MN1;MN2;MN3;MN4;MN5;QMW;QRW;QTW;QWW,OK,NONE,NONE,2026-09-21
NAS,24250.0,-559264.7337357178,0.07616339485616602,0.0,0.0,0.0,0.0,0.0,0.0,31097.76071498286,30471.23928501714,31411.021429965713,30157.978570034287,DEC26,SEP26,2026-09-23,2026-12-18,30784.5,29969.045028362125,FOUND,DEGRADED,SPOT_MONTH_FALLBACK;ESTIMATED_EXPIRY_ALIAS,2026-08-02.2,PUT_CALL_PARITY,SEP26,SEP26=PUT_CALL_PARITY;OCT26=PUT_CALL_PARITY;DEC29=SERIES_FORWARD_CLUSTER;DEC26=SERIES_FORWARD_CLUSTER;NOV26=SERIES_FORWARD_CLUSTER;MAR27=SERIES_FORWARD_CLUSTER;DEC28=PUT_CALL_PARITY;JUN27=PUT_CALL_PARITY;DEC27=PUT_CALL_PARITY;SEP27=SERIES_FORWARD_CLUSTER;JUN29=PUT_CALL_PARITY;DEC30=PUT_CALL_PARITY,SEP26=30784.5;OCT26=30771.875;DEC29=30567.375;DEC26=25293.875;NOV26=31207.875;MAR27=27605.375;JUN27=24447;DEC27=21051.75;SEP27=36072.5,DEC28=GLOBAL_REFERENCE_NO_OBSERVATION;JUN27=GLOBAL_REFERENCE_OUTLIER_SERIES_FORWARD_CLUSTER;DEC27=GLOBAL_REFERENCE_OUTLIER_SERIES_FORWARD_CLUSTER;JUN29=GLOBAL_REFERENCE_NO_OBSERVATION;DEC30=GLOBAL_REFERENCE_NO_OBSERVATION,WEIGHTED_ATM,2026-09-30,6,120,0.0,NONE,5139,4967,0,0,165,NONE,MN1;MN2;MN3;MN4;MN5;QMW;QRW;QTW;QWW,OK,NONE,NONE,2026-09-21
NAS,24300.0,-9498.163205764222,0.0010030710783593183,0.0,0.0,0.0,0.0,0.0,0.0,31097.76071498286,30471.23928501714,31411.021429965713,30157.978570034287,DEC26,SEP26,2026-09-23,2026-12-18,30784.5,29969.045028362125,FOUND,DEGRADED,SPOT_MONTH_FALLBACK;ESTIMATED_EXPIRY_ALIAS,2026-08-02.2,PUT_CALL_PARITY,SEP26,SEP26=PUT_CALL_PARITY;OCT26=PUT_CALL_PARITY;DEC29=SERIES_FORWARD_CLUSTER;DEC26=SERIES_FORWARD_CLUSTER;NOV26=SERIES_FORWARD_CLUSTER;MAR27=SERIES_FORWARD_CLUSTER;DEC28=PUT_CALL_PARITY;JUN27=PUT_CALL_PARITY;DEC27=PUT_CALL_PARITY;SEP27=SERIES_FORWARD_CLUSTER;JUN29=PUT_CALL_PARITY;DEC30=PUT_CALL_PARITY,SEP26=30784.5;OCT26=30771.875;DEC29=30567.375;DEC26=25293.875;NOV26=31207.875;MAR27=27605.375;JUN27=24447;DEC27=21051.75;SEP27=36072.5,DEC28=GLOBAL_REFERENCE_NO_OBSERVATION;JUN27=GLOBAL_REFERENCE_OUTLIER_SERIES_FORWARD_CLUSTER;DEC27=GLOBAL_REFERENCE_OUTLIER_SERIES_FORWARD_CLUSTER;JUN29=GLOBAL_REFERENCE_NO_OBSERVATION;DEC30=GLOBAL_REFERENCE_NO_OBSERVATION,WEIGHTED_ATM,2026-09-30,6,120,0.0,NONE,5139,4967,0,0,165,NONE,MN1;MN2;MN3;MN4;MN5;QMW;QRW;QTW;QWW,OK,NONE,NONE,2026-09-21
NAS,24400.0,-17776.38457007158,0.0018773079440465316,0.0,0.0,0.0,0.0,0.0,0.0,31097.76071498286,30471.23928501714,31411.021429965713,30157.978570034287,DEC26,SEP26,2026-09-23,2026-12-18,30784.5,29969.045028362125,FOUND,DEGRADED,SPOT_MONTH_FALLBACK;ESTIMATED_EXPIRY_ALIAS,2026-08-02.2,PUT_CALL_PARITY,SEP26,SEP26=PUT_CALL_PARITY;OCT26=PUT_CALL_PARITY;DEC29=SERIES_FORWARD_CLUSTER;DEC26=SERIES_FORWARD_CLUSTER;NOV26=SERIES_FORWARD_CLUSTER;MAR27=SERIES_FORWARD_CLUSTER;DEC28=PUT_CALL_PARITY;JUN27=PUT_CALL_PARITY;DEC27=PUT_CALL_PARITY;SEP27=SERIES_FORWARD_CLUSTER;JUN29=PUT_CALL_PARITY;DEC30=PUT_CALL_PARITY,SEP26=30784.5;OCT26=30771.875;DEC29=30567.375;DEC26=25293.875;NOV26=31207.875;MAR27=27605.375;JUN27=24447;DEC27=21051.75;SEP27=36072.5,DEC28=GLOBAL_REFERENCE_NO_OBSERVATION;JUN27=GLOBAL_REFERENCE_OUTLIER_SERIES_FORWARD_CLUSTER;DEC27=GLOBAL_REFERENCE_OUTLIER_SERIES_FORWARD_CLUSTER;JUN29=GLOBAL_REFERENCE_NO_OBSERVATION;DEC30=GLOBAL_REFERENCE_NO_OBSERVATION,WEIGHTED_ATM,2026-09-30,6,120,0.0,NONE,5139,4967,0,0,165,NONE,MN1;MN2;MN3;MN4;MN5;QMW;QRW;QTW;QWW,OK,NONE,NONE,2026-09-21
NAS,24500.0,-13667524.052358838,2.0904976863940212,0.0,0.0,0.0,0.0,0.0,0.0,31097.76071498286,30471.23928501714,31411.021429965713,30157.978570034287,DEC26,SEP26,2026-09-23,2026-12-18,30784.5,29969.045028362125,FOUND,DEGRADED,SPOT_MONTH_FALLBACK;ESTIMATED_EXPIRY_ALIAS,2026-08-02.2,PUT_CALL_PARITY,SEP26,SEP26=PUT_CALL_PARITY;OCT26=PUT_CALL_PARITY;DEC29=SERIES_FORWARD_CLUSTER;DEC26=SERIES_FORWARD_CLUSTER;NOV26=SERIES_FORWARD_CLUSTER;MAR27=SERIES_FORWARD_CLUSTER;DEC28=PUT_CALL_PARITY;JUN27=PUT_CALL_PARITY;DEC27=PUT_CALL_PARITY;SEP27=SERIES_FORWARD_CLUSTER;JUN29=PUT_CALL_PARITY;DEC30=PUT_CALL_PARITY,SEP26=30784.5;OCT26=30771.875;DEC29=30567.375;DEC26=25293.875;NOV26=31207.875;MAR27=27605.375;JUN27=24447;DEC27=21051.75;SEP27=36072.5,DEC28=GLOBAL_REFERENCE_NO_OBSERVATION;JUN27=GLOBAL_REFERENCE_OUTLIER_SERIES_FORWARD_CLUSTER;DEC27=GLOBAL_REFERENCE_OUTLIER_SERIES_FORWARD_CLUSTER;JUN29=GLOBAL_REFERENCE_NO_OBSERVATION;DEC30=GLOBAL_REFERENCE_NO_OBSERVATION,WEIGHTED_ATM,2026-09-30,6,120,0.0,NONE,5139,4967,0,0,165,NONE,MN1;MN2;MN3;MN4;MN5;QMW;QRW;QTW;QWW,OK,NONE,NONE,2026-09-21
NAS,24600.0,-20075.77021608801,0.0021201388145577803,0.0,0.0,0.0,0.0,0.0,0.0,31097.76071498286,30471.23928501714,31411.021429965713,30157.978570034287,DEC26,SEP26,2026-09-23,2026-12-18,30784.5,29969.045028362125,FOUND,DEGRADED,SPOT_MONTH_FALLBACK;ESTIMATED_EXPIRY_ALIAS,2026-08-02.2,PUT_CALL_PARITY,SEP26,SEP26=PUT_CALL_PARITY;OCT26=PUT_CALL_PARITY;DEC29=SERIES_FORWARD_CLUSTER;DEC26=SERIES_FORWARD_CLUSTER;NOV26=SERIES_FORWARD_CLUSTER;MAR27=SERIES_FORWARD_CLUSTER;DEC28=PUT_CALL_PARITY;JUN27=PUT_CALL_PARITY;DEC27=PUT_CALL_PARITY;SEP27=SERIES_FORWARD_CLUSTER;JUN29=PUT_CALL_PARITY;DEC30=PUT_CALL_PARITY,SEP26=30784.5;OCT26=30771.875;DEC29=30567.375;DEC26=25293.875;NOV26=31207.875;MAR27=27605.375;JUN27=24447;DEC27=21051.75;SEP27=36072.5,DEC28=GLOBAL_REFERENCE_NO_OBSERVATION;JUN27=GLOBAL_REFERENCE_OUTLIER_SERIES_FORWARD_CLUSTER;DEC27=GLOBAL_REFERENCE_OUTLIER_SERIES_FORWARD_CLUSTER;JUN29=GLOBAL_REFERENCE_NO_OBSERVATION;DEC30=GLOBAL_REFERENCE_NO_OBSERVATION,WEIGHTED_ATM,2026-09-30,6,120,0.0,NONE,5139,4967,0,0,165,NONE,MN1;MN2;MN3;MN4;MN5;QMW;QRW;QTW;QWW,OK,NONE,NONE,2026-09-21
NAS,24700.0,-10452.053317763737,0.0011038084064670277,0.0,0.0,0.0,0.0,0.0,0.0,31097.76071498286,30471.23928501714,31411.021429965713,30157.978570034287,DEC26,SEP26,2026-09-23,2026-12-18,30784.5,29969.045028362125,FOUND,DEGRADED,SPOT_MONTH_FALLBACK;ESTIMATED_EXPIRY_ALIAS,2026-08-02.2,PUT_CALL_PARITY,SEP26,SEP26=PUT_CALL_PARITY;OCT26=PUT_CALL_PARITY;DEC29=SERIES_FORWARD_CLUSTER;DEC26=SERIES_FORWARD_CLUSTER;NOV26=SERIES_FORWARD_CLUSTER;MAR27=SERIES_FORWARD_CLUSTER;DEC28=PUT_CALL_PARITY;JUN27=PUT_CALL_PARITY;DEC27=PUT_CALL_PARITY;SEP27=SERIES_FORWARD_CLUSTER;JUN29=PUT_CALL_PARITY;DEC30=PUT_CALL_PARITY,SEP26=30784.5;OCT26=30771.875;DEC29=30567.375;DEC26=25293.875;NOV26=31207.875;MAR27=27605.375;JUN27=24447;DEC27=21051.75;SEP27=36072.5,DEC28=GLOBAL_REFERENCE_NO_OBSERVATION;JUN27=GLOBAL_REFERENCE_OUTLIER_SERIES_FORWARD_CLUSTER;DEC27=GLOBAL_REFERENCE_OUTLIER_SERIES_FORWARD_CLUSTER;JUN29=GLOBAL_REFERENCE_NO_OBSERVATION;DEC30=GLOBAL_REFERENCE_NO_OBSERVATION,WEIGHTED_ATM,2026-09-30,6,120,0.0,NONE,5139,4967,0,0,165,NONE,MN1;MN2;MN3;MN4;MN5;QMW;QRW;QTW;QWW,OK,NONE,NONE,2026-09-21
NAS,24750.0,-2154649.594972856,0.30247970505835264,0.0,0.0,0.0,0.0,0.0,0.0,31097.76071498286,30471.23928501714,31411.021429965713,30157.978570034287,DEC26,SEP26,2026-09-23,2026-12-18,30784.5,29969.045028362125,FOUND,DEGRADED,SPOT_MONTH_FALLBACK;ESTIMATED_EXPIRY_ALIAS,2026-08-02.2,PUT_CALL_PARITY,SEP26,SEP26=PUT_CALL_PARITY;OCT26=PUT_CALL_PARITY;DEC29=SERIES_FORWARD_CLUSTER;DEC26=SERIES_FORWARD_CLUSTER;NOV26=SERIES_FORWARD_CLUSTER;MAR27=SERIES_FORWARD_CLUSTER;DEC28=PUT_CALL_PARITY;JUN27=PUT_CALL_PARITY;DEC27=PUT_CALL_PARITY;SEP27=SERIES_FORWARD_CLUSTER;JUN29=PUT_CALL_PARITY;DEC30=PUT_CALL_PARITY,SEP26=30784.5;OCT26=30771.875;DEC29=30567.375;DEC26=25293.875;NOV26=31207.875;MAR27=27605.375;JUN27=24447;DEC27=21051.75;SEP27=36072.5,DEC28=GLOBAL_REFERENCE_NO_OBSERVATION;JUN27=GLOBAL_REFERENCE_OUTLIER_SERIES_FORWARD_CLUSTER;DEC27=GLOBAL_REFERENCE_OUTLIER_SERIES_FORWARD_CLUSTER;JUN29=GLOBAL_REFERENCE_NO_OBSERVATION;DEC30=GLOBAL_REFERENCE_NO_OBSERVATION,WEIGHTED_ATM,2026-09-30,6,120,0.0,NONE,5139,4967,0,0,165,NONE,MN1;MN2;MN3;MN4;MN5;QMW;QRW;QTW;QWW,OK,NONE,NONE,2026-09-21
NAS,24800.0,-15291.654433851187,0.0016149034261226949,0.0,0.0,0.0,0.0,0.0,0.0,31097.76071498286,30471.23928501714,31411.021429965713,30157.978570034287,DEC26,SEP26,2026-09-23,2026-12-18,30784.5,29969.045028362125,FOUND,DEGRADED,SPOT_MONTH_FALLBACK;ESTIMATED_EXPIRY_ALIAS,2026-08-02.2,PUT_CALL_PARITY,SEP26,SEP26=PUT_CALL_PARITY;OCT26=PUT_CALL_PARITY;DEC29=SERIES_FORWARD_CLUSTER;DEC26=SERIES_FORWARD_CLUSTER;NOV26=SERIES_FORWARD_CLUSTER;MAR27=SERIES_FORWARD_CLUSTER;DEC28=PUT_CALL_PARITY;JUN27=PUT_CALL_PARITY;DEC27=PUT_CALL_PARITY;SEP27=SERIES_FORWARD_CLUSTER;JUN29=PUT_CALL_PARITY;DEC30=PUT_CALL_PARITY,SEP26=30784.5;OCT26=30771.875;DEC29=30567.375;DEC26=25293.875;NOV26=31207.875;MAR27=27605.375;JUN27=24447;DEC27=21051.75;SEP27=36072.5,DEC28=GLOBAL_REFERENCE_NO_OBSERVATION;JUN27=GLOBAL_REFERENCE_OUTLIER_SERIES_FORWARD_CLUSTER;DEC27=GLOBAL_REFERENCE_OUTLIER_SERIES_FORWARD_CLUSTER;JUN29=GLOBAL_REFERENCE_NO_OBSERVATION;DEC30=GLOBAL_REFERENCE_NO_OBSERVATION,WEIGHTED_ATM,2026-09-30,6,120,0.0,NONE,5139,4967,0,0,165,NONE,MN1;MN2;MN3;MN4;MN5;QMW;QRW;QTW;QWW,OK,NONE,NONE,2026-09-21
NAS,24900.0,-42410.422035983196,0.004478830995396087,0.0,0.0,0.0,0.0,0.0,0.0,31097.76071498286,30471.23928501714,31411.021429965713,30157.978570034287,DEC26,SEP26,2026-09-23,2026-12-18,30784.5,29969.045028362125,FOUND,DEGRADED,SPOT_MONTH_FALLBACK;ESTIMATED_EXPIRY_ALIAS,2026-08-02.2,PUT_CALL_PARITY,SEP26,SEP26=PUT_CALL_PARITY;OCT26=PUT_CALL_PARITY;DEC29=SERIES_FORWARD_CLUSTER;DEC26=SERIES_FORWARD_CLUSTER;NOV26=SERIES_FORWARD_CLUSTER;MAR27=SERIES_FORWARD_CLUSTER;DEC28=PUT_CALL_PARITY;JUN27=PUT_CALL_PARITY;DEC27=PUT_CALL_PARITY;SEP27=SERIES_FORWARD_CLUSTER;JUN29=PUT_CALL_PARITY;DEC30=PUT_CALL_PARITY,SEP26=30784.5;OCT26=30771.875;DEC29=30567.375;DEC26=25293.875;NOV26=31207.875;MAR27=27605.375;JUN27=24447;DEC27=21051.75;SEP27=36072.5,DEC28=GLOBAL_REFERENCE_NO_OBSERVATION;JUN27=GLOBAL_REFERENCE_OUTLIER_SERIES_FORWARD_CLUSTER;DEC27=GLOBAL_REFERENCE_OUTLIER_SERIES_FORWARD_CLUSTER;JUN29=GLOBAL_REFERENCE_NO_OBSERVATION;DEC30=GLOBAL_REFERENCE_NO_OBSERVATION,WEIGHTED_ATM,2026-09-30,6,120,0.0,NONE,5139,4967,0,0,165,NONE,MN1;MN2;MN3;MN4;MN5;QMW;QRW;QTW;QWW,OK,NONE,NONE,2026-09-21
NAS,25000.0,-59115812.19522327,9.018180331853745,0.0,0.0,0.0,0.0,0.0,0.0,31097.76071498286,30471.23928501714,31411.021429965713,30157.978570034287,DEC26,SEP26,2026-09-23,2026-12-18,30784.5,29969.045028362125,FOUND,DEGRADED,SPOT_MONTH_FALLBACK;ESTIMATED_EXPIRY_ALIAS,2026-08-02.2,PUT_CALL_PARITY,SEP26,SEP26=PUT_CALL_PARITY;OCT26=PUT_CALL_PARITY;DEC29=SERIES_FORWARD_CLUSTER;DEC26=SERIES_FORWARD_CLUSTER;NOV26=SERIES_FORWARD_CLUSTER;MAR27=SERIES_FORWARD_CLUSTER;DEC28=PUT_CALL_PARITY;JUN27=PUT_CALL_PARITY;DEC27=PUT_CALL_PARITY;SEP27=SERIES_FORWARD_CLUSTER;JUN29=PUT_CALL_PARITY;DEC30=PUT_CALL_PARITY,SEP26=30784.5;OCT26=30771.875;DEC29=30567.375;DEC26=25293.875;NOV26=31207.875;MAR27=27605.375;JUN27=24447;DEC27=21051.75;SEP27=36072.5,DEC28=GLOBAL_REFERENCE_NO_OBSERVATION;JUN27=GLOBAL_REFERENCE_OUTLIER_SERIES_FORWARD_CLUSTER;DEC27=GLOBAL_REFERENCE_OUTLIER_SERIES_FORWARD_CLUSTER;JUN29=GLOBAL_REFERENCE_NO_OBSERVATION;DEC30=GLOBAL_REFERENCE_NO_OBSERVATION,WEIGHTED_ATM,2026-09-30,6,120,0.0,NONE,5139,4967,0,0,165,NONE,MN1;MN2;MN3;MN4;MN5;QMW;QRW;QTW;QWW,OK,NONE,NONE,2026-09-21
NAS,25100.0,-28691.028918446144,0.0030299691311893593,0.0,0.0,0.0,0.0,0.0,0.0,31097.76071498286,30471.23928501714,31411.021429965713,30157.978570034287,DEC26,SEP26,2026-09-23,2026-12-18,30784.5,29969.045028362125,FOUND,DEGRADED,SPOT_MONTH_FALLBACK;ESTIMATED_EXPIRY_ALIAS,2026-08-02.2,PUT_CALL_PARITY,SEP26,SEP26=PUT_CALL_PARITY;OCT26=PUT_CALL_PARITY;DEC29=SERIES_FORWARD_CLUSTER;DEC26=SERIES_FORWARD_CLUSTER;NOV26=SERIES_FORWARD_CLUSTER;MAR27=SERIES_FORWARD_CLUSTER;DEC28=PUT_CALL_PARITY;JUN27=PUT_CALL_PARITY;DEC27=PUT_CALL_PARITY;SEP27=SERIES_FORWARD_CLUSTER;JUN29=PUT_CALL_PARITY;DEC30=PUT_CALL_PARITY,SEP26=30784.5;OCT26=30771.875;DEC29=30567.375;DEC26=25293.875;NOV26=31207.875;MAR27=27605.375;JUN27=24447;DEC27=21051.75;SEP27=36072.5,DEC28=GLOBAL_REFERENCE_NO_OBSERVATION;JUN27=GLOBAL_REFERENCE_OUTLIER_SERIES_FORWARD_CLUSTER;DEC27=GLOBAL_REFERENCE_OUTLIER_SERIES_FORWARD_CLUSTER;JUN29=GLOBAL_REFERENCE_NO_OBSERVATION;DEC30=GLOBAL_REFERENCE_NO_OBSERVATION,WEIGHTED_ATM,2026-09-30,6,120,0.0,NONE,5139,4967,0,0,165,NONE,MN1;MN2;MN3;MN4;MN5;QMW;QRW;QTW;QWW,OK,NONE,NONE,2026-09-21
NAS,25200.0,-74368.47870625336,0.007853820629924782,0.0,0.0,0.0,0.0,0.0,0.0,31097.76071498286,30471.23928501714,31411.021429965713,30157.978570034287,DEC26,SEP26,2026-09-23,2026-12-18,30784.5,29969.045028362125,FOUND,DEGRADED,SPOT_MONTH_FALLBACK;ESTIMATED_EXPIRY_ALIAS,2026-08-02.2,PUT_CALL_PARITY,SEP26,SEP26=PUT_CALL_PARITY;OCT26=PUT_CALL_PARITY;DEC29=SERIES_FORWARD_CLUSTER;DEC26=SERIES_FORWARD_CLUSTER;NOV26=SERIES_FORWARD_CLUSTER;MAR27=SERIES_FORWARD_CLUSTER;DEC28=PUT_CALL_PARITY;JUN27=PUT_CALL_PARITY;DEC27=PUT_CALL_PARITY;SEP27=SERIES_FORWARD_CLUSTER;JUN29=PUT_CALL_PARITY;DEC30=PUT_CALL_PARITY,SEP26=30784.5;OCT26=30771.875;DEC29=30567.375;DEC26=25293.875;NOV26=31207.875;MAR27=27605.375;JUN27=24447;DEC27=21051.75;SEP27=36072.5,DEC28=GLOBAL_REFERENCE_NO_OBSERVATION;JUN27=GLOBAL_REFERENCE_OUTLIER_SERIES_FORWARD_CLUSTER;DEC27=GLOBAL_REFERENCE_OUTLIER_SERIES_FORWARD_CLUSTER;JUN29=GLOBAL_REFERENCE_NO_OBSERVATION;DEC30=GLOBAL_REFERENCE_NO_OBSERVATION,WEIGHTED_ATM,2026-09-30,6,120,0.0,NONE,5139,4967,0,0,165,NONE,MN1;MN2;MN3;MN4;MN5;QMW;QRW;QTW;QWW,OK,NONE,NONE,2026-09-21
NAS,25250.0,-2059279.0034554233,0.26263381319265905,0.0,0.0,0.0,0.0,0.0,0.0,31097.76071498286,30471.23928501714,31411.021429965713,30157.978570034287,DEC26,SEP26,2026-09-23,2026-12-18,30784.5,29969.045028362125,FOUND,DEGRADED,SPOT_MONTH_FALLBACK;ESTIMATED_EXPIRY_ALIAS,2026-08-02.2,PUT_CALL_PARITY,SEP26,SEP26=PUT_CALL_PARITY;OCT26=PUT_CALL_PARITY;DEC29=SERIES_FORWARD_CLUSTER;DEC26=SERIES_FORWARD_CLUSTER;NOV26=SERIES_FORWARD_CLUSTER;MAR27=SERIES_FORWARD_CLUSTER;DEC28=PUT_CALL_PARITY;JUN27=PUT_CALL_PARITY;DEC27=PUT_CALL_PARITY;SEP27=SERIES_FORWARD_CLUSTER;JUN29=PUT_CALL_PARITY;DEC30=PUT_CALL_PARITY,SEP26=30784.5;OCT26=30771.875;DEC29=30567.375;DEC26=25293.875;NOV26=31207.875;MAR27=27605.375;JUN27=24447;DEC27=21051.75;SEP27=36072.5,DEC28=GLOBAL_REFERENCE_NO_OBSERVATION;JUN27=GLOBAL_REFERENCE_OUTLIER_SERIES_FORWARD_CLUSTER;DEC27=GLOBAL_REFERENCE_OUTLIER_SERIES_FORWARD_CLUSTER;JUN29=GLOBAL_REFERENCE_NO_OBSERVATION;DEC30=GLOBAL_REFERENCE_NO_OBSERVATION,WEIGHTED_ATM,2026-09-30,6,120,0.0,NONE,5139,4967,0,0,165,NONE,MN1;MN2;MN3;MN4;MN5;QMW;QRW;QTW;QWW,OK,NONE,NONE,2026-09-21
NAS,25300.0,-288106.9176923834,0.0304260634768937,0.0,0.0,0.0,0.0,0.0,0.0,31097.76071498286,30471.23928501714,31411.021429965713,30157.978570034287,DEC26,SEP26,2026-09-23,2026-12-18,30784.5,29969.045028362125,FOUND,DEGRADED,SPOT_MONTH_FALLBACK;ESTIMATED_EXPIRY_ALIAS,2026-08-02.2,PUT_CALL_PARITY,SEP26,SEP26=PUT_CALL_PARITY;OCT26=PUT_CALL_PARITY;DEC29=SERIES_FORWARD_CLUSTER;DEC26=SERIES_FORWARD_CLUSTER;NOV26=SERIES_FORWARD_CLUSTER;MAR27=SERIES_FORWARD_CLUSTER;DEC28=PUT_CALL_PARITY;JUN27=PUT_CALL_PARITY;DEC27=PUT_CALL_PARITY;SEP27=SERIES_FORWARD_CLUSTER;JUN29=PUT_CALL_PARITY;DEC30=PUT_CALL_PARITY,SEP26=30784.5;OCT26=30771.875;DEC29=30567.375;DEC26=25293.875;NOV26=31207.875;MAR27=27605.375;JUN27=24447;DEC27=21051.75;SEP27=36072.5,DEC28=GLOBAL_REFERENCE_NO_OBSERVATION;JUN27=GLOBAL_REFERENCE_OUTLIER_SERIES_FORWARD_CLUSTER;DEC27=GLOBAL_REFERENCE_OUTLIER_SERIES_FORWARD_CLUSTER;JUN29=GLOBAL_REFERENCE_NO_OBSERVATION;DEC30=GLOBAL_REFERENCE_NO_OBSERVATION,WEIGHTED_ATM,2026-09-30,6,120,0.0,NONE,5139,4967,0,0,165,NONE,MN1;MN2;MN3;MN4;MN5;QMW;QRW;QTW;QWW,OK,NONE,NONE,2026-09-21
NAS,25400.0,-440152.01404949964,0.04708608927455501,0.0,0.0,0.0,0.0,0.0,0.0,31097.76071498286,30471.23928501714,31411.021429965713,30157.978570034287,DEC26,SEP26,2026-09-23,2026-12-18,30784.5,29969.045028362125,FOUND,DEGRADED,SPOT_MONTH_FALLBACK;ESTIMATED_EXPIRY_ALIAS,2026-08-02.2,PUT_CALL_PARITY,SEP26,SEP26=PUT_CALL_PARITY;OCT26=PUT_CALL_PARITY;DEC29=SERIES_FORWARD_CLUSTER;DEC26=SERIES_FORWARD_CLUSTER;NOV26=SERIES_FORWARD_CLUSTER;MAR27=SERIES_FORWARD_CLUSTER;DEC28=PUT_CALL_PARITY;JUN27=PUT_CALL_PARITY;DEC27=PUT_CALL_PARITY;SEP27=SERIES_FORWARD_CLUSTER;JUN29=PUT_CALL_PARITY;DEC30=PUT_CALL_PARITY,SEP26=30784.5;OCT26=30771.875;DEC29=30567.375;DEC26=25293.875;NOV26=31207.875;MAR27=27605.375;JUN27=24447;DEC27=21051.75;SEP27=36072.5,DEC28=GLOBAL_REFERENCE_NO_OBSERVATION;JUN27=GLOBAL_REFERENCE_OUTLIER_SERIES_FORWARD_CLUSTER;DEC27=GLOBAL_REFERENCE_OUTLIER_SERIES_FORWARD_CLUSTER;JUN29=GLOBAL_REFERENCE_NO_OBSERVATION;DEC30=GLOBAL_REFERENCE_NO_OBSERVATION,WEIGHTED_ATM,2026-09-30,6,120,0.0,NONE,5139,4967,0,0,165,NONE,MN1;MN2;MN3;MN4;MN5;QMW;QRW;QTW;QWW,OK,NONE,NONE,2026-09-21
NAS,25500.0,-2864923.1545314,0.3232917590864171,0.0,0.0,0.0,0.0,0.0,0.0,31097.76071498286,30471.23928501714,31411.021429965713,30157.978570034287,DEC26,SEP26,2026-09-23,2026-12-18,30784.5,29969.045028362125,FOUND,DEGRADED,SPOT_MONTH_FALLBACK;ESTIMATED_EXPIRY_ALIAS,2026-08-02.2,PUT_CALL_PARITY,SEP26,SEP26=PUT_CALL_PARITY;OCT26=PUT_CALL_PARITY;DEC29=SERIES_FORWARD_CLUSTER;DEC26=SERIES_FORWARD_CLUSTER;NOV26=SERIES_FORWARD_CLUSTER;MAR27=SERIES_FORWARD_CLUSTER;DEC28=PUT_CALL_PARITY;JUN27=PUT_CALL_PARITY;DEC27=PUT_CALL_PARITY;SEP27=SERIES_FORWARD_CLUSTER;JUN29=PUT_CALL_PARITY;DEC30=PUT_CALL_PARITY,SEP26=30784.5;OCT26=30771.875;DEC29=30567.375;DEC26=25293.875;NOV26=31207.875;MAR27=27605.375;JUN27=24447;DEC27=21051.75;SEP27=36072.5,DEC28=GLOBAL_REFERENCE_NO_OBSERVATION;JUN27=GLOBAL_REFERENCE_OUTLIER_SERIES_FORWARD_CLUSTER;DEC27=GLOBAL_REFERENCE_OUTLIER_SERIES_FORWARD_CLUSTER;JUN29=GLOBAL_REFERENCE_NO_OBSERVATION;DEC30=GLOBAL_REFERENCE_NO_OBSERVATION,WEIGHTED_ATM,2026-09-30,6,120,0.0,NONE,5139,4967,0,0,165,NONE,MN1;MN2;MN3;MN4;MN5;QMW;QRW;QTW;QWW,OK,NONE,NONE,2026-09-21
NAS,25600.0,-475675.28641137324,0.05208504020310004,0.0,0.0,0.0,0.0,0.0,0.0,31097.76071498286,30471.23928501714,31411.021429965713,30157.978570034287,DEC26,SEP26,2026-09-23,2026-12-18,30784.5,29969.045028362125,FOUND,DEGRADED,SPOT_MONTH_FALLBACK;ESTIMATED_EXPIRY_ALIAS,2026-08-02.2,PUT_CALL_PARITY,SEP26,SEP26=PUT_CALL_PARITY;OCT26=PUT_CALL_PARITY;DEC29=SERIES_FORWARD_CLUSTER;DEC26=SERIES_FORWARD_CLUSTER;NOV26=SERIES_FORWARD_CLUSTER;MAR27=SERIES_FORWARD_CLUSTER;DEC28=PUT_CALL_PARITY;JUN27=PUT_CALL_PARITY;DEC27=PUT_CALL_PARITY;SEP27=SERIES_FORWARD_CLUSTER;JUN29=PUT_CALL_PARITY;DEC30=PUT_CALL_PARITY,SEP26=30784.5;OCT26=30771.875;DEC29=30567.375;DEC26=25293.875;NOV26=31207.875;MAR27=27605.375;JUN27=24447;DEC27=21051.75;SEP27=36072.5,DEC28=GLOBAL_REFERENCE_NO_OBSERVATION;JUN27=GLOBAL_REFERENCE_OUTLIER_SERIES_FORWARD_CLUSTER;DEC27=GLOBAL_REFERENCE_OUTLIER_SERIES_FORWARD_CLUSTER;JUN29=GLOBAL_REFERENCE_NO_OBSERVATION;DEC30=GLOBAL_REFERENCE_NO_OBSERVATION,WEIGHTED_ATM,2026-09-30,6,120,0.0,NONE,5139,4967,0,0,165,NONE,MN1;MN2;MN3;MN4;MN5;QMW;QRW;QTW;QWW,OK,NONE,NONE,2026-09-21
NAS,25700.0,-420146.8999236465,0.044370389815998945,0.0,0.0,0.0,0.0,0.0,0.0,31097.76071498286,30471.23928501714,31411.021429965713,30157.978570034287,DEC26,SEP26,2026-09-23,2026-12-18,30784.5,29969.045028362125,FOUND,DEGRADED,SPOT_MONTH_FALLBACK;ESTIMATED_EXPIRY_ALIAS,2026-08-02.2,PUT_CALL_PARITY,SEP26,SEP26=PUT_CALL_PARITY;OCT26=PUT_CALL_PARITY;DEC29=SERIES_FORWARD_CLUSTER;DEC26=SERIES_FORWARD_CLUSTER;NOV26=SERIES_FORWARD_CLUSTER;MAR27=SERIES_FORWARD_CLUSTER;DEC28=PUT_CALL_PARITY;JUN27=PUT_CALL_PARITY;DEC27=PUT_CALL_PARITY;SEP27=SERIES_FORWARD_CLUSTER;JUN29=PUT_CALL_PARITY;DEC30=PUT_CALL_PARITY,SEP26=30784.5;OCT26=30771.875;DEC29=30567.375;DEC26=25293.875;NOV26=31207.875;MAR27=27605.375;JUN27=24447;DEC27=21051.75;SEP27=36072.5,DEC28=GLOBAL_REFERENCE_NO_OBSERVATION;JUN27=GLOBAL_REFERENCE_OUTLIER_SERIES_FORWARD_CLUSTER;DEC27=GLOBAL_REFERENCE_OUTLIER_SERIES_FORWARD_CLUSTER;JUN29=GLOBAL_REFERENCE_NO_OBSERVATION;DEC30=GLOBAL_REFERENCE_NO_OBSERVATION,WEIGHTED_ATM,2026-09-30,6,120,0.0,NONE,5139,4967,0,0,165,NONE,MN1;MN2;MN3;MN4;MN5;QMW;QRW;QTW;QWW,OK,NONE,NONE,2026-09-21
NAS,25750.0,-1780517.5889342353,0.20008548254624797,0.0,0.0,0.0,0.0,0.0,0.0,31097.76071498286,30471.23928501714,31411.021429965713,30157.978570034287,DEC26,SEP26,2026-09-23,2026-12-18,30784.5,29969.045028362125,FOUND,DEGRADED,SPOT_MONTH_FALLBACK;ESTIMATED_EXPIRY_ALIAS,2026-08-02.2,PUT_CALL_PARITY,SEP26,SEP26=PUT_CALL_PARITY;OCT26=PUT_CALL_PARITY;DEC29=SERIES_FORWARD_CLUSTER;DEC26=SERIES_FORWARD_CLUSTER;NOV26=SERIES_FORWARD_CLUSTER;MAR27=SERIES_FORWARD_CLUSTER;DEC28=PUT_CALL_PARITY;JUN27=PUT_CALL_PARITY;DEC27=PUT_CALL_PARITY;SEP27=SERIES_FORWARD_CLUSTER;JUN29=PUT_CALL_PARITY;DEC30=PUT_CALL_PARITY,SEP26=30784.5;OCT26=30771.875;DEC29=30567.375;DEC26=25293.875;NOV26=31207.875;MAR27=27605.375;JUN27=24447;DEC27=21051.75;SEP27=36072.5,DEC28=GLOBAL_REFERENCE_NO_OBSERVATION;JUN27=GLOBAL_REFERENCE_OUTLIER_SERIES_FORWARD_CLUSTER;DEC27=GLOBAL_REFERENCE_OUTLIER_SERIES_FORWARD_CLUSTER;JUN29=GLOBAL_REFERENCE_NO_OBSERVATION;DEC30=GLOBAL_REFERENCE_NO_OBSERVATION,WEIGHTED_ATM,2026-09-30,6,120,0.0,NONE,5139,4967,0,0,165,NONE,MN1;MN2;MN3;MN4;MN5;QMW;QRW;QTW;QWW,OK,NONE,NONE,2026-09-21
NAS,25800.0,-419683.42237963073,0.04432144341343669,0.0,0.0,0.0,0.0,0.0,0.0,31097.76071498286,30471.23928501714,31411.021429965713,30157.978570034287,DEC26,SEP26,2026-09-23,2026-12-18,30784.5,29969.045028362125,FOUND,DEGRADED,SPOT_MONTH_FALLBACK;ESTIMATED_EXPIRY_ALIAS,2026-08-02.2,PUT_CALL_PARITY,SEP26,SEP26=PUT_CALL_PARITY;OCT26=PUT_CALL_PARITY;DEC29=SERIES_FORWARD_CLUSTER;DEC26=SERIES_FORWARD_CLUSTER;NOV26=SERIES_FORWARD_CLUSTER;MAR27=SERIES_FORWARD_CLUSTER;DEC28=PUT_CALL_PARITY;JUN27=PUT_CALL_PARITY;DEC27=PUT_CALL_PARITY;SEP27=SERIES_FORWARD_CLUSTER;JUN29=PUT_CALL_PARITY;DEC30=PUT_CALL_PARITY,SEP26=30784.5;OCT26=30771.875;DEC29=30567.375;DEC26=25293.875;NOV26=31207.875;MAR27=27605.375;JUN27=24447;DEC27=21051.75;SEP27=36072.5,DEC28=GLOBAL_REFERENCE_NO_OBSERVATION;JUN27=GLOBAL_REFERENCE_OUTLIER_SERIES_FORWARD_CLUSTER;DEC27=GLOBAL_REFERENCE_OUTLIER_SERIES_FORWARD_CLUSTER;JUN29=GLOBAL_REFERENCE_NO_OBSERVATION;DEC30=GLOBAL_REFERENCE_NO_OBSERVATION,WEIGHTED_ATM,2026-09-30,6,120,0.0,NONE,5139,4967,0,0,165,NONE,MN1;MN2;MN3;MN4;MN5;QMW;QRW;QTW;QWW,OK,NONE,NONE,2026-09-21
NAS,25900.0,-228262.2887405904,0.024106060840988434,0.0,0.0,0.0,0.0,0.0,0.0,31097.76071498286,30471.23928501714,31411.021429965713,30157.978570034287,DEC26,SEP26,2026-09-23,2026-12-18,30784.5,29969.045028362125,FOUND,DEGRADED,SPOT_MONTH_FALLBACK;ESTIMATED_EXPIRY_ALIAS,2026-08-02.2,PUT_CALL_PARITY,SEP26,SEP26=PUT_CALL_PARITY;OCT26=PUT_CALL_PARITY;DEC29=SERIES_FORWARD_CLUSTER;DEC26=SERIES_FORWARD_CLUSTER;NOV26=SERIES_FORWARD_CLUSTER;MAR27=SERIES_FORWARD_CLUSTER;DEC28=PUT_CALL_PARITY;JUN27=PUT_CALL_PARITY;DEC27=PUT_CALL_PARITY;SEP27=SERIES_FORWARD_CLUSTER;JUN29=PUT_CALL_PARITY;DEC30=PUT_CALL_PARITY,SEP26=30784.5;OCT26=30771.875;DEC29=30567.375;DEC26=25293.875;NOV26=31207.875;MAR27=27605.375;JUN27=24447;DEC27=21051.75;SEP27=36072.5,DEC28=GLOBAL_REFERENCE_NO_OBSERVATION;JUN27=GLOBAL_REFERENCE_OUTLIER_SERIES_FORWARD_CLUSTER;DEC27=GLOBAL_REFERENCE_OUTLIER_SERIES_FORWARD_CLUSTER;JUN29=GLOBAL_REFERENCE_NO_OBSERVATION;DEC30=GLOBAL_REFERENCE_NO_OBSERVATION,WEIGHTED_ATM,2026-09-30,6,120,0.0,NONE,5139,4967,0,0,165,NONE,MN1;MN2;MN3;MN4;MN5;QMW;QRW;QTW;QWW,OK,NONE,NONE,2026-09-21
NAS,26000.0,-6007832.904593728,0.6794799143409331,0.0,0.0,0.0,0.0,0.0,0.0,31097.76071498286,30471.23928501714,31411.021429965713,30157.978570034287,DEC26,SEP26,2026-09-23,2026-12-18,30784.5,29969.045028362125,FOUND,DEGRADED,SPOT_MONTH_FALLBACK;ESTIMATED_EXPIRY_ALIAS,2026-08-02.2,PUT_CALL_PARITY,SEP26,SEP26=PUT_CALL_PARITY;OCT26=PUT_CALL_PARITY;DEC29=SERIES_FORWARD_CLUSTER;DEC26=SERIES_FORWARD_CLUSTER;NOV26=SERIES_FORWARD_CLUSTER;MAR27=SERIES_FORWARD_CLUSTER;DEC28=PUT_CALL_PARITY;JUN27=PUT_CALL_PARITY;DEC27=PUT_CALL_PARITY;SEP27=SERIES_FORWARD_CLUSTER;JUN29=PUT_CALL_PARITY;DEC30=PUT_CALL_PARITY,SEP26=30784.5;OCT26=30771.875;DEC29=30567.375;DEC26=25293.875;NOV26=31207.875;MAR27=27605.375;JUN27=24447;DEC27=21051.75;SEP27=36072.5,DEC28=GLOBAL_REFERENCE_NO_OBSERVATION;JUN27=GLOBAL_REFERENCE_OUTLIER_SERIES_FORWARD_CLUSTER;DEC27=GLOBAL_REFERENCE_OUTLIER_SERIES_FORWARD_CLUSTER;JUN29=GLOBAL_REFERENCE_NO_OBSERVATION;DEC30=GLOBAL_REFERENCE_NO_OBSERVATION,WEIGHTED_ATM,2026-09-30,6,120,0.0,NONE,5139,4967,0,0,165,NONE,MN1;MN2;MN3;MN4;MN5;QMW;QRW;QTW;QWW,OK,NONE,NONE,2026-09-21
NAS,26100.0,-292221.1847819282,0.03086055825622782,0.0,0.0,0.0,0.0,0.0,0.0,31097.76071498286,30471.23928501714,31411.021429965713,30157.978570034287,DEC26,SEP26,2026-09-23,2026-12-18,30784.5,29969.045028362125,FOUND,DEGRADED,SPOT_MONTH_FALLBACK;ESTIMATED_EXPIRY_ALIAS,2026-08-02.2,PUT_CALL_PARITY,SEP26,SEP26=PUT_CALL_PARITY;OCT26=PUT_CALL_PARITY;DEC29=SERIES_FORWARD_CLUSTER;DEC26=SERIES_FORWARD_CLUSTER;NOV26=SERIES_FORWARD_CLUSTER;MAR27=SERIES_FORWARD_CLUSTER;DEC28=PUT_CALL_PARITY;JUN27=PUT_CALL_PARITY;DEC27=PUT_CALL_PARITY;SEP27=SERIES_FORWARD_CLUSTER;JUN29=PUT_CALL_PARITY;DEC30=PUT_CALL_PARITY,SEP26=30784.5;OCT26=30771.875;DEC29=30567.375;DEC26=25293.875;NOV26=31207.875;MAR27=27605.375;JUN27=24447;DEC27=21051.75;SEP27=36072.5,DEC28=GLOBAL_REFERENCE_NO_OBSERVATION;JUN27=GLOBAL_REFERENCE_OUTLIER_SERIES_FORWARD_CLUSTER;DEC27=GLOBAL_REFERENCE_OUTLIER_SERIES_FORWARD_CLUSTER;JUN29=GLOBAL_REFERENCE_NO_OBSERVATION;DEC30=GLOBAL_REFERENCE_NO_OBSERVATION,WEIGHTED_ATM,2026-09-30,6,120,0.0,NONE,5139,4967,0,0,165,NONE,MN1;MN2;MN3;MN4;MN5;QMW;QRW;QTW;QWW,OK,NONE,NONE,2026-09-21
NAS,26200.0,-386242.3732959821,0.040789839624459326,0.0,0.0,0.0,0.0,0.0,0.0,31097.76071498286,30471.23928501714,31411.021429965713,30157.978570034287,DEC26,SEP26,2026-09-23,2026-12-18,30784.5,29969.045028362125,FOUND,DEGRADED,SPOT_MONTH_FALLBACK;ESTIMATED_EXPIRY_ALIAS,2026-08-02.2,PUT_CALL_PARITY,SEP26,SEP26=PUT_CALL_PARITY;OCT26=PUT_CALL_PARITY;DEC29=SERIES_FORWARD_CLUSTER;DEC26=SERIES_FORWARD_CLUSTER;NOV26=SERIES_FORWARD_CLUSTER;MAR27=SERIES_FORWARD_CLUSTER;DEC28=PUT_CALL_PARITY;JUN27=PUT_CALL_PARITY;DEC27=PUT_CALL_PARITY;SEP27=SERIES_FORWARD_CLUSTER;JUN29=PUT_CALL_PARITY;DEC30=PUT_CALL_PARITY,SEP26=30784.5;OCT26=30771.875;DEC29=30567.375;DEC26=25293.875;NOV26=31207.875;MAR27=27605.375;JUN27=24447;DEC27=21051.75;SEP27=36072.5,DEC28=GLOBAL_REFERENCE_NO_OBSERVATION;JUN27=GLOBAL_REFERENCE_OUTLIER_SERIES_FORWARD_CLUSTER;DEC27=GLOBAL_REFERENCE_OUTLIER_SERIES_FORWARD_CLUSTER;JUN29=GLOBAL_REFERENCE_NO_OBSERVATION;DEC30=GLOBAL_REFERENCE_NO_OBSERVATION,WEIGHTED_ATM,2026-09-30,6,120,0.0,NONE,5139,4967,0,0,165,NONE,MN1;MN2;MN3;MN4;MN5;QMW;QRW;QTW;QWW,OK,NONE,NONE,2026-09-21
NAS,26250.0,-2143868.609407231,0.22986205795136536,0.0,0.0,0.0,0.0,0.0,0.0,31097.76071498286,30471.23928501714,31411.021429965713,30157.978570034287,DEC26,SEP26,2026-09-23,2026-12-18,30784.5,29969.045028362125,FOUND,DEGRADED,SPOT_MONTH_FALLBACK;ESTIMATED_EXPIRY_ALIAS,2026-08-02.2,PUT_CALL_PARITY,SEP26,SEP26=PUT_CALL_PARITY;OCT26=PUT_CALL_PARITY;DEC29=SERIES_FORWARD_CLUSTER;DEC26=SERIES_FORWARD_CLUSTER;NOV26=SERIES_FORWARD_CLUSTER;MAR27=SERIES_FORWARD_CLUSTER;DEC28=PUT_CALL_PARITY;JUN27=PUT_CALL_PARITY;DEC27=PUT_CALL_PARITY;SEP27=SERIES_FORWARD_CLUSTER;JUN29=PUT_CALL_PARITY;DEC30=PUT_CALL_PARITY,SEP26=30784.5;OCT26=30771.875;DEC29=30567.375;DEC26=25293.875;NOV26=31207.875;MAR27=27605.375;JUN27=24447;DEC27=21051.75;SEP27=36072.5,DEC28=GLOBAL_REFERENCE_NO_OBSERVATION;JUN27=GLOBAL_REFERENCE_OUTLIER_SERIES_FORWARD_CLUSTER;DEC27=GLOBAL_REFERENCE_OUTLIER_SERIES_FORWARD_CLUSTER;JUN29=GLOBAL_REFERENCE_NO_OBSERVATION;DEC30=GLOBAL_REFERENCE_NO_OBSERVATION,WEIGHTED_ATM,2026-09-30,6,120,0.0,NONE,5139,4967,0,0,165,NONE,MN1;MN2;MN3;MN4;MN5;QMW;QRW;QTW;QWW,OK,NONE,NONE,2026-09-21
NAS,26300.0,-1385944.3100768416,0.14636521015042755,0.0,0.0,0.0,0.0,0.0,0.0,31097.76071498286,30471.23928501714,31411.021429965713,30157.978570034287,DEC26,SEP26,2026-09-23,2026-12-18,30784.5,29969.045028362125,FOUND,DEGRADED,SPOT_MONTH_FALLBACK;ESTIMATED_EXPIRY_ALIAS,2026-08-02.2,PUT_CALL_PARITY,SEP26,SEP26=PUT_CALL_PARITY;OCT26=PUT_CALL_PARITY;DEC29=SERIES_FORWARD_CLUSTER;DEC26=SERIES_FORWARD_CLUSTER;NOV26=SERIES_FORWARD_CLUSTER;MAR27=SERIES_FORWARD_CLUSTER;DEC28=PUT_CALL_PARITY;JUN27=PUT_CALL_PARITY;DEC27=PUT_CALL_PARITY;SEP27=SERIES_FORWARD_CLUSTER;JUN29=PUT_CALL_PARITY;DEC30=PUT_CALL_PARITY,SEP26=30784.5;OCT26=30771.875;DEC29=30567.375;DEC26=25293.875;NOV26=31207.875;MAR27=27605.375;JUN27=24447;DEC27=21051.75;SEP27=36072.5,DEC28=GLOBAL_REFERENCE_NO_OBSERVATION;JUN27=GLOBAL_REFERENCE_OUTLIER_SERIES_FORWARD_CLUSTER;DEC27=GLOBAL_REFERENCE_OUTLIER_SERIES_FORWARD_CLUSTER;JUN29=GLOBAL_REFERENCE_NO_OBSERVATION;DEC30=GLOBAL_REFERENCE_NO_OBSERVATION,WEIGHTED_ATM,2026-09-30,6,120,0.0,NONE,5139,4967,0,0,165,NONE,MN1;MN2;MN3;MN4;MN5;QMW;QRW;QTW;QWW,OK,NONE,NONE,2026-09-21
NAS,26350.0,-53169.905957605966,0.005615106178928642,0.0,0.0,0.0,0.0,0.0,0.0,31097.76071498286,30471.23928501714,31411.021429965713,30157.978570034287,DEC26,SEP26,2026-09-23,2026-12-18,30784.5,29969.045028362125,FOUND,DEGRADED,SPOT_MONTH_FALLBACK;ESTIMATED_EXPIRY_ALIAS,2026-08-02.2,PUT_CALL_PARITY,SEP26,SEP26=PUT_CALL_PARITY;OCT26=PUT_CALL_PARITY;DEC29=SERIES_FORWARD_CLUSTER;DEC26=SERIES_FORWARD_CLUSTER;NOV26=SERIES_FORWARD_CLUSTER;MAR27=SERIES_FORWARD_CLUSTER;DEC28=PUT_CALL_PARITY;JUN27=PUT_CALL_PARITY;DEC27=PUT_CALL_PARITY;SEP27=SERIES_FORWARD_CLUSTER;JUN29=PUT_CALL_PARITY;DEC30=PUT_CALL_PARITY,SEP26=30784.5;OCT26=30771.875;DEC29=30567.375;DEC26=25293.875;NOV26=31207.875;MAR27=27605.375;JUN27=24447;DEC27=21051.75;SEP27=36072.5,DEC28=GLOBAL_REFERENCE_NO_OBSERVATION;JUN27=GLOBAL_REFERENCE_OUTLIER_SERIES_FORWARD_CLUSTER;DEC27=GLOBAL_REFERENCE_OUTLIER_SERIES_FORWARD_CLUSTER;JUN29=GLOBAL_REFERENCE_NO_OBSERVATION;DEC30=GLOBAL_REFERENCE_NO_OBSERVATION,WEIGHTED_ATM,2026-09-30,6,120,0.0,NONE,5139,4967,0,0,165,NONE,MN1;MN2;MN3;MN4;MN5;QMW;QRW;QTW;QWW,OK,NONE,NONE,2026-09-21
NAS,26400.0,-711992.8956010893,0.07519132553348196,0.0,0.0,0.0,0.0,0.0,0.0,31097.76071498286,30471.23928501714,31411.021429965713,30157.978570034287,DEC26,SEP26,2026-09-23,2026-12-18,30784.5,29969.045028362125,FOUND,DEGRADED,SPOT_MONTH_FALLBACK;ESTIMATED_EXPIRY_ALIAS,2026-08-02.2,PUT_CALL_PARITY,SEP26,SEP26=PUT_CALL_PARITY;OCT26=PUT_CALL_PARITY;DEC29=SERIES_FORWARD_CLUSTER;DEC26=SERIES_FORWARD_CLUSTER;NOV26=SERIES_FORWARD_CLUSTER;MAR27=SERIES_FORWARD_CLUSTER;DEC28=PUT_CALL_PARITY;JUN27=PUT_CALL_PARITY;DEC27=PUT_CALL_PARITY;SEP27=SERIES_FORWARD_CLUSTER;JUN29=PUT_CALL_PARITY;DEC30=PUT_CALL_PARITY,SEP26=30784.5;OCT26=30771.875;DEC29=30567.375;DEC26=25293.875;NOV26=31207.875;MAR27=27605.375;JUN27=24447;DEC27=21051.75;SEP27=36072.5,DEC28=GLOBAL_REFERENCE_NO_OBSERVATION;JUN27=GLOBAL_REFERENCE_OUTLIER_SERIES_FORWARD_CLUSTER;DEC27=GLOBAL_REFERENCE_OUTLIER_SERIES_FORWARD_CLUSTER;JUN29=GLOBAL_REFERENCE_NO_OBSERVATION;DEC30=GLOBAL_REFERENCE_NO_OBSERVATION,WEIGHTED_ATM,2026-09-30,6,120,0.0,NONE,5139,4967,0,0,165,NONE,MN1;MN2;MN3;MN4;MN5;QMW;QRW;QTW;QWW,OK,NONE,NONE,2026-09-21
NAS,26450.0,-60642.41812261362,0.006401174914305524,0.0,0.0,0.0,0.0,0.0,0.0,31097.76071498286,30471.23928501714,31411.021429965713,30157.978570034287,DEC26,SEP26,2026-09-23,2026-12-18,30784.5,29969.045028362125,FOUND,DEGRADED,SPOT_MONTH_FALLBACK;ESTIMATED_EXPIRY_ALIAS,2026-08-02.2,PUT_CALL_PARITY,SEP26,SEP26=PUT_CALL_PARITY;OCT26=PUT_CALL_PARITY;DEC29=SERIES_FORWARD_CLUSTER;DEC26=SERIES_FORWARD_CLUSTER;NOV26=SERIES_FORWARD_CLUSTER;MAR27=SERIES_FORWARD_CLUSTER;DEC28=PUT_CALL_PARITY;JUN27=PUT_CALL_PARITY;DEC27=PUT_CALL_PARITY;SEP27=SERIES_FORWARD_CLUSTER;JUN29=PUT_CALL_PARITY;DEC30=PUT_CALL_PARITY,SEP26=30784.5;OCT26=30771.875;DEC29=30567.375;DEC26=25293.875;NOV26=31207.875;MAR27=27605.375;JUN27=24447;DEC27=21051.75;SEP27=36072.5,DEC28=GLOBAL_REFERENCE_NO_OBSERVATION;JUN27=GLOBAL_REFERENCE_OUTLIER_SERIES_FORWARD_CLUSTER;DEC27=GLOBAL_REFERENCE_OUTLIER_SERIES_FORWARD_CLUSTER;JUN29=GLOBAL_REFERENCE_NO_OBSERVATION;DEC30=GLOBAL_REFERENCE_NO_OBSERVATION,WEIGHTED_ATM,2026-09-30,6,120,0.0,NONE,5139,4967,0,0,165,NONE,MN1;MN2;MN3;MN4;MN5;QMW;QRW;QTW;QWW,OK,NONE,NONE,2026-09-21
NAS,26500.0,-8378087.851810369,0.9599902911239683,0.0,0.0,0.0,0.0,0.0,0.0,31097.76071498286,30471.23928501714,31411.021429965713,30157.978570034287,DEC26,SEP26,2026-09-23,2026-12-18,30784.5,29969.045028362125,FOUND,DEGRADED,SPOT_MONTH_FALLBACK;ESTIMATED_EXPIRY_ALIAS,2026-08-02.2,PUT_CALL_PARITY,SEP26,SEP26=PUT_CALL_PARITY;OCT26=PUT_CALL_PARITY;DEC29=SERIES_FORWARD_CLUSTER;DEC26=SERIES_FORWARD_CLUSTER;NOV26=SERIES_FORWARD_CLUSTER;MAR27=SERIES_FORWARD_CLUSTER;DEC28=PUT_CALL_PARITY;JUN27=PUT_CALL_PARITY;DEC27=PUT_CALL_PARITY;SEP27=SERIES_FORWARD_CLUSTER;JUN29=PUT_CALL_PARITY;DEC30=PUT_CALL_PARITY,SEP26=30784.5;OCT26=30771.875;DEC29=30567.375;DEC26=25293.875;NOV26=31207.875;MAR27=27605.375;JUN27=24447;DEC27=21051.75;SEP27=36072.5,DEC28=GLOBAL_REFERENCE_NO_OBSERVATION;JUN27=GLOBAL_REFERENCE_OUTLIER_SERIES_FORWARD_CLUSTER;DEC27=GLOBAL_REFERENCE_OUTLIER_SERIES_FORWARD_CLUSTER;JUN29=GLOBAL_REFERENCE_NO_OBSERVATION;DEC30=GLOBAL_REFERENCE_NO_OBSERVATION,WEIGHTED_ATM,2026-09-30,6,120,0.0,NONE,5139,4967,0,0,165,NONE,MN1;MN2;MN3;MN4;MN5;QMW;QRW;QTW;QWW,OK,NONE,NONE,2026-09-21
NAS,26550.0,-116744.21757319433,0.01232857709540303,0.0,0.0,0.0,0.0,0.0,0.0,31097.76071498286,30471.23928501714,31411.021429965713,30157.978570034287,DEC26,SEP26,2026-09-23,2026-12-18,30784.5,29969.045028362125,FOUND,DEGRADED,SPOT_MONTH_FALLBACK;ESTIMATED_EXPIRY_ALIAS,2026-08-02.2,PUT_CALL_PARITY,SEP26,SEP26=PUT_CALL_PARITY;OCT26=PUT_CALL_PARITY;DEC29=SERIES_FORWARD_CLUSTER;DEC26=SERIES_FORWARD_CLUSTER;NOV26=SERIES_FORWARD_CLUSTER;MAR27=SERIES_FORWARD_CLUSTER;DEC28=PUT_CALL_PARITY;JUN27=PUT_CALL_PARITY;DEC27=PUT_CALL_PARITY;SEP27=SERIES_FORWARD_CLUSTER;JUN29=PUT_CALL_PARITY;DEC30=PUT_CALL_PARITY,SEP26=30784.5;OCT26=30771.875;DEC29=30567.375;DEC26=25293.875;NOV26=31207.875;MAR27=27605.375;JUN27=24447;DEC27=21051.75;SEP27=36072.5,DEC28=GLOBAL_REFERENCE_NO_OBSERVATION;JUN27=GLOBAL_REFERENCE_OUTLIER_SERIES_FORWARD_CLUSTER;DEC27=GLOBAL_REFERENCE_OUTLIER_SERIES_FORWARD_CLUSTER;JUN29=GLOBAL_REFERENCE_NO_OBSERVATION;DEC30=GLOBAL_REFERENCE_NO_OBSERVATION,WEIGHTED_ATM,2026-09-30,6,120,0.0,NONE,5139,4967,0,0,165,NONE,MN1;MN2;MN3;MN4;MN5;QMW;QRW;QTW;QWW,OK,NONE,NONE,2026-09-21
NAS,26600.0,-701132.9675992263,0.07524740341478874,0.0,0.0,0.0,0.0,0.0,0.0,31097.76071498286,30471.23928501714,31411.021429965713,30157.978570034287,DEC26,SEP26,2026-09-23,2026-12-18,30784.5,29969.045028362125,FOUND,DEGRADED,SPOT_MONTH_FALLBACK;ESTIMATED_EXPIRY_ALIAS,2026-08-02.2,PUT_CALL_PARITY,SEP26,SEP26=PUT_CALL_PARITY;OCT26=PUT_CALL_PARITY;DEC29=SERIES_FORWARD_CLUSTER;DEC26=SERIES_FORWARD_CLUSTER;NOV26=SERIES_FORWARD_CLUSTER;MAR27=SERIES_FORWARD_CLUSTER;DEC28=PUT_CALL_PARITY;JUN27=PUT_CALL_PARITY;DEC27=PUT_CALL_PARITY;SEP27=SERIES_FORWARD_CLUSTER;JUN29=PUT_CALL_PARITY;DEC30=PUT_CALL_PARITY,SEP26=30784.5;OCT26=30771.875;DEC29=30567.375;DEC26=25293.875;NOV26=31207.875;MAR27=27605.375;JUN27=24447;DEC27=21051.75;SEP27=36072.5,DEC28=GLOBAL_REFERENCE_NO_OBSERVATION;JUN27=GLOBAL_REFERENCE_OUTLIER_SERIES_FORWARD_CLUSTER;DEC27=GLOBAL_REFERENCE_OUTLIER_SERIES_FORWARD_CLUSTER;JUN29=GLOBAL_REFERENCE_NO_OBSERVATION;DEC30=GLOBAL_REFERENCE_NO_OBSERVATION,WEIGHTED_ATM,2026-09-30,6,120,0.0,NONE,5139,4967,0,0,165,NONE,MN1;MN2;MN3;MN4;MN5;QMW;QRW;QTW;QWW,OK,NONE,NONE,2026-09-21
NAS,26650.0,-59245.41638400887,0.006256017459271056,0.0,0.0,0.0,0.0,0.0,0.0,31097.76071498286,30471.23928501714,31411.021429965713,30157.978570034287,DEC26,SEP26,2026-09-23,2026-12-18,30784.5,29969.045028362125,FOUND,DEGRADED,SPOT_MONTH_FALLBACK;ESTIMATED_EXPIRY_ALIAS,2026-08-02.2,PUT_CALL_PARITY,SEP26,SEP26=PUT_CALL_PARITY;OCT26=PUT_CALL_PARITY;DEC29=SERIES_FORWARD_CLUSTER;DEC26=SERIES_FORWARD_CLUSTER;NOV26=SERIES_FORWARD_CLUSTER;MAR27=SERIES_FORWARD_CLUSTER;DEC28=PUT_CALL_PARITY;JUN27=PUT_CALL_PARITY;DEC27=PUT_CALL_PARITY;SEP27=SERIES_FORWARD_CLUSTER;JUN29=PUT_CALL_PARITY;DEC30=PUT_CALL_PARITY,SEP26=30784.5;OCT26=30771.875;DEC29=30567.375;DEC26=25293.875;NOV26=31207.875;MAR27=27605.375;JUN27=24447;DEC27=21051.75;SEP27=36072.5,DEC28=GLOBAL_REFERENCE_NO_OBSERVATION;JUN27=GLOBAL_REFERENCE_OUTLIER_SERIES_FORWARD_CLUSTER;DEC27=GLOBAL_REFERENCE_OUTLIER_SERIES_FORWARD_CLUSTER;JUN29=GLOBAL_REFERENCE_NO_OBSERVATION;DEC30=GLOBAL_REFERENCE_NO_OBSERVATION,WEIGHTED_ATM,2026-09-30,6,120,0.0,NONE,5139,4967,0,0,165,NONE,MN1;MN2;MN3;MN4;MN5;QMW;QRW;QTW;QWW,OK,NONE,NONE,2026-09-21
NAS,26700.0,-1476489.0455497697,0.1559266897798579,0.0,0.0,0.0,0.0,0.0,0.0,31097.76071498286,30471.23928501714,31411.021429965713,30157.978570034287,DEC26,SEP26,2026-09-23,2026-12-18,30784.5,29969.045028362125,FOUND,DEGRADED,SPOT_MONTH_FALLBACK;ESTIMATED_EXPIRY_ALIAS,2026-08-02.2,PUT_CALL_PARITY,SEP26,SEP26=PUT_CALL_PARITY;OCT26=PUT_CALL_PARITY;DEC29=SERIES_FORWARD_CLUSTER;DEC26=SERIES_FORWARD_CLUSTER;NOV26=SERIES_FORWARD_CLUSTER;MAR27=SERIES_FORWARD_CLUSTER;DEC28=PUT_CALL_PARITY;JUN27=PUT_CALL_PARITY;DEC27=PUT_CALL_PARITY;SEP27=SERIES_FORWARD_CLUSTER;JUN29=PUT_CALL_PARITY;DEC30=PUT_CALL_PARITY,SEP26=30784.5;OCT26=30771.875;DEC29=30567.375;DEC26=25293.875;NOV26=31207.875;MAR27=27605.375;JUN27=24447;DEC27=21051.75;SEP27=36072.5,DEC28=GLOBAL_REFERENCE_NO_OBSERVATION;JUN27=GLOBAL_REFERENCE_OUTLIER_SERIES_FORWARD_CLUSTER;DEC27=GLOBAL_REFERENCE_OUTLIER_SERIES_FORWARD_CLUSTER;JUN29=GLOBAL_REFERENCE_NO_OBSERVATION;DEC30=GLOBAL_REFERENCE_NO_OBSERVATION,WEIGHTED_ATM,2026-09-30,6,120,0.0,NONE,5139,4967,0,0,165,NONE,MN1;MN2;MN3;MN4;MN5;QMW;QRW;QTW;QWW,OK,NONE,NONE,2026-09-21
NAS,26750.0,-1819806.054773617,0.1978333119370899,0.0,0.0,0.0,0.0,0.0,0.0,31097.76071498286,30471.23928501714,31411.021429965713,30157.978570034287,DEC26,SEP26,2026-09-23,2026-12-18,30784.5,29969.045028362125,FOUND,DEGRADED,SPOT_MONTH_FALLBACK;ESTIMATED_EXPIRY_ALIAS,2026-08-02.2,PUT_CALL_PARITY,SEP26,SEP26=PUT_CALL_PARITY;OCT26=PUT_CALL_PARITY;DEC29=SERIES_FORWARD_CLUSTER;DEC26=SERIES_FORWARD_CLUSTER;NOV26=SERIES_FORWARD_CLUSTER;MAR27=SERIES_FORWARD_CLUSTER;DEC28=PUT_CALL_PARITY;JUN27=PUT_CALL_PARITY;DEC27=PUT_CALL_PARITY;SEP27=SERIES_FORWARD_CLUSTER;JUN29=PUT_CALL_PARITY;DEC30=PUT_CALL_PARITY,SEP26=30784.5;OCT26=30771.875;DEC29=30567.375;DEC26=25293.875;NOV26=31207.875;MAR27=27605.375;JUN27=24447;DEC27=21051.75;SEP27=36072.5,DEC28=GLOBAL_REFERENCE_NO_OBSERVATION;JUN27=GLOBAL_REFERENCE_OUTLIER_SERIES_FORWARD_CLUSTER;DEC27=GLOBAL_REFERENCE_OUTLIER_SERIES_FORWARD_CLUSTER;JUN29=GLOBAL_REFERENCE_NO_OBSERVATION;DEC30=GLOBAL_REFERENCE_NO_OBSERVATION,WEIGHTED_ATM,2026-09-30,6,120,0.0,NONE,5139,4967,0,0,165,NONE,MN1;MN2;MN3;MN4;MN5;QMW;QRW;QTW;QWW,OK,NONE,NONE,2026-09-21
NAS,26800.0,-2783289.264015554,0.2939394636326447,0.0,0.0,0.0,0.0,0.0,0.0,31097.76071498286,30471.23928501714,31411.021429965713,30157.978570034287,DEC26,SEP26,2026-09-23,2026-12-18,30784.5,29969.045028362125,FOUND,DEGRADED,SPOT_MONTH_FALLBACK;ESTIMATED_EXPIRY_ALIAS,2026-08-02.2,PUT_CALL_PARITY,SEP26,SEP26=PUT_CALL_PARITY;OCT26=PUT_CALL_PARITY;DEC29=SERIES_FORWARD_CLUSTER;DEC26=SERIES_FORWARD_CLUSTER;NOV26=SERIES_FORWARD_CLUSTER;MAR27=SERIES_FORWARD_CLUSTER;DEC28=PUT_CALL_PARITY;JUN27=PUT_CALL_PARITY;DEC27=PUT_CALL_PARITY;SEP27=SERIES_FORWARD_CLUSTER;JUN29=PUT_CALL_PARITY;DEC30=PUT_CALL_PARITY,SEP26=30784.5;OCT26=30771.875;DEC29=30567.375;DEC26=25293.875;NOV26=31207.875;MAR27=27605.375;JUN27=24447;DEC27=21051.75;SEP27=36072.5,DEC28=GLOBAL_REFERENCE_NO_OBSERVATION;JUN27=GLOBAL_REFERENCE_OUTLIER_SERIES_FORWARD_CLUSTER;DEC27=GLOBAL_REFERENCE_OUTLIER_SERIES_FORWARD_CLUSTER;JUN29=GLOBAL_REFERENCE_NO_OBSERVATION;DEC30=GLOBAL_REFERENCE_NO_OBSERVATION,WEIGHTED_ATM,2026-09-30,6,120,0.0,NONE,5139,4967,0,0,165,NONE,MN1;MN2;MN3;MN4;MN5;QMW;QRW;QTW;QWW,OK,NONE,NONE,2026-09-21
NAS,26850.0,-98145.2167698897,0.010364002333867878,0.0,0.0,0.0,0.0,0.0,0.0,31097.76071498286,30471.23928501714,31411.021429965713,30157.978570034287,DEC26,SEP26,2026-09-23,2026-12-18,30784.5,29969.045028362125,FOUND,DEGRADED,SPOT_MONTH_FALLBACK;ESTIMATED_EXPIRY_ALIAS,2026-08-02.2,PUT_CALL_PARITY,SEP26,SEP26=PUT_CALL_PARITY;OCT26=PUT_CALL_PARITY;DEC29=SERIES_FORWARD_CLUSTER;DEC26=SERIES_FORWARD_CLUSTER;NOV26=SERIES_FORWARD_CLUSTER;MAR27=SERIES_FORWARD_CLUSTER;DEC28=PUT_CALL_PARITY;JUN27=PUT_CALL_PARITY;DEC27=PUT_CALL_PARITY;SEP27=SERIES_FORWARD_CLUSTER;JUN29=PUT_CALL_PARITY;DEC30=PUT_CALL_PARITY,SEP26=30784.5;OCT26=30771.875;DEC29=30567.375;DEC26=25293.875;NOV26=31207.875;MAR27=27605.375;JUN27=24447;DEC27=21051.75;SEP27=36072.5,DEC28=GLOBAL_REFERENCE_NO_OBSERVATION;JUN27=GLOBAL_REFERENCE_OUTLIER_SERIES_FORWARD_CLUSTER;DEC27=GLOBAL_REFERENCE_OUTLIER_SERIES_FORWARD_CLUSTER;JUN29=GLOBAL_REFERENCE_NO_OBSERVATION;DEC30=GLOBAL_REFERENCE_NO_OBSERVATION,WEIGHTED_ATM,2026-09-30,6,120,0.0,NONE,5139,4967,0,0,165,NONE,MN1;MN2;MN3;MN4;MN5;QMW;QRW;QTW;QWW,OK,NONE,NONE,2026-09-21
NAS,26900.0,-1556982.7653094183,0.16442379120621858,0.0,0.0,0.0,0.0,0.0,0.0,31097.76071498286,30471.23928501714,31411.021429965713,30157.978570034287,DEC26,SEP26,2026-09-23,2026-12-18,30784.5,29969.045028362125,FOUND,DEGRADED,SPOT_MONTH_FALLBACK;ESTIMATED_EXPIRY_ALIAS,2026-08-02.2,PUT_CALL_PARITY,SEP26,SEP26=PUT_CALL_PARITY;OCT26=PUT_CALL_PARITY;DEC29=SERIES_FORWARD_CLUSTER;DEC26=SERIES_FORWARD_CLUSTER;NOV26=SERIES_FORWARD_CLUSTER;MAR27=SERIES_FORWARD_CLUSTER;DEC28=PUT_CALL_PARITY;JUN27=PUT_CALL_PARITY;DEC27=PUT_CALL_PARITY;SEP27=SERIES_FORWARD_CLUSTER;JUN29=PUT_CALL_PARITY;DEC30=PUT_CALL_PARITY,SEP26=30784.5;OCT26=30771.875;DEC29=30567.375;DEC26=25293.875;NOV26=31207.875;MAR27=27605.375;JUN27=24447;DEC27=21051.75;SEP27=36072.5,DEC28=GLOBAL_REFERENCE_NO_OBSERVATION;JUN27=GLOBAL_REFERENCE_OUTLIER_SERIES_FORWARD_CLUSTER;DEC27=GLOBAL_REFERENCE_OUTLIER_SERIES_FORWARD_CLUSTER;JUN29=GLOBAL_REFERENCE_NO_OBSERVATION;DEC30=GLOBAL_REFERENCE_NO_OBSERVATION,WEIGHTED_ATM,2026-09-30,6,120,0.0,NONE,5139,4967,0,0,165,NONE,MN1;MN2;MN3;MN4;MN5;QMW;QRW;QTW;QWW,OK,NONE,NONE,2026-09-21
NAS,26950.0,-68260.76808736035,0.007206546297812301,0.0,0.0,0.0,0.0,0.0,0.0,31097.76071498286,30471.23928501714,31411.021429965713,30157.978570034287,DEC26,SEP26,2026-09-23,2026-12-18,30784.5,29969.045028362125,FOUND,DEGRADED,SPOT_MONTH_FALLBACK;ESTIMATED_EXPIRY_ALIAS,2026-08-02.2,PUT_CALL_PARITY,SEP26,SEP26=PUT_CALL_PARITY;OCT26=PUT_CALL_PARITY;DEC29=SERIES_FORWARD_CLUSTER;DEC26=SERIES_FORWARD_CLUSTER;NOV26=SERIES_FORWARD_CLUSTER;MAR27=SERIES_FORWARD_CLUSTER;DEC28=PUT_CALL_PARITY;JUN27=PUT_CALL_PARITY;DEC27=PUT_CALL_PARITY;SEP27=SERIES_FORWARD_CLUSTER;JUN29=PUT_CALL_PARITY;DEC30=PUT_CALL_PARITY,SEP26=30784.5;OCT26=30771.875;DEC29=30567.375;DEC26=25293.875;NOV26=31207.875;MAR27=27605.375;JUN27=24447;DEC27=21051.75;SEP27=36072.5,DEC28=GLOBAL_REFERENCE_NO_OBSERVATION;JUN27=GLOBAL_REFERENCE_OUTLIER_SERIES_FORWARD_CLUSTER;DEC27=GLOBAL_REFERENCE_OUTLIER_SERIES_FORWARD_CLUSTER;JUN29=GLOBAL_REFERENCE_NO_OBSERVATION;DEC30=GLOBAL_REFERENCE_NO_OBSERVATION,WEIGHTED_ATM,2026-09-30,6,120,0.0,NONE,5139,4967,0,0,165,NONE,MN1;MN2;MN3;MN4;MN5;QMW;QRW;QTW;QWW,OK,NONE,NONE,2026-09-21
NAS,27000.0,-15979011.64392737,1.8628518537557153,0.0,0.0,0.0,0.0,0.0,0.0,31097.76071498286,30471.23928501714,31411.021429965713,30157.978570034287,DEC26,SEP26,2026-09-23,2026-12-18,30784.5,29969.045028362125,FOUND,DEGRADED,SPOT_MONTH_FALLBACK;ESTIMATED_EXPIRY_ALIAS,2026-08-02.2,PUT_CALL_PARITY,SEP26,SEP26=PUT_CALL_PARITY;OCT26=PUT_CALL_PARITY;DEC29=SERIES_FORWARD_CLUSTER;DEC26=SERIES_FORWARD_CLUSTER;NOV26=SERIES_FORWARD_CLUSTER;MAR27=SERIES_FORWARD_CLUSTER;DEC28=PUT_CALL_PARITY;JUN27=PUT_CALL_PARITY;DEC27=PUT_CALL_PARITY;SEP27=SERIES_FORWARD_CLUSTER;JUN29=PUT_CALL_PARITY;DEC30=PUT_CALL_PARITY,SEP26=30784.5;OCT26=30771.875;DEC29=30567.375;DEC26=25293.875;NOV26=31207.875;MAR27=27605.375;JUN27=24447;DEC27=21051.75;SEP27=36072.5,DEC28=GLOBAL_REFERENCE_NO_OBSERVATION;JUN27=GLOBAL_REFERENCE_OUTLIER_SERIES_FORWARD_CLUSTER;DEC27=GLOBAL_REFERENCE_OUTLIER_SERIES_FORWARD_CLUSTER;JUN29=GLOBAL_REFERENCE_NO_OBSERVATION;DEC30=GLOBAL_REFERENCE_NO_OBSERVATION,WEIGHTED_ATM,2026-09-30,6,120,0.0,NONE,5139,4967,0,0,165,NONE,MN1;MN2;MN3;MN4;MN5;QMW;QRW;QTW;QWW,OK,NONE,NONE,2026-09-21
NAS,27050.0,-107521.06472917258,0.011352967168832055,0.0,0.0,0.0,0.0,0.0,0.0,31097.76071498286,30471.23928501714,31411.021429965713,30157.978570034287,DEC26,SEP26,2026-09-23,2026-12-18,30784.5,29969.045028362125,FOUND,DEGRADED,SPOT_MONTH_FALLBACK;ESTIMATED_EXPIRY_ALIAS,2026-08-02.2,PUT_CALL_PARITY,SEP26,SEP26=PUT_CALL_PARITY;OCT26=PUT_CALL_PARITY;DEC29=SERIES_FORWARD_CLUSTER;DEC26=SERIES_FORWARD_CLUSTER;NOV26=SERIES_FORWARD_CLUSTER;MAR27=SERIES_FORWARD_CLUSTER;DEC28=PUT_CALL_PARITY;JUN27=PUT_CALL_PARITY;DEC27=PUT_CALL_PARITY;SEP27=SERIES_FORWARD_CLUSTER;JUN29=PUT_CALL_PARITY;DEC30=PUT_CALL_PARITY,SEP26=30784.5;OCT26=30771.875;DEC29=30567.375;DEC26=25293.875;NOV26=31207.875;MAR27=27605.375;JUN27=24447;DEC27=21051.75;SEP27=36072.5,DEC28=GLOBAL_REFERENCE_NO_OBSERVATION;JUN27=GLOBAL_REFERENCE_OUTLIER_SERIES_FORWARD_CLUSTER;DEC27=GLOBAL_REFERENCE_OUTLIER_SERIES_FORWARD_CLUSTER;JUN29=GLOBAL_REFERENCE_NO_OBSERVATION;DEC30=GLOBAL_REFERENCE_NO_OBSERVATION,WEIGHTED_ATM,2026-09-30,6,120,0.0,NONE,5139,4967,0,0,165,NONE,MN1;MN2;MN3;MN4;MN5;QMW;QRW;QTW;QWW,OK,NONE,NONE,2026-09-21
NAS,27100.0,-1080813.8495739284,0.1326663529477036,0.0,0.0,0.0,0.0,0.0,0.0,31097.76071498286,30471.23928501714,31411.021429965713,30157.978570034287,DEC26,SEP26,2026-09-23,2026-12-18,30784.5,29969.045028362125,FOUND,DEGRADED,SPOT_MONTH_FALLBACK;ESTIMATED_EXPIRY_ALIAS,2026-08-02.2,PUT_CALL_PARITY,SEP26,SEP26=PUT_CALL_PARITY;OCT26=PUT_CALL_PARITY;DEC29=SERIES_FORWARD_CLUSTER;DEC26=SERIES_FORWARD_CLUSTER;NOV26=SERIES_FORWARD_CLUSTER;MAR27=SERIES_FORWARD_CLUSTER;DEC28=PUT_CALL_PARITY;JUN27=PUT_CALL_PARITY;DEC27=PUT_CALL_PARITY;SEP27=SERIES_FORWARD_CLUSTER;JUN29=PUT_CALL_PARITY;DEC30=PUT_CALL_PARITY,SEP26=30784.5;OCT26=30771.875;DEC29=30567.375;DEC26=25293.875;NOV26=31207.875;MAR27=27605.375;JUN27=24447;DEC27=21051.75;SEP27=36072.5,DEC28=GLOBAL_REFERENCE_NO_OBSERVATION;JUN27=GLOBAL_REFERENCE_OUTLIER_SERIES_FORWARD_CLUSTER;DEC27=GLOBAL_REFERENCE_OUTLIER_SERIES_FORWARD_CLUSTER;JUN29=GLOBAL_REFERENCE_NO_OBSERVATION;DEC30=GLOBAL_REFERENCE_NO_OBSERVATION,WEIGHTED_ATM,2026-09-30,6,120,0.0,NONE,5139,4967,0,0,165,NONE,MN1;MN2;MN3;MN4;MN5;QMW;QRW;QTW;QWW,OK,NONE,NONE,2026-09-21
NAS,27150.0,-95552.98136093837,0.010088667121876362,0.0,0.0,0.0,0.0,0.0,0.0,31097.76071498286,30471.23928501714,31411.021429965713,30157.978570034287,DEC26,SEP26,2026-09-23,2026-12-18,30784.5,29969.045028362125,FOUND,DEGRADED,SPOT_MONTH_FALLBACK;ESTIMATED_EXPIRY_ALIAS,2026-08-02.2,PUT_CALL_PARITY,SEP26,SEP26=PUT_CALL_PARITY;OCT26=PUT_CALL_PARITY;DEC29=SERIES_FORWARD_CLUSTER;DEC26=SERIES_FORWARD_CLUSTER;NOV26=SERIES_FORWARD_CLUSTER;MAR27=SERIES_FORWARD_CLUSTER;DEC28=PUT_CALL_PARITY;JUN27=PUT_CALL_PARITY;DEC27=PUT_CALL_PARITY;SEP27=SERIES_FORWARD_CLUSTER;JUN29=PUT_CALL_PARITY;DEC30=PUT_CALL_PARITY,SEP26=30784.5;OCT26=30771.875;DEC29=30567.375;DEC26=25293.875;NOV26=31207.875;MAR27=27605.375;JUN27=24447;DEC27=21051.75;SEP27=36072.5,DEC28=GLOBAL_REFERENCE_NO_OBSERVATION;JUN27=GLOBAL_REFERENCE_OUTLIER_SERIES_FORWARD_CLUSTER;DEC27=GLOBAL_REFERENCE_OUTLIER_SERIES_FORWARD_CLUSTER;JUN29=GLOBAL_REFERENCE_NO_OBSERVATION;DEC30=GLOBAL_REFERENCE_NO_OBSERVATION,WEIGHTED_ATM,2026-09-30,6,120,0.0,NONE,5139,4967,0,0,165,NONE,MN1;MN2;MN3;MN4;MN5;QMW;QRW;QTW;QWW,OK,NONE,NONE,2026-09-21
NAS,27200.0,-2148286.787757907,0.3860804231621568,0.0,0.0,0.0,0.0,0.0,0.0,31097.76071498286,30471.23928501714,31411.021429965713,30157.978570034287,DEC26,SEP26,2026-09-23,2026-12-18,30784.5,29969.045028362125,FOUND,DEGRADED,SPOT_MONTH_FALLBACK;ESTIMATED_EXPIRY_ALIAS,2026-08-02.2,PUT_CALL_PARITY,SEP26,SEP26=PUT_CALL_PARITY;OCT26=PUT_CALL_PARITY;DEC29=SERIES_FORWARD_CLUSTER;DEC26=SERIES_FORWARD_CLUSTER;NOV26=SERIES_FORWARD_CLUSTER;MAR27=SERIES_FORWARD_CLUSTER;DEC28=PUT_CALL_PARITY;JUN27=PUT_CALL_PARITY;DEC27=PUT_CALL_PARITY;SEP27=SERIES_FORWARD_CLUSTER;JUN29=PUT_CALL_PARITY;DEC30=PUT_CALL_PARITY,SEP26=30784.5;OCT26=30771.875;DEC29=30567.375;DEC26=25293.875;NOV26=31207.875;MAR27=27605.375;JUN27=24447;DEC27=21051.75;SEP27=36072.5,DEC28=GLOBAL_REFERENCE_NO_OBSERVATION;JUN27=GLOBAL_REFERENCE_OUTLIER_SERIES_FORWARD_CLUSTER;DEC27=GLOBAL_REFERENCE_OUTLIER_SERIES_FORWARD_CLUSTER;JUN29=GLOBAL_REFERENCE_NO_OBSERVATION;DEC30=GLOBAL_REFERENCE_NO_OBSERVATION,WEIGHTED_ATM,2026-09-30,6,120,0.0,NONE,5139,4967,0,0,165,NONE,MN1;MN2;MN3;MN4;MN5;QMW;QRW;QTW;QWW,OK,NONE,NONE,2026-09-21
NAS,27250.0,-3683519.4235476623,0.42445082252101246,0.0,0.0,0.0,0.0,0.0,0.0,31097.76071498286,30471.23928501714,31411.021429965713,30157.978570034287,DEC26,SEP26,2026-09-23,2026-12-18,30784.5,29969.045028362125,FOUND,DEGRADED,SPOT_MONTH_FALLBACK;ESTIMATED_EXPIRY_ALIAS,2026-08-02.2,PUT_CALL_PARITY,SEP26,SEP26=PUT_CALL_PARITY;OCT26=PUT_CALL_PARITY;DEC29=SERIES_FORWARD_CLUSTER;DEC26=SERIES_FORWARD_CLUSTER;NOV26=SERIES_FORWARD_CLUSTER;MAR27=SERIES_FORWARD_CLUSTER;DEC28=PUT_CALL_PARITY;JUN27=PUT_CALL_PARITY;DEC27=PUT_CALL_PARITY;SEP27=SERIES_FORWARD_CLUSTER;JUN29=PUT_CALL_PARITY;DEC30=PUT_CALL_PARITY,SEP26=30784.5;OCT26=30771.875;DEC29=30567.375;DEC26=25293.875;NOV26=31207.875;MAR27=27605.375;JUN27=24447;DEC27=21051.75;SEP27=36072.5,DEC28=GLOBAL_REFERENCE_NO_OBSERVATION;JUN27=GLOBAL_REFERENCE_OUTLIER_SERIES_FORWARD_CLUSTER;DEC27=GLOBAL_REFERENCE_OUTLIER_SERIES_FORWARD_CLUSTER;JUN29=GLOBAL_REFERENCE_NO_OBSERVATION;DEC30=GLOBAL_REFERENCE_NO_OBSERVATION,WEIGHTED_ATM,2026-09-30,6,120,0.0,NONE,5139,4967,0,0,165,NONE,MN1;MN2;MN3;MN4;MN5;QMW;QRW;QTW;QWW,OK,NONE,NONE,2026-09-21
NAS,27300.0,-2056376.446726769,0.21714556904441754,0.0,0.0,0.0,0.0,0.0,0.0,31097.76071498286,30471.23928501714,31411.021429965713,30157.978570034287,DEC26,SEP26,2026-09-23,2026-12-18,30784.5,29969.045028362125,FOUND,DEGRADED,SPOT_MONTH_FALLBACK;ESTIMATED_EXPIRY_ALIAS,2026-08-02.2,PUT_CALL_PARITY,SEP26,SEP26=PUT_CALL_PARITY;OCT26=PUT_CALL_PARITY;DEC29=SERIES_FORWARD_CLUSTER;DEC26=SERIES_FORWARD_CLUSTER;NOV26=SERIES_FORWARD_CLUSTER;MAR27=SERIES_FORWARD_CLUSTER;DEC28=PUT_CALL_PARITY;JUN27=PUT_CALL_PARITY;DEC27=PUT_CALL_PARITY;SEP27=SERIES_FORWARD_CLUSTER;JUN29=PUT_CALL_PARITY;DEC30=PUT_CALL_PARITY,SEP26=30784.5;OCT26=30771.875;DEC29=30567.375;DEC26=25293.875;NOV26=31207.875;MAR27=27605.375;JUN27=24447;DEC27=21051.75;SEP27=36072.5,DEC28=GLOBAL_REFERENCE_NO_OBSERVATION;JUN27=GLOBAL_REFERENCE_OUTLIER_SERIES_FORWARD_CLUSTER;DEC27=GLOBAL_REFERENCE_OUTLIER_SERIES_FORWARD_CLUSTER;JUN29=GLOBAL_REFERENCE_NO_OBSERVATION;DEC30=GLOBAL_REFERENCE_NO_OBSERVATION,WEIGHTED_ATM,2026-09-30,6,120,0.0,NONE,5139,4967,0,0,165,NONE,MN1;MN2;MN3;MN4;MN5;QMW;QRW;QTW;QWW,OK,NONE,NONE,2026-09-21
NAS,27350.0,-123365.24492351121,0.013025830482252193,0.0,0.0,0.0,0.0,0.0,0.0,31097.76071498286,30471.23928501714,31411.021429965713,30157.978570034287,DEC26,SEP26,2026-09-23,2026-12-18,30784.5,29969.045028362125,FOUND,DEGRADED,SPOT_MONTH_FALLBACK;ESTIMATED_EXPIRY_ALIAS,2026-08-02.2,PUT_CALL_PARITY,SEP26,SEP26=PUT_CALL_PARITY;OCT26=PUT_CALL_PARITY;DEC29=SERIES_FORWARD_CLUSTER;DEC26=SERIES_FORWARD_CLUSTER;NOV26=SERIES_FORWARD_CLUSTER;MAR27=SERIES_FORWARD_CLUSTER;DEC28=PUT_CALL_PARITY;JUN27=PUT_CALL_PARITY;DEC27=PUT_CALL_PARITY;SEP27=SERIES_FORWARD_CLUSTER;JUN29=PUT_CALL_PARITY;DEC30=PUT_CALL_PARITY,SEP26=30784.5;OCT26=30771.875;DEC29=30567.375;DEC26=25293.875;NOV26=31207.875;MAR27=27605.375;JUN27=24447;DEC27=21051.75;SEP27=36072.5,DEC28=GLOBAL_REFERENCE_NO_OBSERVATION;JUN27=GLOBAL_REFERENCE_OUTLIER_SERIES_FORWARD_CLUSTER;DEC27=GLOBAL_REFERENCE_OUTLIER_SERIES_FORWARD_CLUSTER;JUN29=GLOBAL_REFERENCE_NO_OBSERVATION;DEC30=GLOBAL_REFERENCE_NO_OBSERVATION,WEIGHTED_ATM,2026-09-30,6,120,0.0,NONE,5139,4967,0,0,165,NONE,MN1;MN2;MN3;MN4;MN5;QMW;QRW;QTW;QWW,OK,NONE,NONE,2026-09-21
NAS,27400.0,-1512089.504366725,0.1725227957789805,0.0,0.0,0.0,0.0,0.0,0.0,31097.76071498286,30471.23928501714,31411.021429965713,30157.978570034287,DEC26,SEP26,2026-09-23,2026-12-18,30784.5,29969.045028362125,FOUND,DEGRADED,SPOT_MONTH_FALLBACK;ESTIMATED_EXPIRY_ALIAS,2026-08-02.2,PUT_CALL_PARITY,SEP26,SEP26=PUT_CALL_PARITY;OCT26=PUT_CALL_PARITY;DEC29=SERIES_FORWARD_CLUSTER;DEC26=SERIES_FORWARD_CLUSTER;NOV26=SERIES_FORWARD_CLUSTER;MAR27=SERIES_FORWARD_CLUSTER;DEC28=PUT_CALL_PARITY;JUN27=PUT_CALL_PARITY;DEC27=PUT_CALL_PARITY;SEP27=SERIES_FORWARD_CLUSTER;JUN29=PUT_CALL_PARITY;DEC30=PUT_CALL_PARITY,SEP26=30784.5;OCT26=30771.875;DEC29=30567.375;DEC26=25293.875;NOV26=31207.875;MAR27=27605.375;JUN27=24447;DEC27=21051.75;SEP27=36072.5,DEC28=GLOBAL_REFERENCE_NO_OBSERVATION;JUN27=GLOBAL_REFERENCE_OUTLIER_SERIES_FORWARD_CLUSTER;DEC27=GLOBAL_REFERENCE_OUTLIER_SERIES_FORWARD_CLUSTER;JUN29=GLOBAL_REFERENCE_NO_OBSERVATION;DEC30=GLOBAL_REFERENCE_NO_OBSERVATION,WEIGHTED_ATM,2026-09-30,6,120,0.0,NONE,5139,4967,0,0,165,NONE,MN1;MN2;MN3;MN4;MN5;QMW;QRW;QTW;QWW,OK,NONE,NONE,2026-09-21
NAS,27450.0,-134613.81889177117,0.01421296095560962,0.0,0.0,0.0,0.0,0.0,0.0,31097.76071498286,30471.23928501714,31411.021429965713,30157.978570034287,DEC26,SEP26,2026-09-23,2026-12-18,30784.5,29969.045028362125,FOUND,DEGRADED,SPOT_MONTH_FALLBACK;ESTIMATED_EXPIRY_ALIAS,2026-08-02.2,PUT_CALL_PARITY,SEP26,SEP26=PUT_CALL_PARITY;OCT26=PUT_CALL_PARITY;DEC29=SERIES_FORWARD_CLUSTER;DEC26=SERIES_FORWARD_CLUSTER;NOV26=SERIES_FORWARD_CLUSTER;MAR27=SERIES_FORWARD_CLUSTER;DEC28=PUT_CALL_PARITY;JUN27=PUT_CALL_PARITY;DEC27=PUT_CALL_PARITY;SEP27=SERIES_FORWARD_CLUSTER;JUN29=PUT_CALL_PARITY;DEC30=PUT_CALL_PARITY,SEP26=30784.5;OCT26=30771.875;DEC29=30567.375;DEC26=25293.875;NOV26=31207.875;MAR27=27605.375;JUN27=24447;DEC27=21051.75;SEP27=36072.5,DEC28=GLOBAL_REFERENCE_NO_OBSERVATION;JUN27=GLOBAL_REFERENCE_OUTLIER_SERIES_FORWARD_CLUSTER;DEC27=GLOBAL_REFERENCE_OUTLIER_SERIES_FORWARD_CLUSTER;JUN29=GLOBAL_REFERENCE_NO_OBSERVATION;DEC30=GLOBAL_REFERENCE_NO_OBSERVATION,WEIGHTED_ATM,2026-09-30,6,120,0.0,NONE,5139,4967,0,0,165,NONE,MN1;MN2;MN3;MN4;MN5;QMW;QRW;QTW;QWW,OK,NONE,NONE,2026-09-21
NAS,27500.0,-17346257.156888835,1.9907538276223242,0.0,0.0,0.0,0.0,0.0,0.0,31097.76071498286,30471.23928501714,31411.021429965713,30157.978570034287,DEC26,SEP26,2026-09-23,2026-12-18,30784.5,29969.045028362125,FOUND,DEGRADED,SPOT_MONTH_FALLBACK;ESTIMATED_EXPIRY_ALIAS,2026-08-02.2,PUT_CALL_PARITY,SEP26,SEP26=PUT_CALL_PARITY;OCT26=PUT_CALL_PARITY;DEC29=SERIES_FORWARD_CLUSTER;DEC26=SERIES_FORWARD_CLUSTER;NOV26=SERIES_FORWARD_CLUSTER;MAR27=SERIES_FORWARD_CLUSTER;DEC28=PUT_CALL_PARITY;JUN27=PUT_CALL_PARITY;DEC27=PUT_CALL_PARITY;SEP27=SERIES_FORWARD_CLUSTER;JUN29=PUT_CALL_PARITY;DEC30=PUT_CALL_PARITY,SEP26=30784.5;OCT26=30771.875;DEC29=30567.375;DEC26=25293.875;NOV26=31207.875;MAR27=27605.375;JUN27=24447;DEC27=21051.75;SEP27=36072.5,DEC28=GLOBAL_REFERENCE_NO_OBSERVATION;JUN27=GLOBAL_REFERENCE_OUTLIER_SERIES_FORWARD_CLUSTER;DEC27=GLOBAL_REFERENCE_OUTLIER_SERIES_FORWARD_CLUSTER;JUN29=GLOBAL_REFERENCE_NO_OBSERVATION;DEC30=GLOBAL_REFERENCE_NO_OBSERVATION,WEIGHTED_ATM,2026-09-30,6,120,0.0,NONE,5139,4967,0,0,165,NONE,MN1;MN2;MN3;MN4;MN5;QMW;QRW;QTW;QWW,OK,NONE,NONE,2026-09-21
NAS,27550.0,-118258.20212216668,0.012486702417918178,0.0,0.0,0.0,0.0,0.0,0.0,31097.76071498286,30471.23928501714,31411.021429965713,30157.978570034287,DEC26,SEP26,2026-09-23,2026-12-18,30784.5,29969.045028362125,FOUND,DEGRADED,SPOT_MONTH_FALLBACK;ESTIMATED_EXPIRY_ALIAS,2026-08-02.2,PUT_CALL_PARITY,SEP26,SEP26=PUT_CALL_PARITY;OCT26=PUT_CALL_PARITY;DEC29=SERIES_FORWARD_CLUSTER;DEC26=SERIES_FORWARD_CLUSTER;NOV26=SERIES_FORWARD_CLUSTER;MAR27=SERIES_FORWARD_CLUSTER;DEC28=PUT_CALL_PARITY;JUN27=PUT_CALL_PARITY;DEC27=PUT_CALL_PARITY;SEP27=SERIES_FORWARD_CLUSTER;JUN29=PUT_CALL_PARITY;DEC30=PUT_CALL_PARITY,SEP26=30784.5;OCT26=30771.875;DEC29=30567.375;DEC26=25293.875;NOV26=31207.875;MAR27=27605.375;JUN27=24447;DEC27=21051.75;SEP27=36072.5,DEC28=GLOBAL_REFERENCE_NO_OBSERVATION;JUN27=GLOBAL_REFERENCE_OUTLIER_SERIES_FORWARD_CLUSTER;DEC27=GLOBAL_REFERENCE_OUTLIER_SERIES_FORWARD_CLUSTER;JUN29=GLOBAL_REFERENCE_NO_OBSERVATION;DEC30=GLOBAL_REFERENCE_NO_OBSERVATION,WEIGHTED_ATM,2026-09-30,6,120,0.0,NONE,5139,4967,0,0,165,NONE,MN1;MN2;MN3;MN4;MN5;QMW;QRW;QTW;QWW,OK,NONE,NONE,2026-09-21
NAS,27600.0,-2190022.7047440633,0.23129981825664672,0.0,0.0,0.0,0.0,0.0,0.0,31097.76071498286,30471.23928501714,31411.021429965713,30157.978570034287,DEC26,SEP26,2026-09-23,2026-12-18,30784.5,29969.045028362125,FOUND,DEGRADED,SPOT_MONTH_FALLBACK;ESTIMATED_EXPIRY_ALIAS,2026-08-02.2,PUT_CALL_PARITY,SEP26,SEP26=PUT_CALL_PARITY;OCT26=PUT_CALL_PARITY;DEC29=SERIES_FORWARD_CLUSTER;DEC26=SERIES_FORWARD_CLUSTER;NOV26=SERIES_FORWARD_CLUSTER;MAR27=SERIES_FORWARD_CLUSTER;DEC28=PUT_CALL_PARITY;JUN27=PUT_CALL_PARITY;DEC27=PUT_CALL_PARITY;SEP27=SERIES_FORWARD_CLUSTER;JUN29=PUT_CALL_PARITY;DEC30=PUT_CALL_PARITY,SEP26=30784.5;OCT26=30771.875;DEC29=30567.375;DEC26=25293.875;NOV26=31207.875;MAR27=27605.375;JUN27=24447;DEC27=21051.75;SEP27=36072.5,DEC28=GLOBAL_REFERENCE_NO_OBSERVATION;JUN27=GLOBAL_REFERENCE_OUTLIER_SERIES_FORWARD_CLUSTER;DEC27=GLOBAL_REFERENCE_OUTLIER_SERIES_FORWARD_CLUSTER;JUN29=GLOBAL_REFERENCE_NO_OBSERVATION;DEC30=GLOBAL_REFERENCE_NO_OBSERVATION,WEIGHTED_ATM,2026-09-30,6,120,0.0,NONE,5139,4967,0,0,165,NONE,MN1;MN2;MN3;MN4;MN5;QMW;QRW;QTW;QWW,OK,NONE,NONE,2026-09-21
NAS,27650.0,-217592.96558775325,0.02297708162204192,0.0,0.0,0.0,0.0,0.0,0.0,31097.76071498286,30471.23928501714,31411.021429965713,30157.978570034287,DEC26,SEP26,2026-09-23,2026-12-18,30784.5,29969.045028362125,FOUND,DEGRADED,SPOT_MONTH_FALLBACK;ESTIMATED_EXPIRY_ALIAS,2026-08-02.2,PUT_CALL_PARITY,SEP26,SEP26=PUT_CALL_PARITY;OCT26=PUT_CALL_PARITY;DEC29=SERIES_FORWARD_CLUSTER;DEC26=SERIES_FORWARD_CLUSTER;NOV26=SERIES_FORWARD_CLUSTER;MAR27=SERIES_FORWARD_CLUSTER;DEC28=PUT_CALL_PARITY;JUN27=PUT_CALL_PARITY;DEC27=PUT_CALL_PARITY;SEP27=SERIES_FORWARD_CLUSTER;JUN29=PUT_CALL_PARITY;DEC30=PUT_CALL_PARITY,SEP26=30784.5;OCT26=30771.875;DEC29=30567.375;DEC26=25293.875;NOV26=31207.875;MAR27=27605.375;JUN27=24447;DEC27=21051.75;SEP27=36072.5,DEC28=GLOBAL_REFERENCE_NO_OBSERVATION;JUN27=GLOBAL_REFERENCE_OUTLIER_SERIES_FORWARD_CLUSTER;DEC27=GLOBAL_REFERENCE_OUTLIER_SERIES_FORWARD_CLUSTER;JUN29=GLOBAL_REFERENCE_NO_OBSERVATION;DEC30=GLOBAL_REFERENCE_NO_OBSERVATION,WEIGHTED_ATM,2026-09-30,6,120,0.0,NONE,5139,4967,0,0,165,NONE,MN1;MN2;MN3;MN4;MN5;QMW;QRW;QTW;QWW,OK,NONE,NONE,2026-09-21
NAS,27700.0,-5438658.678424495,0.5771332505805674,0.0,0.0,0.0,0.0,0.0,0.0,31097.76071498286,30471.23928501714,31411.021429965713,30157.978570034287,DEC26,SEP26,2026-09-23,2026-12-18,30784.5,29969.045028362125,FOUND,DEGRADED,SPOT_MONTH_FALLBACK;ESTIMATED_EXPIRY_ALIAS,2026-08-02.2,PUT_CALL_PARITY,SEP26,SEP26=PUT_CALL_PARITY;OCT26=PUT_CALL_PARITY;DEC29=SERIES_FORWARD_CLUSTER;DEC26=SERIES_FORWARD_CLUSTER;NOV26=SERIES_FORWARD_CLUSTER;MAR27=SERIES_FORWARD_CLUSTER;DEC28=PUT_CALL_PARITY;JUN27=PUT_CALL_PARITY;DEC27=PUT_CALL_PARITY;SEP27=SERIES_FORWARD_CLUSTER;JUN29=PUT_CALL_PARITY;DEC30=PUT_CALL_PARITY,SEP26=30784.5;OCT26=30771.875;DEC29=30567.375;DEC26=25293.875;NOV26=31207.875;MAR27=27605.375;JUN27=24447;DEC27=21051.75;SEP27=36072.5,DEC28=GLOBAL_REFERENCE_NO_OBSERVATION;JUN27=GLOBAL_REFERENCE_OUTLIER_SERIES_FORWARD_CLUSTER;DEC27=GLOBAL_REFERENCE_OUTLIER_SERIES_FORWARD_CLUSTER;JUN29=GLOBAL_REFERENCE_NO_OBSERVATION;DEC30=GLOBAL_REFERENCE_NO_OBSERVATION,WEIGHTED_ATM,2026-09-30,6,120,0.0,NONE,5139,4967,0,0,165,NONE,MN1;MN2;MN3;MN4;MN5;QMW;QRW;QTW;QWW,OK,NONE,NONE,2026-09-21
NAS,27750.0,-4920496.729125049,0.5740113429677969,0.0,0.0,0.0,0.0,0.0,0.0,31097.76071498286,30471.23928501714,31411.021429965713,30157.978570034287,DEC26,SEP26,2026-09-23,2026-12-18,30784.5,29969.045028362125,FOUND,DEGRADED,SPOT_MONTH_FALLBACK;ESTIMATED_EXPIRY_ALIAS,2026-08-02.2,PUT_CALL_PARITY,SEP26,SEP26=PUT_CALL_PARITY;OCT26=PUT_CALL_PARITY;DEC29=SERIES_FORWARD_CLUSTER;DEC26=SERIES_FORWARD_CLUSTER;NOV26=SERIES_FORWARD_CLUSTER;MAR27=SERIES_FORWARD_CLUSTER;DEC28=PUT_CALL_PARITY;JUN27=PUT_CALL_PARITY;DEC27=PUT_CALL_PARITY;SEP27=SERIES_FORWARD_CLUSTER;JUN29=PUT_CALL_PARITY;DEC30=PUT_CALL_PARITY,SEP26=30784.5;OCT26=30771.875;DEC29=30567.375;DEC26=25293.875;NOV26=31207.875;MAR27=27605.375;JUN27=24447;DEC27=21051.75;SEP27=36072.5,DEC28=GLOBAL_REFERENCE_NO_OBSERVATION;JUN27=GLOBAL_REFERENCE_OUTLIER_SERIES_FORWARD_CLUSTER;DEC27=GLOBAL_REFERENCE_OUTLIER_SERIES_FORWARD_CLUSTER;JUN29=GLOBAL_REFERENCE_NO_OBSERVATION;DEC30=GLOBAL_REFERENCE_NO_OBSERVATION,WEIGHTED_ATM,2026-09-30,6,120,0.0,NONE,5139,4967,0,0,165,NONE,MN1;MN2;MN3;MN4;MN5;QMW;QRW;QTW;QWW,OK,NONE,NONE,2026-09-21
NAS,27800.0,-4362813.1023230385,0.47159029535654895,0.0,0.0,0.0,0.0,0.0,0.0,31097.76071498286,30471.23928501714,31411.021429965713,30157.978570034287,DEC26,SEP26,2026-09-23,2026-12-18,30784.5,29969.045028362125,FOUND,DEGRADED,SPOT_MONTH_FALLBACK;ESTIMATED_EXPIRY_ALIAS,2026-08-02.2,PUT_CALL_PARITY,SEP26,SEP26=PUT_CALL_PARITY;OCT26=PUT_CALL_PARITY;DEC29=SERIES_FORWARD_CLUSTER;DEC26=SERIES_FORWARD_CLUSTER;NOV26=SERIES_FORWARD_CLUSTER;MAR27=SERIES_FORWARD_CLUSTER;DEC28=PUT_CALL_PARITY;JUN27=PUT_CALL_PARITY;DEC27=PUT_CALL_PARITY;SEP27=SERIES_FORWARD_CLUSTER;JUN29=PUT_CALL_PARITY;DEC30=PUT_CALL_PARITY,SEP26=30784.5;OCT26=30771.875;DEC29=30567.375;DEC26=25293.875;NOV26=31207.875;MAR27=27605.375;JUN27=24447;DEC27=21051.75;SEP27=36072.5,DEC28=GLOBAL_REFERENCE_NO_OBSERVATION;JUN27=GLOBAL_REFERENCE_OUTLIER_SERIES_FORWARD_CLUSTER;DEC27=GLOBAL_REFERENCE_OUTLIER_SERIES_FORWARD_CLUSTER;JUN29=GLOBAL_REFERENCE_NO_OBSERVATION;DEC30=GLOBAL_REFERENCE_NO_OBSERVATION,WEIGHTED_ATM,2026-09-30,6,120,0.0,NONE,5139,4967,0,0,165,NONE,MN1;MN2;MN3;MN4;MN5;QMW;QRW;QTW;QWW,OK,NONE,NONE,2026-09-21
NAS,27820.0,0.0,0.0,0.0,0.0,0.0,0.0,0.0,0.0,31097.76071498286,30471.23928501714,31411.021429965713,30157.978570034287,DEC26,SEP26,2026-09-23,2026-12-18,30784.5,29969.045028362125,FOUND,DEGRADED,SPOT_MONTH_FALLBACK;ESTIMATED_EXPIRY_ALIAS,2026-08-02.2,PUT_CALL_PARITY,SEP26,SEP26=PUT_CALL_PARITY;OCT26=PUT_CALL_PARITY;DEC29=SERIES_FORWARD_CLUSTER;DEC26=SERIES_FORWARD_CLUSTER;NOV26=SERIES_FORWARD_CLUSTER;MAR27=SERIES_FORWARD_CLUSTER;DEC28=PUT_CALL_PARITY;JUN27=PUT_CALL_PARITY;DEC27=PUT_CALL_PARITY;SEP27=SERIES_FORWARD_CLUSTER;JUN29=PUT_CALL_PARITY;DEC30=PUT_CALL_PARITY,SEP26=30784.5;OCT26=30771.875;DEC29=30567.375;DEC26=25293.875;NOV26=31207.875;MAR27=27605.375;JUN27=24447;DEC27=21051.75;SEP27=36072.5,DEC28=GLOBAL_REFERENCE_NO_OBSERVATION;JUN27=GLOBAL_REFERENCE_OUTLIER_SERIES_FORWARD_CLUSTER;DEC27=GLOBAL_REFERENCE_OUTLIER_SERIES_FORWARD_CLUSTER;JUN29=GLOBAL_REFERENCE_NO_OBSERVATION;DEC30=GLOBAL_REFERENCE_NO_OBSERVATION,WEIGHTED_ATM,2026-09-30,6,120,0.0,NONE,5139,4967,0,0,165,NONE,MN1;MN2;MN3;MN4;MN5;QMW;QRW;QTW;QWW,OK,NONE,NONE,2026-09-21
NAS,27825.0,-20283.054670826627,0.0021402729016788465,0.0,0.0,0.0,0.0,0.0,0.0,31097.76071498286,30471.23928501714,31411.021429965713,30157.978570034287,DEC26,SEP26,2026-09-23,2026-12-18,30784.5,29969.045028362125,FOUND,DEGRADED,SPOT_MONTH_FALLBACK;ESTIMATED_EXPIRY_ALIAS,2026-08-02.2,PUT_CALL_PARITY,SEP26,SEP26=PUT_CALL_PARITY;OCT26=PUT_CALL_PARITY;DEC29=SERIES_FORWARD_CLUSTER;DEC26=SERIES_FORWARD_CLUSTER;NOV26=SERIES_FORWARD_CLUSTER;MAR27=SERIES_FORWARD_CLUSTER;DEC28=PUT_CALL_PARITY;JUN27=PUT_CALL_PARITY;DEC27=PUT_CALL_PARITY;SEP27=SERIES_FORWARD_CLUSTER;JUN29=PUT_CALL_PARITY;DEC30=PUT_CALL_PARITY,SEP26=30784.5;OCT26=30771.875;DEC29=30567.375;DEC26=25293.875;NOV26=31207.875;MAR27=27605.375;JUN27=24447;DEC27=21051.75;SEP27=36072.5,DEC28=GLOBAL_REFERENCE_NO_OBSERVATION;JUN27=GLOBAL_REFERENCE_OUTLIER_SERIES_FORWARD_CLUSTER;DEC27=GLOBAL_REFERENCE_OUTLIER_SERIES_FORWARD_CLUSTER;JUN29=GLOBAL_REFERENCE_NO_OBSERVATION;DEC30=GLOBAL_REFERENCE_NO_OBSERVATION,WEIGHTED_ATM,2026-09-30,6,120,0.0,NONE,5139,4967,0,0,165,NONE,MN1;MN2;MN3;MN4;MN5;QMW;QRW;QTW;QWW,OK,NONE,NONE,2026-09-21
NAS,27830.0,0.0,0.0,0.0,0.0,0.0,0.0,0.0,0.0,31097.76071498286,30471.23928501714,31411.021429965713,30157.978570034287,DEC26,SEP26,2026-09-23,2026-12-18,30784.5,29969.045028362125,FOUND,DEGRADED,SPOT_MONTH_FALLBACK;ESTIMATED_EXPIRY_ALIAS,2026-08-02.2,PUT_CALL_PARITY,SEP26,SEP26=PUT_CALL_PARITY;OCT26=PUT_CALL_PARITY;DEC29=SERIES_FORWARD_CLUSTER;DEC26=SERIES_FORWARD_CLUSTER;NOV26=SERIES_FORWARD_CLUSTER;MAR27=SERIES_FORWARD_CLUSTER;DEC28=PUT_CALL_PARITY;JUN27=PUT_CALL_PARITY;DEC27=PUT_CALL_PARITY;SEP27=SERIES_FORWARD_CLUSTER;JUN29=PUT_CALL_PARITY;DEC30=PUT_CALL_PARITY,SEP26=30784.5;OCT26=30771.875;DEC29=30567.375;DEC26=25293.875;NOV26=31207.875;MAR27=27605.375;JUN27=24447;DEC27=21051.75;SEP27=36072.5,DEC28=GLOBAL_REFERENCE_NO_OBSERVATION;JUN27=GLOBAL_REFERENCE_OUTLIER_SERIES_FORWARD_CLUSTER;DEC27=GLOBAL_REFERENCE_OUTLIER_SERIES_FORWARD_CLUSTER;JUN29=GLOBAL_REFERENCE_NO_OBSERVATION;DEC30=GLOBAL_REFERENCE_NO_OBSERVATION,WEIGHTED_ATM,2026-09-30,6,120,0.0,NONE,5139,4967,0,0,165,NONE,MN1;MN2;MN3;MN4;MN5;QMW;QRW;QTW;QWW,OK,NONE,NONE,2026-09-21
NAS,27850.0,-340559.6617192968,0.03596238029123661,0.0,0.0,0.0,0.0,0.0,0.0,31097.76071498286,30471.23928501714,31411.021429965713,30157.978570034287,DEC26,SEP26,2026-09-23,2026-12-18,30784.5,29969.045028362125,FOUND,DEGRADED,SPOT_MONTH_FALLBACK;ESTIMATED_EXPIRY_ALIAS,2026-08-02.2,PUT_CALL_PARITY,SEP26,SEP26=PUT_CALL_PARITY;OCT26=PUT_CALL_PARITY;DEC29=SERIES_FORWARD_CLUSTER;DEC26=SERIES_FORWARD_CLUSTER;NOV26=SERIES_FORWARD_CLUSTER;MAR27=SERIES_FORWARD_CLUSTER;DEC28=PUT_CALL_PARITY;JUN27=PUT_CALL_PARITY;DEC27=PUT_CALL_PARITY;SEP27=SERIES_FORWARD_CLUSTER;JUN29=PUT_CALL_PARITY;DEC30=PUT_CALL_PARITY,SEP26=30784.5;OCT26=30771.875;DEC29=30567.375;DEC26=25293.875;NOV26=31207.875;MAR27=27605.375;JUN27=24447;DEC27=21051.75;SEP27=36072.5,DEC28=GLOBAL_REFERENCE_NO_OBSERVATION;JUN27=GLOBAL_REFERENCE_OUTLIER_SERIES_FORWARD_CLUSTER;DEC27=GLOBAL_REFERENCE_OUTLIER_SERIES_FORWARD_CLUSTER;JUN29=GLOBAL_REFERENCE_NO_OBSERVATION;DEC30=GLOBAL_REFERENCE_NO_OBSERVATION,WEIGHTED_ATM,2026-09-30,6,120,0.0,NONE,5139,4967,0,0,165,NONE,MN1;MN2;MN3;MN4;MN5;QMW;QRW;QTW;QWW,OK,NONE,NONE,2026-09-21
NAS,27870.0,0.0,0.0,0.0,0.0,0.0,0.0,0.0,0.0,31097.76071498286,30471.23928501714,31411.021429965713,30157.978570034287,DEC26,SEP26,2026-09-23,2026-12-18,30784.5,29969.045028362125,FOUND,DEGRADED,SPOT_MONTH_FALLBACK;ESTIMATED_EXPIRY_ALIAS,2026-08-02.2,PUT_CALL_PARITY,SEP26,SEP26=PUT_CALL_PARITY;OCT26=PUT_CALL_PARITY;DEC29=SERIES_FORWARD_CLUSTER;DEC26=SERIES_FORWARD_CLUSTER;NOV26=SERIES_FORWARD_CLUSTER;MAR27=SERIES_FORWARD_CLUSTER;DEC28=PUT_CALL_PARITY;JUN27=PUT_CALL_PARITY;DEC27=PUT_CALL_PARITY;SEP27=SERIES_FORWARD_CLUSTER;JUN29=PUT_CALL_PARITY;DEC30=PUT_CALL_PARITY,SEP26=30784.5;OCT26=30771.875;DEC29=30567.375;DEC26=25293.875;NOV26=31207.875;MAR27=27605.375;JUN27=24447;DEC27=21051.75;SEP27=36072.5,DEC28=GLOBAL_REFERENCE_NO_OBSERVATION;JUN27=GLOBAL_REFERENCE_OUTLIER_SERIES_FORWARD_CLUSTER;DEC27=GLOBAL_REFERENCE_OUTLIER_SERIES_FORWARD_CLUSTER;JUN29=GLOBAL_REFERENCE_NO_OBSERVATION;DEC30=GLOBAL_REFERENCE_NO_OBSERVATION,WEIGHTED_ATM,2026-09-30,6,120,0.0,NONE,5139,4967,0,0,165,NONE,MN1;MN2;MN3;MN4;MN5;QMW;QRW;QTW;QWW,OK,NONE,NONE,2026-09-21
NAS,27875.0,-9569.3117507446,0.0010097561220546144,0.0,0.0,0.0,0.0,0.0,0.0,31097.76071498286,30471.23928501714,31411.021429965713,30157.978570034287,DEC26,SEP26,2026-09-23,2026-12-18,30784.5,29969.045028362125,FOUND,DEGRADED,SPOT_MONTH_FALLBACK;ESTIMATED_EXPIRY_ALIAS,2026-08-02.2,PUT_CALL_PARITY,SEP26,SEP26=PUT_CALL_PARITY;OCT26=PUT_CALL_PARITY;DEC29=SERIES_FORWARD_CLUSTER;DEC26=SERIES_FORWARD_CLUSTER;NOV26=SERIES_FORWARD_CLUSTER;MAR27=SERIES_FORWARD_CLUSTER;DEC28=PUT_CALL_PARITY;JUN27=PUT_CALL_PARITY;DEC27=PUT_CALL_PARITY;SEP27=SERIES_FORWARD_CLUSTER;JUN29=PUT_CALL_PARITY;DEC30=PUT_CALL_PARITY,SEP26=30784.5;OCT26=30771.875;DEC29=30567.375;DEC26=25293.875;NOV26=31207.875;MAR27=27605.375;JUN27=24447;DEC27=21051.75;SEP27=36072.5,DEC28=GLOBAL_REFERENCE_NO_OBSERVATION;JUN27=GLOBAL_REFERENCE_OUTLIER_SERIES_FORWARD_CLUSTER;DEC27=GLOBAL_REFERENCE_OUTLIER_SERIES_FORWARD_CLUSTER;JUN29=GLOBAL_REFERENCE_NO_OBSERVATION;DEC30=GLOBAL_REFERENCE_NO_OBSERVATION,WEIGHTED_ATM,2026-09-30,6,120,0.0,NONE,5139,4967,0,0,165,NONE,MN1;MN2;MN3;MN4;MN5;QMW;QRW;QTW;QWW,OK,NONE,NONE,2026-09-21
NAS,27900.0,-3032180.4408192444,0.3462053802939517,0.0,0.0,0.0,0.0,0.0,0.0,31097.76071498286,30471.23928501714,31411.021429965713,30157.978570034287,DEC26,SEP26,2026-09-23,2026-12-18,30784.5,29969.045028362125,FOUND,DEGRADED,SPOT_MONTH_FALLBACK;ESTIMATED_EXPIRY_ALIAS,2026-08-02.2,PUT_CALL_PARITY,SEP26,SEP26=PUT_CALL_PARITY;OCT26=PUT_CALL_PARITY;DEC29=SERIES_FORWARD_CLUSTER;DEC26=SERIES_FORWARD_CLUSTER;NOV26=SERIES_FORWARD_CLUSTER;MAR27=SERIES_FORWARD_CLUSTER;DEC28=PUT_CALL_PARITY;JUN27=PUT_CALL_PARITY;DEC27=PUT_CALL_PARITY;SEP27=SERIES_FORWARD_CLUSTER;JUN29=PUT_CALL_PARITY;DEC30=PUT_CALL_PARITY,SEP26=30784.5;OCT26=30771.875;DEC29=30567.375;DEC26=25293.875;NOV26=31207.875;MAR27=27605.375;JUN27=24447;DEC27=21051.75;SEP27=36072.5,DEC28=GLOBAL_REFERENCE_NO_OBSERVATION;JUN27=GLOBAL_REFERENCE_OUTLIER_SERIES_FORWARD_CLUSTER;DEC27=GLOBAL_REFERENCE_OUTLIER_SERIES_FORWARD_CLUSTER;JUN29=GLOBAL_REFERENCE_NO_OBSERVATION;DEC30=GLOBAL_REFERENCE_NO_OBSERVATION,WEIGHTED_ATM,2026-09-30,6,120,0.0,NONE,5139,4967,0,0,165,NONE,MN1;MN2;MN3;MN4;MN5;QMW;QRW;QTW;QWW,OK,NONE,NONE,2026-09-21
NAS,27925.0,-20291.099556306013,0.0021411217999670025,0.0,0.0,0.0,0.0,0.0,0.0,31097.76071498286,30471.23928501714,31411.021429965713,30157.978570034287,DEC26,SEP26,2026-09-23,2026-12-18,30784.5,29969.045028362125,FOUND,DEGRADED,SPOT_MONTH_FALLBACK;ESTIMATED_EXPIRY_ALIAS,2026-08-02.2,PUT_CALL_PARITY,SEP26,SEP26=PUT_CALL_PARITY;OCT26=PUT_CALL_PARITY;DEC29=SERIES_FORWARD_CLUSTER;DEC26=SERIES_FORWARD_CLUSTER;NOV26=SERIES_FORWARD_CLUSTER;MAR27=SERIES_FORWARD_CLUSTER;DEC28=PUT_CALL_PARITY;JUN27=PUT_CALL_PARITY;DEC27=PUT_CALL_PARITY;SEP27=SERIES_FORWARD_CLUSTER;JUN29=PUT_CALL_PARITY;DEC30=PUT_CALL_PARITY,SEP26=30784.5;OCT26=30771.875;DEC29=30567.375;DEC26=25293.875;NOV26=31207.875;MAR27=27605.375;JUN27=24447;DEC27=21051.75;SEP27=36072.5,DEC28=GLOBAL_REFERENCE_NO_OBSERVATION;JUN27=GLOBAL_REFERENCE_OUTLIER_SERIES_FORWARD_CLUSTER;DEC27=GLOBAL_REFERENCE_OUTLIER_SERIES_FORWARD_CLUSTER;JUN29=GLOBAL_REFERENCE_NO_OBSERVATION;DEC30=GLOBAL_REFERENCE_NO_OBSERVATION,WEIGHTED_ATM,2026-09-30,6,120,0.0,NONE,5139,4967,0,0,165,NONE,MN1;MN2;MN3;MN4;MN5;QMW;QRW;QTW;QWW,OK,NONE,NONE,2026-09-21
NAS,27950.0,-210885.7405744332,0.022264876959139278,0.0,0.0,0.0,0.0,0.0,0.0,31097.76071498286,30471.23928501714,31411.021429965713,30157.978570034287,DEC26,SEP26,2026-09-23,2026-12-18,30784.5,29969.045028362125,FOUND,DEGRADED,SPOT_MONTH_FALLBACK;ESTIMATED_EXPIRY_ALIAS,2026-08-02.2,PUT_CALL_PARITY,SEP26,SEP26=PUT_CALL_PARITY;OCT26=PUT_CALL_PARITY;DEC29=SERIES_FORWARD_CLUSTER;DEC26=SERIES_FORWARD_CLUSTER;NOV26=SERIES_FORWARD_CLUSTER;MAR27=SERIES_FORWARD_CLUSTER;DEC28=PUT_CALL_PARITY;JUN27=PUT_CALL_PARITY;DEC27=PUT_CALL_PARITY;SEP27=SERIES_FORWARD_CLUSTER;JUN29=PUT_CALL_PARITY;DEC30=PUT_CALL_PARITY,SEP26=30784.5;OCT26=30771.875;DEC29=30567.375;DEC26=25293.875;NOV26=31207.875;MAR27=27605.375;JUN27=24447;DEC27=21051.75;SEP27=36072.5,DEC28=GLOBAL_REFERENCE_NO_OBSERVATION;JUN27=GLOBAL_REFERENCE_OUTLIER_SERIES_FORWARD_CLUSTER;DEC27=GLOBAL_REFERENCE_OUTLIER_SERIES_FORWARD_CLUSTER;JUN29=GLOBAL_REFERENCE_NO_OBSERVATION;DEC30=GLOBAL_REFERENCE_NO_OBSERVATION,WEIGHTED_ATM,2026-09-30,6,120,0.0,NONE,5139,4967,0,0,165,NONE,MN1;MN2;MN3;MN4;MN5;QMW;QRW;QTW;QWW,OK,NONE,NONE,2026-09-21
NAS,27975.0,-49321.35020647517,0.005206045795381933,0.0,0.0,0.0,0.0,0.0,0.0,31097.76071498286,30471.23928501714,31411.021429965713,30157.978570034287,DEC26,SEP26,2026-09-23,2026-12-18,30784.5,29969.045028362125,FOUND,DEGRADED,SPOT_MONTH_FALLBACK;ESTIMATED_EXPIRY_ALIAS,2026-08-02.2,PUT_CALL_PARITY,SEP26,SEP26=PUT_CALL_PARITY;OCT26=PUT_CALL_PARITY;DEC29=SERIES_FORWARD_CLUSTER;DEC26=SERIES_FORWARD_CLUSTER;NOV26=SERIES_FORWARD_CLUSTER;MAR27=SERIES_FORWARD_CLUSTER;DEC28=PUT_CALL_PARITY;JUN27=PUT_CALL_PARITY;DEC27=PUT_CALL_PARITY;SEP27=SERIES_FORWARD_CLUSTER;JUN29=PUT_CALL_PARITY;DEC30=PUT_CALL_PARITY,SEP26=30784.5;OCT26=30771.875;DEC29=30567.375;DEC26=25293.875;NOV26=31207.875;MAR27=27605.375;JUN27=24447;DEC27=21051.75;SEP27=36072.5,DEC28=GLOBAL_REFERENCE_NO_OBSERVATION;JUN27=GLOBAL_REFERENCE_OUTLIER_SERIES_FORWARD_CLUSTER;DEC27=GLOBAL_REFERENCE_OUTLIER_SERIES_FORWARD_CLUSTER;JUN29=GLOBAL_REFERENCE_NO_OBSERVATION;DEC30=GLOBAL_REFERENCE_NO_OBSERVATION,WEIGHTED_ATM,2026-09-30,6,120,0.0,NONE,5139,4967,0,0,165,NONE,MN1;MN2;MN3;MN4;MN5;QMW;QRW;QTW;QWW,OK,NONE,NONE,2026-09-21
NAS,27980.0,-4820.456860398756,0.0005090732551542538,0.0,0.0,0.0,0.0,0.0,0.0,31097.76071498286,30471.23928501714,31411.021429965713,30157.978570034287,DEC26,SEP26,2026-09-23,2026-12-18,30784.5,29969.045028362125,FOUND,DEGRADED,SPOT_MONTH_FALLBACK;ESTIMATED_EXPIRY_ALIAS,2026-08-02.2,PUT_CALL_PARITY,SEP26,SEP26=PUT_CALL_PARITY;OCT26=PUT_CALL_PARITY;DEC29=SERIES_FORWARD_CLUSTER;DEC26=SERIES_FORWARD_CLUSTER;NOV26=SERIES_FORWARD_CLUSTER;MAR27=SERIES_FORWARD_CLUSTER;DEC28=PUT_CALL_PARITY;JUN27=PUT_CALL_PARITY;DEC27=PUT_CALL_PARITY;SEP27=SERIES_FORWARD_CLUSTER;JUN29=PUT_CALL_PARITY;DEC30=PUT_CALL_PARITY,SEP26=30784.5;OCT26=30771.875;DEC29=30567.375;DEC26=25293.875;NOV26=31207.875;MAR27=27605.375;JUN27=24447;DEC27=21051.75;SEP27=36072.5,DEC28=GLOBAL_REFERENCE_NO_OBSERVATION;JUN27=GLOBAL_REFERENCE_OUTLIER_SERIES_FORWARD_CLUSTER;DEC27=GLOBAL_REFERENCE_OUTLIER_SERIES_FORWARD_CLUSTER;JUN29=GLOBAL_REFERENCE_NO_OBSERVATION;DEC30=GLOBAL_REFERENCE_NO_OBSERVATION,WEIGHTED_ATM,2026-09-30,6,120,0.0,NONE,5139,4967,0,0,165,NONE,MN1;MN2;MN3;MN4;MN5;QMW;QRW;QTW;QWW,OK,NONE,NONE,2026-09-21
NAS,28000.0,-24607623.034477055,2.83586425243055,0.0,0.0,0.0,0.0,0.0,2377.0,31097.76071498286,30471.23928501714,31411.021429965713,30157.978570034287,DEC26,SEP26,2026-09-23,2026-12-18,30784.5,29969.045028362125,FOUND,DEGRADED,SPOT_MONTH_FALLBACK;ESTIMATED_EXPIRY_ALIAS,2026-08-02.2,PUT_CALL_PARITY,SEP26,SEP26=PUT_CALL_PARITY;OCT26=PUT_CALL_PARITY;DEC29=SERIES_FORWARD_CLUSTER;DEC26=SERIES_FORWARD_CLUSTER;NOV26=SERIES_FORWARD_CLUSTER;MAR27=SERIES_FORWARD_CLUSTER;DEC28=PUT_CALL_PARITY;JUN27=PUT_CALL_PARITY;DEC27=PUT_CALL_PARITY;SEP27=SERIES_FORWARD_CLUSTER;JUN29=PUT_CALL_PARITY;DEC30=PUT_CALL_PARITY,SEP26=30784.5;OCT26=30771.875;DEC29=30567.375;DEC26=25293.875;NOV26=31207.875;MAR27=27605.375;JUN27=24447;DEC27=21051.75;SEP27=36072.5,DEC28=GLOBAL_REFERENCE_NO_OBSERVATION;JUN27=GLOBAL_REFERENCE_OUTLIER_SERIES_FORWARD_CLUSTER;DEC27=GLOBAL_REFERENCE_OUTLIER_SERIES_FORWARD_CLUSTER;JUN29=GLOBAL_REFERENCE_NO_OBSERVATION;DEC30=GLOBAL_REFERENCE_NO_OBSERVATION,WEIGHTED_ATM,2026-09-30,6,120,0.0,NONE,5139,4967,0,0,165,NONE,MN1;MN2;MN3;MN4;MN5;QMW;QRW;QTW;QWW,OK,NONE,NONE,2026-09-21
NAS,28010.0,-8845.122502270648,0.0009341055080195399,0.0,0.0,0.0,0.0,0.0,0.0,31097.76071498286,30471.23928501714,31411.021429965713,30157.978570034287,DEC26,SEP26,2026-09-23,2026-12-18,30784.5,29969.045028362125,FOUND,DEGRADED,SPOT_MONTH_FALLBACK;ESTIMATED_EXPIRY_ALIAS,2026-08-02.2,PUT_CALL_PARITY,SEP26,SEP26=PUT_CALL_PARITY;OCT26=PUT_CALL_PARITY;DEC29=SERIES_FORWARD_CLUSTER;DEC26=SERIES_FORWARD_CLUSTER;NOV26=SERIES_FORWARD_CLUSTER;MAR27=SERIES_FORWARD_CLUSTER;DEC28=PUT_CALL_PARITY;JUN27=PUT_CALL_PARITY;DEC27=PUT_CALL_PARITY;SEP27=SERIES_FORWARD_CLUSTER;JUN29=PUT_CALL_PARITY;DEC30=PUT_CALL_PARITY,SEP26=30784.5;OCT26=30771.875;DEC29=30567.375;DEC26=25293.875;NOV26=31207.875;MAR27=27605.375;JUN27=24447;DEC27=21051.75;SEP27=36072.5,DEC28=GLOBAL_REFERENCE_NO_OBSERVATION;JUN27=GLOBAL_REFERENCE_OUTLIER_SERIES_FORWARD_CLUSTER;DEC27=GLOBAL_REFERENCE_OUTLIER_SERIES_FORWARD_CLUSTER;JUN29=GLOBAL_REFERENCE_NO_OBSERVATION;DEC30=GLOBAL_REFERENCE_NO_OBSERVATION,WEIGHTED_ATM,2026-09-30,6,120,0.0,NONE,5139,4967,0,0,165,NONE,MN1;MN2;MN3;MN4;MN5;QMW;QRW;QTW;QWW,OK,NONE,NONE,2026-09-21
NAS,28025.0,-31023.4038284934,0.003273597178016094,0.0,0.0,0.0,0.0,0.0,0.0,31097.76071498286,30471.23928501714,31411.021429965713,30157.978570034287,DEC26,SEP26,2026-09-23,2026-12-18,30784.5,29969.045028362125,FOUND,DEGRADED,SPOT_MONTH_FALLBACK;ESTIMATED_EXPIRY_ALIAS,2026-08-02.2,PUT_CALL_PARITY,SEP26,SEP26=PUT_CALL_PARITY;OCT26=PUT_CALL_PARITY;DEC29=SERIES_FORWARD_CLUSTER;DEC26=SERIES_FORWARD_CLUSTER;NOV26=SERIES_FORWARD_CLUSTER;MAR27=SERIES_FORWARD_CLUSTER;DEC28=PUT_CALL_PARITY;JUN27=PUT_CALL_PARITY;DEC27=PUT_CALL_PARITY;SEP27=SERIES_FORWARD_CLUSTER;JUN29=PUT_CALL_PARITY;DEC30=PUT_CALL_PARITY,SEP26=30784.5;OCT26=30771.875;DEC29=30567.375;DEC26=25293.875;NOV26=31207.875;MAR27=27605.375;JUN27=24447;DEC27=21051.75;SEP27=36072.5,DEC28=GLOBAL_REFERENCE_NO_OBSERVATION;JUN27=GLOBAL_REFERENCE_OUTLIER_SERIES_FORWARD_CLUSTER;DEC27=GLOBAL_REFERENCE_OUTLIER_SERIES_FORWARD_CLUSTER;JUN29=GLOBAL_REFERENCE_NO_OBSERVATION;DEC30=GLOBAL_REFERENCE_NO_OBSERVATION,WEIGHTED_ATM,2026-09-30,6,120,0.0,NONE,5139,4967,0,0,165,NONE,MN1;MN2;MN3;MN4;MN5;QMW;QRW;QTW;QWW,OK,NONE,NONE,2026-09-21
NAS,28050.0,-528131.344718803,0.05612602363804024,0.0,0.0,0.0,0.0,0.0,0.0,31097.76071498286,30471.23928501714,31411.021429965713,30157.978570034287,DEC26,SEP26,2026-09-23,2026-12-18,30784.5,29969.045028362125,FOUND,DEGRADED,SPOT_MONTH_FALLBACK;ESTIMATED_EXPIRY_ALIAS,2026-08-02.2,PUT_CALL_PARITY,SEP26,SEP26=PUT_CALL_PARITY;OCT26=PUT_CALL_PARITY;DEC29=SERIES_FORWARD_CLUSTER;DEC26=SERIES_FORWARD_CLUSTER;NOV26=SERIES_FORWARD_CLUSTER;MAR27=SERIES_FORWARD_CLUSTER;DEC28=PUT_CALL_PARITY;JUN27=PUT_CALL_PARITY;DEC27=PUT_CALL_PARITY;SEP27=SERIES_FORWARD_CLUSTER;JUN29=PUT_CALL_PARITY;DEC30=PUT_CALL_PARITY,SEP26=30784.5;OCT26=30771.875;DEC29=30567.375;DEC26=25293.875;NOV26=31207.875;MAR27=27605.375;JUN27=24447;DEC27=21051.75;SEP27=36072.5,DEC28=GLOBAL_REFERENCE_NO_OBSERVATION;JUN27=GLOBAL_REFERENCE_OUTLIER_SERIES_FORWARD_CLUSTER;DEC27=GLOBAL_REFERENCE_OUTLIER_SERIES_FORWARD_CLUSTER;JUN29=GLOBAL_REFERENCE_NO_OBSERVATION;DEC30=GLOBAL_REFERENCE_NO_OBSERVATION,WEIGHTED_ATM,2026-09-30,6,120,0.0,NONE,5139,4967,0,0,165,NONE,MN1;MN2;MN3;MN4;MN5;QMW;QRW;QTW;QWW,OK,NONE,NONE,2026-09-21
NAS,28075.0,-28654.147455175484,0.0030244026772175744,0.0,0.0,0.0,0.0,0.0,0.0,31097.76071498286,30471.23928501714,31411.021429965713,30157.978570034287,DEC26,SEP26,2026-09-23,2026-12-18,30784.5,29969.045028362125,FOUND,DEGRADED,SPOT_MONTH_FALLBACK;ESTIMATED_EXPIRY_ALIAS,2026-08-02.2,PUT_CALL_PARITY,SEP26,SEP26=PUT_CALL_PARITY;OCT26=PUT_CALL_PARITY;DEC29=SERIES_FORWARD_CLUSTER;DEC26=SERIES_FORWARD_CLUSTER;NOV26=SERIES_FORWARD_CLUSTER;MAR27=SERIES_FORWARD_CLUSTER;DEC28=PUT_CALL_PARITY;JUN27=PUT_CALL_PARITY;DEC27=PUT_CALL_PARITY;SEP27=SERIES_FORWARD_CLUSTER;JUN29=PUT_CALL_PARITY;DEC30=PUT_CALL_PARITY,SEP26=30784.5;OCT26=30771.875;DEC29=30567.375;DEC26=25293.875;NOV26=31207.875;MAR27=27605.375;JUN27=24447;DEC27=21051.75;SEP27=36072.5,DEC28=GLOBAL_REFERENCE_NO_OBSERVATION;JUN27=GLOBAL_REFERENCE_OUTLIER_SERIES_FORWARD_CLUSTER;DEC27=GLOBAL_REFERENCE_OUTLIER_SERIES_FORWARD_CLUSTER;JUN29=GLOBAL_REFERENCE_NO_OBSERVATION;DEC30=GLOBAL_REFERENCE_NO_OBSERVATION,WEIGHTED_ATM,2026-09-30,6,120,0.0,NONE,5139,4967,0,0,165,NONE,MN1;MN2;MN3;MN4;MN5;QMW;QRW;QTW;QWW,OK,NONE,NONE,2026-09-21
NAS,28100.0,-3884949.884886994,0.4349797011726313,0.0,0.0,0.0,0.0,0.0,0.0,31097.76071498286,30471.23928501714,31411.021429965713,30157.978570034287,DEC26,SEP26,2026-09-23,2026-12-18,30784.5,29969.045028362125,FOUND,DEGRADED,SPOT_MONTH_FALLBACK;ESTIMATED_EXPIRY_ALIAS,2026-08-02.2,PUT_CALL_PARITY,SEP26,SEP26=PUT_CALL_PARITY;OCT26=PUT_CALL_PARITY;DEC29=SERIES_FORWARD_CLUSTER;DEC26=SERIES_FORWARD_CLUSTER;NOV26=SERIES_FORWARD_CLUSTER;MAR27=SERIES_FORWARD_CLUSTER;DEC28=PUT_CALL_PARITY;JUN27=PUT_CALL_PARITY;DEC27=PUT_CALL_PARITY;SEP27=SERIES_FORWARD_CLUSTER;JUN29=PUT_CALL_PARITY;DEC30=PUT_CALL_PARITY,SEP26=30784.5;OCT26=30771.875;DEC29=30567.375;DEC26=25293.875;NOV26=31207.875;MAR27=27605.375;JUN27=24447;DEC27=21051.75;SEP27=36072.5,DEC28=GLOBAL_REFERENCE_NO_OBSERVATION;JUN27=GLOBAL_REFERENCE_OUTLIER_SERIES_FORWARD_CLUSTER;DEC27=GLOBAL_REFERENCE_OUTLIER_SERIES_FORWARD_CLUSTER;JUN29=GLOBAL_REFERENCE_NO_OBSERVATION;DEC30=GLOBAL_REFERENCE_NO_OBSERVATION,WEIGHTED_ATM,2026-09-30,6,120,0.0,NONE,5139,4967,0,0,165,NONE,MN1;MN2;MN3;MN4;MN5;QMW;QRW;QTW;QWW,OK,NONE,NONE,2026-09-21
NAS,28110.0,-1126.7544843947228,0.00011899298961530903,0.0,0.0,0.0,0.0,0.0,0.0,31097.76071498286,30471.23928501714,31411.021429965713,30157.978570034287,DEC26,SEP26,2026-09-23,2026-12-18,30784.5,29969.045028362125,FOUND,DEGRADED,SPOT_MONTH_FALLBACK;ESTIMATED_EXPIRY_ALIAS,2026-08-02.2,PUT_CALL_PARITY,SEP26,SEP26=PUT_CALL_PARITY;OCT26=PUT_CALL_PARITY;DEC29=SERIES_FORWARD_CLUSTER;DEC26=SERIES_FORWARD_CLUSTER;NOV26=SERIES_FORWARD_CLUSTER;MAR27=SERIES_FORWARD_CLUSTER;DEC28=PUT_CALL_PARITY;JUN27=PUT_CALL_PARITY;DEC27=PUT_CALL_PARITY;SEP27=SERIES_FORWARD_CLUSTER;JUN29=PUT_CALL_PARITY;DEC30=PUT_CALL_PARITY,SEP26=30784.5;OCT26=30771.875;DEC29=30567.375;DEC26=25293.875;NOV26=31207.875;MAR27=27605.375;JUN27=24447;DEC27=21051.75;SEP27=36072.5,DEC28=GLOBAL_REFERENCE_NO_OBSERVATION;JUN27=GLOBAL_REFERENCE_OUTLIER_SERIES_FORWARD_CLUSTER;DEC27=GLOBAL_REFERENCE_OUTLIER_SERIES_FORWARD_CLUSTER;JUN29=GLOBAL_REFERENCE_NO_OBSERVATION;DEC30=GLOBAL_REFERENCE_NO_OBSERVATION,WEIGHTED_ATM,2026-09-30,6,120,0.0,NONE,5139,4967,0,0,165,NONE,MN1;MN2;MN3;MN4;MN5;QMW;QRW;QTW;QWW,OK,NONE,NONE,2026-09-21
NAS,28125.0,-37781.68131316846,0.003986949312173229,0.0,0.0,0.0,0.0,0.0,0.0,31097.76071498286,30471.23928501714,31411.021429965713,30157.978570034287,DEC26,SEP26,2026-09-23,2026-12-18,30784.5,29969.045028362125,FOUND,DEGRADED,SPOT_MONTH_FALLBACK;ESTIMATED_EXPIRY_ALIAS,2026-08-02.2,PUT_CALL_PARITY,SEP26,SEP26=PUT_CALL_PARITY;OCT26=PUT_CALL_PARITY;DEC29=SERIES_FORWARD_CLUSTER;DEC26=SERIES_FORWARD_CLUSTER;NOV26=SERIES_FORWARD_CLUSTER;MAR27=SERIES_FORWARD_CLUSTER;DEC28=PUT_CALL_PARITY;JUN27=PUT_CALL_PARITY;DEC27=PUT_CALL_PARITY;SEP27=SERIES_FORWARD_CLUSTER;JUN29=PUT_CALL_PARITY;DEC30=PUT_CALL_PARITY,SEP26=30784.5;OCT26=30771.875;DEC29=30567.375;DEC26=25293.875;NOV26=31207.875;MAR27=27605.375;JUN27=24447;DEC27=21051.75;SEP27=36072.5,DEC28=GLOBAL_REFERENCE_NO_OBSERVATION;JUN27=GLOBAL_REFERENCE_OUTLIER_SERIES_FORWARD_CLUSTER;DEC27=GLOBAL_REFERENCE_OUTLIER_SERIES_FORWARD_CLUSTER;JUN29=GLOBAL_REFERENCE_NO_OBSERVATION;DEC30=GLOBAL_REFERENCE_NO_OBSERVATION,WEIGHTED_ATM,2026-09-30,6,120,0.0,NONE,5139,4967,0,0,165,NONE,MN1;MN2;MN3;MN4;MN5;QMW;QRW;QTW;QWW,OK,NONE,NONE,2026-09-21
NAS,28150.0,-472837.46859457484,0.04992342644932193,0.0,0.0,0.0,0.0,0.0,0.0,31097.76071498286,30471.23928501714,31411.021429965713,30157.978570034287,DEC26,SEP26,2026-09-23,2026-12-18,30784.5,29969.045028362125,FOUND,DEGRADED,SPOT_MONTH_FALLBACK;ESTIMATED_EXPIRY_ALIAS,2026-08-02.2,PUT_CALL_PARITY,SEP26,SEP26=PUT_CALL_PARITY;OCT26=PUT_CALL_PARITY;DEC29=SERIES_FORWARD_CLUSTER;DEC26=SERIES_FORWARD_CLUSTER;NOV26=SERIES_FORWARD_CLUSTER;MAR27=SERIES_FORWARD_CLUSTER;DEC28=PUT_CALL_PARITY;JUN27=PUT_CALL_PARITY;DEC27=PUT_CALL_PARITY;SEP27=SERIES_FORWARD_CLUSTER;JUN29=PUT_CALL_PARITY;DEC30=PUT_CALL_PARITY,SEP26=30784.5;OCT26=30771.875;DEC29=30567.375;DEC26=25293.875;NOV26=31207.875;MAR27=27605.375;JUN27=24447;DEC27=21051.75;SEP27=36072.5,DEC28=GLOBAL_REFERENCE_NO_OBSERVATION;JUN27=GLOBAL_REFERENCE_OUTLIER_SERIES_FORWARD_CLUSTER;DEC27=GLOBAL_REFERENCE_OUTLIER_SERIES_FORWARD_CLUSTER;JUN29=GLOBAL_REFERENCE_NO_OBSERVATION;DEC30=GLOBAL_REFERENCE_NO_OBSERVATION,WEIGHTED_ATM,2026-09-30,6,120,0.0,NONE,5139,4967,0,0,165,NONE,MN1;MN2;MN3;MN4;MN5;QMW;QRW;QTW;QWW,OK,NONE,NONE,2026-09-21
NAS,28170.0,-3751.5556422175764,0.000396189966632753,0.0,0.0,0.0,0.0,0.0,0.0,31097.76071498286,30471.23928501714,31411.021429965713,30157.978570034287,DEC26,SEP26,2026-09-23,2026-12-18,30784.5,29969.045028362125,FOUND,DEGRADED,SPOT_MONTH_FALLBACK;ESTIMATED_EXPIRY_ALIAS,2026-08-02.2,PUT_CALL_PARITY,SEP26,SEP26=PUT_CALL_PARITY;OCT26=PUT_CALL_PARITY;DEC29=SERIES_FORWARD_CLUSTER;DEC26=SERIES_FORWARD_CLUSTER;NOV26=SERIES_FORWARD_CLUSTER;MAR27=SERIES_FORWARD_CLUSTER;DEC28=PUT_CALL_PARITY;JUN27=PUT_CALL_PARITY;DEC27=PUT_CALL_PARITY;SEP27=SERIES_FORWARD_CLUSTER;JUN29=PUT_CALL_PARITY;DEC30=PUT_CALL_PARITY,SEP26=30784.5;OCT26=30771.875;DEC29=30567.375;DEC26=25293.875;NOV26=31207.875;MAR27=27605.375;JUN27=24447;DEC27=21051.75;SEP27=36072.5,DEC28=GLOBAL_REFERENCE_NO_OBSERVATION;JUN27=GLOBAL_REFERENCE_OUTLIER_SERIES_FORWARD_CLUSTER;DEC27=GLOBAL_REFERENCE_OUTLIER_SERIES_FORWARD_CLUSTER;JUN29=GLOBAL_REFERENCE_NO_OBSERVATION;DEC30=GLOBAL_REFERENCE_NO_OBSERVATION,WEIGHTED_ATM,2026-09-30,6,120,0.0,NONE,5139,4967,0,0,165,NONE,MN1;MN2;MN3;MN4;MN5;QMW;QRW;QTW;QWW,OK,NONE,NONE,2026-09-21
NAS,28200.0,-4677125.739849859,0.5648063255132502,0.0,0.0,0.0,0.0,0.0,0.0,31097.76071498286,30471.23928501714,31411.021429965713,30157.978570034287,DEC26,SEP26,2026-09-23,2026-12-18,30784.5,29969.045028362125,FOUND,DEGRADED,SPOT_MONTH_FALLBACK;ESTIMATED_EXPIRY_ALIAS,2026-08-02.2,PUT_CALL_PARITY,SEP26,SEP26=PUT_CALL_PARITY;OCT26=PUT_CALL_PARITY;DEC29=SERIES_FORWARD_CLUSTER;DEC26=SERIES_FORWARD_CLUSTER;NOV26=SERIES_FORWARD_CLUSTER;MAR27=SERIES_FORWARD_CLUSTER;DEC28=PUT_CALL_PARITY;JUN27=PUT_CALL_PARITY;DEC27=PUT_CALL_PARITY;SEP27=SERIES_FORWARD_CLUSTER;JUN29=PUT_CALL_PARITY;DEC30=PUT_CALL_PARITY,SEP26=30784.5;OCT26=30771.875;DEC29=30567.375;DEC26=25293.875;NOV26=31207.875;MAR27=27605.375;JUN27=24447;DEC27=21051.75;SEP27=36072.5,DEC28=GLOBAL_REFERENCE_NO_OBSERVATION;JUN27=GLOBAL_REFERENCE_OUTLIER_SERIES_FORWARD_CLUSTER;DEC27=GLOBAL_REFERENCE_OUTLIER_SERIES_FORWARD_CLUSTER;JUN29=GLOBAL_REFERENCE_NO_OBSERVATION;DEC30=GLOBAL_REFERENCE_NO_OBSERVATION,WEIGHTED_ATM,2026-09-30,6,120,0.0,NONE,5139,4967,0,0,165,NONE,MN1;MN2;MN3;MN4;MN5;QMW;QRW;QTW;QWW,OK,NONE,NONE,2026-09-21
NAS,28225.0,-156458.90689469327,0.016509582214687117,0.0,0.0,0.0,0.0,0.0,0.0,31097.76071498286,30471.23928501714,31411.021429965713,30157.978570034287,DEC26,SEP26,2026-09-23,2026-12-18,30784.5,29969.045028362125,FOUND,DEGRADED,SPOT_MONTH_FALLBACK;ESTIMATED_EXPIRY_ALIAS,2026-08-02.2,PUT_CALL_PARITY,SEP26,SEP26=PUT_CALL_PARITY;OCT26=PUT_CALL_PARITY;DEC29=SERIES_FORWARD_CLUSTER;DEC26=SERIES_FORWARD_CLUSTER;NOV26=SERIES_FORWARD_CLUSTER;MAR27=SERIES_FORWARD_CLUSTER;DEC28=PUT_CALL_PARITY;JUN27=PUT_CALL_PARITY;DEC27=PUT_CALL_PARITY;SEP27=SERIES_FORWARD_CLUSTER;JUN29=PUT_CALL_PARITY;DEC30=PUT_CALL_PARITY,SEP26=30784.5;OCT26=30771.875;DEC29=30567.375;DEC26=25293.875;NOV26=31207.875;MAR27=27605.375;JUN27=24447;DEC27=21051.75;SEP27=36072.5,DEC28=GLOBAL_REFERENCE_NO_OBSERVATION;JUN27=GLOBAL_REFERENCE_OUTLIER_SERIES_FORWARD_CLUSTER;DEC27=GLOBAL_REFERENCE_OUTLIER_SERIES_FORWARD_CLUSTER;JUN29=GLOBAL_REFERENCE_NO_OBSERVATION;DEC30=GLOBAL_REFERENCE_NO_OBSERVATION,WEIGHTED_ATM,2026-09-30,6,120,0.0,NONE,5139,4967,0,0,165,NONE,MN1;MN2;MN3;MN4;MN5;QMW;QRW;QTW;QWW,OK,NONE,NONE,2026-09-21
NAS,28250.0,-10258620.161949733,1.3034853020188732,0.0,0.0,0.0,0.0,0.0,0.0,31097.76071498286,30471.23928501714,31411.021429965713,30157.978570034287,DEC26,SEP26,2026-09-23,2026-12-18,30784.5,29969.045028362125,FOUND,DEGRADED,SPOT_MONTH_FALLBACK;ESTIMATED_EXPIRY_ALIAS,2026-08-02.2,PUT_CALL_PARITY,SEP26,SEP26=PUT_CALL_PARITY;OCT26=PUT_CALL_PARITY;DEC29=SERIES_FORWARD_CLUSTER;DEC26=SERIES_FORWARD_CLUSTER;NOV26=SERIES_FORWARD_CLUSTER;MAR27=SERIES_FORWARD_CLUSTER;DEC28=PUT_CALL_PARITY;JUN27=PUT_CALL_PARITY;DEC27=PUT_CALL_PARITY;SEP27=SERIES_FORWARD_CLUSTER;JUN29=PUT_CALL_PARITY;DEC30=PUT_CALL_PARITY,SEP26=30784.5;OCT26=30771.875;DEC29=30567.375;DEC26=25293.875;NOV26=31207.875;MAR27=27605.375;JUN27=24447;DEC27=21051.75;SEP27=36072.5,DEC28=GLOBAL_REFERENCE_NO_OBSERVATION;JUN27=GLOBAL_REFERENCE_OUTLIER_SERIES_FORWARD_CLUSTER;DEC27=GLOBAL_REFERENCE_OUTLIER_SERIES_FORWARD_CLUSTER;JUN29=GLOBAL_REFERENCE_NO_OBSERVATION;DEC30=GLOBAL_REFERENCE_NO_OBSERVATION,WEIGHTED_ATM,2026-09-30,6,120,0.0,NONE,5139,4967,0,0,165,NONE,MN1;MN2;MN3;MN4;MN5;QMW;QRW;QTW;QWW,OK,NONE,NONE,2026-09-21
NAS,28275.0,-71202.60992870253,0.007513316856479218,0.0,0.0,0.0,0.0,0.0,0.0,31097.76071498286,30471.23928501714,31411.021429965713,30157.978570034287,DEC26,SEP26,2026-09-23,2026-12-18,30784.5,29969.045028362125,FOUND,DEGRADED,SPOT_MONTH_FALLBACK;ESTIMATED_EXPIRY_ALIAS,2026-08-02.2,PUT_CALL_PARITY,SEP26,SEP26=PUT_CALL_PARITY;OCT26=PUT_CALL_PARITY;DEC29=SERIES_FORWARD_CLUSTER;DEC26=SERIES_FORWARD_CLUSTER;NOV26=SERIES_FORWARD_CLUSTER;MAR27=SERIES_FORWARD_CLUSTER;DEC28=PUT_CALL_PARITY;JUN27=PUT_CALL_PARITY;DEC27=PUT_CALL_PARITY;SEP27=SERIES_FORWARD_CLUSTER;JUN29=PUT_CALL_PARITY;DEC30=PUT_CALL_PARITY,SEP26=30784.5;OCT26=30771.875;DEC29=30567.375;DEC26=25293.875;NOV26=31207.875;MAR27=27605.375;JUN27=24447;DEC27=21051.75;SEP27=36072.5,DEC28=GLOBAL_REFERENCE_NO_OBSERVATION;JUN27=GLOBAL_REFERENCE_OUTLIER_SERIES_FORWARD_CLUSTER;DEC27=GLOBAL_REFERENCE_OUTLIER_SERIES_FORWARD_CLUSTER;JUN29=GLOBAL_REFERENCE_NO_OBSERVATION;DEC30=GLOBAL_REFERENCE_NO_OBSERVATION,WEIGHTED_ATM,2026-09-30,6,120,0.0,NONE,5139,4967,0,0,165,NONE,MN1;MN2;MN3;MN4;MN5;QMW;QRW;QTW;QWW,OK,NONE,NONE,2026-09-21
NAS,28280.0,0.0,0.0,0.0,0.0,0.0,0.0,0.0,0.0,31097.76071498286,30471.23928501714,31411.021429965713,30157.978570034287,DEC26,SEP26,2026-09-23,2026-12-18,30784.5,29969.045028362125,FOUND,DEGRADED,SPOT_MONTH_FALLBACK;ESTIMATED_EXPIRY_ALIAS,2026-08-02.2,PUT_CALL_PARITY,SEP26,SEP26=PUT_CALL_PARITY;OCT26=PUT_CALL_PARITY;DEC29=SERIES_FORWARD_CLUSTER;DEC26=SERIES_FORWARD_CLUSTER;NOV26=SERIES_FORWARD_CLUSTER;MAR27=SERIES_FORWARD_CLUSTER;DEC28=PUT_CALL_PARITY;JUN27=PUT_CALL_PARITY;DEC27=PUT_CALL_PARITY;SEP27=SERIES_FORWARD_CLUSTER;JUN29=PUT_CALL_PARITY;DEC30=PUT_CALL_PARITY,SEP26=30784.5;OCT26=30771.875;DEC29=30567.375;DEC26=25293.875;NOV26=31207.875;MAR27=27605.375;JUN27=24447;DEC27=21051.75;SEP27=36072.5,DEC28=GLOBAL_REFERENCE_NO_OBSERVATION;JUN27=GLOBAL_REFERENCE_OUTLIER_SERIES_FORWARD_CLUSTER;DEC27=GLOBAL_REFERENCE_OUTLIER_SERIES_FORWARD_CLUSTER;JUN29=GLOBAL_REFERENCE_NO_OBSERVATION;DEC30=GLOBAL_REFERENCE_NO_OBSERVATION,WEIGHTED_ATM,2026-09-30,6,120,0.0,NONE,5139,4967,0,0,165,NONE,MN1;MN2;MN3;MN4;MN5;QMW;QRW;QTW;QWW,OK,NONE,NONE,2026-09-21
NAS,28300.0,-5288643.52447321,0.5842540283558985,0.0,0.0,0.0,0.0,0.0,0.0,31097.76071498286,30471.23928501714,31411.021429965713,30157.978570034287,DEC26,SEP26,2026-09-23,2026-12-18,30784.5,29969.045028362125,FOUND,DEGRADED,SPOT_MONTH_FALLBACK;ESTIMATED_EXPIRY_ALIAS,2026-08-02.2,PUT_CALL_PARITY,SEP26,SEP26=PUT_CALL_PARITY;OCT26=PUT_CALL_PARITY;DEC29=SERIES_FORWARD_CLUSTER;DEC26=SERIES_FORWARD_CLUSTER;NOV26=SERIES_FORWARD_CLUSTER;MAR27=SERIES_FORWARD_CLUSTER;DEC28=PUT_CALL_PARITY;JUN27=PUT_CALL_PARITY;DEC27=PUT_CALL_PARITY;SEP27=SERIES_FORWARD_CLUSTER;JUN29=PUT_CALL_PARITY;DEC30=PUT_CALL_PARITY,SEP26=30784.5;OCT26=30771.875;DEC29=30567.375;DEC26=25293.875;NOV26=31207.875;MAR27=27605.375;JUN27=24447;DEC27=21051.75;SEP27=36072.5,DEC28=GLOBAL_REFERENCE_NO_OBSERVATION;JUN27=GLOBAL_REFERENCE_OUTLIER_SERIES_FORWARD_CLUSTER;DEC27=GLOBAL_REFERENCE_OUTLIER_SERIES_FORWARD_CLUSTER;JUN29=GLOBAL_REFERENCE_NO_OBSERVATION;DEC30=GLOBAL_REFERENCE_NO_OBSERVATION,WEIGHTED_ATM,2026-09-30,6,120,0.0,NONE,5139,4967,0,0,165,NONE,MN1;MN2;MN3;MN4;MN5;QMW;QRW;QTW;QWW,OK,NONE,NONE,2026-09-21
NAS,28310.0,-1460.1370918557604,0.00015420047598164568,0.0,0.0,0.0,0.0,0.0,0.0,31097.76071498286,30471.23928501714,31411.021429965713,30157.978570034287,DEC26,SEP26,2026-09-23,2026-12-18,30784.5,29969.045028362125,FOUND,DEGRADED,SPOT_MONTH_FALLBACK;ESTIMATED_EXPIRY_ALIAS,2026-08-02.2,PUT_CALL_PARITY,SEP26,SEP26=PUT_CALL_PARITY;OCT26=PUT_CALL_PARITY;DEC29=SERIES_FORWARD_CLUSTER;DEC26=SERIES_FORWARD_CLUSTER;NOV26=SERIES_FORWARD_CLUSTER;MAR27=SERIES_FORWARD_CLUSTER;DEC28=PUT_CALL_PARITY;JUN27=PUT_CALL_PARITY;DEC27=PUT_CALL_PARITY;SEP27=SERIES_FORWARD_CLUSTER;JUN29=PUT_CALL_PARITY;DEC30=PUT_CALL_PARITY,SEP26=30784.5;OCT26=30771.875;DEC29=30567.375;DEC26=25293.875;NOV26=31207.875;MAR27=27605.375;JUN27=24447;DEC27=21051.75;SEP27=36072.5,DEC28=GLOBAL_REFERENCE_NO_OBSERVATION;JUN27=GLOBAL_REFERENCE_OUTLIER_SERIES_FORWARD_CLUSTER;DEC27=GLOBAL_REFERENCE_OUTLIER_SERIES_FORWARD_CLUSTER;JUN29=GLOBAL_REFERENCE_NO_OBSERVATION;DEC30=GLOBAL_REFERENCE_NO_OBSERVATION,WEIGHTED_ATM,2026-09-30,6,120,0.0,NONE,5139,4967,0,0,165,NONE,MN1;MN2;MN3;MN4;MN5;QMW;QRW;QTW;QWW,OK,NONE,NONE,2026-09-21
NAS,28320.0,-2941.13022547453,0.0003106034927965372,0.0,0.0,0.0,0.0,0.0,0.0,31097.76071498286,30471.23928501714,31411.021429965713,30157.978570034287,DEC26,SEP26,2026-09-23,2026-12-18,30784.5,29969.045028362125,FOUND,DEGRADED,SPOT_MONTH_FALLBACK;ESTIMATED_EXPIRY_ALIAS,2026-08-02.2,PUT_CALL_PARITY,SEP26,SEP26=PUT_CALL_PARITY;OCT26=PUT_CALL_PARITY;DEC29=SERIES_FORWARD_CLUSTER;DEC26=SERIES_FORWARD_CLUSTER;NOV26=SERIES_FORWARD_CLUSTER;MAR27=SERIES_FORWARD_CLUSTER;DEC28=PUT_CALL_PARITY;JUN27=PUT_CALL_PARITY;DEC27=PUT_CALL_PARITY;SEP27=SERIES_FORWARD_CLUSTER;JUN29=PUT_CALL_PARITY;DEC30=PUT_CALL_PARITY,SEP26=30784.5;OCT26=30771.875;DEC29=30567.375;DEC26=25293.875;NOV26=31207.875;MAR27=27605.375;JUN27=24447;DEC27=21051.75;SEP27=36072.5,DEC28=GLOBAL_REFERENCE_NO_OBSERVATION;JUN27=GLOBAL_REFERENCE_OUTLIER_SERIES_FORWARD_CLUSTER;DEC27=GLOBAL_REFERENCE_OUTLIER_SERIES_FORWARD_CLUSTER;JUN29=GLOBAL_REFERENCE_NO_OBSERVATION;DEC30=GLOBAL_REFERENCE_NO_OBSERVATION,WEIGHTED_ATM,2026-09-30,6,120,0.0,NONE,5139,4967,0,0,165,NONE,MN1;MN2;MN3;MN4;MN5;QMW;QRW;QTW;QWW,OK,NONE,NONE,2026-09-21
NAS,28325.0,-62427.07621884301,0.006588396926782862,0.0,0.0,0.0,0.0,0.0,0.0,31097.76071498286,30471.23928501714,31411.021429965713,30157.978570034287,DEC26,SEP26,2026-09-23,2026-12-18,30784.5,29969.045028362125,FOUND,DEGRADED,SPOT_MONTH_FALLBACK;ESTIMATED_EXPIRY_ALIAS,2026-08-02.2,PUT_CALL_PARITY,SEP26,SEP26=PUT_CALL_PARITY;OCT26=PUT_CALL_PARITY;DEC29=SERIES_FORWARD_CLUSTER;DEC26=SERIES_FORWARD_CLUSTER;NOV26=SERIES_FORWARD_CLUSTER;MAR27=SERIES_FORWARD_CLUSTER;DEC28=PUT_CALL_PARITY;JUN27=PUT_CALL_PARITY;DEC27=PUT_CALL_PARITY;SEP27=SERIES_FORWARD_CLUSTER;JUN29=PUT_CALL_PARITY;DEC30=PUT_CALL_PARITY,SEP26=30784.5;OCT26=30771.875;DEC29=30567.375;DEC26=25293.875;NOV26=31207.875;MAR27=27605.375;JUN27=24447;DEC27=21051.75;SEP27=36072.5,DEC28=GLOBAL_REFERENCE_NO_OBSERVATION;JUN27=GLOBAL_REFERENCE_OUTLIER_SERIES_FORWARD_CLUSTER;DEC27=GLOBAL_REFERENCE_OUTLIER_SERIES_FORWARD_CLUSTER;JUN29=GLOBAL_REFERENCE_NO_OBSERVATION;DEC30=GLOBAL_REFERENCE_NO_OBSERVATION,WEIGHTED_ATM,2026-09-30,6,120,0.0,NONE,5139,4967,0,0,165,NONE,MN1;MN2;MN3;MN4;MN5;QMW;QRW;QTW;QWW,OK,NONE,NONE,2026-09-21
NAS,28330.0,0.0,0.0,0.0,0.0,0.0,0.0,0.0,0.0,31097.76071498286,30471.23928501714,31411.021429965713,30157.978570034287,DEC26,SEP26,2026-09-23,2026-12-18,30784.5,29969.045028362125,FOUND,DEGRADED,SPOT_MONTH_FALLBACK;ESTIMATED_EXPIRY_ALIAS,2026-08-02.2,PUT_CALL_PARITY,SEP26,SEP26=PUT_CALL_PARITY;OCT26=PUT_CALL_PARITY;DEC29=SERIES_FORWARD_CLUSTER;DEC26=SERIES_FORWARD_CLUSTER;NOV26=SERIES_FORWARD_CLUSTER;MAR27=SERIES_FORWARD_CLUSTER;DEC28=PUT_CALL_PARITY;JUN27=PUT_CALL_PARITY;DEC27=PUT_CALL_PARITY;SEP27=SERIES_FORWARD_CLUSTER;JUN29=PUT_CALL_PARITY;DEC30=PUT_CALL_PARITY,SEP26=30784.5;OCT26=30771.875;DEC29=30567.375;DEC26=25293.875;NOV26=31207.875;MAR27=27605.375;JUN27=24447;DEC27=21051.75;SEP27=36072.5,DEC28=GLOBAL_REFERENCE_NO_OBSERVATION;JUN27=GLOBAL_REFERENCE_OUTLIER_SERIES_FORWARD_CLUSTER;DEC27=GLOBAL_REFERENCE_OUTLIER_SERIES_FORWARD_CLUSTER;JUN29=GLOBAL_REFERENCE_NO_OBSERVATION;DEC30=GLOBAL_REFERENCE_NO_OBSERVATION,WEIGHTED_ATM,2026-09-30,6,120,0.0,NONE,5139,4967,0,0,165,NONE,MN1;MN2;MN3;MN4;MN5;QMW;QRW;QTW;QWW,OK,NONE,NONE,2026-09-21
NAS,28350.0,-1066011.0424323345,0.1143991290526413,0.0,0.0,0.0,0.0,0.0,0.0,31097.76071498286,30471.23928501714,31411.021429965713,30157.978570034287,DEC26,SEP26,2026-09-23,2026-12-18,30784.5,29969.045028362125,FOUND,DEGRADED,SPOT_MONTH_FALLBACK;ESTIMATED_EXPIRY_ALIAS,2026-08-02.2,PUT_CALL_PARITY,SEP26,SEP26=PUT_CALL_PARITY;OCT26=PUT_CALL_PARITY;DEC29=SERIES_FORWARD_CLUSTER;DEC26=SERIES_FORWARD_CLUSTER;NOV26=SERIES_FORWARD_CLUSTER;MAR27=SERIES_FORWARD_CLUSTER;DEC28=PUT_CALL_PARITY;JUN27=PUT_CALL_PARITY;DEC27=PUT_CALL_PARITY;SEP27=SERIES_FORWARD_CLUSTER;JUN29=PUT_CALL_PARITY;DEC30=PUT_CALL_PARITY,SEP26=30784.5;OCT26=30771.875;DEC29=30567.375;DEC26=25293.875;NOV26=31207.875;MAR27=27605.375;JUN27=24447;DEC27=21051.75;SEP27=36072.5,DEC28=GLOBAL_REFERENCE_NO_OBSERVATION;JUN27=GLOBAL_REFERENCE_OUTLIER_SERIES_FORWARD_CLUSTER;DEC27=GLOBAL_REFERENCE_OUTLIER_SERIES_FORWARD_CLUSTER;JUN29=GLOBAL_REFERENCE_NO_OBSERVATION;DEC30=GLOBAL_REFERENCE_NO_OBSERVATION,WEIGHTED_ATM,2026-09-30,6,120,0.0,NONE,5139,4967,0,0,165,NONE,MN1;MN2;MN3;MN4;MN5;QMW;QRW;QTW;QWW,OK,NONE,NONE,2026-09-21
NAS,28360.0,0.0,0.0,0.0,0.0,0.0,0.0,0.0,0.0,31097.76071498286,30471.23928501714,31411.021429965713,30157.978570034287,DEC26,SEP26,2026-09-23,2026-12-18,30784.5,29969.045028362125,FOUND,DEGRADED,SPOT_MONTH_FALLBACK;ESTIMATED_EXPIRY_ALIAS,2026-08-02.2,PUT_CALL_PARITY,SEP26,SEP26=PUT_CALL_PARITY;OCT26=PUT_CALL_PARITY;DEC29=SERIES_FORWARD_CLUSTER;DEC26=SERIES_FORWARD_CLUSTER;NOV26=SERIES_FORWARD_CLUSTER;MAR27=SERIES_FORWARD_CLUSTER;DEC28=PUT_CALL_PARITY;JUN27=PUT_CALL_PARITY;DEC27=PUT_CALL_PARITY;SEP27=SERIES_FORWARD_CLUSTER;JUN29=PUT_CALL_PARITY;DEC30=PUT_CALL_PARITY,SEP26=30784.5;OCT26=30771.875;DEC29=30567.375;DEC26=25293.875;NOV26=31207.875;MAR27=27605.375;JUN27=24447;DEC27=21051.75;SEP27=36072.5,DEC28=GLOBAL_REFERENCE_NO_OBSERVATION;JUN27=GLOBAL_REFERENCE_OUTLIER_SERIES_FORWARD_CLUSTER;DEC27=GLOBAL_REFERENCE_OUTLIER_SERIES_FORWARD_CLUSTER;JUN29=GLOBAL_REFERENCE_NO_OBSERVATION;DEC30=GLOBAL_REFERENCE_NO_OBSERVATION,WEIGHTED_ATM,2026-09-30,6,120,0.0,NONE,5139,4967,0,0,165,NONE,MN1;MN2;MN3;MN4;MN5;QMW;QRW;QTW;QWW,OK,NONE,NONE,2026-09-21
NAS,28370.0,-3214.225086219526,0.0003394441802565744,0.0,0.0,0.0,0.0,0.0,0.0,31097.76071498286,30471.23928501714,31411.021429965713,30157.978570034287,DEC26,SEP26,2026-09-23,2026-12-18,30784.5,29969.045028362125,FOUND,DEGRADED,SPOT_MONTH_FALLBACK;ESTIMATED_EXPIRY_ALIAS,2026-08-02.2,PUT_CALL_PARITY,SEP26,SEP26=PUT_CALL_PARITY;OCT26=PUT_CALL_PARITY;DEC29=SERIES_FORWARD_CLUSTER;DEC26=SERIES_FORWARD_CLUSTER;NOV26=SERIES_FORWARD_CLUSTER;MAR27=SERIES_FORWARD_CLUSTER;DEC28=PUT_CALL_PARITY;JUN27=PUT_CALL_PARITY;DEC27=PUT_CALL_PARITY;SEP27=SERIES_FORWARD_CLUSTER;JUN29=PUT_CALL_PARITY;DEC30=PUT_CALL_PARITY,SEP26=30784.5;OCT26=30771.875;DEC29=30567.375;DEC26=25293.875;NOV26=31207.875;MAR27=27605.375;JUN27=24447;DEC27=21051.75;SEP27=36072.5,DEC28=GLOBAL_REFERENCE_NO_OBSERVATION;JUN27=GLOBAL_REFERENCE_OUTLIER_SERIES_FORWARD_CLUSTER;DEC27=GLOBAL_REFERENCE_OUTLIER_SERIES_FORWARD_CLUSTER;JUN29=GLOBAL_REFERENCE_NO_OBSERVATION;DEC30=GLOBAL_REFERENCE_NO_OBSERVATION,WEIGHTED_ATM,2026-09-30,6,120,0.0,NONE,5139,4967,0,0,165,NONE,MN1;MN2;MN3;MN4;MN5;QMW;QRW;QTW;QWW,OK,NONE,NONE,2026-09-21
NAS,28375.0,-101212.55647936842,0.01068180599833452,0.0,0.0,0.0,0.0,0.0,0.0,31097.76071498286,30471.23928501714,31411.021429965713,30157.978570034287,DEC26,SEP26,2026-09-23,2026-12-18,30784.5,29969.045028362125,FOUND,DEGRADED,SPOT_MONTH_FALLBACK;ESTIMATED_EXPIRY_ALIAS,2026-08-02.2,PUT_CALL_PARITY,SEP26,SEP26=PUT_CALL_PARITY;OCT26=PUT_CALL_PARITY;DEC29=SERIES_FORWARD_CLUSTER;DEC26=SERIES_FORWARD_CLUSTER;NOV26=SERIES_FORWARD_CLUSTER;MAR27=SERIES_FORWARD_CLUSTER;DEC28=PUT_CALL_PARITY;JUN27=PUT_CALL_PARITY;DEC27=PUT_CALL_PARITY;SEP27=SERIES_FORWARD_CLUSTER;JUN29=PUT_CALL_PARITY;DEC30=PUT_CALL_PARITY,SEP26=30784.5;OCT26=30771.875;DEC29=30567.375;DEC26=25293.875;NOV26=31207.875;MAR27=27605.375;JUN27=24447;DEC27=21051.75;SEP27=36072.5,DEC28=GLOBAL_REFERENCE_NO_OBSERVATION;JUN27=GLOBAL_REFERENCE_OUTLIER_SERIES_FORWARD_CLUSTER;DEC27=GLOBAL_REFERENCE_OUTLIER_SERIES_FORWARD_CLUSTER;JUN29=GLOBAL_REFERENCE_NO_OBSERVATION;DEC30=GLOBAL_REFERENCE_NO_OBSERVATION,WEIGHTED_ATM,2026-09-30,6,120,0.0,NONE,5139,4967,0,0,165,NONE,MN1;MN2;MN3;MN4;MN5;QMW;QRW;QTW;QWW,OK,NONE,NONE,2026-09-21
NAS,28400.0,-4578749.259023048,0.8643118025297346,0.0,0.0,0.0,0.0,0.0,0.0,31097.76071498286,30471.23928501714,31411.021429965713,30157.978570034287,DEC26,SEP26,2026-09-23,2026-12-18,30784.5,29969.045028362125,FOUND,DEGRADED,SPOT_MONTH_FALLBACK;ESTIMATED_EXPIRY_ALIAS,2026-08-02.2,PUT_CALL_PARITY,SEP26,SEP26=PUT_CALL_PARITY;OCT26=PUT_CALL_PARITY;DEC29=SERIES_FORWARD_CLUSTER;DEC26=SERIES_FORWARD_CLUSTER;NOV26=SERIES_FORWARD_CLUSTER;MAR27=SERIES_FORWARD_CLUSTER;DEC28=PUT_CALL_PARITY;JUN27=PUT_CALL_PARITY;DEC27=PUT_CALL_PARITY;SEP27=SERIES_FORWARD_CLUSTER;JUN29=PUT_CALL_PARITY;DEC30=PUT_CALL_PARITY,SEP26=30784.5;OCT26=30771.875;DEC29=30567.375;DEC26=25293.875;NOV26=31207.875;MAR27=27605.375;JUN27=24447;DEC27=21051.75;SEP27=36072.5,DEC28=GLOBAL_REFERENCE_NO_OBSERVATION;JUN27=GLOBAL_REFERENCE_OUTLIER_SERIES_FORWARD_CLUSTER;DEC27=GLOBAL_REFERENCE_OUTLIER_SERIES_FORWARD_CLUSTER;JUN29=GLOBAL_REFERENCE_NO_OBSERVATION;DEC30=GLOBAL_REFERENCE_NO_OBSERVATION,WEIGHTED_ATM,2026-09-30,6,120,0.0,NONE,5139,4967,0,0,165,NONE,MN1;MN2;MN3;MN4;MN5;QMW;QRW;QTW;QWW,OK,NONE,NONE,2026-09-21
NAS,28425.0,-69066.19315408567,0.0072890740917776605,0.0,0.0,0.0,0.0,0.0,0.0,31097.76071498286,30471.23928501714,31411.021429965713,30157.978570034287,DEC26,SEP26,2026-09-23,2026-12-18,30784.5,29969.045028362125,FOUND,DEGRADED,SPOT_MONTH_FALLBACK;ESTIMATED_EXPIRY_ALIAS,2026-08-02.2,PUT_CALL_PARITY,SEP26,SEP26=PUT_CALL_PARITY;OCT26=PUT_CALL_PARITY;DEC29=SERIES_FORWARD_CLUSTER;DEC26=SERIES_FORWARD_CLUSTER;NOV26=SERIES_FORWARD_CLUSTER;MAR27=SERIES_FORWARD_CLUSTER;DEC28=PUT_CALL_PARITY;JUN27=PUT_CALL_PARITY;DEC27=PUT_CALL_PARITY;SEP27=SERIES_FORWARD_CLUSTER;JUN29=PUT_CALL_PARITY;DEC30=PUT_CALL_PARITY,SEP26=30784.5;OCT26=30771.875;DEC29=30567.375;DEC26=25293.875;NOV26=31207.875;MAR27=27605.375;JUN27=24447;DEC27=21051.75;SEP27=36072.5,DEC28=GLOBAL_REFERENCE_NO_OBSERVATION;JUN27=GLOBAL_REFERENCE_OUTLIER_SERIES_FORWARD_CLUSTER;DEC27=GLOBAL_REFERENCE_OUTLIER_SERIES_FORWARD_CLUSTER;JUN29=GLOBAL_REFERENCE_NO_OBSERVATION;DEC30=GLOBAL_REFERENCE_NO_OBSERVATION,WEIGHTED_ATM,2026-09-30,6,120,0.0,NONE,5139,4967,0,0,165,NONE,MN1;MN2;MN3;MN4;MN5;QMW;QRW;QTW;QWW,OK,NONE,NONE,2026-09-21
NAS,28430.0,-10383.278641917164,0.0010956461079720764,0.0,0.0,0.0,0.0,0.0,0.0,31097.76071498286,30471.23928501714,31411.021429965713,30157.978570034287,DEC26,SEP26,2026-09-23,2026-12-18,30784.5,29969.045028362125,FOUND,DEGRADED,SPOT_MONTH_FALLBACK;ESTIMATED_EXPIRY_ALIAS,2026-08-02.2,PUT_CALL_PARITY,SEP26,SEP26=PUT_CALL_PARITY;OCT26=PUT_CALL_PARITY;DEC29=SERIES_FORWARD_CLUSTER;DEC26=SERIES_FORWARD_CLUSTER;NOV26=SERIES_FORWARD_CLUSTER;MAR27=SERIES_FORWARD_CLUSTER;DEC28=PUT_CALL_PARITY;JUN27=PUT_CALL_PARITY;DEC27=PUT_CALL_PARITY;SEP27=SERIES_FORWARD_CLUSTER;JUN29=PUT_CALL_PARITY;DEC30=PUT_CALL_PARITY,SEP26=30784.5;OCT26=30771.875;DEC29=30567.375;DEC26=25293.875;NOV26=31207.875;MAR27=27605.375;JUN27=24447;DEC27=21051.75;SEP27=36072.5,DEC28=GLOBAL_REFERENCE_NO_OBSERVATION;JUN27=GLOBAL_REFERENCE_OUTLIER_SERIES_FORWARD_CLUSTER;DEC27=GLOBAL_REFERENCE_OUTLIER_SERIES_FORWARD_CLUSTER;JUN29=GLOBAL_REFERENCE_NO_OBSERVATION;DEC30=GLOBAL_REFERENCE_NO_OBSERVATION,WEIGHTED_ATM,2026-09-30,6,120,0.0,NONE,5139,4967,0,0,165,NONE,MN1;MN2;MN3;MN4;MN5;QMW;QRW;QTW;QWW,OK,NONE,NONE,2026-09-21
NAS,28440.0,-35531.358411923735,0.003752354768571503,0.0,0.0,0.0,0.0,0.0,0.0,31097.76071498286,30471.23928501714,31411.021429965713,30157.978570034287,DEC26,SEP26,2026-09-23,2026-12-18,30784.5,29969.045028362125,FOUND,DEGRADED,SPOT_MONTH_FALLBACK;ESTIMATED_EXPIRY_ALIAS,2026-08-02.2,PUT_CALL_PARITY,SEP26,SEP26=PUT_CALL_PARITY;OCT26=PUT_CALL_PARITY;DEC29=SERIES_FORWARD_CLUSTER;DEC26=SERIES_FORWARD_CLUSTER;NOV26=SERIES_FORWARD_CLUSTER;MAR27=SERIES_FORWARD_CLUSTER;DEC28=PUT_CALL_PARITY;JUN27=PUT_CALL_PARITY;DEC27=PUT_CALL_PARITY;SEP27=SERIES_FORWARD_CLUSTER;JUN29=PUT_CALL_PARITY;DEC30=PUT_CALL_PARITY,SEP26=30784.5;OCT26=30771.875;DEC29=30567.375;DEC26=25293.875;NOV26=31207.875;MAR27=27605.375;JUN27=24447;DEC27=21051.75;SEP27=36072.5,DEC28=GLOBAL_REFERENCE_NO_OBSERVATION;JUN27=GLOBAL_REFERENCE_OUTLIER_SERIES_FORWARD_CLUSTER;DEC27=GLOBAL_REFERENCE_OUTLIER_SERIES_FORWARD_CLUSTER;JUN29=GLOBAL_REFERENCE_NO_OBSERVATION;DEC30=GLOBAL_REFERENCE_NO_OBSERVATION,WEIGHTED_ATM,2026-09-30,6,120,0.0,NONE,5139,4967,0,0,165,NONE,MN1;MN2;MN3;MN4;MN5;QMW;QRW;QTW;QWW,OK,NONE,NONE,2026-09-21
NAS,28450.0,-909140.6932801357,0.09598347515693834,0.0,0.0,0.0,0.0,0.0,0.0,31097.76071498286,30471.23928501714,31411.021429965713,30157.978570034287,DEC26,SEP26,2026-09-23,2026-12-18,30784.5,29969.045028362125,FOUND,DEGRADED,SPOT_MONTH_FALLBACK;ESTIMATED_EXPIRY_ALIAS,2026-08-02.2,PUT_CALL_PARITY,SEP26,SEP26=PUT_CALL_PARITY;OCT26=PUT_CALL_PARITY;DEC29=SERIES_FORWARD_CLUSTER;DEC26=SERIES_FORWARD_CLUSTER;NOV26=SERIES_FORWARD_CLUSTER;MAR27=SERIES_FORWARD_CLUSTER;DEC28=PUT_CALL_PARITY;JUN27=PUT_CALL_PARITY;DEC27=PUT_CALL_PARITY;SEP27=SERIES_FORWARD_CLUSTER;JUN29=PUT_CALL_PARITY;DEC30=PUT_CALL_PARITY,SEP26=30784.5;OCT26=30771.875;DEC29=30567.375;DEC26=25293.875;NOV26=31207.875;MAR27=27605.375;JUN27=24447;DEC27=21051.75;SEP27=36072.5,DEC28=GLOBAL_REFERENCE_NO_OBSERVATION;JUN27=GLOBAL_REFERENCE_OUTLIER_SERIES_FORWARD_CLUSTER;DEC27=GLOBAL_REFERENCE_OUTLIER_SERIES_FORWARD_CLUSTER;JUN29=GLOBAL_REFERENCE_NO_OBSERVATION;DEC30=GLOBAL_REFERENCE_NO_OBSERVATION,WEIGHTED_ATM,2026-09-30,6,120,0.0,NONE,5139,4967,0,0,165,NONE,MN1;MN2;MN3;MN4;MN5;QMW;QRW;QTW;QWW,OK,NONE,NONE,2026-09-21
NAS,28470.0,-3255.085685472657,0.0003434774395831135,0.0,0.0,0.0,0.0,0.0,0.0,31097.76071498286,30471.23928501714,31411.021429965713,30157.978570034287,DEC26,SEP26,2026-09-23,2026-12-18,30784.5,29969.045028362125,FOUND,DEGRADED,SPOT_MONTH_FALLBACK;ESTIMATED_EXPIRY_ALIAS,2026-08-02.2,PUT_CALL_PARITY,SEP26,SEP26=PUT_CALL_PARITY;OCT26=PUT_CALL_PARITY;DEC29=SERIES_FORWARD_CLUSTER;DEC26=SERIES_FORWARD_CLUSTER;NOV26=SERIES_FORWARD_CLUSTER;MAR27=SERIES_FORWARD_CLUSTER;DEC28=PUT_CALL_PARITY;JUN27=PUT_CALL_PARITY;DEC27=PUT_CALL_PARITY;SEP27=SERIES_FORWARD_CLUSTER;JUN29=PUT_CALL_PARITY;DEC30=PUT_CALL_PARITY,SEP26=30784.5;OCT26=30771.875;DEC29=30567.375;DEC26=25293.875;NOV26=31207.875;MAR27=27605.375;JUN27=24447;DEC27=21051.75;SEP27=36072.5,DEC28=GLOBAL_REFERENCE_NO_OBSERVATION;JUN27=GLOBAL_REFERENCE_OUTLIER_SERIES_FORWARD_CLUSTER;DEC27=GLOBAL_REFERENCE_OUTLIER_SERIES_FORWARD_CLUSTER;JUN29=GLOBAL_REFERENCE_NO_OBSERVATION;DEC30=GLOBAL_REFERENCE_NO_OBSERVATION,WEIGHTED_ATM,2026-09-30,6,120,0.0,NONE,5139,4967,0,0,165,NONE,MN1;MN2;MN3;MN4;MN5;QMW;QRW;QTW;QWW,OK,NONE,NONE,2026-09-21
NAS,28475.0,-117850.3397215438,0.012439143874255194,0.0,0.0,0.0,0.0,0.0,0.0,31097.76071498286,30471.23928501714,31411.021429965713,30157.978570034287,DEC26,SEP26,2026-09-23,2026-12-18,30784.5,29969.045028362125,FOUND,DEGRADED,SPOT_MONTH_FALLBACK;ESTIMATED_EXPIRY_ALIAS,2026-08-02.2,PUT_CALL_PARITY,SEP26,SEP26=PUT_CALL_PARITY;OCT26=PUT_CALL_PARITY;DEC29=SERIES_FORWARD_CLUSTER;DEC26=SERIES_FORWARD_CLUSTER;NOV26=SERIES_FORWARD_CLUSTER;MAR27=SERIES_FORWARD_CLUSTER;DEC28=PUT_CALL_PARITY;JUN27=PUT_CALL_PARITY;DEC27=PUT_CALL_PARITY;SEP27=SERIES_FORWARD_CLUSTER;JUN29=PUT_CALL_PARITY;DEC30=PUT_CALL_PARITY,SEP26=30784.5;OCT26=30771.875;DEC29=30567.375;DEC26=25293.875;NOV26=31207.875;MAR27=27605.375;JUN27=24447;DEC27=21051.75;SEP27=36072.5,DEC28=GLOBAL_REFERENCE_NO_OBSERVATION;JUN27=GLOBAL_REFERENCE_OUTLIER_SERIES_FORWARD_CLUSTER;DEC27=GLOBAL_REFERENCE_OUTLIER_SERIES_FORWARD_CLUSTER;JUN29=GLOBAL_REFERENCE_NO_OBSERVATION;DEC30=GLOBAL_REFERENCE_NO_OBSERVATION,WEIGHTED_ATM,2026-09-30,6,120,0.0,NONE,5139,4967,0,0,165,NONE,MN1;MN2;MN3;MN4;MN5;QMW;QRW;QTW;QWW,OK,NONE,NONE,2026-09-21
NAS,28480.0,-3660.311380995749,0.00038655394780309825,0.0,0.0,0.0,0.0,0.0,0.0,31097.76071498286,30471.23928501714,31411.021429965713,30157.978570034287,DEC26,SEP26,2026-09-23,2026-12-18,30784.5,29969.045028362125,FOUND,DEGRADED,SPOT_MONTH_FALLBACK;ESTIMATED_EXPIRY_ALIAS,2026-08-02.2,PUT_CALL_PARITY,SEP26,SEP26=PUT_CALL_PARITY;OCT26=PUT_CALL_PARITY;DEC29=SERIES_FORWARD_CLUSTER;DEC26=SERIES_FORWARD_CLUSTER;NOV26=SERIES_FORWARD_CLUSTER;MAR27=SERIES_FORWARD_CLUSTER;DEC28=PUT_CALL_PARITY;JUN27=PUT_CALL_PARITY;DEC27=PUT_CALL_PARITY;SEP27=SERIES_FORWARD_CLUSTER;JUN29=PUT_CALL_PARITY;DEC30=PUT_CALL_PARITY,SEP26=30784.5;OCT26=30771.875;DEC29=30567.375;DEC26=25293.875;NOV26=31207.875;MAR27=27605.375;JUN27=24447;DEC27=21051.75;SEP27=36072.5,DEC28=GLOBAL_REFERENCE_NO_OBSERVATION;JUN27=GLOBAL_REFERENCE_OUTLIER_SERIES_FORWARD_CLUSTER;DEC27=GLOBAL_REFERENCE_OUTLIER_SERIES_FORWARD_CLUSTER;JUN29=GLOBAL_REFERENCE_NO_OBSERVATION;DEC30=GLOBAL_REFERENCE_NO_OBSERVATION,WEIGHTED_ATM,2026-09-30,6,120,0.0,NONE,5139,4967,0,0,165,NONE,MN1;MN2;MN3;MN4;MN5;QMW;QRW;QTW;QWW,OK,NONE,NONE,2026-09-21
NAS,28490.0,-16752.28398921942,0.0017677051137136976,0.0,0.0,0.0,0.0,0.0,0.0,31097.76071498286,30471.23928501714,31411.021429965713,30157.978570034287,DEC26,SEP26,2026-09-23,2026-12-18,30784.5,29969.045028362125,FOUND,DEGRADED,SPOT_MONTH_FALLBACK;ESTIMATED_EXPIRY_ALIAS,2026-08-02.2,PUT_CALL_PARITY,SEP26,SEP26=PUT_CALL_PARITY;OCT26=PUT_CALL_PARITY;DEC29=SERIES_FORWARD_CLUSTER;DEC26=SERIES_FORWARD_CLUSTER;NOV26=SERIES_FORWARD_CLUSTER;MAR27=SERIES_FORWARD_CLUSTER;DEC28=PUT_CALL_PARITY;JUN27=PUT_CALL_PARITY;DEC27=PUT_CALL_PARITY;SEP27=SERIES_FORWARD_CLUSTER;JUN29=PUT_CALL_PARITY;DEC30=PUT_CALL_PARITY,SEP26=30784.5;OCT26=30771.875;DEC29=30567.375;DEC26=25293.875;NOV26=31207.875;MAR27=27605.375;JUN27=24447;DEC27=21051.75;SEP27=36072.5,DEC28=GLOBAL_REFERENCE_NO_OBSERVATION;JUN27=GLOBAL_REFERENCE_OUTLIER_SERIES_FORWARD_CLUSTER;DEC27=GLOBAL_REFERENCE_OUTLIER_SERIES_FORWARD_CLUSTER;JUN29=GLOBAL_REFERENCE_NO_OBSERVATION;DEC30=GLOBAL_REFERENCE_NO_OBSERVATION,WEIGHTED_ATM,2026-09-30,6,120,0.0,NONE,5139,4967,0,0,165,NONE,MN1;MN2;MN3;MN4;MN5;QMW;QRW;QTW;QWW,OK,NONE,NONE,2026-09-21
NAS,28500.0,-29833307.394782573,3.3990361775335614,0.0,0.0,0.0,0.0,0.0,0.0,31097.76071498286,30471.23928501714,31411.021429965713,30157.978570034287,DEC26,SEP26,2026-09-23,2026-12-18,30784.5,29969.045028362125,FOUND,DEGRADED,SPOT_MONTH_FALLBACK;ESTIMATED_EXPIRY_ALIAS,2026-08-02.2,PUT_CALL_PARITY,SEP26,SEP26=PUT_CALL_PARITY;OCT26=PUT_CALL_PARITY;DEC29=SERIES_FORWARD_CLUSTER;DEC26=SERIES_FORWARD_CLUSTER;NOV26=SERIES_FORWARD_CLUSTER;MAR27=SERIES_FORWARD_CLUSTER;DEC28=PUT_CALL_PARITY;JUN27=PUT_CALL_PARITY;DEC27=PUT_CALL_PARITY;SEP27=SERIES_FORWARD_CLUSTER;JUN29=PUT_CALL_PARITY;DEC30=PUT_CALL_PARITY,SEP26=30784.5;OCT26=30771.875;DEC29=30567.375;DEC26=25293.875;NOV26=31207.875;MAR27=27605.375;JUN27=24447;DEC27=21051.75;SEP27=36072.5,DEC28=GLOBAL_REFERENCE_NO_OBSERVATION;JUN27=GLOBAL_REFERENCE_OUTLIER_SERIES_FORWARD_CLUSTER;DEC27=GLOBAL_REFERENCE_OUTLIER_SERIES_FORWARD_CLUSTER;JUN29=GLOBAL_REFERENCE_NO_OBSERVATION;DEC30=GLOBAL_REFERENCE_NO_OBSERVATION,WEIGHTED_ATM,2026-09-30,6,120,0.0,NONE,5139,4967,0,0,165,NONE,MN1;MN2;MN3;MN4;MN5;QMW;QRW;QTW;QWW,OK,NONE,NONE,2026-09-21
NAS,28510.0,-7489.510807489723,0.0007909436297634169,0.0,0.0,0.0,0.0,0.0,0.0,31097.76071498286,30471.23928501714,31411.021429965713,30157.978570034287,DEC26,SEP26,2026-09-23,2026-12-18,30784.5,29969.045028362125,FOUND,DEGRADED,SPOT_MONTH_FALLBACK;ESTIMATED_EXPIRY_ALIAS,2026-08-02.2,PUT_CALL_PARITY,SEP26,SEP26=PUT_CALL_PARITY;OCT26=PUT_CALL_PARITY;DEC29=SERIES_FORWARD_CLUSTER;DEC26=SERIES_FORWARD_CLUSTER;NOV26=SERIES_FORWARD_CLUSTER;MAR27=SERIES_FORWARD_CLUSTER;DEC28=PUT_CALL_PARITY;JUN27=PUT_CALL_PARITY;DEC27=PUT_CALL_PARITY;SEP27=SERIES_FORWARD_CLUSTER;JUN29=PUT_CALL_PARITY;DEC30=PUT_CALL_PARITY,SEP26=30784.5;OCT26=30771.875;DEC29=30567.375;DEC26=25293.875;NOV26=31207.875;MAR27=27605.375;JUN27=24447;DEC27=21051.75;SEP27=36072.5,DEC28=GLOBAL_REFERENCE_NO_OBSERVATION;JUN27=GLOBAL_REFERENCE_OUTLIER_SERIES_FORWARD_CLUSTER;DEC27=GLOBAL_REFERENCE_OUTLIER_SERIES_FORWARD_CLUSTER;JUN29=GLOBAL_REFERENCE_NO_OBSERVATION;DEC30=GLOBAL_REFERENCE_NO_OBSERVATION,WEIGHTED_ATM,2026-09-30,6,120,0.0,NONE,5139,4967,0,0,165,NONE,MN1;MN2;MN3;MN4;MN5;QMW;QRW;QTW;QWW,OK,NONE,NONE,2026-09-21
NAS,28520.0,-3740.4358097147983,0.000394691703686834,0.0,0.0,0.0,0.0,0.0,0.0,31097.76071498286,30471.23928501714,31411.021429965713,30157.978570034287,DEC26,SEP26,2026-09-23,2026-12-18,30784.5,29969.045028362125,FOUND,DEGRADED,SPOT_MONTH_FALLBACK;ESTIMATED_EXPIRY_ALIAS,2026-08-02.2,PUT_CALL_PARITY,SEP26,SEP26=PUT_CALL_PARITY;OCT26=PUT_CALL_PARITY;DEC29=SERIES_FORWARD_CLUSTER;DEC26=SERIES_FORWARD_CLUSTER;NOV26=SERIES_FORWARD_CLUSTER;MAR27=SERIES_FORWARD_CLUSTER;DEC28=PUT_CALL_PARITY;JUN27=PUT_CALL_PARITY;DEC27=PUT_CALL_PARITY;SEP27=SERIES_FORWARD_CLUSTER;JUN29=PUT_CALL_PARITY;DEC30=PUT_CALL_PARITY,SEP26=30784.5;OCT26=30771.875;DEC29=30567.375;DEC26=25293.875;NOV26=31207.875;MAR27=27605.375;JUN27=24447;DEC27=21051.75;SEP27=36072.5,DEC28=GLOBAL_REFERENCE_NO_OBSERVATION;JUN27=GLOBAL_REFERENCE_OUTLIER_SERIES_FORWARD_CLUSTER;DEC27=GLOBAL_REFERENCE_OUTLIER_SERIES_FORWARD_CLUSTER;JUN29=GLOBAL_REFERENCE_NO_OBSERVATION;DEC30=GLOBAL_REFERENCE_NO_OBSERVATION,WEIGHTED_ATM,2026-09-30,6,120,0.0,NONE,5139,4967,0,0,165,NONE,MN1;MN2;MN3;MN4;MN5;QMW;QRW;QTW;QWW,OK,NONE,NONE,2026-09-21
NAS,28525.0,-322894.5227572402,0.034075574980981495,0.0,0.0,0.0,0.0,0.0,0.0,31097.76071498286,30471.23928501714,31411.021429965713,30157.978570034287,DEC26,SEP26,2026-09-23,2026-12-18,30784.5,29969.045028362125,FOUND,DEGRADED,SPOT_MONTH_FALLBACK;ESTIMATED_EXPIRY_ALIAS,2026-08-02.2,PUT_CALL_PARITY,SEP26,SEP26=PUT_CALL_PARITY;OCT26=PUT_CALL_PARITY;DEC29=SERIES_FORWARD_CLUSTER;DEC26=SERIES_FORWARD_CLUSTER;NOV26=SERIES_FORWARD_CLUSTER;MAR27=SERIES_FORWARD_CLUSTER;DEC28=PUT_CALL_PARITY;JUN27=PUT_CALL_PARITY;DEC27=PUT_CALL_PARITY;SEP27=SERIES_FORWARD_CLUSTER;JUN29=PUT_CALL_PARITY;DEC30=PUT_CALL_PARITY,SEP26=30784.5;OCT26=30771.875;DEC29=30567.375;DEC26=25293.875;NOV26=31207.875;MAR27=27605.375;JUN27=24447;DEC27=21051.75;SEP27=36072.5,DEC28=GLOBAL_REFERENCE_NO_OBSERVATION;JUN27=GLOBAL_REFERENCE_OUTLIER_SERIES_FORWARD_CLUSTER;DEC27=GLOBAL_REFERENCE_OUTLIER_SERIES_FORWARD_CLUSTER;JUN29=GLOBAL_REFERENCE_NO_OBSERVATION;DEC30=GLOBAL_REFERENCE_NO_OBSERVATION,WEIGHTED_ATM,2026-09-30,6,120,0.0,NONE,5139,4967,0,0,165,NONE,MN1;MN2;MN3;MN4;MN5;QMW;QRW;QTW;QWW,OK,NONE,NONE,2026-09-21
NAS,28540.0,0.0,0.0,0.0,0.0,0.0,0.0,0.0,0.0,31097.76071498286,30471.23928501714,31411.021429965713,30157.978570034287,DEC26,SEP26,2026-09-23,2026-12-18,30784.5,29969.045028362125,FOUND,DEGRADED,SPOT_MONTH_FALLBACK;ESTIMATED_EXPIRY_ALIAS,2026-08-02.2,PUT_CALL_PARITY,SEP26,SEP26=PUT_CALL_PARITY;OCT26=PUT_CALL_PARITY;DEC29=SERIES_FORWARD_CLUSTER;DEC26=SERIES_FORWARD_CLUSTER;NOV26=SERIES_FORWARD_CLUSTER;MAR27=SERIES_FORWARD_CLUSTER;DEC28=PUT_CALL_PARITY;JUN27=PUT_CALL_PARITY;DEC27=PUT_CALL_PARITY;SEP27=SERIES_FORWARD_CLUSTER;JUN29=PUT_CALL_PARITY;DEC30=PUT_CALL_PARITY,SEP26=30784.5;OCT26=30771.875;DEC29=30567.375;DEC26=25293.875;NOV26=31207.875;MAR27=27605.375;JUN27=24447;DEC27=21051.75;SEP27=36072.5,DEC28=GLOBAL_REFERENCE_NO_OBSERVATION;JUN27=GLOBAL_REFERENCE_OUTLIER_SERIES_FORWARD_CLUSTER;DEC27=GLOBAL_REFERENCE_OUTLIER_SERIES_FORWARD_CLUSTER;JUN29=GLOBAL_REFERENCE_NO_OBSERVATION;DEC30=GLOBAL_REFERENCE_NO_OBSERVATION,WEIGHTED_ATM,2026-09-30,6,120,0.0,NONE,5139,4967,0,0,165,NONE,MN1;MN2;MN3;MN4;MN5;QMW;QRW;QTW;QWW,OK,NONE,NONE,2026-09-21
NAS,28550.0,-775129.3814063919,0.08184671870913136,0.0,0.0,0.0,0.0,0.0,0.0,31097.76071498286,30471.23928501714,31411.021429965713,30157.978570034287,DEC26,SEP26,2026-09-23,2026-12-18,30784.5,29969.045028362125,FOUND,DEGRADED,SPOT_MONTH_FALLBACK;ESTIMATED_EXPIRY_ALIAS,2026-08-02.2,PUT_CALL_PARITY,SEP26,SEP26=PUT_CALL_PARITY;OCT26=PUT_CALL_PARITY;DEC29=SERIES_FORWARD_CLUSTER;DEC26=SERIES_FORWARD_CLUSTER;NOV26=SERIES_FORWARD_CLUSTER;MAR27=SERIES_FORWARD_CLUSTER;DEC28=PUT_CALL_PARITY;JUN27=PUT_CALL_PARITY;DEC27=PUT_CALL_PARITY;SEP27=SERIES_FORWARD_CLUSTER;JUN29=PUT_CALL_PARITY;DEC30=PUT_CALL_PARITY,SEP26=30784.5;OCT26=30771.875;DEC29=30567.375;DEC26=25293.875;NOV26=31207.875;MAR27=27605.375;JUN27=24447;DEC27=21051.75;SEP27=36072.5,DEC28=GLOBAL_REFERENCE_NO_OBSERVATION;JUN27=GLOBAL_REFERENCE_OUTLIER_SERIES_FORWARD_CLUSTER;DEC27=GLOBAL_REFERENCE_OUTLIER_SERIES_FORWARD_CLUSTER;JUN29=GLOBAL_REFERENCE_NO_OBSERVATION;DEC30=GLOBAL_REFERENCE_NO_OBSERVATION,WEIGHTED_ATM,2026-09-30,6,120,0.0,NONE,5139,4967,0,0,165,NONE,MN1;MN2;MN3;MN4;MN5;QMW;QRW;QTW;QWW,OK,NONE,NONE,2026-09-21
NAS,28575.0,-118141.6391117072,0.012467731492592279,0.0,0.0,0.0,0.0,0.0,0.0,31097.76071498286,30471.23928501714,31411.021429965713,30157.978570034287,DEC26,SEP26,2026-09-23,2026-12-18,30784.5,29969.045028362125,FOUND,DEGRADED,SPOT_MONTH_FALLBACK;ESTIMATED_EXPIRY_ALIAS,2026-08-02.2,PUT_CALL_PARITY,SEP26,SEP26=PUT_CALL_PARITY;OCT26=PUT_CALL_PARITY;DEC29=SERIES_FORWARD_CLUSTER;DEC26=SERIES_FORWARD_CLUSTER;NOV26=SERIES_FORWARD_CLUSTER;MAR27=SERIES_FORWARD_CLUSTER;DEC28=PUT_CALL_PARITY;JUN27=PUT_CALL_PARITY;DEC27=PUT_CALL_PARITY;SEP27=SERIES_FORWARD_CLUSTER;JUN29=PUT_CALL_PARITY;DEC30=PUT_CALL_PARITY,SEP26=30784.5;OCT26=30771.875;DEC29=30567.375;DEC26=25293.875;NOV26=31207.875;MAR27=27605.375;JUN27=24447;DEC27=21051.75;SEP27=36072.5,DEC28=GLOBAL_REFERENCE_NO_OBSERVATION;JUN27=GLOBAL_REFERENCE_OUTLIER_SERIES_FORWARD_CLUSTER;DEC27=GLOBAL_REFERENCE_OUTLIER_SERIES_FORWARD_CLUSTER;JUN29=GLOBAL_REFERENCE_NO_OBSERVATION;DEC30=GLOBAL_REFERENCE_NO_OBSERVATION,WEIGHTED_ATM,2026-09-30,6,120,0.0,NONE,5139,4967,0,0,165,NONE,MN1;MN2;MN3;MN4;MN5;QMW;QRW;QTW;QWW,OK,NONE,NONE,2026-09-21
NAS,28580.0,-8543.496165557339,0.0009015118100056025,0.0,0.0,0.0,0.0,0.0,0.0,31097.76071498286,30471.23928501714,31411.021429965713,30157.978570034287,DEC26,SEP26,2026-09-23,2026-12-18,30784.5,29969.045028362125,FOUND,DEGRADED,SPOT_MONTH_FALLBACK;ESTIMATED_EXPIRY_ALIAS,2026-08-02.2,PUT_CALL_PARITY,SEP26,SEP26=PUT_CALL_PARITY;OCT26=PUT_CALL_PARITY;DEC29=SERIES_FORWARD_CLUSTER;DEC26=SERIES_FORWARD_CLUSTER;NOV26=SERIES_FORWARD_CLUSTER;MAR27=SERIES_FORWARD_CLUSTER;DEC28=PUT_CALL_PARITY;JUN27=PUT_CALL_PARITY;DEC27=PUT_CALL_PARITY;SEP27=SERIES_FORWARD_CLUSTER;JUN29=PUT_CALL_PARITY;DEC30=PUT_CALL_PARITY,SEP26=30784.5;OCT26=30771.875;DEC29=30567.375;DEC26=25293.875;NOV26=31207.875;MAR27=27605.375;JUN27=24447;DEC27=21051.75;SEP27=36072.5,DEC28=GLOBAL_REFERENCE_NO_OBSERVATION;JUN27=GLOBAL_REFERENCE_OUTLIER_SERIES_FORWARD_CLUSTER;DEC27=GLOBAL_REFERENCE_OUTLIER_SERIES_FORWARD_CLUSTER;JUN29=GLOBAL_REFERENCE_NO_OBSERVATION;DEC30=GLOBAL_REFERENCE_NO_OBSERVATION,WEIGHTED_ATM,2026-09-30,6,120,0.0,NONE,5139,4967,0,0,165,NONE,MN1;MN2;MN3;MN4;MN5;QMW;QRW;QTW;QWW,OK,NONE,NONE,2026-09-21
NAS,28590.0,-6251.0925756463475,0.0006601581837393795,0.0,0.0,0.0,0.0,0.0,0.0,31097.76071498286,30471.23928501714,31411.021429965713,30157.978570034287,DEC26,SEP26,2026-09-23,2026-12-18,30784.5,29969.045028362125,FOUND,DEGRADED,SPOT_MONTH_FALLBACK;ESTIMATED_EXPIRY_ALIAS,2026-08-02.2,PUT_CALL_PARITY,SEP26,SEP26=PUT_CALL_PARITY;OCT26=PUT_CALL_PARITY;DEC29=SERIES_FORWARD_CLUSTER;DEC26=SERIES_FORWARD_CLUSTER;NOV26=SERIES_FORWARD_CLUSTER;MAR27=SERIES_FORWARD_CLUSTER;DEC28=PUT_CALL_PARITY;JUN27=PUT_CALL_PARITY;DEC27=PUT_CALL_PARITY;SEP27=SERIES_FORWARD_CLUSTER;JUN29=PUT_CALL_PARITY;DEC30=PUT_CALL_PARITY,SEP26=30784.5;OCT26=30771.875;DEC29=30567.375;DEC26=25293.875;NOV26=31207.875;MAR27=27605.375;JUN27=24447;DEC27=21051.75;SEP27=36072.5,DEC28=GLOBAL_REFERENCE_NO_OBSERVATION;JUN27=GLOBAL_REFERENCE_OUTLIER_SERIES_FORWARD_CLUSTER;DEC27=GLOBAL_REFERENCE_OUTLIER_SERIES_FORWARD_CLUSTER;JUN29=GLOBAL_REFERENCE_NO_OBSERVATION;DEC30=GLOBAL_REFERENCE_NO_OBSERVATION,WEIGHTED_ATM,2026-09-30,6,120,0.0,NONE,5139,4967,0,0,165,NONE,MN1;MN2;MN3;MN4;MN5;QMW;QRW;QTW;QWW,OK,NONE,NONE,2026-09-21
NAS,28600.0,-8875332.802918922,1.1125058846049882,0.0,0.0,0.0,0.0,0.0,0.0,31097.76071498286,30471.23928501714,31411.021429965713,30157.978570034287,DEC26,SEP26,2026-09-23,2026-12-18,30784.5,29969.045028362125,FOUND,DEGRADED,SPOT_MONTH_FALLBACK;ESTIMATED_EXPIRY_ALIAS,2026-08-02.2,PUT_CALL_PARITY,SEP26,SEP26=PUT_CALL_PARITY;OCT26=PUT_CALL_PARITY;DEC29=SERIES_FORWARD_CLUSTER;DEC26=SERIES_FORWARD_CLUSTER;NOV26=SERIES_FORWARD_CLUSTER;MAR27=SERIES_FORWARD_CLUSTER;DEC28=PUT_CALL_PARITY;JUN27=PUT_CALL_PARITY;DEC27=PUT_CALL_PARITY;SEP27=SERIES_FORWARD_CLUSTER;JUN29=PUT_CALL_PARITY;DEC30=PUT_CALL_PARITY,SEP26=30784.5;OCT26=30771.875;DEC29=30567.375;DEC26=25293.875;NOV26=31207.875;MAR27=27605.375;JUN27=24447;DEC27=21051.75;SEP27=36072.5,DEC28=GLOBAL_REFERENCE_NO_OBSERVATION;JUN27=GLOBAL_REFERENCE_OUTLIER_SERIES_FORWARD_CLUSTER;DEC27=GLOBAL_REFERENCE_OUTLIER_SERIES_FORWARD_CLUSTER;JUN29=GLOBAL_REFERENCE_NO_OBSERVATION;DEC30=GLOBAL_REFERENCE_NO_OBSERVATION,WEIGHTED_ATM,2026-09-30,6,120,0.0,NONE,5139,4967,0,0,165,NONE,MN1;MN2;MN3;MN4;MN5;QMW;QRW;QTW;QWW,OK,NONE,NONE,2026-09-21
NAS,28610.0,-12879.909537281723,0.001359091212151998,0.0,0.0,0.0,0.0,0.0,0.0,31097.76071498286,30471.23928501714,31411.021429965713,30157.978570034287,DEC26,SEP26,2026-09-23,2026-12-18,30784.5,29969.045028362125,FOUND,DEGRADED,SPOT_MONTH_FALLBACK;ESTIMATED_EXPIRY_ALIAS,2026-08-02.2,PUT_CALL_PARITY,SEP26,SEP26=PUT_CALL_PARITY;OCT26=PUT_CALL_PARITY;DEC29=SERIES_FORWARD_CLUSTER;DEC26=SERIES_FORWARD_CLUSTER;NOV26=SERIES_FORWARD_CLUSTER;MAR27=SERIES_FORWARD_CLUSTER;DEC28=PUT_CALL_PARITY;JUN27=PUT_CALL_PARITY;DEC27=PUT_CALL_PARITY;SEP27=SERIES_FORWARD_CLUSTER;JUN29=PUT_CALL_PARITY;DEC30=PUT_CALL_PARITY,SEP26=30784.5;OCT26=30771.875;DEC29=30567.375;DEC26=25293.875;NOV26=31207.875;MAR27=27605.375;JUN27=24447;DEC27=21051.75;SEP27=36072.5,DEC28=GLOBAL_REFERENCE_NO_OBSERVATION;JUN27=GLOBAL_REFERENCE_OUTLIER_SERIES_FORWARD_CLUSTER;DEC27=GLOBAL_REFERENCE_OUTLIER_SERIES_FORWARD_CLUSTER;JUN29=GLOBAL_REFERENCE_NO_OBSERVATION;DEC30=GLOBAL_REFERENCE_NO_OBSERVATION,WEIGHTED_ATM,2026-09-30,6,120,0.0,NONE,5139,4967,0,0,165,NONE,MN1;MN2;MN3;MN4;MN5;QMW;QRW;QTW;QWW,OK,NONE,NONE,2026-09-21
NAS,28625.0,-335543.5145073981,0.03542114651180771,0.0,0.0,0.0,0.0,0.0,0.0,31097.76071498286,30471.23928501714,31411.021429965713,30157.978570034287,DEC26,SEP26,2026-09-23,2026-12-18,30784.5,29969.045028362125,FOUND,DEGRADED,SPOT_MONTH_FALLBACK;ESTIMATED_EXPIRY_ALIAS,2026-08-02.2,PUT_CALL_PARITY,SEP26,SEP26=PUT_CALL_PARITY;OCT26=PUT_CALL_PARITY;DEC29=SERIES_FORWARD_CLUSTER;DEC26=SERIES_FORWARD_CLUSTER;NOV26=SERIES_FORWARD_CLUSTER;MAR27=SERIES_FORWARD_CLUSTER;DEC28=PUT_CALL_PARITY;JUN27=PUT_CALL_PARITY;DEC27=PUT_CALL_PARITY;SEP27=SERIES_FORWARD_CLUSTER;JUN29=PUT_CALL_PARITY;DEC30=PUT_CALL_PARITY,SEP26=30784.5;OCT26=30771.875;DEC29=30567.375;DEC26=25293.875;NOV26=31207.875;MAR27=27605.375;JUN27=24447;DEC27=21051.75;SEP27=36072.5,DEC28=GLOBAL_REFERENCE_NO_OBSERVATION;JUN27=GLOBAL_REFERENCE_OUTLIER_SERIES_FORWARD_CLUSTER;DEC27=GLOBAL_REFERENCE_OUTLIER_SERIES_FORWARD_CLUSTER;JUN29=GLOBAL_REFERENCE_NO_OBSERVATION;DEC30=GLOBAL_REFERENCE_NO_OBSERVATION,WEIGHTED_ATM,2026-09-30,6,120,0.0,NONE,5139,4967,0,0,165,NONE,MN1;MN2;MN3;MN4;MN5;QMW;QRW;QTW;QWW,OK,NONE,NONE,2026-09-21
NAS,28640.0,0.0,0.0,0.0,0.0,0.0,0.0,0.0,0.0,31097.76071498286,30471.23928501714,31411.021429965713,30157.978570034287,DEC26,SEP26,2026-09-23,2026-12-18,30784.5,29969.045028362125,FOUND,DEGRADED,SPOT_MONTH_FALLBACK;ESTIMATED_EXPIRY_ALIAS,2026-08-02.2,PUT_CALL_PARITY,SEP26,SEP26=PUT_CALL_PARITY;OCT26=PUT_CALL_PARITY;DEC29=SERIES_FORWARD_CLUSTER;DEC26=SERIES_FORWARD_CLUSTER;NOV26=SERIES_FORWARD_CLUSTER;MAR27=SERIES_FORWARD_CLUSTER;DEC28=PUT_CALL_PARITY;JUN27=PUT_CALL_PARITY;DEC27=PUT_CALL_PARITY;SEP27=SERIES_FORWARD_CLUSTER;JUN29=PUT_CALL_PARITY;DEC30=PUT_CALL_PARITY,SEP26=30784.5;OCT26=30771.875;DEC29=30567.375;DEC26=25293.875;NOV26=31207.875;MAR27=27605.375;JUN27=24447;DEC27=21051.75;SEP27=36072.5,DEC28=GLOBAL_REFERENCE_NO_OBSERVATION;JUN27=GLOBAL_REFERENCE_OUTLIER_SERIES_FORWARD_CLUSTER;DEC27=GLOBAL_REFERENCE_OUTLIER_SERIES_FORWARD_CLUSTER;JUN29=GLOBAL_REFERENCE_NO_OBSERVATION;DEC30=GLOBAL_REFERENCE_NO_OBSERVATION,WEIGHTED_ATM,2026-09-30,6,120,0.0,NONE,5139,4967,0,0,165,NONE,MN1;MN2;MN3;MN4;MN5;QMW;QRW;QTW;QWW,OK,NONE,NONE,2026-09-21
NAS,28650.0,-1791688.7622041604,0.18915025162890603,0.0,0.0,0.0,0.0,0.0,0.0,31097.76071498286,30471.23928501714,31411.021429965713,30157.978570034287,DEC26,SEP26,2026-09-23,2026-12-18,30784.5,29969.045028362125,FOUND,DEGRADED,SPOT_MONTH_FALLBACK;ESTIMATED_EXPIRY_ALIAS,2026-08-02.2,PUT_CALL_PARITY,SEP26,SEP26=PUT_CALL_PARITY;OCT26=PUT_CALL_PARITY;DEC29=SERIES_FORWARD_CLUSTER;DEC26=SERIES_FORWARD_CLUSTER;NOV26=SERIES_FORWARD_CLUSTER;MAR27=SERIES_FORWARD_CLUSTER;DEC28=PUT_CALL_PARITY;JUN27=PUT_CALL_PARITY;DEC27=PUT_CALL_PARITY;SEP27=SERIES_FORWARD_CLUSTER;JUN29=PUT_CALL_PARITY;DEC30=PUT_CALL_PARITY,SEP26=30784.5;OCT26=30771.875;DEC29=30567.375;DEC26=25293.875;NOV26=31207.875;MAR27=27605.375;JUN27=24447;DEC27=21051.75;SEP27=36072.5,DEC28=GLOBAL_REFERENCE_NO_OBSERVATION;JUN27=GLOBAL_REFERENCE_OUTLIER_SERIES_FORWARD_CLUSTER;DEC27=GLOBAL_REFERENCE_OUTLIER_SERIES_FORWARD_CLUSTER;JUN29=GLOBAL_REFERENCE_NO_OBSERVATION;DEC30=GLOBAL_REFERENCE_NO_OBSERVATION,WEIGHTED_ATM,2026-09-30,6,120,0.0,NONE,5139,4967,0,0,165,NONE,MN1;MN2;MN3;MN4;MN5;QMW;QRW;QTW;QWW,OK,NONE,NONE,2026-09-21
NAS,28660.0,-5078.878917640475,0.0005359245485823507,0.0,0.0,0.0,0.0,0.0,0.0,31097.76071498286,30471.23928501714,31411.021429965713,30157.978570034287,DEC26,SEP26,2026-09-23,2026-12-18,30784.5,29969.045028362125,FOUND,DEGRADED,SPOT_MONTH_FALLBACK;ESTIMATED_EXPIRY_ALIAS,2026-08-02.2,PUT_CALL_PARITY,SEP26,SEP26=PUT_CALL_PARITY;OCT26=PUT_CALL_PARITY;DEC29=SERIES_FORWARD_CLUSTER;DEC26=SERIES_FORWARD_CLUSTER;NOV26=SERIES_FORWARD_CLUSTER;MAR27=SERIES_FORWARD_CLUSTER;DEC28=PUT_CALL_PARITY;JUN27=PUT_CALL_PARITY;DEC27=PUT_CALL_PARITY;SEP27=SERIES_FORWARD_CLUSTER;JUN29=PUT_CALL_PARITY;DEC30=PUT_CALL_PARITY,SEP26=30784.5;OCT26=30771.875;DEC29=30567.375;DEC26=25293.875;NOV26=31207.875;MAR27=27605.375;JUN27=24447;DEC27=21051.75;SEP27=36072.5,DEC28=GLOBAL_REFERENCE_NO_OBSERVATION;JUN27=GLOBAL_REFERENCE_OUTLIER_SERIES_FORWARD_CLUSTER;DEC27=GLOBAL_REFERENCE_OUTLIER_SERIES_FORWARD_CLUSTER;JUN29=GLOBAL_REFERENCE_NO_OBSERVATION;DEC30=GLOBAL_REFERENCE_NO_OBSERVATION,WEIGHTED_ATM,2026-09-30,6,120,0.0,NONE,5139,4967,0,0,165,NONE,MN1;MN2;MN3;MN4;MN5;QMW;QRW;QTW;QWW,OK,NONE,NONE,2026-09-21
NAS,28675.0,-297080.9625911346,0.03135047178107327,0.0,0.0,0.0,0.0,0.0,0.0,31097.76071498286,30471.23928501714,31411.021429965713,30157.978570034287,DEC26,SEP26,2026-09-23,2026-12-18,30784.5,29969.045028362125,FOUND,DEGRADED,SPOT_MONTH_FALLBACK;ESTIMATED_EXPIRY_ALIAS,2026-08-02.2,PUT_CALL_PARITY,SEP26,SEP26=PUT_CALL_PARITY;OCT26=PUT_CALL_PARITY;DEC29=SERIES_FORWARD_CLUSTER;DEC26=SERIES_FORWARD_CLUSTER;NOV26=SERIES_FORWARD_CLUSTER;MAR27=SERIES_FORWARD_CLUSTER;DEC28=PUT_CALL_PARITY;JUN27=PUT_CALL_PARITY;DEC27=PUT_CALL_PARITY;SEP27=SERIES_FORWARD_CLUSTER;JUN29=PUT_CALL_PARITY;DEC30=PUT_CALL_PARITY,SEP26=30784.5;OCT26=30771.875;DEC29=30567.375;DEC26=25293.875;NOV26=31207.875;MAR27=27605.375;JUN27=24447;DEC27=21051.75;SEP27=36072.5,DEC28=GLOBAL_REFERENCE_NO_OBSERVATION;JUN27=GLOBAL_REFERENCE_OUTLIER_SERIES_FORWARD_CLUSTER;DEC27=GLOBAL_REFERENCE_OUTLIER_SERIES_FORWARD_CLUSTER;JUN29=GLOBAL_REFERENCE_NO_OBSERVATION;DEC30=GLOBAL_REFERENCE_NO_OBSERVATION,WEIGHTED_ATM,2026-09-30,6,120,0.0,NONE,5139,4967,0,0,165,NONE,MN1;MN2;MN3;MN4;MN5;QMW;QRW;QTW;QWW,OK,NONE,NONE,2026-09-21
NAS,28680.0,-10662.749224245981,0.0011251359123374462,0.0,0.0,0.0,0.0,0.0,0.0,31097.76071498286,30471.23928501714,31411.021429965713,30157.978570034287,DEC26,SEP26,2026-09-23,2026-12-18,30784.5,29969.045028362125,FOUND,DEGRADED,SPOT_MONTH_FALLBACK;ESTIMATED_EXPIRY_ALIAS,2026-08-02.2,PUT_CALL_PARITY,SEP26,SEP26=PUT_CALL_PARITY;OCT26=PUT_CALL_PARITY;DEC29=SERIES_FORWARD_CLUSTER;DEC26=SERIES_FORWARD_CLUSTER;NOV26=SERIES_FORWARD_CLUSTER;MAR27=SERIES_FORWARD_CLUSTER;DEC28=PUT_CALL_PARITY;JUN27=PUT_CALL_PARITY;DEC27=PUT_CALL_PARITY;SEP27=SERIES_FORWARD_CLUSTER;JUN29=PUT_CALL_PARITY;DEC30=PUT_CALL_PARITY,SEP26=30784.5;OCT26=30771.875;DEC29=30567.375;DEC26=25293.875;NOV26=31207.875;MAR27=27605.375;JUN27=24447;DEC27=21051.75;SEP27=36072.5,DEC28=GLOBAL_REFERENCE_NO_OBSERVATION;JUN27=GLOBAL_REFERENCE_OUTLIER_SERIES_FORWARD_CLUSTER;DEC27=GLOBAL_REFERENCE_OUTLIER_SERIES_FORWARD_CLUSTER;JUN29=GLOBAL_REFERENCE_NO_OBSERVATION;DEC30=GLOBAL_REFERENCE_NO_OBSERVATION,WEIGHTED_ATM,2026-09-30,6,120,0.0,NONE,5139,4967,0,0,165,NONE,MN1;MN2;MN3;MN4;MN5;QMW;QRW;QTW;QWW,OK,NONE,NONE,2026-09-21
NAS,28690.0,0.0,0.0,0.0,0.0,0.0,0.0,0.0,0.0,31097.76071498286,30471.23928501714,31411.021429965713,30157.978570034287,DEC26,SEP26,2026-09-23,2026-12-18,30784.5,29969.045028362125,FOUND,DEGRADED,SPOT_MONTH_FALLBACK;ESTIMATED_EXPIRY_ALIAS,2026-08-02.2,PUT_CALL_PARITY,SEP26,SEP26=PUT_CALL_PARITY;OCT26=PUT_CALL_PARITY;DEC29=SERIES_FORWARD_CLUSTER;DEC26=SERIES_FORWARD_CLUSTER;NOV26=SERIES_FORWARD_CLUSTER;MAR27=SERIES_FORWARD_CLUSTER;DEC28=PUT_CALL_PARITY;JUN27=PUT_CALL_PARITY;DEC27=PUT_CALL_PARITY;SEP27=SERIES_FORWARD_CLUSTER;JUN29=PUT_CALL_PARITY;DEC30=PUT_CALL_PARITY,SEP26=30784.5;OCT26=30771.875;DEC29=30567.375;DEC26=25293.875;NOV26=31207.875;MAR27=27605.375;JUN27=24447;DEC27=21051.75;SEP27=36072.5,DEC28=GLOBAL_REFERENCE_NO_OBSERVATION;JUN27=GLOBAL_REFERENCE_OUTLIER_SERIES_FORWARD_CLUSTER;DEC27=GLOBAL_REFERENCE_OUTLIER_SERIES_FORWARD_CLUSTER;JUN29=GLOBAL_REFERENCE_NO_OBSERVATION;DEC30=GLOBAL_REFERENCE_NO_OBSERVATION,WEIGHTED_ATM,2026-09-30,6,120,0.0,NONE,5139,4967,0,0,165,NONE,MN1;MN2;MN3;MN4;MN5;QMW;QRW;QTW;QWW,OK,NONE,NONE,2026-09-21
NAS,28700.0,-7303158.205435317,0.8860785165624446,0.0,0.0,0.0,0.0,0.0,0.0,31097.76071498286,30471.23928501714,31411.021429965713,30157.978570034287,DEC26,SEP26,2026-09-23,2026-12-18,30784.5,29969.045028362125,FOUND,DEGRADED,SPOT_MONTH_FALLBACK;ESTIMATED_EXPIRY_ALIAS,2026-08-02.2,PUT_CALL_PARITY,SEP26,SEP26=PUT_CALL_PARITY;OCT26=PUT_CALL_PARITY;DEC29=SERIES_FORWARD_CLUSTER;DEC26=SERIES_FORWARD_CLUSTER;NOV26=SERIES_FORWARD_CLUSTER;MAR27=SERIES_FORWARD_CLUSTER;DEC28=PUT_CALL_PARITY;JUN27=PUT_CALL_PARITY;DEC27=PUT_CALL_PARITY;SEP27=SERIES_FORWARD_CLUSTER;JUN29=PUT_CALL_PARITY;DEC30=PUT_CALL_PARITY,SEP26=30784.5;OCT26=30771.875;DEC29=30567.375;DEC26=25293.875;NOV26=31207.875;MAR27=27605.375;JUN27=24447;DEC27=21051.75;SEP27=36072.5,DEC28=GLOBAL_REFERENCE_NO_OBSERVATION;JUN27=GLOBAL_REFERENCE_OUTLIER_SERIES_FORWARD_CLUSTER;DEC27=GLOBAL_REFERENCE_OUTLIER_SERIES_FORWARD_CLUSTER;JUN29=GLOBAL_REFERENCE_NO_OBSERVATION;DEC30=GLOBAL_REFERENCE_NO_OBSERVATION,WEIGHTED_ATM,2026-09-30,6,120,0.0,NONE,5139,4967,0,0,165,NONE,MN1;MN2;MN3;MN4;MN5;QMW;QRW;QTW;QWW,OK,NONE,NONE,2026-09-21
NAS,28710.0,-29637.84724616359,0.0031289839281121437,0.0,0.0,0.0,0.0,0.0,0.0,31097.76071498286,30471.23928501714,31411.021429965713,30157.978570034287,DEC26,SEP26,2026-09-23,2026-12-18,30784.5,29969.045028362125,FOUND,DEGRADED,SPOT_MONTH_FALLBACK;ESTIMATED_EXPIRY_ALIAS,2026-08-02.2,PUT_CALL_PARITY,SEP26,SEP26=PUT_CALL_PARITY;OCT26=PUT_CALL_PARITY;DEC29=SERIES_FORWARD_CLUSTER;DEC26=SERIES_FORWARD_CLUSTER;NOV26=SERIES_FORWARD_CLUSTER;MAR27=SERIES_FORWARD_CLUSTER;DEC28=PUT_CALL_PARITY;JUN27=PUT_CALL_PARITY;DEC27=PUT_CALL_PARITY;SEP27=SERIES_FORWARD_CLUSTER;JUN29=PUT_CALL_PARITY;DEC30=PUT_CALL_PARITY,SEP26=30784.5;OCT26=30771.875;DEC29=30567.375;DEC26=25293.875;NOV26=31207.875;MAR27=27605.375;JUN27=24447;DEC27=21051.75;SEP27=36072.5,DEC28=GLOBAL_REFERENCE_NO_OBSERVATION;JUN27=GLOBAL_REFERENCE_OUTLIER_SERIES_FORWARD_CLUSTER;DEC27=GLOBAL_REFERENCE_OUTLIER_SERIES_FORWARD_CLUSTER;JUN29=GLOBAL_REFERENCE_NO_OBSERVATION;DEC30=GLOBAL_REFERENCE_NO_OBSERVATION,WEIGHTED_ATM,2026-09-30,6,120,0.0,NONE,5139,4967,0,0,165,NONE,MN1;MN2;MN3;MN4;MN5;QMW;QRW;QTW;QWW,OK,NONE,NONE,2026-09-21
NAS,28725.0,-510874.740510172,0.05391662635022298,0.0,0.0,0.0,0.0,0.0,0.0,31097.76071498286,30471.23928501714,31411.021429965713,30157.978570034287,DEC26,SEP26,2026-09-23,2026-12-18,30784.5,29969.045028362125,FOUND,DEGRADED,SPOT_MONTH_FALLBACK;ESTIMATED_EXPIRY_ALIAS,2026-08-02.2,PUT_CALL_PARITY,SEP26,SEP26=PUT_CALL_PARITY;OCT26=PUT_CALL_PARITY;DEC29=SERIES_FORWARD_CLUSTER;DEC26=SERIES_FORWARD_CLUSTER;NOV26=SERIES_FORWARD_CLUSTER;MAR27=SERIES_FORWARD_CLUSTER;DEC28=PUT_CALL_PARITY;JUN27=PUT_CALL_PARITY;DEC27=PUT_CALL_PARITY;SEP27=SERIES_FORWARD_CLUSTER;JUN29=PUT_CALL_PARITY;DEC30=PUT_CALL_PARITY,SEP26=30784.5;OCT26=30771.875;DEC29=30567.375;DEC26=25293.875;NOV26=31207.875;MAR27=27605.375;JUN27=24447;DEC27=21051.75;SEP27=36072.5,DEC28=GLOBAL_REFERENCE_NO_OBSERVATION;JUN27=GLOBAL_REFERENCE_OUTLIER_SERIES_FORWARD_CLUSTER;DEC27=GLOBAL_REFERENCE_OUTLIER_SERIES_FORWARD_CLUSTER;JUN29=GLOBAL_REFERENCE_NO_OBSERVATION;DEC30=GLOBAL_REFERENCE_NO_OBSERVATION,WEIGHTED_ATM,2026-09-30,6,120,0.0,NONE,5139,4967,0,0,165,NONE,MN1;MN2;MN3;MN4;MN5;QMW;QRW;QTW;QWW,OK,NONE,NONE,2026-09-21
NAS,28730.0,-11453.213826687213,0.0012085459309859026,0.0,0.0,0.0,0.0,0.0,0.0,31097.76071498286,30471.23928501714,31411.021429965713,30157.978570034287,DEC26,SEP26,2026-09-23,2026-12-18,30784.5,29969.045028362125,FOUND,DEGRADED,SPOT_MONTH_FALLBACK;ESTIMATED_EXPIRY_ALIAS,2026-08-02.2,PUT_CALL_PARITY,SEP26,SEP26=PUT_CALL_PARITY;OCT26=PUT_CALL_PARITY;DEC29=SERIES_FORWARD_CLUSTER;DEC26=SERIES_FORWARD_CLUSTER;NOV26=SERIES_FORWARD_CLUSTER;MAR27=SERIES_FORWARD_CLUSTER;DEC28=PUT_CALL_PARITY;JUN27=PUT_CALL_PARITY;DEC27=PUT_CALL_PARITY;SEP27=SERIES_FORWARD_CLUSTER;JUN29=PUT_CALL_PARITY;DEC30=PUT_CALL_PARITY,SEP26=30784.5;OCT26=30771.875;DEC29=30567.375;DEC26=25293.875;NOV26=31207.875;MAR27=27605.375;JUN27=24447;DEC27=21051.75;SEP27=36072.5,DEC28=GLOBAL_REFERENCE_NO_OBSERVATION;JUN27=GLOBAL_REFERENCE_OUTLIER_SERIES_FORWARD_CLUSTER;DEC27=GLOBAL_REFERENCE_OUTLIER_SERIES_FORWARD_CLUSTER;JUN29=GLOBAL_REFERENCE_NO_OBSERVATION;DEC30=GLOBAL_REFERENCE_NO_OBSERVATION,WEIGHTED_ATM,2026-09-30,6,120,0.0,NONE,5139,4967,0,0,165,NONE,MN1;MN2;MN3;MN4;MN5;QMW;QRW;QTW;QWW,OK,NONE,NONE,2026-09-21
NAS,28740.0,-9817.46463533927,0.0010367914959123821,0.0,0.0,0.0,0.0,0.0,0.0,31097.76071498286,30471.23928501714,31411.021429965713,30157.978570034287,DEC26,SEP26,2026-09-23,2026-12-18,30784.5,29969.045028362125,FOUND,DEGRADED,SPOT_MONTH_FALLBACK;ESTIMATED_EXPIRY_ALIAS,2026-08-02.2,PUT_CALL_PARITY,SEP26,SEP26=PUT_CALL_PARITY;OCT26=PUT_CALL_PARITY;DEC29=SERIES_FORWARD_CLUSTER;DEC26=SERIES_FORWARD_CLUSTER;NOV26=SERIES_FORWARD_CLUSTER;MAR27=SERIES_FORWARD_CLUSTER;DEC28=PUT_CALL_PARITY;JUN27=PUT_CALL_PARITY;DEC27=PUT_CALL_PARITY;SEP27=SERIES_FORWARD_CLUSTER;JUN29=PUT_CALL_PARITY;DEC30=PUT_CALL_PARITY,SEP26=30784.5;OCT26=30771.875;DEC29=30567.375;DEC26=25293.875;NOV26=31207.875;MAR27=27605.375;JUN27=24447;DEC27=21051.75;SEP27=36072.5,DEC28=GLOBAL_REFERENCE_NO_OBSERVATION;JUN27=GLOBAL_REFERENCE_OUTLIER_SERIES_FORWARD_CLUSTER;DEC27=GLOBAL_REFERENCE_OUTLIER_SERIES_FORWARD_CLUSTER;JUN29=GLOBAL_REFERENCE_NO_OBSERVATION;DEC30=GLOBAL_REFERENCE_NO_OBSERVATION,WEIGHTED_ATM,2026-09-30,6,120,0.0,NONE,5139,4967,0,0,165,NONE,MN1;MN2;MN3;MN4;MN5;QMW;QRW;QTW;QWW,OK,NONE,NONE,2026-09-21
NAS,28750.0,-11462862.333905103,1.4686111462760139,0.0,0.0,0.0,0.0,0.0,0.0,31097.76071498286,30471.23928501714,31411.021429965713,30157.978570034287,DEC26,SEP26,2026-09-23,2026-12-18,30784.5,29969.045028362125,FOUND,DEGRADED,SPOT_MONTH_FALLBACK;ESTIMATED_EXPIRY_ALIAS,2026-08-02.2,PUT_CALL_PARITY,SEP26,SEP26=PUT_CALL_PARITY;OCT26=PUT_CALL_PARITY;DEC29=SERIES_FORWARD_CLUSTER;DEC26=SERIES_FORWARD_CLUSTER;NOV26=SERIES_FORWARD_CLUSTER;MAR27=SERIES_FORWARD_CLUSTER;DEC28=PUT_CALL_PARITY;JUN27=PUT_CALL_PARITY;DEC27=PUT_CALL_PARITY;SEP27=SERIES_FORWARD_CLUSTER;JUN29=PUT_CALL_PARITY;DEC30=PUT_CALL_PARITY,SEP26=30784.5;OCT26=30771.875;DEC29=30567.375;DEC26=25293.875;NOV26=31207.875;MAR27=27605.375;JUN27=24447;DEC27=21051.75;SEP27=36072.5,DEC28=GLOBAL_REFERENCE_NO_OBSERVATION;JUN27=GLOBAL_REFERENCE_OUTLIER_SERIES_FORWARD_CLUSTER;DEC27=GLOBAL_REFERENCE_OUTLIER_SERIES_FORWARD_CLUSTER;JUN29=GLOBAL_REFERENCE_NO_OBSERVATION;DEC30=GLOBAL_REFERENCE_NO_OBSERVATION,WEIGHTED_ATM,2026-09-30,6,120,0.0,NONE,5139,4967,0,0,165,NONE,MN1;MN2;MN3;MN4;MN5;QMW;QRW;QTW;QWW,OK,NONE,NONE,2026-09-21
NAS,28760.0,-19969.724826807746,0.0021089396952463924,0.0,0.0,0.0,0.0,0.0,0.0,31097.76071498286,30471.23928501714,31411.021429965713,30157.978570034287,DEC26,SEP26,2026-09-23,2026-12-18,30784.5,29969.045028362125,FOUND,DEGRADED,SPOT_MONTH_FALLBACK;ESTIMATED_EXPIRY_ALIAS,2026-08-02.2,PUT_CALL_PARITY,SEP26,SEP26=PUT_CALL_PARITY;OCT26=PUT_CALL_PARITY;DEC29=SERIES_FORWARD_CLUSTER;DEC26=SERIES_FORWARD_CLUSTER;NOV26=SERIES_FORWARD_CLUSTER;MAR27=SERIES_FORWARD_CLUSTER;DEC28=PUT_CALL_PARITY;JUN27=PUT_CALL_PARITY;DEC27=PUT_CALL_PARITY;SEP27=SERIES_FORWARD_CLUSTER;JUN29=PUT_CALL_PARITY;DEC30=PUT_CALL_PARITY,SEP26=30784.5;OCT26=30771.875;DEC29=30567.375;DEC26=25293.875;NOV26=31207.875;MAR27=27605.375;JUN27=24447;DEC27=21051.75;SEP27=36072.5,DEC28=GLOBAL_REFERENCE_NO_OBSERVATION;JUN27=GLOBAL_REFERENCE_OUTLIER_SERIES_FORWARD_CLUSTER;DEC27=GLOBAL_REFERENCE_OUTLIER_SERIES_FORWARD_CLUSTER;JUN29=GLOBAL_REFERENCE_NO_OBSERVATION;DEC30=GLOBAL_REFERENCE_NO_OBSERVATION,WEIGHTED_ATM,2026-09-30,6,120,0.0,NONE,5139,4967,0,0,165,NONE,MN1;MN2;MN3;MN4;MN5;QMW;QRW;QTW;QWW,OK,NONE,NONE,2026-09-21
NAS,28770.0,-15105.326908796998,0.0015952259634980578,0.0,0.0,0.0,0.0,0.0,0.0,31097.76071498286,30471.23928501714,31411.021429965713,30157.978570034287,DEC26,SEP26,2026-09-23,2026-12-18,30784.5,29969.045028362125,FOUND,DEGRADED,SPOT_MONTH_FALLBACK;ESTIMATED_EXPIRY_ALIAS,2026-08-02.2,PUT_CALL_PARITY,SEP26,SEP26=PUT_CALL_PARITY;OCT26=PUT_CALL_PARITY;DEC29=SERIES_FORWARD_CLUSTER;DEC26=SERIES_FORWARD_CLUSTER;NOV26=SERIES_FORWARD_CLUSTER;MAR27=SERIES_FORWARD_CLUSTER;DEC28=PUT_CALL_PARITY;JUN27=PUT_CALL_PARITY;DEC27=PUT_CALL_PARITY;SEP27=SERIES_FORWARD_CLUSTER;JUN29=PUT_CALL_PARITY;DEC30=PUT_CALL_PARITY,SEP26=30784.5;OCT26=30771.875;DEC29=30567.375;DEC26=25293.875;NOV26=31207.875;MAR27=27605.375;JUN27=24447;DEC27=21051.75;SEP27=36072.5,DEC28=GLOBAL_REFERENCE_NO_OBSERVATION;JUN27=GLOBAL_REFERENCE_OUTLIER_SERIES_FORWARD_CLUSTER;DEC27=GLOBAL_REFERENCE_OUTLIER_SERIES_FORWARD_CLUSTER;JUN29=GLOBAL_REFERENCE_NO_OBSERVATION;DEC30=GLOBAL_REFERENCE_NO_OBSERVATION,WEIGHTED_ATM,2026-09-30,6,120,0.0,NONE,5139,4967,0,0,165,NONE,MN1;MN2;MN3;MN4;MN5;QMW;QRW;QTW;QWW,OK,NONE,NONE,2026-09-21
NAS,28775.0,-191439.27287664666,0.020206336806527354,0.0,0.0,0.0,0.0,0.0,0.0,31097.76071498286,30471.23928501714,31411.021429965713,30157.978570034287,DEC26,SEP26,2026-09-23,2026-12-18,30784.5,29969.045028362125,FOUND,DEGRADED,SPOT_MONTH_FALLBACK;ESTIMATED_EXPIRY_ALIAS,2026-08-02.2,PUT_CALL_PARITY,SEP26,SEP26=PUT_CALL_PARITY;OCT26=PUT_CALL_PARITY;DEC29=SERIES_FORWARD_CLUSTER;DEC26=SERIES_FORWARD_CLUSTER;NOV26=SERIES_FORWARD_CLUSTER;MAR27=SERIES_FORWARD_CLUSTER;DEC28=PUT_CALL_PARITY;JUN27=PUT_CALL_PARITY;DEC27=PUT_CALL_PARITY;SEP27=SERIES_FORWARD_CLUSTER;JUN29=PUT_CALL_PARITY;DEC30=PUT_CALL_PARITY,SEP26=30784.5;OCT26=30771.875;DEC29=30567.375;DEC26=25293.875;NOV26=31207.875;MAR27=27605.375;JUN27=24447;DEC27=21051.75;SEP27=36072.5,DEC28=GLOBAL_REFERENCE_NO_OBSERVATION;JUN27=GLOBAL_REFERENCE_OUTLIER_SERIES_FORWARD_CLUSTER;DEC27=GLOBAL_REFERENCE_OUTLIER_SERIES_FORWARD_CLUSTER;JUN29=GLOBAL_REFERENCE_NO_OBSERVATION;DEC30=GLOBAL_REFERENCE_NO_OBSERVATION,WEIGHTED_ATM,2026-09-30,6,120,0.0,NONE,5139,4967,0,0,165,NONE,MN1;MN2;MN3;MN4;MN5;QMW;QRW;QTW;QWW,OK,NONE,NONE,2026-09-21
NAS,28780.0,-10156.70456563639,0.0010726175556814079,0.0,0.0,0.0,0.0,0.0,0.0,31097.76071498286,30471.23928501714,31411.021429965713,30157.978570034287,DEC26,SEP26,2026-09-23,2026-12-18,30784.5,29969.045028362125,FOUND,DEGRADED,SPOT_MONTH_FALLBACK;ESTIMATED_EXPIRY_ALIAS,2026-08-02.2,PUT_CALL_PARITY,SEP26,SEP26=PUT_CALL_PARITY;OCT26=PUT_CALL_PARITY;DEC29=SERIES_FORWARD_CLUSTER;DEC26=SERIES_FORWARD_CLUSTER;NOV26=SERIES_FORWARD_CLUSTER;MAR27=SERIES_FORWARD_CLUSTER;DEC28=PUT_CALL_PARITY;JUN27=PUT_CALL_PARITY;DEC27=PUT_CALL_PARITY;SEP27=SERIES_FORWARD_CLUSTER;JUN29=PUT_CALL_PARITY;DEC30=PUT_CALL_PARITY,SEP26=30784.5;OCT26=30771.875;DEC29=30567.375;DEC26=25293.875;NOV26=31207.875;MAR27=27605.375;JUN27=24447;DEC27=21051.75;SEP27=36072.5,DEC28=GLOBAL_REFERENCE_NO_OBSERVATION;JUN27=GLOBAL_REFERENCE_OUTLIER_SERIES_FORWARD_CLUSTER;DEC27=GLOBAL_REFERENCE_OUTLIER_SERIES_FORWARD_CLUSTER;JUN29=GLOBAL_REFERENCE_NO_OBSERVATION;DEC30=GLOBAL_REFERENCE_NO_OBSERVATION,WEIGHTED_ATM,2026-09-30,6,120,0.0,NONE,5139,4967,0,0,165,NONE,MN1;MN2;MN3;MN4;MN5;QMW;QRW;QTW;QWW,OK,NONE,NONE,2026-09-21
NAS,28790.0,-7683.257158757978,0.0008114045712407007,0.0,0.0,0.0,0.0,0.0,0.0,31097.76071498286,30471.23928501714,31411.021429965713,30157.978570034287,DEC26,SEP26,2026-09-23,2026-12-18,30784.5,29969.045028362125,FOUND,DEGRADED,SPOT_MONTH_FALLBACK;ESTIMATED_EXPIRY_ALIAS,2026-08-02.2,PUT_CALL_PARITY,SEP26,SEP26=PUT_CALL_PARITY;OCT26=PUT_CALL_PARITY;DEC29=SERIES_FORWARD_CLUSTER;DEC26=SERIES_FORWARD_CLUSTER;NOV26=SERIES_FORWARD_CLUSTER;MAR27=SERIES_FORWARD_CLUSTER;DEC28=PUT_CALL_PARITY;JUN27=PUT_CALL_PARITY;DEC27=PUT_CALL_PARITY;SEP27=SERIES_FORWARD_CLUSTER;JUN29=PUT_CALL_PARITY;DEC30=PUT_CALL_PARITY,SEP26=30784.5;OCT26=30771.875;DEC29=30567.375;DEC26=25293.875;NOV26=31207.875;MAR27=27605.375;JUN27=24447;DEC27=21051.75;SEP27=36072.5,DEC28=GLOBAL_REFERENCE_NO_OBSERVATION;JUN27=GLOBAL_REFERENCE_OUTLIER_SERIES_FORWARD_CLUSTER;DEC27=GLOBAL_REFERENCE_OUTLIER_SERIES_FORWARD_CLUSTER;JUN29=GLOBAL_REFERENCE_NO_OBSERVATION;DEC30=GLOBAL_REFERENCE_NO_OBSERVATION,WEIGHTED_ATM,2026-09-30,6,120,0.0,NONE,5139,4967,0,0,165,NONE,MN1;MN2;MN3;MN4;MN5;QMW;QRW;QTW;QWW,OK,NONE,NONE,2026-09-21
NAS,28800.0,-22473626.94568498,2.644644137167395,0.0,0.0,0.0,0.0,0.0,0.0,31097.76071498286,30471.23928501714,31411.021429965713,30157.978570034287,DEC26,SEP26,2026-09-23,2026-12-18,30784.5,29969.045028362125,FOUND,DEGRADED,SPOT_MONTH_FALLBACK;ESTIMATED_EXPIRY_ALIAS,2026-08-02.2,PUT_CALL_PARITY,SEP26,SEP26=PUT_CALL_PARITY;OCT26=PUT_CALL_PARITY;DEC29=SERIES_FORWARD_CLUSTER;DEC26=SERIES_FORWARD_CLUSTER;NOV26=SERIES_FORWARD_CLUSTER;MAR27=SERIES_FORWARD_CLUSTER;DEC28=PUT_CALL_PARITY;JUN27=PUT_CALL_PARITY;DEC27=PUT_CALL_PARITY;SEP27=SERIES_FORWARD_CLUSTER;JUN29=PUT_CALL_PARITY;DEC30=PUT_CALL_PARITY,SEP26=30784.5;OCT26=30771.875;DEC29=30567.375;DEC26=25293.875;NOV26=31207.875;MAR27=27605.375;JUN27=24447;DEC27=21051.75;SEP27=36072.5,DEC28=GLOBAL_REFERENCE_NO_OBSERVATION;JUN27=GLOBAL_REFERENCE_OUTLIER_SERIES_FORWARD_CLUSTER;DEC27=GLOBAL_REFERENCE_OUTLIER_SERIES_FORWARD_CLUSTER;JUN29=GLOBAL_REFERENCE_NO_OBSERVATION;DEC30=GLOBAL_REFERENCE_NO_OBSERVATION,WEIGHTED_ATM,2026-09-30,6,120,0.0,NONE,5139,4967,0,0,165,NONE,MN1;MN2;MN3;MN4;MN5;QMW;QRW;QTW;QWW,OK,NONE,NONE,2026-09-21
NAS,28810.0,-34875.856304610876,0.0036816885899899825,0.0,0.0,0.0,0.0,0.0,0.0,31097.76071498286,30471.23928501714,31411.021429965713,30157.978570034287,DEC26,SEP26,2026-09-23,2026-12-18,30784.5,29969.045028362125,FOUND,DEGRADED,SPOT_MONTH_FALLBACK;ESTIMATED_EXPIRY_ALIAS,2026-08-02.2,PUT_CALL_PARITY,SEP26,SEP26=PUT_CALL_PARITY;OCT26=PUT_CALL_PARITY;DEC29=SERIES_FORWARD_CLUSTER;DEC26=SERIES_FORWARD_CLUSTER;NOV26=SERIES_FORWARD_CLUSTER;MAR27=SERIES_FORWARD_CLUSTER;DEC28=PUT_CALL_PARITY;JUN27=PUT_CALL_PARITY;DEC27=PUT_CALL_PARITY;SEP27=SERIES_FORWARD_CLUSTER;JUN29=PUT_CALL_PARITY;DEC30=PUT_CALL_PARITY,SEP26=30784.5;OCT26=30771.875;DEC29=30567.375;DEC26=25293.875;NOV26=31207.875;MAR27=27605.375;JUN27=24447;DEC27=21051.75;SEP27=36072.5,DEC28=GLOBAL_REFERENCE_NO_OBSERVATION;JUN27=GLOBAL_REFERENCE_OUTLIER_SERIES_FORWARD_CLUSTER;DEC27=GLOBAL_REFERENCE_OUTLIER_SERIES_FORWARD_CLUSTER;JUN29=GLOBAL_REFERENCE_NO_OBSERVATION;DEC30=GLOBAL_REFERENCE_NO_OBSERVATION,WEIGHTED_ATM,2026-09-30,6,120,0.0,NONE,5139,4967,0,0,165,NONE,MN1;MN2;MN3;MN4;MN5;QMW;QRW;QTW;QWW,OK,NONE,NONE,2026-09-21
NAS,28820.0,-36912.01617913301,0.0038949649969715265,0.0,0.0,0.0,0.0,0.0,0.0,31097.76071498286,30471.23928501714,31411.021429965713,30157.978570034287,DEC26,SEP26,2026-09-23,2026-12-18,30784.5,29969.045028362125,FOUND,DEGRADED,SPOT_MONTH_FALLBACK;ESTIMATED_EXPIRY_ALIAS,2026-08-02.2,PUT_CALL_PARITY,SEP26,SEP26=PUT_CALL_PARITY;OCT26=PUT_CALL_PARITY;DEC29=SERIES_FORWARD_CLUSTER;DEC26=SERIES_FORWARD_CLUSTER;NOV26=SERIES_FORWARD_CLUSTER;MAR27=SERIES_FORWARD_CLUSTER;DEC28=PUT_CALL_PARITY;JUN27=PUT_CALL_PARITY;DEC27=PUT_CALL_PARITY;SEP27=SERIES_FORWARD_CLUSTER;JUN29=PUT_CALL_PARITY;DEC30=PUT_CALL_PARITY,SEP26=30784.5;OCT26=30771.875;DEC29=30567.375;DEC26=25293.875;NOV26=31207.875;MAR27=27605.375;JUN27=24447;DEC27=21051.75;SEP27=36072.5,DEC28=GLOBAL_REFERENCE_NO_OBSERVATION;JUN27=GLOBAL_REFERENCE_OUTLIER_SERIES_FORWARD_CLUSTER;DEC27=GLOBAL_REFERENCE_OUTLIER_SERIES_FORWARD_CLUSTER;JUN29=GLOBAL_REFERENCE_NO_OBSERVATION;DEC30=GLOBAL_REFERENCE_NO_OBSERVATION,WEIGHTED_ATM,2026-09-30,6,120,0.0,NONE,5139,4967,0,0,165,NONE,MN1;MN2;MN3;MN4;MN5;QMW;QRW;QTW;QWW,OK,NONE,NONE,2026-09-21
NAS,28825.0,-202668.3822144544,0.025420937016006194,0.0,0.0,0.0,0.0,0.0,0.0,31097.76071498286,30471.23928501714,31411.021429965713,30157.978570034287,DEC26,SEP26,2026-09-23,2026-12-18,30784.5,29969.045028362125,FOUND,DEGRADED,SPOT_MONTH_FALLBACK;ESTIMATED_EXPIRY_ALIAS,2026-08-02.2,PUT_CALL_PARITY,SEP26,SEP26=PUT_CALL_PARITY;OCT26=PUT_CALL_PARITY;DEC29=SERIES_FORWARD_CLUSTER;DEC26=SERIES_FORWARD_CLUSTER;NOV26=SERIES_FORWARD_CLUSTER;MAR27=SERIES_FORWARD_CLUSTER;DEC28=PUT_CALL_PARITY;JUN27=PUT_CALL_PARITY;DEC27=PUT_CALL_PARITY;SEP27=SERIES_FORWARD_CLUSTER;JUN29=PUT_CALL_PARITY;DEC30=PUT_CALL_PARITY,SEP26=30784.5;OCT26=30771.875;DEC29=30567.375;DEC26=25293.875;NOV26=31207.875;MAR27=27605.375;JUN27=24447;DEC27=21051.75;SEP27=36072.5,DEC28=GLOBAL_REFERENCE_NO_OBSERVATION;JUN27=GLOBAL_REFERENCE_OUTLIER_SERIES_FORWARD_CLUSTER;DEC27=GLOBAL_REFERENCE_OUTLIER_SERIES_FORWARD_CLUSTER;JUN29=GLOBAL_REFERENCE_NO_OBSERVATION;DEC30=GLOBAL_REFERENCE_NO_OBSERVATION,WEIGHTED_ATM,2026-09-30,6,120,0.0,NONE,5139,4967,0,0,165,NONE,MN1;MN2;MN3;MN4;MN5;QMW;QRW;QTW;QWW,OK,NONE,NONE,2026-09-21
NAS,28830.0,-28040.29073363758,0.002959736935835522,0.0,0.0,0.0,0.0,0.0,0.0,31097.76071498286,30471.23928501714,31411.021429965713,30157.978570034287,DEC26,SEP26,2026-09-23,2026-12-18,30784.5,29969.045028362125,FOUND,DEGRADED,SPOT_MONTH_FALLBACK;ESTIMATED_EXPIRY_ALIAS,2026-08-02.2,PUT_CALL_PARITY,SEP26,SEP26=PUT_CALL_PARITY;OCT26=PUT_CALL_PARITY;DEC29=SERIES_FORWARD_CLUSTER;DEC26=SERIES_FORWARD_CLUSTER;NOV26=SERIES_FORWARD_CLUSTER;MAR27=SERIES_FORWARD_CLUSTER;DEC28=PUT_CALL_PARITY;JUN27=PUT_CALL_PARITY;DEC27=PUT_CALL_PARITY;SEP27=SERIES_FORWARD_CLUSTER;JUN29=PUT_CALL_PARITY;DEC30=PUT_CALL_PARITY,SEP26=30784.5;OCT26=30771.875;DEC29=30567.375;DEC26=25293.875;NOV26=31207.875;MAR27=27605.375;JUN27=24447;DEC27=21051.75;SEP27=36072.5,DEC28=GLOBAL_REFERENCE_NO_OBSERVATION;JUN27=GLOBAL_REFERENCE_OUTLIER_SERIES_FORWARD_CLUSTER;DEC27=GLOBAL_REFERENCE_OUTLIER_SERIES_FORWARD_CLUSTER;JUN29=GLOBAL_REFERENCE_NO_OBSERVATION;DEC30=GLOBAL_REFERENCE_NO_OBSERVATION,WEIGHTED_ATM,2026-09-30,6,120,0.0,NONE,5139,4967,0,0,165,NONE,MN1;MN2;MN3;MN4;MN5;QMW;QRW;QTW;QWW,OK,NONE,NONE,2026-09-21
NAS,28850.0,-1314159.204407824,0.13940913610880776,0.0,0.0,0.0,0.0,0.0,0.0,31097.76071498286,30471.23928501714,31411.021429965713,30157.978570034287,DEC26,SEP26,2026-09-23,2026-12-18,30784.5,29969.045028362125,FOUND,DEGRADED,SPOT_MONTH_FALLBACK;ESTIMATED_EXPIRY_ALIAS,2026-08-02.2,PUT_CALL_PARITY,SEP26,SEP26=PUT_CALL_PARITY;OCT26=PUT_CALL_PARITY;DEC29=SERIES_FORWARD_CLUSTER;DEC26=SERIES_FORWARD_CLUSTER;NOV26=SERIES_FORWARD_CLUSTER;MAR27=SERIES_FORWARD_CLUSTER;DEC28=PUT_CALL_PARITY;JUN27=PUT_CALL_PARITY;DEC27=PUT_CALL_PARITY;SEP27=SERIES_FORWARD_CLUSTER;JUN29=PUT_CALL_PARITY;DEC30=PUT_CALL_PARITY,SEP26=30784.5;OCT26=30771.875;DEC29=30567.375;DEC26=25293.875;NOV26=31207.875;MAR27=27605.375;JUN27=24447;DEC27=21051.75;SEP27=36072.5,DEC28=GLOBAL_REFERENCE_NO_OBSERVATION;JUN27=GLOBAL_REFERENCE_OUTLIER_SERIES_FORWARD_CLUSTER;DEC27=GLOBAL_REFERENCE_OUTLIER_SERIES_FORWARD_CLUSTER;JUN29=GLOBAL_REFERENCE_NO_OBSERVATION;DEC30=GLOBAL_REFERENCE_NO_OBSERVATION,WEIGHTED_ATM,2026-09-30,6,120,0.0,NONE,5139,4967,0,0,165,NONE,MN1;MN2;MN3;MN4;MN5;QMW;QRW;QTW;QWW,OK,NONE,NONE,2026-09-21
NAS,28860.0,-23901.865292099767,0.0025226208316384913,0.0,0.0,0.0,0.0,0.0,0.0,31097.76071498286,30471.23928501714,31411.021429965713,30157.978570034287,DEC26,SEP26,2026-09-23,2026-12-18,30784.5,29969.045028362125,FOUND,DEGRADED,SPOT_MONTH_FALLBACK;ESTIMATED_EXPIRY_ALIAS,2026-08-02.2,PUT_CALL_PARITY,SEP26,SEP26=PUT_CALL_PARITY;OCT26=PUT_CALL_PARITY;DEC29=SERIES_FORWARD_CLUSTER;DEC26=SERIES_FORWARD_CLUSTER;NOV26=SERIES_FORWARD_CLUSTER;MAR27=SERIES_FORWARD_CLUSTER;DEC28=PUT_CALL_PARITY;JUN27=PUT_CALL_PARITY;DEC27=PUT_CALL_PARITY;SEP27=SERIES_FORWARD_CLUSTER;JUN29=PUT_CALL_PARITY;DEC30=PUT_CALL_PARITY,SEP26=30784.5;OCT26=30771.875;DEC29=30567.375;DEC26=25293.875;NOV26=31207.875;MAR27=27605.375;JUN27=24447;DEC27=21051.75;SEP27=36072.5,DEC28=GLOBAL_REFERENCE_NO_OBSERVATION;JUN27=GLOBAL_REFERENCE_OUTLIER_SERIES_FORWARD_CLUSTER;DEC27=GLOBAL_REFERENCE_OUTLIER_SERIES_FORWARD_CLUSTER;JUN29=GLOBAL_REFERENCE_NO_OBSERVATION;DEC30=GLOBAL_REFERENCE_NO_OBSERVATION,WEIGHTED_ATM,2026-09-30,6,120,0.0,NONE,5139,4967,0,0,165,NONE,MN1;MN2;MN3;MN4;MN5;QMW;QRW;QTW;QWW,OK,NONE,NONE,2026-09-21
NAS,28870.0,-11420.69102762188,0.0012061031819007935,0.0,0.0,0.0,0.0,0.0,0.0,31097.76071498286,30471.23928501714,31411.021429965713,30157.978570034287,DEC26,SEP26,2026-09-23,2026-12-18,30784.5,29969.045028362125,FOUND,DEGRADED,SPOT_MONTH_FALLBACK;ESTIMATED_EXPIRY_ALIAS,2026-08-02.2,PUT_CALL_PARITY,SEP26,SEP26=PUT_CALL_PARITY;OCT26=PUT_CALL_PARITY;DEC29=SERIES_FORWARD_CLUSTER;DEC26=SERIES_FORWARD_CLUSTER;NOV26=SERIES_FORWARD_CLUSTER;MAR27=SERIES_FORWARD_CLUSTER;DEC28=PUT_CALL_PARITY;JUN27=PUT_CALL_PARITY;DEC27=PUT_CALL_PARITY;SEP27=SERIES_FORWARD_CLUSTER;JUN29=PUT_CALL_PARITY;DEC30=PUT_CALL_PARITY,SEP26=30784.5;OCT26=30771.875;DEC29=30567.375;DEC26=25293.875;NOV26=31207.875;MAR27=27605.375;JUN27=24447;DEC27=21051.75;SEP27=36072.5,DEC28=GLOBAL_REFERENCE_NO_OBSERVATION;JUN27=GLOBAL_REFERENCE_OUTLIER_SERIES_FORWARD_CLUSTER;DEC27=GLOBAL_REFERENCE_OUTLIER_SERIES_FORWARD_CLUSTER;JUN29=GLOBAL_REFERENCE_NO_OBSERVATION;DEC30=GLOBAL_REFERENCE_NO_OBSERVATION,WEIGHTED_ATM,2026-09-30,6,120,0.0,NONE,5139,4967,0,0,165,NONE,MN1;MN2;MN3;MN4;MN5;QMW;QRW;QTW;QWW,OK,NONE,NONE,2026-09-21
NAS,28875.0,-232986.69058332557,0.02458966950738518,0.0,0.0,0.0,0.0,0.0,0.0,31097.76071498286,30471.23928501714,31411.021429965713,30157.978570034287,DEC26,SEP26,2026-09-23,2026-12-18,30784.5,29969.045028362125,FOUND,DEGRADED,SPOT_MONTH_FALLBACK;ESTIMATED_EXPIRY_ALIAS,2026-08-02.2,PUT_CALL_PARITY,SEP26,SEP26=PUT_CALL_PARITY;OCT26=PUT_CALL_PARITY;DEC29=SERIES_FORWARD_CLUSTER;DEC26=SERIES_FORWARD_CLUSTER;NOV26=SERIES_FORWARD_CLUSTER;MAR27=SERIES_FORWARD_CLUSTER;DEC28=PUT_CALL_PARITY;JUN27=PUT_CALL_PARITY;DEC27=PUT_CALL_PARITY;SEP27=SERIES_FORWARD_CLUSTER;JUN29=PUT_CALL_PARITY;DEC30=PUT_CALL_PARITY,SEP26=30784.5;OCT26=30771.875;DEC29=30567.375;DEC26=25293.875;NOV26=31207.875;MAR27=27605.375;JUN27=24447;DEC27=21051.75;SEP27=36072.5,DEC28=GLOBAL_REFERENCE_NO_OBSERVATION;JUN27=GLOBAL_REFERENCE_OUTLIER_SERIES_FORWARD_CLUSTER;DEC27=GLOBAL_REFERENCE_OUTLIER_SERIES_FORWARD_CLUSTER;JUN29=GLOBAL_REFERENCE_NO_OBSERVATION;DEC30=GLOBAL_REFERENCE_NO_OBSERVATION,WEIGHTED_ATM,2026-09-30,6,120,0.0,NONE,5139,4967,0,0,165,NONE,MN1;MN2;MN3;MN4;MN5;QMW;QRW;QTW;QWW,OK,NONE,NONE,2026-09-21
NAS,28880.0,-48516.36217346775,0.006113032218014712,0.0,0.0,0.0,0.0,0.0,0.0,31097.76071498286,30471.23928501714,31411.021429965713,30157.978570034287,DEC26,SEP26,2026-09-23,2026-12-18,30784.5,29969.045028362125,FOUND,DEGRADED,SPOT_MONTH_FALLBACK;ESTIMATED_EXPIRY_ALIAS,2026-08-02.2,PUT_CALL_PARITY,SEP26,SEP26=PUT_CALL_PARITY;OCT26=PUT_CALL_PARITY;DEC29=SERIES_FORWARD_CLUSTER;DEC26=SERIES_FORWARD_CLUSTER;NOV26=SERIES_FORWARD_CLUSTER;MAR27=SERIES_FORWARD_CLUSTER;DEC28=PUT_CALL_PARITY;JUN27=PUT_CALL_PARITY;DEC27=PUT_CALL_PARITY;SEP27=SERIES_FORWARD_CLUSTER;JUN29=PUT_CALL_PARITY;DEC30=PUT_CALL_PARITY,SEP26=30784.5;OCT26=30771.875;DEC29=30567.375;DEC26=25293.875;NOV26=31207.875;MAR27=27605.375;JUN27=24447;DEC27=21051.75;SEP27=36072.5,DEC28=GLOBAL_REFERENCE_NO_OBSERVATION;JUN27=GLOBAL_REFERENCE_OUTLIER_SERIES_FORWARD_CLUSTER;DEC27=GLOBAL_REFERENCE_OUTLIER_SERIES_FORWARD_CLUSTER;JUN29=GLOBAL_REFERENCE_NO_OBSERVATION;DEC30=GLOBAL_REFERENCE_NO_OBSERVATION,WEIGHTED_ATM,2026-09-30,6,120,0.0,NONE,5139,4967,0,0,165,NONE,MN1;MN2;MN3;MN4;MN5;QMW;QRW;QTW;QWW,OK,NONE,NONE,2026-09-21
NAS,28900.0,-8467268.735491252,1.1379741751379082,0.0,0.0,0.0,0.0,0.0,0.0,31097.76071498286,30471.23928501714,31411.021429965713,30157.978570034287,DEC26,SEP26,2026-09-23,2026-12-18,30784.5,29969.045028362125,FOUND,DEGRADED,SPOT_MONTH_FALLBACK;ESTIMATED_EXPIRY_ALIAS,2026-08-02.2,PUT_CALL_PARITY,SEP26,SEP26=PUT_CALL_PARITY;OCT26=PUT_CALL_PARITY;DEC29=SERIES_FORWARD_CLUSTER;DEC26=SERIES_FORWARD_CLUSTER;NOV26=SERIES_FORWARD_CLUSTER;MAR27=SERIES_FORWARD_CLUSTER;DEC28=PUT_CALL_PARITY;JUN27=PUT_CALL_PARITY;DEC27=PUT_CALL_PARITY;SEP27=SERIES_FORWARD_CLUSTER;JUN29=PUT_CALL_PARITY;DEC30=PUT_CALL_PARITY,SEP26=30784.5;OCT26=30771.875;DEC29=30567.375;DEC26=25293.875;NOV26=31207.875;MAR27=27605.375;JUN27=24447;DEC27=21051.75;SEP27=36072.5,DEC28=GLOBAL_REFERENCE_NO_OBSERVATION;JUN27=GLOBAL_REFERENCE_OUTLIER_SERIES_FORWARD_CLUSTER;DEC27=GLOBAL_REFERENCE_OUTLIER_SERIES_FORWARD_CLUSTER;JUN29=GLOBAL_REFERENCE_NO_OBSERVATION;DEC30=GLOBAL_REFERENCE_NO_OBSERVATION,WEIGHTED_ATM,2026-09-30,6,120,0.0,NONE,5139,4967,0,0,165,NONE,MN1;MN2;MN3;MN4;MN5;QMW;QRW;QTW;QWW,OK,NONE,NONE,2026-09-21
NAS,28910.0,-31905.936826818684,0.00336672227637072,0.0,0.0,0.0,0.0,0.0,0.0,31097.76071498286,30471.23928501714,31411.021429965713,30157.978570034287,DEC26,SEP26,2026-09-23,2026-12-18,30784.5,29969.045028362125,FOUND,DEGRADED,SPOT_MONTH_FALLBACK;ESTIMATED_EXPIRY_ALIAS,2026-08-02.2,PUT_CALL_PARITY,SEP26,SEP26=PUT_CALL_PARITY;OCT26=PUT_CALL_PARITY;DEC29=SERIES_FORWARD_CLUSTER;DEC26=SERIES_FORWARD_CLUSTER;NOV26=SERIES_FORWARD_CLUSTER;MAR27=SERIES_FORWARD_CLUSTER;DEC28=PUT_CALL_PARITY;JUN27=PUT_CALL_PARITY;DEC27=PUT_CALL_PARITY;SEP27=SERIES_FORWARD_CLUSTER;JUN29=PUT_CALL_PARITY;DEC30=PUT_CALL_PARITY,SEP26=30784.5;OCT26=30771.875;DEC29=30567.375;DEC26=25293.875;NOV26=31207.875;MAR27=27605.375;JUN27=24447;DEC27=21051.75;SEP27=36072.5,DEC28=GLOBAL_REFERENCE_NO_OBSERVATION;JUN27=GLOBAL_REFERENCE_OUTLIER_SERIES_FORWARD_CLUSTER;DEC27=GLOBAL_REFERENCE_OUTLIER_SERIES_FORWARD_CLUSTER;JUN29=GLOBAL_REFERENCE_NO_OBSERVATION;DEC30=GLOBAL_REFERENCE_NO_OBSERVATION,WEIGHTED_ATM,2026-09-30,6,120,0.0,NONE,5139,4967,0,0,165,NONE,MN1;MN2;MN3;MN4;MN5;QMW;QRW;QTW;QWW,OK,NONE,NONE,2026-09-21
NAS,28920.0,-39993.71580150614,0.004222216308601509,0.0,0.0,0.0,0.0,0.0,0.0,31097.76071498286,30471.23928501714,31411.021429965713,30157.978570034287,DEC26,SEP26,2026-09-23,2026-12-18,30784.5,29969.045028362125,FOUND,DEGRADED,SPOT_MONTH_FALLBACK;ESTIMATED_EXPIRY_ALIAS,2026-08-02.2,PUT_CALL_PARITY,SEP26,SEP26=PUT_CALL_PARITY;OCT26=PUT_CALL_PARITY;DEC29=SERIES_FORWARD_CLUSTER;DEC26=SERIES_FORWARD_CLUSTER;NOV26=SERIES_FORWARD_CLUSTER;MAR27=SERIES_FORWARD_CLUSTER;DEC28=PUT_CALL_PARITY;JUN27=PUT_CALL_PARITY;DEC27=PUT_CALL_PARITY;SEP27=SERIES_FORWARD_CLUSTER;JUN29=PUT_CALL_PARITY;DEC30=PUT_CALL_PARITY,SEP26=30784.5;OCT26=30771.875;DEC29=30567.375;DEC26=25293.875;NOV26=31207.875;MAR27=27605.375;JUN27=24447;DEC27=21051.75;SEP27=36072.5,DEC28=GLOBAL_REFERENCE_NO_OBSERVATION;JUN27=GLOBAL_REFERENCE_OUTLIER_SERIES_FORWARD_CLUSTER;DEC27=GLOBAL_REFERENCE_OUTLIER_SERIES_FORWARD_CLUSTER;JUN29=GLOBAL_REFERENCE_NO_OBSERVATION;DEC30=GLOBAL_REFERENCE_NO_OBSERVATION,WEIGHTED_ATM,2026-09-30,6,120,0.0,NONE,5139,4967,0,0,165,NONE,MN1;MN2;MN3;MN4;MN5;QMW;QRW;QTW;QWW,OK,NONE,NONE,2026-09-21
NAS,28925.0,-253325.40953204944,0.02674396085862987,0.0,0.0,0.0,0.0,0.0,0.0,31097.76071498286,30471.23928501714,31411.021429965713,30157.978570034287,DEC26,SEP26,2026-09-23,2026-12-18,30784.5,29969.045028362125,FOUND,DEGRADED,SPOT_MONTH_FALLBACK;ESTIMATED_EXPIRY_ALIAS,2026-08-02.2,PUT_CALL_PARITY,SEP26,SEP26=PUT_CALL_PARITY;OCT26=PUT_CALL_PARITY;DEC29=SERIES_FORWARD_CLUSTER;DEC26=SERIES_FORWARD_CLUSTER;NOV26=SERIES_FORWARD_CLUSTER;MAR27=SERIES_FORWARD_CLUSTER;DEC28=PUT_CALL_PARITY;JUN27=PUT_CALL_PARITY;DEC27=PUT_CALL_PARITY;SEP27=SERIES_FORWARD_CLUSTER;JUN29=PUT_CALL_PARITY;DEC30=PUT_CALL_PARITY,SEP26=30784.5;OCT26=30771.875;DEC29=30567.375;DEC26=25293.875;NOV26=31207.875;MAR27=27605.375;JUN27=24447;DEC27=21051.75;SEP27=36072.5,DEC28=GLOBAL_REFERENCE_NO_OBSERVATION;JUN27=GLOBAL_REFERENCE_OUTLIER_SERIES_FORWARD_CLUSTER;DEC27=GLOBAL_REFERENCE_OUTLIER_SERIES_FORWARD_CLUSTER;JUN29=GLOBAL_REFERENCE_NO_OBSERVATION;DEC30=GLOBAL_REFERENCE_NO_OBSERVATION,WEIGHTED_ATM,2026-09-30,6,120,0.0,NONE,5139,4967,0,0,165,NONE,MN1;MN2;MN3;MN4;MN5;QMW;QRW;QTW;QWW,OK,NONE,NONE,2026-09-21
NAS,28930.0,0.0,0.0,0.0,0.0,0.0,0.0,0.0,0.0,31097.76071498286,30471.23928501714,31411.021429965713,30157.978570034287,DEC26,SEP26,2026-09-23,2026-12-18,30784.5,29969.045028362125,FOUND,DEGRADED,SPOT_MONTH_FALLBACK;ESTIMATED_EXPIRY_ALIAS,2026-08-02.2,PUT_CALL_PARITY,SEP26,SEP26=PUT_CALL_PARITY;OCT26=PUT_CALL_PARITY;DEC29=SERIES_FORWARD_CLUSTER;DEC26=SERIES_FORWARD_CLUSTER;NOV26=SERIES_FORWARD_CLUSTER;MAR27=SERIES_FORWARD_CLUSTER;DEC28=PUT_CALL_PARITY;JUN27=PUT_CALL_PARITY;DEC27=PUT_CALL_PARITY;SEP27=SERIES_FORWARD_CLUSTER;JUN29=PUT_CALL_PARITY;DEC30=PUT_CALL_PARITY,SEP26=30784.5;OCT26=30771.875;DEC29=30567.375;DEC26=25293.875;NOV26=31207.875;MAR27=27605.375;JUN27=24447;DEC27=21051.75;SEP27=36072.5,DEC28=GLOBAL_REFERENCE_NO_OBSERVATION;JUN27=GLOBAL_REFERENCE_OUTLIER_SERIES_FORWARD_CLUSTER;DEC27=GLOBAL_REFERENCE_OUTLIER_SERIES_FORWARD_CLUSTER;JUN29=GLOBAL_REFERENCE_NO_OBSERVATION;DEC30=GLOBAL_REFERENCE_NO_OBSERVATION,WEIGHTED_ATM,2026-09-30,6,120,0.0,NONE,5139,4967,0,0,165,NONE,MN1;MN2;MN3;MN4;MN5;QMW;QRW;QTW;QWW,OK,NONE,NONE,2026-09-21
NAS,28940.0,-78068.98759577148,0.008237858711343802,0.0,0.0,0.0,0.0,0.0,0.0,31097.76071498286,30471.23928501714,31411.021429965713,30157.978570034287,DEC26,SEP26,2026-09-23,2026-12-18,30784.5,29969.045028362125,FOUND,DEGRADED,SPOT_MONTH_FALLBACK;ESTIMATED_EXPIRY_ALIAS,2026-08-02.2,PUT_CALL_PARITY,SEP26,SEP26=PUT_CALL_PARITY;OCT26=PUT_CALL_PARITY;DEC29=SERIES_FORWARD_CLUSTER;DEC26=SERIES_FORWARD_CLUSTER;NOV26=SERIES_FORWARD_CLUSTER;MAR27=SERIES_FORWARD_CLUSTER;DEC28=PUT_CALL_PARITY;JUN27=PUT_CALL_PARITY;DEC27=PUT_CALL_PARITY;SEP27=SERIES_FORWARD_CLUSTER;JUN29=PUT_CALL_PARITY;DEC30=PUT_CALL_PARITY,SEP26=30784.5;OCT26=30771.875;DEC29=30567.375;DEC26=25293.875;NOV26=31207.875;MAR27=27605.375;JUN27=24447;DEC27=21051.75;SEP27=36072.5,DEC28=GLOBAL_REFERENCE_NO_OBSERVATION;JUN27=GLOBAL_REFERENCE_OUTLIER_SERIES_FORWARD_CLUSTER;DEC27=GLOBAL_REFERENCE_OUTLIER_SERIES_FORWARD_CLUSTER;JUN29=GLOBAL_REFERENCE_NO_OBSERVATION;DEC30=GLOBAL_REFERENCE_NO_OBSERVATION,WEIGHTED_ATM,2026-09-30,6,120,0.0,NONE,5139,4967,0,0,165,NONE,MN1;MN2;MN3;MN4;MN5;QMW;QRW;QTW;QWW,OK,NONE,NONE,2026-09-21
NAS,28950.0,-3277374.444828063,0.3531597662037049,0.0,0.0,0.0,0.0,0.0,0.0,31097.76071498286,30471.23928501714,31411.021429965713,30157.978570034287,DEC26,SEP26,2026-09-23,2026-12-18,30784.5,29969.045028362125,FOUND,DEGRADED,SPOT_MONTH_FALLBACK;ESTIMATED_EXPIRY_ALIAS,2026-08-02.2,PUT_CALL_PARITY,SEP26,SEP26=PUT_CALL_PARITY;OCT26=PUT_CALL_PARITY;DEC29=SERIES_FORWARD_CLUSTER;DEC26=SERIES_FORWARD_CLUSTER;NOV26=SERIES_FORWARD_CLUSTER;MAR27=SERIES_FORWARD_CLUSTER;DEC28=PUT_CALL_PARITY;JUN27=PUT_CALL_PARITY;DEC27=PUT_CALL_PARITY;SEP27=SERIES_FORWARD_CLUSTER;JUN29=PUT_CALL_PARITY;DEC30=PUT_CALL_PARITY,SEP26=30784.5;OCT26=30771.875;DEC29=30567.375;DEC26=25293.875;NOV26=31207.875;MAR27=27605.375;JUN27=24447;DEC27=21051.75;SEP27=36072.5,DEC28=GLOBAL_REFERENCE_NO_OBSERVATION;JUN27=GLOBAL_REFERENCE_OUTLIER_SERIES_FORWARD_CLUSTER;DEC27=GLOBAL_REFERENCE_OUTLIER_SERIES_FORWARD_CLUSTER;JUN29=GLOBAL_REFERENCE_NO_OBSERVATION;DEC30=GLOBAL_REFERENCE_NO_OBSERVATION,WEIGHTED_ATM,2026-09-30,6,120,0.0,NONE,5139,4967,0,0,165,NONE,MN1;MN2;MN3;MN4;MN5;QMW;QRW;QTW;QWW,OK,NONE,NONE,2026-09-21
NAS,28960.0,-48655.54804890988,0.005134701918153324,0.0,0.0,0.0,0.0,0.0,0.0,31097.76071498286,30471.23928501714,31411.021429965713,30157.978570034287,DEC26,SEP26,2026-09-23,2026-12-18,30784.5,29969.045028362125,FOUND,DEGRADED,SPOT_MONTH_FALLBACK;ESTIMATED_EXPIRY_ALIAS,2026-08-02.2,PUT_CALL_PARITY,SEP26,SEP26=PUT_CALL_PARITY;OCT26=PUT_CALL_PARITY;DEC29=SERIES_FORWARD_CLUSTER;DEC26=SERIES_FORWARD_CLUSTER;NOV26=SERIES_FORWARD_CLUSTER;MAR27=SERIES_FORWARD_CLUSTER;DEC28=PUT_CALL_PARITY;JUN27=PUT_CALL_PARITY;DEC27=PUT_CALL_PARITY;SEP27=SERIES_FORWARD_CLUSTER;JUN29=PUT_CALL_PARITY;DEC30=PUT_CALL_PARITY,SEP26=30784.5;OCT26=30771.875;DEC29=30567.375;DEC26=25293.875;NOV26=31207.875;MAR27=27605.375;JUN27=24447;DEC27=21051.75;SEP27=36072.5,DEC28=GLOBAL_REFERENCE_NO_OBSERVATION;JUN27=GLOBAL_REFERENCE_OUTLIER_SERIES_FORWARD_CLUSTER;DEC27=GLOBAL_REFERENCE_OUTLIER_SERIES_FORWARD_CLUSTER;JUN29=GLOBAL_REFERENCE_NO_OBSERVATION;DEC30=GLOBAL_REFERENCE_NO_OBSERVATION,WEIGHTED_ATM,2026-09-30,6,120,0.0,NONE,5139,4967,0,0,165,NONE,MN1;MN2;MN3;MN4;MN5;QMW;QRW;QTW;QWW,OK,NONE,NONE,2026-09-21
NAS,28975.0,-142887.1304578357,0.01600931556023481,0.0,0.0,0.0,0.0,0.0,0.0,31097.76071498286,30471.23928501714,31411.021429965713,30157.978570034287,DEC26,SEP26,2026-09-23,2026-12-18,30784.5,29969.045028362125,FOUND,DEGRADED,SPOT_MONTH_FALLBACK;ESTIMATED_EXPIRY_ALIAS,2026-08-02.2,PUT_CALL_PARITY,SEP26,SEP26=PUT_CALL_PARITY;OCT26=PUT_CALL_PARITY;DEC29=SERIES_FORWARD_CLUSTER;DEC26=SERIES_FORWARD_CLUSTER;NOV26=SERIES_FORWARD_CLUSTER;MAR27=SERIES_FORWARD_CLUSTER;DEC28=PUT_CALL_PARITY;JUN27=PUT_CALL_PARITY;DEC27=PUT_CALL_PARITY;SEP27=SERIES_FORWARD_CLUSTER;JUN29=PUT_CALL_PARITY;DEC30=PUT_CALL_PARITY,SEP26=30784.5;OCT26=30771.875;DEC29=30567.375;DEC26=25293.875;NOV26=31207.875;MAR27=27605.375;JUN27=24447;DEC27=21051.75;SEP27=36072.5,DEC28=GLOBAL_REFERENCE_NO_OBSERVATION;JUN27=GLOBAL_REFERENCE_OUTLIER_SERIES_FORWARD_CLUSTER;DEC27=GLOBAL_REFERENCE_OUTLIER_SERIES_FORWARD_CLUSTER;JUN29=GLOBAL_REFERENCE_NO_OBSERVATION;DEC30=GLOBAL_REFERENCE_NO_OBSERVATION,WEIGHTED_ATM,2026-09-30,6,120,0.0,NONE,5139,4967,0,0,165,NONE,MN1;MN2;MN3;MN4;MN5;QMW;QRW;QTW;QWW,OK,NONE,NONE,2026-09-21
NAS,28980.0,-6548.187116281325,0.00069153340174664,0.0,0.0,0.0,0.0,0.0,0.0,31097.76071498286,30471.23928501714,31411.021429965713,30157.978570034287,DEC26,SEP26,2026-09-23,2026-12-18,30784.5,29969.045028362125,FOUND,DEGRADED,SPOT_MONTH_FALLBACK;ESTIMATED_EXPIRY_ALIAS,2026-08-02.2,PUT_CALL_PARITY,SEP26,SEP26=PUT_CALL_PARITY;OCT26=PUT_CALL_PARITY;DEC29=SERIES_FORWARD_CLUSTER;DEC26=SERIES_FORWARD_CLUSTER;NOV26=SERIES_FORWARD_CLUSTER;MAR27=SERIES_FORWARD_CLUSTER;DEC28=PUT_CALL_PARITY;JUN27=PUT_CALL_PARITY;DEC27=PUT_CALL_PARITY;SEP27=SERIES_FORWARD_CLUSTER;JUN29=PUT_CALL_PARITY;DEC30=PUT_CALL_PARITY,SEP26=30784.5;OCT26=30771.875;DEC29=30567.375;DEC26=25293.875;NOV26=31207.875;MAR27=27605.375;JUN27=24447;DEC27=21051.75;SEP27=36072.5,DEC28=GLOBAL_REFERENCE_NO_OBSERVATION;JUN27=GLOBAL_REFERENCE_OUTLIER_SERIES_FORWARD_CLUSTER;DEC27=GLOBAL_REFERENCE_OUTLIER_SERIES_FORWARD_CLUSTER;JUN29=GLOBAL_REFERENCE_NO_OBSERVATION;DEC30=GLOBAL_REFERENCE_NO_OBSERVATION,WEIGHTED_ATM,2026-09-30,6,120,0.0,NONE,5139,4967,0,0,165,NONE,MN1;MN2;MN3;MN4;MN5;QMW;QRW;QTW;QWW,OK,NONE,NONE,2026-09-21
NAS,28990.0,-41813.61666574241,0.00441390050557447,0.0,0.0,0.0,0.0,0.0,0.0,31097.76071498286,30471.23928501714,31411.021429965713,30157.978570034287,DEC26,SEP26,2026-09-23,2026-12-18,30784.5,29969.045028362125,FOUND,DEGRADED,SPOT_MONTH_FALLBACK;ESTIMATED_EXPIRY_ALIAS,2026-08-02.2,PUT_CALL_PARITY,SEP26,SEP26=PUT_CALL_PARITY;OCT26=PUT_CALL_PARITY;DEC29=SERIES_FORWARD_CLUSTER;DEC26=SERIES_FORWARD_CLUSTER;NOV26=SERIES_FORWARD_CLUSTER;MAR27=SERIES_FORWARD_CLUSTER;DEC28=PUT_CALL_PARITY;JUN27=PUT_CALL_PARITY;DEC27=PUT_CALL_PARITY;SEP27=SERIES_FORWARD_CLUSTER;JUN29=PUT_CALL_PARITY;DEC30=PUT_CALL_PARITY,SEP26=30784.5;OCT26=30771.875;DEC29=30567.375;DEC26=25293.875;NOV26=31207.875;MAR27=27605.375;JUN27=24447;DEC27=21051.75;SEP27=36072.5,DEC28=GLOBAL_REFERENCE_NO_OBSERVATION;JUN27=GLOBAL_REFERENCE_OUTLIER_SERIES_FORWARD_CLUSTER;DEC27=GLOBAL_REFERENCE_OUTLIER_SERIES_FORWARD_CLUSTER;JUN29=GLOBAL_REFERENCE_NO_OBSERVATION;DEC30=GLOBAL_REFERENCE_NO_OBSERVATION,WEIGHTED_ATM,2026-09-30,6,120,0.0,NONE,5139,4967,0,0,165,NONE,MN1;MN2;MN3;MN4;MN5;QMW;QRW;QTW;QWW,OK,NONE,NONE,2026-09-21
NAS,29000.0,-45211447.50169584,5.947790616803635,0.0,0.0,0.0,0.0,0.0,0.0,31097.76071498286,30471.23928501714,31411.021429965713,30157.978570034287,DEC26,SEP26,2026-09-23,2026-12-18,30784.5,29969.045028362125,FOUND,DEGRADED,SPOT_MONTH_FALLBACK;ESTIMATED_EXPIRY_ALIAS,2026-08-02.2,PUT_CALL_PARITY,SEP26,SEP26=PUT_CALL_PARITY;OCT26=PUT_CALL_PARITY;DEC29=SERIES_FORWARD_CLUSTER;DEC26=SERIES_FORWARD_CLUSTER;NOV26=SERIES_FORWARD_CLUSTER;MAR27=SERIES_FORWARD_CLUSTER;DEC28=PUT_CALL_PARITY;JUN27=PUT_CALL_PARITY;DEC27=PUT_CALL_PARITY;SEP27=SERIES_FORWARD_CLUSTER;JUN29=PUT_CALL_PARITY;DEC30=PUT_CALL_PARITY,SEP26=30784.5;OCT26=30771.875;DEC29=30567.375;DEC26=25293.875;NOV26=31207.875;MAR27=27605.375;JUN27=24447;DEC27=21051.75;SEP27=36072.5,DEC28=GLOBAL_REFERENCE_NO_OBSERVATION;JUN27=GLOBAL_REFERENCE_OUTLIER_SERIES_FORWARD_CLUSTER;DEC27=GLOBAL_REFERENCE_OUTLIER_SERIES_FORWARD_CLUSTER;JUN29=GLOBAL_REFERENCE_NO_OBSERVATION;DEC30=GLOBAL_REFERENCE_NO_OBSERVATION,WEIGHTED_ATM,2026-09-30,6,120,0.0,NONE,5139,4967,0,0,165,NONE,MN1;MN2;MN3;MN4;MN5;QMW;QRW;QTW;QWW,OK,NONE,NONE,2026-09-21
NAS,29010.0,-105008.97860386284,0.011080573167417389,0.0,0.0,0.0,0.0,0.0,0.0,31097.76071498286,30471.23928501714,31411.021429965713,30157.978570034287,DEC26,SEP26,2026-09-23,2026-12-18,30784.5,29969.045028362125,FOUND,DEGRADED,SPOT_MONTH_FALLBACK;ESTIMATED_EXPIRY_ALIAS,2026-08-02.2,PUT_CALL_PARITY,SEP26,SEP26=PUT_CALL_PARITY;OCT26=PUT_CALL_PARITY;DEC29=SERIES_FORWARD_CLUSTER;DEC26=SERIES_FORWARD_CLUSTER;NOV26=SERIES_FORWARD_CLUSTER;MAR27=SERIES_FORWARD_CLUSTER;DEC28=PUT_CALL_PARITY;JUN27=PUT_CALL_PARITY;DEC27=PUT_CALL_PARITY;SEP27=SERIES_FORWARD_CLUSTER;JUN29=PUT_CALL_PARITY;DEC30=PUT_CALL_PARITY,SEP26=30784.5;OCT26=30771.875;DEC29=30567.375;DEC26=25293.875;NOV26=31207.875;MAR27=27605.375;JUN27=24447;DEC27=21051.75;SEP27=36072.5,DEC28=GLOBAL_REFERENCE_NO_OBSERVATION;JUN27=GLOBAL_REFERENCE_OUTLIER_SERIES_FORWARD_CLUSTER;DEC27=GLOBAL_REFERENCE_OUTLIER_SERIES_FORWARD_CLUSTER;JUN29=GLOBAL_REFERENCE_NO_OBSERVATION;DEC30=GLOBAL_REFERENCE_NO_OBSERVATION,WEIGHTED_ATM,2026-09-30,6,120,0.0,NONE,5139,4967,0,0,165,NONE,MN1;MN2;MN3;MN4;MN5;QMW;QRW;QTW;QWW,OK,NONE,NONE,2026-09-21
NAS,29020.0,-3401.1983546632,0.00035918983780521956,0.0,0.0,0.0,0.0,0.0,0.0,31097.76071498286,30471.23928501714,31411.021429965713,30157.978570034287,DEC26,SEP26,2026-09-23,2026-12-18,30784.5,29969.045028362125,FOUND,DEGRADED,SPOT_MONTH_FALLBACK;ESTIMATED_EXPIRY_ALIAS,2026-08-02.2,PUT_CALL_PARITY,SEP26,SEP26=PUT_CALL_PARITY;OCT26=PUT_CALL_PARITY;DEC29=SERIES_FORWARD_CLUSTER;DEC26=SERIES_FORWARD_CLUSTER;NOV26=SERIES_FORWARD_CLUSTER;MAR27=SERIES_FORWARD_CLUSTER;DEC28=PUT_CALL_PARITY;JUN27=PUT_CALL_PARITY;DEC27=PUT_CALL_PARITY;SEP27=SERIES_FORWARD_CLUSTER;JUN29=PUT_CALL_PARITY;DEC30=PUT_CALL_PARITY,SEP26=30784.5;OCT26=30771.875;DEC29=30567.375;DEC26=25293.875;NOV26=31207.875;MAR27=27605.375;JUN27=24447;DEC27=21051.75;SEP27=36072.5,DEC28=GLOBAL_REFERENCE_NO_OBSERVATION;JUN27=GLOBAL_REFERENCE_OUTLIER_SERIES_FORWARD_CLUSTER;DEC27=GLOBAL_REFERENCE_OUTLIER_SERIES_FORWARD_CLUSTER;JUN29=GLOBAL_REFERENCE_NO_OBSERVATION;DEC30=GLOBAL_REFERENCE_NO_OBSERVATION,WEIGHTED_ATM,2026-09-30,6,120,0.0,NONE,5139,4967,0,0,165,NONE,MN1;MN2;MN3;MN4;MN5;QMW;QRW;QTW;QWW,OK,NONE,NONE,2026-09-21
NAS,29025.0,-160351.37441433442,0.01845008181999283,0.0,0.0,0.0,0.0,0.0,0.0,31097.76071498286,30471.23928501714,31411.021429965713,30157.978570034287,DEC26,SEP26,2026-09-23,2026-12-18,30784.5,29969.045028362125,FOUND,DEGRADED,SPOT_MONTH_FALLBACK;ESTIMATED_EXPIRY_ALIAS,2026-08-02.2,PUT_CALL_PARITY,SEP26,SEP26=PUT_CALL_PARITY;OCT26=PUT_CALL_PARITY;DEC29=SERIES_FORWARD_CLUSTER;DEC26=SERIES_FORWARD_CLUSTER;NOV26=SERIES_FORWARD_CLUSTER;MAR27=SERIES_FORWARD_CLUSTER;DEC28=PUT_CALL_PARITY;JUN27=PUT_CALL_PARITY;DEC27=PUT_CALL_PARITY;SEP27=SERIES_FORWARD_CLUSTER;JUN29=PUT_CALL_PARITY;DEC30=PUT_CALL_PARITY,SEP26=30784.5;OCT26=30771.875;DEC29=30567.375;DEC26=25293.875;NOV26=31207.875;MAR27=27605.375;JUN27=24447;DEC27=21051.75;SEP27=36072.5,DEC28=GLOBAL_REFERENCE_NO_OBSERVATION;JUN27=GLOBAL_REFERENCE_OUTLIER_SERIES_FORWARD_CLUSTER;DEC27=GLOBAL_REFERENCE_OUTLIER_SERIES_FORWARD_CLUSTER;JUN29=GLOBAL_REFERENCE_NO_OBSERVATION;DEC30=GLOBAL_REFERENCE_NO_OBSERVATION,WEIGHTED_ATM,2026-09-30,6,120,0.0,NONE,5139,4967,0,0,165,NONE,MN1;MN2;MN3;MN4;MN5;QMW;QRW;QTW;QWW,OK,NONE,NONE,2026-09-21
NAS,29030.0,-23075.120809989894,0.00243518981438547,0.0,0.0,0.0,0.0,0.0,0.0,31097.76071498286,30471.23928501714,31411.021429965713,30157.978570034287,DEC26,SEP26,2026-09-23,2026-12-18,30784.5,29969.045028362125,FOUND,DEGRADED,SPOT_MONTH_FALLBACK;ESTIMATED_EXPIRY_ALIAS,2026-08-02.2,PUT_CALL_PARITY,SEP26,SEP26=PUT_CALL_PARITY;OCT26=PUT_CALL_PARITY;DEC29=SERIES_FORWARD_CLUSTER;DEC26=SERIES_FORWARD_CLUSTER;NOV26=SERIES_FORWARD_CLUSTER;MAR27=SERIES_FORWARD_CLUSTER;DEC28=PUT_CALL_PARITY;JUN27=PUT_CALL_PARITY;DEC27=PUT_CALL_PARITY;SEP27=SERIES_FORWARD_CLUSTER;JUN29=PUT_CALL_PARITY;DEC30=PUT_CALL_PARITY,SEP26=30784.5;OCT26=30771.875;DEC29=30567.375;DEC26=25293.875;NOV26=31207.875;MAR27=27605.375;JUN27=24447;DEC27=21051.75;SEP27=36072.5,DEC28=GLOBAL_REFERENCE_NO_OBSERVATION;JUN27=GLOBAL_REFERENCE_OUTLIER_SERIES_FORWARD_CLUSTER;DEC27=GLOBAL_REFERENCE_OUTLIER_SERIES_FORWARD_CLUSTER;JUN29=GLOBAL_REFERENCE_NO_OBSERVATION;DEC30=GLOBAL_REFERENCE_NO_OBSERVATION,WEIGHTED_ATM,2026-09-30,6,120,0.0,NONE,5139,4967,0,0,165,NONE,MN1;MN2;MN3;MN4;MN5;QMW;QRW;QTW;QWW,OK,NONE,NONE,2026-09-21
NAS,29040.0,-20178.796730189042,0.0021292715782217633,0.0,0.0,0.0,0.0,0.0,0.0,31097.76071498286,30471.23928501714,31411.021429965713,30157.978570034287,DEC26,SEP26,2026-09-23,2026-12-18,30784.5,29969.045028362125,FOUND,DEGRADED,SPOT_MONTH_FALLBACK;ESTIMATED_EXPIRY_ALIAS,2026-08-02.2,PUT_CALL_PARITY,SEP26,SEP26=PUT_CALL_PARITY;OCT26=PUT_CALL_PARITY;DEC29=SERIES_FORWARD_CLUSTER;DEC26=SERIES_FORWARD_CLUSTER;NOV26=SERIES_FORWARD_CLUSTER;MAR27=SERIES_FORWARD_CLUSTER;DEC28=PUT_CALL_PARITY;JUN27=PUT_CALL_PARITY;DEC27=PUT_CALL_PARITY;SEP27=SERIES_FORWARD_CLUSTER;JUN29=PUT_CALL_PARITY;DEC30=PUT_CALL_PARITY,SEP26=30784.5;OCT26=30771.875;DEC29=30567.375;DEC26=25293.875;NOV26=31207.875;MAR27=27605.375;JUN27=24447;DEC27=21051.75;SEP27=36072.5,DEC28=GLOBAL_REFERENCE_NO_OBSERVATION;JUN27=GLOBAL_REFERENCE_OUTLIER_SERIES_FORWARD_CLUSTER;DEC27=GLOBAL_REFERENCE_OUTLIER_SERIES_FORWARD_CLUSTER;JUN29=GLOBAL_REFERENCE_NO_OBSERVATION;DEC30=GLOBAL_REFERENCE_NO_OBSERVATION,WEIGHTED_ATM,2026-09-30,6,120,0.0,NONE,5139,4967,0,0,165,NONE,MN1;MN2;MN3;MN4;MN5;QMW;QRW;QTW;QWW,OK,NONE,NONE,2026-09-21
NAS,29050.0,-2639181.7047374197,0.29580279142358756,0.0,0.0,0.0,0.0,0.0,0.0,31097.76071498286,30471.23928501714,31411.021429965713,30157.978570034287,DEC26,SEP26,2026-09-23,2026-12-18,30784.5,29969.045028362125,FOUND,DEGRADED,SPOT_MONTH_FALLBACK;ESTIMATED_EXPIRY_ALIAS,2026-08-02.2,PUT_CALL_PARITY,SEP26,SEP26=PUT_CALL_PARITY;OCT26=PUT_CALL_PARITY;DEC29=SERIES_FORWARD_CLUSTER;DEC26=SERIES_FORWARD_CLUSTER;NOV26=SERIES_FORWARD_CLUSTER;MAR27=SERIES_FORWARD_CLUSTER;DEC28=PUT_CALL_PARITY;JUN27=PUT_CALL_PARITY;DEC27=PUT_CALL_PARITY;SEP27=SERIES_FORWARD_CLUSTER;JUN29=PUT_CALL_PARITY;DEC30=PUT_CALL_PARITY,SEP26=30784.5;OCT26=30771.875;DEC29=30567.375;DEC26=25293.875;NOV26=31207.875;MAR27=27605.375;JUN27=24447;DEC27=21051.75;SEP27=36072.5,DEC28=GLOBAL_REFERENCE_NO_OBSERVATION;JUN27=GLOBAL_REFERENCE_OUTLIER_SERIES_FORWARD_CLUSTER;DEC27=GLOBAL_REFERENCE_OUTLIER_SERIES_FORWARD_CLUSTER;JUN29=GLOBAL_REFERENCE_NO_OBSERVATION;DEC30=GLOBAL_REFERENCE_NO_OBSERVATION,WEIGHTED_ATM,2026-09-30,6,120,0.0,NONE,5139,4967,0,0,165,NONE,MN1;MN2;MN3;MN4;MN5;QMW;QRW;QTW;QWW,OK,NONE,NONE,2026-09-21
NAS,29060.0,-23515.94755489706,0.0024829922046040414,0.0,0.0,0.0,0.0,0.0,0.0,31097.76071498286,30471.23928501714,31411.021429965713,30157.978570034287,DEC26,SEP26,2026-09-23,2026-12-18,30784.5,29969.045028362125,FOUND,DEGRADED,SPOT_MONTH_FALLBACK;ESTIMATED_EXPIRY_ALIAS,2026-08-02.2,PUT_CALL_PARITY,SEP26,SEP26=PUT_CALL_PARITY;OCT26=PUT_CALL_PARITY;DEC29=SERIES_FORWARD_CLUSTER;DEC26=SERIES_FORWARD_CLUSTER;NOV26=SERIES_FORWARD_CLUSTER;MAR27=SERIES_FORWARD_CLUSTER;DEC28=PUT_CALL_PARITY;JUN27=PUT_CALL_PARITY;DEC27=PUT_CALL_PARITY;SEP27=SERIES_FORWARD_CLUSTER;JUN29=PUT_CALL_PARITY;DEC30=PUT_CALL_PARITY,SEP26=30784.5;OCT26=30771.875;DEC29=30567.375;DEC26=25293.875;NOV26=31207.875;MAR27=27605.375;JUN27=24447;DEC27=21051.75;SEP27=36072.5,DEC28=GLOBAL_REFERENCE_NO_OBSERVATION;JUN27=GLOBAL_REFERENCE_OUTLIER_SERIES_FORWARD_CLUSTER;DEC27=GLOBAL_REFERENCE_OUTLIER_SERIES_FORWARD_CLUSTER;JUN29=GLOBAL_REFERENCE_NO_OBSERVATION;DEC30=GLOBAL_REFERENCE_NO_OBSERVATION,WEIGHTED_ATM,2026-09-30,6,120,0.0,NONE,5139,4967,0,0,165,NONE,MN1;MN2;MN3;MN4;MN5;QMW;QRW;QTW;QWW,OK,NONE,NONE,2026-09-21
NAS,29070.0,-24867.405833664743,0.002624014760330675,0.0,0.0,0.0,0.0,0.0,0.0,31097.76071498286,30471.23928501714,31411.021429965713,30157.978570034287,DEC26,SEP26,2026-09-23,2026-12-18,30784.5,29969.045028362125,FOUND,DEGRADED,SPOT_MONTH_FALLBACK;ESTIMATED_EXPIRY_ALIAS,2026-08-02.2,PUT_CALL_PARITY,SEP26,SEP26=PUT_CALL_PARITY;OCT26=PUT_CALL_PARITY;DEC29=SERIES_FORWARD_CLUSTER;DEC26=SERIES_FORWARD_CLUSTER;NOV26=SERIES_FORWARD_CLUSTER;MAR27=SERIES_FORWARD_CLUSTER;DEC28=PUT_CALL_PARITY;JUN27=PUT_CALL_PARITY;DEC27=PUT_CALL_PARITY;SEP27=SERIES_FORWARD_CLUSTER;JUN29=PUT_CALL_PARITY;DEC30=PUT_CALL_PARITY,SEP26=30784.5;OCT26=30771.875;DEC29=30567.375;DEC26=25293.875;NOV26=31207.875;MAR27=27605.375;JUN27=24447;DEC27=21051.75;SEP27=36072.5,DEC28=GLOBAL_REFERENCE_NO_OBSERVATION;JUN27=GLOBAL_REFERENCE_OUTLIER_SERIES_FORWARD_CLUSTER;DEC27=GLOBAL_REFERENCE_OUTLIER_SERIES_FORWARD_CLUSTER;JUN29=GLOBAL_REFERENCE_NO_OBSERVATION;DEC30=GLOBAL_REFERENCE_NO_OBSERVATION,WEIGHTED_ATM,2026-09-30,6,120,0.0,NONE,5139,4967,0,0,165,NONE,MN1;MN2;MN3;MN4;MN5;QMW;QRW;QTW;QWW,OK,NONE,NONE,2026-09-21
NAS,29075.0,-239676.7130944404,0.02769446621336126,0.0,0.0,0.0,0.0,0.0,0.0,31097.76071498286,30471.23928501714,31411.021429965713,30157.978570034287,DEC26,SEP26,2026-09-23,2026-12-18,30784.5,29969.045028362125,FOUND,DEGRADED,SPOT_MONTH_FALLBACK;ESTIMATED_EXPIRY_ALIAS,2026-08-02.2,PUT_CALL_PARITY,SEP26,SEP26=PUT_CALL_PARITY;OCT26=PUT_CALL_PARITY;DEC29=SERIES_FORWARD_CLUSTER;DEC26=SERIES_FORWARD_CLUSTER;NOV26=SERIES_FORWARD_CLUSTER;MAR27=SERIES_FORWARD_CLUSTER;DEC28=PUT_CALL_PARITY;JUN27=PUT_CALL_PARITY;DEC27=PUT_CALL_PARITY;SEP27=SERIES_FORWARD_CLUSTER;JUN29=PUT_CALL_PARITY;DEC30=PUT_CALL_PARITY,SEP26=30784.5;OCT26=30771.875;DEC29=30567.375;DEC26=25293.875;NOV26=31207.875;MAR27=27605.375;JUN27=24447;DEC27=21051.75;SEP27=36072.5,DEC28=GLOBAL_REFERENCE_NO_OBSERVATION;JUN27=GLOBAL_REFERENCE_OUTLIER_SERIES_FORWARD_CLUSTER;DEC27=GLOBAL_REFERENCE_OUTLIER_SERIES_FORWARD_CLUSTER;JUN29=GLOBAL_REFERENCE_NO_OBSERVATION;DEC30=GLOBAL_REFERENCE_NO_OBSERVATION,WEIGHTED_ATM,2026-09-30,6,120,0.0,NONE,5139,4967,0,0,165,NONE,MN1;MN2;MN3;MN4;MN5;QMW;QRW;QTW;QWW,OK,NONE,NONE,2026-09-21
NAS,29080.0,-137060.09450266755,0.014466814343158359,0.0,0.0,0.0,0.0,0.0,0.0,31097.76071498286,30471.23928501714,31411.021429965713,30157.978570034287,DEC26,SEP26,2026-09-23,2026-12-18,30784.5,29969.045028362125,FOUND,DEGRADED,SPOT_MONTH_FALLBACK;ESTIMATED_EXPIRY_ALIAS,2026-08-02.2,PUT_CALL_PARITY,SEP26,SEP26=PUT_CALL_PARITY;OCT26=PUT_CALL_PARITY;DEC29=SERIES_FORWARD_CLUSTER;DEC26=SERIES_FORWARD_CLUSTER;NOV26=SERIES_FORWARD_CLUSTER;MAR27=SERIES_FORWARD_CLUSTER;DEC28=PUT_CALL_PARITY;JUN27=PUT_CALL_PARITY;DEC27=PUT_CALL_PARITY;SEP27=SERIES_FORWARD_CLUSTER;JUN29=PUT_CALL_PARITY;DEC30=PUT_CALL_PARITY,SEP26=30784.5;OCT26=30771.875;DEC29=30567.375;DEC26=25293.875;NOV26=31207.875;MAR27=27605.375;JUN27=24447;DEC27=21051.75;SEP27=36072.5,DEC28=GLOBAL_REFERENCE_NO_OBSERVATION;JUN27=GLOBAL_REFERENCE_OUTLIER_SERIES_FORWARD_CLUSTER;DEC27=GLOBAL_REFERENCE_OUTLIER_SERIES_FORWARD_CLUSTER;JUN29=GLOBAL_REFERENCE_NO_OBSERVATION;DEC30=GLOBAL_REFERENCE_NO_OBSERVATION,WEIGHTED_ATM,2026-09-30,6,120,0.0,NONE,5139,4967,0,0,165,NONE,MN1;MN2;MN3;MN4;MN5;QMW;QRW;QTW;QWW,OK,NONE,NONE,2026-09-21
NAS,29090.0,-12811.943707324956,0.0013519194411117214,0.0,0.0,0.0,0.0,0.0,0.0,31097.76071498286,30471.23928501714,31411.021429965713,30157.978570034287,DEC26,SEP26,2026-09-23,2026-12-18,30784.5,29969.045028362125,FOUND,DEGRADED,SPOT_MONTH_FALLBACK;ESTIMATED_EXPIRY_ALIAS,2026-08-02.2,PUT_CALL_PARITY,SEP26,SEP26=PUT_CALL_PARITY;OCT26=PUT_CALL_PARITY;DEC29=SERIES_FORWARD_CLUSTER;DEC26=SERIES_FORWARD_CLUSTER;NOV26=SERIES_FORWARD_CLUSTER;MAR27=SERIES_FORWARD_CLUSTER;DEC28=PUT_CALL_PARITY;JUN27=PUT_CALL_PARITY;DEC27=PUT_CALL_PARITY;SEP27=SERIES_FORWARD_CLUSTER;JUN29=PUT_CALL_PARITY;DEC30=PUT_CALL_PARITY,SEP26=30784.5;OCT26=30771.875;DEC29=30567.375;DEC26=25293.875;NOV26=31207.875;MAR27=27605.375;JUN27=24447;DEC27=21051.75;SEP27=36072.5,DEC28=GLOBAL_REFERENCE_NO_OBSERVATION;JUN27=GLOBAL_REFERENCE_OUTLIER_SERIES_FORWARD_CLUSTER;DEC27=GLOBAL_REFERENCE_OUTLIER_SERIES_FORWARD_CLUSTER;JUN29=GLOBAL_REFERENCE_NO_OBSERVATION;DEC30=GLOBAL_REFERENCE_NO_OBSERVATION,WEIGHTED_ATM,2026-09-30,6,120,0.0,NONE,5139,4967,0,0,165,NONE,MN1;MN2;MN3;MN4;MN5;QMW;QRW;QTW;QWW,OK,NONE,NONE,2026-09-21
NAS,29100.0,-10919967.910150321,1.3946852904545979,0.0,0.0,0.0,0.0,0.0,0.0,31097.76071498286,30471.23928501714,31411.021429965713,30157.978570034287,DEC26,SEP26,2026-09-23,2026-12-18,30784.5,29969.045028362125,FOUND,DEGRADED,SPOT_MONTH_FALLBACK;ESTIMATED_EXPIRY_ALIAS,2026-08-02.2,PUT_CALL_PARITY,SEP26,SEP26=PUT_CALL_PARITY;OCT26=PUT_CALL_PARITY;DEC29=SERIES_FORWARD_CLUSTER;DEC26=SERIES_FORWARD_CLUSTER;NOV26=SERIES_FORWARD_CLUSTER;MAR27=SERIES_FORWARD_CLUSTER;DEC28=PUT_CALL_PARITY;JUN27=PUT_CALL_PARITY;DEC27=PUT_CALL_PARITY;SEP27=SERIES_FORWARD_CLUSTER;JUN29=PUT_CALL_PARITY;DEC30=PUT_CALL_PARITY,SEP26=30784.5;OCT26=30771.875;DEC29=30567.375;DEC26=25293.875;NOV26=31207.875;MAR27=27605.375;JUN27=24447;DEC27=21051.75;SEP27=36072.5,DEC28=GLOBAL_REFERENCE_NO_OBSERVATION;JUN27=GLOBAL_REFERENCE_OUTLIER_SERIES_FORWARD_CLUSTER;DEC27=GLOBAL_REFERENCE_OUTLIER_SERIES_FORWARD_CLUSTER;JUN29=GLOBAL_REFERENCE_NO_OBSERVATION;DEC30=GLOBAL_REFERENCE_NO_OBSERVATION,WEIGHTED_ATM,2026-09-30,6,120,0.0,NONE,5139,4967,0,0,165,NONE,MN1;MN2;MN3;MN4;MN5;QMW;QRW;QTW;QWW,OK,NONE,NONE,2026-09-21
NAS,29110.0,-28344.206887759952,0.00299088765996898,0.0,0.0,0.0,0.0,0.0,0.0,31097.76071498286,30471.23928501714,31411.021429965713,30157.978570034287,DEC26,SEP26,2026-09-23,2026-12-18,30784.5,29969.045028362125,FOUND,DEGRADED,SPOT_MONTH_FALLBACK;ESTIMATED_EXPIRY_ALIAS,2026-08-02.2,PUT_CALL_PARITY,SEP26,SEP26=PUT_CALL_PARITY;OCT26=PUT_CALL_PARITY;DEC29=SERIES_FORWARD_CLUSTER;DEC26=SERIES_FORWARD_CLUSTER;NOV26=SERIES_FORWARD_CLUSTER;MAR27=SERIES_FORWARD_CLUSTER;DEC28=PUT_CALL_PARITY;JUN27=PUT_CALL_PARITY;DEC27=PUT_CALL_PARITY;SEP27=SERIES_FORWARD_CLUSTER;JUN29=PUT_CALL_PARITY;DEC30=PUT_CALL_PARITY,SEP26=30784.5;OCT26=30771.875;DEC29=30567.375;DEC26=25293.875;NOV26=31207.875;MAR27=27605.375;JUN27=24447;DEC27=21051.75;SEP27=36072.5,DEC28=GLOBAL_REFERENCE_NO_OBSERVATION;JUN27=GLOBAL_REFERENCE_OUTLIER_SERIES_FORWARD_CLUSTER;DEC27=GLOBAL_REFERENCE_OUTLIER_SERIES_FORWARD_CLUSTER;JUN29=GLOBAL_REFERENCE_NO_OBSERVATION;DEC30=GLOBAL_REFERENCE_NO_OBSERVATION,WEIGHTED_ATM,2026-09-30,6,120,0.0,NONE,5139,4967,0,0,165,NONE,MN1;MN2;MN3;MN4;MN5;QMW;QRW;QTW;QWW,OK,NONE,NONE,2026-09-21
NAS,29120.0,-12024.01142434312,0.0012698179473586118,0.0,0.0,0.0,0.0,0.0,0.0,31097.76071498286,30471.23928501714,31411.021429965713,30157.978570034287,DEC26,SEP26,2026-09-23,2026-12-18,30784.5,29969.045028362125,FOUND,DEGRADED,SPOT_MONTH_FALLBACK;ESTIMATED_EXPIRY_ALIAS,2026-08-02.2,PUT_CALL_PARITY,SEP26,SEP26=PUT_CALL_PARITY;OCT26=PUT_CALL_PARITY;DEC29=SERIES_FORWARD_CLUSTER;DEC26=SERIES_FORWARD_CLUSTER;NOV26=SERIES_FORWARD_CLUSTER;MAR27=SERIES_FORWARD_CLUSTER;DEC28=PUT_CALL_PARITY;JUN27=PUT_CALL_PARITY;DEC27=PUT_CALL_PARITY;SEP27=SERIES_FORWARD_CLUSTER;JUN29=PUT_CALL_PARITY;DEC30=PUT_CALL_PARITY,SEP26=30784.5;OCT26=30771.875;DEC29=30567.375;DEC26=25293.875;NOV26=31207.875;MAR27=27605.375;JUN27=24447;DEC27=21051.75;SEP27=36072.5,DEC28=GLOBAL_REFERENCE_NO_OBSERVATION;JUN27=GLOBAL_REFERENCE_OUTLIER_SERIES_FORWARD_CLUSTER;DEC27=GLOBAL_REFERENCE_OUTLIER_SERIES_FORWARD_CLUSTER;JUN29=GLOBAL_REFERENCE_NO_OBSERVATION;DEC30=GLOBAL_REFERENCE_NO_OBSERVATION,WEIGHTED_ATM,2026-09-30,6,120,0.0,NONE,5139,4967,0,0,165,NONE,MN1;MN2;MN3;MN4;MN5;QMW;QRW;QTW;QWW,OK,NONE,NONE,2026-09-21
NAS,29125.0,-313022.8535215858,0.03719288345096789,0.0,0.0,0.0,0.0,0.0,0.0,31097.76071498286,30471.23928501714,31411.021429965713,30157.978570034287,DEC26,SEP26,2026-09-23,2026-12-18,30784.5,29969.045028362125,FOUND,DEGRADED,SPOT_MONTH_FALLBACK;ESTIMATED_EXPIRY_ALIAS,2026-08-02.2,PUT_CALL_PARITY,SEP26,SEP26=PUT_CALL_PARITY;OCT26=PUT_CALL_PARITY;DEC29=SERIES_FORWARD_CLUSTER;DEC26=SERIES_FORWARD_CLUSTER;NOV26=SERIES_FORWARD_CLUSTER;MAR27=SERIES_FORWARD_CLUSTER;DEC28=PUT_CALL_PARITY;JUN27=PUT_CALL_PARITY;DEC27=PUT_CALL_PARITY;SEP27=SERIES_FORWARD_CLUSTER;JUN29=PUT_CALL_PARITY;DEC30=PUT_CALL_PARITY,SEP26=30784.5;OCT26=30771.875;DEC29=30567.375;DEC26=25293.875;NOV26=31207.875;MAR27=27605.375;JUN27=24447;DEC27=21051.75;SEP27=36072.5,DEC28=GLOBAL_REFERENCE_NO_OBSERVATION;JUN27=GLOBAL_REFERENCE_OUTLIER_SERIES_FORWARD_CLUSTER;DEC27=GLOBAL_REFERENCE_OUTLIER_SERIES_FORWARD_CLUSTER;JUN29=GLOBAL_REFERENCE_NO_OBSERVATION;DEC30=GLOBAL_REFERENCE_NO_OBSERVATION,WEIGHTED_ATM,2026-09-30,6,120,0.0,NONE,5139,4967,0,0,165,NONE,MN1;MN2;MN3;MN4;MN5;QMW;QRW;QTW;QWW,OK,NONE,NONE,2026-09-21
NAS,29130.0,-4048.92019931536,0.00042759370022757025,0.0,0.0,0.0,0.0,0.0,0.0,31097.76071498286,30471.23928501714,31411.021429965713,30157.978570034287,DEC26,SEP26,2026-09-23,2026-12-18,30784.5,29969.045028362125,FOUND,DEGRADED,SPOT_MONTH_FALLBACK;ESTIMATED_EXPIRY_ALIAS,2026-08-02.2,PUT_CALL_PARITY,SEP26,SEP26=PUT_CALL_PARITY;OCT26=PUT_CALL_PARITY;DEC29=SERIES_FORWARD_CLUSTER;DEC26=SERIES_FORWARD_CLUSTER;NOV26=SERIES_FORWARD_CLUSTER;MAR27=SERIES_FORWARD_CLUSTER;DEC28=PUT_CALL_PARITY;JUN27=PUT_CALL_PARITY;DEC27=PUT_CALL_PARITY;SEP27=SERIES_FORWARD_CLUSTER;JUN29=PUT_CALL_PARITY;DEC30=PUT_CALL_PARITY,SEP26=30784.5;OCT26=30771.875;DEC29=30567.375;DEC26=25293.875;NOV26=31207.875;MAR27=27605.375;JUN27=24447;DEC27=21051.75;SEP27=36072.5,DEC28=GLOBAL_REFERENCE_NO_OBSERVATION;JUN27=GLOBAL_REFERENCE_OUTLIER_SERIES_FORWARD_CLUSTER;DEC27=GLOBAL_REFERENCE_OUTLIER_SERIES_FORWARD_CLUSTER;JUN29=GLOBAL_REFERENCE_NO_OBSERVATION;DEC30=GLOBAL_REFERENCE_NO_OBSERVATION,WEIGHTED_ATM,2026-09-30,6,120,0.0,NONE,5139,4967,0,0,165,NONE,MN1;MN2;MN3;MN4;MN5;QMW;QRW;QTW;QWW,OK,NONE,NONE,2026-09-21
NAS,29140.0,-24542.94335116873,0.0025919028890162865,0.0,0.0,0.0,0.0,0.0,0.0,31097.76071498286,30471.23928501714,31411.021429965713,30157.978570034287,DEC26,SEP26,2026-09-23,2026-12-18,30784.5,29969.045028362125,FOUND,DEGRADED,SPOT_MONTH_FALLBACK;ESTIMATED_EXPIRY_ALIAS,2026-08-02.2,PUT_CALL_PARITY,SEP26,SEP26=PUT_CALL_PARITY;OCT26=PUT_CALL_PARITY;DEC29=SERIES_FORWARD_CLUSTER;DEC26=SERIES_FORWARD_CLUSTER;NOV26=SERIES_FORWARD_CLUSTER;MAR27=SERIES_FORWARD_CLUSTER;DEC28=PUT_CALL_PARITY;JUN27=PUT_CALL_PARITY;DEC27=PUT_CALL_PARITY;SEP27=SERIES_FORWARD_CLUSTER;JUN29=PUT_CALL_PARITY;DEC30=PUT_CALL_PARITY,SEP26=30784.5;OCT26=30771.875;DEC29=30567.375;DEC26=25293.875;NOV26=31207.875;MAR27=27605.375;JUN27=24447;DEC27=21051.75;SEP27=36072.5,DEC28=GLOBAL_REFERENCE_NO_OBSERVATION;JUN27=GLOBAL_REFERENCE_OUTLIER_SERIES_FORWARD_CLUSTER;DEC27=GLOBAL_REFERENCE_OUTLIER_SERIES_FORWARD_CLUSTER;JUN29=GLOBAL_REFERENCE_NO_OBSERVATION;DEC30=GLOBAL_REFERENCE_NO_OBSERVATION,WEIGHTED_ATM,2026-09-30,6,120,0.0,NONE,5139,4967,0,0,165,NONE,MN1;MN2;MN3;MN4;MN5;QMW;QRW;QTW;QWW,OK,NONE,NONE,2026-09-21
NAS,29150.0,-2492249.08885055,0.34280629665024637,0.0,0.0,0.0,0.0,0.0,0.0,31097.76071498286,30471.23928501714,31411.021429965713,30157.978570034287,DEC26,SEP26,2026-09-23,2026-12-18,30784.5,29969.045028362125,FOUND,DEGRADED,SPOT_MONTH_FALLBACK;ESTIMATED_EXPIRY_ALIAS,2026-08-02.2,PUT_CALL_PARITY,SEP26,SEP26=PUT_CALL_PARITY;OCT26=PUT_CALL_PARITY;DEC29=SERIES_FORWARD_CLUSTER;DEC26=SERIES_FORWARD_CLUSTER;NOV26=SERIES_FORWARD_CLUSTER;MAR27=SERIES_FORWARD_CLUSTER;DEC28=PUT_CALL_PARITY;JUN27=PUT_CALL_PARITY;DEC27=PUT_CALL_PARITY;SEP27=SERIES_FORWARD_CLUSTER;JUN29=PUT_CALL_PARITY;DEC30=PUT_CALL_PARITY,SEP26=30784.5;OCT26=30771.875;DEC29=30567.375;DEC26=25293.875;NOV26=31207.875;MAR27=27605.375;JUN27=24447;DEC27=21051.75;SEP27=36072.5,DEC28=GLOBAL_REFERENCE_NO_OBSERVATION;JUN27=GLOBAL_REFERENCE_OUTLIER_SERIES_FORWARD_CLUSTER;DEC27=GLOBAL_REFERENCE_OUTLIER_SERIES_FORWARD_CLUSTER;JUN29=GLOBAL_REFERENCE_NO_OBSERVATION;DEC30=GLOBAL_REFERENCE_NO_OBSERVATION,WEIGHTED_ATM,2026-09-30,6,120,0.0,NONE,5139,4967,0,0,165,NONE,MN1;MN2;MN3;MN4;MN5;QMW;QRW;QTW;QWW,OK,NONE,NONE,2026-09-21
NAS,29160.0,0.0,0.0,0.0,0.0,0.0,0.0,0.0,0.0,31097.76071498286,30471.23928501714,31411.021429965713,30157.978570034287,DEC26,SEP26,2026-09-23,2026-12-18,30784.5,29969.045028362125,FOUND,DEGRADED,SPOT_MONTH_FALLBACK;ESTIMATED_EXPIRY_ALIAS,2026-08-02.2,PUT_CALL_PARITY,SEP26,SEP26=PUT_CALL_PARITY;OCT26=PUT_CALL_PARITY;DEC29=SERIES_FORWARD_CLUSTER;DEC26=SERIES_FORWARD_CLUSTER;NOV26=SERIES_FORWARD_CLUSTER;MAR27=SERIES_FORWARD_CLUSTER;DEC28=PUT_CALL_PARITY;JUN27=PUT_CALL_PARITY;DEC27=PUT_CALL_PARITY;SEP27=SERIES_FORWARD_CLUSTER;JUN29=PUT_CALL_PARITY;DEC30=PUT_CALL_PARITY,SEP26=30784.5;OCT26=30771.875;DEC29=30567.375;DEC26=25293.875;NOV26=31207.875;MAR27=27605.375;JUN27=24447;DEC27=21051.75;SEP27=36072.5,DEC28=GLOBAL_REFERENCE_NO_OBSERVATION;JUN27=GLOBAL_REFERENCE_OUTLIER_SERIES_FORWARD_CLUSTER;DEC27=GLOBAL_REFERENCE_OUTLIER_SERIES_FORWARD_CLUSTER;JUN29=GLOBAL_REFERENCE_NO_OBSERVATION;DEC30=GLOBAL_REFERENCE_NO_OBSERVATION,WEIGHTED_ATM,2026-09-30,6,120,0.0,NONE,5139,4967,0,0,165,NONE,MN1;MN2;MN3;MN4;MN5;QMW;QRW;QTW;QWW,OK,NONE,NONE,2026-09-21
NAS,29170.0,-64657.50796256895,0.0068260646376659025,0.0,0.0,0.0,0.0,0.0,0.0,31097.76071498286,30471.23928501714,31411.021429965713,30157.978570034287,DEC26,SEP26,2026-09-23,2026-12-18,30784.5,29969.045028362125,FOUND,DEGRADED,SPOT_MONTH_FALLBACK;ESTIMATED_EXPIRY_ALIAS,2026-08-02.2,PUT_CALL_PARITY,SEP26,SEP26=PUT_CALL_PARITY;OCT26=PUT_CALL_PARITY;DEC29=SERIES_FORWARD_CLUSTER;DEC26=SERIES_FORWARD_CLUSTER;NOV26=SERIES_FORWARD_CLUSTER;MAR27=SERIES_FORWARD_CLUSTER;DEC28=PUT_CALL_PARITY;JUN27=PUT_CALL_PARITY;DEC27=PUT_CALL_PARITY;SEP27=SERIES_FORWARD_CLUSTER;JUN29=PUT_CALL_PARITY;DEC30=PUT_CALL_PARITY,SEP26=30784.5;OCT26=30771.875;DEC29=30567.375;DEC26=25293.875;NOV26=31207.875;MAR27=27605.375;JUN27=24447;DEC27=21051.75;SEP27=36072.5,DEC28=GLOBAL_REFERENCE_NO_OBSERVATION;JUN27=GLOBAL_REFERENCE_OUTLIER_SERIES_FORWARD_CLUSTER;DEC27=GLOBAL_REFERENCE_OUTLIER_SERIES_FORWARD_CLUSTER;JUN29=GLOBAL_REFERENCE_NO_OBSERVATION;DEC30=GLOBAL_REFERENCE_NO_OBSERVATION,WEIGHTED_ATM,2026-09-30,6,120,0.0,NONE,5139,4967,0,0,165,NONE,MN1;MN2;MN3;MN4;MN5;QMW;QRW;QTW;QWW,OK,NONE,NONE,2026-09-21
NAS,29175.0,-1055983.777907392,0.11549157672911066,0.0,0.0,0.0,0.0,0.0,0.0,31097.76071498286,30471.23928501714,31411.021429965713,30157.978570034287,DEC26,SEP26,2026-09-23,2026-12-18,30784.5,29969.045028362125,FOUND,DEGRADED,SPOT_MONTH_FALLBACK;ESTIMATED_EXPIRY_ALIAS,2026-08-02.2,PUT_CALL_PARITY,SEP26,SEP26=PUT_CALL_PARITY;OCT26=PUT_CALL_PARITY;DEC29=SERIES_FORWARD_CLUSTER;DEC26=SERIES_FORWARD_CLUSTER;NOV26=SERIES_FORWARD_CLUSTER;MAR27=SERIES_FORWARD_CLUSTER;DEC28=PUT_CALL_PARITY;JUN27=PUT_CALL_PARITY;DEC27=PUT_CALL_PARITY;SEP27=SERIES_FORWARD_CLUSTER;JUN29=PUT_CALL_PARITY;DEC30=PUT_CALL_PARITY,SEP26=30784.5;OCT26=30771.875;DEC29=30567.375;DEC26=25293.875;NOV26=31207.875;MAR27=27605.375;JUN27=24447;DEC27=21051.75;SEP27=36072.5,DEC28=GLOBAL_REFERENCE_NO_OBSERVATION;JUN27=GLOBAL_REFERENCE_OUTLIER_SERIES_FORWARD_CLUSTER;DEC27=GLOBAL_REFERENCE_OUTLIER_SERIES_FORWARD_CLUSTER;JUN29=GLOBAL_REFERENCE_NO_OBSERVATION;DEC30=GLOBAL_REFERENCE_NO_OBSERVATION,WEIGHTED_ATM,2026-09-30,6,120,0.0,NONE,5139,4967,0,0,165,NONE,MN1;MN2;MN3;MN4;MN5;QMW;QRW;QTW;QWW,OK,NONE,NONE,2026-09-21
NAS,29180.0,-37655.856989432585,0.003974452098443415,0.0,0.0,0.0,0.0,0.0,0.0,31097.76071498286,30471.23928501714,31411.021429965713,30157.978570034287,DEC26,SEP26,2026-09-23,2026-12-18,30784.5,29969.045028362125,FOUND,DEGRADED,SPOT_MONTH_FALLBACK;ESTIMATED_EXPIRY_ALIAS,2026-08-02.2,PUT_CALL_PARITY,SEP26,SEP26=PUT_CALL_PARITY;OCT26=PUT_CALL_PARITY;DEC29=SERIES_FORWARD_CLUSTER;DEC26=SERIES_FORWARD_CLUSTER;NOV26=SERIES_FORWARD_CLUSTER;MAR27=SERIES_FORWARD_CLUSTER;DEC28=PUT_CALL_PARITY;JUN27=PUT_CALL_PARITY;DEC27=PUT_CALL_PARITY;SEP27=SERIES_FORWARD_CLUSTER;JUN29=PUT_CALL_PARITY;DEC30=PUT_CALL_PARITY,SEP26=30784.5;OCT26=30771.875;DEC29=30567.375;DEC26=25293.875;NOV26=31207.875;MAR27=27605.375;JUN27=24447;DEC27=21051.75;SEP27=36072.5,DEC28=GLOBAL_REFERENCE_NO_OBSERVATION;JUN27=GLOBAL_REFERENCE_OUTLIER_SERIES_FORWARD_CLUSTER;DEC27=GLOBAL_REFERENCE_OUTLIER_SERIES_FORWARD_CLUSTER;JUN29=GLOBAL_REFERENCE_NO_OBSERVATION;DEC30=GLOBAL_REFERENCE_NO_OBSERVATION,WEIGHTED_ATM,2026-09-30,6,120,0.0,NONE,5139,4967,0,0,165,NONE,MN1;MN2;MN3;MN4;MN5;QMW;QRW;QTW;QWW,OK,NONE,NONE,2026-09-21
NAS,29190.0,-17757.79585187149,0.0018753448481082595,0.0,0.0,0.0,0.0,0.0,0.0,31097.76071498286,30471.23928501714,31411.021429965713,30157.978570034287,DEC26,SEP26,2026-09-23,2026-12-18,30784.5,29969.045028362125,FOUND,DEGRADED,SPOT_MONTH_FALLBACK;ESTIMATED_EXPIRY_ALIAS,2026-08-02.2,PUT_CALL_PARITY,SEP26,SEP26=PUT_CALL_PARITY;OCT26=PUT_CALL_PARITY;DEC29=SERIES_FORWARD_CLUSTER;DEC26=SERIES_FORWARD_CLUSTER;NOV26=SERIES_FORWARD_CLUSTER;MAR27=SERIES_FORWARD_CLUSTER;DEC28=PUT_CALL_PARITY;JUN27=PUT_CALL_PARITY;DEC27=PUT_CALL_PARITY;SEP27=SERIES_FORWARD_CLUSTER;JUN29=PUT_CALL_PARITY;DEC30=PUT_CALL_PARITY,SEP26=30784.5;OCT26=30771.875;DEC29=30567.375;DEC26=25293.875;NOV26=31207.875;MAR27=27605.375;JUN27=24447;DEC27=21051.75;SEP27=36072.5,DEC28=GLOBAL_REFERENCE_NO_OBSERVATION;JUN27=GLOBAL_REFERENCE_OUTLIER_SERIES_FORWARD_CLUSTER;DEC27=GLOBAL_REFERENCE_OUTLIER_SERIES_FORWARD_CLUSTER;JUN29=GLOBAL_REFERENCE_NO_OBSERVATION;DEC30=GLOBAL_REFERENCE_NO_OBSERVATION,WEIGHTED_ATM,2026-09-30,6,120,0.0,NONE,5139,4967,0,0,165,NONE,MN1;MN2;MN3;MN4;MN5;QMW;QRW;QTW;QWW,OK,NONE,NONE,2026-09-21
NAS,29200.0,-4109362.928137184,1.4393180130442946,0.0,0.0,0.0,0.0,0.0,0.0,31097.76071498286,30471.23928501714,31411.021429965713,30157.978570034287,DEC26,SEP26,2026-09-23,2026-12-18,30784.5,29969.045028362125,FOUND,DEGRADED,SPOT_MONTH_FALLBACK;ESTIMATED_EXPIRY_ALIAS,2026-08-02.2,PUT_CALL_PARITY,SEP26,SEP26=PUT_CALL_PARITY;OCT26=PUT_CALL_PARITY;DEC29=SERIES_FORWARD_CLUSTER;DEC26=SERIES_FORWARD_CLUSTER;NOV26=SERIES_FORWARD_CLUSTER;MAR27=SERIES_FORWARD_CLUSTER;DEC28=PUT_CALL_PARITY;JUN27=PUT_CALL_PARITY;DEC27=PUT_CALL_PARITY;SEP27=SERIES_FORWARD_CLUSTER;JUN29=PUT_CALL_PARITY;DEC30=PUT_CALL_PARITY,SEP26=30784.5;OCT26=30771.875;DEC29=30567.375;DEC26=25293.875;NOV26=31207.875;MAR27=27605.375;JUN27=24447;DEC27=21051.75;SEP27=36072.5,DEC28=GLOBAL_REFERENCE_NO_OBSERVATION;JUN27=GLOBAL_REFERENCE_OUTLIER_SERIES_FORWARD_CLUSTER;DEC27=GLOBAL_REFERENCE_OUTLIER_SERIES_FORWARD_CLUSTER;JUN29=GLOBAL_REFERENCE_NO_OBSERVATION;DEC30=GLOBAL_REFERENCE_NO_OBSERVATION,WEIGHTED_ATM,2026-09-30,6,120,0.0,NONE,5139,4967,0,0,165,NONE,MN1;MN2;MN3;MN4;MN5;QMW;QRW;QTW;QWW,OK,NONE,NONE,2026-09-21
NAS,29210.0,-153790.62330051017,0.016228024275643627,0.0,0.0,0.0,0.0,0.0,0.0,31097.76071498286,30471.23928501714,31411.021429965713,30157.978570034287,DEC26,SEP26,2026-09-23,2026-12-18,30784.5,29969.045028362125,FOUND,DEGRADED,SPOT_MONTH_FALLBACK;ESTIMATED_EXPIRY_ALIAS,2026-08-02.2,PUT_CALL_PARITY,SEP26,SEP26=PUT_CALL_PARITY;OCT26=PUT_CALL_PARITY;DEC29=SERIES_FORWARD_CLUSTER;DEC26=SERIES_FORWARD_CLUSTER;NOV26=SERIES_FORWARD_CLUSTER;MAR27=SERIES_FORWARD_CLUSTER;DEC28=PUT_CALL_PARITY;JUN27=PUT_CALL_PARITY;DEC27=PUT_CALL_PARITY;SEP27=SERIES_FORWARD_CLUSTER;JUN29=PUT_CALL_PARITY;DEC30=PUT_CALL_PARITY,SEP26=30784.5;OCT26=30771.875;DEC29=30567.375;DEC26=25293.875;NOV26=31207.875;MAR27=27605.375;JUN27=24447;DEC27=21051.75;SEP27=36072.5,DEC28=GLOBAL_REFERENCE_NO_OBSERVATION;JUN27=GLOBAL_REFERENCE_OUTLIER_SERIES_FORWARD_CLUSTER;DEC27=GLOBAL_REFERENCE_OUTLIER_SERIES_FORWARD_CLUSTER;JUN29=GLOBAL_REFERENCE_NO_OBSERVATION;DEC30=GLOBAL_REFERENCE_NO_OBSERVATION,WEIGHTED_ATM,2026-09-30,6,120,0.0,NONE,5139,4967,0,0,165,NONE,MN1;MN2;MN3;MN4;MN5;QMW;QRW;QTW;QWW,OK,NONE,NONE,2026-09-21
NAS,29220.0,-122275.04498344084,0.012910363025131115,0.0,0.0,0.0,0.0,0.0,0.0,31097.76071498286,30471.23928501714,31411.021429965713,30157.978570034287,DEC26,SEP26,2026-09-23,2026-12-18,30784.5,29969.045028362125,FOUND,DEGRADED,SPOT_MONTH_FALLBACK;ESTIMATED_EXPIRY_ALIAS,2026-08-02.2,PUT_CALL_PARITY,SEP26,SEP26=PUT_CALL_PARITY;OCT26=PUT_CALL_PARITY;DEC29=SERIES_FORWARD_CLUSTER;DEC26=SERIES_FORWARD_CLUSTER;NOV26=SERIES_FORWARD_CLUSTER;MAR27=SERIES_FORWARD_CLUSTER;DEC28=PUT_CALL_PARITY;JUN27=PUT_CALL_PARITY;DEC27=PUT_CALL_PARITY;SEP27=SERIES_FORWARD_CLUSTER;JUN29=PUT_CALL_PARITY;DEC30=PUT_CALL_PARITY,SEP26=30784.5;OCT26=30771.875;DEC29=30567.375;DEC26=25293.875;NOV26=31207.875;MAR27=27605.375;JUN27=24447;DEC27=21051.75;SEP27=36072.5,DEC28=GLOBAL_REFERENCE_NO_OBSERVATION;JUN27=GLOBAL_REFERENCE_OUTLIER_SERIES_FORWARD_CLUSTER;DEC27=GLOBAL_REFERENCE_OUTLIER_SERIES_FORWARD_CLUSTER;JUN29=GLOBAL_REFERENCE_NO_OBSERVATION;DEC30=GLOBAL_REFERENCE_NO_OBSERVATION,WEIGHTED_ATM,2026-09-30,6,120,0.0,NONE,5139,4967,0,0,165,NONE,MN1;MN2;MN3;MN4;MN5;QMW;QRW;QTW;QWW,OK,NONE,NONE,2026-09-21
NAS,29225.0,-1099483.8591791184,0.11604526091014304,0.0,0.0,0.0,0.0,0.0,0.0,31097.76071498286,30471.23928501714,31411.021429965713,30157.978570034287,DEC26,SEP26,2026-09-23,2026-12-18,30784.5,29969.045028362125,FOUND,DEGRADED,SPOT_MONTH_FALLBACK;ESTIMATED_EXPIRY_ALIAS,2026-08-02.2,PUT_CALL_PARITY,SEP26,SEP26=PUT_CALL_PARITY;OCT26=PUT_CALL_PARITY;DEC29=SERIES_FORWARD_CLUSTER;DEC26=SERIES_FORWARD_CLUSTER;NOV26=SERIES_FORWARD_CLUSTER;MAR27=SERIES_FORWARD_CLUSTER;DEC28=PUT_CALL_PARITY;JUN27=PUT_CALL_PARITY;DEC27=PUT_CALL_PARITY;SEP27=SERIES_FORWARD_CLUSTER;JUN29=PUT_CALL_PARITY;DEC30=PUT_CALL_PARITY,SEP26=30784.5;OCT26=30771.875;DEC29=30567.375;DEC26=25293.875;NOV26=31207.875;MAR27=27605.375;JUN27=24447;DEC27=21051.75;SEP27=36072.5,DEC28=GLOBAL_REFERENCE_NO_OBSERVATION;JUN27=GLOBAL_REFERENCE_OUTLIER_SERIES_FORWARD_CLUSTER;DEC27=GLOBAL_REFERENCE_OUTLIER_SERIES_FORWARD_CLUSTER;JUN29=GLOBAL_REFERENCE_NO_OBSERVATION;DEC30=GLOBAL_REFERENCE_NO_OBSERVATION,WEIGHTED_ATM,2026-09-30,6,120,0.0,NONE,5139,4967,0,0,165,NONE,MN1;MN2;MN3;MN4;MN5;QMW;QRW;QTW;QWW,OK,NONE,NONE,2026-09-21
NAS,29230.0,-53730.123496840904,0.005671790934322484,0.0,0.0,0.0,0.0,0.0,0.0,31097.76071498286,30471.23928501714,31411.021429965713,30157.978570034287,DEC26,SEP26,2026-09-23,2026-12-18,30784.5,29969.045028362125,FOUND,DEGRADED,SPOT_MONTH_FALLBACK;ESTIMATED_EXPIRY_ALIAS,2026-08-02.2,PUT_CALL_PARITY,SEP26,SEP26=PUT_CALL_PARITY;OCT26=PUT_CALL_PARITY;DEC29=SERIES_FORWARD_CLUSTER;DEC26=SERIES_FORWARD_CLUSTER;NOV26=SERIES_FORWARD_CLUSTER;MAR27=SERIES_FORWARD_CLUSTER;DEC28=PUT_CALL_PARITY;JUN27=PUT_CALL_PARITY;DEC27=PUT_CALL_PARITY;SEP27=SERIES_FORWARD_CLUSTER;JUN29=PUT_CALL_PARITY;DEC30=PUT_CALL_PARITY,SEP26=30784.5;OCT26=30771.875;DEC29=30567.375;DEC26=25293.875;NOV26=31207.875;MAR27=27605.375;JUN27=24447;DEC27=21051.75;SEP27=36072.5,DEC28=GLOBAL_REFERENCE_NO_OBSERVATION;JUN27=GLOBAL_REFERENCE_OUTLIER_SERIES_FORWARD_CLUSTER;DEC27=GLOBAL_REFERENCE_OUTLIER_SERIES_FORWARD_CLUSTER;JUN29=GLOBAL_REFERENCE_NO_OBSERVATION;DEC30=GLOBAL_REFERENCE_NO_OBSERVATION,WEIGHTED_ATM,2026-09-30,6,120,0.0,NONE,5139,4967,0,0,165,NONE,MN1;MN2;MN3;MN4;MN5;QMW;QRW;QTW;QWW,OK,NONE,NONE,2026-09-21
NAS,29240.0,-111426.2015729615,0.011760640566187558,0.0,0.0,0.0,0.0,0.0,0.0,31097.76071498286,30471.23928501714,31411.021429965713,30157.978570034287,DEC26,SEP26,2026-09-23,2026-12-18,30784.5,29969.045028362125,FOUND,DEGRADED,SPOT_MONTH_FALLBACK;ESTIMATED_EXPIRY_ALIAS,2026-08-02.2,PUT_CALL_PARITY,SEP26,SEP26=PUT_CALL_PARITY;OCT26=PUT_CALL_PARITY;DEC29=SERIES_FORWARD_CLUSTER;DEC26=SERIES_FORWARD_CLUSTER;NOV26=SERIES_FORWARD_CLUSTER;MAR27=SERIES_FORWARD_CLUSTER;DEC28=PUT_CALL_PARITY;JUN27=PUT_CALL_PARITY;DEC27=PUT_CALL_PARITY;SEP27=SERIES_FORWARD_CLUSTER;JUN29=PUT_CALL_PARITY;DEC30=PUT_CALL_PARITY,SEP26=30784.5;OCT26=30771.875;DEC29=30567.375;DEC26=25293.875;NOV26=31207.875;MAR27=27605.375;JUN27=24447;DEC27=21051.75;SEP27=36072.5,DEC28=GLOBAL_REFERENCE_NO_OBSERVATION;JUN27=GLOBAL_REFERENCE_OUTLIER_SERIES_FORWARD_CLUSTER;DEC27=GLOBAL_REFERENCE_OUTLIER_SERIES_FORWARD_CLUSTER;JUN29=GLOBAL_REFERENCE_NO_OBSERVATION;DEC30=GLOBAL_REFERENCE_NO_OBSERVATION,WEIGHTED_ATM,2026-09-30,6,120,0.0,NONE,5139,4967,0,0,165,NONE,MN1;MN2;MN3;MN4;MN5;QMW;QRW;QTW;QWW,OK,NONE,NONE,2026-09-21
NAS,29250.0,-12651122.779930066,1.943967428208717,0.0,0.0,0.0,0.0,0.0,0.0,31097.76071498286,30471.23928501714,31411.021429965713,30157.978570034287,DEC26,SEP26,2026-09-23,2026-12-18,30784.5,29969.045028362125,FOUND,DEGRADED,SPOT_MONTH_FALLBACK;ESTIMATED_EXPIRY_ALIAS,2026-08-02.2,PUT_CALL_PARITY,SEP26,SEP26=PUT_CALL_PARITY;OCT26=PUT_CALL_PARITY;DEC29=SERIES_FORWARD_CLUSTER;DEC26=SERIES_FORWARD_CLUSTER;NOV26=SERIES_FORWARD_CLUSTER;MAR27=SERIES_FORWARD_CLUSTER;DEC28=PUT_CALL_PARITY;JUN27=PUT_CALL_PARITY;DEC27=PUT_CALL_PARITY;SEP27=SERIES_FORWARD_CLUSTER;JUN29=PUT_CALL_PARITY;DEC30=PUT_CALL_PARITY,SEP26=30784.5;OCT26=30771.875;DEC29=30567.375;DEC26=25293.875;NOV26=31207.875;MAR27=27605.375;JUN27=24447;DEC27=21051.75;SEP27=36072.5,DEC28=GLOBAL_REFERENCE_NO_OBSERVATION;JUN27=GLOBAL_REFERENCE_OUTLIER_SERIES_FORWARD_CLUSTER;DEC27=GLOBAL_REFERENCE_OUTLIER_SERIES_FORWARD_CLUSTER;JUN29=GLOBAL_REFERENCE_NO_OBSERVATION;DEC30=GLOBAL_REFERENCE_NO_OBSERVATION,WEIGHTED_ATM,2026-09-30,6,120,0.0,NONE,5139,4967,0,0,165,NONE,MN1;MN2;MN3;MN4;MN5;QMW;QRW;QTW;QWW,OK,NONE,NONE,2026-09-21
NAS,29260.0,-25420.44931777331,0.002683248079765147,0.0,0.0,0.0,0.0,0.0,0.0,31097.76071498286,30471.23928501714,31411.021429965713,30157.978570034287,DEC26,SEP26,2026-09-23,2026-12-18,30784.5,29969.045028362125,FOUND,DEGRADED,SPOT_MONTH_FALLBACK;ESTIMATED_EXPIRY_ALIAS,2026-08-02.2,PUT_CALL_PARITY,SEP26,SEP26=PUT_CALL_PARITY;OCT26=PUT_CALL_PARITY;DEC29=SERIES_FORWARD_CLUSTER;DEC26=SERIES_FORWARD_CLUSTER;NOV26=SERIES_FORWARD_CLUSTER;MAR27=SERIES_FORWARD_CLUSTER;DEC28=PUT_CALL_PARITY;JUN27=PUT_CALL_PARITY;DEC27=PUT_CALL_PARITY;SEP27=SERIES_FORWARD_CLUSTER;JUN29=PUT_CALL_PARITY;DEC30=PUT_CALL_PARITY,SEP26=30784.5;OCT26=30771.875;DEC29=30567.375;DEC26=25293.875;NOV26=31207.875;MAR27=27605.375;JUN27=24447;DEC27=21051.75;SEP27=36072.5,DEC28=GLOBAL_REFERENCE_NO_OBSERVATION;JUN27=GLOBAL_REFERENCE_OUTLIER_SERIES_FORWARD_CLUSTER;DEC27=GLOBAL_REFERENCE_OUTLIER_SERIES_FORWARD_CLUSTER;JUN29=GLOBAL_REFERENCE_NO_OBSERVATION;DEC30=GLOBAL_REFERENCE_NO_OBSERVATION,WEIGHTED_ATM,2026-09-30,6,120,0.0,NONE,5139,4967,0,0,165,NONE,MN1;MN2;MN3;MN4;MN5;QMW;QRW;QTW;QWW,OK,NONE,NONE,2026-09-21
NAS,29270.0,-78268.13165902434,0.008264186681016195,0.0,0.0,0.0,0.0,0.0,0.0,31097.76071498286,30471.23928501714,31411.021429965713,30157.978570034287,DEC26,SEP26,2026-09-23,2026-12-18,30784.5,29969.045028362125,FOUND,DEGRADED,SPOT_MONTH_FALLBACK;ESTIMATED_EXPIRY_ALIAS,2026-08-02.2,PUT_CALL_PARITY,SEP26,SEP26=PUT_CALL_PARITY;OCT26=PUT_CALL_PARITY;DEC29=SERIES_FORWARD_CLUSTER;DEC26=SERIES_FORWARD_CLUSTER;NOV26=SERIES_FORWARD_CLUSTER;MAR27=SERIES_FORWARD_CLUSTER;DEC28=PUT_CALL_PARITY;JUN27=PUT_CALL_PARITY;DEC27=PUT_CALL_PARITY;SEP27=SERIES_FORWARD_CLUSTER;JUN29=PUT_CALL_PARITY;DEC30=PUT_CALL_PARITY,SEP26=30784.5;OCT26=30771.875;DEC29=30567.375;DEC26=25293.875;NOV26=31207.875;MAR27=27605.375;JUN27=24447;DEC27=21051.75;SEP27=36072.5,DEC28=GLOBAL_REFERENCE_NO_OBSERVATION;JUN27=GLOBAL_REFERENCE_OUTLIER_SERIES_FORWARD_CLUSTER;DEC27=GLOBAL_REFERENCE_OUTLIER_SERIES_FORWARD_CLUSTER;JUN29=GLOBAL_REFERENCE_NO_OBSERVATION;DEC30=GLOBAL_REFERENCE_NO_OBSERVATION,WEIGHTED_ATM,2026-09-30,6,120,0.0,NONE,5139,4967,0,0,165,NONE,MN1;MN2;MN3;MN4;MN5;QMW;QRW;QTW;QWW,OK,NONE,NONE,2026-09-21
NAS,29275.0,-1119912.368767511,0.12741370308049332,0.0,0.0,0.0,0.0,0.0,0.0,31097.76071498286,30471.23928501714,31411.021429965713,30157.978570034287,DEC26,SEP26,2026-09-23,2026-12-18,30784.5,29969.045028362125,FOUND,DEGRADED,SPOT_MONTH_FALLBACK;ESTIMATED_EXPIRY_ALIAS,2026-08-02.2,PUT_CALL_PARITY,SEP26,SEP26=PUT_CALL_PARITY;OCT26=PUT_CALL_PARITY;DEC29=SERIES_FORWARD_CLUSTER;DEC26=SERIES_FORWARD_CLUSTER;NOV26=SERIES_FORWARD_CLUSTER;MAR27=SERIES_FORWARD_CLUSTER;DEC28=PUT_CALL_PARITY;JUN27=PUT_CALL_PARITY;DEC27=PUT_CALL_PARITY;SEP27=SERIES_FORWARD_CLUSTER;JUN29=PUT_CALL_PARITY;DEC30=PUT_CALL_PARITY,SEP26=30784.5;OCT26=30771.875;DEC29=30567.375;DEC26=25293.875;NOV26=31207.875;MAR27=27605.375;JUN27=24447;DEC27=21051.75;SEP27=36072.5,DEC28=GLOBAL_REFERENCE_NO_OBSERVATION;JUN27=GLOBAL_REFERENCE_OUTLIER_SERIES_FORWARD_CLUSTER;DEC27=GLOBAL_REFERENCE_OUTLIER_SERIES_FORWARD_CLUSTER;JUN29=GLOBAL_REFERENCE_NO_OBSERVATION;DEC30=GLOBAL_REFERENCE_NO_OBSERVATION,WEIGHTED_ATM,2026-09-30,6,120,0.0,NONE,5139,4967,0,0,165,NONE,MN1;MN2;MN3;MN4;MN5;QMW;QRW;QTW;QWW,OK,NONE,NONE,2026-09-21
NAS,29280.0,-27551.96634846207,0.00290818578966238,0.0,0.0,0.0,0.0,0.0,0.0,31097.76071498286,30471.23928501714,31411.021429965713,30157.978570034287,DEC26,SEP26,2026-09-23,2026-12-18,30784.5,29969.045028362125,FOUND,DEGRADED,SPOT_MONTH_FALLBACK;ESTIMATED_EXPIRY_ALIAS,2026-08-02.2,PUT_CALL_PARITY,SEP26,SEP26=PUT_CALL_PARITY;OCT26=PUT_CALL_PARITY;DEC29=SERIES_FORWARD_CLUSTER;DEC26=SERIES_FORWARD_CLUSTER;NOV26=SERIES_FORWARD_CLUSTER;MAR27=SERIES_FORWARD_CLUSTER;DEC28=PUT_CALL_PARITY;JUN27=PUT_CALL_PARITY;DEC27=PUT_CALL_PARITY;SEP27=SERIES_FORWARD_CLUSTER;JUN29=PUT_CALL_PARITY;DEC30=PUT_CALL_PARITY,SEP26=30784.5;OCT26=30771.875;DEC29=30567.375;DEC26=25293.875;NOV26=31207.875;MAR27=27605.375;JUN27=24447;DEC27=21051.75;SEP27=36072.5,DEC28=GLOBAL_REFERENCE_NO_OBSERVATION;JUN27=GLOBAL_REFERENCE_OUTLIER_SERIES_FORWARD_CLUSTER;DEC27=GLOBAL_REFERENCE_OUTLIER_SERIES_FORWARD_CLUSTER;JUN29=GLOBAL_REFERENCE_NO_OBSERVATION;DEC30=GLOBAL_REFERENCE_NO_OBSERVATION,WEIGHTED_ATM,2026-09-30,6,120,0.0,NONE,5139,4967,0,0,165,NONE,MN1;MN2;MN3;MN4;MN5;QMW;QRW;QTW;QWW,OK,NONE,NONE,2026-09-21
NAS,29290.0,-33204.27916837066,0.0035050820135982584,0.0,0.0,0.0,0.0,0.0,0.0,31097.76071498286,30471.23928501714,31411.021429965713,30157.978570034287,DEC26,SEP26,2026-09-23,2026-12-18,30784.5,29969.045028362125,FOUND,DEGRADED,SPOT_MONTH_FALLBACK;ESTIMATED_EXPIRY_ALIAS,2026-08-02.2,PUT_CALL_PARITY,SEP26,SEP26=PUT_CALL_PARITY;OCT26=PUT_CALL_PARITY;DEC29=SERIES_FORWARD_CLUSTER;DEC26=SERIES_FORWARD_CLUSTER;NOV26=SERIES_FORWARD_CLUSTER;MAR27=SERIES_FORWARD_CLUSTER;DEC28=PUT_CALL_PARITY;JUN27=PUT_CALL_PARITY;DEC27=PUT_CALL_PARITY;SEP27=SERIES_FORWARD_CLUSTER;JUN29=PUT_CALL_PARITY;DEC30=PUT_CALL_PARITY,SEP26=30784.5;OCT26=30771.875;DEC29=30567.375;DEC26=25293.875;NOV26=31207.875;MAR27=27605.375;JUN27=24447;DEC27=21051.75;SEP27=36072.5,DEC28=GLOBAL_REFERENCE_NO_OBSERVATION;JUN27=GLOBAL_REFERENCE_OUTLIER_SERIES_FORWARD_CLUSTER;DEC27=GLOBAL_REFERENCE_OUTLIER_SERIES_FORWARD_CLUSTER;JUN29=GLOBAL_REFERENCE_NO_OBSERVATION;DEC30=GLOBAL_REFERENCE_NO_OBSERVATION,WEIGHTED_ATM,2026-09-30,6,120,0.0,NONE,5139,4967,0,0,165,NONE,MN1;MN2;MN3;MN4;MN5;QMW;QRW;QTW;QWW,OK,NONE,NONE,2026-09-21
NAS,29300.0,-6360138.837813071,1.2907715551842056,0.0,0.0,0.0,0.0,0.0,0.0,31097.76071498286,30471.23928501714,31411.021429965713,30157.978570034287,DEC26,SEP26,2026-09-23,2026-12-18,30784.5,29969.045028362125,FOUND,DEGRADED,SPOT_MONTH_FALLBACK;ESTIMATED_EXPIRY_ALIAS,2026-08-02.2,PUT_CALL_PARITY,SEP26,SEP26=PUT_CALL_PARITY;OCT26=PUT_CALL_PARITY;DEC29=SERIES_FORWARD_CLUSTER;DEC26=SERIES_FORWARD_CLUSTER;NOV26=SERIES_FORWARD_CLUSTER;MAR27=SERIES_FORWARD_CLUSTER;DEC28=PUT_CALL_PARITY;JUN27=PUT_CALL_PARITY;DEC27=PUT_CALL_PARITY;SEP27=SERIES_FORWARD_CLUSTER;JUN29=PUT_CALL_PARITY;DEC30=PUT_CALL_PARITY,SEP26=30784.5;OCT26=30771.875;DEC29=30567.375;DEC26=25293.875;NOV26=31207.875;MAR27=27605.375;JUN27=24447;DEC27=21051.75;SEP27=36072.5,DEC28=GLOBAL_REFERENCE_NO_OBSERVATION;JUN27=GLOBAL_REFERENCE_OUTLIER_SERIES_FORWARD_CLUSTER;DEC27=GLOBAL_REFERENCE_OUTLIER_SERIES_FORWARD_CLUSTER;JUN29=GLOBAL_REFERENCE_NO_OBSERVATION;DEC30=GLOBAL_REFERENCE_NO_OBSERVATION,WEIGHTED_ATM,2026-09-30,6,120,0.0,NONE,5139,4967,0,0,165,NONE,MN1;MN2;MN3;MN4;MN5;QMW;QRW;QTW;QWW,OK,NONE,NONE,2026-09-21
NAS,29310.0,-82992.32521687144,0.008758320573532073,0.0,0.0,0.0,0.0,0.0,0.0,31097.76071498286,30471.23928501714,31411.021429965713,30157.978570034287,DEC26,SEP26,2026-09-23,2026-12-18,30784.5,29969.045028362125,FOUND,DEGRADED,SPOT_MONTH_FALLBACK;ESTIMATED_EXPIRY_ALIAS,2026-08-02.2,PUT_CALL_PARITY,SEP26,SEP26=PUT_CALL_PARITY;OCT26=PUT_CALL_PARITY;DEC29=SERIES_FORWARD_CLUSTER;DEC26=SERIES_FORWARD_CLUSTER;NOV26=SERIES_FORWARD_CLUSTER;MAR27=SERIES_FORWARD_CLUSTER;DEC28=PUT_CALL_PARITY;JUN27=PUT_CALL_PARITY;DEC27=PUT_CALL_PARITY;SEP27=SERIES_FORWARD_CLUSTER;JUN29=PUT_CALL_PARITY;DEC30=PUT_CALL_PARITY,SEP26=30784.5;OCT26=30771.875;DEC29=30567.375;DEC26=25293.875;NOV26=31207.875;MAR27=27605.375;JUN27=24447;DEC27=21051.75;SEP27=36072.5,DEC28=GLOBAL_REFERENCE_NO_OBSERVATION;JUN27=GLOBAL_REFERENCE_OUTLIER_SERIES_FORWARD_CLUSTER;DEC27=GLOBAL_REFERENCE_OUTLIER_SERIES_FORWARD_CLUSTER;JUN29=GLOBAL_REFERENCE_NO_OBSERVATION;DEC30=GLOBAL_REFERENCE_NO_OBSERVATION,WEIGHTED_ATM,2026-09-30,6,120,0.0,NONE,5139,4967,0,0,165,NONE,MN1;MN2;MN3;MN4;MN5;QMW;QRW;QTW;QWW,OK,NONE,NONE,2026-09-21
NAS,29320.0,-34965.32894869854,0.0036909913996469837,0.0,0.0,0.0,0.0,0.0,0.0,31097.76071498286,30471.23928501714,31411.021429965713,30157.978570034287,DEC26,SEP26,2026-09-23,2026-12-18,30784.5,29969.045028362125,FOUND,DEGRADED,SPOT_MONTH_FALLBACK;ESTIMATED_EXPIRY_ALIAS,2026-08-02.2,PUT_CALL_PARITY,SEP26,SEP26=PUT_CALL_PARITY;OCT26=PUT_CALL_PARITY;DEC29=SERIES_FORWARD_CLUSTER;DEC26=SERIES_FORWARD_CLUSTER;NOV26=SERIES_FORWARD_CLUSTER;MAR27=SERIES_FORWARD_CLUSTER;DEC28=PUT_CALL_PARITY;JUN27=PUT_CALL_PARITY;DEC27=PUT_CALL_PARITY;SEP27=SERIES_FORWARD_CLUSTER;JUN29=PUT_CALL_PARITY;DEC30=PUT_CALL_PARITY,SEP26=30784.5;OCT26=30771.875;DEC29=30567.375;DEC26=25293.875;NOV26=31207.875;MAR27=27605.375;JUN27=24447;DEC27=21051.75;SEP27=36072.5,DEC28=GLOBAL_REFERENCE_NO_OBSERVATION;JUN27=GLOBAL_REFERENCE_OUTLIER_SERIES_FORWARD_CLUSTER;DEC27=GLOBAL_REFERENCE_OUTLIER_SERIES_FORWARD_CLUSTER;JUN29=GLOBAL_REFERENCE_NO_OBSERVATION;DEC30=GLOBAL_REFERENCE_NO_OBSERVATION,WEIGHTED_ATM,2026-09-30,6,120,0.0,NONE,5139,4967,0,0,165,NONE,MN1;MN2;MN3;MN4;MN5;QMW;QRW;QTW;QWW,OK,NONE,NONE,2026-09-21
NAS,29325.0,-1145548.6670572192,0.13397608322953466,0.0,0.0,0.0,0.0,0.0,0.0,31097.76071498286,30471.23928501714,31411.021429965713,30157.978570034287,DEC26,SEP26,2026-09-23,2026-12-18,30784.5,29969.045028362125,FOUND,DEGRADED,SPOT_MONTH_FALLBACK;ESTIMATED_EXPIRY_ALIAS,2026-08-02.2,PUT_CALL_PARITY,SEP26,SEP26=PUT_CALL_PARITY;OCT26=PUT_CALL_PARITY;DEC29=SERIES_FORWARD_CLUSTER;DEC26=SERIES_FORWARD_CLUSTER;NOV26=SERIES_FORWARD_CLUSTER;MAR27=SERIES_FORWARD_CLUSTER;DEC28=PUT_CALL_PARITY;JUN27=PUT_CALL_PARITY;DEC27=PUT_CALL_PARITY;SEP27=SERIES_FORWARD_CLUSTER;JUN29=PUT_CALL_PARITY;DEC30=PUT_CALL_PARITY,SEP26=30784.5;OCT26=30771.875;DEC29=30567.375;DEC26=25293.875;NOV26=31207.875;MAR27=27605.375;JUN27=24447;DEC27=21051.75;SEP27=36072.5,DEC28=GLOBAL_REFERENCE_NO_OBSERVATION;JUN27=GLOBAL_REFERENCE_OUTLIER_SERIES_FORWARD_CLUSTER;DEC27=GLOBAL_REFERENCE_OUTLIER_SERIES_FORWARD_CLUSTER;JUN29=GLOBAL_REFERENCE_NO_OBSERVATION;DEC30=GLOBAL_REFERENCE_NO_OBSERVATION,WEIGHTED_ATM,2026-09-30,6,120,0.0,NONE,5139,4967,0,0,165,NONE,MN1;MN2;MN3;MN4;MN5;QMW;QRW;QTW;QWW,OK,NONE,NONE,2026-09-21
NAS,29330.0,0.0,0.0,0.0,0.0,0.0,0.0,0.0,0.0,31097.76071498286,30471.23928501714,31411.021429965713,30157.978570034287,DEC26,SEP26,2026-09-23,2026-12-18,30784.5,29969.045028362125,FOUND,DEGRADED,SPOT_MONTH_FALLBACK;ESTIMATED_EXPIRY_ALIAS,2026-08-02.2,PUT_CALL_PARITY,SEP26,SEP26=PUT_CALL_PARITY;OCT26=PUT_CALL_PARITY;DEC29=SERIES_FORWARD_CLUSTER;DEC26=SERIES_FORWARD_CLUSTER;NOV26=SERIES_FORWARD_CLUSTER;MAR27=SERIES_FORWARD_CLUSTER;DEC28=PUT_CALL_PARITY;JUN27=PUT_CALL_PARITY;DEC27=PUT_CALL_PARITY;SEP27=SERIES_FORWARD_CLUSTER;JUN29=PUT_CALL_PARITY;DEC30=PUT_CALL_PARITY,SEP26=30784.5;OCT26=30771.875;DEC29=30567.375;DEC26=25293.875;NOV26=31207.875;MAR27=27605.375;JUN27=24447;DEC27=21051.75;SEP27=36072.5,DEC28=GLOBAL_REFERENCE_NO_OBSERVATION;JUN27=GLOBAL_REFERENCE_OUTLIER_SERIES_FORWARD_CLUSTER;DEC27=GLOBAL_REFERENCE_OUTLIER_SERIES_FORWARD_CLUSTER;JUN29=GLOBAL_REFERENCE_NO_OBSERVATION;DEC30=GLOBAL_REFERENCE_NO_OBSERVATION,WEIGHTED_ATM,2026-09-30,6,120,0.0,NONE,5139,4967,0,0,165,NONE,MN1;MN2;MN3;MN4;MN5;QMW;QRW;QTW;QWW,OK,NONE,NONE,2026-09-21
NAS,29340.0,-58156.47680626993,0.006141722208799446,0.0,0.0,0.0,0.0,0.0,0.0,31097.76071498286,30471.23928501714,31411.021429965713,30157.978570034287,DEC26,SEP26,2026-09-23,2026-12-18,30784.5,29969.045028362125,FOUND,DEGRADED,SPOT_MONTH_FALLBACK;ESTIMATED_EXPIRY_ALIAS,2026-08-02.2,PUT_CALL_PARITY,SEP26,SEP26=PUT_CALL_PARITY;OCT26=PUT_CALL_PARITY;DEC29=SERIES_FORWARD_CLUSTER;DEC26=SERIES_FORWARD_CLUSTER;NOV26=SERIES_FORWARD_CLUSTER;MAR27=SERIES_FORWARD_CLUSTER;DEC28=PUT_CALL_PARITY;JUN27=PUT_CALL_PARITY;DEC27=PUT_CALL_PARITY;SEP27=SERIES_FORWARD_CLUSTER;JUN29=PUT_CALL_PARITY;DEC30=PUT_CALL_PARITY,SEP26=30784.5;OCT26=30771.875;DEC29=30567.375;DEC26=25293.875;NOV26=31207.875;MAR27=27605.375;JUN27=24447;DEC27=21051.75;SEP27=36072.5,DEC28=GLOBAL_REFERENCE_NO_OBSERVATION;JUN27=GLOBAL_REFERENCE_OUTLIER_SERIES_FORWARD_CLUSTER;DEC27=GLOBAL_REFERENCE_OUTLIER_SERIES_FORWARD_CLUSTER;JUN29=GLOBAL_REFERENCE_NO_OBSERVATION;DEC30=GLOBAL_REFERENCE_NO_OBSERVATION,WEIGHTED_ATM,2026-09-30,6,120,0.0,NONE,5139,4967,0,0,165,NONE,MN1;MN2;MN3;MN4;MN5;QMW;QRW;QTW;QWW,OK,NONE,NONE,2026-09-21
NAS,29350.0,-10076164.903860888,1.2755451275782512,0.0,0.0,0.0,0.0,0.0,0.0,31097.76071498286,30471.23928501714,31411.021429965713,30157.978570034287,DEC26,SEP26,2026-09-23,2026-12-18,30784.5,29969.045028362125,FOUND,DEGRADED,SPOT_MONTH_FALLBACK;ESTIMATED_EXPIRY_ALIAS,2026-08-02.2,PUT_CALL_PARITY,SEP26,SEP26=PUT_CALL_PARITY;OCT26=PUT_CALL_PARITY;DEC29=SERIES_FORWARD_CLUSTER;DEC26=SERIES_FORWARD_CLUSTER;NOV26=SERIES_FORWARD_CLUSTER;MAR27=SERIES_FORWARD_CLUSTER;DEC28=PUT_CALL_PARITY;JUN27=PUT_CALL_PARITY;DEC27=PUT_CALL_PARITY;SEP27=SERIES_FORWARD_CLUSTER;JUN29=PUT_CALL_PARITY;DEC30=PUT_CALL_PARITY,SEP26=30784.5;OCT26=30771.875;DEC29=30567.375;DEC26=25293.875;NOV26=31207.875;MAR27=27605.375;JUN27=24447;DEC27=21051.75;SEP27=36072.5,DEC28=GLOBAL_REFERENCE_NO_OBSERVATION;JUN27=GLOBAL_REFERENCE_OUTLIER_SERIES_FORWARD_CLUSTER;DEC27=GLOBAL_REFERENCE_OUTLIER_SERIES_FORWARD_CLUSTER;JUN29=GLOBAL_REFERENCE_NO_OBSERVATION;DEC30=GLOBAL_REFERENCE_NO_OBSERVATION,WEIGHTED_ATM,2026-09-30,6,120,0.0,NONE,5139,4967,0,0,165,NONE,MN1;MN2;MN3;MN4;MN5;QMW;QRW;QTW;QWW,OK,NONE,NONE,2026-09-21
NAS,29360.0,-97539.39915198268,0.010296696627639441,0.0,0.0,0.0,0.0,0.0,0.0,31097.76071498286,30471.23928501714,31411.021429965713,30157.978570034287,DEC26,SEP26,2026-09-23,2026-12-18,30784.5,29969.045028362125,FOUND,DEGRADED,SPOT_MONTH_FALLBACK;ESTIMATED_EXPIRY_ALIAS,2026-08-02.2,PUT_CALL_PARITY,SEP26,SEP26=PUT_CALL_PARITY;OCT26=PUT_CALL_PARITY;DEC29=SERIES_FORWARD_CLUSTER;DEC26=SERIES_FORWARD_CLUSTER;NOV26=SERIES_FORWARD_CLUSTER;MAR27=SERIES_FORWARD_CLUSTER;DEC28=PUT_CALL_PARITY;JUN27=PUT_CALL_PARITY;DEC27=PUT_CALL_PARITY;SEP27=SERIES_FORWARD_CLUSTER;JUN29=PUT_CALL_PARITY;DEC30=PUT_CALL_PARITY,SEP26=30784.5;OCT26=30771.875;DEC29=30567.375;DEC26=25293.875;NOV26=31207.875;MAR27=27605.375;JUN27=24447;DEC27=21051.75;SEP27=36072.5,DEC28=GLOBAL_REFERENCE_NO_OBSERVATION;JUN27=GLOBAL_REFERENCE_OUTLIER_SERIES_FORWARD_CLUSTER;DEC27=GLOBAL_REFERENCE_OUTLIER_SERIES_FORWARD_CLUSTER;JUN29=GLOBAL_REFERENCE_NO_OBSERVATION;DEC30=GLOBAL_REFERENCE_NO_OBSERVATION,WEIGHTED_ATM,2026-09-30,6,120,0.0,NONE,5139,4967,0,0,165,NONE,MN1;MN2;MN3;MN4;MN5;QMW;QRW;QTW;QWW,OK,NONE,NONE,2026-09-21
NAS,29370.0,-97750.28586755415,0.010316235333244746,0.0,0.0,0.0,0.0,0.0,0.0,31097.76071498286,30471.23928501714,31411.021429965713,30157.978570034287,DEC26,SEP26,2026-09-23,2026-12-18,30784.5,29969.045028362125,FOUND,DEGRADED,SPOT_MONTH_FALLBACK;ESTIMATED_EXPIRY_ALIAS,2026-08-02.2,PUT_CALL_PARITY,SEP26,SEP26=PUT_CALL_PARITY;OCT26=PUT_CALL_PARITY;DEC29=SERIES_FORWARD_CLUSTER;DEC26=SERIES_FORWARD_CLUSTER;NOV26=SERIES_FORWARD_CLUSTER;MAR27=SERIES_FORWARD_CLUSTER;DEC28=PUT_CALL_PARITY;JUN27=PUT_CALL_PARITY;DEC27=PUT_CALL_PARITY;SEP27=SERIES_FORWARD_CLUSTER;JUN29=PUT_CALL_PARITY;DEC30=PUT_CALL_PARITY,SEP26=30784.5;OCT26=30771.875;DEC29=30567.375;DEC26=25293.875;NOV26=31207.875;MAR27=27605.375;JUN27=24447;DEC27=21051.75;SEP27=36072.5,DEC28=GLOBAL_REFERENCE_NO_OBSERVATION;JUN27=GLOBAL_REFERENCE_OUTLIER_SERIES_FORWARD_CLUSTER;DEC27=GLOBAL_REFERENCE_OUTLIER_SERIES_FORWARD_CLUSTER;JUN29=GLOBAL_REFERENCE_NO_OBSERVATION;DEC30=GLOBAL_REFERENCE_NO_OBSERVATION,WEIGHTED_ATM,2026-09-30,6,120,0.0,NONE,5139,4967,0,0,165,NONE,MN1;MN2;MN3;MN4;MN5;QMW;QRW;QTW;QWW,OK,NONE,NONE,2026-09-21
NAS,29375.0,-680522.3994655381,0.18141136758049908,0.0,0.0,0.0,0.0,0.0,0.0,31097.76071498286,30471.23928501714,31411.021429965713,30157.978570034287,DEC26,SEP26,2026-09-23,2026-12-18,30784.5,29969.045028362125,FOUND,DEGRADED,SPOT_MONTH_FALLBACK;ESTIMATED_EXPIRY_ALIAS,2026-08-02.2,PUT_CALL_PARITY,SEP26,SEP26=PUT_CALL_PARITY;OCT26=PUT_CALL_PARITY;DEC29=SERIES_FORWARD_CLUSTER;DEC26=SERIES_FORWARD_CLUSTER;NOV26=SERIES_FORWARD_CLUSTER;MAR27=SERIES_FORWARD_CLUSTER;DEC28=PUT_CALL_PARITY;JUN27=PUT_CALL_PARITY;DEC27=PUT_CALL_PARITY;SEP27=SERIES_FORWARD_CLUSTER;JUN29=PUT_CALL_PARITY;DEC30=PUT_CALL_PARITY,SEP26=30784.5;OCT26=30771.875;DEC29=30567.375;DEC26=25293.875;NOV26=31207.875;MAR27=27605.375;JUN27=24447;DEC27=21051.75;SEP27=36072.5,DEC28=GLOBAL_REFERENCE_NO_OBSERVATION;JUN27=GLOBAL_REFERENCE_OUTLIER_SERIES_FORWARD_CLUSTER;DEC27=GLOBAL_REFERENCE_OUTLIER_SERIES_FORWARD_CLUSTER;JUN29=GLOBAL_REFERENCE_NO_OBSERVATION;DEC30=GLOBAL_REFERENCE_NO_OBSERVATION,WEIGHTED_ATM,2026-09-30,6,120,0.0,NONE,5139,4967,0,0,165,NONE,MN1;MN2;MN3;MN4;MN5;QMW;QRW;QTW;QWW,OK,NONE,NONE,2026-09-21
NAS,29380.0,-123618.78962532309,0.013052385455400021,0.0,0.0,0.0,0.0,0.0,0.0,31097.76071498286,30471.23928501714,31411.021429965713,30157.978570034287,DEC26,SEP26,2026-09-23,2026-12-18,30784.5,29969.045028362125,FOUND,DEGRADED,SPOT_MONTH_FALLBACK;ESTIMATED_EXPIRY_ALIAS,2026-08-02.2,PUT_CALL_PARITY,SEP26,SEP26=PUT_CALL_PARITY;OCT26=PUT_CALL_PARITY;DEC29=SERIES_FORWARD_CLUSTER;DEC26=SERIES_FORWARD_CLUSTER;NOV26=SERIES_FORWARD_CLUSTER;MAR27=SERIES_FORWARD_CLUSTER;DEC28=PUT_CALL_PARITY;JUN27=PUT_CALL_PARITY;DEC27=PUT_CALL_PARITY;SEP27=SERIES_FORWARD_CLUSTER;JUN29=PUT_CALL_PARITY;DEC30=PUT_CALL_PARITY,SEP26=30784.5;OCT26=30771.875;DEC29=30567.375;DEC26=25293.875;NOV26=31207.875;MAR27=27605.375;JUN27=24447;DEC27=21051.75;SEP27=36072.5,DEC28=GLOBAL_REFERENCE_NO_OBSERVATION;JUN27=GLOBAL_REFERENCE_OUTLIER_SERIES_FORWARD_CLUSTER;DEC27=GLOBAL_REFERENCE_OUTLIER_SERIES_FORWARD_CLUSTER;JUN29=GLOBAL_REFERENCE_NO_OBSERVATION;DEC30=GLOBAL_REFERENCE_NO_OBSERVATION,WEIGHTED_ATM,2026-09-30,6,120,0.0,NONE,5139,4967,0,0,165,NONE,MN1;MN2;MN3;MN4;MN5;QMW;QRW;QTW;QWW,OK,NONE,NONE,2026-09-21
NAS,29390.0,-97765.3495680967,0.01032114166225037,0.0,0.0,0.0,0.0,0.0,0.0,31097.76071498286,30471.23928501714,31411.021429965713,30157.978570034287,DEC26,SEP26,2026-09-23,2026-12-18,30784.5,29969.045028362125,FOUND,DEGRADED,SPOT_MONTH_FALLBACK;ESTIMATED_EXPIRY_ALIAS,2026-08-02.2,PUT_CALL_PARITY,SEP26,SEP26=PUT_CALL_PARITY;OCT26=PUT_CALL_PARITY;DEC29=SERIES_FORWARD_CLUSTER;DEC26=SERIES_FORWARD_CLUSTER;NOV26=SERIES_FORWARD_CLUSTER;MAR27=SERIES_FORWARD_CLUSTER;DEC28=PUT_CALL_PARITY;JUN27=PUT_CALL_PARITY;DEC27=PUT_CALL_PARITY;SEP27=SERIES_FORWARD_CLUSTER;JUN29=PUT_CALL_PARITY;DEC30=PUT_CALL_PARITY,SEP26=30784.5;OCT26=30771.875;DEC29=30567.375;DEC26=25293.875;NOV26=31207.875;MAR27=27605.375;JUN27=24447;DEC27=21051.75;SEP27=36072.5,DEC28=GLOBAL_REFERENCE_NO_OBSERVATION;JUN27=GLOBAL_REFERENCE_OUTLIER_SERIES_FORWARD_CLUSTER;DEC27=GLOBAL_REFERENCE_OUTLIER_SERIES_FORWARD_CLUSTER;JUN29=GLOBAL_REFERENCE_NO_OBSERVATION;DEC30=GLOBAL_REFERENCE_NO_OBSERVATION,WEIGHTED_ATM,2026-09-30,6,120,0.0,NONE,5139,4967,0,0,165,NONE,MN1;MN2;MN3;MN4;MN5;QMW;QRW;QTW;QWW,OK,NONE,NONE,2026-09-21
NAS,29400.0,-11171584.04100118,2.4825540738669076,0.0,0.0,0.0,0.0,0.0,0.0,31097.76071498286,30471.23928501714,31411.021429965713,30157.978570034287,DEC26,SEP26,2026-09-23,2026-12-18,30784.5,29969.045028362125,FOUND,DEGRADED,SPOT_MONTH_FALLBACK;ESTIMATED_EXPIRY_ALIAS,2026-08-02.2,PUT_CALL_PARITY,SEP26,SEP26=PUT_CALL_PARITY;OCT26=PUT_CALL_PARITY;DEC29=SERIES_FORWARD_CLUSTER;DEC26=SERIES_FORWARD_CLUSTER;NOV26=SERIES_FORWARD_CLUSTER;MAR27=SERIES_FORWARD_CLUSTER;DEC28=PUT_CALL_PARITY;JUN27=PUT_CALL_PARITY;DEC27=PUT_CALL_PARITY;SEP27=SERIES_FORWARD_CLUSTER;JUN29=PUT_CALL_PARITY;DEC30=PUT_CALL_PARITY,SEP26=30784.5;OCT26=30771.875;DEC29=30567.375;DEC26=25293.875;NOV26=31207.875;MAR27=27605.375;JUN27=24447;DEC27=21051.75;SEP27=36072.5,DEC28=GLOBAL_REFERENCE_NO_OBSERVATION;JUN27=GLOBAL_REFERENCE_OUTLIER_SERIES_FORWARD_CLUSTER;DEC27=GLOBAL_REFERENCE_OUTLIER_SERIES_FORWARD_CLUSTER;JUN29=GLOBAL_REFERENCE_NO_OBSERVATION;DEC30=GLOBAL_REFERENCE_NO_OBSERVATION,WEIGHTED_ATM,2026-09-30,6,120,0.0,NONE,5139,4967,0,0,165,NONE,MN1;MN2;MN3;MN4;MN5;QMW;QRW;QTW;QWW,OK,NONE,NONE,2026-09-21
NAS,29410.0,-120981.83956561291,0.012770038770654642,0.0,0.0,0.0,0.0,0.0,0.0,31097.76071498286,30471.23928501714,31411.021429965713,30157.978570034287,DEC26,SEP26,2026-09-23,2026-12-18,30784.5,29969.045028362125,FOUND,DEGRADED,SPOT_MONTH_FALLBACK;ESTIMATED_EXPIRY_ALIAS,2026-08-02.2,PUT_CALL_PARITY,SEP26,SEP26=PUT_CALL_PARITY;OCT26=PUT_CALL_PARITY;DEC29=SERIES_FORWARD_CLUSTER;DEC26=SERIES_FORWARD_CLUSTER;NOV26=SERIES_FORWARD_CLUSTER;MAR27=SERIES_FORWARD_CLUSTER;DEC28=PUT_CALL_PARITY;JUN27=PUT_CALL_PARITY;DEC27=PUT_CALL_PARITY;SEP27=SERIES_FORWARD_CLUSTER;JUN29=PUT_CALL_PARITY;DEC30=PUT_CALL_PARITY,SEP26=30784.5;OCT26=30771.875;DEC29=30567.375;DEC26=25293.875;NOV26=31207.875;MAR27=27605.375;JUN27=24447;DEC27=21051.75;SEP27=36072.5,DEC28=GLOBAL_REFERENCE_NO_OBSERVATION;JUN27=GLOBAL_REFERENCE_OUTLIER_SERIES_FORWARD_CLUSTER;DEC27=GLOBAL_REFERENCE_OUTLIER_SERIES_FORWARD_CLUSTER;JUN29=GLOBAL_REFERENCE_NO_OBSERVATION;DEC30=GLOBAL_REFERENCE_NO_OBSERVATION,WEIGHTED_ATM,2026-09-30,6,120,0.0,NONE,5139,4967,0,0,165,NONE,MN1;MN2;MN3;MN4;MN5;QMW;QRW;QTW;QWW,OK,NONE,NONE,2026-09-21
NAS,29420.0,-33435.748756143534,0.0035310440380959558,0.0,0.0,0.0,0.0,0.0,0.0,31097.76071498286,30471.23928501714,31411.021429965713,30157.978570034287,DEC26,SEP26,2026-09-23,2026-12-18,30784.5,29969.045028362125,FOUND,DEGRADED,SPOT_MONTH_FALLBACK;ESTIMATED_EXPIRY_ALIAS,2026-08-02.2,PUT_CALL_PARITY,SEP26,SEP26=PUT_CALL_PARITY;OCT26=PUT_CALL_PARITY;DEC29=SERIES_FORWARD_CLUSTER;DEC26=SERIES_FORWARD_CLUSTER;NOV26=SERIES_FORWARD_CLUSTER;MAR27=SERIES_FORWARD_CLUSTER;DEC28=PUT_CALL_PARITY;JUN27=PUT_CALL_PARITY;DEC27=PUT_CALL_PARITY;SEP27=SERIES_FORWARD_CLUSTER;JUN29=PUT_CALL_PARITY;DEC30=PUT_CALL_PARITY,SEP26=30784.5;OCT26=30771.875;DEC29=30567.375;DEC26=25293.875;NOV26=31207.875;MAR27=27605.375;JUN27=24447;DEC27=21051.75;SEP27=36072.5,DEC28=GLOBAL_REFERENCE_NO_OBSERVATION;JUN27=GLOBAL_REFERENCE_OUTLIER_SERIES_FORWARD_CLUSTER;DEC27=GLOBAL_REFERENCE_OUTLIER_SERIES_FORWARD_CLUSTER;JUN29=GLOBAL_REFERENCE_NO_OBSERVATION;DEC30=GLOBAL_REFERENCE_NO_OBSERVATION,WEIGHTED_ATM,2026-09-30,6,120,0.0,NONE,5139,4967,0,0,165,NONE,MN1;MN2;MN3;MN4;MN5;QMW;QRW;QTW;QWW,OK,NONE,NONE,2026-09-21
NAS,29425.0,-292274.7459110227,0.11815469178074849,0.0,0.0,0.0,0.0,0.0,0.0,31097.76071498286,30471.23928501714,31411.021429965713,30157.978570034287,DEC26,SEP26,2026-09-23,2026-12-18,30784.5,29969.045028362125,FOUND,DEGRADED,SPOT_MONTH_FALLBACK;ESTIMATED_EXPIRY_ALIAS,2026-08-02.2,PUT_CALL_PARITY,SEP26,SEP26=PUT_CALL_PARITY;OCT26=PUT_CALL_PARITY;DEC29=SERIES_FORWARD_CLUSTER;DEC26=SERIES_FORWARD_CLUSTER;NOV26=SERIES_FORWARD_CLUSTER;MAR27=SERIES_FORWARD_CLUSTER;DEC28=PUT_CALL_PARITY;JUN27=PUT_CALL_PARITY;DEC27=PUT_CALL_PARITY;SEP27=SERIES_FORWARD_CLUSTER;JUN29=PUT_CALL_PARITY;DEC30=PUT_CALL_PARITY,SEP26=30784.5;OCT26=30771.875;DEC29=30567.375;DEC26=25293.875;NOV26=31207.875;MAR27=27605.375;JUN27=24447;DEC27=21051.75;SEP27=36072.5,DEC28=GLOBAL_REFERENCE_NO_OBSERVATION;JUN27=GLOBAL_REFERENCE_OUTLIER_SERIES_FORWARD_CLUSTER;DEC27=GLOBAL_REFERENCE_OUTLIER_SERIES_FORWARD_CLUSTER;JUN29=GLOBAL_REFERENCE_NO_OBSERVATION;DEC30=GLOBAL_REFERENCE_NO_OBSERVATION,WEIGHTED_ATM,2026-09-30,6,120,0.0,NONE,5139,4967,0,0,165,NONE,MN1;MN2;MN3;MN4;MN5;QMW;QRW;QTW;QWW,OK,NONE,NONE,2026-09-21
NAS,29430.0,-133288.68162530637,0.01406764830049173,0.0,0.0,0.0,0.0,0.0,0.0,31097.76071498286,30471.23928501714,31411.021429965713,30157.978570034287,DEC26,SEP26,2026-09-23,2026-12-18,30784.5,29969.045028362125,FOUND,DEGRADED,SPOT_MONTH_FALLBACK;ESTIMATED_EXPIRY_ALIAS,2026-08-02.2,PUT_CALL_PARITY,SEP26,SEP26=PUT_CALL_PARITY;OCT26=PUT_CALL_PARITY;DEC29=SERIES_FORWARD_CLUSTER;DEC26=SERIES_FORWARD_CLUSTER;NOV26=SERIES_FORWARD_CLUSTER;MAR27=SERIES_FORWARD_CLUSTER;DEC28=PUT_CALL_PARITY;JUN27=PUT_CALL_PARITY;DEC27=PUT_CALL_PARITY;SEP27=SERIES_FORWARD_CLUSTER;JUN29=PUT_CALL_PARITY;DEC30=PUT_CALL_PARITY,SEP26=30784.5;OCT26=30771.875;DEC29=30567.375;DEC26=25293.875;NOV26=31207.875;MAR27=27605.375;JUN27=24447;DEC27=21051.75;SEP27=36072.5,DEC28=GLOBAL_REFERENCE_NO_OBSERVATION;JUN27=GLOBAL_REFERENCE_OUTLIER_SERIES_FORWARD_CLUSTER;DEC27=GLOBAL_REFERENCE_OUTLIER_SERIES_FORWARD_CLUSTER;JUN29=GLOBAL_REFERENCE_NO_OBSERVATION;DEC30=GLOBAL_REFERENCE_NO_OBSERVATION,WEIGHTED_ATM,2026-09-30,6,120,0.0,NONE,5139,4967,0,0,165,NONE,MN1;MN2;MN3;MN4;MN5;QMW;QRW;QTW;QWW,OK,NONE,NONE,2026-09-21
NAS,29440.0,-207429.515724345,0.02309432157141899,0.0,0.0,0.0,0.0,0.0,0.0,31097.76071498286,30471.23928501714,31411.021429965713,30157.978570034287,DEC26,SEP26,2026-09-23,2026-12-18,30784.5,29969.045028362125,FOUND,DEGRADED,SPOT_MONTH_FALLBACK;ESTIMATED_EXPIRY_ALIAS,2026-08-02.2,PUT_CALL_PARITY,SEP26,SEP26=PUT_CALL_PARITY;OCT26=PUT_CALL_PARITY;DEC29=SERIES_FORWARD_CLUSTER;DEC26=SERIES_FORWARD_CLUSTER;NOV26=SERIES_FORWARD_CLUSTER;MAR27=SERIES_FORWARD_CLUSTER;DEC28=PUT_CALL_PARITY;JUN27=PUT_CALL_PARITY;DEC27=PUT_CALL_PARITY;SEP27=SERIES_FORWARD_CLUSTER;JUN29=PUT_CALL_PARITY;DEC30=PUT_CALL_PARITY,SEP26=30784.5;OCT26=30771.875;DEC29=30567.375;DEC26=25293.875;NOV26=31207.875;MAR27=27605.375;JUN27=24447;DEC27=21051.75;SEP27=36072.5,DEC28=GLOBAL_REFERENCE_NO_OBSERVATION;JUN27=GLOBAL_REFERENCE_OUTLIER_SERIES_FORWARD_CLUSTER;DEC27=GLOBAL_REFERENCE_OUTLIER_SERIES_FORWARD_CLUSTER;JUN29=GLOBAL_REFERENCE_NO_OBSERVATION;DEC30=GLOBAL_REFERENCE_NO_OBSERVATION,WEIGHTED_ATM,2026-09-30,6,120,0.0,NONE,5139,4967,0,0,165,NONE,MN1;MN2;MN3;MN4;MN5;QMW;QRW;QTW;QWW,OK,NONE,NONE,2026-09-21
NAS,29450.0,-4502879.747925204,1.0082400006279784,0.0,0.0,0.0,0.0,0.0,0.0,31097.76071498286,30471.23928501714,31411.021429965713,30157.978570034287,DEC26,SEP26,2026-09-23,2026-12-18,30784.5,29969.045028362125,FOUND,DEGRADED,SPOT_MONTH_FALLBACK;ESTIMATED_EXPIRY_ALIAS,2026-08-02.2,PUT_CALL_PARITY,SEP26,SEP26=PUT_CALL_PARITY;OCT26=PUT_CALL_PARITY;DEC29=SERIES_FORWARD_CLUSTER;DEC26=SERIES_FORWARD_CLUSTER;NOV26=SERIES_FORWARD_CLUSTER;MAR27=SERIES_FORWARD_CLUSTER;DEC28=PUT_CALL_PARITY;JUN27=PUT_CALL_PARITY;DEC27=PUT_CALL_PARITY;SEP27=SERIES_FORWARD_CLUSTER;JUN29=PUT_CALL_PARITY;DEC30=PUT_CALL_PARITY,SEP26=30784.5;OCT26=30771.875;DEC29=30567.375;DEC26=25293.875;NOV26=31207.875;MAR27=27605.375;JUN27=24447;DEC27=21051.75;SEP27=36072.5,DEC28=GLOBAL_REFERENCE_NO_OBSERVATION;JUN27=GLOBAL_REFERENCE_OUTLIER_SERIES_FORWARD_CLUSTER;DEC27=GLOBAL_REFERENCE_OUTLIER_SERIES_FORWARD_CLUSTER;JUN29=GLOBAL_REFERENCE_NO_OBSERVATION;DEC30=GLOBAL_REFERENCE_NO_OBSERVATION,WEIGHTED_ATM,2026-09-30,6,120,0.0,NONE,5139,4967,0,0,165,NONE,MN1;MN2;MN3;MN4;MN5;QMW;QRW;QTW;QWW,OK,NONE,NONE,2026-09-21
NAS,29460.0,-80460.52512220763,0.01160382038399187,0.0,0.0,0.0,0.0,0.0,0.0,31097.76071498286,30471.23928501714,31411.021429965713,30157.978570034287,DEC26,SEP26,2026-09-23,2026-12-18,30784.5,29969.045028362125,FOUND,DEGRADED,SPOT_MONTH_FALLBACK;ESTIMATED_EXPIRY_ALIAS,2026-08-02.2,PUT_CALL_PARITY,SEP26,SEP26=PUT_CALL_PARITY;OCT26=PUT_CALL_PARITY;DEC29=SERIES_FORWARD_CLUSTER;DEC26=SERIES_FORWARD_CLUSTER;NOV26=SERIES_FORWARD_CLUSTER;MAR27=SERIES_FORWARD_CLUSTER;DEC28=PUT_CALL_PARITY;JUN27=PUT_CALL_PARITY;DEC27=PUT_CALL_PARITY;SEP27=SERIES_FORWARD_CLUSTER;JUN29=PUT_CALL_PARITY;DEC30=PUT_CALL_PARITY,SEP26=30784.5;OCT26=30771.875;DEC29=30567.375;DEC26=25293.875;NOV26=31207.875;MAR27=27605.375;JUN27=24447;DEC27=21051.75;SEP27=36072.5,DEC28=GLOBAL_REFERENCE_NO_OBSERVATION;JUN27=GLOBAL_REFERENCE_OUTLIER_SERIES_FORWARD_CLUSTER;DEC27=GLOBAL_REFERENCE_OUTLIER_SERIES_FORWARD_CLUSTER;JUN29=GLOBAL_REFERENCE_NO_OBSERVATION;DEC30=GLOBAL_REFERENCE_NO_OBSERVATION,WEIGHTED_ATM,2026-09-30,6,120,0.0,NONE,5139,4967,0,0,165,NONE,MN1;MN2;MN3;MN4;MN5;QMW;QRW;QTW;QWW,OK,NONE,NONE,2026-09-21
NAS,29470.0,-955472.4745010766,0.10082554152573707,0.0,0.0,0.0,0.0,0.0,0.0,31097.76071498286,30471.23928501714,31411.021429965713,30157.978570034287,DEC26,SEP26,2026-09-23,2026-12-18,30784.5,29969.045028362125,FOUND,DEGRADED,SPOT_MONTH_FALLBACK;ESTIMATED_EXPIRY_ALIAS,2026-08-02.2,PUT_CALL_PARITY,SEP26,SEP26=PUT_CALL_PARITY;OCT26=PUT_CALL_PARITY;DEC29=SERIES_FORWARD_CLUSTER;DEC26=SERIES_FORWARD_CLUSTER;NOV26=SERIES_FORWARD_CLUSTER;MAR27=SERIES_FORWARD_CLUSTER;DEC28=PUT_CALL_PARITY;JUN27=PUT_CALL_PARITY;DEC27=PUT_CALL_PARITY;SEP27=SERIES_FORWARD_CLUSTER;JUN29=PUT_CALL_PARITY;DEC30=PUT_CALL_PARITY,SEP26=30784.5;OCT26=30771.875;DEC29=30567.375;DEC26=25293.875;NOV26=31207.875;MAR27=27605.375;JUN27=24447;DEC27=21051.75;SEP27=36072.5,DEC28=GLOBAL_REFERENCE_NO_OBSERVATION;JUN27=GLOBAL_REFERENCE_OUTLIER_SERIES_FORWARD_CLUSTER;DEC27=GLOBAL_REFERENCE_OUTLIER_SERIES_FORWARD_CLUSTER;JUN29=GLOBAL_REFERENCE_NO_OBSERVATION;DEC30=GLOBAL_REFERENCE_NO_OBSERVATION,WEIGHTED_ATM,2026-09-30,6,120,0.0,NONE,5139,4967,0,0,165,NONE,MN1;MN2;MN3;MN4;MN5;QMW;QRW;QTW;QWW,OK,NONE,NONE,2026-09-21
NAS,29475.0,-1569836.328386716,0.17877944365186424,0.0,0.0,0.0,0.0,0.0,0.0,31097.76071498286,30471.23928501714,31411.021429965713,30157.978570034287,DEC26,SEP26,2026-09-23,2026-12-18,30784.5,29969.045028362125,FOUND,DEGRADED,SPOT_MONTH_FALLBACK;ESTIMATED_EXPIRY_ALIAS,2026-08-02.2,PUT_CALL_PARITY,SEP26,SEP26=PUT_CALL_PARITY;OCT26=PUT_CALL_PARITY;DEC29=SERIES_FORWARD_CLUSTER;DEC26=SERIES_FORWARD_CLUSTER;NOV26=SERIES_FORWARD_CLUSTER;MAR27=SERIES_FORWARD_CLUSTER;DEC28=PUT_CALL_PARITY;JUN27=PUT_CALL_PARITY;DEC27=PUT_CALL_PARITY;SEP27=SERIES_FORWARD_CLUSTER;JUN29=PUT_CALL_PARITY;DEC30=PUT_CALL_PARITY,SEP26=30784.5;OCT26=30771.875;DEC29=30567.375;DEC26=25293.875;NOV26=31207.875;MAR27=27605.375;JUN27=24447;DEC27=21051.75;SEP27=36072.5,DEC28=GLOBAL_REFERENCE_NO_OBSERVATION;JUN27=GLOBAL_REFERENCE_OUTLIER_SERIES_FORWARD_CLUSTER;DEC27=GLOBAL_REFERENCE_OUTLIER_SERIES_FORWARD_CLUSTER;JUN29=GLOBAL_REFERENCE_NO_OBSERVATION;DEC30=GLOBAL_REFERENCE_NO_OBSERVATION,WEIGHTED_ATM,2026-09-30,6,120,0.0,NONE,5139,4967,0,0,165,NONE,MN1;MN2;MN3;MN4;MN5;QMW;QRW;QTW;QWW,OK,NONE,NONE,2026-09-21
NAS,29480.0,-183179.06573484733,0.02251471418172978,0.0,0.0,0.0,0.0,0.0,0.0,31097.76071498286,30471.23928501714,31411.021429965713,30157.978570034287,DEC26,SEP26,2026-09-23,2026-12-18,30784.5,29969.045028362125,FOUND,DEGRADED,SPOT_MONTH_FALLBACK;ESTIMATED_EXPIRY_ALIAS,2026-08-02.2,PUT_CALL_PARITY,SEP26,SEP26=PUT_CALL_PARITY;OCT26=PUT_CALL_PARITY;DEC29=SERIES_FORWARD_CLUSTER;DEC26=SERIES_FORWARD_CLUSTER;NOV26=SERIES_FORWARD_CLUSTER;MAR27=SERIES_FORWARD_CLUSTER;DEC28=PUT_CALL_PARITY;JUN27=PUT_CALL_PARITY;DEC27=PUT_CALL_PARITY;SEP27=SERIES_FORWARD_CLUSTER;JUN29=PUT_CALL_PARITY;DEC30=PUT_CALL_PARITY,SEP26=30784.5;OCT26=30771.875;DEC29=30567.375;DEC26=25293.875;NOV26=31207.875;MAR27=27605.375;JUN27=24447;DEC27=21051.75;SEP27=36072.5,DEC28=GLOBAL_REFERENCE_NO_OBSERVATION;JUN27=GLOBAL_REFERENCE_OUTLIER_SERIES_FORWARD_CLUSTER;DEC27=GLOBAL_REFERENCE_OUTLIER_SERIES_FORWARD_CLUSTER;JUN29=GLOBAL_REFERENCE_NO_OBSERVATION;DEC30=GLOBAL_REFERENCE_NO_OBSERVATION,WEIGHTED_ATM,2026-09-30,6,120,0.0,NONE,5139,4967,0,0,165,NONE,MN1;MN2;MN3;MN4;MN5;QMW;QRW;QTW;QWW,OK,NONE,NONE,2026-09-21
NAS,29490.0,-323267.2376889532,0.0357260510752876,0.0,0.0,0.0,0.0,0.0,0.0,31097.76071498286,30471.23928501714,31411.021429965713,30157.978570034287,DEC26,SEP26,2026-09-23,2026-12-18,30784.5,29969.045028362125,FOUND,DEGRADED,SPOT_MONTH_FALLBACK;ESTIMATED_EXPIRY_ALIAS,2026-08-02.2,PUT_CALL_PARITY,SEP26,SEP26=PUT_CALL_PARITY;OCT26=PUT_CALL_PARITY;DEC29=SERIES_FORWARD_CLUSTER;DEC26=SERIES_FORWARD_CLUSTER;NOV26=SERIES_FORWARD_CLUSTER;MAR27=SERIES_FORWARD_CLUSTER;DEC28=PUT_CALL_PARITY;JUN27=PUT_CALL_PARITY;DEC27=PUT_CALL_PARITY;SEP27=SERIES_FORWARD_CLUSTER;JUN29=PUT_CALL_PARITY;DEC30=PUT_CALL_PARITY,SEP26=30784.5;OCT26=30771.875;DEC29=30567.375;DEC26=25293.875;NOV26=31207.875;MAR27=27605.375;JUN27=24447;DEC27=21051.75;SEP27=36072.5,DEC28=GLOBAL_REFERENCE_NO_OBSERVATION;JUN27=GLOBAL_REFERENCE_OUTLIER_SERIES_FORWARD_CLUSTER;DEC27=GLOBAL_REFERENCE_OUTLIER_SERIES_FORWARD_CLUSTER;JUN29=GLOBAL_REFERENCE_NO_OBSERVATION;DEC30=GLOBAL_REFERENCE_NO_OBSERVATION,WEIGHTED_ATM,2026-09-30,6,120,0.0,NONE,5139,4967,0,0,165,NONE,MN1;MN2;MN3;MN4;MN5;QMW;QRW;QTW;QWW,OK,NONE,NONE,2026-09-21
NAS,29500.0,19263081.260921612,12.199481554140952,0.0,0.0,0.0,0.0,0.0,0.0,31097.76071498286,30471.23928501714,31411.021429965713,30157.978570034287,DEC26,SEP26,2026-09-23,2026-12-18,30784.5,29969.045028362125,FOUND,DEGRADED,SPOT_MONTH_FALLBACK;ESTIMATED_EXPIRY_ALIAS,2026-08-02.2,PUT_CALL_PARITY,SEP26,SEP26=PUT_CALL_PARITY;OCT26=PUT_CALL_PARITY;DEC29=SERIES_FORWARD_CLUSTER;DEC26=SERIES_FORWARD_CLUSTER;NOV26=SERIES_FORWARD_CLUSTER;MAR27=SERIES_FORWARD_CLUSTER;DEC28=PUT_CALL_PARITY;JUN27=PUT_CALL_PARITY;DEC27=PUT_CALL_PARITY;SEP27=SERIES_FORWARD_CLUSTER;JUN29=PUT_CALL_PARITY;DEC30=PUT_CALL_PARITY,SEP26=30784.5;OCT26=30771.875;DEC29=30567.375;DEC26=25293.875;NOV26=31207.875;MAR27=27605.375;JUN27=24447;DEC27=21051.75;SEP27=36072.5,DEC28=GLOBAL_REFERENCE_NO_OBSERVATION;JUN27=GLOBAL_REFERENCE_OUTLIER_SERIES_FORWARD_CLUSTER;DEC27=GLOBAL_REFERENCE_OUTLIER_SERIES_FORWARD_CLUSTER;JUN29=GLOBAL_REFERENCE_NO_OBSERVATION;DEC30=GLOBAL_REFERENCE_NO_OBSERVATION,WEIGHTED_ATM,2026-09-30,6,120,0.0,NONE,5139,4967,0,0,165,NONE,MN1;MN2;MN3;MN4;MN5;QMW;QRW;QTW;QWW,OK,NONE,NONE,2026-09-21
NAS,29510.0,-318816.8668141926,0.033645142374948506,0.0,0.0,0.0,0.0,0.0,0.0,31097.76071498286,30471.23928501714,31411.021429965713,30157.978570034287,DEC26,SEP26,2026-09-23,2026-12-18,30784.5,29969.045028362125,FOUND,DEGRADED,SPOT_MONTH_FALLBACK;ESTIMATED_EXPIRY_ALIAS,2026-08-02.2,PUT_CALL_PARITY,SEP26,SEP26=PUT_CALL_PARITY;OCT26=PUT_CALL_PARITY;DEC29=SERIES_FORWARD_CLUSTER;DEC26=SERIES_FORWARD_CLUSTER;NOV26=SERIES_FORWARD_CLUSTER;MAR27=SERIES_FORWARD_CLUSTER;DEC28=PUT_CALL_PARITY;JUN27=PUT_CALL_PARITY;DEC27=PUT_CALL_PARITY;SEP27=SERIES_FORWARD_CLUSTER;JUN29=PUT_CALL_PARITY;DEC30=PUT_CALL_PARITY,SEP26=30784.5;OCT26=30771.875;DEC29=30567.375;DEC26=25293.875;NOV26=31207.875;MAR27=27605.375;JUN27=24447;DEC27=21051.75;SEP27=36072.5,DEC28=GLOBAL_REFERENCE_NO_OBSERVATION;JUN27=GLOBAL_REFERENCE_OUTLIER_SERIES_FORWARD_CLUSTER;DEC27=GLOBAL_REFERENCE_OUTLIER_SERIES_FORWARD_CLUSTER;JUN29=GLOBAL_REFERENCE_NO_OBSERVATION;DEC30=GLOBAL_REFERENCE_NO_OBSERVATION,WEIGHTED_ATM,2026-09-30,6,120,0.0,NONE,5139,4967,0,0,165,NONE,MN1;MN2;MN3;MN4;MN5;QMW;QRW;QTW;QWW,OK,NONE,NONE,2026-09-21
NAS,29520.0,-314741.7322327393,0.03321873233931687,0.0,0.0,0.0,0.0,0.0,0.0,31097.76071498286,30471.23928501714,31411.021429965713,30157.978570034287,DEC26,SEP26,2026-09-23,2026-12-18,30784.5,29969.045028362125,FOUND,DEGRADED,SPOT_MONTH_FALLBACK;ESTIMATED_EXPIRY_ALIAS,2026-08-02.2,PUT_CALL_PARITY,SEP26,SEP26=PUT_CALL_PARITY;OCT26=PUT_CALL_PARITY;DEC29=SERIES_FORWARD_CLUSTER;DEC26=SERIES_FORWARD_CLUSTER;NOV26=SERIES_FORWARD_CLUSTER;MAR27=SERIES_FORWARD_CLUSTER;DEC28=PUT_CALL_PARITY;JUN27=PUT_CALL_PARITY;DEC27=PUT_CALL_PARITY;SEP27=SERIES_FORWARD_CLUSTER;JUN29=PUT_CALL_PARITY;DEC30=PUT_CALL_PARITY,SEP26=30784.5;OCT26=30771.875;DEC29=30567.375;DEC26=25293.875;NOV26=31207.875;MAR27=27605.375;JUN27=24447;DEC27=21051.75;SEP27=36072.5,DEC28=GLOBAL_REFERENCE_NO_OBSERVATION;JUN27=GLOBAL_REFERENCE_OUTLIER_SERIES_FORWARD_CLUSTER;DEC27=GLOBAL_REFERENCE_OUTLIER_SERIES_FORWARD_CLUSTER;JUN29=GLOBAL_REFERENCE_NO_OBSERVATION;DEC30=GLOBAL_REFERENCE_NO_OBSERVATION,WEIGHTED_ATM,2026-09-30,6,120,0.0,NONE,5139,4967,0,0,165,NONE,MN1;MN2;MN3;MN4;MN5;QMW;QRW;QTW;QWW,OK,NONE,NONE,2026-09-21
NAS,29525.0,-1103532.4374595445,0.15208157090907012,0.0,0.0,0.0,0.0,0.0,0.0,31097.76071498286,30471.23928501714,31411.021429965713,30157.978570034287,DEC26,SEP26,2026-09-23,2026-12-18,30784.5,29969.045028362125,FOUND,DEGRADED,SPOT_MONTH_FALLBACK;ESTIMATED_EXPIRY_ALIAS,2026-08-02.2,PUT_CALL_PARITY,SEP26,SEP26=PUT_CALL_PARITY;OCT26=PUT_CALL_PARITY;DEC29=SERIES_FORWARD_CLUSTER;DEC26=SERIES_FORWARD_CLUSTER;NOV26=SERIES_FORWARD_CLUSTER;MAR27=SERIES_FORWARD_CLUSTER;DEC28=PUT_CALL_PARITY;JUN27=PUT_CALL_PARITY;DEC27=PUT_CALL_PARITY;SEP27=SERIES_FORWARD_CLUSTER;JUN29=PUT_CALL_PARITY;DEC30=PUT_CALL_PARITY,SEP26=30784.5;OCT26=30771.875;DEC29=30567.375;DEC26=25293.875;NOV26=31207.875;MAR27=27605.375;JUN27=24447;DEC27=21051.75;SEP27=36072.5,DEC28=GLOBAL_REFERENCE_NO_OBSERVATION;JUN27=GLOBAL_REFERENCE_OUTLIER_SERIES_FORWARD_CLUSTER;DEC27=GLOBAL_REFERENCE_OUTLIER_SERIES_FORWARD_CLUSTER;JUN29=GLOBAL_REFERENCE_NO_OBSERVATION;DEC30=GLOBAL_REFERENCE_NO_OBSERVATION,WEIGHTED_ATM,2026-09-30,6,120,0.0,NONE,5139,4967,0,0,165,NONE,MN1;MN2;MN3;MN4;MN5;QMW;QRW;QTW;QWW,OK,NONE,NONE,2026-09-21
NAS,29530.0,-324397.9987042964,0.03424082091394293,0.0,0.0,0.0,0.0,0.0,0.0,31097.76071498286,30471.23928501714,31411.021429965713,30157.978570034287,DEC26,SEP26,2026-09-23,2026-12-18,30784.5,29969.045028362125,FOUND,DEGRADED,SPOT_MONTH_FALLBACK;ESTIMATED_EXPIRY_ALIAS,2026-08-02.2,PUT_CALL_PARITY,SEP26,SEP26=PUT_CALL_PARITY;OCT26=PUT_CALL_PARITY;DEC29=SERIES_FORWARD_CLUSTER;DEC26=SERIES_FORWARD_CLUSTER;NOV26=SERIES_FORWARD_CLUSTER;MAR27=SERIES_FORWARD_CLUSTER;DEC28=PUT_CALL_PARITY;JUN27=PUT_CALL_PARITY;DEC27=PUT_CALL_PARITY;SEP27=SERIES_FORWARD_CLUSTER;JUN29=PUT_CALL_PARITY;DEC30=PUT_CALL_PARITY,SEP26=30784.5;OCT26=30771.875;DEC29=30567.375;DEC26=25293.875;NOV26=31207.875;MAR27=27605.375;JUN27=24447;DEC27=21051.75;SEP27=36072.5,DEC28=GLOBAL_REFERENCE_NO_OBSERVATION;JUN27=GLOBAL_REFERENCE_OUTLIER_SERIES_FORWARD_CLUSTER;DEC27=GLOBAL_REFERENCE_OUTLIER_SERIES_FORWARD_CLUSTER;JUN29=GLOBAL_REFERENCE_NO_OBSERVATION;DEC30=GLOBAL_REFERENCE_NO_OBSERVATION,WEIGHTED_ATM,2026-09-30,6,120,0.0,NONE,5139,4967,0,0,165,NONE,MN1;MN2;MN3;MN4;MN5;QMW;QRW;QTW;QWW,OK,NONE,NONE,2026-09-21
NAS,29540.0,-270688.69934430474,0.031317226438786025,0.0,0.0,0.0,0.0,0.0,0.0,31097.76071498286,30471.23928501714,31411.021429965713,30157.978570034287,DEC26,SEP26,2026-09-23,2026-12-18,30784.5,29969.045028362125,FOUND,DEGRADED,SPOT_MONTH_FALLBACK;ESTIMATED_EXPIRY_ALIAS,2026-08-02.2,PUT_CALL_PARITY,SEP26,SEP26=PUT_CALL_PARITY;OCT26=PUT_CALL_PARITY;DEC29=SERIES_FORWARD_CLUSTER;DEC26=SERIES_FORWARD_CLUSTER;NOV26=SERIES_FORWARD_CLUSTER;MAR27=SERIES_FORWARD_CLUSTER;DEC28=PUT_CALL_PARITY;JUN27=PUT_CALL_PARITY;DEC27=PUT_CALL_PARITY;SEP27=SERIES_FORWARD_CLUSTER;JUN29=PUT_CALL_PARITY;DEC30=PUT_CALL_PARITY,SEP26=30784.5;OCT26=30771.875;DEC29=30567.375;DEC26=25293.875;NOV26=31207.875;MAR27=27605.375;JUN27=24447;DEC27=21051.75;SEP27=36072.5,DEC28=GLOBAL_REFERENCE_NO_OBSERVATION;JUN27=GLOBAL_REFERENCE_OUTLIER_SERIES_FORWARD_CLUSTER;DEC27=GLOBAL_REFERENCE_OUTLIER_SERIES_FORWARD_CLUSTER;JUN29=GLOBAL_REFERENCE_NO_OBSERVATION;DEC30=GLOBAL_REFERENCE_NO_OBSERVATION,WEIGHTED_ATM,2026-09-30,6,120,0.0,NONE,5139,4967,0,0,165,NONE,MN1;MN2;MN3;MN4;MN5;QMW;QRW;QTW;QWW,OK,NONE,NONE,2026-09-21
NAS,29550.0,-8676189.884204289,1.193167412278102,0.0,0.0,0.0,0.0,0.0,0.0,31097.76071498286,30471.23928501714,31411.021429965713,30157.978570034287,DEC26,SEP26,2026-09-23,2026-12-18,30784.5,29969.045028362125,FOUND,DEGRADED,SPOT_MONTH_FALLBACK;ESTIMATED_EXPIRY_ALIAS,2026-08-02.2,PUT_CALL_PARITY,SEP26,SEP26=PUT_CALL_PARITY;OCT26=PUT_CALL_PARITY;DEC29=SERIES_FORWARD_CLUSTER;DEC26=SERIES_FORWARD_CLUSTER;NOV26=SERIES_FORWARD_CLUSTER;MAR27=SERIES_FORWARD_CLUSTER;DEC28=PUT_CALL_PARITY;JUN27=PUT_CALL_PARITY;DEC27=PUT_CALL_PARITY;SEP27=SERIES_FORWARD_CLUSTER;JUN29=PUT_CALL_PARITY;DEC30=PUT_CALL_PARITY,SEP26=30784.5;OCT26=30771.875;DEC29=30567.375;DEC26=25293.875;NOV26=31207.875;MAR27=27605.375;JUN27=24447;DEC27=21051.75;SEP27=36072.5,DEC28=GLOBAL_REFERENCE_NO_OBSERVATION;JUN27=GLOBAL_REFERENCE_OUTLIER_SERIES_FORWARD_CLUSTER;DEC27=GLOBAL_REFERENCE_OUTLIER_SERIES_FORWARD_CLUSTER;JUN29=GLOBAL_REFERENCE_NO_OBSERVATION;DEC30=GLOBAL_REFERENCE_NO_OBSERVATION,WEIGHTED_ATM,2026-09-30,6,120,0.0,NONE,5139,4967,0,0,165,NONE,MN1;MN2;MN3;MN4;MN5;QMW;QRW;QTW;QWW,OK,NONE,NONE,2026-09-21
NAS,29560.0,-1100541.0551845971,0.11613330813711956,0.0,0.0,0.0,0.0,0.0,0.0,31097.76071498286,30471.23928501714,31411.021429965713,30157.978570034287,DEC26,SEP26,2026-09-23,2026-12-18,30784.5,29969.045028362125,FOUND,DEGRADED,SPOT_MONTH_FALLBACK;ESTIMATED_EXPIRY_ALIAS,2026-08-02.2,PUT_CALL_PARITY,SEP26,SEP26=PUT_CALL_PARITY;OCT26=PUT_CALL_PARITY;DEC29=SERIES_FORWARD_CLUSTER;DEC26=SERIES_FORWARD_CLUSTER;NOV26=SERIES_FORWARD_CLUSTER;MAR27=SERIES_FORWARD_CLUSTER;DEC28=PUT_CALL_PARITY;JUN27=PUT_CALL_PARITY;DEC27=PUT_CALL_PARITY;SEP27=SERIES_FORWARD_CLUSTER;JUN29=PUT_CALL_PARITY;DEC30=PUT_CALL_PARITY,SEP26=30784.5;OCT26=30771.875;DEC29=30567.375;DEC26=25293.875;NOV26=31207.875;MAR27=27605.375;JUN27=24447;DEC27=21051.75;SEP27=36072.5,DEC28=GLOBAL_REFERENCE_NO_OBSERVATION;JUN27=GLOBAL_REFERENCE_OUTLIER_SERIES_FORWARD_CLUSTER;DEC27=GLOBAL_REFERENCE_OUTLIER_SERIES_FORWARD_CLUSTER;JUN29=GLOBAL_REFERENCE_NO_OBSERVATION;DEC30=GLOBAL_REFERENCE_NO_OBSERVATION,WEIGHTED_ATM,2026-09-30,6,120,0.0,NONE,5139,4967,0,0,165,NONE,MN1;MN2;MN3;MN4;MN5;QMW;QRW;QTW;QWW,OK,NONE,NONE,2026-09-21
NAS,29570.0,-247000.8800555941,0.026069191977973066,0.0,0.0,0.0,0.0,0.0,0.0,31097.76071498286,30471.23928501714,31411.021429965713,30157.978570034287,DEC26,SEP26,2026-09-23,2026-12-18,30784.5,29969.045028362125,FOUND,DEGRADED,SPOT_MONTH_FALLBACK;ESTIMATED_EXPIRY_ALIAS,2026-08-02.2,PUT_CALL_PARITY,SEP26,SEP26=PUT_CALL_PARITY;OCT26=PUT_CALL_PARITY;DEC29=SERIES_FORWARD_CLUSTER;DEC26=SERIES_FORWARD_CLUSTER;NOV26=SERIES_FORWARD_CLUSTER;MAR27=SERIES_FORWARD_CLUSTER;DEC28=PUT_CALL_PARITY;JUN27=PUT_CALL_PARITY;DEC27=PUT_CALL_PARITY;SEP27=SERIES_FORWARD_CLUSTER;JUN29=PUT_CALL_PARITY;DEC30=PUT_CALL_PARITY,SEP26=30784.5;OCT26=30771.875;DEC29=30567.375;DEC26=25293.875;NOV26=31207.875;MAR27=27605.375;JUN27=24447;DEC27=21051.75;SEP27=36072.5,DEC28=GLOBAL_REFERENCE_NO_OBSERVATION;JUN27=GLOBAL_REFERENCE_OUTLIER_SERIES_FORWARD_CLUSTER;DEC27=GLOBAL_REFERENCE_OUTLIER_SERIES_FORWARD_CLUSTER;JUN29=GLOBAL_REFERENCE_NO_OBSERVATION;DEC30=GLOBAL_REFERENCE_NO_OBSERVATION,WEIGHTED_ATM,2026-09-30,6,120,0.0,NONE,5139,4967,0,0,165,NONE,MN1;MN2;MN3;MN4;MN5;QMW;QRW;QTW;QWW,OK,NONE,NONE,2026-09-21
NAS,29575.0,-417327.6789912739,0.26549394134404086,0.0,0.0,0.0,0.0,0.0,0.0,31097.76071498286,30471.23928501714,31411.021429965713,30157.978570034287,DEC26,SEP26,2026-09-23,2026-12-18,30784.5,29969.045028362125,FOUND,DEGRADED,SPOT_MONTH_FALLBACK;ESTIMATED_EXPIRY_ALIAS,2026-08-02.2,PUT_CALL_PARITY,SEP26,SEP26=PUT_CALL_PARITY;OCT26=PUT_CALL_PARITY;DEC29=SERIES_FORWARD_CLUSTER;DEC26=SERIES_FORWARD_CLUSTER;NOV26=SERIES_FORWARD_CLUSTER;MAR27=SERIES_FORWARD_CLUSTER;DEC28=PUT_CALL_PARITY;JUN27=PUT_CALL_PARITY;DEC27=PUT_CALL_PARITY;SEP27=SERIES_FORWARD_CLUSTER;JUN29=PUT_CALL_PARITY;DEC30=PUT_CALL_PARITY,SEP26=30784.5;OCT26=30771.875;DEC29=30567.375;DEC26=25293.875;NOV26=31207.875;MAR27=27605.375;JUN27=24447;DEC27=21051.75;SEP27=36072.5,DEC28=GLOBAL_REFERENCE_NO_OBSERVATION;JUN27=GLOBAL_REFERENCE_OUTLIER_SERIES_FORWARD_CLUSTER;DEC27=GLOBAL_REFERENCE_OUTLIER_SERIES_FORWARD_CLUSTER;JUN29=GLOBAL_REFERENCE_NO_OBSERVATION;DEC30=GLOBAL_REFERENCE_NO_OBSERVATION,WEIGHTED_ATM,2026-09-30,6,120,0.0,NONE,5139,4967,0,0,165,NONE,MN1;MN2;MN3;MN4;MN5;QMW;QRW;QTW;QWW,OK,NONE,NONE,2026-09-21
NAS,29580.0,-697854.8399555937,0.07761568346607962,0.0,0.0,0.0,0.0,0.0,0.0,31097.76071498286,30471.23928501714,31411.021429965713,30157.978570034287,DEC26,SEP26,2026-09-23,2026-12-18,30784.5,29969.045028362125,FOUND,DEGRADED,SPOT_MONTH_FALLBACK;ESTIMATED_EXPIRY_ALIAS,2026-08-02.2,PUT_CALL_PARITY,SEP26,SEP26=PUT_CALL_PARITY;OCT26=PUT_CALL_PARITY;DEC29=SERIES_FORWARD_CLUSTER;DEC26=SERIES_FORWARD_CLUSTER;NOV26=SERIES_FORWARD_CLUSTER;MAR27=SERIES_FORWARD_CLUSTER;DEC28=PUT_CALL_PARITY;JUN27=PUT_CALL_PARITY;DEC27=PUT_CALL_PARITY;SEP27=SERIES_FORWARD_CLUSTER;JUN29=PUT_CALL_PARITY;DEC30=PUT_CALL_PARITY,SEP26=30784.5;OCT26=30771.875;DEC29=30567.375;DEC26=25293.875;NOV26=31207.875;MAR27=27605.375;JUN27=24447;DEC27=21051.75;SEP27=36072.5,DEC28=GLOBAL_REFERENCE_NO_OBSERVATION;JUN27=GLOBAL_REFERENCE_OUTLIER_SERIES_FORWARD_CLUSTER;DEC27=GLOBAL_REFERENCE_OUTLIER_SERIES_FORWARD_CLUSTER;JUN29=GLOBAL_REFERENCE_NO_OBSERVATION;DEC30=GLOBAL_REFERENCE_NO_OBSERVATION,WEIGHTED_ATM,2026-09-30,6,120,0.0,NONE,5139,4967,0,0,165,NONE,MN1;MN2;MN3;MN4;MN5;QMW;QRW;QTW;QWW,OK,NONE,NONE,2026-09-21
NAS,29590.0,-87534.61707226526,0.015074228574386507,0.0,0.0,0.0,0.0,0.0,0.0,31097.76071498286,30471.23928501714,31411.021429965713,30157.978570034287,DEC26,SEP26,2026-09-23,2026-12-18,30784.5,29969.045028362125,FOUND,DEGRADED,SPOT_MONTH_FALLBACK;ESTIMATED_EXPIRY_ALIAS,2026-08-02.2,PUT_CALL_PARITY,SEP26,SEP26=PUT_CALL_PARITY;OCT26=PUT_CALL_PARITY;DEC29=SERIES_FORWARD_CLUSTER;DEC26=SERIES_FORWARD_CLUSTER;NOV26=SERIES_FORWARD_CLUSTER;MAR27=SERIES_FORWARD_CLUSTER;DEC28=PUT_CALL_PARITY;JUN27=PUT_CALL_PARITY;DEC27=PUT_CALL_PARITY;SEP27=SERIES_FORWARD_CLUSTER;JUN29=PUT_CALL_PARITY;DEC30=PUT_CALL_PARITY,SEP26=30784.5;OCT26=30771.875;DEC29=30567.375;DEC26=25293.875;NOV26=31207.875;MAR27=27605.375;JUN27=24447;DEC27=21051.75;SEP27=36072.5,DEC28=GLOBAL_REFERENCE_NO_OBSERVATION;JUN27=GLOBAL_REFERENCE_OUTLIER_SERIES_FORWARD_CLUSTER;DEC27=GLOBAL_REFERENCE_OUTLIER_SERIES_FORWARD_CLUSTER;JUN29=GLOBAL_REFERENCE_NO_OBSERVATION;DEC30=GLOBAL_REFERENCE_NO_OBSERVATION,WEIGHTED_ATM,2026-09-30,6,120,0.0,NONE,5139,4967,0,0,165,NONE,MN1;MN2;MN3;MN4;MN5;QMW;QRW;QTW;QWW,OK,NONE,NONE,2026-09-21
NAS,29600.0,-9887717.885156745,2.7066525340080028,0.0,0.0,0.0,0.0,0.0,0.0,31097.76071498286,30471.23928501714,31411.021429965713,30157.978570034287,DEC26,SEP26,2026-09-23,2026-12-18,30784.5,29969.045028362125,FOUND,DEGRADED,SPOT_MONTH_FALLBACK;ESTIMATED_EXPIRY_ALIAS,2026-08-02.2,PUT_CALL_PARITY,SEP26,SEP26=PUT_CALL_PARITY;OCT26=PUT_CALL_PARITY;DEC29=SERIES_FORWARD_CLUSTER;DEC26=SERIES_FORWARD_CLUSTER;NOV26=SERIES_FORWARD_CLUSTER;MAR27=SERIES_FORWARD_CLUSTER;DEC28=PUT_CALL_PARITY;JUN27=PUT_CALL_PARITY;DEC27=PUT_CALL_PARITY;SEP27=SERIES_FORWARD_CLUSTER;JUN29=PUT_CALL_PARITY;DEC30=PUT_CALL_PARITY,SEP26=30784.5;OCT26=30771.875;DEC29=30567.375;DEC26=25293.875;NOV26=31207.875;MAR27=27605.375;JUN27=24447;DEC27=21051.75;SEP27=36072.5,DEC28=GLOBAL_REFERENCE_NO_OBSERVATION;JUN27=GLOBAL_REFERENCE_OUTLIER_SERIES_FORWARD_CLUSTER;DEC27=GLOBAL_REFERENCE_OUTLIER_SERIES_FORWARD_CLUSTER;JUN29=GLOBAL_REFERENCE_NO_OBSERVATION;DEC30=GLOBAL_REFERENCE_NO_OBSERVATION,WEIGHTED_ATM,2026-09-30,6,120,0.0,NONE,5139,4967,0,0,165,NONE,MN1;MN2;MN3;MN4;MN5;QMW;QRW;QTW;QWW,OK,NONE,NONE,2026-09-21
NAS,29610.0,-312751.86931630445,0.03301404546090962,0.0,0.0,0.0,0.0,0.0,0.0,31097.76071498286,30471.23928501714,31411.021429965713,30157.978570034287,DEC26,SEP26,2026-09-23,2026-12-18,30784.5,29969.045028362125,FOUND,DEGRADED,SPOT_MONTH_FALLBACK;ESTIMATED_EXPIRY_ALIAS,2026-08-02.2,PUT_CALL_PARITY,SEP26,SEP26=PUT_CALL_PARITY;OCT26=PUT_CALL_PARITY;DEC29=SERIES_FORWARD_CLUSTER;DEC26=SERIES_FORWARD_CLUSTER;NOV26=SERIES_FORWARD_CLUSTER;MAR27=SERIES_FORWARD_CLUSTER;DEC28=PUT_CALL_PARITY;JUN27=PUT_CALL_PARITY;DEC27=PUT_CALL_PARITY;SEP27=SERIES_FORWARD_CLUSTER;JUN29=PUT_CALL_PARITY;DEC30=PUT_CALL_PARITY,SEP26=30784.5;OCT26=30771.875;DEC29=30567.375;DEC26=25293.875;NOV26=31207.875;MAR27=27605.375;JUN27=24447;DEC27=21051.75;SEP27=36072.5,DEC28=GLOBAL_REFERENCE_NO_OBSERVATION;JUN27=GLOBAL_REFERENCE_OUTLIER_SERIES_FORWARD_CLUSTER;DEC27=GLOBAL_REFERENCE_OUTLIER_SERIES_FORWARD_CLUSTER;JUN29=GLOBAL_REFERENCE_NO_OBSERVATION;DEC30=GLOBAL_REFERENCE_NO_OBSERVATION,WEIGHTED_ATM,2026-09-30,6,120,0.0,NONE,5139,4967,0,0,165,NONE,MN1;MN2;MN3;MN4;MN5;QMW;QRW;QTW;QWW,OK,NONE,NONE,2026-09-21
NAS,29620.0,-191056.9430628078,0.02324507327872576,0.0,0.0,0.0,0.0,0.0,0.0,31097.76071498286,30471.23928501714,31411.021429965713,30157.978570034287,DEC26,SEP26,2026-09-23,2026-12-18,30784.5,29969.045028362125,FOUND,DEGRADED,SPOT_MONTH_FALLBACK;ESTIMATED_EXPIRY_ALIAS,2026-08-02.2,PUT_CALL_PARITY,SEP26,SEP26=PUT_CALL_PARITY;OCT26=PUT_CALL_PARITY;DEC29=SERIES_FORWARD_CLUSTER;DEC26=SERIES_FORWARD_CLUSTER;NOV26=SERIES_FORWARD_CLUSTER;MAR27=SERIES_FORWARD_CLUSTER;DEC28=PUT_CALL_PARITY;JUN27=PUT_CALL_PARITY;DEC27=PUT_CALL_PARITY;SEP27=SERIES_FORWARD_CLUSTER;JUN29=PUT_CALL_PARITY;DEC30=PUT_CALL_PARITY,SEP26=30784.5;OCT26=30771.875;DEC29=30567.375;DEC26=25293.875;NOV26=31207.875;MAR27=27605.375;JUN27=24447;DEC27=21051.75;SEP27=36072.5,DEC28=GLOBAL_REFERENCE_NO_OBSERVATION;JUN27=GLOBAL_REFERENCE_OUTLIER_SERIES_FORWARD_CLUSTER;DEC27=GLOBAL_REFERENCE_OUTLIER_SERIES_FORWARD_CLUSTER;JUN29=GLOBAL_REFERENCE_NO_OBSERVATION;DEC30=GLOBAL_REFERENCE_NO_OBSERVATION,WEIGHTED_ATM,2026-09-30,6,120,0.0,NONE,5139,4967,0,0,165,NONE,MN1;MN2;MN3;MN4;MN5;QMW;QRW;QTW;QWW,OK,NONE,NONE,2026-09-21
NAS,29625.0,-913258.0005903475,0.1340464379465627,0.0,0.0,0.0,0.0,0.0,0.0,31097.76071498286,30471.23928501714,31411.021429965713,30157.978570034287,DEC26,SEP26,2026-09-23,2026-12-18,30784.5,29969.045028362125,FOUND,DEGRADED,SPOT_MONTH_FALLBACK;ESTIMATED_EXPIRY_ALIAS,2026-08-02.2,PUT_CALL_PARITY,SEP26,SEP26=PUT_CALL_PARITY;OCT26=PUT_CALL_PARITY;DEC29=SERIES_FORWARD_CLUSTER;DEC26=SERIES_FORWARD_CLUSTER;NOV26=SERIES_FORWARD_CLUSTER;MAR27=SERIES_FORWARD_CLUSTER;DEC28=PUT_CALL_PARITY;JUN27=PUT_CALL_PARITY;DEC27=PUT_CALL_PARITY;SEP27=SERIES_FORWARD_CLUSTER;JUN29=PUT_CALL_PARITY;DEC30=PUT_CALL_PARITY,SEP26=30784.5;OCT26=30771.875;DEC29=30567.375;DEC26=25293.875;NOV26=31207.875;MAR27=27605.375;JUN27=24447;DEC27=21051.75;SEP27=36072.5,DEC28=GLOBAL_REFERENCE_NO_OBSERVATION;JUN27=GLOBAL_REFERENCE_OUTLIER_SERIES_FORWARD_CLUSTER;DEC27=GLOBAL_REFERENCE_OUTLIER_SERIES_FORWARD_CLUSTER;JUN29=GLOBAL_REFERENCE_NO_OBSERVATION;DEC30=GLOBAL_REFERENCE_NO_OBSERVATION,WEIGHTED_ATM,2026-09-30,6,120,0.0,NONE,5139,4967,0,0,165,NONE,MN1;MN2;MN3;MN4;MN5;QMW;QRW;QTW;QWW,OK,NONE,NONE,2026-09-21
NAS,29630.0,-258913.09837903688,0.03200873881466684,0.0,0.0,0.0,0.0,0.0,0.0,31097.76071498286,30471.23928501714,31411.021429965713,30157.978570034287,DEC26,SEP26,2026-09-23,2026-12-18,30784.5,29969.045028362125,FOUND,DEGRADED,SPOT_MONTH_FALLBACK;ESTIMATED_EXPIRY_ALIAS,2026-08-02.2,PUT_CALL_PARITY,SEP26,SEP26=PUT_CALL_PARITY;OCT26=PUT_CALL_PARITY;DEC29=SERIES_FORWARD_CLUSTER;DEC26=SERIES_FORWARD_CLUSTER;NOV26=SERIES_FORWARD_CLUSTER;MAR27=SERIES_FORWARD_CLUSTER;DEC28=PUT_CALL_PARITY;JUN27=PUT_CALL_PARITY;DEC27=PUT_CALL_PARITY;SEP27=SERIES_FORWARD_CLUSTER;JUN29=PUT_CALL_PARITY;DEC30=PUT_CALL_PARITY,SEP26=30784.5;OCT26=30771.875;DEC29=30567.375;DEC26=25293.875;NOV26=31207.875;MAR27=27605.375;JUN27=24447;DEC27=21051.75;SEP27=36072.5,DEC28=GLOBAL_REFERENCE_NO_OBSERVATION;JUN27=GLOBAL_REFERENCE_OUTLIER_SERIES_FORWARD_CLUSTER;DEC27=GLOBAL_REFERENCE_OUTLIER_SERIES_FORWARD_CLUSTER;JUN29=GLOBAL_REFERENCE_NO_OBSERVATION;DEC30=GLOBAL_REFERENCE_NO_OBSERVATION,WEIGHTED_ATM,2026-09-30,6,120,0.0,NONE,5139,4967,0,0,165,NONE,MN1;MN2;MN3;MN4;MN5;QMW;QRW;QTW;QWW,OK,NONE,NONE,2026-09-21
NAS,29640.0,-112056.01216955969,0.018882571754345327,0.0,0.0,0.0,0.0,0.0,0.0,31097.76071498286,30471.23928501714,31411.021429965713,30157.978570034287,DEC26,SEP26,2026-09-23,2026-12-18,30784.5,29969.045028362125,FOUND,DEGRADED,SPOT_MONTH_FALLBACK;ESTIMATED_EXPIRY_ALIAS,2026-08-02.2,PUT_CALL_PARITY,SEP26,SEP26=PUT_CALL_PARITY;OCT26=PUT_CALL_PARITY;DEC29=SERIES_FORWARD_CLUSTER;DEC26=SERIES_FORWARD_CLUSTER;NOV26=SERIES_FORWARD_CLUSTER;MAR27=SERIES_FORWARD_CLUSTER;DEC28=PUT_CALL_PARITY;JUN27=PUT_CALL_PARITY;DEC27=PUT_CALL_PARITY;SEP27=SERIES_FORWARD_CLUSTER;JUN29=PUT_CALL_PARITY;DEC30=PUT_CALL_PARITY,SEP26=30784.5;OCT26=30771.875;DEC29=30567.375;DEC26=25293.875;NOV26=31207.875;MAR27=27605.375;JUN27=24447;DEC27=21051.75;SEP27=36072.5,DEC28=GLOBAL_REFERENCE_NO_OBSERVATION;JUN27=GLOBAL_REFERENCE_OUTLIER_SERIES_FORWARD_CLUSTER;DEC27=GLOBAL_REFERENCE_OUTLIER_SERIES_FORWARD_CLUSTER;JUN29=GLOBAL_REFERENCE_NO_OBSERVATION;DEC30=GLOBAL_REFERENCE_NO_OBSERVATION,WEIGHTED_ATM,2026-09-30,6,120,0.0,NONE,5139,4967,0,0,165,NONE,MN1;MN2;MN3;MN4;MN5;QMW;QRW;QTW;QWW,OK,NONE,NONE,2026-09-21
NAS,29650.0,-4499190.549534129,1.0162852899414274,0.0,0.0,0.0,0.0,0.0,0.0,31097.76071498286,30471.23928501714,31411.021429965713,30157.978570034287,DEC26,SEP26,2026-09-23,2026-12-18,30784.5,29969.045028362125,FOUND,DEGRADED,SPOT_MONTH_FALLBACK;ESTIMATED_EXPIRY_ALIAS,2026-08-02.2,PUT_CALL_PARITY,SEP26,SEP26=PUT_CALL_PARITY;OCT26=PUT_CALL_PARITY;DEC29=SERIES_FORWARD_CLUSTER;DEC26=SERIES_FORWARD_CLUSTER;NOV26=SERIES_FORWARD_CLUSTER;MAR27=SERIES_FORWARD_CLUSTER;DEC28=PUT_CALL_PARITY;JUN27=PUT_CALL_PARITY;DEC27=PUT_CALL_PARITY;SEP27=SERIES_FORWARD_CLUSTER;JUN29=PUT_CALL_PARITY;DEC30=PUT_CALL_PARITY,SEP26=30784.5;OCT26=30771.875;DEC29=30567.375;DEC26=25293.875;NOV26=31207.875;MAR27=27605.375;JUN27=24447;DEC27=21051.75;SEP27=36072.5,DEC28=GLOBAL_REFERENCE_NO_OBSERVATION;JUN27=GLOBAL_REFERENCE_OUTLIER_SERIES_FORWARD_CLUSTER;DEC27=GLOBAL_REFERENCE_OUTLIER_SERIES_FORWARD_CLUSTER;JUN29=GLOBAL_REFERENCE_NO_OBSERVATION;DEC30=GLOBAL_REFERENCE_NO_OBSERVATION,WEIGHTED_ATM,2026-09-30,6,120,0.0,NONE,5139,4967,0,0,165,NONE,MN1;MN2;MN3;MN4;MN5;QMW;QRW;QTW;QWW,OK,NONE,NONE,2026-09-21
NAS,29660.0,-129744.89761899735,0.01369473000393241,0.0,0.0,0.0,0.0,0.0,0.0,31097.76071498286,30471.23928501714,31411.021429965713,30157.978570034287,DEC26,SEP26,2026-09-23,2026-12-18,30784.5,29969.045028362125,FOUND,DEGRADED,SPOT_MONTH_FALLBACK;ESTIMATED_EXPIRY_ALIAS,2026-08-02.2,PUT_CALL_PARITY,SEP26,SEP26=PUT_CALL_PARITY;OCT26=PUT_CALL_PARITY;DEC29=SERIES_FORWARD_CLUSTER;DEC26=SERIES_FORWARD_CLUSTER;NOV26=SERIES_FORWARD_CLUSTER;MAR27=SERIES_FORWARD_CLUSTER;DEC28=PUT_CALL_PARITY;JUN27=PUT_CALL_PARITY;DEC27=PUT_CALL_PARITY;SEP27=SERIES_FORWARD_CLUSTER;JUN29=PUT_CALL_PARITY;DEC30=PUT_CALL_PARITY,SEP26=30784.5;OCT26=30771.875;DEC29=30567.375;DEC26=25293.875;NOV26=31207.875;MAR27=27605.375;JUN27=24447;DEC27=21051.75;SEP27=36072.5,DEC28=GLOBAL_REFERENCE_NO_OBSERVATION;JUN27=GLOBAL_REFERENCE_OUTLIER_SERIES_FORWARD_CLUSTER;DEC27=GLOBAL_REFERENCE_OUTLIER_SERIES_FORWARD_CLUSTER;JUN29=GLOBAL_REFERENCE_NO_OBSERVATION;DEC30=GLOBAL_REFERENCE_NO_OBSERVATION,WEIGHTED_ATM,2026-09-30,6,120,0.0,NONE,5139,4967,0,0,165,NONE,MN1;MN2;MN3;MN4;MN5;QMW;QRW;QTW;QWW,OK,NONE,NONE,2026-09-21
NAS,29670.0,-65048.06026667543,0.058179865369348605,0.0,0.0,0.0,0.0,0.0,0.0,31097.76071498286,30471.23928501714,31411.021429965713,30157.978570034287,DEC26,SEP26,2026-09-23,2026-12-18,30784.5,29969.045028362125,FOUND,DEGRADED,SPOT_MONTH_FALLBACK;ESTIMATED_EXPIRY_ALIAS,2026-08-02.2,PUT_CALL_PARITY,SEP26,SEP26=PUT_CALL_PARITY;OCT26=PUT_CALL_PARITY;DEC29=SERIES_FORWARD_CLUSTER;DEC26=SERIES_FORWARD_CLUSTER;NOV26=SERIES_FORWARD_CLUSTER;MAR27=SERIES_FORWARD_CLUSTER;DEC28=PUT_CALL_PARITY;JUN27=PUT_CALL_PARITY;DEC27=PUT_CALL_PARITY;SEP27=SERIES_FORWARD_CLUSTER;JUN29=PUT_CALL_PARITY;DEC30=PUT_CALL_PARITY,SEP26=30784.5;OCT26=30771.875;DEC29=30567.375;DEC26=25293.875;NOV26=31207.875;MAR27=27605.375;JUN27=24447;DEC27=21051.75;SEP27=36072.5,DEC28=GLOBAL_REFERENCE_NO_OBSERVATION;JUN27=GLOBAL_REFERENCE_OUTLIER_SERIES_FORWARD_CLUSTER;DEC27=GLOBAL_REFERENCE_OUTLIER_SERIES_FORWARD_CLUSTER;JUN29=GLOBAL_REFERENCE_NO_OBSERVATION;DEC30=GLOBAL_REFERENCE_NO_OBSERVATION,WEIGHTED_ATM,2026-09-30,6,120,0.0,NONE,5139,4967,0,0,165,NONE,MN1;MN2;MN3;MN4;MN5;QMW;QRW;QTW;QWW,OK,NONE,NONE,2026-09-21
NAS,29675.0,-2199111.5527358726,0.26580894238795233,0.0,0.0,0.0,0.0,0.0,0.0,31097.76071498286,30471.23928501714,31411.021429965713,30157.978570034287,DEC26,SEP26,2026-09-23,2026-12-18,30784.5,29969.045028362125,FOUND,DEGRADED,SPOT_MONTH_FALLBACK;ESTIMATED_EXPIRY_ALIAS,2026-08-02.2,PUT_CALL_PARITY,SEP26,SEP26=PUT_CALL_PARITY;OCT26=PUT_CALL_PARITY;DEC29=SERIES_FORWARD_CLUSTER;DEC26=SERIES_FORWARD_CLUSTER;NOV26=SERIES_FORWARD_CLUSTER;MAR27=SERIES_FORWARD_CLUSTER;DEC28=PUT_CALL_PARITY;JUN27=PUT_CALL_PARITY;DEC27=PUT_CALL_PARITY;SEP27=SERIES_FORWARD_CLUSTER;JUN29=PUT_CALL_PARITY;DEC30=PUT_CALL_PARITY,SEP26=30784.5;OCT26=30771.875;DEC29=30567.375;DEC26=25293.875;NOV26=31207.875;MAR27=27605.375;JUN27=24447;DEC27=21051.75;SEP27=36072.5,DEC28=GLOBAL_REFERENCE_NO_OBSERVATION;JUN27=GLOBAL_REFERENCE_OUTLIER_SERIES_FORWARD_CLUSTER;DEC27=GLOBAL_REFERENCE_OUTLIER_SERIES_FORWARD_CLUSTER;JUN29=GLOBAL_REFERENCE_NO_OBSERVATION;DEC30=GLOBAL_REFERENCE_NO_OBSERVATION,WEIGHTED_ATM,2026-09-30,6,120,0.0,NONE,5139,4967,0,0,165,NONE,MN1;MN2;MN3;MN4;MN5;QMW;QRW;QTW;QWW,OK,NONE,NONE,2026-09-21
NAS,29680.0,-241353.83871784594,0.04184342350809315,0.0,0.0,0.0,0.0,0.0,0.0,31097.76071498286,30471.23928501714,31411.021429965713,30157.978570034287,DEC26,SEP26,2026-09-23,2026-12-18,30784.5,29969.045028362125,FOUND,DEGRADED,SPOT_MONTH_FALLBACK;ESTIMATED_EXPIRY_ALIAS,2026-08-02.2,PUT_CALL_PARITY,SEP26,SEP26=PUT_CALL_PARITY;OCT26=PUT_CALL_PARITY;DEC29=SERIES_FORWARD_CLUSTER;DEC26=SERIES_FORWARD_CLUSTER;NOV26=SERIES_FORWARD_CLUSTER;MAR27=SERIES_FORWARD_CLUSTER;DEC28=PUT_CALL_PARITY;JUN27=PUT_CALL_PARITY;DEC27=PUT_CALL_PARITY;SEP27=SERIES_FORWARD_CLUSTER;JUN29=PUT_CALL_PARITY;DEC30=PUT_CALL_PARITY,SEP26=30784.5;OCT26=30771.875;DEC29=30567.375;DEC26=25293.875;NOV26=31207.875;MAR27=27605.375;JUN27=24447;DEC27=21051.75;SEP27=36072.5,DEC28=GLOBAL_REFERENCE_NO_OBSERVATION;JUN27=GLOBAL_REFERENCE_OUTLIER_SERIES_FORWARD_CLUSTER;DEC27=GLOBAL_REFERENCE_OUTLIER_SERIES_FORWARD_CLUSTER;JUN29=GLOBAL_REFERENCE_NO_OBSERVATION;DEC30=GLOBAL_REFERENCE_NO_OBSERVATION,WEIGHTED_ATM,2026-09-30,6,120,0.0,NONE,5139,4967,0,0,165,NONE,MN1;MN2;MN3;MN4;MN5;QMW;QRW;QTW;QWW,OK,NONE,NONE,2026-09-21
NAS,29690.0,-582410.6817407687,0.07001699932465986,0.0,0.0,0.0,0.0,0.0,0.0,31097.76071498286,30471.23928501714,31411.021429965713,30157.978570034287,DEC26,SEP26,2026-09-23,2026-12-18,30784.5,29969.045028362125,FOUND,DEGRADED,SPOT_MONTH_FALLBACK;ESTIMATED_EXPIRY_ALIAS,2026-08-02.2,PUT_CALL_PARITY,SEP26,SEP26=PUT_CALL_PARITY;OCT26=PUT_CALL_PARITY;DEC29=SERIES_FORWARD_CLUSTER;DEC26=SERIES_FORWARD_CLUSTER;NOV26=SERIES_FORWARD_CLUSTER;MAR27=SERIES_FORWARD_CLUSTER;DEC28=PUT_CALL_PARITY;JUN27=PUT_CALL_PARITY;DEC27=PUT_CALL_PARITY;SEP27=SERIES_FORWARD_CLUSTER;JUN29=PUT_CALL_PARITY;DEC30=PUT_CALL_PARITY,SEP26=30784.5;OCT26=30771.875;DEC29=30567.375;DEC26=25293.875;NOV26=31207.875;MAR27=27605.375;JUN27=24447;DEC27=21051.75;SEP27=36072.5,DEC28=GLOBAL_REFERENCE_NO_OBSERVATION;JUN27=GLOBAL_REFERENCE_OUTLIER_SERIES_FORWARD_CLUSTER;DEC27=GLOBAL_REFERENCE_OUTLIER_SERIES_FORWARD_CLUSTER;JUN29=GLOBAL_REFERENCE_NO_OBSERVATION;DEC30=GLOBAL_REFERENCE_NO_OBSERVATION,WEIGHTED_ATM,2026-09-30,6,120,0.0,NONE,5139,4967,0,0,165,NONE,MN1;MN2;MN3;MN4;MN5;QMW;QRW;QTW;QWW,OK,NONE,NONE,2026-09-21
NAS,29700.0,-5534977.188187882,3.193921704894673,0.0,0.0,0.0,0.0,0.0,0.0,31097.76071498286,30471.23928501714,31411.021429965713,30157.978570034287,DEC26,SEP26,2026-09-23,2026-12-18,30784.5,29969.045028362125,FOUND,DEGRADED,SPOT_MONTH_FALLBACK;ESTIMATED_EXPIRY_ALIAS,2026-08-02.2,PUT_CALL_PARITY,SEP26,SEP26=PUT_CALL_PARITY;OCT26=PUT_CALL_PARITY;DEC29=SERIES_FORWARD_CLUSTER;DEC26=SERIES_FORWARD_CLUSTER;NOV26=SERIES_FORWARD_CLUSTER;MAR27=SERIES_FORWARD_CLUSTER;DEC28=PUT_CALL_PARITY;JUN27=PUT_CALL_PARITY;DEC27=PUT_CALL_PARITY;SEP27=SERIES_FORWARD_CLUSTER;JUN29=PUT_CALL_PARITY;DEC30=PUT_CALL_PARITY,SEP26=30784.5;OCT26=30771.875;DEC29=30567.375;DEC26=25293.875;NOV26=31207.875;MAR27=27605.375;JUN27=24447;DEC27=21051.75;SEP27=36072.5,DEC28=GLOBAL_REFERENCE_NO_OBSERVATION;JUN27=GLOBAL_REFERENCE_OUTLIER_SERIES_FORWARD_CLUSTER;DEC27=GLOBAL_REFERENCE_OUTLIER_SERIES_FORWARD_CLUSTER;JUN29=GLOBAL_REFERENCE_NO_OBSERVATION;DEC30=GLOBAL_REFERENCE_NO_OBSERVATION,WEIGHTED_ATM,2026-09-30,6,120,0.0,NONE,5139,4967,0,0,165,NONE,MN1;MN2;MN3;MN4;MN5;QMW;QRW;QTW;QWW,OK,NONE,NONE,2026-09-21
NAS,29710.0,-238867.38291877057,0.025219125819639785,0.0,0.0,0.0,0.0,0.0,0.0,31097.76071498286,30471.23928501714,31411.021429965713,30157.978570034287,DEC26,SEP26,2026-09-23,2026-12-18,30784.5,29969.045028362125,FOUND,DEGRADED,SPOT_MONTH_FALLBACK;ESTIMATED_EXPIRY_ALIAS,2026-08-02.2,PUT_CALL_PARITY,SEP26,SEP26=PUT_CALL_PARITY;OCT26=PUT_CALL_PARITY;DEC29=SERIES_FORWARD_CLUSTER;DEC26=SERIES_FORWARD_CLUSTER;NOV26=SERIES_FORWARD_CLUSTER;MAR27=SERIES_FORWARD_CLUSTER;DEC28=PUT_CALL_PARITY;JUN27=PUT_CALL_PARITY;DEC27=PUT_CALL_PARITY;SEP27=SERIES_FORWARD_CLUSTER;JUN29=PUT_CALL_PARITY;DEC30=PUT_CALL_PARITY,SEP26=30784.5;OCT26=30771.875;DEC29=30567.375;DEC26=25293.875;NOV26=31207.875;MAR27=27605.375;JUN27=24447;DEC27=21051.75;SEP27=36072.5,DEC28=GLOBAL_REFERENCE_NO_OBSERVATION;JUN27=GLOBAL_REFERENCE_OUTLIER_SERIES_FORWARD_CLUSTER;DEC27=GLOBAL_REFERENCE_OUTLIER_SERIES_FORWARD_CLUSTER;JUN29=GLOBAL_REFERENCE_NO_OBSERVATION;DEC30=GLOBAL_REFERENCE_NO_OBSERVATION,WEIGHTED_ATM,2026-09-30,6,120,0.0,NONE,5139,4967,0,0,165,NONE,MN1;MN2;MN3;MN4;MN5;QMW;QRW;QTW;QWW,OK,NONE,NONE,2026-09-21
NAS,29720.0,-191790.79986237656,0.03812015110618109,0.0,0.0,0.0,0.0,0.0,0.0,31097.76071498286,30471.23928501714,31411.021429965713,30157.978570034287,DEC26,SEP26,2026-09-23,2026-12-18,30784.5,29969.045028362125,FOUND,DEGRADED,SPOT_MONTH_FALLBACK;ESTIMATED_EXPIRY_ALIAS,2026-08-02.2,PUT_CALL_PARITY,SEP26,SEP26=PUT_CALL_PARITY;OCT26=PUT_CALL_PARITY;DEC29=SERIES_FORWARD_CLUSTER;DEC26=SERIES_FORWARD_CLUSTER;NOV26=SERIES_FORWARD_CLUSTER;MAR27=SERIES_FORWARD_CLUSTER;DEC28=PUT_CALL_PARITY;JUN27=PUT_CALL_PARITY;DEC27=PUT_CALL_PARITY;SEP27=SERIES_FORWARD_CLUSTER;JUN29=PUT_CALL_PARITY;DEC30=PUT_CALL_PARITY,SEP26=30784.5;OCT26=30771.875;DEC29=30567.375;DEC26=25293.875;NOV26=31207.875;MAR27=27605.375;JUN27=24447;DEC27=21051.75;SEP27=36072.5,DEC28=GLOBAL_REFERENCE_NO_OBSERVATION;JUN27=GLOBAL_REFERENCE_OUTLIER_SERIES_FORWARD_CLUSTER;DEC27=GLOBAL_REFERENCE_OUTLIER_SERIES_FORWARD_CLUSTER;JUN29=GLOBAL_REFERENCE_NO_OBSERVATION;DEC30=GLOBAL_REFERENCE_NO_OBSERVATION,WEIGHTED_ATM,2026-09-30,6,120,0.0,NONE,5139,4967,0,0,165,NONE,MN1;MN2;MN3;MN4;MN5;QMW;QRW;QTW;QWW,OK,NONE,NONE,2026-09-21
NAS,29725.0,-1242329.5266969108,0.2238016064437168,0.0,0.0,0.0,0.0,0.0,0.0,31097.76071498286,30471.23928501714,31411.021429965713,30157.978570034287,DEC26,SEP26,2026-09-23,2026-12-18,30784.5,29969.045028362125,FOUND,DEGRADED,SPOT_MONTH_FALLBACK;ESTIMATED_EXPIRY_ALIAS,2026-08-02.2,PUT_CALL_PARITY,SEP26,SEP26=PUT_CALL_PARITY;OCT26=PUT_CALL_PARITY;DEC29=SERIES_FORWARD_CLUSTER;DEC26=SERIES_FORWARD_CLUSTER;NOV26=SERIES_FORWARD_CLUSTER;MAR27=SERIES_FORWARD_CLUSTER;DEC28=PUT_CALL_PARITY;JUN27=PUT_CALL_PARITY;DEC27=PUT_CALL_PARITY;SEP27=SERIES_FORWARD_CLUSTER;JUN29=PUT_CALL_PARITY;DEC30=PUT_CALL_PARITY,SEP26=30784.5;OCT26=30771.875;DEC29=30567.375;DEC26=25293.875;NOV26=31207.875;MAR27=27605.375;JUN27=24447;DEC27=21051.75;SEP27=36072.5,DEC28=GLOBAL_REFERENCE_NO_OBSERVATION;JUN27=GLOBAL_REFERENCE_OUTLIER_SERIES_FORWARD_CLUSTER;DEC27=GLOBAL_REFERENCE_OUTLIER_SERIES_FORWARD_CLUSTER;JUN29=GLOBAL_REFERENCE_NO_OBSERVATION;DEC30=GLOBAL_REFERENCE_NO_OBSERVATION,WEIGHTED_ATM,2026-09-30,6,120,0.0,NONE,5139,4967,0,0,165,NONE,MN1;MN2;MN3;MN4;MN5;QMW;QRW;QTW;QWW,OK,NONE,NONE,2026-09-21
NAS,29730.0,-170560.96612589288,0.026880254210549327,0.0,0.0,0.0,0.0,0.0,0.0,31097.76071498286,30471.23928501714,31411.021429965713,30157.978570034287,DEC26,SEP26,2026-09-23,2026-12-18,30784.5,29969.045028362125,FOUND,DEGRADED,SPOT_MONTH_FALLBACK;ESTIMATED_EXPIRY_ALIAS,2026-08-02.2,PUT_CALL_PARITY,SEP26,SEP26=PUT_CALL_PARITY;OCT26=PUT_CALL_PARITY;DEC29=SERIES_FORWARD_CLUSTER;DEC26=SERIES_FORWARD_CLUSTER;NOV26=SERIES_FORWARD_CLUSTER;MAR27=SERIES_FORWARD_CLUSTER;DEC28=PUT_CALL_PARITY;JUN27=PUT_CALL_PARITY;DEC27=PUT_CALL_PARITY;SEP27=SERIES_FORWARD_CLUSTER;JUN29=PUT_CALL_PARITY;DEC30=PUT_CALL_PARITY,SEP26=30784.5;OCT26=30771.875;DEC29=30567.375;DEC26=25293.875;NOV26=31207.875;MAR27=27605.375;JUN27=24447;DEC27=21051.75;SEP27=36072.5,DEC28=GLOBAL_REFERENCE_NO_OBSERVATION;JUN27=GLOBAL_REFERENCE_OUTLIER_SERIES_FORWARD_CLUSTER;DEC27=GLOBAL_REFERENCE_OUTLIER_SERIES_FORWARD_CLUSTER;JUN29=GLOBAL_REFERENCE_NO_OBSERVATION;DEC30=GLOBAL_REFERENCE_NO_OBSERVATION,WEIGHTED_ATM,2026-09-30,6,120,0.0,NONE,5139,4967,0,0,165,NONE,MN1;MN2;MN3;MN4;MN5;QMW;QRW;QTW;QWW,OK,NONE,NONE,2026-09-21
NAS,29740.0,-875792.4292568533,0.11872721596607914,0.0,0.0,0.0,0.0,0.0,0.0,31097.76071498286,30471.23928501714,31411.021429965713,30157.978570034287,DEC26,SEP26,2026-09-23,2026-12-18,30784.5,29969.045028362125,FOUND,DEGRADED,SPOT_MONTH_FALLBACK;ESTIMATED_EXPIRY_ALIAS,2026-08-02.2,PUT_CALL_PARITY,SEP26,SEP26=PUT_CALL_PARITY;OCT26=PUT_CALL_PARITY;DEC29=SERIES_FORWARD_CLUSTER;DEC26=SERIES_FORWARD_CLUSTER;NOV26=SERIES_FORWARD_CLUSTER;MAR27=SERIES_FORWARD_CLUSTER;DEC28=PUT_CALL_PARITY;JUN27=PUT_CALL_PARITY;DEC27=PUT_CALL_PARITY;SEP27=SERIES_FORWARD_CLUSTER;JUN29=PUT_CALL_PARITY;DEC30=PUT_CALL_PARITY,SEP26=30784.5;OCT26=30771.875;DEC29=30567.375;DEC26=25293.875;NOV26=31207.875;MAR27=27605.375;JUN27=24447;DEC27=21051.75;SEP27=36072.5,DEC28=GLOBAL_REFERENCE_NO_OBSERVATION;JUN27=GLOBAL_REFERENCE_OUTLIER_SERIES_FORWARD_CLUSTER;DEC27=GLOBAL_REFERENCE_OUTLIER_SERIES_FORWARD_CLUSTER;JUN29=GLOBAL_REFERENCE_NO_OBSERVATION;DEC30=GLOBAL_REFERENCE_NO_OBSERVATION,WEIGHTED_ATM,2026-09-30,6,120,0.0,NONE,5139,4967,0,0,165,NONE,MN1;MN2;MN3;MN4;MN5;QMW;QRW;QTW;QWW,OK,NONE,NONE,2026-09-21
NAS,29750.0,-7712563.749800423,4.131501140935928,0.0,0.0,0.0,0.0,0.0,0.0,31097.76071498286,30471.23928501714,31411.021429965713,30157.978570034287,DEC26,SEP26,2026-09-23,2026-12-18,30784.5,29969.045028362125,FOUND,DEGRADED,SPOT_MONTH_FALLBACK;ESTIMATED_EXPIRY_ALIAS,2026-08-02.2,PUT_CALL_PARITY,SEP26,SEP26=PUT_CALL_PARITY;OCT26=PUT_CALL_PARITY;DEC29=SERIES_FORWARD_CLUSTER;DEC26=SERIES_FORWARD_CLUSTER;NOV26=SERIES_FORWARD_CLUSTER;MAR27=SERIES_FORWARD_CLUSTER;DEC28=PUT_CALL_PARITY;JUN27=PUT_CALL_PARITY;DEC27=PUT_CALL_PARITY;SEP27=SERIES_FORWARD_CLUSTER;JUN29=PUT_CALL_PARITY;DEC30=PUT_CALL_PARITY,SEP26=30784.5;OCT26=30771.875;DEC29=30567.375;DEC26=25293.875;NOV26=31207.875;MAR27=27605.375;JUN27=24447;DEC27=21051.75;SEP27=36072.5,DEC28=GLOBAL_REFERENCE_NO_OBSERVATION;JUN27=GLOBAL_REFERENCE_OUTLIER_SERIES_FORWARD_CLUSTER;DEC27=GLOBAL_REFERENCE_OUTLIER_SERIES_FORWARD_CLUSTER;JUN29=GLOBAL_REFERENCE_NO_OBSERVATION;DEC30=GLOBAL_REFERENCE_NO_OBSERVATION,WEIGHTED_ATM,2026-09-30,6,120,0.0,NONE,5139,4967,0,0,165,NONE,MN1;MN2;MN3;MN4;MN5;QMW;QRW;QTW;QWW,OK,NONE,NONE,2026-09-21
NAS,29760.0,139924.4263187558,0.07213801824423126,0.0,0.0,0.0,0.0,0.0,0.0,31097.76071498286,30471.23928501714,31411.021429965713,30157.978570034287,DEC26,SEP26,2026-09-23,2026-12-18,30784.5,29969.045028362125,FOUND,DEGRADED,SPOT_MONTH_FALLBACK;ESTIMATED_EXPIRY_ALIAS,2026-08-02.2,PUT_CALL_PARITY,SEP26,SEP26=PUT_CALL_PARITY;OCT26=PUT_CALL_PARITY;DEC29=SERIES_FORWARD_CLUSTER;DEC26=SERIES_FORWARD_CLUSTER;NOV26=SERIES_FORWARD_CLUSTER;MAR27=SERIES_FORWARD_CLUSTER;DEC28=PUT_CALL_PARITY;JUN27=PUT_CALL_PARITY;DEC27=PUT_CALL_PARITY;SEP27=SERIES_FORWARD_CLUSTER;JUN29=PUT_CALL_PARITY;DEC30=PUT_CALL_PARITY,SEP26=30784.5;OCT26=30771.875;DEC29=30567.375;DEC26=25293.875;NOV26=31207.875;MAR27=27605.375;JUN27=24447;DEC27=21051.75;SEP27=36072.5,DEC28=GLOBAL_REFERENCE_NO_OBSERVATION;JUN27=GLOBAL_REFERENCE_OUTLIER_SERIES_FORWARD_CLUSTER;DEC27=GLOBAL_REFERENCE_OUTLIER_SERIES_FORWARD_CLUSTER;JUN29=GLOBAL_REFERENCE_NO_OBSERVATION;DEC30=GLOBAL_REFERENCE_NO_OBSERVATION,WEIGHTED_ATM,2026-09-30,6,120,0.0,NONE,5139,4967,0,0,165,NONE,MN1;MN2;MN3;MN4;MN5;QMW;QRW;QTW;QWW,OK,NONE,NONE,2026-09-21
NAS,29770.0,-289455.00883039366,0.07344898939735774,0.0,0.0,0.0,0.0,0.0,0.0,31097.76071498286,30471.23928501714,31411.021429965713,30157.978570034287,DEC26,SEP26,2026-09-23,2026-12-18,30784.5,29969.045028362125,FOUND,DEGRADED,SPOT_MONTH_FALLBACK;ESTIMATED_EXPIRY_ALIAS,2026-08-02.2,PUT_CALL_PARITY,SEP26,SEP26=PUT_CALL_PARITY;OCT26=PUT_CALL_PARITY;DEC29=SERIES_FORWARD_CLUSTER;DEC26=SERIES_FORWARD_CLUSTER;NOV26=SERIES_FORWARD_CLUSTER;MAR27=SERIES_FORWARD_CLUSTER;DEC28=PUT_CALL_PARITY;JUN27=PUT_CALL_PARITY;DEC27=PUT_CALL_PARITY;SEP27=SERIES_FORWARD_CLUSTER;JUN29=PUT_CALL_PARITY;DEC30=PUT_CALL_PARITY,SEP26=30784.5;OCT26=30771.875;DEC29=30567.375;DEC26=25293.875;NOV26=31207.875;MAR27=27605.375;JUN27=24447;DEC27=21051.75;SEP27=36072.5,DEC28=GLOBAL_REFERENCE_NO_OBSERVATION;JUN27=GLOBAL_REFERENCE_OUTLIER_SERIES_FORWARD_CLUSTER;DEC27=GLOBAL_REFERENCE_OUTLIER_SERIES_FORWARD_CLUSTER;JUN29=GLOBAL_REFERENCE_NO_OBSERVATION;DEC30=GLOBAL_REFERENCE_NO_OBSERVATION,WEIGHTED_ATM,2026-09-30,6,120,0.0,NONE,5139,4967,0,0,165,NONE,MN1;MN2;MN3;MN4;MN5;QMW;QRW;QTW;QWW,OK,NONE,NONE,2026-09-21
NAS,29775.0,-2133567.146247934,0.36270097018746433,0.0,0.0,0.0,0.0,0.0,0.0,31097.76071498286,30471.23928501714,31411.021429965713,30157.978570034287,DEC26,SEP26,2026-09-23,2026-12-18,30784.5,29969.045028362125,FOUND,DEGRADED,SPOT_MONTH_FALLBACK;ESTIMATED_EXPIRY_ALIAS,2026-08-02.2,PUT_CALL_PARITY,SEP26,SEP26=PUT_CALL_PARITY;OCT26=PUT_CALL_PARITY;DEC29=SERIES_FORWARD_CLUSTER;DEC26=SERIES_FORWARD_CLUSTER;NOV26=SERIES_FORWARD_CLUSTER;MAR27=SERIES_FORWARD_CLUSTER;DEC28=PUT_CALL_PARITY;JUN27=PUT_CALL_PARITY;DEC27=PUT_CALL_PARITY;SEP27=SERIES_FORWARD_CLUSTER;JUN29=PUT_CALL_PARITY;DEC30=PUT_CALL_PARITY,SEP26=30784.5;OCT26=30771.875;DEC29=30567.375;DEC26=25293.875;NOV26=31207.875;MAR27=27605.375;JUN27=24447;DEC27=21051.75;SEP27=36072.5,DEC28=GLOBAL_REFERENCE_NO_OBSERVATION;JUN27=GLOBAL_REFERENCE_OUTLIER_SERIES_FORWARD_CLUSTER;DEC27=GLOBAL_REFERENCE_OUTLIER_SERIES_FORWARD_CLUSTER;JUN29=GLOBAL_REFERENCE_NO_OBSERVATION;DEC30=GLOBAL_REFERENCE_NO_OBSERVATION,WEIGHTED_ATM,2026-09-30,6,120,0.0,NONE,5139,4967,0,0,165,NONE,MN1;MN2;MN3;MN4;MN5;QMW;QRW;QTW;QWW,OK,NONE,NONE,2026-09-21
NAS,29780.0,-157954.99066586545,0.04764278466940564,0.0,0.0,0.0,0.0,0.0,0.0,31097.76071498286,30471.23928501714,31411.021429965713,30157.978570034287,DEC26,SEP26,2026-09-23,2026-12-18,30784.5,29969.045028362125,FOUND,DEGRADED,SPOT_MONTH_FALLBACK;ESTIMATED_EXPIRY_ALIAS,2026-08-02.2,PUT_CALL_PARITY,SEP26,SEP26=PUT_CALL_PARITY;OCT26=PUT_CALL_PARITY;DEC29=SERIES_FORWARD_CLUSTER;DEC26=SERIES_FORWARD_CLUSTER;NOV26=SERIES_FORWARD_CLUSTER;MAR27=SERIES_FORWARD_CLUSTER;DEC28=PUT_CALL_PARITY;JUN27=PUT_CALL_PARITY;DEC27=PUT_CALL_PARITY;SEP27=SERIES_FORWARD_CLUSTER;JUN29=PUT_CALL_PARITY;DEC30=PUT_CALL_PARITY,SEP26=30784.5;OCT26=30771.875;DEC29=30567.375;DEC26=25293.875;NOV26=31207.875;MAR27=27605.375;JUN27=24447;DEC27=21051.75;SEP27=36072.5,DEC28=GLOBAL_REFERENCE_NO_OBSERVATION;JUN27=GLOBAL_REFERENCE_OUTLIER_SERIES_FORWARD_CLUSTER;DEC27=GLOBAL_REFERENCE_OUTLIER_SERIES_FORWARD_CLUSTER;JUN29=GLOBAL_REFERENCE_NO_OBSERVATION;DEC30=GLOBAL_REFERENCE_NO_OBSERVATION,WEIGHTED_ATM,2026-09-30,6,120,0.0,NONE,5139,4967,0,0,165,NONE,MN1;MN2;MN3;MN4;MN5;QMW;QRW;QTW;QWW,OK,NONE,NONE,2026-09-21
NAS,29790.0,-336734.1798465789,0.0823802134325784,0.0,0.0,0.0,0.0,0.0,0.0,31097.76071498286,30471.23928501714,31411.021429965713,30157.978570034287,DEC26,SEP26,2026-09-23,2026-12-18,30784.5,29969.045028362125,FOUND,DEGRADED,SPOT_MONTH_FALLBACK;ESTIMATED_EXPIRY_ALIAS,2026-08-02.2,PUT_CALL_PARITY,SEP26,SEP26=PUT_CALL_PARITY;OCT26=PUT_CALL_PARITY;DEC29=SERIES_FORWARD_CLUSTER;DEC26=SERIES_FORWARD_CLUSTER;NOV26=SERIES_FORWARD_CLUSTER;MAR27=SERIES_FORWARD_CLUSTER;DEC28=PUT_CALL_PARITY;JUN27=PUT_CALL_PARITY;DEC27=PUT_CALL_PARITY;SEP27=SERIES_FORWARD_CLUSTER;JUN29=PUT_CALL_PARITY;DEC30=PUT_CALL_PARITY,SEP26=30784.5;OCT26=30771.875;DEC29=30567.375;DEC26=25293.875;NOV26=31207.875;MAR27=27605.375;JUN27=24447;DEC27=21051.75;SEP27=36072.5,DEC28=GLOBAL_REFERENCE_NO_OBSERVATION;JUN27=GLOBAL_REFERENCE_OUTLIER_SERIES_FORWARD_CLUSTER;DEC27=GLOBAL_REFERENCE_OUTLIER_SERIES_FORWARD_CLUSTER;JUN29=GLOBAL_REFERENCE_NO_OBSERVATION;DEC30=GLOBAL_REFERENCE_NO_OBSERVATION,WEIGHTED_ATM,2026-09-30,6,120,0.0,NONE,5139,4967,0,0,165,NONE,MN1;MN2;MN3;MN4;MN5;QMW;QRW;QTW;QWW,OK,NONE,NONE,2026-09-21
NAS,29800.0,8765450.983289596,5.411782028281376,0.0,0.0,0.0,0.0,0.0,0.0,31097.76071498286,30471.23928501714,31411.021429965713,30157.978570034287,DEC26,SEP26,2026-09-23,2026-12-18,30784.5,29969.045028362125,FOUND,DEGRADED,SPOT_MONTH_FALLBACK;ESTIMATED_EXPIRY_ALIAS,2026-08-02.2,PUT_CALL_PARITY,SEP26,SEP26=PUT_CALL_PARITY;OCT26=PUT_CALL_PARITY;DEC29=SERIES_FORWARD_CLUSTER;DEC26=SERIES_FORWARD_CLUSTER;NOV26=SERIES_FORWARD_CLUSTER;MAR27=SERIES_FORWARD_CLUSTER;DEC28=PUT_CALL_PARITY;JUN27=PUT_CALL_PARITY;DEC27=PUT_CALL_PARITY;SEP27=SERIES_FORWARD_CLUSTER;JUN29=PUT_CALL_PARITY;DEC30=PUT_CALL_PARITY,SEP26=30784.5;OCT26=30771.875;DEC29=30567.375;DEC26=25293.875;NOV26=31207.875;MAR27=27605.375;JUN27=24447;DEC27=21051.75;SEP27=36072.5,DEC28=GLOBAL_REFERENCE_NO_OBSERVATION;JUN27=GLOBAL_REFERENCE_OUTLIER_SERIES_FORWARD_CLUSTER;DEC27=GLOBAL_REFERENCE_OUTLIER_SERIES_FORWARD_CLUSTER;JUN29=GLOBAL_REFERENCE_NO_OBSERVATION;DEC30=GLOBAL_REFERENCE_NO_OBSERVATION,WEIGHTED_ATM,2026-09-30,6,120,0.0,NONE,5139,4967,0,0,165,NONE,MN1;MN2;MN3;MN4;MN5;QMW;QRW;QTW;QWW,OK,NONE,NONE,2026-09-21
NAS,29810.0,-1039370.7916988188,0.14622595397913854,0.0,0.0,0.0,0.0,0.0,0.0,31097.76071498286,30471.23928501714,31411.021429965713,30157.978570034287,DEC26,SEP26,2026-09-23,2026-12-18,30784.5,29969.045028362125,FOUND,DEGRADED,SPOT_MONTH_FALLBACK;ESTIMATED_EXPIRY_ALIAS,2026-08-02.2,PUT_CALL_PARITY,SEP26,SEP26=PUT_CALL_PARITY;OCT26=PUT_CALL_PARITY;DEC29=SERIES_FORWARD_CLUSTER;DEC26=SERIES_FORWARD_CLUSTER;NOV26=SERIES_FORWARD_CLUSTER;MAR27=SERIES_FORWARD_CLUSTER;DEC28=PUT_CALL_PARITY;JUN27=PUT_CALL_PARITY;DEC27=PUT_CALL_PARITY;SEP27=SERIES_FORWARD_CLUSTER;JUN29=PUT_CALL_PARITY;DEC30=PUT_CALL_PARITY,SEP26=30784.5;OCT26=30771.875;DEC29=30567.375;DEC26=25293.875;NOV26=31207.875;MAR27=27605.375;JUN27=24447;DEC27=21051.75;SEP27=36072.5,DEC28=GLOBAL_REFERENCE_NO_OBSERVATION;JUN27=GLOBAL_REFERENCE_OUTLIER_SERIES_FORWARD_CLUSTER;DEC27=GLOBAL_REFERENCE_OUTLIER_SERIES_FORWARD_CLUSTER;JUN29=GLOBAL_REFERENCE_NO_OBSERVATION;DEC30=GLOBAL_REFERENCE_NO_OBSERVATION,WEIGHTED_ATM,2026-09-30,6,120,0.0,NONE,5139,4967,0,0,165,NONE,MN1;MN2;MN3;MN4;MN5;QMW;QRW;QTW;QWW,OK,NONE,NONE,2026-09-21
NAS,29820.0,-68866.08019832037,0.021699391557785035,0.0,0.0,0.0,0.0,0.0,0.0,31097.76071498286,30471.23928501714,31411.021429965713,30157.978570034287,DEC26,SEP26,2026-09-23,2026-12-18,30784.5,29969.045028362125,FOUND,DEGRADED,SPOT_MONTH_FALLBACK;ESTIMATED_EXPIRY_ALIAS,2026-08-02.2,PUT_CALL_PARITY,SEP26,SEP26=PUT_CALL_PARITY;OCT26=PUT_CALL_PARITY;DEC29=SERIES_FORWARD_CLUSTER;DEC26=SERIES_FORWARD_CLUSTER;NOV26=SERIES_FORWARD_CLUSTER;MAR27=SERIES_FORWARD_CLUSTER;DEC28=PUT_CALL_PARITY;JUN27=PUT_CALL_PARITY;DEC27=PUT_CALL_PARITY;SEP27=SERIES_FORWARD_CLUSTER;JUN29=PUT_CALL_PARITY;DEC30=PUT_CALL_PARITY,SEP26=30784.5;OCT26=30771.875;DEC29=30567.375;DEC26=25293.875;NOV26=31207.875;MAR27=27605.375;JUN27=24447;DEC27=21051.75;SEP27=36072.5,DEC28=GLOBAL_REFERENCE_NO_OBSERVATION;JUN27=GLOBAL_REFERENCE_OUTLIER_SERIES_FORWARD_CLUSTER;DEC27=GLOBAL_REFERENCE_OUTLIER_SERIES_FORWARD_CLUSTER;JUN29=GLOBAL_REFERENCE_NO_OBSERVATION;DEC30=GLOBAL_REFERENCE_NO_OBSERVATION,WEIGHTED_ATM,2026-09-30,6,120,0.0,NONE,5139,4967,0,0,165,NONE,MN1;MN2;MN3;MN4;MN5;QMW;QRW;QTW;QWW,OK,NONE,NONE,2026-09-21
NAS,29825.0,-592487.2413570896,0.21342630961739342,0.0,0.0,0.0,0.0,0.0,0.0,31097.76071498286,30471.23928501714,31411.021429965713,30157.978570034287,DEC26,SEP26,2026-09-23,2026-12-18,30784.5,29969.045028362125,FOUND,DEGRADED,SPOT_MONTH_FALLBACK;ESTIMATED_EXPIRY_ALIAS,2026-08-02.2,PUT_CALL_PARITY,SEP26,SEP26=PUT_CALL_PARITY;OCT26=PUT_CALL_PARITY;DEC29=SERIES_FORWARD_CLUSTER;DEC26=SERIES_FORWARD_CLUSTER;NOV26=SERIES_FORWARD_CLUSTER;MAR27=SERIES_FORWARD_CLUSTER;DEC28=PUT_CALL_PARITY;JUN27=PUT_CALL_PARITY;DEC27=PUT_CALL_PARITY;SEP27=SERIES_FORWARD_CLUSTER;JUN29=PUT_CALL_PARITY;DEC30=PUT_CALL_PARITY,SEP26=30784.5;OCT26=30771.875;DEC29=30567.375;DEC26=25293.875;NOV26=31207.875;MAR27=27605.375;JUN27=24447;DEC27=21051.75;SEP27=36072.5,DEC28=GLOBAL_REFERENCE_NO_OBSERVATION;JUN27=GLOBAL_REFERENCE_OUTLIER_SERIES_FORWARD_CLUSTER;DEC27=GLOBAL_REFERENCE_OUTLIER_SERIES_FORWARD_CLUSTER;JUN29=GLOBAL_REFERENCE_NO_OBSERVATION;DEC30=GLOBAL_REFERENCE_NO_OBSERVATION,WEIGHTED_ATM,2026-09-30,6,120,0.0,NONE,5139,4967,0,0,165,NONE,MN1;MN2;MN3;MN4;MN5;QMW;QRW;QTW;QWW,OK,NONE,NONE,2026-09-21
NAS,29830.0,-124963.1090503188,0.0661600975685723,0.0,0.0,0.0,0.0,0.0,0.0,31097.76071498286,30471.23928501714,31411.021429965713,30157.978570034287,DEC26,SEP26,2026-09-23,2026-12-18,30784.5,29969.045028362125,FOUND,DEGRADED,SPOT_MONTH_FALLBACK;ESTIMATED_EXPIRY_ALIAS,2026-08-02.2,PUT_CALL_PARITY,SEP26,SEP26=PUT_CALL_PARITY;OCT26=PUT_CALL_PARITY;DEC29=SERIES_FORWARD_CLUSTER;DEC26=SERIES_FORWARD_CLUSTER;NOV26=SERIES_FORWARD_CLUSTER;MAR27=SERIES_FORWARD_CLUSTER;DEC28=PUT_CALL_PARITY;JUN27=PUT_CALL_PARITY;DEC27=PUT_CALL_PARITY;SEP27=SERIES_FORWARD_CLUSTER;JUN29=PUT_CALL_PARITY;DEC30=PUT_CALL_PARITY,SEP26=30784.5;OCT26=30771.875;DEC29=30567.375;DEC26=25293.875;NOV26=31207.875;MAR27=27605.375;JUN27=24447;DEC27=21051.75;SEP27=36072.5,DEC28=GLOBAL_REFERENCE_NO_OBSERVATION;JUN27=GLOBAL_REFERENCE_OUTLIER_SERIES_FORWARD_CLUSTER;DEC27=GLOBAL_REFERENCE_OUTLIER_SERIES_FORWARD_CLUSTER;JUN29=GLOBAL_REFERENCE_NO_OBSERVATION;DEC30=GLOBAL_REFERENCE_NO_OBSERVATION,WEIGHTED_ATM,2026-09-30,6,120,0.0,NONE,5139,4967,0,0,165,NONE,MN1;MN2;MN3;MN4;MN5;QMW;QRW;QTW;QWW,OK,NONE,NONE,2026-09-21
NAS,29840.0,-143669.89910369294,0.10114333575767355,0.0,0.0,0.0,0.0,0.0,0.0,31097.76071498286,30471.23928501714,31411.021429965713,30157.978570034287,DEC26,SEP26,2026-09-23,2026-12-18,30784.5,29969.045028362125,FOUND,DEGRADED,SPOT_MONTH_FALLBACK;ESTIMATED_EXPIRY_ALIAS,2026-08-02.2,PUT_CALL_PARITY,SEP26,SEP26=PUT_CALL_PARITY;OCT26=PUT_CALL_PARITY;DEC29=SERIES_FORWARD_CLUSTER;DEC26=SERIES_FORWARD_CLUSTER;NOV26=SERIES_FORWARD_CLUSTER;MAR27=SERIES_FORWARD_CLUSTER;DEC28=PUT_CALL_PARITY;JUN27=PUT_CALL_PARITY;DEC27=PUT_CALL_PARITY;SEP27=SERIES_FORWARD_CLUSTER;JUN29=PUT_CALL_PARITY;DEC30=PUT_CALL_PARITY,SEP26=30784.5;OCT26=30771.875;DEC29=30567.375;DEC26=25293.875;NOV26=31207.875;MAR27=27605.375;JUN27=24447;DEC27=21051.75;SEP27=36072.5,DEC28=GLOBAL_REFERENCE_NO_OBSERVATION;JUN27=GLOBAL_REFERENCE_OUTLIER_SERIES_FORWARD_CLUSTER;DEC27=GLOBAL_REFERENCE_OUTLIER_SERIES_FORWARD_CLUSTER;JUN29=GLOBAL_REFERENCE_NO_OBSERVATION;DEC30=GLOBAL_REFERENCE_NO_OBSERVATION,WEIGHTED_ATM,2026-09-30,6,120,0.0,NONE,5139,4967,0,0,165,NONE,MN1;MN2;MN3;MN4;MN5;QMW;QRW;QTW;QWW,OK,NONE,NONE,2026-09-21
NAS,29850.0,-9067933.386419231,2.7632008913094346,0.0,0.0,0.0,0.0,0.0,0.0,31097.76071498286,30471.23928501714,31411.021429965713,30157.978570034287,DEC26,SEP26,2026-09-23,2026-12-18,30784.5,29969.045028362125,FOUND,DEGRADED,SPOT_MONTH_FALLBACK;ESTIMATED_EXPIRY_ALIAS,2026-08-02.2,PUT_CALL_PARITY,SEP26,SEP26=PUT_CALL_PARITY;OCT26=PUT_CALL_PARITY;DEC29=SERIES_FORWARD_CLUSTER;DEC26=SERIES_FORWARD_CLUSTER;NOV26=SERIES_FORWARD_CLUSTER;MAR27=SERIES_FORWARD_CLUSTER;DEC28=PUT_CALL_PARITY;JUN27=PUT_CALL_PARITY;DEC27=PUT_CALL_PARITY;SEP27=SERIES_FORWARD_CLUSTER;JUN29=PUT_CALL_PARITY;DEC30=PUT_CALL_PARITY,SEP26=30784.5;OCT26=30771.875;DEC29=30567.375;DEC26=25293.875;NOV26=31207.875;MAR27=27605.375;JUN27=24447;DEC27=21051.75;SEP27=36072.5,DEC28=GLOBAL_REFERENCE_NO_OBSERVATION;JUN27=GLOBAL_REFERENCE_OUTLIER_SERIES_FORWARD_CLUSTER;DEC27=GLOBAL_REFERENCE_OUTLIER_SERIES_FORWARD_CLUSTER;JUN29=GLOBAL_REFERENCE_NO_OBSERVATION;DEC30=GLOBAL_REFERENCE_NO_OBSERVATION,WEIGHTED_ATM,2026-09-30,6,120,0.0,NONE,5139,4967,0,0,165,NONE,MN1;MN2;MN3;MN4;MN5;QMW;QRW;QTW;QWW,OK,NONE,NONE,2026-09-21
NAS,29860.0,-193016.4799789667,0.13415275527709505,0.0,0.0,0.0,0.0,0.0,0.0,31097.76071498286,30471.23928501714,31411.021429965713,30157.978570034287,DEC26,SEP26,2026-09-23,2026-12-18,30784.5,29969.045028362125,FOUND,DEGRADED,SPOT_MONTH_FALLBACK;ESTIMATED_EXPIRY_ALIAS,2026-08-02.2,PUT_CALL_PARITY,SEP26,SEP26=PUT_CALL_PARITY;OCT26=PUT_CALL_PARITY;DEC29=SERIES_FORWARD_CLUSTER;DEC26=SERIES_FORWARD_CLUSTER;NOV26=SERIES_FORWARD_CLUSTER;MAR27=SERIES_FORWARD_CLUSTER;DEC28=PUT_CALL_PARITY;JUN27=PUT_CALL_PARITY;DEC27=PUT_CALL_PARITY;SEP27=SERIES_FORWARD_CLUSTER;JUN29=PUT_CALL_PARITY;DEC30=PUT_CALL_PARITY,SEP26=30784.5;OCT26=30771.875;DEC29=30567.375;DEC26=25293.875;NOV26=31207.875;MAR27=27605.375;JUN27=24447;DEC27=21051.75;SEP27=36072.5,DEC28=GLOBAL_REFERENCE_NO_OBSERVATION;JUN27=GLOBAL_REFERENCE_OUTLIER_SERIES_FORWARD_CLUSTER;DEC27=GLOBAL_REFERENCE_OUTLIER_SERIES_FORWARD_CLUSTER;JUN29=GLOBAL_REFERENCE_NO_OBSERVATION;DEC30=GLOBAL_REFERENCE_NO_OBSERVATION,WEIGHTED_ATM,2026-09-30,6,120,0.0,NONE,5139,4967,0,0,165,NONE,MN1;MN2;MN3;MN4;MN5;QMW;QRW;QTW;QWW,OK,NONE,NONE,2026-09-21
NAS,29870.0,-785829.709966452,0.1264677392527067,0.0,0.0,0.0,0.0,0.0,0.0,31097.76071498286,30471.23928501714,31411.021429965713,30157.978570034287,DEC26,SEP26,2026-09-23,2026-12-18,30784.5,29969.045028362125,FOUND,DEGRADED,SPOT_MONTH_FALLBACK;ESTIMATED_EXPIRY_ALIAS,2026-08-02.2,PUT_CALL_PARITY,SEP26,SEP26=PUT_CALL_PARITY;OCT26=PUT_CALL_PARITY;DEC29=SERIES_FORWARD_CLUSTER;DEC26=SERIES_FORWARD_CLUSTER;NOV26=SERIES_FORWARD_CLUSTER;MAR27=SERIES_FORWARD_CLUSTER;DEC28=PUT_CALL_PARITY;JUN27=PUT_CALL_PARITY;DEC27=PUT_CALL_PARITY;SEP27=SERIES_FORWARD_CLUSTER;JUN29=PUT_CALL_PARITY;DEC30=PUT_CALL_PARITY,SEP26=30784.5;OCT26=30771.875;DEC29=30567.375;DEC26=25293.875;NOV26=31207.875;MAR27=27605.375;JUN27=24447;DEC27=21051.75;SEP27=36072.5,DEC28=GLOBAL_REFERENCE_NO_OBSERVATION;JUN27=GLOBAL_REFERENCE_OUTLIER_SERIES_FORWARD_CLUSTER;DEC27=GLOBAL_REFERENCE_OUTLIER_SERIES_FORWARD_CLUSTER;JUN29=GLOBAL_REFERENCE_NO_OBSERVATION;DEC30=GLOBAL_REFERENCE_NO_OBSERVATION,WEIGHTED_ATM,2026-09-30,6,120,0.0,NONE,5139,4967,0,0,165,NONE,MN1;MN2;MN3;MN4;MN5;QMW;QRW;QTW;QWW,OK,NONE,NONE,2026-09-21
NAS,29875.0,860158.5997877195,0.3020643899983113,0.0,0.0,0.0,0.0,0.0,0.0,31097.76071498286,30471.23928501714,31411.021429965713,30157.978570034287,DEC26,SEP26,2026-09-23,2026-12-18,30784.5,29969.045028362125,FOUND,DEGRADED,SPOT_MONTH_FALLBACK;ESTIMATED_EXPIRY_ALIAS,2026-08-02.2,PUT_CALL_PARITY,SEP26,SEP26=PUT_CALL_PARITY;OCT26=PUT_CALL_PARITY;DEC29=SERIES_FORWARD_CLUSTER;DEC26=SERIES_FORWARD_CLUSTER;NOV26=SERIES_FORWARD_CLUSTER;MAR27=SERIES_FORWARD_CLUSTER;DEC28=PUT_CALL_PARITY;JUN27=PUT_CALL_PARITY;DEC27=PUT_CALL_PARITY;SEP27=SERIES_FORWARD_CLUSTER;JUN29=PUT_CALL_PARITY;DEC30=PUT_CALL_PARITY,SEP26=30784.5;OCT26=30771.875;DEC29=30567.375;DEC26=25293.875;NOV26=31207.875;MAR27=27605.375;JUN27=24447;DEC27=21051.75;SEP27=36072.5,DEC28=GLOBAL_REFERENCE_NO_OBSERVATION;JUN27=GLOBAL_REFERENCE_OUTLIER_SERIES_FORWARD_CLUSTER;DEC27=GLOBAL_REFERENCE_OUTLIER_SERIES_FORWARD_CLUSTER;JUN29=GLOBAL_REFERENCE_NO_OBSERVATION;DEC30=GLOBAL_REFERENCE_NO_OBSERVATION,WEIGHTED_ATM,2026-09-30,6,120,0.0,NONE,5139,4967,0,0,165,NONE,MN1;MN2;MN3;MN4;MN5;QMW;QRW;QTW;QWW,OK,NONE,NONE,2026-09-21
NAS,29880.0,375153.674661813,0.13898583149328816,0.0,0.0,0.0,0.0,0.0,0.0,31097.76071498286,30471.23928501714,31411.021429965713,30157.978570034287,DEC26,SEP26,2026-09-23,2026-12-18,30784.5,29969.045028362125,FOUND,DEGRADED,SPOT_MONTH_FALLBACK;ESTIMATED_EXPIRY_ALIAS,2026-08-02.2,PUT_CALL_PARITY,SEP26,SEP26=PUT_CALL_PARITY;OCT26=PUT_CALL_PARITY;DEC29=SERIES_FORWARD_CLUSTER;DEC26=SERIES_FORWARD_CLUSTER;NOV26=SERIES_FORWARD_CLUSTER;MAR27=SERIES_FORWARD_CLUSTER;DEC28=PUT_CALL_PARITY;JUN27=PUT_CALL_PARITY;DEC27=PUT_CALL_PARITY;SEP27=SERIES_FORWARD_CLUSTER;JUN29=PUT_CALL_PARITY;DEC30=PUT_CALL_PARITY,SEP26=30784.5;OCT26=30771.875;DEC29=30567.375;DEC26=25293.875;NOV26=31207.875;MAR27=27605.375;JUN27=24447;DEC27=21051.75;SEP27=36072.5,DEC28=GLOBAL_REFERENCE_NO_OBSERVATION;JUN27=GLOBAL_REFERENCE_OUTLIER_SERIES_FORWARD_CLUSTER;DEC27=GLOBAL_REFERENCE_OUTLIER_SERIES_FORWARD_CLUSTER;JUN29=GLOBAL_REFERENCE_NO_OBSERVATION;DEC30=GLOBAL_REFERENCE_NO_OBSERVATION,WEIGHTED_ATM,2026-09-30,6,120,0.0,NONE,5139,4967,0,0,165,NONE,MN1;MN2;MN3;MN4;MN5;QMW;QRW;QTW;QWW,OK,NONE,NONE,2026-09-21
NAS,29890.0,-112049.0624152396,0.04401138356816964,0.0,0.0,0.0,0.0,0.0,0.0,31097.76071498286,30471.23928501714,31411.021429965713,30157.978570034287,DEC26,SEP26,2026-09-23,2026-12-18,30784.5,29969.045028362125,FOUND,DEGRADED,SPOT_MONTH_FALLBACK;ESTIMATED_EXPIRY_ALIAS,2026-08-02.2,PUT_CALL_PARITY,SEP26,SEP26=PUT_CALL_PARITY;OCT26=PUT_CALL_PARITY;DEC29=SERIES_FORWARD_CLUSTER;DEC26=SERIES_FORWARD_CLUSTER;NOV26=SERIES_FORWARD_CLUSTER;MAR27=SERIES_FORWARD_CLUSTER;DEC28=PUT_CALL_PARITY;JUN27=PUT_CALL_PARITY;DEC27=PUT_CALL_PARITY;SEP27=SERIES_FORWARD_CLUSTER;JUN29=PUT_CALL_PARITY;DEC30=PUT_CALL_PARITY,SEP26=30784.5;OCT26=30771.875;DEC29=30567.375;DEC26=25293.875;NOV26=31207.875;MAR27=27605.375;JUN27=24447;DEC27=21051.75;SEP27=36072.5,DEC28=GLOBAL_REFERENCE_NO_OBSERVATION;JUN27=GLOBAL_REFERENCE_OUTLIER_SERIES_FORWARD_CLUSTER;DEC27=GLOBAL_REFERENCE_OUTLIER_SERIES_FORWARD_CLUSTER;JUN29=GLOBAL_REFERENCE_NO_OBSERVATION;DEC30=GLOBAL_REFERENCE_NO_OBSERVATION,WEIGHTED_ATM,2026-09-30,6,120,0.0,NONE,5139,4967,0,0,165,NONE,MN1;MN2;MN3;MN4;MN5;QMW;QRW;QTW;QWW,OK,NONE,NONE,2026-09-21
NAS,29900.0,1538759.995450241,3.9638440881259545,0.0,0.0,0.0,0.0,0.0,0.0,31097.76071498286,30471.23928501714,31411.021429965713,30157.978570034287,DEC26,SEP26,2026-09-23,2026-12-18,30784.5,29969.045028362125,FOUND,DEGRADED,SPOT_MONTH_FALLBACK;ESTIMATED_EXPIRY_ALIAS,2026-08-02.2,PUT_CALL_PARITY,SEP26,SEP26=PUT_CALL_PARITY;OCT26=PUT_CALL_PARITY;DEC29=SERIES_FORWARD_CLUSTER;DEC26=SERIES_FORWARD_CLUSTER;NOV26=SERIES_FORWARD_CLUSTER;MAR27=SERIES_FORWARD_CLUSTER;DEC28=PUT_CALL_PARITY;JUN27=PUT_CALL_PARITY;DEC27=PUT_CALL_PARITY;SEP27=SERIES_FORWARD_CLUSTER;JUN29=PUT_CALL_PARITY;DEC30=PUT_CALL_PARITY,SEP26=30784.5;OCT26=30771.875;DEC29=30567.375;DEC26=25293.875;NOV26=31207.875;MAR27=27605.375;JUN27=24447;DEC27=21051.75;SEP27=36072.5,DEC28=GLOBAL_REFERENCE_NO_OBSERVATION;JUN27=GLOBAL_REFERENCE_OUTLIER_SERIES_FORWARD_CLUSTER;DEC27=GLOBAL_REFERENCE_OUTLIER_SERIES_FORWARD_CLUSTER;JUN29=GLOBAL_REFERENCE_NO_OBSERVATION;DEC30=GLOBAL_REFERENCE_NO_OBSERVATION,WEIGHTED_ATM,2026-09-30,6,120,0.0,NONE,5139,4967,0,0,165,NONE,MN1;MN2;MN3;MN4;MN5;QMW;QRW;QTW;QWW,OK,NONE,NONE,2026-09-21
NAS,29910.0,-316476.3593951919,0.08807265466192443,0.0,0.0,0.0,0.0,0.0,0.0,31097.76071498286,30471.23928501714,31411.021429965713,30157.978570034287,DEC26,SEP26,2026-09-23,2026-12-18,30784.5,29969.045028362125,FOUND,DEGRADED,SPOT_MONTH_FALLBACK;ESTIMATED_EXPIRY_ALIAS,2026-08-02.2,PUT_CALL_PARITY,SEP26,SEP26=PUT_CALL_PARITY;OCT26=PUT_CALL_PARITY;DEC29=SERIES_FORWARD_CLUSTER;DEC26=SERIES_FORWARD_CLUSTER;NOV26=SERIES_FORWARD_CLUSTER;MAR27=SERIES_FORWARD_CLUSTER;DEC28=PUT_CALL_PARITY;JUN27=PUT_CALL_PARITY;DEC27=PUT_CALL_PARITY;SEP27=SERIES_FORWARD_CLUSTER;JUN29=PUT_CALL_PARITY;DEC30=PUT_CALL_PARITY,SEP26=30784.5;OCT26=30771.875;DEC29=30567.375;DEC26=25293.875;NOV26=31207.875;MAR27=27605.375;JUN27=24447;DEC27=21051.75;SEP27=36072.5,DEC28=GLOBAL_REFERENCE_NO_OBSERVATION;JUN27=GLOBAL_REFERENCE_OUTLIER_SERIES_FORWARD_CLUSTER;DEC27=GLOBAL_REFERENCE_OUTLIER_SERIES_FORWARD_CLUSTER;JUN29=GLOBAL_REFERENCE_NO_OBSERVATION;DEC30=GLOBAL_REFERENCE_NO_OBSERVATION,WEIGHTED_ATM,2026-09-30,6,120,0.0,NONE,5139,4967,0,0,165,NONE,MN1;MN2;MN3;MN4;MN5;QMW;QRW;QTW;QWW,OK,NONE,NONE,2026-09-21
NAS,29920.0,-127066.30401101676,0.09849035463263495,0.0,0.0,0.0,0.0,0.0,0.0,31097.76071498286,30471.23928501714,31411.021429965713,30157.978570034287,DEC26,SEP26,2026-09-23,2026-12-18,30784.5,29969.045028362125,FOUND,DEGRADED,SPOT_MONTH_FALLBACK;ESTIMATED_EXPIRY_ALIAS,2026-08-02.2,PUT_CALL_PARITY,SEP26,SEP26=PUT_CALL_PARITY;OCT26=PUT_CALL_PARITY;DEC29=SERIES_FORWARD_CLUSTER;DEC26=SERIES_FORWARD_CLUSTER;NOV26=SERIES_FORWARD_CLUSTER;MAR27=SERIES_FORWARD_CLUSTER;DEC28=PUT_CALL_PARITY;JUN27=PUT_CALL_PARITY;DEC27=PUT_CALL_PARITY;SEP27=SERIES_FORWARD_CLUSTER;JUN29=PUT_CALL_PARITY;DEC30=PUT_CALL_PARITY,SEP26=30784.5;OCT26=30771.875;DEC29=30567.375;DEC26=25293.875;NOV26=31207.875;MAR27=27605.375;JUN27=24447;DEC27=21051.75;SEP27=36072.5,DEC28=GLOBAL_REFERENCE_NO_OBSERVATION;JUN27=GLOBAL_REFERENCE_OUTLIER_SERIES_FORWARD_CLUSTER;DEC27=GLOBAL_REFERENCE_OUTLIER_SERIES_FORWARD_CLUSTER;JUN29=GLOBAL_REFERENCE_NO_OBSERVATION;DEC30=GLOBAL_REFERENCE_NO_OBSERVATION,WEIGHTED_ATM,2026-09-30,6,120,0.0,NONE,5139,4967,0,0,165,NONE,MN1;MN2;MN3;MN4;MN5;QMW;QRW;QTW;QWW,OK,NONE,NONE,2026-09-21
NAS,29925.0,-1067749.70353411,0.3010066937474589,0.0,0.0,0.0,0.0,0.0,0.0,31097.76071498286,30471.23928501714,31411.021429965713,30157.978570034287,DEC26,SEP26,2026-09-23,2026-12-18,30784.5,29969.045028362125,FOUND,DEGRADED,SPOT_MONTH_FALLBACK;ESTIMATED_EXPIRY_ALIAS,2026-08-02.2,PUT_CALL_PARITY,SEP26,SEP26=PUT_CALL_PARITY;OCT26=PUT_CALL_PARITY;DEC29=SERIES_FORWARD_CLUSTER;DEC26=SERIES_FORWARD_CLUSTER;NOV26=SERIES_FORWARD_CLUSTER;MAR27=SERIES_FORWARD_CLUSTER;DEC28=PUT_CALL_PARITY;JUN27=PUT_CALL_PARITY;DEC27=PUT_CALL_PARITY;SEP27=SERIES_FORWARD_CLUSTER;JUN29=PUT_CALL_PARITY;DEC30=PUT_CALL_PARITY,SEP26=30784.5;OCT26=30771.875;DEC29=30567.375;DEC26=25293.875;NOV26=31207.875;MAR27=27605.375;JUN27=24447;DEC27=21051.75;SEP27=36072.5,DEC28=GLOBAL_REFERENCE_NO_OBSERVATION;JUN27=GLOBAL_REFERENCE_OUTLIER_SERIES_FORWARD_CLUSTER;DEC27=GLOBAL_REFERENCE_OUTLIER_SERIES_FORWARD_CLUSTER;JUN29=GLOBAL_REFERENCE_NO_OBSERVATION;DEC30=GLOBAL_REFERENCE_NO_OBSERVATION,WEIGHTED_ATM,2026-09-30,6,120,0.0,NONE,5139,4967,0,0,165,NONE,MN1;MN2;MN3;MN4;MN5;QMW;QRW;QTW;QWW,OK,NONE,NONE,2026-09-21
NAS,29930.0,-196168.3646620381,0.15093354561236838,0.0,0.0,0.0,0.0,0.0,0.0,31097.76071498286,30471.23928501714,31411.021429965713,30157.978570034287,DEC26,SEP26,2026-09-23,2026-12-18,30784.5,29969.045028362125,FOUND,DEGRADED,SPOT_MONTH_FALLBACK;ESTIMATED_EXPIRY_ALIAS,2026-08-02.2,PUT_CALL_PARITY,SEP26,SEP26=PUT_CALL_PARITY;OCT26=PUT_CALL_PARITY;DEC29=SERIES_FORWARD_CLUSTER;DEC26=SERIES_FORWARD_CLUSTER;NOV26=SERIES_FORWARD_CLUSTER;MAR27=SERIES_FORWARD_CLUSTER;DEC28=PUT_CALL_PARITY;JUN27=PUT_CALL_PARITY;DEC27=PUT_CALL_PARITY;SEP27=SERIES_FORWARD_CLUSTER;JUN29=PUT_CALL_PARITY;DEC30=PUT_CALL_PARITY,SEP26=30784.5;OCT26=30771.875;DEC29=30567.375;DEC26=25293.875;NOV26=31207.875;MAR27=27605.375;JUN27=24447;DEC27=21051.75;SEP27=36072.5,DEC28=GLOBAL_REFERENCE_NO_OBSERVATION;JUN27=GLOBAL_REFERENCE_OUTLIER_SERIES_FORWARD_CLUSTER;DEC27=GLOBAL_REFERENCE_OUTLIER_SERIES_FORWARD_CLUSTER;JUN29=GLOBAL_REFERENCE_NO_OBSERVATION;DEC30=GLOBAL_REFERENCE_NO_OBSERVATION,WEIGHTED_ATM,2026-09-30,6,120,0.0,NONE,5139,4967,0,0,165,NONE,MN1;MN2;MN3;MN4;MN5;QMW;QRW;QTW;QWW,OK,NONE,NONE,2026-09-21
NAS,29940.0,-233608.89074309246,0.15414046192991593,0.0,0.0,0.0,0.0,0.0,0.0,31097.76071498286,30471.23928501714,31411.021429965713,30157.978570034287,DEC26,SEP26,2026-09-23,2026-12-18,30784.5,29969.045028362125,FOUND,DEGRADED,SPOT_MONTH_FALLBACK;ESTIMATED_EXPIRY_ALIAS,2026-08-02.2,PUT_CALL_PARITY,SEP26,SEP26=PUT_CALL_PARITY;OCT26=PUT_CALL_PARITY;DEC29=SERIES_FORWARD_CLUSTER;DEC26=SERIES_FORWARD_CLUSTER;NOV26=SERIES_FORWARD_CLUSTER;MAR27=SERIES_FORWARD_CLUSTER;DEC28=PUT_CALL_PARITY;JUN27=PUT_CALL_PARITY;DEC27=PUT_CALL_PARITY;SEP27=SERIES_FORWARD_CLUSTER;JUN29=PUT_CALL_PARITY;DEC30=PUT_CALL_PARITY,SEP26=30784.5;OCT26=30771.875;DEC29=30567.375;DEC26=25293.875;NOV26=31207.875;MAR27=27605.375;JUN27=24447;DEC27=21051.75;SEP27=36072.5,DEC28=GLOBAL_REFERENCE_NO_OBSERVATION;JUN27=GLOBAL_REFERENCE_OUTLIER_SERIES_FORWARD_CLUSTER;DEC27=GLOBAL_REFERENCE_OUTLIER_SERIES_FORWARD_CLUSTER;JUN29=GLOBAL_REFERENCE_NO_OBSERVATION;DEC30=GLOBAL_REFERENCE_NO_OBSERVATION,WEIGHTED_ATM,2026-09-30,6,120,0.0,NONE,5139,4967,0,0,165,NONE,MN1;MN2;MN3;MN4;MN5;QMW;QRW;QTW;QWW,OK,NONE,NONE,2026-09-21
NAS,29950.0,-409203.93664224213,2.0920713608279535,0.0,0.0,0.0,0.0,0.0,0.0,31097.76071498286,30471.23928501714,31411.021429965713,30157.978570034287,DEC26,SEP26,2026-09-23,2026-12-18,30784.5,29969.045028362125,FOUND,DEGRADED,SPOT_MONTH_FALLBACK;ESTIMATED_EXPIRY_ALIAS,2026-08-02.2,PUT_CALL_PARITY,SEP26,SEP26=PUT_CALL_PARITY;OCT26=PUT_CALL_PARITY;DEC29=SERIES_FORWARD_CLUSTER;DEC26=SERIES_FORWARD_CLUSTER;NOV26=SERIES_FORWARD_CLUSTER;MAR27=SERIES_FORWARD_CLUSTER;DEC28=PUT_CALL_PARITY;JUN27=PUT_CALL_PARITY;DEC27=PUT_CALL_PARITY;SEP27=SERIES_FORWARD_CLUSTER;JUN29=PUT_CALL_PARITY;DEC30=PUT_CALL_PARITY,SEP26=30784.5;OCT26=30771.875;DEC29=30567.375;DEC26=25293.875;NOV26=31207.875;MAR27=27605.375;JUN27=24447;DEC27=21051.75;SEP27=36072.5,DEC28=GLOBAL_REFERENCE_NO_OBSERVATION;JUN27=GLOBAL_REFERENCE_OUTLIER_SERIES_FORWARD_CLUSTER;DEC27=GLOBAL_REFERENCE_OUTLIER_SERIES_FORWARD_CLUSTER;JUN29=GLOBAL_REFERENCE_NO_OBSERVATION;DEC30=GLOBAL_REFERENCE_NO_OBSERVATION,WEIGHTED_ATM,2026-09-30,6,120,0.0,NONE,5139,4967,0,0,165,NONE,MN1;MN2;MN3;MN4;MN5;QMW;QRW;QTW;QWW,OK,NONE,NONE,2026-09-21
NAS,29960.0,384630.4827799803,0.08154438862227743,0.0,0.0,0.0,0.0,0.0,0.0,31097.76071498286,30471.23928501714,31411.021429965713,30157.978570034287,DEC26,SEP26,2026-09-23,2026-12-18,30784.5,29969.045028362125,FOUND,DEGRADED,SPOT_MONTH_FALLBACK;ESTIMATED_EXPIRY_ALIAS,2026-08-02.2,PUT_CALL_PARITY,SEP26,SEP26=PUT_CALL_PARITY;OCT26=PUT_CALL_PARITY;DEC29=SERIES_FORWARD_CLUSTER;DEC26=SERIES_FORWARD_CLUSTER;NOV26=SERIES_FORWARD_CLUSTER;MAR27=SERIES_FORWARD_CLUSTER;DEC28=PUT_CALL_PARITY;JUN27=PUT_CALL_PARITY;DEC27=PUT_CALL_PARITY;SEP27=SERIES_FORWARD_CLUSTER;JUN29=PUT_CALL_PARITY;DEC30=PUT_CALL_PARITY,SEP26=30784.5;OCT26=30771.875;DEC29=30567.375;DEC26=25293.875;NOV26=31207.875;MAR27=27605.375;JUN27=24447;DEC27=21051.75;SEP27=36072.5,DEC28=GLOBAL_REFERENCE_NO_OBSERVATION;JUN27=GLOBAL_REFERENCE_OUTLIER_SERIES_FORWARD_CLUSTER;DEC27=GLOBAL_REFERENCE_OUTLIER_SERIES_FORWARD_CLUSTER;JUN29=GLOBAL_REFERENCE_NO_OBSERVATION;DEC30=GLOBAL_REFERENCE_NO_OBSERVATION,WEIGHTED_ATM,2026-09-30,6,120,0.0,NONE,5139,4967,0,0,165,NONE,MN1;MN2;MN3;MN4;MN5;QMW;QRW;QTW;QWW,OK,NONE,NONE,2026-09-21
NAS,29970.0,-149541.67757767803,0.10565484449587001,0.0,0.0,0.0,0.0,0.0,0.0,31097.76071498286,30471.23928501714,31411.021429965713,30157.978570034287,DEC26,SEP26,2026-09-23,2026-12-18,30784.5,29969.045028362125,FOUND,DEGRADED,SPOT_MONTH_FALLBACK;ESTIMATED_EXPIRY_ALIAS,2026-08-02.2,PUT_CALL_PARITY,SEP26,SEP26=PUT_CALL_PARITY;OCT26=PUT_CALL_PARITY;DEC29=SERIES_FORWARD_CLUSTER;DEC26=SERIES_FORWARD_CLUSTER;NOV26=SERIES_FORWARD_CLUSTER;MAR27=SERIES_FORWARD_CLUSTER;DEC28=PUT_CALL_PARITY;JUN27=PUT_CALL_PARITY;DEC27=PUT_CALL_PARITY;SEP27=SERIES_FORWARD_CLUSTER;JUN29=PUT_CALL_PARITY;DEC30=PUT_CALL_PARITY,SEP26=30784.5;OCT26=30771.875;DEC29=30567.375;DEC26=25293.875;NOV26=31207.875;MAR27=27605.375;JUN27=24447;DEC27=21051.75;SEP27=36072.5,DEC28=GLOBAL_REFERENCE_NO_OBSERVATION;JUN27=GLOBAL_REFERENCE_OUTLIER_SERIES_FORWARD_CLUSTER;DEC27=GLOBAL_REFERENCE_OUTLIER_SERIES_FORWARD_CLUSTER;JUN29=GLOBAL_REFERENCE_NO_OBSERVATION;DEC30=GLOBAL_REFERENCE_NO_OBSERVATION,WEIGHTED_ATM,2026-09-30,6,120,0.0,NONE,5139,4967,0,0,165,NONE,MN1;MN2;MN3;MN4;MN5;QMW;QRW;QTW;QWW,OK,NONE,NONE,2026-09-21
NAS,29975.0,326831.5178119613,0.2288497811846681,0.0,0.0,0.0,0.0,0.0,0.0,31097.76071498286,30471.23928501714,31411.021429965713,30157.978570034287,DEC26,SEP26,2026-09-23,2026-12-18,30784.5,29969.045028362125,FOUND,DEGRADED,SPOT_MONTH_FALLBACK;ESTIMATED_EXPIRY_ALIAS,2026-08-02.2,PUT_CALL_PARITY,SEP26,SEP26=PUT_CALL_PARITY;OCT26=PUT_CALL_PARITY;DEC29=SERIES_FORWARD_CLUSTER;DEC26=SERIES_FORWARD_CLUSTER;NOV26=SERIES_FORWARD_CLUSTER;MAR27=SERIES_FORWARD_CLUSTER;DEC28=PUT_CALL_PARITY;JUN27=PUT_CALL_PARITY;DEC27=PUT_CALL_PARITY;SEP27=SERIES_FORWARD_CLUSTER;JUN29=PUT_CALL_PARITY;DEC30=PUT_CALL_PARITY,SEP26=30784.5;OCT26=30771.875;DEC29=30567.375;DEC26=25293.875;NOV26=31207.875;MAR27=27605.375;JUN27=24447;DEC27=21051.75;SEP27=36072.5,DEC28=GLOBAL_REFERENCE_NO_OBSERVATION;JUN27=GLOBAL_REFERENCE_OUTLIER_SERIES_FORWARD_CLUSTER;DEC27=GLOBAL_REFERENCE_OUTLIER_SERIES_FORWARD_CLUSTER;JUN29=GLOBAL_REFERENCE_NO_OBSERVATION;DEC30=GLOBAL_REFERENCE_NO_OBSERVATION,WEIGHTED_ATM,2026-09-30,6,120,0.0,NONE,5139,4967,0,0,165,NONE,MN1;MN2;MN3;MN4;MN5;QMW;QRW;QTW;QWW,OK,NONE,NONE,2026-09-21
NAS,29980.0,66230.87935689365,0.07857861987067316,0.0,0.0,0.0,0.0,0.0,0.0,31097.76071498286,30471.23928501714,31411.021429965713,30157.978570034287,DEC26,SEP26,2026-09-23,2026-12-18,30784.5,29969.045028362125,FOUND,DEGRADED,SPOT_MONTH_FALLBACK;ESTIMATED_EXPIRY_ALIAS,2026-08-02.2,PUT_CALL_PARITY,SEP26,SEP26=PUT_CALL_PARITY;OCT26=PUT_CALL_PARITY;DEC29=SERIES_FORWARD_CLUSTER;DEC26=SERIES_FORWARD_CLUSTER;NOV26=SERIES_FORWARD_CLUSTER;MAR27=SERIES_FORWARD_CLUSTER;DEC28=PUT_CALL_PARITY;JUN27=PUT_CALL_PARITY;DEC27=PUT_CALL_PARITY;SEP27=SERIES_FORWARD_CLUSTER;JUN29=PUT_CALL_PARITY;DEC30=PUT_CALL_PARITY,SEP26=30784.5;OCT26=30771.875;DEC29=30567.375;DEC26=25293.875;NOV26=31207.875;MAR27=27605.375;JUN27=24447;DEC27=21051.75;SEP27=36072.5,DEC28=GLOBAL_REFERENCE_NO_OBSERVATION;JUN27=GLOBAL_REFERENCE_OUTLIER_SERIES_FORWARD_CLUSTER;DEC27=GLOBAL_REFERENCE_OUTLIER_SERIES_FORWARD_CLUSTER;JUN29=GLOBAL_REFERENCE_NO_OBSERVATION;DEC30=GLOBAL_REFERENCE_NO_OBSERVATION,WEIGHTED_ATM,2026-09-30,6,120,0.0,NONE,5139,4967,0,0,165,NONE,MN1;MN2;MN3;MN4;MN5;QMW;QRW;QTW;QWW,OK,NONE,NONE,2026-09-21
NAS,29990.0,-1105252.7990299012,0.19201359712107247,0.0,0.0,0.0,0.0,0.0,0.0,31097.76071498286,30471.23928501714,31411.021429965713,30157.978570034287,DEC26,SEP26,2026-09-23,2026-12-18,30784.5,29969.045028362125,FOUND,DEGRADED,SPOT_MONTH_FALLBACK;ESTIMATED_EXPIRY_ALIAS,2026-08-02.2,PUT_CALL_PARITY,SEP26,SEP26=PUT_CALL_PARITY;OCT26=PUT_CALL_PARITY;DEC29=SERIES_FORWARD_CLUSTER;DEC26=SERIES_FORWARD_CLUSTER;NOV26=SERIES_FORWARD_CLUSTER;MAR27=SERIES_FORWARD_CLUSTER;DEC28=PUT_CALL_PARITY;JUN27=PUT_CALL_PARITY;DEC27=PUT_CALL_PARITY;SEP27=SERIES_FORWARD_CLUSTER;JUN29=PUT_CALL_PARITY;DEC30=PUT_CALL_PARITY,SEP26=30784.5;OCT26=30771.875;DEC29=30567.375;DEC26=25293.875;NOV26=31207.875;MAR27=27605.375;JUN27=24447;DEC27=21051.75;SEP27=36072.5,DEC28=GLOBAL_REFERENCE_NO_OBSERVATION;JUN27=GLOBAL_REFERENCE_OUTLIER_SERIES_FORWARD_CLUSTER;DEC27=GLOBAL_REFERENCE_OUTLIER_SERIES_FORWARD_CLUSTER;JUN29=GLOBAL_REFERENCE_NO_OBSERVATION;DEC30=GLOBAL_REFERENCE_NO_OBSERVATION,WEIGHTED_ATM,2026-09-30,6,120,0.0,NONE,5139,4967,0,0,165,NONE,MN1;MN2;MN3;MN4;MN5;QMW;QRW;QTW;QWW,OK,NONE,NONE,2026-09-21
NAS,30000.0,-54857715.160661444,23.714382154753732,0.0,0.0,0.0,0.0,0.0,0.0,31097.76071498286,30471.23928501714,31411.021429965713,30157.978570034287,DEC26,SEP26,2026-09-23,2026-12-18,30784.5,29969.045028362125,FOUND,DEGRADED,SPOT_MONTH_FALLBACK;ESTIMATED_EXPIRY_ALIAS,2026-08-02.2,PUT_CALL_PARITY,SEP26,SEP26=PUT_CALL_PARITY;OCT26=PUT_CALL_PARITY;DEC29=SERIES_FORWARD_CLUSTER;DEC26=SERIES_FORWARD_CLUSTER;NOV26=SERIES_FORWARD_CLUSTER;MAR27=SERIES_FORWARD_CLUSTER;DEC28=PUT_CALL_PARITY;JUN27=PUT_CALL_PARITY;DEC27=PUT_CALL_PARITY;SEP27=SERIES_FORWARD_CLUSTER;JUN29=PUT_CALL_PARITY;DEC30=PUT_CALL_PARITY,SEP26=30784.5;OCT26=30771.875;DEC29=30567.375;DEC26=25293.875;NOV26=31207.875;MAR27=27605.375;JUN27=24447;DEC27=21051.75;SEP27=36072.5,DEC28=GLOBAL_REFERENCE_NO_OBSERVATION;JUN27=GLOBAL_REFERENCE_OUTLIER_SERIES_FORWARD_CLUSTER;DEC27=GLOBAL_REFERENCE_OUTLIER_SERIES_FORWARD_CLUSTER;JUN29=GLOBAL_REFERENCE_NO_OBSERVATION;DEC30=GLOBAL_REFERENCE_NO_OBSERVATION,WEIGHTED_ATM,2026-09-30,6,120,0.0,NONE,5139,4967,0,0,165,NONE,MN1;MN2;MN3;MN4;MN5;QMW;QRW;QTW;QWW,OK,NONE,NONE,2026-09-21
NAS,30010.0,-1205581.0539176993,0.20250973430052643,0.0,0.0,0.0,0.0,0.0,0.0,31097.76071498286,30471.23928501714,31411.021429965713,30157.978570034287,DEC26,SEP26,2026-09-23,2026-12-18,30784.5,29969.045028362125,FOUND,DEGRADED,SPOT_MONTH_FALLBACK;ESTIMATED_EXPIRY_ALIAS,2026-08-02.2,PUT_CALL_PARITY,SEP26,SEP26=PUT_CALL_PARITY;OCT26=PUT_CALL_PARITY;DEC29=SERIES_FORWARD_CLUSTER;DEC26=SERIES_FORWARD_CLUSTER;NOV26=SERIES_FORWARD_CLUSTER;MAR27=SERIES_FORWARD_CLUSTER;DEC28=PUT_CALL_PARITY;JUN27=PUT_CALL_PARITY;DEC27=PUT_CALL_PARITY;SEP27=SERIES_FORWARD_CLUSTER;JUN29=PUT_CALL_PARITY;DEC30=PUT_CALL_PARITY,SEP26=30784.5;OCT26=30771.875;DEC29=30567.375;DEC26=25293.875;NOV26=31207.875;MAR27=27605.375;JUN27=24447;DEC27=21051.75;SEP27=36072.5,DEC28=GLOBAL_REFERENCE_NO_OBSERVATION;JUN27=GLOBAL_REFERENCE_OUTLIER_SERIES_FORWARD_CLUSTER;DEC27=GLOBAL_REFERENCE_OUTLIER_SERIES_FORWARD_CLUSTER;JUN29=GLOBAL_REFERENCE_NO_OBSERVATION;DEC30=GLOBAL_REFERENCE_NO_OBSERVATION,WEIGHTED_ATM,2026-09-30,6,120,0.0,NONE,5139,4967,0,0,165,NONE,MN1;MN2;MN3;MN4;MN5;QMW;QRW;QTW;QWW,OK,NONE,NONE,2026-09-21
NAS,30020.0,-194302.35933025292,0.10728045721379775,0.0,0.0,0.0,0.0,0.0,0.0,31097.76071498286,30471.23928501714,31411.021429965713,30157.978570034287,DEC26,SEP26,2026-09-23,2026-12-18,30784.5,29969.045028362125,FOUND,DEGRADED,SPOT_MONTH_FALLBACK;ESTIMATED_EXPIRY_ALIAS,2026-08-02.2,PUT_CALL_PARITY,SEP26,SEP26=PUT_CALL_PARITY;OCT26=PUT_CALL_PARITY;DEC29=SERIES_FORWARD_CLUSTER;DEC26=SERIES_FORWARD_CLUSTER;NOV26=SERIES_FORWARD_CLUSTER;MAR27=SERIES_FORWARD_CLUSTER;DEC28=PUT_CALL_PARITY;JUN27=PUT_CALL_PARITY;DEC27=PUT_CALL_PARITY;SEP27=SERIES_FORWARD_CLUSTER;JUN29=PUT_CALL_PARITY;DEC30=PUT_CALL_PARITY,SEP26=30784.5;OCT26=30771.875;DEC29=30567.375;DEC26=25293.875;NOV26=31207.875;MAR27=27605.375;JUN27=24447;DEC27=21051.75;SEP27=36072.5,DEC28=GLOBAL_REFERENCE_NO_OBSERVATION;JUN27=GLOBAL_REFERENCE_OUTLIER_SERIES_FORWARD_CLUSTER;DEC27=GLOBAL_REFERENCE_OUTLIER_SERIES_FORWARD_CLUSTER;JUN29=GLOBAL_REFERENCE_NO_OBSERVATION;DEC30=GLOBAL_REFERENCE_NO_OBSERVATION,WEIGHTED_ATM,2026-09-30,6,120,0.0,NONE,5139,4967,0,0,165,NONE,MN1;MN2;MN3;MN4;MN5;QMW;QRW;QTW;QWW,OK,NONE,NONE,2026-09-21
NAS,30025.0,-948944.4400855554,0.3744328164652018,0.0,0.0,0.0,0.0,0.0,0.0,31097.76071498286,30471.23928501714,31411.021429965713,30157.978570034287,DEC26,SEP26,2026-09-23,2026-12-18,30784.5,29969.045028362125,FOUND,DEGRADED,SPOT_MONTH_FALLBACK;ESTIMATED_EXPIRY_ALIAS,2026-08-02.2,PUT_CALL_PARITY,SEP26,SEP26=PUT_CALL_PARITY;OCT26=PUT_CALL_PARITY;DEC29=SERIES_FORWARD_CLUSTER;DEC26=SERIES_FORWARD_CLUSTER;NOV26=SERIES_FORWARD_CLUSTER;MAR27=SERIES_FORWARD_CLUSTER;DEC28=PUT_CALL_PARITY;JUN27=PUT_CALL_PARITY;DEC27=PUT_CALL_PARITY;SEP27=SERIES_FORWARD_CLUSTER;JUN29=PUT_CALL_PARITY;DEC30=PUT_CALL_PARITY,SEP26=30784.5;OCT26=30771.875;DEC29=30567.375;DEC26=25293.875;NOV26=31207.875;MAR27=27605.375;JUN27=24447;DEC27=21051.75;SEP27=36072.5,DEC28=GLOBAL_REFERENCE_NO_OBSERVATION;JUN27=GLOBAL_REFERENCE_OUTLIER_SERIES_FORWARD_CLUSTER;DEC27=GLOBAL_REFERENCE_OUTLIER_SERIES_FORWARD_CLUSTER;JUN29=GLOBAL_REFERENCE_NO_OBSERVATION;DEC30=GLOBAL_REFERENCE_NO_OBSERVATION,WEIGHTED_ATM,2026-09-30,6,120,0.0,NONE,5139,4967,0,0,165,NONE,MN1;MN2;MN3;MN4;MN5;QMW;QRW;QTW;QWW,OK,NONE,NONE,2026-09-21
NAS,30030.0,-201864.37613526825,0.04920618499108532,0.0,0.0,0.0,0.0,0.0,0.0,31097.76071498286,30471.23928501714,31411.021429965713,30157.978570034287,DEC26,SEP26,2026-09-23,2026-12-18,30784.5,29969.045028362125,FOUND,DEGRADED,SPOT_MONTH_FALLBACK;ESTIMATED_EXPIRY_ALIAS,2026-08-02.2,PUT_CALL_PARITY,SEP26,SEP26=PUT_CALL_PARITY;OCT26=PUT_CALL_PARITY;DEC29=SERIES_FORWARD_CLUSTER;DEC26=SERIES_FORWARD_CLUSTER;NOV26=SERIES_FORWARD_CLUSTER;MAR27=SERIES_FORWARD_CLUSTER;DEC28=PUT_CALL_PARITY;JUN27=PUT_CALL_PARITY;DEC27=PUT_CALL_PARITY;SEP27=SERIES_FORWARD_CLUSTER;JUN29=PUT_CALL_PARITY;DEC30=PUT_CALL_PARITY,SEP26=30784.5;OCT26=30771.875;DEC29=30567.375;DEC26=25293.875;NOV26=31207.875;MAR27=27605.375;JUN27=24447;DEC27=21051.75;SEP27=36072.5,DEC28=GLOBAL_REFERENCE_NO_OBSERVATION;JUN27=GLOBAL_REFERENCE_OUTLIER_SERIES_FORWARD_CLUSTER;DEC27=GLOBAL_REFERENCE_OUTLIER_SERIES_FORWARD_CLUSTER;JUN29=GLOBAL_REFERENCE_NO_OBSERVATION;DEC30=GLOBAL_REFERENCE_NO_OBSERVATION,WEIGHTED_ATM,2026-09-30,6,120,0.0,NONE,5139,4967,0,0,165,NONE,MN1;MN2;MN3;MN4;MN5;QMW;QRW;QTW;QWW,OK,NONE,NONE,2026-09-21
NAS,30040.0,234579.31238982145,0.0448439626547515,0.0,0.0,0.0,0.0,0.0,0.0,31097.76071498286,30471.23928501714,31411.021429965713,30157.978570034287,DEC26,SEP26,2026-09-23,2026-12-18,30784.5,29969.045028362125,FOUND,DEGRADED,SPOT_MONTH_FALLBACK;ESTIMATED_EXPIRY_ALIAS,2026-08-02.2,PUT_CALL_PARITY,SEP26,SEP26=PUT_CALL_PARITY;OCT26=PUT_CALL_PARITY;DEC29=SERIES_FORWARD_CLUSTER;DEC26=SERIES_FORWARD_CLUSTER;NOV26=SERIES_FORWARD_CLUSTER;MAR27=SERIES_FORWARD_CLUSTER;DEC28=PUT_CALL_PARITY;JUN27=PUT_CALL_PARITY;DEC27=PUT_CALL_PARITY;SEP27=SERIES_FORWARD_CLUSTER;JUN29=PUT_CALL_PARITY;DEC30=PUT_CALL_PARITY,SEP26=30784.5;OCT26=30771.875;DEC29=30567.375;DEC26=25293.875;NOV26=31207.875;MAR27=27605.375;JUN27=24447;DEC27=21051.75;SEP27=36072.5,DEC28=GLOBAL_REFERENCE_NO_OBSERVATION;JUN27=GLOBAL_REFERENCE_OUTLIER_SERIES_FORWARD_CLUSTER;DEC27=GLOBAL_REFERENCE_OUTLIER_SERIES_FORWARD_CLUSTER;JUN29=GLOBAL_REFERENCE_NO_OBSERVATION;DEC30=GLOBAL_REFERENCE_NO_OBSERVATION,WEIGHTED_ATM,2026-09-30,6,120,0.0,NONE,5139,4967,0,0,165,NONE,MN1;MN2;MN3;MN4;MN5;QMW;QRW;QTW;QWW,OK,NONE,NONE,2026-09-21
NAS,30050.0,-398284.782423574,1.9830920658061368,0.0,0.0,0.0,0.0,0.0,0.0,31097.76071498286,30471.23928501714,31411.021429965713,30157.978570034287,DEC26,SEP26,2026-09-23,2026-12-18,30784.5,29969.045028362125,FOUND,DEGRADED,SPOT_MONTH_FALLBACK;ESTIMATED_EXPIRY_ALIAS,2026-08-02.2,PUT_CALL_PARITY,SEP26,SEP26=PUT_CALL_PARITY;OCT26=PUT_CALL_PARITY;DEC29=SERIES_FORWARD_CLUSTER;DEC26=SERIES_FORWARD_CLUSTER;NOV26=SERIES_FORWARD_CLUSTER;MAR27=SERIES_FORWARD_CLUSTER;DEC28=PUT_CALL_PARITY;JUN27=PUT_CALL_PARITY;DEC27=PUT_CALL_PARITY;SEP27=SERIES_FORWARD_CLUSTER;JUN29=PUT_CALL_PARITY;DEC30=PUT_CALL_PARITY,SEP26=30784.5;OCT26=30771.875;DEC29=30567.375;DEC26=25293.875;NOV26=31207.875;MAR27=27605.375;JUN27=24447;DEC27=21051.75;SEP27=36072.5,DEC28=GLOBAL_REFERENCE_NO_OBSERVATION;JUN27=GLOBAL_REFERENCE_OUTLIER_SERIES_FORWARD_CLUSTER;DEC27=GLOBAL_REFERENCE_OUTLIER_SERIES_FORWARD_CLUSTER;JUN29=GLOBAL_REFERENCE_NO_OBSERVATION;DEC30=GLOBAL_REFERENCE_NO_OBSERVATION,WEIGHTED_ATM,2026-09-30,6,120,0.0,NONE,5139,4967,0,0,165,NONE,MN1;MN2;MN3;MN4;MN5;QMW;QRW;QTW;QWW,OK,NONE,NONE,2026-09-21
NAS,30060.0,-1232231.2427067687,0.23703432484933565,0.0,0.0,0.0,0.0,0.0,0.0,31097.76071498286,30471.23928501714,31411.021429965713,30157.978570034287,DEC26,SEP26,2026-09-23,2026-12-18,30784.5,29969.045028362125,FOUND,DEGRADED,SPOT_MONTH_FALLBACK;ESTIMATED_EXPIRY_ALIAS,2026-08-02.2,PUT_CALL_PARITY,SEP26,SEP26=PUT_CALL_PARITY;OCT26=PUT_CALL_PARITY;DEC29=SERIES_FORWARD_CLUSTER;DEC26=SERIES_FORWARD_CLUSTER;NOV26=SERIES_FORWARD_CLUSTER;MAR27=SERIES_FORWARD_CLUSTER;DEC28=PUT_CALL_PARITY;JUN27=PUT_CALL_PARITY;DEC27=PUT_CALL_PARITY;SEP27=SERIES_FORWARD_CLUSTER;JUN29=PUT_CALL_PARITY;DEC30=PUT_CALL_PARITY,SEP26=30784.5;OCT26=30771.875;DEC29=30567.375;DEC26=25293.875;NOV26=31207.875;MAR27=27605.375;JUN27=24447;DEC27=21051.75;SEP27=36072.5,DEC28=GLOBAL_REFERENCE_NO_OBSERVATION;JUN27=GLOBAL_REFERENCE_OUTLIER_SERIES_FORWARD_CLUSTER;DEC27=GLOBAL_REFERENCE_OUTLIER_SERIES_FORWARD_CLUSTER;JUN29=GLOBAL_REFERENCE_NO_OBSERVATION;DEC30=GLOBAL_REFERENCE_NO_OBSERVATION,WEIGHTED_ATM,2026-09-30,6,120,0.0,NONE,5139,4967,0,0,165,NONE,MN1;MN2;MN3;MN4;MN5;QMW;QRW;QTW;QWW,OK,NONE,NONE,2026-09-21
NAS,30070.0,244282.44971928475,0.06866600639307871,0.0,0.0,0.0,0.0,0.0,0.0,31097.76071498286,30471.23928501714,31411.021429965713,30157.978570034287,DEC26,SEP26,2026-09-23,2026-12-18,30784.5,29969.045028362125,FOUND,DEGRADED,SPOT_MONTH_FALLBACK;ESTIMATED_EXPIRY_ALIAS,2026-08-02.2,PUT_CALL_PARITY,SEP26,SEP26=PUT_CALL_PARITY;OCT26=PUT_CALL_PARITY;DEC29=SERIES_FORWARD_CLUSTER;DEC26=SERIES_FORWARD_CLUSTER;NOV26=SERIES_FORWARD_CLUSTER;MAR27=SERIES_FORWARD_CLUSTER;DEC28=PUT_CALL_PARITY;JUN27=PUT_CALL_PARITY;DEC27=PUT_CALL_PARITY;SEP27=SERIES_FORWARD_CLUSTER;JUN29=PUT_CALL_PARITY;DEC30=PUT_CALL_PARITY,SEP26=30784.5;OCT26=30771.875;DEC29=30567.375;DEC26=25293.875;NOV26=31207.875;MAR27=27605.375;JUN27=24447;DEC27=21051.75;SEP27=36072.5,DEC28=GLOBAL_REFERENCE_NO_OBSERVATION;JUN27=GLOBAL_REFERENCE_OUTLIER_SERIES_FORWARD_CLUSTER;DEC27=GLOBAL_REFERENCE_OUTLIER_SERIES_FORWARD_CLUSTER;JUN29=GLOBAL_REFERENCE_NO_OBSERVATION;DEC30=GLOBAL_REFERENCE_NO_OBSERVATION,WEIGHTED_ATM,2026-09-30,6,120,0.0,NONE,5139,4967,0,0,165,NONE,MN1;MN2;MN3;MN4;MN5;QMW;QRW;QTW;QWW,OK,NONE,NONE,2026-09-21
NAS,30075.0,-1158779.8163245986,0.41003143087789146,0.0,0.0,0.0,0.0,0.0,0.0,31097.76071498286,30471.23928501714,31411.021429965713,30157.978570034287,DEC26,SEP26,2026-09-23,2026-12-18,30784.5,29969.045028362125,FOUND,DEGRADED,SPOT_MONTH_FALLBACK;ESTIMATED_EXPIRY_ALIAS,2026-08-02.2,PUT_CALL_PARITY,SEP26,SEP26=PUT_CALL_PARITY;OCT26=PUT_CALL_PARITY;DEC29=SERIES_FORWARD_CLUSTER;DEC26=SERIES_FORWARD_CLUSTER;NOV26=SERIES_FORWARD_CLUSTER;MAR27=SERIES_FORWARD_CLUSTER;DEC28=PUT_CALL_PARITY;JUN27=PUT_CALL_PARITY;DEC27=PUT_CALL_PARITY;SEP27=SERIES_FORWARD_CLUSTER;JUN29=PUT_CALL_PARITY;DEC30=PUT_CALL_PARITY,SEP26=30784.5;OCT26=30771.875;DEC29=30567.375;DEC26=25293.875;NOV26=31207.875;MAR27=27605.375;JUN27=24447;DEC27=21051.75;SEP27=36072.5,DEC28=GLOBAL_REFERENCE_NO_OBSERVATION;JUN27=GLOBAL_REFERENCE_OUTLIER_SERIES_FORWARD_CLUSTER;DEC27=GLOBAL_REFERENCE_OUTLIER_SERIES_FORWARD_CLUSTER;JUN29=GLOBAL_REFERENCE_NO_OBSERVATION;DEC30=GLOBAL_REFERENCE_NO_OBSERVATION,WEIGHTED_ATM,2026-09-30,6,120,0.0,NONE,5139,4967,0,0,165,NONE,MN1;MN2;MN3;MN4;MN5;QMW;QRW;QTW;QWW,OK,NONE,NONE,2026-09-21
NAS,30080.0,-266042.8653126278,0.1298660694710081,0.0,0.0,0.0,0.0,0.0,0.0,31097.76071498286,30471.23928501714,31411.021429965713,30157.978570034287,DEC26,SEP26,2026-09-23,2026-12-18,30784.5,29969.045028362125,FOUND,DEGRADED,SPOT_MONTH_FALLBACK;ESTIMATED_EXPIRY_ALIAS,2026-08-02.2,PUT_CALL_PARITY,SEP26,SEP26=PUT_CALL_PARITY;OCT26=PUT_CALL_PARITY;DEC29=SERIES_FORWARD_CLUSTER;DEC26=SERIES_FORWARD_CLUSTER;NOV26=SERIES_FORWARD_CLUSTER;MAR27=SERIES_FORWARD_CLUSTER;DEC28=PUT_CALL_PARITY;JUN27=PUT_CALL_PARITY;DEC27=PUT_CALL_PARITY;SEP27=SERIES_FORWARD_CLUSTER;JUN29=PUT_CALL_PARITY;DEC30=PUT_CALL_PARITY,SEP26=30784.5;OCT26=30771.875;DEC29=30567.375;DEC26=25293.875;NOV26=31207.875;MAR27=27605.375;JUN27=24447;DEC27=21051.75;SEP27=36072.5,DEC28=GLOBAL_REFERENCE_NO_OBSERVATION;JUN27=GLOBAL_REFERENCE_OUTLIER_SERIES_FORWARD_CLUSTER;DEC27=GLOBAL_REFERENCE_OUTLIER_SERIES_FORWARD_CLUSTER;JUN29=GLOBAL_REFERENCE_NO_OBSERVATION;DEC30=GLOBAL_REFERENCE_NO_OBSERVATION,WEIGHTED_ATM,2026-09-30,6,120,0.0,NONE,5139,4967,0,0,165,NONE,MN1;MN2;MN3;MN4;MN5;QMW;QRW;QTW;QWW,OK,NONE,NONE,2026-09-21
NAS,30090.0,-84003.92309201404,0.062237708939996375,0.0,0.0,0.0,0.0,0.0,0.0,31097.76071498286,30471.23928501714,31411.021429965713,30157.978570034287,DEC26,SEP26,2026-09-23,2026-12-18,30784.5,29969.045028362125,FOUND,DEGRADED,SPOT_MONTH_FALLBACK;ESTIMATED_EXPIRY_ALIAS,2026-08-02.2,PUT_CALL_PARITY,SEP26,SEP26=PUT_CALL_PARITY;OCT26=PUT_CALL_PARITY;DEC29=SERIES_FORWARD_CLUSTER;DEC26=SERIES_FORWARD_CLUSTER;NOV26=SERIES_FORWARD_CLUSTER;MAR27=SERIES_FORWARD_CLUSTER;DEC28=PUT_CALL_PARITY;JUN27=PUT_CALL_PARITY;DEC27=PUT_CALL_PARITY;SEP27=SERIES_FORWARD_CLUSTER;JUN29=PUT_CALL_PARITY;DEC30=PUT_CALL_PARITY,SEP26=30784.5;OCT26=30771.875;DEC29=30567.375;DEC26=25293.875;NOV26=31207.875;MAR27=27605.375;JUN27=24447;DEC27=21051.75;SEP27=36072.5,DEC28=GLOBAL_REFERENCE_NO_OBSERVATION;JUN27=GLOBAL_REFERENCE_OUTLIER_SERIES_FORWARD_CLUSTER;DEC27=GLOBAL_REFERENCE_OUTLIER_SERIES_FORWARD_CLUSTER;JUN29=GLOBAL_REFERENCE_NO_OBSERVATION;DEC30=GLOBAL_REFERENCE_NO_OBSERVATION,WEIGHTED_ATM,2026-09-30,6,120,0.0,NONE,5139,4967,0,0,165,NONE,MN1;MN2;MN3;MN4;MN5;QMW;QRW;QTW;QWW,OK,NONE,NONE,2026-09-21
NAS,30100.0,24601969.249555573,6.555541002916713,0.0,0.0,0.0,0.0,0.0,0.0,31097.76071498286,30471.23928501714,31411.021429965713,30157.978570034287,DEC26,SEP26,2026-09-23,2026-12-18,30784.5,29969.045028362125,FOUND,DEGRADED,SPOT_MONTH_FALLBACK;ESTIMATED_EXPIRY_ALIAS,2026-08-02.2,PUT_CALL_PARITY,SEP26,SEP26=PUT_CALL_PARITY;OCT26=PUT_CALL_PARITY;DEC29=SERIES_FORWARD_CLUSTER;DEC26=SERIES_FORWARD_CLUSTER;NOV26=SERIES_FORWARD_CLUSTER;MAR27=SERIES_FORWARD_CLUSTER;DEC28=PUT_CALL_PARITY;JUN27=PUT_CALL_PARITY;DEC27=PUT_CALL_PARITY;SEP27=SERIES_FORWARD_CLUSTER;JUN29=PUT_CALL_PARITY;DEC30=PUT_CALL_PARITY,SEP26=30784.5;OCT26=30771.875;DEC29=30567.375;DEC26=25293.875;NOV26=31207.875;MAR27=27605.375;JUN27=24447;DEC27=21051.75;SEP27=36072.5,DEC28=GLOBAL_REFERENCE_NO_OBSERVATION;JUN27=GLOBAL_REFERENCE_OUTLIER_SERIES_FORWARD_CLUSTER;DEC27=GLOBAL_REFERENCE_OUTLIER_SERIES_FORWARD_CLUSTER;JUN29=GLOBAL_REFERENCE_NO_OBSERVATION;DEC30=GLOBAL_REFERENCE_NO_OBSERVATION,WEIGHTED_ATM,2026-09-30,6,120,0.0,NONE,5139,4967,0,0,165,NONE,MN1;MN2;MN3;MN4;MN5;QMW;QRW;QTW;QWW,OK,NONE,NONE,2026-09-21
NAS,30110.0,-707150.3792965221,0.18869998959790718,0.0,0.0,0.0,0.0,0.0,0.0,31097.76071498286,30471.23928501714,31411.021429965713,30157.978570034287,DEC26,SEP26,2026-09-23,2026-12-18,30784.5,29969.045028362125,FOUND,DEGRADED,SPOT_MONTH_FALLBACK;ESTIMATED_EXPIRY_ALIAS,2026-08-02.2,PUT_CALL_PARITY,SEP26,SEP26=PUT_CALL_PARITY;OCT26=PUT_CALL_PARITY;DEC29=SERIES_FORWARD_CLUSTER;DEC26=SERIES_FORWARD_CLUSTER;NOV26=SERIES_FORWARD_CLUSTER;MAR27=SERIES_FORWARD_CLUSTER;DEC28=PUT_CALL_PARITY;JUN27=PUT_CALL_PARITY;DEC27=PUT_CALL_PARITY;SEP27=SERIES_FORWARD_CLUSTER;JUN29=PUT_CALL_PARITY;DEC30=PUT_CALL_PARITY,SEP26=30784.5;OCT26=30771.875;DEC29=30567.375;DEC26=25293.875;NOV26=31207.875;MAR27=27605.375;JUN27=24447;DEC27=21051.75;SEP27=36072.5,DEC28=GLOBAL_REFERENCE_NO_OBSERVATION;JUN27=GLOBAL_REFERENCE_OUTLIER_SERIES_FORWARD_CLUSTER;DEC27=GLOBAL_REFERENCE_OUTLIER_SERIES_FORWARD_CLUSTER;JUN29=GLOBAL_REFERENCE_NO_OBSERVATION;DEC30=GLOBAL_REFERENCE_NO_OBSERVATION,WEIGHTED_ATM,2026-09-30,6,120,0.0,NONE,5139,4967,0,0,165,NONE,MN1;MN2;MN3;MN4;MN5;QMW;QRW;QTW;QWW,OK,NONE,NONE,2026-09-21
NAS,30120.0,560462.4994080844,0.14083979833664106,0.0,0.0,0.0,0.0,0.0,0.0,31097.76071498286,30471.23928501714,31411.021429965713,30157.978570034287,DEC26,SEP26,2026-09-23,2026-12-18,30784.5,29969.045028362125,FOUND,DEGRADED,SPOT_MONTH_FALLBACK;ESTIMATED_EXPIRY_ALIAS,2026-08-02.2,PUT_CALL_PARITY,SEP26,SEP26=PUT_CALL_PARITY;OCT26=PUT_CALL_PARITY;DEC29=SERIES_FORWARD_CLUSTER;DEC26=SERIES_FORWARD_CLUSTER;NOV26=SERIES_FORWARD_CLUSTER;MAR27=SERIES_FORWARD_CLUSTER;DEC28=PUT_CALL_PARITY;JUN27=PUT_CALL_PARITY;DEC27=PUT_CALL_PARITY;SEP27=SERIES_FORWARD_CLUSTER;JUN29=PUT_CALL_PARITY;DEC30=PUT_CALL_PARITY,SEP26=30784.5;OCT26=30771.875;DEC29=30567.375;DEC26=25293.875;NOV26=31207.875;MAR27=27605.375;JUN27=24447;DEC27=21051.75;SEP27=36072.5,DEC28=GLOBAL_REFERENCE_NO_OBSERVATION;JUN27=GLOBAL_REFERENCE_OUTLIER_SERIES_FORWARD_CLUSTER;DEC27=GLOBAL_REFERENCE_OUTLIER_SERIES_FORWARD_CLUSTER;JUN29=GLOBAL_REFERENCE_NO_OBSERVATION;DEC30=GLOBAL_REFERENCE_NO_OBSERVATION,WEIGHTED_ATM,2026-09-30,6,120,0.0,NONE,5139,4967,0,0,165,NONE,MN1;MN2;MN3;MN4;MN5;QMW;QRW;QTW;QWW,OK,NONE,NONE,2026-09-21
NAS,30125.0,-1837735.0467953756,0.4604709068041086,0.0,0.0,0.0,0.0,0.0,0.0,31097.76071498286,30471.23928501714,31411.021429965713,30157.978570034287,DEC26,SEP26,2026-09-23,2026-12-18,30784.5,29969.045028362125,FOUND,DEGRADED,SPOT_MONTH_FALLBACK;ESTIMATED_EXPIRY_ALIAS,2026-08-02.2,PUT_CALL_PARITY,SEP26,SEP26=PUT_CALL_PARITY;OCT26=PUT_CALL_PARITY;DEC29=SERIES_FORWARD_CLUSTER;DEC26=SERIES_FORWARD_CLUSTER;NOV26=SERIES_FORWARD_CLUSTER;MAR27=SERIES_FORWARD_CLUSTER;DEC28=PUT_CALL_PARITY;JUN27=PUT_CALL_PARITY;DEC27=PUT_CALL_PARITY;SEP27=SERIES_FORWARD_CLUSTER;JUN29=PUT_CALL_PARITY;DEC30=PUT_CALL_PARITY,SEP26=30784.5;OCT26=30771.875;DEC29=30567.375;DEC26=25293.875;NOV26=31207.875;MAR27=27605.375;JUN27=24447;DEC27=21051.75;SEP27=36072.5,DEC28=GLOBAL_REFERENCE_NO_OBSERVATION;JUN27=GLOBAL_REFERENCE_OUTLIER_SERIES_FORWARD_CLUSTER;DEC27=GLOBAL_REFERENCE_OUTLIER_SERIES_FORWARD_CLUSTER;JUN29=GLOBAL_REFERENCE_NO_OBSERVATION;DEC30=GLOBAL_REFERENCE_NO_OBSERVATION,WEIGHTED_ATM,2026-09-30,6,120,0.0,NONE,5139,4967,0,0,165,NONE,MN1;MN2;MN3;MN4;MN5;QMW;QRW;QTW;QWW,OK,NONE,NONE,2026-09-21
NAS,30130.0,-475207.56808731484,0.11605072693047719,0.0,0.0,0.0,0.0,0.0,0.0,31097.76071498286,30471.23928501714,31411.021429965713,30157.978570034287,DEC26,SEP26,2026-09-23,2026-12-18,30784.5,29969.045028362125,FOUND,DEGRADED,SPOT_MONTH_FALLBACK;ESTIMATED_EXPIRY_ALIAS,2026-08-02.2,PUT_CALL_PARITY,SEP26,SEP26=PUT_CALL_PARITY;OCT26=PUT_CALL_PARITY;DEC29=SERIES_FORWARD_CLUSTER;DEC26=SERIES_FORWARD_CLUSTER;NOV26=SERIES_FORWARD_CLUSTER;MAR27=SERIES_FORWARD_CLUSTER;DEC28=PUT_CALL_PARITY;JUN27=PUT_CALL_PARITY;DEC27=PUT_CALL_PARITY;SEP27=SERIES_FORWARD_CLUSTER;JUN29=PUT_CALL_PARITY;DEC30=PUT_CALL_PARITY,SEP26=30784.5;OCT26=30771.875;DEC29=30567.375;DEC26=25293.875;NOV26=31207.875;MAR27=27605.375;JUN27=24447;DEC27=21051.75;SEP27=36072.5,DEC28=GLOBAL_REFERENCE_NO_OBSERVATION;JUN27=GLOBAL_REFERENCE_OUTLIER_SERIES_FORWARD_CLUSTER;DEC27=GLOBAL_REFERENCE_OUTLIER_SERIES_FORWARD_CLUSTER;JUN29=GLOBAL_REFERENCE_NO_OBSERVATION;DEC30=GLOBAL_REFERENCE_NO_OBSERVATION,WEIGHTED_ATM,2026-09-30,6,120,0.0,NONE,5139,4967,0,0,165,NONE,MN1;MN2;MN3;MN4;MN5;QMW;QRW;QTW;QWW,OK,NONE,NONE,2026-09-21
NAS,30140.0,-549789.8383365074,0.08380931664450014,0.0,0.0,0.0,0.0,0.0,0.0,31097.76071498286,30471.23928501714,31411.021429965713,30157.978570034287,DEC26,SEP26,2026-09-23,2026-12-18,30784.5,29969.045028362125,FOUND,DEGRADED,SPOT_MONTH_FALLBACK;ESTIMATED_EXPIRY_ALIAS,2026-08-02.2,PUT_CALL_PARITY,SEP26,SEP26=PUT_CALL_PARITY;OCT26=PUT_CALL_PARITY;DEC29=SERIES_FORWARD_CLUSTER;DEC26=SERIES_FORWARD_CLUSTER;NOV26=SERIES_FORWARD_CLUSTER;MAR27=SERIES_FORWARD_CLUSTER;DEC28=PUT_CALL_PARITY;JUN27=PUT_CALL_PARITY;DEC27=PUT_CALL_PARITY;SEP27=SERIES_FORWARD_CLUSTER;JUN29=PUT_CALL_PARITY;DEC30=PUT_CALL_PARITY,SEP26=30784.5;OCT26=30771.875;DEC29=30567.375;DEC26=25293.875;NOV26=31207.875;MAR27=27605.375;JUN27=24447;DEC27=21051.75;SEP27=36072.5,DEC28=GLOBAL_REFERENCE_NO_OBSERVATION;JUN27=GLOBAL_REFERENCE_OUTLIER_SERIES_FORWARD_CLUSTER;DEC27=GLOBAL_REFERENCE_OUTLIER_SERIES_FORWARD_CLUSTER;JUN29=GLOBAL_REFERENCE_NO_OBSERVATION;DEC30=GLOBAL_REFERENCE_NO_OBSERVATION,WEIGHTED_ATM,2026-09-30,6,120,0.0,NONE,5139,4967,0,0,165,NONE,MN1;MN2;MN3;MN4;MN5;QMW;QRW;QTW;QWW,OK,NONE,NONE,2026-09-21
NAS,30150.0,432888.55284208374,2.0516037904732785,0.0,0.0,0.0,0.0,0.0,0.0,31097.76071498286,30471.23928501714,31411.021429965713,30157.978570034287,DEC26,SEP26,2026-09-23,2026-12-18,30784.5,29969.045028362125,FOUND,DEGRADED,SPOT_MONTH_FALLBACK;ESTIMATED_EXPIRY_ALIAS,2026-08-02.2,PUT_CALL_PARITY,SEP26,SEP26=PUT_CALL_PARITY;OCT26=PUT_CALL_PARITY;DEC29=SERIES_FORWARD_CLUSTER;DEC26=SERIES_FORWARD_CLUSTER;NOV26=SERIES_FORWARD_CLUSTER;MAR27=SERIES_FORWARD_CLUSTER;DEC28=PUT_CALL_PARITY;JUN27=PUT_CALL_PARITY;DEC27=PUT_CALL_PARITY;SEP27=SERIES_FORWARD_CLUSTER;JUN29=PUT_CALL_PARITY;DEC30=PUT_CALL_PARITY,SEP26=30784.5;OCT26=30771.875;DEC29=30567.375;DEC26=25293.875;NOV26=31207.875;MAR27=27605.375;JUN27=24447;DEC27=21051.75;SEP27=36072.5,DEC28=GLOBAL_REFERENCE_NO_OBSERVATION;JUN27=GLOBAL_REFERENCE_OUTLIER_SERIES_FORWARD_CLUSTER;DEC27=GLOBAL_REFERENCE_OUTLIER_SERIES_FORWARD_CLUSTER;JUN29=GLOBAL_REFERENCE_NO_OBSERVATION;DEC30=GLOBAL_REFERENCE_NO_OBSERVATION,WEIGHTED_ATM,2026-09-30,6,120,0.0,NONE,5139,4967,0,0,165,NONE,MN1;MN2;MN3;MN4;MN5;QMW;QRW;QTW;QWW,OK,NONE,NONE,2026-09-21
NAS,30160.0,-6168956.650773627,0.6797688114180291,0.0,0.0,0.0,0.0,0.0,0.0,31097.76071498286,30471.23928501714,31411.021429965713,30157.978570034287,DEC26,SEP26,2026-09-23,2026-12-18,30784.5,29969.045028362125,FOUND,DEGRADED,SPOT_MONTH_FALLBACK;ESTIMATED_EXPIRY_ALIAS,2026-08-02.2,PUT_CALL_PARITY,SEP26,SEP26=PUT_CALL_PARITY;OCT26=PUT_CALL_PARITY;DEC29=SERIES_FORWARD_CLUSTER;DEC26=SERIES_FORWARD_CLUSTER;NOV26=SERIES_FORWARD_CLUSTER;MAR27=SERIES_FORWARD_CLUSTER;DEC28=PUT_CALL_PARITY;JUN27=PUT_CALL_PARITY;DEC27=PUT_CALL_PARITY;SEP27=SERIES_FORWARD_CLUSTER;JUN29=PUT_CALL_PARITY;DEC30=PUT_CALL_PARITY,SEP26=30784.5;OCT26=30771.875;DEC29=30567.375;DEC26=25293.875;NOV26=31207.875;MAR27=27605.375;JUN27=24447;DEC27=21051.75;SEP27=36072.5,DEC28=GLOBAL_REFERENCE_NO_OBSERVATION;JUN27=GLOBAL_REFERENCE_OUTLIER_SERIES_FORWARD_CLUSTER;DEC27=GLOBAL_REFERENCE_OUTLIER_SERIES_FORWARD_CLUSTER;JUN29=GLOBAL_REFERENCE_NO_OBSERVATION;DEC30=GLOBAL_REFERENCE_NO_OBSERVATION,WEIGHTED_ATM,2026-09-30,6,120,0.0,NONE,5139,4967,0,0,165,NONE,MN1;MN2;MN3;MN4;MN5;QMW;QRW;QTW;QWW,OK,NONE,NONE,2026-09-21
NAS,30170.0,-390302.4592540268,0.11994849664422605,0.0,0.0,0.0,0.0,0.0,0.0,31097.76071498286,30471.23928501714,31411.021429965713,30157.978570034287,DEC26,SEP26,2026-09-23,2026-12-18,30784.5,29969.045028362125,FOUND,DEGRADED,SPOT_MONTH_FALLBACK;ESTIMATED_EXPIRY_ALIAS,2026-08-02.2,PUT_CALL_PARITY,SEP26,SEP26=PUT_CALL_PARITY;OCT26=PUT_CALL_PARITY;DEC29=SERIES_FORWARD_CLUSTER;DEC26=SERIES_FORWARD_CLUSTER;NOV26=SERIES_FORWARD_CLUSTER;MAR27=SERIES_FORWARD_CLUSTER;DEC28=PUT_CALL_PARITY;JUN27=PUT_CALL_PARITY;DEC27=PUT_CALL_PARITY;SEP27=SERIES_FORWARD_CLUSTER;JUN29=PUT_CALL_PARITY;DEC30=PUT_CALL_PARITY,SEP26=30784.5;OCT26=30771.875;DEC29=30567.375;DEC26=25293.875;NOV26=31207.875;MAR27=27605.375;JUN27=24447;DEC27=21051.75;SEP27=36072.5,DEC28=GLOBAL_REFERENCE_NO_OBSERVATION;JUN27=GLOBAL_REFERENCE_OUTLIER_SERIES_FORWARD_CLUSTER;DEC27=GLOBAL_REFERENCE_OUTLIER_SERIES_FORWARD_CLUSTER;JUN29=GLOBAL_REFERENCE_NO_OBSERVATION;DEC30=GLOBAL_REFERENCE_NO_OBSERVATION,WEIGHTED_ATM,2026-09-30,6,120,0.0,NONE,5139,4967,0,0,165,NONE,MN1;MN2;MN3;MN4;MN5;QMW;QRW;QTW;QWW,OK,NONE,NONE,2026-09-21
NAS,30175.0,-1532757.1901037795,0.3934417233759642,0.0,0.0,0.0,0.0,0.0,0.0,31097.76071498286,30471.23928501714,31411.021429965713,30157.978570034287,DEC26,SEP26,2026-09-23,2026-12-18,30784.5,29969.045028362125,FOUND,DEGRADED,SPOT_MONTH_FALLBACK;ESTIMATED_EXPIRY_ALIAS,2026-08-02.2,PUT_CALL_PARITY,SEP26,SEP26=PUT_CALL_PARITY;OCT26=PUT_CALL_PARITY;DEC29=SERIES_FORWARD_CLUSTER;DEC26=SERIES_FORWARD_CLUSTER;NOV26=SERIES_FORWARD_CLUSTER;MAR27=SERIES_FORWARD_CLUSTER;DEC28=PUT_CALL_PARITY;JUN27=PUT_CALL_PARITY;DEC27=PUT_CALL_PARITY;SEP27=SERIES_FORWARD_CLUSTER;JUN29=PUT_CALL_PARITY;DEC30=PUT_CALL_PARITY,SEP26=30784.5;OCT26=30771.875;DEC29=30567.375;DEC26=25293.875;NOV26=31207.875;MAR27=27605.375;JUN27=24447;DEC27=21051.75;SEP27=36072.5,DEC28=GLOBAL_REFERENCE_NO_OBSERVATION;JUN27=GLOBAL_REFERENCE_OUTLIER_SERIES_FORWARD_CLUSTER;DEC27=GLOBAL_REFERENCE_OUTLIER_SERIES_FORWARD_CLUSTER;JUN29=GLOBAL_REFERENCE_NO_OBSERVATION;DEC30=GLOBAL_REFERENCE_NO_OBSERVATION,WEIGHTED_ATM,2026-09-30,6,120,0.0,NONE,5139,4967,0,0,165,NONE,MN1;MN2;MN3;MN4;MN5;QMW;QRW;QTW;QWW,OK,NONE,NONE,2026-09-21
NAS,30180.0,-671318.4465475467,0.14706294751608953,0.0,0.0,0.0,0.0,0.0,0.0,31097.76071498286,30471.23928501714,31411.021429965713,30157.978570034287,DEC26,SEP26,2026-09-23,2026-12-18,30784.5,29969.045028362125,FOUND,DEGRADED,SPOT_MONTH_FALLBACK;ESTIMATED_EXPIRY_ALIAS,2026-08-02.2,PUT_CALL_PARITY,SEP26,SEP26=PUT_CALL_PARITY;OCT26=PUT_CALL_PARITY;DEC29=SERIES_FORWARD_CLUSTER;DEC26=SERIES_FORWARD_CLUSTER;NOV26=SERIES_FORWARD_CLUSTER;MAR27=SERIES_FORWARD_CLUSTER;DEC28=PUT_CALL_PARITY;JUN27=PUT_CALL_PARITY;DEC27=PUT_CALL_PARITY;SEP27=SERIES_FORWARD_CLUSTER;JUN29=PUT_CALL_PARITY;DEC30=PUT_CALL_PARITY,SEP26=30784.5;OCT26=30771.875;DEC29=30567.375;DEC26=25293.875;NOV26=31207.875;MAR27=27605.375;JUN27=24447;DEC27=21051.75;SEP27=36072.5,DEC28=GLOBAL_REFERENCE_NO_OBSERVATION;JUN27=GLOBAL_REFERENCE_OUTLIER_SERIES_FORWARD_CLUSTER;DEC27=GLOBAL_REFERENCE_OUTLIER_SERIES_FORWARD_CLUSTER;JUN29=GLOBAL_REFERENCE_NO_OBSERVATION;DEC30=GLOBAL_REFERENCE_NO_OBSERVATION,WEIGHTED_ATM,2026-09-30,6,120,0.0,NONE,5139,4967,0,0,165,NONE,MN1;MN2;MN3;MN4;MN5;QMW;QRW;QTW;QWW,OK,NONE,NONE,2026-09-21
NAS,30190.0,-844633.5772230651,0.15032051292238852,0.0,0.0,0.0,0.0,0.0,0.0,31097.76071498286,30471.23928501714,31411.021429965713,30157.978570034287,DEC26,SEP26,2026-09-23,2026-12-18,30784.5,29969.045028362125,FOUND,DEGRADED,SPOT_MONTH_FALLBACK;ESTIMATED_EXPIRY_ALIAS,2026-08-02.2,PUT_CALL_PARITY,SEP26,SEP26=PUT_CALL_PARITY;OCT26=PUT_CALL_PARITY;DEC29=SERIES_FORWARD_CLUSTER;DEC26=SERIES_FORWARD_CLUSTER;NOV26=SERIES_FORWARD_CLUSTER;MAR27=SERIES_FORWARD_CLUSTER;DEC28=PUT_CALL_PARITY;JUN27=PUT_CALL_PARITY;DEC27=PUT_CALL_PARITY;SEP27=SERIES_FORWARD_CLUSTER;JUN29=PUT_CALL_PARITY;DEC30=PUT_CALL_PARITY,SEP26=30784.5;OCT26=30771.875;DEC29=30567.375;DEC26=25293.875;NOV26=31207.875;MAR27=27605.375;JUN27=24447;DEC27=21051.75;SEP27=36072.5,DEC28=GLOBAL_REFERENCE_NO_OBSERVATION;JUN27=GLOBAL_REFERENCE_OUTLIER_SERIES_FORWARD_CLUSTER;DEC27=GLOBAL_REFERENCE_OUTLIER_SERIES_FORWARD_CLUSTER;JUN29=GLOBAL_REFERENCE_NO_OBSERVATION;DEC30=GLOBAL_REFERENCE_NO_OBSERVATION,WEIGHTED_ATM,2026-09-30,6,120,0.0,NONE,5139,4967,0,0,165,NONE,MN1;MN2;MN3;MN4;MN5;QMW;QRW;QTW;QWW,OK,NONE,NONE,2026-09-21
NAS,30200.0,9014820.81216646,6.074614065082267,0.0,0.0,0.0,0.0,0.0,0.0,31097.76071498286,30471.23928501714,31411.021429965713,30157.978570034287,DEC26,SEP26,2026-09-23,2026-12-18,30784.5,29969.045028362125,FOUND,DEGRADED,SPOT_MONTH_FALLBACK;ESTIMATED_EXPIRY_ALIAS,2026-08-02.2,PUT_CALL_PARITY,SEP26,SEP26=PUT_CALL_PARITY;OCT26=PUT_CALL_PARITY;DEC29=SERIES_FORWARD_CLUSTER;DEC26=SERIES_FORWARD_CLUSTER;NOV26=SERIES_FORWARD_CLUSTER;MAR27=SERIES_FORWARD_CLUSTER;DEC28=PUT_CALL_PARITY;JUN27=PUT_CALL_PARITY;DEC27=PUT_CALL_PARITY;SEP27=SERIES_FORWARD_CLUSTER;JUN29=PUT_CALL_PARITY;DEC30=PUT_CALL_PARITY,SEP26=30784.5;OCT26=30771.875;DEC29=30567.375;DEC26=25293.875;NOV26=31207.875;MAR27=27605.375;JUN27=24447;DEC27=21051.75;SEP27=36072.5,DEC28=GLOBAL_REFERENCE_NO_OBSERVATION;JUN27=GLOBAL_REFERENCE_OUTLIER_SERIES_FORWARD_CLUSTER;DEC27=GLOBAL_REFERENCE_OUTLIER_SERIES_FORWARD_CLUSTER;JUN29=GLOBAL_REFERENCE_NO_OBSERVATION;DEC30=GLOBAL_REFERENCE_NO_OBSERVATION,WEIGHTED_ATM,2026-09-30,6,120,0.0,NONE,5139,4967,0,0,165,NONE,MN1;MN2;MN3;MN4;MN5;QMW;QRW;QTW;QWW,OK,NONE,NONE,2026-09-21
NAS,30210.0,-9256829.920798907,1.4670081303652032,0.0,0.0,0.0,0.0,0.0,0.0,31097.76071498286,30471.23928501714,31411.021429965713,30157.978570034287,DEC26,SEP26,2026-09-23,2026-12-18,30784.5,29969.045028362125,FOUND,DEGRADED,SPOT_MONTH_FALLBACK;ESTIMATED_EXPIRY_ALIAS,2026-08-02.2,PUT_CALL_PARITY,SEP26,SEP26=PUT_CALL_PARITY;OCT26=PUT_CALL_PARITY;DEC29=SERIES_FORWARD_CLUSTER;DEC26=SERIES_FORWARD_CLUSTER;NOV26=SERIES_FORWARD_CLUSTER;MAR27=SERIES_FORWARD_CLUSTER;DEC28=PUT_CALL_PARITY;JUN27=PUT_CALL_PARITY;DEC27=PUT_CALL_PARITY;SEP27=SERIES_FORWARD_CLUSTER;JUN29=PUT_CALL_PARITY;DEC30=PUT_CALL_PARITY,SEP26=30784.5;OCT26=30771.875;DEC29=30567.375;DEC26=25293.875;NOV26=31207.875;MAR27=27605.375;JUN27=24447;DEC27=21051.75;SEP27=36072.5,DEC28=GLOBAL_REFERENCE_NO_OBSERVATION;JUN27=GLOBAL_REFERENCE_OUTLIER_SERIES_FORWARD_CLUSTER;DEC27=GLOBAL_REFERENCE_OUTLIER_SERIES_FORWARD_CLUSTER;JUN29=GLOBAL_REFERENCE_NO_OBSERVATION;DEC30=GLOBAL_REFERENCE_NO_OBSERVATION,WEIGHTED_ATM,2026-09-30,6,120,0.0,NONE,5139,4967,0,0,165,NONE,MN1;MN2;MN3;MN4;MN5;QMW;QRW;QTW;QWW,OK,NONE,NONE,2026-09-21
NAS,30220.0,-2908622.356702626,0.3946475095540595,0.0,0.0,0.0,0.0,0.0,0.0,31097.76071498286,30471.23928501714,31411.021429965713,30157.978570034287,DEC26,SEP26,2026-09-23,2026-12-18,30784.5,29969.045028362125,FOUND,DEGRADED,SPOT_MONTH_FALLBACK;ESTIMATED_EXPIRY_ALIAS,2026-08-02.2,PUT_CALL_PARITY,SEP26,SEP26=PUT_CALL_PARITY;OCT26=PUT_CALL_PARITY;DEC29=SERIES_FORWARD_CLUSTER;DEC26=SERIES_FORWARD_CLUSTER;NOV26=SERIES_FORWARD_CLUSTER;MAR27=SERIES_FORWARD_CLUSTER;DEC28=PUT_CALL_PARITY;JUN27=PUT_CALL_PARITY;DEC27=PUT_CALL_PARITY;SEP27=SERIES_FORWARD_CLUSTER;JUN29=PUT_CALL_PARITY;DEC30=PUT_CALL_PARITY,SEP26=30784.5;OCT26=30771.875;DEC29=30567.375;DEC26=25293.875;NOV26=31207.875;MAR27=27605.375;JUN27=24447;DEC27=21051.75;SEP27=36072.5,DEC28=GLOBAL_REFERENCE_NO_OBSERVATION;JUN27=GLOBAL_REFERENCE_OUTLIER_SERIES_FORWARD_CLUSTER;DEC27=GLOBAL_REFERENCE_OUTLIER_SERIES_FORWARD_CLUSTER;JUN29=GLOBAL_REFERENCE_NO_OBSERVATION;DEC30=GLOBAL_REFERENCE_NO_OBSERVATION,WEIGHTED_ATM,2026-09-30,6,120,0.0,NONE,5139,4967,0,0,165,NONE,MN1;MN2;MN3;MN4;MN5;QMW;QRW;QTW;QWW,OK,NONE,NONE,2026-09-21
NAS,30225.0,775485.4315372355,1.3413019172215994,0.0,0.0,0.0,0.0,0.0,0.0,31097.76071498286,30471.23928501714,31411.021429965713,30157.978570034287,DEC26,SEP26,2026-09-23,2026-12-18,30784.5,29969.045028362125,FOUND,DEGRADED,SPOT_MONTH_FALLBACK;ESTIMATED_EXPIRY_ALIAS,2026-08-02.2,PUT_CALL_PARITY,SEP26,SEP26=PUT_CALL_PARITY;OCT26=PUT_CALL_PARITY;DEC29=SERIES_FORWARD_CLUSTER;DEC26=SERIES_FORWARD_CLUSTER;NOV26=SERIES_FORWARD_CLUSTER;MAR27=SERIES_FORWARD_CLUSTER;DEC28=PUT_CALL_PARITY;JUN27=PUT_CALL_PARITY;DEC27=PUT_CALL_PARITY;SEP27=SERIES_FORWARD_CLUSTER;JUN29=PUT_CALL_PARITY;DEC30=PUT_CALL_PARITY,SEP26=30784.5;OCT26=30771.875;DEC29=30567.375;DEC26=25293.875;NOV26=31207.875;MAR27=27605.375;JUN27=24447;DEC27=21051.75;SEP27=36072.5,DEC28=GLOBAL_REFERENCE_NO_OBSERVATION;JUN27=GLOBAL_REFERENCE_OUTLIER_SERIES_FORWARD_CLUSTER;DEC27=GLOBAL_REFERENCE_OUTLIER_SERIES_FORWARD_CLUSTER;JUN29=GLOBAL_REFERENCE_NO_OBSERVATION;DEC30=GLOBAL_REFERENCE_NO_OBSERVATION,WEIGHTED_ATM,2026-09-30,6,120,0.0,NONE,5139,4967,0,0,165,NONE,MN1;MN2;MN3;MN4;MN5;QMW;QRW;QTW;QWW,OK,NONE,NONE,2026-09-21
NAS,30230.0,-2580753.9766038493,0.38900881118345965,0.0,0.0,0.0,0.0,0.0,0.0,31097.76071498286,30471.23928501714,31411.021429965713,30157.978570034287,DEC26,SEP26,2026-09-23,2026-12-18,30784.5,29969.045028362125,FOUND,DEGRADED,SPOT_MONTH_FALLBACK;ESTIMATED_EXPIRY_ALIAS,2026-08-02.2,PUT_CALL_PARITY,SEP26,SEP26=PUT_CALL_PARITY;OCT26=PUT_CALL_PARITY;DEC29=SERIES_FORWARD_CLUSTER;DEC26=SERIES_FORWARD_CLUSTER;NOV26=SERIES_FORWARD_CLUSTER;MAR27=SERIES_FORWARD_CLUSTER;DEC28=PUT_CALL_PARITY;JUN27=PUT_CALL_PARITY;DEC27=PUT_CALL_PARITY;SEP27=SERIES_FORWARD_CLUSTER;JUN29=PUT_CALL_PARITY;DEC30=PUT_CALL_PARITY,SEP26=30784.5;OCT26=30771.875;DEC29=30567.375;DEC26=25293.875;NOV26=31207.875;MAR27=27605.375;JUN27=24447;DEC27=21051.75;SEP27=36072.5,DEC28=GLOBAL_REFERENCE_NO_OBSERVATION;JUN27=GLOBAL_REFERENCE_OUTLIER_SERIES_FORWARD_CLUSTER;DEC27=GLOBAL_REFERENCE_OUTLIER_SERIES_FORWARD_CLUSTER;JUN29=GLOBAL_REFERENCE_NO_OBSERVATION;DEC30=GLOBAL_REFERENCE_NO_OBSERVATION,WEIGHTED_ATM,2026-09-30,6,120,0.0,NONE,5139,4967,0,0,165,NONE,MN1;MN2;MN3;MN4;MN5;QMW;QRW;QTW;QWW,OK,NONE,NONE,2026-09-21
NAS,30240.0,-1832211.1079150524,0.26700874931788654,0.0,0.0,0.0,0.0,0.0,0.0,31097.76071498286,30471.23928501714,31411.021429965713,30157.978570034287,DEC26,SEP26,2026-09-23,2026-12-18,30784.5,29969.045028362125,FOUND,DEGRADED,SPOT_MONTH_FALLBACK;ESTIMATED_EXPIRY_ALIAS,2026-08-02.2,PUT_CALL_PARITY,SEP26,SEP26=PUT_CALL_PARITY;OCT26=PUT_CALL_PARITY;DEC29=SERIES_FORWARD_CLUSTER;DEC26=SERIES_FORWARD_CLUSTER;NOV26=SERIES_FORWARD_CLUSTER;MAR27=SERIES_FORWARD_CLUSTER;DEC28=PUT_CALL_PARITY;JUN27=PUT_CALL_PARITY;DEC27=PUT_CALL_PARITY;SEP27=SERIES_FORWARD_CLUSTER;JUN29=PUT_CALL_PARITY;DEC30=PUT_CALL_PARITY,SEP26=30784.5;OCT26=30771.875;DEC29=30567.375;DEC26=25293.875;NOV26=31207.875;MAR27=27605.375;JUN27=24447;DEC27=21051.75;SEP27=36072.5,DEC28=GLOBAL_REFERENCE_NO_OBSERVATION;JUN27=GLOBAL_REFERENCE_OUTLIER_SERIES_FORWARD_CLUSTER;DEC27=GLOBAL_REFERENCE_OUTLIER_SERIES_FORWARD_CLUSTER;JUN29=GLOBAL_REFERENCE_NO_OBSERVATION;DEC30=GLOBAL_REFERENCE_NO_OBSERVATION,WEIGHTED_ATM,2026-09-30,6,120,0.0,NONE,5139,4967,0,0,165,NONE,MN1;MN2;MN3;MN4;MN5;QMW;QRW;QTW;QWW,OK,NONE,NONE,2026-09-21
NAS,30250.0,4039986.4729176178,10.341677042576652,0.0,0.0,0.0,0.0,0.0,0.0,31097.76071498286,30471.23928501714,31411.021429965713,30157.978570034287,DEC26,SEP26,2026-09-23,2026-12-18,30784.5,29969.045028362125,FOUND,DEGRADED,SPOT_MONTH_FALLBACK;ESTIMATED_EXPIRY_ALIAS,2026-08-02.2,PUT_CALL_PARITY,SEP26,SEP26=PUT_CALL_PARITY;OCT26=PUT_CALL_PARITY;DEC29=SERIES_FORWARD_CLUSTER;DEC26=SERIES_FORWARD_CLUSTER;NOV26=SERIES_FORWARD_CLUSTER;MAR27=SERIES_FORWARD_CLUSTER;DEC28=PUT_CALL_PARITY;JUN27=PUT_CALL_PARITY;DEC27=PUT_CALL_PARITY;SEP27=SERIES_FORWARD_CLUSTER;JUN29=PUT_CALL_PARITY;DEC30=PUT_CALL_PARITY,SEP26=30784.5;OCT26=30771.875;DEC29=30567.375;DEC26=25293.875;NOV26=31207.875;MAR27=27605.375;JUN27=24447;DEC27=21051.75;SEP27=36072.5,DEC28=GLOBAL_REFERENCE_NO_OBSERVATION;JUN27=GLOBAL_REFERENCE_OUTLIER_SERIES_FORWARD_CLUSTER;DEC27=GLOBAL_REFERENCE_OUTLIER_SERIES_FORWARD_CLUSTER;JUN29=GLOBAL_REFERENCE_NO_OBSERVATION;DEC30=GLOBAL_REFERENCE_NO_OBSERVATION,WEIGHTED_ATM,2026-09-30,6,120,0.0,NONE,5139,4967,0,0,165,NONE,MN1;MN2;MN3;MN4;MN5;QMW;QRW;QTW;QWW,OK,NONE,NONE,2026-09-21
NAS,30260.0,-1877736.398136707,0.21632081253882035,0.0,0.0,0.0,0.0,0.0,0.0,31097.76071498286,30471.23928501714,31411.021429965713,30157.978570034287,DEC26,SEP26,2026-09-23,2026-12-18,30784.5,29969.045028362125,FOUND,DEGRADED,SPOT_MONTH_FALLBACK;ESTIMATED_EXPIRY_ALIAS,2026-08-02.2,PUT_CALL_PARITY,SEP26,SEP26=PUT_CALL_PARITY;OCT26=PUT_CALL_PARITY;DEC29=SERIES_FORWARD_CLUSTER;DEC26=SERIES_FORWARD_CLUSTER;NOV26=SERIES_FORWARD_CLUSTER;MAR27=SERIES_FORWARD_CLUSTER;DEC28=PUT_CALL_PARITY;JUN27=PUT_CALL_PARITY;DEC27=PUT_CALL_PARITY;SEP27=SERIES_FORWARD_CLUSTER;JUN29=PUT_CALL_PARITY;DEC30=PUT_CALL_PARITY,SEP26=30784.5;OCT26=30771.875;DEC29=30567.375;DEC26=25293.875;NOV26=31207.875;MAR27=27605.375;JUN27=24447;DEC27=21051.75;SEP27=36072.5,DEC28=GLOBAL_REFERENCE_NO_OBSERVATION;JUN27=GLOBAL_REFERENCE_OUTLIER_SERIES_FORWARD_CLUSTER;DEC27=GLOBAL_REFERENCE_OUTLIER_SERIES_FORWARD_CLUSTER;JUN29=GLOBAL_REFERENCE_NO_OBSERVATION;DEC30=GLOBAL_REFERENCE_NO_OBSERVATION,WEIGHTED_ATM,2026-09-30,6,120,0.0,NONE,5139,4967,0,0,165,NONE,MN1;MN2;MN3;MN4;MN5;QMW;QRW;QTW;QWW,OK,NONE,NONE,2026-09-21
NAS,30270.0,-1369873.5179903698,0.35930286596994776,0.0,0.0,0.0,0.0,0.0,0.0,31097.76071498286,30471.23928501714,31411.021429965713,30157.978570034287,DEC26,SEP26,2026-09-23,2026-12-18,30784.5,29969.045028362125,FOUND,DEGRADED,SPOT_MONTH_FALLBACK;ESTIMATED_EXPIRY_ALIAS,2026-08-02.2,PUT_CALL_PARITY,SEP26,SEP26=PUT_CALL_PARITY;OCT26=PUT_CALL_PARITY;DEC29=SERIES_FORWARD_CLUSTER;DEC26=SERIES_FORWARD_CLUSTER;NOV26=SERIES_FORWARD_CLUSTER;MAR27=SERIES_FORWARD_CLUSTER;DEC28=PUT_CALL_PARITY;JUN27=PUT_CALL_PARITY;DEC27=PUT_CALL_PARITY;SEP27=SERIES_FORWARD_CLUSTER;JUN29=PUT_CALL_PARITY;DEC30=PUT_CALL_PARITY,SEP26=30784.5;OCT26=30771.875;DEC29=30567.375;DEC26=25293.875;NOV26=31207.875;MAR27=27605.375;JUN27=24447;DEC27=21051.75;SEP27=36072.5,DEC28=GLOBAL_REFERENCE_NO_OBSERVATION;JUN27=GLOBAL_REFERENCE_OUTLIER_SERIES_FORWARD_CLUSTER;DEC27=GLOBAL_REFERENCE_OUTLIER_SERIES_FORWARD_CLUSTER;JUN29=GLOBAL_REFERENCE_NO_OBSERVATION;DEC30=GLOBAL_REFERENCE_NO_OBSERVATION,WEIGHTED_ATM,2026-09-30,6,120,0.0,NONE,5139,4967,0,0,165,NONE,MN1;MN2;MN3;MN4;MN5;QMW;QRW;QTW;QWW,OK,NONE,NONE,2026-09-21
NAS,30275.0,-3845499.738571423,0.9026931747301883,0.0,0.0,0.0,0.0,0.0,0.0,31097.76071498286,30471.23928501714,31411.021429965713,30157.978570034287,DEC26,SEP26,2026-09-23,2026-12-18,30784.5,29969.045028362125,FOUND,DEGRADED,SPOT_MONTH_FALLBACK;ESTIMATED_EXPIRY_ALIAS,2026-08-02.2,PUT_CALL_PARITY,SEP26,SEP26=PUT_CALL_PARITY;OCT26=PUT_CALL_PARITY;DEC29=SERIES_FORWARD_CLUSTER;DEC26=SERIES_FORWARD_CLUSTER;NOV26=SERIES_FORWARD_CLUSTER;MAR27=SERIES_FORWARD_CLUSTER;DEC28=PUT_CALL_PARITY;JUN27=PUT_CALL_PARITY;DEC27=PUT_CALL_PARITY;SEP27=SERIES_FORWARD_CLUSTER;JUN29=PUT_CALL_PARITY;DEC30=PUT_CALL_PARITY,SEP26=30784.5;OCT26=30771.875;DEC29=30567.375;DEC26=25293.875;NOV26=31207.875;MAR27=27605.375;JUN27=24447;DEC27=21051.75;SEP27=36072.5,DEC28=GLOBAL_REFERENCE_NO_OBSERVATION;JUN27=GLOBAL_REFERENCE_OUTLIER_SERIES_FORWARD_CLUSTER;DEC27=GLOBAL_REFERENCE_OUTLIER_SERIES_FORWARD_CLUSTER;JUN29=GLOBAL_REFERENCE_NO_OBSERVATION;DEC30=GLOBAL_REFERENCE_NO_OBSERVATION,WEIGHTED_ATM,2026-09-30,6,120,0.0,NONE,5139,4967,0,0,165,NONE,MN1;MN2;MN3;MN4;MN5;QMW;QRW;QTW;QWW,OK,NONE,NONE,2026-09-21
NAS,30280.0,-344170.0993322055,0.47886112789250107,0.0,0.0,0.0,0.0,0.0,0.0,31097.76071498286,30471.23928501714,31411.021429965713,30157.978570034287,DEC26,SEP26,2026-09-23,2026-12-18,30784.5,29969.045028362125,FOUND,DEGRADED,SPOT_MONTH_FALLBACK;ESTIMATED_EXPIRY_ALIAS,2026-08-02.2,PUT_CALL_PARITY,SEP26,SEP26=PUT_CALL_PARITY;OCT26=PUT_CALL_PARITY;DEC29=SERIES_FORWARD_CLUSTER;DEC26=SERIES_FORWARD_CLUSTER;NOV26=SERIES_FORWARD_CLUSTER;MAR27=SERIES_FORWARD_CLUSTER;DEC28=PUT_CALL_PARITY;JUN27=PUT_CALL_PARITY;DEC27=PUT_CALL_PARITY;SEP27=SERIES_FORWARD_CLUSTER;JUN29=PUT_CALL_PARITY;DEC30=PUT_CALL_PARITY,SEP26=30784.5;OCT26=30771.875;DEC29=30567.375;DEC26=25293.875;NOV26=31207.875;MAR27=27605.375;JUN27=24447;DEC27=21051.75;SEP27=36072.5,DEC28=GLOBAL_REFERENCE_NO_OBSERVATION;JUN27=GLOBAL_REFERENCE_OUTLIER_SERIES_FORWARD_CLUSTER;DEC27=GLOBAL_REFERENCE_OUTLIER_SERIES_FORWARD_CLUSTER;JUN29=GLOBAL_REFERENCE_NO_OBSERVATION;DEC30=GLOBAL_REFERENCE_NO_OBSERVATION,WEIGHTED_ATM,2026-09-30,6,120,0.0,NONE,5139,4967,0,0,165,NONE,MN1;MN2;MN3;MN4;MN5;QMW;QRW;QTW;QWW,OK,NONE,NONE,2026-09-21
NAS,30290.0,-995648.3347216153,0.3024061032452878,0.0,0.0,0.0,0.0,0.0,0.0,31097.76071498286,30471.23928501714,31411.021429965713,30157.978570034287,DEC26,SEP26,2026-09-23,2026-12-18,30784.5,29969.045028362125,FOUND,DEGRADED,SPOT_MONTH_FALLBACK;ESTIMATED_EXPIRY_ALIAS,2026-08-02.2,PUT_CALL_PARITY,SEP26,SEP26=PUT_CALL_PARITY;OCT26=PUT_CALL_PARITY;DEC29=SERIES_FORWARD_CLUSTER;DEC26=SERIES_FORWARD_CLUSTER;NOV26=SERIES_FORWARD_CLUSTER;MAR27=SERIES_FORWARD_CLUSTER;DEC28=PUT_CALL_PARITY;JUN27=PUT_CALL_PARITY;DEC27=PUT_CALL_PARITY;SEP27=SERIES_FORWARD_CLUSTER;JUN29=PUT_CALL_PARITY;DEC30=PUT_CALL_PARITY,SEP26=30784.5;OCT26=30771.875;DEC29=30567.375;DEC26=25293.875;NOV26=31207.875;MAR27=27605.375;JUN27=24447;DEC27=21051.75;SEP27=36072.5,DEC28=GLOBAL_REFERENCE_NO_OBSERVATION;JUN27=GLOBAL_REFERENCE_OUTLIER_SERIES_FORWARD_CLUSTER;DEC27=GLOBAL_REFERENCE_OUTLIER_SERIES_FORWARD_CLUSTER;JUN29=GLOBAL_REFERENCE_NO_OBSERVATION;DEC30=GLOBAL_REFERENCE_NO_OBSERVATION,WEIGHTED_ATM,2026-09-30,6,120,0.0,NONE,5139,4967,0,0,165,NONE,MN1;MN2;MN3;MN4;MN5;QMW;QRW;QTW;QWW,OK,NONE,NONE,2026-09-21
NAS,30300.0,2845120.6740666255,8.383178412475043,0.0,0.0,0.0,0.0,0.0,0.0,31097.76071498286,30471.23928501714,31411.021429965713,30157.978570034287,DEC26,SEP26,2026-09-23,2026-12-18,30784.5,29969.045028362125,FOUND,DEGRADED,SPOT_MONTH_FALLBACK;ESTIMATED_EXPIRY_ALIAS,2026-08-02.2,PUT_CALL_PARITY,SEP26,SEP26=PUT_CALL_PARITY;OCT26=PUT_CALL_PARITY;DEC29=SERIES_FORWARD_CLUSTER;DEC26=SERIES_FORWARD_CLUSTER;NOV26=SERIES_FORWARD_CLUSTER;MAR27=SERIES_FORWARD_CLUSTER;DEC28=PUT_CALL_PARITY;JUN27=PUT_CALL_PARITY;DEC27=PUT_CALL_PARITY;SEP27=SERIES_FORWARD_CLUSTER;JUN29=PUT_CALL_PARITY;DEC30=PUT_CALL_PARITY,SEP26=30784.5;OCT26=30771.875;DEC29=30567.375;DEC26=25293.875;NOV26=31207.875;MAR27=27605.375;JUN27=24447;DEC27=21051.75;SEP27=36072.5,DEC28=GLOBAL_REFERENCE_NO_OBSERVATION;JUN27=GLOBAL_REFERENCE_OUTLIER_SERIES_FORWARD_CLUSTER;DEC27=GLOBAL_REFERENCE_OUTLIER_SERIES_FORWARD_CLUSTER;JUN29=GLOBAL_REFERENCE_NO_OBSERVATION;DEC30=GLOBAL_REFERENCE_NO_OBSERVATION,WEIGHTED_ATM,2026-09-30,6,120,0.0,NONE,5139,4967,0,0,165,NONE,MN1;MN2;MN3;MN4;MN5;QMW;QRW;QTW;QWW,OK,NONE,NONE,2026-09-21
NAS,30310.0,-1358091.7296963923,0.2525473646585644,0.0,0.0,0.0,0.0,0.0,0.0,31097.76071498286,30471.23928501714,31411.021429965713,30157.978570034287,DEC26,SEP26,2026-09-23,2026-12-18,30784.5,29969.045028362125,FOUND,DEGRADED,SPOT_MONTH_FALLBACK;ESTIMATED_EXPIRY_ALIAS,2026-08-02.2,PUT_CALL_PARITY,SEP26,SEP26=PUT_CALL_PARITY;OCT26=PUT_CALL_PARITY;DEC29=SERIES_FORWARD_CLUSTER;DEC26=SERIES_FORWARD_CLUSTER;NOV26=SERIES_FORWARD_CLUSTER;MAR27=SERIES_FORWARD_CLUSTER;DEC28=PUT_CALL_PARITY;JUN27=PUT_CALL_PARITY;DEC27=PUT_CALL_PARITY;SEP27=SERIES_FORWARD_CLUSTER;JUN29=PUT_CALL_PARITY;DEC30=PUT_CALL_PARITY,SEP26=30784.5;OCT26=30771.875;DEC29=30567.375;DEC26=25293.875;NOV26=31207.875;MAR27=27605.375;JUN27=24447;DEC27=21051.75;SEP27=36072.5,DEC28=GLOBAL_REFERENCE_NO_OBSERVATION;JUN27=GLOBAL_REFERENCE_OUTLIER_SERIES_FORWARD_CLUSTER;DEC27=GLOBAL_REFERENCE_OUTLIER_SERIES_FORWARD_CLUSTER;JUN29=GLOBAL_REFERENCE_NO_OBSERVATION;DEC30=GLOBAL_REFERENCE_NO_OBSERVATION,WEIGHTED_ATM,2026-09-30,6,120,0.0,NONE,5139,4967,0,0,165,NONE,MN1;MN2;MN3;MN4;MN5;QMW;QRW;QTW;QWW,OK,NONE,NONE,2026-09-21
NAS,30320.0,-2849692.436053053,0.5058554925790344,0.0,0.0,0.0,0.0,0.0,0.0,31097.76071498286,30471.23928501714,31411.021429965713,30157.978570034287,DEC26,SEP26,2026-09-23,2026-12-18,30784.5,29969.045028362125,FOUND,DEGRADED,SPOT_MONTH_FALLBACK;ESTIMATED_EXPIRY_ALIAS,2026-08-02.2,PUT_CALL_PARITY,SEP26,SEP26=PUT_CALL_PARITY;OCT26=PUT_CALL_PARITY;DEC29=SERIES_FORWARD_CLUSTER;DEC26=SERIES_FORWARD_CLUSTER;NOV26=SERIES_FORWARD_CLUSTER;MAR27=SERIES_FORWARD_CLUSTER;DEC28=PUT_CALL_PARITY;JUN27=PUT_CALL_PARITY;DEC27=PUT_CALL_PARITY;SEP27=SERIES_FORWARD_CLUSTER;JUN29=PUT_CALL_PARITY;DEC30=PUT_CALL_PARITY,SEP26=30784.5;OCT26=30771.875;DEC29=30567.375;DEC26=25293.875;NOV26=31207.875;MAR27=27605.375;JUN27=24447;DEC27=21051.75;SEP27=36072.5,DEC28=GLOBAL_REFERENCE_NO_OBSERVATION;JUN27=GLOBAL_REFERENCE_OUTLIER_SERIES_FORWARD_CLUSTER;DEC27=GLOBAL_REFERENCE_OUTLIER_SERIES_FORWARD_CLUSTER;JUN29=GLOBAL_REFERENCE_NO_OBSERVATION;DEC30=GLOBAL_REFERENCE_NO_OBSERVATION,WEIGHTED_ATM,2026-09-30,6,120,0.0,NONE,5139,4967,0,0,165,NONE,MN1;MN2;MN3;MN4;MN5;QMW;QRW;QTW;QWW,OK,NONE,NONE,2026-09-21
NAS,30325.0,-1427289.87041997,0.8024264286744242,0.0,0.0,0.0,0.0,0.0,0.0,31097.76071498286,30471.23928501714,31411.021429965713,30157.978570034287,DEC26,SEP26,2026-09-23,2026-12-18,30784.5,29969.045028362125,FOUND,DEGRADED,SPOT_MONTH_FALLBACK;ESTIMATED_EXPIRY_ALIAS,2026-08-02.2,PUT_CALL_PARITY,SEP26,SEP26=PUT_CALL_PARITY;OCT26=PUT_CALL_PARITY;DEC29=SERIES_FORWARD_CLUSTER;DEC26=SERIES_FORWARD_CLUSTER;NOV26=SERIES_FORWARD_CLUSTER;MAR27=SERIES_FORWARD_CLUSTER;DEC28=PUT_CALL_PARITY;JUN27=PUT_CALL_PARITY;DEC27=PUT_CALL_PARITY;SEP27=SERIES_FORWARD_CLUSTER;JUN29=PUT_CALL_PARITY;DEC30=PUT_CALL_PARITY,SEP26=30784.5;OCT26=30771.875;DEC29=30567.375;DEC26=25293.875;NOV26=31207.875;MAR27=27605.375;JUN27=24447;DEC27=21051.75;SEP27=36072.5,DEC28=GLOBAL_REFERENCE_NO_OBSERVATION;JUN27=GLOBAL_REFERENCE_OUTLIER_SERIES_FORWARD_CLUSTER;DEC27=GLOBAL_REFERENCE_OUTLIER_SERIES_FORWARD_CLUSTER;JUN29=GLOBAL_REFERENCE_NO_OBSERVATION;DEC30=GLOBAL_REFERENCE_NO_OBSERVATION,WEIGHTED_ATM,2026-09-30,6,120,0.0,NONE,5139,4967,0,0,165,NONE,MN1;MN2;MN3;MN4;MN5;QMW;QRW;QTW;QWW,OK,NONE,NONE,2026-09-21
NAS,30330.0,-341179.5180280099,0.36835854108000027,0.0,0.0,0.0,0.0,0.0,0.0,31097.76071498286,30471.23928501714,31411.021429965713,30157.978570034287,DEC26,SEP26,2026-09-23,2026-12-18,30784.5,29969.045028362125,FOUND,DEGRADED,SPOT_MONTH_FALLBACK;ESTIMATED_EXPIRY_ALIAS,2026-08-02.2,PUT_CALL_PARITY,SEP26,SEP26=PUT_CALL_PARITY;OCT26=PUT_CALL_PARITY;DEC29=SERIES_FORWARD_CLUSTER;DEC26=SERIES_FORWARD_CLUSTER;NOV26=SERIES_FORWARD_CLUSTER;MAR27=SERIES_FORWARD_CLUSTER;DEC28=PUT_CALL_PARITY;JUN27=PUT_CALL_PARITY;DEC27=PUT_CALL_PARITY;SEP27=SERIES_FORWARD_CLUSTER;JUN29=PUT_CALL_PARITY;DEC30=PUT_CALL_PARITY,SEP26=30784.5;OCT26=30771.875;DEC29=30567.375;DEC26=25293.875;NOV26=31207.875;MAR27=27605.375;JUN27=24447;DEC27=21051.75;SEP27=36072.5,DEC28=GLOBAL_REFERENCE_NO_OBSERVATION;JUN27=GLOBAL_REFERENCE_OUTLIER_SERIES_FORWARD_CLUSTER;DEC27=GLOBAL_REFERENCE_OUTLIER_SERIES_FORWARD_CLUSTER;JUN29=GLOBAL_REFERENCE_NO_OBSERVATION;DEC30=GLOBAL_REFERENCE_NO_OBSERVATION,WEIGHTED_ATM,2026-09-30,6,120,0.0,NONE,5139,4967,0,0,165,NONE,MN1;MN2;MN3;MN4;MN5;QMW;QRW;QTW;QWW,OK,NONE,NONE,2026-09-21
NAS,30340.0,-1117463.836412951,0.216694003259573,0.0,0.0,0.0,0.0,0.0,0.0,31097.76071498286,30471.23928501714,31411.021429965713,30157.978570034287,DEC26,SEP26,2026-09-23,2026-12-18,30784.5,29969.045028362125,FOUND,DEGRADED,SPOT_MONTH_FALLBACK;ESTIMATED_EXPIRY_ALIAS,2026-08-02.2,PUT_CALL_PARITY,SEP26,SEP26=PUT_CALL_PARITY;OCT26=PUT_CALL_PARITY;DEC29=SERIES_FORWARD_CLUSTER;DEC26=SERIES_FORWARD_CLUSTER;NOV26=SERIES_FORWARD_CLUSTER;MAR27=SERIES_FORWARD_CLUSTER;DEC28=PUT_CALL_PARITY;JUN27=PUT_CALL_PARITY;DEC27=PUT_CALL_PARITY;SEP27=SERIES_FORWARD_CLUSTER;JUN29=PUT_CALL_PARITY;DEC30=PUT_CALL_PARITY,SEP26=30784.5;OCT26=30771.875;DEC29=30567.375;DEC26=25293.875;NOV26=31207.875;MAR27=27605.375;JUN27=24447;DEC27=21051.75;SEP27=36072.5,DEC28=GLOBAL_REFERENCE_NO_OBSERVATION;JUN27=GLOBAL_REFERENCE_OUTLIER_SERIES_FORWARD_CLUSTER;DEC27=GLOBAL_REFERENCE_OUTLIER_SERIES_FORWARD_CLUSTER;JUN29=GLOBAL_REFERENCE_NO_OBSERVATION;DEC30=GLOBAL_REFERENCE_NO_OBSERVATION,WEIGHTED_ATM,2026-09-30,6,120,0.0,NONE,5139,4967,0,0,165,NONE,MN1;MN2;MN3;MN4;MN5;QMW;QRW;QTW;QWW,OK,NONE,NONE,2026-09-21
NAS,30350.0,-15033606.109221084,4.391723820159933,0.0,0.0,0.0,0.0,0.0,0.0,31097.76071498286,30471.23928501714,31411.021429965713,30157.978570034287,DEC26,SEP26,2026-09-23,2026-12-18,30784.5,29969.045028362125,FOUND,DEGRADED,SPOT_MONTH_FALLBACK;ESTIMATED_EXPIRY_ALIAS,2026-08-02.2,PUT_CALL_PARITY,SEP26,SEP26=PUT_CALL_PARITY;OCT26=PUT_CALL_PARITY;DEC29=SERIES_FORWARD_CLUSTER;DEC26=SERIES_FORWARD_CLUSTER;NOV26=SERIES_FORWARD_CLUSTER;MAR27=SERIES_FORWARD_CLUSTER;DEC28=PUT_CALL_PARITY;JUN27=PUT_CALL_PARITY;DEC27=PUT_CALL_PARITY;SEP27=SERIES_FORWARD_CLUSTER;JUN29=PUT_CALL_PARITY;DEC30=PUT_CALL_PARITY,SEP26=30784.5;OCT26=30771.875;DEC29=30567.375;DEC26=25293.875;NOV26=31207.875;MAR27=27605.375;JUN27=24447;DEC27=21051.75;SEP27=36072.5,DEC28=GLOBAL_REFERENCE_NO_OBSERVATION;JUN27=GLOBAL_REFERENCE_OUTLIER_SERIES_FORWARD_CLUSTER;DEC27=GLOBAL_REFERENCE_OUTLIER_SERIES_FORWARD_CLUSTER;JUN29=GLOBAL_REFERENCE_NO_OBSERVATION;DEC30=GLOBAL_REFERENCE_NO_OBSERVATION,WEIGHTED_ATM,2026-09-30,6,120,0.0,NONE,5139,4967,0,0,165,NONE,MN1;MN2;MN3;MN4;MN5;QMW;QRW;QTW;QWW,OK,NONE,NONE,2026-09-21
NAS,30360.0,-673590.5541596668,0.2428015602396795,0.0,0.0,0.0,0.0,0.0,0.0,31097.76071498286,30471.23928501714,31411.021429965713,30157.978570034287,DEC26,SEP26,2026-09-23,2026-12-18,30784.5,29969.045028362125,FOUND,DEGRADED,SPOT_MONTH_FALLBACK;ESTIMATED_EXPIRY_ALIAS,2026-08-02.2,PUT_CALL_PARITY,SEP26,SEP26=PUT_CALL_PARITY;OCT26=PUT_CALL_PARITY;DEC29=SERIES_FORWARD_CLUSTER;DEC26=SERIES_FORWARD_CLUSTER;NOV26=SERIES_FORWARD_CLUSTER;MAR27=SERIES_FORWARD_CLUSTER;DEC28=PUT_CALL_PARITY;JUN27=PUT_CALL_PARITY;DEC27=PUT_CALL_PARITY;SEP27=SERIES_FORWARD_CLUSTER;JUN29=PUT_CALL_PARITY;DEC30=PUT_CALL_PARITY,SEP26=30784.5;OCT26=30771.875;DEC29=30567.375;DEC26=25293.875;NOV26=31207.875;MAR27=27605.375;JUN27=24447;DEC27=21051.75;SEP27=36072.5,DEC28=GLOBAL_REFERENCE_NO_OBSERVATION;JUN27=GLOBAL_REFERENCE_OUTLIER_SERIES_FORWARD_CLUSTER;DEC27=GLOBAL_REFERENCE_OUTLIER_SERIES_FORWARD_CLUSTER;JUN29=GLOBAL_REFERENCE_NO_OBSERVATION;DEC30=GLOBAL_REFERENCE_NO_OBSERVATION,WEIGHTED_ATM,2026-09-30,6,120,0.0,NONE,5139,4967,0,0,165,NONE,MN1;MN2;MN3;MN4;MN5;QMW;QRW;QTW;QWW,OK,NONE,NONE,2026-09-21
NAS,30370.0,-2254296.8373181587,0.4818191808052361,0.0,0.0,0.0,0.0,0.0,0.0,31097.76071498286,30471.23928501714,31411.021429965713,30157.978570034287,DEC26,SEP26,2026-09-23,2026-12-18,30784.5,29969.045028362125,FOUND,DEGRADED,SPOT_MONTH_FALLBACK;ESTIMATED_EXPIRY_ALIAS,2026-08-02.2,PUT_CALL_PARITY,SEP26,SEP26=PUT_CALL_PARITY;OCT26=PUT_CALL_PARITY;DEC29=SERIES_FORWARD_CLUSTER;DEC26=SERIES_FORWARD_CLUSTER;NOV26=SERIES_FORWARD_CLUSTER;MAR27=SERIES_FORWARD_CLUSTER;DEC28=PUT_CALL_PARITY;JUN27=PUT_CALL_PARITY;DEC27=PUT_CALL_PARITY;SEP27=SERIES_FORWARD_CLUSTER;JUN29=PUT_CALL_PARITY;DEC30=PUT_CALL_PARITY,SEP26=30784.5;OCT26=30771.875;DEC29=30567.375;DEC26=25293.875;NOV26=31207.875;MAR27=27605.375;JUN27=24447;DEC27=21051.75;SEP27=36072.5,DEC28=GLOBAL_REFERENCE_NO_OBSERVATION;JUN27=GLOBAL_REFERENCE_OUTLIER_SERIES_FORWARD_CLUSTER;DEC27=GLOBAL_REFERENCE_OUTLIER_SERIES_FORWARD_CLUSTER;JUN29=GLOBAL_REFERENCE_NO_OBSERVATION;DEC30=GLOBAL_REFERENCE_NO_OBSERVATION,WEIGHTED_ATM,2026-09-30,6,120,0.0,NONE,5139,4967,0,0,165,NONE,MN1;MN2;MN3;MN4;MN5;QMW;QRW;QTW;QWW,OK,NONE,NONE,2026-09-21
NAS,30375.0,-545247.0309529777,0.7787203971819014,0.0,0.0,0.0,0.0,0.0,0.0,31097.76071498286,30471.23928501714,31411.021429965713,30157.978570034287,DEC26,SEP26,2026-09-23,2026-12-18,30784.5,29969.045028362125,FOUND,DEGRADED,SPOT_MONTH_FALLBACK;ESTIMATED_EXPIRY_ALIAS,2026-08-02.2,PUT_CALL_PARITY,SEP26,SEP26=PUT_CALL_PARITY;OCT26=PUT_CALL_PARITY;DEC29=SERIES_FORWARD_CLUSTER;DEC26=SERIES_FORWARD_CLUSTER;NOV26=SERIES_FORWARD_CLUSTER;MAR27=SERIES_FORWARD_CLUSTER;DEC28=PUT_CALL_PARITY;JUN27=PUT_CALL_PARITY;DEC27=PUT_CALL_PARITY;SEP27=SERIES_FORWARD_CLUSTER;JUN29=PUT_CALL_PARITY;DEC30=PUT_CALL_PARITY,SEP26=30784.5;OCT26=30771.875;DEC29=30567.375;DEC26=25293.875;NOV26=31207.875;MAR27=27605.375;JUN27=24447;DEC27=21051.75;SEP27=36072.5,DEC28=GLOBAL_REFERENCE_NO_OBSERVATION;JUN27=GLOBAL_REFERENCE_OUTLIER_SERIES_FORWARD_CLUSTER;DEC27=GLOBAL_REFERENCE_OUTLIER_SERIES_FORWARD_CLUSTER;JUN29=GLOBAL_REFERENCE_NO_OBSERVATION;DEC30=GLOBAL_REFERENCE_NO_OBSERVATION,WEIGHTED_ATM,2026-09-30,6,120,0.0,NONE,5139,4967,0,0,165,NONE,MN1;MN2;MN3;MN4;MN5;QMW;QRW;QTW;QWW,OK,NONE,NONE,2026-09-21
NAS,30380.0,-1384063.7074821545,0.38938450316516093,0.0,0.0,0.0,0.0,0.0,0.0,31097.76071498286,30471.23928501714,31411.021429965713,30157.978570034287,DEC26,SEP26,2026-09-23,2026-12-18,30784.5,29969.045028362125,FOUND,DEGRADED,SPOT_MONTH_FALLBACK;ESTIMATED_EXPIRY_ALIAS,2026-08-02.2,PUT_CALL_PARITY,SEP26,SEP26=PUT_CALL_PARITY;OCT26=PUT_CALL_PARITY;DEC29=SERIES_FORWARD_CLUSTER;DEC26=SERIES_FORWARD_CLUSTER;NOV26=SERIES_FORWARD_CLUSTER;MAR27=SERIES_FORWARD_CLUSTER;DEC28=PUT_CALL_PARITY;JUN27=PUT_CALL_PARITY;DEC27=PUT_CALL_PARITY;SEP27=SERIES_FORWARD_CLUSTER;JUN29=PUT_CALL_PARITY;DEC30=PUT_CALL_PARITY,SEP26=30784.5;OCT26=30771.875;DEC29=30567.375;DEC26=25293.875;NOV26=31207.875;MAR27=27605.375;JUN27=24447;DEC27=21051.75;SEP27=36072.5,DEC28=GLOBAL_REFERENCE_NO_OBSERVATION;JUN27=GLOBAL_REFERENCE_OUTLIER_SERIES_FORWARD_CLUSTER;DEC27=GLOBAL_REFERENCE_OUTLIER_SERIES_FORWARD_CLUSTER;JUN29=GLOBAL_REFERENCE_NO_OBSERVATION;DEC30=GLOBAL_REFERENCE_NO_OBSERVATION,WEIGHTED_ATM,2026-09-30,6,120,0.0,NONE,5139,4967,0,0,165,NONE,MN1;MN2;MN3;MN4;MN5;QMW;QRW;QTW;QWW,OK,NONE,NONE,2026-09-21
NAS,30390.0,34874.24975419852,0.5782077989646608,0.0,0.0,0.0,0.0,0.0,0.0,31097.76071498286,30471.23928501714,31411.021429965713,30157.978570034287,DEC26,SEP26,2026-09-23,2026-12-18,30784.5,29969.045028362125,FOUND,DEGRADED,SPOT_MONTH_FALLBACK;ESTIMATED_EXPIRY_ALIAS,2026-08-02.2,PUT_CALL_PARITY,SEP26,SEP26=PUT_CALL_PARITY;OCT26=PUT_CALL_PARITY;DEC29=SERIES_FORWARD_CLUSTER;DEC26=SERIES_FORWARD_CLUSTER;NOV26=SERIES_FORWARD_CLUSTER;MAR27=SERIES_FORWARD_CLUSTER;DEC28=PUT_CALL_PARITY;JUN27=PUT_CALL_PARITY;DEC27=PUT_CALL_PARITY;SEP27=SERIES_FORWARD_CLUSTER;JUN29=PUT_CALL_PARITY;DEC30=PUT_CALL_PARITY,SEP26=30784.5;OCT26=30771.875;DEC29=30567.375;DEC26=25293.875;NOV26=31207.875;MAR27=27605.375;JUN27=24447;DEC27=21051.75;SEP27=36072.5,DEC28=GLOBAL_REFERENCE_NO_OBSERVATION;JUN27=GLOBAL_REFERENCE_OUTLIER_SERIES_FORWARD_CLUSTER;DEC27=GLOBAL_REFERENCE_OUTLIER_SERIES_FORWARD_CLUSTER;JUN29=GLOBAL_REFERENCE_NO_OBSERVATION;DEC30=GLOBAL_REFERENCE_NO_OBSERVATION,WEIGHTED_ATM,2026-09-30,6,120,0.0,NONE,5139,4967,0,0,165,NONE,MN1;MN2;MN3;MN4;MN5;QMW;QRW;QTW;QWW,OK,NONE,NONE,2026-09-21
NAS,30400.0,31259015.843349844,10.33461440472535,0.0,0.0,0.0,0.0,0.0,0.0,31097.76071498286,30471.23928501714,31411.021429965713,30157.978570034287,DEC26,SEP26,2026-09-23,2026-12-18,30784.5,29969.045028362125,FOUND,DEGRADED,SPOT_MONTH_FALLBACK;ESTIMATED_EXPIRY_ALIAS,2026-08-02.2,PUT_CALL_PARITY,SEP26,SEP26=PUT_CALL_PARITY;OCT26=PUT_CALL_PARITY;DEC29=SERIES_FORWARD_CLUSTER;DEC26=SERIES_FORWARD_CLUSTER;NOV26=SERIES_FORWARD_CLUSTER;MAR27=SERIES_FORWARD_CLUSTER;DEC28=PUT_CALL_PARITY;JUN27=PUT_CALL_PARITY;DEC27=PUT_CALL_PARITY;SEP27=SERIES_FORWARD_CLUSTER;JUN29=PUT_CALL_PARITY;DEC30=PUT_CALL_PARITY,SEP26=30784.5;OCT26=30771.875;DEC29=30567.375;DEC26=25293.875;NOV26=31207.875;MAR27=27605.375;JUN27=24447;DEC27=21051.75;SEP27=36072.5,DEC28=GLOBAL_REFERENCE_NO_OBSERVATION;JUN27=GLOBAL_REFERENCE_OUTLIER_SERIES_FORWARD_CLUSTER;DEC27=GLOBAL_REFERENCE_OUTLIER_SERIES_FORWARD_CLUSTER;JUN29=GLOBAL_REFERENCE_NO_OBSERVATION;DEC30=GLOBAL_REFERENCE_NO_OBSERVATION,WEIGHTED_ATM,2026-09-30,6,120,0.0,NONE,5139,4967,0,0,165,NONE,MN1;MN2;MN3;MN4;MN5;QMW;QRW;QTW;QWW,OK,NONE,NONE,2026-09-21
NAS,30410.0,-2223755.1086290306,0.45976730481496847,0.0,0.0,0.0,0.0,0.0,0.0,31097.76071498286,30471.23928501714,31411.021429965713,30157.978570034287,DEC26,SEP26,2026-09-23,2026-12-18,30784.5,29969.045028362125,FOUND,DEGRADED,SPOT_MONTH_FALLBACK;ESTIMATED_EXPIRY_ALIAS,2026-08-02.2,PUT_CALL_PARITY,SEP26,SEP26=PUT_CALL_PARITY;OCT26=PUT_CALL_PARITY;DEC29=SERIES_FORWARD_CLUSTER;DEC26=SERIES_FORWARD_CLUSTER;NOV26=SERIES_FORWARD_CLUSTER;MAR27=SERIES_FORWARD_CLUSTER;DEC28=PUT_CALL_PARITY;JUN27=PUT_CALL_PARITY;DEC27=PUT_CALL_PARITY;SEP27=SERIES_FORWARD_CLUSTER;JUN29=PUT_CALL_PARITY;DEC30=PUT_CALL_PARITY,SEP26=30784.5;OCT26=30771.875;DEC29=30567.375;DEC26=25293.875;NOV26=31207.875;MAR27=27605.375;JUN27=24447;DEC27=21051.75;SEP27=36072.5,DEC28=GLOBAL_REFERENCE_NO_OBSERVATION;JUN27=GLOBAL_REFERENCE_OUTLIER_SERIES_FORWARD_CLUSTER;DEC27=GLOBAL_REFERENCE_OUTLIER_SERIES_FORWARD_CLUSTER;JUN29=GLOBAL_REFERENCE_NO_OBSERVATION;DEC30=GLOBAL_REFERENCE_NO_OBSERVATION,WEIGHTED_ATM,2026-09-30,6,120,0.0,NONE,5139,4967,0,0,165,NONE,MN1;MN2;MN3;MN4;MN5;QMW;QRW;QTW;QWW,OK,NONE,NONE,2026-09-21
NAS,30420.0,-32634.413991385605,0.5111737746252304,0.0,0.0,0.0,0.0,0.0,0.0,31097.76071498286,30471.23928501714,31411.021429965713,30157.978570034287,DEC26,SEP26,2026-09-23,2026-12-18,30784.5,29969.045028362125,FOUND,DEGRADED,SPOT_MONTH_FALLBACK;ESTIMATED_EXPIRY_ALIAS,2026-08-02.2,PUT_CALL_PARITY,SEP26,SEP26=PUT_CALL_PARITY;OCT26=PUT_CALL_PARITY;DEC29=SERIES_FORWARD_CLUSTER;DEC26=SERIES_FORWARD_CLUSTER;NOV26=SERIES_FORWARD_CLUSTER;MAR27=SERIES_FORWARD_CLUSTER;DEC28=PUT_CALL_PARITY;JUN27=PUT_CALL_PARITY;DEC27=PUT_CALL_PARITY;SEP27=SERIES_FORWARD_CLUSTER;JUN29=PUT_CALL_PARITY;DEC30=PUT_CALL_PARITY,SEP26=30784.5;OCT26=30771.875;DEC29=30567.375;DEC26=25293.875;NOV26=31207.875;MAR27=27605.375;JUN27=24447;DEC27=21051.75;SEP27=36072.5,DEC28=GLOBAL_REFERENCE_NO_OBSERVATION;JUN27=GLOBAL_REFERENCE_OUTLIER_SERIES_FORWARD_CLUSTER;DEC27=GLOBAL_REFERENCE_OUTLIER_SERIES_FORWARD_CLUSTER;JUN29=GLOBAL_REFERENCE_NO_OBSERVATION;DEC30=GLOBAL_REFERENCE_NO_OBSERVATION,WEIGHTED_ATM,2026-09-30,6,120,0.0,NONE,5139,4967,0,0,165,NONE,MN1;MN2;MN3;MN4;MN5;QMW;QRW;QTW;QWW,OK,NONE,NONE,2026-09-21
NAS,30425.0,-990460.7706053001,1.5117536810746497,0.0,0.0,0.0,0.0,0.0,0.0,31097.76071498286,30471.23928501714,31411.021429965713,30157.978570034287,DEC26,SEP26,2026-09-23,2026-12-18,30784.5,29969.045028362125,FOUND,DEGRADED,SPOT_MONTH_FALLBACK;ESTIMATED_EXPIRY_ALIAS,2026-08-02.2,PUT_CALL_PARITY,SEP26,SEP26=PUT_CALL_PARITY;OCT26=PUT_CALL_PARITY;DEC29=SERIES_FORWARD_CLUSTER;DEC26=SERIES_FORWARD_CLUSTER;NOV26=SERIES_FORWARD_CLUSTER;MAR27=SERIES_FORWARD_CLUSTER;DEC28=PUT_CALL_PARITY;JUN27=PUT_CALL_PARITY;DEC27=PUT_CALL_PARITY;SEP27=SERIES_FORWARD_CLUSTER;JUN29=PUT_CALL_PARITY;DEC30=PUT_CALL_PARITY,SEP26=30784.5;OCT26=30771.875;DEC29=30567.375;DEC26=25293.875;NOV26=31207.875;MAR27=27605.375;JUN27=24447;DEC27=21051.75;SEP27=36072.5,DEC28=GLOBAL_REFERENCE_NO_OBSERVATION;JUN27=GLOBAL_REFERENCE_OUTLIER_SERIES_FORWARD_CLUSTER;DEC27=GLOBAL_REFERENCE_OUTLIER_SERIES_FORWARD_CLUSTER;JUN29=GLOBAL_REFERENCE_NO_OBSERVATION;DEC30=GLOBAL_REFERENCE_NO_OBSERVATION,WEIGHTED_ATM,2026-09-30,6,120,0.0,NONE,5139,4967,0,0,165,NONE,MN1;MN2;MN3;MN4;MN5;QMW;QRW;QTW;QWW,OK,NONE,NONE,2026-09-21
NAS,30430.0,2168754.7569012567,0.48264528354853264,0.0,0.0,0.0,0.0,0.0,0.0,31097.76071498286,30471.23928501714,31411.021429965713,30157.978570034287,DEC26,SEP26,2026-09-23,2026-12-18,30784.5,29969.045028362125,FOUND,DEGRADED,SPOT_MONTH_FALLBACK;ESTIMATED_EXPIRY_ALIAS,2026-08-02.2,PUT_CALL_PARITY,SEP26,SEP26=PUT_CALL_PARITY;OCT26=PUT_CALL_PARITY;DEC29=SERIES_FORWARD_CLUSTER;DEC26=SERIES_FORWARD_CLUSTER;NOV26=SERIES_FORWARD_CLUSTER;MAR27=SERIES_FORWARD_CLUSTER;DEC28=PUT_CALL_PARITY;JUN27=PUT_CALL_PARITY;DEC27=PUT_CALL_PARITY;SEP27=SERIES_FORWARD_CLUSTER;JUN29=PUT_CALL_PARITY;DEC30=PUT_CALL_PARITY,SEP26=30784.5;OCT26=30771.875;DEC29=30567.375;DEC26=25293.875;NOV26=31207.875;MAR27=27605.375;JUN27=24447;DEC27=21051.75;SEP27=36072.5,DEC28=GLOBAL_REFERENCE_NO_OBSERVATION;JUN27=GLOBAL_REFERENCE_OUTLIER_SERIES_FORWARD_CLUSTER;DEC27=GLOBAL_REFERENCE_OUTLIER_SERIES_FORWARD_CLUSTER;JUN29=GLOBAL_REFERENCE_NO_OBSERVATION;DEC30=GLOBAL_REFERENCE_NO_OBSERVATION,WEIGHTED_ATM,2026-09-30,6,120,0.0,NONE,5139,4967,0,0,165,NONE,MN1;MN2;MN3;MN4;MN5;QMW;QRW;QTW;QWW,OK,NONE,NONE,2026-09-21
NAS,30440.0,3896641.000664738,0.9417162011882895,0.0,0.0,0.0,0.0,0.0,0.0,31097.76071498286,30471.23928501714,31411.021429965713,30157.978570034287,DEC26,SEP26,2026-09-23,2026-12-18,30784.5,29969.045028362125,FOUND,DEGRADED,SPOT_MONTH_FALLBACK;ESTIMATED_EXPIRY_ALIAS,2026-08-02.2,PUT_CALL_PARITY,SEP26,SEP26=PUT_CALL_PARITY;OCT26=PUT_CALL_PARITY;DEC29=SERIES_FORWARD_CLUSTER;DEC26=SERIES_FORWARD_CLUSTER;NOV26=SERIES_FORWARD_CLUSTER;MAR27=SERIES_FORWARD_CLUSTER;DEC28=PUT_CALL_PARITY;JUN27=PUT_CALL_PARITY;DEC27=PUT_CALL_PARITY;SEP27=SERIES_FORWARD_CLUSTER;JUN29=PUT_CALL_PARITY;DEC30=PUT_CALL_PARITY,SEP26=30784.5;OCT26=30771.875;DEC29=30567.375;DEC26=25293.875;NOV26=31207.875;MAR27=27605.375;JUN27=24447;DEC27=21051.75;SEP27=36072.5,DEC28=GLOBAL_REFERENCE_NO_OBSERVATION;JUN27=GLOBAL_REFERENCE_OUTLIER_SERIES_FORWARD_CLUSTER;DEC27=GLOBAL_REFERENCE_OUTLIER_SERIES_FORWARD_CLUSTER;JUN29=GLOBAL_REFERENCE_NO_OBSERVATION;DEC30=GLOBAL_REFERENCE_NO_OBSERVATION,WEIGHTED_ATM,2026-09-30,6,120,0.0,NONE,5139,4967,0,0,165,NONE,MN1;MN2;MN3;MN4;MN5;QMW;QRW;QTW;QWW,OK,NONE,NONE,2026-09-21
NAS,30450.0,-6525468.645221356,4.908653996102301,0.0,0.0,0.0,0.0,0.0,0.0,31097.76071498286,30471.23928501714,31411.021429965713,30157.978570034287,DEC26,SEP26,2026-09-23,2026-12-18,30784.5,29969.045028362125,FOUND,DEGRADED,SPOT_MONTH_FALLBACK;ESTIMATED_EXPIRY_ALIAS,2026-08-02.2,PUT_CALL_PARITY,SEP26,SEP26=PUT_CALL_PARITY;OCT26=PUT_CALL_PARITY;DEC29=SERIES_FORWARD_CLUSTER;DEC26=SERIES_FORWARD_CLUSTER;NOV26=SERIES_FORWARD_CLUSTER;MAR27=SERIES_FORWARD_CLUSTER;DEC28=PUT_CALL_PARITY;JUN27=PUT_CALL_PARITY;DEC27=PUT_CALL_PARITY;SEP27=SERIES_FORWARD_CLUSTER;JUN29=PUT_CALL_PARITY;DEC30=PUT_CALL_PARITY,SEP26=30784.5;OCT26=30771.875;DEC29=30567.375;DEC26=25293.875;NOV26=31207.875;MAR27=27605.375;JUN27=24447;DEC27=21051.75;SEP27=36072.5,DEC28=GLOBAL_REFERENCE_NO_OBSERVATION;JUN27=GLOBAL_REFERENCE_OUTLIER_SERIES_FORWARD_CLUSTER;DEC27=GLOBAL_REFERENCE_OUTLIER_SERIES_FORWARD_CLUSTER;JUN29=GLOBAL_REFERENCE_NO_OBSERVATION;DEC30=GLOBAL_REFERENCE_NO_OBSERVATION,WEIGHTED_ATM,2026-09-30,6,120,0.0,NONE,5139,4967,0,0,165,NONE,MN1;MN2;MN3;MN4;MN5;QMW;QRW;QTW;QWW,OK,NONE,NONE,2026-09-21
NAS,30460.0,-5793786.671630126,1.9839278910424052,0.0,0.0,0.0,0.0,0.0,0.0,31097.76071498286,30471.23928501714,31411.021429965713,30157.978570034287,DEC26,SEP26,2026-09-23,2026-12-18,30784.5,29969.045028362125,FOUND,DEGRADED,SPOT_MONTH_FALLBACK;ESTIMATED_EXPIRY_ALIAS,2026-08-02.2,PUT_CALL_PARITY,SEP26,SEP26=PUT_CALL_PARITY;OCT26=PUT_CALL_PARITY;DEC29=SERIES_FORWARD_CLUSTER;DEC26=SERIES_FORWARD_CLUSTER;NOV26=SERIES_FORWARD_CLUSTER;MAR27=SERIES_FORWARD_CLUSTER;DEC28=PUT_CALL_PARITY;JUN27=PUT_CALL_PARITY;DEC27=PUT_CALL_PARITY;SEP27=SERIES_FORWARD_CLUSTER;JUN29=PUT_CALL_PARITY;DEC30=PUT_CALL_PARITY,SEP26=30784.5;OCT26=30771.875;DEC29=30567.375;DEC26=25293.875;NOV26=31207.875;MAR27=27605.375;JUN27=24447;DEC27=21051.75;SEP27=36072.5,DEC28=GLOBAL_REFERENCE_NO_OBSERVATION;JUN27=GLOBAL_REFERENCE_OUTLIER_SERIES_FORWARD_CLUSTER;DEC27=GLOBAL_REFERENCE_OUTLIER_SERIES_FORWARD_CLUSTER;JUN29=GLOBAL_REFERENCE_NO_OBSERVATION;DEC30=GLOBAL_REFERENCE_NO_OBSERVATION,WEIGHTED_ATM,2026-09-30,6,120,0.0,NONE,5139,4967,0,0,165,NONE,MN1;MN2;MN3;MN4;MN5;QMW;QRW;QTW;QWW,OK,NONE,NONE,2026-09-21
NAS,30470.0,4669585.366814527,1.0607896197783533,0.0,0.0,0.0,0.0,0.0,0.0,31097.76071498286,30471.23928501714,31411.021429965713,30157.978570034287,DEC26,SEP26,2026-09-23,2026-12-18,30784.5,29969.045028362125,FOUND,DEGRADED,SPOT_MONTH_FALLBACK;ESTIMATED_EXPIRY_ALIAS,2026-08-02.2,PUT_CALL_PARITY,SEP26,SEP26=PUT_CALL_PARITY;OCT26=PUT_CALL_PARITY;DEC29=SERIES_FORWARD_CLUSTER;DEC26=SERIES_FORWARD_CLUSTER;NOV26=SERIES_FORWARD_CLUSTER;MAR27=SERIES_FORWARD_CLUSTER;DEC28=PUT_CALL_PARITY;JUN27=PUT_CALL_PARITY;DEC27=PUT_CALL_PARITY;SEP27=SERIES_FORWARD_CLUSTER;JUN29=PUT_CALL_PARITY;DEC30=PUT_CALL_PARITY,SEP26=30784.5;OCT26=30771.875;DEC29=30567.375;DEC26=25293.875;NOV26=31207.875;MAR27=27605.375;JUN27=24447;DEC27=21051.75;SEP27=36072.5,DEC28=GLOBAL_REFERENCE_NO_OBSERVATION;JUN27=GLOBAL_REFERENCE_OUTLIER_SERIES_FORWARD_CLUSTER;DEC27=GLOBAL_REFERENCE_OUTLIER_SERIES_FORWARD_CLUSTER;JUN29=GLOBAL_REFERENCE_NO_OBSERVATION;DEC30=GLOBAL_REFERENCE_NO_OBSERVATION,WEIGHTED_ATM,2026-09-30,6,120,0.0,NONE,5139,4967,0,0,165,NONE,MN1;MN2;MN3;MN4;MN5;QMW;QRW;QTW;QWW,OK,NONE,NONE,2026-09-21
NAS,30475.0,2918644.5575253153,1.520857920133412,0.0,0.0,0.0,0.0,0.0,0.0,31097.76071498286,30471.23928501714,31411.021429965713,30157.978570034287,DEC26,SEP26,2026-09-23,2026-12-18,30784.5,29969.045028362125,FOUND,DEGRADED,SPOT_MONTH_FALLBACK;ESTIMATED_EXPIRY_ALIAS,2026-08-02.2,PUT_CALL_PARITY,SEP26,SEP26=PUT_CALL_PARITY;OCT26=PUT_CALL_PARITY;DEC29=SERIES_FORWARD_CLUSTER;DEC26=SERIES_FORWARD_CLUSTER;NOV26=SERIES_FORWARD_CLUSTER;MAR27=SERIES_FORWARD_CLUSTER;DEC28=PUT_CALL_PARITY;JUN27=PUT_CALL_PARITY;DEC27=PUT_CALL_PARITY;SEP27=SERIES_FORWARD_CLUSTER;JUN29=PUT_CALL_PARITY;DEC30=PUT_CALL_PARITY,SEP26=30784.5;OCT26=30771.875;DEC29=30567.375;DEC26=25293.875;NOV26=31207.875;MAR27=27605.375;JUN27=24447;DEC27=21051.75;SEP27=36072.5,DEC28=GLOBAL_REFERENCE_NO_OBSERVATION;JUN27=GLOBAL_REFERENCE_OUTLIER_SERIES_FORWARD_CLUSTER;DEC27=GLOBAL_REFERENCE_OUTLIER_SERIES_FORWARD_CLUSTER;JUN29=GLOBAL_REFERENCE_NO_OBSERVATION;DEC30=GLOBAL_REFERENCE_NO_OBSERVATION,WEIGHTED_ATM,2026-09-30,6,120,0.0,NONE,5139,4967,0,0,165,NONE,MN1;MN2;MN3;MN4;MN5;QMW;QRW;QTW;QWW,OK,NONE,NONE,2026-09-21
NAS,30480.0,-6934206.7921143565,2.064057816226171,0.0,0.0,0.0,0.0,0.0,0.0,31097.76071498286,30471.23928501714,31411.021429965713,30157.978570034287,DEC26,SEP26,2026-09-23,2026-12-18,30784.5,29969.045028362125,FOUND,DEGRADED,SPOT_MONTH_FALLBACK;ESTIMATED_EXPIRY_ALIAS,2026-08-02.2,PUT_CALL_PARITY,SEP26,SEP26=PUT_CALL_PARITY;OCT26=PUT_CALL_PARITY;DEC29=SERIES_FORWARD_CLUSTER;DEC26=SERIES_FORWARD_CLUSTER;NOV26=SERIES_FORWARD_CLUSTER;MAR27=SERIES_FORWARD_CLUSTER;DEC28=PUT_CALL_PARITY;JUN27=PUT_CALL_PARITY;DEC27=PUT_CALL_PARITY;SEP27=SERIES_FORWARD_CLUSTER;JUN29=PUT_CALL_PARITY;DEC30=PUT_CALL_PARITY,SEP26=30784.5;OCT26=30771.875;DEC29=30567.375;DEC26=25293.875;NOV26=31207.875;MAR27=27605.375;JUN27=24447;DEC27=21051.75;SEP27=36072.5,DEC28=GLOBAL_REFERENCE_NO_OBSERVATION;JUN27=GLOBAL_REFERENCE_OUTLIER_SERIES_FORWARD_CLUSTER;DEC27=GLOBAL_REFERENCE_OUTLIER_SERIES_FORWARD_CLUSTER;JUN29=GLOBAL_REFERENCE_NO_OBSERVATION;DEC30=GLOBAL_REFERENCE_NO_OBSERVATION,WEIGHTED_ATM,2026-09-30,6,120,0.0,NONE,5139,4967,0,0,165,NONE,MN1;MN2;MN3;MN4;MN5;QMW;QRW;QTW;QWW,OK,NONE,NONE,2026-09-21
NAS,30490.0,-3458492.9999234304,0.5571268767654327,0.0,0.0,0.0,0.0,0.0,0.0,31097.76071498286,30471.23928501714,31411.021429965713,30157.978570034287,DEC26,SEP26,2026-09-23,2026-12-18,30784.5,29969.045028362125,FOUND,DEGRADED,SPOT_MONTH_FALLBACK;ESTIMATED_EXPIRY_ALIAS,2026-08-02.2,PUT_CALL_PARITY,SEP26,SEP26=PUT_CALL_PARITY;OCT26=PUT_CALL_PARITY;DEC29=SERIES_FORWARD_CLUSTER;DEC26=SERIES_FORWARD_CLUSTER;NOV26=SERIES_FORWARD_CLUSTER;MAR27=SERIES_FORWARD_CLUSTER;DEC28=PUT_CALL_PARITY;JUN27=PUT_CALL_PARITY;DEC27=PUT_CALL_PARITY;SEP27=SERIES_FORWARD_CLUSTER;JUN29=PUT_CALL_PARITY;DEC30=PUT_CALL_PARITY,SEP26=30784.5;OCT26=30771.875;DEC29=30567.375;DEC26=25293.875;NOV26=31207.875;MAR27=27605.375;JUN27=24447;DEC27=21051.75;SEP27=36072.5,DEC28=GLOBAL_REFERENCE_NO_OBSERVATION;JUN27=GLOBAL_REFERENCE_OUTLIER_SERIES_FORWARD_CLUSTER;DEC27=GLOBAL_REFERENCE_OUTLIER_SERIES_FORWARD_CLUSTER;JUN29=GLOBAL_REFERENCE_NO_OBSERVATION;DEC30=GLOBAL_REFERENCE_NO_OBSERVATION,WEIGHTED_ATM,2026-09-30,6,120,0.0,NONE,5139,4967,0,0,165,NONE,MN1;MN2;MN3;MN4;MN5;QMW;QRW;QTW;QWW,OK,NONE,NONE,2026-09-21
NAS,30500.0,27897091.27285984,18.54211164498079,0.0,0.0,0.0,0.0,0.0,0.0,31097.76071498286,30471.23928501714,31411.021429965713,30157.978570034287,DEC26,SEP26,2026-09-23,2026-12-18,30784.5,29969.045028362125,FOUND,DEGRADED,SPOT_MONTH_FALLBACK;ESTIMATED_EXPIRY_ALIAS,2026-08-02.2,PUT_CALL_PARITY,SEP26,SEP26=PUT_CALL_PARITY;OCT26=PUT_CALL_PARITY;DEC29=SERIES_FORWARD_CLUSTER;DEC26=SERIES_FORWARD_CLUSTER;NOV26=SERIES_FORWARD_CLUSTER;MAR27=SERIES_FORWARD_CLUSTER;DEC28=PUT_CALL_PARITY;JUN27=PUT_CALL_PARITY;DEC27=PUT_CALL_PARITY;SEP27=SERIES_FORWARD_CLUSTER;JUN29=PUT_CALL_PARITY;DEC30=PUT_CALL_PARITY,SEP26=30784.5;OCT26=30771.875;DEC29=30567.375;DEC26=25293.875;NOV26=31207.875;MAR27=27605.375;JUN27=24447;DEC27=21051.75;SEP27=36072.5,DEC28=GLOBAL_REFERENCE_NO_OBSERVATION;JUN27=GLOBAL_REFERENCE_OUTLIER_SERIES_FORWARD_CLUSTER;DEC27=GLOBAL_REFERENCE_OUTLIER_SERIES_FORWARD_CLUSTER;JUN29=GLOBAL_REFERENCE_NO_OBSERVATION;DEC30=GLOBAL_REFERENCE_NO_OBSERVATION,WEIGHTED_ATM,2026-09-30,6,120,0.0,NONE,5139,4967,0,0,165,NONE,MN1;MN2;MN3;MN4;MN5;QMW;QRW;QTW;QWW,OK,NONE,NONE,2026-09-21
NAS,30510.0,1061972.8247133757,0.43432899153251303,0.0,0.0,0.0,0.0,0.0,0.0,31097.76071498286,30471.23928501714,31411.021429965713,30157.978570034287,DEC26,SEP26,2026-09-23,2026-12-18,30784.5,29969.045028362125,FOUND,DEGRADED,SPOT_MONTH_FALLBACK;ESTIMATED_EXPIRY_ALIAS,2026-08-02.2,PUT_CALL_PARITY,SEP26,SEP26=PUT_CALL_PARITY;OCT26=PUT_CALL_PARITY;DEC29=SERIES_FORWARD_CLUSTER;DEC26=SERIES_FORWARD_CLUSTER;NOV26=SERIES_FORWARD_CLUSTER;MAR27=SERIES_FORWARD_CLUSTER;DEC28=PUT_CALL_PARITY;JUN27=PUT_CALL_PARITY;DEC27=PUT_CALL_PARITY;SEP27=SERIES_FORWARD_CLUSTER;JUN29=PUT_CALL_PARITY;DEC30=PUT_CALL_PARITY,SEP26=30784.5;OCT26=30771.875;DEC29=30567.375;DEC26=25293.875;NOV26=31207.875;MAR27=27605.375;JUN27=24447;DEC27=21051.75;SEP27=36072.5,DEC28=GLOBAL_REFERENCE_NO_OBSERVATION;JUN27=GLOBAL_REFERENCE_OUTLIER_SERIES_FORWARD_CLUSTER;DEC27=GLOBAL_REFERENCE_OUTLIER_SERIES_FORWARD_CLUSTER;JUN29=GLOBAL_REFERENCE_NO_OBSERVATION;DEC30=GLOBAL_REFERENCE_NO_OBSERVATION,WEIGHTED_ATM,2026-09-30,6,120,0.0,NONE,5139,4967,0,0,165,NONE,MN1;MN2;MN3;MN4;MN5;QMW;QRW;QTW;QWW,OK,NONE,NONE,2026-09-21
NAS,30520.0,-2667951.713348967,0.5317818770917841,0.0,0.0,0.0,0.0,0.0,0.0,31097.76071498286,30471.23928501714,31411.021429965713,30157.978570034287,DEC26,SEP26,2026-09-23,2026-12-18,30784.5,29969.045028362125,FOUND,DEGRADED,SPOT_MONTH_FALLBACK;ESTIMATED_EXPIRY_ALIAS,2026-08-02.2,PUT_CALL_PARITY,SEP26,SEP26=PUT_CALL_PARITY;OCT26=PUT_CALL_PARITY;DEC29=SERIES_FORWARD_CLUSTER;DEC26=SERIES_FORWARD_CLUSTER;NOV26=SERIES_FORWARD_CLUSTER;MAR27=SERIES_FORWARD_CLUSTER;DEC28=PUT_CALL_PARITY;JUN27=PUT_CALL_PARITY;DEC27=PUT_CALL_PARITY;SEP27=SERIES_FORWARD_CLUSTER;JUN29=PUT_CALL_PARITY;DEC30=PUT_CALL_PARITY,SEP26=30784.5;OCT26=30771.875;DEC29=30567.375;DEC26=25293.875;NOV26=31207.875;MAR27=27605.375;JUN27=24447;DEC27=21051.75;SEP27=36072.5,DEC28=GLOBAL_REFERENCE_NO_OBSERVATION;JUN27=GLOBAL_REFERENCE_OUTLIER_SERIES_FORWARD_CLUSTER;DEC27=GLOBAL_REFERENCE_OUTLIER_SERIES_FORWARD_CLUSTER;JUN29=GLOBAL_REFERENCE_NO_OBSERVATION;DEC30=GLOBAL_REFERENCE_NO_OBSERVATION,WEIGHTED_ATM,2026-09-30,6,120,0.0,NONE,5139,4967,0,0,165,NONE,MN1;MN2;MN3;MN4;MN5;QMW;QRW;QTW;QWW,OK,NONE,NONE,2026-09-21
NAS,30525.0,7697769.785301718,2.953092828974447,0.0,0.0,0.0,0.0,0.0,0.0,31097.76071498286,30471.23928501714,31411.021429965713,30157.978570034287,DEC26,SEP26,2026-09-23,2026-12-18,30784.5,29969.045028362125,FOUND,DEGRADED,SPOT_MONTH_FALLBACK;ESTIMATED_EXPIRY_ALIAS,2026-08-02.2,PUT_CALL_PARITY,SEP26,SEP26=PUT_CALL_PARITY;OCT26=PUT_CALL_PARITY;DEC29=SERIES_FORWARD_CLUSTER;DEC26=SERIES_FORWARD_CLUSTER;NOV26=SERIES_FORWARD_CLUSTER;MAR27=SERIES_FORWARD_CLUSTER;DEC28=PUT_CALL_PARITY;JUN27=PUT_CALL_PARITY;DEC27=PUT_CALL_PARITY;SEP27=SERIES_FORWARD_CLUSTER;JUN29=PUT_CALL_PARITY;DEC30=PUT_CALL_PARITY,SEP26=30784.5;OCT26=30771.875;DEC29=30567.375;DEC26=25293.875;NOV26=31207.875;MAR27=27605.375;JUN27=24447;DEC27=21051.75;SEP27=36072.5,DEC28=GLOBAL_REFERENCE_NO_OBSERVATION;JUN27=GLOBAL_REFERENCE_OUTLIER_SERIES_FORWARD_CLUSTER;DEC27=GLOBAL_REFERENCE_OUTLIER_SERIES_FORWARD_CLUSTER;JUN29=GLOBAL_REFERENCE_NO_OBSERVATION;DEC30=GLOBAL_REFERENCE_NO_OBSERVATION,WEIGHTED_ATM,2026-09-30,6,120,0.0,NONE,5139,4967,0,0,165,NONE,MN1;MN2;MN3;MN4;MN5;QMW;QRW;QTW;QWW,OK,NONE,NONE,2026-09-21
NAS,30530.0,-1855538.182024715,0.2648387538925017,0.0,0.0,0.0,0.0,0.0,0.0,31097.76071498286,30471.23928501714,31411.021429965713,30157.978570034287,DEC26,SEP26,2026-09-23,2026-12-18,30784.5,29969.045028362125,FOUND,DEGRADED,SPOT_MONTH_FALLBACK;ESTIMATED_EXPIRY_ALIAS,2026-08-02.2,PUT_CALL_PARITY,SEP26,SEP26=PUT_CALL_PARITY;OCT26=PUT_CALL_PARITY;DEC29=SERIES_FORWARD_CLUSTER;DEC26=SERIES_FORWARD_CLUSTER;NOV26=SERIES_FORWARD_CLUSTER;MAR27=SERIES_FORWARD_CLUSTER;DEC28=PUT_CALL_PARITY;JUN27=PUT_CALL_PARITY;DEC27=PUT_CALL_PARITY;SEP27=SERIES_FORWARD_CLUSTER;JUN29=PUT_CALL_PARITY;DEC30=PUT_CALL_PARITY,SEP26=30784.5;OCT26=30771.875;DEC29=30567.375;DEC26=25293.875;NOV26=31207.875;MAR27=27605.375;JUN27=24447;DEC27=21051.75;SEP27=36072.5,DEC28=GLOBAL_REFERENCE_NO_OBSERVATION;JUN27=GLOBAL_REFERENCE_OUTLIER_SERIES_FORWARD_CLUSTER;DEC27=GLOBAL_REFERENCE_OUTLIER_SERIES_FORWARD_CLUSTER;JUN29=GLOBAL_REFERENCE_NO_OBSERVATION;DEC30=GLOBAL_REFERENCE_NO_OBSERVATION,WEIGHTED_ATM,2026-09-30,6,120,0.0,NONE,5139,4967,0,0,165,NONE,MN1;MN2;MN3;MN4;MN5;QMW;QRW;QTW;QWW,OK,NONE,NONE,2026-09-21
NAS,30540.0,-238260.10590071254,0.4377812641461538,0.0,0.0,0.0,0.0,0.0,0.0,31097.76071498286,30471.23928501714,31411.021429965713,30157.978570034287,DEC26,SEP26,2026-09-23,2026-12-18,30784.5,29969.045028362125,FOUND,DEGRADED,SPOT_MONTH_FALLBACK;ESTIMATED_EXPIRY_ALIAS,2026-08-02.2,PUT_CALL_PARITY,SEP26,SEP26=PUT_CALL_PARITY;OCT26=PUT_CALL_PARITY;DEC29=SERIES_FORWARD_CLUSTER;DEC26=SERIES_FORWARD_CLUSTER;NOV26=SERIES_FORWARD_CLUSTER;MAR27=SERIES_FORWARD_CLUSTER;DEC28=PUT_CALL_PARITY;JUN27=PUT_CALL_PARITY;DEC27=PUT_CALL_PARITY;SEP27=SERIES_FORWARD_CLUSTER;JUN29=PUT_CALL_PARITY;DEC30=PUT_CALL_PARITY,SEP26=30784.5;OCT26=30771.875;DEC29=30567.375;DEC26=25293.875;NOV26=31207.875;MAR27=27605.375;JUN27=24447;DEC27=21051.75;SEP27=36072.5,DEC28=GLOBAL_REFERENCE_NO_OBSERVATION;JUN27=GLOBAL_REFERENCE_OUTLIER_SERIES_FORWARD_CLUSTER;DEC27=GLOBAL_REFERENCE_OUTLIER_SERIES_FORWARD_CLUSTER;JUN29=GLOBAL_REFERENCE_NO_OBSERVATION;DEC30=GLOBAL_REFERENCE_NO_OBSERVATION,WEIGHTED_ATM,2026-09-30,6,120,0.0,NONE,5139,4967,0,0,165,NONE,MN1;MN2;MN3;MN4;MN5;QMW;QRW;QTW;QWW,OK,NONE,NONE,2026-09-21
NAS,30550.0,-4092740.092582507,6.951459835368848,0.0,0.0,0.0,0.0,0.0,0.0,31097.76071498286,30471.23928501714,31411.021429965713,30157.978570034287,DEC26,SEP26,2026-09-23,2026-12-18,30784.5,29969.045028362125,FOUND,DEGRADED,SPOT_MONTH_FALLBACK;ESTIMATED_EXPIRY_ALIAS,2026-08-02.2,PUT_CALL_PARITY,SEP26,SEP26=PUT_CALL_PARITY;OCT26=PUT_CALL_PARITY;DEC29=SERIES_FORWARD_CLUSTER;DEC26=SERIES_FORWARD_CLUSTER;NOV26=SERIES_FORWARD_CLUSTER;MAR27=SERIES_FORWARD_CLUSTER;DEC28=PUT_CALL_PARITY;JUN27=PUT_CALL_PARITY;DEC27=PUT_CALL_PARITY;SEP27=SERIES_FORWARD_CLUSTER;JUN29=PUT_CALL_PARITY;DEC30=PUT_CALL_PARITY,SEP26=30784.5;OCT26=30771.875;DEC29=30567.375;DEC26=25293.875;NOV26=31207.875;MAR27=27605.375;JUN27=24447;DEC27=21051.75;SEP27=36072.5,DEC28=GLOBAL_REFERENCE_NO_OBSERVATION;JUN27=GLOBAL_REFERENCE_OUTLIER_SERIES_FORWARD_CLUSTER;DEC27=GLOBAL_REFERENCE_OUTLIER_SERIES_FORWARD_CLUSTER;JUN29=GLOBAL_REFERENCE_NO_OBSERVATION;DEC30=GLOBAL_REFERENCE_NO_OBSERVATION,WEIGHTED_ATM,2026-09-30,6,120,0.0,NONE,5139,4967,0,0,165,NONE,MN1;MN2;MN3;MN4;MN5;QMW;QRW;QTW;QWW,OK,NONE,NONE,2026-09-21
NAS,30560.0,-190036.54117789306,0.6654080796616175,0.0,0.0,0.0,0.0,0.0,0.0,31097.76071498286,30471.23928501714,31411.021429965713,30157.978570034287,DEC26,SEP26,2026-09-23,2026-12-18,30784.5,29969.045028362125,FOUND,DEGRADED,SPOT_MONTH_FALLBACK;ESTIMATED_EXPIRY_ALIAS,2026-08-02.2,PUT_CALL_PARITY,SEP26,SEP26=PUT_CALL_PARITY;OCT26=PUT_CALL_PARITY;DEC29=SERIES_FORWARD_CLUSTER;DEC26=SERIES_FORWARD_CLUSTER;NOV26=SERIES_FORWARD_CLUSTER;MAR27=SERIES_FORWARD_CLUSTER;DEC28=PUT_CALL_PARITY;JUN27=PUT_CALL_PARITY;DEC27=PUT_CALL_PARITY;SEP27=SERIES_FORWARD_CLUSTER;JUN29=PUT_CALL_PARITY;DEC30=PUT_CALL_PARITY,SEP26=30784.5;OCT26=30771.875;DEC29=30567.375;DEC26=25293.875;NOV26=31207.875;MAR27=27605.375;JUN27=24447;DEC27=21051.75;SEP27=36072.5,DEC28=GLOBAL_REFERENCE_NO_OBSERVATION;JUN27=GLOBAL_REFERENCE_OUTLIER_SERIES_FORWARD_CLUSTER;DEC27=GLOBAL_REFERENCE_OUTLIER_SERIES_FORWARD_CLUSTER;JUN29=GLOBAL_REFERENCE_NO_OBSERVATION;DEC30=GLOBAL_REFERENCE_NO_OBSERVATION,WEIGHTED_ATM,2026-09-30,6,120,0.0,NONE,5139,4967,0,0,165,NONE,MN1;MN2;MN3;MN4;MN5;QMW;QRW;QTW;QWW,OK,NONE,NONE,2026-09-21
NAS,30570.0,-247456.29227929097,0.7734425087046863,0.0,0.0,0.0,0.0,0.0,0.0,31097.76071498286,30471.23928501714,31411.021429965713,30157.978570034287,DEC26,SEP26,2026-09-23,2026-12-18,30784.5,29969.045028362125,FOUND,DEGRADED,SPOT_MONTH_FALLBACK;ESTIMATED_EXPIRY_ALIAS,2026-08-02.2,PUT_CALL_PARITY,SEP26,SEP26=PUT_CALL_PARITY;OCT26=PUT_CALL_PARITY;DEC29=SERIES_FORWARD_CLUSTER;DEC26=SERIES_FORWARD_CLUSTER;NOV26=SERIES_FORWARD_CLUSTER;MAR27=SERIES_FORWARD_CLUSTER;DEC28=PUT_CALL_PARITY;JUN27=PUT_CALL_PARITY;DEC27=PUT_CALL_PARITY;SEP27=SERIES_FORWARD_CLUSTER;JUN29=PUT_CALL_PARITY;DEC30=PUT_CALL_PARITY,SEP26=30784.5;OCT26=30771.875;DEC29=30567.375;DEC26=25293.875;NOV26=31207.875;MAR27=27605.375;JUN27=24447;DEC27=21051.75;SEP27=36072.5,DEC28=GLOBAL_REFERENCE_NO_OBSERVATION;JUN27=GLOBAL_REFERENCE_OUTLIER_SERIES_FORWARD_CLUSTER;DEC27=GLOBAL_REFERENCE_OUTLIER_SERIES_FORWARD_CLUSTER;JUN29=GLOBAL_REFERENCE_NO_OBSERVATION;DEC30=GLOBAL_REFERENCE_NO_OBSERVATION,WEIGHTED_ATM,2026-09-30,6,120,0.0,NONE,5139,4967,0,0,165,NONE,MN1;MN2;MN3;MN4;MN5;QMW;QRW;QTW;QWW,OK,NONE,NONE,2026-09-21
NAS,30575.0,-9416720.984697822,1.6527275615205779,0.0,0.0,0.0,0.0,0.0,0.0,31097.76071498286,30471.23928501714,31411.021429965713,30157.978570034287,DEC26,SEP26,2026-09-23,2026-12-18,30784.5,29969.045028362125,FOUND,DEGRADED,SPOT_MONTH_FALLBACK;ESTIMATED_EXPIRY_ALIAS,2026-08-02.2,PUT_CALL_PARITY,SEP26,SEP26=PUT_CALL_PARITY;OCT26=PUT_CALL_PARITY;DEC29=SERIES_FORWARD_CLUSTER;DEC26=SERIES_FORWARD_CLUSTER;NOV26=SERIES_FORWARD_CLUSTER;MAR27=SERIES_FORWARD_CLUSTER;DEC28=PUT_CALL_PARITY;JUN27=PUT_CALL_PARITY;DEC27=PUT_CALL_PARITY;SEP27=SERIES_FORWARD_CLUSTER;JUN29=PUT_CALL_PARITY;DEC30=PUT_CALL_PARITY,SEP26=30784.5;OCT26=30771.875;DEC29=30567.375;DEC26=25293.875;NOV26=31207.875;MAR27=27605.375;JUN27=24447;DEC27=21051.75;SEP27=36072.5,DEC28=GLOBAL_REFERENCE_NO_OBSERVATION;JUN27=GLOBAL_REFERENCE_OUTLIER_SERIES_FORWARD_CLUSTER;DEC27=GLOBAL_REFERENCE_OUTLIER_SERIES_FORWARD_CLUSTER;JUN29=GLOBAL_REFERENCE_NO_OBSERVATION;DEC30=GLOBAL_REFERENCE_NO_OBSERVATION,WEIGHTED_ATM,2026-09-30,6,120,0.0,NONE,5139,4967,0,0,165,NONE,MN1;MN2;MN3;MN4;MN5;QMW;QRW;QTW;QWW,OK,NONE,NONE,2026-09-21
NAS,30580.0,122356.22702097986,0.5591884940483514,0.0,0.0,0.0,0.0,0.0,0.0,31097.76071498286,30471.23928501714,31411.021429965713,30157.978570034287,DEC26,SEP26,2026-09-23,2026-12-18,30784.5,29969.045028362125,FOUND,DEGRADED,SPOT_MONTH_FALLBACK;ESTIMATED_EXPIRY_ALIAS,2026-08-02.2,PUT_CALL_PARITY,SEP26,SEP26=PUT_CALL_PARITY;OCT26=PUT_CALL_PARITY;DEC29=SERIES_FORWARD_CLUSTER;DEC26=SERIES_FORWARD_CLUSTER;NOV26=SERIES_FORWARD_CLUSTER;MAR27=SERIES_FORWARD_CLUSTER;DEC28=PUT_CALL_PARITY;JUN27=PUT_CALL_PARITY;DEC27=PUT_CALL_PARITY;SEP27=SERIES_FORWARD_CLUSTER;JUN29=PUT_CALL_PARITY;DEC30=PUT_CALL_PARITY,SEP26=30784.5;OCT26=30771.875;DEC29=30567.375;DEC26=25293.875;NOV26=31207.875;MAR27=27605.375;JUN27=24447;DEC27=21051.75;SEP27=36072.5,DEC28=GLOBAL_REFERENCE_NO_OBSERVATION;JUN27=GLOBAL_REFERENCE_OUTLIER_SERIES_FORWARD_CLUSTER;DEC27=GLOBAL_REFERENCE_OUTLIER_SERIES_FORWARD_CLUSTER;JUN29=GLOBAL_REFERENCE_NO_OBSERVATION;DEC30=GLOBAL_REFERENCE_NO_OBSERVATION,WEIGHTED_ATM,2026-09-30,6,120,0.0,NONE,5139,4967,0,0,165,NONE,MN1;MN2;MN3;MN4;MN5;QMW;QRW;QTW;QWW,OK,NONE,NONE,2026-09-21
NAS,30590.0,-1731714.8864206122,0.798108699073909,0.0,0.0,0.0,0.0,0.0,0.0,31097.76071498286,30471.23928501714,31411.021429965713,30157.978570034287,DEC26,SEP26,2026-09-23,2026-12-18,30784.5,29969.045028362125,FOUND,DEGRADED,SPOT_MONTH_FALLBACK;ESTIMATED_EXPIRY_ALIAS,2026-08-02.2,PUT_CALL_PARITY,SEP26,SEP26=PUT_CALL_PARITY;OCT26=PUT_CALL_PARITY;DEC29=SERIES_FORWARD_CLUSTER;DEC26=SERIES_FORWARD_CLUSTER;NOV26=SERIES_FORWARD_CLUSTER;MAR27=SERIES_FORWARD_CLUSTER;DEC28=PUT_CALL_PARITY;JUN27=PUT_CALL_PARITY;DEC27=PUT_CALL_PARITY;SEP27=SERIES_FORWARD_CLUSTER;JUN29=PUT_CALL_PARITY;DEC30=PUT_CALL_PARITY,SEP26=30784.5;OCT26=30771.875;DEC29=30567.375;DEC26=25293.875;NOV26=31207.875;MAR27=27605.375;JUN27=24447;DEC27=21051.75;SEP27=36072.5,DEC28=GLOBAL_REFERENCE_NO_OBSERVATION;JUN27=GLOBAL_REFERENCE_OUTLIER_SERIES_FORWARD_CLUSTER;DEC27=GLOBAL_REFERENCE_OUTLIER_SERIES_FORWARD_CLUSTER;JUN29=GLOBAL_REFERENCE_NO_OBSERVATION;DEC30=GLOBAL_REFERENCE_NO_OBSERVATION,WEIGHTED_ATM,2026-09-30,6,120,0.0,NONE,5139,4967,0,0,165,NONE,MN1;MN2;MN3;MN4;MN5;QMW;QRW;QTW;QWW,OK,NONE,NONE,2026-09-21
NAS,30600.0,13124075.558979657,18.177423447093418,0.0,0.0,0.0,0.0,0.0,0.0,31097.76071498286,30471.23928501714,31411.021429965713,30157.978570034287,DEC26,SEP26,2026-09-23,2026-12-18,30784.5,29969.045028362125,FOUND,DEGRADED,SPOT_MONTH_FALLBACK;ESTIMATED_EXPIRY_ALIAS,2026-08-02.2,PUT_CALL_PARITY,SEP26,SEP26=PUT_CALL_PARITY;OCT26=PUT_CALL_PARITY;DEC29=SERIES_FORWARD_CLUSTER;DEC26=SERIES_FORWARD_CLUSTER;NOV26=SERIES_FORWARD_CLUSTER;MAR27=SERIES_FORWARD_CLUSTER;DEC28=PUT_CALL_PARITY;JUN27=PUT_CALL_PARITY;DEC27=PUT_CALL_PARITY;SEP27=SERIES_FORWARD_CLUSTER;JUN29=PUT_CALL_PARITY;DEC30=PUT_CALL_PARITY,SEP26=30784.5;OCT26=30771.875;DEC29=30567.375;DEC26=25293.875;NOV26=31207.875;MAR27=27605.375;JUN27=24447;DEC27=21051.75;SEP27=36072.5,DEC28=GLOBAL_REFERENCE_NO_OBSERVATION;JUN27=GLOBAL_REFERENCE_OUTLIER_SERIES_FORWARD_CLUSTER;DEC27=GLOBAL_REFERENCE_OUTLIER_SERIES_FORWARD_CLUSTER;JUN29=GLOBAL_REFERENCE_NO_OBSERVATION;DEC30=GLOBAL_REFERENCE_NO_OBSERVATION,WEIGHTED_ATM,2026-09-30,6,120,0.0,NONE,5139,4967,0,0,165,NONE,MN1;MN2;MN3;MN4;MN5;QMW;QRW;QTW;QWW,OK,NONE,NONE,2026-09-21
NAS,30610.0,-5829561.357459057,1.110001253683797,0.0,0.0,0.0,0.0,0.0,0.0,31097.76071498286,30471.23928501714,31411.021429965713,30157.978570034287,DEC26,SEP26,2026-09-23,2026-12-18,30784.5,29969.045028362125,FOUND,DEGRADED,SPOT_MONTH_FALLBACK;ESTIMATED_EXPIRY_ALIAS,2026-08-02.2,PUT_CALL_PARITY,SEP26,SEP26=PUT_CALL_PARITY;OCT26=PUT_CALL_PARITY;DEC29=SERIES_FORWARD_CLUSTER;DEC26=SERIES_FORWARD_CLUSTER;NOV26=SERIES_FORWARD_CLUSTER;MAR27=SERIES_FORWARD_CLUSTER;DEC28=PUT_CALL_PARITY;JUN27=PUT_CALL_PARITY;DEC27=PUT_CALL_PARITY;SEP27=SERIES_FORWARD_CLUSTER;JUN29=PUT_CALL_PARITY;DEC30=PUT_CALL_PARITY,SEP26=30784.5;OCT26=30771.875;DEC29=30567.375;DEC26=25293.875;NOV26=31207.875;MAR27=27605.375;JUN27=24447;DEC27=21051.75;SEP27=36072.5,DEC28=GLOBAL_REFERENCE_NO_OBSERVATION;JUN27=GLOBAL_REFERENCE_OUTLIER_SERIES_FORWARD_CLUSTER;DEC27=GLOBAL_REFERENCE_OUTLIER_SERIES_FORWARD_CLUSTER;JUN29=GLOBAL_REFERENCE_NO_OBSERVATION;DEC30=GLOBAL_REFERENCE_NO_OBSERVATION,WEIGHTED_ATM,2026-09-30,6,120,0.0,NONE,5139,4967,0,0,165,NONE,MN1;MN2;MN3;MN4;MN5;QMW;QRW;QTW;QWW,OK,NONE,NONE,2026-09-21
NAS,30620.0,-884177.6882189207,0.5210374821914946,0.0,0.0,0.0,0.0,0.0,0.0,31097.76071498286,30471.23928501714,31411.021429965713,30157.978570034287,DEC26,SEP26,2026-09-23,2026-12-18,30784.5,29969.045028362125,FOUND,DEGRADED,SPOT_MONTH_FALLBACK;ESTIMATED_EXPIRY_ALIAS,2026-08-02.2,PUT_CALL_PARITY,SEP26,SEP26=PUT_CALL_PARITY;OCT26=PUT_CALL_PARITY;DEC29=SERIES_FORWARD_CLUSTER;DEC26=SERIES_FORWARD_CLUSTER;NOV26=SERIES_FORWARD_CLUSTER;MAR27=SERIES_FORWARD_CLUSTER;DEC28=PUT_CALL_PARITY;JUN27=PUT_CALL_PARITY;DEC27=PUT_CALL_PARITY;SEP27=SERIES_FORWARD_CLUSTER;JUN29=PUT_CALL_PARITY;DEC30=PUT_CALL_PARITY,SEP26=30784.5;OCT26=30771.875;DEC29=30567.375;DEC26=25293.875;NOV26=31207.875;MAR27=27605.375;JUN27=24447;DEC27=21051.75;SEP27=36072.5,DEC28=GLOBAL_REFERENCE_NO_OBSERVATION;JUN27=GLOBAL_REFERENCE_OUTLIER_SERIES_FORWARD_CLUSTER;DEC27=GLOBAL_REFERENCE_OUTLIER_SERIES_FORWARD_CLUSTER;JUN29=GLOBAL_REFERENCE_NO_OBSERVATION;DEC30=GLOBAL_REFERENCE_NO_OBSERVATION,WEIGHTED_ATM,2026-09-30,6,120,0.0,NONE,5139,4967,0,0,165,NONE,MN1;MN2;MN3;MN4;MN5;QMW;QRW;QTW;QWW,OK,NONE,NONE,2026-09-21
NAS,30625.0,699737.2528587028,1.2005498365933223,0.0,0.0,0.0,0.0,0.0,0.0,31097.76071498286,30471.23928501714,31411.021429965713,30157.978570034287,DEC26,SEP26,2026-09-23,2026-12-18,30784.5,29969.045028362125,FOUND,DEGRADED,SPOT_MONTH_FALLBACK;ESTIMATED_EXPIRY_ALIAS,2026-08-02.2,PUT_CALL_PARITY,SEP26,SEP26=PUT_CALL_PARITY;OCT26=PUT_CALL_PARITY;DEC29=SERIES_FORWARD_CLUSTER;DEC26=SERIES_FORWARD_CLUSTER;NOV26=SERIES_FORWARD_CLUSTER;MAR27=SERIES_FORWARD_CLUSTER;DEC28=PUT_CALL_PARITY;JUN27=PUT_CALL_PARITY;DEC27=PUT_CALL_PARITY;SEP27=SERIES_FORWARD_CLUSTER;JUN29=PUT_CALL_PARITY;DEC30=PUT_CALL_PARITY,SEP26=30784.5;OCT26=30771.875;DEC29=30567.375;DEC26=25293.875;NOV26=31207.875;MAR27=27605.375;JUN27=24447;DEC27=21051.75;SEP27=36072.5,DEC28=GLOBAL_REFERENCE_NO_OBSERVATION;JUN27=GLOBAL_REFERENCE_OUTLIER_SERIES_FORWARD_CLUSTER;DEC27=GLOBAL_REFERENCE_OUTLIER_SERIES_FORWARD_CLUSTER;JUN29=GLOBAL_REFERENCE_NO_OBSERVATION;DEC30=GLOBAL_REFERENCE_NO_OBSERVATION,WEIGHTED_ATM,2026-09-30,6,120,0.0,NONE,5139,4967,0,0,165,NONE,MN1;MN2;MN3;MN4;MN5;QMW;QRW;QTW;QWW,OK,NONE,NONE,2026-09-21
NAS,30630.0,2060023.935751453,0.6289447270714764,0.0,0.0,0.0,0.0,0.0,0.0,31097.76071498286,30471.23928501714,31411.021429965713,30157.978570034287,DEC26,SEP26,2026-09-23,2026-12-18,30784.5,29969.045028362125,FOUND,DEGRADED,SPOT_MONTH_FALLBACK;ESTIMATED_EXPIRY_ALIAS,2026-08-02.2,PUT_CALL_PARITY,SEP26,SEP26=PUT_CALL_PARITY;OCT26=PUT_CALL_PARITY;DEC29=SERIES_FORWARD_CLUSTER;DEC26=SERIES_FORWARD_CLUSTER;NOV26=SERIES_FORWARD_CLUSTER;MAR27=SERIES_FORWARD_CLUSTER;DEC28=PUT_CALL_PARITY;JUN27=PUT_CALL_PARITY;DEC27=PUT_CALL_PARITY;SEP27=SERIES_FORWARD_CLUSTER;JUN29=PUT_CALL_PARITY;DEC30=PUT_CALL_PARITY,SEP26=30784.5;OCT26=30771.875;DEC29=30567.375;DEC26=25293.875;NOV26=31207.875;MAR27=27605.375;JUN27=24447;DEC27=21051.75;SEP27=36072.5,DEC28=GLOBAL_REFERENCE_NO_OBSERVATION;JUN27=GLOBAL_REFERENCE_OUTLIER_SERIES_FORWARD_CLUSTER;DEC27=GLOBAL_REFERENCE_OUTLIER_SERIES_FORWARD_CLUSTER;JUN29=GLOBAL_REFERENCE_NO_OBSERVATION;DEC30=GLOBAL_REFERENCE_NO_OBSERVATION,WEIGHTED_ATM,2026-09-30,6,120,0.0,NONE,5139,4967,0,0,165,NONE,MN1;MN2;MN3;MN4;MN5;QMW;QRW;QTW;QWW,OK,NONE,NONE,2026-09-21
NAS,30640.0,-2597615.8943083435,0.5124549891613893,0.0,0.0,0.0,0.0,0.0,0.0,31097.76071498286,30471.23928501714,31411.021429965713,30157.978570034287,DEC26,SEP26,2026-09-23,2026-12-18,30784.5,29969.045028362125,FOUND,DEGRADED,SPOT_MONTH_FALLBACK;ESTIMATED_EXPIRY_ALIAS,2026-08-02.2,PUT_CALL_PARITY,SEP26,SEP26=PUT_CALL_PARITY;OCT26=PUT_CALL_PARITY;DEC29=SERIES_FORWARD_CLUSTER;DEC26=SERIES_FORWARD_CLUSTER;NOV26=SERIES_FORWARD_CLUSTER;MAR27=SERIES_FORWARD_CLUSTER;DEC28=PUT_CALL_PARITY;JUN27=PUT_CALL_PARITY;DEC27=PUT_CALL_PARITY;SEP27=SERIES_FORWARD_CLUSTER;JUN29=PUT_CALL_PARITY;DEC30=PUT_CALL_PARITY,SEP26=30784.5;OCT26=30771.875;DEC29=30567.375;DEC26=25293.875;NOV26=31207.875;MAR27=27605.375;JUN27=24447;DEC27=21051.75;SEP27=36072.5,DEC28=GLOBAL_REFERENCE_NO_OBSERVATION;JUN27=GLOBAL_REFERENCE_OUTLIER_SERIES_FORWARD_CLUSTER;DEC27=GLOBAL_REFERENCE_OUTLIER_SERIES_FORWARD_CLUSTER;JUN29=GLOBAL_REFERENCE_NO_OBSERVATION;DEC30=GLOBAL_REFERENCE_NO_OBSERVATION,WEIGHTED_ATM,2026-09-30,6,120,0.0,NONE,5139,4967,0,0,165,NONE,MN1;MN2;MN3;MN4;MN5;QMW;QRW;QTW;QWW,OK,NONE,NONE,2026-09-21
NAS,30650.0,39976253.52039956,7.38844335982523,0.0,0.0,0.0,0.0,0.0,0.0,31097.76071498286,30471.23928501714,31411.021429965713,30157.978570034287,DEC26,SEP26,2026-09-23,2026-12-18,30784.5,29969.045028362125,FOUND,DEGRADED,SPOT_MONTH_FALLBACK;ESTIMATED_EXPIRY_ALIAS,2026-08-02.2,PUT_CALL_PARITY,SEP26,SEP26=PUT_CALL_PARITY;OCT26=PUT_CALL_PARITY;DEC29=SERIES_FORWARD_CLUSTER;DEC26=SERIES_FORWARD_CLUSTER;NOV26=SERIES_FORWARD_CLUSTER;MAR27=SERIES_FORWARD_CLUSTER;DEC28=PUT_CALL_PARITY;JUN27=PUT_CALL_PARITY;DEC27=PUT_CALL_PARITY;SEP27=SERIES_FORWARD_CLUSTER;JUN29=PUT_CALL_PARITY;DEC30=PUT_CALL_PARITY,SEP26=30784.5;OCT26=30771.875;DEC29=30567.375;DEC26=25293.875;NOV26=31207.875;MAR27=27605.375;JUN27=24447;DEC27=21051.75;SEP27=36072.5,DEC28=GLOBAL_REFERENCE_NO_OBSERVATION;JUN27=GLOBAL_REFERENCE_OUTLIER_SERIES_FORWARD_CLUSTER;DEC27=GLOBAL_REFERENCE_OUTLIER_SERIES_FORWARD_CLUSTER;JUN29=GLOBAL_REFERENCE_NO_OBSERVATION;DEC30=GLOBAL_REFERENCE_NO_OBSERVATION,WEIGHTED_ATM,2026-09-30,6,120,0.0,NONE,5139,4967,0,0,165,NONE,MN1;MN2;MN3;MN4;MN5;QMW;QRW;QTW;QWW,OK,NONE,NONE,2026-09-21
NAS,30660.0,-475922.700652381,0.41629741761563205,0.0,0.0,0.0,0.0,0.0,0.0,31097.76071498286,30471.23928501714,31411.021429965713,30157.978570034287,DEC26,SEP26,2026-09-23,2026-12-18,30784.5,29969.045028362125,FOUND,DEGRADED,SPOT_MONTH_FALLBACK;ESTIMATED_EXPIRY_ALIAS,2026-08-02.2,PUT_CALL_PARITY,SEP26,SEP26=PUT_CALL_PARITY;OCT26=PUT_CALL_PARITY;DEC29=SERIES_FORWARD_CLUSTER;DEC26=SERIES_FORWARD_CLUSTER;NOV26=SERIES_FORWARD_CLUSTER;MAR27=SERIES_FORWARD_CLUSTER;DEC28=PUT_CALL_PARITY;JUN27=PUT_CALL_PARITY;DEC27=PUT_CALL_PARITY;SEP27=SERIES_FORWARD_CLUSTER;JUN29=PUT_CALL_PARITY;DEC30=PUT_CALL_PARITY,SEP26=30784.5;OCT26=30771.875;DEC29=30567.375;DEC26=25293.875;NOV26=31207.875;MAR27=27605.375;JUN27=24447;DEC27=21051.75;SEP27=36072.5,DEC28=GLOBAL_REFERENCE_NO_OBSERVATION;JUN27=GLOBAL_REFERENCE_OUTLIER_SERIES_FORWARD_CLUSTER;DEC27=GLOBAL_REFERENCE_OUTLIER_SERIES_FORWARD_CLUSTER;JUN29=GLOBAL_REFERENCE_NO_OBSERVATION;DEC30=GLOBAL_REFERENCE_NO_OBSERVATION,WEIGHTED_ATM,2026-09-30,6,120,0.0,NONE,5139,4967,0,0,165,NONE,MN1;MN2;MN3;MN4;MN5;QMW;QRW;QTW;QWW,OK,NONE,NONE,2026-09-21
NAS,30670.0,384793.61720156483,1.027189966759278,0.0,0.0,0.0,0.0,0.0,0.0,31097.76071498286,30471.23928501714,31411.021429965713,30157.978570034287,DEC26,SEP26,2026-09-23,2026-12-18,30784.5,29969.045028362125,FOUND,DEGRADED,SPOT_MONTH_FALLBACK;ESTIMATED_EXPIRY_ALIAS,2026-08-02.2,PUT_CALL_PARITY,SEP26,SEP26=PUT_CALL_PARITY;OCT26=PUT_CALL_PARITY;DEC29=SERIES_FORWARD_CLUSTER;DEC26=SERIES_FORWARD_CLUSTER;NOV26=SERIES_FORWARD_CLUSTER;MAR27=SERIES_FORWARD_CLUSTER;DEC28=PUT_CALL_PARITY;JUN27=PUT_CALL_PARITY;DEC27=PUT_CALL_PARITY;SEP27=SERIES_FORWARD_CLUSTER;JUN29=PUT_CALL_PARITY;DEC30=PUT_CALL_PARITY,SEP26=30784.5;OCT26=30771.875;DEC29=30567.375;DEC26=25293.875;NOV26=31207.875;MAR27=27605.375;JUN27=24447;DEC27=21051.75;SEP27=36072.5,DEC28=GLOBAL_REFERENCE_NO_OBSERVATION;JUN27=GLOBAL_REFERENCE_OUTLIER_SERIES_FORWARD_CLUSTER;DEC27=GLOBAL_REFERENCE_OUTLIER_SERIES_FORWARD_CLUSTER;JUN29=GLOBAL_REFERENCE_NO_OBSERVATION;DEC30=GLOBAL_REFERENCE_NO_OBSERVATION,WEIGHTED_ATM,2026-09-30,6,120,0.0,NONE,5139,4967,0,0,165,NONE,MN1;MN2;MN3;MN4;MN5;QMW;QRW;QTW;QWW,OK,NONE,NONE,2026-09-21
NAS,30675.0,-318804.525989312,0.9682342072964262,0.0,0.0,0.0,0.0,0.0,0.0,31097.76071498286,30471.23928501714,31411.021429965713,30157.978570034287,DEC26,SEP26,2026-09-23,2026-12-18,30784.5,29969.045028362125,FOUND,DEGRADED,SPOT_MONTH_FALLBACK;ESTIMATED_EXPIRY_ALIAS,2026-08-02.2,PUT_CALL_PARITY,SEP26,SEP26=PUT_CALL_PARITY;OCT26=PUT_CALL_PARITY;DEC29=SERIES_FORWARD_CLUSTER;DEC26=SERIES_FORWARD_CLUSTER;NOV26=SERIES_FORWARD_CLUSTER;MAR27=SERIES_FORWARD_CLUSTER;DEC28=PUT_CALL_PARITY;JUN27=PUT_CALL_PARITY;DEC27=PUT_CALL_PARITY;SEP27=SERIES_FORWARD_CLUSTER;JUN29=PUT_CALL_PARITY;DEC30=PUT_CALL_PARITY,SEP26=30784.5;OCT26=30771.875;DEC29=30567.375;DEC26=25293.875;NOV26=31207.875;MAR27=27605.375;JUN27=24447;DEC27=21051.75;SEP27=36072.5,DEC28=GLOBAL_REFERENCE_NO_OBSERVATION;JUN27=GLOBAL_REFERENCE_OUTLIER_SERIES_FORWARD_CLUSTER;DEC27=GLOBAL_REFERENCE_OUTLIER_SERIES_FORWARD_CLUSTER;JUN29=GLOBAL_REFERENCE_NO_OBSERVATION;DEC30=GLOBAL_REFERENCE_NO_OBSERVATION,WEIGHTED_ATM,2026-09-30,6,120,0.0,NONE,5139,4967,0,0,165,NONE,MN1;MN2;MN3;MN4;MN5;QMW;QRW;QTW;QWW,OK,NONE,NONE,2026-09-21
NAS,30680.0,-5395941.986692387,1.5582232063194237,0.0,0.0,0.0,0.0,0.0,0.0,31097.76071498286,30471.23928501714,31411.021429965713,30157.978570034287,DEC26,SEP26,2026-09-23,2026-12-18,30784.5,29969.045028362125,FOUND,DEGRADED,SPOT_MONTH_FALLBACK;ESTIMATED_EXPIRY_ALIAS,2026-08-02.2,PUT_CALL_PARITY,SEP26,SEP26=PUT_CALL_PARITY;OCT26=PUT_CALL_PARITY;DEC29=SERIES_FORWARD_CLUSTER;DEC26=SERIES_FORWARD_CLUSTER;NOV26=SERIES_FORWARD_CLUSTER;MAR27=SERIES_FORWARD_CLUSTER;DEC28=PUT_CALL_PARITY;JUN27=PUT_CALL_PARITY;DEC27=PUT_CALL_PARITY;SEP27=SERIES_FORWARD_CLUSTER;JUN29=PUT_CALL_PARITY;DEC30=PUT_CALL_PARITY,SEP26=30784.5;OCT26=30771.875;DEC29=30567.375;DEC26=25293.875;NOV26=31207.875;MAR27=27605.375;JUN27=24447;DEC27=21051.75;SEP27=36072.5,DEC28=GLOBAL_REFERENCE_NO_OBSERVATION;JUN27=GLOBAL_REFERENCE_OUTLIER_SERIES_FORWARD_CLUSTER;DEC27=GLOBAL_REFERENCE_OUTLIER_SERIES_FORWARD_CLUSTER;JUN29=GLOBAL_REFERENCE_NO_OBSERVATION;DEC30=GLOBAL_REFERENCE_NO_OBSERVATION,WEIGHTED_ATM,2026-09-30,6,120,0.0,NONE,5139,4967,0,0,165,NONE,MN1;MN2;MN3;MN4;MN5;QMW;QRW;QTW;QWW,OK,NONE,NONE,2026-09-21
NAS,30690.0,-483218.81178537174,0.3843134097669381,0.0,0.0,0.0,0.0,0.0,0.0,31097.76071498286,30471.23928501714,31411.021429965713,30157.978570034287,DEC26,SEP26,2026-09-23,2026-12-18,30784.5,29969.045028362125,FOUND,DEGRADED,SPOT_MONTH_FALLBACK;ESTIMATED_EXPIRY_ALIAS,2026-08-02.2,PUT_CALL_PARITY,SEP26,SEP26=PUT_CALL_PARITY;OCT26=PUT_CALL_PARITY;DEC29=SERIES_FORWARD_CLUSTER;DEC26=SERIES_FORWARD_CLUSTER;NOV26=SERIES_FORWARD_CLUSTER;MAR27=SERIES_FORWARD_CLUSTER;DEC28=PUT_CALL_PARITY;JUN27=PUT_CALL_PARITY;DEC27=PUT_CALL_PARITY;SEP27=SERIES_FORWARD_CLUSTER;JUN29=PUT_CALL_PARITY;DEC30=PUT_CALL_PARITY,SEP26=30784.5;OCT26=30771.875;DEC29=30567.375;DEC26=25293.875;NOV26=31207.875;MAR27=27605.375;JUN27=24447;DEC27=21051.75;SEP27=36072.5,DEC28=GLOBAL_REFERENCE_NO_OBSERVATION;JUN27=GLOBAL_REFERENCE_OUTLIER_SERIES_FORWARD_CLUSTER;DEC27=GLOBAL_REFERENCE_OUTLIER_SERIES_FORWARD_CLUSTER;JUN29=GLOBAL_REFERENCE_NO_OBSERVATION;DEC30=GLOBAL_REFERENCE_NO_OBSERVATION,WEIGHTED_ATM,2026-09-30,6,120,0.0,NONE,5139,4967,0,0,165,NONE,MN1;MN2;MN3;MN4;MN5;QMW;QRW;QTW;QWW,OK,NONE,NONE,2026-09-21
NAS,30700.0,44648365.52808585,16.022656520039988,0.0,0.0,0.0,0.0,0.0,0.0,31097.76071498286,30471.23928501714,31411.021429965713,30157.978570034287,DEC26,SEP26,2026-09-23,2026-12-18,30784.5,29969.045028362125,FOUND,DEGRADED,SPOT_MONTH_FALLBACK;ESTIMATED_EXPIRY_ALIAS,2026-08-02.2,PUT_CALL_PARITY,SEP26,SEP26=PUT_CALL_PARITY;OCT26=PUT_CALL_PARITY;DEC29=SERIES_FORWARD_CLUSTER;DEC26=SERIES_FORWARD_CLUSTER;NOV26=SERIES_FORWARD_CLUSTER;MAR27=SERIES_FORWARD_CLUSTER;DEC28=PUT_CALL_PARITY;JUN27=PUT_CALL_PARITY;DEC27=PUT_CALL_PARITY;SEP27=SERIES_FORWARD_CLUSTER;JUN29=PUT_CALL_PARITY;DEC30=PUT_CALL_PARITY,SEP26=30784.5;OCT26=30771.875;DEC29=30567.375;DEC26=25293.875;NOV26=31207.875;MAR27=27605.375;JUN27=24447;DEC27=21051.75;SEP27=36072.5,DEC28=GLOBAL_REFERENCE_NO_OBSERVATION;JUN27=GLOBAL_REFERENCE_OUTLIER_SERIES_FORWARD_CLUSTER;DEC27=GLOBAL_REFERENCE_OUTLIER_SERIES_FORWARD_CLUSTER;JUN29=GLOBAL_REFERENCE_NO_OBSERVATION;DEC30=GLOBAL_REFERENCE_NO_OBSERVATION,WEIGHTED_ATM,2026-09-30,6,120,0.0,NONE,5139,4967,0,0,165,NONE,MN1;MN2;MN3;MN4;MN5;QMW;QRW;QTW;QWW,OK,NONE,NONE,2026-09-21
NAS,30710.0,-3444972.79654277,1.2689519667319207,0.0,0.0,0.0,0.0,0.0,0.0,31097.76071498286,30471.23928501714,31411.021429965713,30157.978570034287,DEC26,SEP26,2026-09-23,2026-12-18,30784.5,29969.045028362125,FOUND,DEGRADED,SPOT_MONTH_FALLBACK;ESTIMATED_EXPIRY_ALIAS,2026-08-02.2,PUT_CALL_PARITY,SEP26,SEP26=PUT_CALL_PARITY;OCT26=PUT_CALL_PARITY;DEC29=SERIES_FORWARD_CLUSTER;DEC26=SERIES_FORWARD_CLUSTER;NOV26=SERIES_FORWARD_CLUSTER;MAR27=SERIES_FORWARD_CLUSTER;DEC28=PUT_CALL_PARITY;JUN27=PUT_CALL_PARITY;DEC27=PUT_CALL_PARITY;SEP27=SERIES_FORWARD_CLUSTER;JUN29=PUT_CALL_PARITY;DEC30=PUT_CALL_PARITY,SEP26=30784.5;OCT26=30771.875;DEC29=30567.375;DEC26=25293.875;NOV26=31207.875;MAR27=27605.375;JUN27=24447;DEC27=21051.75;SEP27=36072.5,DEC28=GLOBAL_REFERENCE_NO_OBSERVATION;JUN27=GLOBAL_REFERENCE_OUTLIER_SERIES_FORWARD_CLUSTER;DEC27=GLOBAL_REFERENCE_OUTLIER_SERIES_FORWARD_CLUSTER;JUN29=GLOBAL_REFERENCE_NO_OBSERVATION;DEC30=GLOBAL_REFERENCE_NO_OBSERVATION,WEIGHTED_ATM,2026-09-30,6,120,0.0,NONE,5139,4967,0,0,165,NONE,MN1;MN2;MN3;MN4;MN5;QMW;QRW;QTW;QWW,OK,NONE,NONE,2026-09-21
NAS,30720.0,-3560076.030864328,0.8853167089773025,0.0,0.0,0.0,0.0,0.0,0.0,31097.76071498286,30471.23928501714,31411.021429965713,30157.978570034287,DEC26,SEP26,2026-09-23,2026-12-18,30784.5,29969.045028362125,FOUND,DEGRADED,SPOT_MONTH_FALLBACK;ESTIMATED_EXPIRY_ALIAS,2026-08-02.2,PUT_CALL_PARITY,SEP26,SEP26=PUT_CALL_PARITY;OCT26=PUT_CALL_PARITY;DEC29=SERIES_FORWARD_CLUSTER;DEC26=SERIES_FORWARD_CLUSTER;NOV26=SERIES_FORWARD_CLUSTER;MAR27=SERIES_FORWARD_CLUSTER;DEC28=PUT_CALL_PARITY;JUN27=PUT_CALL_PARITY;DEC27=PUT_CALL_PARITY;SEP27=SERIES_FORWARD_CLUSTER;JUN29=PUT_CALL_PARITY;DEC30=PUT_CALL_PARITY,SEP26=30784.5;OCT26=30771.875;DEC29=30567.375;DEC26=25293.875;NOV26=31207.875;MAR27=27605.375;JUN27=24447;DEC27=21051.75;SEP27=36072.5,DEC28=GLOBAL_REFERENCE_NO_OBSERVATION;JUN27=GLOBAL_REFERENCE_OUTLIER_SERIES_FORWARD_CLUSTER;DEC27=GLOBAL_REFERENCE_OUTLIER_SERIES_FORWARD_CLUSTER;JUN29=GLOBAL_REFERENCE_NO_OBSERVATION;DEC30=GLOBAL_REFERENCE_NO_OBSERVATION,WEIGHTED_ATM,2026-09-30,6,120,0.0,NONE,5139,4967,0,0,165,NONE,MN1;MN2;MN3;MN4;MN5;QMW;QRW;QTW;QWW,OK,NONE,NONE,2026-09-21
NAS,30725.0,13063860.282921255,2.183421739840532,0.0,0.0,0.0,0.0,0.0,0.0,31097.76071498286,30471.23928501714,31411.021429965713,30157.978570034287,DEC26,SEP26,2026-09-23,2026-12-18,30784.5,29969.045028362125,FOUND,DEGRADED,SPOT_MONTH_FALLBACK;ESTIMATED_EXPIRY_ALIAS,2026-08-02.2,PUT_CALL_PARITY,SEP26,SEP26=PUT_CALL_PARITY;OCT26=PUT_CALL_PARITY;DEC29=SERIES_FORWARD_CLUSTER;DEC26=SERIES_FORWARD_CLUSTER;NOV26=SERIES_FORWARD_CLUSTER;MAR27=SERIES_FORWARD_CLUSTER;DEC28=PUT_CALL_PARITY;JUN27=PUT_CALL_PARITY;DEC27=PUT_CALL_PARITY;SEP27=SERIES_FORWARD_CLUSTER;JUN29=PUT_CALL_PARITY;DEC30=PUT_CALL_PARITY,SEP26=30784.5;OCT26=30771.875;DEC29=30567.375;DEC26=25293.875;NOV26=31207.875;MAR27=27605.375;JUN27=24447;DEC27=21051.75;SEP27=36072.5,DEC28=GLOBAL_REFERENCE_NO_OBSERVATION;JUN27=GLOBAL_REFERENCE_OUTLIER_SERIES_FORWARD_CLUSTER;DEC27=GLOBAL_REFERENCE_OUTLIER_SERIES_FORWARD_CLUSTER;JUN29=GLOBAL_REFERENCE_NO_OBSERVATION;DEC30=GLOBAL_REFERENCE_NO_OBSERVATION,WEIGHTED_ATM,2026-09-30,6,120,0.0,NONE,5139,4967,0,0,165,NONE,MN1;MN2;MN3;MN4;MN5;QMW;QRW;QTW;QWW,OK,NONE,NONE,2026-09-21
NAS,30730.0,-5011957.111423074,1.5192482131777494,0.0,0.0,0.0,0.0,0.0,0.0,31097.76071498286,30471.23928501714,31411.021429965713,30157.978570034287,DEC26,SEP26,2026-09-23,2026-12-18,30784.5,29969.045028362125,FOUND,DEGRADED,SPOT_MONTH_FALLBACK;ESTIMATED_EXPIRY_ALIAS,2026-08-02.2,PUT_CALL_PARITY,SEP26,SEP26=PUT_CALL_PARITY;OCT26=PUT_CALL_PARITY;DEC29=SERIES_FORWARD_CLUSTER;DEC26=SERIES_FORWARD_CLUSTER;NOV26=SERIES_FORWARD_CLUSTER;MAR27=SERIES_FORWARD_CLUSTER;DEC28=PUT_CALL_PARITY;JUN27=PUT_CALL_PARITY;DEC27=PUT_CALL_PARITY;SEP27=SERIES_FORWARD_CLUSTER;JUN29=PUT_CALL_PARITY;DEC30=PUT_CALL_PARITY,SEP26=30784.5;OCT26=30771.875;DEC29=30567.375;DEC26=25293.875;NOV26=31207.875;MAR27=27605.375;JUN27=24447;DEC27=21051.75;SEP27=36072.5,DEC28=GLOBAL_REFERENCE_NO_OBSERVATION;JUN27=GLOBAL_REFERENCE_OUTLIER_SERIES_FORWARD_CLUSTER;DEC27=GLOBAL_REFERENCE_OUTLIER_SERIES_FORWARD_CLUSTER;JUN29=GLOBAL_REFERENCE_NO_OBSERVATION;DEC30=GLOBAL_REFERENCE_NO_OBSERVATION,WEIGHTED_ATM,2026-09-30,6,120,0.0,NONE,5139,4967,0,0,165,NONE,MN1;MN2;MN3;MN4;MN5;QMW;QRW;QTW;QWW,OK,NONE,NONE,2026-09-21
NAS,30740.0,-4266276.588855001,1.1533037799726422,0.0,0.0,0.0,0.0,0.0,0.0,31097.76071498286,30471.23928501714,31411.021429965713,30157.978570034287,DEC26,SEP26,2026-09-23,2026-12-18,30784.5,29969.045028362125,FOUND,DEGRADED,SPOT_MONTH_FALLBACK;ESTIMATED_EXPIRY_ALIAS,2026-08-02.2,PUT_CALL_PARITY,SEP26,SEP26=PUT_CALL_PARITY;OCT26=PUT_CALL_PARITY;DEC29=SERIES_FORWARD_CLUSTER;DEC26=SERIES_FORWARD_CLUSTER;NOV26=SERIES_FORWARD_CLUSTER;MAR27=SERIES_FORWARD_CLUSTER;DEC28=PUT_CALL_PARITY;JUN27=PUT_CALL_PARITY;DEC27=PUT_CALL_PARITY;SEP27=SERIES_FORWARD_CLUSTER;JUN29=PUT_CALL_PARITY;DEC30=PUT_CALL_PARITY,SEP26=30784.5;OCT26=30771.875;DEC29=30567.375;DEC26=25293.875;NOV26=31207.875;MAR27=27605.375;JUN27=24447;DEC27=21051.75;SEP27=36072.5,DEC28=GLOBAL_REFERENCE_NO_OBSERVATION;JUN27=GLOBAL_REFERENCE_OUTLIER_SERIES_FORWARD_CLUSTER;DEC27=GLOBAL_REFERENCE_OUTLIER_SERIES_FORWARD_CLUSTER;JUN29=GLOBAL_REFERENCE_NO_OBSERVATION;DEC30=GLOBAL_REFERENCE_NO_OBSERVATION,WEIGHTED_ATM,2026-09-30,6,120,0.0,NONE,5139,4967,0,0,165,NONE,MN1;MN2;MN3;MN4;MN5;QMW;QRW;QTW;QWW,OK,NONE,NONE,2026-09-21
NAS,30750.0,112240973.60536458,19.468128968833756,0.0,0.0,0.0,0.0,0.0,0.0,31097.76071498286,30471.23928501714,31411.021429965713,30157.978570034287,DEC26,SEP26,2026-09-23,2026-12-18,30784.5,29969.045028362125,FOUND,DEGRADED,SPOT_MONTH_FALLBACK;ESTIMATED_EXPIRY_ALIAS,2026-08-02.2,PUT_CALL_PARITY,SEP26,SEP26=PUT_CALL_PARITY;OCT26=PUT_CALL_PARITY;DEC29=SERIES_FORWARD_CLUSTER;DEC26=SERIES_FORWARD_CLUSTER;NOV26=SERIES_FORWARD_CLUSTER;MAR27=SERIES_FORWARD_CLUSTER;DEC28=PUT_CALL_PARITY;JUN27=PUT_CALL_PARITY;DEC27=PUT_CALL_PARITY;SEP27=SERIES_FORWARD_CLUSTER;JUN29=PUT_CALL_PARITY;DEC30=PUT_CALL_PARITY,SEP26=30784.5;OCT26=30771.875;DEC29=30567.375;DEC26=25293.875;NOV26=31207.875;MAR27=27605.375;JUN27=24447;DEC27=21051.75;SEP27=36072.5,DEC28=GLOBAL_REFERENCE_NO_OBSERVATION;JUN27=GLOBAL_REFERENCE_OUTLIER_SERIES_FORWARD_CLUSTER;DEC27=GLOBAL_REFERENCE_OUTLIER_SERIES_FORWARD_CLUSTER;JUN29=GLOBAL_REFERENCE_NO_OBSERVATION;DEC30=GLOBAL_REFERENCE_NO_OBSERVATION,WEIGHTED_ATM,2026-09-30,6,120,0.0,NONE,5139,4967,0,0,165,NONE,MN1;MN2;MN3;MN4;MN5;QMW;QRW;QTW;QWW,OK,NONE,NONE,2026-09-21
NAS,30760.0,161308.73830235144,0.954034047450272,0.0,0.0,0.0,0.0,0.0,0.0,31097.76071498286,30471.23928501714,31411.021429965713,30157.978570034287,DEC26,SEP26,2026-09-23,2026-12-18,30784.5,29969.045028362125,FOUND,DEGRADED,SPOT_MONTH_FALLBACK;ESTIMATED_EXPIRY_ALIAS,2026-08-02.2,PUT_CALL_PARITY,SEP26,SEP26=PUT_CALL_PARITY;OCT26=PUT_CALL_PARITY;DEC29=SERIES_FORWARD_CLUSTER;DEC26=SERIES_FORWARD_CLUSTER;NOV26=SERIES_FORWARD_CLUSTER;MAR27=SERIES_FORWARD_CLUSTER;DEC28=PUT_CALL_PARITY;JUN27=PUT_CALL_PARITY;DEC27=PUT_CALL_PARITY;SEP27=SERIES_FORWARD_CLUSTER;JUN29=PUT_CALL_PARITY;DEC30=PUT_CALL_PARITY,SEP26=30784.5;OCT26=30771.875;DEC29=30567.375;DEC26=25293.875;NOV26=31207.875;MAR27=27605.375;JUN27=24447;DEC27=21051.75;SEP27=36072.5,DEC28=GLOBAL_REFERENCE_NO_OBSERVATION;JUN27=GLOBAL_REFERENCE_OUTLIER_SERIES_FORWARD_CLUSTER;DEC27=GLOBAL_REFERENCE_OUTLIER_SERIES_FORWARD_CLUSTER;JUN29=GLOBAL_REFERENCE_NO_OBSERVATION;DEC30=GLOBAL_REFERENCE_NO_OBSERVATION,WEIGHTED_ATM,2026-09-30,6,120,0.0,NONE,5139,4967,0,0,165,NONE,MN1;MN2;MN3;MN4;MN5;QMW;QRW;QTW;QWW,OK,NONE,NONE,2026-09-21
NAS,30770.0,7053132.51954709,2.5917428507899793,0.0,0.0,0.0,0.0,0.0,0.0,31097.76071498286,30471.23928501714,31411.021429965713,30157.978570034287,DEC26,SEP26,2026-09-23,2026-12-18,30784.5,29969.045028362125,FOUND,DEGRADED,SPOT_MONTH_FALLBACK;ESTIMATED_EXPIRY_ALIAS,2026-08-02.2,PUT_CALL_PARITY,SEP26,SEP26=PUT_CALL_PARITY;OCT26=PUT_CALL_PARITY;DEC29=SERIES_FORWARD_CLUSTER;DEC26=SERIES_FORWARD_CLUSTER;NOV26=SERIES_FORWARD_CLUSTER;MAR27=SERIES_FORWARD_CLUSTER;DEC28=PUT_CALL_PARITY;JUN27=PUT_CALL_PARITY;DEC27=PUT_CALL_PARITY;SEP27=SERIES_FORWARD_CLUSTER;JUN29=PUT_CALL_PARITY;DEC30=PUT_CALL_PARITY,SEP26=30784.5;OCT26=30771.875;DEC29=30567.375;DEC26=25293.875;NOV26=31207.875;MAR27=27605.375;JUN27=24447;DEC27=21051.75;SEP27=36072.5,DEC28=GLOBAL_REFERENCE_NO_OBSERVATION;JUN27=GLOBAL_REFERENCE_OUTLIER_SERIES_FORWARD_CLUSTER;DEC27=GLOBAL_REFERENCE_OUTLIER_SERIES_FORWARD_CLUSTER;JUN29=GLOBAL_REFERENCE_NO_OBSERVATION;DEC30=GLOBAL_REFERENCE_NO_OBSERVATION,WEIGHTED_ATM,2026-09-30,6,120,0.0,NONE,5139,4967,0,0,165,NONE,MN1;MN2;MN3;MN4;MN5;QMW;QRW;QTW;QWW,OK,NONE,NONE,2026-09-21
NAS,30775.0,12758165.444853025,3.2878940740949347,0.0,0.0,0.0,0.0,0.0,0.0,31097.76071498286,30471.23928501714,31411.021429965713,30157.978570034287,DEC26,SEP26,2026-09-23,2026-12-18,30784.5,29969.045028362125,FOUND,DEGRADED,SPOT_MONTH_FALLBACK;ESTIMATED_EXPIRY_ALIAS,2026-08-02.2,PUT_CALL_PARITY,SEP26,SEP26=PUT_CALL_PARITY;OCT26=PUT_CALL_PARITY;DEC29=SERIES_FORWARD_CLUSTER;DEC26=SERIES_FORWARD_CLUSTER;NOV26=SERIES_FORWARD_CLUSTER;MAR27=SERIES_FORWARD_CLUSTER;DEC28=PUT_CALL_PARITY;JUN27=PUT_CALL_PARITY;DEC27=PUT_CALL_PARITY;SEP27=SERIES_FORWARD_CLUSTER;JUN29=PUT_CALL_PARITY;DEC30=PUT_CALL_PARITY,SEP26=30784.5;OCT26=30771.875;DEC29=30567.375;DEC26=25293.875;NOV26=31207.875;MAR27=27605.375;JUN27=24447;DEC27=21051.75;SEP27=36072.5,DEC28=GLOBAL_REFERENCE_NO_OBSERVATION;JUN27=GLOBAL_REFERENCE_OUTLIER_SERIES_FORWARD_CLUSTER;DEC27=GLOBAL_REFERENCE_OUTLIER_SERIES_FORWARD_CLUSTER;JUN29=GLOBAL_REFERENCE_NO_OBSERVATION;DEC30=GLOBAL_REFERENCE_NO_OBSERVATION,WEIGHTED_ATM,2026-09-30,6,120,0.0,NONE,5139,4967,0,0,165,NONE,MN1;MN2;MN3;MN4;MN5;QMW;QRW;QTW;QWW,OK,NONE,NONE,2026-09-21
NAS,30780.0,8876817.40545871,3.6867120848778914,0.0,0.0,142.5,4.0,0.0,0.0,31097.76071498286,30471.23928501714,31411.021429965713,30157.978570034287,DEC26,SEP26,2026-09-23,2026-12-18,30784.5,29969.045028362125,FOUND,DEGRADED,SPOT_MONTH_FALLBACK;ESTIMATED_EXPIRY_ALIAS,2026-08-02.2,PUT_CALL_PARITY,SEP26,SEP26=PUT_CALL_PARITY;OCT26=PUT_CALL_PARITY;DEC29=SERIES_FORWARD_CLUSTER;DEC26=SERIES_FORWARD_CLUSTER;NOV26=SERIES_FORWARD_CLUSTER;MAR27=SERIES_FORWARD_CLUSTER;DEC28=PUT_CALL_PARITY;JUN27=PUT_CALL_PARITY;DEC27=PUT_CALL_PARITY;SEP27=SERIES_FORWARD_CLUSTER;JUN29=PUT_CALL_PARITY;DEC30=PUT_CALL_PARITY,SEP26=30784.5;OCT26=30771.875;DEC29=30567.375;DEC26=25293.875;NOV26=31207.875;MAR27=27605.375;JUN27=24447;DEC27=21051.75;SEP27=36072.5,DEC28=GLOBAL_REFERENCE_NO_OBSERVATION;JUN27=GLOBAL_REFERENCE_OUTLIER_SERIES_FORWARD_CLUSTER;DEC27=GLOBAL_REFERENCE_OUTLIER_SERIES_FORWARD_CLUSTER;JUN29=GLOBAL_REFERENCE_NO_OBSERVATION;DEC30=GLOBAL_REFERENCE_NO_OBSERVATION,WEIGHTED_ATM,2026-09-30,6,120,0.0,NONE,5139,4967,0,0,165,NONE,MN1;MN2;MN3;MN4;MN5;QMW;QRW;QTW;QWW,OK,NONE,NONE,2026-09-21
NAS,30790.0,4702366.35174015,1.5017474202717784,0.0,0.0,0.0,0.0,0.0,0.0,31097.76071498286,30471.23928501714,31411.021429965713,30157.978570034287,DEC26,SEP26,2026-09-23,2026-12-18,30784.5,29969.045028362125,FOUND,DEGRADED,SPOT_MONTH_FALLBACK;ESTIMATED_EXPIRY_ALIAS,2026-08-02.2,PUT_CALL_PARITY,SEP26,SEP26=PUT_CALL_PARITY;OCT26=PUT_CALL_PARITY;DEC29=SERIES_FORWARD_CLUSTER;DEC26=SERIES_FORWARD_CLUSTER;NOV26=SERIES_FORWARD_CLUSTER;MAR27=SERIES_FORWARD_CLUSTER;DEC28=PUT_CALL_PARITY;JUN27=PUT_CALL_PARITY;DEC27=PUT_CALL_PARITY;SEP27=SERIES_FORWARD_CLUSTER;JUN29=PUT_CALL_PARITY;DEC30=PUT_CALL_PARITY,SEP26=30784.5;OCT26=30771.875;DEC29=30567.375;DEC26=25293.875;NOV26=31207.875;MAR27=27605.375;JUN27=24447;DEC27=21051.75;SEP27=36072.5,DEC28=GLOBAL_REFERENCE_NO_OBSERVATION;JUN27=GLOBAL_REFERENCE_OUTLIER_SERIES_FORWARD_CLUSTER;DEC27=GLOBAL_REFERENCE_OUTLIER_SERIES_FORWARD_CLUSTER;JUN29=GLOBAL_REFERENCE_NO_OBSERVATION;DEC30=GLOBAL_REFERENCE_NO_OBSERVATION,WEIGHTED_ATM,2026-09-30,6,120,0.0,NONE,5139,4967,0,0,165,NONE,MN1;MN2;MN3;MN4;MN5;QMW;QRW;QTW;QWW,OK,NONE,NONE,2026-09-21
NAS,30800.0,73472972.96827315,14.282036350240519,136.25,30.0,0.0,0.0,0.0,0.0,31097.76071498286,30471.23928501714,31411.021429965713,30157.978570034287,DEC26,SEP26,2026-09-23,2026-12-18,30784.5,29969.045028362125,FOUND,DEGRADED,SPOT_MONTH_FALLBACK;ESTIMATED_EXPIRY_ALIAS,2026-08-02.2,PUT_CALL_PARITY,SEP26,SEP26=PUT_CALL_PARITY;OCT26=PUT_CALL_PARITY;DEC29=SERIES_FORWARD_CLUSTER;DEC26=SERIES_FORWARD_CLUSTER;NOV26=SERIES_FORWARD_CLUSTER;MAR27=SERIES_FORWARD_CLUSTER;DEC28=PUT_CALL_PARITY;JUN27=PUT_CALL_PARITY;DEC27=PUT_CALL_PARITY;SEP27=SERIES_FORWARD_CLUSTER;JUN29=PUT_CALL_PARITY;DEC30=PUT_CALL_PARITY,SEP26=30784.5;OCT26=30771.875;DEC29=30567.375;DEC26=25293.875;NOV26=31207.875;MAR27=27605.375;JUN27=24447;DEC27=21051.75;SEP27=36072.5,DEC28=GLOBAL_REFERENCE_NO_OBSERVATION;JUN27=GLOBAL_REFERENCE_OUTLIER_SERIES_FORWARD_CLUSTER;DEC27=GLOBAL_REFERENCE_OUTLIER_SERIES_FORWARD_CLUSTER;JUN29=GLOBAL_REFERENCE_NO_OBSERVATION;DEC30=GLOBAL_REFERENCE_NO_OBSERVATION,WEIGHTED_ATM,2026-09-30,6,120,0.0,NONE,5139,4967,0,0,165,NONE,MN1;MN2;MN3;MN4;MN5;QMW;QRW;QTW;QWW,OK,NONE,NONE,2026-09-21
NAS,30810.0,28569733.965796765,4.656949085685264,0.0,0.0,0.0,0.0,0.0,0.0,31097.76071498286,30471.23928501714,31411.021429965713,30157.978570034287,DEC26,SEP26,2026-09-23,2026-12-18,30784.5,29969.045028362125,FOUND,DEGRADED,SPOT_MONTH_FALLBACK;ESTIMATED_EXPIRY_ALIAS,2026-08-02.2,PUT_CALL_PARITY,SEP26,SEP26=PUT_CALL_PARITY;OCT26=PUT_CALL_PARITY;DEC29=SERIES_FORWARD_CLUSTER;DEC26=SERIES_FORWARD_CLUSTER;NOV26=SERIES_FORWARD_CLUSTER;MAR27=SERIES_FORWARD_CLUSTER;DEC28=PUT_CALL_PARITY;JUN27=PUT_CALL_PARITY;DEC27=PUT_CALL_PARITY;SEP27=SERIES_FORWARD_CLUSTER;JUN29=PUT_CALL_PARITY;DEC30=PUT_CALL_PARITY,SEP26=30784.5;OCT26=30771.875;DEC29=30567.375;DEC26=25293.875;NOV26=31207.875;MAR27=27605.375;JUN27=24447;DEC27=21051.75;SEP27=36072.5,DEC28=GLOBAL_REFERENCE_NO_OBSERVATION;JUN27=GLOBAL_REFERENCE_OUTLIER_SERIES_FORWARD_CLUSTER;DEC27=GLOBAL_REFERENCE_OUTLIER_SERIES_FORWARD_CLUSTER;JUN29=GLOBAL_REFERENCE_NO_OBSERVATION;DEC30=GLOBAL_REFERENCE_NO_OBSERVATION,WEIGHTED_ATM,2026-09-30,6,120,0.0,NONE,5139,4967,0,0,165,NONE,MN1;MN2;MN3;MN4;MN5;QMW;QRW;QTW;QWW,OK,NONE,NONE,2026-09-21
NAS,30850.0,63329350.1615989,8.835083143835185,0.0,0.0,0.0,0.0,0.0,0.0,31097.76071498286,30471.23928501714,31411.021429965713,30157.978570034287,DEC26,SEP26,2026-09-23,2026-12-18,30784.5,29969.045028362125,FOUND,DEGRADED,SPOT_MONTH_FALLBACK;ESTIMATED_EXPIRY_ALIAS,2026-08-02.2,PUT_CALL_PARITY,SEP26,SEP26=PUT_CALL_PARITY;OCT26=PUT_CALL_PARITY;DEC29=SERIES_FORWARD_CLUSTER;DEC26=SERIES_FORWARD_CLUSTER;NOV26=SERIES_FORWARD_CLUSTER;MAR27=SERIES_FORWARD_CLUSTER;DEC28=PUT_CALL_PARITY;JUN27=PUT_CALL_PARITY;DEC27=PUT_CALL_PARITY;SEP27=SERIES_FORWARD_CLUSTER;JUN29=PUT_CALL_PARITY;DEC30=PUT_CALL_PARITY,SEP26=30784.5;OCT26=30771.875;DEC29=30567.375;DEC26=25293.875;NOV26=31207.875;MAR27=27605.375;JUN27=24447;DEC27=21051.75;SEP27=36072.5,DEC28=GLOBAL_REFERENCE_NO_OBSERVATION;JUN27=GLOBAL_REFERENCE_OUTLIER_SERIES_FORWARD_CLUSTER;DEC27=GLOBAL_REFERENCE_OUTLIER_SERIES_FORWARD_CLUSTER;JUN29=GLOBAL_REFERENCE_NO_OBSERVATION;DEC30=GLOBAL_REFERENCE_NO_OBSERVATION,WEIGHTED_ATM,2026-09-30,6,120,0.0,NONE,5139,4967,0,0,165,NONE,MN1;MN2;MN3;MN4;MN5;QMW;QRW;QTW;QWW,OK,NONE,NONE,2026-09-21
NAS,30900.0,76248644.38108467,10.058477551230043,0.0,0.0,0.0,0.0,0.0,0.0,31097.76071498286,30471.23928501714,31411.021429965713,30157.978570034287,DEC26,SEP26,2026-09-23,2026-12-18,30784.5,29969.045028362125,FOUND,DEGRADED,SPOT_MONTH_FALLBACK;ESTIMATED_EXPIRY_ALIAS,2026-08-02.2,PUT_CALL_PARITY,SEP26,SEP26=PUT_CALL_PARITY;OCT26=PUT_CALL_PARITY;DEC29=SERIES_FORWARD_CLUSTER;DEC26=SERIES_FORWARD_CLUSTER;NOV26=SERIES_FORWARD_CLUSTER;MAR27=SERIES_FORWARD_CLUSTER;DEC28=PUT_CALL_PARITY;JUN27=PUT_CALL_PARITY;DEC27=PUT_CALL_PARITY;SEP27=SERIES_FORWARD_CLUSTER;JUN29=PUT_CALL_PARITY;DEC30=PUT_CALL_PARITY,SEP26=30784.5;OCT26=30771.875;DEC29=30567.375;DEC26=25293.875;NOV26=31207.875;MAR27=27605.375;JUN27=24447;DEC27=21051.75;SEP27=36072.5,DEC28=GLOBAL_REFERENCE_NO_OBSERVATION;JUN27=GLOBAL_REFERENCE_OUTLIER_SERIES_FORWARD_CLUSTER;DEC27=GLOBAL_REFERENCE_OUTLIER_SERIES_FORWARD_CLUSTER;JUN29=GLOBAL_REFERENCE_NO_OBSERVATION;DEC30=GLOBAL_REFERENCE_NO_OBSERVATION,WEIGHTED_ATM,2026-09-30,6,120,0.0,NONE,5139,4967,0,0,165,NONE,MN1;MN2;MN3;MN4;MN5;QMW;QRW;QTW;QWW,OK,NONE,NONE,2026-09-21
NAS,30950.0,50188863.21858786,5.478537105472148,0.0,0.0,0.0,0.0,0.0,0.0,31097.76071498286,30471.23928501714,31411.021429965713,30157.978570034287,DEC26,SEP26,2026-09-23,2026-12-18,30784.5,29969.045028362125,FOUND,DEGRADED,SPOT_MONTH_FALLBACK;ESTIMATED_EXPIRY_ALIAS,2026-08-02.2,PUT_CALL_PARITY,SEP26,SEP26=PUT_CALL_PARITY;OCT26=PUT_CALL_PARITY;DEC29=SERIES_FORWARD_CLUSTER;DEC26=SERIES_FORWARD_CLUSTER;NOV26=SERIES_FORWARD_CLUSTER;MAR27=SERIES_FORWARD_CLUSTER;DEC28=PUT_CALL_PARITY;JUN27=PUT_CALL_PARITY;DEC27=PUT_CALL_PARITY;SEP27=SERIES_FORWARD_CLUSTER;JUN29=PUT_CALL_PARITY;DEC30=PUT_CALL_PARITY,SEP26=30784.5;OCT26=30771.875;DEC29=30567.375;DEC26=25293.875;NOV26=31207.875;MAR27=27605.375;JUN27=24447;DEC27=21051.75;SEP27=36072.5,DEC28=GLOBAL_REFERENCE_NO_OBSERVATION;JUN27=GLOBAL_REFERENCE_OUTLIER_SERIES_FORWARD_CLUSTER;DEC27=GLOBAL_REFERENCE_OUTLIER_SERIES_FORWARD_CLUSTER;JUN29=GLOBAL_REFERENCE_NO_OBSERVATION;DEC30=GLOBAL_REFERENCE_NO_OBSERVATION,WEIGHTED_ATM,2026-09-30,6,120,0.0,NONE,5139,4967,0,0,165,NONE,MN1;MN2;MN3;MN4;MN5;QMW;QRW;QTW;QWW,OK,NONE,NONE,2026-09-21
NAS,31000.0,256630955.49314156,30.375356717595487,0.0,0.0,0.0,0.0,0.0,0.0,31097.76071498286,30471.23928501714,31411.021429965713,30157.978570034287,DEC26,SEP26,2026-09-23,2026-12-18,30784.5,29969.045028362125,FOUND,DEGRADED,SPOT_MONTH_FALLBACK;ESTIMATED_EXPIRY_ALIAS,2026-08-02.2,PUT_CALL_PARITY,SEP26,SEP26=PUT_CALL_PARITY;OCT26=PUT_CALL_PARITY;DEC29=SERIES_FORWARD_CLUSTER;DEC26=SERIES_FORWARD_CLUSTER;NOV26=SERIES_FORWARD_CLUSTER;MAR27=SERIES_FORWARD_CLUSTER;DEC28=PUT_CALL_PARITY;JUN27=PUT_CALL_PARITY;DEC27=PUT_CALL_PARITY;SEP27=SERIES_FORWARD_CLUSTER;JUN29=PUT_CALL_PARITY;DEC30=PUT_CALL_PARITY,SEP26=30784.5;OCT26=30771.875;DEC29=30567.375;DEC26=25293.875;NOV26=31207.875;MAR27=27605.375;JUN27=24447;DEC27=21051.75;SEP27=36072.5,DEC28=GLOBAL_REFERENCE_NO_OBSERVATION;JUN27=GLOBAL_REFERENCE_OUTLIER_SERIES_FORWARD_CLUSTER;DEC27=GLOBAL_REFERENCE_OUTLIER_SERIES_FORWARD_CLUSTER;JUN29=GLOBAL_REFERENCE_NO_OBSERVATION;DEC30=GLOBAL_REFERENCE_NO_OBSERVATION,WEIGHTED_ATM,2026-09-30,6,120,0.0,NONE,5139,4967,0,0,165,NONE,MN1;MN2;MN3;MN4;MN5;QMW;QRW;QTW;QWW,OK,NONE,NONE,2026-09-21
NAS,31050.0,34830235.31207318,3.774186721155656,0.0,0.0,0.0,0.0,0.0,0.0,31097.76071498286,30471.23928501714,31411.021429965713,30157.978570034287,DEC26,SEP26,2026-09-23,2026-12-18,30784.5,29969.045028362125,FOUND,DEGRADED,SPOT_MONTH_FALLBACK;ESTIMATED_EXPIRY_ALIAS,2026-08-02.2,PUT_CALL_PARITY,SEP26,SEP26=PUT_CALL_PARITY;OCT26=PUT_CALL_PARITY;DEC29=SERIES_FORWARD_CLUSTER;DEC26=SERIES_FORWARD_CLUSTER;NOV26=SERIES_FORWARD_CLUSTER;MAR27=SERIES_FORWARD_CLUSTER;DEC28=PUT_CALL_PARITY;JUN27=PUT_CALL_PARITY;DEC27=PUT_CALL_PARITY;SEP27=SERIES_FORWARD_CLUSTER;JUN29=PUT_CALL_PARITY;DEC30=PUT_CALL_PARITY,SEP26=30784.5;OCT26=30771.875;DEC29=30567.375;DEC26=25293.875;NOV26=31207.875;MAR27=27605.375;JUN27=24447;DEC27=21051.75;SEP27=36072.5,DEC28=GLOBAL_REFERENCE_NO_OBSERVATION;JUN27=GLOBAL_REFERENCE_OUTLIER_SERIES_FORWARD_CLUSTER;DEC27=GLOBAL_REFERENCE_OUTLIER_SERIES_FORWARD_CLUSTER;JUN29=GLOBAL_REFERENCE_NO_OBSERVATION;DEC30=GLOBAL_REFERENCE_NO_OBSERVATION,WEIGHTED_ATM,2026-09-30,6,120,0.0,NONE,5139,4967,0,0,165,NONE,MN1;MN2;MN3;MN4;MN5;QMW;QRW;QTW;QWW,OK,NONE,NONE,2026-09-21
NAS,31100.0,93605814.87385568,10.87076563546375,0.0,0.0,0.0,0.0,0.0,0.0,31097.76071498286,30471.23928501714,31411.021429965713,30157.978570034287,DEC26,SEP26,2026-09-23,2026-12-18,30784.5,29969.045028362125,FOUND,DEGRADED,SPOT_MONTH_FALLBACK;ESTIMATED_EXPIRY_ALIAS,2026-08-02.2,PUT_CALL_PARITY,SEP26,SEP26=PUT_CALL_PARITY;OCT26=PUT_CALL_PARITY;DEC29=SERIES_FORWARD_CLUSTER;DEC26=SERIES_FORWARD_CLUSTER;NOV26=SERIES_FORWARD_CLUSTER;MAR27=SERIES_FORWARD_CLUSTER;DEC28=PUT_CALL_PARITY;JUN27=PUT_CALL_PARITY;DEC27=PUT_CALL_PARITY;SEP27=SERIES_FORWARD_CLUSTER;JUN29=PUT_CALL_PARITY;DEC30=PUT_CALL_PARITY,SEP26=30784.5;OCT26=30771.875;DEC29=30567.375;DEC26=25293.875;NOV26=31207.875;MAR27=27605.375;JUN27=24447;DEC27=21051.75;SEP27=36072.5,DEC28=GLOBAL_REFERENCE_NO_OBSERVATION;JUN27=GLOBAL_REFERENCE_OUTLIER_SERIES_FORWARD_CLUSTER;DEC27=GLOBAL_REFERENCE_OUTLIER_SERIES_FORWARD_CLUSTER;JUN29=GLOBAL_REFERENCE_NO_OBSERVATION;DEC30=GLOBAL_REFERENCE_NO_OBSERVATION,WEIGHTED_ATM,2026-09-30,6,120,0.0,NONE,5139,4967,0,0,165,NONE,MN1;MN2;MN3;MN4;MN5;QMW;QRW;QTW;QWW,OK,NONE,NONE,2026-09-21
NAS,31150.0,20576163.97785225,2.171561349419378,0.0,0.0,0.0,0.0,0.0,0.0,31097.76071498286,30471.23928501714,31411.021429965713,30157.978570034287,DEC26,SEP26,2026-09-23,2026-12-18,30784.5,29969.045028362125,FOUND,DEGRADED,SPOT_MONTH_FALLBACK;ESTIMATED_EXPIRY_ALIAS,2026-08-02.2,PUT_CALL_PARITY,SEP26,SEP26=PUT_CALL_PARITY;OCT26=PUT_CALL_PARITY;DEC29=SERIES_FORWARD_CLUSTER;DEC26=SERIES_FORWARD_CLUSTER;NOV26=SERIES_FORWARD_CLUSTER;MAR27=SERIES_FORWARD_CLUSTER;DEC28=PUT_CALL_PARITY;JUN27=PUT_CALL_PARITY;DEC27=PUT_CALL_PARITY;SEP27=SERIES_FORWARD_CLUSTER;JUN29=PUT_CALL_PARITY;DEC30=PUT_CALL_PARITY,SEP26=30784.5;OCT26=30771.875;DEC29=30567.375;DEC26=25293.875;NOV26=31207.875;MAR27=27605.375;JUN27=24447;DEC27=21051.75;SEP27=36072.5,DEC28=GLOBAL_REFERENCE_NO_OBSERVATION;JUN27=GLOBAL_REFERENCE_OUTLIER_SERIES_FORWARD_CLUSTER;DEC27=GLOBAL_REFERENCE_OUTLIER_SERIES_FORWARD_CLUSTER;JUN29=GLOBAL_REFERENCE_NO_OBSERVATION;DEC30=GLOBAL_REFERENCE_NO_OBSERVATION,WEIGHTED_ATM,2026-09-30,6,120,0.0,NONE,5139,4967,0,0,165,NONE,MN1;MN2;MN3;MN4;MN5;QMW;QRW;QTW;QWW,OK,NONE,NONE,2026-09-21
NAS,31200.0,64334107.21966109,7.178749528972063,0.0,0.0,0.0,0.0,0.0,0.0,31097.76071498286,30471.23928501714,31411.021429965713,30157.978570034287,DEC26,SEP26,2026-09-23,2026-12-18,30784.5,29969.045028362125,FOUND,DEGRADED,SPOT_MONTH_FALLBACK;ESTIMATED_EXPIRY_ALIAS,2026-08-02.2,PUT_CALL_PARITY,SEP26,SEP26=PUT_CALL_PARITY;OCT26=PUT_CALL_PARITY;DEC29=SERIES_FORWARD_CLUSTER;DEC26=SERIES_FORWARD_CLUSTER;NOV26=SERIES_FORWARD_CLUSTER;MAR27=SERIES_FORWARD_CLUSTER;DEC28=PUT_CALL_PARITY;JUN27=PUT_CALL_PARITY;DEC27=PUT_CALL_PARITY;SEP27=SERIES_FORWARD_CLUSTER;JUN29=PUT_CALL_PARITY;DEC30=PUT_CALL_PARITY,SEP26=30784.5;OCT26=30771.875;DEC29=30567.375;DEC26=25293.875;NOV26=31207.875;MAR27=27605.375;JUN27=24447;DEC27=21051.75;SEP27=36072.5,DEC28=GLOBAL_REFERENCE_NO_OBSERVATION;JUN27=GLOBAL_REFERENCE_OUTLIER_SERIES_FORWARD_CLUSTER;DEC27=GLOBAL_REFERENCE_OUTLIER_SERIES_FORWARD_CLUSTER;JUN29=GLOBAL_REFERENCE_NO_OBSERVATION;DEC30=GLOBAL_REFERENCE_NO_OBSERVATION,WEIGHTED_ATM,2026-09-30,6,120,0.0,NONE,5139,4967,0,0,165,NONE,MN1;MN2;MN3;MN4;MN5;QMW;QRW;QTW;QWW,OK,NONE,NONE,2026-09-21
NAS,31250.0,130375594.5973163,14.307708932915379,0.0,0.0,0.0,0.0,0.0,0.0,31097.76071498286,30471.23928501714,31411.021429965713,30157.978570034287,DEC26,SEP26,2026-09-23,2026-12-18,30784.5,29969.045028362125,FOUND,DEGRADED,SPOT_MONTH_FALLBACK;ESTIMATED_EXPIRY_ALIAS,2026-08-02.2,PUT_CALL_PARITY,SEP26,SEP26=PUT_CALL_PARITY;OCT26=PUT_CALL_PARITY;DEC29=SERIES_FORWARD_CLUSTER;DEC26=SERIES_FORWARD_CLUSTER;NOV26=SERIES_FORWARD_CLUSTER;MAR27=SERIES_FORWARD_CLUSTER;DEC28=PUT_CALL_PARITY;JUN27=PUT_CALL_PARITY;DEC27=PUT_CALL_PARITY;SEP27=SERIES_FORWARD_CLUSTER;JUN29=PUT_CALL_PARITY;DEC30=PUT_CALL_PARITY,SEP26=30784.5;OCT26=30771.875;DEC29=30567.375;DEC26=25293.875;NOV26=31207.875;MAR27=27605.375;JUN27=24447;DEC27=21051.75;SEP27=36072.5,DEC28=GLOBAL_REFERENCE_NO_OBSERVATION;JUN27=GLOBAL_REFERENCE_OUTLIER_SERIES_FORWARD_CLUSTER;DEC27=GLOBAL_REFERENCE_OUTLIER_SERIES_FORWARD_CLUSTER;JUN29=GLOBAL_REFERENCE_NO_OBSERVATION;DEC30=GLOBAL_REFERENCE_NO_OBSERVATION,WEIGHTED_ATM,2026-09-30,6,120,0.0,NONE,5139,4967,0,0,165,NONE,MN1;MN2;MN3;MN4;MN5;QMW;QRW;QTW;QWW,OK,NONE,NONE,2026-09-21
NAS,31300.0,27903038.47034063,3.535368391970669,0.0,0.0,0.0,0.0,0.0,0.0,31097.76071498286,30471.23928501714,31411.021429965713,30157.978570034287,DEC26,SEP26,2026-09-23,2026-12-18,30784.5,29969.045028362125,FOUND,DEGRADED,SPOT_MONTH_FALLBACK;ESTIMATED_EXPIRY_ALIAS,2026-08-02.2,PUT_CALL_PARITY,SEP26,SEP26=PUT_CALL_PARITY;OCT26=PUT_CALL_PARITY;DEC29=SERIES_FORWARD_CLUSTER;DEC26=SERIES_FORWARD_CLUSTER;NOV26=SERIES_FORWARD_CLUSTER;MAR27=SERIES_FORWARD_CLUSTER;DEC28=PUT_CALL_PARITY;JUN27=PUT_CALL_PARITY;DEC27=PUT_CALL_PARITY;SEP27=SERIES_FORWARD_CLUSTER;JUN29=PUT_CALL_PARITY;DEC30=PUT_CALL_PARITY,SEP26=30784.5;OCT26=30771.875;DEC29=30567.375;DEC26=25293.875;NOV26=31207.875;MAR27=27605.375;JUN27=24447;DEC27=21051.75;SEP27=36072.5,DEC28=GLOBAL_REFERENCE_NO_OBSERVATION;JUN27=GLOBAL_REFERENCE_OUTLIER_SERIES_FORWARD_CLUSTER;DEC27=GLOBAL_REFERENCE_OUTLIER_SERIES_FORWARD_CLUSTER;JUN29=GLOBAL_REFERENCE_NO_OBSERVATION;DEC30=GLOBAL_REFERENCE_NO_OBSERVATION,WEIGHTED_ATM,2026-09-30,6,120,0.0,NONE,5139,4967,0,0,165,NONE,MN1;MN2;MN3;MN4;MN5;QMW;QRW;QTW;QWW,OK,NONE,NONE,2026-09-21
NAS,31350.0,11292403.112874424,1.226290105961678,0.0,0.0,0.0,0.0,0.0,0.0,31097.76071498286,30471.23928501714,31411.021429965713,30157.978570034287,DEC26,SEP26,2026-09-23,2026-12-18,30784.5,29969.045028362125,FOUND,DEGRADED,SPOT_MONTH_FALLBACK;ESTIMATED_EXPIRY_ALIAS,2026-08-02.2,PUT_CALL_PARITY,SEP26,SEP26=PUT_CALL_PARITY;OCT26=PUT_CALL_PARITY;DEC29=SERIES_FORWARD_CLUSTER;DEC26=SERIES_FORWARD_CLUSTER;NOV26=SERIES_FORWARD_CLUSTER;MAR27=SERIES_FORWARD_CLUSTER;DEC28=PUT_CALL_PARITY;JUN27=PUT_CALL_PARITY;DEC27=PUT_CALL_PARITY;SEP27=SERIES_FORWARD_CLUSTER;JUN29=PUT_CALL_PARITY;DEC30=PUT_CALL_PARITY,SEP26=30784.5;OCT26=30771.875;DEC29=30567.375;DEC26=25293.875;NOV26=31207.875;MAR27=27605.375;JUN27=24447;DEC27=21051.75;SEP27=36072.5,DEC28=GLOBAL_REFERENCE_NO_OBSERVATION;JUN27=GLOBAL_REFERENCE_OUTLIER_SERIES_FORWARD_CLUSTER;DEC27=GLOBAL_REFERENCE_OUTLIER_SERIES_FORWARD_CLUSTER;JUN29=GLOBAL_REFERENCE_NO_OBSERVATION;DEC30=GLOBAL_REFERENCE_NO_OBSERVATION,WEIGHTED_ATM,2026-09-30,6,120,0.0,NONE,5139,4967,0,0,165,NONE,MN1;MN2;MN3;MN4;MN5;QMW;QRW;QTW;QWW,OK,NONE,NONE,2026-09-21
NAS,31400.0,14626446.578833783,1.90456652640772,0.0,0.0,0.0,0.0,0.0,0.0,31097.76071498286,30471.23928501714,31411.021429965713,30157.978570034287,DEC26,SEP26,2026-09-23,2026-12-18,30784.5,29969.045028362125,FOUND,DEGRADED,SPOT_MONTH_FALLBACK;ESTIMATED_EXPIRY_ALIAS,2026-08-02.2,PUT_CALL_PARITY,SEP26,SEP26=PUT_CALL_PARITY;OCT26=PUT_CALL_PARITY;DEC29=SERIES_FORWARD_CLUSTER;DEC26=SERIES_FORWARD_CLUSTER;NOV26=SERIES_FORWARD_CLUSTER;MAR27=SERIES_FORWARD_CLUSTER;DEC28=PUT_CALL_PARITY;JUN27=PUT_CALL_PARITY;DEC27=PUT_CALL_PARITY;SEP27=SERIES_FORWARD_CLUSTER;JUN29=PUT_CALL_PARITY;DEC30=PUT_CALL_PARITY,SEP26=30784.5;OCT26=30771.875;DEC29=30567.375;DEC26=25293.875;NOV26=31207.875;MAR27=27605.375;JUN27=24447;DEC27=21051.75;SEP27=36072.5,DEC28=GLOBAL_REFERENCE_NO_OBSERVATION;JUN27=GLOBAL_REFERENCE_OUTLIER_SERIES_FORWARD_CLUSTER;DEC27=GLOBAL_REFERENCE_OUTLIER_SERIES_FORWARD_CLUSTER;JUN29=GLOBAL_REFERENCE_NO_OBSERVATION;DEC30=GLOBAL_REFERENCE_NO_OBSERVATION,WEIGHTED_ATM,2026-09-30,6,120,0.0,NONE,5139,4967,0,0,165,NONE,MN1;MN2;MN3;MN4;MN5;QMW;QRW;QTW;QWW,OK,NONE,NONE,2026-09-21
NAS,31500.0,104215730.75578688,11.723771446173897,0.0,0.0,0.0,0.0,0.0,0.0,31097.76071498286,30471.23928501714,31411.021429965713,30157.978570034287,DEC26,SEP26,2026-09-23,2026-12-18,30784.5,29969.045028362125,FOUND,DEGRADED,SPOT_MONTH_FALLBACK;ESTIMATED_EXPIRY_ALIAS,2026-08-02.2,PUT_CALL_PARITY,SEP26,SEP26=PUT_CALL_PARITY;OCT26=PUT_CALL_PARITY;DEC29=SERIES_FORWARD_CLUSTER;DEC26=SERIES_FORWARD_CLUSTER;NOV26=SERIES_FORWARD_CLUSTER;MAR27=SERIES_FORWARD_CLUSTER;DEC28=PUT_CALL_PARITY;JUN27=PUT_CALL_PARITY;DEC27=PUT_CALL_PARITY;SEP27=SERIES_FORWARD_CLUSTER;JUN29=PUT_CALL_PARITY;DEC30=PUT_CALL_PARITY,SEP26=30784.5;OCT26=30771.875;DEC29=30567.375;DEC26=25293.875;NOV26=31207.875;MAR27=27605.375;JUN27=24447;DEC27=21051.75;SEP27=36072.5,DEC28=GLOBAL_REFERENCE_NO_OBSERVATION;JUN27=GLOBAL_REFERENCE_OUTLIER_SERIES_FORWARD_CLUSTER;DEC27=GLOBAL_REFERENCE_OUTLIER_SERIES_FORWARD_CLUSTER;JUN29=GLOBAL_REFERENCE_NO_OBSERVATION;DEC30=GLOBAL_REFERENCE_NO_OBSERVATION,WEIGHTED_ATM,2026-09-30,6,120,0.0,NONE,5139,4967,0,0,165,NONE,MN1;MN2;MN3;MN4;MN5;QMW;QRW;QTW;QWW,OK,NONE,NONE,2026-09-21
NAS,31600.0,13043841.173291253,1.5142122120145327,0.0,0.0,0.0,0.0,0.0,0.0,31097.76071498286,30471.23928501714,31411.021429965713,30157.978570034287,DEC26,SEP26,2026-09-23,2026-12-18,30784.5,29969.045028362125,FOUND,DEGRADED,SPOT_MONTH_FALLBACK;ESTIMATED_EXPIRY_ALIAS,2026-08-02.2,PUT_CALL_PARITY,SEP26,SEP26=PUT_CALL_PARITY;OCT26=PUT_CALL_PARITY;DEC29=SERIES_FORWARD_CLUSTER;DEC26=SERIES_FORWARD_CLUSTER;NOV26=SERIES_FORWARD_CLUSTER;MAR27=SERIES_FORWARD_CLUSTER;DEC28=PUT_CALL_PARITY;JUN27=PUT_CALL_PARITY;DEC27=PUT_CALL_PARITY;SEP27=SERIES_FORWARD_CLUSTER;JUN29=PUT_CALL_PARITY;DEC30=PUT_CALL_PARITY,SEP26=30784.5;OCT26=30771.875;DEC29=30567.375;DEC26=25293.875;NOV26=31207.875;MAR27=27605.375;JUN27=24447;DEC27=21051.75;SEP27=36072.5,DEC28=GLOBAL_REFERENCE_NO_OBSERVATION;JUN27=GLOBAL_REFERENCE_OUTLIER_SERIES_FORWARD_CLUSTER;DEC27=GLOBAL_REFERENCE_OUTLIER_SERIES_FORWARD_CLUSTER;JUN29=GLOBAL_REFERENCE_NO_OBSERVATION;DEC30=GLOBAL_REFERENCE_NO_OBSERVATION,WEIGHTED_ATM,2026-09-30,6,120,0.0,NONE,5139,4967,0,0,165,NONE,MN1;MN2;MN3;MN4;MN5;QMW;QRW;QTW;QWW,OK,NONE,NONE,2026-09-21
NAS,31700.0,35120367.668409094,3.843448189352314,0.0,0.0,0.0,0.0,0.0,0.0,31097.76071498286,30471.23928501714,31411.021429965713,30157.978570034287,DEC26,SEP26,2026-09-23,2026-12-18,30784.5,29969.045028362125,FOUND,DEGRADED,SPOT_MONTH_FALLBACK;ESTIMATED_EXPIRY_ALIAS,2026-08-02.2,PUT_CALL_PARITY,SEP26,SEP26=PUT_CALL_PARITY;OCT26=PUT_CALL_PARITY;DEC29=SERIES_FORWARD_CLUSTER;DEC26=SERIES_FORWARD_CLUSTER;NOV26=SERIES_FORWARD_CLUSTER;MAR27=SERIES_FORWARD_CLUSTER;DEC28=PUT_CALL_PARITY;JUN27=PUT_CALL_PARITY;DEC27=PUT_CALL_PARITY;SEP27=SERIES_FORWARD_CLUSTER;JUN29=PUT_CALL_PARITY;DEC30=PUT_CALL_PARITY,SEP26=30784.5;OCT26=30771.875;DEC29=30567.375;DEC26=25293.875;NOV26=31207.875;MAR27=27605.375;JUN27=24447;DEC27=21051.75;SEP27=36072.5,DEC28=GLOBAL_REFERENCE_NO_OBSERVATION;JUN27=GLOBAL_REFERENCE_OUTLIER_SERIES_FORWARD_CLUSTER;DEC27=GLOBAL_REFERENCE_OUTLIER_SERIES_FORWARD_CLUSTER;JUN29=GLOBAL_REFERENCE_NO_OBSERVATION;DEC30=GLOBAL_REFERENCE_NO_OBSERVATION,WEIGHTED_ATM,2026-09-30,6,120,0.0,NONE,5139,4967,0,0,165,NONE,MN1;MN2;MN3;MN4;MN5;QMW;QRW;QTW;QWW,OK,NONE,NONE,2026-09-21
NAS,31750.0,60888389.71828382,6.6625842381566365,0.0,0.0,0.0,0.0,0.0,0.0,31097.76071498286,30471.23928501714,31411.021429965713,30157.978570034287,DEC26,SEP26,2026-09-23,2026-12-18,30784.5,29969.045028362125,FOUND,DEGRADED,SPOT_MONTH_FALLBACK;ESTIMATED_EXPIRY_ALIAS,2026-08-02.2,PUT_CALL_PARITY,SEP26,SEP26=PUT_CALL_PARITY;OCT26=PUT_CALL_PARITY;DEC29=SERIES_FORWARD_CLUSTER;DEC26=SERIES_FORWARD_CLUSTER;NOV26=SERIES_FORWARD_CLUSTER;MAR27=SERIES_FORWARD_CLUSTER;DEC28=PUT_CALL_PARITY;JUN27=PUT_CALL_PARITY;DEC27=PUT_CALL_PARITY;SEP27=SERIES_FORWARD_CLUSTER;JUN29=PUT_CALL_PARITY;DEC30=PUT_CALL_PARITY,SEP26=30784.5;OCT26=30771.875;DEC29=30567.375;DEC26=25293.875;NOV26=31207.875;MAR27=27605.375;JUN27=24447;DEC27=21051.75;SEP27=36072.5,DEC28=GLOBAL_REFERENCE_NO_OBSERVATION;JUN27=GLOBAL_REFERENCE_OUTLIER_SERIES_FORWARD_CLUSTER;DEC27=GLOBAL_REFERENCE_OUTLIER_SERIES_FORWARD_CLUSTER;JUN29=GLOBAL_REFERENCE_NO_OBSERVATION;DEC30=GLOBAL_REFERENCE_NO_OBSERVATION,WEIGHTED_ATM,2026-09-30,6,120,0.0,NONE,5139,4967,0,0,165,NONE,MN1;MN2;MN3;MN4;MN5;QMW;QRW;QTW;QWW,OK,NONE,NONE,2026-09-21
NAS,31800.0,30646330.805743527,3.280550378025542,0.0,0.0,0.0,0.0,0.0,0.0,31097.76071498286,30471.23928501714,31411.021429965713,30157.978570034287,DEC26,SEP26,2026-09-23,2026-12-18,30784.5,29969.045028362125,FOUND,DEGRADED,SPOT_MONTH_FALLBACK;ESTIMATED_EXPIRY_ALIAS,2026-08-02.2,PUT_CALL_PARITY,SEP26,SEP26=PUT_CALL_PARITY;OCT26=PUT_CALL_PARITY;DEC29=SERIES_FORWARD_CLUSTER;DEC26=SERIES_FORWARD_CLUSTER;NOV26=SERIES_FORWARD_CLUSTER;MAR27=SERIES_FORWARD_CLUSTER;DEC28=PUT_CALL_PARITY;JUN27=PUT_CALL_PARITY;DEC27=PUT_CALL_PARITY;SEP27=SERIES_FORWARD_CLUSTER;JUN29=PUT_CALL_PARITY;DEC30=PUT_CALL_PARITY,SEP26=30784.5;OCT26=30771.875;DEC29=30567.375;DEC26=25293.875;NOV26=31207.875;MAR27=27605.375;JUN27=24447;DEC27=21051.75;SEP27=36072.5,DEC28=GLOBAL_REFERENCE_NO_OBSERVATION;JUN27=GLOBAL_REFERENCE_OUTLIER_SERIES_FORWARD_CLUSTER;DEC27=GLOBAL_REFERENCE_OUTLIER_SERIES_FORWARD_CLUSTER;JUN29=GLOBAL_REFERENCE_NO_OBSERVATION;DEC30=GLOBAL_REFERENCE_NO_OBSERVATION,WEIGHTED_ATM,2026-09-30,6,120,0.0,NONE,5139,4967,0,0,165,NONE,MN1;MN2;MN3;MN4;MN5;QMW;QRW;QTW;QWW,OK,NONE,NONE,2026-09-21
NAS,31900.0,7429589.6128997775,0.8505849232096208,0.0,0.0,0.0,0.0,0.0,0.0,31097.76071498286,30471.23928501714,31411.021429965713,30157.978570034287,DEC26,SEP26,2026-09-23,2026-12-18,30784.5,29969.045028362125,FOUND,DEGRADED,SPOT_MONTH_FALLBACK;ESTIMATED_EXPIRY_ALIAS,2026-08-02.2,PUT_CALL_PARITY,SEP26,SEP26=PUT_CALL_PARITY;OCT26=PUT_CALL_PARITY;DEC29=SERIES_FORWARD_CLUSTER;DEC26=SERIES_FORWARD_CLUSTER;NOV26=SERIES_FORWARD_CLUSTER;MAR27=SERIES_FORWARD_CLUSTER;DEC28=PUT_CALL_PARITY;JUN27=PUT_CALL_PARITY;DEC27=PUT_CALL_PARITY;SEP27=SERIES_FORWARD_CLUSTER;JUN29=PUT_CALL_PARITY;DEC30=PUT_CALL_PARITY,SEP26=30784.5;OCT26=30771.875;DEC29=30567.375;DEC26=25293.875;NOV26=31207.875;MAR27=27605.375;JUN27=24447;DEC27=21051.75;SEP27=36072.5,DEC28=GLOBAL_REFERENCE_NO_OBSERVATION;JUN27=GLOBAL_REFERENCE_OUTLIER_SERIES_FORWARD_CLUSTER;DEC27=GLOBAL_REFERENCE_OUTLIER_SERIES_FORWARD_CLUSTER;JUN29=GLOBAL_REFERENCE_NO_OBSERVATION;DEC30=GLOBAL_REFERENCE_NO_OBSERVATION,WEIGHTED_ATM,2026-09-30,6,120,0.0,NONE,5139,4967,0,0,165,NONE,MN1;MN2;MN3;MN4;MN5;QMW;QRW;QTW;QWW,OK,NONE,NONE,2026-09-21
NAS,32000.0,96986112.96891214,10.939128107231094,0.0,0.0,0.0,0.0,0.0,0.0,31097.76071498286,30471.23928501714,31411.021429965713,30157.978570034287,DEC26,SEP26,2026-09-23,2026-12-18,30784.5,29969.045028362125,FOUND,DEGRADED,SPOT_MONTH_FALLBACK;ESTIMATED_EXPIRY_ALIAS,2026-08-02.2,PUT_CALL_PARITY,SEP26,SEP26=PUT_CALL_PARITY;OCT26=PUT_CALL_PARITY;DEC29=SERIES_FORWARD_CLUSTER;DEC26=SERIES_FORWARD_CLUSTER;NOV26=SERIES_FORWARD_CLUSTER;MAR27=SERIES_FORWARD_CLUSTER;DEC28=PUT_CALL_PARITY;JUN27=PUT_CALL_PARITY;DEC27=PUT_CALL_PARITY;SEP27=SERIES_FORWARD_CLUSTER;JUN29=PUT_CALL_PARITY;DEC30=PUT_CALL_PARITY,SEP26=30784.5;OCT26=30771.875;DEC29=30567.375;DEC26=25293.875;NOV26=31207.875;MAR27=27605.375;JUN27=24447;DEC27=21051.75;SEP27=36072.5,DEC28=GLOBAL_REFERENCE_NO_OBSERVATION;JUN27=GLOBAL_REFERENCE_OUTLIER_SERIES_FORWARD_CLUSTER;DEC27=GLOBAL_REFERENCE_OUTLIER_SERIES_FORWARD_CLUSTER;JUN29=GLOBAL_REFERENCE_NO_OBSERVATION;DEC30=GLOBAL_REFERENCE_NO_OBSERVATION,WEIGHTED_ATM,2026-09-30,6,120,0.0,NONE,5139,4967,0,0,165,NONE,MN1;MN2;MN3;MN4;MN5;QMW;QRW;QTW;QWW,OK,NONE,NONE,2026-09-21
NAS,32100.0,8113101.317274552,0.856633785533801,0.0,0.0,0.0,0.0,0.0,0.0,31097.76071498286,30471.23928501714,31411.021429965713,30157.978570034287,DEC26,SEP26,2026-09-23,2026-12-18,30784.5,29969.045028362125,FOUND,DEGRADED,SPOT_MONTH_FALLBACK;ESTIMATED_EXPIRY_ALIAS,2026-08-02.2,PUT_CALL_PARITY,SEP26,SEP26=PUT_CALL_PARITY;OCT26=PUT_CALL_PARITY;DEC29=SERIES_FORWARD_CLUSTER;DEC26=SERIES_FORWARD_CLUSTER;NOV26=SERIES_FORWARD_CLUSTER;MAR27=SERIES_FORWARD_CLUSTER;DEC28=PUT_CALL_PARITY;JUN27=PUT_CALL_PARITY;DEC27=PUT_CALL_PARITY;SEP27=SERIES_FORWARD_CLUSTER;JUN29=PUT_CALL_PARITY;DEC30=PUT_CALL_PARITY,SEP26=30784.5;OCT26=30771.875;DEC29=30567.375;DEC26=25293.875;NOV26=31207.875;MAR27=27605.375;JUN27=24447;DEC27=21051.75;SEP27=36072.5,DEC28=GLOBAL_REFERENCE_NO_OBSERVATION;JUN27=GLOBAL_REFERENCE_OUTLIER_SERIES_FORWARD_CLUSTER;DEC27=GLOBAL_REFERENCE_OUTLIER_SERIES_FORWARD_CLUSTER;JUN29=GLOBAL_REFERENCE_NO_OBSERVATION;DEC30=GLOBAL_REFERENCE_NO_OBSERVATION,WEIGHTED_ATM,2026-09-30,6,120,0.0,NONE,5139,4967,0,0,165,NONE,MN1;MN2;MN3;MN4;MN5;QMW;QRW;QTW;QWW,OK,NONE,NONE,2026-09-21
NAS,32200.0,2957180.729622066,0.3121822886916219,0.0,0.0,0.0,0.0,0.0,0.0,31097.76071498286,30471.23928501714,31411.021429965713,30157.978570034287,DEC26,SEP26,2026-09-23,2026-12-18,30784.5,29969.045028362125,FOUND,DEGRADED,SPOT_MONTH_FALLBACK;ESTIMATED_EXPIRY_ALIAS,2026-08-02.2,PUT_CALL_PARITY,SEP26,SEP26=PUT_CALL_PARITY;OCT26=PUT_CALL_PARITY;DEC29=SERIES_FORWARD_CLUSTER;DEC26=SERIES_FORWARD_CLUSTER;NOV26=SERIES_FORWARD_CLUSTER;MAR27=SERIES_FORWARD_CLUSTER;DEC28=PUT_CALL_PARITY;JUN27=PUT_CALL_PARITY;DEC27=PUT_CALL_PARITY;SEP27=SERIES_FORWARD_CLUSTER;JUN29=PUT_CALL_PARITY;DEC30=PUT_CALL_PARITY,SEP26=30784.5;OCT26=30771.875;DEC29=30567.375;DEC26=25293.875;NOV26=31207.875;MAR27=27605.375;JUN27=24447;DEC27=21051.75;SEP27=36072.5,DEC28=GLOBAL_REFERENCE_NO_OBSERVATION;JUN27=GLOBAL_REFERENCE_OUTLIER_SERIES_FORWARD_CLUSTER;DEC27=GLOBAL_REFERENCE_OUTLIER_SERIES_FORWARD_CLUSTER;JUN29=GLOBAL_REFERENCE_NO_OBSERVATION;DEC30=GLOBAL_REFERENCE_NO_OBSERVATION,WEIGHTED_ATM,2026-09-30,6,120,0.0,NONE,5139,4967,0,0,165,NONE,MN1;MN2;MN3;MN4;MN5;QMW;QRW;QTW;QWW,OK,NONE,NONE,2026-09-21
NAS,32250.0,12747173.649830347,1.3798804497135035,0.0,0.0,0.0,0.0,0.0,0.0,31097.76071498286,30471.23928501714,31411.021429965713,30157.978570034287,DEC26,SEP26,2026-09-23,2026-12-18,30784.5,29969.045028362125,FOUND,DEGRADED,SPOT_MONTH_FALLBACK;ESTIMATED_EXPIRY_ALIAS,2026-08-02.2,PUT_CALL_PARITY,SEP26,SEP26=PUT_CALL_PARITY;OCT26=PUT_CALL_PARITY;DEC29=SERIES_FORWARD_CLUSTER;DEC26=SERIES_FORWARD_CLUSTER;NOV26=SERIES_FORWARD_CLUSTER;MAR27=SERIES_FORWARD_CLUSTER;DEC28=PUT_CALL_PARITY;JUN27=PUT_CALL_PARITY;DEC27=PUT_CALL_PARITY;SEP27=SERIES_FORWARD_CLUSTER;JUN29=PUT_CALL_PARITY;DEC30=PUT_CALL_PARITY,SEP26=30784.5;OCT26=30771.875;DEC29=30567.375;DEC26=25293.875;NOV26=31207.875;MAR27=27605.375;JUN27=24447;DEC27=21051.75;SEP27=36072.5,DEC28=GLOBAL_REFERENCE_NO_OBSERVATION;JUN27=GLOBAL_REFERENCE_OUTLIER_SERIES_FORWARD_CLUSTER;DEC27=GLOBAL_REFERENCE_OUTLIER_SERIES_FORWARD_CLUSTER;JUN29=GLOBAL_REFERENCE_NO_OBSERVATION;DEC30=GLOBAL_REFERENCE_NO_OBSERVATION,WEIGHTED_ATM,2026-09-30,6,120,0.0,NONE,5139,4967,0,0,165,NONE,MN1;MN2;MN3;MN4;MN5;QMW;QRW;QTW;QWW,OK,NONE,NONE,2026-09-21
NAS,32300.0,4865964.899249454,0.513767779803373,0.0,0.0,0.0,0.0,0.0,0.0,31097.76071498286,30471.23928501714,31411.021429965713,30157.978570034287,DEC26,SEP26,2026-09-23,2026-12-18,30784.5,29969.045028362125,FOUND,DEGRADED,SPOT_MONTH_FALLBACK;ESTIMATED_EXPIRY_ALIAS,2026-08-02.2,PUT_CALL_PARITY,SEP26,SEP26=PUT_CALL_PARITY;OCT26=PUT_CALL_PARITY;DEC29=SERIES_FORWARD_CLUSTER;DEC26=SERIES_FORWARD_CLUSTER;NOV26=SERIES_FORWARD_CLUSTER;MAR27=SERIES_FORWARD_CLUSTER;DEC28=PUT_CALL_PARITY;JUN27=PUT_CALL_PARITY;DEC27=PUT_CALL_PARITY;SEP27=SERIES_FORWARD_CLUSTER;JUN29=PUT_CALL_PARITY;DEC30=PUT_CALL_PARITY,SEP26=30784.5;OCT26=30771.875;DEC29=30567.375;DEC26=25293.875;NOV26=31207.875;MAR27=27605.375;JUN27=24447;DEC27=21051.75;SEP27=36072.5,DEC28=GLOBAL_REFERENCE_NO_OBSERVATION;JUN27=GLOBAL_REFERENCE_OUTLIER_SERIES_FORWARD_CLUSTER;DEC27=GLOBAL_REFERENCE_OUTLIER_SERIES_FORWARD_CLUSTER;JUN29=GLOBAL_REFERENCE_NO_OBSERVATION;DEC30=GLOBAL_REFERENCE_NO_OBSERVATION,WEIGHTED_ATM,2026-09-30,6,120,0.0,NONE,5139,4967,0,0,165,NONE,MN1;MN2;MN3;MN4;MN5;QMW;QRW;QTW;QWW,OK,NONE,NONE,2026-09-21
NAS,32400.0,6414339.046031968,0.6773190407447065,0.0,0.0,0.0,0.0,0.0,0.0,31097.76071498286,30471.23928501714,31411.021429965713,30157.978570034287,DEC26,SEP26,2026-09-23,2026-12-18,30784.5,29969.045028362125,FOUND,DEGRADED,SPOT_MONTH_FALLBACK;ESTIMATED_EXPIRY_ALIAS,2026-08-02.2,PUT_CALL_PARITY,SEP26,SEP26=PUT_CALL_PARITY;OCT26=PUT_CALL_PARITY;DEC29=SERIES_FORWARD_CLUSTER;DEC26=SERIES_FORWARD_CLUSTER;NOV26=SERIES_FORWARD_CLUSTER;MAR27=SERIES_FORWARD_CLUSTER;DEC28=PUT_CALL_PARITY;JUN27=PUT_CALL_PARITY;DEC27=PUT_CALL_PARITY;SEP27=SERIES_FORWARD_CLUSTER;JUN29=PUT_CALL_PARITY;DEC30=PUT_CALL_PARITY,SEP26=30784.5;OCT26=30771.875;DEC29=30567.375;DEC26=25293.875;NOV26=31207.875;MAR27=27605.375;JUN27=24447;DEC27=21051.75;SEP27=36072.5,DEC28=GLOBAL_REFERENCE_NO_OBSERVATION;JUN27=GLOBAL_REFERENCE_OUTLIER_SERIES_FORWARD_CLUSTER;DEC27=GLOBAL_REFERENCE_OUTLIER_SERIES_FORWARD_CLUSTER;JUN29=GLOBAL_REFERENCE_NO_OBSERVATION;DEC30=GLOBAL_REFERENCE_NO_OBSERVATION,WEIGHTED_ATM,2026-09-30,6,120,0.0,NONE,5139,4967,0,0,165,NONE,MN1;MN2;MN3;MN4;MN5;QMW;QRW;QTW;QWW,OK,NONE,NONE,2026-09-21
NAS,32500.0,54038948.5998806,5.86091704834912,0.0,0.0,0.0,0.0,0.0,0.0,31097.76071498286,30471.23928501714,31411.021429965713,30157.978570034287,DEC26,SEP26,2026-09-23,2026-12-18,30784.5,29969.045028362125,FOUND,DEGRADED,SPOT_MONTH_FALLBACK;ESTIMATED_EXPIRY_ALIAS,2026-08-02.2,PUT_CALL_PARITY,SEP26,SEP26=PUT_CALL_PARITY;OCT26=PUT_CALL_PARITY;DEC29=SERIES_FORWARD_CLUSTER;DEC26=SERIES_FORWARD_CLUSTER;NOV26=SERIES_FORWARD_CLUSTER;MAR27=SERIES_FORWARD_CLUSTER;DEC28=PUT_CALL_PARITY;JUN27=PUT_CALL_PARITY;DEC27=PUT_CALL_PARITY;SEP27=SERIES_FORWARD_CLUSTER;JUN29=PUT_CALL_PARITY;DEC30=PUT_CALL_PARITY,SEP26=30784.5;OCT26=30771.875;DEC29=30567.375;DEC26=25293.875;NOV26=31207.875;MAR27=27605.375;JUN27=24447;DEC27=21051.75;SEP27=36072.5,DEC28=GLOBAL_REFERENCE_NO_OBSERVATION;JUN27=GLOBAL_REFERENCE_OUTLIER_SERIES_FORWARD_CLUSTER;DEC27=GLOBAL_REFERENCE_OUTLIER_SERIES_FORWARD_CLUSTER;JUN29=GLOBAL_REFERENCE_NO_OBSERVATION;DEC30=GLOBAL_REFERENCE_NO_OBSERVATION,WEIGHTED_ATM,2026-09-30,6,120,0.0,NONE,5139,4967,0,0,165,NONE,MN1;MN2;MN3;MN4;MN5;QMW;QRW;QTW;QWW,OK,NONE,NONE,2026-09-21
NAS,32600.0,3130916.5651966874,0.3306120400272124,0.0,0.0,0.0,0.0,0.0,0.0,31097.76071498286,30471.23928501714,31411.021429965713,30157.978570034287,DEC26,SEP26,2026-09-23,2026-12-18,30784.5,29969.045028362125,FOUND,DEGRADED,SPOT_MONTH_FALLBACK;ESTIMATED_EXPIRY_ALIAS,2026-08-02.2,PUT_CALL_PARITY,SEP26,SEP26=PUT_CALL_PARITY;OCT26=PUT_CALL_PARITY;DEC29=SERIES_FORWARD_CLUSTER;DEC26=SERIES_FORWARD_CLUSTER;NOV26=SERIES_FORWARD_CLUSTER;MAR27=SERIES_FORWARD_CLUSTER;DEC28=PUT_CALL_PARITY;JUN27=PUT_CALL_PARITY;DEC27=PUT_CALL_PARITY;SEP27=SERIES_FORWARD_CLUSTER;JUN29=PUT_CALL_PARITY;DEC30=PUT_CALL_PARITY,SEP26=30784.5;OCT26=30771.875;DEC29=30567.375;DEC26=25293.875;NOV26=31207.875;MAR27=27605.375;JUN27=24447;DEC27=21051.75;SEP27=36072.5,DEC28=GLOBAL_REFERENCE_NO_OBSERVATION;JUN27=GLOBAL_REFERENCE_OUTLIER_SERIES_FORWARD_CLUSTER;DEC27=GLOBAL_REFERENCE_OUTLIER_SERIES_FORWARD_CLUSTER;JUN29=GLOBAL_REFERENCE_NO_OBSERVATION;DEC30=GLOBAL_REFERENCE_NO_OBSERVATION,WEIGHTED_ATM,2026-09-30,6,120,0.0,NONE,5139,4967,0,0,165,NONE,MN1;MN2;MN3;MN4;MN5;QMW;QRW;QTW;QWW,OK,NONE,NONE,2026-09-21
NAS,32700.0,125456.0987318136,0.013249023154845673,0.0,0.0,0.0,0.0,0.0,0.0,31097.76071498286,30471.23928501714,31411.021429965713,30157.978570034287,DEC26,SEP26,2026-09-23,2026-12-18,30784.5,29969.045028362125,FOUND,DEGRADED,SPOT_MONTH_FALLBACK;ESTIMATED_EXPIRY_ALIAS,2026-08-02.2,PUT_CALL_PARITY,SEP26,SEP26=PUT_CALL_PARITY;OCT26=PUT_CALL_PARITY;DEC29=SERIES_FORWARD_CLUSTER;DEC26=SERIES_FORWARD_CLUSTER;NOV26=SERIES_FORWARD_CLUSTER;MAR27=SERIES_FORWARD_CLUSTER;DEC28=PUT_CALL_PARITY;JUN27=PUT_CALL_PARITY;DEC27=PUT_CALL_PARITY;SEP27=SERIES_FORWARD_CLUSTER;JUN29=PUT_CALL_PARITY;DEC30=PUT_CALL_PARITY,SEP26=30784.5;OCT26=30771.875;DEC29=30567.375;DEC26=25293.875;NOV26=31207.875;MAR27=27605.375;JUN27=24447;DEC27=21051.75;SEP27=36072.5,DEC28=GLOBAL_REFERENCE_NO_OBSERVATION;JUN27=GLOBAL_REFERENCE_OUTLIER_SERIES_FORWARD_CLUSTER;DEC27=GLOBAL_REFERENCE_OUTLIER_SERIES_FORWARD_CLUSTER;JUN29=GLOBAL_REFERENCE_NO_OBSERVATION;DEC30=GLOBAL_REFERENCE_NO_OBSERVATION,WEIGHTED_ATM,2026-09-30,6,120,0.0,NONE,5139,4967,0,0,165,NONE,MN1;MN2;MN3;MN4;MN5;QMW;QRW;QTW;QWW,OK,NONE,NONE,2026-09-21
NAS,32750.0,7874207.509692374,0.8572953467384058,0.0,0.0,0.0,0.0,0.0,0.0,31097.76071498286,30471.23928501714,31411.021429965713,30157.978570034287,DEC26,SEP26,2026-09-23,2026-12-18,30784.5,29969.045028362125,FOUND,DEGRADED,SPOT_MONTH_FALLBACK;ESTIMATED_EXPIRY_ALIAS,2026-08-02.2,PUT_CALL_PARITY,SEP26,SEP26=PUT_CALL_PARITY;OCT26=PUT_CALL_PARITY;DEC29=SERIES_FORWARD_CLUSTER;DEC26=SERIES_FORWARD_CLUSTER;NOV26=SERIES_FORWARD_CLUSTER;MAR27=SERIES_FORWARD_CLUSTER;DEC28=PUT_CALL_PARITY;JUN27=PUT_CALL_PARITY;DEC27=PUT_CALL_PARITY;SEP27=SERIES_FORWARD_CLUSTER;JUN29=PUT_CALL_PARITY;DEC30=PUT_CALL_PARITY,SEP26=30784.5;OCT26=30771.875;DEC29=30567.375;DEC26=25293.875;NOV26=31207.875;MAR27=27605.375;JUN27=24447;DEC27=21051.75;SEP27=36072.5,DEC28=GLOBAL_REFERENCE_NO_OBSERVATION;JUN27=GLOBAL_REFERENCE_OUTLIER_SERIES_FORWARD_CLUSTER;DEC27=GLOBAL_REFERENCE_OUTLIER_SERIES_FORWARD_CLUSTER;JUN29=GLOBAL_REFERENCE_NO_OBSERVATION;DEC30=GLOBAL_REFERENCE_NO_OBSERVATION,WEIGHTED_ATM,2026-09-30,6,120,0.0,NONE,5139,4967,0,0,165,NONE,MN1;MN2;MN3;MN4;MN5;QMW;QRW;QTW;QWW,OK,NONE,NONE,2026-09-21
NAS,32800.0,1349133.3713905867,0.14247772294226585,0.0,0.0,0.0,0.0,0.0,0.0,31097.76071498286,30471.23928501714,31411.021429965713,30157.978570034287,DEC26,SEP26,2026-09-23,2026-12-18,30784.5,29969.045028362125,FOUND,DEGRADED,SPOT_MONTH_FALLBACK;ESTIMATED_EXPIRY_ALIAS,2026-08-02.2,PUT_CALL_PARITY,SEP26,SEP26=PUT_CALL_PARITY;OCT26=PUT_CALL_PARITY;DEC29=SERIES_FORWARD_CLUSTER;DEC26=SERIES_FORWARD_CLUSTER;NOV26=SERIES_FORWARD_CLUSTER;MAR27=SERIES_FORWARD_CLUSTER;DEC28=PUT_CALL_PARITY;JUN27=PUT_CALL_PARITY;DEC27=PUT_CALL_PARITY;SEP27=SERIES_FORWARD_CLUSTER;JUN29=PUT_CALL_PARITY;DEC30=PUT_CALL_PARITY,SEP26=30784.5;OCT26=30771.875;DEC29=30567.375;DEC26=25293.875;NOV26=31207.875;MAR27=27605.375;JUN27=24447;DEC27=21051.75;SEP27=36072.5,DEC28=GLOBAL_REFERENCE_NO_OBSERVATION;JUN27=GLOBAL_REFERENCE_OUTLIER_SERIES_FORWARD_CLUSTER;DEC27=GLOBAL_REFERENCE_OUTLIER_SERIES_FORWARD_CLUSTER;JUN29=GLOBAL_REFERENCE_NO_OBSERVATION;DEC30=GLOBAL_REFERENCE_NO_OBSERVATION,WEIGHTED_ATM,2026-09-30,6,120,0.0,NONE,5139,4967,0,0,165,NONE,MN1;MN2;MN3;MN4;MN5;QMW;QRW;QTW;QWW,OK,NONE,NONE,2026-09-21
NAS,32900.0,980114.359993883,0.10350678828069423,0.0,0.0,0.0,0.0,0.0,0.0,31097.76071498286,30471.23928501714,31411.021429965713,30157.978570034287,DEC26,SEP26,2026-09-23,2026-12-18,30784.5,29969.045028362125,FOUND,DEGRADED,SPOT_MONTH_FALLBACK;ESTIMATED_EXPIRY_ALIAS,2026-08-02.2,PUT_CALL_PARITY,SEP26,SEP26=PUT_CALL_PARITY;OCT26=PUT_CALL_PARITY;DEC29=SERIES_FORWARD_CLUSTER;DEC26=SERIES_FORWARD_CLUSTER;NOV26=SERIES_FORWARD_CLUSTER;MAR27=SERIES_FORWARD_CLUSTER;DEC28=PUT_CALL_PARITY;JUN27=PUT_CALL_PARITY;DEC27=PUT_CALL_PARITY;SEP27=SERIES_FORWARD_CLUSTER;JUN29=PUT_CALL_PARITY;DEC30=PUT_CALL_PARITY,SEP26=30784.5;OCT26=30771.875;DEC29=30567.375;DEC26=25293.875;NOV26=31207.875;MAR27=27605.375;JUN27=24447;DEC27=21051.75;SEP27=36072.5,DEC28=GLOBAL_REFERENCE_NO_OBSERVATION;JUN27=GLOBAL_REFERENCE_OUTLIER_SERIES_FORWARD_CLUSTER;DEC27=GLOBAL_REFERENCE_OUTLIER_SERIES_FORWARD_CLUSTER;JUN29=GLOBAL_REFERENCE_NO_OBSERVATION;DEC30=GLOBAL_REFERENCE_NO_OBSERVATION,WEIGHTED_ATM,2026-09-30,6,120,0.0,NONE,5139,4967,0,0,165,NONE,MN1;MN2;MN3;MN4;MN5;QMW;QRW;QTW;QWW,OK,NONE,NONE,2026-09-21
NAS,33000.0,17749209.25476081,1.9084716621562674,0.0,0.0,0.0,0.0,1496.0,0.0,31097.76071498286,30471.23928501714,31411.021429965713,30157.978570034287,DEC26,SEP26,2026-09-23,2026-12-18,30784.5,29969.045028362125,FOUND,DEGRADED,SPOT_MONTH_FALLBACK;ESTIMATED_EXPIRY_ALIAS,2026-08-02.2,PUT_CALL_PARITY,SEP26,SEP26=PUT_CALL_PARITY;OCT26=PUT_CALL_PARITY;DEC29=SERIES_FORWARD_CLUSTER;DEC26=SERIES_FORWARD_CLUSTER;NOV26=SERIES_FORWARD_CLUSTER;MAR27=SERIES_FORWARD_CLUSTER;DEC28=PUT_CALL_PARITY;JUN27=PUT_CALL_PARITY;DEC27=PUT_CALL_PARITY;SEP27=SERIES_FORWARD_CLUSTER;JUN29=PUT_CALL_PARITY;DEC30=PUT_CALL_PARITY,SEP26=30784.5;OCT26=30771.875;DEC29=30567.375;DEC26=25293.875;NOV26=31207.875;MAR27=27605.375;JUN27=24447;DEC27=21051.75;SEP27=36072.5,DEC28=GLOBAL_REFERENCE_NO_OBSERVATION;JUN27=GLOBAL_REFERENCE_OUTLIER_SERIES_FORWARD_CLUSTER;DEC27=GLOBAL_REFERENCE_OUTLIER_SERIES_FORWARD_CLUSTER;JUN29=GLOBAL_REFERENCE_NO_OBSERVATION;DEC30=GLOBAL_REFERENCE_NO_OBSERVATION,WEIGHTED_ATM,2026-09-30,6,120,0.0,NONE,5139,4967,0,0,165,NONE,MN1;MN2;MN3;MN4;MN5;QMW;QRW;QTW;QWW,OK,NONE,NONE,2026-09-21
NAS,33250.0,3794600.2114953552,0.39460824688527163,0.0,0.0,0.0,0.0,0.0,0.0,31097.76071498286,30471.23928501714,31411.021429965713,30157.978570034287,DEC26,SEP26,2026-09-23,2026-12-18,30784.5,29969.045028362125,FOUND,DEGRADED,SPOT_MONTH_FALLBACK;ESTIMATED_EXPIRY_ALIAS,2026-08-02.2,PUT_CALL_PARITY,SEP26,SEP26=PUT_CALL_PARITY;OCT26=PUT_CALL_PARITY;DEC29=SERIES_FORWARD_CLUSTER;DEC26=SERIES_FORWARD_CLUSTER;NOV26=SERIES_FORWARD_CLUSTER;MAR27=SERIES_FORWARD_CLUSTER;DEC28=PUT_CALL_PARITY;JUN27=PUT_CALL_PARITY;DEC27=PUT_CALL_PARITY;SEP27=SERIES_FORWARD_CLUSTER;JUN29=PUT_CALL_PARITY;DEC30=PUT_CALL_PARITY,SEP26=30784.5;OCT26=30771.875;DEC29=30567.375;DEC26=25293.875;NOV26=31207.875;MAR27=27605.375;JUN27=24447;DEC27=21051.75;SEP27=36072.5,DEC28=GLOBAL_REFERENCE_NO_OBSERVATION;JUN27=GLOBAL_REFERENCE_OUTLIER_SERIES_FORWARD_CLUSTER;DEC27=GLOBAL_REFERENCE_OUTLIER_SERIES_FORWARD_CLUSTER;JUN29=GLOBAL_REFERENCE_NO_OBSERVATION;DEC30=GLOBAL_REFERENCE_NO_OBSERVATION,WEIGHTED_ATM,2026-09-30,6,120,0.0,NONE,5139,4967,0,0,165,NONE,MN1;MN2;MN3;MN4;MN5;QMW;QRW;QTW;QWW,OK,NONE,NONE,2026-09-21
NAS,33500.0,3482083.3161409576,0.36852491696877,0.0,0.0,0.0,0.0,0.0,0.0,31097.76071498286,30471.23928501714,31411.021429965713,30157.978570034287,DEC26,SEP26,2026-09-23,2026-12-18,30784.5,29969.045028362125,FOUND,DEGRADED,SPOT_MONTH_FALLBACK;ESTIMATED_EXPIRY_ALIAS,2026-08-02.2,PUT_CALL_PARITY,SEP26,SEP26=PUT_CALL_PARITY;OCT26=PUT_CALL_PARITY;DEC29=SERIES_FORWARD_CLUSTER;DEC26=SERIES_FORWARD_CLUSTER;NOV26=SERIES_FORWARD_CLUSTER;MAR27=SERIES_FORWARD_CLUSTER;DEC28=PUT_CALL_PARITY;JUN27=PUT_CALL_PARITY;DEC27=PUT_CALL_PARITY;SEP27=SERIES_FORWARD_CLUSTER;JUN29=PUT_CALL_PARITY;DEC30=PUT_CALL_PARITY,SEP26=30784.5;OCT26=30771.875;DEC29=30567.375;DEC26=25293.875;NOV26=31207.875;MAR27=27605.375;JUN27=24447;DEC27=21051.75;SEP27=36072.5,DEC28=GLOBAL_REFERENCE_NO_OBSERVATION;JUN27=GLOBAL_REFERENCE_OUTLIER_SERIES_FORWARD_CLUSTER;DEC27=GLOBAL_REFERENCE_OUTLIER_SERIES_FORWARD_CLUSTER;JUN29=GLOBAL_REFERENCE_NO_OBSERVATION;DEC30=GLOBAL_REFERENCE_NO_OBSERVATION,WEIGHTED_ATM,2026-09-30,6,120,0.0,NONE,5139,4967,0,0,165,NONE,MN1;MN2;MN3;MN4;MN5;QMW;QRW;QTW;QWW,OK,NONE,NONE,2026-09-21
NAS,33750.0,2530338.352427013,0.26321957594979795,0.0,0.0,0.0,0.0,0.0,0.0,31097.76071498286,30471.23928501714,31411.021429965713,30157.978570034287,DEC26,SEP26,2026-09-23,2026-12-18,30784.5,29969.045028362125,FOUND,DEGRADED,SPOT_MONTH_FALLBACK;ESTIMATED_EXPIRY_ALIAS,2026-08-02.2,PUT_CALL_PARITY,SEP26,SEP26=PUT_CALL_PARITY;OCT26=PUT_CALL_PARITY;DEC29=SERIES_FORWARD_CLUSTER;DEC26=SERIES_FORWARD_CLUSTER;NOV26=SERIES_FORWARD_CLUSTER;MAR27=SERIES_FORWARD_CLUSTER;DEC28=PUT_CALL_PARITY;JUN27=PUT_CALL_PARITY;DEC27=PUT_CALL_PARITY;SEP27=SERIES_FORWARD_CLUSTER;JUN29=PUT_CALL_PARITY;DEC30=PUT_CALL_PARITY,SEP26=30784.5;OCT26=30771.875;DEC29=30567.375;DEC26=25293.875;NOV26=31207.875;MAR27=27605.375;JUN27=24447;DEC27=21051.75;SEP27=36072.5,DEC28=GLOBAL_REFERENCE_NO_OBSERVATION;JUN27=GLOBAL_REFERENCE_OUTLIER_SERIES_FORWARD_CLUSTER;DEC27=GLOBAL_REFERENCE_OUTLIER_SERIES_FORWARD_CLUSTER;JUN29=GLOBAL_REFERENCE_NO_OBSERVATION;DEC30=GLOBAL_REFERENCE_NO_OBSERVATION,WEIGHTED_ATM,2026-09-30,6,120,0.0,NONE,5139,4967,0,0,165,NONE,MN1;MN2;MN3;MN4;MN5;QMW;QRW;QTW;QWW,OK,NONE,NONE,2026-09-21
NAS,34000.0,4059667.8987740376,0.4405041461450756,0.0,0.0,0.0,0.0,0.0,0.0,31097.76071498286,30471.23928501714,31411.021429965713,30157.978570034287,DEC26,SEP26,2026-09-23,2026-12-18,30784.5,29969.045028362125,FOUND,DEGRADED,SPOT_MONTH_FALLBACK;ESTIMATED_EXPIRY_ALIAS,2026-08-02.2,PUT_CALL_PARITY,SEP26,SEP26=PUT_CALL_PARITY;OCT26=PUT_CALL_PARITY;DEC29=SERIES_FORWARD_CLUSTER;DEC26=SERIES_FORWARD_CLUSTER;NOV26=SERIES_FORWARD_CLUSTER;MAR27=SERIES_FORWARD_CLUSTER;DEC28=PUT_CALL_PARITY;JUN27=PUT_CALL_PARITY;DEC27=PUT_CALL_PARITY;SEP27=SERIES_FORWARD_CLUSTER;JUN29=PUT_CALL_PARITY;DEC30=PUT_CALL_PARITY,SEP26=30784.5;OCT26=30771.875;DEC29=30567.375;DEC26=25293.875;NOV26=31207.875;MAR27=27605.375;JUN27=24447;DEC27=21051.75;SEP27=36072.5,DEC28=GLOBAL_REFERENCE_NO_OBSERVATION;JUN27=GLOBAL_REFERENCE_OUTLIER_SERIES_FORWARD_CLUSTER;DEC27=GLOBAL_REFERENCE_OUTLIER_SERIES_FORWARD_CLUSTER;JUN29=GLOBAL_REFERENCE_NO_OBSERVATION;DEC30=GLOBAL_REFERENCE_NO_OBSERVATION,WEIGHTED_ATM,2026-09-30,6,120,0.0,NONE,5139,4967,0,0,165,NONE,MN1;MN2;MN3;MN4;MN5;QMW;QRW;QTW;QWW,OK,NONE,NONE,2026-09-21
NAS,34250.0,1857190.6017299253,0.19281513221439875,0.0,0.0,0.0,0.0,0.0,0.0,31097.76071498286,30471.23928501714,31411.021429965713,30157.978570034287,DEC26,SEP26,2026-09-23,2026-12-18,30784.5,29969.045028362125,FOUND,DEGRADED,SPOT_MONTH_FALLBACK;ESTIMATED_EXPIRY_ALIAS,2026-08-02.2,PUT_CALL_PARITY,SEP26,SEP26=PUT_CALL_PARITY;OCT26=PUT_CALL_PARITY;DEC29=SERIES_FORWARD_CLUSTER;DEC26=SERIES_FORWARD_CLUSTER;NOV26=SERIES_FORWARD_CLUSTER;MAR27=SERIES_FORWARD_CLUSTER;DEC28=PUT_CALL_PARITY;JUN27=PUT_CALL_PARITY;DEC27=PUT_CALL_PARITY;SEP27=SERIES_FORWARD_CLUSTER;JUN29=PUT_CALL_PARITY;DEC30=PUT_CALL_PARITY,SEP26=30784.5;OCT26=30771.875;DEC29=30567.375;DEC26=25293.875;NOV26=31207.875;MAR27=27605.375;JUN27=24447;DEC27=21051.75;SEP27=36072.5,DEC28=GLOBAL_REFERENCE_NO_OBSERVATION;JUN27=GLOBAL_REFERENCE_OUTLIER_SERIES_FORWARD_CLUSTER;DEC27=GLOBAL_REFERENCE_OUTLIER_SERIES_FORWARD_CLUSTER;JUN29=GLOBAL_REFERENCE_NO_OBSERVATION;DEC30=GLOBAL_REFERENCE_NO_OBSERVATION,WEIGHTED_ATM,2026-09-30,6,120,0.0,NONE,5139,4967,0,0,165,NONE,MN1;MN2;MN3;MN4;MN5;QMW;QRW;QTW;QWW,OK,NONE,NONE,2026-09-21
NAS,34500.0,2044461.3074542077,0.22208922382352167,0.0,0.0,0.0,0.0,0.0,0.0,31097.76071498286,30471.23928501714,31411.021429965713,30157.978570034287,DEC26,SEP26,2026-09-23,2026-12-18,30784.5,29969.045028362125,FOUND,DEGRADED,SPOT_MONTH_FALLBACK;ESTIMATED_EXPIRY_ALIAS,2026-08-02.2,PUT_CALL_PARITY,SEP26,SEP26=PUT_CALL_PARITY;OCT26=PUT_CALL_PARITY;DEC29=SERIES_FORWARD_CLUSTER;DEC26=SERIES_FORWARD_CLUSTER;NOV26=SERIES_FORWARD_CLUSTER;MAR27=SERIES_FORWARD_CLUSTER;DEC28=PUT_CALL_PARITY;JUN27=PUT_CALL_PARITY;DEC27=PUT_CALL_PARITY;SEP27=SERIES_FORWARD_CLUSTER;JUN29=PUT_CALL_PARITY;DEC30=PUT_CALL_PARITY,SEP26=30784.5;OCT26=30771.875;DEC29=30567.375;DEC26=25293.875;NOV26=31207.875;MAR27=27605.375;JUN27=24447;DEC27=21051.75;SEP27=36072.5,DEC28=GLOBAL_REFERENCE_NO_OBSERVATION;JUN27=GLOBAL_REFERENCE_OUTLIER_SERIES_FORWARD_CLUSTER;DEC27=GLOBAL_REFERENCE_OUTLIER_SERIES_FORWARD_CLUSTER;JUN29=GLOBAL_REFERENCE_NO_OBSERVATION;DEC30=GLOBAL_REFERENCE_NO_OBSERVATION,WEIGHTED_ATM,2026-09-30,6,120,0.0,NONE,5139,4967,0,0,165,NONE,MN1;MN2;MN3;MN4;MN5;QMW;QRW;QTW;QWW,OK,NONE,NONE,2026-09-21
NAS,34750.0,809678.5851054426,0.08444047168269367,0.0,0.0,0.0,0.0,0.0,0.0,31097.76071498286,30471.23928501714,31411.021429965713,30157.978570034287,DEC26,SEP26,2026-09-23,2026-12-18,30784.5,29969.045028362125,FOUND,DEGRADED,SPOT_MONTH_FALLBACK;ESTIMATED_EXPIRY_ALIAS,2026-08-02.2,PUT_CALL_PARITY,SEP26,SEP26=PUT_CALL_PARITY;OCT26=PUT_CALL_PARITY;DEC29=SERIES_FORWARD_CLUSTER;DEC26=SERIES_FORWARD_CLUSTER;NOV26=SERIES_FORWARD_CLUSTER;MAR27=SERIES_FORWARD_CLUSTER;DEC28=PUT_CALL_PARITY;JUN27=PUT_CALL_PARITY;DEC27=PUT_CALL_PARITY;SEP27=SERIES_FORWARD_CLUSTER;JUN29=PUT_CALL_PARITY;DEC30=PUT_CALL_PARITY,SEP26=30784.5;OCT26=30771.875;DEC29=30567.375;DEC26=25293.875;NOV26=31207.875;MAR27=27605.375;JUN27=24447;DEC27=21051.75;SEP27=36072.5,DEC28=GLOBAL_REFERENCE_NO_OBSERVATION;JUN27=GLOBAL_REFERENCE_OUTLIER_SERIES_FORWARD_CLUSTER;DEC27=GLOBAL_REFERENCE_OUTLIER_SERIES_FORWARD_CLUSTER;JUN29=GLOBAL_REFERENCE_NO_OBSERVATION;DEC30=GLOBAL_REFERENCE_NO_OBSERVATION,WEIGHTED_ATM,2026-09-30,6,120,0.0,NONE,5139,4967,0,0,165,NONE,MN1;MN2;MN3;MN4;MN5;QMW;QRW;QTW;QWW,OK,NONE,NONE,2026-09-21
NAS,35000.0,2524720.6355995783,0.2755070168825051,0.0,0.0,0.0,0.0,0.0,0.0,31097.76071498286,30471.23928501714,31411.021429965713,30157.978570034287,DEC26,SEP26,2026-09-23,2026-12-18,30784.5,29969.045028362125,FOUND,DEGRADED,SPOT_MONTH_FALLBACK;ESTIMATED_EXPIRY_ALIAS,2026-08-02.2,PUT_CALL_PARITY,SEP26,SEP26=PUT_CALL_PARITY;OCT26=PUT_CALL_PARITY;DEC29=SERIES_FORWARD_CLUSTER;DEC26=SERIES_FORWARD_CLUSTER;NOV26=SERIES_FORWARD_CLUSTER;MAR27=SERIES_FORWARD_CLUSTER;DEC28=PUT_CALL_PARITY;JUN27=PUT_CALL_PARITY;DEC27=PUT_CALL_PARITY;SEP27=SERIES_FORWARD_CLUSTER;JUN29=PUT_CALL_PARITY;DEC30=PUT_CALL_PARITY,SEP26=30784.5;OCT26=30771.875;DEC29=30567.375;DEC26=25293.875;NOV26=31207.875;MAR27=27605.375;JUN27=24447;DEC27=21051.75;SEP27=36072.5,DEC28=GLOBAL_REFERENCE_NO_OBSERVATION;JUN27=GLOBAL_REFERENCE_OUTLIER_SERIES_FORWARD_CLUSTER;DEC27=GLOBAL_REFERENCE_OUTLIER_SERIES_FORWARD_CLUSTER;JUN29=GLOBAL_REFERENCE_NO_OBSERVATION;DEC30=GLOBAL_REFERENCE_NO_OBSERVATION,WEIGHTED_ATM,2026-09-30,6,120,0.0,NONE,5139,4967,0,0,165,NONE,MN1;MN2;MN3;MN4;MN5;QMW;QRW;QTW;QWW,OK,NONE,NONE,2026-09-21
NAS,35250.0,684415.6026400828,0.07124072229412579,0.0,0.0,0.0,0.0,0.0,0.0,31097.76071498286,30471.23928501714,31411.021429965713,30157.978570034287,DEC26,SEP26,2026-09-23,2026-12-18,30784.5,29969.045028362125,FOUND,DEGRADED,SPOT_MONTH_FALLBACK;ESTIMATED_EXPIRY_ALIAS,2026-08-02.2,PUT_CALL_PARITY,SEP26,SEP26=PUT_CALL_PARITY;OCT26=PUT_CALL_PARITY;DEC29=SERIES_FORWARD_CLUSTER;DEC26=SERIES_FORWARD_CLUSTER;NOV26=SERIES_FORWARD_CLUSTER;MAR27=SERIES_FORWARD_CLUSTER;DEC28=PUT_CALL_PARITY;JUN27=PUT_CALL_PARITY;DEC27=PUT_CALL_PARITY;SEP27=SERIES_FORWARD_CLUSTER;JUN29=PUT_CALL_PARITY;DEC30=PUT_CALL_PARITY,SEP26=30784.5;OCT26=30771.875;DEC29=30567.375;DEC26=25293.875;NOV26=31207.875;MAR27=27605.375;JUN27=24447;DEC27=21051.75;SEP27=36072.5,DEC28=GLOBAL_REFERENCE_NO_OBSERVATION;JUN27=GLOBAL_REFERENCE_OUTLIER_SERIES_FORWARD_CLUSTER;DEC27=GLOBAL_REFERENCE_OUTLIER_SERIES_FORWARD_CLUSTER;JUN29=GLOBAL_REFERENCE_NO_OBSERVATION;DEC30=GLOBAL_REFERENCE_NO_OBSERVATION,WEIGHTED_ATM,2026-09-30,6,120,0.0,NONE,5139,4967,0,0,165,NONE,MN1;MN2;MN3;MN4;MN5;QMW;QRW;QTW;QWW,OK,NONE,NONE,2026-09-21
NAS,35500.0,1782270.8713499156,0.1938384001084605,0.0,0.0,0.0,0.0,0.0,0.0,31097.76071498286,30471.23928501714,31411.021429965713,30157.978570034287,DEC26,SEP26,2026-09-23,2026-12-18,30784.5,29969.045028362125,FOUND,DEGRADED,SPOT_MONTH_FALLBACK;ESTIMATED_EXPIRY_ALIAS,2026-08-02.2,PUT_CALL_PARITY,SEP26,SEP26=PUT_CALL_PARITY;OCT26=PUT_CALL_PARITY;DEC29=SERIES_FORWARD_CLUSTER;DEC26=SERIES_FORWARD_CLUSTER;NOV26=SERIES_FORWARD_CLUSTER;MAR27=SERIES_FORWARD_CLUSTER;DEC28=PUT_CALL_PARITY;JUN27=PUT_CALL_PARITY;DEC27=PUT_CALL_PARITY;SEP27=SERIES_FORWARD_CLUSTER;JUN29=PUT_CALL_PARITY;DEC30=PUT_CALL_PARITY,SEP26=30784.5;OCT26=30771.875;DEC29=30567.375;DEC26=25293.875;NOV26=31207.875;MAR27=27605.375;JUN27=24447;DEC27=21051.75;SEP27=36072.5,DEC28=GLOBAL_REFERENCE_NO_OBSERVATION;JUN27=GLOBAL_REFERENCE_OUTLIER_SERIES_FORWARD_CLUSTER;DEC27=GLOBAL_REFERENCE_OUTLIER_SERIES_FORWARD_CLUSTER;JUN29=GLOBAL_REFERENCE_NO_OBSERVATION;DEC30=GLOBAL_REFERENCE_NO_OBSERVATION,WEIGHTED_ATM,2026-09-30,6,120,0.0,NONE,5139,4967,0,0,165,NONE,MN1;MN2;MN3;MN4;MN5;QMW;QRW;QTW;QWW,OK,NONE,NONE,2026-09-21
NAS,35750.0,619815.5036698075,0.06398187613742326,0.0,0.0,0.0,0.0,0.0,0.0,31097.76071498286,30471.23928501714,31411.021429965713,30157.978570034287,DEC26,SEP26,2026-09-23,2026-12-18,30784.5,29969.045028362125,FOUND,DEGRADED,SPOT_MONTH_FALLBACK;ESTIMATED_EXPIRY_ALIAS,2026-08-02.2,PUT_CALL_PARITY,SEP26,SEP26=PUT_CALL_PARITY;OCT26=PUT_CALL_PARITY;DEC29=SERIES_FORWARD_CLUSTER;DEC26=SERIES_FORWARD_CLUSTER;NOV26=SERIES_FORWARD_CLUSTER;MAR27=SERIES_FORWARD_CLUSTER;DEC28=PUT_CALL_PARITY;JUN27=PUT_CALL_PARITY;DEC27=PUT_CALL_PARITY;SEP27=SERIES_FORWARD_CLUSTER;JUN29=PUT_CALL_PARITY;DEC30=PUT_CALL_PARITY,SEP26=30784.5;OCT26=30771.875;DEC29=30567.375;DEC26=25293.875;NOV26=31207.875;MAR27=27605.375;JUN27=24447;DEC27=21051.75;SEP27=36072.5,DEC28=GLOBAL_REFERENCE_NO_OBSERVATION;JUN27=GLOBAL_REFERENCE_OUTLIER_SERIES_FORWARD_CLUSTER;DEC27=GLOBAL_REFERENCE_OUTLIER_SERIES_FORWARD_CLUSTER;JUN29=GLOBAL_REFERENCE_NO_OBSERVATION;DEC30=GLOBAL_REFERENCE_NO_OBSERVATION,WEIGHTED_ATM,2026-09-30,6,120,0.0,NONE,5139,4967,0,0,165,NONE,MN1;MN2;MN3;MN4;MN5;QMW;QRW;QTW;QWW,OK,NONE,NONE,2026-09-21
NAS,36000.0,533906.7389067987,0.05522049767941547,0.0,0.0,0.0,0.0,0.0,0.0,31097.76071498286,30471.23928501714,31411.021429965713,30157.978570034287,DEC26,SEP26,2026-09-23,2026-12-18,30784.5,29969.045028362125,FOUND,DEGRADED,SPOT_MONTH_FALLBACK;ESTIMATED_EXPIRY_ALIAS,2026-08-02.2,PUT_CALL_PARITY,SEP26,SEP26=PUT_CALL_PARITY;OCT26=PUT_CALL_PARITY;DEC29=SERIES_FORWARD_CLUSTER;DEC26=SERIES_FORWARD_CLUSTER;NOV26=SERIES_FORWARD_CLUSTER;MAR27=SERIES_FORWARD_CLUSTER;DEC28=PUT_CALL_PARITY;JUN27=PUT_CALL_PARITY;DEC27=PUT_CALL_PARITY;SEP27=SERIES_FORWARD_CLUSTER;JUN29=PUT_CALL_PARITY;DEC30=PUT_CALL_PARITY,SEP26=30784.5;OCT26=30771.875;DEC29=30567.375;DEC26=25293.875;NOV26=31207.875;MAR27=27605.375;JUN27=24447;DEC27=21051.75;SEP27=36072.5,DEC28=GLOBAL_REFERENCE_NO_OBSERVATION;JUN27=GLOBAL_REFERENCE_OUTLIER_SERIES_FORWARD_CLUSTER;DEC27=GLOBAL_REFERENCE_OUTLIER_SERIES_FORWARD_CLUSTER;JUN29=GLOBAL_REFERENCE_NO_OBSERVATION;DEC30=GLOBAL_REFERENCE_NO_OBSERVATION,WEIGHTED_ATM,2026-09-30,6,120,0.0,NONE,5139,4967,0,0,165,NONE,MN1;MN2;MN3;MN4;MN5;QMW;QRW;QTW;QWW,OK,NONE,NONE,2026-09-21
NAS,36250.0,59273.594466179624,0.006258857697066724,0.0,0.0,0.0,0.0,0.0,0.0,31097.76071498286,30471.23928501714,31411.021429965713,30157.978570034287,DEC26,SEP26,2026-09-23,2026-12-18,30784.5,29969.045028362125,FOUND,DEGRADED,SPOT_MONTH_FALLBACK;ESTIMATED_EXPIRY_ALIAS,2026-08-02.2,PUT_CALL_PARITY,SEP26,SEP26=PUT_CALL_PARITY;OCT26=PUT_CALL_PARITY;DEC29=SERIES_FORWARD_CLUSTER;DEC26=SERIES_FORWARD_CLUSTER;NOV26=SERIES_FORWARD_CLUSTER;MAR27=SERIES_FORWARD_CLUSTER;DEC28=PUT_CALL_PARITY;JUN27=PUT_CALL_PARITY;DEC27=PUT_CALL_PARITY;SEP27=SERIES_FORWARD_CLUSTER;JUN29=PUT_CALL_PARITY;DEC30=PUT_CALL_PARITY,SEP26=30784.5;OCT26=30771.875;DEC29=30567.375;DEC26=25293.875;NOV26=31207.875;MAR27=27605.375;JUN27=24447;DEC27=21051.75;SEP27=36072.5,DEC28=GLOBAL_REFERENCE_NO_OBSERVATION;JUN27=GLOBAL_REFERENCE_OUTLIER_SERIES_FORWARD_CLUSTER;DEC27=GLOBAL_REFERENCE_OUTLIER_SERIES_FORWARD_CLUSTER;JUN29=GLOBAL_REFERENCE_NO_OBSERVATION;DEC30=GLOBAL_REFERENCE_NO_OBSERVATION,WEIGHTED_ATM,2026-09-30,6,120,0.0,NONE,5139,4967,0,0,165,NONE,MN1;MN2;MN3;MN4;MN5;QMW;QRW;QTW;QWW,OK,NONE,NONE,2026-09-21
NAS,36500.0,454058.8258509109,0.04680471004974691,0.0,0.0,0.0,0.0,0.0,0.0,31097.76071498286,30471.23928501714,31411.021429965713,30157.978570034287,DEC26,SEP26,2026-09-23,2026-12-18,30784.5,29969.045028362125,FOUND,DEGRADED,SPOT_MONTH_FALLBACK;ESTIMATED_EXPIRY_ALIAS,2026-08-02.2,PUT_CALL_PARITY,SEP26,SEP26=PUT_CALL_PARITY;OCT26=PUT_CALL_PARITY;DEC29=SERIES_FORWARD_CLUSTER;DEC26=SERIES_FORWARD_CLUSTER;NOV26=SERIES_FORWARD_CLUSTER;MAR27=SERIES_FORWARD_CLUSTER;DEC28=PUT_CALL_PARITY;JUN27=PUT_CALL_PARITY;DEC27=PUT_CALL_PARITY;SEP27=SERIES_FORWARD_CLUSTER;JUN29=PUT_CALL_PARITY;DEC30=PUT_CALL_PARITY,SEP26=30784.5;OCT26=30771.875;DEC29=30567.375;DEC26=25293.875;NOV26=31207.875;MAR27=27605.375;JUN27=24447;DEC27=21051.75;SEP27=36072.5,DEC28=GLOBAL_REFERENCE_NO_OBSERVATION;JUN27=GLOBAL_REFERENCE_OUTLIER_SERIES_FORWARD_CLUSTER;DEC27=GLOBAL_REFERENCE_OUTLIER_SERIES_FORWARD_CLUSTER;JUN29=GLOBAL_REFERENCE_NO_OBSERVATION;DEC30=GLOBAL_REFERENCE_NO_OBSERVATION,WEIGHTED_ATM,2026-09-30,6,120,0.0,NONE,5139,4967,0,0,165,NONE,MN1;MN2;MN3;MN4;MN5;QMW;QRW;QTW;QWW,OK,NONE,NONE,2026-09-21
NAS,36750.0,33276.763731411156,0.0035113722674300794,0.0,0.0,0.0,0.0,0.0,0.0,31097.76071498286,30471.23928501714,31411.021429965713,30157.978570034287,DEC26,SEP26,2026-09-23,2026-12-18,30784.5,29969.045028362125,FOUND,DEGRADED,SPOT_MONTH_FALLBACK;ESTIMATED_EXPIRY_ALIAS,2026-08-02.2,PUT_CALL_PARITY,SEP26,SEP26=PUT_CALL_PARITY;OCT26=PUT_CALL_PARITY;DEC29=SERIES_FORWARD_CLUSTER;DEC26=SERIES_FORWARD_CLUSTER;NOV26=SERIES_FORWARD_CLUSTER;MAR27=SERIES_FORWARD_CLUSTER;DEC28=PUT_CALL_PARITY;JUN27=PUT_CALL_PARITY;DEC27=PUT_CALL_PARITY;SEP27=SERIES_FORWARD_CLUSTER;JUN29=PUT_CALL_PARITY;DEC30=PUT_CALL_PARITY,SEP26=30784.5;OCT26=30771.875;DEC29=30567.375;DEC26=25293.875;NOV26=31207.875;MAR27=27605.375;JUN27=24447;DEC27=21051.75;SEP27=36072.5,DEC28=GLOBAL_REFERENCE_NO_OBSERVATION;JUN27=GLOBAL_REFERENCE_OUTLIER_SERIES_FORWARD_CLUSTER;DEC27=GLOBAL_REFERENCE_OUTLIER_SERIES_FORWARD_CLUSTER;JUN29=GLOBAL_REFERENCE_NO_OBSERVATION;DEC30=GLOBAL_REFERENCE_NO_OBSERVATION,WEIGHTED_ATM,2026-09-30,6,120,0.0,NONE,5139,4967,0,0,165,NONE,MN1;MN2;MN3;MN4;MN5;QMW;QRW;QTW;QWW,OK,NONE,NONE,2026-09-21
NAS,37000.0,391179.2163038469,0.0370956776657623,0.0,0.0,0.0,0.0,0.0,0.0,31097.76071498286,30471.23928501714,31411.021429965713,30157.978570034287,DEC26,SEP26,2026-09-23,2026-12-18,30784.5,29969.045028362125,FOUND,DEGRADED,SPOT_MONTH_FALLBACK;ESTIMATED_EXPIRY_ALIAS,2026-08-02.2,PUT_CALL_PARITY,SEP26,SEP26=PUT_CALL_PARITY;OCT26=PUT_CALL_PARITY;DEC29=SERIES_FORWARD_CLUSTER;DEC26=SERIES_FORWARD_CLUSTER;NOV26=SERIES_FORWARD_CLUSTER;MAR27=SERIES_FORWARD_CLUSTER;DEC28=PUT_CALL_PARITY;JUN27=PUT_CALL_PARITY;DEC27=PUT_CALL_PARITY;SEP27=SERIES_FORWARD_CLUSTER;JUN29=PUT_CALL_PARITY;DEC30=PUT_CALL_PARITY,SEP26=30784.5;OCT26=30771.875;DEC29=30567.375;DEC26=25293.875;NOV26=31207.875;MAR27=27605.375;JUN27=24447;DEC27=21051.75;SEP27=36072.5,DEC28=GLOBAL_REFERENCE_NO_OBSERVATION;JUN27=GLOBAL_REFERENCE_OUTLIER_SERIES_FORWARD_CLUSTER;DEC27=GLOBAL_REFERENCE_OUTLIER_SERIES_FORWARD_CLUSTER;JUN29=GLOBAL_REFERENCE_NO_OBSERVATION;DEC30=GLOBAL_REFERENCE_NO_OBSERVATION,WEIGHTED_ATM,2026-09-30,6,120,0.0,NONE,5139,4967,0,0,165,NONE,MN1;MN2;MN3;MN4;MN5;QMW;QRW;QTW;QWW,OK,NONE,NONE,2026-09-21
NAS,37500.0,96929.41141896395,0.01023491382540763,0.0,0.0,0.0,0.0,0.0,0.0,31097.76071498286,30471.23928501714,31411.021429965713,30157.978570034287,DEC26,SEP26,2026-09-23,2026-12-18,30784.5,29969.045028362125,FOUND,DEGRADED,SPOT_MONTH_FALLBACK;ESTIMATED_EXPIRY_ALIAS,2026-08-02.2,PUT_CALL_PARITY,SEP26,SEP26=PUT_CALL_PARITY;OCT26=PUT_CALL_PARITY;DEC29=SERIES_FORWARD_CLUSTER;DEC26=SERIES_FORWARD_CLUSTER;NOV26=SERIES_FORWARD_CLUSTER;MAR27=SERIES_FORWARD_CLUSTER;DEC28=PUT_CALL_PARITY;JUN27=PUT_CALL_PARITY;DEC27=PUT_CALL_PARITY;SEP27=SERIES_FORWARD_CLUSTER;JUN29=PUT_CALL_PARITY;DEC30=PUT_CALL_PARITY,SEP26=30784.5;OCT26=30771.875;DEC29=30567.375;DEC26=25293.875;NOV26=31207.875;MAR27=27605.375;JUN27=24447;DEC27=21051.75;SEP27=36072.5,DEC28=GLOBAL_REFERENCE_NO_OBSERVATION;JUN27=GLOBAL_REFERENCE_OUTLIER_SERIES_FORWARD_CLUSTER;DEC27=GLOBAL_REFERENCE_OUTLIER_SERIES_FORWARD_CLUSTER;JUN29=GLOBAL_REFERENCE_NO_OBSERVATION;DEC30=GLOBAL_REFERENCE_NO_OBSERVATION,WEIGHTED_ATM,2026-09-30,6,120,0.0,NONE,5139,4967,0,0,165,NONE,MN1;MN2;MN3;MN4;MN5;QMW;QRW;QTW;QWW,OK,NONE,NONE,2026-09-21
NAS,38000.0,119479.48566394183,0.012558808723087485,0.0,0.0,0.0,0.0,0.0,0.0,31097.76071498286,30471.23928501714,31411.021429965713,30157.978570034287,DEC26,SEP26,2026-09-23,2026-12-18,30784.5,29969.045028362125,FOUND,DEGRADED,SPOT_MONTH_FALLBACK;ESTIMATED_EXPIRY_ALIAS,2026-08-02.2,PUT_CALL_PARITY,SEP26,SEP26=PUT_CALL_PARITY;OCT26=PUT_CALL_PARITY;DEC29=SERIES_FORWARD_CLUSTER;DEC26=SERIES_FORWARD_CLUSTER;NOV26=SERIES_FORWARD_CLUSTER;MAR27=SERIES_FORWARD_CLUSTER;DEC28=PUT_CALL_PARITY;JUN27=PUT_CALL_PARITY;DEC27=PUT_CALL_PARITY;SEP27=SERIES_FORWARD_CLUSTER;JUN29=PUT_CALL_PARITY;DEC30=PUT_CALL_PARITY,SEP26=30784.5;OCT26=30771.875;DEC29=30567.375;DEC26=25293.875;NOV26=31207.875;MAR27=27605.375;JUN27=24447;DEC27=21051.75;SEP27=36072.5,DEC28=GLOBAL_REFERENCE_NO_OBSERVATION;JUN27=GLOBAL_REFERENCE_OUTLIER_SERIES_FORWARD_CLUSTER;DEC27=GLOBAL_REFERENCE_OUTLIER_SERIES_FORWARD_CLUSTER;JUN29=GLOBAL_REFERENCE_NO_OBSERVATION;DEC30=GLOBAL_REFERENCE_NO_OBSERVATION,WEIGHTED_ATM,2026-09-30,6,120,0.0,NONE,5139,4967,0,0,165,NONE,MN1;MN2;MN3;MN4;MN5;QMW;QRW;QTW;QWW,OK,NONE,NONE,2026-09-21
NAS,38500.0,232028.64789297845,0.024474870674563165,0.0,0.0,0.0,0.0,0.0,0.0,31097.76071498286,30471.23928501714,31411.021429965713,30157.978570034287,DEC26,SEP26,2026-09-23,2026-12-18,30784.5,29969.045028362125,FOUND,DEGRADED,SPOT_MONTH_FALLBACK;ESTIMATED_EXPIRY_ALIAS,2026-08-02.2,PUT_CALL_PARITY,SEP26,SEP26=PUT_CALL_PARITY;OCT26=PUT_CALL_PARITY;DEC29=SERIES_FORWARD_CLUSTER;DEC26=SERIES_FORWARD_CLUSTER;NOV26=SERIES_FORWARD_CLUSTER;MAR27=SERIES_FORWARD_CLUSTER;DEC28=PUT_CALL_PARITY;JUN27=PUT_CALL_PARITY;DEC27=PUT_CALL_PARITY;SEP27=SERIES_FORWARD_CLUSTER;JUN29=PUT_CALL_PARITY;DEC30=PUT_CALL_PARITY,SEP26=30784.5;OCT26=30771.875;DEC29=30567.375;DEC26=25293.875;NOV26=31207.875;MAR27=27605.375;JUN27=24447;DEC27=21051.75;SEP27=36072.5,DEC28=GLOBAL_REFERENCE_NO_OBSERVATION;JUN27=GLOBAL_REFERENCE_OUTLIER_SERIES_FORWARD_CLUSTER;DEC27=GLOBAL_REFERENCE_OUTLIER_SERIES_FORWARD_CLUSTER;JUN29=GLOBAL_REFERENCE_NO_OBSERVATION;DEC30=GLOBAL_REFERENCE_NO_OBSERVATION,WEIGHTED_ATM,2026-09-30,6,120,0.0,NONE,5139,4967,0,0,165,NONE,MN1;MN2;MN3;MN4;MN5;QMW;QRW;QTW;QWW,OK,NONE,NONE,2026-09-21
NAS,39000.0,161304.46626683022,0.016998186198747364,0.0,0.0,0.0,0.0,0.0,0.0,31097.76071498286,30471.23928501714,31411.021429965713,30157.978570034287,DEC26,SEP26,2026-09-23,2026-12-18,30784.5,29969.045028362125,FOUND,DEGRADED,SPOT_MONTH_FALLBACK;ESTIMATED_EXPIRY_ALIAS,2026-08-02.2,PUT_CALL_PARITY,SEP26,SEP26=PUT_CALL_PARITY;OCT26=PUT_CALL_PARITY;DEC29=SERIES_FORWARD_CLUSTER;DEC26=SERIES_FORWARD_CLUSTER;NOV26=SERIES_FORWARD_CLUSTER;MAR27=SERIES_FORWARD_CLUSTER;DEC28=PUT_CALL_PARITY;JUN27=PUT_CALL_PARITY;DEC27=PUT_CALL_PARITY;SEP27=SERIES_FORWARD_CLUSTER;JUN29=PUT_CALL_PARITY;DEC30=PUT_CALL_PARITY,SEP26=30784.5;OCT26=30771.875;DEC29=30567.375;DEC26=25293.875;NOV26=31207.875;MAR27=27605.375;JUN27=24447;DEC27=21051.75;SEP27=36072.5,DEC28=GLOBAL_REFERENCE_NO_OBSERVATION;JUN27=GLOBAL_REFERENCE_OUTLIER_SERIES_FORWARD_CLUSTER;DEC27=GLOBAL_REFERENCE_OUTLIER_SERIES_FORWARD_CLUSTER;JUN29=GLOBAL_REFERENCE_NO_OBSERVATION;DEC30=GLOBAL_REFERENCE_NO_OBSERVATION,WEIGHTED_ATM,2026-09-30,6,120,0.0,NONE,5139,4967,0,0,165,NONE,MN1;MN2;MN3;MN4;MN5;QMW;QRW;QTW;QWW,OK,NONE,NONE,2026-09-21
NAS,39500.0,36388.75011695389,0.003816378535358771,0.0,0.0,0.0,0.0,0.0,0.0,31097.76071498286,30471.23928501714,31411.021429965713,30157.978570034287,DEC26,SEP26,2026-09-23,2026-12-18,30784.5,29969.045028362125,FOUND,DEGRADED,SPOT_MONTH_FALLBACK;ESTIMATED_EXPIRY_ALIAS,2026-08-02.2,PUT_CALL_PARITY,SEP26,SEP26=PUT_CALL_PARITY;OCT26=PUT_CALL_PARITY;DEC29=SERIES_FORWARD_CLUSTER;DEC26=SERIES_FORWARD_CLUSTER;NOV26=SERIES_FORWARD_CLUSTER;MAR27=SERIES_FORWARD_CLUSTER;DEC28=PUT_CALL_PARITY;JUN27=PUT_CALL_PARITY;DEC27=PUT_CALL_PARITY;SEP27=SERIES_FORWARD_CLUSTER;JUN29=PUT_CALL_PARITY;DEC30=PUT_CALL_PARITY,SEP26=30784.5;OCT26=30771.875;DEC29=30567.375;DEC26=25293.875;NOV26=31207.875;MAR27=27605.375;JUN27=24447;DEC27=21051.75;SEP27=36072.5,DEC28=GLOBAL_REFERENCE_NO_OBSERVATION;JUN27=GLOBAL_REFERENCE_OUTLIER_SERIES_FORWARD_CLUSTER;DEC27=GLOBAL_REFERENCE_OUTLIER_SERIES_FORWARD_CLUSTER;JUN29=GLOBAL_REFERENCE_NO_OBSERVATION;DEC30=GLOBAL_REFERENCE_NO_OBSERVATION,WEIGHTED_ATM,2026-09-30,6,120,0.0,NONE,5139,4967,0,0,165,NONE,MN1;MN2;MN3;MN4;MN5;QMW;QRW;QTW;QWW,OK,NONE,NONE,2026-09-21
NAS,40000.0,328092.0080378948,0.03456090382184891,0.0,0.0,0.0,0.0,0.0,0.0,31097.76071498286,30471.23928501714,31411.021429965713,30157.978570034287,DEC26,SEP26,2026-09-23,2026-12-18,30784.5,29969.045028362125,FOUND,DEGRADED,SPOT_MONTH_FALLBACK;ESTIMATED_EXPIRY_ALIAS,2026-08-02.2,PUT_CALL_PARITY,SEP26,SEP26=PUT_CALL_PARITY;OCT26=PUT_CALL_PARITY;DEC29=SERIES_FORWARD_CLUSTER;DEC26=SERIES_FORWARD_CLUSTER;NOV26=SERIES_FORWARD_CLUSTER;MAR27=SERIES_FORWARD_CLUSTER;DEC28=PUT_CALL_PARITY;JUN27=PUT_CALL_PARITY;DEC27=PUT_CALL_PARITY;SEP27=SERIES_FORWARD_CLUSTER;JUN29=PUT_CALL_PARITY;DEC30=PUT_CALL_PARITY,SEP26=30784.5;OCT26=30771.875;DEC29=30567.375;DEC26=25293.875;NOV26=31207.875;MAR27=27605.375;JUN27=24447;DEC27=21051.75;SEP27=36072.5,DEC28=GLOBAL_REFERENCE_NO_OBSERVATION;JUN27=GLOBAL_REFERENCE_OUTLIER_SERIES_FORWARD_CLUSTER;DEC27=GLOBAL_REFERENCE_OUTLIER_SERIES_FORWARD_CLUSTER;JUN29=GLOBAL_REFERENCE_NO_OBSERVATION;DEC30=GLOBAL_REFERENCE_NO_OBSERVATION,WEIGHTED_ATM,2026-09-30,6,120,0.0,NONE,5139,4967,0,0,165,NONE,MN1;MN2;MN3;MN4;MN5;QMW;QRW;QTW;QWW,OK,NONE,NONE,2026-09-21
NAS,40500.0,130201.4073698859,0.013368641680434494,0.0,0.0,0.0,0.0,0.0,0.0,31097.76071498286,30471.23928501714,31411.021429965713,30157.978570034287,DEC26,SEP26,2026-09-23,2026-12-18,30784.5,29969.045028362125,FOUND,DEGRADED,SPOT_MONTH_FALLBACK;ESTIMATED_EXPIRY_ALIAS,2026-08-02.2,PUT_CALL_PARITY,SEP26,SEP26=PUT_CALL_PARITY;OCT26=PUT_CALL_PARITY;DEC29=SERIES_FORWARD_CLUSTER;DEC26=SERIES_FORWARD_CLUSTER;NOV26=SERIES_FORWARD_CLUSTER;MAR27=SERIES_FORWARD_CLUSTER;DEC28=PUT_CALL_PARITY;JUN27=PUT_CALL_PARITY;DEC27=PUT_CALL_PARITY;SEP27=SERIES_FORWARD_CLUSTER;JUN29=PUT_CALL_PARITY;DEC30=PUT_CALL_PARITY,SEP26=30784.5;OCT26=30771.875;DEC29=30567.375;DEC26=25293.875;NOV26=31207.875;MAR27=27605.375;JUN27=24447;DEC27=21051.75;SEP27=36072.5,DEC28=GLOBAL_REFERENCE_NO_OBSERVATION;JUN27=GLOBAL_REFERENCE_OUTLIER_SERIES_FORWARD_CLUSTER;DEC27=GLOBAL_REFERENCE_OUTLIER_SERIES_FORWARD_CLUSTER;JUN29=GLOBAL_REFERENCE_NO_OBSERVATION;DEC30=GLOBAL_REFERENCE_NO_OBSERVATION,WEIGHTED_ATM,2026-09-30,6,120,0.0,NONE,5139,4967,0,0,165,NONE,MN1;MN2;MN3;MN4;MN5;QMW;QRW;QTW;QWW,OK,NONE,NONE,2026-09-21
NAS,41000.0,0.0,0.0,0.0,0.0,0.0,0.0,0.0,0.0,31097.76071498286,30471.23928501714,31411.021429965713,30157.978570034287,DEC26,SEP26,2026-09-23,2026-12-18,30784.5,29969.045028362125,FOUND,DEGRADED,SPOT_MONTH_FALLBACK;ESTIMATED_EXPIRY_ALIAS,2026-08-02.2,PUT_CALL_PARITY,SEP26,SEP26=PUT_CALL_PARITY;OCT26=PUT_CALL_PARITY;DEC29=SERIES_FORWARD_CLUSTER;DEC26=SERIES_FORWARD_CLUSTER;NOV26=SERIES_FORWARD_CLUSTER;MAR27=SERIES_FORWARD_CLUSTER;DEC28=PUT_CALL_PARITY;JUN27=PUT_CALL_PARITY;DEC27=PUT_CALL_PARITY;SEP27=SERIES_FORWARD_CLUSTER;JUN29=PUT_CALL_PARITY;DEC30=PUT_CALL_PARITY,SEP26=30784.5;OCT26=30771.875;DEC29=30567.375;DEC26=25293.875;NOV26=31207.875;MAR27=27605.375;JUN27=24447;DEC27=21051.75;SEP27=36072.5,DEC28=GLOBAL_REFERENCE_NO_OBSERVATION;JUN27=GLOBAL_REFERENCE_OUTLIER_SERIES_FORWARD_CLUSTER;DEC27=GLOBAL_REFERENCE_OUTLIER_SERIES_FORWARD_CLUSTER;JUN29=GLOBAL_REFERENCE_NO_OBSERVATION;DEC30=GLOBAL_REFERENCE_NO_OBSERVATION,WEIGHTED_ATM,2026-09-30,6,120,0.0,NONE,5139,4967,0,0,165,NONE,MN1;MN2;MN3;MN4;MN5;QMW;QRW;QTW;QWW,OK,NONE,NONE,2026-09-21
NAS,41500.0,0.0,0.0,0.0,0.0,0.0,0.0,0.0,0.0,31097.76071498286,30471.23928501714,31411.021429965713,30157.978570034287,DEC26,SEP26,2026-09-23,2026-12-18,30784.5,29969.045028362125,FOUND,DEGRADED,SPOT_MONTH_FALLBACK;ESTIMATED_EXPIRY_ALIAS,2026-08-02.2,PUT_CALL_PARITY,SEP26,SEP26=PUT_CALL_PARITY;OCT26=PUT_CALL_PARITY;DEC29=SERIES_FORWARD_CLUSTER;DEC26=SERIES_FORWARD_CLUSTER;NOV26=SERIES_FORWARD_CLUSTER;MAR27=SERIES_FORWARD_CLUSTER;DEC28=PUT_CALL_PARITY;JUN27=PUT_CALL_PARITY;DEC27=PUT_CALL_PARITY;SEP27=SERIES_FORWARD_CLUSTER;JUN29=PUT_CALL_PARITY;DEC30=PUT_CALL_PARITY,SEP26=30784.5;OCT26=30771.875;DEC29=30567.375;DEC26=25293.875;NOV26=31207.875;MAR27=27605.375;JUN27=24447;DEC27=21051.75;SEP27=36072.5,DEC28=GLOBAL_REFERENCE_NO_OBSERVATION;JUN27=GLOBAL_REFERENCE_OUTLIER_SERIES_FORWARD_CLUSTER;DEC27=GLOBAL_REFERENCE_OUTLIER_SERIES_FORWARD_CLUSTER;JUN29=GLOBAL_REFERENCE_NO_OBSERVATION;DEC30=GLOBAL_REFERENCE_NO_OBSERVATION,WEIGHTED_ATM,2026-09-30,6,120,0.0,NONE,5139,4967,0,0,165,NONE,MN1;MN2;MN3;MN4;MN5;QMW;QRW;QTW;QWW,OK,NONE,NONE,2026-09-21
NAS,42000.0,0.0,0.0,0.0,0.0,0.0,0.0,0.0,0.0,31097.76071498286,30471.23928501714,31411.021429965713,30157.978570034287,DEC26,SEP26,2026-09-23,2026-12-18,30784.5,29969.045028362125,FOUND,DEGRADED,SPOT_MONTH_FALLBACK;ESTIMATED_EXPIRY_ALIAS,2026-08-02.2,PUT_CALL_PARITY,SEP26,SEP26=PUT_CALL_PARITY;OCT26=PUT_CALL_PARITY;DEC29=SERIES_FORWARD_CLUSTER;DEC26=SERIES_FORWARD_CLUSTER;NOV26=SERIES_FORWARD_CLUSTER;MAR27=SERIES_FORWARD_CLUSTER;DEC28=PUT_CALL_PARITY;JUN27=PUT_CALL_PARITY;DEC27=PUT_CALL_PARITY;SEP27=SERIES_FORWARD_CLUSTER;JUN29=PUT_CALL_PARITY;DEC30=PUT_CALL_PARITY,SEP26=30784.5;OCT26=30771.875;DEC29=30567.375;DEC26=25293.875;NOV26=31207.875;MAR27=27605.375;JUN27=24447;DEC27=21051.75;SEP27=36072.5,DEC28=GLOBAL_REFERENCE_NO_OBSERVATION;JUN27=GLOBAL_REFERENCE_OUTLIER_SERIES_FORWARD_CLUSTER;DEC27=GLOBAL_REFERENCE_OUTLIER_SERIES_FORWARD_CLUSTER;JUN29=GLOBAL_REFERENCE_NO_OBSERVATION;DEC30=GLOBAL_REFERENCE_NO_OBSERVATION,WEIGHTED_ATM,2026-09-30,6,120,0.0,NONE,5139,4967,0,0,165,NONE,MN1;MN2;MN3;MN4;MN5;QMW;QRW;QTW;QWW,OK,NONE,NONE,2026-09-21
NAS,42500.0,0.0,0.0,0.0,0.0,0.0,0.0,0.0,0.0,31097.76071498286,30471.23928501714,31411.021429965713,30157.978570034287,DEC26,SEP26,2026-09-23,2026-12-18,30784.5,29969.045028362125,FOUND,DEGRADED,SPOT_MONTH_FALLBACK;ESTIMATED_EXPIRY_ALIAS,2026-08-02.2,PUT_CALL_PARITY,SEP26,SEP26=PUT_CALL_PARITY;OCT26=PUT_CALL_PARITY;DEC29=SERIES_FORWARD_CLUSTER;DEC26=SERIES_FORWARD_CLUSTER;NOV26=SERIES_FORWARD_CLUSTER;MAR27=SERIES_FORWARD_CLUSTER;DEC28=PUT_CALL_PARITY;JUN27=PUT_CALL_PARITY;DEC27=PUT_CALL_PARITY;SEP27=SERIES_FORWARD_CLUSTER;JUN29=PUT_CALL_PARITY;DEC30=PUT_CALL_PARITY,SEP26=30784.5;OCT26=30771.875;DEC29=30567.375;DEC26=25293.875;NOV26=31207.875;MAR27=27605.375;JUN27=24447;DEC27=21051.75;SEP27=36072.5,DEC28=GLOBAL_REFERENCE_NO_OBSERVATION;JUN27=GLOBAL_REFERENCE_OUTLIER_SERIES_FORWARD_CLUSTER;DEC27=GLOBAL_REFERENCE_OUTLIER_SERIES_FORWARD_CLUSTER;JUN29=GLOBAL_REFERENCE_NO_OBSERVATION;DEC30=GLOBAL_REFERENCE_NO_OBSERVATION,WEIGHTED_ATM,2026-09-30,6,120,0.0,NONE,5139,4967,0,0,165,NONE,MN1;MN2;MN3;MN4;MN5;QMW;QRW;QTW;QWW,OK,NONE,NONE,2026-09-21
NAS,43000.0,0.0,0.0,0.0,0.0,0.0,0.0,0.0,0.0,31097.76071498286,30471.23928501714,31411.021429965713,30157.978570034287,DEC26,SEP26,2026-09-23,2026-12-18,30784.5,29969.045028362125,FOUND,DEGRADED,SPOT_MONTH_FALLBACK;ESTIMATED_EXPIRY_ALIAS,2026-08-02.2,PUT_CALL_PARITY,SEP26,SEP26=PUT_CALL_PARITY;OCT26=PUT_CALL_PARITY;DEC29=SERIES_FORWARD_CLUSTER;DEC26=SERIES_FORWARD_CLUSTER;NOV26=SERIES_FORWARD_CLUSTER;MAR27=SERIES_FORWARD_CLUSTER;DEC28=PUT_CALL_PARITY;JUN27=PUT_CALL_PARITY;DEC27=PUT_CALL_PARITY;SEP27=SERIES_FORWARD_CLUSTER;JUN29=PUT_CALL_PARITY;DEC30=PUT_CALL_PARITY,SEP26=30784.5;OCT26=30771.875;DEC29=30567.375;DEC26=25293.875;NOV26=31207.875;MAR27=27605.375;JUN27=24447;DEC27=21051.75;SEP27=36072.5,DEC28=GLOBAL_REFERENCE_NO_OBSERVATION;JUN27=GLOBAL_REFERENCE_OUTLIER_SERIES_FORWARD_CLUSTER;DEC27=GLOBAL_REFERENCE_OUTLIER_SERIES_FORWARD_CLUSTER;JUN29=GLOBAL_REFERENCE_NO_OBSERVATION;DEC30=GLOBAL_REFERENCE_NO_OBSERVATION,WEIGHTED_ATM,2026-09-30,6,120,0.0,NONE,5139,4967,0,0,165,NONE,MN1;MN2;MN3;MN4;MN5;QMW;QRW;QTW;QWW,OK,NONE,NONE,2026-09-21
NAS,43500.0,0.0,0.0,0.0,0.0,0.0,0.0,0.0,0.0,31097.76071498286,30471.23928501714,31411.021429965713,30157.978570034287,DEC26,SEP26,2026-09-23,2026-12-18,30784.5,29969.045028362125,FOUND,DEGRADED,SPOT_MONTH_FALLBACK;ESTIMATED_EXPIRY_ALIAS,2026-08-02.2,PUT_CALL_PARITY,SEP26,SEP26=PUT_CALL_PARITY;OCT26=PUT_CALL_PARITY;DEC29=SERIES_FORWARD_CLUSTER;DEC26=SERIES_FORWARD_CLUSTER;NOV26=SERIES_FORWARD_CLUSTER;MAR27=SERIES_FORWARD_CLUSTER;DEC28=PUT_CALL_PARITY;JUN27=PUT_CALL_PARITY;DEC27=PUT_CALL_PARITY;SEP27=SERIES_FORWARD_CLUSTER;JUN29=PUT_CALL_PARITY;DEC30=PUT_CALL_PARITY,SEP26=30784.5;OCT26=30771.875;DEC29=30567.375;DEC26=25293.875;NOV26=31207.875;MAR27=27605.375;JUN27=24447;DEC27=21051.75;SEP27=36072.5,DEC28=GLOBAL_REFERENCE_NO_OBSERVATION;JUN27=GLOBAL_REFERENCE_OUTLIER_SERIES_FORWARD_CLUSTER;DEC27=GLOBAL_REFERENCE_OUTLIER_SERIES_FORWARD_CLUSTER;JUN29=GLOBAL_REFERENCE_NO_OBSERVATION;DEC30=GLOBAL_REFERENCE_NO_OBSERVATION,WEIGHTED_ATM,2026-09-30,6,120,0.0,NONE,5139,4967,0,0,165,NONE,MN1;MN2;MN3;MN4;MN5;QMW;QRW;QTW;QWW,OK,NONE,NONE,2026-09-21
NAS,44000.0,0.0,0.0,0.0,0.0,0.0,0.0,0.0,0.0,31097.76071498286,30471.23928501714,31411.021429965713,30157.978570034287,DEC26,SEP26,2026-09-23,2026-12-18,30784.5,29969.045028362125,FOUND,DEGRADED,SPOT_MONTH_FALLBACK;ESTIMATED_EXPIRY_ALIAS,2026-08-02.2,PUT_CALL_PARITY,SEP26,SEP26=PUT_CALL_PARITY;OCT26=PUT_CALL_PARITY;DEC29=SERIES_FORWARD_CLUSTER;DEC26=SERIES_FORWARD_CLUSTER;NOV26=SERIES_FORWARD_CLUSTER;MAR27=SERIES_FORWARD_CLUSTER;DEC28=PUT_CALL_PARITY;JUN27=PUT_CALL_PARITY;DEC27=PUT_CALL_PARITY;SEP27=SERIES_FORWARD_CLUSTER;JUN29=PUT_CALL_PARITY;DEC30=PUT_CALL_PARITY,SEP26=30784.5;OCT26=30771.875;DEC29=30567.375;DEC26=25293.875;NOV26=31207.875;MAR27=27605.375;JUN27=24447;DEC27=21051.75;SEP27=36072.5,DEC28=GLOBAL_REFERENCE_NO_OBSERVATION;JUN27=GLOBAL_REFERENCE_OUTLIER_SERIES_FORWARD_CLUSTER;DEC27=GLOBAL_REFERENCE_OUTLIER_SERIES_FORWARD_CLUSTER;JUN29=GLOBAL_REFERENCE_NO_OBSERVATION;DEC30=GLOBAL_REFERENCE_NO_OBSERVATION,WEIGHTED_ATM,2026-09-30,6,120,0.0,NONE,5139,4967,0,0,165,NONE,MN1;MN2;MN3;MN4;MN5;QMW;QRW;QTW;QWW,OK,NONE,NONE,2026-09-21
NAS,44500.0,0.0,0.0,0.0,0.0,0.0,0.0,0.0,0.0,31097.76071498286,30471.23928501714,31411.021429965713,30157.978570034287,DEC26,SEP26,2026-09-23,2026-12-18,30784.5,29969.045028362125,FOUND,DEGRADED,SPOT_MONTH_FALLBACK;ESTIMATED_EXPIRY_ALIAS,2026-08-02.2,PUT_CALL_PARITY,SEP26,SEP26=PUT_CALL_PARITY;OCT26=PUT_CALL_PARITY;DEC29=SERIES_FORWARD_CLUSTER;DEC26=SERIES_FORWARD_CLUSTER;NOV26=SERIES_FORWARD_CLUSTER;MAR27=SERIES_FORWARD_CLUSTER;DEC28=PUT_CALL_PARITY;JUN27=PUT_CALL_PARITY;DEC27=PUT_CALL_PARITY;SEP27=SERIES_FORWARD_CLUSTER;JUN29=PUT_CALL_PARITY;DEC30=PUT_CALL_PARITY,SEP26=30784.5;OCT26=30771.875;DEC29=30567.375;DEC26=25293.875;NOV26=31207.875;MAR27=27605.375;JUN27=24447;DEC27=21051.75;SEP27=36072.5,DEC28=GLOBAL_REFERENCE_NO_OBSERVATION;JUN27=GLOBAL_REFERENCE_OUTLIER_SERIES_FORWARD_CLUSTER;DEC27=GLOBAL_REFERENCE_OUTLIER_SERIES_FORWARD_CLUSTER;JUN29=GLOBAL_REFERENCE_NO_OBSERVATION;DEC30=GLOBAL_REFERENCE_NO_OBSERVATION,WEIGHTED_ATM,2026-09-30,6,120,0.0,NONE,5139,4967,0,0,165,NONE,MN1;MN2;MN3;MN4;MN5;QMW;QRW;QTW;QWW,OK,NONE,NONE,2026-09-21
NAS,45500.0,0.0,0.0,0.0,0.0,0.0,0.0,0.0,0.0,31097.76071498286,30471.23928501714,31411.021429965713,30157.978570034287,DEC26,SEP26,2026-09-23,2026-12-18,30784.5,29969.045028362125,FOUND,DEGRADED,SPOT_MONTH_FALLBACK;ESTIMATED_EXPIRY_ALIAS,2026-08-02.2,PUT_CALL_PARITY,SEP26,SEP26=PUT_CALL_PARITY;OCT26=PUT_CALL_PARITY;DEC29=SERIES_FORWARD_CLUSTER;DEC26=SERIES_FORWARD_CLUSTER;NOV26=SERIES_FORWARD_CLUSTER;MAR27=SERIES_FORWARD_CLUSTER;DEC28=PUT_CALL_PARITY;JUN27=PUT_CALL_PARITY;DEC27=PUT_CALL_PARITY;SEP27=SERIES_FORWARD_CLUSTER;JUN29=PUT_CALL_PARITY;DEC30=PUT_CALL_PARITY,SEP26=30784.5;OCT26=30771.875;DEC29=30567.375;DEC26=25293.875;NOV26=31207.875;MAR27=27605.375;JUN27=24447;DEC27=21051.75;SEP27=36072.5,DEC28=GLOBAL_REFERENCE_NO_OBSERVATION;JUN27=GLOBAL_REFERENCE_OUTLIER_SERIES_FORWARD_CLUSTER;DEC27=GLOBAL_REFERENCE_OUTLIER_SERIES_FORWARD_CLUSTER;JUN29=GLOBAL_REFERENCE_NO_OBSERVATION;DEC30=GLOBAL_REFERENCE_NO_OBSERVATION,WEIGHTED_ATM,2026-09-30,6,120,0.0,NONE,5139,4967,0,0,165,NONE,MN1;MN2;MN3;MN4;MN5;QMW;QRW;QTW;QWW,OK,NONE,NONE,2026-09-21
NAS,46500.0,0.0,0.0,0.0,0.0,0.0,0.0,0.0,0.0,31097.76071498286,30471.23928501714,31411.021429965713,30157.978570034287,DEC26,SEP26,2026-09-23,2026-12-18,30784.5,29969.045028362125,FOUND,DEGRADED,SPOT_MONTH_FALLBACK;ESTIMATED_EXPIRY_ALIAS,2026-08-02.2,PUT_CALL_PARITY,SEP26,SEP26=PUT_CALL_PARITY;OCT26=PUT_CALL_PARITY;DEC29=SERIES_FORWARD_CLUSTER;DEC26=SERIES_FORWARD_CLUSTER;NOV26=SERIES_FORWARD_CLUSTER;MAR27=SERIES_FORWARD_CLUSTER;DEC28=PUT_CALL_PARITY;JUN27=PUT_CALL_PARITY;DEC27=PUT_CALL_PARITY;SEP27=SERIES_FORWARD_CLUSTER;JUN29=PUT_CALL_PARITY;DEC30=PUT_CALL_PARITY,SEP26=30784.5;OCT26=30771.875;DEC29=30567.375;DEC26=25293.875;NOV26=31207.875;MAR27=27605.375;JUN27=24447;DEC27=21051.75;SEP27=36072.5,DEC28=GLOBAL_REFERENCE_NO_OBSERVATION;JUN27=GLOBAL_REFERENCE_OUTLIER_SERIES_FORWARD_CLUSTER;DEC27=GLOBAL_REFERENCE_OUTLIER_SERIES_FORWARD_CLUSTER;JUN29=GLOBAL_REFERENCE_NO_OBSERVATION;DEC30=GLOBAL_REFERENCE_NO_OBSERVATION,WEIGHTED_ATM,2026-09-30,6,120,0.0,NONE,5139,4967,0,0,165,NONE,MN1;MN2;MN3;MN4;MN5;QMW;QRW;QTW;QWW,OK,NONE,NONE,2026-09-21
NAS,47500.0,0.0,0.0,0.0,0.0,0.0,0.0,0.0,0.0,31097.76071498286,30471.23928501714,31411.021429965713,30157.978570034287,DEC26,SEP26,2026-09-23,2026-12-18,30784.5,29969.045028362125,FOUND,DEGRADED,SPOT_MONTH_FALLBACK;ESTIMATED_EXPIRY_ALIAS,2026-08-02.2,PUT_CALL_PARITY,SEP26,SEP26=PUT_CALL_PARITY;OCT26=PUT_CALL_PARITY;DEC29=SERIES_FORWARD_CLUSTER;DEC26=SERIES_FORWARD_CLUSTER;NOV26=SERIES_FORWARD_CLUSTER;MAR27=SERIES_FORWARD_CLUSTER;DEC28=PUT_CALL_PARITY;JUN27=PUT_CALL_PARITY;DEC27=PUT_CALL_PARITY;SEP27=SERIES_FORWARD_CLUSTER;JUN29=PUT_CALL_PARITY;DEC30=PUT_CALL_PARITY,SEP26=30784.5;OCT26=30771.875;DEC29=30567.375;DEC26=25293.875;NOV26=31207.875;MAR27=27605.375;JUN27=24447;DEC27=21051.75;SEP27=36072.5,DEC28=GLOBAL_REFERENCE_NO_OBSERVATION;JUN27=GLOBAL_REFERENCE_OUTLIER_SERIES_FORWARD_CLUSTER;DEC27=GLOBAL_REFERENCE_OUTLIER_SERIES_FORWARD_CLUSTER;JUN29=GLOBAL_REFERENCE_NO_OBSERVATION;DEC30=GLOBAL_REFERENCE_NO_OBSERVATION,WEIGHTED_ATM,2026-09-30,6,120,0.0,NONE,5139,4967,0,0,165,NONE,MN1;MN2;MN3;MN4;MN5;QMW;QRW;QTW;QWW,OK,NONE,NONE,2026-09-21
NAS,49000.0,0.0,0.0,0.0,0.0,0.0,0.0,0.0,0.0,31097.76071498286,30471.23928501714,31411.021429965713,30157.978570034287,DEC26,SEP26,2026-09-23,2026-12-18,30784.5,29969.045028362125,FOUND,DEGRADED,SPOT_MONTH_FALLBACK;ESTIMATED_EXPIRY_ALIAS,2026-08-02.2,PUT_CALL_PARITY,SEP26,SEP26=PUT_CALL_PARITY;OCT26=PUT_CALL_PARITY;DEC29=SERIES_FORWARD_CLUSTER;DEC26=SERIES_FORWARD_CLUSTER;NOV26=SERIES_FORWARD_CLUSTER;MAR27=SERIES_FORWARD_CLUSTER;DEC28=PUT_CALL_PARITY;JUN27=PUT_CALL_PARITY;DEC27=PUT_CALL_PARITY;SEP27=SERIES_FORWARD_CLUSTER;JUN29=PUT_CALL_PARITY;DEC30=PUT_CALL_PARITY,SEP26=30784.5;OCT26=30771.875;DEC29=30567.375;DEC26=25293.875;NOV26=31207.875;MAR27=27605.375;JUN27=24447;DEC27=21051.75;SEP27=36072.5,DEC28=GLOBAL_REFERENCE_NO_OBSERVATION;JUN27=GLOBAL_REFERENCE_OUTLIER_SERIES_FORWARD_CLUSTER;DEC27=GLOBAL_REFERENCE_OUTLIER_SERIES_FORWARD_CLUSTER;JUN29=GLOBAL_REFERENCE_NO_OBSERVATION;DEC30=GLOBAL_REFERENCE_NO_OBSERVATION,WEIGHTED_ATM,2026-09-30,6,120,0.0,NONE,5139,4967,0,0,165,NONE,MN1;MN2;MN3;MN4;MN5;QMW;QRW;QTW;QWW,OK,NONE,NONE,2026-09-21
