Currency,Strike,Total_GEX,Total_Abs_Gamma,Daily_Call_Settle,Daily_Call_OI,Daily_Put_Settle,Daily_Put_OI,Global_Call_OI,Global_Put_OI,R68_High,R68_Low,R95_High,R95_Low,Global_Month,Daily_Month,Daily_Expiry,Global_Expiry,Futures_Spot,Gamma_Flip,Gamma_Flip_Status,Quality_Status,Quality_Reasons,Series_Catalog_Version,Spot_Source,Spot_Reference_Month,Spot_Month_Sources,Spot_Observed_Values,Spot_Fallback_Details,IV_Source,IV_Expiry,IV_DTE,IV_Input_Rows,IV_Reference_Strike,IV_Fallback_Reason,Input_Rows,Used_Rows,Excluded_Unknown_Rows,Excluded_Unresolved_Expiry_Rows,Excluded_Expired_Rows,Unknown_Option_Types,Estimated_Expiry_Types,Anomaly_Status,Anomaly_Codes,Anomaly_Details,Anomaly_Baseline_Date
SPX,2000.0,0.0,0.0,0.0,0.0,0.0,0.0,0.0,0.0,7800.932309330873,7693.767690669128,7854.514618661745,7640.185381338256,SEP26,AUG26,2026-08-12,2026-09-18,7747.35,7705.975053873443,FOUND,WARN,UNKNOWN_SERIES;ESTIMATED_EXPIRY_ALIAS,2026-08-02.2,PUT_CALL_PARITY,AUG26,AUG26=PUT_CALL_PARITY;SEP26=PUT_CALL_PARITY;OCT26=PUT_CALL_PARITY;NOV26=PUT_CALL_PARITY;DEC26=PUT_CALL_PARITY;JUN27=PUT_CALL_PARITY;APR27=PUT_CALL_PARITY;MAR27=PUT_CALL_PARITY;FEB27=PUT_CALL_PARITY;JAN27=PUT_CALL_PARITY;MAY27=PUT_CALL_PARITY;JUL27=PUT_CALL_PARITY;SEP27=PUT_CALL_PARITY;AUG27=PUT_CALL_PARITY;DEC29=PUT_CALL_PARITY;DEC27=PUT_CALL_PARITY;MAR28=PUT_CALL_PARITY;DEC28=PUT_CALL_PARITY;DEC30=PUT_CALL_PARITY;JUN28=SERIES_FORWARD_CLUSTER,AUG26=7747.35;SEP26=7748.5;OCT26=7813;NOV26=7808.25;DEC26=7876.5;JUN27=8015.25;APR27=7959.5;MAR27=7945.5;FEB27=7879.75;JAN27=7881;MAY27=7963.25;JUL27=8043.875;SEP27=8077.25;AUG27=8051.75;DEC29=8676.5;DEC27=8103.75;MAR28=8179;DEC28=8373.25;DEC30=9151.75;JUN28=6427.25,NONE,WEIGHTED_ATM,2026-08-21,7,600,0.0,NONE,11513,11041,471,0,0,RTM,MDW;MMW;MRW;MTW,OK,NONE,NONE,2026-08-11
SPX,2100.0,0.0,0.0,0.0,0.0,0.0,0.0,0.0,0.0,7800.932309330873,7693.767690669128,7854.514618661745,7640.185381338256,SEP26,AUG26,2026-08-12,2026-09-18,7747.35,7705.975053873443,FOUND,WARN,UNKNOWN_SERIES;ESTIMATED_EXPIRY_ALIAS,2026-08-02.2,PUT_CALL_PARITY,AUG26,AUG26=PUT_CALL_PARITY;SEP26=PUT_CALL_PARITY;OCT26=PUT_CALL_PARITY;NOV26=PUT_CALL_PARITY;DEC26=PUT_CALL_PARITY;JUN27=PUT_CALL_PARITY;APR27=PUT_CALL_PARITY;MAR27=PUT_CALL_PARITY;FEB27=PUT_CALL_PARITY;JAN27=PUT_CALL_PARITY;MAY27=PUT_CALL_PARITY;JUL27=PUT_CALL_PARITY;SEP27=PUT_CALL_PARITY;AUG27=PUT_CALL_PARITY;DEC29=PUT_CALL_PARITY;DEC27=PUT_CALL_PARITY;MAR28=PUT_CALL_PARITY;DEC28=PUT_CALL_PARITY;DEC30=PUT_CALL_PARITY;JUN28=SERIES_FORWARD_CLUSTER,AUG26=7747.35;SEP26=7748.5;OCT26=7813;NOV26=7808.25;DEC26=7876.5;JUN27=8015.25;APR27=7959.5;MAR27=7945.5;FEB27=7879.75;JAN27=7881;MAY27=7963.25;JUL27=8043.875;SEP27=8077.25;AUG27=8051.75;DEC29=8676.5;DEC27=8103.75;MAR28=8179;DEC28=8373.25;DEC30=9151.75;JUN28=6427.25,NONE,WEIGHTED_ATM,2026-08-21,7,600,0.0,NONE,11513,11041,471,0,0,RTM,MDW;MMW;MRW;MTW,OK,NONE,NONE,2026-08-11
SPX,2200.0,0.0,0.0,0.0,0.0,0.0,0.0,0.0,0.0,7800.932309330873,7693.767690669128,7854.514618661745,7640.185381338256,SEP26,AUG26,2026-08-12,2026-09-18,7747.35,7705.975053873443,FOUND,WARN,UNKNOWN_SERIES;ESTIMATED_EXPIRY_ALIAS,2026-08-02.2,PUT_CALL_PARITY,AUG26,AUG26=PUT_CALL_PARITY;SEP26=PUT_CALL_PARITY;OCT26=PUT_CALL_PARITY;NOV26=PUT_CALL_PARITY;DEC26=PUT_CALL_PARITY;JUN27=PUT_CALL_PARITY;APR27=PUT_CALL_PARITY;MAR27=PUT_CALL_PARITY;FEB27=PUT_CALL_PARITY;JAN27=PUT_CALL_PARITY;MAY27=PUT_CALL_PARITY;JUL27=PUT_CALL_PARITY;SEP27=PUT_CALL_PARITY;AUG27=PUT_CALL_PARITY;DEC29=PUT_CALL_PARITY;DEC27=PUT_CALL_PARITY;MAR28=PUT_CALL_PARITY;DEC28=PUT_CALL_PARITY;DEC30=PUT_CALL_PARITY;JUN28=SERIES_FORWARD_CLUSTER,AUG26=7747.35;SEP26=7748.5;OCT26=7813;NOV26=7808.25;DEC26=7876.5;JUN27=8015.25;APR27=7959.5;MAR27=7945.5;FEB27=7879.75;JAN27=7881;MAY27=7963.25;JUL27=8043.875;SEP27=8077.25;AUG27=8051.75;DEC29=8676.5;DEC27=8103.75;MAR28=8179;DEC28=8373.25;DEC30=9151.75;JUN28=6427.25,NONE,WEIGHTED_ATM,2026-08-21,7,600,0.0,NONE,11513,11041,471,0,0,RTM,MDW;MMW;MRW;MTW,OK,NONE,NONE,2026-08-11
SPX,2300.0,0.0,0.0,0.0,0.0,0.0,0.0,0.0,0.0,7800.932309330873,7693.767690669128,7854.514618661745,7640.185381338256,SEP26,AUG26,2026-08-12,2026-09-18,7747.35,7705.975053873443,FOUND,WARN,UNKNOWN_SERIES;ESTIMATED_EXPIRY_ALIAS,2026-08-02.2,PUT_CALL_PARITY,AUG26,AUG26=PUT_CALL_PARITY;SEP26=PUT_CALL_PARITY;OCT26=PUT_CALL_PARITY;NOV26=PUT_CALL_PARITY;DEC26=PUT_CALL_PARITY;JUN27=PUT_CALL_PARITY;APR27=PUT_CALL_PARITY;MAR27=PUT_CALL_PARITY;FEB27=PUT_CALL_PARITY;JAN27=PUT_CALL_PARITY;MAY27=PUT_CALL_PARITY;JUL27=PUT_CALL_PARITY;SEP27=PUT_CALL_PARITY;AUG27=PUT_CALL_PARITY;DEC29=PUT_CALL_PARITY;DEC27=PUT_CALL_PARITY;MAR28=PUT_CALL_PARITY;DEC28=PUT_CALL_PARITY;DEC30=PUT_CALL_PARITY;JUN28=SERIES_FORWARD_CLUSTER,AUG26=7747.35;SEP26=7748.5;OCT26=7813;NOV26=7808.25;DEC26=7876.5;JUN27=8015.25;APR27=7959.5;MAR27=7945.5;FEB27=7879.75;JAN27=7881;MAY27=7963.25;JUL27=8043.875;SEP27=8077.25;AUG27=8051.75;DEC29=8676.5;DEC27=8103.75;MAR28=8179;DEC28=8373.25;DEC30=9151.75;JUN28=6427.25,NONE,WEIGHTED_ATM,2026-08-21,7,600,0.0,NONE,11513,11041,471,0,0,RTM,MDW;MMW;MRW;MTW,OK,NONE,NONE,2026-08-11
SPX,2400.0,0.0,0.0,0.0,0.0,0.0,0.0,0.0,0.0,7800.932309330873,7693.767690669128,7854.514618661745,7640.185381338256,SEP26,AUG26,2026-08-12,2026-09-18,7747.35,7705.975053873443,FOUND,WARN,UNKNOWN_SERIES;ESTIMATED_EXPIRY_ALIAS,2026-08-02.2,PUT_CALL_PARITY,AUG26,AUG26=PUT_CALL_PARITY;SEP26=PUT_CALL_PARITY;OCT26=PUT_CALL_PARITY;NOV26=PUT_CALL_PARITY;DEC26=PUT_CALL_PARITY;JUN27=PUT_CALL_PARITY;APR27=PUT_CALL_PARITY;MAR27=PUT_CALL_PARITY;FEB27=PUT_CALL_PARITY;JAN27=PUT_CALL_PARITY;MAY27=PUT_CALL_PARITY;JUL27=PUT_CALL_PARITY;SEP27=PUT_CALL_PARITY;AUG27=PUT_CALL_PARITY;DEC29=PUT_CALL_PARITY;DEC27=PUT_CALL_PARITY;MAR28=PUT_CALL_PARITY;DEC28=PUT_CALL_PARITY;DEC30=PUT_CALL_PARITY;JUN28=SERIES_FORWARD_CLUSTER,AUG26=7747.35;SEP26=7748.5;OCT26=7813;NOV26=7808.25;DEC26=7876.5;JUN27=8015.25;APR27=7959.5;MAR27=7945.5;FEB27=7879.75;JAN27=7881;MAY27=7963.25;JUL27=8043.875;SEP27=8077.25;AUG27=8051.75;DEC29=8676.5;DEC27=8103.75;MAR28=8179;DEC28=8373.25;DEC30=9151.75;JUN28=6427.25,NONE,WEIGHTED_ATM,2026-08-21,7,600,0.0,NONE,11513,11041,471,0,0,RTM,MDW;MMW;MRW;MTW,OK,NONE,NONE,2026-08-11
SPX,2500.0,0.0,0.0,0.0,0.0,0.0,0.0,0.0,0.0,7800.932309330873,7693.767690669128,7854.514618661745,7640.185381338256,SEP26,AUG26,2026-08-12,2026-09-18,7747.35,7705.975053873443,FOUND,WARN,UNKNOWN_SERIES;ESTIMATED_EXPIRY_ALIAS,2026-08-02.2,PUT_CALL_PARITY,AUG26,AUG26=PUT_CALL_PARITY;SEP26=PUT_CALL_PARITY;OCT26=PUT_CALL_PARITY;NOV26=PUT_CALL_PARITY;DEC26=PUT_CALL_PARITY;JUN27=PUT_CALL_PARITY;APR27=PUT_CALL_PARITY;MAR27=PUT_CALL_PARITY;FEB27=PUT_CALL_PARITY;JAN27=PUT_CALL_PARITY;MAY27=PUT_CALL_PARITY;JUL27=PUT_CALL_PARITY;SEP27=PUT_CALL_PARITY;AUG27=PUT_CALL_PARITY;DEC29=PUT_CALL_PARITY;DEC27=PUT_CALL_PARITY;MAR28=PUT_CALL_PARITY;DEC28=PUT_CALL_PARITY;DEC30=PUT_CALL_PARITY;JUN28=SERIES_FORWARD_CLUSTER,AUG26=7747.35;SEP26=7748.5;OCT26=7813;NOV26=7808.25;DEC26=7876.5;JUN27=8015.25;APR27=7959.5;MAR27=7945.5;FEB27=7879.75;JAN27=7881;MAY27=7963.25;JUL27=8043.875;SEP27=8077.25;AUG27=8051.75;DEC29=8676.5;DEC27=8103.75;MAR28=8179;DEC28=8373.25;DEC30=9151.75;JUN28=6427.25,NONE,WEIGHTED_ATM,2026-08-21,7,600,0.0,NONE,11513,11041,471,0,0,RTM,MDW;MMW;MRW;MTW,OK,NONE,NONE,2026-08-11
SPX,2600.0,0.0,0.0,0.0,0.0,0.0,0.0,0.0,0.0,7800.932309330873,7693.767690669128,7854.514618661745,7640.185381338256,SEP26,AUG26,2026-08-12,2026-09-18,7747.35,7705.975053873443,FOUND,WARN,UNKNOWN_SERIES;ESTIMATED_EXPIRY_ALIAS,2026-08-02.2,PUT_CALL_PARITY,AUG26,AUG26=PUT_CALL_PARITY;SEP26=PUT_CALL_PARITY;OCT26=PUT_CALL_PARITY;NOV26=PUT_CALL_PARITY;DEC26=PUT_CALL_PARITY;JUN27=PUT_CALL_PARITY;APR27=PUT_CALL_PARITY;MAR27=PUT_CALL_PARITY;FEB27=PUT_CALL_PARITY;JAN27=PUT_CALL_PARITY;MAY27=PUT_CALL_PARITY;JUL27=PUT_CALL_PARITY;SEP27=PUT_CALL_PARITY;AUG27=PUT_CALL_PARITY;DEC29=PUT_CALL_PARITY;DEC27=PUT_CALL_PARITY;MAR28=PUT_CALL_PARITY;DEC28=PUT_CALL_PARITY;DEC30=PUT_CALL_PARITY;JUN28=SERIES_FORWARD_CLUSTER,AUG26=7747.35;SEP26=7748.5;OCT26=7813;NOV26=7808.25;DEC26=7876.5;JUN27=8015.25;APR27=7959.5;MAR27=7945.5;FEB27=7879.75;JAN27=7881;MAY27=7963.25;JUL27=8043.875;SEP27=8077.25;AUG27=8051.75;DEC29=8676.5;DEC27=8103.75;MAR28=8179;DEC28=8373.25;DEC30=9151.75;JUN28=6427.25,NONE,WEIGHTED_ATM,2026-08-21,7,600,0.0,NONE,11513,11041,471,0,0,RTM,MDW;MMW;MRW;MTW,OK,NONE,NONE,2026-08-11
SPX,2700.0,0.0,0.0,0.0,0.0,0.0,0.0,0.0,0.0,7800.932309330873,7693.767690669128,7854.514618661745,7640.185381338256,SEP26,AUG26,2026-08-12,2026-09-18,7747.35,7705.975053873443,FOUND,WARN,UNKNOWN_SERIES;ESTIMATED_EXPIRY_ALIAS,2026-08-02.2,PUT_CALL_PARITY,AUG26,AUG26=PUT_CALL_PARITY;SEP26=PUT_CALL_PARITY;OCT26=PUT_CALL_PARITY;NOV26=PUT_CALL_PARITY;DEC26=PUT_CALL_PARITY;JUN27=PUT_CALL_PARITY;APR27=PUT_CALL_PARITY;MAR27=PUT_CALL_PARITY;FEB27=PUT_CALL_PARITY;JAN27=PUT_CALL_PARITY;MAY27=PUT_CALL_PARITY;JUL27=PUT_CALL_PARITY;SEP27=PUT_CALL_PARITY;AUG27=PUT_CALL_PARITY;DEC29=PUT_CALL_PARITY;DEC27=PUT_CALL_PARITY;MAR28=PUT_CALL_PARITY;DEC28=PUT_CALL_PARITY;DEC30=PUT_CALL_PARITY;JUN28=SERIES_FORWARD_CLUSTER,AUG26=7747.35;SEP26=7748.5;OCT26=7813;NOV26=7808.25;DEC26=7876.5;JUN27=8015.25;APR27=7959.5;MAR27=7945.5;FEB27=7879.75;JAN27=7881;MAY27=7963.25;JUL27=8043.875;SEP27=8077.25;AUG27=8051.75;DEC29=8676.5;DEC27=8103.75;MAR28=8179;DEC28=8373.25;DEC30=9151.75;JUN28=6427.25,NONE,WEIGHTED_ATM,2026-08-21,7,600,0.0,NONE,11513,11041,471,0,0,RTM,MDW;MMW;MRW;MTW,OK,NONE,NONE,2026-08-11
SPX,2800.0,0.0,0.0,0.0,0.0,0.0,0.0,0.0,0.0,7800.932309330873,7693.767690669128,7854.514618661745,7640.185381338256,SEP26,AUG26,2026-08-12,2026-09-18,7747.35,7705.975053873443,FOUND,WARN,UNKNOWN_SERIES;ESTIMATED_EXPIRY_ALIAS,2026-08-02.2,PUT_CALL_PARITY,AUG26,AUG26=PUT_CALL_PARITY;SEP26=PUT_CALL_PARITY;OCT26=PUT_CALL_PARITY;NOV26=PUT_CALL_PARITY;DEC26=PUT_CALL_PARITY;JUN27=PUT_CALL_PARITY;APR27=PUT_CALL_PARITY;MAR27=PUT_CALL_PARITY;FEB27=PUT_CALL_PARITY;JAN27=PUT_CALL_PARITY;MAY27=PUT_CALL_PARITY;JUL27=PUT_CALL_PARITY;SEP27=PUT_CALL_PARITY;AUG27=PUT_CALL_PARITY;DEC29=PUT_CALL_PARITY;DEC27=PUT_CALL_PARITY;MAR28=PUT_CALL_PARITY;DEC28=PUT_CALL_PARITY;DEC30=PUT_CALL_PARITY;JUN28=SERIES_FORWARD_CLUSTER,AUG26=7747.35;SEP26=7748.5;OCT26=7813;NOV26=7808.25;DEC26=7876.5;JUN27=8015.25;APR27=7959.5;MAR27=7945.5;FEB27=7879.75;JAN27=7881;MAY27=7963.25;JUL27=8043.875;SEP27=8077.25;AUG27=8051.75;DEC29=8676.5;DEC27=8103.75;MAR28=8179;DEC28=8373.25;DEC30=9151.75;JUN28=6427.25,NONE,WEIGHTED_ATM,2026-08-21,7,600,0.0,NONE,11513,11041,471,0,0,RTM,MDW;MMW;MRW;MTW,OK,NONE,NONE,2026-08-11
SPX,2900.0,0.0,0.0,0.0,0.0,0.0,0.0,0.0,0.0,7800.932309330873,7693.767690669128,7854.514618661745,7640.185381338256,SEP26,AUG26,2026-08-12,2026-09-18,7747.35,7705.975053873443,FOUND,WARN,UNKNOWN_SERIES;ESTIMATED_EXPIRY_ALIAS,2026-08-02.2,PUT_CALL_PARITY,AUG26,AUG26=PUT_CALL_PARITY;SEP26=PUT_CALL_PARITY;OCT26=PUT_CALL_PARITY;NOV26=PUT_CALL_PARITY;DEC26=PUT_CALL_PARITY;JUN27=PUT_CALL_PARITY;APR27=PUT_CALL_PARITY;MAR27=PUT_CALL_PARITY;FEB27=PUT_CALL_PARITY;JAN27=PUT_CALL_PARITY;MAY27=PUT_CALL_PARITY;JUL27=PUT_CALL_PARITY;SEP27=PUT_CALL_PARITY;AUG27=PUT_CALL_PARITY;DEC29=PUT_CALL_PARITY;DEC27=PUT_CALL_PARITY;MAR28=PUT_CALL_PARITY;DEC28=PUT_CALL_PARITY;DEC30=PUT_CALL_PARITY;JUN28=SERIES_FORWARD_CLUSTER,AUG26=7747.35;SEP26=7748.5;OCT26=7813;NOV26=7808.25;DEC26=7876.5;JUN27=8015.25;APR27=7959.5;MAR27=7945.5;FEB27=7879.75;JAN27=7881;MAY27=7963.25;JUL27=8043.875;SEP27=8077.25;AUG27=8051.75;DEC29=8676.5;DEC27=8103.75;MAR28=8179;DEC28=8373.25;DEC30=9151.75;JUN28=6427.25,NONE,WEIGHTED_ATM,2026-08-21,7,600,0.0,NONE,11513,11041,471,0,0,RTM,MDW;MMW;MRW;MTW,OK,NONE,NONE,2026-08-11
SPX,3000.0,0.0,0.0,0.0,0.0,0.0,0.0,0.0,0.0,7800.932309330873,7693.767690669128,7854.514618661745,7640.185381338256,SEP26,AUG26,2026-08-12,2026-09-18,7747.35,7705.975053873443,FOUND,WARN,UNKNOWN_SERIES;ESTIMATED_EXPIRY_ALIAS,2026-08-02.2,PUT_CALL_PARITY,AUG26,AUG26=PUT_CALL_PARITY;SEP26=PUT_CALL_PARITY;OCT26=PUT_CALL_PARITY;NOV26=PUT_CALL_PARITY;DEC26=PUT_CALL_PARITY;JUN27=PUT_CALL_PARITY;APR27=PUT_CALL_PARITY;MAR27=PUT_CALL_PARITY;FEB27=PUT_CALL_PARITY;JAN27=PUT_CALL_PARITY;MAY27=PUT_CALL_PARITY;JUL27=PUT_CALL_PARITY;SEP27=PUT_CALL_PARITY;AUG27=PUT_CALL_PARITY;DEC29=PUT_CALL_PARITY;DEC27=PUT_CALL_PARITY;MAR28=PUT_CALL_PARITY;DEC28=PUT_CALL_PARITY;DEC30=PUT_CALL_PARITY;JUN28=SERIES_FORWARD_CLUSTER,AUG26=7747.35;SEP26=7748.5;OCT26=7813;NOV26=7808.25;DEC26=7876.5;JUN27=8015.25;APR27=7959.5;MAR27=7945.5;FEB27=7879.75;JAN27=7881;MAY27=7963.25;JUL27=8043.875;SEP27=8077.25;AUG27=8051.75;DEC29=8676.5;DEC27=8103.75;MAR28=8179;DEC28=8373.25;DEC30=9151.75;JUN28=6427.25,NONE,WEIGHTED_ATM,2026-08-21,7,600,0.0,NONE,11513,11041,471,0,0,RTM,MDW;MMW;MRW;MTW,OK,NONE,NONE,2026-08-11
SPX,3100.0,0.0,0.0,0.0,0.0,0.0,0.0,0.0,0.0,7800.932309330873,7693.767690669128,7854.514618661745,7640.185381338256,SEP26,AUG26,2026-08-12,2026-09-18,7747.35,7705.975053873443,FOUND,WARN,UNKNOWN_SERIES;ESTIMATED_EXPIRY_ALIAS,2026-08-02.2,PUT_CALL_PARITY,AUG26,AUG26=PUT_CALL_PARITY;SEP26=PUT_CALL_PARITY;OCT26=PUT_CALL_PARITY;NOV26=PUT_CALL_PARITY;DEC26=PUT_CALL_PARITY;JUN27=PUT_CALL_PARITY;APR27=PUT_CALL_PARITY;MAR27=PUT_CALL_PARITY;FEB27=PUT_CALL_PARITY;JAN27=PUT_CALL_PARITY;MAY27=PUT_CALL_PARITY;JUL27=PUT_CALL_PARITY;SEP27=PUT_CALL_PARITY;AUG27=PUT_CALL_PARITY;DEC29=PUT_CALL_PARITY;DEC27=PUT_CALL_PARITY;MAR28=PUT_CALL_PARITY;DEC28=PUT_CALL_PARITY;DEC30=PUT_CALL_PARITY;JUN28=SERIES_FORWARD_CLUSTER,AUG26=7747.35;SEP26=7748.5;OCT26=7813;NOV26=7808.25;DEC26=7876.5;JUN27=8015.25;APR27=7959.5;MAR27=7945.5;FEB27=7879.75;JAN27=7881;MAY27=7963.25;JUL27=8043.875;SEP27=8077.25;AUG27=8051.75;DEC29=8676.5;DEC27=8103.75;MAR28=8179;DEC28=8373.25;DEC30=9151.75;JUN28=6427.25,NONE,WEIGHTED_ATM,2026-08-21,7,600,0.0,NONE,11513,11041,471,0,0,RTM,MDW;MMW;MRW;MTW,OK,NONE,NONE,2026-08-11
SPX,3200.0,0.0,0.0,0.0,0.0,0.0,0.0,0.0,0.0,7800.932309330873,7693.767690669128,7854.514618661745,7640.185381338256,SEP26,AUG26,2026-08-12,2026-09-18,7747.35,7705.975053873443,FOUND,WARN,UNKNOWN_SERIES;ESTIMATED_EXPIRY_ALIAS,2026-08-02.2,PUT_CALL_PARITY,AUG26,AUG26=PUT_CALL_PARITY;SEP26=PUT_CALL_PARITY;OCT26=PUT_CALL_PARITY;NOV26=PUT_CALL_PARITY;DEC26=PUT_CALL_PARITY;JUN27=PUT_CALL_PARITY;APR27=PUT_CALL_PARITY;MAR27=PUT_CALL_PARITY;FEB27=PUT_CALL_PARITY;JAN27=PUT_CALL_PARITY;MAY27=PUT_CALL_PARITY;JUL27=PUT_CALL_PARITY;SEP27=PUT_CALL_PARITY;AUG27=PUT_CALL_PARITY;DEC29=PUT_CALL_PARITY;DEC27=PUT_CALL_PARITY;MAR28=PUT_CALL_PARITY;DEC28=PUT_CALL_PARITY;DEC30=PUT_CALL_PARITY;JUN28=SERIES_FORWARD_CLUSTER,AUG26=7747.35;SEP26=7748.5;OCT26=7813;NOV26=7808.25;DEC26=7876.5;JUN27=8015.25;APR27=7959.5;MAR27=7945.5;FEB27=7879.75;JAN27=7881;MAY27=7963.25;JUL27=8043.875;SEP27=8077.25;AUG27=8051.75;DEC29=8676.5;DEC27=8103.75;MAR28=8179;DEC28=8373.25;DEC30=9151.75;JUN28=6427.25,NONE,WEIGHTED_ATM,2026-08-21,7,600,0.0,NONE,11513,11041,471,0,0,RTM,MDW;MMW;MRW;MTW,OK,NONE,NONE,2026-08-11
SPX,3300.0,0.0,0.0,0.0,0.0,0.0,0.0,0.0,0.0,7800.932309330873,7693.767690669128,7854.514618661745,7640.185381338256,SEP26,AUG26,2026-08-12,2026-09-18,7747.35,7705.975053873443,FOUND,WARN,UNKNOWN_SERIES;ESTIMATED_EXPIRY_ALIAS,2026-08-02.2,PUT_CALL_PARITY,AUG26,AUG26=PUT_CALL_PARITY;SEP26=PUT_CALL_PARITY;OCT26=PUT_CALL_PARITY;NOV26=PUT_CALL_PARITY;DEC26=PUT_CALL_PARITY;JUN27=PUT_CALL_PARITY;APR27=PUT_CALL_PARITY;MAR27=PUT_CALL_PARITY;FEB27=PUT_CALL_PARITY;JAN27=PUT_CALL_PARITY;MAY27=PUT_CALL_PARITY;JUL27=PUT_CALL_PARITY;SEP27=PUT_CALL_PARITY;AUG27=PUT_CALL_PARITY;DEC29=PUT_CALL_PARITY;DEC27=PUT_CALL_PARITY;MAR28=PUT_CALL_PARITY;DEC28=PUT_CALL_PARITY;DEC30=PUT_CALL_PARITY;JUN28=SERIES_FORWARD_CLUSTER,AUG26=7747.35;SEP26=7748.5;OCT26=7813;NOV26=7808.25;DEC26=7876.5;JUN27=8015.25;APR27=7959.5;MAR27=7945.5;FEB27=7879.75;JAN27=7881;MAY27=7963.25;JUL27=8043.875;SEP27=8077.25;AUG27=8051.75;DEC29=8676.5;DEC27=8103.75;MAR28=8179;DEC28=8373.25;DEC30=9151.75;JUN28=6427.25,NONE,WEIGHTED_ATM,2026-08-21,7,600,0.0,NONE,11513,11041,471,0,0,RTM,MDW;MMW;MRW;MTW,OK,NONE,NONE,2026-08-11
SPX,3400.0,0.0,0.0,0.0,0.0,0.0,0.0,0.0,0.0,7800.932309330873,7693.767690669128,7854.514618661745,7640.185381338256,SEP26,AUG26,2026-08-12,2026-09-18,7747.35,7705.975053873443,FOUND,WARN,UNKNOWN_SERIES;ESTIMATED_EXPIRY_ALIAS,2026-08-02.2,PUT_CALL_PARITY,AUG26,AUG26=PUT_CALL_PARITY;SEP26=PUT_CALL_PARITY;OCT26=PUT_CALL_PARITY;NOV26=PUT_CALL_PARITY;DEC26=PUT_CALL_PARITY;JUN27=PUT_CALL_PARITY;APR27=PUT_CALL_PARITY;MAR27=PUT_CALL_PARITY;FEB27=PUT_CALL_PARITY;JAN27=PUT_CALL_PARITY;MAY27=PUT_CALL_PARITY;JUL27=PUT_CALL_PARITY;SEP27=PUT_CALL_PARITY;AUG27=PUT_CALL_PARITY;DEC29=PUT_CALL_PARITY;DEC27=PUT_CALL_PARITY;MAR28=PUT_CALL_PARITY;DEC28=PUT_CALL_PARITY;DEC30=PUT_CALL_PARITY;JUN28=SERIES_FORWARD_CLUSTER,AUG26=7747.35;SEP26=7748.5;OCT26=7813;NOV26=7808.25;DEC26=7876.5;JUN27=8015.25;APR27=7959.5;MAR27=7945.5;FEB27=7879.75;JAN27=7881;MAY27=7963.25;JUL27=8043.875;SEP27=8077.25;AUG27=8051.75;DEC29=8676.5;DEC27=8103.75;MAR28=8179;DEC28=8373.25;DEC30=9151.75;JUN28=6427.25,NONE,WEIGHTED_ATM,2026-08-21,7,600,0.0,NONE,11513,11041,471,0,0,RTM,MDW;MMW;MRW;MTW,OK,NONE,NONE,2026-08-11
SPX,3500.0,0.0,0.0,0.0,0.0,0.0,0.0,0.0,0.0,7800.932309330873,7693.767690669128,7854.514618661745,7640.185381338256,SEP26,AUG26,2026-08-12,2026-09-18,7747.35,7705.975053873443,FOUND,WARN,UNKNOWN_SERIES;ESTIMATED_EXPIRY_ALIAS,2026-08-02.2,PUT_CALL_PARITY,AUG26,AUG26=PUT_CALL_PARITY;SEP26=PUT_CALL_PARITY;OCT26=PUT_CALL_PARITY;NOV26=PUT_CALL_PARITY;DEC26=PUT_CALL_PARITY;JUN27=PUT_CALL_PARITY;APR27=PUT_CALL_PARITY;MAR27=PUT_CALL_PARITY;FEB27=PUT_CALL_PARITY;JAN27=PUT_CALL_PARITY;MAY27=PUT_CALL_PARITY;JUL27=PUT_CALL_PARITY;SEP27=PUT_CALL_PARITY;AUG27=PUT_CALL_PARITY;DEC29=PUT_CALL_PARITY;DEC27=PUT_CALL_PARITY;MAR28=PUT_CALL_PARITY;DEC28=PUT_CALL_PARITY;DEC30=PUT_CALL_PARITY;JUN28=SERIES_FORWARD_CLUSTER,AUG26=7747.35;SEP26=7748.5;OCT26=7813;NOV26=7808.25;DEC26=7876.5;JUN27=8015.25;APR27=7959.5;MAR27=7945.5;FEB27=7879.75;JAN27=7881;MAY27=7963.25;JUL27=8043.875;SEP27=8077.25;AUG27=8051.75;DEC29=8676.5;DEC27=8103.75;MAR28=8179;DEC28=8373.25;DEC30=9151.75;JUN28=6427.25,NONE,WEIGHTED_ATM,2026-08-21,7,600,0.0,NONE,11513,11041,471,0,0,RTM,MDW;MMW;MRW;MTW,OK,NONE,NONE,2026-08-11
SPX,3600.0,0.0,0.0,0.0,0.0,0.0,0.0,0.0,0.0,7800.932309330873,7693.767690669128,7854.514618661745,7640.185381338256,SEP26,AUG26,2026-08-12,2026-09-18,7747.35,7705.975053873443,FOUND,WARN,UNKNOWN_SERIES;ESTIMATED_EXPIRY_ALIAS,2026-08-02.2,PUT_CALL_PARITY,AUG26,AUG26=PUT_CALL_PARITY;SEP26=PUT_CALL_PARITY;OCT26=PUT_CALL_PARITY;NOV26=PUT_CALL_PARITY;DEC26=PUT_CALL_PARITY;JUN27=PUT_CALL_PARITY;APR27=PUT_CALL_PARITY;MAR27=PUT_CALL_PARITY;FEB27=PUT_CALL_PARITY;JAN27=PUT_CALL_PARITY;MAY27=PUT_CALL_PARITY;JUL27=PUT_CALL_PARITY;SEP27=PUT_CALL_PARITY;AUG27=PUT_CALL_PARITY;DEC29=PUT_CALL_PARITY;DEC27=PUT_CALL_PARITY;MAR28=PUT_CALL_PARITY;DEC28=PUT_CALL_PARITY;DEC30=PUT_CALL_PARITY;JUN28=SERIES_FORWARD_CLUSTER,AUG26=7747.35;SEP26=7748.5;OCT26=7813;NOV26=7808.25;DEC26=7876.5;JUN27=8015.25;APR27=7959.5;MAR27=7945.5;FEB27=7879.75;JAN27=7881;MAY27=7963.25;JUL27=8043.875;SEP27=8077.25;AUG27=8051.75;DEC29=8676.5;DEC27=8103.75;MAR28=8179;DEC28=8373.25;DEC30=9151.75;JUN28=6427.25,NONE,WEIGHTED_ATM,2026-08-21,7,600,0.0,NONE,11513,11041,471,0,0,RTM,MDW;MMW;MRW;MTW,OK,NONE,NONE,2026-08-11
SPX,3650.0,0.0,0.0,0.0,0.0,0.0,0.0,0.0,0.0,7800.932309330873,7693.767690669128,7854.514618661745,7640.185381338256,SEP26,AUG26,2026-08-12,2026-09-18,7747.35,7705.975053873443,FOUND,WARN,UNKNOWN_SERIES;ESTIMATED_EXPIRY_ALIAS,2026-08-02.2,PUT_CALL_PARITY,AUG26,AUG26=PUT_CALL_PARITY;SEP26=PUT_CALL_PARITY;OCT26=PUT_CALL_PARITY;NOV26=PUT_CALL_PARITY;DEC26=PUT_CALL_PARITY;JUN27=PUT_CALL_PARITY;APR27=PUT_CALL_PARITY;MAR27=PUT_CALL_PARITY;FEB27=PUT_CALL_PARITY;JAN27=PUT_CALL_PARITY;MAY27=PUT_CALL_PARITY;JUL27=PUT_CALL_PARITY;SEP27=PUT_CALL_PARITY;AUG27=PUT_CALL_PARITY;DEC29=PUT_CALL_PARITY;DEC27=PUT_CALL_PARITY;MAR28=PUT_CALL_PARITY;DEC28=PUT_CALL_PARITY;DEC30=PUT_CALL_PARITY;JUN28=SERIES_FORWARD_CLUSTER,AUG26=7747.35;SEP26=7748.5;OCT26=7813;NOV26=7808.25;DEC26=7876.5;JUN27=8015.25;APR27=7959.5;MAR27=7945.5;FEB27=7879.75;JAN27=7881;MAY27=7963.25;JUL27=8043.875;SEP27=8077.25;AUG27=8051.75;DEC29=8676.5;DEC27=8103.75;MAR28=8179;DEC28=8373.25;DEC30=9151.75;JUN28=6427.25,NONE,WEIGHTED_ATM,2026-08-21,7,600,0.0,NONE,11513,11041,471,0,0,RTM,MDW;MMW;MRW;MTW,OK,NONE,NONE,2026-08-11
SPX,3700.0,0.0,0.0,0.0,0.0,0.0,0.0,0.0,0.0,7800.932309330873,7693.767690669128,7854.514618661745,7640.185381338256,SEP26,AUG26,2026-08-12,2026-09-18,7747.35,7705.975053873443,FOUND,WARN,UNKNOWN_SERIES;ESTIMATED_EXPIRY_ALIAS,2026-08-02.2,PUT_CALL_PARITY,AUG26,AUG26=PUT_CALL_PARITY;SEP26=PUT_CALL_PARITY;OCT26=PUT_CALL_PARITY;NOV26=PUT_CALL_PARITY;DEC26=PUT_CALL_PARITY;JUN27=PUT_CALL_PARITY;APR27=PUT_CALL_PARITY;MAR27=PUT_CALL_PARITY;FEB27=PUT_CALL_PARITY;JAN27=PUT_CALL_PARITY;MAY27=PUT_CALL_PARITY;JUL27=PUT_CALL_PARITY;SEP27=PUT_CALL_PARITY;AUG27=PUT_CALL_PARITY;DEC29=PUT_CALL_PARITY;DEC27=PUT_CALL_PARITY;MAR28=PUT_CALL_PARITY;DEC28=PUT_CALL_PARITY;DEC30=PUT_CALL_PARITY;JUN28=SERIES_FORWARD_CLUSTER,AUG26=7747.35;SEP26=7748.5;OCT26=7813;NOV26=7808.25;DEC26=7876.5;JUN27=8015.25;APR27=7959.5;MAR27=7945.5;FEB27=7879.75;JAN27=7881;MAY27=7963.25;JUL27=8043.875;SEP27=8077.25;AUG27=8051.75;DEC29=8676.5;DEC27=8103.75;MAR28=8179;DEC28=8373.25;DEC30=9151.75;JUN28=6427.25,NONE,WEIGHTED_ATM,2026-08-21,7,600,0.0,NONE,11513,11041,471,0,0,RTM,MDW;MMW;MRW;MTW,OK,NONE,NONE,2026-08-11
SPX,3750.0,0.0,0.0,0.0,0.0,0.0,0.0,0.0,0.0,7800.932309330873,7693.767690669128,7854.514618661745,7640.185381338256,SEP26,AUG26,2026-08-12,2026-09-18,7747.35,7705.975053873443,FOUND,WARN,UNKNOWN_SERIES;ESTIMATED_EXPIRY_ALIAS,2026-08-02.2,PUT_CALL_PARITY,AUG26,AUG26=PUT_CALL_PARITY;SEP26=PUT_CALL_PARITY;OCT26=PUT_CALL_PARITY;NOV26=PUT_CALL_PARITY;DEC26=PUT_CALL_PARITY;JUN27=PUT_CALL_PARITY;APR27=PUT_CALL_PARITY;MAR27=PUT_CALL_PARITY;FEB27=PUT_CALL_PARITY;JAN27=PUT_CALL_PARITY;MAY27=PUT_CALL_PARITY;JUL27=PUT_CALL_PARITY;SEP27=PUT_CALL_PARITY;AUG27=PUT_CALL_PARITY;DEC29=PUT_CALL_PARITY;DEC27=PUT_CALL_PARITY;MAR28=PUT_CALL_PARITY;DEC28=PUT_CALL_PARITY;DEC30=PUT_CALL_PARITY;JUN28=SERIES_FORWARD_CLUSTER,AUG26=7747.35;SEP26=7748.5;OCT26=7813;NOV26=7808.25;DEC26=7876.5;JUN27=8015.25;APR27=7959.5;MAR27=7945.5;FEB27=7879.75;JAN27=7881;MAY27=7963.25;JUL27=8043.875;SEP27=8077.25;AUG27=8051.75;DEC29=8676.5;DEC27=8103.75;MAR28=8179;DEC28=8373.25;DEC30=9151.75;JUN28=6427.25,NONE,WEIGHTED_ATM,2026-08-21,7,600,0.0,NONE,11513,11041,471,0,0,RTM,MDW;MMW;MRW;MTW,OK,NONE,NONE,2026-08-11
SPX,3800.0,0.0,0.0,0.0,0.0,0.0,0.0,0.0,0.0,7800.932309330873,7693.767690669128,7854.514618661745,7640.185381338256,SEP26,AUG26,2026-08-12,2026-09-18,7747.35,7705.975053873443,FOUND,WARN,UNKNOWN_SERIES;ESTIMATED_EXPIRY_ALIAS,2026-08-02.2,PUT_CALL_PARITY,AUG26,AUG26=PUT_CALL_PARITY;SEP26=PUT_CALL_PARITY;OCT26=PUT_CALL_PARITY;NOV26=PUT_CALL_PARITY;DEC26=PUT_CALL_PARITY;JUN27=PUT_CALL_PARITY;APR27=PUT_CALL_PARITY;MAR27=PUT_CALL_PARITY;FEB27=PUT_CALL_PARITY;JAN27=PUT_CALL_PARITY;MAY27=PUT_CALL_PARITY;JUL27=PUT_CALL_PARITY;SEP27=PUT_CALL_PARITY;AUG27=PUT_CALL_PARITY;DEC29=PUT_CALL_PARITY;DEC27=PUT_CALL_PARITY;MAR28=PUT_CALL_PARITY;DEC28=PUT_CALL_PARITY;DEC30=PUT_CALL_PARITY;JUN28=SERIES_FORWARD_CLUSTER,AUG26=7747.35;SEP26=7748.5;OCT26=7813;NOV26=7808.25;DEC26=7876.5;JUN27=8015.25;APR27=7959.5;MAR27=7945.5;FEB27=7879.75;JAN27=7881;MAY27=7963.25;JUL27=8043.875;SEP27=8077.25;AUG27=8051.75;DEC29=8676.5;DEC27=8103.75;MAR28=8179;DEC28=8373.25;DEC30=9151.75;JUN28=6427.25,NONE,WEIGHTED_ATM,2026-08-21,7,600,0.0,NONE,11513,11041,471,0,0,RTM,MDW;MMW;MRW;MTW,OK,NONE,NONE,2026-08-11
SPX,3850.0,0.0,0.0,0.0,0.0,0.0,0.0,0.0,0.0,7800.932309330873,7693.767690669128,7854.514618661745,7640.185381338256,SEP26,AUG26,2026-08-12,2026-09-18,7747.35,7705.975053873443,FOUND,WARN,UNKNOWN_SERIES;ESTIMATED_EXPIRY_ALIAS,2026-08-02.2,PUT_CALL_PARITY,AUG26,AUG26=PUT_CALL_PARITY;SEP26=PUT_CALL_PARITY;OCT26=PUT_CALL_PARITY;NOV26=PUT_CALL_PARITY;DEC26=PUT_CALL_PARITY;JUN27=PUT_CALL_PARITY;APR27=PUT_CALL_PARITY;MAR27=PUT_CALL_PARITY;FEB27=PUT_CALL_PARITY;JAN27=PUT_CALL_PARITY;MAY27=PUT_CALL_PARITY;JUL27=PUT_CALL_PARITY;SEP27=PUT_CALL_PARITY;AUG27=PUT_CALL_PARITY;DEC29=PUT_CALL_PARITY;DEC27=PUT_CALL_PARITY;MAR28=PUT_CALL_PARITY;DEC28=PUT_CALL_PARITY;DEC30=PUT_CALL_PARITY;JUN28=SERIES_FORWARD_CLUSTER,AUG26=7747.35;SEP26=7748.5;OCT26=7813;NOV26=7808.25;DEC26=7876.5;JUN27=8015.25;APR27=7959.5;MAR27=7945.5;FEB27=7879.75;JAN27=7881;MAY27=7963.25;JUL27=8043.875;SEP27=8077.25;AUG27=8051.75;DEC29=8676.5;DEC27=8103.75;MAR28=8179;DEC28=8373.25;DEC30=9151.75;JUN28=6427.25,NONE,WEIGHTED_ATM,2026-08-21,7,600,0.0,NONE,11513,11041,471,0,0,RTM,MDW;MMW;MRW;MTW,OK,NONE,NONE,2026-08-11
SPX,3900.0,0.0,0.0,0.0,0.0,0.0,0.0,0.0,0.0,7800.932309330873,7693.767690669128,7854.514618661745,7640.185381338256,SEP26,AUG26,2026-08-12,2026-09-18,7747.35,7705.975053873443,FOUND,WARN,UNKNOWN_SERIES;ESTIMATED_EXPIRY_ALIAS,2026-08-02.2,PUT_CALL_PARITY,AUG26,AUG26=PUT_CALL_PARITY;SEP26=PUT_CALL_PARITY;OCT26=PUT_CALL_PARITY;NOV26=PUT_CALL_PARITY;DEC26=PUT_CALL_PARITY;JUN27=PUT_CALL_PARITY;APR27=PUT_CALL_PARITY;MAR27=PUT_CALL_PARITY;FEB27=PUT_CALL_PARITY;JAN27=PUT_CALL_PARITY;MAY27=PUT_CALL_PARITY;JUL27=PUT_CALL_PARITY;SEP27=PUT_CALL_PARITY;AUG27=PUT_CALL_PARITY;DEC29=PUT_CALL_PARITY;DEC27=PUT_CALL_PARITY;MAR28=PUT_CALL_PARITY;DEC28=PUT_CALL_PARITY;DEC30=PUT_CALL_PARITY;JUN28=SERIES_FORWARD_CLUSTER,AUG26=7747.35;SEP26=7748.5;OCT26=7813;NOV26=7808.25;DEC26=7876.5;JUN27=8015.25;APR27=7959.5;MAR27=7945.5;FEB27=7879.75;JAN27=7881;MAY27=7963.25;JUL27=8043.875;SEP27=8077.25;AUG27=8051.75;DEC29=8676.5;DEC27=8103.75;MAR28=8179;DEC28=8373.25;DEC30=9151.75;JUN28=6427.25,NONE,WEIGHTED_ATM,2026-08-21,7,600,0.0,NONE,11513,11041,471,0,0,RTM,MDW;MMW;MRW;MTW,OK,NONE,NONE,2026-08-11
SPX,3950.0,0.0,0.0,0.0,0.0,0.0,0.0,0.0,0.0,7800.932309330873,7693.767690669128,7854.514618661745,7640.185381338256,SEP26,AUG26,2026-08-12,2026-09-18,7747.35,7705.975053873443,FOUND,WARN,UNKNOWN_SERIES;ESTIMATED_EXPIRY_ALIAS,2026-08-02.2,PUT_CALL_PARITY,AUG26,AUG26=PUT_CALL_PARITY;SEP26=PUT_CALL_PARITY;OCT26=PUT_CALL_PARITY;NOV26=PUT_CALL_PARITY;DEC26=PUT_CALL_PARITY;JUN27=PUT_CALL_PARITY;APR27=PUT_CALL_PARITY;MAR27=PUT_CALL_PARITY;FEB27=PUT_CALL_PARITY;JAN27=PUT_CALL_PARITY;MAY27=PUT_CALL_PARITY;JUL27=PUT_CALL_PARITY;SEP27=PUT_CALL_PARITY;AUG27=PUT_CALL_PARITY;DEC29=PUT_CALL_PARITY;DEC27=PUT_CALL_PARITY;MAR28=PUT_CALL_PARITY;DEC28=PUT_CALL_PARITY;DEC30=PUT_CALL_PARITY;JUN28=SERIES_FORWARD_CLUSTER,AUG26=7747.35;SEP26=7748.5;OCT26=7813;NOV26=7808.25;DEC26=7876.5;JUN27=8015.25;APR27=7959.5;MAR27=7945.5;FEB27=7879.75;JAN27=7881;MAY27=7963.25;JUL27=8043.875;SEP27=8077.25;AUG27=8051.75;DEC29=8676.5;DEC27=8103.75;MAR28=8179;DEC28=8373.25;DEC30=9151.75;JUN28=6427.25,NONE,WEIGHTED_ATM,2026-08-21,7,600,0.0,NONE,11513,11041,471,0,0,RTM,MDW;MMW;MRW;MTW,OK,NONE,NONE,2026-08-11
SPX,4000.0,0.0,0.0,0.0,0.0,0.0,0.0,0.0,0.0,7800.932309330873,7693.767690669128,7854.514618661745,7640.185381338256,SEP26,AUG26,2026-08-12,2026-09-18,7747.35,7705.975053873443,FOUND,WARN,UNKNOWN_SERIES;ESTIMATED_EXPIRY_ALIAS,2026-08-02.2,PUT_CALL_PARITY,AUG26,AUG26=PUT_CALL_PARITY;SEP26=PUT_CALL_PARITY;OCT26=PUT_CALL_PARITY;NOV26=PUT_CALL_PARITY;DEC26=PUT_CALL_PARITY;JUN27=PUT_CALL_PARITY;APR27=PUT_CALL_PARITY;MAR27=PUT_CALL_PARITY;FEB27=PUT_CALL_PARITY;JAN27=PUT_CALL_PARITY;MAY27=PUT_CALL_PARITY;JUL27=PUT_CALL_PARITY;SEP27=PUT_CALL_PARITY;AUG27=PUT_CALL_PARITY;DEC29=PUT_CALL_PARITY;DEC27=PUT_CALL_PARITY;MAR28=PUT_CALL_PARITY;DEC28=PUT_CALL_PARITY;DEC30=PUT_CALL_PARITY;JUN28=SERIES_FORWARD_CLUSTER,AUG26=7747.35;SEP26=7748.5;OCT26=7813;NOV26=7808.25;DEC26=7876.5;JUN27=8015.25;APR27=7959.5;MAR27=7945.5;FEB27=7879.75;JAN27=7881;MAY27=7963.25;JUL27=8043.875;SEP27=8077.25;AUG27=8051.75;DEC29=8676.5;DEC27=8103.75;MAR28=8179;DEC28=8373.25;DEC30=9151.75;JUN28=6427.25,NONE,WEIGHTED_ATM,2026-08-21,7,600,0.0,NONE,11513,11041,471,0,0,RTM,MDW;MMW;MRW;MTW,OK,NONE,NONE,2026-08-11
SPX,4050.0,0.0,0.0,0.0,0.0,0.0,0.0,0.0,0.0,7800.932309330873,7693.767690669128,7854.514618661745,7640.185381338256,SEP26,AUG26,2026-08-12,2026-09-18,7747.35,7705.975053873443,FOUND,WARN,UNKNOWN_SERIES;ESTIMATED_EXPIRY_ALIAS,2026-08-02.2,PUT_CALL_PARITY,AUG26,AUG26=PUT_CALL_PARITY;SEP26=PUT_CALL_PARITY;OCT26=PUT_CALL_PARITY;NOV26=PUT_CALL_PARITY;DEC26=PUT_CALL_PARITY;JUN27=PUT_CALL_PARITY;APR27=PUT_CALL_PARITY;MAR27=PUT_CALL_PARITY;FEB27=PUT_CALL_PARITY;JAN27=PUT_CALL_PARITY;MAY27=PUT_CALL_PARITY;JUL27=PUT_CALL_PARITY;SEP27=PUT_CALL_PARITY;AUG27=PUT_CALL_PARITY;DEC29=PUT_CALL_PARITY;DEC27=PUT_CALL_PARITY;MAR28=PUT_CALL_PARITY;DEC28=PUT_CALL_PARITY;DEC30=PUT_CALL_PARITY;JUN28=SERIES_FORWARD_CLUSTER,AUG26=7747.35;SEP26=7748.5;OCT26=7813;NOV26=7808.25;DEC26=7876.5;JUN27=8015.25;APR27=7959.5;MAR27=7945.5;FEB27=7879.75;JAN27=7881;MAY27=7963.25;JUL27=8043.875;SEP27=8077.25;AUG27=8051.75;DEC29=8676.5;DEC27=8103.75;MAR28=8179;DEC28=8373.25;DEC30=9151.75;JUN28=6427.25,NONE,WEIGHTED_ATM,2026-08-21,7,600,0.0,NONE,11513,11041,471,0,0,RTM,MDW;MMW;MRW;MTW,OK,NONE,NONE,2026-08-11
SPX,4100.0,0.0,0.0,0.0,0.0,0.0,0.0,0.0,0.0,7800.932309330873,7693.767690669128,7854.514618661745,7640.185381338256,SEP26,AUG26,2026-08-12,2026-09-18,7747.35,7705.975053873443,FOUND,WARN,UNKNOWN_SERIES;ESTIMATED_EXPIRY_ALIAS,2026-08-02.2,PUT_CALL_PARITY,AUG26,AUG26=PUT_CALL_PARITY;SEP26=PUT_CALL_PARITY;OCT26=PUT_CALL_PARITY;NOV26=PUT_CALL_PARITY;DEC26=PUT_CALL_PARITY;JUN27=PUT_CALL_PARITY;APR27=PUT_CALL_PARITY;MAR27=PUT_CALL_PARITY;FEB27=PUT_CALL_PARITY;JAN27=PUT_CALL_PARITY;MAY27=PUT_CALL_PARITY;JUL27=PUT_CALL_PARITY;SEP27=PUT_CALL_PARITY;AUG27=PUT_CALL_PARITY;DEC29=PUT_CALL_PARITY;DEC27=PUT_CALL_PARITY;MAR28=PUT_CALL_PARITY;DEC28=PUT_CALL_PARITY;DEC30=PUT_CALL_PARITY;JUN28=SERIES_FORWARD_CLUSTER,AUG26=7747.35;SEP26=7748.5;OCT26=7813;NOV26=7808.25;DEC26=7876.5;JUN27=8015.25;APR27=7959.5;MAR27=7945.5;FEB27=7879.75;JAN27=7881;MAY27=7963.25;JUL27=8043.875;SEP27=8077.25;AUG27=8051.75;DEC29=8676.5;DEC27=8103.75;MAR28=8179;DEC28=8373.25;DEC30=9151.75;JUN28=6427.25,NONE,WEIGHTED_ATM,2026-08-21,7,600,0.0,NONE,11513,11041,471,0,0,RTM,MDW;MMW;MRW;MTW,OK,NONE,NONE,2026-08-11
SPX,4150.0,0.0,0.0,0.0,0.0,0.0,0.0,0.0,0.0,7800.932309330873,7693.767690669128,7854.514618661745,7640.185381338256,SEP26,AUG26,2026-08-12,2026-09-18,7747.35,7705.975053873443,FOUND,WARN,UNKNOWN_SERIES;ESTIMATED_EXPIRY_ALIAS,2026-08-02.2,PUT_CALL_PARITY,AUG26,AUG26=PUT_CALL_PARITY;SEP26=PUT_CALL_PARITY;OCT26=PUT_CALL_PARITY;NOV26=PUT_CALL_PARITY;DEC26=PUT_CALL_PARITY;JUN27=PUT_CALL_PARITY;APR27=PUT_CALL_PARITY;MAR27=PUT_CALL_PARITY;FEB27=PUT_CALL_PARITY;JAN27=PUT_CALL_PARITY;MAY27=PUT_CALL_PARITY;JUL27=PUT_CALL_PARITY;SEP27=PUT_CALL_PARITY;AUG27=PUT_CALL_PARITY;DEC29=PUT_CALL_PARITY;DEC27=PUT_CALL_PARITY;MAR28=PUT_CALL_PARITY;DEC28=PUT_CALL_PARITY;DEC30=PUT_CALL_PARITY;JUN28=SERIES_FORWARD_CLUSTER,AUG26=7747.35;SEP26=7748.5;OCT26=7813;NOV26=7808.25;DEC26=7876.5;JUN27=8015.25;APR27=7959.5;MAR27=7945.5;FEB27=7879.75;JAN27=7881;MAY27=7963.25;JUL27=8043.875;SEP27=8077.25;AUG27=8051.75;DEC29=8676.5;DEC27=8103.75;MAR28=8179;DEC28=8373.25;DEC30=9151.75;JUN28=6427.25,NONE,WEIGHTED_ATM,2026-08-21,7,600,0.0,NONE,11513,11041,471,0,0,RTM,MDW;MMW;MRW;MTW,OK,NONE,NONE,2026-08-11
SPX,4200.0,0.0,0.0,0.0,0.0,0.0,0.0,0.0,0.0,7800.932309330873,7693.767690669128,7854.514618661745,7640.185381338256,SEP26,AUG26,2026-08-12,2026-09-18,7747.35,7705.975053873443,FOUND,WARN,UNKNOWN_SERIES;ESTIMATED_EXPIRY_ALIAS,2026-08-02.2,PUT_CALL_PARITY,AUG26,AUG26=PUT_CALL_PARITY;SEP26=PUT_CALL_PARITY;OCT26=PUT_CALL_PARITY;NOV26=PUT_CALL_PARITY;DEC26=PUT_CALL_PARITY;JUN27=PUT_CALL_PARITY;APR27=PUT_CALL_PARITY;MAR27=PUT_CALL_PARITY;FEB27=PUT_CALL_PARITY;JAN27=PUT_CALL_PARITY;MAY27=PUT_CALL_PARITY;JUL27=PUT_CALL_PARITY;SEP27=PUT_CALL_PARITY;AUG27=PUT_CALL_PARITY;DEC29=PUT_CALL_PARITY;DEC27=PUT_CALL_PARITY;MAR28=PUT_CALL_PARITY;DEC28=PUT_CALL_PARITY;DEC30=PUT_CALL_PARITY;JUN28=SERIES_FORWARD_CLUSTER,AUG26=7747.35;SEP26=7748.5;OCT26=7813;NOV26=7808.25;DEC26=7876.5;JUN27=8015.25;APR27=7959.5;MAR27=7945.5;FEB27=7879.75;JAN27=7881;MAY27=7963.25;JUL27=8043.875;SEP27=8077.25;AUG27=8051.75;DEC29=8676.5;DEC27=8103.75;MAR28=8179;DEC28=8373.25;DEC30=9151.75;JUN28=6427.25,NONE,WEIGHTED_ATM,2026-08-21,7,600,0.0,NONE,11513,11041,471,0,0,RTM,MDW;MMW;MRW;MTW,OK,NONE,NONE,2026-08-11
SPX,4250.0,0.0,0.0,0.0,0.0,0.0,0.0,0.0,0.0,7800.932309330873,7693.767690669128,7854.514618661745,7640.185381338256,SEP26,AUG26,2026-08-12,2026-09-18,7747.35,7705.975053873443,FOUND,WARN,UNKNOWN_SERIES;ESTIMATED_EXPIRY_ALIAS,2026-08-02.2,PUT_CALL_PARITY,AUG26,AUG26=PUT_CALL_PARITY;SEP26=PUT_CALL_PARITY;OCT26=PUT_CALL_PARITY;NOV26=PUT_CALL_PARITY;DEC26=PUT_CALL_PARITY;JUN27=PUT_CALL_PARITY;APR27=PUT_CALL_PARITY;MAR27=PUT_CALL_PARITY;FEB27=PUT_CALL_PARITY;JAN27=PUT_CALL_PARITY;MAY27=PUT_CALL_PARITY;JUL27=PUT_CALL_PARITY;SEP27=PUT_CALL_PARITY;AUG27=PUT_CALL_PARITY;DEC29=PUT_CALL_PARITY;DEC27=PUT_CALL_PARITY;MAR28=PUT_CALL_PARITY;DEC28=PUT_CALL_PARITY;DEC30=PUT_CALL_PARITY;JUN28=SERIES_FORWARD_CLUSTER,AUG26=7747.35;SEP26=7748.5;OCT26=7813;NOV26=7808.25;DEC26=7876.5;JUN27=8015.25;APR27=7959.5;MAR27=7945.5;FEB27=7879.75;JAN27=7881;MAY27=7963.25;JUL27=8043.875;SEP27=8077.25;AUG27=8051.75;DEC29=8676.5;DEC27=8103.75;MAR28=8179;DEC28=8373.25;DEC30=9151.75;JUN28=6427.25,NONE,WEIGHTED_ATM,2026-08-21,7,600,0.0,NONE,11513,11041,471,0,0,RTM,MDW;MMW;MRW;MTW,OK,NONE,NONE,2026-08-11
SPX,4300.0,0.0,0.0,0.0,0.0,0.0,0.0,0.0,0.0,7800.932309330873,7693.767690669128,7854.514618661745,7640.185381338256,SEP26,AUG26,2026-08-12,2026-09-18,7747.35,7705.975053873443,FOUND,WARN,UNKNOWN_SERIES;ESTIMATED_EXPIRY_ALIAS,2026-08-02.2,PUT_CALL_PARITY,AUG26,AUG26=PUT_CALL_PARITY;SEP26=PUT_CALL_PARITY;OCT26=PUT_CALL_PARITY;NOV26=PUT_CALL_PARITY;DEC26=PUT_CALL_PARITY;JUN27=PUT_CALL_PARITY;APR27=PUT_CALL_PARITY;MAR27=PUT_CALL_PARITY;FEB27=PUT_CALL_PARITY;JAN27=PUT_CALL_PARITY;MAY27=PUT_CALL_PARITY;JUL27=PUT_CALL_PARITY;SEP27=PUT_CALL_PARITY;AUG27=PUT_CALL_PARITY;DEC29=PUT_CALL_PARITY;DEC27=PUT_CALL_PARITY;MAR28=PUT_CALL_PARITY;DEC28=PUT_CALL_PARITY;DEC30=PUT_CALL_PARITY;JUN28=SERIES_FORWARD_CLUSTER,AUG26=7747.35;SEP26=7748.5;OCT26=7813;NOV26=7808.25;DEC26=7876.5;JUN27=8015.25;APR27=7959.5;MAR27=7945.5;FEB27=7879.75;JAN27=7881;MAY27=7963.25;JUL27=8043.875;SEP27=8077.25;AUG27=8051.75;DEC29=8676.5;DEC27=8103.75;MAR28=8179;DEC28=8373.25;DEC30=9151.75;JUN28=6427.25,NONE,WEIGHTED_ATM,2026-08-21,7,600,0.0,NONE,11513,11041,471,0,0,RTM,MDW;MMW;MRW;MTW,OK,NONE,NONE,2026-08-11
SPX,4350.0,0.0,0.0,0.0,0.0,0.0,0.0,0.0,0.0,7800.932309330873,7693.767690669128,7854.514618661745,7640.185381338256,SEP26,AUG26,2026-08-12,2026-09-18,7747.35,7705.975053873443,FOUND,WARN,UNKNOWN_SERIES;ESTIMATED_EXPIRY_ALIAS,2026-08-02.2,PUT_CALL_PARITY,AUG26,AUG26=PUT_CALL_PARITY;SEP26=PUT_CALL_PARITY;OCT26=PUT_CALL_PARITY;NOV26=PUT_CALL_PARITY;DEC26=PUT_CALL_PARITY;JUN27=PUT_CALL_PARITY;APR27=PUT_CALL_PARITY;MAR27=PUT_CALL_PARITY;FEB27=PUT_CALL_PARITY;JAN27=PUT_CALL_PARITY;MAY27=PUT_CALL_PARITY;JUL27=PUT_CALL_PARITY;SEP27=PUT_CALL_PARITY;AUG27=PUT_CALL_PARITY;DEC29=PUT_CALL_PARITY;DEC27=PUT_CALL_PARITY;MAR28=PUT_CALL_PARITY;DEC28=PUT_CALL_PARITY;DEC30=PUT_CALL_PARITY;JUN28=SERIES_FORWARD_CLUSTER,AUG26=7747.35;SEP26=7748.5;OCT26=7813;NOV26=7808.25;DEC26=7876.5;JUN27=8015.25;APR27=7959.5;MAR27=7945.5;FEB27=7879.75;JAN27=7881;MAY27=7963.25;JUL27=8043.875;SEP27=8077.25;AUG27=8051.75;DEC29=8676.5;DEC27=8103.75;MAR28=8179;DEC28=8373.25;DEC30=9151.75;JUN28=6427.25,NONE,WEIGHTED_ATM,2026-08-21,7,600,0.0,NONE,11513,11041,471,0,0,RTM,MDW;MMW;MRW;MTW,OK,NONE,NONE,2026-08-11
SPX,4400.0,0.0,0.0,0.0,0.0,0.0,0.0,0.0,0.0,7800.932309330873,7693.767690669128,7854.514618661745,7640.185381338256,SEP26,AUG26,2026-08-12,2026-09-18,7747.35,7705.975053873443,FOUND,WARN,UNKNOWN_SERIES;ESTIMATED_EXPIRY_ALIAS,2026-08-02.2,PUT_CALL_PARITY,AUG26,AUG26=PUT_CALL_PARITY;SEP26=PUT_CALL_PARITY;OCT26=PUT_CALL_PARITY;NOV26=PUT_CALL_PARITY;DEC26=PUT_CALL_PARITY;JUN27=PUT_CALL_PARITY;APR27=PUT_CALL_PARITY;MAR27=PUT_CALL_PARITY;FEB27=PUT_CALL_PARITY;JAN27=PUT_CALL_PARITY;MAY27=PUT_CALL_PARITY;JUL27=PUT_CALL_PARITY;SEP27=PUT_CALL_PARITY;AUG27=PUT_CALL_PARITY;DEC29=PUT_CALL_PARITY;DEC27=PUT_CALL_PARITY;MAR28=PUT_CALL_PARITY;DEC28=PUT_CALL_PARITY;DEC30=PUT_CALL_PARITY;JUN28=SERIES_FORWARD_CLUSTER,AUG26=7747.35;SEP26=7748.5;OCT26=7813;NOV26=7808.25;DEC26=7876.5;JUN27=8015.25;APR27=7959.5;MAR27=7945.5;FEB27=7879.75;JAN27=7881;MAY27=7963.25;JUL27=8043.875;SEP27=8077.25;AUG27=8051.75;DEC29=8676.5;DEC27=8103.75;MAR28=8179;DEC28=8373.25;DEC30=9151.75;JUN28=6427.25,NONE,WEIGHTED_ATM,2026-08-21,7,600,0.0,NONE,11513,11041,471,0,0,RTM,MDW;MMW;MRW;MTW,OK,NONE,NONE,2026-08-11
SPX,4450.0,0.0,0.0,0.0,0.0,0.0,0.0,0.0,0.0,7800.932309330873,7693.767690669128,7854.514618661745,7640.185381338256,SEP26,AUG26,2026-08-12,2026-09-18,7747.35,7705.975053873443,FOUND,WARN,UNKNOWN_SERIES;ESTIMATED_EXPIRY_ALIAS,2026-08-02.2,PUT_CALL_PARITY,AUG26,AUG26=PUT_CALL_PARITY;SEP26=PUT_CALL_PARITY;OCT26=PUT_CALL_PARITY;NOV26=PUT_CALL_PARITY;DEC26=PUT_CALL_PARITY;JUN27=PUT_CALL_PARITY;APR27=PUT_CALL_PARITY;MAR27=PUT_CALL_PARITY;FEB27=PUT_CALL_PARITY;JAN27=PUT_CALL_PARITY;MAY27=PUT_CALL_PARITY;JUL27=PUT_CALL_PARITY;SEP27=PUT_CALL_PARITY;AUG27=PUT_CALL_PARITY;DEC29=PUT_CALL_PARITY;DEC27=PUT_CALL_PARITY;MAR28=PUT_CALL_PARITY;DEC28=PUT_CALL_PARITY;DEC30=PUT_CALL_PARITY;JUN28=SERIES_FORWARD_CLUSTER,AUG26=7747.35;SEP26=7748.5;OCT26=7813;NOV26=7808.25;DEC26=7876.5;JUN27=8015.25;APR27=7959.5;MAR27=7945.5;FEB27=7879.75;JAN27=7881;MAY27=7963.25;JUL27=8043.875;SEP27=8077.25;AUG27=8051.75;DEC29=8676.5;DEC27=8103.75;MAR28=8179;DEC28=8373.25;DEC30=9151.75;JUN28=6427.25,NONE,WEIGHTED_ATM,2026-08-21,7,600,0.0,NONE,11513,11041,471,0,0,RTM,MDW;MMW;MRW;MTW,OK,NONE,NONE,2026-08-11
SPX,4500.0,0.0,0.0,0.0,0.0,0.0,0.0,0.0,0.0,7800.932309330873,7693.767690669128,7854.514618661745,7640.185381338256,SEP26,AUG26,2026-08-12,2026-09-18,7747.35,7705.975053873443,FOUND,WARN,UNKNOWN_SERIES;ESTIMATED_EXPIRY_ALIAS,2026-08-02.2,PUT_CALL_PARITY,AUG26,AUG26=PUT_CALL_PARITY;SEP26=PUT_CALL_PARITY;OCT26=PUT_CALL_PARITY;NOV26=PUT_CALL_PARITY;DEC26=PUT_CALL_PARITY;JUN27=PUT_CALL_PARITY;APR27=PUT_CALL_PARITY;MAR27=PUT_CALL_PARITY;FEB27=PUT_CALL_PARITY;JAN27=PUT_CALL_PARITY;MAY27=PUT_CALL_PARITY;JUL27=PUT_CALL_PARITY;SEP27=PUT_CALL_PARITY;AUG27=PUT_CALL_PARITY;DEC29=PUT_CALL_PARITY;DEC27=PUT_CALL_PARITY;MAR28=PUT_CALL_PARITY;DEC28=PUT_CALL_PARITY;DEC30=PUT_CALL_PARITY;JUN28=SERIES_FORWARD_CLUSTER,AUG26=7747.35;SEP26=7748.5;OCT26=7813;NOV26=7808.25;DEC26=7876.5;JUN27=8015.25;APR27=7959.5;MAR27=7945.5;FEB27=7879.75;JAN27=7881;MAY27=7963.25;JUL27=8043.875;SEP27=8077.25;AUG27=8051.75;DEC29=8676.5;DEC27=8103.75;MAR28=8179;DEC28=8373.25;DEC30=9151.75;JUN28=6427.25,NONE,WEIGHTED_ATM,2026-08-21,7,600,0.0,NONE,11513,11041,471,0,0,RTM,MDW;MMW;MRW;MTW,OK,NONE,NONE,2026-08-11
SPX,4550.0,0.0,0.0,0.0,0.0,0.0,0.0,0.0,0.0,7800.932309330873,7693.767690669128,7854.514618661745,7640.185381338256,SEP26,AUG26,2026-08-12,2026-09-18,7747.35,7705.975053873443,FOUND,WARN,UNKNOWN_SERIES;ESTIMATED_EXPIRY_ALIAS,2026-08-02.2,PUT_CALL_PARITY,AUG26,AUG26=PUT_CALL_PARITY;SEP26=PUT_CALL_PARITY;OCT26=PUT_CALL_PARITY;NOV26=PUT_CALL_PARITY;DEC26=PUT_CALL_PARITY;JUN27=PUT_CALL_PARITY;APR27=PUT_CALL_PARITY;MAR27=PUT_CALL_PARITY;FEB27=PUT_CALL_PARITY;JAN27=PUT_CALL_PARITY;MAY27=PUT_CALL_PARITY;JUL27=PUT_CALL_PARITY;SEP27=PUT_CALL_PARITY;AUG27=PUT_CALL_PARITY;DEC29=PUT_CALL_PARITY;DEC27=PUT_CALL_PARITY;MAR28=PUT_CALL_PARITY;DEC28=PUT_CALL_PARITY;DEC30=PUT_CALL_PARITY;JUN28=SERIES_FORWARD_CLUSTER,AUG26=7747.35;SEP26=7748.5;OCT26=7813;NOV26=7808.25;DEC26=7876.5;JUN27=8015.25;APR27=7959.5;MAR27=7945.5;FEB27=7879.75;JAN27=7881;MAY27=7963.25;JUL27=8043.875;SEP27=8077.25;AUG27=8051.75;DEC29=8676.5;DEC27=8103.75;MAR28=8179;DEC28=8373.25;DEC30=9151.75;JUN28=6427.25,NONE,WEIGHTED_ATM,2026-08-21,7,600,0.0,NONE,11513,11041,471,0,0,RTM,MDW;MMW;MRW;MTW,OK,NONE,NONE,2026-08-11
SPX,4600.0,0.0,0.0,0.0,0.0,0.0,0.0,0.0,0.0,7800.932309330873,7693.767690669128,7854.514618661745,7640.185381338256,SEP26,AUG26,2026-08-12,2026-09-18,7747.35,7705.975053873443,FOUND,WARN,UNKNOWN_SERIES;ESTIMATED_EXPIRY_ALIAS,2026-08-02.2,PUT_CALL_PARITY,AUG26,AUG26=PUT_CALL_PARITY;SEP26=PUT_CALL_PARITY;OCT26=PUT_CALL_PARITY;NOV26=PUT_CALL_PARITY;DEC26=PUT_CALL_PARITY;JUN27=PUT_CALL_PARITY;APR27=PUT_CALL_PARITY;MAR27=PUT_CALL_PARITY;FEB27=PUT_CALL_PARITY;JAN27=PUT_CALL_PARITY;MAY27=PUT_CALL_PARITY;JUL27=PUT_CALL_PARITY;SEP27=PUT_CALL_PARITY;AUG27=PUT_CALL_PARITY;DEC29=PUT_CALL_PARITY;DEC27=PUT_CALL_PARITY;MAR28=PUT_CALL_PARITY;DEC28=PUT_CALL_PARITY;DEC30=PUT_CALL_PARITY;JUN28=SERIES_FORWARD_CLUSTER,AUG26=7747.35;SEP26=7748.5;OCT26=7813;NOV26=7808.25;DEC26=7876.5;JUN27=8015.25;APR27=7959.5;MAR27=7945.5;FEB27=7879.75;JAN27=7881;MAY27=7963.25;JUL27=8043.875;SEP27=8077.25;AUG27=8051.75;DEC29=8676.5;DEC27=8103.75;MAR28=8179;DEC28=8373.25;DEC30=9151.75;JUN28=6427.25,NONE,WEIGHTED_ATM,2026-08-21,7,600,0.0,NONE,11513,11041,471,0,0,RTM,MDW;MMW;MRW;MTW,OK,NONE,NONE,2026-08-11
SPX,4650.0,0.0,0.0,0.0,0.0,0.0,0.0,0.0,0.0,7800.932309330873,7693.767690669128,7854.514618661745,7640.185381338256,SEP26,AUG26,2026-08-12,2026-09-18,7747.35,7705.975053873443,FOUND,WARN,UNKNOWN_SERIES;ESTIMATED_EXPIRY_ALIAS,2026-08-02.2,PUT_CALL_PARITY,AUG26,AUG26=PUT_CALL_PARITY;SEP26=PUT_CALL_PARITY;OCT26=PUT_CALL_PARITY;NOV26=PUT_CALL_PARITY;DEC26=PUT_CALL_PARITY;JUN27=PUT_CALL_PARITY;APR27=PUT_CALL_PARITY;MAR27=PUT_CALL_PARITY;FEB27=PUT_CALL_PARITY;JAN27=PUT_CALL_PARITY;MAY27=PUT_CALL_PARITY;JUL27=PUT_CALL_PARITY;SEP27=PUT_CALL_PARITY;AUG27=PUT_CALL_PARITY;DEC29=PUT_CALL_PARITY;DEC27=PUT_CALL_PARITY;MAR28=PUT_CALL_PARITY;DEC28=PUT_CALL_PARITY;DEC30=PUT_CALL_PARITY;JUN28=SERIES_FORWARD_CLUSTER,AUG26=7747.35;SEP26=7748.5;OCT26=7813;NOV26=7808.25;DEC26=7876.5;JUN27=8015.25;APR27=7959.5;MAR27=7945.5;FEB27=7879.75;JAN27=7881;MAY27=7963.25;JUL27=8043.875;SEP27=8077.25;AUG27=8051.75;DEC29=8676.5;DEC27=8103.75;MAR28=8179;DEC28=8373.25;DEC30=9151.75;JUN28=6427.25,NONE,WEIGHTED_ATM,2026-08-21,7,600,0.0,NONE,11513,11041,471,0,0,RTM,MDW;MMW;MRW;MTW,OK,NONE,NONE,2026-08-11
SPX,4700.0,0.0,0.0,0.0,0.0,0.0,0.0,0.0,0.0,7800.932309330873,7693.767690669128,7854.514618661745,7640.185381338256,SEP26,AUG26,2026-08-12,2026-09-18,7747.35,7705.975053873443,FOUND,WARN,UNKNOWN_SERIES;ESTIMATED_EXPIRY_ALIAS,2026-08-02.2,PUT_CALL_PARITY,AUG26,AUG26=PUT_CALL_PARITY;SEP26=PUT_CALL_PARITY;OCT26=PUT_CALL_PARITY;NOV26=PUT_CALL_PARITY;DEC26=PUT_CALL_PARITY;JUN27=PUT_CALL_PARITY;APR27=PUT_CALL_PARITY;MAR27=PUT_CALL_PARITY;FEB27=PUT_CALL_PARITY;JAN27=PUT_CALL_PARITY;MAY27=PUT_CALL_PARITY;JUL27=PUT_CALL_PARITY;SEP27=PUT_CALL_PARITY;AUG27=PUT_CALL_PARITY;DEC29=PUT_CALL_PARITY;DEC27=PUT_CALL_PARITY;MAR28=PUT_CALL_PARITY;DEC28=PUT_CALL_PARITY;DEC30=PUT_CALL_PARITY;JUN28=SERIES_FORWARD_CLUSTER,AUG26=7747.35;SEP26=7748.5;OCT26=7813;NOV26=7808.25;DEC26=7876.5;JUN27=8015.25;APR27=7959.5;MAR27=7945.5;FEB27=7879.75;JAN27=7881;MAY27=7963.25;JUL27=8043.875;SEP27=8077.25;AUG27=8051.75;DEC29=8676.5;DEC27=8103.75;MAR28=8179;DEC28=8373.25;DEC30=9151.75;JUN28=6427.25,NONE,WEIGHTED_ATM,2026-08-21,7,600,0.0,NONE,11513,11041,471,0,0,RTM,MDW;MMW;MRW;MTW,OK,NONE,NONE,2026-08-11
SPX,4750.0,0.0,0.0,0.0,0.0,0.0,0.0,0.0,0.0,7800.932309330873,7693.767690669128,7854.514618661745,7640.185381338256,SEP26,AUG26,2026-08-12,2026-09-18,7747.35,7705.975053873443,FOUND,WARN,UNKNOWN_SERIES;ESTIMATED_EXPIRY_ALIAS,2026-08-02.2,PUT_CALL_PARITY,AUG26,AUG26=PUT_CALL_PARITY;SEP26=PUT_CALL_PARITY;OCT26=PUT_CALL_PARITY;NOV26=PUT_CALL_PARITY;DEC26=PUT_CALL_PARITY;JUN27=PUT_CALL_PARITY;APR27=PUT_CALL_PARITY;MAR27=PUT_CALL_PARITY;FEB27=PUT_CALL_PARITY;JAN27=PUT_CALL_PARITY;MAY27=PUT_CALL_PARITY;JUL27=PUT_CALL_PARITY;SEP27=PUT_CALL_PARITY;AUG27=PUT_CALL_PARITY;DEC29=PUT_CALL_PARITY;DEC27=PUT_CALL_PARITY;MAR28=PUT_CALL_PARITY;DEC28=PUT_CALL_PARITY;DEC30=PUT_CALL_PARITY;JUN28=SERIES_FORWARD_CLUSTER,AUG26=7747.35;SEP26=7748.5;OCT26=7813;NOV26=7808.25;DEC26=7876.5;JUN27=8015.25;APR27=7959.5;MAR27=7945.5;FEB27=7879.75;JAN27=7881;MAY27=7963.25;JUL27=8043.875;SEP27=8077.25;AUG27=8051.75;DEC29=8676.5;DEC27=8103.75;MAR28=8179;DEC28=8373.25;DEC30=9151.75;JUN28=6427.25,NONE,WEIGHTED_ATM,2026-08-21,7,600,0.0,NONE,11513,11041,471,0,0,RTM,MDW;MMW;MRW;MTW,OK,NONE,NONE,2026-08-11
SPX,4800.0,0.0,0.0,0.0,0.0,0.0,0.0,0.0,0.0,7800.932309330873,7693.767690669128,7854.514618661745,7640.185381338256,SEP26,AUG26,2026-08-12,2026-09-18,7747.35,7705.975053873443,FOUND,WARN,UNKNOWN_SERIES;ESTIMATED_EXPIRY_ALIAS,2026-08-02.2,PUT_CALL_PARITY,AUG26,AUG26=PUT_CALL_PARITY;SEP26=PUT_CALL_PARITY;OCT26=PUT_CALL_PARITY;NOV26=PUT_CALL_PARITY;DEC26=PUT_CALL_PARITY;JUN27=PUT_CALL_PARITY;APR27=PUT_CALL_PARITY;MAR27=PUT_CALL_PARITY;FEB27=PUT_CALL_PARITY;JAN27=PUT_CALL_PARITY;MAY27=PUT_CALL_PARITY;JUL27=PUT_CALL_PARITY;SEP27=PUT_CALL_PARITY;AUG27=PUT_CALL_PARITY;DEC29=PUT_CALL_PARITY;DEC27=PUT_CALL_PARITY;MAR28=PUT_CALL_PARITY;DEC28=PUT_CALL_PARITY;DEC30=PUT_CALL_PARITY;JUN28=SERIES_FORWARD_CLUSTER,AUG26=7747.35;SEP26=7748.5;OCT26=7813;NOV26=7808.25;DEC26=7876.5;JUN27=8015.25;APR27=7959.5;MAR27=7945.5;FEB27=7879.75;JAN27=7881;MAY27=7963.25;JUL27=8043.875;SEP27=8077.25;AUG27=8051.75;DEC29=8676.5;DEC27=8103.75;MAR28=8179;DEC28=8373.25;DEC30=9151.75;JUN28=6427.25,NONE,WEIGHTED_ATM,2026-08-21,7,600,0.0,NONE,11513,11041,471,0,0,RTM,MDW;MMW;MRW;MTW,OK,NONE,NONE,2026-08-11
SPX,4850.0,0.0,0.0,0.0,0.0,0.0,0.0,0.0,0.0,7800.932309330873,7693.767690669128,7854.514618661745,7640.185381338256,SEP26,AUG26,2026-08-12,2026-09-18,7747.35,7705.975053873443,FOUND,WARN,UNKNOWN_SERIES;ESTIMATED_EXPIRY_ALIAS,2026-08-02.2,PUT_CALL_PARITY,AUG26,AUG26=PUT_CALL_PARITY;SEP26=PUT_CALL_PARITY;OCT26=PUT_CALL_PARITY;NOV26=PUT_CALL_PARITY;DEC26=PUT_CALL_PARITY;JUN27=PUT_CALL_PARITY;APR27=PUT_CALL_PARITY;MAR27=PUT_CALL_PARITY;FEB27=PUT_CALL_PARITY;JAN27=PUT_CALL_PARITY;MAY27=PUT_CALL_PARITY;JUL27=PUT_CALL_PARITY;SEP27=PUT_CALL_PARITY;AUG27=PUT_CALL_PARITY;DEC29=PUT_CALL_PARITY;DEC27=PUT_CALL_PARITY;MAR28=PUT_CALL_PARITY;DEC28=PUT_CALL_PARITY;DEC30=PUT_CALL_PARITY;JUN28=SERIES_FORWARD_CLUSTER,AUG26=7747.35;SEP26=7748.5;OCT26=7813;NOV26=7808.25;DEC26=7876.5;JUN27=8015.25;APR27=7959.5;MAR27=7945.5;FEB27=7879.75;JAN27=7881;MAY27=7963.25;JUL27=8043.875;SEP27=8077.25;AUG27=8051.75;DEC29=8676.5;DEC27=8103.75;MAR28=8179;DEC28=8373.25;DEC30=9151.75;JUN28=6427.25,NONE,WEIGHTED_ATM,2026-08-21,7,600,0.0,NONE,11513,11041,471,0,0,RTM,MDW;MMW;MRW;MTW,OK,NONE,NONE,2026-08-11
SPX,4900.0,0.0,0.0,0.0,0.0,0.0,0.0,0.0,0.0,7800.932309330873,7693.767690669128,7854.514618661745,7640.185381338256,SEP26,AUG26,2026-08-12,2026-09-18,7747.35,7705.975053873443,FOUND,WARN,UNKNOWN_SERIES;ESTIMATED_EXPIRY_ALIAS,2026-08-02.2,PUT_CALL_PARITY,AUG26,AUG26=PUT_CALL_PARITY;SEP26=PUT_CALL_PARITY;OCT26=PUT_CALL_PARITY;NOV26=PUT_CALL_PARITY;DEC26=PUT_CALL_PARITY;JUN27=PUT_CALL_PARITY;APR27=PUT_CALL_PARITY;MAR27=PUT_CALL_PARITY;FEB27=PUT_CALL_PARITY;JAN27=PUT_CALL_PARITY;MAY27=PUT_CALL_PARITY;JUL27=PUT_CALL_PARITY;SEP27=PUT_CALL_PARITY;AUG27=PUT_CALL_PARITY;DEC29=PUT_CALL_PARITY;DEC27=PUT_CALL_PARITY;MAR28=PUT_CALL_PARITY;DEC28=PUT_CALL_PARITY;DEC30=PUT_CALL_PARITY;JUN28=SERIES_FORWARD_CLUSTER,AUG26=7747.35;SEP26=7748.5;OCT26=7813;NOV26=7808.25;DEC26=7876.5;JUN27=8015.25;APR27=7959.5;MAR27=7945.5;FEB27=7879.75;JAN27=7881;MAY27=7963.25;JUL27=8043.875;SEP27=8077.25;AUG27=8051.75;DEC29=8676.5;DEC27=8103.75;MAR28=8179;DEC28=8373.25;DEC30=9151.75;JUN28=6427.25,NONE,WEIGHTED_ATM,2026-08-21,7,600,0.0,NONE,11513,11041,471,0,0,RTM,MDW;MMW;MRW;MTW,OK,NONE,NONE,2026-08-11
SPX,4950.0,0.0,0.0,0.0,0.0,0.0,0.0,0.0,0.0,7800.932309330873,7693.767690669128,7854.514618661745,7640.185381338256,SEP26,AUG26,2026-08-12,2026-09-18,7747.35,7705.975053873443,FOUND,WARN,UNKNOWN_SERIES;ESTIMATED_EXPIRY_ALIAS,2026-08-02.2,PUT_CALL_PARITY,AUG26,AUG26=PUT_CALL_PARITY;SEP26=PUT_CALL_PARITY;OCT26=PUT_CALL_PARITY;NOV26=PUT_CALL_PARITY;DEC26=PUT_CALL_PARITY;JUN27=PUT_CALL_PARITY;APR27=PUT_CALL_PARITY;MAR27=PUT_CALL_PARITY;FEB27=PUT_CALL_PARITY;JAN27=PUT_CALL_PARITY;MAY27=PUT_CALL_PARITY;JUL27=PUT_CALL_PARITY;SEP27=PUT_CALL_PARITY;AUG27=PUT_CALL_PARITY;DEC29=PUT_CALL_PARITY;DEC27=PUT_CALL_PARITY;MAR28=PUT_CALL_PARITY;DEC28=PUT_CALL_PARITY;DEC30=PUT_CALL_PARITY;JUN28=SERIES_FORWARD_CLUSTER,AUG26=7747.35;SEP26=7748.5;OCT26=7813;NOV26=7808.25;DEC26=7876.5;JUN27=8015.25;APR27=7959.5;MAR27=7945.5;FEB27=7879.75;JAN27=7881;MAY27=7963.25;JUL27=8043.875;SEP27=8077.25;AUG27=8051.75;DEC29=8676.5;DEC27=8103.75;MAR28=8179;DEC28=8373.25;DEC30=9151.75;JUN28=6427.25,NONE,WEIGHTED_ATM,2026-08-21,7,600,0.0,NONE,11513,11041,471,0,0,RTM,MDW;MMW;MRW;MTW,OK,NONE,NONE,2026-08-11
SPX,5000.0,0.0,0.0,0.0,0.0,0.0,0.0,0.0,0.0,7800.932309330873,7693.767690669128,7854.514618661745,7640.185381338256,SEP26,AUG26,2026-08-12,2026-09-18,7747.35,7705.975053873443,FOUND,WARN,UNKNOWN_SERIES;ESTIMATED_EXPIRY_ALIAS,2026-08-02.2,PUT_CALL_PARITY,AUG26,AUG26=PUT_CALL_PARITY;SEP26=PUT_CALL_PARITY;OCT26=PUT_CALL_PARITY;NOV26=PUT_CALL_PARITY;DEC26=PUT_CALL_PARITY;JUN27=PUT_CALL_PARITY;APR27=PUT_CALL_PARITY;MAR27=PUT_CALL_PARITY;FEB27=PUT_CALL_PARITY;JAN27=PUT_CALL_PARITY;MAY27=PUT_CALL_PARITY;JUL27=PUT_CALL_PARITY;SEP27=PUT_CALL_PARITY;AUG27=PUT_CALL_PARITY;DEC29=PUT_CALL_PARITY;DEC27=PUT_CALL_PARITY;MAR28=PUT_CALL_PARITY;DEC28=PUT_CALL_PARITY;DEC30=PUT_CALL_PARITY;JUN28=SERIES_FORWARD_CLUSTER,AUG26=7747.35;SEP26=7748.5;OCT26=7813;NOV26=7808.25;DEC26=7876.5;JUN27=8015.25;APR27=7959.5;MAR27=7945.5;FEB27=7879.75;JAN27=7881;MAY27=7963.25;JUL27=8043.875;SEP27=8077.25;AUG27=8051.75;DEC29=8676.5;DEC27=8103.75;MAR28=8179;DEC28=8373.25;DEC30=9151.75;JUN28=6427.25,NONE,WEIGHTED_ATM,2026-08-21,7,600,0.0,NONE,11513,11041,471,0,0,RTM,MDW;MMW;MRW;MTW,OK,NONE,NONE,2026-08-11
SPX,5025.0,0.0,0.0,0.0,0.0,0.0,0.0,0.0,0.0,7800.932309330873,7693.767690669128,7854.514618661745,7640.185381338256,SEP26,AUG26,2026-08-12,2026-09-18,7747.35,7705.975053873443,FOUND,WARN,UNKNOWN_SERIES;ESTIMATED_EXPIRY_ALIAS,2026-08-02.2,PUT_CALL_PARITY,AUG26,AUG26=PUT_CALL_PARITY;SEP26=PUT_CALL_PARITY;OCT26=PUT_CALL_PARITY;NOV26=PUT_CALL_PARITY;DEC26=PUT_CALL_PARITY;JUN27=PUT_CALL_PARITY;APR27=PUT_CALL_PARITY;MAR27=PUT_CALL_PARITY;FEB27=PUT_CALL_PARITY;JAN27=PUT_CALL_PARITY;MAY27=PUT_CALL_PARITY;JUL27=PUT_CALL_PARITY;SEP27=PUT_CALL_PARITY;AUG27=PUT_CALL_PARITY;DEC29=PUT_CALL_PARITY;DEC27=PUT_CALL_PARITY;MAR28=PUT_CALL_PARITY;DEC28=PUT_CALL_PARITY;DEC30=PUT_CALL_PARITY;JUN28=SERIES_FORWARD_CLUSTER,AUG26=7747.35;SEP26=7748.5;OCT26=7813;NOV26=7808.25;DEC26=7876.5;JUN27=8015.25;APR27=7959.5;MAR27=7945.5;FEB27=7879.75;JAN27=7881;MAY27=7963.25;JUL27=8043.875;SEP27=8077.25;AUG27=8051.75;DEC29=8676.5;DEC27=8103.75;MAR28=8179;DEC28=8373.25;DEC30=9151.75;JUN28=6427.25,NONE,WEIGHTED_ATM,2026-08-21,7,600,0.0,NONE,11513,11041,471,0,0,RTM,MDW;MMW;MRW;MTW,OK,NONE,NONE,2026-08-11
SPX,5050.0,0.0,0.0,0.0,0.0,0.0,0.0,0.0,0.0,7800.932309330873,7693.767690669128,7854.514618661745,7640.185381338256,SEP26,AUG26,2026-08-12,2026-09-18,7747.35,7705.975053873443,FOUND,WARN,UNKNOWN_SERIES;ESTIMATED_EXPIRY_ALIAS,2026-08-02.2,PUT_CALL_PARITY,AUG26,AUG26=PUT_CALL_PARITY;SEP26=PUT_CALL_PARITY;OCT26=PUT_CALL_PARITY;NOV26=PUT_CALL_PARITY;DEC26=PUT_CALL_PARITY;JUN27=PUT_CALL_PARITY;APR27=PUT_CALL_PARITY;MAR27=PUT_CALL_PARITY;FEB27=PUT_CALL_PARITY;JAN27=PUT_CALL_PARITY;MAY27=PUT_CALL_PARITY;JUL27=PUT_CALL_PARITY;SEP27=PUT_CALL_PARITY;AUG27=PUT_CALL_PARITY;DEC29=PUT_CALL_PARITY;DEC27=PUT_CALL_PARITY;MAR28=PUT_CALL_PARITY;DEC28=PUT_CALL_PARITY;DEC30=PUT_CALL_PARITY;JUN28=SERIES_FORWARD_CLUSTER,AUG26=7747.35;SEP26=7748.5;OCT26=7813;NOV26=7808.25;DEC26=7876.5;JUN27=8015.25;APR27=7959.5;MAR27=7945.5;FEB27=7879.75;JAN27=7881;MAY27=7963.25;JUL27=8043.875;SEP27=8077.25;AUG27=8051.75;DEC29=8676.5;DEC27=8103.75;MAR28=8179;DEC28=8373.25;DEC30=9151.75;JUN28=6427.25,NONE,WEIGHTED_ATM,2026-08-21,7,600,0.0,NONE,11513,11041,471,0,0,RTM,MDW;MMW;MRW;MTW,OK,NONE,NONE,2026-08-11
SPX,5075.0,0.0,0.0,0.0,0.0,0.0,0.0,0.0,0.0,7800.932309330873,7693.767690669128,7854.514618661745,7640.185381338256,SEP26,AUG26,2026-08-12,2026-09-18,7747.35,7705.975053873443,FOUND,WARN,UNKNOWN_SERIES;ESTIMATED_EXPIRY_ALIAS,2026-08-02.2,PUT_CALL_PARITY,AUG26,AUG26=PUT_CALL_PARITY;SEP26=PUT_CALL_PARITY;OCT26=PUT_CALL_PARITY;NOV26=PUT_CALL_PARITY;DEC26=PUT_CALL_PARITY;JUN27=PUT_CALL_PARITY;APR27=PUT_CALL_PARITY;MAR27=PUT_CALL_PARITY;FEB27=PUT_CALL_PARITY;JAN27=PUT_CALL_PARITY;MAY27=PUT_CALL_PARITY;JUL27=PUT_CALL_PARITY;SEP27=PUT_CALL_PARITY;AUG27=PUT_CALL_PARITY;DEC29=PUT_CALL_PARITY;DEC27=PUT_CALL_PARITY;MAR28=PUT_CALL_PARITY;DEC28=PUT_CALL_PARITY;DEC30=PUT_CALL_PARITY;JUN28=SERIES_FORWARD_CLUSTER,AUG26=7747.35;SEP26=7748.5;OCT26=7813;NOV26=7808.25;DEC26=7876.5;JUN27=8015.25;APR27=7959.5;MAR27=7945.5;FEB27=7879.75;JAN27=7881;MAY27=7963.25;JUL27=8043.875;SEP27=8077.25;AUG27=8051.75;DEC29=8676.5;DEC27=8103.75;MAR28=8179;DEC28=8373.25;DEC30=9151.75;JUN28=6427.25,NONE,WEIGHTED_ATM,2026-08-21,7,600,0.0,NONE,11513,11041,471,0,0,RTM,MDW;MMW;MRW;MTW,OK,NONE,NONE,2026-08-11
SPX,5100.0,0.0,0.0,0.0,0.0,0.0,0.0,0.0,0.0,7800.932309330873,7693.767690669128,7854.514618661745,7640.185381338256,SEP26,AUG26,2026-08-12,2026-09-18,7747.35,7705.975053873443,FOUND,WARN,UNKNOWN_SERIES;ESTIMATED_EXPIRY_ALIAS,2026-08-02.2,PUT_CALL_PARITY,AUG26,AUG26=PUT_CALL_PARITY;SEP26=PUT_CALL_PARITY;OCT26=PUT_CALL_PARITY;NOV26=PUT_CALL_PARITY;DEC26=PUT_CALL_PARITY;JUN27=PUT_CALL_PARITY;APR27=PUT_CALL_PARITY;MAR27=PUT_CALL_PARITY;FEB27=PUT_CALL_PARITY;JAN27=PUT_CALL_PARITY;MAY27=PUT_CALL_PARITY;JUL27=PUT_CALL_PARITY;SEP27=PUT_CALL_PARITY;AUG27=PUT_CALL_PARITY;DEC29=PUT_CALL_PARITY;DEC27=PUT_CALL_PARITY;MAR28=PUT_CALL_PARITY;DEC28=PUT_CALL_PARITY;DEC30=PUT_CALL_PARITY;JUN28=SERIES_FORWARD_CLUSTER,AUG26=7747.35;SEP26=7748.5;OCT26=7813;NOV26=7808.25;DEC26=7876.5;JUN27=8015.25;APR27=7959.5;MAR27=7945.5;FEB27=7879.75;JAN27=7881;MAY27=7963.25;JUL27=8043.875;SEP27=8077.25;AUG27=8051.75;DEC29=8676.5;DEC27=8103.75;MAR28=8179;DEC28=8373.25;DEC30=9151.75;JUN28=6427.25,NONE,WEIGHTED_ATM,2026-08-21,7,600,0.0,NONE,11513,11041,471,0,0,RTM,MDW;MMW;MRW;MTW,OK,NONE,NONE,2026-08-11
SPX,5150.0,0.0,0.0,0.0,0.0,0.0,0.0,0.0,0.0,7800.932309330873,7693.767690669128,7854.514618661745,7640.185381338256,SEP26,AUG26,2026-08-12,2026-09-18,7747.35,7705.975053873443,FOUND,WARN,UNKNOWN_SERIES;ESTIMATED_EXPIRY_ALIAS,2026-08-02.2,PUT_CALL_PARITY,AUG26,AUG26=PUT_CALL_PARITY;SEP26=PUT_CALL_PARITY;OCT26=PUT_CALL_PARITY;NOV26=PUT_CALL_PARITY;DEC26=PUT_CALL_PARITY;JUN27=PUT_CALL_PARITY;APR27=PUT_CALL_PARITY;MAR27=PUT_CALL_PARITY;FEB27=PUT_CALL_PARITY;JAN27=PUT_CALL_PARITY;MAY27=PUT_CALL_PARITY;JUL27=PUT_CALL_PARITY;SEP27=PUT_CALL_PARITY;AUG27=PUT_CALL_PARITY;DEC29=PUT_CALL_PARITY;DEC27=PUT_CALL_PARITY;MAR28=PUT_CALL_PARITY;DEC28=PUT_CALL_PARITY;DEC30=PUT_CALL_PARITY;JUN28=SERIES_FORWARD_CLUSTER,AUG26=7747.35;SEP26=7748.5;OCT26=7813;NOV26=7808.25;DEC26=7876.5;JUN27=8015.25;APR27=7959.5;MAR27=7945.5;FEB27=7879.75;JAN27=7881;MAY27=7963.25;JUL27=8043.875;SEP27=8077.25;AUG27=8051.75;DEC29=8676.5;DEC27=8103.75;MAR28=8179;DEC28=8373.25;DEC30=9151.75;JUN28=6427.25,NONE,WEIGHTED_ATM,2026-08-21,7,600,0.0,NONE,11513,11041,471,0,0,RTM,MDW;MMW;MRW;MTW,OK,NONE,NONE,2026-08-11
SPX,5175.0,0.0,0.0,0.0,0.0,0.0,0.0,0.0,0.0,7800.932309330873,7693.767690669128,7854.514618661745,7640.185381338256,SEP26,AUG26,2026-08-12,2026-09-18,7747.35,7705.975053873443,FOUND,WARN,UNKNOWN_SERIES;ESTIMATED_EXPIRY_ALIAS,2026-08-02.2,PUT_CALL_PARITY,AUG26,AUG26=PUT_CALL_PARITY;SEP26=PUT_CALL_PARITY;OCT26=PUT_CALL_PARITY;NOV26=PUT_CALL_PARITY;DEC26=PUT_CALL_PARITY;JUN27=PUT_CALL_PARITY;APR27=PUT_CALL_PARITY;MAR27=PUT_CALL_PARITY;FEB27=PUT_CALL_PARITY;JAN27=PUT_CALL_PARITY;MAY27=PUT_CALL_PARITY;JUL27=PUT_CALL_PARITY;SEP27=PUT_CALL_PARITY;AUG27=PUT_CALL_PARITY;DEC29=PUT_CALL_PARITY;DEC27=PUT_CALL_PARITY;MAR28=PUT_CALL_PARITY;DEC28=PUT_CALL_PARITY;DEC30=PUT_CALL_PARITY;JUN28=SERIES_FORWARD_CLUSTER,AUG26=7747.35;SEP26=7748.5;OCT26=7813;NOV26=7808.25;DEC26=7876.5;JUN27=8015.25;APR27=7959.5;MAR27=7945.5;FEB27=7879.75;JAN27=7881;MAY27=7963.25;JUL27=8043.875;SEP27=8077.25;AUG27=8051.75;DEC29=8676.5;DEC27=8103.75;MAR28=8179;DEC28=8373.25;DEC30=9151.75;JUN28=6427.25,NONE,WEIGHTED_ATM,2026-08-21,7,600,0.0,NONE,11513,11041,471,0,0,RTM,MDW;MMW;MRW;MTW,OK,NONE,NONE,2026-08-11
SPX,5200.0,0.0,0.0,0.0,0.0,0.0,0.0,0.0,0.0,7800.932309330873,7693.767690669128,7854.514618661745,7640.185381338256,SEP26,AUG26,2026-08-12,2026-09-18,7747.35,7705.975053873443,FOUND,WARN,UNKNOWN_SERIES;ESTIMATED_EXPIRY_ALIAS,2026-08-02.2,PUT_CALL_PARITY,AUG26,AUG26=PUT_CALL_PARITY;SEP26=PUT_CALL_PARITY;OCT26=PUT_CALL_PARITY;NOV26=PUT_CALL_PARITY;DEC26=PUT_CALL_PARITY;JUN27=PUT_CALL_PARITY;APR27=PUT_CALL_PARITY;MAR27=PUT_CALL_PARITY;FEB27=PUT_CALL_PARITY;JAN27=PUT_CALL_PARITY;MAY27=PUT_CALL_PARITY;JUL27=PUT_CALL_PARITY;SEP27=PUT_CALL_PARITY;AUG27=PUT_CALL_PARITY;DEC29=PUT_CALL_PARITY;DEC27=PUT_CALL_PARITY;MAR28=PUT_CALL_PARITY;DEC28=PUT_CALL_PARITY;DEC30=PUT_CALL_PARITY;JUN28=SERIES_FORWARD_CLUSTER,AUG26=7747.35;SEP26=7748.5;OCT26=7813;NOV26=7808.25;DEC26=7876.5;JUN27=8015.25;APR27=7959.5;MAR27=7945.5;FEB27=7879.75;JAN27=7881;MAY27=7963.25;JUL27=8043.875;SEP27=8077.25;AUG27=8051.75;DEC29=8676.5;DEC27=8103.75;MAR28=8179;DEC28=8373.25;DEC30=9151.75;JUN28=6427.25,NONE,WEIGHTED_ATM,2026-08-21,7,600,0.0,NONE,11513,11041,471,0,0,RTM,MDW;MMW;MRW;MTW,OK,NONE,NONE,2026-08-11
SPX,5225.0,0.0,0.0,0.0,0.0,0.0,0.0,0.0,0.0,7800.932309330873,7693.767690669128,7854.514618661745,7640.185381338256,SEP26,AUG26,2026-08-12,2026-09-18,7747.35,7705.975053873443,FOUND,WARN,UNKNOWN_SERIES;ESTIMATED_EXPIRY_ALIAS,2026-08-02.2,PUT_CALL_PARITY,AUG26,AUG26=PUT_CALL_PARITY;SEP26=PUT_CALL_PARITY;OCT26=PUT_CALL_PARITY;NOV26=PUT_CALL_PARITY;DEC26=PUT_CALL_PARITY;JUN27=PUT_CALL_PARITY;APR27=PUT_CALL_PARITY;MAR27=PUT_CALL_PARITY;FEB27=PUT_CALL_PARITY;JAN27=PUT_CALL_PARITY;MAY27=PUT_CALL_PARITY;JUL27=PUT_CALL_PARITY;SEP27=PUT_CALL_PARITY;AUG27=PUT_CALL_PARITY;DEC29=PUT_CALL_PARITY;DEC27=PUT_CALL_PARITY;MAR28=PUT_CALL_PARITY;DEC28=PUT_CALL_PARITY;DEC30=PUT_CALL_PARITY;JUN28=SERIES_FORWARD_CLUSTER,AUG26=7747.35;SEP26=7748.5;OCT26=7813;NOV26=7808.25;DEC26=7876.5;JUN27=8015.25;APR27=7959.5;MAR27=7945.5;FEB27=7879.75;JAN27=7881;MAY27=7963.25;JUL27=8043.875;SEP27=8077.25;AUG27=8051.75;DEC29=8676.5;DEC27=8103.75;MAR28=8179;DEC28=8373.25;DEC30=9151.75;JUN28=6427.25,NONE,WEIGHTED_ATM,2026-08-21,7,600,0.0,NONE,11513,11041,471,0,0,RTM,MDW;MMW;MRW;MTW,OK,NONE,NONE,2026-08-11
SPX,5250.0,0.0,0.0,0.0,0.0,0.0,0.0,0.0,0.0,7800.932309330873,7693.767690669128,7854.514618661745,7640.185381338256,SEP26,AUG26,2026-08-12,2026-09-18,7747.35,7705.975053873443,FOUND,WARN,UNKNOWN_SERIES;ESTIMATED_EXPIRY_ALIAS,2026-08-02.2,PUT_CALL_PARITY,AUG26,AUG26=PUT_CALL_PARITY;SEP26=PUT_CALL_PARITY;OCT26=PUT_CALL_PARITY;NOV26=PUT_CALL_PARITY;DEC26=PUT_CALL_PARITY;JUN27=PUT_CALL_PARITY;APR27=PUT_CALL_PARITY;MAR27=PUT_CALL_PARITY;FEB27=PUT_CALL_PARITY;JAN27=PUT_CALL_PARITY;MAY27=PUT_CALL_PARITY;JUL27=PUT_CALL_PARITY;SEP27=PUT_CALL_PARITY;AUG27=PUT_CALL_PARITY;DEC29=PUT_CALL_PARITY;DEC27=PUT_CALL_PARITY;MAR28=PUT_CALL_PARITY;DEC28=PUT_CALL_PARITY;DEC30=PUT_CALL_PARITY;JUN28=SERIES_FORWARD_CLUSTER,AUG26=7747.35;SEP26=7748.5;OCT26=7813;NOV26=7808.25;DEC26=7876.5;JUN27=8015.25;APR27=7959.5;MAR27=7945.5;FEB27=7879.75;JAN27=7881;MAY27=7963.25;JUL27=8043.875;SEP27=8077.25;AUG27=8051.75;DEC29=8676.5;DEC27=8103.75;MAR28=8179;DEC28=8373.25;DEC30=9151.75;JUN28=6427.25,NONE,WEIGHTED_ATM,2026-08-21,7,600,0.0,NONE,11513,11041,471,0,0,RTM,MDW;MMW;MRW;MTW,OK,NONE,NONE,2026-08-11
SPX,5275.0,0.0,0.0,0.0,0.0,0.0,0.0,0.0,0.0,7800.932309330873,7693.767690669128,7854.514618661745,7640.185381338256,SEP26,AUG26,2026-08-12,2026-09-18,7747.35,7705.975053873443,FOUND,WARN,UNKNOWN_SERIES;ESTIMATED_EXPIRY_ALIAS,2026-08-02.2,PUT_CALL_PARITY,AUG26,AUG26=PUT_CALL_PARITY;SEP26=PUT_CALL_PARITY;OCT26=PUT_CALL_PARITY;NOV26=PUT_CALL_PARITY;DEC26=PUT_CALL_PARITY;JUN27=PUT_CALL_PARITY;APR27=PUT_CALL_PARITY;MAR27=PUT_CALL_PARITY;FEB27=PUT_CALL_PARITY;JAN27=PUT_CALL_PARITY;MAY27=PUT_CALL_PARITY;JUL27=PUT_CALL_PARITY;SEP27=PUT_CALL_PARITY;AUG27=PUT_CALL_PARITY;DEC29=PUT_CALL_PARITY;DEC27=PUT_CALL_PARITY;MAR28=PUT_CALL_PARITY;DEC28=PUT_CALL_PARITY;DEC30=PUT_CALL_PARITY;JUN28=SERIES_FORWARD_CLUSTER,AUG26=7747.35;SEP26=7748.5;OCT26=7813;NOV26=7808.25;DEC26=7876.5;JUN27=8015.25;APR27=7959.5;MAR27=7945.5;FEB27=7879.75;JAN27=7881;MAY27=7963.25;JUL27=8043.875;SEP27=8077.25;AUG27=8051.75;DEC29=8676.5;DEC27=8103.75;MAR28=8179;DEC28=8373.25;DEC30=9151.75;JUN28=6427.25,NONE,WEIGHTED_ATM,2026-08-21,7,600,0.0,NONE,11513,11041,471,0,0,RTM,MDW;MMW;MRW;MTW,OK,NONE,NONE,2026-08-11
SPX,5300.0,0.0,0.0,0.0,0.0,0.0,0.0,0.0,0.0,7800.932309330873,7693.767690669128,7854.514618661745,7640.185381338256,SEP26,AUG26,2026-08-12,2026-09-18,7747.35,7705.975053873443,FOUND,WARN,UNKNOWN_SERIES;ESTIMATED_EXPIRY_ALIAS,2026-08-02.2,PUT_CALL_PARITY,AUG26,AUG26=PUT_CALL_PARITY;SEP26=PUT_CALL_PARITY;OCT26=PUT_CALL_PARITY;NOV26=PUT_CALL_PARITY;DEC26=PUT_CALL_PARITY;JUN27=PUT_CALL_PARITY;APR27=PUT_CALL_PARITY;MAR27=PUT_CALL_PARITY;FEB27=PUT_CALL_PARITY;JAN27=PUT_CALL_PARITY;MAY27=PUT_CALL_PARITY;JUL27=PUT_CALL_PARITY;SEP27=PUT_CALL_PARITY;AUG27=PUT_CALL_PARITY;DEC29=PUT_CALL_PARITY;DEC27=PUT_CALL_PARITY;MAR28=PUT_CALL_PARITY;DEC28=PUT_CALL_PARITY;DEC30=PUT_CALL_PARITY;JUN28=SERIES_FORWARD_CLUSTER,AUG26=7747.35;SEP26=7748.5;OCT26=7813;NOV26=7808.25;DEC26=7876.5;JUN27=8015.25;APR27=7959.5;MAR27=7945.5;FEB27=7879.75;JAN27=7881;MAY27=7963.25;JUL27=8043.875;SEP27=8077.25;AUG27=8051.75;DEC29=8676.5;DEC27=8103.75;MAR28=8179;DEC28=8373.25;DEC30=9151.75;JUN28=6427.25,NONE,WEIGHTED_ATM,2026-08-21,7,600,0.0,NONE,11513,11041,471,0,0,RTM,MDW;MMW;MRW;MTW,OK,NONE,NONE,2026-08-11
SPX,5325.0,0.0,0.0,0.0,0.0,0.0,0.0,0.0,0.0,7800.932309330873,7693.767690669128,7854.514618661745,7640.185381338256,SEP26,AUG26,2026-08-12,2026-09-18,7747.35,7705.975053873443,FOUND,WARN,UNKNOWN_SERIES;ESTIMATED_EXPIRY_ALIAS,2026-08-02.2,PUT_CALL_PARITY,AUG26,AUG26=PUT_CALL_PARITY;SEP26=PUT_CALL_PARITY;OCT26=PUT_CALL_PARITY;NOV26=PUT_CALL_PARITY;DEC26=PUT_CALL_PARITY;JUN27=PUT_CALL_PARITY;APR27=PUT_CALL_PARITY;MAR27=PUT_CALL_PARITY;FEB27=PUT_CALL_PARITY;JAN27=PUT_CALL_PARITY;MAY27=PUT_CALL_PARITY;JUL27=PUT_CALL_PARITY;SEP27=PUT_CALL_PARITY;AUG27=PUT_CALL_PARITY;DEC29=PUT_CALL_PARITY;DEC27=PUT_CALL_PARITY;MAR28=PUT_CALL_PARITY;DEC28=PUT_CALL_PARITY;DEC30=PUT_CALL_PARITY;JUN28=SERIES_FORWARD_CLUSTER,AUG26=7747.35;SEP26=7748.5;OCT26=7813;NOV26=7808.25;DEC26=7876.5;JUN27=8015.25;APR27=7959.5;MAR27=7945.5;FEB27=7879.75;JAN27=7881;MAY27=7963.25;JUL27=8043.875;SEP27=8077.25;AUG27=8051.75;DEC29=8676.5;DEC27=8103.75;MAR28=8179;DEC28=8373.25;DEC30=9151.75;JUN28=6427.25,NONE,WEIGHTED_ATM,2026-08-21,7,600,0.0,NONE,11513,11041,471,0,0,RTM,MDW;MMW;MRW;MTW,OK,NONE,NONE,2026-08-11
SPX,5350.0,0.0,0.0,0.0,0.0,0.0,0.0,0.0,0.0,7800.932309330873,7693.767690669128,7854.514618661745,7640.185381338256,SEP26,AUG26,2026-08-12,2026-09-18,7747.35,7705.975053873443,FOUND,WARN,UNKNOWN_SERIES;ESTIMATED_EXPIRY_ALIAS,2026-08-02.2,PUT_CALL_PARITY,AUG26,AUG26=PUT_CALL_PARITY;SEP26=PUT_CALL_PARITY;OCT26=PUT_CALL_PARITY;NOV26=PUT_CALL_PARITY;DEC26=PUT_CALL_PARITY;JUN27=PUT_CALL_PARITY;APR27=PUT_CALL_PARITY;MAR27=PUT_CALL_PARITY;FEB27=PUT_CALL_PARITY;JAN27=PUT_CALL_PARITY;MAY27=PUT_CALL_PARITY;JUL27=PUT_CALL_PARITY;SEP27=PUT_CALL_PARITY;AUG27=PUT_CALL_PARITY;DEC29=PUT_CALL_PARITY;DEC27=PUT_CALL_PARITY;MAR28=PUT_CALL_PARITY;DEC28=PUT_CALL_PARITY;DEC30=PUT_CALL_PARITY;JUN28=SERIES_FORWARD_CLUSTER,AUG26=7747.35;SEP26=7748.5;OCT26=7813;NOV26=7808.25;DEC26=7876.5;JUN27=8015.25;APR27=7959.5;MAR27=7945.5;FEB27=7879.75;JAN27=7881;MAY27=7963.25;JUL27=8043.875;SEP27=8077.25;AUG27=8051.75;DEC29=8676.5;DEC27=8103.75;MAR28=8179;DEC28=8373.25;DEC30=9151.75;JUN28=6427.25,NONE,WEIGHTED_ATM,2026-08-21,7,600,0.0,NONE,11513,11041,471,0,0,RTM,MDW;MMW;MRW;MTW,OK,NONE,NONE,2026-08-11
SPX,5375.0,0.0,0.0,0.0,0.0,0.0,0.0,0.0,0.0,7800.932309330873,7693.767690669128,7854.514618661745,7640.185381338256,SEP26,AUG26,2026-08-12,2026-09-18,7747.35,7705.975053873443,FOUND,WARN,UNKNOWN_SERIES;ESTIMATED_EXPIRY_ALIAS,2026-08-02.2,PUT_CALL_PARITY,AUG26,AUG26=PUT_CALL_PARITY;SEP26=PUT_CALL_PARITY;OCT26=PUT_CALL_PARITY;NOV26=PUT_CALL_PARITY;DEC26=PUT_CALL_PARITY;JUN27=PUT_CALL_PARITY;APR27=PUT_CALL_PARITY;MAR27=PUT_CALL_PARITY;FEB27=PUT_CALL_PARITY;JAN27=PUT_CALL_PARITY;MAY27=PUT_CALL_PARITY;JUL27=PUT_CALL_PARITY;SEP27=PUT_CALL_PARITY;AUG27=PUT_CALL_PARITY;DEC29=PUT_CALL_PARITY;DEC27=PUT_CALL_PARITY;MAR28=PUT_CALL_PARITY;DEC28=PUT_CALL_PARITY;DEC30=PUT_CALL_PARITY;JUN28=SERIES_FORWARD_CLUSTER,AUG26=7747.35;SEP26=7748.5;OCT26=7813;NOV26=7808.25;DEC26=7876.5;JUN27=8015.25;APR27=7959.5;MAR27=7945.5;FEB27=7879.75;JAN27=7881;MAY27=7963.25;JUL27=8043.875;SEP27=8077.25;AUG27=8051.75;DEC29=8676.5;DEC27=8103.75;MAR28=8179;DEC28=8373.25;DEC30=9151.75;JUN28=6427.25,NONE,WEIGHTED_ATM,2026-08-21,7,600,0.0,NONE,11513,11041,471,0,0,RTM,MDW;MMW;MRW;MTW,OK,NONE,NONE,2026-08-11
SPX,5400.0,0.0,0.0,0.0,0.0,0.0,0.0,0.0,0.0,7800.932309330873,7693.767690669128,7854.514618661745,7640.185381338256,SEP26,AUG26,2026-08-12,2026-09-18,7747.35,7705.975053873443,FOUND,WARN,UNKNOWN_SERIES;ESTIMATED_EXPIRY_ALIAS,2026-08-02.2,PUT_CALL_PARITY,AUG26,AUG26=PUT_CALL_PARITY;SEP26=PUT_CALL_PARITY;OCT26=PUT_CALL_PARITY;NOV26=PUT_CALL_PARITY;DEC26=PUT_CALL_PARITY;JUN27=PUT_CALL_PARITY;APR27=PUT_CALL_PARITY;MAR27=PUT_CALL_PARITY;FEB27=PUT_CALL_PARITY;JAN27=PUT_CALL_PARITY;MAY27=PUT_CALL_PARITY;JUL27=PUT_CALL_PARITY;SEP27=PUT_CALL_PARITY;AUG27=PUT_CALL_PARITY;DEC29=PUT_CALL_PARITY;DEC27=PUT_CALL_PARITY;MAR28=PUT_CALL_PARITY;DEC28=PUT_CALL_PARITY;DEC30=PUT_CALL_PARITY;JUN28=SERIES_FORWARD_CLUSTER,AUG26=7747.35;SEP26=7748.5;OCT26=7813;NOV26=7808.25;DEC26=7876.5;JUN27=8015.25;APR27=7959.5;MAR27=7945.5;FEB27=7879.75;JAN27=7881;MAY27=7963.25;JUL27=8043.875;SEP27=8077.25;AUG27=8051.75;DEC29=8676.5;DEC27=8103.75;MAR28=8179;DEC28=8373.25;DEC30=9151.75;JUN28=6427.25,NONE,WEIGHTED_ATM,2026-08-21,7,600,0.0,NONE,11513,11041,471,0,0,RTM,MDW;MMW;MRW;MTW,OK,NONE,NONE,2026-08-11
SPX,5450.0,-1139637.8345563842,1.904616681683327,0.0,0.0,0.0,0.0,0.0,0.0,7800.932309330873,7693.767690669128,7854.514618661745,7640.185381338256,SEP26,AUG26,2026-08-12,2026-09-18,7747.35,7705.975053873443,FOUND,WARN,UNKNOWN_SERIES;ESTIMATED_EXPIRY_ALIAS,2026-08-02.2,PUT_CALL_PARITY,AUG26,AUG26=PUT_CALL_PARITY;SEP26=PUT_CALL_PARITY;OCT26=PUT_CALL_PARITY;NOV26=PUT_CALL_PARITY;DEC26=PUT_CALL_PARITY;JUN27=PUT_CALL_PARITY;APR27=PUT_CALL_PARITY;MAR27=PUT_CALL_PARITY;FEB27=PUT_CALL_PARITY;JAN27=PUT_CALL_PARITY;MAY27=PUT_CALL_PARITY;JUL27=PUT_CALL_PARITY;SEP27=PUT_CALL_PARITY;AUG27=PUT_CALL_PARITY;DEC29=PUT_CALL_PARITY;DEC27=PUT_CALL_PARITY;MAR28=PUT_CALL_PARITY;DEC28=PUT_CALL_PARITY;DEC30=PUT_CALL_PARITY;JUN28=SERIES_FORWARD_CLUSTER,AUG26=7747.35;SEP26=7748.5;OCT26=7813;NOV26=7808.25;DEC26=7876.5;JUN27=8015.25;APR27=7959.5;MAR27=7945.5;FEB27=7879.75;JAN27=7881;MAY27=7963.25;JUL27=8043.875;SEP27=8077.25;AUG27=8051.75;DEC29=8676.5;DEC27=8103.75;MAR28=8179;DEC28=8373.25;DEC30=9151.75;JUN28=6427.25,NONE,WEIGHTED_ATM,2026-08-21,7,600,0.0,NONE,11513,11041,471,0,0,RTM,MDW;MMW;MRW;MTW,OK,NONE,NONE,2026-08-11
SPX,5475.0,0.0,0.0,0.0,0.0,0.0,0.0,0.0,0.0,7800.932309330873,7693.767690669128,7854.514618661745,7640.185381338256,SEP26,AUG26,2026-08-12,2026-09-18,7747.35,7705.975053873443,FOUND,WARN,UNKNOWN_SERIES;ESTIMATED_EXPIRY_ALIAS,2026-08-02.2,PUT_CALL_PARITY,AUG26,AUG26=PUT_CALL_PARITY;SEP26=PUT_CALL_PARITY;OCT26=PUT_CALL_PARITY;NOV26=PUT_CALL_PARITY;DEC26=PUT_CALL_PARITY;JUN27=PUT_CALL_PARITY;APR27=PUT_CALL_PARITY;MAR27=PUT_CALL_PARITY;FEB27=PUT_CALL_PARITY;JAN27=PUT_CALL_PARITY;MAY27=PUT_CALL_PARITY;JUL27=PUT_CALL_PARITY;SEP27=PUT_CALL_PARITY;AUG27=PUT_CALL_PARITY;DEC29=PUT_CALL_PARITY;DEC27=PUT_CALL_PARITY;MAR28=PUT_CALL_PARITY;DEC28=PUT_CALL_PARITY;DEC30=PUT_CALL_PARITY;JUN28=SERIES_FORWARD_CLUSTER,AUG26=7747.35;SEP26=7748.5;OCT26=7813;NOV26=7808.25;DEC26=7876.5;JUN27=8015.25;APR27=7959.5;MAR27=7945.5;FEB27=7879.75;JAN27=7881;MAY27=7963.25;JUL27=8043.875;SEP27=8077.25;AUG27=8051.75;DEC29=8676.5;DEC27=8103.75;MAR28=8179;DEC28=8373.25;DEC30=9151.75;JUN28=6427.25,NONE,WEIGHTED_ATM,2026-08-21,7,600,0.0,NONE,11513,11041,471,0,0,RTM,MDW;MMW;MRW;MTW,OK,NONE,NONE,2026-08-11
SPX,5500.0,-8334774.855402375,13.784161010151115,0.0,0.0,0.0,0.0,0.0,0.0,7800.932309330873,7693.767690669128,7854.514618661745,7640.185381338256,SEP26,AUG26,2026-08-12,2026-09-18,7747.35,7705.975053873443,FOUND,WARN,UNKNOWN_SERIES;ESTIMATED_EXPIRY_ALIAS,2026-08-02.2,PUT_CALL_PARITY,AUG26,AUG26=PUT_CALL_PARITY;SEP26=PUT_CALL_PARITY;OCT26=PUT_CALL_PARITY;NOV26=PUT_CALL_PARITY;DEC26=PUT_CALL_PARITY;JUN27=PUT_CALL_PARITY;APR27=PUT_CALL_PARITY;MAR27=PUT_CALL_PARITY;FEB27=PUT_CALL_PARITY;JAN27=PUT_CALL_PARITY;MAY27=PUT_CALL_PARITY;JUL27=PUT_CALL_PARITY;SEP27=PUT_CALL_PARITY;AUG27=PUT_CALL_PARITY;DEC29=PUT_CALL_PARITY;DEC27=PUT_CALL_PARITY;MAR28=PUT_CALL_PARITY;DEC28=PUT_CALL_PARITY;DEC30=PUT_CALL_PARITY;JUN28=SERIES_FORWARD_CLUSTER,AUG26=7747.35;SEP26=7748.5;OCT26=7813;NOV26=7808.25;DEC26=7876.5;JUN27=8015.25;APR27=7959.5;MAR27=7945.5;FEB27=7879.75;JAN27=7881;MAY27=7963.25;JUL27=8043.875;SEP27=8077.25;AUG27=8051.75;DEC29=8676.5;DEC27=8103.75;MAR28=8179;DEC28=8373.25;DEC30=9151.75;JUN28=6427.25,NONE,WEIGHTED_ATM,2026-08-21,7,600,0.0,NONE,11513,11041,471,0,0,RTM,MDW;MMW;MRW;MTW,OK,NONE,NONE,2026-08-11
SPX,5550.0,-6324569.54834865,10.332510268760501,0.0,0.0,0.0,0.0,0.0,0.0,7800.932309330873,7693.767690669128,7854.514618661745,7640.185381338256,SEP26,AUG26,2026-08-12,2026-09-18,7747.35,7705.975053873443,FOUND,WARN,UNKNOWN_SERIES;ESTIMATED_EXPIRY_ALIAS,2026-08-02.2,PUT_CALL_PARITY,AUG26,AUG26=PUT_CALL_PARITY;SEP26=PUT_CALL_PARITY;OCT26=PUT_CALL_PARITY;NOV26=PUT_CALL_PARITY;DEC26=PUT_CALL_PARITY;JUN27=PUT_CALL_PARITY;APR27=PUT_CALL_PARITY;MAR27=PUT_CALL_PARITY;FEB27=PUT_CALL_PARITY;JAN27=PUT_CALL_PARITY;MAY27=PUT_CALL_PARITY;JUL27=PUT_CALL_PARITY;SEP27=PUT_CALL_PARITY;AUG27=PUT_CALL_PARITY;DEC29=PUT_CALL_PARITY;DEC27=PUT_CALL_PARITY;MAR28=PUT_CALL_PARITY;DEC28=PUT_CALL_PARITY;DEC30=PUT_CALL_PARITY;JUN28=SERIES_FORWARD_CLUSTER,AUG26=7747.35;SEP26=7748.5;OCT26=7813;NOV26=7808.25;DEC26=7876.5;JUN27=8015.25;APR27=7959.5;MAR27=7945.5;FEB27=7879.75;JAN27=7881;MAY27=7963.25;JUL27=8043.875;SEP27=8077.25;AUG27=8051.75;DEC29=8676.5;DEC27=8103.75;MAR28=8179;DEC28=8373.25;DEC30=9151.75;JUN28=6427.25,NONE,WEIGHTED_ATM,2026-08-21,7,600,0.0,NONE,11513,11041,471,0,0,RTM,MDW;MMW;MRW;MTW,OK,NONE,NONE,2026-08-11
SPX,5600.0,-10087751.28509828,16.42420141760264,0.0,0.0,0.0,0.0,0.0,0.0,7800.932309330873,7693.767690669128,7854.514618661745,7640.185381338256,SEP26,AUG26,2026-08-12,2026-09-18,7747.35,7705.975053873443,FOUND,WARN,UNKNOWN_SERIES;ESTIMATED_EXPIRY_ALIAS,2026-08-02.2,PUT_CALL_PARITY,AUG26,AUG26=PUT_CALL_PARITY;SEP26=PUT_CALL_PARITY;OCT26=PUT_CALL_PARITY;NOV26=PUT_CALL_PARITY;DEC26=PUT_CALL_PARITY;JUN27=PUT_CALL_PARITY;APR27=PUT_CALL_PARITY;MAR27=PUT_CALL_PARITY;FEB27=PUT_CALL_PARITY;JAN27=PUT_CALL_PARITY;MAY27=PUT_CALL_PARITY;JUL27=PUT_CALL_PARITY;SEP27=PUT_CALL_PARITY;AUG27=PUT_CALL_PARITY;DEC29=PUT_CALL_PARITY;DEC27=PUT_CALL_PARITY;MAR28=PUT_CALL_PARITY;DEC28=PUT_CALL_PARITY;DEC30=PUT_CALL_PARITY;JUN28=SERIES_FORWARD_CLUSTER,AUG26=7747.35;SEP26=7748.5;OCT26=7813;NOV26=7808.25;DEC26=7876.5;JUN27=8015.25;APR27=7959.5;MAR27=7945.5;FEB27=7879.75;JAN27=7881;MAY27=7963.25;JUL27=8043.875;SEP27=8077.25;AUG27=8051.75;DEC29=8676.5;DEC27=8103.75;MAR28=8179;DEC28=8373.25;DEC30=9151.75;JUN28=6427.25,NONE,WEIGHTED_ATM,2026-08-21,7,600,0.0,NONE,11513,11041,471,0,0,RTM,MDW;MMW;MRW;MTW,OK,NONE,NONE,2026-08-11
SPX,5625.0,-474.43541206819685,0.0007904433401228199,0.0,0.0,0.0,0.0,0.0,0.0,7800.932309330873,7693.767690669128,7854.514618661745,7640.185381338256,SEP26,AUG26,2026-08-12,2026-09-18,7747.35,7705.975053873443,FOUND,WARN,UNKNOWN_SERIES;ESTIMATED_EXPIRY_ALIAS,2026-08-02.2,PUT_CALL_PARITY,AUG26,AUG26=PUT_CALL_PARITY;SEP26=PUT_CALL_PARITY;OCT26=PUT_CALL_PARITY;NOV26=PUT_CALL_PARITY;DEC26=PUT_CALL_PARITY;JUN27=PUT_CALL_PARITY;APR27=PUT_CALL_PARITY;MAR27=PUT_CALL_PARITY;FEB27=PUT_CALL_PARITY;JAN27=PUT_CALL_PARITY;MAY27=PUT_CALL_PARITY;JUL27=PUT_CALL_PARITY;SEP27=PUT_CALL_PARITY;AUG27=PUT_CALL_PARITY;DEC29=PUT_CALL_PARITY;DEC27=PUT_CALL_PARITY;MAR28=PUT_CALL_PARITY;DEC28=PUT_CALL_PARITY;DEC30=PUT_CALL_PARITY;JUN28=SERIES_FORWARD_CLUSTER,AUG26=7747.35;SEP26=7748.5;OCT26=7813;NOV26=7808.25;DEC26=7876.5;JUN27=8015.25;APR27=7959.5;MAR27=7945.5;FEB27=7879.75;JAN27=7881;MAY27=7963.25;JUL27=8043.875;SEP27=8077.25;AUG27=8051.75;DEC29=8676.5;DEC27=8103.75;MAR28=8179;DEC28=8373.25;DEC30=9151.75;JUN28=6427.25,NONE,WEIGHTED_ATM,2026-08-21,7,600,0.0,NONE,11513,11041,471,0,0,RTM,MDW;MMW;MRW;MTW,OK,NONE,NONE,2026-08-11
SPX,5650.0,-9874910.629947383,16.050013758761462,0.0,0.0,0.0,0.0,0.0,0.0,7800.932309330873,7693.767690669128,7854.514618661745,7640.185381338256,SEP26,AUG26,2026-08-12,2026-09-18,7747.35,7705.975053873443,FOUND,WARN,UNKNOWN_SERIES;ESTIMATED_EXPIRY_ALIAS,2026-08-02.2,PUT_CALL_PARITY,AUG26,AUG26=PUT_CALL_PARITY;SEP26=PUT_CALL_PARITY;OCT26=PUT_CALL_PARITY;NOV26=PUT_CALL_PARITY;DEC26=PUT_CALL_PARITY;JUN27=PUT_CALL_PARITY;APR27=PUT_CALL_PARITY;MAR27=PUT_CALL_PARITY;FEB27=PUT_CALL_PARITY;JAN27=PUT_CALL_PARITY;MAY27=PUT_CALL_PARITY;JUL27=PUT_CALL_PARITY;SEP27=PUT_CALL_PARITY;AUG27=PUT_CALL_PARITY;DEC29=PUT_CALL_PARITY;DEC27=PUT_CALL_PARITY;MAR28=PUT_CALL_PARITY;DEC28=PUT_CALL_PARITY;DEC30=PUT_CALL_PARITY;JUN28=SERIES_FORWARD_CLUSTER,AUG26=7747.35;SEP26=7748.5;OCT26=7813;NOV26=7808.25;DEC26=7876.5;JUN27=8015.25;APR27=7959.5;MAR27=7945.5;FEB27=7879.75;JAN27=7881;MAY27=7963.25;JUL27=8043.875;SEP27=8077.25;AUG27=8051.75;DEC29=8676.5;DEC27=8103.75;MAR28=8179;DEC28=8373.25;DEC30=9151.75;JUN28=6427.25,NONE,WEIGHTED_ATM,2026-08-21,7,600,0.0,NONE,11513,11041,471,0,0,RTM,MDW;MMW;MRW;MTW,OK,NONE,NONE,2026-08-11
SPX,5675.0,-9148.665564062952,0.015242331373622388,0.0,0.0,0.0,0.0,0.0,0.0,7800.932309330873,7693.767690669128,7854.514618661745,7640.185381338256,SEP26,AUG26,2026-08-12,2026-09-18,7747.35,7705.975053873443,FOUND,WARN,UNKNOWN_SERIES;ESTIMATED_EXPIRY_ALIAS,2026-08-02.2,PUT_CALL_PARITY,AUG26,AUG26=PUT_CALL_PARITY;SEP26=PUT_CALL_PARITY;OCT26=PUT_CALL_PARITY;NOV26=PUT_CALL_PARITY;DEC26=PUT_CALL_PARITY;JUN27=PUT_CALL_PARITY;APR27=PUT_CALL_PARITY;MAR27=PUT_CALL_PARITY;FEB27=PUT_CALL_PARITY;JAN27=PUT_CALL_PARITY;MAY27=PUT_CALL_PARITY;JUL27=PUT_CALL_PARITY;SEP27=PUT_CALL_PARITY;AUG27=PUT_CALL_PARITY;DEC29=PUT_CALL_PARITY;DEC27=PUT_CALL_PARITY;MAR28=PUT_CALL_PARITY;DEC28=PUT_CALL_PARITY;DEC30=PUT_CALL_PARITY;JUN28=SERIES_FORWARD_CLUSTER,AUG26=7747.35;SEP26=7748.5;OCT26=7813;NOV26=7808.25;DEC26=7876.5;JUN27=8015.25;APR27=7959.5;MAR27=7945.5;FEB27=7879.75;JAN27=7881;MAY27=7963.25;JUL27=8043.875;SEP27=8077.25;AUG27=8051.75;DEC29=8676.5;DEC27=8103.75;MAR28=8179;DEC28=8373.25;DEC30=9151.75;JUN28=6427.25,NONE,WEIGHTED_ATM,2026-08-21,7,600,0.0,NONE,11513,11041,471,0,0,RTM,MDW;MMW;MRW;MTW,OK,NONE,NONE,2026-08-11
SPX,5700.0,-15776406.358399825,25.46186947165045,0.0,0.0,0.0,0.0,0.0,0.0,7800.932309330873,7693.767690669128,7854.514618661745,7640.185381338256,SEP26,AUG26,2026-08-12,2026-09-18,7747.35,7705.975053873443,FOUND,WARN,UNKNOWN_SERIES;ESTIMATED_EXPIRY_ALIAS,2026-08-02.2,PUT_CALL_PARITY,AUG26,AUG26=PUT_CALL_PARITY;SEP26=PUT_CALL_PARITY;OCT26=PUT_CALL_PARITY;NOV26=PUT_CALL_PARITY;DEC26=PUT_CALL_PARITY;JUN27=PUT_CALL_PARITY;APR27=PUT_CALL_PARITY;MAR27=PUT_CALL_PARITY;FEB27=PUT_CALL_PARITY;JAN27=PUT_CALL_PARITY;MAY27=PUT_CALL_PARITY;JUL27=PUT_CALL_PARITY;SEP27=PUT_CALL_PARITY;AUG27=PUT_CALL_PARITY;DEC29=PUT_CALL_PARITY;DEC27=PUT_CALL_PARITY;MAR28=PUT_CALL_PARITY;DEC28=PUT_CALL_PARITY;DEC30=PUT_CALL_PARITY;JUN28=SERIES_FORWARD_CLUSTER,AUG26=7747.35;SEP26=7748.5;OCT26=7813;NOV26=7808.25;DEC26=7876.5;JUN27=8015.25;APR27=7959.5;MAR27=7945.5;FEB27=7879.75;JAN27=7881;MAY27=7963.25;JUL27=8043.875;SEP27=8077.25;AUG27=8051.75;DEC29=8676.5;DEC27=8103.75;MAR28=8179;DEC28=8373.25;DEC30=9151.75;JUN28=6427.25,NONE,WEIGHTED_ATM,2026-08-21,7,600,0.0,NONE,11513,11041,471,0,0,RTM,MDW;MMW;MRW;MTW,OK,NONE,NONE,2026-08-11
SPX,5725.0,0.0,0.0,0.0,0.0,0.0,0.0,0.0,0.0,7800.932309330873,7693.767690669128,7854.514618661745,7640.185381338256,SEP26,AUG26,2026-08-12,2026-09-18,7747.35,7705.975053873443,FOUND,WARN,UNKNOWN_SERIES;ESTIMATED_EXPIRY_ALIAS,2026-08-02.2,PUT_CALL_PARITY,AUG26,AUG26=PUT_CALL_PARITY;SEP26=PUT_CALL_PARITY;OCT26=PUT_CALL_PARITY;NOV26=PUT_CALL_PARITY;DEC26=PUT_CALL_PARITY;JUN27=PUT_CALL_PARITY;APR27=PUT_CALL_PARITY;MAR27=PUT_CALL_PARITY;FEB27=PUT_CALL_PARITY;JAN27=PUT_CALL_PARITY;MAY27=PUT_CALL_PARITY;JUL27=PUT_CALL_PARITY;SEP27=PUT_CALL_PARITY;AUG27=PUT_CALL_PARITY;DEC29=PUT_CALL_PARITY;DEC27=PUT_CALL_PARITY;MAR28=PUT_CALL_PARITY;DEC28=PUT_CALL_PARITY;DEC30=PUT_CALL_PARITY;JUN28=SERIES_FORWARD_CLUSTER,AUG26=7747.35;SEP26=7748.5;OCT26=7813;NOV26=7808.25;DEC26=7876.5;JUN27=8015.25;APR27=7959.5;MAR27=7945.5;FEB27=7879.75;JAN27=7881;MAY27=7963.25;JUL27=8043.875;SEP27=8077.25;AUG27=8051.75;DEC29=8676.5;DEC27=8103.75;MAR28=8179;DEC28=8373.25;DEC30=9151.75;JUN28=6427.25,NONE,WEIGHTED_ATM,2026-08-21,7,600,0.0,NONE,11513,11041,471,0,0,RTM,MDW;MMW;MRW;MTW,OK,NONE,NONE,2026-08-11
SPX,5750.0,-10978248.905520976,17.71262478377226,0.0,0.0,0.0,0.0,0.0,0.0,7800.932309330873,7693.767690669128,7854.514618661745,7640.185381338256,SEP26,AUG26,2026-08-12,2026-09-18,7747.35,7705.975053873443,FOUND,WARN,UNKNOWN_SERIES;ESTIMATED_EXPIRY_ALIAS,2026-08-02.2,PUT_CALL_PARITY,AUG26,AUG26=PUT_CALL_PARITY;SEP26=PUT_CALL_PARITY;OCT26=PUT_CALL_PARITY;NOV26=PUT_CALL_PARITY;DEC26=PUT_CALL_PARITY;JUN27=PUT_CALL_PARITY;APR27=PUT_CALL_PARITY;MAR27=PUT_CALL_PARITY;FEB27=PUT_CALL_PARITY;JAN27=PUT_CALL_PARITY;MAY27=PUT_CALL_PARITY;JUL27=PUT_CALL_PARITY;SEP27=PUT_CALL_PARITY;AUG27=PUT_CALL_PARITY;DEC29=PUT_CALL_PARITY;DEC27=PUT_CALL_PARITY;MAR28=PUT_CALL_PARITY;DEC28=PUT_CALL_PARITY;DEC30=PUT_CALL_PARITY;JUN28=SERIES_FORWARD_CLUSTER,AUG26=7747.35;SEP26=7748.5;OCT26=7813;NOV26=7808.25;DEC26=7876.5;JUN27=8015.25;APR27=7959.5;MAR27=7945.5;FEB27=7879.75;JAN27=7881;MAY27=7963.25;JUL27=8043.875;SEP27=8077.25;AUG27=8051.75;DEC29=8676.5;DEC27=8103.75;MAR28=8179;DEC28=8373.25;DEC30=9151.75;JUN28=6427.25,NONE,WEIGHTED_ATM,2026-08-21,7,600,0.0,NONE,11513,11041,471,0,0,RTM,MDW;MMW;MRW;MTW,OK,NONE,NONE,2026-08-11
SPX,5775.0,-1095.0170193501417,0.0018243766975430658,0.0,0.0,0.0,0.0,0.0,0.0,7800.932309330873,7693.767690669128,7854.514618661745,7640.185381338256,SEP26,AUG26,2026-08-12,2026-09-18,7747.35,7705.975053873443,FOUND,WARN,UNKNOWN_SERIES;ESTIMATED_EXPIRY_ALIAS,2026-08-02.2,PUT_CALL_PARITY,AUG26,AUG26=PUT_CALL_PARITY;SEP26=PUT_CALL_PARITY;OCT26=PUT_CALL_PARITY;NOV26=PUT_CALL_PARITY;DEC26=PUT_CALL_PARITY;JUN27=PUT_CALL_PARITY;APR27=PUT_CALL_PARITY;MAR27=PUT_CALL_PARITY;FEB27=PUT_CALL_PARITY;JAN27=PUT_CALL_PARITY;MAY27=PUT_CALL_PARITY;JUL27=PUT_CALL_PARITY;SEP27=PUT_CALL_PARITY;AUG27=PUT_CALL_PARITY;DEC29=PUT_CALL_PARITY;DEC27=PUT_CALL_PARITY;MAR28=PUT_CALL_PARITY;DEC28=PUT_CALL_PARITY;DEC30=PUT_CALL_PARITY;JUN28=SERIES_FORWARD_CLUSTER,AUG26=7747.35;SEP26=7748.5;OCT26=7813;NOV26=7808.25;DEC26=7876.5;JUN27=8015.25;APR27=7959.5;MAR27=7945.5;FEB27=7879.75;JAN27=7881;MAY27=7963.25;JUL27=8043.875;SEP27=8077.25;AUG27=8051.75;DEC29=8676.5;DEC27=8103.75;MAR28=8179;DEC28=8373.25;DEC30=9151.75;JUN28=6427.25,NONE,WEIGHTED_ATM,2026-08-21,7,600,0.0,NONE,11513,11041,471,0,0,RTM,MDW;MMW;MRW;MTW,OK,NONE,NONE,2026-08-11
SPX,5800.0,-21207128.865696583,34.595477764322,0.0,0.0,0.0,0.0,0.0,0.0,7800.932309330873,7693.767690669128,7854.514618661745,7640.185381338256,SEP26,AUG26,2026-08-12,2026-09-18,7747.35,7705.975053873443,FOUND,WARN,UNKNOWN_SERIES;ESTIMATED_EXPIRY_ALIAS,2026-08-02.2,PUT_CALL_PARITY,AUG26,AUG26=PUT_CALL_PARITY;SEP26=PUT_CALL_PARITY;OCT26=PUT_CALL_PARITY;NOV26=PUT_CALL_PARITY;DEC26=PUT_CALL_PARITY;JUN27=PUT_CALL_PARITY;APR27=PUT_CALL_PARITY;MAR27=PUT_CALL_PARITY;FEB27=PUT_CALL_PARITY;JAN27=PUT_CALL_PARITY;MAY27=PUT_CALL_PARITY;JUL27=PUT_CALL_PARITY;SEP27=PUT_CALL_PARITY;AUG27=PUT_CALL_PARITY;DEC29=PUT_CALL_PARITY;DEC27=PUT_CALL_PARITY;MAR28=PUT_CALL_PARITY;DEC28=PUT_CALL_PARITY;DEC30=PUT_CALL_PARITY;JUN28=SERIES_FORWARD_CLUSTER,AUG26=7747.35;SEP26=7748.5;OCT26=7813;NOV26=7808.25;DEC26=7876.5;JUN27=8015.25;APR27=7959.5;MAR27=7945.5;FEB27=7879.75;JAN27=7881;MAY27=7963.25;JUL27=8043.875;SEP27=8077.25;AUG27=8051.75;DEC29=8676.5;DEC27=8103.75;MAR28=8179;DEC28=8373.25;DEC30=9151.75;JUN28=6427.25,NONE,WEIGHTED_ATM,2026-08-21,7,600,0.0,NONE,11513,11041,471,0,0,RTM,MDW;MMW;MRW;MTW,OK,NONE,NONE,2026-08-11
SPX,5825.0,0.0,0.0,0.0,0.0,0.0,0.0,0.0,0.0,7800.932309330873,7693.767690669128,7854.514618661745,7640.185381338256,SEP26,AUG26,2026-08-12,2026-09-18,7747.35,7705.975053873443,FOUND,WARN,UNKNOWN_SERIES;ESTIMATED_EXPIRY_ALIAS,2026-08-02.2,PUT_CALL_PARITY,AUG26,AUG26=PUT_CALL_PARITY;SEP26=PUT_CALL_PARITY;OCT26=PUT_CALL_PARITY;NOV26=PUT_CALL_PARITY;DEC26=PUT_CALL_PARITY;JUN27=PUT_CALL_PARITY;APR27=PUT_CALL_PARITY;MAR27=PUT_CALL_PARITY;FEB27=PUT_CALL_PARITY;JAN27=PUT_CALL_PARITY;MAY27=PUT_CALL_PARITY;JUL27=PUT_CALL_PARITY;SEP27=PUT_CALL_PARITY;AUG27=PUT_CALL_PARITY;DEC29=PUT_CALL_PARITY;DEC27=PUT_CALL_PARITY;MAR28=PUT_CALL_PARITY;DEC28=PUT_CALL_PARITY;DEC30=PUT_CALL_PARITY;JUN28=SERIES_FORWARD_CLUSTER,AUG26=7747.35;SEP26=7748.5;OCT26=7813;NOV26=7808.25;DEC26=7876.5;JUN27=8015.25;APR27=7959.5;MAR27=7945.5;FEB27=7879.75;JAN27=7881;MAY27=7963.25;JUL27=8043.875;SEP27=8077.25;AUG27=8051.75;DEC29=8676.5;DEC27=8103.75;MAR28=8179;DEC28=8373.25;DEC30=9151.75;JUN28=6427.25,NONE,WEIGHTED_ATM,2026-08-21,7,600,0.0,NONE,11513,11041,471,0,0,RTM,MDW;MMW;MRW;MTW,OK,NONE,NONE,2026-08-11
SPX,5850.0,-12212492.834537003,19.84750643656019,0.0,0.0,0.0,0.0,0.0,0.0,7800.932309330873,7693.767690669128,7854.514618661745,7640.185381338256,SEP26,AUG26,2026-08-12,2026-09-18,7747.35,7705.975053873443,FOUND,WARN,UNKNOWN_SERIES;ESTIMATED_EXPIRY_ALIAS,2026-08-02.2,PUT_CALL_PARITY,AUG26,AUG26=PUT_CALL_PARITY;SEP26=PUT_CALL_PARITY;OCT26=PUT_CALL_PARITY;NOV26=PUT_CALL_PARITY;DEC26=PUT_CALL_PARITY;JUN27=PUT_CALL_PARITY;APR27=PUT_CALL_PARITY;MAR27=PUT_CALL_PARITY;FEB27=PUT_CALL_PARITY;JAN27=PUT_CALL_PARITY;MAY27=PUT_CALL_PARITY;JUL27=PUT_CALL_PARITY;SEP27=PUT_CALL_PARITY;AUG27=PUT_CALL_PARITY;DEC29=PUT_CALL_PARITY;DEC27=PUT_CALL_PARITY;MAR28=PUT_CALL_PARITY;DEC28=PUT_CALL_PARITY;DEC30=PUT_CALL_PARITY;JUN28=SERIES_FORWARD_CLUSTER,AUG26=7747.35;SEP26=7748.5;OCT26=7813;NOV26=7808.25;DEC26=7876.5;JUN27=8015.25;APR27=7959.5;MAR27=7945.5;FEB27=7879.75;JAN27=7881;MAY27=7963.25;JUL27=8043.875;SEP27=8077.25;AUG27=8051.75;DEC29=8676.5;DEC27=8103.75;MAR28=8179;DEC28=8373.25;DEC30=9151.75;JUN28=6427.25,NONE,WEIGHTED_ATM,2026-08-21,7,600,0.0,NONE,11513,11041,471,0,0,RTM,MDW;MMW;MRW;MTW,OK,NONE,NONE,2026-08-11
SPX,5875.0,-879.5983432783916,0.0014654737710167592,0.0,0.0,0.0,0.0,0.0,0.0,7800.932309330873,7693.767690669128,7854.514618661745,7640.185381338256,SEP26,AUG26,2026-08-12,2026-09-18,7747.35,7705.975053873443,FOUND,WARN,UNKNOWN_SERIES;ESTIMATED_EXPIRY_ALIAS,2026-08-02.2,PUT_CALL_PARITY,AUG26,AUG26=PUT_CALL_PARITY;SEP26=PUT_CALL_PARITY;OCT26=PUT_CALL_PARITY;NOV26=PUT_CALL_PARITY;DEC26=PUT_CALL_PARITY;JUN27=PUT_CALL_PARITY;APR27=PUT_CALL_PARITY;MAR27=PUT_CALL_PARITY;FEB27=PUT_CALL_PARITY;JAN27=PUT_CALL_PARITY;MAY27=PUT_CALL_PARITY;JUL27=PUT_CALL_PARITY;SEP27=PUT_CALL_PARITY;AUG27=PUT_CALL_PARITY;DEC29=PUT_CALL_PARITY;DEC27=PUT_CALL_PARITY;MAR28=PUT_CALL_PARITY;DEC28=PUT_CALL_PARITY;DEC30=PUT_CALL_PARITY;JUN28=SERIES_FORWARD_CLUSTER,AUG26=7747.35;SEP26=7748.5;OCT26=7813;NOV26=7808.25;DEC26=7876.5;JUN27=8015.25;APR27=7959.5;MAR27=7945.5;FEB27=7879.75;JAN27=7881;MAY27=7963.25;JUL27=8043.875;SEP27=8077.25;AUG27=8051.75;DEC29=8676.5;DEC27=8103.75;MAR28=8179;DEC28=8373.25;DEC30=9151.75;JUN28=6427.25,NONE,WEIGHTED_ATM,2026-08-21,7,600,0.0,NONE,11513,11041,471,0,0,RTM,MDW;MMW;MRW;MTW,OK,NONE,NONE,2026-08-11
SPX,5900.0,-19961921.62111032,32.59822346396024,0.0,0.0,0.0,0.0,0.0,0.0,7800.932309330873,7693.767690669128,7854.514618661745,7640.185381338256,SEP26,AUG26,2026-08-12,2026-09-18,7747.35,7705.975053873443,FOUND,WARN,UNKNOWN_SERIES;ESTIMATED_EXPIRY_ALIAS,2026-08-02.2,PUT_CALL_PARITY,AUG26,AUG26=PUT_CALL_PARITY;SEP26=PUT_CALL_PARITY;OCT26=PUT_CALL_PARITY;NOV26=PUT_CALL_PARITY;DEC26=PUT_CALL_PARITY;JUN27=PUT_CALL_PARITY;APR27=PUT_CALL_PARITY;MAR27=PUT_CALL_PARITY;FEB27=PUT_CALL_PARITY;JAN27=PUT_CALL_PARITY;MAY27=PUT_CALL_PARITY;JUL27=PUT_CALL_PARITY;SEP27=PUT_CALL_PARITY;AUG27=PUT_CALL_PARITY;DEC29=PUT_CALL_PARITY;DEC27=PUT_CALL_PARITY;MAR28=PUT_CALL_PARITY;DEC28=PUT_CALL_PARITY;DEC30=PUT_CALL_PARITY;JUN28=SERIES_FORWARD_CLUSTER,AUG26=7747.35;SEP26=7748.5;OCT26=7813;NOV26=7808.25;DEC26=7876.5;JUN27=8015.25;APR27=7959.5;MAR27=7945.5;FEB27=7879.75;JAN27=7881;MAY27=7963.25;JUL27=8043.875;SEP27=8077.25;AUG27=8051.75;DEC29=8676.5;DEC27=8103.75;MAR28=8179;DEC28=8373.25;DEC30=9151.75;JUN28=6427.25,NONE,WEIGHTED_ATM,2026-08-21,7,600,0.0,NONE,11513,11041,471,0,0,RTM,MDW;MMW;MRW;MTW,OK,NONE,NONE,2026-08-11
SPX,5925.0,-332162.07918692153,0.5532992480208143,0.0,0.0,0.0,0.0,0.0,0.0,7800.932309330873,7693.767690669128,7854.514618661745,7640.185381338256,SEP26,AUG26,2026-08-12,2026-09-18,7747.35,7705.975053873443,FOUND,WARN,UNKNOWN_SERIES;ESTIMATED_EXPIRY_ALIAS,2026-08-02.2,PUT_CALL_PARITY,AUG26,AUG26=PUT_CALL_PARITY;SEP26=PUT_CALL_PARITY;OCT26=PUT_CALL_PARITY;NOV26=PUT_CALL_PARITY;DEC26=PUT_CALL_PARITY;JUN27=PUT_CALL_PARITY;APR27=PUT_CALL_PARITY;MAR27=PUT_CALL_PARITY;FEB27=PUT_CALL_PARITY;JAN27=PUT_CALL_PARITY;MAY27=PUT_CALL_PARITY;JUL27=PUT_CALL_PARITY;SEP27=PUT_CALL_PARITY;AUG27=PUT_CALL_PARITY;DEC29=PUT_CALL_PARITY;DEC27=PUT_CALL_PARITY;MAR28=PUT_CALL_PARITY;DEC28=PUT_CALL_PARITY;DEC30=PUT_CALL_PARITY;JUN28=SERIES_FORWARD_CLUSTER,AUG26=7747.35;SEP26=7748.5;OCT26=7813;NOV26=7808.25;DEC26=7876.5;JUN27=8015.25;APR27=7959.5;MAR27=7945.5;FEB27=7879.75;JAN27=7881;MAY27=7963.25;JUL27=8043.875;SEP27=8077.25;AUG27=8051.75;DEC29=8676.5;DEC27=8103.75;MAR28=8179;DEC28=8373.25;DEC30=9151.75;JUN28=6427.25,NONE,WEIGHTED_ATM,2026-08-21,7,600,0.0,NONE,11513,11041,471,0,0,RTM,MDW;MMW;MRW;MTW,OK,NONE,NONE,2026-08-11
SPX,5950.0,-12663695.296501577,20.533030074944133,0.0,0.0,0.0,0.0,0.0,0.0,7800.932309330873,7693.767690669128,7854.514618661745,7640.185381338256,SEP26,AUG26,2026-08-12,2026-09-18,7747.35,7705.975053873443,FOUND,WARN,UNKNOWN_SERIES;ESTIMATED_EXPIRY_ALIAS,2026-08-02.2,PUT_CALL_PARITY,AUG26,AUG26=PUT_CALL_PARITY;SEP26=PUT_CALL_PARITY;OCT26=PUT_CALL_PARITY;NOV26=PUT_CALL_PARITY;DEC26=PUT_CALL_PARITY;JUN27=PUT_CALL_PARITY;APR27=PUT_CALL_PARITY;MAR27=PUT_CALL_PARITY;FEB27=PUT_CALL_PARITY;JAN27=PUT_CALL_PARITY;MAY27=PUT_CALL_PARITY;JUL27=PUT_CALL_PARITY;SEP27=PUT_CALL_PARITY;AUG27=PUT_CALL_PARITY;DEC29=PUT_CALL_PARITY;DEC27=PUT_CALL_PARITY;MAR28=PUT_CALL_PARITY;DEC28=PUT_CALL_PARITY;DEC30=PUT_CALL_PARITY;JUN28=SERIES_FORWARD_CLUSTER,AUG26=7747.35;SEP26=7748.5;OCT26=7813;NOV26=7808.25;DEC26=7876.5;JUN27=8015.25;APR27=7959.5;MAR27=7945.5;FEB27=7879.75;JAN27=7881;MAY27=7963.25;JUL27=8043.875;SEP27=8077.25;AUG27=8051.75;DEC29=8676.5;DEC27=8103.75;MAR28=8179;DEC28=8373.25;DEC30=9151.75;JUN28=6427.25,NONE,WEIGHTED_ATM,2026-08-21,7,600,0.0,NONE,11513,11041,471,0,0,RTM,MDW;MMW;MRW;MTW,OK,NONE,NONE,2026-08-11
SPX,5975.0,-827809.2343766068,1.3780635556801721,0.0,0.0,0.0,0.0,0.0,0.0,7800.932309330873,7693.767690669128,7854.514618661745,7640.185381338256,SEP26,AUG26,2026-08-12,2026-09-18,7747.35,7705.975053873443,FOUND,WARN,UNKNOWN_SERIES;ESTIMATED_EXPIRY_ALIAS,2026-08-02.2,PUT_CALL_PARITY,AUG26,AUG26=PUT_CALL_PARITY;SEP26=PUT_CALL_PARITY;OCT26=PUT_CALL_PARITY;NOV26=PUT_CALL_PARITY;DEC26=PUT_CALL_PARITY;JUN27=PUT_CALL_PARITY;APR27=PUT_CALL_PARITY;MAR27=PUT_CALL_PARITY;FEB27=PUT_CALL_PARITY;JAN27=PUT_CALL_PARITY;MAY27=PUT_CALL_PARITY;JUL27=PUT_CALL_PARITY;SEP27=PUT_CALL_PARITY;AUG27=PUT_CALL_PARITY;DEC29=PUT_CALL_PARITY;DEC27=PUT_CALL_PARITY;MAR28=PUT_CALL_PARITY;DEC28=PUT_CALL_PARITY;DEC30=PUT_CALL_PARITY;JUN28=SERIES_FORWARD_CLUSTER,AUG26=7747.35;SEP26=7748.5;OCT26=7813;NOV26=7808.25;DEC26=7876.5;JUN27=8015.25;APR27=7959.5;MAR27=7945.5;FEB27=7879.75;JAN27=7881;MAY27=7963.25;JUL27=8043.875;SEP27=8077.25;AUG27=8051.75;DEC29=8676.5;DEC27=8103.75;MAR28=8179;DEC28=8373.25;DEC30=9151.75;JUN28=6427.25,NONE,WEIGHTED_ATM,2026-08-21,7,600,0.0,NONE,11513,11041,471,0,0,RTM,MDW;MMW;MRW;MTW,OK,NONE,NONE,2026-08-11
SPX,6000.0,-73287531.21386385,126.33600908439074,0.0,0.0,0.0,0.0,0.0,0.0,7800.932309330873,7693.767690669128,7854.514618661745,7640.185381338256,SEP26,AUG26,2026-08-12,2026-09-18,7747.35,7705.975053873443,FOUND,WARN,UNKNOWN_SERIES;ESTIMATED_EXPIRY_ALIAS,2026-08-02.2,PUT_CALL_PARITY,AUG26,AUG26=PUT_CALL_PARITY;SEP26=PUT_CALL_PARITY;OCT26=PUT_CALL_PARITY;NOV26=PUT_CALL_PARITY;DEC26=PUT_CALL_PARITY;JUN27=PUT_CALL_PARITY;APR27=PUT_CALL_PARITY;MAR27=PUT_CALL_PARITY;FEB27=PUT_CALL_PARITY;JAN27=PUT_CALL_PARITY;MAY27=PUT_CALL_PARITY;JUL27=PUT_CALL_PARITY;SEP27=PUT_CALL_PARITY;AUG27=PUT_CALL_PARITY;DEC29=PUT_CALL_PARITY;DEC27=PUT_CALL_PARITY;MAR28=PUT_CALL_PARITY;DEC28=PUT_CALL_PARITY;DEC30=PUT_CALL_PARITY;JUN28=SERIES_FORWARD_CLUSTER,AUG26=7747.35;SEP26=7748.5;OCT26=7813;NOV26=7808.25;DEC26=7876.5;JUN27=8015.25;APR27=7959.5;MAR27=7945.5;FEB27=7879.75;JAN27=7881;MAY27=7963.25;JUL27=8043.875;SEP27=8077.25;AUG27=8051.75;DEC29=8676.5;DEC27=8103.75;MAR28=8179;DEC28=8373.25;DEC30=9151.75;JUN28=6427.25,NONE,WEIGHTED_ATM,2026-08-21,7,600,0.0,NONE,11513,11041,471,0,0,RTM,MDW;MMW;MRW;MTW,OK,NONE,NONE,2026-08-11
SPX,6025.0,-2828103.7286302447,4.710357939463796,0.0,0.0,0.0,0.0,0.0,0.0,7800.932309330873,7693.767690669128,7854.514618661745,7640.185381338256,SEP26,AUG26,2026-08-12,2026-09-18,7747.35,7705.975053873443,FOUND,WARN,UNKNOWN_SERIES;ESTIMATED_EXPIRY_ALIAS,2026-08-02.2,PUT_CALL_PARITY,AUG26,AUG26=PUT_CALL_PARITY;SEP26=PUT_CALL_PARITY;OCT26=PUT_CALL_PARITY;NOV26=PUT_CALL_PARITY;DEC26=PUT_CALL_PARITY;JUN27=PUT_CALL_PARITY;APR27=PUT_CALL_PARITY;MAR27=PUT_CALL_PARITY;FEB27=PUT_CALL_PARITY;JAN27=PUT_CALL_PARITY;MAY27=PUT_CALL_PARITY;JUL27=PUT_CALL_PARITY;SEP27=PUT_CALL_PARITY;AUG27=PUT_CALL_PARITY;DEC29=PUT_CALL_PARITY;DEC27=PUT_CALL_PARITY;MAR28=PUT_CALL_PARITY;DEC28=PUT_CALL_PARITY;DEC30=PUT_CALL_PARITY;JUN28=SERIES_FORWARD_CLUSTER,AUG26=7747.35;SEP26=7748.5;OCT26=7813;NOV26=7808.25;DEC26=7876.5;JUN27=8015.25;APR27=7959.5;MAR27=7945.5;FEB27=7879.75;JAN27=7881;MAY27=7963.25;JUL27=8043.875;SEP27=8077.25;AUG27=8051.75;DEC29=8676.5;DEC27=8103.75;MAR28=8179;DEC28=8373.25;DEC30=9151.75;JUN28=6427.25,NONE,WEIGHTED_ATM,2026-08-21,7,600,0.0,NONE,11513,11041,471,0,0,RTM,MDW;MMW;MRW;MTW,OK,NONE,NONE,2026-08-11
SPX,6050.0,-14446996.171577372,23.63560634170188,0.0,0.0,0.0,0.0,0.0,0.0,7800.932309330873,7693.767690669128,7854.514618661745,7640.185381338256,SEP26,AUG26,2026-08-12,2026-09-18,7747.35,7705.975053873443,FOUND,WARN,UNKNOWN_SERIES;ESTIMATED_EXPIRY_ALIAS,2026-08-02.2,PUT_CALL_PARITY,AUG26,AUG26=PUT_CALL_PARITY;SEP26=PUT_CALL_PARITY;OCT26=PUT_CALL_PARITY;NOV26=PUT_CALL_PARITY;DEC26=PUT_CALL_PARITY;JUN27=PUT_CALL_PARITY;APR27=PUT_CALL_PARITY;MAR27=PUT_CALL_PARITY;FEB27=PUT_CALL_PARITY;JAN27=PUT_CALL_PARITY;MAY27=PUT_CALL_PARITY;JUL27=PUT_CALL_PARITY;SEP27=PUT_CALL_PARITY;AUG27=PUT_CALL_PARITY;DEC29=PUT_CALL_PARITY;DEC27=PUT_CALL_PARITY;MAR28=PUT_CALL_PARITY;DEC28=PUT_CALL_PARITY;DEC30=PUT_CALL_PARITY;JUN28=SERIES_FORWARD_CLUSTER,AUG26=7747.35;SEP26=7748.5;OCT26=7813;NOV26=7808.25;DEC26=7876.5;JUN27=8015.25;APR27=7959.5;MAR27=7945.5;FEB27=7879.75;JAN27=7881;MAY27=7963.25;JUL27=8043.875;SEP27=8077.25;AUG27=8051.75;DEC29=8676.5;DEC27=8103.75;MAR28=8179;DEC28=8373.25;DEC30=9151.75;JUN28=6427.25,NONE,WEIGHTED_ATM,2026-08-21,7,600,0.0,NONE,11513,11041,471,0,0,RTM,MDW;MMW;MRW;MTW,OK,NONE,NONE,2026-08-11
SPX,6075.0,-1084193.3401515244,1.8040307232639499,0.0,0.0,0.0,0.0,0.0,0.0,7800.932309330873,7693.767690669128,7854.514618661745,7640.185381338256,SEP26,AUG26,2026-08-12,2026-09-18,7747.35,7705.975053873443,FOUND,WARN,UNKNOWN_SERIES;ESTIMATED_EXPIRY_ALIAS,2026-08-02.2,PUT_CALL_PARITY,AUG26,AUG26=PUT_CALL_PARITY;SEP26=PUT_CALL_PARITY;OCT26=PUT_CALL_PARITY;NOV26=PUT_CALL_PARITY;DEC26=PUT_CALL_PARITY;JUN27=PUT_CALL_PARITY;APR27=PUT_CALL_PARITY;MAR27=PUT_CALL_PARITY;FEB27=PUT_CALL_PARITY;JAN27=PUT_CALL_PARITY;MAY27=PUT_CALL_PARITY;JUL27=PUT_CALL_PARITY;SEP27=PUT_CALL_PARITY;AUG27=PUT_CALL_PARITY;DEC29=PUT_CALL_PARITY;DEC27=PUT_CALL_PARITY;MAR28=PUT_CALL_PARITY;DEC28=PUT_CALL_PARITY;DEC30=PUT_CALL_PARITY;JUN28=SERIES_FORWARD_CLUSTER,AUG26=7747.35;SEP26=7748.5;OCT26=7813;NOV26=7808.25;DEC26=7876.5;JUN27=8015.25;APR27=7959.5;MAR27=7945.5;FEB27=7879.75;JAN27=7881;MAY27=7963.25;JUL27=8043.875;SEP27=8077.25;AUG27=8051.75;DEC29=8676.5;DEC27=8103.75;MAR28=8179;DEC28=8373.25;DEC30=9151.75;JUN28=6427.25,NONE,WEIGHTED_ATM,2026-08-21,7,600,0.0,NONE,11513,11041,471,0,0,RTM,MDW;MMW;MRW;MTW,OK,NONE,NONE,2026-08-11
SPX,6100.0,-26404409.574159373,46.72751801974108,0.0,0.0,0.0,0.0,0.0,0.0,7800.932309330873,7693.767690669128,7854.514618661745,7640.185381338256,SEP26,AUG26,2026-08-12,2026-09-18,7747.35,7705.975053873443,FOUND,WARN,UNKNOWN_SERIES;ESTIMATED_EXPIRY_ALIAS,2026-08-02.2,PUT_CALL_PARITY,AUG26,AUG26=PUT_CALL_PARITY;SEP26=PUT_CALL_PARITY;OCT26=PUT_CALL_PARITY;NOV26=PUT_CALL_PARITY;DEC26=PUT_CALL_PARITY;JUN27=PUT_CALL_PARITY;APR27=PUT_CALL_PARITY;MAR27=PUT_CALL_PARITY;FEB27=PUT_CALL_PARITY;JAN27=PUT_CALL_PARITY;MAY27=PUT_CALL_PARITY;JUL27=PUT_CALL_PARITY;SEP27=PUT_CALL_PARITY;AUG27=PUT_CALL_PARITY;DEC29=PUT_CALL_PARITY;DEC27=PUT_CALL_PARITY;MAR28=PUT_CALL_PARITY;DEC28=PUT_CALL_PARITY;DEC30=PUT_CALL_PARITY;JUN28=SERIES_FORWARD_CLUSTER,AUG26=7747.35;SEP26=7748.5;OCT26=7813;NOV26=7808.25;DEC26=7876.5;JUN27=8015.25;APR27=7959.5;MAR27=7945.5;FEB27=7879.75;JAN27=7881;MAY27=7963.25;JUL27=8043.875;SEP27=8077.25;AUG27=8051.75;DEC29=8676.5;DEC27=8103.75;MAR28=8179;DEC28=8373.25;DEC30=9151.75;JUN28=6427.25,NONE,WEIGHTED_ATM,2026-08-21,7,600,0.0,NONE,11513,11041,471,0,0,RTM,MDW;MMW;MRW;MTW,OK,NONE,NONE,2026-08-11
SPX,6125.0,-1153364.678220804,1.918072730698207,0.0,0.0,0.0,0.0,0.0,0.0,7800.932309330873,7693.767690669128,7854.514618661745,7640.185381338256,SEP26,AUG26,2026-08-12,2026-09-18,7747.35,7705.975053873443,FOUND,WARN,UNKNOWN_SERIES;ESTIMATED_EXPIRY_ALIAS,2026-08-02.2,PUT_CALL_PARITY,AUG26,AUG26=PUT_CALL_PARITY;SEP26=PUT_CALL_PARITY;OCT26=PUT_CALL_PARITY;NOV26=PUT_CALL_PARITY;DEC26=PUT_CALL_PARITY;JUN27=PUT_CALL_PARITY;APR27=PUT_CALL_PARITY;MAR27=PUT_CALL_PARITY;FEB27=PUT_CALL_PARITY;JAN27=PUT_CALL_PARITY;MAY27=PUT_CALL_PARITY;JUL27=PUT_CALL_PARITY;SEP27=PUT_CALL_PARITY;AUG27=PUT_CALL_PARITY;DEC29=PUT_CALL_PARITY;DEC27=PUT_CALL_PARITY;MAR28=PUT_CALL_PARITY;DEC28=PUT_CALL_PARITY;DEC30=PUT_CALL_PARITY;JUN28=SERIES_FORWARD_CLUSTER,AUG26=7747.35;SEP26=7748.5;OCT26=7813;NOV26=7808.25;DEC26=7876.5;JUN27=8015.25;APR27=7959.5;MAR27=7945.5;FEB27=7879.75;JAN27=7881;MAY27=7963.25;JUL27=8043.875;SEP27=8077.25;AUG27=8051.75;DEC29=8676.5;DEC27=8103.75;MAR28=8179;DEC28=8373.25;DEC30=9151.75;JUN28=6427.25,NONE,WEIGHTED_ATM,2026-08-21,7,600,0.0,NONE,11513,11041,471,0,0,RTM,MDW;MMW;MRW;MTW,OK,NONE,NONE,2026-08-11
SPX,6150.0,-22373433.93242595,36.37485464236954,0.0,0.0,0.0,0.0,0.0,0.0,7800.932309330873,7693.767690669128,7854.514618661745,7640.185381338256,SEP26,AUG26,2026-08-12,2026-09-18,7747.35,7705.975053873443,FOUND,WARN,UNKNOWN_SERIES;ESTIMATED_EXPIRY_ALIAS,2026-08-02.2,PUT_CALL_PARITY,AUG26,AUG26=PUT_CALL_PARITY;SEP26=PUT_CALL_PARITY;OCT26=PUT_CALL_PARITY;NOV26=PUT_CALL_PARITY;DEC26=PUT_CALL_PARITY;JUN27=PUT_CALL_PARITY;APR27=PUT_CALL_PARITY;MAR27=PUT_CALL_PARITY;FEB27=PUT_CALL_PARITY;JAN27=PUT_CALL_PARITY;MAY27=PUT_CALL_PARITY;JUL27=PUT_CALL_PARITY;SEP27=PUT_CALL_PARITY;AUG27=PUT_CALL_PARITY;DEC29=PUT_CALL_PARITY;DEC27=PUT_CALL_PARITY;MAR28=PUT_CALL_PARITY;DEC28=PUT_CALL_PARITY;DEC30=PUT_CALL_PARITY;JUN28=SERIES_FORWARD_CLUSTER,AUG26=7747.35;SEP26=7748.5;OCT26=7813;NOV26=7808.25;DEC26=7876.5;JUN27=8015.25;APR27=7959.5;MAR27=7945.5;FEB27=7879.75;JAN27=7881;MAY27=7963.25;JUL27=8043.875;SEP27=8077.25;AUG27=8051.75;DEC29=8676.5;DEC27=8103.75;MAR28=8179;DEC28=8373.25;DEC30=9151.75;JUN28=6427.25,NONE,WEIGHTED_ATM,2026-08-21,7,600,0.0,NONE,11513,11041,471,0,0,RTM,MDW;MMW;MRW;MTW,OK,NONE,NONE,2026-08-11
SPX,6175.0,-1394094.151628544,2.3177932145821476,0.0,0.0,0.0,0.0,0.0,0.0,7800.932309330873,7693.767690669128,7854.514618661745,7640.185381338256,SEP26,AUG26,2026-08-12,2026-09-18,7747.35,7705.975053873443,FOUND,WARN,UNKNOWN_SERIES;ESTIMATED_EXPIRY_ALIAS,2026-08-02.2,PUT_CALL_PARITY,AUG26,AUG26=PUT_CALL_PARITY;SEP26=PUT_CALL_PARITY;OCT26=PUT_CALL_PARITY;NOV26=PUT_CALL_PARITY;DEC26=PUT_CALL_PARITY;JUN27=PUT_CALL_PARITY;APR27=PUT_CALL_PARITY;MAR27=PUT_CALL_PARITY;FEB27=PUT_CALL_PARITY;JAN27=PUT_CALL_PARITY;MAY27=PUT_CALL_PARITY;JUL27=PUT_CALL_PARITY;SEP27=PUT_CALL_PARITY;AUG27=PUT_CALL_PARITY;DEC29=PUT_CALL_PARITY;DEC27=PUT_CALL_PARITY;MAR28=PUT_CALL_PARITY;DEC28=PUT_CALL_PARITY;DEC30=PUT_CALL_PARITY;JUN28=SERIES_FORWARD_CLUSTER,AUG26=7747.35;SEP26=7748.5;OCT26=7813;NOV26=7808.25;DEC26=7876.5;JUN27=8015.25;APR27=7959.5;MAR27=7945.5;FEB27=7879.75;JAN27=7881;MAY27=7963.25;JUL27=8043.875;SEP27=8077.25;AUG27=8051.75;DEC29=8676.5;DEC27=8103.75;MAR28=8179;DEC28=8373.25;DEC30=9151.75;JUN28=6427.25,NONE,WEIGHTED_ATM,2026-08-21,7,600,0.0,NONE,11513,11041,471,0,0,RTM,MDW;MMW;MRW;MTW,OK,NONE,NONE,2026-08-11
SPX,6200.0,-69061570.25282523,112.75864143446162,0.0,0.0,0.0,0.0,0.0,0.0,7800.932309330873,7693.767690669128,7854.514618661745,7640.185381338256,SEP26,AUG26,2026-08-12,2026-09-18,7747.35,7705.975053873443,FOUND,WARN,UNKNOWN_SERIES;ESTIMATED_EXPIRY_ALIAS,2026-08-02.2,PUT_CALL_PARITY,AUG26,AUG26=PUT_CALL_PARITY;SEP26=PUT_CALL_PARITY;OCT26=PUT_CALL_PARITY;NOV26=PUT_CALL_PARITY;DEC26=PUT_CALL_PARITY;JUN27=PUT_CALL_PARITY;APR27=PUT_CALL_PARITY;MAR27=PUT_CALL_PARITY;FEB27=PUT_CALL_PARITY;JAN27=PUT_CALL_PARITY;MAY27=PUT_CALL_PARITY;JUL27=PUT_CALL_PARITY;SEP27=PUT_CALL_PARITY;AUG27=PUT_CALL_PARITY;DEC29=PUT_CALL_PARITY;DEC27=PUT_CALL_PARITY;MAR28=PUT_CALL_PARITY;DEC28=PUT_CALL_PARITY;DEC30=PUT_CALL_PARITY;JUN28=SERIES_FORWARD_CLUSTER,AUG26=7747.35;SEP26=7748.5;OCT26=7813;NOV26=7808.25;DEC26=7876.5;JUN27=8015.25;APR27=7959.5;MAR27=7945.5;FEB27=7879.75;JAN27=7881;MAY27=7963.25;JUL27=8043.875;SEP27=8077.25;AUG27=8051.75;DEC29=8676.5;DEC27=8103.75;MAR28=8179;DEC28=8373.25;DEC30=9151.75;JUN28=6427.25,NONE,WEIGHTED_ATM,2026-08-21,7,600,0.0,NONE,11513,11041,471,0,0,RTM,MDW;MMW;MRW;MTW,OK,NONE,NONE,2026-08-11
SPX,6210.0,-2144.198866497891,0.003572388718906445,0.0,0.0,0.0,0.0,0.0,0.0,7800.932309330873,7693.767690669128,7854.514618661745,7640.185381338256,SEP26,AUG26,2026-08-12,2026-09-18,7747.35,7705.975053873443,FOUND,WARN,UNKNOWN_SERIES;ESTIMATED_EXPIRY_ALIAS,2026-08-02.2,PUT_CALL_PARITY,AUG26,AUG26=PUT_CALL_PARITY;SEP26=PUT_CALL_PARITY;OCT26=PUT_CALL_PARITY;NOV26=PUT_CALL_PARITY;DEC26=PUT_CALL_PARITY;JUN27=PUT_CALL_PARITY;APR27=PUT_CALL_PARITY;MAR27=PUT_CALL_PARITY;FEB27=PUT_CALL_PARITY;JAN27=PUT_CALL_PARITY;MAY27=PUT_CALL_PARITY;JUL27=PUT_CALL_PARITY;SEP27=PUT_CALL_PARITY;AUG27=PUT_CALL_PARITY;DEC29=PUT_CALL_PARITY;DEC27=PUT_CALL_PARITY;MAR28=PUT_CALL_PARITY;DEC28=PUT_CALL_PARITY;DEC30=PUT_CALL_PARITY;JUN28=SERIES_FORWARD_CLUSTER,AUG26=7747.35;SEP26=7748.5;OCT26=7813;NOV26=7808.25;DEC26=7876.5;JUN27=8015.25;APR27=7959.5;MAR27=7945.5;FEB27=7879.75;JAN27=7881;MAY27=7963.25;JUL27=8043.875;SEP27=8077.25;AUG27=8051.75;DEC29=8676.5;DEC27=8103.75;MAR28=8179;DEC28=8373.25;DEC30=9151.75;JUN28=6427.25,NONE,WEIGHTED_ATM,2026-08-21,7,600,0.0,NONE,11513,11041,471,0,0,RTM,MDW;MMW;MRW;MTW,OK,NONE,NONE,2026-08-11
SPX,6220.0,-5603.594078876769,0.009335988646149216,0.0,0.0,0.0,0.0,0.0,0.0,7800.932309330873,7693.767690669128,7854.514618661745,7640.185381338256,SEP26,AUG26,2026-08-12,2026-09-18,7747.35,7705.975053873443,FOUND,WARN,UNKNOWN_SERIES;ESTIMATED_EXPIRY_ALIAS,2026-08-02.2,PUT_CALL_PARITY,AUG26,AUG26=PUT_CALL_PARITY;SEP26=PUT_CALL_PARITY;OCT26=PUT_CALL_PARITY;NOV26=PUT_CALL_PARITY;DEC26=PUT_CALL_PARITY;JUN27=PUT_CALL_PARITY;APR27=PUT_CALL_PARITY;MAR27=PUT_CALL_PARITY;FEB27=PUT_CALL_PARITY;JAN27=PUT_CALL_PARITY;MAY27=PUT_CALL_PARITY;JUL27=PUT_CALL_PARITY;SEP27=PUT_CALL_PARITY;AUG27=PUT_CALL_PARITY;DEC29=PUT_CALL_PARITY;DEC27=PUT_CALL_PARITY;MAR28=PUT_CALL_PARITY;DEC28=PUT_CALL_PARITY;DEC30=PUT_CALL_PARITY;JUN28=SERIES_FORWARD_CLUSTER,AUG26=7747.35;SEP26=7748.5;OCT26=7813;NOV26=7808.25;DEC26=7876.5;JUN27=8015.25;APR27=7959.5;MAR27=7945.5;FEB27=7879.75;JAN27=7881;MAY27=7963.25;JUL27=8043.875;SEP27=8077.25;AUG27=8051.75;DEC29=8676.5;DEC27=8103.75;MAR28=8179;DEC28=8373.25;DEC30=9151.75;JUN28=6427.25,NONE,WEIGHTED_ATM,2026-08-21,7,600,0.0,NONE,11513,11041,471,0,0,RTM,MDW;MMW;MRW;MTW,OK,NONE,NONE,2026-08-11
SPX,6225.0,-1177758.399363191,1.9537852609116018,0.0,0.0,0.0,0.0,0.0,0.0,7800.932309330873,7693.767690669128,7854.514618661745,7640.185381338256,SEP26,AUG26,2026-08-12,2026-09-18,7747.35,7705.975053873443,FOUND,WARN,UNKNOWN_SERIES;ESTIMATED_EXPIRY_ALIAS,2026-08-02.2,PUT_CALL_PARITY,AUG26,AUG26=PUT_CALL_PARITY;SEP26=PUT_CALL_PARITY;OCT26=PUT_CALL_PARITY;NOV26=PUT_CALL_PARITY;DEC26=PUT_CALL_PARITY;JUN27=PUT_CALL_PARITY;APR27=PUT_CALL_PARITY;MAR27=PUT_CALL_PARITY;FEB27=PUT_CALL_PARITY;JAN27=PUT_CALL_PARITY;MAY27=PUT_CALL_PARITY;JUL27=PUT_CALL_PARITY;SEP27=PUT_CALL_PARITY;AUG27=PUT_CALL_PARITY;DEC29=PUT_CALL_PARITY;DEC27=PUT_CALL_PARITY;MAR28=PUT_CALL_PARITY;DEC28=PUT_CALL_PARITY;DEC30=PUT_CALL_PARITY;JUN28=SERIES_FORWARD_CLUSTER,AUG26=7747.35;SEP26=7748.5;OCT26=7813;NOV26=7808.25;DEC26=7876.5;JUN27=8015.25;APR27=7959.5;MAR27=7945.5;FEB27=7879.75;JAN27=7881;MAY27=7963.25;JUL27=8043.875;SEP27=8077.25;AUG27=8051.75;DEC29=8676.5;DEC27=8103.75;MAR28=8179;DEC28=8373.25;DEC30=9151.75;JUN28=6427.25,NONE,WEIGHTED_ATM,2026-08-21,7,600,0.0,NONE,11513,11041,471,0,0,RTM,MDW;MMW;MRW;MTW,OK,NONE,NONE,2026-08-11
SPX,6230.0,-3837.7353888700945,0.006393941729733234,0.0,0.0,0.0,0.0,0.0,0.0,7800.932309330873,7693.767690669128,7854.514618661745,7640.185381338256,SEP26,AUG26,2026-08-12,2026-09-18,7747.35,7705.975053873443,FOUND,WARN,UNKNOWN_SERIES;ESTIMATED_EXPIRY_ALIAS,2026-08-02.2,PUT_CALL_PARITY,AUG26,AUG26=PUT_CALL_PARITY;SEP26=PUT_CALL_PARITY;OCT26=PUT_CALL_PARITY;NOV26=PUT_CALL_PARITY;DEC26=PUT_CALL_PARITY;JUN27=PUT_CALL_PARITY;APR27=PUT_CALL_PARITY;MAR27=PUT_CALL_PARITY;FEB27=PUT_CALL_PARITY;JAN27=PUT_CALL_PARITY;MAY27=PUT_CALL_PARITY;JUL27=PUT_CALL_PARITY;SEP27=PUT_CALL_PARITY;AUG27=PUT_CALL_PARITY;DEC29=PUT_CALL_PARITY;DEC27=PUT_CALL_PARITY;MAR28=PUT_CALL_PARITY;DEC28=PUT_CALL_PARITY;DEC30=PUT_CALL_PARITY;JUN28=SERIES_FORWARD_CLUSTER,AUG26=7747.35;SEP26=7748.5;OCT26=7813;NOV26=7808.25;DEC26=7876.5;JUN27=8015.25;APR27=7959.5;MAR27=7945.5;FEB27=7879.75;JAN27=7881;MAY27=7963.25;JUL27=8043.875;SEP27=8077.25;AUG27=8051.75;DEC29=8676.5;DEC27=8103.75;MAR28=8179;DEC28=8373.25;DEC30=9151.75;JUN28=6427.25,NONE,WEIGHTED_ATM,2026-08-21,7,600,0.0,NONE,11513,11041,471,0,0,RTM,MDW;MMW;MRW;MTW,OK,NONE,NONE,2026-08-11
SPX,6240.0,-2752.047340603067,0.00458510776545854,0.0,0.0,0.0,0.0,0.0,0.0,7800.932309330873,7693.767690669128,7854.514618661745,7640.185381338256,SEP26,AUG26,2026-08-12,2026-09-18,7747.35,7705.975053873443,FOUND,WARN,UNKNOWN_SERIES;ESTIMATED_EXPIRY_ALIAS,2026-08-02.2,PUT_CALL_PARITY,AUG26,AUG26=PUT_CALL_PARITY;SEP26=PUT_CALL_PARITY;OCT26=PUT_CALL_PARITY;NOV26=PUT_CALL_PARITY;DEC26=PUT_CALL_PARITY;JUN27=PUT_CALL_PARITY;APR27=PUT_CALL_PARITY;MAR27=PUT_CALL_PARITY;FEB27=PUT_CALL_PARITY;JAN27=PUT_CALL_PARITY;MAY27=PUT_CALL_PARITY;JUL27=PUT_CALL_PARITY;SEP27=PUT_CALL_PARITY;AUG27=PUT_CALL_PARITY;DEC29=PUT_CALL_PARITY;DEC27=PUT_CALL_PARITY;MAR28=PUT_CALL_PARITY;DEC28=PUT_CALL_PARITY;DEC30=PUT_CALL_PARITY;JUN28=SERIES_FORWARD_CLUSTER,AUG26=7747.35;SEP26=7748.5;OCT26=7813;NOV26=7808.25;DEC26=7876.5;JUN27=8015.25;APR27=7959.5;MAR27=7945.5;FEB27=7879.75;JAN27=7881;MAY27=7963.25;JUL27=8043.875;SEP27=8077.25;AUG27=8051.75;DEC29=8676.5;DEC27=8103.75;MAR28=8179;DEC28=8373.25;DEC30=9151.75;JUN28=6427.25,NONE,WEIGHTED_ATM,2026-08-21,7,600,0.0,NONE,11513,11041,471,0,0,RTM,MDW;MMW;MRW;MTW,OK,NONE,NONE,2026-08-11
SPX,6250.0,-38507138.284649126,62.822380878588774,0.0,0.0,0.0,0.0,0.0,0.0,7800.932309330873,7693.767690669128,7854.514618661745,7640.185381338256,SEP26,AUG26,2026-08-12,2026-09-18,7747.35,7705.975053873443,FOUND,WARN,UNKNOWN_SERIES;ESTIMATED_EXPIRY_ALIAS,2026-08-02.2,PUT_CALL_PARITY,AUG26,AUG26=PUT_CALL_PARITY;SEP26=PUT_CALL_PARITY;OCT26=PUT_CALL_PARITY;NOV26=PUT_CALL_PARITY;DEC26=PUT_CALL_PARITY;JUN27=PUT_CALL_PARITY;APR27=PUT_CALL_PARITY;MAR27=PUT_CALL_PARITY;FEB27=PUT_CALL_PARITY;JAN27=PUT_CALL_PARITY;MAY27=PUT_CALL_PARITY;JUL27=PUT_CALL_PARITY;SEP27=PUT_CALL_PARITY;AUG27=PUT_CALL_PARITY;DEC29=PUT_CALL_PARITY;DEC27=PUT_CALL_PARITY;MAR28=PUT_CALL_PARITY;DEC28=PUT_CALL_PARITY;DEC30=PUT_CALL_PARITY;JUN28=SERIES_FORWARD_CLUSTER,AUG26=7747.35;SEP26=7748.5;OCT26=7813;NOV26=7808.25;DEC26=7876.5;JUN27=8015.25;APR27=7959.5;MAR27=7945.5;FEB27=7879.75;JAN27=7881;MAY27=7963.25;JUL27=8043.875;SEP27=8077.25;AUG27=8051.75;DEC29=8676.5;DEC27=8103.75;MAR28=8179;DEC28=8373.25;DEC30=9151.75;JUN28=6427.25,NONE,WEIGHTED_ATM,2026-08-21,7,600,0.0,NONE,11513,11041,471,0,0,RTM,MDW;MMW;MRW;MTW,OK,NONE,NONE,2026-08-11
SPX,6260.0,-12959.116348042768,0.021590814999523558,0.0,0.0,0.0,0.0,0.0,0.0,7800.932309330873,7693.767690669128,7854.514618661745,7640.185381338256,SEP26,AUG26,2026-08-12,2026-09-18,7747.35,7705.975053873443,FOUND,WARN,UNKNOWN_SERIES;ESTIMATED_EXPIRY_ALIAS,2026-08-02.2,PUT_CALL_PARITY,AUG26,AUG26=PUT_CALL_PARITY;SEP26=PUT_CALL_PARITY;OCT26=PUT_CALL_PARITY;NOV26=PUT_CALL_PARITY;DEC26=PUT_CALL_PARITY;JUN27=PUT_CALL_PARITY;APR27=PUT_CALL_PARITY;MAR27=PUT_CALL_PARITY;FEB27=PUT_CALL_PARITY;JAN27=PUT_CALL_PARITY;MAY27=PUT_CALL_PARITY;JUL27=PUT_CALL_PARITY;SEP27=PUT_CALL_PARITY;AUG27=PUT_CALL_PARITY;DEC29=PUT_CALL_PARITY;DEC27=PUT_CALL_PARITY;MAR28=PUT_CALL_PARITY;DEC28=PUT_CALL_PARITY;DEC30=PUT_CALL_PARITY;JUN28=SERIES_FORWARD_CLUSTER,AUG26=7747.35;SEP26=7748.5;OCT26=7813;NOV26=7808.25;DEC26=7876.5;JUN27=8015.25;APR27=7959.5;MAR27=7945.5;FEB27=7879.75;JAN27=7881;MAY27=7963.25;JUL27=8043.875;SEP27=8077.25;AUG27=8051.75;DEC29=8676.5;DEC27=8103.75;MAR28=8179;DEC28=8373.25;DEC30=9151.75;JUN28=6427.25,NONE,WEIGHTED_ATM,2026-08-21,7,600,0.0,NONE,11513,11041,471,0,0,RTM,MDW;MMW;MRW;MTW,OK,NONE,NONE,2026-08-11
SPX,6270.0,-32827.5840590156,0.05469310370120735,0.0,0.0,0.0,0.0,0.0,0.0,7800.932309330873,7693.767690669128,7854.514618661745,7640.185381338256,SEP26,AUG26,2026-08-12,2026-09-18,7747.35,7705.975053873443,FOUND,WARN,UNKNOWN_SERIES;ESTIMATED_EXPIRY_ALIAS,2026-08-02.2,PUT_CALL_PARITY,AUG26,AUG26=PUT_CALL_PARITY;SEP26=PUT_CALL_PARITY;OCT26=PUT_CALL_PARITY;NOV26=PUT_CALL_PARITY;DEC26=PUT_CALL_PARITY;JUN27=PUT_CALL_PARITY;APR27=PUT_CALL_PARITY;MAR27=PUT_CALL_PARITY;FEB27=PUT_CALL_PARITY;JAN27=PUT_CALL_PARITY;MAY27=PUT_CALL_PARITY;JUL27=PUT_CALL_PARITY;SEP27=PUT_CALL_PARITY;AUG27=PUT_CALL_PARITY;DEC29=PUT_CALL_PARITY;DEC27=PUT_CALL_PARITY;MAR28=PUT_CALL_PARITY;DEC28=PUT_CALL_PARITY;DEC30=PUT_CALL_PARITY;JUN28=SERIES_FORWARD_CLUSTER,AUG26=7747.35;SEP26=7748.5;OCT26=7813;NOV26=7808.25;DEC26=7876.5;JUN27=8015.25;APR27=7959.5;MAR27=7945.5;FEB27=7879.75;JAN27=7881;MAY27=7963.25;JUL27=8043.875;SEP27=8077.25;AUG27=8051.75;DEC29=8676.5;DEC27=8103.75;MAR28=8179;DEC28=8373.25;DEC30=9151.75;JUN28=6427.25,NONE,WEIGHTED_ATM,2026-08-21,7,600,0.0,NONE,11513,11041,471,0,0,RTM,MDW;MMW;MRW;MTW,OK,NONE,NONE,2026-08-11
SPX,6275.0,-1311181.3414423133,2.178286357732912,0.0,0.0,0.0,0.0,0.0,0.0,7800.932309330873,7693.767690669128,7854.514618661745,7640.185381338256,SEP26,AUG26,2026-08-12,2026-09-18,7747.35,7705.975053873443,FOUND,WARN,UNKNOWN_SERIES;ESTIMATED_EXPIRY_ALIAS,2026-08-02.2,PUT_CALL_PARITY,AUG26,AUG26=PUT_CALL_PARITY;SEP26=PUT_CALL_PARITY;OCT26=PUT_CALL_PARITY;NOV26=PUT_CALL_PARITY;DEC26=PUT_CALL_PARITY;JUN27=PUT_CALL_PARITY;APR27=PUT_CALL_PARITY;MAR27=PUT_CALL_PARITY;FEB27=PUT_CALL_PARITY;JAN27=PUT_CALL_PARITY;MAY27=PUT_CALL_PARITY;JUL27=PUT_CALL_PARITY;SEP27=PUT_CALL_PARITY;AUG27=PUT_CALL_PARITY;DEC29=PUT_CALL_PARITY;DEC27=PUT_CALL_PARITY;MAR28=PUT_CALL_PARITY;DEC28=PUT_CALL_PARITY;DEC30=PUT_CALL_PARITY;JUN28=SERIES_FORWARD_CLUSTER,AUG26=7747.35;SEP26=7748.5;OCT26=7813;NOV26=7808.25;DEC26=7876.5;JUN27=8015.25;APR27=7959.5;MAR27=7945.5;FEB27=7879.75;JAN27=7881;MAY27=7963.25;JUL27=8043.875;SEP27=8077.25;AUG27=8051.75;DEC29=8676.5;DEC27=8103.75;MAR28=8179;DEC28=8373.25;DEC30=9151.75;JUN28=6427.25,NONE,WEIGHTED_ATM,2026-08-21,7,600,0.0,NONE,11513,11041,471,0,0,RTM,MDW;MMW;MRW;MTW,OK,NONE,NONE,2026-08-11
SPX,6280.0,-8978.18387153302,0.014958296676706083,0.0,0.0,0.0,0.0,0.0,0.0,7800.932309330873,7693.767690669128,7854.514618661745,7640.185381338256,SEP26,AUG26,2026-08-12,2026-09-18,7747.35,7705.975053873443,FOUND,WARN,UNKNOWN_SERIES;ESTIMATED_EXPIRY_ALIAS,2026-08-02.2,PUT_CALL_PARITY,AUG26,AUG26=PUT_CALL_PARITY;SEP26=PUT_CALL_PARITY;OCT26=PUT_CALL_PARITY;NOV26=PUT_CALL_PARITY;DEC26=PUT_CALL_PARITY;JUN27=PUT_CALL_PARITY;APR27=PUT_CALL_PARITY;MAR27=PUT_CALL_PARITY;FEB27=PUT_CALL_PARITY;JAN27=PUT_CALL_PARITY;MAY27=PUT_CALL_PARITY;JUL27=PUT_CALL_PARITY;SEP27=PUT_CALL_PARITY;AUG27=PUT_CALL_PARITY;DEC29=PUT_CALL_PARITY;DEC27=PUT_CALL_PARITY;MAR28=PUT_CALL_PARITY;DEC28=PUT_CALL_PARITY;DEC30=PUT_CALL_PARITY;JUN28=SERIES_FORWARD_CLUSTER,AUG26=7747.35;SEP26=7748.5;OCT26=7813;NOV26=7808.25;DEC26=7876.5;JUN27=8015.25;APR27=7959.5;MAR27=7945.5;FEB27=7879.75;JAN27=7881;MAY27=7963.25;JUL27=8043.875;SEP27=8077.25;AUG27=8051.75;DEC29=8676.5;DEC27=8103.75;MAR28=8179;DEC28=8373.25;DEC30=9151.75;JUN28=6427.25,NONE,WEIGHTED_ATM,2026-08-21,7,600,0.0,NONE,11513,11041,471,0,0,RTM,MDW;MMW;MRW;MTW,OK,NONE,NONE,2026-08-11
SPX,6290.0,-87.4936868505934,0.00014577074205392995,0.0,0.0,0.0,0.0,0.0,0.0,7800.932309330873,7693.767690669128,7854.514618661745,7640.185381338256,SEP26,AUG26,2026-08-12,2026-09-18,7747.35,7705.975053873443,FOUND,WARN,UNKNOWN_SERIES;ESTIMATED_EXPIRY_ALIAS,2026-08-02.2,PUT_CALL_PARITY,AUG26,AUG26=PUT_CALL_PARITY;SEP26=PUT_CALL_PARITY;OCT26=PUT_CALL_PARITY;NOV26=PUT_CALL_PARITY;DEC26=PUT_CALL_PARITY;JUN27=PUT_CALL_PARITY;APR27=PUT_CALL_PARITY;MAR27=PUT_CALL_PARITY;FEB27=PUT_CALL_PARITY;JAN27=PUT_CALL_PARITY;MAY27=PUT_CALL_PARITY;JUL27=PUT_CALL_PARITY;SEP27=PUT_CALL_PARITY;AUG27=PUT_CALL_PARITY;DEC29=PUT_CALL_PARITY;DEC27=PUT_CALL_PARITY;MAR28=PUT_CALL_PARITY;DEC28=PUT_CALL_PARITY;DEC30=PUT_CALL_PARITY;JUN28=SERIES_FORWARD_CLUSTER,AUG26=7747.35;SEP26=7748.5;OCT26=7813;NOV26=7808.25;DEC26=7876.5;JUN27=8015.25;APR27=7959.5;MAR27=7945.5;FEB27=7879.75;JAN27=7881;MAY27=7963.25;JUL27=8043.875;SEP27=8077.25;AUG27=8051.75;DEC29=8676.5;DEC27=8103.75;MAR28=8179;DEC28=8373.25;DEC30=9151.75;JUN28=6427.25,NONE,WEIGHTED_ATM,2026-08-21,7,600,0.0,NONE,11513,11041,471,0,0,RTM,MDW;MMW;MRW;MTW,OK,NONE,NONE,2026-08-11
SPX,6300.0,-75268245.31025457,125.97992160638293,0.0,0.0,0.0,0.0,0.0,0.0,7800.932309330873,7693.767690669128,7854.514618661745,7640.185381338256,SEP26,AUG26,2026-08-12,2026-09-18,7747.35,7705.975053873443,FOUND,WARN,UNKNOWN_SERIES;ESTIMATED_EXPIRY_ALIAS,2026-08-02.2,PUT_CALL_PARITY,AUG26,AUG26=PUT_CALL_PARITY;SEP26=PUT_CALL_PARITY;OCT26=PUT_CALL_PARITY;NOV26=PUT_CALL_PARITY;DEC26=PUT_CALL_PARITY;JUN27=PUT_CALL_PARITY;APR27=PUT_CALL_PARITY;MAR27=PUT_CALL_PARITY;FEB27=PUT_CALL_PARITY;JAN27=PUT_CALL_PARITY;MAY27=PUT_CALL_PARITY;JUL27=PUT_CALL_PARITY;SEP27=PUT_CALL_PARITY;AUG27=PUT_CALL_PARITY;DEC29=PUT_CALL_PARITY;DEC27=PUT_CALL_PARITY;MAR28=PUT_CALL_PARITY;DEC28=PUT_CALL_PARITY;DEC30=PUT_CALL_PARITY;JUN28=SERIES_FORWARD_CLUSTER,AUG26=7747.35;SEP26=7748.5;OCT26=7813;NOV26=7808.25;DEC26=7876.5;JUN27=8015.25;APR27=7959.5;MAR27=7945.5;FEB27=7879.75;JAN27=7881;MAY27=7963.25;JUL27=8043.875;SEP27=8077.25;AUG27=8051.75;DEC29=8676.5;DEC27=8103.75;MAR28=8179;DEC28=8373.25;DEC30=9151.75;JUN28=6427.25,NONE,WEIGHTED_ATM,2026-08-21,7,600,0.0,NONE,11513,11041,471,0,0,RTM,MDW;MMW;MRW;MTW,OK,NONE,NONE,2026-08-11
SPX,6310.0,-6482.7838975064915,0.010800781785873277,0.0,0.0,0.0,0.0,0.0,0.0,7800.932309330873,7693.767690669128,7854.514618661745,7640.185381338256,SEP26,AUG26,2026-08-12,2026-09-18,7747.35,7705.975053873443,FOUND,WARN,UNKNOWN_SERIES;ESTIMATED_EXPIRY_ALIAS,2026-08-02.2,PUT_CALL_PARITY,AUG26,AUG26=PUT_CALL_PARITY;SEP26=PUT_CALL_PARITY;OCT26=PUT_CALL_PARITY;NOV26=PUT_CALL_PARITY;DEC26=PUT_CALL_PARITY;JUN27=PUT_CALL_PARITY;APR27=PUT_CALL_PARITY;MAR27=PUT_CALL_PARITY;FEB27=PUT_CALL_PARITY;JAN27=PUT_CALL_PARITY;MAY27=PUT_CALL_PARITY;JUL27=PUT_CALL_PARITY;SEP27=PUT_CALL_PARITY;AUG27=PUT_CALL_PARITY;DEC29=PUT_CALL_PARITY;DEC27=PUT_CALL_PARITY;MAR28=PUT_CALL_PARITY;DEC28=PUT_CALL_PARITY;DEC30=PUT_CALL_PARITY;JUN28=SERIES_FORWARD_CLUSTER,AUG26=7747.35;SEP26=7748.5;OCT26=7813;NOV26=7808.25;DEC26=7876.5;JUN27=8015.25;APR27=7959.5;MAR27=7945.5;FEB27=7879.75;JAN27=7881;MAY27=7963.25;JUL27=8043.875;SEP27=8077.25;AUG27=8051.75;DEC29=8676.5;DEC27=8103.75;MAR28=8179;DEC28=8373.25;DEC30=9151.75;JUN28=6427.25,NONE,WEIGHTED_ATM,2026-08-21,7,600,0.0,NONE,11513,11041,471,0,0,RTM,MDW;MMW;MRW;MTW,OK,NONE,NONE,2026-08-11
SPX,6320.0,-3060.726459816531,0.005099389262604012,0.0,0.0,0.0,0.0,0.0,0.0,7800.932309330873,7693.767690669128,7854.514618661745,7640.185381338256,SEP26,AUG26,2026-08-12,2026-09-18,7747.35,7705.975053873443,FOUND,WARN,UNKNOWN_SERIES;ESTIMATED_EXPIRY_ALIAS,2026-08-02.2,PUT_CALL_PARITY,AUG26,AUG26=PUT_CALL_PARITY;SEP26=PUT_CALL_PARITY;OCT26=PUT_CALL_PARITY;NOV26=PUT_CALL_PARITY;DEC26=PUT_CALL_PARITY;JUN27=PUT_CALL_PARITY;APR27=PUT_CALL_PARITY;MAR27=PUT_CALL_PARITY;FEB27=PUT_CALL_PARITY;JAN27=PUT_CALL_PARITY;MAY27=PUT_CALL_PARITY;JUL27=PUT_CALL_PARITY;SEP27=PUT_CALL_PARITY;AUG27=PUT_CALL_PARITY;DEC29=PUT_CALL_PARITY;DEC27=PUT_CALL_PARITY;MAR28=PUT_CALL_PARITY;DEC28=PUT_CALL_PARITY;DEC30=PUT_CALL_PARITY;JUN28=SERIES_FORWARD_CLUSTER,AUG26=7747.35;SEP26=7748.5;OCT26=7813;NOV26=7808.25;DEC26=7876.5;JUN27=8015.25;APR27=7959.5;MAR27=7945.5;FEB27=7879.75;JAN27=7881;MAY27=7963.25;JUL27=8043.875;SEP27=8077.25;AUG27=8051.75;DEC29=8676.5;DEC27=8103.75;MAR28=8179;DEC28=8373.25;DEC30=9151.75;JUN28=6427.25,NONE,WEIGHTED_ATM,2026-08-21,7,600,0.0,NONE,11513,11041,471,0,0,RTM,MDW;MMW;MRW;MTW,OK,NONE,NONE,2026-08-11
SPX,6325.0,-1650314.6556443116,2.740694242164025,0.0,0.0,0.0,0.0,0.0,0.0,7800.932309330873,7693.767690669128,7854.514618661745,7640.185381338256,SEP26,AUG26,2026-08-12,2026-09-18,7747.35,7705.975053873443,FOUND,WARN,UNKNOWN_SERIES;ESTIMATED_EXPIRY_ALIAS,2026-08-02.2,PUT_CALL_PARITY,AUG26,AUG26=PUT_CALL_PARITY;SEP26=PUT_CALL_PARITY;OCT26=PUT_CALL_PARITY;NOV26=PUT_CALL_PARITY;DEC26=PUT_CALL_PARITY;JUN27=PUT_CALL_PARITY;APR27=PUT_CALL_PARITY;MAR27=PUT_CALL_PARITY;FEB27=PUT_CALL_PARITY;JAN27=PUT_CALL_PARITY;MAY27=PUT_CALL_PARITY;JUL27=PUT_CALL_PARITY;SEP27=PUT_CALL_PARITY;AUG27=PUT_CALL_PARITY;DEC29=PUT_CALL_PARITY;DEC27=PUT_CALL_PARITY;MAR28=PUT_CALL_PARITY;DEC28=PUT_CALL_PARITY;DEC30=PUT_CALL_PARITY;JUN28=SERIES_FORWARD_CLUSTER,AUG26=7747.35;SEP26=7748.5;OCT26=7813;NOV26=7808.25;DEC26=7876.5;JUN27=8015.25;APR27=7959.5;MAR27=7945.5;FEB27=7879.75;JAN27=7881;MAY27=7963.25;JUL27=8043.875;SEP27=8077.25;AUG27=8051.75;DEC29=8676.5;DEC27=8103.75;MAR28=8179;DEC28=8373.25;DEC30=9151.75;JUN28=6427.25,NONE,WEIGHTED_ATM,2026-08-21,7,600,0.0,NONE,11513,11041,471,0,0,RTM,MDW;MMW;MRW;MTW,OK,NONE,NONE,2026-08-11
SPX,6330.0,-4419.571687859629,0.0073633226314941645,0.0,0.0,0.0,0.0,0.0,0.0,7800.932309330873,7693.767690669128,7854.514618661745,7640.185381338256,SEP26,AUG26,2026-08-12,2026-09-18,7747.35,7705.975053873443,FOUND,WARN,UNKNOWN_SERIES;ESTIMATED_EXPIRY_ALIAS,2026-08-02.2,PUT_CALL_PARITY,AUG26,AUG26=PUT_CALL_PARITY;SEP26=PUT_CALL_PARITY;OCT26=PUT_CALL_PARITY;NOV26=PUT_CALL_PARITY;DEC26=PUT_CALL_PARITY;JUN27=PUT_CALL_PARITY;APR27=PUT_CALL_PARITY;MAR27=PUT_CALL_PARITY;FEB27=PUT_CALL_PARITY;JAN27=PUT_CALL_PARITY;MAY27=PUT_CALL_PARITY;JUL27=PUT_CALL_PARITY;SEP27=PUT_CALL_PARITY;AUG27=PUT_CALL_PARITY;DEC29=PUT_CALL_PARITY;DEC27=PUT_CALL_PARITY;MAR28=PUT_CALL_PARITY;DEC28=PUT_CALL_PARITY;DEC30=PUT_CALL_PARITY;JUN28=SERIES_FORWARD_CLUSTER,AUG26=7747.35;SEP26=7748.5;OCT26=7813;NOV26=7808.25;DEC26=7876.5;JUN27=8015.25;APR27=7959.5;MAR27=7945.5;FEB27=7879.75;JAN27=7881;MAY27=7963.25;JUL27=8043.875;SEP27=8077.25;AUG27=8051.75;DEC29=8676.5;DEC27=8103.75;MAR28=8179;DEC28=8373.25;DEC30=9151.75;JUN28=6427.25,NONE,WEIGHTED_ATM,2026-08-21,7,600,0.0,NONE,11513,11041,471,0,0,RTM,MDW;MMW;MRW;MTW,OK,NONE,NONE,2026-08-11
SPX,6340.0,-4487.483931352101,0.007476469287953501,0.0,0.0,0.0,0.0,0.0,0.0,7800.932309330873,7693.767690669128,7854.514618661745,7640.185381338256,SEP26,AUG26,2026-08-12,2026-09-18,7747.35,7705.975053873443,FOUND,WARN,UNKNOWN_SERIES;ESTIMATED_EXPIRY_ALIAS,2026-08-02.2,PUT_CALL_PARITY,AUG26,AUG26=PUT_CALL_PARITY;SEP26=PUT_CALL_PARITY;OCT26=PUT_CALL_PARITY;NOV26=PUT_CALL_PARITY;DEC26=PUT_CALL_PARITY;JUN27=PUT_CALL_PARITY;APR27=PUT_CALL_PARITY;MAR27=PUT_CALL_PARITY;FEB27=PUT_CALL_PARITY;JAN27=PUT_CALL_PARITY;MAY27=PUT_CALL_PARITY;JUL27=PUT_CALL_PARITY;SEP27=PUT_CALL_PARITY;AUG27=PUT_CALL_PARITY;DEC29=PUT_CALL_PARITY;DEC27=PUT_CALL_PARITY;MAR28=PUT_CALL_PARITY;DEC28=PUT_CALL_PARITY;DEC30=PUT_CALL_PARITY;JUN28=SERIES_FORWARD_CLUSTER,AUG26=7747.35;SEP26=7748.5;OCT26=7813;NOV26=7808.25;DEC26=7876.5;JUN27=8015.25;APR27=7959.5;MAR27=7945.5;FEB27=7879.75;JAN27=7881;MAY27=7963.25;JUL27=8043.875;SEP27=8077.25;AUG27=8051.75;DEC29=8676.5;DEC27=8103.75;MAR28=8179;DEC28=8373.25;DEC30=9151.75;JUN28=6427.25,NONE,WEIGHTED_ATM,2026-08-21,7,600,0.0,NONE,11513,11041,471,0,0,RTM,MDW;MMW;MRW;MTW,OK,NONE,NONE,2026-08-11
SPX,6350.0,-28239913.56293391,46.55577816233998,0.0,0.0,0.0,0.0,0.0,0.0,7800.932309330873,7693.767690669128,7854.514618661745,7640.185381338256,SEP26,AUG26,2026-08-12,2026-09-18,7747.35,7705.975053873443,FOUND,WARN,UNKNOWN_SERIES;ESTIMATED_EXPIRY_ALIAS,2026-08-02.2,PUT_CALL_PARITY,AUG26,AUG26=PUT_CALL_PARITY;SEP26=PUT_CALL_PARITY;OCT26=PUT_CALL_PARITY;NOV26=PUT_CALL_PARITY;DEC26=PUT_CALL_PARITY;JUN27=PUT_CALL_PARITY;APR27=PUT_CALL_PARITY;MAR27=PUT_CALL_PARITY;FEB27=PUT_CALL_PARITY;JAN27=PUT_CALL_PARITY;MAY27=PUT_CALL_PARITY;JUL27=PUT_CALL_PARITY;SEP27=PUT_CALL_PARITY;AUG27=PUT_CALL_PARITY;DEC29=PUT_CALL_PARITY;DEC27=PUT_CALL_PARITY;MAR28=PUT_CALL_PARITY;DEC28=PUT_CALL_PARITY;DEC30=PUT_CALL_PARITY;JUN28=SERIES_FORWARD_CLUSTER,AUG26=7747.35;SEP26=7748.5;OCT26=7813;NOV26=7808.25;DEC26=7876.5;JUN27=8015.25;APR27=7959.5;MAR27=7945.5;FEB27=7879.75;JAN27=7881;MAY27=7963.25;JUL27=8043.875;SEP27=8077.25;AUG27=8051.75;DEC29=8676.5;DEC27=8103.75;MAR28=8179;DEC28=8373.25;DEC30=9151.75;JUN28=6427.25,NONE,WEIGHTED_ATM,2026-08-21,7,600,0.0,NONE,11513,11041,471,0,0,RTM,MDW;MMW;MRW;MTW,OK,NONE,NONE,2026-08-11
SPX,6360.0,-807.8282753147738,0.0013458997029793395,0.0,0.0,0.0,0.0,0.0,0.0,7800.932309330873,7693.767690669128,7854.514618661745,7640.185381338256,SEP26,AUG26,2026-08-12,2026-09-18,7747.35,7705.975053873443,FOUND,WARN,UNKNOWN_SERIES;ESTIMATED_EXPIRY_ALIAS,2026-08-02.2,PUT_CALL_PARITY,AUG26,AUG26=PUT_CALL_PARITY;SEP26=PUT_CALL_PARITY;OCT26=PUT_CALL_PARITY;NOV26=PUT_CALL_PARITY;DEC26=PUT_CALL_PARITY;JUN27=PUT_CALL_PARITY;APR27=PUT_CALL_PARITY;MAR27=PUT_CALL_PARITY;FEB27=PUT_CALL_PARITY;JAN27=PUT_CALL_PARITY;MAY27=PUT_CALL_PARITY;JUL27=PUT_CALL_PARITY;SEP27=PUT_CALL_PARITY;AUG27=PUT_CALL_PARITY;DEC29=PUT_CALL_PARITY;DEC27=PUT_CALL_PARITY;MAR28=PUT_CALL_PARITY;DEC28=PUT_CALL_PARITY;DEC30=PUT_CALL_PARITY;JUN28=SERIES_FORWARD_CLUSTER,AUG26=7747.35;SEP26=7748.5;OCT26=7813;NOV26=7808.25;DEC26=7876.5;JUN27=8015.25;APR27=7959.5;MAR27=7945.5;FEB27=7879.75;JAN27=7881;MAY27=7963.25;JUL27=8043.875;SEP27=8077.25;AUG27=8051.75;DEC29=8676.5;DEC27=8103.75;MAR28=8179;DEC28=8373.25;DEC30=9151.75;JUN28=6427.25,NONE,WEIGHTED_ATM,2026-08-21,7,600,0.0,NONE,11513,11041,471,0,0,RTM,MDW;MMW;MRW;MTW,OK,NONE,NONE,2026-08-11
SPX,6370.0,-916.837158697273,0.001527516301766312,0.0,0.0,0.0,0.0,0.0,0.0,7800.932309330873,7693.767690669128,7854.514618661745,7640.185381338256,SEP26,AUG26,2026-08-12,2026-09-18,7747.35,7705.975053873443,FOUND,WARN,UNKNOWN_SERIES;ESTIMATED_EXPIRY_ALIAS,2026-08-02.2,PUT_CALL_PARITY,AUG26,AUG26=PUT_CALL_PARITY;SEP26=PUT_CALL_PARITY;OCT26=PUT_CALL_PARITY;NOV26=PUT_CALL_PARITY;DEC26=PUT_CALL_PARITY;JUN27=PUT_CALL_PARITY;APR27=PUT_CALL_PARITY;MAR27=PUT_CALL_PARITY;FEB27=PUT_CALL_PARITY;JAN27=PUT_CALL_PARITY;MAY27=PUT_CALL_PARITY;JUL27=PUT_CALL_PARITY;SEP27=PUT_CALL_PARITY;AUG27=PUT_CALL_PARITY;DEC29=PUT_CALL_PARITY;DEC27=PUT_CALL_PARITY;MAR28=PUT_CALL_PARITY;DEC28=PUT_CALL_PARITY;DEC30=PUT_CALL_PARITY;JUN28=SERIES_FORWARD_CLUSTER,AUG26=7747.35;SEP26=7748.5;OCT26=7813;NOV26=7808.25;DEC26=7876.5;JUN27=8015.25;APR27=7959.5;MAR27=7945.5;FEB27=7879.75;JAN27=7881;MAY27=7963.25;JUL27=8043.875;SEP27=8077.25;AUG27=8051.75;DEC29=8676.5;DEC27=8103.75;MAR28=8179;DEC28=8373.25;DEC30=9151.75;JUN28=6427.25,NONE,WEIGHTED_ATM,2026-08-21,7,600,0.0,NONE,11513,11041,471,0,0,RTM,MDW;MMW;MRW;MTW,OK,NONE,NONE,2026-08-11
SPX,6375.0,-2789825.4832883333,4.6418884130872335,0.0,0.0,0.0,0.0,0.0,0.0,7800.932309330873,7693.767690669128,7854.514618661745,7640.185381338256,SEP26,AUG26,2026-08-12,2026-09-18,7747.35,7705.975053873443,FOUND,WARN,UNKNOWN_SERIES;ESTIMATED_EXPIRY_ALIAS,2026-08-02.2,PUT_CALL_PARITY,AUG26,AUG26=PUT_CALL_PARITY;SEP26=PUT_CALL_PARITY;OCT26=PUT_CALL_PARITY;NOV26=PUT_CALL_PARITY;DEC26=PUT_CALL_PARITY;JUN27=PUT_CALL_PARITY;APR27=PUT_CALL_PARITY;MAR27=PUT_CALL_PARITY;FEB27=PUT_CALL_PARITY;JAN27=PUT_CALL_PARITY;MAY27=PUT_CALL_PARITY;JUL27=PUT_CALL_PARITY;SEP27=PUT_CALL_PARITY;AUG27=PUT_CALL_PARITY;DEC29=PUT_CALL_PARITY;DEC27=PUT_CALL_PARITY;MAR28=PUT_CALL_PARITY;DEC28=PUT_CALL_PARITY;DEC30=PUT_CALL_PARITY;JUN28=SERIES_FORWARD_CLUSTER,AUG26=7747.35;SEP26=7748.5;OCT26=7813;NOV26=7808.25;DEC26=7876.5;JUN27=8015.25;APR27=7959.5;MAR27=7945.5;FEB27=7879.75;JAN27=7881;MAY27=7963.25;JUL27=8043.875;SEP27=8077.25;AUG27=8051.75;DEC29=8676.5;DEC27=8103.75;MAR28=8179;DEC28=8373.25;DEC30=9151.75;JUN28=6427.25,NONE,WEIGHTED_ATM,2026-08-21,7,600,0.0,NONE,11513,11041,471,0,0,RTM,MDW;MMW;MRW;MTW,OK,NONE,NONE,2026-08-11
SPX,6380.0,-80615.15607768056,0.13431061765980634,0.0,0.0,0.0,0.0,0.0,0.0,7800.932309330873,7693.767690669128,7854.514618661745,7640.185381338256,SEP26,AUG26,2026-08-12,2026-09-18,7747.35,7705.975053873443,FOUND,WARN,UNKNOWN_SERIES;ESTIMATED_EXPIRY_ALIAS,2026-08-02.2,PUT_CALL_PARITY,AUG26,AUG26=PUT_CALL_PARITY;SEP26=PUT_CALL_PARITY;OCT26=PUT_CALL_PARITY;NOV26=PUT_CALL_PARITY;DEC26=PUT_CALL_PARITY;JUN27=PUT_CALL_PARITY;APR27=PUT_CALL_PARITY;MAR27=PUT_CALL_PARITY;FEB27=PUT_CALL_PARITY;JAN27=PUT_CALL_PARITY;MAY27=PUT_CALL_PARITY;JUL27=PUT_CALL_PARITY;SEP27=PUT_CALL_PARITY;AUG27=PUT_CALL_PARITY;DEC29=PUT_CALL_PARITY;DEC27=PUT_CALL_PARITY;MAR28=PUT_CALL_PARITY;DEC28=PUT_CALL_PARITY;DEC30=PUT_CALL_PARITY;JUN28=SERIES_FORWARD_CLUSTER,AUG26=7747.35;SEP26=7748.5;OCT26=7813;NOV26=7808.25;DEC26=7876.5;JUN27=8015.25;APR27=7959.5;MAR27=7945.5;FEB27=7879.75;JAN27=7881;MAY27=7963.25;JUL27=8043.875;SEP27=8077.25;AUG27=8051.75;DEC29=8676.5;DEC27=8103.75;MAR28=8179;DEC28=8373.25;DEC30=9151.75;JUN28=6427.25,NONE,WEIGHTED_ATM,2026-08-21,7,600,0.0,NONE,11513,11041,471,0,0,RTM,MDW;MMW;MRW;MTW,OK,NONE,NONE,2026-08-11
SPX,6390.0,-1062.773393857465,0.0017706565105928616,0.0,0.0,0.0,0.0,0.0,0.0,7800.932309330873,7693.767690669128,7854.514618661745,7640.185381338256,SEP26,AUG26,2026-08-12,2026-09-18,7747.35,7705.975053873443,FOUND,WARN,UNKNOWN_SERIES;ESTIMATED_EXPIRY_ALIAS,2026-08-02.2,PUT_CALL_PARITY,AUG26,AUG26=PUT_CALL_PARITY;SEP26=PUT_CALL_PARITY;OCT26=PUT_CALL_PARITY;NOV26=PUT_CALL_PARITY;DEC26=PUT_CALL_PARITY;JUN27=PUT_CALL_PARITY;APR27=PUT_CALL_PARITY;MAR27=PUT_CALL_PARITY;FEB27=PUT_CALL_PARITY;JAN27=PUT_CALL_PARITY;MAY27=PUT_CALL_PARITY;JUL27=PUT_CALL_PARITY;SEP27=PUT_CALL_PARITY;AUG27=PUT_CALL_PARITY;DEC29=PUT_CALL_PARITY;DEC27=PUT_CALL_PARITY;MAR28=PUT_CALL_PARITY;DEC28=PUT_CALL_PARITY;DEC30=PUT_CALL_PARITY;JUN28=SERIES_FORWARD_CLUSTER,AUG26=7747.35;SEP26=7748.5;OCT26=7813;NOV26=7808.25;DEC26=7876.5;JUN27=8015.25;APR27=7959.5;MAR27=7945.5;FEB27=7879.75;JAN27=7881;MAY27=7963.25;JUL27=8043.875;SEP27=8077.25;AUG27=8051.75;DEC29=8676.5;DEC27=8103.75;MAR28=8179;DEC28=8373.25;DEC30=9151.75;JUN28=6427.25,NONE,WEIGHTED_ATM,2026-08-21,7,600,0.0,NONE,11513,11041,471,0,0,RTM,MDW;MMW;MRW;MTW,OK,NONE,NONE,2026-08-11
SPX,6400.0,-87302777.92149992,153.5202783454907,0.0,0.0,0.0,0.0,0.0,0.0,7800.932309330873,7693.767690669128,7854.514618661745,7640.185381338256,SEP26,AUG26,2026-08-12,2026-09-18,7747.35,7705.975053873443,FOUND,WARN,UNKNOWN_SERIES;ESTIMATED_EXPIRY_ALIAS,2026-08-02.2,PUT_CALL_PARITY,AUG26,AUG26=PUT_CALL_PARITY;SEP26=PUT_CALL_PARITY;OCT26=PUT_CALL_PARITY;NOV26=PUT_CALL_PARITY;DEC26=PUT_CALL_PARITY;JUN27=PUT_CALL_PARITY;APR27=PUT_CALL_PARITY;MAR27=PUT_CALL_PARITY;FEB27=PUT_CALL_PARITY;JAN27=PUT_CALL_PARITY;MAY27=PUT_CALL_PARITY;JUL27=PUT_CALL_PARITY;SEP27=PUT_CALL_PARITY;AUG27=PUT_CALL_PARITY;DEC29=PUT_CALL_PARITY;DEC27=PUT_CALL_PARITY;MAR28=PUT_CALL_PARITY;DEC28=PUT_CALL_PARITY;DEC30=PUT_CALL_PARITY;JUN28=SERIES_FORWARD_CLUSTER,AUG26=7747.35;SEP26=7748.5;OCT26=7813;NOV26=7808.25;DEC26=7876.5;JUN27=8015.25;APR27=7959.5;MAR27=7945.5;FEB27=7879.75;JAN27=7881;MAY27=7963.25;JUL27=8043.875;SEP27=8077.25;AUG27=8051.75;DEC29=8676.5;DEC27=8103.75;MAR28=8179;DEC28=8373.25;DEC30=9151.75;JUN28=6427.25,NONE,WEIGHTED_ATM,2026-08-21,7,600,0.0,NONE,11513,11041,471,0,0,RTM,MDW;MMW;MRW;MTW,OK,NONE,NONE,2026-08-11
SPX,6410.0,-18099.50322925217,0.030155067314067543,0.0,0.0,0.0,0.0,0.0,0.0,7800.932309330873,7693.767690669128,7854.514618661745,7640.185381338256,SEP26,AUG26,2026-08-12,2026-09-18,7747.35,7705.975053873443,FOUND,WARN,UNKNOWN_SERIES;ESTIMATED_EXPIRY_ALIAS,2026-08-02.2,PUT_CALL_PARITY,AUG26,AUG26=PUT_CALL_PARITY;SEP26=PUT_CALL_PARITY;OCT26=PUT_CALL_PARITY;NOV26=PUT_CALL_PARITY;DEC26=PUT_CALL_PARITY;JUN27=PUT_CALL_PARITY;APR27=PUT_CALL_PARITY;MAR27=PUT_CALL_PARITY;FEB27=PUT_CALL_PARITY;JAN27=PUT_CALL_PARITY;MAY27=PUT_CALL_PARITY;JUL27=PUT_CALL_PARITY;SEP27=PUT_CALL_PARITY;AUG27=PUT_CALL_PARITY;DEC29=PUT_CALL_PARITY;DEC27=PUT_CALL_PARITY;MAR28=PUT_CALL_PARITY;DEC28=PUT_CALL_PARITY;DEC30=PUT_CALL_PARITY;JUN28=SERIES_FORWARD_CLUSTER,AUG26=7747.35;SEP26=7748.5;OCT26=7813;NOV26=7808.25;DEC26=7876.5;JUN27=8015.25;APR27=7959.5;MAR27=7945.5;FEB27=7879.75;JAN27=7881;MAY27=7963.25;JUL27=8043.875;SEP27=8077.25;AUG27=8051.75;DEC29=8676.5;DEC27=8103.75;MAR28=8179;DEC28=8373.25;DEC30=9151.75;JUN28=6427.25,NONE,WEIGHTED_ATM,2026-08-21,7,600,0.0,NONE,11513,11041,471,0,0,RTM,MDW;MMW;MRW;MTW,OK,NONE,NONE,2026-08-11
SPX,6420.0,-72194.28011511013,0.12028083583218566,0.0,0.0,0.0,0.0,0.0,0.0,7800.932309330873,7693.767690669128,7854.514618661745,7640.185381338256,SEP26,AUG26,2026-08-12,2026-09-18,7747.35,7705.975053873443,FOUND,WARN,UNKNOWN_SERIES;ESTIMATED_EXPIRY_ALIAS,2026-08-02.2,PUT_CALL_PARITY,AUG26,AUG26=PUT_CALL_PARITY;SEP26=PUT_CALL_PARITY;OCT26=PUT_CALL_PARITY;NOV26=PUT_CALL_PARITY;DEC26=PUT_CALL_PARITY;JUN27=PUT_CALL_PARITY;APR27=PUT_CALL_PARITY;MAR27=PUT_CALL_PARITY;FEB27=PUT_CALL_PARITY;JAN27=PUT_CALL_PARITY;MAY27=PUT_CALL_PARITY;JUL27=PUT_CALL_PARITY;SEP27=PUT_CALL_PARITY;AUG27=PUT_CALL_PARITY;DEC29=PUT_CALL_PARITY;DEC27=PUT_CALL_PARITY;MAR28=PUT_CALL_PARITY;DEC28=PUT_CALL_PARITY;DEC30=PUT_CALL_PARITY;JUN28=SERIES_FORWARD_CLUSTER,AUG26=7747.35;SEP26=7748.5;OCT26=7813;NOV26=7808.25;DEC26=7876.5;JUN27=8015.25;APR27=7959.5;MAR27=7945.5;FEB27=7879.75;JAN27=7881;MAY27=7963.25;JUL27=8043.875;SEP27=8077.25;AUG27=8051.75;DEC29=8676.5;DEC27=8103.75;MAR28=8179;DEC28=8373.25;DEC30=9151.75;JUN28=6427.25,NONE,WEIGHTED_ATM,2026-08-21,7,600,0.0,NONE,11513,11041,471,0,0,RTM,MDW;MMW;MRW;MTW,OK,NONE,NONE,2026-08-11
SPX,6425.0,-2147744.943555857,3.5601791694587206,0.0,0.0,0.0,0.0,0.0,0.0,7800.932309330873,7693.767690669128,7854.514618661745,7640.185381338256,SEP26,AUG26,2026-08-12,2026-09-18,7747.35,7705.975053873443,FOUND,WARN,UNKNOWN_SERIES;ESTIMATED_EXPIRY_ALIAS,2026-08-02.2,PUT_CALL_PARITY,AUG26,AUG26=PUT_CALL_PARITY;SEP26=PUT_CALL_PARITY;OCT26=PUT_CALL_PARITY;NOV26=PUT_CALL_PARITY;DEC26=PUT_CALL_PARITY;JUN27=PUT_CALL_PARITY;APR27=PUT_CALL_PARITY;MAR27=PUT_CALL_PARITY;FEB27=PUT_CALL_PARITY;JAN27=PUT_CALL_PARITY;MAY27=PUT_CALL_PARITY;JUL27=PUT_CALL_PARITY;SEP27=PUT_CALL_PARITY;AUG27=PUT_CALL_PARITY;DEC29=PUT_CALL_PARITY;DEC27=PUT_CALL_PARITY;MAR28=PUT_CALL_PARITY;DEC28=PUT_CALL_PARITY;DEC30=PUT_CALL_PARITY;JUN28=SERIES_FORWARD_CLUSTER,AUG26=7747.35;SEP26=7748.5;OCT26=7813;NOV26=7808.25;DEC26=7876.5;JUN27=8015.25;APR27=7959.5;MAR27=7945.5;FEB27=7879.75;JAN27=7881;MAY27=7963.25;JUL27=8043.875;SEP27=8077.25;AUG27=8051.75;DEC29=8676.5;DEC27=8103.75;MAR28=8179;DEC28=8373.25;DEC30=9151.75;JUN28=6427.25,NONE,WEIGHTED_ATM,2026-08-21,7,600,0.0,NONE,11513,11041,471,0,0,RTM,MDW;MMW;MRW;MTW,OK,NONE,NONE,2026-08-11
SPX,6430.0,-112946.43153250318,0.18817683571788718,0.0,0.0,0.0,0.0,0.0,0.0,7800.932309330873,7693.767690669128,7854.514618661745,7640.185381338256,SEP26,AUG26,2026-08-12,2026-09-18,7747.35,7705.975053873443,FOUND,WARN,UNKNOWN_SERIES;ESTIMATED_EXPIRY_ALIAS,2026-08-02.2,PUT_CALL_PARITY,AUG26,AUG26=PUT_CALL_PARITY;SEP26=PUT_CALL_PARITY;OCT26=PUT_CALL_PARITY;NOV26=PUT_CALL_PARITY;DEC26=PUT_CALL_PARITY;JUN27=PUT_CALL_PARITY;APR27=PUT_CALL_PARITY;MAR27=PUT_CALL_PARITY;FEB27=PUT_CALL_PARITY;JAN27=PUT_CALL_PARITY;MAY27=PUT_CALL_PARITY;JUL27=PUT_CALL_PARITY;SEP27=PUT_CALL_PARITY;AUG27=PUT_CALL_PARITY;DEC29=PUT_CALL_PARITY;DEC27=PUT_CALL_PARITY;MAR28=PUT_CALL_PARITY;DEC28=PUT_CALL_PARITY;DEC30=PUT_CALL_PARITY;JUN28=SERIES_FORWARD_CLUSTER,AUG26=7747.35;SEP26=7748.5;OCT26=7813;NOV26=7808.25;DEC26=7876.5;JUN27=8015.25;APR27=7959.5;MAR27=7945.5;FEB27=7879.75;JAN27=7881;MAY27=7963.25;JUL27=8043.875;SEP27=8077.25;AUG27=8051.75;DEC29=8676.5;DEC27=8103.75;MAR28=8179;DEC28=8373.25;DEC30=9151.75;JUN28=6427.25,NONE,WEIGHTED_ATM,2026-08-21,7,600,0.0,NONE,11513,11041,471,0,0,RTM,MDW;MMW;MRW;MTW,OK,NONE,NONE,2026-08-11
SPX,6440.0,-16719.358949666675,0.027855648201461025,0.0,0.0,0.0,0.0,0.0,0.0,7800.932309330873,7693.767690669128,7854.514618661745,7640.185381338256,SEP26,AUG26,2026-08-12,2026-09-18,7747.35,7705.975053873443,FOUND,WARN,UNKNOWN_SERIES;ESTIMATED_EXPIRY_ALIAS,2026-08-02.2,PUT_CALL_PARITY,AUG26,AUG26=PUT_CALL_PARITY;SEP26=PUT_CALL_PARITY;OCT26=PUT_CALL_PARITY;NOV26=PUT_CALL_PARITY;DEC26=PUT_CALL_PARITY;JUN27=PUT_CALL_PARITY;APR27=PUT_CALL_PARITY;MAR27=PUT_CALL_PARITY;FEB27=PUT_CALL_PARITY;JAN27=PUT_CALL_PARITY;MAY27=PUT_CALL_PARITY;JUL27=PUT_CALL_PARITY;SEP27=PUT_CALL_PARITY;AUG27=PUT_CALL_PARITY;DEC29=PUT_CALL_PARITY;DEC27=PUT_CALL_PARITY;MAR28=PUT_CALL_PARITY;DEC28=PUT_CALL_PARITY;DEC30=PUT_CALL_PARITY;JUN28=SERIES_FORWARD_CLUSTER,AUG26=7747.35;SEP26=7748.5;OCT26=7813;NOV26=7808.25;DEC26=7876.5;JUN27=8015.25;APR27=7959.5;MAR27=7945.5;FEB27=7879.75;JAN27=7881;MAY27=7963.25;JUL27=8043.875;SEP27=8077.25;AUG27=8051.75;DEC29=8676.5;DEC27=8103.75;MAR28=8179;DEC28=8373.25;DEC30=9151.75;JUN28=6427.25,NONE,WEIGHTED_ATM,2026-08-21,7,600,0.0,NONE,11513,11041,471,0,0,RTM,MDW;MMW;MRW;MTW,OK,NONE,NONE,2026-08-11
SPX,6450.0,-60222754.62104143,98.62020054414808,0.0,0.0,0.0,0.0,0.0,0.0,7800.932309330873,7693.767690669128,7854.514618661745,7640.185381338256,SEP26,AUG26,2026-08-12,2026-09-18,7747.35,7705.975053873443,FOUND,WARN,UNKNOWN_SERIES;ESTIMATED_EXPIRY_ALIAS,2026-08-02.2,PUT_CALL_PARITY,AUG26,AUG26=PUT_CALL_PARITY;SEP26=PUT_CALL_PARITY;OCT26=PUT_CALL_PARITY;NOV26=PUT_CALL_PARITY;DEC26=PUT_CALL_PARITY;JUN27=PUT_CALL_PARITY;APR27=PUT_CALL_PARITY;MAR27=PUT_CALL_PARITY;FEB27=PUT_CALL_PARITY;JAN27=PUT_CALL_PARITY;MAY27=PUT_CALL_PARITY;JUL27=PUT_CALL_PARITY;SEP27=PUT_CALL_PARITY;AUG27=PUT_CALL_PARITY;DEC29=PUT_CALL_PARITY;DEC27=PUT_CALL_PARITY;MAR28=PUT_CALL_PARITY;DEC28=PUT_CALL_PARITY;DEC30=PUT_CALL_PARITY;JUN28=SERIES_FORWARD_CLUSTER,AUG26=7747.35;SEP26=7748.5;OCT26=7813;NOV26=7808.25;DEC26=7876.5;JUN27=8015.25;APR27=7959.5;MAR27=7945.5;FEB27=7879.75;JAN27=7881;MAY27=7963.25;JUL27=8043.875;SEP27=8077.25;AUG27=8051.75;DEC29=8676.5;DEC27=8103.75;MAR28=8179;DEC28=8373.25;DEC30=9151.75;JUN28=6427.25,NONE,WEIGHTED_ATM,2026-08-21,7,600,0.0,NONE,11513,11041,471,0,0,RTM,MDW;MMW;MRW;MTW,OK,NONE,NONE,2026-08-11
SPX,6460.0,-273198.83988639567,0.45516881333984605,0.0,0.0,0.0,0.0,0.0,0.0,7800.932309330873,7693.767690669128,7854.514618661745,7640.185381338256,SEP26,AUG26,2026-08-12,2026-09-18,7747.35,7705.975053873443,FOUND,WARN,UNKNOWN_SERIES;ESTIMATED_EXPIRY_ALIAS,2026-08-02.2,PUT_CALL_PARITY,AUG26,AUG26=PUT_CALL_PARITY;SEP26=PUT_CALL_PARITY;OCT26=PUT_CALL_PARITY;NOV26=PUT_CALL_PARITY;DEC26=PUT_CALL_PARITY;JUN27=PUT_CALL_PARITY;APR27=PUT_CALL_PARITY;MAR27=PUT_CALL_PARITY;FEB27=PUT_CALL_PARITY;JAN27=PUT_CALL_PARITY;MAY27=PUT_CALL_PARITY;JUL27=PUT_CALL_PARITY;SEP27=PUT_CALL_PARITY;AUG27=PUT_CALL_PARITY;DEC29=PUT_CALL_PARITY;DEC27=PUT_CALL_PARITY;MAR28=PUT_CALL_PARITY;DEC28=PUT_CALL_PARITY;DEC30=PUT_CALL_PARITY;JUN28=SERIES_FORWARD_CLUSTER,AUG26=7747.35;SEP26=7748.5;OCT26=7813;NOV26=7808.25;DEC26=7876.5;JUN27=8015.25;APR27=7959.5;MAR27=7945.5;FEB27=7879.75;JAN27=7881;MAY27=7963.25;JUL27=8043.875;SEP27=8077.25;AUG27=8051.75;DEC29=8676.5;DEC27=8103.75;MAR28=8179;DEC28=8373.25;DEC30=9151.75;JUN28=6427.25,NONE,WEIGHTED_ATM,2026-08-21,7,600,0.0,NONE,11513,11041,471,0,0,RTM,MDW;MMW;MRW;MTW,OK,NONE,NONE,2026-08-11
SPX,6470.0,-273423.7762805433,0.4554883161845883,0.0,0.0,0.0,0.0,0.0,0.0,7800.932309330873,7693.767690669128,7854.514618661745,7640.185381338256,SEP26,AUG26,2026-08-12,2026-09-18,7747.35,7705.975053873443,FOUND,WARN,UNKNOWN_SERIES;ESTIMATED_EXPIRY_ALIAS,2026-08-02.2,PUT_CALL_PARITY,AUG26,AUG26=PUT_CALL_PARITY;SEP26=PUT_CALL_PARITY;OCT26=PUT_CALL_PARITY;NOV26=PUT_CALL_PARITY;DEC26=PUT_CALL_PARITY;JUN27=PUT_CALL_PARITY;APR27=PUT_CALL_PARITY;MAR27=PUT_CALL_PARITY;FEB27=PUT_CALL_PARITY;JAN27=PUT_CALL_PARITY;MAY27=PUT_CALL_PARITY;JUL27=PUT_CALL_PARITY;SEP27=PUT_CALL_PARITY;AUG27=PUT_CALL_PARITY;DEC29=PUT_CALL_PARITY;DEC27=PUT_CALL_PARITY;MAR28=PUT_CALL_PARITY;DEC28=PUT_CALL_PARITY;DEC30=PUT_CALL_PARITY;JUN28=SERIES_FORWARD_CLUSTER,AUG26=7747.35;SEP26=7748.5;OCT26=7813;NOV26=7808.25;DEC26=7876.5;JUN27=8015.25;APR27=7959.5;MAR27=7945.5;FEB27=7879.75;JAN27=7881;MAY27=7963.25;JUL27=8043.875;SEP27=8077.25;AUG27=8051.75;DEC29=8676.5;DEC27=8103.75;MAR28=8179;DEC28=8373.25;DEC30=9151.75;JUN28=6427.25,NONE,WEIGHTED_ATM,2026-08-21,7,600,0.0,NONE,11513,11041,471,0,0,RTM,MDW;MMW;MRW;MTW,OK,NONE,NONE,2026-08-11
SPX,6475.0,-3711566.6541358177,6.148016390382597,0.0,0.0,0.0,0.0,0.0,0.0,7800.932309330873,7693.767690669128,7854.514618661745,7640.185381338256,SEP26,AUG26,2026-08-12,2026-09-18,7747.35,7705.975053873443,FOUND,WARN,UNKNOWN_SERIES;ESTIMATED_EXPIRY_ALIAS,2026-08-02.2,PUT_CALL_PARITY,AUG26,AUG26=PUT_CALL_PARITY;SEP26=PUT_CALL_PARITY;OCT26=PUT_CALL_PARITY;NOV26=PUT_CALL_PARITY;DEC26=PUT_CALL_PARITY;JUN27=PUT_CALL_PARITY;APR27=PUT_CALL_PARITY;MAR27=PUT_CALL_PARITY;FEB27=PUT_CALL_PARITY;JAN27=PUT_CALL_PARITY;MAY27=PUT_CALL_PARITY;JUL27=PUT_CALL_PARITY;SEP27=PUT_CALL_PARITY;AUG27=PUT_CALL_PARITY;DEC29=PUT_CALL_PARITY;DEC27=PUT_CALL_PARITY;MAR28=PUT_CALL_PARITY;DEC28=PUT_CALL_PARITY;DEC30=PUT_CALL_PARITY;JUN28=SERIES_FORWARD_CLUSTER,AUG26=7747.35;SEP26=7748.5;OCT26=7813;NOV26=7808.25;DEC26=7876.5;JUN27=8015.25;APR27=7959.5;MAR27=7945.5;FEB27=7879.75;JAN27=7881;MAY27=7963.25;JUL27=8043.875;SEP27=8077.25;AUG27=8051.75;DEC29=8676.5;DEC27=8103.75;MAR28=8179;DEC28=8373.25;DEC30=9151.75;JUN28=6427.25,NONE,WEIGHTED_ATM,2026-08-21,7,600,0.0,NONE,11513,11041,471,0,0,RTM,MDW;MMW;MRW;MTW,OK,NONE,NONE,2026-08-11
SPX,6480.0,-73639.29038103354,0.12268832631888664,0.0,0.0,0.0,0.0,0.0,0.0,7800.932309330873,7693.767690669128,7854.514618661745,7640.185381338256,SEP26,AUG26,2026-08-12,2026-09-18,7747.35,7705.975053873443,FOUND,WARN,UNKNOWN_SERIES;ESTIMATED_EXPIRY_ALIAS,2026-08-02.2,PUT_CALL_PARITY,AUG26,AUG26=PUT_CALL_PARITY;SEP26=PUT_CALL_PARITY;OCT26=PUT_CALL_PARITY;NOV26=PUT_CALL_PARITY;DEC26=PUT_CALL_PARITY;JUN27=PUT_CALL_PARITY;APR27=PUT_CALL_PARITY;MAR27=PUT_CALL_PARITY;FEB27=PUT_CALL_PARITY;JAN27=PUT_CALL_PARITY;MAY27=PUT_CALL_PARITY;JUL27=PUT_CALL_PARITY;SEP27=PUT_CALL_PARITY;AUG27=PUT_CALL_PARITY;DEC29=PUT_CALL_PARITY;DEC27=PUT_CALL_PARITY;MAR28=PUT_CALL_PARITY;DEC28=PUT_CALL_PARITY;DEC30=PUT_CALL_PARITY;JUN28=SERIES_FORWARD_CLUSTER,AUG26=7747.35;SEP26=7748.5;OCT26=7813;NOV26=7808.25;DEC26=7876.5;JUN27=8015.25;APR27=7959.5;MAR27=7945.5;FEB27=7879.75;JAN27=7881;MAY27=7963.25;JUL27=8043.875;SEP27=8077.25;AUG27=8051.75;DEC29=8676.5;DEC27=8103.75;MAR28=8179;DEC28=8373.25;DEC30=9151.75;JUN28=6427.25,NONE,WEIGHTED_ATM,2026-08-21,7,600,0.0,NONE,11513,11041,471,0,0,RTM,MDW;MMW;MRW;MTW,OK,NONE,NONE,2026-08-11
SPX,6490.0,-153800.2349764407,0.25624219515253516,0.0,0.0,0.0,0.0,0.0,0.0,7800.932309330873,7693.767690669128,7854.514618661745,7640.185381338256,SEP26,AUG26,2026-08-12,2026-09-18,7747.35,7705.975053873443,FOUND,WARN,UNKNOWN_SERIES;ESTIMATED_EXPIRY_ALIAS,2026-08-02.2,PUT_CALL_PARITY,AUG26,AUG26=PUT_CALL_PARITY;SEP26=PUT_CALL_PARITY;OCT26=PUT_CALL_PARITY;NOV26=PUT_CALL_PARITY;DEC26=PUT_CALL_PARITY;JUN27=PUT_CALL_PARITY;APR27=PUT_CALL_PARITY;MAR27=PUT_CALL_PARITY;FEB27=PUT_CALL_PARITY;JAN27=PUT_CALL_PARITY;MAY27=PUT_CALL_PARITY;JUL27=PUT_CALL_PARITY;SEP27=PUT_CALL_PARITY;AUG27=PUT_CALL_PARITY;DEC29=PUT_CALL_PARITY;DEC27=PUT_CALL_PARITY;MAR28=PUT_CALL_PARITY;DEC28=PUT_CALL_PARITY;DEC30=PUT_CALL_PARITY;JUN28=SERIES_FORWARD_CLUSTER,AUG26=7747.35;SEP26=7748.5;OCT26=7813;NOV26=7808.25;DEC26=7876.5;JUN27=8015.25;APR27=7959.5;MAR27=7945.5;FEB27=7879.75;JAN27=7881;MAY27=7963.25;JUL27=8043.875;SEP27=8077.25;AUG27=8051.75;DEC29=8676.5;DEC27=8103.75;MAR28=8179;DEC28=8373.25;DEC30=9151.75;JUN28=6427.25,NONE,WEIGHTED_ATM,2026-08-21,7,600,0.0,NONE,11513,11041,471,0,0,RTM,MDW;MMW;MRW;MTW,OK,NONE,NONE,2026-08-11
SPX,6500.0,-113186676.15339266,207.1468713410617,0.0,0.0,0.0,0.0,0.0,0.0,7800.932309330873,7693.767690669128,7854.514618661745,7640.185381338256,SEP26,AUG26,2026-08-12,2026-09-18,7747.35,7705.975053873443,FOUND,WARN,UNKNOWN_SERIES;ESTIMATED_EXPIRY_ALIAS,2026-08-02.2,PUT_CALL_PARITY,AUG26,AUG26=PUT_CALL_PARITY;SEP26=PUT_CALL_PARITY;OCT26=PUT_CALL_PARITY;NOV26=PUT_CALL_PARITY;DEC26=PUT_CALL_PARITY;JUN27=PUT_CALL_PARITY;APR27=PUT_CALL_PARITY;MAR27=PUT_CALL_PARITY;FEB27=PUT_CALL_PARITY;JAN27=PUT_CALL_PARITY;MAY27=PUT_CALL_PARITY;JUL27=PUT_CALL_PARITY;SEP27=PUT_CALL_PARITY;AUG27=PUT_CALL_PARITY;DEC29=PUT_CALL_PARITY;DEC27=PUT_CALL_PARITY;MAR28=PUT_CALL_PARITY;DEC28=PUT_CALL_PARITY;DEC30=PUT_CALL_PARITY;JUN28=SERIES_FORWARD_CLUSTER,AUG26=7747.35;SEP26=7748.5;OCT26=7813;NOV26=7808.25;DEC26=7876.5;JUN27=8015.25;APR27=7959.5;MAR27=7945.5;FEB27=7879.75;JAN27=7881;MAY27=7963.25;JUL27=8043.875;SEP27=8077.25;AUG27=8051.75;DEC29=8676.5;DEC27=8103.75;MAR28=8179;DEC28=8373.25;DEC30=9151.75;JUN28=6427.25,NONE,WEIGHTED_ATM,2026-08-21,7,600,0.0,NONE,11513,11041,471,0,0,RTM,MDW;MMW;MRW;MTW,OK,NONE,NONE,2026-08-11
SPX,6510.0,-194395.8882338925,0.323877457907069,0.0,0.0,0.0,0.0,0.0,0.0,7800.932309330873,7693.767690669128,7854.514618661745,7640.185381338256,SEP26,AUG26,2026-08-12,2026-09-18,7747.35,7705.975053873443,FOUND,WARN,UNKNOWN_SERIES;ESTIMATED_EXPIRY_ALIAS,2026-08-02.2,PUT_CALL_PARITY,AUG26,AUG26=PUT_CALL_PARITY;SEP26=PUT_CALL_PARITY;OCT26=PUT_CALL_PARITY;NOV26=PUT_CALL_PARITY;DEC26=PUT_CALL_PARITY;JUN27=PUT_CALL_PARITY;APR27=PUT_CALL_PARITY;MAR27=PUT_CALL_PARITY;FEB27=PUT_CALL_PARITY;JAN27=PUT_CALL_PARITY;MAY27=PUT_CALL_PARITY;JUL27=PUT_CALL_PARITY;SEP27=PUT_CALL_PARITY;AUG27=PUT_CALL_PARITY;DEC29=PUT_CALL_PARITY;DEC27=PUT_CALL_PARITY;MAR28=PUT_CALL_PARITY;DEC28=PUT_CALL_PARITY;DEC30=PUT_CALL_PARITY;JUN28=SERIES_FORWARD_CLUSTER,AUG26=7747.35;SEP26=7748.5;OCT26=7813;NOV26=7808.25;DEC26=7876.5;JUN27=8015.25;APR27=7959.5;MAR27=7945.5;FEB27=7879.75;JAN27=7881;MAY27=7963.25;JUL27=8043.875;SEP27=8077.25;AUG27=8051.75;DEC29=8676.5;DEC27=8103.75;MAR28=8179;DEC28=8373.25;DEC30=9151.75;JUN28=6427.25,NONE,WEIGHTED_ATM,2026-08-21,7,600,0.0,NONE,11513,11041,471,0,0,RTM,MDW;MMW;MRW;MTW,OK,NONE,NONE,2026-08-11
SPX,6520.0,-190106.5892407355,0.31673055534781314,0.0,0.0,0.0,0.0,0.0,0.0,7800.932309330873,7693.767690669128,7854.514618661745,7640.185381338256,SEP26,AUG26,2026-08-12,2026-09-18,7747.35,7705.975053873443,FOUND,WARN,UNKNOWN_SERIES;ESTIMATED_EXPIRY_ALIAS,2026-08-02.2,PUT_CALL_PARITY,AUG26,AUG26=PUT_CALL_PARITY;SEP26=PUT_CALL_PARITY;OCT26=PUT_CALL_PARITY;NOV26=PUT_CALL_PARITY;DEC26=PUT_CALL_PARITY;JUN27=PUT_CALL_PARITY;APR27=PUT_CALL_PARITY;MAR27=PUT_CALL_PARITY;FEB27=PUT_CALL_PARITY;JAN27=PUT_CALL_PARITY;MAY27=PUT_CALL_PARITY;JUL27=PUT_CALL_PARITY;SEP27=PUT_CALL_PARITY;AUG27=PUT_CALL_PARITY;DEC29=PUT_CALL_PARITY;DEC27=PUT_CALL_PARITY;MAR28=PUT_CALL_PARITY;DEC28=PUT_CALL_PARITY;DEC30=PUT_CALL_PARITY;JUN28=SERIES_FORWARD_CLUSTER,AUG26=7747.35;SEP26=7748.5;OCT26=7813;NOV26=7808.25;DEC26=7876.5;JUN27=8015.25;APR27=7959.5;MAR27=7945.5;FEB27=7879.75;JAN27=7881;MAY27=7963.25;JUL27=8043.875;SEP27=8077.25;AUG27=8051.75;DEC29=8676.5;DEC27=8103.75;MAR28=8179;DEC28=8373.25;DEC30=9151.75;JUN28=6427.25,NONE,WEIGHTED_ATM,2026-08-21,7,600,0.0,NONE,11513,11041,471,0,0,RTM,MDW;MMW;MRW;MTW,OK,NONE,NONE,2026-08-11
SPX,6525.0,-2935459.061604219,4.876447551997579,0.0,0.0,0.0,0.0,0.0,0.0,7800.932309330873,7693.767690669128,7854.514618661745,7640.185381338256,SEP26,AUG26,2026-08-12,2026-09-18,7747.35,7705.975053873443,FOUND,WARN,UNKNOWN_SERIES;ESTIMATED_EXPIRY_ALIAS,2026-08-02.2,PUT_CALL_PARITY,AUG26,AUG26=PUT_CALL_PARITY;SEP26=PUT_CALL_PARITY;OCT26=PUT_CALL_PARITY;NOV26=PUT_CALL_PARITY;DEC26=PUT_CALL_PARITY;JUN27=PUT_CALL_PARITY;APR27=PUT_CALL_PARITY;MAR27=PUT_CALL_PARITY;FEB27=PUT_CALL_PARITY;JAN27=PUT_CALL_PARITY;MAY27=PUT_CALL_PARITY;JUL27=PUT_CALL_PARITY;SEP27=PUT_CALL_PARITY;AUG27=PUT_CALL_PARITY;DEC29=PUT_CALL_PARITY;DEC27=PUT_CALL_PARITY;MAR28=PUT_CALL_PARITY;DEC28=PUT_CALL_PARITY;DEC30=PUT_CALL_PARITY;JUN28=SERIES_FORWARD_CLUSTER,AUG26=7747.35;SEP26=7748.5;OCT26=7813;NOV26=7808.25;DEC26=7876.5;JUN27=8015.25;APR27=7959.5;MAR27=7945.5;FEB27=7879.75;JAN27=7881;MAY27=7963.25;JUL27=8043.875;SEP27=8077.25;AUG27=8051.75;DEC29=8676.5;DEC27=8103.75;MAR28=8179;DEC28=8373.25;DEC30=9151.75;JUN28=6427.25,NONE,WEIGHTED_ATM,2026-08-21,7,600,0.0,NONE,11513,11041,471,0,0,RTM,MDW;MMW;MRW;MTW,OK,NONE,NONE,2026-08-11
SPX,6530.0,-170868.2283798784,0.28467869329713036,0.0,0.0,0.0,0.0,0.0,0.0,7800.932309330873,7693.767690669128,7854.514618661745,7640.185381338256,SEP26,AUG26,2026-08-12,2026-09-18,7747.35,7705.975053873443,FOUND,WARN,UNKNOWN_SERIES;ESTIMATED_EXPIRY_ALIAS,2026-08-02.2,PUT_CALL_PARITY,AUG26,AUG26=PUT_CALL_PARITY;SEP26=PUT_CALL_PARITY;OCT26=PUT_CALL_PARITY;NOV26=PUT_CALL_PARITY;DEC26=PUT_CALL_PARITY;JUN27=PUT_CALL_PARITY;APR27=PUT_CALL_PARITY;MAR27=PUT_CALL_PARITY;FEB27=PUT_CALL_PARITY;JAN27=PUT_CALL_PARITY;MAY27=PUT_CALL_PARITY;JUL27=PUT_CALL_PARITY;SEP27=PUT_CALL_PARITY;AUG27=PUT_CALL_PARITY;DEC29=PUT_CALL_PARITY;DEC27=PUT_CALL_PARITY;MAR28=PUT_CALL_PARITY;DEC28=PUT_CALL_PARITY;DEC30=PUT_CALL_PARITY;JUN28=SERIES_FORWARD_CLUSTER,AUG26=7747.35;SEP26=7748.5;OCT26=7813;NOV26=7808.25;DEC26=7876.5;JUN27=8015.25;APR27=7959.5;MAR27=7945.5;FEB27=7879.75;JAN27=7881;MAY27=7963.25;JUL27=8043.875;SEP27=8077.25;AUG27=8051.75;DEC29=8676.5;DEC27=8103.75;MAR28=8179;DEC28=8373.25;DEC30=9151.75;JUN28=6427.25,NONE,WEIGHTED_ATM,2026-08-21,7,600,0.0,NONE,11513,11041,471,0,0,RTM,MDW;MMW;MRW;MTW,OK,NONE,NONE,2026-08-11
SPX,6540.0,-735439.867277999,1.225224441772088,0.0,0.0,0.0,0.0,0.0,0.0,7800.932309330873,7693.767690669128,7854.514618661745,7640.185381338256,SEP26,AUG26,2026-08-12,2026-09-18,7747.35,7705.975053873443,FOUND,WARN,UNKNOWN_SERIES;ESTIMATED_EXPIRY_ALIAS,2026-08-02.2,PUT_CALL_PARITY,AUG26,AUG26=PUT_CALL_PARITY;SEP26=PUT_CALL_PARITY;OCT26=PUT_CALL_PARITY;NOV26=PUT_CALL_PARITY;DEC26=PUT_CALL_PARITY;JUN27=PUT_CALL_PARITY;APR27=PUT_CALL_PARITY;MAR27=PUT_CALL_PARITY;FEB27=PUT_CALL_PARITY;JAN27=PUT_CALL_PARITY;MAY27=PUT_CALL_PARITY;JUL27=PUT_CALL_PARITY;SEP27=PUT_CALL_PARITY;AUG27=PUT_CALL_PARITY;DEC29=PUT_CALL_PARITY;DEC27=PUT_CALL_PARITY;MAR28=PUT_CALL_PARITY;DEC28=PUT_CALL_PARITY;DEC30=PUT_CALL_PARITY;JUN28=SERIES_FORWARD_CLUSTER,AUG26=7747.35;SEP26=7748.5;OCT26=7813;NOV26=7808.25;DEC26=7876.5;JUN27=8015.25;APR27=7959.5;MAR27=7945.5;FEB27=7879.75;JAN27=7881;MAY27=7963.25;JUL27=8043.875;SEP27=8077.25;AUG27=8051.75;DEC29=8676.5;DEC27=8103.75;MAR28=8179;DEC28=8373.25;DEC30=9151.75;JUN28=6427.25,NONE,WEIGHTED_ATM,2026-08-21,7,600,0.0,NONE,11513,11041,471,0,0,RTM,MDW;MMW;MRW;MTW,OK,NONE,NONE,2026-08-11
SPX,6550.0,-61990755.28896604,102.86701369872449,0.0,0.0,0.0,0.0,0.0,0.0,7800.932309330873,7693.767690669128,7854.514618661745,7640.185381338256,SEP26,AUG26,2026-08-12,2026-09-18,7747.35,7705.975053873443,FOUND,WARN,UNKNOWN_SERIES;ESTIMATED_EXPIRY_ALIAS,2026-08-02.2,PUT_CALL_PARITY,AUG26,AUG26=PUT_CALL_PARITY;SEP26=PUT_CALL_PARITY;OCT26=PUT_CALL_PARITY;NOV26=PUT_CALL_PARITY;DEC26=PUT_CALL_PARITY;JUN27=PUT_CALL_PARITY;APR27=PUT_CALL_PARITY;MAR27=PUT_CALL_PARITY;FEB27=PUT_CALL_PARITY;JAN27=PUT_CALL_PARITY;MAY27=PUT_CALL_PARITY;JUL27=PUT_CALL_PARITY;SEP27=PUT_CALL_PARITY;AUG27=PUT_CALL_PARITY;DEC29=PUT_CALL_PARITY;DEC27=PUT_CALL_PARITY;MAR28=PUT_CALL_PARITY;DEC28=PUT_CALL_PARITY;DEC30=PUT_CALL_PARITY;JUN28=SERIES_FORWARD_CLUSTER,AUG26=7747.35;SEP26=7748.5;OCT26=7813;NOV26=7808.25;DEC26=7876.5;JUN27=8015.25;APR27=7959.5;MAR27=7945.5;FEB27=7879.75;JAN27=7881;MAY27=7963.25;JUL27=8043.875;SEP27=8077.25;AUG27=8051.75;DEC29=8676.5;DEC27=8103.75;MAR28=8179;DEC28=8373.25;DEC30=9151.75;JUN28=6427.25,NONE,WEIGHTED_ATM,2026-08-21,7,600,0.0,NONE,11513,11041,471,0,0,RTM,MDW;MMW;MRW;MTW,OK,NONE,NONE,2026-08-11
SPX,6560.0,-547437.1525247503,0.912069462653831,0.0,0.0,0.0,0.0,0.0,0.0,7800.932309330873,7693.767690669128,7854.514618661745,7640.185381338256,SEP26,AUG26,2026-08-12,2026-09-18,7747.35,7705.975053873443,FOUND,WARN,UNKNOWN_SERIES;ESTIMATED_EXPIRY_ALIAS,2026-08-02.2,PUT_CALL_PARITY,AUG26,AUG26=PUT_CALL_PARITY;SEP26=PUT_CALL_PARITY;OCT26=PUT_CALL_PARITY;NOV26=PUT_CALL_PARITY;DEC26=PUT_CALL_PARITY;JUN27=PUT_CALL_PARITY;APR27=PUT_CALL_PARITY;MAR27=PUT_CALL_PARITY;FEB27=PUT_CALL_PARITY;JAN27=PUT_CALL_PARITY;MAY27=PUT_CALL_PARITY;JUL27=PUT_CALL_PARITY;SEP27=PUT_CALL_PARITY;AUG27=PUT_CALL_PARITY;DEC29=PUT_CALL_PARITY;DEC27=PUT_CALL_PARITY;MAR28=PUT_CALL_PARITY;DEC28=PUT_CALL_PARITY;DEC30=PUT_CALL_PARITY;JUN28=SERIES_FORWARD_CLUSTER,AUG26=7747.35;SEP26=7748.5;OCT26=7813;NOV26=7808.25;DEC26=7876.5;JUN27=8015.25;APR27=7959.5;MAR27=7945.5;FEB27=7879.75;JAN27=7881;MAY27=7963.25;JUL27=8043.875;SEP27=8077.25;AUG27=8051.75;DEC29=8676.5;DEC27=8103.75;MAR28=8179;DEC28=8373.25;DEC30=9151.75;JUN28=6427.25,NONE,WEIGHTED_ATM,2026-08-21,7,600,0.0,NONE,11513,11041,471,0,0,RTM,MDW;MMW;MRW;MTW,OK,NONE,NONE,2026-08-11
SPX,6570.0,-905020.9697504975,1.5078296855883673,0.0,0.0,0.0,0.0,0.0,0.0,7800.932309330873,7693.767690669128,7854.514618661745,7640.185381338256,SEP26,AUG26,2026-08-12,2026-09-18,7747.35,7705.975053873443,FOUND,WARN,UNKNOWN_SERIES;ESTIMATED_EXPIRY_ALIAS,2026-08-02.2,PUT_CALL_PARITY,AUG26,AUG26=PUT_CALL_PARITY;SEP26=PUT_CALL_PARITY;OCT26=PUT_CALL_PARITY;NOV26=PUT_CALL_PARITY;DEC26=PUT_CALL_PARITY;JUN27=PUT_CALL_PARITY;APR27=PUT_CALL_PARITY;MAR27=PUT_CALL_PARITY;FEB27=PUT_CALL_PARITY;JAN27=PUT_CALL_PARITY;MAY27=PUT_CALL_PARITY;JUL27=PUT_CALL_PARITY;SEP27=PUT_CALL_PARITY;AUG27=PUT_CALL_PARITY;DEC29=PUT_CALL_PARITY;DEC27=PUT_CALL_PARITY;MAR28=PUT_CALL_PARITY;DEC28=PUT_CALL_PARITY;DEC30=PUT_CALL_PARITY;JUN28=SERIES_FORWARD_CLUSTER,AUG26=7747.35;SEP26=7748.5;OCT26=7813;NOV26=7808.25;DEC26=7876.5;JUN27=8015.25;APR27=7959.5;MAR27=7945.5;FEB27=7879.75;JAN27=7881;MAY27=7963.25;JUL27=8043.875;SEP27=8077.25;AUG27=8051.75;DEC29=8676.5;DEC27=8103.75;MAR28=8179;DEC28=8373.25;DEC30=9151.75;JUN28=6427.25,NONE,WEIGHTED_ATM,2026-08-21,7,600,0.0,NONE,11513,11041,471,0,0,RTM,MDW;MMW;MRW;MTW,OK,NONE,NONE,2026-08-11
SPX,6575.0,-2846082.721505813,4.731542482086855,0.0,0.0,0.0,0.0,0.0,0.0,7800.932309330873,7693.767690669128,7854.514618661745,7640.185381338256,SEP26,AUG26,2026-08-12,2026-09-18,7747.35,7705.975053873443,FOUND,WARN,UNKNOWN_SERIES;ESTIMATED_EXPIRY_ALIAS,2026-08-02.2,PUT_CALL_PARITY,AUG26,AUG26=PUT_CALL_PARITY;SEP26=PUT_CALL_PARITY;OCT26=PUT_CALL_PARITY;NOV26=PUT_CALL_PARITY;DEC26=PUT_CALL_PARITY;JUN27=PUT_CALL_PARITY;APR27=PUT_CALL_PARITY;MAR27=PUT_CALL_PARITY;FEB27=PUT_CALL_PARITY;JAN27=PUT_CALL_PARITY;MAY27=PUT_CALL_PARITY;JUL27=PUT_CALL_PARITY;SEP27=PUT_CALL_PARITY;AUG27=PUT_CALL_PARITY;DEC29=PUT_CALL_PARITY;DEC27=PUT_CALL_PARITY;MAR28=PUT_CALL_PARITY;DEC28=PUT_CALL_PARITY;DEC30=PUT_CALL_PARITY;JUN28=SERIES_FORWARD_CLUSTER,AUG26=7747.35;SEP26=7748.5;OCT26=7813;NOV26=7808.25;DEC26=7876.5;JUN27=8015.25;APR27=7959.5;MAR27=7945.5;FEB27=7879.75;JAN27=7881;MAY27=7963.25;JUL27=8043.875;SEP27=8077.25;AUG27=8051.75;DEC29=8676.5;DEC27=8103.75;MAR28=8179;DEC28=8373.25;DEC30=9151.75;JUN28=6427.25,NONE,WEIGHTED_ATM,2026-08-21,7,600,0.0,NONE,11513,11041,471,0,0,RTM,MDW;MMW;MRW;MTW,OK,NONE,NONE,2026-08-11
SPX,6580.0,-620596.4377029438,1.0339580659626768,0.0,0.0,0.0,0.0,0.0,0.0,7800.932309330873,7693.767690669128,7854.514618661745,7640.185381338256,SEP26,AUG26,2026-08-12,2026-09-18,7747.35,7705.975053873443,FOUND,WARN,UNKNOWN_SERIES;ESTIMATED_EXPIRY_ALIAS,2026-08-02.2,PUT_CALL_PARITY,AUG26,AUG26=PUT_CALL_PARITY;SEP26=PUT_CALL_PARITY;OCT26=PUT_CALL_PARITY;NOV26=PUT_CALL_PARITY;DEC26=PUT_CALL_PARITY;JUN27=PUT_CALL_PARITY;APR27=PUT_CALL_PARITY;MAR27=PUT_CALL_PARITY;FEB27=PUT_CALL_PARITY;JAN27=PUT_CALL_PARITY;MAY27=PUT_CALL_PARITY;JUL27=PUT_CALL_PARITY;SEP27=PUT_CALL_PARITY;AUG27=PUT_CALL_PARITY;DEC29=PUT_CALL_PARITY;DEC27=PUT_CALL_PARITY;MAR28=PUT_CALL_PARITY;DEC28=PUT_CALL_PARITY;DEC30=PUT_CALL_PARITY;JUN28=SERIES_FORWARD_CLUSTER,AUG26=7747.35;SEP26=7748.5;OCT26=7813;NOV26=7808.25;DEC26=7876.5;JUN27=8015.25;APR27=7959.5;MAR27=7945.5;FEB27=7879.75;JAN27=7881;MAY27=7963.25;JUL27=8043.875;SEP27=8077.25;AUG27=8051.75;DEC29=8676.5;DEC27=8103.75;MAR28=8179;DEC28=8373.25;DEC30=9151.75;JUN28=6427.25,NONE,WEIGHTED_ATM,2026-08-21,7,600,0.0,NONE,11513,11041,471,0,0,RTM,MDW;MMW;MRW;MTW,OK,NONE,NONE,2026-08-11
SPX,6590.0,-891853.5393343049,1.4858918044474163,0.0,0.0,0.0,0.0,0.0,0.0,7800.932309330873,7693.767690669128,7854.514618661745,7640.185381338256,SEP26,AUG26,2026-08-12,2026-09-18,7747.35,7705.975053873443,FOUND,WARN,UNKNOWN_SERIES;ESTIMATED_EXPIRY_ALIAS,2026-08-02.2,PUT_CALL_PARITY,AUG26,AUG26=PUT_CALL_PARITY;SEP26=PUT_CALL_PARITY;OCT26=PUT_CALL_PARITY;NOV26=PUT_CALL_PARITY;DEC26=PUT_CALL_PARITY;JUN27=PUT_CALL_PARITY;APR27=PUT_CALL_PARITY;MAR27=PUT_CALL_PARITY;FEB27=PUT_CALL_PARITY;JAN27=PUT_CALL_PARITY;MAY27=PUT_CALL_PARITY;JUL27=PUT_CALL_PARITY;SEP27=PUT_CALL_PARITY;AUG27=PUT_CALL_PARITY;DEC29=PUT_CALL_PARITY;DEC27=PUT_CALL_PARITY;MAR28=PUT_CALL_PARITY;DEC28=PUT_CALL_PARITY;DEC30=PUT_CALL_PARITY;JUN28=SERIES_FORWARD_CLUSTER,AUG26=7747.35;SEP26=7748.5;OCT26=7813;NOV26=7808.25;DEC26=7876.5;JUN27=8015.25;APR27=7959.5;MAR27=7945.5;FEB27=7879.75;JAN27=7881;MAY27=7963.25;JUL27=8043.875;SEP27=8077.25;AUG27=8051.75;DEC29=8676.5;DEC27=8103.75;MAR28=8179;DEC28=8373.25;DEC30=9151.75;JUN28=6427.25,NONE,WEIGHTED_ATM,2026-08-21,7,600,0.0,NONE,11513,11041,471,0,0,RTM,MDW;MMW;MRW;MTW,OK,NONE,NONE,2026-08-11
SPX,6600.0,-152722758.6735583,256.9662072913689,0.0,0.0,0.0,0.0,0.0,0.0,7800.932309330873,7693.767690669128,7854.514618661745,7640.185381338256,SEP26,AUG26,2026-08-12,2026-09-18,7747.35,7705.975053873443,FOUND,WARN,UNKNOWN_SERIES;ESTIMATED_EXPIRY_ALIAS,2026-08-02.2,PUT_CALL_PARITY,AUG26,AUG26=PUT_CALL_PARITY;SEP26=PUT_CALL_PARITY;OCT26=PUT_CALL_PARITY;NOV26=PUT_CALL_PARITY;DEC26=PUT_CALL_PARITY;JUN27=PUT_CALL_PARITY;APR27=PUT_CALL_PARITY;MAR27=PUT_CALL_PARITY;FEB27=PUT_CALL_PARITY;JAN27=PUT_CALL_PARITY;MAY27=PUT_CALL_PARITY;JUL27=PUT_CALL_PARITY;SEP27=PUT_CALL_PARITY;AUG27=PUT_CALL_PARITY;DEC29=PUT_CALL_PARITY;DEC27=PUT_CALL_PARITY;MAR28=PUT_CALL_PARITY;DEC28=PUT_CALL_PARITY;DEC30=PUT_CALL_PARITY;JUN28=SERIES_FORWARD_CLUSTER,AUG26=7747.35;SEP26=7748.5;OCT26=7813;NOV26=7808.25;DEC26=7876.5;JUN27=8015.25;APR27=7959.5;MAR27=7945.5;FEB27=7879.75;JAN27=7881;MAY27=7963.25;JUL27=8043.875;SEP27=8077.25;AUG27=8051.75;DEC29=8676.5;DEC27=8103.75;MAR28=8179;DEC28=8373.25;DEC30=9151.75;JUN28=6427.25,NONE,WEIGHTED_ATM,2026-08-21,7,600,0.0,NONE,11513,11041,471,0,0,RTM,MDW;MMW;MRW;MTW,OK,NONE,NONE,2026-08-11
SPX,6610.0,-329890.750880815,0.5496215930955297,0.0,0.0,0.0,0.0,0.0,0.0,7800.932309330873,7693.767690669128,7854.514618661745,7640.185381338256,SEP26,AUG26,2026-08-12,2026-09-18,7747.35,7705.975053873443,FOUND,WARN,UNKNOWN_SERIES;ESTIMATED_EXPIRY_ALIAS,2026-08-02.2,PUT_CALL_PARITY,AUG26,AUG26=PUT_CALL_PARITY;SEP26=PUT_CALL_PARITY;OCT26=PUT_CALL_PARITY;NOV26=PUT_CALL_PARITY;DEC26=PUT_CALL_PARITY;JUN27=PUT_CALL_PARITY;APR27=PUT_CALL_PARITY;MAR27=PUT_CALL_PARITY;FEB27=PUT_CALL_PARITY;JAN27=PUT_CALL_PARITY;MAY27=PUT_CALL_PARITY;JUL27=PUT_CALL_PARITY;SEP27=PUT_CALL_PARITY;AUG27=PUT_CALL_PARITY;DEC29=PUT_CALL_PARITY;DEC27=PUT_CALL_PARITY;MAR28=PUT_CALL_PARITY;DEC28=PUT_CALL_PARITY;DEC30=PUT_CALL_PARITY;JUN28=SERIES_FORWARD_CLUSTER,AUG26=7747.35;SEP26=7748.5;OCT26=7813;NOV26=7808.25;DEC26=7876.5;JUN27=8015.25;APR27=7959.5;MAR27=7945.5;FEB27=7879.75;JAN27=7881;MAY27=7963.25;JUL27=8043.875;SEP27=8077.25;AUG27=8051.75;DEC29=8676.5;DEC27=8103.75;MAR28=8179;DEC28=8373.25;DEC30=9151.75;JUN28=6427.25,NONE,WEIGHTED_ATM,2026-08-21,7,600,0.0,NONE,11513,11041,471,0,0,RTM,MDW;MMW;MRW;MTW,OK,NONE,NONE,2026-08-11
SPX,6620.0,-594206.343242856,0.989990280505317,0.0,0.0,0.0,0.0,0.0,0.0,7800.932309330873,7693.767690669128,7854.514618661745,7640.185381338256,SEP26,AUG26,2026-08-12,2026-09-18,7747.35,7705.975053873443,FOUND,WARN,UNKNOWN_SERIES;ESTIMATED_EXPIRY_ALIAS,2026-08-02.2,PUT_CALL_PARITY,AUG26,AUG26=PUT_CALL_PARITY;SEP26=PUT_CALL_PARITY;OCT26=PUT_CALL_PARITY;NOV26=PUT_CALL_PARITY;DEC26=PUT_CALL_PARITY;JUN27=PUT_CALL_PARITY;APR27=PUT_CALL_PARITY;MAR27=PUT_CALL_PARITY;FEB27=PUT_CALL_PARITY;JAN27=PUT_CALL_PARITY;MAY27=PUT_CALL_PARITY;JUL27=PUT_CALL_PARITY;SEP27=PUT_CALL_PARITY;AUG27=PUT_CALL_PARITY;DEC29=PUT_CALL_PARITY;DEC27=PUT_CALL_PARITY;MAR28=PUT_CALL_PARITY;DEC28=PUT_CALL_PARITY;DEC30=PUT_CALL_PARITY;JUN28=SERIES_FORWARD_CLUSTER,AUG26=7747.35;SEP26=7748.5;OCT26=7813;NOV26=7808.25;DEC26=7876.5;JUN27=8015.25;APR27=7959.5;MAR27=7945.5;FEB27=7879.75;JAN27=7881;MAY27=7963.25;JUL27=8043.875;SEP27=8077.25;AUG27=8051.75;DEC29=8676.5;DEC27=8103.75;MAR28=8179;DEC28=8373.25;DEC30=9151.75;JUN28=6427.25,NONE,WEIGHTED_ATM,2026-08-21,7,600,0.0,NONE,11513,11041,471,0,0,RTM,MDW;MMW;MRW;MTW,OK,NONE,NONE,2026-08-11
SPX,6625.0,-4214855.328805026,6.993059148351508,0.0,0.0,0.0,0.0,0.0,0.0,7800.932309330873,7693.767690669128,7854.514618661745,7640.185381338256,SEP26,AUG26,2026-08-12,2026-09-18,7747.35,7705.975053873443,FOUND,WARN,UNKNOWN_SERIES;ESTIMATED_EXPIRY_ALIAS,2026-08-02.2,PUT_CALL_PARITY,AUG26,AUG26=PUT_CALL_PARITY;SEP26=PUT_CALL_PARITY;OCT26=PUT_CALL_PARITY;NOV26=PUT_CALL_PARITY;DEC26=PUT_CALL_PARITY;JUN27=PUT_CALL_PARITY;APR27=PUT_CALL_PARITY;MAR27=PUT_CALL_PARITY;FEB27=PUT_CALL_PARITY;JAN27=PUT_CALL_PARITY;MAY27=PUT_CALL_PARITY;JUL27=PUT_CALL_PARITY;SEP27=PUT_CALL_PARITY;AUG27=PUT_CALL_PARITY;DEC29=PUT_CALL_PARITY;DEC27=PUT_CALL_PARITY;MAR28=PUT_CALL_PARITY;DEC28=PUT_CALL_PARITY;DEC30=PUT_CALL_PARITY;JUN28=SERIES_FORWARD_CLUSTER,AUG26=7747.35;SEP26=7748.5;OCT26=7813;NOV26=7808.25;DEC26=7876.5;JUN27=8015.25;APR27=7959.5;MAR27=7945.5;FEB27=7879.75;JAN27=7881;MAY27=7963.25;JUL27=8043.875;SEP27=8077.25;AUG27=8051.75;DEC29=8676.5;DEC27=8103.75;MAR28=8179;DEC28=8373.25;DEC30=9151.75;JUN28=6427.25,NONE,WEIGHTED_ATM,2026-08-21,7,600,0.0,NONE,11513,11041,471,0,0,RTM,MDW;MMW;MRW;MTW,OK,NONE,NONE,2026-08-11
SPX,6630.0,-731511.7392978978,1.218574103865239,0.0,0.0,0.0,0.0,0.0,0.0,7800.932309330873,7693.767690669128,7854.514618661745,7640.185381338256,SEP26,AUG26,2026-08-12,2026-09-18,7747.35,7705.975053873443,FOUND,WARN,UNKNOWN_SERIES;ESTIMATED_EXPIRY_ALIAS,2026-08-02.2,PUT_CALL_PARITY,AUG26,AUG26=PUT_CALL_PARITY;SEP26=PUT_CALL_PARITY;OCT26=PUT_CALL_PARITY;NOV26=PUT_CALL_PARITY;DEC26=PUT_CALL_PARITY;JUN27=PUT_CALL_PARITY;APR27=PUT_CALL_PARITY;MAR27=PUT_CALL_PARITY;FEB27=PUT_CALL_PARITY;JAN27=PUT_CALL_PARITY;MAY27=PUT_CALL_PARITY;JUL27=PUT_CALL_PARITY;SEP27=PUT_CALL_PARITY;AUG27=PUT_CALL_PARITY;DEC29=PUT_CALL_PARITY;DEC27=PUT_CALL_PARITY;MAR28=PUT_CALL_PARITY;DEC28=PUT_CALL_PARITY;DEC30=PUT_CALL_PARITY;JUN28=SERIES_FORWARD_CLUSTER,AUG26=7747.35;SEP26=7748.5;OCT26=7813;NOV26=7808.25;DEC26=7876.5;JUN27=8015.25;APR27=7959.5;MAR27=7945.5;FEB27=7879.75;JAN27=7881;MAY27=7963.25;JUL27=8043.875;SEP27=8077.25;AUG27=8051.75;DEC29=8676.5;DEC27=8103.75;MAR28=8179;DEC28=8373.25;DEC30=9151.75;JUN28=6427.25,NONE,WEIGHTED_ATM,2026-08-21,7,600,0.0,NONE,11513,11041,471,0,0,RTM,MDW;MMW;MRW;MTW,OK,NONE,NONE,2026-08-11
SPX,6640.0,-543220.1907140627,0.9050437025734869,0.0,0.0,0.0,0.0,0.0,0.0,7800.932309330873,7693.767690669128,7854.514618661745,7640.185381338256,SEP26,AUG26,2026-08-12,2026-09-18,7747.35,7705.975053873443,FOUND,WARN,UNKNOWN_SERIES;ESTIMATED_EXPIRY_ALIAS,2026-08-02.2,PUT_CALL_PARITY,AUG26,AUG26=PUT_CALL_PARITY;SEP26=PUT_CALL_PARITY;OCT26=PUT_CALL_PARITY;NOV26=PUT_CALL_PARITY;DEC26=PUT_CALL_PARITY;JUN27=PUT_CALL_PARITY;APR27=PUT_CALL_PARITY;MAR27=PUT_CALL_PARITY;FEB27=PUT_CALL_PARITY;JAN27=PUT_CALL_PARITY;MAY27=PUT_CALL_PARITY;JUL27=PUT_CALL_PARITY;SEP27=PUT_CALL_PARITY;AUG27=PUT_CALL_PARITY;DEC29=PUT_CALL_PARITY;DEC27=PUT_CALL_PARITY;MAR28=PUT_CALL_PARITY;DEC28=PUT_CALL_PARITY;DEC30=PUT_CALL_PARITY;JUN28=SERIES_FORWARD_CLUSTER,AUG26=7747.35;SEP26=7748.5;OCT26=7813;NOV26=7808.25;DEC26=7876.5;JUN27=8015.25;APR27=7959.5;MAR27=7945.5;FEB27=7879.75;JAN27=7881;MAY27=7963.25;JUL27=8043.875;SEP27=8077.25;AUG27=8051.75;DEC29=8676.5;DEC27=8103.75;MAR28=8179;DEC28=8373.25;DEC30=9151.75;JUN28=6427.25,NONE,WEIGHTED_ATM,2026-08-21,7,600,0.0,NONE,11513,11041,471,0,0,RTM,MDW;MMW;MRW;MTW,OK,NONE,NONE,2026-08-11
SPX,6650.0,-105371398.93674886,174.17340900783003,0.0,0.0,0.0,0.0,0.0,0.0,7800.932309330873,7693.767690669128,7854.514618661745,7640.185381338256,SEP26,AUG26,2026-08-12,2026-09-18,7747.35,7705.975053873443,FOUND,WARN,UNKNOWN_SERIES;ESTIMATED_EXPIRY_ALIAS,2026-08-02.2,PUT_CALL_PARITY,AUG26,AUG26=PUT_CALL_PARITY;SEP26=PUT_CALL_PARITY;OCT26=PUT_CALL_PARITY;NOV26=PUT_CALL_PARITY;DEC26=PUT_CALL_PARITY;JUN27=PUT_CALL_PARITY;APR27=PUT_CALL_PARITY;MAR27=PUT_CALL_PARITY;FEB27=PUT_CALL_PARITY;JAN27=PUT_CALL_PARITY;MAY27=PUT_CALL_PARITY;JUL27=PUT_CALL_PARITY;SEP27=PUT_CALL_PARITY;AUG27=PUT_CALL_PARITY;DEC29=PUT_CALL_PARITY;DEC27=PUT_CALL_PARITY;MAR28=PUT_CALL_PARITY;DEC28=PUT_CALL_PARITY;DEC30=PUT_CALL_PARITY;JUN28=SERIES_FORWARD_CLUSTER,AUG26=7747.35;SEP26=7748.5;OCT26=7813;NOV26=7808.25;DEC26=7876.5;JUN27=8015.25;APR27=7959.5;MAR27=7945.5;FEB27=7879.75;JAN27=7881;MAY27=7963.25;JUL27=8043.875;SEP27=8077.25;AUG27=8051.75;DEC29=8676.5;DEC27=8103.75;MAR28=8179;DEC28=8373.25;DEC30=9151.75;JUN28=6427.25,NONE,WEIGHTED_ATM,2026-08-21,7,600,0.0,NONE,11513,11041,471,0,0,RTM,MDW;MMW;MRW;MTW,OK,NONE,NONE,2026-08-11
SPX,6660.0,-815845.5562044234,1.3592570665401493,0.0,0.0,0.0,0.0,0.0,0.0,7800.932309330873,7693.767690669128,7854.514618661745,7640.185381338256,SEP26,AUG26,2026-08-12,2026-09-18,7747.35,7705.975053873443,FOUND,WARN,UNKNOWN_SERIES;ESTIMATED_EXPIRY_ALIAS,2026-08-02.2,PUT_CALL_PARITY,AUG26,AUG26=PUT_CALL_PARITY;SEP26=PUT_CALL_PARITY;OCT26=PUT_CALL_PARITY;NOV26=PUT_CALL_PARITY;DEC26=PUT_CALL_PARITY;JUN27=PUT_CALL_PARITY;APR27=PUT_CALL_PARITY;MAR27=PUT_CALL_PARITY;FEB27=PUT_CALL_PARITY;JAN27=PUT_CALL_PARITY;MAY27=PUT_CALL_PARITY;JUL27=PUT_CALL_PARITY;SEP27=PUT_CALL_PARITY;AUG27=PUT_CALL_PARITY;DEC29=PUT_CALL_PARITY;DEC27=PUT_CALL_PARITY;MAR28=PUT_CALL_PARITY;DEC28=PUT_CALL_PARITY;DEC30=PUT_CALL_PARITY;JUN28=SERIES_FORWARD_CLUSTER,AUG26=7747.35;SEP26=7748.5;OCT26=7813;NOV26=7808.25;DEC26=7876.5;JUN27=8015.25;APR27=7959.5;MAR27=7945.5;FEB27=7879.75;JAN27=7881;MAY27=7963.25;JUL27=8043.875;SEP27=8077.25;AUG27=8051.75;DEC29=8676.5;DEC27=8103.75;MAR28=8179;DEC28=8373.25;DEC30=9151.75;JUN28=6427.25,NONE,WEIGHTED_ATM,2026-08-21,7,600,0.0,NONE,11513,11041,471,0,0,RTM,MDW;MMW;MRW;MTW,OK,NONE,NONE,2026-08-11
SPX,6670.0,-679316.2319652231,1.1317894443281034,0.0,0.0,0.0,0.0,0.0,0.0,7800.932309330873,7693.767690669128,7854.514618661745,7640.185381338256,SEP26,AUG26,2026-08-12,2026-09-18,7747.35,7705.975053873443,FOUND,WARN,UNKNOWN_SERIES;ESTIMATED_EXPIRY_ALIAS,2026-08-02.2,PUT_CALL_PARITY,AUG26,AUG26=PUT_CALL_PARITY;SEP26=PUT_CALL_PARITY;OCT26=PUT_CALL_PARITY;NOV26=PUT_CALL_PARITY;DEC26=PUT_CALL_PARITY;JUN27=PUT_CALL_PARITY;APR27=PUT_CALL_PARITY;MAR27=PUT_CALL_PARITY;FEB27=PUT_CALL_PARITY;JAN27=PUT_CALL_PARITY;MAY27=PUT_CALL_PARITY;JUL27=PUT_CALL_PARITY;SEP27=PUT_CALL_PARITY;AUG27=PUT_CALL_PARITY;DEC29=PUT_CALL_PARITY;DEC27=PUT_CALL_PARITY;MAR28=PUT_CALL_PARITY;DEC28=PUT_CALL_PARITY;DEC30=PUT_CALL_PARITY;JUN28=SERIES_FORWARD_CLUSTER,AUG26=7747.35;SEP26=7748.5;OCT26=7813;NOV26=7808.25;DEC26=7876.5;JUN27=8015.25;APR27=7959.5;MAR27=7945.5;FEB27=7879.75;JAN27=7881;MAY27=7963.25;JUL27=8043.875;SEP27=8077.25;AUG27=8051.75;DEC29=8676.5;DEC27=8103.75;MAR28=8179;DEC28=8373.25;DEC30=9151.75;JUN28=6427.25,NONE,WEIGHTED_ATM,2026-08-21,7,600,0.0,NONE,11513,11041,471,0,0,RTM,MDW;MMW;MRW;MTW,OK,NONE,NONE,2026-08-11
SPX,6675.0,-6082957.974602599,10.090896197775937,0.0,0.0,0.0,0.0,0.0,0.0,7800.932309330873,7693.767690669128,7854.514618661745,7640.185381338256,SEP26,AUG26,2026-08-12,2026-09-18,7747.35,7705.975053873443,FOUND,WARN,UNKNOWN_SERIES;ESTIMATED_EXPIRY_ALIAS,2026-08-02.2,PUT_CALL_PARITY,AUG26,AUG26=PUT_CALL_PARITY;SEP26=PUT_CALL_PARITY;OCT26=PUT_CALL_PARITY;NOV26=PUT_CALL_PARITY;DEC26=PUT_CALL_PARITY;JUN27=PUT_CALL_PARITY;APR27=PUT_CALL_PARITY;MAR27=PUT_CALL_PARITY;FEB27=PUT_CALL_PARITY;JAN27=PUT_CALL_PARITY;MAY27=PUT_CALL_PARITY;JUL27=PUT_CALL_PARITY;SEP27=PUT_CALL_PARITY;AUG27=PUT_CALL_PARITY;DEC29=PUT_CALL_PARITY;DEC27=PUT_CALL_PARITY;MAR28=PUT_CALL_PARITY;DEC28=PUT_CALL_PARITY;DEC30=PUT_CALL_PARITY;JUN28=SERIES_FORWARD_CLUSTER,AUG26=7747.35;SEP26=7748.5;OCT26=7813;NOV26=7808.25;DEC26=7876.5;JUN27=8015.25;APR27=7959.5;MAR27=7945.5;FEB27=7879.75;JAN27=7881;MAY27=7963.25;JUL27=8043.875;SEP27=8077.25;AUG27=8051.75;DEC29=8676.5;DEC27=8103.75;MAR28=8179;DEC28=8373.25;DEC30=9151.75;JUN28=6427.25,NONE,WEIGHTED_ATM,2026-08-21,7,600,0.0,NONE,11513,11041,471,0,0,RTM,MDW;MMW;MRW;MTW,OK,NONE,NONE,2026-08-11
SPX,6680.0,-979375.7165939938,1.6317100135612543,0.0,0.0,0.0,0.0,0.0,0.0,7800.932309330873,7693.767690669128,7854.514618661745,7640.185381338256,SEP26,AUG26,2026-08-12,2026-09-18,7747.35,7705.975053873443,FOUND,WARN,UNKNOWN_SERIES;ESTIMATED_EXPIRY_ALIAS,2026-08-02.2,PUT_CALL_PARITY,AUG26,AUG26=PUT_CALL_PARITY;SEP26=PUT_CALL_PARITY;OCT26=PUT_CALL_PARITY;NOV26=PUT_CALL_PARITY;DEC26=PUT_CALL_PARITY;JUN27=PUT_CALL_PARITY;APR27=PUT_CALL_PARITY;MAR27=PUT_CALL_PARITY;FEB27=PUT_CALL_PARITY;JAN27=PUT_CALL_PARITY;MAY27=PUT_CALL_PARITY;JUL27=PUT_CALL_PARITY;SEP27=PUT_CALL_PARITY;AUG27=PUT_CALL_PARITY;DEC29=PUT_CALL_PARITY;DEC27=PUT_CALL_PARITY;MAR28=PUT_CALL_PARITY;DEC28=PUT_CALL_PARITY;DEC30=PUT_CALL_PARITY;JUN28=SERIES_FORWARD_CLUSTER,AUG26=7747.35;SEP26=7748.5;OCT26=7813;NOV26=7808.25;DEC26=7876.5;JUN27=8015.25;APR27=7959.5;MAR27=7945.5;FEB27=7879.75;JAN27=7881;MAY27=7963.25;JUL27=8043.875;SEP27=8077.25;AUG27=8051.75;DEC29=8676.5;DEC27=8103.75;MAR28=8179;DEC28=8373.25;DEC30=9151.75;JUN28=6427.25,NONE,WEIGHTED_ATM,2026-08-21,7,600,0.0,NONE,11513,11041,471,0,0,RTM,MDW;MMW;MRW;MTW,OK,NONE,NONE,2026-08-11
SPX,6690.0,-712680.4338139169,1.187376591659388,0.0,0.0,0.0,0.0,0.0,0.0,7800.932309330873,7693.767690669128,7854.514618661745,7640.185381338256,SEP26,AUG26,2026-08-12,2026-09-18,7747.35,7705.975053873443,FOUND,WARN,UNKNOWN_SERIES;ESTIMATED_EXPIRY_ALIAS,2026-08-02.2,PUT_CALL_PARITY,AUG26,AUG26=PUT_CALL_PARITY;SEP26=PUT_CALL_PARITY;OCT26=PUT_CALL_PARITY;NOV26=PUT_CALL_PARITY;DEC26=PUT_CALL_PARITY;JUN27=PUT_CALL_PARITY;APR27=PUT_CALL_PARITY;MAR27=PUT_CALL_PARITY;FEB27=PUT_CALL_PARITY;JAN27=PUT_CALL_PARITY;MAY27=PUT_CALL_PARITY;JUL27=PUT_CALL_PARITY;SEP27=PUT_CALL_PARITY;AUG27=PUT_CALL_PARITY;DEC29=PUT_CALL_PARITY;DEC27=PUT_CALL_PARITY;MAR28=PUT_CALL_PARITY;DEC28=PUT_CALL_PARITY;DEC30=PUT_CALL_PARITY;JUN28=SERIES_FORWARD_CLUSTER,AUG26=7747.35;SEP26=7748.5;OCT26=7813;NOV26=7808.25;DEC26=7876.5;JUN27=8015.25;APR27=7959.5;MAR27=7945.5;FEB27=7879.75;JAN27=7881;MAY27=7963.25;JUL27=8043.875;SEP27=8077.25;AUG27=8051.75;DEC29=8676.5;DEC27=8103.75;MAR28=8179;DEC28=8373.25;DEC30=9151.75;JUN28=6427.25,NONE,WEIGHTED_ATM,2026-08-21,7,600,0.0,NONE,11513,11041,471,0,0,RTM,MDW;MMW;MRW;MTW,OK,NONE,NONE,2026-08-11
SPX,6700.0,-150439289.18424192,266.11308464948155,0.0,0.0,0.0,0.0,0.0,0.0,7800.932309330873,7693.767690669128,7854.514618661745,7640.185381338256,SEP26,AUG26,2026-08-12,2026-09-18,7747.35,7705.975053873443,FOUND,WARN,UNKNOWN_SERIES;ESTIMATED_EXPIRY_ALIAS,2026-08-02.2,PUT_CALL_PARITY,AUG26,AUG26=PUT_CALL_PARITY;SEP26=PUT_CALL_PARITY;OCT26=PUT_CALL_PARITY;NOV26=PUT_CALL_PARITY;DEC26=PUT_CALL_PARITY;JUN27=PUT_CALL_PARITY;APR27=PUT_CALL_PARITY;MAR27=PUT_CALL_PARITY;FEB27=PUT_CALL_PARITY;JAN27=PUT_CALL_PARITY;MAY27=PUT_CALL_PARITY;JUL27=PUT_CALL_PARITY;SEP27=PUT_CALL_PARITY;AUG27=PUT_CALL_PARITY;DEC29=PUT_CALL_PARITY;DEC27=PUT_CALL_PARITY;MAR28=PUT_CALL_PARITY;DEC28=PUT_CALL_PARITY;DEC30=PUT_CALL_PARITY;JUN28=SERIES_FORWARD_CLUSTER,AUG26=7747.35;SEP26=7748.5;OCT26=7813;NOV26=7808.25;DEC26=7876.5;JUN27=8015.25;APR27=7959.5;MAR27=7945.5;FEB27=7879.75;JAN27=7881;MAY27=7963.25;JUL27=8043.875;SEP27=8077.25;AUG27=8051.75;DEC29=8676.5;DEC27=8103.75;MAR28=8179;DEC28=8373.25;DEC30=9151.75;JUN28=6427.25,NONE,WEIGHTED_ATM,2026-08-21,7,600,0.0,NONE,11513,11041,471,0,0,RTM,MDW;MMW;MRW;MTW,OK,NONE,NONE,2026-08-11
SPX,6710.0,-810771.3908085547,1.3506612935419802,0.0,0.0,0.0,0.0,0.0,0.0,7800.932309330873,7693.767690669128,7854.514618661745,7640.185381338256,SEP26,AUG26,2026-08-12,2026-09-18,7747.35,7705.975053873443,FOUND,WARN,UNKNOWN_SERIES;ESTIMATED_EXPIRY_ALIAS,2026-08-02.2,PUT_CALL_PARITY,AUG26,AUG26=PUT_CALL_PARITY;SEP26=PUT_CALL_PARITY;OCT26=PUT_CALL_PARITY;NOV26=PUT_CALL_PARITY;DEC26=PUT_CALL_PARITY;JUN27=PUT_CALL_PARITY;APR27=PUT_CALL_PARITY;MAR27=PUT_CALL_PARITY;FEB27=PUT_CALL_PARITY;JAN27=PUT_CALL_PARITY;MAY27=PUT_CALL_PARITY;JUL27=PUT_CALL_PARITY;SEP27=PUT_CALL_PARITY;AUG27=PUT_CALL_PARITY;DEC29=PUT_CALL_PARITY;DEC27=PUT_CALL_PARITY;MAR28=PUT_CALL_PARITY;DEC28=PUT_CALL_PARITY;DEC30=PUT_CALL_PARITY;JUN28=SERIES_FORWARD_CLUSTER,AUG26=7747.35;SEP26=7748.5;OCT26=7813;NOV26=7808.25;DEC26=7876.5;JUN27=8015.25;APR27=7959.5;MAR27=7945.5;FEB27=7879.75;JAN27=7881;MAY27=7963.25;JUL27=8043.875;SEP27=8077.25;AUG27=8051.75;DEC29=8676.5;DEC27=8103.75;MAR28=8179;DEC28=8373.25;DEC30=9151.75;JUN28=6427.25,NONE,WEIGHTED_ATM,2026-08-21,7,600,0.0,NONE,11513,11041,471,0,0,RTM,MDW;MMW;MRW;MTW,OK,NONE,NONE,2026-08-11
SPX,6720.0,-1020134.7708105927,1.6996175140042953,0.0,0.0,0.0,0.0,0.0,0.0,7800.932309330873,7693.767690669128,7854.514618661745,7640.185381338256,SEP26,AUG26,2026-08-12,2026-09-18,7747.35,7705.975053873443,FOUND,WARN,UNKNOWN_SERIES;ESTIMATED_EXPIRY_ALIAS,2026-08-02.2,PUT_CALL_PARITY,AUG26,AUG26=PUT_CALL_PARITY;SEP26=PUT_CALL_PARITY;OCT26=PUT_CALL_PARITY;NOV26=PUT_CALL_PARITY;DEC26=PUT_CALL_PARITY;JUN27=PUT_CALL_PARITY;APR27=PUT_CALL_PARITY;MAR27=PUT_CALL_PARITY;FEB27=PUT_CALL_PARITY;JAN27=PUT_CALL_PARITY;MAY27=PUT_CALL_PARITY;JUL27=PUT_CALL_PARITY;SEP27=PUT_CALL_PARITY;AUG27=PUT_CALL_PARITY;DEC29=PUT_CALL_PARITY;DEC27=PUT_CALL_PARITY;MAR28=PUT_CALL_PARITY;DEC28=PUT_CALL_PARITY;DEC30=PUT_CALL_PARITY;JUN28=SERIES_FORWARD_CLUSTER,AUG26=7747.35;SEP26=7748.5;OCT26=7813;NOV26=7808.25;DEC26=7876.5;JUN27=8015.25;APR27=7959.5;MAR27=7945.5;FEB27=7879.75;JAN27=7881;MAY27=7963.25;JUL27=8043.875;SEP27=8077.25;AUG27=8051.75;DEC29=8676.5;DEC27=8103.75;MAR28=8179;DEC28=8373.25;DEC30=9151.75;JUN28=6427.25,NONE,WEIGHTED_ATM,2026-08-21,7,600,0.0,NONE,11513,11041,471,0,0,RTM,MDW;MMW;MRW;MTW,OK,NONE,NONE,2026-08-11
SPX,6725.0,-36276692.00836041,64.04999861280785,0.0,0.0,0.0,0.0,0.0,0.0,7800.932309330873,7693.767690669128,7854.514618661745,7640.185381338256,SEP26,AUG26,2026-08-12,2026-09-18,7747.35,7705.975053873443,FOUND,WARN,UNKNOWN_SERIES;ESTIMATED_EXPIRY_ALIAS,2026-08-02.2,PUT_CALL_PARITY,AUG26,AUG26=PUT_CALL_PARITY;SEP26=PUT_CALL_PARITY;OCT26=PUT_CALL_PARITY;NOV26=PUT_CALL_PARITY;DEC26=PUT_CALL_PARITY;JUN27=PUT_CALL_PARITY;APR27=PUT_CALL_PARITY;MAR27=PUT_CALL_PARITY;FEB27=PUT_CALL_PARITY;JAN27=PUT_CALL_PARITY;MAY27=PUT_CALL_PARITY;JUL27=PUT_CALL_PARITY;SEP27=PUT_CALL_PARITY;AUG27=PUT_CALL_PARITY;DEC29=PUT_CALL_PARITY;DEC27=PUT_CALL_PARITY;MAR28=PUT_CALL_PARITY;DEC28=PUT_CALL_PARITY;DEC30=PUT_CALL_PARITY;JUN28=SERIES_FORWARD_CLUSTER,AUG26=7747.35;SEP26=7748.5;OCT26=7813;NOV26=7808.25;DEC26=7876.5;JUN27=8015.25;APR27=7959.5;MAR27=7945.5;FEB27=7879.75;JAN27=7881;MAY27=7963.25;JUL27=8043.875;SEP27=8077.25;AUG27=8051.75;DEC29=8676.5;DEC27=8103.75;MAR28=8179;DEC28=8373.25;DEC30=9151.75;JUN28=6427.25,NONE,WEIGHTED_ATM,2026-08-21,7,600,0.0,NONE,11513,11041,471,0,0,RTM,MDW;MMW;MRW;MTW,OK,NONE,NONE,2026-08-11
SPX,6730.0,-1176532.7434582056,1.9601877259728877,0.0,0.0,0.0,0.0,0.0,0.0,7800.932309330873,7693.767690669128,7854.514618661745,7640.185381338256,SEP26,AUG26,2026-08-12,2026-09-18,7747.35,7705.975053873443,FOUND,WARN,UNKNOWN_SERIES;ESTIMATED_EXPIRY_ALIAS,2026-08-02.2,PUT_CALL_PARITY,AUG26,AUG26=PUT_CALL_PARITY;SEP26=PUT_CALL_PARITY;OCT26=PUT_CALL_PARITY;NOV26=PUT_CALL_PARITY;DEC26=PUT_CALL_PARITY;JUN27=PUT_CALL_PARITY;APR27=PUT_CALL_PARITY;MAR27=PUT_CALL_PARITY;FEB27=PUT_CALL_PARITY;JAN27=PUT_CALL_PARITY;MAY27=PUT_CALL_PARITY;JUL27=PUT_CALL_PARITY;SEP27=PUT_CALL_PARITY;AUG27=PUT_CALL_PARITY;DEC29=PUT_CALL_PARITY;DEC27=PUT_CALL_PARITY;MAR28=PUT_CALL_PARITY;DEC28=PUT_CALL_PARITY;DEC30=PUT_CALL_PARITY;JUN28=SERIES_FORWARD_CLUSTER,AUG26=7747.35;SEP26=7748.5;OCT26=7813;NOV26=7808.25;DEC26=7876.5;JUN27=8015.25;APR27=7959.5;MAR27=7945.5;FEB27=7879.75;JAN27=7881;MAY27=7963.25;JUL27=8043.875;SEP27=8077.25;AUG27=8051.75;DEC29=8676.5;DEC27=8103.75;MAR28=8179;DEC28=8373.25;DEC30=9151.75;JUN28=6427.25,NONE,WEIGHTED_ATM,2026-08-21,7,600,0.0,NONE,11513,11041,471,0,0,RTM,MDW;MMW;MRW;MTW,OK,NONE,NONE,2026-08-11
SPX,6740.0,-1709017.3783684487,2.847345224498802,0.0,0.0,0.0,0.0,0.0,0.0,7800.932309330873,7693.767690669128,7854.514618661745,7640.185381338256,SEP26,AUG26,2026-08-12,2026-09-18,7747.35,7705.975053873443,FOUND,WARN,UNKNOWN_SERIES;ESTIMATED_EXPIRY_ALIAS,2026-08-02.2,PUT_CALL_PARITY,AUG26,AUG26=PUT_CALL_PARITY;SEP26=PUT_CALL_PARITY;OCT26=PUT_CALL_PARITY;NOV26=PUT_CALL_PARITY;DEC26=PUT_CALL_PARITY;JUN27=PUT_CALL_PARITY;APR27=PUT_CALL_PARITY;MAR27=PUT_CALL_PARITY;FEB27=PUT_CALL_PARITY;JAN27=PUT_CALL_PARITY;MAY27=PUT_CALL_PARITY;JUL27=PUT_CALL_PARITY;SEP27=PUT_CALL_PARITY;AUG27=PUT_CALL_PARITY;DEC29=PUT_CALL_PARITY;DEC27=PUT_CALL_PARITY;MAR28=PUT_CALL_PARITY;DEC28=PUT_CALL_PARITY;DEC30=PUT_CALL_PARITY;JUN28=SERIES_FORWARD_CLUSTER,AUG26=7747.35;SEP26=7748.5;OCT26=7813;NOV26=7808.25;DEC26=7876.5;JUN27=8015.25;APR27=7959.5;MAR27=7945.5;FEB27=7879.75;JAN27=7881;MAY27=7963.25;JUL27=8043.875;SEP27=8077.25;AUG27=8051.75;DEC29=8676.5;DEC27=8103.75;MAR28=8179;DEC28=8373.25;DEC30=9151.75;JUN28=6427.25,NONE,WEIGHTED_ATM,2026-08-21,7,600,0.0,NONE,11513,11041,471,0,0,RTM,MDW;MMW;MRW;MTW,OK,NONE,NONE,2026-08-11
SPX,6750.0,-139020937.732557,303.72463852626737,0.0,0.0,0.0,0.0,0.0,0.0,7800.932309330873,7693.767690669128,7854.514618661745,7640.185381338256,SEP26,AUG26,2026-08-12,2026-09-18,7747.35,7705.975053873443,FOUND,WARN,UNKNOWN_SERIES;ESTIMATED_EXPIRY_ALIAS,2026-08-02.2,PUT_CALL_PARITY,AUG26,AUG26=PUT_CALL_PARITY;SEP26=PUT_CALL_PARITY;OCT26=PUT_CALL_PARITY;NOV26=PUT_CALL_PARITY;DEC26=PUT_CALL_PARITY;JUN27=PUT_CALL_PARITY;APR27=PUT_CALL_PARITY;MAR27=PUT_CALL_PARITY;FEB27=PUT_CALL_PARITY;JAN27=PUT_CALL_PARITY;MAY27=PUT_CALL_PARITY;JUL27=PUT_CALL_PARITY;SEP27=PUT_CALL_PARITY;AUG27=PUT_CALL_PARITY;DEC29=PUT_CALL_PARITY;DEC27=PUT_CALL_PARITY;MAR28=PUT_CALL_PARITY;DEC28=PUT_CALL_PARITY;DEC30=PUT_CALL_PARITY;JUN28=SERIES_FORWARD_CLUSTER,AUG26=7747.35;SEP26=7748.5;OCT26=7813;NOV26=7808.25;DEC26=7876.5;JUN27=8015.25;APR27=7959.5;MAR27=7945.5;FEB27=7879.75;JAN27=7881;MAY27=7963.25;JUL27=8043.875;SEP27=8077.25;AUG27=8051.75;DEC29=8676.5;DEC27=8103.75;MAR28=8179;DEC28=8373.25;DEC30=9151.75;JUN28=6427.25,NONE,WEIGHTED_ATM,2026-08-21,7,600,0.0,NONE,11513,11041,471,0,0,RTM,MDW;MMW;MRW;MTW,OK,NONE,NONE,2026-08-11
SPX,6760.0,-1524480.245032302,2.539893157598816,0.0,0.0,0.0,0.0,0.0,0.0,7800.932309330873,7693.767690669128,7854.514618661745,7640.185381338256,SEP26,AUG26,2026-08-12,2026-09-18,7747.35,7705.975053873443,FOUND,WARN,UNKNOWN_SERIES;ESTIMATED_EXPIRY_ALIAS,2026-08-02.2,PUT_CALL_PARITY,AUG26,AUG26=PUT_CALL_PARITY;SEP26=PUT_CALL_PARITY;OCT26=PUT_CALL_PARITY;NOV26=PUT_CALL_PARITY;DEC26=PUT_CALL_PARITY;JUN27=PUT_CALL_PARITY;APR27=PUT_CALL_PARITY;MAR27=PUT_CALL_PARITY;FEB27=PUT_CALL_PARITY;JAN27=PUT_CALL_PARITY;MAY27=PUT_CALL_PARITY;JUL27=PUT_CALL_PARITY;SEP27=PUT_CALL_PARITY;AUG27=PUT_CALL_PARITY;DEC29=PUT_CALL_PARITY;DEC27=PUT_CALL_PARITY;MAR28=PUT_CALL_PARITY;DEC28=PUT_CALL_PARITY;DEC30=PUT_CALL_PARITY;JUN28=SERIES_FORWARD_CLUSTER,AUG26=7747.35;SEP26=7748.5;OCT26=7813;NOV26=7808.25;DEC26=7876.5;JUN27=8015.25;APR27=7959.5;MAR27=7945.5;FEB27=7879.75;JAN27=7881;MAY27=7963.25;JUL27=8043.875;SEP27=8077.25;AUG27=8051.75;DEC29=8676.5;DEC27=8103.75;MAR28=8179;DEC28=8373.25;DEC30=9151.75;JUN28=6427.25,NONE,WEIGHTED_ATM,2026-08-21,7,600,0.0,NONE,11513,11041,471,0,0,RTM,MDW;MMW;MRW;MTW,OK,NONE,NONE,2026-08-11
SPX,6770.0,-2285479.9879558636,3.807770792644333,0.0,0.0,0.0,0.0,0.0,0.0,7800.932309330873,7693.767690669128,7854.514618661745,7640.185381338256,SEP26,AUG26,2026-08-12,2026-09-18,7747.35,7705.975053873443,FOUND,WARN,UNKNOWN_SERIES;ESTIMATED_EXPIRY_ALIAS,2026-08-02.2,PUT_CALL_PARITY,AUG26,AUG26=PUT_CALL_PARITY;SEP26=PUT_CALL_PARITY;OCT26=PUT_CALL_PARITY;NOV26=PUT_CALL_PARITY;DEC26=PUT_CALL_PARITY;JUN27=PUT_CALL_PARITY;APR27=PUT_CALL_PARITY;MAR27=PUT_CALL_PARITY;FEB27=PUT_CALL_PARITY;JAN27=PUT_CALL_PARITY;MAY27=PUT_CALL_PARITY;JUL27=PUT_CALL_PARITY;SEP27=PUT_CALL_PARITY;AUG27=PUT_CALL_PARITY;DEC29=PUT_CALL_PARITY;DEC27=PUT_CALL_PARITY;MAR28=PUT_CALL_PARITY;DEC28=PUT_CALL_PARITY;DEC30=PUT_CALL_PARITY;JUN28=SERIES_FORWARD_CLUSTER,AUG26=7747.35;SEP26=7748.5;OCT26=7813;NOV26=7808.25;DEC26=7876.5;JUN27=8015.25;APR27=7959.5;MAR27=7945.5;FEB27=7879.75;JAN27=7881;MAY27=7963.25;JUL27=8043.875;SEP27=8077.25;AUG27=8051.75;DEC29=8676.5;DEC27=8103.75;MAR28=8179;DEC28=8373.25;DEC30=9151.75;JUN28=6427.25,NONE,WEIGHTED_ATM,2026-08-21,7,600,0.0,NONE,11513,11041,471,0,0,RTM,MDW;MMW;MRW;MTW,OK,NONE,NONE,2026-08-11
SPX,6775.0,-11429311.162983019,19.017462324311055,0.0,0.0,0.0,0.0,0.0,0.0,7800.932309330873,7693.767690669128,7854.514618661745,7640.185381338256,SEP26,AUG26,2026-08-12,2026-09-18,7747.35,7705.975053873443,FOUND,WARN,UNKNOWN_SERIES;ESTIMATED_EXPIRY_ALIAS,2026-08-02.2,PUT_CALL_PARITY,AUG26,AUG26=PUT_CALL_PARITY;SEP26=PUT_CALL_PARITY;OCT26=PUT_CALL_PARITY;NOV26=PUT_CALL_PARITY;DEC26=PUT_CALL_PARITY;JUN27=PUT_CALL_PARITY;APR27=PUT_CALL_PARITY;MAR27=PUT_CALL_PARITY;FEB27=PUT_CALL_PARITY;JAN27=PUT_CALL_PARITY;MAY27=PUT_CALL_PARITY;JUL27=PUT_CALL_PARITY;SEP27=PUT_CALL_PARITY;AUG27=PUT_CALL_PARITY;DEC29=PUT_CALL_PARITY;DEC27=PUT_CALL_PARITY;MAR28=PUT_CALL_PARITY;DEC28=PUT_CALL_PARITY;DEC30=PUT_CALL_PARITY;JUN28=SERIES_FORWARD_CLUSTER,AUG26=7747.35;SEP26=7748.5;OCT26=7813;NOV26=7808.25;DEC26=7876.5;JUN27=8015.25;APR27=7959.5;MAR27=7945.5;FEB27=7879.75;JAN27=7881;MAY27=7963.25;JUL27=8043.875;SEP27=8077.25;AUG27=8051.75;DEC29=8676.5;DEC27=8103.75;MAR28=8179;DEC28=8373.25;DEC30=9151.75;JUN28=6427.25,NONE,WEIGHTED_ATM,2026-08-21,7,600,0.0,NONE,11513,11041,471,0,0,RTM,MDW;MMW;MRW;MTW,OK,NONE,NONE,2026-08-11
SPX,6780.0,-2801130.511504523,4.666653683538021,0.0,0.0,0.0,0.0,0.0,0.0,7800.932309330873,7693.767690669128,7854.514618661745,7640.185381338256,SEP26,AUG26,2026-08-12,2026-09-18,7747.35,7705.975053873443,FOUND,WARN,UNKNOWN_SERIES;ESTIMATED_EXPIRY_ALIAS,2026-08-02.2,PUT_CALL_PARITY,AUG26,AUG26=PUT_CALL_PARITY;SEP26=PUT_CALL_PARITY;OCT26=PUT_CALL_PARITY;NOV26=PUT_CALL_PARITY;DEC26=PUT_CALL_PARITY;JUN27=PUT_CALL_PARITY;APR27=PUT_CALL_PARITY;MAR27=PUT_CALL_PARITY;FEB27=PUT_CALL_PARITY;JAN27=PUT_CALL_PARITY;MAY27=PUT_CALL_PARITY;JUL27=PUT_CALL_PARITY;SEP27=PUT_CALL_PARITY;AUG27=PUT_CALL_PARITY;DEC29=PUT_CALL_PARITY;DEC27=PUT_CALL_PARITY;MAR28=PUT_CALL_PARITY;DEC28=PUT_CALL_PARITY;DEC30=PUT_CALL_PARITY;JUN28=SERIES_FORWARD_CLUSTER,AUG26=7747.35;SEP26=7748.5;OCT26=7813;NOV26=7808.25;DEC26=7876.5;JUN27=8015.25;APR27=7959.5;MAR27=7945.5;FEB27=7879.75;JAN27=7881;MAY27=7963.25;JUL27=8043.875;SEP27=8077.25;AUG27=8051.75;DEC29=8676.5;DEC27=8103.75;MAR28=8179;DEC28=8373.25;DEC30=9151.75;JUN28=6427.25,NONE,WEIGHTED_ATM,2026-08-21,7,600,0.0,NONE,11513,11041,471,0,0,RTM,MDW;MMW;MRW;MTW,OK,NONE,NONE,2026-08-11
SPX,6790.0,-1994458.4735885705,3.322657578739822,0.0,0.0,0.0,0.0,0.0,0.0,7800.932309330873,7693.767690669128,7854.514618661745,7640.185381338256,SEP26,AUG26,2026-08-12,2026-09-18,7747.35,7705.975053873443,FOUND,WARN,UNKNOWN_SERIES;ESTIMATED_EXPIRY_ALIAS,2026-08-02.2,PUT_CALL_PARITY,AUG26,AUG26=PUT_CALL_PARITY;SEP26=PUT_CALL_PARITY;OCT26=PUT_CALL_PARITY;NOV26=PUT_CALL_PARITY;DEC26=PUT_CALL_PARITY;JUN27=PUT_CALL_PARITY;APR27=PUT_CALL_PARITY;MAR27=PUT_CALL_PARITY;FEB27=PUT_CALL_PARITY;JAN27=PUT_CALL_PARITY;MAY27=PUT_CALL_PARITY;JUL27=PUT_CALL_PARITY;SEP27=PUT_CALL_PARITY;AUG27=PUT_CALL_PARITY;DEC29=PUT_CALL_PARITY;DEC27=PUT_CALL_PARITY;MAR28=PUT_CALL_PARITY;DEC28=PUT_CALL_PARITY;DEC30=PUT_CALL_PARITY;JUN28=SERIES_FORWARD_CLUSTER,AUG26=7747.35;SEP26=7748.5;OCT26=7813;NOV26=7808.25;DEC26=7876.5;JUN27=8015.25;APR27=7959.5;MAR27=7945.5;FEB27=7879.75;JAN27=7881;MAY27=7963.25;JUL27=8043.875;SEP27=8077.25;AUG27=8051.75;DEC29=8676.5;DEC27=8103.75;MAR28=8179;DEC28=8373.25;DEC30=9151.75;JUN28=6427.25,NONE,WEIGHTED_ATM,2026-08-21,7,600,0.0,NONE,11513,11041,471,0,0,RTM,MDW;MMW;MRW;MTW,OK,NONE,NONE,2026-08-11
SPX,6800.0,-343107206.00123286,613.1112963692399,0.0,0.0,0.0,0.0,0.0,0.0,7800.932309330873,7693.767690669128,7854.514618661745,7640.185381338256,SEP26,AUG26,2026-08-12,2026-09-18,7747.35,7705.975053873443,FOUND,WARN,UNKNOWN_SERIES;ESTIMATED_EXPIRY_ALIAS,2026-08-02.2,PUT_CALL_PARITY,AUG26,AUG26=PUT_CALL_PARITY;SEP26=PUT_CALL_PARITY;OCT26=PUT_CALL_PARITY;NOV26=PUT_CALL_PARITY;DEC26=PUT_CALL_PARITY;JUN27=PUT_CALL_PARITY;APR27=PUT_CALL_PARITY;MAR27=PUT_CALL_PARITY;FEB27=PUT_CALL_PARITY;JAN27=PUT_CALL_PARITY;MAY27=PUT_CALL_PARITY;JUL27=PUT_CALL_PARITY;SEP27=PUT_CALL_PARITY;AUG27=PUT_CALL_PARITY;DEC29=PUT_CALL_PARITY;DEC27=PUT_CALL_PARITY;MAR28=PUT_CALL_PARITY;DEC28=PUT_CALL_PARITY;DEC30=PUT_CALL_PARITY;JUN28=SERIES_FORWARD_CLUSTER,AUG26=7747.35;SEP26=7748.5;OCT26=7813;NOV26=7808.25;DEC26=7876.5;JUN27=8015.25;APR27=7959.5;MAR27=7945.5;FEB27=7879.75;JAN27=7881;MAY27=7963.25;JUL27=8043.875;SEP27=8077.25;AUG27=8051.75;DEC29=8676.5;DEC27=8103.75;MAR28=8179;DEC28=8373.25;DEC30=9151.75;JUN28=6427.25,NONE,WEIGHTED_ATM,2026-08-21,7,600,0.0,NONE,11513,11041,471,0,0,RTM,MDW;MMW;MRW;MTW,OK,NONE,NONE,2026-08-11
SPX,6810.0,-1085897.3639069942,1.809182699106426,0.0,0.0,0.0,0.0,0.0,0.0,7800.932309330873,7693.767690669128,7854.514618661745,7640.185381338256,SEP26,AUG26,2026-08-12,2026-09-18,7747.35,7705.975053873443,FOUND,WARN,UNKNOWN_SERIES;ESTIMATED_EXPIRY_ALIAS,2026-08-02.2,PUT_CALL_PARITY,AUG26,AUG26=PUT_CALL_PARITY;SEP26=PUT_CALL_PARITY;OCT26=PUT_CALL_PARITY;NOV26=PUT_CALL_PARITY;DEC26=PUT_CALL_PARITY;JUN27=PUT_CALL_PARITY;APR27=PUT_CALL_PARITY;MAR27=PUT_CALL_PARITY;FEB27=PUT_CALL_PARITY;JAN27=PUT_CALL_PARITY;MAY27=PUT_CALL_PARITY;JUL27=PUT_CALL_PARITY;SEP27=PUT_CALL_PARITY;AUG27=PUT_CALL_PARITY;DEC29=PUT_CALL_PARITY;DEC27=PUT_CALL_PARITY;MAR28=PUT_CALL_PARITY;DEC28=PUT_CALL_PARITY;DEC30=PUT_CALL_PARITY;JUN28=SERIES_FORWARD_CLUSTER,AUG26=7747.35;SEP26=7748.5;OCT26=7813;NOV26=7808.25;DEC26=7876.5;JUN27=8015.25;APR27=7959.5;MAR27=7945.5;FEB27=7879.75;JAN27=7881;MAY27=7963.25;JUL27=8043.875;SEP27=8077.25;AUG27=8051.75;DEC29=8676.5;DEC27=8103.75;MAR28=8179;DEC28=8373.25;DEC30=9151.75;JUN28=6427.25,NONE,WEIGHTED_ATM,2026-08-21,7,600,0.0,NONE,11513,11041,471,0,0,RTM,MDW;MMW;MRW;MTW,OK,NONE,NONE,2026-08-11
SPX,6820.0,-1337471.6984893356,2.228322054435323,0.0,0.0,0.0,0.0,0.0,0.0,7800.932309330873,7693.767690669128,7854.514618661745,7640.185381338256,SEP26,AUG26,2026-08-12,2026-09-18,7747.35,7705.975053873443,FOUND,WARN,UNKNOWN_SERIES;ESTIMATED_EXPIRY_ALIAS,2026-08-02.2,PUT_CALL_PARITY,AUG26,AUG26=PUT_CALL_PARITY;SEP26=PUT_CALL_PARITY;OCT26=PUT_CALL_PARITY;NOV26=PUT_CALL_PARITY;DEC26=PUT_CALL_PARITY;JUN27=PUT_CALL_PARITY;APR27=PUT_CALL_PARITY;MAR27=PUT_CALL_PARITY;FEB27=PUT_CALL_PARITY;JAN27=PUT_CALL_PARITY;MAY27=PUT_CALL_PARITY;JUL27=PUT_CALL_PARITY;SEP27=PUT_CALL_PARITY;AUG27=PUT_CALL_PARITY;DEC29=PUT_CALL_PARITY;DEC27=PUT_CALL_PARITY;MAR28=PUT_CALL_PARITY;DEC28=PUT_CALL_PARITY;DEC30=PUT_CALL_PARITY;JUN28=SERIES_FORWARD_CLUSTER,AUG26=7747.35;SEP26=7748.5;OCT26=7813;NOV26=7808.25;DEC26=7876.5;JUN27=8015.25;APR27=7959.5;MAR27=7945.5;FEB27=7879.75;JAN27=7881;MAY27=7963.25;JUL27=8043.875;SEP27=8077.25;AUG27=8051.75;DEC29=8676.5;DEC27=8103.75;MAR28=8179;DEC28=8373.25;DEC30=9151.75;JUN28=6427.25,NONE,WEIGHTED_ATM,2026-08-21,7,600,0.0,NONE,11513,11041,471,0,0,RTM,MDW;MMW;MRW;MTW,OK,NONE,NONE,2026-08-11
SPX,6825.0,-16573294.054013709,27.595180618197073,0.0,0.0,0.0,0.0,0.0,0.0,7800.932309330873,7693.767690669128,7854.514618661745,7640.185381338256,SEP26,AUG26,2026-08-12,2026-09-18,7747.35,7705.975053873443,FOUND,WARN,UNKNOWN_SERIES;ESTIMATED_EXPIRY_ALIAS,2026-08-02.2,PUT_CALL_PARITY,AUG26,AUG26=PUT_CALL_PARITY;SEP26=PUT_CALL_PARITY;OCT26=PUT_CALL_PARITY;NOV26=PUT_CALL_PARITY;DEC26=PUT_CALL_PARITY;JUN27=PUT_CALL_PARITY;APR27=PUT_CALL_PARITY;MAR27=PUT_CALL_PARITY;FEB27=PUT_CALL_PARITY;JAN27=PUT_CALL_PARITY;MAY27=PUT_CALL_PARITY;JUL27=PUT_CALL_PARITY;SEP27=PUT_CALL_PARITY;AUG27=PUT_CALL_PARITY;DEC29=PUT_CALL_PARITY;DEC27=PUT_CALL_PARITY;MAR28=PUT_CALL_PARITY;DEC28=PUT_CALL_PARITY;DEC30=PUT_CALL_PARITY;JUN28=SERIES_FORWARD_CLUSTER,AUG26=7747.35;SEP26=7748.5;OCT26=7813;NOV26=7808.25;DEC26=7876.5;JUN27=8015.25;APR27=7959.5;MAR27=7945.5;FEB27=7879.75;JAN27=7881;MAY27=7963.25;JUL27=8043.875;SEP27=8077.25;AUG27=8051.75;DEC29=8676.5;DEC27=8103.75;MAR28=8179;DEC28=8373.25;DEC30=9151.75;JUN28=6427.25,NONE,WEIGHTED_ATM,2026-08-21,7,600,0.0,NONE,11513,11041,471,0,0,RTM,MDW;MMW;MRW;MTW,OK,NONE,NONE,2026-08-11
SPX,6830.0,-829391.55664467,1.381813527572963,0.0,0.0,0.0,0.0,0.0,0.0,7800.932309330873,7693.767690669128,7854.514618661745,7640.185381338256,SEP26,AUG26,2026-08-12,2026-09-18,7747.35,7705.975053873443,FOUND,WARN,UNKNOWN_SERIES;ESTIMATED_EXPIRY_ALIAS,2026-08-02.2,PUT_CALL_PARITY,AUG26,AUG26=PUT_CALL_PARITY;SEP26=PUT_CALL_PARITY;OCT26=PUT_CALL_PARITY;NOV26=PUT_CALL_PARITY;DEC26=PUT_CALL_PARITY;JUN27=PUT_CALL_PARITY;APR27=PUT_CALL_PARITY;MAR27=PUT_CALL_PARITY;FEB27=PUT_CALL_PARITY;JAN27=PUT_CALL_PARITY;MAY27=PUT_CALL_PARITY;JUL27=PUT_CALL_PARITY;SEP27=PUT_CALL_PARITY;AUG27=PUT_CALL_PARITY;DEC29=PUT_CALL_PARITY;DEC27=PUT_CALL_PARITY;MAR28=PUT_CALL_PARITY;DEC28=PUT_CALL_PARITY;DEC30=PUT_CALL_PARITY;JUN28=SERIES_FORWARD_CLUSTER,AUG26=7747.35;SEP26=7748.5;OCT26=7813;NOV26=7808.25;DEC26=7876.5;JUN27=8015.25;APR27=7959.5;MAR27=7945.5;FEB27=7879.75;JAN27=7881;MAY27=7963.25;JUL27=8043.875;SEP27=8077.25;AUG27=8051.75;DEC29=8676.5;DEC27=8103.75;MAR28=8179;DEC28=8373.25;DEC30=9151.75;JUN28=6427.25,NONE,WEIGHTED_ATM,2026-08-21,7,600,0.0,NONE,11513,11041,471,0,0,RTM,MDW;MMW;MRW;MTW,OK,NONE,NONE,2026-08-11
SPX,6840.0,-920879.6517423944,1.534249927425921,0.0,0.0,0.0,0.0,0.0,0.0,7800.932309330873,7693.767690669128,7854.514618661745,7640.185381338256,SEP26,AUG26,2026-08-12,2026-09-18,7747.35,7705.975053873443,FOUND,WARN,UNKNOWN_SERIES;ESTIMATED_EXPIRY_ALIAS,2026-08-02.2,PUT_CALL_PARITY,AUG26,AUG26=PUT_CALL_PARITY;SEP26=PUT_CALL_PARITY;OCT26=PUT_CALL_PARITY;NOV26=PUT_CALL_PARITY;DEC26=PUT_CALL_PARITY;JUN27=PUT_CALL_PARITY;APR27=PUT_CALL_PARITY;MAR27=PUT_CALL_PARITY;FEB27=PUT_CALL_PARITY;JAN27=PUT_CALL_PARITY;MAY27=PUT_CALL_PARITY;JUL27=PUT_CALL_PARITY;SEP27=PUT_CALL_PARITY;AUG27=PUT_CALL_PARITY;DEC29=PUT_CALL_PARITY;DEC27=PUT_CALL_PARITY;MAR28=PUT_CALL_PARITY;DEC28=PUT_CALL_PARITY;DEC30=PUT_CALL_PARITY;JUN28=SERIES_FORWARD_CLUSTER,AUG26=7747.35;SEP26=7748.5;OCT26=7813;NOV26=7808.25;DEC26=7876.5;JUN27=8015.25;APR27=7959.5;MAR27=7945.5;FEB27=7879.75;JAN27=7881;MAY27=7963.25;JUL27=8043.875;SEP27=8077.25;AUG27=8051.75;DEC29=8676.5;DEC27=8103.75;MAR28=8179;DEC28=8373.25;DEC30=9151.75;JUN28=6427.25,NONE,WEIGHTED_ATM,2026-08-21,7,600,0.0,NONE,11513,11041,471,0,0,RTM,MDW;MMW;MRW;MTW,OK,NONE,NONE,2026-08-11
SPX,6850.0,-164912896.55524632,325.1408096167531,0.0,0.0,0.0,0.0,0.0,0.0,7800.932309330873,7693.767690669128,7854.514618661745,7640.185381338256,SEP26,AUG26,2026-08-12,2026-09-18,7747.35,7705.975053873443,FOUND,WARN,UNKNOWN_SERIES;ESTIMATED_EXPIRY_ALIAS,2026-08-02.2,PUT_CALL_PARITY,AUG26,AUG26=PUT_CALL_PARITY;SEP26=PUT_CALL_PARITY;OCT26=PUT_CALL_PARITY;NOV26=PUT_CALL_PARITY;DEC26=PUT_CALL_PARITY;JUN27=PUT_CALL_PARITY;APR27=PUT_CALL_PARITY;MAR27=PUT_CALL_PARITY;FEB27=PUT_CALL_PARITY;JAN27=PUT_CALL_PARITY;MAY27=PUT_CALL_PARITY;JUL27=PUT_CALL_PARITY;SEP27=PUT_CALL_PARITY;AUG27=PUT_CALL_PARITY;DEC29=PUT_CALL_PARITY;DEC27=PUT_CALL_PARITY;MAR28=PUT_CALL_PARITY;DEC28=PUT_CALL_PARITY;DEC30=PUT_CALL_PARITY;JUN28=SERIES_FORWARD_CLUSTER,AUG26=7747.35;SEP26=7748.5;OCT26=7813;NOV26=7808.25;DEC26=7876.5;JUN27=8015.25;APR27=7959.5;MAR27=7945.5;FEB27=7879.75;JAN27=7881;MAY27=7963.25;JUL27=8043.875;SEP27=8077.25;AUG27=8051.75;DEC29=8676.5;DEC27=8103.75;MAR28=8179;DEC28=8373.25;DEC30=9151.75;JUN28=6427.25,NONE,WEIGHTED_ATM,2026-08-21,7,600,0.0,NONE,11513,11041,471,0,0,RTM,MDW;MMW;MRW;MTW,OK,NONE,NONE,2026-08-11
SPX,6860.0,-764549.1400753191,1.2737935672523033,0.0,0.0,0.0,0.0,0.0,0.0,7800.932309330873,7693.767690669128,7854.514618661745,7640.185381338256,SEP26,AUG26,2026-08-12,2026-09-18,7747.35,7705.975053873443,FOUND,WARN,UNKNOWN_SERIES;ESTIMATED_EXPIRY_ALIAS,2026-08-02.2,PUT_CALL_PARITY,AUG26,AUG26=PUT_CALL_PARITY;SEP26=PUT_CALL_PARITY;OCT26=PUT_CALL_PARITY;NOV26=PUT_CALL_PARITY;DEC26=PUT_CALL_PARITY;JUN27=PUT_CALL_PARITY;APR27=PUT_CALL_PARITY;MAR27=PUT_CALL_PARITY;FEB27=PUT_CALL_PARITY;JAN27=PUT_CALL_PARITY;MAY27=PUT_CALL_PARITY;JUL27=PUT_CALL_PARITY;SEP27=PUT_CALL_PARITY;AUG27=PUT_CALL_PARITY;DEC29=PUT_CALL_PARITY;DEC27=PUT_CALL_PARITY;MAR28=PUT_CALL_PARITY;DEC28=PUT_CALL_PARITY;DEC30=PUT_CALL_PARITY;JUN28=SERIES_FORWARD_CLUSTER,AUG26=7747.35;SEP26=7748.5;OCT26=7813;NOV26=7808.25;DEC26=7876.5;JUN27=8015.25;APR27=7959.5;MAR27=7945.5;FEB27=7879.75;JAN27=7881;MAY27=7963.25;JUL27=8043.875;SEP27=8077.25;AUG27=8051.75;DEC29=8676.5;DEC27=8103.75;MAR28=8179;DEC28=8373.25;DEC30=9151.75;JUN28=6427.25,NONE,WEIGHTED_ATM,2026-08-21,7,600,0.0,NONE,11513,11041,471,0,0,RTM,MDW;MMW;MRW;MTW,OK,NONE,NONE,2026-08-11
SPX,6870.0,-982528.6729122929,1.6369630643667017,0.0,0.0,0.0,0.0,0.0,0.0,7800.932309330873,7693.767690669128,7854.514618661745,7640.185381338256,SEP26,AUG26,2026-08-12,2026-09-18,7747.35,7705.975053873443,FOUND,WARN,UNKNOWN_SERIES;ESTIMATED_EXPIRY_ALIAS,2026-08-02.2,PUT_CALL_PARITY,AUG26,AUG26=PUT_CALL_PARITY;SEP26=PUT_CALL_PARITY;OCT26=PUT_CALL_PARITY;NOV26=PUT_CALL_PARITY;DEC26=PUT_CALL_PARITY;JUN27=PUT_CALL_PARITY;APR27=PUT_CALL_PARITY;MAR27=PUT_CALL_PARITY;FEB27=PUT_CALL_PARITY;JAN27=PUT_CALL_PARITY;MAY27=PUT_CALL_PARITY;JUL27=PUT_CALL_PARITY;SEP27=PUT_CALL_PARITY;AUG27=PUT_CALL_PARITY;DEC29=PUT_CALL_PARITY;DEC27=PUT_CALL_PARITY;MAR28=PUT_CALL_PARITY;DEC28=PUT_CALL_PARITY;DEC30=PUT_CALL_PARITY;JUN28=SERIES_FORWARD_CLUSTER,AUG26=7747.35;SEP26=7748.5;OCT26=7813;NOV26=7808.25;DEC26=7876.5;JUN27=8015.25;APR27=7959.5;MAR27=7945.5;FEB27=7879.75;JAN27=7881;MAY27=7963.25;JUL27=8043.875;SEP27=8077.25;AUG27=8051.75;DEC29=8676.5;DEC27=8103.75;MAR28=8179;DEC28=8373.25;DEC30=9151.75;JUN28=6427.25,NONE,WEIGHTED_ATM,2026-08-21,7,600,0.0,NONE,11513,11041,471,0,0,RTM,MDW;MMW;MRW;MTW,OK,NONE,NONE,2026-08-11
SPX,6875.0,-17410374.604935817,29.00280974165468,0.0,0.0,0.0,0.0,0.0,0.0,7800.932309330873,7693.767690669128,7854.514618661745,7640.185381338256,SEP26,AUG26,2026-08-12,2026-09-18,7747.35,7705.975053873443,FOUND,WARN,UNKNOWN_SERIES;ESTIMATED_EXPIRY_ALIAS,2026-08-02.2,PUT_CALL_PARITY,AUG26,AUG26=PUT_CALL_PARITY;SEP26=PUT_CALL_PARITY;OCT26=PUT_CALL_PARITY;NOV26=PUT_CALL_PARITY;DEC26=PUT_CALL_PARITY;JUN27=PUT_CALL_PARITY;APR27=PUT_CALL_PARITY;MAR27=PUT_CALL_PARITY;FEB27=PUT_CALL_PARITY;JAN27=PUT_CALL_PARITY;MAY27=PUT_CALL_PARITY;JUL27=PUT_CALL_PARITY;SEP27=PUT_CALL_PARITY;AUG27=PUT_CALL_PARITY;DEC29=PUT_CALL_PARITY;DEC27=PUT_CALL_PARITY;MAR28=PUT_CALL_PARITY;DEC28=PUT_CALL_PARITY;DEC30=PUT_CALL_PARITY;JUN28=SERIES_FORWARD_CLUSTER,AUG26=7747.35;SEP26=7748.5;OCT26=7813;NOV26=7808.25;DEC26=7876.5;JUN27=8015.25;APR27=7959.5;MAR27=7945.5;FEB27=7879.75;JAN27=7881;MAY27=7963.25;JUL27=8043.875;SEP27=8077.25;AUG27=8051.75;DEC29=8676.5;DEC27=8103.75;MAR28=8179;DEC28=8373.25;DEC30=9151.75;JUN28=6427.25,NONE,WEIGHTED_ATM,2026-08-21,7,600,0.0,NONE,11513,11041,471,0,0,RTM,MDW;MMW;MRW;MTW,OK,NONE,NONE,2026-08-11
SPX,6880.0,-1606932.0486899032,2.677022316818229,0.0,0.0,0.0,0.0,0.0,0.0,7800.932309330873,7693.767690669128,7854.514618661745,7640.185381338256,SEP26,AUG26,2026-08-12,2026-09-18,7747.35,7705.975053873443,FOUND,WARN,UNKNOWN_SERIES;ESTIMATED_EXPIRY_ALIAS,2026-08-02.2,PUT_CALL_PARITY,AUG26,AUG26=PUT_CALL_PARITY;SEP26=PUT_CALL_PARITY;OCT26=PUT_CALL_PARITY;NOV26=PUT_CALL_PARITY;DEC26=PUT_CALL_PARITY;JUN27=PUT_CALL_PARITY;APR27=PUT_CALL_PARITY;MAR27=PUT_CALL_PARITY;FEB27=PUT_CALL_PARITY;JAN27=PUT_CALL_PARITY;MAY27=PUT_CALL_PARITY;JUL27=PUT_CALL_PARITY;SEP27=PUT_CALL_PARITY;AUG27=PUT_CALL_PARITY;DEC29=PUT_CALL_PARITY;DEC27=PUT_CALL_PARITY;MAR28=PUT_CALL_PARITY;DEC28=PUT_CALL_PARITY;DEC30=PUT_CALL_PARITY;JUN28=SERIES_FORWARD_CLUSTER,AUG26=7747.35;SEP26=7748.5;OCT26=7813;NOV26=7808.25;DEC26=7876.5;JUN27=8015.25;APR27=7959.5;MAR27=7945.5;FEB27=7879.75;JAN27=7881;MAY27=7963.25;JUL27=8043.875;SEP27=8077.25;AUG27=8051.75;DEC29=8676.5;DEC27=8103.75;MAR28=8179;DEC28=8373.25;DEC30=9151.75;JUN28=6427.25,NONE,WEIGHTED_ATM,2026-08-21,7,600,0.0,NONE,11513,11041,471,0,0,RTM,MDW;MMW;MRW;MTW,OK,NONE,NONE,2026-08-11
SPX,6890.0,-1823372.8337873467,3.052875769765472,0.0,0.0,0.0,0.0,0.0,0.0,7800.932309330873,7693.767690669128,7854.514618661745,7640.185381338256,SEP26,AUG26,2026-08-12,2026-09-18,7747.35,7705.975053873443,FOUND,WARN,UNKNOWN_SERIES;ESTIMATED_EXPIRY_ALIAS,2026-08-02.2,PUT_CALL_PARITY,AUG26,AUG26=PUT_CALL_PARITY;SEP26=PUT_CALL_PARITY;OCT26=PUT_CALL_PARITY;NOV26=PUT_CALL_PARITY;DEC26=PUT_CALL_PARITY;JUN27=PUT_CALL_PARITY;APR27=PUT_CALL_PARITY;MAR27=PUT_CALL_PARITY;FEB27=PUT_CALL_PARITY;JAN27=PUT_CALL_PARITY;MAY27=PUT_CALL_PARITY;JUL27=PUT_CALL_PARITY;SEP27=PUT_CALL_PARITY;AUG27=PUT_CALL_PARITY;DEC29=PUT_CALL_PARITY;DEC27=PUT_CALL_PARITY;MAR28=PUT_CALL_PARITY;DEC28=PUT_CALL_PARITY;DEC30=PUT_CALL_PARITY;JUN28=SERIES_FORWARD_CLUSTER,AUG26=7747.35;SEP26=7748.5;OCT26=7813;NOV26=7808.25;DEC26=7876.5;JUN27=8015.25;APR27=7959.5;MAR27=7945.5;FEB27=7879.75;JAN27=7881;MAY27=7963.25;JUL27=8043.875;SEP27=8077.25;AUG27=8051.75;DEC29=8676.5;DEC27=8103.75;MAR28=8179;DEC28=8373.25;DEC30=9151.75;JUN28=6427.25,NONE,WEIGHTED_ATM,2026-08-21,7,600,0.0,NONE,11513,11041,471,0,0,RTM,MDW;MMW;MRW;MTW,OK,NONE,NONE,2026-08-11
SPX,6895.0,-2415.6561533299355,0.004024655980257831,0.0,0.0,0.0,0.0,0.0,0.0,7800.932309330873,7693.767690669128,7854.514618661745,7640.185381338256,SEP26,AUG26,2026-08-12,2026-09-18,7747.35,7705.975053873443,FOUND,WARN,UNKNOWN_SERIES;ESTIMATED_EXPIRY_ALIAS,2026-08-02.2,PUT_CALL_PARITY,AUG26,AUG26=PUT_CALL_PARITY;SEP26=PUT_CALL_PARITY;OCT26=PUT_CALL_PARITY;NOV26=PUT_CALL_PARITY;DEC26=PUT_CALL_PARITY;JUN27=PUT_CALL_PARITY;APR27=PUT_CALL_PARITY;MAR27=PUT_CALL_PARITY;FEB27=PUT_CALL_PARITY;JAN27=PUT_CALL_PARITY;MAY27=PUT_CALL_PARITY;JUL27=PUT_CALL_PARITY;SEP27=PUT_CALL_PARITY;AUG27=PUT_CALL_PARITY;DEC29=PUT_CALL_PARITY;DEC27=PUT_CALL_PARITY;MAR28=PUT_CALL_PARITY;DEC28=PUT_CALL_PARITY;DEC30=PUT_CALL_PARITY;JUN28=SERIES_FORWARD_CLUSTER,AUG26=7747.35;SEP26=7748.5;OCT26=7813;NOV26=7808.25;DEC26=7876.5;JUN27=8015.25;APR27=7959.5;MAR27=7945.5;FEB27=7879.75;JAN27=7881;MAY27=7963.25;JUL27=8043.875;SEP27=8077.25;AUG27=8051.75;DEC29=8676.5;DEC27=8103.75;MAR28=8179;DEC28=8373.25;DEC30=9151.75;JUN28=6427.25,NONE,WEIGHTED_ATM,2026-08-21,7,600,0.0,NONE,11513,11041,471,0,0,RTM,MDW;MMW;MRW;MTW,OK,NONE,NONE,2026-08-11
SPX,6900.0,-187791007.09755674,555.8948180688044,0.0,0.0,0.0,0.0,0.0,0.0,7800.932309330873,7693.767690669128,7854.514618661745,7640.185381338256,SEP26,AUG26,2026-08-12,2026-09-18,7747.35,7705.975053873443,FOUND,WARN,UNKNOWN_SERIES;ESTIMATED_EXPIRY_ALIAS,2026-08-02.2,PUT_CALL_PARITY,AUG26,AUG26=PUT_CALL_PARITY;SEP26=PUT_CALL_PARITY;OCT26=PUT_CALL_PARITY;NOV26=PUT_CALL_PARITY;DEC26=PUT_CALL_PARITY;JUN27=PUT_CALL_PARITY;APR27=PUT_CALL_PARITY;MAR27=PUT_CALL_PARITY;FEB27=PUT_CALL_PARITY;JAN27=PUT_CALL_PARITY;MAY27=PUT_CALL_PARITY;JUL27=PUT_CALL_PARITY;SEP27=PUT_CALL_PARITY;AUG27=PUT_CALL_PARITY;DEC29=PUT_CALL_PARITY;DEC27=PUT_CALL_PARITY;MAR28=PUT_CALL_PARITY;DEC28=PUT_CALL_PARITY;DEC30=PUT_CALL_PARITY;JUN28=SERIES_FORWARD_CLUSTER,AUG26=7747.35;SEP26=7748.5;OCT26=7813;NOV26=7808.25;DEC26=7876.5;JUN27=8015.25;APR27=7959.5;MAR27=7945.5;FEB27=7879.75;JAN27=7881;MAY27=7963.25;JUL27=8043.875;SEP27=8077.25;AUG27=8051.75;DEC29=8676.5;DEC27=8103.75;MAR28=8179;DEC28=8373.25;DEC30=9151.75;JUN28=6427.25,NONE,WEIGHTED_ATM,2026-08-21,7,600,0.0,NONE,11513,11041,471,0,0,RTM,MDW;MMW;MRW;MTW,OK,NONE,NONE,2026-08-11
SPX,6905.0,-246.86332615486268,0.0004112919632812525,0.0,0.0,0.0,0.0,0.0,0.0,7800.932309330873,7693.767690669128,7854.514618661745,7640.185381338256,SEP26,AUG26,2026-08-12,2026-09-18,7747.35,7705.975053873443,FOUND,WARN,UNKNOWN_SERIES;ESTIMATED_EXPIRY_ALIAS,2026-08-02.2,PUT_CALL_PARITY,AUG26,AUG26=PUT_CALL_PARITY;SEP26=PUT_CALL_PARITY;OCT26=PUT_CALL_PARITY;NOV26=PUT_CALL_PARITY;DEC26=PUT_CALL_PARITY;JUN27=PUT_CALL_PARITY;APR27=PUT_CALL_PARITY;MAR27=PUT_CALL_PARITY;FEB27=PUT_CALL_PARITY;JAN27=PUT_CALL_PARITY;MAY27=PUT_CALL_PARITY;JUL27=PUT_CALL_PARITY;SEP27=PUT_CALL_PARITY;AUG27=PUT_CALL_PARITY;DEC29=PUT_CALL_PARITY;DEC27=PUT_CALL_PARITY;MAR28=PUT_CALL_PARITY;DEC28=PUT_CALL_PARITY;DEC30=PUT_CALL_PARITY;JUN28=SERIES_FORWARD_CLUSTER,AUG26=7747.35;SEP26=7748.5;OCT26=7813;NOV26=7808.25;DEC26=7876.5;JUN27=8015.25;APR27=7959.5;MAR27=7945.5;FEB27=7879.75;JAN27=7881;MAY27=7963.25;JUL27=8043.875;SEP27=8077.25;AUG27=8051.75;DEC29=8676.5;DEC27=8103.75;MAR28=8179;DEC28=8373.25;DEC30=9151.75;JUN28=6427.25,NONE,WEIGHTED_ATM,2026-08-21,7,600,0.0,NONE,11513,11041,471,0,0,RTM,MDW;MMW;MRW;MTW,OK,NONE,NONE,2026-08-11
SPX,6910.0,-659667.6439238348,1.0990517002830378,0.0,0.0,0.0,0.0,0.0,0.0,7800.932309330873,7693.767690669128,7854.514618661745,7640.185381338256,SEP26,AUG26,2026-08-12,2026-09-18,7747.35,7705.975053873443,FOUND,WARN,UNKNOWN_SERIES;ESTIMATED_EXPIRY_ALIAS,2026-08-02.2,PUT_CALL_PARITY,AUG26,AUG26=PUT_CALL_PARITY;SEP26=PUT_CALL_PARITY;OCT26=PUT_CALL_PARITY;NOV26=PUT_CALL_PARITY;DEC26=PUT_CALL_PARITY;JUN27=PUT_CALL_PARITY;APR27=PUT_CALL_PARITY;MAR27=PUT_CALL_PARITY;FEB27=PUT_CALL_PARITY;JAN27=PUT_CALL_PARITY;MAY27=PUT_CALL_PARITY;JUL27=PUT_CALL_PARITY;SEP27=PUT_CALL_PARITY;AUG27=PUT_CALL_PARITY;DEC29=PUT_CALL_PARITY;DEC27=PUT_CALL_PARITY;MAR28=PUT_CALL_PARITY;DEC28=PUT_CALL_PARITY;DEC30=PUT_CALL_PARITY;JUN28=SERIES_FORWARD_CLUSTER,AUG26=7747.35;SEP26=7748.5;OCT26=7813;NOV26=7808.25;DEC26=7876.5;JUN27=8015.25;APR27=7959.5;MAR27=7945.5;FEB27=7879.75;JAN27=7881;MAY27=7963.25;JUL27=8043.875;SEP27=8077.25;AUG27=8051.75;DEC29=8676.5;DEC27=8103.75;MAR28=8179;DEC28=8373.25;DEC30=9151.75;JUN28=6427.25,NONE,WEIGHTED_ATM,2026-08-21,7,600,0.0,NONE,11513,11041,471,0,0,RTM,MDW;MMW;MRW;MTW,OK,NONE,NONE,2026-08-11
SPX,6920.0,-2058091.1695984742,3.428927135272223,0.0,0.0,0.0,0.0,0.0,0.0,7800.932309330873,7693.767690669128,7854.514618661745,7640.185381338256,SEP26,AUG26,2026-08-12,2026-09-18,7747.35,7705.975053873443,FOUND,WARN,UNKNOWN_SERIES;ESTIMATED_EXPIRY_ALIAS,2026-08-02.2,PUT_CALL_PARITY,AUG26,AUG26=PUT_CALL_PARITY;SEP26=PUT_CALL_PARITY;OCT26=PUT_CALL_PARITY;NOV26=PUT_CALL_PARITY;DEC26=PUT_CALL_PARITY;JUN27=PUT_CALL_PARITY;APR27=PUT_CALL_PARITY;MAR27=PUT_CALL_PARITY;FEB27=PUT_CALL_PARITY;JAN27=PUT_CALL_PARITY;MAY27=PUT_CALL_PARITY;JUL27=PUT_CALL_PARITY;SEP27=PUT_CALL_PARITY;AUG27=PUT_CALL_PARITY;DEC29=PUT_CALL_PARITY;DEC27=PUT_CALL_PARITY;MAR28=PUT_CALL_PARITY;DEC28=PUT_CALL_PARITY;DEC30=PUT_CALL_PARITY;JUN28=SERIES_FORWARD_CLUSTER,AUG26=7747.35;SEP26=7748.5;OCT26=7813;NOV26=7808.25;DEC26=7876.5;JUN27=8015.25;APR27=7959.5;MAR27=7945.5;FEB27=7879.75;JAN27=7881;MAY27=7963.25;JUL27=8043.875;SEP27=8077.25;AUG27=8051.75;DEC29=8676.5;DEC27=8103.75;MAR28=8179;DEC28=8373.25;DEC30=9151.75;JUN28=6427.25,NONE,WEIGHTED_ATM,2026-08-21,7,600,0.0,NONE,11513,11041,471,0,0,RTM,MDW;MMW;MRW;MTW,OK,NONE,NONE,2026-08-11
SPX,6925.0,-29684728.60646417,49.42405882775236,0.0,0.0,0.0,0.0,0.0,0.0,7800.932309330873,7693.767690669128,7854.514618661745,7640.185381338256,SEP26,AUG26,2026-08-12,2026-09-18,7747.35,7705.975053873443,FOUND,WARN,UNKNOWN_SERIES;ESTIMATED_EXPIRY_ALIAS,2026-08-02.2,PUT_CALL_PARITY,AUG26,AUG26=PUT_CALL_PARITY;SEP26=PUT_CALL_PARITY;OCT26=PUT_CALL_PARITY;NOV26=PUT_CALL_PARITY;DEC26=PUT_CALL_PARITY;JUN27=PUT_CALL_PARITY;APR27=PUT_CALL_PARITY;MAR27=PUT_CALL_PARITY;FEB27=PUT_CALL_PARITY;JAN27=PUT_CALL_PARITY;MAY27=PUT_CALL_PARITY;JUL27=PUT_CALL_PARITY;SEP27=PUT_CALL_PARITY;AUG27=PUT_CALL_PARITY;DEC29=PUT_CALL_PARITY;DEC27=PUT_CALL_PARITY;MAR28=PUT_CALL_PARITY;DEC28=PUT_CALL_PARITY;DEC30=PUT_CALL_PARITY;JUN28=SERIES_FORWARD_CLUSTER,AUG26=7747.35;SEP26=7748.5;OCT26=7813;NOV26=7808.25;DEC26=7876.5;JUN27=8015.25;APR27=7959.5;MAR27=7945.5;FEB27=7879.75;JAN27=7881;MAY27=7963.25;JUL27=8043.875;SEP27=8077.25;AUG27=8051.75;DEC29=8676.5;DEC27=8103.75;MAR28=8179;DEC28=8373.25;DEC30=9151.75;JUN28=6427.25,NONE,WEIGHTED_ATM,2026-08-21,7,600,0.0,NONE,11513,11041,471,0,0,RTM,MDW;MMW;MRW;MTW,OK,NONE,NONE,2026-08-11
SPX,6930.0,-532801.8354267743,0.8895542882599882,0.0,0.0,0.0,0.0,0.0,0.0,7800.932309330873,7693.767690669128,7854.514618661745,7640.185381338256,SEP26,AUG26,2026-08-12,2026-09-18,7747.35,7705.975053873443,FOUND,WARN,UNKNOWN_SERIES;ESTIMATED_EXPIRY_ALIAS,2026-08-02.2,PUT_CALL_PARITY,AUG26,AUG26=PUT_CALL_PARITY;SEP26=PUT_CALL_PARITY;OCT26=PUT_CALL_PARITY;NOV26=PUT_CALL_PARITY;DEC26=PUT_CALL_PARITY;JUN27=PUT_CALL_PARITY;APR27=PUT_CALL_PARITY;MAR27=PUT_CALL_PARITY;FEB27=PUT_CALL_PARITY;JAN27=PUT_CALL_PARITY;MAY27=PUT_CALL_PARITY;JUL27=PUT_CALL_PARITY;SEP27=PUT_CALL_PARITY;AUG27=PUT_CALL_PARITY;DEC29=PUT_CALL_PARITY;DEC27=PUT_CALL_PARITY;MAR28=PUT_CALL_PARITY;DEC28=PUT_CALL_PARITY;DEC30=PUT_CALL_PARITY;JUN28=SERIES_FORWARD_CLUSTER,AUG26=7747.35;SEP26=7748.5;OCT26=7813;NOV26=7808.25;DEC26=7876.5;JUN27=8015.25;APR27=7959.5;MAR27=7945.5;FEB27=7879.75;JAN27=7881;MAY27=7963.25;JUL27=8043.875;SEP27=8077.25;AUG27=8051.75;DEC29=8676.5;DEC27=8103.75;MAR28=8179;DEC28=8373.25;DEC30=9151.75;JUN28=6427.25,NONE,WEIGHTED_ATM,2026-08-21,7,600,0.0,NONE,11513,11041,471,0,0,RTM,MDW;MMW;MRW;MTW,OK,NONE,NONE,2026-08-11
SPX,6940.0,-831690.7045456424,1.3856562173222884,0.0,0.0,0.0,0.0,0.0,0.0,7800.932309330873,7693.767690669128,7854.514618661745,7640.185381338256,SEP26,AUG26,2026-08-12,2026-09-18,7747.35,7705.975053873443,FOUND,WARN,UNKNOWN_SERIES;ESTIMATED_EXPIRY_ALIAS,2026-08-02.2,PUT_CALL_PARITY,AUG26,AUG26=PUT_CALL_PARITY;SEP26=PUT_CALL_PARITY;OCT26=PUT_CALL_PARITY;NOV26=PUT_CALL_PARITY;DEC26=PUT_CALL_PARITY;JUN27=PUT_CALL_PARITY;APR27=PUT_CALL_PARITY;MAR27=PUT_CALL_PARITY;FEB27=PUT_CALL_PARITY;JAN27=PUT_CALL_PARITY;MAY27=PUT_CALL_PARITY;JUL27=PUT_CALL_PARITY;SEP27=PUT_CALL_PARITY;AUG27=PUT_CALL_PARITY;DEC29=PUT_CALL_PARITY;DEC27=PUT_CALL_PARITY;MAR28=PUT_CALL_PARITY;DEC28=PUT_CALL_PARITY;DEC30=PUT_CALL_PARITY;JUN28=SERIES_FORWARD_CLUSTER,AUG26=7747.35;SEP26=7748.5;OCT26=7813;NOV26=7808.25;DEC26=7876.5;JUN27=8015.25;APR27=7959.5;MAR27=7945.5;FEB27=7879.75;JAN27=7881;MAY27=7963.25;JUL27=8043.875;SEP27=8077.25;AUG27=8051.75;DEC29=8676.5;DEC27=8103.75;MAR28=8179;DEC28=8373.25;DEC30=9151.75;JUN28=6427.25,NONE,WEIGHTED_ATM,2026-08-21,7,600,0.0,NONE,11513,11041,471,0,0,RTM,MDW;MMW;MRW;MTW,OK,NONE,NONE,2026-08-11
SPX,6950.0,-138713157.24155548,300.08521061961625,0.0,0.0,0.0,0.0,0.0,0.0,7800.932309330873,7693.767690669128,7854.514618661745,7640.185381338256,SEP26,AUG26,2026-08-12,2026-09-18,7747.35,7705.975053873443,FOUND,WARN,UNKNOWN_SERIES;ESTIMATED_EXPIRY_ALIAS,2026-08-02.2,PUT_CALL_PARITY,AUG26,AUG26=PUT_CALL_PARITY;SEP26=PUT_CALL_PARITY;OCT26=PUT_CALL_PARITY;NOV26=PUT_CALL_PARITY;DEC26=PUT_CALL_PARITY;JUN27=PUT_CALL_PARITY;APR27=PUT_CALL_PARITY;MAR27=PUT_CALL_PARITY;FEB27=PUT_CALL_PARITY;JAN27=PUT_CALL_PARITY;MAY27=PUT_CALL_PARITY;JUL27=PUT_CALL_PARITY;SEP27=PUT_CALL_PARITY;AUG27=PUT_CALL_PARITY;DEC29=PUT_CALL_PARITY;DEC27=PUT_CALL_PARITY;MAR28=PUT_CALL_PARITY;DEC28=PUT_CALL_PARITY;DEC30=PUT_CALL_PARITY;JUN28=SERIES_FORWARD_CLUSTER,AUG26=7747.35;SEP26=7748.5;OCT26=7813;NOV26=7808.25;DEC26=7876.5;JUN27=8015.25;APR27=7959.5;MAR27=7945.5;FEB27=7879.75;JAN27=7881;MAY27=7963.25;JUL27=8043.875;SEP27=8077.25;AUG27=8051.75;DEC29=8676.5;DEC27=8103.75;MAR28=8179;DEC28=8373.25;DEC30=9151.75;JUN28=6427.25,NONE,WEIGHTED_ATM,2026-08-21,7,600,0.0,NONE,11513,11041,471,0,0,RTM,MDW;MMW;MRW;MTW,OK,NONE,NONE,2026-08-11
SPX,6955.0,-1348.5731690133562,0.0022468193836292037,0.0,0.0,0.0,0.0,0.0,0.0,7800.932309330873,7693.767690669128,7854.514618661745,7640.185381338256,SEP26,AUG26,2026-08-12,2026-09-18,7747.35,7705.975053873443,FOUND,WARN,UNKNOWN_SERIES;ESTIMATED_EXPIRY_ALIAS,2026-08-02.2,PUT_CALL_PARITY,AUG26,AUG26=PUT_CALL_PARITY;SEP26=PUT_CALL_PARITY;OCT26=PUT_CALL_PARITY;NOV26=PUT_CALL_PARITY;DEC26=PUT_CALL_PARITY;JUN27=PUT_CALL_PARITY;APR27=PUT_CALL_PARITY;MAR27=PUT_CALL_PARITY;FEB27=PUT_CALL_PARITY;JAN27=PUT_CALL_PARITY;MAY27=PUT_CALL_PARITY;JUL27=PUT_CALL_PARITY;SEP27=PUT_CALL_PARITY;AUG27=PUT_CALL_PARITY;DEC29=PUT_CALL_PARITY;DEC27=PUT_CALL_PARITY;MAR28=PUT_CALL_PARITY;DEC28=PUT_CALL_PARITY;DEC30=PUT_CALL_PARITY;JUN28=SERIES_FORWARD_CLUSTER,AUG26=7747.35;SEP26=7748.5;OCT26=7813;NOV26=7808.25;DEC26=7876.5;JUN27=8015.25;APR27=7959.5;MAR27=7945.5;FEB27=7879.75;JAN27=7881;MAY27=7963.25;JUL27=8043.875;SEP27=8077.25;AUG27=8051.75;DEC29=8676.5;DEC27=8103.75;MAR28=8179;DEC28=8373.25;DEC30=9151.75;JUN28=6427.25,NONE,WEIGHTED_ATM,2026-08-21,7,600,0.0,NONE,11513,11041,471,0,0,RTM,MDW;MMW;MRW;MTW,OK,NONE,NONE,2026-08-11
SPX,6960.0,-1375284.8648087706,2.2911704593680176,0.0,0.0,0.0,0.0,0.0,0.0,7800.932309330873,7693.767690669128,7854.514618661745,7640.185381338256,SEP26,AUG26,2026-08-12,2026-09-18,7747.35,7705.975053873443,FOUND,WARN,UNKNOWN_SERIES;ESTIMATED_EXPIRY_ALIAS,2026-08-02.2,PUT_CALL_PARITY,AUG26,AUG26=PUT_CALL_PARITY;SEP26=PUT_CALL_PARITY;OCT26=PUT_CALL_PARITY;NOV26=PUT_CALL_PARITY;DEC26=PUT_CALL_PARITY;JUN27=PUT_CALL_PARITY;APR27=PUT_CALL_PARITY;MAR27=PUT_CALL_PARITY;FEB27=PUT_CALL_PARITY;JAN27=PUT_CALL_PARITY;MAY27=PUT_CALL_PARITY;JUL27=PUT_CALL_PARITY;SEP27=PUT_CALL_PARITY;AUG27=PUT_CALL_PARITY;DEC29=PUT_CALL_PARITY;DEC27=PUT_CALL_PARITY;MAR28=PUT_CALL_PARITY;DEC28=PUT_CALL_PARITY;DEC30=PUT_CALL_PARITY;JUN28=SERIES_FORWARD_CLUSTER,AUG26=7747.35;SEP26=7748.5;OCT26=7813;NOV26=7808.25;DEC26=7876.5;JUN27=8015.25;APR27=7959.5;MAR27=7945.5;FEB27=7879.75;JAN27=7881;MAY27=7963.25;JUL27=8043.875;SEP27=8077.25;AUG27=8051.75;DEC29=8676.5;DEC27=8103.75;MAR28=8179;DEC28=8373.25;DEC30=9151.75;JUN28=6427.25,NONE,WEIGHTED_ATM,2026-08-21,7,600,0.0,NONE,11513,11041,471,0,0,RTM,MDW;MMW;MRW;MTW,OK,NONE,NONE,2026-08-11
SPX,6965.0,-98048.85483317128,0.16335640708541588,0.0,0.0,0.0,0.0,0.0,0.0,7800.932309330873,7693.767690669128,7854.514618661745,7640.185381338256,SEP26,AUG26,2026-08-12,2026-09-18,7747.35,7705.975053873443,FOUND,WARN,UNKNOWN_SERIES;ESTIMATED_EXPIRY_ALIAS,2026-08-02.2,PUT_CALL_PARITY,AUG26,AUG26=PUT_CALL_PARITY;SEP26=PUT_CALL_PARITY;OCT26=PUT_CALL_PARITY;NOV26=PUT_CALL_PARITY;DEC26=PUT_CALL_PARITY;JUN27=PUT_CALL_PARITY;APR27=PUT_CALL_PARITY;MAR27=PUT_CALL_PARITY;FEB27=PUT_CALL_PARITY;JAN27=PUT_CALL_PARITY;MAY27=PUT_CALL_PARITY;JUL27=PUT_CALL_PARITY;SEP27=PUT_CALL_PARITY;AUG27=PUT_CALL_PARITY;DEC29=PUT_CALL_PARITY;DEC27=PUT_CALL_PARITY;MAR28=PUT_CALL_PARITY;DEC28=PUT_CALL_PARITY;DEC30=PUT_CALL_PARITY;JUN28=SERIES_FORWARD_CLUSTER,AUG26=7747.35;SEP26=7748.5;OCT26=7813;NOV26=7808.25;DEC26=7876.5;JUN27=8015.25;APR27=7959.5;MAR27=7945.5;FEB27=7879.75;JAN27=7881;MAY27=7963.25;JUL27=8043.875;SEP27=8077.25;AUG27=8051.75;DEC29=8676.5;DEC27=8103.75;MAR28=8179;DEC28=8373.25;DEC30=9151.75;JUN28=6427.25,NONE,WEIGHTED_ATM,2026-08-21,7,600,0.0,NONE,11513,11041,471,0,0,RTM,MDW;MMW;MRW;MTW,OK,NONE,NONE,2026-08-11
SPX,6970.0,-1343878.8403561453,2.2389982962292043,0.0,0.0,0.0,0.0,0.0,0.0,7800.932309330873,7693.767690669128,7854.514618661745,7640.185381338256,SEP26,AUG26,2026-08-12,2026-09-18,7747.35,7705.975053873443,FOUND,WARN,UNKNOWN_SERIES;ESTIMATED_EXPIRY_ALIAS,2026-08-02.2,PUT_CALL_PARITY,AUG26,AUG26=PUT_CALL_PARITY;SEP26=PUT_CALL_PARITY;OCT26=PUT_CALL_PARITY;NOV26=PUT_CALL_PARITY;DEC26=PUT_CALL_PARITY;JUN27=PUT_CALL_PARITY;APR27=PUT_CALL_PARITY;MAR27=PUT_CALL_PARITY;FEB27=PUT_CALL_PARITY;JAN27=PUT_CALL_PARITY;MAY27=PUT_CALL_PARITY;JUL27=PUT_CALL_PARITY;SEP27=PUT_CALL_PARITY;AUG27=PUT_CALL_PARITY;DEC29=PUT_CALL_PARITY;DEC27=PUT_CALL_PARITY;MAR28=PUT_CALL_PARITY;DEC28=PUT_CALL_PARITY;DEC30=PUT_CALL_PARITY;JUN28=SERIES_FORWARD_CLUSTER,AUG26=7747.35;SEP26=7748.5;OCT26=7813;NOV26=7808.25;DEC26=7876.5;JUN27=8015.25;APR27=7959.5;MAR27=7945.5;FEB27=7879.75;JAN27=7881;MAY27=7963.25;JUL27=8043.875;SEP27=8077.25;AUG27=8051.75;DEC29=8676.5;DEC27=8103.75;MAR28=8179;DEC28=8373.25;DEC30=9151.75;JUN28=6427.25,NONE,WEIGHTED_ATM,2026-08-21,7,600,0.0,NONE,11513,11041,471,0,0,RTM,MDW;MMW;MRW;MTW,OK,NONE,NONE,2026-08-11
SPX,6975.0,-24438129.840879686,40.85621143471902,0.0,0.0,0.0,0.0,0.0,0.0,7800.932309330873,7693.767690669128,7854.514618661745,7640.185381338256,SEP26,AUG26,2026-08-12,2026-09-18,7747.35,7705.975053873443,FOUND,WARN,UNKNOWN_SERIES;ESTIMATED_EXPIRY_ALIAS,2026-08-02.2,PUT_CALL_PARITY,AUG26,AUG26=PUT_CALL_PARITY;SEP26=PUT_CALL_PARITY;OCT26=PUT_CALL_PARITY;NOV26=PUT_CALL_PARITY;DEC26=PUT_CALL_PARITY;JUN27=PUT_CALL_PARITY;APR27=PUT_CALL_PARITY;MAR27=PUT_CALL_PARITY;FEB27=PUT_CALL_PARITY;JAN27=PUT_CALL_PARITY;MAY27=PUT_CALL_PARITY;JUL27=PUT_CALL_PARITY;SEP27=PUT_CALL_PARITY;AUG27=PUT_CALL_PARITY;DEC29=PUT_CALL_PARITY;DEC27=PUT_CALL_PARITY;MAR28=PUT_CALL_PARITY;DEC28=PUT_CALL_PARITY;DEC30=PUT_CALL_PARITY;JUN28=SERIES_FORWARD_CLUSTER,AUG26=7747.35;SEP26=7748.5;OCT26=7813;NOV26=7808.25;DEC26=7876.5;JUN27=8015.25;APR27=7959.5;MAR27=7945.5;FEB27=7879.75;JAN27=7881;MAY27=7963.25;JUL27=8043.875;SEP27=8077.25;AUG27=8051.75;DEC29=8676.5;DEC27=8103.75;MAR28=8179;DEC28=8373.25;DEC30=9151.75;JUN28=6427.25,NONE,WEIGHTED_ATM,2026-08-21,7,600,0.0,NONE,11513,11041,471,0,0,RTM,MDW;MMW;MRW;MTW,OK,NONE,NONE,2026-08-11
SPX,6980.0,-719471.8477210688,1.204962310429423,0.0,0.0,0.0,0.0,0.0,0.0,7800.932309330873,7693.767690669128,7854.514618661745,7640.185381338256,SEP26,AUG26,2026-08-12,2026-09-18,7747.35,7705.975053873443,FOUND,WARN,UNKNOWN_SERIES;ESTIMATED_EXPIRY_ALIAS,2026-08-02.2,PUT_CALL_PARITY,AUG26,AUG26=PUT_CALL_PARITY;SEP26=PUT_CALL_PARITY;OCT26=PUT_CALL_PARITY;NOV26=PUT_CALL_PARITY;DEC26=PUT_CALL_PARITY;JUN27=PUT_CALL_PARITY;APR27=PUT_CALL_PARITY;MAR27=PUT_CALL_PARITY;FEB27=PUT_CALL_PARITY;JAN27=PUT_CALL_PARITY;MAY27=PUT_CALL_PARITY;JUL27=PUT_CALL_PARITY;SEP27=PUT_CALL_PARITY;AUG27=PUT_CALL_PARITY;DEC29=PUT_CALL_PARITY;DEC27=PUT_CALL_PARITY;MAR28=PUT_CALL_PARITY;DEC28=PUT_CALL_PARITY;DEC30=PUT_CALL_PARITY;JUN28=SERIES_FORWARD_CLUSTER,AUG26=7747.35;SEP26=7748.5;OCT26=7813;NOV26=7808.25;DEC26=7876.5;JUN27=8015.25;APR27=7959.5;MAR27=7945.5;FEB27=7879.75;JAN27=7881;MAY27=7963.25;JUL27=8043.875;SEP27=8077.25;AUG27=8051.75;DEC29=8676.5;DEC27=8103.75;MAR28=8179;DEC28=8373.25;DEC30=9151.75;JUN28=6427.25,NONE,WEIGHTED_ATM,2026-08-21,7,600,0.0,NONE,11513,11041,471,0,0,RTM,MDW;MMW;MRW;MTW,OK,NONE,NONE,2026-08-11
SPX,6985.0,-634.9538876161114,0.001057878604725873,0.0,0.0,0.0,0.0,0.0,0.0,7800.932309330873,7693.767690669128,7854.514618661745,7640.185381338256,SEP26,AUG26,2026-08-12,2026-09-18,7747.35,7705.975053873443,FOUND,WARN,UNKNOWN_SERIES;ESTIMATED_EXPIRY_ALIAS,2026-08-02.2,PUT_CALL_PARITY,AUG26,AUG26=PUT_CALL_PARITY;SEP26=PUT_CALL_PARITY;OCT26=PUT_CALL_PARITY;NOV26=PUT_CALL_PARITY;DEC26=PUT_CALL_PARITY;JUN27=PUT_CALL_PARITY;APR27=PUT_CALL_PARITY;MAR27=PUT_CALL_PARITY;FEB27=PUT_CALL_PARITY;JAN27=PUT_CALL_PARITY;MAY27=PUT_CALL_PARITY;JUL27=PUT_CALL_PARITY;SEP27=PUT_CALL_PARITY;AUG27=PUT_CALL_PARITY;DEC29=PUT_CALL_PARITY;DEC27=PUT_CALL_PARITY;MAR28=PUT_CALL_PARITY;DEC28=PUT_CALL_PARITY;DEC30=PUT_CALL_PARITY;JUN28=SERIES_FORWARD_CLUSTER,AUG26=7747.35;SEP26=7748.5;OCT26=7813;NOV26=7808.25;DEC26=7876.5;JUN27=8015.25;APR27=7959.5;MAR27=7945.5;FEB27=7879.75;JAN27=7881;MAY27=7963.25;JUL27=8043.875;SEP27=8077.25;AUG27=8051.75;DEC29=8676.5;DEC27=8103.75;MAR28=8179;DEC28=8373.25;DEC30=9151.75;JUN28=6427.25,NONE,WEIGHTED_ATM,2026-08-21,7,600,0.0,NONE,11513,11041,471,0,0,RTM,MDW;MMW;MRW;MTW,OK,NONE,NONE,2026-08-11
SPX,6990.0,-836152.975030318,1.3973333413676694,0.0,0.0,0.0,0.0,0.0,0.0,7800.932309330873,7693.767690669128,7854.514618661745,7640.185381338256,SEP26,AUG26,2026-08-12,2026-09-18,7747.35,7705.975053873443,FOUND,WARN,UNKNOWN_SERIES;ESTIMATED_EXPIRY_ALIAS,2026-08-02.2,PUT_CALL_PARITY,AUG26,AUG26=PUT_CALL_PARITY;SEP26=PUT_CALL_PARITY;OCT26=PUT_CALL_PARITY;NOV26=PUT_CALL_PARITY;DEC26=PUT_CALL_PARITY;JUN27=PUT_CALL_PARITY;APR27=PUT_CALL_PARITY;MAR27=PUT_CALL_PARITY;FEB27=PUT_CALL_PARITY;JAN27=PUT_CALL_PARITY;MAY27=PUT_CALL_PARITY;JUL27=PUT_CALL_PARITY;SEP27=PUT_CALL_PARITY;AUG27=PUT_CALL_PARITY;DEC29=PUT_CALL_PARITY;DEC27=PUT_CALL_PARITY;MAR28=PUT_CALL_PARITY;DEC28=PUT_CALL_PARITY;DEC30=PUT_CALL_PARITY;JUN28=SERIES_FORWARD_CLUSTER,AUG26=7747.35;SEP26=7748.5;OCT26=7813;NOV26=7808.25;DEC26=7876.5;JUN27=8015.25;APR27=7959.5;MAR27=7945.5;FEB27=7879.75;JAN27=7881;MAY27=7963.25;JUL27=8043.875;SEP27=8077.25;AUG27=8051.75;DEC29=8676.5;DEC27=8103.75;MAR28=8179;DEC28=8373.25;DEC30=9151.75;JUN28=6427.25,NONE,WEIGHTED_ATM,2026-08-21,7,600,0.0,NONE,11513,11041,471,0,0,RTM,MDW;MMW;MRW;MTW,OK,NONE,NONE,2026-08-11
SPX,6995.0,-196312.98403096152,0.3270714766641529,0.0,0.0,0.0,0.0,0.0,0.0,7800.932309330873,7693.767690669128,7854.514618661745,7640.185381338256,SEP26,AUG26,2026-08-12,2026-09-18,7747.35,7705.975053873443,FOUND,WARN,UNKNOWN_SERIES;ESTIMATED_EXPIRY_ALIAS,2026-08-02.2,PUT_CALL_PARITY,AUG26,AUG26=PUT_CALL_PARITY;SEP26=PUT_CALL_PARITY;OCT26=PUT_CALL_PARITY;NOV26=PUT_CALL_PARITY;DEC26=PUT_CALL_PARITY;JUN27=PUT_CALL_PARITY;APR27=PUT_CALL_PARITY;MAR27=PUT_CALL_PARITY;FEB27=PUT_CALL_PARITY;JAN27=PUT_CALL_PARITY;MAY27=PUT_CALL_PARITY;JUL27=PUT_CALL_PARITY;SEP27=PUT_CALL_PARITY;AUG27=PUT_CALL_PARITY;DEC29=PUT_CALL_PARITY;DEC27=PUT_CALL_PARITY;MAR28=PUT_CALL_PARITY;DEC28=PUT_CALL_PARITY;DEC30=PUT_CALL_PARITY;JUN28=SERIES_FORWARD_CLUSTER,AUG26=7747.35;SEP26=7748.5;OCT26=7813;NOV26=7808.25;DEC26=7876.5;JUN27=8015.25;APR27=7959.5;MAR27=7945.5;FEB27=7879.75;JAN27=7881;MAY27=7963.25;JUL27=8043.875;SEP27=8077.25;AUG27=8051.75;DEC29=8676.5;DEC27=8103.75;MAR28=8179;DEC28=8373.25;DEC30=9151.75;JUN28=6427.25,NONE,WEIGHTED_ATM,2026-08-21,7,600,0.0,NONE,11513,11041,471,0,0,RTM,MDW;MMW;MRW;MTW,OK,NONE,NONE,2026-08-11
SPX,7000.0,-287853725.5729897,1293.6550537253806,0.0,0.0,0.0,0.0,0.0,16855.0,7800.932309330873,7693.767690669128,7854.514618661745,7640.185381338256,SEP26,AUG26,2026-08-12,2026-09-18,7747.35,7705.975053873443,FOUND,WARN,UNKNOWN_SERIES;ESTIMATED_EXPIRY_ALIAS,2026-08-02.2,PUT_CALL_PARITY,AUG26,AUG26=PUT_CALL_PARITY;SEP26=PUT_CALL_PARITY;OCT26=PUT_CALL_PARITY;NOV26=PUT_CALL_PARITY;DEC26=PUT_CALL_PARITY;JUN27=PUT_CALL_PARITY;APR27=PUT_CALL_PARITY;MAR27=PUT_CALL_PARITY;FEB27=PUT_CALL_PARITY;JAN27=PUT_CALL_PARITY;MAY27=PUT_CALL_PARITY;JUL27=PUT_CALL_PARITY;SEP27=PUT_CALL_PARITY;AUG27=PUT_CALL_PARITY;DEC29=PUT_CALL_PARITY;DEC27=PUT_CALL_PARITY;MAR28=PUT_CALL_PARITY;DEC28=PUT_CALL_PARITY;DEC30=PUT_CALL_PARITY;JUN28=SERIES_FORWARD_CLUSTER,AUG26=7747.35;SEP26=7748.5;OCT26=7813;NOV26=7808.25;DEC26=7876.5;JUN27=8015.25;APR27=7959.5;MAR27=7945.5;FEB27=7879.75;JAN27=7881;MAY27=7963.25;JUL27=8043.875;SEP27=8077.25;AUG27=8051.75;DEC29=8676.5;DEC27=8103.75;MAR28=8179;DEC28=8373.25;DEC30=9151.75;JUN28=6427.25,NONE,WEIGHTED_ATM,2026-08-21,7,600,0.0,NONE,11513,11041,471,0,0,RTM,MDW;MMW;MRW;MTW,OK,NONE,NONE,2026-08-11
SPX,7005.0,-45106.02498380772,0.07514986474647756,0.0,0.0,0.0,0.0,0.0,0.0,7800.932309330873,7693.767690669128,7854.514618661745,7640.185381338256,SEP26,AUG26,2026-08-12,2026-09-18,7747.35,7705.975053873443,FOUND,WARN,UNKNOWN_SERIES;ESTIMATED_EXPIRY_ALIAS,2026-08-02.2,PUT_CALL_PARITY,AUG26,AUG26=PUT_CALL_PARITY;SEP26=PUT_CALL_PARITY;OCT26=PUT_CALL_PARITY;NOV26=PUT_CALL_PARITY;DEC26=PUT_CALL_PARITY;JUN27=PUT_CALL_PARITY;APR27=PUT_CALL_PARITY;MAR27=PUT_CALL_PARITY;FEB27=PUT_CALL_PARITY;JAN27=PUT_CALL_PARITY;MAY27=PUT_CALL_PARITY;JUL27=PUT_CALL_PARITY;SEP27=PUT_CALL_PARITY;AUG27=PUT_CALL_PARITY;DEC29=PUT_CALL_PARITY;DEC27=PUT_CALL_PARITY;MAR28=PUT_CALL_PARITY;DEC28=PUT_CALL_PARITY;DEC30=PUT_CALL_PARITY;JUN28=SERIES_FORWARD_CLUSTER,AUG26=7747.35;SEP26=7748.5;OCT26=7813;NOV26=7808.25;DEC26=7876.5;JUN27=8015.25;APR27=7959.5;MAR27=7945.5;FEB27=7879.75;JAN27=7881;MAY27=7963.25;JUL27=8043.875;SEP27=8077.25;AUG27=8051.75;DEC29=8676.5;DEC27=8103.75;MAR28=8179;DEC28=8373.25;DEC30=9151.75;JUN28=6427.25,NONE,WEIGHTED_ATM,2026-08-21,7,600,0.0,NONE,11513,11041,471,0,0,RTM,MDW;MMW;MRW;MTW,OK,NONE,NONE,2026-08-11
SPX,7010.0,-1178783.0321230823,1.9751585433742125,0.0,0.0,0.0,0.0,0.0,0.0,7800.932309330873,7693.767690669128,7854.514618661745,7640.185381338256,SEP26,AUG26,2026-08-12,2026-09-18,7747.35,7705.975053873443,FOUND,WARN,UNKNOWN_SERIES;ESTIMATED_EXPIRY_ALIAS,2026-08-02.2,PUT_CALL_PARITY,AUG26,AUG26=PUT_CALL_PARITY;SEP26=PUT_CALL_PARITY;OCT26=PUT_CALL_PARITY;NOV26=PUT_CALL_PARITY;DEC26=PUT_CALL_PARITY;JUN27=PUT_CALL_PARITY;APR27=PUT_CALL_PARITY;MAR27=PUT_CALL_PARITY;FEB27=PUT_CALL_PARITY;JAN27=PUT_CALL_PARITY;MAY27=PUT_CALL_PARITY;JUL27=PUT_CALL_PARITY;SEP27=PUT_CALL_PARITY;AUG27=PUT_CALL_PARITY;DEC29=PUT_CALL_PARITY;DEC27=PUT_CALL_PARITY;MAR28=PUT_CALL_PARITY;DEC28=PUT_CALL_PARITY;DEC30=PUT_CALL_PARITY;JUN28=SERIES_FORWARD_CLUSTER,AUG26=7747.35;SEP26=7748.5;OCT26=7813;NOV26=7808.25;DEC26=7876.5;JUN27=8015.25;APR27=7959.5;MAR27=7945.5;FEB27=7879.75;JAN27=7881;MAY27=7963.25;JUL27=8043.875;SEP27=8077.25;AUG27=8051.75;DEC29=8676.5;DEC27=8103.75;MAR28=8179;DEC28=8373.25;DEC30=9151.75;JUN28=6427.25,NONE,WEIGHTED_ATM,2026-08-21,7,600,0.0,NONE,11513,11041,471,0,0,RTM,MDW;MMW;MRW;MTW,OK,NONE,NONE,2026-08-11
SPX,7015.0,-1035.6475151716304,0.0017254628559735148,0.0,0.0,0.0,0.0,0.0,0.0,7800.932309330873,7693.767690669128,7854.514618661745,7640.185381338256,SEP26,AUG26,2026-08-12,2026-09-18,7747.35,7705.975053873443,FOUND,WARN,UNKNOWN_SERIES;ESTIMATED_EXPIRY_ALIAS,2026-08-02.2,PUT_CALL_PARITY,AUG26,AUG26=PUT_CALL_PARITY;SEP26=PUT_CALL_PARITY;OCT26=PUT_CALL_PARITY;NOV26=PUT_CALL_PARITY;DEC26=PUT_CALL_PARITY;JUN27=PUT_CALL_PARITY;APR27=PUT_CALL_PARITY;MAR27=PUT_CALL_PARITY;FEB27=PUT_CALL_PARITY;JAN27=PUT_CALL_PARITY;MAY27=PUT_CALL_PARITY;JUL27=PUT_CALL_PARITY;SEP27=PUT_CALL_PARITY;AUG27=PUT_CALL_PARITY;DEC29=PUT_CALL_PARITY;DEC27=PUT_CALL_PARITY;MAR28=PUT_CALL_PARITY;DEC28=PUT_CALL_PARITY;DEC30=PUT_CALL_PARITY;JUN28=SERIES_FORWARD_CLUSTER,AUG26=7747.35;SEP26=7748.5;OCT26=7813;NOV26=7808.25;DEC26=7876.5;JUN27=8015.25;APR27=7959.5;MAR27=7945.5;FEB27=7879.75;JAN27=7881;MAY27=7963.25;JUL27=8043.875;SEP27=8077.25;AUG27=8051.75;DEC29=8676.5;DEC27=8103.75;MAR28=8179;DEC28=8373.25;DEC30=9151.75;JUN28=6427.25,NONE,WEIGHTED_ATM,2026-08-21,7,600,0.0,NONE,11513,11041,471,0,0,RTM,MDW;MMW;MRW;MTW,OK,NONE,NONE,2026-08-11
SPX,7020.0,-1071550.8791137484,1.799055903744017,0.0,0.0,0.0,0.0,0.0,0.0,7800.932309330873,7693.767690669128,7854.514618661745,7640.185381338256,SEP26,AUG26,2026-08-12,2026-09-18,7747.35,7705.975053873443,FOUND,WARN,UNKNOWN_SERIES;ESTIMATED_EXPIRY_ALIAS,2026-08-02.2,PUT_CALL_PARITY,AUG26,AUG26=PUT_CALL_PARITY;SEP26=PUT_CALL_PARITY;OCT26=PUT_CALL_PARITY;NOV26=PUT_CALL_PARITY;DEC26=PUT_CALL_PARITY;JUN27=PUT_CALL_PARITY;APR27=PUT_CALL_PARITY;MAR27=PUT_CALL_PARITY;FEB27=PUT_CALL_PARITY;JAN27=PUT_CALL_PARITY;MAY27=PUT_CALL_PARITY;JUL27=PUT_CALL_PARITY;SEP27=PUT_CALL_PARITY;AUG27=PUT_CALL_PARITY;DEC29=PUT_CALL_PARITY;DEC27=PUT_CALL_PARITY;MAR28=PUT_CALL_PARITY;DEC28=PUT_CALL_PARITY;DEC30=PUT_CALL_PARITY;JUN28=SERIES_FORWARD_CLUSTER,AUG26=7747.35;SEP26=7748.5;OCT26=7813;NOV26=7808.25;DEC26=7876.5;JUN27=8015.25;APR27=7959.5;MAR27=7945.5;FEB27=7879.75;JAN27=7881;MAY27=7963.25;JUL27=8043.875;SEP27=8077.25;AUG27=8051.75;DEC29=8676.5;DEC27=8103.75;MAR28=8179;DEC28=8373.25;DEC30=9151.75;JUN28=6427.25,NONE,WEIGHTED_ATM,2026-08-21,7,600,0.0,NONE,11513,11041,471,0,0,RTM,MDW;MMW;MRW;MTW,OK,NONE,NONE,2026-08-11
SPX,7025.0,-26251734.373588886,44.79111414337449,0.0,0.0,0.0,0.0,0.0,0.0,7800.932309330873,7693.767690669128,7854.514618661745,7640.185381338256,SEP26,AUG26,2026-08-12,2026-09-18,7747.35,7705.975053873443,FOUND,WARN,UNKNOWN_SERIES;ESTIMATED_EXPIRY_ALIAS,2026-08-02.2,PUT_CALL_PARITY,AUG26,AUG26=PUT_CALL_PARITY;SEP26=PUT_CALL_PARITY;OCT26=PUT_CALL_PARITY;NOV26=PUT_CALL_PARITY;DEC26=PUT_CALL_PARITY;JUN27=PUT_CALL_PARITY;APR27=PUT_CALL_PARITY;MAR27=PUT_CALL_PARITY;FEB27=PUT_CALL_PARITY;JAN27=PUT_CALL_PARITY;MAY27=PUT_CALL_PARITY;JUL27=PUT_CALL_PARITY;SEP27=PUT_CALL_PARITY;AUG27=PUT_CALL_PARITY;DEC29=PUT_CALL_PARITY;DEC27=PUT_CALL_PARITY;MAR28=PUT_CALL_PARITY;DEC28=PUT_CALL_PARITY;DEC30=PUT_CALL_PARITY;JUN28=SERIES_FORWARD_CLUSTER,AUG26=7747.35;SEP26=7748.5;OCT26=7813;NOV26=7808.25;DEC26=7876.5;JUN27=8015.25;APR27=7959.5;MAR27=7945.5;FEB27=7879.75;JAN27=7881;MAY27=7963.25;JUL27=8043.875;SEP27=8077.25;AUG27=8051.75;DEC29=8676.5;DEC27=8103.75;MAR28=8179;DEC28=8373.25;DEC30=9151.75;JUN28=6427.25,NONE,WEIGHTED_ATM,2026-08-21,7,600,0.0,NONE,11513,11041,471,0,0,RTM,MDW;MMW;MRW;MTW,OK,NONE,NONE,2026-08-11
SPX,7030.0,-2123307.3505808185,3.5517058610949057,0.0,0.0,0.0,0.0,0.0,0.0,7800.932309330873,7693.767690669128,7854.514618661745,7640.185381338256,SEP26,AUG26,2026-08-12,2026-09-18,7747.35,7705.975053873443,FOUND,WARN,UNKNOWN_SERIES;ESTIMATED_EXPIRY_ALIAS,2026-08-02.2,PUT_CALL_PARITY,AUG26,AUG26=PUT_CALL_PARITY;SEP26=PUT_CALL_PARITY;OCT26=PUT_CALL_PARITY;NOV26=PUT_CALL_PARITY;DEC26=PUT_CALL_PARITY;JUN27=PUT_CALL_PARITY;APR27=PUT_CALL_PARITY;MAR27=PUT_CALL_PARITY;FEB27=PUT_CALL_PARITY;JAN27=PUT_CALL_PARITY;MAY27=PUT_CALL_PARITY;JUL27=PUT_CALL_PARITY;SEP27=PUT_CALL_PARITY;AUG27=PUT_CALL_PARITY;DEC29=PUT_CALL_PARITY;DEC27=PUT_CALL_PARITY;MAR28=PUT_CALL_PARITY;DEC28=PUT_CALL_PARITY;DEC30=PUT_CALL_PARITY;JUN28=SERIES_FORWARD_CLUSTER,AUG26=7747.35;SEP26=7748.5;OCT26=7813;NOV26=7808.25;DEC26=7876.5;JUN27=8015.25;APR27=7959.5;MAR27=7945.5;FEB27=7879.75;JAN27=7881;MAY27=7963.25;JUL27=8043.875;SEP27=8077.25;AUG27=8051.75;DEC29=8676.5;DEC27=8103.75;MAR28=8179;DEC28=8373.25;DEC30=9151.75;JUN28=6427.25,NONE,WEIGHTED_ATM,2026-08-21,7,600,0.0,NONE,11513,11041,471,0,0,RTM,MDW;MMW;MRW;MTW,OK,NONE,NONE,2026-08-11
SPX,7035.0,-544.1063544842098,0.0009065201148153925,0.0,0.0,0.0,0.0,0.0,0.0,7800.932309330873,7693.767690669128,7854.514618661745,7640.185381338256,SEP26,AUG26,2026-08-12,2026-09-18,7747.35,7705.975053873443,FOUND,WARN,UNKNOWN_SERIES;ESTIMATED_EXPIRY_ALIAS,2026-08-02.2,PUT_CALL_PARITY,AUG26,AUG26=PUT_CALL_PARITY;SEP26=PUT_CALL_PARITY;OCT26=PUT_CALL_PARITY;NOV26=PUT_CALL_PARITY;DEC26=PUT_CALL_PARITY;JUN27=PUT_CALL_PARITY;APR27=PUT_CALL_PARITY;MAR27=PUT_CALL_PARITY;FEB27=PUT_CALL_PARITY;JAN27=PUT_CALL_PARITY;MAY27=PUT_CALL_PARITY;JUL27=PUT_CALL_PARITY;SEP27=PUT_CALL_PARITY;AUG27=PUT_CALL_PARITY;DEC29=PUT_CALL_PARITY;DEC27=PUT_CALL_PARITY;MAR28=PUT_CALL_PARITY;DEC28=PUT_CALL_PARITY;DEC30=PUT_CALL_PARITY;JUN28=SERIES_FORWARD_CLUSTER,AUG26=7747.35;SEP26=7748.5;OCT26=7813;NOV26=7808.25;DEC26=7876.5;JUN27=8015.25;APR27=7959.5;MAR27=7945.5;FEB27=7879.75;JAN27=7881;MAY27=7963.25;JUL27=8043.875;SEP27=8077.25;AUG27=8051.75;DEC29=8676.5;DEC27=8103.75;MAR28=8179;DEC28=8373.25;DEC30=9151.75;JUN28=6427.25,NONE,WEIGHTED_ATM,2026-08-21,7,600,0.0,NONE,11513,11041,471,0,0,RTM,MDW;MMW;MRW;MTW,OK,NONE,NONE,2026-08-11
SPX,7040.0,-2019222.979892964,3.3638527981680104,0.0,0.0,0.0,0.0,0.0,0.0,7800.932309330873,7693.767690669128,7854.514618661745,7640.185381338256,SEP26,AUG26,2026-08-12,2026-09-18,7747.35,7705.975053873443,FOUND,WARN,UNKNOWN_SERIES;ESTIMATED_EXPIRY_ALIAS,2026-08-02.2,PUT_CALL_PARITY,AUG26,AUG26=PUT_CALL_PARITY;SEP26=PUT_CALL_PARITY;OCT26=PUT_CALL_PARITY;NOV26=PUT_CALL_PARITY;DEC26=PUT_CALL_PARITY;JUN27=PUT_CALL_PARITY;APR27=PUT_CALL_PARITY;MAR27=PUT_CALL_PARITY;FEB27=PUT_CALL_PARITY;JAN27=PUT_CALL_PARITY;MAY27=PUT_CALL_PARITY;JUL27=PUT_CALL_PARITY;SEP27=PUT_CALL_PARITY;AUG27=PUT_CALL_PARITY;DEC29=PUT_CALL_PARITY;DEC27=PUT_CALL_PARITY;MAR28=PUT_CALL_PARITY;DEC28=PUT_CALL_PARITY;DEC30=PUT_CALL_PARITY;JUN28=SERIES_FORWARD_CLUSTER,AUG26=7747.35;SEP26=7748.5;OCT26=7813;NOV26=7808.25;DEC26=7876.5;JUN27=8015.25;APR27=7959.5;MAR27=7945.5;FEB27=7879.75;JAN27=7881;MAY27=7963.25;JUL27=8043.875;SEP27=8077.25;AUG27=8051.75;DEC29=8676.5;DEC27=8103.75;MAR28=8179;DEC28=8373.25;DEC30=9151.75;JUN28=6427.25,NONE,WEIGHTED_ATM,2026-08-21,7,600,0.0,NONE,11513,11041,471,0,0,RTM,MDW;MMW;MRW;MTW,OK,NONE,NONE,2026-08-11
SPX,7050.0,-149834503.74526533,391.10065416731993,0.0,0.0,0.0,0.0,0.0,0.0,7800.932309330873,7693.767690669128,7854.514618661745,7640.185381338256,SEP26,AUG26,2026-08-12,2026-09-18,7747.35,7705.975053873443,FOUND,WARN,UNKNOWN_SERIES;ESTIMATED_EXPIRY_ALIAS,2026-08-02.2,PUT_CALL_PARITY,AUG26,AUG26=PUT_CALL_PARITY;SEP26=PUT_CALL_PARITY;OCT26=PUT_CALL_PARITY;NOV26=PUT_CALL_PARITY;DEC26=PUT_CALL_PARITY;JUN27=PUT_CALL_PARITY;APR27=PUT_CALL_PARITY;MAR27=PUT_CALL_PARITY;FEB27=PUT_CALL_PARITY;JAN27=PUT_CALL_PARITY;MAY27=PUT_CALL_PARITY;JUL27=PUT_CALL_PARITY;SEP27=PUT_CALL_PARITY;AUG27=PUT_CALL_PARITY;DEC29=PUT_CALL_PARITY;DEC27=PUT_CALL_PARITY;MAR28=PUT_CALL_PARITY;DEC28=PUT_CALL_PARITY;DEC30=PUT_CALL_PARITY;JUN28=SERIES_FORWARD_CLUSTER,AUG26=7747.35;SEP26=7748.5;OCT26=7813;NOV26=7808.25;DEC26=7876.5;JUN27=8015.25;APR27=7959.5;MAR27=7945.5;FEB27=7879.75;JAN27=7881;MAY27=7963.25;JUL27=8043.875;SEP27=8077.25;AUG27=8051.75;DEC29=8676.5;DEC27=8103.75;MAR28=8179;DEC28=8373.25;DEC30=9151.75;JUN28=6427.25,NONE,WEIGHTED_ATM,2026-08-21,7,600,0.0,NONE,11513,11041,471,0,0,RTM,MDW;MMW;MRW;MTW,OK,NONE,NONE,2026-08-11
SPX,7060.0,-967077.1812900888,1.6112166177079348,0.0,0.0,0.0,0.0,0.0,0.0,7800.932309330873,7693.767690669128,7854.514618661745,7640.185381338256,SEP26,AUG26,2026-08-12,2026-09-18,7747.35,7705.975053873443,FOUND,WARN,UNKNOWN_SERIES;ESTIMATED_EXPIRY_ALIAS,2026-08-02.2,PUT_CALL_PARITY,AUG26,AUG26=PUT_CALL_PARITY;SEP26=PUT_CALL_PARITY;OCT26=PUT_CALL_PARITY;NOV26=PUT_CALL_PARITY;DEC26=PUT_CALL_PARITY;JUN27=PUT_CALL_PARITY;APR27=PUT_CALL_PARITY;MAR27=PUT_CALL_PARITY;FEB27=PUT_CALL_PARITY;JAN27=PUT_CALL_PARITY;MAY27=PUT_CALL_PARITY;JUL27=PUT_CALL_PARITY;SEP27=PUT_CALL_PARITY;AUG27=PUT_CALL_PARITY;DEC29=PUT_CALL_PARITY;DEC27=PUT_CALL_PARITY;MAR28=PUT_CALL_PARITY;DEC28=PUT_CALL_PARITY;DEC30=PUT_CALL_PARITY;JUN28=SERIES_FORWARD_CLUSTER,AUG26=7747.35;SEP26=7748.5;OCT26=7813;NOV26=7808.25;DEC26=7876.5;JUN27=8015.25;APR27=7959.5;MAR27=7945.5;FEB27=7879.75;JAN27=7881;MAY27=7963.25;JUL27=8043.875;SEP27=8077.25;AUG27=8051.75;DEC29=8676.5;DEC27=8103.75;MAR28=8179;DEC28=8373.25;DEC30=9151.75;JUN28=6427.25,NONE,WEIGHTED_ATM,2026-08-21,7,600,0.0,NONE,11513,11041,471,0,0,RTM,MDW;MMW;MRW;MTW,OK,NONE,NONE,2026-08-11
SPX,7065.0,-27099.870191579434,0.04515032260713241,0.0,0.0,0.0,0.0,0.0,0.0,7800.932309330873,7693.767690669128,7854.514618661745,7640.185381338256,SEP26,AUG26,2026-08-12,2026-09-18,7747.35,7705.975053873443,FOUND,WARN,UNKNOWN_SERIES;ESTIMATED_EXPIRY_ALIAS,2026-08-02.2,PUT_CALL_PARITY,AUG26,AUG26=PUT_CALL_PARITY;SEP26=PUT_CALL_PARITY;OCT26=PUT_CALL_PARITY;NOV26=PUT_CALL_PARITY;DEC26=PUT_CALL_PARITY;JUN27=PUT_CALL_PARITY;APR27=PUT_CALL_PARITY;MAR27=PUT_CALL_PARITY;FEB27=PUT_CALL_PARITY;JAN27=PUT_CALL_PARITY;MAY27=PUT_CALL_PARITY;JUL27=PUT_CALL_PARITY;SEP27=PUT_CALL_PARITY;AUG27=PUT_CALL_PARITY;DEC29=PUT_CALL_PARITY;DEC27=PUT_CALL_PARITY;MAR28=PUT_CALL_PARITY;DEC28=PUT_CALL_PARITY;DEC30=PUT_CALL_PARITY;JUN28=SERIES_FORWARD_CLUSTER,AUG26=7747.35;SEP26=7748.5;OCT26=7813;NOV26=7808.25;DEC26=7876.5;JUN27=8015.25;APR27=7959.5;MAR27=7945.5;FEB27=7879.75;JAN27=7881;MAY27=7963.25;JUL27=8043.875;SEP27=8077.25;AUG27=8051.75;DEC29=8676.5;DEC27=8103.75;MAR28=8179;DEC28=8373.25;DEC30=9151.75;JUN28=6427.25,NONE,WEIGHTED_ATM,2026-08-21,7,600,0.0,NONE,11513,11041,471,0,0,RTM,MDW;MMW;MRW;MTW,OK,NONE,NONE,2026-08-11
SPX,7070.0,-2518711.917488535,4.2176913033609615,0.0,0.0,0.0,0.0,0.0,0.0,7800.932309330873,7693.767690669128,7854.514618661745,7640.185381338256,SEP26,AUG26,2026-08-12,2026-09-18,7747.35,7705.975053873443,FOUND,WARN,UNKNOWN_SERIES;ESTIMATED_EXPIRY_ALIAS,2026-08-02.2,PUT_CALL_PARITY,AUG26,AUG26=PUT_CALL_PARITY;SEP26=PUT_CALL_PARITY;OCT26=PUT_CALL_PARITY;NOV26=PUT_CALL_PARITY;DEC26=PUT_CALL_PARITY;JUN27=PUT_CALL_PARITY;APR27=PUT_CALL_PARITY;MAR27=PUT_CALL_PARITY;FEB27=PUT_CALL_PARITY;JAN27=PUT_CALL_PARITY;MAY27=PUT_CALL_PARITY;JUL27=PUT_CALL_PARITY;SEP27=PUT_CALL_PARITY;AUG27=PUT_CALL_PARITY;DEC29=PUT_CALL_PARITY;DEC27=PUT_CALL_PARITY;MAR28=PUT_CALL_PARITY;DEC28=PUT_CALL_PARITY;DEC30=PUT_CALL_PARITY;JUN28=SERIES_FORWARD_CLUSTER,AUG26=7747.35;SEP26=7748.5;OCT26=7813;NOV26=7808.25;DEC26=7876.5;JUN27=8015.25;APR27=7959.5;MAR27=7945.5;FEB27=7879.75;JAN27=7881;MAY27=7963.25;JUL27=8043.875;SEP27=8077.25;AUG27=8051.75;DEC29=8676.5;DEC27=8103.75;MAR28=8179;DEC28=8373.25;DEC30=9151.75;JUN28=6427.25,NONE,WEIGHTED_ATM,2026-08-21,7,600,0.0,NONE,11513,11041,471,0,0,RTM,MDW;MMW;MRW;MTW,OK,NONE,NONE,2026-08-11
SPX,7075.0,-57528478.046103545,97.38956008285116,0.0,0.0,0.0,0.0,0.0,0.0,7800.932309330873,7693.767690669128,7854.514618661745,7640.185381338256,SEP26,AUG26,2026-08-12,2026-09-18,7747.35,7705.975053873443,FOUND,WARN,UNKNOWN_SERIES;ESTIMATED_EXPIRY_ALIAS,2026-08-02.2,PUT_CALL_PARITY,AUG26,AUG26=PUT_CALL_PARITY;SEP26=PUT_CALL_PARITY;OCT26=PUT_CALL_PARITY;NOV26=PUT_CALL_PARITY;DEC26=PUT_CALL_PARITY;JUN27=PUT_CALL_PARITY;APR27=PUT_CALL_PARITY;MAR27=PUT_CALL_PARITY;FEB27=PUT_CALL_PARITY;JAN27=PUT_CALL_PARITY;MAY27=PUT_CALL_PARITY;JUL27=PUT_CALL_PARITY;SEP27=PUT_CALL_PARITY;AUG27=PUT_CALL_PARITY;DEC29=PUT_CALL_PARITY;DEC27=PUT_CALL_PARITY;MAR28=PUT_CALL_PARITY;DEC28=PUT_CALL_PARITY;DEC30=PUT_CALL_PARITY;JUN28=SERIES_FORWARD_CLUSTER,AUG26=7747.35;SEP26=7748.5;OCT26=7813;NOV26=7808.25;DEC26=7876.5;JUN27=8015.25;APR27=7959.5;MAR27=7945.5;FEB27=7879.75;JAN27=7881;MAY27=7963.25;JUL27=8043.875;SEP27=8077.25;AUG27=8051.75;DEC29=8676.5;DEC27=8103.75;MAR28=8179;DEC28=8373.25;DEC30=9151.75;JUN28=6427.25,NONE,WEIGHTED_ATM,2026-08-21,7,600,0.0,NONE,11513,11041,471,0,0,RTM,MDW;MMW;MRW;MTW,OK,NONE,NONE,2026-08-11
SPX,7080.0,-3485179.858806594,5.816918819754092,0.0,0.0,0.0,0.0,0.0,0.0,7800.932309330873,7693.767690669128,7854.514618661745,7640.185381338256,SEP26,AUG26,2026-08-12,2026-09-18,7747.35,7705.975053873443,FOUND,WARN,UNKNOWN_SERIES;ESTIMATED_EXPIRY_ALIAS,2026-08-02.2,PUT_CALL_PARITY,AUG26,AUG26=PUT_CALL_PARITY;SEP26=PUT_CALL_PARITY;OCT26=PUT_CALL_PARITY;NOV26=PUT_CALL_PARITY;DEC26=PUT_CALL_PARITY;JUN27=PUT_CALL_PARITY;APR27=PUT_CALL_PARITY;MAR27=PUT_CALL_PARITY;FEB27=PUT_CALL_PARITY;JAN27=PUT_CALL_PARITY;MAY27=PUT_CALL_PARITY;JUL27=PUT_CALL_PARITY;SEP27=PUT_CALL_PARITY;AUG27=PUT_CALL_PARITY;DEC29=PUT_CALL_PARITY;DEC27=PUT_CALL_PARITY;MAR28=PUT_CALL_PARITY;DEC28=PUT_CALL_PARITY;DEC30=PUT_CALL_PARITY;JUN28=SERIES_FORWARD_CLUSTER,AUG26=7747.35;SEP26=7748.5;OCT26=7813;NOV26=7808.25;DEC26=7876.5;JUN27=8015.25;APR27=7959.5;MAR27=7945.5;FEB27=7879.75;JAN27=7881;MAY27=7963.25;JUL27=8043.875;SEP27=8077.25;AUG27=8051.75;DEC29=8676.5;DEC27=8103.75;MAR28=8179;DEC28=8373.25;DEC30=9151.75;JUN28=6427.25,NONE,WEIGHTED_ATM,2026-08-21,7,600,0.0,NONE,11513,11041,471,0,0,RTM,MDW;MMW;MRW;MTW,OK,NONE,NONE,2026-08-11
SPX,7085.0,-10242.240599600285,0.01706430562296617,0.0,0.0,0.0,0.0,0.0,0.0,7800.932309330873,7693.767690669128,7854.514618661745,7640.185381338256,SEP26,AUG26,2026-08-12,2026-09-18,7747.35,7705.975053873443,FOUND,WARN,UNKNOWN_SERIES;ESTIMATED_EXPIRY_ALIAS,2026-08-02.2,PUT_CALL_PARITY,AUG26,AUG26=PUT_CALL_PARITY;SEP26=PUT_CALL_PARITY;OCT26=PUT_CALL_PARITY;NOV26=PUT_CALL_PARITY;DEC26=PUT_CALL_PARITY;JUN27=PUT_CALL_PARITY;APR27=PUT_CALL_PARITY;MAR27=PUT_CALL_PARITY;FEB27=PUT_CALL_PARITY;JAN27=PUT_CALL_PARITY;MAY27=PUT_CALL_PARITY;JUL27=PUT_CALL_PARITY;SEP27=PUT_CALL_PARITY;AUG27=PUT_CALL_PARITY;DEC29=PUT_CALL_PARITY;DEC27=PUT_CALL_PARITY;MAR28=PUT_CALL_PARITY;DEC28=PUT_CALL_PARITY;DEC30=PUT_CALL_PARITY;JUN28=SERIES_FORWARD_CLUSTER,AUG26=7747.35;SEP26=7748.5;OCT26=7813;NOV26=7808.25;DEC26=7876.5;JUN27=8015.25;APR27=7959.5;MAR27=7945.5;FEB27=7879.75;JAN27=7881;MAY27=7963.25;JUL27=8043.875;SEP27=8077.25;AUG27=8051.75;DEC29=8676.5;DEC27=8103.75;MAR28=8179;DEC28=8373.25;DEC30=9151.75;JUN28=6427.25,NONE,WEIGHTED_ATM,2026-08-21,7,600,0.0,NONE,11513,11041,471,0,0,RTM,MDW;MMW;MRW;MTW,OK,NONE,NONE,2026-08-11
SPX,7090.0,-1551075.1248756482,2.610362471539789,0.0,0.0,0.0,0.0,0.0,0.0,7800.932309330873,7693.767690669128,7854.514618661745,7640.185381338256,SEP26,AUG26,2026-08-12,2026-09-18,7747.35,7705.975053873443,FOUND,WARN,UNKNOWN_SERIES;ESTIMATED_EXPIRY_ALIAS,2026-08-02.2,PUT_CALL_PARITY,AUG26,AUG26=PUT_CALL_PARITY;SEP26=PUT_CALL_PARITY;OCT26=PUT_CALL_PARITY;NOV26=PUT_CALL_PARITY;DEC26=PUT_CALL_PARITY;JUN27=PUT_CALL_PARITY;APR27=PUT_CALL_PARITY;MAR27=PUT_CALL_PARITY;FEB27=PUT_CALL_PARITY;JAN27=PUT_CALL_PARITY;MAY27=PUT_CALL_PARITY;JUL27=PUT_CALL_PARITY;SEP27=PUT_CALL_PARITY;AUG27=PUT_CALL_PARITY;DEC29=PUT_CALL_PARITY;DEC27=PUT_CALL_PARITY;MAR28=PUT_CALL_PARITY;DEC28=PUT_CALL_PARITY;DEC30=PUT_CALL_PARITY;JUN28=SERIES_FORWARD_CLUSTER,AUG26=7747.35;SEP26=7748.5;OCT26=7813;NOV26=7808.25;DEC26=7876.5;JUN27=8015.25;APR27=7959.5;MAR27=7945.5;FEB27=7879.75;JAN27=7881;MAY27=7963.25;JUL27=8043.875;SEP27=8077.25;AUG27=8051.75;DEC29=8676.5;DEC27=8103.75;MAR28=8179;DEC28=8373.25;DEC30=9151.75;JUN28=6427.25,NONE,WEIGHTED_ATM,2026-08-21,7,600,0.0,NONE,11513,11041,471,0,0,RTM,MDW;MMW;MRW;MTW,OK,NONE,NONE,2026-08-11
SPX,7095.0,0.0,0.0,0.0,0.0,0.0,0.0,0.0,0.0,7800.932309330873,7693.767690669128,7854.514618661745,7640.185381338256,SEP26,AUG26,2026-08-12,2026-09-18,7747.35,7705.975053873443,FOUND,WARN,UNKNOWN_SERIES;ESTIMATED_EXPIRY_ALIAS,2026-08-02.2,PUT_CALL_PARITY,AUG26,AUG26=PUT_CALL_PARITY;SEP26=PUT_CALL_PARITY;OCT26=PUT_CALL_PARITY;NOV26=PUT_CALL_PARITY;DEC26=PUT_CALL_PARITY;JUN27=PUT_CALL_PARITY;APR27=PUT_CALL_PARITY;MAR27=PUT_CALL_PARITY;FEB27=PUT_CALL_PARITY;JAN27=PUT_CALL_PARITY;MAY27=PUT_CALL_PARITY;JUL27=PUT_CALL_PARITY;SEP27=PUT_CALL_PARITY;AUG27=PUT_CALL_PARITY;DEC29=PUT_CALL_PARITY;DEC27=PUT_CALL_PARITY;MAR28=PUT_CALL_PARITY;DEC28=PUT_CALL_PARITY;DEC30=PUT_CALL_PARITY;JUN28=SERIES_FORWARD_CLUSTER,AUG26=7747.35;SEP26=7748.5;OCT26=7813;NOV26=7808.25;DEC26=7876.5;JUN27=8015.25;APR27=7959.5;MAR27=7945.5;FEB27=7879.75;JAN27=7881;MAY27=7963.25;JUL27=8043.875;SEP27=8077.25;AUG27=8051.75;DEC29=8676.5;DEC27=8103.75;MAR28=8179;DEC28=8373.25;DEC30=9151.75;JUN28=6427.25,NONE,WEIGHTED_ATM,2026-08-21,7,600,0.0,NONE,11513,11041,471,0,0,RTM,MDW;MMW;MRW;MTW,OK,NONE,NONE,2026-08-11
SPX,7100.0,-297430057.78042316,735.4711782156963,0.0,0.0,0.0,0.0,0.0,0.0,7800.932309330873,7693.767690669128,7854.514618661745,7640.185381338256,SEP26,AUG26,2026-08-12,2026-09-18,7747.35,7705.975053873443,FOUND,WARN,UNKNOWN_SERIES;ESTIMATED_EXPIRY_ALIAS,2026-08-02.2,PUT_CALL_PARITY,AUG26,AUG26=PUT_CALL_PARITY;SEP26=PUT_CALL_PARITY;OCT26=PUT_CALL_PARITY;NOV26=PUT_CALL_PARITY;DEC26=PUT_CALL_PARITY;JUN27=PUT_CALL_PARITY;APR27=PUT_CALL_PARITY;MAR27=PUT_CALL_PARITY;FEB27=PUT_CALL_PARITY;JAN27=PUT_CALL_PARITY;MAY27=PUT_CALL_PARITY;JUL27=PUT_CALL_PARITY;SEP27=PUT_CALL_PARITY;AUG27=PUT_CALL_PARITY;DEC29=PUT_CALL_PARITY;DEC27=PUT_CALL_PARITY;MAR28=PUT_CALL_PARITY;DEC28=PUT_CALL_PARITY;DEC30=PUT_CALL_PARITY;JUN28=SERIES_FORWARD_CLUSTER,AUG26=7747.35;SEP26=7748.5;OCT26=7813;NOV26=7808.25;DEC26=7876.5;JUN27=8015.25;APR27=7959.5;MAR27=7945.5;FEB27=7879.75;JAN27=7881;MAY27=7963.25;JUL27=8043.875;SEP27=8077.25;AUG27=8051.75;DEC29=8676.5;DEC27=8103.75;MAR28=8179;DEC28=8373.25;DEC30=9151.75;JUN28=6427.25,NONE,WEIGHTED_ATM,2026-08-21,7,600,0.0,NONE,11513,11041,471,0,0,RTM,MDW;MMW;MRW;MTW,OK,NONE,NONE,2026-08-11
SPX,7105.0,-33227.926496813176,0.05536010284519227,0.0,0.0,0.0,0.0,0.0,0.0,7800.932309330873,7693.767690669128,7854.514618661745,7640.185381338256,SEP26,AUG26,2026-08-12,2026-09-18,7747.35,7705.975053873443,FOUND,WARN,UNKNOWN_SERIES;ESTIMATED_EXPIRY_ALIAS,2026-08-02.2,PUT_CALL_PARITY,AUG26,AUG26=PUT_CALL_PARITY;SEP26=PUT_CALL_PARITY;OCT26=PUT_CALL_PARITY;NOV26=PUT_CALL_PARITY;DEC26=PUT_CALL_PARITY;JUN27=PUT_CALL_PARITY;APR27=PUT_CALL_PARITY;MAR27=PUT_CALL_PARITY;FEB27=PUT_CALL_PARITY;JAN27=PUT_CALL_PARITY;MAY27=PUT_CALL_PARITY;JUL27=PUT_CALL_PARITY;SEP27=PUT_CALL_PARITY;AUG27=PUT_CALL_PARITY;DEC29=PUT_CALL_PARITY;DEC27=PUT_CALL_PARITY;MAR28=PUT_CALL_PARITY;DEC28=PUT_CALL_PARITY;DEC30=PUT_CALL_PARITY;JUN28=SERIES_FORWARD_CLUSTER,AUG26=7747.35;SEP26=7748.5;OCT26=7813;NOV26=7808.25;DEC26=7876.5;JUN27=8015.25;APR27=7959.5;MAR27=7945.5;FEB27=7879.75;JAN27=7881;MAY27=7963.25;JUL27=8043.875;SEP27=8077.25;AUG27=8051.75;DEC29=8676.5;DEC27=8103.75;MAR28=8179;DEC28=8373.25;DEC30=9151.75;JUN28=6427.25,NONE,WEIGHTED_ATM,2026-08-21,7,600,0.0,NONE,11513,11041,471,0,0,RTM,MDW;MMW;MRW;MTW,OK,NONE,NONE,2026-08-11
SPX,7110.0,-1862341.113308834,3.1173469593560785,0.0,0.0,0.0,0.0,0.0,0.0,7800.932309330873,7693.767690669128,7854.514618661745,7640.185381338256,SEP26,AUG26,2026-08-12,2026-09-18,7747.35,7705.975053873443,FOUND,WARN,UNKNOWN_SERIES;ESTIMATED_EXPIRY_ALIAS,2026-08-02.2,PUT_CALL_PARITY,AUG26,AUG26=PUT_CALL_PARITY;SEP26=PUT_CALL_PARITY;OCT26=PUT_CALL_PARITY;NOV26=PUT_CALL_PARITY;DEC26=PUT_CALL_PARITY;JUN27=PUT_CALL_PARITY;APR27=PUT_CALL_PARITY;MAR27=PUT_CALL_PARITY;FEB27=PUT_CALL_PARITY;JAN27=PUT_CALL_PARITY;MAY27=PUT_CALL_PARITY;JUL27=PUT_CALL_PARITY;SEP27=PUT_CALL_PARITY;AUG27=PUT_CALL_PARITY;DEC29=PUT_CALL_PARITY;DEC27=PUT_CALL_PARITY;MAR28=PUT_CALL_PARITY;DEC28=PUT_CALL_PARITY;DEC30=PUT_CALL_PARITY;JUN28=SERIES_FORWARD_CLUSTER,AUG26=7747.35;SEP26=7748.5;OCT26=7813;NOV26=7808.25;DEC26=7876.5;JUN27=8015.25;APR27=7959.5;MAR27=7945.5;FEB27=7879.75;JAN27=7881;MAY27=7963.25;JUL27=8043.875;SEP27=8077.25;AUG27=8051.75;DEC29=8676.5;DEC27=8103.75;MAR28=8179;DEC28=8373.25;DEC30=9151.75;JUN28=6427.25,NONE,WEIGHTED_ATM,2026-08-21,7,600,0.0,NONE,11513,11041,471,0,0,RTM,MDW;MMW;MRW;MTW,OK,NONE,NONE,2026-08-11
SPX,7120.0,-2429131.2712908154,4.0768705001864705,0.0,0.0,0.0,0.0,0.0,0.0,7800.932309330873,7693.767690669128,7854.514618661745,7640.185381338256,SEP26,AUG26,2026-08-12,2026-09-18,7747.35,7705.975053873443,FOUND,WARN,UNKNOWN_SERIES;ESTIMATED_EXPIRY_ALIAS,2026-08-02.2,PUT_CALL_PARITY,AUG26,AUG26=PUT_CALL_PARITY;SEP26=PUT_CALL_PARITY;OCT26=PUT_CALL_PARITY;NOV26=PUT_CALL_PARITY;DEC26=PUT_CALL_PARITY;JUN27=PUT_CALL_PARITY;APR27=PUT_CALL_PARITY;MAR27=PUT_CALL_PARITY;FEB27=PUT_CALL_PARITY;JAN27=PUT_CALL_PARITY;MAY27=PUT_CALL_PARITY;JUL27=PUT_CALL_PARITY;SEP27=PUT_CALL_PARITY;AUG27=PUT_CALL_PARITY;DEC29=PUT_CALL_PARITY;DEC27=PUT_CALL_PARITY;MAR28=PUT_CALL_PARITY;DEC28=PUT_CALL_PARITY;DEC30=PUT_CALL_PARITY;JUN28=SERIES_FORWARD_CLUSTER,AUG26=7747.35;SEP26=7748.5;OCT26=7813;NOV26=7808.25;DEC26=7876.5;JUN27=8015.25;APR27=7959.5;MAR27=7945.5;FEB27=7879.75;JAN27=7881;MAY27=7963.25;JUL27=8043.875;SEP27=8077.25;AUG27=8051.75;DEC29=8676.5;DEC27=8103.75;MAR28=8179;DEC28=8373.25;DEC30=9151.75;JUN28=6427.25,NONE,WEIGHTED_ATM,2026-08-21,7,600,0.0,NONE,11513,11041,471,0,0,RTM,MDW;MMW;MRW;MTW,OK,NONE,NONE,2026-08-11
SPX,7125.0,-67140154.66799825,113.81129389317007,0.0,0.0,0.0,0.0,0.0,0.0,7800.932309330873,7693.767690669128,7854.514618661745,7640.185381338256,SEP26,AUG26,2026-08-12,2026-09-18,7747.35,7705.975053873443,FOUND,WARN,UNKNOWN_SERIES;ESTIMATED_EXPIRY_ALIAS,2026-08-02.2,PUT_CALL_PARITY,AUG26,AUG26=PUT_CALL_PARITY;SEP26=PUT_CALL_PARITY;OCT26=PUT_CALL_PARITY;NOV26=PUT_CALL_PARITY;DEC26=PUT_CALL_PARITY;JUN27=PUT_CALL_PARITY;APR27=PUT_CALL_PARITY;MAR27=PUT_CALL_PARITY;FEB27=PUT_CALL_PARITY;JAN27=PUT_CALL_PARITY;MAY27=PUT_CALL_PARITY;JUL27=PUT_CALL_PARITY;SEP27=PUT_CALL_PARITY;AUG27=PUT_CALL_PARITY;DEC29=PUT_CALL_PARITY;DEC27=PUT_CALL_PARITY;MAR28=PUT_CALL_PARITY;DEC28=PUT_CALL_PARITY;DEC30=PUT_CALL_PARITY;JUN28=SERIES_FORWARD_CLUSTER,AUG26=7747.35;SEP26=7748.5;OCT26=7813;NOV26=7808.25;DEC26=7876.5;JUN27=8015.25;APR27=7959.5;MAR27=7945.5;FEB27=7879.75;JAN27=7881;MAY27=7963.25;JUL27=8043.875;SEP27=8077.25;AUG27=8051.75;DEC29=8676.5;DEC27=8103.75;MAR28=8179;DEC28=8373.25;DEC30=9151.75;JUN28=6427.25,NONE,WEIGHTED_ATM,2026-08-21,7,600,0.0,NONE,11513,11041,471,0,0,RTM,MDW;MMW;MRW;MTW,OK,NONE,NONE,2026-08-11
SPX,7130.0,-3214382.559648942,5.358453066369377,0.0,0.0,0.0,0.0,0.0,0.0,7800.932309330873,7693.767690669128,7854.514618661745,7640.185381338256,SEP26,AUG26,2026-08-12,2026-09-18,7747.35,7705.975053873443,FOUND,WARN,UNKNOWN_SERIES;ESTIMATED_EXPIRY_ALIAS,2026-08-02.2,PUT_CALL_PARITY,AUG26,AUG26=PUT_CALL_PARITY;SEP26=PUT_CALL_PARITY;OCT26=PUT_CALL_PARITY;NOV26=PUT_CALL_PARITY;DEC26=PUT_CALL_PARITY;JUN27=PUT_CALL_PARITY;APR27=PUT_CALL_PARITY;MAR27=PUT_CALL_PARITY;FEB27=PUT_CALL_PARITY;JAN27=PUT_CALL_PARITY;MAY27=PUT_CALL_PARITY;JUL27=PUT_CALL_PARITY;SEP27=PUT_CALL_PARITY;AUG27=PUT_CALL_PARITY;DEC29=PUT_CALL_PARITY;DEC27=PUT_CALL_PARITY;MAR28=PUT_CALL_PARITY;DEC28=PUT_CALL_PARITY;DEC30=PUT_CALL_PARITY;JUN28=SERIES_FORWARD_CLUSTER,AUG26=7747.35;SEP26=7748.5;OCT26=7813;NOV26=7808.25;DEC26=7876.5;JUN27=8015.25;APR27=7959.5;MAR27=7945.5;FEB27=7879.75;JAN27=7881;MAY27=7963.25;JUL27=8043.875;SEP27=8077.25;AUG27=8051.75;DEC29=8676.5;DEC27=8103.75;MAR28=8179;DEC28=8373.25;DEC30=9151.75;JUN28=6427.25,NONE,WEIGHTED_ATM,2026-08-21,7,600,0.0,NONE,11513,11041,471,0,0,RTM,MDW;MMW;MRW;MTW,OK,NONE,NONE,2026-08-11
SPX,7135.0,-177494.83550342952,0.29571909486746784,0.0,0.0,0.0,0.0,0.0,0.0,7800.932309330873,7693.767690669128,7854.514618661745,7640.185381338256,SEP26,AUG26,2026-08-12,2026-09-18,7747.35,7705.975053873443,FOUND,WARN,UNKNOWN_SERIES;ESTIMATED_EXPIRY_ALIAS,2026-08-02.2,PUT_CALL_PARITY,AUG26,AUG26=PUT_CALL_PARITY;SEP26=PUT_CALL_PARITY;OCT26=PUT_CALL_PARITY;NOV26=PUT_CALL_PARITY;DEC26=PUT_CALL_PARITY;JUN27=PUT_CALL_PARITY;APR27=PUT_CALL_PARITY;MAR27=PUT_CALL_PARITY;FEB27=PUT_CALL_PARITY;JAN27=PUT_CALL_PARITY;MAY27=PUT_CALL_PARITY;JUL27=PUT_CALL_PARITY;SEP27=PUT_CALL_PARITY;AUG27=PUT_CALL_PARITY;DEC29=PUT_CALL_PARITY;DEC27=PUT_CALL_PARITY;MAR28=PUT_CALL_PARITY;DEC28=PUT_CALL_PARITY;DEC30=PUT_CALL_PARITY;JUN28=SERIES_FORWARD_CLUSTER,AUG26=7747.35;SEP26=7748.5;OCT26=7813;NOV26=7808.25;DEC26=7876.5;JUN27=8015.25;APR27=7959.5;MAR27=7945.5;FEB27=7879.75;JAN27=7881;MAY27=7963.25;JUL27=8043.875;SEP27=8077.25;AUG27=8051.75;DEC29=8676.5;DEC27=8103.75;MAR28=8179;DEC28=8373.25;DEC30=9151.75;JUN28=6427.25,NONE,WEIGHTED_ATM,2026-08-21,7,600,0.0,NONE,11513,11041,471,0,0,RTM,MDW;MMW;MRW;MTW,OK,NONE,NONE,2026-08-11
SPX,7140.0,-8621769.945794329,14.462565052938883,0.0,0.0,0.0,0.0,0.0,0.0,7800.932309330873,7693.767690669128,7854.514618661745,7640.185381338256,SEP26,AUG26,2026-08-12,2026-09-18,7747.35,7705.975053873443,FOUND,WARN,UNKNOWN_SERIES;ESTIMATED_EXPIRY_ALIAS,2026-08-02.2,PUT_CALL_PARITY,AUG26,AUG26=PUT_CALL_PARITY;SEP26=PUT_CALL_PARITY;OCT26=PUT_CALL_PARITY;NOV26=PUT_CALL_PARITY;DEC26=PUT_CALL_PARITY;JUN27=PUT_CALL_PARITY;APR27=PUT_CALL_PARITY;MAR27=PUT_CALL_PARITY;FEB27=PUT_CALL_PARITY;JAN27=PUT_CALL_PARITY;MAY27=PUT_CALL_PARITY;JUL27=PUT_CALL_PARITY;SEP27=PUT_CALL_PARITY;AUG27=PUT_CALL_PARITY;DEC29=PUT_CALL_PARITY;DEC27=PUT_CALL_PARITY;MAR28=PUT_CALL_PARITY;DEC28=PUT_CALL_PARITY;DEC30=PUT_CALL_PARITY;JUN28=SERIES_FORWARD_CLUSTER,AUG26=7747.35;SEP26=7748.5;OCT26=7813;NOV26=7808.25;DEC26=7876.5;JUN27=8015.25;APR27=7959.5;MAR27=7945.5;FEB27=7879.75;JAN27=7881;MAY27=7963.25;JUL27=8043.875;SEP27=8077.25;AUG27=8051.75;DEC29=8676.5;DEC27=8103.75;MAR28=8179;DEC28=8373.25;DEC30=9151.75;JUN28=6427.25,NONE,WEIGHTED_ATM,2026-08-21,7,600,0.0,NONE,11513,11041,471,0,0,RTM,MDW;MMW;MRW;MTW,OK,NONE,NONE,2026-08-11
SPX,7145.0,-69382.24826403958,0.11559578958067933,0.0,0.0,0.0,0.0,0.0,0.0,7800.932309330873,7693.767690669128,7854.514618661745,7640.185381338256,SEP26,AUG26,2026-08-12,2026-09-18,7747.35,7705.975053873443,FOUND,WARN,UNKNOWN_SERIES;ESTIMATED_EXPIRY_ALIAS,2026-08-02.2,PUT_CALL_PARITY,AUG26,AUG26=PUT_CALL_PARITY;SEP26=PUT_CALL_PARITY;OCT26=PUT_CALL_PARITY;NOV26=PUT_CALL_PARITY;DEC26=PUT_CALL_PARITY;JUN27=PUT_CALL_PARITY;APR27=PUT_CALL_PARITY;MAR27=PUT_CALL_PARITY;FEB27=PUT_CALL_PARITY;JAN27=PUT_CALL_PARITY;MAY27=PUT_CALL_PARITY;JUL27=PUT_CALL_PARITY;SEP27=PUT_CALL_PARITY;AUG27=PUT_CALL_PARITY;DEC29=PUT_CALL_PARITY;DEC27=PUT_CALL_PARITY;MAR28=PUT_CALL_PARITY;DEC28=PUT_CALL_PARITY;DEC30=PUT_CALL_PARITY;JUN28=SERIES_FORWARD_CLUSTER,AUG26=7747.35;SEP26=7748.5;OCT26=7813;NOV26=7808.25;DEC26=7876.5;JUN27=8015.25;APR27=7959.5;MAR27=7945.5;FEB27=7879.75;JAN27=7881;MAY27=7963.25;JUL27=8043.875;SEP27=8077.25;AUG27=8051.75;DEC29=8676.5;DEC27=8103.75;MAR28=8179;DEC28=8373.25;DEC30=9151.75;JUN28=6427.25,NONE,WEIGHTED_ATM,2026-08-21,7,600,0.0,NONE,11513,11041,471,0,0,RTM,MDW;MMW;MRW;MTW,OK,NONE,NONE,2026-08-11
SPX,7150.0,-221103388.83403665,586.5233124066783,0.0,0.0,0.0,0.0,0.0,0.0,7800.932309330873,7693.767690669128,7854.514618661745,7640.185381338256,SEP26,AUG26,2026-08-12,2026-09-18,7747.35,7705.975053873443,FOUND,WARN,UNKNOWN_SERIES;ESTIMATED_EXPIRY_ALIAS,2026-08-02.2,PUT_CALL_PARITY,AUG26,AUG26=PUT_CALL_PARITY;SEP26=PUT_CALL_PARITY;OCT26=PUT_CALL_PARITY;NOV26=PUT_CALL_PARITY;DEC26=PUT_CALL_PARITY;JUN27=PUT_CALL_PARITY;APR27=PUT_CALL_PARITY;MAR27=PUT_CALL_PARITY;FEB27=PUT_CALL_PARITY;JAN27=PUT_CALL_PARITY;MAY27=PUT_CALL_PARITY;JUL27=PUT_CALL_PARITY;SEP27=PUT_CALL_PARITY;AUG27=PUT_CALL_PARITY;DEC29=PUT_CALL_PARITY;DEC27=PUT_CALL_PARITY;MAR28=PUT_CALL_PARITY;DEC28=PUT_CALL_PARITY;DEC30=PUT_CALL_PARITY;JUN28=SERIES_FORWARD_CLUSTER,AUG26=7747.35;SEP26=7748.5;OCT26=7813;NOV26=7808.25;DEC26=7876.5;JUN27=8015.25;APR27=7959.5;MAR27=7945.5;FEB27=7879.75;JAN27=7881;MAY27=7963.25;JUL27=8043.875;SEP27=8077.25;AUG27=8051.75;DEC29=8676.5;DEC27=8103.75;MAR28=8179;DEC28=8373.25;DEC30=9151.75;JUN28=6427.25,NONE,WEIGHTED_ATM,2026-08-21,7,600,0.0,NONE,11513,11041,471,0,0,RTM,MDW;MMW;MRW;MTW,OK,NONE,NONE,2026-08-11
SPX,7155.0,-51064.18372050692,0.08507658347998874,0.0,0.0,0.0,0.0,0.0,0.0,7800.932309330873,7693.767690669128,7854.514618661745,7640.185381338256,SEP26,AUG26,2026-08-12,2026-09-18,7747.35,7705.975053873443,FOUND,WARN,UNKNOWN_SERIES;ESTIMATED_EXPIRY_ALIAS,2026-08-02.2,PUT_CALL_PARITY,AUG26,AUG26=PUT_CALL_PARITY;SEP26=PUT_CALL_PARITY;OCT26=PUT_CALL_PARITY;NOV26=PUT_CALL_PARITY;DEC26=PUT_CALL_PARITY;JUN27=PUT_CALL_PARITY;APR27=PUT_CALL_PARITY;MAR27=PUT_CALL_PARITY;FEB27=PUT_CALL_PARITY;JAN27=PUT_CALL_PARITY;MAY27=PUT_CALL_PARITY;JUL27=PUT_CALL_PARITY;SEP27=PUT_CALL_PARITY;AUG27=PUT_CALL_PARITY;DEC29=PUT_CALL_PARITY;DEC27=PUT_CALL_PARITY;MAR28=PUT_CALL_PARITY;DEC28=PUT_CALL_PARITY;DEC30=PUT_CALL_PARITY;JUN28=SERIES_FORWARD_CLUSTER,AUG26=7747.35;SEP26=7748.5;OCT26=7813;NOV26=7808.25;DEC26=7876.5;JUN27=8015.25;APR27=7959.5;MAR27=7945.5;FEB27=7879.75;JAN27=7881;MAY27=7963.25;JUL27=8043.875;SEP27=8077.25;AUG27=8051.75;DEC29=8676.5;DEC27=8103.75;MAR28=8179;DEC28=8373.25;DEC30=9151.75;JUN28=6427.25,NONE,WEIGHTED_ATM,2026-08-21,7,600,0.0,NONE,11513,11041,471,0,0,RTM,MDW;MMW;MRW;MTW,OK,NONE,NONE,2026-08-11
SPX,7160.0,-4059960.1340798885,6.786317624378051,0.0,0.0,0.0,0.0,0.0,0.0,7800.932309330873,7693.767690669128,7854.514618661745,7640.185381338256,SEP26,AUG26,2026-08-12,2026-09-18,7747.35,7705.975053873443,FOUND,WARN,UNKNOWN_SERIES;ESTIMATED_EXPIRY_ALIAS,2026-08-02.2,PUT_CALL_PARITY,AUG26,AUG26=PUT_CALL_PARITY;SEP26=PUT_CALL_PARITY;OCT26=PUT_CALL_PARITY;NOV26=PUT_CALL_PARITY;DEC26=PUT_CALL_PARITY;JUN27=PUT_CALL_PARITY;APR27=PUT_CALL_PARITY;MAR27=PUT_CALL_PARITY;FEB27=PUT_CALL_PARITY;JAN27=PUT_CALL_PARITY;MAY27=PUT_CALL_PARITY;JUL27=PUT_CALL_PARITY;SEP27=PUT_CALL_PARITY;AUG27=PUT_CALL_PARITY;DEC29=PUT_CALL_PARITY;DEC27=PUT_CALL_PARITY;MAR28=PUT_CALL_PARITY;DEC28=PUT_CALL_PARITY;DEC30=PUT_CALL_PARITY;JUN28=SERIES_FORWARD_CLUSTER,AUG26=7747.35;SEP26=7748.5;OCT26=7813;NOV26=7808.25;DEC26=7876.5;JUN27=8015.25;APR27=7959.5;MAR27=7945.5;FEB27=7879.75;JAN27=7881;MAY27=7963.25;JUL27=8043.875;SEP27=8077.25;AUG27=8051.75;DEC29=8676.5;DEC27=8103.75;MAR28=8179;DEC28=8373.25;DEC30=9151.75;JUN28=6427.25,NONE,WEIGHTED_ATM,2026-08-21,7,600,0.0,NONE,11513,11041,471,0,0,RTM,MDW;MMW;MRW;MTW,OK,NONE,NONE,2026-08-11
SPX,7165.0,-181073.67293517443,0.3016816940777022,0.0,0.0,0.0,0.0,0.0,0.0,7800.932309330873,7693.767690669128,7854.514618661745,7640.185381338256,SEP26,AUG26,2026-08-12,2026-09-18,7747.35,7705.975053873443,FOUND,WARN,UNKNOWN_SERIES;ESTIMATED_EXPIRY_ALIAS,2026-08-02.2,PUT_CALL_PARITY,AUG26,AUG26=PUT_CALL_PARITY;SEP26=PUT_CALL_PARITY;OCT26=PUT_CALL_PARITY;NOV26=PUT_CALL_PARITY;DEC26=PUT_CALL_PARITY;JUN27=PUT_CALL_PARITY;APR27=PUT_CALL_PARITY;MAR27=PUT_CALL_PARITY;FEB27=PUT_CALL_PARITY;JAN27=PUT_CALL_PARITY;MAY27=PUT_CALL_PARITY;JUL27=PUT_CALL_PARITY;SEP27=PUT_CALL_PARITY;AUG27=PUT_CALL_PARITY;DEC29=PUT_CALL_PARITY;DEC27=PUT_CALL_PARITY;MAR28=PUT_CALL_PARITY;DEC28=PUT_CALL_PARITY;DEC30=PUT_CALL_PARITY;JUN28=SERIES_FORWARD_CLUSTER,AUG26=7747.35;SEP26=7748.5;OCT26=7813;NOV26=7808.25;DEC26=7876.5;JUN27=8015.25;APR27=7959.5;MAR27=7945.5;FEB27=7879.75;JAN27=7881;MAY27=7963.25;JUL27=8043.875;SEP27=8077.25;AUG27=8051.75;DEC29=8676.5;DEC27=8103.75;MAR28=8179;DEC28=8373.25;DEC30=9151.75;JUN28=6427.25,NONE,WEIGHTED_ATM,2026-08-21,7,600,0.0,NONE,11513,11041,471,0,0,RTM,MDW;MMW;MRW;MTW,OK,NONE,NONE,2026-08-11
SPX,7170.0,-7046951.679492879,11.78793483131401,0.0,0.0,0.0,0.0,0.0,0.0,7800.932309330873,7693.767690669128,7854.514618661745,7640.185381338256,SEP26,AUG26,2026-08-12,2026-09-18,7747.35,7705.975053873443,FOUND,WARN,UNKNOWN_SERIES;ESTIMATED_EXPIRY_ALIAS,2026-08-02.2,PUT_CALL_PARITY,AUG26,AUG26=PUT_CALL_PARITY;SEP26=PUT_CALL_PARITY;OCT26=PUT_CALL_PARITY;NOV26=PUT_CALL_PARITY;DEC26=PUT_CALL_PARITY;JUN27=PUT_CALL_PARITY;APR27=PUT_CALL_PARITY;MAR27=PUT_CALL_PARITY;FEB27=PUT_CALL_PARITY;JAN27=PUT_CALL_PARITY;MAY27=PUT_CALL_PARITY;JUL27=PUT_CALL_PARITY;SEP27=PUT_CALL_PARITY;AUG27=PUT_CALL_PARITY;DEC29=PUT_CALL_PARITY;DEC27=PUT_CALL_PARITY;MAR28=PUT_CALL_PARITY;DEC28=PUT_CALL_PARITY;DEC30=PUT_CALL_PARITY;JUN28=SERIES_FORWARD_CLUSTER,AUG26=7747.35;SEP26=7748.5;OCT26=7813;NOV26=7808.25;DEC26=7876.5;JUN27=8015.25;APR27=7959.5;MAR27=7945.5;FEB27=7879.75;JAN27=7881;MAY27=7963.25;JUL27=8043.875;SEP27=8077.25;AUG27=8051.75;DEC29=8676.5;DEC27=8103.75;MAR28=8179;DEC28=8373.25;DEC30=9151.75;JUN28=6427.25,NONE,WEIGHTED_ATM,2026-08-21,7,600,0.0,NONE,11513,11041,471,0,0,RTM,MDW;MMW;MRW;MTW,OK,NONE,NONE,2026-08-11
SPX,7175.0,-66578679.52407163,118.08935557229054,0.0,0.0,0.0,0.0,0.0,0.0,7800.932309330873,7693.767690669128,7854.514618661745,7640.185381338256,SEP26,AUG26,2026-08-12,2026-09-18,7747.35,7705.975053873443,FOUND,WARN,UNKNOWN_SERIES;ESTIMATED_EXPIRY_ALIAS,2026-08-02.2,PUT_CALL_PARITY,AUG26,AUG26=PUT_CALL_PARITY;SEP26=PUT_CALL_PARITY;OCT26=PUT_CALL_PARITY;NOV26=PUT_CALL_PARITY;DEC26=PUT_CALL_PARITY;JUN27=PUT_CALL_PARITY;APR27=PUT_CALL_PARITY;MAR27=PUT_CALL_PARITY;FEB27=PUT_CALL_PARITY;JAN27=PUT_CALL_PARITY;MAY27=PUT_CALL_PARITY;JUL27=PUT_CALL_PARITY;SEP27=PUT_CALL_PARITY;AUG27=PUT_CALL_PARITY;DEC29=PUT_CALL_PARITY;DEC27=PUT_CALL_PARITY;MAR28=PUT_CALL_PARITY;DEC28=PUT_CALL_PARITY;DEC30=PUT_CALL_PARITY;JUN28=SERIES_FORWARD_CLUSTER,AUG26=7747.35;SEP26=7748.5;OCT26=7813;NOV26=7808.25;DEC26=7876.5;JUN27=8015.25;APR27=7959.5;MAR27=7945.5;FEB27=7879.75;JAN27=7881;MAY27=7963.25;JUL27=8043.875;SEP27=8077.25;AUG27=8051.75;DEC29=8676.5;DEC27=8103.75;MAR28=8179;DEC28=8373.25;DEC30=9151.75;JUN28=6427.25,NONE,WEIGHTED_ATM,2026-08-21,7,600,0.0,NONE,11513,11041,471,0,0,RTM,MDW;MMW;MRW;MTW,OK,NONE,NONE,2026-08-11
SPX,7180.0,-2930144.646759363,4.969262188567748,0.0,0.0,0.0,0.0,0.0,0.0,7800.932309330873,7693.767690669128,7854.514618661745,7640.185381338256,SEP26,AUG26,2026-08-12,2026-09-18,7747.35,7705.975053873443,FOUND,WARN,UNKNOWN_SERIES;ESTIMATED_EXPIRY_ALIAS,2026-08-02.2,PUT_CALL_PARITY,AUG26,AUG26=PUT_CALL_PARITY;SEP26=PUT_CALL_PARITY;OCT26=PUT_CALL_PARITY;NOV26=PUT_CALL_PARITY;DEC26=PUT_CALL_PARITY;JUN27=PUT_CALL_PARITY;APR27=PUT_CALL_PARITY;MAR27=PUT_CALL_PARITY;FEB27=PUT_CALL_PARITY;JAN27=PUT_CALL_PARITY;MAY27=PUT_CALL_PARITY;JUL27=PUT_CALL_PARITY;SEP27=PUT_CALL_PARITY;AUG27=PUT_CALL_PARITY;DEC29=PUT_CALL_PARITY;DEC27=PUT_CALL_PARITY;MAR28=PUT_CALL_PARITY;DEC28=PUT_CALL_PARITY;DEC30=PUT_CALL_PARITY;JUN28=SERIES_FORWARD_CLUSTER,AUG26=7747.35;SEP26=7748.5;OCT26=7813;NOV26=7808.25;DEC26=7876.5;JUN27=8015.25;APR27=7959.5;MAR27=7945.5;FEB27=7879.75;JAN27=7881;MAY27=7963.25;JUL27=8043.875;SEP27=8077.25;AUG27=8051.75;DEC29=8676.5;DEC27=8103.75;MAR28=8179;DEC28=8373.25;DEC30=9151.75;JUN28=6427.25,NONE,WEIGHTED_ATM,2026-08-21,7,600,0.0,NONE,11513,11041,471,0,0,RTM,MDW;MMW;MRW;MTW,OK,NONE,NONE,2026-08-11
SPX,7185.0,-196041.6045760753,0.3266193390763918,0.0,0.0,0.0,0.0,0.0,0.0,7800.932309330873,7693.767690669128,7854.514618661745,7640.185381338256,SEP26,AUG26,2026-08-12,2026-09-18,7747.35,7705.975053873443,FOUND,WARN,UNKNOWN_SERIES;ESTIMATED_EXPIRY_ALIAS,2026-08-02.2,PUT_CALL_PARITY,AUG26,AUG26=PUT_CALL_PARITY;SEP26=PUT_CALL_PARITY;OCT26=PUT_CALL_PARITY;NOV26=PUT_CALL_PARITY;DEC26=PUT_CALL_PARITY;JUN27=PUT_CALL_PARITY;APR27=PUT_CALL_PARITY;MAR27=PUT_CALL_PARITY;FEB27=PUT_CALL_PARITY;JAN27=PUT_CALL_PARITY;MAY27=PUT_CALL_PARITY;JUL27=PUT_CALL_PARITY;SEP27=PUT_CALL_PARITY;AUG27=PUT_CALL_PARITY;DEC29=PUT_CALL_PARITY;DEC27=PUT_CALL_PARITY;MAR28=PUT_CALL_PARITY;DEC28=PUT_CALL_PARITY;DEC30=PUT_CALL_PARITY;JUN28=SERIES_FORWARD_CLUSTER,AUG26=7747.35;SEP26=7748.5;OCT26=7813;NOV26=7808.25;DEC26=7876.5;JUN27=8015.25;APR27=7959.5;MAR27=7945.5;FEB27=7879.75;JAN27=7881;MAY27=7963.25;JUL27=8043.875;SEP27=8077.25;AUG27=8051.75;DEC29=8676.5;DEC27=8103.75;MAR28=8179;DEC28=8373.25;DEC30=9151.75;JUN28=6427.25,NONE,WEIGHTED_ATM,2026-08-21,7,600,0.0,NONE,11513,11041,471,0,0,RTM,MDW;MMW;MRW;MTW,OK,NONE,NONE,2026-08-11
SPX,7190.0,-3899882.192404202,6.857157285790437,0.0,0.0,0.0,0.0,0.0,0.0,7800.932309330873,7693.767690669128,7854.514618661745,7640.185381338256,SEP26,AUG26,2026-08-12,2026-09-18,7747.35,7705.975053873443,FOUND,WARN,UNKNOWN_SERIES;ESTIMATED_EXPIRY_ALIAS,2026-08-02.2,PUT_CALL_PARITY,AUG26,AUG26=PUT_CALL_PARITY;SEP26=PUT_CALL_PARITY;OCT26=PUT_CALL_PARITY;NOV26=PUT_CALL_PARITY;DEC26=PUT_CALL_PARITY;JUN27=PUT_CALL_PARITY;APR27=PUT_CALL_PARITY;MAR27=PUT_CALL_PARITY;FEB27=PUT_CALL_PARITY;JAN27=PUT_CALL_PARITY;MAY27=PUT_CALL_PARITY;JUL27=PUT_CALL_PARITY;SEP27=PUT_CALL_PARITY;AUG27=PUT_CALL_PARITY;DEC29=PUT_CALL_PARITY;DEC27=PUT_CALL_PARITY;MAR28=PUT_CALL_PARITY;DEC28=PUT_CALL_PARITY;DEC30=PUT_CALL_PARITY;JUN28=SERIES_FORWARD_CLUSTER,AUG26=7747.35;SEP26=7748.5;OCT26=7813;NOV26=7808.25;DEC26=7876.5;JUN27=8015.25;APR27=7959.5;MAR27=7945.5;FEB27=7879.75;JAN27=7881;MAY27=7963.25;JUL27=8043.875;SEP27=8077.25;AUG27=8051.75;DEC29=8676.5;DEC27=8103.75;MAR28=8179;DEC28=8373.25;DEC30=9151.75;JUN28=6427.25,NONE,WEIGHTED_ATM,2026-08-21,7,600,0.0,NONE,11513,11041,471,0,0,RTM,MDW;MMW;MRW;MTW,OK,NONE,NONE,2026-08-11
SPX,7195.0,-94592.6208098472,0.1575980739253066,0.0,0.0,0.0,0.0,0.0,0.0,7800.932309330873,7693.767690669128,7854.514618661745,7640.185381338256,SEP26,AUG26,2026-08-12,2026-09-18,7747.35,7705.975053873443,FOUND,WARN,UNKNOWN_SERIES;ESTIMATED_EXPIRY_ALIAS,2026-08-02.2,PUT_CALL_PARITY,AUG26,AUG26=PUT_CALL_PARITY;SEP26=PUT_CALL_PARITY;OCT26=PUT_CALL_PARITY;NOV26=PUT_CALL_PARITY;DEC26=PUT_CALL_PARITY;JUN27=PUT_CALL_PARITY;APR27=PUT_CALL_PARITY;MAR27=PUT_CALL_PARITY;FEB27=PUT_CALL_PARITY;JAN27=PUT_CALL_PARITY;MAY27=PUT_CALL_PARITY;JUL27=PUT_CALL_PARITY;SEP27=PUT_CALL_PARITY;AUG27=PUT_CALL_PARITY;DEC29=PUT_CALL_PARITY;DEC27=PUT_CALL_PARITY;MAR28=PUT_CALL_PARITY;DEC28=PUT_CALL_PARITY;DEC30=PUT_CALL_PARITY;JUN28=SERIES_FORWARD_CLUSTER,AUG26=7747.35;SEP26=7748.5;OCT26=7813;NOV26=7808.25;DEC26=7876.5;JUN27=8015.25;APR27=7959.5;MAR27=7945.5;FEB27=7879.75;JAN27=7881;MAY27=7963.25;JUL27=8043.875;SEP27=8077.25;AUG27=8051.75;DEC29=8676.5;DEC27=8103.75;MAR28=8179;DEC28=8373.25;DEC30=9151.75;JUN28=6427.25,NONE,WEIGHTED_ATM,2026-08-21,7,600,0.0,NONE,11513,11041,471,0,0,RTM,MDW;MMW;MRW;MTW,OK,NONE,NONE,2026-08-11
SPX,7200.0,-362702820.4987557,1152.8774161454785,0.0,0.0,0.0,0.0,0.0,0.0,7800.932309330873,7693.767690669128,7854.514618661745,7640.185381338256,SEP26,AUG26,2026-08-12,2026-09-18,7747.35,7705.975053873443,FOUND,WARN,UNKNOWN_SERIES;ESTIMATED_EXPIRY_ALIAS,2026-08-02.2,PUT_CALL_PARITY,AUG26,AUG26=PUT_CALL_PARITY;SEP26=PUT_CALL_PARITY;OCT26=PUT_CALL_PARITY;NOV26=PUT_CALL_PARITY;DEC26=PUT_CALL_PARITY;JUN27=PUT_CALL_PARITY;APR27=PUT_CALL_PARITY;MAR27=PUT_CALL_PARITY;FEB27=PUT_CALL_PARITY;JAN27=PUT_CALL_PARITY;MAY27=PUT_CALL_PARITY;JUL27=PUT_CALL_PARITY;SEP27=PUT_CALL_PARITY;AUG27=PUT_CALL_PARITY;DEC29=PUT_CALL_PARITY;DEC27=PUT_CALL_PARITY;MAR28=PUT_CALL_PARITY;DEC28=PUT_CALL_PARITY;DEC30=PUT_CALL_PARITY;JUN28=SERIES_FORWARD_CLUSTER,AUG26=7747.35;SEP26=7748.5;OCT26=7813;NOV26=7808.25;DEC26=7876.5;JUN27=8015.25;APR27=7959.5;MAR27=7945.5;FEB27=7879.75;JAN27=7881;MAY27=7963.25;JUL27=8043.875;SEP27=8077.25;AUG27=8051.75;DEC29=8676.5;DEC27=8103.75;MAR28=8179;DEC28=8373.25;DEC30=9151.75;JUN28=6427.25,NONE,WEIGHTED_ATM,2026-08-21,7,600,0.0,NONE,11513,11041,471,0,0,RTM,MDW;MMW;MRW;MTW,OK,NONE,NONE,2026-08-11
SPX,7205.0,-53941.5429807306,0.08987046986901236,0.0,0.0,0.0,0.0,0.0,0.0,7800.932309330873,7693.767690669128,7854.514618661745,7640.185381338256,SEP26,AUG26,2026-08-12,2026-09-18,7747.35,7705.975053873443,FOUND,WARN,UNKNOWN_SERIES;ESTIMATED_EXPIRY_ALIAS,2026-08-02.2,PUT_CALL_PARITY,AUG26,AUG26=PUT_CALL_PARITY;SEP26=PUT_CALL_PARITY;OCT26=PUT_CALL_PARITY;NOV26=PUT_CALL_PARITY;DEC26=PUT_CALL_PARITY;JUN27=PUT_CALL_PARITY;APR27=PUT_CALL_PARITY;MAR27=PUT_CALL_PARITY;FEB27=PUT_CALL_PARITY;JAN27=PUT_CALL_PARITY;MAY27=PUT_CALL_PARITY;JUL27=PUT_CALL_PARITY;SEP27=PUT_CALL_PARITY;AUG27=PUT_CALL_PARITY;DEC29=PUT_CALL_PARITY;DEC27=PUT_CALL_PARITY;MAR28=PUT_CALL_PARITY;DEC28=PUT_CALL_PARITY;DEC30=PUT_CALL_PARITY;JUN28=SERIES_FORWARD_CLUSTER,AUG26=7747.35;SEP26=7748.5;OCT26=7813;NOV26=7808.25;DEC26=7876.5;JUN27=8015.25;APR27=7959.5;MAR27=7945.5;FEB27=7879.75;JAN27=7881;MAY27=7963.25;JUL27=8043.875;SEP27=8077.25;AUG27=8051.75;DEC29=8676.5;DEC27=8103.75;MAR28=8179;DEC28=8373.25;DEC30=9151.75;JUN28=6427.25,NONE,WEIGHTED_ATM,2026-08-21,7,600,0.0,NONE,11513,11041,471,0,0,RTM,MDW;MMW;MRW;MTW,OK,NONE,NONE,2026-08-11
SPX,7210.0,-9066471.426710006,15.224545320658432,0.0,0.0,0.0,0.0,0.0,0.0,7800.932309330873,7693.767690669128,7854.514618661745,7640.185381338256,SEP26,AUG26,2026-08-12,2026-09-18,7747.35,7705.975053873443,FOUND,WARN,UNKNOWN_SERIES;ESTIMATED_EXPIRY_ALIAS,2026-08-02.2,PUT_CALL_PARITY,AUG26,AUG26=PUT_CALL_PARITY;SEP26=PUT_CALL_PARITY;OCT26=PUT_CALL_PARITY;NOV26=PUT_CALL_PARITY;DEC26=PUT_CALL_PARITY;JUN27=PUT_CALL_PARITY;APR27=PUT_CALL_PARITY;MAR27=PUT_CALL_PARITY;FEB27=PUT_CALL_PARITY;JAN27=PUT_CALL_PARITY;MAY27=PUT_CALL_PARITY;JUL27=PUT_CALL_PARITY;SEP27=PUT_CALL_PARITY;AUG27=PUT_CALL_PARITY;DEC29=PUT_CALL_PARITY;DEC27=PUT_CALL_PARITY;MAR28=PUT_CALL_PARITY;DEC28=PUT_CALL_PARITY;DEC30=PUT_CALL_PARITY;JUN28=SERIES_FORWARD_CLUSTER,AUG26=7747.35;SEP26=7748.5;OCT26=7813;NOV26=7808.25;DEC26=7876.5;JUN27=8015.25;APR27=7959.5;MAR27=7945.5;FEB27=7879.75;JAN27=7881;MAY27=7963.25;JUL27=8043.875;SEP27=8077.25;AUG27=8051.75;DEC29=8676.5;DEC27=8103.75;MAR28=8179;DEC28=8373.25;DEC30=9151.75;JUN28=6427.25,NONE,WEIGHTED_ATM,2026-08-21,7,600,0.0,NONE,11513,11041,471,0,0,RTM,MDW;MMW;MRW;MTW,OK,NONE,NONE,2026-08-11
SPX,7215.0,-223137.24559211973,0.3865123384201184,0.0,0.0,0.0,0.0,0.0,0.0,7800.932309330873,7693.767690669128,7854.514618661745,7640.185381338256,SEP26,AUG26,2026-08-12,2026-09-18,7747.35,7705.975053873443,FOUND,WARN,UNKNOWN_SERIES;ESTIMATED_EXPIRY_ALIAS,2026-08-02.2,PUT_CALL_PARITY,AUG26,AUG26=PUT_CALL_PARITY;SEP26=PUT_CALL_PARITY;OCT26=PUT_CALL_PARITY;NOV26=PUT_CALL_PARITY;DEC26=PUT_CALL_PARITY;JUN27=PUT_CALL_PARITY;APR27=PUT_CALL_PARITY;MAR27=PUT_CALL_PARITY;FEB27=PUT_CALL_PARITY;JAN27=PUT_CALL_PARITY;MAY27=PUT_CALL_PARITY;JUL27=PUT_CALL_PARITY;SEP27=PUT_CALL_PARITY;AUG27=PUT_CALL_PARITY;DEC29=PUT_CALL_PARITY;DEC27=PUT_CALL_PARITY;MAR28=PUT_CALL_PARITY;DEC28=PUT_CALL_PARITY;DEC30=PUT_CALL_PARITY;JUN28=SERIES_FORWARD_CLUSTER,AUG26=7747.35;SEP26=7748.5;OCT26=7813;NOV26=7808.25;DEC26=7876.5;JUN27=8015.25;APR27=7959.5;MAR27=7945.5;FEB27=7879.75;JAN27=7881;MAY27=7963.25;JUL27=8043.875;SEP27=8077.25;AUG27=8051.75;DEC29=8676.5;DEC27=8103.75;MAR28=8179;DEC28=8373.25;DEC30=9151.75;JUN28=6427.25,NONE,WEIGHTED_ATM,2026-08-21,7,600,0.0,NONE,11513,11041,471,0,0,RTM,MDW;MMW;MRW;MTW,OK,NONE,NONE,2026-08-11
SPX,7220.0,-5096912.403913276,8.506623340067703,0.0,0.0,0.0,0.0,0.0,0.0,7800.932309330873,7693.767690669128,7854.514618661745,7640.185381338256,SEP26,AUG26,2026-08-12,2026-09-18,7747.35,7705.975053873443,FOUND,WARN,UNKNOWN_SERIES;ESTIMATED_EXPIRY_ALIAS,2026-08-02.2,PUT_CALL_PARITY,AUG26,AUG26=PUT_CALL_PARITY;SEP26=PUT_CALL_PARITY;OCT26=PUT_CALL_PARITY;NOV26=PUT_CALL_PARITY;DEC26=PUT_CALL_PARITY;JUN27=PUT_CALL_PARITY;APR27=PUT_CALL_PARITY;MAR27=PUT_CALL_PARITY;FEB27=PUT_CALL_PARITY;JAN27=PUT_CALL_PARITY;MAY27=PUT_CALL_PARITY;JUL27=PUT_CALL_PARITY;SEP27=PUT_CALL_PARITY;AUG27=PUT_CALL_PARITY;DEC29=PUT_CALL_PARITY;DEC27=PUT_CALL_PARITY;MAR28=PUT_CALL_PARITY;DEC28=PUT_CALL_PARITY;DEC30=PUT_CALL_PARITY;JUN28=SERIES_FORWARD_CLUSTER,AUG26=7747.35;SEP26=7748.5;OCT26=7813;NOV26=7808.25;DEC26=7876.5;JUN27=8015.25;APR27=7959.5;MAR27=7945.5;FEB27=7879.75;JAN27=7881;MAY27=7963.25;JUL27=8043.875;SEP27=8077.25;AUG27=8051.75;DEC29=8676.5;DEC27=8103.75;MAR28=8179;DEC28=8373.25;DEC30=9151.75;JUN28=6427.25,NONE,WEIGHTED_ATM,2026-08-21,7,600,0.0,NONE,11513,11041,471,0,0,RTM,MDW;MMW;MRW;MTW,OK,NONE,NONE,2026-08-11
SPX,7225.0,-56399931.82860284,105.00999562750815,0.0,0.0,0.0,0.0,0.0,0.0,7800.932309330873,7693.767690669128,7854.514618661745,7640.185381338256,SEP26,AUG26,2026-08-12,2026-09-18,7747.35,7705.975053873443,FOUND,WARN,UNKNOWN_SERIES;ESTIMATED_EXPIRY_ALIAS,2026-08-02.2,PUT_CALL_PARITY,AUG26,AUG26=PUT_CALL_PARITY;SEP26=PUT_CALL_PARITY;OCT26=PUT_CALL_PARITY;NOV26=PUT_CALL_PARITY;DEC26=PUT_CALL_PARITY;JUN27=PUT_CALL_PARITY;APR27=PUT_CALL_PARITY;MAR27=PUT_CALL_PARITY;FEB27=PUT_CALL_PARITY;JAN27=PUT_CALL_PARITY;MAY27=PUT_CALL_PARITY;JUL27=PUT_CALL_PARITY;SEP27=PUT_CALL_PARITY;AUG27=PUT_CALL_PARITY;DEC29=PUT_CALL_PARITY;DEC27=PUT_CALL_PARITY;MAR28=PUT_CALL_PARITY;DEC28=PUT_CALL_PARITY;DEC30=PUT_CALL_PARITY;JUN28=SERIES_FORWARD_CLUSTER,AUG26=7747.35;SEP26=7748.5;OCT26=7813;NOV26=7808.25;DEC26=7876.5;JUN27=8015.25;APR27=7959.5;MAR27=7945.5;FEB27=7879.75;JAN27=7881;MAY27=7963.25;JUL27=8043.875;SEP27=8077.25;AUG27=8051.75;DEC29=8676.5;DEC27=8103.75;MAR28=8179;DEC28=8373.25;DEC30=9151.75;JUN28=6427.25,NONE,WEIGHTED_ATM,2026-08-21,7,600,0.0,NONE,11513,11041,471,0,0,RTM,MDW;MMW;MRW;MTW,OK,NONE,NONE,2026-08-11
SPX,7230.0,-5204388.506599802,8.839981082726428,0.0,0.0,0.0,0.0,0.0,0.0,7800.932309330873,7693.767690669128,7854.514618661745,7640.185381338256,SEP26,AUG26,2026-08-12,2026-09-18,7747.35,7705.975053873443,FOUND,WARN,UNKNOWN_SERIES;ESTIMATED_EXPIRY_ALIAS,2026-08-02.2,PUT_CALL_PARITY,AUG26,AUG26=PUT_CALL_PARITY;SEP26=PUT_CALL_PARITY;OCT26=PUT_CALL_PARITY;NOV26=PUT_CALL_PARITY;DEC26=PUT_CALL_PARITY;JUN27=PUT_CALL_PARITY;APR27=PUT_CALL_PARITY;MAR27=PUT_CALL_PARITY;FEB27=PUT_CALL_PARITY;JAN27=PUT_CALL_PARITY;MAY27=PUT_CALL_PARITY;JUL27=PUT_CALL_PARITY;SEP27=PUT_CALL_PARITY;AUG27=PUT_CALL_PARITY;DEC29=PUT_CALL_PARITY;DEC27=PUT_CALL_PARITY;MAR28=PUT_CALL_PARITY;DEC28=PUT_CALL_PARITY;DEC30=PUT_CALL_PARITY;JUN28=SERIES_FORWARD_CLUSTER,AUG26=7747.35;SEP26=7748.5;OCT26=7813;NOV26=7808.25;DEC26=7876.5;JUN27=8015.25;APR27=7959.5;MAR27=7945.5;FEB27=7879.75;JAN27=7881;MAY27=7963.25;JUL27=8043.875;SEP27=8077.25;AUG27=8051.75;DEC29=8676.5;DEC27=8103.75;MAR28=8179;DEC28=8373.25;DEC30=9151.75;JUN28=6427.25,NONE,WEIGHTED_ATM,2026-08-21,7,600,0.0,NONE,11513,11041,471,0,0,RTM,MDW;MMW;MRW;MTW,OK,NONE,NONE,2026-08-11
SPX,7235.0,-336592.9176330721,0.5607878824132267,0.0,0.0,0.0,0.0,0.0,0.0,7800.932309330873,7693.767690669128,7854.514618661745,7640.185381338256,SEP26,AUG26,2026-08-12,2026-09-18,7747.35,7705.975053873443,FOUND,WARN,UNKNOWN_SERIES;ESTIMATED_EXPIRY_ALIAS,2026-08-02.2,PUT_CALL_PARITY,AUG26,AUG26=PUT_CALL_PARITY;SEP26=PUT_CALL_PARITY;OCT26=PUT_CALL_PARITY;NOV26=PUT_CALL_PARITY;DEC26=PUT_CALL_PARITY;JUN27=PUT_CALL_PARITY;APR27=PUT_CALL_PARITY;MAR27=PUT_CALL_PARITY;FEB27=PUT_CALL_PARITY;JAN27=PUT_CALL_PARITY;MAY27=PUT_CALL_PARITY;JUL27=PUT_CALL_PARITY;SEP27=PUT_CALL_PARITY;AUG27=PUT_CALL_PARITY;DEC29=PUT_CALL_PARITY;DEC27=PUT_CALL_PARITY;MAR28=PUT_CALL_PARITY;DEC28=PUT_CALL_PARITY;DEC30=PUT_CALL_PARITY;JUN28=SERIES_FORWARD_CLUSTER,AUG26=7747.35;SEP26=7748.5;OCT26=7813;NOV26=7808.25;DEC26=7876.5;JUN27=8015.25;APR27=7959.5;MAR27=7945.5;FEB27=7879.75;JAN27=7881;MAY27=7963.25;JUL27=8043.875;SEP27=8077.25;AUG27=8051.75;DEC29=8676.5;DEC27=8103.75;MAR28=8179;DEC28=8373.25;DEC30=9151.75;JUN28=6427.25,NONE,WEIGHTED_ATM,2026-08-21,7,600,0.0,NONE,11513,11041,471,0,0,RTM,MDW;MMW;MRW;MTW,OK,NONE,NONE,2026-08-11
SPX,7240.0,-4666887.580502635,7.853919801547171,0.0,0.0,0.0,0.0,0.0,0.0,7800.932309330873,7693.767690669128,7854.514618661745,7640.185381338256,SEP26,AUG26,2026-08-12,2026-09-18,7747.35,7705.975053873443,FOUND,WARN,UNKNOWN_SERIES;ESTIMATED_EXPIRY_ALIAS,2026-08-02.2,PUT_CALL_PARITY,AUG26,AUG26=PUT_CALL_PARITY;SEP26=PUT_CALL_PARITY;OCT26=PUT_CALL_PARITY;NOV26=PUT_CALL_PARITY;DEC26=PUT_CALL_PARITY;JUN27=PUT_CALL_PARITY;APR27=PUT_CALL_PARITY;MAR27=PUT_CALL_PARITY;FEB27=PUT_CALL_PARITY;JAN27=PUT_CALL_PARITY;MAY27=PUT_CALL_PARITY;JUL27=PUT_CALL_PARITY;SEP27=PUT_CALL_PARITY;AUG27=PUT_CALL_PARITY;DEC29=PUT_CALL_PARITY;DEC27=PUT_CALL_PARITY;MAR28=PUT_CALL_PARITY;DEC28=PUT_CALL_PARITY;DEC30=PUT_CALL_PARITY;JUN28=SERIES_FORWARD_CLUSTER,AUG26=7747.35;SEP26=7748.5;OCT26=7813;NOV26=7808.25;DEC26=7876.5;JUN27=8015.25;APR27=7959.5;MAR27=7945.5;FEB27=7879.75;JAN27=7881;MAY27=7963.25;JUL27=8043.875;SEP27=8077.25;AUG27=8051.75;DEC29=8676.5;DEC27=8103.75;MAR28=8179;DEC28=8373.25;DEC30=9151.75;JUN28=6427.25,NONE,WEIGHTED_ATM,2026-08-21,7,600,0.0,NONE,11513,11041,471,0,0,RTM,MDW;MMW;MRW;MTW,OK,NONE,NONE,2026-08-11
SPX,7245.0,1317.2219052076673,0.006583757805289143,0.0,0.0,0.0,0.0,0.0,0.0,7800.932309330873,7693.767690669128,7854.514618661745,7640.185381338256,SEP26,AUG26,2026-08-12,2026-09-18,7747.35,7705.975053873443,FOUND,WARN,UNKNOWN_SERIES;ESTIMATED_EXPIRY_ALIAS,2026-08-02.2,PUT_CALL_PARITY,AUG26,AUG26=PUT_CALL_PARITY;SEP26=PUT_CALL_PARITY;OCT26=PUT_CALL_PARITY;NOV26=PUT_CALL_PARITY;DEC26=PUT_CALL_PARITY;JUN27=PUT_CALL_PARITY;APR27=PUT_CALL_PARITY;MAR27=PUT_CALL_PARITY;FEB27=PUT_CALL_PARITY;JAN27=PUT_CALL_PARITY;MAY27=PUT_CALL_PARITY;JUL27=PUT_CALL_PARITY;SEP27=PUT_CALL_PARITY;AUG27=PUT_CALL_PARITY;DEC29=PUT_CALL_PARITY;DEC27=PUT_CALL_PARITY;MAR28=PUT_CALL_PARITY;DEC28=PUT_CALL_PARITY;DEC30=PUT_CALL_PARITY;JUN28=SERIES_FORWARD_CLUSTER,AUG26=7747.35;SEP26=7748.5;OCT26=7813;NOV26=7808.25;DEC26=7876.5;JUN27=8015.25;APR27=7959.5;MAR27=7945.5;FEB27=7879.75;JAN27=7881;MAY27=7963.25;JUL27=8043.875;SEP27=8077.25;AUG27=8051.75;DEC29=8676.5;DEC27=8103.75;MAR28=8179;DEC28=8373.25;DEC30=9151.75;JUN28=6427.25,NONE,WEIGHTED_ATM,2026-08-21,7,600,0.0,NONE,11513,11041,471,0,0,RTM,MDW;MMW;MRW;MTW,OK,NONE,NONE,2026-08-11
SPX,7250.0,-359436068.8398516,868.833555824081,0.0,0.0,0.0,0.0,0.0,0.0,7800.932309330873,7693.767690669128,7854.514618661745,7640.185381338256,SEP26,AUG26,2026-08-12,2026-09-18,7747.35,7705.975053873443,FOUND,WARN,UNKNOWN_SERIES;ESTIMATED_EXPIRY_ALIAS,2026-08-02.2,PUT_CALL_PARITY,AUG26,AUG26=PUT_CALL_PARITY;SEP26=PUT_CALL_PARITY;OCT26=PUT_CALL_PARITY;NOV26=PUT_CALL_PARITY;DEC26=PUT_CALL_PARITY;JUN27=PUT_CALL_PARITY;APR27=PUT_CALL_PARITY;MAR27=PUT_CALL_PARITY;FEB27=PUT_CALL_PARITY;JAN27=PUT_CALL_PARITY;MAY27=PUT_CALL_PARITY;JUL27=PUT_CALL_PARITY;SEP27=PUT_CALL_PARITY;AUG27=PUT_CALL_PARITY;DEC29=PUT_CALL_PARITY;DEC27=PUT_CALL_PARITY;MAR28=PUT_CALL_PARITY;DEC28=PUT_CALL_PARITY;DEC30=PUT_CALL_PARITY;JUN28=SERIES_FORWARD_CLUSTER,AUG26=7747.35;SEP26=7748.5;OCT26=7813;NOV26=7808.25;DEC26=7876.5;JUN27=8015.25;APR27=7959.5;MAR27=7945.5;FEB27=7879.75;JAN27=7881;MAY27=7963.25;JUL27=8043.875;SEP27=8077.25;AUG27=8051.75;DEC29=8676.5;DEC27=8103.75;MAR28=8179;DEC28=8373.25;DEC30=9151.75;JUN28=6427.25,NONE,WEIGHTED_ATM,2026-08-21,7,600,0.0,NONE,11513,11041,471,0,0,RTM,MDW;MMW;MRW;MTW,OK,NONE,NONE,2026-08-11
SPX,7255.0,0.0,0.0,0.0,0.0,0.0,0.0,0.0,0.0,7800.932309330873,7693.767690669128,7854.514618661745,7640.185381338256,SEP26,AUG26,2026-08-12,2026-09-18,7747.35,7705.975053873443,FOUND,WARN,UNKNOWN_SERIES;ESTIMATED_EXPIRY_ALIAS,2026-08-02.2,PUT_CALL_PARITY,AUG26,AUG26=PUT_CALL_PARITY;SEP26=PUT_CALL_PARITY;OCT26=PUT_CALL_PARITY;NOV26=PUT_CALL_PARITY;DEC26=PUT_CALL_PARITY;JUN27=PUT_CALL_PARITY;APR27=PUT_CALL_PARITY;MAR27=PUT_CALL_PARITY;FEB27=PUT_CALL_PARITY;JAN27=PUT_CALL_PARITY;MAY27=PUT_CALL_PARITY;JUL27=PUT_CALL_PARITY;SEP27=PUT_CALL_PARITY;AUG27=PUT_CALL_PARITY;DEC29=PUT_CALL_PARITY;DEC27=PUT_CALL_PARITY;MAR28=PUT_CALL_PARITY;DEC28=PUT_CALL_PARITY;DEC30=PUT_CALL_PARITY;JUN28=SERIES_FORWARD_CLUSTER,AUG26=7747.35;SEP26=7748.5;OCT26=7813;NOV26=7808.25;DEC26=7876.5;JUN27=8015.25;APR27=7959.5;MAR27=7945.5;FEB27=7879.75;JAN27=7881;MAY27=7963.25;JUL27=8043.875;SEP27=8077.25;AUG27=8051.75;DEC29=8676.5;DEC27=8103.75;MAR28=8179;DEC28=8373.25;DEC30=9151.75;JUN28=6427.25,NONE,WEIGHTED_ATM,2026-08-21,7,600,0.0,NONE,11513,11041,471,0,0,RTM,MDW;MMW;MRW;MTW,OK,NONE,NONE,2026-08-11
SPX,7260.0,-7599440.827036237,12.888817387152125,0.0,0.0,0.0,0.0,0.0,0.0,7800.932309330873,7693.767690669128,7854.514618661745,7640.185381338256,SEP26,AUG26,2026-08-12,2026-09-18,7747.35,7705.975053873443,FOUND,WARN,UNKNOWN_SERIES;ESTIMATED_EXPIRY_ALIAS,2026-08-02.2,PUT_CALL_PARITY,AUG26,AUG26=PUT_CALL_PARITY;SEP26=PUT_CALL_PARITY;OCT26=PUT_CALL_PARITY;NOV26=PUT_CALL_PARITY;DEC26=PUT_CALL_PARITY;JUN27=PUT_CALL_PARITY;APR27=PUT_CALL_PARITY;MAR27=PUT_CALL_PARITY;FEB27=PUT_CALL_PARITY;JAN27=PUT_CALL_PARITY;MAY27=PUT_CALL_PARITY;JUL27=PUT_CALL_PARITY;SEP27=PUT_CALL_PARITY;AUG27=PUT_CALL_PARITY;DEC29=PUT_CALL_PARITY;DEC27=PUT_CALL_PARITY;MAR28=PUT_CALL_PARITY;DEC28=PUT_CALL_PARITY;DEC30=PUT_CALL_PARITY;JUN28=SERIES_FORWARD_CLUSTER,AUG26=7747.35;SEP26=7748.5;OCT26=7813;NOV26=7808.25;DEC26=7876.5;JUN27=8015.25;APR27=7959.5;MAR27=7945.5;FEB27=7879.75;JAN27=7881;MAY27=7963.25;JUL27=8043.875;SEP27=8077.25;AUG27=8051.75;DEC29=8676.5;DEC27=8103.75;MAR28=8179;DEC28=8373.25;DEC30=9151.75;JUN28=6427.25,NONE,WEIGHTED_ATM,2026-08-21,7,600,0.0,NONE,11513,11041,471,0,0,RTM,MDW;MMW;MRW;MTW,OK,NONE,NONE,2026-08-11
SPX,7265.0,-144484.00890183143,0.24072069598017795,0.0,0.0,0.0,0.0,0.0,0.0,7800.932309330873,7693.767690669128,7854.514618661745,7640.185381338256,SEP26,AUG26,2026-08-12,2026-09-18,7747.35,7705.975053873443,FOUND,WARN,UNKNOWN_SERIES;ESTIMATED_EXPIRY_ALIAS,2026-08-02.2,PUT_CALL_PARITY,AUG26,AUG26=PUT_CALL_PARITY;SEP26=PUT_CALL_PARITY;OCT26=PUT_CALL_PARITY;NOV26=PUT_CALL_PARITY;DEC26=PUT_CALL_PARITY;JUN27=PUT_CALL_PARITY;APR27=PUT_CALL_PARITY;MAR27=PUT_CALL_PARITY;FEB27=PUT_CALL_PARITY;JAN27=PUT_CALL_PARITY;MAY27=PUT_CALL_PARITY;JUL27=PUT_CALL_PARITY;SEP27=PUT_CALL_PARITY;AUG27=PUT_CALL_PARITY;DEC29=PUT_CALL_PARITY;DEC27=PUT_CALL_PARITY;MAR28=PUT_CALL_PARITY;DEC28=PUT_CALL_PARITY;DEC30=PUT_CALL_PARITY;JUN28=SERIES_FORWARD_CLUSTER,AUG26=7747.35;SEP26=7748.5;OCT26=7813;NOV26=7808.25;DEC26=7876.5;JUN27=8015.25;APR27=7959.5;MAR27=7945.5;FEB27=7879.75;JAN27=7881;MAY27=7963.25;JUL27=8043.875;SEP27=8077.25;AUG27=8051.75;DEC29=8676.5;DEC27=8103.75;MAR28=8179;DEC28=8373.25;DEC30=9151.75;JUN28=6427.25,NONE,WEIGHTED_ATM,2026-08-21,7,600,0.0,NONE,11513,11041,471,0,0,RTM,MDW;MMW;MRW;MTW,OK,NONE,NONE,2026-08-11
SPX,7270.0,-6377356.216811416,10.777963921266448,0.0,0.0,0.0,0.0,0.0,0.0,7800.932309330873,7693.767690669128,7854.514618661745,7640.185381338256,SEP26,AUG26,2026-08-12,2026-09-18,7747.35,7705.975053873443,FOUND,WARN,UNKNOWN_SERIES;ESTIMATED_EXPIRY_ALIAS,2026-08-02.2,PUT_CALL_PARITY,AUG26,AUG26=PUT_CALL_PARITY;SEP26=PUT_CALL_PARITY;OCT26=PUT_CALL_PARITY;NOV26=PUT_CALL_PARITY;DEC26=PUT_CALL_PARITY;JUN27=PUT_CALL_PARITY;APR27=PUT_CALL_PARITY;MAR27=PUT_CALL_PARITY;FEB27=PUT_CALL_PARITY;JAN27=PUT_CALL_PARITY;MAY27=PUT_CALL_PARITY;JUL27=PUT_CALL_PARITY;SEP27=PUT_CALL_PARITY;AUG27=PUT_CALL_PARITY;DEC29=PUT_CALL_PARITY;DEC27=PUT_CALL_PARITY;MAR28=PUT_CALL_PARITY;DEC28=PUT_CALL_PARITY;DEC30=PUT_CALL_PARITY;JUN28=SERIES_FORWARD_CLUSTER,AUG26=7747.35;SEP26=7748.5;OCT26=7813;NOV26=7808.25;DEC26=7876.5;JUN27=8015.25;APR27=7959.5;MAR27=7945.5;FEB27=7879.75;JAN27=7881;MAY27=7963.25;JUL27=8043.875;SEP27=8077.25;AUG27=8051.75;DEC29=8676.5;DEC27=8103.75;MAR28=8179;DEC28=8373.25;DEC30=9151.75;JUN28=6427.25,NONE,WEIGHTED_ATM,2026-08-21,7,600,0.0,NONE,11513,11041,471,0,0,RTM,MDW;MMW;MRW;MTW,OK,NONE,NONE,2026-08-11
SPX,7275.0,-73112648.5624011,143.3085537163678,0.0,0.0,0.0,0.0,0.0,0.0,7800.932309330873,7693.767690669128,7854.514618661745,7640.185381338256,SEP26,AUG26,2026-08-12,2026-09-18,7747.35,7705.975053873443,FOUND,WARN,UNKNOWN_SERIES;ESTIMATED_EXPIRY_ALIAS,2026-08-02.2,PUT_CALL_PARITY,AUG26,AUG26=PUT_CALL_PARITY;SEP26=PUT_CALL_PARITY;OCT26=PUT_CALL_PARITY;NOV26=PUT_CALL_PARITY;DEC26=PUT_CALL_PARITY;JUN27=PUT_CALL_PARITY;APR27=PUT_CALL_PARITY;MAR27=PUT_CALL_PARITY;FEB27=PUT_CALL_PARITY;JAN27=PUT_CALL_PARITY;MAY27=PUT_CALL_PARITY;JUL27=PUT_CALL_PARITY;SEP27=PUT_CALL_PARITY;AUG27=PUT_CALL_PARITY;DEC29=PUT_CALL_PARITY;DEC27=PUT_CALL_PARITY;MAR28=PUT_CALL_PARITY;DEC28=PUT_CALL_PARITY;DEC30=PUT_CALL_PARITY;JUN28=SERIES_FORWARD_CLUSTER,AUG26=7747.35;SEP26=7748.5;OCT26=7813;NOV26=7808.25;DEC26=7876.5;JUN27=8015.25;APR27=7959.5;MAR27=7945.5;FEB27=7879.75;JAN27=7881;MAY27=7963.25;JUL27=8043.875;SEP27=8077.25;AUG27=8051.75;DEC29=8676.5;DEC27=8103.75;MAR28=8179;DEC28=8373.25;DEC30=9151.75;JUN28=6427.25,NONE,WEIGHTED_ATM,2026-08-21,7,600,0.0,NONE,11513,11041,471,0,0,RTM,MDW;MMW;MRW;MTW,OK,NONE,NONE,2026-08-11
SPX,7280.0,-6596209.787585746,11.193257926616601,0.0,0.0,0.0,0.0,0.0,0.0,7800.932309330873,7693.767690669128,7854.514618661745,7640.185381338256,SEP26,AUG26,2026-08-12,2026-09-18,7747.35,7705.975053873443,FOUND,WARN,UNKNOWN_SERIES;ESTIMATED_EXPIRY_ALIAS,2026-08-02.2,PUT_CALL_PARITY,AUG26,AUG26=PUT_CALL_PARITY;SEP26=PUT_CALL_PARITY;OCT26=PUT_CALL_PARITY;NOV26=PUT_CALL_PARITY;DEC26=PUT_CALL_PARITY;JUN27=PUT_CALL_PARITY;APR27=PUT_CALL_PARITY;MAR27=PUT_CALL_PARITY;FEB27=PUT_CALL_PARITY;JAN27=PUT_CALL_PARITY;MAY27=PUT_CALL_PARITY;JUL27=PUT_CALL_PARITY;SEP27=PUT_CALL_PARITY;AUG27=PUT_CALL_PARITY;DEC29=PUT_CALL_PARITY;DEC27=PUT_CALL_PARITY;MAR28=PUT_CALL_PARITY;DEC28=PUT_CALL_PARITY;DEC30=PUT_CALL_PARITY;JUN28=SERIES_FORWARD_CLUSTER,AUG26=7747.35;SEP26=7748.5;OCT26=7813;NOV26=7808.25;DEC26=7876.5;JUN27=8015.25;APR27=7959.5;MAR27=7945.5;FEB27=7879.75;JAN27=7881;MAY27=7963.25;JUL27=8043.875;SEP27=8077.25;AUG27=8051.75;DEC29=8676.5;DEC27=8103.75;MAR28=8179;DEC28=8373.25;DEC30=9151.75;JUN28=6427.25,NONE,WEIGHTED_ATM,2026-08-21,7,600,0.0,NONE,11513,11041,471,0,0,RTM,MDW;MMW;MRW;MTW,OK,NONE,NONE,2026-08-11
SPX,7285.0,-383538.80475949007,0.6483328513414962,0.0,0.0,0.0,0.0,0.0,0.0,7800.932309330873,7693.767690669128,7854.514618661745,7640.185381338256,SEP26,AUG26,2026-08-12,2026-09-18,7747.35,7705.975053873443,FOUND,WARN,UNKNOWN_SERIES;ESTIMATED_EXPIRY_ALIAS,2026-08-02.2,PUT_CALL_PARITY,AUG26,AUG26=PUT_CALL_PARITY;SEP26=PUT_CALL_PARITY;OCT26=PUT_CALL_PARITY;NOV26=PUT_CALL_PARITY;DEC26=PUT_CALL_PARITY;JUN27=PUT_CALL_PARITY;APR27=PUT_CALL_PARITY;MAR27=PUT_CALL_PARITY;FEB27=PUT_CALL_PARITY;JAN27=PUT_CALL_PARITY;MAY27=PUT_CALL_PARITY;JUL27=PUT_CALL_PARITY;SEP27=PUT_CALL_PARITY;AUG27=PUT_CALL_PARITY;DEC29=PUT_CALL_PARITY;DEC27=PUT_CALL_PARITY;MAR28=PUT_CALL_PARITY;DEC28=PUT_CALL_PARITY;DEC30=PUT_CALL_PARITY;JUN28=SERIES_FORWARD_CLUSTER,AUG26=7747.35;SEP26=7748.5;OCT26=7813;NOV26=7808.25;DEC26=7876.5;JUN27=8015.25;APR27=7959.5;MAR27=7945.5;FEB27=7879.75;JAN27=7881;MAY27=7963.25;JUL27=8043.875;SEP27=8077.25;AUG27=8051.75;DEC29=8676.5;DEC27=8103.75;MAR28=8179;DEC28=8373.25;DEC30=9151.75;JUN28=6427.25,NONE,WEIGHTED_ATM,2026-08-21,7,600,0.0,NONE,11513,11041,471,0,0,RTM,MDW;MMW;MRW;MTW,OK,NONE,NONE,2026-08-11
SPX,7290.0,-9081030.138622435,15.30102633979038,0.0,0.0,0.0,0.0,0.0,0.0,7800.932309330873,7693.767690669128,7854.514618661745,7640.185381338256,SEP26,AUG26,2026-08-12,2026-09-18,7747.35,7705.975053873443,FOUND,WARN,UNKNOWN_SERIES;ESTIMATED_EXPIRY_ALIAS,2026-08-02.2,PUT_CALL_PARITY,AUG26,AUG26=PUT_CALL_PARITY;SEP26=PUT_CALL_PARITY;OCT26=PUT_CALL_PARITY;NOV26=PUT_CALL_PARITY;DEC26=PUT_CALL_PARITY;JUN27=PUT_CALL_PARITY;APR27=PUT_CALL_PARITY;MAR27=PUT_CALL_PARITY;FEB27=PUT_CALL_PARITY;JAN27=PUT_CALL_PARITY;MAY27=PUT_CALL_PARITY;JUL27=PUT_CALL_PARITY;SEP27=PUT_CALL_PARITY;AUG27=PUT_CALL_PARITY;DEC29=PUT_CALL_PARITY;DEC27=PUT_CALL_PARITY;MAR28=PUT_CALL_PARITY;DEC28=PUT_CALL_PARITY;DEC30=PUT_CALL_PARITY;JUN28=SERIES_FORWARD_CLUSTER,AUG26=7747.35;SEP26=7748.5;OCT26=7813;NOV26=7808.25;DEC26=7876.5;JUN27=8015.25;APR27=7959.5;MAR27=7945.5;FEB27=7879.75;JAN27=7881;MAY27=7963.25;JUL27=8043.875;SEP27=8077.25;AUG27=8051.75;DEC29=8676.5;DEC27=8103.75;MAR28=8179;DEC28=8373.25;DEC30=9151.75;JUN28=6427.25,NONE,WEIGHTED_ATM,2026-08-21,7,600,0.0,NONE,11513,11041,471,0,0,RTM,MDW;MMW;MRW;MTW,OK,NONE,NONE,2026-08-11
SPX,7295.0,-59706.38048611134,0.10914913922263539,0.0,0.0,0.0,0.0,0.0,0.0,7800.932309330873,7693.767690669128,7854.514618661745,7640.185381338256,SEP26,AUG26,2026-08-12,2026-09-18,7747.35,7705.975053873443,FOUND,WARN,UNKNOWN_SERIES;ESTIMATED_EXPIRY_ALIAS,2026-08-02.2,PUT_CALL_PARITY,AUG26,AUG26=PUT_CALL_PARITY;SEP26=PUT_CALL_PARITY;OCT26=PUT_CALL_PARITY;NOV26=PUT_CALL_PARITY;DEC26=PUT_CALL_PARITY;JUN27=PUT_CALL_PARITY;APR27=PUT_CALL_PARITY;MAR27=PUT_CALL_PARITY;FEB27=PUT_CALL_PARITY;JAN27=PUT_CALL_PARITY;MAY27=PUT_CALL_PARITY;JUL27=PUT_CALL_PARITY;SEP27=PUT_CALL_PARITY;AUG27=PUT_CALL_PARITY;DEC29=PUT_CALL_PARITY;DEC27=PUT_CALL_PARITY;MAR28=PUT_CALL_PARITY;DEC28=PUT_CALL_PARITY;DEC30=PUT_CALL_PARITY;JUN28=SERIES_FORWARD_CLUSTER,AUG26=7747.35;SEP26=7748.5;OCT26=7813;NOV26=7808.25;DEC26=7876.5;JUN27=8015.25;APR27=7959.5;MAR27=7945.5;FEB27=7879.75;JAN27=7881;MAY27=7963.25;JUL27=8043.875;SEP27=8077.25;AUG27=8051.75;DEC29=8676.5;DEC27=8103.75;MAR28=8179;DEC28=8373.25;DEC30=9151.75;JUN28=6427.25,NONE,WEIGHTED_ATM,2026-08-21,7,600,0.0,NONE,11513,11041,471,0,0,RTM,MDW;MMW;MRW;MTW,OK,NONE,NONE,2026-08-11
SPX,7300.0,-575529364.1398118,1547.7342135438005,0.0,0.0,0.0,0.0,0.0,0.0,7800.932309330873,7693.767690669128,7854.514618661745,7640.185381338256,SEP26,AUG26,2026-08-12,2026-09-18,7747.35,7705.975053873443,FOUND,WARN,UNKNOWN_SERIES;ESTIMATED_EXPIRY_ALIAS,2026-08-02.2,PUT_CALL_PARITY,AUG26,AUG26=PUT_CALL_PARITY;SEP26=PUT_CALL_PARITY;OCT26=PUT_CALL_PARITY;NOV26=PUT_CALL_PARITY;DEC26=PUT_CALL_PARITY;JUN27=PUT_CALL_PARITY;APR27=PUT_CALL_PARITY;MAR27=PUT_CALL_PARITY;FEB27=PUT_CALL_PARITY;JAN27=PUT_CALL_PARITY;MAY27=PUT_CALL_PARITY;JUL27=PUT_CALL_PARITY;SEP27=PUT_CALL_PARITY;AUG27=PUT_CALL_PARITY;DEC29=PUT_CALL_PARITY;DEC27=PUT_CALL_PARITY;MAR28=PUT_CALL_PARITY;DEC28=PUT_CALL_PARITY;DEC30=PUT_CALL_PARITY;JUN28=SERIES_FORWARD_CLUSTER,AUG26=7747.35;SEP26=7748.5;OCT26=7813;NOV26=7808.25;DEC26=7876.5;JUN27=8015.25;APR27=7959.5;MAR27=7945.5;FEB27=7879.75;JAN27=7881;MAY27=7963.25;JUL27=8043.875;SEP27=8077.25;AUG27=8051.75;DEC29=8676.5;DEC27=8103.75;MAR28=8179;DEC28=8373.25;DEC30=9151.75;JUN28=6427.25,NONE,WEIGHTED_ATM,2026-08-21,7,600,0.0,NONE,11513,11041,471,0,0,RTM,MDW;MMW;MRW;MTW,OK,NONE,NONE,2026-08-11
SPX,7305.0,-45207.14041482849,0.07531833028889057,0.0,0.0,0.0,0.0,0.0,0.0,7800.932309330873,7693.767690669128,7854.514618661745,7640.185381338256,SEP26,AUG26,2026-08-12,2026-09-18,7747.35,7705.975053873443,FOUND,WARN,UNKNOWN_SERIES;ESTIMATED_EXPIRY_ALIAS,2026-08-02.2,PUT_CALL_PARITY,AUG26,AUG26=PUT_CALL_PARITY;SEP26=PUT_CALL_PARITY;OCT26=PUT_CALL_PARITY;NOV26=PUT_CALL_PARITY;DEC26=PUT_CALL_PARITY;JUN27=PUT_CALL_PARITY;APR27=PUT_CALL_PARITY;MAR27=PUT_CALL_PARITY;FEB27=PUT_CALL_PARITY;JAN27=PUT_CALL_PARITY;MAY27=PUT_CALL_PARITY;JUL27=PUT_CALL_PARITY;SEP27=PUT_CALL_PARITY;AUG27=PUT_CALL_PARITY;DEC29=PUT_CALL_PARITY;DEC27=PUT_CALL_PARITY;MAR28=PUT_CALL_PARITY;DEC28=PUT_CALL_PARITY;DEC30=PUT_CALL_PARITY;JUN28=SERIES_FORWARD_CLUSTER,AUG26=7747.35;SEP26=7748.5;OCT26=7813;NOV26=7808.25;DEC26=7876.5;JUN27=8015.25;APR27=7959.5;MAR27=7945.5;FEB27=7879.75;JAN27=7881;MAY27=7963.25;JUL27=8043.875;SEP27=8077.25;AUG27=8051.75;DEC29=8676.5;DEC27=8103.75;MAR28=8179;DEC28=8373.25;DEC30=9151.75;JUN28=6427.25,NONE,WEIGHTED_ATM,2026-08-21,7,600,0.0,NONE,11513,11041,471,0,0,RTM,MDW;MMW;MRW;MTW,OK,NONE,NONE,2026-08-11
SPX,7310.0,-8744266.87734978,14.825577907238037,0.0,0.0,0.0,0.0,0.0,0.0,7800.932309330873,7693.767690669128,7854.514618661745,7640.185381338256,SEP26,AUG26,2026-08-12,2026-09-18,7747.35,7705.975053873443,FOUND,WARN,UNKNOWN_SERIES;ESTIMATED_EXPIRY_ALIAS,2026-08-02.2,PUT_CALL_PARITY,AUG26,AUG26=PUT_CALL_PARITY;SEP26=PUT_CALL_PARITY;OCT26=PUT_CALL_PARITY;NOV26=PUT_CALL_PARITY;DEC26=PUT_CALL_PARITY;JUN27=PUT_CALL_PARITY;APR27=PUT_CALL_PARITY;MAR27=PUT_CALL_PARITY;FEB27=PUT_CALL_PARITY;JAN27=PUT_CALL_PARITY;MAY27=PUT_CALL_PARITY;JUL27=PUT_CALL_PARITY;SEP27=PUT_CALL_PARITY;AUG27=PUT_CALL_PARITY;DEC29=PUT_CALL_PARITY;DEC27=PUT_CALL_PARITY;MAR28=PUT_CALL_PARITY;DEC28=PUT_CALL_PARITY;DEC30=PUT_CALL_PARITY;JUN28=SERIES_FORWARD_CLUSTER,AUG26=7747.35;SEP26=7748.5;OCT26=7813;NOV26=7808.25;DEC26=7876.5;JUN27=8015.25;APR27=7959.5;MAR27=7945.5;FEB27=7879.75;JAN27=7881;MAY27=7963.25;JUL27=8043.875;SEP27=8077.25;AUG27=8051.75;DEC29=8676.5;DEC27=8103.75;MAR28=8179;DEC28=8373.25;DEC30=9151.75;JUN28=6427.25,NONE,WEIGHTED_ATM,2026-08-21,7,600,0.0,NONE,11513,11041,471,0,0,RTM,MDW;MMW;MRW;MTW,OK,NONE,NONE,2026-08-11
SPX,7315.0,-378109.494726094,0.6299574701655795,0.0,0.0,0.0,0.0,0.0,0.0,7800.932309330873,7693.767690669128,7854.514618661745,7640.185381338256,SEP26,AUG26,2026-08-12,2026-09-18,7747.35,7705.975053873443,FOUND,WARN,UNKNOWN_SERIES;ESTIMATED_EXPIRY_ALIAS,2026-08-02.2,PUT_CALL_PARITY,AUG26,AUG26=PUT_CALL_PARITY;SEP26=PUT_CALL_PARITY;OCT26=PUT_CALL_PARITY;NOV26=PUT_CALL_PARITY;DEC26=PUT_CALL_PARITY;JUN27=PUT_CALL_PARITY;APR27=PUT_CALL_PARITY;MAR27=PUT_CALL_PARITY;FEB27=PUT_CALL_PARITY;JAN27=PUT_CALL_PARITY;MAY27=PUT_CALL_PARITY;JUL27=PUT_CALL_PARITY;SEP27=PUT_CALL_PARITY;AUG27=PUT_CALL_PARITY;DEC29=PUT_CALL_PARITY;DEC27=PUT_CALL_PARITY;MAR28=PUT_CALL_PARITY;DEC28=PUT_CALL_PARITY;DEC30=PUT_CALL_PARITY;JUN28=SERIES_FORWARD_CLUSTER,AUG26=7747.35;SEP26=7748.5;OCT26=7813;NOV26=7808.25;DEC26=7876.5;JUN27=8015.25;APR27=7959.5;MAR27=7945.5;FEB27=7879.75;JAN27=7881;MAY27=7963.25;JUL27=8043.875;SEP27=8077.25;AUG27=8051.75;DEC29=8676.5;DEC27=8103.75;MAR28=8179;DEC28=8373.25;DEC30=9151.75;JUN28=6427.25,NONE,WEIGHTED_ATM,2026-08-21,7,600,0.0,NONE,11513,11041,471,0,0,RTM,MDW;MMW;MRW;MTW,OK,NONE,NONE,2026-08-11
SPX,7320.0,-13294951.011058904,23.105103625179492,0.0,0.0,0.0,0.0,0.0,0.0,7800.932309330873,7693.767690669128,7854.514618661745,7640.185381338256,SEP26,AUG26,2026-08-12,2026-09-18,7747.35,7705.975053873443,FOUND,WARN,UNKNOWN_SERIES;ESTIMATED_EXPIRY_ALIAS,2026-08-02.2,PUT_CALL_PARITY,AUG26,AUG26=PUT_CALL_PARITY;SEP26=PUT_CALL_PARITY;OCT26=PUT_CALL_PARITY;NOV26=PUT_CALL_PARITY;DEC26=PUT_CALL_PARITY;JUN27=PUT_CALL_PARITY;APR27=PUT_CALL_PARITY;MAR27=PUT_CALL_PARITY;FEB27=PUT_CALL_PARITY;JAN27=PUT_CALL_PARITY;MAY27=PUT_CALL_PARITY;JUL27=PUT_CALL_PARITY;SEP27=PUT_CALL_PARITY;AUG27=PUT_CALL_PARITY;DEC29=PUT_CALL_PARITY;DEC27=PUT_CALL_PARITY;MAR28=PUT_CALL_PARITY;DEC28=PUT_CALL_PARITY;DEC30=PUT_CALL_PARITY;JUN28=SERIES_FORWARD_CLUSTER,AUG26=7747.35;SEP26=7748.5;OCT26=7813;NOV26=7808.25;DEC26=7876.5;JUN27=8015.25;APR27=7959.5;MAR27=7945.5;FEB27=7879.75;JAN27=7881;MAY27=7963.25;JUL27=8043.875;SEP27=8077.25;AUG27=8051.75;DEC29=8676.5;DEC27=8103.75;MAR28=8179;DEC28=8373.25;DEC30=9151.75;JUN28=6427.25,NONE,WEIGHTED_ATM,2026-08-21,7,600,0.0,NONE,11513,11041,471,0,0,RTM,MDW;MMW;MRW;MTW,OK,NONE,NONE,2026-08-11
SPX,7325.0,-102216160.03222965,200.06722391145962,0.0,0.0,0.0,0.0,0.0,0.0,7800.932309330873,7693.767690669128,7854.514618661745,7640.185381338256,SEP26,AUG26,2026-08-12,2026-09-18,7747.35,7705.975053873443,FOUND,WARN,UNKNOWN_SERIES;ESTIMATED_EXPIRY_ALIAS,2026-08-02.2,PUT_CALL_PARITY,AUG26,AUG26=PUT_CALL_PARITY;SEP26=PUT_CALL_PARITY;OCT26=PUT_CALL_PARITY;NOV26=PUT_CALL_PARITY;DEC26=PUT_CALL_PARITY;JUN27=PUT_CALL_PARITY;APR27=PUT_CALL_PARITY;MAR27=PUT_CALL_PARITY;FEB27=PUT_CALL_PARITY;JAN27=PUT_CALL_PARITY;MAY27=PUT_CALL_PARITY;JUL27=PUT_CALL_PARITY;SEP27=PUT_CALL_PARITY;AUG27=PUT_CALL_PARITY;DEC29=PUT_CALL_PARITY;DEC27=PUT_CALL_PARITY;MAR28=PUT_CALL_PARITY;DEC28=PUT_CALL_PARITY;DEC30=PUT_CALL_PARITY;JUN28=SERIES_FORWARD_CLUSTER,AUG26=7747.35;SEP26=7748.5;OCT26=7813;NOV26=7808.25;DEC26=7876.5;JUN27=8015.25;APR27=7959.5;MAR27=7945.5;FEB27=7879.75;JAN27=7881;MAY27=7963.25;JUL27=8043.875;SEP27=8077.25;AUG27=8051.75;DEC29=8676.5;DEC27=8103.75;MAR28=8179;DEC28=8373.25;DEC30=9151.75;JUN28=6427.25,NONE,WEIGHTED_ATM,2026-08-21,7,600,0.0,NONE,11513,11041,471,0,0,RTM,MDW;MMW;MRW;MTW,OK,NONE,NONE,2026-08-11
SPX,7330.0,-10581173.800631799,18.200424184154134,0.0,0.0,0.0,0.0,0.0,0.0,7800.932309330873,7693.767690669128,7854.514618661745,7640.185381338256,SEP26,AUG26,2026-08-12,2026-09-18,7747.35,7705.975053873443,FOUND,WARN,UNKNOWN_SERIES;ESTIMATED_EXPIRY_ALIAS,2026-08-02.2,PUT_CALL_PARITY,AUG26,AUG26=PUT_CALL_PARITY;SEP26=PUT_CALL_PARITY;OCT26=PUT_CALL_PARITY;NOV26=PUT_CALL_PARITY;DEC26=PUT_CALL_PARITY;JUN27=PUT_CALL_PARITY;APR27=PUT_CALL_PARITY;MAR27=PUT_CALL_PARITY;FEB27=PUT_CALL_PARITY;JAN27=PUT_CALL_PARITY;MAY27=PUT_CALL_PARITY;JUL27=PUT_CALL_PARITY;SEP27=PUT_CALL_PARITY;AUG27=PUT_CALL_PARITY;DEC29=PUT_CALL_PARITY;DEC27=PUT_CALL_PARITY;MAR28=PUT_CALL_PARITY;DEC28=PUT_CALL_PARITY;DEC30=PUT_CALL_PARITY;JUN28=SERIES_FORWARD_CLUSTER,AUG26=7747.35;SEP26=7748.5;OCT26=7813;NOV26=7808.25;DEC26=7876.5;JUN27=8015.25;APR27=7959.5;MAR27=7945.5;FEB27=7879.75;JAN27=7881;MAY27=7963.25;JUL27=8043.875;SEP27=8077.25;AUG27=8051.75;DEC29=8676.5;DEC27=8103.75;MAR28=8179;DEC28=8373.25;DEC30=9151.75;JUN28=6427.25,NONE,WEIGHTED_ATM,2026-08-21,7,600,0.0,NONE,11513,11041,471,0,0,RTM,MDW;MMW;MRW;MTW,OK,NONE,NONE,2026-08-11
SPX,7335.0,-593421.1887506326,0.994834612601337,0.0,0.0,0.0,0.0,0.0,0.0,7800.932309330873,7693.767690669128,7854.514618661745,7640.185381338256,SEP26,AUG26,2026-08-12,2026-09-18,7747.35,7705.975053873443,FOUND,WARN,UNKNOWN_SERIES;ESTIMATED_EXPIRY_ALIAS,2026-08-02.2,PUT_CALL_PARITY,AUG26,AUG26=PUT_CALL_PARITY;SEP26=PUT_CALL_PARITY;OCT26=PUT_CALL_PARITY;NOV26=PUT_CALL_PARITY;DEC26=PUT_CALL_PARITY;JUN27=PUT_CALL_PARITY;APR27=PUT_CALL_PARITY;MAR27=PUT_CALL_PARITY;FEB27=PUT_CALL_PARITY;JAN27=PUT_CALL_PARITY;MAY27=PUT_CALL_PARITY;JUL27=PUT_CALL_PARITY;SEP27=PUT_CALL_PARITY;AUG27=PUT_CALL_PARITY;DEC29=PUT_CALL_PARITY;DEC27=PUT_CALL_PARITY;MAR28=PUT_CALL_PARITY;DEC28=PUT_CALL_PARITY;DEC30=PUT_CALL_PARITY;JUN28=SERIES_FORWARD_CLUSTER,AUG26=7747.35;SEP26=7748.5;OCT26=7813;NOV26=7808.25;DEC26=7876.5;JUN27=8015.25;APR27=7959.5;MAR27=7945.5;FEB27=7879.75;JAN27=7881;MAY27=7963.25;JUL27=8043.875;SEP27=8077.25;AUG27=8051.75;DEC29=8676.5;DEC27=8103.75;MAR28=8179;DEC28=8373.25;DEC30=9151.75;JUN28=6427.25,NONE,WEIGHTED_ATM,2026-08-21,7,600,0.0,NONE,11513,11041,471,0,0,RTM,MDW;MMW;MRW;MTW,OK,NONE,NONE,2026-08-11
SPX,7340.0,-9272260.103354365,16.90973943483876,0.0,0.0,0.0,0.0,0.0,0.0,7800.932309330873,7693.767690669128,7854.514618661745,7640.185381338256,SEP26,AUG26,2026-08-12,2026-09-18,7747.35,7705.975053873443,FOUND,WARN,UNKNOWN_SERIES;ESTIMATED_EXPIRY_ALIAS,2026-08-02.2,PUT_CALL_PARITY,AUG26,AUG26=PUT_CALL_PARITY;SEP26=PUT_CALL_PARITY;OCT26=PUT_CALL_PARITY;NOV26=PUT_CALL_PARITY;DEC26=PUT_CALL_PARITY;JUN27=PUT_CALL_PARITY;APR27=PUT_CALL_PARITY;MAR27=PUT_CALL_PARITY;FEB27=PUT_CALL_PARITY;JAN27=PUT_CALL_PARITY;MAY27=PUT_CALL_PARITY;JUL27=PUT_CALL_PARITY;SEP27=PUT_CALL_PARITY;AUG27=PUT_CALL_PARITY;DEC29=PUT_CALL_PARITY;DEC27=PUT_CALL_PARITY;MAR28=PUT_CALL_PARITY;DEC28=PUT_CALL_PARITY;DEC30=PUT_CALL_PARITY;JUN28=SERIES_FORWARD_CLUSTER,AUG26=7747.35;SEP26=7748.5;OCT26=7813;NOV26=7808.25;DEC26=7876.5;JUN27=8015.25;APR27=7959.5;MAR27=7945.5;FEB27=7879.75;JAN27=7881;MAY27=7963.25;JUL27=8043.875;SEP27=8077.25;AUG27=8051.75;DEC29=8676.5;DEC27=8103.75;MAR28=8179;DEC28=8373.25;DEC30=9151.75;JUN28=6427.25,NONE,WEIGHTED_ATM,2026-08-21,7,600,0.0,NONE,11513,11041,471,0,0,RTM,MDW;MMW;MRW;MTW,OK,NONE,NONE,2026-08-11
SPX,7345.0,-99126.51191207065,0.16515186088014605,0.0,0.0,0.0,0.0,0.0,0.0,7800.932309330873,7693.767690669128,7854.514618661745,7640.185381338256,SEP26,AUG26,2026-08-12,2026-09-18,7747.35,7705.975053873443,FOUND,WARN,UNKNOWN_SERIES;ESTIMATED_EXPIRY_ALIAS,2026-08-02.2,PUT_CALL_PARITY,AUG26,AUG26=PUT_CALL_PARITY;SEP26=PUT_CALL_PARITY;OCT26=PUT_CALL_PARITY;NOV26=PUT_CALL_PARITY;DEC26=PUT_CALL_PARITY;JUN27=PUT_CALL_PARITY;APR27=PUT_CALL_PARITY;MAR27=PUT_CALL_PARITY;FEB27=PUT_CALL_PARITY;JAN27=PUT_CALL_PARITY;MAY27=PUT_CALL_PARITY;JUL27=PUT_CALL_PARITY;SEP27=PUT_CALL_PARITY;AUG27=PUT_CALL_PARITY;DEC29=PUT_CALL_PARITY;DEC27=PUT_CALL_PARITY;MAR28=PUT_CALL_PARITY;DEC28=PUT_CALL_PARITY;DEC30=PUT_CALL_PARITY;JUN28=SERIES_FORWARD_CLUSTER,AUG26=7747.35;SEP26=7748.5;OCT26=7813;NOV26=7808.25;DEC26=7876.5;JUN27=8015.25;APR27=7959.5;MAR27=7945.5;FEB27=7879.75;JAN27=7881;MAY27=7963.25;JUL27=8043.875;SEP27=8077.25;AUG27=8051.75;DEC29=8676.5;DEC27=8103.75;MAR28=8179;DEC28=8373.25;DEC30=9151.75;JUN28=6427.25,NONE,WEIGHTED_ATM,2026-08-21,7,600,0.0,NONE,11513,11041,471,0,0,RTM,MDW;MMW;MRW;MTW,OK,NONE,NONE,2026-08-11
SPX,7350.0,-354544590.54582024,1092.288823344216,0.0,0.0,0.0,0.0,0.0,0.0,7800.932309330873,7693.767690669128,7854.514618661745,7640.185381338256,SEP26,AUG26,2026-08-12,2026-09-18,7747.35,7705.975053873443,FOUND,WARN,UNKNOWN_SERIES;ESTIMATED_EXPIRY_ALIAS,2026-08-02.2,PUT_CALL_PARITY,AUG26,AUG26=PUT_CALL_PARITY;SEP26=PUT_CALL_PARITY;OCT26=PUT_CALL_PARITY;NOV26=PUT_CALL_PARITY;DEC26=PUT_CALL_PARITY;JUN27=PUT_CALL_PARITY;APR27=PUT_CALL_PARITY;MAR27=PUT_CALL_PARITY;FEB27=PUT_CALL_PARITY;JAN27=PUT_CALL_PARITY;MAY27=PUT_CALL_PARITY;JUL27=PUT_CALL_PARITY;SEP27=PUT_CALL_PARITY;AUG27=PUT_CALL_PARITY;DEC29=PUT_CALL_PARITY;DEC27=PUT_CALL_PARITY;MAR28=PUT_CALL_PARITY;DEC28=PUT_CALL_PARITY;DEC30=PUT_CALL_PARITY;JUN28=SERIES_FORWARD_CLUSTER,AUG26=7747.35;SEP26=7748.5;OCT26=7813;NOV26=7808.25;DEC26=7876.5;JUN27=8015.25;APR27=7959.5;MAR27=7945.5;FEB27=7879.75;JAN27=7881;MAY27=7963.25;JUL27=8043.875;SEP27=8077.25;AUG27=8051.75;DEC29=8676.5;DEC27=8103.75;MAR28=8179;DEC28=8373.25;DEC30=9151.75;JUN28=6427.25,NONE,WEIGHTED_ATM,2026-08-21,7,600,0.0,NONE,11513,11041,471,0,0,RTM,MDW;MMW;MRW;MTW,OK,NONE,NONE,2026-08-11
SPX,7355.0,-534471.1139437468,0.8904671147189416,0.0,0.0,0.0,0.0,0.0,0.0,7800.932309330873,7693.767690669128,7854.514618661745,7640.185381338256,SEP26,AUG26,2026-08-12,2026-09-18,7747.35,7705.975053873443,FOUND,WARN,UNKNOWN_SERIES;ESTIMATED_EXPIRY_ALIAS,2026-08-02.2,PUT_CALL_PARITY,AUG26,AUG26=PUT_CALL_PARITY;SEP26=PUT_CALL_PARITY;OCT26=PUT_CALL_PARITY;NOV26=PUT_CALL_PARITY;DEC26=PUT_CALL_PARITY;JUN27=PUT_CALL_PARITY;APR27=PUT_CALL_PARITY;MAR27=PUT_CALL_PARITY;FEB27=PUT_CALL_PARITY;JAN27=PUT_CALL_PARITY;MAY27=PUT_CALL_PARITY;JUL27=PUT_CALL_PARITY;SEP27=PUT_CALL_PARITY;AUG27=PUT_CALL_PARITY;DEC29=PUT_CALL_PARITY;DEC27=PUT_CALL_PARITY;MAR28=PUT_CALL_PARITY;DEC28=PUT_CALL_PARITY;DEC30=PUT_CALL_PARITY;JUN28=SERIES_FORWARD_CLUSTER,AUG26=7747.35;SEP26=7748.5;OCT26=7813;NOV26=7808.25;DEC26=7876.5;JUN27=8015.25;APR27=7959.5;MAR27=7945.5;FEB27=7879.75;JAN27=7881;MAY27=7963.25;JUL27=8043.875;SEP27=8077.25;AUG27=8051.75;DEC29=8676.5;DEC27=8103.75;MAR28=8179;DEC28=8373.25;DEC30=9151.75;JUN28=6427.25,NONE,WEIGHTED_ATM,2026-08-21,7,600,0.0,NONE,11513,11041,471,0,0,RTM,MDW;MMW;MRW;MTW,OK,NONE,NONE,2026-08-11
SPX,7360.0,-13403593.613574576,23.711799438706755,0.0,0.0,0.0,0.0,0.0,0.0,7800.932309330873,7693.767690669128,7854.514618661745,7640.185381338256,SEP26,AUG26,2026-08-12,2026-09-18,7747.35,7705.975053873443,FOUND,WARN,UNKNOWN_SERIES;ESTIMATED_EXPIRY_ALIAS,2026-08-02.2,PUT_CALL_PARITY,AUG26,AUG26=PUT_CALL_PARITY;SEP26=PUT_CALL_PARITY;OCT26=PUT_CALL_PARITY;NOV26=PUT_CALL_PARITY;DEC26=PUT_CALL_PARITY;JUN27=PUT_CALL_PARITY;APR27=PUT_CALL_PARITY;MAR27=PUT_CALL_PARITY;FEB27=PUT_CALL_PARITY;JAN27=PUT_CALL_PARITY;MAY27=PUT_CALL_PARITY;JUL27=PUT_CALL_PARITY;SEP27=PUT_CALL_PARITY;AUG27=PUT_CALL_PARITY;DEC29=PUT_CALL_PARITY;DEC27=PUT_CALL_PARITY;MAR28=PUT_CALL_PARITY;DEC28=PUT_CALL_PARITY;DEC30=PUT_CALL_PARITY;JUN28=SERIES_FORWARD_CLUSTER,AUG26=7747.35;SEP26=7748.5;OCT26=7813;NOV26=7808.25;DEC26=7876.5;JUN27=8015.25;APR27=7959.5;MAR27=7945.5;FEB27=7879.75;JAN27=7881;MAY27=7963.25;JUL27=8043.875;SEP27=8077.25;AUG27=8051.75;DEC29=8676.5;DEC27=8103.75;MAR28=8179;DEC28=8373.25;DEC30=9151.75;JUN28=6427.25,NONE,WEIGHTED_ATM,2026-08-21,7,600,0.0,NONE,11513,11041,471,0,0,RTM,MDW;MMW;MRW;MTW,OK,NONE,NONE,2026-08-11
SPX,7365.0,-173005.04798223596,0.2882387876340275,0.0,0.0,0.0,0.0,0.0,0.0,7800.932309330873,7693.767690669128,7854.514618661745,7640.185381338256,SEP26,AUG26,2026-08-12,2026-09-18,7747.35,7705.975053873443,FOUND,WARN,UNKNOWN_SERIES;ESTIMATED_EXPIRY_ALIAS,2026-08-02.2,PUT_CALL_PARITY,AUG26,AUG26=PUT_CALL_PARITY;SEP26=PUT_CALL_PARITY;OCT26=PUT_CALL_PARITY;NOV26=PUT_CALL_PARITY;DEC26=PUT_CALL_PARITY;JUN27=PUT_CALL_PARITY;APR27=PUT_CALL_PARITY;MAR27=PUT_CALL_PARITY;FEB27=PUT_CALL_PARITY;JAN27=PUT_CALL_PARITY;MAY27=PUT_CALL_PARITY;JUL27=PUT_CALL_PARITY;SEP27=PUT_CALL_PARITY;AUG27=PUT_CALL_PARITY;DEC29=PUT_CALL_PARITY;DEC27=PUT_CALL_PARITY;MAR28=PUT_CALL_PARITY;DEC28=PUT_CALL_PARITY;DEC30=PUT_CALL_PARITY;JUN28=SERIES_FORWARD_CLUSTER,AUG26=7747.35;SEP26=7748.5;OCT26=7813;NOV26=7808.25;DEC26=7876.5;JUN27=8015.25;APR27=7959.5;MAR27=7945.5;FEB27=7879.75;JAN27=7881;MAY27=7963.25;JUL27=8043.875;SEP27=8077.25;AUG27=8051.75;DEC29=8676.5;DEC27=8103.75;MAR28=8179;DEC28=8373.25;DEC30=9151.75;JUN28=6427.25,NONE,WEIGHTED_ATM,2026-08-21,7,600,0.0,NONE,11513,11041,471,0,0,RTM,MDW;MMW;MRW;MTW,OK,NONE,NONE,2026-08-11
SPX,7370.0,-11193286.994813468,37.6121234677104,0.0,0.0,0.0,0.0,0.0,0.0,7800.932309330873,7693.767690669128,7854.514618661745,7640.185381338256,SEP26,AUG26,2026-08-12,2026-09-18,7747.35,7705.975053873443,FOUND,WARN,UNKNOWN_SERIES;ESTIMATED_EXPIRY_ALIAS,2026-08-02.2,PUT_CALL_PARITY,AUG26,AUG26=PUT_CALL_PARITY;SEP26=PUT_CALL_PARITY;OCT26=PUT_CALL_PARITY;NOV26=PUT_CALL_PARITY;DEC26=PUT_CALL_PARITY;JUN27=PUT_CALL_PARITY;APR27=PUT_CALL_PARITY;MAR27=PUT_CALL_PARITY;FEB27=PUT_CALL_PARITY;JAN27=PUT_CALL_PARITY;MAY27=PUT_CALL_PARITY;JUL27=PUT_CALL_PARITY;SEP27=PUT_CALL_PARITY;AUG27=PUT_CALL_PARITY;DEC29=PUT_CALL_PARITY;DEC27=PUT_CALL_PARITY;MAR28=PUT_CALL_PARITY;DEC28=PUT_CALL_PARITY;DEC30=PUT_CALL_PARITY;JUN28=SERIES_FORWARD_CLUSTER,AUG26=7747.35;SEP26=7748.5;OCT26=7813;NOV26=7808.25;DEC26=7876.5;JUN27=8015.25;APR27=7959.5;MAR27=7945.5;FEB27=7879.75;JAN27=7881;MAY27=7963.25;JUL27=8043.875;SEP27=8077.25;AUG27=8051.75;DEC29=8676.5;DEC27=8103.75;MAR28=8179;DEC28=8373.25;DEC30=9151.75;JUN28=6427.25,NONE,WEIGHTED_ATM,2026-08-21,7,600,0.0,NONE,11513,11041,471,0,0,RTM,MDW;MMW;MRW;MTW,OK,NONE,NONE,2026-08-11
SPX,7375.0,-115524225.1155045,267.73138038495216,0.0,0.0,0.0,0.0,0.0,0.0,7800.932309330873,7693.767690669128,7854.514618661745,7640.185381338256,SEP26,AUG26,2026-08-12,2026-09-18,7747.35,7705.975053873443,FOUND,WARN,UNKNOWN_SERIES;ESTIMATED_EXPIRY_ALIAS,2026-08-02.2,PUT_CALL_PARITY,AUG26,AUG26=PUT_CALL_PARITY;SEP26=PUT_CALL_PARITY;OCT26=PUT_CALL_PARITY;NOV26=PUT_CALL_PARITY;DEC26=PUT_CALL_PARITY;JUN27=PUT_CALL_PARITY;APR27=PUT_CALL_PARITY;MAR27=PUT_CALL_PARITY;FEB27=PUT_CALL_PARITY;JAN27=PUT_CALL_PARITY;MAY27=PUT_CALL_PARITY;JUL27=PUT_CALL_PARITY;SEP27=PUT_CALL_PARITY;AUG27=PUT_CALL_PARITY;DEC29=PUT_CALL_PARITY;DEC27=PUT_CALL_PARITY;MAR28=PUT_CALL_PARITY;DEC28=PUT_CALL_PARITY;DEC30=PUT_CALL_PARITY;JUN28=SERIES_FORWARD_CLUSTER,AUG26=7747.35;SEP26=7748.5;OCT26=7813;NOV26=7808.25;DEC26=7876.5;JUN27=8015.25;APR27=7959.5;MAR27=7945.5;FEB27=7879.75;JAN27=7881;MAY27=7963.25;JUL27=8043.875;SEP27=8077.25;AUG27=8051.75;DEC29=8676.5;DEC27=8103.75;MAR28=8179;DEC28=8373.25;DEC30=9151.75;JUN28=6427.25,NONE,WEIGHTED_ATM,2026-08-21,7,600,0.0,NONE,11513,11041,471,0,0,RTM,MDW;MMW;MRW;MTW,OK,NONE,NONE,2026-08-11
SPX,7380.0,-18502267.995459218,36.992668855960524,0.0,0.0,0.0,0.0,0.0,0.0,7800.932309330873,7693.767690669128,7854.514618661745,7640.185381338256,SEP26,AUG26,2026-08-12,2026-09-18,7747.35,7705.975053873443,FOUND,WARN,UNKNOWN_SERIES;ESTIMATED_EXPIRY_ALIAS,2026-08-02.2,PUT_CALL_PARITY,AUG26,AUG26=PUT_CALL_PARITY;SEP26=PUT_CALL_PARITY;OCT26=PUT_CALL_PARITY;NOV26=PUT_CALL_PARITY;DEC26=PUT_CALL_PARITY;JUN27=PUT_CALL_PARITY;APR27=PUT_CALL_PARITY;MAR27=PUT_CALL_PARITY;FEB27=PUT_CALL_PARITY;JAN27=PUT_CALL_PARITY;MAY27=PUT_CALL_PARITY;JUL27=PUT_CALL_PARITY;SEP27=PUT_CALL_PARITY;AUG27=PUT_CALL_PARITY;DEC29=PUT_CALL_PARITY;DEC27=PUT_CALL_PARITY;MAR28=PUT_CALL_PARITY;DEC28=PUT_CALL_PARITY;DEC30=PUT_CALL_PARITY;JUN28=SERIES_FORWARD_CLUSTER,AUG26=7747.35;SEP26=7748.5;OCT26=7813;NOV26=7808.25;DEC26=7876.5;JUN27=8015.25;APR27=7959.5;MAR27=7945.5;FEB27=7879.75;JAN27=7881;MAY27=7963.25;JUL27=8043.875;SEP27=8077.25;AUG27=8051.75;DEC29=8676.5;DEC27=8103.75;MAR28=8179;DEC28=8373.25;DEC30=9151.75;JUN28=6427.25,NONE,WEIGHTED_ATM,2026-08-21,7,600,0.0,NONE,11513,11041,471,0,0,RTM,MDW;MMW;MRW;MTW,OK,NONE,NONE,2026-08-11
SPX,7385.0,-383818.9354112743,0.6577747727201136,0.0,0.0,0.0,0.0,0.0,0.0,7800.932309330873,7693.767690669128,7854.514618661745,7640.185381338256,SEP26,AUG26,2026-08-12,2026-09-18,7747.35,7705.975053873443,FOUND,WARN,UNKNOWN_SERIES;ESTIMATED_EXPIRY_ALIAS,2026-08-02.2,PUT_CALL_PARITY,AUG26,AUG26=PUT_CALL_PARITY;SEP26=PUT_CALL_PARITY;OCT26=PUT_CALL_PARITY;NOV26=PUT_CALL_PARITY;DEC26=PUT_CALL_PARITY;JUN27=PUT_CALL_PARITY;APR27=PUT_CALL_PARITY;MAR27=PUT_CALL_PARITY;FEB27=PUT_CALL_PARITY;JAN27=PUT_CALL_PARITY;MAY27=PUT_CALL_PARITY;JUL27=PUT_CALL_PARITY;SEP27=PUT_CALL_PARITY;AUG27=PUT_CALL_PARITY;DEC29=PUT_CALL_PARITY;DEC27=PUT_CALL_PARITY;MAR28=PUT_CALL_PARITY;DEC28=PUT_CALL_PARITY;DEC30=PUT_CALL_PARITY;JUN28=SERIES_FORWARD_CLUSTER,AUG26=7747.35;SEP26=7748.5;OCT26=7813;NOV26=7808.25;DEC26=7876.5;JUN27=8015.25;APR27=7959.5;MAR27=7945.5;FEB27=7879.75;JAN27=7881;MAY27=7963.25;JUL27=8043.875;SEP27=8077.25;AUG27=8051.75;DEC29=8676.5;DEC27=8103.75;MAR28=8179;DEC28=8373.25;DEC30=9151.75;JUN28=6427.25,NONE,WEIGHTED_ATM,2026-08-21,7,600,0.0,NONE,11513,11041,471,0,0,RTM,MDW;MMW;MRW;MTW,OK,NONE,NONE,2026-08-11
SPX,7390.0,-9991150.14636165,20.154291662092923,0.0,0.0,0.0,0.0,0.0,0.0,7800.932309330873,7693.767690669128,7854.514618661745,7640.185381338256,SEP26,AUG26,2026-08-12,2026-09-18,7747.35,7705.975053873443,FOUND,WARN,UNKNOWN_SERIES;ESTIMATED_EXPIRY_ALIAS,2026-08-02.2,PUT_CALL_PARITY,AUG26,AUG26=PUT_CALL_PARITY;SEP26=PUT_CALL_PARITY;OCT26=PUT_CALL_PARITY;NOV26=PUT_CALL_PARITY;DEC26=PUT_CALL_PARITY;JUN27=PUT_CALL_PARITY;APR27=PUT_CALL_PARITY;MAR27=PUT_CALL_PARITY;FEB27=PUT_CALL_PARITY;JAN27=PUT_CALL_PARITY;MAY27=PUT_CALL_PARITY;JUL27=PUT_CALL_PARITY;SEP27=PUT_CALL_PARITY;AUG27=PUT_CALL_PARITY;DEC29=PUT_CALL_PARITY;DEC27=PUT_CALL_PARITY;MAR28=PUT_CALL_PARITY;DEC28=PUT_CALL_PARITY;DEC30=PUT_CALL_PARITY;JUN28=SERIES_FORWARD_CLUSTER,AUG26=7747.35;SEP26=7748.5;OCT26=7813;NOV26=7808.25;DEC26=7876.5;JUN27=8015.25;APR27=7959.5;MAR27=7945.5;FEB27=7879.75;JAN27=7881;MAY27=7963.25;JUL27=8043.875;SEP27=8077.25;AUG27=8051.75;DEC29=8676.5;DEC27=8103.75;MAR28=8179;DEC28=8373.25;DEC30=9151.75;JUN28=6427.25,NONE,WEIGHTED_ATM,2026-08-21,7,600,0.0,NONE,11513,11041,471,0,0,RTM,MDW;MMW;MRW;MTW,OK,NONE,NONE,2026-08-11
SPX,7395.0,-2182849.4941063058,3.655922752015206,0.0,0.0,0.0,0.0,0.0,0.0,7800.932309330873,7693.767690669128,7854.514618661745,7640.185381338256,SEP26,AUG26,2026-08-12,2026-09-18,7747.35,7705.975053873443,FOUND,WARN,UNKNOWN_SERIES;ESTIMATED_EXPIRY_ALIAS,2026-08-02.2,PUT_CALL_PARITY,AUG26,AUG26=PUT_CALL_PARITY;SEP26=PUT_CALL_PARITY;OCT26=PUT_CALL_PARITY;NOV26=PUT_CALL_PARITY;DEC26=PUT_CALL_PARITY;JUN27=PUT_CALL_PARITY;APR27=PUT_CALL_PARITY;MAR27=PUT_CALL_PARITY;FEB27=PUT_CALL_PARITY;JAN27=PUT_CALL_PARITY;MAY27=PUT_CALL_PARITY;JUL27=PUT_CALL_PARITY;SEP27=PUT_CALL_PARITY;AUG27=PUT_CALL_PARITY;DEC29=PUT_CALL_PARITY;DEC27=PUT_CALL_PARITY;MAR28=PUT_CALL_PARITY;DEC28=PUT_CALL_PARITY;DEC30=PUT_CALL_PARITY;JUN28=SERIES_FORWARD_CLUSTER,AUG26=7747.35;SEP26=7748.5;OCT26=7813;NOV26=7808.25;DEC26=7876.5;JUN27=8015.25;APR27=7959.5;MAR27=7945.5;FEB27=7879.75;JAN27=7881;MAY27=7963.25;JUL27=8043.875;SEP27=8077.25;AUG27=8051.75;DEC29=8676.5;DEC27=8103.75;MAR28=8179;DEC28=8373.25;DEC30=9151.75;JUN28=6427.25,NONE,WEIGHTED_ATM,2026-08-21,7,600,0.0,NONE,11513,11041,471,0,0,RTM,MDW;MMW;MRW;MTW,OK,NONE,NONE,2026-08-11
SPX,7400.0,-359763121.8544932,1696.3551450195612,0.0,0.0,0.0,0.0,0.0,0.0,7800.932309330873,7693.767690669128,7854.514618661745,7640.185381338256,SEP26,AUG26,2026-08-12,2026-09-18,7747.35,7705.975053873443,FOUND,WARN,UNKNOWN_SERIES;ESTIMATED_EXPIRY_ALIAS,2026-08-02.2,PUT_CALL_PARITY,AUG26,AUG26=PUT_CALL_PARITY;SEP26=PUT_CALL_PARITY;OCT26=PUT_CALL_PARITY;NOV26=PUT_CALL_PARITY;DEC26=PUT_CALL_PARITY;JUN27=PUT_CALL_PARITY;APR27=PUT_CALL_PARITY;MAR27=PUT_CALL_PARITY;FEB27=PUT_CALL_PARITY;JAN27=PUT_CALL_PARITY;MAY27=PUT_CALL_PARITY;JUL27=PUT_CALL_PARITY;SEP27=PUT_CALL_PARITY;AUG27=PUT_CALL_PARITY;DEC29=PUT_CALL_PARITY;DEC27=PUT_CALL_PARITY;MAR28=PUT_CALL_PARITY;DEC28=PUT_CALL_PARITY;DEC30=PUT_CALL_PARITY;JUN28=SERIES_FORWARD_CLUSTER,AUG26=7747.35;SEP26=7748.5;OCT26=7813;NOV26=7808.25;DEC26=7876.5;JUN27=8015.25;APR27=7959.5;MAR27=7945.5;FEB27=7879.75;JAN27=7881;MAY27=7963.25;JUL27=8043.875;SEP27=8077.25;AUG27=8051.75;DEC29=8676.5;DEC27=8103.75;MAR28=8179;DEC28=8373.25;DEC30=9151.75;JUN28=6427.25,NONE,WEIGHTED_ATM,2026-08-21,7,600,0.0,NONE,11513,11041,471,0,0,RTM,MDW;MMW;MRW;MTW,OK,NONE,NONE,2026-08-11
SPX,7405.0,-559568.0844823746,0.9322804632062286,0.0,0.0,0.0,0.0,0.0,0.0,7800.932309330873,7693.767690669128,7854.514618661745,7640.185381338256,SEP26,AUG26,2026-08-12,2026-09-18,7747.35,7705.975053873443,FOUND,WARN,UNKNOWN_SERIES;ESTIMATED_EXPIRY_ALIAS,2026-08-02.2,PUT_CALL_PARITY,AUG26,AUG26=PUT_CALL_PARITY;SEP26=PUT_CALL_PARITY;OCT26=PUT_CALL_PARITY;NOV26=PUT_CALL_PARITY;DEC26=PUT_CALL_PARITY;JUN27=PUT_CALL_PARITY;APR27=PUT_CALL_PARITY;MAR27=PUT_CALL_PARITY;FEB27=PUT_CALL_PARITY;JAN27=PUT_CALL_PARITY;MAY27=PUT_CALL_PARITY;JUL27=PUT_CALL_PARITY;SEP27=PUT_CALL_PARITY;AUG27=PUT_CALL_PARITY;DEC29=PUT_CALL_PARITY;DEC27=PUT_CALL_PARITY;MAR28=PUT_CALL_PARITY;DEC28=PUT_CALL_PARITY;DEC30=PUT_CALL_PARITY;JUN28=SERIES_FORWARD_CLUSTER,AUG26=7747.35;SEP26=7748.5;OCT26=7813;NOV26=7808.25;DEC26=7876.5;JUN27=8015.25;APR27=7959.5;MAR27=7945.5;FEB27=7879.75;JAN27=7881;MAY27=7963.25;JUL27=8043.875;SEP27=8077.25;AUG27=8051.75;DEC29=8676.5;DEC27=8103.75;MAR28=8179;DEC28=8373.25;DEC30=9151.75;JUN28=6427.25,NONE,WEIGHTED_ATM,2026-08-21,7,600,0.0,NONE,11513,11041,471,0,0,RTM,MDW;MMW;MRW;MTW,OK,NONE,NONE,2026-08-11
SPX,7410.0,-15879443.33748442,32.34441860651399,0.0,0.0,0.0,0.0,0.0,0.0,7800.932309330873,7693.767690669128,7854.514618661745,7640.185381338256,SEP26,AUG26,2026-08-12,2026-09-18,7747.35,7705.975053873443,FOUND,WARN,UNKNOWN_SERIES;ESTIMATED_EXPIRY_ALIAS,2026-08-02.2,PUT_CALL_PARITY,AUG26,AUG26=PUT_CALL_PARITY;SEP26=PUT_CALL_PARITY;OCT26=PUT_CALL_PARITY;NOV26=PUT_CALL_PARITY;DEC26=PUT_CALL_PARITY;JUN27=PUT_CALL_PARITY;APR27=PUT_CALL_PARITY;MAR27=PUT_CALL_PARITY;FEB27=PUT_CALL_PARITY;JAN27=PUT_CALL_PARITY;MAY27=PUT_CALL_PARITY;JUL27=PUT_CALL_PARITY;SEP27=PUT_CALL_PARITY;AUG27=PUT_CALL_PARITY;DEC29=PUT_CALL_PARITY;DEC27=PUT_CALL_PARITY;MAR28=PUT_CALL_PARITY;DEC28=PUT_CALL_PARITY;DEC30=PUT_CALL_PARITY;JUN28=SERIES_FORWARD_CLUSTER,AUG26=7747.35;SEP26=7748.5;OCT26=7813;NOV26=7808.25;DEC26=7876.5;JUN27=8015.25;APR27=7959.5;MAR27=7945.5;FEB27=7879.75;JAN27=7881;MAY27=7963.25;JUL27=8043.875;SEP27=8077.25;AUG27=8051.75;DEC29=8676.5;DEC27=8103.75;MAR28=8179;DEC28=8373.25;DEC30=9151.75;JUN28=6427.25,NONE,WEIGHTED_ATM,2026-08-21,7,600,0.0,NONE,11513,11041,471,0,0,RTM,MDW;MMW;MRW;MTW,OK,NONE,NONE,2026-08-11
SPX,7415.0,-1041717.6039903879,1.7775751225185161,0.0,0.0,0.0,0.0,0.0,0.0,7800.932309330873,7693.767690669128,7854.514618661745,7640.185381338256,SEP26,AUG26,2026-08-12,2026-09-18,7747.35,7705.975053873443,FOUND,WARN,UNKNOWN_SERIES;ESTIMATED_EXPIRY_ALIAS,2026-08-02.2,PUT_CALL_PARITY,AUG26,AUG26=PUT_CALL_PARITY;SEP26=PUT_CALL_PARITY;OCT26=PUT_CALL_PARITY;NOV26=PUT_CALL_PARITY;DEC26=PUT_CALL_PARITY;JUN27=PUT_CALL_PARITY;APR27=PUT_CALL_PARITY;MAR27=PUT_CALL_PARITY;FEB27=PUT_CALL_PARITY;JAN27=PUT_CALL_PARITY;MAY27=PUT_CALL_PARITY;JUL27=PUT_CALL_PARITY;SEP27=PUT_CALL_PARITY;AUG27=PUT_CALL_PARITY;DEC29=PUT_CALL_PARITY;DEC27=PUT_CALL_PARITY;MAR28=PUT_CALL_PARITY;DEC28=PUT_CALL_PARITY;DEC30=PUT_CALL_PARITY;JUN28=SERIES_FORWARD_CLUSTER,AUG26=7747.35;SEP26=7748.5;OCT26=7813;NOV26=7808.25;DEC26=7876.5;JUN27=8015.25;APR27=7959.5;MAR27=7945.5;FEB27=7879.75;JAN27=7881;MAY27=7963.25;JUL27=8043.875;SEP27=8077.25;AUG27=8051.75;DEC29=8676.5;DEC27=8103.75;MAR28=8179;DEC28=8373.25;DEC30=9151.75;JUN28=6427.25,NONE,WEIGHTED_ATM,2026-08-21,7,600,0.0,NONE,11513,11041,471,0,0,RTM,MDW;MMW;MRW;MTW,OK,NONE,NONE,2026-08-11
SPX,7420.0,-13141701.069746587,29.09659481319437,0.0,0.0,0.0,0.0,0.0,0.0,7800.932309330873,7693.767690669128,7854.514618661745,7640.185381338256,SEP26,AUG26,2026-08-12,2026-09-18,7747.35,7705.975053873443,FOUND,WARN,UNKNOWN_SERIES;ESTIMATED_EXPIRY_ALIAS,2026-08-02.2,PUT_CALL_PARITY,AUG26,AUG26=PUT_CALL_PARITY;SEP26=PUT_CALL_PARITY;OCT26=PUT_CALL_PARITY;NOV26=PUT_CALL_PARITY;DEC26=PUT_CALL_PARITY;JUN27=PUT_CALL_PARITY;APR27=PUT_CALL_PARITY;MAR27=PUT_CALL_PARITY;FEB27=PUT_CALL_PARITY;JAN27=PUT_CALL_PARITY;MAY27=PUT_CALL_PARITY;JUL27=PUT_CALL_PARITY;SEP27=PUT_CALL_PARITY;AUG27=PUT_CALL_PARITY;DEC29=PUT_CALL_PARITY;DEC27=PUT_CALL_PARITY;MAR28=PUT_CALL_PARITY;DEC28=PUT_CALL_PARITY;DEC30=PUT_CALL_PARITY;JUN28=SERIES_FORWARD_CLUSTER,AUG26=7747.35;SEP26=7748.5;OCT26=7813;NOV26=7808.25;DEC26=7876.5;JUN27=8015.25;APR27=7959.5;MAR27=7945.5;FEB27=7879.75;JAN27=7881;MAY27=7963.25;JUL27=8043.875;SEP27=8077.25;AUG27=8051.75;DEC29=8676.5;DEC27=8103.75;MAR28=8179;DEC28=8373.25;DEC30=9151.75;JUN28=6427.25,NONE,WEIGHTED_ATM,2026-08-21,7,600,0.0,NONE,11513,11041,471,0,0,RTM,MDW;MMW;MRW;MTW,OK,NONE,NONE,2026-08-11
SPX,7425.0,-67392752.31669411,265.1350209936487,0.0,0.0,0.0,0.0,0.0,0.0,7800.932309330873,7693.767690669128,7854.514618661745,7640.185381338256,SEP26,AUG26,2026-08-12,2026-09-18,7747.35,7705.975053873443,FOUND,WARN,UNKNOWN_SERIES;ESTIMATED_EXPIRY_ALIAS,2026-08-02.2,PUT_CALL_PARITY,AUG26,AUG26=PUT_CALL_PARITY;SEP26=PUT_CALL_PARITY;OCT26=PUT_CALL_PARITY;NOV26=PUT_CALL_PARITY;DEC26=PUT_CALL_PARITY;JUN27=PUT_CALL_PARITY;APR27=PUT_CALL_PARITY;MAR27=PUT_CALL_PARITY;FEB27=PUT_CALL_PARITY;JAN27=PUT_CALL_PARITY;MAY27=PUT_CALL_PARITY;JUL27=PUT_CALL_PARITY;SEP27=PUT_CALL_PARITY;AUG27=PUT_CALL_PARITY;DEC29=PUT_CALL_PARITY;DEC27=PUT_CALL_PARITY;MAR28=PUT_CALL_PARITY;DEC28=PUT_CALL_PARITY;DEC30=PUT_CALL_PARITY;JUN28=SERIES_FORWARD_CLUSTER,AUG26=7747.35;SEP26=7748.5;OCT26=7813;NOV26=7808.25;DEC26=7876.5;JUN27=8015.25;APR27=7959.5;MAR27=7945.5;FEB27=7879.75;JAN27=7881;MAY27=7963.25;JUL27=8043.875;SEP27=8077.25;AUG27=8051.75;DEC29=8676.5;DEC27=8103.75;MAR28=8179;DEC28=8373.25;DEC30=9151.75;JUN28=6427.25,NONE,WEIGHTED_ATM,2026-08-21,7,600,0.0,NONE,11513,11041,471,0,0,RTM,MDW;MMW;MRW;MTW,OK,NONE,NONE,2026-08-11
SPX,7430.0,-22245318.6152569,43.40154644246717,0.0,0.0,0.0,0.0,0.0,0.0,7800.932309330873,7693.767690669128,7854.514618661745,7640.185381338256,SEP26,AUG26,2026-08-12,2026-09-18,7747.35,7705.975053873443,FOUND,WARN,UNKNOWN_SERIES;ESTIMATED_EXPIRY_ALIAS,2026-08-02.2,PUT_CALL_PARITY,AUG26,AUG26=PUT_CALL_PARITY;SEP26=PUT_CALL_PARITY;OCT26=PUT_CALL_PARITY;NOV26=PUT_CALL_PARITY;DEC26=PUT_CALL_PARITY;JUN27=PUT_CALL_PARITY;APR27=PUT_CALL_PARITY;MAR27=PUT_CALL_PARITY;FEB27=PUT_CALL_PARITY;JAN27=PUT_CALL_PARITY;MAY27=PUT_CALL_PARITY;JUL27=PUT_CALL_PARITY;SEP27=PUT_CALL_PARITY;AUG27=PUT_CALL_PARITY;DEC29=PUT_CALL_PARITY;DEC27=PUT_CALL_PARITY;MAR28=PUT_CALL_PARITY;DEC28=PUT_CALL_PARITY;DEC30=PUT_CALL_PARITY;JUN28=SERIES_FORWARD_CLUSTER,AUG26=7747.35;SEP26=7748.5;OCT26=7813;NOV26=7808.25;DEC26=7876.5;JUN27=8015.25;APR27=7959.5;MAR27=7945.5;FEB27=7879.75;JAN27=7881;MAY27=7963.25;JUL27=8043.875;SEP27=8077.25;AUG27=8051.75;DEC29=8676.5;DEC27=8103.75;MAR28=8179;DEC28=8373.25;DEC30=9151.75;JUN28=6427.25,NONE,WEIGHTED_ATM,2026-08-21,7,600,0.0,NONE,11513,11041,471,0,0,RTM,MDW;MMW;MRW;MTW,OK,NONE,NONE,2026-08-11
SPX,7435.0,-308521.09066379204,0.541460310545598,0.0,0.0,0.0,0.0,0.0,0.0,7800.932309330873,7693.767690669128,7854.514618661745,7640.185381338256,SEP26,AUG26,2026-08-12,2026-09-18,7747.35,7705.975053873443,FOUND,WARN,UNKNOWN_SERIES;ESTIMATED_EXPIRY_ALIAS,2026-08-02.2,PUT_CALL_PARITY,AUG26,AUG26=PUT_CALL_PARITY;SEP26=PUT_CALL_PARITY;OCT26=PUT_CALL_PARITY;NOV26=PUT_CALL_PARITY;DEC26=PUT_CALL_PARITY;JUN27=PUT_CALL_PARITY;APR27=PUT_CALL_PARITY;MAR27=PUT_CALL_PARITY;FEB27=PUT_CALL_PARITY;JAN27=PUT_CALL_PARITY;MAY27=PUT_CALL_PARITY;JUL27=PUT_CALL_PARITY;SEP27=PUT_CALL_PARITY;AUG27=PUT_CALL_PARITY;DEC29=PUT_CALL_PARITY;DEC27=PUT_CALL_PARITY;MAR28=PUT_CALL_PARITY;DEC28=PUT_CALL_PARITY;DEC30=PUT_CALL_PARITY;JUN28=SERIES_FORWARD_CLUSTER,AUG26=7747.35;SEP26=7748.5;OCT26=7813;NOV26=7808.25;DEC26=7876.5;JUN27=8015.25;APR27=7959.5;MAR27=7945.5;FEB27=7879.75;JAN27=7881;MAY27=7963.25;JUL27=8043.875;SEP27=8077.25;AUG27=8051.75;DEC29=8676.5;DEC27=8103.75;MAR28=8179;DEC28=8373.25;DEC30=9151.75;JUN28=6427.25,NONE,WEIGHTED_ATM,2026-08-21,7,600,0.0,NONE,11513,11041,471,0,0,RTM,MDW;MMW;MRW;MTW,OK,NONE,NONE,2026-08-11
SPX,7440.0,-9267556.736098742,58.37691759684231,0.0,0.0,0.0,0.0,0.0,0.0,7800.932309330873,7693.767690669128,7854.514618661745,7640.185381338256,SEP26,AUG26,2026-08-12,2026-09-18,7747.35,7705.975053873443,FOUND,WARN,UNKNOWN_SERIES;ESTIMATED_EXPIRY_ALIAS,2026-08-02.2,PUT_CALL_PARITY,AUG26,AUG26=PUT_CALL_PARITY;SEP26=PUT_CALL_PARITY;OCT26=PUT_CALL_PARITY;NOV26=PUT_CALL_PARITY;DEC26=PUT_CALL_PARITY;JUN27=PUT_CALL_PARITY;APR27=PUT_CALL_PARITY;MAR27=PUT_CALL_PARITY;FEB27=PUT_CALL_PARITY;JAN27=PUT_CALL_PARITY;MAY27=PUT_CALL_PARITY;JUL27=PUT_CALL_PARITY;SEP27=PUT_CALL_PARITY;AUG27=PUT_CALL_PARITY;DEC29=PUT_CALL_PARITY;DEC27=PUT_CALL_PARITY;MAR28=PUT_CALL_PARITY;DEC28=PUT_CALL_PARITY;DEC30=PUT_CALL_PARITY;JUN28=SERIES_FORWARD_CLUSTER,AUG26=7747.35;SEP26=7748.5;OCT26=7813;NOV26=7808.25;DEC26=7876.5;JUN27=8015.25;APR27=7959.5;MAR27=7945.5;FEB27=7879.75;JAN27=7881;MAY27=7963.25;JUL27=8043.875;SEP27=8077.25;AUG27=8051.75;DEC29=8676.5;DEC27=8103.75;MAR28=8179;DEC28=8373.25;DEC30=9151.75;JUN28=6427.25,NONE,WEIGHTED_ATM,2026-08-21,7,600,0.0,NONE,11513,11041,471,0,0,RTM,MDW;MMW;MRW;MTW,OK,NONE,NONE,2026-08-11
SPX,7445.0,-2072143.7951306023,3.471005892567139,0.0,0.0,0.0,0.0,0.0,0.0,7800.932309330873,7693.767690669128,7854.514618661745,7640.185381338256,SEP26,AUG26,2026-08-12,2026-09-18,7747.35,7705.975053873443,FOUND,WARN,UNKNOWN_SERIES;ESTIMATED_EXPIRY_ALIAS,2026-08-02.2,PUT_CALL_PARITY,AUG26,AUG26=PUT_CALL_PARITY;SEP26=PUT_CALL_PARITY;OCT26=PUT_CALL_PARITY;NOV26=PUT_CALL_PARITY;DEC26=PUT_CALL_PARITY;JUN27=PUT_CALL_PARITY;APR27=PUT_CALL_PARITY;MAR27=PUT_CALL_PARITY;FEB27=PUT_CALL_PARITY;JAN27=PUT_CALL_PARITY;MAY27=PUT_CALL_PARITY;JUL27=PUT_CALL_PARITY;SEP27=PUT_CALL_PARITY;AUG27=PUT_CALL_PARITY;DEC29=PUT_CALL_PARITY;DEC27=PUT_CALL_PARITY;MAR28=PUT_CALL_PARITY;DEC28=PUT_CALL_PARITY;DEC30=PUT_CALL_PARITY;JUN28=SERIES_FORWARD_CLUSTER,AUG26=7747.35;SEP26=7748.5;OCT26=7813;NOV26=7808.25;DEC26=7876.5;JUN27=8015.25;APR27=7959.5;MAR27=7945.5;FEB27=7879.75;JAN27=7881;MAY27=7963.25;JUL27=8043.875;SEP27=8077.25;AUG27=8051.75;DEC29=8676.5;DEC27=8103.75;MAR28=8179;DEC28=8373.25;DEC30=9151.75;JUN28=6427.25,NONE,WEIGHTED_ATM,2026-08-21,7,600,0.0,NONE,11513,11041,471,0,0,RTM,MDW;MMW;MRW;MTW,OK,NONE,NONE,2026-08-11
SPX,7450.0,-245761902.48663145,1205.5365961817743,0.0,0.0,0.0,0.0,0.0,0.0,7800.932309330873,7693.767690669128,7854.514618661745,7640.185381338256,SEP26,AUG26,2026-08-12,2026-09-18,7747.35,7705.975053873443,FOUND,WARN,UNKNOWN_SERIES;ESTIMATED_EXPIRY_ALIAS,2026-08-02.2,PUT_CALL_PARITY,AUG26,AUG26=PUT_CALL_PARITY;SEP26=PUT_CALL_PARITY;OCT26=PUT_CALL_PARITY;NOV26=PUT_CALL_PARITY;DEC26=PUT_CALL_PARITY;JUN27=PUT_CALL_PARITY;APR27=PUT_CALL_PARITY;MAR27=PUT_CALL_PARITY;FEB27=PUT_CALL_PARITY;JAN27=PUT_CALL_PARITY;MAY27=PUT_CALL_PARITY;JUL27=PUT_CALL_PARITY;SEP27=PUT_CALL_PARITY;AUG27=PUT_CALL_PARITY;DEC29=PUT_CALL_PARITY;DEC27=PUT_CALL_PARITY;MAR28=PUT_CALL_PARITY;DEC28=PUT_CALL_PARITY;DEC30=PUT_CALL_PARITY;JUN28=SERIES_FORWARD_CLUSTER,AUG26=7747.35;SEP26=7748.5;OCT26=7813;NOV26=7808.25;DEC26=7876.5;JUN27=8015.25;APR27=7959.5;MAR27=7945.5;FEB27=7879.75;JAN27=7881;MAY27=7963.25;JUL27=8043.875;SEP27=8077.25;AUG27=8051.75;DEC29=8676.5;DEC27=8103.75;MAR28=8179;DEC28=8373.25;DEC30=9151.75;JUN28=6427.25,NONE,WEIGHTED_ATM,2026-08-21,7,600,0.0,NONE,11513,11041,471,0,0,RTM,MDW;MMW;MRW;MTW,OK,NONE,NONE,2026-08-11
SPX,7455.0,-2467469.8792482596,4.130683604823222,0.0,0.0,0.0,0.0,0.0,0.0,7800.932309330873,7693.767690669128,7854.514618661745,7640.185381338256,SEP26,AUG26,2026-08-12,2026-09-18,7747.35,7705.975053873443,FOUND,WARN,UNKNOWN_SERIES;ESTIMATED_EXPIRY_ALIAS,2026-08-02.2,PUT_CALL_PARITY,AUG26,AUG26=PUT_CALL_PARITY;SEP26=PUT_CALL_PARITY;OCT26=PUT_CALL_PARITY;NOV26=PUT_CALL_PARITY;DEC26=PUT_CALL_PARITY;JUN27=PUT_CALL_PARITY;APR27=PUT_CALL_PARITY;MAR27=PUT_CALL_PARITY;FEB27=PUT_CALL_PARITY;JAN27=PUT_CALL_PARITY;MAY27=PUT_CALL_PARITY;JUL27=PUT_CALL_PARITY;SEP27=PUT_CALL_PARITY;AUG27=PUT_CALL_PARITY;DEC29=PUT_CALL_PARITY;DEC27=PUT_CALL_PARITY;MAR28=PUT_CALL_PARITY;DEC28=PUT_CALL_PARITY;DEC30=PUT_CALL_PARITY;JUN28=SERIES_FORWARD_CLUSTER,AUG26=7747.35;SEP26=7748.5;OCT26=7813;NOV26=7808.25;DEC26=7876.5;JUN27=8015.25;APR27=7959.5;MAR27=7945.5;FEB27=7879.75;JAN27=7881;MAY27=7963.25;JUL27=8043.875;SEP27=8077.25;AUG27=8051.75;DEC29=8676.5;DEC27=8103.75;MAR28=8179;DEC28=8373.25;DEC30=9151.75;JUN28=6427.25,NONE,WEIGHTED_ATM,2026-08-21,7,600,0.0,NONE,11513,11041,471,0,0,RTM,MDW;MMW;MRW;MTW,OK,NONE,NONE,2026-08-11
SPX,7460.0,-23353800.607070297,48.32678660926119,0.0,0.0,0.0,0.0,0.0,0.0,7800.932309330873,7693.767690669128,7854.514618661745,7640.185381338256,SEP26,AUG26,2026-08-12,2026-09-18,7747.35,7705.975053873443,FOUND,WARN,UNKNOWN_SERIES;ESTIMATED_EXPIRY_ALIAS,2026-08-02.2,PUT_CALL_PARITY,AUG26,AUG26=PUT_CALL_PARITY;SEP26=PUT_CALL_PARITY;OCT26=PUT_CALL_PARITY;NOV26=PUT_CALL_PARITY;DEC26=PUT_CALL_PARITY;JUN27=PUT_CALL_PARITY;APR27=PUT_CALL_PARITY;MAR27=PUT_CALL_PARITY;FEB27=PUT_CALL_PARITY;JAN27=PUT_CALL_PARITY;MAY27=PUT_CALL_PARITY;JUL27=PUT_CALL_PARITY;SEP27=PUT_CALL_PARITY;AUG27=PUT_CALL_PARITY;DEC29=PUT_CALL_PARITY;DEC27=PUT_CALL_PARITY;MAR28=PUT_CALL_PARITY;DEC28=PUT_CALL_PARITY;DEC30=PUT_CALL_PARITY;JUN28=SERIES_FORWARD_CLUSTER,AUG26=7747.35;SEP26=7748.5;OCT26=7813;NOV26=7808.25;DEC26=7876.5;JUN27=8015.25;APR27=7959.5;MAR27=7945.5;FEB27=7879.75;JAN27=7881;MAY27=7963.25;JUL27=8043.875;SEP27=8077.25;AUG27=8051.75;DEC29=8676.5;DEC27=8103.75;MAR28=8179;DEC28=8373.25;DEC30=9151.75;JUN28=6427.25,NONE,WEIGHTED_ATM,2026-08-21,7,600,0.0,NONE,11513,11041,471,0,0,RTM,MDW;MMW;MRW;MTW,OK,NONE,NONE,2026-08-11
SPX,7465.0,-1938759.0273864164,3.2843661901574652,0.0,0.0,0.0,0.0,0.0,0.0,7800.932309330873,7693.767690669128,7854.514618661745,7640.185381338256,SEP26,AUG26,2026-08-12,2026-09-18,7747.35,7705.975053873443,FOUND,WARN,UNKNOWN_SERIES;ESTIMATED_EXPIRY_ALIAS,2026-08-02.2,PUT_CALL_PARITY,AUG26,AUG26=PUT_CALL_PARITY;SEP26=PUT_CALL_PARITY;OCT26=PUT_CALL_PARITY;NOV26=PUT_CALL_PARITY;DEC26=PUT_CALL_PARITY;JUN27=PUT_CALL_PARITY;APR27=PUT_CALL_PARITY;MAR27=PUT_CALL_PARITY;FEB27=PUT_CALL_PARITY;JAN27=PUT_CALL_PARITY;MAY27=PUT_CALL_PARITY;JUL27=PUT_CALL_PARITY;SEP27=PUT_CALL_PARITY;AUG27=PUT_CALL_PARITY;DEC29=PUT_CALL_PARITY;DEC27=PUT_CALL_PARITY;MAR28=PUT_CALL_PARITY;DEC28=PUT_CALL_PARITY;DEC30=PUT_CALL_PARITY;JUN28=SERIES_FORWARD_CLUSTER,AUG26=7747.35;SEP26=7748.5;OCT26=7813;NOV26=7808.25;DEC26=7876.5;JUN27=8015.25;APR27=7959.5;MAR27=7945.5;FEB27=7879.75;JAN27=7881;MAY27=7963.25;JUL27=8043.875;SEP27=8077.25;AUG27=8051.75;DEC29=8676.5;DEC27=8103.75;MAR28=8179;DEC28=8373.25;DEC30=9151.75;JUN28=6427.25,NONE,WEIGHTED_ATM,2026-08-21,7,600,0.0,NONE,11513,11041,471,0,0,RTM,MDW;MMW;MRW;MTW,OK,NONE,NONE,2026-08-11
SPX,7470.0,-25714232.301679604,60.97037483876053,0.0,0.0,0.0,0.0,0.0,0.0,7800.932309330873,7693.767690669128,7854.514618661745,7640.185381338256,SEP26,AUG26,2026-08-12,2026-09-18,7747.35,7705.975053873443,FOUND,WARN,UNKNOWN_SERIES;ESTIMATED_EXPIRY_ALIAS,2026-08-02.2,PUT_CALL_PARITY,AUG26,AUG26=PUT_CALL_PARITY;SEP26=PUT_CALL_PARITY;OCT26=PUT_CALL_PARITY;NOV26=PUT_CALL_PARITY;DEC26=PUT_CALL_PARITY;JUN27=PUT_CALL_PARITY;APR27=PUT_CALL_PARITY;MAR27=PUT_CALL_PARITY;FEB27=PUT_CALL_PARITY;JAN27=PUT_CALL_PARITY;MAY27=PUT_CALL_PARITY;JUL27=PUT_CALL_PARITY;SEP27=PUT_CALL_PARITY;AUG27=PUT_CALL_PARITY;DEC29=PUT_CALL_PARITY;DEC27=PUT_CALL_PARITY;MAR28=PUT_CALL_PARITY;DEC28=PUT_CALL_PARITY;DEC30=PUT_CALL_PARITY;JUN28=SERIES_FORWARD_CLUSTER,AUG26=7747.35;SEP26=7748.5;OCT26=7813;NOV26=7808.25;DEC26=7876.5;JUN27=8015.25;APR27=7959.5;MAR27=7945.5;FEB27=7879.75;JAN27=7881;MAY27=7963.25;JUL27=8043.875;SEP27=8077.25;AUG27=8051.75;DEC29=8676.5;DEC27=8103.75;MAR28=8179;DEC28=8373.25;DEC30=9151.75;JUN28=6427.25,NONE,WEIGHTED_ATM,2026-08-21,7,600,0.0,NONE,11513,11041,471,0,0,RTM,MDW;MMW;MRW;MTW,OK,NONE,NONE,2026-08-11
SPX,7475.0,-90788627.95097461,510.3554201405147,0.0,0.0,0.0,0.0,0.0,0.0,7800.932309330873,7693.767690669128,7854.514618661745,7640.185381338256,SEP26,AUG26,2026-08-12,2026-09-18,7747.35,7705.975053873443,FOUND,WARN,UNKNOWN_SERIES;ESTIMATED_EXPIRY_ALIAS,2026-08-02.2,PUT_CALL_PARITY,AUG26,AUG26=PUT_CALL_PARITY;SEP26=PUT_CALL_PARITY;OCT26=PUT_CALL_PARITY;NOV26=PUT_CALL_PARITY;DEC26=PUT_CALL_PARITY;JUN27=PUT_CALL_PARITY;APR27=PUT_CALL_PARITY;MAR27=PUT_CALL_PARITY;FEB27=PUT_CALL_PARITY;JAN27=PUT_CALL_PARITY;MAY27=PUT_CALL_PARITY;JUL27=PUT_CALL_PARITY;SEP27=PUT_CALL_PARITY;AUG27=PUT_CALL_PARITY;DEC29=PUT_CALL_PARITY;DEC27=PUT_CALL_PARITY;MAR28=PUT_CALL_PARITY;DEC28=PUT_CALL_PARITY;DEC30=PUT_CALL_PARITY;JUN28=SERIES_FORWARD_CLUSTER,AUG26=7747.35;SEP26=7748.5;OCT26=7813;NOV26=7808.25;DEC26=7876.5;JUN27=8015.25;APR27=7959.5;MAR27=7945.5;FEB27=7879.75;JAN27=7881;MAY27=7963.25;JUL27=8043.875;SEP27=8077.25;AUG27=8051.75;DEC29=8676.5;DEC27=8103.75;MAR28=8179;DEC28=8373.25;DEC30=9151.75;JUN28=6427.25,NONE,WEIGHTED_ATM,2026-08-21,7,600,0.0,NONE,11513,11041,471,0,0,RTM,MDW;MMW;MRW;MTW,OK,NONE,NONE,2026-08-11
SPX,7480.0,-27564964.152708422,76.8810061696372,0.0,0.0,0.0,0.0,0.0,0.0,7800.932309330873,7693.767690669128,7854.514618661745,7640.185381338256,SEP26,AUG26,2026-08-12,2026-09-18,7747.35,7705.975053873443,FOUND,WARN,UNKNOWN_SERIES;ESTIMATED_EXPIRY_ALIAS,2026-08-02.2,PUT_CALL_PARITY,AUG26,AUG26=PUT_CALL_PARITY;SEP26=PUT_CALL_PARITY;OCT26=PUT_CALL_PARITY;NOV26=PUT_CALL_PARITY;DEC26=PUT_CALL_PARITY;JUN27=PUT_CALL_PARITY;APR27=PUT_CALL_PARITY;MAR27=PUT_CALL_PARITY;FEB27=PUT_CALL_PARITY;JAN27=PUT_CALL_PARITY;MAY27=PUT_CALL_PARITY;JUL27=PUT_CALL_PARITY;SEP27=PUT_CALL_PARITY;AUG27=PUT_CALL_PARITY;DEC29=PUT_CALL_PARITY;DEC27=PUT_CALL_PARITY;MAR28=PUT_CALL_PARITY;DEC28=PUT_CALL_PARITY;DEC30=PUT_CALL_PARITY;JUN28=SERIES_FORWARD_CLUSTER,AUG26=7747.35;SEP26=7748.5;OCT26=7813;NOV26=7808.25;DEC26=7876.5;JUN27=8015.25;APR27=7959.5;MAR27=7945.5;FEB27=7879.75;JAN27=7881;MAY27=7963.25;JUL27=8043.875;SEP27=8077.25;AUG27=8051.75;DEC29=8676.5;DEC27=8103.75;MAR28=8179;DEC28=8373.25;DEC30=9151.75;JUN28=6427.25,NONE,WEIGHTED_ATM,2026-08-21,7,600,0.0,NONE,11513,11041,471,0,0,RTM,MDW;MMW;MRW;MTW,OK,NONE,NONE,2026-08-11
SPX,7485.0,-2815816.230759482,4.793176190170577,0.0,0.0,0.0,0.0,0.0,0.0,7800.932309330873,7693.767690669128,7854.514618661745,7640.185381338256,SEP26,AUG26,2026-08-12,2026-09-18,7747.35,7705.975053873443,FOUND,WARN,UNKNOWN_SERIES;ESTIMATED_EXPIRY_ALIAS,2026-08-02.2,PUT_CALL_PARITY,AUG26,AUG26=PUT_CALL_PARITY;SEP26=PUT_CALL_PARITY;OCT26=PUT_CALL_PARITY;NOV26=PUT_CALL_PARITY;DEC26=PUT_CALL_PARITY;JUN27=PUT_CALL_PARITY;APR27=PUT_CALL_PARITY;MAR27=PUT_CALL_PARITY;FEB27=PUT_CALL_PARITY;JAN27=PUT_CALL_PARITY;MAY27=PUT_CALL_PARITY;JUL27=PUT_CALL_PARITY;SEP27=PUT_CALL_PARITY;AUG27=PUT_CALL_PARITY;DEC29=PUT_CALL_PARITY;DEC27=PUT_CALL_PARITY;MAR28=PUT_CALL_PARITY;DEC28=PUT_CALL_PARITY;DEC30=PUT_CALL_PARITY;JUN28=SERIES_FORWARD_CLUSTER,AUG26=7747.35;SEP26=7748.5;OCT26=7813;NOV26=7808.25;DEC26=7876.5;JUN27=8015.25;APR27=7959.5;MAR27=7945.5;FEB27=7879.75;JAN27=7881;MAY27=7963.25;JUL27=8043.875;SEP27=8077.25;AUG27=8051.75;DEC29=8676.5;DEC27=8103.75;MAR28=8179;DEC28=8373.25;DEC30=9151.75;JUN28=6427.25,NONE,WEIGHTED_ATM,2026-08-21,7,600,0.0,NONE,11513,11041,471,0,0,RTM,MDW;MMW;MRW;MTW,OK,NONE,NONE,2026-08-11
SPX,7490.0,-11926908.049638733,62.018874694523646,0.0,0.0,0.0,0.0,0.0,0.0,7800.932309330873,7693.767690669128,7854.514618661745,7640.185381338256,SEP26,AUG26,2026-08-12,2026-09-18,7747.35,7705.975053873443,FOUND,WARN,UNKNOWN_SERIES;ESTIMATED_EXPIRY_ALIAS,2026-08-02.2,PUT_CALL_PARITY,AUG26,AUG26=PUT_CALL_PARITY;SEP26=PUT_CALL_PARITY;OCT26=PUT_CALL_PARITY;NOV26=PUT_CALL_PARITY;DEC26=PUT_CALL_PARITY;JUN27=PUT_CALL_PARITY;APR27=PUT_CALL_PARITY;MAR27=PUT_CALL_PARITY;FEB27=PUT_CALL_PARITY;JAN27=PUT_CALL_PARITY;MAY27=PUT_CALL_PARITY;JUL27=PUT_CALL_PARITY;SEP27=PUT_CALL_PARITY;AUG27=PUT_CALL_PARITY;DEC29=PUT_CALL_PARITY;DEC27=PUT_CALL_PARITY;MAR28=PUT_CALL_PARITY;DEC28=PUT_CALL_PARITY;DEC30=PUT_CALL_PARITY;JUN28=SERIES_FORWARD_CLUSTER,AUG26=7747.35;SEP26=7748.5;OCT26=7813;NOV26=7808.25;DEC26=7876.5;JUN27=8015.25;APR27=7959.5;MAR27=7945.5;FEB27=7879.75;JAN27=7881;MAY27=7963.25;JUL27=8043.875;SEP27=8077.25;AUG27=8051.75;DEC29=8676.5;DEC27=8103.75;MAR28=8179;DEC28=8373.25;DEC30=9151.75;JUN28=6427.25,NONE,WEIGHTED_ATM,2026-08-21,7,600,0.0,NONE,11513,11041,471,0,0,RTM,MDW;MMW;MRW;MTW,OK,NONE,NONE,2026-08-11
SPX,7495.0,-1244525.00206804,2.148273851640523,0.0,0.0,0.0,0.0,0.0,0.0,7800.932309330873,7693.767690669128,7854.514618661745,7640.185381338256,SEP26,AUG26,2026-08-12,2026-09-18,7747.35,7705.975053873443,FOUND,WARN,UNKNOWN_SERIES;ESTIMATED_EXPIRY_ALIAS,2026-08-02.2,PUT_CALL_PARITY,AUG26,AUG26=PUT_CALL_PARITY;SEP26=PUT_CALL_PARITY;OCT26=PUT_CALL_PARITY;NOV26=PUT_CALL_PARITY;DEC26=PUT_CALL_PARITY;JUN27=PUT_CALL_PARITY;APR27=PUT_CALL_PARITY;MAR27=PUT_CALL_PARITY;FEB27=PUT_CALL_PARITY;JAN27=PUT_CALL_PARITY;MAY27=PUT_CALL_PARITY;JUL27=PUT_CALL_PARITY;SEP27=PUT_CALL_PARITY;AUG27=PUT_CALL_PARITY;DEC29=PUT_CALL_PARITY;DEC27=PUT_CALL_PARITY;MAR28=PUT_CALL_PARITY;DEC28=PUT_CALL_PARITY;DEC30=PUT_CALL_PARITY;JUN28=SERIES_FORWARD_CLUSTER,AUG26=7747.35;SEP26=7748.5;OCT26=7813;NOV26=7808.25;DEC26=7876.5;JUN27=8015.25;APR27=7959.5;MAR27=7945.5;FEB27=7879.75;JAN27=7881;MAY27=7963.25;JUL27=8043.875;SEP27=8077.25;AUG27=8051.75;DEC29=8676.5;DEC27=8103.75;MAR28=8179;DEC28=8373.25;DEC30=9151.75;JUN28=6427.25,NONE,WEIGHTED_ATM,2026-08-21,7,600,0.0,NONE,11513,11041,471,0,0,RTM,MDW;MMW;MRW;MTW,OK,NONE,NONE,2026-08-11
SPX,7500.0,-1139464971.0153913,3684.29070288762,0.0,0.0,0.0,0.0,0.0,0.0,7800.932309330873,7693.767690669128,7854.514618661745,7640.185381338256,SEP26,AUG26,2026-08-12,2026-09-18,7747.35,7705.975053873443,FOUND,WARN,UNKNOWN_SERIES;ESTIMATED_EXPIRY_ALIAS,2026-08-02.2,PUT_CALL_PARITY,AUG26,AUG26=PUT_CALL_PARITY;SEP26=PUT_CALL_PARITY;OCT26=PUT_CALL_PARITY;NOV26=PUT_CALL_PARITY;DEC26=PUT_CALL_PARITY;JUN27=PUT_CALL_PARITY;APR27=PUT_CALL_PARITY;MAR27=PUT_CALL_PARITY;FEB27=PUT_CALL_PARITY;JAN27=PUT_CALL_PARITY;MAY27=PUT_CALL_PARITY;JUL27=PUT_CALL_PARITY;SEP27=PUT_CALL_PARITY;AUG27=PUT_CALL_PARITY;DEC29=PUT_CALL_PARITY;DEC27=PUT_CALL_PARITY;MAR28=PUT_CALL_PARITY;DEC28=PUT_CALL_PARITY;DEC30=PUT_CALL_PARITY;JUN28=SERIES_FORWARD_CLUSTER,AUG26=7747.35;SEP26=7748.5;OCT26=7813;NOV26=7808.25;DEC26=7876.5;JUN27=8015.25;APR27=7959.5;MAR27=7945.5;FEB27=7879.75;JAN27=7881;MAY27=7963.25;JUL27=8043.875;SEP27=8077.25;AUG27=8051.75;DEC29=8676.5;DEC27=8103.75;MAR28=8179;DEC28=8373.25;DEC30=9151.75;JUN28=6427.25,NONE,WEIGHTED_ATM,2026-08-21,7,600,0.0,NONE,11513,11041,471,0,0,RTM,MDW;MMW;MRW;MTW,OK,NONE,NONE,2026-08-11
SPX,7505.0,-5649727.4954311345,9.477496989319231,0.0,0.0,0.0,0.0,0.0,0.0,7800.932309330873,7693.767690669128,7854.514618661745,7640.185381338256,SEP26,AUG26,2026-08-12,2026-09-18,7747.35,7705.975053873443,FOUND,WARN,UNKNOWN_SERIES;ESTIMATED_EXPIRY_ALIAS,2026-08-02.2,PUT_CALL_PARITY,AUG26,AUG26=PUT_CALL_PARITY;SEP26=PUT_CALL_PARITY;OCT26=PUT_CALL_PARITY;NOV26=PUT_CALL_PARITY;DEC26=PUT_CALL_PARITY;JUN27=PUT_CALL_PARITY;APR27=PUT_CALL_PARITY;MAR27=PUT_CALL_PARITY;FEB27=PUT_CALL_PARITY;JAN27=PUT_CALL_PARITY;MAY27=PUT_CALL_PARITY;JUL27=PUT_CALL_PARITY;SEP27=PUT_CALL_PARITY;AUG27=PUT_CALL_PARITY;DEC29=PUT_CALL_PARITY;DEC27=PUT_CALL_PARITY;MAR28=PUT_CALL_PARITY;DEC28=PUT_CALL_PARITY;DEC30=PUT_CALL_PARITY;JUN28=SERIES_FORWARD_CLUSTER,AUG26=7747.35;SEP26=7748.5;OCT26=7813;NOV26=7808.25;DEC26=7876.5;JUN27=8015.25;APR27=7959.5;MAR27=7945.5;FEB27=7879.75;JAN27=7881;MAY27=7963.25;JUL27=8043.875;SEP27=8077.25;AUG27=8051.75;DEC29=8676.5;DEC27=8103.75;MAR28=8179;DEC28=8373.25;DEC30=9151.75;JUN28=6427.25,NONE,WEIGHTED_ATM,2026-08-21,7,600,0.0,NONE,11513,11041,471,0,0,RTM,MDW;MMW;MRW;MTW,OK,NONE,NONE,2026-08-11
SPX,7510.0,-37293813.097257175,96.31376118686046,0.0,0.0,0.0,0.0,0.0,0.0,7800.932309330873,7693.767690669128,7854.514618661745,7640.185381338256,SEP26,AUG26,2026-08-12,2026-09-18,7747.35,7705.975053873443,FOUND,WARN,UNKNOWN_SERIES;ESTIMATED_EXPIRY_ALIAS,2026-08-02.2,PUT_CALL_PARITY,AUG26,AUG26=PUT_CALL_PARITY;SEP26=PUT_CALL_PARITY;OCT26=PUT_CALL_PARITY;NOV26=PUT_CALL_PARITY;DEC26=PUT_CALL_PARITY;JUN27=PUT_CALL_PARITY;APR27=PUT_CALL_PARITY;MAR27=PUT_CALL_PARITY;FEB27=PUT_CALL_PARITY;JAN27=PUT_CALL_PARITY;MAY27=PUT_CALL_PARITY;JUL27=PUT_CALL_PARITY;SEP27=PUT_CALL_PARITY;AUG27=PUT_CALL_PARITY;DEC29=PUT_CALL_PARITY;DEC27=PUT_CALL_PARITY;MAR28=PUT_CALL_PARITY;DEC28=PUT_CALL_PARITY;DEC30=PUT_CALL_PARITY;JUN28=SERIES_FORWARD_CLUSTER,AUG26=7747.35;SEP26=7748.5;OCT26=7813;NOV26=7808.25;DEC26=7876.5;JUN27=8015.25;APR27=7959.5;MAR27=7945.5;FEB27=7879.75;JAN27=7881;MAY27=7963.25;JUL27=8043.875;SEP27=8077.25;AUG27=8051.75;DEC29=8676.5;DEC27=8103.75;MAR28=8179;DEC28=8373.25;DEC30=9151.75;JUN28=6427.25,NONE,WEIGHTED_ATM,2026-08-21,7,600,0.0,NONE,11513,11041,471,0,0,RTM,MDW;MMW;MRW;MTW,OK,NONE,NONE,2026-08-11
SPX,7515.0,-4963520.207491188,8.494077109429327,0.0,0.0,0.0,0.0,0.0,0.0,7800.932309330873,7693.767690669128,7854.514618661745,7640.185381338256,SEP26,AUG26,2026-08-12,2026-09-18,7747.35,7705.975053873443,FOUND,WARN,UNKNOWN_SERIES;ESTIMATED_EXPIRY_ALIAS,2026-08-02.2,PUT_CALL_PARITY,AUG26,AUG26=PUT_CALL_PARITY;SEP26=PUT_CALL_PARITY;OCT26=PUT_CALL_PARITY;NOV26=PUT_CALL_PARITY;DEC26=PUT_CALL_PARITY;JUN27=PUT_CALL_PARITY;APR27=PUT_CALL_PARITY;MAR27=PUT_CALL_PARITY;FEB27=PUT_CALL_PARITY;JAN27=PUT_CALL_PARITY;MAY27=PUT_CALL_PARITY;JUL27=PUT_CALL_PARITY;SEP27=PUT_CALL_PARITY;AUG27=PUT_CALL_PARITY;DEC29=PUT_CALL_PARITY;DEC27=PUT_CALL_PARITY;MAR28=PUT_CALL_PARITY;DEC28=PUT_CALL_PARITY;DEC30=PUT_CALL_PARITY;JUN28=SERIES_FORWARD_CLUSTER,AUG26=7747.35;SEP26=7748.5;OCT26=7813;NOV26=7808.25;DEC26=7876.5;JUN27=8015.25;APR27=7959.5;MAR27=7945.5;FEB27=7879.75;JAN27=7881;MAY27=7963.25;JUL27=8043.875;SEP27=8077.25;AUG27=8051.75;DEC29=8676.5;DEC27=8103.75;MAR28=8179;DEC28=8373.25;DEC30=9151.75;JUN28=6427.25,NONE,WEIGHTED_ATM,2026-08-21,7,600,0.0,NONE,11513,11041,471,0,0,RTM,MDW;MMW;MRW;MTW,OK,NONE,NONE,2026-08-11
SPX,7520.0,-24678221.175632734,123.02465645385438,0.0,0.0,0.0,0.0,0.0,0.0,7800.932309330873,7693.767690669128,7854.514618661745,7640.185381338256,SEP26,AUG26,2026-08-12,2026-09-18,7747.35,7705.975053873443,FOUND,WARN,UNKNOWN_SERIES;ESTIMATED_EXPIRY_ALIAS,2026-08-02.2,PUT_CALL_PARITY,AUG26,AUG26=PUT_CALL_PARITY;SEP26=PUT_CALL_PARITY;OCT26=PUT_CALL_PARITY;NOV26=PUT_CALL_PARITY;DEC26=PUT_CALL_PARITY;JUN27=PUT_CALL_PARITY;APR27=PUT_CALL_PARITY;MAR27=PUT_CALL_PARITY;FEB27=PUT_CALL_PARITY;JAN27=PUT_CALL_PARITY;MAY27=PUT_CALL_PARITY;JUL27=PUT_CALL_PARITY;SEP27=PUT_CALL_PARITY;AUG27=PUT_CALL_PARITY;DEC29=PUT_CALL_PARITY;DEC27=PUT_CALL_PARITY;MAR28=PUT_CALL_PARITY;DEC28=PUT_CALL_PARITY;DEC30=PUT_CALL_PARITY;JUN28=SERIES_FORWARD_CLUSTER,AUG26=7747.35;SEP26=7748.5;OCT26=7813;NOV26=7808.25;DEC26=7876.5;JUN27=8015.25;APR27=7959.5;MAR27=7945.5;FEB27=7879.75;JAN27=7881;MAY27=7963.25;JUL27=8043.875;SEP27=8077.25;AUG27=8051.75;DEC29=8676.5;DEC27=8103.75;MAR28=8179;DEC28=8373.25;DEC30=9151.75;JUN28=6427.25,NONE,WEIGHTED_ATM,2026-08-21,7,600,0.0,NONE,11513,11041,471,0,0,RTM,MDW;MMW;MRW;MTW,OK,NONE,NONE,2026-08-11
SPX,7525.0,-172774606.18893746,1038.2442890793834,0.0,0.0,0.0,0.0,0.0,0.0,7800.932309330873,7693.767690669128,7854.514618661745,7640.185381338256,SEP26,AUG26,2026-08-12,2026-09-18,7747.35,7705.975053873443,FOUND,WARN,UNKNOWN_SERIES;ESTIMATED_EXPIRY_ALIAS,2026-08-02.2,PUT_CALL_PARITY,AUG26,AUG26=PUT_CALL_PARITY;SEP26=PUT_CALL_PARITY;OCT26=PUT_CALL_PARITY;NOV26=PUT_CALL_PARITY;DEC26=PUT_CALL_PARITY;JUN27=PUT_CALL_PARITY;APR27=PUT_CALL_PARITY;MAR27=PUT_CALL_PARITY;FEB27=PUT_CALL_PARITY;JAN27=PUT_CALL_PARITY;MAY27=PUT_CALL_PARITY;JUL27=PUT_CALL_PARITY;SEP27=PUT_CALL_PARITY;AUG27=PUT_CALL_PARITY;DEC29=PUT_CALL_PARITY;DEC27=PUT_CALL_PARITY;MAR28=PUT_CALL_PARITY;DEC28=PUT_CALL_PARITY;DEC30=PUT_CALL_PARITY;JUN28=SERIES_FORWARD_CLUSTER,AUG26=7747.35;SEP26=7748.5;OCT26=7813;NOV26=7808.25;DEC26=7876.5;JUN27=8015.25;APR27=7959.5;MAR27=7945.5;FEB27=7879.75;JAN27=7881;MAY27=7963.25;JUL27=8043.875;SEP27=8077.25;AUG27=8051.75;DEC29=8676.5;DEC27=8103.75;MAR28=8179;DEC28=8373.25;DEC30=9151.75;JUN28=6427.25,NONE,WEIGHTED_ATM,2026-08-21,7,600,0.0,NONE,11513,11041,471,0,0,RTM,MDW;MMW;MRW;MTW,OK,NONE,NONE,2026-08-11
SPX,7530.0,-30559267.851665523,102.205881455127,0.0,0.0,0.0,0.0,0.0,0.0,7800.932309330873,7693.767690669128,7854.514618661745,7640.185381338256,SEP26,AUG26,2026-08-12,2026-09-18,7747.35,7705.975053873443,FOUND,WARN,UNKNOWN_SERIES;ESTIMATED_EXPIRY_ALIAS,2026-08-02.2,PUT_CALL_PARITY,AUG26,AUG26=PUT_CALL_PARITY;SEP26=PUT_CALL_PARITY;OCT26=PUT_CALL_PARITY;NOV26=PUT_CALL_PARITY;DEC26=PUT_CALL_PARITY;JUN27=PUT_CALL_PARITY;APR27=PUT_CALL_PARITY;MAR27=PUT_CALL_PARITY;FEB27=PUT_CALL_PARITY;JAN27=PUT_CALL_PARITY;MAY27=PUT_CALL_PARITY;JUL27=PUT_CALL_PARITY;SEP27=PUT_CALL_PARITY;AUG27=PUT_CALL_PARITY;DEC29=PUT_CALL_PARITY;DEC27=PUT_CALL_PARITY;MAR28=PUT_CALL_PARITY;DEC28=PUT_CALL_PARITY;DEC30=PUT_CALL_PARITY;JUN28=SERIES_FORWARD_CLUSTER,AUG26=7747.35;SEP26=7748.5;OCT26=7813;NOV26=7808.25;DEC26=7876.5;JUN27=8015.25;APR27=7959.5;MAR27=7945.5;FEB27=7879.75;JAN27=7881;MAY27=7963.25;JUL27=8043.875;SEP27=8077.25;AUG27=8051.75;DEC29=8676.5;DEC27=8103.75;MAR28=8179;DEC28=8373.25;DEC30=9151.75;JUN28=6427.25,NONE,WEIGHTED_ATM,2026-08-21,7,600,0.0,NONE,11513,11041,471,0,0,RTM,MDW;MMW;MRW;MTW,OK,NONE,NONE,2026-08-11
SPX,7535.0,-11475456.416372072,19.239951253777313,0.0,0.0,0.0,0.0,0.0,0.0,7800.932309330873,7693.767690669128,7854.514618661745,7640.185381338256,SEP26,AUG26,2026-08-12,2026-09-18,7747.35,7705.975053873443,FOUND,WARN,UNKNOWN_SERIES;ESTIMATED_EXPIRY_ALIAS,2026-08-02.2,PUT_CALL_PARITY,AUG26,AUG26=PUT_CALL_PARITY;SEP26=PUT_CALL_PARITY;OCT26=PUT_CALL_PARITY;NOV26=PUT_CALL_PARITY;DEC26=PUT_CALL_PARITY;JUN27=PUT_CALL_PARITY;APR27=PUT_CALL_PARITY;MAR27=PUT_CALL_PARITY;FEB27=PUT_CALL_PARITY;JAN27=PUT_CALL_PARITY;MAY27=PUT_CALL_PARITY;JUL27=PUT_CALL_PARITY;SEP27=PUT_CALL_PARITY;AUG27=PUT_CALL_PARITY;DEC29=PUT_CALL_PARITY;DEC27=PUT_CALL_PARITY;MAR28=PUT_CALL_PARITY;DEC28=PUT_CALL_PARITY;DEC30=PUT_CALL_PARITY;JUN28=SERIES_FORWARD_CLUSTER,AUG26=7747.35;SEP26=7748.5;OCT26=7813;NOV26=7808.25;DEC26=7876.5;JUN27=8015.25;APR27=7959.5;MAR27=7945.5;FEB27=7879.75;JAN27=7881;MAY27=7963.25;JUL27=8043.875;SEP27=8077.25;AUG27=8051.75;DEC29=8676.5;DEC27=8103.75;MAR28=8179;DEC28=8373.25;DEC30=9151.75;JUN28=6427.25,NONE,WEIGHTED_ATM,2026-08-21,7,600,0.0,NONE,11513,11041,471,0,0,RTM,MDW;MMW;MRW;MTW,OK,NONE,NONE,2026-08-11
SPX,7540.0,-30548444.294303738,123.70074969507274,0.0,0.0,0.0,0.0,0.0,0.0,7800.932309330873,7693.767690669128,7854.514618661745,7640.185381338256,SEP26,AUG26,2026-08-12,2026-09-18,7747.35,7705.975053873443,FOUND,WARN,UNKNOWN_SERIES;ESTIMATED_EXPIRY_ALIAS,2026-08-02.2,PUT_CALL_PARITY,AUG26,AUG26=PUT_CALL_PARITY;SEP26=PUT_CALL_PARITY;OCT26=PUT_CALL_PARITY;NOV26=PUT_CALL_PARITY;DEC26=PUT_CALL_PARITY;JUN27=PUT_CALL_PARITY;APR27=PUT_CALL_PARITY;MAR27=PUT_CALL_PARITY;FEB27=PUT_CALL_PARITY;JAN27=PUT_CALL_PARITY;MAY27=PUT_CALL_PARITY;JUL27=PUT_CALL_PARITY;SEP27=PUT_CALL_PARITY;AUG27=PUT_CALL_PARITY;DEC29=PUT_CALL_PARITY;DEC27=PUT_CALL_PARITY;MAR28=PUT_CALL_PARITY;DEC28=PUT_CALL_PARITY;DEC30=PUT_CALL_PARITY;JUN28=SERIES_FORWARD_CLUSTER,AUG26=7747.35;SEP26=7748.5;OCT26=7813;NOV26=7808.25;DEC26=7876.5;JUN27=8015.25;APR27=7959.5;MAR27=7945.5;FEB27=7879.75;JAN27=7881;MAY27=7963.25;JUL27=8043.875;SEP27=8077.25;AUG27=8051.75;DEC29=8676.5;DEC27=8103.75;MAR28=8179;DEC28=8373.25;DEC30=9151.75;JUN28=6427.25,NONE,WEIGHTED_ATM,2026-08-21,7,600,0.0,NONE,11513,11041,471,0,0,RTM,MDW;MMW;MRW;MTW,OK,NONE,NONE,2026-08-11
SPX,7545.0,-16822570.849455748,31.37532918575024,0.0,0.0,0.0,0.0,0.0,0.0,7800.932309330873,7693.767690669128,7854.514618661745,7640.185381338256,SEP26,AUG26,2026-08-12,2026-09-18,7747.35,7705.975053873443,FOUND,WARN,UNKNOWN_SERIES;ESTIMATED_EXPIRY_ALIAS,2026-08-02.2,PUT_CALL_PARITY,AUG26,AUG26=PUT_CALL_PARITY;SEP26=PUT_CALL_PARITY;OCT26=PUT_CALL_PARITY;NOV26=PUT_CALL_PARITY;DEC26=PUT_CALL_PARITY;JUN27=PUT_CALL_PARITY;APR27=PUT_CALL_PARITY;MAR27=PUT_CALL_PARITY;FEB27=PUT_CALL_PARITY;JAN27=PUT_CALL_PARITY;MAY27=PUT_CALL_PARITY;JUL27=PUT_CALL_PARITY;SEP27=PUT_CALL_PARITY;AUG27=PUT_CALL_PARITY;DEC29=PUT_CALL_PARITY;DEC27=PUT_CALL_PARITY;MAR28=PUT_CALL_PARITY;DEC28=PUT_CALL_PARITY;DEC30=PUT_CALL_PARITY;JUN28=SERIES_FORWARD_CLUSTER,AUG26=7747.35;SEP26=7748.5;OCT26=7813;NOV26=7808.25;DEC26=7876.5;JUN27=8015.25;APR27=7959.5;MAR27=7945.5;FEB27=7879.75;JAN27=7881;MAY27=7963.25;JUL27=8043.875;SEP27=8077.25;AUG27=8051.75;DEC29=8676.5;DEC27=8103.75;MAR28=8179;DEC28=8373.25;DEC30=9151.75;JUN28=6427.25,NONE,WEIGHTED_ATM,2026-08-21,7,600,0.0,NONE,11513,11041,471,0,0,RTM,MDW;MMW;MRW;MTW,OK,NONE,NONE,2026-08-11
SPX,7550.0,-941526347.2380376,3108.440843160707,0.0,0.0,0.0,0.0,0.0,0.0,7800.932309330873,7693.767690669128,7854.514618661745,7640.185381338256,SEP26,AUG26,2026-08-12,2026-09-18,7747.35,7705.975053873443,FOUND,WARN,UNKNOWN_SERIES;ESTIMATED_EXPIRY_ALIAS,2026-08-02.2,PUT_CALL_PARITY,AUG26,AUG26=PUT_CALL_PARITY;SEP26=PUT_CALL_PARITY;OCT26=PUT_CALL_PARITY;NOV26=PUT_CALL_PARITY;DEC26=PUT_CALL_PARITY;JUN27=PUT_CALL_PARITY;APR27=PUT_CALL_PARITY;MAR27=PUT_CALL_PARITY;FEB27=PUT_CALL_PARITY;JAN27=PUT_CALL_PARITY;MAY27=PUT_CALL_PARITY;JUL27=PUT_CALL_PARITY;SEP27=PUT_CALL_PARITY;AUG27=PUT_CALL_PARITY;DEC29=PUT_CALL_PARITY;DEC27=PUT_CALL_PARITY;MAR28=PUT_CALL_PARITY;DEC28=PUT_CALL_PARITY;DEC30=PUT_CALL_PARITY;JUN28=SERIES_FORWARD_CLUSTER,AUG26=7747.35;SEP26=7748.5;OCT26=7813;NOV26=7808.25;DEC26=7876.5;JUN27=8015.25;APR27=7959.5;MAR27=7945.5;FEB27=7879.75;JAN27=7881;MAY27=7963.25;JUL27=8043.875;SEP27=8077.25;AUG27=8051.75;DEC29=8676.5;DEC27=8103.75;MAR28=8179;DEC28=8373.25;DEC30=9151.75;JUN28=6427.25,NONE,WEIGHTED_ATM,2026-08-21,7,600,0.0,NONE,11513,11041,471,0,0,RTM,MDW;MMW;MRW;MTW,OK,NONE,NONE,2026-08-11
SPX,7555.0,-8237706.393812681,14.057538038540704,0.0,0.0,0.0,0.0,0.0,0.0,7800.932309330873,7693.767690669128,7854.514618661745,7640.185381338256,SEP26,AUG26,2026-08-12,2026-09-18,7747.35,7705.975053873443,FOUND,WARN,UNKNOWN_SERIES;ESTIMATED_EXPIRY_ALIAS,2026-08-02.2,PUT_CALL_PARITY,AUG26,AUG26=PUT_CALL_PARITY;SEP26=PUT_CALL_PARITY;OCT26=PUT_CALL_PARITY;NOV26=PUT_CALL_PARITY;DEC26=PUT_CALL_PARITY;JUN27=PUT_CALL_PARITY;APR27=PUT_CALL_PARITY;MAR27=PUT_CALL_PARITY;FEB27=PUT_CALL_PARITY;JAN27=PUT_CALL_PARITY;MAY27=PUT_CALL_PARITY;JUL27=PUT_CALL_PARITY;SEP27=PUT_CALL_PARITY;AUG27=PUT_CALL_PARITY;DEC29=PUT_CALL_PARITY;DEC27=PUT_CALL_PARITY;MAR28=PUT_CALL_PARITY;DEC28=PUT_CALL_PARITY;DEC30=PUT_CALL_PARITY;JUN28=SERIES_FORWARD_CLUSTER,AUG26=7747.35;SEP26=7748.5;OCT26=7813;NOV26=7808.25;DEC26=7876.5;JUN27=8015.25;APR27=7959.5;MAR27=7945.5;FEB27=7879.75;JAN27=7881;MAY27=7963.25;JUL27=8043.875;SEP27=8077.25;AUG27=8051.75;DEC29=8676.5;DEC27=8103.75;MAR28=8179;DEC28=8373.25;DEC30=9151.75;JUN28=6427.25,NONE,WEIGHTED_ATM,2026-08-21,7,600,0.0,NONE,11513,11041,471,0,0,RTM,MDW;MMW;MRW;MTW,OK,NONE,NONE,2026-08-11
SPX,7560.0,-21727384.268504765,204.3097503368789,0.0,0.0,0.0,0.0,0.0,0.0,7800.932309330873,7693.767690669128,7854.514618661745,7640.185381338256,SEP26,AUG26,2026-08-12,2026-09-18,7747.35,7705.975053873443,FOUND,WARN,UNKNOWN_SERIES;ESTIMATED_EXPIRY_ALIAS,2026-08-02.2,PUT_CALL_PARITY,AUG26,AUG26=PUT_CALL_PARITY;SEP26=PUT_CALL_PARITY;OCT26=PUT_CALL_PARITY;NOV26=PUT_CALL_PARITY;DEC26=PUT_CALL_PARITY;JUN27=PUT_CALL_PARITY;APR27=PUT_CALL_PARITY;MAR27=PUT_CALL_PARITY;FEB27=PUT_CALL_PARITY;JAN27=PUT_CALL_PARITY;MAY27=PUT_CALL_PARITY;JUL27=PUT_CALL_PARITY;SEP27=PUT_CALL_PARITY;AUG27=PUT_CALL_PARITY;DEC29=PUT_CALL_PARITY;DEC27=PUT_CALL_PARITY;MAR28=PUT_CALL_PARITY;DEC28=PUT_CALL_PARITY;DEC30=PUT_CALL_PARITY;JUN28=SERIES_FORWARD_CLUSTER,AUG26=7747.35;SEP26=7748.5;OCT26=7813;NOV26=7808.25;DEC26=7876.5;JUN27=8015.25;APR27=7959.5;MAR27=7945.5;FEB27=7879.75;JAN27=7881;MAY27=7963.25;JUL27=8043.875;SEP27=8077.25;AUG27=8051.75;DEC29=8676.5;DEC27=8103.75;MAR28=8179;DEC28=8373.25;DEC30=9151.75;JUN28=6427.25,NONE,WEIGHTED_ATM,2026-08-21,7,600,0.0,NONE,11513,11041,471,0,0,RTM,MDW;MMW;MRW;MTW,OK,NONE,NONE,2026-08-11
SPX,7565.0,-10954004.835073542,18.651760383767805,0.0,0.0,0.0,0.0,0.0,0.0,7800.932309330873,7693.767690669128,7854.514618661745,7640.185381338256,SEP26,AUG26,2026-08-12,2026-09-18,7747.35,7705.975053873443,FOUND,WARN,UNKNOWN_SERIES;ESTIMATED_EXPIRY_ALIAS,2026-08-02.2,PUT_CALL_PARITY,AUG26,AUG26=PUT_CALL_PARITY;SEP26=PUT_CALL_PARITY;OCT26=PUT_CALL_PARITY;NOV26=PUT_CALL_PARITY;DEC26=PUT_CALL_PARITY;JUN27=PUT_CALL_PARITY;APR27=PUT_CALL_PARITY;MAR27=PUT_CALL_PARITY;FEB27=PUT_CALL_PARITY;JAN27=PUT_CALL_PARITY;MAY27=PUT_CALL_PARITY;JUL27=PUT_CALL_PARITY;SEP27=PUT_CALL_PARITY;AUG27=PUT_CALL_PARITY;DEC29=PUT_CALL_PARITY;DEC27=PUT_CALL_PARITY;MAR28=PUT_CALL_PARITY;DEC28=PUT_CALL_PARITY;DEC30=PUT_CALL_PARITY;JUN28=SERIES_FORWARD_CLUSTER,AUG26=7747.35;SEP26=7748.5;OCT26=7813;NOV26=7808.25;DEC26=7876.5;JUN27=8015.25;APR27=7959.5;MAR27=7945.5;FEB27=7879.75;JAN27=7881;MAY27=7963.25;JUL27=8043.875;SEP27=8077.25;AUG27=8051.75;DEC29=8676.5;DEC27=8103.75;MAR28=8179;DEC28=8373.25;DEC30=9151.75;JUN28=6427.25,NONE,WEIGHTED_ATM,2026-08-21,7,600,0.0,NONE,11513,11041,471,0,0,RTM,MDW;MMW;MRW;MTW,OK,NONE,NONE,2026-08-11
SPX,7570.0,-67479157.1164755,209.67481751770595,0.0,0.0,0.0,0.0,0.0,0.0,7800.932309330873,7693.767690669128,7854.514618661745,7640.185381338256,SEP26,AUG26,2026-08-12,2026-09-18,7747.35,7705.975053873443,FOUND,WARN,UNKNOWN_SERIES;ESTIMATED_EXPIRY_ALIAS,2026-08-02.2,PUT_CALL_PARITY,AUG26,AUG26=PUT_CALL_PARITY;SEP26=PUT_CALL_PARITY;OCT26=PUT_CALL_PARITY;NOV26=PUT_CALL_PARITY;DEC26=PUT_CALL_PARITY;JUN27=PUT_CALL_PARITY;APR27=PUT_CALL_PARITY;MAR27=PUT_CALL_PARITY;FEB27=PUT_CALL_PARITY;JAN27=PUT_CALL_PARITY;MAY27=PUT_CALL_PARITY;JUL27=PUT_CALL_PARITY;SEP27=PUT_CALL_PARITY;AUG27=PUT_CALL_PARITY;DEC29=PUT_CALL_PARITY;DEC27=PUT_CALL_PARITY;MAR28=PUT_CALL_PARITY;DEC28=PUT_CALL_PARITY;DEC30=PUT_CALL_PARITY;JUN28=SERIES_FORWARD_CLUSTER,AUG26=7747.35;SEP26=7748.5;OCT26=7813;NOV26=7808.25;DEC26=7876.5;JUN27=8015.25;APR27=7959.5;MAR27=7945.5;FEB27=7879.75;JAN27=7881;MAY27=7963.25;JUL27=8043.875;SEP27=8077.25;AUG27=8051.75;DEC29=8676.5;DEC27=8103.75;MAR28=8179;DEC28=8373.25;DEC30=9151.75;JUN28=6427.25,NONE,WEIGHTED_ATM,2026-08-21,7,600,0.0,NONE,11513,11041,471,0,0,RTM,MDW;MMW;MRW;MTW,OK,NONE,NONE,2026-08-11
SPX,7575.0,-212804278.6885159,877.9109823721551,0.0,0.0,0.0,0.0,0.0,0.0,7800.932309330873,7693.767690669128,7854.514618661745,7640.185381338256,SEP26,AUG26,2026-08-12,2026-09-18,7747.35,7705.975053873443,FOUND,WARN,UNKNOWN_SERIES;ESTIMATED_EXPIRY_ALIAS,2026-08-02.2,PUT_CALL_PARITY,AUG26,AUG26=PUT_CALL_PARITY;SEP26=PUT_CALL_PARITY;OCT26=PUT_CALL_PARITY;NOV26=PUT_CALL_PARITY;DEC26=PUT_CALL_PARITY;JUN27=PUT_CALL_PARITY;APR27=PUT_CALL_PARITY;MAR27=PUT_CALL_PARITY;FEB27=PUT_CALL_PARITY;JAN27=PUT_CALL_PARITY;MAY27=PUT_CALL_PARITY;JUL27=PUT_CALL_PARITY;SEP27=PUT_CALL_PARITY;AUG27=PUT_CALL_PARITY;DEC29=PUT_CALL_PARITY;DEC27=PUT_CALL_PARITY;MAR28=PUT_CALL_PARITY;DEC28=PUT_CALL_PARITY;DEC30=PUT_CALL_PARITY;JUN28=SERIES_FORWARD_CLUSTER,AUG26=7747.35;SEP26=7748.5;OCT26=7813;NOV26=7808.25;DEC26=7876.5;JUN27=8015.25;APR27=7959.5;MAR27=7945.5;FEB27=7879.75;JAN27=7881;MAY27=7963.25;JUL27=8043.875;SEP27=8077.25;AUG27=8051.75;DEC29=8676.5;DEC27=8103.75;MAR28=8179;DEC28=8373.25;DEC30=9151.75;JUN28=6427.25,NONE,WEIGHTED_ATM,2026-08-21,7,600,0.0,NONE,11513,11041,471,0,0,RTM,MDW;MMW;MRW;MTW,OK,NONE,NONE,2026-08-11
SPX,7580.0,-25895135.645780653,174.33221647372048,0.0,0.0,0.0,0.0,0.0,0.0,7800.932309330873,7693.767690669128,7854.514618661745,7640.185381338256,SEP26,AUG26,2026-08-12,2026-09-18,7747.35,7705.975053873443,FOUND,WARN,UNKNOWN_SERIES;ESTIMATED_EXPIRY_ALIAS,2026-08-02.2,PUT_CALL_PARITY,AUG26,AUG26=PUT_CALL_PARITY;SEP26=PUT_CALL_PARITY;OCT26=PUT_CALL_PARITY;NOV26=PUT_CALL_PARITY;DEC26=PUT_CALL_PARITY;JUN27=PUT_CALL_PARITY;APR27=PUT_CALL_PARITY;MAR27=PUT_CALL_PARITY;FEB27=PUT_CALL_PARITY;JAN27=PUT_CALL_PARITY;MAY27=PUT_CALL_PARITY;JUL27=PUT_CALL_PARITY;SEP27=PUT_CALL_PARITY;AUG27=PUT_CALL_PARITY;DEC29=PUT_CALL_PARITY;DEC27=PUT_CALL_PARITY;MAR28=PUT_CALL_PARITY;DEC28=PUT_CALL_PARITY;DEC30=PUT_CALL_PARITY;JUN28=SERIES_FORWARD_CLUSTER,AUG26=7747.35;SEP26=7748.5;OCT26=7813;NOV26=7808.25;DEC26=7876.5;JUN27=8015.25;APR27=7959.5;MAR27=7945.5;FEB27=7879.75;JAN27=7881;MAY27=7963.25;JUL27=8043.875;SEP27=8077.25;AUG27=8051.75;DEC29=8676.5;DEC27=8103.75;MAR28=8179;DEC28=8373.25;DEC30=9151.75;JUN28=6427.25,NONE,WEIGHTED_ATM,2026-08-21,7,600,0.0,NONE,11513,11041,471,0,0,RTM,MDW;MMW;MRW;MTW,OK,NONE,NONE,2026-08-11
SPX,7585.0,-16699111.132772123,29.844253731862164,0.0,0.0,0.0,0.0,0.0,0.0,7800.932309330873,7693.767690669128,7854.514618661745,7640.185381338256,SEP26,AUG26,2026-08-12,2026-09-18,7747.35,7705.975053873443,FOUND,WARN,UNKNOWN_SERIES;ESTIMATED_EXPIRY_ALIAS,2026-08-02.2,PUT_CALL_PARITY,AUG26,AUG26=PUT_CALL_PARITY;SEP26=PUT_CALL_PARITY;OCT26=PUT_CALL_PARITY;NOV26=PUT_CALL_PARITY;DEC26=PUT_CALL_PARITY;JUN27=PUT_CALL_PARITY;APR27=PUT_CALL_PARITY;MAR27=PUT_CALL_PARITY;FEB27=PUT_CALL_PARITY;JAN27=PUT_CALL_PARITY;MAY27=PUT_CALL_PARITY;JUL27=PUT_CALL_PARITY;SEP27=PUT_CALL_PARITY;AUG27=PUT_CALL_PARITY;DEC29=PUT_CALL_PARITY;DEC27=PUT_CALL_PARITY;MAR28=PUT_CALL_PARITY;DEC28=PUT_CALL_PARITY;DEC30=PUT_CALL_PARITY;JUN28=SERIES_FORWARD_CLUSTER,AUG26=7747.35;SEP26=7748.5;OCT26=7813;NOV26=7808.25;DEC26=7876.5;JUN27=8015.25;APR27=7959.5;MAR27=7945.5;FEB27=7879.75;JAN27=7881;MAY27=7963.25;JUL27=8043.875;SEP27=8077.25;AUG27=8051.75;DEC29=8676.5;DEC27=8103.75;MAR28=8179;DEC28=8373.25;DEC30=9151.75;JUN28=6427.25,NONE,WEIGHTED_ATM,2026-08-21,7,600,0.0,NONE,11513,11041,471,0,0,RTM,MDW;MMW;MRW;MTW,OK,NONE,NONE,2026-08-11
SPX,7590.0,-38946876.86750149,183.054963949357,0.0,0.0,0.0,0.0,0.0,0.0,7800.932309330873,7693.767690669128,7854.514618661745,7640.185381338256,SEP26,AUG26,2026-08-12,2026-09-18,7747.35,7705.975053873443,FOUND,WARN,UNKNOWN_SERIES;ESTIMATED_EXPIRY_ALIAS,2026-08-02.2,PUT_CALL_PARITY,AUG26,AUG26=PUT_CALL_PARITY;SEP26=PUT_CALL_PARITY;OCT26=PUT_CALL_PARITY;NOV26=PUT_CALL_PARITY;DEC26=PUT_CALL_PARITY;JUN27=PUT_CALL_PARITY;APR27=PUT_CALL_PARITY;MAR27=PUT_CALL_PARITY;FEB27=PUT_CALL_PARITY;JAN27=PUT_CALL_PARITY;MAY27=PUT_CALL_PARITY;JUL27=PUT_CALL_PARITY;SEP27=PUT_CALL_PARITY;AUG27=PUT_CALL_PARITY;DEC29=PUT_CALL_PARITY;DEC27=PUT_CALL_PARITY;MAR28=PUT_CALL_PARITY;DEC28=PUT_CALL_PARITY;DEC30=PUT_CALL_PARITY;JUN28=SERIES_FORWARD_CLUSTER,AUG26=7747.35;SEP26=7748.5;OCT26=7813;NOV26=7808.25;DEC26=7876.5;JUN27=8015.25;APR27=7959.5;MAR27=7945.5;FEB27=7879.75;JAN27=7881;MAY27=7963.25;JUL27=8043.875;SEP27=8077.25;AUG27=8051.75;DEC29=8676.5;DEC27=8103.75;MAR28=8179;DEC28=8373.25;DEC30=9151.75;JUN28=6427.25,NONE,WEIGHTED_ATM,2026-08-21,7,600,0.0,NONE,11513,11041,471,0,0,RTM,MDW;MMW;MRW;MTW,OK,NONE,NONE,2026-08-11
SPX,7595.0,-13045442.466934778,22.36825576704019,0.0,0.0,0.0,0.0,0.0,0.0,7800.932309330873,7693.767690669128,7854.514618661745,7640.185381338256,SEP26,AUG26,2026-08-12,2026-09-18,7747.35,7705.975053873443,FOUND,WARN,UNKNOWN_SERIES;ESTIMATED_EXPIRY_ALIAS,2026-08-02.2,PUT_CALL_PARITY,AUG26,AUG26=PUT_CALL_PARITY;SEP26=PUT_CALL_PARITY;OCT26=PUT_CALL_PARITY;NOV26=PUT_CALL_PARITY;DEC26=PUT_CALL_PARITY;JUN27=PUT_CALL_PARITY;APR27=PUT_CALL_PARITY;MAR27=PUT_CALL_PARITY;FEB27=PUT_CALL_PARITY;JAN27=PUT_CALL_PARITY;MAY27=PUT_CALL_PARITY;JUL27=PUT_CALL_PARITY;SEP27=PUT_CALL_PARITY;AUG27=PUT_CALL_PARITY;DEC29=PUT_CALL_PARITY;DEC27=PUT_CALL_PARITY;MAR28=PUT_CALL_PARITY;DEC28=PUT_CALL_PARITY;DEC30=PUT_CALL_PARITY;JUN28=SERIES_FORWARD_CLUSTER,AUG26=7747.35;SEP26=7748.5;OCT26=7813;NOV26=7808.25;DEC26=7876.5;JUN27=8015.25;APR27=7959.5;MAR27=7945.5;FEB27=7879.75;JAN27=7881;MAY27=7963.25;JUL27=8043.875;SEP27=8077.25;AUG27=8051.75;DEC29=8676.5;DEC27=8103.75;MAR28=8179;DEC28=8373.25;DEC30=9151.75;JUN28=6427.25,NONE,WEIGHTED_ATM,2026-08-21,7,600,0.0,NONE,11513,11041,471,0,0,RTM,MDW;MMW;MRW;MTW,OK,NONE,NONE,2026-08-11
SPX,7600.0,-372287591.30169904,3108.975243444672,0.0,0.0,0.0,0.0,0.0,0.0,7800.932309330873,7693.767690669128,7854.514618661745,7640.185381338256,SEP26,AUG26,2026-08-12,2026-09-18,7747.35,7705.975053873443,FOUND,WARN,UNKNOWN_SERIES;ESTIMATED_EXPIRY_ALIAS,2026-08-02.2,PUT_CALL_PARITY,AUG26,AUG26=PUT_CALL_PARITY;SEP26=PUT_CALL_PARITY;OCT26=PUT_CALL_PARITY;NOV26=PUT_CALL_PARITY;DEC26=PUT_CALL_PARITY;JUN27=PUT_CALL_PARITY;APR27=PUT_CALL_PARITY;MAR27=PUT_CALL_PARITY;FEB27=PUT_CALL_PARITY;JAN27=PUT_CALL_PARITY;MAY27=PUT_CALL_PARITY;JUL27=PUT_CALL_PARITY;SEP27=PUT_CALL_PARITY;AUG27=PUT_CALL_PARITY;DEC29=PUT_CALL_PARITY;DEC27=PUT_CALL_PARITY;MAR28=PUT_CALL_PARITY;DEC28=PUT_CALL_PARITY;DEC30=PUT_CALL_PARITY;JUN28=SERIES_FORWARD_CLUSTER,AUG26=7747.35;SEP26=7748.5;OCT26=7813;NOV26=7808.25;DEC26=7876.5;JUN27=8015.25;APR27=7959.5;MAR27=7945.5;FEB27=7879.75;JAN27=7881;MAY27=7963.25;JUL27=8043.875;SEP27=8077.25;AUG27=8051.75;DEC29=8676.5;DEC27=8103.75;MAR28=8179;DEC28=8373.25;DEC30=9151.75;JUN28=6427.25,NONE,WEIGHTED_ATM,2026-08-21,7,600,0.0,NONE,11513,11041,471,0,0,RTM,MDW;MMW;MRW;MTW,OK,NONE,NONE,2026-08-11
SPX,7605.0,-21723694.223138746,38.08662371739621,0.0,0.0,0.0,0.0,0.0,0.0,7800.932309330873,7693.767690669128,7854.514618661745,7640.185381338256,SEP26,AUG26,2026-08-12,2026-09-18,7747.35,7705.975053873443,FOUND,WARN,UNKNOWN_SERIES;ESTIMATED_EXPIRY_ALIAS,2026-08-02.2,PUT_CALL_PARITY,AUG26,AUG26=PUT_CALL_PARITY;SEP26=PUT_CALL_PARITY;OCT26=PUT_CALL_PARITY;NOV26=PUT_CALL_PARITY;DEC26=PUT_CALL_PARITY;JUN27=PUT_CALL_PARITY;APR27=PUT_CALL_PARITY;MAR27=PUT_CALL_PARITY;FEB27=PUT_CALL_PARITY;JAN27=PUT_CALL_PARITY;MAY27=PUT_CALL_PARITY;JUL27=PUT_CALL_PARITY;SEP27=PUT_CALL_PARITY;AUG27=PUT_CALL_PARITY;DEC29=PUT_CALL_PARITY;DEC27=PUT_CALL_PARITY;MAR28=PUT_CALL_PARITY;DEC28=PUT_CALL_PARITY;DEC30=PUT_CALL_PARITY;JUN28=SERIES_FORWARD_CLUSTER,AUG26=7747.35;SEP26=7748.5;OCT26=7813;NOV26=7808.25;DEC26=7876.5;JUN27=8015.25;APR27=7959.5;MAR27=7945.5;FEB27=7879.75;JAN27=7881;MAY27=7963.25;JUL27=8043.875;SEP27=8077.25;AUG27=8051.75;DEC29=8676.5;DEC27=8103.75;MAR28=8179;DEC28=8373.25;DEC30=9151.75;JUN28=6427.25,NONE,WEIGHTED_ATM,2026-08-21,7,600,0.0,NONE,11513,11041,471,0,0,RTM,MDW;MMW;MRW;MTW,OK,NONE,NONE,2026-08-11
SPX,7610.0,-22562269.72940693,323.06148206863867,0.0,0.0,0.0,0.0,0.0,0.0,7800.932309330873,7693.767690669128,7854.514618661745,7640.185381338256,SEP26,AUG26,2026-08-12,2026-09-18,7747.35,7705.975053873443,FOUND,WARN,UNKNOWN_SERIES;ESTIMATED_EXPIRY_ALIAS,2026-08-02.2,PUT_CALL_PARITY,AUG26,AUG26=PUT_CALL_PARITY;SEP26=PUT_CALL_PARITY;OCT26=PUT_CALL_PARITY;NOV26=PUT_CALL_PARITY;DEC26=PUT_CALL_PARITY;JUN27=PUT_CALL_PARITY;APR27=PUT_CALL_PARITY;MAR27=PUT_CALL_PARITY;FEB27=PUT_CALL_PARITY;JAN27=PUT_CALL_PARITY;MAY27=PUT_CALL_PARITY;JUL27=PUT_CALL_PARITY;SEP27=PUT_CALL_PARITY;AUG27=PUT_CALL_PARITY;DEC29=PUT_CALL_PARITY;DEC27=PUT_CALL_PARITY;MAR28=PUT_CALL_PARITY;DEC28=PUT_CALL_PARITY;DEC30=PUT_CALL_PARITY;JUN28=SERIES_FORWARD_CLUSTER,AUG26=7747.35;SEP26=7748.5;OCT26=7813;NOV26=7808.25;DEC26=7876.5;JUN27=8015.25;APR27=7959.5;MAR27=7945.5;FEB27=7879.75;JAN27=7881;MAY27=7963.25;JUL27=8043.875;SEP27=8077.25;AUG27=8051.75;DEC29=8676.5;DEC27=8103.75;MAR28=8179;DEC28=8373.25;DEC30=9151.75;JUN28=6427.25,NONE,WEIGHTED_ATM,2026-08-21,7,600,0.0,NONE,11513,11041,471,0,0,RTM,MDW;MMW;MRW;MTW,OK,NONE,NONE,2026-08-11
SPX,7615.0,-16930584.047283787,35.159347327993224,0.0,0.0,0.0,0.0,0.0,0.0,7800.932309330873,7693.767690669128,7854.514618661745,7640.185381338256,SEP26,AUG26,2026-08-12,2026-09-18,7747.35,7705.975053873443,FOUND,WARN,UNKNOWN_SERIES;ESTIMATED_EXPIRY_ALIAS,2026-08-02.2,PUT_CALL_PARITY,AUG26,AUG26=PUT_CALL_PARITY;SEP26=PUT_CALL_PARITY;OCT26=PUT_CALL_PARITY;NOV26=PUT_CALL_PARITY;DEC26=PUT_CALL_PARITY;JUN27=PUT_CALL_PARITY;APR27=PUT_CALL_PARITY;MAR27=PUT_CALL_PARITY;FEB27=PUT_CALL_PARITY;JAN27=PUT_CALL_PARITY;MAY27=PUT_CALL_PARITY;JUL27=PUT_CALL_PARITY;SEP27=PUT_CALL_PARITY;AUG27=PUT_CALL_PARITY;DEC29=PUT_CALL_PARITY;DEC27=PUT_CALL_PARITY;MAR28=PUT_CALL_PARITY;DEC28=PUT_CALL_PARITY;DEC30=PUT_CALL_PARITY;JUN28=SERIES_FORWARD_CLUSTER,AUG26=7747.35;SEP26=7748.5;OCT26=7813;NOV26=7808.25;DEC26=7876.5;JUN27=8015.25;APR27=7959.5;MAR27=7945.5;FEB27=7879.75;JAN27=7881;MAY27=7963.25;JUL27=8043.875;SEP27=8077.25;AUG27=8051.75;DEC29=8676.5;DEC27=8103.75;MAR28=8179;DEC28=8373.25;DEC30=9151.75;JUN28=6427.25,NONE,WEIGHTED_ATM,2026-08-21,7,600,0.0,NONE,11513,11041,471,0,0,RTM,MDW;MMW;MRW;MTW,OK,NONE,NONE,2026-08-11
SPX,7620.0,-13202521.783724055,247.0007984274447,0.0,0.0,0.0,0.0,0.0,0.0,7800.932309330873,7693.767690669128,7854.514618661745,7640.185381338256,SEP26,AUG26,2026-08-12,2026-09-18,7747.35,7705.975053873443,FOUND,WARN,UNKNOWN_SERIES;ESTIMATED_EXPIRY_ALIAS,2026-08-02.2,PUT_CALL_PARITY,AUG26,AUG26=PUT_CALL_PARITY;SEP26=PUT_CALL_PARITY;OCT26=PUT_CALL_PARITY;NOV26=PUT_CALL_PARITY;DEC26=PUT_CALL_PARITY;JUN27=PUT_CALL_PARITY;APR27=PUT_CALL_PARITY;MAR27=PUT_CALL_PARITY;FEB27=PUT_CALL_PARITY;JAN27=PUT_CALL_PARITY;MAY27=PUT_CALL_PARITY;JUL27=PUT_CALL_PARITY;SEP27=PUT_CALL_PARITY;AUG27=PUT_CALL_PARITY;DEC29=PUT_CALL_PARITY;DEC27=PUT_CALL_PARITY;MAR28=PUT_CALL_PARITY;DEC28=PUT_CALL_PARITY;DEC30=PUT_CALL_PARITY;JUN28=SERIES_FORWARD_CLUSTER,AUG26=7747.35;SEP26=7748.5;OCT26=7813;NOV26=7808.25;DEC26=7876.5;JUN27=8015.25;APR27=7959.5;MAR27=7945.5;FEB27=7879.75;JAN27=7881;MAY27=7963.25;JUL27=8043.875;SEP27=8077.25;AUG27=8051.75;DEC29=8676.5;DEC27=8103.75;MAR28=8179;DEC28=8373.25;DEC30=9151.75;JUN28=6427.25,NONE,WEIGHTED_ATM,2026-08-21,7,600,0.0,NONE,11513,11041,471,0,0,RTM,MDW;MMW;MRW;MTW,OK,NONE,NONE,2026-08-11
SPX,7625.0,-74434427.4133786,1410.450647319251,0.0,0.0,0.0,0.0,0.0,0.0,7800.932309330873,7693.767690669128,7854.514618661745,7640.185381338256,SEP26,AUG26,2026-08-12,2026-09-18,7747.35,7705.975053873443,FOUND,WARN,UNKNOWN_SERIES;ESTIMATED_EXPIRY_ALIAS,2026-08-02.2,PUT_CALL_PARITY,AUG26,AUG26=PUT_CALL_PARITY;SEP26=PUT_CALL_PARITY;OCT26=PUT_CALL_PARITY;NOV26=PUT_CALL_PARITY;DEC26=PUT_CALL_PARITY;JUN27=PUT_CALL_PARITY;APR27=PUT_CALL_PARITY;MAR27=PUT_CALL_PARITY;FEB27=PUT_CALL_PARITY;JAN27=PUT_CALL_PARITY;MAY27=PUT_CALL_PARITY;JUL27=PUT_CALL_PARITY;SEP27=PUT_CALL_PARITY;AUG27=PUT_CALL_PARITY;DEC29=PUT_CALL_PARITY;DEC27=PUT_CALL_PARITY;MAR28=PUT_CALL_PARITY;DEC28=PUT_CALL_PARITY;DEC30=PUT_CALL_PARITY;JUN28=SERIES_FORWARD_CLUSTER,AUG26=7747.35;SEP26=7748.5;OCT26=7813;NOV26=7808.25;DEC26=7876.5;JUN27=8015.25;APR27=7959.5;MAR27=7945.5;FEB27=7879.75;JAN27=7881;MAY27=7963.25;JUL27=8043.875;SEP27=8077.25;AUG27=8051.75;DEC29=8676.5;DEC27=8103.75;MAR28=8179;DEC28=8373.25;DEC30=9151.75;JUN28=6427.25,NONE,WEIGHTED_ATM,2026-08-21,7,600,0.0,NONE,11513,11041,471,0,0,RTM,MDW;MMW;MRW;MTW,OK,NONE,NONE,2026-08-11
SPX,7630.0,-19118802.958900414,267.3989199353464,0.0,0.0,0.0,0.0,0.0,0.0,7800.932309330873,7693.767690669128,7854.514618661745,7640.185381338256,SEP26,AUG26,2026-08-12,2026-09-18,7747.35,7705.975053873443,FOUND,WARN,UNKNOWN_SERIES;ESTIMATED_EXPIRY_ALIAS,2026-08-02.2,PUT_CALL_PARITY,AUG26,AUG26=PUT_CALL_PARITY;SEP26=PUT_CALL_PARITY;OCT26=PUT_CALL_PARITY;NOV26=PUT_CALL_PARITY;DEC26=PUT_CALL_PARITY;JUN27=PUT_CALL_PARITY;APR27=PUT_CALL_PARITY;MAR27=PUT_CALL_PARITY;FEB27=PUT_CALL_PARITY;JAN27=PUT_CALL_PARITY;MAY27=PUT_CALL_PARITY;JUL27=PUT_CALL_PARITY;SEP27=PUT_CALL_PARITY;AUG27=PUT_CALL_PARITY;DEC29=PUT_CALL_PARITY;DEC27=PUT_CALL_PARITY;MAR28=PUT_CALL_PARITY;DEC28=PUT_CALL_PARITY;DEC30=PUT_CALL_PARITY;JUN28=SERIES_FORWARD_CLUSTER,AUG26=7747.35;SEP26=7748.5;OCT26=7813;NOV26=7808.25;DEC26=7876.5;JUN27=8015.25;APR27=7959.5;MAR27=7945.5;FEB27=7879.75;JAN27=7881;MAY27=7963.25;JUL27=8043.875;SEP27=8077.25;AUG27=8051.75;DEC29=8676.5;DEC27=8103.75;MAR28=8179;DEC28=8373.25;DEC30=9151.75;JUN28=6427.25,NONE,WEIGHTED_ATM,2026-08-21,7,600,0.0,NONE,11513,11041,471,0,0,RTM,MDW;MMW;MRW;MTW,OK,NONE,NONE,2026-08-11
SPX,7635.0,-36719939.889626294,67.20029295077127,0.0,0.0,0.0,0.0,0.0,0.0,7800.932309330873,7693.767690669128,7854.514618661745,7640.185381338256,SEP26,AUG26,2026-08-12,2026-09-18,7747.35,7705.975053873443,FOUND,WARN,UNKNOWN_SERIES;ESTIMATED_EXPIRY_ALIAS,2026-08-02.2,PUT_CALL_PARITY,AUG26,AUG26=PUT_CALL_PARITY;SEP26=PUT_CALL_PARITY;OCT26=PUT_CALL_PARITY;NOV26=PUT_CALL_PARITY;DEC26=PUT_CALL_PARITY;JUN27=PUT_CALL_PARITY;APR27=PUT_CALL_PARITY;MAR27=PUT_CALL_PARITY;FEB27=PUT_CALL_PARITY;JAN27=PUT_CALL_PARITY;MAY27=PUT_CALL_PARITY;JUL27=PUT_CALL_PARITY;SEP27=PUT_CALL_PARITY;AUG27=PUT_CALL_PARITY;DEC29=PUT_CALL_PARITY;DEC27=PUT_CALL_PARITY;MAR28=PUT_CALL_PARITY;DEC28=PUT_CALL_PARITY;DEC30=PUT_CALL_PARITY;JUN28=SERIES_FORWARD_CLUSTER,AUG26=7747.35;SEP26=7748.5;OCT26=7813;NOV26=7808.25;DEC26=7876.5;JUN27=8015.25;APR27=7959.5;MAR27=7945.5;FEB27=7879.75;JAN27=7881;MAY27=7963.25;JUL27=8043.875;SEP27=8077.25;AUG27=8051.75;DEC29=8676.5;DEC27=8103.75;MAR28=8179;DEC28=8373.25;DEC30=9151.75;JUN28=6427.25,NONE,WEIGHTED_ATM,2026-08-21,7,600,0.0,NONE,11513,11041,471,0,0,RTM,MDW;MMW;MRW;MTW,OK,NONE,NONE,2026-08-11
SPX,7640.0,-153415704.57803404,475.9179431366642,0.0,0.0,0.0,0.0,0.0,0.0,7800.932309330873,7693.767690669128,7854.514618661745,7640.185381338256,SEP26,AUG26,2026-08-12,2026-09-18,7747.35,7705.975053873443,FOUND,WARN,UNKNOWN_SERIES;ESTIMATED_EXPIRY_ALIAS,2026-08-02.2,PUT_CALL_PARITY,AUG26,AUG26=PUT_CALL_PARITY;SEP26=PUT_CALL_PARITY;OCT26=PUT_CALL_PARITY;NOV26=PUT_CALL_PARITY;DEC26=PUT_CALL_PARITY;JUN27=PUT_CALL_PARITY;APR27=PUT_CALL_PARITY;MAR27=PUT_CALL_PARITY;FEB27=PUT_CALL_PARITY;JAN27=PUT_CALL_PARITY;MAY27=PUT_CALL_PARITY;JUL27=PUT_CALL_PARITY;SEP27=PUT_CALL_PARITY;AUG27=PUT_CALL_PARITY;DEC29=PUT_CALL_PARITY;DEC27=PUT_CALL_PARITY;MAR28=PUT_CALL_PARITY;DEC28=PUT_CALL_PARITY;DEC30=PUT_CALL_PARITY;JUN28=SERIES_FORWARD_CLUSTER,AUG26=7747.35;SEP26=7748.5;OCT26=7813;NOV26=7808.25;DEC26=7876.5;JUN27=8015.25;APR27=7959.5;MAR27=7945.5;FEB27=7879.75;JAN27=7881;MAY27=7963.25;JUL27=8043.875;SEP27=8077.25;AUG27=8051.75;DEC29=8676.5;DEC27=8103.75;MAR28=8179;DEC28=8373.25;DEC30=9151.75;JUN28=6427.25,NONE,WEIGHTED_ATM,2026-08-21,7,600,0.0,NONE,11513,11041,471,0,0,RTM,MDW;MMW;MRW;MTW,OK,NONE,NONE,2026-08-11
SPX,7645.0,-67972961.35055248,132.99615956647528,0.0,0.0,0.0,0.0,0.0,0.0,7800.932309330873,7693.767690669128,7854.514618661745,7640.185381338256,SEP26,AUG26,2026-08-12,2026-09-18,7747.35,7705.975053873443,FOUND,WARN,UNKNOWN_SERIES;ESTIMATED_EXPIRY_ALIAS,2026-08-02.2,PUT_CALL_PARITY,AUG26,AUG26=PUT_CALL_PARITY;SEP26=PUT_CALL_PARITY;OCT26=PUT_CALL_PARITY;NOV26=PUT_CALL_PARITY;DEC26=PUT_CALL_PARITY;JUN27=PUT_CALL_PARITY;APR27=PUT_CALL_PARITY;MAR27=PUT_CALL_PARITY;FEB27=PUT_CALL_PARITY;JAN27=PUT_CALL_PARITY;MAY27=PUT_CALL_PARITY;JUL27=PUT_CALL_PARITY;SEP27=PUT_CALL_PARITY;AUG27=PUT_CALL_PARITY;DEC29=PUT_CALL_PARITY;DEC27=PUT_CALL_PARITY;MAR28=PUT_CALL_PARITY;DEC28=PUT_CALL_PARITY;DEC30=PUT_CALL_PARITY;JUN28=SERIES_FORWARD_CLUSTER,AUG26=7747.35;SEP26=7748.5;OCT26=7813;NOV26=7808.25;DEC26=7876.5;JUN27=8015.25;APR27=7959.5;MAR27=7945.5;FEB27=7879.75;JAN27=7881;MAY27=7963.25;JUL27=8043.875;SEP27=8077.25;AUG27=8051.75;DEC29=8676.5;DEC27=8103.75;MAR28=8179;DEC28=8373.25;DEC30=9151.75;JUN28=6427.25,NONE,WEIGHTED_ATM,2026-08-21,7,600,0.0,NONE,11513,11041,471,0,0,RTM,MDW;MMW;MRW;MTW,OK,NONE,NONE,2026-08-11
SPX,7650.0,-277747254.4666663,3208.703968675111,0.0,0.0,0.0,0.0,0.0,0.0,7800.932309330873,7693.767690669128,7854.514618661745,7640.185381338256,SEP26,AUG26,2026-08-12,2026-09-18,7747.35,7705.975053873443,FOUND,WARN,UNKNOWN_SERIES;ESTIMATED_EXPIRY_ALIAS,2026-08-02.2,PUT_CALL_PARITY,AUG26,AUG26=PUT_CALL_PARITY;SEP26=PUT_CALL_PARITY;OCT26=PUT_CALL_PARITY;NOV26=PUT_CALL_PARITY;DEC26=PUT_CALL_PARITY;JUN27=PUT_CALL_PARITY;APR27=PUT_CALL_PARITY;MAR27=PUT_CALL_PARITY;FEB27=PUT_CALL_PARITY;JAN27=PUT_CALL_PARITY;MAY27=PUT_CALL_PARITY;JUL27=PUT_CALL_PARITY;SEP27=PUT_CALL_PARITY;AUG27=PUT_CALL_PARITY;DEC29=PUT_CALL_PARITY;DEC27=PUT_CALL_PARITY;MAR28=PUT_CALL_PARITY;DEC28=PUT_CALL_PARITY;DEC30=PUT_CALL_PARITY;JUN28=SERIES_FORWARD_CLUSTER,AUG26=7747.35;SEP26=7748.5;OCT26=7813;NOV26=7808.25;DEC26=7876.5;JUN27=8015.25;APR27=7959.5;MAR27=7945.5;FEB27=7879.75;JAN27=7881;MAY27=7963.25;JUL27=8043.875;SEP27=8077.25;AUG27=8051.75;DEC29=8676.5;DEC27=8103.75;MAR28=8179;DEC28=8373.25;DEC30=9151.75;JUN28=6427.25,NONE,WEIGHTED_ATM,2026-08-21,7,600,0.0,NONE,11513,11041,471,0,0,RTM,MDW;MMW;MRW;MTW,OK,NONE,NONE,2026-08-11
SPX,7655.0,-52979902.091668,109.19284147242534,0.0,0.0,0.0,0.0,0.0,0.0,7800.932309330873,7693.767690669128,7854.514618661745,7640.185381338256,SEP26,AUG26,2026-08-12,2026-09-18,7747.35,7705.975053873443,FOUND,WARN,UNKNOWN_SERIES;ESTIMATED_EXPIRY_ALIAS,2026-08-02.2,PUT_CALL_PARITY,AUG26,AUG26=PUT_CALL_PARITY;SEP26=PUT_CALL_PARITY;OCT26=PUT_CALL_PARITY;NOV26=PUT_CALL_PARITY;DEC26=PUT_CALL_PARITY;JUN27=PUT_CALL_PARITY;APR27=PUT_CALL_PARITY;MAR27=PUT_CALL_PARITY;FEB27=PUT_CALL_PARITY;JAN27=PUT_CALL_PARITY;MAY27=PUT_CALL_PARITY;JUL27=PUT_CALL_PARITY;SEP27=PUT_CALL_PARITY;AUG27=PUT_CALL_PARITY;DEC29=PUT_CALL_PARITY;DEC27=PUT_CALL_PARITY;MAR28=PUT_CALL_PARITY;DEC28=PUT_CALL_PARITY;DEC30=PUT_CALL_PARITY;JUN28=SERIES_FORWARD_CLUSTER,AUG26=7747.35;SEP26=7748.5;OCT26=7813;NOV26=7808.25;DEC26=7876.5;JUN27=8015.25;APR27=7959.5;MAR27=7945.5;FEB27=7879.75;JAN27=7881;MAY27=7963.25;JUL27=8043.875;SEP27=8077.25;AUG27=8051.75;DEC29=8676.5;DEC27=8103.75;MAR28=8179;DEC28=8373.25;DEC30=9151.75;JUN28=6427.25,NONE,WEIGHTED_ATM,2026-08-21,7,600,0.0,NONE,11513,11041,471,0,0,RTM,MDW;MMW;MRW;MTW,OK,NONE,NONE,2026-08-11
SPX,7660.0,-226094715.02006838,1041.1527055708907,0.0,0.0,0.0,0.0,0.0,0.0,7800.932309330873,7693.767690669128,7854.514618661745,7640.185381338256,SEP26,AUG26,2026-08-12,2026-09-18,7747.35,7705.975053873443,FOUND,WARN,UNKNOWN_SERIES;ESTIMATED_EXPIRY_ALIAS,2026-08-02.2,PUT_CALL_PARITY,AUG26,AUG26=PUT_CALL_PARITY;SEP26=PUT_CALL_PARITY;OCT26=PUT_CALL_PARITY;NOV26=PUT_CALL_PARITY;DEC26=PUT_CALL_PARITY;JUN27=PUT_CALL_PARITY;APR27=PUT_CALL_PARITY;MAR27=PUT_CALL_PARITY;FEB27=PUT_CALL_PARITY;JAN27=PUT_CALL_PARITY;MAY27=PUT_CALL_PARITY;JUL27=PUT_CALL_PARITY;SEP27=PUT_CALL_PARITY;AUG27=PUT_CALL_PARITY;DEC29=PUT_CALL_PARITY;DEC27=PUT_CALL_PARITY;MAR28=PUT_CALL_PARITY;DEC28=PUT_CALL_PARITY;DEC30=PUT_CALL_PARITY;JUN28=SERIES_FORWARD_CLUSTER,AUG26=7747.35;SEP26=7748.5;OCT26=7813;NOV26=7808.25;DEC26=7876.5;JUN27=8015.25;APR27=7959.5;MAR27=7945.5;FEB27=7879.75;JAN27=7881;MAY27=7963.25;JUL27=8043.875;SEP27=8077.25;AUG27=8051.75;DEC29=8676.5;DEC27=8103.75;MAR28=8179;DEC28=8373.25;DEC30=9151.75;JUN28=6427.25,NONE,WEIGHTED_ATM,2026-08-21,7,600,0.0,NONE,11513,11041,471,0,0,RTM,MDW;MMW;MRW;MTW,OK,NONE,NONE,2026-08-11
SPX,7665.0,-87177968.43022919,153.8220472572726,0.0,0.0,0.0,0.0,0.0,0.0,7800.932309330873,7693.767690669128,7854.514618661745,7640.185381338256,SEP26,AUG26,2026-08-12,2026-09-18,7747.35,7705.975053873443,FOUND,WARN,UNKNOWN_SERIES;ESTIMATED_EXPIRY_ALIAS,2026-08-02.2,PUT_CALL_PARITY,AUG26,AUG26=PUT_CALL_PARITY;SEP26=PUT_CALL_PARITY;OCT26=PUT_CALL_PARITY;NOV26=PUT_CALL_PARITY;DEC26=PUT_CALL_PARITY;JUN27=PUT_CALL_PARITY;APR27=PUT_CALL_PARITY;MAR27=PUT_CALL_PARITY;FEB27=PUT_CALL_PARITY;JAN27=PUT_CALL_PARITY;MAY27=PUT_CALL_PARITY;JUL27=PUT_CALL_PARITY;SEP27=PUT_CALL_PARITY;AUG27=PUT_CALL_PARITY;DEC29=PUT_CALL_PARITY;DEC27=PUT_CALL_PARITY;MAR28=PUT_CALL_PARITY;DEC28=PUT_CALL_PARITY;DEC30=PUT_CALL_PARITY;JUN28=SERIES_FORWARD_CLUSTER,AUG26=7747.35;SEP26=7748.5;OCT26=7813;NOV26=7808.25;DEC26=7876.5;JUN27=8015.25;APR27=7959.5;MAR27=7945.5;FEB27=7879.75;JAN27=7881;MAY27=7963.25;JUL27=8043.875;SEP27=8077.25;AUG27=8051.75;DEC29=8676.5;DEC27=8103.75;MAR28=8179;DEC28=8373.25;DEC30=9151.75;JUN28=6427.25,NONE,WEIGHTED_ATM,2026-08-21,7,600,0.0,NONE,11513,11041,471,0,0,RTM,MDW;MMW;MRW;MTW,OK,NONE,NONE,2026-08-11
SPX,7670.0,-38864696.4488319,480.9478138454499,0.0,0.0,0.0,0.0,0.0,0.0,7800.932309330873,7693.767690669128,7854.514618661745,7640.185381338256,SEP26,AUG26,2026-08-12,2026-09-18,7747.35,7705.975053873443,FOUND,WARN,UNKNOWN_SERIES;ESTIMATED_EXPIRY_ALIAS,2026-08-02.2,PUT_CALL_PARITY,AUG26,AUG26=PUT_CALL_PARITY;SEP26=PUT_CALL_PARITY;OCT26=PUT_CALL_PARITY;NOV26=PUT_CALL_PARITY;DEC26=PUT_CALL_PARITY;JUN27=PUT_CALL_PARITY;APR27=PUT_CALL_PARITY;MAR27=PUT_CALL_PARITY;FEB27=PUT_CALL_PARITY;JAN27=PUT_CALL_PARITY;MAY27=PUT_CALL_PARITY;JUL27=PUT_CALL_PARITY;SEP27=PUT_CALL_PARITY;AUG27=PUT_CALL_PARITY;DEC29=PUT_CALL_PARITY;DEC27=PUT_CALL_PARITY;MAR28=PUT_CALL_PARITY;DEC28=PUT_CALL_PARITY;DEC30=PUT_CALL_PARITY;JUN28=SERIES_FORWARD_CLUSTER,AUG26=7747.35;SEP26=7748.5;OCT26=7813;NOV26=7808.25;DEC26=7876.5;JUN27=8015.25;APR27=7959.5;MAR27=7945.5;FEB27=7879.75;JAN27=7881;MAY27=7963.25;JUL27=8043.875;SEP27=8077.25;AUG27=8051.75;DEC29=8676.5;DEC27=8103.75;MAR28=8179;DEC28=8373.25;DEC30=9151.75;JUN28=6427.25,NONE,WEIGHTED_ATM,2026-08-21,7,600,0.0,NONE,11513,11041,471,0,0,RTM,MDW;MMW;MRW;MTW,OK,NONE,NONE,2026-08-11
SPX,7675.0,-255588953.30849543,1655.4289680903769,0.0,0.0,0.0,0.0,0.0,0.0,7800.932309330873,7693.767690669128,7854.514618661745,7640.185381338256,SEP26,AUG26,2026-08-12,2026-09-18,7747.35,7705.975053873443,FOUND,WARN,UNKNOWN_SERIES;ESTIMATED_EXPIRY_ALIAS,2026-08-02.2,PUT_CALL_PARITY,AUG26,AUG26=PUT_CALL_PARITY;SEP26=PUT_CALL_PARITY;OCT26=PUT_CALL_PARITY;NOV26=PUT_CALL_PARITY;DEC26=PUT_CALL_PARITY;JUN27=PUT_CALL_PARITY;APR27=PUT_CALL_PARITY;MAR27=PUT_CALL_PARITY;FEB27=PUT_CALL_PARITY;JAN27=PUT_CALL_PARITY;MAY27=PUT_CALL_PARITY;JUL27=PUT_CALL_PARITY;SEP27=PUT_CALL_PARITY;AUG27=PUT_CALL_PARITY;DEC29=PUT_CALL_PARITY;DEC27=PUT_CALL_PARITY;MAR28=PUT_CALL_PARITY;DEC28=PUT_CALL_PARITY;DEC30=PUT_CALL_PARITY;JUN28=SERIES_FORWARD_CLUSTER,AUG26=7747.35;SEP26=7748.5;OCT26=7813;NOV26=7808.25;DEC26=7876.5;JUN27=8015.25;APR27=7959.5;MAR27=7945.5;FEB27=7879.75;JAN27=7881;MAY27=7963.25;JUL27=8043.875;SEP27=8077.25;AUG27=8051.75;DEC29=8676.5;DEC27=8103.75;MAR28=8179;DEC28=8373.25;DEC30=9151.75;JUN28=6427.25,NONE,WEIGHTED_ATM,2026-08-21,7,600,0.0,NONE,11513,11041,471,0,0,RTM,MDW;MMW;MRW;MTW,OK,NONE,NONE,2026-08-11
SPX,7680.0,-94085366.47237378,600.0706620627744,0.0,0.0,0.0,0.0,0.0,0.0,7800.932309330873,7693.767690669128,7854.514618661745,7640.185381338256,SEP26,AUG26,2026-08-12,2026-09-18,7747.35,7705.975053873443,FOUND,WARN,UNKNOWN_SERIES;ESTIMATED_EXPIRY_ALIAS,2026-08-02.2,PUT_CALL_PARITY,AUG26,AUG26=PUT_CALL_PARITY;SEP26=PUT_CALL_PARITY;OCT26=PUT_CALL_PARITY;NOV26=PUT_CALL_PARITY;DEC26=PUT_CALL_PARITY;JUN27=PUT_CALL_PARITY;APR27=PUT_CALL_PARITY;MAR27=PUT_CALL_PARITY;FEB27=PUT_CALL_PARITY;JAN27=PUT_CALL_PARITY;MAY27=PUT_CALL_PARITY;JUL27=PUT_CALL_PARITY;SEP27=PUT_CALL_PARITY;AUG27=PUT_CALL_PARITY;DEC29=PUT_CALL_PARITY;DEC27=PUT_CALL_PARITY;MAR28=PUT_CALL_PARITY;DEC28=PUT_CALL_PARITY;DEC30=PUT_CALL_PARITY;JUN28=SERIES_FORWARD_CLUSTER,AUG26=7747.35;SEP26=7748.5;OCT26=7813;NOV26=7808.25;DEC26=7876.5;JUN27=8015.25;APR27=7959.5;MAR27=7945.5;FEB27=7879.75;JAN27=7881;MAY27=7963.25;JUL27=8043.875;SEP27=8077.25;AUG27=8051.75;DEC29=8676.5;DEC27=8103.75;MAR28=8179;DEC28=8373.25;DEC30=9151.75;JUN28=6427.25,NONE,WEIGHTED_ATM,2026-08-21,7,600,0.0,NONE,11513,11041,471,0,0,RTM,MDW;MMW;MRW;MTW,OK,NONE,NONE,2026-08-11
SPX,7685.0,-101747727.79790354,199.19286941737965,0.0,0.0,0.0,0.0,0.0,0.0,7800.932309330873,7693.767690669128,7854.514618661745,7640.185381338256,SEP26,AUG26,2026-08-12,2026-09-18,7747.35,7705.975053873443,FOUND,WARN,UNKNOWN_SERIES;ESTIMATED_EXPIRY_ALIAS,2026-08-02.2,PUT_CALL_PARITY,AUG26,AUG26=PUT_CALL_PARITY;SEP26=PUT_CALL_PARITY;OCT26=PUT_CALL_PARITY;NOV26=PUT_CALL_PARITY;DEC26=PUT_CALL_PARITY;JUN27=PUT_CALL_PARITY;APR27=PUT_CALL_PARITY;MAR27=PUT_CALL_PARITY;FEB27=PUT_CALL_PARITY;JAN27=PUT_CALL_PARITY;MAY27=PUT_CALL_PARITY;JUL27=PUT_CALL_PARITY;SEP27=PUT_CALL_PARITY;AUG27=PUT_CALL_PARITY;DEC29=PUT_CALL_PARITY;DEC27=PUT_CALL_PARITY;MAR28=PUT_CALL_PARITY;DEC28=PUT_CALL_PARITY;DEC30=PUT_CALL_PARITY;JUN28=SERIES_FORWARD_CLUSTER,AUG26=7747.35;SEP26=7748.5;OCT26=7813;NOV26=7808.25;DEC26=7876.5;JUN27=8015.25;APR27=7959.5;MAR27=7945.5;FEB27=7879.75;JAN27=7881;MAY27=7963.25;JUL27=8043.875;SEP27=8077.25;AUG27=8051.75;DEC29=8676.5;DEC27=8103.75;MAR28=8179;DEC28=8373.25;DEC30=9151.75;JUN28=6427.25,NONE,WEIGHTED_ATM,2026-08-21,7,600,0.0,NONE,11513,11041,471,0,0,RTM,MDW;MMW;MRW;MTW,OK,NONE,NONE,2026-08-11
SPX,7690.0,-17117602.473526392,709.0366975261796,0.0,0.0,0.0,0.0,0.0,0.0,7800.932309330873,7693.767690669128,7854.514618661745,7640.185381338256,SEP26,AUG26,2026-08-12,2026-09-18,7747.35,7705.975053873443,FOUND,WARN,UNKNOWN_SERIES;ESTIMATED_EXPIRY_ALIAS,2026-08-02.2,PUT_CALL_PARITY,AUG26,AUG26=PUT_CALL_PARITY;SEP26=PUT_CALL_PARITY;OCT26=PUT_CALL_PARITY;NOV26=PUT_CALL_PARITY;DEC26=PUT_CALL_PARITY;JUN27=PUT_CALL_PARITY;APR27=PUT_CALL_PARITY;MAR27=PUT_CALL_PARITY;FEB27=PUT_CALL_PARITY;JAN27=PUT_CALL_PARITY;MAY27=PUT_CALL_PARITY;JUL27=PUT_CALL_PARITY;SEP27=PUT_CALL_PARITY;AUG27=PUT_CALL_PARITY;DEC29=PUT_CALL_PARITY;DEC27=PUT_CALL_PARITY;MAR28=PUT_CALL_PARITY;DEC28=PUT_CALL_PARITY;DEC30=PUT_CALL_PARITY;JUN28=SERIES_FORWARD_CLUSTER,AUG26=7747.35;SEP26=7748.5;OCT26=7813;NOV26=7808.25;DEC26=7876.5;JUN27=8015.25;APR27=7959.5;MAR27=7945.5;FEB27=7879.75;JAN27=7881;MAY27=7963.25;JUL27=8043.875;SEP27=8077.25;AUG27=8051.75;DEC29=8676.5;DEC27=8103.75;MAR28=8179;DEC28=8373.25;DEC30=9151.75;JUN28=6427.25,NONE,WEIGHTED_ATM,2026-08-21,7,600,0.0,NONE,11513,11041,471,0,0,RTM,MDW;MMW;MRW;MTW,OK,NONE,NONE,2026-08-11
SPX,7695.0,-44084053.187200926,136.41943751457762,0.0,0.0,0.0,0.0,0.0,0.0,7800.932309330873,7693.767690669128,7854.514618661745,7640.185381338256,SEP26,AUG26,2026-08-12,2026-09-18,7747.35,7705.975053873443,FOUND,WARN,UNKNOWN_SERIES;ESTIMATED_EXPIRY_ALIAS,2026-08-02.2,PUT_CALL_PARITY,AUG26,AUG26=PUT_CALL_PARITY;SEP26=PUT_CALL_PARITY;OCT26=PUT_CALL_PARITY;NOV26=PUT_CALL_PARITY;DEC26=PUT_CALL_PARITY;JUN27=PUT_CALL_PARITY;APR27=PUT_CALL_PARITY;MAR27=PUT_CALL_PARITY;FEB27=PUT_CALL_PARITY;JAN27=PUT_CALL_PARITY;MAY27=PUT_CALL_PARITY;JUL27=PUT_CALL_PARITY;SEP27=PUT_CALL_PARITY;AUG27=PUT_CALL_PARITY;DEC29=PUT_CALL_PARITY;DEC27=PUT_CALL_PARITY;MAR28=PUT_CALL_PARITY;DEC28=PUT_CALL_PARITY;DEC30=PUT_CALL_PARITY;JUN28=SERIES_FORWARD_CLUSTER,AUG26=7747.35;SEP26=7748.5;OCT26=7813;NOV26=7808.25;DEC26=7876.5;JUN27=8015.25;APR27=7959.5;MAR27=7945.5;FEB27=7879.75;JAN27=7881;MAY27=7963.25;JUL27=8043.875;SEP27=8077.25;AUG27=8051.75;DEC29=8676.5;DEC27=8103.75;MAR28=8179;DEC28=8373.25;DEC30=9151.75;JUN28=6427.25,NONE,WEIGHTED_ATM,2026-08-21,7,600,0.0,NONE,11513,11041,471,0,0,RTM,MDW;MMW;MRW;MTW,OK,NONE,NONE,2026-08-11
SPX,7700.0,-1810500211.1824517,7416.404783452578,0.0,0.0,0.0,0.0,0.0,0.0,7800.932309330873,7693.767690669128,7854.514618661745,7640.185381338256,SEP26,AUG26,2026-08-12,2026-09-18,7747.35,7705.975053873443,FOUND,WARN,UNKNOWN_SERIES;ESTIMATED_EXPIRY_ALIAS,2026-08-02.2,PUT_CALL_PARITY,AUG26,AUG26=PUT_CALL_PARITY;SEP26=PUT_CALL_PARITY;OCT26=PUT_CALL_PARITY;NOV26=PUT_CALL_PARITY;DEC26=PUT_CALL_PARITY;JUN27=PUT_CALL_PARITY;APR27=PUT_CALL_PARITY;MAR27=PUT_CALL_PARITY;FEB27=PUT_CALL_PARITY;JAN27=PUT_CALL_PARITY;MAY27=PUT_CALL_PARITY;JUL27=PUT_CALL_PARITY;SEP27=PUT_CALL_PARITY;AUG27=PUT_CALL_PARITY;DEC29=PUT_CALL_PARITY;DEC27=PUT_CALL_PARITY;MAR28=PUT_CALL_PARITY;DEC28=PUT_CALL_PARITY;DEC30=PUT_CALL_PARITY;JUN28=SERIES_FORWARD_CLUSTER,AUG26=7747.35;SEP26=7748.5;OCT26=7813;NOV26=7808.25;DEC26=7876.5;JUN27=8015.25;APR27=7959.5;MAR27=7945.5;FEB27=7879.75;JAN27=7881;MAY27=7963.25;JUL27=8043.875;SEP27=8077.25;AUG27=8051.75;DEC29=8676.5;DEC27=8103.75;MAR28=8179;DEC28=8373.25;DEC30=9151.75;JUN28=6427.25,NONE,WEIGHTED_ATM,2026-08-21,7,600,0.0,NONE,11513,11041,471,0,0,RTM,MDW;MMW;MRW;MTW,OK,NONE,NONE,2026-08-11
SPX,7705.0,-57238835.83647941,193.11149392518035,0.0,0.0,0.0,0.0,0.0,0.0,7800.932309330873,7693.767690669128,7854.514618661745,7640.185381338256,SEP26,AUG26,2026-08-12,2026-09-18,7747.35,7705.975053873443,FOUND,WARN,UNKNOWN_SERIES;ESTIMATED_EXPIRY_ALIAS,2026-08-02.2,PUT_CALL_PARITY,AUG26,AUG26=PUT_CALL_PARITY;SEP26=PUT_CALL_PARITY;OCT26=PUT_CALL_PARITY;NOV26=PUT_CALL_PARITY;DEC26=PUT_CALL_PARITY;JUN27=PUT_CALL_PARITY;APR27=PUT_CALL_PARITY;MAR27=PUT_CALL_PARITY;FEB27=PUT_CALL_PARITY;JAN27=PUT_CALL_PARITY;MAY27=PUT_CALL_PARITY;JUL27=PUT_CALL_PARITY;SEP27=PUT_CALL_PARITY;AUG27=PUT_CALL_PARITY;DEC29=PUT_CALL_PARITY;DEC27=PUT_CALL_PARITY;MAR28=PUT_CALL_PARITY;DEC28=PUT_CALL_PARITY;DEC30=PUT_CALL_PARITY;JUN28=SERIES_FORWARD_CLUSTER,AUG26=7747.35;SEP26=7748.5;OCT26=7813;NOV26=7808.25;DEC26=7876.5;JUN27=8015.25;APR27=7959.5;MAR27=7945.5;FEB27=7879.75;JAN27=7881;MAY27=7963.25;JUL27=8043.875;SEP27=8077.25;AUG27=8051.75;DEC29=8676.5;DEC27=8103.75;MAR28=8179;DEC28=8373.25;DEC30=9151.75;JUN28=6427.25,NONE,WEIGHTED_ATM,2026-08-21,7,600,0.0,NONE,11513,11041,471,0,0,RTM,MDW;MMW;MRW;MTW,OK,NONE,NONE,2026-08-11
SPX,7710.0,129135446.37655805,943.3705830469511,0.0,0.0,0.0,0.0,0.0,0.0,7800.932309330873,7693.767690669128,7854.514618661745,7640.185381338256,SEP26,AUG26,2026-08-12,2026-09-18,7747.35,7705.975053873443,FOUND,WARN,UNKNOWN_SERIES;ESTIMATED_EXPIRY_ALIAS,2026-08-02.2,PUT_CALL_PARITY,AUG26,AUG26=PUT_CALL_PARITY;SEP26=PUT_CALL_PARITY;OCT26=PUT_CALL_PARITY;NOV26=PUT_CALL_PARITY;DEC26=PUT_CALL_PARITY;JUN27=PUT_CALL_PARITY;APR27=PUT_CALL_PARITY;MAR27=PUT_CALL_PARITY;FEB27=PUT_CALL_PARITY;JAN27=PUT_CALL_PARITY;MAY27=PUT_CALL_PARITY;JUL27=PUT_CALL_PARITY;SEP27=PUT_CALL_PARITY;AUG27=PUT_CALL_PARITY;DEC29=PUT_CALL_PARITY;DEC27=PUT_CALL_PARITY;MAR28=PUT_CALL_PARITY;DEC28=PUT_CALL_PARITY;DEC30=PUT_CALL_PARITY;JUN28=SERIES_FORWARD_CLUSTER,AUG26=7747.35;SEP26=7748.5;OCT26=7813;NOV26=7808.25;DEC26=7876.5;JUN27=8015.25;APR27=7959.5;MAR27=7945.5;FEB27=7879.75;JAN27=7881;MAY27=7963.25;JUL27=8043.875;SEP27=8077.25;AUG27=8051.75;DEC29=8676.5;DEC27=8103.75;MAR28=8179;DEC28=8373.25;DEC30=9151.75;JUN28=6427.25,NONE,WEIGHTED_ATM,2026-08-21,7,600,0.0,NONE,11513,11041,471,0,0,RTM,MDW;MMW;MRW;MTW,OK,NONE,NONE,2026-08-11
SPX,7715.0,-75756202.95182161,260.1712057868542,0.0,0.0,0.0,0.0,0.0,0.0,7800.932309330873,7693.767690669128,7854.514618661745,7640.185381338256,SEP26,AUG26,2026-08-12,2026-09-18,7747.35,7705.975053873443,FOUND,WARN,UNKNOWN_SERIES;ESTIMATED_EXPIRY_ALIAS,2026-08-02.2,PUT_CALL_PARITY,AUG26,AUG26=PUT_CALL_PARITY;SEP26=PUT_CALL_PARITY;OCT26=PUT_CALL_PARITY;NOV26=PUT_CALL_PARITY;DEC26=PUT_CALL_PARITY;JUN27=PUT_CALL_PARITY;APR27=PUT_CALL_PARITY;MAR27=PUT_CALL_PARITY;FEB27=PUT_CALL_PARITY;JAN27=PUT_CALL_PARITY;MAY27=PUT_CALL_PARITY;JUL27=PUT_CALL_PARITY;SEP27=PUT_CALL_PARITY;AUG27=PUT_CALL_PARITY;DEC29=PUT_CALL_PARITY;DEC27=PUT_CALL_PARITY;MAR28=PUT_CALL_PARITY;DEC28=PUT_CALL_PARITY;DEC30=PUT_CALL_PARITY;JUN28=SERIES_FORWARD_CLUSTER,AUG26=7747.35;SEP26=7748.5;OCT26=7813;NOV26=7808.25;DEC26=7876.5;JUN27=8015.25;APR27=7959.5;MAR27=7945.5;FEB27=7879.75;JAN27=7881;MAY27=7963.25;JUL27=8043.875;SEP27=8077.25;AUG27=8051.75;DEC29=8676.5;DEC27=8103.75;MAR28=8179;DEC28=8373.25;DEC30=9151.75;JUN28=6427.25,NONE,WEIGHTED_ATM,2026-08-21,7,600,0.0,NONE,11513,11041,471,0,0,RTM,MDW;MMW;MRW;MTW,OK,NONE,NONE,2026-08-11
SPX,7720.0,190745198.58129668,1250.9670188020225,0.0,0.0,0.0,0.0,0.0,0.0,7800.932309330873,7693.767690669128,7854.514618661745,7640.185381338256,SEP26,AUG26,2026-08-12,2026-09-18,7747.35,7705.975053873443,FOUND,WARN,UNKNOWN_SERIES;ESTIMATED_EXPIRY_ALIAS,2026-08-02.2,PUT_CALL_PARITY,AUG26,AUG26=PUT_CALL_PARITY;SEP26=PUT_CALL_PARITY;OCT26=PUT_CALL_PARITY;NOV26=PUT_CALL_PARITY;DEC26=PUT_CALL_PARITY;JUN27=PUT_CALL_PARITY;APR27=PUT_CALL_PARITY;MAR27=PUT_CALL_PARITY;FEB27=PUT_CALL_PARITY;JAN27=PUT_CALL_PARITY;MAY27=PUT_CALL_PARITY;JUL27=PUT_CALL_PARITY;SEP27=PUT_CALL_PARITY;AUG27=PUT_CALL_PARITY;DEC29=PUT_CALL_PARITY;DEC27=PUT_CALL_PARITY;MAR28=PUT_CALL_PARITY;DEC28=PUT_CALL_PARITY;DEC30=PUT_CALL_PARITY;JUN28=SERIES_FORWARD_CLUSTER,AUG26=7747.35;SEP26=7748.5;OCT26=7813;NOV26=7808.25;DEC26=7876.5;JUN27=8015.25;APR27=7959.5;MAR27=7945.5;FEB27=7879.75;JAN27=7881;MAY27=7963.25;JUL27=8043.875;SEP27=8077.25;AUG27=8051.75;DEC29=8676.5;DEC27=8103.75;MAR28=8179;DEC28=8373.25;DEC30=9151.75;JUN28=6427.25,NONE,WEIGHTED_ATM,2026-08-21,7,600,0.0,NONE,11513,11041,471,0,0,RTM,MDW;MMW;MRW;MTW,OK,NONE,NONE,2026-08-11
SPX,7725.0,-132299647.69060123,2142.4745065423404,0.0,0.0,0.0,0.0,0.0,0.0,7800.932309330873,7693.767690669128,7854.514618661745,7640.185381338256,SEP26,AUG26,2026-08-12,2026-09-18,7747.35,7705.975053873443,FOUND,WARN,UNKNOWN_SERIES;ESTIMATED_EXPIRY_ALIAS,2026-08-02.2,PUT_CALL_PARITY,AUG26,AUG26=PUT_CALL_PARITY;SEP26=PUT_CALL_PARITY;OCT26=PUT_CALL_PARITY;NOV26=PUT_CALL_PARITY;DEC26=PUT_CALL_PARITY;JUN27=PUT_CALL_PARITY;APR27=PUT_CALL_PARITY;MAR27=PUT_CALL_PARITY;FEB27=PUT_CALL_PARITY;JAN27=PUT_CALL_PARITY;MAY27=PUT_CALL_PARITY;JUL27=PUT_CALL_PARITY;SEP27=PUT_CALL_PARITY;AUG27=PUT_CALL_PARITY;DEC29=PUT_CALL_PARITY;DEC27=PUT_CALL_PARITY;MAR28=PUT_CALL_PARITY;DEC28=PUT_CALL_PARITY;DEC30=PUT_CALL_PARITY;JUN28=SERIES_FORWARD_CLUSTER,AUG26=7747.35;SEP26=7748.5;OCT26=7813;NOV26=7808.25;DEC26=7876.5;JUN27=8015.25;APR27=7959.5;MAR27=7945.5;FEB27=7879.75;JAN27=7881;MAY27=7963.25;JUL27=8043.875;SEP27=8077.25;AUG27=8051.75;DEC29=8676.5;DEC27=8103.75;MAR28=8179;DEC28=8373.25;DEC30=9151.75;JUN28=6427.25,NONE,WEIGHTED_ATM,2026-08-21,7,600,0.0,NONE,11513,11041,471,0,0,RTM,MDW;MMW;MRW;MTW,OK,NONE,NONE,2026-08-11
SPX,7730.0,67253598.05012302,685.3720312699403,0.0,0.0,0.0,0.0,0.0,0.0,7800.932309330873,7693.767690669128,7854.514618661745,7640.185381338256,SEP26,AUG26,2026-08-12,2026-09-18,7747.35,7705.975053873443,FOUND,WARN,UNKNOWN_SERIES;ESTIMATED_EXPIRY_ALIAS,2026-08-02.2,PUT_CALL_PARITY,AUG26,AUG26=PUT_CALL_PARITY;SEP26=PUT_CALL_PARITY;OCT26=PUT_CALL_PARITY;NOV26=PUT_CALL_PARITY;DEC26=PUT_CALL_PARITY;JUN27=PUT_CALL_PARITY;APR27=PUT_CALL_PARITY;MAR27=PUT_CALL_PARITY;FEB27=PUT_CALL_PARITY;JAN27=PUT_CALL_PARITY;MAY27=PUT_CALL_PARITY;JUL27=PUT_CALL_PARITY;SEP27=PUT_CALL_PARITY;AUG27=PUT_CALL_PARITY;DEC29=PUT_CALL_PARITY;DEC27=PUT_CALL_PARITY;MAR28=PUT_CALL_PARITY;DEC28=PUT_CALL_PARITY;DEC30=PUT_CALL_PARITY;JUN28=SERIES_FORWARD_CLUSTER,AUG26=7747.35;SEP26=7748.5;OCT26=7813;NOV26=7808.25;DEC26=7876.5;JUN27=8015.25;APR27=7959.5;MAR27=7945.5;FEB27=7879.75;JAN27=7881;MAY27=7963.25;JUL27=8043.875;SEP27=8077.25;AUG27=8051.75;DEC29=8676.5;DEC27=8103.75;MAR28=8179;DEC28=8373.25;DEC30=9151.75;JUN28=6427.25,NONE,WEIGHTED_ATM,2026-08-21,7,600,0.0,NONE,11513,11041,471,0,0,RTM,MDW;MMW;MRW;MTW,OK,NONE,NONE,2026-08-11
SPX,7735.0,34680474.277016625,278.83176710290024,0.0,0.0,0.0,0.0,0.0,0.0,7800.932309330873,7693.767690669128,7854.514618661745,7640.185381338256,SEP26,AUG26,2026-08-12,2026-09-18,7747.35,7705.975053873443,FOUND,WARN,UNKNOWN_SERIES;ESTIMATED_EXPIRY_ALIAS,2026-08-02.2,PUT_CALL_PARITY,AUG26,AUG26=PUT_CALL_PARITY;SEP26=PUT_CALL_PARITY;OCT26=PUT_CALL_PARITY;NOV26=PUT_CALL_PARITY;DEC26=PUT_CALL_PARITY;JUN27=PUT_CALL_PARITY;APR27=PUT_CALL_PARITY;MAR27=PUT_CALL_PARITY;FEB27=PUT_CALL_PARITY;JAN27=PUT_CALL_PARITY;MAY27=PUT_CALL_PARITY;JUL27=PUT_CALL_PARITY;SEP27=PUT_CALL_PARITY;AUG27=PUT_CALL_PARITY;DEC29=PUT_CALL_PARITY;DEC27=PUT_CALL_PARITY;MAR28=PUT_CALL_PARITY;DEC28=PUT_CALL_PARITY;DEC30=PUT_CALL_PARITY;JUN28=SERIES_FORWARD_CLUSTER,AUG26=7747.35;SEP26=7748.5;OCT26=7813;NOV26=7808.25;DEC26=7876.5;JUN27=8015.25;APR27=7959.5;MAR27=7945.5;FEB27=7879.75;JAN27=7881;MAY27=7963.25;JUL27=8043.875;SEP27=8077.25;AUG27=8051.75;DEC29=8676.5;DEC27=8103.75;MAR28=8179;DEC28=8373.25;DEC30=9151.75;JUN28=6427.25,NONE,WEIGHTED_ATM,2026-08-21,7,600,0.0,NONE,11513,11041,471,0,0,RTM,MDW;MMW;MRW;MTW,OK,NONE,NONE,2026-08-11
SPX,7740.0,152651874.92641616,1196.871432976151,0.0,0.0,0.0,0.0,0.0,0.0,7800.932309330873,7693.767690669128,7854.514618661745,7640.185381338256,SEP26,AUG26,2026-08-12,2026-09-18,7747.35,7705.975053873443,FOUND,WARN,UNKNOWN_SERIES;ESTIMATED_EXPIRY_ALIAS,2026-08-02.2,PUT_CALL_PARITY,AUG26,AUG26=PUT_CALL_PARITY;SEP26=PUT_CALL_PARITY;OCT26=PUT_CALL_PARITY;NOV26=PUT_CALL_PARITY;DEC26=PUT_CALL_PARITY;JUN27=PUT_CALL_PARITY;APR27=PUT_CALL_PARITY;MAR27=PUT_CALL_PARITY;FEB27=PUT_CALL_PARITY;JAN27=PUT_CALL_PARITY;MAY27=PUT_CALL_PARITY;JUL27=PUT_CALL_PARITY;SEP27=PUT_CALL_PARITY;AUG27=PUT_CALL_PARITY;DEC29=PUT_CALL_PARITY;DEC27=PUT_CALL_PARITY;MAR28=PUT_CALL_PARITY;DEC28=PUT_CALL_PARITY;DEC30=PUT_CALL_PARITY;JUN28=SERIES_FORWARD_CLUSTER,AUG26=7747.35;SEP26=7748.5;OCT26=7813;NOV26=7808.25;DEC26=7876.5;JUN27=8015.25;APR27=7959.5;MAR27=7945.5;FEB27=7879.75;JAN27=7881;MAY27=7963.25;JUL27=8043.875;SEP27=8077.25;AUG27=8051.75;DEC29=8676.5;DEC27=8103.75;MAR28=8179;DEC28=8373.25;DEC30=9151.75;JUN28=6427.25,NONE,WEIGHTED_ATM,2026-08-21,7,600,0.0,NONE,11513,11041,471,0,0,RTM,MDW;MMW;MRW;MTW,OK,NONE,NONE,2026-08-11
SPX,7745.0,148594124.68907028,599.6358360570539,0.0,0.0,21.5,298.0,0.0,0.0,7800.932309330873,7693.767690669128,7854.514618661745,7640.185381338256,SEP26,AUG26,2026-08-12,2026-09-18,7747.35,7705.975053873443,FOUND,WARN,UNKNOWN_SERIES;ESTIMATED_EXPIRY_ALIAS,2026-08-02.2,PUT_CALL_PARITY,AUG26,AUG26=PUT_CALL_PARITY;SEP26=PUT_CALL_PARITY;OCT26=PUT_CALL_PARITY;NOV26=PUT_CALL_PARITY;DEC26=PUT_CALL_PARITY;JUN27=PUT_CALL_PARITY;APR27=PUT_CALL_PARITY;MAR27=PUT_CALL_PARITY;FEB27=PUT_CALL_PARITY;JAN27=PUT_CALL_PARITY;MAY27=PUT_CALL_PARITY;JUL27=PUT_CALL_PARITY;SEP27=PUT_CALL_PARITY;AUG27=PUT_CALL_PARITY;DEC29=PUT_CALL_PARITY;DEC27=PUT_CALL_PARITY;MAR28=PUT_CALL_PARITY;DEC28=PUT_CALL_PARITY;DEC30=PUT_CALL_PARITY;JUN28=SERIES_FORWARD_CLUSTER,AUG26=7747.35;SEP26=7748.5;OCT26=7813;NOV26=7808.25;DEC26=7876.5;JUN27=8015.25;APR27=7959.5;MAR27=7945.5;FEB27=7879.75;JAN27=7881;MAY27=7963.25;JUL27=8043.875;SEP27=8077.25;AUG27=8051.75;DEC29=8676.5;DEC27=8103.75;MAR28=8179;DEC28=8373.25;DEC30=9151.75;JUN28=6427.25,NONE,WEIGHTED_ATM,2026-08-21,7,600,0.0,NONE,11513,11041,471,0,0,RTM,MDW;MMW;MRW;MTW,OK,NONE,NONE,2026-08-11
SPX,7750.0,-340775085.8505516,6372.949130414674,67.0,631.0,0.0,0.0,0.0,0.0,7800.932309330873,7693.767690669128,7854.514618661745,7640.185381338256,SEP26,AUG26,2026-08-12,2026-09-18,7747.35,7705.975053873443,FOUND,WARN,UNKNOWN_SERIES;ESTIMATED_EXPIRY_ALIAS,2026-08-02.2,PUT_CALL_PARITY,AUG26,AUG26=PUT_CALL_PARITY;SEP26=PUT_CALL_PARITY;OCT26=PUT_CALL_PARITY;NOV26=PUT_CALL_PARITY;DEC26=PUT_CALL_PARITY;JUN27=PUT_CALL_PARITY;APR27=PUT_CALL_PARITY;MAR27=PUT_CALL_PARITY;FEB27=PUT_CALL_PARITY;JAN27=PUT_CALL_PARITY;MAY27=PUT_CALL_PARITY;JUL27=PUT_CALL_PARITY;SEP27=PUT_CALL_PARITY;AUG27=PUT_CALL_PARITY;DEC29=PUT_CALL_PARITY;DEC27=PUT_CALL_PARITY;MAR28=PUT_CALL_PARITY;DEC28=PUT_CALL_PARITY;DEC30=PUT_CALL_PARITY;JUN28=SERIES_FORWARD_CLUSTER,AUG26=7747.35;SEP26=7748.5;OCT26=7813;NOV26=7808.25;DEC26=7876.5;JUN27=8015.25;APR27=7959.5;MAR27=7945.5;FEB27=7879.75;JAN27=7881;MAY27=7963.25;JUL27=8043.875;SEP27=8077.25;AUG27=8051.75;DEC29=8676.5;DEC27=8103.75;MAR28=8179;DEC28=8373.25;DEC30=9151.75;JUN28=6427.25,NONE,WEIGHTED_ATM,2026-08-21,7,600,0.0,NONE,11513,11041,471,0,0,RTM,MDW;MMW;MRW;MTW,OK,NONE,NONE,2026-08-11
SPX,7755.0,-39985989.48861042,361.0027426662344,0.0,0.0,0.0,0.0,0.0,0.0,7800.932309330873,7693.767690669128,7854.514618661745,7640.185381338256,SEP26,AUG26,2026-08-12,2026-09-18,7747.35,7705.975053873443,FOUND,WARN,UNKNOWN_SERIES;ESTIMATED_EXPIRY_ALIAS,2026-08-02.2,PUT_CALL_PARITY,AUG26,AUG26=PUT_CALL_PARITY;SEP26=PUT_CALL_PARITY;OCT26=PUT_CALL_PARITY;NOV26=PUT_CALL_PARITY;DEC26=PUT_CALL_PARITY;JUN27=PUT_CALL_PARITY;APR27=PUT_CALL_PARITY;MAR27=PUT_CALL_PARITY;FEB27=PUT_CALL_PARITY;JAN27=PUT_CALL_PARITY;MAY27=PUT_CALL_PARITY;JUL27=PUT_CALL_PARITY;SEP27=PUT_CALL_PARITY;AUG27=PUT_CALL_PARITY;DEC29=PUT_CALL_PARITY;DEC27=PUT_CALL_PARITY;MAR28=PUT_CALL_PARITY;DEC28=PUT_CALL_PARITY;DEC30=PUT_CALL_PARITY;JUN28=SERIES_FORWARD_CLUSTER,AUG26=7747.35;SEP26=7748.5;OCT26=7813;NOV26=7808.25;DEC26=7876.5;JUN27=8015.25;APR27=7959.5;MAR27=7945.5;FEB27=7879.75;JAN27=7881;MAY27=7963.25;JUL27=8043.875;SEP27=8077.25;AUG27=8051.75;DEC29=8676.5;DEC27=8103.75;MAR28=8179;DEC28=8373.25;DEC30=9151.75;JUN28=6427.25,NONE,WEIGHTED_ATM,2026-08-21,7,600,0.0,NONE,11513,11041,471,0,0,RTM,MDW;MMW;MRW;MTW,OK,NONE,NONE,2026-08-11
SPX,7760.0,526949492.07034266,1690.4914255252438,0.0,0.0,0.0,0.0,0.0,0.0,7800.932309330873,7693.767690669128,7854.514618661745,7640.185381338256,SEP26,AUG26,2026-08-12,2026-09-18,7747.35,7705.975053873443,FOUND,WARN,UNKNOWN_SERIES;ESTIMATED_EXPIRY_ALIAS,2026-08-02.2,PUT_CALL_PARITY,AUG26,AUG26=PUT_CALL_PARITY;SEP26=PUT_CALL_PARITY;OCT26=PUT_CALL_PARITY;NOV26=PUT_CALL_PARITY;DEC26=PUT_CALL_PARITY;JUN27=PUT_CALL_PARITY;APR27=PUT_CALL_PARITY;MAR27=PUT_CALL_PARITY;FEB27=PUT_CALL_PARITY;JAN27=PUT_CALL_PARITY;MAY27=PUT_CALL_PARITY;JUL27=PUT_CALL_PARITY;SEP27=PUT_CALL_PARITY;AUG27=PUT_CALL_PARITY;DEC29=PUT_CALL_PARITY;DEC27=PUT_CALL_PARITY;MAR28=PUT_CALL_PARITY;DEC28=PUT_CALL_PARITY;DEC30=PUT_CALL_PARITY;JUN28=SERIES_FORWARD_CLUSTER,AUG26=7747.35;SEP26=7748.5;OCT26=7813;NOV26=7808.25;DEC26=7876.5;JUN27=8015.25;APR27=7959.5;MAR27=7945.5;FEB27=7879.75;JAN27=7881;MAY27=7963.25;JUL27=8043.875;SEP27=8077.25;AUG27=8051.75;DEC29=8676.5;DEC27=8103.75;MAR28=8179;DEC28=8373.25;DEC30=9151.75;JUN28=6427.25,NONE,WEIGHTED_ATM,2026-08-21,7,600,0.0,NONE,11513,11041,471,0,0,RTM,MDW;MMW;MRW;MTW,OK,NONE,NONE,2026-08-11
SPX,7765.0,-2282672.1909131724,550.6761891701191,0.0,0.0,0.0,0.0,0.0,0.0,7800.932309330873,7693.767690669128,7854.514618661745,7640.185381338256,SEP26,AUG26,2026-08-12,2026-09-18,7747.35,7705.975053873443,FOUND,WARN,UNKNOWN_SERIES;ESTIMATED_EXPIRY_ALIAS,2026-08-02.2,PUT_CALL_PARITY,AUG26,AUG26=PUT_CALL_PARITY;SEP26=PUT_CALL_PARITY;OCT26=PUT_CALL_PARITY;NOV26=PUT_CALL_PARITY;DEC26=PUT_CALL_PARITY;JUN27=PUT_CALL_PARITY;APR27=PUT_CALL_PARITY;MAR27=PUT_CALL_PARITY;FEB27=PUT_CALL_PARITY;JAN27=PUT_CALL_PARITY;MAY27=PUT_CALL_PARITY;JUL27=PUT_CALL_PARITY;SEP27=PUT_CALL_PARITY;AUG27=PUT_CALL_PARITY;DEC29=PUT_CALL_PARITY;DEC27=PUT_CALL_PARITY;MAR28=PUT_CALL_PARITY;DEC28=PUT_CALL_PARITY;DEC30=PUT_CALL_PARITY;JUN28=SERIES_FORWARD_CLUSTER,AUG26=7747.35;SEP26=7748.5;OCT26=7813;NOV26=7808.25;DEC26=7876.5;JUN27=8015.25;APR27=7959.5;MAR27=7945.5;FEB27=7879.75;JAN27=7881;MAY27=7963.25;JUL27=8043.875;SEP27=8077.25;AUG27=8051.75;DEC29=8676.5;DEC27=8103.75;MAR28=8179;DEC28=8373.25;DEC30=9151.75;JUN28=6427.25,NONE,WEIGHTED_ATM,2026-08-21,7,600,0.0,NONE,11513,11041,471,0,0,RTM,MDW;MMW;MRW;MTW,OK,NONE,NONE,2026-08-11
SPX,7770.0,307166516.2190063,1250.8095158655206,0.0,0.0,0.0,0.0,0.0,0.0,7800.932309330873,7693.767690669128,7854.514618661745,7640.185381338256,SEP26,AUG26,2026-08-12,2026-09-18,7747.35,7705.975053873443,FOUND,WARN,UNKNOWN_SERIES;ESTIMATED_EXPIRY_ALIAS,2026-08-02.2,PUT_CALL_PARITY,AUG26,AUG26=PUT_CALL_PARITY;SEP26=PUT_CALL_PARITY;OCT26=PUT_CALL_PARITY;NOV26=PUT_CALL_PARITY;DEC26=PUT_CALL_PARITY;JUN27=PUT_CALL_PARITY;APR27=PUT_CALL_PARITY;MAR27=PUT_CALL_PARITY;FEB27=PUT_CALL_PARITY;JAN27=PUT_CALL_PARITY;MAY27=PUT_CALL_PARITY;JUL27=PUT_CALL_PARITY;SEP27=PUT_CALL_PARITY;AUG27=PUT_CALL_PARITY;DEC29=PUT_CALL_PARITY;DEC27=PUT_CALL_PARITY;MAR28=PUT_CALL_PARITY;DEC28=PUT_CALL_PARITY;DEC30=PUT_CALL_PARITY;JUN28=SERIES_FORWARD_CLUSTER,AUG26=7747.35;SEP26=7748.5;OCT26=7813;NOV26=7808.25;DEC26=7876.5;JUN27=8015.25;APR27=7959.5;MAR27=7945.5;FEB27=7879.75;JAN27=7881;MAY27=7963.25;JUL27=8043.875;SEP27=8077.25;AUG27=8051.75;DEC29=8676.5;DEC27=8103.75;MAR28=8179;DEC28=8373.25;DEC30=9151.75;JUN28=6427.25,NONE,WEIGHTED_ATM,2026-08-21,7,600,0.0,NONE,11513,11041,471,0,0,RTM,MDW;MMW;MRW;MTW,OK,NONE,NONE,2026-08-11
SPX,7775.0,401872703.76919335,2224.9860173413254,0.0,0.0,0.0,0.0,0.0,0.0,7800.932309330873,7693.767690669128,7854.514618661745,7640.185381338256,SEP26,AUG26,2026-08-12,2026-09-18,7747.35,7705.975053873443,FOUND,WARN,UNKNOWN_SERIES;ESTIMATED_EXPIRY_ALIAS,2026-08-02.2,PUT_CALL_PARITY,AUG26,AUG26=PUT_CALL_PARITY;SEP26=PUT_CALL_PARITY;OCT26=PUT_CALL_PARITY;NOV26=PUT_CALL_PARITY;DEC26=PUT_CALL_PARITY;JUN27=PUT_CALL_PARITY;APR27=PUT_CALL_PARITY;MAR27=PUT_CALL_PARITY;FEB27=PUT_CALL_PARITY;JAN27=PUT_CALL_PARITY;MAY27=PUT_CALL_PARITY;JUL27=PUT_CALL_PARITY;SEP27=PUT_CALL_PARITY;AUG27=PUT_CALL_PARITY;DEC29=PUT_CALL_PARITY;DEC27=PUT_CALL_PARITY;MAR28=PUT_CALL_PARITY;DEC28=PUT_CALL_PARITY;DEC30=PUT_CALL_PARITY;JUN28=SERIES_FORWARD_CLUSTER,AUG26=7747.35;SEP26=7748.5;OCT26=7813;NOV26=7808.25;DEC26=7876.5;JUN27=8015.25;APR27=7959.5;MAR27=7945.5;FEB27=7879.75;JAN27=7881;MAY27=7963.25;JUL27=8043.875;SEP27=8077.25;AUG27=8051.75;DEC29=8676.5;DEC27=8103.75;MAR28=8179;DEC28=8373.25;DEC30=9151.75;JUN28=6427.25,NONE,WEIGHTED_ATM,2026-08-21,7,600,0.0,NONE,11513,11041,471,0,0,RTM,MDW;MMW;MRW;MTW,OK,NONE,NONE,2026-08-11
SPX,7780.0,689056175.9946399,1566.0423837535623,0.0,0.0,0.0,0.0,0.0,0.0,7800.932309330873,7693.767690669128,7854.514618661745,7640.185381338256,SEP26,AUG26,2026-08-12,2026-09-18,7747.35,7705.975053873443,FOUND,WARN,UNKNOWN_SERIES;ESTIMATED_EXPIRY_ALIAS,2026-08-02.2,PUT_CALL_PARITY,AUG26,AUG26=PUT_CALL_PARITY;SEP26=PUT_CALL_PARITY;OCT26=PUT_CALL_PARITY;NOV26=PUT_CALL_PARITY;DEC26=PUT_CALL_PARITY;JUN27=PUT_CALL_PARITY;APR27=PUT_CALL_PARITY;MAR27=PUT_CALL_PARITY;FEB27=PUT_CALL_PARITY;JAN27=PUT_CALL_PARITY;MAY27=PUT_CALL_PARITY;JUL27=PUT_CALL_PARITY;SEP27=PUT_CALL_PARITY;AUG27=PUT_CALL_PARITY;DEC29=PUT_CALL_PARITY;DEC27=PUT_CALL_PARITY;MAR28=PUT_CALL_PARITY;DEC28=PUT_CALL_PARITY;DEC30=PUT_CALL_PARITY;JUN28=SERIES_FORWARD_CLUSTER,AUG26=7747.35;SEP26=7748.5;OCT26=7813;NOV26=7808.25;DEC26=7876.5;JUN27=8015.25;APR27=7959.5;MAR27=7945.5;FEB27=7879.75;JAN27=7881;MAY27=7963.25;JUL27=8043.875;SEP27=8077.25;AUG27=8051.75;DEC29=8676.5;DEC27=8103.75;MAR28=8179;DEC28=8373.25;DEC30=9151.75;JUN28=6427.25,NONE,WEIGHTED_ATM,2026-08-21,7,600,0.0,NONE,11513,11041,471,0,0,RTM,MDW;MMW;MRW;MTW,OK,NONE,NONE,2026-08-11
SPX,7785.0,98951275.40309617,341.1004886795457,0.0,0.0,0.0,0.0,0.0,0.0,7800.932309330873,7693.767690669128,7854.514618661745,7640.185381338256,SEP26,AUG26,2026-08-12,2026-09-18,7747.35,7705.975053873443,FOUND,WARN,UNKNOWN_SERIES;ESTIMATED_EXPIRY_ALIAS,2026-08-02.2,PUT_CALL_PARITY,AUG26,AUG26=PUT_CALL_PARITY;SEP26=PUT_CALL_PARITY;OCT26=PUT_CALL_PARITY;NOV26=PUT_CALL_PARITY;DEC26=PUT_CALL_PARITY;JUN27=PUT_CALL_PARITY;APR27=PUT_CALL_PARITY;MAR27=PUT_CALL_PARITY;FEB27=PUT_CALL_PARITY;JAN27=PUT_CALL_PARITY;MAY27=PUT_CALL_PARITY;JUL27=PUT_CALL_PARITY;SEP27=PUT_CALL_PARITY;AUG27=PUT_CALL_PARITY;DEC29=PUT_CALL_PARITY;DEC27=PUT_CALL_PARITY;MAR28=PUT_CALL_PARITY;DEC28=PUT_CALL_PARITY;DEC30=PUT_CALL_PARITY;JUN28=SERIES_FORWARD_CLUSTER,AUG26=7747.35;SEP26=7748.5;OCT26=7813;NOV26=7808.25;DEC26=7876.5;JUN27=8015.25;APR27=7959.5;MAR27=7945.5;FEB27=7879.75;JAN27=7881;MAY27=7963.25;JUL27=8043.875;SEP27=8077.25;AUG27=8051.75;DEC29=8676.5;DEC27=8103.75;MAR28=8179;DEC28=8373.25;DEC30=9151.75;JUN28=6427.25,NONE,WEIGHTED_ATM,2026-08-21,7,600,0.0,NONE,11513,11041,471,0,0,RTM,MDW;MMW;MRW;MTW,OK,NONE,NONE,2026-08-11
SPX,7790.0,381800524.1680981,906.205462459365,0.0,0.0,0.0,0.0,0.0,0.0,7800.932309330873,7693.767690669128,7854.514618661745,7640.185381338256,SEP26,AUG26,2026-08-12,2026-09-18,7747.35,7705.975053873443,FOUND,WARN,UNKNOWN_SERIES;ESTIMATED_EXPIRY_ALIAS,2026-08-02.2,PUT_CALL_PARITY,AUG26,AUG26=PUT_CALL_PARITY;SEP26=PUT_CALL_PARITY;OCT26=PUT_CALL_PARITY;NOV26=PUT_CALL_PARITY;DEC26=PUT_CALL_PARITY;JUN27=PUT_CALL_PARITY;APR27=PUT_CALL_PARITY;MAR27=PUT_CALL_PARITY;FEB27=PUT_CALL_PARITY;JAN27=PUT_CALL_PARITY;MAY27=PUT_CALL_PARITY;JUL27=PUT_CALL_PARITY;SEP27=PUT_CALL_PARITY;AUG27=PUT_CALL_PARITY;DEC29=PUT_CALL_PARITY;DEC27=PUT_CALL_PARITY;MAR28=PUT_CALL_PARITY;DEC28=PUT_CALL_PARITY;DEC30=PUT_CALL_PARITY;JUN28=SERIES_FORWARD_CLUSTER,AUG26=7747.35;SEP26=7748.5;OCT26=7813;NOV26=7808.25;DEC26=7876.5;JUN27=8015.25;APR27=7959.5;MAR27=7945.5;FEB27=7879.75;JAN27=7881;MAY27=7963.25;JUL27=8043.875;SEP27=8077.25;AUG27=8051.75;DEC29=8676.5;DEC27=8103.75;MAR28=8179;DEC28=8373.25;DEC30=9151.75;JUN28=6427.25,NONE,WEIGHTED_ATM,2026-08-21,7,600,0.0,NONE,11513,11041,471,0,0,RTM,MDW;MMW;MRW;MTW,OK,NONE,NONE,2026-08-11
SPX,7795.0,135431658.0795339,300.1106249538097,0.0,0.0,0.0,0.0,0.0,0.0,7800.932309330873,7693.767690669128,7854.514618661745,7640.185381338256,SEP26,AUG26,2026-08-12,2026-09-18,7747.35,7705.975053873443,FOUND,WARN,UNKNOWN_SERIES;ESTIMATED_EXPIRY_ALIAS,2026-08-02.2,PUT_CALL_PARITY,AUG26,AUG26=PUT_CALL_PARITY;SEP26=PUT_CALL_PARITY;OCT26=PUT_CALL_PARITY;NOV26=PUT_CALL_PARITY;DEC26=PUT_CALL_PARITY;JUN27=PUT_CALL_PARITY;APR27=PUT_CALL_PARITY;MAR27=PUT_CALL_PARITY;FEB27=PUT_CALL_PARITY;JAN27=PUT_CALL_PARITY;MAY27=PUT_CALL_PARITY;JUL27=PUT_CALL_PARITY;SEP27=PUT_CALL_PARITY;AUG27=PUT_CALL_PARITY;DEC29=PUT_CALL_PARITY;DEC27=PUT_CALL_PARITY;MAR28=PUT_CALL_PARITY;DEC28=PUT_CALL_PARITY;DEC30=PUT_CALL_PARITY;JUN28=SERIES_FORWARD_CLUSTER,AUG26=7747.35;SEP26=7748.5;OCT26=7813;NOV26=7808.25;DEC26=7876.5;JUN27=8015.25;APR27=7959.5;MAR27=7945.5;FEB27=7879.75;JAN27=7881;MAY27=7963.25;JUL27=8043.875;SEP27=8077.25;AUG27=8051.75;DEC29=8676.5;DEC27=8103.75;MAR28=8179;DEC28=8373.25;DEC30=9151.75;JUN28=6427.25,NONE,WEIGHTED_ATM,2026-08-21,7,600,0.0,NONE,11513,11041,471,0,0,RTM,MDW;MMW;MRW;MTW,OK,NONE,NONE,2026-08-11
SPX,7800.0,1686410694.0808473,4513.287154280054,0.0,0.0,0.0,0.0,0.0,0.0,7800.932309330873,7693.767690669128,7854.514618661745,7640.185381338256,SEP26,AUG26,2026-08-12,2026-09-18,7747.35,7705.975053873443,FOUND,WARN,UNKNOWN_SERIES;ESTIMATED_EXPIRY_ALIAS,2026-08-02.2,PUT_CALL_PARITY,AUG26,AUG26=PUT_CALL_PARITY;SEP26=PUT_CALL_PARITY;OCT26=PUT_CALL_PARITY;NOV26=PUT_CALL_PARITY;DEC26=PUT_CALL_PARITY;JUN27=PUT_CALL_PARITY;APR27=PUT_CALL_PARITY;MAR27=PUT_CALL_PARITY;FEB27=PUT_CALL_PARITY;JAN27=PUT_CALL_PARITY;MAY27=PUT_CALL_PARITY;JUL27=PUT_CALL_PARITY;SEP27=PUT_CALL_PARITY;AUG27=PUT_CALL_PARITY;DEC29=PUT_CALL_PARITY;DEC27=PUT_CALL_PARITY;MAR28=PUT_CALL_PARITY;DEC28=PUT_CALL_PARITY;DEC30=PUT_CALL_PARITY;JUN28=SERIES_FORWARD_CLUSTER,AUG26=7747.35;SEP26=7748.5;OCT26=7813;NOV26=7808.25;DEC26=7876.5;JUN27=8015.25;APR27=7959.5;MAR27=7945.5;FEB27=7879.75;JAN27=7881;MAY27=7963.25;JUL27=8043.875;SEP27=8077.25;AUG27=8051.75;DEC29=8676.5;DEC27=8103.75;MAR28=8179;DEC28=8373.25;DEC30=9151.75;JUN28=6427.25,NONE,WEIGHTED_ATM,2026-08-21,7,600,0.0,NONE,11513,11041,471,0,0,RTM,MDW;MMW;MRW;MTW,OK,NONE,NONE,2026-08-11
SPX,7805.0,111124247.7632182,231.3024494987814,0.0,0.0,0.0,0.0,0.0,0.0,7800.932309330873,7693.767690669128,7854.514618661745,7640.185381338256,SEP26,AUG26,2026-08-12,2026-09-18,7747.35,7705.975053873443,FOUND,WARN,UNKNOWN_SERIES;ESTIMATED_EXPIRY_ALIAS,2026-08-02.2,PUT_CALL_PARITY,AUG26,AUG26=PUT_CALL_PARITY;SEP26=PUT_CALL_PARITY;OCT26=PUT_CALL_PARITY;NOV26=PUT_CALL_PARITY;DEC26=PUT_CALL_PARITY;JUN27=PUT_CALL_PARITY;APR27=PUT_CALL_PARITY;MAR27=PUT_CALL_PARITY;FEB27=PUT_CALL_PARITY;JAN27=PUT_CALL_PARITY;MAY27=PUT_CALL_PARITY;JUL27=PUT_CALL_PARITY;SEP27=PUT_CALL_PARITY;AUG27=PUT_CALL_PARITY;DEC29=PUT_CALL_PARITY;DEC27=PUT_CALL_PARITY;MAR28=PUT_CALL_PARITY;DEC28=PUT_CALL_PARITY;DEC30=PUT_CALL_PARITY;JUN28=SERIES_FORWARD_CLUSTER,AUG26=7747.35;SEP26=7748.5;OCT26=7813;NOV26=7808.25;DEC26=7876.5;JUN27=8015.25;APR27=7959.5;MAR27=7945.5;FEB27=7879.75;JAN27=7881;MAY27=7963.25;JUL27=8043.875;SEP27=8077.25;AUG27=8051.75;DEC29=8676.5;DEC27=8103.75;MAR28=8179;DEC28=8373.25;DEC30=9151.75;JUN28=6427.25,NONE,WEIGHTED_ATM,2026-08-21,7,600,0.0,NONE,11513,11041,471,0,0,RTM,MDW;MMW;MRW;MTW,OK,NONE,NONE,2026-08-11
SPX,7810.0,552713713.3653805,1059.7505862358087,0.0,0.0,0.0,0.0,0.0,0.0,7800.932309330873,7693.767690669128,7854.514618661745,7640.185381338256,SEP26,AUG26,2026-08-12,2026-09-18,7747.35,7705.975053873443,FOUND,WARN,UNKNOWN_SERIES;ESTIMATED_EXPIRY_ALIAS,2026-08-02.2,PUT_CALL_PARITY,AUG26,AUG26=PUT_CALL_PARITY;SEP26=PUT_CALL_PARITY;OCT26=PUT_CALL_PARITY;NOV26=PUT_CALL_PARITY;DEC26=PUT_CALL_PARITY;JUN27=PUT_CALL_PARITY;APR27=PUT_CALL_PARITY;MAR27=PUT_CALL_PARITY;FEB27=PUT_CALL_PARITY;JAN27=PUT_CALL_PARITY;MAY27=PUT_CALL_PARITY;JUL27=PUT_CALL_PARITY;SEP27=PUT_CALL_PARITY;AUG27=PUT_CALL_PARITY;DEC29=PUT_CALL_PARITY;DEC27=PUT_CALL_PARITY;MAR28=PUT_CALL_PARITY;DEC28=PUT_CALL_PARITY;DEC30=PUT_CALL_PARITY;JUN28=SERIES_FORWARD_CLUSTER,AUG26=7747.35;SEP26=7748.5;OCT26=7813;NOV26=7808.25;DEC26=7876.5;JUN27=8015.25;APR27=7959.5;MAR27=7945.5;FEB27=7879.75;JAN27=7881;MAY27=7963.25;JUL27=8043.875;SEP27=8077.25;AUG27=8051.75;DEC29=8676.5;DEC27=8103.75;MAR28=8179;DEC28=8373.25;DEC30=9151.75;JUN28=6427.25,NONE,WEIGHTED_ATM,2026-08-21,7,600,0.0,NONE,11513,11041,471,0,0,RTM,MDW;MMW;MRW;MTW,OK,NONE,NONE,2026-08-11
SPX,7815.0,176008858.74230903,324.9067535517787,0.0,0.0,0.0,0.0,0.0,0.0,7800.932309330873,7693.767690669128,7854.514618661745,7640.185381338256,SEP26,AUG26,2026-08-12,2026-09-18,7747.35,7705.975053873443,FOUND,WARN,UNKNOWN_SERIES;ESTIMATED_EXPIRY_ALIAS,2026-08-02.2,PUT_CALL_PARITY,AUG26,AUG26=PUT_CALL_PARITY;SEP26=PUT_CALL_PARITY;OCT26=PUT_CALL_PARITY;NOV26=PUT_CALL_PARITY;DEC26=PUT_CALL_PARITY;JUN27=PUT_CALL_PARITY;APR27=PUT_CALL_PARITY;MAR27=PUT_CALL_PARITY;FEB27=PUT_CALL_PARITY;JAN27=PUT_CALL_PARITY;MAY27=PUT_CALL_PARITY;JUL27=PUT_CALL_PARITY;SEP27=PUT_CALL_PARITY;AUG27=PUT_CALL_PARITY;DEC29=PUT_CALL_PARITY;DEC27=PUT_CALL_PARITY;MAR28=PUT_CALL_PARITY;DEC28=PUT_CALL_PARITY;DEC30=PUT_CALL_PARITY;JUN28=SERIES_FORWARD_CLUSTER,AUG26=7747.35;SEP26=7748.5;OCT26=7813;NOV26=7808.25;DEC26=7876.5;JUN27=8015.25;APR27=7959.5;MAR27=7945.5;FEB27=7879.75;JAN27=7881;MAY27=7963.25;JUL27=8043.875;SEP27=8077.25;AUG27=8051.75;DEC29=8676.5;DEC27=8103.75;MAR28=8179;DEC28=8373.25;DEC30=9151.75;JUN28=6427.25,NONE,WEIGHTED_ATM,2026-08-21,7,600,0.0,NONE,11513,11041,471,0,0,RTM,MDW;MMW;MRW;MTW,OK,NONE,NONE,2026-08-11
SPX,7820.0,335043467.3888054,629.4062559121559,0.0,0.0,0.0,0.0,0.0,0.0,7800.932309330873,7693.767690669128,7854.514618661745,7640.185381338256,SEP26,AUG26,2026-08-12,2026-09-18,7747.35,7705.975053873443,FOUND,WARN,UNKNOWN_SERIES;ESTIMATED_EXPIRY_ALIAS,2026-08-02.2,PUT_CALL_PARITY,AUG26,AUG26=PUT_CALL_PARITY;SEP26=PUT_CALL_PARITY;OCT26=PUT_CALL_PARITY;NOV26=PUT_CALL_PARITY;DEC26=PUT_CALL_PARITY;JUN27=PUT_CALL_PARITY;APR27=PUT_CALL_PARITY;MAR27=PUT_CALL_PARITY;FEB27=PUT_CALL_PARITY;JAN27=PUT_CALL_PARITY;MAY27=PUT_CALL_PARITY;JUL27=PUT_CALL_PARITY;SEP27=PUT_CALL_PARITY;AUG27=PUT_CALL_PARITY;DEC29=PUT_CALL_PARITY;DEC27=PUT_CALL_PARITY;MAR28=PUT_CALL_PARITY;DEC28=PUT_CALL_PARITY;DEC30=PUT_CALL_PARITY;JUN28=SERIES_FORWARD_CLUSTER,AUG26=7747.35;SEP26=7748.5;OCT26=7813;NOV26=7808.25;DEC26=7876.5;JUN27=8015.25;APR27=7959.5;MAR27=7945.5;FEB27=7879.75;JAN27=7881;MAY27=7963.25;JUL27=8043.875;SEP27=8077.25;AUG27=8051.75;DEC29=8676.5;DEC27=8103.75;MAR28=8179;DEC28=8373.25;DEC30=9151.75;JUN28=6427.25,NONE,WEIGHTED_ATM,2026-08-21,7,600,0.0,NONE,11513,11041,471,0,0,RTM,MDW;MMW;MRW;MTW,OK,NONE,NONE,2026-08-11
SPX,7825.0,742053386.3289957,1567.6353268049231,0.0,0.0,0.0,0.0,0.0,0.0,7800.932309330873,7693.767690669128,7854.514618661745,7640.185381338256,SEP26,AUG26,2026-08-12,2026-09-18,7747.35,7705.975053873443,FOUND,WARN,UNKNOWN_SERIES;ESTIMATED_EXPIRY_ALIAS,2026-08-02.2,PUT_CALL_PARITY,AUG26,AUG26=PUT_CALL_PARITY;SEP26=PUT_CALL_PARITY;OCT26=PUT_CALL_PARITY;NOV26=PUT_CALL_PARITY;DEC26=PUT_CALL_PARITY;JUN27=PUT_CALL_PARITY;APR27=PUT_CALL_PARITY;MAR27=PUT_CALL_PARITY;FEB27=PUT_CALL_PARITY;JAN27=PUT_CALL_PARITY;MAY27=PUT_CALL_PARITY;JUL27=PUT_CALL_PARITY;SEP27=PUT_CALL_PARITY;AUG27=PUT_CALL_PARITY;DEC29=PUT_CALL_PARITY;DEC27=PUT_CALL_PARITY;MAR28=PUT_CALL_PARITY;DEC28=PUT_CALL_PARITY;DEC30=PUT_CALL_PARITY;JUN28=SERIES_FORWARD_CLUSTER,AUG26=7747.35;SEP26=7748.5;OCT26=7813;NOV26=7808.25;DEC26=7876.5;JUN27=8015.25;APR27=7959.5;MAR27=7945.5;FEB27=7879.75;JAN27=7881;MAY27=7963.25;JUL27=8043.875;SEP27=8077.25;AUG27=8051.75;DEC29=8676.5;DEC27=8103.75;MAR28=8179;DEC28=8373.25;DEC30=9151.75;JUN28=6427.25,NONE,WEIGHTED_ATM,2026-08-21,7,600,0.0,NONE,11513,11041,471,0,0,RTM,MDW;MMW;MRW;MTW,OK,NONE,NONE,2026-08-11
SPX,7830.0,551219076.3544148,970.3151003308792,0.0,0.0,0.0,0.0,0.0,0.0,7800.932309330873,7693.767690669128,7854.514618661745,7640.185381338256,SEP26,AUG26,2026-08-12,2026-09-18,7747.35,7705.975053873443,FOUND,WARN,UNKNOWN_SERIES;ESTIMATED_EXPIRY_ALIAS,2026-08-02.2,PUT_CALL_PARITY,AUG26,AUG26=PUT_CALL_PARITY;SEP26=PUT_CALL_PARITY;OCT26=PUT_CALL_PARITY;NOV26=PUT_CALL_PARITY;DEC26=PUT_CALL_PARITY;JUN27=PUT_CALL_PARITY;APR27=PUT_CALL_PARITY;MAR27=PUT_CALL_PARITY;FEB27=PUT_CALL_PARITY;JAN27=PUT_CALL_PARITY;MAY27=PUT_CALL_PARITY;JUL27=PUT_CALL_PARITY;SEP27=PUT_CALL_PARITY;AUG27=PUT_CALL_PARITY;DEC29=PUT_CALL_PARITY;DEC27=PUT_CALL_PARITY;MAR28=PUT_CALL_PARITY;DEC28=PUT_CALL_PARITY;DEC30=PUT_CALL_PARITY;JUN28=SERIES_FORWARD_CLUSTER,AUG26=7747.35;SEP26=7748.5;OCT26=7813;NOV26=7808.25;DEC26=7876.5;JUN27=8015.25;APR27=7959.5;MAR27=7945.5;FEB27=7879.75;JAN27=7881;MAY27=7963.25;JUL27=8043.875;SEP27=8077.25;AUG27=8051.75;DEC29=8676.5;DEC27=8103.75;MAR28=8179;DEC28=8373.25;DEC30=9151.75;JUN28=6427.25,NONE,WEIGHTED_ATM,2026-08-21,7,600,0.0,NONE,11513,11041,471,0,0,RTM,MDW;MMW;MRW;MTW,OK,NONE,NONE,2026-08-11
SPX,7835.0,56903471.82622432,108.06280198734258,0.0,0.0,0.0,0.0,0.0,0.0,7800.932309330873,7693.767690669128,7854.514618661745,7640.185381338256,SEP26,AUG26,2026-08-12,2026-09-18,7747.35,7705.975053873443,FOUND,WARN,UNKNOWN_SERIES;ESTIMATED_EXPIRY_ALIAS,2026-08-02.2,PUT_CALL_PARITY,AUG26,AUG26=PUT_CALL_PARITY;SEP26=PUT_CALL_PARITY;OCT26=PUT_CALL_PARITY;NOV26=PUT_CALL_PARITY;DEC26=PUT_CALL_PARITY;JUN27=PUT_CALL_PARITY;APR27=PUT_CALL_PARITY;MAR27=PUT_CALL_PARITY;FEB27=PUT_CALL_PARITY;JAN27=PUT_CALL_PARITY;MAY27=PUT_CALL_PARITY;JUL27=PUT_CALL_PARITY;SEP27=PUT_CALL_PARITY;AUG27=PUT_CALL_PARITY;DEC29=PUT_CALL_PARITY;DEC27=PUT_CALL_PARITY;MAR28=PUT_CALL_PARITY;DEC28=PUT_CALL_PARITY;DEC30=PUT_CALL_PARITY;JUN28=SERIES_FORWARD_CLUSTER,AUG26=7747.35;SEP26=7748.5;OCT26=7813;NOV26=7808.25;DEC26=7876.5;JUN27=8015.25;APR27=7959.5;MAR27=7945.5;FEB27=7879.75;JAN27=7881;MAY27=7963.25;JUL27=8043.875;SEP27=8077.25;AUG27=8051.75;DEC29=8676.5;DEC27=8103.75;MAR28=8179;DEC28=8373.25;DEC30=9151.75;JUN28=6427.25,NONE,WEIGHTED_ATM,2026-08-21,7,600,0.0,NONE,11513,11041,471,0,0,RTM,MDW;MMW;MRW;MTW,OK,NONE,NONE,2026-08-11
SPX,7840.0,327904804.0700191,571.0342289001057,0.0,0.0,0.0,0.0,0.0,0.0,7800.932309330873,7693.767690669128,7854.514618661745,7640.185381338256,SEP26,AUG26,2026-08-12,2026-09-18,7747.35,7705.975053873443,FOUND,WARN,UNKNOWN_SERIES;ESTIMATED_EXPIRY_ALIAS,2026-08-02.2,PUT_CALL_PARITY,AUG26,AUG26=PUT_CALL_PARITY;SEP26=PUT_CALL_PARITY;OCT26=PUT_CALL_PARITY;NOV26=PUT_CALL_PARITY;DEC26=PUT_CALL_PARITY;JUN27=PUT_CALL_PARITY;APR27=PUT_CALL_PARITY;MAR27=PUT_CALL_PARITY;FEB27=PUT_CALL_PARITY;JAN27=PUT_CALL_PARITY;MAY27=PUT_CALL_PARITY;JUL27=PUT_CALL_PARITY;SEP27=PUT_CALL_PARITY;AUG27=PUT_CALL_PARITY;DEC29=PUT_CALL_PARITY;DEC27=PUT_CALL_PARITY;MAR28=PUT_CALL_PARITY;DEC28=PUT_CALL_PARITY;DEC30=PUT_CALL_PARITY;JUN28=SERIES_FORWARD_CLUSTER,AUG26=7747.35;SEP26=7748.5;OCT26=7813;NOV26=7808.25;DEC26=7876.5;JUN27=8015.25;APR27=7959.5;MAR27=7945.5;FEB27=7879.75;JAN27=7881;MAY27=7963.25;JUL27=8043.875;SEP27=8077.25;AUG27=8051.75;DEC29=8676.5;DEC27=8103.75;MAR28=8179;DEC28=8373.25;DEC30=9151.75;JUN28=6427.25,NONE,WEIGHTED_ATM,2026-08-21,7,600,0.0,NONE,11513,11041,471,0,0,RTM,MDW;MMW;MRW;MTW,OK,NONE,NONE,2026-08-11
SPX,7845.0,53634612.646471605,97.78371465612966,0.0,0.0,0.0,0.0,0.0,0.0,7800.932309330873,7693.767690669128,7854.514618661745,7640.185381338256,SEP26,AUG26,2026-08-12,2026-09-18,7747.35,7705.975053873443,FOUND,WARN,UNKNOWN_SERIES;ESTIMATED_EXPIRY_ALIAS,2026-08-02.2,PUT_CALL_PARITY,AUG26,AUG26=PUT_CALL_PARITY;SEP26=PUT_CALL_PARITY;OCT26=PUT_CALL_PARITY;NOV26=PUT_CALL_PARITY;DEC26=PUT_CALL_PARITY;JUN27=PUT_CALL_PARITY;APR27=PUT_CALL_PARITY;MAR27=PUT_CALL_PARITY;FEB27=PUT_CALL_PARITY;JAN27=PUT_CALL_PARITY;MAY27=PUT_CALL_PARITY;JUL27=PUT_CALL_PARITY;SEP27=PUT_CALL_PARITY;AUG27=PUT_CALL_PARITY;DEC29=PUT_CALL_PARITY;DEC27=PUT_CALL_PARITY;MAR28=PUT_CALL_PARITY;DEC28=PUT_CALL_PARITY;DEC30=PUT_CALL_PARITY;JUN28=SERIES_FORWARD_CLUSTER,AUG26=7747.35;SEP26=7748.5;OCT26=7813;NOV26=7808.25;DEC26=7876.5;JUN27=8015.25;APR27=7959.5;MAR27=7945.5;FEB27=7879.75;JAN27=7881;MAY27=7963.25;JUL27=8043.875;SEP27=8077.25;AUG27=8051.75;DEC29=8676.5;DEC27=8103.75;MAR28=8179;DEC28=8373.25;DEC30=9151.75;JUN28=6427.25,NONE,WEIGHTED_ATM,2026-08-21,7,600,0.0,NONE,11513,11041,471,0,0,RTM,MDW;MMW;MRW;MTW,OK,NONE,NONE,2026-08-11
SPX,7850.0,1396717408.6880496,2746.9510756656387,0.0,0.0,0.0,0.0,0.0,0.0,7800.932309330873,7693.767690669128,7854.514618661745,7640.185381338256,SEP26,AUG26,2026-08-12,2026-09-18,7747.35,7705.975053873443,FOUND,WARN,UNKNOWN_SERIES;ESTIMATED_EXPIRY_ALIAS,2026-08-02.2,PUT_CALL_PARITY,AUG26,AUG26=PUT_CALL_PARITY;SEP26=PUT_CALL_PARITY;OCT26=PUT_CALL_PARITY;NOV26=PUT_CALL_PARITY;DEC26=PUT_CALL_PARITY;JUN27=PUT_CALL_PARITY;APR27=PUT_CALL_PARITY;MAR27=PUT_CALL_PARITY;FEB27=PUT_CALL_PARITY;JAN27=PUT_CALL_PARITY;MAY27=PUT_CALL_PARITY;JUL27=PUT_CALL_PARITY;SEP27=PUT_CALL_PARITY;AUG27=PUT_CALL_PARITY;DEC29=PUT_CALL_PARITY;DEC27=PUT_CALL_PARITY;MAR28=PUT_CALL_PARITY;DEC28=PUT_CALL_PARITY;DEC30=PUT_CALL_PARITY;JUN28=SERIES_FORWARD_CLUSTER,AUG26=7747.35;SEP26=7748.5;OCT26=7813;NOV26=7808.25;DEC26=7876.5;JUN27=8015.25;APR27=7959.5;MAR27=7945.5;FEB27=7879.75;JAN27=7881;MAY27=7963.25;JUL27=8043.875;SEP27=8077.25;AUG27=8051.75;DEC29=8676.5;DEC27=8103.75;MAR28=8179;DEC28=8373.25;DEC30=9151.75;JUN28=6427.25,NONE,WEIGHTED_ATM,2026-08-21,7,600,0.0,NONE,11513,11041,471,0,0,RTM,MDW;MMW;MRW;MTW,OK,NONE,NONE,2026-08-11
SPX,7855.0,64165047.6170803,109.76007191403811,0.0,0.0,0.0,0.0,0.0,0.0,7800.932309330873,7693.767690669128,7854.514618661745,7640.185381338256,SEP26,AUG26,2026-08-12,2026-09-18,7747.35,7705.975053873443,FOUND,WARN,UNKNOWN_SERIES;ESTIMATED_EXPIRY_ALIAS,2026-08-02.2,PUT_CALL_PARITY,AUG26,AUG26=PUT_CALL_PARITY;SEP26=PUT_CALL_PARITY;OCT26=PUT_CALL_PARITY;NOV26=PUT_CALL_PARITY;DEC26=PUT_CALL_PARITY;JUN27=PUT_CALL_PARITY;APR27=PUT_CALL_PARITY;MAR27=PUT_CALL_PARITY;FEB27=PUT_CALL_PARITY;JAN27=PUT_CALL_PARITY;MAY27=PUT_CALL_PARITY;JUL27=PUT_CALL_PARITY;SEP27=PUT_CALL_PARITY;AUG27=PUT_CALL_PARITY;DEC29=PUT_CALL_PARITY;DEC27=PUT_CALL_PARITY;MAR28=PUT_CALL_PARITY;DEC28=PUT_CALL_PARITY;DEC30=PUT_CALL_PARITY;JUN28=SERIES_FORWARD_CLUSTER,AUG26=7747.35;SEP26=7748.5;OCT26=7813;NOV26=7808.25;DEC26=7876.5;JUN27=8015.25;APR27=7959.5;MAR27=7945.5;FEB27=7879.75;JAN27=7881;MAY27=7963.25;JUL27=8043.875;SEP27=8077.25;AUG27=8051.75;DEC29=8676.5;DEC27=8103.75;MAR28=8179;DEC28=8373.25;DEC30=9151.75;JUN28=6427.25,NONE,WEIGHTED_ATM,2026-08-21,7,600,0.0,NONE,11513,11041,471,0,0,RTM,MDW;MMW;MRW;MTW,OK,NONE,NONE,2026-08-11
SPX,7860.0,525837383.8852688,875.8783096023285,0.0,0.0,0.0,0.0,0.0,0.0,7800.932309330873,7693.767690669128,7854.514618661745,7640.185381338256,SEP26,AUG26,2026-08-12,2026-09-18,7747.35,7705.975053873443,FOUND,WARN,UNKNOWN_SERIES;ESTIMATED_EXPIRY_ALIAS,2026-08-02.2,PUT_CALL_PARITY,AUG26,AUG26=PUT_CALL_PARITY;SEP26=PUT_CALL_PARITY;OCT26=PUT_CALL_PARITY;NOV26=PUT_CALL_PARITY;DEC26=PUT_CALL_PARITY;JUN27=PUT_CALL_PARITY;APR27=PUT_CALL_PARITY;MAR27=PUT_CALL_PARITY;FEB27=PUT_CALL_PARITY;JAN27=PUT_CALL_PARITY;MAY27=PUT_CALL_PARITY;JUL27=PUT_CALL_PARITY;SEP27=PUT_CALL_PARITY;AUG27=PUT_CALL_PARITY;DEC29=PUT_CALL_PARITY;DEC27=PUT_CALL_PARITY;MAR28=PUT_CALL_PARITY;DEC28=PUT_CALL_PARITY;DEC30=PUT_CALL_PARITY;JUN28=SERIES_FORWARD_CLUSTER,AUG26=7747.35;SEP26=7748.5;OCT26=7813;NOV26=7808.25;DEC26=7876.5;JUN27=8015.25;APR27=7959.5;MAR27=7945.5;FEB27=7879.75;JAN27=7881;MAY27=7963.25;JUL27=8043.875;SEP27=8077.25;AUG27=8051.75;DEC29=8676.5;DEC27=8103.75;MAR28=8179;DEC28=8373.25;DEC30=9151.75;JUN28=6427.25,NONE,WEIGHTED_ATM,2026-08-21,7,600,0.0,NONE,11513,11041,471,0,0,RTM,MDW;MMW;MRW;MTW,OK,NONE,NONE,2026-08-11
SPX,7865.0,25440675.75435453,42.967805430990815,0.0,0.0,0.0,0.0,0.0,0.0,7800.932309330873,7693.767690669128,7854.514618661745,7640.185381338256,SEP26,AUG26,2026-08-12,2026-09-18,7747.35,7705.975053873443,FOUND,WARN,UNKNOWN_SERIES;ESTIMATED_EXPIRY_ALIAS,2026-08-02.2,PUT_CALL_PARITY,AUG26,AUG26=PUT_CALL_PARITY;SEP26=PUT_CALL_PARITY;OCT26=PUT_CALL_PARITY;NOV26=PUT_CALL_PARITY;DEC26=PUT_CALL_PARITY;JUN27=PUT_CALL_PARITY;APR27=PUT_CALL_PARITY;MAR27=PUT_CALL_PARITY;FEB27=PUT_CALL_PARITY;JAN27=PUT_CALL_PARITY;MAY27=PUT_CALL_PARITY;JUL27=PUT_CALL_PARITY;SEP27=PUT_CALL_PARITY;AUG27=PUT_CALL_PARITY;DEC29=PUT_CALL_PARITY;DEC27=PUT_CALL_PARITY;MAR28=PUT_CALL_PARITY;DEC28=PUT_CALL_PARITY;DEC30=PUT_CALL_PARITY;JUN28=SERIES_FORWARD_CLUSTER,AUG26=7747.35;SEP26=7748.5;OCT26=7813;NOV26=7808.25;DEC26=7876.5;JUN27=8015.25;APR27=7959.5;MAR27=7945.5;FEB27=7879.75;JAN27=7881;MAY27=7963.25;JUL27=8043.875;SEP27=8077.25;AUG27=8051.75;DEC29=8676.5;DEC27=8103.75;MAR28=8179;DEC28=8373.25;DEC30=9151.75;JUN28=6427.25,NONE,WEIGHTED_ATM,2026-08-21,7,600,0.0,NONE,11513,11041,471,0,0,RTM,MDW;MMW;MRW;MTW,OK,NONE,NONE,2026-08-11
SPX,7870.0,215981216.06235006,368.02119803464177,0.0,0.0,0.0,0.0,0.0,0.0,7800.932309330873,7693.767690669128,7854.514618661745,7640.185381338256,SEP26,AUG26,2026-08-12,2026-09-18,7747.35,7705.975053873443,FOUND,WARN,UNKNOWN_SERIES;ESTIMATED_EXPIRY_ALIAS,2026-08-02.2,PUT_CALL_PARITY,AUG26,AUG26=PUT_CALL_PARITY;SEP26=PUT_CALL_PARITY;OCT26=PUT_CALL_PARITY;NOV26=PUT_CALL_PARITY;DEC26=PUT_CALL_PARITY;JUN27=PUT_CALL_PARITY;APR27=PUT_CALL_PARITY;MAR27=PUT_CALL_PARITY;FEB27=PUT_CALL_PARITY;JAN27=PUT_CALL_PARITY;MAY27=PUT_CALL_PARITY;JUL27=PUT_CALL_PARITY;SEP27=PUT_CALL_PARITY;AUG27=PUT_CALL_PARITY;DEC29=PUT_CALL_PARITY;DEC27=PUT_CALL_PARITY;MAR28=PUT_CALL_PARITY;DEC28=PUT_CALL_PARITY;DEC30=PUT_CALL_PARITY;JUN28=SERIES_FORWARD_CLUSTER,AUG26=7747.35;SEP26=7748.5;OCT26=7813;NOV26=7808.25;DEC26=7876.5;JUN27=8015.25;APR27=7959.5;MAR27=7945.5;FEB27=7879.75;JAN27=7881;MAY27=7963.25;JUL27=8043.875;SEP27=8077.25;AUG27=8051.75;DEC29=8676.5;DEC27=8103.75;MAR28=8179;DEC28=8373.25;DEC30=9151.75;JUN28=6427.25,NONE,WEIGHTED_ATM,2026-08-21,7,600,0.0,NONE,11513,11041,471,0,0,RTM,MDW;MMW;MRW;MTW,OK,NONE,NONE,2026-08-11
SPX,7875.0,564860373.7936774,1004.9792070601221,0.0,0.0,0.0,0.0,0.0,0.0,7800.932309330873,7693.767690669128,7854.514618661745,7640.185381338256,SEP26,AUG26,2026-08-12,2026-09-18,7747.35,7705.975053873443,FOUND,WARN,UNKNOWN_SERIES;ESTIMATED_EXPIRY_ALIAS,2026-08-02.2,PUT_CALL_PARITY,AUG26,AUG26=PUT_CALL_PARITY;SEP26=PUT_CALL_PARITY;OCT26=PUT_CALL_PARITY;NOV26=PUT_CALL_PARITY;DEC26=PUT_CALL_PARITY;JUN27=PUT_CALL_PARITY;APR27=PUT_CALL_PARITY;MAR27=PUT_CALL_PARITY;FEB27=PUT_CALL_PARITY;JAN27=PUT_CALL_PARITY;MAY27=PUT_CALL_PARITY;JUL27=PUT_CALL_PARITY;SEP27=PUT_CALL_PARITY;AUG27=PUT_CALL_PARITY;DEC29=PUT_CALL_PARITY;DEC27=PUT_CALL_PARITY;MAR28=PUT_CALL_PARITY;DEC28=PUT_CALL_PARITY;DEC30=PUT_CALL_PARITY;JUN28=SERIES_FORWARD_CLUSTER,AUG26=7747.35;SEP26=7748.5;OCT26=7813;NOV26=7808.25;DEC26=7876.5;JUN27=8015.25;APR27=7959.5;MAR27=7945.5;FEB27=7879.75;JAN27=7881;MAY27=7963.25;JUL27=8043.875;SEP27=8077.25;AUG27=8051.75;DEC29=8676.5;DEC27=8103.75;MAR28=8179;DEC28=8373.25;DEC30=9151.75;JUN28=6427.25,NONE,WEIGHTED_ATM,2026-08-21,7,600,0.0,NONE,11513,11041,471,0,0,RTM,MDW;MMW;MRW;MTW,OK,NONE,NONE,2026-08-11
SPX,7880.0,195018605.61895907,331.5068471174906,0.0,0.0,0.0,0.0,0.0,0.0,7800.932309330873,7693.767690669128,7854.514618661745,7640.185381338256,SEP26,AUG26,2026-08-12,2026-09-18,7747.35,7705.975053873443,FOUND,WARN,UNKNOWN_SERIES;ESTIMATED_EXPIRY_ALIAS,2026-08-02.2,PUT_CALL_PARITY,AUG26,AUG26=PUT_CALL_PARITY;SEP26=PUT_CALL_PARITY;OCT26=PUT_CALL_PARITY;NOV26=PUT_CALL_PARITY;DEC26=PUT_CALL_PARITY;JUN27=PUT_CALL_PARITY;APR27=PUT_CALL_PARITY;MAR27=PUT_CALL_PARITY;FEB27=PUT_CALL_PARITY;JAN27=PUT_CALL_PARITY;MAY27=PUT_CALL_PARITY;JUL27=PUT_CALL_PARITY;SEP27=PUT_CALL_PARITY;AUG27=PUT_CALL_PARITY;DEC29=PUT_CALL_PARITY;DEC27=PUT_CALL_PARITY;MAR28=PUT_CALL_PARITY;DEC28=PUT_CALL_PARITY;DEC30=PUT_CALL_PARITY;JUN28=SERIES_FORWARD_CLUSTER,AUG26=7747.35;SEP26=7748.5;OCT26=7813;NOV26=7808.25;DEC26=7876.5;JUN27=8015.25;APR27=7959.5;MAR27=7945.5;FEB27=7879.75;JAN27=7881;MAY27=7963.25;JUL27=8043.875;SEP27=8077.25;AUG27=8051.75;DEC29=8676.5;DEC27=8103.75;MAR28=8179;DEC28=8373.25;DEC30=9151.75;JUN28=6427.25,NONE,WEIGHTED_ATM,2026-08-21,7,600,0.0,NONE,11513,11041,471,0,0,RTM,MDW;MMW;MRW;MTW,OK,NONE,NONE,2026-08-11
SPX,7885.0,34569406.4744263,57.817588713702904,0.0,0.0,0.0,0.0,0.0,0.0,7800.932309330873,7693.767690669128,7854.514618661745,7640.185381338256,SEP26,AUG26,2026-08-12,2026-09-18,7747.35,7705.975053873443,FOUND,WARN,UNKNOWN_SERIES;ESTIMATED_EXPIRY_ALIAS,2026-08-02.2,PUT_CALL_PARITY,AUG26,AUG26=PUT_CALL_PARITY;SEP26=PUT_CALL_PARITY;OCT26=PUT_CALL_PARITY;NOV26=PUT_CALL_PARITY;DEC26=PUT_CALL_PARITY;JUN27=PUT_CALL_PARITY;APR27=PUT_CALL_PARITY;MAR27=PUT_CALL_PARITY;FEB27=PUT_CALL_PARITY;JAN27=PUT_CALL_PARITY;MAY27=PUT_CALL_PARITY;JUL27=PUT_CALL_PARITY;SEP27=PUT_CALL_PARITY;AUG27=PUT_CALL_PARITY;DEC29=PUT_CALL_PARITY;DEC27=PUT_CALL_PARITY;MAR28=PUT_CALL_PARITY;DEC28=PUT_CALL_PARITY;DEC30=PUT_CALL_PARITY;JUN28=SERIES_FORWARD_CLUSTER,AUG26=7747.35;SEP26=7748.5;OCT26=7813;NOV26=7808.25;DEC26=7876.5;JUN27=8015.25;APR27=7959.5;MAR27=7945.5;FEB27=7879.75;JAN27=7881;MAY27=7963.25;JUL27=8043.875;SEP27=8077.25;AUG27=8051.75;DEC29=8676.5;DEC27=8103.75;MAR28=8179;DEC28=8373.25;DEC30=9151.75;JUN28=6427.25,NONE,WEIGHTED_ATM,2026-08-21,7,600,0.0,NONE,11513,11041,471,0,0,RTM,MDW;MMW;MRW;MTW,OK,NONE,NONE,2026-08-11
SPX,7890.0,1653787652.2828796,2759.2848529057387,0.0,0.0,0.0,0.0,0.0,0.0,7800.932309330873,7693.767690669128,7854.514618661745,7640.185381338256,SEP26,AUG26,2026-08-12,2026-09-18,7747.35,7705.975053873443,FOUND,WARN,UNKNOWN_SERIES;ESTIMATED_EXPIRY_ALIAS,2026-08-02.2,PUT_CALL_PARITY,AUG26,AUG26=PUT_CALL_PARITY;SEP26=PUT_CALL_PARITY;OCT26=PUT_CALL_PARITY;NOV26=PUT_CALL_PARITY;DEC26=PUT_CALL_PARITY;JUN27=PUT_CALL_PARITY;APR27=PUT_CALL_PARITY;MAR27=PUT_CALL_PARITY;FEB27=PUT_CALL_PARITY;JAN27=PUT_CALL_PARITY;MAY27=PUT_CALL_PARITY;JUL27=PUT_CALL_PARITY;SEP27=PUT_CALL_PARITY;AUG27=PUT_CALL_PARITY;DEC29=PUT_CALL_PARITY;DEC27=PUT_CALL_PARITY;MAR28=PUT_CALL_PARITY;DEC28=PUT_CALL_PARITY;DEC30=PUT_CALL_PARITY;JUN28=SERIES_FORWARD_CLUSTER,AUG26=7747.35;SEP26=7748.5;OCT26=7813;NOV26=7808.25;DEC26=7876.5;JUN27=8015.25;APR27=7959.5;MAR27=7945.5;FEB27=7879.75;JAN27=7881;MAY27=7963.25;JUL27=8043.875;SEP27=8077.25;AUG27=8051.75;DEC29=8676.5;DEC27=8103.75;MAR28=8179;DEC28=8373.25;DEC30=9151.75;JUN28=6427.25,NONE,WEIGHTED_ATM,2026-08-21,7,600,0.0,NONE,11513,11041,471,0,0,RTM,MDW;MMW;MRW;MTW,OK,NONE,NONE,2026-08-11
SPX,7895.0,19470989.471729096,32.720612113686826,0.0,0.0,0.0,0.0,0.0,0.0,7800.932309330873,7693.767690669128,7854.514618661745,7640.185381338256,SEP26,AUG26,2026-08-12,2026-09-18,7747.35,7705.975053873443,FOUND,WARN,UNKNOWN_SERIES;ESTIMATED_EXPIRY_ALIAS,2026-08-02.2,PUT_CALL_PARITY,AUG26,AUG26=PUT_CALL_PARITY;SEP26=PUT_CALL_PARITY;OCT26=PUT_CALL_PARITY;NOV26=PUT_CALL_PARITY;DEC26=PUT_CALL_PARITY;JUN27=PUT_CALL_PARITY;APR27=PUT_CALL_PARITY;MAR27=PUT_CALL_PARITY;FEB27=PUT_CALL_PARITY;JAN27=PUT_CALL_PARITY;MAY27=PUT_CALL_PARITY;JUL27=PUT_CALL_PARITY;SEP27=PUT_CALL_PARITY;AUG27=PUT_CALL_PARITY;DEC29=PUT_CALL_PARITY;DEC27=PUT_CALL_PARITY;MAR28=PUT_CALL_PARITY;DEC28=PUT_CALL_PARITY;DEC30=PUT_CALL_PARITY;JUN28=SERIES_FORWARD_CLUSTER,AUG26=7747.35;SEP26=7748.5;OCT26=7813;NOV26=7808.25;DEC26=7876.5;JUN27=8015.25;APR27=7959.5;MAR27=7945.5;FEB27=7879.75;JAN27=7881;MAY27=7963.25;JUL27=8043.875;SEP27=8077.25;AUG27=8051.75;DEC29=8676.5;DEC27=8103.75;MAR28=8179;DEC28=8373.25;DEC30=9151.75;JUN28=6427.25,NONE,WEIGHTED_ATM,2026-08-21,7,600,0.0,NONE,11513,11041,471,0,0,RTM,MDW;MMW;MRW;MTW,OK,NONE,NONE,2026-08-11
SPX,7900.0,1670141490.7679012,3265.6600460243108,0.0,0.0,0.0,0.0,0.0,0.0,7800.932309330873,7693.767690669128,7854.514618661745,7640.185381338256,SEP26,AUG26,2026-08-12,2026-09-18,7747.35,7705.975053873443,FOUND,WARN,UNKNOWN_SERIES;ESTIMATED_EXPIRY_ALIAS,2026-08-02.2,PUT_CALL_PARITY,AUG26,AUG26=PUT_CALL_PARITY;SEP26=PUT_CALL_PARITY;OCT26=PUT_CALL_PARITY;NOV26=PUT_CALL_PARITY;DEC26=PUT_CALL_PARITY;JUN27=PUT_CALL_PARITY;APR27=PUT_CALL_PARITY;MAR27=PUT_CALL_PARITY;FEB27=PUT_CALL_PARITY;JAN27=PUT_CALL_PARITY;MAY27=PUT_CALL_PARITY;JUL27=PUT_CALL_PARITY;SEP27=PUT_CALL_PARITY;AUG27=PUT_CALL_PARITY;DEC29=PUT_CALL_PARITY;DEC27=PUT_CALL_PARITY;MAR28=PUT_CALL_PARITY;DEC28=PUT_CALL_PARITY;DEC30=PUT_CALL_PARITY;JUN28=SERIES_FORWARD_CLUSTER,AUG26=7747.35;SEP26=7748.5;OCT26=7813;NOV26=7808.25;DEC26=7876.5;JUN27=8015.25;APR27=7959.5;MAR27=7945.5;FEB27=7879.75;JAN27=7881;MAY27=7963.25;JUL27=8043.875;SEP27=8077.25;AUG27=8051.75;DEC29=8676.5;DEC27=8103.75;MAR28=8179;DEC28=8373.25;DEC30=9151.75;JUN28=6427.25,NONE,WEIGHTED_ATM,2026-08-21,7,600,0.0,NONE,11513,11041,471,0,0,RTM,MDW;MMW;MRW;MTW,OK,NONE,NONE,2026-08-11
SPX,7905.0,17125152.775873624,28.686308634664872,0.0,0.0,0.0,0.0,0.0,0.0,7800.932309330873,7693.767690669128,7854.514618661745,7640.185381338256,SEP26,AUG26,2026-08-12,2026-09-18,7747.35,7705.975053873443,FOUND,WARN,UNKNOWN_SERIES;ESTIMATED_EXPIRY_ALIAS,2026-08-02.2,PUT_CALL_PARITY,AUG26,AUG26=PUT_CALL_PARITY;SEP26=PUT_CALL_PARITY;OCT26=PUT_CALL_PARITY;NOV26=PUT_CALL_PARITY;DEC26=PUT_CALL_PARITY;JUN27=PUT_CALL_PARITY;APR27=PUT_CALL_PARITY;MAR27=PUT_CALL_PARITY;FEB27=PUT_CALL_PARITY;JAN27=PUT_CALL_PARITY;MAY27=PUT_CALL_PARITY;JUL27=PUT_CALL_PARITY;SEP27=PUT_CALL_PARITY;AUG27=PUT_CALL_PARITY;DEC29=PUT_CALL_PARITY;DEC27=PUT_CALL_PARITY;MAR28=PUT_CALL_PARITY;DEC28=PUT_CALL_PARITY;DEC30=PUT_CALL_PARITY;JUN28=SERIES_FORWARD_CLUSTER,AUG26=7747.35;SEP26=7748.5;OCT26=7813;NOV26=7808.25;DEC26=7876.5;JUN27=8015.25;APR27=7959.5;MAR27=7945.5;FEB27=7879.75;JAN27=7881;MAY27=7963.25;JUL27=8043.875;SEP27=8077.25;AUG27=8051.75;DEC29=8676.5;DEC27=8103.75;MAR28=8179;DEC28=8373.25;DEC30=9151.75;JUN28=6427.25,NONE,WEIGHTED_ATM,2026-08-21,7,600,0.0,NONE,11513,11041,471,0,0,RTM,MDW;MMW;MRW;MTW,OK,NONE,NONE,2026-08-11
SPX,7910.0,144781842.00406075,242.86017162086267,0.0,0.0,0.0,0.0,0.0,0.0,7800.932309330873,7693.767690669128,7854.514618661745,7640.185381338256,SEP26,AUG26,2026-08-12,2026-09-18,7747.35,7705.975053873443,FOUND,WARN,UNKNOWN_SERIES;ESTIMATED_EXPIRY_ALIAS,2026-08-02.2,PUT_CALL_PARITY,AUG26,AUG26=PUT_CALL_PARITY;SEP26=PUT_CALL_PARITY;OCT26=PUT_CALL_PARITY;NOV26=PUT_CALL_PARITY;DEC26=PUT_CALL_PARITY;JUN27=PUT_CALL_PARITY;APR27=PUT_CALL_PARITY;MAR27=PUT_CALL_PARITY;FEB27=PUT_CALL_PARITY;JAN27=PUT_CALL_PARITY;MAY27=PUT_CALL_PARITY;JUL27=PUT_CALL_PARITY;SEP27=PUT_CALL_PARITY;AUG27=PUT_CALL_PARITY;DEC29=PUT_CALL_PARITY;DEC27=PUT_CALL_PARITY;MAR28=PUT_CALL_PARITY;DEC28=PUT_CALL_PARITY;DEC30=PUT_CALL_PARITY;JUN28=SERIES_FORWARD_CLUSTER,AUG26=7747.35;SEP26=7748.5;OCT26=7813;NOV26=7808.25;DEC26=7876.5;JUN27=8015.25;APR27=7959.5;MAR27=7945.5;FEB27=7879.75;JAN27=7881;MAY27=7963.25;JUL27=8043.875;SEP27=8077.25;AUG27=8051.75;DEC29=8676.5;DEC27=8103.75;MAR28=8179;DEC28=8373.25;DEC30=9151.75;JUN28=6427.25,NONE,WEIGHTED_ATM,2026-08-21,7,600,0.0,NONE,11513,11041,471,0,0,RTM,MDW;MMW;MRW;MTW,OK,NONE,NONE,2026-08-11
SPX,7915.0,30901775.952864014,51.65183869445174,0.0,0.0,0.0,0.0,0.0,0.0,7800.932309330873,7693.767690669128,7854.514618661745,7640.185381338256,SEP26,AUG26,2026-08-12,2026-09-18,7747.35,7705.975053873443,FOUND,WARN,UNKNOWN_SERIES;ESTIMATED_EXPIRY_ALIAS,2026-08-02.2,PUT_CALL_PARITY,AUG26,AUG26=PUT_CALL_PARITY;SEP26=PUT_CALL_PARITY;OCT26=PUT_CALL_PARITY;NOV26=PUT_CALL_PARITY;DEC26=PUT_CALL_PARITY;JUN27=PUT_CALL_PARITY;APR27=PUT_CALL_PARITY;MAR27=PUT_CALL_PARITY;FEB27=PUT_CALL_PARITY;JAN27=PUT_CALL_PARITY;MAY27=PUT_CALL_PARITY;JUL27=PUT_CALL_PARITY;SEP27=PUT_CALL_PARITY;AUG27=PUT_CALL_PARITY;DEC29=PUT_CALL_PARITY;DEC27=PUT_CALL_PARITY;MAR28=PUT_CALL_PARITY;DEC28=PUT_CALL_PARITY;DEC30=PUT_CALL_PARITY;JUN28=SERIES_FORWARD_CLUSTER,AUG26=7747.35;SEP26=7748.5;OCT26=7813;NOV26=7808.25;DEC26=7876.5;JUN27=8015.25;APR27=7959.5;MAR27=7945.5;FEB27=7879.75;JAN27=7881;MAY27=7963.25;JUL27=8043.875;SEP27=8077.25;AUG27=8051.75;DEC29=8676.5;DEC27=8103.75;MAR28=8179;DEC28=8373.25;DEC30=9151.75;JUN28=6427.25,NONE,WEIGHTED_ATM,2026-08-21,7,600,0.0,NONE,11513,11041,471,0,0,RTM,MDW;MMW;MRW;MTW,OK,NONE,NONE,2026-08-11
SPX,7920.0,270053003.2337824,450.82482157562697,0.0,0.0,0.0,0.0,0.0,0.0,7800.932309330873,7693.767690669128,7854.514618661745,7640.185381338256,SEP26,AUG26,2026-08-12,2026-09-18,7747.35,7705.975053873443,FOUND,WARN,UNKNOWN_SERIES;ESTIMATED_EXPIRY_ALIAS,2026-08-02.2,PUT_CALL_PARITY,AUG26,AUG26=PUT_CALL_PARITY;SEP26=PUT_CALL_PARITY;OCT26=PUT_CALL_PARITY;NOV26=PUT_CALL_PARITY;DEC26=PUT_CALL_PARITY;JUN27=PUT_CALL_PARITY;APR27=PUT_CALL_PARITY;MAR27=PUT_CALL_PARITY;FEB27=PUT_CALL_PARITY;JAN27=PUT_CALL_PARITY;MAY27=PUT_CALL_PARITY;JUL27=PUT_CALL_PARITY;SEP27=PUT_CALL_PARITY;AUG27=PUT_CALL_PARITY;DEC29=PUT_CALL_PARITY;DEC27=PUT_CALL_PARITY;MAR28=PUT_CALL_PARITY;DEC28=PUT_CALL_PARITY;DEC30=PUT_CALL_PARITY;JUN28=SERIES_FORWARD_CLUSTER,AUG26=7747.35;SEP26=7748.5;OCT26=7813;NOV26=7808.25;DEC26=7876.5;JUN27=8015.25;APR27=7959.5;MAR27=7945.5;FEB27=7879.75;JAN27=7881;MAY27=7963.25;JUL27=8043.875;SEP27=8077.25;AUG27=8051.75;DEC29=8676.5;DEC27=8103.75;MAR28=8179;DEC28=8373.25;DEC30=9151.75;JUN28=6427.25,NONE,WEIGHTED_ATM,2026-08-21,7,600,0.0,NONE,11513,11041,471,0,0,RTM,MDW;MMW;MRW;MTW,OK,NONE,NONE,2026-08-11
SPX,7925.0,461679518.7325406,828.5201665500019,0.0,0.0,0.0,0.0,0.0,0.0,7800.932309330873,7693.767690669128,7854.514618661745,7640.185381338256,SEP26,AUG26,2026-08-12,2026-09-18,7747.35,7705.975053873443,FOUND,WARN,UNKNOWN_SERIES;ESTIMATED_EXPIRY_ALIAS,2026-08-02.2,PUT_CALL_PARITY,AUG26,AUG26=PUT_CALL_PARITY;SEP26=PUT_CALL_PARITY;OCT26=PUT_CALL_PARITY;NOV26=PUT_CALL_PARITY;DEC26=PUT_CALL_PARITY;JUN27=PUT_CALL_PARITY;APR27=PUT_CALL_PARITY;MAR27=PUT_CALL_PARITY;FEB27=PUT_CALL_PARITY;JAN27=PUT_CALL_PARITY;MAY27=PUT_CALL_PARITY;JUL27=PUT_CALL_PARITY;SEP27=PUT_CALL_PARITY;AUG27=PUT_CALL_PARITY;DEC29=PUT_CALL_PARITY;DEC27=PUT_CALL_PARITY;MAR28=PUT_CALL_PARITY;DEC28=PUT_CALL_PARITY;DEC30=PUT_CALL_PARITY;JUN28=SERIES_FORWARD_CLUSTER,AUG26=7747.35;SEP26=7748.5;OCT26=7813;NOV26=7808.25;DEC26=7876.5;JUN27=8015.25;APR27=7959.5;MAR27=7945.5;FEB27=7879.75;JAN27=7881;MAY27=7963.25;JUL27=8043.875;SEP27=8077.25;AUG27=8051.75;DEC29=8676.5;DEC27=8103.75;MAR28=8179;DEC28=8373.25;DEC30=9151.75;JUN28=6427.25,NONE,WEIGHTED_ATM,2026-08-21,7,600,0.0,NONE,11513,11041,471,0,0,RTM,MDW;MMW;MRW;MTW,OK,NONE,NONE,2026-08-11
SPX,7930.0,94153984.49689426,157.7696863292431,0.0,0.0,0.0,0.0,0.0,0.0,7800.932309330873,7693.767690669128,7854.514618661745,7640.185381338256,SEP26,AUG26,2026-08-12,2026-09-18,7747.35,7705.975053873443,FOUND,WARN,UNKNOWN_SERIES;ESTIMATED_EXPIRY_ALIAS,2026-08-02.2,PUT_CALL_PARITY,AUG26,AUG26=PUT_CALL_PARITY;SEP26=PUT_CALL_PARITY;OCT26=PUT_CALL_PARITY;NOV26=PUT_CALL_PARITY;DEC26=PUT_CALL_PARITY;JUN27=PUT_CALL_PARITY;APR27=PUT_CALL_PARITY;MAR27=PUT_CALL_PARITY;FEB27=PUT_CALL_PARITY;JAN27=PUT_CALL_PARITY;MAY27=PUT_CALL_PARITY;JUL27=PUT_CALL_PARITY;SEP27=PUT_CALL_PARITY;AUG27=PUT_CALL_PARITY;DEC29=PUT_CALL_PARITY;DEC27=PUT_CALL_PARITY;MAR28=PUT_CALL_PARITY;DEC28=PUT_CALL_PARITY;DEC30=PUT_CALL_PARITY;JUN28=SERIES_FORWARD_CLUSTER,AUG26=7747.35;SEP26=7748.5;OCT26=7813;NOV26=7808.25;DEC26=7876.5;JUN27=8015.25;APR27=7959.5;MAR27=7945.5;FEB27=7879.75;JAN27=7881;MAY27=7963.25;JUL27=8043.875;SEP27=8077.25;AUG27=8051.75;DEC29=8676.5;DEC27=8103.75;MAR28=8179;DEC28=8373.25;DEC30=9151.75;JUN28=6427.25,NONE,WEIGHTED_ATM,2026-08-21,7,600,0.0,NONE,11513,11041,471,0,0,RTM,MDW;MMW;MRW;MTW,OK,NONE,NONE,2026-08-11
SPX,7935.0,69352342.21499372,115.58475418578631,0.0,0.0,0.0,0.0,0.0,0.0,7800.932309330873,7693.767690669128,7854.514618661745,7640.185381338256,SEP26,AUG26,2026-08-12,2026-09-18,7747.35,7705.975053873443,FOUND,WARN,UNKNOWN_SERIES;ESTIMATED_EXPIRY_ALIAS,2026-08-02.2,PUT_CALL_PARITY,AUG26,AUG26=PUT_CALL_PARITY;SEP26=PUT_CALL_PARITY;OCT26=PUT_CALL_PARITY;NOV26=PUT_CALL_PARITY;DEC26=PUT_CALL_PARITY;JUN27=PUT_CALL_PARITY;APR27=PUT_CALL_PARITY;MAR27=PUT_CALL_PARITY;FEB27=PUT_CALL_PARITY;JAN27=PUT_CALL_PARITY;MAY27=PUT_CALL_PARITY;JUL27=PUT_CALL_PARITY;SEP27=PUT_CALL_PARITY;AUG27=PUT_CALL_PARITY;DEC29=PUT_CALL_PARITY;DEC27=PUT_CALL_PARITY;MAR28=PUT_CALL_PARITY;DEC28=PUT_CALL_PARITY;DEC30=PUT_CALL_PARITY;JUN28=SERIES_FORWARD_CLUSTER,AUG26=7747.35;SEP26=7748.5;OCT26=7813;NOV26=7808.25;DEC26=7876.5;JUN27=8015.25;APR27=7959.5;MAR27=7945.5;FEB27=7879.75;JAN27=7881;MAY27=7963.25;JUL27=8043.875;SEP27=8077.25;AUG27=8051.75;DEC29=8676.5;DEC27=8103.75;MAR28=8179;DEC28=8373.25;DEC30=9151.75;JUN28=6427.25,NONE,WEIGHTED_ATM,2026-08-21,7,600,0.0,NONE,11513,11041,471,0,0,RTM,MDW;MMW;MRW;MTW,OK,NONE,NONE,2026-08-11
SPX,7940.0,75057697.7721597,125.18875651362123,0.0,0.0,0.0,0.0,0.0,0.0,7800.932309330873,7693.767690669128,7854.514618661745,7640.185381338256,SEP26,AUG26,2026-08-12,2026-09-18,7747.35,7705.975053873443,FOUND,WARN,UNKNOWN_SERIES;ESTIMATED_EXPIRY_ALIAS,2026-08-02.2,PUT_CALL_PARITY,AUG26,AUG26=PUT_CALL_PARITY;SEP26=PUT_CALL_PARITY;OCT26=PUT_CALL_PARITY;NOV26=PUT_CALL_PARITY;DEC26=PUT_CALL_PARITY;JUN27=PUT_CALL_PARITY;APR27=PUT_CALL_PARITY;MAR27=PUT_CALL_PARITY;FEB27=PUT_CALL_PARITY;JAN27=PUT_CALL_PARITY;MAY27=PUT_CALL_PARITY;JUL27=PUT_CALL_PARITY;SEP27=PUT_CALL_PARITY;AUG27=PUT_CALL_PARITY;DEC29=PUT_CALL_PARITY;DEC27=PUT_CALL_PARITY;MAR28=PUT_CALL_PARITY;DEC28=PUT_CALL_PARITY;DEC30=PUT_CALL_PARITY;JUN28=SERIES_FORWARD_CLUSTER,AUG26=7747.35;SEP26=7748.5;OCT26=7813;NOV26=7808.25;DEC26=7876.5;JUN27=8015.25;APR27=7959.5;MAR27=7945.5;FEB27=7879.75;JAN27=7881;MAY27=7963.25;JUL27=8043.875;SEP27=8077.25;AUG27=8051.75;DEC29=8676.5;DEC27=8103.75;MAR28=8179;DEC28=8373.25;DEC30=9151.75;JUN28=6427.25,NONE,WEIGHTED_ATM,2026-08-21,7,600,0.0,NONE,11513,11041,471,0,0,RTM,MDW;MMW;MRW;MTW,OK,NONE,NONE,2026-08-11
SPX,7945.0,10984215.744859952,18.44569383146603,0.0,0.0,0.0,0.0,0.0,0.0,7800.932309330873,7693.767690669128,7854.514618661745,7640.185381338256,SEP26,AUG26,2026-08-12,2026-09-18,7747.35,7705.975053873443,FOUND,WARN,UNKNOWN_SERIES;ESTIMATED_EXPIRY_ALIAS,2026-08-02.2,PUT_CALL_PARITY,AUG26,AUG26=PUT_CALL_PARITY;SEP26=PUT_CALL_PARITY;OCT26=PUT_CALL_PARITY;NOV26=PUT_CALL_PARITY;DEC26=PUT_CALL_PARITY;JUN27=PUT_CALL_PARITY;APR27=PUT_CALL_PARITY;MAR27=PUT_CALL_PARITY;FEB27=PUT_CALL_PARITY;JAN27=PUT_CALL_PARITY;MAY27=PUT_CALL_PARITY;JUL27=PUT_CALL_PARITY;SEP27=PUT_CALL_PARITY;AUG27=PUT_CALL_PARITY;DEC29=PUT_CALL_PARITY;DEC27=PUT_CALL_PARITY;MAR28=PUT_CALL_PARITY;DEC28=PUT_CALL_PARITY;DEC30=PUT_CALL_PARITY;JUN28=SERIES_FORWARD_CLUSTER,AUG26=7747.35;SEP26=7748.5;OCT26=7813;NOV26=7808.25;DEC26=7876.5;JUN27=8015.25;APR27=7959.5;MAR27=7945.5;FEB27=7879.75;JAN27=7881;MAY27=7963.25;JUL27=8043.875;SEP27=8077.25;AUG27=8051.75;DEC29=8676.5;DEC27=8103.75;MAR28=8179;DEC28=8373.25;DEC30=9151.75;JUN28=6427.25,NONE,WEIGHTED_ATM,2026-08-21,7,600,0.0,NONE,11513,11041,471,0,0,RTM,MDW;MMW;MRW;MTW,OK,NONE,NONE,2026-08-11
SPX,7950.0,920710025.3818278,1872.1482066500762,0.0,0.0,0.0,0.0,0.0,0.0,7800.932309330873,7693.767690669128,7854.514618661745,7640.185381338256,SEP26,AUG26,2026-08-12,2026-09-18,7747.35,7705.975053873443,FOUND,WARN,UNKNOWN_SERIES;ESTIMATED_EXPIRY_ALIAS,2026-08-02.2,PUT_CALL_PARITY,AUG26,AUG26=PUT_CALL_PARITY;SEP26=PUT_CALL_PARITY;OCT26=PUT_CALL_PARITY;NOV26=PUT_CALL_PARITY;DEC26=PUT_CALL_PARITY;JUN27=PUT_CALL_PARITY;APR27=PUT_CALL_PARITY;MAR27=PUT_CALL_PARITY;FEB27=PUT_CALL_PARITY;JAN27=PUT_CALL_PARITY;MAY27=PUT_CALL_PARITY;JUL27=PUT_CALL_PARITY;SEP27=PUT_CALL_PARITY;AUG27=PUT_CALL_PARITY;DEC29=PUT_CALL_PARITY;DEC27=PUT_CALL_PARITY;MAR28=PUT_CALL_PARITY;DEC28=PUT_CALL_PARITY;DEC30=PUT_CALL_PARITY;JUN28=SERIES_FORWARD_CLUSTER,AUG26=7747.35;SEP26=7748.5;OCT26=7813;NOV26=7808.25;DEC26=7876.5;JUN27=8015.25;APR27=7959.5;MAR27=7945.5;FEB27=7879.75;JAN27=7881;MAY27=7963.25;JUL27=8043.875;SEP27=8077.25;AUG27=8051.75;DEC29=8676.5;DEC27=8103.75;MAR28=8179;DEC28=8373.25;DEC30=9151.75;JUN28=6427.25,NONE,WEIGHTED_ATM,2026-08-21,7,600,0.0,NONE,11513,11041,471,0,0,RTM,MDW;MMW;MRW;MTW,OK,NONE,NONE,2026-08-11
SPX,7955.0,9413828.887014616,15.699951262363474,0.0,0.0,0.0,0.0,0.0,0.0,7800.932309330873,7693.767690669128,7854.514618661745,7640.185381338256,SEP26,AUG26,2026-08-12,2026-09-18,7747.35,7705.975053873443,FOUND,WARN,UNKNOWN_SERIES;ESTIMATED_EXPIRY_ALIAS,2026-08-02.2,PUT_CALL_PARITY,AUG26,AUG26=PUT_CALL_PARITY;SEP26=PUT_CALL_PARITY;OCT26=PUT_CALL_PARITY;NOV26=PUT_CALL_PARITY;DEC26=PUT_CALL_PARITY;JUN27=PUT_CALL_PARITY;APR27=PUT_CALL_PARITY;MAR27=PUT_CALL_PARITY;FEB27=PUT_CALL_PARITY;JAN27=PUT_CALL_PARITY;MAY27=PUT_CALL_PARITY;JUL27=PUT_CALL_PARITY;SEP27=PUT_CALL_PARITY;AUG27=PUT_CALL_PARITY;DEC29=PUT_CALL_PARITY;DEC27=PUT_CALL_PARITY;MAR28=PUT_CALL_PARITY;DEC28=PUT_CALL_PARITY;DEC30=PUT_CALL_PARITY;JUN28=SERIES_FORWARD_CLUSTER,AUG26=7747.35;SEP26=7748.5;OCT26=7813;NOV26=7808.25;DEC26=7876.5;JUN27=8015.25;APR27=7959.5;MAR27=7945.5;FEB27=7879.75;JAN27=7881;MAY27=7963.25;JUL27=8043.875;SEP27=8077.25;AUG27=8051.75;DEC29=8676.5;DEC27=8103.75;MAR28=8179;DEC28=8373.25;DEC30=9151.75;JUN28=6427.25,NONE,WEIGHTED_ATM,2026-08-21,7,600,0.0,NONE,11513,11041,471,0,0,RTM,MDW;MMW;MRW;MTW,OK,NONE,NONE,2026-08-11
SPX,7960.0,53940176.89896839,89.9969093940877,0.0,0.0,0.0,0.0,0.0,0.0,7800.932309330873,7693.767690669128,7854.514618661745,7640.185381338256,SEP26,AUG26,2026-08-12,2026-09-18,7747.35,7705.975053873443,FOUND,WARN,UNKNOWN_SERIES;ESTIMATED_EXPIRY_ALIAS,2026-08-02.2,PUT_CALL_PARITY,AUG26,AUG26=PUT_CALL_PARITY;SEP26=PUT_CALL_PARITY;OCT26=PUT_CALL_PARITY;NOV26=PUT_CALL_PARITY;DEC26=PUT_CALL_PARITY;JUN27=PUT_CALL_PARITY;APR27=PUT_CALL_PARITY;MAR27=PUT_CALL_PARITY;FEB27=PUT_CALL_PARITY;JAN27=PUT_CALL_PARITY;MAY27=PUT_CALL_PARITY;JUL27=PUT_CALL_PARITY;SEP27=PUT_CALL_PARITY;AUG27=PUT_CALL_PARITY;DEC29=PUT_CALL_PARITY;DEC27=PUT_CALL_PARITY;MAR28=PUT_CALL_PARITY;DEC28=PUT_CALL_PARITY;DEC30=PUT_CALL_PARITY;JUN28=SERIES_FORWARD_CLUSTER,AUG26=7747.35;SEP26=7748.5;OCT26=7813;NOV26=7808.25;DEC26=7876.5;JUN27=8015.25;APR27=7959.5;MAR27=7945.5;FEB27=7879.75;JAN27=7881;MAY27=7963.25;JUL27=8043.875;SEP27=8077.25;AUG27=8051.75;DEC29=8676.5;DEC27=8103.75;MAR28=8179;DEC28=8373.25;DEC30=9151.75;JUN28=6427.25,NONE,WEIGHTED_ATM,2026-08-21,7,600,0.0,NONE,11513,11041,471,0,0,RTM,MDW;MMW;MRW;MTW,OK,NONE,NONE,2026-08-11
SPX,7965.0,9916673.613796394,16.536575784625168,0.0,0.0,0.0,0.0,0.0,0.0,7800.932309330873,7693.767690669128,7854.514618661745,7640.185381338256,SEP26,AUG26,2026-08-12,2026-09-18,7747.35,7705.975053873443,FOUND,WARN,UNKNOWN_SERIES;ESTIMATED_EXPIRY_ALIAS,2026-08-02.2,PUT_CALL_PARITY,AUG26,AUG26=PUT_CALL_PARITY;SEP26=PUT_CALL_PARITY;OCT26=PUT_CALL_PARITY;NOV26=PUT_CALL_PARITY;DEC26=PUT_CALL_PARITY;JUN27=PUT_CALL_PARITY;APR27=PUT_CALL_PARITY;MAR27=PUT_CALL_PARITY;FEB27=PUT_CALL_PARITY;JAN27=PUT_CALL_PARITY;MAY27=PUT_CALL_PARITY;JUL27=PUT_CALL_PARITY;SEP27=PUT_CALL_PARITY;AUG27=PUT_CALL_PARITY;DEC29=PUT_CALL_PARITY;DEC27=PUT_CALL_PARITY;MAR28=PUT_CALL_PARITY;DEC28=PUT_CALL_PARITY;DEC30=PUT_CALL_PARITY;JUN28=SERIES_FORWARD_CLUSTER,AUG26=7747.35;SEP26=7748.5;OCT26=7813;NOV26=7808.25;DEC26=7876.5;JUN27=8015.25;APR27=7959.5;MAR27=7945.5;FEB27=7879.75;JAN27=7881;MAY27=7963.25;JUL27=8043.875;SEP27=8077.25;AUG27=8051.75;DEC29=8676.5;DEC27=8103.75;MAR28=8179;DEC28=8373.25;DEC30=9151.75;JUN28=6427.25,NONE,WEIGHTED_ATM,2026-08-21,7,600,0.0,NONE,11513,11041,471,0,0,RTM,MDW;MMW;MRW;MTW,OK,NONE,NONE,2026-08-11
SPX,7970.0,64924028.598230965,110.45992762478768,0.0,0.0,0.0,0.0,0.0,0.0,7800.932309330873,7693.767690669128,7854.514618661745,7640.185381338256,SEP26,AUG26,2026-08-12,2026-09-18,7747.35,7705.975053873443,FOUND,WARN,UNKNOWN_SERIES;ESTIMATED_EXPIRY_ALIAS,2026-08-02.2,PUT_CALL_PARITY,AUG26,AUG26=PUT_CALL_PARITY;SEP26=PUT_CALL_PARITY;OCT26=PUT_CALL_PARITY;NOV26=PUT_CALL_PARITY;DEC26=PUT_CALL_PARITY;JUN27=PUT_CALL_PARITY;APR27=PUT_CALL_PARITY;MAR27=PUT_CALL_PARITY;FEB27=PUT_CALL_PARITY;JAN27=PUT_CALL_PARITY;MAY27=PUT_CALL_PARITY;JUL27=PUT_CALL_PARITY;SEP27=PUT_CALL_PARITY;AUG27=PUT_CALL_PARITY;DEC29=PUT_CALL_PARITY;DEC27=PUT_CALL_PARITY;MAR28=PUT_CALL_PARITY;DEC28=PUT_CALL_PARITY;DEC30=PUT_CALL_PARITY;JUN28=SERIES_FORWARD_CLUSTER,AUG26=7747.35;SEP26=7748.5;OCT26=7813;NOV26=7808.25;DEC26=7876.5;JUN27=8015.25;APR27=7959.5;MAR27=7945.5;FEB27=7879.75;JAN27=7881;MAY27=7963.25;JUL27=8043.875;SEP27=8077.25;AUG27=8051.75;DEC29=8676.5;DEC27=8103.75;MAR28=8179;DEC28=8373.25;DEC30=9151.75;JUN28=6427.25,NONE,WEIGHTED_ATM,2026-08-21,7,600,0.0,NONE,11513,11041,471,0,0,RTM,MDW;MMW;MRW;MTW,OK,NONE,NONE,2026-08-11
SPX,7975.0,170376892.80354512,296.695725758368,0.0,0.0,0.0,0.0,0.0,0.0,7800.932309330873,7693.767690669128,7854.514618661745,7640.185381338256,SEP26,AUG26,2026-08-12,2026-09-18,7747.35,7705.975053873443,FOUND,WARN,UNKNOWN_SERIES;ESTIMATED_EXPIRY_ALIAS,2026-08-02.2,PUT_CALL_PARITY,AUG26,AUG26=PUT_CALL_PARITY;SEP26=PUT_CALL_PARITY;OCT26=PUT_CALL_PARITY;NOV26=PUT_CALL_PARITY;DEC26=PUT_CALL_PARITY;JUN27=PUT_CALL_PARITY;APR27=PUT_CALL_PARITY;MAR27=PUT_CALL_PARITY;FEB27=PUT_CALL_PARITY;JAN27=PUT_CALL_PARITY;MAY27=PUT_CALL_PARITY;JUL27=PUT_CALL_PARITY;SEP27=PUT_CALL_PARITY;AUG27=PUT_CALL_PARITY;DEC29=PUT_CALL_PARITY;DEC27=PUT_CALL_PARITY;MAR28=PUT_CALL_PARITY;DEC28=PUT_CALL_PARITY;DEC30=PUT_CALL_PARITY;JUN28=SERIES_FORWARD_CLUSTER,AUG26=7747.35;SEP26=7748.5;OCT26=7813;NOV26=7808.25;DEC26=7876.5;JUN27=8015.25;APR27=7959.5;MAR27=7945.5;FEB27=7879.75;JAN27=7881;MAY27=7963.25;JUL27=8043.875;SEP27=8077.25;AUG27=8051.75;DEC29=8676.5;DEC27=8103.75;MAR28=8179;DEC28=8373.25;DEC30=9151.75;JUN28=6427.25,NONE,WEIGHTED_ATM,2026-08-21,7,600,0.0,NONE,11513,11041,471,0,0,RTM,MDW;MMW;MRW;MTW,OK,NONE,NONE,2026-08-11
SPX,7980.0,42955754.31385318,72.02340276909413,0.0,0.0,0.0,0.0,0.0,0.0,7800.932309330873,7693.767690669128,7854.514618661745,7640.185381338256,SEP26,AUG26,2026-08-12,2026-09-18,7747.35,7705.975053873443,FOUND,WARN,UNKNOWN_SERIES;ESTIMATED_EXPIRY_ALIAS,2026-08-02.2,PUT_CALL_PARITY,AUG26,AUG26=PUT_CALL_PARITY;SEP26=PUT_CALL_PARITY;OCT26=PUT_CALL_PARITY;NOV26=PUT_CALL_PARITY;DEC26=PUT_CALL_PARITY;JUN27=PUT_CALL_PARITY;APR27=PUT_CALL_PARITY;MAR27=PUT_CALL_PARITY;FEB27=PUT_CALL_PARITY;JAN27=PUT_CALL_PARITY;MAY27=PUT_CALL_PARITY;JUL27=PUT_CALL_PARITY;SEP27=PUT_CALL_PARITY;AUG27=PUT_CALL_PARITY;DEC29=PUT_CALL_PARITY;DEC27=PUT_CALL_PARITY;MAR28=PUT_CALL_PARITY;DEC28=PUT_CALL_PARITY;DEC30=PUT_CALL_PARITY;JUN28=SERIES_FORWARD_CLUSTER,AUG26=7747.35;SEP26=7748.5;OCT26=7813;NOV26=7808.25;DEC26=7876.5;JUN27=8015.25;APR27=7959.5;MAR27=7945.5;FEB27=7879.75;JAN27=7881;MAY27=7963.25;JUL27=8043.875;SEP27=8077.25;AUG27=8051.75;DEC29=8676.5;DEC27=8103.75;MAR28=8179;DEC28=8373.25;DEC30=9151.75;JUN28=6427.25,NONE,WEIGHTED_ATM,2026-08-21,7,600,0.0,NONE,11513,11041,471,0,0,RTM,MDW;MMW;MRW;MTW,OK,NONE,NONE,2026-08-11
SPX,7985.0,5123292.63336909,8.535772074629177,0.0,0.0,0.0,0.0,0.0,0.0,7800.932309330873,7693.767690669128,7854.514618661745,7640.185381338256,SEP26,AUG26,2026-08-12,2026-09-18,7747.35,7705.975053873443,FOUND,WARN,UNKNOWN_SERIES;ESTIMATED_EXPIRY_ALIAS,2026-08-02.2,PUT_CALL_PARITY,AUG26,AUG26=PUT_CALL_PARITY;SEP26=PUT_CALL_PARITY;OCT26=PUT_CALL_PARITY;NOV26=PUT_CALL_PARITY;DEC26=PUT_CALL_PARITY;JUN27=PUT_CALL_PARITY;APR27=PUT_CALL_PARITY;MAR27=PUT_CALL_PARITY;FEB27=PUT_CALL_PARITY;JAN27=PUT_CALL_PARITY;MAY27=PUT_CALL_PARITY;JUL27=PUT_CALL_PARITY;SEP27=PUT_CALL_PARITY;AUG27=PUT_CALL_PARITY;DEC29=PUT_CALL_PARITY;DEC27=PUT_CALL_PARITY;MAR28=PUT_CALL_PARITY;DEC28=PUT_CALL_PARITY;DEC30=PUT_CALL_PARITY;JUN28=SERIES_FORWARD_CLUSTER,AUG26=7747.35;SEP26=7748.5;OCT26=7813;NOV26=7808.25;DEC26=7876.5;JUN27=8015.25;APR27=7959.5;MAR27=7945.5;FEB27=7879.75;JAN27=7881;MAY27=7963.25;JUL27=8043.875;SEP27=8077.25;AUG27=8051.75;DEC29=8676.5;DEC27=8103.75;MAR28=8179;DEC28=8373.25;DEC30=9151.75;JUN28=6427.25,NONE,WEIGHTED_ATM,2026-08-21,7,600,0.0,NONE,11513,11041,471,0,0,RTM,MDW;MMW;MRW;MTW,OK,NONE,NONE,2026-08-11
SPX,7990.0,289418987.4191347,482.3515943634216,0.0,0.0,0.0,0.0,0.0,0.0,7800.932309330873,7693.767690669128,7854.514618661745,7640.185381338256,SEP26,AUG26,2026-08-12,2026-09-18,7747.35,7705.975053873443,FOUND,WARN,UNKNOWN_SERIES;ESTIMATED_EXPIRY_ALIAS,2026-08-02.2,PUT_CALL_PARITY,AUG26,AUG26=PUT_CALL_PARITY;SEP26=PUT_CALL_PARITY;OCT26=PUT_CALL_PARITY;NOV26=PUT_CALL_PARITY;DEC26=PUT_CALL_PARITY;JUN27=PUT_CALL_PARITY;APR27=PUT_CALL_PARITY;MAR27=PUT_CALL_PARITY;FEB27=PUT_CALL_PARITY;JAN27=PUT_CALL_PARITY;MAY27=PUT_CALL_PARITY;JUL27=PUT_CALL_PARITY;SEP27=PUT_CALL_PARITY;AUG27=PUT_CALL_PARITY;DEC29=PUT_CALL_PARITY;DEC27=PUT_CALL_PARITY;MAR28=PUT_CALL_PARITY;DEC28=PUT_CALL_PARITY;DEC30=PUT_CALL_PARITY;JUN28=SERIES_FORWARD_CLUSTER,AUG26=7747.35;SEP26=7748.5;OCT26=7813;NOV26=7808.25;DEC26=7876.5;JUN27=8015.25;APR27=7959.5;MAR27=7945.5;FEB27=7879.75;JAN27=7881;MAY27=7963.25;JUL27=8043.875;SEP27=8077.25;AUG27=8051.75;DEC29=8676.5;DEC27=8103.75;MAR28=8179;DEC28=8373.25;DEC30=9151.75;JUN28=6427.25,NONE,WEIGHTED_ATM,2026-08-21,7,600,0.0,NONE,11513,11041,471,0,0,RTM,MDW;MMW;MRW;MTW,OK,NONE,NONE,2026-08-11
SPX,7995.0,3062017.3132455815,5.101539916771287,0.0,0.0,0.0,0.0,0.0,0.0,7800.932309330873,7693.767690669128,7854.514618661745,7640.185381338256,SEP26,AUG26,2026-08-12,2026-09-18,7747.35,7705.975053873443,FOUND,WARN,UNKNOWN_SERIES;ESTIMATED_EXPIRY_ALIAS,2026-08-02.2,PUT_CALL_PARITY,AUG26,AUG26=PUT_CALL_PARITY;SEP26=PUT_CALL_PARITY;OCT26=PUT_CALL_PARITY;NOV26=PUT_CALL_PARITY;DEC26=PUT_CALL_PARITY;JUN27=PUT_CALL_PARITY;APR27=PUT_CALL_PARITY;MAR27=PUT_CALL_PARITY;FEB27=PUT_CALL_PARITY;JAN27=PUT_CALL_PARITY;MAY27=PUT_CALL_PARITY;JUL27=PUT_CALL_PARITY;SEP27=PUT_CALL_PARITY;AUG27=PUT_CALL_PARITY;DEC29=PUT_CALL_PARITY;DEC27=PUT_CALL_PARITY;MAR28=PUT_CALL_PARITY;DEC28=PUT_CALL_PARITY;DEC30=PUT_CALL_PARITY;JUN28=SERIES_FORWARD_CLUSTER,AUG26=7747.35;SEP26=7748.5;OCT26=7813;NOV26=7808.25;DEC26=7876.5;JUN27=8015.25;APR27=7959.5;MAR27=7945.5;FEB27=7879.75;JAN27=7881;MAY27=7963.25;JUL27=8043.875;SEP27=8077.25;AUG27=8051.75;DEC29=8676.5;DEC27=8103.75;MAR28=8179;DEC28=8373.25;DEC30=9151.75;JUN28=6427.25,NONE,WEIGHTED_ATM,2026-08-21,7,600,0.0,NONE,11513,11041,471,0,0,RTM,MDW;MMW;MRW;MTW,OK,NONE,NONE,2026-08-11
SPX,8000.0,1000902178.2634436,2263.411167547719,0.0,0.0,0.0,0.0,0.0,0.0,7800.932309330873,7693.767690669128,7854.514618661745,7640.185381338256,SEP26,AUG26,2026-08-12,2026-09-18,7747.35,7705.975053873443,FOUND,WARN,UNKNOWN_SERIES;ESTIMATED_EXPIRY_ALIAS,2026-08-02.2,PUT_CALL_PARITY,AUG26,AUG26=PUT_CALL_PARITY;SEP26=PUT_CALL_PARITY;OCT26=PUT_CALL_PARITY;NOV26=PUT_CALL_PARITY;DEC26=PUT_CALL_PARITY;JUN27=PUT_CALL_PARITY;APR27=PUT_CALL_PARITY;MAR27=PUT_CALL_PARITY;FEB27=PUT_CALL_PARITY;JAN27=PUT_CALL_PARITY;MAY27=PUT_CALL_PARITY;JUL27=PUT_CALL_PARITY;SEP27=PUT_CALL_PARITY;AUG27=PUT_CALL_PARITY;DEC29=PUT_CALL_PARITY;DEC27=PUT_CALL_PARITY;MAR28=PUT_CALL_PARITY;DEC28=PUT_CALL_PARITY;DEC30=PUT_CALL_PARITY;JUN28=SERIES_FORWARD_CLUSTER,AUG26=7747.35;SEP26=7748.5;OCT26=7813;NOV26=7808.25;DEC26=7876.5;JUN27=8015.25;APR27=7959.5;MAR27=7945.5;FEB27=7879.75;JAN27=7881;MAY27=7963.25;JUL27=8043.875;SEP27=8077.25;AUG27=8051.75;DEC29=8676.5;DEC27=8103.75;MAR28=8179;DEC28=8373.25;DEC30=9151.75;JUN28=6427.25,NONE,WEIGHTED_ATM,2026-08-21,7,600,0.0,NONE,11513,11041,471,0,0,RTM,MDW;MMW;MRW;MTW,OK,NONE,NONE,2026-08-11
SPX,8005.0,5481135.165268571,9.143164568298511,0.0,0.0,0.0,0.0,0.0,0.0,7800.932309330873,7693.767690669128,7854.514618661745,7640.185381338256,SEP26,AUG26,2026-08-12,2026-09-18,7747.35,7705.975053873443,FOUND,WARN,UNKNOWN_SERIES;ESTIMATED_EXPIRY_ALIAS,2026-08-02.2,PUT_CALL_PARITY,AUG26,AUG26=PUT_CALL_PARITY;SEP26=PUT_CALL_PARITY;OCT26=PUT_CALL_PARITY;NOV26=PUT_CALL_PARITY;DEC26=PUT_CALL_PARITY;JUN27=PUT_CALL_PARITY;APR27=PUT_CALL_PARITY;MAR27=PUT_CALL_PARITY;FEB27=PUT_CALL_PARITY;JAN27=PUT_CALL_PARITY;MAY27=PUT_CALL_PARITY;JUL27=PUT_CALL_PARITY;SEP27=PUT_CALL_PARITY;AUG27=PUT_CALL_PARITY;DEC29=PUT_CALL_PARITY;DEC27=PUT_CALL_PARITY;MAR28=PUT_CALL_PARITY;DEC28=PUT_CALL_PARITY;DEC30=PUT_CALL_PARITY;JUN28=SERIES_FORWARD_CLUSTER,AUG26=7747.35;SEP26=7748.5;OCT26=7813;NOV26=7808.25;DEC26=7876.5;JUN27=8015.25;APR27=7959.5;MAR27=7945.5;FEB27=7879.75;JAN27=7881;MAY27=7963.25;JUL27=8043.875;SEP27=8077.25;AUG27=8051.75;DEC29=8676.5;DEC27=8103.75;MAR28=8179;DEC28=8373.25;DEC30=9151.75;JUN28=6427.25,NONE,WEIGHTED_ATM,2026-08-21,7,600,0.0,NONE,11513,11041,471,0,0,RTM,MDW;MMW;MRW;MTW,OK,NONE,NONE,2026-08-11
SPX,8010.0,35597851.91128844,59.31804792512668,0.0,0.0,0.0,0.0,0.0,0.0,7800.932309330873,7693.767690669128,7854.514618661745,7640.185381338256,SEP26,AUG26,2026-08-12,2026-09-18,7747.35,7705.975053873443,FOUND,WARN,UNKNOWN_SERIES;ESTIMATED_EXPIRY_ALIAS,2026-08-02.2,PUT_CALL_PARITY,AUG26,AUG26=PUT_CALL_PARITY;SEP26=PUT_CALL_PARITY;OCT26=PUT_CALL_PARITY;NOV26=PUT_CALL_PARITY;DEC26=PUT_CALL_PARITY;JUN27=PUT_CALL_PARITY;APR27=PUT_CALL_PARITY;MAR27=PUT_CALL_PARITY;FEB27=PUT_CALL_PARITY;JAN27=PUT_CALL_PARITY;MAY27=PUT_CALL_PARITY;JUL27=PUT_CALL_PARITY;SEP27=PUT_CALL_PARITY;AUG27=PUT_CALL_PARITY;DEC29=PUT_CALL_PARITY;DEC27=PUT_CALL_PARITY;MAR28=PUT_CALL_PARITY;DEC28=PUT_CALL_PARITY;DEC30=PUT_CALL_PARITY;JUN28=SERIES_FORWARD_CLUSTER,AUG26=7747.35;SEP26=7748.5;OCT26=7813;NOV26=7808.25;DEC26=7876.5;JUN27=8015.25;APR27=7959.5;MAR27=7945.5;FEB27=7879.75;JAN27=7881;MAY27=7963.25;JUL27=8043.875;SEP27=8077.25;AUG27=8051.75;DEC29=8676.5;DEC27=8103.75;MAR28=8179;DEC28=8373.25;DEC30=9151.75;JUN28=6427.25,NONE,WEIGHTED_ATM,2026-08-21,7,600,0.0,NONE,11513,11041,471,0,0,RTM,MDW;MMW;MRW;MTW,OK,NONE,NONE,2026-08-11
SPX,8015.0,3155713.145158391,5.257643876233111,0.0,0.0,0.0,0.0,0.0,0.0,7800.932309330873,7693.767690669128,7854.514618661745,7640.185381338256,SEP26,AUG26,2026-08-12,2026-09-18,7747.35,7705.975053873443,FOUND,WARN,UNKNOWN_SERIES;ESTIMATED_EXPIRY_ALIAS,2026-08-02.2,PUT_CALL_PARITY,AUG26,AUG26=PUT_CALL_PARITY;SEP26=PUT_CALL_PARITY;OCT26=PUT_CALL_PARITY;NOV26=PUT_CALL_PARITY;DEC26=PUT_CALL_PARITY;JUN27=PUT_CALL_PARITY;APR27=PUT_CALL_PARITY;MAR27=PUT_CALL_PARITY;FEB27=PUT_CALL_PARITY;JAN27=PUT_CALL_PARITY;MAY27=PUT_CALL_PARITY;JUL27=PUT_CALL_PARITY;SEP27=PUT_CALL_PARITY;AUG27=PUT_CALL_PARITY;DEC29=PUT_CALL_PARITY;DEC27=PUT_CALL_PARITY;MAR28=PUT_CALL_PARITY;DEC28=PUT_CALL_PARITY;DEC30=PUT_CALL_PARITY;JUN28=SERIES_FORWARD_CLUSTER,AUG26=7747.35;SEP26=7748.5;OCT26=7813;NOV26=7808.25;DEC26=7876.5;JUN27=8015.25;APR27=7959.5;MAR27=7945.5;FEB27=7879.75;JAN27=7881;MAY27=7963.25;JUL27=8043.875;SEP27=8077.25;AUG27=8051.75;DEC29=8676.5;DEC27=8103.75;MAR28=8179;DEC28=8373.25;DEC30=9151.75;JUN28=6427.25,NONE,WEIGHTED_ATM,2026-08-21,7,600,0.0,NONE,11513,11041,471,0,0,RTM,MDW;MMW;MRW;MTW,OK,NONE,NONE,2026-08-11
SPX,8020.0,43119642.64359522,71.83736357557692,0.0,0.0,0.0,0.0,0.0,0.0,7800.932309330873,7693.767690669128,7854.514618661745,7640.185381338256,SEP26,AUG26,2026-08-12,2026-09-18,7747.35,7705.975053873443,FOUND,WARN,UNKNOWN_SERIES;ESTIMATED_EXPIRY_ALIAS,2026-08-02.2,PUT_CALL_PARITY,AUG26,AUG26=PUT_CALL_PARITY;SEP26=PUT_CALL_PARITY;OCT26=PUT_CALL_PARITY;NOV26=PUT_CALL_PARITY;DEC26=PUT_CALL_PARITY;JUN27=PUT_CALL_PARITY;APR27=PUT_CALL_PARITY;MAR27=PUT_CALL_PARITY;FEB27=PUT_CALL_PARITY;JAN27=PUT_CALL_PARITY;MAY27=PUT_CALL_PARITY;JUL27=PUT_CALL_PARITY;SEP27=PUT_CALL_PARITY;AUG27=PUT_CALL_PARITY;DEC29=PUT_CALL_PARITY;DEC27=PUT_CALL_PARITY;MAR28=PUT_CALL_PARITY;DEC28=PUT_CALL_PARITY;DEC30=PUT_CALL_PARITY;JUN28=SERIES_FORWARD_CLUSTER,AUG26=7747.35;SEP26=7748.5;OCT26=7813;NOV26=7808.25;DEC26=7876.5;JUN27=8015.25;APR27=7959.5;MAR27=7945.5;FEB27=7879.75;JAN27=7881;MAY27=7963.25;JUL27=8043.875;SEP27=8077.25;AUG27=8051.75;DEC29=8676.5;DEC27=8103.75;MAR28=8179;DEC28=8373.25;DEC30=9151.75;JUN28=6427.25,NONE,WEIGHTED_ATM,2026-08-21,7,600,0.0,NONE,11513,11041,471,0,0,RTM,MDW;MMW;MRW;MTW,OK,NONE,NONE,2026-08-11
SPX,8025.0,189387612.25380248,316.3541872740267,0.0,0.0,0.0,0.0,0.0,0.0,7800.932309330873,7693.767690669128,7854.514618661745,7640.185381338256,SEP26,AUG26,2026-08-12,2026-09-18,7747.35,7705.975053873443,FOUND,WARN,UNKNOWN_SERIES;ESTIMATED_EXPIRY_ALIAS,2026-08-02.2,PUT_CALL_PARITY,AUG26,AUG26=PUT_CALL_PARITY;SEP26=PUT_CALL_PARITY;OCT26=PUT_CALL_PARITY;NOV26=PUT_CALL_PARITY;DEC26=PUT_CALL_PARITY;JUN27=PUT_CALL_PARITY;APR27=PUT_CALL_PARITY;MAR27=PUT_CALL_PARITY;FEB27=PUT_CALL_PARITY;JAN27=PUT_CALL_PARITY;MAY27=PUT_CALL_PARITY;JUL27=PUT_CALL_PARITY;SEP27=PUT_CALL_PARITY;AUG27=PUT_CALL_PARITY;DEC29=PUT_CALL_PARITY;DEC27=PUT_CALL_PARITY;MAR28=PUT_CALL_PARITY;DEC28=PUT_CALL_PARITY;DEC30=PUT_CALL_PARITY;JUN28=SERIES_FORWARD_CLUSTER,AUG26=7747.35;SEP26=7748.5;OCT26=7813;NOV26=7808.25;DEC26=7876.5;JUN27=8015.25;APR27=7959.5;MAR27=7945.5;FEB27=7879.75;JAN27=7881;MAY27=7963.25;JUL27=8043.875;SEP27=8077.25;AUG27=8051.75;DEC29=8676.5;DEC27=8103.75;MAR28=8179;DEC28=8373.25;DEC30=9151.75;JUN28=6427.25,NONE,WEIGHTED_ATM,2026-08-21,7,600,0.0,NONE,11513,11041,471,0,0,RTM,MDW;MMW;MRW;MTW,OK,NONE,NONE,2026-08-11
SPX,8030.0,26485329.20621936,44.13519045308217,0.0,0.0,0.0,0.0,0.0,0.0,7800.932309330873,7693.767690669128,7854.514618661745,7640.185381338256,SEP26,AUG26,2026-08-12,2026-09-18,7747.35,7705.975053873443,FOUND,WARN,UNKNOWN_SERIES;ESTIMATED_EXPIRY_ALIAS,2026-08-02.2,PUT_CALL_PARITY,AUG26,AUG26=PUT_CALL_PARITY;SEP26=PUT_CALL_PARITY;OCT26=PUT_CALL_PARITY;NOV26=PUT_CALL_PARITY;DEC26=PUT_CALL_PARITY;JUN27=PUT_CALL_PARITY;APR27=PUT_CALL_PARITY;MAR27=PUT_CALL_PARITY;FEB27=PUT_CALL_PARITY;JAN27=PUT_CALL_PARITY;MAY27=PUT_CALL_PARITY;JUL27=PUT_CALL_PARITY;SEP27=PUT_CALL_PARITY;AUG27=PUT_CALL_PARITY;DEC29=PUT_CALL_PARITY;DEC27=PUT_CALL_PARITY;MAR28=PUT_CALL_PARITY;DEC28=PUT_CALL_PARITY;DEC30=PUT_CALL_PARITY;JUN28=SERIES_FORWARD_CLUSTER,AUG26=7747.35;SEP26=7748.5;OCT26=7813;NOV26=7808.25;DEC26=7876.5;JUN27=8015.25;APR27=7959.5;MAR27=7945.5;FEB27=7879.75;JAN27=7881;MAY27=7963.25;JUL27=8043.875;SEP27=8077.25;AUG27=8051.75;DEC29=8676.5;DEC27=8103.75;MAR28=8179;DEC28=8373.25;DEC30=9151.75;JUN28=6427.25,NONE,WEIGHTED_ATM,2026-08-21,7,600,0.0,NONE,11513,11041,471,0,0,RTM,MDW;MMW;MRW;MTW,OK,NONE,NONE,2026-08-11
SPX,8035.0,1657900.8784790759,2.7621814785385075,0.0,0.0,0.0,0.0,0.0,0.0,7800.932309330873,7693.767690669128,7854.514618661745,7640.185381338256,SEP26,AUG26,2026-08-12,2026-09-18,7747.35,7705.975053873443,FOUND,WARN,UNKNOWN_SERIES;ESTIMATED_EXPIRY_ALIAS,2026-08-02.2,PUT_CALL_PARITY,AUG26,AUG26=PUT_CALL_PARITY;SEP26=PUT_CALL_PARITY;OCT26=PUT_CALL_PARITY;NOV26=PUT_CALL_PARITY;DEC26=PUT_CALL_PARITY;JUN27=PUT_CALL_PARITY;APR27=PUT_CALL_PARITY;MAR27=PUT_CALL_PARITY;FEB27=PUT_CALL_PARITY;JAN27=PUT_CALL_PARITY;MAY27=PUT_CALL_PARITY;JUL27=PUT_CALL_PARITY;SEP27=PUT_CALL_PARITY;AUG27=PUT_CALL_PARITY;DEC29=PUT_CALL_PARITY;DEC27=PUT_CALL_PARITY;MAR28=PUT_CALL_PARITY;DEC28=PUT_CALL_PARITY;DEC30=PUT_CALL_PARITY;JUN28=SERIES_FORWARD_CLUSTER,AUG26=7747.35;SEP26=7748.5;OCT26=7813;NOV26=7808.25;DEC26=7876.5;JUN27=8015.25;APR27=7959.5;MAR27=7945.5;FEB27=7879.75;JAN27=7881;MAY27=7963.25;JUL27=8043.875;SEP27=8077.25;AUG27=8051.75;DEC29=8676.5;DEC27=8103.75;MAR28=8179;DEC28=8373.25;DEC30=9151.75;JUN28=6427.25,NONE,WEIGHTED_ATM,2026-08-21,7,600,0.0,NONE,11513,11041,471,0,0,RTM,MDW;MMW;MRW;MTW,OK,NONE,NONE,2026-08-11
SPX,8040.0,18606793.035549607,30.99717810268522,0.0,0.0,0.0,0.0,0.0,0.0,7800.932309330873,7693.767690669128,7854.514618661745,7640.185381338256,SEP26,AUG26,2026-08-12,2026-09-18,7747.35,7705.975053873443,FOUND,WARN,UNKNOWN_SERIES;ESTIMATED_EXPIRY_ALIAS,2026-08-02.2,PUT_CALL_PARITY,AUG26,AUG26=PUT_CALL_PARITY;SEP26=PUT_CALL_PARITY;OCT26=PUT_CALL_PARITY;NOV26=PUT_CALL_PARITY;DEC26=PUT_CALL_PARITY;JUN27=PUT_CALL_PARITY;APR27=PUT_CALL_PARITY;MAR27=PUT_CALL_PARITY;FEB27=PUT_CALL_PARITY;JAN27=PUT_CALL_PARITY;MAY27=PUT_CALL_PARITY;JUL27=PUT_CALL_PARITY;SEP27=PUT_CALL_PARITY;AUG27=PUT_CALL_PARITY;DEC29=PUT_CALL_PARITY;DEC27=PUT_CALL_PARITY;MAR28=PUT_CALL_PARITY;DEC28=PUT_CALL_PARITY;DEC30=PUT_CALL_PARITY;JUN28=SERIES_FORWARD_CLUSTER,AUG26=7747.35;SEP26=7748.5;OCT26=7813;NOV26=7808.25;DEC26=7876.5;JUN27=8015.25;APR27=7959.5;MAR27=7945.5;FEB27=7879.75;JAN27=7881;MAY27=7963.25;JUL27=8043.875;SEP27=8077.25;AUG27=8051.75;DEC29=8676.5;DEC27=8103.75;MAR28=8179;DEC28=8373.25;DEC30=9151.75;JUN28=6427.25,NONE,WEIGHTED_ATM,2026-08-21,7,600,0.0,NONE,11513,11041,471,0,0,RTM,MDW;MMW;MRW;MTW,OK,NONE,NONE,2026-08-11
SPX,8045.0,1403755.405093665,2.3387569369678562,0.0,0.0,0.0,0.0,0.0,0.0,7800.932309330873,7693.767690669128,7854.514618661745,7640.185381338256,SEP26,AUG26,2026-08-12,2026-09-18,7747.35,7705.975053873443,FOUND,WARN,UNKNOWN_SERIES;ESTIMATED_EXPIRY_ALIAS,2026-08-02.2,PUT_CALL_PARITY,AUG26,AUG26=PUT_CALL_PARITY;SEP26=PUT_CALL_PARITY;OCT26=PUT_CALL_PARITY;NOV26=PUT_CALL_PARITY;DEC26=PUT_CALL_PARITY;JUN27=PUT_CALL_PARITY;APR27=PUT_CALL_PARITY;MAR27=PUT_CALL_PARITY;FEB27=PUT_CALL_PARITY;JAN27=PUT_CALL_PARITY;MAY27=PUT_CALL_PARITY;JUL27=PUT_CALL_PARITY;SEP27=PUT_CALL_PARITY;AUG27=PUT_CALL_PARITY;DEC29=PUT_CALL_PARITY;DEC27=PUT_CALL_PARITY;MAR28=PUT_CALL_PARITY;DEC28=PUT_CALL_PARITY;DEC30=PUT_CALL_PARITY;JUN28=SERIES_FORWARD_CLUSTER,AUG26=7747.35;SEP26=7748.5;OCT26=7813;NOV26=7808.25;DEC26=7876.5;JUN27=8015.25;APR27=7959.5;MAR27=7945.5;FEB27=7879.75;JAN27=7881;MAY27=7963.25;JUL27=8043.875;SEP27=8077.25;AUG27=8051.75;DEC29=8676.5;DEC27=8103.75;MAR28=8179;DEC28=8373.25;DEC30=9151.75;JUN28=6427.25,NONE,WEIGHTED_ATM,2026-08-21,7,600,0.0,NONE,11513,11041,471,0,0,RTM,MDW;MMW;MRW;MTW,OK,NONE,NONE,2026-08-11
SPX,8050.0,671723344.6443645,1281.303529242747,0.0,0.0,0.0,0.0,0.0,0.0,7800.932309330873,7693.767690669128,7854.514618661745,7640.185381338256,SEP26,AUG26,2026-08-12,2026-09-18,7747.35,7705.975053873443,FOUND,WARN,UNKNOWN_SERIES;ESTIMATED_EXPIRY_ALIAS,2026-08-02.2,PUT_CALL_PARITY,AUG26,AUG26=PUT_CALL_PARITY;SEP26=PUT_CALL_PARITY;OCT26=PUT_CALL_PARITY;NOV26=PUT_CALL_PARITY;DEC26=PUT_CALL_PARITY;JUN27=PUT_CALL_PARITY;APR27=PUT_CALL_PARITY;MAR27=PUT_CALL_PARITY;FEB27=PUT_CALL_PARITY;JAN27=PUT_CALL_PARITY;MAY27=PUT_CALL_PARITY;JUL27=PUT_CALL_PARITY;SEP27=PUT_CALL_PARITY;AUG27=PUT_CALL_PARITY;DEC29=PUT_CALL_PARITY;DEC27=PUT_CALL_PARITY;MAR28=PUT_CALL_PARITY;DEC28=PUT_CALL_PARITY;DEC30=PUT_CALL_PARITY;JUN28=SERIES_FORWARD_CLUSTER,AUG26=7747.35;SEP26=7748.5;OCT26=7813;NOV26=7808.25;DEC26=7876.5;JUN27=8015.25;APR27=7959.5;MAR27=7945.5;FEB27=7879.75;JAN27=7881;MAY27=7963.25;JUL27=8043.875;SEP27=8077.25;AUG27=8051.75;DEC29=8676.5;DEC27=8103.75;MAR28=8179;DEC28=8373.25;DEC30=9151.75;JUN28=6427.25,NONE,WEIGHTED_ATM,2026-08-21,7,600,0.0,NONE,11513,11041,471,0,0,RTM,MDW;MMW;MRW;MTW,OK,NONE,NONE,2026-08-11
SPX,8055.0,7998756.347511974,13.326500348264783,0.0,0.0,0.0,0.0,0.0,0.0,7800.932309330873,7693.767690669128,7854.514618661745,7640.185381338256,SEP26,AUG26,2026-08-12,2026-09-18,7747.35,7705.975053873443,FOUND,WARN,UNKNOWN_SERIES;ESTIMATED_EXPIRY_ALIAS,2026-08-02.2,PUT_CALL_PARITY,AUG26,AUG26=PUT_CALL_PARITY;SEP26=PUT_CALL_PARITY;OCT26=PUT_CALL_PARITY;NOV26=PUT_CALL_PARITY;DEC26=PUT_CALL_PARITY;JUN27=PUT_CALL_PARITY;APR27=PUT_CALL_PARITY;MAR27=PUT_CALL_PARITY;FEB27=PUT_CALL_PARITY;JAN27=PUT_CALL_PARITY;MAY27=PUT_CALL_PARITY;JUL27=PUT_CALL_PARITY;SEP27=PUT_CALL_PARITY;AUG27=PUT_CALL_PARITY;DEC29=PUT_CALL_PARITY;DEC27=PUT_CALL_PARITY;MAR28=PUT_CALL_PARITY;DEC28=PUT_CALL_PARITY;DEC30=PUT_CALL_PARITY;JUN28=SERIES_FORWARD_CLUSTER,AUG26=7747.35;SEP26=7748.5;OCT26=7813;NOV26=7808.25;DEC26=7876.5;JUN27=8015.25;APR27=7959.5;MAR27=7945.5;FEB27=7879.75;JAN27=7881;MAY27=7963.25;JUL27=8043.875;SEP27=8077.25;AUG27=8051.75;DEC29=8676.5;DEC27=8103.75;MAR28=8179;DEC28=8373.25;DEC30=9151.75;JUN28=6427.25,NONE,WEIGHTED_ATM,2026-08-21,7,600,0.0,NONE,11513,11041,471,0,0,RTM,MDW;MMW;MRW;MTW,OK,NONE,NONE,2026-08-11
SPX,8060.0,6535796.8184521105,10.888053293623102,0.0,0.0,0.0,0.0,0.0,0.0,7800.932309330873,7693.767690669128,7854.514618661745,7640.185381338256,SEP26,AUG26,2026-08-12,2026-09-18,7747.35,7705.975053873443,FOUND,WARN,UNKNOWN_SERIES;ESTIMATED_EXPIRY_ALIAS,2026-08-02.2,PUT_CALL_PARITY,AUG26,AUG26=PUT_CALL_PARITY;SEP26=PUT_CALL_PARITY;OCT26=PUT_CALL_PARITY;NOV26=PUT_CALL_PARITY;DEC26=PUT_CALL_PARITY;JUN27=PUT_CALL_PARITY;APR27=PUT_CALL_PARITY;MAR27=PUT_CALL_PARITY;FEB27=PUT_CALL_PARITY;JAN27=PUT_CALL_PARITY;MAY27=PUT_CALL_PARITY;JUL27=PUT_CALL_PARITY;SEP27=PUT_CALL_PARITY;AUG27=PUT_CALL_PARITY;DEC29=PUT_CALL_PARITY;DEC27=PUT_CALL_PARITY;MAR28=PUT_CALL_PARITY;DEC28=PUT_CALL_PARITY;DEC30=PUT_CALL_PARITY;JUN28=SERIES_FORWARD_CLUSTER,AUG26=7747.35;SEP26=7748.5;OCT26=7813;NOV26=7808.25;DEC26=7876.5;JUN27=8015.25;APR27=7959.5;MAR27=7945.5;FEB27=7879.75;JAN27=7881;MAY27=7963.25;JUL27=8043.875;SEP27=8077.25;AUG27=8051.75;DEC29=8676.5;DEC27=8103.75;MAR28=8179;DEC28=8373.25;DEC30=9151.75;JUN28=6427.25,NONE,WEIGHTED_ATM,2026-08-21,7,600,0.0,NONE,11513,11041,471,0,0,RTM,MDW;MMW;MRW;MTW,OK,NONE,NONE,2026-08-11
SPX,8065.0,125225.01728093463,0.20863383804970198,0.0,0.0,0.0,0.0,0.0,0.0,7800.932309330873,7693.767690669128,7854.514618661745,7640.185381338256,SEP26,AUG26,2026-08-12,2026-09-18,7747.35,7705.975053873443,FOUND,WARN,UNKNOWN_SERIES;ESTIMATED_EXPIRY_ALIAS,2026-08-02.2,PUT_CALL_PARITY,AUG26,AUG26=PUT_CALL_PARITY;SEP26=PUT_CALL_PARITY;OCT26=PUT_CALL_PARITY;NOV26=PUT_CALL_PARITY;DEC26=PUT_CALL_PARITY;JUN27=PUT_CALL_PARITY;APR27=PUT_CALL_PARITY;MAR27=PUT_CALL_PARITY;FEB27=PUT_CALL_PARITY;JAN27=PUT_CALL_PARITY;MAY27=PUT_CALL_PARITY;JUL27=PUT_CALL_PARITY;SEP27=PUT_CALL_PARITY;AUG27=PUT_CALL_PARITY;DEC29=PUT_CALL_PARITY;DEC27=PUT_CALL_PARITY;MAR28=PUT_CALL_PARITY;DEC28=PUT_CALL_PARITY;DEC30=PUT_CALL_PARITY;JUN28=SERIES_FORWARD_CLUSTER,AUG26=7747.35;SEP26=7748.5;OCT26=7813;NOV26=7808.25;DEC26=7876.5;JUN27=8015.25;APR27=7959.5;MAR27=7945.5;FEB27=7879.75;JAN27=7881;MAY27=7963.25;JUL27=8043.875;SEP27=8077.25;AUG27=8051.75;DEC29=8676.5;DEC27=8103.75;MAR28=8179;DEC28=8373.25;DEC30=9151.75;JUN28=6427.25,NONE,WEIGHTED_ATM,2026-08-21,7,600,0.0,NONE,11513,11041,471,0,0,RTM,MDW;MMW;MRW;MTW,OK,NONE,NONE,2026-08-11
SPX,8070.0,16220425.83716929,27.023545908024154,0.0,0.0,0.0,0.0,0.0,0.0,7800.932309330873,7693.767690669128,7854.514618661745,7640.185381338256,SEP26,AUG26,2026-08-12,2026-09-18,7747.35,7705.975053873443,FOUND,WARN,UNKNOWN_SERIES;ESTIMATED_EXPIRY_ALIAS,2026-08-02.2,PUT_CALL_PARITY,AUG26,AUG26=PUT_CALL_PARITY;SEP26=PUT_CALL_PARITY;OCT26=PUT_CALL_PARITY;NOV26=PUT_CALL_PARITY;DEC26=PUT_CALL_PARITY;JUN27=PUT_CALL_PARITY;APR27=PUT_CALL_PARITY;MAR27=PUT_CALL_PARITY;FEB27=PUT_CALL_PARITY;JAN27=PUT_CALL_PARITY;MAY27=PUT_CALL_PARITY;JUL27=PUT_CALL_PARITY;SEP27=PUT_CALL_PARITY;AUG27=PUT_CALL_PARITY;DEC29=PUT_CALL_PARITY;DEC27=PUT_CALL_PARITY;MAR28=PUT_CALL_PARITY;DEC28=PUT_CALL_PARITY;DEC30=PUT_CALL_PARITY;JUN28=SERIES_FORWARD_CLUSTER,AUG26=7747.35;SEP26=7748.5;OCT26=7813;NOV26=7808.25;DEC26=7876.5;JUN27=8015.25;APR27=7959.5;MAR27=7945.5;FEB27=7879.75;JAN27=7881;MAY27=7963.25;JUL27=8043.875;SEP27=8077.25;AUG27=8051.75;DEC29=8676.5;DEC27=8103.75;MAR28=8179;DEC28=8373.25;DEC30=9151.75;JUN28=6427.25,NONE,WEIGHTED_ATM,2026-08-21,7,600,0.0,NONE,11513,11041,471,0,0,RTM,MDW;MMW;MRW;MTW,OK,NONE,NONE,2026-08-11
SPX,8075.0,106388082.68420629,179.40349179393857,0.0,0.0,0.0,0.0,0.0,0.0,7800.932309330873,7693.767690669128,7854.514618661745,7640.185381338256,SEP26,AUG26,2026-08-12,2026-09-18,7747.35,7705.975053873443,FOUND,WARN,UNKNOWN_SERIES;ESTIMATED_EXPIRY_ALIAS,2026-08-02.2,PUT_CALL_PARITY,AUG26,AUG26=PUT_CALL_PARITY;SEP26=PUT_CALL_PARITY;OCT26=PUT_CALL_PARITY;NOV26=PUT_CALL_PARITY;DEC26=PUT_CALL_PARITY;JUN27=PUT_CALL_PARITY;APR27=PUT_CALL_PARITY;MAR27=PUT_CALL_PARITY;FEB27=PUT_CALL_PARITY;JAN27=PUT_CALL_PARITY;MAY27=PUT_CALL_PARITY;JUL27=PUT_CALL_PARITY;SEP27=PUT_CALL_PARITY;AUG27=PUT_CALL_PARITY;DEC29=PUT_CALL_PARITY;DEC27=PUT_CALL_PARITY;MAR28=PUT_CALL_PARITY;DEC28=PUT_CALL_PARITY;DEC30=PUT_CALL_PARITY;JUN28=SERIES_FORWARD_CLUSTER,AUG26=7747.35;SEP26=7748.5;OCT26=7813;NOV26=7808.25;DEC26=7876.5;JUN27=8015.25;APR27=7959.5;MAR27=7945.5;FEB27=7879.75;JAN27=7881;MAY27=7963.25;JUL27=8043.875;SEP27=8077.25;AUG27=8051.75;DEC29=8676.5;DEC27=8103.75;MAR28=8179;DEC28=8373.25;DEC30=9151.75;JUN28=6427.25,NONE,WEIGHTED_ATM,2026-08-21,7,600,0.0,NONE,11513,11041,471,0,0,RTM,MDW;MMW;MRW;MTW,OK,NONE,NONE,2026-08-11
SPX,8080.0,6983428.494762958,11.844066777222679,0.0,0.0,0.0,0.0,0.0,0.0,7800.932309330873,7693.767690669128,7854.514618661745,7640.185381338256,SEP26,AUG26,2026-08-12,2026-09-18,7747.35,7705.975053873443,FOUND,WARN,UNKNOWN_SERIES;ESTIMATED_EXPIRY_ALIAS,2026-08-02.2,PUT_CALL_PARITY,AUG26,AUG26=PUT_CALL_PARITY;SEP26=PUT_CALL_PARITY;OCT26=PUT_CALL_PARITY;NOV26=PUT_CALL_PARITY;DEC26=PUT_CALL_PARITY;JUN27=PUT_CALL_PARITY;APR27=PUT_CALL_PARITY;MAR27=PUT_CALL_PARITY;FEB27=PUT_CALL_PARITY;JAN27=PUT_CALL_PARITY;MAY27=PUT_CALL_PARITY;JUL27=PUT_CALL_PARITY;SEP27=PUT_CALL_PARITY;AUG27=PUT_CALL_PARITY;DEC29=PUT_CALL_PARITY;DEC27=PUT_CALL_PARITY;MAR28=PUT_CALL_PARITY;DEC28=PUT_CALL_PARITY;DEC30=PUT_CALL_PARITY;JUN28=SERIES_FORWARD_CLUSTER,AUG26=7747.35;SEP26=7748.5;OCT26=7813;NOV26=7808.25;DEC26=7876.5;JUN27=8015.25;APR27=7959.5;MAR27=7945.5;FEB27=7879.75;JAN27=7881;MAY27=7963.25;JUL27=8043.875;SEP27=8077.25;AUG27=8051.75;DEC29=8676.5;DEC27=8103.75;MAR28=8179;DEC28=8373.25;DEC30=9151.75;JUN28=6427.25,NONE,WEIGHTED_ATM,2026-08-21,7,600,0.0,NONE,11513,11041,471,0,0,RTM,MDW;MMW;MRW;MTW,OK,NONE,NONE,2026-08-11
SPX,8085.0,108179.71067042588,0.18023513772525945,0.0,0.0,0.0,0.0,0.0,0.0,7800.932309330873,7693.767690669128,7854.514618661745,7640.185381338256,SEP26,AUG26,2026-08-12,2026-09-18,7747.35,7705.975053873443,FOUND,WARN,UNKNOWN_SERIES;ESTIMATED_EXPIRY_ALIAS,2026-08-02.2,PUT_CALL_PARITY,AUG26,AUG26=PUT_CALL_PARITY;SEP26=PUT_CALL_PARITY;OCT26=PUT_CALL_PARITY;NOV26=PUT_CALL_PARITY;DEC26=PUT_CALL_PARITY;JUN27=PUT_CALL_PARITY;APR27=PUT_CALL_PARITY;MAR27=PUT_CALL_PARITY;FEB27=PUT_CALL_PARITY;JAN27=PUT_CALL_PARITY;MAY27=PUT_CALL_PARITY;JUL27=PUT_CALL_PARITY;SEP27=PUT_CALL_PARITY;AUG27=PUT_CALL_PARITY;DEC29=PUT_CALL_PARITY;DEC27=PUT_CALL_PARITY;MAR28=PUT_CALL_PARITY;DEC28=PUT_CALL_PARITY;DEC30=PUT_CALL_PARITY;JUN28=SERIES_FORWARD_CLUSTER,AUG26=7747.35;SEP26=7748.5;OCT26=7813;NOV26=7808.25;DEC26=7876.5;JUN27=8015.25;APR27=7959.5;MAR27=7945.5;FEB27=7879.75;JAN27=7881;MAY27=7963.25;JUL27=8043.875;SEP27=8077.25;AUG27=8051.75;DEC29=8676.5;DEC27=8103.75;MAR28=8179;DEC28=8373.25;DEC30=9151.75;JUN28=6427.25,NONE,WEIGHTED_ATM,2026-08-21,7,600,0.0,NONE,11513,11041,471,0,0,RTM,MDW;MMW;MRW;MTW,OK,NONE,NONE,2026-08-11
SPX,8090.0,5723222.437463347,9.534706708211322,0.0,0.0,0.0,0.0,0.0,0.0,7800.932309330873,7693.767690669128,7854.514618661745,7640.185381338256,SEP26,AUG26,2026-08-12,2026-09-18,7747.35,7705.975053873443,FOUND,WARN,UNKNOWN_SERIES;ESTIMATED_EXPIRY_ALIAS,2026-08-02.2,PUT_CALL_PARITY,AUG26,AUG26=PUT_CALL_PARITY;SEP26=PUT_CALL_PARITY;OCT26=PUT_CALL_PARITY;NOV26=PUT_CALL_PARITY;DEC26=PUT_CALL_PARITY;JUN27=PUT_CALL_PARITY;APR27=PUT_CALL_PARITY;MAR27=PUT_CALL_PARITY;FEB27=PUT_CALL_PARITY;JAN27=PUT_CALL_PARITY;MAY27=PUT_CALL_PARITY;JUL27=PUT_CALL_PARITY;SEP27=PUT_CALL_PARITY;AUG27=PUT_CALL_PARITY;DEC29=PUT_CALL_PARITY;DEC27=PUT_CALL_PARITY;MAR28=PUT_CALL_PARITY;DEC28=PUT_CALL_PARITY;DEC30=PUT_CALL_PARITY;JUN28=SERIES_FORWARD_CLUSTER,AUG26=7747.35;SEP26=7748.5;OCT26=7813;NOV26=7808.25;DEC26=7876.5;JUN27=8015.25;APR27=7959.5;MAR27=7945.5;FEB27=7879.75;JAN27=7881;MAY27=7963.25;JUL27=8043.875;SEP27=8077.25;AUG27=8051.75;DEC29=8676.5;DEC27=8103.75;MAR28=8179;DEC28=8373.25;DEC30=9151.75;JUN28=6427.25,NONE,WEIGHTED_ATM,2026-08-21,7,600,0.0,NONE,11513,11041,471,0,0,RTM,MDW;MMW;MRW;MTW,OK,NONE,NONE,2026-08-11
SPX,8095.0,19371.720226931928,0.03227467185333086,0.0,0.0,0.0,0.0,0.0,0.0,7800.932309330873,7693.767690669128,7854.514618661745,7640.185381338256,SEP26,AUG26,2026-08-12,2026-09-18,7747.35,7705.975053873443,FOUND,WARN,UNKNOWN_SERIES;ESTIMATED_EXPIRY_ALIAS,2026-08-02.2,PUT_CALL_PARITY,AUG26,AUG26=PUT_CALL_PARITY;SEP26=PUT_CALL_PARITY;OCT26=PUT_CALL_PARITY;NOV26=PUT_CALL_PARITY;DEC26=PUT_CALL_PARITY;JUN27=PUT_CALL_PARITY;APR27=PUT_CALL_PARITY;MAR27=PUT_CALL_PARITY;FEB27=PUT_CALL_PARITY;JAN27=PUT_CALL_PARITY;MAY27=PUT_CALL_PARITY;JUL27=PUT_CALL_PARITY;SEP27=PUT_CALL_PARITY;AUG27=PUT_CALL_PARITY;DEC29=PUT_CALL_PARITY;DEC27=PUT_CALL_PARITY;MAR28=PUT_CALL_PARITY;DEC28=PUT_CALL_PARITY;DEC30=PUT_CALL_PARITY;JUN28=SERIES_FORWARD_CLUSTER,AUG26=7747.35;SEP26=7748.5;OCT26=7813;NOV26=7808.25;DEC26=7876.5;JUN27=8015.25;APR27=7959.5;MAR27=7945.5;FEB27=7879.75;JAN27=7881;MAY27=7963.25;JUL27=8043.875;SEP27=8077.25;AUG27=8051.75;DEC29=8676.5;DEC27=8103.75;MAR28=8179;DEC28=8373.25;DEC30=9151.75;JUN28=6427.25,NONE,WEIGHTED_ATM,2026-08-21,7,600,0.0,NONE,11513,11041,471,0,0,RTM,MDW;MMW;MRW;MTW,OK,NONE,NONE,2026-08-11
SPX,8100.0,535972393.91100967,1006.6656940341189,0.0,0.0,0.0,0.0,0.0,0.0,7800.932309330873,7693.767690669128,7854.514618661745,7640.185381338256,SEP26,AUG26,2026-08-12,2026-09-18,7747.35,7705.975053873443,FOUND,WARN,UNKNOWN_SERIES;ESTIMATED_EXPIRY_ALIAS,2026-08-02.2,PUT_CALL_PARITY,AUG26,AUG26=PUT_CALL_PARITY;SEP26=PUT_CALL_PARITY;OCT26=PUT_CALL_PARITY;NOV26=PUT_CALL_PARITY;DEC26=PUT_CALL_PARITY;JUN27=PUT_CALL_PARITY;APR27=PUT_CALL_PARITY;MAR27=PUT_CALL_PARITY;FEB27=PUT_CALL_PARITY;JAN27=PUT_CALL_PARITY;MAY27=PUT_CALL_PARITY;JUL27=PUT_CALL_PARITY;SEP27=PUT_CALL_PARITY;AUG27=PUT_CALL_PARITY;DEC29=PUT_CALL_PARITY;DEC27=PUT_CALL_PARITY;MAR28=PUT_CALL_PARITY;DEC28=PUT_CALL_PARITY;DEC30=PUT_CALL_PARITY;JUN28=SERIES_FORWARD_CLUSTER,AUG26=7747.35;SEP26=7748.5;OCT26=7813;NOV26=7808.25;DEC26=7876.5;JUN27=8015.25;APR27=7959.5;MAR27=7945.5;FEB27=7879.75;JAN27=7881;MAY27=7963.25;JUL27=8043.875;SEP27=8077.25;AUG27=8051.75;DEC29=8676.5;DEC27=8103.75;MAR28=8179;DEC28=8373.25;DEC30=9151.75;JUN28=6427.25,NONE,WEIGHTED_ATM,2026-08-21,7,600,0.0,NONE,11513,11041,471,0,0,RTM,MDW;MMW;MRW;MTW,OK,NONE,NONE,2026-08-11
SPX,8105.0,6845939.183845552,11.405824474962946,0.0,0.0,0.0,0.0,0.0,0.0,7800.932309330873,7693.767690669128,7854.514618661745,7640.185381338256,SEP26,AUG26,2026-08-12,2026-09-18,7747.35,7705.975053873443,FOUND,WARN,UNKNOWN_SERIES;ESTIMATED_EXPIRY_ALIAS,2026-08-02.2,PUT_CALL_PARITY,AUG26,AUG26=PUT_CALL_PARITY;SEP26=PUT_CALL_PARITY;OCT26=PUT_CALL_PARITY;NOV26=PUT_CALL_PARITY;DEC26=PUT_CALL_PARITY;JUN27=PUT_CALL_PARITY;APR27=PUT_CALL_PARITY;MAR27=PUT_CALL_PARITY;FEB27=PUT_CALL_PARITY;JAN27=PUT_CALL_PARITY;MAY27=PUT_CALL_PARITY;JUL27=PUT_CALL_PARITY;SEP27=PUT_CALL_PARITY;AUG27=PUT_CALL_PARITY;DEC29=PUT_CALL_PARITY;DEC27=PUT_CALL_PARITY;MAR28=PUT_CALL_PARITY;DEC28=PUT_CALL_PARITY;DEC30=PUT_CALL_PARITY;JUN28=SERIES_FORWARD_CLUSTER,AUG26=7747.35;SEP26=7748.5;OCT26=7813;NOV26=7808.25;DEC26=7876.5;JUN27=8015.25;APR27=7959.5;MAR27=7945.5;FEB27=7879.75;JAN27=7881;MAY27=7963.25;JUL27=8043.875;SEP27=8077.25;AUG27=8051.75;DEC29=8676.5;DEC27=8103.75;MAR28=8179;DEC28=8373.25;DEC30=9151.75;JUN28=6427.25,NONE,WEIGHTED_ATM,2026-08-21,7,600,0.0,NONE,11513,11041,471,0,0,RTM,MDW;MMW;MRW;MTW,OK,NONE,NONE,2026-08-11
SPX,8110.0,2650806.8159489823,4.416433808102553,0.0,0.0,0.0,0.0,0.0,0.0,7800.932309330873,7693.767690669128,7854.514618661745,7640.185381338256,SEP26,AUG26,2026-08-12,2026-09-18,7747.35,7705.975053873443,FOUND,WARN,UNKNOWN_SERIES;ESTIMATED_EXPIRY_ALIAS,2026-08-02.2,PUT_CALL_PARITY,AUG26,AUG26=PUT_CALL_PARITY;SEP26=PUT_CALL_PARITY;OCT26=PUT_CALL_PARITY;NOV26=PUT_CALL_PARITY;DEC26=PUT_CALL_PARITY;JUN27=PUT_CALL_PARITY;APR27=PUT_CALL_PARITY;MAR27=PUT_CALL_PARITY;FEB27=PUT_CALL_PARITY;JAN27=PUT_CALL_PARITY;MAY27=PUT_CALL_PARITY;JUL27=PUT_CALL_PARITY;SEP27=PUT_CALL_PARITY;AUG27=PUT_CALL_PARITY;DEC29=PUT_CALL_PARITY;DEC27=PUT_CALL_PARITY;MAR28=PUT_CALL_PARITY;DEC28=PUT_CALL_PARITY;DEC30=PUT_CALL_PARITY;JUN28=SERIES_FORWARD_CLUSTER,AUG26=7747.35;SEP26=7748.5;OCT26=7813;NOV26=7808.25;DEC26=7876.5;JUN27=8015.25;APR27=7959.5;MAR27=7945.5;FEB27=7879.75;JAN27=7881;MAY27=7963.25;JUL27=8043.875;SEP27=8077.25;AUG27=8051.75;DEC29=8676.5;DEC27=8103.75;MAR28=8179;DEC28=8373.25;DEC30=9151.75;JUN28=6427.25,NONE,WEIGHTED_ATM,2026-08-21,7,600,0.0,NONE,11513,11041,471,0,0,RTM,MDW;MMW;MRW;MTW,OK,NONE,NONE,2026-08-11
SPX,8115.0,35472.74640261692,0.059100133414543295,0.0,0.0,0.0,0.0,0.0,0.0,7800.932309330873,7693.767690669128,7854.514618661745,7640.185381338256,SEP26,AUG26,2026-08-12,2026-09-18,7747.35,7705.975053873443,FOUND,WARN,UNKNOWN_SERIES;ESTIMATED_EXPIRY_ALIAS,2026-08-02.2,PUT_CALL_PARITY,AUG26,AUG26=PUT_CALL_PARITY;SEP26=PUT_CALL_PARITY;OCT26=PUT_CALL_PARITY;NOV26=PUT_CALL_PARITY;DEC26=PUT_CALL_PARITY;JUN27=PUT_CALL_PARITY;APR27=PUT_CALL_PARITY;MAR27=PUT_CALL_PARITY;FEB27=PUT_CALL_PARITY;JAN27=PUT_CALL_PARITY;MAY27=PUT_CALL_PARITY;JUL27=PUT_CALL_PARITY;SEP27=PUT_CALL_PARITY;AUG27=PUT_CALL_PARITY;DEC29=PUT_CALL_PARITY;DEC27=PUT_CALL_PARITY;MAR28=PUT_CALL_PARITY;DEC28=PUT_CALL_PARITY;DEC30=PUT_CALL_PARITY;JUN28=SERIES_FORWARD_CLUSTER,AUG26=7747.35;SEP26=7748.5;OCT26=7813;NOV26=7808.25;DEC26=7876.5;JUN27=8015.25;APR27=7959.5;MAR27=7945.5;FEB27=7879.75;JAN27=7881;MAY27=7963.25;JUL27=8043.875;SEP27=8077.25;AUG27=8051.75;DEC29=8676.5;DEC27=8103.75;MAR28=8179;DEC28=8373.25;DEC30=9151.75;JUN28=6427.25,NONE,WEIGHTED_ATM,2026-08-21,7,600,0.0,NONE,11513,11041,471,0,0,RTM,MDW;MMW;MRW;MTW,OK,NONE,NONE,2026-08-11
SPX,8120.0,7147718.746107274,11.939069502597341,0.0,0.0,0.0,0.0,0.0,0.0,7800.932309330873,7693.767690669128,7854.514618661745,7640.185381338256,SEP26,AUG26,2026-08-12,2026-09-18,7747.35,7705.975053873443,FOUND,WARN,UNKNOWN_SERIES;ESTIMATED_EXPIRY_ALIAS,2026-08-02.2,PUT_CALL_PARITY,AUG26,AUG26=PUT_CALL_PARITY;SEP26=PUT_CALL_PARITY;OCT26=PUT_CALL_PARITY;NOV26=PUT_CALL_PARITY;DEC26=PUT_CALL_PARITY;JUN27=PUT_CALL_PARITY;APR27=PUT_CALL_PARITY;MAR27=PUT_CALL_PARITY;FEB27=PUT_CALL_PARITY;JAN27=PUT_CALL_PARITY;MAY27=PUT_CALL_PARITY;JUL27=PUT_CALL_PARITY;SEP27=PUT_CALL_PARITY;AUG27=PUT_CALL_PARITY;DEC29=PUT_CALL_PARITY;DEC27=PUT_CALL_PARITY;MAR28=PUT_CALL_PARITY;DEC28=PUT_CALL_PARITY;DEC30=PUT_CALL_PARITY;JUN28=SERIES_FORWARD_CLUSTER,AUG26=7747.35;SEP26=7748.5;OCT26=7813;NOV26=7808.25;DEC26=7876.5;JUN27=8015.25;APR27=7959.5;MAR27=7945.5;FEB27=7879.75;JAN27=7881;MAY27=7963.25;JUL27=8043.875;SEP27=8077.25;AUG27=8051.75;DEC29=8676.5;DEC27=8103.75;MAR28=8179;DEC28=8373.25;DEC30=9151.75;JUN28=6427.25,NONE,WEIGHTED_ATM,2026-08-21,7,600,0.0,NONE,11513,11041,471,0,0,RTM,MDW;MMW;MRW;MTW,OK,NONE,NONE,2026-08-11
SPX,8125.0,136920578.7210875,227.44681106740725,0.0,0.0,0.0,0.0,0.0,0.0,7800.932309330873,7693.767690669128,7854.514618661745,7640.185381338256,SEP26,AUG26,2026-08-12,2026-09-18,7747.35,7705.975053873443,FOUND,WARN,UNKNOWN_SERIES;ESTIMATED_EXPIRY_ALIAS,2026-08-02.2,PUT_CALL_PARITY,AUG26,AUG26=PUT_CALL_PARITY;SEP26=PUT_CALL_PARITY;OCT26=PUT_CALL_PARITY;NOV26=PUT_CALL_PARITY;DEC26=PUT_CALL_PARITY;JUN27=PUT_CALL_PARITY;APR27=PUT_CALL_PARITY;MAR27=PUT_CALL_PARITY;FEB27=PUT_CALL_PARITY;JAN27=PUT_CALL_PARITY;MAY27=PUT_CALL_PARITY;JUL27=PUT_CALL_PARITY;SEP27=PUT_CALL_PARITY;AUG27=PUT_CALL_PARITY;DEC29=PUT_CALL_PARITY;DEC27=PUT_CALL_PARITY;MAR28=PUT_CALL_PARITY;DEC28=PUT_CALL_PARITY;DEC30=PUT_CALL_PARITY;JUN28=SERIES_FORWARD_CLUSTER,AUG26=7747.35;SEP26=7748.5;OCT26=7813;NOV26=7808.25;DEC26=7876.5;JUN27=8015.25;APR27=7959.5;MAR27=7945.5;FEB27=7879.75;JAN27=7881;MAY27=7963.25;JUL27=8043.875;SEP27=8077.25;AUG27=8051.75;DEC29=8676.5;DEC27=8103.75;MAR28=8179;DEC28=8373.25;DEC30=9151.75;JUN28=6427.25,NONE,WEIGHTED_ATM,2026-08-21,7,600,0.0,NONE,11513,11041,471,0,0,RTM,MDW;MMW;MRW;MTW,OK,NONE,NONE,2026-08-11
SPX,8130.0,5687941.623617804,9.589389640250515,0.0,0.0,0.0,0.0,0.0,0.0,7800.932309330873,7693.767690669128,7854.514618661745,7640.185381338256,SEP26,AUG26,2026-08-12,2026-09-18,7747.35,7705.975053873443,FOUND,WARN,UNKNOWN_SERIES;ESTIMATED_EXPIRY_ALIAS,2026-08-02.2,PUT_CALL_PARITY,AUG26,AUG26=PUT_CALL_PARITY;SEP26=PUT_CALL_PARITY;OCT26=PUT_CALL_PARITY;NOV26=PUT_CALL_PARITY;DEC26=PUT_CALL_PARITY;JUN27=PUT_CALL_PARITY;APR27=PUT_CALL_PARITY;MAR27=PUT_CALL_PARITY;FEB27=PUT_CALL_PARITY;JAN27=PUT_CALL_PARITY;MAY27=PUT_CALL_PARITY;JUL27=PUT_CALL_PARITY;SEP27=PUT_CALL_PARITY;AUG27=PUT_CALL_PARITY;DEC29=PUT_CALL_PARITY;DEC27=PUT_CALL_PARITY;MAR28=PUT_CALL_PARITY;DEC28=PUT_CALL_PARITY;DEC30=PUT_CALL_PARITY;JUN28=SERIES_FORWARD_CLUSTER,AUG26=7747.35;SEP26=7748.5;OCT26=7813;NOV26=7808.25;DEC26=7876.5;JUN27=8015.25;APR27=7959.5;MAR27=7945.5;FEB27=7879.75;JAN27=7881;MAY27=7963.25;JUL27=8043.875;SEP27=8077.25;AUG27=8051.75;DEC29=8676.5;DEC27=8103.75;MAR28=8179;DEC28=8373.25;DEC30=9151.75;JUN28=6427.25,NONE,WEIGHTED_ATM,2026-08-21,7,600,0.0,NONE,11513,11041,471,0,0,RTM,MDW;MMW;MRW;MTW,OK,NONE,NONE,2026-08-11
SPX,8135.0,47330.268473449345,0.07885561353435691,0.0,0.0,0.0,0.0,0.0,0.0,7800.932309330873,7693.767690669128,7854.514618661745,7640.185381338256,SEP26,AUG26,2026-08-12,2026-09-18,7747.35,7705.975053873443,FOUND,WARN,UNKNOWN_SERIES;ESTIMATED_EXPIRY_ALIAS,2026-08-02.2,PUT_CALL_PARITY,AUG26,AUG26=PUT_CALL_PARITY;SEP26=PUT_CALL_PARITY;OCT26=PUT_CALL_PARITY;NOV26=PUT_CALL_PARITY;DEC26=PUT_CALL_PARITY;JUN27=PUT_CALL_PARITY;APR27=PUT_CALL_PARITY;MAR27=PUT_CALL_PARITY;FEB27=PUT_CALL_PARITY;JAN27=PUT_CALL_PARITY;MAY27=PUT_CALL_PARITY;JUL27=PUT_CALL_PARITY;SEP27=PUT_CALL_PARITY;AUG27=PUT_CALL_PARITY;DEC29=PUT_CALL_PARITY;DEC27=PUT_CALL_PARITY;MAR28=PUT_CALL_PARITY;DEC28=PUT_CALL_PARITY;DEC30=PUT_CALL_PARITY;JUN28=SERIES_FORWARD_CLUSTER,AUG26=7747.35;SEP26=7748.5;OCT26=7813;NOV26=7808.25;DEC26=7876.5;JUN27=8015.25;APR27=7959.5;MAR27=7945.5;FEB27=7879.75;JAN27=7881;MAY27=7963.25;JUL27=8043.875;SEP27=8077.25;AUG27=8051.75;DEC29=8676.5;DEC27=8103.75;MAR28=8179;DEC28=8373.25;DEC30=9151.75;JUN28=6427.25,NONE,WEIGHTED_ATM,2026-08-21,7,600,0.0,NONE,11513,11041,471,0,0,RTM,MDW;MMW;MRW;MTW,OK,NONE,NONE,2026-08-11
SPX,8140.0,3589397.7005746467,6.082917302181451,0.0,0.0,0.0,0.0,0.0,0.0,7800.932309330873,7693.767690669128,7854.514618661745,7640.185381338256,SEP26,AUG26,2026-08-12,2026-09-18,7747.35,7705.975053873443,FOUND,WARN,UNKNOWN_SERIES;ESTIMATED_EXPIRY_ALIAS,2026-08-02.2,PUT_CALL_PARITY,AUG26,AUG26=PUT_CALL_PARITY;SEP26=PUT_CALL_PARITY;OCT26=PUT_CALL_PARITY;NOV26=PUT_CALL_PARITY;DEC26=PUT_CALL_PARITY;JUN27=PUT_CALL_PARITY;APR27=PUT_CALL_PARITY;MAR27=PUT_CALL_PARITY;FEB27=PUT_CALL_PARITY;JAN27=PUT_CALL_PARITY;MAY27=PUT_CALL_PARITY;JUL27=PUT_CALL_PARITY;SEP27=PUT_CALL_PARITY;AUG27=PUT_CALL_PARITY;DEC29=PUT_CALL_PARITY;DEC27=PUT_CALL_PARITY;MAR28=PUT_CALL_PARITY;DEC28=PUT_CALL_PARITY;DEC30=PUT_CALL_PARITY;JUN28=SERIES_FORWARD_CLUSTER,AUG26=7747.35;SEP26=7748.5;OCT26=7813;NOV26=7808.25;DEC26=7876.5;JUN27=8015.25;APR27=7959.5;MAR27=7945.5;FEB27=7879.75;JAN27=7881;MAY27=7963.25;JUL27=8043.875;SEP27=8077.25;AUG27=8051.75;DEC29=8676.5;DEC27=8103.75;MAR28=8179;DEC28=8373.25;DEC30=9151.75;JUN28=6427.25,NONE,WEIGHTED_ATM,2026-08-21,7,600,0.0,NONE,11513,11041,471,0,0,RTM,MDW;MMW;MRW;MTW,OK,NONE,NONE,2026-08-11
SPX,8145.0,171323.67429839075,0.28543749878238045,0.0,0.0,0.0,0.0,0.0,0.0,7800.932309330873,7693.767690669128,7854.514618661745,7640.185381338256,SEP26,AUG26,2026-08-12,2026-09-18,7747.35,7705.975053873443,FOUND,WARN,UNKNOWN_SERIES;ESTIMATED_EXPIRY_ALIAS,2026-08-02.2,PUT_CALL_PARITY,AUG26,AUG26=PUT_CALL_PARITY;SEP26=PUT_CALL_PARITY;OCT26=PUT_CALL_PARITY;NOV26=PUT_CALL_PARITY;DEC26=PUT_CALL_PARITY;JUN27=PUT_CALL_PARITY;APR27=PUT_CALL_PARITY;MAR27=PUT_CALL_PARITY;FEB27=PUT_CALL_PARITY;JAN27=PUT_CALL_PARITY;MAY27=PUT_CALL_PARITY;JUL27=PUT_CALL_PARITY;SEP27=PUT_CALL_PARITY;AUG27=PUT_CALL_PARITY;DEC29=PUT_CALL_PARITY;DEC27=PUT_CALL_PARITY;MAR28=PUT_CALL_PARITY;DEC28=PUT_CALL_PARITY;DEC30=PUT_CALL_PARITY;JUN28=SERIES_FORWARD_CLUSTER,AUG26=7747.35;SEP26=7748.5;OCT26=7813;NOV26=7808.25;DEC26=7876.5;JUN27=8015.25;APR27=7959.5;MAR27=7945.5;FEB27=7879.75;JAN27=7881;MAY27=7963.25;JUL27=8043.875;SEP27=8077.25;AUG27=8051.75;DEC29=8676.5;DEC27=8103.75;MAR28=8179;DEC28=8373.25;DEC30=9151.75;JUN28=6427.25,NONE,WEIGHTED_ATM,2026-08-21,7,600,0.0,NONE,11513,11041,471,0,0,RTM,MDW;MMW;MRW;MTW,OK,NONE,NONE,2026-08-11
SPX,8150.0,483311415.3926489,829.5705526514777,0.0,0.0,0.0,0.0,0.0,0.0,7800.932309330873,7693.767690669128,7854.514618661745,7640.185381338256,SEP26,AUG26,2026-08-12,2026-09-18,7747.35,7705.975053873443,FOUND,WARN,UNKNOWN_SERIES;ESTIMATED_EXPIRY_ALIAS,2026-08-02.2,PUT_CALL_PARITY,AUG26,AUG26=PUT_CALL_PARITY;SEP26=PUT_CALL_PARITY;OCT26=PUT_CALL_PARITY;NOV26=PUT_CALL_PARITY;DEC26=PUT_CALL_PARITY;JUN27=PUT_CALL_PARITY;APR27=PUT_CALL_PARITY;MAR27=PUT_CALL_PARITY;FEB27=PUT_CALL_PARITY;JAN27=PUT_CALL_PARITY;MAY27=PUT_CALL_PARITY;JUL27=PUT_CALL_PARITY;SEP27=PUT_CALL_PARITY;AUG27=PUT_CALL_PARITY;DEC29=PUT_CALL_PARITY;DEC27=PUT_CALL_PARITY;MAR28=PUT_CALL_PARITY;DEC28=PUT_CALL_PARITY;DEC30=PUT_CALL_PARITY;JUN28=SERIES_FORWARD_CLUSTER,AUG26=7747.35;SEP26=7748.5;OCT26=7813;NOV26=7808.25;DEC26=7876.5;JUN27=8015.25;APR27=7959.5;MAR27=7945.5;FEB27=7879.75;JAN27=7881;MAY27=7963.25;JUL27=8043.875;SEP27=8077.25;AUG27=8051.75;DEC29=8676.5;DEC27=8103.75;MAR28=8179;DEC28=8373.25;DEC30=9151.75;JUN28=6427.25,NONE,WEIGHTED_ATM,2026-08-21,7,600,0.0,NONE,11513,11041,471,0,0,RTM,MDW;MMW;MRW;MTW,OK,NONE,NONE,2026-08-11
SPX,8155.0,253052.30320843915,0.4216032418446437,0.0,0.0,0.0,0.0,0.0,0.0,7800.932309330873,7693.767690669128,7854.514618661745,7640.185381338256,SEP26,AUG26,2026-08-12,2026-09-18,7747.35,7705.975053873443,FOUND,WARN,UNKNOWN_SERIES;ESTIMATED_EXPIRY_ALIAS,2026-08-02.2,PUT_CALL_PARITY,AUG26,AUG26=PUT_CALL_PARITY;SEP26=PUT_CALL_PARITY;OCT26=PUT_CALL_PARITY;NOV26=PUT_CALL_PARITY;DEC26=PUT_CALL_PARITY;JUN27=PUT_CALL_PARITY;APR27=PUT_CALL_PARITY;MAR27=PUT_CALL_PARITY;FEB27=PUT_CALL_PARITY;JAN27=PUT_CALL_PARITY;MAY27=PUT_CALL_PARITY;JUL27=PUT_CALL_PARITY;SEP27=PUT_CALL_PARITY;AUG27=PUT_CALL_PARITY;DEC29=PUT_CALL_PARITY;DEC27=PUT_CALL_PARITY;MAR28=PUT_CALL_PARITY;DEC28=PUT_CALL_PARITY;DEC30=PUT_CALL_PARITY;JUN28=SERIES_FORWARD_CLUSTER,AUG26=7747.35;SEP26=7748.5;OCT26=7813;NOV26=7808.25;DEC26=7876.5;JUN27=8015.25;APR27=7959.5;MAR27=7945.5;FEB27=7879.75;JAN27=7881;MAY27=7963.25;JUL27=8043.875;SEP27=8077.25;AUG27=8051.75;DEC29=8676.5;DEC27=8103.75;MAR28=8179;DEC28=8373.25;DEC30=9151.75;JUN28=6427.25,NONE,WEIGHTED_ATM,2026-08-21,7,600,0.0,NONE,11513,11041,471,0,0,RTM,MDW;MMW;MRW;MTW,OK,NONE,NONE,2026-08-11
SPX,8160.0,14852951.441025428,24.7460476209849,0.0,0.0,0.0,0.0,0.0,0.0,7800.932309330873,7693.767690669128,7854.514618661745,7640.185381338256,SEP26,AUG26,2026-08-12,2026-09-18,7747.35,7705.975053873443,FOUND,WARN,UNKNOWN_SERIES;ESTIMATED_EXPIRY_ALIAS,2026-08-02.2,PUT_CALL_PARITY,AUG26,AUG26=PUT_CALL_PARITY;SEP26=PUT_CALL_PARITY;OCT26=PUT_CALL_PARITY;NOV26=PUT_CALL_PARITY;DEC26=PUT_CALL_PARITY;JUN27=PUT_CALL_PARITY;APR27=PUT_CALL_PARITY;MAR27=PUT_CALL_PARITY;FEB27=PUT_CALL_PARITY;JAN27=PUT_CALL_PARITY;MAY27=PUT_CALL_PARITY;JUL27=PUT_CALL_PARITY;SEP27=PUT_CALL_PARITY;AUG27=PUT_CALL_PARITY;DEC29=PUT_CALL_PARITY;DEC27=PUT_CALL_PARITY;MAR28=PUT_CALL_PARITY;DEC28=PUT_CALL_PARITY;DEC30=PUT_CALL_PARITY;JUN28=SERIES_FORWARD_CLUSTER,AUG26=7747.35;SEP26=7748.5;OCT26=7813;NOV26=7808.25;DEC26=7876.5;JUN27=8015.25;APR27=7959.5;MAR27=7945.5;FEB27=7879.75;JAN27=7881;MAY27=7963.25;JUL27=8043.875;SEP27=8077.25;AUG27=8051.75;DEC29=8676.5;DEC27=8103.75;MAR28=8179;DEC28=8373.25;DEC30=9151.75;JUN28=6427.25,NONE,WEIGHTED_ATM,2026-08-21,7,600,0.0,NONE,11513,11041,471,0,0,RTM,MDW;MMW;MRW;MTW,OK,NONE,NONE,2026-08-11
SPX,8165.0,117647.97497289683,0.1960099434628527,0.0,0.0,0.0,0.0,0.0,0.0,7800.932309330873,7693.767690669128,7854.514618661745,7640.185381338256,SEP26,AUG26,2026-08-12,2026-09-18,7747.35,7705.975053873443,FOUND,WARN,UNKNOWN_SERIES;ESTIMATED_EXPIRY_ALIAS,2026-08-02.2,PUT_CALL_PARITY,AUG26,AUG26=PUT_CALL_PARITY;SEP26=PUT_CALL_PARITY;OCT26=PUT_CALL_PARITY;NOV26=PUT_CALL_PARITY;DEC26=PUT_CALL_PARITY;JUN27=PUT_CALL_PARITY;APR27=PUT_CALL_PARITY;MAR27=PUT_CALL_PARITY;FEB27=PUT_CALL_PARITY;JAN27=PUT_CALL_PARITY;MAY27=PUT_CALL_PARITY;JUL27=PUT_CALL_PARITY;SEP27=PUT_CALL_PARITY;AUG27=PUT_CALL_PARITY;DEC29=PUT_CALL_PARITY;DEC27=PUT_CALL_PARITY;MAR28=PUT_CALL_PARITY;DEC28=PUT_CALL_PARITY;DEC30=PUT_CALL_PARITY;JUN28=SERIES_FORWARD_CLUSTER,AUG26=7747.35;SEP26=7748.5;OCT26=7813;NOV26=7808.25;DEC26=7876.5;JUN27=8015.25;APR27=7959.5;MAR27=7945.5;FEB27=7879.75;JAN27=7881;MAY27=7963.25;JUL27=8043.875;SEP27=8077.25;AUG27=8051.75;DEC29=8676.5;DEC27=8103.75;MAR28=8179;DEC28=8373.25;DEC30=9151.75;JUN28=6427.25,NONE,WEIGHTED_ATM,2026-08-21,7,600,0.0,NONE,11513,11041,471,0,0,RTM,MDW;MMW;MRW;MTW,OK,NONE,NONE,2026-08-11
SPX,8175.0,44893924.069863185,74.65256185400183,0.0,0.0,0.0,0.0,0.0,0.0,7800.932309330873,7693.767690669128,7854.514618661745,7640.185381338256,SEP26,AUG26,2026-08-12,2026-09-18,7747.35,7705.975053873443,FOUND,WARN,UNKNOWN_SERIES;ESTIMATED_EXPIRY_ALIAS,2026-08-02.2,PUT_CALL_PARITY,AUG26,AUG26=PUT_CALL_PARITY;SEP26=PUT_CALL_PARITY;OCT26=PUT_CALL_PARITY;NOV26=PUT_CALL_PARITY;DEC26=PUT_CALL_PARITY;JUN27=PUT_CALL_PARITY;APR27=PUT_CALL_PARITY;MAR27=PUT_CALL_PARITY;FEB27=PUT_CALL_PARITY;JAN27=PUT_CALL_PARITY;MAY27=PUT_CALL_PARITY;JUL27=PUT_CALL_PARITY;SEP27=PUT_CALL_PARITY;AUG27=PUT_CALL_PARITY;DEC29=PUT_CALL_PARITY;DEC27=PUT_CALL_PARITY;MAR28=PUT_CALL_PARITY;DEC28=PUT_CALL_PARITY;DEC30=PUT_CALL_PARITY;JUN28=SERIES_FORWARD_CLUSTER,AUG26=7747.35;SEP26=7748.5;OCT26=7813;NOV26=7808.25;DEC26=7876.5;JUN27=8015.25;APR27=7959.5;MAR27=7945.5;FEB27=7879.75;JAN27=7881;MAY27=7963.25;JUL27=8043.875;SEP27=8077.25;AUG27=8051.75;DEC29=8676.5;DEC27=8103.75;MAR28=8179;DEC28=8373.25;DEC30=9151.75;JUN28=6427.25,NONE,WEIGHTED_ATM,2026-08-21,7,600,0.0,NONE,11513,11041,471,0,0,RTM,MDW;MMW;MRW;MTW,OK,NONE,NONE,2026-08-11
SPX,8200.0,323612648.4903847,580.1741140435879,0.0,0.0,0.0,0.0,0.0,0.0,7800.932309330873,7693.767690669128,7854.514618661745,7640.185381338256,SEP26,AUG26,2026-08-12,2026-09-18,7747.35,7705.975053873443,FOUND,WARN,UNKNOWN_SERIES;ESTIMATED_EXPIRY_ALIAS,2026-08-02.2,PUT_CALL_PARITY,AUG26,AUG26=PUT_CALL_PARITY;SEP26=PUT_CALL_PARITY;OCT26=PUT_CALL_PARITY;NOV26=PUT_CALL_PARITY;DEC26=PUT_CALL_PARITY;JUN27=PUT_CALL_PARITY;APR27=PUT_CALL_PARITY;MAR27=PUT_CALL_PARITY;FEB27=PUT_CALL_PARITY;JAN27=PUT_CALL_PARITY;MAY27=PUT_CALL_PARITY;JUL27=PUT_CALL_PARITY;SEP27=PUT_CALL_PARITY;AUG27=PUT_CALL_PARITY;DEC29=PUT_CALL_PARITY;DEC27=PUT_CALL_PARITY;MAR28=PUT_CALL_PARITY;DEC28=PUT_CALL_PARITY;DEC30=PUT_CALL_PARITY;JUN28=SERIES_FORWARD_CLUSTER,AUG26=7747.35;SEP26=7748.5;OCT26=7813;NOV26=7808.25;DEC26=7876.5;JUN27=8015.25;APR27=7959.5;MAR27=7945.5;FEB27=7879.75;JAN27=7881;MAY27=7963.25;JUL27=8043.875;SEP27=8077.25;AUG27=8051.75;DEC29=8676.5;DEC27=8103.75;MAR28=8179;DEC28=8373.25;DEC30=9151.75;JUN28=6427.25,NONE,WEIGHTED_ATM,2026-08-21,7,600,0.0,NONE,11513,11041,471,0,0,RTM,MDW;MMW;MRW;MTW,OK,NONE,NONE,2026-08-11
SPX,8225.0,27170036.343621917,45.20489935432833,0.0,0.0,0.0,0.0,0.0,0.0,7800.932309330873,7693.767690669128,7854.514618661745,7640.185381338256,SEP26,AUG26,2026-08-12,2026-09-18,7747.35,7705.975053873443,FOUND,WARN,UNKNOWN_SERIES;ESTIMATED_EXPIRY_ALIAS,2026-08-02.2,PUT_CALL_PARITY,AUG26,AUG26=PUT_CALL_PARITY;SEP26=PUT_CALL_PARITY;OCT26=PUT_CALL_PARITY;NOV26=PUT_CALL_PARITY;DEC26=PUT_CALL_PARITY;JUN27=PUT_CALL_PARITY;APR27=PUT_CALL_PARITY;MAR27=PUT_CALL_PARITY;FEB27=PUT_CALL_PARITY;JAN27=PUT_CALL_PARITY;MAY27=PUT_CALL_PARITY;JUL27=PUT_CALL_PARITY;SEP27=PUT_CALL_PARITY;AUG27=PUT_CALL_PARITY;DEC29=PUT_CALL_PARITY;DEC27=PUT_CALL_PARITY;MAR28=PUT_CALL_PARITY;DEC28=PUT_CALL_PARITY;DEC30=PUT_CALL_PARITY;JUN28=SERIES_FORWARD_CLUSTER,AUG26=7747.35;SEP26=7748.5;OCT26=7813;NOV26=7808.25;DEC26=7876.5;JUN27=8015.25;APR27=7959.5;MAR27=7945.5;FEB27=7879.75;JAN27=7881;MAY27=7963.25;JUL27=8043.875;SEP27=8077.25;AUG27=8051.75;DEC29=8676.5;DEC27=8103.75;MAR28=8179;DEC28=8373.25;DEC30=9151.75;JUN28=6427.25,NONE,WEIGHTED_ATM,2026-08-21,7,600,0.0,NONE,11513,11041,471,0,0,RTM,MDW;MMW;MRW;MTW,OK,NONE,NONE,2026-08-11
SPX,8250.0,226883451.36307174,622.4114368953035,0.0,0.0,0.0,0.0,0.0,0.0,7800.932309330873,7693.767690669128,7854.514618661745,7640.185381338256,SEP26,AUG26,2026-08-12,2026-09-18,7747.35,7705.975053873443,FOUND,WARN,UNKNOWN_SERIES;ESTIMATED_EXPIRY_ALIAS,2026-08-02.2,PUT_CALL_PARITY,AUG26,AUG26=PUT_CALL_PARITY;SEP26=PUT_CALL_PARITY;OCT26=PUT_CALL_PARITY;NOV26=PUT_CALL_PARITY;DEC26=PUT_CALL_PARITY;JUN27=PUT_CALL_PARITY;APR27=PUT_CALL_PARITY;MAR27=PUT_CALL_PARITY;FEB27=PUT_CALL_PARITY;JAN27=PUT_CALL_PARITY;MAY27=PUT_CALL_PARITY;JUL27=PUT_CALL_PARITY;SEP27=PUT_CALL_PARITY;AUG27=PUT_CALL_PARITY;DEC29=PUT_CALL_PARITY;DEC27=PUT_CALL_PARITY;MAR28=PUT_CALL_PARITY;DEC28=PUT_CALL_PARITY;DEC30=PUT_CALL_PARITY;JUN28=SERIES_FORWARD_CLUSTER,AUG26=7747.35;SEP26=7748.5;OCT26=7813;NOV26=7808.25;DEC26=7876.5;JUN27=8015.25;APR27=7959.5;MAR27=7945.5;FEB27=7879.75;JAN27=7881;MAY27=7963.25;JUL27=8043.875;SEP27=8077.25;AUG27=8051.75;DEC29=8676.5;DEC27=8103.75;MAR28=8179;DEC28=8373.25;DEC30=9151.75;JUN28=6427.25,NONE,WEIGHTED_ATM,2026-08-21,7,600,0.0,NONE,11513,11041,471,0,0,RTM,MDW;MMW;MRW;MTW,OK,NONE,NONE,2026-08-11
SPX,8275.0,30974522.383892003,51.43147774145791,0.0,0.0,0.0,0.0,0.0,0.0,7800.932309330873,7693.767690669128,7854.514618661745,7640.185381338256,SEP26,AUG26,2026-08-12,2026-09-18,7747.35,7705.975053873443,FOUND,WARN,UNKNOWN_SERIES;ESTIMATED_EXPIRY_ALIAS,2026-08-02.2,PUT_CALL_PARITY,AUG26,AUG26=PUT_CALL_PARITY;SEP26=PUT_CALL_PARITY;OCT26=PUT_CALL_PARITY;NOV26=PUT_CALL_PARITY;DEC26=PUT_CALL_PARITY;JUN27=PUT_CALL_PARITY;APR27=PUT_CALL_PARITY;MAR27=PUT_CALL_PARITY;FEB27=PUT_CALL_PARITY;JAN27=PUT_CALL_PARITY;MAY27=PUT_CALL_PARITY;JUL27=PUT_CALL_PARITY;SEP27=PUT_CALL_PARITY;AUG27=PUT_CALL_PARITY;DEC29=PUT_CALL_PARITY;DEC27=PUT_CALL_PARITY;MAR28=PUT_CALL_PARITY;DEC28=PUT_CALL_PARITY;DEC30=PUT_CALL_PARITY;JUN28=SERIES_FORWARD_CLUSTER,AUG26=7747.35;SEP26=7748.5;OCT26=7813;NOV26=7808.25;DEC26=7876.5;JUN27=8015.25;APR27=7959.5;MAR27=7945.5;FEB27=7879.75;JAN27=7881;MAY27=7963.25;JUL27=8043.875;SEP27=8077.25;AUG27=8051.75;DEC29=8676.5;DEC27=8103.75;MAR28=8179;DEC28=8373.25;DEC30=9151.75;JUN28=6427.25,NONE,WEIGHTED_ATM,2026-08-21,7,600,0.0,NONE,11513,11041,471,0,0,RTM,MDW;MMW;MRW;MTW,OK,NONE,NONE,2026-08-11
SPX,8300.0,336872145.9007529,623.7539565129331,0.0,0.0,0.0,0.0,0.0,0.0,7800.932309330873,7693.767690669128,7854.514618661745,7640.185381338256,SEP26,AUG26,2026-08-12,2026-09-18,7747.35,7705.975053873443,FOUND,WARN,UNKNOWN_SERIES;ESTIMATED_EXPIRY_ALIAS,2026-08-02.2,PUT_CALL_PARITY,AUG26,AUG26=PUT_CALL_PARITY;SEP26=PUT_CALL_PARITY;OCT26=PUT_CALL_PARITY;NOV26=PUT_CALL_PARITY;DEC26=PUT_CALL_PARITY;JUN27=PUT_CALL_PARITY;APR27=PUT_CALL_PARITY;MAR27=PUT_CALL_PARITY;FEB27=PUT_CALL_PARITY;JAN27=PUT_CALL_PARITY;MAY27=PUT_CALL_PARITY;JUL27=PUT_CALL_PARITY;SEP27=PUT_CALL_PARITY;AUG27=PUT_CALL_PARITY;DEC29=PUT_CALL_PARITY;DEC27=PUT_CALL_PARITY;MAR28=PUT_CALL_PARITY;DEC28=PUT_CALL_PARITY;DEC30=PUT_CALL_PARITY;JUN28=SERIES_FORWARD_CLUSTER,AUG26=7747.35;SEP26=7748.5;OCT26=7813;NOV26=7808.25;DEC26=7876.5;JUN27=8015.25;APR27=7959.5;MAR27=7945.5;FEB27=7879.75;JAN27=7881;MAY27=7963.25;JUL27=8043.875;SEP27=8077.25;AUG27=8051.75;DEC29=8676.5;DEC27=8103.75;MAR28=8179;DEC28=8373.25;DEC30=9151.75;JUN28=6427.25,NONE,WEIGHTED_ATM,2026-08-21,7,600,0.0,NONE,11513,11041,471,0,0,RTM,MDW;MMW;MRW;MTW,OK,NONE,NONE,2026-08-11
SPX,8325.0,13897415.228552064,23.081703531752503,0.0,0.0,0.0,0.0,0.0,0.0,7800.932309330873,7693.767690669128,7854.514618661745,7640.185381338256,SEP26,AUG26,2026-08-12,2026-09-18,7747.35,7705.975053873443,FOUND,WARN,UNKNOWN_SERIES;ESTIMATED_EXPIRY_ALIAS,2026-08-02.2,PUT_CALL_PARITY,AUG26,AUG26=PUT_CALL_PARITY;SEP26=PUT_CALL_PARITY;OCT26=PUT_CALL_PARITY;NOV26=PUT_CALL_PARITY;DEC26=PUT_CALL_PARITY;JUN27=PUT_CALL_PARITY;APR27=PUT_CALL_PARITY;MAR27=PUT_CALL_PARITY;FEB27=PUT_CALL_PARITY;JAN27=PUT_CALL_PARITY;MAY27=PUT_CALL_PARITY;JUL27=PUT_CALL_PARITY;SEP27=PUT_CALL_PARITY;AUG27=PUT_CALL_PARITY;DEC29=PUT_CALL_PARITY;DEC27=PUT_CALL_PARITY;MAR28=PUT_CALL_PARITY;DEC28=PUT_CALL_PARITY;DEC30=PUT_CALL_PARITY;JUN28=SERIES_FORWARD_CLUSTER,AUG26=7747.35;SEP26=7748.5;OCT26=7813;NOV26=7808.25;DEC26=7876.5;JUN27=8015.25;APR27=7959.5;MAR27=7945.5;FEB27=7879.75;JAN27=7881;MAY27=7963.25;JUL27=8043.875;SEP27=8077.25;AUG27=8051.75;DEC29=8676.5;DEC27=8103.75;MAR28=8179;DEC28=8373.25;DEC30=9151.75;JUN28=6427.25,NONE,WEIGHTED_ATM,2026-08-21,7,600,0.0,NONE,11513,11041,471,0,0,RTM,MDW;MMW;MRW;MTW,OK,NONE,NONE,2026-08-11
SPX,8350.0,135701335.2452431,229.266679808014,0.0,0.0,0.0,0.0,0.0,0.0,7800.932309330873,7693.767690669128,7854.514618661745,7640.185381338256,SEP26,AUG26,2026-08-12,2026-09-18,7747.35,7705.975053873443,FOUND,WARN,UNKNOWN_SERIES;ESTIMATED_EXPIRY_ALIAS,2026-08-02.2,PUT_CALL_PARITY,AUG26,AUG26=PUT_CALL_PARITY;SEP26=PUT_CALL_PARITY;OCT26=PUT_CALL_PARITY;NOV26=PUT_CALL_PARITY;DEC26=PUT_CALL_PARITY;JUN27=PUT_CALL_PARITY;APR27=PUT_CALL_PARITY;MAR27=PUT_CALL_PARITY;FEB27=PUT_CALL_PARITY;JAN27=PUT_CALL_PARITY;MAY27=PUT_CALL_PARITY;JUL27=PUT_CALL_PARITY;SEP27=PUT_CALL_PARITY;AUG27=PUT_CALL_PARITY;DEC29=PUT_CALL_PARITY;DEC27=PUT_CALL_PARITY;MAR28=PUT_CALL_PARITY;DEC28=PUT_CALL_PARITY;DEC30=PUT_CALL_PARITY;JUN28=SERIES_FORWARD_CLUSTER,AUG26=7747.35;SEP26=7748.5;OCT26=7813;NOV26=7808.25;DEC26=7876.5;JUN27=8015.25;APR27=7959.5;MAR27=7945.5;FEB27=7879.75;JAN27=7881;MAY27=7963.25;JUL27=8043.875;SEP27=8077.25;AUG27=8051.75;DEC29=8676.5;DEC27=8103.75;MAR28=8179;DEC28=8373.25;DEC30=9151.75;JUN28=6427.25,NONE,WEIGHTED_ATM,2026-08-21,7,600,0.0,NONE,11513,11041,471,0,0,RTM,MDW;MMW;MRW;MTW,OK,NONE,NONE,2026-08-11
SPX,8375.0,15469395.971960146,25.61946468421433,0.0,0.0,0.0,0.0,0.0,0.0,7800.932309330873,7693.767690669128,7854.514618661745,7640.185381338256,SEP26,AUG26,2026-08-12,2026-09-18,7747.35,7705.975053873443,FOUND,WARN,UNKNOWN_SERIES;ESTIMATED_EXPIRY_ALIAS,2026-08-02.2,PUT_CALL_PARITY,AUG26,AUG26=PUT_CALL_PARITY;SEP26=PUT_CALL_PARITY;OCT26=PUT_CALL_PARITY;NOV26=PUT_CALL_PARITY;DEC26=PUT_CALL_PARITY;JUN27=PUT_CALL_PARITY;APR27=PUT_CALL_PARITY;MAR27=PUT_CALL_PARITY;FEB27=PUT_CALL_PARITY;JAN27=PUT_CALL_PARITY;MAY27=PUT_CALL_PARITY;JUL27=PUT_CALL_PARITY;SEP27=PUT_CALL_PARITY;AUG27=PUT_CALL_PARITY;DEC29=PUT_CALL_PARITY;DEC27=PUT_CALL_PARITY;MAR28=PUT_CALL_PARITY;DEC28=PUT_CALL_PARITY;DEC30=PUT_CALL_PARITY;JUN28=SERIES_FORWARD_CLUSTER,AUG26=7747.35;SEP26=7748.5;OCT26=7813;NOV26=7808.25;DEC26=7876.5;JUN27=8015.25;APR27=7959.5;MAR27=7945.5;FEB27=7879.75;JAN27=7881;MAY27=7963.25;JUL27=8043.875;SEP27=8077.25;AUG27=8051.75;DEC29=8676.5;DEC27=8103.75;MAR28=8179;DEC28=8373.25;DEC30=9151.75;JUN28=6427.25,NONE,WEIGHTED_ATM,2026-08-21,7,600,0.0,NONE,11513,11041,471,0,0,RTM,MDW;MMW;MRW;MTW,OK,NONE,NONE,2026-08-11
SPX,8400.0,202561244.65064734,336.7038575767058,0.0,0.0,0.0,0.0,0.0,0.0,7800.932309330873,7693.767690669128,7854.514618661745,7640.185381338256,SEP26,AUG26,2026-08-12,2026-09-18,7747.35,7705.975053873443,FOUND,WARN,UNKNOWN_SERIES;ESTIMATED_EXPIRY_ALIAS,2026-08-02.2,PUT_CALL_PARITY,AUG26,AUG26=PUT_CALL_PARITY;SEP26=PUT_CALL_PARITY;OCT26=PUT_CALL_PARITY;NOV26=PUT_CALL_PARITY;DEC26=PUT_CALL_PARITY;JUN27=PUT_CALL_PARITY;APR27=PUT_CALL_PARITY;MAR27=PUT_CALL_PARITY;FEB27=PUT_CALL_PARITY;JAN27=PUT_CALL_PARITY;MAY27=PUT_CALL_PARITY;JUL27=PUT_CALL_PARITY;SEP27=PUT_CALL_PARITY;AUG27=PUT_CALL_PARITY;DEC29=PUT_CALL_PARITY;DEC27=PUT_CALL_PARITY;MAR28=PUT_CALL_PARITY;DEC28=PUT_CALL_PARITY;DEC30=PUT_CALL_PARITY;JUN28=SERIES_FORWARD_CLUSTER,AUG26=7747.35;SEP26=7748.5;OCT26=7813;NOV26=7808.25;DEC26=7876.5;JUN27=8015.25;APR27=7959.5;MAR27=7945.5;FEB27=7879.75;JAN27=7881;MAY27=7963.25;JUL27=8043.875;SEP27=8077.25;AUG27=8051.75;DEC29=8676.5;DEC27=8103.75;MAR28=8179;DEC28=8373.25;DEC30=9151.75;JUN28=6427.25,NONE,WEIGHTED_ATM,2026-08-21,7,600,0.0,NONE,11513,11041,471,0,0,RTM,MDW;MMW;MRW;MTW,OK,NONE,NONE,2026-08-11
SPX,8425.0,11995429.589508124,19.928249691923433,0.0,0.0,0.0,0.0,0.0,0.0,7800.932309330873,7693.767690669128,7854.514618661745,7640.185381338256,SEP26,AUG26,2026-08-12,2026-09-18,7747.35,7705.975053873443,FOUND,WARN,UNKNOWN_SERIES;ESTIMATED_EXPIRY_ALIAS,2026-08-02.2,PUT_CALL_PARITY,AUG26,AUG26=PUT_CALL_PARITY;SEP26=PUT_CALL_PARITY;OCT26=PUT_CALL_PARITY;NOV26=PUT_CALL_PARITY;DEC26=PUT_CALL_PARITY;JUN27=PUT_CALL_PARITY;APR27=PUT_CALL_PARITY;MAR27=PUT_CALL_PARITY;FEB27=PUT_CALL_PARITY;JAN27=PUT_CALL_PARITY;MAY27=PUT_CALL_PARITY;JUL27=PUT_CALL_PARITY;SEP27=PUT_CALL_PARITY;AUG27=PUT_CALL_PARITY;DEC29=PUT_CALL_PARITY;DEC27=PUT_CALL_PARITY;MAR28=PUT_CALL_PARITY;DEC28=PUT_CALL_PARITY;DEC30=PUT_CALL_PARITY;JUN28=SERIES_FORWARD_CLUSTER,AUG26=7747.35;SEP26=7748.5;OCT26=7813;NOV26=7808.25;DEC26=7876.5;JUN27=8015.25;APR27=7959.5;MAR27=7945.5;FEB27=7879.75;JAN27=7881;MAY27=7963.25;JUL27=8043.875;SEP27=8077.25;AUG27=8051.75;DEC29=8676.5;DEC27=8103.75;MAR28=8179;DEC28=8373.25;DEC30=9151.75;JUN28=6427.25,NONE,WEIGHTED_ATM,2026-08-21,7,600,0.0,NONE,11513,11041,471,0,0,RTM,MDW;MMW;MRW;MTW,OK,NONE,NONE,2026-08-11
SPX,8450.0,100308315.89647977,166.26330210856307,0.0,0.0,0.0,0.0,0.0,0.0,7800.932309330873,7693.767690669128,7854.514618661745,7640.185381338256,SEP26,AUG26,2026-08-12,2026-09-18,7747.35,7705.975053873443,FOUND,WARN,UNKNOWN_SERIES;ESTIMATED_EXPIRY_ALIAS,2026-08-02.2,PUT_CALL_PARITY,AUG26,AUG26=PUT_CALL_PARITY;SEP26=PUT_CALL_PARITY;OCT26=PUT_CALL_PARITY;NOV26=PUT_CALL_PARITY;DEC26=PUT_CALL_PARITY;JUN27=PUT_CALL_PARITY;APR27=PUT_CALL_PARITY;MAR27=PUT_CALL_PARITY;FEB27=PUT_CALL_PARITY;JAN27=PUT_CALL_PARITY;MAY27=PUT_CALL_PARITY;JUL27=PUT_CALL_PARITY;SEP27=PUT_CALL_PARITY;AUG27=PUT_CALL_PARITY;DEC29=PUT_CALL_PARITY;DEC27=PUT_CALL_PARITY;MAR28=PUT_CALL_PARITY;DEC28=PUT_CALL_PARITY;DEC30=PUT_CALL_PARITY;JUN28=SERIES_FORWARD_CLUSTER,AUG26=7747.35;SEP26=7748.5;OCT26=7813;NOV26=7808.25;DEC26=7876.5;JUN27=8015.25;APR27=7959.5;MAR27=7945.5;FEB27=7879.75;JAN27=7881;MAY27=7963.25;JUL27=8043.875;SEP27=8077.25;AUG27=8051.75;DEC29=8676.5;DEC27=8103.75;MAR28=8179;DEC28=8373.25;DEC30=9151.75;JUN28=6427.25,NONE,WEIGHTED_ATM,2026-08-21,7,600,0.0,NONE,11513,11041,471,0,0,RTM,MDW;MMW;MRW;MTW,OK,NONE,NONE,2026-08-11
SPX,8475.0,4009576.518391119,6.596478691857673,0.0,0.0,0.0,0.0,0.0,0.0,7800.932309330873,7693.767690669128,7854.514618661745,7640.185381338256,SEP26,AUG26,2026-08-12,2026-09-18,7747.35,7705.975053873443,FOUND,WARN,UNKNOWN_SERIES;ESTIMATED_EXPIRY_ALIAS,2026-08-02.2,PUT_CALL_PARITY,AUG26,AUG26=PUT_CALL_PARITY;SEP26=PUT_CALL_PARITY;OCT26=PUT_CALL_PARITY;NOV26=PUT_CALL_PARITY;DEC26=PUT_CALL_PARITY;JUN27=PUT_CALL_PARITY;APR27=PUT_CALL_PARITY;MAR27=PUT_CALL_PARITY;FEB27=PUT_CALL_PARITY;JAN27=PUT_CALL_PARITY;MAY27=PUT_CALL_PARITY;JUL27=PUT_CALL_PARITY;SEP27=PUT_CALL_PARITY;AUG27=PUT_CALL_PARITY;DEC29=PUT_CALL_PARITY;DEC27=PUT_CALL_PARITY;MAR28=PUT_CALL_PARITY;DEC28=PUT_CALL_PARITY;DEC30=PUT_CALL_PARITY;JUN28=SERIES_FORWARD_CLUSTER,AUG26=7747.35;SEP26=7748.5;OCT26=7813;NOV26=7808.25;DEC26=7876.5;JUN27=8015.25;APR27=7959.5;MAR27=7945.5;FEB27=7879.75;JAN27=7881;MAY27=7963.25;JUL27=8043.875;SEP27=8077.25;AUG27=8051.75;DEC29=8676.5;DEC27=8103.75;MAR28=8179;DEC28=8373.25;DEC30=9151.75;JUN28=6427.25,NONE,WEIGHTED_ATM,2026-08-21,7,600,0.0,NONE,11513,11041,471,0,0,RTM,MDW;MMW;MRW;MTW,OK,NONE,NONE,2026-08-11
SPX,8500.0,255033626.20103472,426.09290736935793,0.0,0.0,0.0,0.0,10093.0,0.0,7800.932309330873,7693.767690669128,7854.514618661745,7640.185381338256,SEP26,AUG26,2026-08-12,2026-09-18,7747.35,7705.975053873443,FOUND,WARN,UNKNOWN_SERIES;ESTIMATED_EXPIRY_ALIAS,2026-08-02.2,PUT_CALL_PARITY,AUG26,AUG26=PUT_CALL_PARITY;SEP26=PUT_CALL_PARITY;OCT26=PUT_CALL_PARITY;NOV26=PUT_CALL_PARITY;DEC26=PUT_CALL_PARITY;JUN27=PUT_CALL_PARITY;APR27=PUT_CALL_PARITY;MAR27=PUT_CALL_PARITY;FEB27=PUT_CALL_PARITY;JAN27=PUT_CALL_PARITY;MAY27=PUT_CALL_PARITY;JUL27=PUT_CALL_PARITY;SEP27=PUT_CALL_PARITY;AUG27=PUT_CALL_PARITY;DEC29=PUT_CALL_PARITY;DEC27=PUT_CALL_PARITY;MAR28=PUT_CALL_PARITY;DEC28=PUT_CALL_PARITY;DEC30=PUT_CALL_PARITY;JUN28=SERIES_FORWARD_CLUSTER,AUG26=7747.35;SEP26=7748.5;OCT26=7813;NOV26=7808.25;DEC26=7876.5;JUN27=8015.25;APR27=7959.5;MAR27=7945.5;FEB27=7879.75;JAN27=7881;MAY27=7963.25;JUL27=8043.875;SEP27=8077.25;AUG27=8051.75;DEC29=8676.5;DEC27=8103.75;MAR28=8179;DEC28=8373.25;DEC30=9151.75;JUN28=6427.25,NONE,WEIGHTED_ATM,2026-08-21,7,600,0.0,NONE,11513,11041,471,0,0,RTM,MDW;MMW;MRW;MTW,OK,NONE,NONE,2026-08-11
SPX,8525.0,1299267.89555194,2.1351108223062982,0.0,0.0,0.0,0.0,0.0,0.0,7800.932309330873,7693.767690669128,7854.514618661745,7640.185381338256,SEP26,AUG26,2026-08-12,2026-09-18,7747.35,7705.975053873443,FOUND,WARN,UNKNOWN_SERIES;ESTIMATED_EXPIRY_ALIAS,2026-08-02.2,PUT_CALL_PARITY,AUG26,AUG26=PUT_CALL_PARITY;SEP26=PUT_CALL_PARITY;OCT26=PUT_CALL_PARITY;NOV26=PUT_CALL_PARITY;DEC26=PUT_CALL_PARITY;JUN27=PUT_CALL_PARITY;APR27=PUT_CALL_PARITY;MAR27=PUT_CALL_PARITY;FEB27=PUT_CALL_PARITY;JAN27=PUT_CALL_PARITY;MAY27=PUT_CALL_PARITY;JUL27=PUT_CALL_PARITY;SEP27=PUT_CALL_PARITY;AUG27=PUT_CALL_PARITY;DEC29=PUT_CALL_PARITY;DEC27=PUT_CALL_PARITY;MAR28=PUT_CALL_PARITY;DEC28=PUT_CALL_PARITY;DEC30=PUT_CALL_PARITY;JUN28=SERIES_FORWARD_CLUSTER,AUG26=7747.35;SEP26=7748.5;OCT26=7813;NOV26=7808.25;DEC26=7876.5;JUN27=8015.25;APR27=7959.5;MAR27=7945.5;FEB27=7879.75;JAN27=7881;MAY27=7963.25;JUL27=8043.875;SEP27=8077.25;AUG27=8051.75;DEC29=8676.5;DEC27=8103.75;MAR28=8179;DEC28=8373.25;DEC30=9151.75;JUN28=6427.25,NONE,WEIGHTED_ATM,2026-08-21,7,600,0.0,NONE,11513,11041,471,0,0,RTM,MDW;MMW;MRW;MTW,OK,NONE,NONE,2026-08-11
SPX,8550.0,63666624.30015494,168.85456810547967,0.0,0.0,0.0,0.0,0.0,0.0,7800.932309330873,7693.767690669128,7854.514618661745,7640.185381338256,SEP26,AUG26,2026-08-12,2026-09-18,7747.35,7705.975053873443,FOUND,WARN,UNKNOWN_SERIES;ESTIMATED_EXPIRY_ALIAS,2026-08-02.2,PUT_CALL_PARITY,AUG26,AUG26=PUT_CALL_PARITY;SEP26=PUT_CALL_PARITY;OCT26=PUT_CALL_PARITY;NOV26=PUT_CALL_PARITY;DEC26=PUT_CALL_PARITY;JUN27=PUT_CALL_PARITY;APR27=PUT_CALL_PARITY;MAR27=PUT_CALL_PARITY;FEB27=PUT_CALL_PARITY;JAN27=PUT_CALL_PARITY;MAY27=PUT_CALL_PARITY;JUL27=PUT_CALL_PARITY;SEP27=PUT_CALL_PARITY;AUG27=PUT_CALL_PARITY;DEC29=PUT_CALL_PARITY;DEC27=PUT_CALL_PARITY;MAR28=PUT_CALL_PARITY;DEC28=PUT_CALL_PARITY;DEC30=PUT_CALL_PARITY;JUN28=SERIES_FORWARD_CLUSTER,AUG26=7747.35;SEP26=7748.5;OCT26=7813;NOV26=7808.25;DEC26=7876.5;JUN27=8015.25;APR27=7959.5;MAR27=7945.5;FEB27=7879.75;JAN27=7881;MAY27=7963.25;JUL27=8043.875;SEP27=8077.25;AUG27=8051.75;DEC29=8676.5;DEC27=8103.75;MAR28=8179;DEC28=8373.25;DEC30=9151.75;JUN28=6427.25,NONE,WEIGHTED_ATM,2026-08-21,7,600,0.0,NONE,11513,11041,471,0,0,RTM,MDW;MMW;MRW;MTW,OK,NONE,NONE,2026-08-11
SPX,8575.0,68400.68481710559,0.11249005760525628,0.0,0.0,0.0,0.0,0.0,0.0,7800.932309330873,7693.767690669128,7854.514618661745,7640.185381338256,SEP26,AUG26,2026-08-12,2026-09-18,7747.35,7705.975053873443,FOUND,WARN,UNKNOWN_SERIES;ESTIMATED_EXPIRY_ALIAS,2026-08-02.2,PUT_CALL_PARITY,AUG26,AUG26=PUT_CALL_PARITY;SEP26=PUT_CALL_PARITY;OCT26=PUT_CALL_PARITY;NOV26=PUT_CALL_PARITY;DEC26=PUT_CALL_PARITY;JUN27=PUT_CALL_PARITY;APR27=PUT_CALL_PARITY;MAR27=PUT_CALL_PARITY;FEB27=PUT_CALL_PARITY;JAN27=PUT_CALL_PARITY;MAY27=PUT_CALL_PARITY;JUL27=PUT_CALL_PARITY;SEP27=PUT_CALL_PARITY;AUG27=PUT_CALL_PARITY;DEC29=PUT_CALL_PARITY;DEC27=PUT_CALL_PARITY;MAR28=PUT_CALL_PARITY;DEC28=PUT_CALL_PARITY;DEC30=PUT_CALL_PARITY;JUN28=SERIES_FORWARD_CLUSTER,AUG26=7747.35;SEP26=7748.5;OCT26=7813;NOV26=7808.25;DEC26=7876.5;JUN27=8015.25;APR27=7959.5;MAR27=7945.5;FEB27=7879.75;JAN27=7881;MAY27=7963.25;JUL27=8043.875;SEP27=8077.25;AUG27=8051.75;DEC29=8676.5;DEC27=8103.75;MAR28=8179;DEC28=8373.25;DEC30=9151.75;JUN28=6427.25,NONE,WEIGHTED_ATM,2026-08-21,7,600,0.0,NONE,11513,11041,471,0,0,RTM,MDW;MMW;MRW;MTW,OK,NONE,NONE,2026-08-11
SPX,8600.0,97538295.22463308,158.73675132511315,0.0,0.0,0.0,0.0,0.0,0.0,7800.932309330873,7693.767690669128,7854.514618661745,7640.185381338256,SEP26,AUG26,2026-08-12,2026-09-18,7747.35,7705.975053873443,FOUND,WARN,UNKNOWN_SERIES;ESTIMATED_EXPIRY_ALIAS,2026-08-02.2,PUT_CALL_PARITY,AUG26,AUG26=PUT_CALL_PARITY;SEP26=PUT_CALL_PARITY;OCT26=PUT_CALL_PARITY;NOV26=PUT_CALL_PARITY;DEC26=PUT_CALL_PARITY;JUN27=PUT_CALL_PARITY;APR27=PUT_CALL_PARITY;MAR27=PUT_CALL_PARITY;FEB27=PUT_CALL_PARITY;JAN27=PUT_CALL_PARITY;MAY27=PUT_CALL_PARITY;JUL27=PUT_CALL_PARITY;SEP27=PUT_CALL_PARITY;AUG27=PUT_CALL_PARITY;DEC29=PUT_CALL_PARITY;DEC27=PUT_CALL_PARITY;MAR28=PUT_CALL_PARITY;DEC28=PUT_CALL_PARITY;DEC30=PUT_CALL_PARITY;JUN28=SERIES_FORWARD_CLUSTER,AUG26=7747.35;SEP26=7748.5;OCT26=7813;NOV26=7808.25;DEC26=7876.5;JUN27=8015.25;APR27=7959.5;MAR27=7945.5;FEB27=7879.75;JAN27=7881;MAY27=7963.25;JUL27=8043.875;SEP27=8077.25;AUG27=8051.75;DEC29=8676.5;DEC27=8103.75;MAR28=8179;DEC28=8373.25;DEC30=9151.75;JUN28=6427.25,NONE,WEIGHTED_ATM,2026-08-21,7,600,0.0,NONE,11513,11041,471,0,0,RTM,MDW;MMW;MRW;MTW,OK,NONE,NONE,2026-08-11
SPX,8625.0,6329.123724590411,0.01036830912433242,0.0,0.0,0.0,0.0,0.0,0.0,7800.932309330873,7693.767690669128,7854.514618661745,7640.185381338256,SEP26,AUG26,2026-08-12,2026-09-18,7747.35,7705.975053873443,FOUND,WARN,UNKNOWN_SERIES;ESTIMATED_EXPIRY_ALIAS,2026-08-02.2,PUT_CALL_PARITY,AUG26,AUG26=PUT_CALL_PARITY;SEP26=PUT_CALL_PARITY;OCT26=PUT_CALL_PARITY;NOV26=PUT_CALL_PARITY;DEC26=PUT_CALL_PARITY;JUN27=PUT_CALL_PARITY;APR27=PUT_CALL_PARITY;MAR27=PUT_CALL_PARITY;FEB27=PUT_CALL_PARITY;JAN27=PUT_CALL_PARITY;MAY27=PUT_CALL_PARITY;JUL27=PUT_CALL_PARITY;SEP27=PUT_CALL_PARITY;AUG27=PUT_CALL_PARITY;DEC29=PUT_CALL_PARITY;DEC27=PUT_CALL_PARITY;MAR28=PUT_CALL_PARITY;DEC28=PUT_CALL_PARITY;DEC30=PUT_CALL_PARITY;JUN28=SERIES_FORWARD_CLUSTER,AUG26=7747.35;SEP26=7748.5;OCT26=7813;NOV26=7808.25;DEC26=7876.5;JUN27=8015.25;APR27=7959.5;MAR27=7945.5;FEB27=7879.75;JAN27=7881;MAY27=7963.25;JUL27=8043.875;SEP27=8077.25;AUG27=8051.75;DEC29=8676.5;DEC27=8103.75;MAR28=8179;DEC28=8373.25;DEC30=9151.75;JUN28=6427.25,NONE,WEIGHTED_ATM,2026-08-21,7,600,0.0,NONE,11513,11041,471,0,0,RTM,MDW;MMW;MRW;MTW,OK,NONE,NONE,2026-08-11
SPX,8650.0,54618187.495030284,91.02083009205805,0.0,0.0,0.0,0.0,0.0,0.0,7800.932309330873,7693.767690669128,7854.514618661745,7640.185381338256,SEP26,AUG26,2026-08-12,2026-09-18,7747.35,7705.975053873443,FOUND,WARN,UNKNOWN_SERIES;ESTIMATED_EXPIRY_ALIAS,2026-08-02.2,PUT_CALL_PARITY,AUG26,AUG26=PUT_CALL_PARITY;SEP26=PUT_CALL_PARITY;OCT26=PUT_CALL_PARITY;NOV26=PUT_CALL_PARITY;DEC26=PUT_CALL_PARITY;JUN27=PUT_CALL_PARITY;APR27=PUT_CALL_PARITY;MAR27=PUT_CALL_PARITY;FEB27=PUT_CALL_PARITY;JAN27=PUT_CALL_PARITY;MAY27=PUT_CALL_PARITY;JUL27=PUT_CALL_PARITY;SEP27=PUT_CALL_PARITY;AUG27=PUT_CALL_PARITY;DEC29=PUT_CALL_PARITY;DEC27=PUT_CALL_PARITY;MAR28=PUT_CALL_PARITY;DEC28=PUT_CALL_PARITY;DEC30=PUT_CALL_PARITY;JUN28=SERIES_FORWARD_CLUSTER,AUG26=7747.35;SEP26=7748.5;OCT26=7813;NOV26=7808.25;DEC26=7876.5;JUN27=8015.25;APR27=7959.5;MAR27=7945.5;FEB27=7879.75;JAN27=7881;MAY27=7963.25;JUL27=8043.875;SEP27=8077.25;AUG27=8051.75;DEC29=8676.5;DEC27=8103.75;MAR28=8179;DEC28=8373.25;DEC30=9151.75;JUN28=6427.25,NONE,WEIGHTED_ATM,2026-08-21,7,600,0.0,NONE,11513,11041,471,0,0,RTM,MDW;MMW;MRW;MTW,OK,NONE,NONE,2026-08-11
SPX,8700.0,77897626.67900579,126.04802698884066,0.0,0.0,0.0,0.0,0.0,0.0,7800.932309330873,7693.767690669128,7854.514618661745,7640.185381338256,SEP26,AUG26,2026-08-12,2026-09-18,7747.35,7705.975053873443,FOUND,WARN,UNKNOWN_SERIES;ESTIMATED_EXPIRY_ALIAS,2026-08-02.2,PUT_CALL_PARITY,AUG26,AUG26=PUT_CALL_PARITY;SEP26=PUT_CALL_PARITY;OCT26=PUT_CALL_PARITY;NOV26=PUT_CALL_PARITY;DEC26=PUT_CALL_PARITY;JUN27=PUT_CALL_PARITY;APR27=PUT_CALL_PARITY;MAR27=PUT_CALL_PARITY;FEB27=PUT_CALL_PARITY;JAN27=PUT_CALL_PARITY;MAY27=PUT_CALL_PARITY;JUL27=PUT_CALL_PARITY;SEP27=PUT_CALL_PARITY;AUG27=PUT_CALL_PARITY;DEC29=PUT_CALL_PARITY;DEC27=PUT_CALL_PARITY;MAR28=PUT_CALL_PARITY;DEC28=PUT_CALL_PARITY;DEC30=PUT_CALL_PARITY;JUN28=SERIES_FORWARD_CLUSTER,AUG26=7747.35;SEP26=7748.5;OCT26=7813;NOV26=7808.25;DEC26=7876.5;JUN27=8015.25;APR27=7959.5;MAR27=7945.5;FEB27=7879.75;JAN27=7881;MAY27=7963.25;JUL27=8043.875;SEP27=8077.25;AUG27=8051.75;DEC29=8676.5;DEC27=8103.75;MAR28=8179;DEC28=8373.25;DEC30=9151.75;JUN28=6427.25,NONE,WEIGHTED_ATM,2026-08-21,7,600,0.0,NONE,11513,11041,471,0,0,RTM,MDW;MMW;MRW;MTW,OK,NONE,NONE,2026-08-11
SPX,8750.0,33424749.72998456,60.15274707868538,0.0,0.0,0.0,0.0,0.0,0.0,7800.932309330873,7693.767690669128,7854.514618661745,7640.185381338256,SEP26,AUG26,2026-08-12,2026-09-18,7747.35,7705.975053873443,FOUND,WARN,UNKNOWN_SERIES;ESTIMATED_EXPIRY_ALIAS,2026-08-02.2,PUT_CALL_PARITY,AUG26,AUG26=PUT_CALL_PARITY;SEP26=PUT_CALL_PARITY;OCT26=PUT_CALL_PARITY;NOV26=PUT_CALL_PARITY;DEC26=PUT_CALL_PARITY;JUN27=PUT_CALL_PARITY;APR27=PUT_CALL_PARITY;MAR27=PUT_CALL_PARITY;FEB27=PUT_CALL_PARITY;JAN27=PUT_CALL_PARITY;MAY27=PUT_CALL_PARITY;JUL27=PUT_CALL_PARITY;SEP27=PUT_CALL_PARITY;AUG27=PUT_CALL_PARITY;DEC29=PUT_CALL_PARITY;DEC27=PUT_CALL_PARITY;MAR28=PUT_CALL_PARITY;DEC28=PUT_CALL_PARITY;DEC30=PUT_CALL_PARITY;JUN28=SERIES_FORWARD_CLUSTER,AUG26=7747.35;SEP26=7748.5;OCT26=7813;NOV26=7808.25;DEC26=7876.5;JUN27=8015.25;APR27=7959.5;MAR27=7945.5;FEB27=7879.75;JAN27=7881;MAY27=7963.25;JUL27=8043.875;SEP27=8077.25;AUG27=8051.75;DEC29=8676.5;DEC27=8103.75;MAR28=8179;DEC28=8373.25;DEC30=9151.75;JUN28=6427.25,NONE,WEIGHTED_ATM,2026-08-21,7,600,0.0,NONE,11513,11041,471,0,0,RTM,MDW;MMW;MRW;MTW,OK,NONE,NONE,2026-08-11
SPX,8800.0,67400136.11312874,109.57848423794445,0.0,0.0,0.0,0.0,0.0,0.0,7800.932309330873,7693.767690669128,7854.514618661745,7640.185381338256,SEP26,AUG26,2026-08-12,2026-09-18,7747.35,7705.975053873443,FOUND,WARN,UNKNOWN_SERIES;ESTIMATED_EXPIRY_ALIAS,2026-08-02.2,PUT_CALL_PARITY,AUG26,AUG26=PUT_CALL_PARITY;SEP26=PUT_CALL_PARITY;OCT26=PUT_CALL_PARITY;NOV26=PUT_CALL_PARITY;DEC26=PUT_CALL_PARITY;JUN27=PUT_CALL_PARITY;APR27=PUT_CALL_PARITY;MAR27=PUT_CALL_PARITY;FEB27=PUT_CALL_PARITY;JAN27=PUT_CALL_PARITY;MAY27=PUT_CALL_PARITY;JUL27=PUT_CALL_PARITY;SEP27=PUT_CALL_PARITY;AUG27=PUT_CALL_PARITY;DEC29=PUT_CALL_PARITY;DEC27=PUT_CALL_PARITY;MAR28=PUT_CALL_PARITY;DEC28=PUT_CALL_PARITY;DEC30=PUT_CALL_PARITY;JUN28=SERIES_FORWARD_CLUSTER,AUG26=7747.35;SEP26=7748.5;OCT26=7813;NOV26=7808.25;DEC26=7876.5;JUN27=8015.25;APR27=7959.5;MAR27=7945.5;FEB27=7879.75;JAN27=7881;MAY27=7963.25;JUL27=8043.875;SEP27=8077.25;AUG27=8051.75;DEC29=8676.5;DEC27=8103.75;MAR28=8179;DEC28=8373.25;DEC30=9151.75;JUN28=6427.25,NONE,WEIGHTED_ATM,2026-08-21,7,600,0.0,NONE,11513,11041,471,0,0,RTM,MDW;MMW;MRW;MTW,OK,NONE,NONE,2026-08-11
SPX,8850.0,20352005.64783832,33.03375260609282,0.0,0.0,0.0,0.0,0.0,0.0,7800.932309330873,7693.767690669128,7854.514618661745,7640.185381338256,SEP26,AUG26,2026-08-12,2026-09-18,7747.35,7705.975053873443,FOUND,WARN,UNKNOWN_SERIES;ESTIMATED_EXPIRY_ALIAS,2026-08-02.2,PUT_CALL_PARITY,AUG26,AUG26=PUT_CALL_PARITY;SEP26=PUT_CALL_PARITY;OCT26=PUT_CALL_PARITY;NOV26=PUT_CALL_PARITY;DEC26=PUT_CALL_PARITY;JUN27=PUT_CALL_PARITY;APR27=PUT_CALL_PARITY;MAR27=PUT_CALL_PARITY;FEB27=PUT_CALL_PARITY;JAN27=PUT_CALL_PARITY;MAY27=PUT_CALL_PARITY;JUL27=PUT_CALL_PARITY;SEP27=PUT_CALL_PARITY;AUG27=PUT_CALL_PARITY;DEC29=PUT_CALL_PARITY;DEC27=PUT_CALL_PARITY;MAR28=PUT_CALL_PARITY;DEC28=PUT_CALL_PARITY;DEC30=PUT_CALL_PARITY;JUN28=SERIES_FORWARD_CLUSTER,AUG26=7747.35;SEP26=7748.5;OCT26=7813;NOV26=7808.25;DEC26=7876.5;JUN27=8015.25;APR27=7959.5;MAR27=7945.5;FEB27=7879.75;JAN27=7881;MAY27=7963.25;JUL27=8043.875;SEP27=8077.25;AUG27=8051.75;DEC29=8676.5;DEC27=8103.75;MAR28=8179;DEC28=8373.25;DEC30=9151.75;JUN28=6427.25,NONE,WEIGHTED_ATM,2026-08-21,7,600,0.0,NONE,11513,11041,471,0,0,RTM,MDW;MMW;MRW;MTW,OK,NONE,NONE,2026-08-11
SPX,8900.0,97798777.02040826,157.71266807243964,0.0,0.0,0.0,0.0,0.0,0.0,7800.932309330873,7693.767690669128,7854.514618661745,7640.185381338256,SEP26,AUG26,2026-08-12,2026-09-18,7747.35,7705.975053873443,FOUND,WARN,UNKNOWN_SERIES;ESTIMATED_EXPIRY_ALIAS,2026-08-02.2,PUT_CALL_PARITY,AUG26,AUG26=PUT_CALL_PARITY;SEP26=PUT_CALL_PARITY;OCT26=PUT_CALL_PARITY;NOV26=PUT_CALL_PARITY;DEC26=PUT_CALL_PARITY;JUN27=PUT_CALL_PARITY;APR27=PUT_CALL_PARITY;MAR27=PUT_CALL_PARITY;FEB27=PUT_CALL_PARITY;JAN27=PUT_CALL_PARITY;MAY27=PUT_CALL_PARITY;JUL27=PUT_CALL_PARITY;SEP27=PUT_CALL_PARITY;AUG27=PUT_CALL_PARITY;DEC29=PUT_CALL_PARITY;DEC27=PUT_CALL_PARITY;MAR28=PUT_CALL_PARITY;DEC28=PUT_CALL_PARITY;DEC30=PUT_CALL_PARITY;JUN28=SERIES_FORWARD_CLUSTER,AUG26=7747.35;SEP26=7748.5;OCT26=7813;NOV26=7808.25;DEC26=7876.5;JUN27=8015.25;APR27=7959.5;MAR27=7945.5;FEB27=7879.75;JAN27=7881;MAY27=7963.25;JUL27=8043.875;SEP27=8077.25;AUG27=8051.75;DEC29=8676.5;DEC27=8103.75;MAR28=8179;DEC28=8373.25;DEC30=9151.75;JUN28=6427.25,NONE,WEIGHTED_ATM,2026-08-21,7,600,0.0,NONE,11513,11041,471,0,0,RTM,MDW;MMW;MRW;MTW,OK,NONE,NONE,2026-08-11
SPX,8950.0,16501487.991874835,25.920221137760706,0.0,0.0,0.0,0.0,0.0,0.0,7800.932309330873,7693.767690669128,7854.514618661745,7640.185381338256,SEP26,AUG26,2026-08-12,2026-09-18,7747.35,7705.975053873443,FOUND,WARN,UNKNOWN_SERIES;ESTIMATED_EXPIRY_ALIAS,2026-08-02.2,PUT_CALL_PARITY,AUG26,AUG26=PUT_CALL_PARITY;SEP26=PUT_CALL_PARITY;OCT26=PUT_CALL_PARITY;NOV26=PUT_CALL_PARITY;DEC26=PUT_CALL_PARITY;JUN27=PUT_CALL_PARITY;APR27=PUT_CALL_PARITY;MAR27=PUT_CALL_PARITY;FEB27=PUT_CALL_PARITY;JAN27=PUT_CALL_PARITY;MAY27=PUT_CALL_PARITY;JUL27=PUT_CALL_PARITY;SEP27=PUT_CALL_PARITY;AUG27=PUT_CALL_PARITY;DEC29=PUT_CALL_PARITY;DEC27=PUT_CALL_PARITY;MAR28=PUT_CALL_PARITY;DEC28=PUT_CALL_PARITY;DEC30=PUT_CALL_PARITY;JUN28=SERIES_FORWARD_CLUSTER,AUG26=7747.35;SEP26=7748.5;OCT26=7813;NOV26=7808.25;DEC26=7876.5;JUN27=8015.25;APR27=7959.5;MAR27=7945.5;FEB27=7879.75;JAN27=7881;MAY27=7963.25;JUL27=8043.875;SEP27=8077.25;AUG27=8051.75;DEC29=8676.5;DEC27=8103.75;MAR28=8179;DEC28=8373.25;DEC30=9151.75;JUN28=6427.25,NONE,WEIGHTED_ATM,2026-08-21,7,600,0.0,NONE,11513,11041,471,0,0,RTM,MDW;MMW;MRW;MTW,OK,NONE,NONE,2026-08-11
SPX,9000.0,83194795.37483305,132.59289411668243,0.0,0.0,0.0,0.0,0.0,0.0,7800.932309330873,7693.767690669128,7854.514618661745,7640.185381338256,SEP26,AUG26,2026-08-12,2026-09-18,7747.35,7705.975053873443,FOUND,WARN,UNKNOWN_SERIES;ESTIMATED_EXPIRY_ALIAS,2026-08-02.2,PUT_CALL_PARITY,AUG26,AUG26=PUT_CALL_PARITY;SEP26=PUT_CALL_PARITY;OCT26=PUT_CALL_PARITY;NOV26=PUT_CALL_PARITY;DEC26=PUT_CALL_PARITY;JUN27=PUT_CALL_PARITY;APR27=PUT_CALL_PARITY;MAR27=PUT_CALL_PARITY;FEB27=PUT_CALL_PARITY;JAN27=PUT_CALL_PARITY;MAY27=PUT_CALL_PARITY;JUL27=PUT_CALL_PARITY;SEP27=PUT_CALL_PARITY;AUG27=PUT_CALL_PARITY;DEC29=PUT_CALL_PARITY;DEC27=PUT_CALL_PARITY;MAR28=PUT_CALL_PARITY;DEC28=PUT_CALL_PARITY;DEC30=PUT_CALL_PARITY;JUN28=SERIES_FORWARD_CLUSTER,AUG26=7747.35;SEP26=7748.5;OCT26=7813;NOV26=7808.25;DEC26=7876.5;JUN27=8015.25;APR27=7959.5;MAR27=7945.5;FEB27=7879.75;JAN27=7881;MAY27=7963.25;JUL27=8043.875;SEP27=8077.25;AUG27=8051.75;DEC29=8676.5;DEC27=8103.75;MAR28=8179;DEC28=8373.25;DEC30=9151.75;JUN28=6427.25,NONE,WEIGHTED_ATM,2026-08-21,7,600,0.0,NONE,11513,11041,471,0,0,RTM,MDW;MMW;MRW;MTW,OK,NONE,NONE,2026-08-11
SPX,9050.0,10550003.594968699,16.796106563141905,0.0,0.0,0.0,0.0,0.0,0.0,7800.932309330873,7693.767690669128,7854.514618661745,7640.185381338256,SEP26,AUG26,2026-08-12,2026-09-18,7747.35,7705.975053873443,FOUND,WARN,UNKNOWN_SERIES;ESTIMATED_EXPIRY_ALIAS,2026-08-02.2,PUT_CALL_PARITY,AUG26,AUG26=PUT_CALL_PARITY;SEP26=PUT_CALL_PARITY;OCT26=PUT_CALL_PARITY;NOV26=PUT_CALL_PARITY;DEC26=PUT_CALL_PARITY;JUN27=PUT_CALL_PARITY;APR27=PUT_CALL_PARITY;MAR27=PUT_CALL_PARITY;FEB27=PUT_CALL_PARITY;JAN27=PUT_CALL_PARITY;MAY27=PUT_CALL_PARITY;JUL27=PUT_CALL_PARITY;SEP27=PUT_CALL_PARITY;AUG27=PUT_CALL_PARITY;DEC29=PUT_CALL_PARITY;DEC27=PUT_CALL_PARITY;MAR28=PUT_CALL_PARITY;DEC28=PUT_CALL_PARITY;DEC30=PUT_CALL_PARITY;JUN28=SERIES_FORWARD_CLUSTER,AUG26=7747.35;SEP26=7748.5;OCT26=7813;NOV26=7808.25;DEC26=7876.5;JUN27=8015.25;APR27=7959.5;MAR27=7945.5;FEB27=7879.75;JAN27=7881;MAY27=7963.25;JUL27=8043.875;SEP27=8077.25;AUG27=8051.75;DEC29=8676.5;DEC27=8103.75;MAR28=8179;DEC28=8373.25;DEC30=9151.75;JUN28=6427.25,NONE,WEIGHTED_ATM,2026-08-21,7,600,0.0,NONE,11513,11041,471,0,0,RTM,MDW;MMW;MRW;MTW,OK,NONE,NONE,2026-08-11
SPX,9100.0,52166341.78676101,92.84441212328363,0.0,0.0,0.0,0.0,0.0,0.0,7800.932309330873,7693.767690669128,7854.514618661745,7640.185381338256,SEP26,AUG26,2026-08-12,2026-09-18,7747.35,7705.975053873443,FOUND,WARN,UNKNOWN_SERIES;ESTIMATED_EXPIRY_ALIAS,2026-08-02.2,PUT_CALL_PARITY,AUG26,AUG26=PUT_CALL_PARITY;SEP26=PUT_CALL_PARITY;OCT26=PUT_CALL_PARITY;NOV26=PUT_CALL_PARITY;DEC26=PUT_CALL_PARITY;JUN27=PUT_CALL_PARITY;APR27=PUT_CALL_PARITY;MAR27=PUT_CALL_PARITY;FEB27=PUT_CALL_PARITY;JAN27=PUT_CALL_PARITY;MAY27=PUT_CALL_PARITY;JUL27=PUT_CALL_PARITY;SEP27=PUT_CALL_PARITY;AUG27=PUT_CALL_PARITY;DEC29=PUT_CALL_PARITY;DEC27=PUT_CALL_PARITY;MAR28=PUT_CALL_PARITY;DEC28=PUT_CALL_PARITY;DEC30=PUT_CALL_PARITY;JUN28=SERIES_FORWARD_CLUSTER,AUG26=7747.35;SEP26=7748.5;OCT26=7813;NOV26=7808.25;DEC26=7876.5;JUN27=8015.25;APR27=7959.5;MAR27=7945.5;FEB27=7879.75;JAN27=7881;MAY27=7963.25;JUL27=8043.875;SEP27=8077.25;AUG27=8051.75;DEC29=8676.5;DEC27=8103.75;MAR28=8179;DEC28=8373.25;DEC30=9151.75;JUN28=6427.25,NONE,WEIGHTED_ATM,2026-08-21,7,600,0.0,NONE,11513,11041,471,0,0,RTM,MDW;MMW;MRW;MTW,OK,NONE,NONE,2026-08-11
SPX,9150.0,3745746.6655246494,5.848610080359043,0.0,0.0,0.0,0.0,0.0,0.0,7800.932309330873,7693.767690669128,7854.514618661745,7640.185381338256,SEP26,AUG26,2026-08-12,2026-09-18,7747.35,7705.975053873443,FOUND,WARN,UNKNOWN_SERIES;ESTIMATED_EXPIRY_ALIAS,2026-08-02.2,PUT_CALL_PARITY,AUG26,AUG26=PUT_CALL_PARITY;SEP26=PUT_CALL_PARITY;OCT26=PUT_CALL_PARITY;NOV26=PUT_CALL_PARITY;DEC26=PUT_CALL_PARITY;JUN27=PUT_CALL_PARITY;APR27=PUT_CALL_PARITY;MAR27=PUT_CALL_PARITY;FEB27=PUT_CALL_PARITY;JAN27=PUT_CALL_PARITY;MAY27=PUT_CALL_PARITY;JUL27=PUT_CALL_PARITY;SEP27=PUT_CALL_PARITY;AUG27=PUT_CALL_PARITY;DEC29=PUT_CALL_PARITY;DEC27=PUT_CALL_PARITY;MAR28=PUT_CALL_PARITY;DEC28=PUT_CALL_PARITY;DEC30=PUT_CALL_PARITY;JUN28=SERIES_FORWARD_CLUSTER,AUG26=7747.35;SEP26=7748.5;OCT26=7813;NOV26=7808.25;DEC26=7876.5;JUN27=8015.25;APR27=7959.5;MAR27=7945.5;FEB27=7879.75;JAN27=7881;MAY27=7963.25;JUL27=8043.875;SEP27=8077.25;AUG27=8051.75;DEC29=8676.5;DEC27=8103.75;MAR28=8179;DEC28=8373.25;DEC30=9151.75;JUN28=6427.25,NONE,WEIGHTED_ATM,2026-08-21,7,600,0.0,NONE,11513,11041,471,0,0,RTM,MDW;MMW;MRW;MTW,OK,NONE,NONE,2026-08-11
SPX,9200.0,57219012.144319944,90.19707374743872,0.0,0.0,0.0,0.0,0.0,0.0,7800.932309330873,7693.767690669128,7854.514618661745,7640.185381338256,SEP26,AUG26,2026-08-12,2026-09-18,7747.35,7705.975053873443,FOUND,WARN,UNKNOWN_SERIES;ESTIMATED_EXPIRY_ALIAS,2026-08-02.2,PUT_CALL_PARITY,AUG26,AUG26=PUT_CALL_PARITY;SEP26=PUT_CALL_PARITY;OCT26=PUT_CALL_PARITY;NOV26=PUT_CALL_PARITY;DEC26=PUT_CALL_PARITY;JUN27=PUT_CALL_PARITY;APR27=PUT_CALL_PARITY;MAR27=PUT_CALL_PARITY;FEB27=PUT_CALL_PARITY;JAN27=PUT_CALL_PARITY;MAY27=PUT_CALL_PARITY;JUL27=PUT_CALL_PARITY;SEP27=PUT_CALL_PARITY;AUG27=PUT_CALL_PARITY;DEC29=PUT_CALL_PARITY;DEC27=PUT_CALL_PARITY;MAR28=PUT_CALL_PARITY;DEC28=PUT_CALL_PARITY;DEC30=PUT_CALL_PARITY;JUN28=SERIES_FORWARD_CLUSTER,AUG26=7747.35;SEP26=7748.5;OCT26=7813;NOV26=7808.25;DEC26=7876.5;JUN27=8015.25;APR27=7959.5;MAR27=7945.5;FEB27=7879.75;JAN27=7881;MAY27=7963.25;JUL27=8043.875;SEP27=8077.25;AUG27=8051.75;DEC29=8676.5;DEC27=8103.75;MAR28=8179;DEC28=8373.25;DEC30=9151.75;JUN28=6427.25,NONE,WEIGHTED_ATM,2026-08-21,7,600,0.0,NONE,11513,11041,471,0,0,RTM,MDW;MMW;MRW;MTW,OK,NONE,NONE,2026-08-11
SPX,9250.0,2189731.196749403,3.398593558824519,0.0,0.0,0.0,0.0,0.0,0.0,7800.932309330873,7693.767690669128,7854.514618661745,7640.185381338256,SEP26,AUG26,2026-08-12,2026-09-18,7747.35,7705.975053873443,FOUND,WARN,UNKNOWN_SERIES;ESTIMATED_EXPIRY_ALIAS,2026-08-02.2,PUT_CALL_PARITY,AUG26,AUG26=PUT_CALL_PARITY;SEP26=PUT_CALL_PARITY;OCT26=PUT_CALL_PARITY;NOV26=PUT_CALL_PARITY;DEC26=PUT_CALL_PARITY;JUN27=PUT_CALL_PARITY;APR27=PUT_CALL_PARITY;MAR27=PUT_CALL_PARITY;FEB27=PUT_CALL_PARITY;JAN27=PUT_CALL_PARITY;MAY27=PUT_CALL_PARITY;JUL27=PUT_CALL_PARITY;SEP27=PUT_CALL_PARITY;AUG27=PUT_CALL_PARITY;DEC29=PUT_CALL_PARITY;DEC27=PUT_CALL_PARITY;MAR28=PUT_CALL_PARITY;DEC28=PUT_CALL_PARITY;DEC30=PUT_CALL_PARITY;JUN28=SERIES_FORWARD_CLUSTER,AUG26=7747.35;SEP26=7748.5;OCT26=7813;NOV26=7808.25;DEC26=7876.5;JUN27=8015.25;APR27=7959.5;MAR27=7945.5;FEB27=7879.75;JAN27=7881;MAY27=7963.25;JUL27=8043.875;SEP27=8077.25;AUG27=8051.75;DEC29=8676.5;DEC27=8103.75;MAR28=8179;DEC28=8373.25;DEC30=9151.75;JUN28=6427.25,NONE,WEIGHTED_ATM,2026-08-21,7,600,0.0,NONE,11513,11041,471,0,0,RTM,MDW;MMW;MRW;MTW,OK,NONE,NONE,2026-08-11
SPX,9300.0,18335337.71529526,28.79796471421856,0.0,0.0,0.0,0.0,0.0,0.0,7800.932309330873,7693.767690669128,7854.514618661745,7640.185381338256,SEP26,AUG26,2026-08-12,2026-09-18,7747.35,7705.975053873443,FOUND,WARN,UNKNOWN_SERIES;ESTIMATED_EXPIRY_ALIAS,2026-08-02.2,PUT_CALL_PARITY,AUG26,AUG26=PUT_CALL_PARITY;SEP26=PUT_CALL_PARITY;OCT26=PUT_CALL_PARITY;NOV26=PUT_CALL_PARITY;DEC26=PUT_CALL_PARITY;JUN27=PUT_CALL_PARITY;APR27=PUT_CALL_PARITY;MAR27=PUT_CALL_PARITY;FEB27=PUT_CALL_PARITY;JAN27=PUT_CALL_PARITY;MAY27=PUT_CALL_PARITY;JUL27=PUT_CALL_PARITY;SEP27=PUT_CALL_PARITY;AUG27=PUT_CALL_PARITY;DEC29=PUT_CALL_PARITY;DEC27=PUT_CALL_PARITY;MAR28=PUT_CALL_PARITY;DEC28=PUT_CALL_PARITY;DEC30=PUT_CALL_PARITY;JUN28=SERIES_FORWARD_CLUSTER,AUG26=7747.35;SEP26=7748.5;OCT26=7813;NOV26=7808.25;DEC26=7876.5;JUN27=8015.25;APR27=7959.5;MAR27=7945.5;FEB27=7879.75;JAN27=7881;MAY27=7963.25;JUL27=8043.875;SEP27=8077.25;AUG27=8051.75;DEC29=8676.5;DEC27=8103.75;MAR28=8179;DEC28=8373.25;DEC30=9151.75;JUN28=6427.25,NONE,WEIGHTED_ATM,2026-08-21,7,600,0.0,NONE,11513,11041,471,0,0,RTM,MDW;MMW;MRW;MTW,OK,NONE,NONE,2026-08-11
SPX,9350.0,152827.05746756642,0.24156068636297462,0.0,0.0,0.0,0.0,0.0,0.0,7800.932309330873,7693.767690669128,7854.514618661745,7640.185381338256,SEP26,AUG26,2026-08-12,2026-09-18,7747.35,7705.975053873443,FOUND,WARN,UNKNOWN_SERIES;ESTIMATED_EXPIRY_ALIAS,2026-08-02.2,PUT_CALL_PARITY,AUG26,AUG26=PUT_CALL_PARITY;SEP26=PUT_CALL_PARITY;OCT26=PUT_CALL_PARITY;NOV26=PUT_CALL_PARITY;DEC26=PUT_CALL_PARITY;JUN27=PUT_CALL_PARITY;APR27=PUT_CALL_PARITY;MAR27=PUT_CALL_PARITY;FEB27=PUT_CALL_PARITY;JAN27=PUT_CALL_PARITY;MAY27=PUT_CALL_PARITY;JUL27=PUT_CALL_PARITY;SEP27=PUT_CALL_PARITY;AUG27=PUT_CALL_PARITY;DEC29=PUT_CALL_PARITY;DEC27=PUT_CALL_PARITY;MAR28=PUT_CALL_PARITY;DEC28=PUT_CALL_PARITY;DEC30=PUT_CALL_PARITY;JUN28=SERIES_FORWARD_CLUSTER,AUG26=7747.35;SEP26=7748.5;OCT26=7813;NOV26=7808.25;DEC26=7876.5;JUN27=8015.25;APR27=7959.5;MAR27=7945.5;FEB27=7879.75;JAN27=7881;MAY27=7963.25;JUL27=8043.875;SEP27=8077.25;AUG27=8051.75;DEC29=8676.5;DEC27=8103.75;MAR28=8179;DEC28=8373.25;DEC30=9151.75;JUN28=6427.25,NONE,WEIGHTED_ATM,2026-08-21,7,600,0.0,NONE,11513,11041,471,0,0,RTM,MDW;MMW;MRW;MTW,OK,NONE,NONE,2026-08-11
SPX,9400.0,30231230.3884083,47.59598838993195,0.0,0.0,0.0,0.0,0.0,0.0,7800.932309330873,7693.767690669128,7854.514618661745,7640.185381338256,SEP26,AUG26,2026-08-12,2026-09-18,7747.35,7705.975053873443,FOUND,WARN,UNKNOWN_SERIES;ESTIMATED_EXPIRY_ALIAS,2026-08-02.2,PUT_CALL_PARITY,AUG26,AUG26=PUT_CALL_PARITY;SEP26=PUT_CALL_PARITY;OCT26=PUT_CALL_PARITY;NOV26=PUT_CALL_PARITY;DEC26=PUT_CALL_PARITY;JUN27=PUT_CALL_PARITY;APR27=PUT_CALL_PARITY;MAR27=PUT_CALL_PARITY;FEB27=PUT_CALL_PARITY;JAN27=PUT_CALL_PARITY;MAY27=PUT_CALL_PARITY;JUL27=PUT_CALL_PARITY;SEP27=PUT_CALL_PARITY;AUG27=PUT_CALL_PARITY;DEC29=PUT_CALL_PARITY;DEC27=PUT_CALL_PARITY;MAR28=PUT_CALL_PARITY;DEC28=PUT_CALL_PARITY;DEC30=PUT_CALL_PARITY;JUN28=SERIES_FORWARD_CLUSTER,AUG26=7747.35;SEP26=7748.5;OCT26=7813;NOV26=7808.25;DEC26=7876.5;JUN27=8015.25;APR27=7959.5;MAR27=7945.5;FEB27=7879.75;JAN27=7881;MAY27=7963.25;JUL27=8043.875;SEP27=8077.25;AUG27=8051.75;DEC29=8676.5;DEC27=8103.75;MAR28=8179;DEC28=8373.25;DEC30=9151.75;JUN28=6427.25,NONE,WEIGHTED_ATM,2026-08-21,7,600,0.0,NONE,11513,11041,471,0,0,RTM,MDW;MMW;MRW;MTW,OK,NONE,NONE,2026-08-11
SPX,9450.0,471459.4080850518,0.7396898486137152,0.0,0.0,0.0,0.0,0.0,0.0,7800.932309330873,7693.767690669128,7854.514618661745,7640.185381338256,SEP26,AUG26,2026-08-12,2026-09-18,7747.35,7705.975053873443,FOUND,WARN,UNKNOWN_SERIES;ESTIMATED_EXPIRY_ALIAS,2026-08-02.2,PUT_CALL_PARITY,AUG26,AUG26=PUT_CALL_PARITY;SEP26=PUT_CALL_PARITY;OCT26=PUT_CALL_PARITY;NOV26=PUT_CALL_PARITY;DEC26=PUT_CALL_PARITY;JUN27=PUT_CALL_PARITY;APR27=PUT_CALL_PARITY;MAR27=PUT_CALL_PARITY;FEB27=PUT_CALL_PARITY;JAN27=PUT_CALL_PARITY;MAY27=PUT_CALL_PARITY;JUL27=PUT_CALL_PARITY;SEP27=PUT_CALL_PARITY;AUG27=PUT_CALL_PARITY;DEC29=PUT_CALL_PARITY;DEC27=PUT_CALL_PARITY;MAR28=PUT_CALL_PARITY;DEC28=PUT_CALL_PARITY;DEC30=PUT_CALL_PARITY;JUN28=SERIES_FORWARD_CLUSTER,AUG26=7747.35;SEP26=7748.5;OCT26=7813;NOV26=7808.25;DEC26=7876.5;JUN27=8015.25;APR27=7959.5;MAR27=7945.5;FEB27=7879.75;JAN27=7881;MAY27=7963.25;JUL27=8043.875;SEP27=8077.25;AUG27=8051.75;DEC29=8676.5;DEC27=8103.75;MAR28=8179;DEC28=8373.25;DEC30=9151.75;JUN28=6427.25,NONE,WEIGHTED_ATM,2026-08-21,7,600,0.0,NONE,11513,11041,471,0,0,RTM,MDW;MMW;MRW;MTW,OK,NONE,NONE,2026-08-11
SPX,9500.0,15093442.64562984,23.437009387849347,0.0,0.0,0.0,0.0,0.0,0.0,7800.932309330873,7693.767690669128,7854.514618661745,7640.185381338256,SEP26,AUG26,2026-08-12,2026-09-18,7747.35,7705.975053873443,FOUND,WARN,UNKNOWN_SERIES;ESTIMATED_EXPIRY_ALIAS,2026-08-02.2,PUT_CALL_PARITY,AUG26,AUG26=PUT_CALL_PARITY;SEP26=PUT_CALL_PARITY;OCT26=PUT_CALL_PARITY;NOV26=PUT_CALL_PARITY;DEC26=PUT_CALL_PARITY;JUN27=PUT_CALL_PARITY;APR27=PUT_CALL_PARITY;MAR27=PUT_CALL_PARITY;FEB27=PUT_CALL_PARITY;JAN27=PUT_CALL_PARITY;MAY27=PUT_CALL_PARITY;JUL27=PUT_CALL_PARITY;SEP27=PUT_CALL_PARITY;AUG27=PUT_CALL_PARITY;DEC29=PUT_CALL_PARITY;DEC27=PUT_CALL_PARITY;MAR28=PUT_CALL_PARITY;DEC28=PUT_CALL_PARITY;DEC30=PUT_CALL_PARITY;JUN28=SERIES_FORWARD_CLUSTER,AUG26=7747.35;SEP26=7748.5;OCT26=7813;NOV26=7808.25;DEC26=7876.5;JUN27=8015.25;APR27=7959.5;MAR27=7945.5;FEB27=7879.75;JAN27=7881;MAY27=7963.25;JUL27=8043.875;SEP27=8077.25;AUG27=8051.75;DEC29=8676.5;DEC27=8103.75;MAR28=8179;DEC28=8373.25;DEC30=9151.75;JUN28=6427.25,NONE,WEIGHTED_ATM,2026-08-21,7,600,0.0,NONE,11513,11041,471,0,0,RTM,MDW;MMW;MRW;MTW,OK,NONE,NONE,2026-08-11
SPX,9550.0,29667.076351270698,0.046178583147380714,0.0,0.0,0.0,0.0,0.0,0.0,7800.932309330873,7693.767690669128,7854.514618661745,7640.185381338256,SEP26,AUG26,2026-08-12,2026-09-18,7747.35,7705.975053873443,FOUND,WARN,UNKNOWN_SERIES;ESTIMATED_EXPIRY_ALIAS,2026-08-02.2,PUT_CALL_PARITY,AUG26,AUG26=PUT_CALL_PARITY;SEP26=PUT_CALL_PARITY;OCT26=PUT_CALL_PARITY;NOV26=PUT_CALL_PARITY;DEC26=PUT_CALL_PARITY;JUN27=PUT_CALL_PARITY;APR27=PUT_CALL_PARITY;MAR27=PUT_CALL_PARITY;FEB27=PUT_CALL_PARITY;JAN27=PUT_CALL_PARITY;MAY27=PUT_CALL_PARITY;JUL27=PUT_CALL_PARITY;SEP27=PUT_CALL_PARITY;AUG27=PUT_CALL_PARITY;DEC29=PUT_CALL_PARITY;DEC27=PUT_CALL_PARITY;MAR28=PUT_CALL_PARITY;DEC28=PUT_CALL_PARITY;DEC30=PUT_CALL_PARITY;JUN28=SERIES_FORWARD_CLUSTER,AUG26=7747.35;SEP26=7748.5;OCT26=7813;NOV26=7808.25;DEC26=7876.5;JUN27=8015.25;APR27=7959.5;MAR27=7945.5;FEB27=7879.75;JAN27=7881;MAY27=7963.25;JUL27=8043.875;SEP27=8077.25;AUG27=8051.75;DEC29=8676.5;DEC27=8103.75;MAR28=8179;DEC28=8373.25;DEC30=9151.75;JUN28=6427.25,NONE,WEIGHTED_ATM,2026-08-21,7,600,0.0,NONE,11513,11041,471,0,0,RTM,MDW;MMW;MRW;MTW,OK,NONE,NONE,2026-08-11
SPX,9600.0,29252274.552481517,45.65734892012263,0.0,0.0,0.0,0.0,0.0,0.0,7800.932309330873,7693.767690669128,7854.514618661745,7640.185381338256,SEP26,AUG26,2026-08-12,2026-09-18,7747.35,7705.975053873443,FOUND,WARN,UNKNOWN_SERIES;ESTIMATED_EXPIRY_ALIAS,2026-08-02.2,PUT_CALL_PARITY,AUG26,AUG26=PUT_CALL_PARITY;SEP26=PUT_CALL_PARITY;OCT26=PUT_CALL_PARITY;NOV26=PUT_CALL_PARITY;DEC26=PUT_CALL_PARITY;JUN27=PUT_CALL_PARITY;APR27=PUT_CALL_PARITY;MAR27=PUT_CALL_PARITY;FEB27=PUT_CALL_PARITY;JAN27=PUT_CALL_PARITY;MAY27=PUT_CALL_PARITY;JUL27=PUT_CALL_PARITY;SEP27=PUT_CALL_PARITY;AUG27=PUT_CALL_PARITY;DEC29=PUT_CALL_PARITY;DEC27=PUT_CALL_PARITY;MAR28=PUT_CALL_PARITY;DEC28=PUT_CALL_PARITY;DEC30=PUT_CALL_PARITY;JUN28=SERIES_FORWARD_CLUSTER,AUG26=7747.35;SEP26=7748.5;OCT26=7813;NOV26=7808.25;DEC26=7876.5;JUN27=8015.25;APR27=7959.5;MAR27=7945.5;FEB27=7879.75;JAN27=7881;MAY27=7963.25;JUL27=8043.875;SEP27=8077.25;AUG27=8051.75;DEC29=8676.5;DEC27=8103.75;MAR28=8179;DEC28=8373.25;DEC30=9151.75;JUN28=6427.25,NONE,WEIGHTED_ATM,2026-08-21,7,600,0.0,NONE,11513,11041,471,0,0,RTM,MDW;MMW;MRW;MTW,OK,NONE,NONE,2026-08-11
SPX,9650.0,644361.0855272057,1.0029866648346046,0.0,0.0,0.0,0.0,0.0,0.0,7800.932309330873,7693.767690669128,7854.514618661745,7640.185381338256,SEP26,AUG26,2026-08-12,2026-09-18,7747.35,7705.975053873443,FOUND,WARN,UNKNOWN_SERIES;ESTIMATED_EXPIRY_ALIAS,2026-08-02.2,PUT_CALL_PARITY,AUG26,AUG26=PUT_CALL_PARITY;SEP26=PUT_CALL_PARITY;OCT26=PUT_CALL_PARITY;NOV26=PUT_CALL_PARITY;DEC26=PUT_CALL_PARITY;JUN27=PUT_CALL_PARITY;APR27=PUT_CALL_PARITY;MAR27=PUT_CALL_PARITY;FEB27=PUT_CALL_PARITY;JAN27=PUT_CALL_PARITY;MAY27=PUT_CALL_PARITY;JUL27=PUT_CALL_PARITY;SEP27=PUT_CALL_PARITY;AUG27=PUT_CALL_PARITY;DEC29=PUT_CALL_PARITY;DEC27=PUT_CALL_PARITY;MAR28=PUT_CALL_PARITY;DEC28=PUT_CALL_PARITY;DEC30=PUT_CALL_PARITY;JUN28=SERIES_FORWARD_CLUSTER,AUG26=7747.35;SEP26=7748.5;OCT26=7813;NOV26=7808.25;DEC26=7876.5;JUN27=8015.25;APR27=7959.5;MAR27=7945.5;FEB27=7879.75;JAN27=7881;MAY27=7963.25;JUL27=8043.875;SEP27=8077.25;AUG27=8051.75;DEC29=8676.5;DEC27=8103.75;MAR28=8179;DEC28=8373.25;DEC30=9151.75;JUN28=6427.25,NONE,WEIGHTED_ATM,2026-08-21,7,600,0.0,NONE,11513,11041,471,0,0,RTM,MDW;MMW;MRW;MTW,OK,NONE,NONE,2026-08-11
SPX,9700.0,5129712.9243223565,7.924002150346805,0.0,0.0,0.0,0.0,0.0,0.0,7800.932309330873,7693.767690669128,7854.514618661745,7640.185381338256,SEP26,AUG26,2026-08-12,2026-09-18,7747.35,7705.975053873443,FOUND,WARN,UNKNOWN_SERIES;ESTIMATED_EXPIRY_ALIAS,2026-08-02.2,PUT_CALL_PARITY,AUG26,AUG26=PUT_CALL_PARITY;SEP26=PUT_CALL_PARITY;OCT26=PUT_CALL_PARITY;NOV26=PUT_CALL_PARITY;DEC26=PUT_CALL_PARITY;JUN27=PUT_CALL_PARITY;APR27=PUT_CALL_PARITY;MAR27=PUT_CALL_PARITY;FEB27=PUT_CALL_PARITY;JAN27=PUT_CALL_PARITY;MAY27=PUT_CALL_PARITY;JUL27=PUT_CALL_PARITY;SEP27=PUT_CALL_PARITY;AUG27=PUT_CALL_PARITY;DEC29=PUT_CALL_PARITY;DEC27=PUT_CALL_PARITY;MAR28=PUT_CALL_PARITY;DEC28=PUT_CALL_PARITY;DEC30=PUT_CALL_PARITY;JUN28=SERIES_FORWARD_CLUSTER,AUG26=7747.35;SEP26=7748.5;OCT26=7813;NOV26=7808.25;DEC26=7876.5;JUN27=8015.25;APR27=7959.5;MAR27=7945.5;FEB27=7879.75;JAN27=7881;MAY27=7963.25;JUL27=8043.875;SEP27=8077.25;AUG27=8051.75;DEC29=8676.5;DEC27=8103.75;MAR28=8179;DEC28=8373.25;DEC30=9151.75;JUN28=6427.25,NONE,WEIGHTED_ATM,2026-08-21,7,600,0.0,NONE,11513,11041,471,0,0,RTM,MDW;MMW;MRW;MTW,OK,NONE,NONE,2026-08-11
SPX,9750.0,766623.638499114,1.1932956592691868,0.0,0.0,0.0,0.0,0.0,0.0,7800.932309330873,7693.767690669128,7854.514618661745,7640.185381338256,SEP26,AUG26,2026-08-12,2026-09-18,7747.35,7705.975053873443,FOUND,WARN,UNKNOWN_SERIES;ESTIMATED_EXPIRY_ALIAS,2026-08-02.2,PUT_CALL_PARITY,AUG26,AUG26=PUT_CALL_PARITY;SEP26=PUT_CALL_PARITY;OCT26=PUT_CALL_PARITY;NOV26=PUT_CALL_PARITY;DEC26=PUT_CALL_PARITY;JUN27=PUT_CALL_PARITY;APR27=PUT_CALL_PARITY;MAR27=PUT_CALL_PARITY;FEB27=PUT_CALL_PARITY;JAN27=PUT_CALL_PARITY;MAY27=PUT_CALL_PARITY;JUL27=PUT_CALL_PARITY;SEP27=PUT_CALL_PARITY;AUG27=PUT_CALL_PARITY;DEC29=PUT_CALL_PARITY;DEC27=PUT_CALL_PARITY;MAR28=PUT_CALL_PARITY;DEC28=PUT_CALL_PARITY;DEC30=PUT_CALL_PARITY;JUN28=SERIES_FORWARD_CLUSTER,AUG26=7747.35;SEP26=7748.5;OCT26=7813;NOV26=7808.25;DEC26=7876.5;JUN27=8015.25;APR27=7959.5;MAR27=7945.5;FEB27=7879.75;JAN27=7881;MAY27=7963.25;JUL27=8043.875;SEP27=8077.25;AUG27=8051.75;DEC29=8676.5;DEC27=8103.75;MAR28=8179;DEC28=8373.25;DEC30=9151.75;JUN28=6427.25,NONE,WEIGHTED_ATM,2026-08-21,7,600,0.0,NONE,11513,11041,471,0,0,RTM,MDW;MMW;MRW;MTW,OK,NONE,NONE,2026-08-11
SPX,9800.0,17696681.564672943,27.5252928702905,0.0,0.0,0.0,0.0,0.0,0.0,7800.932309330873,7693.767690669128,7854.514618661745,7640.185381338256,SEP26,AUG26,2026-08-12,2026-09-18,7747.35,7705.975053873443,FOUND,WARN,UNKNOWN_SERIES;ESTIMATED_EXPIRY_ALIAS,2026-08-02.2,PUT_CALL_PARITY,AUG26,AUG26=PUT_CALL_PARITY;SEP26=PUT_CALL_PARITY;OCT26=PUT_CALL_PARITY;NOV26=PUT_CALL_PARITY;DEC26=PUT_CALL_PARITY;JUN27=PUT_CALL_PARITY;APR27=PUT_CALL_PARITY;MAR27=PUT_CALL_PARITY;FEB27=PUT_CALL_PARITY;JAN27=PUT_CALL_PARITY;MAY27=PUT_CALL_PARITY;JUL27=PUT_CALL_PARITY;SEP27=PUT_CALL_PARITY;AUG27=PUT_CALL_PARITY;DEC29=PUT_CALL_PARITY;DEC27=PUT_CALL_PARITY;MAR28=PUT_CALL_PARITY;DEC28=PUT_CALL_PARITY;DEC30=PUT_CALL_PARITY;JUN28=SERIES_FORWARD_CLUSTER,AUG26=7747.35;SEP26=7748.5;OCT26=7813;NOV26=7808.25;DEC26=7876.5;JUN27=8015.25;APR27=7959.5;MAR27=7945.5;FEB27=7879.75;JAN27=7881;MAY27=7963.25;JUL27=8043.875;SEP27=8077.25;AUG27=8051.75;DEC29=8676.5;DEC27=8103.75;MAR28=8179;DEC28=8373.25;DEC30=9151.75;JUN28=6427.25,NONE,WEIGHTED_ATM,2026-08-21,7,600,0.0,NONE,11513,11041,471,0,0,RTM,MDW;MMW;MRW;MTW,OK,NONE,NONE,2026-08-11
SPX,9900.0,1612666.5121815642,2.5205713133466756,0.0,0.0,0.0,0.0,0.0,0.0,7800.932309330873,7693.767690669128,7854.514618661745,7640.185381338256,SEP26,AUG26,2026-08-12,2026-09-18,7747.35,7705.975053873443,FOUND,WARN,UNKNOWN_SERIES;ESTIMATED_EXPIRY_ALIAS,2026-08-02.2,PUT_CALL_PARITY,AUG26,AUG26=PUT_CALL_PARITY;SEP26=PUT_CALL_PARITY;OCT26=PUT_CALL_PARITY;NOV26=PUT_CALL_PARITY;DEC26=PUT_CALL_PARITY;JUN27=PUT_CALL_PARITY;APR27=PUT_CALL_PARITY;MAR27=PUT_CALL_PARITY;FEB27=PUT_CALL_PARITY;JAN27=PUT_CALL_PARITY;MAY27=PUT_CALL_PARITY;JUL27=PUT_CALL_PARITY;SEP27=PUT_CALL_PARITY;AUG27=PUT_CALL_PARITY;DEC29=PUT_CALL_PARITY;DEC27=PUT_CALL_PARITY;MAR28=PUT_CALL_PARITY;DEC28=PUT_CALL_PARITY;DEC30=PUT_CALL_PARITY;JUN28=SERIES_FORWARD_CLUSTER,AUG26=7747.35;SEP26=7748.5;OCT26=7813;NOV26=7808.25;DEC26=7876.5;JUN27=8015.25;APR27=7959.5;MAR27=7945.5;FEB27=7879.75;JAN27=7881;MAY27=7963.25;JUL27=8043.875;SEP27=8077.25;AUG27=8051.75;DEC29=8676.5;DEC27=8103.75;MAR28=8179;DEC28=8373.25;DEC30=9151.75;JUN28=6427.25,NONE,WEIGHTED_ATM,2026-08-21,7,600,0.0,NONE,11513,11041,471,0,0,RTM,MDW;MMW;MRW;MTW,OK,NONE,NONE,2026-08-11
SPX,10000.0,13069671.920518184,20.155196672125214,0.0,0.0,0.0,0.0,0.0,0.0,7800.932309330873,7693.767690669128,7854.514618661745,7640.185381338256,SEP26,AUG26,2026-08-12,2026-09-18,7747.35,7705.975053873443,FOUND,WARN,UNKNOWN_SERIES;ESTIMATED_EXPIRY_ALIAS,2026-08-02.2,PUT_CALL_PARITY,AUG26,AUG26=PUT_CALL_PARITY;SEP26=PUT_CALL_PARITY;OCT26=PUT_CALL_PARITY;NOV26=PUT_CALL_PARITY;DEC26=PUT_CALL_PARITY;JUN27=PUT_CALL_PARITY;APR27=PUT_CALL_PARITY;MAR27=PUT_CALL_PARITY;FEB27=PUT_CALL_PARITY;JAN27=PUT_CALL_PARITY;MAY27=PUT_CALL_PARITY;JUL27=PUT_CALL_PARITY;SEP27=PUT_CALL_PARITY;AUG27=PUT_CALL_PARITY;DEC29=PUT_CALL_PARITY;DEC27=PUT_CALL_PARITY;MAR28=PUT_CALL_PARITY;DEC28=PUT_CALL_PARITY;DEC30=PUT_CALL_PARITY;JUN28=SERIES_FORWARD_CLUSTER,AUG26=7747.35;SEP26=7748.5;OCT26=7813;NOV26=7808.25;DEC26=7876.5;JUN27=8015.25;APR27=7959.5;MAR27=7945.5;FEB27=7879.75;JAN27=7881;MAY27=7963.25;JUL27=8043.875;SEP27=8077.25;AUG27=8051.75;DEC29=8676.5;DEC27=8103.75;MAR28=8179;DEC28=8373.25;DEC30=9151.75;JUN28=6427.25,NONE,WEIGHTED_ATM,2026-08-21,7,600,0.0,NONE,11513,11041,471,0,0,RTM,MDW;MMW;MRW;MTW,OK,NONE,NONE,2026-08-11
SPX,10100.0,158085.40932664467,0.22265219893085153,0.0,0.0,0.0,0.0,0.0,0.0,7800.932309330873,7693.767690669128,7854.514618661745,7640.185381338256,SEP26,AUG26,2026-08-12,2026-09-18,7747.35,7705.975053873443,FOUND,WARN,UNKNOWN_SERIES;ESTIMATED_EXPIRY_ALIAS,2026-08-02.2,PUT_CALL_PARITY,AUG26,AUG26=PUT_CALL_PARITY;SEP26=PUT_CALL_PARITY;OCT26=PUT_CALL_PARITY;NOV26=PUT_CALL_PARITY;DEC26=PUT_CALL_PARITY;JUN27=PUT_CALL_PARITY;APR27=PUT_CALL_PARITY;MAR27=PUT_CALL_PARITY;FEB27=PUT_CALL_PARITY;JAN27=PUT_CALL_PARITY;MAY27=PUT_CALL_PARITY;JUL27=PUT_CALL_PARITY;SEP27=PUT_CALL_PARITY;AUG27=PUT_CALL_PARITY;DEC29=PUT_CALL_PARITY;DEC27=PUT_CALL_PARITY;MAR28=PUT_CALL_PARITY;DEC28=PUT_CALL_PARITY;DEC30=PUT_CALL_PARITY;JUN28=SERIES_FORWARD_CLUSTER,AUG26=7747.35;SEP26=7748.5;OCT26=7813;NOV26=7808.25;DEC26=7876.5;JUN27=8015.25;APR27=7959.5;MAR27=7945.5;FEB27=7879.75;JAN27=7881;MAY27=7963.25;JUL27=8043.875;SEP27=8077.25;AUG27=8051.75;DEC29=8676.5;DEC27=8103.75;MAR28=8179;DEC28=8373.25;DEC30=9151.75;JUN28=6427.25,NONE,WEIGHTED_ATM,2026-08-21,7,600,0.0,NONE,11513,11041,471,0,0,RTM,MDW;MMW;MRW;MTW,OK,NONE,NONE,2026-08-11
SPX,10200.0,10239655.828297189,15.698055028274679,0.0,0.0,0.0,0.0,0.0,0.0,7800.932309330873,7693.767690669128,7854.514618661745,7640.185381338256,SEP26,AUG26,2026-08-12,2026-09-18,7747.35,7705.975053873443,FOUND,WARN,UNKNOWN_SERIES;ESTIMATED_EXPIRY_ALIAS,2026-08-02.2,PUT_CALL_PARITY,AUG26,AUG26=PUT_CALL_PARITY;SEP26=PUT_CALL_PARITY;OCT26=PUT_CALL_PARITY;NOV26=PUT_CALL_PARITY;DEC26=PUT_CALL_PARITY;JUN27=PUT_CALL_PARITY;APR27=PUT_CALL_PARITY;MAR27=PUT_CALL_PARITY;FEB27=PUT_CALL_PARITY;JAN27=PUT_CALL_PARITY;MAY27=PUT_CALL_PARITY;JUL27=PUT_CALL_PARITY;SEP27=PUT_CALL_PARITY;AUG27=PUT_CALL_PARITY;DEC29=PUT_CALL_PARITY;DEC27=PUT_CALL_PARITY;MAR28=PUT_CALL_PARITY;DEC28=PUT_CALL_PARITY;DEC30=PUT_CALL_PARITY;JUN28=SERIES_FORWARD_CLUSTER,AUG26=7747.35;SEP26=7748.5;OCT26=7813;NOV26=7808.25;DEC26=7876.5;JUN27=8015.25;APR27=7959.5;MAR27=7945.5;FEB27=7879.75;JAN27=7881;MAY27=7963.25;JUL27=8043.875;SEP27=8077.25;AUG27=8051.75;DEC29=8676.5;DEC27=8103.75;MAR28=8179;DEC28=8373.25;DEC30=9151.75;JUN28=6427.25,NONE,WEIGHTED_ATM,2026-08-21,7,600,0.0,NONE,11513,11041,471,0,0,RTM,MDW;MMW;MRW;MTW,OK,NONE,NONE,2026-08-11
SPX,10300.0,268853.11366392876,0.42308667105325354,0.0,0.0,0.0,0.0,0.0,0.0,7800.932309330873,7693.767690669128,7854.514618661745,7640.185381338256,SEP26,AUG26,2026-08-12,2026-09-18,7747.35,7705.975053873443,FOUND,WARN,UNKNOWN_SERIES;ESTIMATED_EXPIRY_ALIAS,2026-08-02.2,PUT_CALL_PARITY,AUG26,AUG26=PUT_CALL_PARITY;SEP26=PUT_CALL_PARITY;OCT26=PUT_CALL_PARITY;NOV26=PUT_CALL_PARITY;DEC26=PUT_CALL_PARITY;JUN27=PUT_CALL_PARITY;APR27=PUT_CALL_PARITY;MAR27=PUT_CALL_PARITY;FEB27=PUT_CALL_PARITY;JAN27=PUT_CALL_PARITY;MAY27=PUT_CALL_PARITY;JUL27=PUT_CALL_PARITY;SEP27=PUT_CALL_PARITY;AUG27=PUT_CALL_PARITY;DEC29=PUT_CALL_PARITY;DEC27=PUT_CALL_PARITY;MAR28=PUT_CALL_PARITY;DEC28=PUT_CALL_PARITY;DEC30=PUT_CALL_PARITY;JUN28=SERIES_FORWARD_CLUSTER,AUG26=7747.35;SEP26=7748.5;OCT26=7813;NOV26=7808.25;DEC26=7876.5;JUN27=8015.25;APR27=7959.5;MAR27=7945.5;FEB27=7879.75;JAN27=7881;MAY27=7963.25;JUL27=8043.875;SEP27=8077.25;AUG27=8051.75;DEC29=8676.5;DEC27=8103.75;MAR28=8179;DEC28=8373.25;DEC30=9151.75;JUN28=6427.25,NONE,WEIGHTED_ATM,2026-08-21,7,600,0.0,NONE,11513,11041,471,0,0,RTM,MDW;MMW;MRW;MTW,OK,NONE,NONE,2026-08-11
SPX,10400.0,5112209.390914295,7.822480617211113,0.0,0.0,0.0,0.0,0.0,0.0,7800.932309330873,7693.767690669128,7854.514618661745,7640.185381338256,SEP26,AUG26,2026-08-12,2026-09-18,7747.35,7705.975053873443,FOUND,WARN,UNKNOWN_SERIES;ESTIMATED_EXPIRY_ALIAS,2026-08-02.2,PUT_CALL_PARITY,AUG26,AUG26=PUT_CALL_PARITY;SEP26=PUT_CALL_PARITY;OCT26=PUT_CALL_PARITY;NOV26=PUT_CALL_PARITY;DEC26=PUT_CALL_PARITY;JUN27=PUT_CALL_PARITY;APR27=PUT_CALL_PARITY;MAR27=PUT_CALL_PARITY;FEB27=PUT_CALL_PARITY;JAN27=PUT_CALL_PARITY;MAY27=PUT_CALL_PARITY;JUL27=PUT_CALL_PARITY;SEP27=PUT_CALL_PARITY;AUG27=PUT_CALL_PARITY;DEC29=PUT_CALL_PARITY;DEC27=PUT_CALL_PARITY;MAR28=PUT_CALL_PARITY;DEC28=PUT_CALL_PARITY;DEC30=PUT_CALL_PARITY;JUN28=SERIES_FORWARD_CLUSTER,AUG26=7747.35;SEP26=7748.5;OCT26=7813;NOV26=7808.25;DEC26=7876.5;JUN27=8015.25;APR27=7959.5;MAR27=7945.5;FEB27=7879.75;JAN27=7881;MAY27=7963.25;JUL27=8043.875;SEP27=8077.25;AUG27=8051.75;DEC29=8676.5;DEC27=8103.75;MAR28=8179;DEC28=8373.25;DEC30=9151.75;JUN28=6427.25,NONE,WEIGHTED_ATM,2026-08-21,7,600,0.0,NONE,11513,11041,471,0,0,RTM,MDW;MMW;MRW;MTW,OK,NONE,NONE,2026-08-11
SPX,10500.0,763621.94811523,1.1435903760553288,0.0,0.0,0.0,0.0,0.0,0.0,7800.932309330873,7693.767690669128,7854.514618661745,7640.185381338256,SEP26,AUG26,2026-08-12,2026-09-18,7747.35,7705.975053873443,FOUND,WARN,UNKNOWN_SERIES;ESTIMATED_EXPIRY_ALIAS,2026-08-02.2,PUT_CALL_PARITY,AUG26,AUG26=PUT_CALL_PARITY;SEP26=PUT_CALL_PARITY;OCT26=PUT_CALL_PARITY;NOV26=PUT_CALL_PARITY;DEC26=PUT_CALL_PARITY;JUN27=PUT_CALL_PARITY;APR27=PUT_CALL_PARITY;MAR27=PUT_CALL_PARITY;FEB27=PUT_CALL_PARITY;JAN27=PUT_CALL_PARITY;MAY27=PUT_CALL_PARITY;JUL27=PUT_CALL_PARITY;SEP27=PUT_CALL_PARITY;AUG27=PUT_CALL_PARITY;DEC29=PUT_CALL_PARITY;DEC27=PUT_CALL_PARITY;MAR28=PUT_CALL_PARITY;DEC28=PUT_CALL_PARITY;DEC30=PUT_CALL_PARITY;JUN28=SERIES_FORWARD_CLUSTER,AUG26=7747.35;SEP26=7748.5;OCT26=7813;NOV26=7808.25;DEC26=7876.5;JUN27=8015.25;APR27=7959.5;MAR27=7945.5;FEB27=7879.75;JAN27=7881;MAY27=7963.25;JUL27=8043.875;SEP27=8077.25;AUG27=8051.75;DEC29=8676.5;DEC27=8103.75;MAR28=8179;DEC28=8373.25;DEC30=9151.75;JUN28=6427.25,NONE,WEIGHTED_ATM,2026-08-21,7,600,0.0,NONE,11513,11041,471,0,0,RTM,MDW;MMW;MRW;MTW,OK,NONE,NONE,2026-08-11
SPX,10600.0,469515.1830448257,0.6506810069250464,0.0,0.0,0.0,0.0,0.0,0.0,7800.932309330873,7693.767690669128,7854.514618661745,7640.185381338256,SEP26,AUG26,2026-08-12,2026-09-18,7747.35,7705.975053873443,FOUND,WARN,UNKNOWN_SERIES;ESTIMATED_EXPIRY_ALIAS,2026-08-02.2,PUT_CALL_PARITY,AUG26,AUG26=PUT_CALL_PARITY;SEP26=PUT_CALL_PARITY;OCT26=PUT_CALL_PARITY;NOV26=PUT_CALL_PARITY;DEC26=PUT_CALL_PARITY;JUN27=PUT_CALL_PARITY;APR27=PUT_CALL_PARITY;MAR27=PUT_CALL_PARITY;FEB27=PUT_CALL_PARITY;JAN27=PUT_CALL_PARITY;MAY27=PUT_CALL_PARITY;JUL27=PUT_CALL_PARITY;SEP27=PUT_CALL_PARITY;AUG27=PUT_CALL_PARITY;DEC29=PUT_CALL_PARITY;DEC27=PUT_CALL_PARITY;MAR28=PUT_CALL_PARITY;DEC28=PUT_CALL_PARITY;DEC30=PUT_CALL_PARITY;JUN28=SERIES_FORWARD_CLUSTER,AUG26=7747.35;SEP26=7748.5;OCT26=7813;NOV26=7808.25;DEC26=7876.5;JUN27=8015.25;APR27=7959.5;MAR27=7945.5;FEB27=7879.75;JAN27=7881;MAY27=7963.25;JUL27=8043.875;SEP27=8077.25;AUG27=8051.75;DEC29=8676.5;DEC27=8103.75;MAR28=8179;DEC28=8373.25;DEC30=9151.75;JUN28=6427.25,NONE,WEIGHTED_ATM,2026-08-21,7,600,0.0,NONE,11513,11041,471,0,0,RTM,MDW;MMW;MRW;MTW,OK,NONE,NONE,2026-08-11
SPX,10800.0,351976.079952857,0.467976889647533,0.0,0.0,0.0,0.0,0.0,0.0,7800.932309330873,7693.767690669128,7854.514618661745,7640.185381338256,SEP26,AUG26,2026-08-12,2026-09-18,7747.35,7705.975053873443,FOUND,WARN,UNKNOWN_SERIES;ESTIMATED_EXPIRY_ALIAS,2026-08-02.2,PUT_CALL_PARITY,AUG26,AUG26=PUT_CALL_PARITY;SEP26=PUT_CALL_PARITY;OCT26=PUT_CALL_PARITY;NOV26=PUT_CALL_PARITY;DEC26=PUT_CALL_PARITY;JUN27=PUT_CALL_PARITY;APR27=PUT_CALL_PARITY;MAR27=PUT_CALL_PARITY;FEB27=PUT_CALL_PARITY;JAN27=PUT_CALL_PARITY;MAY27=PUT_CALL_PARITY;JUL27=PUT_CALL_PARITY;SEP27=PUT_CALL_PARITY;AUG27=PUT_CALL_PARITY;DEC29=PUT_CALL_PARITY;DEC27=PUT_CALL_PARITY;MAR28=PUT_CALL_PARITY;DEC28=PUT_CALL_PARITY;DEC30=PUT_CALL_PARITY;JUN28=SERIES_FORWARD_CLUSTER,AUG26=7747.35;SEP26=7748.5;OCT26=7813;NOV26=7808.25;DEC26=7876.5;JUN27=8015.25;APR27=7959.5;MAR27=7945.5;FEB27=7879.75;JAN27=7881;MAY27=7963.25;JUL27=8043.875;SEP27=8077.25;AUG27=8051.75;DEC29=8676.5;DEC27=8103.75;MAR28=8179;DEC28=8373.25;DEC30=9151.75;JUN28=6427.25,NONE,WEIGHTED_ATM,2026-08-21,7,600,0.0,NONE,11513,11041,471,0,0,RTM,MDW;MMW;MRW;MTW,OK,NONE,NONE,2026-08-11
SPX,11000.0,9662.146873911204,0.012834663673194293,0.0,0.0,0.0,0.0,0.0,0.0,7800.932309330873,7693.767690669128,7854.514618661745,7640.185381338256,SEP26,AUG26,2026-08-12,2026-09-18,7747.35,7705.975053873443,FOUND,WARN,UNKNOWN_SERIES;ESTIMATED_EXPIRY_ALIAS,2026-08-02.2,PUT_CALL_PARITY,AUG26,AUG26=PUT_CALL_PARITY;SEP26=PUT_CALL_PARITY;OCT26=PUT_CALL_PARITY;NOV26=PUT_CALL_PARITY;DEC26=PUT_CALL_PARITY;JUN27=PUT_CALL_PARITY;APR27=PUT_CALL_PARITY;MAR27=PUT_CALL_PARITY;FEB27=PUT_CALL_PARITY;JAN27=PUT_CALL_PARITY;MAY27=PUT_CALL_PARITY;JUL27=PUT_CALL_PARITY;SEP27=PUT_CALL_PARITY;AUG27=PUT_CALL_PARITY;DEC29=PUT_CALL_PARITY;DEC27=PUT_CALL_PARITY;MAR28=PUT_CALL_PARITY;DEC28=PUT_CALL_PARITY;DEC30=PUT_CALL_PARITY;JUN28=SERIES_FORWARD_CLUSTER,AUG26=7747.35;SEP26=7748.5;OCT26=7813;NOV26=7808.25;DEC26=7876.5;JUN27=8015.25;APR27=7959.5;MAR27=7945.5;FEB27=7879.75;JAN27=7881;MAY27=7963.25;JUL27=8043.875;SEP27=8077.25;AUG27=8051.75;DEC29=8676.5;DEC27=8103.75;MAR28=8179;DEC28=8373.25;DEC30=9151.75;JUN28=6427.25,NONE,WEIGHTED_ATM,2026-08-21,7,600,0.0,NONE,11513,11041,471,0,0,RTM,MDW;MMW;MRW;MTW,OK,NONE,NONE,2026-08-11
SPX,11200.0,0.0,0.0,0.0,0.0,0.0,0.0,0.0,0.0,7800.932309330873,7693.767690669128,7854.514618661745,7640.185381338256,SEP26,AUG26,2026-08-12,2026-09-18,7747.35,7705.975053873443,FOUND,WARN,UNKNOWN_SERIES;ESTIMATED_EXPIRY_ALIAS,2026-08-02.2,PUT_CALL_PARITY,AUG26,AUG26=PUT_CALL_PARITY;SEP26=PUT_CALL_PARITY;OCT26=PUT_CALL_PARITY;NOV26=PUT_CALL_PARITY;DEC26=PUT_CALL_PARITY;JUN27=PUT_CALL_PARITY;APR27=PUT_CALL_PARITY;MAR27=PUT_CALL_PARITY;FEB27=PUT_CALL_PARITY;JAN27=PUT_CALL_PARITY;MAY27=PUT_CALL_PARITY;JUL27=PUT_CALL_PARITY;SEP27=PUT_CALL_PARITY;AUG27=PUT_CALL_PARITY;DEC29=PUT_CALL_PARITY;DEC27=PUT_CALL_PARITY;MAR28=PUT_CALL_PARITY;DEC28=PUT_CALL_PARITY;DEC30=PUT_CALL_PARITY;JUN28=SERIES_FORWARD_CLUSTER,AUG26=7747.35;SEP26=7748.5;OCT26=7813;NOV26=7808.25;DEC26=7876.5;JUN27=8015.25;APR27=7959.5;MAR27=7945.5;FEB27=7879.75;JAN27=7881;MAY27=7963.25;JUL27=8043.875;SEP27=8077.25;AUG27=8051.75;DEC29=8676.5;DEC27=8103.75;MAR28=8179;DEC28=8373.25;DEC30=9151.75;JUN28=6427.25,NONE,WEIGHTED_ATM,2026-08-21,7,600,0.0,NONE,11513,11041,471,0,0,RTM,MDW;MMW;MRW;MTW,OK,NONE,NONE,2026-08-11
SPX,11400.0,30659.753441298893,0.03660668163328401,0.0,0.0,0.0,0.0,0.0,0.0,7800.932309330873,7693.767690669128,7854.514618661745,7640.185381338256,SEP26,AUG26,2026-08-12,2026-09-18,7747.35,7705.975053873443,FOUND,WARN,UNKNOWN_SERIES;ESTIMATED_EXPIRY_ALIAS,2026-08-02.2,PUT_CALL_PARITY,AUG26,AUG26=PUT_CALL_PARITY;SEP26=PUT_CALL_PARITY;OCT26=PUT_CALL_PARITY;NOV26=PUT_CALL_PARITY;DEC26=PUT_CALL_PARITY;JUN27=PUT_CALL_PARITY;APR27=PUT_CALL_PARITY;MAR27=PUT_CALL_PARITY;FEB27=PUT_CALL_PARITY;JAN27=PUT_CALL_PARITY;MAY27=PUT_CALL_PARITY;JUL27=PUT_CALL_PARITY;SEP27=PUT_CALL_PARITY;AUG27=PUT_CALL_PARITY;DEC29=PUT_CALL_PARITY;DEC27=PUT_CALL_PARITY;MAR28=PUT_CALL_PARITY;DEC28=PUT_CALL_PARITY;DEC30=PUT_CALL_PARITY;JUN28=SERIES_FORWARD_CLUSTER,AUG26=7747.35;SEP26=7748.5;OCT26=7813;NOV26=7808.25;DEC26=7876.5;JUN27=8015.25;APR27=7959.5;MAR27=7945.5;FEB27=7879.75;JAN27=7881;MAY27=7963.25;JUL27=8043.875;SEP27=8077.25;AUG27=8051.75;DEC29=8676.5;DEC27=8103.75;MAR28=8179;DEC28=8373.25;DEC30=9151.75;JUN28=6427.25,NONE,WEIGHTED_ATM,2026-08-21,7,600,0.0,NONE,11513,11041,471,0,0,RTM,MDW;MMW;MRW;MTW,OK,NONE,NONE,2026-08-11
SPX,11500.0,0.0,0.0,0.0,0.0,0.0,0.0,0.0,0.0,7800.932309330873,7693.767690669128,7854.514618661745,7640.185381338256,SEP26,AUG26,2026-08-12,2026-09-18,7747.35,7705.975053873443,FOUND,WARN,UNKNOWN_SERIES;ESTIMATED_EXPIRY_ALIAS,2026-08-02.2,PUT_CALL_PARITY,AUG26,AUG26=PUT_CALL_PARITY;SEP26=PUT_CALL_PARITY;OCT26=PUT_CALL_PARITY;NOV26=PUT_CALL_PARITY;DEC26=PUT_CALL_PARITY;JUN27=PUT_CALL_PARITY;APR27=PUT_CALL_PARITY;MAR27=PUT_CALL_PARITY;FEB27=PUT_CALL_PARITY;JAN27=PUT_CALL_PARITY;MAY27=PUT_CALL_PARITY;JUL27=PUT_CALL_PARITY;SEP27=PUT_CALL_PARITY;AUG27=PUT_CALL_PARITY;DEC29=PUT_CALL_PARITY;DEC27=PUT_CALL_PARITY;MAR28=PUT_CALL_PARITY;DEC28=PUT_CALL_PARITY;DEC30=PUT_CALL_PARITY;JUN28=SERIES_FORWARD_CLUSTER,AUG26=7747.35;SEP26=7748.5;OCT26=7813;NOV26=7808.25;DEC26=7876.5;JUN27=8015.25;APR27=7959.5;MAR27=7945.5;FEB27=7879.75;JAN27=7881;MAY27=7963.25;JUL27=8043.875;SEP27=8077.25;AUG27=8051.75;DEC29=8676.5;DEC27=8103.75;MAR28=8179;DEC28=8373.25;DEC30=9151.75;JUN28=6427.25,NONE,WEIGHTED_ATM,2026-08-21,7,600,0.0,NONE,11513,11041,471,0,0,RTM,MDW;MMW;MRW;MTW,OK,NONE,NONE,2026-08-11
SPX,11600.0,29728.93888869192,0.03549532135923128,0.0,0.0,0.0,0.0,0.0,0.0,7800.932309330873,7693.767690669128,7854.514618661745,7640.185381338256,SEP26,AUG26,2026-08-12,2026-09-18,7747.35,7705.975053873443,FOUND,WARN,UNKNOWN_SERIES;ESTIMATED_EXPIRY_ALIAS,2026-08-02.2,PUT_CALL_PARITY,AUG26,AUG26=PUT_CALL_PARITY;SEP26=PUT_CALL_PARITY;OCT26=PUT_CALL_PARITY;NOV26=PUT_CALL_PARITY;DEC26=PUT_CALL_PARITY;JUN27=PUT_CALL_PARITY;APR27=PUT_CALL_PARITY;MAR27=PUT_CALL_PARITY;FEB27=PUT_CALL_PARITY;JAN27=PUT_CALL_PARITY;MAY27=PUT_CALL_PARITY;JUL27=PUT_CALL_PARITY;SEP27=PUT_CALL_PARITY;AUG27=PUT_CALL_PARITY;DEC29=PUT_CALL_PARITY;DEC27=PUT_CALL_PARITY;MAR28=PUT_CALL_PARITY;DEC28=PUT_CALL_PARITY;DEC30=PUT_CALL_PARITY;JUN28=SERIES_FORWARD_CLUSTER,AUG26=7747.35;SEP26=7748.5;OCT26=7813;NOV26=7808.25;DEC26=7876.5;JUN27=8015.25;APR27=7959.5;MAR27=7945.5;FEB27=7879.75;JAN27=7881;MAY27=7963.25;JUL27=8043.875;SEP27=8077.25;AUG27=8051.75;DEC29=8676.5;DEC27=8103.75;MAR28=8179;DEC28=8373.25;DEC30=9151.75;JUN28=6427.25,NONE,WEIGHTED_ATM,2026-08-21,7,600,0.0,NONE,11513,11041,471,0,0,RTM,MDW;MMW;MRW;MTW,OK,NONE,NONE,2026-08-11
SPX,11800.0,4779.335688832331,0.005706360956706549,0.0,0.0,0.0,0.0,0.0,0.0,7800.932309330873,7693.767690669128,7854.514618661745,7640.185381338256,SEP26,AUG26,2026-08-12,2026-09-18,7747.35,7705.975053873443,FOUND,WARN,UNKNOWN_SERIES;ESTIMATED_EXPIRY_ALIAS,2026-08-02.2,PUT_CALL_PARITY,AUG26,AUG26=PUT_CALL_PARITY;SEP26=PUT_CALL_PARITY;OCT26=PUT_CALL_PARITY;NOV26=PUT_CALL_PARITY;DEC26=PUT_CALL_PARITY;JUN27=PUT_CALL_PARITY;APR27=PUT_CALL_PARITY;MAR27=PUT_CALL_PARITY;FEB27=PUT_CALL_PARITY;JAN27=PUT_CALL_PARITY;MAY27=PUT_CALL_PARITY;JUL27=PUT_CALL_PARITY;SEP27=PUT_CALL_PARITY;AUG27=PUT_CALL_PARITY;DEC29=PUT_CALL_PARITY;DEC27=PUT_CALL_PARITY;MAR28=PUT_CALL_PARITY;DEC28=PUT_CALL_PARITY;DEC30=PUT_CALL_PARITY;JUN28=SERIES_FORWARD_CLUSTER,AUG26=7747.35;SEP26=7748.5;OCT26=7813;NOV26=7808.25;DEC26=7876.5;JUN27=8015.25;APR27=7959.5;MAR27=7945.5;FEB27=7879.75;JAN27=7881;MAY27=7963.25;JUL27=8043.875;SEP27=8077.25;AUG27=8051.75;DEC29=8676.5;DEC27=8103.75;MAR28=8179;DEC28=8373.25;DEC30=9151.75;JUN28=6427.25,NONE,WEIGHTED_ATM,2026-08-21,7,600,0.0,NONE,11513,11041,471,0,0,RTM,MDW;MMW;MRW;MTW,OK,NONE,NONE,2026-08-11
SPX,12000.0,0.0,0.0,0.0,0.0,0.0,0.0,0.0,0.0,7800.932309330873,7693.767690669128,7854.514618661745,7640.185381338256,SEP26,AUG26,2026-08-12,2026-09-18,7747.35,7705.975053873443,FOUND,WARN,UNKNOWN_SERIES;ESTIMATED_EXPIRY_ALIAS,2026-08-02.2,PUT_CALL_PARITY,AUG26,AUG26=PUT_CALL_PARITY;SEP26=PUT_CALL_PARITY;OCT26=PUT_CALL_PARITY;NOV26=PUT_CALL_PARITY;DEC26=PUT_CALL_PARITY;JUN27=PUT_CALL_PARITY;APR27=PUT_CALL_PARITY;MAR27=PUT_CALL_PARITY;FEB27=PUT_CALL_PARITY;JAN27=PUT_CALL_PARITY;MAY27=PUT_CALL_PARITY;JUL27=PUT_CALL_PARITY;SEP27=PUT_CALL_PARITY;AUG27=PUT_CALL_PARITY;DEC29=PUT_CALL_PARITY;DEC27=PUT_CALL_PARITY;MAR28=PUT_CALL_PARITY;DEC28=PUT_CALL_PARITY;DEC30=PUT_CALL_PARITY;JUN28=SERIES_FORWARD_CLUSTER,AUG26=7747.35;SEP26=7748.5;OCT26=7813;NOV26=7808.25;DEC26=7876.5;JUN27=8015.25;APR27=7959.5;MAR27=7945.5;FEB27=7879.75;JAN27=7881;MAY27=7963.25;JUL27=8043.875;SEP27=8077.25;AUG27=8051.75;DEC29=8676.5;DEC27=8103.75;MAR28=8179;DEC28=8373.25;DEC30=9151.75;JUN28=6427.25,NONE,WEIGHTED_ATM,2026-08-21,7,600,0.0,NONE,11513,11041,471,0,0,RTM,MDW;MMW;MRW;MTW,OK,NONE,NONE,2026-08-11
SPX,12200.0,0.0,0.0,0.0,0.0,0.0,0.0,0.0,0.0,7800.932309330873,7693.767690669128,7854.514618661745,7640.185381338256,SEP26,AUG26,2026-08-12,2026-09-18,7747.35,7705.975053873443,FOUND,WARN,UNKNOWN_SERIES;ESTIMATED_EXPIRY_ALIAS,2026-08-02.2,PUT_CALL_PARITY,AUG26,AUG26=PUT_CALL_PARITY;SEP26=PUT_CALL_PARITY;OCT26=PUT_CALL_PARITY;NOV26=PUT_CALL_PARITY;DEC26=PUT_CALL_PARITY;JUN27=PUT_CALL_PARITY;APR27=PUT_CALL_PARITY;MAR27=PUT_CALL_PARITY;FEB27=PUT_CALL_PARITY;JAN27=PUT_CALL_PARITY;MAY27=PUT_CALL_PARITY;JUL27=PUT_CALL_PARITY;SEP27=PUT_CALL_PARITY;AUG27=PUT_CALL_PARITY;DEC29=PUT_CALL_PARITY;DEC27=PUT_CALL_PARITY;MAR28=PUT_CALL_PARITY;DEC28=PUT_CALL_PARITY;DEC30=PUT_CALL_PARITY;JUN28=SERIES_FORWARD_CLUSTER,AUG26=7747.35;SEP26=7748.5;OCT26=7813;NOV26=7808.25;DEC26=7876.5;JUN27=8015.25;APR27=7959.5;MAR27=7945.5;FEB27=7879.75;JAN27=7881;MAY27=7963.25;JUL27=8043.875;SEP27=8077.25;AUG27=8051.75;DEC29=8676.5;DEC27=8103.75;MAR28=8179;DEC28=8373.25;DEC30=9151.75;JUN28=6427.25,NONE,WEIGHTED_ATM,2026-08-21,7,600,0.0,NONE,11513,11041,471,0,0,RTM,MDW;MMW;MRW;MTW,OK,NONE,NONE,2026-08-11
SPX,12600.0,0.0,0.0,0.0,0.0,0.0,0.0,0.0,0.0,7800.932309330873,7693.767690669128,7854.514618661745,7640.185381338256,SEP26,AUG26,2026-08-12,2026-09-18,7747.35,7705.975053873443,FOUND,WARN,UNKNOWN_SERIES;ESTIMATED_EXPIRY_ALIAS,2026-08-02.2,PUT_CALL_PARITY,AUG26,AUG26=PUT_CALL_PARITY;SEP26=PUT_CALL_PARITY;OCT26=PUT_CALL_PARITY;NOV26=PUT_CALL_PARITY;DEC26=PUT_CALL_PARITY;JUN27=PUT_CALL_PARITY;APR27=PUT_CALL_PARITY;MAR27=PUT_CALL_PARITY;FEB27=PUT_CALL_PARITY;JAN27=PUT_CALL_PARITY;MAY27=PUT_CALL_PARITY;JUL27=PUT_CALL_PARITY;SEP27=PUT_CALL_PARITY;AUG27=PUT_CALL_PARITY;DEC29=PUT_CALL_PARITY;DEC27=PUT_CALL_PARITY;MAR28=PUT_CALL_PARITY;DEC28=PUT_CALL_PARITY;DEC30=PUT_CALL_PARITY;JUN28=SERIES_FORWARD_CLUSTER,AUG26=7747.35;SEP26=7748.5;OCT26=7813;NOV26=7808.25;DEC26=7876.5;JUN27=8015.25;APR27=7959.5;MAR27=7945.5;FEB27=7879.75;JAN27=7881;MAY27=7963.25;JUL27=8043.875;SEP27=8077.25;AUG27=8051.75;DEC29=8676.5;DEC27=8103.75;MAR28=8179;DEC28=8373.25;DEC30=9151.75;JUN28=6427.25,NONE,WEIGHTED_ATM,2026-08-21,7,600,0.0,NONE,11513,11041,471,0,0,RTM,MDW;MMW;MRW;MTW,OK,NONE,NONE,2026-08-11
