Currency,Strike,Total_GEX,Total_Abs_Gamma,Daily_Call_Settle,Daily_Call_OI,Daily_Put_Settle,Daily_Put_OI,Global_Call_OI,Global_Put_OI,R68_High,R68_Low,R95_High,R95_Low,Global_Month,Daily_Month,Futures_Spot,Gamma_Flip
XAU,1350.0,0.0,0.0,0.0,0.0,0.0,0.0,0.0,0.0,4160.381966845566,4032.475176011577,4224.335362262561,3968.5217805945817,AUG26,JUN26,4096.428571428572,5030.32028350812
XAU,1375.0,0.0,0.0,0.0,0.0,0.0,0.0,0.0,0.0,4160.381966845566,4032.475176011577,4224.335362262561,3968.5217805945817,AUG26,JUN26,4096.428571428572,5030.32028350812
XAU,1400.0,0.0,0.0,0.0,0.0,0.0,0.0,0.0,0.0,4160.381966845566,4032.475176011577,4224.335362262561,3968.5217805945817,AUG26,JUN26,4096.428571428572,5030.32028350812
XAU,1500.0,-0.00017144599961177052,1.7144599961177052e-06,0.0,0.0,0.0,0.0,0.0,0.0,4160.381966845566,4032.475176011577,4224.335362262561,3968.5217805945817,AUG26,JUN26,4096.428571428572,5030.32028350812
XAU,1600.0,0.0,0.0,0.0,0.0,0.0,0.0,0.0,0.0,4160.381966845566,4032.475176011577,4224.335362262561,3968.5217805945817,AUG26,JUN26,4096.428571428572,5030.32028350812
XAU,1700.0,0.0,0.0,0.0,0.0,0.0,0.0,0.0,0.0,4160.381966845566,4032.475176011577,4224.335362262561,3968.5217805945817,AUG26,JUN26,4096.428571428572,5030.32028350812
XAU,1845.0,0.0,0.0,0.0,0.0,0.0,0.0,0.0,0.0,4160.381966845566,4032.475176011577,4224.335362262561,3968.5217805945817,AUG26,JUN26,4096.428571428572,5030.32028350812
XAU,1900.0,0.0,0.0,0.0,0.0,0.0,0.0,0.0,0.0,4160.381966845566,4032.475176011577,4224.335362262561,3968.5217805945817,AUG26,JUN26,4096.428571428572,5030.32028350812
XAU,1995.0,-0.014304204219940482,0.00014304204219940482,0.0,0.0,0.0,0.0,0.0,0.0,4160.381966845566,4032.475176011577,4224.335362262561,3968.5217805945817,AUG26,JUN26,4096.428571428572,5030.32028350812
XAU,2000.0,-0.015995080483940625,0.00015995080483940626,0.0,0.0,0.0,0.0,0.0,0.0,4160.381966845566,4032.475176011577,4224.335362262561,3968.5217805945817,AUG26,JUN26,4096.428571428572,5030.32028350812
XAU,2005.0,-0.016097326909677478,0.00016097326909677478,0.0,0.0,0.0,0.0,0.0,0.0,4160.381966845566,4032.475176011577,4224.335362262561,3968.5217805945817,AUG26,JUN26,4096.428571428572,5030.32028350812
XAU,2100.0,0.0,0.0,0.0,0.0,0.0,0.0,0.0,0.0,4160.381966845566,4032.475176011577,4224.335362262561,3968.5217805945817,AUG26,JUN26,4096.428571428572,5030.32028350812
XAU,2200.0,0.0,0.0,0.0,0.0,0.0,0.0,0.0,0.0,4160.381966845566,4032.475176011577,4224.335362262561,3968.5217805945817,AUG26,JUN26,4096.428571428572,5030.32028350812
XAU,2300.0,-0.0019341462761910233,1.9341462761910233e-05,0.0,0.0,0.0,0.0,0.0,0.0,4160.381966845566,4032.475176011577,4224.335362262561,3968.5217805945817,AUG26,JUN26,4096.428571428572,5030.32028350812
XAU,2325.0,-0.0004001061126785619,4.001061126785619e-06,0.0,0.0,0.0,0.0,0.0,0.0,4160.381966845566,4032.475176011577,4224.335362262561,3968.5217805945817,AUG26,JUN26,4096.428571428572,5030.32028350812
XAU,2350.0,-0.003725436078886571,3.725436078886571e-05,0.0,0.0,0.0,0.0,0.0,0.0,4160.381966845566,4032.475176011577,4224.335362262561,3968.5217805945817,AUG26,JUN26,4096.428571428572,5030.32028350812
XAU,2375.0,0.0,0.0,0.0,0.0,0.0,0.0,0.0,0.0,4160.381966845566,4032.475176011577,4224.335362262561,3968.5217805945817,AUG26,JUN26,4096.428571428572,5030.32028350812
XAU,2400.0,0.0,0.0,0.0,0.0,0.0,0.0,0.0,0.0,4160.381966845566,4032.475176011577,4224.335362262561,3968.5217805945817,AUG26,JUN26,4096.428571428572,5030.32028350812
XAU,2425.0,0.0,0.0,0.0,0.0,0.0,0.0,0.0,0.0,4160.381966845566,4032.475176011577,4224.335362262561,3968.5217805945817,AUG26,JUN26,4096.428571428572,5030.32028350812
XAU,2450.0,0.0,0.0,0.0,0.0,0.0,0.0,0.0,0.0,4160.381966845566,4032.475176011577,4224.335362262561,3968.5217805945817,AUG26,JUN26,4096.428571428572,5030.32028350812
XAU,2475.0,0.0,0.0,0.0,0.0,0.0,0.0,0.0,0.0,4160.381966845566,4032.475176011577,4224.335362262561,3968.5217805945817,AUG26,JUN26,4096.428571428572,5030.32028350812
XAU,2490.0,0.0,0.0,0.0,0.0,0.0,0.0,0.0,0.0,4160.381966845566,4032.475176011577,4224.335362262561,3968.5217805945817,AUG26,JUN26,4096.428571428572,5030.32028350812
XAU,2500.0,5.326593731140615,0.05326593731140615,0.0,0.0,0.0,0.0,0.0,0.0,4160.381966845566,4032.475176011577,4224.335362262561,3968.5217805945817,AUG26,JUN26,4096.428571428572,5030.32028350812
XAU,2525.0,0.0,0.0,0.0,0.0,0.0,0.0,0.0,0.0,4160.381966845566,4032.475176011577,4224.335362262561,3968.5217805945817,AUG26,JUN26,4096.428571428572,5030.32028350812
XAU,2540.0,0.0,0.0,0.0,0.0,0.0,0.0,0.0,0.0,4160.381966845566,4032.475176011577,4224.335362262561,3968.5217805945817,AUG26,JUN26,4096.428571428572,5030.32028350812
XAU,2550.0,0.0,0.0,0.0,0.0,0.0,0.0,0.0,0.0,4160.381966845566,4032.475176011577,4224.335362262561,3968.5217805945817,AUG26,JUN26,4096.428571428572,5030.32028350812
XAU,2560.0,0.0,0.0,0.0,0.0,0.0,0.0,0.0,0.0,4160.381966845566,4032.475176011577,4224.335362262561,3968.5217805945817,AUG26,JUN26,4096.428571428572,5030.32028350812
XAU,2570.0,0.0,0.0,0.0,0.0,0.0,0.0,0.0,0.0,4160.381966845566,4032.475176011577,4224.335362262561,3968.5217805945817,AUG26,JUN26,4096.428571428572,5030.32028350812
XAU,2575.0,0.0,0.0,0.0,0.0,0.0,0.0,0.0,0.0,4160.381966845566,4032.475176011577,4224.335362262561,3968.5217805945817,AUG26,JUN26,4096.428571428572,5030.32028350812
XAU,2580.0,0.0,0.0,0.0,0.0,0.0,0.0,0.0,0.0,4160.381966845566,4032.475176011577,4224.335362262561,3968.5217805945817,AUG26,JUN26,4096.428571428572,5030.32028350812
XAU,2590.0,0.0,0.0,0.0,0.0,0.0,0.0,0.0,0.0,4160.381966845566,4032.475176011577,4224.335362262561,3968.5217805945817,AUG26,JUN26,4096.428571428572,5030.32028350812
XAU,2600.0,0.0,0.0,0.0,0.0,0.0,0.0,0.0,0.0,4160.381966845566,4032.475176011577,4224.335362262561,3968.5217805945817,AUG26,JUN26,4096.428571428572,5030.32028350812
XAU,2615.0,0.0,0.0,0.0,0.0,0.0,0.0,0.0,0.0,4160.381966845566,4032.475176011577,4224.335362262561,3968.5217805945817,AUG26,JUN26,4096.428571428572,5030.32028350812
XAU,2625.0,0.0,0.0,0.0,0.0,0.0,0.0,0.0,0.0,4160.381966845566,4032.475176011577,4224.335362262561,3968.5217805945817,AUG26,JUN26,4096.428571428572,5030.32028350812
XAU,2630.0,0.0,0.0,0.0,0.0,0.0,0.0,0.0,0.0,4160.381966845566,4032.475176011577,4224.335362262561,3968.5217805945817,AUG26,JUN26,4096.428571428572,5030.32028350812
XAU,2640.0,0.0,0.0,0.0,0.0,0.0,0.0,0.0,0.0,4160.381966845566,4032.475176011577,4224.335362262561,3968.5217805945817,AUG26,JUN26,4096.428571428572,5030.32028350812
XAU,2650.0,0.0,0.0,0.0,0.0,0.0,0.0,0.0,0.0,4160.381966845566,4032.475176011577,4224.335362262561,3968.5217805945817,AUG26,JUN26,4096.428571428572,5030.32028350812
XAU,2655.0,-0.010220225014437848,0.00010220225014437849,0.0,0.0,0.0,0.0,0.0,0.0,4160.381966845566,4032.475176011577,4224.335362262561,3968.5217805945817,AUG26,JUN26,4096.428571428572,5030.32028350812
XAU,2660.0,0.0,0.0,0.0,0.0,0.0,0.0,0.0,0.0,4160.381966845566,4032.475176011577,4224.335362262561,3968.5217805945817,AUG26,JUN26,4096.428571428572,5030.32028350812
XAU,2665.0,-0.020379539181055575,0.00020379539181055576,0.0,0.0,0.0,0.0,0.0,0.0,4160.381966845566,4032.475176011577,4224.335362262561,3968.5217805945817,AUG26,JUN26,4096.428571428572,5030.32028350812
XAU,2675.0,-0.0010534000424720516,1.0534000424720515e-05,0.0,0.0,0.0,0.0,0.0,0.0,4160.381966845566,4032.475176011577,4224.335362262561,3968.5217805945817,AUG26,JUN26,4096.428571428572,5030.32028350812
XAU,2680.0,0.0,0.0,0.0,0.0,0.0,0.0,0.0,0.0,4160.381966845566,4032.475176011577,4224.335362262561,3968.5217805945817,AUG26,JUN26,4096.428571428572,5030.32028350812
XAU,2685.0,0.0,0.0,0.0,0.0,0.0,0.0,0.0,0.0,4160.381966845566,4032.475176011577,4224.335362262561,3968.5217805945817,AUG26,JUN26,4096.428571428572,5030.32028350812
XAU,2690.0,0.0,0.0,0.0,0.0,0.0,0.0,0.0,0.0,4160.381966845566,4032.475176011577,4224.335362262561,3968.5217805945817,AUG26,JUN26,4096.428571428572,5030.32028350812
XAU,2700.0,0.0,0.0,0.0,0.0,0.0,0.0,0.0,0.0,4160.381966845566,4032.475176011577,4224.335362262561,3968.5217805945817,AUG26,JUN26,4096.428571428572,5030.32028350812
XAU,2705.0,0.0,0.0,0.0,0.0,0.0,0.0,0.0,0.0,4160.381966845566,4032.475176011577,4224.335362262561,3968.5217805945817,AUG26,JUN26,4096.428571428572,5030.32028350812
XAU,2715.0,0.0,0.0,0.0,0.0,0.0,0.0,0.0,0.0,4160.381966845566,4032.475176011577,4224.335362262561,3968.5217805945817,AUG26,JUN26,4096.428571428572,5030.32028350812
XAU,2725.0,0.0,0.0,0.0,0.0,0.0,0.0,0.0,0.0,4160.381966845566,4032.475176011577,4224.335362262561,3968.5217805945817,AUG26,JUN26,4096.428571428572,5030.32028350812
XAU,2730.0,0.0,0.0,0.0,0.0,0.0,0.0,0.0,0.0,4160.381966845566,4032.475176011577,4224.335362262561,3968.5217805945817,AUG26,JUN26,4096.428571428572,5030.32028350812
XAU,2735.0,0.0,0.0,0.0,0.0,0.0,0.0,0.0,0.0,4160.381966845566,4032.475176011577,4224.335362262561,3968.5217805945817,AUG26,JUN26,4096.428571428572,5030.32028350812
XAU,2740.0,0.0,0.0,0.0,0.0,0.0,0.0,0.0,0.0,4160.381966845566,4032.475176011577,4224.335362262561,3968.5217805945817,AUG26,JUN26,4096.428571428572,5030.32028350812
XAU,2745.0,0.0,0.0,0.0,0.0,0.0,0.0,0.0,0.0,4160.381966845566,4032.475176011577,4224.335362262561,3968.5217805945817,AUG26,JUN26,4096.428571428572,5030.32028350812
XAU,2750.0,0.0,0.0,0.0,0.0,0.0,0.0,0.0,0.0,4160.381966845566,4032.475176011577,4224.335362262561,3968.5217805945817,AUG26,JUN26,4096.428571428572,5030.32028350812
XAU,2780.0,0.0,0.0,0.0,0.0,0.0,0.0,0.0,0.0,4160.381966845566,4032.475176011577,4224.335362262561,3968.5217805945817,AUG26,JUN26,4096.428571428572,5030.32028350812
XAU,2785.0,0.0,0.0,0.0,0.0,0.0,0.0,0.0,0.0,4160.381966845566,4032.475176011577,4224.335362262561,3968.5217805945817,AUG26,JUN26,4096.428571428572,5030.32028350812
XAU,2795.0,0.0,0.0,0.0,0.0,0.0,0.0,0.0,0.0,4160.381966845566,4032.475176011577,4224.335362262561,3968.5217805945817,AUG26,JUN26,4096.428571428572,5030.32028350812
XAU,2800.0,0.0,0.0,0.0,0.0,0.0,0.0,0.0,0.0,4160.381966845566,4032.475176011577,4224.335362262561,3968.5217805945817,AUG26,JUN26,4096.428571428572,5030.32028350812
XAU,2810.0,0.0,0.0,0.0,0.0,0.0,0.0,0.0,0.0,4160.381966845566,4032.475176011577,4224.335362262561,3968.5217805945817,AUG26,JUN26,4096.428571428572,5030.32028350812
XAU,2825.0,0.0,0.0,0.0,0.0,0.0,0.0,0.0,0.0,4160.381966845566,4032.475176011577,4224.335362262561,3968.5217805945817,AUG26,JUN26,4096.428571428572,5030.32028350812
XAU,2830.0,0.0,0.0,0.0,0.0,0.0,0.0,0.0,0.0,4160.381966845566,4032.475176011577,4224.335362262561,3968.5217805945817,AUG26,JUN26,4096.428571428572,5030.32028350812
XAU,2840.0,0.0,0.0,0.0,0.0,0.0,0.0,0.0,0.0,4160.381966845566,4032.475176011577,4224.335362262561,3968.5217805945817,AUG26,JUN26,4096.428571428572,5030.32028350812
XAU,2845.0,0.0,0.0,0.0,0.0,0.0,0.0,0.0,0.0,4160.381966845566,4032.475176011577,4224.335362262561,3968.5217805945817,AUG26,JUN26,4096.428571428572,5030.32028350812
XAU,2850.0,-0.01984692578394786,0.0001984692578394786,0.0,0.0,0.0,0.0,0.0,0.0,4160.381966845566,4032.475176011577,4224.335362262561,3968.5217805945817,AUG26,JUN26,4096.428571428572,5030.32028350812
XAU,2855.0,0.0,0.0,0.0,0.0,0.0,0.0,0.0,0.0,4160.381966845566,4032.475176011577,4224.335362262561,3968.5217805945817,AUG26,JUN26,4096.428571428572,5030.32028350812
XAU,2860.0,0.0,0.0,0.0,0.0,0.0,0.0,0.0,0.0,4160.381966845566,4032.475176011577,4224.335362262561,3968.5217805945817,AUG26,JUN26,4096.428571428572,5030.32028350812
XAU,2865.0,0.0,0.0,0.0,0.0,0.0,0.0,0.0,0.0,4160.381966845566,4032.475176011577,4224.335362262561,3968.5217805945817,AUG26,JUN26,4096.428571428572,5030.32028350812
XAU,2875.0,0.0,0.0,0.0,0.0,0.0,0.0,0.0,0.0,4160.381966845566,4032.475176011577,4224.335362262561,3968.5217805945817,AUG26,JUN26,4096.428571428572,5030.32028350812
XAU,2880.0,0.0,0.0,0.0,0.0,0.0,0.0,0.0,0.0,4160.381966845566,4032.475176011577,4224.335362262561,3968.5217805945817,AUG26,JUN26,4096.428571428572,5030.32028350812
XAU,2885.0,0.0,0.0,0.0,0.0,0.0,0.0,0.0,0.0,4160.381966845566,4032.475176011577,4224.335362262561,3968.5217805945817,AUG26,JUN26,4096.428571428572,5030.32028350812
XAU,2890.0,0.0,0.0,0.0,0.0,0.0,0.0,0.0,0.0,4160.381966845566,4032.475176011577,4224.335362262561,3968.5217805945817,AUG26,JUN26,4096.428571428572,5030.32028350812
XAU,2900.0,0.3482047546847168,0.0034820475468471676,0.0,0.0,0.0,0.0,0.0,0.0,4160.381966845566,4032.475176011577,4224.335362262561,3968.5217805945817,AUG26,JUN26,4096.428571428572,5030.32028350812
XAU,2910.0,0.0,0.0,0.0,0.0,0.0,0.0,0.0,0.0,4160.381966845566,4032.475176011577,4224.335362262561,3968.5217805945817,AUG26,JUN26,4096.428571428572,5030.32028350812
XAU,2915.0,0.0,0.0,0.0,0.0,0.0,0.0,0.0,0.0,4160.381966845566,4032.475176011577,4224.335362262561,3968.5217805945817,AUG26,JUN26,4096.428571428572,5030.32028350812
XAU,2920.0,0.0,0.0,0.0,0.0,0.0,0.0,0.0,0.0,4160.381966845566,4032.475176011577,4224.335362262561,3968.5217805945817,AUG26,JUN26,4096.428571428572,5030.32028350812
XAU,2925.0,0.0,0.0,0.0,0.0,0.0,0.0,0.0,0.0,4160.381966845566,4032.475176011577,4224.335362262561,3968.5217805945817,AUG26,JUN26,4096.428571428572,5030.32028350812
XAU,2940.0,0.0,0.0,0.0,0.0,0.0,0.0,0.0,0.0,4160.381966845566,4032.475176011577,4224.335362262561,3968.5217805945817,AUG26,JUN26,4096.428571428572,5030.32028350812
XAU,2945.0,0.0,0.0,0.0,0.0,0.0,0.0,0.0,0.0,4160.381966845566,4032.475176011577,4224.335362262561,3968.5217805945817,AUG26,JUN26,4096.428571428572,5030.32028350812
XAU,2950.0,0.0,0.0,0.0,0.0,0.0,0.0,0.0,0.0,4160.381966845566,4032.475176011577,4224.335362262561,3968.5217805945817,AUG26,JUN26,4096.428571428572,5030.32028350812
XAU,2965.0,-0.03748166423649513,0.00037481664236495125,0.0,0.0,0.0,0.0,0.0,0.0,4160.381966845566,4032.475176011577,4224.335362262561,3968.5217805945817,AUG26,JUN26,4096.428571428572,5030.32028350812
XAU,2975.0,0.0,0.0,0.0,0.0,0.0,0.0,0.0,0.0,4160.381966845566,4032.475176011577,4224.335362262561,3968.5217805945817,AUG26,JUN26,4096.428571428572,5030.32028350812
XAU,2980.0,0.0,0.0,0.0,0.0,0.0,0.0,0.0,0.0,4160.381966845566,4032.475176011577,4224.335362262561,3968.5217805945817,AUG26,JUN26,4096.428571428572,5030.32028350812
XAU,2990.0,0.0,0.0,0.0,0.0,0.0,0.0,0.0,0.0,4160.381966845566,4032.475176011577,4224.335362262561,3968.5217805945817,AUG26,JUN26,4096.428571428572,5030.32028350812
XAU,2995.0,0.0,0.0,0.0,0.0,0.0,0.0,0.0,0.0,4160.381966845566,4032.475176011577,4224.335362262561,3968.5217805945817,AUG26,JUN26,4096.428571428572,5030.32028350812
XAU,3000.0,-0.055616058811390305,0.000556160588113903,0.0,0.0,0.0,0.0,0.0,0.0,4160.381966845566,4032.475176011577,4224.335362262561,3968.5217805945817,AUG26,JUN26,4096.428571428572,5030.32028350812
XAU,3005.0,0.0,0.0,0.0,0.0,0.0,0.0,0.0,0.0,4160.381966845566,4032.475176011577,4224.335362262561,3968.5217805945817,AUG26,JUN26,4096.428571428572,5030.32028350812
XAU,3010.0,0.0,0.0,0.0,0.0,0.0,0.0,0.0,0.0,4160.381966845566,4032.475176011577,4224.335362262561,3968.5217805945817,AUG26,JUN26,4096.428571428572,5030.32028350812
XAU,3015.0,0.0,0.0,0.0,0.0,0.0,0.0,0.0,0.0,4160.381966845566,4032.475176011577,4224.335362262561,3968.5217805945817,AUG26,JUN26,4096.428571428572,5030.32028350812
XAU,3020.0,-0.07719611070490875,0.0007719611070490875,0.0,0.0,0.0,0.0,0.0,0.0,4160.381966845566,4032.475176011577,4224.335362262561,3968.5217805945817,AUG26,JUN26,4096.428571428572,5030.32028350812
XAU,3025.0,0.0,0.0,0.0,0.0,0.0,0.0,0.0,0.0,4160.381966845566,4032.475176011577,4224.335362262561,3968.5217805945817,AUG26,JUN26,4096.428571428572,5030.32028350812
XAU,3035.0,0.0,0.0,0.0,0.0,0.0,0.0,0.0,0.0,4160.381966845566,4032.475176011577,4224.335362262561,3968.5217805945817,AUG26,JUN26,4096.428571428572,5030.32028350812
XAU,3040.0,0.0,0.0,0.0,0.0,0.0,0.0,0.0,0.0,4160.381966845566,4032.475176011577,4224.335362262561,3968.5217805945817,AUG26,JUN26,4096.428571428572,5030.32028350812
XAU,3045.0,0.0,0.0,0.0,0.0,0.0,0.0,0.0,0.0,4160.381966845566,4032.475176011577,4224.335362262561,3968.5217805945817,AUG26,JUN26,4096.428571428572,5030.32028350812
XAU,3050.0,0.0,0.0,0.0,0.0,0.0,0.0,0.0,0.0,4160.381966845566,4032.475176011577,4224.335362262561,3968.5217805945817,AUG26,JUN26,4096.428571428572,5030.32028350812
XAU,3055.0,0.0,0.0,0.0,0.0,0.0,0.0,0.0,0.0,4160.381966845566,4032.475176011577,4224.335362262561,3968.5217805945817,AUG26,JUN26,4096.428571428572,5030.32028350812
XAU,3060.0,0.0,0.0,0.0,0.0,0.0,0.0,0.0,0.0,4160.381966845566,4032.475176011577,4224.335362262561,3968.5217805945817,AUG26,JUN26,4096.428571428572,5030.32028350812
XAU,3065.0,0.0,0.0,0.0,0.0,0.0,0.0,0.0,0.0,4160.381966845566,4032.475176011577,4224.335362262561,3968.5217805945817,AUG26,JUN26,4096.428571428572,5030.32028350812
XAU,3070.0,0.0,0.0,0.0,0.0,0.0,0.0,0.0,0.0,4160.381966845566,4032.475176011577,4224.335362262561,3968.5217805945817,AUG26,JUN26,4096.428571428572,5030.32028350812
XAU,3075.0,0.0,0.0,0.0,0.0,0.0,0.0,0.0,0.0,4160.381966845566,4032.475176011577,4224.335362262561,3968.5217805945817,AUG26,JUN26,4096.428571428572,5030.32028350812
XAU,3080.0,0.0,0.0,0.0,0.0,0.0,0.0,0.0,0.0,4160.381966845566,4032.475176011577,4224.335362262561,3968.5217805945817,AUG26,JUN26,4096.428571428572,5030.32028350812
XAU,3090.0,0.0,0.0,0.0,0.0,0.0,0.0,0.0,0.0,4160.381966845566,4032.475176011577,4224.335362262561,3968.5217805945817,AUG26,JUN26,4096.428571428572,5030.32028350812
XAU,3095.0,0.0,0.0,0.0,0.0,0.0,0.0,0.0,0.0,4160.381966845566,4032.475176011577,4224.335362262561,3968.5217805945817,AUG26,JUN26,4096.428571428572,5030.32028350812
XAU,3100.0,0.0,0.0,0.0,0.0,0.0,0.0,0.0,0.0,4160.381966845566,4032.475176011577,4224.335362262561,3968.5217805945817,AUG26,JUN26,4096.428571428572,5030.32028350812
XAU,3105.0,0.0,0.0,0.0,0.0,0.0,0.0,0.0,0.0,4160.381966845566,4032.475176011577,4224.335362262561,3968.5217805945817,AUG26,JUN26,4096.428571428572,5030.32028350812
XAU,3110.0,0.0,0.0,0.0,0.0,0.0,0.0,0.0,0.0,4160.381966845566,4032.475176011577,4224.335362262561,3968.5217805945817,AUG26,JUN26,4096.428571428572,5030.32028350812
XAU,3115.0,0.0,0.0,0.0,0.0,0.0,0.0,0.0,0.0,4160.381966845566,4032.475176011577,4224.335362262561,3968.5217805945817,AUG26,JUN26,4096.428571428572,5030.32028350812
XAU,3120.0,0.0,0.0,0.0,0.0,0.0,0.0,0.0,0.0,4160.381966845566,4032.475176011577,4224.335362262561,3968.5217805945817,AUG26,JUN26,4096.428571428572,5030.32028350812
XAU,3125.0,0.0,0.0,0.0,0.0,0.0,0.0,0.0,0.0,4160.381966845566,4032.475176011577,4224.335362262561,3968.5217805945817,AUG26,JUN26,4096.428571428572,5030.32028350812
XAU,3130.0,0.0,0.0,0.0,0.0,0.0,0.0,0.0,0.0,4160.381966845566,4032.475176011577,4224.335362262561,3968.5217805945817,AUG26,JUN26,4096.428571428572,5030.32028350812
XAU,3145.0,0.0,0.0,0.0,0.0,0.0,0.0,0.0,0.0,4160.381966845566,4032.475176011577,4224.335362262561,3968.5217805945817,AUG26,JUN26,4096.428571428572,5030.32028350812
XAU,3150.0,0.0,0.0,0.0,0.0,0.0,0.0,0.0,0.0,4160.381966845566,4032.475176011577,4224.335362262561,3968.5217805945817,AUG26,JUN26,4096.428571428572,5030.32028350812
XAU,3155.0,-0.009993246980233603,9.993246980233604e-05,0.0,0.0,0.0,0.0,0.0,0.0,4160.381966845566,4032.475176011577,4224.335362262561,3968.5217805945817,AUG26,JUN26,4096.428571428572,5030.32028350812
XAU,3160.0,0.0,0.0,0.0,0.0,0.0,0.0,0.0,0.0,4160.381966845566,4032.475176011577,4224.335362262561,3968.5217805945817,AUG26,JUN26,4096.428571428572,5030.32028350812
XAU,3165.0,0.0,0.0,0.0,0.0,0.0,0.0,0.0,0.0,4160.381966845566,4032.475176011577,4224.335362262561,3968.5217805945817,AUG26,JUN26,4096.428571428572,5030.32028350812
XAU,3170.0,0.0,0.0,0.0,0.0,0.0,0.0,0.0,0.0,4160.381966845566,4032.475176011577,4224.335362262561,3968.5217805945817,AUG26,JUN26,4096.428571428572,5030.32028350812
XAU,3175.0,0.0,0.0,0.0,0.0,0.0,0.0,0.0,0.0,4160.381966845566,4032.475176011577,4224.335362262561,3968.5217805945817,AUG26,JUN26,4096.428571428572,5030.32028350812
XAU,3180.0,0.0,0.0,0.0,0.0,0.0,0.0,0.0,0.0,4160.381966845566,4032.475176011577,4224.335362262561,3968.5217805945817,AUG26,JUN26,4096.428571428572,5030.32028350812
XAU,3185.0,0.0,0.0,0.0,0.0,0.0,0.0,0.0,0.0,4160.381966845566,4032.475176011577,4224.335362262561,3968.5217805945817,AUG26,JUN26,4096.428571428572,5030.32028350812
XAU,3190.0,0.0,0.0,0.0,0.0,0.0,0.0,0.0,0.0,4160.381966845566,4032.475176011577,4224.335362262561,3968.5217805945817,AUG26,JUN26,4096.428571428572,5030.32028350812
XAU,3195.0,0.0,0.0,0.0,0.0,0.0,0.0,0.0,0.0,4160.381966845566,4032.475176011577,4224.335362262561,3968.5217805945817,AUG26,JUN26,4096.428571428572,5030.32028350812
XAU,3200.0,0.24340858858073194,0.0024340858858073193,0.0,0.0,0.0,0.0,0.0,0.0,4160.381966845566,4032.475176011577,4224.335362262561,3968.5217805945817,AUG26,JUN26,4096.428571428572,5030.32028350812
XAU,3205.0,0.0,0.0,0.0,0.0,0.0,0.0,0.0,0.0,4160.381966845566,4032.475176011577,4224.335362262561,3968.5217805945817,AUG26,JUN26,4096.428571428572,5030.32028350812
XAU,3215.0,0.0,0.0,0.0,0.0,0.0,0.0,0.0,0.0,4160.381966845566,4032.475176011577,4224.335362262561,3968.5217805945817,AUG26,JUN26,4096.428571428572,5030.32028350812
XAU,3220.0,0.0,0.0,0.0,0.0,0.0,0.0,0.0,0.0,4160.381966845566,4032.475176011577,4224.335362262561,3968.5217805945817,AUG26,JUN26,4096.428571428572,5030.32028350812
XAU,3225.0,0.0,0.0,0.0,0.0,0.0,0.0,0.0,0.0,4160.381966845566,4032.475176011577,4224.335362262561,3968.5217805945817,AUG26,JUN26,4096.428571428572,5030.32028350812
XAU,3230.0,0.0,0.0,0.0,0.0,0.0,0.0,0.0,0.0,4160.381966845566,4032.475176011577,4224.335362262561,3968.5217805945817,AUG26,JUN26,4096.428571428572,5030.32028350812
XAU,3235.0,0.0,0.0,0.0,0.0,0.0,0.0,0.0,0.0,4160.381966845566,4032.475176011577,4224.335362262561,3968.5217805945817,AUG26,JUN26,4096.428571428572,5030.32028350812
XAU,3240.0,0.0,0.0,0.0,0.0,0.0,0.0,0.0,0.0,4160.381966845566,4032.475176011577,4224.335362262561,3968.5217805945817,AUG26,JUN26,4096.428571428572,5030.32028350812
XAU,3245.0,0.0,0.0,0.0,0.0,0.0,0.0,0.0,0.0,4160.381966845566,4032.475176011577,4224.335362262561,3968.5217805945817,AUG26,JUN26,4096.428571428572,5030.32028350812
XAU,3250.0,0.0,0.0,0.0,0.0,0.0,0.0,0.0,0.0,4160.381966845566,4032.475176011577,4224.335362262561,3968.5217805945817,AUG26,JUN26,4096.428571428572,5030.32028350812
XAU,3255.0,0.0,0.0,0.0,0.0,0.0,0.0,0.0,0.0,4160.381966845566,4032.475176011577,4224.335362262561,3968.5217805945817,AUG26,JUN26,4096.428571428572,5030.32028350812
XAU,3260.0,0.0,0.0,0.0,0.0,0.0,0.0,0.0,0.0,4160.381966845566,4032.475176011577,4224.335362262561,3968.5217805945817,AUG26,JUN26,4096.428571428572,5030.32028350812
XAU,3265.0,0.0,0.0,0.0,0.0,0.0,0.0,0.0,0.0,4160.381966845566,4032.475176011577,4224.335362262561,3968.5217805945817,AUG26,JUN26,4096.428571428572,5030.32028350812
XAU,3270.0,0.0,0.0,0.0,0.0,0.0,0.0,0.0,0.0,4160.381966845566,4032.475176011577,4224.335362262561,3968.5217805945817,AUG26,JUN26,4096.428571428572,5030.32028350812
XAU,3275.0,-0.009133728747869826,9.133728747869826e-05,0.0,0.0,0.0,0.0,0.0,0.0,4160.381966845566,4032.475176011577,4224.335362262561,3968.5217805945817,AUG26,JUN26,4096.428571428572,5030.32028350812
XAU,3280.0,0.0,0.0,0.0,0.0,0.0,0.0,0.0,0.0,4160.381966845566,4032.475176011577,4224.335362262561,3968.5217805945817,AUG26,JUN26,4096.428571428572,5030.32028350812
XAU,3285.0,0.0,0.0,0.0,0.0,0.0,0.0,0.0,0.0,4160.381966845566,4032.475176011577,4224.335362262561,3968.5217805945817,AUG26,JUN26,4096.428571428572,5030.32028350812
XAU,3290.0,0.0,0.0,0.0,0.0,0.0,0.0,0.0,0.0,4160.381966845566,4032.475176011577,4224.335362262561,3968.5217805945817,AUG26,JUN26,4096.428571428572,5030.32028350812
XAU,3295.0,0.0,0.0,0.0,0.0,0.0,0.0,0.0,0.0,4160.381966845566,4032.475176011577,4224.335362262561,3968.5217805945817,AUG26,JUN26,4096.428571428572,5030.32028350812
XAU,3300.0,0.6738116778891772,0.006738116778891772,0.0,0.0,0.0,0.0,0.0,0.0,4160.381966845566,4032.475176011577,4224.335362262561,3968.5217805945817,AUG26,JUN26,4096.428571428572,5030.32028350812
XAU,3305.0,0.1577294814552533,0.0015772948145525332,0.0,0.0,0.0,0.0,0.0,0.0,4160.381966845566,4032.475176011577,4224.335362262561,3968.5217805945817,AUG26,JUN26,4096.428571428572,5030.32028350812
XAU,3310.0,0.0,0.0,0.0,0.0,0.0,0.0,0.0,0.0,4160.381966845566,4032.475176011577,4224.335362262561,3968.5217805945817,AUG26,JUN26,4096.428571428572,5030.32028350812
XAU,3315.0,0.007939156612849654,7.939156612849654e-05,0.0,0.0,0.0,0.0,0.0,0.0,4160.381966845566,4032.475176011577,4224.335362262561,3968.5217805945817,AUG26,JUN26,4096.428571428572,5030.32028350812
XAU,3320.0,0.0,0.0,0.0,0.0,0.0,0.0,0.0,0.0,4160.381966845566,4032.475176011577,4224.335362262561,3968.5217805945817,AUG26,JUN26,4096.428571428572,5030.32028350812
XAU,3325.0,0.12561512312460366,0.0012561512312460365,0.0,0.0,0.0,0.0,0.0,0.0,4160.381966845566,4032.475176011577,4224.335362262561,3968.5217805945817,AUG26,JUN26,4096.428571428572,5030.32028350812
XAU,3330.0,0.0,0.0,0.0,0.0,0.0,0.0,0.0,0.0,4160.381966845566,4032.475176011577,4224.335362262561,3968.5217805945817,AUG26,JUN26,4096.428571428572,5030.32028350812
XAU,3335.0,0.0,0.0,0.0,0.0,0.0,0.0,0.0,0.0,4160.381966845566,4032.475176011577,4224.335362262561,3968.5217805945817,AUG26,JUN26,4096.428571428572,5030.32028350812
XAU,3340.0,0.02556570331557272,0.0002556570331557272,0.0,0.0,0.0,0.0,0.0,0.0,4160.381966845566,4032.475176011577,4224.335362262561,3968.5217805945817,AUG26,JUN26,4096.428571428572,5030.32028350812
XAU,3345.0,0.0,0.0,0.0,0.0,0.0,0.0,0.0,0.0,4160.381966845566,4032.475176011577,4224.335362262561,3968.5217805945817,AUG26,JUN26,4096.428571428572,5030.32028350812
XAU,3350.0,1.7119150233225244,0.017119150233225244,0.0,0.0,0.0,0.0,0.0,0.0,4160.381966845566,4032.475176011577,4224.335362262561,3968.5217805945817,AUG26,JUN26,4096.428571428572,5030.32028350812
XAU,3355.0,0.0,0.0,0.0,0.0,0.0,0.0,0.0,0.0,4160.381966845566,4032.475176011577,4224.335362262561,3968.5217805945817,AUG26,JUN26,4096.428571428572,5030.32028350812
XAU,3360.0,0.0,0.0,0.0,0.0,0.0,0.0,0.0,0.0,4160.381966845566,4032.475176011577,4224.335362262561,3968.5217805945817,AUG26,JUN26,4096.428571428572,5030.32028350812
XAU,3365.0,-0.019991291909787,0.00019991291909787,0.0,0.0,0.0,0.0,0.0,0.0,4160.381966845566,4032.475176011577,4224.335362262561,3968.5217805945817,AUG26,JUN26,4096.428571428572,5030.32028350812
XAU,3370.0,0.0,0.0,0.0,0.0,0.0,0.0,0.0,0.0,4160.381966845566,4032.475176011577,4224.335362262561,3968.5217805945817,AUG26,JUN26,4096.428571428572,5030.32028350812
XAU,3375.0,0.0,0.0,0.0,0.0,0.0,0.0,0.0,0.0,4160.381966845566,4032.475176011577,4224.335362262561,3968.5217805945817,AUG26,JUN26,4096.428571428572,5030.32028350812
XAU,3380.0,0.0,0.0,0.0,0.0,0.0,0.0,0.0,0.0,4160.381966845566,4032.475176011577,4224.335362262561,3968.5217805945817,AUG26,JUN26,4096.428571428572,5030.32028350812
XAU,3385.0,0.0,0.0,0.0,0.0,0.0,0.0,0.0,0.0,4160.381966845566,4032.475176011577,4224.335362262561,3968.5217805945817,AUG26,JUN26,4096.428571428572,5030.32028350812
XAU,3390.0,0.027773394478939218,0.0002777339447893922,0.0,0.0,0.0,0.0,0.0,0.0,4160.381966845566,4032.475176011577,4224.335362262561,3968.5217805945817,AUG26,JUN26,4096.428571428572,5030.32028350812
XAU,3395.0,0.0,0.0,0.0,0.0,0.0,0.0,0.0,0.0,4160.381966845566,4032.475176011577,4224.335362262561,3968.5217805945817,AUG26,JUN26,4096.428571428572,5030.32028350812
XAU,3400.0,5.5548056109169,0.055548056109169,0.0,0.0,0.0,0.0,0.0,0.0,4160.381966845566,4032.475176011577,4224.335362262561,3968.5217805945817,AUG26,JUN26,4096.428571428572,5030.32028350812
XAU,3405.0,0.0,0.0,0.0,0.0,0.0,0.0,0.0,0.0,4160.381966845566,4032.475176011577,4224.335362262561,3968.5217805945817,AUG26,JUN26,4096.428571428572,5030.32028350812
XAU,3410.0,0.0,0.0,0.0,0.0,0.0,0.0,0.0,0.0,4160.381966845566,4032.475176011577,4224.335362262561,3968.5217805945817,AUG26,JUN26,4096.428571428572,5030.32028350812
XAU,3415.0,0.0,0.0,0.0,0.0,0.0,0.0,0.0,0.0,4160.381966845566,4032.475176011577,4224.335362262561,3968.5217805945817,AUG26,JUN26,4096.428571428572,5030.32028350812
XAU,3420.0,0.0,0.0,0.0,0.0,0.0,0.0,0.0,0.0,4160.381966845566,4032.475176011577,4224.335362262561,3968.5217805945817,AUG26,JUN26,4096.428571428572,5030.32028350812
XAU,3425.0,0.02998542344096372,0.0002998542344096372,0.0,0.0,0.0,0.0,0.0,0.0,4160.381966845566,4032.475176011577,4224.335362262561,3968.5217805945817,AUG26,JUN26,4096.428571428572,5030.32028350812
XAU,3430.0,0.015120761776039784,0.00015120761776039784,0.0,0.0,0.0,0.0,0.0,0.0,4160.381966845566,4032.475176011577,4224.335362262561,3968.5217805945817,AUG26,JUN26,4096.428571428572,5030.32028350812
XAU,3435.0,0.0,0.0,0.0,0.0,0.0,0.0,0.0,0.0,4160.381966845566,4032.475176011577,4224.335362262561,3968.5217805945817,AUG26,JUN26,4096.428571428572,5030.32028350812
XAU,3440.0,-0.02546661085628536,0.0002546661085628536,0.0,0.0,0.0,0.0,0.0,0.0,4160.381966845566,4032.475176011577,4224.335362262561,3968.5217805945817,AUG26,JUN26,4096.428571428572,5030.32028350812
XAU,3445.0,0.0,0.0,0.0,0.0,0.0,0.0,0.0,0.0,4160.381966845566,4032.475176011577,4224.335362262561,3968.5217805945817,AUG26,JUN26,4096.428571428572,5030.32028350812
XAU,3450.0,0.0,0.0,0.0,0.0,0.0,0.0,0.0,0.0,4160.381966845566,4032.475176011577,4224.335362262561,3968.5217805945817,AUG26,JUN26,4096.428571428572,5030.32028350812
XAU,3455.0,-0.029935594859357123,0.0002993559485935712,0.0,0.0,0.0,0.0,0.0,0.0,4160.381966845566,4032.475176011577,4224.335362262561,3968.5217805945817,AUG26,JUN26,4096.428571428572,5030.32028350812
XAU,3460.0,0.01761633333840812,0.0001761633333840812,0.0,0.0,0.0,0.0,0.0,0.0,4160.381966845566,4032.475176011577,4224.335362262561,3968.5217805945817,AUG26,JUN26,4096.428571428572,5030.32028350812
XAU,3465.0,-0.061430112051122476,0.0006143011205112247,0.0,0.0,0.0,0.0,0.0,0.0,4160.381966845566,4032.475176011577,4224.335362262561,3968.5217805945817,AUG26,JUN26,4096.428571428572,5030.32028350812
XAU,3470.0,0.0,0.0,0.0,0.0,0.0,0.0,0.0,0.0,4160.381966845566,4032.475176011577,4224.335362262561,3968.5217805945817,AUG26,JUN26,4096.428571428572,5030.32028350812
XAU,3475.0,-5.008285006352615,0.050082850063526155,0.0,0.0,0.0,0.0,0.0,0.0,4160.381966845566,4032.475176011577,4224.335362262561,3968.5217805945817,AUG26,JUN26,4096.428571428572,5030.32028350812
XAU,3480.0,-0.8650462463405229,0.008650462463405229,0.0,0.0,0.0,0.0,0.0,0.0,4160.381966845566,4032.475176011577,4224.335362262561,3968.5217805945817,AUG26,JUN26,4096.428571428572,5030.32028350812
XAU,3485.0,0.0,0.0,0.0,0.0,0.0,0.0,0.0,0.0,4160.381966845566,4032.475176011577,4224.335362262561,3968.5217805945817,AUG26,JUN26,4096.428571428572,5030.32028350812
XAU,3490.0,0.0,0.0,0.0,0.0,0.0,0.0,0.0,0.0,4160.381966845566,4032.475176011577,4224.335362262561,3968.5217805945817,AUG26,JUN26,4096.428571428572,5030.32028350812
XAU,3495.0,0.0,0.0,0.0,0.0,0.0,0.0,0.0,0.0,4160.381966845566,4032.475176011577,4224.335362262561,3968.5217805945817,AUG26,JUN26,4096.428571428572,5030.32028350812
XAU,3500.0,-62.38138857582031,0.6286574086059896,0.0,0.0,0.0,0.0,0.0,0.0,4160.381966845566,4032.475176011577,4224.335362262561,3968.5217805945817,AUG26,JUN26,4096.428571428572,5030.32028350812
XAU,3505.0,0.08807879895838056,0.0008807879895838056,0.0,0.0,0.0,0.0,0.0,0.0,4160.381966845566,4032.475176011577,4224.335362262561,3968.5217805945817,AUG26,JUN26,4096.428571428572,5030.32028350812
XAU,3510.0,-7.083335742200582,0.07083335742200582,0.0,0.0,0.0,0.0,0.0,0.0,4160.381966845566,4032.475176011577,4224.335362262561,3968.5217805945817,AUG26,JUN26,4096.428571428572,5030.32028350812
XAU,3515.0,-3.592325253671221,0.03592325253671221,0.0,0.0,0.0,0.0,0.0,0.0,4160.381966845566,4032.475176011577,4224.335362262561,3968.5217805945817,AUG26,JUN26,4096.428571428572,5030.32028350812
XAU,3520.0,0.7984582685747157,0.022777648123473614,0.0,0.0,0.0,0.0,0.0,0.0,4160.381966845566,4032.475176011577,4224.335362262561,3968.5217805945817,AUG26,JUN26,4096.428571428572,5030.32028350812
XAU,3525.0,-9.709546474278053,0.09709546474278052,0.0,0.0,0.0,0.0,0.0,0.0,4160.381966845566,4032.475176011577,4224.335362262561,3968.5217805945817,AUG26,JUN26,4096.428571428572,5030.32028350812
XAU,3530.0,-0.036588317744993076,0.0003658831774499308,0.0,0.0,0.0,0.0,0.0,0.0,4160.381966845566,4032.475176011577,4224.335362262561,3968.5217805945817,AUG26,JUN26,4096.428571428572,5030.32028350812
XAU,3535.0,-0.7423823246285962,0.0074238232462859625,0.0,0.0,0.0,0.0,0.0,0.0,4160.381966845566,4032.475176011577,4224.335362262561,3968.5217805945817,AUG26,JUN26,4096.428571428572,5030.32028350812
XAU,3540.0,-0.03594912416535346,0.00035949124165353456,0.0,0.0,0.0,0.0,0.0,0.0,4160.381966845566,4032.475176011577,4224.335362262561,3968.5217805945817,AUG26,JUN26,4096.428571428572,5030.32028350812
XAU,3545.0,-2.46683158371041,0.025202771683034052,0.0,0.0,0.0,0.0,0.0,0.0,4160.381966845566,4032.475176011577,4224.335362262561,3968.5217805945817,AUG26,JUN26,4096.428571428572,5030.32028350812
XAU,3550.0,-14.512042602843877,0.316599727085299,0.0,0.0,0.0,0.0,0.0,0.0,4160.381966845566,4032.475176011577,4224.335362262561,3968.5217805945817,AUG26,JUN26,4096.428571428572,5030.32028350812
XAU,3555.0,-0.5383986600854099,0.0053839866008540994,0.0,0.0,0.0,0.0,0.0,0.0,4160.381966845566,4032.475176011577,4224.335362262561,3968.5217805945817,AUG26,JUN26,4096.428571428572,5030.32028350812
XAU,3560.0,-4.097888475361021,0.04097888475361021,0.0,0.0,0.0,0.0,0.0,0.0,4160.381966845566,4032.475176011577,4224.335362262561,3968.5217805945817,AUG26,JUN26,4096.428571428572,5030.32028350812
XAU,3565.0,-0.9741383345204729,0.010326540697084184,0.0,0.0,0.0,0.0,0.0,0.0,4160.381966845566,4032.475176011577,4224.335362262561,3968.5217805945817,AUG26,JUN26,4096.428571428572,5030.32028350812
XAU,3570.0,-0.004592595010135855,0.0007513690011071137,0.0,0.0,0.0,0.0,0.0,0.0,4160.381966845566,4032.475176011577,4224.335362262561,3968.5217805945817,AUG26,JUN26,4096.428571428572,5030.32028350812
XAU,3575.0,-1.523465169709993,0.01523465169709993,0.0,0.0,0.0,0.0,0.0,0.0,4160.381966845566,4032.475176011577,4224.335362262561,3968.5217805945817,AUG26,JUN26,4096.428571428572,5030.32028350812
XAU,3580.0,-0.20410836907355867,0.0020410836907355867,0.0,0.0,0.0,0.0,0.0,0.0,4160.381966845566,4032.475176011577,4224.335362262561,3968.5217805945817,AUG26,JUN26,4096.428571428572,5030.32028350812
XAU,3585.0,-15.034361295453204,0.15034361295453202,0.0,0.0,0.0,0.0,0.0,0.0,4160.381966845566,4032.475176011577,4224.335362262561,3968.5217805945817,AUG26,JUN26,4096.428571428572,5030.32028350812
XAU,3590.0,-0.4604026052982632,0.004604026052982632,0.0,0.0,0.0,0.0,0.0,0.0,4160.381966845566,4032.475176011577,4224.335362262561,3968.5217805945817,AUG26,JUN26,4096.428571428572,5030.32028350812
XAU,3595.0,-4.8732972678488515,0.049404546734535496,0.0,0.0,0.0,0.0,0.0,0.0,4160.381966845566,4032.475176011577,4224.335362262561,3968.5217805945817,AUG26,JUN26,4096.428571428572,5030.32028350812
XAU,3600.0,-142.5973066702825,1.44061796552821,0.0,0.0,0.0,0.0,0.0,0.0,4160.381966845566,4032.475176011577,4224.335362262561,3968.5217805945817,AUG26,JUN26,4096.428571428572,5030.32028350812
XAU,3605.0,-0.7620347581874535,0.007620347581874535,0.0,0.0,0.0,0.0,0.0,0.0,4160.381966845566,4032.475176011577,4224.335362262561,3968.5217805945817,AUG26,JUN26,4096.428571428572,5030.32028350812
XAU,3610.0,-2.5262243129608213,0.02956666561560476,0.0,0.0,0.0,0.0,0.0,0.0,4160.381966845566,4032.475176011577,4224.335362262561,3968.5217805945817,AUG26,JUN26,4096.428571428572,5030.32028350812
XAU,3615.0,-0.47917501810069574,0.004791750181006957,0.0,0.0,0.0,0.0,0.0,0.0,4160.381966845566,4032.475176011577,4224.335362262561,3968.5217805945817,AUG26,JUN26,4096.428571428572,5030.32028350812
XAU,3620.0,-1.1925469104622366,0.011925469104622364,0.0,0.0,0.0,0.0,0.0,0.0,4160.381966845566,4032.475176011577,4224.335362262561,3968.5217805945817,AUG26,JUN26,4096.428571428572,5030.32028350812
XAU,3625.0,-18.473280341459983,0.18473280341459983,0.0,0.0,0.0,0.0,0.0,0.0,4160.381966845566,4032.475176011577,4224.335362262561,3968.5217805945817,AUG26,JUN26,4096.428571428572,5030.32028350812
XAU,3630.0,-0.4085436703481513,0.004085436703481513,0.0,0.0,0.0,0.0,0.0,0.0,4160.381966845566,4032.475176011577,4224.335362262561,3968.5217805945817,AUG26,JUN26,4096.428571428572,5030.32028350812
XAU,3635.0,-0.7829445504281367,0.007829445504281366,0.0,0.0,0.0,0.0,0.0,0.0,4160.381966845566,4032.475176011577,4224.335362262561,3968.5217805945817,AUG26,JUN26,4096.428571428572,5030.32028350812
XAU,3640.0,-2.55489611313622,0.025548961131362197,0.0,0.0,0.0,0.0,0.0,0.0,4160.381966845566,4032.475176011577,4224.335362262561,3968.5217805945817,AUG26,JUN26,4096.428571428572,5030.32028350812
XAU,3645.0,-2.554637947261278,0.026381384482264434,0.0,0.0,0.0,0.0,0.0,0.0,4160.381966845566,4032.475176011577,4224.335362262561,3968.5217805945817,AUG26,JUN26,4096.428571428572,5030.32028350812
XAU,3650.0,-32.03703410444134,0.3237790650876251,0.0,0.0,0.0,0.0,0.0,0.0,4160.381966845566,4032.475176011577,4224.335362262561,3968.5217805945817,AUG26,JUN26,4096.428571428572,5030.32028350812
XAU,3655.0,-10.815787990382173,0.10815787990382172,0.0,0.0,0.0,0.0,0.0,0.0,4160.381966845566,4032.475176011577,4224.335362262561,3968.5217805945817,AUG26,JUN26,4096.428571428572,5030.32028350812
XAU,3660.0,0.7395885611020218,0.014816777290473383,0.0,0.0,0.0,0.0,0.0,0.0,4160.381966845566,4032.475176011577,4224.335362262561,3968.5217805945817,AUG26,JUN26,4096.428571428572,5030.32028350812
XAU,3665.0,-2.3998801064492907,0.023998801064492904,0.0,0.0,0.0,0.0,0.0,0.0,4160.381966845566,4032.475176011577,4224.335362262561,3968.5217805945817,AUG26,JUN26,4096.428571428572,5030.32028350812
XAU,3670.0,-3.3016684472934053,0.033943446865895024,0.0,0.0,0.0,0.0,0.0,0.0,4160.381966845566,4032.475176011577,4224.335362262561,3968.5217805945817,AUG26,JUN26,4096.428571428572,5030.32028350812
XAU,3675.0,-4.0800055076804975,0.04174614458648601,0.0,0.0,0.0,0.0,0.0,0.0,4160.381966845566,4032.475176011577,4224.335362262561,3968.5217805945817,AUG26,JUN26,4096.428571428572,5030.32028350812
XAU,3680.0,-1.4377432033355666,0.014377432033355666,0.0,0.0,0.0,0.0,0.0,0.0,4160.381966845566,4032.475176011577,4224.335362262561,3968.5217805945817,AUG26,JUN26,4096.428571428572,5030.32028350812
XAU,3685.0,-0.9031193564266367,0.010016403507455762,0.0,0.0,0.0,0.0,0.0,0.0,4160.381966845566,4032.475176011577,4224.335362262561,3968.5217805945817,AUG26,JUN26,4096.428571428572,5030.32028350812
XAU,3690.0,-7.174696926215894,0.07174696926215894,0.0,0.0,0.0,0.0,0.0,0.0,4160.381966845566,4032.475176011577,4224.335362262561,3968.5217805945817,AUG26,JUN26,4096.428571428572,5030.32028350812
XAU,3695.0,-0.8928935982692608,0.00892893598269261,0.0,0.0,0.0,0.0,0.0,0.0,4160.381966845566,4032.475176011577,4224.335362262561,3968.5217805945817,AUG26,JUN26,4096.428571428572,5030.32028350812
XAU,3700.0,-43.01104787621212,0.47456187629549457,0.0,0.0,0.0,0.0,0.0,0.0,4160.381966845566,4032.475176011577,4224.335362262561,3968.5217805945817,AUG26,JUN26,4096.428571428572,5030.32028350812
XAU,3705.0,-13.553790929035925,0.13553790929035925,0.0,0.0,0.0,0.0,0.0,0.0,4160.381966845566,4032.475176011577,4224.335362262561,3968.5217805945817,AUG26,JUN26,4096.428571428572,5030.32028350812
XAU,3710.0,-5.515820433963733,0.055158204339637334,0.0,0.0,0.0,0.0,0.0,0.0,4160.381966845566,4032.475176011577,4224.335362262561,3968.5217805945817,AUG26,JUN26,4096.428571428572,5030.32028350812
XAU,3715.0,-21.054583058293183,0.24383317286641085,0.0,0.0,0.0,0.0,0.0,0.0,4160.381966845566,4032.475176011577,4224.335362262561,3968.5217805945817,AUG26,JUN26,4096.428571428572,5030.32028350812
XAU,3720.0,-14.138225255662269,0.14251355843278882,0.0,0.0,0.0,0.0,0.0,0.0,4160.381966845566,4032.475176011577,4224.335362262561,3968.5217805945817,AUG26,JUN26,4096.428571428572,5030.32028350812
XAU,3725.0,-10.114164158387998,0.10114164158388,0.0,0.0,0.0,0.0,0.0,0.0,4160.381966845566,4032.475176011577,4224.335362262561,3968.5217805945817,AUG26,JUN26,4096.428571428572,5030.32028350812
XAU,3730.0,-38.03947525608352,0.3803947525608352,0.0,0.0,0.0,0.0,0.0,0.0,4160.381966845566,4032.475176011577,4224.335362262561,3968.5217805945817,AUG26,JUN26,4096.428571428572,5030.32028350812
XAU,3735.0,-24.46182858385316,0.24581639397852836,0.0,0.0,0.0,0.0,0.0,0.0,4160.381966845566,4032.475176011577,4224.335362262561,3968.5217805945817,AUG26,JUN26,4096.428571428572,5030.32028350812
XAU,3740.0,-6.902558040745766,0.06902558040745765,0.0,0.0,0.0,0.0,0.0,0.0,4160.381966845566,4032.475176011577,4224.335362262561,3968.5217805945817,AUG26,JUN26,4096.428571428572,5030.32028350812
XAU,3745.0,-2.633643424478413,0.026336434244784133,0.0,0.0,0.0,0.0,0.0,0.0,4160.381966845566,4032.475176011577,4224.335362262561,3968.5217805945817,AUG26,JUN26,4096.428571428572,5030.32028350812
XAU,3750.0,-45.7612454707524,0.4601368629386456,0.0,0.0,0.0,0.0,0.0,0.0,4160.381966845566,4032.475176011577,4224.335362262561,3968.5217805945817,AUG26,JUN26,4096.428571428572,5030.32028350812
XAU,3755.0,-19.810742106846266,0.19939742604976757,0.0,0.0,0.0,0.0,0.0,0.0,4160.381966845566,4032.475176011577,4224.335362262561,3968.5217805945817,AUG26,JUN26,4096.428571428572,5030.32028350812
XAU,3760.0,-12.158154952667836,0.12158154952667835,0.0,0.0,0.0,0.0,0.0,0.0,4160.381966845566,4032.475176011577,4224.335362262561,3968.5217805945817,AUG26,JUN26,4096.428571428572,5030.32028350812
XAU,3765.0,-12.758239110595587,0.12758239110595587,0.0,0.0,0.0,0.0,0.0,0.0,4160.381966845566,4032.475176011577,4224.335362262561,3968.5217805945817,AUG26,JUN26,4096.428571428572,5030.32028350812
XAU,3770.0,-7.2461473262374145,0.07246147326237415,0.0,0.0,0.0,0.0,0.0,0.0,4160.381966845566,4032.475176011577,4224.335362262561,3968.5217805945817,AUG26,JUN26,4096.428571428572,5030.32028350812
XAU,3775.0,-20.74053021535132,0.21294877599505607,0.0,0.0,0.0,0.0,0.0,0.0,4160.381966845566,4032.475176011577,4224.335362262561,3968.5217805945817,AUG26,JUN26,4096.428571428572,5030.32028350812
XAU,3780.0,-0.4440757716888135,0.05662423928199185,0.0,0.0,0.0,0.0,0.0,0.0,4160.381966845566,4032.475176011577,4224.335362262561,3968.5217805945817,AUG26,JUN26,4096.428571428572,5030.32028350812
XAU,3785.0,-5.8886906920557625,0.05888690692055762,0.0,0.0,0.0,0.0,0.0,0.0,4160.381966845566,4032.475176011577,4224.335362262561,3968.5217805945817,AUG26,JUN26,4096.428571428572,5030.32028350812
XAU,3790.0,-1.288707723621707,0.11069639395057174,0.0,0.0,0.0,0.0,0.0,0.0,4160.381966845566,4032.475176011577,4224.335362262561,3968.5217805945817,AUG26,JUN26,4096.428571428572,5030.32028350812
XAU,3795.0,-6.421667288115134,0.06421667288115133,0.0,0.0,0.0,0.0,0.0,0.0,4160.381966845566,4032.475176011577,4224.335362262561,3968.5217805945817,AUG26,JUN26,4096.428571428572,5030.32028350812
XAU,3800.0,-6.19355064807711,0.5293043196157277,0.0,0.0,0.0,0.0,0.0,0.0,4160.381966845566,4032.475176011577,4224.335362262561,3968.5217805945817,AUG26,JUN26,4096.428571428572,5030.32028350812
XAU,3805.0,-8.440471065314583,0.08440471065314582,0.0,0.0,0.0,0.0,0.0,0.0,4160.381966845566,4032.475176011577,4224.335362262561,3968.5217805945817,AUG26,JUN26,4096.428571428572,5030.32028350812
XAU,3810.0,-8.798556833290677,0.08798556833290677,0.0,0.0,0.0,0.0,0.0,0.0,4160.381966845566,4032.475176011577,4224.335362262561,3968.5217805945817,AUG26,JUN26,4096.428571428572,5030.32028350812
XAU,3815.0,-19.854015748976746,0.19854015748976747,0.0,0.0,0.0,0.0,0.0,0.0,4160.381966845566,4032.475176011577,4224.335362262561,3968.5217805945817,AUG26,JUN26,4096.428571428572,5030.32028350812
XAU,3820.0,-6.319351346614975,0.06803051899316857,0.0,0.0,0.0,0.0,0.0,0.0,4160.381966845566,4032.475176011577,4224.335362262561,3968.5217805945817,AUG26,JUN26,4096.428571428572,5030.32028350812
XAU,3825.0,-30.514691378919167,0.3051469137891917,0.0,0.0,0.0,0.0,0.0,0.0,4160.381966845566,4032.475176011577,4224.335362262561,3968.5217805945817,AUG26,JUN26,4096.428571428572,5030.32028350812
XAU,3830.0,-5.344075384116973,0.053440753841169725,0.0,0.0,0.0,0.0,0.0,0.0,4160.381966845566,4032.475176011577,4224.335362262561,3968.5217805945817,AUG26,JUN26,4096.428571428572,5030.32028350812
XAU,3835.0,-6.334732932223626,0.06334732932223626,0.0,0.0,0.0,0.0,0.0,0.0,4160.381966845566,4032.475176011577,4224.335362262561,3968.5217805945817,AUG26,JUN26,4096.428571428572,5030.32028350812
XAU,3840.0,-15.077805484422782,0.15249509995751678,0.0,0.0,0.0,0.0,0.0,0.0,4160.381966845566,4032.475176011577,4224.335362262561,3968.5217805945817,AUG26,JUN26,4096.428571428572,5030.32028350812
XAU,3845.0,-2.4158294233055027,0.024158294233055027,0.0,0.0,0.0,0.0,0.0,0.0,4160.381966845566,4032.475176011577,4224.335362262561,3968.5217805945817,AUG26,JUN26,4096.428571428572,5030.32028350812
XAU,3850.0,-64.8131537740839,0.6740310291186026,0.0,0.0,0.0,0.0,0.0,0.0,4160.381966845566,4032.475176011577,4224.335362262561,3968.5217805945817,AUG26,JUN26,4096.428571428572,5030.32028350812
XAU,3855.0,-6.745471370328378,0.06745471370328378,0.0,0.0,0.0,0.0,0.0,0.0,4160.381966845566,4032.475176011577,4224.335362262561,3968.5217805945817,AUG26,JUN26,4096.428571428572,5030.32028350812
XAU,3860.0,-1.8175889310996054,0.018175889310996056,0.0,0.0,0.0,0.0,0.0,0.0,4160.381966845566,4032.475176011577,4224.335362262561,3968.5217805945817,AUG26,JUN26,4096.428571428572,5030.32028350812
XAU,3865.0,-3.10870480366345,0.0310870480366345,0.0,0.0,0.0,0.0,0.0,0.0,4160.381966845566,4032.475176011577,4224.335362262561,3968.5217805945817,AUG26,JUN26,4096.428571428572,5030.32028350812
XAU,3870.0,-2.6521430633548144,0.026521430633548147,0.0,0.0,0.0,0.0,0.0,0.0,4160.381966845566,4032.475176011577,4224.335362262561,3968.5217805945817,AUG26,JUN26,4096.428571428572,5030.32028350812
XAU,3875.0,-18.01282197602761,0.18156612048310417,0.0,0.0,0.0,0.0,0.0,0.0,4160.381966845566,4032.475176011577,4224.335362262561,3968.5217805945817,AUG26,JUN26,4096.428571428572,5030.32028350812
XAU,3880.0,-15.414367892695479,0.1541436789269548,0.0,0.0,0.0,0.0,0.0,0.0,4160.381966845566,4032.475176011577,4224.335362262561,3968.5217805945817,AUG26,JUN26,4096.428571428572,5030.32028350812
XAU,3885.0,-17.42381290894761,0.2035642223168355,0.0,0.0,0.0,0.0,0.0,0.0,4160.381966845566,4032.475176011577,4224.335362262561,3968.5217805945817,AUG26,JUN26,4096.428571428572,5030.32028350812
XAU,3890.0,-9.38251458252167,0.10175047954517845,0.0,0.0,0.0,0.0,0.0,0.0,4160.381966845566,4032.475176011577,4224.335362262561,3968.5217805945817,AUG26,JUN26,4096.428571428572,5030.32028350812
XAU,3895.0,-16.427787520278077,0.19037909646468176,0.0,0.0,0.0,0.0,0.0,0.0,4160.381966845566,4032.475176011577,4224.335362262561,3968.5217805945817,AUG26,JUN26,4096.428571428572,5030.32028350812
XAU,3900.0,-236.61866451921492,2.738856068314103,0.0,0.0,0.0,0.0,0.0,0.0,4160.381966845566,4032.475176011577,4224.335362262561,3968.5217805945817,AUG26,JUN26,4096.428571428572,5030.32028350812
XAU,3905.0,-8.314811928146389,0.0831481192814639,0.0,0.0,0.0,0.0,0.0,0.0,4160.381966845566,4032.475176011577,4224.335362262561,3968.5217805945817,AUG26,JUN26,4096.428571428572,5030.32028350812
XAU,3910.0,-0.6472284484291113,0.0064722844842911124,0.0,0.0,0.0,0.0,0.0,0.0,4160.381966845566,4032.475176011577,4224.335362262561,3968.5217805945817,AUG26,JUN26,4096.428571428572,5030.32028350812
XAU,3915.0,-18.62932969998401,0.21585988943874448,0.0,0.0,0.0,0.0,0.0,0.0,4160.381966845566,4032.475176011577,4224.335362262561,3968.5217805945817,AUG26,JUN26,4096.428571428572,5030.32028350812
XAU,3920.0,-9.56444343728372,0.09778253045062525,0.0,0.0,0.0,0.0,0.0,0.0,4160.381966845566,4032.475176011577,4224.335362262561,3968.5217805945817,AUG26,JUN26,4096.428571428572,5030.32028350812
XAU,3925.0,-43.64590971159189,0.46484662952089356,0.0,0.0,0.0,0.0,0.0,0.0,4160.381966845566,4032.475176011577,4224.335362262561,3968.5217805945817,AUG26,JUN26,4096.428571428572,5030.32028350812
XAU,3930.0,-13.418957795685076,0.15608661399746876,0.0,0.0,0.0,0.0,0.0,0.0,4160.381966845566,4032.475176011577,4224.335362262561,3968.5217805945817,AUG26,JUN26,4096.428571428572,5030.32028350812
XAU,3935.0,-19.21271764459086,0.1921271764459086,0.0,0.0,0.0,0.0,0.0,0.0,4160.381966845566,4032.475176011577,4224.335362262561,3968.5217805945817,AUG26,JUN26,4096.428571428572,5030.32028350812
XAU,3940.0,-3.3071002422690565,0.06308898539480061,0.0,0.0,0.0,0.0,0.0,0.0,4160.381966845566,4032.475176011577,4224.335362262561,3968.5217805945817,AUG26,JUN26,4096.428571428572,5030.32028350812
XAU,3945.0,-46.17393298577719,0.4640041240299302,0.0,0.0,0.0,0.0,0.0,0.0,4160.381966845566,4032.475176011577,4224.335362262561,3968.5217805945817,AUG26,JUN26,4096.428571428572,5030.32028350812
XAU,3950.0,-63.095253586113856,0.8960003994255793,0.0,0.0,0.0,0.0,0.0,0.0,4160.381966845566,4032.475176011577,4224.335362262561,3968.5217805945817,AUG26,JUN26,4096.428571428572,5030.32028350812
XAU,3955.0,-8.188890041037634,0.12347869103126956,0.0,0.0,0.0,0.0,0.0,0.0,4160.381966845566,4032.475176011577,4224.335362262561,3968.5217805945817,AUG26,JUN26,4096.428571428572,5030.32028350812
XAU,3960.0,-12.297581116912248,0.13850632555453424,0.0,0.0,0.0,0.0,0.0,0.0,4160.381966845566,4032.475176011577,4224.335362262561,3968.5217805945817,AUG26,JUN26,4096.428571428572,5030.32028350812
XAU,3965.0,-12.486325586406773,0.12649615342352175,0.0,0.0,0.0,0.0,0.0,0.0,4160.381966845566,4032.475176011577,4224.335362262561,3968.5217805945817,AUG26,JUN26,4096.428571428572,5030.32028350812
XAU,3970.0,-21.83667190215157,0.2183667190215157,0.0,0.0,0.0,0.0,0.0,0.0,4160.381966845566,4032.475176011577,4224.335362262561,3968.5217805945817,AUG26,JUN26,4096.428571428572,5030.32028350812
XAU,3975.0,-119.32025558231857,1.254829705306817,0.0,0.0,0.0,0.0,0.0,0.0,4160.381966845566,4032.475176011577,4224.335362262561,3968.5217805945817,AUG26,JUN26,4096.428571428572,5030.32028350812
XAU,3980.0,-5.861066211439477,0.12571164960319287,0.0,0.0,0.0,0.0,0.0,0.0,4160.381966845566,4032.475176011577,4224.335362262561,3968.5217805945817,AUG26,JUN26,4096.428571428572,5030.32028350812
XAU,3985.0,-10.274504392888154,0.1051948945160035,0.0,0.0,0.0,0.0,0.0,0.0,4160.381966845566,4032.475176011577,4224.335362262561,3968.5217805945817,AUG26,JUN26,4096.428571428572,5030.32028350812
XAU,3990.0,-21.92348381920513,0.2300537151575018,0.0,0.0,0.0,0.0,0.0,0.0,4160.381966845566,4032.475176011577,4224.335362262561,3968.5217805945817,AUG26,JUN26,4096.428571428572,5030.32028350812
XAU,3995.0,-14.504252681070625,0.3587842550176181,0.0,0.0,0.0,0.0,0.0,0.0,4160.381966845566,4032.475176011577,4224.335362262561,3968.5217805945817,AUG26,JUN26,4096.428571428572,5030.32028350812
XAU,4000.0,-206.47448128840085,2.9135815012891104,0.0,0.0,0.0,0.0,0.0,0.0,4160.381966845566,4032.475176011577,4224.335362262561,3968.5217805945817,AUG26,JUN26,4096.428571428572,5030.32028350812
XAU,4005.0,-19.2171631713702,0.24529508664265598,0.0,0.0,0.0,0.0,0.0,0.0,4160.381966845566,4032.475176011577,4224.335362262561,3968.5217805945817,AUG26,JUN26,4096.428571428572,5030.32028350812
XAU,4010.0,-9.724677085373417,0.17584263342063342,0.0,0.0,0.0,0.0,0.0,0.0,4160.381966845566,4032.475176011577,4224.335362262561,3968.5217805945817,AUG26,JUN26,4096.428571428572,5030.32028350812
XAU,4015.0,-25.274412355643825,0.3131851375237561,0.0,0.0,0.0,0.0,0.0,0.0,4160.381966845566,4032.475176011577,4224.335362262561,3968.5217805945817,AUG26,JUN26,4096.428571428572,5030.32028350812
XAU,4020.0,-0.02918169466735432,0.2895749674550424,0.0,0.0,0.0,0.0,0.0,0.0,4160.381966845566,4032.475176011577,4224.335362262561,3968.5217805945817,AUG26,JUN26,4096.428571428572,5030.32028350812
XAU,4025.0,-166.5767877484025,2.2498777008372355,0.0,0.0,0.0,0.0,0.0,0.0,4160.381966845566,4032.475176011577,4224.335362262561,3968.5217805945817,AUG26,JUN26,4096.428571428572,5030.32028350812
XAU,4030.0,-4.025055132261063,0.19333999172769098,0.0,0.0,0.0,0.0,0.0,0.0,4160.381966845566,4032.475176011577,4224.335362262561,3968.5217805945817,AUG26,JUN26,4096.428571428572,5030.32028350812
XAU,4035.0,-3.0806669612749373,0.1003163761197824,0.0,0.0,0.0,0.0,0.0,0.0,4160.381966845566,4032.475176011577,4224.335362262561,3968.5217805945817,AUG26,JUN26,4096.428571428572,5030.32028350812
XAU,4040.0,17.532420836710088,0.3269584349496412,0.0,0.0,0.0,0.0,0.0,0.0,4160.381966845566,4032.475176011577,4224.335362262561,3968.5217805945817,AUG26,JUN26,4096.428571428572,5030.32028350812
XAU,4045.0,3.5884379051829702,0.3716469374198242,0.0,0.0,0.0,0.0,0.0,0.0,4160.381966845566,4032.475176011577,4224.335362262561,3968.5217805945817,AUG26,JUN26,4096.428571428572,5030.32028350812
XAU,4050.0,-23.35091299638556,1.3377685534192383,0.0,0.0,0.0,0.0,0.0,0.0,4160.381966845566,4032.475176011577,4224.335362262561,3968.5217805945817,AUG26,JUN26,4096.428571428572,5030.32028350812
XAU,4055.0,-10.116547816775821,0.20081099723640122,0.0,0.0,0.0,0.0,0.0,0.0,4160.381966845566,4032.475176011577,4224.335362262561,3968.5217805945817,AUG26,JUN26,4096.428571428572,5030.32028350812
XAU,4060.0,-58.134473082032244,0.8581143064583254,0.0,0.0,0.0,0.0,0.0,0.0,4160.381966845566,4032.475176011577,4224.335362262561,3968.5217805945817,AUG26,JUN26,4096.428571428572,5030.32028350812
XAU,4065.0,-16.714055686136835,0.31193018592576355,0.0,0.0,0.0,0.0,0.0,0.0,4160.381966845566,4032.475176011577,4224.335362262561,3968.5217805945817,AUG26,JUN26,4096.428571428572,5030.32028350812
XAU,4070.0,-48.22852103254198,0.5848114229265579,0.0,0.0,0.0,0.0,0.0,0.0,4160.381966845566,4032.475176011577,4224.335362262561,3968.5217805945817,AUG26,JUN26,4096.428571428572,5030.32028350812
XAU,4075.0,-131.81247465321215,1.979576620424651,0.0,0.0,0.0,0.0,0.0,0.0,4160.381966845566,4032.475176011577,4224.335362262561,3968.5217805945817,AUG26,JUN26,4096.428571428572,5030.32028350812
XAU,4080.0,-44.42593385722051,0.6002576571358345,0.0,0.0,0.0,0.0,0.0,0.0,4160.381966845566,4032.475176011577,4224.335362262561,3968.5217805945817,AUG26,JUN26,4096.428571428572,5030.32028350812
XAU,4085.0,-5.199310259922379,0.3119367040802462,0.0,0.0,0.0,0.0,0.0,0.0,4160.381966845566,4032.475176011577,4224.335362262561,3968.5217805945817,AUG26,JUN26,4096.428571428572,5030.32028350812
XAU,4090.0,-65.21505001800973,0.7334227867540135,0.0,0.0,0.0,0.0,0.0,0.0,4160.381966845566,4032.475176011577,4224.335362262561,3968.5217805945817,AUG26,JUN26,4096.428571428572,5030.32028350812
XAU,4095.0,292.2407309573233,3.086631432457072,0.0,0.0,26.1,1.0,0.0,0.0,4160.381966845566,4032.475176011577,4224.335362262561,3968.5217805945817,AUG26,JUN26,4096.428571428572,5030.32028350812
XAU,4100.0,-191.6978266886763,4.407306785694205,0.0,0.0,0.0,0.0,0.0,0.0,4160.381966845566,4032.475176011577,4224.335362262561,3968.5217805945817,AUG26,JUN26,4096.428571428572,5030.32028350812
XAU,4105.0,-6.117743089157155,0.07970463517742533,0.0,0.0,0.0,0.0,0.0,0.0,4160.381966845566,4032.475176011577,4224.335362262561,3968.5217805945817,AUG26,JUN26,4096.428571428572,5030.32028350812
XAU,4110.0,-9.32457772626013,0.2311310673593979,0.0,0.0,0.0,0.0,0.0,0.0,4160.381966845566,4032.475176011577,4224.335362262561,3968.5217805945817,AUG26,JUN26,4096.428571428572,5030.32028350812
XAU,4115.0,-2.149673177176703,0.05226868456381357,0.0,0.0,0.0,0.0,0.0,0.0,4160.381966845566,4032.475176011577,4224.335362262561,3968.5217805945817,AUG26,JUN26,4096.428571428572,5030.32028350812
XAU,4120.0,-17.927180644846246,0.5240262419935053,0.0,0.0,0.0,0.0,0.0,0.0,4160.381966845566,4032.475176011577,4224.335362262561,3968.5217805945817,AUG26,JUN26,4096.428571428572,5030.32028350812
XAU,4125.0,-27.459942240658183,0.8384597762187092,0.0,0.0,0.0,0.0,0.0,0.0,4160.381966845566,4032.475176011577,4224.335362262561,3968.5217805945817,AUG26,JUN26,4096.428571428572,5030.32028350812
XAU,4130.0,-16.297102889234345,0.19240999848487392,0.0,0.0,0.0,0.0,0.0,0.0,4160.381966845566,4032.475176011577,4224.335362262561,3968.5217805945817,AUG26,JUN26,4096.428571428572,5030.32028350812
XAU,4135.0,1.9025088327161908,0.11133190736148979,11.5,10.0,0.0,0.0,0.0,0.0,4160.381966845566,4032.475176011577,4224.335362262561,3968.5217805945817,AUG26,JUN26,4096.428571428572,5030.32028350812
XAU,4140.0,0.3982680502348819,0.18356337229598368,0.0,0.0,0.0,0.0,0.0,0.0,4160.381966845566,4032.475176011577,4224.335362262561,3968.5217805945817,AUG26,JUN26,4096.428571428572,5030.32028350812
XAU,4145.0,-9.537114452280086,0.10375159147537706,0.0,0.0,0.0,0.0,0.0,0.0,4160.381966845566,4032.475176011577,4224.335362262561,3968.5217805945817,AUG26,JUN26,4096.428571428572,5030.32028350812
XAU,4150.0,-49.04358052042554,1.6248976746069332,0.0,0.0,0.0,0.0,0.0,0.0,4160.381966845566,4032.475176011577,4224.335362262561,3968.5217805945817,AUG26,JUN26,4096.428571428572,5030.32028350812
XAU,4155.0,-10.677037602661226,0.15079920922712262,0.0,0.0,0.0,0.0,0.0,0.0,4160.381966845566,4032.475176011577,4224.335362262561,3968.5217805945817,AUG26,JUN26,4096.428571428572,5030.32028350812
XAU,4160.0,-17.193468657541832,0.5065873899029515,0.0,0.0,0.0,0.0,0.0,0.0,4160.381966845566,4032.475176011577,4224.335362262561,3968.5217805945817,AUG26,JUN26,4096.428571428572,5030.32028350812
XAU,4165.0,-4.801950117014121,0.1068170642306593,0.0,0.0,0.0,0.0,0.0,0.0,4160.381966845566,4032.475176011577,4224.335362262561,3968.5217805945817,AUG26,JUN26,4096.428571428572,5030.32028350812
XAU,4170.0,-19.362500069711654,0.20499252263170198,0.0,0.0,0.0,0.0,0.0,0.0,4160.381966845566,4032.475176011577,4224.335362262561,3968.5217805945817,AUG26,JUN26,4096.428571428572,5030.32028350812
XAU,4175.0,-73.39068541328679,0.868052229029654,0.0,0.0,0.0,0.0,0.0,0.0,4160.381966845566,4032.475176011577,4224.335362262561,3968.5217805945817,AUG26,JUN26,4096.428571428572,5030.32028350812
XAU,4180.0,-20.965100599600945,0.28394205142330975,0.0,0.0,0.0,0.0,0.0,0.0,4160.381966845566,4032.475176011577,4224.335362262561,3968.5217805945817,AUG26,JUN26,4096.428571428572,5030.32028350812
XAU,4185.0,-20.604166589337844,0.3974622263682465,0.0,0.0,0.0,0.0,0.0,0.0,4160.381966845566,4032.475176011577,4224.335362262561,3968.5217805945817,AUG26,JUN26,4096.428571428572,5030.32028350812
XAU,4190.0,-1.1219289508570258,0.04915947004410038,0.0,0.0,0.0,0.0,0.0,0.0,4160.381966845566,4032.475176011577,4224.335362262561,3968.5217805945817,AUG26,JUN26,4096.428571428572,5030.32028350812
XAU,4195.0,-29.589890475792178,0.3841246108328291,0.0,0.0,0.0,0.0,0.0,0.0,4160.381966845566,4032.475176011577,4224.335362262561,3968.5217805945817,AUG26,JUN26,4096.428571428572,5030.32028350812
XAU,4200.0,-128.5939344725538,1.4293836166365799,0.0,0.0,0.0,0.0,0.0,0.0,4160.381966845566,4032.475176011577,4224.335362262561,3968.5217805945817,AUG26,JUN26,4096.428571428572,5030.32028350812
XAU,4205.0,-51.00256184576382,0.5467934091632128,0.0,0.0,0.0,0.0,0.0,0.0,4160.381966845566,4032.475176011577,4224.335362262561,3968.5217805945817,AUG26,JUN26,4096.428571428572,5030.32028350812
XAU,4210.0,-14.1080878083139,0.18218455414728169,0.0,0.0,0.0,0.0,0.0,0.0,4160.381966845566,4032.475176011577,4224.335362262561,3968.5217805945817,AUG26,JUN26,4096.428571428572,5030.32028350812
XAU,4215.0,-16.703915349061475,0.17016741773875738,0.0,0.0,0.0,0.0,0.0,0.0,4160.381966845566,4032.475176011577,4224.335362262561,3968.5217805945817,AUG26,JUN26,4096.428571428572,5030.32028350812
XAU,4220.0,-10.050221087239992,0.42629798744536024,0.0,0.0,0.0,0.0,0.0,0.0,4160.381966845566,4032.475176011577,4224.335362262561,3968.5217805945817,AUG26,JUN26,4096.428571428572,5030.32028350812
XAU,4225.0,-59.557339207116925,0.6649182351715571,0.0,0.0,0.0,0.0,0.0,0.0,4160.381966845566,4032.475176011577,4224.335362262561,3968.5217805945817,AUG26,JUN26,4096.428571428572,5030.32028350812
XAU,4230.0,-19.60298769971921,0.24911640348464095,0.0,0.0,0.0,0.0,0.0,0.0,4160.381966845566,4032.475176011577,4224.335362262561,3968.5217805945817,AUG26,JUN26,4096.428571428572,5030.32028350812
XAU,4235.0,-8.298289740012303,0.13902789005219102,0.0,0.0,0.0,0.0,0.0,0.0,4160.381966845566,4032.475176011577,4224.335362262561,3968.5217805945817,AUG26,JUN26,4096.428571428572,5030.32028350812
XAU,4240.0,-23.185002853891945,0.2801545591593274,0.0,0.0,0.0,0.0,0.0,0.0,4160.381966845566,4032.475176011577,4224.335362262561,3968.5217805945817,AUG26,JUN26,4096.428571428572,5030.32028350812
XAU,4245.0,-21.41963763448582,0.5692843664449182,0.0,0.0,0.0,0.0,0.0,0.0,4160.381966845566,4032.475176011577,4224.335362262561,3968.5217805945817,AUG26,JUN26,4096.428571428572,5030.32028350812
XAU,4250.0,-131.69633040380032,1.5085281023553416,0.0,0.0,0.0,0.0,0.0,0.0,4160.381966845566,4032.475176011577,4224.335362262561,3968.5217805945817,AUG26,JUN26,4096.428571428572,5030.32028350812
XAU,4255.0,-0.8530595419250631,0.09511702913727418,0.0,0.0,0.0,0.0,0.0,0.0,4160.381966845566,4032.475176011577,4224.335362262561,3968.5217805945817,AUG26,JUN26,4096.428571428572,5030.32028350812
XAU,4260.0,-19.326860094108238,0.21166469671251123,0.0,0.0,0.0,0.0,0.0,0.0,4160.381966845566,4032.475176011577,4224.335362262561,3968.5217805945817,AUG26,JUN26,4096.428571428572,5030.32028350812
XAU,4265.0,-22.465540085283823,0.22923259489339615,0.0,0.0,0.0,0.0,0.0,0.0,4160.381966845566,4032.475176011577,4224.335362262561,3968.5217805945817,AUG26,JUN26,4096.428571428572,5030.32028350812
XAU,4270.0,-58.098921475197166,0.709342780645287,0.0,0.0,0.0,0.0,0.0,0.0,4160.381966845566,4032.475176011577,4224.335362262561,3968.5217805945817,AUG26,JUN26,4096.428571428572,5030.32028350812
XAU,4275.0,-54.56996967589146,0.8223789274047648,0.0,0.0,0.0,0.0,0.0,0.0,4160.381966845566,4032.475176011577,4224.335362262561,3968.5217805945817,AUG26,JUN26,4096.428571428572,5030.32028350812
XAU,4280.0,-63.578756666797545,0.6406400418800374,0.0,0.0,0.0,0.0,0.0,0.0,4160.381966845566,4032.475176011577,4224.335362262561,3968.5217805945817,AUG26,JUN26,4096.428571428572,5030.32028350812
XAU,4285.0,-28.892621912782385,0.3759886177058889,0.0,0.0,0.0,0.0,0.0,0.0,4160.381966845566,4032.475176011577,4224.335362262561,3968.5217805945817,AUG26,JUN26,4096.428571428572,5030.32028350812
XAU,4290.0,-47.716584441068136,0.5510505526560453,0.0,0.0,0.0,0.0,0.0,0.0,4160.381966845566,4032.475176011577,4224.335362262561,3968.5217805945817,AUG26,JUN26,4096.428571428572,5030.32028350812
XAU,4295.0,16.240437187422042,0.26947586073738716,0.0,0.0,0.0,0.0,0.0,0.0,4160.381966845566,4032.475176011577,4224.335362262561,3968.5217805945817,AUG26,JUN26,4096.428571428572,5030.32028350812
XAU,4300.0,-365.82598004750645,4.848666195354184,0.0,0.0,0.0,0.0,0.0,0.0,4160.381966845566,4032.475176011577,4224.335362262561,3968.5217805945817,AUG26,JUN26,4096.428571428572,5030.32028350812
XAU,4305.0,-67.52799012761461,0.6935249344493899,0.0,0.0,0.0,0.0,0.0,0.0,4160.381966845566,4032.475176011577,4224.335362262561,3968.5217805945817,AUG26,JUN26,4096.428571428572,5030.32028350812
XAU,4310.0,7.361552385648296,0.13277755041392905,0.0,0.0,0.0,0.0,0.0,0.0,4160.381966845566,4032.475176011577,4224.335362262561,3968.5217805945817,AUG26,JUN26,4096.428571428572,5030.32028350812
XAU,4315.0,-17.984925301988305,0.18250789936378198,0.0,0.0,0.0,0.0,0.0,0.0,4160.381966845566,4032.475176011577,4224.335362262561,3968.5217805945817,AUG26,JUN26,4096.428571428572,5030.32028350812
XAU,4320.0,-29.950045466125246,0.4172345209164048,0.0,0.0,0.0,0.0,0.0,0.0,4160.381966845566,4032.475176011577,4224.335362262561,3968.5217805945817,AUG26,JUN26,4096.428571428572,5030.32028350812
XAU,4325.0,-109.84606238980707,1.164758039896349,0.0,0.0,0.0,0.0,0.0,0.0,4160.381966845566,4032.475176011577,4224.335362262561,3968.5217805945817,AUG26,JUN26,4096.428571428572,5030.32028350812
XAU,4330.0,-0.6513004476978534,0.013943440004278402,0.0,0.0,0.0,0.0,0.0,0.0,4160.381966845566,4032.475176011577,4224.335362262561,3968.5217805945817,AUG26,JUN26,4096.428571428572,5030.32028350812
XAU,4335.0,-1.9014857037484274,0.02049588673428578,0.0,0.0,0.0,0.0,0.0,0.0,4160.381966845566,4032.475176011577,4224.335362262561,3968.5217805945817,AUG26,JUN26,4096.428571428572,5030.32028350812
XAU,4340.0,-23.16351386250094,0.2336016349856032,0.0,0.0,0.0,0.0,0.0,0.0,4160.381966845566,4032.475176011577,4224.335362262561,3968.5217805945817,AUG26,JUN26,4096.428571428572,5030.32028350812
XAU,4345.0,-6.671552636724094,0.09659604184239948,0.0,0.0,0.0,0.0,0.0,0.0,4160.381966845566,4032.475176011577,4224.335362262561,3968.5217805945817,AUG26,JUN26,4096.428571428572,5030.32028350812
XAU,4350.0,-180.08324961977445,2.1844395974195603,0.0,0.0,0.0,0.0,0.0,1291.0,4160.381966845566,4032.475176011577,4224.335362262561,3968.5217805945817,AUG26,JUN26,4096.428571428572,5030.32028350812
XAU,4355.0,-15.141486643027138,0.15141486643027136,0.0,0.0,0.0,0.0,0.0,0.0,4160.381966845566,4032.475176011577,4224.335362262561,3968.5217805945817,AUG26,JUN26,4096.428571428572,5030.32028350812
XAU,4360.0,-23.028409888384143,0.23142634730459863,0.0,0.0,0.0,0.0,0.0,0.0,4160.381966845566,4032.475176011577,4224.335362262561,3968.5217805945817,AUG26,JUN26,4096.428571428572,5030.32028350812
XAU,4365.0,-28.83709911243083,0.2971489560650325,0.0,0.0,0.0,0.0,0.0,0.0,4160.381966845566,4032.475176011577,4224.335362262561,3968.5217805945817,AUG26,JUN26,4096.428571428572,5030.32028350812
XAU,4370.0,-26.607765166419455,0.2898595738979272,0.0,0.0,0.0,0.0,0.0,0.0,4160.381966845566,4032.475176011577,4224.335362262561,3968.5217805945817,AUG26,JUN26,4096.428571428572,5030.32028350812
XAU,4375.0,-25.527513217972803,0.36322858030686234,0.0,0.0,0.0,0.0,0.0,0.0,4160.381966845566,4032.475176011577,4224.335362262561,3968.5217805945817,AUG26,JUN26,4096.428571428572,5030.32028350812
XAU,4380.0,-20.559300177892457,0.20804957361244392,0.0,0.0,0.0,0.0,0.0,0.0,4160.381966845566,4032.475176011577,4224.335362262561,3968.5217805945817,AUG26,JUN26,4096.428571428572,5030.32028350812
XAU,4385.0,-7.559691741713079,0.0755969174171308,0.0,0.0,0.0,0.0,0.0,0.0,4160.381966845566,4032.475176011577,4224.335362262561,3968.5217805945817,AUG26,JUN26,4096.428571428572,5030.32028350812
XAU,4390.0,-26.524207502850704,0.2661956725775863,0.0,0.0,0.0,0.0,0.0,0.0,4160.381966845566,4032.475176011577,4224.335362262561,3968.5217805945817,AUG26,JUN26,4096.428571428572,5030.32028350812
XAU,4395.0,-8.191178971117623,0.16546021031989588,0.0,0.0,0.0,0.0,0.0,0.0,4160.381966845566,4032.475176011577,4224.335362262561,3968.5217805945817,AUG26,JUN26,4096.428571428572,5030.32028350812
XAU,4400.0,-86.2918778952151,1.0489538026273661,0.0,0.0,0.0,0.0,0.0,0.0,4160.381966845566,4032.475176011577,4224.335362262561,3968.5217805945817,AUG26,JUN26,4096.428571428572,5030.32028350812
XAU,4405.0,-11.562754934964387,0.11562754934964387,0.0,0.0,0.0,0.0,0.0,0.0,4160.381966845566,4032.475176011577,4224.335362262561,3968.5217805945817,AUG26,JUN26,4096.428571428572,5030.32028350812
XAU,4410.0,-41.02083024038695,0.4168225804214975,0.0,0.0,0.0,0.0,0.0,0.0,4160.381966845566,4032.475176011577,4224.335362262561,3968.5217805945817,AUG26,JUN26,4096.428571428572,5030.32028350812
XAU,4415.0,-15.665903680225547,0.18168565925345967,0.0,0.0,0.0,0.0,0.0,0.0,4160.381966845566,4032.475176011577,4224.335362262561,3968.5217805945817,AUG26,JUN26,4096.428571428572,5030.32028350812
XAU,4420.0,-3.702418551581808,0.0439664846405685,0.0,0.0,0.0,0.0,0.0,0.0,4160.381966845566,4032.475176011577,4224.335362262561,3968.5217805945817,AUG26,JUN26,4096.428571428572,5030.32028350812
XAU,4425.0,-34.77304873603753,0.35889021695481743,0.0,0.0,0.0,0.0,0.0,0.0,4160.381966845566,4032.475176011577,4224.335362262561,3968.5217805945817,AUG26,JUN26,4096.428571428572,5030.32028350812
XAU,4430.0,-8.281965296758425,0.08725202176689859,0.0,0.0,0.0,0.0,0.0,0.0,4160.381966845566,4032.475176011577,4224.335362262561,3968.5217805945817,AUG26,JUN26,4096.428571428572,5030.32028350812
XAU,4435.0,-5.011728826597201,0.050117288265972004,0.0,0.0,0.0,0.0,0.0,0.0,4160.381966845566,4032.475176011577,4224.335362262561,3968.5217805945817,AUG26,JUN26,4096.428571428572,5030.32028350812
XAU,4440.0,-9.91345536224443,0.14641497077622428,0.0,0.0,0.0,0.0,0.0,0.0,4160.381966845566,4032.475176011577,4224.335362262561,3968.5217805945817,AUG26,JUN26,4096.428571428572,5030.32028350812
XAU,4445.0,-1.2995756872642894,0.012995756872642894,0.0,0.0,0.0,0.0,0.0,0.0,4160.381966845566,4032.475176011577,4224.335362262561,3968.5217805945817,AUG26,JUN26,4096.428571428572,5030.32028350812
XAU,4450.0,-46.47979455996258,0.7893878172455203,0.0,0.0,0.0,0.0,0.0,0.0,4160.381966845566,4032.475176011577,4224.335362262561,3968.5217805945817,AUG26,JUN26,4096.428571428572,5030.32028350812
XAU,4455.0,-19.399895758030304,0.1951671390461037,0.0,0.0,0.0,0.0,0.0,0.0,4160.381966845566,4032.475176011577,4224.335362262561,3968.5217805945817,AUG26,JUN26,4096.428571428572,5030.32028350812
XAU,4460.0,-0.7474734191802686,0.020794945974291195,0.0,0.0,0.0,0.0,0.0,0.0,4160.381966845566,4032.475176011577,4224.335362262561,3968.5217805945817,AUG26,JUN26,4096.428571428572,5030.32028350812
XAU,4465.0,-2.1405261372338718,0.09309967740896113,0.0,0.0,0.0,0.0,0.0,0.0,4160.381966845566,4032.475176011577,4224.335362262561,3968.5217805945817,AUG26,JUN26,4096.428571428572,5030.32028350812
XAU,4470.0,-8.391736311254013,0.08391736311254012,0.0,0.0,0.0,0.0,0.0,0.0,4160.381966845566,4032.475176011577,4224.335362262561,3968.5217805945817,AUG26,JUN26,4096.428571428572,5030.32028350812
XAU,4475.0,-17.353232142938648,0.19602917185219576,0.0,0.0,0.0,0.0,0.0,0.0,4160.381966845566,4032.475176011577,4224.335362262561,3968.5217805945817,AUG26,JUN26,4096.428571428572,5030.32028350812
XAU,4480.0,-9.577103013218897,0.09577103013218898,0.0,0.0,0.0,0.0,0.0,0.0,4160.381966845566,4032.475176011577,4224.335362262561,3968.5217805945817,AUG26,JUN26,4096.428571428572,5030.32028350812
XAU,4485.0,-2.9320364490971373,0.03253854412356651,0.0,0.0,0.0,0.0,0.0,0.0,4160.381966845566,4032.475176011577,4224.335362262561,3968.5217805945817,AUG26,JUN26,4096.428571428572,5030.32028350812
XAU,4490.0,-5.946194816474158,0.06694836692135483,0.0,0.0,0.0,0.0,0.0,0.0,4160.381966845566,4032.475176011577,4224.335362262561,3968.5217805945817,AUG26,JUN26,4096.428571428572,5030.32028350812
XAU,4495.0,-3.41778989154676,0.035037769614014176,0.0,0.0,0.0,0.0,0.0,0.0,4160.381966845566,4032.475176011577,4224.335362262561,3968.5217805945817,AUG26,JUN26,4096.428571428572,5030.32028350812
XAU,4500.0,-105.64901987462383,1.3858023722611514,0.0,0.0,0.0,0.0,0.0,0.0,4160.381966845566,4032.475176011577,4224.335362262561,3968.5217805945817,AUG26,JUN26,4096.428571428572,5030.32028350812
XAU,4505.0,-3.866336732162813,0.03958358359206777,0.0,0.0,0.0,0.0,0.0,0.0,4160.381966845566,4032.475176011577,4224.335362262561,3968.5217805945817,AUG26,JUN26,4096.428571428572,5030.32028350812
XAU,4510.0,-4.579396473186524,0.04579396473186524,0.0,0.0,0.0,0.0,0.0,0.0,4160.381966845566,4032.475176011577,4224.335362262561,3968.5217805945817,AUG26,JUN26,4096.428571428572,5030.32028350812
XAU,4515.0,-18.137041086600437,0.1830158140584897,0.0,0.0,0.0,0.0,0.0,0.0,4160.381966845566,4032.475176011577,4224.335362262561,3968.5217805945817,AUG26,JUN26,4096.428571428572,5030.32028350812
XAU,4520.0,-21.387240847261285,0.21387240847261285,0.0,0.0,0.0,0.0,0.0,0.0,4160.381966845566,4032.475176011577,4224.335362262561,3968.5217805945817,AUG26,JUN26,4096.428571428572,5030.32028350812
XAU,4525.0,-30.518101113070482,0.30518101113070484,0.0,0.0,0.0,0.0,0.0,0.0,4160.381966845566,4032.475176011577,4224.335362262561,3968.5217805945817,AUG26,JUN26,4096.428571428572,5030.32028350812
XAU,4530.0,-6.719232270575541,0.06829371099200235,0.0,0.0,0.0,0.0,0.0,0.0,4160.381966845566,4032.475176011577,4224.335362262561,3968.5217805945817,AUG26,JUN26,4096.428571428572,5030.32028350812
XAU,4535.0,-10.491268965715587,0.10491268965715586,0.0,0.0,0.0,0.0,0.0,0.0,4160.381966845566,4032.475176011577,4224.335362262561,3968.5217805945817,AUG26,JUN26,4096.428571428572,5030.32028350812
XAU,4540.0,-4.128662685579161,0.042377730883187595,0.0,0.0,0.0,0.0,0.0,0.0,4160.381966845566,4032.475176011577,4224.335362262561,3968.5217805945817,AUG26,JUN26,4096.428571428572,5030.32028350812
XAU,4545.0,-5.308390343401498,0.05308390343401498,0.0,0.0,0.0,0.0,0.0,0.0,4160.381966845566,4032.475176011577,4224.335362262561,3968.5217805945817,AUG26,JUN26,4096.428571428572,5030.32028350812
XAU,4550.0,-16.593095456014037,0.42064478140936723,0.0,0.0,0.0,0.0,0.0,0.0,4160.381966845566,4032.475176011577,4224.335362262561,3968.5217805945817,AUG26,JUN26,4096.428571428572,5030.32028350812
XAU,4555.0,-11.679693365968319,0.11679693365968319,0.0,0.0,0.0,0.0,0.0,0.0,4160.381966845566,4032.475176011577,4224.335362262561,3968.5217805945817,AUG26,JUN26,4096.428571428572,5030.32028350812
XAU,4560.0,-14.990210165164758,0.14990210165164758,0.0,0.0,0.0,0.0,0.0,0.0,4160.381966845566,4032.475176011577,4224.335362262561,3968.5217805945817,AUG26,JUN26,4096.428571428572,5030.32028350812
XAU,4565.0,-2.5312573964081593,0.026377680811392776,0.0,0.0,0.0,0.0,0.0,0.0,4160.381966845566,4032.475176011577,4224.335362262561,3968.5217805945817,AUG26,JUN26,4096.428571428572,5030.32028350812
XAU,4570.0,-4.356214985657465,0.04908812619437758,0.0,0.0,0.0,0.0,0.0,0.0,4160.381966845566,4032.475176011577,4224.335362262561,3968.5217805945817,AUG26,JUN26,4096.428571428572,5030.32028350812
XAU,4575.0,-3.5459307824221393,0.09215610378800956,0.0,0.0,0.0,0.0,0.0,0.0,4160.381966845566,4032.475176011577,4224.335362262561,3968.5217805945817,AUG26,JUN26,4096.428571428572,5030.32028350812
XAU,4580.0,-17.225230392748443,0.18255641081570465,0.0,0.0,0.0,0.0,0.0,0.0,4160.381966845566,4032.475176011577,4224.335362262561,3968.5217805945817,AUG26,JUN26,4096.428571428572,5030.32028350812
XAU,4585.0,-12.407296705695831,0.25115578610811656,0.0,0.0,0.0,0.0,0.0,0.0,4160.381966845566,4032.475176011577,4224.335362262561,3968.5217805945817,AUG26,JUN26,4096.428571428572,5030.32028350812
XAU,4590.0,1.5691622691504303,0.055519587519372186,0.0,0.0,0.0,0.0,0.0,0.0,4160.381966845566,4032.475176011577,4224.335362262561,3968.5217805945817,AUG26,JUN26,4096.428571428572,5030.32028350812
XAU,4595.0,-6.699148136377922,0.07104799737301919,0.0,0.0,0.0,0.0,0.0,0.0,4160.381966845566,4032.475176011577,4224.335362262561,3968.5217805945817,AUG26,JUN26,4096.428571428572,5030.32028350812
XAU,4600.0,-89.06423655831829,1.0952980979043052,0.0,0.0,0.0,0.0,0.0,0.0,4160.381966845566,4032.475176011577,4224.335362262561,3968.5217805945817,AUG26,JUN26,4096.428571428572,5030.32028350812
XAU,4605.0,-0.5404515119294683,0.005404515119294683,0.0,0.0,0.0,0.0,0.0,0.0,4160.381966845566,4032.475176011577,4224.335362262561,3968.5217805945817,AUG26,JUN26,4096.428571428572,5030.32028350812
XAU,4610.0,-2.7164893992507313,0.02958116937438851,0.0,0.0,0.0,0.0,0.0,0.0,4160.381966845566,4032.475176011577,4224.335362262561,3968.5217805945817,AUG26,JUN26,4096.428571428572,5030.32028350812
XAU,4615.0,-0.2645513457504717,0.002645513457504717,0.0,0.0,0.0,0.0,0.0,0.0,4160.381966845566,4032.475176011577,4224.335362262561,3968.5217805945817,AUG26,JUN26,4096.428571428572,5030.32028350812
XAU,4620.0,-4.421967311756202,0.04495635934175599,0.0,0.0,0.0,0.0,0.0,0.0,4160.381966845566,4032.475176011577,4224.335362262561,3968.5217805945817,AUG26,JUN26,4096.428571428572,5030.32028350812
XAU,4625.0,-4.37692244052513,0.05141339035627574,0.0,0.0,0.0,0.0,0.0,0.0,4160.381966845566,4032.475176011577,4224.335362262561,3968.5217805945817,AUG26,JUN26,4096.428571428572,5030.32028350812
XAU,4630.0,-16.758834356173963,0.16758834356173963,0.0,0.0,0.0,0.0,0.0,0.0,4160.381966845566,4032.475176011577,4224.335362262561,3968.5217805945817,AUG26,JUN26,4096.428571428572,5030.32028350812
XAU,4635.0,-2.0963102284082686,0.07251275323731599,0.0,0.0,0.0,0.0,0.0,0.0,4160.381966845566,4032.475176011577,4224.335362262561,3968.5217805945817,AUG26,JUN26,4096.428571428572,5030.32028350812
XAU,4640.0,-18.19863366421551,0.1953395935578712,0.0,0.0,0.0,0.0,0.0,0.0,4160.381966845566,4032.475176011577,4224.335362262561,3968.5217805945817,AUG26,JUN26,4096.428571428572,5030.32028350812
XAU,4645.0,-4.578807567288032,0.04578807567288032,0.0,0.0,0.0,0.0,0.0,0.0,4160.381966845566,4032.475176011577,4224.335362262561,3968.5217805945817,AUG26,JUN26,4096.428571428572,5030.32028350812
XAU,4650.0,-27.44388824801897,0.28080223575215674,0.0,0.0,0.0,0.0,0.0,0.0,4160.381966845566,4032.475176011577,4224.335362262561,3968.5217805945817,AUG26,JUN26,4096.428571428572,5030.32028350812
XAU,4655.0,-1.127829516268675,0.011278295162686748,0.0,0.0,0.0,0.0,0.0,0.0,4160.381966845566,4032.475176011577,4224.335362262561,3968.5217805945817,AUG26,JUN26,4096.428571428572,5030.32028350812
XAU,4660.0,-23.271890757907244,0.2343325478505009,0.0,0.0,0.0,0.0,0.0,0.0,4160.381966845566,4032.475176011577,4224.335362262561,3968.5217805945817,AUG26,JUN26,4096.428571428572,5030.32028350812
XAU,4665.0,-2.0120104787540765,0.05008018694767885,0.0,0.0,0.0,0.0,0.0,0.0,4160.381966845566,4032.475176011577,4224.335362262561,3968.5217805945817,AUG26,JUN26,4096.428571428572,5030.32028350812
XAU,4670.0,-1.6268775749206816,0.01749524615283856,0.0,0.0,0.0,0.0,0.0,0.0,4160.381966845566,4032.475176011577,4224.335362262561,3968.5217805945817,AUG26,JUN26,4096.428571428572,5030.32028350812
XAU,4675.0,-0.9963876955532556,0.011168736856669989,0.0,0.0,0.0,0.0,0.0,0.0,4160.381966845566,4032.475176011577,4224.335362262561,3968.5217805945817,AUG26,JUN26,4096.428571428572,5030.32028350812
XAU,4680.0,-1.9369288541888576,0.0536906659570532,0.0,0.0,0.0,0.0,0.0,0.0,4160.381966845566,4032.475176011577,4224.335362262561,3968.5217805945817,AUG26,JUN26,4096.428571428572,5030.32028350812
XAU,4685.0,-5.6524494650181625,0.062336338190027485,0.0,0.0,0.0,0.0,0.0,0.0,4160.381966845566,4032.475176011577,4224.335362262561,3968.5217805945817,AUG26,JUN26,4096.428571428572,5030.32028350812
XAU,4690.0,-0.3678109727149055,0.0036781097271490542,0.0,0.0,0.0,0.0,0.0,0.0,4160.381966845566,4032.475176011577,4224.335362262561,3968.5217805945817,AUG26,JUN26,4096.428571428572,5030.32028350812
XAU,4695.0,-0.1271868813958567,0.0012718688139585672,0.0,0.0,0.0,0.0,0.0,0.0,4160.381966845566,4032.475176011577,4224.335362262561,3968.5217805945817,AUG26,JUN26,4096.428571428572,5030.32028350812
XAU,4700.0,-47.86884499221468,0.4786884499221468,0.0,0.0,0.0,0.0,0.0,0.0,4160.381966845566,4032.475176011577,4224.335362262561,3968.5217805945817,AUG26,JUN26,4096.428571428572,5030.32028350812
XAU,4705.0,-3.678445259644429,0.03678445259644429,0.0,0.0,0.0,0.0,0.0,0.0,4160.381966845566,4032.475176011577,4224.335362262561,3968.5217805945817,AUG26,JUN26,4096.428571428572,5030.32028350812
XAU,4710.0,-0.4973625773482312,0.004973625773482312,0.0,0.0,0.0,0.0,0.0,0.0,4160.381966845566,4032.475176011577,4224.335362262561,3968.5217805945817,AUG26,JUN26,4096.428571428572,5030.32028350812
XAU,4715.0,-0.5899632337974908,0.005899632337974909,0.0,0.0,0.0,0.0,0.0,0.0,4160.381966845566,4032.475176011577,4224.335362262561,3968.5217805945817,AUG26,JUN26,4096.428571428572,5030.32028350812
XAU,4720.0,4.036572037430294,0.04765139672520294,0.0,0.0,0.0,0.0,0.0,0.0,4160.381966845566,4032.475176011577,4224.335362262561,3968.5217805945817,AUG26,JUN26,4096.428571428572,5030.32028350812
XAU,4725.0,-5.392073783693218,0.05392073783693218,0.0,0.0,0.0,0.0,0.0,0.0,4160.381966845566,4032.475176011577,4224.335362262561,3968.5217805945817,AUG26,JUN26,4096.428571428572,5030.32028350812
XAU,4730.0,-1.2331018655221193,0.012331018655221192,0.0,0.0,0.0,0.0,0.0,0.0,4160.381966845566,4032.475176011577,4224.335362262561,3968.5217805945817,AUG26,JUN26,4096.428571428572,5030.32028350812
XAU,4735.0,-1.2688438822530779,0.01268843882253078,0.0,0.0,0.0,0.0,0.0,0.0,4160.381966845566,4032.475176011577,4224.335362262561,3968.5217805945817,AUG26,JUN26,4096.428571428572,5030.32028350812
XAU,4740.0,-0.8665029093913678,0.008665029093913678,0.0,0.0,0.0,0.0,0.0,0.0,4160.381966845566,4032.475176011577,4224.335362262561,3968.5217805945817,AUG26,JUN26,4096.428571428572,5030.32028350812
XAU,4745.0,-0.8307476680225674,0.009979971111373808,0.0,0.0,0.0,0.0,0.0,0.0,4160.381966845566,4032.475176011577,4224.335362262561,3968.5217805945817,AUG26,JUN26,4096.428571428572,5030.32028350812
XAU,4750.0,-5.419701141205412,0.05570223184986277,0.0,0.0,0.0,0.0,0.0,0.0,4160.381966845566,4032.475176011577,4224.335362262561,3968.5217805945817,AUG26,JUN26,4096.428571428572,5030.32028350812
XAU,4755.0,0.8244544456670274,0.018761646749461715,0.0,0.0,0.0,0.0,0.0,0.0,4160.381966845566,4032.475176011577,4224.335362262561,3968.5217805945817,AUG26,JUN26,4096.428571428572,5030.32028350812
XAU,4760.0,0.11667855610375785,0.003907799329842639,0.0,0.0,0.0,0.0,0.0,0.0,4160.381966845566,4032.475176011577,4224.335362262561,3968.5217805945817,AUG26,JUN26,4096.428571428572,5030.32028350812
XAU,4765.0,2.148864139952873,0.02416036153581118,0.0,0.0,0.0,0.0,0.0,0.0,4160.381966845566,4032.475176011577,4224.335362262561,3968.5217805945817,AUG26,JUN26,4096.428571428572,5030.32028350812
XAU,4770.0,-2.7772525978966307,0.06814910211368969,0.0,0.0,0.0,0.0,0.0,0.0,4160.381966845566,4032.475176011577,4224.335362262561,3968.5217805945817,AUG26,JUN26,4096.428571428572,5030.32028350812
XAU,4775.0,-3.042809088469405,0.03302684387744903,0.0,0.0,0.0,0.0,0.0,0.0,4160.381966845566,4032.475176011577,4224.335362262561,3968.5217805945817,AUG26,JUN26,4096.428571428572,5030.32028350812
XAU,4780.0,0.18746862253858115,0.008684052352870932,0.0,0.0,0.0,0.0,0.0,0.0,4160.381966845566,4032.475176011577,4224.335362262561,3968.5217805945817,AUG26,JUN26,4096.428571428572,5030.32028350812
XAU,4785.0,-2.3942507440330156,0.02394250744033016,0.0,0.0,0.0,0.0,0.0,0.0,4160.381966845566,4032.475176011577,4224.335362262561,3968.5217805945817,AUG26,JUN26,4096.428571428572,5030.32028350812
XAU,4790.0,-0.17747643063760676,0.0165244911362748,0.0,0.0,0.0,0.0,0.0,0.0,4160.381966845566,4032.475176011577,4224.335362262561,3968.5217805945817,AUG26,JUN26,4096.428571428572,5030.32028350812
XAU,4795.0,-2.1886255031890496,0.021886255031890494,0.0,0.0,0.0,0.0,0.0,0.0,4160.381966845566,4032.475176011577,4224.335362262561,3968.5217805945817,AUG26,JUN26,4096.428571428572,5030.32028350812
XAU,4800.0,-14.054481608164874,0.19299949050165208,0.0,0.0,0.0,0.0,0.0,0.0,4160.381966845566,4032.475176011577,4224.335362262561,3968.5217805945817,AUG26,JUN26,4096.428571428572,5030.32028350812
XAU,4805.0,-0.15378859450395552,0.0015378859450395552,0.0,0.0,0.0,0.0,0.0,0.0,4160.381966845566,4032.475176011577,4224.335362262561,3968.5217805945817,AUG26,JUN26,4096.428571428572,5030.32028350812
XAU,4810.0,1.4228801369645598,0.015827812662653557,0.0,0.0,0.0,0.0,0.0,0.0,4160.381966845566,4032.475176011577,4224.335362262561,3968.5217805945817,AUG26,JUN26,4096.428571428572,5030.32028350812
XAU,4815.0,-0.04752304758240649,0.00047523047582406487,0.0,0.0,0.0,0.0,0.0,0.0,4160.381966845566,4032.475176011577,4224.335362262561,3968.5217805945817,AUG26,JUN26,4096.428571428572,5030.32028350812
XAU,4820.0,-0.02412616176454268,0.000988403882259994,0.0,0.0,0.0,0.0,0.0,0.0,4160.381966845566,4032.475176011577,4224.335362262561,3968.5217805945817,AUG26,JUN26,4096.428571428572,5030.32028350812
XAU,4825.0,-0.45687380776135006,0.004568738077613501,0.0,0.0,0.0,0.0,0.0,0.0,4160.381966845566,4032.475176011577,4224.335362262561,3968.5217805945817,AUG26,JUN26,4096.428571428572,5030.32028350812
XAU,4830.0,-0.004738628440273909,0.0011335629361119868,0.0,0.0,0.0,0.0,0.0,0.0,4160.381966845566,4032.475176011577,4224.335362262561,3968.5217805945817,AUG26,JUN26,4096.428571428572,5030.32028350812
XAU,4835.0,-0.3471557550925706,0.007060101174623983,0.0,0.0,0.0,0.0,0.0,0.0,4160.381966845566,4032.475176011577,4224.335362262561,3968.5217805945817,AUG26,JUN26,4096.428571428572,5030.32028350812
XAU,4840.0,-0.07081163572109993,0.0007081163572109993,0.0,0.0,0.0,0.0,0.0,0.0,4160.381966845566,4032.475176011577,4224.335362262561,3968.5217805945817,AUG26,JUN26,4096.428571428572,5030.32028350812
XAU,4845.0,0.05215817466381646,0.0005215817466381646,0.0,0.0,0.0,0.0,0.0,0.0,4160.381966845566,4032.475176011577,4224.335362262561,3968.5217805945817,AUG26,JUN26,4096.428571428572,5030.32028350812
XAU,4850.0,-2.1985465463419622,0.02198546546341962,0.0,0.0,0.0,0.0,0.0,0.0,4160.381966845566,4032.475176011577,4224.335362262561,3968.5217805945817,AUG26,JUN26,4096.428571428572,5030.32028350812
XAU,4855.0,0.19225056480516897,0.00515055922691487,0.0,0.0,0.0,0.0,0.0,0.0,4160.381966845566,4032.475176011577,4224.335362262561,3968.5217805945817,AUG26,JUN26,4096.428571428572,5030.32028350812
XAU,4860.0,3.2985707250448284,0.0353852991733999,0.0,0.0,0.0,0.0,0.0,0.0,4160.381966845566,4032.475176011577,4224.335362262561,3968.5217805945817,AUG26,JUN26,4096.428571428572,5030.32028350812
XAU,4865.0,0.4977539496258899,0.008067090513211642,0.0,0.0,0.0,0.0,0.0,0.0,4160.381966845566,4032.475176011577,4224.335362262561,3968.5217805945817,AUG26,JUN26,4096.428571428572,5030.32028350812
XAU,4870.0,0.8424952895988693,0.015825907761396182,0.0,0.0,0.0,0.0,0.0,0.0,4160.381966845566,4032.475176011577,4224.335362262561,3968.5217805945817,AUG26,JUN26,4096.428571428572,5030.32028350812
XAU,4875.0,3.3515748078406262,0.05369170012061312,0.0,0.0,0.0,0.0,0.0,0.0,4160.381966845566,4032.475176011577,4224.335362262561,3968.5217805945817,AUG26,JUN26,4096.428571428572,5030.32028350812
XAU,4880.0,0.9551778034583596,0.04052871200690335,0.0,0.0,0.0,0.0,0.0,0.0,4160.381966845566,4032.475176011577,4224.335362262561,3968.5217805945817,AUG26,JUN26,4096.428571428572,5030.32028350812
XAU,4885.0,0.896403404678235,0.010898514476183606,0.0,0.0,0.0,0.0,0.0,0.0,4160.381966845566,4032.475176011577,4224.335362262561,3968.5217805945817,AUG26,JUN26,4096.428571428572,5030.32028350812
XAU,4890.0,0.5611274450648309,0.007007621857652228,0.0,0.0,0.0,0.0,0.0,0.0,4160.381966845566,4032.475176011577,4224.335362262561,3968.5217805945817,AUG26,JUN26,4096.428571428572,5030.32028350812
XAU,4895.0,-0.024181250919624843,0.0011426148292953682,0.0,0.0,0.0,0.0,0.0,0.0,4160.381966845566,4032.475176011577,4224.335362262561,3968.5217805945817,AUG26,JUN26,4096.428571428572,5030.32028350812
XAU,4900.0,-3.873029373896303,0.059874306198271846,0.0,0.0,0.0,0.0,0.0,0.0,4160.381966845566,4032.475176011577,4224.335362262561,3968.5217805945817,AUG26,JUN26,4096.428571428572,5030.32028350812
XAU,4905.0,0.09489203540648311,0.007321564106731294,0.0,0.0,0.0,0.0,0.0,0.0,4160.381966845566,4032.475176011577,4224.335362262561,3968.5217805945817,AUG26,JUN26,4096.428571428572,5030.32028350812
XAU,4910.0,-0.02019247949030728,0.0048097826186215015,0.0,0.0,0.0,0.0,0.0,0.0,4160.381966845566,4032.475176011577,4224.335362262561,3968.5217805945817,AUG26,JUN26,4096.428571428572,5030.32028350812
XAU,4915.0,0.6176628045745343,0.006392709571001382,0.0,0.0,0.0,0.0,0.0,0.0,4160.381966845566,4032.475176011577,4224.335362262561,3968.5217805945817,AUG26,JUN26,4096.428571428572,5030.32028350812
XAU,4920.0,0.3798333848475974,0.004419562135342101,0.0,0.0,0.0,0.0,0.0,0.0,4160.381966845566,4032.475176011577,4224.335362262561,3968.5217805945817,AUG26,JUN26,4096.428571428572,5030.32028350812
XAU,4925.0,3.6388162335993846,0.04727242679981537,0.0,0.0,0.0,0.0,0.0,0.0,4160.381966845566,4032.475176011577,4224.335362262561,3968.5217805945817,AUG26,JUN26,4096.428571428572,5030.32028350812
XAU,4930.0,0.5042880989438199,0.007283313959303166,0.0,0.0,0.0,0.0,0.0,0.0,4160.381966845566,4032.475176011577,4224.335362262561,3968.5217805945817,AUG26,JUN26,4096.428571428572,5030.32028350812
XAU,4935.0,0.2989296705976043,0.002989296705976043,0.0,0.0,0.0,0.0,0.0,0.0,4160.381966845566,4032.475176011577,4224.335362262561,3968.5217805945817,AUG26,JUN26,4096.428571428572,5030.32028350812
XAU,4940.0,0.09436817242954841,0.0009436817242954841,0.0,0.0,0.0,0.0,0.0,0.0,4160.381966845566,4032.475176011577,4224.335362262561,3968.5217805945817,AUG26,JUN26,4096.428571428572,5030.32028350812
XAU,4945.0,1.132396469848481,0.0115154923728642,0.0,0.0,0.0,0.0,0.0,0.0,4160.381966845566,4032.475176011577,4224.335362262561,3968.5217805945817,AUG26,JUN26,4096.428571428572,5030.32028350812
XAU,4950.0,9.13259409388074,0.09778549058374982,0.0,0.0,0.0,0.0,0.0,0.0,4160.381966845566,4032.475176011577,4224.335362262561,3968.5217805945817,AUG26,JUN26,4096.428571428572,5030.32028350812
XAU,4955.0,0.3566824405200691,0.003928914988723186,0.0,0.0,0.0,0.0,0.0,0.0,4160.381966845566,4032.475176011577,4224.335362262561,3968.5217805945817,AUG26,JUN26,4096.428571428572,5030.32028350812
XAU,4960.0,0.6155785658039836,0.006155785658039837,0.0,0.0,0.0,0.0,0.0,0.0,4160.381966845566,4032.475176011577,4224.335362262561,3968.5217805945817,AUG26,JUN26,4096.428571428572,5030.32028350812
XAU,4965.0,1.6630134924904083,0.016808311796719093,0.0,0.0,0.0,0.0,0.0,0.0,4160.381966845566,4032.475176011577,4224.335362262561,3968.5217805945817,AUG26,JUN26,4096.428571428572,5030.32028350812
XAU,4970.0,0.45814246751332105,0.00458142467513321,0.0,0.0,0.0,0.0,0.0,0.0,4160.381966845566,4032.475176011577,4224.335362262561,3968.5217805945817,AUG26,JUN26,4096.428571428572,5030.32028350812
XAU,4975.0,0.06144353393118448,0.0006144353393118448,0.0,0.0,0.0,0.0,0.0,0.0,4160.381966845566,4032.475176011577,4224.335362262561,3968.5217805945817,AUG26,JUN26,4096.428571428572,5030.32028350812
XAU,4980.0,0.3159984132669147,0.0033265297457898894,0.0,0.0,0.0,0.0,0.0,0.0,4160.381966845566,4032.475176011577,4224.335362262561,3968.5217805945817,AUG26,JUN26,4096.428571428572,5030.32028350812
XAU,4985.0,0.7621399000960228,0.0076213990009602285,0.0,0.0,0.0,0.0,0.0,0.0,4160.381966845566,4032.475176011577,4224.335362262561,3968.5217805945817,AUG26,JUN26,4096.428571428572,5030.32028350812
XAU,4990.0,0.606959297366449,0.006069592973664491,0.0,0.0,0.0,0.0,0.0,0.0,4160.381966845566,4032.475176011577,4224.335362262561,3968.5217805945817,AUG26,JUN26,4096.428571428572,5030.32028350812
XAU,4995.0,0.16352589712707397,0.0016352589712707397,0.0,0.0,0.0,0.0,0.0,0.0,4160.381966845566,4032.475176011577,4224.335362262561,3968.5217805945817,AUG26,JUN26,4096.428571428572,5030.32028350812
XAU,5000.0,0.4320919488572561,0.05586567134143834,0.0,0.0,0.0,0.0,0.0,0.0,4160.381966845566,4032.475176011577,4224.335362262561,3968.5217805945817,AUG26,JUN26,4096.428571428572,5030.32028350812
XAU,5005.0,0.0,0.0,0.0,0.0,0.0,0.0,0.0,0.0,4160.381966845566,4032.475176011577,4224.335362262561,3968.5217805945817,AUG26,JUN26,4096.428571428572,5030.32028350812
XAU,5010.0,0.117381237637691,0.0016284173603217614,0.0,0.0,0.0,0.0,0.0,0.0,4160.381966845566,4032.475176011577,4224.335362262561,3968.5217805945817,AUG26,JUN26,4096.428571428572,5030.32028350812
XAU,5015.0,0.46606030973577356,0.004660603097357736,0.0,0.0,0.0,0.0,0.0,0.0,4160.381966845566,4032.475176011577,4224.335362262561,3968.5217805945817,AUG26,JUN26,4096.428571428572,5030.32028350812
XAU,5020.0,1.0906564332594548,0.010906564332594548,0.0,0.0,0.0,0.0,0.0,0.0,4160.381966845566,4032.475176011577,4224.335362262561,3968.5217805945817,AUG26,JUN26,4096.428571428572,5030.32028350812
XAU,5025.0,0.349464881274439,0.007005654544822974,0.0,0.0,0.0,0.0,0.0,0.0,4160.381966845566,4032.475176011577,4224.335362262561,3968.5217805945817,AUG26,JUN26,4096.428571428572,5030.32028350812
XAU,5030.0,-0.006969778514163624,6.969778514163624e-05,0.0,0.0,0.0,0.0,0.0,0.0,4160.381966845566,4032.475176011577,4224.335362262561,3968.5217805945817,AUG26,JUN26,4096.428571428572,5030.32028350812
XAU,5035.0,0.7690893836034509,0.007690893836034509,0.0,0.0,0.0,0.0,0.0,0.0,4160.381966845566,4032.475176011577,4224.335362262561,3968.5217805945817,AUG26,JUN26,4096.428571428572,5030.32028350812
XAU,5040.0,0.33866798757435534,0.003936067772721847,0.0,0.0,0.0,0.0,0.0,0.0,4160.381966845566,4032.475176011577,4224.335362262561,3968.5217805945817,AUG26,JUN26,4096.428571428572,5030.32028350812
XAU,5045.0,0.25798130876381764,0.006561277092091105,0.0,0.0,0.0,0.0,0.0,0.0,4160.381966845566,4032.475176011577,4224.335362262561,3968.5217805945817,AUG26,JUN26,4096.428571428572,5030.32028350812
XAU,5050.0,2.641469076760135,0.0711657543347125,0.0,0.0,0.0,0.0,0.0,0.0,4160.381966845566,4032.475176011577,4224.335362262561,3968.5217805945817,AUG26,JUN26,4096.428571428572,5030.32028350812
XAU,5055.0,0.3303543484276183,0.0033035434842761833,0.0,0.0,0.0,0.0,0.0,0.0,4160.381966845566,4032.475176011577,4224.335362262561,3968.5217805945817,AUG26,JUN26,4096.428571428572,5030.32028350812
XAU,5060.0,0.48636088342770306,0.0048636088342770304,0.0,0.0,0.0,0.0,0.0,0.0,4160.381966845566,4032.475176011577,4224.335362262561,3968.5217805945817,AUG26,JUN26,4096.428571428572,5030.32028350812
XAU,5065.0,0.4435812298124874,0.004435812298124874,0.0,0.0,0.0,0.0,0.0,0.0,4160.381966845566,4032.475176011577,4224.335362262561,3968.5217805945817,AUG26,JUN26,4096.428571428572,5030.32028350812
XAU,5070.0,0.4723184573782357,0.006828814827530515,0.0,0.0,0.0,0.0,0.0,0.0,4160.381966845566,4032.475176011577,4224.335362262561,3968.5217805945817,AUG26,JUN26,4096.428571428572,5030.32028350812
XAU,5075.0,3.0714105776908496,0.03071410577690849,0.0,0.0,0.0,0.0,0.0,0.0,4160.381966845566,4032.475176011577,4224.335362262561,3968.5217805945817,AUG26,JUN26,4096.428571428572,5030.32028350812
XAU,5080.0,0.3788274629027624,0.004130657065192955,0.0,0.0,0.0,0.0,0.0,0.0,4160.381966845566,4032.475176011577,4224.335362262561,3968.5217805945817,AUG26,JUN26,4096.428571428572,5030.32028350812
XAU,5085.0,1.7053985049396636,0.018187196042083412,0.0,0.0,0.0,0.0,0.0,0.0,4160.381966845566,4032.475176011577,4224.335362262561,3968.5217805945817,AUG26,JUN26,4096.428571428572,5030.32028350812
XAU,5090.0,0.04863890275679318,0.0004863890275679318,0.0,0.0,0.0,0.0,0.0,0.0,4160.381966845566,4032.475176011577,4224.335362262561,3968.5217805945817,AUG26,JUN26,4096.428571428572,5030.32028350812
XAU,5095.0,0.09220514043505454,0.0009220514043505454,0.0,0.0,0.0,0.0,0.0,0.0,4160.381966845566,4032.475176011577,4224.335362262561,3968.5217805945817,AUG26,JUN26,4096.428571428572,5030.32028350812
XAU,5100.0,-0.4337523869809856,0.005205156455226008,0.0,0.0,0.0,0.0,0.0,0.0,4160.381966845566,4032.475176011577,4224.335362262561,3968.5217805945817,AUG26,JUN26,4096.428571428572,5030.32028350812
XAU,5105.0,0.08757781990366083,0.0008757781990366082,0.0,0.0,0.0,0.0,0.0,0.0,4160.381966845566,4032.475176011577,4224.335362262561,3968.5217805945817,AUG26,JUN26,4096.428571428572,5030.32028350812
XAU,5110.0,0.06327078271216596,0.0006327078271216596,0.0,0.0,0.0,0.0,0.0,0.0,4160.381966845566,4032.475176011577,4224.335362262561,3968.5217805945817,AUG26,JUN26,4096.428571428572,5030.32028350812
XAU,5115.0,0.37586714796069604,0.0037586714796069604,0.0,0.0,0.0,0.0,0.0,0.0,4160.381966845566,4032.475176011577,4224.335362262561,3968.5217805945817,AUG26,JUN26,4096.428571428572,5030.32028350812
XAU,5120.0,3.3532324110741363,0.03373210153202438,0.0,0.0,0.0,0.0,0.0,0.0,4160.381966845566,4032.475176011577,4224.335362262561,3968.5217805945817,AUG26,JUN26,4096.428571428572,5030.32028350812
XAU,5125.0,0.0,0.0,0.0,0.0,0.0,0.0,0.0,0.0,4160.381966845566,4032.475176011577,4224.335362262561,3968.5217805945817,AUG26,JUN26,4096.428571428572,5030.32028350812
XAU,5130.0,0.1966169940327434,0.0019661699403274342,0.0,0.0,0.0,0.0,0.0,0.0,4160.381966845566,4032.475176011577,4224.335362262561,3968.5217805945817,AUG26,JUN26,4096.428571428572,5030.32028350812
XAU,5135.0,0.5410349672809943,0.005410349672809943,0.0,0.0,0.0,0.0,0.0,0.0,4160.381966845566,4032.475176011577,4224.335362262561,3968.5217805945817,AUG26,JUN26,4096.428571428572,5030.32028350812
XAU,5140.0,0.3459013062164968,0.003459013062164968,0.0,0.0,0.0,0.0,0.0,0.0,4160.381966845566,4032.475176011577,4224.335362262561,3968.5217805945817,AUG26,JUN26,4096.428571428572,5030.32028350812
XAU,5145.0,0.2306737431620641,0.002306737431620641,0.0,0.0,0.0,0.0,0.0,0.0,4160.381966845566,4032.475176011577,4224.335362262561,3968.5217805945817,AUG26,JUN26,4096.428571428572,5030.32028350812
XAU,5150.0,6.175875345257368,0.06175875345257368,0.0,0.0,0.0,0.0,0.0,0.0,4160.381966845566,4032.475176011577,4224.335362262561,3968.5217805945817,AUG26,JUN26,4096.428571428572,5030.32028350812
XAU,5155.0,0.27734214708706617,0.0027734214708706618,0.0,0.0,0.0,0.0,0.0,0.0,4160.381966845566,4032.475176011577,4224.335362262561,3968.5217805945817,AUG26,JUN26,4096.428571428572,5030.32028350812
XAU,5160.0,0.4489857337452276,0.004489857337452276,0.0,0.0,0.0,0.0,0.0,0.0,4160.381966845566,4032.475176011577,4224.335362262561,3968.5217805945817,AUG26,JUN26,4096.428571428572,5030.32028350812
XAU,5165.0,0.5196640673755406,0.005196640673755406,0.0,0.0,0.0,0.0,0.0,0.0,4160.381966845566,4032.475176011577,4224.335362262561,3968.5217805945817,AUG26,JUN26,4096.428571428572,5030.32028350812
XAU,5170.0,0.24035999959801554,0.0024035999959801553,0.0,0.0,0.0,0.0,0.0,0.0,4160.381966845566,4032.475176011577,4224.335362262561,3968.5217805945817,AUG26,JUN26,4096.428571428572,5030.32028350812
XAU,5175.0,3.1172791366228996,0.031172791366228997,0.0,0.0,0.0,0.0,0.0,0.0,4160.381966845566,4032.475176011577,4224.335362262561,3968.5217805945817,AUG26,JUN26,4096.428571428572,5030.32028350812
XAU,5180.0,0.12541990731854058,0.001329808350226063,0.0,0.0,0.0,0.0,0.0,0.0,4160.381966845566,4032.475176011577,4224.335362262561,3968.5217805945817,AUG26,JUN26,4096.428571428572,5030.32028350812
XAU,5185.0,0.08257283256458181,0.0008257283256458181,0.0,0.0,0.0,0.0,0.0,0.0,4160.381966845566,4032.475176011577,4224.335362262561,3968.5217805945817,AUG26,JUN26,4096.428571428572,5030.32028350812
XAU,5190.0,0.4064805741363777,0.004064805741363777,0.0,0.0,0.0,0.0,0.0,0.0,4160.381966845566,4032.475176011577,4224.335362262561,3968.5217805945817,AUG26,JUN26,4096.428571428572,5030.32028350812
XAU,5195.0,0.9791007611762307,0.009791007611762307,0.0,0.0,0.0,0.0,0.0,0.0,4160.381966845566,4032.475176011577,4224.335362262561,3968.5217805945817,AUG26,JUN26,4096.428571428572,5030.32028350812
XAU,5200.0,130.14654520085531,1.3099388233903406,0.0,0.0,0.0,0.0,0.0,0.0,4160.381966845566,4032.475176011577,4224.335362262561,3968.5217805945817,AUG26,JUN26,4096.428571428572,5030.32028350812
XAU,5205.0,0.05152251384999884,0.0005152251384999884,0.0,0.0,0.0,0.0,0.0,0.0,4160.381966845566,4032.475176011577,4224.335362262561,3968.5217805945817,AUG26,JUN26,4096.428571428572,5030.32028350812
XAU,5210.0,0.13518491322602963,0.0013518491322602965,0.0,0.0,0.0,0.0,0.0,0.0,4160.381966845566,4032.475176011577,4224.335362262561,3968.5217805945817,AUG26,JUN26,4096.428571428572,5030.32028350812
XAU,5215.0,0.39899509560116925,0.0039899509560116925,0.0,0.0,0.0,0.0,0.0,0.0,4160.381966845566,4032.475176011577,4224.335362262561,3968.5217805945817,AUG26,JUN26,4096.428571428572,5030.32028350812
XAU,5220.0,2.1038540058771518,0.021038540058771517,0.0,0.0,0.0,0.0,0.0,0.0,4160.381966845566,4032.475176011577,4224.335362262561,3968.5217805945817,AUG26,JUN26,4096.428571428572,5030.32028350812
XAU,5225.0,0.014324677158431137,0.00014324677158431137,0.0,0.0,0.0,0.0,0.0,0.0,4160.381966845566,4032.475176011577,4224.335362262561,3968.5217805945817,AUG26,JUN26,4096.428571428572,5030.32028350812
XAU,5230.0,5.06721476935725,0.0506721476935725,0.0,0.0,0.0,0.0,0.0,0.0,4160.381966845566,4032.475176011577,4224.335362262561,3968.5217805945817,AUG26,JUN26,4096.428571428572,5030.32028350812
XAU,5235.0,0.11840471529042998,0.0011840471529042996,0.0,0.0,0.0,0.0,0.0,0.0,4160.381966845566,4032.475176011577,4224.335362262561,3968.5217805945817,AUG26,JUN26,4096.428571428572,5030.32028350812
XAU,5240.0,0.036132882465725984,0.00036132882465725986,0.0,0.0,0.0,0.0,0.0,0.0,4160.381966845566,4032.475176011577,4224.335362262561,3968.5217805945817,AUG26,JUN26,4096.428571428572,5030.32028350812
XAU,5245.0,0.3713438056840102,0.003713438056840102,0.0,0.0,0.0,0.0,0.0,0.0,4160.381966845566,4032.475176011577,4224.335362262561,3968.5217805945817,AUG26,JUN26,4096.428571428572,5030.32028350812
XAU,5250.0,7.667230246418858,0.07667230246418857,0.0,0.0,0.0,0.0,0.0,0.0,4160.381966845566,4032.475176011577,4224.335362262561,3968.5217805945817,AUG26,JUN26,4096.428571428572,5030.32028350812
XAU,5255.0,0.09385693474956422,0.0009385693474956422,0.0,0.0,0.0,0.0,0.0,0.0,4160.381966845566,4032.475176011577,4224.335362262561,3968.5217805945817,AUG26,JUN26,4096.428571428572,5030.32028350812
XAU,5260.0,0.23259965256476442,0.002325996525647644,0.0,0.0,0.0,0.0,0.0,0.0,4160.381966845566,4032.475176011577,4224.335362262561,3968.5217805945817,AUG26,JUN26,4096.428571428572,5030.32028350812
XAU,5265.0,0.3916833162947705,0.00397630308267834,0.0,0.0,0.0,0.0,0.0,0.0,4160.381966845566,4032.475176011577,4224.335362262561,3968.5217805945817,AUG26,JUN26,4096.428571428572,5030.32028350812
XAU,5270.0,1.078644698003941,0.010786446980039409,0.0,0.0,0.0,0.0,0.0,0.0,4160.381966845566,4032.475176011577,4224.335362262561,3968.5217805945817,AUG26,JUN26,4096.428571428572,5030.32028350812
XAU,5275.0,2.3414833321581234,0.023414833321581233,0.0,0.0,0.0,0.0,0.0,0.0,4160.381966845566,4032.475176011577,4224.335362262561,3968.5217805945817,AUG26,JUN26,4096.428571428572,5030.32028350812
XAU,5280.0,0.10068870427971338,0.0010068870427971338,0.0,0.0,0.0,0.0,0.0,0.0,4160.381966845566,4032.475176011577,4224.335362262561,3968.5217805945817,AUG26,JUN26,4096.428571428572,5030.32028350812
XAU,5285.0,0.0,0.0,0.0,0.0,0.0,0.0,0.0,0.0,4160.381966845566,4032.475176011577,4224.335362262561,3968.5217805945817,AUG26,JUN26,4096.428571428572,5030.32028350812
XAU,5290.0,0.09963357323104947,0.0009963357323104947,0.0,0.0,0.0,0.0,0.0,0.0,4160.381966845566,4032.475176011577,4224.335362262561,3968.5217805945817,AUG26,JUN26,4096.428571428572,5030.32028350812
XAU,5295.0,0.10893561855678655,0.0010893561855678654,0.0,0.0,0.0,0.0,0.0,0.0,4160.381966845566,4032.475176011577,4224.335362262561,3968.5217805945817,AUG26,JUN26,4096.428571428572,5030.32028350812
XAU,5300.0,13.489514163632927,0.13494312455870205,0.0,0.0,0.0,0.0,0.0,0.0,4160.381966845566,4032.475176011577,4224.335362262561,3968.5217805945817,AUG26,JUN26,4096.428571428572,5030.32028350812
XAU,5305.0,0.11858813934160656,0.0011858813934160655,0.0,0.0,0.0,0.0,0.0,0.0,4160.381966845566,4032.475176011577,4224.335362262561,3968.5217805945817,AUG26,JUN26,4096.428571428572,5030.32028350812
XAU,5310.0,0.07424013460014939,0.0007424013460014939,0.0,0.0,0.0,0.0,0.0,0.0,4160.381966845566,4032.475176011577,4224.335362262561,3968.5217805945817,AUG26,JUN26,4096.428571428572,5030.32028350812
XAU,5315.0,0.17022160418130455,0.0017022160418130455,0.0,0.0,0.0,0.0,0.0,0.0,4160.381966845566,4032.475176011577,4224.335362262561,3968.5217805945817,AUG26,JUN26,4096.428571428572,5030.32028350812
XAU,5320.0,0.2624289482795107,0.002624289482795107,0.0,0.0,0.0,0.0,0.0,0.0,4160.381966845566,4032.475176011577,4224.335362262561,3968.5217805945817,AUG26,JUN26,4096.428571428572,5030.32028350812
XAU,5325.0,0.17754191029966002,0.0017754191029966,0.0,0.0,0.0,0.0,0.0,0.0,4160.381966845566,4032.475176011577,4224.335362262561,3968.5217805945817,AUG26,JUN26,4096.428571428572,5030.32028350812
XAU,5330.0,0.20542731427648,0.0020542731427648,0.0,0.0,0.0,0.0,0.0,0.0,4160.381966845566,4032.475176011577,4224.335362262561,3968.5217805945817,AUG26,JUN26,4096.428571428572,5030.32028350812
XAU,5335.0,0.04087747313276635,0.0004087747313276635,0.0,0.0,0.0,0.0,0.0,0.0,4160.381966845566,4032.475176011577,4224.335362262561,3968.5217805945817,AUG26,JUN26,4096.428571428572,5030.32028350812
XAU,5340.0,0.08134286664286434,0.0008134286664286434,0.0,0.0,0.0,0.0,0.0,0.0,4160.381966845566,4032.475176011577,4224.335362262561,3968.5217805945817,AUG26,JUN26,4096.428571428572,5030.32028350812
XAU,5345.0,0.0,0.0,0.0,0.0,0.0,0.0,0.0,0.0,4160.381966845566,4032.475176011577,4224.335362262561,3968.5217805945817,AUG26,JUN26,4096.428571428572,5030.32028350812
XAU,5350.0,0.019894198777520695,0.00019894198777520696,0.0,0.0,0.0,0.0,0.0,0.0,4160.381966845566,4032.475176011577,4224.335362262561,3968.5217805945817,AUG26,JUN26,4096.428571428572,5030.32028350812
XAU,5355.0,0.23528884254097449,0.0023979220477857686,0.0,0.0,0.0,0.0,0.0,0.0,4160.381966845566,4032.475176011577,4224.335362262561,3968.5217805945817,AUG26,JUN26,4096.428571428572,5030.32028350812
XAU,5360.0,0.05909041345279728,0.0005909041345279728,0.0,0.0,0.0,0.0,0.0,0.0,4160.381966845566,4032.475176011577,4224.335362262561,3968.5217805945817,AUG26,JUN26,4096.428571428572,5030.32028350812
XAU,5365.0,0.21296197697884173,0.002129619769788417,0.0,0.0,0.0,0.0,0.0,0.0,4160.381966845566,4032.475176011577,4224.335362262561,3968.5217805945817,AUG26,JUN26,4096.428571428572,5030.32028350812
XAU,5370.0,0.18301511871600026,0.0018301511871600027,0.0,0.0,0.0,0.0,8010.0,0.0,4160.381966845566,4032.475176011577,4224.335362262561,3968.5217805945817,AUG26,JUN26,4096.428571428572,5030.32028350812
XAU,5375.0,0.14377643411823934,0.0014377643411823933,0.0,0.0,0.0,0.0,0.0,0.0,4160.381966845566,4032.475176011577,4224.335362262561,3968.5217805945817,AUG26,JUN26,4096.428571428572,5030.32028350812
XAU,5380.0,0.009538247020015557,9.538247020015557e-05,0.0,0.0,0.0,0.0,0.0,0.0,4160.381966845566,4032.475176011577,4224.335362262561,3968.5217805945817,AUG26,JUN26,4096.428571428572,5030.32028350812
XAU,5385.0,0.12183818999422648,0.0012183818999422647,0.0,0.0,0.0,0.0,0.0,0.0,4160.381966845566,4032.475176011577,4224.335362262561,3968.5217805945817,AUG26,JUN26,4096.428571428572,5030.32028350812
XAU,5390.0,0.02797999370111058,0.0002797999370111058,0.0,0.0,0.0,0.0,0.0,0.0,4160.381966845566,4032.475176011577,4224.335362262561,3968.5217805945817,AUG26,JUN26,4096.428571428572,5030.32028350812
XAU,5395.0,0.037126282722116016,0.0003712628272211602,0.0,0.0,0.0,0.0,0.0,0.0,4160.381966845566,4032.475176011577,4224.335362262561,3968.5217805945817,AUG26,JUN26,4096.428571428572,5030.32028350812
XAU,5400.0,0.03190512047012403,0.0004198993198884682,0.0,0.0,0.0,0.0,0.0,0.0,4160.381966845566,4032.475176011577,4224.335362262561,3968.5217805945817,AUG26,JUN26,4096.428571428572,5030.32028350812
XAU,5405.0,0.17238457536317256,0.0017238457536317257,0.0,0.0,0.0,0.0,0.0,0.0,4160.381966845566,4032.475176011577,4224.335362262561,3968.5217805945817,AUG26,JUN26,4096.428571428572,5030.32028350812
XAU,5410.0,0.0,0.0,0.0,0.0,0.0,0.0,0.0,0.0,4160.381966845566,4032.475176011577,4224.335362262561,3968.5217805945817,AUG26,JUN26,4096.428571428572,5030.32028350812
XAU,5415.0,0.0,0.0,0.0,0.0,0.0,0.0,0.0,0.0,4160.381966845566,4032.475176011577,4224.335362262561,3968.5217805945817,AUG26,JUN26,4096.428571428572,5030.32028350812
XAU,5420.0,0.7691688297644048,0.007691688297644049,0.0,0.0,0.0,0.0,0.0,0.0,4160.381966845566,4032.475176011577,4224.335362262561,3968.5217805945817,AUG26,JUN26,4096.428571428572,5030.32028350812
XAU,5425.0,0.0,0.0,0.0,0.0,0.0,0.0,0.0,0.0,4160.381966845566,4032.475176011577,4224.335362262561,3968.5217805945817,AUG26,JUN26,4096.428571428572,5030.32028350812
XAU,5430.0,0.0642128917563757,0.0006421289175637571,0.0,0.0,0.0,0.0,0.0,0.0,4160.381966845566,4032.475176011577,4224.335362262561,3968.5217805945817,AUG26,JUN26,4096.428571428572,5030.32028350812
XAU,5435.0,0.05219576132024003,0.0005219576132024003,0.0,0.0,0.0,0.0,0.0,0.0,4160.381966845566,4032.475176011577,4224.335362262561,3968.5217805945817,AUG26,JUN26,4096.428571428572,5030.32028350812
XAU,5440.0,0.12987925927611757,0.0012987925927611756,0.0,0.0,0.0,0.0,0.0,0.0,4160.381966845566,4032.475176011577,4224.335362262561,3968.5217805945817,AUG26,JUN26,4096.428571428572,5030.32028350812
XAU,5445.0,0.0,0.0,0.0,0.0,0.0,0.0,0.0,0.0,4160.381966845566,4032.475176011577,4224.335362262561,3968.5217805945817,AUG26,JUN26,4096.428571428572,5030.32028350812
XAU,5450.0,0.0,0.0,0.0,0.0,0.0,0.0,0.0,0.0,4160.381966845566,4032.475176011577,4224.335362262561,3968.5217805945817,AUG26,JUN26,4096.428571428572,5030.32028350812
XAU,5455.0,0.32836599056982796,0.00328365990569828,0.0,0.0,0.0,0.0,0.0,0.0,4160.381966845566,4032.475176011577,4224.335362262561,3968.5217805945817,AUG26,JUN26,4096.428571428572,5030.32028350812
XAU,5460.0,0.01676166168048098,0.0001676166168048098,0.0,0.0,0.0,0.0,0.0,0.0,4160.381966845566,4032.475176011577,4224.335362262561,3968.5217805945817,AUG26,JUN26,4096.428571428572,5030.32028350812
XAU,5465.0,0.008342353894845616,8.342353894845617e-05,0.0,0.0,0.0,0.0,0.0,0.0,4160.381966845566,4032.475176011577,4224.335362262561,3968.5217805945817,AUG26,JUN26,4096.428571428572,5030.32028350812
XAU,5470.0,0.03321682356302634,0.00033216823563026344,0.0,0.0,0.0,0.0,0.0,0.0,4160.381966845566,4032.475176011577,4224.335362262561,3968.5217805945817,AUG26,JUN26,4096.428571428572,5030.32028350812
XAU,5475.0,0.0,0.0,0.0,0.0,0.0,0.0,0.0,0.0,4160.381966845566,4032.475176011577,4224.335362262561,3968.5217805945817,AUG26,JUN26,4096.428571428572,5030.32028350812
XAU,5480.0,0.008110054486022809,8.11005448602281e-05,0.0,0.0,0.0,0.0,0.0,0.0,4160.381966845566,4032.475176011577,4224.335362262561,3968.5217805945817,AUG26,JUN26,4096.428571428572,5030.32028350812
XAU,5485.0,0.0,0.0,0.0,0.0,0.0,0.0,0.0,0.0,4160.381966845566,4032.475176011577,4224.335362262561,3968.5217805945817,AUG26,JUN26,4096.428571428572,5030.32028350812
XAU,5490.0,0.00803693288821947,8.03693288821947e-05,0.0,0.0,0.0,0.0,0.0,0.0,4160.381966845566,4032.475176011577,4224.335362262561,3968.5217805945817,AUG26,JUN26,4096.428571428572,5030.32028350812
XAU,5495.0,0.0,0.0,0.0,0.0,0.0,0.0,0.0,0.0,4160.381966845566,4032.475176011577,4224.335362262561,3968.5217805945817,AUG26,JUN26,4096.428571428572,5030.32028350812
XAU,5500.0,0.0,0.0,0.0,0.0,0.0,0.0,0.0,0.0,4160.381966845566,4032.475176011577,4224.335362262561,3968.5217805945817,AUG26,JUN26,4096.428571428572,5030.32028350812
XAU,5505.0,0.0,0.0,0.0,0.0,0.0,0.0,0.0,0.0,4160.381966845566,4032.475176011577,4224.335362262561,3968.5217805945817,AUG26,JUN26,4096.428571428572,5030.32028350812
XAU,5510.0,0.031104493369861763,0.0003110449336986176,0.0,0.0,0.0,0.0,0.0,0.0,4160.381966845566,4032.475176011577,4224.335362262561,3968.5217805945817,AUG26,JUN26,4096.428571428572,5030.32028350812
XAU,5515.0,0.030966679602546083,0.0003096667960254608,0.0,0.0,0.0,0.0,0.0,0.0,4160.381966845566,4032.475176011577,4224.335362262561,3968.5217805945817,AUG26,JUN26,4096.428571428572,5030.32028350812
XAU,5520.0,0.007707501321272915,7.707501321272915e-05,0.0,0.0,0.0,0.0,0.0,0.0,4160.381966845566,4032.475176011577,4224.335362262561,3968.5217805945817,AUG26,JUN26,4096.428571428572,5030.32028350812
XAU,5525.0,0.053715299815248196,0.0005371529981524819,0.0,0.0,0.0,0.0,0.0,0.0,4160.381966845566,4032.475176011577,4224.335362262561,3968.5217805945817,AUG26,JUN26,4096.428571428572,5030.32028350812
XAU,5530.0,0.0,0.0,0.0,0.0,0.0,0.0,0.0,0.0,4160.381966845566,4032.475176011577,4224.335362262561,3968.5217805945817,AUG26,JUN26,4096.428571428572,5030.32028350812
XAU,5535.0,0.0,0.0,0.0,0.0,0.0,0.0,0.0,0.0,4160.381966845566,4032.475176011577,4224.335362262561,3968.5217805945817,AUG26,JUN26,4096.428571428572,5030.32028350812
XAU,5540.0,0.0,0.0,0.0,0.0,0.0,0.0,0.0,0.0,4160.381966845566,4032.475176011577,4224.335362262561,3968.5217805945817,AUG26,JUN26,4096.428571428572,5030.32028350812
XAU,5545.0,0.0,0.0,0.0,0.0,0.0,0.0,0.0,0.0,4160.381966845566,4032.475176011577,4224.335362262561,3968.5217805945817,AUG26,JUN26,4096.428571428572,5030.32028350812
XAU,5550.0,0.34000888133749035,0.0034000888133749033,0.0,0.0,0.0,0.0,0.0,0.0,4160.381966845566,4032.475176011577,4224.335362262561,3968.5217805945817,AUG26,JUN26,4096.428571428572,5030.32028350812
XAU,5555.0,0.03679836764337596,0.00036798367643375965,0.0,0.0,0.0,0.0,0.0,0.0,4160.381966845566,4032.475176011577,4224.335362262561,3968.5217805945817,AUG26,JUN26,4096.428571428572,5030.32028350812
XAU,5560.0,0.0,0.0,0.0,0.0,0.0,0.0,0.0,0.0,4160.381966845566,4032.475176011577,4224.335362262561,3968.5217805945817,AUG26,JUN26,4096.428571428572,5030.32028350812
XAU,5565.0,0.0,0.0,0.0,0.0,0.0,0.0,0.0,0.0,4160.381966845566,4032.475176011577,4224.335362262561,3968.5217805945817,AUG26,JUN26,4096.428571428572,5030.32028350812
XAU,5570.0,0.0,0.0,0.0,0.0,0.0,0.0,0.0,0.0,4160.381966845566,4032.475176011577,4224.335362262561,3968.5217805945817,AUG26,JUN26,4096.428571428572,5030.32028350812
XAU,5575.0,0.03559051252029455,0.00035590512520294545,0.0,0.0,0.0,0.0,0.0,0.0,4160.381966845566,4032.475176011577,4224.335362262561,3968.5217805945817,AUG26,JUN26,4096.428571428572,5030.32028350812
XAU,5580.0,0.0,0.0,0.0,0.0,0.0,0.0,0.0,0.0,4160.381966845566,4032.475176011577,4224.335362262561,3968.5217805945817,AUG26,JUN26,4096.428571428572,5030.32028350812
XAU,5585.0,0.0,0.0,0.0,0.0,0.0,0.0,0.0,0.0,4160.381966845566,4032.475176011577,4224.335362262561,3968.5217805945817,AUG26,JUN26,4096.428571428572,5030.32028350812
XAU,5590.0,0.18273860175929715,0.0018273860175929714,0.0,0.0,0.0,0.0,0.0,0.0,4160.381966845566,4032.475176011577,4224.335362262561,3968.5217805945817,AUG26,JUN26,4096.428571428572,5030.32028350812
XAU,5595.0,0.0,0.0,0.0,0.0,0.0,0.0,0.0,0.0,4160.381966845566,4032.475176011577,4224.335362262561,3968.5217805945817,AUG26,JUN26,4096.428571428572,5030.32028350812
XAU,5600.0,0.0,0.0,0.0,0.0,0.0,0.0,0.0,0.0,4160.381966845566,4032.475176011577,4224.335362262561,3968.5217805945817,AUG26,JUN26,4096.428571428572,5030.32028350812
XAU,5605.0,0.0,0.0,0.0,0.0,0.0,0.0,0.0,0.0,4160.381966845566,4032.475176011577,4224.335362262561,3968.5217805945817,AUG26,JUN26,4096.428571428572,5030.32028350812
XAU,5610.0,0.0,0.0,0.0,0.0,0.0,0.0,0.0,0.0,4160.381966845566,4032.475176011577,4224.335362262561,3968.5217805945817,AUG26,JUN26,4096.428571428572,5030.32028350812
XAU,5615.0,0.006767932221030671,6.767932221030671e-05,0.0,0.0,0.0,0.0,0.0,0.0,4160.381966845566,4032.475176011577,4224.335362262561,3968.5217805945817,AUG26,JUN26,4096.428571428572,5030.32028350812
XAU,5620.0,0.13480108535040183,0.0013480108535040183,0.0,0.0,0.0,0.0,0.0,0.0,4160.381966845566,4032.475176011577,4224.335362262561,3968.5217805945817,AUG26,JUN26,4096.428571428572,5030.32028350812
XAU,5625.0,0.04698674186975927,0.0004698674186975927,0.0,0.0,0.0,0.0,0.0,0.0,4160.381966845566,4032.475176011577,4224.335362262561,3968.5217805945817,AUG26,JUN26,4096.428571428572,5030.32028350812
XAU,5630.0,0.0,0.0,0.0,0.0,0.0,0.0,0.0,0.0,4160.381966845566,4032.475176011577,4224.335362262561,3968.5217805945817,AUG26,JUN26,4096.428571428572,5030.32028350812
XAU,5635.0,0.0,0.0,0.0,0.0,0.0,0.0,0.0,0.0,4160.381966845566,4032.475176011577,4224.335362262561,3968.5217805945817,AUG26,JUN26,4096.428571428572,5030.32028350812
XAU,5640.0,0.0,0.0,0.0,0.0,0.0,0.0,0.0,0.0,4160.381966845566,4032.475176011577,4224.335362262561,3968.5217805945817,AUG26,JUN26,4096.428571428572,5030.32028350812
XAU,5645.0,0.0,0.0,0.0,0.0,0.0,0.0,0.0,0.0,4160.381966845566,4032.475176011577,4224.335362262561,3968.5217805945817,AUG26,JUN26,4096.428571428572,5030.32028350812
XAU,5650.0,0.016285077437877046,0.00016285077437877045,0.0,0.0,0.0,0.0,0.0,0.0,4160.381966845566,4032.475176011577,4224.335362262561,3968.5217805945817,AUG26,JUN26,4096.428571428572,5030.32028350812
XAU,5655.0,0.03218122095815916,0.0003218122095815916,0.0,0.0,0.0,0.0,0.0,0.0,4160.381966845566,4032.475176011577,4224.335362262561,3968.5217805945817,AUG26,JUN26,4096.428571428572,5030.32028350812
XAU,5660.0,0.006410432114051839,6.410432114051839e-05,0.0,0.0,0.0,0.0,0.0,0.0,4160.381966845566,4032.475176011577,4224.335362262561,3968.5217805945817,AUG26,JUN26,4096.428571428572,5030.32028350812
XAU,5665.0,0.019154443729801955,0.00019154443729801955,0.0,0.0,0.0,0.0,0.0,0.0,4160.381966845566,4032.475176011577,4224.335362262561,3968.5217805945817,AUG26,JUN26,4096.428571428572,5030.32028350812
XAU,5670.0,0.0,0.0,0.0,0.0,0.0,0.0,0.0,0.0,4160.381966845566,4032.475176011577,4224.335362262561,3968.5217805945817,AUG26,JUN26,4096.428571428572,5030.32028350812
XAU,5675.0,0.0,0.0,0.0,0.0,0.0,0.0,0.0,0.0,4160.381966845566,4032.475176011577,4224.335362262561,3968.5217805945817,AUG26,JUN26,4096.428571428572,5030.32028350812
XAU,5680.0,0.0,0.0,0.0,0.0,0.0,0.0,0.0,0.0,4160.381966845566,4032.475176011577,4224.335362262561,3968.5217805945817,AUG26,JUN26,4096.428571428572,5030.32028350812
XAU,5685.0,0.01573135084742,0.0001573135084742,0.0,0.0,0.0,0.0,0.0,0.0,4160.381966845566,4032.475176011577,4224.335362262561,3968.5217805945817,AUG26,JUN26,4096.428571428572,5030.32028350812
XAU,5690.0,0.0,0.0,0.0,0.0,0.0,0.0,0.0,0.0,4160.381966845566,4032.475176011577,4224.335362262561,3968.5217805945817,AUG26,JUN26,4096.428571428572,5030.32028350812
XAU,5695.0,0.0,0.0,0.0,0.0,0.0,0.0,0.0,0.0,4160.381966845566,4032.475176011577,4224.335362262561,3968.5217805945817,AUG26,JUN26,4096.428571428572,5030.32028350812
XAU,5700.0,6.207278353220098,0.06207278353220098,0.0,0.0,0.0,0.0,0.0,0.0,4160.381966845566,4032.475176011577,4224.335362262561,3968.5217805945817,AUG26,JUN26,4096.428571428572,5030.32028350812
XAU,5705.0,0.0,0.0,0.0,0.0,0.0,0.0,0.0,0.0,4160.381966845566,4032.475176011577,4224.335362262561,3968.5217805945817,AUG26,JUN26,4096.428571428572,5030.32028350812
XAU,5710.0,0.0,0.0,0.0,0.0,0.0,0.0,0.0,0.0,4160.381966845566,4032.475176011577,4224.335362262561,3968.5217805945817,AUG26,JUN26,4096.428571428572,5030.32028350812
XAU,5720.0,0.0,0.0,0.0,0.0,0.0,0.0,0.0,0.0,4160.381966845566,4032.475176011577,4224.335362262561,3968.5217805945817,AUG26,JUN26,4096.428571428572,5030.32028350812
XAU,5725.0,0.0,0.0,0.0,0.0,0.0,0.0,0.0,0.0,4160.381966845566,4032.475176011577,4224.335362262561,3968.5217805945817,AUG26,JUN26,4096.428571428572,5030.32028350812
XAU,5730.0,0.0,0.0,0.0,0.0,0.0,0.0,0.0,0.0,4160.381966845566,4032.475176011577,4224.335362262561,3968.5217805945817,AUG26,JUN26,4096.428571428572,5030.32028350812
XAU,5740.0,0.0,0.0,0.0,0.0,0.0,0.0,0.0,0.0,4160.381966845566,4032.475176011577,4224.335362262561,3968.5217805945817,AUG26,JUN26,4096.428571428572,5030.32028350812
XAU,5750.0,3.050973325954586,0.030509733259545854,0.0,0.0,0.0,0.0,0.0,0.0,4160.381966845566,4032.475176011577,4224.335362262561,3968.5217805945817,AUG26,JUN26,4096.428571428572,5030.32028350812
XAU,5760.0,0.0,0.0,0.0,0.0,0.0,0.0,0.0,0.0,4160.381966845566,4032.475176011577,4224.335362262561,3968.5217805945817,AUG26,JUN26,4096.428571428572,5030.32028350812
XAU,5770.0,0.0,0.0,0.0,0.0,0.0,0.0,0.0,0.0,4160.381966845566,4032.475176011577,4224.335362262561,3968.5217805945817,AUG26,JUN26,4096.428571428572,5030.32028350812
XAU,5775.0,0.0,0.0,0.0,0.0,0.0,0.0,0.0,0.0,4160.381966845566,4032.475176011577,4224.335362262561,3968.5217805945817,AUG26,JUN26,4096.428571428572,5030.32028350812
XAU,5780.0,0.0,0.0,0.0,0.0,0.0,0.0,0.0,0.0,4160.381966845566,4032.475176011577,4224.335362262561,3968.5217805945817,AUG26,JUN26,4096.428571428572,5030.32028350812
XAU,5790.0,0.0,0.0,0.0,0.0,0.0,0.0,0.0,0.0,4160.381966845566,4032.475176011577,4224.335362262561,3968.5217805945817,AUG26,JUN26,4096.428571428572,5030.32028350812
XAU,5800.0,0.0,0.0,0.0,0.0,0.0,0.0,0.0,0.0,4160.381966845566,4032.475176011577,4224.335362262561,3968.5217805945817,AUG26,JUN26,4096.428571428572,5030.32028350812
XAU,5810.0,0.010424573894782638,0.00010424573894782638,0.0,0.0,0.0,0.0,0.0,0.0,4160.381966845566,4032.475176011577,4224.335362262561,3968.5217805945817,AUG26,JUN26,4096.428571428572,5030.32028350812
XAU,5820.0,0.0,0.0,0.0,0.0,0.0,0.0,0.0,0.0,4160.381966845566,4032.475176011577,4224.335362262561,3968.5217805945817,AUG26,JUN26,4096.428571428572,5030.32028350812
XAU,5825.0,0.0,0.0,0.0,0.0,0.0,0.0,0.0,0.0,4160.381966845566,4032.475176011577,4224.335362262561,3968.5217805945817,AUG26,JUN26,4096.428571428572,5030.32028350812
XAU,5850.0,0.0,0.0,0.0,0.0,0.0,0.0,0.0,0.0,4160.381966845566,4032.475176011577,4224.335362262561,3968.5217805945817,AUG26,JUN26,4096.428571428572,5030.32028350812
XAU,5875.0,0.0,0.0,0.0,0.0,0.0,0.0,0.0,0.0,4160.381966845566,4032.475176011577,4224.335362262561,3968.5217805945817,AUG26,JUN26,4096.428571428572,5030.32028350812
XAU,5880.0,0.0,0.0,0.0,0.0,0.0,0.0,0.0,0.0,4160.381966845566,4032.475176011577,4224.335362262561,3968.5217805945817,AUG26,JUN26,4096.428571428572,5030.32028350812
XAU,5900.0,0.0,0.0,0.0,0.0,0.0,0.0,0.0,0.0,4160.381966845566,4032.475176011577,4224.335362262561,3968.5217805945817,AUG26,JUN26,4096.428571428572,5030.32028350812
XAU,5925.0,0.0,0.0,0.0,0.0,0.0,0.0,0.0,0.0,4160.381966845566,4032.475176011577,4224.335362262561,3968.5217805945817,AUG26,JUN26,4096.428571428572,5030.32028350812
XAU,5950.0,0.0,0.0,0.0,0.0,0.0,0.0,0.0,0.0,4160.381966845566,4032.475176011577,4224.335362262561,3968.5217805945817,AUG26,JUN26,4096.428571428572,5030.32028350812
XAU,5975.0,0.0,0.0,0.0,0.0,0.0,0.0,0.0,0.0,4160.381966845566,4032.475176011577,4224.335362262561,3968.5217805945817,AUG26,JUN26,4096.428571428572,5030.32028350812
XAU,6000.0,0.01608966863418667,0.0001608966863418667,0.0,0.0,0.0,0.0,0.0,0.0,4160.381966845566,4032.475176011577,4224.335362262561,3968.5217805945817,AUG26,JUN26,4096.428571428572,5030.32028350812
XAU,6025.0,0.0,0.0,0.0,0.0,0.0,0.0,0.0,0.0,4160.381966845566,4032.475176011577,4224.335362262561,3968.5217805945817,AUG26,JUN26,4096.428571428572,5030.32028350812
XAU,6050.0,0.0,0.0,0.0,0.0,0.0,0.0,0.0,0.0,4160.381966845566,4032.475176011577,4224.335362262561,3968.5217805945817,AUG26,JUN26,4096.428571428572,5030.32028350812
XAU,6075.0,0.0,0.0,0.0,0.0,0.0,0.0,0.0,0.0,4160.381966845566,4032.475176011577,4224.335362262561,3968.5217805945817,AUG26,JUN26,4096.428571428572,5030.32028350812
XAU,6100.0,0.0,0.0,0.0,0.0,0.0,0.0,0.0,0.0,4160.381966845566,4032.475176011577,4224.335362262561,3968.5217805945817,AUG26,JUN26,4096.428571428572,5030.32028350812
XAU,6150.0,0.0,0.0,0.0,0.0,0.0,0.0,0.0,0.0,4160.381966845566,4032.475176011577,4224.335362262561,3968.5217805945817,AUG26,JUN26,4096.428571428572,5030.32028350812
XAU,6200.0,0.0,0.0,0.0,0.0,0.0,0.0,0.0,0.0,4160.381966845566,4032.475176011577,4224.335362262561,3968.5217805945817,AUG26,JUN26,4096.428571428572,5030.32028350812
XAU,6250.0,0.0,0.0,0.0,0.0,0.0,0.0,0.0,0.0,4160.381966845566,4032.475176011577,4224.335362262561,3968.5217805945817,AUG26,JUN26,4096.428571428572,5030.32028350812
XAU,6300.0,0.0,0.0,0.0,0.0,0.0,0.0,0.0,0.0,4160.381966845566,4032.475176011577,4224.335362262561,3968.5217805945817,AUG26,JUN26,4096.428571428572,5030.32028350812
XAU,6400.0,0.0,0.0,0.0,0.0,0.0,0.0,0.0,0.0,4160.381966845566,4032.475176011577,4224.335362262561,3968.5217805945817,AUG26,JUN26,4096.428571428572,5030.32028350812
XAU,6500.0,6.803501230459755,0.06803501230459755,0.0,0.0,0.0,0.0,0.0,0.0,4160.381966845566,4032.475176011577,4224.335362262561,3968.5217805945817,AUG26,JUN26,4096.428571428572,5030.32028350812
XAU,6550.0,0.0,0.0,0.0,0.0,0.0,0.0,0.0,0.0,4160.381966845566,4032.475176011577,4224.335362262561,3968.5217805945817,AUG26,JUN26,4096.428571428572,5030.32028350812
XAU,6600.0,0.00811176387616315,8.11176387616315e-05,0.0,0.0,0.0,0.0,0.0,0.0,4160.381966845566,4032.475176011577,4224.335362262561,3968.5217805945817,AUG26,JUN26,4096.428571428572,5030.32028350812
XAU,6650.0,0.0,0.0,0.0,0.0,0.0,0.0,0.0,0.0,4160.381966845566,4032.475176011577,4224.335362262561,3968.5217805945817,AUG26,JUN26,4096.428571428572,5030.32028350812
XAU,6700.0,0.0,0.0,0.0,0.0,0.0,0.0,0.0,0.0,4160.381966845566,4032.475176011577,4224.335362262561,3968.5217805945817,AUG26,JUN26,4096.428571428572,5030.32028350812
XAU,6750.0,0.0,0.0,0.0,0.0,0.0,0.0,0.0,0.0,4160.381966845566,4032.475176011577,4224.335362262561,3968.5217805945817,AUG26,JUN26,4096.428571428572,5030.32028350812
XAU,6775.0,0.0,0.0,0.0,0.0,0.0,0.0,0.0,0.0,4160.381966845566,4032.475176011577,4224.335362262561,3968.5217805945817,AUG26,JUN26,4096.428571428572,5030.32028350812
XAU,6800.0,0.03394994695815722,0.00033949946958157225,0.0,0.0,0.0,0.0,0.0,0.0,4160.381966845566,4032.475176011577,4224.335362262561,3968.5217805945817,AUG26,JUN26,4096.428571428572,5030.32028350812
XAU,6900.0,0.08208862545895698,0.0008208862545895699,0.0,0.0,0.0,0.0,0.0,0.0,4160.381966845566,4032.475176011577,4224.335362262561,3968.5217805945817,AUG26,JUN26,4096.428571428572,5030.32028350812
XAU,7000.0,5.356395376495251,0.05356395376495251,0.0,0.0,0.0,0.0,0.0,0.0,4160.381966845566,4032.475176011577,4224.335362262561,3968.5217805945817,AUG26,JUN26,4096.428571428572,5030.32028350812
XAU,7100.0,0.0,0.0,0.0,0.0,0.0,0.0,0.0,0.0,4160.381966845566,4032.475176011577,4224.335362262561,3968.5217805945817,AUG26,JUN26,4096.428571428572,5030.32028350812
XAU,7130.0,0.0,0.0,0.0,0.0,0.0,0.0,0.0,0.0,4160.381966845566,4032.475176011577,4224.335362262561,3968.5217805945817,AUG26,JUN26,4096.428571428572,5030.32028350812
XAU,7150.0,0.0,0.0,0.0,0.0,0.0,0.0,0.0,0.0,4160.381966845566,4032.475176011577,4224.335362262561,3968.5217805945817,AUG26,JUN26,4096.428571428572,5030.32028350812
XAU,7175.0,0.0,0.0,0.0,0.0,0.0,0.0,0.0,0.0,4160.381966845566,4032.475176011577,4224.335362262561,3968.5217805945817,AUG26,JUN26,4096.428571428572,5030.32028350812
XAU,7200.0,0.0,0.0,0.0,0.0,0.0,0.0,0.0,0.0,4160.381966845566,4032.475176011577,4224.335362262561,3968.5217805945817,AUG26,JUN26,4096.428571428572,5030.32028350812
XAU,7250.0,0.0,0.0,0.0,0.0,0.0,0.0,0.0,0.0,4160.381966845566,4032.475176011577,4224.335362262561,3968.5217805945817,AUG26,JUN26,4096.428571428572,5030.32028350812
XAU,7500.0,0.002337741265603815,2.337741265603815e-05,0.0,0.0,0.0,0.0,0.0,0.0,4160.381966845566,4032.475176011577,4224.335362262561,3968.5217805945817,AUG26,JUN26,4096.428571428572,5030.32028350812
XAU,7700.0,0.0,0.0,0.0,0.0,0.0,0.0,0.0,0.0,4160.381966845566,4032.475176011577,4224.335362262561,3968.5217805945817,AUG26,JUN26,4096.428571428572,5030.32028350812
XAU,7800.0,0.0,0.0,0.0,0.0,0.0,0.0,0.0,0.0,4160.381966845566,4032.475176011577,4224.335362262561,3968.5217805945817,AUG26,JUN26,4096.428571428572,5030.32028350812
XAU,7900.0,0.0,0.0,0.0,0.0,0.0,0.0,0.0,0.0,4160.381966845566,4032.475176011577,4224.335362262561,3968.5217805945817,AUG26,JUN26,4096.428571428572,5030.32028350812
XAU,8000.0,2.8366416993821355,0.028366416993821357,0.0,0.0,0.0,0.0,0.0,0.0,4160.381966845566,4032.475176011577,4224.335362262561,3968.5217805945817,AUG26,JUN26,4096.428571428572,5030.32028350812
XAU,8125.0,0.0,0.0,0.0,0.0,0.0,0.0,0.0,0.0,4160.381966845566,4032.475176011577,4224.335362262561,3968.5217805945817,AUG26,JUN26,4096.428571428572,5030.32028350812
XAU,8500.0,0.024241782546169377,0.00024241782546169377,0.0,0.0,0.0,0.0,0.0,0.0,4160.381966845566,4032.475176011577,4224.335362262561,3968.5217805945817,AUG26,JUN26,4096.428571428572,5030.32028350812
XAU,8630.0,0.0,0.0,0.0,0.0,0.0,0.0,0.0,0.0,4160.381966845566,4032.475176011577,4224.335362262561,3968.5217805945817,AUG26,JUN26,4096.428571428572,5030.32028350812
XAU,8725.0,0.0,0.0,0.0,0.0,0.0,0.0,0.0,0.0,4160.381966845566,4032.475176011577,4224.335362262561,3968.5217805945817,AUG26,JUN26,4096.428571428572,5030.32028350812
XAU,8775.0,0.0,0.0,0.0,0.0,0.0,0.0,0.0,0.0,4160.381966845566,4032.475176011577,4224.335362262561,3968.5217805945817,AUG26,JUN26,4096.428571428572,5030.32028350812
XAU,9000.0,0.01257974783167602,0.0001257974783167602,0.0,0.0,0.0,0.0,0.0,0.0,4160.381966845566,4032.475176011577,4224.335362262561,3968.5217805945817,AUG26,JUN26,4096.428571428572,5030.32028350812
XAU,9500.0,0.48112748631855573,0.004811274863185557,0.0,0.0,0.0,0.0,0.0,0.0,4160.381966845566,4032.475176011577,4224.335362262561,3968.5217805945817,AUG26,JUN26,4096.428571428572,5030.32028350812
XAU,9900.0,0.0,0.0,0.0,0.0,0.0,0.0,0.0,0.0,4160.381966845566,4032.475176011577,4224.335362262561,3968.5217805945817,AUG26,JUN26,4096.428571428572,5030.32028350812
XAU,10000.0,0.0,0.0,0.0,0.0,0.0,0.0,0.0,0.0,4160.381966845566,4032.475176011577,4224.335362262561,3968.5217805945817,AUG26,JUN26,4096.428571428572,5030.32028350812
XAU,10500.0,0.0,0.0,0.0,0.0,0.0,0.0,0.0,0.0,4160.381966845566,4032.475176011577,4224.335362262561,3968.5217805945817,AUG26,JUN26,4096.428571428572,5030.32028350812
XAU,11000.0,0.0,0.0,0.0,0.0,0.0,0.0,0.0,0.0,4160.381966845566,4032.475176011577,4224.335362262561,3968.5217805945817,AUG26,JUN26,4096.428571428572,5030.32028350812
XAU,13000.0,0.01687780961698113,0.0001687780961698113,0.0,0.0,0.0,0.0,0.0,0.0,4160.381966845566,4032.475176011577,4224.335362262561,3968.5217805945817,AUG26,JUN26,4096.428571428572,5030.32028350812
XAU,15000.0,0.0,0.0,0.0,0.0,0.0,0.0,0.0,0.0,4160.381966845566,4032.475176011577,4224.335362262561,3968.5217805945817,AUG26,JUN26,4096.428571428572,5030.32028350812
XAU,17000.0,0.014319984888540256,0.00014319984888540256,0.0,0.0,0.0,0.0,0.0,0.0,4160.381966845566,4032.475176011577,4224.335362262561,3968.5217805945817,AUG26,JUN26,4096.428571428572,5030.32028350812
XAU,19000.0,0.0723830925536463,0.0007238309255364631,0.0,0.0,0.0,0.0,0.0,0.0,4160.381966845566,4032.475176011577,4224.335362262561,3968.5217805945817,AUG26,JUN26,4096.428571428572,5030.32028350812
XAU,20000.0,0.062221007752119056,0.0006222100775211905,0.0,0.0,0.0,0.0,0.0,0.0,4160.381966845566,4032.475176011577,4224.335362262561,3968.5217805945817,AUG26,JUN26,4096.428571428572,5030.32028350812
XAU,21000.0,0.00867188395882981,8.671883958829811e-05,0.0,0.0,0.0,0.0,0.0,0.0,4160.381966845566,4032.475176011577,4224.335362262561,3968.5217805945817,AUG26,JUN26,4096.428571428572,5030.32028350812
XAU,24000.0,0.016543343624220677,0.00016543343624220676,0.0,0.0,0.0,0.0,0.0,0.0,4160.381966845566,4032.475176011577,4224.335362262561,3968.5217805945817,AUG26,JUN26,4096.428571428572,5030.32028350812
