Currency,Strike,Total_GEX,Total_Abs_Gamma,Daily_Call_Settle,Daily_Call_OI,Daily_Put_Settle,Daily_Put_OI,Global_Call_OI,Global_Put_OI,R68_High,R68_Low,R95_High,R95_Low,Global_Month,Daily_Month,Daily_Expiry,Global_Expiry,Futures_Spot,Gamma_Flip,Gamma_Flip_Status,Quality_Status,Quality_Reasons,Series_Catalog_Version,Spot_Source,Spot_Reference_Month,Spot_Month_Sources,Spot_Observed_Values,Spot_Fallback_Details,IV_Source,IV_Expiry,IV_DTE,IV_Input_Rows,IV_Reference_Strike,IV_Fallback_Reason,Input_Rows,Used_Rows,Excluded_Unknown_Rows,Excluded_Unresolved_Expiry_Rows,Excluded_Expired_Rows,Unknown_Option_Types,Estimated_Expiry_Types,Anomaly_Status,Anomaly_Codes,Anomaly_Details,Anomaly_Baseline_Date
SPX,2000.0,0.0,0.0,0.0,0.0,0.0,0.0,0.0,0.0,7906.272501294064,7798.927498705937,7959.945002588127,7745.254997411874,DEC26,OCT26,2026-10-08,2026-12-18,7852.6,7825.767905144304,FOUND,DEGRADED,SPOT_MONTH_FALLBACK;UNKNOWN_SERIES;ESTIMATED_EXPIRY_ALIAS,2026-08-02.2,PUT_CALL_PARITY,OCT26,OCT26=PUT_CALL_PARITY;NOV26=PUT_CALL_PARITY;FEB27=PUT_CALL_PARITY;MAR27=PUT_CALL_PARITY;DEC26=PUT_CALL_PARITY;JAN27=PUT_CALL_PARITY;APR27=PUT_CALL_PARITY;MAY27=PUT_CALL_PARITY;JUL27=PUT_CALL_PARITY;JUN27=PUT_CALL_PARITY;DEC29=PUT_CALL_PARITY;OCT27=PUT_CALL_PARITY;SEP27=PUT_CALL_PARITY;AUG27=PUT_CALL_PARITY;MAR28=PUT_CALL_PARITY;DEC27=PUT_CALL_PARITY;DEC28=PUT_CALL_PARITY;SEP28=PUT_CALL_PARITY;DEC30=PUT_CALL_PARITY;JUN28=PUT_CALL_PARITY,OCT26=7852.6;NOV26=7852;FEB27=7923.875;MAR27=7994;DEC26=7923.25;JAN27=7924.5;APR27=8008.375;MAY27=8011.875;JUL27=8099.625;JUN27=8066.75;DEC29=8852.375;SEP27=8159.875;AUG27=8105.75;MAR28=8279;DEC27=8177.5;DEC28=8506.75;SEP28=6112.0875;DEC30=9361.5;JUN28=8372.5,OCT27=GLOBAL_REFERENCE_NO_OBSERVATION;SEP28=GLOBAL_REFERENCE_OUTLIER_SERIES_FORWARD_CLUSTER,WEIGHTED_ATM,2026-10-16,6,685,0.0,NONE,11274,10812,462,0,0,RTM,MDW;MMW;MRW;MTW,OK,NONE,NONE,2026-10-07
SPX,2100.0,0.0,0.0,0.0,0.0,0.0,0.0,0.0,0.0,7906.272501294064,7798.927498705937,7959.945002588127,7745.254997411874,DEC26,OCT26,2026-10-08,2026-12-18,7852.6,7825.767905144304,FOUND,DEGRADED,SPOT_MONTH_FALLBACK;UNKNOWN_SERIES;ESTIMATED_EXPIRY_ALIAS,2026-08-02.2,PUT_CALL_PARITY,OCT26,OCT26=PUT_CALL_PARITY;NOV26=PUT_CALL_PARITY;FEB27=PUT_CALL_PARITY;MAR27=PUT_CALL_PARITY;DEC26=PUT_CALL_PARITY;JAN27=PUT_CALL_PARITY;APR27=PUT_CALL_PARITY;MAY27=PUT_CALL_PARITY;JUL27=PUT_CALL_PARITY;JUN27=PUT_CALL_PARITY;DEC29=PUT_CALL_PARITY;OCT27=PUT_CALL_PARITY;SEP27=PUT_CALL_PARITY;AUG27=PUT_CALL_PARITY;MAR28=PUT_CALL_PARITY;DEC27=PUT_CALL_PARITY;DEC28=PUT_CALL_PARITY;SEP28=PUT_CALL_PARITY;DEC30=PUT_CALL_PARITY;JUN28=PUT_CALL_PARITY,OCT26=7852.6;NOV26=7852;FEB27=7923.875;MAR27=7994;DEC26=7923.25;JAN27=7924.5;APR27=8008.375;MAY27=8011.875;JUL27=8099.625;JUN27=8066.75;DEC29=8852.375;SEP27=8159.875;AUG27=8105.75;MAR28=8279;DEC27=8177.5;DEC28=8506.75;SEP28=6112.0875;DEC30=9361.5;JUN28=8372.5,OCT27=GLOBAL_REFERENCE_NO_OBSERVATION;SEP28=GLOBAL_REFERENCE_OUTLIER_SERIES_FORWARD_CLUSTER,WEIGHTED_ATM,2026-10-16,6,685,0.0,NONE,11274,10812,462,0,0,RTM,MDW;MMW;MRW;MTW,OK,NONE,NONE,2026-10-07
SPX,2200.0,0.0,0.0,0.0,0.0,0.0,0.0,0.0,0.0,7906.272501294064,7798.927498705937,7959.945002588127,7745.254997411874,DEC26,OCT26,2026-10-08,2026-12-18,7852.6,7825.767905144304,FOUND,DEGRADED,SPOT_MONTH_FALLBACK;UNKNOWN_SERIES;ESTIMATED_EXPIRY_ALIAS,2026-08-02.2,PUT_CALL_PARITY,OCT26,OCT26=PUT_CALL_PARITY;NOV26=PUT_CALL_PARITY;FEB27=PUT_CALL_PARITY;MAR27=PUT_CALL_PARITY;DEC26=PUT_CALL_PARITY;JAN27=PUT_CALL_PARITY;APR27=PUT_CALL_PARITY;MAY27=PUT_CALL_PARITY;JUL27=PUT_CALL_PARITY;JUN27=PUT_CALL_PARITY;DEC29=PUT_CALL_PARITY;OCT27=PUT_CALL_PARITY;SEP27=PUT_CALL_PARITY;AUG27=PUT_CALL_PARITY;MAR28=PUT_CALL_PARITY;DEC27=PUT_CALL_PARITY;DEC28=PUT_CALL_PARITY;SEP28=PUT_CALL_PARITY;DEC30=PUT_CALL_PARITY;JUN28=PUT_CALL_PARITY,OCT26=7852.6;NOV26=7852;FEB27=7923.875;MAR27=7994;DEC26=7923.25;JAN27=7924.5;APR27=8008.375;MAY27=8011.875;JUL27=8099.625;JUN27=8066.75;DEC29=8852.375;SEP27=8159.875;AUG27=8105.75;MAR28=8279;DEC27=8177.5;DEC28=8506.75;SEP28=6112.0875;DEC30=9361.5;JUN28=8372.5,OCT27=GLOBAL_REFERENCE_NO_OBSERVATION;SEP28=GLOBAL_REFERENCE_OUTLIER_SERIES_FORWARD_CLUSTER,WEIGHTED_ATM,2026-10-16,6,685,0.0,NONE,11274,10812,462,0,0,RTM,MDW;MMW;MRW;MTW,OK,NONE,NONE,2026-10-07
SPX,2300.0,0.0,0.0,0.0,0.0,0.0,0.0,0.0,0.0,7906.272501294064,7798.927498705937,7959.945002588127,7745.254997411874,DEC26,OCT26,2026-10-08,2026-12-18,7852.6,7825.767905144304,FOUND,DEGRADED,SPOT_MONTH_FALLBACK;UNKNOWN_SERIES;ESTIMATED_EXPIRY_ALIAS,2026-08-02.2,PUT_CALL_PARITY,OCT26,OCT26=PUT_CALL_PARITY;NOV26=PUT_CALL_PARITY;FEB27=PUT_CALL_PARITY;MAR27=PUT_CALL_PARITY;DEC26=PUT_CALL_PARITY;JAN27=PUT_CALL_PARITY;APR27=PUT_CALL_PARITY;MAY27=PUT_CALL_PARITY;JUL27=PUT_CALL_PARITY;JUN27=PUT_CALL_PARITY;DEC29=PUT_CALL_PARITY;OCT27=PUT_CALL_PARITY;SEP27=PUT_CALL_PARITY;AUG27=PUT_CALL_PARITY;MAR28=PUT_CALL_PARITY;DEC27=PUT_CALL_PARITY;DEC28=PUT_CALL_PARITY;SEP28=PUT_CALL_PARITY;DEC30=PUT_CALL_PARITY;JUN28=PUT_CALL_PARITY,OCT26=7852.6;NOV26=7852;FEB27=7923.875;MAR27=7994;DEC26=7923.25;JAN27=7924.5;APR27=8008.375;MAY27=8011.875;JUL27=8099.625;JUN27=8066.75;DEC29=8852.375;SEP27=8159.875;AUG27=8105.75;MAR28=8279;DEC27=8177.5;DEC28=8506.75;SEP28=6112.0875;DEC30=9361.5;JUN28=8372.5,OCT27=GLOBAL_REFERENCE_NO_OBSERVATION;SEP28=GLOBAL_REFERENCE_OUTLIER_SERIES_FORWARD_CLUSTER,WEIGHTED_ATM,2026-10-16,6,685,0.0,NONE,11274,10812,462,0,0,RTM,MDW;MMW;MRW;MTW,OK,NONE,NONE,2026-10-07
SPX,2400.0,0.0,0.0,0.0,0.0,0.0,0.0,0.0,0.0,7906.272501294064,7798.927498705937,7959.945002588127,7745.254997411874,DEC26,OCT26,2026-10-08,2026-12-18,7852.6,7825.767905144304,FOUND,DEGRADED,SPOT_MONTH_FALLBACK;UNKNOWN_SERIES;ESTIMATED_EXPIRY_ALIAS,2026-08-02.2,PUT_CALL_PARITY,OCT26,OCT26=PUT_CALL_PARITY;NOV26=PUT_CALL_PARITY;FEB27=PUT_CALL_PARITY;MAR27=PUT_CALL_PARITY;DEC26=PUT_CALL_PARITY;JAN27=PUT_CALL_PARITY;APR27=PUT_CALL_PARITY;MAY27=PUT_CALL_PARITY;JUL27=PUT_CALL_PARITY;JUN27=PUT_CALL_PARITY;DEC29=PUT_CALL_PARITY;OCT27=PUT_CALL_PARITY;SEP27=PUT_CALL_PARITY;AUG27=PUT_CALL_PARITY;MAR28=PUT_CALL_PARITY;DEC27=PUT_CALL_PARITY;DEC28=PUT_CALL_PARITY;SEP28=PUT_CALL_PARITY;DEC30=PUT_CALL_PARITY;JUN28=PUT_CALL_PARITY,OCT26=7852.6;NOV26=7852;FEB27=7923.875;MAR27=7994;DEC26=7923.25;JAN27=7924.5;APR27=8008.375;MAY27=8011.875;JUL27=8099.625;JUN27=8066.75;DEC29=8852.375;SEP27=8159.875;AUG27=8105.75;MAR28=8279;DEC27=8177.5;DEC28=8506.75;SEP28=6112.0875;DEC30=9361.5;JUN28=8372.5,OCT27=GLOBAL_REFERENCE_NO_OBSERVATION;SEP28=GLOBAL_REFERENCE_OUTLIER_SERIES_FORWARD_CLUSTER,WEIGHTED_ATM,2026-10-16,6,685,0.0,NONE,11274,10812,462,0,0,RTM,MDW;MMW;MRW;MTW,OK,NONE,NONE,2026-10-07
SPX,2500.0,0.0,0.0,0.0,0.0,0.0,0.0,0.0,0.0,7906.272501294064,7798.927498705937,7959.945002588127,7745.254997411874,DEC26,OCT26,2026-10-08,2026-12-18,7852.6,7825.767905144304,FOUND,DEGRADED,SPOT_MONTH_FALLBACK;UNKNOWN_SERIES;ESTIMATED_EXPIRY_ALIAS,2026-08-02.2,PUT_CALL_PARITY,OCT26,OCT26=PUT_CALL_PARITY;NOV26=PUT_CALL_PARITY;FEB27=PUT_CALL_PARITY;MAR27=PUT_CALL_PARITY;DEC26=PUT_CALL_PARITY;JAN27=PUT_CALL_PARITY;APR27=PUT_CALL_PARITY;MAY27=PUT_CALL_PARITY;JUL27=PUT_CALL_PARITY;JUN27=PUT_CALL_PARITY;DEC29=PUT_CALL_PARITY;OCT27=PUT_CALL_PARITY;SEP27=PUT_CALL_PARITY;AUG27=PUT_CALL_PARITY;MAR28=PUT_CALL_PARITY;DEC27=PUT_CALL_PARITY;DEC28=PUT_CALL_PARITY;SEP28=PUT_CALL_PARITY;DEC30=PUT_CALL_PARITY;JUN28=PUT_CALL_PARITY,OCT26=7852.6;NOV26=7852;FEB27=7923.875;MAR27=7994;DEC26=7923.25;JAN27=7924.5;APR27=8008.375;MAY27=8011.875;JUL27=8099.625;JUN27=8066.75;DEC29=8852.375;SEP27=8159.875;AUG27=8105.75;MAR28=8279;DEC27=8177.5;DEC28=8506.75;SEP28=6112.0875;DEC30=9361.5;JUN28=8372.5,OCT27=GLOBAL_REFERENCE_NO_OBSERVATION;SEP28=GLOBAL_REFERENCE_OUTLIER_SERIES_FORWARD_CLUSTER,WEIGHTED_ATM,2026-10-16,6,685,0.0,NONE,11274,10812,462,0,0,RTM,MDW;MMW;MRW;MTW,OK,NONE,NONE,2026-10-07
SPX,2600.0,0.0,0.0,0.0,0.0,0.0,0.0,0.0,0.0,7906.272501294064,7798.927498705937,7959.945002588127,7745.254997411874,DEC26,OCT26,2026-10-08,2026-12-18,7852.6,7825.767905144304,FOUND,DEGRADED,SPOT_MONTH_FALLBACK;UNKNOWN_SERIES;ESTIMATED_EXPIRY_ALIAS,2026-08-02.2,PUT_CALL_PARITY,OCT26,OCT26=PUT_CALL_PARITY;NOV26=PUT_CALL_PARITY;FEB27=PUT_CALL_PARITY;MAR27=PUT_CALL_PARITY;DEC26=PUT_CALL_PARITY;JAN27=PUT_CALL_PARITY;APR27=PUT_CALL_PARITY;MAY27=PUT_CALL_PARITY;JUL27=PUT_CALL_PARITY;JUN27=PUT_CALL_PARITY;DEC29=PUT_CALL_PARITY;OCT27=PUT_CALL_PARITY;SEP27=PUT_CALL_PARITY;AUG27=PUT_CALL_PARITY;MAR28=PUT_CALL_PARITY;DEC27=PUT_CALL_PARITY;DEC28=PUT_CALL_PARITY;SEP28=PUT_CALL_PARITY;DEC30=PUT_CALL_PARITY;JUN28=PUT_CALL_PARITY,OCT26=7852.6;NOV26=7852;FEB27=7923.875;MAR27=7994;DEC26=7923.25;JAN27=7924.5;APR27=8008.375;MAY27=8011.875;JUL27=8099.625;JUN27=8066.75;DEC29=8852.375;SEP27=8159.875;AUG27=8105.75;MAR28=8279;DEC27=8177.5;DEC28=8506.75;SEP28=6112.0875;DEC30=9361.5;JUN28=8372.5,OCT27=GLOBAL_REFERENCE_NO_OBSERVATION;SEP28=GLOBAL_REFERENCE_OUTLIER_SERIES_FORWARD_CLUSTER,WEIGHTED_ATM,2026-10-16,6,685,0.0,NONE,11274,10812,462,0,0,RTM,MDW;MMW;MRW;MTW,OK,NONE,NONE,2026-10-07
SPX,2700.0,0.0,0.0,0.0,0.0,0.0,0.0,0.0,0.0,7906.272501294064,7798.927498705937,7959.945002588127,7745.254997411874,DEC26,OCT26,2026-10-08,2026-12-18,7852.6,7825.767905144304,FOUND,DEGRADED,SPOT_MONTH_FALLBACK;UNKNOWN_SERIES;ESTIMATED_EXPIRY_ALIAS,2026-08-02.2,PUT_CALL_PARITY,OCT26,OCT26=PUT_CALL_PARITY;NOV26=PUT_CALL_PARITY;FEB27=PUT_CALL_PARITY;MAR27=PUT_CALL_PARITY;DEC26=PUT_CALL_PARITY;JAN27=PUT_CALL_PARITY;APR27=PUT_CALL_PARITY;MAY27=PUT_CALL_PARITY;JUL27=PUT_CALL_PARITY;JUN27=PUT_CALL_PARITY;DEC29=PUT_CALL_PARITY;OCT27=PUT_CALL_PARITY;SEP27=PUT_CALL_PARITY;AUG27=PUT_CALL_PARITY;MAR28=PUT_CALL_PARITY;DEC27=PUT_CALL_PARITY;DEC28=PUT_CALL_PARITY;SEP28=PUT_CALL_PARITY;DEC30=PUT_CALL_PARITY;JUN28=PUT_CALL_PARITY,OCT26=7852.6;NOV26=7852;FEB27=7923.875;MAR27=7994;DEC26=7923.25;JAN27=7924.5;APR27=8008.375;MAY27=8011.875;JUL27=8099.625;JUN27=8066.75;DEC29=8852.375;SEP27=8159.875;AUG27=8105.75;MAR28=8279;DEC27=8177.5;DEC28=8506.75;SEP28=6112.0875;DEC30=9361.5;JUN28=8372.5,OCT27=GLOBAL_REFERENCE_NO_OBSERVATION;SEP28=GLOBAL_REFERENCE_OUTLIER_SERIES_FORWARD_CLUSTER,WEIGHTED_ATM,2026-10-16,6,685,0.0,NONE,11274,10812,462,0,0,RTM,MDW;MMW;MRW;MTW,OK,NONE,NONE,2026-10-07
SPX,2800.0,0.0,0.0,0.0,0.0,0.0,0.0,0.0,0.0,7906.272501294064,7798.927498705937,7959.945002588127,7745.254997411874,DEC26,OCT26,2026-10-08,2026-12-18,7852.6,7825.767905144304,FOUND,DEGRADED,SPOT_MONTH_FALLBACK;UNKNOWN_SERIES;ESTIMATED_EXPIRY_ALIAS,2026-08-02.2,PUT_CALL_PARITY,OCT26,OCT26=PUT_CALL_PARITY;NOV26=PUT_CALL_PARITY;FEB27=PUT_CALL_PARITY;MAR27=PUT_CALL_PARITY;DEC26=PUT_CALL_PARITY;JAN27=PUT_CALL_PARITY;APR27=PUT_CALL_PARITY;MAY27=PUT_CALL_PARITY;JUL27=PUT_CALL_PARITY;JUN27=PUT_CALL_PARITY;DEC29=PUT_CALL_PARITY;OCT27=PUT_CALL_PARITY;SEP27=PUT_CALL_PARITY;AUG27=PUT_CALL_PARITY;MAR28=PUT_CALL_PARITY;DEC27=PUT_CALL_PARITY;DEC28=PUT_CALL_PARITY;SEP28=PUT_CALL_PARITY;DEC30=PUT_CALL_PARITY;JUN28=PUT_CALL_PARITY,OCT26=7852.6;NOV26=7852;FEB27=7923.875;MAR27=7994;DEC26=7923.25;JAN27=7924.5;APR27=8008.375;MAY27=8011.875;JUL27=8099.625;JUN27=8066.75;DEC29=8852.375;SEP27=8159.875;AUG27=8105.75;MAR28=8279;DEC27=8177.5;DEC28=8506.75;SEP28=6112.0875;DEC30=9361.5;JUN28=8372.5,OCT27=GLOBAL_REFERENCE_NO_OBSERVATION;SEP28=GLOBAL_REFERENCE_OUTLIER_SERIES_FORWARD_CLUSTER,WEIGHTED_ATM,2026-10-16,6,685,0.0,NONE,11274,10812,462,0,0,RTM,MDW;MMW;MRW;MTW,OK,NONE,NONE,2026-10-07
SPX,2900.0,0.0,0.0,0.0,0.0,0.0,0.0,0.0,0.0,7906.272501294064,7798.927498705937,7959.945002588127,7745.254997411874,DEC26,OCT26,2026-10-08,2026-12-18,7852.6,7825.767905144304,FOUND,DEGRADED,SPOT_MONTH_FALLBACK;UNKNOWN_SERIES;ESTIMATED_EXPIRY_ALIAS,2026-08-02.2,PUT_CALL_PARITY,OCT26,OCT26=PUT_CALL_PARITY;NOV26=PUT_CALL_PARITY;FEB27=PUT_CALL_PARITY;MAR27=PUT_CALL_PARITY;DEC26=PUT_CALL_PARITY;JAN27=PUT_CALL_PARITY;APR27=PUT_CALL_PARITY;MAY27=PUT_CALL_PARITY;JUL27=PUT_CALL_PARITY;JUN27=PUT_CALL_PARITY;DEC29=PUT_CALL_PARITY;OCT27=PUT_CALL_PARITY;SEP27=PUT_CALL_PARITY;AUG27=PUT_CALL_PARITY;MAR28=PUT_CALL_PARITY;DEC27=PUT_CALL_PARITY;DEC28=PUT_CALL_PARITY;SEP28=PUT_CALL_PARITY;DEC30=PUT_CALL_PARITY;JUN28=PUT_CALL_PARITY,OCT26=7852.6;NOV26=7852;FEB27=7923.875;MAR27=7994;DEC26=7923.25;JAN27=7924.5;APR27=8008.375;MAY27=8011.875;JUL27=8099.625;JUN27=8066.75;DEC29=8852.375;SEP27=8159.875;AUG27=8105.75;MAR28=8279;DEC27=8177.5;DEC28=8506.75;SEP28=6112.0875;DEC30=9361.5;JUN28=8372.5,OCT27=GLOBAL_REFERENCE_NO_OBSERVATION;SEP28=GLOBAL_REFERENCE_OUTLIER_SERIES_FORWARD_CLUSTER,WEIGHTED_ATM,2026-10-16,6,685,0.0,NONE,11274,10812,462,0,0,RTM,MDW;MMW;MRW;MTW,OK,NONE,NONE,2026-10-07
SPX,3000.0,0.0,0.0,0.0,0.0,0.0,0.0,0.0,0.0,7906.272501294064,7798.927498705937,7959.945002588127,7745.254997411874,DEC26,OCT26,2026-10-08,2026-12-18,7852.6,7825.767905144304,FOUND,DEGRADED,SPOT_MONTH_FALLBACK;UNKNOWN_SERIES;ESTIMATED_EXPIRY_ALIAS,2026-08-02.2,PUT_CALL_PARITY,OCT26,OCT26=PUT_CALL_PARITY;NOV26=PUT_CALL_PARITY;FEB27=PUT_CALL_PARITY;MAR27=PUT_CALL_PARITY;DEC26=PUT_CALL_PARITY;JAN27=PUT_CALL_PARITY;APR27=PUT_CALL_PARITY;MAY27=PUT_CALL_PARITY;JUL27=PUT_CALL_PARITY;JUN27=PUT_CALL_PARITY;DEC29=PUT_CALL_PARITY;OCT27=PUT_CALL_PARITY;SEP27=PUT_CALL_PARITY;AUG27=PUT_CALL_PARITY;MAR28=PUT_CALL_PARITY;DEC27=PUT_CALL_PARITY;DEC28=PUT_CALL_PARITY;SEP28=PUT_CALL_PARITY;DEC30=PUT_CALL_PARITY;JUN28=PUT_CALL_PARITY,OCT26=7852.6;NOV26=7852;FEB27=7923.875;MAR27=7994;DEC26=7923.25;JAN27=7924.5;APR27=8008.375;MAY27=8011.875;JUL27=8099.625;JUN27=8066.75;DEC29=8852.375;SEP27=8159.875;AUG27=8105.75;MAR28=8279;DEC27=8177.5;DEC28=8506.75;SEP28=6112.0875;DEC30=9361.5;JUN28=8372.5,OCT27=GLOBAL_REFERENCE_NO_OBSERVATION;SEP28=GLOBAL_REFERENCE_OUTLIER_SERIES_FORWARD_CLUSTER,WEIGHTED_ATM,2026-10-16,6,685,0.0,NONE,11274,10812,462,0,0,RTM,MDW;MMW;MRW;MTW,OK,NONE,NONE,2026-10-07
SPX,3100.0,0.0,0.0,0.0,0.0,0.0,0.0,0.0,0.0,7906.272501294064,7798.927498705937,7959.945002588127,7745.254997411874,DEC26,OCT26,2026-10-08,2026-12-18,7852.6,7825.767905144304,FOUND,DEGRADED,SPOT_MONTH_FALLBACK;UNKNOWN_SERIES;ESTIMATED_EXPIRY_ALIAS,2026-08-02.2,PUT_CALL_PARITY,OCT26,OCT26=PUT_CALL_PARITY;NOV26=PUT_CALL_PARITY;FEB27=PUT_CALL_PARITY;MAR27=PUT_CALL_PARITY;DEC26=PUT_CALL_PARITY;JAN27=PUT_CALL_PARITY;APR27=PUT_CALL_PARITY;MAY27=PUT_CALL_PARITY;JUL27=PUT_CALL_PARITY;JUN27=PUT_CALL_PARITY;DEC29=PUT_CALL_PARITY;OCT27=PUT_CALL_PARITY;SEP27=PUT_CALL_PARITY;AUG27=PUT_CALL_PARITY;MAR28=PUT_CALL_PARITY;DEC27=PUT_CALL_PARITY;DEC28=PUT_CALL_PARITY;SEP28=PUT_CALL_PARITY;DEC30=PUT_CALL_PARITY;JUN28=PUT_CALL_PARITY,OCT26=7852.6;NOV26=7852;FEB27=7923.875;MAR27=7994;DEC26=7923.25;JAN27=7924.5;APR27=8008.375;MAY27=8011.875;JUL27=8099.625;JUN27=8066.75;DEC29=8852.375;SEP27=8159.875;AUG27=8105.75;MAR28=8279;DEC27=8177.5;DEC28=8506.75;SEP28=6112.0875;DEC30=9361.5;JUN28=8372.5,OCT27=GLOBAL_REFERENCE_NO_OBSERVATION;SEP28=GLOBAL_REFERENCE_OUTLIER_SERIES_FORWARD_CLUSTER,WEIGHTED_ATM,2026-10-16,6,685,0.0,NONE,11274,10812,462,0,0,RTM,MDW;MMW;MRW;MTW,OK,NONE,NONE,2026-10-07
SPX,3200.0,0.0,0.0,0.0,0.0,0.0,0.0,0.0,0.0,7906.272501294064,7798.927498705937,7959.945002588127,7745.254997411874,DEC26,OCT26,2026-10-08,2026-12-18,7852.6,7825.767905144304,FOUND,DEGRADED,SPOT_MONTH_FALLBACK;UNKNOWN_SERIES;ESTIMATED_EXPIRY_ALIAS,2026-08-02.2,PUT_CALL_PARITY,OCT26,OCT26=PUT_CALL_PARITY;NOV26=PUT_CALL_PARITY;FEB27=PUT_CALL_PARITY;MAR27=PUT_CALL_PARITY;DEC26=PUT_CALL_PARITY;JAN27=PUT_CALL_PARITY;APR27=PUT_CALL_PARITY;MAY27=PUT_CALL_PARITY;JUL27=PUT_CALL_PARITY;JUN27=PUT_CALL_PARITY;DEC29=PUT_CALL_PARITY;OCT27=PUT_CALL_PARITY;SEP27=PUT_CALL_PARITY;AUG27=PUT_CALL_PARITY;MAR28=PUT_CALL_PARITY;DEC27=PUT_CALL_PARITY;DEC28=PUT_CALL_PARITY;SEP28=PUT_CALL_PARITY;DEC30=PUT_CALL_PARITY;JUN28=PUT_CALL_PARITY,OCT26=7852.6;NOV26=7852;FEB27=7923.875;MAR27=7994;DEC26=7923.25;JAN27=7924.5;APR27=8008.375;MAY27=8011.875;JUL27=8099.625;JUN27=8066.75;DEC29=8852.375;SEP27=8159.875;AUG27=8105.75;MAR28=8279;DEC27=8177.5;DEC28=8506.75;SEP28=6112.0875;DEC30=9361.5;JUN28=8372.5,OCT27=GLOBAL_REFERENCE_NO_OBSERVATION;SEP28=GLOBAL_REFERENCE_OUTLIER_SERIES_FORWARD_CLUSTER,WEIGHTED_ATM,2026-10-16,6,685,0.0,NONE,11274,10812,462,0,0,RTM,MDW;MMW;MRW;MTW,OK,NONE,NONE,2026-10-07
SPX,3300.0,0.0,0.0,0.0,0.0,0.0,0.0,0.0,0.0,7906.272501294064,7798.927498705937,7959.945002588127,7745.254997411874,DEC26,OCT26,2026-10-08,2026-12-18,7852.6,7825.767905144304,FOUND,DEGRADED,SPOT_MONTH_FALLBACK;UNKNOWN_SERIES;ESTIMATED_EXPIRY_ALIAS,2026-08-02.2,PUT_CALL_PARITY,OCT26,OCT26=PUT_CALL_PARITY;NOV26=PUT_CALL_PARITY;FEB27=PUT_CALL_PARITY;MAR27=PUT_CALL_PARITY;DEC26=PUT_CALL_PARITY;JAN27=PUT_CALL_PARITY;APR27=PUT_CALL_PARITY;MAY27=PUT_CALL_PARITY;JUL27=PUT_CALL_PARITY;JUN27=PUT_CALL_PARITY;DEC29=PUT_CALL_PARITY;OCT27=PUT_CALL_PARITY;SEP27=PUT_CALL_PARITY;AUG27=PUT_CALL_PARITY;MAR28=PUT_CALL_PARITY;DEC27=PUT_CALL_PARITY;DEC28=PUT_CALL_PARITY;SEP28=PUT_CALL_PARITY;DEC30=PUT_CALL_PARITY;JUN28=PUT_CALL_PARITY,OCT26=7852.6;NOV26=7852;FEB27=7923.875;MAR27=7994;DEC26=7923.25;JAN27=7924.5;APR27=8008.375;MAY27=8011.875;JUL27=8099.625;JUN27=8066.75;DEC29=8852.375;SEP27=8159.875;AUG27=8105.75;MAR28=8279;DEC27=8177.5;DEC28=8506.75;SEP28=6112.0875;DEC30=9361.5;JUN28=8372.5,OCT27=GLOBAL_REFERENCE_NO_OBSERVATION;SEP28=GLOBAL_REFERENCE_OUTLIER_SERIES_FORWARD_CLUSTER,WEIGHTED_ATM,2026-10-16,6,685,0.0,NONE,11274,10812,462,0,0,RTM,MDW;MMW;MRW;MTW,OK,NONE,NONE,2026-10-07
SPX,3400.0,0.0,0.0,0.0,0.0,0.0,0.0,0.0,0.0,7906.272501294064,7798.927498705937,7959.945002588127,7745.254997411874,DEC26,OCT26,2026-10-08,2026-12-18,7852.6,7825.767905144304,FOUND,DEGRADED,SPOT_MONTH_FALLBACK;UNKNOWN_SERIES;ESTIMATED_EXPIRY_ALIAS,2026-08-02.2,PUT_CALL_PARITY,OCT26,OCT26=PUT_CALL_PARITY;NOV26=PUT_CALL_PARITY;FEB27=PUT_CALL_PARITY;MAR27=PUT_CALL_PARITY;DEC26=PUT_CALL_PARITY;JAN27=PUT_CALL_PARITY;APR27=PUT_CALL_PARITY;MAY27=PUT_CALL_PARITY;JUL27=PUT_CALL_PARITY;JUN27=PUT_CALL_PARITY;DEC29=PUT_CALL_PARITY;OCT27=PUT_CALL_PARITY;SEP27=PUT_CALL_PARITY;AUG27=PUT_CALL_PARITY;MAR28=PUT_CALL_PARITY;DEC27=PUT_CALL_PARITY;DEC28=PUT_CALL_PARITY;SEP28=PUT_CALL_PARITY;DEC30=PUT_CALL_PARITY;JUN28=PUT_CALL_PARITY,OCT26=7852.6;NOV26=7852;FEB27=7923.875;MAR27=7994;DEC26=7923.25;JAN27=7924.5;APR27=8008.375;MAY27=8011.875;JUL27=8099.625;JUN27=8066.75;DEC29=8852.375;SEP27=8159.875;AUG27=8105.75;MAR28=8279;DEC27=8177.5;DEC28=8506.75;SEP28=6112.0875;DEC30=9361.5;JUN28=8372.5,OCT27=GLOBAL_REFERENCE_NO_OBSERVATION;SEP28=GLOBAL_REFERENCE_OUTLIER_SERIES_FORWARD_CLUSTER,WEIGHTED_ATM,2026-10-16,6,685,0.0,NONE,11274,10812,462,0,0,RTM,MDW;MMW;MRW;MTW,OK,NONE,NONE,2026-10-07
SPX,3500.0,0.0,0.0,0.0,0.0,0.0,0.0,0.0,0.0,7906.272501294064,7798.927498705937,7959.945002588127,7745.254997411874,DEC26,OCT26,2026-10-08,2026-12-18,7852.6,7825.767905144304,FOUND,DEGRADED,SPOT_MONTH_FALLBACK;UNKNOWN_SERIES;ESTIMATED_EXPIRY_ALIAS,2026-08-02.2,PUT_CALL_PARITY,OCT26,OCT26=PUT_CALL_PARITY;NOV26=PUT_CALL_PARITY;FEB27=PUT_CALL_PARITY;MAR27=PUT_CALL_PARITY;DEC26=PUT_CALL_PARITY;JAN27=PUT_CALL_PARITY;APR27=PUT_CALL_PARITY;MAY27=PUT_CALL_PARITY;JUL27=PUT_CALL_PARITY;JUN27=PUT_CALL_PARITY;DEC29=PUT_CALL_PARITY;OCT27=PUT_CALL_PARITY;SEP27=PUT_CALL_PARITY;AUG27=PUT_CALL_PARITY;MAR28=PUT_CALL_PARITY;DEC27=PUT_CALL_PARITY;DEC28=PUT_CALL_PARITY;SEP28=PUT_CALL_PARITY;DEC30=PUT_CALL_PARITY;JUN28=PUT_CALL_PARITY,OCT26=7852.6;NOV26=7852;FEB27=7923.875;MAR27=7994;DEC26=7923.25;JAN27=7924.5;APR27=8008.375;MAY27=8011.875;JUL27=8099.625;JUN27=8066.75;DEC29=8852.375;SEP27=8159.875;AUG27=8105.75;MAR28=8279;DEC27=8177.5;DEC28=8506.75;SEP28=6112.0875;DEC30=9361.5;JUN28=8372.5,OCT27=GLOBAL_REFERENCE_NO_OBSERVATION;SEP28=GLOBAL_REFERENCE_OUTLIER_SERIES_FORWARD_CLUSTER,WEIGHTED_ATM,2026-10-16,6,685,0.0,NONE,11274,10812,462,0,0,RTM,MDW;MMW;MRW;MTW,OK,NONE,NONE,2026-10-07
SPX,3600.0,0.0,0.0,0.0,0.0,0.0,0.0,0.0,0.0,7906.272501294064,7798.927498705937,7959.945002588127,7745.254997411874,DEC26,OCT26,2026-10-08,2026-12-18,7852.6,7825.767905144304,FOUND,DEGRADED,SPOT_MONTH_FALLBACK;UNKNOWN_SERIES;ESTIMATED_EXPIRY_ALIAS,2026-08-02.2,PUT_CALL_PARITY,OCT26,OCT26=PUT_CALL_PARITY;NOV26=PUT_CALL_PARITY;FEB27=PUT_CALL_PARITY;MAR27=PUT_CALL_PARITY;DEC26=PUT_CALL_PARITY;JAN27=PUT_CALL_PARITY;APR27=PUT_CALL_PARITY;MAY27=PUT_CALL_PARITY;JUL27=PUT_CALL_PARITY;JUN27=PUT_CALL_PARITY;DEC29=PUT_CALL_PARITY;OCT27=PUT_CALL_PARITY;SEP27=PUT_CALL_PARITY;AUG27=PUT_CALL_PARITY;MAR28=PUT_CALL_PARITY;DEC27=PUT_CALL_PARITY;DEC28=PUT_CALL_PARITY;SEP28=PUT_CALL_PARITY;DEC30=PUT_CALL_PARITY;JUN28=PUT_CALL_PARITY,OCT26=7852.6;NOV26=7852;FEB27=7923.875;MAR27=7994;DEC26=7923.25;JAN27=7924.5;APR27=8008.375;MAY27=8011.875;JUL27=8099.625;JUN27=8066.75;DEC29=8852.375;SEP27=8159.875;AUG27=8105.75;MAR28=8279;DEC27=8177.5;DEC28=8506.75;SEP28=6112.0875;DEC30=9361.5;JUN28=8372.5,OCT27=GLOBAL_REFERENCE_NO_OBSERVATION;SEP28=GLOBAL_REFERENCE_OUTLIER_SERIES_FORWARD_CLUSTER,WEIGHTED_ATM,2026-10-16,6,685,0.0,NONE,11274,10812,462,0,0,RTM,MDW;MMW;MRW;MTW,OK,NONE,NONE,2026-10-07
SPX,3650.0,0.0,0.0,0.0,0.0,0.0,0.0,0.0,0.0,7906.272501294064,7798.927498705937,7959.945002588127,7745.254997411874,DEC26,OCT26,2026-10-08,2026-12-18,7852.6,7825.767905144304,FOUND,DEGRADED,SPOT_MONTH_FALLBACK;UNKNOWN_SERIES;ESTIMATED_EXPIRY_ALIAS,2026-08-02.2,PUT_CALL_PARITY,OCT26,OCT26=PUT_CALL_PARITY;NOV26=PUT_CALL_PARITY;FEB27=PUT_CALL_PARITY;MAR27=PUT_CALL_PARITY;DEC26=PUT_CALL_PARITY;JAN27=PUT_CALL_PARITY;APR27=PUT_CALL_PARITY;MAY27=PUT_CALL_PARITY;JUL27=PUT_CALL_PARITY;JUN27=PUT_CALL_PARITY;DEC29=PUT_CALL_PARITY;OCT27=PUT_CALL_PARITY;SEP27=PUT_CALL_PARITY;AUG27=PUT_CALL_PARITY;MAR28=PUT_CALL_PARITY;DEC27=PUT_CALL_PARITY;DEC28=PUT_CALL_PARITY;SEP28=PUT_CALL_PARITY;DEC30=PUT_CALL_PARITY;JUN28=PUT_CALL_PARITY,OCT26=7852.6;NOV26=7852;FEB27=7923.875;MAR27=7994;DEC26=7923.25;JAN27=7924.5;APR27=8008.375;MAY27=8011.875;JUL27=8099.625;JUN27=8066.75;DEC29=8852.375;SEP27=8159.875;AUG27=8105.75;MAR28=8279;DEC27=8177.5;DEC28=8506.75;SEP28=6112.0875;DEC30=9361.5;JUN28=8372.5,OCT27=GLOBAL_REFERENCE_NO_OBSERVATION;SEP28=GLOBAL_REFERENCE_OUTLIER_SERIES_FORWARD_CLUSTER,WEIGHTED_ATM,2026-10-16,6,685,0.0,NONE,11274,10812,462,0,0,RTM,MDW;MMW;MRW;MTW,OK,NONE,NONE,2026-10-07
SPX,3700.0,0.0,0.0,0.0,0.0,0.0,0.0,0.0,0.0,7906.272501294064,7798.927498705937,7959.945002588127,7745.254997411874,DEC26,OCT26,2026-10-08,2026-12-18,7852.6,7825.767905144304,FOUND,DEGRADED,SPOT_MONTH_FALLBACK;UNKNOWN_SERIES;ESTIMATED_EXPIRY_ALIAS,2026-08-02.2,PUT_CALL_PARITY,OCT26,OCT26=PUT_CALL_PARITY;NOV26=PUT_CALL_PARITY;FEB27=PUT_CALL_PARITY;MAR27=PUT_CALL_PARITY;DEC26=PUT_CALL_PARITY;JAN27=PUT_CALL_PARITY;APR27=PUT_CALL_PARITY;MAY27=PUT_CALL_PARITY;JUL27=PUT_CALL_PARITY;JUN27=PUT_CALL_PARITY;DEC29=PUT_CALL_PARITY;OCT27=PUT_CALL_PARITY;SEP27=PUT_CALL_PARITY;AUG27=PUT_CALL_PARITY;MAR28=PUT_CALL_PARITY;DEC27=PUT_CALL_PARITY;DEC28=PUT_CALL_PARITY;SEP28=PUT_CALL_PARITY;DEC30=PUT_CALL_PARITY;JUN28=PUT_CALL_PARITY,OCT26=7852.6;NOV26=7852;FEB27=7923.875;MAR27=7994;DEC26=7923.25;JAN27=7924.5;APR27=8008.375;MAY27=8011.875;JUL27=8099.625;JUN27=8066.75;DEC29=8852.375;SEP27=8159.875;AUG27=8105.75;MAR28=8279;DEC27=8177.5;DEC28=8506.75;SEP28=6112.0875;DEC30=9361.5;JUN28=8372.5,OCT27=GLOBAL_REFERENCE_NO_OBSERVATION;SEP28=GLOBAL_REFERENCE_OUTLIER_SERIES_FORWARD_CLUSTER,WEIGHTED_ATM,2026-10-16,6,685,0.0,NONE,11274,10812,462,0,0,RTM,MDW;MMW;MRW;MTW,OK,NONE,NONE,2026-10-07
SPX,3750.0,0.0,0.0,0.0,0.0,0.0,0.0,0.0,0.0,7906.272501294064,7798.927498705937,7959.945002588127,7745.254997411874,DEC26,OCT26,2026-10-08,2026-12-18,7852.6,7825.767905144304,FOUND,DEGRADED,SPOT_MONTH_FALLBACK;UNKNOWN_SERIES;ESTIMATED_EXPIRY_ALIAS,2026-08-02.2,PUT_CALL_PARITY,OCT26,OCT26=PUT_CALL_PARITY;NOV26=PUT_CALL_PARITY;FEB27=PUT_CALL_PARITY;MAR27=PUT_CALL_PARITY;DEC26=PUT_CALL_PARITY;JAN27=PUT_CALL_PARITY;APR27=PUT_CALL_PARITY;MAY27=PUT_CALL_PARITY;JUL27=PUT_CALL_PARITY;JUN27=PUT_CALL_PARITY;DEC29=PUT_CALL_PARITY;OCT27=PUT_CALL_PARITY;SEP27=PUT_CALL_PARITY;AUG27=PUT_CALL_PARITY;MAR28=PUT_CALL_PARITY;DEC27=PUT_CALL_PARITY;DEC28=PUT_CALL_PARITY;SEP28=PUT_CALL_PARITY;DEC30=PUT_CALL_PARITY;JUN28=PUT_CALL_PARITY,OCT26=7852.6;NOV26=7852;FEB27=7923.875;MAR27=7994;DEC26=7923.25;JAN27=7924.5;APR27=8008.375;MAY27=8011.875;JUL27=8099.625;JUN27=8066.75;DEC29=8852.375;SEP27=8159.875;AUG27=8105.75;MAR28=8279;DEC27=8177.5;DEC28=8506.75;SEP28=6112.0875;DEC30=9361.5;JUN28=8372.5,OCT27=GLOBAL_REFERENCE_NO_OBSERVATION;SEP28=GLOBAL_REFERENCE_OUTLIER_SERIES_FORWARD_CLUSTER,WEIGHTED_ATM,2026-10-16,6,685,0.0,NONE,11274,10812,462,0,0,RTM,MDW;MMW;MRW;MTW,OK,NONE,NONE,2026-10-07
SPX,3800.0,0.0,0.0,0.0,0.0,0.0,0.0,0.0,0.0,7906.272501294064,7798.927498705937,7959.945002588127,7745.254997411874,DEC26,OCT26,2026-10-08,2026-12-18,7852.6,7825.767905144304,FOUND,DEGRADED,SPOT_MONTH_FALLBACK;UNKNOWN_SERIES;ESTIMATED_EXPIRY_ALIAS,2026-08-02.2,PUT_CALL_PARITY,OCT26,OCT26=PUT_CALL_PARITY;NOV26=PUT_CALL_PARITY;FEB27=PUT_CALL_PARITY;MAR27=PUT_CALL_PARITY;DEC26=PUT_CALL_PARITY;JAN27=PUT_CALL_PARITY;APR27=PUT_CALL_PARITY;MAY27=PUT_CALL_PARITY;JUL27=PUT_CALL_PARITY;JUN27=PUT_CALL_PARITY;DEC29=PUT_CALL_PARITY;OCT27=PUT_CALL_PARITY;SEP27=PUT_CALL_PARITY;AUG27=PUT_CALL_PARITY;MAR28=PUT_CALL_PARITY;DEC27=PUT_CALL_PARITY;DEC28=PUT_CALL_PARITY;SEP28=PUT_CALL_PARITY;DEC30=PUT_CALL_PARITY;JUN28=PUT_CALL_PARITY,OCT26=7852.6;NOV26=7852;FEB27=7923.875;MAR27=7994;DEC26=7923.25;JAN27=7924.5;APR27=8008.375;MAY27=8011.875;JUL27=8099.625;JUN27=8066.75;DEC29=8852.375;SEP27=8159.875;AUG27=8105.75;MAR28=8279;DEC27=8177.5;DEC28=8506.75;SEP28=6112.0875;DEC30=9361.5;JUN28=8372.5,OCT27=GLOBAL_REFERENCE_NO_OBSERVATION;SEP28=GLOBAL_REFERENCE_OUTLIER_SERIES_FORWARD_CLUSTER,WEIGHTED_ATM,2026-10-16,6,685,0.0,NONE,11274,10812,462,0,0,RTM,MDW;MMW;MRW;MTW,OK,NONE,NONE,2026-10-07
SPX,3850.0,0.0,0.0,0.0,0.0,0.0,0.0,0.0,0.0,7906.272501294064,7798.927498705937,7959.945002588127,7745.254997411874,DEC26,OCT26,2026-10-08,2026-12-18,7852.6,7825.767905144304,FOUND,DEGRADED,SPOT_MONTH_FALLBACK;UNKNOWN_SERIES;ESTIMATED_EXPIRY_ALIAS,2026-08-02.2,PUT_CALL_PARITY,OCT26,OCT26=PUT_CALL_PARITY;NOV26=PUT_CALL_PARITY;FEB27=PUT_CALL_PARITY;MAR27=PUT_CALL_PARITY;DEC26=PUT_CALL_PARITY;JAN27=PUT_CALL_PARITY;APR27=PUT_CALL_PARITY;MAY27=PUT_CALL_PARITY;JUL27=PUT_CALL_PARITY;JUN27=PUT_CALL_PARITY;DEC29=PUT_CALL_PARITY;OCT27=PUT_CALL_PARITY;SEP27=PUT_CALL_PARITY;AUG27=PUT_CALL_PARITY;MAR28=PUT_CALL_PARITY;DEC27=PUT_CALL_PARITY;DEC28=PUT_CALL_PARITY;SEP28=PUT_CALL_PARITY;DEC30=PUT_CALL_PARITY;JUN28=PUT_CALL_PARITY,OCT26=7852.6;NOV26=7852;FEB27=7923.875;MAR27=7994;DEC26=7923.25;JAN27=7924.5;APR27=8008.375;MAY27=8011.875;JUL27=8099.625;JUN27=8066.75;DEC29=8852.375;SEP27=8159.875;AUG27=8105.75;MAR28=8279;DEC27=8177.5;DEC28=8506.75;SEP28=6112.0875;DEC30=9361.5;JUN28=8372.5,OCT27=GLOBAL_REFERENCE_NO_OBSERVATION;SEP28=GLOBAL_REFERENCE_OUTLIER_SERIES_FORWARD_CLUSTER,WEIGHTED_ATM,2026-10-16,6,685,0.0,NONE,11274,10812,462,0,0,RTM,MDW;MMW;MRW;MTW,OK,NONE,NONE,2026-10-07
SPX,3900.0,0.0,0.0,0.0,0.0,0.0,0.0,0.0,0.0,7906.272501294064,7798.927498705937,7959.945002588127,7745.254997411874,DEC26,OCT26,2026-10-08,2026-12-18,7852.6,7825.767905144304,FOUND,DEGRADED,SPOT_MONTH_FALLBACK;UNKNOWN_SERIES;ESTIMATED_EXPIRY_ALIAS,2026-08-02.2,PUT_CALL_PARITY,OCT26,OCT26=PUT_CALL_PARITY;NOV26=PUT_CALL_PARITY;FEB27=PUT_CALL_PARITY;MAR27=PUT_CALL_PARITY;DEC26=PUT_CALL_PARITY;JAN27=PUT_CALL_PARITY;APR27=PUT_CALL_PARITY;MAY27=PUT_CALL_PARITY;JUL27=PUT_CALL_PARITY;JUN27=PUT_CALL_PARITY;DEC29=PUT_CALL_PARITY;OCT27=PUT_CALL_PARITY;SEP27=PUT_CALL_PARITY;AUG27=PUT_CALL_PARITY;MAR28=PUT_CALL_PARITY;DEC27=PUT_CALL_PARITY;DEC28=PUT_CALL_PARITY;SEP28=PUT_CALL_PARITY;DEC30=PUT_CALL_PARITY;JUN28=PUT_CALL_PARITY,OCT26=7852.6;NOV26=7852;FEB27=7923.875;MAR27=7994;DEC26=7923.25;JAN27=7924.5;APR27=8008.375;MAY27=8011.875;JUL27=8099.625;JUN27=8066.75;DEC29=8852.375;SEP27=8159.875;AUG27=8105.75;MAR28=8279;DEC27=8177.5;DEC28=8506.75;SEP28=6112.0875;DEC30=9361.5;JUN28=8372.5,OCT27=GLOBAL_REFERENCE_NO_OBSERVATION;SEP28=GLOBAL_REFERENCE_OUTLIER_SERIES_FORWARD_CLUSTER,WEIGHTED_ATM,2026-10-16,6,685,0.0,NONE,11274,10812,462,0,0,RTM,MDW;MMW;MRW;MTW,OK,NONE,NONE,2026-10-07
SPX,3950.0,0.0,0.0,0.0,0.0,0.0,0.0,0.0,0.0,7906.272501294064,7798.927498705937,7959.945002588127,7745.254997411874,DEC26,OCT26,2026-10-08,2026-12-18,7852.6,7825.767905144304,FOUND,DEGRADED,SPOT_MONTH_FALLBACK;UNKNOWN_SERIES;ESTIMATED_EXPIRY_ALIAS,2026-08-02.2,PUT_CALL_PARITY,OCT26,OCT26=PUT_CALL_PARITY;NOV26=PUT_CALL_PARITY;FEB27=PUT_CALL_PARITY;MAR27=PUT_CALL_PARITY;DEC26=PUT_CALL_PARITY;JAN27=PUT_CALL_PARITY;APR27=PUT_CALL_PARITY;MAY27=PUT_CALL_PARITY;JUL27=PUT_CALL_PARITY;JUN27=PUT_CALL_PARITY;DEC29=PUT_CALL_PARITY;OCT27=PUT_CALL_PARITY;SEP27=PUT_CALL_PARITY;AUG27=PUT_CALL_PARITY;MAR28=PUT_CALL_PARITY;DEC27=PUT_CALL_PARITY;DEC28=PUT_CALL_PARITY;SEP28=PUT_CALL_PARITY;DEC30=PUT_CALL_PARITY;JUN28=PUT_CALL_PARITY,OCT26=7852.6;NOV26=7852;FEB27=7923.875;MAR27=7994;DEC26=7923.25;JAN27=7924.5;APR27=8008.375;MAY27=8011.875;JUL27=8099.625;JUN27=8066.75;DEC29=8852.375;SEP27=8159.875;AUG27=8105.75;MAR28=8279;DEC27=8177.5;DEC28=8506.75;SEP28=6112.0875;DEC30=9361.5;JUN28=8372.5,OCT27=GLOBAL_REFERENCE_NO_OBSERVATION;SEP28=GLOBAL_REFERENCE_OUTLIER_SERIES_FORWARD_CLUSTER,WEIGHTED_ATM,2026-10-16,6,685,0.0,NONE,11274,10812,462,0,0,RTM,MDW;MMW;MRW;MTW,OK,NONE,NONE,2026-10-07
SPX,4000.0,0.0,0.0,0.0,0.0,0.0,0.0,0.0,0.0,7906.272501294064,7798.927498705937,7959.945002588127,7745.254997411874,DEC26,OCT26,2026-10-08,2026-12-18,7852.6,7825.767905144304,FOUND,DEGRADED,SPOT_MONTH_FALLBACK;UNKNOWN_SERIES;ESTIMATED_EXPIRY_ALIAS,2026-08-02.2,PUT_CALL_PARITY,OCT26,OCT26=PUT_CALL_PARITY;NOV26=PUT_CALL_PARITY;FEB27=PUT_CALL_PARITY;MAR27=PUT_CALL_PARITY;DEC26=PUT_CALL_PARITY;JAN27=PUT_CALL_PARITY;APR27=PUT_CALL_PARITY;MAY27=PUT_CALL_PARITY;JUL27=PUT_CALL_PARITY;JUN27=PUT_CALL_PARITY;DEC29=PUT_CALL_PARITY;OCT27=PUT_CALL_PARITY;SEP27=PUT_CALL_PARITY;AUG27=PUT_CALL_PARITY;MAR28=PUT_CALL_PARITY;DEC27=PUT_CALL_PARITY;DEC28=PUT_CALL_PARITY;SEP28=PUT_CALL_PARITY;DEC30=PUT_CALL_PARITY;JUN28=PUT_CALL_PARITY,OCT26=7852.6;NOV26=7852;FEB27=7923.875;MAR27=7994;DEC26=7923.25;JAN27=7924.5;APR27=8008.375;MAY27=8011.875;JUL27=8099.625;JUN27=8066.75;DEC29=8852.375;SEP27=8159.875;AUG27=8105.75;MAR28=8279;DEC27=8177.5;DEC28=8506.75;SEP28=6112.0875;DEC30=9361.5;JUN28=8372.5,OCT27=GLOBAL_REFERENCE_NO_OBSERVATION;SEP28=GLOBAL_REFERENCE_OUTLIER_SERIES_FORWARD_CLUSTER,WEIGHTED_ATM,2026-10-16,6,685,0.0,NONE,11274,10812,462,0,0,RTM,MDW;MMW;MRW;MTW,OK,NONE,NONE,2026-10-07
SPX,4050.0,0.0,0.0,0.0,0.0,0.0,0.0,0.0,0.0,7906.272501294064,7798.927498705937,7959.945002588127,7745.254997411874,DEC26,OCT26,2026-10-08,2026-12-18,7852.6,7825.767905144304,FOUND,DEGRADED,SPOT_MONTH_FALLBACK;UNKNOWN_SERIES;ESTIMATED_EXPIRY_ALIAS,2026-08-02.2,PUT_CALL_PARITY,OCT26,OCT26=PUT_CALL_PARITY;NOV26=PUT_CALL_PARITY;FEB27=PUT_CALL_PARITY;MAR27=PUT_CALL_PARITY;DEC26=PUT_CALL_PARITY;JAN27=PUT_CALL_PARITY;APR27=PUT_CALL_PARITY;MAY27=PUT_CALL_PARITY;JUL27=PUT_CALL_PARITY;JUN27=PUT_CALL_PARITY;DEC29=PUT_CALL_PARITY;OCT27=PUT_CALL_PARITY;SEP27=PUT_CALL_PARITY;AUG27=PUT_CALL_PARITY;MAR28=PUT_CALL_PARITY;DEC27=PUT_CALL_PARITY;DEC28=PUT_CALL_PARITY;SEP28=PUT_CALL_PARITY;DEC30=PUT_CALL_PARITY;JUN28=PUT_CALL_PARITY,OCT26=7852.6;NOV26=7852;FEB27=7923.875;MAR27=7994;DEC26=7923.25;JAN27=7924.5;APR27=8008.375;MAY27=8011.875;JUL27=8099.625;JUN27=8066.75;DEC29=8852.375;SEP27=8159.875;AUG27=8105.75;MAR28=8279;DEC27=8177.5;DEC28=8506.75;SEP28=6112.0875;DEC30=9361.5;JUN28=8372.5,OCT27=GLOBAL_REFERENCE_NO_OBSERVATION;SEP28=GLOBAL_REFERENCE_OUTLIER_SERIES_FORWARD_CLUSTER,WEIGHTED_ATM,2026-10-16,6,685,0.0,NONE,11274,10812,462,0,0,RTM,MDW;MMW;MRW;MTW,OK,NONE,NONE,2026-10-07
SPX,4100.0,0.0,0.0,0.0,0.0,0.0,0.0,0.0,0.0,7906.272501294064,7798.927498705937,7959.945002588127,7745.254997411874,DEC26,OCT26,2026-10-08,2026-12-18,7852.6,7825.767905144304,FOUND,DEGRADED,SPOT_MONTH_FALLBACK;UNKNOWN_SERIES;ESTIMATED_EXPIRY_ALIAS,2026-08-02.2,PUT_CALL_PARITY,OCT26,OCT26=PUT_CALL_PARITY;NOV26=PUT_CALL_PARITY;FEB27=PUT_CALL_PARITY;MAR27=PUT_CALL_PARITY;DEC26=PUT_CALL_PARITY;JAN27=PUT_CALL_PARITY;APR27=PUT_CALL_PARITY;MAY27=PUT_CALL_PARITY;JUL27=PUT_CALL_PARITY;JUN27=PUT_CALL_PARITY;DEC29=PUT_CALL_PARITY;OCT27=PUT_CALL_PARITY;SEP27=PUT_CALL_PARITY;AUG27=PUT_CALL_PARITY;MAR28=PUT_CALL_PARITY;DEC27=PUT_CALL_PARITY;DEC28=PUT_CALL_PARITY;SEP28=PUT_CALL_PARITY;DEC30=PUT_CALL_PARITY;JUN28=PUT_CALL_PARITY,OCT26=7852.6;NOV26=7852;FEB27=7923.875;MAR27=7994;DEC26=7923.25;JAN27=7924.5;APR27=8008.375;MAY27=8011.875;JUL27=8099.625;JUN27=8066.75;DEC29=8852.375;SEP27=8159.875;AUG27=8105.75;MAR28=8279;DEC27=8177.5;DEC28=8506.75;SEP28=6112.0875;DEC30=9361.5;JUN28=8372.5,OCT27=GLOBAL_REFERENCE_NO_OBSERVATION;SEP28=GLOBAL_REFERENCE_OUTLIER_SERIES_FORWARD_CLUSTER,WEIGHTED_ATM,2026-10-16,6,685,0.0,NONE,11274,10812,462,0,0,RTM,MDW;MMW;MRW;MTW,OK,NONE,NONE,2026-10-07
SPX,4150.0,0.0,0.0,0.0,0.0,0.0,0.0,0.0,0.0,7906.272501294064,7798.927498705937,7959.945002588127,7745.254997411874,DEC26,OCT26,2026-10-08,2026-12-18,7852.6,7825.767905144304,FOUND,DEGRADED,SPOT_MONTH_FALLBACK;UNKNOWN_SERIES;ESTIMATED_EXPIRY_ALIAS,2026-08-02.2,PUT_CALL_PARITY,OCT26,OCT26=PUT_CALL_PARITY;NOV26=PUT_CALL_PARITY;FEB27=PUT_CALL_PARITY;MAR27=PUT_CALL_PARITY;DEC26=PUT_CALL_PARITY;JAN27=PUT_CALL_PARITY;APR27=PUT_CALL_PARITY;MAY27=PUT_CALL_PARITY;JUL27=PUT_CALL_PARITY;JUN27=PUT_CALL_PARITY;DEC29=PUT_CALL_PARITY;OCT27=PUT_CALL_PARITY;SEP27=PUT_CALL_PARITY;AUG27=PUT_CALL_PARITY;MAR28=PUT_CALL_PARITY;DEC27=PUT_CALL_PARITY;DEC28=PUT_CALL_PARITY;SEP28=PUT_CALL_PARITY;DEC30=PUT_CALL_PARITY;JUN28=PUT_CALL_PARITY,OCT26=7852.6;NOV26=7852;FEB27=7923.875;MAR27=7994;DEC26=7923.25;JAN27=7924.5;APR27=8008.375;MAY27=8011.875;JUL27=8099.625;JUN27=8066.75;DEC29=8852.375;SEP27=8159.875;AUG27=8105.75;MAR28=8279;DEC27=8177.5;DEC28=8506.75;SEP28=6112.0875;DEC30=9361.5;JUN28=8372.5,OCT27=GLOBAL_REFERENCE_NO_OBSERVATION;SEP28=GLOBAL_REFERENCE_OUTLIER_SERIES_FORWARD_CLUSTER,WEIGHTED_ATM,2026-10-16,6,685,0.0,NONE,11274,10812,462,0,0,RTM,MDW;MMW;MRW;MTW,OK,NONE,NONE,2026-10-07
SPX,4200.0,0.0,0.0,0.0,0.0,0.0,0.0,0.0,0.0,7906.272501294064,7798.927498705937,7959.945002588127,7745.254997411874,DEC26,OCT26,2026-10-08,2026-12-18,7852.6,7825.767905144304,FOUND,DEGRADED,SPOT_MONTH_FALLBACK;UNKNOWN_SERIES;ESTIMATED_EXPIRY_ALIAS,2026-08-02.2,PUT_CALL_PARITY,OCT26,OCT26=PUT_CALL_PARITY;NOV26=PUT_CALL_PARITY;FEB27=PUT_CALL_PARITY;MAR27=PUT_CALL_PARITY;DEC26=PUT_CALL_PARITY;JAN27=PUT_CALL_PARITY;APR27=PUT_CALL_PARITY;MAY27=PUT_CALL_PARITY;JUL27=PUT_CALL_PARITY;JUN27=PUT_CALL_PARITY;DEC29=PUT_CALL_PARITY;OCT27=PUT_CALL_PARITY;SEP27=PUT_CALL_PARITY;AUG27=PUT_CALL_PARITY;MAR28=PUT_CALL_PARITY;DEC27=PUT_CALL_PARITY;DEC28=PUT_CALL_PARITY;SEP28=PUT_CALL_PARITY;DEC30=PUT_CALL_PARITY;JUN28=PUT_CALL_PARITY,OCT26=7852.6;NOV26=7852;FEB27=7923.875;MAR27=7994;DEC26=7923.25;JAN27=7924.5;APR27=8008.375;MAY27=8011.875;JUL27=8099.625;JUN27=8066.75;DEC29=8852.375;SEP27=8159.875;AUG27=8105.75;MAR28=8279;DEC27=8177.5;DEC28=8506.75;SEP28=6112.0875;DEC30=9361.5;JUN28=8372.5,OCT27=GLOBAL_REFERENCE_NO_OBSERVATION;SEP28=GLOBAL_REFERENCE_OUTLIER_SERIES_FORWARD_CLUSTER,WEIGHTED_ATM,2026-10-16,6,685,0.0,NONE,11274,10812,462,0,0,RTM,MDW;MMW;MRW;MTW,OK,NONE,NONE,2026-10-07
SPX,4250.0,0.0,0.0,0.0,0.0,0.0,0.0,0.0,0.0,7906.272501294064,7798.927498705937,7959.945002588127,7745.254997411874,DEC26,OCT26,2026-10-08,2026-12-18,7852.6,7825.767905144304,FOUND,DEGRADED,SPOT_MONTH_FALLBACK;UNKNOWN_SERIES;ESTIMATED_EXPIRY_ALIAS,2026-08-02.2,PUT_CALL_PARITY,OCT26,OCT26=PUT_CALL_PARITY;NOV26=PUT_CALL_PARITY;FEB27=PUT_CALL_PARITY;MAR27=PUT_CALL_PARITY;DEC26=PUT_CALL_PARITY;JAN27=PUT_CALL_PARITY;APR27=PUT_CALL_PARITY;MAY27=PUT_CALL_PARITY;JUL27=PUT_CALL_PARITY;JUN27=PUT_CALL_PARITY;DEC29=PUT_CALL_PARITY;OCT27=PUT_CALL_PARITY;SEP27=PUT_CALL_PARITY;AUG27=PUT_CALL_PARITY;MAR28=PUT_CALL_PARITY;DEC27=PUT_CALL_PARITY;DEC28=PUT_CALL_PARITY;SEP28=PUT_CALL_PARITY;DEC30=PUT_CALL_PARITY;JUN28=PUT_CALL_PARITY,OCT26=7852.6;NOV26=7852;FEB27=7923.875;MAR27=7994;DEC26=7923.25;JAN27=7924.5;APR27=8008.375;MAY27=8011.875;JUL27=8099.625;JUN27=8066.75;DEC29=8852.375;SEP27=8159.875;AUG27=8105.75;MAR28=8279;DEC27=8177.5;DEC28=8506.75;SEP28=6112.0875;DEC30=9361.5;JUN28=8372.5,OCT27=GLOBAL_REFERENCE_NO_OBSERVATION;SEP28=GLOBAL_REFERENCE_OUTLIER_SERIES_FORWARD_CLUSTER,WEIGHTED_ATM,2026-10-16,6,685,0.0,NONE,11274,10812,462,0,0,RTM,MDW;MMW;MRW;MTW,OK,NONE,NONE,2026-10-07
SPX,4300.0,0.0,0.0,0.0,0.0,0.0,0.0,0.0,0.0,7906.272501294064,7798.927498705937,7959.945002588127,7745.254997411874,DEC26,OCT26,2026-10-08,2026-12-18,7852.6,7825.767905144304,FOUND,DEGRADED,SPOT_MONTH_FALLBACK;UNKNOWN_SERIES;ESTIMATED_EXPIRY_ALIAS,2026-08-02.2,PUT_CALL_PARITY,OCT26,OCT26=PUT_CALL_PARITY;NOV26=PUT_CALL_PARITY;FEB27=PUT_CALL_PARITY;MAR27=PUT_CALL_PARITY;DEC26=PUT_CALL_PARITY;JAN27=PUT_CALL_PARITY;APR27=PUT_CALL_PARITY;MAY27=PUT_CALL_PARITY;JUL27=PUT_CALL_PARITY;JUN27=PUT_CALL_PARITY;DEC29=PUT_CALL_PARITY;OCT27=PUT_CALL_PARITY;SEP27=PUT_CALL_PARITY;AUG27=PUT_CALL_PARITY;MAR28=PUT_CALL_PARITY;DEC27=PUT_CALL_PARITY;DEC28=PUT_CALL_PARITY;SEP28=PUT_CALL_PARITY;DEC30=PUT_CALL_PARITY;JUN28=PUT_CALL_PARITY,OCT26=7852.6;NOV26=7852;FEB27=7923.875;MAR27=7994;DEC26=7923.25;JAN27=7924.5;APR27=8008.375;MAY27=8011.875;JUL27=8099.625;JUN27=8066.75;DEC29=8852.375;SEP27=8159.875;AUG27=8105.75;MAR28=8279;DEC27=8177.5;DEC28=8506.75;SEP28=6112.0875;DEC30=9361.5;JUN28=8372.5,OCT27=GLOBAL_REFERENCE_NO_OBSERVATION;SEP28=GLOBAL_REFERENCE_OUTLIER_SERIES_FORWARD_CLUSTER,WEIGHTED_ATM,2026-10-16,6,685,0.0,NONE,11274,10812,462,0,0,RTM,MDW;MMW;MRW;MTW,OK,NONE,NONE,2026-10-07
SPX,4350.0,0.0,0.0,0.0,0.0,0.0,0.0,0.0,0.0,7906.272501294064,7798.927498705937,7959.945002588127,7745.254997411874,DEC26,OCT26,2026-10-08,2026-12-18,7852.6,7825.767905144304,FOUND,DEGRADED,SPOT_MONTH_FALLBACK;UNKNOWN_SERIES;ESTIMATED_EXPIRY_ALIAS,2026-08-02.2,PUT_CALL_PARITY,OCT26,OCT26=PUT_CALL_PARITY;NOV26=PUT_CALL_PARITY;FEB27=PUT_CALL_PARITY;MAR27=PUT_CALL_PARITY;DEC26=PUT_CALL_PARITY;JAN27=PUT_CALL_PARITY;APR27=PUT_CALL_PARITY;MAY27=PUT_CALL_PARITY;JUL27=PUT_CALL_PARITY;JUN27=PUT_CALL_PARITY;DEC29=PUT_CALL_PARITY;OCT27=PUT_CALL_PARITY;SEP27=PUT_CALL_PARITY;AUG27=PUT_CALL_PARITY;MAR28=PUT_CALL_PARITY;DEC27=PUT_CALL_PARITY;DEC28=PUT_CALL_PARITY;SEP28=PUT_CALL_PARITY;DEC30=PUT_CALL_PARITY;JUN28=PUT_CALL_PARITY,OCT26=7852.6;NOV26=7852;FEB27=7923.875;MAR27=7994;DEC26=7923.25;JAN27=7924.5;APR27=8008.375;MAY27=8011.875;JUL27=8099.625;JUN27=8066.75;DEC29=8852.375;SEP27=8159.875;AUG27=8105.75;MAR28=8279;DEC27=8177.5;DEC28=8506.75;SEP28=6112.0875;DEC30=9361.5;JUN28=8372.5,OCT27=GLOBAL_REFERENCE_NO_OBSERVATION;SEP28=GLOBAL_REFERENCE_OUTLIER_SERIES_FORWARD_CLUSTER,WEIGHTED_ATM,2026-10-16,6,685,0.0,NONE,11274,10812,462,0,0,RTM,MDW;MMW;MRW;MTW,OK,NONE,NONE,2026-10-07
SPX,4400.0,0.0,0.0,0.0,0.0,0.0,0.0,0.0,0.0,7906.272501294064,7798.927498705937,7959.945002588127,7745.254997411874,DEC26,OCT26,2026-10-08,2026-12-18,7852.6,7825.767905144304,FOUND,DEGRADED,SPOT_MONTH_FALLBACK;UNKNOWN_SERIES;ESTIMATED_EXPIRY_ALIAS,2026-08-02.2,PUT_CALL_PARITY,OCT26,OCT26=PUT_CALL_PARITY;NOV26=PUT_CALL_PARITY;FEB27=PUT_CALL_PARITY;MAR27=PUT_CALL_PARITY;DEC26=PUT_CALL_PARITY;JAN27=PUT_CALL_PARITY;APR27=PUT_CALL_PARITY;MAY27=PUT_CALL_PARITY;JUL27=PUT_CALL_PARITY;JUN27=PUT_CALL_PARITY;DEC29=PUT_CALL_PARITY;OCT27=PUT_CALL_PARITY;SEP27=PUT_CALL_PARITY;AUG27=PUT_CALL_PARITY;MAR28=PUT_CALL_PARITY;DEC27=PUT_CALL_PARITY;DEC28=PUT_CALL_PARITY;SEP28=PUT_CALL_PARITY;DEC30=PUT_CALL_PARITY;JUN28=PUT_CALL_PARITY,OCT26=7852.6;NOV26=7852;FEB27=7923.875;MAR27=7994;DEC26=7923.25;JAN27=7924.5;APR27=8008.375;MAY27=8011.875;JUL27=8099.625;JUN27=8066.75;DEC29=8852.375;SEP27=8159.875;AUG27=8105.75;MAR28=8279;DEC27=8177.5;DEC28=8506.75;SEP28=6112.0875;DEC30=9361.5;JUN28=8372.5,OCT27=GLOBAL_REFERENCE_NO_OBSERVATION;SEP28=GLOBAL_REFERENCE_OUTLIER_SERIES_FORWARD_CLUSTER,WEIGHTED_ATM,2026-10-16,6,685,0.0,NONE,11274,10812,462,0,0,RTM,MDW;MMW;MRW;MTW,OK,NONE,NONE,2026-10-07
SPX,4450.0,0.0,0.0,0.0,0.0,0.0,0.0,0.0,0.0,7906.272501294064,7798.927498705937,7959.945002588127,7745.254997411874,DEC26,OCT26,2026-10-08,2026-12-18,7852.6,7825.767905144304,FOUND,DEGRADED,SPOT_MONTH_FALLBACK;UNKNOWN_SERIES;ESTIMATED_EXPIRY_ALIAS,2026-08-02.2,PUT_CALL_PARITY,OCT26,OCT26=PUT_CALL_PARITY;NOV26=PUT_CALL_PARITY;FEB27=PUT_CALL_PARITY;MAR27=PUT_CALL_PARITY;DEC26=PUT_CALL_PARITY;JAN27=PUT_CALL_PARITY;APR27=PUT_CALL_PARITY;MAY27=PUT_CALL_PARITY;JUL27=PUT_CALL_PARITY;JUN27=PUT_CALL_PARITY;DEC29=PUT_CALL_PARITY;OCT27=PUT_CALL_PARITY;SEP27=PUT_CALL_PARITY;AUG27=PUT_CALL_PARITY;MAR28=PUT_CALL_PARITY;DEC27=PUT_CALL_PARITY;DEC28=PUT_CALL_PARITY;SEP28=PUT_CALL_PARITY;DEC30=PUT_CALL_PARITY;JUN28=PUT_CALL_PARITY,OCT26=7852.6;NOV26=7852;FEB27=7923.875;MAR27=7994;DEC26=7923.25;JAN27=7924.5;APR27=8008.375;MAY27=8011.875;JUL27=8099.625;JUN27=8066.75;DEC29=8852.375;SEP27=8159.875;AUG27=8105.75;MAR28=8279;DEC27=8177.5;DEC28=8506.75;SEP28=6112.0875;DEC30=9361.5;JUN28=8372.5,OCT27=GLOBAL_REFERENCE_NO_OBSERVATION;SEP28=GLOBAL_REFERENCE_OUTLIER_SERIES_FORWARD_CLUSTER,WEIGHTED_ATM,2026-10-16,6,685,0.0,NONE,11274,10812,462,0,0,RTM,MDW;MMW;MRW;MTW,OK,NONE,NONE,2026-10-07
SPX,4500.0,0.0,0.0,0.0,0.0,0.0,0.0,0.0,0.0,7906.272501294064,7798.927498705937,7959.945002588127,7745.254997411874,DEC26,OCT26,2026-10-08,2026-12-18,7852.6,7825.767905144304,FOUND,DEGRADED,SPOT_MONTH_FALLBACK;UNKNOWN_SERIES;ESTIMATED_EXPIRY_ALIAS,2026-08-02.2,PUT_CALL_PARITY,OCT26,OCT26=PUT_CALL_PARITY;NOV26=PUT_CALL_PARITY;FEB27=PUT_CALL_PARITY;MAR27=PUT_CALL_PARITY;DEC26=PUT_CALL_PARITY;JAN27=PUT_CALL_PARITY;APR27=PUT_CALL_PARITY;MAY27=PUT_CALL_PARITY;JUL27=PUT_CALL_PARITY;JUN27=PUT_CALL_PARITY;DEC29=PUT_CALL_PARITY;OCT27=PUT_CALL_PARITY;SEP27=PUT_CALL_PARITY;AUG27=PUT_CALL_PARITY;MAR28=PUT_CALL_PARITY;DEC27=PUT_CALL_PARITY;DEC28=PUT_CALL_PARITY;SEP28=PUT_CALL_PARITY;DEC30=PUT_CALL_PARITY;JUN28=PUT_CALL_PARITY,OCT26=7852.6;NOV26=7852;FEB27=7923.875;MAR27=7994;DEC26=7923.25;JAN27=7924.5;APR27=8008.375;MAY27=8011.875;JUL27=8099.625;JUN27=8066.75;DEC29=8852.375;SEP27=8159.875;AUG27=8105.75;MAR28=8279;DEC27=8177.5;DEC28=8506.75;SEP28=6112.0875;DEC30=9361.5;JUN28=8372.5,OCT27=GLOBAL_REFERENCE_NO_OBSERVATION;SEP28=GLOBAL_REFERENCE_OUTLIER_SERIES_FORWARD_CLUSTER,WEIGHTED_ATM,2026-10-16,6,685,0.0,NONE,11274,10812,462,0,0,RTM,MDW;MMW;MRW;MTW,OK,NONE,NONE,2026-10-07
SPX,4550.0,0.0,0.0,0.0,0.0,0.0,0.0,0.0,0.0,7906.272501294064,7798.927498705937,7959.945002588127,7745.254997411874,DEC26,OCT26,2026-10-08,2026-12-18,7852.6,7825.767905144304,FOUND,DEGRADED,SPOT_MONTH_FALLBACK;UNKNOWN_SERIES;ESTIMATED_EXPIRY_ALIAS,2026-08-02.2,PUT_CALL_PARITY,OCT26,OCT26=PUT_CALL_PARITY;NOV26=PUT_CALL_PARITY;FEB27=PUT_CALL_PARITY;MAR27=PUT_CALL_PARITY;DEC26=PUT_CALL_PARITY;JAN27=PUT_CALL_PARITY;APR27=PUT_CALL_PARITY;MAY27=PUT_CALL_PARITY;JUL27=PUT_CALL_PARITY;JUN27=PUT_CALL_PARITY;DEC29=PUT_CALL_PARITY;OCT27=PUT_CALL_PARITY;SEP27=PUT_CALL_PARITY;AUG27=PUT_CALL_PARITY;MAR28=PUT_CALL_PARITY;DEC27=PUT_CALL_PARITY;DEC28=PUT_CALL_PARITY;SEP28=PUT_CALL_PARITY;DEC30=PUT_CALL_PARITY;JUN28=PUT_CALL_PARITY,OCT26=7852.6;NOV26=7852;FEB27=7923.875;MAR27=7994;DEC26=7923.25;JAN27=7924.5;APR27=8008.375;MAY27=8011.875;JUL27=8099.625;JUN27=8066.75;DEC29=8852.375;SEP27=8159.875;AUG27=8105.75;MAR28=8279;DEC27=8177.5;DEC28=8506.75;SEP28=6112.0875;DEC30=9361.5;JUN28=8372.5,OCT27=GLOBAL_REFERENCE_NO_OBSERVATION;SEP28=GLOBAL_REFERENCE_OUTLIER_SERIES_FORWARD_CLUSTER,WEIGHTED_ATM,2026-10-16,6,685,0.0,NONE,11274,10812,462,0,0,RTM,MDW;MMW;MRW;MTW,OK,NONE,NONE,2026-10-07
SPX,4600.0,0.0,0.0,0.0,0.0,0.0,0.0,0.0,0.0,7906.272501294064,7798.927498705937,7959.945002588127,7745.254997411874,DEC26,OCT26,2026-10-08,2026-12-18,7852.6,7825.767905144304,FOUND,DEGRADED,SPOT_MONTH_FALLBACK;UNKNOWN_SERIES;ESTIMATED_EXPIRY_ALIAS,2026-08-02.2,PUT_CALL_PARITY,OCT26,OCT26=PUT_CALL_PARITY;NOV26=PUT_CALL_PARITY;FEB27=PUT_CALL_PARITY;MAR27=PUT_CALL_PARITY;DEC26=PUT_CALL_PARITY;JAN27=PUT_CALL_PARITY;APR27=PUT_CALL_PARITY;MAY27=PUT_CALL_PARITY;JUL27=PUT_CALL_PARITY;JUN27=PUT_CALL_PARITY;DEC29=PUT_CALL_PARITY;OCT27=PUT_CALL_PARITY;SEP27=PUT_CALL_PARITY;AUG27=PUT_CALL_PARITY;MAR28=PUT_CALL_PARITY;DEC27=PUT_CALL_PARITY;DEC28=PUT_CALL_PARITY;SEP28=PUT_CALL_PARITY;DEC30=PUT_CALL_PARITY;JUN28=PUT_CALL_PARITY,OCT26=7852.6;NOV26=7852;FEB27=7923.875;MAR27=7994;DEC26=7923.25;JAN27=7924.5;APR27=8008.375;MAY27=8011.875;JUL27=8099.625;JUN27=8066.75;DEC29=8852.375;SEP27=8159.875;AUG27=8105.75;MAR28=8279;DEC27=8177.5;DEC28=8506.75;SEP28=6112.0875;DEC30=9361.5;JUN28=8372.5,OCT27=GLOBAL_REFERENCE_NO_OBSERVATION;SEP28=GLOBAL_REFERENCE_OUTLIER_SERIES_FORWARD_CLUSTER,WEIGHTED_ATM,2026-10-16,6,685,0.0,NONE,11274,10812,462,0,0,RTM,MDW;MMW;MRW;MTW,OK,NONE,NONE,2026-10-07
SPX,4650.0,0.0,0.0,0.0,0.0,0.0,0.0,0.0,0.0,7906.272501294064,7798.927498705937,7959.945002588127,7745.254997411874,DEC26,OCT26,2026-10-08,2026-12-18,7852.6,7825.767905144304,FOUND,DEGRADED,SPOT_MONTH_FALLBACK;UNKNOWN_SERIES;ESTIMATED_EXPIRY_ALIAS,2026-08-02.2,PUT_CALL_PARITY,OCT26,OCT26=PUT_CALL_PARITY;NOV26=PUT_CALL_PARITY;FEB27=PUT_CALL_PARITY;MAR27=PUT_CALL_PARITY;DEC26=PUT_CALL_PARITY;JAN27=PUT_CALL_PARITY;APR27=PUT_CALL_PARITY;MAY27=PUT_CALL_PARITY;JUL27=PUT_CALL_PARITY;JUN27=PUT_CALL_PARITY;DEC29=PUT_CALL_PARITY;OCT27=PUT_CALL_PARITY;SEP27=PUT_CALL_PARITY;AUG27=PUT_CALL_PARITY;MAR28=PUT_CALL_PARITY;DEC27=PUT_CALL_PARITY;DEC28=PUT_CALL_PARITY;SEP28=PUT_CALL_PARITY;DEC30=PUT_CALL_PARITY;JUN28=PUT_CALL_PARITY,OCT26=7852.6;NOV26=7852;FEB27=7923.875;MAR27=7994;DEC26=7923.25;JAN27=7924.5;APR27=8008.375;MAY27=8011.875;JUL27=8099.625;JUN27=8066.75;DEC29=8852.375;SEP27=8159.875;AUG27=8105.75;MAR28=8279;DEC27=8177.5;DEC28=8506.75;SEP28=6112.0875;DEC30=9361.5;JUN28=8372.5,OCT27=GLOBAL_REFERENCE_NO_OBSERVATION;SEP28=GLOBAL_REFERENCE_OUTLIER_SERIES_FORWARD_CLUSTER,WEIGHTED_ATM,2026-10-16,6,685,0.0,NONE,11274,10812,462,0,0,RTM,MDW;MMW;MRW;MTW,OK,NONE,NONE,2026-10-07
SPX,4700.0,0.0,0.0,0.0,0.0,0.0,0.0,0.0,0.0,7906.272501294064,7798.927498705937,7959.945002588127,7745.254997411874,DEC26,OCT26,2026-10-08,2026-12-18,7852.6,7825.767905144304,FOUND,DEGRADED,SPOT_MONTH_FALLBACK;UNKNOWN_SERIES;ESTIMATED_EXPIRY_ALIAS,2026-08-02.2,PUT_CALL_PARITY,OCT26,OCT26=PUT_CALL_PARITY;NOV26=PUT_CALL_PARITY;FEB27=PUT_CALL_PARITY;MAR27=PUT_CALL_PARITY;DEC26=PUT_CALL_PARITY;JAN27=PUT_CALL_PARITY;APR27=PUT_CALL_PARITY;MAY27=PUT_CALL_PARITY;JUL27=PUT_CALL_PARITY;JUN27=PUT_CALL_PARITY;DEC29=PUT_CALL_PARITY;OCT27=PUT_CALL_PARITY;SEP27=PUT_CALL_PARITY;AUG27=PUT_CALL_PARITY;MAR28=PUT_CALL_PARITY;DEC27=PUT_CALL_PARITY;DEC28=PUT_CALL_PARITY;SEP28=PUT_CALL_PARITY;DEC30=PUT_CALL_PARITY;JUN28=PUT_CALL_PARITY,OCT26=7852.6;NOV26=7852;FEB27=7923.875;MAR27=7994;DEC26=7923.25;JAN27=7924.5;APR27=8008.375;MAY27=8011.875;JUL27=8099.625;JUN27=8066.75;DEC29=8852.375;SEP27=8159.875;AUG27=8105.75;MAR28=8279;DEC27=8177.5;DEC28=8506.75;SEP28=6112.0875;DEC30=9361.5;JUN28=8372.5,OCT27=GLOBAL_REFERENCE_NO_OBSERVATION;SEP28=GLOBAL_REFERENCE_OUTLIER_SERIES_FORWARD_CLUSTER,WEIGHTED_ATM,2026-10-16,6,685,0.0,NONE,11274,10812,462,0,0,RTM,MDW;MMW;MRW;MTW,OK,NONE,NONE,2026-10-07
SPX,4750.0,0.0,0.0,0.0,0.0,0.0,0.0,0.0,0.0,7906.272501294064,7798.927498705937,7959.945002588127,7745.254997411874,DEC26,OCT26,2026-10-08,2026-12-18,7852.6,7825.767905144304,FOUND,DEGRADED,SPOT_MONTH_FALLBACK;UNKNOWN_SERIES;ESTIMATED_EXPIRY_ALIAS,2026-08-02.2,PUT_CALL_PARITY,OCT26,OCT26=PUT_CALL_PARITY;NOV26=PUT_CALL_PARITY;FEB27=PUT_CALL_PARITY;MAR27=PUT_CALL_PARITY;DEC26=PUT_CALL_PARITY;JAN27=PUT_CALL_PARITY;APR27=PUT_CALL_PARITY;MAY27=PUT_CALL_PARITY;JUL27=PUT_CALL_PARITY;JUN27=PUT_CALL_PARITY;DEC29=PUT_CALL_PARITY;OCT27=PUT_CALL_PARITY;SEP27=PUT_CALL_PARITY;AUG27=PUT_CALL_PARITY;MAR28=PUT_CALL_PARITY;DEC27=PUT_CALL_PARITY;DEC28=PUT_CALL_PARITY;SEP28=PUT_CALL_PARITY;DEC30=PUT_CALL_PARITY;JUN28=PUT_CALL_PARITY,OCT26=7852.6;NOV26=7852;FEB27=7923.875;MAR27=7994;DEC26=7923.25;JAN27=7924.5;APR27=8008.375;MAY27=8011.875;JUL27=8099.625;JUN27=8066.75;DEC29=8852.375;SEP27=8159.875;AUG27=8105.75;MAR28=8279;DEC27=8177.5;DEC28=8506.75;SEP28=6112.0875;DEC30=9361.5;JUN28=8372.5,OCT27=GLOBAL_REFERENCE_NO_OBSERVATION;SEP28=GLOBAL_REFERENCE_OUTLIER_SERIES_FORWARD_CLUSTER,WEIGHTED_ATM,2026-10-16,6,685,0.0,NONE,11274,10812,462,0,0,RTM,MDW;MMW;MRW;MTW,OK,NONE,NONE,2026-10-07
SPX,4800.0,0.0,0.0,0.0,0.0,0.0,0.0,0.0,0.0,7906.272501294064,7798.927498705937,7959.945002588127,7745.254997411874,DEC26,OCT26,2026-10-08,2026-12-18,7852.6,7825.767905144304,FOUND,DEGRADED,SPOT_MONTH_FALLBACK;UNKNOWN_SERIES;ESTIMATED_EXPIRY_ALIAS,2026-08-02.2,PUT_CALL_PARITY,OCT26,OCT26=PUT_CALL_PARITY;NOV26=PUT_CALL_PARITY;FEB27=PUT_CALL_PARITY;MAR27=PUT_CALL_PARITY;DEC26=PUT_CALL_PARITY;JAN27=PUT_CALL_PARITY;APR27=PUT_CALL_PARITY;MAY27=PUT_CALL_PARITY;JUL27=PUT_CALL_PARITY;JUN27=PUT_CALL_PARITY;DEC29=PUT_CALL_PARITY;OCT27=PUT_CALL_PARITY;SEP27=PUT_CALL_PARITY;AUG27=PUT_CALL_PARITY;MAR28=PUT_CALL_PARITY;DEC27=PUT_CALL_PARITY;DEC28=PUT_CALL_PARITY;SEP28=PUT_CALL_PARITY;DEC30=PUT_CALL_PARITY;JUN28=PUT_CALL_PARITY,OCT26=7852.6;NOV26=7852;FEB27=7923.875;MAR27=7994;DEC26=7923.25;JAN27=7924.5;APR27=8008.375;MAY27=8011.875;JUL27=8099.625;JUN27=8066.75;DEC29=8852.375;SEP27=8159.875;AUG27=8105.75;MAR28=8279;DEC27=8177.5;DEC28=8506.75;SEP28=6112.0875;DEC30=9361.5;JUN28=8372.5,OCT27=GLOBAL_REFERENCE_NO_OBSERVATION;SEP28=GLOBAL_REFERENCE_OUTLIER_SERIES_FORWARD_CLUSTER,WEIGHTED_ATM,2026-10-16,6,685,0.0,NONE,11274,10812,462,0,0,RTM,MDW;MMW;MRW;MTW,OK,NONE,NONE,2026-10-07
SPX,4850.0,0.0,0.0,0.0,0.0,0.0,0.0,0.0,0.0,7906.272501294064,7798.927498705937,7959.945002588127,7745.254997411874,DEC26,OCT26,2026-10-08,2026-12-18,7852.6,7825.767905144304,FOUND,DEGRADED,SPOT_MONTH_FALLBACK;UNKNOWN_SERIES;ESTIMATED_EXPIRY_ALIAS,2026-08-02.2,PUT_CALL_PARITY,OCT26,OCT26=PUT_CALL_PARITY;NOV26=PUT_CALL_PARITY;FEB27=PUT_CALL_PARITY;MAR27=PUT_CALL_PARITY;DEC26=PUT_CALL_PARITY;JAN27=PUT_CALL_PARITY;APR27=PUT_CALL_PARITY;MAY27=PUT_CALL_PARITY;JUL27=PUT_CALL_PARITY;JUN27=PUT_CALL_PARITY;DEC29=PUT_CALL_PARITY;OCT27=PUT_CALL_PARITY;SEP27=PUT_CALL_PARITY;AUG27=PUT_CALL_PARITY;MAR28=PUT_CALL_PARITY;DEC27=PUT_CALL_PARITY;DEC28=PUT_CALL_PARITY;SEP28=PUT_CALL_PARITY;DEC30=PUT_CALL_PARITY;JUN28=PUT_CALL_PARITY,OCT26=7852.6;NOV26=7852;FEB27=7923.875;MAR27=7994;DEC26=7923.25;JAN27=7924.5;APR27=8008.375;MAY27=8011.875;JUL27=8099.625;JUN27=8066.75;DEC29=8852.375;SEP27=8159.875;AUG27=8105.75;MAR28=8279;DEC27=8177.5;DEC28=8506.75;SEP28=6112.0875;DEC30=9361.5;JUN28=8372.5,OCT27=GLOBAL_REFERENCE_NO_OBSERVATION;SEP28=GLOBAL_REFERENCE_OUTLIER_SERIES_FORWARD_CLUSTER,WEIGHTED_ATM,2026-10-16,6,685,0.0,NONE,11274,10812,462,0,0,RTM,MDW;MMW;MRW;MTW,OK,NONE,NONE,2026-10-07
SPX,4900.0,0.0,0.0,0.0,0.0,0.0,0.0,0.0,0.0,7906.272501294064,7798.927498705937,7959.945002588127,7745.254997411874,DEC26,OCT26,2026-10-08,2026-12-18,7852.6,7825.767905144304,FOUND,DEGRADED,SPOT_MONTH_FALLBACK;UNKNOWN_SERIES;ESTIMATED_EXPIRY_ALIAS,2026-08-02.2,PUT_CALL_PARITY,OCT26,OCT26=PUT_CALL_PARITY;NOV26=PUT_CALL_PARITY;FEB27=PUT_CALL_PARITY;MAR27=PUT_CALL_PARITY;DEC26=PUT_CALL_PARITY;JAN27=PUT_CALL_PARITY;APR27=PUT_CALL_PARITY;MAY27=PUT_CALL_PARITY;JUL27=PUT_CALL_PARITY;JUN27=PUT_CALL_PARITY;DEC29=PUT_CALL_PARITY;OCT27=PUT_CALL_PARITY;SEP27=PUT_CALL_PARITY;AUG27=PUT_CALL_PARITY;MAR28=PUT_CALL_PARITY;DEC27=PUT_CALL_PARITY;DEC28=PUT_CALL_PARITY;SEP28=PUT_CALL_PARITY;DEC30=PUT_CALL_PARITY;JUN28=PUT_CALL_PARITY,OCT26=7852.6;NOV26=7852;FEB27=7923.875;MAR27=7994;DEC26=7923.25;JAN27=7924.5;APR27=8008.375;MAY27=8011.875;JUL27=8099.625;JUN27=8066.75;DEC29=8852.375;SEP27=8159.875;AUG27=8105.75;MAR28=8279;DEC27=8177.5;DEC28=8506.75;SEP28=6112.0875;DEC30=9361.5;JUN28=8372.5,OCT27=GLOBAL_REFERENCE_NO_OBSERVATION;SEP28=GLOBAL_REFERENCE_OUTLIER_SERIES_FORWARD_CLUSTER,WEIGHTED_ATM,2026-10-16,6,685,0.0,NONE,11274,10812,462,0,0,RTM,MDW;MMW;MRW;MTW,OK,NONE,NONE,2026-10-07
SPX,4950.0,0.0,0.0,0.0,0.0,0.0,0.0,0.0,0.0,7906.272501294064,7798.927498705937,7959.945002588127,7745.254997411874,DEC26,OCT26,2026-10-08,2026-12-18,7852.6,7825.767905144304,FOUND,DEGRADED,SPOT_MONTH_FALLBACK;UNKNOWN_SERIES;ESTIMATED_EXPIRY_ALIAS,2026-08-02.2,PUT_CALL_PARITY,OCT26,OCT26=PUT_CALL_PARITY;NOV26=PUT_CALL_PARITY;FEB27=PUT_CALL_PARITY;MAR27=PUT_CALL_PARITY;DEC26=PUT_CALL_PARITY;JAN27=PUT_CALL_PARITY;APR27=PUT_CALL_PARITY;MAY27=PUT_CALL_PARITY;JUL27=PUT_CALL_PARITY;JUN27=PUT_CALL_PARITY;DEC29=PUT_CALL_PARITY;OCT27=PUT_CALL_PARITY;SEP27=PUT_CALL_PARITY;AUG27=PUT_CALL_PARITY;MAR28=PUT_CALL_PARITY;DEC27=PUT_CALL_PARITY;DEC28=PUT_CALL_PARITY;SEP28=PUT_CALL_PARITY;DEC30=PUT_CALL_PARITY;JUN28=PUT_CALL_PARITY,OCT26=7852.6;NOV26=7852;FEB27=7923.875;MAR27=7994;DEC26=7923.25;JAN27=7924.5;APR27=8008.375;MAY27=8011.875;JUL27=8099.625;JUN27=8066.75;DEC29=8852.375;SEP27=8159.875;AUG27=8105.75;MAR28=8279;DEC27=8177.5;DEC28=8506.75;SEP28=6112.0875;DEC30=9361.5;JUN28=8372.5,OCT27=GLOBAL_REFERENCE_NO_OBSERVATION;SEP28=GLOBAL_REFERENCE_OUTLIER_SERIES_FORWARD_CLUSTER,WEIGHTED_ATM,2026-10-16,6,685,0.0,NONE,11274,10812,462,0,0,RTM,MDW;MMW;MRW;MTW,OK,NONE,NONE,2026-10-07
SPX,5000.0,0.0,0.0,0.0,0.0,0.0,0.0,0.0,0.0,7906.272501294064,7798.927498705937,7959.945002588127,7745.254997411874,DEC26,OCT26,2026-10-08,2026-12-18,7852.6,7825.767905144304,FOUND,DEGRADED,SPOT_MONTH_FALLBACK;UNKNOWN_SERIES;ESTIMATED_EXPIRY_ALIAS,2026-08-02.2,PUT_CALL_PARITY,OCT26,OCT26=PUT_CALL_PARITY;NOV26=PUT_CALL_PARITY;FEB27=PUT_CALL_PARITY;MAR27=PUT_CALL_PARITY;DEC26=PUT_CALL_PARITY;JAN27=PUT_CALL_PARITY;APR27=PUT_CALL_PARITY;MAY27=PUT_CALL_PARITY;JUL27=PUT_CALL_PARITY;JUN27=PUT_CALL_PARITY;DEC29=PUT_CALL_PARITY;OCT27=PUT_CALL_PARITY;SEP27=PUT_CALL_PARITY;AUG27=PUT_CALL_PARITY;MAR28=PUT_CALL_PARITY;DEC27=PUT_CALL_PARITY;DEC28=PUT_CALL_PARITY;SEP28=PUT_CALL_PARITY;DEC30=PUT_CALL_PARITY;JUN28=PUT_CALL_PARITY,OCT26=7852.6;NOV26=7852;FEB27=7923.875;MAR27=7994;DEC26=7923.25;JAN27=7924.5;APR27=8008.375;MAY27=8011.875;JUL27=8099.625;JUN27=8066.75;DEC29=8852.375;SEP27=8159.875;AUG27=8105.75;MAR28=8279;DEC27=8177.5;DEC28=8506.75;SEP28=6112.0875;DEC30=9361.5;JUN28=8372.5,OCT27=GLOBAL_REFERENCE_NO_OBSERVATION;SEP28=GLOBAL_REFERENCE_OUTLIER_SERIES_FORWARD_CLUSTER,WEIGHTED_ATM,2026-10-16,6,685,0.0,NONE,11274,10812,462,0,0,RTM,MDW;MMW;MRW;MTW,OK,NONE,NONE,2026-10-07
SPX,5050.0,0.0,0.0,0.0,0.0,0.0,0.0,0.0,0.0,7906.272501294064,7798.927498705937,7959.945002588127,7745.254997411874,DEC26,OCT26,2026-10-08,2026-12-18,7852.6,7825.767905144304,FOUND,DEGRADED,SPOT_MONTH_FALLBACK;UNKNOWN_SERIES;ESTIMATED_EXPIRY_ALIAS,2026-08-02.2,PUT_CALL_PARITY,OCT26,OCT26=PUT_CALL_PARITY;NOV26=PUT_CALL_PARITY;FEB27=PUT_CALL_PARITY;MAR27=PUT_CALL_PARITY;DEC26=PUT_CALL_PARITY;JAN27=PUT_CALL_PARITY;APR27=PUT_CALL_PARITY;MAY27=PUT_CALL_PARITY;JUL27=PUT_CALL_PARITY;JUN27=PUT_CALL_PARITY;DEC29=PUT_CALL_PARITY;OCT27=PUT_CALL_PARITY;SEP27=PUT_CALL_PARITY;AUG27=PUT_CALL_PARITY;MAR28=PUT_CALL_PARITY;DEC27=PUT_CALL_PARITY;DEC28=PUT_CALL_PARITY;SEP28=PUT_CALL_PARITY;DEC30=PUT_CALL_PARITY;JUN28=PUT_CALL_PARITY,OCT26=7852.6;NOV26=7852;FEB27=7923.875;MAR27=7994;DEC26=7923.25;JAN27=7924.5;APR27=8008.375;MAY27=8011.875;JUL27=8099.625;JUN27=8066.75;DEC29=8852.375;SEP27=8159.875;AUG27=8105.75;MAR28=8279;DEC27=8177.5;DEC28=8506.75;SEP28=6112.0875;DEC30=9361.5;JUN28=8372.5,OCT27=GLOBAL_REFERENCE_NO_OBSERVATION;SEP28=GLOBAL_REFERENCE_OUTLIER_SERIES_FORWARD_CLUSTER,WEIGHTED_ATM,2026-10-16,6,685,0.0,NONE,11274,10812,462,0,0,RTM,MDW;MMW;MRW;MTW,OK,NONE,NONE,2026-10-07
SPX,5100.0,0.0,0.0,0.0,0.0,0.0,0.0,0.0,0.0,7906.272501294064,7798.927498705937,7959.945002588127,7745.254997411874,DEC26,OCT26,2026-10-08,2026-12-18,7852.6,7825.767905144304,FOUND,DEGRADED,SPOT_MONTH_FALLBACK;UNKNOWN_SERIES;ESTIMATED_EXPIRY_ALIAS,2026-08-02.2,PUT_CALL_PARITY,OCT26,OCT26=PUT_CALL_PARITY;NOV26=PUT_CALL_PARITY;FEB27=PUT_CALL_PARITY;MAR27=PUT_CALL_PARITY;DEC26=PUT_CALL_PARITY;JAN27=PUT_CALL_PARITY;APR27=PUT_CALL_PARITY;MAY27=PUT_CALL_PARITY;JUL27=PUT_CALL_PARITY;JUN27=PUT_CALL_PARITY;DEC29=PUT_CALL_PARITY;OCT27=PUT_CALL_PARITY;SEP27=PUT_CALL_PARITY;AUG27=PUT_CALL_PARITY;MAR28=PUT_CALL_PARITY;DEC27=PUT_CALL_PARITY;DEC28=PUT_CALL_PARITY;SEP28=PUT_CALL_PARITY;DEC30=PUT_CALL_PARITY;JUN28=PUT_CALL_PARITY,OCT26=7852.6;NOV26=7852;FEB27=7923.875;MAR27=7994;DEC26=7923.25;JAN27=7924.5;APR27=8008.375;MAY27=8011.875;JUL27=8099.625;JUN27=8066.75;DEC29=8852.375;SEP27=8159.875;AUG27=8105.75;MAR28=8279;DEC27=8177.5;DEC28=8506.75;SEP28=6112.0875;DEC30=9361.5;JUN28=8372.5,OCT27=GLOBAL_REFERENCE_NO_OBSERVATION;SEP28=GLOBAL_REFERENCE_OUTLIER_SERIES_FORWARD_CLUSTER,WEIGHTED_ATM,2026-10-16,6,685,0.0,NONE,11274,10812,462,0,0,RTM,MDW;MMW;MRW;MTW,OK,NONE,NONE,2026-10-07
SPX,5150.0,0.0,0.0,0.0,0.0,0.0,0.0,0.0,0.0,7906.272501294064,7798.927498705937,7959.945002588127,7745.254997411874,DEC26,OCT26,2026-10-08,2026-12-18,7852.6,7825.767905144304,FOUND,DEGRADED,SPOT_MONTH_FALLBACK;UNKNOWN_SERIES;ESTIMATED_EXPIRY_ALIAS,2026-08-02.2,PUT_CALL_PARITY,OCT26,OCT26=PUT_CALL_PARITY;NOV26=PUT_CALL_PARITY;FEB27=PUT_CALL_PARITY;MAR27=PUT_CALL_PARITY;DEC26=PUT_CALL_PARITY;JAN27=PUT_CALL_PARITY;APR27=PUT_CALL_PARITY;MAY27=PUT_CALL_PARITY;JUL27=PUT_CALL_PARITY;JUN27=PUT_CALL_PARITY;DEC29=PUT_CALL_PARITY;OCT27=PUT_CALL_PARITY;SEP27=PUT_CALL_PARITY;AUG27=PUT_CALL_PARITY;MAR28=PUT_CALL_PARITY;DEC27=PUT_CALL_PARITY;DEC28=PUT_CALL_PARITY;SEP28=PUT_CALL_PARITY;DEC30=PUT_CALL_PARITY;JUN28=PUT_CALL_PARITY,OCT26=7852.6;NOV26=7852;FEB27=7923.875;MAR27=7994;DEC26=7923.25;JAN27=7924.5;APR27=8008.375;MAY27=8011.875;JUL27=8099.625;JUN27=8066.75;DEC29=8852.375;SEP27=8159.875;AUG27=8105.75;MAR28=8279;DEC27=8177.5;DEC28=8506.75;SEP28=6112.0875;DEC30=9361.5;JUN28=8372.5,OCT27=GLOBAL_REFERENCE_NO_OBSERVATION;SEP28=GLOBAL_REFERENCE_OUTLIER_SERIES_FORWARD_CLUSTER,WEIGHTED_ATM,2026-10-16,6,685,0.0,NONE,11274,10812,462,0,0,RTM,MDW;MMW;MRW;MTW,OK,NONE,NONE,2026-10-07
SPX,5200.0,0.0,0.0,0.0,0.0,0.0,0.0,0.0,0.0,7906.272501294064,7798.927498705937,7959.945002588127,7745.254997411874,DEC26,OCT26,2026-10-08,2026-12-18,7852.6,7825.767905144304,FOUND,DEGRADED,SPOT_MONTH_FALLBACK;UNKNOWN_SERIES;ESTIMATED_EXPIRY_ALIAS,2026-08-02.2,PUT_CALL_PARITY,OCT26,OCT26=PUT_CALL_PARITY;NOV26=PUT_CALL_PARITY;FEB27=PUT_CALL_PARITY;MAR27=PUT_CALL_PARITY;DEC26=PUT_CALL_PARITY;JAN27=PUT_CALL_PARITY;APR27=PUT_CALL_PARITY;MAY27=PUT_CALL_PARITY;JUL27=PUT_CALL_PARITY;JUN27=PUT_CALL_PARITY;DEC29=PUT_CALL_PARITY;OCT27=PUT_CALL_PARITY;SEP27=PUT_CALL_PARITY;AUG27=PUT_CALL_PARITY;MAR28=PUT_CALL_PARITY;DEC27=PUT_CALL_PARITY;DEC28=PUT_CALL_PARITY;SEP28=PUT_CALL_PARITY;DEC30=PUT_CALL_PARITY;JUN28=PUT_CALL_PARITY,OCT26=7852.6;NOV26=7852;FEB27=7923.875;MAR27=7994;DEC26=7923.25;JAN27=7924.5;APR27=8008.375;MAY27=8011.875;JUL27=8099.625;JUN27=8066.75;DEC29=8852.375;SEP27=8159.875;AUG27=8105.75;MAR28=8279;DEC27=8177.5;DEC28=8506.75;SEP28=6112.0875;DEC30=9361.5;JUN28=8372.5,OCT27=GLOBAL_REFERENCE_NO_OBSERVATION;SEP28=GLOBAL_REFERENCE_OUTLIER_SERIES_FORWARD_CLUSTER,WEIGHTED_ATM,2026-10-16,6,685,0.0,NONE,11274,10812,462,0,0,RTM,MDW;MMW;MRW;MTW,OK,NONE,NONE,2026-10-07
SPX,5250.0,0.0,0.0,0.0,0.0,0.0,0.0,0.0,0.0,7906.272501294064,7798.927498705937,7959.945002588127,7745.254997411874,DEC26,OCT26,2026-10-08,2026-12-18,7852.6,7825.767905144304,FOUND,DEGRADED,SPOT_MONTH_FALLBACK;UNKNOWN_SERIES;ESTIMATED_EXPIRY_ALIAS,2026-08-02.2,PUT_CALL_PARITY,OCT26,OCT26=PUT_CALL_PARITY;NOV26=PUT_CALL_PARITY;FEB27=PUT_CALL_PARITY;MAR27=PUT_CALL_PARITY;DEC26=PUT_CALL_PARITY;JAN27=PUT_CALL_PARITY;APR27=PUT_CALL_PARITY;MAY27=PUT_CALL_PARITY;JUL27=PUT_CALL_PARITY;JUN27=PUT_CALL_PARITY;DEC29=PUT_CALL_PARITY;OCT27=PUT_CALL_PARITY;SEP27=PUT_CALL_PARITY;AUG27=PUT_CALL_PARITY;MAR28=PUT_CALL_PARITY;DEC27=PUT_CALL_PARITY;DEC28=PUT_CALL_PARITY;SEP28=PUT_CALL_PARITY;DEC30=PUT_CALL_PARITY;JUN28=PUT_CALL_PARITY,OCT26=7852.6;NOV26=7852;FEB27=7923.875;MAR27=7994;DEC26=7923.25;JAN27=7924.5;APR27=8008.375;MAY27=8011.875;JUL27=8099.625;JUN27=8066.75;DEC29=8852.375;SEP27=8159.875;AUG27=8105.75;MAR28=8279;DEC27=8177.5;DEC28=8506.75;SEP28=6112.0875;DEC30=9361.5;JUN28=8372.5,OCT27=GLOBAL_REFERENCE_NO_OBSERVATION;SEP28=GLOBAL_REFERENCE_OUTLIER_SERIES_FORWARD_CLUSTER,WEIGHTED_ATM,2026-10-16,6,685,0.0,NONE,11274,10812,462,0,0,RTM,MDW;MMW;MRW;MTW,OK,NONE,NONE,2026-10-07
SPX,5300.0,0.0,0.0,0.0,0.0,0.0,0.0,0.0,0.0,7906.272501294064,7798.927498705937,7959.945002588127,7745.254997411874,DEC26,OCT26,2026-10-08,2026-12-18,7852.6,7825.767905144304,FOUND,DEGRADED,SPOT_MONTH_FALLBACK;UNKNOWN_SERIES;ESTIMATED_EXPIRY_ALIAS,2026-08-02.2,PUT_CALL_PARITY,OCT26,OCT26=PUT_CALL_PARITY;NOV26=PUT_CALL_PARITY;FEB27=PUT_CALL_PARITY;MAR27=PUT_CALL_PARITY;DEC26=PUT_CALL_PARITY;JAN27=PUT_CALL_PARITY;APR27=PUT_CALL_PARITY;MAY27=PUT_CALL_PARITY;JUL27=PUT_CALL_PARITY;JUN27=PUT_CALL_PARITY;DEC29=PUT_CALL_PARITY;OCT27=PUT_CALL_PARITY;SEP27=PUT_CALL_PARITY;AUG27=PUT_CALL_PARITY;MAR28=PUT_CALL_PARITY;DEC27=PUT_CALL_PARITY;DEC28=PUT_CALL_PARITY;SEP28=PUT_CALL_PARITY;DEC30=PUT_CALL_PARITY;JUN28=PUT_CALL_PARITY,OCT26=7852.6;NOV26=7852;FEB27=7923.875;MAR27=7994;DEC26=7923.25;JAN27=7924.5;APR27=8008.375;MAY27=8011.875;JUL27=8099.625;JUN27=8066.75;DEC29=8852.375;SEP27=8159.875;AUG27=8105.75;MAR28=8279;DEC27=8177.5;DEC28=8506.75;SEP28=6112.0875;DEC30=9361.5;JUN28=8372.5,OCT27=GLOBAL_REFERENCE_NO_OBSERVATION;SEP28=GLOBAL_REFERENCE_OUTLIER_SERIES_FORWARD_CLUSTER,WEIGHTED_ATM,2026-10-16,6,685,0.0,NONE,11274,10812,462,0,0,RTM,MDW;MMW;MRW;MTW,OK,NONE,NONE,2026-10-07
SPX,5350.0,0.0,0.0,0.0,0.0,0.0,0.0,0.0,0.0,7906.272501294064,7798.927498705937,7959.945002588127,7745.254997411874,DEC26,OCT26,2026-10-08,2026-12-18,7852.6,7825.767905144304,FOUND,DEGRADED,SPOT_MONTH_FALLBACK;UNKNOWN_SERIES;ESTIMATED_EXPIRY_ALIAS,2026-08-02.2,PUT_CALL_PARITY,OCT26,OCT26=PUT_CALL_PARITY;NOV26=PUT_CALL_PARITY;FEB27=PUT_CALL_PARITY;MAR27=PUT_CALL_PARITY;DEC26=PUT_CALL_PARITY;JAN27=PUT_CALL_PARITY;APR27=PUT_CALL_PARITY;MAY27=PUT_CALL_PARITY;JUL27=PUT_CALL_PARITY;JUN27=PUT_CALL_PARITY;DEC29=PUT_CALL_PARITY;OCT27=PUT_CALL_PARITY;SEP27=PUT_CALL_PARITY;AUG27=PUT_CALL_PARITY;MAR28=PUT_CALL_PARITY;DEC27=PUT_CALL_PARITY;DEC28=PUT_CALL_PARITY;SEP28=PUT_CALL_PARITY;DEC30=PUT_CALL_PARITY;JUN28=PUT_CALL_PARITY,OCT26=7852.6;NOV26=7852;FEB27=7923.875;MAR27=7994;DEC26=7923.25;JAN27=7924.5;APR27=8008.375;MAY27=8011.875;JUL27=8099.625;JUN27=8066.75;DEC29=8852.375;SEP27=8159.875;AUG27=8105.75;MAR28=8279;DEC27=8177.5;DEC28=8506.75;SEP28=6112.0875;DEC30=9361.5;JUN28=8372.5,OCT27=GLOBAL_REFERENCE_NO_OBSERVATION;SEP28=GLOBAL_REFERENCE_OUTLIER_SERIES_FORWARD_CLUSTER,WEIGHTED_ATM,2026-10-16,6,685,0.0,NONE,11274,10812,462,0,0,RTM,MDW;MMW;MRW;MTW,OK,NONE,NONE,2026-10-07
SPX,5400.0,0.0,0.0,0.0,0.0,0.0,0.0,0.0,0.0,7906.272501294064,7798.927498705937,7959.945002588127,7745.254997411874,DEC26,OCT26,2026-10-08,2026-12-18,7852.6,7825.767905144304,FOUND,DEGRADED,SPOT_MONTH_FALLBACK;UNKNOWN_SERIES;ESTIMATED_EXPIRY_ALIAS,2026-08-02.2,PUT_CALL_PARITY,OCT26,OCT26=PUT_CALL_PARITY;NOV26=PUT_CALL_PARITY;FEB27=PUT_CALL_PARITY;MAR27=PUT_CALL_PARITY;DEC26=PUT_CALL_PARITY;JAN27=PUT_CALL_PARITY;APR27=PUT_CALL_PARITY;MAY27=PUT_CALL_PARITY;JUL27=PUT_CALL_PARITY;JUN27=PUT_CALL_PARITY;DEC29=PUT_CALL_PARITY;OCT27=PUT_CALL_PARITY;SEP27=PUT_CALL_PARITY;AUG27=PUT_CALL_PARITY;MAR28=PUT_CALL_PARITY;DEC27=PUT_CALL_PARITY;DEC28=PUT_CALL_PARITY;SEP28=PUT_CALL_PARITY;DEC30=PUT_CALL_PARITY;JUN28=PUT_CALL_PARITY,OCT26=7852.6;NOV26=7852;FEB27=7923.875;MAR27=7994;DEC26=7923.25;JAN27=7924.5;APR27=8008.375;MAY27=8011.875;JUL27=8099.625;JUN27=8066.75;DEC29=8852.375;SEP27=8159.875;AUG27=8105.75;MAR28=8279;DEC27=8177.5;DEC28=8506.75;SEP28=6112.0875;DEC30=9361.5;JUN28=8372.5,OCT27=GLOBAL_REFERENCE_NO_OBSERVATION;SEP28=GLOBAL_REFERENCE_OUTLIER_SERIES_FORWARD_CLUSTER,WEIGHTED_ATM,2026-10-16,6,685,0.0,NONE,11274,10812,462,0,0,RTM,MDW;MMW;MRW;MTW,OK,NONE,NONE,2026-10-07
SPX,5450.0,0.0,0.0,0.0,0.0,0.0,0.0,0.0,0.0,7906.272501294064,7798.927498705937,7959.945002588127,7745.254997411874,DEC26,OCT26,2026-10-08,2026-12-18,7852.6,7825.767905144304,FOUND,DEGRADED,SPOT_MONTH_FALLBACK;UNKNOWN_SERIES;ESTIMATED_EXPIRY_ALIAS,2026-08-02.2,PUT_CALL_PARITY,OCT26,OCT26=PUT_CALL_PARITY;NOV26=PUT_CALL_PARITY;FEB27=PUT_CALL_PARITY;MAR27=PUT_CALL_PARITY;DEC26=PUT_CALL_PARITY;JAN27=PUT_CALL_PARITY;APR27=PUT_CALL_PARITY;MAY27=PUT_CALL_PARITY;JUL27=PUT_CALL_PARITY;JUN27=PUT_CALL_PARITY;DEC29=PUT_CALL_PARITY;OCT27=PUT_CALL_PARITY;SEP27=PUT_CALL_PARITY;AUG27=PUT_CALL_PARITY;MAR28=PUT_CALL_PARITY;DEC27=PUT_CALL_PARITY;DEC28=PUT_CALL_PARITY;SEP28=PUT_CALL_PARITY;DEC30=PUT_CALL_PARITY;JUN28=PUT_CALL_PARITY,OCT26=7852.6;NOV26=7852;FEB27=7923.875;MAR27=7994;DEC26=7923.25;JAN27=7924.5;APR27=8008.375;MAY27=8011.875;JUL27=8099.625;JUN27=8066.75;DEC29=8852.375;SEP27=8159.875;AUG27=8105.75;MAR28=8279;DEC27=8177.5;DEC28=8506.75;SEP28=6112.0875;DEC30=9361.5;JUN28=8372.5,OCT27=GLOBAL_REFERENCE_NO_OBSERVATION;SEP28=GLOBAL_REFERENCE_OUTLIER_SERIES_FORWARD_CLUSTER,WEIGHTED_ATM,2026-10-16,6,685,0.0,NONE,11274,10812,462,0,0,RTM,MDW;MMW;MRW;MTW,OK,NONE,NONE,2026-10-07
SPX,5500.0,-1257988.774983872,2.04031682232024,0.0,0.0,0.0,0.0,0.0,0.0,7906.272501294064,7798.927498705937,7959.945002588127,7745.254997411874,DEC26,OCT26,2026-10-08,2026-12-18,7852.6,7825.767905144304,FOUND,DEGRADED,SPOT_MONTH_FALLBACK;UNKNOWN_SERIES;ESTIMATED_EXPIRY_ALIAS,2026-08-02.2,PUT_CALL_PARITY,OCT26,OCT26=PUT_CALL_PARITY;NOV26=PUT_CALL_PARITY;FEB27=PUT_CALL_PARITY;MAR27=PUT_CALL_PARITY;DEC26=PUT_CALL_PARITY;JAN27=PUT_CALL_PARITY;APR27=PUT_CALL_PARITY;MAY27=PUT_CALL_PARITY;JUL27=PUT_CALL_PARITY;JUN27=PUT_CALL_PARITY;DEC29=PUT_CALL_PARITY;OCT27=PUT_CALL_PARITY;SEP27=PUT_CALL_PARITY;AUG27=PUT_CALL_PARITY;MAR28=PUT_CALL_PARITY;DEC27=PUT_CALL_PARITY;DEC28=PUT_CALL_PARITY;SEP28=PUT_CALL_PARITY;DEC30=PUT_CALL_PARITY;JUN28=PUT_CALL_PARITY,OCT26=7852.6;NOV26=7852;FEB27=7923.875;MAR27=7994;DEC26=7923.25;JAN27=7924.5;APR27=8008.375;MAY27=8011.875;JUL27=8099.625;JUN27=8066.75;DEC29=8852.375;SEP27=8159.875;AUG27=8105.75;MAR28=8279;DEC27=8177.5;DEC28=8506.75;SEP28=6112.0875;DEC30=9361.5;JUN28=8372.5,OCT27=GLOBAL_REFERENCE_NO_OBSERVATION;SEP28=GLOBAL_REFERENCE_OUTLIER_SERIES_FORWARD_CLUSTER,WEIGHTED_ATM,2026-10-16,6,685,0.0,NONE,11274,10812,462,0,0,RTM,MDW;MMW;MRW;MTW,OK,NONE,NONE,2026-10-07
SPX,5550.0,-3363519.465940141,5.3843338382019,0.0,0.0,0.0,0.0,0.0,0.0,7906.272501294064,7798.927498705937,7959.945002588127,7745.254997411874,DEC26,OCT26,2026-10-08,2026-12-18,7852.6,7825.767905144304,FOUND,DEGRADED,SPOT_MONTH_FALLBACK;UNKNOWN_SERIES;ESTIMATED_EXPIRY_ALIAS,2026-08-02.2,PUT_CALL_PARITY,OCT26,OCT26=PUT_CALL_PARITY;NOV26=PUT_CALL_PARITY;FEB27=PUT_CALL_PARITY;MAR27=PUT_CALL_PARITY;DEC26=PUT_CALL_PARITY;JAN27=PUT_CALL_PARITY;APR27=PUT_CALL_PARITY;MAY27=PUT_CALL_PARITY;JUL27=PUT_CALL_PARITY;JUN27=PUT_CALL_PARITY;DEC29=PUT_CALL_PARITY;OCT27=PUT_CALL_PARITY;SEP27=PUT_CALL_PARITY;AUG27=PUT_CALL_PARITY;MAR28=PUT_CALL_PARITY;DEC27=PUT_CALL_PARITY;DEC28=PUT_CALL_PARITY;SEP28=PUT_CALL_PARITY;DEC30=PUT_CALL_PARITY;JUN28=PUT_CALL_PARITY,OCT26=7852.6;NOV26=7852;FEB27=7923.875;MAR27=7994;DEC26=7923.25;JAN27=7924.5;APR27=8008.375;MAY27=8011.875;JUL27=8099.625;JUN27=8066.75;DEC29=8852.375;SEP27=8159.875;AUG27=8105.75;MAR28=8279;DEC27=8177.5;DEC28=8506.75;SEP28=6112.0875;DEC30=9361.5;JUN28=8372.5,OCT27=GLOBAL_REFERENCE_NO_OBSERVATION;SEP28=GLOBAL_REFERENCE_OUTLIER_SERIES_FORWARD_CLUSTER,WEIGHTED_ATM,2026-10-16,6,685,0.0,NONE,11274,10812,462,0,0,RTM,MDW;MMW;MRW;MTW,OK,NONE,NONE,2026-10-07
SPX,5600.0,-5758682.568608923,9.167592023982177,0.0,0.0,0.0,0.0,0.0,0.0,7906.272501294064,7798.927498705937,7959.945002588127,7745.254997411874,DEC26,OCT26,2026-10-08,2026-12-18,7852.6,7825.767905144304,FOUND,DEGRADED,SPOT_MONTH_FALLBACK;UNKNOWN_SERIES;ESTIMATED_EXPIRY_ALIAS,2026-08-02.2,PUT_CALL_PARITY,OCT26,OCT26=PUT_CALL_PARITY;NOV26=PUT_CALL_PARITY;FEB27=PUT_CALL_PARITY;MAR27=PUT_CALL_PARITY;DEC26=PUT_CALL_PARITY;JAN27=PUT_CALL_PARITY;APR27=PUT_CALL_PARITY;MAY27=PUT_CALL_PARITY;JUL27=PUT_CALL_PARITY;JUN27=PUT_CALL_PARITY;DEC29=PUT_CALL_PARITY;OCT27=PUT_CALL_PARITY;SEP27=PUT_CALL_PARITY;AUG27=PUT_CALL_PARITY;MAR28=PUT_CALL_PARITY;DEC27=PUT_CALL_PARITY;DEC28=PUT_CALL_PARITY;SEP28=PUT_CALL_PARITY;DEC30=PUT_CALL_PARITY;JUN28=PUT_CALL_PARITY,OCT26=7852.6;NOV26=7852;FEB27=7923.875;MAR27=7994;DEC26=7923.25;JAN27=7924.5;APR27=8008.375;MAY27=8011.875;JUL27=8099.625;JUN27=8066.75;DEC29=8852.375;SEP27=8159.875;AUG27=8105.75;MAR28=8279;DEC27=8177.5;DEC28=8506.75;SEP28=6112.0875;DEC30=9361.5;JUN28=8372.5,OCT27=GLOBAL_REFERENCE_NO_OBSERVATION;SEP28=GLOBAL_REFERENCE_OUTLIER_SERIES_FORWARD_CLUSTER,WEIGHTED_ATM,2026-10-16,6,685,0.0,NONE,11274,10812,462,0,0,RTM,MDW;MMW;MRW;MTW,OK,NONE,NONE,2026-10-07
SPX,5650.0,-5971530.794964215,9.429749330144539,0.0,0.0,0.0,0.0,0.0,0.0,7906.272501294064,7798.927498705937,7959.945002588127,7745.254997411874,DEC26,OCT26,2026-10-08,2026-12-18,7852.6,7825.767905144304,FOUND,DEGRADED,SPOT_MONTH_FALLBACK;UNKNOWN_SERIES;ESTIMATED_EXPIRY_ALIAS,2026-08-02.2,PUT_CALL_PARITY,OCT26,OCT26=PUT_CALL_PARITY;NOV26=PUT_CALL_PARITY;FEB27=PUT_CALL_PARITY;MAR27=PUT_CALL_PARITY;DEC26=PUT_CALL_PARITY;JAN27=PUT_CALL_PARITY;APR27=PUT_CALL_PARITY;MAY27=PUT_CALL_PARITY;JUL27=PUT_CALL_PARITY;JUN27=PUT_CALL_PARITY;DEC29=PUT_CALL_PARITY;OCT27=PUT_CALL_PARITY;SEP27=PUT_CALL_PARITY;AUG27=PUT_CALL_PARITY;MAR28=PUT_CALL_PARITY;DEC27=PUT_CALL_PARITY;DEC28=PUT_CALL_PARITY;SEP28=PUT_CALL_PARITY;DEC30=PUT_CALL_PARITY;JUN28=PUT_CALL_PARITY,OCT26=7852.6;NOV26=7852;FEB27=7923.875;MAR27=7994;DEC26=7923.25;JAN27=7924.5;APR27=8008.375;MAY27=8011.875;JUL27=8099.625;JUN27=8066.75;DEC29=8852.375;SEP27=8159.875;AUG27=8105.75;MAR28=8279;DEC27=8177.5;DEC28=8506.75;SEP28=6112.0875;DEC30=9361.5;JUN28=8372.5,OCT27=GLOBAL_REFERENCE_NO_OBSERVATION;SEP28=GLOBAL_REFERENCE_OUTLIER_SERIES_FORWARD_CLUSTER,WEIGHTED_ATM,2026-10-16,6,685,0.0,NONE,11274,10812,462,0,0,RTM,MDW;MMW;MRW;MTW,OK,NONE,NONE,2026-10-07
SPX,5700.0,-10639340.03807143,16.856376296738635,0.0,0.0,0.0,0.0,0.0,0.0,7906.272501294064,7798.927498705937,7959.945002588127,7745.254997411874,DEC26,OCT26,2026-10-08,2026-12-18,7852.6,7825.767905144304,FOUND,DEGRADED,SPOT_MONTH_FALLBACK;UNKNOWN_SERIES;ESTIMATED_EXPIRY_ALIAS,2026-08-02.2,PUT_CALL_PARITY,OCT26,OCT26=PUT_CALL_PARITY;NOV26=PUT_CALL_PARITY;FEB27=PUT_CALL_PARITY;MAR27=PUT_CALL_PARITY;DEC26=PUT_CALL_PARITY;JAN27=PUT_CALL_PARITY;APR27=PUT_CALL_PARITY;MAY27=PUT_CALL_PARITY;JUL27=PUT_CALL_PARITY;JUN27=PUT_CALL_PARITY;DEC29=PUT_CALL_PARITY;OCT27=PUT_CALL_PARITY;SEP27=PUT_CALL_PARITY;AUG27=PUT_CALL_PARITY;MAR28=PUT_CALL_PARITY;DEC27=PUT_CALL_PARITY;DEC28=PUT_CALL_PARITY;SEP28=PUT_CALL_PARITY;DEC30=PUT_CALL_PARITY;JUN28=PUT_CALL_PARITY,OCT26=7852.6;NOV26=7852;FEB27=7923.875;MAR27=7994;DEC26=7923.25;JAN27=7924.5;APR27=8008.375;MAY27=8011.875;JUL27=8099.625;JUN27=8066.75;DEC29=8852.375;SEP27=8159.875;AUG27=8105.75;MAR28=8279;DEC27=8177.5;DEC28=8506.75;SEP28=6112.0875;DEC30=9361.5;JUN28=8372.5,OCT27=GLOBAL_REFERENCE_NO_OBSERVATION;SEP28=GLOBAL_REFERENCE_OUTLIER_SERIES_FORWARD_CLUSTER,WEIGHTED_ATM,2026-10-16,6,685,0.0,NONE,11274,10812,462,0,0,RTM,MDW;MMW;MRW;MTW,OK,NONE,NONE,2026-10-07
SPX,5750.0,-7238583.528657034,11.393948689333627,0.0,0.0,0.0,0.0,0.0,0.0,7906.272501294064,7798.927498705937,7959.945002588127,7745.254997411874,DEC26,OCT26,2026-10-08,2026-12-18,7852.6,7825.767905144304,FOUND,DEGRADED,SPOT_MONTH_FALLBACK;UNKNOWN_SERIES;ESTIMATED_EXPIRY_ALIAS,2026-08-02.2,PUT_CALL_PARITY,OCT26,OCT26=PUT_CALL_PARITY;NOV26=PUT_CALL_PARITY;FEB27=PUT_CALL_PARITY;MAR27=PUT_CALL_PARITY;DEC26=PUT_CALL_PARITY;JAN27=PUT_CALL_PARITY;APR27=PUT_CALL_PARITY;MAY27=PUT_CALL_PARITY;JUL27=PUT_CALL_PARITY;JUN27=PUT_CALL_PARITY;DEC29=PUT_CALL_PARITY;OCT27=PUT_CALL_PARITY;SEP27=PUT_CALL_PARITY;AUG27=PUT_CALL_PARITY;MAR28=PUT_CALL_PARITY;DEC27=PUT_CALL_PARITY;DEC28=PUT_CALL_PARITY;SEP28=PUT_CALL_PARITY;DEC30=PUT_CALL_PARITY;JUN28=PUT_CALL_PARITY,OCT26=7852.6;NOV26=7852;FEB27=7923.875;MAR27=7994;DEC26=7923.25;JAN27=7924.5;APR27=8008.375;MAY27=8011.875;JUL27=8099.625;JUN27=8066.75;DEC29=8852.375;SEP27=8159.875;AUG27=8105.75;MAR28=8279;DEC27=8177.5;DEC28=8506.75;SEP28=6112.0875;DEC30=9361.5;JUN28=8372.5,OCT27=GLOBAL_REFERENCE_NO_OBSERVATION;SEP28=GLOBAL_REFERENCE_OUTLIER_SERIES_FORWARD_CLUSTER,WEIGHTED_ATM,2026-10-16,6,685,0.0,NONE,11274,10812,462,0,0,RTM,MDW;MMW;MRW;MTW,OK,NONE,NONE,2026-10-07
SPX,5800.0,-13722436.864219744,21.794539846787956,0.0,0.0,0.0,0.0,0.0,0.0,7906.272501294064,7798.927498705937,7959.945002588127,7745.254997411874,DEC26,OCT26,2026-10-08,2026-12-18,7852.6,7825.767905144304,FOUND,DEGRADED,SPOT_MONTH_FALLBACK;UNKNOWN_SERIES;ESTIMATED_EXPIRY_ALIAS,2026-08-02.2,PUT_CALL_PARITY,OCT26,OCT26=PUT_CALL_PARITY;NOV26=PUT_CALL_PARITY;FEB27=PUT_CALL_PARITY;MAR27=PUT_CALL_PARITY;DEC26=PUT_CALL_PARITY;JAN27=PUT_CALL_PARITY;APR27=PUT_CALL_PARITY;MAY27=PUT_CALL_PARITY;JUL27=PUT_CALL_PARITY;JUN27=PUT_CALL_PARITY;DEC29=PUT_CALL_PARITY;OCT27=PUT_CALL_PARITY;SEP27=PUT_CALL_PARITY;AUG27=PUT_CALL_PARITY;MAR28=PUT_CALL_PARITY;DEC27=PUT_CALL_PARITY;DEC28=PUT_CALL_PARITY;SEP28=PUT_CALL_PARITY;DEC30=PUT_CALL_PARITY;JUN28=PUT_CALL_PARITY,OCT26=7852.6;NOV26=7852;FEB27=7923.875;MAR27=7994;DEC26=7923.25;JAN27=7924.5;APR27=8008.375;MAY27=8011.875;JUL27=8099.625;JUN27=8066.75;DEC29=8852.375;SEP27=8159.875;AUG27=8105.75;MAR28=8279;DEC27=8177.5;DEC28=8506.75;SEP28=6112.0875;DEC30=9361.5;JUN28=8372.5,OCT27=GLOBAL_REFERENCE_NO_OBSERVATION;SEP28=GLOBAL_REFERENCE_OUTLIER_SERIES_FORWARD_CLUSTER,WEIGHTED_ATM,2026-10-16,6,685,0.0,NONE,11274,10812,462,0,0,RTM,MDW;MMW;MRW;MTW,OK,NONE,NONE,2026-10-07
SPX,5850.0,-6672547.880402328,10.567349430570891,0.0,0.0,0.0,0.0,0.0,0.0,7906.272501294064,7798.927498705937,7959.945002588127,7745.254997411874,DEC26,OCT26,2026-10-08,2026-12-18,7852.6,7825.767905144304,FOUND,DEGRADED,SPOT_MONTH_FALLBACK;UNKNOWN_SERIES;ESTIMATED_EXPIRY_ALIAS,2026-08-02.2,PUT_CALL_PARITY,OCT26,OCT26=PUT_CALL_PARITY;NOV26=PUT_CALL_PARITY;FEB27=PUT_CALL_PARITY;MAR27=PUT_CALL_PARITY;DEC26=PUT_CALL_PARITY;JAN27=PUT_CALL_PARITY;APR27=PUT_CALL_PARITY;MAY27=PUT_CALL_PARITY;JUL27=PUT_CALL_PARITY;JUN27=PUT_CALL_PARITY;DEC29=PUT_CALL_PARITY;OCT27=PUT_CALL_PARITY;SEP27=PUT_CALL_PARITY;AUG27=PUT_CALL_PARITY;MAR28=PUT_CALL_PARITY;DEC27=PUT_CALL_PARITY;DEC28=PUT_CALL_PARITY;SEP28=PUT_CALL_PARITY;DEC30=PUT_CALL_PARITY;JUN28=PUT_CALL_PARITY,OCT26=7852.6;NOV26=7852;FEB27=7923.875;MAR27=7994;DEC26=7923.25;JAN27=7924.5;APR27=8008.375;MAY27=8011.875;JUL27=8099.625;JUN27=8066.75;DEC29=8852.375;SEP27=8159.875;AUG27=8105.75;MAR28=8279;DEC27=8177.5;DEC28=8506.75;SEP28=6112.0875;DEC30=9361.5;JUN28=8372.5,OCT27=GLOBAL_REFERENCE_NO_OBSERVATION;SEP28=GLOBAL_REFERENCE_OUTLIER_SERIES_FORWARD_CLUSTER,WEIGHTED_ATM,2026-10-16,6,685,0.0,NONE,11274,10812,462,0,0,RTM,MDW;MMW;MRW;MTW,OK,NONE,NONE,2026-10-07
SPX,5900.0,-10891206.163030712,17.20652107265878,0.0,0.0,0.0,0.0,0.0,0.0,7906.272501294064,7798.927498705937,7959.945002588127,7745.254997411874,DEC26,OCT26,2026-10-08,2026-12-18,7852.6,7825.767905144304,FOUND,DEGRADED,SPOT_MONTH_FALLBACK;UNKNOWN_SERIES;ESTIMATED_EXPIRY_ALIAS,2026-08-02.2,PUT_CALL_PARITY,OCT26,OCT26=PUT_CALL_PARITY;NOV26=PUT_CALL_PARITY;FEB27=PUT_CALL_PARITY;MAR27=PUT_CALL_PARITY;DEC26=PUT_CALL_PARITY;JAN27=PUT_CALL_PARITY;APR27=PUT_CALL_PARITY;MAY27=PUT_CALL_PARITY;JUL27=PUT_CALL_PARITY;JUN27=PUT_CALL_PARITY;DEC29=PUT_CALL_PARITY;OCT27=PUT_CALL_PARITY;SEP27=PUT_CALL_PARITY;AUG27=PUT_CALL_PARITY;MAR28=PUT_CALL_PARITY;DEC27=PUT_CALL_PARITY;DEC28=PUT_CALL_PARITY;SEP28=PUT_CALL_PARITY;DEC30=PUT_CALL_PARITY;JUN28=PUT_CALL_PARITY,OCT26=7852.6;NOV26=7852;FEB27=7923.875;MAR27=7994;DEC26=7923.25;JAN27=7924.5;APR27=8008.375;MAY27=8011.875;JUL27=8099.625;JUN27=8066.75;DEC29=8852.375;SEP27=8159.875;AUG27=8105.75;MAR28=8279;DEC27=8177.5;DEC28=8506.75;SEP28=6112.0875;DEC30=9361.5;JUN28=8372.5,OCT27=GLOBAL_REFERENCE_NO_OBSERVATION;SEP28=GLOBAL_REFERENCE_OUTLIER_SERIES_FORWARD_CLUSTER,WEIGHTED_ATM,2026-10-16,6,685,0.0,NONE,11274,10812,462,0,0,RTM,MDW;MMW;MRW;MTW,OK,NONE,NONE,2026-10-07
SPX,5950.0,-9089575.19051435,14.452570279703757,0.0,0.0,0.0,0.0,0.0,0.0,7906.272501294064,7798.927498705937,7959.945002588127,7745.254997411874,DEC26,OCT26,2026-10-08,2026-12-18,7852.6,7825.767905144304,FOUND,DEGRADED,SPOT_MONTH_FALLBACK;UNKNOWN_SERIES;ESTIMATED_EXPIRY_ALIAS,2026-08-02.2,PUT_CALL_PARITY,OCT26,OCT26=PUT_CALL_PARITY;NOV26=PUT_CALL_PARITY;FEB27=PUT_CALL_PARITY;MAR27=PUT_CALL_PARITY;DEC26=PUT_CALL_PARITY;JAN27=PUT_CALL_PARITY;APR27=PUT_CALL_PARITY;MAY27=PUT_CALL_PARITY;JUL27=PUT_CALL_PARITY;JUN27=PUT_CALL_PARITY;DEC29=PUT_CALL_PARITY;OCT27=PUT_CALL_PARITY;SEP27=PUT_CALL_PARITY;AUG27=PUT_CALL_PARITY;MAR28=PUT_CALL_PARITY;DEC27=PUT_CALL_PARITY;DEC28=PUT_CALL_PARITY;SEP28=PUT_CALL_PARITY;DEC30=PUT_CALL_PARITY;JUN28=PUT_CALL_PARITY,OCT26=7852.6;NOV26=7852;FEB27=7923.875;MAR27=7994;DEC26=7923.25;JAN27=7924.5;APR27=8008.375;MAY27=8011.875;JUL27=8099.625;JUN27=8066.75;DEC29=8852.375;SEP27=8159.875;AUG27=8105.75;MAR28=8279;DEC27=8177.5;DEC28=8506.75;SEP28=6112.0875;DEC30=9361.5;JUN28=8372.5,OCT27=GLOBAL_REFERENCE_NO_OBSERVATION;SEP28=GLOBAL_REFERENCE_OUTLIER_SERIES_FORWARD_CLUSTER,WEIGHTED_ATM,2026-10-16,6,685,0.0,NONE,11274,10812,462,0,0,RTM,MDW;MMW;MRW;MTW,OK,NONE,NONE,2026-10-07
SPX,5975.0,-140225.55404973295,0.22740510675900638,0.0,0.0,0.0,0.0,0.0,0.0,7906.272501294064,7798.927498705937,7959.945002588127,7745.254997411874,DEC26,OCT26,2026-10-08,2026-12-18,7852.6,7825.767905144304,FOUND,DEGRADED,SPOT_MONTH_FALLBACK;UNKNOWN_SERIES;ESTIMATED_EXPIRY_ALIAS,2026-08-02.2,PUT_CALL_PARITY,OCT26,OCT26=PUT_CALL_PARITY;NOV26=PUT_CALL_PARITY;FEB27=PUT_CALL_PARITY;MAR27=PUT_CALL_PARITY;DEC26=PUT_CALL_PARITY;JAN27=PUT_CALL_PARITY;APR27=PUT_CALL_PARITY;MAY27=PUT_CALL_PARITY;JUL27=PUT_CALL_PARITY;JUN27=PUT_CALL_PARITY;DEC29=PUT_CALL_PARITY;OCT27=PUT_CALL_PARITY;SEP27=PUT_CALL_PARITY;AUG27=PUT_CALL_PARITY;MAR28=PUT_CALL_PARITY;DEC27=PUT_CALL_PARITY;DEC28=PUT_CALL_PARITY;SEP28=PUT_CALL_PARITY;DEC30=PUT_CALL_PARITY;JUN28=PUT_CALL_PARITY,OCT26=7852.6;NOV26=7852;FEB27=7923.875;MAR27=7994;DEC26=7923.25;JAN27=7924.5;APR27=8008.375;MAY27=8011.875;JUL27=8099.625;JUN27=8066.75;DEC29=8852.375;SEP27=8159.875;AUG27=8105.75;MAR28=8279;DEC27=8177.5;DEC28=8506.75;SEP28=6112.0875;DEC30=9361.5;JUN28=8372.5,OCT27=GLOBAL_REFERENCE_NO_OBSERVATION;SEP28=GLOBAL_REFERENCE_OUTLIER_SERIES_FORWARD_CLUSTER,WEIGHTED_ATM,2026-10-16,6,685,0.0,NONE,11274,10812,462,0,0,RTM,MDW;MMW;MRW;MTW,OK,NONE,NONE,2026-10-07
SPX,6000.0,-49086759.33724985,81.77100004869321,0.0,0.0,0.0,0.0,0.0,0.0,7906.272501294064,7798.927498705937,7959.945002588127,7745.254997411874,DEC26,OCT26,2026-10-08,2026-12-18,7852.6,7825.767905144304,FOUND,DEGRADED,SPOT_MONTH_FALLBACK;UNKNOWN_SERIES;ESTIMATED_EXPIRY_ALIAS,2026-08-02.2,PUT_CALL_PARITY,OCT26,OCT26=PUT_CALL_PARITY;NOV26=PUT_CALL_PARITY;FEB27=PUT_CALL_PARITY;MAR27=PUT_CALL_PARITY;DEC26=PUT_CALL_PARITY;JAN27=PUT_CALL_PARITY;APR27=PUT_CALL_PARITY;MAY27=PUT_CALL_PARITY;JUL27=PUT_CALL_PARITY;JUN27=PUT_CALL_PARITY;DEC29=PUT_CALL_PARITY;OCT27=PUT_CALL_PARITY;SEP27=PUT_CALL_PARITY;AUG27=PUT_CALL_PARITY;MAR28=PUT_CALL_PARITY;DEC27=PUT_CALL_PARITY;DEC28=PUT_CALL_PARITY;SEP28=PUT_CALL_PARITY;DEC30=PUT_CALL_PARITY;JUN28=PUT_CALL_PARITY,OCT26=7852.6;NOV26=7852;FEB27=7923.875;MAR27=7994;DEC26=7923.25;JAN27=7924.5;APR27=8008.375;MAY27=8011.875;JUL27=8099.625;JUN27=8066.75;DEC29=8852.375;SEP27=8159.875;AUG27=8105.75;MAR28=8279;DEC27=8177.5;DEC28=8506.75;SEP28=6112.0875;DEC30=9361.5;JUN28=8372.5,OCT27=GLOBAL_REFERENCE_NO_OBSERVATION;SEP28=GLOBAL_REFERENCE_OUTLIER_SERIES_FORWARD_CLUSTER,WEIGHTED_ATM,2026-10-16,6,685,0.0,NONE,11274,10812,462,0,0,RTM,MDW;MMW;MRW;MTW,OK,NONE,NONE,2026-10-07
SPX,6025.0,-348536.67602765816,0.5652252227392769,0.0,0.0,0.0,0.0,0.0,0.0,7906.272501294064,7798.927498705937,7959.945002588127,7745.254997411874,DEC26,OCT26,2026-10-08,2026-12-18,7852.6,7825.767905144304,FOUND,DEGRADED,SPOT_MONTH_FALLBACK;UNKNOWN_SERIES;ESTIMATED_EXPIRY_ALIAS,2026-08-02.2,PUT_CALL_PARITY,OCT26,OCT26=PUT_CALL_PARITY;NOV26=PUT_CALL_PARITY;FEB27=PUT_CALL_PARITY;MAR27=PUT_CALL_PARITY;DEC26=PUT_CALL_PARITY;JAN27=PUT_CALL_PARITY;APR27=PUT_CALL_PARITY;MAY27=PUT_CALL_PARITY;JUL27=PUT_CALL_PARITY;JUN27=PUT_CALL_PARITY;DEC29=PUT_CALL_PARITY;OCT27=PUT_CALL_PARITY;SEP27=PUT_CALL_PARITY;AUG27=PUT_CALL_PARITY;MAR28=PUT_CALL_PARITY;DEC27=PUT_CALL_PARITY;DEC28=PUT_CALL_PARITY;SEP28=PUT_CALL_PARITY;DEC30=PUT_CALL_PARITY;JUN28=PUT_CALL_PARITY,OCT26=7852.6;NOV26=7852;FEB27=7923.875;MAR27=7994;DEC26=7923.25;JAN27=7924.5;APR27=8008.375;MAY27=8011.875;JUL27=8099.625;JUN27=8066.75;DEC29=8852.375;SEP27=8159.875;AUG27=8105.75;MAR28=8279;DEC27=8177.5;DEC28=8506.75;SEP28=6112.0875;DEC30=9361.5;JUN28=8372.5,OCT27=GLOBAL_REFERENCE_NO_OBSERVATION;SEP28=GLOBAL_REFERENCE_OUTLIER_SERIES_FORWARD_CLUSTER,WEIGHTED_ATM,2026-10-16,6,685,0.0,NONE,11274,10812,462,0,0,RTM,MDW;MMW;MRW;MTW,OK,NONE,NONE,2026-10-07
SPX,6050.0,-7799313.747390253,12.32246836992522,0.0,0.0,0.0,0.0,0.0,0.0,7906.272501294064,7798.927498705937,7959.945002588127,7745.254997411874,DEC26,OCT26,2026-10-08,2026-12-18,7852.6,7825.767905144304,FOUND,DEGRADED,SPOT_MONTH_FALLBACK;UNKNOWN_SERIES;ESTIMATED_EXPIRY_ALIAS,2026-08-02.2,PUT_CALL_PARITY,OCT26,OCT26=PUT_CALL_PARITY;NOV26=PUT_CALL_PARITY;FEB27=PUT_CALL_PARITY;MAR27=PUT_CALL_PARITY;DEC26=PUT_CALL_PARITY;JAN27=PUT_CALL_PARITY;APR27=PUT_CALL_PARITY;MAY27=PUT_CALL_PARITY;JUL27=PUT_CALL_PARITY;JUN27=PUT_CALL_PARITY;DEC29=PUT_CALL_PARITY;OCT27=PUT_CALL_PARITY;SEP27=PUT_CALL_PARITY;AUG27=PUT_CALL_PARITY;MAR28=PUT_CALL_PARITY;DEC27=PUT_CALL_PARITY;DEC28=PUT_CALL_PARITY;SEP28=PUT_CALL_PARITY;DEC30=PUT_CALL_PARITY;JUN28=PUT_CALL_PARITY,OCT26=7852.6;NOV26=7852;FEB27=7923.875;MAR27=7994;DEC26=7923.25;JAN27=7924.5;APR27=8008.375;MAY27=8011.875;JUL27=8099.625;JUN27=8066.75;DEC29=8852.375;SEP27=8159.875;AUG27=8105.75;MAR28=8279;DEC27=8177.5;DEC28=8506.75;SEP28=6112.0875;DEC30=9361.5;JUN28=8372.5,OCT27=GLOBAL_REFERENCE_NO_OBSERVATION;SEP28=GLOBAL_REFERENCE_OUTLIER_SERIES_FORWARD_CLUSTER,WEIGHTED_ATM,2026-10-16,6,685,0.0,NONE,11274,10812,462,0,0,RTM,MDW;MMW;MRW;MTW,OK,NONE,NONE,2026-10-07
SPX,6075.0,-111720.90866575351,0.18117885384384586,0.0,0.0,0.0,0.0,0.0,0.0,7906.272501294064,7798.927498705937,7959.945002588127,7745.254997411874,DEC26,OCT26,2026-10-08,2026-12-18,7852.6,7825.767905144304,FOUND,DEGRADED,SPOT_MONTH_FALLBACK;UNKNOWN_SERIES;ESTIMATED_EXPIRY_ALIAS,2026-08-02.2,PUT_CALL_PARITY,OCT26,OCT26=PUT_CALL_PARITY;NOV26=PUT_CALL_PARITY;FEB27=PUT_CALL_PARITY;MAR27=PUT_CALL_PARITY;DEC26=PUT_CALL_PARITY;JAN27=PUT_CALL_PARITY;APR27=PUT_CALL_PARITY;MAY27=PUT_CALL_PARITY;JUL27=PUT_CALL_PARITY;JUN27=PUT_CALL_PARITY;DEC29=PUT_CALL_PARITY;OCT27=PUT_CALL_PARITY;SEP27=PUT_CALL_PARITY;AUG27=PUT_CALL_PARITY;MAR28=PUT_CALL_PARITY;DEC27=PUT_CALL_PARITY;DEC28=PUT_CALL_PARITY;SEP28=PUT_CALL_PARITY;DEC30=PUT_CALL_PARITY;JUN28=PUT_CALL_PARITY,OCT26=7852.6;NOV26=7852;FEB27=7923.875;MAR27=7994;DEC26=7923.25;JAN27=7924.5;APR27=8008.375;MAY27=8011.875;JUL27=8099.625;JUN27=8066.75;DEC29=8852.375;SEP27=8159.875;AUG27=8105.75;MAR28=8279;DEC27=8177.5;DEC28=8506.75;SEP28=6112.0875;DEC30=9361.5;JUN28=8372.5,OCT27=GLOBAL_REFERENCE_NO_OBSERVATION;SEP28=GLOBAL_REFERENCE_OUTLIER_SERIES_FORWARD_CLUSTER,WEIGHTED_ATM,2026-10-16,6,685,0.0,NONE,11274,10812,462,0,0,RTM,MDW;MMW;MRW;MTW,OK,NONE,NONE,2026-10-07
SPX,6100.0,-22317941.38768144,35.75959393259136,0.0,0.0,0.0,0.0,0.0,0.0,7906.272501294064,7798.927498705937,7959.945002588127,7745.254997411874,DEC26,OCT26,2026-10-08,2026-12-18,7852.6,7825.767905144304,FOUND,DEGRADED,SPOT_MONTH_FALLBACK;UNKNOWN_SERIES;ESTIMATED_EXPIRY_ALIAS,2026-08-02.2,PUT_CALL_PARITY,OCT26,OCT26=PUT_CALL_PARITY;NOV26=PUT_CALL_PARITY;FEB27=PUT_CALL_PARITY;MAR27=PUT_CALL_PARITY;DEC26=PUT_CALL_PARITY;JAN27=PUT_CALL_PARITY;APR27=PUT_CALL_PARITY;MAY27=PUT_CALL_PARITY;JUL27=PUT_CALL_PARITY;JUN27=PUT_CALL_PARITY;DEC29=PUT_CALL_PARITY;OCT27=PUT_CALL_PARITY;SEP27=PUT_CALL_PARITY;AUG27=PUT_CALL_PARITY;MAR28=PUT_CALL_PARITY;DEC27=PUT_CALL_PARITY;DEC28=PUT_CALL_PARITY;SEP28=PUT_CALL_PARITY;DEC30=PUT_CALL_PARITY;JUN28=PUT_CALL_PARITY,OCT26=7852.6;NOV26=7852;FEB27=7923.875;MAR27=7994;DEC26=7923.25;JAN27=7924.5;APR27=8008.375;MAY27=8011.875;JUL27=8099.625;JUN27=8066.75;DEC29=8852.375;SEP27=8159.875;AUG27=8105.75;MAR28=8279;DEC27=8177.5;DEC28=8506.75;SEP28=6112.0875;DEC30=9361.5;JUN28=8372.5,OCT27=GLOBAL_REFERENCE_NO_OBSERVATION;SEP28=GLOBAL_REFERENCE_OUTLIER_SERIES_FORWARD_CLUSTER,WEIGHTED_ATM,2026-10-16,6,685,0.0,NONE,11274,10812,462,0,0,RTM,MDW;MMW;MRW;MTW,OK,NONE,NONE,2026-10-07
SPX,6125.0,-780880.1451030213,1.2587504319548717,0.0,0.0,0.0,0.0,0.0,0.0,7906.272501294064,7798.927498705937,7959.945002588127,7745.254997411874,DEC26,OCT26,2026-10-08,2026-12-18,7852.6,7825.767905144304,FOUND,DEGRADED,SPOT_MONTH_FALLBACK;UNKNOWN_SERIES;ESTIMATED_EXPIRY_ALIAS,2026-08-02.2,PUT_CALL_PARITY,OCT26,OCT26=PUT_CALL_PARITY;NOV26=PUT_CALL_PARITY;FEB27=PUT_CALL_PARITY;MAR27=PUT_CALL_PARITY;DEC26=PUT_CALL_PARITY;JAN27=PUT_CALL_PARITY;APR27=PUT_CALL_PARITY;MAY27=PUT_CALL_PARITY;JUL27=PUT_CALL_PARITY;JUN27=PUT_CALL_PARITY;DEC29=PUT_CALL_PARITY;OCT27=PUT_CALL_PARITY;SEP27=PUT_CALL_PARITY;AUG27=PUT_CALL_PARITY;MAR28=PUT_CALL_PARITY;DEC27=PUT_CALL_PARITY;DEC28=PUT_CALL_PARITY;SEP28=PUT_CALL_PARITY;DEC30=PUT_CALL_PARITY;JUN28=PUT_CALL_PARITY,OCT26=7852.6;NOV26=7852;FEB27=7923.875;MAR27=7994;DEC26=7923.25;JAN27=7924.5;APR27=8008.375;MAY27=8011.875;JUL27=8099.625;JUN27=8066.75;DEC29=8852.375;SEP27=8159.875;AUG27=8105.75;MAR28=8279;DEC27=8177.5;DEC28=8506.75;SEP28=6112.0875;DEC30=9361.5;JUN28=8372.5,OCT27=GLOBAL_REFERENCE_NO_OBSERVATION;SEP28=GLOBAL_REFERENCE_OUTLIER_SERIES_FORWARD_CLUSTER,WEIGHTED_ATM,2026-10-16,6,685,0.0,NONE,11274,10812,462,0,0,RTM,MDW;MMW;MRW;MTW,OK,NONE,NONE,2026-10-07
SPX,6150.0,-16928277.397843022,26.788686862849747,0.0,0.0,0.0,0.0,0.0,0.0,7906.272501294064,7798.927498705937,7959.945002588127,7745.254997411874,DEC26,OCT26,2026-10-08,2026-12-18,7852.6,7825.767905144304,FOUND,DEGRADED,SPOT_MONTH_FALLBACK;UNKNOWN_SERIES;ESTIMATED_EXPIRY_ALIAS,2026-08-02.2,PUT_CALL_PARITY,OCT26,OCT26=PUT_CALL_PARITY;NOV26=PUT_CALL_PARITY;FEB27=PUT_CALL_PARITY;MAR27=PUT_CALL_PARITY;DEC26=PUT_CALL_PARITY;JAN27=PUT_CALL_PARITY;APR27=PUT_CALL_PARITY;MAY27=PUT_CALL_PARITY;JUL27=PUT_CALL_PARITY;JUN27=PUT_CALL_PARITY;DEC29=PUT_CALL_PARITY;OCT27=PUT_CALL_PARITY;SEP27=PUT_CALL_PARITY;AUG27=PUT_CALL_PARITY;MAR28=PUT_CALL_PARITY;DEC27=PUT_CALL_PARITY;DEC28=PUT_CALL_PARITY;SEP28=PUT_CALL_PARITY;DEC30=PUT_CALL_PARITY;JUN28=PUT_CALL_PARITY,OCT26=7852.6;NOV26=7852;FEB27=7923.875;MAR27=7994;DEC26=7923.25;JAN27=7924.5;APR27=8008.375;MAY27=8011.875;JUL27=8099.625;JUN27=8066.75;DEC29=8852.375;SEP27=8159.875;AUG27=8105.75;MAR28=8279;DEC27=8177.5;DEC28=8506.75;SEP28=6112.0875;DEC30=9361.5;JUN28=8372.5,OCT27=GLOBAL_REFERENCE_NO_OBSERVATION;SEP28=GLOBAL_REFERENCE_OUTLIER_SERIES_FORWARD_CLUSTER,WEIGHTED_ATM,2026-10-16,6,685,0.0,NONE,11274,10812,462,0,0,RTM,MDW;MMW;MRW;MTW,OK,NONE,NONE,2026-10-07
SPX,6175.0,-1449819.2328560539,2.341481375623254,0.0,0.0,0.0,0.0,0.0,0.0,7906.272501294064,7798.927498705937,7959.945002588127,7745.254997411874,DEC26,OCT26,2026-10-08,2026-12-18,7852.6,7825.767905144304,FOUND,DEGRADED,SPOT_MONTH_FALLBACK;UNKNOWN_SERIES;ESTIMATED_EXPIRY_ALIAS,2026-08-02.2,PUT_CALL_PARITY,OCT26,OCT26=PUT_CALL_PARITY;NOV26=PUT_CALL_PARITY;FEB27=PUT_CALL_PARITY;MAR27=PUT_CALL_PARITY;DEC26=PUT_CALL_PARITY;JAN27=PUT_CALL_PARITY;APR27=PUT_CALL_PARITY;MAY27=PUT_CALL_PARITY;JUL27=PUT_CALL_PARITY;JUN27=PUT_CALL_PARITY;DEC29=PUT_CALL_PARITY;OCT27=PUT_CALL_PARITY;SEP27=PUT_CALL_PARITY;AUG27=PUT_CALL_PARITY;MAR28=PUT_CALL_PARITY;DEC27=PUT_CALL_PARITY;DEC28=PUT_CALL_PARITY;SEP28=PUT_CALL_PARITY;DEC30=PUT_CALL_PARITY;JUN28=PUT_CALL_PARITY,OCT26=7852.6;NOV26=7852;FEB27=7923.875;MAR27=7994;DEC26=7923.25;JAN27=7924.5;APR27=8008.375;MAY27=8011.875;JUL27=8099.625;JUN27=8066.75;DEC29=8852.375;SEP27=8159.875;AUG27=8105.75;MAR28=8279;DEC27=8177.5;DEC28=8506.75;SEP28=6112.0875;DEC30=9361.5;JUN28=8372.5,OCT27=GLOBAL_REFERENCE_NO_OBSERVATION;SEP28=GLOBAL_REFERENCE_OUTLIER_SERIES_FORWARD_CLUSTER,WEIGHTED_ATM,2026-10-16,6,685,0.0,NONE,11274,10812,462,0,0,RTM,MDW;MMW;MRW;MTW,OK,NONE,NONE,2026-10-07
SPX,6200.0,-42054010.614986934,66.68897474372208,0.0,0.0,0.0,0.0,0.0,0.0,7906.272501294064,7798.927498705937,7959.945002588127,7745.254997411874,DEC26,OCT26,2026-10-08,2026-12-18,7852.6,7825.767905144304,FOUND,DEGRADED,SPOT_MONTH_FALLBACK;UNKNOWN_SERIES;ESTIMATED_EXPIRY_ALIAS,2026-08-02.2,PUT_CALL_PARITY,OCT26,OCT26=PUT_CALL_PARITY;NOV26=PUT_CALL_PARITY;FEB27=PUT_CALL_PARITY;MAR27=PUT_CALL_PARITY;DEC26=PUT_CALL_PARITY;JAN27=PUT_CALL_PARITY;APR27=PUT_CALL_PARITY;MAY27=PUT_CALL_PARITY;JUL27=PUT_CALL_PARITY;JUN27=PUT_CALL_PARITY;DEC29=PUT_CALL_PARITY;OCT27=PUT_CALL_PARITY;SEP27=PUT_CALL_PARITY;AUG27=PUT_CALL_PARITY;MAR28=PUT_CALL_PARITY;DEC27=PUT_CALL_PARITY;DEC28=PUT_CALL_PARITY;SEP28=PUT_CALL_PARITY;DEC30=PUT_CALL_PARITY;JUN28=PUT_CALL_PARITY,OCT26=7852.6;NOV26=7852;FEB27=7923.875;MAR27=7994;DEC26=7923.25;JAN27=7924.5;APR27=8008.375;MAY27=8011.875;JUL27=8099.625;JUN27=8066.75;DEC29=8852.375;SEP27=8159.875;AUG27=8105.75;MAR28=8279;DEC27=8177.5;DEC28=8506.75;SEP28=6112.0875;DEC30=9361.5;JUN28=8372.5,OCT27=GLOBAL_REFERENCE_NO_OBSERVATION;SEP28=GLOBAL_REFERENCE_OUTLIER_SERIES_FORWARD_CLUSTER,WEIGHTED_ATM,2026-10-16,6,685,0.0,NONE,11274,10812,462,0,0,RTM,MDW;MMW;MRW;MTW,OK,NONE,NONE,2026-10-07
SPX,6225.0,-954798.1549894065,1.5450599151601778,0.0,0.0,0.0,0.0,0.0,0.0,7906.272501294064,7798.927498705937,7959.945002588127,7745.254997411874,DEC26,OCT26,2026-10-08,2026-12-18,7852.6,7825.767905144304,FOUND,DEGRADED,SPOT_MONTH_FALLBACK;UNKNOWN_SERIES;ESTIMATED_EXPIRY_ALIAS,2026-08-02.2,PUT_CALL_PARITY,OCT26,OCT26=PUT_CALL_PARITY;NOV26=PUT_CALL_PARITY;FEB27=PUT_CALL_PARITY;MAR27=PUT_CALL_PARITY;DEC26=PUT_CALL_PARITY;JAN27=PUT_CALL_PARITY;APR27=PUT_CALL_PARITY;MAY27=PUT_CALL_PARITY;JUL27=PUT_CALL_PARITY;JUN27=PUT_CALL_PARITY;DEC29=PUT_CALL_PARITY;OCT27=PUT_CALL_PARITY;SEP27=PUT_CALL_PARITY;AUG27=PUT_CALL_PARITY;MAR28=PUT_CALL_PARITY;DEC27=PUT_CALL_PARITY;DEC28=PUT_CALL_PARITY;SEP28=PUT_CALL_PARITY;DEC30=PUT_CALL_PARITY;JUN28=PUT_CALL_PARITY,OCT26=7852.6;NOV26=7852;FEB27=7923.875;MAR27=7994;DEC26=7923.25;JAN27=7924.5;APR27=8008.375;MAY27=8011.875;JUL27=8099.625;JUN27=8066.75;DEC29=8852.375;SEP27=8159.875;AUG27=8105.75;MAR28=8279;DEC27=8177.5;DEC28=8506.75;SEP28=6112.0875;DEC30=9361.5;JUN28=8372.5,OCT27=GLOBAL_REFERENCE_NO_OBSERVATION;SEP28=GLOBAL_REFERENCE_OUTLIER_SERIES_FORWARD_CLUSTER,WEIGHTED_ATM,2026-10-16,6,685,0.0,NONE,11274,10812,462,0,0,RTM,MDW;MMW;MRW;MTW,OK,NONE,NONE,2026-10-07
SPX,6250.0,-26155228.12979472,41.30704532239336,0.0,0.0,0.0,0.0,0.0,0.0,7906.272501294064,7798.927498705937,7959.945002588127,7745.254997411874,DEC26,OCT26,2026-10-08,2026-12-18,7852.6,7825.767905144304,FOUND,DEGRADED,SPOT_MONTH_FALLBACK;UNKNOWN_SERIES;ESTIMATED_EXPIRY_ALIAS,2026-08-02.2,PUT_CALL_PARITY,OCT26,OCT26=PUT_CALL_PARITY;NOV26=PUT_CALL_PARITY;FEB27=PUT_CALL_PARITY;MAR27=PUT_CALL_PARITY;DEC26=PUT_CALL_PARITY;JAN27=PUT_CALL_PARITY;APR27=PUT_CALL_PARITY;MAY27=PUT_CALL_PARITY;JUL27=PUT_CALL_PARITY;JUN27=PUT_CALL_PARITY;DEC29=PUT_CALL_PARITY;OCT27=PUT_CALL_PARITY;SEP27=PUT_CALL_PARITY;AUG27=PUT_CALL_PARITY;MAR28=PUT_CALL_PARITY;DEC27=PUT_CALL_PARITY;DEC28=PUT_CALL_PARITY;SEP28=PUT_CALL_PARITY;DEC30=PUT_CALL_PARITY;JUN28=PUT_CALL_PARITY,OCT26=7852.6;NOV26=7852;FEB27=7923.875;MAR27=7994;DEC26=7923.25;JAN27=7924.5;APR27=8008.375;MAY27=8011.875;JUL27=8099.625;JUN27=8066.75;DEC29=8852.375;SEP27=8159.875;AUG27=8105.75;MAR28=8279;DEC27=8177.5;DEC28=8506.75;SEP28=6112.0875;DEC30=9361.5;JUN28=8372.5,OCT27=GLOBAL_REFERENCE_NO_OBSERVATION;SEP28=GLOBAL_REFERENCE_OUTLIER_SERIES_FORWARD_CLUSTER,WEIGHTED_ATM,2026-10-16,6,685,0.0,NONE,11274,10812,462,0,0,RTM,MDW;MMW;MRW;MTW,OK,NONE,NONE,2026-10-07
SPX,6275.0,-1853426.3458654215,2.979855674803122,0.0,0.0,0.0,0.0,0.0,0.0,7906.272501294064,7798.927498705937,7959.945002588127,7745.254997411874,DEC26,OCT26,2026-10-08,2026-12-18,7852.6,7825.767905144304,FOUND,DEGRADED,SPOT_MONTH_FALLBACK;UNKNOWN_SERIES;ESTIMATED_EXPIRY_ALIAS,2026-08-02.2,PUT_CALL_PARITY,OCT26,OCT26=PUT_CALL_PARITY;NOV26=PUT_CALL_PARITY;FEB27=PUT_CALL_PARITY;MAR27=PUT_CALL_PARITY;DEC26=PUT_CALL_PARITY;JAN27=PUT_CALL_PARITY;APR27=PUT_CALL_PARITY;MAY27=PUT_CALL_PARITY;JUL27=PUT_CALL_PARITY;JUN27=PUT_CALL_PARITY;DEC29=PUT_CALL_PARITY;OCT27=PUT_CALL_PARITY;SEP27=PUT_CALL_PARITY;AUG27=PUT_CALL_PARITY;MAR28=PUT_CALL_PARITY;DEC27=PUT_CALL_PARITY;DEC28=PUT_CALL_PARITY;SEP28=PUT_CALL_PARITY;DEC30=PUT_CALL_PARITY;JUN28=PUT_CALL_PARITY,OCT26=7852.6;NOV26=7852;FEB27=7923.875;MAR27=7994;DEC26=7923.25;JAN27=7924.5;APR27=8008.375;MAY27=8011.875;JUL27=8099.625;JUN27=8066.75;DEC29=8852.375;SEP27=8159.875;AUG27=8105.75;MAR28=8279;DEC27=8177.5;DEC28=8506.75;SEP28=6112.0875;DEC30=9361.5;JUN28=8372.5,OCT27=GLOBAL_REFERENCE_NO_OBSERVATION;SEP28=GLOBAL_REFERENCE_OUTLIER_SERIES_FORWARD_CLUSTER,WEIGHTED_ATM,2026-10-16,6,685,0.0,NONE,11274,10812,462,0,0,RTM,MDW;MMW;MRW;MTW,OK,NONE,NONE,2026-10-07
SPX,6300.0,-58405936.61150308,92.62521792722389,0.0,0.0,0.0,0.0,0.0,0.0,7906.272501294064,7798.927498705937,7959.945002588127,7745.254997411874,DEC26,OCT26,2026-10-08,2026-12-18,7852.6,7825.767905144304,FOUND,DEGRADED,SPOT_MONTH_FALLBACK;UNKNOWN_SERIES;ESTIMATED_EXPIRY_ALIAS,2026-08-02.2,PUT_CALL_PARITY,OCT26,OCT26=PUT_CALL_PARITY;NOV26=PUT_CALL_PARITY;FEB27=PUT_CALL_PARITY;MAR27=PUT_CALL_PARITY;DEC26=PUT_CALL_PARITY;JAN27=PUT_CALL_PARITY;APR27=PUT_CALL_PARITY;MAY27=PUT_CALL_PARITY;JUL27=PUT_CALL_PARITY;JUN27=PUT_CALL_PARITY;DEC29=PUT_CALL_PARITY;OCT27=PUT_CALL_PARITY;SEP27=PUT_CALL_PARITY;AUG27=PUT_CALL_PARITY;MAR28=PUT_CALL_PARITY;DEC27=PUT_CALL_PARITY;DEC28=PUT_CALL_PARITY;SEP28=PUT_CALL_PARITY;DEC30=PUT_CALL_PARITY;JUN28=PUT_CALL_PARITY,OCT26=7852.6;NOV26=7852;FEB27=7923.875;MAR27=7994;DEC26=7923.25;JAN27=7924.5;APR27=8008.375;MAY27=8011.875;JUL27=8099.625;JUN27=8066.75;DEC29=8852.375;SEP27=8159.875;AUG27=8105.75;MAR28=8279;DEC27=8177.5;DEC28=8506.75;SEP28=6112.0875;DEC30=9361.5;JUN28=8372.5,OCT27=GLOBAL_REFERENCE_NO_OBSERVATION;SEP28=GLOBAL_REFERENCE_OUTLIER_SERIES_FORWARD_CLUSTER,WEIGHTED_ATM,2026-10-16,6,685,0.0,NONE,11274,10812,462,0,0,RTM,MDW;MMW;MRW;MTW,OK,NONE,NONE,2026-10-07
SPX,6325.0,-1655210.7888559888,2.6637242766225926,0.0,0.0,0.0,0.0,0.0,0.0,7906.272501294064,7798.927498705937,7959.945002588127,7745.254997411874,DEC26,OCT26,2026-10-08,2026-12-18,7852.6,7825.767905144304,FOUND,DEGRADED,SPOT_MONTH_FALLBACK;UNKNOWN_SERIES;ESTIMATED_EXPIRY_ALIAS,2026-08-02.2,PUT_CALL_PARITY,OCT26,OCT26=PUT_CALL_PARITY;NOV26=PUT_CALL_PARITY;FEB27=PUT_CALL_PARITY;MAR27=PUT_CALL_PARITY;DEC26=PUT_CALL_PARITY;JAN27=PUT_CALL_PARITY;APR27=PUT_CALL_PARITY;MAY27=PUT_CALL_PARITY;JUL27=PUT_CALL_PARITY;JUN27=PUT_CALL_PARITY;DEC29=PUT_CALL_PARITY;OCT27=PUT_CALL_PARITY;SEP27=PUT_CALL_PARITY;AUG27=PUT_CALL_PARITY;MAR28=PUT_CALL_PARITY;DEC27=PUT_CALL_PARITY;DEC28=PUT_CALL_PARITY;SEP28=PUT_CALL_PARITY;DEC30=PUT_CALL_PARITY;JUN28=PUT_CALL_PARITY,OCT26=7852.6;NOV26=7852;FEB27=7923.875;MAR27=7994;DEC26=7923.25;JAN27=7924.5;APR27=8008.375;MAY27=8011.875;JUL27=8099.625;JUN27=8066.75;DEC29=8852.375;SEP27=8159.875;AUG27=8105.75;MAR28=8279;DEC27=8177.5;DEC28=8506.75;SEP28=6112.0875;DEC30=9361.5;JUN28=8372.5,OCT27=GLOBAL_REFERENCE_NO_OBSERVATION;SEP28=GLOBAL_REFERENCE_OUTLIER_SERIES_FORWARD_CLUSTER,WEIGHTED_ATM,2026-10-16,6,685,0.0,NONE,11274,10812,462,0,0,RTM,MDW;MMW;MRW;MTW,OK,NONE,NONE,2026-10-07
SPX,6350.0,-19557672.622110434,30.799400868042756,0.0,0.0,0.0,0.0,0.0,0.0,7906.272501294064,7798.927498705937,7959.945002588127,7745.254997411874,DEC26,OCT26,2026-10-08,2026-12-18,7852.6,7825.767905144304,FOUND,DEGRADED,SPOT_MONTH_FALLBACK;UNKNOWN_SERIES;ESTIMATED_EXPIRY_ALIAS,2026-08-02.2,PUT_CALL_PARITY,OCT26,OCT26=PUT_CALL_PARITY;NOV26=PUT_CALL_PARITY;FEB27=PUT_CALL_PARITY;MAR27=PUT_CALL_PARITY;DEC26=PUT_CALL_PARITY;JAN27=PUT_CALL_PARITY;APR27=PUT_CALL_PARITY;MAY27=PUT_CALL_PARITY;JUL27=PUT_CALL_PARITY;JUN27=PUT_CALL_PARITY;DEC29=PUT_CALL_PARITY;OCT27=PUT_CALL_PARITY;SEP27=PUT_CALL_PARITY;AUG27=PUT_CALL_PARITY;MAR28=PUT_CALL_PARITY;DEC27=PUT_CALL_PARITY;DEC28=PUT_CALL_PARITY;SEP28=PUT_CALL_PARITY;DEC30=PUT_CALL_PARITY;JUN28=PUT_CALL_PARITY,OCT26=7852.6;NOV26=7852;FEB27=7923.875;MAR27=7994;DEC26=7923.25;JAN27=7924.5;APR27=8008.375;MAY27=8011.875;JUL27=8099.625;JUN27=8066.75;DEC29=8852.375;SEP27=8159.875;AUG27=8105.75;MAR28=8279;DEC27=8177.5;DEC28=8506.75;SEP28=6112.0875;DEC30=9361.5;JUN28=8372.5,OCT27=GLOBAL_REFERENCE_NO_OBSERVATION;SEP28=GLOBAL_REFERENCE_OUTLIER_SERIES_FORWARD_CLUSTER,WEIGHTED_ATM,2026-10-16,6,685,0.0,NONE,11274,10812,462,0,0,RTM,MDW;MMW;MRW;MTW,OK,NONE,NONE,2026-10-07
SPX,6375.0,-1811488.7357586222,2.9155198974173517,0.0,0.0,0.0,0.0,0.0,0.0,7906.272501294064,7798.927498705937,7959.945002588127,7745.254997411874,DEC26,OCT26,2026-10-08,2026-12-18,7852.6,7825.767905144304,FOUND,DEGRADED,SPOT_MONTH_FALLBACK;UNKNOWN_SERIES;ESTIMATED_EXPIRY_ALIAS,2026-08-02.2,PUT_CALL_PARITY,OCT26,OCT26=PUT_CALL_PARITY;NOV26=PUT_CALL_PARITY;FEB27=PUT_CALL_PARITY;MAR27=PUT_CALL_PARITY;DEC26=PUT_CALL_PARITY;JAN27=PUT_CALL_PARITY;APR27=PUT_CALL_PARITY;MAY27=PUT_CALL_PARITY;JUL27=PUT_CALL_PARITY;JUN27=PUT_CALL_PARITY;DEC29=PUT_CALL_PARITY;OCT27=PUT_CALL_PARITY;SEP27=PUT_CALL_PARITY;AUG27=PUT_CALL_PARITY;MAR28=PUT_CALL_PARITY;DEC27=PUT_CALL_PARITY;DEC28=PUT_CALL_PARITY;SEP28=PUT_CALL_PARITY;DEC30=PUT_CALL_PARITY;JUN28=PUT_CALL_PARITY,OCT26=7852.6;NOV26=7852;FEB27=7923.875;MAR27=7994;DEC26=7923.25;JAN27=7924.5;APR27=8008.375;MAY27=8011.875;JUL27=8099.625;JUN27=8066.75;DEC29=8852.375;SEP27=8159.875;AUG27=8105.75;MAR28=8279;DEC27=8177.5;DEC28=8506.75;SEP28=6112.0875;DEC30=9361.5;JUN28=8372.5,OCT27=GLOBAL_REFERENCE_NO_OBSERVATION;SEP28=GLOBAL_REFERENCE_OUTLIER_SERIES_FORWARD_CLUSTER,WEIGHTED_ATM,2026-10-16,6,685,0.0,NONE,11274,10812,462,0,0,RTM,MDW;MMW;MRW;MTW,OK,NONE,NONE,2026-10-07
SPX,6400.0,-73747392.54579124,124.74353831861376,0.0,0.0,0.0,0.0,0.0,0.0,7906.272501294064,7798.927498705937,7959.945002588127,7745.254997411874,DEC26,OCT26,2026-10-08,2026-12-18,7852.6,7825.767905144304,FOUND,DEGRADED,SPOT_MONTH_FALLBACK;UNKNOWN_SERIES;ESTIMATED_EXPIRY_ALIAS,2026-08-02.2,PUT_CALL_PARITY,OCT26,OCT26=PUT_CALL_PARITY;NOV26=PUT_CALL_PARITY;FEB27=PUT_CALL_PARITY;MAR27=PUT_CALL_PARITY;DEC26=PUT_CALL_PARITY;JAN27=PUT_CALL_PARITY;APR27=PUT_CALL_PARITY;MAY27=PUT_CALL_PARITY;JUL27=PUT_CALL_PARITY;JUN27=PUT_CALL_PARITY;DEC29=PUT_CALL_PARITY;OCT27=PUT_CALL_PARITY;SEP27=PUT_CALL_PARITY;AUG27=PUT_CALL_PARITY;MAR28=PUT_CALL_PARITY;DEC27=PUT_CALL_PARITY;DEC28=PUT_CALL_PARITY;SEP28=PUT_CALL_PARITY;DEC30=PUT_CALL_PARITY;JUN28=PUT_CALL_PARITY,OCT26=7852.6;NOV26=7852;FEB27=7923.875;MAR27=7994;DEC26=7923.25;JAN27=7924.5;APR27=8008.375;MAY27=8011.875;JUL27=8099.625;JUN27=8066.75;DEC29=8852.375;SEP27=8159.875;AUG27=8105.75;MAR28=8279;DEC27=8177.5;DEC28=8506.75;SEP28=6112.0875;DEC30=9361.5;JUN28=8372.5,OCT27=GLOBAL_REFERENCE_NO_OBSERVATION;SEP28=GLOBAL_REFERENCE_OUTLIER_SERIES_FORWARD_CLUSTER,WEIGHTED_ATM,2026-10-16,6,685,0.0,NONE,11274,10812,462,0,0,RTM,MDW;MMW;MRW;MTW,OK,NONE,NONE,2026-10-07
SPX,6425.0,-2115127.137988303,3.415317454783443,0.0,0.0,0.0,0.0,0.0,0.0,7906.272501294064,7798.927498705937,7959.945002588127,7745.254997411874,DEC26,OCT26,2026-10-08,2026-12-18,7852.6,7825.767905144304,FOUND,DEGRADED,SPOT_MONTH_FALLBACK;UNKNOWN_SERIES;ESTIMATED_EXPIRY_ALIAS,2026-08-02.2,PUT_CALL_PARITY,OCT26,OCT26=PUT_CALL_PARITY;NOV26=PUT_CALL_PARITY;FEB27=PUT_CALL_PARITY;MAR27=PUT_CALL_PARITY;DEC26=PUT_CALL_PARITY;JAN27=PUT_CALL_PARITY;APR27=PUT_CALL_PARITY;MAY27=PUT_CALL_PARITY;JUL27=PUT_CALL_PARITY;JUN27=PUT_CALL_PARITY;DEC29=PUT_CALL_PARITY;OCT27=PUT_CALL_PARITY;SEP27=PUT_CALL_PARITY;AUG27=PUT_CALL_PARITY;MAR28=PUT_CALL_PARITY;DEC27=PUT_CALL_PARITY;DEC28=PUT_CALL_PARITY;SEP28=PUT_CALL_PARITY;DEC30=PUT_CALL_PARITY;JUN28=PUT_CALL_PARITY,OCT26=7852.6;NOV26=7852;FEB27=7923.875;MAR27=7994;DEC26=7923.25;JAN27=7924.5;APR27=8008.375;MAY27=8011.875;JUL27=8099.625;JUN27=8066.75;DEC29=8852.375;SEP27=8159.875;AUG27=8105.75;MAR28=8279;DEC27=8177.5;DEC28=8506.75;SEP28=6112.0875;DEC30=9361.5;JUN28=8372.5,OCT27=GLOBAL_REFERENCE_NO_OBSERVATION;SEP28=GLOBAL_REFERENCE_OUTLIER_SERIES_FORWARD_CLUSTER,WEIGHTED_ATM,2026-10-16,6,685,0.0,NONE,11274,10812,462,0,0,RTM,MDW;MMW;MRW;MTW,OK,NONE,NONE,2026-10-07
SPX,6450.0,-35764599.32108205,56.41727465999327,0.0,0.0,0.0,0.0,0.0,0.0,7906.272501294064,7798.927498705937,7959.945002588127,7745.254997411874,DEC26,OCT26,2026-10-08,2026-12-18,7852.6,7825.767905144304,FOUND,DEGRADED,SPOT_MONTH_FALLBACK;UNKNOWN_SERIES;ESTIMATED_EXPIRY_ALIAS,2026-08-02.2,PUT_CALL_PARITY,OCT26,OCT26=PUT_CALL_PARITY;NOV26=PUT_CALL_PARITY;FEB27=PUT_CALL_PARITY;MAR27=PUT_CALL_PARITY;DEC26=PUT_CALL_PARITY;JAN27=PUT_CALL_PARITY;APR27=PUT_CALL_PARITY;MAY27=PUT_CALL_PARITY;JUL27=PUT_CALL_PARITY;JUN27=PUT_CALL_PARITY;DEC29=PUT_CALL_PARITY;OCT27=PUT_CALL_PARITY;SEP27=PUT_CALL_PARITY;AUG27=PUT_CALL_PARITY;MAR28=PUT_CALL_PARITY;DEC27=PUT_CALL_PARITY;DEC28=PUT_CALL_PARITY;SEP28=PUT_CALL_PARITY;DEC30=PUT_CALL_PARITY;JUN28=PUT_CALL_PARITY,OCT26=7852.6;NOV26=7852;FEB27=7923.875;MAR27=7994;DEC26=7923.25;JAN27=7924.5;APR27=8008.375;MAY27=8011.875;JUL27=8099.625;JUN27=8066.75;DEC29=8852.375;SEP27=8159.875;AUG27=8105.75;MAR28=8279;DEC27=8177.5;DEC28=8506.75;SEP28=6112.0875;DEC30=9361.5;JUN28=8372.5,OCT27=GLOBAL_REFERENCE_NO_OBSERVATION;SEP28=GLOBAL_REFERENCE_OUTLIER_SERIES_FORWARD_CLUSTER,WEIGHTED_ATM,2026-10-16,6,685,0.0,NONE,11274,10812,462,0,0,RTM,MDW;MMW;MRW;MTW,OK,NONE,NONE,2026-10-07
SPX,6475.0,-2489944.838803023,4.017030369557442,0.0,0.0,0.0,0.0,0.0,0.0,7906.272501294064,7798.927498705937,7959.945002588127,7745.254997411874,DEC26,OCT26,2026-10-08,2026-12-18,7852.6,7825.767905144304,FOUND,DEGRADED,SPOT_MONTH_FALLBACK;UNKNOWN_SERIES;ESTIMATED_EXPIRY_ALIAS,2026-08-02.2,PUT_CALL_PARITY,OCT26,OCT26=PUT_CALL_PARITY;NOV26=PUT_CALL_PARITY;FEB27=PUT_CALL_PARITY;MAR27=PUT_CALL_PARITY;DEC26=PUT_CALL_PARITY;JAN27=PUT_CALL_PARITY;APR27=PUT_CALL_PARITY;MAY27=PUT_CALL_PARITY;JUL27=PUT_CALL_PARITY;JUN27=PUT_CALL_PARITY;DEC29=PUT_CALL_PARITY;OCT27=PUT_CALL_PARITY;SEP27=PUT_CALL_PARITY;AUG27=PUT_CALL_PARITY;MAR28=PUT_CALL_PARITY;DEC27=PUT_CALL_PARITY;DEC28=PUT_CALL_PARITY;SEP28=PUT_CALL_PARITY;DEC30=PUT_CALL_PARITY;JUN28=PUT_CALL_PARITY,OCT26=7852.6;NOV26=7852;FEB27=7923.875;MAR27=7994;DEC26=7923.25;JAN27=7924.5;APR27=8008.375;MAY27=8011.875;JUL27=8099.625;JUN27=8066.75;DEC29=8852.375;SEP27=8159.875;AUG27=8105.75;MAR28=8279;DEC27=8177.5;DEC28=8506.75;SEP28=6112.0875;DEC30=9361.5;JUN28=8372.5,OCT27=GLOBAL_REFERENCE_NO_OBSERVATION;SEP28=GLOBAL_REFERENCE_OUTLIER_SERIES_FORWARD_CLUSTER,WEIGHTED_ATM,2026-10-16,6,685,0.0,NONE,11274,10812,462,0,0,RTM,MDW;MMW;MRW;MTW,OK,NONE,NONE,2026-10-07
SPX,6500.0,-121052846.28368287,199.83268536449086,0.0,0.0,0.0,0.0,0.0,0.0,7906.272501294064,7798.927498705937,7959.945002588127,7745.254997411874,DEC26,OCT26,2026-10-08,2026-12-18,7852.6,7825.767905144304,FOUND,DEGRADED,SPOT_MONTH_FALLBACK;UNKNOWN_SERIES;ESTIMATED_EXPIRY_ALIAS,2026-08-02.2,PUT_CALL_PARITY,OCT26,OCT26=PUT_CALL_PARITY;NOV26=PUT_CALL_PARITY;FEB27=PUT_CALL_PARITY;MAR27=PUT_CALL_PARITY;DEC26=PUT_CALL_PARITY;JAN27=PUT_CALL_PARITY;APR27=PUT_CALL_PARITY;MAY27=PUT_CALL_PARITY;JUL27=PUT_CALL_PARITY;JUN27=PUT_CALL_PARITY;DEC29=PUT_CALL_PARITY;OCT27=PUT_CALL_PARITY;SEP27=PUT_CALL_PARITY;AUG27=PUT_CALL_PARITY;MAR28=PUT_CALL_PARITY;DEC27=PUT_CALL_PARITY;DEC28=PUT_CALL_PARITY;SEP28=PUT_CALL_PARITY;DEC30=PUT_CALL_PARITY;JUN28=PUT_CALL_PARITY,OCT26=7852.6;NOV26=7852;FEB27=7923.875;MAR27=7994;DEC26=7923.25;JAN27=7924.5;APR27=8008.375;MAY27=8011.875;JUL27=8099.625;JUN27=8066.75;DEC29=8852.375;SEP27=8159.875;AUG27=8105.75;MAR28=8279;DEC27=8177.5;DEC28=8506.75;SEP28=6112.0875;DEC30=9361.5;JUN28=8372.5,OCT27=GLOBAL_REFERENCE_NO_OBSERVATION;SEP28=GLOBAL_REFERENCE_OUTLIER_SERIES_FORWARD_CLUSTER,WEIGHTED_ATM,2026-10-16,6,685,0.0,NONE,11274,10812,462,0,0,RTM,MDW;MMW;MRW;MTW,OK,NONE,NONE,2026-10-07
SPX,6510.0,-94666.71796047772,0.1535219115389773,0.0,0.0,0.0,0.0,0.0,0.0,7906.272501294064,7798.927498705937,7959.945002588127,7745.254997411874,DEC26,OCT26,2026-10-08,2026-12-18,7852.6,7825.767905144304,FOUND,DEGRADED,SPOT_MONTH_FALLBACK;UNKNOWN_SERIES;ESTIMATED_EXPIRY_ALIAS,2026-08-02.2,PUT_CALL_PARITY,OCT26,OCT26=PUT_CALL_PARITY;NOV26=PUT_CALL_PARITY;FEB27=PUT_CALL_PARITY;MAR27=PUT_CALL_PARITY;DEC26=PUT_CALL_PARITY;JAN27=PUT_CALL_PARITY;APR27=PUT_CALL_PARITY;MAY27=PUT_CALL_PARITY;JUL27=PUT_CALL_PARITY;JUN27=PUT_CALL_PARITY;DEC29=PUT_CALL_PARITY;OCT27=PUT_CALL_PARITY;SEP27=PUT_CALL_PARITY;AUG27=PUT_CALL_PARITY;MAR28=PUT_CALL_PARITY;DEC27=PUT_CALL_PARITY;DEC28=PUT_CALL_PARITY;SEP28=PUT_CALL_PARITY;DEC30=PUT_CALL_PARITY;JUN28=PUT_CALL_PARITY,OCT26=7852.6;NOV26=7852;FEB27=7923.875;MAR27=7994;DEC26=7923.25;JAN27=7924.5;APR27=8008.375;MAY27=8011.875;JUL27=8099.625;JUN27=8066.75;DEC29=8852.375;SEP27=8159.875;AUG27=8105.75;MAR28=8279;DEC27=8177.5;DEC28=8506.75;SEP28=6112.0875;DEC30=9361.5;JUN28=8372.5,OCT27=GLOBAL_REFERENCE_NO_OBSERVATION;SEP28=GLOBAL_REFERENCE_OUTLIER_SERIES_FORWARD_CLUSTER,WEIGHTED_ATM,2026-10-16,6,685,0.0,NONE,11274,10812,462,0,0,RTM,MDW;MMW;MRW;MTW,OK,NONE,NONE,2026-10-07
SPX,6520.0,-55713.11841062918,0.0903504908638328,0.0,0.0,0.0,0.0,0.0,0.0,7906.272501294064,7798.927498705937,7959.945002588127,7745.254997411874,DEC26,OCT26,2026-10-08,2026-12-18,7852.6,7825.767905144304,FOUND,DEGRADED,SPOT_MONTH_FALLBACK;UNKNOWN_SERIES;ESTIMATED_EXPIRY_ALIAS,2026-08-02.2,PUT_CALL_PARITY,OCT26,OCT26=PUT_CALL_PARITY;NOV26=PUT_CALL_PARITY;FEB27=PUT_CALL_PARITY;MAR27=PUT_CALL_PARITY;DEC26=PUT_CALL_PARITY;JAN27=PUT_CALL_PARITY;APR27=PUT_CALL_PARITY;MAY27=PUT_CALL_PARITY;JUL27=PUT_CALL_PARITY;JUN27=PUT_CALL_PARITY;DEC29=PUT_CALL_PARITY;OCT27=PUT_CALL_PARITY;SEP27=PUT_CALL_PARITY;AUG27=PUT_CALL_PARITY;MAR28=PUT_CALL_PARITY;DEC27=PUT_CALL_PARITY;DEC28=PUT_CALL_PARITY;SEP28=PUT_CALL_PARITY;DEC30=PUT_CALL_PARITY;JUN28=PUT_CALL_PARITY,OCT26=7852.6;NOV26=7852;FEB27=7923.875;MAR27=7994;DEC26=7923.25;JAN27=7924.5;APR27=8008.375;MAY27=8011.875;JUL27=8099.625;JUN27=8066.75;DEC29=8852.375;SEP27=8159.875;AUG27=8105.75;MAR28=8279;DEC27=8177.5;DEC28=8506.75;SEP28=6112.0875;DEC30=9361.5;JUN28=8372.5,OCT27=GLOBAL_REFERENCE_NO_OBSERVATION;SEP28=GLOBAL_REFERENCE_OUTLIER_SERIES_FORWARD_CLUSTER,WEIGHTED_ATM,2026-10-16,6,685,0.0,NONE,11274,10812,462,0,0,RTM,MDW;MMW;MRW;MTW,OK,NONE,NONE,2026-10-07
SPX,6525.0,-1662257.632602891,2.6820625506770117,0.0,0.0,0.0,0.0,0.0,0.0,7906.272501294064,7798.927498705937,7959.945002588127,7745.254997411874,DEC26,OCT26,2026-10-08,2026-12-18,7852.6,7825.767905144304,FOUND,DEGRADED,SPOT_MONTH_FALLBACK;UNKNOWN_SERIES;ESTIMATED_EXPIRY_ALIAS,2026-08-02.2,PUT_CALL_PARITY,OCT26,OCT26=PUT_CALL_PARITY;NOV26=PUT_CALL_PARITY;FEB27=PUT_CALL_PARITY;MAR27=PUT_CALL_PARITY;DEC26=PUT_CALL_PARITY;JAN27=PUT_CALL_PARITY;APR27=PUT_CALL_PARITY;MAY27=PUT_CALL_PARITY;JUL27=PUT_CALL_PARITY;JUN27=PUT_CALL_PARITY;DEC29=PUT_CALL_PARITY;OCT27=PUT_CALL_PARITY;SEP27=PUT_CALL_PARITY;AUG27=PUT_CALL_PARITY;MAR28=PUT_CALL_PARITY;DEC27=PUT_CALL_PARITY;DEC28=PUT_CALL_PARITY;SEP28=PUT_CALL_PARITY;DEC30=PUT_CALL_PARITY;JUN28=PUT_CALL_PARITY,OCT26=7852.6;NOV26=7852;FEB27=7923.875;MAR27=7994;DEC26=7923.25;JAN27=7924.5;APR27=8008.375;MAY27=8011.875;JUL27=8099.625;JUN27=8066.75;DEC29=8852.375;SEP27=8159.875;AUG27=8105.75;MAR28=8279;DEC27=8177.5;DEC28=8506.75;SEP28=6112.0875;DEC30=9361.5;JUN28=8372.5,OCT27=GLOBAL_REFERENCE_NO_OBSERVATION;SEP28=GLOBAL_REFERENCE_OUTLIER_SERIES_FORWARD_CLUSTER,WEIGHTED_ATM,2026-10-16,6,685,0.0,NONE,11274,10812,462,0,0,RTM,MDW;MMW;MRW;MTW,OK,NONE,NONE,2026-10-07
SPX,6530.0,-59775.77250123126,0.09693893541275303,0.0,0.0,0.0,0.0,0.0,0.0,7906.272501294064,7798.927498705937,7959.945002588127,7745.254997411874,DEC26,OCT26,2026-10-08,2026-12-18,7852.6,7825.767905144304,FOUND,DEGRADED,SPOT_MONTH_FALLBACK;UNKNOWN_SERIES;ESTIMATED_EXPIRY_ALIAS,2026-08-02.2,PUT_CALL_PARITY,OCT26,OCT26=PUT_CALL_PARITY;NOV26=PUT_CALL_PARITY;FEB27=PUT_CALL_PARITY;MAR27=PUT_CALL_PARITY;DEC26=PUT_CALL_PARITY;JAN27=PUT_CALL_PARITY;APR27=PUT_CALL_PARITY;MAY27=PUT_CALL_PARITY;JUL27=PUT_CALL_PARITY;JUN27=PUT_CALL_PARITY;DEC29=PUT_CALL_PARITY;OCT27=PUT_CALL_PARITY;SEP27=PUT_CALL_PARITY;AUG27=PUT_CALL_PARITY;MAR28=PUT_CALL_PARITY;DEC27=PUT_CALL_PARITY;DEC28=PUT_CALL_PARITY;SEP28=PUT_CALL_PARITY;DEC30=PUT_CALL_PARITY;JUN28=PUT_CALL_PARITY,OCT26=7852.6;NOV26=7852;FEB27=7923.875;MAR27=7994;DEC26=7923.25;JAN27=7924.5;APR27=8008.375;MAY27=8011.875;JUL27=8099.625;JUN27=8066.75;DEC29=8852.375;SEP27=8159.875;AUG27=8105.75;MAR28=8279;DEC27=8177.5;DEC28=8506.75;SEP28=6112.0875;DEC30=9361.5;JUN28=8372.5,OCT27=GLOBAL_REFERENCE_NO_OBSERVATION;SEP28=GLOBAL_REFERENCE_OUTLIER_SERIES_FORWARD_CLUSTER,WEIGHTED_ATM,2026-10-16,6,685,0.0,NONE,11274,10812,462,0,0,RTM,MDW;MMW;MRW;MTW,OK,NONE,NONE,2026-10-07
SPX,6540.0,-103235.73035990796,0.16741835996249765,0.0,0.0,0.0,0.0,0.0,0.0,7906.272501294064,7798.927498705937,7959.945002588127,7745.254997411874,DEC26,OCT26,2026-10-08,2026-12-18,7852.6,7825.767905144304,FOUND,DEGRADED,SPOT_MONTH_FALLBACK;UNKNOWN_SERIES;ESTIMATED_EXPIRY_ALIAS,2026-08-02.2,PUT_CALL_PARITY,OCT26,OCT26=PUT_CALL_PARITY;NOV26=PUT_CALL_PARITY;FEB27=PUT_CALL_PARITY;MAR27=PUT_CALL_PARITY;DEC26=PUT_CALL_PARITY;JAN27=PUT_CALL_PARITY;APR27=PUT_CALL_PARITY;MAY27=PUT_CALL_PARITY;JUL27=PUT_CALL_PARITY;JUN27=PUT_CALL_PARITY;DEC29=PUT_CALL_PARITY;OCT27=PUT_CALL_PARITY;SEP27=PUT_CALL_PARITY;AUG27=PUT_CALL_PARITY;MAR28=PUT_CALL_PARITY;DEC27=PUT_CALL_PARITY;DEC28=PUT_CALL_PARITY;SEP28=PUT_CALL_PARITY;DEC30=PUT_CALL_PARITY;JUN28=PUT_CALL_PARITY,OCT26=7852.6;NOV26=7852;FEB27=7923.875;MAR27=7994;DEC26=7923.25;JAN27=7924.5;APR27=8008.375;MAY27=8011.875;JUL27=8099.625;JUN27=8066.75;DEC29=8852.375;SEP27=8159.875;AUG27=8105.75;MAR28=8279;DEC27=8177.5;DEC28=8506.75;SEP28=6112.0875;DEC30=9361.5;JUN28=8372.5,OCT27=GLOBAL_REFERENCE_NO_OBSERVATION;SEP28=GLOBAL_REFERENCE_OUTLIER_SERIES_FORWARD_CLUSTER,WEIGHTED_ATM,2026-10-16,6,685,0.0,NONE,11274,10812,462,0,0,RTM,MDW;MMW;MRW;MTW,OK,NONE,NONE,2026-10-07
SPX,6550.0,-43591301.148082085,69.19857563743864,0.0,0.0,0.0,0.0,0.0,0.0,7906.272501294064,7798.927498705937,7959.945002588127,7745.254997411874,DEC26,OCT26,2026-10-08,2026-12-18,7852.6,7825.767905144304,FOUND,DEGRADED,SPOT_MONTH_FALLBACK;UNKNOWN_SERIES;ESTIMATED_EXPIRY_ALIAS,2026-08-02.2,PUT_CALL_PARITY,OCT26,OCT26=PUT_CALL_PARITY;NOV26=PUT_CALL_PARITY;FEB27=PUT_CALL_PARITY;MAR27=PUT_CALL_PARITY;DEC26=PUT_CALL_PARITY;JAN27=PUT_CALL_PARITY;APR27=PUT_CALL_PARITY;MAY27=PUT_CALL_PARITY;JUL27=PUT_CALL_PARITY;JUN27=PUT_CALL_PARITY;DEC29=PUT_CALL_PARITY;OCT27=PUT_CALL_PARITY;SEP27=PUT_CALL_PARITY;AUG27=PUT_CALL_PARITY;MAR28=PUT_CALL_PARITY;DEC27=PUT_CALL_PARITY;DEC28=PUT_CALL_PARITY;SEP28=PUT_CALL_PARITY;DEC30=PUT_CALL_PARITY;JUN28=PUT_CALL_PARITY,OCT26=7852.6;NOV26=7852;FEB27=7923.875;MAR27=7994;DEC26=7923.25;JAN27=7924.5;APR27=8008.375;MAY27=8011.875;JUL27=8099.625;JUN27=8066.75;DEC29=8852.375;SEP27=8159.875;AUG27=8105.75;MAR28=8279;DEC27=8177.5;DEC28=8506.75;SEP28=6112.0875;DEC30=9361.5;JUN28=8372.5,OCT27=GLOBAL_REFERENCE_NO_OBSERVATION;SEP28=GLOBAL_REFERENCE_OUTLIER_SERIES_FORWARD_CLUSTER,WEIGHTED_ATM,2026-10-16,6,685,0.0,NONE,11274,10812,462,0,0,RTM,MDW;MMW;MRW;MTW,OK,NONE,NONE,2026-10-07
SPX,6560.0,-79424.8652251209,0.12880405485459878,0.0,0.0,0.0,0.0,0.0,0.0,7906.272501294064,7798.927498705937,7959.945002588127,7745.254997411874,DEC26,OCT26,2026-10-08,2026-12-18,7852.6,7825.767905144304,FOUND,DEGRADED,SPOT_MONTH_FALLBACK;UNKNOWN_SERIES;ESTIMATED_EXPIRY_ALIAS,2026-08-02.2,PUT_CALL_PARITY,OCT26,OCT26=PUT_CALL_PARITY;NOV26=PUT_CALL_PARITY;FEB27=PUT_CALL_PARITY;MAR27=PUT_CALL_PARITY;DEC26=PUT_CALL_PARITY;JAN27=PUT_CALL_PARITY;APR27=PUT_CALL_PARITY;MAY27=PUT_CALL_PARITY;JUL27=PUT_CALL_PARITY;JUN27=PUT_CALL_PARITY;DEC29=PUT_CALL_PARITY;OCT27=PUT_CALL_PARITY;SEP27=PUT_CALL_PARITY;AUG27=PUT_CALL_PARITY;MAR28=PUT_CALL_PARITY;DEC27=PUT_CALL_PARITY;DEC28=PUT_CALL_PARITY;SEP28=PUT_CALL_PARITY;DEC30=PUT_CALL_PARITY;JUN28=PUT_CALL_PARITY,OCT26=7852.6;NOV26=7852;FEB27=7923.875;MAR27=7994;DEC26=7923.25;JAN27=7924.5;APR27=8008.375;MAY27=8011.875;JUL27=8099.625;JUN27=8066.75;DEC29=8852.375;SEP27=8159.875;AUG27=8105.75;MAR28=8279;DEC27=8177.5;DEC28=8506.75;SEP28=6112.0875;DEC30=9361.5;JUN28=8372.5,OCT27=GLOBAL_REFERENCE_NO_OBSERVATION;SEP28=GLOBAL_REFERENCE_OUTLIER_SERIES_FORWARD_CLUSTER,WEIGHTED_ATM,2026-10-16,6,685,0.0,NONE,11274,10812,462,0,0,RTM,MDW;MMW;MRW;MTW,OK,NONE,NONE,2026-10-07
SPX,6570.0,-74641.93750481991,0.12104753575059936,0.0,0.0,0.0,0.0,0.0,0.0,7906.272501294064,7798.927498705937,7959.945002588127,7745.254997411874,DEC26,OCT26,2026-10-08,2026-12-18,7852.6,7825.767905144304,FOUND,DEGRADED,SPOT_MONTH_FALLBACK;UNKNOWN_SERIES;ESTIMATED_EXPIRY_ALIAS,2026-08-02.2,PUT_CALL_PARITY,OCT26,OCT26=PUT_CALL_PARITY;NOV26=PUT_CALL_PARITY;FEB27=PUT_CALL_PARITY;MAR27=PUT_CALL_PARITY;DEC26=PUT_CALL_PARITY;JAN27=PUT_CALL_PARITY;APR27=PUT_CALL_PARITY;MAY27=PUT_CALL_PARITY;JUL27=PUT_CALL_PARITY;JUN27=PUT_CALL_PARITY;DEC29=PUT_CALL_PARITY;OCT27=PUT_CALL_PARITY;SEP27=PUT_CALL_PARITY;AUG27=PUT_CALL_PARITY;MAR28=PUT_CALL_PARITY;DEC27=PUT_CALL_PARITY;DEC28=PUT_CALL_PARITY;SEP28=PUT_CALL_PARITY;DEC30=PUT_CALL_PARITY;JUN28=PUT_CALL_PARITY,OCT26=7852.6;NOV26=7852;FEB27=7923.875;MAR27=7994;DEC26=7923.25;JAN27=7924.5;APR27=8008.375;MAY27=8011.875;JUL27=8099.625;JUN27=8066.75;DEC29=8852.375;SEP27=8159.875;AUG27=8105.75;MAR28=8279;DEC27=8177.5;DEC28=8506.75;SEP28=6112.0875;DEC30=9361.5;JUN28=8372.5,OCT27=GLOBAL_REFERENCE_NO_OBSERVATION;SEP28=GLOBAL_REFERENCE_OUTLIER_SERIES_FORWARD_CLUSTER,WEIGHTED_ATM,2026-10-16,6,685,0.0,NONE,11274,10812,462,0,0,RTM,MDW;MMW;MRW;MTW,OK,NONE,NONE,2026-10-07
SPX,6575.0,-3958530.563469029,6.359446297190236,0.0,0.0,0.0,0.0,0.0,0.0,7906.272501294064,7798.927498705937,7959.945002588127,7745.254997411874,DEC26,OCT26,2026-10-08,2026-12-18,7852.6,7825.767905144304,FOUND,DEGRADED,SPOT_MONTH_FALLBACK;UNKNOWN_SERIES;ESTIMATED_EXPIRY_ALIAS,2026-08-02.2,PUT_CALL_PARITY,OCT26,OCT26=PUT_CALL_PARITY;NOV26=PUT_CALL_PARITY;FEB27=PUT_CALL_PARITY;MAR27=PUT_CALL_PARITY;DEC26=PUT_CALL_PARITY;JAN27=PUT_CALL_PARITY;APR27=PUT_CALL_PARITY;MAY27=PUT_CALL_PARITY;JUL27=PUT_CALL_PARITY;JUN27=PUT_CALL_PARITY;DEC29=PUT_CALL_PARITY;OCT27=PUT_CALL_PARITY;SEP27=PUT_CALL_PARITY;AUG27=PUT_CALL_PARITY;MAR28=PUT_CALL_PARITY;DEC27=PUT_CALL_PARITY;DEC28=PUT_CALL_PARITY;SEP28=PUT_CALL_PARITY;DEC30=PUT_CALL_PARITY;JUN28=PUT_CALL_PARITY,OCT26=7852.6;NOV26=7852;FEB27=7923.875;MAR27=7994;DEC26=7923.25;JAN27=7924.5;APR27=8008.375;MAY27=8011.875;JUL27=8099.625;JUN27=8066.75;DEC29=8852.375;SEP27=8159.875;AUG27=8105.75;MAR28=8279;DEC27=8177.5;DEC28=8506.75;SEP28=6112.0875;DEC30=9361.5;JUN28=8372.5,OCT27=GLOBAL_REFERENCE_NO_OBSERVATION;SEP28=GLOBAL_REFERENCE_OUTLIER_SERIES_FORWARD_CLUSTER,WEIGHTED_ATM,2026-10-16,6,685,0.0,NONE,11274,10812,462,0,0,RTM,MDW;MMW;MRW;MTW,OK,NONE,NONE,2026-10-07
SPX,6580.0,-67009.17497191446,0.10866941258735689,0.0,0.0,0.0,0.0,0.0,0.0,7906.272501294064,7798.927498705937,7959.945002588127,7745.254997411874,DEC26,OCT26,2026-10-08,2026-12-18,7852.6,7825.767905144304,FOUND,DEGRADED,SPOT_MONTH_FALLBACK;UNKNOWN_SERIES;ESTIMATED_EXPIRY_ALIAS,2026-08-02.2,PUT_CALL_PARITY,OCT26,OCT26=PUT_CALL_PARITY;NOV26=PUT_CALL_PARITY;FEB27=PUT_CALL_PARITY;MAR27=PUT_CALL_PARITY;DEC26=PUT_CALL_PARITY;JAN27=PUT_CALL_PARITY;APR27=PUT_CALL_PARITY;MAY27=PUT_CALL_PARITY;JUL27=PUT_CALL_PARITY;JUN27=PUT_CALL_PARITY;DEC29=PUT_CALL_PARITY;OCT27=PUT_CALL_PARITY;SEP27=PUT_CALL_PARITY;AUG27=PUT_CALL_PARITY;MAR28=PUT_CALL_PARITY;DEC27=PUT_CALL_PARITY;DEC28=PUT_CALL_PARITY;SEP28=PUT_CALL_PARITY;DEC30=PUT_CALL_PARITY;JUN28=PUT_CALL_PARITY,OCT26=7852.6;NOV26=7852;FEB27=7923.875;MAR27=7994;DEC26=7923.25;JAN27=7924.5;APR27=8008.375;MAY27=8011.875;JUL27=8099.625;JUN27=8066.75;DEC29=8852.375;SEP27=8159.875;AUG27=8105.75;MAR28=8279;DEC27=8177.5;DEC28=8506.75;SEP28=6112.0875;DEC30=9361.5;JUN28=8372.5,OCT27=GLOBAL_REFERENCE_NO_OBSERVATION;SEP28=GLOBAL_REFERENCE_OUTLIER_SERIES_FORWARD_CLUSTER,WEIGHTED_ATM,2026-10-16,6,685,0.0,NONE,11274,10812,462,0,0,RTM,MDW;MMW;MRW;MTW,OK,NONE,NONE,2026-10-07
SPX,6590.0,-54756.91540715833,0.08879980741272339,0.0,0.0,0.0,0.0,0.0,0.0,7906.272501294064,7798.927498705937,7959.945002588127,7745.254997411874,DEC26,OCT26,2026-10-08,2026-12-18,7852.6,7825.767905144304,FOUND,DEGRADED,SPOT_MONTH_FALLBACK;UNKNOWN_SERIES;ESTIMATED_EXPIRY_ALIAS,2026-08-02.2,PUT_CALL_PARITY,OCT26,OCT26=PUT_CALL_PARITY;NOV26=PUT_CALL_PARITY;FEB27=PUT_CALL_PARITY;MAR27=PUT_CALL_PARITY;DEC26=PUT_CALL_PARITY;JAN27=PUT_CALL_PARITY;APR27=PUT_CALL_PARITY;MAY27=PUT_CALL_PARITY;JUL27=PUT_CALL_PARITY;JUN27=PUT_CALL_PARITY;DEC29=PUT_CALL_PARITY;OCT27=PUT_CALL_PARITY;SEP27=PUT_CALL_PARITY;AUG27=PUT_CALL_PARITY;MAR28=PUT_CALL_PARITY;DEC27=PUT_CALL_PARITY;DEC28=PUT_CALL_PARITY;SEP28=PUT_CALL_PARITY;DEC30=PUT_CALL_PARITY;JUN28=PUT_CALL_PARITY,OCT26=7852.6;NOV26=7852;FEB27=7923.875;MAR27=7994;DEC26=7923.25;JAN27=7924.5;APR27=8008.375;MAY27=8011.875;JUL27=8099.625;JUN27=8066.75;DEC29=8852.375;SEP27=8159.875;AUG27=8105.75;MAR28=8279;DEC27=8177.5;DEC28=8506.75;SEP28=6112.0875;DEC30=9361.5;JUN28=8372.5,OCT27=GLOBAL_REFERENCE_NO_OBSERVATION;SEP28=GLOBAL_REFERENCE_OUTLIER_SERIES_FORWARD_CLUSTER,WEIGHTED_ATM,2026-10-16,6,685,0.0,NONE,11274,10812,462,0,0,RTM,MDW;MMW;MRW;MTW,OK,NONE,NONE,2026-10-07
SPX,6600.0,-97146324.10639729,156.94517524002302,0.0,0.0,0.0,0.0,0.0,0.0,7906.272501294064,7798.927498705937,7959.945002588127,7745.254997411874,DEC26,OCT26,2026-10-08,2026-12-18,7852.6,7825.767905144304,FOUND,DEGRADED,SPOT_MONTH_FALLBACK;UNKNOWN_SERIES;ESTIMATED_EXPIRY_ALIAS,2026-08-02.2,PUT_CALL_PARITY,OCT26,OCT26=PUT_CALL_PARITY;NOV26=PUT_CALL_PARITY;FEB27=PUT_CALL_PARITY;MAR27=PUT_CALL_PARITY;DEC26=PUT_CALL_PARITY;JAN27=PUT_CALL_PARITY;APR27=PUT_CALL_PARITY;MAY27=PUT_CALL_PARITY;JUL27=PUT_CALL_PARITY;JUN27=PUT_CALL_PARITY;DEC29=PUT_CALL_PARITY;OCT27=PUT_CALL_PARITY;SEP27=PUT_CALL_PARITY;AUG27=PUT_CALL_PARITY;MAR28=PUT_CALL_PARITY;DEC27=PUT_CALL_PARITY;DEC28=PUT_CALL_PARITY;SEP28=PUT_CALL_PARITY;DEC30=PUT_CALL_PARITY;JUN28=PUT_CALL_PARITY,OCT26=7852.6;NOV26=7852;FEB27=7923.875;MAR27=7994;DEC26=7923.25;JAN27=7924.5;APR27=8008.375;MAY27=8011.875;JUL27=8099.625;JUN27=8066.75;DEC29=8852.375;SEP27=8159.875;AUG27=8105.75;MAR28=8279;DEC27=8177.5;DEC28=8506.75;SEP28=6112.0875;DEC30=9361.5;JUN28=8372.5,OCT27=GLOBAL_REFERENCE_NO_OBSERVATION;SEP28=GLOBAL_REFERENCE_OUTLIER_SERIES_FORWARD_CLUSTER,WEIGHTED_ATM,2026-10-16,6,685,0.0,NONE,11274,10812,462,0,0,RTM,MDW;MMW;MRW;MTW,OK,NONE,NONE,2026-10-07
SPX,6610.0,-345094.21424613876,0.5596425499215779,0.0,0.0,0.0,0.0,0.0,0.0,7906.272501294064,7798.927498705937,7959.945002588127,7745.254997411874,DEC26,OCT26,2026-10-08,2026-12-18,7852.6,7825.767905144304,FOUND,DEGRADED,SPOT_MONTH_FALLBACK;UNKNOWN_SERIES;ESTIMATED_EXPIRY_ALIAS,2026-08-02.2,PUT_CALL_PARITY,OCT26,OCT26=PUT_CALL_PARITY;NOV26=PUT_CALL_PARITY;FEB27=PUT_CALL_PARITY;MAR27=PUT_CALL_PARITY;DEC26=PUT_CALL_PARITY;JAN27=PUT_CALL_PARITY;APR27=PUT_CALL_PARITY;MAY27=PUT_CALL_PARITY;JUL27=PUT_CALL_PARITY;JUN27=PUT_CALL_PARITY;DEC29=PUT_CALL_PARITY;OCT27=PUT_CALL_PARITY;SEP27=PUT_CALL_PARITY;AUG27=PUT_CALL_PARITY;MAR28=PUT_CALL_PARITY;DEC27=PUT_CALL_PARITY;DEC28=PUT_CALL_PARITY;SEP28=PUT_CALL_PARITY;DEC30=PUT_CALL_PARITY;JUN28=PUT_CALL_PARITY,OCT26=7852.6;NOV26=7852;FEB27=7923.875;MAR27=7994;DEC26=7923.25;JAN27=7924.5;APR27=8008.375;MAY27=8011.875;JUL27=8099.625;JUN27=8066.75;DEC29=8852.375;SEP27=8159.875;AUG27=8105.75;MAR28=8279;DEC27=8177.5;DEC28=8506.75;SEP28=6112.0875;DEC30=9361.5;JUN28=8372.5,OCT27=GLOBAL_REFERENCE_NO_OBSERVATION;SEP28=GLOBAL_REFERENCE_OUTLIER_SERIES_FORWARD_CLUSTER,WEIGHTED_ATM,2026-10-16,6,685,0.0,NONE,11274,10812,462,0,0,RTM,MDW;MMW;MRW;MTW,OK,NONE,NONE,2026-10-07
SPX,6620.0,-496695.52866799704,0.805495834827704,0.0,0.0,0.0,0.0,0.0,0.0,7906.272501294064,7798.927498705937,7959.945002588127,7745.254997411874,DEC26,OCT26,2026-10-08,2026-12-18,7852.6,7825.767905144304,FOUND,DEGRADED,SPOT_MONTH_FALLBACK;UNKNOWN_SERIES;ESTIMATED_EXPIRY_ALIAS,2026-08-02.2,PUT_CALL_PARITY,OCT26,OCT26=PUT_CALL_PARITY;NOV26=PUT_CALL_PARITY;FEB27=PUT_CALL_PARITY;MAR27=PUT_CALL_PARITY;DEC26=PUT_CALL_PARITY;JAN27=PUT_CALL_PARITY;APR27=PUT_CALL_PARITY;MAY27=PUT_CALL_PARITY;JUL27=PUT_CALL_PARITY;JUN27=PUT_CALL_PARITY;DEC29=PUT_CALL_PARITY;OCT27=PUT_CALL_PARITY;SEP27=PUT_CALL_PARITY;AUG27=PUT_CALL_PARITY;MAR28=PUT_CALL_PARITY;DEC27=PUT_CALL_PARITY;DEC28=PUT_CALL_PARITY;SEP28=PUT_CALL_PARITY;DEC30=PUT_CALL_PARITY;JUN28=PUT_CALL_PARITY,OCT26=7852.6;NOV26=7852;FEB27=7923.875;MAR27=7994;DEC26=7923.25;JAN27=7924.5;APR27=8008.375;MAY27=8011.875;JUL27=8099.625;JUN27=8066.75;DEC29=8852.375;SEP27=8159.875;AUG27=8105.75;MAR28=8279;DEC27=8177.5;DEC28=8506.75;SEP28=6112.0875;DEC30=9361.5;JUN28=8372.5,OCT27=GLOBAL_REFERENCE_NO_OBSERVATION;SEP28=GLOBAL_REFERENCE_OUTLIER_SERIES_FORWARD_CLUSTER,WEIGHTED_ATM,2026-10-16,6,685,0.0,NONE,11274,10812,462,0,0,RTM,MDW;MMW;MRW;MTW,OK,NONE,NONE,2026-10-07
SPX,6625.0,-7252003.506159165,11.694759455218962,0.0,0.0,0.0,0.0,0.0,0.0,7906.272501294064,7798.927498705937,7959.945002588127,7745.254997411874,DEC26,OCT26,2026-10-08,2026-12-18,7852.6,7825.767905144304,FOUND,DEGRADED,SPOT_MONTH_FALLBACK;UNKNOWN_SERIES;ESTIMATED_EXPIRY_ALIAS,2026-08-02.2,PUT_CALL_PARITY,OCT26,OCT26=PUT_CALL_PARITY;NOV26=PUT_CALL_PARITY;FEB27=PUT_CALL_PARITY;MAR27=PUT_CALL_PARITY;DEC26=PUT_CALL_PARITY;JAN27=PUT_CALL_PARITY;APR27=PUT_CALL_PARITY;MAY27=PUT_CALL_PARITY;JUL27=PUT_CALL_PARITY;JUN27=PUT_CALL_PARITY;DEC29=PUT_CALL_PARITY;OCT27=PUT_CALL_PARITY;SEP27=PUT_CALL_PARITY;AUG27=PUT_CALL_PARITY;MAR28=PUT_CALL_PARITY;DEC27=PUT_CALL_PARITY;DEC28=PUT_CALL_PARITY;SEP28=PUT_CALL_PARITY;DEC30=PUT_CALL_PARITY;JUN28=PUT_CALL_PARITY,OCT26=7852.6;NOV26=7852;FEB27=7923.875;MAR27=7994;DEC26=7923.25;JAN27=7924.5;APR27=8008.375;MAY27=8011.875;JUL27=8099.625;JUN27=8066.75;DEC29=8852.375;SEP27=8159.875;AUG27=8105.75;MAR28=8279;DEC27=8177.5;DEC28=8506.75;SEP28=6112.0875;DEC30=9361.5;JUN28=8372.5,OCT27=GLOBAL_REFERENCE_NO_OBSERVATION;SEP28=GLOBAL_REFERENCE_OUTLIER_SERIES_FORWARD_CLUSTER,WEIGHTED_ATM,2026-10-16,6,685,0.0,NONE,11274,10812,462,0,0,RTM,MDW;MMW;MRW;MTW,OK,NONE,NONE,2026-10-07
SPX,6630.0,-183093.54639591402,0.29692453524042395,0.0,0.0,0.0,0.0,0.0,0.0,7906.272501294064,7798.927498705937,7959.945002588127,7745.254997411874,DEC26,OCT26,2026-10-08,2026-12-18,7852.6,7825.767905144304,FOUND,DEGRADED,SPOT_MONTH_FALLBACK;UNKNOWN_SERIES;ESTIMATED_EXPIRY_ALIAS,2026-08-02.2,PUT_CALL_PARITY,OCT26,OCT26=PUT_CALL_PARITY;NOV26=PUT_CALL_PARITY;FEB27=PUT_CALL_PARITY;MAR27=PUT_CALL_PARITY;DEC26=PUT_CALL_PARITY;JAN27=PUT_CALL_PARITY;APR27=PUT_CALL_PARITY;MAY27=PUT_CALL_PARITY;JUL27=PUT_CALL_PARITY;JUN27=PUT_CALL_PARITY;DEC29=PUT_CALL_PARITY;OCT27=PUT_CALL_PARITY;SEP27=PUT_CALL_PARITY;AUG27=PUT_CALL_PARITY;MAR28=PUT_CALL_PARITY;DEC27=PUT_CALL_PARITY;DEC28=PUT_CALL_PARITY;SEP28=PUT_CALL_PARITY;DEC30=PUT_CALL_PARITY;JUN28=PUT_CALL_PARITY,OCT26=7852.6;NOV26=7852;FEB27=7923.875;MAR27=7994;DEC26=7923.25;JAN27=7924.5;APR27=8008.375;MAY27=8011.875;JUL27=8099.625;JUN27=8066.75;DEC29=8852.375;SEP27=8159.875;AUG27=8105.75;MAR28=8279;DEC27=8177.5;DEC28=8506.75;SEP28=6112.0875;DEC30=9361.5;JUN28=8372.5,OCT27=GLOBAL_REFERENCE_NO_OBSERVATION;SEP28=GLOBAL_REFERENCE_OUTLIER_SERIES_FORWARD_CLUSTER,WEIGHTED_ATM,2026-10-16,6,685,0.0,NONE,11274,10812,462,0,0,RTM,MDW;MMW;MRW;MTW,OK,NONE,NONE,2026-10-07
SPX,6640.0,-166852.21442046133,0.2705858136228479,0.0,0.0,0.0,0.0,0.0,0.0,7906.272501294064,7798.927498705937,7959.945002588127,7745.254997411874,DEC26,OCT26,2026-10-08,2026-12-18,7852.6,7825.767905144304,FOUND,DEGRADED,SPOT_MONTH_FALLBACK;UNKNOWN_SERIES;ESTIMATED_EXPIRY_ALIAS,2026-08-02.2,PUT_CALL_PARITY,OCT26,OCT26=PUT_CALL_PARITY;NOV26=PUT_CALL_PARITY;FEB27=PUT_CALL_PARITY;MAR27=PUT_CALL_PARITY;DEC26=PUT_CALL_PARITY;JAN27=PUT_CALL_PARITY;APR27=PUT_CALL_PARITY;MAY27=PUT_CALL_PARITY;JUL27=PUT_CALL_PARITY;JUN27=PUT_CALL_PARITY;DEC29=PUT_CALL_PARITY;OCT27=PUT_CALL_PARITY;SEP27=PUT_CALL_PARITY;AUG27=PUT_CALL_PARITY;MAR28=PUT_CALL_PARITY;DEC27=PUT_CALL_PARITY;DEC28=PUT_CALL_PARITY;SEP28=PUT_CALL_PARITY;DEC30=PUT_CALL_PARITY;JUN28=PUT_CALL_PARITY,OCT26=7852.6;NOV26=7852;FEB27=7923.875;MAR27=7994;DEC26=7923.25;JAN27=7924.5;APR27=8008.375;MAY27=8011.875;JUL27=8099.625;JUN27=8066.75;DEC29=8852.375;SEP27=8159.875;AUG27=8105.75;MAR28=8279;DEC27=8177.5;DEC28=8506.75;SEP28=6112.0875;DEC30=9361.5;JUN28=8372.5,OCT27=GLOBAL_REFERENCE_NO_OBSERVATION;SEP28=GLOBAL_REFERENCE_OUTLIER_SERIES_FORWARD_CLUSTER,WEIGHTED_ATM,2026-10-16,6,685,0.0,NONE,11274,10812,462,0,0,RTM,MDW;MMW;MRW;MTW,OK,NONE,NONE,2026-10-07
SPX,6650.0,-77001195.53003302,122.07693204565761,0.0,0.0,0.0,0.0,0.0,0.0,7906.272501294064,7798.927498705937,7959.945002588127,7745.254997411874,DEC26,OCT26,2026-10-08,2026-12-18,7852.6,7825.767905144304,FOUND,DEGRADED,SPOT_MONTH_FALLBACK;UNKNOWN_SERIES;ESTIMATED_EXPIRY_ALIAS,2026-08-02.2,PUT_CALL_PARITY,OCT26,OCT26=PUT_CALL_PARITY;NOV26=PUT_CALL_PARITY;FEB27=PUT_CALL_PARITY;MAR27=PUT_CALL_PARITY;DEC26=PUT_CALL_PARITY;JAN27=PUT_CALL_PARITY;APR27=PUT_CALL_PARITY;MAY27=PUT_CALL_PARITY;JUL27=PUT_CALL_PARITY;JUN27=PUT_CALL_PARITY;DEC29=PUT_CALL_PARITY;OCT27=PUT_CALL_PARITY;SEP27=PUT_CALL_PARITY;AUG27=PUT_CALL_PARITY;MAR28=PUT_CALL_PARITY;DEC27=PUT_CALL_PARITY;DEC28=PUT_CALL_PARITY;SEP28=PUT_CALL_PARITY;DEC30=PUT_CALL_PARITY;JUN28=PUT_CALL_PARITY,OCT26=7852.6;NOV26=7852;FEB27=7923.875;MAR27=7994;DEC26=7923.25;JAN27=7924.5;APR27=8008.375;MAY27=8011.875;JUL27=8099.625;JUN27=8066.75;DEC29=8852.375;SEP27=8159.875;AUG27=8105.75;MAR28=8279;DEC27=8177.5;DEC28=8506.75;SEP28=6112.0875;DEC30=9361.5;JUN28=8372.5,OCT27=GLOBAL_REFERENCE_NO_OBSERVATION;SEP28=GLOBAL_REFERENCE_OUTLIER_SERIES_FORWARD_CLUSTER,WEIGHTED_ATM,2026-10-16,6,685,0.0,NONE,11274,10812,462,0,0,RTM,MDW;MMW;MRW;MTW,OK,NONE,NONE,2026-10-07
SPX,6660.0,-1491316.3105923315,2.4184817604744024,0.0,0.0,0.0,0.0,0.0,0.0,7906.272501294064,7798.927498705937,7959.945002588127,7745.254997411874,DEC26,OCT26,2026-10-08,2026-12-18,7852.6,7825.767905144304,FOUND,DEGRADED,SPOT_MONTH_FALLBACK;UNKNOWN_SERIES;ESTIMATED_EXPIRY_ALIAS,2026-08-02.2,PUT_CALL_PARITY,OCT26,OCT26=PUT_CALL_PARITY;NOV26=PUT_CALL_PARITY;FEB27=PUT_CALL_PARITY;MAR27=PUT_CALL_PARITY;DEC26=PUT_CALL_PARITY;JAN27=PUT_CALL_PARITY;APR27=PUT_CALL_PARITY;MAY27=PUT_CALL_PARITY;JUL27=PUT_CALL_PARITY;JUN27=PUT_CALL_PARITY;DEC29=PUT_CALL_PARITY;OCT27=PUT_CALL_PARITY;SEP27=PUT_CALL_PARITY;AUG27=PUT_CALL_PARITY;MAR28=PUT_CALL_PARITY;DEC27=PUT_CALL_PARITY;DEC28=PUT_CALL_PARITY;SEP28=PUT_CALL_PARITY;DEC30=PUT_CALL_PARITY;JUN28=PUT_CALL_PARITY,OCT26=7852.6;NOV26=7852;FEB27=7923.875;MAR27=7994;DEC26=7923.25;JAN27=7924.5;APR27=8008.375;MAY27=8011.875;JUL27=8099.625;JUN27=8066.75;DEC29=8852.375;SEP27=8159.875;AUG27=8105.75;MAR28=8279;DEC27=8177.5;DEC28=8506.75;SEP28=6112.0875;DEC30=9361.5;JUN28=8372.5,OCT27=GLOBAL_REFERENCE_NO_OBSERVATION;SEP28=GLOBAL_REFERENCE_OUTLIER_SERIES_FORWARD_CLUSTER,WEIGHTED_ATM,2026-10-16,6,685,0.0,NONE,11274,10812,462,0,0,RTM,MDW;MMW;MRW;MTW,OK,NONE,NONE,2026-10-07
SPX,6670.0,-467952.65281486453,0.758883241308378,0.0,0.0,0.0,0.0,0.0,0.0,7906.272501294064,7798.927498705937,7959.945002588127,7745.254997411874,DEC26,OCT26,2026-10-08,2026-12-18,7852.6,7825.767905144304,FOUND,DEGRADED,SPOT_MONTH_FALLBACK;UNKNOWN_SERIES;ESTIMATED_EXPIRY_ALIAS,2026-08-02.2,PUT_CALL_PARITY,OCT26,OCT26=PUT_CALL_PARITY;NOV26=PUT_CALL_PARITY;FEB27=PUT_CALL_PARITY;MAR27=PUT_CALL_PARITY;DEC26=PUT_CALL_PARITY;JAN27=PUT_CALL_PARITY;APR27=PUT_CALL_PARITY;MAY27=PUT_CALL_PARITY;JUL27=PUT_CALL_PARITY;JUN27=PUT_CALL_PARITY;DEC29=PUT_CALL_PARITY;OCT27=PUT_CALL_PARITY;SEP27=PUT_CALL_PARITY;AUG27=PUT_CALL_PARITY;MAR28=PUT_CALL_PARITY;DEC27=PUT_CALL_PARITY;DEC28=PUT_CALL_PARITY;SEP28=PUT_CALL_PARITY;DEC30=PUT_CALL_PARITY;JUN28=PUT_CALL_PARITY,OCT26=7852.6;NOV26=7852;FEB27=7923.875;MAR27=7994;DEC26=7923.25;JAN27=7924.5;APR27=8008.375;MAY27=8011.875;JUL27=8099.625;JUN27=8066.75;DEC29=8852.375;SEP27=8159.875;AUG27=8105.75;MAR28=8279;DEC27=8177.5;DEC28=8506.75;SEP28=6112.0875;DEC30=9361.5;JUN28=8372.5,OCT27=GLOBAL_REFERENCE_NO_OBSERVATION;SEP28=GLOBAL_REFERENCE_OUTLIER_SERIES_FORWARD_CLUSTER,WEIGHTED_ATM,2026-10-16,6,685,0.0,NONE,11274,10812,462,0,0,RTM,MDW;MMW;MRW;MTW,OK,NONE,NONE,2026-10-07
SPX,6675.0,-4486825.691716894,7.271126296226337,0.0,0.0,0.0,0.0,0.0,0.0,7906.272501294064,7798.927498705937,7959.945002588127,7745.254997411874,DEC26,OCT26,2026-10-08,2026-12-18,7852.6,7825.767905144304,FOUND,DEGRADED,SPOT_MONTH_FALLBACK;UNKNOWN_SERIES;ESTIMATED_EXPIRY_ALIAS,2026-08-02.2,PUT_CALL_PARITY,OCT26,OCT26=PUT_CALL_PARITY;NOV26=PUT_CALL_PARITY;FEB27=PUT_CALL_PARITY;MAR27=PUT_CALL_PARITY;DEC26=PUT_CALL_PARITY;JAN27=PUT_CALL_PARITY;APR27=PUT_CALL_PARITY;MAY27=PUT_CALL_PARITY;JUL27=PUT_CALL_PARITY;JUN27=PUT_CALL_PARITY;DEC29=PUT_CALL_PARITY;OCT27=PUT_CALL_PARITY;SEP27=PUT_CALL_PARITY;AUG27=PUT_CALL_PARITY;MAR28=PUT_CALL_PARITY;DEC27=PUT_CALL_PARITY;DEC28=PUT_CALL_PARITY;SEP28=PUT_CALL_PARITY;DEC30=PUT_CALL_PARITY;JUN28=PUT_CALL_PARITY,OCT26=7852.6;NOV26=7852;FEB27=7923.875;MAR27=7994;DEC26=7923.25;JAN27=7924.5;APR27=8008.375;MAY27=8011.875;JUL27=8099.625;JUN27=8066.75;DEC29=8852.375;SEP27=8159.875;AUG27=8105.75;MAR28=8279;DEC27=8177.5;DEC28=8506.75;SEP28=6112.0875;DEC30=9361.5;JUN28=8372.5,OCT27=GLOBAL_REFERENCE_NO_OBSERVATION;SEP28=GLOBAL_REFERENCE_OUTLIER_SERIES_FORWARD_CLUSTER,WEIGHTED_ATM,2026-10-16,6,685,0.0,NONE,11274,10812,462,0,0,RTM,MDW;MMW;MRW;MTW,OK,NONE,NONE,2026-10-07
SPX,6680.0,-264081.48267025355,0.42826343719352966,0.0,0.0,0.0,0.0,0.0,0.0,7906.272501294064,7798.927498705937,7959.945002588127,7745.254997411874,DEC26,OCT26,2026-10-08,2026-12-18,7852.6,7825.767905144304,FOUND,DEGRADED,SPOT_MONTH_FALLBACK;UNKNOWN_SERIES;ESTIMATED_EXPIRY_ALIAS,2026-08-02.2,PUT_CALL_PARITY,OCT26,OCT26=PUT_CALL_PARITY;NOV26=PUT_CALL_PARITY;FEB27=PUT_CALL_PARITY;MAR27=PUT_CALL_PARITY;DEC26=PUT_CALL_PARITY;JAN27=PUT_CALL_PARITY;APR27=PUT_CALL_PARITY;MAY27=PUT_CALL_PARITY;JUL27=PUT_CALL_PARITY;JUN27=PUT_CALL_PARITY;DEC29=PUT_CALL_PARITY;OCT27=PUT_CALL_PARITY;SEP27=PUT_CALL_PARITY;AUG27=PUT_CALL_PARITY;MAR28=PUT_CALL_PARITY;DEC27=PUT_CALL_PARITY;DEC28=PUT_CALL_PARITY;SEP28=PUT_CALL_PARITY;DEC30=PUT_CALL_PARITY;JUN28=PUT_CALL_PARITY,OCT26=7852.6;NOV26=7852;FEB27=7923.875;MAR27=7994;DEC26=7923.25;JAN27=7924.5;APR27=8008.375;MAY27=8011.875;JUL27=8099.625;JUN27=8066.75;DEC29=8852.375;SEP27=8159.875;AUG27=8105.75;MAR28=8279;DEC27=8177.5;DEC28=8506.75;SEP28=6112.0875;DEC30=9361.5;JUN28=8372.5,OCT27=GLOBAL_REFERENCE_NO_OBSERVATION;SEP28=GLOBAL_REFERENCE_OUTLIER_SERIES_FORWARD_CLUSTER,WEIGHTED_ATM,2026-10-16,6,685,0.0,NONE,11274,10812,462,0,0,RTM,MDW;MMW;MRW;MTW,OK,NONE,NONE,2026-10-07
SPX,6690.0,-301488.3099759335,0.4889264426964134,0.0,0.0,0.0,0.0,0.0,0.0,7906.272501294064,7798.927498705937,7959.945002588127,7745.254997411874,DEC26,OCT26,2026-10-08,2026-12-18,7852.6,7825.767905144304,FOUND,DEGRADED,SPOT_MONTH_FALLBACK;UNKNOWN_SERIES;ESTIMATED_EXPIRY_ALIAS,2026-08-02.2,PUT_CALL_PARITY,OCT26,OCT26=PUT_CALL_PARITY;NOV26=PUT_CALL_PARITY;FEB27=PUT_CALL_PARITY;MAR27=PUT_CALL_PARITY;DEC26=PUT_CALL_PARITY;JAN27=PUT_CALL_PARITY;APR27=PUT_CALL_PARITY;MAY27=PUT_CALL_PARITY;JUL27=PUT_CALL_PARITY;JUN27=PUT_CALL_PARITY;DEC29=PUT_CALL_PARITY;OCT27=PUT_CALL_PARITY;SEP27=PUT_CALL_PARITY;AUG27=PUT_CALL_PARITY;MAR28=PUT_CALL_PARITY;DEC27=PUT_CALL_PARITY;DEC28=PUT_CALL_PARITY;SEP28=PUT_CALL_PARITY;DEC30=PUT_CALL_PARITY;JUN28=PUT_CALL_PARITY,OCT26=7852.6;NOV26=7852;FEB27=7923.875;MAR27=7994;DEC26=7923.25;JAN27=7924.5;APR27=8008.375;MAY27=8011.875;JUL27=8099.625;JUN27=8066.75;DEC29=8852.375;SEP27=8159.875;AUG27=8105.75;MAR28=8279;DEC27=8177.5;DEC28=8506.75;SEP28=6112.0875;DEC30=9361.5;JUN28=8372.5,OCT27=GLOBAL_REFERENCE_NO_OBSERVATION;SEP28=GLOBAL_REFERENCE_OUTLIER_SERIES_FORWARD_CLUSTER,WEIGHTED_ATM,2026-10-16,6,685,0.0,NONE,11274,10812,462,0,0,RTM,MDW;MMW;MRW;MTW,OK,NONE,NONE,2026-10-07
SPX,6700.0,-81958029.22276063,133.46829968306082,0.0,0.0,0.0,0.0,0.0,0.0,7906.272501294064,7798.927498705937,7959.945002588127,7745.254997411874,DEC26,OCT26,2026-10-08,2026-12-18,7852.6,7825.767905144304,FOUND,DEGRADED,SPOT_MONTH_FALLBACK;UNKNOWN_SERIES;ESTIMATED_EXPIRY_ALIAS,2026-08-02.2,PUT_CALL_PARITY,OCT26,OCT26=PUT_CALL_PARITY;NOV26=PUT_CALL_PARITY;FEB27=PUT_CALL_PARITY;MAR27=PUT_CALL_PARITY;DEC26=PUT_CALL_PARITY;JAN27=PUT_CALL_PARITY;APR27=PUT_CALL_PARITY;MAY27=PUT_CALL_PARITY;JUL27=PUT_CALL_PARITY;JUN27=PUT_CALL_PARITY;DEC29=PUT_CALL_PARITY;OCT27=PUT_CALL_PARITY;SEP27=PUT_CALL_PARITY;AUG27=PUT_CALL_PARITY;MAR28=PUT_CALL_PARITY;DEC27=PUT_CALL_PARITY;DEC28=PUT_CALL_PARITY;SEP28=PUT_CALL_PARITY;DEC30=PUT_CALL_PARITY;JUN28=PUT_CALL_PARITY,OCT26=7852.6;NOV26=7852;FEB27=7923.875;MAR27=7994;DEC26=7923.25;JAN27=7924.5;APR27=8008.375;MAY27=8011.875;JUL27=8099.625;JUN27=8066.75;DEC29=8852.375;SEP27=8159.875;AUG27=8105.75;MAR28=8279;DEC27=8177.5;DEC28=8506.75;SEP28=6112.0875;DEC30=9361.5;JUN28=8372.5,OCT27=GLOBAL_REFERENCE_NO_OBSERVATION;SEP28=GLOBAL_REFERENCE_OUTLIER_SERIES_FORWARD_CLUSTER,WEIGHTED_ATM,2026-10-16,6,685,0.0,NONE,11274,10812,462,0,0,RTM,MDW;MMW;MRW;MTW,OK,NONE,NONE,2026-10-07
SPX,6710.0,-716568.8185609354,1.1620664278297776,0.0,0.0,0.0,0.0,0.0,0.0,7906.272501294064,7798.927498705937,7959.945002588127,7745.254997411874,DEC26,OCT26,2026-10-08,2026-12-18,7852.6,7825.767905144304,FOUND,DEGRADED,SPOT_MONTH_FALLBACK;UNKNOWN_SERIES;ESTIMATED_EXPIRY_ALIAS,2026-08-02.2,PUT_CALL_PARITY,OCT26,OCT26=PUT_CALL_PARITY;NOV26=PUT_CALL_PARITY;FEB27=PUT_CALL_PARITY;MAR27=PUT_CALL_PARITY;DEC26=PUT_CALL_PARITY;JAN27=PUT_CALL_PARITY;APR27=PUT_CALL_PARITY;MAY27=PUT_CALL_PARITY;JUL27=PUT_CALL_PARITY;JUN27=PUT_CALL_PARITY;DEC29=PUT_CALL_PARITY;OCT27=PUT_CALL_PARITY;SEP27=PUT_CALL_PARITY;AUG27=PUT_CALL_PARITY;MAR28=PUT_CALL_PARITY;DEC27=PUT_CALL_PARITY;DEC28=PUT_CALL_PARITY;SEP28=PUT_CALL_PARITY;DEC30=PUT_CALL_PARITY;JUN28=PUT_CALL_PARITY,OCT26=7852.6;NOV26=7852;FEB27=7923.875;MAR27=7994;DEC26=7923.25;JAN27=7924.5;APR27=8008.375;MAY27=8011.875;JUL27=8099.625;JUN27=8066.75;DEC29=8852.375;SEP27=8159.875;AUG27=8105.75;MAR28=8279;DEC27=8177.5;DEC28=8506.75;SEP28=6112.0875;DEC30=9361.5;JUN28=8372.5,OCT27=GLOBAL_REFERENCE_NO_OBSERVATION;SEP28=GLOBAL_REFERENCE_OUTLIER_SERIES_FORWARD_CLUSTER,WEIGHTED_ATM,2026-10-16,6,685,0.0,NONE,11274,10812,462,0,0,RTM,MDW;MMW;MRW;MTW,OK,NONE,NONE,2026-10-07
SPX,6720.0,-461325.36100975715,0.7481356995305861,0.0,0.0,0.0,0.0,0.0,0.0,7906.272501294064,7798.927498705937,7959.945002588127,7745.254997411874,DEC26,OCT26,2026-10-08,2026-12-18,7852.6,7825.767905144304,FOUND,DEGRADED,SPOT_MONTH_FALLBACK;UNKNOWN_SERIES;ESTIMATED_EXPIRY_ALIAS,2026-08-02.2,PUT_CALL_PARITY,OCT26,OCT26=PUT_CALL_PARITY;NOV26=PUT_CALL_PARITY;FEB27=PUT_CALL_PARITY;MAR27=PUT_CALL_PARITY;DEC26=PUT_CALL_PARITY;JAN27=PUT_CALL_PARITY;APR27=PUT_CALL_PARITY;MAY27=PUT_CALL_PARITY;JUL27=PUT_CALL_PARITY;JUN27=PUT_CALL_PARITY;DEC29=PUT_CALL_PARITY;OCT27=PUT_CALL_PARITY;SEP27=PUT_CALL_PARITY;AUG27=PUT_CALL_PARITY;MAR28=PUT_CALL_PARITY;DEC27=PUT_CALL_PARITY;DEC28=PUT_CALL_PARITY;SEP28=PUT_CALL_PARITY;DEC30=PUT_CALL_PARITY;JUN28=PUT_CALL_PARITY,OCT26=7852.6;NOV26=7852;FEB27=7923.875;MAR27=7994;DEC26=7923.25;JAN27=7924.5;APR27=8008.375;MAY27=8011.875;JUL27=8099.625;JUN27=8066.75;DEC29=8852.375;SEP27=8159.875;AUG27=8105.75;MAR28=8279;DEC27=8177.5;DEC28=8506.75;SEP28=6112.0875;DEC30=9361.5;JUN28=8372.5,OCT27=GLOBAL_REFERENCE_NO_OBSERVATION;SEP28=GLOBAL_REFERENCE_OUTLIER_SERIES_FORWARD_CLUSTER,WEIGHTED_ATM,2026-10-16,6,685,0.0,NONE,11274,10812,462,0,0,RTM,MDW;MMW;MRW;MTW,OK,NONE,NONE,2026-10-07
SPX,6725.0,-6051331.91110724,9.767311839658992,0.0,0.0,0.0,0.0,0.0,0.0,7906.272501294064,7798.927498705937,7959.945002588127,7745.254997411874,DEC26,OCT26,2026-10-08,2026-12-18,7852.6,7825.767905144304,FOUND,DEGRADED,SPOT_MONTH_FALLBACK;UNKNOWN_SERIES;ESTIMATED_EXPIRY_ALIAS,2026-08-02.2,PUT_CALL_PARITY,OCT26,OCT26=PUT_CALL_PARITY;NOV26=PUT_CALL_PARITY;FEB27=PUT_CALL_PARITY;MAR27=PUT_CALL_PARITY;DEC26=PUT_CALL_PARITY;JAN27=PUT_CALL_PARITY;APR27=PUT_CALL_PARITY;MAY27=PUT_CALL_PARITY;JUL27=PUT_CALL_PARITY;JUN27=PUT_CALL_PARITY;DEC29=PUT_CALL_PARITY;OCT27=PUT_CALL_PARITY;SEP27=PUT_CALL_PARITY;AUG27=PUT_CALL_PARITY;MAR28=PUT_CALL_PARITY;DEC27=PUT_CALL_PARITY;DEC28=PUT_CALL_PARITY;SEP28=PUT_CALL_PARITY;DEC30=PUT_CALL_PARITY;JUN28=PUT_CALL_PARITY,OCT26=7852.6;NOV26=7852;FEB27=7923.875;MAR27=7994;DEC26=7923.25;JAN27=7924.5;APR27=8008.375;MAY27=8011.875;JUL27=8099.625;JUN27=8066.75;DEC29=8852.375;SEP27=8159.875;AUG27=8105.75;MAR28=8279;DEC27=8177.5;DEC28=8506.75;SEP28=6112.0875;DEC30=9361.5;JUN28=8372.5,OCT27=GLOBAL_REFERENCE_NO_OBSERVATION;SEP28=GLOBAL_REFERENCE_OUTLIER_SERIES_FORWARD_CLUSTER,WEIGHTED_ATM,2026-10-16,6,685,0.0,NONE,11274,10812,462,0,0,RTM,MDW;MMW;MRW;MTW,OK,NONE,NONE,2026-10-07
SPX,6730.0,-663581.4284900911,1.0761362763848568,0.0,0.0,0.0,0.0,0.0,0.0,7906.272501294064,7798.927498705937,7959.945002588127,7745.254997411874,DEC26,OCT26,2026-10-08,2026-12-18,7852.6,7825.767905144304,FOUND,DEGRADED,SPOT_MONTH_FALLBACK;UNKNOWN_SERIES;ESTIMATED_EXPIRY_ALIAS,2026-08-02.2,PUT_CALL_PARITY,OCT26,OCT26=PUT_CALL_PARITY;NOV26=PUT_CALL_PARITY;FEB27=PUT_CALL_PARITY;MAR27=PUT_CALL_PARITY;DEC26=PUT_CALL_PARITY;JAN27=PUT_CALL_PARITY;APR27=PUT_CALL_PARITY;MAY27=PUT_CALL_PARITY;JUL27=PUT_CALL_PARITY;JUN27=PUT_CALL_PARITY;DEC29=PUT_CALL_PARITY;OCT27=PUT_CALL_PARITY;SEP27=PUT_CALL_PARITY;AUG27=PUT_CALL_PARITY;MAR28=PUT_CALL_PARITY;DEC27=PUT_CALL_PARITY;DEC28=PUT_CALL_PARITY;SEP28=PUT_CALL_PARITY;DEC30=PUT_CALL_PARITY;JUN28=PUT_CALL_PARITY,OCT26=7852.6;NOV26=7852;FEB27=7923.875;MAR27=7994;DEC26=7923.25;JAN27=7924.5;APR27=8008.375;MAY27=8011.875;JUL27=8099.625;JUN27=8066.75;DEC29=8852.375;SEP27=8159.875;AUG27=8105.75;MAR28=8279;DEC27=8177.5;DEC28=8506.75;SEP28=6112.0875;DEC30=9361.5;JUN28=8372.5,OCT27=GLOBAL_REFERENCE_NO_OBSERVATION;SEP28=GLOBAL_REFERENCE_OUTLIER_SERIES_FORWARD_CLUSTER,WEIGHTED_ATM,2026-10-16,6,685,0.0,NONE,11274,10812,462,0,0,RTM,MDW;MMW;MRW;MTW,OK,NONE,NONE,2026-10-07
SPX,6740.0,-517281.25040865515,0.8388798944013625,0.0,0.0,0.0,0.0,0.0,0.0,7906.272501294064,7798.927498705937,7959.945002588127,7745.254997411874,DEC26,OCT26,2026-10-08,2026-12-18,7852.6,7825.767905144304,FOUND,DEGRADED,SPOT_MONTH_FALLBACK;UNKNOWN_SERIES;ESTIMATED_EXPIRY_ALIAS,2026-08-02.2,PUT_CALL_PARITY,OCT26,OCT26=PUT_CALL_PARITY;NOV26=PUT_CALL_PARITY;FEB27=PUT_CALL_PARITY;MAR27=PUT_CALL_PARITY;DEC26=PUT_CALL_PARITY;JAN27=PUT_CALL_PARITY;APR27=PUT_CALL_PARITY;MAY27=PUT_CALL_PARITY;JUL27=PUT_CALL_PARITY;JUN27=PUT_CALL_PARITY;DEC29=PUT_CALL_PARITY;OCT27=PUT_CALL_PARITY;SEP27=PUT_CALL_PARITY;AUG27=PUT_CALL_PARITY;MAR28=PUT_CALL_PARITY;DEC27=PUT_CALL_PARITY;DEC28=PUT_CALL_PARITY;SEP28=PUT_CALL_PARITY;DEC30=PUT_CALL_PARITY;JUN28=PUT_CALL_PARITY,OCT26=7852.6;NOV26=7852;FEB27=7923.875;MAR27=7994;DEC26=7923.25;JAN27=7924.5;APR27=8008.375;MAY27=8011.875;JUL27=8099.625;JUN27=8066.75;DEC29=8852.375;SEP27=8159.875;AUG27=8105.75;MAR28=8279;DEC27=8177.5;DEC28=8506.75;SEP28=6112.0875;DEC30=9361.5;JUN28=8372.5,OCT27=GLOBAL_REFERENCE_NO_OBSERVATION;SEP28=GLOBAL_REFERENCE_OUTLIER_SERIES_FORWARD_CLUSTER,WEIGHTED_ATM,2026-10-16,6,685,0.0,NONE,11274,10812,462,0,0,RTM,MDW;MMW;MRW;MTW,OK,NONE,NONE,2026-10-07
SPX,6750.0,-97835755.42415091,157.1924246737934,0.0,0.0,0.0,0.0,0.0,0.0,7906.272501294064,7798.927498705937,7959.945002588127,7745.254997411874,DEC26,OCT26,2026-10-08,2026-12-18,7852.6,7825.767905144304,FOUND,DEGRADED,SPOT_MONTH_FALLBACK;UNKNOWN_SERIES;ESTIMATED_EXPIRY_ALIAS,2026-08-02.2,PUT_CALL_PARITY,OCT26,OCT26=PUT_CALL_PARITY;NOV26=PUT_CALL_PARITY;FEB27=PUT_CALL_PARITY;MAR27=PUT_CALL_PARITY;DEC26=PUT_CALL_PARITY;JAN27=PUT_CALL_PARITY;APR27=PUT_CALL_PARITY;MAY27=PUT_CALL_PARITY;JUL27=PUT_CALL_PARITY;JUN27=PUT_CALL_PARITY;DEC29=PUT_CALL_PARITY;OCT27=PUT_CALL_PARITY;SEP27=PUT_CALL_PARITY;AUG27=PUT_CALL_PARITY;MAR28=PUT_CALL_PARITY;DEC27=PUT_CALL_PARITY;DEC28=PUT_CALL_PARITY;SEP28=PUT_CALL_PARITY;DEC30=PUT_CALL_PARITY;JUN28=PUT_CALL_PARITY,OCT26=7852.6;NOV26=7852;FEB27=7923.875;MAR27=7994;DEC26=7923.25;JAN27=7924.5;APR27=8008.375;MAY27=8011.875;JUL27=8099.625;JUN27=8066.75;DEC29=8852.375;SEP27=8159.875;AUG27=8105.75;MAR28=8279;DEC27=8177.5;DEC28=8506.75;SEP28=6112.0875;DEC30=9361.5;JUN28=8372.5,OCT27=GLOBAL_REFERENCE_NO_OBSERVATION;SEP28=GLOBAL_REFERENCE_OUTLIER_SERIES_FORWARD_CLUSTER,WEIGHTED_ATM,2026-10-16,6,685,0.0,NONE,11274,10812,462,0,0,RTM,MDW;MMW;MRW;MTW,OK,NONE,NONE,2026-10-07
SPX,6760.0,-996349.0483221534,1.6157886716038627,0.0,0.0,0.0,0.0,0.0,0.0,7906.272501294064,7798.927498705937,7959.945002588127,7745.254997411874,DEC26,OCT26,2026-10-08,2026-12-18,7852.6,7825.767905144304,FOUND,DEGRADED,SPOT_MONTH_FALLBACK;UNKNOWN_SERIES;ESTIMATED_EXPIRY_ALIAS,2026-08-02.2,PUT_CALL_PARITY,OCT26,OCT26=PUT_CALL_PARITY;NOV26=PUT_CALL_PARITY;FEB27=PUT_CALL_PARITY;MAR27=PUT_CALL_PARITY;DEC26=PUT_CALL_PARITY;JAN27=PUT_CALL_PARITY;APR27=PUT_CALL_PARITY;MAY27=PUT_CALL_PARITY;JUL27=PUT_CALL_PARITY;JUN27=PUT_CALL_PARITY;DEC29=PUT_CALL_PARITY;OCT27=PUT_CALL_PARITY;SEP27=PUT_CALL_PARITY;AUG27=PUT_CALL_PARITY;MAR28=PUT_CALL_PARITY;DEC27=PUT_CALL_PARITY;DEC28=PUT_CALL_PARITY;SEP28=PUT_CALL_PARITY;DEC30=PUT_CALL_PARITY;JUN28=PUT_CALL_PARITY,OCT26=7852.6;NOV26=7852;FEB27=7923.875;MAR27=7994;DEC26=7923.25;JAN27=7924.5;APR27=8008.375;MAY27=8011.875;JUL27=8099.625;JUN27=8066.75;DEC29=8852.375;SEP27=8159.875;AUG27=8105.75;MAR28=8279;DEC27=8177.5;DEC28=8506.75;SEP28=6112.0875;DEC30=9361.5;JUN28=8372.5,OCT27=GLOBAL_REFERENCE_NO_OBSERVATION;SEP28=GLOBAL_REFERENCE_OUTLIER_SERIES_FORWARD_CLUSTER,WEIGHTED_ATM,2026-10-16,6,685,0.0,NONE,11274,10812,462,0,0,RTM,MDW;MMW;MRW;MTW,OK,NONE,NONE,2026-10-07
SPX,6770.0,-1214493.6964016075,1.9695559098336382,0.0,0.0,0.0,0.0,0.0,0.0,7906.272501294064,7798.927498705937,7959.945002588127,7745.254997411874,DEC26,OCT26,2026-10-08,2026-12-18,7852.6,7825.767905144304,FOUND,DEGRADED,SPOT_MONTH_FALLBACK;UNKNOWN_SERIES;ESTIMATED_EXPIRY_ALIAS,2026-08-02.2,PUT_CALL_PARITY,OCT26,OCT26=PUT_CALL_PARITY;NOV26=PUT_CALL_PARITY;FEB27=PUT_CALL_PARITY;MAR27=PUT_CALL_PARITY;DEC26=PUT_CALL_PARITY;JAN27=PUT_CALL_PARITY;APR27=PUT_CALL_PARITY;MAY27=PUT_CALL_PARITY;JUL27=PUT_CALL_PARITY;JUN27=PUT_CALL_PARITY;DEC29=PUT_CALL_PARITY;OCT27=PUT_CALL_PARITY;SEP27=PUT_CALL_PARITY;AUG27=PUT_CALL_PARITY;MAR28=PUT_CALL_PARITY;DEC27=PUT_CALL_PARITY;DEC28=PUT_CALL_PARITY;SEP28=PUT_CALL_PARITY;DEC30=PUT_CALL_PARITY;JUN28=PUT_CALL_PARITY,OCT26=7852.6;NOV26=7852;FEB27=7923.875;MAR27=7994;DEC26=7923.25;JAN27=7924.5;APR27=8008.375;MAY27=8011.875;JUL27=8099.625;JUN27=8066.75;DEC29=8852.375;SEP27=8159.875;AUG27=8105.75;MAR28=8279;DEC27=8177.5;DEC28=8506.75;SEP28=6112.0875;DEC30=9361.5;JUN28=8372.5,OCT27=GLOBAL_REFERENCE_NO_OBSERVATION;SEP28=GLOBAL_REFERENCE_OUTLIER_SERIES_FORWARD_CLUSTER,WEIGHTED_ATM,2026-10-16,6,685,0.0,NONE,11274,10812,462,0,0,RTM,MDW;MMW;MRW;MTW,OK,NONE,NONE,2026-10-07
SPX,6775.0,-5287876.116191288,8.556574125018644,0.0,0.0,0.0,0.0,0.0,0.0,7906.272501294064,7798.927498705937,7959.945002588127,7745.254997411874,DEC26,OCT26,2026-10-08,2026-12-18,7852.6,7825.767905144304,FOUND,DEGRADED,SPOT_MONTH_FALLBACK;UNKNOWN_SERIES;ESTIMATED_EXPIRY_ALIAS,2026-08-02.2,PUT_CALL_PARITY,OCT26,OCT26=PUT_CALL_PARITY;NOV26=PUT_CALL_PARITY;FEB27=PUT_CALL_PARITY;MAR27=PUT_CALL_PARITY;DEC26=PUT_CALL_PARITY;JAN27=PUT_CALL_PARITY;APR27=PUT_CALL_PARITY;MAY27=PUT_CALL_PARITY;JUL27=PUT_CALL_PARITY;JUN27=PUT_CALL_PARITY;DEC29=PUT_CALL_PARITY;OCT27=PUT_CALL_PARITY;SEP27=PUT_CALL_PARITY;AUG27=PUT_CALL_PARITY;MAR28=PUT_CALL_PARITY;DEC27=PUT_CALL_PARITY;DEC28=PUT_CALL_PARITY;SEP28=PUT_CALL_PARITY;DEC30=PUT_CALL_PARITY;JUN28=PUT_CALL_PARITY,OCT26=7852.6;NOV26=7852;FEB27=7923.875;MAR27=7994;DEC26=7923.25;JAN27=7924.5;APR27=8008.375;MAY27=8011.875;JUL27=8099.625;JUN27=8066.75;DEC29=8852.375;SEP27=8159.875;AUG27=8105.75;MAR28=8279;DEC27=8177.5;DEC28=8506.75;SEP28=6112.0875;DEC30=9361.5;JUN28=8372.5,OCT27=GLOBAL_REFERENCE_NO_OBSERVATION;SEP28=GLOBAL_REFERENCE_OUTLIER_SERIES_FORWARD_CLUSTER,WEIGHTED_ATM,2026-10-16,6,685,0.0,NONE,11274,10812,462,0,0,RTM,MDW;MMW;MRW;MTW,OK,NONE,NONE,2026-10-07
SPX,6780.0,-865321.3430070668,1.4032998030985033,0.0,0.0,0.0,0.0,0.0,0.0,7906.272501294064,7798.927498705937,7959.945002588127,7745.254997411874,DEC26,OCT26,2026-10-08,2026-12-18,7852.6,7825.767905144304,FOUND,DEGRADED,SPOT_MONTH_FALLBACK;UNKNOWN_SERIES;ESTIMATED_EXPIRY_ALIAS,2026-08-02.2,PUT_CALL_PARITY,OCT26,OCT26=PUT_CALL_PARITY;NOV26=PUT_CALL_PARITY;FEB27=PUT_CALL_PARITY;MAR27=PUT_CALL_PARITY;DEC26=PUT_CALL_PARITY;JAN27=PUT_CALL_PARITY;APR27=PUT_CALL_PARITY;MAY27=PUT_CALL_PARITY;JUL27=PUT_CALL_PARITY;JUN27=PUT_CALL_PARITY;DEC29=PUT_CALL_PARITY;OCT27=PUT_CALL_PARITY;SEP27=PUT_CALL_PARITY;AUG27=PUT_CALL_PARITY;MAR28=PUT_CALL_PARITY;DEC27=PUT_CALL_PARITY;DEC28=PUT_CALL_PARITY;SEP28=PUT_CALL_PARITY;DEC30=PUT_CALL_PARITY;JUN28=PUT_CALL_PARITY,OCT26=7852.6;NOV26=7852;FEB27=7923.875;MAR27=7994;DEC26=7923.25;JAN27=7924.5;APR27=8008.375;MAY27=8011.875;JUL27=8099.625;JUN27=8066.75;DEC29=8852.375;SEP27=8159.875;AUG27=8105.75;MAR28=8279;DEC27=8177.5;DEC28=8506.75;SEP28=6112.0875;DEC30=9361.5;JUN28=8372.5,OCT27=GLOBAL_REFERENCE_NO_OBSERVATION;SEP28=GLOBAL_REFERENCE_OUTLIER_SERIES_FORWARD_CLUSTER,WEIGHTED_ATM,2026-10-16,6,685,0.0,NONE,11274,10812,462,0,0,RTM,MDW;MMW;MRW;MTW,OK,NONE,NONE,2026-10-07
SPX,6790.0,-4347023.485092504,7.049609084523715,0.0,0.0,0.0,0.0,0.0,0.0,7906.272501294064,7798.927498705937,7959.945002588127,7745.254997411874,DEC26,OCT26,2026-10-08,2026-12-18,7852.6,7825.767905144304,FOUND,DEGRADED,SPOT_MONTH_FALLBACK;UNKNOWN_SERIES;ESTIMATED_EXPIRY_ALIAS,2026-08-02.2,PUT_CALL_PARITY,OCT26,OCT26=PUT_CALL_PARITY;NOV26=PUT_CALL_PARITY;FEB27=PUT_CALL_PARITY;MAR27=PUT_CALL_PARITY;DEC26=PUT_CALL_PARITY;JAN27=PUT_CALL_PARITY;APR27=PUT_CALL_PARITY;MAY27=PUT_CALL_PARITY;JUL27=PUT_CALL_PARITY;JUN27=PUT_CALL_PARITY;DEC29=PUT_CALL_PARITY;OCT27=PUT_CALL_PARITY;SEP27=PUT_CALL_PARITY;AUG27=PUT_CALL_PARITY;MAR28=PUT_CALL_PARITY;DEC27=PUT_CALL_PARITY;DEC28=PUT_CALL_PARITY;SEP28=PUT_CALL_PARITY;DEC30=PUT_CALL_PARITY;JUN28=PUT_CALL_PARITY,OCT26=7852.6;NOV26=7852;FEB27=7923.875;MAR27=7994;DEC26=7923.25;JAN27=7924.5;APR27=8008.375;MAY27=8011.875;JUL27=8099.625;JUN27=8066.75;DEC29=8852.375;SEP27=8159.875;AUG27=8105.75;MAR28=8279;DEC27=8177.5;DEC28=8506.75;SEP28=6112.0875;DEC30=9361.5;JUN28=8372.5,OCT27=GLOBAL_REFERENCE_NO_OBSERVATION;SEP28=GLOBAL_REFERENCE_OUTLIER_SERIES_FORWARD_CLUSTER,WEIGHTED_ATM,2026-10-16,6,685,0.0,NONE,11274,10812,462,0,0,RTM,MDW;MMW;MRW;MTW,OK,NONE,NONE,2026-10-07
SPX,6800.0,-233327493.78475952,377.5103485057588,0.0,0.0,0.0,0.0,0.0,0.0,7906.272501294064,7798.927498705937,7959.945002588127,7745.254997411874,DEC26,OCT26,2026-10-08,2026-12-18,7852.6,7825.767905144304,FOUND,DEGRADED,SPOT_MONTH_FALLBACK;UNKNOWN_SERIES;ESTIMATED_EXPIRY_ALIAS,2026-08-02.2,PUT_CALL_PARITY,OCT26,OCT26=PUT_CALL_PARITY;NOV26=PUT_CALL_PARITY;FEB27=PUT_CALL_PARITY;MAR27=PUT_CALL_PARITY;DEC26=PUT_CALL_PARITY;JAN27=PUT_CALL_PARITY;APR27=PUT_CALL_PARITY;MAY27=PUT_CALL_PARITY;JUL27=PUT_CALL_PARITY;JUN27=PUT_CALL_PARITY;DEC29=PUT_CALL_PARITY;OCT27=PUT_CALL_PARITY;SEP27=PUT_CALL_PARITY;AUG27=PUT_CALL_PARITY;MAR28=PUT_CALL_PARITY;DEC27=PUT_CALL_PARITY;DEC28=PUT_CALL_PARITY;SEP28=PUT_CALL_PARITY;DEC30=PUT_CALL_PARITY;JUN28=PUT_CALL_PARITY,OCT26=7852.6;NOV26=7852;FEB27=7923.875;MAR27=7994;DEC26=7923.25;JAN27=7924.5;APR27=8008.375;MAY27=8011.875;JUL27=8099.625;JUN27=8066.75;DEC29=8852.375;SEP27=8159.875;AUG27=8105.75;MAR28=8279;DEC27=8177.5;DEC28=8506.75;SEP28=6112.0875;DEC30=9361.5;JUN28=8372.5,OCT27=GLOBAL_REFERENCE_NO_OBSERVATION;SEP28=GLOBAL_REFERENCE_OUTLIER_SERIES_FORWARD_CLUSTER,WEIGHTED_ATM,2026-10-16,6,685,0.0,NONE,11274,10812,462,0,0,RTM,MDW;MMW;MRW;MTW,OK,NONE,NONE,2026-10-07
SPX,6810.0,-2136295.127921244,3.464450006461578,0.0,0.0,0.0,0.0,0.0,0.0,7906.272501294064,7798.927498705937,7959.945002588127,7745.254997411874,DEC26,OCT26,2026-10-08,2026-12-18,7852.6,7825.767905144304,FOUND,DEGRADED,SPOT_MONTH_FALLBACK;UNKNOWN_SERIES;ESTIMATED_EXPIRY_ALIAS,2026-08-02.2,PUT_CALL_PARITY,OCT26,OCT26=PUT_CALL_PARITY;NOV26=PUT_CALL_PARITY;FEB27=PUT_CALL_PARITY;MAR27=PUT_CALL_PARITY;DEC26=PUT_CALL_PARITY;JAN27=PUT_CALL_PARITY;APR27=PUT_CALL_PARITY;MAY27=PUT_CALL_PARITY;JUL27=PUT_CALL_PARITY;JUN27=PUT_CALL_PARITY;DEC29=PUT_CALL_PARITY;OCT27=PUT_CALL_PARITY;SEP27=PUT_CALL_PARITY;AUG27=PUT_CALL_PARITY;MAR28=PUT_CALL_PARITY;DEC27=PUT_CALL_PARITY;DEC28=PUT_CALL_PARITY;SEP28=PUT_CALL_PARITY;DEC30=PUT_CALL_PARITY;JUN28=PUT_CALL_PARITY,OCT26=7852.6;NOV26=7852;FEB27=7923.875;MAR27=7994;DEC26=7923.25;JAN27=7924.5;APR27=8008.375;MAY27=8011.875;JUL27=8099.625;JUN27=8066.75;DEC29=8852.375;SEP27=8159.875;AUG27=8105.75;MAR28=8279;DEC27=8177.5;DEC28=8506.75;SEP28=6112.0875;DEC30=9361.5;JUN28=8372.5,OCT27=GLOBAL_REFERENCE_NO_OBSERVATION;SEP28=GLOBAL_REFERENCE_OUTLIER_SERIES_FORWARD_CLUSTER,WEIGHTED_ATM,2026-10-16,6,685,0.0,NONE,11274,10812,462,0,0,RTM,MDW;MMW;MRW;MTW,OK,NONE,NONE,2026-10-07
SPX,6820.0,-1974490.9248112822,3.2020506005071754,0.0,0.0,0.0,0.0,0.0,0.0,7906.272501294064,7798.927498705937,7959.945002588127,7745.254997411874,DEC26,OCT26,2026-10-08,2026-12-18,7852.6,7825.767905144304,FOUND,DEGRADED,SPOT_MONTH_FALLBACK;UNKNOWN_SERIES;ESTIMATED_EXPIRY_ALIAS,2026-08-02.2,PUT_CALL_PARITY,OCT26,OCT26=PUT_CALL_PARITY;NOV26=PUT_CALL_PARITY;FEB27=PUT_CALL_PARITY;MAR27=PUT_CALL_PARITY;DEC26=PUT_CALL_PARITY;JAN27=PUT_CALL_PARITY;APR27=PUT_CALL_PARITY;MAY27=PUT_CALL_PARITY;JUL27=PUT_CALL_PARITY;JUN27=PUT_CALL_PARITY;DEC29=PUT_CALL_PARITY;OCT27=PUT_CALL_PARITY;SEP27=PUT_CALL_PARITY;AUG27=PUT_CALL_PARITY;MAR28=PUT_CALL_PARITY;DEC27=PUT_CALL_PARITY;DEC28=PUT_CALL_PARITY;SEP28=PUT_CALL_PARITY;DEC30=PUT_CALL_PARITY;JUN28=PUT_CALL_PARITY,OCT26=7852.6;NOV26=7852;FEB27=7923.875;MAR27=7994;DEC26=7923.25;JAN27=7924.5;APR27=8008.375;MAY27=8011.875;JUL27=8099.625;JUN27=8066.75;DEC29=8852.375;SEP27=8159.875;AUG27=8105.75;MAR28=8279;DEC27=8177.5;DEC28=8506.75;SEP28=6112.0875;DEC30=9361.5;JUN28=8372.5,OCT27=GLOBAL_REFERENCE_NO_OBSERVATION;SEP28=GLOBAL_REFERENCE_OUTLIER_SERIES_FORWARD_CLUSTER,WEIGHTED_ATM,2026-10-16,6,685,0.0,NONE,11274,10812,462,0,0,RTM,MDW;MMW;MRW;MTW,OK,NONE,NONE,2026-10-07
SPX,6825.0,-8005350.995285724,12.939902996510138,0.0,0.0,0.0,0.0,0.0,0.0,7906.272501294064,7798.927498705937,7959.945002588127,7745.254997411874,DEC26,OCT26,2026-10-08,2026-12-18,7852.6,7825.767905144304,FOUND,DEGRADED,SPOT_MONTH_FALLBACK;UNKNOWN_SERIES;ESTIMATED_EXPIRY_ALIAS,2026-08-02.2,PUT_CALL_PARITY,OCT26,OCT26=PUT_CALL_PARITY;NOV26=PUT_CALL_PARITY;FEB27=PUT_CALL_PARITY;MAR27=PUT_CALL_PARITY;DEC26=PUT_CALL_PARITY;JAN27=PUT_CALL_PARITY;APR27=PUT_CALL_PARITY;MAY27=PUT_CALL_PARITY;JUL27=PUT_CALL_PARITY;JUN27=PUT_CALL_PARITY;DEC29=PUT_CALL_PARITY;OCT27=PUT_CALL_PARITY;SEP27=PUT_CALL_PARITY;AUG27=PUT_CALL_PARITY;MAR28=PUT_CALL_PARITY;DEC27=PUT_CALL_PARITY;DEC28=PUT_CALL_PARITY;SEP28=PUT_CALL_PARITY;DEC30=PUT_CALL_PARITY;JUN28=PUT_CALL_PARITY,OCT26=7852.6;NOV26=7852;FEB27=7923.875;MAR27=7994;DEC26=7923.25;JAN27=7924.5;APR27=8008.375;MAY27=8011.875;JUL27=8099.625;JUN27=8066.75;DEC29=8852.375;SEP27=8159.875;AUG27=8105.75;MAR28=8279;DEC27=8177.5;DEC28=8506.75;SEP28=6112.0875;DEC30=9361.5;JUN28=8372.5,OCT27=GLOBAL_REFERENCE_NO_OBSERVATION;SEP28=GLOBAL_REFERENCE_OUTLIER_SERIES_FORWARD_CLUSTER,WEIGHTED_ATM,2026-10-16,6,685,0.0,NONE,11274,10812,462,0,0,RTM,MDW;MMW;MRW;MTW,OK,NONE,NONE,2026-10-07
SPX,6830.0,-1274477.6121283937,2.066832393083155,0.0,0.0,0.0,0.0,0.0,0.0,7906.272501294064,7798.927498705937,7959.945002588127,7745.254997411874,DEC26,OCT26,2026-10-08,2026-12-18,7852.6,7825.767905144304,FOUND,DEGRADED,SPOT_MONTH_FALLBACK;UNKNOWN_SERIES;ESTIMATED_EXPIRY_ALIAS,2026-08-02.2,PUT_CALL_PARITY,OCT26,OCT26=PUT_CALL_PARITY;NOV26=PUT_CALL_PARITY;FEB27=PUT_CALL_PARITY;MAR27=PUT_CALL_PARITY;DEC26=PUT_CALL_PARITY;JAN27=PUT_CALL_PARITY;APR27=PUT_CALL_PARITY;MAY27=PUT_CALL_PARITY;JUL27=PUT_CALL_PARITY;JUN27=PUT_CALL_PARITY;DEC29=PUT_CALL_PARITY;OCT27=PUT_CALL_PARITY;SEP27=PUT_CALL_PARITY;AUG27=PUT_CALL_PARITY;MAR28=PUT_CALL_PARITY;DEC27=PUT_CALL_PARITY;DEC28=PUT_CALL_PARITY;SEP28=PUT_CALL_PARITY;DEC30=PUT_CALL_PARITY;JUN28=PUT_CALL_PARITY,OCT26=7852.6;NOV26=7852;FEB27=7923.875;MAR27=7994;DEC26=7923.25;JAN27=7924.5;APR27=8008.375;MAY27=8011.875;JUL27=8099.625;JUN27=8066.75;DEC29=8852.375;SEP27=8159.875;AUG27=8105.75;MAR28=8279;DEC27=8177.5;DEC28=8506.75;SEP28=6112.0875;DEC30=9361.5;JUN28=8372.5,OCT27=GLOBAL_REFERENCE_NO_OBSERVATION;SEP28=GLOBAL_REFERENCE_OUTLIER_SERIES_FORWARD_CLUSTER,WEIGHTED_ATM,2026-10-16,6,685,0.0,NONE,11274,10812,462,0,0,RTM,MDW;MMW;MRW;MTW,OK,NONE,NONE,2026-10-07
SPX,6840.0,-3922512.896076143,6.361176248798521,0.0,0.0,0.0,0.0,0.0,0.0,7906.272501294064,7798.927498705937,7959.945002588127,7745.254997411874,DEC26,OCT26,2026-10-08,2026-12-18,7852.6,7825.767905144304,FOUND,DEGRADED,SPOT_MONTH_FALLBACK;UNKNOWN_SERIES;ESTIMATED_EXPIRY_ALIAS,2026-08-02.2,PUT_CALL_PARITY,OCT26,OCT26=PUT_CALL_PARITY;NOV26=PUT_CALL_PARITY;FEB27=PUT_CALL_PARITY;MAR27=PUT_CALL_PARITY;DEC26=PUT_CALL_PARITY;JAN27=PUT_CALL_PARITY;APR27=PUT_CALL_PARITY;MAY27=PUT_CALL_PARITY;JUL27=PUT_CALL_PARITY;JUN27=PUT_CALL_PARITY;DEC29=PUT_CALL_PARITY;OCT27=PUT_CALL_PARITY;SEP27=PUT_CALL_PARITY;AUG27=PUT_CALL_PARITY;MAR28=PUT_CALL_PARITY;DEC27=PUT_CALL_PARITY;DEC28=PUT_CALL_PARITY;SEP28=PUT_CALL_PARITY;DEC30=PUT_CALL_PARITY;JUN28=PUT_CALL_PARITY,OCT26=7852.6;NOV26=7852;FEB27=7923.875;MAR27=7994;DEC26=7923.25;JAN27=7924.5;APR27=8008.375;MAY27=8011.875;JUL27=8099.625;JUN27=8066.75;DEC29=8852.375;SEP27=8159.875;AUG27=8105.75;MAR28=8279;DEC27=8177.5;DEC28=8506.75;SEP28=6112.0875;DEC30=9361.5;JUN28=8372.5,OCT27=GLOBAL_REFERENCE_NO_OBSERVATION;SEP28=GLOBAL_REFERENCE_OUTLIER_SERIES_FORWARD_CLUSTER,WEIGHTED_ATM,2026-10-16,6,685,0.0,NONE,11274,10812,462,0,0,RTM,MDW;MMW;MRW;MTW,OK,NONE,NONE,2026-10-07
SPX,6850.0,-80342173.76948445,135.1024724115657,0.0,0.0,0.0,0.0,0.0,0.0,7906.272501294064,7798.927498705937,7959.945002588127,7745.254997411874,DEC26,OCT26,2026-10-08,2026-12-18,7852.6,7825.767905144304,FOUND,DEGRADED,SPOT_MONTH_FALLBACK;UNKNOWN_SERIES;ESTIMATED_EXPIRY_ALIAS,2026-08-02.2,PUT_CALL_PARITY,OCT26,OCT26=PUT_CALL_PARITY;NOV26=PUT_CALL_PARITY;FEB27=PUT_CALL_PARITY;MAR27=PUT_CALL_PARITY;DEC26=PUT_CALL_PARITY;JAN27=PUT_CALL_PARITY;APR27=PUT_CALL_PARITY;MAY27=PUT_CALL_PARITY;JUL27=PUT_CALL_PARITY;JUN27=PUT_CALL_PARITY;DEC29=PUT_CALL_PARITY;OCT27=PUT_CALL_PARITY;SEP27=PUT_CALL_PARITY;AUG27=PUT_CALL_PARITY;MAR28=PUT_CALL_PARITY;DEC27=PUT_CALL_PARITY;DEC28=PUT_CALL_PARITY;SEP28=PUT_CALL_PARITY;DEC30=PUT_CALL_PARITY;JUN28=PUT_CALL_PARITY,OCT26=7852.6;NOV26=7852;FEB27=7923.875;MAR27=7994;DEC26=7923.25;JAN27=7924.5;APR27=8008.375;MAY27=8011.875;JUL27=8099.625;JUN27=8066.75;DEC29=8852.375;SEP27=8159.875;AUG27=8105.75;MAR28=8279;DEC27=8177.5;DEC28=8506.75;SEP28=6112.0875;DEC30=9361.5;JUN28=8372.5,OCT27=GLOBAL_REFERENCE_NO_OBSERVATION;SEP28=GLOBAL_REFERENCE_OUTLIER_SERIES_FORWARD_CLUSTER,WEIGHTED_ATM,2026-10-16,6,685,0.0,NONE,11274,10812,462,0,0,RTM,MDW;MMW;MRW;MTW,OK,NONE,NONE,2026-10-07
SPX,6860.0,-967485.8044272207,1.5689808760931352,0.0,0.0,0.0,0.0,0.0,0.0,7906.272501294064,7798.927498705937,7959.945002588127,7745.254997411874,DEC26,OCT26,2026-10-08,2026-12-18,7852.6,7825.767905144304,FOUND,DEGRADED,SPOT_MONTH_FALLBACK;UNKNOWN_SERIES;ESTIMATED_EXPIRY_ALIAS,2026-08-02.2,PUT_CALL_PARITY,OCT26,OCT26=PUT_CALL_PARITY;NOV26=PUT_CALL_PARITY;FEB27=PUT_CALL_PARITY;MAR27=PUT_CALL_PARITY;DEC26=PUT_CALL_PARITY;JAN27=PUT_CALL_PARITY;APR27=PUT_CALL_PARITY;MAY27=PUT_CALL_PARITY;JUL27=PUT_CALL_PARITY;JUN27=PUT_CALL_PARITY;DEC29=PUT_CALL_PARITY;OCT27=PUT_CALL_PARITY;SEP27=PUT_CALL_PARITY;AUG27=PUT_CALL_PARITY;MAR28=PUT_CALL_PARITY;DEC27=PUT_CALL_PARITY;DEC28=PUT_CALL_PARITY;SEP28=PUT_CALL_PARITY;DEC30=PUT_CALL_PARITY;JUN28=PUT_CALL_PARITY,OCT26=7852.6;NOV26=7852;FEB27=7923.875;MAR27=7994;DEC26=7923.25;JAN27=7924.5;APR27=8008.375;MAY27=8011.875;JUL27=8099.625;JUN27=8066.75;DEC29=8852.375;SEP27=8159.875;AUG27=8105.75;MAR28=8279;DEC27=8177.5;DEC28=8506.75;SEP28=6112.0875;DEC30=9361.5;JUN28=8372.5,OCT27=GLOBAL_REFERENCE_NO_OBSERVATION;SEP28=GLOBAL_REFERENCE_OUTLIER_SERIES_FORWARD_CLUSTER,WEIGHTED_ATM,2026-10-16,6,685,0.0,NONE,11274,10812,462,0,0,RTM,MDW;MMW;MRW;MTW,OK,NONE,NONE,2026-10-07
SPX,6870.0,-1414343.4433189018,2.293654133880372,0.0,0.0,0.0,0.0,0.0,0.0,7906.272501294064,7798.927498705937,7959.945002588127,7745.254997411874,DEC26,OCT26,2026-10-08,2026-12-18,7852.6,7825.767905144304,FOUND,DEGRADED,SPOT_MONTH_FALLBACK;UNKNOWN_SERIES;ESTIMATED_EXPIRY_ALIAS,2026-08-02.2,PUT_CALL_PARITY,OCT26,OCT26=PUT_CALL_PARITY;NOV26=PUT_CALL_PARITY;FEB27=PUT_CALL_PARITY;MAR27=PUT_CALL_PARITY;DEC26=PUT_CALL_PARITY;JAN27=PUT_CALL_PARITY;APR27=PUT_CALL_PARITY;MAY27=PUT_CALL_PARITY;JUL27=PUT_CALL_PARITY;JUN27=PUT_CALL_PARITY;DEC29=PUT_CALL_PARITY;OCT27=PUT_CALL_PARITY;SEP27=PUT_CALL_PARITY;AUG27=PUT_CALL_PARITY;MAR28=PUT_CALL_PARITY;DEC27=PUT_CALL_PARITY;DEC28=PUT_CALL_PARITY;SEP28=PUT_CALL_PARITY;DEC30=PUT_CALL_PARITY;JUN28=PUT_CALL_PARITY,OCT26=7852.6;NOV26=7852;FEB27=7923.875;MAR27=7994;DEC26=7923.25;JAN27=7924.5;APR27=8008.375;MAY27=8011.875;JUL27=8099.625;JUN27=8066.75;DEC29=8852.375;SEP27=8159.875;AUG27=8105.75;MAR28=8279;DEC27=8177.5;DEC28=8506.75;SEP28=6112.0875;DEC30=9361.5;JUN28=8372.5,OCT27=GLOBAL_REFERENCE_NO_OBSERVATION;SEP28=GLOBAL_REFERENCE_OUTLIER_SERIES_FORWARD_CLUSTER,WEIGHTED_ATM,2026-10-16,6,685,0.0,NONE,11274,10812,462,0,0,RTM,MDW;MMW;MRW;MTW,OK,NONE,NONE,2026-10-07
SPX,6875.0,-6583822.390058139,10.64247766875508,0.0,0.0,0.0,0.0,0.0,0.0,7906.272501294064,7798.927498705937,7959.945002588127,7745.254997411874,DEC26,OCT26,2026-10-08,2026-12-18,7852.6,7825.767905144304,FOUND,DEGRADED,SPOT_MONTH_FALLBACK;UNKNOWN_SERIES;ESTIMATED_EXPIRY_ALIAS,2026-08-02.2,PUT_CALL_PARITY,OCT26,OCT26=PUT_CALL_PARITY;NOV26=PUT_CALL_PARITY;FEB27=PUT_CALL_PARITY;MAR27=PUT_CALL_PARITY;DEC26=PUT_CALL_PARITY;JAN27=PUT_CALL_PARITY;APR27=PUT_CALL_PARITY;MAY27=PUT_CALL_PARITY;JUL27=PUT_CALL_PARITY;JUN27=PUT_CALL_PARITY;DEC29=PUT_CALL_PARITY;OCT27=PUT_CALL_PARITY;SEP27=PUT_CALL_PARITY;AUG27=PUT_CALL_PARITY;MAR28=PUT_CALL_PARITY;DEC27=PUT_CALL_PARITY;DEC28=PUT_CALL_PARITY;SEP28=PUT_CALL_PARITY;DEC30=PUT_CALL_PARITY;JUN28=PUT_CALL_PARITY,OCT26=7852.6;NOV26=7852;FEB27=7923.875;MAR27=7994;DEC26=7923.25;JAN27=7924.5;APR27=8008.375;MAY27=8011.875;JUL27=8099.625;JUN27=8066.75;DEC29=8852.375;SEP27=8159.875;AUG27=8105.75;MAR28=8279;DEC27=8177.5;DEC28=8506.75;SEP28=6112.0875;DEC30=9361.5;JUN28=8372.5,OCT27=GLOBAL_REFERENCE_NO_OBSERVATION;SEP28=GLOBAL_REFERENCE_OUTLIER_SERIES_FORWARD_CLUSTER,WEIGHTED_ATM,2026-10-16,6,685,0.0,NONE,11274,10812,462,0,0,RTM,MDW;MMW;MRW;MTW,OK,NONE,NONE,2026-10-07
SPX,6880.0,-1511481.160821754,2.4511832887391782,0.0,0.0,0.0,0.0,0.0,0.0,7906.272501294064,7798.927498705937,7959.945002588127,7745.254997411874,DEC26,OCT26,2026-10-08,2026-12-18,7852.6,7825.767905144304,FOUND,DEGRADED,SPOT_MONTH_FALLBACK;UNKNOWN_SERIES;ESTIMATED_EXPIRY_ALIAS,2026-08-02.2,PUT_CALL_PARITY,OCT26,OCT26=PUT_CALL_PARITY;NOV26=PUT_CALL_PARITY;FEB27=PUT_CALL_PARITY;MAR27=PUT_CALL_PARITY;DEC26=PUT_CALL_PARITY;JAN27=PUT_CALL_PARITY;APR27=PUT_CALL_PARITY;MAY27=PUT_CALL_PARITY;JUL27=PUT_CALL_PARITY;JUN27=PUT_CALL_PARITY;DEC29=PUT_CALL_PARITY;OCT27=PUT_CALL_PARITY;SEP27=PUT_CALL_PARITY;AUG27=PUT_CALL_PARITY;MAR28=PUT_CALL_PARITY;DEC27=PUT_CALL_PARITY;DEC28=PUT_CALL_PARITY;SEP28=PUT_CALL_PARITY;DEC30=PUT_CALL_PARITY;JUN28=PUT_CALL_PARITY,OCT26=7852.6;NOV26=7852;FEB27=7923.875;MAR27=7994;DEC26=7923.25;JAN27=7924.5;APR27=8008.375;MAY27=8011.875;JUL27=8099.625;JUN27=8066.75;DEC29=8852.375;SEP27=8159.875;AUG27=8105.75;MAR28=8279;DEC27=8177.5;DEC28=8506.75;SEP28=6112.0875;DEC30=9361.5;JUN28=8372.5,OCT27=GLOBAL_REFERENCE_NO_OBSERVATION;SEP28=GLOBAL_REFERENCE_OUTLIER_SERIES_FORWARD_CLUSTER,WEIGHTED_ATM,2026-10-16,6,685,0.0,NONE,11274,10812,462,0,0,RTM,MDW;MMW;MRW;MTW,OK,NONE,NONE,2026-10-07
SPX,6890.0,-1310810.0062250101,2.1257529800927175,0.0,0.0,0.0,0.0,0.0,0.0,7906.272501294064,7798.927498705937,7959.945002588127,7745.254997411874,DEC26,OCT26,2026-10-08,2026-12-18,7852.6,7825.767905144304,FOUND,DEGRADED,SPOT_MONTH_FALLBACK;UNKNOWN_SERIES;ESTIMATED_EXPIRY_ALIAS,2026-08-02.2,PUT_CALL_PARITY,OCT26,OCT26=PUT_CALL_PARITY;NOV26=PUT_CALL_PARITY;FEB27=PUT_CALL_PARITY;MAR27=PUT_CALL_PARITY;DEC26=PUT_CALL_PARITY;JAN27=PUT_CALL_PARITY;APR27=PUT_CALL_PARITY;MAY27=PUT_CALL_PARITY;JUL27=PUT_CALL_PARITY;JUN27=PUT_CALL_PARITY;DEC29=PUT_CALL_PARITY;OCT27=PUT_CALL_PARITY;SEP27=PUT_CALL_PARITY;AUG27=PUT_CALL_PARITY;MAR28=PUT_CALL_PARITY;DEC27=PUT_CALL_PARITY;DEC28=PUT_CALL_PARITY;SEP28=PUT_CALL_PARITY;DEC30=PUT_CALL_PARITY;JUN28=PUT_CALL_PARITY,OCT26=7852.6;NOV26=7852;FEB27=7923.875;MAR27=7994;DEC26=7923.25;JAN27=7924.5;APR27=8008.375;MAY27=8011.875;JUL27=8099.625;JUN27=8066.75;DEC29=8852.375;SEP27=8159.875;AUG27=8105.75;MAR28=8279;DEC27=8177.5;DEC28=8506.75;SEP28=6112.0875;DEC30=9361.5;JUN28=8372.5,OCT27=GLOBAL_REFERENCE_NO_OBSERVATION;SEP28=GLOBAL_REFERENCE_OUTLIER_SERIES_FORWARD_CLUSTER,WEIGHTED_ATM,2026-10-16,6,685,0.0,NONE,11274,10812,462,0,0,RTM,MDW;MMW;MRW;MTW,OK,NONE,NONE,2026-10-07
SPX,6900.0,-166936927.40873992,307.5247657863372,0.0,0.0,0.0,0.0,0.0,0.0,7906.272501294064,7798.927498705937,7959.945002588127,7745.254997411874,DEC26,OCT26,2026-10-08,2026-12-18,7852.6,7825.767905144304,FOUND,DEGRADED,SPOT_MONTH_FALLBACK;UNKNOWN_SERIES;ESTIMATED_EXPIRY_ALIAS,2026-08-02.2,PUT_CALL_PARITY,OCT26,OCT26=PUT_CALL_PARITY;NOV26=PUT_CALL_PARITY;FEB27=PUT_CALL_PARITY;MAR27=PUT_CALL_PARITY;DEC26=PUT_CALL_PARITY;JAN27=PUT_CALL_PARITY;APR27=PUT_CALL_PARITY;MAY27=PUT_CALL_PARITY;JUL27=PUT_CALL_PARITY;JUN27=PUT_CALL_PARITY;DEC29=PUT_CALL_PARITY;OCT27=PUT_CALL_PARITY;SEP27=PUT_CALL_PARITY;AUG27=PUT_CALL_PARITY;MAR28=PUT_CALL_PARITY;DEC27=PUT_CALL_PARITY;DEC28=PUT_CALL_PARITY;SEP28=PUT_CALL_PARITY;DEC30=PUT_CALL_PARITY;JUN28=PUT_CALL_PARITY,OCT26=7852.6;NOV26=7852;FEB27=7923.875;MAR27=7994;DEC26=7923.25;JAN27=7924.5;APR27=8008.375;MAY27=8011.875;JUL27=8099.625;JUN27=8066.75;DEC29=8852.375;SEP27=8159.875;AUG27=8105.75;MAR28=8279;DEC27=8177.5;DEC28=8506.75;SEP28=6112.0875;DEC30=9361.5;JUN28=8372.5,OCT27=GLOBAL_REFERENCE_NO_OBSERVATION;SEP28=GLOBAL_REFERENCE_OUTLIER_SERIES_FORWARD_CLUSTER,WEIGHTED_ATM,2026-10-16,6,685,0.0,NONE,11274,10812,462,0,0,RTM,MDW;MMW;MRW;MTW,OK,NONE,NONE,2026-10-07
SPX,6910.0,-5737639.937546021,9.304784932991865,0.0,0.0,0.0,0.0,0.0,0.0,7906.272501294064,7798.927498705937,7959.945002588127,7745.254997411874,DEC26,OCT26,2026-10-08,2026-12-18,7852.6,7825.767905144304,FOUND,DEGRADED,SPOT_MONTH_FALLBACK;UNKNOWN_SERIES;ESTIMATED_EXPIRY_ALIAS,2026-08-02.2,PUT_CALL_PARITY,OCT26,OCT26=PUT_CALL_PARITY;NOV26=PUT_CALL_PARITY;FEB27=PUT_CALL_PARITY;MAR27=PUT_CALL_PARITY;DEC26=PUT_CALL_PARITY;JAN27=PUT_CALL_PARITY;APR27=PUT_CALL_PARITY;MAY27=PUT_CALL_PARITY;JUL27=PUT_CALL_PARITY;JUN27=PUT_CALL_PARITY;DEC29=PUT_CALL_PARITY;OCT27=PUT_CALL_PARITY;SEP27=PUT_CALL_PARITY;AUG27=PUT_CALL_PARITY;MAR28=PUT_CALL_PARITY;DEC27=PUT_CALL_PARITY;DEC28=PUT_CALL_PARITY;SEP28=PUT_CALL_PARITY;DEC30=PUT_CALL_PARITY;JUN28=PUT_CALL_PARITY,OCT26=7852.6;NOV26=7852;FEB27=7923.875;MAR27=7994;DEC26=7923.25;JAN27=7924.5;APR27=8008.375;MAY27=8011.875;JUL27=8099.625;JUN27=8066.75;DEC29=8852.375;SEP27=8159.875;AUG27=8105.75;MAR28=8279;DEC27=8177.5;DEC28=8506.75;SEP28=6112.0875;DEC30=9361.5;JUN28=8372.5,OCT27=GLOBAL_REFERENCE_NO_OBSERVATION;SEP28=GLOBAL_REFERENCE_OUTLIER_SERIES_FORWARD_CLUSTER,WEIGHTED_ATM,2026-10-16,6,685,0.0,NONE,11274,10812,462,0,0,RTM,MDW;MMW;MRW;MTW,OK,NONE,NONE,2026-10-07
SPX,6920.0,-2548889.7563145235,4.133558616185376,0.0,0.0,0.0,0.0,0.0,0.0,7906.272501294064,7798.927498705937,7959.945002588127,7745.254997411874,DEC26,OCT26,2026-10-08,2026-12-18,7852.6,7825.767905144304,FOUND,DEGRADED,SPOT_MONTH_FALLBACK;UNKNOWN_SERIES;ESTIMATED_EXPIRY_ALIAS,2026-08-02.2,PUT_CALL_PARITY,OCT26,OCT26=PUT_CALL_PARITY;NOV26=PUT_CALL_PARITY;FEB27=PUT_CALL_PARITY;MAR27=PUT_CALL_PARITY;DEC26=PUT_CALL_PARITY;JAN27=PUT_CALL_PARITY;APR27=PUT_CALL_PARITY;MAY27=PUT_CALL_PARITY;JUL27=PUT_CALL_PARITY;JUN27=PUT_CALL_PARITY;DEC29=PUT_CALL_PARITY;OCT27=PUT_CALL_PARITY;SEP27=PUT_CALL_PARITY;AUG27=PUT_CALL_PARITY;MAR28=PUT_CALL_PARITY;DEC27=PUT_CALL_PARITY;DEC28=PUT_CALL_PARITY;SEP28=PUT_CALL_PARITY;DEC30=PUT_CALL_PARITY;JUN28=PUT_CALL_PARITY,OCT26=7852.6;NOV26=7852;FEB27=7923.875;MAR27=7994;DEC26=7923.25;JAN27=7924.5;APR27=8008.375;MAY27=8011.875;JUL27=8099.625;JUN27=8066.75;DEC29=8852.375;SEP27=8159.875;AUG27=8105.75;MAR28=8279;DEC27=8177.5;DEC28=8506.75;SEP28=6112.0875;DEC30=9361.5;JUN28=8372.5,OCT27=GLOBAL_REFERENCE_NO_OBSERVATION;SEP28=GLOBAL_REFERENCE_OUTLIER_SERIES_FORWARD_CLUSTER,WEIGHTED_ATM,2026-10-16,6,685,0.0,NONE,11274,10812,462,0,0,RTM,MDW;MMW;MRW;MTW,OK,NONE,NONE,2026-10-07
SPX,6925.0,-21527348.787311807,34.87329843607304,0.0,0.0,0.0,0.0,0.0,0.0,7906.272501294064,7798.927498705937,7959.945002588127,7745.254997411874,DEC26,OCT26,2026-10-08,2026-12-18,7852.6,7825.767905144304,FOUND,DEGRADED,SPOT_MONTH_FALLBACK;UNKNOWN_SERIES;ESTIMATED_EXPIRY_ALIAS,2026-08-02.2,PUT_CALL_PARITY,OCT26,OCT26=PUT_CALL_PARITY;NOV26=PUT_CALL_PARITY;FEB27=PUT_CALL_PARITY;MAR27=PUT_CALL_PARITY;DEC26=PUT_CALL_PARITY;JAN27=PUT_CALL_PARITY;APR27=PUT_CALL_PARITY;MAY27=PUT_CALL_PARITY;JUL27=PUT_CALL_PARITY;JUN27=PUT_CALL_PARITY;DEC29=PUT_CALL_PARITY;OCT27=PUT_CALL_PARITY;SEP27=PUT_CALL_PARITY;AUG27=PUT_CALL_PARITY;MAR28=PUT_CALL_PARITY;DEC27=PUT_CALL_PARITY;DEC28=PUT_CALL_PARITY;SEP28=PUT_CALL_PARITY;DEC30=PUT_CALL_PARITY;JUN28=PUT_CALL_PARITY,OCT26=7852.6;NOV26=7852;FEB27=7923.875;MAR27=7994;DEC26=7923.25;JAN27=7924.5;APR27=8008.375;MAY27=8011.875;JUL27=8099.625;JUN27=8066.75;DEC29=8852.375;SEP27=8159.875;AUG27=8105.75;MAR28=8279;DEC27=8177.5;DEC28=8506.75;SEP28=6112.0875;DEC30=9361.5;JUN28=8372.5,OCT27=GLOBAL_REFERENCE_NO_OBSERVATION;SEP28=GLOBAL_REFERENCE_OUTLIER_SERIES_FORWARD_CLUSTER,WEIGHTED_ATM,2026-10-16,6,685,0.0,NONE,11274,10812,462,0,0,RTM,MDW;MMW;MRW;MTW,OK,NONE,NONE,2026-10-07
SPX,6930.0,-1005256.8517841456,1.6302345406966259,0.0,0.0,0.0,0.0,0.0,0.0,7906.272501294064,7798.927498705937,7959.945002588127,7745.254997411874,DEC26,OCT26,2026-10-08,2026-12-18,7852.6,7825.767905144304,FOUND,DEGRADED,SPOT_MONTH_FALLBACK;UNKNOWN_SERIES;ESTIMATED_EXPIRY_ALIAS,2026-08-02.2,PUT_CALL_PARITY,OCT26,OCT26=PUT_CALL_PARITY;NOV26=PUT_CALL_PARITY;FEB27=PUT_CALL_PARITY;MAR27=PUT_CALL_PARITY;DEC26=PUT_CALL_PARITY;JAN27=PUT_CALL_PARITY;APR27=PUT_CALL_PARITY;MAY27=PUT_CALL_PARITY;JUL27=PUT_CALL_PARITY;JUN27=PUT_CALL_PARITY;DEC29=PUT_CALL_PARITY;OCT27=PUT_CALL_PARITY;SEP27=PUT_CALL_PARITY;AUG27=PUT_CALL_PARITY;MAR28=PUT_CALL_PARITY;DEC27=PUT_CALL_PARITY;DEC28=PUT_CALL_PARITY;SEP28=PUT_CALL_PARITY;DEC30=PUT_CALL_PARITY;JUN28=PUT_CALL_PARITY,OCT26=7852.6;NOV26=7852;FEB27=7923.875;MAR27=7994;DEC26=7923.25;JAN27=7924.5;APR27=8008.375;MAY27=8011.875;JUL27=8099.625;JUN27=8066.75;DEC29=8852.375;SEP27=8159.875;AUG27=8105.75;MAR28=8279;DEC27=8177.5;DEC28=8506.75;SEP28=6112.0875;DEC30=9361.5;JUN28=8372.5,OCT27=GLOBAL_REFERENCE_NO_OBSERVATION;SEP28=GLOBAL_REFERENCE_OUTLIER_SERIES_FORWARD_CLUSTER,WEIGHTED_ATM,2026-10-16,6,685,0.0,NONE,11274,10812,462,0,0,RTM,MDW;MMW;MRW;MTW,OK,NONE,NONE,2026-10-07
SPX,6940.0,-1406685.6905642336,2.2812354838382283,0.0,0.0,0.0,0.0,0.0,0.0,7906.272501294064,7798.927498705937,7959.945002588127,7745.254997411874,DEC26,OCT26,2026-10-08,2026-12-18,7852.6,7825.767905144304,FOUND,DEGRADED,SPOT_MONTH_FALLBACK;UNKNOWN_SERIES;ESTIMATED_EXPIRY_ALIAS,2026-08-02.2,PUT_CALL_PARITY,OCT26,OCT26=PUT_CALL_PARITY;NOV26=PUT_CALL_PARITY;FEB27=PUT_CALL_PARITY;MAR27=PUT_CALL_PARITY;DEC26=PUT_CALL_PARITY;JAN27=PUT_CALL_PARITY;APR27=PUT_CALL_PARITY;MAY27=PUT_CALL_PARITY;JUL27=PUT_CALL_PARITY;JUN27=PUT_CALL_PARITY;DEC29=PUT_CALL_PARITY;OCT27=PUT_CALL_PARITY;SEP27=PUT_CALL_PARITY;AUG27=PUT_CALL_PARITY;MAR28=PUT_CALL_PARITY;DEC27=PUT_CALL_PARITY;DEC28=PUT_CALL_PARITY;SEP28=PUT_CALL_PARITY;DEC30=PUT_CALL_PARITY;JUN28=PUT_CALL_PARITY,OCT26=7852.6;NOV26=7852;FEB27=7923.875;MAR27=7994;DEC26=7923.25;JAN27=7924.5;APR27=8008.375;MAY27=8011.875;JUL27=8099.625;JUN27=8066.75;DEC29=8852.375;SEP27=8159.875;AUG27=8105.75;MAR28=8279;DEC27=8177.5;DEC28=8506.75;SEP28=6112.0875;DEC30=9361.5;JUN28=8372.5,OCT27=GLOBAL_REFERENCE_NO_OBSERVATION;SEP28=GLOBAL_REFERENCE_OUTLIER_SERIES_FORWARD_CLUSTER,WEIGHTED_ATM,2026-10-16,6,685,0.0,NONE,11274,10812,462,0,0,RTM,MDW;MMW;MRW;MTW,OK,NONE,NONE,2026-10-07
SPX,6950.0,-95507410.0331543,171.88633664743213,0.0,0.0,0.0,0.0,0.0,0.0,7906.272501294064,7798.927498705937,7959.945002588127,7745.254997411874,DEC26,OCT26,2026-10-08,2026-12-18,7852.6,7825.767905144304,FOUND,DEGRADED,SPOT_MONTH_FALLBACK;UNKNOWN_SERIES;ESTIMATED_EXPIRY_ALIAS,2026-08-02.2,PUT_CALL_PARITY,OCT26,OCT26=PUT_CALL_PARITY;NOV26=PUT_CALL_PARITY;FEB27=PUT_CALL_PARITY;MAR27=PUT_CALL_PARITY;DEC26=PUT_CALL_PARITY;JAN27=PUT_CALL_PARITY;APR27=PUT_CALL_PARITY;MAY27=PUT_CALL_PARITY;JUL27=PUT_CALL_PARITY;JUN27=PUT_CALL_PARITY;DEC29=PUT_CALL_PARITY;OCT27=PUT_CALL_PARITY;SEP27=PUT_CALL_PARITY;AUG27=PUT_CALL_PARITY;MAR28=PUT_CALL_PARITY;DEC27=PUT_CALL_PARITY;DEC28=PUT_CALL_PARITY;SEP28=PUT_CALL_PARITY;DEC30=PUT_CALL_PARITY;JUN28=PUT_CALL_PARITY,OCT26=7852.6;NOV26=7852;FEB27=7923.875;MAR27=7994;DEC26=7923.25;JAN27=7924.5;APR27=8008.375;MAY27=8011.875;JUL27=8099.625;JUN27=8066.75;DEC29=8852.375;SEP27=8159.875;AUG27=8105.75;MAR28=8279;DEC27=8177.5;DEC28=8506.75;SEP28=6112.0875;DEC30=9361.5;JUN28=8372.5,OCT27=GLOBAL_REFERENCE_NO_OBSERVATION;SEP28=GLOBAL_REFERENCE_OUTLIER_SERIES_FORWARD_CLUSTER,WEIGHTED_ATM,2026-10-16,6,685,0.0,NONE,11274,10812,462,0,0,RTM,MDW;MMW;MRW;MTW,OK,NONE,NONE,2026-10-07
SPX,6955.0,-3689.9696461036324,0.0059840586617478046,0.0,0.0,0.0,0.0,0.0,0.0,7906.272501294064,7798.927498705937,7959.945002588127,7745.254997411874,DEC26,OCT26,2026-10-08,2026-12-18,7852.6,7825.767905144304,FOUND,DEGRADED,SPOT_MONTH_FALLBACK;UNKNOWN_SERIES;ESTIMATED_EXPIRY_ALIAS,2026-08-02.2,PUT_CALL_PARITY,OCT26,OCT26=PUT_CALL_PARITY;NOV26=PUT_CALL_PARITY;FEB27=PUT_CALL_PARITY;MAR27=PUT_CALL_PARITY;DEC26=PUT_CALL_PARITY;JAN27=PUT_CALL_PARITY;APR27=PUT_CALL_PARITY;MAY27=PUT_CALL_PARITY;JUL27=PUT_CALL_PARITY;JUN27=PUT_CALL_PARITY;DEC29=PUT_CALL_PARITY;OCT27=PUT_CALL_PARITY;SEP27=PUT_CALL_PARITY;AUG27=PUT_CALL_PARITY;MAR28=PUT_CALL_PARITY;DEC27=PUT_CALL_PARITY;DEC28=PUT_CALL_PARITY;SEP28=PUT_CALL_PARITY;DEC30=PUT_CALL_PARITY;JUN28=PUT_CALL_PARITY,OCT26=7852.6;NOV26=7852;FEB27=7923.875;MAR27=7994;DEC26=7923.25;JAN27=7924.5;APR27=8008.375;MAY27=8011.875;JUL27=8099.625;JUN27=8066.75;DEC29=8852.375;SEP27=8159.875;AUG27=8105.75;MAR28=8279;DEC27=8177.5;DEC28=8506.75;SEP28=6112.0875;DEC30=9361.5;JUN28=8372.5,OCT27=GLOBAL_REFERENCE_NO_OBSERVATION;SEP28=GLOBAL_REFERENCE_OUTLIER_SERIES_FORWARD_CLUSTER,WEIGHTED_ATM,2026-10-16,6,685,0.0,NONE,11274,10812,462,0,0,RTM,MDW;MMW;MRW;MTW,OK,NONE,NONE,2026-10-07
SPX,6960.0,-933349.7588940278,1.513622128314161,0.0,0.0,0.0,0.0,0.0,0.0,7906.272501294064,7798.927498705937,7959.945002588127,7745.254997411874,DEC26,OCT26,2026-10-08,2026-12-18,7852.6,7825.767905144304,FOUND,DEGRADED,SPOT_MONTH_FALLBACK;UNKNOWN_SERIES;ESTIMATED_EXPIRY_ALIAS,2026-08-02.2,PUT_CALL_PARITY,OCT26,OCT26=PUT_CALL_PARITY;NOV26=PUT_CALL_PARITY;FEB27=PUT_CALL_PARITY;MAR27=PUT_CALL_PARITY;DEC26=PUT_CALL_PARITY;JAN27=PUT_CALL_PARITY;APR27=PUT_CALL_PARITY;MAY27=PUT_CALL_PARITY;JUL27=PUT_CALL_PARITY;JUN27=PUT_CALL_PARITY;DEC29=PUT_CALL_PARITY;OCT27=PUT_CALL_PARITY;SEP27=PUT_CALL_PARITY;AUG27=PUT_CALL_PARITY;MAR28=PUT_CALL_PARITY;DEC27=PUT_CALL_PARITY;DEC28=PUT_CALL_PARITY;SEP28=PUT_CALL_PARITY;DEC30=PUT_CALL_PARITY;JUN28=PUT_CALL_PARITY,OCT26=7852.6;NOV26=7852;FEB27=7923.875;MAR27=7994;DEC26=7923.25;JAN27=7924.5;APR27=8008.375;MAY27=8011.875;JUL27=8099.625;JUN27=8066.75;DEC29=8852.375;SEP27=8159.875;AUG27=8105.75;MAR28=8279;DEC27=8177.5;DEC28=8506.75;SEP28=6112.0875;DEC30=9361.5;JUN28=8372.5,OCT27=GLOBAL_REFERENCE_NO_OBSERVATION;SEP28=GLOBAL_REFERENCE_OUTLIER_SERIES_FORWARD_CLUSTER,WEIGHTED_ATM,2026-10-16,6,685,0.0,NONE,11274,10812,462,0,0,RTM,MDW;MMW;MRW;MTW,OK,NONE,NONE,2026-10-07
SPX,6965.0,-9415.050260332107,0.015268476021374015,0.0,0.0,0.0,0.0,0.0,0.0,7906.272501294064,7798.927498705937,7959.945002588127,7745.254997411874,DEC26,OCT26,2026-10-08,2026-12-18,7852.6,7825.767905144304,FOUND,DEGRADED,SPOT_MONTH_FALLBACK;UNKNOWN_SERIES;ESTIMATED_EXPIRY_ALIAS,2026-08-02.2,PUT_CALL_PARITY,OCT26,OCT26=PUT_CALL_PARITY;NOV26=PUT_CALL_PARITY;FEB27=PUT_CALL_PARITY;MAR27=PUT_CALL_PARITY;DEC26=PUT_CALL_PARITY;JAN27=PUT_CALL_PARITY;APR27=PUT_CALL_PARITY;MAY27=PUT_CALL_PARITY;JUL27=PUT_CALL_PARITY;JUN27=PUT_CALL_PARITY;DEC29=PUT_CALL_PARITY;OCT27=PUT_CALL_PARITY;SEP27=PUT_CALL_PARITY;AUG27=PUT_CALL_PARITY;MAR28=PUT_CALL_PARITY;DEC27=PUT_CALL_PARITY;DEC28=PUT_CALL_PARITY;SEP28=PUT_CALL_PARITY;DEC30=PUT_CALL_PARITY;JUN28=PUT_CALL_PARITY,OCT26=7852.6;NOV26=7852;FEB27=7923.875;MAR27=7994;DEC26=7923.25;JAN27=7924.5;APR27=8008.375;MAY27=8011.875;JUL27=8099.625;JUN27=8066.75;DEC29=8852.375;SEP27=8159.875;AUG27=8105.75;MAR28=8279;DEC27=8177.5;DEC28=8506.75;SEP28=6112.0875;DEC30=9361.5;JUN28=8372.5,OCT27=GLOBAL_REFERENCE_NO_OBSERVATION;SEP28=GLOBAL_REFERENCE_OUTLIER_SERIES_FORWARD_CLUSTER,WEIGHTED_ATM,2026-10-16,6,685,0.0,NONE,11274,10812,462,0,0,RTM,MDW;MMW;MRW;MTW,OK,NONE,NONE,2026-10-07
SPX,6970.0,-1633105.0057401226,2.648421827930781,0.0,0.0,0.0,0.0,0.0,0.0,7906.272501294064,7798.927498705937,7959.945002588127,7745.254997411874,DEC26,OCT26,2026-10-08,2026-12-18,7852.6,7825.767905144304,FOUND,DEGRADED,SPOT_MONTH_FALLBACK;UNKNOWN_SERIES;ESTIMATED_EXPIRY_ALIAS,2026-08-02.2,PUT_CALL_PARITY,OCT26,OCT26=PUT_CALL_PARITY;NOV26=PUT_CALL_PARITY;FEB27=PUT_CALL_PARITY;MAR27=PUT_CALL_PARITY;DEC26=PUT_CALL_PARITY;JAN27=PUT_CALL_PARITY;APR27=PUT_CALL_PARITY;MAY27=PUT_CALL_PARITY;JUL27=PUT_CALL_PARITY;JUN27=PUT_CALL_PARITY;DEC29=PUT_CALL_PARITY;OCT27=PUT_CALL_PARITY;SEP27=PUT_CALL_PARITY;AUG27=PUT_CALL_PARITY;MAR28=PUT_CALL_PARITY;DEC27=PUT_CALL_PARITY;DEC28=PUT_CALL_PARITY;SEP28=PUT_CALL_PARITY;DEC30=PUT_CALL_PARITY;JUN28=PUT_CALL_PARITY,OCT26=7852.6;NOV26=7852;FEB27=7923.875;MAR27=7994;DEC26=7923.25;JAN27=7924.5;APR27=8008.375;MAY27=8011.875;JUL27=8099.625;JUN27=8066.75;DEC29=8852.375;SEP27=8159.875;AUG27=8105.75;MAR28=8279;DEC27=8177.5;DEC28=8506.75;SEP28=6112.0875;DEC30=9361.5;JUN28=8372.5,OCT27=GLOBAL_REFERENCE_NO_OBSERVATION;SEP28=GLOBAL_REFERENCE_OUTLIER_SERIES_FORWARD_CLUSTER,WEIGHTED_ATM,2026-10-16,6,685,0.0,NONE,11274,10812,462,0,0,RTM,MDW;MMW;MRW;MTW,OK,NONE,NONE,2026-10-07
SPX,6975.0,-24001447.493147243,38.8910435309994,0.0,0.0,0.0,0.0,0.0,0.0,7906.272501294064,7798.927498705937,7959.945002588127,7745.254997411874,DEC26,OCT26,2026-10-08,2026-12-18,7852.6,7825.767905144304,FOUND,DEGRADED,SPOT_MONTH_FALLBACK;UNKNOWN_SERIES;ESTIMATED_EXPIRY_ALIAS,2026-08-02.2,PUT_CALL_PARITY,OCT26,OCT26=PUT_CALL_PARITY;NOV26=PUT_CALL_PARITY;FEB27=PUT_CALL_PARITY;MAR27=PUT_CALL_PARITY;DEC26=PUT_CALL_PARITY;JAN27=PUT_CALL_PARITY;APR27=PUT_CALL_PARITY;MAY27=PUT_CALL_PARITY;JUL27=PUT_CALL_PARITY;JUN27=PUT_CALL_PARITY;DEC29=PUT_CALL_PARITY;OCT27=PUT_CALL_PARITY;SEP27=PUT_CALL_PARITY;AUG27=PUT_CALL_PARITY;MAR28=PUT_CALL_PARITY;DEC27=PUT_CALL_PARITY;DEC28=PUT_CALL_PARITY;SEP28=PUT_CALL_PARITY;DEC30=PUT_CALL_PARITY;JUN28=PUT_CALL_PARITY,OCT26=7852.6;NOV26=7852;FEB27=7923.875;MAR27=7994;DEC26=7923.25;JAN27=7924.5;APR27=8008.375;MAY27=8011.875;JUL27=8099.625;JUN27=8066.75;DEC29=8852.375;SEP27=8159.875;AUG27=8105.75;MAR28=8279;DEC27=8177.5;DEC28=8506.75;SEP28=6112.0875;DEC30=9361.5;JUN28=8372.5,OCT27=GLOBAL_REFERENCE_NO_OBSERVATION;SEP28=GLOBAL_REFERENCE_OUTLIER_SERIES_FORWARD_CLUSTER,WEIGHTED_ATM,2026-10-16,6,685,0.0,NONE,11274,10812,462,0,0,RTM,MDW;MMW;MRW;MTW,OK,NONE,NONE,2026-10-07
SPX,6980.0,-757930.3903619307,1.2291428798706783,0.0,0.0,0.0,0.0,0.0,0.0,7906.272501294064,7798.927498705937,7959.945002588127,7745.254997411874,DEC26,OCT26,2026-10-08,2026-12-18,7852.6,7825.767905144304,FOUND,DEGRADED,SPOT_MONTH_FALLBACK;UNKNOWN_SERIES;ESTIMATED_EXPIRY_ALIAS,2026-08-02.2,PUT_CALL_PARITY,OCT26,OCT26=PUT_CALL_PARITY;NOV26=PUT_CALL_PARITY;FEB27=PUT_CALL_PARITY;MAR27=PUT_CALL_PARITY;DEC26=PUT_CALL_PARITY;JAN27=PUT_CALL_PARITY;APR27=PUT_CALL_PARITY;MAY27=PUT_CALL_PARITY;JUL27=PUT_CALL_PARITY;JUN27=PUT_CALL_PARITY;DEC29=PUT_CALL_PARITY;OCT27=PUT_CALL_PARITY;SEP27=PUT_CALL_PARITY;AUG27=PUT_CALL_PARITY;MAR28=PUT_CALL_PARITY;DEC27=PUT_CALL_PARITY;DEC28=PUT_CALL_PARITY;SEP28=PUT_CALL_PARITY;DEC30=PUT_CALL_PARITY;JUN28=PUT_CALL_PARITY,OCT26=7852.6;NOV26=7852;FEB27=7923.875;MAR27=7994;DEC26=7923.25;JAN27=7924.5;APR27=8008.375;MAY27=8011.875;JUL27=8099.625;JUN27=8066.75;DEC29=8852.375;SEP27=8159.875;AUG27=8105.75;MAR28=8279;DEC27=8177.5;DEC28=8506.75;SEP28=6112.0875;DEC30=9361.5;JUN28=8372.5,OCT27=GLOBAL_REFERENCE_NO_OBSERVATION;SEP28=GLOBAL_REFERENCE_OUTLIER_SERIES_FORWARD_CLUSTER,WEIGHTED_ATM,2026-10-16,6,685,0.0,NONE,11274,10812,462,0,0,RTM,MDW;MMW;MRW;MTW,OK,NONE,NONE,2026-10-07
SPX,6985.0,-49851.683786376634,0.08084494691699735,0.0,0.0,0.0,0.0,0.0,0.0,7906.272501294064,7798.927498705937,7959.945002588127,7745.254997411874,DEC26,OCT26,2026-10-08,2026-12-18,7852.6,7825.767905144304,FOUND,DEGRADED,SPOT_MONTH_FALLBACK;UNKNOWN_SERIES;ESTIMATED_EXPIRY_ALIAS,2026-08-02.2,PUT_CALL_PARITY,OCT26,OCT26=PUT_CALL_PARITY;NOV26=PUT_CALL_PARITY;FEB27=PUT_CALL_PARITY;MAR27=PUT_CALL_PARITY;DEC26=PUT_CALL_PARITY;JAN27=PUT_CALL_PARITY;APR27=PUT_CALL_PARITY;MAY27=PUT_CALL_PARITY;JUL27=PUT_CALL_PARITY;JUN27=PUT_CALL_PARITY;DEC29=PUT_CALL_PARITY;OCT27=PUT_CALL_PARITY;SEP27=PUT_CALL_PARITY;AUG27=PUT_CALL_PARITY;MAR28=PUT_CALL_PARITY;DEC27=PUT_CALL_PARITY;DEC28=PUT_CALL_PARITY;SEP28=PUT_CALL_PARITY;DEC30=PUT_CALL_PARITY;JUN28=PUT_CALL_PARITY,OCT26=7852.6;NOV26=7852;FEB27=7923.875;MAR27=7994;DEC26=7923.25;JAN27=7924.5;APR27=8008.375;MAY27=8011.875;JUL27=8099.625;JUN27=8066.75;DEC29=8852.375;SEP27=8159.875;AUG27=8105.75;MAR28=8279;DEC27=8177.5;DEC28=8506.75;SEP28=6112.0875;DEC30=9361.5;JUN28=8372.5,OCT27=GLOBAL_REFERENCE_NO_OBSERVATION;SEP28=GLOBAL_REFERENCE_OUTLIER_SERIES_FORWARD_CLUSTER,WEIGHTED_ATM,2026-10-16,6,685,0.0,NONE,11274,10812,462,0,0,RTM,MDW;MMW;MRW;MTW,OK,NONE,NONE,2026-10-07
SPX,6990.0,-1953713.977580534,3.168356428748305,0.0,0.0,0.0,0.0,0.0,0.0,7906.272501294064,7798.927498705937,7959.945002588127,7745.254997411874,DEC26,OCT26,2026-10-08,2026-12-18,7852.6,7825.767905144304,FOUND,DEGRADED,SPOT_MONTH_FALLBACK;UNKNOWN_SERIES;ESTIMATED_EXPIRY_ALIAS,2026-08-02.2,PUT_CALL_PARITY,OCT26,OCT26=PUT_CALL_PARITY;NOV26=PUT_CALL_PARITY;FEB27=PUT_CALL_PARITY;MAR27=PUT_CALL_PARITY;DEC26=PUT_CALL_PARITY;JAN27=PUT_CALL_PARITY;APR27=PUT_CALL_PARITY;MAY27=PUT_CALL_PARITY;JUL27=PUT_CALL_PARITY;JUN27=PUT_CALL_PARITY;DEC29=PUT_CALL_PARITY;OCT27=PUT_CALL_PARITY;SEP27=PUT_CALL_PARITY;AUG27=PUT_CALL_PARITY;MAR28=PUT_CALL_PARITY;DEC27=PUT_CALL_PARITY;DEC28=PUT_CALL_PARITY;SEP28=PUT_CALL_PARITY;DEC30=PUT_CALL_PARITY;JUN28=PUT_CALL_PARITY,OCT26=7852.6;NOV26=7852;FEB27=7923.875;MAR27=7994;DEC26=7923.25;JAN27=7924.5;APR27=8008.375;MAY27=8011.875;JUL27=8099.625;JUN27=8066.75;DEC29=8852.375;SEP27=8159.875;AUG27=8105.75;MAR28=8279;DEC27=8177.5;DEC28=8506.75;SEP28=6112.0875;DEC30=9361.5;JUN28=8372.5,OCT27=GLOBAL_REFERENCE_NO_OBSERVATION;SEP28=GLOBAL_REFERENCE_OUTLIER_SERIES_FORWARD_CLUSTER,WEIGHTED_ATM,2026-10-16,6,685,0.0,NONE,11274,10812,462,0,0,RTM,MDW;MMW;MRW;MTW,OK,NONE,NONE,2026-10-07
SPX,6995.0,-10021.989840094306,0.01625275567615889,0.0,0.0,0.0,0.0,0.0,0.0,7906.272501294064,7798.927498705937,7959.945002588127,7745.254997411874,DEC26,OCT26,2026-10-08,2026-12-18,7852.6,7825.767905144304,FOUND,DEGRADED,SPOT_MONTH_FALLBACK;UNKNOWN_SERIES;ESTIMATED_EXPIRY_ALIAS,2026-08-02.2,PUT_CALL_PARITY,OCT26,OCT26=PUT_CALL_PARITY;NOV26=PUT_CALL_PARITY;FEB27=PUT_CALL_PARITY;MAR27=PUT_CALL_PARITY;DEC26=PUT_CALL_PARITY;JAN27=PUT_CALL_PARITY;APR27=PUT_CALL_PARITY;MAY27=PUT_CALL_PARITY;JUL27=PUT_CALL_PARITY;JUN27=PUT_CALL_PARITY;DEC29=PUT_CALL_PARITY;OCT27=PUT_CALL_PARITY;SEP27=PUT_CALL_PARITY;AUG27=PUT_CALL_PARITY;MAR28=PUT_CALL_PARITY;DEC27=PUT_CALL_PARITY;DEC28=PUT_CALL_PARITY;SEP28=PUT_CALL_PARITY;DEC30=PUT_CALL_PARITY;JUN28=PUT_CALL_PARITY,OCT26=7852.6;NOV26=7852;FEB27=7923.875;MAR27=7994;DEC26=7923.25;JAN27=7924.5;APR27=8008.375;MAY27=8011.875;JUL27=8099.625;JUN27=8066.75;DEC29=8852.375;SEP27=8159.875;AUG27=8105.75;MAR28=8279;DEC27=8177.5;DEC28=8506.75;SEP28=6112.0875;DEC30=9361.5;JUN28=8372.5,OCT27=GLOBAL_REFERENCE_NO_OBSERVATION;SEP28=GLOBAL_REFERENCE_OUTLIER_SERIES_FORWARD_CLUSTER,WEIGHTED_ATM,2026-10-16,6,685,0.0,NONE,11274,10812,462,0,0,RTM,MDW;MMW;MRW;MTW,OK,NONE,NONE,2026-10-07
SPX,7000.0,-271333856.0250932,774.8747995888989,0.0,0.0,0.0,0.0,0.0,0.0,7906.272501294064,7798.927498705937,7959.945002588127,7745.254997411874,DEC26,OCT26,2026-10-08,2026-12-18,7852.6,7825.767905144304,FOUND,DEGRADED,SPOT_MONTH_FALLBACK;UNKNOWN_SERIES;ESTIMATED_EXPIRY_ALIAS,2026-08-02.2,PUT_CALL_PARITY,OCT26,OCT26=PUT_CALL_PARITY;NOV26=PUT_CALL_PARITY;FEB27=PUT_CALL_PARITY;MAR27=PUT_CALL_PARITY;DEC26=PUT_CALL_PARITY;JAN27=PUT_CALL_PARITY;APR27=PUT_CALL_PARITY;MAY27=PUT_CALL_PARITY;JUL27=PUT_CALL_PARITY;JUN27=PUT_CALL_PARITY;DEC29=PUT_CALL_PARITY;OCT27=PUT_CALL_PARITY;SEP27=PUT_CALL_PARITY;AUG27=PUT_CALL_PARITY;MAR28=PUT_CALL_PARITY;DEC27=PUT_CALL_PARITY;DEC28=PUT_CALL_PARITY;SEP28=PUT_CALL_PARITY;DEC30=PUT_CALL_PARITY;JUN28=PUT_CALL_PARITY,OCT26=7852.6;NOV26=7852;FEB27=7923.875;MAR27=7994;DEC26=7923.25;JAN27=7924.5;APR27=8008.375;MAY27=8011.875;JUL27=8099.625;JUN27=8066.75;DEC29=8852.375;SEP27=8159.875;AUG27=8105.75;MAR28=8279;DEC27=8177.5;DEC28=8506.75;SEP28=6112.0875;DEC30=9361.5;JUN28=8372.5,OCT27=GLOBAL_REFERENCE_NO_OBSERVATION;SEP28=GLOBAL_REFERENCE_OUTLIER_SERIES_FORWARD_CLUSTER,WEIGHTED_ATM,2026-10-16,6,685,0.0,NONE,11274,10812,462,0,0,RTM,MDW;MMW;MRW;MTW,OK,NONE,NONE,2026-10-07
SPX,7005.0,-30712.13740730853,0.049806163600033,0.0,0.0,0.0,0.0,0.0,0.0,7906.272501294064,7798.927498705937,7959.945002588127,7745.254997411874,DEC26,OCT26,2026-10-08,2026-12-18,7852.6,7825.767905144304,FOUND,DEGRADED,SPOT_MONTH_FALLBACK;UNKNOWN_SERIES;ESTIMATED_EXPIRY_ALIAS,2026-08-02.2,PUT_CALL_PARITY,OCT26,OCT26=PUT_CALL_PARITY;NOV26=PUT_CALL_PARITY;FEB27=PUT_CALL_PARITY;MAR27=PUT_CALL_PARITY;DEC26=PUT_CALL_PARITY;JAN27=PUT_CALL_PARITY;APR27=PUT_CALL_PARITY;MAY27=PUT_CALL_PARITY;JUL27=PUT_CALL_PARITY;JUN27=PUT_CALL_PARITY;DEC29=PUT_CALL_PARITY;OCT27=PUT_CALL_PARITY;SEP27=PUT_CALL_PARITY;AUG27=PUT_CALL_PARITY;MAR28=PUT_CALL_PARITY;DEC27=PUT_CALL_PARITY;DEC28=PUT_CALL_PARITY;SEP28=PUT_CALL_PARITY;DEC30=PUT_CALL_PARITY;JUN28=PUT_CALL_PARITY,OCT26=7852.6;NOV26=7852;FEB27=7923.875;MAR27=7994;DEC26=7923.25;JAN27=7924.5;APR27=8008.375;MAY27=8011.875;JUL27=8099.625;JUN27=8066.75;DEC29=8852.375;SEP27=8159.875;AUG27=8105.75;MAR28=8279;DEC27=8177.5;DEC28=8506.75;SEP28=6112.0875;DEC30=9361.5;JUN28=8372.5,OCT27=GLOBAL_REFERENCE_NO_OBSERVATION;SEP28=GLOBAL_REFERENCE_OUTLIER_SERIES_FORWARD_CLUSTER,WEIGHTED_ATM,2026-10-16,6,685,0.0,NONE,11274,10812,462,0,0,RTM,MDW;MMW;MRW;MTW,OK,NONE,NONE,2026-10-07
SPX,7010.0,-1267454.0891810318,2.0580612823455158,0.0,0.0,0.0,0.0,0.0,0.0,7906.272501294064,7798.927498705937,7959.945002588127,7745.254997411874,DEC26,OCT26,2026-10-08,2026-12-18,7852.6,7825.767905144304,FOUND,DEGRADED,SPOT_MONTH_FALLBACK;UNKNOWN_SERIES;ESTIMATED_EXPIRY_ALIAS,2026-08-02.2,PUT_CALL_PARITY,OCT26,OCT26=PUT_CALL_PARITY;NOV26=PUT_CALL_PARITY;FEB27=PUT_CALL_PARITY;MAR27=PUT_CALL_PARITY;DEC26=PUT_CALL_PARITY;JAN27=PUT_CALL_PARITY;APR27=PUT_CALL_PARITY;MAY27=PUT_CALL_PARITY;JUL27=PUT_CALL_PARITY;JUN27=PUT_CALL_PARITY;DEC29=PUT_CALL_PARITY;OCT27=PUT_CALL_PARITY;SEP27=PUT_CALL_PARITY;AUG27=PUT_CALL_PARITY;MAR28=PUT_CALL_PARITY;DEC27=PUT_CALL_PARITY;DEC28=PUT_CALL_PARITY;SEP28=PUT_CALL_PARITY;DEC30=PUT_CALL_PARITY;JUN28=PUT_CALL_PARITY,OCT26=7852.6;NOV26=7852;FEB27=7923.875;MAR27=7994;DEC26=7923.25;JAN27=7924.5;APR27=8008.375;MAY27=8011.875;JUL27=8099.625;JUN27=8066.75;DEC29=8852.375;SEP27=8159.875;AUG27=8105.75;MAR28=8279;DEC27=8177.5;DEC28=8506.75;SEP28=6112.0875;DEC30=9361.5;JUN28=8372.5,OCT27=GLOBAL_REFERENCE_NO_OBSERVATION;SEP28=GLOBAL_REFERENCE_OUTLIER_SERIES_FORWARD_CLUSTER,WEIGHTED_ATM,2026-10-16,6,685,0.0,NONE,11274,10812,462,0,0,RTM,MDW;MMW;MRW;MTW,OK,NONE,NONE,2026-10-07
SPX,7015.0,-12551.746001654477,0.020355285160833375,0.0,0.0,0.0,0.0,0.0,0.0,7906.272501294064,7798.927498705937,7959.945002588127,7745.254997411874,DEC26,OCT26,2026-10-08,2026-12-18,7852.6,7825.767905144304,FOUND,DEGRADED,SPOT_MONTH_FALLBACK;UNKNOWN_SERIES;ESTIMATED_EXPIRY_ALIAS,2026-08-02.2,PUT_CALL_PARITY,OCT26,OCT26=PUT_CALL_PARITY;NOV26=PUT_CALL_PARITY;FEB27=PUT_CALL_PARITY;MAR27=PUT_CALL_PARITY;DEC26=PUT_CALL_PARITY;JAN27=PUT_CALL_PARITY;APR27=PUT_CALL_PARITY;MAY27=PUT_CALL_PARITY;JUL27=PUT_CALL_PARITY;JUN27=PUT_CALL_PARITY;DEC29=PUT_CALL_PARITY;OCT27=PUT_CALL_PARITY;SEP27=PUT_CALL_PARITY;AUG27=PUT_CALL_PARITY;MAR28=PUT_CALL_PARITY;DEC27=PUT_CALL_PARITY;DEC28=PUT_CALL_PARITY;SEP28=PUT_CALL_PARITY;DEC30=PUT_CALL_PARITY;JUN28=PUT_CALL_PARITY,OCT26=7852.6;NOV26=7852;FEB27=7923.875;MAR27=7994;DEC26=7923.25;JAN27=7924.5;APR27=8008.375;MAY27=8011.875;JUL27=8099.625;JUN27=8066.75;DEC29=8852.375;SEP27=8159.875;AUG27=8105.75;MAR28=8279;DEC27=8177.5;DEC28=8506.75;SEP28=6112.0875;DEC30=9361.5;JUN28=8372.5,OCT27=GLOBAL_REFERENCE_NO_OBSERVATION;SEP28=GLOBAL_REFERENCE_OUTLIER_SERIES_FORWARD_CLUSTER,WEIGHTED_ATM,2026-10-16,6,685,0.0,NONE,11274,10812,462,0,0,RTM,MDW;MMW;MRW;MTW,OK,NONE,NONE,2026-10-07
SPX,7020.0,-2084963.5567132812,3.381205112121461,0.0,0.0,0.0,0.0,0.0,0.0,7906.272501294064,7798.927498705937,7959.945002588127,7745.254997411874,DEC26,OCT26,2026-10-08,2026-12-18,7852.6,7825.767905144304,FOUND,DEGRADED,SPOT_MONTH_FALLBACK;UNKNOWN_SERIES;ESTIMATED_EXPIRY_ALIAS,2026-08-02.2,PUT_CALL_PARITY,OCT26,OCT26=PUT_CALL_PARITY;NOV26=PUT_CALL_PARITY;FEB27=PUT_CALL_PARITY;MAR27=PUT_CALL_PARITY;DEC26=PUT_CALL_PARITY;JAN27=PUT_CALL_PARITY;APR27=PUT_CALL_PARITY;MAY27=PUT_CALL_PARITY;JUL27=PUT_CALL_PARITY;JUN27=PUT_CALL_PARITY;DEC29=PUT_CALL_PARITY;OCT27=PUT_CALL_PARITY;SEP27=PUT_CALL_PARITY;AUG27=PUT_CALL_PARITY;MAR28=PUT_CALL_PARITY;DEC27=PUT_CALL_PARITY;DEC28=PUT_CALL_PARITY;SEP28=PUT_CALL_PARITY;DEC30=PUT_CALL_PARITY;JUN28=PUT_CALL_PARITY,OCT26=7852.6;NOV26=7852;FEB27=7923.875;MAR27=7994;DEC26=7923.25;JAN27=7924.5;APR27=8008.375;MAY27=8011.875;JUL27=8099.625;JUN27=8066.75;DEC29=8852.375;SEP27=8159.875;AUG27=8105.75;MAR28=8279;DEC27=8177.5;DEC28=8506.75;SEP28=6112.0875;DEC30=9361.5;JUN28=8372.5,OCT27=GLOBAL_REFERENCE_NO_OBSERVATION;SEP28=GLOBAL_REFERENCE_OUTLIER_SERIES_FORWARD_CLUSTER,WEIGHTED_ATM,2026-10-16,6,685,0.0,NONE,11274,10812,462,0,0,RTM,MDW;MMW;MRW;MTW,OK,NONE,NONE,2026-10-07
SPX,7025.0,-25147765.615529053,40.76305752907245,0.0,0.0,0.0,0.0,0.0,0.0,7906.272501294064,7798.927498705937,7959.945002588127,7745.254997411874,DEC26,OCT26,2026-10-08,2026-12-18,7852.6,7825.767905144304,FOUND,DEGRADED,SPOT_MONTH_FALLBACK;UNKNOWN_SERIES;ESTIMATED_EXPIRY_ALIAS,2026-08-02.2,PUT_CALL_PARITY,OCT26,OCT26=PUT_CALL_PARITY;NOV26=PUT_CALL_PARITY;FEB27=PUT_CALL_PARITY;MAR27=PUT_CALL_PARITY;DEC26=PUT_CALL_PARITY;JAN27=PUT_CALL_PARITY;APR27=PUT_CALL_PARITY;MAY27=PUT_CALL_PARITY;JUL27=PUT_CALL_PARITY;JUN27=PUT_CALL_PARITY;DEC29=PUT_CALL_PARITY;OCT27=PUT_CALL_PARITY;SEP27=PUT_CALL_PARITY;AUG27=PUT_CALL_PARITY;MAR28=PUT_CALL_PARITY;DEC27=PUT_CALL_PARITY;DEC28=PUT_CALL_PARITY;SEP28=PUT_CALL_PARITY;DEC30=PUT_CALL_PARITY;JUN28=PUT_CALL_PARITY,OCT26=7852.6;NOV26=7852;FEB27=7923.875;MAR27=7994;DEC26=7923.25;JAN27=7924.5;APR27=8008.375;MAY27=8011.875;JUL27=8099.625;JUN27=8066.75;DEC29=8852.375;SEP27=8159.875;AUG27=8105.75;MAR28=8279;DEC27=8177.5;DEC28=8506.75;SEP28=6112.0875;DEC30=9361.5;JUN28=8372.5,OCT27=GLOBAL_REFERENCE_NO_OBSERVATION;SEP28=GLOBAL_REFERENCE_OUTLIER_SERIES_FORWARD_CLUSTER,WEIGHTED_ATM,2026-10-16,6,685,0.0,NONE,11274,10812,462,0,0,RTM,MDW;MMW;MRW;MTW,OK,NONE,NONE,2026-10-07
SPX,7030.0,-1726711.3866960923,2.8002241809246367,0.0,0.0,0.0,0.0,0.0,0.0,7906.272501294064,7798.927498705937,7959.945002588127,7745.254997411874,DEC26,OCT26,2026-10-08,2026-12-18,7852.6,7825.767905144304,FOUND,DEGRADED,SPOT_MONTH_FALLBACK;UNKNOWN_SERIES;ESTIMATED_EXPIRY_ALIAS,2026-08-02.2,PUT_CALL_PARITY,OCT26,OCT26=PUT_CALL_PARITY;NOV26=PUT_CALL_PARITY;FEB27=PUT_CALL_PARITY;MAR27=PUT_CALL_PARITY;DEC26=PUT_CALL_PARITY;JAN27=PUT_CALL_PARITY;APR27=PUT_CALL_PARITY;MAY27=PUT_CALL_PARITY;JUL27=PUT_CALL_PARITY;JUN27=PUT_CALL_PARITY;DEC29=PUT_CALL_PARITY;OCT27=PUT_CALL_PARITY;SEP27=PUT_CALL_PARITY;AUG27=PUT_CALL_PARITY;MAR28=PUT_CALL_PARITY;DEC27=PUT_CALL_PARITY;DEC28=PUT_CALL_PARITY;SEP28=PUT_CALL_PARITY;DEC30=PUT_CALL_PARITY;JUN28=PUT_CALL_PARITY,OCT26=7852.6;NOV26=7852;FEB27=7923.875;MAR27=7994;DEC26=7923.25;JAN27=7924.5;APR27=8008.375;MAY27=8011.875;JUL27=8099.625;JUN27=8066.75;DEC29=8852.375;SEP27=8159.875;AUG27=8105.75;MAR28=8279;DEC27=8177.5;DEC28=8506.75;SEP28=6112.0875;DEC30=9361.5;JUN28=8372.5,OCT27=GLOBAL_REFERENCE_NO_OBSERVATION;SEP28=GLOBAL_REFERENCE_OUTLIER_SERIES_FORWARD_CLUSTER,WEIGHTED_ATM,2026-10-16,6,685,0.0,NONE,11274,10812,462,0,0,RTM,MDW;MMW;MRW;MTW,OK,NONE,NONE,2026-10-07
SPX,7035.0,-43707.75607012574,0.07088128125204922,0.0,0.0,0.0,0.0,0.0,0.0,7906.272501294064,7798.927498705937,7959.945002588127,7745.254997411874,DEC26,OCT26,2026-10-08,2026-12-18,7852.6,7825.767905144304,FOUND,DEGRADED,SPOT_MONTH_FALLBACK;UNKNOWN_SERIES;ESTIMATED_EXPIRY_ALIAS,2026-08-02.2,PUT_CALL_PARITY,OCT26,OCT26=PUT_CALL_PARITY;NOV26=PUT_CALL_PARITY;FEB27=PUT_CALL_PARITY;MAR27=PUT_CALL_PARITY;DEC26=PUT_CALL_PARITY;JAN27=PUT_CALL_PARITY;APR27=PUT_CALL_PARITY;MAY27=PUT_CALL_PARITY;JUL27=PUT_CALL_PARITY;JUN27=PUT_CALL_PARITY;DEC29=PUT_CALL_PARITY;OCT27=PUT_CALL_PARITY;SEP27=PUT_CALL_PARITY;AUG27=PUT_CALL_PARITY;MAR28=PUT_CALL_PARITY;DEC27=PUT_CALL_PARITY;DEC28=PUT_CALL_PARITY;SEP28=PUT_CALL_PARITY;DEC30=PUT_CALL_PARITY;JUN28=PUT_CALL_PARITY,OCT26=7852.6;NOV26=7852;FEB27=7923.875;MAR27=7994;DEC26=7923.25;JAN27=7924.5;APR27=8008.375;MAY27=8011.875;JUL27=8099.625;JUN27=8066.75;DEC29=8852.375;SEP27=8159.875;AUG27=8105.75;MAR28=8279;DEC27=8177.5;DEC28=8506.75;SEP28=6112.0875;DEC30=9361.5;JUN28=8372.5,OCT27=GLOBAL_REFERENCE_NO_OBSERVATION;SEP28=GLOBAL_REFERENCE_OUTLIER_SERIES_FORWARD_CLUSTER,WEIGHTED_ATM,2026-10-16,6,685,0.0,NONE,11274,10812,462,0,0,RTM,MDW;MMW;MRW;MTW,OK,NONE,NONE,2026-10-07
SPX,7040.0,-614895.1759407854,0.9971825090312973,0.0,0.0,0.0,0.0,0.0,0.0,7906.272501294064,7798.927498705937,7959.945002588127,7745.254997411874,DEC26,OCT26,2026-10-08,2026-12-18,7852.6,7825.767905144304,FOUND,DEGRADED,SPOT_MONTH_FALLBACK;UNKNOWN_SERIES;ESTIMATED_EXPIRY_ALIAS,2026-08-02.2,PUT_CALL_PARITY,OCT26,OCT26=PUT_CALL_PARITY;NOV26=PUT_CALL_PARITY;FEB27=PUT_CALL_PARITY;MAR27=PUT_CALL_PARITY;DEC26=PUT_CALL_PARITY;JAN27=PUT_CALL_PARITY;APR27=PUT_CALL_PARITY;MAY27=PUT_CALL_PARITY;JUL27=PUT_CALL_PARITY;JUN27=PUT_CALL_PARITY;DEC29=PUT_CALL_PARITY;OCT27=PUT_CALL_PARITY;SEP27=PUT_CALL_PARITY;AUG27=PUT_CALL_PARITY;MAR28=PUT_CALL_PARITY;DEC27=PUT_CALL_PARITY;DEC28=PUT_CALL_PARITY;SEP28=PUT_CALL_PARITY;DEC30=PUT_CALL_PARITY;JUN28=PUT_CALL_PARITY,OCT26=7852.6;NOV26=7852;FEB27=7923.875;MAR27=7994;DEC26=7923.25;JAN27=7924.5;APR27=8008.375;MAY27=8011.875;JUL27=8099.625;JUN27=8066.75;DEC29=8852.375;SEP27=8159.875;AUG27=8105.75;MAR28=8279;DEC27=8177.5;DEC28=8506.75;SEP28=6112.0875;DEC30=9361.5;JUN28=8372.5,OCT27=GLOBAL_REFERENCE_NO_OBSERVATION;SEP28=GLOBAL_REFERENCE_OUTLIER_SERIES_FORWARD_CLUSTER,WEIGHTED_ATM,2026-10-16,6,685,0.0,NONE,11274,10812,462,0,0,RTM,MDW;MMW;MRW;MTW,OK,NONE,NONE,2026-10-07
SPX,7045.0,-207268.0908860485,0.3361286225972808,0.0,0.0,0.0,0.0,0.0,0.0,7906.272501294064,7798.927498705937,7959.945002588127,7745.254997411874,DEC26,OCT26,2026-10-08,2026-12-18,7852.6,7825.767905144304,FOUND,DEGRADED,SPOT_MONTH_FALLBACK;UNKNOWN_SERIES;ESTIMATED_EXPIRY_ALIAS,2026-08-02.2,PUT_CALL_PARITY,OCT26,OCT26=PUT_CALL_PARITY;NOV26=PUT_CALL_PARITY;FEB27=PUT_CALL_PARITY;MAR27=PUT_CALL_PARITY;DEC26=PUT_CALL_PARITY;JAN27=PUT_CALL_PARITY;APR27=PUT_CALL_PARITY;MAY27=PUT_CALL_PARITY;JUL27=PUT_CALL_PARITY;JUN27=PUT_CALL_PARITY;DEC29=PUT_CALL_PARITY;OCT27=PUT_CALL_PARITY;SEP27=PUT_CALL_PARITY;AUG27=PUT_CALL_PARITY;MAR28=PUT_CALL_PARITY;DEC27=PUT_CALL_PARITY;DEC28=PUT_CALL_PARITY;SEP28=PUT_CALL_PARITY;DEC30=PUT_CALL_PARITY;JUN28=PUT_CALL_PARITY,OCT26=7852.6;NOV26=7852;FEB27=7923.875;MAR27=7994;DEC26=7923.25;JAN27=7924.5;APR27=8008.375;MAY27=8011.875;JUL27=8099.625;JUN27=8066.75;DEC29=8852.375;SEP27=8159.875;AUG27=8105.75;MAR28=8279;DEC27=8177.5;DEC28=8506.75;SEP28=6112.0875;DEC30=9361.5;JUN28=8372.5,OCT27=GLOBAL_REFERENCE_NO_OBSERVATION;SEP28=GLOBAL_REFERENCE_OUTLIER_SERIES_FORWARD_CLUSTER,WEIGHTED_ATM,2026-10-16,6,685,0.0,NONE,11274,10812,462,0,0,RTM,MDW;MMW;MRW;MTW,OK,NONE,NONE,2026-10-07
SPX,7050.0,-110777890.9822291,218.86113024999176,0.0,0.0,0.0,0.0,0.0,0.0,7906.272501294064,7798.927498705937,7959.945002588127,7745.254997411874,DEC26,OCT26,2026-10-08,2026-12-18,7852.6,7825.767905144304,FOUND,DEGRADED,SPOT_MONTH_FALLBACK;UNKNOWN_SERIES;ESTIMATED_EXPIRY_ALIAS,2026-08-02.2,PUT_CALL_PARITY,OCT26,OCT26=PUT_CALL_PARITY;NOV26=PUT_CALL_PARITY;FEB27=PUT_CALL_PARITY;MAR27=PUT_CALL_PARITY;DEC26=PUT_CALL_PARITY;JAN27=PUT_CALL_PARITY;APR27=PUT_CALL_PARITY;MAY27=PUT_CALL_PARITY;JUL27=PUT_CALL_PARITY;JUN27=PUT_CALL_PARITY;DEC29=PUT_CALL_PARITY;OCT27=PUT_CALL_PARITY;SEP27=PUT_CALL_PARITY;AUG27=PUT_CALL_PARITY;MAR28=PUT_CALL_PARITY;DEC27=PUT_CALL_PARITY;DEC28=PUT_CALL_PARITY;SEP28=PUT_CALL_PARITY;DEC30=PUT_CALL_PARITY;JUN28=PUT_CALL_PARITY,OCT26=7852.6;NOV26=7852;FEB27=7923.875;MAR27=7994;DEC26=7923.25;JAN27=7924.5;APR27=8008.375;MAY27=8011.875;JUL27=8099.625;JUN27=8066.75;DEC29=8852.375;SEP27=8159.875;AUG27=8105.75;MAR28=8279;DEC27=8177.5;DEC28=8506.75;SEP28=6112.0875;DEC30=9361.5;JUN28=8372.5,OCT27=GLOBAL_REFERENCE_NO_OBSERVATION;SEP28=GLOBAL_REFERENCE_OUTLIER_SERIES_FORWARD_CLUSTER,WEIGHTED_ATM,2026-10-16,6,685,0.0,NONE,11274,10812,462,0,0,RTM,MDW;MMW;MRW;MTW,OK,NONE,NONE,2026-10-07
SPX,7055.0,-66298.51609599314,0.10751693036938108,0.0,0.0,0.0,0.0,0.0,0.0,7906.272501294064,7798.927498705937,7959.945002588127,7745.254997411874,DEC26,OCT26,2026-10-08,2026-12-18,7852.6,7825.767905144304,FOUND,DEGRADED,SPOT_MONTH_FALLBACK;UNKNOWN_SERIES;ESTIMATED_EXPIRY_ALIAS,2026-08-02.2,PUT_CALL_PARITY,OCT26,OCT26=PUT_CALL_PARITY;NOV26=PUT_CALL_PARITY;FEB27=PUT_CALL_PARITY;MAR27=PUT_CALL_PARITY;DEC26=PUT_CALL_PARITY;JAN27=PUT_CALL_PARITY;APR27=PUT_CALL_PARITY;MAY27=PUT_CALL_PARITY;JUL27=PUT_CALL_PARITY;JUN27=PUT_CALL_PARITY;DEC29=PUT_CALL_PARITY;OCT27=PUT_CALL_PARITY;SEP27=PUT_CALL_PARITY;AUG27=PUT_CALL_PARITY;MAR28=PUT_CALL_PARITY;DEC27=PUT_CALL_PARITY;DEC28=PUT_CALL_PARITY;SEP28=PUT_CALL_PARITY;DEC30=PUT_CALL_PARITY;JUN28=PUT_CALL_PARITY,OCT26=7852.6;NOV26=7852;FEB27=7923.875;MAR27=7994;DEC26=7923.25;JAN27=7924.5;APR27=8008.375;MAY27=8011.875;JUL27=8099.625;JUN27=8066.75;DEC29=8852.375;SEP27=8159.875;AUG27=8105.75;MAR28=8279;DEC27=8177.5;DEC28=8506.75;SEP28=6112.0875;DEC30=9361.5;JUN28=8372.5,OCT27=GLOBAL_REFERENCE_NO_OBSERVATION;SEP28=GLOBAL_REFERENCE_OUTLIER_SERIES_FORWARD_CLUSTER,WEIGHTED_ATM,2026-10-16,6,685,0.0,NONE,11274,10812,462,0,0,RTM,MDW;MMW;MRW;MTW,OK,NONE,NONE,2026-10-07
SPX,7060.0,-663425.3587697922,1.0758844345325007,0.0,0.0,0.0,0.0,0.0,0.0,7906.272501294064,7798.927498705937,7959.945002588127,7745.254997411874,DEC26,OCT26,2026-10-08,2026-12-18,7852.6,7825.767905144304,FOUND,DEGRADED,SPOT_MONTH_FALLBACK;UNKNOWN_SERIES;ESTIMATED_EXPIRY_ALIAS,2026-08-02.2,PUT_CALL_PARITY,OCT26,OCT26=PUT_CALL_PARITY;NOV26=PUT_CALL_PARITY;FEB27=PUT_CALL_PARITY;MAR27=PUT_CALL_PARITY;DEC26=PUT_CALL_PARITY;JAN27=PUT_CALL_PARITY;APR27=PUT_CALL_PARITY;MAY27=PUT_CALL_PARITY;JUL27=PUT_CALL_PARITY;JUN27=PUT_CALL_PARITY;DEC29=PUT_CALL_PARITY;OCT27=PUT_CALL_PARITY;SEP27=PUT_CALL_PARITY;AUG27=PUT_CALL_PARITY;MAR28=PUT_CALL_PARITY;DEC27=PUT_CALL_PARITY;DEC28=PUT_CALL_PARITY;SEP28=PUT_CALL_PARITY;DEC30=PUT_CALL_PARITY;JUN28=PUT_CALL_PARITY,OCT26=7852.6;NOV26=7852;FEB27=7923.875;MAR27=7994;DEC26=7923.25;JAN27=7924.5;APR27=8008.375;MAY27=8011.875;JUL27=8099.625;JUN27=8066.75;DEC29=8852.375;SEP27=8159.875;AUG27=8105.75;MAR28=8279;DEC27=8177.5;DEC28=8506.75;SEP28=6112.0875;DEC30=9361.5;JUN28=8372.5,OCT27=GLOBAL_REFERENCE_NO_OBSERVATION;SEP28=GLOBAL_REFERENCE_OUTLIER_SERIES_FORWARD_CLUSTER,WEIGHTED_ATM,2026-10-16,6,685,0.0,NONE,11274,10812,462,0,0,RTM,MDW;MMW;MRW;MTW,OK,NONE,NONE,2026-10-07
SPX,7065.0,-55392.8112073025,0.08983104564386706,0.0,0.0,0.0,0.0,0.0,0.0,7906.272501294064,7798.927498705937,7959.945002588127,7745.254997411874,DEC26,OCT26,2026-10-08,2026-12-18,7852.6,7825.767905144304,FOUND,DEGRADED,SPOT_MONTH_FALLBACK;UNKNOWN_SERIES;ESTIMATED_EXPIRY_ALIAS,2026-08-02.2,PUT_CALL_PARITY,OCT26,OCT26=PUT_CALL_PARITY;NOV26=PUT_CALL_PARITY;FEB27=PUT_CALL_PARITY;MAR27=PUT_CALL_PARITY;DEC26=PUT_CALL_PARITY;JAN27=PUT_CALL_PARITY;APR27=PUT_CALL_PARITY;MAY27=PUT_CALL_PARITY;JUL27=PUT_CALL_PARITY;JUN27=PUT_CALL_PARITY;DEC29=PUT_CALL_PARITY;OCT27=PUT_CALL_PARITY;SEP27=PUT_CALL_PARITY;AUG27=PUT_CALL_PARITY;MAR28=PUT_CALL_PARITY;DEC27=PUT_CALL_PARITY;DEC28=PUT_CALL_PARITY;SEP28=PUT_CALL_PARITY;DEC30=PUT_CALL_PARITY;JUN28=PUT_CALL_PARITY,OCT26=7852.6;NOV26=7852;FEB27=7923.875;MAR27=7994;DEC26=7923.25;JAN27=7924.5;APR27=8008.375;MAY27=8011.875;JUL27=8099.625;JUN27=8066.75;DEC29=8852.375;SEP27=8159.875;AUG27=8105.75;MAR28=8279;DEC27=8177.5;DEC28=8506.75;SEP28=6112.0875;DEC30=9361.5;JUN28=8372.5,OCT27=GLOBAL_REFERENCE_NO_OBSERVATION;SEP28=GLOBAL_REFERENCE_OUTLIER_SERIES_FORWARD_CLUSTER,WEIGHTED_ATM,2026-10-16,6,685,0.0,NONE,11274,10812,462,0,0,RTM,MDW;MMW;MRW;MTW,OK,NONE,NONE,2026-10-07
SPX,7070.0,-401003.5684249558,0.6725567228336469,0.0,0.0,0.0,0.0,0.0,0.0,7906.272501294064,7798.927498705937,7959.945002588127,7745.254997411874,DEC26,OCT26,2026-10-08,2026-12-18,7852.6,7825.767905144304,FOUND,DEGRADED,SPOT_MONTH_FALLBACK;UNKNOWN_SERIES;ESTIMATED_EXPIRY_ALIAS,2026-08-02.2,PUT_CALL_PARITY,OCT26,OCT26=PUT_CALL_PARITY;NOV26=PUT_CALL_PARITY;FEB27=PUT_CALL_PARITY;MAR27=PUT_CALL_PARITY;DEC26=PUT_CALL_PARITY;JAN27=PUT_CALL_PARITY;APR27=PUT_CALL_PARITY;MAY27=PUT_CALL_PARITY;JUL27=PUT_CALL_PARITY;JUN27=PUT_CALL_PARITY;DEC29=PUT_CALL_PARITY;OCT27=PUT_CALL_PARITY;SEP27=PUT_CALL_PARITY;AUG27=PUT_CALL_PARITY;MAR28=PUT_CALL_PARITY;DEC27=PUT_CALL_PARITY;DEC28=PUT_CALL_PARITY;SEP28=PUT_CALL_PARITY;DEC30=PUT_CALL_PARITY;JUN28=PUT_CALL_PARITY,OCT26=7852.6;NOV26=7852;FEB27=7923.875;MAR27=7994;DEC26=7923.25;JAN27=7924.5;APR27=8008.375;MAY27=8011.875;JUL27=8099.625;JUN27=8066.75;DEC29=8852.375;SEP27=8159.875;AUG27=8105.75;MAR28=8279;DEC27=8177.5;DEC28=8506.75;SEP28=6112.0875;DEC30=9361.5;JUN28=8372.5,OCT27=GLOBAL_REFERENCE_NO_OBSERVATION;SEP28=GLOBAL_REFERENCE_OUTLIER_SERIES_FORWARD_CLUSTER,WEIGHTED_ATM,2026-10-16,6,685,0.0,NONE,11274,10812,462,0,0,RTM,MDW;MMW;MRW;MTW,OK,NONE,NONE,2026-10-07
SPX,7075.0,-52783510.96189873,85.58615272734586,0.0,0.0,0.0,0.0,0.0,0.0,7906.272501294064,7798.927498705937,7959.945002588127,7745.254997411874,DEC26,OCT26,2026-10-08,2026-12-18,7852.6,7825.767905144304,FOUND,DEGRADED,SPOT_MONTH_FALLBACK;UNKNOWN_SERIES;ESTIMATED_EXPIRY_ALIAS,2026-08-02.2,PUT_CALL_PARITY,OCT26,OCT26=PUT_CALL_PARITY;NOV26=PUT_CALL_PARITY;FEB27=PUT_CALL_PARITY;MAR27=PUT_CALL_PARITY;DEC26=PUT_CALL_PARITY;JAN27=PUT_CALL_PARITY;APR27=PUT_CALL_PARITY;MAY27=PUT_CALL_PARITY;JUL27=PUT_CALL_PARITY;JUN27=PUT_CALL_PARITY;DEC29=PUT_CALL_PARITY;OCT27=PUT_CALL_PARITY;SEP27=PUT_CALL_PARITY;AUG27=PUT_CALL_PARITY;MAR28=PUT_CALL_PARITY;DEC27=PUT_CALL_PARITY;DEC28=PUT_CALL_PARITY;SEP28=PUT_CALL_PARITY;DEC30=PUT_CALL_PARITY;JUN28=PUT_CALL_PARITY,OCT26=7852.6;NOV26=7852;FEB27=7923.875;MAR27=7994;DEC26=7923.25;JAN27=7924.5;APR27=8008.375;MAY27=8011.875;JUL27=8099.625;JUN27=8066.75;DEC29=8852.375;SEP27=8159.875;AUG27=8105.75;MAR28=8279;DEC27=8177.5;DEC28=8506.75;SEP28=6112.0875;DEC30=9361.5;JUN28=8372.5,OCT27=GLOBAL_REFERENCE_NO_OBSERVATION;SEP28=GLOBAL_REFERENCE_OUTLIER_SERIES_FORWARD_CLUSTER,WEIGHTED_ATM,2026-10-16,6,685,0.0,NONE,11274,10812,462,0,0,RTM,MDW;MMW;MRW;MTW,OK,NONE,NONE,2026-10-07
SPX,7080.0,-368665.9770801941,0.6309779567607962,0.0,0.0,0.0,0.0,0.0,0.0,7906.272501294064,7798.927498705937,7959.945002588127,7745.254997411874,DEC26,OCT26,2026-10-08,2026-12-18,7852.6,7825.767905144304,FOUND,DEGRADED,SPOT_MONTH_FALLBACK;UNKNOWN_SERIES;ESTIMATED_EXPIRY_ALIAS,2026-08-02.2,PUT_CALL_PARITY,OCT26,OCT26=PUT_CALL_PARITY;NOV26=PUT_CALL_PARITY;FEB27=PUT_CALL_PARITY;MAR27=PUT_CALL_PARITY;DEC26=PUT_CALL_PARITY;JAN27=PUT_CALL_PARITY;APR27=PUT_CALL_PARITY;MAY27=PUT_CALL_PARITY;JUL27=PUT_CALL_PARITY;JUN27=PUT_CALL_PARITY;DEC29=PUT_CALL_PARITY;OCT27=PUT_CALL_PARITY;SEP27=PUT_CALL_PARITY;AUG27=PUT_CALL_PARITY;MAR28=PUT_CALL_PARITY;DEC27=PUT_CALL_PARITY;DEC28=PUT_CALL_PARITY;SEP28=PUT_CALL_PARITY;DEC30=PUT_CALL_PARITY;JUN28=PUT_CALL_PARITY,OCT26=7852.6;NOV26=7852;FEB27=7923.875;MAR27=7994;DEC26=7923.25;JAN27=7924.5;APR27=8008.375;MAY27=8011.875;JUL27=8099.625;JUN27=8066.75;DEC29=8852.375;SEP27=8159.875;AUG27=8105.75;MAR28=8279;DEC27=8177.5;DEC28=8506.75;SEP28=6112.0875;DEC30=9361.5;JUN28=8372.5,OCT27=GLOBAL_REFERENCE_NO_OBSERVATION;SEP28=GLOBAL_REFERENCE_OUTLIER_SERIES_FORWARD_CLUSTER,WEIGHTED_ATM,2026-10-16,6,685,0.0,NONE,11274,10812,462,0,0,RTM,MDW;MMW;MRW;MTW,OK,NONE,NONE,2026-10-07
SPX,7085.0,-2248333.0439444915,3.6461429541342043,0.0,0.0,0.0,0.0,0.0,0.0,7906.272501294064,7798.927498705937,7959.945002588127,7745.254997411874,DEC26,OCT26,2026-10-08,2026-12-18,7852.6,7825.767905144304,FOUND,DEGRADED,SPOT_MONTH_FALLBACK;UNKNOWN_SERIES;ESTIMATED_EXPIRY_ALIAS,2026-08-02.2,PUT_CALL_PARITY,OCT26,OCT26=PUT_CALL_PARITY;NOV26=PUT_CALL_PARITY;FEB27=PUT_CALL_PARITY;MAR27=PUT_CALL_PARITY;DEC26=PUT_CALL_PARITY;JAN27=PUT_CALL_PARITY;APR27=PUT_CALL_PARITY;MAY27=PUT_CALL_PARITY;JUL27=PUT_CALL_PARITY;JUN27=PUT_CALL_PARITY;DEC29=PUT_CALL_PARITY;OCT27=PUT_CALL_PARITY;SEP27=PUT_CALL_PARITY;AUG27=PUT_CALL_PARITY;MAR28=PUT_CALL_PARITY;DEC27=PUT_CALL_PARITY;DEC28=PUT_CALL_PARITY;SEP28=PUT_CALL_PARITY;DEC30=PUT_CALL_PARITY;JUN28=PUT_CALL_PARITY,OCT26=7852.6;NOV26=7852;FEB27=7923.875;MAR27=7994;DEC26=7923.25;JAN27=7924.5;APR27=8008.375;MAY27=8011.875;JUL27=8099.625;JUN27=8066.75;DEC29=8852.375;SEP27=8159.875;AUG27=8105.75;MAR28=8279;DEC27=8177.5;DEC28=8506.75;SEP28=6112.0875;DEC30=9361.5;JUN28=8372.5,OCT27=GLOBAL_REFERENCE_NO_OBSERVATION;SEP28=GLOBAL_REFERENCE_OUTLIER_SERIES_FORWARD_CLUSTER,WEIGHTED_ATM,2026-10-16,6,685,0.0,NONE,11274,10812,462,0,0,RTM,MDW;MMW;MRW;MTW,OK,NONE,NONE,2026-10-07
SPX,7090.0,-453191.87510263425,0.7518888449936688,0.0,0.0,0.0,0.0,0.0,0.0,7906.272501294064,7798.927498705937,7959.945002588127,7745.254997411874,DEC26,OCT26,2026-10-08,2026-12-18,7852.6,7825.767905144304,FOUND,DEGRADED,SPOT_MONTH_FALLBACK;UNKNOWN_SERIES;ESTIMATED_EXPIRY_ALIAS,2026-08-02.2,PUT_CALL_PARITY,OCT26,OCT26=PUT_CALL_PARITY;NOV26=PUT_CALL_PARITY;FEB27=PUT_CALL_PARITY;MAR27=PUT_CALL_PARITY;DEC26=PUT_CALL_PARITY;JAN27=PUT_CALL_PARITY;APR27=PUT_CALL_PARITY;MAY27=PUT_CALL_PARITY;JUL27=PUT_CALL_PARITY;JUN27=PUT_CALL_PARITY;DEC29=PUT_CALL_PARITY;OCT27=PUT_CALL_PARITY;SEP27=PUT_CALL_PARITY;AUG27=PUT_CALL_PARITY;MAR28=PUT_CALL_PARITY;DEC27=PUT_CALL_PARITY;DEC28=PUT_CALL_PARITY;SEP28=PUT_CALL_PARITY;DEC30=PUT_CALL_PARITY;JUN28=PUT_CALL_PARITY,OCT26=7852.6;NOV26=7852;FEB27=7923.875;MAR27=7994;DEC26=7923.25;JAN27=7924.5;APR27=8008.375;MAY27=8011.875;JUL27=8099.625;JUN27=8066.75;DEC29=8852.375;SEP27=8159.875;AUG27=8105.75;MAR28=8279;DEC27=8177.5;DEC28=8506.75;SEP28=6112.0875;DEC30=9361.5;JUN28=8372.5,OCT27=GLOBAL_REFERENCE_NO_OBSERVATION;SEP28=GLOBAL_REFERENCE_OUTLIER_SERIES_FORWARD_CLUSTER,WEIGHTED_ATM,2026-10-16,6,685,0.0,NONE,11274,10812,462,0,0,RTM,MDW;MMW;MRW;MTW,OK,NONE,NONE,2026-10-07
SPX,7095.0,-25292.924637612425,0.0410177750156995,0.0,0.0,0.0,0.0,0.0,0.0,7906.272501294064,7798.927498705937,7959.945002588127,7745.254997411874,DEC26,OCT26,2026-10-08,2026-12-18,7852.6,7825.767905144304,FOUND,DEGRADED,SPOT_MONTH_FALLBACK;UNKNOWN_SERIES;ESTIMATED_EXPIRY_ALIAS,2026-08-02.2,PUT_CALL_PARITY,OCT26,OCT26=PUT_CALL_PARITY;NOV26=PUT_CALL_PARITY;FEB27=PUT_CALL_PARITY;MAR27=PUT_CALL_PARITY;DEC26=PUT_CALL_PARITY;JAN27=PUT_CALL_PARITY;APR27=PUT_CALL_PARITY;MAY27=PUT_CALL_PARITY;JUL27=PUT_CALL_PARITY;JUN27=PUT_CALL_PARITY;DEC29=PUT_CALL_PARITY;OCT27=PUT_CALL_PARITY;SEP27=PUT_CALL_PARITY;AUG27=PUT_CALL_PARITY;MAR28=PUT_CALL_PARITY;DEC27=PUT_CALL_PARITY;DEC28=PUT_CALL_PARITY;SEP28=PUT_CALL_PARITY;DEC30=PUT_CALL_PARITY;JUN28=PUT_CALL_PARITY,OCT26=7852.6;NOV26=7852;FEB27=7923.875;MAR27=7994;DEC26=7923.25;JAN27=7924.5;APR27=8008.375;MAY27=8011.875;JUL27=8099.625;JUN27=8066.75;DEC29=8852.375;SEP27=8159.875;AUG27=8105.75;MAR28=8279;DEC27=8177.5;DEC28=8506.75;SEP28=6112.0875;DEC30=9361.5;JUN28=8372.5,OCT27=GLOBAL_REFERENCE_NO_OBSERVATION;SEP28=GLOBAL_REFERENCE_OUTLIER_SERIES_FORWARD_CLUSTER,WEIGHTED_ATM,2026-10-16,6,685,0.0,NONE,11274,10812,462,0,0,RTM,MDW;MMW;MRW;MTW,OK,NONE,NONE,2026-10-07
SPX,7100.0,-274866492.7486619,494.18192759946567,0.0,0.0,0.0,0.0,0.0,0.0,7906.272501294064,7798.927498705937,7959.945002588127,7745.254997411874,DEC26,OCT26,2026-10-08,2026-12-18,7852.6,7825.767905144304,FOUND,DEGRADED,SPOT_MONTH_FALLBACK;UNKNOWN_SERIES;ESTIMATED_EXPIRY_ALIAS,2026-08-02.2,PUT_CALL_PARITY,OCT26,OCT26=PUT_CALL_PARITY;NOV26=PUT_CALL_PARITY;FEB27=PUT_CALL_PARITY;MAR27=PUT_CALL_PARITY;DEC26=PUT_CALL_PARITY;JAN27=PUT_CALL_PARITY;APR27=PUT_CALL_PARITY;MAY27=PUT_CALL_PARITY;JUL27=PUT_CALL_PARITY;JUN27=PUT_CALL_PARITY;DEC29=PUT_CALL_PARITY;OCT27=PUT_CALL_PARITY;SEP27=PUT_CALL_PARITY;AUG27=PUT_CALL_PARITY;MAR28=PUT_CALL_PARITY;DEC27=PUT_CALL_PARITY;DEC28=PUT_CALL_PARITY;SEP28=PUT_CALL_PARITY;DEC30=PUT_CALL_PARITY;JUN28=PUT_CALL_PARITY,OCT26=7852.6;NOV26=7852;FEB27=7923.875;MAR27=7994;DEC26=7923.25;JAN27=7924.5;APR27=8008.375;MAY27=8011.875;JUL27=8099.625;JUN27=8066.75;DEC29=8852.375;SEP27=8159.875;AUG27=8105.75;MAR28=8279;DEC27=8177.5;DEC28=8506.75;SEP28=6112.0875;DEC30=9361.5;JUN28=8372.5,OCT27=GLOBAL_REFERENCE_NO_OBSERVATION;SEP28=GLOBAL_REFERENCE_OUTLIER_SERIES_FORWARD_CLUSTER,WEIGHTED_ATM,2026-10-16,6,685,0.0,NONE,11274,10812,462,0,0,RTM,MDW;MMW;MRW;MTW,OK,NONE,NONE,2026-10-07
SPX,7105.0,-947.6066729294515,0.001536742700596797,0.0,0.0,0.0,0.0,0.0,0.0,7906.272501294064,7798.927498705937,7959.945002588127,7745.254997411874,DEC26,OCT26,2026-10-08,2026-12-18,7852.6,7825.767905144304,FOUND,DEGRADED,SPOT_MONTH_FALLBACK;UNKNOWN_SERIES;ESTIMATED_EXPIRY_ALIAS,2026-08-02.2,PUT_CALL_PARITY,OCT26,OCT26=PUT_CALL_PARITY;NOV26=PUT_CALL_PARITY;FEB27=PUT_CALL_PARITY;MAR27=PUT_CALL_PARITY;DEC26=PUT_CALL_PARITY;JAN27=PUT_CALL_PARITY;APR27=PUT_CALL_PARITY;MAY27=PUT_CALL_PARITY;JUL27=PUT_CALL_PARITY;JUN27=PUT_CALL_PARITY;DEC29=PUT_CALL_PARITY;OCT27=PUT_CALL_PARITY;SEP27=PUT_CALL_PARITY;AUG27=PUT_CALL_PARITY;MAR28=PUT_CALL_PARITY;DEC27=PUT_CALL_PARITY;DEC28=PUT_CALL_PARITY;SEP28=PUT_CALL_PARITY;DEC30=PUT_CALL_PARITY;JUN28=PUT_CALL_PARITY,OCT26=7852.6;NOV26=7852;FEB27=7923.875;MAR27=7994;DEC26=7923.25;JAN27=7924.5;APR27=8008.375;MAY27=8011.875;JUL27=8099.625;JUN27=8066.75;DEC29=8852.375;SEP27=8159.875;AUG27=8105.75;MAR28=8279;DEC27=8177.5;DEC28=8506.75;SEP28=6112.0875;DEC30=9361.5;JUN28=8372.5,OCT27=GLOBAL_REFERENCE_NO_OBSERVATION;SEP28=GLOBAL_REFERENCE_OUTLIER_SERIES_FORWARD_CLUSTER,WEIGHTED_ATM,2026-10-16,6,685,0.0,NONE,11274,10812,462,0,0,RTM,MDW;MMW;MRW;MTW,OK,NONE,NONE,2026-10-07
SPX,7110.0,-318580.7919095773,0.5654867064038552,0.0,0.0,0.0,0.0,0.0,0.0,7906.272501294064,7798.927498705937,7959.945002588127,7745.254997411874,DEC26,OCT26,2026-10-08,2026-12-18,7852.6,7825.767905144304,FOUND,DEGRADED,SPOT_MONTH_FALLBACK;UNKNOWN_SERIES;ESTIMATED_EXPIRY_ALIAS,2026-08-02.2,PUT_CALL_PARITY,OCT26,OCT26=PUT_CALL_PARITY;NOV26=PUT_CALL_PARITY;FEB27=PUT_CALL_PARITY;MAR27=PUT_CALL_PARITY;DEC26=PUT_CALL_PARITY;JAN27=PUT_CALL_PARITY;APR27=PUT_CALL_PARITY;MAY27=PUT_CALL_PARITY;JUL27=PUT_CALL_PARITY;JUN27=PUT_CALL_PARITY;DEC29=PUT_CALL_PARITY;OCT27=PUT_CALL_PARITY;SEP27=PUT_CALL_PARITY;AUG27=PUT_CALL_PARITY;MAR28=PUT_CALL_PARITY;DEC27=PUT_CALL_PARITY;DEC28=PUT_CALL_PARITY;SEP28=PUT_CALL_PARITY;DEC30=PUT_CALL_PARITY;JUN28=PUT_CALL_PARITY,OCT26=7852.6;NOV26=7852;FEB27=7923.875;MAR27=7994;DEC26=7923.25;JAN27=7924.5;APR27=8008.375;MAY27=8011.875;JUL27=8099.625;JUN27=8066.75;DEC29=8852.375;SEP27=8159.875;AUG27=8105.75;MAR28=8279;DEC27=8177.5;DEC28=8506.75;SEP28=6112.0875;DEC30=9361.5;JUN28=8372.5,OCT27=GLOBAL_REFERENCE_NO_OBSERVATION;SEP28=GLOBAL_REFERENCE_OUTLIER_SERIES_FORWARD_CLUSTER,WEIGHTED_ATM,2026-10-16,6,685,0.0,NONE,11274,10812,462,0,0,RTM,MDW;MMW;MRW;MTW,OK,NONE,NONE,2026-10-07
SPX,7115.0,-26322.26038391675,0.04268705852729238,0.0,0.0,0.0,0.0,0.0,0.0,7906.272501294064,7798.927498705937,7959.945002588127,7745.254997411874,DEC26,OCT26,2026-10-08,2026-12-18,7852.6,7825.767905144304,FOUND,DEGRADED,SPOT_MONTH_FALLBACK;UNKNOWN_SERIES;ESTIMATED_EXPIRY_ALIAS,2026-08-02.2,PUT_CALL_PARITY,OCT26,OCT26=PUT_CALL_PARITY;NOV26=PUT_CALL_PARITY;FEB27=PUT_CALL_PARITY;MAR27=PUT_CALL_PARITY;DEC26=PUT_CALL_PARITY;JAN27=PUT_CALL_PARITY;APR27=PUT_CALL_PARITY;MAY27=PUT_CALL_PARITY;JUL27=PUT_CALL_PARITY;JUN27=PUT_CALL_PARITY;DEC29=PUT_CALL_PARITY;OCT27=PUT_CALL_PARITY;SEP27=PUT_CALL_PARITY;AUG27=PUT_CALL_PARITY;MAR28=PUT_CALL_PARITY;DEC27=PUT_CALL_PARITY;DEC28=PUT_CALL_PARITY;SEP28=PUT_CALL_PARITY;DEC30=PUT_CALL_PARITY;JUN28=PUT_CALL_PARITY,OCT26=7852.6;NOV26=7852;FEB27=7923.875;MAR27=7994;DEC26=7923.25;JAN27=7924.5;APR27=8008.375;MAY27=8011.875;JUL27=8099.625;JUN27=8066.75;DEC29=8852.375;SEP27=8159.875;AUG27=8105.75;MAR28=8279;DEC27=8177.5;DEC28=8506.75;SEP28=6112.0875;DEC30=9361.5;JUN28=8372.5,OCT27=GLOBAL_REFERENCE_NO_OBSERVATION;SEP28=GLOBAL_REFERENCE_OUTLIER_SERIES_FORWARD_CLUSTER,WEIGHTED_ATM,2026-10-16,6,685,0.0,NONE,11274,10812,462,0,0,RTM,MDW;MMW;MRW;MTW,OK,NONE,NONE,2026-10-07
SPX,7120.0,-1233367.2576109227,2.038821848029217,0.0,0.0,0.0,0.0,0.0,0.0,7906.272501294064,7798.927498705937,7959.945002588127,7745.254997411874,DEC26,OCT26,2026-10-08,2026-12-18,7852.6,7825.767905144304,FOUND,DEGRADED,SPOT_MONTH_FALLBACK;UNKNOWN_SERIES;ESTIMATED_EXPIRY_ALIAS,2026-08-02.2,PUT_CALL_PARITY,OCT26,OCT26=PUT_CALL_PARITY;NOV26=PUT_CALL_PARITY;FEB27=PUT_CALL_PARITY;MAR27=PUT_CALL_PARITY;DEC26=PUT_CALL_PARITY;JAN27=PUT_CALL_PARITY;APR27=PUT_CALL_PARITY;MAY27=PUT_CALL_PARITY;JUL27=PUT_CALL_PARITY;JUN27=PUT_CALL_PARITY;DEC29=PUT_CALL_PARITY;OCT27=PUT_CALL_PARITY;SEP27=PUT_CALL_PARITY;AUG27=PUT_CALL_PARITY;MAR28=PUT_CALL_PARITY;DEC27=PUT_CALL_PARITY;DEC28=PUT_CALL_PARITY;SEP28=PUT_CALL_PARITY;DEC30=PUT_CALL_PARITY;JUN28=PUT_CALL_PARITY,OCT26=7852.6;NOV26=7852;FEB27=7923.875;MAR27=7994;DEC26=7923.25;JAN27=7924.5;APR27=8008.375;MAY27=8011.875;JUL27=8099.625;JUN27=8066.75;DEC29=8852.375;SEP27=8159.875;AUG27=8105.75;MAR28=8279;DEC27=8177.5;DEC28=8506.75;SEP28=6112.0875;DEC30=9361.5;JUN28=8372.5,OCT27=GLOBAL_REFERENCE_NO_OBSERVATION;SEP28=GLOBAL_REFERENCE_OUTLIER_SERIES_FORWARD_CLUSTER,WEIGHTED_ATM,2026-10-16,6,685,0.0,NONE,11274,10812,462,0,0,RTM,MDW;MMW;MRW;MTW,OK,NONE,NONE,2026-10-07
SPX,7125.0,-48093801.75515846,77.90618853235745,0.0,0.0,0.0,0.0,0.0,0.0,7906.272501294064,7798.927498705937,7959.945002588127,7745.254997411874,DEC26,OCT26,2026-10-08,2026-12-18,7852.6,7825.767905144304,FOUND,DEGRADED,SPOT_MONTH_FALLBACK;UNKNOWN_SERIES;ESTIMATED_EXPIRY_ALIAS,2026-08-02.2,PUT_CALL_PARITY,OCT26,OCT26=PUT_CALL_PARITY;NOV26=PUT_CALL_PARITY;FEB27=PUT_CALL_PARITY;MAR27=PUT_CALL_PARITY;DEC26=PUT_CALL_PARITY;JAN27=PUT_CALL_PARITY;APR27=PUT_CALL_PARITY;MAY27=PUT_CALL_PARITY;JUL27=PUT_CALL_PARITY;JUN27=PUT_CALL_PARITY;DEC29=PUT_CALL_PARITY;OCT27=PUT_CALL_PARITY;SEP27=PUT_CALL_PARITY;AUG27=PUT_CALL_PARITY;MAR28=PUT_CALL_PARITY;DEC27=PUT_CALL_PARITY;DEC28=PUT_CALL_PARITY;SEP28=PUT_CALL_PARITY;DEC30=PUT_CALL_PARITY;JUN28=PUT_CALL_PARITY,OCT26=7852.6;NOV26=7852;FEB27=7923.875;MAR27=7994;DEC26=7923.25;JAN27=7924.5;APR27=8008.375;MAY27=8011.875;JUL27=8099.625;JUN27=8066.75;DEC29=8852.375;SEP27=8159.875;AUG27=8105.75;MAR28=8279;DEC27=8177.5;DEC28=8506.75;SEP28=6112.0875;DEC30=9361.5;JUN28=8372.5,OCT27=GLOBAL_REFERENCE_NO_OBSERVATION;SEP28=GLOBAL_REFERENCE_OUTLIER_SERIES_FORWARD_CLUSTER,WEIGHTED_ATM,2026-10-16,6,685,0.0,NONE,11274,10812,462,0,0,RTM,MDW;MMW;MRW;MTW,OK,NONE,NONE,2026-10-07
SPX,7130.0,-657608.5322553202,1.1013994112362748,0.0,0.0,0.0,0.0,0.0,0.0,7906.272501294064,7798.927498705937,7959.945002588127,7745.254997411874,DEC26,OCT26,2026-10-08,2026-12-18,7852.6,7825.767905144304,FOUND,DEGRADED,SPOT_MONTH_FALLBACK;UNKNOWN_SERIES;ESTIMATED_EXPIRY_ALIAS,2026-08-02.2,PUT_CALL_PARITY,OCT26,OCT26=PUT_CALL_PARITY;NOV26=PUT_CALL_PARITY;FEB27=PUT_CALL_PARITY;MAR27=PUT_CALL_PARITY;DEC26=PUT_CALL_PARITY;JAN27=PUT_CALL_PARITY;APR27=PUT_CALL_PARITY;MAY27=PUT_CALL_PARITY;JUL27=PUT_CALL_PARITY;JUN27=PUT_CALL_PARITY;DEC29=PUT_CALL_PARITY;OCT27=PUT_CALL_PARITY;SEP27=PUT_CALL_PARITY;AUG27=PUT_CALL_PARITY;MAR28=PUT_CALL_PARITY;DEC27=PUT_CALL_PARITY;DEC28=PUT_CALL_PARITY;SEP28=PUT_CALL_PARITY;DEC30=PUT_CALL_PARITY;JUN28=PUT_CALL_PARITY,OCT26=7852.6;NOV26=7852;FEB27=7923.875;MAR27=7994;DEC26=7923.25;JAN27=7924.5;APR27=8008.375;MAY27=8011.875;JUL27=8099.625;JUN27=8066.75;DEC29=8852.375;SEP27=8159.875;AUG27=8105.75;MAR28=8279;DEC27=8177.5;DEC28=8506.75;SEP28=6112.0875;DEC30=9361.5;JUN28=8372.5,OCT27=GLOBAL_REFERENCE_NO_OBSERVATION;SEP28=GLOBAL_REFERENCE_OUTLIER_SERIES_FORWARD_CLUSTER,WEIGHTED_ATM,2026-10-16,6,685,0.0,NONE,11274,10812,462,0,0,RTM,MDW;MMW;MRW;MTW,OK,NONE,NONE,2026-10-07
SPX,7135.0,-110872.98728536785,0.17980377172463768,0.0,0.0,0.0,0.0,0.0,0.0,7906.272501294064,7798.927498705937,7959.945002588127,7745.254997411874,DEC26,OCT26,2026-10-08,2026-12-18,7852.6,7825.767905144304,FOUND,DEGRADED,SPOT_MONTH_FALLBACK;UNKNOWN_SERIES;ESTIMATED_EXPIRY_ALIAS,2026-08-02.2,PUT_CALL_PARITY,OCT26,OCT26=PUT_CALL_PARITY;NOV26=PUT_CALL_PARITY;FEB27=PUT_CALL_PARITY;MAR27=PUT_CALL_PARITY;DEC26=PUT_CALL_PARITY;JAN27=PUT_CALL_PARITY;APR27=PUT_CALL_PARITY;MAY27=PUT_CALL_PARITY;JUL27=PUT_CALL_PARITY;JUN27=PUT_CALL_PARITY;DEC29=PUT_CALL_PARITY;OCT27=PUT_CALL_PARITY;SEP27=PUT_CALL_PARITY;AUG27=PUT_CALL_PARITY;MAR28=PUT_CALL_PARITY;DEC27=PUT_CALL_PARITY;DEC28=PUT_CALL_PARITY;SEP28=PUT_CALL_PARITY;DEC30=PUT_CALL_PARITY;JUN28=PUT_CALL_PARITY,OCT26=7852.6;NOV26=7852;FEB27=7923.875;MAR27=7994;DEC26=7923.25;JAN27=7924.5;APR27=8008.375;MAY27=8011.875;JUL27=8099.625;JUN27=8066.75;DEC29=8852.375;SEP27=8159.875;AUG27=8105.75;MAR28=8279;DEC27=8177.5;DEC28=8506.75;SEP28=6112.0875;DEC30=9361.5;JUN28=8372.5,OCT27=GLOBAL_REFERENCE_NO_OBSERVATION;SEP28=GLOBAL_REFERENCE_OUTLIER_SERIES_FORWARD_CLUSTER,WEIGHTED_ATM,2026-10-16,6,685,0.0,NONE,11274,10812,462,0,0,RTM,MDW;MMW;MRW;MTW,OK,NONE,NONE,2026-10-07
SPX,7140.0,-1347699.7709942886,2.2239102844873817,0.0,0.0,0.0,0.0,0.0,0.0,7906.272501294064,7798.927498705937,7959.945002588127,7745.254997411874,DEC26,OCT26,2026-10-08,2026-12-18,7852.6,7825.767905144304,FOUND,DEGRADED,SPOT_MONTH_FALLBACK;UNKNOWN_SERIES;ESTIMATED_EXPIRY_ALIAS,2026-08-02.2,PUT_CALL_PARITY,OCT26,OCT26=PUT_CALL_PARITY;NOV26=PUT_CALL_PARITY;FEB27=PUT_CALL_PARITY;MAR27=PUT_CALL_PARITY;DEC26=PUT_CALL_PARITY;JAN27=PUT_CALL_PARITY;APR27=PUT_CALL_PARITY;MAY27=PUT_CALL_PARITY;JUL27=PUT_CALL_PARITY;JUN27=PUT_CALL_PARITY;DEC29=PUT_CALL_PARITY;OCT27=PUT_CALL_PARITY;SEP27=PUT_CALL_PARITY;AUG27=PUT_CALL_PARITY;MAR28=PUT_CALL_PARITY;DEC27=PUT_CALL_PARITY;DEC28=PUT_CALL_PARITY;SEP28=PUT_CALL_PARITY;DEC30=PUT_CALL_PARITY;JUN28=PUT_CALL_PARITY,OCT26=7852.6;NOV26=7852;FEB27=7923.875;MAR27=7994;DEC26=7923.25;JAN27=7924.5;APR27=8008.375;MAY27=8011.875;JUL27=8099.625;JUN27=8066.75;DEC29=8852.375;SEP27=8159.875;AUG27=8105.75;MAR28=8279;DEC27=8177.5;DEC28=8506.75;SEP28=6112.0875;DEC30=9361.5;JUN28=8372.5,OCT27=GLOBAL_REFERENCE_NO_OBSERVATION;SEP28=GLOBAL_REFERENCE_OUTLIER_SERIES_FORWARD_CLUSTER,WEIGHTED_ATM,2026-10-16,6,685,0.0,NONE,11274,10812,462,0,0,RTM,MDW;MMW;MRW;MTW,OK,NONE,NONE,2026-10-07
SPX,7145.0,-74852.6898703897,0.12138931485439321,0.0,0.0,0.0,0.0,0.0,0.0,7906.272501294064,7798.927498705937,7959.945002588127,7745.254997411874,DEC26,OCT26,2026-10-08,2026-12-18,7852.6,7825.767905144304,FOUND,DEGRADED,SPOT_MONTH_FALLBACK;UNKNOWN_SERIES;ESTIMATED_EXPIRY_ALIAS,2026-08-02.2,PUT_CALL_PARITY,OCT26,OCT26=PUT_CALL_PARITY;NOV26=PUT_CALL_PARITY;FEB27=PUT_CALL_PARITY;MAR27=PUT_CALL_PARITY;DEC26=PUT_CALL_PARITY;JAN27=PUT_CALL_PARITY;APR27=PUT_CALL_PARITY;MAY27=PUT_CALL_PARITY;JUL27=PUT_CALL_PARITY;JUN27=PUT_CALL_PARITY;DEC29=PUT_CALL_PARITY;OCT27=PUT_CALL_PARITY;SEP27=PUT_CALL_PARITY;AUG27=PUT_CALL_PARITY;MAR28=PUT_CALL_PARITY;DEC27=PUT_CALL_PARITY;DEC28=PUT_CALL_PARITY;SEP28=PUT_CALL_PARITY;DEC30=PUT_CALL_PARITY;JUN28=PUT_CALL_PARITY,OCT26=7852.6;NOV26=7852;FEB27=7923.875;MAR27=7994;DEC26=7923.25;JAN27=7924.5;APR27=8008.375;MAY27=8011.875;JUL27=8099.625;JUN27=8066.75;DEC29=8852.375;SEP27=8159.875;AUG27=8105.75;MAR28=8279;DEC27=8177.5;DEC28=8506.75;SEP28=6112.0875;DEC30=9361.5;JUN28=8372.5,OCT27=GLOBAL_REFERENCE_NO_OBSERVATION;SEP28=GLOBAL_REFERENCE_OUTLIER_SERIES_FORWARD_CLUSTER,WEIGHTED_ATM,2026-10-16,6,685,0.0,NONE,11274,10812,462,0,0,RTM,MDW;MMW;MRW;MTW,OK,NONE,NONE,2026-10-07
SPX,7150.0,-174562675.01123503,336.3773878983965,0.0,0.0,0.0,0.0,0.0,0.0,7906.272501294064,7798.927498705937,7959.945002588127,7745.254997411874,DEC26,OCT26,2026-10-08,2026-12-18,7852.6,7825.767905144304,FOUND,DEGRADED,SPOT_MONTH_FALLBACK;UNKNOWN_SERIES;ESTIMATED_EXPIRY_ALIAS,2026-08-02.2,PUT_CALL_PARITY,OCT26,OCT26=PUT_CALL_PARITY;NOV26=PUT_CALL_PARITY;FEB27=PUT_CALL_PARITY;MAR27=PUT_CALL_PARITY;DEC26=PUT_CALL_PARITY;JAN27=PUT_CALL_PARITY;APR27=PUT_CALL_PARITY;MAY27=PUT_CALL_PARITY;JUL27=PUT_CALL_PARITY;JUN27=PUT_CALL_PARITY;DEC29=PUT_CALL_PARITY;OCT27=PUT_CALL_PARITY;SEP27=PUT_CALL_PARITY;AUG27=PUT_CALL_PARITY;MAR28=PUT_CALL_PARITY;DEC27=PUT_CALL_PARITY;DEC28=PUT_CALL_PARITY;SEP28=PUT_CALL_PARITY;DEC30=PUT_CALL_PARITY;JUN28=PUT_CALL_PARITY,OCT26=7852.6;NOV26=7852;FEB27=7923.875;MAR27=7994;DEC26=7923.25;JAN27=7924.5;APR27=8008.375;MAY27=8011.875;JUL27=8099.625;JUN27=8066.75;DEC29=8852.375;SEP27=8159.875;AUG27=8105.75;MAR28=8279;DEC27=8177.5;DEC28=8506.75;SEP28=6112.0875;DEC30=9361.5;JUN28=8372.5,OCT27=GLOBAL_REFERENCE_NO_OBSERVATION;SEP28=GLOBAL_REFERENCE_OUTLIER_SERIES_FORWARD_CLUSTER,WEIGHTED_ATM,2026-10-16,6,685,0.0,NONE,11274,10812,462,0,0,RTM,MDW;MMW;MRW;MTW,OK,NONE,NONE,2026-10-07
SPX,7155.0,-187472.53566220077,0.31890325052717755,0.0,0.0,0.0,0.0,0.0,0.0,7906.272501294064,7798.927498705937,7959.945002588127,7745.254997411874,DEC26,OCT26,2026-10-08,2026-12-18,7852.6,7825.767905144304,FOUND,DEGRADED,SPOT_MONTH_FALLBACK;UNKNOWN_SERIES;ESTIMATED_EXPIRY_ALIAS,2026-08-02.2,PUT_CALL_PARITY,OCT26,OCT26=PUT_CALL_PARITY;NOV26=PUT_CALL_PARITY;FEB27=PUT_CALL_PARITY;MAR27=PUT_CALL_PARITY;DEC26=PUT_CALL_PARITY;JAN27=PUT_CALL_PARITY;APR27=PUT_CALL_PARITY;MAY27=PUT_CALL_PARITY;JUL27=PUT_CALL_PARITY;JUN27=PUT_CALL_PARITY;DEC29=PUT_CALL_PARITY;OCT27=PUT_CALL_PARITY;SEP27=PUT_CALL_PARITY;AUG27=PUT_CALL_PARITY;MAR28=PUT_CALL_PARITY;DEC27=PUT_CALL_PARITY;DEC28=PUT_CALL_PARITY;SEP28=PUT_CALL_PARITY;DEC30=PUT_CALL_PARITY;JUN28=PUT_CALL_PARITY,OCT26=7852.6;NOV26=7852;FEB27=7923.875;MAR27=7994;DEC26=7923.25;JAN27=7924.5;APR27=8008.375;MAY27=8011.875;JUL27=8099.625;JUN27=8066.75;DEC29=8852.375;SEP27=8159.875;AUG27=8105.75;MAR28=8279;DEC27=8177.5;DEC28=8506.75;SEP28=6112.0875;DEC30=9361.5;JUN28=8372.5,OCT27=GLOBAL_REFERENCE_NO_OBSERVATION;SEP28=GLOBAL_REFERENCE_OUTLIER_SERIES_FORWARD_CLUSTER,WEIGHTED_ATM,2026-10-16,6,685,0.0,NONE,11274,10812,462,0,0,RTM,MDW;MMW;MRW;MTW,OK,NONE,NONE,2026-10-07
SPX,7160.0,-1574476.120921116,2.6768004018707927,0.0,0.0,0.0,0.0,0.0,0.0,7906.272501294064,7798.927498705937,7959.945002588127,7745.254997411874,DEC26,OCT26,2026-10-08,2026-12-18,7852.6,7825.767905144304,FOUND,DEGRADED,SPOT_MONTH_FALLBACK;UNKNOWN_SERIES;ESTIMATED_EXPIRY_ALIAS,2026-08-02.2,PUT_CALL_PARITY,OCT26,OCT26=PUT_CALL_PARITY;NOV26=PUT_CALL_PARITY;FEB27=PUT_CALL_PARITY;MAR27=PUT_CALL_PARITY;DEC26=PUT_CALL_PARITY;JAN27=PUT_CALL_PARITY;APR27=PUT_CALL_PARITY;MAY27=PUT_CALL_PARITY;JUL27=PUT_CALL_PARITY;JUN27=PUT_CALL_PARITY;DEC29=PUT_CALL_PARITY;OCT27=PUT_CALL_PARITY;SEP27=PUT_CALL_PARITY;AUG27=PUT_CALL_PARITY;MAR28=PUT_CALL_PARITY;DEC27=PUT_CALL_PARITY;DEC28=PUT_CALL_PARITY;SEP28=PUT_CALL_PARITY;DEC30=PUT_CALL_PARITY;JUN28=PUT_CALL_PARITY,OCT26=7852.6;NOV26=7852;FEB27=7923.875;MAR27=7994;DEC26=7923.25;JAN27=7924.5;APR27=8008.375;MAY27=8011.875;JUL27=8099.625;JUN27=8066.75;DEC29=8852.375;SEP27=8159.875;AUG27=8105.75;MAR28=8279;DEC27=8177.5;DEC28=8506.75;SEP28=6112.0875;DEC30=9361.5;JUN28=8372.5,OCT27=GLOBAL_REFERENCE_NO_OBSERVATION;SEP28=GLOBAL_REFERENCE_OUTLIER_SERIES_FORWARD_CLUSTER,WEIGHTED_ATM,2026-10-16,6,685,0.0,NONE,11274,10812,462,0,0,RTM,MDW;MMW;MRW;MTW,OK,NONE,NONE,2026-10-07
SPX,7165.0,-192030.56738639344,0.3114177866753704,0.0,0.0,0.0,0.0,0.0,0.0,7906.272501294064,7798.927498705937,7959.945002588127,7745.254997411874,DEC26,OCT26,2026-10-08,2026-12-18,7852.6,7825.767905144304,FOUND,DEGRADED,SPOT_MONTH_FALLBACK;UNKNOWN_SERIES;ESTIMATED_EXPIRY_ALIAS,2026-08-02.2,PUT_CALL_PARITY,OCT26,OCT26=PUT_CALL_PARITY;NOV26=PUT_CALL_PARITY;FEB27=PUT_CALL_PARITY;MAR27=PUT_CALL_PARITY;DEC26=PUT_CALL_PARITY;JAN27=PUT_CALL_PARITY;APR27=PUT_CALL_PARITY;MAY27=PUT_CALL_PARITY;JUL27=PUT_CALL_PARITY;JUN27=PUT_CALL_PARITY;DEC29=PUT_CALL_PARITY;OCT27=PUT_CALL_PARITY;SEP27=PUT_CALL_PARITY;AUG27=PUT_CALL_PARITY;MAR28=PUT_CALL_PARITY;DEC27=PUT_CALL_PARITY;DEC28=PUT_CALL_PARITY;SEP28=PUT_CALL_PARITY;DEC30=PUT_CALL_PARITY;JUN28=PUT_CALL_PARITY,OCT26=7852.6;NOV26=7852;FEB27=7923.875;MAR27=7994;DEC26=7923.25;JAN27=7924.5;APR27=8008.375;MAY27=8011.875;JUL27=8099.625;JUN27=8066.75;DEC29=8852.375;SEP27=8159.875;AUG27=8105.75;MAR28=8279;DEC27=8177.5;DEC28=8506.75;SEP28=6112.0875;DEC30=9361.5;JUN28=8372.5,OCT27=GLOBAL_REFERENCE_NO_OBSERVATION;SEP28=GLOBAL_REFERENCE_OUTLIER_SERIES_FORWARD_CLUSTER,WEIGHTED_ATM,2026-10-16,6,685,0.0,NONE,11274,10812,462,0,0,RTM,MDW;MMW;MRW;MTW,OK,NONE,NONE,2026-10-07
SPX,7170.0,-2051249.0228125951,3.4104278294692905,0.0,0.0,0.0,0.0,0.0,0.0,7906.272501294064,7798.927498705937,7959.945002588127,7745.254997411874,DEC26,OCT26,2026-10-08,2026-12-18,7852.6,7825.767905144304,FOUND,DEGRADED,SPOT_MONTH_FALLBACK;UNKNOWN_SERIES;ESTIMATED_EXPIRY_ALIAS,2026-08-02.2,PUT_CALL_PARITY,OCT26,OCT26=PUT_CALL_PARITY;NOV26=PUT_CALL_PARITY;FEB27=PUT_CALL_PARITY;MAR27=PUT_CALL_PARITY;DEC26=PUT_CALL_PARITY;JAN27=PUT_CALL_PARITY;APR27=PUT_CALL_PARITY;MAY27=PUT_CALL_PARITY;JUL27=PUT_CALL_PARITY;JUN27=PUT_CALL_PARITY;DEC29=PUT_CALL_PARITY;OCT27=PUT_CALL_PARITY;SEP27=PUT_CALL_PARITY;AUG27=PUT_CALL_PARITY;MAR28=PUT_CALL_PARITY;DEC27=PUT_CALL_PARITY;DEC28=PUT_CALL_PARITY;SEP28=PUT_CALL_PARITY;DEC30=PUT_CALL_PARITY;JUN28=PUT_CALL_PARITY,OCT26=7852.6;NOV26=7852;FEB27=7923.875;MAR27=7994;DEC26=7923.25;JAN27=7924.5;APR27=8008.375;MAY27=8011.875;JUL27=8099.625;JUN27=8066.75;DEC29=8852.375;SEP27=8159.875;AUG27=8105.75;MAR28=8279;DEC27=8177.5;DEC28=8506.75;SEP28=6112.0875;DEC30=9361.5;JUN28=8372.5,OCT27=GLOBAL_REFERENCE_NO_OBSERVATION;SEP28=GLOBAL_REFERENCE_OUTLIER_SERIES_FORWARD_CLUSTER,WEIGHTED_ATM,2026-10-16,6,685,0.0,NONE,11274,10812,462,0,0,RTM,MDW;MMW;MRW;MTW,OK,NONE,NONE,2026-10-07
SPX,7175.0,-20743452.60145464,34.097561722539396,0.0,0.0,0.0,0.0,0.0,0.0,7906.272501294064,7798.927498705937,7959.945002588127,7745.254997411874,DEC26,OCT26,2026-10-08,2026-12-18,7852.6,7825.767905144304,FOUND,DEGRADED,SPOT_MONTH_FALLBACK;UNKNOWN_SERIES;ESTIMATED_EXPIRY_ALIAS,2026-08-02.2,PUT_CALL_PARITY,OCT26,OCT26=PUT_CALL_PARITY;NOV26=PUT_CALL_PARITY;FEB27=PUT_CALL_PARITY;MAR27=PUT_CALL_PARITY;DEC26=PUT_CALL_PARITY;JAN27=PUT_CALL_PARITY;APR27=PUT_CALL_PARITY;MAY27=PUT_CALL_PARITY;JUL27=PUT_CALL_PARITY;JUN27=PUT_CALL_PARITY;DEC29=PUT_CALL_PARITY;OCT27=PUT_CALL_PARITY;SEP27=PUT_CALL_PARITY;AUG27=PUT_CALL_PARITY;MAR28=PUT_CALL_PARITY;DEC27=PUT_CALL_PARITY;DEC28=PUT_CALL_PARITY;SEP28=PUT_CALL_PARITY;DEC30=PUT_CALL_PARITY;JUN28=PUT_CALL_PARITY,OCT26=7852.6;NOV26=7852;FEB27=7923.875;MAR27=7994;DEC26=7923.25;JAN27=7924.5;APR27=8008.375;MAY27=8011.875;JUL27=8099.625;JUN27=8066.75;DEC29=8852.375;SEP27=8159.875;AUG27=8105.75;MAR28=8279;DEC27=8177.5;DEC28=8506.75;SEP28=6112.0875;DEC30=9361.5;JUN28=8372.5,OCT27=GLOBAL_REFERENCE_NO_OBSERVATION;SEP28=GLOBAL_REFERENCE_OUTLIER_SERIES_FORWARD_CLUSTER,WEIGHTED_ATM,2026-10-16,6,685,0.0,NONE,11274,10812,462,0,0,RTM,MDW;MMW;MRW;MTW,OK,NONE,NONE,2026-10-07
SPX,7180.0,-1789904.9240870778,3.029801345567692,0.0,0.0,0.0,0.0,0.0,0.0,7906.272501294064,7798.927498705937,7959.945002588127,7745.254997411874,DEC26,OCT26,2026-10-08,2026-12-18,7852.6,7825.767905144304,FOUND,DEGRADED,SPOT_MONTH_FALLBACK;UNKNOWN_SERIES;ESTIMATED_EXPIRY_ALIAS,2026-08-02.2,PUT_CALL_PARITY,OCT26,OCT26=PUT_CALL_PARITY;NOV26=PUT_CALL_PARITY;FEB27=PUT_CALL_PARITY;MAR27=PUT_CALL_PARITY;DEC26=PUT_CALL_PARITY;JAN27=PUT_CALL_PARITY;APR27=PUT_CALL_PARITY;MAY27=PUT_CALL_PARITY;JUL27=PUT_CALL_PARITY;JUN27=PUT_CALL_PARITY;DEC29=PUT_CALL_PARITY;OCT27=PUT_CALL_PARITY;SEP27=PUT_CALL_PARITY;AUG27=PUT_CALL_PARITY;MAR28=PUT_CALL_PARITY;DEC27=PUT_CALL_PARITY;DEC28=PUT_CALL_PARITY;SEP28=PUT_CALL_PARITY;DEC30=PUT_CALL_PARITY;JUN28=PUT_CALL_PARITY,OCT26=7852.6;NOV26=7852;FEB27=7923.875;MAR27=7994;DEC26=7923.25;JAN27=7924.5;APR27=8008.375;MAY27=8011.875;JUL27=8099.625;JUN27=8066.75;DEC29=8852.375;SEP27=8159.875;AUG27=8105.75;MAR28=8279;DEC27=8177.5;DEC28=8506.75;SEP28=6112.0875;DEC30=9361.5;JUN28=8372.5,OCT27=GLOBAL_REFERENCE_NO_OBSERVATION;SEP28=GLOBAL_REFERENCE_OUTLIER_SERIES_FORWARD_CLUSTER,WEIGHTED_ATM,2026-10-16,6,685,0.0,NONE,11274,10812,462,0,0,RTM,MDW;MMW;MRW;MTW,OK,NONE,NONE,2026-10-07
SPX,7185.0,-88698.00578531928,0.15723811479910244,0.0,0.0,0.0,0.0,0.0,0.0,7906.272501294064,7798.927498705937,7959.945002588127,7745.254997411874,DEC26,OCT26,2026-10-08,2026-12-18,7852.6,7825.767905144304,FOUND,DEGRADED,SPOT_MONTH_FALLBACK;UNKNOWN_SERIES;ESTIMATED_EXPIRY_ALIAS,2026-08-02.2,PUT_CALL_PARITY,OCT26,OCT26=PUT_CALL_PARITY;NOV26=PUT_CALL_PARITY;FEB27=PUT_CALL_PARITY;MAR27=PUT_CALL_PARITY;DEC26=PUT_CALL_PARITY;JAN27=PUT_CALL_PARITY;APR27=PUT_CALL_PARITY;MAY27=PUT_CALL_PARITY;JUL27=PUT_CALL_PARITY;JUN27=PUT_CALL_PARITY;DEC29=PUT_CALL_PARITY;OCT27=PUT_CALL_PARITY;SEP27=PUT_CALL_PARITY;AUG27=PUT_CALL_PARITY;MAR28=PUT_CALL_PARITY;DEC27=PUT_CALL_PARITY;DEC28=PUT_CALL_PARITY;SEP28=PUT_CALL_PARITY;DEC30=PUT_CALL_PARITY;JUN28=PUT_CALL_PARITY,OCT26=7852.6;NOV26=7852;FEB27=7923.875;MAR27=7994;DEC26=7923.25;JAN27=7924.5;APR27=8008.375;MAY27=8011.875;JUL27=8099.625;JUN27=8066.75;DEC29=8852.375;SEP27=8159.875;AUG27=8105.75;MAR28=8279;DEC27=8177.5;DEC28=8506.75;SEP28=6112.0875;DEC30=9361.5;JUN28=8372.5,OCT27=GLOBAL_REFERENCE_NO_OBSERVATION;SEP28=GLOBAL_REFERENCE_OUTLIER_SERIES_FORWARD_CLUSTER,WEIGHTED_ATM,2026-10-16,6,685,0.0,NONE,11274,10812,462,0,0,RTM,MDW;MMW;MRW;MTW,OK,NONE,NONE,2026-10-07
SPX,7190.0,-1809006.71262742,3.000617638580882,0.0,0.0,0.0,0.0,0.0,0.0,7906.272501294064,7798.927498705937,7959.945002588127,7745.254997411874,DEC26,OCT26,2026-10-08,2026-12-18,7852.6,7825.767905144304,FOUND,DEGRADED,SPOT_MONTH_FALLBACK;UNKNOWN_SERIES;ESTIMATED_EXPIRY_ALIAS,2026-08-02.2,PUT_CALL_PARITY,OCT26,OCT26=PUT_CALL_PARITY;NOV26=PUT_CALL_PARITY;FEB27=PUT_CALL_PARITY;MAR27=PUT_CALL_PARITY;DEC26=PUT_CALL_PARITY;JAN27=PUT_CALL_PARITY;APR27=PUT_CALL_PARITY;MAY27=PUT_CALL_PARITY;JUL27=PUT_CALL_PARITY;JUN27=PUT_CALL_PARITY;DEC29=PUT_CALL_PARITY;OCT27=PUT_CALL_PARITY;SEP27=PUT_CALL_PARITY;AUG27=PUT_CALL_PARITY;MAR28=PUT_CALL_PARITY;DEC27=PUT_CALL_PARITY;DEC28=PUT_CALL_PARITY;SEP28=PUT_CALL_PARITY;DEC30=PUT_CALL_PARITY;JUN28=PUT_CALL_PARITY,OCT26=7852.6;NOV26=7852;FEB27=7923.875;MAR27=7994;DEC26=7923.25;JAN27=7924.5;APR27=8008.375;MAY27=8011.875;JUL27=8099.625;JUN27=8066.75;DEC29=8852.375;SEP27=8159.875;AUG27=8105.75;MAR28=8279;DEC27=8177.5;DEC28=8506.75;SEP28=6112.0875;DEC30=9361.5;JUN28=8372.5,OCT27=GLOBAL_REFERENCE_NO_OBSERVATION;SEP28=GLOBAL_REFERENCE_OUTLIER_SERIES_FORWARD_CLUSTER,WEIGHTED_ATM,2026-10-16,6,685,0.0,NONE,11274,10812,462,0,0,RTM,MDW;MMW;MRW;MTW,OK,NONE,NONE,2026-10-07
SPX,7195.0,-25571.52017757664,0.04146957603682919,0.0,0.0,0.0,0.0,0.0,0.0,7906.272501294064,7798.927498705937,7959.945002588127,7745.254997411874,DEC26,OCT26,2026-10-08,2026-12-18,7852.6,7825.767905144304,FOUND,DEGRADED,SPOT_MONTH_FALLBACK;UNKNOWN_SERIES;ESTIMATED_EXPIRY_ALIAS,2026-08-02.2,PUT_CALL_PARITY,OCT26,OCT26=PUT_CALL_PARITY;NOV26=PUT_CALL_PARITY;FEB27=PUT_CALL_PARITY;MAR27=PUT_CALL_PARITY;DEC26=PUT_CALL_PARITY;JAN27=PUT_CALL_PARITY;APR27=PUT_CALL_PARITY;MAY27=PUT_CALL_PARITY;JUL27=PUT_CALL_PARITY;JUN27=PUT_CALL_PARITY;DEC29=PUT_CALL_PARITY;OCT27=PUT_CALL_PARITY;SEP27=PUT_CALL_PARITY;AUG27=PUT_CALL_PARITY;MAR28=PUT_CALL_PARITY;DEC27=PUT_CALL_PARITY;DEC28=PUT_CALL_PARITY;SEP28=PUT_CALL_PARITY;DEC30=PUT_CALL_PARITY;JUN28=PUT_CALL_PARITY,OCT26=7852.6;NOV26=7852;FEB27=7923.875;MAR27=7994;DEC26=7923.25;JAN27=7924.5;APR27=8008.375;MAY27=8011.875;JUL27=8099.625;JUN27=8066.75;DEC29=8852.375;SEP27=8159.875;AUG27=8105.75;MAR28=8279;DEC27=8177.5;DEC28=8506.75;SEP28=6112.0875;DEC30=9361.5;JUN28=8372.5,OCT27=GLOBAL_REFERENCE_NO_OBSERVATION;SEP28=GLOBAL_REFERENCE_OUTLIER_SERIES_FORWARD_CLUSTER,WEIGHTED_ATM,2026-10-16,6,685,0.0,NONE,11274,10812,462,0,0,RTM,MDW;MMW;MRW;MTW,OK,NONE,NONE,2026-10-07
SPX,7200.0,-330293871.9408703,684.6992723064701,0.0,0.0,0.0,0.0,0.0,0.0,7906.272501294064,7798.927498705937,7959.945002588127,7745.254997411874,DEC26,OCT26,2026-10-08,2026-12-18,7852.6,7825.767905144304,FOUND,DEGRADED,SPOT_MONTH_FALLBACK;UNKNOWN_SERIES;ESTIMATED_EXPIRY_ALIAS,2026-08-02.2,PUT_CALL_PARITY,OCT26,OCT26=PUT_CALL_PARITY;NOV26=PUT_CALL_PARITY;FEB27=PUT_CALL_PARITY;MAR27=PUT_CALL_PARITY;DEC26=PUT_CALL_PARITY;JAN27=PUT_CALL_PARITY;APR27=PUT_CALL_PARITY;MAY27=PUT_CALL_PARITY;JUL27=PUT_CALL_PARITY;JUN27=PUT_CALL_PARITY;DEC29=PUT_CALL_PARITY;OCT27=PUT_CALL_PARITY;SEP27=PUT_CALL_PARITY;AUG27=PUT_CALL_PARITY;MAR28=PUT_CALL_PARITY;DEC27=PUT_CALL_PARITY;DEC28=PUT_CALL_PARITY;SEP28=PUT_CALL_PARITY;DEC30=PUT_CALL_PARITY;JUN28=PUT_CALL_PARITY,OCT26=7852.6;NOV26=7852;FEB27=7923.875;MAR27=7994;DEC26=7923.25;JAN27=7924.5;APR27=8008.375;MAY27=8011.875;JUL27=8099.625;JUN27=8066.75;DEC29=8852.375;SEP27=8159.875;AUG27=8105.75;MAR28=8279;DEC27=8177.5;DEC28=8506.75;SEP28=6112.0875;DEC30=9361.5;JUN28=8372.5,OCT27=GLOBAL_REFERENCE_NO_OBSERVATION;SEP28=GLOBAL_REFERENCE_OUTLIER_SERIES_FORWARD_CLUSTER,WEIGHTED_ATM,2026-10-16,6,685,0.0,NONE,11274,10812,462,0,0,RTM,MDW;MMW;MRW;MTW,OK,NONE,NONE,2026-10-07
SPX,7205.0,-106633.68939726055,0.1785811165227454,0.0,0.0,0.0,0.0,0.0,0.0,7906.272501294064,7798.927498705937,7959.945002588127,7745.254997411874,DEC26,OCT26,2026-10-08,2026-12-18,7852.6,7825.767905144304,FOUND,DEGRADED,SPOT_MONTH_FALLBACK;UNKNOWN_SERIES;ESTIMATED_EXPIRY_ALIAS,2026-08-02.2,PUT_CALL_PARITY,OCT26,OCT26=PUT_CALL_PARITY;NOV26=PUT_CALL_PARITY;FEB27=PUT_CALL_PARITY;MAR27=PUT_CALL_PARITY;DEC26=PUT_CALL_PARITY;JAN27=PUT_CALL_PARITY;APR27=PUT_CALL_PARITY;MAY27=PUT_CALL_PARITY;JUL27=PUT_CALL_PARITY;JUN27=PUT_CALL_PARITY;DEC29=PUT_CALL_PARITY;OCT27=PUT_CALL_PARITY;SEP27=PUT_CALL_PARITY;AUG27=PUT_CALL_PARITY;MAR28=PUT_CALL_PARITY;DEC27=PUT_CALL_PARITY;DEC28=PUT_CALL_PARITY;SEP28=PUT_CALL_PARITY;DEC30=PUT_CALL_PARITY;JUN28=PUT_CALL_PARITY,OCT26=7852.6;NOV26=7852;FEB27=7923.875;MAR27=7994;DEC26=7923.25;JAN27=7924.5;APR27=8008.375;MAY27=8011.875;JUL27=8099.625;JUN27=8066.75;DEC29=8852.375;SEP27=8159.875;AUG27=8105.75;MAR28=8279;DEC27=8177.5;DEC28=8506.75;SEP28=6112.0875;DEC30=9361.5;JUN28=8372.5,OCT27=GLOBAL_REFERENCE_NO_OBSERVATION;SEP28=GLOBAL_REFERENCE_OUTLIER_SERIES_FORWARD_CLUSTER,WEIGHTED_ATM,2026-10-16,6,685,0.0,NONE,11274,10812,462,0,0,RTM,MDW;MMW;MRW;MTW,OK,NONE,NONE,2026-10-07
SPX,7210.0,-1621921.032936968,2.898139955270835,0.0,0.0,0.0,0.0,0.0,0.0,7906.272501294064,7798.927498705937,7959.945002588127,7745.254997411874,DEC26,OCT26,2026-10-08,2026-12-18,7852.6,7825.767905144304,FOUND,DEGRADED,SPOT_MONTH_FALLBACK;UNKNOWN_SERIES;ESTIMATED_EXPIRY_ALIAS,2026-08-02.2,PUT_CALL_PARITY,OCT26,OCT26=PUT_CALL_PARITY;NOV26=PUT_CALL_PARITY;FEB27=PUT_CALL_PARITY;MAR27=PUT_CALL_PARITY;DEC26=PUT_CALL_PARITY;JAN27=PUT_CALL_PARITY;APR27=PUT_CALL_PARITY;MAY27=PUT_CALL_PARITY;JUL27=PUT_CALL_PARITY;JUN27=PUT_CALL_PARITY;DEC29=PUT_CALL_PARITY;OCT27=PUT_CALL_PARITY;SEP27=PUT_CALL_PARITY;AUG27=PUT_CALL_PARITY;MAR28=PUT_CALL_PARITY;DEC27=PUT_CALL_PARITY;DEC28=PUT_CALL_PARITY;SEP28=PUT_CALL_PARITY;DEC30=PUT_CALL_PARITY;JUN28=PUT_CALL_PARITY,OCT26=7852.6;NOV26=7852;FEB27=7923.875;MAR27=7994;DEC26=7923.25;JAN27=7924.5;APR27=8008.375;MAY27=8011.875;JUL27=8099.625;JUN27=8066.75;DEC29=8852.375;SEP27=8159.875;AUG27=8105.75;MAR28=8279;DEC27=8177.5;DEC28=8506.75;SEP28=6112.0875;DEC30=9361.5;JUN28=8372.5,OCT27=GLOBAL_REFERENCE_NO_OBSERVATION;SEP28=GLOBAL_REFERENCE_OUTLIER_SERIES_FORWARD_CLUSTER,WEIGHTED_ATM,2026-10-16,6,685,0.0,NONE,11274,10812,462,0,0,RTM,MDW;MMW;MRW;MTW,OK,NONE,NONE,2026-10-07
SPX,7215.0,-23281.340157940216,0.04065984401937491,0.0,0.0,0.0,0.0,0.0,0.0,7906.272501294064,7798.927498705937,7959.945002588127,7745.254997411874,DEC26,OCT26,2026-10-08,2026-12-18,7852.6,7825.767905144304,FOUND,DEGRADED,SPOT_MONTH_FALLBACK;UNKNOWN_SERIES;ESTIMATED_EXPIRY_ALIAS,2026-08-02.2,PUT_CALL_PARITY,OCT26,OCT26=PUT_CALL_PARITY;NOV26=PUT_CALL_PARITY;FEB27=PUT_CALL_PARITY;MAR27=PUT_CALL_PARITY;DEC26=PUT_CALL_PARITY;JAN27=PUT_CALL_PARITY;APR27=PUT_CALL_PARITY;MAY27=PUT_CALL_PARITY;JUL27=PUT_CALL_PARITY;JUN27=PUT_CALL_PARITY;DEC29=PUT_CALL_PARITY;OCT27=PUT_CALL_PARITY;SEP27=PUT_CALL_PARITY;AUG27=PUT_CALL_PARITY;MAR28=PUT_CALL_PARITY;DEC27=PUT_CALL_PARITY;DEC28=PUT_CALL_PARITY;SEP28=PUT_CALL_PARITY;DEC30=PUT_CALL_PARITY;JUN28=PUT_CALL_PARITY,OCT26=7852.6;NOV26=7852;FEB27=7923.875;MAR27=7994;DEC26=7923.25;JAN27=7924.5;APR27=8008.375;MAY27=8011.875;JUL27=8099.625;JUN27=8066.75;DEC29=8852.375;SEP27=8159.875;AUG27=8105.75;MAR28=8279;DEC27=8177.5;DEC28=8506.75;SEP28=6112.0875;DEC30=9361.5;JUN28=8372.5,OCT27=GLOBAL_REFERENCE_NO_OBSERVATION;SEP28=GLOBAL_REFERENCE_OUTLIER_SERIES_FORWARD_CLUSTER,WEIGHTED_ATM,2026-10-16,6,685,0.0,NONE,11274,10812,462,0,0,RTM,MDW;MMW;MRW;MTW,OK,NONE,NONE,2026-10-07
SPX,7220.0,-3581004.016659768,5.955249106902885,0.0,0.0,0.0,0.0,0.0,0.0,7906.272501294064,7798.927498705937,7959.945002588127,7745.254997411874,DEC26,OCT26,2026-10-08,2026-12-18,7852.6,7825.767905144304,FOUND,DEGRADED,SPOT_MONTH_FALLBACK;UNKNOWN_SERIES;ESTIMATED_EXPIRY_ALIAS,2026-08-02.2,PUT_CALL_PARITY,OCT26,OCT26=PUT_CALL_PARITY;NOV26=PUT_CALL_PARITY;FEB27=PUT_CALL_PARITY;MAR27=PUT_CALL_PARITY;DEC26=PUT_CALL_PARITY;JAN27=PUT_CALL_PARITY;APR27=PUT_CALL_PARITY;MAY27=PUT_CALL_PARITY;JUL27=PUT_CALL_PARITY;JUN27=PUT_CALL_PARITY;DEC29=PUT_CALL_PARITY;OCT27=PUT_CALL_PARITY;SEP27=PUT_CALL_PARITY;AUG27=PUT_CALL_PARITY;MAR28=PUT_CALL_PARITY;DEC27=PUT_CALL_PARITY;DEC28=PUT_CALL_PARITY;SEP28=PUT_CALL_PARITY;DEC30=PUT_CALL_PARITY;JUN28=PUT_CALL_PARITY,OCT26=7852.6;NOV26=7852;FEB27=7923.875;MAR27=7994;DEC26=7923.25;JAN27=7924.5;APR27=8008.375;MAY27=8011.875;JUL27=8099.625;JUN27=8066.75;DEC29=8852.375;SEP27=8159.875;AUG27=8105.75;MAR28=8279;DEC27=8177.5;DEC28=8506.75;SEP28=6112.0875;DEC30=9361.5;JUN28=8372.5,OCT27=GLOBAL_REFERENCE_NO_OBSERVATION;SEP28=GLOBAL_REFERENCE_OUTLIER_SERIES_FORWARD_CLUSTER,WEIGHTED_ATM,2026-10-16,6,685,0.0,NONE,11274,10812,462,0,0,RTM,MDW;MMW;MRW;MTW,OK,NONE,NONE,2026-10-07
SPX,7225.0,-96938256.99149299,157.55665395794853,0.0,0.0,0.0,0.0,0.0,0.0,7906.272501294064,7798.927498705937,7959.945002588127,7745.254997411874,DEC26,OCT26,2026-10-08,2026-12-18,7852.6,7825.767905144304,FOUND,DEGRADED,SPOT_MONTH_FALLBACK;UNKNOWN_SERIES;ESTIMATED_EXPIRY_ALIAS,2026-08-02.2,PUT_CALL_PARITY,OCT26,OCT26=PUT_CALL_PARITY;NOV26=PUT_CALL_PARITY;FEB27=PUT_CALL_PARITY;MAR27=PUT_CALL_PARITY;DEC26=PUT_CALL_PARITY;JAN27=PUT_CALL_PARITY;APR27=PUT_CALL_PARITY;MAY27=PUT_CALL_PARITY;JUL27=PUT_CALL_PARITY;JUN27=PUT_CALL_PARITY;DEC29=PUT_CALL_PARITY;OCT27=PUT_CALL_PARITY;SEP27=PUT_CALL_PARITY;AUG27=PUT_CALL_PARITY;MAR28=PUT_CALL_PARITY;DEC27=PUT_CALL_PARITY;DEC28=PUT_CALL_PARITY;SEP28=PUT_CALL_PARITY;DEC30=PUT_CALL_PARITY;JUN28=PUT_CALL_PARITY,OCT26=7852.6;NOV26=7852;FEB27=7923.875;MAR27=7994;DEC26=7923.25;JAN27=7924.5;APR27=8008.375;MAY27=8011.875;JUL27=8099.625;JUN27=8066.75;DEC29=8852.375;SEP27=8159.875;AUG27=8105.75;MAR28=8279;DEC27=8177.5;DEC28=8506.75;SEP28=6112.0875;DEC30=9361.5;JUN28=8372.5,OCT27=GLOBAL_REFERENCE_NO_OBSERVATION;SEP28=GLOBAL_REFERENCE_OUTLIER_SERIES_FORWARD_CLUSTER,WEIGHTED_ATM,2026-10-16,6,685,0.0,NONE,11274,10812,462,0,0,RTM,MDW;MMW;MRW;MTW,OK,NONE,NONE,2026-10-07
SPX,7230.0,-9059313.937980406,15.149073348699273,0.0,0.0,0.0,0.0,0.0,0.0,7906.272501294064,7798.927498705937,7959.945002588127,7745.254997411874,DEC26,OCT26,2026-10-08,2026-12-18,7852.6,7825.767905144304,FOUND,DEGRADED,SPOT_MONTH_FALLBACK;UNKNOWN_SERIES;ESTIMATED_EXPIRY_ALIAS,2026-08-02.2,PUT_CALL_PARITY,OCT26,OCT26=PUT_CALL_PARITY;NOV26=PUT_CALL_PARITY;FEB27=PUT_CALL_PARITY;MAR27=PUT_CALL_PARITY;DEC26=PUT_CALL_PARITY;JAN27=PUT_CALL_PARITY;APR27=PUT_CALL_PARITY;MAY27=PUT_CALL_PARITY;JUL27=PUT_CALL_PARITY;JUN27=PUT_CALL_PARITY;DEC29=PUT_CALL_PARITY;OCT27=PUT_CALL_PARITY;SEP27=PUT_CALL_PARITY;AUG27=PUT_CALL_PARITY;MAR28=PUT_CALL_PARITY;DEC27=PUT_CALL_PARITY;DEC28=PUT_CALL_PARITY;SEP28=PUT_CALL_PARITY;DEC30=PUT_CALL_PARITY;JUN28=PUT_CALL_PARITY,OCT26=7852.6;NOV26=7852;FEB27=7923.875;MAR27=7994;DEC26=7923.25;JAN27=7924.5;APR27=8008.375;MAY27=8011.875;JUL27=8099.625;JUN27=8066.75;DEC29=8852.375;SEP27=8159.875;AUG27=8105.75;MAR28=8279;DEC27=8177.5;DEC28=8506.75;SEP28=6112.0875;DEC30=9361.5;JUN28=8372.5,OCT27=GLOBAL_REFERENCE_NO_OBSERVATION;SEP28=GLOBAL_REFERENCE_OUTLIER_SERIES_FORWARD_CLUSTER,WEIGHTED_ATM,2026-10-16,6,685,0.0,NONE,11274,10812,462,0,0,RTM,MDW;MMW;MRW;MTW,OK,NONE,NONE,2026-10-07
SPX,7235.0,-459762.1687144915,0.7548130667796229,0.0,0.0,0.0,0.0,0.0,0.0,7906.272501294064,7798.927498705937,7959.945002588127,7745.254997411874,DEC26,OCT26,2026-10-08,2026-12-18,7852.6,7825.767905144304,FOUND,DEGRADED,SPOT_MONTH_FALLBACK;UNKNOWN_SERIES;ESTIMATED_EXPIRY_ALIAS,2026-08-02.2,PUT_CALL_PARITY,OCT26,OCT26=PUT_CALL_PARITY;NOV26=PUT_CALL_PARITY;FEB27=PUT_CALL_PARITY;MAR27=PUT_CALL_PARITY;DEC26=PUT_CALL_PARITY;JAN27=PUT_CALL_PARITY;APR27=PUT_CALL_PARITY;MAY27=PUT_CALL_PARITY;JUL27=PUT_CALL_PARITY;JUN27=PUT_CALL_PARITY;DEC29=PUT_CALL_PARITY;OCT27=PUT_CALL_PARITY;SEP27=PUT_CALL_PARITY;AUG27=PUT_CALL_PARITY;MAR28=PUT_CALL_PARITY;DEC27=PUT_CALL_PARITY;DEC28=PUT_CALL_PARITY;SEP28=PUT_CALL_PARITY;DEC30=PUT_CALL_PARITY;JUN28=PUT_CALL_PARITY,OCT26=7852.6;NOV26=7852;FEB27=7923.875;MAR27=7994;DEC26=7923.25;JAN27=7924.5;APR27=8008.375;MAY27=8011.875;JUL27=8099.625;JUN27=8066.75;DEC29=8852.375;SEP27=8159.875;AUG27=8105.75;MAR28=8279;DEC27=8177.5;DEC28=8506.75;SEP28=6112.0875;DEC30=9361.5;JUN28=8372.5,OCT27=GLOBAL_REFERENCE_NO_OBSERVATION;SEP28=GLOBAL_REFERENCE_OUTLIER_SERIES_FORWARD_CLUSTER,WEIGHTED_ATM,2026-10-16,6,685,0.0,NONE,11274,10812,462,0,0,RTM,MDW;MMW;MRW;MTW,OK,NONE,NONE,2026-10-07
SPX,7240.0,-2323727.2849396034,4.129918671935039,0.0,0.0,0.0,0.0,0.0,0.0,7906.272501294064,7798.927498705937,7959.945002588127,7745.254997411874,DEC26,OCT26,2026-10-08,2026-12-18,7852.6,7825.767905144304,FOUND,DEGRADED,SPOT_MONTH_FALLBACK;UNKNOWN_SERIES;ESTIMATED_EXPIRY_ALIAS,2026-08-02.2,PUT_CALL_PARITY,OCT26,OCT26=PUT_CALL_PARITY;NOV26=PUT_CALL_PARITY;FEB27=PUT_CALL_PARITY;MAR27=PUT_CALL_PARITY;DEC26=PUT_CALL_PARITY;JAN27=PUT_CALL_PARITY;APR27=PUT_CALL_PARITY;MAY27=PUT_CALL_PARITY;JUL27=PUT_CALL_PARITY;JUN27=PUT_CALL_PARITY;DEC29=PUT_CALL_PARITY;OCT27=PUT_CALL_PARITY;SEP27=PUT_CALL_PARITY;AUG27=PUT_CALL_PARITY;MAR28=PUT_CALL_PARITY;DEC27=PUT_CALL_PARITY;DEC28=PUT_CALL_PARITY;SEP28=PUT_CALL_PARITY;DEC30=PUT_CALL_PARITY;JUN28=PUT_CALL_PARITY,OCT26=7852.6;NOV26=7852;FEB27=7923.875;MAR27=7994;DEC26=7923.25;JAN27=7924.5;APR27=8008.375;MAY27=8011.875;JUL27=8099.625;JUN27=8066.75;DEC29=8852.375;SEP27=8159.875;AUG27=8105.75;MAR28=8279;DEC27=8177.5;DEC28=8506.75;SEP28=6112.0875;DEC30=9361.5;JUN28=8372.5,OCT27=GLOBAL_REFERENCE_NO_OBSERVATION;SEP28=GLOBAL_REFERENCE_OUTLIER_SERIES_FORWARD_CLUSTER,WEIGHTED_ATM,2026-10-16,6,685,0.0,NONE,11274,10812,462,0,0,RTM,MDW;MMW;MRW;MTW,OK,NONE,NONE,2026-10-07
SPX,7245.0,-234755.82294384678,0.4059825104459469,0.0,0.0,0.0,0.0,0.0,0.0,7906.272501294064,7798.927498705937,7959.945002588127,7745.254997411874,DEC26,OCT26,2026-10-08,2026-12-18,7852.6,7825.767905144304,FOUND,DEGRADED,SPOT_MONTH_FALLBACK;UNKNOWN_SERIES;ESTIMATED_EXPIRY_ALIAS,2026-08-02.2,PUT_CALL_PARITY,OCT26,OCT26=PUT_CALL_PARITY;NOV26=PUT_CALL_PARITY;FEB27=PUT_CALL_PARITY;MAR27=PUT_CALL_PARITY;DEC26=PUT_CALL_PARITY;JAN27=PUT_CALL_PARITY;APR27=PUT_CALL_PARITY;MAY27=PUT_CALL_PARITY;JUL27=PUT_CALL_PARITY;JUN27=PUT_CALL_PARITY;DEC29=PUT_CALL_PARITY;OCT27=PUT_CALL_PARITY;SEP27=PUT_CALL_PARITY;AUG27=PUT_CALL_PARITY;MAR28=PUT_CALL_PARITY;DEC27=PUT_CALL_PARITY;DEC28=PUT_CALL_PARITY;SEP28=PUT_CALL_PARITY;DEC30=PUT_CALL_PARITY;JUN28=PUT_CALL_PARITY,OCT26=7852.6;NOV26=7852;FEB27=7923.875;MAR27=7994;DEC26=7923.25;JAN27=7924.5;APR27=8008.375;MAY27=8011.875;JUL27=8099.625;JUN27=8066.75;DEC29=8852.375;SEP27=8159.875;AUG27=8105.75;MAR28=8279;DEC27=8177.5;DEC28=8506.75;SEP28=6112.0875;DEC30=9361.5;JUN28=8372.5,OCT27=GLOBAL_REFERENCE_NO_OBSERVATION;SEP28=GLOBAL_REFERENCE_OUTLIER_SERIES_FORWARD_CLUSTER,WEIGHTED_ATM,2026-10-16,6,685,0.0,NONE,11274,10812,462,0,0,RTM,MDW;MMW;MRW;MTW,OK,NONE,NONE,2026-10-07
SPX,7250.0,-319652889.43325907,596.1334327230734,0.0,0.0,0.0,0.0,0.0,0.0,7906.272501294064,7798.927498705937,7959.945002588127,7745.254997411874,DEC26,OCT26,2026-10-08,2026-12-18,7852.6,7825.767905144304,FOUND,DEGRADED,SPOT_MONTH_FALLBACK;UNKNOWN_SERIES;ESTIMATED_EXPIRY_ALIAS,2026-08-02.2,PUT_CALL_PARITY,OCT26,OCT26=PUT_CALL_PARITY;NOV26=PUT_CALL_PARITY;FEB27=PUT_CALL_PARITY;MAR27=PUT_CALL_PARITY;DEC26=PUT_CALL_PARITY;JAN27=PUT_CALL_PARITY;APR27=PUT_CALL_PARITY;MAY27=PUT_CALL_PARITY;JUL27=PUT_CALL_PARITY;JUN27=PUT_CALL_PARITY;DEC29=PUT_CALL_PARITY;OCT27=PUT_CALL_PARITY;SEP27=PUT_CALL_PARITY;AUG27=PUT_CALL_PARITY;MAR28=PUT_CALL_PARITY;DEC27=PUT_CALL_PARITY;DEC28=PUT_CALL_PARITY;SEP28=PUT_CALL_PARITY;DEC30=PUT_CALL_PARITY;JUN28=PUT_CALL_PARITY,OCT26=7852.6;NOV26=7852;FEB27=7923.875;MAR27=7994;DEC26=7923.25;JAN27=7924.5;APR27=8008.375;MAY27=8011.875;JUL27=8099.625;JUN27=8066.75;DEC29=8852.375;SEP27=8159.875;AUG27=8105.75;MAR28=8279;DEC27=8177.5;DEC28=8506.75;SEP28=6112.0875;DEC30=9361.5;JUN28=8372.5,OCT27=GLOBAL_REFERENCE_NO_OBSERVATION;SEP28=GLOBAL_REFERENCE_OUTLIER_SERIES_FORWARD_CLUSTER,WEIGHTED_ATM,2026-10-16,6,685,0.0,NONE,11274,10812,462,0,0,RTM,MDW;MMW;MRW;MTW,OK,NONE,NONE,2026-10-07
SPX,7255.0,-17006.104552280074,0.050345592597035506,0.0,0.0,0.0,0.0,0.0,0.0,7906.272501294064,7798.927498705937,7959.945002588127,7745.254997411874,DEC26,OCT26,2026-10-08,2026-12-18,7852.6,7825.767905144304,FOUND,DEGRADED,SPOT_MONTH_FALLBACK;UNKNOWN_SERIES;ESTIMATED_EXPIRY_ALIAS,2026-08-02.2,PUT_CALL_PARITY,OCT26,OCT26=PUT_CALL_PARITY;NOV26=PUT_CALL_PARITY;FEB27=PUT_CALL_PARITY;MAR27=PUT_CALL_PARITY;DEC26=PUT_CALL_PARITY;JAN27=PUT_CALL_PARITY;APR27=PUT_CALL_PARITY;MAY27=PUT_CALL_PARITY;JUL27=PUT_CALL_PARITY;JUN27=PUT_CALL_PARITY;DEC29=PUT_CALL_PARITY;OCT27=PUT_CALL_PARITY;SEP27=PUT_CALL_PARITY;AUG27=PUT_CALL_PARITY;MAR28=PUT_CALL_PARITY;DEC27=PUT_CALL_PARITY;DEC28=PUT_CALL_PARITY;SEP28=PUT_CALL_PARITY;DEC30=PUT_CALL_PARITY;JUN28=PUT_CALL_PARITY,OCT26=7852.6;NOV26=7852;FEB27=7923.875;MAR27=7994;DEC26=7923.25;JAN27=7924.5;APR27=8008.375;MAY27=8011.875;JUL27=8099.625;JUN27=8066.75;DEC29=8852.375;SEP27=8159.875;AUG27=8105.75;MAR28=8279;DEC27=8177.5;DEC28=8506.75;SEP28=6112.0875;DEC30=9361.5;JUN28=8372.5,OCT27=GLOBAL_REFERENCE_NO_OBSERVATION;SEP28=GLOBAL_REFERENCE_OUTLIER_SERIES_FORWARD_CLUSTER,WEIGHTED_ATM,2026-10-16,6,685,0.0,NONE,11274,10812,462,0,0,RTM,MDW;MMW;MRW;MTW,OK,NONE,NONE,2026-10-07
SPX,7260.0,-2370879.355103833,4.575175343055009,0.0,0.0,0.0,0.0,0.0,0.0,7906.272501294064,7798.927498705937,7959.945002588127,7745.254997411874,DEC26,OCT26,2026-10-08,2026-12-18,7852.6,7825.767905144304,FOUND,DEGRADED,SPOT_MONTH_FALLBACK;UNKNOWN_SERIES;ESTIMATED_EXPIRY_ALIAS,2026-08-02.2,PUT_CALL_PARITY,OCT26,OCT26=PUT_CALL_PARITY;NOV26=PUT_CALL_PARITY;FEB27=PUT_CALL_PARITY;MAR27=PUT_CALL_PARITY;DEC26=PUT_CALL_PARITY;JAN27=PUT_CALL_PARITY;APR27=PUT_CALL_PARITY;MAY27=PUT_CALL_PARITY;JUL27=PUT_CALL_PARITY;JUN27=PUT_CALL_PARITY;DEC29=PUT_CALL_PARITY;OCT27=PUT_CALL_PARITY;SEP27=PUT_CALL_PARITY;AUG27=PUT_CALL_PARITY;MAR28=PUT_CALL_PARITY;DEC27=PUT_CALL_PARITY;DEC28=PUT_CALL_PARITY;SEP28=PUT_CALL_PARITY;DEC30=PUT_CALL_PARITY;JUN28=PUT_CALL_PARITY,OCT26=7852.6;NOV26=7852;FEB27=7923.875;MAR27=7994;DEC26=7923.25;JAN27=7924.5;APR27=8008.375;MAY27=8011.875;JUL27=8099.625;JUN27=8066.75;DEC29=8852.375;SEP27=8159.875;AUG27=8105.75;MAR28=8279;DEC27=8177.5;DEC28=8506.75;SEP28=6112.0875;DEC30=9361.5;JUN28=8372.5,OCT27=GLOBAL_REFERENCE_NO_OBSERVATION;SEP28=GLOBAL_REFERENCE_OUTLIER_SERIES_FORWARD_CLUSTER,WEIGHTED_ATM,2026-10-16,6,685,0.0,NONE,11274,10812,462,0,0,RTM,MDW;MMW;MRW;MTW,OK,NONE,NONE,2026-10-07
SPX,7265.0,-476588.27627583675,0.7996828315012918,0.0,0.0,0.0,0.0,0.0,0.0,7906.272501294064,7798.927498705937,7959.945002588127,7745.254997411874,DEC26,OCT26,2026-10-08,2026-12-18,7852.6,7825.767905144304,FOUND,DEGRADED,SPOT_MONTH_FALLBACK;UNKNOWN_SERIES;ESTIMATED_EXPIRY_ALIAS,2026-08-02.2,PUT_CALL_PARITY,OCT26,OCT26=PUT_CALL_PARITY;NOV26=PUT_CALL_PARITY;FEB27=PUT_CALL_PARITY;MAR27=PUT_CALL_PARITY;DEC26=PUT_CALL_PARITY;JAN27=PUT_CALL_PARITY;APR27=PUT_CALL_PARITY;MAY27=PUT_CALL_PARITY;JUL27=PUT_CALL_PARITY;JUN27=PUT_CALL_PARITY;DEC29=PUT_CALL_PARITY;OCT27=PUT_CALL_PARITY;SEP27=PUT_CALL_PARITY;AUG27=PUT_CALL_PARITY;MAR28=PUT_CALL_PARITY;DEC27=PUT_CALL_PARITY;DEC28=PUT_CALL_PARITY;SEP28=PUT_CALL_PARITY;DEC30=PUT_CALL_PARITY;JUN28=PUT_CALL_PARITY,OCT26=7852.6;NOV26=7852;FEB27=7923.875;MAR27=7994;DEC26=7923.25;JAN27=7924.5;APR27=8008.375;MAY27=8011.875;JUL27=8099.625;JUN27=8066.75;DEC29=8852.375;SEP27=8159.875;AUG27=8105.75;MAR28=8279;DEC27=8177.5;DEC28=8506.75;SEP28=6112.0875;DEC30=9361.5;JUN28=8372.5,OCT27=GLOBAL_REFERENCE_NO_OBSERVATION;SEP28=GLOBAL_REFERENCE_OUTLIER_SERIES_FORWARD_CLUSTER,WEIGHTED_ATM,2026-10-16,6,685,0.0,NONE,11274,10812,462,0,0,RTM,MDW;MMW;MRW;MTW,OK,NONE,NONE,2026-10-07
SPX,7270.0,-3974110.8790998515,7.149317740217735,0.0,0.0,0.0,0.0,0.0,0.0,7906.272501294064,7798.927498705937,7959.945002588127,7745.254997411874,DEC26,OCT26,2026-10-08,2026-12-18,7852.6,7825.767905144304,FOUND,DEGRADED,SPOT_MONTH_FALLBACK;UNKNOWN_SERIES;ESTIMATED_EXPIRY_ALIAS,2026-08-02.2,PUT_CALL_PARITY,OCT26,OCT26=PUT_CALL_PARITY;NOV26=PUT_CALL_PARITY;FEB27=PUT_CALL_PARITY;MAR27=PUT_CALL_PARITY;DEC26=PUT_CALL_PARITY;JAN27=PUT_CALL_PARITY;APR27=PUT_CALL_PARITY;MAY27=PUT_CALL_PARITY;JUL27=PUT_CALL_PARITY;JUN27=PUT_CALL_PARITY;DEC29=PUT_CALL_PARITY;OCT27=PUT_CALL_PARITY;SEP27=PUT_CALL_PARITY;AUG27=PUT_CALL_PARITY;MAR28=PUT_CALL_PARITY;DEC27=PUT_CALL_PARITY;DEC28=PUT_CALL_PARITY;SEP28=PUT_CALL_PARITY;DEC30=PUT_CALL_PARITY;JUN28=PUT_CALL_PARITY,OCT26=7852.6;NOV26=7852;FEB27=7923.875;MAR27=7994;DEC26=7923.25;JAN27=7924.5;APR27=8008.375;MAY27=8011.875;JUL27=8099.625;JUN27=8066.75;DEC29=8852.375;SEP27=8159.875;AUG27=8105.75;MAR28=8279;DEC27=8177.5;DEC28=8506.75;SEP28=6112.0875;DEC30=9361.5;JUN28=8372.5,OCT27=GLOBAL_REFERENCE_NO_OBSERVATION;SEP28=GLOBAL_REFERENCE_OUTLIER_SERIES_FORWARD_CLUSTER,WEIGHTED_ATM,2026-10-16,6,685,0.0,NONE,11274,10812,462,0,0,RTM,MDW;MMW;MRW;MTW,OK,NONE,NONE,2026-10-07
SPX,7275.0,-50607703.20189625,83.11041242576093,0.0,0.0,0.0,0.0,0.0,0.0,7906.272501294064,7798.927498705937,7959.945002588127,7745.254997411874,DEC26,OCT26,2026-10-08,2026-12-18,7852.6,7825.767905144304,FOUND,DEGRADED,SPOT_MONTH_FALLBACK;UNKNOWN_SERIES;ESTIMATED_EXPIRY_ALIAS,2026-08-02.2,PUT_CALL_PARITY,OCT26,OCT26=PUT_CALL_PARITY;NOV26=PUT_CALL_PARITY;FEB27=PUT_CALL_PARITY;MAR27=PUT_CALL_PARITY;DEC26=PUT_CALL_PARITY;JAN27=PUT_CALL_PARITY;APR27=PUT_CALL_PARITY;MAY27=PUT_CALL_PARITY;JUL27=PUT_CALL_PARITY;JUN27=PUT_CALL_PARITY;DEC29=PUT_CALL_PARITY;OCT27=PUT_CALL_PARITY;SEP27=PUT_CALL_PARITY;AUG27=PUT_CALL_PARITY;MAR28=PUT_CALL_PARITY;DEC27=PUT_CALL_PARITY;DEC28=PUT_CALL_PARITY;SEP28=PUT_CALL_PARITY;DEC30=PUT_CALL_PARITY;JUN28=PUT_CALL_PARITY,OCT26=7852.6;NOV26=7852;FEB27=7923.875;MAR27=7994;DEC26=7923.25;JAN27=7924.5;APR27=8008.375;MAY27=8011.875;JUL27=8099.625;JUN27=8066.75;DEC29=8852.375;SEP27=8159.875;AUG27=8105.75;MAR28=8279;DEC27=8177.5;DEC28=8506.75;SEP28=6112.0875;DEC30=9361.5;JUN28=8372.5,OCT27=GLOBAL_REFERENCE_NO_OBSERVATION;SEP28=GLOBAL_REFERENCE_OUTLIER_SERIES_FORWARD_CLUSTER,WEIGHTED_ATM,2026-10-16,6,685,0.0,NONE,11274,10812,462,0,0,RTM,MDW;MMW;MRW;MTW,OK,NONE,NONE,2026-10-07
SPX,7280.0,-9499488.363156874,16.22315614132112,0.0,0.0,0.0,0.0,0.0,0.0,7906.272501294064,7798.927498705937,7959.945002588127,7745.254997411874,DEC26,OCT26,2026-10-08,2026-12-18,7852.6,7825.767905144304,FOUND,DEGRADED,SPOT_MONTH_FALLBACK;UNKNOWN_SERIES;ESTIMATED_EXPIRY_ALIAS,2026-08-02.2,PUT_CALL_PARITY,OCT26,OCT26=PUT_CALL_PARITY;NOV26=PUT_CALL_PARITY;FEB27=PUT_CALL_PARITY;MAR27=PUT_CALL_PARITY;DEC26=PUT_CALL_PARITY;JAN27=PUT_CALL_PARITY;APR27=PUT_CALL_PARITY;MAY27=PUT_CALL_PARITY;JUL27=PUT_CALL_PARITY;JUN27=PUT_CALL_PARITY;DEC29=PUT_CALL_PARITY;OCT27=PUT_CALL_PARITY;SEP27=PUT_CALL_PARITY;AUG27=PUT_CALL_PARITY;MAR28=PUT_CALL_PARITY;DEC27=PUT_CALL_PARITY;DEC28=PUT_CALL_PARITY;SEP28=PUT_CALL_PARITY;DEC30=PUT_CALL_PARITY;JUN28=PUT_CALL_PARITY,OCT26=7852.6;NOV26=7852;FEB27=7923.875;MAR27=7994;DEC26=7923.25;JAN27=7924.5;APR27=8008.375;MAY27=8011.875;JUL27=8099.625;JUN27=8066.75;DEC29=8852.375;SEP27=8159.875;AUG27=8105.75;MAR28=8279;DEC27=8177.5;DEC28=8506.75;SEP28=6112.0875;DEC30=9361.5;JUN28=8372.5,OCT27=GLOBAL_REFERENCE_NO_OBSERVATION;SEP28=GLOBAL_REFERENCE_OUTLIER_SERIES_FORWARD_CLUSTER,WEIGHTED_ATM,2026-10-16,6,685,0.0,NONE,11274,10812,462,0,0,RTM,MDW;MMW;MRW;MTW,OK,NONE,NONE,2026-10-07
SPX,7285.0,-116326.79460808726,0.23489203549160276,0.0,0.0,0.0,0.0,0.0,0.0,7906.272501294064,7798.927498705937,7959.945002588127,7745.254997411874,DEC26,OCT26,2026-10-08,2026-12-18,7852.6,7825.767905144304,FOUND,DEGRADED,SPOT_MONTH_FALLBACK;UNKNOWN_SERIES;ESTIMATED_EXPIRY_ALIAS,2026-08-02.2,PUT_CALL_PARITY,OCT26,OCT26=PUT_CALL_PARITY;NOV26=PUT_CALL_PARITY;FEB27=PUT_CALL_PARITY;MAR27=PUT_CALL_PARITY;DEC26=PUT_CALL_PARITY;JAN27=PUT_CALL_PARITY;APR27=PUT_CALL_PARITY;MAY27=PUT_CALL_PARITY;JUL27=PUT_CALL_PARITY;JUN27=PUT_CALL_PARITY;DEC29=PUT_CALL_PARITY;OCT27=PUT_CALL_PARITY;SEP27=PUT_CALL_PARITY;AUG27=PUT_CALL_PARITY;MAR28=PUT_CALL_PARITY;DEC27=PUT_CALL_PARITY;DEC28=PUT_CALL_PARITY;SEP28=PUT_CALL_PARITY;DEC30=PUT_CALL_PARITY;JUN28=PUT_CALL_PARITY,OCT26=7852.6;NOV26=7852;FEB27=7923.875;MAR27=7994;DEC26=7923.25;JAN27=7924.5;APR27=8008.375;MAY27=8011.875;JUL27=8099.625;JUN27=8066.75;DEC29=8852.375;SEP27=8159.875;AUG27=8105.75;MAR28=8279;DEC27=8177.5;DEC28=8506.75;SEP28=6112.0875;DEC30=9361.5;JUN28=8372.5,OCT27=GLOBAL_REFERENCE_NO_OBSERVATION;SEP28=GLOBAL_REFERENCE_OUTLIER_SERIES_FORWARD_CLUSTER,WEIGHTED_ATM,2026-10-16,6,685,0.0,NONE,11274,10812,462,0,0,RTM,MDW;MMW;MRW;MTW,OK,NONE,NONE,2026-10-07
SPX,7290.0,-4655948.685767745,8.213812342351018,0.0,0.0,0.0,0.0,0.0,0.0,7906.272501294064,7798.927498705937,7959.945002588127,7745.254997411874,DEC26,OCT26,2026-10-08,2026-12-18,7852.6,7825.767905144304,FOUND,DEGRADED,SPOT_MONTH_FALLBACK;UNKNOWN_SERIES;ESTIMATED_EXPIRY_ALIAS,2026-08-02.2,PUT_CALL_PARITY,OCT26,OCT26=PUT_CALL_PARITY;NOV26=PUT_CALL_PARITY;FEB27=PUT_CALL_PARITY;MAR27=PUT_CALL_PARITY;DEC26=PUT_CALL_PARITY;JAN27=PUT_CALL_PARITY;APR27=PUT_CALL_PARITY;MAY27=PUT_CALL_PARITY;JUL27=PUT_CALL_PARITY;JUN27=PUT_CALL_PARITY;DEC29=PUT_CALL_PARITY;OCT27=PUT_CALL_PARITY;SEP27=PUT_CALL_PARITY;AUG27=PUT_CALL_PARITY;MAR28=PUT_CALL_PARITY;DEC27=PUT_CALL_PARITY;DEC28=PUT_CALL_PARITY;SEP28=PUT_CALL_PARITY;DEC30=PUT_CALL_PARITY;JUN28=PUT_CALL_PARITY,OCT26=7852.6;NOV26=7852;FEB27=7923.875;MAR27=7994;DEC26=7923.25;JAN27=7924.5;APR27=8008.375;MAY27=8011.875;JUL27=8099.625;JUN27=8066.75;DEC29=8852.375;SEP27=8159.875;AUG27=8105.75;MAR28=8279;DEC27=8177.5;DEC28=8506.75;SEP28=6112.0875;DEC30=9361.5;JUN28=8372.5,OCT27=GLOBAL_REFERENCE_NO_OBSERVATION;SEP28=GLOBAL_REFERENCE_OUTLIER_SERIES_FORWARD_CLUSTER,WEIGHTED_ATM,2026-10-16,6,685,0.0,NONE,11274,10812,462,0,0,RTM,MDW;MMW;MRW;MTW,OK,NONE,NONE,2026-10-07
SPX,7295.0,-247349.10347048647,0.4451518977756549,0.0,0.0,0.0,0.0,0.0,0.0,7906.272501294064,7798.927498705937,7959.945002588127,7745.254997411874,DEC26,OCT26,2026-10-08,2026-12-18,7852.6,7825.767905144304,FOUND,DEGRADED,SPOT_MONTH_FALLBACK;UNKNOWN_SERIES;ESTIMATED_EXPIRY_ALIAS,2026-08-02.2,PUT_CALL_PARITY,OCT26,OCT26=PUT_CALL_PARITY;NOV26=PUT_CALL_PARITY;FEB27=PUT_CALL_PARITY;MAR27=PUT_CALL_PARITY;DEC26=PUT_CALL_PARITY;JAN27=PUT_CALL_PARITY;APR27=PUT_CALL_PARITY;MAY27=PUT_CALL_PARITY;JUL27=PUT_CALL_PARITY;JUN27=PUT_CALL_PARITY;DEC29=PUT_CALL_PARITY;OCT27=PUT_CALL_PARITY;SEP27=PUT_CALL_PARITY;AUG27=PUT_CALL_PARITY;MAR28=PUT_CALL_PARITY;DEC27=PUT_CALL_PARITY;DEC28=PUT_CALL_PARITY;SEP28=PUT_CALL_PARITY;DEC30=PUT_CALL_PARITY;JUN28=PUT_CALL_PARITY,OCT26=7852.6;NOV26=7852;FEB27=7923.875;MAR27=7994;DEC26=7923.25;JAN27=7924.5;APR27=8008.375;MAY27=8011.875;JUL27=8099.625;JUN27=8066.75;DEC29=8852.375;SEP27=8159.875;AUG27=8105.75;MAR28=8279;DEC27=8177.5;DEC28=8506.75;SEP28=6112.0875;DEC30=9361.5;JUN28=8372.5,OCT27=GLOBAL_REFERENCE_NO_OBSERVATION;SEP28=GLOBAL_REFERENCE_OUTLIER_SERIES_FORWARD_CLUSTER,WEIGHTED_ATM,2026-10-16,6,685,0.0,NONE,11274,10812,462,0,0,RTM,MDW;MMW;MRW;MTW,OK,NONE,NONE,2026-10-07
SPX,7300.0,-500530420.7520537,928.3466438578602,0.0,0.0,0.0,0.0,0.0,0.0,7906.272501294064,7798.927498705937,7959.945002588127,7745.254997411874,DEC26,OCT26,2026-10-08,2026-12-18,7852.6,7825.767905144304,FOUND,DEGRADED,SPOT_MONTH_FALLBACK;UNKNOWN_SERIES;ESTIMATED_EXPIRY_ALIAS,2026-08-02.2,PUT_CALL_PARITY,OCT26,OCT26=PUT_CALL_PARITY;NOV26=PUT_CALL_PARITY;FEB27=PUT_CALL_PARITY;MAR27=PUT_CALL_PARITY;DEC26=PUT_CALL_PARITY;JAN27=PUT_CALL_PARITY;APR27=PUT_CALL_PARITY;MAY27=PUT_CALL_PARITY;JUL27=PUT_CALL_PARITY;JUN27=PUT_CALL_PARITY;DEC29=PUT_CALL_PARITY;OCT27=PUT_CALL_PARITY;SEP27=PUT_CALL_PARITY;AUG27=PUT_CALL_PARITY;MAR28=PUT_CALL_PARITY;DEC27=PUT_CALL_PARITY;DEC28=PUT_CALL_PARITY;SEP28=PUT_CALL_PARITY;DEC30=PUT_CALL_PARITY;JUN28=PUT_CALL_PARITY,OCT26=7852.6;NOV26=7852;FEB27=7923.875;MAR27=7994;DEC26=7923.25;JAN27=7924.5;APR27=8008.375;MAY27=8011.875;JUL27=8099.625;JUN27=8066.75;DEC29=8852.375;SEP27=8159.875;AUG27=8105.75;MAR28=8279;DEC27=8177.5;DEC28=8506.75;SEP28=6112.0875;DEC30=9361.5;JUN28=8372.5,OCT27=GLOBAL_REFERENCE_NO_OBSERVATION;SEP28=GLOBAL_REFERENCE_OUTLIER_SERIES_FORWARD_CLUSTER,WEIGHTED_ATM,2026-10-16,6,685,0.0,NONE,11274,10812,462,0,0,RTM,MDW;MMW;MRW;MTW,OK,NONE,NONE,2026-10-07
SPX,7305.0,-96356.50161415205,0.18276064848105647,0.0,0.0,0.0,0.0,0.0,0.0,7906.272501294064,7798.927498705937,7959.945002588127,7745.254997411874,DEC26,OCT26,2026-10-08,2026-12-18,7852.6,7825.767905144304,FOUND,DEGRADED,SPOT_MONTH_FALLBACK;UNKNOWN_SERIES;ESTIMATED_EXPIRY_ALIAS,2026-08-02.2,PUT_CALL_PARITY,OCT26,OCT26=PUT_CALL_PARITY;NOV26=PUT_CALL_PARITY;FEB27=PUT_CALL_PARITY;MAR27=PUT_CALL_PARITY;DEC26=PUT_CALL_PARITY;JAN27=PUT_CALL_PARITY;APR27=PUT_CALL_PARITY;MAY27=PUT_CALL_PARITY;JUL27=PUT_CALL_PARITY;JUN27=PUT_CALL_PARITY;DEC29=PUT_CALL_PARITY;OCT27=PUT_CALL_PARITY;SEP27=PUT_CALL_PARITY;AUG27=PUT_CALL_PARITY;MAR28=PUT_CALL_PARITY;DEC27=PUT_CALL_PARITY;DEC28=PUT_CALL_PARITY;SEP28=PUT_CALL_PARITY;DEC30=PUT_CALL_PARITY;JUN28=PUT_CALL_PARITY,OCT26=7852.6;NOV26=7852;FEB27=7923.875;MAR27=7994;DEC26=7923.25;JAN27=7924.5;APR27=8008.375;MAY27=8011.875;JUL27=8099.625;JUN27=8066.75;DEC29=8852.375;SEP27=8159.875;AUG27=8105.75;MAR28=8279;DEC27=8177.5;DEC28=8506.75;SEP28=6112.0875;DEC30=9361.5;JUN28=8372.5,OCT27=GLOBAL_REFERENCE_NO_OBSERVATION;SEP28=GLOBAL_REFERENCE_OUTLIER_SERIES_FORWARD_CLUSTER,WEIGHTED_ATM,2026-10-16,6,685,0.0,NONE,11274,10812,462,0,0,RTM,MDW;MMW;MRW;MTW,OK,NONE,NONE,2026-10-07
SPX,7310.0,-2279876.485907361,4.41335422381287,0.0,0.0,0.0,0.0,0.0,0.0,7906.272501294064,7798.927498705937,7959.945002588127,7745.254997411874,DEC26,OCT26,2026-10-08,2026-12-18,7852.6,7825.767905144304,FOUND,DEGRADED,SPOT_MONTH_FALLBACK;UNKNOWN_SERIES;ESTIMATED_EXPIRY_ALIAS,2026-08-02.2,PUT_CALL_PARITY,OCT26,OCT26=PUT_CALL_PARITY;NOV26=PUT_CALL_PARITY;FEB27=PUT_CALL_PARITY;MAR27=PUT_CALL_PARITY;DEC26=PUT_CALL_PARITY;JAN27=PUT_CALL_PARITY;APR27=PUT_CALL_PARITY;MAY27=PUT_CALL_PARITY;JUL27=PUT_CALL_PARITY;JUN27=PUT_CALL_PARITY;DEC29=PUT_CALL_PARITY;OCT27=PUT_CALL_PARITY;SEP27=PUT_CALL_PARITY;AUG27=PUT_CALL_PARITY;MAR28=PUT_CALL_PARITY;DEC27=PUT_CALL_PARITY;DEC28=PUT_CALL_PARITY;SEP28=PUT_CALL_PARITY;DEC30=PUT_CALL_PARITY;JUN28=PUT_CALL_PARITY,OCT26=7852.6;NOV26=7852;FEB27=7923.875;MAR27=7994;DEC26=7923.25;JAN27=7924.5;APR27=8008.375;MAY27=8011.875;JUL27=8099.625;JUN27=8066.75;DEC29=8852.375;SEP27=8159.875;AUG27=8105.75;MAR28=8279;DEC27=8177.5;DEC28=8506.75;SEP28=6112.0875;DEC30=9361.5;JUN28=8372.5,OCT27=GLOBAL_REFERENCE_NO_OBSERVATION;SEP28=GLOBAL_REFERENCE_OUTLIER_SERIES_FORWARD_CLUSTER,WEIGHTED_ATM,2026-10-16,6,685,0.0,NONE,11274,10812,462,0,0,RTM,MDW;MMW;MRW;MTW,OK,NONE,NONE,2026-10-07
SPX,7315.0,-137768.53828750615,0.2507776611071185,0.0,0.0,0.0,0.0,0.0,0.0,7906.272501294064,7798.927498705937,7959.945002588127,7745.254997411874,DEC26,OCT26,2026-10-08,2026-12-18,7852.6,7825.767905144304,FOUND,DEGRADED,SPOT_MONTH_FALLBACK;UNKNOWN_SERIES;ESTIMATED_EXPIRY_ALIAS,2026-08-02.2,PUT_CALL_PARITY,OCT26,OCT26=PUT_CALL_PARITY;NOV26=PUT_CALL_PARITY;FEB27=PUT_CALL_PARITY;MAR27=PUT_CALL_PARITY;DEC26=PUT_CALL_PARITY;JAN27=PUT_CALL_PARITY;APR27=PUT_CALL_PARITY;MAY27=PUT_CALL_PARITY;JUL27=PUT_CALL_PARITY;JUN27=PUT_CALL_PARITY;DEC29=PUT_CALL_PARITY;OCT27=PUT_CALL_PARITY;SEP27=PUT_CALL_PARITY;AUG27=PUT_CALL_PARITY;MAR28=PUT_CALL_PARITY;DEC27=PUT_CALL_PARITY;DEC28=PUT_CALL_PARITY;SEP28=PUT_CALL_PARITY;DEC30=PUT_CALL_PARITY;JUN28=PUT_CALL_PARITY,OCT26=7852.6;NOV26=7852;FEB27=7923.875;MAR27=7994;DEC26=7923.25;JAN27=7924.5;APR27=8008.375;MAY27=8011.875;JUL27=8099.625;JUN27=8066.75;DEC29=8852.375;SEP27=8159.875;AUG27=8105.75;MAR28=8279;DEC27=8177.5;DEC28=8506.75;SEP28=6112.0875;DEC30=9361.5;JUN28=8372.5,OCT27=GLOBAL_REFERENCE_NO_OBSERVATION;SEP28=GLOBAL_REFERENCE_OUTLIER_SERIES_FORWARD_CLUSTER,WEIGHTED_ATM,2026-10-16,6,685,0.0,NONE,11274,10812,462,0,0,RTM,MDW;MMW;MRW;MTW,OK,NONE,NONE,2026-10-07
SPX,7320.0,-4704475.651674212,8.15118118228257,0.0,0.0,0.0,0.0,0.0,0.0,7906.272501294064,7798.927498705937,7959.945002588127,7745.254997411874,DEC26,OCT26,2026-10-08,2026-12-18,7852.6,7825.767905144304,FOUND,DEGRADED,SPOT_MONTH_FALLBACK;UNKNOWN_SERIES;ESTIMATED_EXPIRY_ALIAS,2026-08-02.2,PUT_CALL_PARITY,OCT26,OCT26=PUT_CALL_PARITY;NOV26=PUT_CALL_PARITY;FEB27=PUT_CALL_PARITY;MAR27=PUT_CALL_PARITY;DEC26=PUT_CALL_PARITY;JAN27=PUT_CALL_PARITY;APR27=PUT_CALL_PARITY;MAY27=PUT_CALL_PARITY;JUL27=PUT_CALL_PARITY;JUN27=PUT_CALL_PARITY;DEC29=PUT_CALL_PARITY;OCT27=PUT_CALL_PARITY;SEP27=PUT_CALL_PARITY;AUG27=PUT_CALL_PARITY;MAR28=PUT_CALL_PARITY;DEC27=PUT_CALL_PARITY;DEC28=PUT_CALL_PARITY;SEP28=PUT_CALL_PARITY;DEC30=PUT_CALL_PARITY;JUN28=PUT_CALL_PARITY,OCT26=7852.6;NOV26=7852;FEB27=7923.875;MAR27=7994;DEC26=7923.25;JAN27=7924.5;APR27=8008.375;MAY27=8011.875;JUL27=8099.625;JUN27=8066.75;DEC29=8852.375;SEP27=8159.875;AUG27=8105.75;MAR28=8279;DEC27=8177.5;DEC28=8506.75;SEP28=6112.0875;DEC30=9361.5;JUN28=8372.5,OCT27=GLOBAL_REFERENCE_NO_OBSERVATION;SEP28=GLOBAL_REFERENCE_OUTLIER_SERIES_FORWARD_CLUSTER,WEIGHTED_ATM,2026-10-16,6,685,0.0,NONE,11274,10812,462,0,0,RTM,MDW;MMW;MRW;MTW,OK,NONE,NONE,2026-10-07
SPX,7325.0,-66868138.545279145,111.220366852881,0.0,0.0,0.0,0.0,0.0,0.0,7906.272501294064,7798.927498705937,7959.945002588127,7745.254997411874,DEC26,OCT26,2026-10-08,2026-12-18,7852.6,7825.767905144304,FOUND,DEGRADED,SPOT_MONTH_FALLBACK;UNKNOWN_SERIES;ESTIMATED_EXPIRY_ALIAS,2026-08-02.2,PUT_CALL_PARITY,OCT26,OCT26=PUT_CALL_PARITY;NOV26=PUT_CALL_PARITY;FEB27=PUT_CALL_PARITY;MAR27=PUT_CALL_PARITY;DEC26=PUT_CALL_PARITY;JAN27=PUT_CALL_PARITY;APR27=PUT_CALL_PARITY;MAY27=PUT_CALL_PARITY;JUL27=PUT_CALL_PARITY;JUN27=PUT_CALL_PARITY;DEC29=PUT_CALL_PARITY;OCT27=PUT_CALL_PARITY;SEP27=PUT_CALL_PARITY;AUG27=PUT_CALL_PARITY;MAR28=PUT_CALL_PARITY;DEC27=PUT_CALL_PARITY;DEC28=PUT_CALL_PARITY;SEP28=PUT_CALL_PARITY;DEC30=PUT_CALL_PARITY;JUN28=PUT_CALL_PARITY,OCT26=7852.6;NOV26=7852;FEB27=7923.875;MAR27=7994;DEC26=7923.25;JAN27=7924.5;APR27=8008.375;MAY27=8011.875;JUL27=8099.625;JUN27=8066.75;DEC29=8852.375;SEP27=8159.875;AUG27=8105.75;MAR28=8279;DEC27=8177.5;DEC28=8506.75;SEP28=6112.0875;DEC30=9361.5;JUN28=8372.5,OCT27=GLOBAL_REFERENCE_NO_OBSERVATION;SEP28=GLOBAL_REFERENCE_OUTLIER_SERIES_FORWARD_CLUSTER,WEIGHTED_ATM,2026-10-16,6,685,0.0,NONE,11274,10812,462,0,0,RTM,MDW;MMW;MRW;MTW,OK,NONE,NONE,2026-10-07
SPX,7330.0,-3164721.100712978,6.0500191575517634,0.0,0.0,0.0,0.0,0.0,0.0,7906.272501294064,7798.927498705937,7959.945002588127,7745.254997411874,DEC26,OCT26,2026-10-08,2026-12-18,7852.6,7825.767905144304,FOUND,DEGRADED,SPOT_MONTH_FALLBACK;UNKNOWN_SERIES;ESTIMATED_EXPIRY_ALIAS,2026-08-02.2,PUT_CALL_PARITY,OCT26,OCT26=PUT_CALL_PARITY;NOV26=PUT_CALL_PARITY;FEB27=PUT_CALL_PARITY;MAR27=PUT_CALL_PARITY;DEC26=PUT_CALL_PARITY;JAN27=PUT_CALL_PARITY;APR27=PUT_CALL_PARITY;MAY27=PUT_CALL_PARITY;JUL27=PUT_CALL_PARITY;JUN27=PUT_CALL_PARITY;DEC29=PUT_CALL_PARITY;OCT27=PUT_CALL_PARITY;SEP27=PUT_CALL_PARITY;AUG27=PUT_CALL_PARITY;MAR28=PUT_CALL_PARITY;DEC27=PUT_CALL_PARITY;DEC28=PUT_CALL_PARITY;SEP28=PUT_CALL_PARITY;DEC30=PUT_CALL_PARITY;JUN28=PUT_CALL_PARITY,OCT26=7852.6;NOV26=7852;FEB27=7923.875;MAR27=7994;DEC26=7923.25;JAN27=7924.5;APR27=8008.375;MAY27=8011.875;JUL27=8099.625;JUN27=8066.75;DEC29=8852.375;SEP27=8159.875;AUG27=8105.75;MAR28=8279;DEC27=8177.5;DEC28=8506.75;SEP28=6112.0875;DEC30=9361.5;JUN28=8372.5,OCT27=GLOBAL_REFERENCE_NO_OBSERVATION;SEP28=GLOBAL_REFERENCE_OUTLIER_SERIES_FORWARD_CLUSTER,WEIGHTED_ATM,2026-10-16,6,685,0.0,NONE,11274,10812,462,0,0,RTM,MDW;MMW;MRW;MTW,OK,NONE,NONE,2026-10-07
SPX,7335.0,-248095.0786452158,0.4315463302029132,0.0,0.0,0.0,0.0,0.0,0.0,7906.272501294064,7798.927498705937,7959.945002588127,7745.254997411874,DEC26,OCT26,2026-10-08,2026-12-18,7852.6,7825.767905144304,FOUND,DEGRADED,SPOT_MONTH_FALLBACK;UNKNOWN_SERIES;ESTIMATED_EXPIRY_ALIAS,2026-08-02.2,PUT_CALL_PARITY,OCT26,OCT26=PUT_CALL_PARITY;NOV26=PUT_CALL_PARITY;FEB27=PUT_CALL_PARITY;MAR27=PUT_CALL_PARITY;DEC26=PUT_CALL_PARITY;JAN27=PUT_CALL_PARITY;APR27=PUT_CALL_PARITY;MAY27=PUT_CALL_PARITY;JUL27=PUT_CALL_PARITY;JUN27=PUT_CALL_PARITY;DEC29=PUT_CALL_PARITY;OCT27=PUT_CALL_PARITY;SEP27=PUT_CALL_PARITY;AUG27=PUT_CALL_PARITY;MAR28=PUT_CALL_PARITY;DEC27=PUT_CALL_PARITY;DEC28=PUT_CALL_PARITY;SEP28=PUT_CALL_PARITY;DEC30=PUT_CALL_PARITY;JUN28=PUT_CALL_PARITY,OCT26=7852.6;NOV26=7852;FEB27=7923.875;MAR27=7994;DEC26=7923.25;JAN27=7924.5;APR27=8008.375;MAY27=8011.875;JUL27=8099.625;JUN27=8066.75;DEC29=8852.375;SEP27=8159.875;AUG27=8105.75;MAR28=8279;DEC27=8177.5;DEC28=8506.75;SEP28=6112.0875;DEC30=9361.5;JUN28=8372.5,OCT27=GLOBAL_REFERENCE_NO_OBSERVATION;SEP28=GLOBAL_REFERENCE_OUTLIER_SERIES_FORWARD_CLUSTER,WEIGHTED_ATM,2026-10-16,6,685,0.0,NONE,11274,10812,462,0,0,RTM,MDW;MMW;MRW;MTW,OK,NONE,NONE,2026-10-07
SPX,7340.0,-3350912.4036915363,5.8665491083546115,0.0,0.0,0.0,0.0,0.0,0.0,7906.272501294064,7798.927498705937,7959.945002588127,7745.254997411874,DEC26,OCT26,2026-10-08,2026-12-18,7852.6,7825.767905144304,FOUND,DEGRADED,SPOT_MONTH_FALLBACK;UNKNOWN_SERIES;ESTIMATED_EXPIRY_ALIAS,2026-08-02.2,PUT_CALL_PARITY,OCT26,OCT26=PUT_CALL_PARITY;NOV26=PUT_CALL_PARITY;FEB27=PUT_CALL_PARITY;MAR27=PUT_CALL_PARITY;DEC26=PUT_CALL_PARITY;JAN27=PUT_CALL_PARITY;APR27=PUT_CALL_PARITY;MAY27=PUT_CALL_PARITY;JUL27=PUT_CALL_PARITY;JUN27=PUT_CALL_PARITY;DEC29=PUT_CALL_PARITY;OCT27=PUT_CALL_PARITY;SEP27=PUT_CALL_PARITY;AUG27=PUT_CALL_PARITY;MAR28=PUT_CALL_PARITY;DEC27=PUT_CALL_PARITY;DEC28=PUT_CALL_PARITY;SEP28=PUT_CALL_PARITY;DEC30=PUT_CALL_PARITY;JUN28=PUT_CALL_PARITY,OCT26=7852.6;NOV26=7852;FEB27=7923.875;MAR27=7994;DEC26=7923.25;JAN27=7924.5;APR27=8008.375;MAY27=8011.875;JUL27=8099.625;JUN27=8066.75;DEC29=8852.375;SEP27=8159.875;AUG27=8105.75;MAR28=8279;DEC27=8177.5;DEC28=8506.75;SEP28=6112.0875;DEC30=9361.5;JUN28=8372.5,OCT27=GLOBAL_REFERENCE_NO_OBSERVATION;SEP28=GLOBAL_REFERENCE_OUTLIER_SERIES_FORWARD_CLUSTER,WEIGHTED_ATM,2026-10-16,6,685,0.0,NONE,11274,10812,462,0,0,RTM,MDW;MMW;MRW;MTW,OK,NONE,NONE,2026-10-07
SPX,7345.0,-265153.63551218755,0.4602091192764995,0.0,0.0,0.0,0.0,0.0,0.0,7906.272501294064,7798.927498705937,7959.945002588127,7745.254997411874,DEC26,OCT26,2026-10-08,2026-12-18,7852.6,7825.767905144304,FOUND,DEGRADED,SPOT_MONTH_FALLBACK;UNKNOWN_SERIES;ESTIMATED_EXPIRY_ALIAS,2026-08-02.2,PUT_CALL_PARITY,OCT26,OCT26=PUT_CALL_PARITY;NOV26=PUT_CALL_PARITY;FEB27=PUT_CALL_PARITY;MAR27=PUT_CALL_PARITY;DEC26=PUT_CALL_PARITY;JAN27=PUT_CALL_PARITY;APR27=PUT_CALL_PARITY;MAY27=PUT_CALL_PARITY;JUL27=PUT_CALL_PARITY;JUN27=PUT_CALL_PARITY;DEC29=PUT_CALL_PARITY;OCT27=PUT_CALL_PARITY;SEP27=PUT_CALL_PARITY;AUG27=PUT_CALL_PARITY;MAR28=PUT_CALL_PARITY;DEC27=PUT_CALL_PARITY;DEC28=PUT_CALL_PARITY;SEP28=PUT_CALL_PARITY;DEC30=PUT_CALL_PARITY;JUN28=PUT_CALL_PARITY,OCT26=7852.6;NOV26=7852;FEB27=7923.875;MAR27=7994;DEC26=7923.25;JAN27=7924.5;APR27=8008.375;MAY27=8011.875;JUL27=8099.625;JUN27=8066.75;DEC29=8852.375;SEP27=8159.875;AUG27=8105.75;MAR28=8279;DEC27=8177.5;DEC28=8506.75;SEP28=6112.0875;DEC30=9361.5;JUN28=8372.5,OCT27=GLOBAL_REFERENCE_NO_OBSERVATION;SEP28=GLOBAL_REFERENCE_OUTLIER_SERIES_FORWARD_CLUSTER,WEIGHTED_ATM,2026-10-16,6,685,0.0,NONE,11274,10812,462,0,0,RTM,MDW;MMW;MRW;MTW,OK,NONE,NONE,2026-10-07
SPX,7350.0,-328750680.4968789,631.4693835691158,0.0,0.0,0.0,0.0,0.0,0.0,7906.272501294064,7798.927498705937,7959.945002588127,7745.254997411874,DEC26,OCT26,2026-10-08,2026-12-18,7852.6,7825.767905144304,FOUND,DEGRADED,SPOT_MONTH_FALLBACK;UNKNOWN_SERIES;ESTIMATED_EXPIRY_ALIAS,2026-08-02.2,PUT_CALL_PARITY,OCT26,OCT26=PUT_CALL_PARITY;NOV26=PUT_CALL_PARITY;FEB27=PUT_CALL_PARITY;MAR27=PUT_CALL_PARITY;DEC26=PUT_CALL_PARITY;JAN27=PUT_CALL_PARITY;APR27=PUT_CALL_PARITY;MAY27=PUT_CALL_PARITY;JUL27=PUT_CALL_PARITY;JUN27=PUT_CALL_PARITY;DEC29=PUT_CALL_PARITY;OCT27=PUT_CALL_PARITY;SEP27=PUT_CALL_PARITY;AUG27=PUT_CALL_PARITY;MAR28=PUT_CALL_PARITY;DEC27=PUT_CALL_PARITY;DEC28=PUT_CALL_PARITY;SEP28=PUT_CALL_PARITY;DEC30=PUT_CALL_PARITY;JUN28=PUT_CALL_PARITY,OCT26=7852.6;NOV26=7852;FEB27=7923.875;MAR27=7994;DEC26=7923.25;JAN27=7924.5;APR27=8008.375;MAY27=8011.875;JUL27=8099.625;JUN27=8066.75;DEC29=8852.375;SEP27=8159.875;AUG27=8105.75;MAR28=8279;DEC27=8177.5;DEC28=8506.75;SEP28=6112.0875;DEC30=9361.5;JUN28=8372.5,OCT27=GLOBAL_REFERENCE_NO_OBSERVATION;SEP28=GLOBAL_REFERENCE_OUTLIER_SERIES_FORWARD_CLUSTER,WEIGHTED_ATM,2026-10-16,6,685,0.0,NONE,11274,10812,462,0,0,RTM,MDW;MMW;MRW;MTW,OK,NONE,NONE,2026-10-07
SPX,7355.0,-1124773.4948014212,1.8463838955498328,0.0,0.0,0.0,0.0,0.0,0.0,7906.272501294064,7798.927498705937,7959.945002588127,7745.254997411874,DEC26,OCT26,2026-10-08,2026-12-18,7852.6,7825.767905144304,FOUND,DEGRADED,SPOT_MONTH_FALLBACK;UNKNOWN_SERIES;ESTIMATED_EXPIRY_ALIAS,2026-08-02.2,PUT_CALL_PARITY,OCT26,OCT26=PUT_CALL_PARITY;NOV26=PUT_CALL_PARITY;FEB27=PUT_CALL_PARITY;MAR27=PUT_CALL_PARITY;DEC26=PUT_CALL_PARITY;JAN27=PUT_CALL_PARITY;APR27=PUT_CALL_PARITY;MAY27=PUT_CALL_PARITY;JUL27=PUT_CALL_PARITY;JUN27=PUT_CALL_PARITY;DEC29=PUT_CALL_PARITY;OCT27=PUT_CALL_PARITY;SEP27=PUT_CALL_PARITY;AUG27=PUT_CALL_PARITY;MAR28=PUT_CALL_PARITY;DEC27=PUT_CALL_PARITY;DEC28=PUT_CALL_PARITY;SEP28=PUT_CALL_PARITY;DEC30=PUT_CALL_PARITY;JUN28=PUT_CALL_PARITY,OCT26=7852.6;NOV26=7852;FEB27=7923.875;MAR27=7994;DEC26=7923.25;JAN27=7924.5;APR27=8008.375;MAY27=8011.875;JUL27=8099.625;JUN27=8066.75;DEC29=8852.375;SEP27=8159.875;AUG27=8105.75;MAR28=8279;DEC27=8177.5;DEC28=8506.75;SEP28=6112.0875;DEC30=9361.5;JUN28=8372.5,OCT27=GLOBAL_REFERENCE_NO_OBSERVATION;SEP28=GLOBAL_REFERENCE_OUTLIER_SERIES_FORWARD_CLUSTER,WEIGHTED_ATM,2026-10-16,6,685,0.0,NONE,11274,10812,462,0,0,RTM,MDW;MMW;MRW;MTW,OK,NONE,NONE,2026-10-07
SPX,7360.0,-4201057.1285648765,7.555409714965719,0.0,0.0,0.0,0.0,0.0,0.0,7906.272501294064,7798.927498705937,7959.945002588127,7745.254997411874,DEC26,OCT26,2026-10-08,2026-12-18,7852.6,7825.767905144304,FOUND,DEGRADED,SPOT_MONTH_FALLBACK;UNKNOWN_SERIES;ESTIMATED_EXPIRY_ALIAS,2026-08-02.2,PUT_CALL_PARITY,OCT26,OCT26=PUT_CALL_PARITY;NOV26=PUT_CALL_PARITY;FEB27=PUT_CALL_PARITY;MAR27=PUT_CALL_PARITY;DEC26=PUT_CALL_PARITY;JAN27=PUT_CALL_PARITY;APR27=PUT_CALL_PARITY;MAY27=PUT_CALL_PARITY;JUL27=PUT_CALL_PARITY;JUN27=PUT_CALL_PARITY;DEC29=PUT_CALL_PARITY;OCT27=PUT_CALL_PARITY;SEP27=PUT_CALL_PARITY;AUG27=PUT_CALL_PARITY;MAR28=PUT_CALL_PARITY;DEC27=PUT_CALL_PARITY;DEC28=PUT_CALL_PARITY;SEP28=PUT_CALL_PARITY;DEC30=PUT_CALL_PARITY;JUN28=PUT_CALL_PARITY,OCT26=7852.6;NOV26=7852;FEB27=7923.875;MAR27=7994;DEC26=7923.25;JAN27=7924.5;APR27=8008.375;MAY27=8011.875;JUL27=8099.625;JUN27=8066.75;DEC29=8852.375;SEP27=8159.875;AUG27=8105.75;MAR28=8279;DEC27=8177.5;DEC28=8506.75;SEP28=6112.0875;DEC30=9361.5;JUN28=8372.5,OCT27=GLOBAL_REFERENCE_NO_OBSERVATION;SEP28=GLOBAL_REFERENCE_OUTLIER_SERIES_FORWARD_CLUSTER,WEIGHTED_ATM,2026-10-16,6,685,0.0,NONE,11274,10812,462,0,0,RTM,MDW;MMW;MRW;MTW,OK,NONE,NONE,2026-10-07
SPX,7365.0,-775971.7378130277,1.281521611506081,0.0,0.0,0.0,0.0,0.0,0.0,7906.272501294064,7798.927498705937,7959.945002588127,7745.254997411874,DEC26,OCT26,2026-10-08,2026-12-18,7852.6,7825.767905144304,FOUND,DEGRADED,SPOT_MONTH_FALLBACK;UNKNOWN_SERIES;ESTIMATED_EXPIRY_ALIAS,2026-08-02.2,PUT_CALL_PARITY,OCT26,OCT26=PUT_CALL_PARITY;NOV26=PUT_CALL_PARITY;FEB27=PUT_CALL_PARITY;MAR27=PUT_CALL_PARITY;DEC26=PUT_CALL_PARITY;JAN27=PUT_CALL_PARITY;APR27=PUT_CALL_PARITY;MAY27=PUT_CALL_PARITY;JUL27=PUT_CALL_PARITY;JUN27=PUT_CALL_PARITY;DEC29=PUT_CALL_PARITY;OCT27=PUT_CALL_PARITY;SEP27=PUT_CALL_PARITY;AUG27=PUT_CALL_PARITY;MAR28=PUT_CALL_PARITY;DEC27=PUT_CALL_PARITY;DEC28=PUT_CALL_PARITY;SEP28=PUT_CALL_PARITY;DEC30=PUT_CALL_PARITY;JUN28=PUT_CALL_PARITY,OCT26=7852.6;NOV26=7852;FEB27=7923.875;MAR27=7994;DEC26=7923.25;JAN27=7924.5;APR27=8008.375;MAY27=8011.875;JUL27=8099.625;JUN27=8066.75;DEC29=8852.375;SEP27=8159.875;AUG27=8105.75;MAR28=8279;DEC27=8177.5;DEC28=8506.75;SEP28=6112.0875;DEC30=9361.5;JUN28=8372.5,OCT27=GLOBAL_REFERENCE_NO_OBSERVATION;SEP28=GLOBAL_REFERENCE_OUTLIER_SERIES_FORWARD_CLUSTER,WEIGHTED_ATM,2026-10-16,6,685,0.0,NONE,11274,10812,462,0,0,RTM,MDW;MMW;MRW;MTW,OK,NONE,NONE,2026-10-07
SPX,7370.0,-4841912.9017836945,8.558178306138993,0.0,0.0,0.0,0.0,0.0,0.0,7906.272501294064,7798.927498705937,7959.945002588127,7745.254997411874,DEC26,OCT26,2026-10-08,2026-12-18,7852.6,7825.767905144304,FOUND,DEGRADED,SPOT_MONTH_FALLBACK;UNKNOWN_SERIES;ESTIMATED_EXPIRY_ALIAS,2026-08-02.2,PUT_CALL_PARITY,OCT26,OCT26=PUT_CALL_PARITY;NOV26=PUT_CALL_PARITY;FEB27=PUT_CALL_PARITY;MAR27=PUT_CALL_PARITY;DEC26=PUT_CALL_PARITY;JAN27=PUT_CALL_PARITY;APR27=PUT_CALL_PARITY;MAY27=PUT_CALL_PARITY;JUL27=PUT_CALL_PARITY;JUN27=PUT_CALL_PARITY;DEC29=PUT_CALL_PARITY;OCT27=PUT_CALL_PARITY;SEP27=PUT_CALL_PARITY;AUG27=PUT_CALL_PARITY;MAR28=PUT_CALL_PARITY;DEC27=PUT_CALL_PARITY;DEC28=PUT_CALL_PARITY;SEP28=PUT_CALL_PARITY;DEC30=PUT_CALL_PARITY;JUN28=PUT_CALL_PARITY,OCT26=7852.6;NOV26=7852;FEB27=7923.875;MAR27=7994;DEC26=7923.25;JAN27=7924.5;APR27=8008.375;MAY27=8011.875;JUL27=8099.625;JUN27=8066.75;DEC29=8852.375;SEP27=8159.875;AUG27=8105.75;MAR28=8279;DEC27=8177.5;DEC28=8506.75;SEP28=6112.0875;DEC30=9361.5;JUN28=8372.5,OCT27=GLOBAL_REFERENCE_NO_OBSERVATION;SEP28=GLOBAL_REFERENCE_OUTLIER_SERIES_FORWARD_CLUSTER,WEIGHTED_ATM,2026-10-16,6,685,0.0,NONE,11274,10812,462,0,0,RTM,MDW;MMW;MRW;MTW,OK,NONE,NONE,2026-10-07
SPX,7375.0,-91311406.72779472,150.43178347302876,0.0,0.0,0.0,0.0,0.0,0.0,7906.272501294064,7798.927498705937,7959.945002588127,7745.254997411874,DEC26,OCT26,2026-10-08,2026-12-18,7852.6,7825.767905144304,FOUND,DEGRADED,SPOT_MONTH_FALLBACK;UNKNOWN_SERIES;ESTIMATED_EXPIRY_ALIAS,2026-08-02.2,PUT_CALL_PARITY,OCT26,OCT26=PUT_CALL_PARITY;NOV26=PUT_CALL_PARITY;FEB27=PUT_CALL_PARITY;MAR27=PUT_CALL_PARITY;DEC26=PUT_CALL_PARITY;JAN27=PUT_CALL_PARITY;APR27=PUT_CALL_PARITY;MAY27=PUT_CALL_PARITY;JUL27=PUT_CALL_PARITY;JUN27=PUT_CALL_PARITY;DEC29=PUT_CALL_PARITY;OCT27=PUT_CALL_PARITY;SEP27=PUT_CALL_PARITY;AUG27=PUT_CALL_PARITY;MAR28=PUT_CALL_PARITY;DEC27=PUT_CALL_PARITY;DEC28=PUT_CALL_PARITY;SEP28=PUT_CALL_PARITY;DEC30=PUT_CALL_PARITY;JUN28=PUT_CALL_PARITY,OCT26=7852.6;NOV26=7852;FEB27=7923.875;MAR27=7994;DEC26=7923.25;JAN27=7924.5;APR27=8008.375;MAY27=8011.875;JUL27=8099.625;JUN27=8066.75;DEC29=8852.375;SEP27=8159.875;AUG27=8105.75;MAR28=8279;DEC27=8177.5;DEC28=8506.75;SEP28=6112.0875;DEC30=9361.5;JUN28=8372.5,OCT27=GLOBAL_REFERENCE_NO_OBSERVATION;SEP28=GLOBAL_REFERENCE_OUTLIER_SERIES_FORWARD_CLUSTER,WEIGHTED_ATM,2026-10-16,6,685,0.0,NONE,11274,10812,462,0,0,RTM,MDW;MMW;MRW;MTW,OK,NONE,NONE,2026-10-07
SPX,7380.0,-6204847.290266496,10.59477357775226,0.0,0.0,0.0,0.0,0.0,0.0,7906.272501294064,7798.927498705937,7959.945002588127,7745.254997411874,DEC26,OCT26,2026-10-08,2026-12-18,7852.6,7825.767905144304,FOUND,DEGRADED,SPOT_MONTH_FALLBACK;UNKNOWN_SERIES;ESTIMATED_EXPIRY_ALIAS,2026-08-02.2,PUT_CALL_PARITY,OCT26,OCT26=PUT_CALL_PARITY;NOV26=PUT_CALL_PARITY;FEB27=PUT_CALL_PARITY;MAR27=PUT_CALL_PARITY;DEC26=PUT_CALL_PARITY;JAN27=PUT_CALL_PARITY;APR27=PUT_CALL_PARITY;MAY27=PUT_CALL_PARITY;JUL27=PUT_CALL_PARITY;JUN27=PUT_CALL_PARITY;DEC29=PUT_CALL_PARITY;OCT27=PUT_CALL_PARITY;SEP27=PUT_CALL_PARITY;AUG27=PUT_CALL_PARITY;MAR28=PUT_CALL_PARITY;DEC27=PUT_CALL_PARITY;DEC28=PUT_CALL_PARITY;SEP28=PUT_CALL_PARITY;DEC30=PUT_CALL_PARITY;JUN28=PUT_CALL_PARITY,OCT26=7852.6;NOV26=7852;FEB27=7923.875;MAR27=7994;DEC26=7923.25;JAN27=7924.5;APR27=8008.375;MAY27=8011.875;JUL27=8099.625;JUN27=8066.75;DEC29=8852.375;SEP27=8159.875;AUG27=8105.75;MAR28=8279;DEC27=8177.5;DEC28=8506.75;SEP28=6112.0875;DEC30=9361.5;JUN28=8372.5,OCT27=GLOBAL_REFERENCE_NO_OBSERVATION;SEP28=GLOBAL_REFERENCE_OUTLIER_SERIES_FORWARD_CLUSTER,WEIGHTED_ATM,2026-10-16,6,685,0.0,NONE,11274,10812,462,0,0,RTM,MDW;MMW;MRW;MTW,OK,NONE,NONE,2026-10-07
SPX,7385.0,-561904.7993107624,0.9509948534694023,0.0,0.0,0.0,0.0,0.0,0.0,7906.272501294064,7798.927498705937,7959.945002588127,7745.254997411874,DEC26,OCT26,2026-10-08,2026-12-18,7852.6,7825.767905144304,FOUND,DEGRADED,SPOT_MONTH_FALLBACK;UNKNOWN_SERIES;ESTIMATED_EXPIRY_ALIAS,2026-08-02.2,PUT_CALL_PARITY,OCT26,OCT26=PUT_CALL_PARITY;NOV26=PUT_CALL_PARITY;FEB27=PUT_CALL_PARITY;MAR27=PUT_CALL_PARITY;DEC26=PUT_CALL_PARITY;JAN27=PUT_CALL_PARITY;APR27=PUT_CALL_PARITY;MAY27=PUT_CALL_PARITY;JUL27=PUT_CALL_PARITY;JUN27=PUT_CALL_PARITY;DEC29=PUT_CALL_PARITY;OCT27=PUT_CALL_PARITY;SEP27=PUT_CALL_PARITY;AUG27=PUT_CALL_PARITY;MAR28=PUT_CALL_PARITY;DEC27=PUT_CALL_PARITY;DEC28=PUT_CALL_PARITY;SEP28=PUT_CALL_PARITY;DEC30=PUT_CALL_PARITY;JUN28=PUT_CALL_PARITY,OCT26=7852.6;NOV26=7852;FEB27=7923.875;MAR27=7994;DEC26=7923.25;JAN27=7924.5;APR27=8008.375;MAY27=8011.875;JUL27=8099.625;JUN27=8066.75;DEC29=8852.375;SEP27=8159.875;AUG27=8105.75;MAR28=8279;DEC27=8177.5;DEC28=8506.75;SEP28=6112.0875;DEC30=9361.5;JUN28=8372.5,OCT27=GLOBAL_REFERENCE_NO_OBSERVATION;SEP28=GLOBAL_REFERENCE_OUTLIER_SERIES_FORWARD_CLUSTER,WEIGHTED_ATM,2026-10-16,6,685,0.0,NONE,11274,10812,462,0,0,RTM,MDW;MMW;MRW;MTW,OK,NONE,NONE,2026-10-07
SPX,7390.0,-8177592.243385946,13.67604231549963,0.0,0.0,0.0,0.0,0.0,0.0,7906.272501294064,7798.927498705937,7959.945002588127,7745.254997411874,DEC26,OCT26,2026-10-08,2026-12-18,7852.6,7825.767905144304,FOUND,DEGRADED,SPOT_MONTH_FALLBACK;UNKNOWN_SERIES;ESTIMATED_EXPIRY_ALIAS,2026-08-02.2,PUT_CALL_PARITY,OCT26,OCT26=PUT_CALL_PARITY;NOV26=PUT_CALL_PARITY;FEB27=PUT_CALL_PARITY;MAR27=PUT_CALL_PARITY;DEC26=PUT_CALL_PARITY;JAN27=PUT_CALL_PARITY;APR27=PUT_CALL_PARITY;MAY27=PUT_CALL_PARITY;JUL27=PUT_CALL_PARITY;JUN27=PUT_CALL_PARITY;DEC29=PUT_CALL_PARITY;OCT27=PUT_CALL_PARITY;SEP27=PUT_CALL_PARITY;AUG27=PUT_CALL_PARITY;MAR28=PUT_CALL_PARITY;DEC27=PUT_CALL_PARITY;DEC28=PUT_CALL_PARITY;SEP28=PUT_CALL_PARITY;DEC30=PUT_CALL_PARITY;JUN28=PUT_CALL_PARITY,OCT26=7852.6;NOV26=7852;FEB27=7923.875;MAR27=7994;DEC26=7923.25;JAN27=7924.5;APR27=8008.375;MAY27=8011.875;JUL27=8099.625;JUN27=8066.75;DEC29=8852.375;SEP27=8159.875;AUG27=8105.75;MAR28=8279;DEC27=8177.5;DEC28=8506.75;SEP28=6112.0875;DEC30=9361.5;JUN28=8372.5,OCT27=GLOBAL_REFERENCE_NO_OBSERVATION;SEP28=GLOBAL_REFERENCE_OUTLIER_SERIES_FORWARD_CLUSTER,WEIGHTED_ATM,2026-10-16,6,685,0.0,NONE,11274,10812,462,0,0,RTM,MDW;MMW;MRW;MTW,OK,NONE,NONE,2026-10-07
SPX,7395.0,-654878.3705742926,1.0774899481863867,0.0,0.0,0.0,0.0,0.0,0.0,7906.272501294064,7798.927498705937,7959.945002588127,7745.254997411874,DEC26,OCT26,2026-10-08,2026-12-18,7852.6,7825.767905144304,FOUND,DEGRADED,SPOT_MONTH_FALLBACK;UNKNOWN_SERIES;ESTIMATED_EXPIRY_ALIAS,2026-08-02.2,PUT_CALL_PARITY,OCT26,OCT26=PUT_CALL_PARITY;NOV26=PUT_CALL_PARITY;FEB27=PUT_CALL_PARITY;MAR27=PUT_CALL_PARITY;DEC26=PUT_CALL_PARITY;JAN27=PUT_CALL_PARITY;APR27=PUT_CALL_PARITY;MAY27=PUT_CALL_PARITY;JUL27=PUT_CALL_PARITY;JUN27=PUT_CALL_PARITY;DEC29=PUT_CALL_PARITY;OCT27=PUT_CALL_PARITY;SEP27=PUT_CALL_PARITY;AUG27=PUT_CALL_PARITY;MAR28=PUT_CALL_PARITY;DEC27=PUT_CALL_PARITY;DEC28=PUT_CALL_PARITY;SEP28=PUT_CALL_PARITY;DEC30=PUT_CALL_PARITY;JUN28=PUT_CALL_PARITY,OCT26=7852.6;NOV26=7852;FEB27=7923.875;MAR27=7994;DEC26=7923.25;JAN27=7924.5;APR27=8008.375;MAY27=8011.875;JUL27=8099.625;JUN27=8066.75;DEC29=8852.375;SEP27=8159.875;AUG27=8105.75;MAR28=8279;DEC27=8177.5;DEC28=8506.75;SEP28=6112.0875;DEC30=9361.5;JUN28=8372.5,OCT27=GLOBAL_REFERENCE_NO_OBSERVATION;SEP28=GLOBAL_REFERENCE_OUTLIER_SERIES_FORWARD_CLUSTER,WEIGHTED_ATM,2026-10-16,6,685,0.0,NONE,11274,10812,462,0,0,RTM,MDW;MMW;MRW;MTW,OK,NONE,NONE,2026-10-07
SPX,7400.0,-724676198.729878,1300.0919095430052,0.0,0.0,0.0,0.0,0.0,0.0,7906.272501294064,7798.927498705937,7959.945002588127,7745.254997411874,DEC26,OCT26,2026-10-08,2026-12-18,7852.6,7825.767905144304,FOUND,DEGRADED,SPOT_MONTH_FALLBACK;UNKNOWN_SERIES;ESTIMATED_EXPIRY_ALIAS,2026-08-02.2,PUT_CALL_PARITY,OCT26,OCT26=PUT_CALL_PARITY;NOV26=PUT_CALL_PARITY;FEB27=PUT_CALL_PARITY;MAR27=PUT_CALL_PARITY;DEC26=PUT_CALL_PARITY;JAN27=PUT_CALL_PARITY;APR27=PUT_CALL_PARITY;MAY27=PUT_CALL_PARITY;JUL27=PUT_CALL_PARITY;JUN27=PUT_CALL_PARITY;DEC29=PUT_CALL_PARITY;OCT27=PUT_CALL_PARITY;SEP27=PUT_CALL_PARITY;AUG27=PUT_CALL_PARITY;MAR28=PUT_CALL_PARITY;DEC27=PUT_CALL_PARITY;DEC28=PUT_CALL_PARITY;SEP28=PUT_CALL_PARITY;DEC30=PUT_CALL_PARITY;JUN28=PUT_CALL_PARITY,OCT26=7852.6;NOV26=7852;FEB27=7923.875;MAR27=7994;DEC26=7923.25;JAN27=7924.5;APR27=8008.375;MAY27=8011.875;JUL27=8099.625;JUN27=8066.75;DEC29=8852.375;SEP27=8159.875;AUG27=8105.75;MAR28=8279;DEC27=8177.5;DEC28=8506.75;SEP28=6112.0875;DEC30=9361.5;JUN28=8372.5,OCT27=GLOBAL_REFERENCE_NO_OBSERVATION;SEP28=GLOBAL_REFERENCE_OUTLIER_SERIES_FORWARD_CLUSTER,WEIGHTED_ATM,2026-10-16,6,685,0.0,NONE,11274,10812,462,0,0,RTM,MDW;MMW;MRW;MTW,OK,NONE,NONE,2026-10-07
SPX,7405.0,-770997.9603113525,1.2878143902152757,0.0,0.0,0.0,0.0,0.0,0.0,7906.272501294064,7798.927498705937,7959.945002588127,7745.254997411874,DEC26,OCT26,2026-10-08,2026-12-18,7852.6,7825.767905144304,FOUND,DEGRADED,SPOT_MONTH_FALLBACK;UNKNOWN_SERIES;ESTIMATED_EXPIRY_ALIAS,2026-08-02.2,PUT_CALL_PARITY,OCT26,OCT26=PUT_CALL_PARITY;NOV26=PUT_CALL_PARITY;FEB27=PUT_CALL_PARITY;MAR27=PUT_CALL_PARITY;DEC26=PUT_CALL_PARITY;JAN27=PUT_CALL_PARITY;APR27=PUT_CALL_PARITY;MAY27=PUT_CALL_PARITY;JUL27=PUT_CALL_PARITY;JUN27=PUT_CALL_PARITY;DEC29=PUT_CALL_PARITY;OCT27=PUT_CALL_PARITY;SEP27=PUT_CALL_PARITY;AUG27=PUT_CALL_PARITY;MAR28=PUT_CALL_PARITY;DEC27=PUT_CALL_PARITY;DEC28=PUT_CALL_PARITY;SEP28=PUT_CALL_PARITY;DEC30=PUT_CALL_PARITY;JUN28=PUT_CALL_PARITY,OCT26=7852.6;NOV26=7852;FEB27=7923.875;MAR27=7994;DEC26=7923.25;JAN27=7924.5;APR27=8008.375;MAY27=8011.875;JUL27=8099.625;JUN27=8066.75;DEC29=8852.375;SEP27=8159.875;AUG27=8105.75;MAR28=8279;DEC27=8177.5;DEC28=8506.75;SEP28=6112.0875;DEC30=9361.5;JUN28=8372.5,OCT27=GLOBAL_REFERENCE_NO_OBSERVATION;SEP28=GLOBAL_REFERENCE_OUTLIER_SERIES_FORWARD_CLUSTER,WEIGHTED_ATM,2026-10-16,6,685,0.0,NONE,11274,10812,462,0,0,RTM,MDW;MMW;MRW;MTW,OK,NONE,NONE,2026-10-07
SPX,7410.0,-7839900.132541547,13.341540987817824,0.0,0.0,0.0,0.0,0.0,0.0,7906.272501294064,7798.927498705937,7959.945002588127,7745.254997411874,DEC26,OCT26,2026-10-08,2026-12-18,7852.6,7825.767905144304,FOUND,DEGRADED,SPOT_MONTH_FALLBACK;UNKNOWN_SERIES;ESTIMATED_EXPIRY_ALIAS,2026-08-02.2,PUT_CALL_PARITY,OCT26,OCT26=PUT_CALL_PARITY;NOV26=PUT_CALL_PARITY;FEB27=PUT_CALL_PARITY;MAR27=PUT_CALL_PARITY;DEC26=PUT_CALL_PARITY;JAN27=PUT_CALL_PARITY;APR27=PUT_CALL_PARITY;MAY27=PUT_CALL_PARITY;JUL27=PUT_CALL_PARITY;JUN27=PUT_CALL_PARITY;DEC29=PUT_CALL_PARITY;OCT27=PUT_CALL_PARITY;SEP27=PUT_CALL_PARITY;AUG27=PUT_CALL_PARITY;MAR28=PUT_CALL_PARITY;DEC27=PUT_CALL_PARITY;DEC28=PUT_CALL_PARITY;SEP28=PUT_CALL_PARITY;DEC30=PUT_CALL_PARITY;JUN28=PUT_CALL_PARITY,OCT26=7852.6;NOV26=7852;FEB27=7923.875;MAR27=7994;DEC26=7923.25;JAN27=7924.5;APR27=8008.375;MAY27=8011.875;JUL27=8099.625;JUN27=8066.75;DEC29=8852.375;SEP27=8159.875;AUG27=8105.75;MAR28=8279;DEC27=8177.5;DEC28=8506.75;SEP28=6112.0875;DEC30=9361.5;JUN28=8372.5,OCT27=GLOBAL_REFERENCE_NO_OBSERVATION;SEP28=GLOBAL_REFERENCE_OUTLIER_SERIES_FORWARD_CLUSTER,WEIGHTED_ATM,2026-10-16,6,685,0.0,NONE,11274,10812,462,0,0,RTM,MDW;MMW;MRW;MTW,OK,NONE,NONE,2026-10-07
SPX,7415.0,-95373.56176360979,0.16579764905223893,0.0,0.0,0.0,0.0,0.0,0.0,7906.272501294064,7798.927498705937,7959.945002588127,7745.254997411874,DEC26,OCT26,2026-10-08,2026-12-18,7852.6,7825.767905144304,FOUND,DEGRADED,SPOT_MONTH_FALLBACK;UNKNOWN_SERIES;ESTIMATED_EXPIRY_ALIAS,2026-08-02.2,PUT_CALL_PARITY,OCT26,OCT26=PUT_CALL_PARITY;NOV26=PUT_CALL_PARITY;FEB27=PUT_CALL_PARITY;MAR27=PUT_CALL_PARITY;DEC26=PUT_CALL_PARITY;JAN27=PUT_CALL_PARITY;APR27=PUT_CALL_PARITY;MAY27=PUT_CALL_PARITY;JUL27=PUT_CALL_PARITY;JUN27=PUT_CALL_PARITY;DEC29=PUT_CALL_PARITY;OCT27=PUT_CALL_PARITY;SEP27=PUT_CALL_PARITY;AUG27=PUT_CALL_PARITY;MAR28=PUT_CALL_PARITY;DEC27=PUT_CALL_PARITY;DEC28=PUT_CALL_PARITY;SEP28=PUT_CALL_PARITY;DEC30=PUT_CALL_PARITY;JUN28=PUT_CALL_PARITY,OCT26=7852.6;NOV26=7852;FEB27=7923.875;MAR27=7994;DEC26=7923.25;JAN27=7924.5;APR27=8008.375;MAY27=8011.875;JUL27=8099.625;JUN27=8066.75;DEC29=8852.375;SEP27=8159.875;AUG27=8105.75;MAR28=8279;DEC27=8177.5;DEC28=8506.75;SEP28=6112.0875;DEC30=9361.5;JUN28=8372.5,OCT27=GLOBAL_REFERENCE_NO_OBSERVATION;SEP28=GLOBAL_REFERENCE_OUTLIER_SERIES_FORWARD_CLUSTER,WEIGHTED_ATM,2026-10-16,6,685,0.0,NONE,11274,10812,462,0,0,RTM,MDW;MMW;MRW;MTW,OK,NONE,NONE,2026-10-07
SPX,7420.0,-6781165.515026874,11.62387901440892,0.0,0.0,0.0,0.0,0.0,0.0,7906.272501294064,7798.927498705937,7959.945002588127,7745.254997411874,DEC26,OCT26,2026-10-08,2026-12-18,7852.6,7825.767905144304,FOUND,DEGRADED,SPOT_MONTH_FALLBACK;UNKNOWN_SERIES;ESTIMATED_EXPIRY_ALIAS,2026-08-02.2,PUT_CALL_PARITY,OCT26,OCT26=PUT_CALL_PARITY;NOV26=PUT_CALL_PARITY;FEB27=PUT_CALL_PARITY;MAR27=PUT_CALL_PARITY;DEC26=PUT_CALL_PARITY;JAN27=PUT_CALL_PARITY;APR27=PUT_CALL_PARITY;MAY27=PUT_CALL_PARITY;JUL27=PUT_CALL_PARITY;JUN27=PUT_CALL_PARITY;DEC29=PUT_CALL_PARITY;OCT27=PUT_CALL_PARITY;SEP27=PUT_CALL_PARITY;AUG27=PUT_CALL_PARITY;MAR28=PUT_CALL_PARITY;DEC27=PUT_CALL_PARITY;DEC28=PUT_CALL_PARITY;SEP28=PUT_CALL_PARITY;DEC30=PUT_CALL_PARITY;JUN28=PUT_CALL_PARITY,OCT26=7852.6;NOV26=7852;FEB27=7923.875;MAR27=7994;DEC26=7923.25;JAN27=7924.5;APR27=8008.375;MAY27=8011.875;JUL27=8099.625;JUN27=8066.75;DEC29=8852.375;SEP27=8159.875;AUG27=8105.75;MAR28=8279;DEC27=8177.5;DEC28=8506.75;SEP28=6112.0875;DEC30=9361.5;JUN28=8372.5,OCT27=GLOBAL_REFERENCE_NO_OBSERVATION;SEP28=GLOBAL_REFERENCE_OUTLIER_SERIES_FORWARD_CLUSTER,WEIGHTED_ATM,2026-10-16,6,685,0.0,NONE,11274,10812,462,0,0,RTM,MDW;MMW;MRW;MTW,OK,NONE,NONE,2026-10-07
SPX,7425.0,-124274596.44016689,204.3079256722986,0.0,0.0,0.0,0.0,0.0,0.0,7906.272501294064,7798.927498705937,7959.945002588127,7745.254997411874,DEC26,OCT26,2026-10-08,2026-12-18,7852.6,7825.767905144304,FOUND,DEGRADED,SPOT_MONTH_FALLBACK;UNKNOWN_SERIES;ESTIMATED_EXPIRY_ALIAS,2026-08-02.2,PUT_CALL_PARITY,OCT26,OCT26=PUT_CALL_PARITY;NOV26=PUT_CALL_PARITY;FEB27=PUT_CALL_PARITY;MAR27=PUT_CALL_PARITY;DEC26=PUT_CALL_PARITY;JAN27=PUT_CALL_PARITY;APR27=PUT_CALL_PARITY;MAY27=PUT_CALL_PARITY;JUL27=PUT_CALL_PARITY;JUN27=PUT_CALL_PARITY;DEC29=PUT_CALL_PARITY;OCT27=PUT_CALL_PARITY;SEP27=PUT_CALL_PARITY;AUG27=PUT_CALL_PARITY;MAR28=PUT_CALL_PARITY;DEC27=PUT_CALL_PARITY;DEC28=PUT_CALL_PARITY;SEP28=PUT_CALL_PARITY;DEC30=PUT_CALL_PARITY;JUN28=PUT_CALL_PARITY,OCT26=7852.6;NOV26=7852;FEB27=7923.875;MAR27=7994;DEC26=7923.25;JAN27=7924.5;APR27=8008.375;MAY27=8011.875;JUL27=8099.625;JUN27=8066.75;DEC29=8852.375;SEP27=8159.875;AUG27=8105.75;MAR28=8279;DEC27=8177.5;DEC28=8506.75;SEP28=6112.0875;DEC30=9361.5;JUN28=8372.5,OCT27=GLOBAL_REFERENCE_NO_OBSERVATION;SEP28=GLOBAL_REFERENCE_OUTLIER_SERIES_FORWARD_CLUSTER,WEIGHTED_ATM,2026-10-16,6,685,0.0,NONE,11274,10812,462,0,0,RTM,MDW;MMW;MRW;MTW,OK,NONE,NONE,2026-10-07
SPX,7430.0,-6141878.904929195,10.601739342003132,0.0,0.0,0.0,0.0,0.0,0.0,7906.272501294064,7798.927498705937,7959.945002588127,7745.254997411874,DEC26,OCT26,2026-10-08,2026-12-18,7852.6,7825.767905144304,FOUND,DEGRADED,SPOT_MONTH_FALLBACK;UNKNOWN_SERIES;ESTIMATED_EXPIRY_ALIAS,2026-08-02.2,PUT_CALL_PARITY,OCT26,OCT26=PUT_CALL_PARITY;NOV26=PUT_CALL_PARITY;FEB27=PUT_CALL_PARITY;MAR27=PUT_CALL_PARITY;DEC26=PUT_CALL_PARITY;JAN27=PUT_CALL_PARITY;APR27=PUT_CALL_PARITY;MAY27=PUT_CALL_PARITY;JUL27=PUT_CALL_PARITY;JUN27=PUT_CALL_PARITY;DEC29=PUT_CALL_PARITY;OCT27=PUT_CALL_PARITY;SEP27=PUT_CALL_PARITY;AUG27=PUT_CALL_PARITY;MAR28=PUT_CALL_PARITY;DEC27=PUT_CALL_PARITY;DEC28=PUT_CALL_PARITY;SEP28=PUT_CALL_PARITY;DEC30=PUT_CALL_PARITY;JUN28=PUT_CALL_PARITY,OCT26=7852.6;NOV26=7852;FEB27=7923.875;MAR27=7994;DEC26=7923.25;JAN27=7924.5;APR27=8008.375;MAY27=8011.875;JUL27=8099.625;JUN27=8066.75;DEC29=8852.375;SEP27=8159.875;AUG27=8105.75;MAR28=8279;DEC27=8177.5;DEC28=8506.75;SEP28=6112.0875;DEC30=9361.5;JUN28=8372.5,OCT27=GLOBAL_REFERENCE_NO_OBSERVATION;SEP28=GLOBAL_REFERENCE_OUTLIER_SERIES_FORWARD_CLUSTER,WEIGHTED_ATM,2026-10-16,6,685,0.0,NONE,11274,10812,462,0,0,RTM,MDW;MMW;MRW;MTW,OK,NONE,NONE,2026-10-07
SPX,7435.0,-246304.48959973716,0.4536691719729867,0.0,0.0,0.0,0.0,0.0,0.0,7906.272501294064,7798.927498705937,7959.945002588127,7745.254997411874,DEC26,OCT26,2026-10-08,2026-12-18,7852.6,7825.767905144304,FOUND,DEGRADED,SPOT_MONTH_FALLBACK;UNKNOWN_SERIES;ESTIMATED_EXPIRY_ALIAS,2026-08-02.2,PUT_CALL_PARITY,OCT26,OCT26=PUT_CALL_PARITY;NOV26=PUT_CALL_PARITY;FEB27=PUT_CALL_PARITY;MAR27=PUT_CALL_PARITY;DEC26=PUT_CALL_PARITY;JAN27=PUT_CALL_PARITY;APR27=PUT_CALL_PARITY;MAY27=PUT_CALL_PARITY;JUL27=PUT_CALL_PARITY;JUN27=PUT_CALL_PARITY;DEC29=PUT_CALL_PARITY;OCT27=PUT_CALL_PARITY;SEP27=PUT_CALL_PARITY;AUG27=PUT_CALL_PARITY;MAR28=PUT_CALL_PARITY;DEC27=PUT_CALL_PARITY;DEC28=PUT_CALL_PARITY;SEP28=PUT_CALL_PARITY;DEC30=PUT_CALL_PARITY;JUN28=PUT_CALL_PARITY,OCT26=7852.6;NOV26=7852;FEB27=7923.875;MAR27=7994;DEC26=7923.25;JAN27=7924.5;APR27=8008.375;MAY27=8011.875;JUL27=8099.625;JUN27=8066.75;DEC29=8852.375;SEP27=8159.875;AUG27=8105.75;MAR28=8279;DEC27=8177.5;DEC28=8506.75;SEP28=6112.0875;DEC30=9361.5;JUN28=8372.5,OCT27=GLOBAL_REFERENCE_NO_OBSERVATION;SEP28=GLOBAL_REFERENCE_OUTLIER_SERIES_FORWARD_CLUSTER,WEIGHTED_ATM,2026-10-16,6,685,0.0,NONE,11274,10812,462,0,0,RTM,MDW;MMW;MRW;MTW,OK,NONE,NONE,2026-10-07
SPX,7440.0,-10988249.932506697,18.51960677733498,0.0,0.0,0.0,0.0,0.0,0.0,7906.272501294064,7798.927498705937,7959.945002588127,7745.254997411874,DEC26,OCT26,2026-10-08,2026-12-18,7852.6,7825.767905144304,FOUND,DEGRADED,SPOT_MONTH_FALLBACK;UNKNOWN_SERIES;ESTIMATED_EXPIRY_ALIAS,2026-08-02.2,PUT_CALL_PARITY,OCT26,OCT26=PUT_CALL_PARITY;NOV26=PUT_CALL_PARITY;FEB27=PUT_CALL_PARITY;MAR27=PUT_CALL_PARITY;DEC26=PUT_CALL_PARITY;JAN27=PUT_CALL_PARITY;APR27=PUT_CALL_PARITY;MAY27=PUT_CALL_PARITY;JUL27=PUT_CALL_PARITY;JUN27=PUT_CALL_PARITY;DEC29=PUT_CALL_PARITY;OCT27=PUT_CALL_PARITY;SEP27=PUT_CALL_PARITY;AUG27=PUT_CALL_PARITY;MAR28=PUT_CALL_PARITY;DEC27=PUT_CALL_PARITY;DEC28=PUT_CALL_PARITY;SEP28=PUT_CALL_PARITY;DEC30=PUT_CALL_PARITY;JUN28=PUT_CALL_PARITY,OCT26=7852.6;NOV26=7852;FEB27=7923.875;MAR27=7994;DEC26=7923.25;JAN27=7924.5;APR27=8008.375;MAY27=8011.875;JUL27=8099.625;JUN27=8066.75;DEC29=8852.375;SEP27=8159.875;AUG27=8105.75;MAR28=8279;DEC27=8177.5;DEC28=8506.75;SEP28=6112.0875;DEC30=9361.5;JUN28=8372.5,OCT27=GLOBAL_REFERENCE_NO_OBSERVATION;SEP28=GLOBAL_REFERENCE_OUTLIER_SERIES_FORWARD_CLUSTER,WEIGHTED_ATM,2026-10-16,6,685,0.0,NONE,11274,10812,462,0,0,RTM,MDW;MMW;MRW;MTW,OK,NONE,NONE,2026-10-07
SPX,7445.0,-1258219.0468533658,2.0781421208041513,0.0,0.0,0.0,0.0,0.0,0.0,7906.272501294064,7798.927498705937,7959.945002588127,7745.254997411874,DEC26,OCT26,2026-10-08,2026-12-18,7852.6,7825.767905144304,FOUND,DEGRADED,SPOT_MONTH_FALLBACK;UNKNOWN_SERIES;ESTIMATED_EXPIRY_ALIAS,2026-08-02.2,PUT_CALL_PARITY,OCT26,OCT26=PUT_CALL_PARITY;NOV26=PUT_CALL_PARITY;FEB27=PUT_CALL_PARITY;MAR27=PUT_CALL_PARITY;DEC26=PUT_CALL_PARITY;JAN27=PUT_CALL_PARITY;APR27=PUT_CALL_PARITY;MAY27=PUT_CALL_PARITY;JUL27=PUT_CALL_PARITY;JUN27=PUT_CALL_PARITY;DEC29=PUT_CALL_PARITY;OCT27=PUT_CALL_PARITY;SEP27=PUT_CALL_PARITY;AUG27=PUT_CALL_PARITY;MAR28=PUT_CALL_PARITY;DEC27=PUT_CALL_PARITY;DEC28=PUT_CALL_PARITY;SEP28=PUT_CALL_PARITY;DEC30=PUT_CALL_PARITY;JUN28=PUT_CALL_PARITY,OCT26=7852.6;NOV26=7852;FEB27=7923.875;MAR27=7994;DEC26=7923.25;JAN27=7924.5;APR27=8008.375;MAY27=8011.875;JUL27=8099.625;JUN27=8066.75;DEC29=8852.375;SEP27=8159.875;AUG27=8105.75;MAR28=8279;DEC27=8177.5;DEC28=8506.75;SEP28=6112.0875;DEC30=9361.5;JUN28=8372.5,OCT27=GLOBAL_REFERENCE_NO_OBSERVATION;SEP28=GLOBAL_REFERENCE_OUTLIER_SERIES_FORWARD_CLUSTER,WEIGHTED_ATM,2026-10-16,6,685,0.0,NONE,11274,10812,462,0,0,RTM,MDW;MMW;MRW;MTW,OK,NONE,NONE,2026-10-07
SPX,7450.0,-381449690.5709519,740.0461813561136,0.0,0.0,0.0,0.0,0.0,0.0,7906.272501294064,7798.927498705937,7959.945002588127,7745.254997411874,DEC26,OCT26,2026-10-08,2026-12-18,7852.6,7825.767905144304,FOUND,DEGRADED,SPOT_MONTH_FALLBACK;UNKNOWN_SERIES;ESTIMATED_EXPIRY_ALIAS,2026-08-02.2,PUT_CALL_PARITY,OCT26,OCT26=PUT_CALL_PARITY;NOV26=PUT_CALL_PARITY;FEB27=PUT_CALL_PARITY;MAR27=PUT_CALL_PARITY;DEC26=PUT_CALL_PARITY;JAN27=PUT_CALL_PARITY;APR27=PUT_CALL_PARITY;MAY27=PUT_CALL_PARITY;JUL27=PUT_CALL_PARITY;JUN27=PUT_CALL_PARITY;DEC29=PUT_CALL_PARITY;OCT27=PUT_CALL_PARITY;SEP27=PUT_CALL_PARITY;AUG27=PUT_CALL_PARITY;MAR28=PUT_CALL_PARITY;DEC27=PUT_CALL_PARITY;DEC28=PUT_CALL_PARITY;SEP28=PUT_CALL_PARITY;DEC30=PUT_CALL_PARITY;JUN28=PUT_CALL_PARITY,OCT26=7852.6;NOV26=7852;FEB27=7923.875;MAR27=7994;DEC26=7923.25;JAN27=7924.5;APR27=8008.375;MAY27=8011.875;JUL27=8099.625;JUN27=8066.75;DEC29=8852.375;SEP27=8159.875;AUG27=8105.75;MAR28=8279;DEC27=8177.5;DEC28=8506.75;SEP28=6112.0875;DEC30=9361.5;JUN28=8372.5,OCT27=GLOBAL_REFERENCE_NO_OBSERVATION;SEP28=GLOBAL_REFERENCE_OUTLIER_SERIES_FORWARD_CLUSTER,WEIGHTED_ATM,2026-10-16,6,685,0.0,NONE,11274,10812,462,0,0,RTM,MDW;MMW;MRW;MTW,OK,NONE,NONE,2026-10-07
SPX,7455.0,-175870.84692301165,0.35705567150495854,0.0,0.0,0.0,0.0,0.0,0.0,7906.272501294064,7798.927498705937,7959.945002588127,7745.254997411874,DEC26,OCT26,2026-10-08,2026-12-18,7852.6,7825.767905144304,FOUND,DEGRADED,SPOT_MONTH_FALLBACK;UNKNOWN_SERIES;ESTIMATED_EXPIRY_ALIAS,2026-08-02.2,PUT_CALL_PARITY,OCT26,OCT26=PUT_CALL_PARITY;NOV26=PUT_CALL_PARITY;FEB27=PUT_CALL_PARITY;MAR27=PUT_CALL_PARITY;DEC26=PUT_CALL_PARITY;JAN27=PUT_CALL_PARITY;APR27=PUT_CALL_PARITY;MAY27=PUT_CALL_PARITY;JUL27=PUT_CALL_PARITY;JUN27=PUT_CALL_PARITY;DEC29=PUT_CALL_PARITY;OCT27=PUT_CALL_PARITY;SEP27=PUT_CALL_PARITY;AUG27=PUT_CALL_PARITY;MAR28=PUT_CALL_PARITY;DEC27=PUT_CALL_PARITY;DEC28=PUT_CALL_PARITY;SEP28=PUT_CALL_PARITY;DEC30=PUT_CALL_PARITY;JUN28=PUT_CALL_PARITY,OCT26=7852.6;NOV26=7852;FEB27=7923.875;MAR27=7994;DEC26=7923.25;JAN27=7924.5;APR27=8008.375;MAY27=8011.875;JUL27=8099.625;JUN27=8066.75;DEC29=8852.375;SEP27=8159.875;AUG27=8105.75;MAR28=8279;DEC27=8177.5;DEC28=8506.75;SEP28=6112.0875;DEC30=9361.5;JUN28=8372.5,OCT27=GLOBAL_REFERENCE_NO_OBSERVATION;SEP28=GLOBAL_REFERENCE_OUTLIER_SERIES_FORWARD_CLUSTER,WEIGHTED_ATM,2026-10-16,6,685,0.0,NONE,11274,10812,462,0,0,RTM,MDW;MMW;MRW;MTW,OK,NONE,NONE,2026-10-07
SPX,7460.0,-13957108.826201173,23.06992710167327,0.0,0.0,0.0,0.0,0.0,0.0,7906.272501294064,7798.927498705937,7959.945002588127,7745.254997411874,DEC26,OCT26,2026-10-08,2026-12-18,7852.6,7825.767905144304,FOUND,DEGRADED,SPOT_MONTH_FALLBACK;UNKNOWN_SERIES;ESTIMATED_EXPIRY_ALIAS,2026-08-02.2,PUT_CALL_PARITY,OCT26,OCT26=PUT_CALL_PARITY;NOV26=PUT_CALL_PARITY;FEB27=PUT_CALL_PARITY;MAR27=PUT_CALL_PARITY;DEC26=PUT_CALL_PARITY;JAN27=PUT_CALL_PARITY;APR27=PUT_CALL_PARITY;MAY27=PUT_CALL_PARITY;JUL27=PUT_CALL_PARITY;JUN27=PUT_CALL_PARITY;DEC29=PUT_CALL_PARITY;OCT27=PUT_CALL_PARITY;SEP27=PUT_CALL_PARITY;AUG27=PUT_CALL_PARITY;MAR28=PUT_CALL_PARITY;DEC27=PUT_CALL_PARITY;DEC28=PUT_CALL_PARITY;SEP28=PUT_CALL_PARITY;DEC30=PUT_CALL_PARITY;JUN28=PUT_CALL_PARITY,OCT26=7852.6;NOV26=7852;FEB27=7923.875;MAR27=7994;DEC26=7923.25;JAN27=7924.5;APR27=8008.375;MAY27=8011.875;JUL27=8099.625;JUN27=8066.75;DEC29=8852.375;SEP27=8159.875;AUG27=8105.75;MAR28=8279;DEC27=8177.5;DEC28=8506.75;SEP28=6112.0875;DEC30=9361.5;JUN28=8372.5,OCT27=GLOBAL_REFERENCE_NO_OBSERVATION;SEP28=GLOBAL_REFERENCE_OUTLIER_SERIES_FORWARD_CLUSTER,WEIGHTED_ATM,2026-10-16,6,685,0.0,NONE,11274,10812,462,0,0,RTM,MDW;MMW;MRW;MTW,OK,NONE,NONE,2026-10-07
SPX,7465.0,-541527.5084771602,0.9031684254558496,0.0,0.0,0.0,0.0,0.0,0.0,7906.272501294064,7798.927498705937,7959.945002588127,7745.254997411874,DEC26,OCT26,2026-10-08,2026-12-18,7852.6,7825.767905144304,FOUND,DEGRADED,SPOT_MONTH_FALLBACK;UNKNOWN_SERIES;ESTIMATED_EXPIRY_ALIAS,2026-08-02.2,PUT_CALL_PARITY,OCT26,OCT26=PUT_CALL_PARITY;NOV26=PUT_CALL_PARITY;FEB27=PUT_CALL_PARITY;MAR27=PUT_CALL_PARITY;DEC26=PUT_CALL_PARITY;JAN27=PUT_CALL_PARITY;APR27=PUT_CALL_PARITY;MAY27=PUT_CALL_PARITY;JUL27=PUT_CALL_PARITY;JUN27=PUT_CALL_PARITY;DEC29=PUT_CALL_PARITY;OCT27=PUT_CALL_PARITY;SEP27=PUT_CALL_PARITY;AUG27=PUT_CALL_PARITY;MAR28=PUT_CALL_PARITY;DEC27=PUT_CALL_PARITY;DEC28=PUT_CALL_PARITY;SEP28=PUT_CALL_PARITY;DEC30=PUT_CALL_PARITY;JUN28=PUT_CALL_PARITY,OCT26=7852.6;NOV26=7852;FEB27=7923.875;MAR27=7994;DEC26=7923.25;JAN27=7924.5;APR27=8008.375;MAY27=8011.875;JUL27=8099.625;JUN27=8066.75;DEC29=8852.375;SEP27=8159.875;AUG27=8105.75;MAR28=8279;DEC27=8177.5;DEC28=8506.75;SEP28=6112.0875;DEC30=9361.5;JUN28=8372.5,OCT27=GLOBAL_REFERENCE_NO_OBSERVATION;SEP28=GLOBAL_REFERENCE_OUTLIER_SERIES_FORWARD_CLUSTER,WEIGHTED_ATM,2026-10-16,6,685,0.0,NONE,11274,10812,462,0,0,RTM,MDW;MMW;MRW;MTW,OK,NONE,NONE,2026-10-07
SPX,7470.0,-10226715.04756118,17.339292051166357,0.0,0.0,0.0,0.0,0.0,0.0,7906.272501294064,7798.927498705937,7959.945002588127,7745.254997411874,DEC26,OCT26,2026-10-08,2026-12-18,7852.6,7825.767905144304,FOUND,DEGRADED,SPOT_MONTH_FALLBACK;UNKNOWN_SERIES;ESTIMATED_EXPIRY_ALIAS,2026-08-02.2,PUT_CALL_PARITY,OCT26,OCT26=PUT_CALL_PARITY;NOV26=PUT_CALL_PARITY;FEB27=PUT_CALL_PARITY;MAR27=PUT_CALL_PARITY;DEC26=PUT_CALL_PARITY;JAN27=PUT_CALL_PARITY;APR27=PUT_CALL_PARITY;MAY27=PUT_CALL_PARITY;JUL27=PUT_CALL_PARITY;JUN27=PUT_CALL_PARITY;DEC29=PUT_CALL_PARITY;OCT27=PUT_CALL_PARITY;SEP27=PUT_CALL_PARITY;AUG27=PUT_CALL_PARITY;MAR28=PUT_CALL_PARITY;DEC27=PUT_CALL_PARITY;DEC28=PUT_CALL_PARITY;SEP28=PUT_CALL_PARITY;DEC30=PUT_CALL_PARITY;JUN28=PUT_CALL_PARITY,OCT26=7852.6;NOV26=7852;FEB27=7923.875;MAR27=7994;DEC26=7923.25;JAN27=7924.5;APR27=8008.375;MAY27=8011.875;JUL27=8099.625;JUN27=8066.75;DEC29=8852.375;SEP27=8159.875;AUG27=8105.75;MAR28=8279;DEC27=8177.5;DEC28=8506.75;SEP28=6112.0875;DEC30=9361.5;JUN28=8372.5,OCT27=GLOBAL_REFERENCE_NO_OBSERVATION;SEP28=GLOBAL_REFERENCE_OUTLIER_SERIES_FORWARD_CLUSTER,WEIGHTED_ATM,2026-10-16,6,685,0.0,NONE,11274,10812,462,0,0,RTM,MDW;MMW;MRW;MTW,OK,NONE,NONE,2026-10-07
SPX,7475.0,-130701420.4550699,220.35968475742177,0.0,0.0,0.0,0.0,0.0,0.0,7906.272501294064,7798.927498705937,7959.945002588127,7745.254997411874,DEC26,OCT26,2026-10-08,2026-12-18,7852.6,7825.767905144304,FOUND,DEGRADED,SPOT_MONTH_FALLBACK;UNKNOWN_SERIES;ESTIMATED_EXPIRY_ALIAS,2026-08-02.2,PUT_CALL_PARITY,OCT26,OCT26=PUT_CALL_PARITY;NOV26=PUT_CALL_PARITY;FEB27=PUT_CALL_PARITY;MAR27=PUT_CALL_PARITY;DEC26=PUT_CALL_PARITY;JAN27=PUT_CALL_PARITY;APR27=PUT_CALL_PARITY;MAY27=PUT_CALL_PARITY;JUL27=PUT_CALL_PARITY;JUN27=PUT_CALL_PARITY;DEC29=PUT_CALL_PARITY;OCT27=PUT_CALL_PARITY;SEP27=PUT_CALL_PARITY;AUG27=PUT_CALL_PARITY;MAR28=PUT_CALL_PARITY;DEC27=PUT_CALL_PARITY;DEC28=PUT_CALL_PARITY;SEP28=PUT_CALL_PARITY;DEC30=PUT_CALL_PARITY;JUN28=PUT_CALL_PARITY,OCT26=7852.6;NOV26=7852;FEB27=7923.875;MAR27=7994;DEC26=7923.25;JAN27=7924.5;APR27=8008.375;MAY27=8011.875;JUL27=8099.625;JUN27=8066.75;DEC29=8852.375;SEP27=8159.875;AUG27=8105.75;MAR28=8279;DEC27=8177.5;DEC28=8506.75;SEP28=6112.0875;DEC30=9361.5;JUN28=8372.5,OCT27=GLOBAL_REFERENCE_NO_OBSERVATION;SEP28=GLOBAL_REFERENCE_OUTLIER_SERIES_FORWARD_CLUSTER,WEIGHTED_ATM,2026-10-16,6,685,0.0,NONE,11274,10812,462,0,0,RTM,MDW;MMW;MRW;MTW,OK,NONE,NONE,2026-10-07
SPX,7480.0,-20157573.351030108,33.39992989159761,0.0,0.0,0.0,0.0,0.0,0.0,7906.272501294064,7798.927498705937,7959.945002588127,7745.254997411874,DEC26,OCT26,2026-10-08,2026-12-18,7852.6,7825.767905144304,FOUND,DEGRADED,SPOT_MONTH_FALLBACK;UNKNOWN_SERIES;ESTIMATED_EXPIRY_ALIAS,2026-08-02.2,PUT_CALL_PARITY,OCT26,OCT26=PUT_CALL_PARITY;NOV26=PUT_CALL_PARITY;FEB27=PUT_CALL_PARITY;MAR27=PUT_CALL_PARITY;DEC26=PUT_CALL_PARITY;JAN27=PUT_CALL_PARITY;APR27=PUT_CALL_PARITY;MAY27=PUT_CALL_PARITY;JUL27=PUT_CALL_PARITY;JUN27=PUT_CALL_PARITY;DEC29=PUT_CALL_PARITY;OCT27=PUT_CALL_PARITY;SEP27=PUT_CALL_PARITY;AUG27=PUT_CALL_PARITY;MAR28=PUT_CALL_PARITY;DEC27=PUT_CALL_PARITY;DEC28=PUT_CALL_PARITY;SEP28=PUT_CALL_PARITY;DEC30=PUT_CALL_PARITY;JUN28=PUT_CALL_PARITY,OCT26=7852.6;NOV26=7852;FEB27=7923.875;MAR27=7994;DEC26=7923.25;JAN27=7924.5;APR27=8008.375;MAY27=8011.875;JUL27=8099.625;JUN27=8066.75;DEC29=8852.375;SEP27=8159.875;AUG27=8105.75;MAR28=8279;DEC27=8177.5;DEC28=8506.75;SEP28=6112.0875;DEC30=9361.5;JUN28=8372.5,OCT27=GLOBAL_REFERENCE_NO_OBSERVATION;SEP28=GLOBAL_REFERENCE_OUTLIER_SERIES_FORWARD_CLUSTER,WEIGHTED_ATM,2026-10-16,6,685,0.0,NONE,11274,10812,462,0,0,RTM,MDW;MMW;MRW;MTW,OK,NONE,NONE,2026-10-07
SPX,7485.0,-1610997.5713714233,2.6397942660883214,0.0,0.0,0.0,0.0,0.0,0.0,7906.272501294064,7798.927498705937,7959.945002588127,7745.254997411874,DEC26,OCT26,2026-10-08,2026-12-18,7852.6,7825.767905144304,FOUND,DEGRADED,SPOT_MONTH_FALLBACK;UNKNOWN_SERIES;ESTIMATED_EXPIRY_ALIAS,2026-08-02.2,PUT_CALL_PARITY,OCT26,OCT26=PUT_CALL_PARITY;NOV26=PUT_CALL_PARITY;FEB27=PUT_CALL_PARITY;MAR27=PUT_CALL_PARITY;DEC26=PUT_CALL_PARITY;JAN27=PUT_CALL_PARITY;APR27=PUT_CALL_PARITY;MAY27=PUT_CALL_PARITY;JUL27=PUT_CALL_PARITY;JUN27=PUT_CALL_PARITY;DEC29=PUT_CALL_PARITY;OCT27=PUT_CALL_PARITY;SEP27=PUT_CALL_PARITY;AUG27=PUT_CALL_PARITY;MAR28=PUT_CALL_PARITY;DEC27=PUT_CALL_PARITY;DEC28=PUT_CALL_PARITY;SEP28=PUT_CALL_PARITY;DEC30=PUT_CALL_PARITY;JUN28=PUT_CALL_PARITY,OCT26=7852.6;NOV26=7852;FEB27=7923.875;MAR27=7994;DEC26=7923.25;JAN27=7924.5;APR27=8008.375;MAY27=8011.875;JUL27=8099.625;JUN27=8066.75;DEC29=8852.375;SEP27=8159.875;AUG27=8105.75;MAR28=8279;DEC27=8177.5;DEC28=8506.75;SEP28=6112.0875;DEC30=9361.5;JUN28=8372.5,OCT27=GLOBAL_REFERENCE_NO_OBSERVATION;SEP28=GLOBAL_REFERENCE_OUTLIER_SERIES_FORWARD_CLUSTER,WEIGHTED_ATM,2026-10-16,6,685,0.0,NONE,11274,10812,462,0,0,RTM,MDW;MMW;MRW;MTW,OK,NONE,NONE,2026-10-07
SPX,7490.0,-12472628.369413748,20.86481746959577,0.0,0.0,0.0,0.0,0.0,0.0,7906.272501294064,7798.927498705937,7959.945002588127,7745.254997411874,DEC26,OCT26,2026-10-08,2026-12-18,7852.6,7825.767905144304,FOUND,DEGRADED,SPOT_MONTH_FALLBACK;UNKNOWN_SERIES;ESTIMATED_EXPIRY_ALIAS,2026-08-02.2,PUT_CALL_PARITY,OCT26,OCT26=PUT_CALL_PARITY;NOV26=PUT_CALL_PARITY;FEB27=PUT_CALL_PARITY;MAR27=PUT_CALL_PARITY;DEC26=PUT_CALL_PARITY;JAN27=PUT_CALL_PARITY;APR27=PUT_CALL_PARITY;MAY27=PUT_CALL_PARITY;JUL27=PUT_CALL_PARITY;JUN27=PUT_CALL_PARITY;DEC29=PUT_CALL_PARITY;OCT27=PUT_CALL_PARITY;SEP27=PUT_CALL_PARITY;AUG27=PUT_CALL_PARITY;MAR28=PUT_CALL_PARITY;DEC27=PUT_CALL_PARITY;DEC28=PUT_CALL_PARITY;SEP28=PUT_CALL_PARITY;DEC30=PUT_CALL_PARITY;JUN28=PUT_CALL_PARITY,OCT26=7852.6;NOV26=7852;FEB27=7923.875;MAR27=7994;DEC26=7923.25;JAN27=7924.5;APR27=8008.375;MAY27=8011.875;JUL27=8099.625;JUN27=8066.75;DEC29=8852.375;SEP27=8159.875;AUG27=8105.75;MAR28=8279;DEC27=8177.5;DEC28=8506.75;SEP28=6112.0875;DEC30=9361.5;JUN28=8372.5,OCT27=GLOBAL_REFERENCE_NO_OBSERVATION;SEP28=GLOBAL_REFERENCE_OUTLIER_SERIES_FORWARD_CLUSTER,WEIGHTED_ATM,2026-10-16,6,685,0.0,NONE,11274,10812,462,0,0,RTM,MDW;MMW;MRW;MTW,OK,NONE,NONE,2026-10-07
SPX,7495.0,-1300752.1099724611,2.223340636851282,0.0,0.0,0.0,0.0,0.0,0.0,7906.272501294064,7798.927498705937,7959.945002588127,7745.254997411874,DEC26,OCT26,2026-10-08,2026-12-18,7852.6,7825.767905144304,FOUND,DEGRADED,SPOT_MONTH_FALLBACK;UNKNOWN_SERIES;ESTIMATED_EXPIRY_ALIAS,2026-08-02.2,PUT_CALL_PARITY,OCT26,OCT26=PUT_CALL_PARITY;NOV26=PUT_CALL_PARITY;FEB27=PUT_CALL_PARITY;MAR27=PUT_CALL_PARITY;DEC26=PUT_CALL_PARITY;JAN27=PUT_CALL_PARITY;APR27=PUT_CALL_PARITY;MAY27=PUT_CALL_PARITY;JUL27=PUT_CALL_PARITY;JUN27=PUT_CALL_PARITY;DEC29=PUT_CALL_PARITY;OCT27=PUT_CALL_PARITY;SEP27=PUT_CALL_PARITY;AUG27=PUT_CALL_PARITY;MAR28=PUT_CALL_PARITY;DEC27=PUT_CALL_PARITY;DEC28=PUT_CALL_PARITY;SEP28=PUT_CALL_PARITY;DEC30=PUT_CALL_PARITY;JUN28=PUT_CALL_PARITY,OCT26=7852.6;NOV26=7852;FEB27=7923.875;MAR27=7994;DEC26=7923.25;JAN27=7924.5;APR27=8008.375;MAY27=8011.875;JUL27=8099.625;JUN27=8066.75;DEC29=8852.375;SEP27=8159.875;AUG27=8105.75;MAR28=8279;DEC27=8177.5;DEC28=8506.75;SEP28=6112.0875;DEC30=9361.5;JUN28=8372.5,OCT27=GLOBAL_REFERENCE_NO_OBSERVATION;SEP28=GLOBAL_REFERENCE_OUTLIER_SERIES_FORWARD_CLUSTER,WEIGHTED_ATM,2026-10-16,6,685,0.0,NONE,11274,10812,462,0,0,RTM,MDW;MMW;MRW;MTW,OK,NONE,NONE,2026-10-07
SPX,7500.0,-918076815.4565599,2003.9815005657317,0.0,0.0,0.0,0.0,0.0,17756.0,7906.272501294064,7798.927498705937,7959.945002588127,7745.254997411874,DEC26,OCT26,2026-10-08,2026-12-18,7852.6,7825.767905144304,FOUND,DEGRADED,SPOT_MONTH_FALLBACK;UNKNOWN_SERIES;ESTIMATED_EXPIRY_ALIAS,2026-08-02.2,PUT_CALL_PARITY,OCT26,OCT26=PUT_CALL_PARITY;NOV26=PUT_CALL_PARITY;FEB27=PUT_CALL_PARITY;MAR27=PUT_CALL_PARITY;DEC26=PUT_CALL_PARITY;JAN27=PUT_CALL_PARITY;APR27=PUT_CALL_PARITY;MAY27=PUT_CALL_PARITY;JUL27=PUT_CALL_PARITY;JUN27=PUT_CALL_PARITY;DEC29=PUT_CALL_PARITY;OCT27=PUT_CALL_PARITY;SEP27=PUT_CALL_PARITY;AUG27=PUT_CALL_PARITY;MAR28=PUT_CALL_PARITY;DEC27=PUT_CALL_PARITY;DEC28=PUT_CALL_PARITY;SEP28=PUT_CALL_PARITY;DEC30=PUT_CALL_PARITY;JUN28=PUT_CALL_PARITY,OCT26=7852.6;NOV26=7852;FEB27=7923.875;MAR27=7994;DEC26=7923.25;JAN27=7924.5;APR27=8008.375;MAY27=8011.875;JUL27=8099.625;JUN27=8066.75;DEC29=8852.375;SEP27=8159.875;AUG27=8105.75;MAR28=8279;DEC27=8177.5;DEC28=8506.75;SEP28=6112.0875;DEC30=9361.5;JUN28=8372.5,OCT27=GLOBAL_REFERENCE_NO_OBSERVATION;SEP28=GLOBAL_REFERENCE_OUTLIER_SERIES_FORWARD_CLUSTER,WEIGHTED_ATM,2026-10-16,6,685,0.0,NONE,11274,10812,462,0,0,RTM,MDW;MMW;MRW;MTW,OK,NONE,NONE,2026-10-07
SPX,7505.0,-1170191.5685379815,1.9871638192597754,0.0,0.0,0.0,0.0,0.0,0.0,7906.272501294064,7798.927498705937,7959.945002588127,7745.254997411874,DEC26,OCT26,2026-10-08,2026-12-18,7852.6,7825.767905144304,FOUND,DEGRADED,SPOT_MONTH_FALLBACK;UNKNOWN_SERIES;ESTIMATED_EXPIRY_ALIAS,2026-08-02.2,PUT_CALL_PARITY,OCT26,OCT26=PUT_CALL_PARITY;NOV26=PUT_CALL_PARITY;FEB27=PUT_CALL_PARITY;MAR27=PUT_CALL_PARITY;DEC26=PUT_CALL_PARITY;JAN27=PUT_CALL_PARITY;APR27=PUT_CALL_PARITY;MAY27=PUT_CALL_PARITY;JUL27=PUT_CALL_PARITY;JUN27=PUT_CALL_PARITY;DEC29=PUT_CALL_PARITY;OCT27=PUT_CALL_PARITY;SEP27=PUT_CALL_PARITY;AUG27=PUT_CALL_PARITY;MAR28=PUT_CALL_PARITY;DEC27=PUT_CALL_PARITY;DEC28=PUT_CALL_PARITY;SEP28=PUT_CALL_PARITY;DEC30=PUT_CALL_PARITY;JUN28=PUT_CALL_PARITY,OCT26=7852.6;NOV26=7852;FEB27=7923.875;MAR27=7994;DEC26=7923.25;JAN27=7924.5;APR27=8008.375;MAY27=8011.875;JUL27=8099.625;JUN27=8066.75;DEC29=8852.375;SEP27=8159.875;AUG27=8105.75;MAR28=8279;DEC27=8177.5;DEC28=8506.75;SEP28=6112.0875;DEC30=9361.5;JUN28=8372.5,OCT27=GLOBAL_REFERENCE_NO_OBSERVATION;SEP28=GLOBAL_REFERENCE_OUTLIER_SERIES_FORWARD_CLUSTER,WEIGHTED_ATM,2026-10-16,6,685,0.0,NONE,11274,10812,462,0,0,RTM,MDW;MMW;MRW;MTW,OK,NONE,NONE,2026-10-07
SPX,7510.0,-10942626.764252556,18.507149030401123,0.0,0.0,0.0,0.0,0.0,0.0,7906.272501294064,7798.927498705937,7959.945002588127,7745.254997411874,DEC26,OCT26,2026-10-08,2026-12-18,7852.6,7825.767905144304,FOUND,DEGRADED,SPOT_MONTH_FALLBACK;UNKNOWN_SERIES;ESTIMATED_EXPIRY_ALIAS,2026-08-02.2,PUT_CALL_PARITY,OCT26,OCT26=PUT_CALL_PARITY;NOV26=PUT_CALL_PARITY;FEB27=PUT_CALL_PARITY;MAR27=PUT_CALL_PARITY;DEC26=PUT_CALL_PARITY;JAN27=PUT_CALL_PARITY;APR27=PUT_CALL_PARITY;MAY27=PUT_CALL_PARITY;JUL27=PUT_CALL_PARITY;JUN27=PUT_CALL_PARITY;DEC29=PUT_CALL_PARITY;OCT27=PUT_CALL_PARITY;SEP27=PUT_CALL_PARITY;AUG27=PUT_CALL_PARITY;MAR28=PUT_CALL_PARITY;DEC27=PUT_CALL_PARITY;DEC28=PUT_CALL_PARITY;SEP28=PUT_CALL_PARITY;DEC30=PUT_CALL_PARITY;JUN28=PUT_CALL_PARITY,OCT26=7852.6;NOV26=7852;FEB27=7923.875;MAR27=7994;DEC26=7923.25;JAN27=7924.5;APR27=8008.375;MAY27=8011.875;JUL27=8099.625;JUN27=8066.75;DEC29=8852.375;SEP27=8159.875;AUG27=8105.75;MAR28=8279;DEC27=8177.5;DEC28=8506.75;SEP28=6112.0875;DEC30=9361.5;JUN28=8372.5,OCT27=GLOBAL_REFERENCE_NO_OBSERVATION;SEP28=GLOBAL_REFERENCE_OUTLIER_SERIES_FORWARD_CLUSTER,WEIGHTED_ATM,2026-10-16,6,685,0.0,NONE,11274,10812,462,0,0,RTM,MDW;MMW;MRW;MTW,OK,NONE,NONE,2026-10-07
SPX,7515.0,-2518792.096303405,4.202800133475741,0.0,0.0,0.0,0.0,0.0,0.0,7906.272501294064,7798.927498705937,7959.945002588127,7745.254997411874,DEC26,OCT26,2026-10-08,2026-12-18,7852.6,7825.767905144304,FOUND,DEGRADED,SPOT_MONTH_FALLBACK;UNKNOWN_SERIES;ESTIMATED_EXPIRY_ALIAS,2026-08-02.2,PUT_CALL_PARITY,OCT26,OCT26=PUT_CALL_PARITY;NOV26=PUT_CALL_PARITY;FEB27=PUT_CALL_PARITY;MAR27=PUT_CALL_PARITY;DEC26=PUT_CALL_PARITY;JAN27=PUT_CALL_PARITY;APR27=PUT_CALL_PARITY;MAY27=PUT_CALL_PARITY;JUL27=PUT_CALL_PARITY;JUN27=PUT_CALL_PARITY;DEC29=PUT_CALL_PARITY;OCT27=PUT_CALL_PARITY;SEP27=PUT_CALL_PARITY;AUG27=PUT_CALL_PARITY;MAR28=PUT_CALL_PARITY;DEC27=PUT_CALL_PARITY;DEC28=PUT_CALL_PARITY;SEP28=PUT_CALL_PARITY;DEC30=PUT_CALL_PARITY;JUN28=PUT_CALL_PARITY,OCT26=7852.6;NOV26=7852;FEB27=7923.875;MAR27=7994;DEC26=7923.25;JAN27=7924.5;APR27=8008.375;MAY27=8011.875;JUL27=8099.625;JUN27=8066.75;DEC29=8852.375;SEP27=8159.875;AUG27=8105.75;MAR28=8279;DEC27=8177.5;DEC28=8506.75;SEP28=6112.0875;DEC30=9361.5;JUN28=8372.5,OCT27=GLOBAL_REFERENCE_NO_OBSERVATION;SEP28=GLOBAL_REFERENCE_OUTLIER_SERIES_FORWARD_CLUSTER,WEIGHTED_ATM,2026-10-16,6,685,0.0,NONE,11274,10812,462,0,0,RTM,MDW;MMW;MRW;MTW,OK,NONE,NONE,2026-10-07
SPX,7520.0,-22460020.416493226,37.66853534017331,0.0,0.0,0.0,0.0,0.0,0.0,7906.272501294064,7798.927498705937,7959.945002588127,7745.254997411874,DEC26,OCT26,2026-10-08,2026-12-18,7852.6,7825.767905144304,FOUND,DEGRADED,SPOT_MONTH_FALLBACK;UNKNOWN_SERIES;ESTIMATED_EXPIRY_ALIAS,2026-08-02.2,PUT_CALL_PARITY,OCT26,OCT26=PUT_CALL_PARITY;NOV26=PUT_CALL_PARITY;FEB27=PUT_CALL_PARITY;MAR27=PUT_CALL_PARITY;DEC26=PUT_CALL_PARITY;JAN27=PUT_CALL_PARITY;APR27=PUT_CALL_PARITY;MAY27=PUT_CALL_PARITY;JUL27=PUT_CALL_PARITY;JUN27=PUT_CALL_PARITY;DEC29=PUT_CALL_PARITY;OCT27=PUT_CALL_PARITY;SEP27=PUT_CALL_PARITY;AUG27=PUT_CALL_PARITY;MAR28=PUT_CALL_PARITY;DEC27=PUT_CALL_PARITY;DEC28=PUT_CALL_PARITY;SEP28=PUT_CALL_PARITY;DEC30=PUT_CALL_PARITY;JUN28=PUT_CALL_PARITY,OCT26=7852.6;NOV26=7852;FEB27=7923.875;MAR27=7994;DEC26=7923.25;JAN27=7924.5;APR27=8008.375;MAY27=8011.875;JUL27=8099.625;JUN27=8066.75;DEC29=8852.375;SEP27=8159.875;AUG27=8105.75;MAR28=8279;DEC27=8177.5;DEC28=8506.75;SEP28=6112.0875;DEC30=9361.5;JUN28=8372.5,OCT27=GLOBAL_REFERENCE_NO_OBSERVATION;SEP28=GLOBAL_REFERENCE_OUTLIER_SERIES_FORWARD_CLUSTER,WEIGHTED_ATM,2026-10-16,6,685,0.0,NONE,11274,10812,462,0,0,RTM,MDW;MMW;MRW;MTW,OK,NONE,NONE,2026-10-07
SPX,7525.0,-132474726.89023238,254.97168588312238,0.0,0.0,0.0,0.0,0.0,0.0,7906.272501294064,7798.927498705937,7959.945002588127,7745.254997411874,DEC26,OCT26,2026-10-08,2026-12-18,7852.6,7825.767905144304,FOUND,DEGRADED,SPOT_MONTH_FALLBACK;UNKNOWN_SERIES;ESTIMATED_EXPIRY_ALIAS,2026-08-02.2,PUT_CALL_PARITY,OCT26,OCT26=PUT_CALL_PARITY;NOV26=PUT_CALL_PARITY;FEB27=PUT_CALL_PARITY;MAR27=PUT_CALL_PARITY;DEC26=PUT_CALL_PARITY;JAN27=PUT_CALL_PARITY;APR27=PUT_CALL_PARITY;MAY27=PUT_CALL_PARITY;JUL27=PUT_CALL_PARITY;JUN27=PUT_CALL_PARITY;DEC29=PUT_CALL_PARITY;OCT27=PUT_CALL_PARITY;SEP27=PUT_CALL_PARITY;AUG27=PUT_CALL_PARITY;MAR28=PUT_CALL_PARITY;DEC27=PUT_CALL_PARITY;DEC28=PUT_CALL_PARITY;SEP28=PUT_CALL_PARITY;DEC30=PUT_CALL_PARITY;JUN28=PUT_CALL_PARITY,OCT26=7852.6;NOV26=7852;FEB27=7923.875;MAR27=7994;DEC26=7923.25;JAN27=7924.5;APR27=8008.375;MAY27=8011.875;JUL27=8099.625;JUN27=8066.75;DEC29=8852.375;SEP27=8159.875;AUG27=8105.75;MAR28=8279;DEC27=8177.5;DEC28=8506.75;SEP28=6112.0875;DEC30=9361.5;JUN28=8372.5,OCT27=GLOBAL_REFERENCE_NO_OBSERVATION;SEP28=GLOBAL_REFERENCE_OUTLIER_SERIES_FORWARD_CLUSTER,WEIGHTED_ATM,2026-10-16,6,685,0.0,NONE,11274,10812,462,0,0,RTM,MDW;MMW;MRW;MTW,OK,NONE,NONE,2026-10-07
SPX,7530.0,-21109966.286301102,37.57043792854639,0.0,0.0,0.0,0.0,0.0,0.0,7906.272501294064,7798.927498705937,7959.945002588127,7745.254997411874,DEC26,OCT26,2026-10-08,2026-12-18,7852.6,7825.767905144304,FOUND,DEGRADED,SPOT_MONTH_FALLBACK;UNKNOWN_SERIES;ESTIMATED_EXPIRY_ALIAS,2026-08-02.2,PUT_CALL_PARITY,OCT26,OCT26=PUT_CALL_PARITY;NOV26=PUT_CALL_PARITY;FEB27=PUT_CALL_PARITY;MAR27=PUT_CALL_PARITY;DEC26=PUT_CALL_PARITY;JAN27=PUT_CALL_PARITY;APR27=PUT_CALL_PARITY;MAY27=PUT_CALL_PARITY;JUL27=PUT_CALL_PARITY;JUN27=PUT_CALL_PARITY;DEC29=PUT_CALL_PARITY;OCT27=PUT_CALL_PARITY;SEP27=PUT_CALL_PARITY;AUG27=PUT_CALL_PARITY;MAR28=PUT_CALL_PARITY;DEC27=PUT_CALL_PARITY;DEC28=PUT_CALL_PARITY;SEP28=PUT_CALL_PARITY;DEC30=PUT_CALL_PARITY;JUN28=PUT_CALL_PARITY,OCT26=7852.6;NOV26=7852;FEB27=7923.875;MAR27=7994;DEC26=7923.25;JAN27=7924.5;APR27=8008.375;MAY27=8011.875;JUL27=8099.625;JUN27=8066.75;DEC29=8852.375;SEP27=8159.875;AUG27=8105.75;MAR28=8279;DEC27=8177.5;DEC28=8506.75;SEP28=6112.0875;DEC30=9361.5;JUN28=8372.5,OCT27=GLOBAL_REFERENCE_NO_OBSERVATION;SEP28=GLOBAL_REFERENCE_OUTLIER_SERIES_FORWARD_CLUSTER,WEIGHTED_ATM,2026-10-16,6,685,0.0,NONE,11274,10812,462,0,0,RTM,MDW;MMW;MRW;MTW,OK,NONE,NONE,2026-10-07
SPX,7535.0,-3272227.236962642,5.536217588283029,0.0,0.0,0.0,0.0,0.0,0.0,7906.272501294064,7798.927498705937,7959.945002588127,7745.254997411874,DEC26,OCT26,2026-10-08,2026-12-18,7852.6,7825.767905144304,FOUND,DEGRADED,SPOT_MONTH_FALLBACK;UNKNOWN_SERIES;ESTIMATED_EXPIRY_ALIAS,2026-08-02.2,PUT_CALL_PARITY,OCT26,OCT26=PUT_CALL_PARITY;NOV26=PUT_CALL_PARITY;FEB27=PUT_CALL_PARITY;MAR27=PUT_CALL_PARITY;DEC26=PUT_CALL_PARITY;JAN27=PUT_CALL_PARITY;APR27=PUT_CALL_PARITY;MAY27=PUT_CALL_PARITY;JUL27=PUT_CALL_PARITY;JUN27=PUT_CALL_PARITY;DEC29=PUT_CALL_PARITY;OCT27=PUT_CALL_PARITY;SEP27=PUT_CALL_PARITY;AUG27=PUT_CALL_PARITY;MAR28=PUT_CALL_PARITY;DEC27=PUT_CALL_PARITY;DEC28=PUT_CALL_PARITY;SEP28=PUT_CALL_PARITY;DEC30=PUT_CALL_PARITY;JUN28=PUT_CALL_PARITY,OCT26=7852.6;NOV26=7852;FEB27=7923.875;MAR27=7994;DEC26=7923.25;JAN27=7924.5;APR27=8008.375;MAY27=8011.875;JUL27=8099.625;JUN27=8066.75;DEC29=8852.375;SEP27=8159.875;AUG27=8105.75;MAR28=8279;DEC27=8177.5;DEC28=8506.75;SEP28=6112.0875;DEC30=9361.5;JUN28=8372.5,OCT27=GLOBAL_REFERENCE_NO_OBSERVATION;SEP28=GLOBAL_REFERENCE_OUTLIER_SERIES_FORWARD_CLUSTER,WEIGHTED_ATM,2026-10-16,6,685,0.0,NONE,11274,10812,462,0,0,RTM,MDW;MMW;MRW;MTW,OK,NONE,NONE,2026-10-07
SPX,7540.0,-83645856.22981071,136.76051772558097,0.0,0.0,0.0,0.0,0.0,0.0,7906.272501294064,7798.927498705937,7959.945002588127,7745.254997411874,DEC26,OCT26,2026-10-08,2026-12-18,7852.6,7825.767905144304,FOUND,DEGRADED,SPOT_MONTH_FALLBACK;UNKNOWN_SERIES;ESTIMATED_EXPIRY_ALIAS,2026-08-02.2,PUT_CALL_PARITY,OCT26,OCT26=PUT_CALL_PARITY;NOV26=PUT_CALL_PARITY;FEB27=PUT_CALL_PARITY;MAR27=PUT_CALL_PARITY;DEC26=PUT_CALL_PARITY;JAN27=PUT_CALL_PARITY;APR27=PUT_CALL_PARITY;MAY27=PUT_CALL_PARITY;JUL27=PUT_CALL_PARITY;JUN27=PUT_CALL_PARITY;DEC29=PUT_CALL_PARITY;OCT27=PUT_CALL_PARITY;SEP27=PUT_CALL_PARITY;AUG27=PUT_CALL_PARITY;MAR28=PUT_CALL_PARITY;DEC27=PUT_CALL_PARITY;DEC28=PUT_CALL_PARITY;SEP28=PUT_CALL_PARITY;DEC30=PUT_CALL_PARITY;JUN28=PUT_CALL_PARITY,OCT26=7852.6;NOV26=7852;FEB27=7923.875;MAR27=7994;DEC26=7923.25;JAN27=7924.5;APR27=8008.375;MAY27=8011.875;JUL27=8099.625;JUN27=8066.75;DEC29=8852.375;SEP27=8159.875;AUG27=8105.75;MAR28=8279;DEC27=8177.5;DEC28=8506.75;SEP28=6112.0875;DEC30=9361.5;JUN28=8372.5,OCT27=GLOBAL_REFERENCE_NO_OBSERVATION;SEP28=GLOBAL_REFERENCE_OUTLIER_SERIES_FORWARD_CLUSTER,WEIGHTED_ATM,2026-10-16,6,685,0.0,NONE,11274,10812,462,0,0,RTM,MDW;MMW;MRW;MTW,OK,NONE,NONE,2026-10-07
SPX,7545.0,-911228.3449364386,1.5894000262527717,0.0,0.0,0.0,0.0,0.0,0.0,7906.272501294064,7798.927498705937,7959.945002588127,7745.254997411874,DEC26,OCT26,2026-10-08,2026-12-18,7852.6,7825.767905144304,FOUND,DEGRADED,SPOT_MONTH_FALLBACK;UNKNOWN_SERIES;ESTIMATED_EXPIRY_ALIAS,2026-08-02.2,PUT_CALL_PARITY,OCT26,OCT26=PUT_CALL_PARITY;NOV26=PUT_CALL_PARITY;FEB27=PUT_CALL_PARITY;MAR27=PUT_CALL_PARITY;DEC26=PUT_CALL_PARITY;JAN27=PUT_CALL_PARITY;APR27=PUT_CALL_PARITY;MAY27=PUT_CALL_PARITY;JUL27=PUT_CALL_PARITY;JUN27=PUT_CALL_PARITY;DEC29=PUT_CALL_PARITY;OCT27=PUT_CALL_PARITY;SEP27=PUT_CALL_PARITY;AUG27=PUT_CALL_PARITY;MAR28=PUT_CALL_PARITY;DEC27=PUT_CALL_PARITY;DEC28=PUT_CALL_PARITY;SEP28=PUT_CALL_PARITY;DEC30=PUT_CALL_PARITY;JUN28=PUT_CALL_PARITY,OCT26=7852.6;NOV26=7852;FEB27=7923.875;MAR27=7994;DEC26=7923.25;JAN27=7924.5;APR27=8008.375;MAY27=8011.875;JUL27=8099.625;JUN27=8066.75;DEC29=8852.375;SEP27=8159.875;AUG27=8105.75;MAR28=8279;DEC27=8177.5;DEC28=8506.75;SEP28=6112.0875;DEC30=9361.5;JUN28=8372.5,OCT27=GLOBAL_REFERENCE_NO_OBSERVATION;SEP28=GLOBAL_REFERENCE_OUTLIER_SERIES_FORWARD_CLUSTER,WEIGHTED_ATM,2026-10-16,6,685,0.0,NONE,11274,10812,462,0,0,RTM,MDW;MMW;MRW;MTW,OK,NONE,NONE,2026-10-07
SPX,7550.0,-323363249.7076791,872.9923982860349,0.0,0.0,0.0,0.0,0.0,0.0,7906.272501294064,7798.927498705937,7959.945002588127,7745.254997411874,DEC26,OCT26,2026-10-08,2026-12-18,7852.6,7825.767905144304,FOUND,DEGRADED,SPOT_MONTH_FALLBACK;UNKNOWN_SERIES;ESTIMATED_EXPIRY_ALIAS,2026-08-02.2,PUT_CALL_PARITY,OCT26,OCT26=PUT_CALL_PARITY;NOV26=PUT_CALL_PARITY;FEB27=PUT_CALL_PARITY;MAR27=PUT_CALL_PARITY;DEC26=PUT_CALL_PARITY;JAN27=PUT_CALL_PARITY;APR27=PUT_CALL_PARITY;MAY27=PUT_CALL_PARITY;JUL27=PUT_CALL_PARITY;JUN27=PUT_CALL_PARITY;DEC29=PUT_CALL_PARITY;OCT27=PUT_CALL_PARITY;SEP27=PUT_CALL_PARITY;AUG27=PUT_CALL_PARITY;MAR28=PUT_CALL_PARITY;DEC27=PUT_CALL_PARITY;DEC28=PUT_CALL_PARITY;SEP28=PUT_CALL_PARITY;DEC30=PUT_CALL_PARITY;JUN28=PUT_CALL_PARITY,OCT26=7852.6;NOV26=7852;FEB27=7923.875;MAR27=7994;DEC26=7923.25;JAN27=7924.5;APR27=8008.375;MAY27=8011.875;JUL27=8099.625;JUN27=8066.75;DEC29=8852.375;SEP27=8159.875;AUG27=8105.75;MAR28=8279;DEC27=8177.5;DEC28=8506.75;SEP28=6112.0875;DEC30=9361.5;JUN28=8372.5,OCT27=GLOBAL_REFERENCE_NO_OBSERVATION;SEP28=GLOBAL_REFERENCE_OUTLIER_SERIES_FORWARD_CLUSTER,WEIGHTED_ATM,2026-10-16,6,685,0.0,NONE,11274,10812,462,0,0,RTM,MDW;MMW;MRW;MTW,OK,NONE,NONE,2026-10-07
SPX,7555.0,-1924511.6017358745,3.408360503395099,0.0,0.0,0.0,0.0,0.0,0.0,7906.272501294064,7798.927498705937,7959.945002588127,7745.254997411874,DEC26,OCT26,2026-10-08,2026-12-18,7852.6,7825.767905144304,FOUND,DEGRADED,SPOT_MONTH_FALLBACK;UNKNOWN_SERIES;ESTIMATED_EXPIRY_ALIAS,2026-08-02.2,PUT_CALL_PARITY,OCT26,OCT26=PUT_CALL_PARITY;NOV26=PUT_CALL_PARITY;FEB27=PUT_CALL_PARITY;MAR27=PUT_CALL_PARITY;DEC26=PUT_CALL_PARITY;JAN27=PUT_CALL_PARITY;APR27=PUT_CALL_PARITY;MAY27=PUT_CALL_PARITY;JUL27=PUT_CALL_PARITY;JUN27=PUT_CALL_PARITY;DEC29=PUT_CALL_PARITY;OCT27=PUT_CALL_PARITY;SEP27=PUT_CALL_PARITY;AUG27=PUT_CALL_PARITY;MAR28=PUT_CALL_PARITY;DEC27=PUT_CALL_PARITY;DEC28=PUT_CALL_PARITY;SEP28=PUT_CALL_PARITY;DEC30=PUT_CALL_PARITY;JUN28=PUT_CALL_PARITY,OCT26=7852.6;NOV26=7852;FEB27=7923.875;MAR27=7994;DEC26=7923.25;JAN27=7924.5;APR27=8008.375;MAY27=8011.875;JUL27=8099.625;JUN27=8066.75;DEC29=8852.375;SEP27=8159.875;AUG27=8105.75;MAR28=8279;DEC27=8177.5;DEC28=8506.75;SEP28=6112.0875;DEC30=9361.5;JUN28=8372.5,OCT27=GLOBAL_REFERENCE_NO_OBSERVATION;SEP28=GLOBAL_REFERENCE_OUTLIER_SERIES_FORWARD_CLUSTER,WEIGHTED_ATM,2026-10-16,6,685,0.0,NONE,11274,10812,462,0,0,RTM,MDW;MMW;MRW;MTW,OK,NONE,NONE,2026-10-07
SPX,7560.0,-24689794.754503597,41.6347978138909,0.0,0.0,0.0,0.0,0.0,0.0,7906.272501294064,7798.927498705937,7959.945002588127,7745.254997411874,DEC26,OCT26,2026-10-08,2026-12-18,7852.6,7825.767905144304,FOUND,DEGRADED,SPOT_MONTH_FALLBACK;UNKNOWN_SERIES;ESTIMATED_EXPIRY_ALIAS,2026-08-02.2,PUT_CALL_PARITY,OCT26,OCT26=PUT_CALL_PARITY;NOV26=PUT_CALL_PARITY;FEB27=PUT_CALL_PARITY;MAR27=PUT_CALL_PARITY;DEC26=PUT_CALL_PARITY;JAN27=PUT_CALL_PARITY;APR27=PUT_CALL_PARITY;MAY27=PUT_CALL_PARITY;JUL27=PUT_CALL_PARITY;JUN27=PUT_CALL_PARITY;DEC29=PUT_CALL_PARITY;OCT27=PUT_CALL_PARITY;SEP27=PUT_CALL_PARITY;AUG27=PUT_CALL_PARITY;MAR28=PUT_CALL_PARITY;DEC27=PUT_CALL_PARITY;DEC28=PUT_CALL_PARITY;SEP28=PUT_CALL_PARITY;DEC30=PUT_CALL_PARITY;JUN28=PUT_CALL_PARITY,OCT26=7852.6;NOV26=7852;FEB27=7923.875;MAR27=7994;DEC26=7923.25;JAN27=7924.5;APR27=8008.375;MAY27=8011.875;JUL27=8099.625;JUN27=8066.75;DEC29=8852.375;SEP27=8159.875;AUG27=8105.75;MAR28=8279;DEC27=8177.5;DEC28=8506.75;SEP28=6112.0875;DEC30=9361.5;JUN28=8372.5,OCT27=GLOBAL_REFERENCE_NO_OBSERVATION;SEP28=GLOBAL_REFERENCE_OUTLIER_SERIES_FORWARD_CLUSTER,WEIGHTED_ATM,2026-10-16,6,685,0.0,NONE,11274,10812,462,0,0,RTM,MDW;MMW;MRW;MTW,OK,NONE,NONE,2026-10-07
SPX,7565.0,-1840226.5243546371,3.368816567189621,0.0,0.0,0.0,0.0,0.0,0.0,7906.272501294064,7798.927498705937,7959.945002588127,7745.254997411874,DEC26,OCT26,2026-10-08,2026-12-18,7852.6,7825.767905144304,FOUND,DEGRADED,SPOT_MONTH_FALLBACK;UNKNOWN_SERIES;ESTIMATED_EXPIRY_ALIAS,2026-08-02.2,PUT_CALL_PARITY,OCT26,OCT26=PUT_CALL_PARITY;NOV26=PUT_CALL_PARITY;FEB27=PUT_CALL_PARITY;MAR27=PUT_CALL_PARITY;DEC26=PUT_CALL_PARITY;JAN27=PUT_CALL_PARITY;APR27=PUT_CALL_PARITY;MAY27=PUT_CALL_PARITY;JUL27=PUT_CALL_PARITY;JUN27=PUT_CALL_PARITY;DEC29=PUT_CALL_PARITY;OCT27=PUT_CALL_PARITY;SEP27=PUT_CALL_PARITY;AUG27=PUT_CALL_PARITY;MAR28=PUT_CALL_PARITY;DEC27=PUT_CALL_PARITY;DEC28=PUT_CALL_PARITY;SEP28=PUT_CALL_PARITY;DEC30=PUT_CALL_PARITY;JUN28=PUT_CALL_PARITY,OCT26=7852.6;NOV26=7852;FEB27=7923.875;MAR27=7994;DEC26=7923.25;JAN27=7924.5;APR27=8008.375;MAY27=8011.875;JUL27=8099.625;JUN27=8066.75;DEC29=8852.375;SEP27=8159.875;AUG27=8105.75;MAR28=8279;DEC27=8177.5;DEC28=8506.75;SEP28=6112.0875;DEC30=9361.5;JUN28=8372.5,OCT27=GLOBAL_REFERENCE_NO_OBSERVATION;SEP28=GLOBAL_REFERENCE_OUTLIER_SERIES_FORWARD_CLUSTER,WEIGHTED_ATM,2026-10-16,6,685,0.0,NONE,11274,10812,462,0,0,RTM,MDW;MMW;MRW;MTW,OK,NONE,NONE,2026-10-07
SPX,7570.0,-41406158.79567171,69.2977667281915,0.0,0.0,0.0,0.0,0.0,0.0,7906.272501294064,7798.927498705937,7959.945002588127,7745.254997411874,DEC26,OCT26,2026-10-08,2026-12-18,7852.6,7825.767905144304,FOUND,DEGRADED,SPOT_MONTH_FALLBACK;UNKNOWN_SERIES;ESTIMATED_EXPIRY_ALIAS,2026-08-02.2,PUT_CALL_PARITY,OCT26,OCT26=PUT_CALL_PARITY;NOV26=PUT_CALL_PARITY;FEB27=PUT_CALL_PARITY;MAR27=PUT_CALL_PARITY;DEC26=PUT_CALL_PARITY;JAN27=PUT_CALL_PARITY;APR27=PUT_CALL_PARITY;MAY27=PUT_CALL_PARITY;JUL27=PUT_CALL_PARITY;JUN27=PUT_CALL_PARITY;DEC29=PUT_CALL_PARITY;OCT27=PUT_CALL_PARITY;SEP27=PUT_CALL_PARITY;AUG27=PUT_CALL_PARITY;MAR28=PUT_CALL_PARITY;DEC27=PUT_CALL_PARITY;DEC28=PUT_CALL_PARITY;SEP28=PUT_CALL_PARITY;DEC30=PUT_CALL_PARITY;JUN28=PUT_CALL_PARITY,OCT26=7852.6;NOV26=7852;FEB27=7923.875;MAR27=7994;DEC26=7923.25;JAN27=7924.5;APR27=8008.375;MAY27=8011.875;JUL27=8099.625;JUN27=8066.75;DEC29=8852.375;SEP27=8159.875;AUG27=8105.75;MAR28=8279;DEC27=8177.5;DEC28=8506.75;SEP28=6112.0875;DEC30=9361.5;JUN28=8372.5,OCT27=GLOBAL_REFERENCE_NO_OBSERVATION;SEP28=GLOBAL_REFERENCE_OUTLIER_SERIES_FORWARD_CLUSTER,WEIGHTED_ATM,2026-10-16,6,685,0.0,NONE,11274,10812,462,0,0,RTM,MDW;MMW;MRW;MTW,OK,NONE,NONE,2026-10-07
SPX,7575.0,-201157611.30282915,372.1726344531233,0.0,0.0,0.0,0.0,0.0,0.0,7906.272501294064,7798.927498705937,7959.945002588127,7745.254997411874,DEC26,OCT26,2026-10-08,2026-12-18,7852.6,7825.767905144304,FOUND,DEGRADED,SPOT_MONTH_FALLBACK;UNKNOWN_SERIES;ESTIMATED_EXPIRY_ALIAS,2026-08-02.2,PUT_CALL_PARITY,OCT26,OCT26=PUT_CALL_PARITY;NOV26=PUT_CALL_PARITY;FEB27=PUT_CALL_PARITY;MAR27=PUT_CALL_PARITY;DEC26=PUT_CALL_PARITY;JAN27=PUT_CALL_PARITY;APR27=PUT_CALL_PARITY;MAY27=PUT_CALL_PARITY;JUL27=PUT_CALL_PARITY;JUN27=PUT_CALL_PARITY;DEC29=PUT_CALL_PARITY;OCT27=PUT_CALL_PARITY;SEP27=PUT_CALL_PARITY;AUG27=PUT_CALL_PARITY;MAR28=PUT_CALL_PARITY;DEC27=PUT_CALL_PARITY;DEC28=PUT_CALL_PARITY;SEP28=PUT_CALL_PARITY;DEC30=PUT_CALL_PARITY;JUN28=PUT_CALL_PARITY,OCT26=7852.6;NOV26=7852;FEB27=7923.875;MAR27=7994;DEC26=7923.25;JAN27=7924.5;APR27=8008.375;MAY27=8011.875;JUL27=8099.625;JUN27=8066.75;DEC29=8852.375;SEP27=8159.875;AUG27=8105.75;MAR28=8279;DEC27=8177.5;DEC28=8506.75;SEP28=6112.0875;DEC30=9361.5;JUN28=8372.5,OCT27=GLOBAL_REFERENCE_NO_OBSERVATION;SEP28=GLOBAL_REFERENCE_OUTLIER_SERIES_FORWARD_CLUSTER,WEIGHTED_ATM,2026-10-16,6,685,0.0,NONE,11274,10812,462,0,0,RTM,MDW;MMW;MRW;MTW,OK,NONE,NONE,2026-10-07
SPX,7580.0,-40725121.19265586,70.28352979633449,0.0,0.0,0.0,0.0,0.0,0.0,7906.272501294064,7798.927498705937,7959.945002588127,7745.254997411874,DEC26,OCT26,2026-10-08,2026-12-18,7852.6,7825.767905144304,FOUND,DEGRADED,SPOT_MONTH_FALLBACK;UNKNOWN_SERIES;ESTIMATED_EXPIRY_ALIAS,2026-08-02.2,PUT_CALL_PARITY,OCT26,OCT26=PUT_CALL_PARITY;NOV26=PUT_CALL_PARITY;FEB27=PUT_CALL_PARITY;MAR27=PUT_CALL_PARITY;DEC26=PUT_CALL_PARITY;JAN27=PUT_CALL_PARITY;APR27=PUT_CALL_PARITY;MAY27=PUT_CALL_PARITY;JUL27=PUT_CALL_PARITY;JUN27=PUT_CALL_PARITY;DEC29=PUT_CALL_PARITY;OCT27=PUT_CALL_PARITY;SEP27=PUT_CALL_PARITY;AUG27=PUT_CALL_PARITY;MAR28=PUT_CALL_PARITY;DEC27=PUT_CALL_PARITY;DEC28=PUT_CALL_PARITY;SEP28=PUT_CALL_PARITY;DEC30=PUT_CALL_PARITY;JUN28=PUT_CALL_PARITY,OCT26=7852.6;NOV26=7852;FEB27=7923.875;MAR27=7994;DEC26=7923.25;JAN27=7924.5;APR27=8008.375;MAY27=8011.875;JUL27=8099.625;JUN27=8066.75;DEC29=8852.375;SEP27=8159.875;AUG27=8105.75;MAR28=8279;DEC27=8177.5;DEC28=8506.75;SEP28=6112.0875;DEC30=9361.5;JUN28=8372.5,OCT27=GLOBAL_REFERENCE_NO_OBSERVATION;SEP28=GLOBAL_REFERENCE_OUTLIER_SERIES_FORWARD_CLUSTER,WEIGHTED_ATM,2026-10-16,6,685,0.0,NONE,11274,10812,462,0,0,RTM,MDW;MMW;MRW;MTW,OK,NONE,NONE,2026-10-07
SPX,7585.0,-3357579.3763402095,5.5780887549394285,0.0,0.0,0.0,0.0,0.0,0.0,7906.272501294064,7798.927498705937,7959.945002588127,7745.254997411874,DEC26,OCT26,2026-10-08,2026-12-18,7852.6,7825.767905144304,FOUND,DEGRADED,SPOT_MONTH_FALLBACK;UNKNOWN_SERIES;ESTIMATED_EXPIRY_ALIAS,2026-08-02.2,PUT_CALL_PARITY,OCT26,OCT26=PUT_CALL_PARITY;NOV26=PUT_CALL_PARITY;FEB27=PUT_CALL_PARITY;MAR27=PUT_CALL_PARITY;DEC26=PUT_CALL_PARITY;JAN27=PUT_CALL_PARITY;APR27=PUT_CALL_PARITY;MAY27=PUT_CALL_PARITY;JUL27=PUT_CALL_PARITY;JUN27=PUT_CALL_PARITY;DEC29=PUT_CALL_PARITY;OCT27=PUT_CALL_PARITY;SEP27=PUT_CALL_PARITY;AUG27=PUT_CALL_PARITY;MAR28=PUT_CALL_PARITY;DEC27=PUT_CALL_PARITY;DEC28=PUT_CALL_PARITY;SEP28=PUT_CALL_PARITY;DEC30=PUT_CALL_PARITY;JUN28=PUT_CALL_PARITY,OCT26=7852.6;NOV26=7852;FEB27=7923.875;MAR27=7994;DEC26=7923.25;JAN27=7924.5;APR27=8008.375;MAY27=8011.875;JUL27=8099.625;JUN27=8066.75;DEC29=8852.375;SEP27=8159.875;AUG27=8105.75;MAR28=8279;DEC27=8177.5;DEC28=8506.75;SEP28=6112.0875;DEC30=9361.5;JUN28=8372.5,OCT27=GLOBAL_REFERENCE_NO_OBSERVATION;SEP28=GLOBAL_REFERENCE_OUTLIER_SERIES_FORWARD_CLUSTER,WEIGHTED_ATM,2026-10-16,6,685,0.0,NONE,11274,10812,462,0,0,RTM,MDW;MMW;MRW;MTW,OK,NONE,NONE,2026-10-07
SPX,7590.0,-32786844.328262985,56.0234539237512,0.0,0.0,0.0,0.0,0.0,0.0,7906.272501294064,7798.927498705937,7959.945002588127,7745.254997411874,DEC26,OCT26,2026-10-08,2026-12-18,7852.6,7825.767905144304,FOUND,DEGRADED,SPOT_MONTH_FALLBACK;UNKNOWN_SERIES;ESTIMATED_EXPIRY_ALIAS,2026-08-02.2,PUT_CALL_PARITY,OCT26,OCT26=PUT_CALL_PARITY;NOV26=PUT_CALL_PARITY;FEB27=PUT_CALL_PARITY;MAR27=PUT_CALL_PARITY;DEC26=PUT_CALL_PARITY;JAN27=PUT_CALL_PARITY;APR27=PUT_CALL_PARITY;MAY27=PUT_CALL_PARITY;JUL27=PUT_CALL_PARITY;JUN27=PUT_CALL_PARITY;DEC29=PUT_CALL_PARITY;OCT27=PUT_CALL_PARITY;SEP27=PUT_CALL_PARITY;AUG27=PUT_CALL_PARITY;MAR28=PUT_CALL_PARITY;DEC27=PUT_CALL_PARITY;DEC28=PUT_CALL_PARITY;SEP28=PUT_CALL_PARITY;DEC30=PUT_CALL_PARITY;JUN28=PUT_CALL_PARITY,OCT26=7852.6;NOV26=7852;FEB27=7923.875;MAR27=7994;DEC26=7923.25;JAN27=7924.5;APR27=8008.375;MAY27=8011.875;JUL27=8099.625;JUN27=8066.75;DEC29=8852.375;SEP27=8159.875;AUG27=8105.75;MAR28=8279;DEC27=8177.5;DEC28=8506.75;SEP28=6112.0875;DEC30=9361.5;JUN28=8372.5,OCT27=GLOBAL_REFERENCE_NO_OBSERVATION;SEP28=GLOBAL_REFERENCE_OUTLIER_SERIES_FORWARD_CLUSTER,WEIGHTED_ATM,2026-10-16,6,685,0.0,NONE,11274,10812,462,0,0,RTM,MDW;MMW;MRW;MTW,OK,NONE,NONE,2026-10-07
SPX,7595.0,-5924478.804949045,9.800801712289353,0.0,0.0,0.0,0.0,0.0,0.0,7906.272501294064,7798.927498705937,7959.945002588127,7745.254997411874,DEC26,OCT26,2026-10-08,2026-12-18,7852.6,7825.767905144304,FOUND,DEGRADED,SPOT_MONTH_FALLBACK;UNKNOWN_SERIES;ESTIMATED_EXPIRY_ALIAS,2026-08-02.2,PUT_CALL_PARITY,OCT26,OCT26=PUT_CALL_PARITY;NOV26=PUT_CALL_PARITY;FEB27=PUT_CALL_PARITY;MAR27=PUT_CALL_PARITY;DEC26=PUT_CALL_PARITY;JAN27=PUT_CALL_PARITY;APR27=PUT_CALL_PARITY;MAY27=PUT_CALL_PARITY;JUL27=PUT_CALL_PARITY;JUN27=PUT_CALL_PARITY;DEC29=PUT_CALL_PARITY;OCT27=PUT_CALL_PARITY;SEP27=PUT_CALL_PARITY;AUG27=PUT_CALL_PARITY;MAR28=PUT_CALL_PARITY;DEC27=PUT_CALL_PARITY;DEC28=PUT_CALL_PARITY;SEP28=PUT_CALL_PARITY;DEC30=PUT_CALL_PARITY;JUN28=PUT_CALL_PARITY,OCT26=7852.6;NOV26=7852;FEB27=7923.875;MAR27=7994;DEC26=7923.25;JAN27=7924.5;APR27=8008.375;MAY27=8011.875;JUL27=8099.625;JUN27=8066.75;DEC29=8852.375;SEP27=8159.875;AUG27=8105.75;MAR28=8279;DEC27=8177.5;DEC28=8506.75;SEP28=6112.0875;DEC30=9361.5;JUN28=8372.5,OCT27=GLOBAL_REFERENCE_NO_OBSERVATION;SEP28=GLOBAL_REFERENCE_OUTLIER_SERIES_FORWARD_CLUSTER,WEIGHTED_ATM,2026-10-16,6,685,0.0,NONE,11274,10812,462,0,0,RTM,MDW;MMW;MRW;MTW,OK,NONE,NONE,2026-10-07
SPX,7600.0,-731329290.390314,2082.5362823107544,0.0,0.0,0.0,0.0,0.0,0.0,7906.272501294064,7798.927498705937,7959.945002588127,7745.254997411874,DEC26,OCT26,2026-10-08,2026-12-18,7852.6,7825.767905144304,FOUND,DEGRADED,SPOT_MONTH_FALLBACK;UNKNOWN_SERIES;ESTIMATED_EXPIRY_ALIAS,2026-08-02.2,PUT_CALL_PARITY,OCT26,OCT26=PUT_CALL_PARITY;NOV26=PUT_CALL_PARITY;FEB27=PUT_CALL_PARITY;MAR27=PUT_CALL_PARITY;DEC26=PUT_CALL_PARITY;JAN27=PUT_CALL_PARITY;APR27=PUT_CALL_PARITY;MAY27=PUT_CALL_PARITY;JUL27=PUT_CALL_PARITY;JUN27=PUT_CALL_PARITY;DEC29=PUT_CALL_PARITY;OCT27=PUT_CALL_PARITY;SEP27=PUT_CALL_PARITY;AUG27=PUT_CALL_PARITY;MAR28=PUT_CALL_PARITY;DEC27=PUT_CALL_PARITY;DEC28=PUT_CALL_PARITY;SEP28=PUT_CALL_PARITY;DEC30=PUT_CALL_PARITY;JUN28=PUT_CALL_PARITY,OCT26=7852.6;NOV26=7852;FEB27=7923.875;MAR27=7994;DEC26=7923.25;JAN27=7924.5;APR27=8008.375;MAY27=8011.875;JUL27=8099.625;JUN27=8066.75;DEC29=8852.375;SEP27=8159.875;AUG27=8105.75;MAR28=8279;DEC27=8177.5;DEC28=8506.75;SEP28=6112.0875;DEC30=9361.5;JUN28=8372.5,OCT27=GLOBAL_REFERENCE_NO_OBSERVATION;SEP28=GLOBAL_REFERENCE_OUTLIER_SERIES_FORWARD_CLUSTER,WEIGHTED_ATM,2026-10-16,6,685,0.0,NONE,11274,10812,462,0,0,RTM,MDW;MMW;MRW;MTW,OK,NONE,NONE,2026-10-07
SPX,7605.0,-3492803.638906042,5.741391723005967,0.0,0.0,0.0,0.0,0.0,0.0,7906.272501294064,7798.927498705937,7959.945002588127,7745.254997411874,DEC26,OCT26,2026-10-08,2026-12-18,7852.6,7825.767905144304,FOUND,DEGRADED,SPOT_MONTH_FALLBACK;UNKNOWN_SERIES;ESTIMATED_EXPIRY_ALIAS,2026-08-02.2,PUT_CALL_PARITY,OCT26,OCT26=PUT_CALL_PARITY;NOV26=PUT_CALL_PARITY;FEB27=PUT_CALL_PARITY;MAR27=PUT_CALL_PARITY;DEC26=PUT_CALL_PARITY;JAN27=PUT_CALL_PARITY;APR27=PUT_CALL_PARITY;MAY27=PUT_CALL_PARITY;JUL27=PUT_CALL_PARITY;JUN27=PUT_CALL_PARITY;DEC29=PUT_CALL_PARITY;OCT27=PUT_CALL_PARITY;SEP27=PUT_CALL_PARITY;AUG27=PUT_CALL_PARITY;MAR28=PUT_CALL_PARITY;DEC27=PUT_CALL_PARITY;DEC28=PUT_CALL_PARITY;SEP28=PUT_CALL_PARITY;DEC30=PUT_CALL_PARITY;JUN28=PUT_CALL_PARITY,OCT26=7852.6;NOV26=7852;FEB27=7923.875;MAR27=7994;DEC26=7923.25;JAN27=7924.5;APR27=8008.375;MAY27=8011.875;JUL27=8099.625;JUN27=8066.75;DEC29=8852.375;SEP27=8159.875;AUG27=8105.75;MAR28=8279;DEC27=8177.5;DEC28=8506.75;SEP28=6112.0875;DEC30=9361.5;JUN28=8372.5,OCT27=GLOBAL_REFERENCE_NO_OBSERVATION;SEP28=GLOBAL_REFERENCE_OUTLIER_SERIES_FORWARD_CLUSTER,WEIGHTED_ATM,2026-10-16,6,685,0.0,NONE,11274,10812,462,0,0,RTM,MDW;MMW;MRW;MTW,OK,NONE,NONE,2026-10-07
SPX,7610.0,-51576135.15815982,87.42239081622228,0.0,0.0,0.0,0.0,0.0,0.0,7906.272501294064,7798.927498705937,7959.945002588127,7745.254997411874,DEC26,OCT26,2026-10-08,2026-12-18,7852.6,7825.767905144304,FOUND,DEGRADED,SPOT_MONTH_FALLBACK;UNKNOWN_SERIES;ESTIMATED_EXPIRY_ALIAS,2026-08-02.2,PUT_CALL_PARITY,OCT26,OCT26=PUT_CALL_PARITY;NOV26=PUT_CALL_PARITY;FEB27=PUT_CALL_PARITY;MAR27=PUT_CALL_PARITY;DEC26=PUT_CALL_PARITY;JAN27=PUT_CALL_PARITY;APR27=PUT_CALL_PARITY;MAY27=PUT_CALL_PARITY;JUL27=PUT_CALL_PARITY;JUN27=PUT_CALL_PARITY;DEC29=PUT_CALL_PARITY;OCT27=PUT_CALL_PARITY;SEP27=PUT_CALL_PARITY;AUG27=PUT_CALL_PARITY;MAR28=PUT_CALL_PARITY;DEC27=PUT_CALL_PARITY;DEC28=PUT_CALL_PARITY;SEP28=PUT_CALL_PARITY;DEC30=PUT_CALL_PARITY;JUN28=PUT_CALL_PARITY,OCT26=7852.6;NOV26=7852;FEB27=7923.875;MAR27=7994;DEC26=7923.25;JAN27=7924.5;APR27=8008.375;MAY27=8011.875;JUL27=8099.625;JUN27=8066.75;DEC29=8852.375;SEP27=8159.875;AUG27=8105.75;MAR28=8279;DEC27=8177.5;DEC28=8506.75;SEP28=6112.0875;DEC30=9361.5;JUN28=8372.5,OCT27=GLOBAL_REFERENCE_NO_OBSERVATION;SEP28=GLOBAL_REFERENCE_OUTLIER_SERIES_FORWARD_CLUSTER,WEIGHTED_ATM,2026-10-16,6,685,0.0,NONE,11274,10812,462,0,0,RTM,MDW;MMW;MRW;MTW,OK,NONE,NONE,2026-10-07
SPX,7615.0,-12393832.702699201,20.347704672031647,0.0,0.0,0.0,0.0,0.0,0.0,7906.272501294064,7798.927498705937,7959.945002588127,7745.254997411874,DEC26,OCT26,2026-10-08,2026-12-18,7852.6,7825.767905144304,FOUND,DEGRADED,SPOT_MONTH_FALLBACK;UNKNOWN_SERIES;ESTIMATED_EXPIRY_ALIAS,2026-08-02.2,PUT_CALL_PARITY,OCT26,OCT26=PUT_CALL_PARITY;NOV26=PUT_CALL_PARITY;FEB27=PUT_CALL_PARITY;MAR27=PUT_CALL_PARITY;DEC26=PUT_CALL_PARITY;JAN27=PUT_CALL_PARITY;APR27=PUT_CALL_PARITY;MAY27=PUT_CALL_PARITY;JUL27=PUT_CALL_PARITY;JUN27=PUT_CALL_PARITY;DEC29=PUT_CALL_PARITY;OCT27=PUT_CALL_PARITY;SEP27=PUT_CALL_PARITY;AUG27=PUT_CALL_PARITY;MAR28=PUT_CALL_PARITY;DEC27=PUT_CALL_PARITY;DEC28=PUT_CALL_PARITY;SEP28=PUT_CALL_PARITY;DEC30=PUT_CALL_PARITY;JUN28=PUT_CALL_PARITY,OCT26=7852.6;NOV26=7852;FEB27=7923.875;MAR27=7994;DEC26=7923.25;JAN27=7924.5;APR27=8008.375;MAY27=8011.875;JUL27=8099.625;JUN27=8066.75;DEC29=8852.375;SEP27=8159.875;AUG27=8105.75;MAR28=8279;DEC27=8177.5;DEC28=8506.75;SEP28=6112.0875;DEC30=9361.5;JUN28=8372.5,OCT27=GLOBAL_REFERENCE_NO_OBSERVATION;SEP28=GLOBAL_REFERENCE_OUTLIER_SERIES_FORWARD_CLUSTER,WEIGHTED_ATM,2026-10-16,6,685,0.0,NONE,11274,10812,462,0,0,RTM,MDW;MMW;MRW;MTW,OK,NONE,NONE,2026-10-07
SPX,7620.0,-49785247.579354934,86.94939442662061,0.0,0.0,0.0,0.0,0.0,0.0,7906.272501294064,7798.927498705937,7959.945002588127,7745.254997411874,DEC26,OCT26,2026-10-08,2026-12-18,7852.6,7825.767905144304,FOUND,DEGRADED,SPOT_MONTH_FALLBACK;UNKNOWN_SERIES;ESTIMATED_EXPIRY_ALIAS,2026-08-02.2,PUT_CALL_PARITY,OCT26,OCT26=PUT_CALL_PARITY;NOV26=PUT_CALL_PARITY;FEB27=PUT_CALL_PARITY;MAR27=PUT_CALL_PARITY;DEC26=PUT_CALL_PARITY;JAN27=PUT_CALL_PARITY;APR27=PUT_CALL_PARITY;MAY27=PUT_CALL_PARITY;JUL27=PUT_CALL_PARITY;JUN27=PUT_CALL_PARITY;DEC29=PUT_CALL_PARITY;OCT27=PUT_CALL_PARITY;SEP27=PUT_CALL_PARITY;AUG27=PUT_CALL_PARITY;MAR28=PUT_CALL_PARITY;DEC27=PUT_CALL_PARITY;DEC28=PUT_CALL_PARITY;SEP28=PUT_CALL_PARITY;DEC30=PUT_CALL_PARITY;JUN28=PUT_CALL_PARITY,OCT26=7852.6;NOV26=7852;FEB27=7923.875;MAR27=7994;DEC26=7923.25;JAN27=7924.5;APR27=8008.375;MAY27=8011.875;JUL27=8099.625;JUN27=8066.75;DEC29=8852.375;SEP27=8159.875;AUG27=8105.75;MAR28=8279;DEC27=8177.5;DEC28=8506.75;SEP28=6112.0875;DEC30=9361.5;JUN28=8372.5,OCT27=GLOBAL_REFERENCE_NO_OBSERVATION;SEP28=GLOBAL_REFERENCE_OUTLIER_SERIES_FORWARD_CLUSTER,WEIGHTED_ATM,2026-10-16,6,685,0.0,NONE,11274,10812,462,0,0,RTM,MDW;MMW;MRW;MTW,OK,NONE,NONE,2026-10-07
SPX,7625.0,-239748626.6546519,475.3619940036046,0.0,0.0,0.0,0.0,0.0,0.0,7906.272501294064,7798.927498705937,7959.945002588127,7745.254997411874,DEC26,OCT26,2026-10-08,2026-12-18,7852.6,7825.767905144304,FOUND,DEGRADED,SPOT_MONTH_FALLBACK;UNKNOWN_SERIES;ESTIMATED_EXPIRY_ALIAS,2026-08-02.2,PUT_CALL_PARITY,OCT26,OCT26=PUT_CALL_PARITY;NOV26=PUT_CALL_PARITY;FEB27=PUT_CALL_PARITY;MAR27=PUT_CALL_PARITY;DEC26=PUT_CALL_PARITY;JAN27=PUT_CALL_PARITY;APR27=PUT_CALL_PARITY;MAY27=PUT_CALL_PARITY;JUL27=PUT_CALL_PARITY;JUN27=PUT_CALL_PARITY;DEC29=PUT_CALL_PARITY;OCT27=PUT_CALL_PARITY;SEP27=PUT_CALL_PARITY;AUG27=PUT_CALL_PARITY;MAR28=PUT_CALL_PARITY;DEC27=PUT_CALL_PARITY;DEC28=PUT_CALL_PARITY;SEP28=PUT_CALL_PARITY;DEC30=PUT_CALL_PARITY;JUN28=PUT_CALL_PARITY,OCT26=7852.6;NOV26=7852;FEB27=7923.875;MAR27=7994;DEC26=7923.25;JAN27=7924.5;APR27=8008.375;MAY27=8011.875;JUL27=8099.625;JUN27=8066.75;DEC29=8852.375;SEP27=8159.875;AUG27=8105.75;MAR28=8279;DEC27=8177.5;DEC28=8506.75;SEP28=6112.0875;DEC30=9361.5;JUN28=8372.5,OCT27=GLOBAL_REFERENCE_NO_OBSERVATION;SEP28=GLOBAL_REFERENCE_OUTLIER_SERIES_FORWARD_CLUSTER,WEIGHTED_ATM,2026-10-16,6,685,0.0,NONE,11274,10812,462,0,0,RTM,MDW;MMW;MRW;MTW,OK,NONE,NONE,2026-10-07
SPX,7630.0,-47981150.17384006,86.9852584045867,0.0,0.0,0.0,0.0,0.0,0.0,7906.272501294064,7798.927498705937,7959.945002588127,7745.254997411874,DEC26,OCT26,2026-10-08,2026-12-18,7852.6,7825.767905144304,FOUND,DEGRADED,SPOT_MONTH_FALLBACK;UNKNOWN_SERIES;ESTIMATED_EXPIRY_ALIAS,2026-08-02.2,PUT_CALL_PARITY,OCT26,OCT26=PUT_CALL_PARITY;NOV26=PUT_CALL_PARITY;FEB27=PUT_CALL_PARITY;MAR27=PUT_CALL_PARITY;DEC26=PUT_CALL_PARITY;JAN27=PUT_CALL_PARITY;APR27=PUT_CALL_PARITY;MAY27=PUT_CALL_PARITY;JUL27=PUT_CALL_PARITY;JUN27=PUT_CALL_PARITY;DEC29=PUT_CALL_PARITY;OCT27=PUT_CALL_PARITY;SEP27=PUT_CALL_PARITY;AUG27=PUT_CALL_PARITY;MAR28=PUT_CALL_PARITY;DEC27=PUT_CALL_PARITY;DEC28=PUT_CALL_PARITY;SEP28=PUT_CALL_PARITY;DEC30=PUT_CALL_PARITY;JUN28=PUT_CALL_PARITY,OCT26=7852.6;NOV26=7852;FEB27=7923.875;MAR27=7994;DEC26=7923.25;JAN27=7924.5;APR27=8008.375;MAY27=8011.875;JUL27=8099.625;JUN27=8066.75;DEC29=8852.375;SEP27=8159.875;AUG27=8105.75;MAR28=8279;DEC27=8177.5;DEC28=8506.75;SEP28=6112.0875;DEC30=9361.5;JUN28=8372.5,OCT27=GLOBAL_REFERENCE_NO_OBSERVATION;SEP28=GLOBAL_REFERENCE_OUTLIER_SERIES_FORWARD_CLUSTER,WEIGHTED_ATM,2026-10-16,6,685,0.0,NONE,11274,10812,462,0,0,RTM,MDW;MMW;MRW;MTW,OK,NONE,NONE,2026-10-07
SPX,7635.0,-14945834.933862839,24.806060437700065,0.0,0.0,0.0,0.0,0.0,0.0,7906.272501294064,7798.927498705937,7959.945002588127,7745.254997411874,DEC26,OCT26,2026-10-08,2026-12-18,7852.6,7825.767905144304,FOUND,DEGRADED,SPOT_MONTH_FALLBACK;UNKNOWN_SERIES;ESTIMATED_EXPIRY_ALIAS,2026-08-02.2,PUT_CALL_PARITY,OCT26,OCT26=PUT_CALL_PARITY;NOV26=PUT_CALL_PARITY;FEB27=PUT_CALL_PARITY;MAR27=PUT_CALL_PARITY;DEC26=PUT_CALL_PARITY;JAN27=PUT_CALL_PARITY;APR27=PUT_CALL_PARITY;MAY27=PUT_CALL_PARITY;JUL27=PUT_CALL_PARITY;JUN27=PUT_CALL_PARITY;DEC29=PUT_CALL_PARITY;OCT27=PUT_CALL_PARITY;SEP27=PUT_CALL_PARITY;AUG27=PUT_CALL_PARITY;MAR28=PUT_CALL_PARITY;DEC27=PUT_CALL_PARITY;DEC28=PUT_CALL_PARITY;SEP28=PUT_CALL_PARITY;DEC30=PUT_CALL_PARITY;JUN28=PUT_CALL_PARITY,OCT26=7852.6;NOV26=7852;FEB27=7923.875;MAR27=7994;DEC26=7923.25;JAN27=7924.5;APR27=8008.375;MAY27=8011.875;JUL27=8099.625;JUN27=8066.75;DEC29=8852.375;SEP27=8159.875;AUG27=8105.75;MAR28=8279;DEC27=8177.5;DEC28=8506.75;SEP28=6112.0875;DEC30=9361.5;JUN28=8372.5,OCT27=GLOBAL_REFERENCE_NO_OBSERVATION;SEP28=GLOBAL_REFERENCE_OUTLIER_SERIES_FORWARD_CLUSTER,WEIGHTED_ATM,2026-10-16,6,685,0.0,NONE,11274,10812,462,0,0,RTM,MDW;MMW;MRW;MTW,OK,NONE,NONE,2026-10-07
SPX,7640.0,-81608924.23904432,141.37811907347955,0.0,0.0,0.0,0.0,0.0,0.0,7906.272501294064,7798.927498705937,7959.945002588127,7745.254997411874,DEC26,OCT26,2026-10-08,2026-12-18,7852.6,7825.767905144304,FOUND,DEGRADED,SPOT_MONTH_FALLBACK;UNKNOWN_SERIES;ESTIMATED_EXPIRY_ALIAS,2026-08-02.2,PUT_CALL_PARITY,OCT26,OCT26=PUT_CALL_PARITY;NOV26=PUT_CALL_PARITY;FEB27=PUT_CALL_PARITY;MAR27=PUT_CALL_PARITY;DEC26=PUT_CALL_PARITY;JAN27=PUT_CALL_PARITY;APR27=PUT_CALL_PARITY;MAY27=PUT_CALL_PARITY;JUL27=PUT_CALL_PARITY;JUN27=PUT_CALL_PARITY;DEC29=PUT_CALL_PARITY;OCT27=PUT_CALL_PARITY;SEP27=PUT_CALL_PARITY;AUG27=PUT_CALL_PARITY;MAR28=PUT_CALL_PARITY;DEC27=PUT_CALL_PARITY;DEC28=PUT_CALL_PARITY;SEP28=PUT_CALL_PARITY;DEC30=PUT_CALL_PARITY;JUN28=PUT_CALL_PARITY,OCT26=7852.6;NOV26=7852;FEB27=7923.875;MAR27=7994;DEC26=7923.25;JAN27=7924.5;APR27=8008.375;MAY27=8011.875;JUL27=8099.625;JUN27=8066.75;DEC29=8852.375;SEP27=8159.875;AUG27=8105.75;MAR28=8279;DEC27=8177.5;DEC28=8506.75;SEP28=6112.0875;DEC30=9361.5;JUN28=8372.5,OCT27=GLOBAL_REFERENCE_NO_OBSERVATION;SEP28=GLOBAL_REFERENCE_OUTLIER_SERIES_FORWARD_CLUSTER,WEIGHTED_ATM,2026-10-16,6,685,0.0,NONE,11274,10812,462,0,0,RTM,MDW;MMW;MRW;MTW,OK,NONE,NONE,2026-10-07
SPX,7645.0,-8305491.17928392,14.594428261537512,0.0,0.0,0.0,0.0,0.0,0.0,7906.272501294064,7798.927498705937,7959.945002588127,7745.254997411874,DEC26,OCT26,2026-10-08,2026-12-18,7852.6,7825.767905144304,FOUND,DEGRADED,SPOT_MONTH_FALLBACK;UNKNOWN_SERIES;ESTIMATED_EXPIRY_ALIAS,2026-08-02.2,PUT_CALL_PARITY,OCT26,OCT26=PUT_CALL_PARITY;NOV26=PUT_CALL_PARITY;FEB27=PUT_CALL_PARITY;MAR27=PUT_CALL_PARITY;DEC26=PUT_CALL_PARITY;JAN27=PUT_CALL_PARITY;APR27=PUT_CALL_PARITY;MAY27=PUT_CALL_PARITY;JUL27=PUT_CALL_PARITY;JUN27=PUT_CALL_PARITY;DEC29=PUT_CALL_PARITY;OCT27=PUT_CALL_PARITY;SEP27=PUT_CALL_PARITY;AUG27=PUT_CALL_PARITY;MAR28=PUT_CALL_PARITY;DEC27=PUT_CALL_PARITY;DEC28=PUT_CALL_PARITY;SEP28=PUT_CALL_PARITY;DEC30=PUT_CALL_PARITY;JUN28=PUT_CALL_PARITY,OCT26=7852.6;NOV26=7852;FEB27=7923.875;MAR27=7994;DEC26=7923.25;JAN27=7924.5;APR27=8008.375;MAY27=8011.875;JUL27=8099.625;JUN27=8066.75;DEC29=8852.375;SEP27=8159.875;AUG27=8105.75;MAR28=8279;DEC27=8177.5;DEC28=8506.75;SEP28=6112.0875;DEC30=9361.5;JUN28=8372.5,OCT27=GLOBAL_REFERENCE_NO_OBSERVATION;SEP28=GLOBAL_REFERENCE_OUTLIER_SERIES_FORWARD_CLUSTER,WEIGHTED_ATM,2026-10-16,6,685,0.0,NONE,11274,10812,462,0,0,RTM,MDW;MMW;MRW;MTW,OK,NONE,NONE,2026-10-07
SPX,7650.0,-636668915.8280363,1602.2729576558959,0.0,0.0,0.0,0.0,0.0,0.0,7906.272501294064,7798.927498705937,7959.945002588127,7745.254997411874,DEC26,OCT26,2026-10-08,2026-12-18,7852.6,7825.767905144304,FOUND,DEGRADED,SPOT_MONTH_FALLBACK;UNKNOWN_SERIES;ESTIMATED_EXPIRY_ALIAS,2026-08-02.2,PUT_CALL_PARITY,OCT26,OCT26=PUT_CALL_PARITY;NOV26=PUT_CALL_PARITY;FEB27=PUT_CALL_PARITY;MAR27=PUT_CALL_PARITY;DEC26=PUT_CALL_PARITY;JAN27=PUT_CALL_PARITY;APR27=PUT_CALL_PARITY;MAY27=PUT_CALL_PARITY;JUL27=PUT_CALL_PARITY;JUN27=PUT_CALL_PARITY;DEC29=PUT_CALL_PARITY;OCT27=PUT_CALL_PARITY;SEP27=PUT_CALL_PARITY;AUG27=PUT_CALL_PARITY;MAR28=PUT_CALL_PARITY;DEC27=PUT_CALL_PARITY;DEC28=PUT_CALL_PARITY;SEP28=PUT_CALL_PARITY;DEC30=PUT_CALL_PARITY;JUN28=PUT_CALL_PARITY,OCT26=7852.6;NOV26=7852;FEB27=7923.875;MAR27=7994;DEC26=7923.25;JAN27=7924.5;APR27=8008.375;MAY27=8011.875;JUL27=8099.625;JUN27=8066.75;DEC29=8852.375;SEP27=8159.875;AUG27=8105.75;MAR28=8279;DEC27=8177.5;DEC28=8506.75;SEP28=6112.0875;DEC30=9361.5;JUN28=8372.5,OCT27=GLOBAL_REFERENCE_NO_OBSERVATION;SEP28=GLOBAL_REFERENCE_OUTLIER_SERIES_FORWARD_CLUSTER,WEIGHTED_ATM,2026-10-16,6,685,0.0,NONE,11274,10812,462,0,0,RTM,MDW;MMW;MRW;MTW,OK,NONE,NONE,2026-10-07
SPX,7655.0,-18684106.793739203,31.639789512839656,0.0,0.0,0.0,0.0,0.0,0.0,7906.272501294064,7798.927498705937,7959.945002588127,7745.254997411874,DEC26,OCT26,2026-10-08,2026-12-18,7852.6,7825.767905144304,FOUND,DEGRADED,SPOT_MONTH_FALLBACK;UNKNOWN_SERIES;ESTIMATED_EXPIRY_ALIAS,2026-08-02.2,PUT_CALL_PARITY,OCT26,OCT26=PUT_CALL_PARITY;NOV26=PUT_CALL_PARITY;FEB27=PUT_CALL_PARITY;MAR27=PUT_CALL_PARITY;DEC26=PUT_CALL_PARITY;JAN27=PUT_CALL_PARITY;APR27=PUT_CALL_PARITY;MAY27=PUT_CALL_PARITY;JUL27=PUT_CALL_PARITY;JUN27=PUT_CALL_PARITY;DEC29=PUT_CALL_PARITY;OCT27=PUT_CALL_PARITY;SEP27=PUT_CALL_PARITY;AUG27=PUT_CALL_PARITY;MAR28=PUT_CALL_PARITY;DEC27=PUT_CALL_PARITY;DEC28=PUT_CALL_PARITY;SEP28=PUT_CALL_PARITY;DEC30=PUT_CALL_PARITY;JUN28=PUT_CALL_PARITY,OCT26=7852.6;NOV26=7852;FEB27=7923.875;MAR27=7994;DEC26=7923.25;JAN27=7924.5;APR27=8008.375;MAY27=8011.875;JUL27=8099.625;JUN27=8066.75;DEC29=8852.375;SEP27=8159.875;AUG27=8105.75;MAR28=8279;DEC27=8177.5;DEC28=8506.75;SEP28=6112.0875;DEC30=9361.5;JUN28=8372.5,OCT27=GLOBAL_REFERENCE_NO_OBSERVATION;SEP28=GLOBAL_REFERENCE_OUTLIER_SERIES_FORWARD_CLUSTER,WEIGHTED_ATM,2026-10-16,6,685,0.0,NONE,11274,10812,462,0,0,RTM,MDW;MMW;MRW;MTW,OK,NONE,NONE,2026-10-07
SPX,7660.0,-86780808.20023471,157.06274244857312,0.0,0.0,0.0,0.0,0.0,0.0,7906.272501294064,7798.927498705937,7959.945002588127,7745.254997411874,DEC26,OCT26,2026-10-08,2026-12-18,7852.6,7825.767905144304,FOUND,DEGRADED,SPOT_MONTH_FALLBACK;UNKNOWN_SERIES;ESTIMATED_EXPIRY_ALIAS,2026-08-02.2,PUT_CALL_PARITY,OCT26,OCT26=PUT_CALL_PARITY;NOV26=PUT_CALL_PARITY;FEB27=PUT_CALL_PARITY;MAR27=PUT_CALL_PARITY;DEC26=PUT_CALL_PARITY;JAN27=PUT_CALL_PARITY;APR27=PUT_CALL_PARITY;MAY27=PUT_CALL_PARITY;JUL27=PUT_CALL_PARITY;JUN27=PUT_CALL_PARITY;DEC29=PUT_CALL_PARITY;OCT27=PUT_CALL_PARITY;SEP27=PUT_CALL_PARITY;AUG27=PUT_CALL_PARITY;MAR28=PUT_CALL_PARITY;DEC27=PUT_CALL_PARITY;DEC28=PUT_CALL_PARITY;SEP28=PUT_CALL_PARITY;DEC30=PUT_CALL_PARITY;JUN28=PUT_CALL_PARITY,OCT26=7852.6;NOV26=7852;FEB27=7923.875;MAR27=7994;DEC26=7923.25;JAN27=7924.5;APR27=8008.375;MAY27=8011.875;JUL27=8099.625;JUN27=8066.75;DEC29=8852.375;SEP27=8159.875;AUG27=8105.75;MAR28=8279;DEC27=8177.5;DEC28=8506.75;SEP28=6112.0875;DEC30=9361.5;JUN28=8372.5,OCT27=GLOBAL_REFERENCE_NO_OBSERVATION;SEP28=GLOBAL_REFERENCE_OUTLIER_SERIES_FORWARD_CLUSTER,WEIGHTED_ATM,2026-10-16,6,685,0.0,NONE,11274,10812,462,0,0,RTM,MDW;MMW;MRW;MTW,OK,NONE,NONE,2026-10-07
SPX,7665.0,-8030625.611826824,14.762043214514009,0.0,0.0,0.0,0.0,0.0,0.0,7906.272501294064,7798.927498705937,7959.945002588127,7745.254997411874,DEC26,OCT26,2026-10-08,2026-12-18,7852.6,7825.767905144304,FOUND,DEGRADED,SPOT_MONTH_FALLBACK;UNKNOWN_SERIES;ESTIMATED_EXPIRY_ALIAS,2026-08-02.2,PUT_CALL_PARITY,OCT26,OCT26=PUT_CALL_PARITY;NOV26=PUT_CALL_PARITY;FEB27=PUT_CALL_PARITY;MAR27=PUT_CALL_PARITY;DEC26=PUT_CALL_PARITY;JAN27=PUT_CALL_PARITY;APR27=PUT_CALL_PARITY;MAY27=PUT_CALL_PARITY;JUL27=PUT_CALL_PARITY;JUN27=PUT_CALL_PARITY;DEC29=PUT_CALL_PARITY;OCT27=PUT_CALL_PARITY;SEP27=PUT_CALL_PARITY;AUG27=PUT_CALL_PARITY;MAR28=PUT_CALL_PARITY;DEC27=PUT_CALL_PARITY;DEC28=PUT_CALL_PARITY;SEP28=PUT_CALL_PARITY;DEC30=PUT_CALL_PARITY;JUN28=PUT_CALL_PARITY,OCT26=7852.6;NOV26=7852;FEB27=7923.875;MAR27=7994;DEC26=7923.25;JAN27=7924.5;APR27=8008.375;MAY27=8011.875;JUL27=8099.625;JUN27=8066.75;DEC29=8852.375;SEP27=8159.875;AUG27=8105.75;MAR28=8279;DEC27=8177.5;DEC28=8506.75;SEP28=6112.0875;DEC30=9361.5;JUN28=8372.5,OCT27=GLOBAL_REFERENCE_NO_OBSERVATION;SEP28=GLOBAL_REFERENCE_OUTLIER_SERIES_FORWARD_CLUSTER,WEIGHTED_ATM,2026-10-16,6,685,0.0,NONE,11274,10812,462,0,0,RTM,MDW;MMW;MRW;MTW,OK,NONE,NONE,2026-10-07
SPX,7670.0,-57841416.182699405,111.14379208375887,0.0,0.0,0.0,0.0,0.0,0.0,7906.272501294064,7798.927498705937,7959.945002588127,7745.254997411874,DEC26,OCT26,2026-10-08,2026-12-18,7852.6,7825.767905144304,FOUND,DEGRADED,SPOT_MONTH_FALLBACK;UNKNOWN_SERIES;ESTIMATED_EXPIRY_ALIAS,2026-08-02.2,PUT_CALL_PARITY,OCT26,OCT26=PUT_CALL_PARITY;NOV26=PUT_CALL_PARITY;FEB27=PUT_CALL_PARITY;MAR27=PUT_CALL_PARITY;DEC26=PUT_CALL_PARITY;JAN27=PUT_CALL_PARITY;APR27=PUT_CALL_PARITY;MAY27=PUT_CALL_PARITY;JUL27=PUT_CALL_PARITY;JUN27=PUT_CALL_PARITY;DEC29=PUT_CALL_PARITY;OCT27=PUT_CALL_PARITY;SEP27=PUT_CALL_PARITY;AUG27=PUT_CALL_PARITY;MAR28=PUT_CALL_PARITY;DEC27=PUT_CALL_PARITY;DEC28=PUT_CALL_PARITY;SEP28=PUT_CALL_PARITY;DEC30=PUT_CALL_PARITY;JUN28=PUT_CALL_PARITY,OCT26=7852.6;NOV26=7852;FEB27=7923.875;MAR27=7994;DEC26=7923.25;JAN27=7924.5;APR27=8008.375;MAY27=8011.875;JUL27=8099.625;JUN27=8066.75;DEC29=8852.375;SEP27=8159.875;AUG27=8105.75;MAR28=8279;DEC27=8177.5;DEC28=8506.75;SEP28=6112.0875;DEC30=9361.5;JUN28=8372.5,OCT27=GLOBAL_REFERENCE_NO_OBSERVATION;SEP28=GLOBAL_REFERENCE_OUTLIER_SERIES_FORWARD_CLUSTER,WEIGHTED_ATM,2026-10-16,6,685,0.0,NONE,11274,10812,462,0,0,RTM,MDW;MMW;MRW;MTW,OK,NONE,NONE,2026-10-07
SPX,7675.0,-256934943.30161452,699.070379981339,0.0,0.0,0.0,0.0,0.0,0.0,7906.272501294064,7798.927498705937,7959.945002588127,7745.254997411874,DEC26,OCT26,2026-10-08,2026-12-18,7852.6,7825.767905144304,FOUND,DEGRADED,SPOT_MONTH_FALLBACK;UNKNOWN_SERIES;ESTIMATED_EXPIRY_ALIAS,2026-08-02.2,PUT_CALL_PARITY,OCT26,OCT26=PUT_CALL_PARITY;NOV26=PUT_CALL_PARITY;FEB27=PUT_CALL_PARITY;MAR27=PUT_CALL_PARITY;DEC26=PUT_CALL_PARITY;JAN27=PUT_CALL_PARITY;APR27=PUT_CALL_PARITY;MAY27=PUT_CALL_PARITY;JUL27=PUT_CALL_PARITY;JUN27=PUT_CALL_PARITY;DEC29=PUT_CALL_PARITY;OCT27=PUT_CALL_PARITY;SEP27=PUT_CALL_PARITY;AUG27=PUT_CALL_PARITY;MAR28=PUT_CALL_PARITY;DEC27=PUT_CALL_PARITY;DEC28=PUT_CALL_PARITY;SEP28=PUT_CALL_PARITY;DEC30=PUT_CALL_PARITY;JUN28=PUT_CALL_PARITY,OCT26=7852.6;NOV26=7852;FEB27=7923.875;MAR27=7994;DEC26=7923.25;JAN27=7924.5;APR27=8008.375;MAY27=8011.875;JUL27=8099.625;JUN27=8066.75;DEC29=8852.375;SEP27=8159.875;AUG27=8105.75;MAR28=8279;DEC27=8177.5;DEC28=8506.75;SEP28=6112.0875;DEC30=9361.5;JUN28=8372.5,OCT27=GLOBAL_REFERENCE_NO_OBSERVATION;SEP28=GLOBAL_REFERENCE_OUTLIER_SERIES_FORWARD_CLUSTER,WEIGHTED_ATM,2026-10-16,6,685,0.0,NONE,11274,10812,462,0,0,RTM,MDW;MMW;MRW;MTW,OK,NONE,NONE,2026-10-07
SPX,7680.0,-87162313.71571594,172.8654084180131,0.0,0.0,0.0,0.0,0.0,0.0,7906.272501294064,7798.927498705937,7959.945002588127,7745.254997411874,DEC26,OCT26,2026-10-08,2026-12-18,7852.6,7825.767905144304,FOUND,DEGRADED,SPOT_MONTH_FALLBACK;UNKNOWN_SERIES;ESTIMATED_EXPIRY_ALIAS,2026-08-02.2,PUT_CALL_PARITY,OCT26,OCT26=PUT_CALL_PARITY;NOV26=PUT_CALL_PARITY;FEB27=PUT_CALL_PARITY;MAR27=PUT_CALL_PARITY;DEC26=PUT_CALL_PARITY;JAN27=PUT_CALL_PARITY;APR27=PUT_CALL_PARITY;MAY27=PUT_CALL_PARITY;JUL27=PUT_CALL_PARITY;JUN27=PUT_CALL_PARITY;DEC29=PUT_CALL_PARITY;OCT27=PUT_CALL_PARITY;SEP27=PUT_CALL_PARITY;AUG27=PUT_CALL_PARITY;MAR28=PUT_CALL_PARITY;DEC27=PUT_CALL_PARITY;DEC28=PUT_CALL_PARITY;SEP28=PUT_CALL_PARITY;DEC30=PUT_CALL_PARITY;JUN28=PUT_CALL_PARITY,OCT26=7852.6;NOV26=7852;FEB27=7923.875;MAR27=7994;DEC26=7923.25;JAN27=7924.5;APR27=8008.375;MAY27=8011.875;JUL27=8099.625;JUN27=8066.75;DEC29=8852.375;SEP27=8159.875;AUG27=8105.75;MAR28=8279;DEC27=8177.5;DEC28=8506.75;SEP28=6112.0875;DEC30=9361.5;JUN28=8372.5,OCT27=GLOBAL_REFERENCE_NO_OBSERVATION;SEP28=GLOBAL_REFERENCE_OUTLIER_SERIES_FORWARD_CLUSTER,WEIGHTED_ATM,2026-10-16,6,685,0.0,NONE,11274,10812,462,0,0,RTM,MDW;MMW;MRW;MTW,OK,NONE,NONE,2026-10-07
SPX,7685.0,-18731695.524545174,32.82113260076291,0.0,0.0,0.0,0.0,0.0,0.0,7906.272501294064,7798.927498705937,7959.945002588127,7745.254997411874,DEC26,OCT26,2026-10-08,2026-12-18,7852.6,7825.767905144304,FOUND,DEGRADED,SPOT_MONTH_FALLBACK;UNKNOWN_SERIES;ESTIMATED_EXPIRY_ALIAS,2026-08-02.2,PUT_CALL_PARITY,OCT26,OCT26=PUT_CALL_PARITY;NOV26=PUT_CALL_PARITY;FEB27=PUT_CALL_PARITY;MAR27=PUT_CALL_PARITY;DEC26=PUT_CALL_PARITY;JAN27=PUT_CALL_PARITY;APR27=PUT_CALL_PARITY;MAY27=PUT_CALL_PARITY;JUL27=PUT_CALL_PARITY;JUN27=PUT_CALL_PARITY;DEC29=PUT_CALL_PARITY;OCT27=PUT_CALL_PARITY;SEP27=PUT_CALL_PARITY;AUG27=PUT_CALL_PARITY;MAR28=PUT_CALL_PARITY;DEC27=PUT_CALL_PARITY;DEC28=PUT_CALL_PARITY;SEP28=PUT_CALL_PARITY;DEC30=PUT_CALL_PARITY;JUN28=PUT_CALL_PARITY,OCT26=7852.6;NOV26=7852;FEB27=7923.875;MAR27=7994;DEC26=7923.25;JAN27=7924.5;APR27=8008.375;MAY27=8011.875;JUL27=8099.625;JUN27=8066.75;DEC29=8852.375;SEP27=8159.875;AUG27=8105.75;MAR28=8279;DEC27=8177.5;DEC28=8506.75;SEP28=6112.0875;DEC30=9361.5;JUN28=8372.5,OCT27=GLOBAL_REFERENCE_NO_OBSERVATION;SEP28=GLOBAL_REFERENCE_OUTLIER_SERIES_FORWARD_CLUSTER,WEIGHTED_ATM,2026-10-16,6,685,0.0,NONE,11274,10812,462,0,0,RTM,MDW;MMW;MRW;MTW,OK,NONE,NONE,2026-10-07
SPX,7690.0,-91027462.54229519,306.89212639971583,0.0,0.0,0.0,0.0,0.0,0.0,7906.272501294064,7798.927498705937,7959.945002588127,7745.254997411874,DEC26,OCT26,2026-10-08,2026-12-18,7852.6,7825.767905144304,FOUND,DEGRADED,SPOT_MONTH_FALLBACK;UNKNOWN_SERIES;ESTIMATED_EXPIRY_ALIAS,2026-08-02.2,PUT_CALL_PARITY,OCT26,OCT26=PUT_CALL_PARITY;NOV26=PUT_CALL_PARITY;FEB27=PUT_CALL_PARITY;MAR27=PUT_CALL_PARITY;DEC26=PUT_CALL_PARITY;JAN27=PUT_CALL_PARITY;APR27=PUT_CALL_PARITY;MAY27=PUT_CALL_PARITY;JUL27=PUT_CALL_PARITY;JUN27=PUT_CALL_PARITY;DEC29=PUT_CALL_PARITY;OCT27=PUT_CALL_PARITY;SEP27=PUT_CALL_PARITY;AUG27=PUT_CALL_PARITY;MAR28=PUT_CALL_PARITY;DEC27=PUT_CALL_PARITY;DEC28=PUT_CALL_PARITY;SEP28=PUT_CALL_PARITY;DEC30=PUT_CALL_PARITY;JUN28=PUT_CALL_PARITY,OCT26=7852.6;NOV26=7852;FEB27=7923.875;MAR27=7994;DEC26=7923.25;JAN27=7924.5;APR27=8008.375;MAY27=8011.875;JUL27=8099.625;JUN27=8066.75;DEC29=8852.375;SEP27=8159.875;AUG27=8105.75;MAR28=8279;DEC27=8177.5;DEC28=8506.75;SEP28=6112.0875;DEC30=9361.5;JUN28=8372.5,OCT27=GLOBAL_REFERENCE_NO_OBSERVATION;SEP28=GLOBAL_REFERENCE_OUTLIER_SERIES_FORWARD_CLUSTER,WEIGHTED_ATM,2026-10-16,6,685,0.0,NONE,11274,10812,462,0,0,RTM,MDW;MMW;MRW;MTW,OK,NONE,NONE,2026-10-07
SPX,7695.0,-53828284.61229671,91.63074389355516,0.0,0.0,0.0,0.0,0.0,0.0,7906.272501294064,7798.927498705937,7959.945002588127,7745.254997411874,DEC26,OCT26,2026-10-08,2026-12-18,7852.6,7825.767905144304,FOUND,DEGRADED,SPOT_MONTH_FALLBACK;UNKNOWN_SERIES;ESTIMATED_EXPIRY_ALIAS,2026-08-02.2,PUT_CALL_PARITY,OCT26,OCT26=PUT_CALL_PARITY;NOV26=PUT_CALL_PARITY;FEB27=PUT_CALL_PARITY;MAR27=PUT_CALL_PARITY;DEC26=PUT_CALL_PARITY;JAN27=PUT_CALL_PARITY;APR27=PUT_CALL_PARITY;MAY27=PUT_CALL_PARITY;JUL27=PUT_CALL_PARITY;JUN27=PUT_CALL_PARITY;DEC29=PUT_CALL_PARITY;OCT27=PUT_CALL_PARITY;SEP27=PUT_CALL_PARITY;AUG27=PUT_CALL_PARITY;MAR28=PUT_CALL_PARITY;DEC27=PUT_CALL_PARITY;DEC28=PUT_CALL_PARITY;SEP28=PUT_CALL_PARITY;DEC30=PUT_CALL_PARITY;JUN28=PUT_CALL_PARITY,OCT26=7852.6;NOV26=7852;FEB27=7923.875;MAR27=7994;DEC26=7923.25;JAN27=7924.5;APR27=8008.375;MAY27=8011.875;JUL27=8099.625;JUN27=8066.75;DEC29=8852.375;SEP27=8159.875;AUG27=8105.75;MAR28=8279;DEC27=8177.5;DEC28=8506.75;SEP28=6112.0875;DEC30=9361.5;JUN28=8372.5,OCT27=GLOBAL_REFERENCE_NO_OBSERVATION;SEP28=GLOBAL_REFERENCE_OUTLIER_SERIES_FORWARD_CLUSTER,WEIGHTED_ATM,2026-10-16,6,685,0.0,NONE,11274,10812,462,0,0,RTM,MDW;MMW;MRW;MTW,OK,NONE,NONE,2026-10-07
SPX,7700.0,-1486315199.559956,3947.8652976605235,0.0,0.0,0.0,0.0,0.0,0.0,7906.272501294064,7798.927498705937,7959.945002588127,7745.254997411874,DEC26,OCT26,2026-10-08,2026-12-18,7852.6,7825.767905144304,FOUND,DEGRADED,SPOT_MONTH_FALLBACK;UNKNOWN_SERIES;ESTIMATED_EXPIRY_ALIAS,2026-08-02.2,PUT_CALL_PARITY,OCT26,OCT26=PUT_CALL_PARITY;NOV26=PUT_CALL_PARITY;FEB27=PUT_CALL_PARITY;MAR27=PUT_CALL_PARITY;DEC26=PUT_CALL_PARITY;JAN27=PUT_CALL_PARITY;APR27=PUT_CALL_PARITY;MAY27=PUT_CALL_PARITY;JUL27=PUT_CALL_PARITY;JUN27=PUT_CALL_PARITY;DEC29=PUT_CALL_PARITY;OCT27=PUT_CALL_PARITY;SEP27=PUT_CALL_PARITY;AUG27=PUT_CALL_PARITY;MAR28=PUT_CALL_PARITY;DEC27=PUT_CALL_PARITY;DEC28=PUT_CALL_PARITY;SEP28=PUT_CALL_PARITY;DEC30=PUT_CALL_PARITY;JUN28=PUT_CALL_PARITY,OCT26=7852.6;NOV26=7852;FEB27=7923.875;MAR27=7994;DEC26=7923.25;JAN27=7924.5;APR27=8008.375;MAY27=8011.875;JUL27=8099.625;JUN27=8066.75;DEC29=8852.375;SEP27=8159.875;AUG27=8105.75;MAR28=8279;DEC27=8177.5;DEC28=8506.75;SEP28=6112.0875;DEC30=9361.5;JUN28=8372.5,OCT27=GLOBAL_REFERENCE_NO_OBSERVATION;SEP28=GLOBAL_REFERENCE_OUTLIER_SERIES_FORWARD_CLUSTER,WEIGHTED_ATM,2026-10-16,6,685,0.0,NONE,11274,10812,462,0,0,RTM,MDW;MMW;MRW;MTW,OK,NONE,NONE,2026-10-07
SPX,7705.0,-36686762.66895201,67.13259171072649,0.0,0.0,0.0,0.0,0.0,0.0,7906.272501294064,7798.927498705937,7959.945002588127,7745.254997411874,DEC26,OCT26,2026-10-08,2026-12-18,7852.6,7825.767905144304,FOUND,DEGRADED,SPOT_MONTH_FALLBACK;UNKNOWN_SERIES;ESTIMATED_EXPIRY_ALIAS,2026-08-02.2,PUT_CALL_PARITY,OCT26,OCT26=PUT_CALL_PARITY;NOV26=PUT_CALL_PARITY;FEB27=PUT_CALL_PARITY;MAR27=PUT_CALL_PARITY;DEC26=PUT_CALL_PARITY;JAN27=PUT_CALL_PARITY;APR27=PUT_CALL_PARITY;MAY27=PUT_CALL_PARITY;JUL27=PUT_CALL_PARITY;JUN27=PUT_CALL_PARITY;DEC29=PUT_CALL_PARITY;OCT27=PUT_CALL_PARITY;SEP27=PUT_CALL_PARITY;AUG27=PUT_CALL_PARITY;MAR28=PUT_CALL_PARITY;DEC27=PUT_CALL_PARITY;DEC28=PUT_CALL_PARITY;SEP28=PUT_CALL_PARITY;DEC30=PUT_CALL_PARITY;JUN28=PUT_CALL_PARITY,OCT26=7852.6;NOV26=7852;FEB27=7923.875;MAR27=7994;DEC26=7923.25;JAN27=7924.5;APR27=8008.375;MAY27=8011.875;JUL27=8099.625;JUN27=8066.75;DEC29=8852.375;SEP27=8159.875;AUG27=8105.75;MAR28=8279;DEC27=8177.5;DEC28=8506.75;SEP28=6112.0875;DEC30=9361.5;JUN28=8372.5,OCT27=GLOBAL_REFERENCE_NO_OBSERVATION;SEP28=GLOBAL_REFERENCE_OUTLIER_SERIES_FORWARD_CLUSTER,WEIGHTED_ATM,2026-10-16,6,685,0.0,NONE,11274,10812,462,0,0,RTM,MDW;MMW;MRW;MTW,OK,NONE,NONE,2026-10-07
SPX,7710.0,-160936133.76729578,314.24818852007354,0.0,0.0,0.0,0.0,0.0,0.0,7906.272501294064,7798.927498705937,7959.945002588127,7745.254997411874,DEC26,OCT26,2026-10-08,2026-12-18,7852.6,7825.767905144304,FOUND,DEGRADED,SPOT_MONTH_FALLBACK;UNKNOWN_SERIES;ESTIMATED_EXPIRY_ALIAS,2026-08-02.2,PUT_CALL_PARITY,OCT26,OCT26=PUT_CALL_PARITY;NOV26=PUT_CALL_PARITY;FEB27=PUT_CALL_PARITY;MAR27=PUT_CALL_PARITY;DEC26=PUT_CALL_PARITY;JAN27=PUT_CALL_PARITY;APR27=PUT_CALL_PARITY;MAY27=PUT_CALL_PARITY;JUL27=PUT_CALL_PARITY;JUN27=PUT_CALL_PARITY;DEC29=PUT_CALL_PARITY;OCT27=PUT_CALL_PARITY;SEP27=PUT_CALL_PARITY;AUG27=PUT_CALL_PARITY;MAR28=PUT_CALL_PARITY;DEC27=PUT_CALL_PARITY;DEC28=PUT_CALL_PARITY;SEP28=PUT_CALL_PARITY;DEC30=PUT_CALL_PARITY;JUN28=PUT_CALL_PARITY,OCT26=7852.6;NOV26=7852;FEB27=7923.875;MAR27=7994;DEC26=7923.25;JAN27=7924.5;APR27=8008.375;MAY27=8011.875;JUL27=8099.625;JUN27=8066.75;DEC29=8852.375;SEP27=8159.875;AUG27=8105.75;MAR28=8279;DEC27=8177.5;DEC28=8506.75;SEP28=6112.0875;DEC30=9361.5;JUN28=8372.5,OCT27=GLOBAL_REFERENCE_NO_OBSERVATION;SEP28=GLOBAL_REFERENCE_OUTLIER_SERIES_FORWARD_CLUSTER,WEIGHTED_ATM,2026-10-16,6,685,0.0,NONE,11274,10812,462,0,0,RTM,MDW;MMW;MRW;MTW,OK,NONE,NONE,2026-10-07
SPX,7715.0,-46540774.88756736,84.7263113208359,0.0,0.0,0.0,0.0,0.0,0.0,7906.272501294064,7798.927498705937,7959.945002588127,7745.254997411874,DEC26,OCT26,2026-10-08,2026-12-18,7852.6,7825.767905144304,FOUND,DEGRADED,SPOT_MONTH_FALLBACK;UNKNOWN_SERIES;ESTIMATED_EXPIRY_ALIAS,2026-08-02.2,PUT_CALL_PARITY,OCT26,OCT26=PUT_CALL_PARITY;NOV26=PUT_CALL_PARITY;FEB27=PUT_CALL_PARITY;MAR27=PUT_CALL_PARITY;DEC26=PUT_CALL_PARITY;JAN27=PUT_CALL_PARITY;APR27=PUT_CALL_PARITY;MAY27=PUT_CALL_PARITY;JUL27=PUT_CALL_PARITY;JUN27=PUT_CALL_PARITY;DEC29=PUT_CALL_PARITY;OCT27=PUT_CALL_PARITY;SEP27=PUT_CALL_PARITY;AUG27=PUT_CALL_PARITY;MAR28=PUT_CALL_PARITY;DEC27=PUT_CALL_PARITY;DEC28=PUT_CALL_PARITY;SEP28=PUT_CALL_PARITY;DEC30=PUT_CALL_PARITY;JUN28=PUT_CALL_PARITY,OCT26=7852.6;NOV26=7852;FEB27=7923.875;MAR27=7994;DEC26=7923.25;JAN27=7924.5;APR27=8008.375;MAY27=8011.875;JUL27=8099.625;JUN27=8066.75;DEC29=8852.375;SEP27=8159.875;AUG27=8105.75;MAR28=8279;DEC27=8177.5;DEC28=8506.75;SEP28=6112.0875;DEC30=9361.5;JUN28=8372.5,OCT27=GLOBAL_REFERENCE_NO_OBSERVATION;SEP28=GLOBAL_REFERENCE_OUTLIER_SERIES_FORWARD_CLUSTER,WEIGHTED_ATM,2026-10-16,6,685,0.0,NONE,11274,10812,462,0,0,RTM,MDW;MMW;MRW;MTW,OK,NONE,NONE,2026-10-07
SPX,7720.0,-137499326.16695696,335.3166410843963,0.0,0.0,0.0,0.0,0.0,0.0,7906.272501294064,7798.927498705937,7959.945002588127,7745.254997411874,DEC26,OCT26,2026-10-08,2026-12-18,7852.6,7825.767905144304,FOUND,DEGRADED,SPOT_MONTH_FALLBACK;UNKNOWN_SERIES;ESTIMATED_EXPIRY_ALIAS,2026-08-02.2,PUT_CALL_PARITY,OCT26,OCT26=PUT_CALL_PARITY;NOV26=PUT_CALL_PARITY;FEB27=PUT_CALL_PARITY;MAR27=PUT_CALL_PARITY;DEC26=PUT_CALL_PARITY;JAN27=PUT_CALL_PARITY;APR27=PUT_CALL_PARITY;MAY27=PUT_CALL_PARITY;JUL27=PUT_CALL_PARITY;JUN27=PUT_CALL_PARITY;DEC29=PUT_CALL_PARITY;OCT27=PUT_CALL_PARITY;SEP27=PUT_CALL_PARITY;AUG27=PUT_CALL_PARITY;MAR28=PUT_CALL_PARITY;DEC27=PUT_CALL_PARITY;DEC28=PUT_CALL_PARITY;SEP28=PUT_CALL_PARITY;DEC30=PUT_CALL_PARITY;JUN28=PUT_CALL_PARITY,OCT26=7852.6;NOV26=7852;FEB27=7923.875;MAR27=7994;DEC26=7923.25;JAN27=7924.5;APR27=8008.375;MAY27=8011.875;JUL27=8099.625;JUN27=8066.75;DEC29=8852.375;SEP27=8159.875;AUG27=8105.75;MAR28=8279;DEC27=8177.5;DEC28=8506.75;SEP28=6112.0875;DEC30=9361.5;JUN28=8372.5,OCT27=GLOBAL_REFERENCE_NO_OBSERVATION;SEP28=GLOBAL_REFERENCE_OUTLIER_SERIES_FORWARD_CLUSTER,WEIGHTED_ATM,2026-10-16,6,685,0.0,NONE,11274,10812,462,0,0,RTM,MDW;MMW;MRW;MTW,OK,NONE,NONE,2026-10-07
SPX,7725.0,-293334542.66107637,1045.8679691075597,0.0,0.0,0.0,0.0,0.0,0.0,7906.272501294064,7798.927498705937,7959.945002588127,7745.254997411874,DEC26,OCT26,2026-10-08,2026-12-18,7852.6,7825.767905144304,FOUND,DEGRADED,SPOT_MONTH_FALLBACK;UNKNOWN_SERIES;ESTIMATED_EXPIRY_ALIAS,2026-08-02.2,PUT_CALL_PARITY,OCT26,OCT26=PUT_CALL_PARITY;NOV26=PUT_CALL_PARITY;FEB27=PUT_CALL_PARITY;MAR27=PUT_CALL_PARITY;DEC26=PUT_CALL_PARITY;JAN27=PUT_CALL_PARITY;APR27=PUT_CALL_PARITY;MAY27=PUT_CALL_PARITY;JUL27=PUT_CALL_PARITY;JUN27=PUT_CALL_PARITY;DEC29=PUT_CALL_PARITY;OCT27=PUT_CALL_PARITY;SEP27=PUT_CALL_PARITY;AUG27=PUT_CALL_PARITY;MAR28=PUT_CALL_PARITY;DEC27=PUT_CALL_PARITY;DEC28=PUT_CALL_PARITY;SEP28=PUT_CALL_PARITY;DEC30=PUT_CALL_PARITY;JUN28=PUT_CALL_PARITY,OCT26=7852.6;NOV26=7852;FEB27=7923.875;MAR27=7994;DEC26=7923.25;JAN27=7924.5;APR27=8008.375;MAY27=8011.875;JUL27=8099.625;JUN27=8066.75;DEC29=8852.375;SEP27=8159.875;AUG27=8105.75;MAR28=8279;DEC27=8177.5;DEC28=8506.75;SEP28=6112.0875;DEC30=9361.5;JUN28=8372.5,OCT27=GLOBAL_REFERENCE_NO_OBSERVATION;SEP28=GLOBAL_REFERENCE_OUTLIER_SERIES_FORWARD_CLUSTER,WEIGHTED_ATM,2026-10-16,6,685,0.0,NONE,11274,10812,462,0,0,RTM,MDW;MMW;MRW;MTW,OK,NONE,NONE,2026-10-07
SPX,7730.0,-69490405.70105393,360.8754605092059,0.0,0.0,0.0,0.0,0.0,0.0,7906.272501294064,7798.927498705937,7959.945002588127,7745.254997411874,DEC26,OCT26,2026-10-08,2026-12-18,7852.6,7825.767905144304,FOUND,DEGRADED,SPOT_MONTH_FALLBACK;UNKNOWN_SERIES;ESTIMATED_EXPIRY_ALIAS,2026-08-02.2,PUT_CALL_PARITY,OCT26,OCT26=PUT_CALL_PARITY;NOV26=PUT_CALL_PARITY;FEB27=PUT_CALL_PARITY;MAR27=PUT_CALL_PARITY;DEC26=PUT_CALL_PARITY;JAN27=PUT_CALL_PARITY;APR27=PUT_CALL_PARITY;MAY27=PUT_CALL_PARITY;JUL27=PUT_CALL_PARITY;JUN27=PUT_CALL_PARITY;DEC29=PUT_CALL_PARITY;OCT27=PUT_CALL_PARITY;SEP27=PUT_CALL_PARITY;AUG27=PUT_CALL_PARITY;MAR28=PUT_CALL_PARITY;DEC27=PUT_CALL_PARITY;DEC28=PUT_CALL_PARITY;SEP28=PUT_CALL_PARITY;DEC30=PUT_CALL_PARITY;JUN28=PUT_CALL_PARITY,OCT26=7852.6;NOV26=7852;FEB27=7923.875;MAR27=7994;DEC26=7923.25;JAN27=7924.5;APR27=8008.375;MAY27=8011.875;JUL27=8099.625;JUN27=8066.75;DEC29=8852.375;SEP27=8159.875;AUG27=8105.75;MAR28=8279;DEC27=8177.5;DEC28=8506.75;SEP28=6112.0875;DEC30=9361.5;JUN28=8372.5,OCT27=GLOBAL_REFERENCE_NO_OBSERVATION;SEP28=GLOBAL_REFERENCE_OUTLIER_SERIES_FORWARD_CLUSTER,WEIGHTED_ATM,2026-10-16,6,685,0.0,NONE,11274,10812,462,0,0,RTM,MDW;MMW;MRW;MTW,OK,NONE,NONE,2026-10-07
SPX,7735.0,-32348689.495358825,90.59810275578779,0.0,0.0,0.0,0.0,0.0,0.0,7906.272501294064,7798.927498705937,7959.945002588127,7745.254997411874,DEC26,OCT26,2026-10-08,2026-12-18,7852.6,7825.767905144304,FOUND,DEGRADED,SPOT_MONTH_FALLBACK;UNKNOWN_SERIES;ESTIMATED_EXPIRY_ALIAS,2026-08-02.2,PUT_CALL_PARITY,OCT26,OCT26=PUT_CALL_PARITY;NOV26=PUT_CALL_PARITY;FEB27=PUT_CALL_PARITY;MAR27=PUT_CALL_PARITY;DEC26=PUT_CALL_PARITY;JAN27=PUT_CALL_PARITY;APR27=PUT_CALL_PARITY;MAY27=PUT_CALL_PARITY;JUL27=PUT_CALL_PARITY;JUN27=PUT_CALL_PARITY;DEC29=PUT_CALL_PARITY;OCT27=PUT_CALL_PARITY;SEP27=PUT_CALL_PARITY;AUG27=PUT_CALL_PARITY;MAR28=PUT_CALL_PARITY;DEC27=PUT_CALL_PARITY;DEC28=PUT_CALL_PARITY;SEP28=PUT_CALL_PARITY;DEC30=PUT_CALL_PARITY;JUN28=PUT_CALL_PARITY,OCT26=7852.6;NOV26=7852;FEB27=7923.875;MAR27=7994;DEC26=7923.25;JAN27=7924.5;APR27=8008.375;MAY27=8011.875;JUL27=8099.625;JUN27=8066.75;DEC29=8852.375;SEP27=8159.875;AUG27=8105.75;MAR28=8279;DEC27=8177.5;DEC28=8506.75;SEP28=6112.0875;DEC30=9361.5;JUN28=8372.5,OCT27=GLOBAL_REFERENCE_NO_OBSERVATION;SEP28=GLOBAL_REFERENCE_OUTLIER_SERIES_FORWARD_CLUSTER,WEIGHTED_ATM,2026-10-16,6,685,0.0,NONE,11274,10812,462,0,0,RTM,MDW;MMW;MRW;MTW,OK,NONE,NONE,2026-10-07
SPX,7740.0,-85898674.64574575,322.9361038867695,0.0,0.0,0.0,0.0,0.0,0.0,7906.272501294064,7798.927498705937,7959.945002588127,7745.254997411874,DEC26,OCT26,2026-10-08,2026-12-18,7852.6,7825.767905144304,FOUND,DEGRADED,SPOT_MONTH_FALLBACK;UNKNOWN_SERIES;ESTIMATED_EXPIRY_ALIAS,2026-08-02.2,PUT_CALL_PARITY,OCT26,OCT26=PUT_CALL_PARITY;NOV26=PUT_CALL_PARITY;FEB27=PUT_CALL_PARITY;MAR27=PUT_CALL_PARITY;DEC26=PUT_CALL_PARITY;JAN27=PUT_CALL_PARITY;APR27=PUT_CALL_PARITY;MAY27=PUT_CALL_PARITY;JUL27=PUT_CALL_PARITY;JUN27=PUT_CALL_PARITY;DEC29=PUT_CALL_PARITY;OCT27=PUT_CALL_PARITY;SEP27=PUT_CALL_PARITY;AUG27=PUT_CALL_PARITY;MAR28=PUT_CALL_PARITY;DEC27=PUT_CALL_PARITY;DEC28=PUT_CALL_PARITY;SEP28=PUT_CALL_PARITY;DEC30=PUT_CALL_PARITY;JUN28=PUT_CALL_PARITY,OCT26=7852.6;NOV26=7852;FEB27=7923.875;MAR27=7994;DEC26=7923.25;JAN27=7924.5;APR27=8008.375;MAY27=8011.875;JUL27=8099.625;JUN27=8066.75;DEC29=8852.375;SEP27=8159.875;AUG27=8105.75;MAR28=8279;DEC27=8177.5;DEC28=8506.75;SEP28=6112.0875;DEC30=9361.5;JUN28=8372.5,OCT27=GLOBAL_REFERENCE_NO_OBSERVATION;SEP28=GLOBAL_REFERENCE_OUTLIER_SERIES_FORWARD_CLUSTER,WEIGHTED_ATM,2026-10-16,6,685,0.0,NONE,11274,10812,462,0,0,RTM,MDW;MMW;MRW;MTW,OK,NONE,NONE,2026-10-07
SPX,7745.0,-54814391.28230836,102.95043352179283,0.0,0.0,0.0,0.0,0.0,0.0,7906.272501294064,7798.927498705937,7959.945002588127,7745.254997411874,DEC26,OCT26,2026-10-08,2026-12-18,7852.6,7825.767905144304,FOUND,DEGRADED,SPOT_MONTH_FALLBACK;UNKNOWN_SERIES;ESTIMATED_EXPIRY_ALIAS,2026-08-02.2,PUT_CALL_PARITY,OCT26,OCT26=PUT_CALL_PARITY;NOV26=PUT_CALL_PARITY;FEB27=PUT_CALL_PARITY;MAR27=PUT_CALL_PARITY;DEC26=PUT_CALL_PARITY;JAN27=PUT_CALL_PARITY;APR27=PUT_CALL_PARITY;MAY27=PUT_CALL_PARITY;JUL27=PUT_CALL_PARITY;JUN27=PUT_CALL_PARITY;DEC29=PUT_CALL_PARITY;OCT27=PUT_CALL_PARITY;SEP27=PUT_CALL_PARITY;AUG27=PUT_CALL_PARITY;MAR28=PUT_CALL_PARITY;DEC27=PUT_CALL_PARITY;DEC28=PUT_CALL_PARITY;SEP28=PUT_CALL_PARITY;DEC30=PUT_CALL_PARITY;JUN28=PUT_CALL_PARITY,OCT26=7852.6;NOV26=7852;FEB27=7923.875;MAR27=7994;DEC26=7923.25;JAN27=7924.5;APR27=8008.375;MAY27=8011.875;JUL27=8099.625;JUN27=8066.75;DEC29=8852.375;SEP27=8159.875;AUG27=8105.75;MAR28=8279;DEC27=8177.5;DEC28=8506.75;SEP28=6112.0875;DEC30=9361.5;JUN28=8372.5,OCT27=GLOBAL_REFERENCE_NO_OBSERVATION;SEP28=GLOBAL_REFERENCE_OUTLIER_SERIES_FORWARD_CLUSTER,WEIGHTED_ATM,2026-10-16,6,685,0.0,NONE,11274,10812,462,0,0,RTM,MDW;MMW;MRW;MTW,OK,NONE,NONE,2026-10-07
SPX,7750.0,-833875771.1101215,3575.935722942937,0.0,0.0,0.0,0.0,0.0,0.0,7906.272501294064,7798.927498705937,7959.945002588127,7745.254997411874,DEC26,OCT26,2026-10-08,2026-12-18,7852.6,7825.767905144304,FOUND,DEGRADED,SPOT_MONTH_FALLBACK;UNKNOWN_SERIES;ESTIMATED_EXPIRY_ALIAS,2026-08-02.2,PUT_CALL_PARITY,OCT26,OCT26=PUT_CALL_PARITY;NOV26=PUT_CALL_PARITY;FEB27=PUT_CALL_PARITY;MAR27=PUT_CALL_PARITY;DEC26=PUT_CALL_PARITY;JAN27=PUT_CALL_PARITY;APR27=PUT_CALL_PARITY;MAY27=PUT_CALL_PARITY;JUL27=PUT_CALL_PARITY;JUN27=PUT_CALL_PARITY;DEC29=PUT_CALL_PARITY;OCT27=PUT_CALL_PARITY;SEP27=PUT_CALL_PARITY;AUG27=PUT_CALL_PARITY;MAR28=PUT_CALL_PARITY;DEC27=PUT_CALL_PARITY;DEC28=PUT_CALL_PARITY;SEP28=PUT_CALL_PARITY;DEC30=PUT_CALL_PARITY;JUN28=PUT_CALL_PARITY,OCT26=7852.6;NOV26=7852;FEB27=7923.875;MAR27=7994;DEC26=7923.25;JAN27=7924.5;APR27=8008.375;MAY27=8011.875;JUL27=8099.625;JUN27=8066.75;DEC29=8852.375;SEP27=8159.875;AUG27=8105.75;MAR28=8279;DEC27=8177.5;DEC28=8506.75;SEP28=6112.0875;DEC30=9361.5;JUN28=8372.5,OCT27=GLOBAL_REFERENCE_NO_OBSERVATION;SEP28=GLOBAL_REFERENCE_OUTLIER_SERIES_FORWARD_CLUSTER,WEIGHTED_ATM,2026-10-16,6,685,0.0,NONE,11274,10812,462,0,0,RTM,MDW;MMW;MRW;MTW,OK,NONE,NONE,2026-10-07
SPX,7755.0,-50125229.61840991,120.33694180168536,0.0,0.0,0.0,0.0,0.0,0.0,7906.272501294064,7798.927498705937,7959.945002588127,7745.254997411874,DEC26,OCT26,2026-10-08,2026-12-18,7852.6,7825.767905144304,FOUND,DEGRADED,SPOT_MONTH_FALLBACK;UNKNOWN_SERIES;ESTIMATED_EXPIRY_ALIAS,2026-08-02.2,PUT_CALL_PARITY,OCT26,OCT26=PUT_CALL_PARITY;NOV26=PUT_CALL_PARITY;FEB27=PUT_CALL_PARITY;MAR27=PUT_CALL_PARITY;DEC26=PUT_CALL_PARITY;JAN27=PUT_CALL_PARITY;APR27=PUT_CALL_PARITY;MAY27=PUT_CALL_PARITY;JUL27=PUT_CALL_PARITY;JUN27=PUT_CALL_PARITY;DEC29=PUT_CALL_PARITY;OCT27=PUT_CALL_PARITY;SEP27=PUT_CALL_PARITY;AUG27=PUT_CALL_PARITY;MAR28=PUT_CALL_PARITY;DEC27=PUT_CALL_PARITY;DEC28=PUT_CALL_PARITY;SEP28=PUT_CALL_PARITY;DEC30=PUT_CALL_PARITY;JUN28=PUT_CALL_PARITY,OCT26=7852.6;NOV26=7852;FEB27=7923.875;MAR27=7994;DEC26=7923.25;JAN27=7924.5;APR27=8008.375;MAY27=8011.875;JUL27=8099.625;JUN27=8066.75;DEC29=8852.375;SEP27=8159.875;AUG27=8105.75;MAR28=8279;DEC27=8177.5;DEC28=8506.75;SEP28=6112.0875;DEC30=9361.5;JUN28=8372.5,OCT27=GLOBAL_REFERENCE_NO_OBSERVATION;SEP28=GLOBAL_REFERENCE_OUTLIER_SERIES_FORWARD_CLUSTER,WEIGHTED_ATM,2026-10-16,6,685,0.0,NONE,11274,10812,462,0,0,RTM,MDW;MMW;MRW;MTW,OK,NONE,NONE,2026-10-07
SPX,7760.0,-394782493.4860742,1118.9438325329254,0.0,0.0,0.0,0.0,0.0,0.0,7906.272501294064,7798.927498705937,7959.945002588127,7745.254997411874,DEC26,OCT26,2026-10-08,2026-12-18,7852.6,7825.767905144304,FOUND,DEGRADED,SPOT_MONTH_FALLBACK;UNKNOWN_SERIES;ESTIMATED_EXPIRY_ALIAS,2026-08-02.2,PUT_CALL_PARITY,OCT26,OCT26=PUT_CALL_PARITY;NOV26=PUT_CALL_PARITY;FEB27=PUT_CALL_PARITY;MAR27=PUT_CALL_PARITY;DEC26=PUT_CALL_PARITY;JAN27=PUT_CALL_PARITY;APR27=PUT_CALL_PARITY;MAY27=PUT_CALL_PARITY;JUL27=PUT_CALL_PARITY;JUN27=PUT_CALL_PARITY;DEC29=PUT_CALL_PARITY;OCT27=PUT_CALL_PARITY;SEP27=PUT_CALL_PARITY;AUG27=PUT_CALL_PARITY;MAR28=PUT_CALL_PARITY;DEC27=PUT_CALL_PARITY;DEC28=PUT_CALL_PARITY;SEP28=PUT_CALL_PARITY;DEC30=PUT_CALL_PARITY;JUN28=PUT_CALL_PARITY,OCT26=7852.6;NOV26=7852;FEB27=7923.875;MAR27=7994;DEC26=7923.25;JAN27=7924.5;APR27=8008.375;MAY27=8011.875;JUL27=8099.625;JUN27=8066.75;DEC29=8852.375;SEP27=8159.875;AUG27=8105.75;MAR28=8279;DEC27=8177.5;DEC28=8506.75;SEP28=6112.0875;DEC30=9361.5;JUN28=8372.5,OCT27=GLOBAL_REFERENCE_NO_OBSERVATION;SEP28=GLOBAL_REFERENCE_OUTLIER_SERIES_FORWARD_CLUSTER,WEIGHTED_ATM,2026-10-16,6,685,0.0,NONE,11274,10812,462,0,0,RTM,MDW;MMW;MRW;MTW,OK,NONE,NONE,2026-10-07
SPX,7765.0,-69689122.13711223,168.7336338185478,0.0,0.0,0.0,0.0,0.0,0.0,7906.272501294064,7798.927498705937,7959.945002588127,7745.254997411874,DEC26,OCT26,2026-10-08,2026-12-18,7852.6,7825.767905144304,FOUND,DEGRADED,SPOT_MONTH_FALLBACK;UNKNOWN_SERIES;ESTIMATED_EXPIRY_ALIAS,2026-08-02.2,PUT_CALL_PARITY,OCT26,OCT26=PUT_CALL_PARITY;NOV26=PUT_CALL_PARITY;FEB27=PUT_CALL_PARITY;MAR27=PUT_CALL_PARITY;DEC26=PUT_CALL_PARITY;JAN27=PUT_CALL_PARITY;APR27=PUT_CALL_PARITY;MAY27=PUT_CALL_PARITY;JUL27=PUT_CALL_PARITY;JUN27=PUT_CALL_PARITY;DEC29=PUT_CALL_PARITY;OCT27=PUT_CALL_PARITY;SEP27=PUT_CALL_PARITY;AUG27=PUT_CALL_PARITY;MAR28=PUT_CALL_PARITY;DEC27=PUT_CALL_PARITY;DEC28=PUT_CALL_PARITY;SEP28=PUT_CALL_PARITY;DEC30=PUT_CALL_PARITY;JUN28=PUT_CALL_PARITY,OCT26=7852.6;NOV26=7852;FEB27=7923.875;MAR27=7994;DEC26=7923.25;JAN27=7924.5;APR27=8008.375;MAY27=8011.875;JUL27=8099.625;JUN27=8066.75;DEC29=8852.375;SEP27=8159.875;AUG27=8105.75;MAR28=8279;DEC27=8177.5;DEC28=8506.75;SEP28=6112.0875;DEC30=9361.5;JUN28=8372.5,OCT27=GLOBAL_REFERENCE_NO_OBSERVATION;SEP28=GLOBAL_REFERENCE_OUTLIER_SERIES_FORWARD_CLUSTER,WEIGHTED_ATM,2026-10-16,6,685,0.0,NONE,11274,10812,462,0,0,RTM,MDW;MMW;MRW;MTW,OK,NONE,NONE,2026-10-07
SPX,7770.0,-102673293.87771681,514.18401780091,0.0,0.0,0.0,0.0,0.0,0.0,7906.272501294064,7798.927498705937,7959.945002588127,7745.254997411874,DEC26,OCT26,2026-10-08,2026-12-18,7852.6,7825.767905144304,FOUND,DEGRADED,SPOT_MONTH_FALLBACK;UNKNOWN_SERIES;ESTIMATED_EXPIRY_ALIAS,2026-08-02.2,PUT_CALL_PARITY,OCT26,OCT26=PUT_CALL_PARITY;NOV26=PUT_CALL_PARITY;FEB27=PUT_CALL_PARITY;MAR27=PUT_CALL_PARITY;DEC26=PUT_CALL_PARITY;JAN27=PUT_CALL_PARITY;APR27=PUT_CALL_PARITY;MAY27=PUT_CALL_PARITY;JUL27=PUT_CALL_PARITY;JUN27=PUT_CALL_PARITY;DEC29=PUT_CALL_PARITY;OCT27=PUT_CALL_PARITY;SEP27=PUT_CALL_PARITY;AUG27=PUT_CALL_PARITY;MAR28=PUT_CALL_PARITY;DEC27=PUT_CALL_PARITY;DEC28=PUT_CALL_PARITY;SEP28=PUT_CALL_PARITY;DEC30=PUT_CALL_PARITY;JUN28=PUT_CALL_PARITY,OCT26=7852.6;NOV26=7852;FEB27=7923.875;MAR27=7994;DEC26=7923.25;JAN27=7924.5;APR27=8008.375;MAY27=8011.875;JUL27=8099.625;JUN27=8066.75;DEC29=8852.375;SEP27=8159.875;AUG27=8105.75;MAR28=8279;DEC27=8177.5;DEC28=8506.75;SEP28=6112.0875;DEC30=9361.5;JUN28=8372.5,OCT27=GLOBAL_REFERENCE_NO_OBSERVATION;SEP28=GLOBAL_REFERENCE_OUTLIER_SERIES_FORWARD_CLUSTER,WEIGHTED_ATM,2026-10-16,6,685,0.0,NONE,11274,10812,462,0,0,RTM,MDW;MMW;MRW;MTW,OK,NONE,NONE,2026-10-07
SPX,7775.0,-273180838.20467037,1762.056288219443,0.0,0.0,0.0,0.0,0.0,0.0,7906.272501294064,7798.927498705937,7959.945002588127,7745.254997411874,DEC26,OCT26,2026-10-08,2026-12-18,7852.6,7825.767905144304,FOUND,DEGRADED,SPOT_MONTH_FALLBACK;UNKNOWN_SERIES;ESTIMATED_EXPIRY_ALIAS,2026-08-02.2,PUT_CALL_PARITY,OCT26,OCT26=PUT_CALL_PARITY;NOV26=PUT_CALL_PARITY;FEB27=PUT_CALL_PARITY;MAR27=PUT_CALL_PARITY;DEC26=PUT_CALL_PARITY;JAN27=PUT_CALL_PARITY;APR27=PUT_CALL_PARITY;MAY27=PUT_CALL_PARITY;JUL27=PUT_CALL_PARITY;JUN27=PUT_CALL_PARITY;DEC29=PUT_CALL_PARITY;OCT27=PUT_CALL_PARITY;SEP27=PUT_CALL_PARITY;AUG27=PUT_CALL_PARITY;MAR28=PUT_CALL_PARITY;DEC27=PUT_CALL_PARITY;DEC28=PUT_CALL_PARITY;SEP28=PUT_CALL_PARITY;DEC30=PUT_CALL_PARITY;JUN28=PUT_CALL_PARITY,OCT26=7852.6;NOV26=7852;FEB27=7923.875;MAR27=7994;DEC26=7923.25;JAN27=7924.5;APR27=8008.375;MAY27=8011.875;JUL27=8099.625;JUN27=8066.75;DEC29=8852.375;SEP27=8159.875;AUG27=8105.75;MAR28=8279;DEC27=8177.5;DEC28=8506.75;SEP28=6112.0875;DEC30=9361.5;JUN28=8372.5,OCT27=GLOBAL_REFERENCE_NO_OBSERVATION;SEP28=GLOBAL_REFERENCE_OUTLIER_SERIES_FORWARD_CLUSTER,WEIGHTED_ATM,2026-10-16,6,685,0.0,NONE,11274,10812,462,0,0,RTM,MDW;MMW;MRW;MTW,OK,NONE,NONE,2026-10-07
SPX,7780.0,-120519748.20951395,664.6457504751747,0.0,0.0,0.0,0.0,0.0,0.0,7906.272501294064,7798.927498705937,7959.945002588127,7745.254997411874,DEC26,OCT26,2026-10-08,2026-12-18,7852.6,7825.767905144304,FOUND,DEGRADED,SPOT_MONTH_FALLBACK;UNKNOWN_SERIES;ESTIMATED_EXPIRY_ALIAS,2026-08-02.2,PUT_CALL_PARITY,OCT26,OCT26=PUT_CALL_PARITY;NOV26=PUT_CALL_PARITY;FEB27=PUT_CALL_PARITY;MAR27=PUT_CALL_PARITY;DEC26=PUT_CALL_PARITY;JAN27=PUT_CALL_PARITY;APR27=PUT_CALL_PARITY;MAY27=PUT_CALL_PARITY;JUL27=PUT_CALL_PARITY;JUN27=PUT_CALL_PARITY;DEC29=PUT_CALL_PARITY;OCT27=PUT_CALL_PARITY;SEP27=PUT_CALL_PARITY;AUG27=PUT_CALL_PARITY;MAR28=PUT_CALL_PARITY;DEC27=PUT_CALL_PARITY;DEC28=PUT_CALL_PARITY;SEP28=PUT_CALL_PARITY;DEC30=PUT_CALL_PARITY;JUN28=PUT_CALL_PARITY,OCT26=7852.6;NOV26=7852;FEB27=7923.875;MAR27=7994;DEC26=7923.25;JAN27=7924.5;APR27=8008.375;MAY27=8011.875;JUL27=8099.625;JUN27=8066.75;DEC29=8852.375;SEP27=8159.875;AUG27=8105.75;MAR28=8279;DEC27=8177.5;DEC28=8506.75;SEP28=6112.0875;DEC30=9361.5;JUN28=8372.5,OCT27=GLOBAL_REFERENCE_NO_OBSERVATION;SEP28=GLOBAL_REFERENCE_OUTLIER_SERIES_FORWARD_CLUSTER,WEIGHTED_ATM,2026-10-16,6,685,0.0,NONE,11274,10812,462,0,0,RTM,MDW;MMW;MRW;MTW,OK,NONE,NONE,2026-10-07
SPX,7785.0,-30762713.226959616,197.70781882486983,0.0,0.0,0.0,0.0,0.0,0.0,7906.272501294064,7798.927498705937,7959.945002588127,7745.254997411874,DEC26,OCT26,2026-10-08,2026-12-18,7852.6,7825.767905144304,FOUND,DEGRADED,SPOT_MONTH_FALLBACK;UNKNOWN_SERIES;ESTIMATED_EXPIRY_ALIAS,2026-08-02.2,PUT_CALL_PARITY,OCT26,OCT26=PUT_CALL_PARITY;NOV26=PUT_CALL_PARITY;FEB27=PUT_CALL_PARITY;MAR27=PUT_CALL_PARITY;DEC26=PUT_CALL_PARITY;JAN27=PUT_CALL_PARITY;APR27=PUT_CALL_PARITY;MAY27=PUT_CALL_PARITY;JUL27=PUT_CALL_PARITY;JUN27=PUT_CALL_PARITY;DEC29=PUT_CALL_PARITY;OCT27=PUT_CALL_PARITY;SEP27=PUT_CALL_PARITY;AUG27=PUT_CALL_PARITY;MAR28=PUT_CALL_PARITY;DEC27=PUT_CALL_PARITY;DEC28=PUT_CALL_PARITY;SEP28=PUT_CALL_PARITY;DEC30=PUT_CALL_PARITY;JUN28=PUT_CALL_PARITY,OCT26=7852.6;NOV26=7852;FEB27=7923.875;MAR27=7994;DEC26=7923.25;JAN27=7924.5;APR27=8008.375;MAY27=8011.875;JUL27=8099.625;JUN27=8066.75;DEC29=8852.375;SEP27=8159.875;AUG27=8105.75;MAR28=8279;DEC27=8177.5;DEC28=8506.75;SEP28=6112.0875;DEC30=9361.5;JUN28=8372.5,OCT27=GLOBAL_REFERENCE_NO_OBSERVATION;SEP28=GLOBAL_REFERENCE_OUTLIER_SERIES_FORWARD_CLUSTER,WEIGHTED_ATM,2026-10-16,6,685,0.0,NONE,11274,10812,462,0,0,RTM,MDW;MMW;MRW;MTW,OK,NONE,NONE,2026-10-07
SPX,7790.0,-106411865.01052324,618.5042251080359,0.0,0.0,0.0,0.0,0.0,0.0,7906.272501294064,7798.927498705937,7959.945002588127,7745.254997411874,DEC26,OCT26,2026-10-08,2026-12-18,7852.6,7825.767905144304,FOUND,DEGRADED,SPOT_MONTH_FALLBACK;UNKNOWN_SERIES;ESTIMATED_EXPIRY_ALIAS,2026-08-02.2,PUT_CALL_PARITY,OCT26,OCT26=PUT_CALL_PARITY;NOV26=PUT_CALL_PARITY;FEB27=PUT_CALL_PARITY;MAR27=PUT_CALL_PARITY;DEC26=PUT_CALL_PARITY;JAN27=PUT_CALL_PARITY;APR27=PUT_CALL_PARITY;MAY27=PUT_CALL_PARITY;JUL27=PUT_CALL_PARITY;JUN27=PUT_CALL_PARITY;DEC29=PUT_CALL_PARITY;OCT27=PUT_CALL_PARITY;SEP27=PUT_CALL_PARITY;AUG27=PUT_CALL_PARITY;MAR28=PUT_CALL_PARITY;DEC27=PUT_CALL_PARITY;DEC28=PUT_CALL_PARITY;SEP28=PUT_CALL_PARITY;DEC30=PUT_CALL_PARITY;JUN28=PUT_CALL_PARITY,OCT26=7852.6;NOV26=7852;FEB27=7923.875;MAR27=7994;DEC26=7923.25;JAN27=7924.5;APR27=8008.375;MAY27=8011.875;JUL27=8099.625;JUN27=8066.75;DEC29=8852.375;SEP27=8159.875;AUG27=8105.75;MAR28=8279;DEC27=8177.5;DEC28=8506.75;SEP28=6112.0875;DEC30=9361.5;JUN28=8372.5,OCT27=GLOBAL_REFERENCE_NO_OBSERVATION;SEP28=GLOBAL_REFERENCE_OUTLIER_SERIES_FORWARD_CLUSTER,WEIGHTED_ATM,2026-10-16,6,685,0.0,NONE,11274,10812,462,0,0,RTM,MDW;MMW;MRW;MTW,OK,NONE,NONE,2026-10-07
SPX,7795.0,-61726335.74656167,260.5756603986993,0.0,0.0,0.0,0.0,0.0,0.0,7906.272501294064,7798.927498705937,7959.945002588127,7745.254997411874,DEC26,OCT26,2026-10-08,2026-12-18,7852.6,7825.767905144304,FOUND,DEGRADED,SPOT_MONTH_FALLBACK;UNKNOWN_SERIES;ESTIMATED_EXPIRY_ALIAS,2026-08-02.2,PUT_CALL_PARITY,OCT26,OCT26=PUT_CALL_PARITY;NOV26=PUT_CALL_PARITY;FEB27=PUT_CALL_PARITY;MAR27=PUT_CALL_PARITY;DEC26=PUT_CALL_PARITY;JAN27=PUT_CALL_PARITY;APR27=PUT_CALL_PARITY;MAY27=PUT_CALL_PARITY;JUL27=PUT_CALL_PARITY;JUN27=PUT_CALL_PARITY;DEC29=PUT_CALL_PARITY;OCT27=PUT_CALL_PARITY;SEP27=PUT_CALL_PARITY;AUG27=PUT_CALL_PARITY;MAR28=PUT_CALL_PARITY;DEC27=PUT_CALL_PARITY;DEC28=PUT_CALL_PARITY;SEP28=PUT_CALL_PARITY;DEC30=PUT_CALL_PARITY;JUN28=PUT_CALL_PARITY,OCT26=7852.6;NOV26=7852;FEB27=7923.875;MAR27=7994;DEC26=7923.25;JAN27=7924.5;APR27=8008.375;MAY27=8011.875;JUL27=8099.625;JUN27=8066.75;DEC29=8852.375;SEP27=8159.875;AUG27=8105.75;MAR28=8279;DEC27=8177.5;DEC28=8506.75;SEP28=6112.0875;DEC30=9361.5;JUN28=8372.5,OCT27=GLOBAL_REFERENCE_NO_OBSERVATION;SEP28=GLOBAL_REFERENCE_OUTLIER_SERIES_FORWARD_CLUSTER,WEIGHTED_ATM,2026-10-16,6,685,0.0,NONE,11274,10812,462,0,0,RTM,MDW;MMW;MRW;MTW,OK,NONE,NONE,2026-10-07
SPX,7800.0,-435596355.1904156,4686.149438158664,0.0,0.0,0.0,0.0,0.0,0.0,7906.272501294064,7798.927498705937,7959.945002588127,7745.254997411874,DEC26,OCT26,2026-10-08,2026-12-18,7852.6,7825.767905144304,FOUND,DEGRADED,SPOT_MONTH_FALLBACK;UNKNOWN_SERIES;ESTIMATED_EXPIRY_ALIAS,2026-08-02.2,PUT_CALL_PARITY,OCT26,OCT26=PUT_CALL_PARITY;NOV26=PUT_CALL_PARITY;FEB27=PUT_CALL_PARITY;MAR27=PUT_CALL_PARITY;DEC26=PUT_CALL_PARITY;JAN27=PUT_CALL_PARITY;APR27=PUT_CALL_PARITY;MAY27=PUT_CALL_PARITY;JUL27=PUT_CALL_PARITY;JUN27=PUT_CALL_PARITY;DEC29=PUT_CALL_PARITY;OCT27=PUT_CALL_PARITY;SEP27=PUT_CALL_PARITY;AUG27=PUT_CALL_PARITY;MAR28=PUT_CALL_PARITY;DEC27=PUT_CALL_PARITY;DEC28=PUT_CALL_PARITY;SEP28=PUT_CALL_PARITY;DEC30=PUT_CALL_PARITY;JUN28=PUT_CALL_PARITY,OCT26=7852.6;NOV26=7852;FEB27=7923.875;MAR27=7994;DEC26=7923.25;JAN27=7924.5;APR27=8008.375;MAY27=8011.875;JUL27=8099.625;JUN27=8066.75;DEC29=8852.375;SEP27=8159.875;AUG27=8105.75;MAR28=8279;DEC27=8177.5;DEC28=8506.75;SEP28=6112.0875;DEC30=9361.5;JUN28=8372.5,OCT27=GLOBAL_REFERENCE_NO_OBSERVATION;SEP28=GLOBAL_REFERENCE_OUTLIER_SERIES_FORWARD_CLUSTER,WEIGHTED_ATM,2026-10-16,6,685,0.0,NONE,11274,10812,462,0,0,RTM,MDW;MMW;MRW;MTW,OK,NONE,NONE,2026-10-07
SPX,7805.0,-92538878.44505037,318.3436785722477,0.0,0.0,0.0,0.0,0.0,0.0,7906.272501294064,7798.927498705937,7959.945002588127,7745.254997411874,DEC26,OCT26,2026-10-08,2026-12-18,7852.6,7825.767905144304,FOUND,DEGRADED,SPOT_MONTH_FALLBACK;UNKNOWN_SERIES;ESTIMATED_EXPIRY_ALIAS,2026-08-02.2,PUT_CALL_PARITY,OCT26,OCT26=PUT_CALL_PARITY;NOV26=PUT_CALL_PARITY;FEB27=PUT_CALL_PARITY;MAR27=PUT_CALL_PARITY;DEC26=PUT_CALL_PARITY;JAN27=PUT_CALL_PARITY;APR27=PUT_CALL_PARITY;MAY27=PUT_CALL_PARITY;JUL27=PUT_CALL_PARITY;JUN27=PUT_CALL_PARITY;DEC29=PUT_CALL_PARITY;OCT27=PUT_CALL_PARITY;SEP27=PUT_CALL_PARITY;AUG27=PUT_CALL_PARITY;MAR28=PUT_CALL_PARITY;DEC27=PUT_CALL_PARITY;DEC28=PUT_CALL_PARITY;SEP28=PUT_CALL_PARITY;DEC30=PUT_CALL_PARITY;JUN28=PUT_CALL_PARITY,OCT26=7852.6;NOV26=7852;FEB27=7923.875;MAR27=7994;DEC26=7923.25;JAN27=7924.5;APR27=8008.375;MAY27=8011.875;JUL27=8099.625;JUN27=8066.75;DEC29=8852.375;SEP27=8159.875;AUG27=8105.75;MAR28=8279;DEC27=8177.5;DEC28=8506.75;SEP28=6112.0875;DEC30=9361.5;JUN28=8372.5,OCT27=GLOBAL_REFERENCE_NO_OBSERVATION;SEP28=GLOBAL_REFERENCE_OUTLIER_SERIES_FORWARD_CLUSTER,WEIGHTED_ATM,2026-10-16,6,685,0.0,NONE,11274,10812,462,0,0,RTM,MDW;MMW;MRW;MTW,OK,NONE,NONE,2026-10-07
SPX,7810.0,-66848131.95658122,1032.5218204620962,0.0,0.0,0.0,0.0,0.0,0.0,7906.272501294064,7798.927498705937,7959.945002588127,7745.254997411874,DEC26,OCT26,2026-10-08,2026-12-18,7852.6,7825.767905144304,FOUND,DEGRADED,SPOT_MONTH_FALLBACK;UNKNOWN_SERIES;ESTIMATED_EXPIRY_ALIAS,2026-08-02.2,PUT_CALL_PARITY,OCT26,OCT26=PUT_CALL_PARITY;NOV26=PUT_CALL_PARITY;FEB27=PUT_CALL_PARITY;MAR27=PUT_CALL_PARITY;DEC26=PUT_CALL_PARITY;JAN27=PUT_CALL_PARITY;APR27=PUT_CALL_PARITY;MAY27=PUT_CALL_PARITY;JUL27=PUT_CALL_PARITY;JUN27=PUT_CALL_PARITY;DEC29=PUT_CALL_PARITY;OCT27=PUT_CALL_PARITY;SEP27=PUT_CALL_PARITY;AUG27=PUT_CALL_PARITY;MAR28=PUT_CALL_PARITY;DEC27=PUT_CALL_PARITY;DEC28=PUT_CALL_PARITY;SEP28=PUT_CALL_PARITY;DEC30=PUT_CALL_PARITY;JUN28=PUT_CALL_PARITY,OCT26=7852.6;NOV26=7852;FEB27=7923.875;MAR27=7994;DEC26=7923.25;JAN27=7924.5;APR27=8008.375;MAY27=8011.875;JUL27=8099.625;JUN27=8066.75;DEC29=8852.375;SEP27=8159.875;AUG27=8105.75;MAR28=8279;DEC27=8177.5;DEC28=8506.75;SEP28=6112.0875;DEC30=9361.5;JUN28=8372.5,OCT27=GLOBAL_REFERENCE_NO_OBSERVATION;SEP28=GLOBAL_REFERENCE_OUTLIER_SERIES_FORWARD_CLUSTER,WEIGHTED_ATM,2026-10-16,6,685,0.0,NONE,11274,10812,462,0,0,RTM,MDW;MMW;MRW;MTW,OK,NONE,NONE,2026-10-07
SPX,7815.0,-68017880.06295423,285.00103418248494,0.0,0.0,0.0,0.0,0.0,0.0,7906.272501294064,7798.927498705937,7959.945002588127,7745.254997411874,DEC26,OCT26,2026-10-08,2026-12-18,7852.6,7825.767905144304,FOUND,DEGRADED,SPOT_MONTH_FALLBACK;UNKNOWN_SERIES;ESTIMATED_EXPIRY_ALIAS,2026-08-02.2,PUT_CALL_PARITY,OCT26,OCT26=PUT_CALL_PARITY;NOV26=PUT_CALL_PARITY;FEB27=PUT_CALL_PARITY;MAR27=PUT_CALL_PARITY;DEC26=PUT_CALL_PARITY;JAN27=PUT_CALL_PARITY;APR27=PUT_CALL_PARITY;MAY27=PUT_CALL_PARITY;JUL27=PUT_CALL_PARITY;JUN27=PUT_CALL_PARITY;DEC29=PUT_CALL_PARITY;OCT27=PUT_CALL_PARITY;SEP27=PUT_CALL_PARITY;AUG27=PUT_CALL_PARITY;MAR28=PUT_CALL_PARITY;DEC27=PUT_CALL_PARITY;DEC28=PUT_CALL_PARITY;SEP28=PUT_CALL_PARITY;DEC30=PUT_CALL_PARITY;JUN28=PUT_CALL_PARITY,OCT26=7852.6;NOV26=7852;FEB27=7923.875;MAR27=7994;DEC26=7923.25;JAN27=7924.5;APR27=8008.375;MAY27=8011.875;JUL27=8099.625;JUN27=8066.75;DEC29=8852.375;SEP27=8159.875;AUG27=8105.75;MAR28=8279;DEC27=8177.5;DEC28=8506.75;SEP28=6112.0875;DEC30=9361.5;JUN28=8372.5,OCT27=GLOBAL_REFERENCE_NO_OBSERVATION;SEP28=GLOBAL_REFERENCE_OUTLIER_SERIES_FORWARD_CLUSTER,WEIGHTED_ATM,2026-10-16,6,685,0.0,NONE,11274,10812,462,0,0,RTM,MDW;MMW;MRW;MTW,OK,NONE,NONE,2026-10-07
SPX,7820.0,-110546292.42462489,1212.5411351980406,0.0,0.0,0.0,0.0,0.0,0.0,7906.272501294064,7798.927498705937,7959.945002588127,7745.254997411874,DEC26,OCT26,2026-10-08,2026-12-18,7852.6,7825.767905144304,FOUND,DEGRADED,SPOT_MONTH_FALLBACK;UNKNOWN_SERIES;ESTIMATED_EXPIRY_ALIAS,2026-08-02.2,PUT_CALL_PARITY,OCT26,OCT26=PUT_CALL_PARITY;NOV26=PUT_CALL_PARITY;FEB27=PUT_CALL_PARITY;MAR27=PUT_CALL_PARITY;DEC26=PUT_CALL_PARITY;JAN27=PUT_CALL_PARITY;APR27=PUT_CALL_PARITY;MAY27=PUT_CALL_PARITY;JUL27=PUT_CALL_PARITY;JUN27=PUT_CALL_PARITY;DEC29=PUT_CALL_PARITY;OCT27=PUT_CALL_PARITY;SEP27=PUT_CALL_PARITY;AUG27=PUT_CALL_PARITY;MAR28=PUT_CALL_PARITY;DEC27=PUT_CALL_PARITY;DEC28=PUT_CALL_PARITY;SEP28=PUT_CALL_PARITY;DEC30=PUT_CALL_PARITY;JUN28=PUT_CALL_PARITY,OCT26=7852.6;NOV26=7852;FEB27=7923.875;MAR27=7994;DEC26=7923.25;JAN27=7924.5;APR27=8008.375;MAY27=8011.875;JUL27=8099.625;JUN27=8066.75;DEC29=8852.375;SEP27=8159.875;AUG27=8105.75;MAR28=8279;DEC27=8177.5;DEC28=8506.75;SEP28=6112.0875;DEC30=9361.5;JUN28=8372.5,OCT27=GLOBAL_REFERENCE_NO_OBSERVATION;SEP28=GLOBAL_REFERENCE_OUTLIER_SERIES_FORWARD_CLUSTER,WEIGHTED_ATM,2026-10-16,6,685,0.0,NONE,11274,10812,462,0,0,RTM,MDW;MMW;MRW;MTW,OK,NONE,NONE,2026-10-07
SPX,7825.0,54740313.87521234,1906.4188788279937,0.0,0.0,0.0,0.0,0.0,0.0,7906.272501294064,7798.927498705937,7959.945002588127,7745.254997411874,DEC26,OCT26,2026-10-08,2026-12-18,7852.6,7825.767905144304,FOUND,DEGRADED,SPOT_MONTH_FALLBACK;UNKNOWN_SERIES;ESTIMATED_EXPIRY_ALIAS,2026-08-02.2,PUT_CALL_PARITY,OCT26,OCT26=PUT_CALL_PARITY;NOV26=PUT_CALL_PARITY;FEB27=PUT_CALL_PARITY;MAR27=PUT_CALL_PARITY;DEC26=PUT_CALL_PARITY;JAN27=PUT_CALL_PARITY;APR27=PUT_CALL_PARITY;MAY27=PUT_CALL_PARITY;JUL27=PUT_CALL_PARITY;JUN27=PUT_CALL_PARITY;DEC29=PUT_CALL_PARITY;OCT27=PUT_CALL_PARITY;SEP27=PUT_CALL_PARITY;AUG27=PUT_CALL_PARITY;MAR28=PUT_CALL_PARITY;DEC27=PUT_CALL_PARITY;DEC28=PUT_CALL_PARITY;SEP28=PUT_CALL_PARITY;DEC30=PUT_CALL_PARITY;JUN28=PUT_CALL_PARITY,OCT26=7852.6;NOV26=7852;FEB27=7923.875;MAR27=7994;DEC26=7923.25;JAN27=7924.5;APR27=8008.375;MAY27=8011.875;JUL27=8099.625;JUN27=8066.75;DEC29=8852.375;SEP27=8159.875;AUG27=8105.75;MAR28=8279;DEC27=8177.5;DEC28=8506.75;SEP28=6112.0875;DEC30=9361.5;JUN28=8372.5,OCT27=GLOBAL_REFERENCE_NO_OBSERVATION;SEP28=GLOBAL_REFERENCE_OUTLIER_SERIES_FORWARD_CLUSTER,WEIGHTED_ATM,2026-10-16,6,685,0.0,NONE,11274,10812,462,0,0,RTM,MDW;MMW;MRW;MTW,OK,NONE,NONE,2026-10-07
SPX,7830.0,-312509601.13579035,1469.7107682390047,0.0,0.0,0.0,0.0,0.0,0.0,7906.272501294064,7798.927498705937,7959.945002588127,7745.254997411874,DEC26,OCT26,2026-10-08,2026-12-18,7852.6,7825.767905144304,FOUND,DEGRADED,SPOT_MONTH_FALLBACK;UNKNOWN_SERIES;ESTIMATED_EXPIRY_ALIAS,2026-08-02.2,PUT_CALL_PARITY,OCT26,OCT26=PUT_CALL_PARITY;NOV26=PUT_CALL_PARITY;FEB27=PUT_CALL_PARITY;MAR27=PUT_CALL_PARITY;DEC26=PUT_CALL_PARITY;JAN27=PUT_CALL_PARITY;APR27=PUT_CALL_PARITY;MAY27=PUT_CALL_PARITY;JUL27=PUT_CALL_PARITY;JUN27=PUT_CALL_PARITY;DEC29=PUT_CALL_PARITY;OCT27=PUT_CALL_PARITY;SEP27=PUT_CALL_PARITY;AUG27=PUT_CALL_PARITY;MAR28=PUT_CALL_PARITY;DEC27=PUT_CALL_PARITY;DEC28=PUT_CALL_PARITY;SEP28=PUT_CALL_PARITY;DEC30=PUT_CALL_PARITY;JUN28=PUT_CALL_PARITY,OCT26=7852.6;NOV26=7852;FEB27=7923.875;MAR27=7994;DEC26=7923.25;JAN27=7924.5;APR27=8008.375;MAY27=8011.875;JUL27=8099.625;JUN27=8066.75;DEC29=8852.375;SEP27=8159.875;AUG27=8105.75;MAR28=8279;DEC27=8177.5;DEC28=8506.75;SEP28=6112.0875;DEC30=9361.5;JUN28=8372.5,OCT27=GLOBAL_REFERENCE_NO_OBSERVATION;SEP28=GLOBAL_REFERENCE_OUTLIER_SERIES_FORWARD_CLUSTER,WEIGHTED_ATM,2026-10-16,6,685,0.0,NONE,11274,10812,462,0,0,RTM,MDW;MMW;MRW;MTW,OK,NONE,NONE,2026-10-07
SPX,7835.0,-102149895.44044098,663.2200926347481,0.0,0.0,0.0,0.0,0.0,0.0,7906.272501294064,7798.927498705937,7959.945002588127,7745.254997411874,DEC26,OCT26,2026-10-08,2026-12-18,7852.6,7825.767905144304,FOUND,DEGRADED,SPOT_MONTH_FALLBACK;UNKNOWN_SERIES;ESTIMATED_EXPIRY_ALIAS,2026-08-02.2,PUT_CALL_PARITY,OCT26,OCT26=PUT_CALL_PARITY;NOV26=PUT_CALL_PARITY;FEB27=PUT_CALL_PARITY;MAR27=PUT_CALL_PARITY;DEC26=PUT_CALL_PARITY;JAN27=PUT_CALL_PARITY;APR27=PUT_CALL_PARITY;MAY27=PUT_CALL_PARITY;JUL27=PUT_CALL_PARITY;JUN27=PUT_CALL_PARITY;DEC29=PUT_CALL_PARITY;OCT27=PUT_CALL_PARITY;SEP27=PUT_CALL_PARITY;AUG27=PUT_CALL_PARITY;MAR28=PUT_CALL_PARITY;DEC27=PUT_CALL_PARITY;DEC28=PUT_CALL_PARITY;SEP28=PUT_CALL_PARITY;DEC30=PUT_CALL_PARITY;JUN28=PUT_CALL_PARITY,OCT26=7852.6;NOV26=7852;FEB27=7923.875;MAR27=7994;DEC26=7923.25;JAN27=7924.5;APR27=8008.375;MAY27=8011.875;JUL27=8099.625;JUN27=8066.75;DEC29=8852.375;SEP27=8159.875;AUG27=8105.75;MAR28=8279;DEC27=8177.5;DEC28=8506.75;SEP28=6112.0875;DEC30=9361.5;JUN28=8372.5,OCT27=GLOBAL_REFERENCE_NO_OBSERVATION;SEP28=GLOBAL_REFERENCE_OUTLIER_SERIES_FORWARD_CLUSTER,WEIGHTED_ATM,2026-10-16,6,685,0.0,NONE,11274,10812,462,0,0,RTM,MDW;MMW;MRW;MTW,OK,NONE,NONE,2026-10-07
SPX,7840.0,128629960.3512911,1804.6175726137528,0.0,0.0,0.0,0.0,0.0,0.0,7906.272501294064,7798.927498705937,7959.945002588127,7745.254997411874,DEC26,OCT26,2026-10-08,2026-12-18,7852.6,7825.767905144304,FOUND,DEGRADED,SPOT_MONTH_FALLBACK;UNKNOWN_SERIES;ESTIMATED_EXPIRY_ALIAS,2026-08-02.2,PUT_CALL_PARITY,OCT26,OCT26=PUT_CALL_PARITY;NOV26=PUT_CALL_PARITY;FEB27=PUT_CALL_PARITY;MAR27=PUT_CALL_PARITY;DEC26=PUT_CALL_PARITY;JAN27=PUT_CALL_PARITY;APR27=PUT_CALL_PARITY;MAY27=PUT_CALL_PARITY;JUL27=PUT_CALL_PARITY;JUN27=PUT_CALL_PARITY;DEC29=PUT_CALL_PARITY;OCT27=PUT_CALL_PARITY;SEP27=PUT_CALL_PARITY;AUG27=PUT_CALL_PARITY;MAR28=PUT_CALL_PARITY;DEC27=PUT_CALL_PARITY;DEC28=PUT_CALL_PARITY;SEP28=PUT_CALL_PARITY;DEC30=PUT_CALL_PARITY;JUN28=PUT_CALL_PARITY,OCT26=7852.6;NOV26=7852;FEB27=7923.875;MAR27=7994;DEC26=7923.25;JAN27=7924.5;APR27=8008.375;MAY27=8011.875;JUL27=8099.625;JUN27=8066.75;DEC29=8852.375;SEP27=8159.875;AUG27=8105.75;MAR28=8279;DEC27=8177.5;DEC28=8506.75;SEP28=6112.0875;DEC30=9361.5;JUN28=8372.5,OCT27=GLOBAL_REFERENCE_NO_OBSERVATION;SEP28=GLOBAL_REFERENCE_OUTLIER_SERIES_FORWARD_CLUSTER,WEIGHTED_ATM,2026-10-16,6,685,0.0,NONE,11274,10812,462,0,0,RTM,MDW;MMW;MRW;MTW,OK,NONE,NONE,2026-10-07
SPX,7845.0,244255213.16049638,936.7877988728003,0.0,0.0,0.0,0.0,0.0,0.0,7906.272501294064,7798.927498705937,7959.945002588127,7745.254997411874,DEC26,OCT26,2026-10-08,2026-12-18,7852.6,7825.767905144304,FOUND,DEGRADED,SPOT_MONTH_FALLBACK;UNKNOWN_SERIES;ESTIMATED_EXPIRY_ALIAS,2026-08-02.2,PUT_CALL_PARITY,OCT26,OCT26=PUT_CALL_PARITY;NOV26=PUT_CALL_PARITY;FEB27=PUT_CALL_PARITY;MAR27=PUT_CALL_PARITY;DEC26=PUT_CALL_PARITY;JAN27=PUT_CALL_PARITY;APR27=PUT_CALL_PARITY;MAY27=PUT_CALL_PARITY;JUL27=PUT_CALL_PARITY;JUN27=PUT_CALL_PARITY;DEC29=PUT_CALL_PARITY;OCT27=PUT_CALL_PARITY;SEP27=PUT_CALL_PARITY;AUG27=PUT_CALL_PARITY;MAR28=PUT_CALL_PARITY;DEC27=PUT_CALL_PARITY;DEC28=PUT_CALL_PARITY;SEP28=PUT_CALL_PARITY;DEC30=PUT_CALL_PARITY;JUN28=PUT_CALL_PARITY,OCT26=7852.6;NOV26=7852;FEB27=7923.875;MAR27=7994;DEC26=7923.25;JAN27=7924.5;APR27=8008.375;MAY27=8011.875;JUL27=8099.625;JUN27=8066.75;DEC29=8852.375;SEP27=8159.875;AUG27=8105.75;MAR28=8279;DEC27=8177.5;DEC28=8506.75;SEP28=6112.0875;DEC30=9361.5;JUN28=8372.5,OCT27=GLOBAL_REFERENCE_NO_OBSERVATION;SEP28=GLOBAL_REFERENCE_OUTLIER_SERIES_FORWARD_CLUSTER,WEIGHTED_ATM,2026-10-16,6,685,0.0,NONE,11274,10812,462,0,0,RTM,MDW;MMW;MRW;MTW,OK,NONE,NONE,2026-10-07
SPX,7850.0,3255149103.815729,9285.348055354334,0.0,0.0,15.4,916.0,0.0,0.0,7906.272501294064,7798.927498705937,7959.945002588127,7745.254997411874,DEC26,OCT26,2026-10-08,2026-12-18,7852.6,7825.767905144304,FOUND,DEGRADED,SPOT_MONTH_FALLBACK;UNKNOWN_SERIES;ESTIMATED_EXPIRY_ALIAS,2026-08-02.2,PUT_CALL_PARITY,OCT26,OCT26=PUT_CALL_PARITY;NOV26=PUT_CALL_PARITY;FEB27=PUT_CALL_PARITY;MAR27=PUT_CALL_PARITY;DEC26=PUT_CALL_PARITY;JAN27=PUT_CALL_PARITY;APR27=PUT_CALL_PARITY;MAY27=PUT_CALL_PARITY;JUL27=PUT_CALL_PARITY;JUN27=PUT_CALL_PARITY;DEC29=PUT_CALL_PARITY;OCT27=PUT_CALL_PARITY;SEP27=PUT_CALL_PARITY;AUG27=PUT_CALL_PARITY;MAR28=PUT_CALL_PARITY;DEC27=PUT_CALL_PARITY;DEC28=PUT_CALL_PARITY;SEP28=PUT_CALL_PARITY;DEC30=PUT_CALL_PARITY;JUN28=PUT_CALL_PARITY,OCT26=7852.6;NOV26=7852;FEB27=7923.875;MAR27=7994;DEC26=7923.25;JAN27=7924.5;APR27=8008.375;MAY27=8011.875;JUL27=8099.625;JUN27=8066.75;DEC29=8852.375;SEP27=8159.875;AUG27=8105.75;MAR28=8279;DEC27=8177.5;DEC28=8506.75;SEP28=6112.0875;DEC30=9361.5;JUN28=8372.5,OCT27=GLOBAL_REFERENCE_NO_OBSERVATION;SEP28=GLOBAL_REFERENCE_OUTLIER_SERIES_FORWARD_CLUSTER,WEIGHTED_ATM,2026-10-16,6,685,0.0,NONE,11274,10812,462,0,0,RTM,MDW;MMW;MRW;MTW,OK,NONE,NONE,2026-10-07
SPX,7855.0,-34948827.35036067,446.3559470383252,15.4,198.0,0.0,0.0,0.0,0.0,7906.272501294064,7798.927498705937,7959.945002588127,7745.254997411874,DEC26,OCT26,2026-10-08,2026-12-18,7852.6,7825.767905144304,FOUND,DEGRADED,SPOT_MONTH_FALLBACK;UNKNOWN_SERIES;ESTIMATED_EXPIRY_ALIAS,2026-08-02.2,PUT_CALL_PARITY,OCT26,OCT26=PUT_CALL_PARITY;NOV26=PUT_CALL_PARITY;FEB27=PUT_CALL_PARITY;MAR27=PUT_CALL_PARITY;DEC26=PUT_CALL_PARITY;JAN27=PUT_CALL_PARITY;APR27=PUT_CALL_PARITY;MAY27=PUT_CALL_PARITY;JUL27=PUT_CALL_PARITY;JUN27=PUT_CALL_PARITY;DEC29=PUT_CALL_PARITY;OCT27=PUT_CALL_PARITY;SEP27=PUT_CALL_PARITY;AUG27=PUT_CALL_PARITY;MAR28=PUT_CALL_PARITY;DEC27=PUT_CALL_PARITY;DEC28=PUT_CALL_PARITY;SEP28=PUT_CALL_PARITY;DEC30=PUT_CALL_PARITY;JUN28=PUT_CALL_PARITY,OCT26=7852.6;NOV26=7852;FEB27=7923.875;MAR27=7994;DEC26=7923.25;JAN27=7924.5;APR27=8008.375;MAY27=8011.875;JUL27=8099.625;JUN27=8066.75;DEC29=8852.375;SEP27=8159.875;AUG27=8105.75;MAR28=8279;DEC27=8177.5;DEC28=8506.75;SEP28=6112.0875;DEC30=9361.5;JUN28=8372.5,OCT27=GLOBAL_REFERENCE_NO_OBSERVATION;SEP28=GLOBAL_REFERENCE_OUTLIER_SERIES_FORWARD_CLUSTER,WEIGHTED_ATM,2026-10-16,6,685,0.0,NONE,11274,10812,462,0,0,RTM,MDW;MMW;MRW;MTW,OK,NONE,NONE,2026-10-07
SPX,7860.0,999963472.5550662,2304.4972345535784,0.0,0.0,0.0,0.0,0.0,0.0,7906.272501294064,7798.927498705937,7959.945002588127,7745.254997411874,DEC26,OCT26,2026-10-08,2026-12-18,7852.6,7825.767905144304,FOUND,DEGRADED,SPOT_MONTH_FALLBACK;UNKNOWN_SERIES;ESTIMATED_EXPIRY_ALIAS,2026-08-02.2,PUT_CALL_PARITY,OCT26,OCT26=PUT_CALL_PARITY;NOV26=PUT_CALL_PARITY;FEB27=PUT_CALL_PARITY;MAR27=PUT_CALL_PARITY;DEC26=PUT_CALL_PARITY;JAN27=PUT_CALL_PARITY;APR27=PUT_CALL_PARITY;MAY27=PUT_CALL_PARITY;JUL27=PUT_CALL_PARITY;JUN27=PUT_CALL_PARITY;DEC29=PUT_CALL_PARITY;OCT27=PUT_CALL_PARITY;SEP27=PUT_CALL_PARITY;AUG27=PUT_CALL_PARITY;MAR28=PUT_CALL_PARITY;DEC27=PUT_CALL_PARITY;DEC28=PUT_CALL_PARITY;SEP28=PUT_CALL_PARITY;DEC30=PUT_CALL_PARITY;JUN28=PUT_CALL_PARITY,OCT26=7852.6;NOV26=7852;FEB27=7923.875;MAR27=7994;DEC26=7923.25;JAN27=7924.5;APR27=8008.375;MAY27=8011.875;JUL27=8099.625;JUN27=8066.75;DEC29=8852.375;SEP27=8159.875;AUG27=8105.75;MAR28=8279;DEC27=8177.5;DEC28=8506.75;SEP28=6112.0875;DEC30=9361.5;JUN28=8372.5,OCT27=GLOBAL_REFERENCE_NO_OBSERVATION;SEP28=GLOBAL_REFERENCE_OUTLIER_SERIES_FORWARD_CLUSTER,WEIGHTED_ATM,2026-10-16,6,685,0.0,NONE,11274,10812,462,0,0,RTM,MDW;MMW;MRW;MTW,OK,NONE,NONE,2026-10-07
SPX,7865.0,116468910.28016871,539.8275168292809,0.0,0.0,0.0,0.0,0.0,0.0,7906.272501294064,7798.927498705937,7959.945002588127,7745.254997411874,DEC26,OCT26,2026-10-08,2026-12-18,7852.6,7825.767905144304,FOUND,DEGRADED,SPOT_MONTH_FALLBACK;UNKNOWN_SERIES;ESTIMATED_EXPIRY_ALIAS,2026-08-02.2,PUT_CALL_PARITY,OCT26,OCT26=PUT_CALL_PARITY;NOV26=PUT_CALL_PARITY;FEB27=PUT_CALL_PARITY;MAR27=PUT_CALL_PARITY;DEC26=PUT_CALL_PARITY;JAN27=PUT_CALL_PARITY;APR27=PUT_CALL_PARITY;MAY27=PUT_CALL_PARITY;JUL27=PUT_CALL_PARITY;JUN27=PUT_CALL_PARITY;DEC29=PUT_CALL_PARITY;OCT27=PUT_CALL_PARITY;SEP27=PUT_CALL_PARITY;AUG27=PUT_CALL_PARITY;MAR28=PUT_CALL_PARITY;DEC27=PUT_CALL_PARITY;DEC28=PUT_CALL_PARITY;SEP28=PUT_CALL_PARITY;DEC30=PUT_CALL_PARITY;JUN28=PUT_CALL_PARITY,OCT26=7852.6;NOV26=7852;FEB27=7923.875;MAR27=7994;DEC26=7923.25;JAN27=7924.5;APR27=8008.375;MAY27=8011.875;JUL27=8099.625;JUN27=8066.75;DEC29=8852.375;SEP27=8159.875;AUG27=8105.75;MAR28=8279;DEC27=8177.5;DEC28=8506.75;SEP28=6112.0875;DEC30=9361.5;JUN28=8372.5,OCT27=GLOBAL_REFERENCE_NO_OBSERVATION;SEP28=GLOBAL_REFERENCE_OUTLIER_SERIES_FORWARD_CLUSTER,WEIGHTED_ATM,2026-10-16,6,685,0.0,NONE,11274,10812,462,0,0,RTM,MDW;MMW;MRW;MTW,OK,NONE,NONE,2026-10-07
SPX,7870.0,420576424.8468109,1215.6830149566308,0.0,0.0,0.0,0.0,0.0,0.0,7906.272501294064,7798.927498705937,7959.945002588127,7745.254997411874,DEC26,OCT26,2026-10-08,2026-12-18,7852.6,7825.767905144304,FOUND,DEGRADED,SPOT_MONTH_FALLBACK;UNKNOWN_SERIES;ESTIMATED_EXPIRY_ALIAS,2026-08-02.2,PUT_CALL_PARITY,OCT26,OCT26=PUT_CALL_PARITY;NOV26=PUT_CALL_PARITY;FEB27=PUT_CALL_PARITY;MAR27=PUT_CALL_PARITY;DEC26=PUT_CALL_PARITY;JAN27=PUT_CALL_PARITY;APR27=PUT_CALL_PARITY;MAY27=PUT_CALL_PARITY;JUL27=PUT_CALL_PARITY;JUN27=PUT_CALL_PARITY;DEC29=PUT_CALL_PARITY;OCT27=PUT_CALL_PARITY;SEP27=PUT_CALL_PARITY;AUG27=PUT_CALL_PARITY;MAR28=PUT_CALL_PARITY;DEC27=PUT_CALL_PARITY;DEC28=PUT_CALL_PARITY;SEP28=PUT_CALL_PARITY;DEC30=PUT_CALL_PARITY;JUN28=PUT_CALL_PARITY,OCT26=7852.6;NOV26=7852;FEB27=7923.875;MAR27=7994;DEC26=7923.25;JAN27=7924.5;APR27=8008.375;MAY27=8011.875;JUL27=8099.625;JUN27=8066.75;DEC29=8852.375;SEP27=8159.875;AUG27=8105.75;MAR28=8279;DEC27=8177.5;DEC28=8506.75;SEP28=6112.0875;DEC30=9361.5;JUN28=8372.5,OCT27=GLOBAL_REFERENCE_NO_OBSERVATION;SEP28=GLOBAL_REFERENCE_OUTLIER_SERIES_FORWARD_CLUSTER,WEIGHTED_ATM,2026-10-16,6,685,0.0,NONE,11274,10812,462,0,0,RTM,MDW;MMW;MRW;MTW,OK,NONE,NONE,2026-10-07
SPX,7875.0,829180920.994437,2252.04621946839,0.0,0.0,0.0,0.0,0.0,0.0,7906.272501294064,7798.927498705937,7959.945002588127,7745.254997411874,DEC26,OCT26,2026-10-08,2026-12-18,7852.6,7825.767905144304,FOUND,DEGRADED,SPOT_MONTH_FALLBACK;UNKNOWN_SERIES;ESTIMATED_EXPIRY_ALIAS,2026-08-02.2,PUT_CALL_PARITY,OCT26,OCT26=PUT_CALL_PARITY;NOV26=PUT_CALL_PARITY;FEB27=PUT_CALL_PARITY;MAR27=PUT_CALL_PARITY;DEC26=PUT_CALL_PARITY;JAN27=PUT_CALL_PARITY;APR27=PUT_CALL_PARITY;MAY27=PUT_CALL_PARITY;JUL27=PUT_CALL_PARITY;JUN27=PUT_CALL_PARITY;DEC29=PUT_CALL_PARITY;OCT27=PUT_CALL_PARITY;SEP27=PUT_CALL_PARITY;AUG27=PUT_CALL_PARITY;MAR28=PUT_CALL_PARITY;DEC27=PUT_CALL_PARITY;DEC28=PUT_CALL_PARITY;SEP28=PUT_CALL_PARITY;DEC30=PUT_CALL_PARITY;JUN28=PUT_CALL_PARITY,OCT26=7852.6;NOV26=7852;FEB27=7923.875;MAR27=7994;DEC26=7923.25;JAN27=7924.5;APR27=8008.375;MAY27=8011.875;JUL27=8099.625;JUN27=8066.75;DEC29=8852.375;SEP27=8159.875;AUG27=8105.75;MAR28=8279;DEC27=8177.5;DEC28=8506.75;SEP28=6112.0875;DEC30=9361.5;JUN28=8372.5,OCT27=GLOBAL_REFERENCE_NO_OBSERVATION;SEP28=GLOBAL_REFERENCE_OUTLIER_SERIES_FORWARD_CLUSTER,WEIGHTED_ATM,2026-10-16,6,685,0.0,NONE,11274,10812,462,0,0,RTM,MDW;MMW;MRW;MTW,OK,NONE,NONE,2026-10-07
SPX,7880.0,362511647.7227707,1015.1999306205305,0.0,0.0,0.0,0.0,0.0,0.0,7906.272501294064,7798.927498705937,7959.945002588127,7745.254997411874,DEC26,OCT26,2026-10-08,2026-12-18,7852.6,7825.767905144304,FOUND,DEGRADED,SPOT_MONTH_FALLBACK;UNKNOWN_SERIES;ESTIMATED_EXPIRY_ALIAS,2026-08-02.2,PUT_CALL_PARITY,OCT26,OCT26=PUT_CALL_PARITY;NOV26=PUT_CALL_PARITY;FEB27=PUT_CALL_PARITY;MAR27=PUT_CALL_PARITY;DEC26=PUT_CALL_PARITY;JAN27=PUT_CALL_PARITY;APR27=PUT_CALL_PARITY;MAY27=PUT_CALL_PARITY;JUL27=PUT_CALL_PARITY;JUN27=PUT_CALL_PARITY;DEC29=PUT_CALL_PARITY;OCT27=PUT_CALL_PARITY;SEP27=PUT_CALL_PARITY;AUG27=PUT_CALL_PARITY;MAR28=PUT_CALL_PARITY;DEC27=PUT_CALL_PARITY;DEC28=PUT_CALL_PARITY;SEP28=PUT_CALL_PARITY;DEC30=PUT_CALL_PARITY;JUN28=PUT_CALL_PARITY,OCT26=7852.6;NOV26=7852;FEB27=7923.875;MAR27=7994;DEC26=7923.25;JAN27=7924.5;APR27=8008.375;MAY27=8011.875;JUL27=8099.625;JUN27=8066.75;DEC29=8852.375;SEP27=8159.875;AUG27=8105.75;MAR28=8279;DEC27=8177.5;DEC28=8506.75;SEP28=6112.0875;DEC30=9361.5;JUN28=8372.5,OCT27=GLOBAL_REFERENCE_NO_OBSERVATION;SEP28=GLOBAL_REFERENCE_OUTLIER_SERIES_FORWARD_CLUSTER,WEIGHTED_ATM,2026-10-16,6,685,0.0,NONE,11274,10812,462,0,0,RTM,MDW;MMW;MRW;MTW,OK,NONE,NONE,2026-10-07
SPX,7885.0,193037278.33596385,453.61681650044414,0.0,0.0,0.0,0.0,0.0,0.0,7906.272501294064,7798.927498705937,7959.945002588127,7745.254997411874,DEC26,OCT26,2026-10-08,2026-12-18,7852.6,7825.767905144304,FOUND,DEGRADED,SPOT_MONTH_FALLBACK;UNKNOWN_SERIES;ESTIMATED_EXPIRY_ALIAS,2026-08-02.2,PUT_CALL_PARITY,OCT26,OCT26=PUT_CALL_PARITY;NOV26=PUT_CALL_PARITY;FEB27=PUT_CALL_PARITY;MAR27=PUT_CALL_PARITY;DEC26=PUT_CALL_PARITY;JAN27=PUT_CALL_PARITY;APR27=PUT_CALL_PARITY;MAY27=PUT_CALL_PARITY;JUL27=PUT_CALL_PARITY;JUN27=PUT_CALL_PARITY;DEC29=PUT_CALL_PARITY;OCT27=PUT_CALL_PARITY;SEP27=PUT_CALL_PARITY;AUG27=PUT_CALL_PARITY;MAR28=PUT_CALL_PARITY;DEC27=PUT_CALL_PARITY;DEC28=PUT_CALL_PARITY;SEP28=PUT_CALL_PARITY;DEC30=PUT_CALL_PARITY;JUN28=PUT_CALL_PARITY,OCT26=7852.6;NOV26=7852;FEB27=7923.875;MAR27=7994;DEC26=7923.25;JAN27=7924.5;APR27=8008.375;MAY27=8011.875;JUL27=8099.625;JUN27=8066.75;DEC29=8852.375;SEP27=8159.875;AUG27=8105.75;MAR28=8279;DEC27=8177.5;DEC28=8506.75;SEP28=6112.0875;DEC30=9361.5;JUN28=8372.5,OCT27=GLOBAL_REFERENCE_NO_OBSERVATION;SEP28=GLOBAL_REFERENCE_OUTLIER_SERIES_FORWARD_CLUSTER,WEIGHTED_ATM,2026-10-16,6,685,0.0,NONE,11274,10812,462,0,0,RTM,MDW;MMW;MRW;MTW,OK,NONE,NONE,2026-10-07
SPX,7890.0,362374100.424297,739.3235971431433,0.0,0.0,0.0,0.0,0.0,0.0,7906.272501294064,7798.927498705937,7959.945002588127,7745.254997411874,DEC26,OCT26,2026-10-08,2026-12-18,7852.6,7825.767905144304,FOUND,DEGRADED,SPOT_MONTH_FALLBACK;UNKNOWN_SERIES;ESTIMATED_EXPIRY_ALIAS,2026-08-02.2,PUT_CALL_PARITY,OCT26,OCT26=PUT_CALL_PARITY;NOV26=PUT_CALL_PARITY;FEB27=PUT_CALL_PARITY;MAR27=PUT_CALL_PARITY;DEC26=PUT_CALL_PARITY;JAN27=PUT_CALL_PARITY;APR27=PUT_CALL_PARITY;MAY27=PUT_CALL_PARITY;JUL27=PUT_CALL_PARITY;JUN27=PUT_CALL_PARITY;DEC29=PUT_CALL_PARITY;OCT27=PUT_CALL_PARITY;SEP27=PUT_CALL_PARITY;AUG27=PUT_CALL_PARITY;MAR28=PUT_CALL_PARITY;DEC27=PUT_CALL_PARITY;DEC28=PUT_CALL_PARITY;SEP28=PUT_CALL_PARITY;DEC30=PUT_CALL_PARITY;JUN28=PUT_CALL_PARITY,OCT26=7852.6;NOV26=7852;FEB27=7923.875;MAR27=7994;DEC26=7923.25;JAN27=7924.5;APR27=8008.375;MAY27=8011.875;JUL27=8099.625;JUN27=8066.75;DEC29=8852.375;SEP27=8159.875;AUG27=8105.75;MAR28=8279;DEC27=8177.5;DEC28=8506.75;SEP28=6112.0875;DEC30=9361.5;JUN28=8372.5,OCT27=GLOBAL_REFERENCE_NO_OBSERVATION;SEP28=GLOBAL_REFERENCE_OUTLIER_SERIES_FORWARD_CLUSTER,WEIGHTED_ATM,2026-10-16,6,685,0.0,NONE,11274,10812,462,0,0,RTM,MDW;MMW;MRW;MTW,OK,NONE,NONE,2026-10-07
SPX,7895.0,115623538.41519648,260.96715724184315,0.0,0.0,0.0,0.0,0.0,0.0,7906.272501294064,7798.927498705937,7959.945002588127,7745.254997411874,DEC26,OCT26,2026-10-08,2026-12-18,7852.6,7825.767905144304,FOUND,DEGRADED,SPOT_MONTH_FALLBACK;UNKNOWN_SERIES;ESTIMATED_EXPIRY_ALIAS,2026-08-02.2,PUT_CALL_PARITY,OCT26,OCT26=PUT_CALL_PARITY;NOV26=PUT_CALL_PARITY;FEB27=PUT_CALL_PARITY;MAR27=PUT_CALL_PARITY;DEC26=PUT_CALL_PARITY;JAN27=PUT_CALL_PARITY;APR27=PUT_CALL_PARITY;MAY27=PUT_CALL_PARITY;JUL27=PUT_CALL_PARITY;JUN27=PUT_CALL_PARITY;DEC29=PUT_CALL_PARITY;OCT27=PUT_CALL_PARITY;SEP27=PUT_CALL_PARITY;AUG27=PUT_CALL_PARITY;MAR28=PUT_CALL_PARITY;DEC27=PUT_CALL_PARITY;DEC28=PUT_CALL_PARITY;SEP28=PUT_CALL_PARITY;DEC30=PUT_CALL_PARITY;JUN28=PUT_CALL_PARITY,OCT26=7852.6;NOV26=7852;FEB27=7923.875;MAR27=7994;DEC26=7923.25;JAN27=7924.5;APR27=8008.375;MAY27=8011.875;JUL27=8099.625;JUN27=8066.75;DEC29=8852.375;SEP27=8159.875;AUG27=8105.75;MAR28=8279;DEC27=8177.5;DEC28=8506.75;SEP28=6112.0875;DEC30=9361.5;JUN28=8372.5,OCT27=GLOBAL_REFERENCE_NO_OBSERVATION;SEP28=GLOBAL_REFERENCE_OUTLIER_SERIES_FORWARD_CLUSTER,WEIGHTED_ATM,2026-10-16,6,685,0.0,NONE,11274,10812,462,0,0,RTM,MDW;MMW;MRW;MTW,OK,NONE,NONE,2026-10-07
SPX,7900.0,1498285682.5337636,3748.990942645787,0.0,0.0,0.0,0.0,0.0,0.0,7906.272501294064,7798.927498705937,7959.945002588127,7745.254997411874,DEC26,OCT26,2026-10-08,2026-12-18,7852.6,7825.767905144304,FOUND,DEGRADED,SPOT_MONTH_FALLBACK;UNKNOWN_SERIES;ESTIMATED_EXPIRY_ALIAS,2026-08-02.2,PUT_CALL_PARITY,OCT26,OCT26=PUT_CALL_PARITY;NOV26=PUT_CALL_PARITY;FEB27=PUT_CALL_PARITY;MAR27=PUT_CALL_PARITY;DEC26=PUT_CALL_PARITY;JAN27=PUT_CALL_PARITY;APR27=PUT_CALL_PARITY;MAY27=PUT_CALL_PARITY;JUL27=PUT_CALL_PARITY;JUN27=PUT_CALL_PARITY;DEC29=PUT_CALL_PARITY;OCT27=PUT_CALL_PARITY;SEP27=PUT_CALL_PARITY;AUG27=PUT_CALL_PARITY;MAR28=PUT_CALL_PARITY;DEC27=PUT_CALL_PARITY;DEC28=PUT_CALL_PARITY;SEP28=PUT_CALL_PARITY;DEC30=PUT_CALL_PARITY;JUN28=PUT_CALL_PARITY,OCT26=7852.6;NOV26=7852;FEB27=7923.875;MAR27=7994;DEC26=7923.25;JAN27=7924.5;APR27=8008.375;MAY27=8011.875;JUL27=8099.625;JUN27=8066.75;DEC29=8852.375;SEP27=8159.875;AUG27=8105.75;MAR28=8279;DEC27=8177.5;DEC28=8506.75;SEP28=6112.0875;DEC30=9361.5;JUN28=8372.5,OCT27=GLOBAL_REFERENCE_NO_OBSERVATION;SEP28=GLOBAL_REFERENCE_OUTLIER_SERIES_FORWARD_CLUSTER,WEIGHTED_ATM,2026-10-16,6,685,0.0,NONE,11274,10812,462,0,0,RTM,MDW;MMW;MRW;MTW,OK,NONE,NONE,2026-10-07
SPX,7905.0,145424164.0529521,283.3273866620273,0.0,0.0,0.0,0.0,0.0,0.0,7906.272501294064,7798.927498705937,7959.945002588127,7745.254997411874,DEC26,OCT26,2026-10-08,2026-12-18,7852.6,7825.767905144304,FOUND,DEGRADED,SPOT_MONTH_FALLBACK;UNKNOWN_SERIES;ESTIMATED_EXPIRY_ALIAS,2026-08-02.2,PUT_CALL_PARITY,OCT26,OCT26=PUT_CALL_PARITY;NOV26=PUT_CALL_PARITY;FEB27=PUT_CALL_PARITY;MAR27=PUT_CALL_PARITY;DEC26=PUT_CALL_PARITY;JAN27=PUT_CALL_PARITY;APR27=PUT_CALL_PARITY;MAY27=PUT_CALL_PARITY;JUL27=PUT_CALL_PARITY;JUN27=PUT_CALL_PARITY;DEC29=PUT_CALL_PARITY;OCT27=PUT_CALL_PARITY;SEP27=PUT_CALL_PARITY;AUG27=PUT_CALL_PARITY;MAR28=PUT_CALL_PARITY;DEC27=PUT_CALL_PARITY;DEC28=PUT_CALL_PARITY;SEP28=PUT_CALL_PARITY;DEC30=PUT_CALL_PARITY;JUN28=PUT_CALL_PARITY,OCT26=7852.6;NOV26=7852;FEB27=7923.875;MAR27=7994;DEC26=7923.25;JAN27=7924.5;APR27=8008.375;MAY27=8011.875;JUL27=8099.625;JUN27=8066.75;DEC29=8852.375;SEP27=8159.875;AUG27=8105.75;MAR28=8279;DEC27=8177.5;DEC28=8506.75;SEP28=6112.0875;DEC30=9361.5;JUN28=8372.5,OCT27=GLOBAL_REFERENCE_NO_OBSERVATION;SEP28=GLOBAL_REFERENCE_OUTLIER_SERIES_FORWARD_CLUSTER,WEIGHTED_ATM,2026-10-16,6,685,0.0,NONE,11274,10812,462,0,0,RTM,MDW;MMW;MRW;MTW,OK,NONE,NONE,2026-10-07
SPX,7910.0,487457871.9882239,857.238900161731,0.0,0.0,0.0,0.0,0.0,0.0,7906.272501294064,7798.927498705937,7959.945002588127,7745.254997411874,DEC26,OCT26,2026-10-08,2026-12-18,7852.6,7825.767905144304,FOUND,DEGRADED,SPOT_MONTH_FALLBACK;UNKNOWN_SERIES;ESTIMATED_EXPIRY_ALIAS,2026-08-02.2,PUT_CALL_PARITY,OCT26,OCT26=PUT_CALL_PARITY;NOV26=PUT_CALL_PARITY;FEB27=PUT_CALL_PARITY;MAR27=PUT_CALL_PARITY;DEC26=PUT_CALL_PARITY;JAN27=PUT_CALL_PARITY;APR27=PUT_CALL_PARITY;MAY27=PUT_CALL_PARITY;JUL27=PUT_CALL_PARITY;JUN27=PUT_CALL_PARITY;DEC29=PUT_CALL_PARITY;OCT27=PUT_CALL_PARITY;SEP27=PUT_CALL_PARITY;AUG27=PUT_CALL_PARITY;MAR28=PUT_CALL_PARITY;DEC27=PUT_CALL_PARITY;DEC28=PUT_CALL_PARITY;SEP28=PUT_CALL_PARITY;DEC30=PUT_CALL_PARITY;JUN28=PUT_CALL_PARITY,OCT26=7852.6;NOV26=7852;FEB27=7923.875;MAR27=7994;DEC26=7923.25;JAN27=7924.5;APR27=8008.375;MAY27=8011.875;JUL27=8099.625;JUN27=8066.75;DEC29=8852.375;SEP27=8159.875;AUG27=8105.75;MAR28=8279;DEC27=8177.5;DEC28=8506.75;SEP28=6112.0875;DEC30=9361.5;JUN28=8372.5,OCT27=GLOBAL_REFERENCE_NO_OBSERVATION;SEP28=GLOBAL_REFERENCE_OUTLIER_SERIES_FORWARD_CLUSTER,WEIGHTED_ATM,2026-10-16,6,685,0.0,NONE,11274,10812,462,0,0,RTM,MDW;MMW;MRW;MTW,OK,NONE,NONE,2026-10-07
SPX,7915.0,124607098.3030762,225.3083549339573,0.0,0.0,0.0,0.0,0.0,0.0,7906.272501294064,7798.927498705937,7959.945002588127,7745.254997411874,DEC26,OCT26,2026-10-08,2026-12-18,7852.6,7825.767905144304,FOUND,DEGRADED,SPOT_MONTH_FALLBACK;UNKNOWN_SERIES;ESTIMATED_EXPIRY_ALIAS,2026-08-02.2,PUT_CALL_PARITY,OCT26,OCT26=PUT_CALL_PARITY;NOV26=PUT_CALL_PARITY;FEB27=PUT_CALL_PARITY;MAR27=PUT_CALL_PARITY;DEC26=PUT_CALL_PARITY;JAN27=PUT_CALL_PARITY;APR27=PUT_CALL_PARITY;MAY27=PUT_CALL_PARITY;JUL27=PUT_CALL_PARITY;JUN27=PUT_CALL_PARITY;DEC29=PUT_CALL_PARITY;OCT27=PUT_CALL_PARITY;SEP27=PUT_CALL_PARITY;AUG27=PUT_CALL_PARITY;MAR28=PUT_CALL_PARITY;DEC27=PUT_CALL_PARITY;DEC28=PUT_CALL_PARITY;SEP28=PUT_CALL_PARITY;DEC30=PUT_CALL_PARITY;JUN28=PUT_CALL_PARITY,OCT26=7852.6;NOV26=7852;FEB27=7923.875;MAR27=7994;DEC26=7923.25;JAN27=7924.5;APR27=8008.375;MAY27=8011.875;JUL27=8099.625;JUN27=8066.75;DEC29=8852.375;SEP27=8159.875;AUG27=8105.75;MAR28=8279;DEC27=8177.5;DEC28=8506.75;SEP28=6112.0875;DEC30=9361.5;JUN28=8372.5,OCT27=GLOBAL_REFERENCE_NO_OBSERVATION;SEP28=GLOBAL_REFERENCE_OUTLIER_SERIES_FORWARD_CLUSTER,WEIGHTED_ATM,2026-10-16,6,685,0.0,NONE,11274,10812,462,0,0,RTM,MDW;MMW;MRW;MTW,OK,NONE,NONE,2026-10-07
SPX,7920.0,332297296.8504826,615.2781182422651,0.0,0.0,0.0,0.0,0.0,0.0,7906.272501294064,7798.927498705937,7959.945002588127,7745.254997411874,DEC26,OCT26,2026-10-08,2026-12-18,7852.6,7825.767905144304,FOUND,DEGRADED,SPOT_MONTH_FALLBACK;UNKNOWN_SERIES;ESTIMATED_EXPIRY_ALIAS,2026-08-02.2,PUT_CALL_PARITY,OCT26,OCT26=PUT_CALL_PARITY;NOV26=PUT_CALL_PARITY;FEB27=PUT_CALL_PARITY;MAR27=PUT_CALL_PARITY;DEC26=PUT_CALL_PARITY;JAN27=PUT_CALL_PARITY;APR27=PUT_CALL_PARITY;MAY27=PUT_CALL_PARITY;JUL27=PUT_CALL_PARITY;JUN27=PUT_CALL_PARITY;DEC29=PUT_CALL_PARITY;OCT27=PUT_CALL_PARITY;SEP27=PUT_CALL_PARITY;AUG27=PUT_CALL_PARITY;MAR28=PUT_CALL_PARITY;DEC27=PUT_CALL_PARITY;DEC28=PUT_CALL_PARITY;SEP28=PUT_CALL_PARITY;DEC30=PUT_CALL_PARITY;JUN28=PUT_CALL_PARITY,OCT26=7852.6;NOV26=7852;FEB27=7923.875;MAR27=7994;DEC26=7923.25;JAN27=7924.5;APR27=8008.375;MAY27=8011.875;JUL27=8099.625;JUN27=8066.75;DEC29=8852.375;SEP27=8159.875;AUG27=8105.75;MAR28=8279;DEC27=8177.5;DEC28=8506.75;SEP28=6112.0875;DEC30=9361.5;JUN28=8372.5,OCT27=GLOBAL_REFERENCE_NO_OBSERVATION;SEP28=GLOBAL_REFERENCE_OUTLIER_SERIES_FORWARD_CLUSTER,WEIGHTED_ATM,2026-10-16,6,685,0.0,NONE,11274,10812,462,0,0,RTM,MDW;MMW;MRW;MTW,OK,NONE,NONE,2026-10-07
SPX,7925.0,1683002989.676227,2925.530119942908,0.0,0.0,0.0,0.0,0.0,0.0,7906.272501294064,7798.927498705937,7959.945002588127,7745.254997411874,DEC26,OCT26,2026-10-08,2026-12-18,7852.6,7825.767905144304,FOUND,DEGRADED,SPOT_MONTH_FALLBACK;UNKNOWN_SERIES;ESTIMATED_EXPIRY_ALIAS,2026-08-02.2,PUT_CALL_PARITY,OCT26,OCT26=PUT_CALL_PARITY;NOV26=PUT_CALL_PARITY;FEB27=PUT_CALL_PARITY;MAR27=PUT_CALL_PARITY;DEC26=PUT_CALL_PARITY;JAN27=PUT_CALL_PARITY;APR27=PUT_CALL_PARITY;MAY27=PUT_CALL_PARITY;JUL27=PUT_CALL_PARITY;JUN27=PUT_CALL_PARITY;DEC29=PUT_CALL_PARITY;OCT27=PUT_CALL_PARITY;SEP27=PUT_CALL_PARITY;AUG27=PUT_CALL_PARITY;MAR28=PUT_CALL_PARITY;DEC27=PUT_CALL_PARITY;DEC28=PUT_CALL_PARITY;SEP28=PUT_CALL_PARITY;DEC30=PUT_CALL_PARITY;JUN28=PUT_CALL_PARITY,OCT26=7852.6;NOV26=7852;FEB27=7923.875;MAR27=7994;DEC26=7923.25;JAN27=7924.5;APR27=8008.375;MAY27=8011.875;JUL27=8099.625;JUN27=8066.75;DEC29=8852.375;SEP27=8159.875;AUG27=8105.75;MAR28=8279;DEC27=8177.5;DEC28=8506.75;SEP28=6112.0875;DEC30=9361.5;JUN28=8372.5,OCT27=GLOBAL_REFERENCE_NO_OBSERVATION;SEP28=GLOBAL_REFERENCE_OUTLIER_SERIES_FORWARD_CLUSTER,WEIGHTED_ATM,2026-10-16,6,685,0.0,NONE,11274,10812,462,0,0,RTM,MDW;MMW;MRW;MTW,OK,NONE,NONE,2026-10-07
SPX,7930.0,274182755.2345992,481.9090235609053,0.0,0.0,0.0,0.0,0.0,0.0,7906.272501294064,7798.927498705937,7959.945002588127,7745.254997411874,DEC26,OCT26,2026-10-08,2026-12-18,7852.6,7825.767905144304,FOUND,DEGRADED,SPOT_MONTH_FALLBACK;UNKNOWN_SERIES;ESTIMATED_EXPIRY_ALIAS,2026-08-02.2,PUT_CALL_PARITY,OCT26,OCT26=PUT_CALL_PARITY;NOV26=PUT_CALL_PARITY;FEB27=PUT_CALL_PARITY;MAR27=PUT_CALL_PARITY;DEC26=PUT_CALL_PARITY;JAN27=PUT_CALL_PARITY;APR27=PUT_CALL_PARITY;MAY27=PUT_CALL_PARITY;JUL27=PUT_CALL_PARITY;JUN27=PUT_CALL_PARITY;DEC29=PUT_CALL_PARITY;OCT27=PUT_CALL_PARITY;SEP27=PUT_CALL_PARITY;AUG27=PUT_CALL_PARITY;MAR28=PUT_CALL_PARITY;DEC27=PUT_CALL_PARITY;DEC28=PUT_CALL_PARITY;SEP28=PUT_CALL_PARITY;DEC30=PUT_CALL_PARITY;JUN28=PUT_CALL_PARITY,OCT26=7852.6;NOV26=7852;FEB27=7923.875;MAR27=7994;DEC26=7923.25;JAN27=7924.5;APR27=8008.375;MAY27=8011.875;JUL27=8099.625;JUN27=8066.75;DEC29=8852.375;SEP27=8159.875;AUG27=8105.75;MAR28=8279;DEC27=8177.5;DEC28=8506.75;SEP28=6112.0875;DEC30=9361.5;JUN28=8372.5,OCT27=GLOBAL_REFERENCE_NO_OBSERVATION;SEP28=GLOBAL_REFERENCE_OUTLIER_SERIES_FORWARD_CLUSTER,WEIGHTED_ATM,2026-10-16,6,685,0.0,NONE,11274,10812,462,0,0,RTM,MDW;MMW;MRW;MTW,OK,NONE,NONE,2026-10-07
SPX,7935.0,140578243.44580942,237.73475876674047,0.0,0.0,0.0,0.0,0.0,0.0,7906.272501294064,7798.927498705937,7959.945002588127,7745.254997411874,DEC26,OCT26,2026-10-08,2026-12-18,7852.6,7825.767905144304,FOUND,DEGRADED,SPOT_MONTH_FALLBACK;UNKNOWN_SERIES;ESTIMATED_EXPIRY_ALIAS,2026-08-02.2,PUT_CALL_PARITY,OCT26,OCT26=PUT_CALL_PARITY;NOV26=PUT_CALL_PARITY;FEB27=PUT_CALL_PARITY;MAR27=PUT_CALL_PARITY;DEC26=PUT_CALL_PARITY;JAN27=PUT_CALL_PARITY;APR27=PUT_CALL_PARITY;MAY27=PUT_CALL_PARITY;JUL27=PUT_CALL_PARITY;JUN27=PUT_CALL_PARITY;DEC29=PUT_CALL_PARITY;OCT27=PUT_CALL_PARITY;SEP27=PUT_CALL_PARITY;AUG27=PUT_CALL_PARITY;MAR28=PUT_CALL_PARITY;DEC27=PUT_CALL_PARITY;DEC28=PUT_CALL_PARITY;SEP28=PUT_CALL_PARITY;DEC30=PUT_CALL_PARITY;JUN28=PUT_CALL_PARITY,OCT26=7852.6;NOV26=7852;FEB27=7923.875;MAR27=7994;DEC26=7923.25;JAN27=7924.5;APR27=8008.375;MAY27=8011.875;JUL27=8099.625;JUN27=8066.75;DEC29=8852.375;SEP27=8159.875;AUG27=8105.75;MAR28=8279;DEC27=8177.5;DEC28=8506.75;SEP28=6112.0875;DEC30=9361.5;JUN28=8372.5,OCT27=GLOBAL_REFERENCE_NO_OBSERVATION;SEP28=GLOBAL_REFERENCE_OUTLIER_SERIES_FORWARD_CLUSTER,WEIGHTED_ATM,2026-10-16,6,685,0.0,NONE,11274,10812,462,0,0,RTM,MDW;MMW;MRW;MTW,OK,NONE,NONE,2026-10-07
SPX,7940.0,274680145.73202765,462.595952916655,0.0,0.0,0.0,0.0,0.0,0.0,7906.272501294064,7798.927498705937,7959.945002588127,7745.254997411874,DEC26,OCT26,2026-10-08,2026-12-18,7852.6,7825.767905144304,FOUND,DEGRADED,SPOT_MONTH_FALLBACK;UNKNOWN_SERIES;ESTIMATED_EXPIRY_ALIAS,2026-08-02.2,PUT_CALL_PARITY,OCT26,OCT26=PUT_CALL_PARITY;NOV26=PUT_CALL_PARITY;FEB27=PUT_CALL_PARITY;MAR27=PUT_CALL_PARITY;DEC26=PUT_CALL_PARITY;JAN27=PUT_CALL_PARITY;APR27=PUT_CALL_PARITY;MAY27=PUT_CALL_PARITY;JUL27=PUT_CALL_PARITY;JUN27=PUT_CALL_PARITY;DEC29=PUT_CALL_PARITY;OCT27=PUT_CALL_PARITY;SEP27=PUT_CALL_PARITY;AUG27=PUT_CALL_PARITY;MAR28=PUT_CALL_PARITY;DEC27=PUT_CALL_PARITY;DEC28=PUT_CALL_PARITY;SEP28=PUT_CALL_PARITY;DEC30=PUT_CALL_PARITY;JUN28=PUT_CALL_PARITY,OCT26=7852.6;NOV26=7852;FEB27=7923.875;MAR27=7994;DEC26=7923.25;JAN27=7924.5;APR27=8008.375;MAY27=8011.875;JUL27=8099.625;JUN27=8066.75;DEC29=8852.375;SEP27=8159.875;AUG27=8105.75;MAR28=8279;DEC27=8177.5;DEC28=8506.75;SEP28=6112.0875;DEC30=9361.5;JUN28=8372.5,OCT27=GLOBAL_REFERENCE_NO_OBSERVATION;SEP28=GLOBAL_REFERENCE_OUTLIER_SERIES_FORWARD_CLUSTER,WEIGHTED_ATM,2026-10-16,6,685,0.0,NONE,11274,10812,462,0,0,RTM,MDW;MMW;MRW;MTW,OK,NONE,NONE,2026-10-07
SPX,7945.0,77926949.2738576,131.02925202332713,0.0,0.0,0.0,0.0,0.0,0.0,7906.272501294064,7798.927498705937,7959.945002588127,7745.254997411874,DEC26,OCT26,2026-10-08,2026-12-18,7852.6,7825.767905144304,FOUND,DEGRADED,SPOT_MONTH_FALLBACK;UNKNOWN_SERIES;ESTIMATED_EXPIRY_ALIAS,2026-08-02.2,PUT_CALL_PARITY,OCT26,OCT26=PUT_CALL_PARITY;NOV26=PUT_CALL_PARITY;FEB27=PUT_CALL_PARITY;MAR27=PUT_CALL_PARITY;DEC26=PUT_CALL_PARITY;JAN27=PUT_CALL_PARITY;APR27=PUT_CALL_PARITY;MAY27=PUT_CALL_PARITY;JUL27=PUT_CALL_PARITY;JUN27=PUT_CALL_PARITY;DEC29=PUT_CALL_PARITY;OCT27=PUT_CALL_PARITY;SEP27=PUT_CALL_PARITY;AUG27=PUT_CALL_PARITY;MAR28=PUT_CALL_PARITY;DEC27=PUT_CALL_PARITY;DEC28=PUT_CALL_PARITY;SEP28=PUT_CALL_PARITY;DEC30=PUT_CALL_PARITY;JUN28=PUT_CALL_PARITY,OCT26=7852.6;NOV26=7852;FEB27=7923.875;MAR27=7994;DEC26=7923.25;JAN27=7924.5;APR27=8008.375;MAY27=8011.875;JUL27=8099.625;JUN27=8066.75;DEC29=8852.375;SEP27=8159.875;AUG27=8105.75;MAR28=8279;DEC27=8177.5;DEC28=8506.75;SEP28=6112.0875;DEC30=9361.5;JUN28=8372.5,OCT27=GLOBAL_REFERENCE_NO_OBSERVATION;SEP28=GLOBAL_REFERENCE_OUTLIER_SERIES_FORWARD_CLUSTER,WEIGHTED_ATM,2026-10-16,6,685,0.0,NONE,11274,10812,462,0,0,RTM,MDW;MMW;MRW;MTW,OK,NONE,NONE,2026-10-07
SPX,7950.0,1695701433.7788815,3400.363317211181,0.0,0.0,0.0,0.0,0.0,0.0,7906.272501294064,7798.927498705937,7959.945002588127,7745.254997411874,DEC26,OCT26,2026-10-08,2026-12-18,7852.6,7825.767905144304,FOUND,DEGRADED,SPOT_MONTH_FALLBACK;UNKNOWN_SERIES;ESTIMATED_EXPIRY_ALIAS,2026-08-02.2,PUT_CALL_PARITY,OCT26,OCT26=PUT_CALL_PARITY;NOV26=PUT_CALL_PARITY;FEB27=PUT_CALL_PARITY;MAR27=PUT_CALL_PARITY;DEC26=PUT_CALL_PARITY;JAN27=PUT_CALL_PARITY;APR27=PUT_CALL_PARITY;MAY27=PUT_CALL_PARITY;JUL27=PUT_CALL_PARITY;JUN27=PUT_CALL_PARITY;DEC29=PUT_CALL_PARITY;OCT27=PUT_CALL_PARITY;SEP27=PUT_CALL_PARITY;AUG27=PUT_CALL_PARITY;MAR28=PUT_CALL_PARITY;DEC27=PUT_CALL_PARITY;DEC28=PUT_CALL_PARITY;SEP28=PUT_CALL_PARITY;DEC30=PUT_CALL_PARITY;JUN28=PUT_CALL_PARITY,OCT26=7852.6;NOV26=7852;FEB27=7923.875;MAR27=7994;DEC26=7923.25;JAN27=7924.5;APR27=8008.375;MAY27=8011.875;JUL27=8099.625;JUN27=8066.75;DEC29=8852.375;SEP27=8159.875;AUG27=8105.75;MAR28=8279;DEC27=8177.5;DEC28=8506.75;SEP28=6112.0875;DEC30=9361.5;JUN28=8372.5,OCT27=GLOBAL_REFERENCE_NO_OBSERVATION;SEP28=GLOBAL_REFERENCE_OUTLIER_SERIES_FORWARD_CLUSTER,WEIGHTED_ATM,2026-10-16,6,685,0.0,NONE,11274,10812,462,0,0,RTM,MDW;MMW;MRW;MTW,OK,NONE,NONE,2026-10-07
SPX,7955.0,54848624.59693536,90.38983793882304,0.0,0.0,0.0,0.0,0.0,0.0,7906.272501294064,7798.927498705937,7959.945002588127,7745.254997411874,DEC26,OCT26,2026-10-08,2026-12-18,7852.6,7825.767905144304,FOUND,DEGRADED,SPOT_MONTH_FALLBACK;UNKNOWN_SERIES;ESTIMATED_EXPIRY_ALIAS,2026-08-02.2,PUT_CALL_PARITY,OCT26,OCT26=PUT_CALL_PARITY;NOV26=PUT_CALL_PARITY;FEB27=PUT_CALL_PARITY;MAR27=PUT_CALL_PARITY;DEC26=PUT_CALL_PARITY;JAN27=PUT_CALL_PARITY;APR27=PUT_CALL_PARITY;MAY27=PUT_CALL_PARITY;JUL27=PUT_CALL_PARITY;JUN27=PUT_CALL_PARITY;DEC29=PUT_CALL_PARITY;OCT27=PUT_CALL_PARITY;SEP27=PUT_CALL_PARITY;AUG27=PUT_CALL_PARITY;MAR28=PUT_CALL_PARITY;DEC27=PUT_CALL_PARITY;DEC28=PUT_CALL_PARITY;SEP28=PUT_CALL_PARITY;DEC30=PUT_CALL_PARITY;JUN28=PUT_CALL_PARITY,OCT26=7852.6;NOV26=7852;FEB27=7923.875;MAR27=7994;DEC26=7923.25;JAN27=7924.5;APR27=8008.375;MAY27=8011.875;JUL27=8099.625;JUN27=8066.75;DEC29=8852.375;SEP27=8159.875;AUG27=8105.75;MAR28=8279;DEC27=8177.5;DEC28=8506.75;SEP28=6112.0875;DEC30=9361.5;JUN28=8372.5,OCT27=GLOBAL_REFERENCE_NO_OBSERVATION;SEP28=GLOBAL_REFERENCE_OUTLIER_SERIES_FORWARD_CLUSTER,WEIGHTED_ATM,2026-10-16,6,685,0.0,NONE,11274,10812,462,0,0,RTM,MDW;MMW;MRW;MTW,OK,NONE,NONE,2026-10-07
SPX,7960.0,221073653.91375196,365.0308174043534,0.0,0.0,0.0,0.0,0.0,0.0,7906.272501294064,7798.927498705937,7959.945002588127,7745.254997411874,DEC26,OCT26,2026-10-08,2026-12-18,7852.6,7825.767905144304,FOUND,DEGRADED,SPOT_MONTH_FALLBACK;UNKNOWN_SERIES;ESTIMATED_EXPIRY_ALIAS,2026-08-02.2,PUT_CALL_PARITY,OCT26,OCT26=PUT_CALL_PARITY;NOV26=PUT_CALL_PARITY;FEB27=PUT_CALL_PARITY;MAR27=PUT_CALL_PARITY;DEC26=PUT_CALL_PARITY;JAN27=PUT_CALL_PARITY;APR27=PUT_CALL_PARITY;MAY27=PUT_CALL_PARITY;JUL27=PUT_CALL_PARITY;JUN27=PUT_CALL_PARITY;DEC29=PUT_CALL_PARITY;OCT27=PUT_CALL_PARITY;SEP27=PUT_CALL_PARITY;AUG27=PUT_CALL_PARITY;MAR28=PUT_CALL_PARITY;DEC27=PUT_CALL_PARITY;DEC28=PUT_CALL_PARITY;SEP28=PUT_CALL_PARITY;DEC30=PUT_CALL_PARITY;JUN28=PUT_CALL_PARITY,OCT26=7852.6;NOV26=7852;FEB27=7923.875;MAR27=7994;DEC26=7923.25;JAN27=7924.5;APR27=8008.375;MAY27=8011.875;JUL27=8099.625;JUN27=8066.75;DEC29=8852.375;SEP27=8159.875;AUG27=8105.75;MAR28=8279;DEC27=8177.5;DEC28=8506.75;SEP28=6112.0875;DEC30=9361.5;JUN28=8372.5,OCT27=GLOBAL_REFERENCE_NO_OBSERVATION;SEP28=GLOBAL_REFERENCE_OUTLIER_SERIES_FORWARD_CLUSTER,WEIGHTED_ATM,2026-10-16,6,685,0.0,NONE,11274,10812,462,0,0,RTM,MDW;MMW;MRW;MTW,OK,NONE,NONE,2026-10-07
SPX,7965.0,68855534.31990299,112.08271511479522,0.0,0.0,0.0,0.0,0.0,0.0,7906.272501294064,7798.927498705937,7959.945002588127,7745.254997411874,DEC26,OCT26,2026-10-08,2026-12-18,7852.6,7825.767905144304,FOUND,DEGRADED,SPOT_MONTH_FALLBACK;UNKNOWN_SERIES;ESTIMATED_EXPIRY_ALIAS,2026-08-02.2,PUT_CALL_PARITY,OCT26,OCT26=PUT_CALL_PARITY;NOV26=PUT_CALL_PARITY;FEB27=PUT_CALL_PARITY;MAR27=PUT_CALL_PARITY;DEC26=PUT_CALL_PARITY;JAN27=PUT_CALL_PARITY;APR27=PUT_CALL_PARITY;MAY27=PUT_CALL_PARITY;JUL27=PUT_CALL_PARITY;JUN27=PUT_CALL_PARITY;DEC29=PUT_CALL_PARITY;OCT27=PUT_CALL_PARITY;SEP27=PUT_CALL_PARITY;AUG27=PUT_CALL_PARITY;MAR28=PUT_CALL_PARITY;DEC27=PUT_CALL_PARITY;DEC28=PUT_CALL_PARITY;SEP28=PUT_CALL_PARITY;DEC30=PUT_CALL_PARITY;JUN28=PUT_CALL_PARITY,OCT26=7852.6;NOV26=7852;FEB27=7923.875;MAR27=7994;DEC26=7923.25;JAN27=7924.5;APR27=8008.375;MAY27=8011.875;JUL27=8099.625;JUN27=8066.75;DEC29=8852.375;SEP27=8159.875;AUG27=8105.75;MAR28=8279;DEC27=8177.5;DEC28=8506.75;SEP28=6112.0875;DEC30=9361.5;JUN28=8372.5,OCT27=GLOBAL_REFERENCE_NO_OBSERVATION;SEP28=GLOBAL_REFERENCE_OUTLIER_SERIES_FORWARD_CLUSTER,WEIGHTED_ATM,2026-10-16,6,685,0.0,NONE,11274,10812,462,0,0,RTM,MDW;MMW;MRW;MTW,OK,NONE,NONE,2026-10-07
SPX,7970.0,213870704.87761566,358.2174182429534,0.0,0.0,0.0,0.0,0.0,0.0,7906.272501294064,7798.927498705937,7959.945002588127,7745.254997411874,DEC26,OCT26,2026-10-08,2026-12-18,7852.6,7825.767905144304,FOUND,DEGRADED,SPOT_MONTH_FALLBACK;UNKNOWN_SERIES;ESTIMATED_EXPIRY_ALIAS,2026-08-02.2,PUT_CALL_PARITY,OCT26,OCT26=PUT_CALL_PARITY;NOV26=PUT_CALL_PARITY;FEB27=PUT_CALL_PARITY;MAR27=PUT_CALL_PARITY;DEC26=PUT_CALL_PARITY;JAN27=PUT_CALL_PARITY;APR27=PUT_CALL_PARITY;MAY27=PUT_CALL_PARITY;JUL27=PUT_CALL_PARITY;JUN27=PUT_CALL_PARITY;DEC29=PUT_CALL_PARITY;OCT27=PUT_CALL_PARITY;SEP27=PUT_CALL_PARITY;AUG27=PUT_CALL_PARITY;MAR28=PUT_CALL_PARITY;DEC27=PUT_CALL_PARITY;DEC28=PUT_CALL_PARITY;SEP28=PUT_CALL_PARITY;DEC30=PUT_CALL_PARITY;JUN28=PUT_CALL_PARITY,OCT26=7852.6;NOV26=7852;FEB27=7923.875;MAR27=7994;DEC26=7923.25;JAN27=7924.5;APR27=8008.375;MAY27=8011.875;JUL27=8099.625;JUN27=8066.75;DEC29=8852.375;SEP27=8159.875;AUG27=8105.75;MAR28=8279;DEC27=8177.5;DEC28=8506.75;SEP28=6112.0875;DEC30=9361.5;JUN28=8372.5,OCT27=GLOBAL_REFERENCE_NO_OBSERVATION;SEP28=GLOBAL_REFERENCE_OUTLIER_SERIES_FORWARD_CLUSTER,WEIGHTED_ATM,2026-10-16,6,685,0.0,NONE,11274,10812,462,0,0,RTM,MDW;MMW;MRW;MTW,OK,NONE,NONE,2026-10-07
SPX,7975.0,432797229.00294,831.1136067925378,0.0,0.0,0.0,0.0,0.0,0.0,7906.272501294064,7798.927498705937,7959.945002588127,7745.254997411874,DEC26,OCT26,2026-10-08,2026-12-18,7852.6,7825.767905144304,FOUND,DEGRADED,SPOT_MONTH_FALLBACK;UNKNOWN_SERIES;ESTIMATED_EXPIRY_ALIAS,2026-08-02.2,PUT_CALL_PARITY,OCT26,OCT26=PUT_CALL_PARITY;NOV26=PUT_CALL_PARITY;FEB27=PUT_CALL_PARITY;MAR27=PUT_CALL_PARITY;DEC26=PUT_CALL_PARITY;JAN27=PUT_CALL_PARITY;APR27=PUT_CALL_PARITY;MAY27=PUT_CALL_PARITY;JUL27=PUT_CALL_PARITY;JUN27=PUT_CALL_PARITY;DEC29=PUT_CALL_PARITY;OCT27=PUT_CALL_PARITY;SEP27=PUT_CALL_PARITY;AUG27=PUT_CALL_PARITY;MAR28=PUT_CALL_PARITY;DEC27=PUT_CALL_PARITY;DEC28=PUT_CALL_PARITY;SEP28=PUT_CALL_PARITY;DEC30=PUT_CALL_PARITY;JUN28=PUT_CALL_PARITY,OCT26=7852.6;NOV26=7852;FEB27=7923.875;MAR27=7994;DEC26=7923.25;JAN27=7924.5;APR27=8008.375;MAY27=8011.875;JUL27=8099.625;JUN27=8066.75;DEC29=8852.375;SEP27=8159.875;AUG27=8105.75;MAR28=8279;DEC27=8177.5;DEC28=8506.75;SEP28=6112.0875;DEC30=9361.5;JUN28=8372.5,OCT27=GLOBAL_REFERENCE_NO_OBSERVATION;SEP28=GLOBAL_REFERENCE_OUTLIER_SERIES_FORWARD_CLUSTER,WEIGHTED_ATM,2026-10-16,6,685,0.0,NONE,11274,10812,462,0,0,RTM,MDW;MMW;MRW;MTW,OK,NONE,NONE,2026-10-07
SPX,7980.0,161301577.25826007,268.7103587537014,0.0,0.0,0.0,0.0,0.0,0.0,7906.272501294064,7798.927498705937,7959.945002588127,7745.254997411874,DEC26,OCT26,2026-10-08,2026-12-18,7852.6,7825.767905144304,FOUND,DEGRADED,SPOT_MONTH_FALLBACK;UNKNOWN_SERIES;ESTIMATED_EXPIRY_ALIAS,2026-08-02.2,PUT_CALL_PARITY,OCT26,OCT26=PUT_CALL_PARITY;NOV26=PUT_CALL_PARITY;FEB27=PUT_CALL_PARITY;MAR27=PUT_CALL_PARITY;DEC26=PUT_CALL_PARITY;JAN27=PUT_CALL_PARITY;APR27=PUT_CALL_PARITY;MAY27=PUT_CALL_PARITY;JUL27=PUT_CALL_PARITY;JUN27=PUT_CALL_PARITY;DEC29=PUT_CALL_PARITY;OCT27=PUT_CALL_PARITY;SEP27=PUT_CALL_PARITY;AUG27=PUT_CALL_PARITY;MAR28=PUT_CALL_PARITY;DEC27=PUT_CALL_PARITY;DEC28=PUT_CALL_PARITY;SEP28=PUT_CALL_PARITY;DEC30=PUT_CALL_PARITY;JUN28=PUT_CALL_PARITY,OCT26=7852.6;NOV26=7852;FEB27=7923.875;MAR27=7994;DEC26=7923.25;JAN27=7924.5;APR27=8008.375;MAY27=8011.875;JUL27=8099.625;JUN27=8066.75;DEC29=8852.375;SEP27=8159.875;AUG27=8105.75;MAR28=8279;DEC27=8177.5;DEC28=8506.75;SEP28=6112.0875;DEC30=9361.5;JUN28=8372.5,OCT27=GLOBAL_REFERENCE_NO_OBSERVATION;SEP28=GLOBAL_REFERENCE_OUTLIER_SERIES_FORWARD_CLUSTER,WEIGHTED_ATM,2026-10-16,6,685,0.0,NONE,11274,10812,462,0,0,RTM,MDW;MMW;MRW;MTW,OK,NONE,NONE,2026-10-07
SPX,7985.0,26050402.40760472,42.504108542010954,0.0,0.0,0.0,0.0,0.0,0.0,7906.272501294064,7798.927498705937,7959.945002588127,7745.254997411874,DEC26,OCT26,2026-10-08,2026-12-18,7852.6,7825.767905144304,FOUND,DEGRADED,SPOT_MONTH_FALLBACK;UNKNOWN_SERIES;ESTIMATED_EXPIRY_ALIAS,2026-08-02.2,PUT_CALL_PARITY,OCT26,OCT26=PUT_CALL_PARITY;NOV26=PUT_CALL_PARITY;FEB27=PUT_CALL_PARITY;MAR27=PUT_CALL_PARITY;DEC26=PUT_CALL_PARITY;JAN27=PUT_CALL_PARITY;APR27=PUT_CALL_PARITY;MAY27=PUT_CALL_PARITY;JUL27=PUT_CALL_PARITY;JUN27=PUT_CALL_PARITY;DEC29=PUT_CALL_PARITY;OCT27=PUT_CALL_PARITY;SEP27=PUT_CALL_PARITY;AUG27=PUT_CALL_PARITY;MAR28=PUT_CALL_PARITY;DEC27=PUT_CALL_PARITY;DEC28=PUT_CALL_PARITY;SEP28=PUT_CALL_PARITY;DEC30=PUT_CALL_PARITY;JUN28=PUT_CALL_PARITY,OCT26=7852.6;NOV26=7852;FEB27=7923.875;MAR27=7994;DEC26=7923.25;JAN27=7924.5;APR27=8008.375;MAY27=8011.875;JUL27=8099.625;JUN27=8066.75;DEC29=8852.375;SEP27=8159.875;AUG27=8105.75;MAR28=8279;DEC27=8177.5;DEC28=8506.75;SEP28=6112.0875;DEC30=9361.5;JUN28=8372.5,OCT27=GLOBAL_REFERENCE_NO_OBSERVATION;SEP28=GLOBAL_REFERENCE_OUTLIER_SERIES_FORWARD_CLUSTER,WEIGHTED_ATM,2026-10-16,6,685,0.0,NONE,11274,10812,462,0,0,RTM,MDW;MMW;MRW;MTW,OK,NONE,NONE,2026-10-07
SPX,7990.0,224967819.54020667,372.44812267055073,0.0,0.0,0.0,0.0,0.0,0.0,7906.272501294064,7798.927498705937,7959.945002588127,7745.254997411874,DEC26,OCT26,2026-10-08,2026-12-18,7852.6,7825.767905144304,FOUND,DEGRADED,SPOT_MONTH_FALLBACK;UNKNOWN_SERIES;ESTIMATED_EXPIRY_ALIAS,2026-08-02.2,PUT_CALL_PARITY,OCT26,OCT26=PUT_CALL_PARITY;NOV26=PUT_CALL_PARITY;FEB27=PUT_CALL_PARITY;MAR27=PUT_CALL_PARITY;DEC26=PUT_CALL_PARITY;JAN27=PUT_CALL_PARITY;APR27=PUT_CALL_PARITY;MAY27=PUT_CALL_PARITY;JUL27=PUT_CALL_PARITY;JUN27=PUT_CALL_PARITY;DEC29=PUT_CALL_PARITY;OCT27=PUT_CALL_PARITY;SEP27=PUT_CALL_PARITY;AUG27=PUT_CALL_PARITY;MAR28=PUT_CALL_PARITY;DEC27=PUT_CALL_PARITY;DEC28=PUT_CALL_PARITY;SEP28=PUT_CALL_PARITY;DEC30=PUT_CALL_PARITY;JUN28=PUT_CALL_PARITY,OCT26=7852.6;NOV26=7852;FEB27=7923.875;MAR27=7994;DEC26=7923.25;JAN27=7924.5;APR27=8008.375;MAY27=8011.875;JUL27=8099.625;JUN27=8066.75;DEC29=8852.375;SEP27=8159.875;AUG27=8105.75;MAR28=8279;DEC27=8177.5;DEC28=8506.75;SEP28=6112.0875;DEC30=9361.5;JUN28=8372.5,OCT27=GLOBAL_REFERENCE_NO_OBSERVATION;SEP28=GLOBAL_REFERENCE_OUTLIER_SERIES_FORWARD_CLUSTER,WEIGHTED_ATM,2026-10-16,6,685,0.0,NONE,11274,10812,462,0,0,RTM,MDW;MMW;MRW;MTW,OK,NONE,NONE,2026-10-07
SPX,7995.0,40942580.062864214,66.62835159566359,0.0,0.0,0.0,0.0,0.0,0.0,7906.272501294064,7798.927498705937,7959.945002588127,7745.254997411874,DEC26,OCT26,2026-10-08,2026-12-18,7852.6,7825.767905144304,FOUND,DEGRADED,SPOT_MONTH_FALLBACK;UNKNOWN_SERIES;ESTIMATED_EXPIRY_ALIAS,2026-08-02.2,PUT_CALL_PARITY,OCT26,OCT26=PUT_CALL_PARITY;NOV26=PUT_CALL_PARITY;FEB27=PUT_CALL_PARITY;MAR27=PUT_CALL_PARITY;DEC26=PUT_CALL_PARITY;JAN27=PUT_CALL_PARITY;APR27=PUT_CALL_PARITY;MAY27=PUT_CALL_PARITY;JUL27=PUT_CALL_PARITY;JUN27=PUT_CALL_PARITY;DEC29=PUT_CALL_PARITY;OCT27=PUT_CALL_PARITY;SEP27=PUT_CALL_PARITY;AUG27=PUT_CALL_PARITY;MAR28=PUT_CALL_PARITY;DEC27=PUT_CALL_PARITY;DEC28=PUT_CALL_PARITY;SEP28=PUT_CALL_PARITY;DEC30=PUT_CALL_PARITY;JUN28=PUT_CALL_PARITY,OCT26=7852.6;NOV26=7852;FEB27=7923.875;MAR27=7994;DEC26=7923.25;JAN27=7924.5;APR27=8008.375;MAY27=8011.875;JUL27=8099.625;JUN27=8066.75;DEC29=8852.375;SEP27=8159.875;AUG27=8105.75;MAR28=8279;DEC27=8177.5;DEC28=8506.75;SEP28=6112.0875;DEC30=9361.5;JUN28=8372.5,OCT27=GLOBAL_REFERENCE_NO_OBSERVATION;SEP28=GLOBAL_REFERENCE_OUTLIER_SERIES_FORWARD_CLUSTER,WEIGHTED_ATM,2026-10-16,6,685,0.0,NONE,11274,10812,462,0,0,RTM,MDW;MMW;MRW;MTW,OK,NONE,NONE,2026-10-07
SPX,8000.0,1799975549.9229827,4097.256940561004,0.0,0.0,0.0,0.0,0.0,0.0,7906.272501294064,7798.927498705937,7959.945002588127,7745.254997411874,DEC26,OCT26,2026-10-08,2026-12-18,7852.6,7825.767905144304,FOUND,DEGRADED,SPOT_MONTH_FALLBACK;UNKNOWN_SERIES;ESTIMATED_EXPIRY_ALIAS,2026-08-02.2,PUT_CALL_PARITY,OCT26,OCT26=PUT_CALL_PARITY;NOV26=PUT_CALL_PARITY;FEB27=PUT_CALL_PARITY;MAR27=PUT_CALL_PARITY;DEC26=PUT_CALL_PARITY;JAN27=PUT_CALL_PARITY;APR27=PUT_CALL_PARITY;MAY27=PUT_CALL_PARITY;JUL27=PUT_CALL_PARITY;JUN27=PUT_CALL_PARITY;DEC29=PUT_CALL_PARITY;OCT27=PUT_CALL_PARITY;SEP27=PUT_CALL_PARITY;AUG27=PUT_CALL_PARITY;MAR28=PUT_CALL_PARITY;DEC27=PUT_CALL_PARITY;DEC28=PUT_CALL_PARITY;SEP28=PUT_CALL_PARITY;DEC30=PUT_CALL_PARITY;JUN28=PUT_CALL_PARITY,OCT26=7852.6;NOV26=7852;FEB27=7923.875;MAR27=7994;DEC26=7923.25;JAN27=7924.5;APR27=8008.375;MAY27=8011.875;JUL27=8099.625;JUN27=8066.75;DEC29=8852.375;SEP27=8159.875;AUG27=8105.75;MAR28=8279;DEC27=8177.5;DEC28=8506.75;SEP28=6112.0875;DEC30=9361.5;JUN28=8372.5,OCT27=GLOBAL_REFERENCE_NO_OBSERVATION;SEP28=GLOBAL_REFERENCE_OUTLIER_SERIES_FORWARD_CLUSTER,WEIGHTED_ATM,2026-10-16,6,685,0.0,NONE,11274,10812,462,0,0,RTM,MDW;MMW;MRW;MTW,OK,NONE,NONE,2026-10-07
SPX,8005.0,15293745.964013856,24.984948855852235,0.0,0.0,0.0,0.0,0.0,0.0,7906.272501294064,7798.927498705937,7959.945002588127,7745.254997411874,DEC26,OCT26,2026-10-08,2026-12-18,7852.6,7825.767905144304,FOUND,DEGRADED,SPOT_MONTH_FALLBACK;UNKNOWN_SERIES;ESTIMATED_EXPIRY_ALIAS,2026-08-02.2,PUT_CALL_PARITY,OCT26,OCT26=PUT_CALL_PARITY;NOV26=PUT_CALL_PARITY;FEB27=PUT_CALL_PARITY;MAR27=PUT_CALL_PARITY;DEC26=PUT_CALL_PARITY;JAN27=PUT_CALL_PARITY;APR27=PUT_CALL_PARITY;MAY27=PUT_CALL_PARITY;JUL27=PUT_CALL_PARITY;JUN27=PUT_CALL_PARITY;DEC29=PUT_CALL_PARITY;OCT27=PUT_CALL_PARITY;SEP27=PUT_CALL_PARITY;AUG27=PUT_CALL_PARITY;MAR28=PUT_CALL_PARITY;DEC27=PUT_CALL_PARITY;DEC28=PUT_CALL_PARITY;SEP28=PUT_CALL_PARITY;DEC30=PUT_CALL_PARITY;JUN28=PUT_CALL_PARITY,OCT26=7852.6;NOV26=7852;FEB27=7923.875;MAR27=7994;DEC26=7923.25;JAN27=7924.5;APR27=8008.375;MAY27=8011.875;JUL27=8099.625;JUN27=8066.75;DEC29=8852.375;SEP27=8159.875;AUG27=8105.75;MAR28=8279;DEC27=8177.5;DEC28=8506.75;SEP28=6112.0875;DEC30=9361.5;JUN28=8372.5,OCT27=GLOBAL_REFERENCE_NO_OBSERVATION;SEP28=GLOBAL_REFERENCE_OUTLIER_SERIES_FORWARD_CLUSTER,WEIGHTED_ATM,2026-10-16,6,685,0.0,NONE,11274,10812,462,0,0,RTM,MDW;MMW;MRW;MTW,OK,NONE,NONE,2026-10-07
SPX,8010.0,71466416.31879775,121.56898205164178,0.0,0.0,0.0,0.0,0.0,0.0,7906.272501294064,7798.927498705937,7959.945002588127,7745.254997411874,DEC26,OCT26,2026-10-08,2026-12-18,7852.6,7825.767905144304,FOUND,DEGRADED,SPOT_MONTH_FALLBACK;UNKNOWN_SERIES;ESTIMATED_EXPIRY_ALIAS,2026-08-02.2,PUT_CALL_PARITY,OCT26,OCT26=PUT_CALL_PARITY;NOV26=PUT_CALL_PARITY;FEB27=PUT_CALL_PARITY;MAR27=PUT_CALL_PARITY;DEC26=PUT_CALL_PARITY;JAN27=PUT_CALL_PARITY;APR27=PUT_CALL_PARITY;MAY27=PUT_CALL_PARITY;JUL27=PUT_CALL_PARITY;JUN27=PUT_CALL_PARITY;DEC29=PUT_CALL_PARITY;OCT27=PUT_CALL_PARITY;SEP27=PUT_CALL_PARITY;AUG27=PUT_CALL_PARITY;MAR28=PUT_CALL_PARITY;DEC27=PUT_CALL_PARITY;DEC28=PUT_CALL_PARITY;SEP28=PUT_CALL_PARITY;DEC30=PUT_CALL_PARITY;JUN28=PUT_CALL_PARITY,OCT26=7852.6;NOV26=7852;FEB27=7923.875;MAR27=7994;DEC26=7923.25;JAN27=7924.5;APR27=8008.375;MAY27=8011.875;JUL27=8099.625;JUN27=8066.75;DEC29=8852.375;SEP27=8159.875;AUG27=8105.75;MAR28=8279;DEC27=8177.5;DEC28=8506.75;SEP28=6112.0875;DEC30=9361.5;JUN28=8372.5,OCT27=GLOBAL_REFERENCE_NO_OBSERVATION;SEP28=GLOBAL_REFERENCE_OUTLIER_SERIES_FORWARD_CLUSTER,WEIGHTED_ATM,2026-10-16,6,685,0.0,NONE,11274,10812,462,0,0,RTM,MDW;MMW;MRW;MTW,OK,NONE,NONE,2026-10-07
SPX,8015.0,28015684.725701094,45.433300792772684,0.0,0.0,0.0,0.0,0.0,0.0,7906.272501294064,7798.927498705937,7959.945002588127,7745.254997411874,DEC26,OCT26,2026-10-08,2026-12-18,7852.6,7825.767905144304,FOUND,DEGRADED,SPOT_MONTH_FALLBACK;UNKNOWN_SERIES;ESTIMATED_EXPIRY_ALIAS,2026-08-02.2,PUT_CALL_PARITY,OCT26,OCT26=PUT_CALL_PARITY;NOV26=PUT_CALL_PARITY;FEB27=PUT_CALL_PARITY;MAR27=PUT_CALL_PARITY;DEC26=PUT_CALL_PARITY;JAN27=PUT_CALL_PARITY;APR27=PUT_CALL_PARITY;MAY27=PUT_CALL_PARITY;JUL27=PUT_CALL_PARITY;JUN27=PUT_CALL_PARITY;DEC29=PUT_CALL_PARITY;OCT27=PUT_CALL_PARITY;SEP27=PUT_CALL_PARITY;AUG27=PUT_CALL_PARITY;MAR28=PUT_CALL_PARITY;DEC27=PUT_CALL_PARITY;DEC28=PUT_CALL_PARITY;SEP28=PUT_CALL_PARITY;DEC30=PUT_CALL_PARITY;JUN28=PUT_CALL_PARITY,OCT26=7852.6;NOV26=7852;FEB27=7923.875;MAR27=7994;DEC26=7923.25;JAN27=7924.5;APR27=8008.375;MAY27=8011.875;JUL27=8099.625;JUN27=8066.75;DEC29=8852.375;SEP27=8159.875;AUG27=8105.75;MAR28=8279;DEC27=8177.5;DEC28=8506.75;SEP28=6112.0875;DEC30=9361.5;JUN28=8372.5,OCT27=GLOBAL_REFERENCE_NO_OBSERVATION;SEP28=GLOBAL_REFERENCE_OUTLIER_SERIES_FORWARD_CLUSTER,WEIGHTED_ATM,2026-10-16,6,685,0.0,NONE,11274,10812,462,0,0,RTM,MDW;MMW;MRW;MTW,OK,NONE,NONE,2026-10-07
SPX,8020.0,117694449.31079656,195.85399898796274,0.0,0.0,0.0,0.0,0.0,0.0,7906.272501294064,7798.927498705937,7959.945002588127,7745.254997411874,DEC26,OCT26,2026-10-08,2026-12-18,7852.6,7825.767905144304,FOUND,DEGRADED,SPOT_MONTH_FALLBACK;UNKNOWN_SERIES;ESTIMATED_EXPIRY_ALIAS,2026-08-02.2,PUT_CALL_PARITY,OCT26,OCT26=PUT_CALL_PARITY;NOV26=PUT_CALL_PARITY;FEB27=PUT_CALL_PARITY;MAR27=PUT_CALL_PARITY;DEC26=PUT_CALL_PARITY;JAN27=PUT_CALL_PARITY;APR27=PUT_CALL_PARITY;MAY27=PUT_CALL_PARITY;JUL27=PUT_CALL_PARITY;JUN27=PUT_CALL_PARITY;DEC29=PUT_CALL_PARITY;OCT27=PUT_CALL_PARITY;SEP27=PUT_CALL_PARITY;AUG27=PUT_CALL_PARITY;MAR28=PUT_CALL_PARITY;DEC27=PUT_CALL_PARITY;DEC28=PUT_CALL_PARITY;SEP28=PUT_CALL_PARITY;DEC30=PUT_CALL_PARITY;JUN28=PUT_CALL_PARITY,OCT26=7852.6;NOV26=7852;FEB27=7923.875;MAR27=7994;DEC26=7923.25;JAN27=7924.5;APR27=8008.375;MAY27=8011.875;JUL27=8099.625;JUN27=8066.75;DEC29=8852.375;SEP27=8159.875;AUG27=8105.75;MAR28=8279;DEC27=8177.5;DEC28=8506.75;SEP28=6112.0875;DEC30=9361.5;JUN28=8372.5,OCT27=GLOBAL_REFERENCE_NO_OBSERVATION;SEP28=GLOBAL_REFERENCE_OUTLIER_SERIES_FORWARD_CLUSTER,WEIGHTED_ATM,2026-10-16,6,685,0.0,NONE,11274,10812,462,0,0,RTM,MDW;MMW;MRW;MTW,OK,NONE,NONE,2026-10-07
SPX,8025.0,316332647.26515746,575.9488884421954,0.0,0.0,0.0,0.0,0.0,0.0,7906.272501294064,7798.927498705937,7959.945002588127,7745.254997411874,DEC26,OCT26,2026-10-08,2026-12-18,7852.6,7825.767905144304,FOUND,DEGRADED,SPOT_MONTH_FALLBACK;UNKNOWN_SERIES;ESTIMATED_EXPIRY_ALIAS,2026-08-02.2,PUT_CALL_PARITY,OCT26,OCT26=PUT_CALL_PARITY;NOV26=PUT_CALL_PARITY;FEB27=PUT_CALL_PARITY;MAR27=PUT_CALL_PARITY;DEC26=PUT_CALL_PARITY;JAN27=PUT_CALL_PARITY;APR27=PUT_CALL_PARITY;MAY27=PUT_CALL_PARITY;JUL27=PUT_CALL_PARITY;JUN27=PUT_CALL_PARITY;DEC29=PUT_CALL_PARITY;OCT27=PUT_CALL_PARITY;SEP27=PUT_CALL_PARITY;AUG27=PUT_CALL_PARITY;MAR28=PUT_CALL_PARITY;DEC27=PUT_CALL_PARITY;DEC28=PUT_CALL_PARITY;SEP28=PUT_CALL_PARITY;DEC30=PUT_CALL_PARITY;JUN28=PUT_CALL_PARITY,OCT26=7852.6;NOV26=7852;FEB27=7923.875;MAR27=7994;DEC26=7923.25;JAN27=7924.5;APR27=8008.375;MAY27=8011.875;JUL27=8099.625;JUN27=8066.75;DEC29=8852.375;SEP27=8159.875;AUG27=8105.75;MAR28=8279;DEC27=8177.5;DEC28=8506.75;SEP28=6112.0875;DEC30=9361.5;JUN28=8372.5,OCT27=GLOBAL_REFERENCE_NO_OBSERVATION;SEP28=GLOBAL_REFERENCE_OUTLIER_SERIES_FORWARD_CLUSTER,WEIGHTED_ATM,2026-10-16,6,685,0.0,NONE,11274,10812,462,0,0,RTM,MDW;MMW;MRW;MTW,OK,NONE,NONE,2026-10-07
SPX,8030.0,57617947.484232165,97.68287531539389,0.0,0.0,0.0,0.0,0.0,0.0,7906.272501294064,7798.927498705937,7959.945002588127,7745.254997411874,DEC26,OCT26,2026-10-08,2026-12-18,7852.6,7825.767905144304,FOUND,DEGRADED,SPOT_MONTH_FALLBACK;UNKNOWN_SERIES;ESTIMATED_EXPIRY_ALIAS,2026-08-02.2,PUT_CALL_PARITY,OCT26,OCT26=PUT_CALL_PARITY;NOV26=PUT_CALL_PARITY;FEB27=PUT_CALL_PARITY;MAR27=PUT_CALL_PARITY;DEC26=PUT_CALL_PARITY;JAN27=PUT_CALL_PARITY;APR27=PUT_CALL_PARITY;MAY27=PUT_CALL_PARITY;JUL27=PUT_CALL_PARITY;JUN27=PUT_CALL_PARITY;DEC29=PUT_CALL_PARITY;OCT27=PUT_CALL_PARITY;SEP27=PUT_CALL_PARITY;AUG27=PUT_CALL_PARITY;MAR28=PUT_CALL_PARITY;DEC27=PUT_CALL_PARITY;DEC28=PUT_CALL_PARITY;SEP28=PUT_CALL_PARITY;DEC30=PUT_CALL_PARITY;JUN28=PUT_CALL_PARITY,OCT26=7852.6;NOV26=7852;FEB27=7923.875;MAR27=7994;DEC26=7923.25;JAN27=7924.5;APR27=8008.375;MAY27=8011.875;JUL27=8099.625;JUN27=8066.75;DEC29=8852.375;SEP27=8159.875;AUG27=8105.75;MAR28=8279;DEC27=8177.5;DEC28=8506.75;SEP28=6112.0875;DEC30=9361.5;JUN28=8372.5,OCT27=GLOBAL_REFERENCE_NO_OBSERVATION;SEP28=GLOBAL_REFERENCE_OUTLIER_SERIES_FORWARD_CLUSTER,WEIGHTED_ATM,2026-10-16,6,685,0.0,NONE,11274,10812,462,0,0,RTM,MDW;MMW;MRW;MTW,OK,NONE,NONE,2026-10-07
SPX,8035.0,15062688.400884684,24.425633269298807,0.0,0.0,0.0,0.0,0.0,0.0,7906.272501294064,7798.927498705937,7959.945002588127,7745.254997411874,DEC26,OCT26,2026-10-08,2026-12-18,7852.6,7825.767905144304,FOUND,DEGRADED,SPOT_MONTH_FALLBACK;UNKNOWN_SERIES;ESTIMATED_EXPIRY_ALIAS,2026-08-02.2,PUT_CALL_PARITY,OCT26,OCT26=PUT_CALL_PARITY;NOV26=PUT_CALL_PARITY;FEB27=PUT_CALL_PARITY;MAR27=PUT_CALL_PARITY;DEC26=PUT_CALL_PARITY;JAN27=PUT_CALL_PARITY;APR27=PUT_CALL_PARITY;MAY27=PUT_CALL_PARITY;JUL27=PUT_CALL_PARITY;JUN27=PUT_CALL_PARITY;DEC29=PUT_CALL_PARITY;OCT27=PUT_CALL_PARITY;SEP27=PUT_CALL_PARITY;AUG27=PUT_CALL_PARITY;MAR28=PUT_CALL_PARITY;DEC27=PUT_CALL_PARITY;DEC28=PUT_CALL_PARITY;SEP28=PUT_CALL_PARITY;DEC30=PUT_CALL_PARITY;JUN28=PUT_CALL_PARITY,OCT26=7852.6;NOV26=7852;FEB27=7923.875;MAR27=7994;DEC26=7923.25;JAN27=7924.5;APR27=8008.375;MAY27=8011.875;JUL27=8099.625;JUN27=8066.75;DEC29=8852.375;SEP27=8159.875;AUG27=8105.75;MAR28=8279;DEC27=8177.5;DEC28=8506.75;SEP28=6112.0875;DEC30=9361.5;JUN28=8372.5,OCT27=GLOBAL_REFERENCE_NO_OBSERVATION;SEP28=GLOBAL_REFERENCE_OUTLIER_SERIES_FORWARD_CLUSTER,WEIGHTED_ATM,2026-10-16,6,685,0.0,NONE,11274,10812,462,0,0,RTM,MDW;MMW;MRW;MTW,OK,NONE,NONE,2026-10-07
SPX,8040.0,114473697.632669,189.4531866224932,0.0,0.0,0.0,0.0,0.0,0.0,7906.272501294064,7798.927498705937,7959.945002588127,7745.254997411874,DEC26,OCT26,2026-10-08,2026-12-18,7852.6,7825.767905144304,FOUND,DEGRADED,SPOT_MONTH_FALLBACK;UNKNOWN_SERIES;ESTIMATED_EXPIRY_ALIAS,2026-08-02.2,PUT_CALL_PARITY,OCT26,OCT26=PUT_CALL_PARITY;NOV26=PUT_CALL_PARITY;FEB27=PUT_CALL_PARITY;MAR27=PUT_CALL_PARITY;DEC26=PUT_CALL_PARITY;JAN27=PUT_CALL_PARITY;APR27=PUT_CALL_PARITY;MAY27=PUT_CALL_PARITY;JUL27=PUT_CALL_PARITY;JUN27=PUT_CALL_PARITY;DEC29=PUT_CALL_PARITY;OCT27=PUT_CALL_PARITY;SEP27=PUT_CALL_PARITY;AUG27=PUT_CALL_PARITY;MAR28=PUT_CALL_PARITY;DEC27=PUT_CALL_PARITY;DEC28=PUT_CALL_PARITY;SEP28=PUT_CALL_PARITY;DEC30=PUT_CALL_PARITY;JUN28=PUT_CALL_PARITY,OCT26=7852.6;NOV26=7852;FEB27=7923.875;MAR27=7994;DEC26=7923.25;JAN27=7924.5;APR27=8008.375;MAY27=8011.875;JUL27=8099.625;JUN27=8066.75;DEC29=8852.375;SEP27=8159.875;AUG27=8105.75;MAR28=8279;DEC27=8177.5;DEC28=8506.75;SEP28=6112.0875;DEC30=9361.5;JUN28=8372.5,OCT27=GLOBAL_REFERENCE_NO_OBSERVATION;SEP28=GLOBAL_REFERENCE_OUTLIER_SERIES_FORWARD_CLUSTER,WEIGHTED_ATM,2026-10-16,6,685,0.0,NONE,11274,10812,462,0,0,RTM,MDW;MMW;MRW;MTW,OK,NONE,NONE,2026-10-07
SPX,8045.0,12091616.20158359,19.609088313780735,0.0,0.0,0.0,0.0,0.0,0.0,7906.272501294064,7798.927498705937,7959.945002588127,7745.254997411874,DEC26,OCT26,2026-10-08,2026-12-18,7852.6,7825.767905144304,FOUND,DEGRADED,SPOT_MONTH_FALLBACK;UNKNOWN_SERIES;ESTIMATED_EXPIRY_ALIAS,2026-08-02.2,PUT_CALL_PARITY,OCT26,OCT26=PUT_CALL_PARITY;NOV26=PUT_CALL_PARITY;FEB27=PUT_CALL_PARITY;MAR27=PUT_CALL_PARITY;DEC26=PUT_CALL_PARITY;JAN27=PUT_CALL_PARITY;APR27=PUT_CALL_PARITY;MAY27=PUT_CALL_PARITY;JUL27=PUT_CALL_PARITY;JUN27=PUT_CALL_PARITY;DEC29=PUT_CALL_PARITY;OCT27=PUT_CALL_PARITY;SEP27=PUT_CALL_PARITY;AUG27=PUT_CALL_PARITY;MAR28=PUT_CALL_PARITY;DEC27=PUT_CALL_PARITY;DEC28=PUT_CALL_PARITY;SEP28=PUT_CALL_PARITY;DEC30=PUT_CALL_PARITY;JUN28=PUT_CALL_PARITY,OCT26=7852.6;NOV26=7852;FEB27=7923.875;MAR27=7994;DEC26=7923.25;JAN27=7924.5;APR27=8008.375;MAY27=8011.875;JUL27=8099.625;JUN27=8066.75;DEC29=8852.375;SEP27=8159.875;AUG27=8105.75;MAR28=8279;DEC27=8177.5;DEC28=8506.75;SEP28=6112.0875;DEC30=9361.5;JUN28=8372.5,OCT27=GLOBAL_REFERENCE_NO_OBSERVATION;SEP28=GLOBAL_REFERENCE_OUTLIER_SERIES_FORWARD_CLUSTER,WEIGHTED_ATM,2026-10-16,6,685,0.0,NONE,11274,10812,462,0,0,RTM,MDW;MMW;MRW;MTW,OK,NONE,NONE,2026-10-07
SPX,8050.0,1231578220.8950305,2530.222164875856,0.0,0.0,0.0,0.0,0.0,0.0,7906.272501294064,7798.927498705937,7959.945002588127,7745.254997411874,DEC26,OCT26,2026-10-08,2026-12-18,7852.6,7825.767905144304,FOUND,DEGRADED,SPOT_MONTH_FALLBACK;UNKNOWN_SERIES;ESTIMATED_EXPIRY_ALIAS,2026-08-02.2,PUT_CALL_PARITY,OCT26,OCT26=PUT_CALL_PARITY;NOV26=PUT_CALL_PARITY;FEB27=PUT_CALL_PARITY;MAR27=PUT_CALL_PARITY;DEC26=PUT_CALL_PARITY;JAN27=PUT_CALL_PARITY;APR27=PUT_CALL_PARITY;MAY27=PUT_CALL_PARITY;JUL27=PUT_CALL_PARITY;JUN27=PUT_CALL_PARITY;DEC29=PUT_CALL_PARITY;OCT27=PUT_CALL_PARITY;SEP27=PUT_CALL_PARITY;AUG27=PUT_CALL_PARITY;MAR28=PUT_CALL_PARITY;DEC27=PUT_CALL_PARITY;DEC28=PUT_CALL_PARITY;SEP28=PUT_CALL_PARITY;DEC30=PUT_CALL_PARITY;JUN28=PUT_CALL_PARITY,OCT26=7852.6;NOV26=7852;FEB27=7923.875;MAR27=7994;DEC26=7923.25;JAN27=7924.5;APR27=8008.375;MAY27=8011.875;JUL27=8099.625;JUN27=8066.75;DEC29=8852.375;SEP27=8159.875;AUG27=8105.75;MAR28=8279;DEC27=8177.5;DEC28=8506.75;SEP28=6112.0875;DEC30=9361.5;JUN28=8372.5,OCT27=GLOBAL_REFERENCE_NO_OBSERVATION;SEP28=GLOBAL_REFERENCE_OUTLIER_SERIES_FORWARD_CLUSTER,WEIGHTED_ATM,2026-10-16,6,685,0.0,NONE,11274,10812,462,0,0,RTM,MDW;MMW;MRW;MTW,OK,NONE,NONE,2026-10-07
SPX,8055.0,3296995.133061679,5.3467681785867995,0.0,0.0,0.0,0.0,0.0,0.0,7906.272501294064,7798.927498705937,7959.945002588127,7745.254997411874,DEC26,OCT26,2026-10-08,2026-12-18,7852.6,7825.767905144304,FOUND,DEGRADED,SPOT_MONTH_FALLBACK;UNKNOWN_SERIES;ESTIMATED_EXPIRY_ALIAS,2026-08-02.2,PUT_CALL_PARITY,OCT26,OCT26=PUT_CALL_PARITY;NOV26=PUT_CALL_PARITY;FEB27=PUT_CALL_PARITY;MAR27=PUT_CALL_PARITY;DEC26=PUT_CALL_PARITY;JAN27=PUT_CALL_PARITY;APR27=PUT_CALL_PARITY;MAY27=PUT_CALL_PARITY;JUL27=PUT_CALL_PARITY;JUN27=PUT_CALL_PARITY;DEC29=PUT_CALL_PARITY;OCT27=PUT_CALL_PARITY;SEP27=PUT_CALL_PARITY;AUG27=PUT_CALL_PARITY;MAR28=PUT_CALL_PARITY;DEC27=PUT_CALL_PARITY;DEC28=PUT_CALL_PARITY;SEP28=PUT_CALL_PARITY;DEC30=PUT_CALL_PARITY;JUN28=PUT_CALL_PARITY,OCT26=7852.6;NOV26=7852;FEB27=7923.875;MAR27=7994;DEC26=7923.25;JAN27=7924.5;APR27=8008.375;MAY27=8011.875;JUL27=8099.625;JUN27=8066.75;DEC29=8852.375;SEP27=8159.875;AUG27=8105.75;MAR28=8279;DEC27=8177.5;DEC28=8506.75;SEP28=6112.0875;DEC30=9361.5;JUN28=8372.5,OCT27=GLOBAL_REFERENCE_NO_OBSERVATION;SEP28=GLOBAL_REFERENCE_OUTLIER_SERIES_FORWARD_CLUSTER,WEIGHTED_ATM,2026-10-16,6,685,0.0,NONE,11274,10812,462,0,0,RTM,MDW;MMW;MRW;MTW,OK,NONE,NONE,2026-10-07
SPX,8060.0,1377336557.1370013,2199.166700216202,0.0,0.0,0.0,0.0,0.0,0.0,7906.272501294064,7798.927498705937,7959.945002588127,7745.254997411874,DEC26,OCT26,2026-10-08,2026-12-18,7852.6,7825.767905144304,FOUND,DEGRADED,SPOT_MONTH_FALLBACK;UNKNOWN_SERIES;ESTIMATED_EXPIRY_ALIAS,2026-08-02.2,PUT_CALL_PARITY,OCT26,OCT26=PUT_CALL_PARITY;NOV26=PUT_CALL_PARITY;FEB27=PUT_CALL_PARITY;MAR27=PUT_CALL_PARITY;DEC26=PUT_CALL_PARITY;JAN27=PUT_CALL_PARITY;APR27=PUT_CALL_PARITY;MAY27=PUT_CALL_PARITY;JUL27=PUT_CALL_PARITY;JUN27=PUT_CALL_PARITY;DEC29=PUT_CALL_PARITY;OCT27=PUT_CALL_PARITY;SEP27=PUT_CALL_PARITY;AUG27=PUT_CALL_PARITY;MAR28=PUT_CALL_PARITY;DEC27=PUT_CALL_PARITY;DEC28=PUT_CALL_PARITY;SEP28=PUT_CALL_PARITY;DEC30=PUT_CALL_PARITY;JUN28=PUT_CALL_PARITY,OCT26=7852.6;NOV26=7852;FEB27=7923.875;MAR27=7994;DEC26=7923.25;JAN27=7924.5;APR27=8008.375;MAY27=8011.875;JUL27=8099.625;JUN27=8066.75;DEC29=8852.375;SEP27=8159.875;AUG27=8105.75;MAR28=8279;DEC27=8177.5;DEC28=8506.75;SEP28=6112.0875;DEC30=9361.5;JUN28=8372.5,OCT27=GLOBAL_REFERENCE_NO_OBSERVATION;SEP28=GLOBAL_REFERENCE_OUTLIER_SERIES_FORWARD_CLUSTER,WEIGHTED_ATM,2026-10-16,6,685,0.0,NONE,11274,10812,462,0,0,RTM,MDW;MMW;MRW;MTW,OK,NONE,NONE,2026-10-07
SPX,8065.0,7029481.035229905,11.399775854762694,0.0,0.0,0.0,0.0,0.0,0.0,7906.272501294064,7798.927498705937,7959.945002588127,7745.254997411874,DEC26,OCT26,2026-10-08,2026-12-18,7852.6,7825.767905144304,FOUND,DEGRADED,SPOT_MONTH_FALLBACK;UNKNOWN_SERIES;ESTIMATED_EXPIRY_ALIAS,2026-08-02.2,PUT_CALL_PARITY,OCT26,OCT26=PUT_CALL_PARITY;NOV26=PUT_CALL_PARITY;FEB27=PUT_CALL_PARITY;MAR27=PUT_CALL_PARITY;DEC26=PUT_CALL_PARITY;JAN27=PUT_CALL_PARITY;APR27=PUT_CALL_PARITY;MAY27=PUT_CALL_PARITY;JUL27=PUT_CALL_PARITY;JUN27=PUT_CALL_PARITY;DEC29=PUT_CALL_PARITY;OCT27=PUT_CALL_PARITY;SEP27=PUT_CALL_PARITY;AUG27=PUT_CALL_PARITY;MAR28=PUT_CALL_PARITY;DEC27=PUT_CALL_PARITY;DEC28=PUT_CALL_PARITY;SEP28=PUT_CALL_PARITY;DEC30=PUT_CALL_PARITY;JUN28=PUT_CALL_PARITY,OCT26=7852.6;NOV26=7852;FEB27=7923.875;MAR27=7994;DEC26=7923.25;JAN27=7924.5;APR27=8008.375;MAY27=8011.875;JUL27=8099.625;JUN27=8066.75;DEC29=8852.375;SEP27=8159.875;AUG27=8105.75;MAR28=8279;DEC27=8177.5;DEC28=8506.75;SEP28=6112.0875;DEC30=9361.5;JUN28=8372.5,OCT27=GLOBAL_REFERENCE_NO_OBSERVATION;SEP28=GLOBAL_REFERENCE_OUTLIER_SERIES_FORWARD_CLUSTER,WEIGHTED_ATM,2026-10-16,6,685,0.0,NONE,11274,10812,462,0,0,RTM,MDW;MMW;MRW;MTW,OK,NONE,NONE,2026-10-07
SPX,8070.0,29561506.289251182,51.13935263043025,0.0,0.0,0.0,0.0,0.0,0.0,7906.272501294064,7798.927498705937,7959.945002588127,7745.254997411874,DEC26,OCT26,2026-10-08,2026-12-18,7852.6,7825.767905144304,FOUND,DEGRADED,SPOT_MONTH_FALLBACK;UNKNOWN_SERIES;ESTIMATED_EXPIRY_ALIAS,2026-08-02.2,PUT_CALL_PARITY,OCT26,OCT26=PUT_CALL_PARITY;NOV26=PUT_CALL_PARITY;FEB27=PUT_CALL_PARITY;MAR27=PUT_CALL_PARITY;DEC26=PUT_CALL_PARITY;JAN27=PUT_CALL_PARITY;APR27=PUT_CALL_PARITY;MAY27=PUT_CALL_PARITY;JUL27=PUT_CALL_PARITY;JUN27=PUT_CALL_PARITY;DEC29=PUT_CALL_PARITY;OCT27=PUT_CALL_PARITY;SEP27=PUT_CALL_PARITY;AUG27=PUT_CALL_PARITY;MAR28=PUT_CALL_PARITY;DEC27=PUT_CALL_PARITY;DEC28=PUT_CALL_PARITY;SEP28=PUT_CALL_PARITY;DEC30=PUT_CALL_PARITY;JUN28=PUT_CALL_PARITY,OCT26=7852.6;NOV26=7852;FEB27=7923.875;MAR27=7994;DEC26=7923.25;JAN27=7924.5;APR27=8008.375;MAY27=8011.875;JUL27=8099.625;JUN27=8066.75;DEC29=8852.375;SEP27=8159.875;AUG27=8105.75;MAR28=8279;DEC27=8177.5;DEC28=8506.75;SEP28=6112.0875;DEC30=9361.5;JUN28=8372.5,OCT27=GLOBAL_REFERENCE_NO_OBSERVATION;SEP28=GLOBAL_REFERENCE_OUTLIER_SERIES_FORWARD_CLUSTER,WEIGHTED_ATM,2026-10-16,6,685,0.0,NONE,11274,10812,462,0,0,RTM,MDW;MMW;MRW;MTW,OK,NONE,NONE,2026-10-07
SPX,8075.0,200751491.08595443,368.2591408469756,0.0,0.0,0.0,0.0,0.0,0.0,7906.272501294064,7798.927498705937,7959.945002588127,7745.254997411874,DEC26,OCT26,2026-10-08,2026-12-18,7852.6,7825.767905144304,FOUND,DEGRADED,SPOT_MONTH_FALLBACK;UNKNOWN_SERIES;ESTIMATED_EXPIRY_ALIAS,2026-08-02.2,PUT_CALL_PARITY,OCT26,OCT26=PUT_CALL_PARITY;NOV26=PUT_CALL_PARITY;FEB27=PUT_CALL_PARITY;MAR27=PUT_CALL_PARITY;DEC26=PUT_CALL_PARITY;JAN27=PUT_CALL_PARITY;APR27=PUT_CALL_PARITY;MAY27=PUT_CALL_PARITY;JUL27=PUT_CALL_PARITY;JUN27=PUT_CALL_PARITY;DEC29=PUT_CALL_PARITY;OCT27=PUT_CALL_PARITY;SEP27=PUT_CALL_PARITY;AUG27=PUT_CALL_PARITY;MAR28=PUT_CALL_PARITY;DEC27=PUT_CALL_PARITY;DEC28=PUT_CALL_PARITY;SEP28=PUT_CALL_PARITY;DEC30=PUT_CALL_PARITY;JUN28=PUT_CALL_PARITY,OCT26=7852.6;NOV26=7852;FEB27=7923.875;MAR27=7994;DEC26=7923.25;JAN27=7924.5;APR27=8008.375;MAY27=8011.875;JUL27=8099.625;JUN27=8066.75;DEC29=8852.375;SEP27=8159.875;AUG27=8105.75;MAR28=8279;DEC27=8177.5;DEC28=8506.75;SEP28=6112.0875;DEC30=9361.5;JUN28=8372.5,OCT27=GLOBAL_REFERENCE_NO_OBSERVATION;SEP28=GLOBAL_REFERENCE_OUTLIER_SERIES_FORWARD_CLUSTER,WEIGHTED_ATM,2026-10-16,6,685,0.0,NONE,11274,10812,462,0,0,RTM,MDW;MMW;MRW;MTW,OK,NONE,NONE,2026-10-07
SPX,8080.0,278135268.66385186,453.730872217048,0.0,0.0,0.0,0.0,0.0,0.0,7906.272501294064,7798.927498705937,7959.945002588127,7745.254997411874,DEC26,OCT26,2026-10-08,2026-12-18,7852.6,7825.767905144304,FOUND,DEGRADED,SPOT_MONTH_FALLBACK;UNKNOWN_SERIES;ESTIMATED_EXPIRY_ALIAS,2026-08-02.2,PUT_CALL_PARITY,OCT26,OCT26=PUT_CALL_PARITY;NOV26=PUT_CALL_PARITY;FEB27=PUT_CALL_PARITY;MAR27=PUT_CALL_PARITY;DEC26=PUT_CALL_PARITY;JAN27=PUT_CALL_PARITY;APR27=PUT_CALL_PARITY;MAY27=PUT_CALL_PARITY;JUL27=PUT_CALL_PARITY;JUN27=PUT_CALL_PARITY;DEC29=PUT_CALL_PARITY;OCT27=PUT_CALL_PARITY;SEP27=PUT_CALL_PARITY;AUG27=PUT_CALL_PARITY;MAR28=PUT_CALL_PARITY;DEC27=PUT_CALL_PARITY;DEC28=PUT_CALL_PARITY;SEP28=PUT_CALL_PARITY;DEC30=PUT_CALL_PARITY;JUN28=PUT_CALL_PARITY,OCT26=7852.6;NOV26=7852;FEB27=7923.875;MAR27=7994;DEC26=7923.25;JAN27=7924.5;APR27=8008.375;MAY27=8011.875;JUL27=8099.625;JUN27=8066.75;DEC29=8852.375;SEP27=8159.875;AUG27=8105.75;MAR28=8279;DEC27=8177.5;DEC28=8506.75;SEP28=6112.0875;DEC30=9361.5;JUN28=8372.5,OCT27=GLOBAL_REFERENCE_NO_OBSERVATION;SEP28=GLOBAL_REFERENCE_OUTLIER_SERIES_FORWARD_CLUSTER,WEIGHTED_ATM,2026-10-16,6,685,0.0,NONE,11274,10812,462,0,0,RTM,MDW;MMW;MRW;MTW,OK,NONE,NONE,2026-10-07
SPX,8085.0,2392569.0675788578,3.8800518773354247,0.0,0.0,0.0,0.0,0.0,0.0,7906.272501294064,7798.927498705937,7959.945002588127,7745.254997411874,DEC26,OCT26,2026-10-08,2026-12-18,7852.6,7825.767905144304,FOUND,DEGRADED,SPOT_MONTH_FALLBACK;UNKNOWN_SERIES;ESTIMATED_EXPIRY_ALIAS,2026-08-02.2,PUT_CALL_PARITY,OCT26,OCT26=PUT_CALL_PARITY;NOV26=PUT_CALL_PARITY;FEB27=PUT_CALL_PARITY;MAR27=PUT_CALL_PARITY;DEC26=PUT_CALL_PARITY;JAN27=PUT_CALL_PARITY;APR27=PUT_CALL_PARITY;MAY27=PUT_CALL_PARITY;JUL27=PUT_CALL_PARITY;JUN27=PUT_CALL_PARITY;DEC29=PUT_CALL_PARITY;OCT27=PUT_CALL_PARITY;SEP27=PUT_CALL_PARITY;AUG27=PUT_CALL_PARITY;MAR28=PUT_CALL_PARITY;DEC27=PUT_CALL_PARITY;DEC28=PUT_CALL_PARITY;SEP28=PUT_CALL_PARITY;DEC30=PUT_CALL_PARITY;JUN28=PUT_CALL_PARITY,OCT26=7852.6;NOV26=7852;FEB27=7923.875;MAR27=7994;DEC26=7923.25;JAN27=7924.5;APR27=8008.375;MAY27=8011.875;JUL27=8099.625;JUN27=8066.75;DEC29=8852.375;SEP27=8159.875;AUG27=8105.75;MAR28=8279;DEC27=8177.5;DEC28=8506.75;SEP28=6112.0875;DEC30=9361.5;JUN28=8372.5,OCT27=GLOBAL_REFERENCE_NO_OBSERVATION;SEP28=GLOBAL_REFERENCE_OUTLIER_SERIES_FORWARD_CLUSTER,WEIGHTED_ATM,2026-10-16,6,685,0.0,NONE,11274,10812,462,0,0,RTM,MDW;MMW;MRW;MTW,OK,NONE,NONE,2026-10-07
SPX,8090.0,33651033.160111606,57.398587315962146,0.0,0.0,0.0,0.0,0.0,0.0,7906.272501294064,7798.927498705937,7959.945002588127,7745.254997411874,DEC26,OCT26,2026-10-08,2026-12-18,7852.6,7825.767905144304,FOUND,DEGRADED,SPOT_MONTH_FALLBACK;UNKNOWN_SERIES;ESTIMATED_EXPIRY_ALIAS,2026-08-02.2,PUT_CALL_PARITY,OCT26,OCT26=PUT_CALL_PARITY;NOV26=PUT_CALL_PARITY;FEB27=PUT_CALL_PARITY;MAR27=PUT_CALL_PARITY;DEC26=PUT_CALL_PARITY;JAN27=PUT_CALL_PARITY;APR27=PUT_CALL_PARITY;MAY27=PUT_CALL_PARITY;JUL27=PUT_CALL_PARITY;JUN27=PUT_CALL_PARITY;DEC29=PUT_CALL_PARITY;OCT27=PUT_CALL_PARITY;SEP27=PUT_CALL_PARITY;AUG27=PUT_CALL_PARITY;MAR28=PUT_CALL_PARITY;DEC27=PUT_CALL_PARITY;DEC28=PUT_CALL_PARITY;SEP28=PUT_CALL_PARITY;DEC30=PUT_CALL_PARITY;JUN28=PUT_CALL_PARITY,OCT26=7852.6;NOV26=7852;FEB27=7923.875;MAR27=7994;DEC26=7923.25;JAN27=7924.5;APR27=8008.375;MAY27=8011.875;JUL27=8099.625;JUN27=8066.75;DEC29=8852.375;SEP27=8159.875;AUG27=8105.75;MAR28=8279;DEC27=8177.5;DEC28=8506.75;SEP28=6112.0875;DEC30=9361.5;JUN28=8372.5,OCT27=GLOBAL_REFERENCE_NO_OBSERVATION;SEP28=GLOBAL_REFERENCE_OUTLIER_SERIES_FORWARD_CLUSTER,WEIGHTED_ATM,2026-10-16,6,685,0.0,NONE,11274,10812,462,0,0,RTM,MDW;MMW;MRW;MTW,OK,NONE,NONE,2026-10-07
SPX,8095.0,48857.7850687022,0.07923313196977144,0.0,0.0,0.0,0.0,0.0,0.0,7906.272501294064,7798.927498705937,7959.945002588127,7745.254997411874,DEC26,OCT26,2026-10-08,2026-12-18,7852.6,7825.767905144304,FOUND,DEGRADED,SPOT_MONTH_FALLBACK;UNKNOWN_SERIES;ESTIMATED_EXPIRY_ALIAS,2026-08-02.2,PUT_CALL_PARITY,OCT26,OCT26=PUT_CALL_PARITY;NOV26=PUT_CALL_PARITY;FEB27=PUT_CALL_PARITY;MAR27=PUT_CALL_PARITY;DEC26=PUT_CALL_PARITY;JAN27=PUT_CALL_PARITY;APR27=PUT_CALL_PARITY;MAY27=PUT_CALL_PARITY;JUL27=PUT_CALL_PARITY;JUN27=PUT_CALL_PARITY;DEC29=PUT_CALL_PARITY;OCT27=PUT_CALL_PARITY;SEP27=PUT_CALL_PARITY;AUG27=PUT_CALL_PARITY;MAR28=PUT_CALL_PARITY;DEC27=PUT_CALL_PARITY;DEC28=PUT_CALL_PARITY;SEP28=PUT_CALL_PARITY;DEC30=PUT_CALL_PARITY;JUN28=PUT_CALL_PARITY,OCT26=7852.6;NOV26=7852;FEB27=7923.875;MAR27=7994;DEC26=7923.25;JAN27=7924.5;APR27=8008.375;MAY27=8011.875;JUL27=8099.625;JUN27=8066.75;DEC29=8852.375;SEP27=8159.875;AUG27=8105.75;MAR28=8279;DEC27=8177.5;DEC28=8506.75;SEP28=6112.0875;DEC30=9361.5;JUN28=8372.5,OCT27=GLOBAL_REFERENCE_NO_OBSERVATION;SEP28=GLOBAL_REFERENCE_OUTLIER_SERIES_FORWARD_CLUSTER,WEIGHTED_ATM,2026-10-16,6,685,0.0,NONE,11274,10812,462,0,0,RTM,MDW;MMW;MRW;MTW,OK,NONE,NONE,2026-10-07
SPX,8100.0,1005692147.1964617,1974.843362470031,0.0,0.0,0.0,0.0,0.0,0.0,7906.272501294064,7798.927498705937,7959.945002588127,7745.254997411874,DEC26,OCT26,2026-10-08,2026-12-18,7852.6,7825.767905144304,FOUND,DEGRADED,SPOT_MONTH_FALLBACK;UNKNOWN_SERIES;ESTIMATED_EXPIRY_ALIAS,2026-08-02.2,PUT_CALL_PARITY,OCT26,OCT26=PUT_CALL_PARITY;NOV26=PUT_CALL_PARITY;FEB27=PUT_CALL_PARITY;MAR27=PUT_CALL_PARITY;DEC26=PUT_CALL_PARITY;JAN27=PUT_CALL_PARITY;APR27=PUT_CALL_PARITY;MAY27=PUT_CALL_PARITY;JUL27=PUT_CALL_PARITY;JUN27=PUT_CALL_PARITY;DEC29=PUT_CALL_PARITY;OCT27=PUT_CALL_PARITY;SEP27=PUT_CALL_PARITY;AUG27=PUT_CALL_PARITY;MAR28=PUT_CALL_PARITY;DEC27=PUT_CALL_PARITY;DEC28=PUT_CALL_PARITY;SEP28=PUT_CALL_PARITY;DEC30=PUT_CALL_PARITY;JUN28=PUT_CALL_PARITY,OCT26=7852.6;NOV26=7852;FEB27=7923.875;MAR27=7994;DEC26=7923.25;JAN27=7924.5;APR27=8008.375;MAY27=8011.875;JUL27=8099.625;JUN27=8066.75;DEC29=8852.375;SEP27=8159.875;AUG27=8105.75;MAR28=8279;DEC27=8177.5;DEC28=8506.75;SEP28=6112.0875;DEC30=9361.5;JUN28=8372.5,OCT27=GLOBAL_REFERENCE_NO_OBSERVATION;SEP28=GLOBAL_REFERENCE_OUTLIER_SERIES_FORWARD_CLUSTER,WEIGHTED_ATM,2026-10-16,6,685,0.0,NONE,11274,10812,462,0,0,RTM,MDW;MMW;MRW;MTW,OK,NONE,NONE,2026-10-07
SPX,8105.0,4176258.1419720342,6.772677313091556,0.0,0.0,0.0,0.0,0.0,0.0,7906.272501294064,7798.927498705937,7959.945002588127,7745.254997411874,DEC26,OCT26,2026-10-08,2026-12-18,7852.6,7825.767905144304,FOUND,DEGRADED,SPOT_MONTH_FALLBACK;UNKNOWN_SERIES;ESTIMATED_EXPIRY_ALIAS,2026-08-02.2,PUT_CALL_PARITY,OCT26,OCT26=PUT_CALL_PARITY;NOV26=PUT_CALL_PARITY;FEB27=PUT_CALL_PARITY;MAR27=PUT_CALL_PARITY;DEC26=PUT_CALL_PARITY;JAN27=PUT_CALL_PARITY;APR27=PUT_CALL_PARITY;MAY27=PUT_CALL_PARITY;JUL27=PUT_CALL_PARITY;JUN27=PUT_CALL_PARITY;DEC29=PUT_CALL_PARITY;OCT27=PUT_CALL_PARITY;SEP27=PUT_CALL_PARITY;AUG27=PUT_CALL_PARITY;MAR28=PUT_CALL_PARITY;DEC27=PUT_CALL_PARITY;DEC28=PUT_CALL_PARITY;SEP28=PUT_CALL_PARITY;DEC30=PUT_CALL_PARITY;JUN28=PUT_CALL_PARITY,OCT26=7852.6;NOV26=7852;FEB27=7923.875;MAR27=7994;DEC26=7923.25;JAN27=7924.5;APR27=8008.375;MAY27=8011.875;JUL27=8099.625;JUN27=8066.75;DEC29=8852.375;SEP27=8159.875;AUG27=8105.75;MAR28=8279;DEC27=8177.5;DEC28=8506.75;SEP28=6112.0875;DEC30=9361.5;JUN28=8372.5,OCT27=GLOBAL_REFERENCE_NO_OBSERVATION;SEP28=GLOBAL_REFERENCE_OUTLIER_SERIES_FORWARD_CLUSTER,WEIGHTED_ATM,2026-10-16,6,685,0.0,NONE,11274,10812,462,0,0,RTM,MDW;MMW;MRW;MTW,OK,NONE,NONE,2026-10-07
SPX,8110.0,11769624.247046271,21.4588255867286,0.0,0.0,0.0,0.0,0.0,0.0,7906.272501294064,7798.927498705937,7959.945002588127,7745.254997411874,DEC26,OCT26,2026-10-08,2026-12-18,7852.6,7825.767905144304,FOUND,DEGRADED,SPOT_MONTH_FALLBACK;UNKNOWN_SERIES;ESTIMATED_EXPIRY_ALIAS,2026-08-02.2,PUT_CALL_PARITY,OCT26,OCT26=PUT_CALL_PARITY;NOV26=PUT_CALL_PARITY;FEB27=PUT_CALL_PARITY;MAR27=PUT_CALL_PARITY;DEC26=PUT_CALL_PARITY;JAN27=PUT_CALL_PARITY;APR27=PUT_CALL_PARITY;MAY27=PUT_CALL_PARITY;JUL27=PUT_CALL_PARITY;JUN27=PUT_CALL_PARITY;DEC29=PUT_CALL_PARITY;OCT27=PUT_CALL_PARITY;SEP27=PUT_CALL_PARITY;AUG27=PUT_CALL_PARITY;MAR28=PUT_CALL_PARITY;DEC27=PUT_CALL_PARITY;DEC28=PUT_CALL_PARITY;SEP28=PUT_CALL_PARITY;DEC30=PUT_CALL_PARITY;JUN28=PUT_CALL_PARITY,OCT26=7852.6;NOV26=7852;FEB27=7923.875;MAR27=7994;DEC26=7923.25;JAN27=7924.5;APR27=8008.375;MAY27=8011.875;JUL27=8099.625;JUN27=8066.75;DEC29=8852.375;SEP27=8159.875;AUG27=8105.75;MAR28=8279;DEC27=8177.5;DEC28=8506.75;SEP28=6112.0875;DEC30=9361.5;JUN28=8372.5,OCT27=GLOBAL_REFERENCE_NO_OBSERVATION;SEP28=GLOBAL_REFERENCE_OUTLIER_SERIES_FORWARD_CLUSTER,WEIGHTED_ATM,2026-10-16,6,685,0.0,NONE,11274,10812,462,0,0,RTM,MDW;MMW;MRW;MTW,OK,NONE,NONE,2026-10-07
SPX,8115.0,26146.409969571032,0.04240188024777765,0.0,0.0,0.0,0.0,0.0,0.0,7906.272501294064,7798.927498705937,7959.945002588127,7745.254997411874,DEC26,OCT26,2026-10-08,2026-12-18,7852.6,7825.767905144304,FOUND,DEGRADED,SPOT_MONTH_FALLBACK;UNKNOWN_SERIES;ESTIMATED_EXPIRY_ALIAS,2026-08-02.2,PUT_CALL_PARITY,OCT26,OCT26=PUT_CALL_PARITY;NOV26=PUT_CALL_PARITY;FEB27=PUT_CALL_PARITY;MAR27=PUT_CALL_PARITY;DEC26=PUT_CALL_PARITY;JAN27=PUT_CALL_PARITY;APR27=PUT_CALL_PARITY;MAY27=PUT_CALL_PARITY;JUL27=PUT_CALL_PARITY;JUN27=PUT_CALL_PARITY;DEC29=PUT_CALL_PARITY;OCT27=PUT_CALL_PARITY;SEP27=PUT_CALL_PARITY;AUG27=PUT_CALL_PARITY;MAR28=PUT_CALL_PARITY;DEC27=PUT_CALL_PARITY;DEC28=PUT_CALL_PARITY;SEP28=PUT_CALL_PARITY;DEC30=PUT_CALL_PARITY;JUN28=PUT_CALL_PARITY,OCT26=7852.6;NOV26=7852;FEB27=7923.875;MAR27=7994;DEC26=7923.25;JAN27=7924.5;APR27=8008.375;MAY27=8011.875;JUL27=8099.625;JUN27=8066.75;DEC29=8852.375;SEP27=8159.875;AUG27=8105.75;MAR28=8279;DEC27=8177.5;DEC28=8506.75;SEP28=6112.0875;DEC30=9361.5;JUN28=8372.5,OCT27=GLOBAL_REFERENCE_NO_OBSERVATION;SEP28=GLOBAL_REFERENCE_OUTLIER_SERIES_FORWARD_CLUSTER,WEIGHTED_ATM,2026-10-16,6,685,0.0,NONE,11274,10812,462,0,0,RTM,MDW;MMW;MRW;MTW,OK,NONE,NONE,2026-10-07
SPX,8120.0,21682836.970584508,37.06011809347031,0.0,0.0,0.0,0.0,0.0,0.0,7906.272501294064,7798.927498705937,7959.945002588127,7745.254997411874,DEC26,OCT26,2026-10-08,2026-12-18,7852.6,7825.767905144304,FOUND,DEGRADED,SPOT_MONTH_FALLBACK;UNKNOWN_SERIES;ESTIMATED_EXPIRY_ALIAS,2026-08-02.2,PUT_CALL_PARITY,OCT26,OCT26=PUT_CALL_PARITY;NOV26=PUT_CALL_PARITY;FEB27=PUT_CALL_PARITY;MAR27=PUT_CALL_PARITY;DEC26=PUT_CALL_PARITY;JAN27=PUT_CALL_PARITY;APR27=PUT_CALL_PARITY;MAY27=PUT_CALL_PARITY;JUL27=PUT_CALL_PARITY;JUN27=PUT_CALL_PARITY;DEC29=PUT_CALL_PARITY;OCT27=PUT_CALL_PARITY;SEP27=PUT_CALL_PARITY;AUG27=PUT_CALL_PARITY;MAR28=PUT_CALL_PARITY;DEC27=PUT_CALL_PARITY;DEC28=PUT_CALL_PARITY;SEP28=PUT_CALL_PARITY;DEC30=PUT_CALL_PARITY;JUN28=PUT_CALL_PARITY,OCT26=7852.6;NOV26=7852;FEB27=7923.875;MAR27=7994;DEC26=7923.25;JAN27=7924.5;APR27=8008.375;MAY27=8011.875;JUL27=8099.625;JUN27=8066.75;DEC29=8852.375;SEP27=8159.875;AUG27=8105.75;MAR28=8279;DEC27=8177.5;DEC28=8506.75;SEP28=6112.0875;DEC30=9361.5;JUN28=8372.5,OCT27=GLOBAL_REFERENCE_NO_OBSERVATION;SEP28=GLOBAL_REFERENCE_OUTLIER_SERIES_FORWARD_CLUSTER,WEIGHTED_ATM,2026-10-16,6,685,0.0,NONE,11274,10812,462,0,0,RTM,MDW;MMW;MRW;MTW,OK,NONE,NONE,2026-10-07
SPX,8125.0,141223799.43877608,276.53262056288327,0.0,0.0,0.0,0.0,0.0,0.0,7906.272501294064,7798.927498705937,7959.945002588127,7745.254997411874,DEC26,OCT26,2026-10-08,2026-12-18,7852.6,7825.767905144304,FOUND,DEGRADED,SPOT_MONTH_FALLBACK;UNKNOWN_SERIES;ESTIMATED_EXPIRY_ALIAS,2026-08-02.2,PUT_CALL_PARITY,OCT26,OCT26=PUT_CALL_PARITY;NOV26=PUT_CALL_PARITY;FEB27=PUT_CALL_PARITY;MAR27=PUT_CALL_PARITY;DEC26=PUT_CALL_PARITY;JAN27=PUT_CALL_PARITY;APR27=PUT_CALL_PARITY;MAY27=PUT_CALL_PARITY;JUL27=PUT_CALL_PARITY;JUN27=PUT_CALL_PARITY;DEC29=PUT_CALL_PARITY;OCT27=PUT_CALL_PARITY;SEP27=PUT_CALL_PARITY;AUG27=PUT_CALL_PARITY;MAR28=PUT_CALL_PARITY;DEC27=PUT_CALL_PARITY;DEC28=PUT_CALL_PARITY;SEP28=PUT_CALL_PARITY;DEC30=PUT_CALL_PARITY;JUN28=PUT_CALL_PARITY,OCT26=7852.6;NOV26=7852;FEB27=7923.875;MAR27=7994;DEC26=7923.25;JAN27=7924.5;APR27=8008.375;MAY27=8011.875;JUL27=8099.625;JUN27=8066.75;DEC29=8852.375;SEP27=8159.875;AUG27=8105.75;MAR28=8279;DEC27=8177.5;DEC28=8506.75;SEP28=6112.0875;DEC30=9361.5;JUN28=8372.5,OCT27=GLOBAL_REFERENCE_NO_OBSERVATION;SEP28=GLOBAL_REFERENCE_OUTLIER_SERIES_FORWARD_CLUSTER,WEIGHTED_ATM,2026-10-16,6,685,0.0,NONE,11274,10812,462,0,0,RTM,MDW;MMW;MRW;MTW,OK,NONE,NONE,2026-10-07
SPX,8130.0,12111103.192821894,20.99358275183345,0.0,0.0,0.0,0.0,0.0,0.0,7906.272501294064,7798.927498705937,7959.945002588127,7745.254997411874,DEC26,OCT26,2026-10-08,2026-12-18,7852.6,7825.767905144304,FOUND,DEGRADED,SPOT_MONTH_FALLBACK;UNKNOWN_SERIES;ESTIMATED_EXPIRY_ALIAS,2026-08-02.2,PUT_CALL_PARITY,OCT26,OCT26=PUT_CALL_PARITY;NOV26=PUT_CALL_PARITY;FEB27=PUT_CALL_PARITY;MAR27=PUT_CALL_PARITY;DEC26=PUT_CALL_PARITY;JAN27=PUT_CALL_PARITY;APR27=PUT_CALL_PARITY;MAY27=PUT_CALL_PARITY;JUL27=PUT_CALL_PARITY;JUN27=PUT_CALL_PARITY;DEC29=PUT_CALL_PARITY;OCT27=PUT_CALL_PARITY;SEP27=PUT_CALL_PARITY;AUG27=PUT_CALL_PARITY;MAR28=PUT_CALL_PARITY;DEC27=PUT_CALL_PARITY;DEC28=PUT_CALL_PARITY;SEP28=PUT_CALL_PARITY;DEC30=PUT_CALL_PARITY;JUN28=PUT_CALL_PARITY,OCT26=7852.6;NOV26=7852;FEB27=7923.875;MAR27=7994;DEC26=7923.25;JAN27=7924.5;APR27=8008.375;MAY27=8011.875;JUL27=8099.625;JUN27=8066.75;DEC29=8852.375;SEP27=8159.875;AUG27=8105.75;MAR28=8279;DEC27=8177.5;DEC28=8506.75;SEP28=6112.0875;DEC30=9361.5;JUN28=8372.5,OCT27=GLOBAL_REFERENCE_NO_OBSERVATION;SEP28=GLOBAL_REFERENCE_OUTLIER_SERIES_FORWARD_CLUSTER,WEIGHTED_ATM,2026-10-16,6,685,0.0,NONE,11274,10812,462,0,0,RTM,MDW;MMW;MRW;MTW,OK,NONE,NONE,2026-10-07
SPX,8140.0,35363194.92254019,58.85857178701852,0.0,0.0,0.0,0.0,0.0,0.0,7906.272501294064,7798.927498705937,7959.945002588127,7745.254997411874,DEC26,OCT26,2026-10-08,2026-12-18,7852.6,7825.767905144304,FOUND,DEGRADED,SPOT_MONTH_FALLBACK;UNKNOWN_SERIES;ESTIMATED_EXPIRY_ALIAS,2026-08-02.2,PUT_CALL_PARITY,OCT26,OCT26=PUT_CALL_PARITY;NOV26=PUT_CALL_PARITY;FEB27=PUT_CALL_PARITY;MAR27=PUT_CALL_PARITY;DEC26=PUT_CALL_PARITY;JAN27=PUT_CALL_PARITY;APR27=PUT_CALL_PARITY;MAY27=PUT_CALL_PARITY;JUL27=PUT_CALL_PARITY;JUN27=PUT_CALL_PARITY;DEC29=PUT_CALL_PARITY;OCT27=PUT_CALL_PARITY;SEP27=PUT_CALL_PARITY;AUG27=PUT_CALL_PARITY;MAR28=PUT_CALL_PARITY;DEC27=PUT_CALL_PARITY;DEC28=PUT_CALL_PARITY;SEP28=PUT_CALL_PARITY;DEC30=PUT_CALL_PARITY;JUN28=PUT_CALL_PARITY,OCT26=7852.6;NOV26=7852;FEB27=7923.875;MAR27=7994;DEC26=7923.25;JAN27=7924.5;APR27=8008.375;MAY27=8011.875;JUL27=8099.625;JUN27=8066.75;DEC29=8852.375;SEP27=8159.875;AUG27=8105.75;MAR28=8279;DEC27=8177.5;DEC28=8506.75;SEP28=6112.0875;DEC30=9361.5;JUN28=8372.5,OCT27=GLOBAL_REFERENCE_NO_OBSERVATION;SEP28=GLOBAL_REFERENCE_OUTLIER_SERIES_FORWARD_CLUSTER,WEIGHTED_ATM,2026-10-16,6,685,0.0,NONE,11274,10812,462,0,0,RTM,MDW;MMW;MRW;MTW,OK,NONE,NONE,2026-10-07
SPX,8145.0,16895.79604443215,0.027400072185842846,0.0,0.0,0.0,0.0,0.0,0.0,7906.272501294064,7798.927498705937,7959.945002588127,7745.254997411874,DEC26,OCT26,2026-10-08,2026-12-18,7852.6,7825.767905144304,FOUND,DEGRADED,SPOT_MONTH_FALLBACK;UNKNOWN_SERIES;ESTIMATED_EXPIRY_ALIAS,2026-08-02.2,PUT_CALL_PARITY,OCT26,OCT26=PUT_CALL_PARITY;NOV26=PUT_CALL_PARITY;FEB27=PUT_CALL_PARITY;MAR27=PUT_CALL_PARITY;DEC26=PUT_CALL_PARITY;JAN27=PUT_CALL_PARITY;APR27=PUT_CALL_PARITY;MAY27=PUT_CALL_PARITY;JUL27=PUT_CALL_PARITY;JUN27=PUT_CALL_PARITY;DEC29=PUT_CALL_PARITY;OCT27=PUT_CALL_PARITY;SEP27=PUT_CALL_PARITY;AUG27=PUT_CALL_PARITY;MAR28=PUT_CALL_PARITY;DEC27=PUT_CALL_PARITY;DEC28=PUT_CALL_PARITY;SEP28=PUT_CALL_PARITY;DEC30=PUT_CALL_PARITY;JUN28=PUT_CALL_PARITY,OCT26=7852.6;NOV26=7852;FEB27=7923.875;MAR27=7994;DEC26=7923.25;JAN27=7924.5;APR27=8008.375;MAY27=8011.875;JUL27=8099.625;JUN27=8066.75;DEC29=8852.375;SEP27=8159.875;AUG27=8105.75;MAR28=8279;DEC27=8177.5;DEC28=8506.75;SEP28=6112.0875;DEC30=9361.5;JUN28=8372.5,OCT27=GLOBAL_REFERENCE_NO_OBSERVATION;SEP28=GLOBAL_REFERENCE_OUTLIER_SERIES_FORWARD_CLUSTER,WEIGHTED_ATM,2026-10-16,6,685,0.0,NONE,11274,10812,462,0,0,RTM,MDW;MMW;MRW;MTW,OK,NONE,NONE,2026-10-07
SPX,8150.0,512428436.2194122,1237.767810007291,0.0,0.0,0.0,0.0,0.0,0.0,7906.272501294064,7798.927498705937,7959.945002588127,7745.254997411874,DEC26,OCT26,2026-10-08,2026-12-18,7852.6,7825.767905144304,FOUND,DEGRADED,SPOT_MONTH_FALLBACK;UNKNOWN_SERIES;ESTIMATED_EXPIRY_ALIAS,2026-08-02.2,PUT_CALL_PARITY,OCT26,OCT26=PUT_CALL_PARITY;NOV26=PUT_CALL_PARITY;FEB27=PUT_CALL_PARITY;MAR27=PUT_CALL_PARITY;DEC26=PUT_CALL_PARITY;JAN27=PUT_CALL_PARITY;APR27=PUT_CALL_PARITY;MAY27=PUT_CALL_PARITY;JUL27=PUT_CALL_PARITY;JUN27=PUT_CALL_PARITY;DEC29=PUT_CALL_PARITY;OCT27=PUT_CALL_PARITY;SEP27=PUT_CALL_PARITY;AUG27=PUT_CALL_PARITY;MAR28=PUT_CALL_PARITY;DEC27=PUT_CALL_PARITY;DEC28=PUT_CALL_PARITY;SEP28=PUT_CALL_PARITY;DEC30=PUT_CALL_PARITY;JUN28=PUT_CALL_PARITY,OCT26=7852.6;NOV26=7852;FEB27=7923.875;MAR27=7994;DEC26=7923.25;JAN27=7924.5;APR27=8008.375;MAY27=8011.875;JUL27=8099.625;JUN27=8066.75;DEC29=8852.375;SEP27=8159.875;AUG27=8105.75;MAR28=8279;DEC27=8177.5;DEC28=8506.75;SEP28=6112.0875;DEC30=9361.5;JUN28=8372.5,OCT27=GLOBAL_REFERENCE_NO_OBSERVATION;SEP28=GLOBAL_REFERENCE_OUTLIER_SERIES_FORWARD_CLUSTER,WEIGHTED_ATM,2026-10-16,6,685,0.0,NONE,11274,10812,462,0,0,RTM,MDW;MMW;MRW;MTW,OK,NONE,NONE,2026-10-07
SPX,8155.0,735437.4353334119,1.19266584204224,0.0,0.0,0.0,0.0,0.0,0.0,7906.272501294064,7798.927498705937,7959.945002588127,7745.254997411874,DEC26,OCT26,2026-10-08,2026-12-18,7852.6,7825.767905144304,FOUND,DEGRADED,SPOT_MONTH_FALLBACK;UNKNOWN_SERIES;ESTIMATED_EXPIRY_ALIAS,2026-08-02.2,PUT_CALL_PARITY,OCT26,OCT26=PUT_CALL_PARITY;NOV26=PUT_CALL_PARITY;FEB27=PUT_CALL_PARITY;MAR27=PUT_CALL_PARITY;DEC26=PUT_CALL_PARITY;JAN27=PUT_CALL_PARITY;APR27=PUT_CALL_PARITY;MAY27=PUT_CALL_PARITY;JUL27=PUT_CALL_PARITY;JUN27=PUT_CALL_PARITY;DEC29=PUT_CALL_PARITY;OCT27=PUT_CALL_PARITY;SEP27=PUT_CALL_PARITY;AUG27=PUT_CALL_PARITY;MAR28=PUT_CALL_PARITY;DEC27=PUT_CALL_PARITY;DEC28=PUT_CALL_PARITY;SEP28=PUT_CALL_PARITY;DEC30=PUT_CALL_PARITY;JUN28=PUT_CALL_PARITY,OCT26=7852.6;NOV26=7852;FEB27=7923.875;MAR27=7994;DEC26=7923.25;JAN27=7924.5;APR27=8008.375;MAY27=8011.875;JUL27=8099.625;JUN27=8066.75;DEC29=8852.375;SEP27=8159.875;AUG27=8105.75;MAR28=8279;DEC27=8177.5;DEC28=8506.75;SEP28=6112.0875;DEC30=9361.5;JUN28=8372.5,OCT27=GLOBAL_REFERENCE_NO_OBSERVATION;SEP28=GLOBAL_REFERENCE_OUTLIER_SERIES_FORWARD_CLUSTER,WEIGHTED_ATM,2026-10-16,6,685,0.0,NONE,11274,10812,462,0,0,RTM,MDW;MMW;MRW;MTW,OK,NONE,NONE,2026-10-07
SPX,8160.0,10315601.583234036,18.435747277096315,0.0,0.0,0.0,0.0,0.0,0.0,7906.272501294064,7798.927498705937,7959.945002588127,7745.254997411874,DEC26,OCT26,2026-10-08,2026-12-18,7852.6,7825.767905144304,FOUND,DEGRADED,SPOT_MONTH_FALLBACK;UNKNOWN_SERIES;ESTIMATED_EXPIRY_ALIAS,2026-08-02.2,PUT_CALL_PARITY,OCT26,OCT26=PUT_CALL_PARITY;NOV26=PUT_CALL_PARITY;FEB27=PUT_CALL_PARITY;MAR27=PUT_CALL_PARITY;DEC26=PUT_CALL_PARITY;JAN27=PUT_CALL_PARITY;APR27=PUT_CALL_PARITY;MAY27=PUT_CALL_PARITY;JUL27=PUT_CALL_PARITY;JUN27=PUT_CALL_PARITY;DEC29=PUT_CALL_PARITY;OCT27=PUT_CALL_PARITY;SEP27=PUT_CALL_PARITY;AUG27=PUT_CALL_PARITY;MAR28=PUT_CALL_PARITY;DEC27=PUT_CALL_PARITY;DEC28=PUT_CALL_PARITY;SEP28=PUT_CALL_PARITY;DEC30=PUT_CALL_PARITY;JUN28=PUT_CALL_PARITY,OCT26=7852.6;NOV26=7852;FEB27=7923.875;MAR27=7994;DEC26=7923.25;JAN27=7924.5;APR27=8008.375;MAY27=8011.875;JUL27=8099.625;JUN27=8066.75;DEC29=8852.375;SEP27=8159.875;AUG27=8105.75;MAR28=8279;DEC27=8177.5;DEC28=8506.75;SEP28=6112.0875;DEC30=9361.5;JUN28=8372.5,OCT27=GLOBAL_REFERENCE_NO_OBSERVATION;SEP28=GLOBAL_REFERENCE_OUTLIER_SERIES_FORWARD_CLUSTER,WEIGHTED_ATM,2026-10-16,6,685,0.0,NONE,11274,10812,462,0,0,RTM,MDW;MMW;MRW;MTW,OK,NONE,NONE,2026-10-07
SPX,8165.0,45562.424427423466,0.07388901446196229,0.0,0.0,0.0,0.0,0.0,0.0,7906.272501294064,7798.927498705937,7959.945002588127,7745.254997411874,DEC26,OCT26,2026-10-08,2026-12-18,7852.6,7825.767905144304,FOUND,DEGRADED,SPOT_MONTH_FALLBACK;UNKNOWN_SERIES;ESTIMATED_EXPIRY_ALIAS,2026-08-02.2,PUT_CALL_PARITY,OCT26,OCT26=PUT_CALL_PARITY;NOV26=PUT_CALL_PARITY;FEB27=PUT_CALL_PARITY;MAR27=PUT_CALL_PARITY;DEC26=PUT_CALL_PARITY;JAN27=PUT_CALL_PARITY;APR27=PUT_CALL_PARITY;MAY27=PUT_CALL_PARITY;JUL27=PUT_CALL_PARITY;JUN27=PUT_CALL_PARITY;DEC29=PUT_CALL_PARITY;OCT27=PUT_CALL_PARITY;SEP27=PUT_CALL_PARITY;AUG27=PUT_CALL_PARITY;MAR28=PUT_CALL_PARITY;DEC27=PUT_CALL_PARITY;DEC28=PUT_CALL_PARITY;SEP28=PUT_CALL_PARITY;DEC30=PUT_CALL_PARITY;JUN28=PUT_CALL_PARITY,OCT26=7852.6;NOV26=7852;FEB27=7923.875;MAR27=7994;DEC26=7923.25;JAN27=7924.5;APR27=8008.375;MAY27=8011.875;JUL27=8099.625;JUN27=8066.75;DEC29=8852.375;SEP27=8159.875;AUG27=8105.75;MAR28=8279;DEC27=8177.5;DEC28=8506.75;SEP28=6112.0875;DEC30=9361.5;JUN28=8372.5,OCT27=GLOBAL_REFERENCE_NO_OBSERVATION;SEP28=GLOBAL_REFERENCE_OUTLIER_SERIES_FORWARD_CLUSTER,WEIGHTED_ATM,2026-10-16,6,685,0.0,NONE,11274,10812,462,0,0,RTM,MDW;MMW;MRW;MTW,OK,NONE,NONE,2026-10-07
SPX,8170.0,1774906.5183785148,3.2821351083343773,0.0,0.0,0.0,0.0,0.0,0.0,7906.272501294064,7798.927498705937,7959.945002588127,7745.254997411874,DEC26,OCT26,2026-10-08,2026-12-18,7852.6,7825.767905144304,FOUND,DEGRADED,SPOT_MONTH_FALLBACK;UNKNOWN_SERIES;ESTIMATED_EXPIRY_ALIAS,2026-08-02.2,PUT_CALL_PARITY,OCT26,OCT26=PUT_CALL_PARITY;NOV26=PUT_CALL_PARITY;FEB27=PUT_CALL_PARITY;MAR27=PUT_CALL_PARITY;DEC26=PUT_CALL_PARITY;JAN27=PUT_CALL_PARITY;APR27=PUT_CALL_PARITY;MAY27=PUT_CALL_PARITY;JUL27=PUT_CALL_PARITY;JUN27=PUT_CALL_PARITY;DEC29=PUT_CALL_PARITY;OCT27=PUT_CALL_PARITY;SEP27=PUT_CALL_PARITY;AUG27=PUT_CALL_PARITY;MAR28=PUT_CALL_PARITY;DEC27=PUT_CALL_PARITY;DEC28=PUT_CALL_PARITY;SEP28=PUT_CALL_PARITY;DEC30=PUT_CALL_PARITY;JUN28=PUT_CALL_PARITY,OCT26=7852.6;NOV26=7852;FEB27=7923.875;MAR27=7994;DEC26=7923.25;JAN27=7924.5;APR27=8008.375;MAY27=8011.875;JUL27=8099.625;JUN27=8066.75;DEC29=8852.375;SEP27=8159.875;AUG27=8105.75;MAR28=8279;DEC27=8177.5;DEC28=8506.75;SEP28=6112.0875;DEC30=9361.5;JUN28=8372.5,OCT27=GLOBAL_REFERENCE_NO_OBSERVATION;SEP28=GLOBAL_REFERENCE_OUTLIER_SERIES_FORWARD_CLUSTER,WEIGHTED_ATM,2026-10-16,6,685,0.0,NONE,11274,10812,462,0,0,RTM,MDW;MMW;MRW;MTW,OK,NONE,NONE,2026-10-07
SPX,8175.0,94132416.14346239,173.57662891583539,0.0,0.0,0.0,0.0,0.0,0.0,7906.272501294064,7798.927498705937,7959.945002588127,7745.254997411874,DEC26,OCT26,2026-10-08,2026-12-18,7852.6,7825.767905144304,FOUND,DEGRADED,SPOT_MONTH_FALLBACK;UNKNOWN_SERIES;ESTIMATED_EXPIRY_ALIAS,2026-08-02.2,PUT_CALL_PARITY,OCT26,OCT26=PUT_CALL_PARITY;NOV26=PUT_CALL_PARITY;FEB27=PUT_CALL_PARITY;MAR27=PUT_CALL_PARITY;DEC26=PUT_CALL_PARITY;JAN27=PUT_CALL_PARITY;APR27=PUT_CALL_PARITY;MAY27=PUT_CALL_PARITY;JUL27=PUT_CALL_PARITY;JUN27=PUT_CALL_PARITY;DEC29=PUT_CALL_PARITY;OCT27=PUT_CALL_PARITY;SEP27=PUT_CALL_PARITY;AUG27=PUT_CALL_PARITY;MAR28=PUT_CALL_PARITY;DEC27=PUT_CALL_PARITY;DEC28=PUT_CALL_PARITY;SEP28=PUT_CALL_PARITY;DEC30=PUT_CALL_PARITY;JUN28=PUT_CALL_PARITY,OCT26=7852.6;NOV26=7852;FEB27=7923.875;MAR27=7994;DEC26=7923.25;JAN27=7924.5;APR27=8008.375;MAY27=8011.875;JUL27=8099.625;JUN27=8066.75;DEC29=8852.375;SEP27=8159.875;AUG27=8105.75;MAR28=8279;DEC27=8177.5;DEC28=8506.75;SEP28=6112.0875;DEC30=9361.5;JUN28=8372.5,OCT27=GLOBAL_REFERENCE_NO_OBSERVATION;SEP28=GLOBAL_REFERENCE_OUTLIER_SERIES_FORWARD_CLUSTER,WEIGHTED_ATM,2026-10-16,6,685,0.0,NONE,11274,10812,462,0,0,RTM,MDW;MMW;MRW;MTW,OK,NONE,NONE,2026-10-07
SPX,8180.0,5963010.46686431,9.864512210283216,0.0,0.0,0.0,0.0,0.0,0.0,7906.272501294064,7798.927498705937,7959.945002588127,7745.254997411874,DEC26,OCT26,2026-10-08,2026-12-18,7852.6,7825.767905144304,FOUND,DEGRADED,SPOT_MONTH_FALLBACK;UNKNOWN_SERIES;ESTIMATED_EXPIRY_ALIAS,2026-08-02.2,PUT_CALL_PARITY,OCT26,OCT26=PUT_CALL_PARITY;NOV26=PUT_CALL_PARITY;FEB27=PUT_CALL_PARITY;MAR27=PUT_CALL_PARITY;DEC26=PUT_CALL_PARITY;JAN27=PUT_CALL_PARITY;APR27=PUT_CALL_PARITY;MAY27=PUT_CALL_PARITY;JUL27=PUT_CALL_PARITY;JUN27=PUT_CALL_PARITY;DEC29=PUT_CALL_PARITY;OCT27=PUT_CALL_PARITY;SEP27=PUT_CALL_PARITY;AUG27=PUT_CALL_PARITY;MAR28=PUT_CALL_PARITY;DEC27=PUT_CALL_PARITY;DEC28=PUT_CALL_PARITY;SEP28=PUT_CALL_PARITY;DEC30=PUT_CALL_PARITY;JUN28=PUT_CALL_PARITY,OCT26=7852.6;NOV26=7852;FEB27=7923.875;MAR27=7994;DEC26=7923.25;JAN27=7924.5;APR27=8008.375;MAY27=8011.875;JUL27=8099.625;JUN27=8066.75;DEC29=8852.375;SEP27=8159.875;AUG27=8105.75;MAR28=8279;DEC27=8177.5;DEC28=8506.75;SEP28=6112.0875;DEC30=9361.5;JUN28=8372.5,OCT27=GLOBAL_REFERENCE_NO_OBSERVATION;SEP28=GLOBAL_REFERENCE_OUTLIER_SERIES_FORWARD_CLUSTER,WEIGHTED_ATM,2026-10-16,6,685,0.0,NONE,11274,10812,462,0,0,RTM,MDW;MMW;MRW;MTW,OK,NONE,NONE,2026-10-07
SPX,8190.0,4304130.344797818,7.522095784891928,0.0,0.0,0.0,0.0,0.0,0.0,7906.272501294064,7798.927498705937,7959.945002588127,7745.254997411874,DEC26,OCT26,2026-10-08,2026-12-18,7852.6,7825.767905144304,FOUND,DEGRADED,SPOT_MONTH_FALLBACK;UNKNOWN_SERIES;ESTIMATED_EXPIRY_ALIAS,2026-08-02.2,PUT_CALL_PARITY,OCT26,OCT26=PUT_CALL_PARITY;NOV26=PUT_CALL_PARITY;FEB27=PUT_CALL_PARITY;MAR27=PUT_CALL_PARITY;DEC26=PUT_CALL_PARITY;JAN27=PUT_CALL_PARITY;APR27=PUT_CALL_PARITY;MAY27=PUT_CALL_PARITY;JUL27=PUT_CALL_PARITY;JUN27=PUT_CALL_PARITY;DEC29=PUT_CALL_PARITY;OCT27=PUT_CALL_PARITY;SEP27=PUT_CALL_PARITY;AUG27=PUT_CALL_PARITY;MAR28=PUT_CALL_PARITY;DEC27=PUT_CALL_PARITY;DEC28=PUT_CALL_PARITY;SEP28=PUT_CALL_PARITY;DEC30=PUT_CALL_PARITY;JUN28=PUT_CALL_PARITY,OCT26=7852.6;NOV26=7852;FEB27=7923.875;MAR27=7994;DEC26=7923.25;JAN27=7924.5;APR27=8008.375;MAY27=8011.875;JUL27=8099.625;JUN27=8066.75;DEC29=8852.375;SEP27=8159.875;AUG27=8105.75;MAR28=8279;DEC27=8177.5;DEC28=8506.75;SEP28=6112.0875;DEC30=9361.5;JUN28=8372.5,OCT27=GLOBAL_REFERENCE_NO_OBSERVATION;SEP28=GLOBAL_REFERENCE_OUTLIER_SERIES_FORWARD_CLUSTER,WEIGHTED_ATM,2026-10-16,6,685,0.0,NONE,11274,10812,462,0,0,RTM,MDW;MMW;MRW;MTW,OK,NONE,NONE,2026-10-07
SPX,8200.0,635254666.2738155,1239.1574123383612,0.0,0.0,0.0,0.0,0.0,0.0,7906.272501294064,7798.927498705937,7959.945002588127,7745.254997411874,DEC26,OCT26,2026-10-08,2026-12-18,7852.6,7825.767905144304,FOUND,DEGRADED,SPOT_MONTH_FALLBACK;UNKNOWN_SERIES;ESTIMATED_EXPIRY_ALIAS,2026-08-02.2,PUT_CALL_PARITY,OCT26,OCT26=PUT_CALL_PARITY;NOV26=PUT_CALL_PARITY;FEB27=PUT_CALL_PARITY;MAR27=PUT_CALL_PARITY;DEC26=PUT_CALL_PARITY;JAN27=PUT_CALL_PARITY;APR27=PUT_CALL_PARITY;MAY27=PUT_CALL_PARITY;JUL27=PUT_CALL_PARITY;JUN27=PUT_CALL_PARITY;DEC29=PUT_CALL_PARITY;OCT27=PUT_CALL_PARITY;SEP27=PUT_CALL_PARITY;AUG27=PUT_CALL_PARITY;MAR28=PUT_CALL_PARITY;DEC27=PUT_CALL_PARITY;DEC28=PUT_CALL_PARITY;SEP28=PUT_CALL_PARITY;DEC30=PUT_CALL_PARITY;JUN28=PUT_CALL_PARITY,OCT26=7852.6;NOV26=7852;FEB27=7923.875;MAR27=7994;DEC26=7923.25;JAN27=7924.5;APR27=8008.375;MAY27=8011.875;JUL27=8099.625;JUN27=8066.75;DEC29=8852.375;SEP27=8159.875;AUG27=8105.75;MAR28=8279;DEC27=8177.5;DEC28=8506.75;SEP28=6112.0875;DEC30=9361.5;JUN28=8372.5,OCT27=GLOBAL_REFERENCE_NO_OBSERVATION;SEP28=GLOBAL_REFERENCE_OUTLIER_SERIES_FORWARD_CLUSTER,WEIGHTED_ATM,2026-10-16,6,685,0.0,NONE,11274,10812,462,0,0,RTM,MDW;MMW;MRW;MTW,OK,NONE,NONE,2026-10-07
SPX,8205.0,135352.84327623138,0.21953572872672453,0.0,0.0,0.0,0.0,0.0,0.0,7906.272501294064,7798.927498705937,7959.945002588127,7745.254997411874,DEC26,OCT26,2026-10-08,2026-12-18,7852.6,7825.767905144304,FOUND,DEGRADED,SPOT_MONTH_FALLBACK;UNKNOWN_SERIES;ESTIMATED_EXPIRY_ALIAS,2026-08-02.2,PUT_CALL_PARITY,OCT26,OCT26=PUT_CALL_PARITY;NOV26=PUT_CALL_PARITY;FEB27=PUT_CALL_PARITY;MAR27=PUT_CALL_PARITY;DEC26=PUT_CALL_PARITY;JAN27=PUT_CALL_PARITY;APR27=PUT_CALL_PARITY;MAY27=PUT_CALL_PARITY;JUL27=PUT_CALL_PARITY;JUN27=PUT_CALL_PARITY;DEC29=PUT_CALL_PARITY;OCT27=PUT_CALL_PARITY;SEP27=PUT_CALL_PARITY;AUG27=PUT_CALL_PARITY;MAR28=PUT_CALL_PARITY;DEC27=PUT_CALL_PARITY;DEC28=PUT_CALL_PARITY;SEP28=PUT_CALL_PARITY;DEC30=PUT_CALL_PARITY;JUN28=PUT_CALL_PARITY,OCT26=7852.6;NOV26=7852;FEB27=7923.875;MAR27=7994;DEC26=7923.25;JAN27=7924.5;APR27=8008.375;MAY27=8011.875;JUL27=8099.625;JUN27=8066.75;DEC29=8852.375;SEP27=8159.875;AUG27=8105.75;MAR28=8279;DEC27=8177.5;DEC28=8506.75;SEP28=6112.0875;DEC30=9361.5;JUN28=8372.5,OCT27=GLOBAL_REFERENCE_NO_OBSERVATION;SEP28=GLOBAL_REFERENCE_OUTLIER_SERIES_FORWARD_CLUSTER,WEIGHTED_ATM,2026-10-16,6,685,0.0,NONE,11274,10812,462,0,0,RTM,MDW;MMW;MRW;MTW,OK,NONE,NONE,2026-10-07
SPX,8210.0,2395471.6503261463,4.005144086383579,0.0,0.0,0.0,0.0,0.0,0.0,7906.272501294064,7798.927498705937,7959.945002588127,7745.254997411874,DEC26,OCT26,2026-10-08,2026-12-18,7852.6,7825.767905144304,FOUND,DEGRADED,SPOT_MONTH_FALLBACK;UNKNOWN_SERIES;ESTIMATED_EXPIRY_ALIAS,2026-08-02.2,PUT_CALL_PARITY,OCT26,OCT26=PUT_CALL_PARITY;NOV26=PUT_CALL_PARITY;FEB27=PUT_CALL_PARITY;MAR27=PUT_CALL_PARITY;DEC26=PUT_CALL_PARITY;JAN27=PUT_CALL_PARITY;APR27=PUT_CALL_PARITY;MAY27=PUT_CALL_PARITY;JUL27=PUT_CALL_PARITY;JUN27=PUT_CALL_PARITY;DEC29=PUT_CALL_PARITY;OCT27=PUT_CALL_PARITY;SEP27=PUT_CALL_PARITY;AUG27=PUT_CALL_PARITY;MAR28=PUT_CALL_PARITY;DEC27=PUT_CALL_PARITY;DEC28=PUT_CALL_PARITY;SEP28=PUT_CALL_PARITY;DEC30=PUT_CALL_PARITY;JUN28=PUT_CALL_PARITY,OCT26=7852.6;NOV26=7852;FEB27=7923.875;MAR27=7994;DEC26=7923.25;JAN27=7924.5;APR27=8008.375;MAY27=8011.875;JUL27=8099.625;JUN27=8066.75;DEC29=8852.375;SEP27=8159.875;AUG27=8105.75;MAR28=8279;DEC27=8177.5;DEC28=8506.75;SEP28=6112.0875;DEC30=9361.5;JUN28=8372.5,OCT27=GLOBAL_REFERENCE_NO_OBSERVATION;SEP28=GLOBAL_REFERENCE_OUTLIER_SERIES_FORWARD_CLUSTER,WEIGHTED_ATM,2026-10-16,6,685,0.0,NONE,11274,10812,462,0,0,RTM,MDW;MMW;MRW;MTW,OK,NONE,NONE,2026-10-07
SPX,8215.0,128104.79750194897,0.2077805121666731,0.0,0.0,0.0,0.0,0.0,0.0,7906.272501294064,7798.927498705937,7959.945002588127,7745.254997411874,DEC26,OCT26,2026-10-08,2026-12-18,7852.6,7825.767905144304,FOUND,DEGRADED,SPOT_MONTH_FALLBACK;UNKNOWN_SERIES;ESTIMATED_EXPIRY_ALIAS,2026-08-02.2,PUT_CALL_PARITY,OCT26,OCT26=PUT_CALL_PARITY;NOV26=PUT_CALL_PARITY;FEB27=PUT_CALL_PARITY;MAR27=PUT_CALL_PARITY;DEC26=PUT_CALL_PARITY;JAN27=PUT_CALL_PARITY;APR27=PUT_CALL_PARITY;MAY27=PUT_CALL_PARITY;JUL27=PUT_CALL_PARITY;JUN27=PUT_CALL_PARITY;DEC29=PUT_CALL_PARITY;OCT27=PUT_CALL_PARITY;SEP27=PUT_CALL_PARITY;AUG27=PUT_CALL_PARITY;MAR28=PUT_CALL_PARITY;DEC27=PUT_CALL_PARITY;DEC28=PUT_CALL_PARITY;SEP28=PUT_CALL_PARITY;DEC30=PUT_CALL_PARITY;JUN28=PUT_CALL_PARITY,OCT26=7852.6;NOV26=7852;FEB27=7923.875;MAR27=7994;DEC26=7923.25;JAN27=7924.5;APR27=8008.375;MAY27=8011.875;JUL27=8099.625;JUN27=8066.75;DEC29=8852.375;SEP27=8159.875;AUG27=8105.75;MAR28=8279;DEC27=8177.5;DEC28=8506.75;SEP28=6112.0875;DEC30=9361.5;JUN28=8372.5,OCT27=GLOBAL_REFERENCE_NO_OBSERVATION;SEP28=GLOBAL_REFERENCE_OUTLIER_SERIES_FORWARD_CLUSTER,WEIGHTED_ATM,2026-10-16,6,685,0.0,NONE,11274,10812,462,0,0,RTM,MDW;MMW;MRW;MTW,OK,NONE,NONE,2026-10-07
SPX,8220.0,4686527.959377331,7.635527483257194,0.0,0.0,0.0,0.0,0.0,0.0,7906.272501294064,7798.927498705937,7959.945002588127,7745.254997411874,DEC26,OCT26,2026-10-08,2026-12-18,7852.6,7825.767905144304,FOUND,DEGRADED,SPOT_MONTH_FALLBACK;UNKNOWN_SERIES;ESTIMATED_EXPIRY_ALIAS,2026-08-02.2,PUT_CALL_PARITY,OCT26,OCT26=PUT_CALL_PARITY;NOV26=PUT_CALL_PARITY;FEB27=PUT_CALL_PARITY;MAR27=PUT_CALL_PARITY;DEC26=PUT_CALL_PARITY;JAN27=PUT_CALL_PARITY;APR27=PUT_CALL_PARITY;MAY27=PUT_CALL_PARITY;JUL27=PUT_CALL_PARITY;JUN27=PUT_CALL_PARITY;DEC29=PUT_CALL_PARITY;OCT27=PUT_CALL_PARITY;SEP27=PUT_CALL_PARITY;AUG27=PUT_CALL_PARITY;MAR28=PUT_CALL_PARITY;DEC27=PUT_CALL_PARITY;DEC28=PUT_CALL_PARITY;SEP28=PUT_CALL_PARITY;DEC30=PUT_CALL_PARITY;JUN28=PUT_CALL_PARITY,OCT26=7852.6;NOV26=7852;FEB27=7923.875;MAR27=7994;DEC26=7923.25;JAN27=7924.5;APR27=8008.375;MAY27=8011.875;JUL27=8099.625;JUN27=8066.75;DEC29=8852.375;SEP27=8159.875;AUG27=8105.75;MAR28=8279;DEC27=8177.5;DEC28=8506.75;SEP28=6112.0875;DEC30=9361.5;JUN28=8372.5,OCT27=GLOBAL_REFERENCE_NO_OBSERVATION;SEP28=GLOBAL_REFERENCE_OUTLIER_SERIES_FORWARD_CLUSTER,WEIGHTED_ATM,2026-10-16,6,685,0.0,NONE,11274,10812,462,0,0,RTM,MDW;MMW;MRW;MTW,OK,NONE,NONE,2026-10-07
SPX,8225.0,88797429.01985684,159.22936356659116,0.0,0.0,0.0,0.0,0.0,0.0,7906.272501294064,7798.927498705937,7959.945002588127,7745.254997411874,DEC26,OCT26,2026-10-08,2026-12-18,7852.6,7825.767905144304,FOUND,DEGRADED,SPOT_MONTH_FALLBACK;UNKNOWN_SERIES;ESTIMATED_EXPIRY_ALIAS,2026-08-02.2,PUT_CALL_PARITY,OCT26,OCT26=PUT_CALL_PARITY;NOV26=PUT_CALL_PARITY;FEB27=PUT_CALL_PARITY;MAR27=PUT_CALL_PARITY;DEC26=PUT_CALL_PARITY;JAN27=PUT_CALL_PARITY;APR27=PUT_CALL_PARITY;MAY27=PUT_CALL_PARITY;JUL27=PUT_CALL_PARITY;JUN27=PUT_CALL_PARITY;DEC29=PUT_CALL_PARITY;OCT27=PUT_CALL_PARITY;SEP27=PUT_CALL_PARITY;AUG27=PUT_CALL_PARITY;MAR28=PUT_CALL_PARITY;DEC27=PUT_CALL_PARITY;DEC28=PUT_CALL_PARITY;SEP28=PUT_CALL_PARITY;DEC30=PUT_CALL_PARITY;JUN28=PUT_CALL_PARITY,OCT26=7852.6;NOV26=7852;FEB27=7923.875;MAR27=7994;DEC26=7923.25;JAN27=7924.5;APR27=8008.375;MAY27=8011.875;JUL27=8099.625;JUN27=8066.75;DEC29=8852.375;SEP27=8159.875;AUG27=8105.75;MAR28=8279;DEC27=8177.5;DEC28=8506.75;SEP28=6112.0875;DEC30=9361.5;JUN28=8372.5,OCT27=GLOBAL_REFERENCE_NO_OBSERVATION;SEP28=GLOBAL_REFERENCE_OUTLIER_SERIES_FORWARD_CLUSTER,WEIGHTED_ATM,2026-10-16,6,685,0.0,NONE,11274,10812,462,0,0,RTM,MDW;MMW;MRW;MTW,OK,NONE,NONE,2026-10-07
SPX,8230.0,1174479.328894961,1.9046949903631076,0.0,0.0,0.0,0.0,0.0,0.0,7906.272501294064,7798.927498705937,7959.945002588127,7745.254997411874,DEC26,OCT26,2026-10-08,2026-12-18,7852.6,7825.767905144304,FOUND,DEGRADED,SPOT_MONTH_FALLBACK;UNKNOWN_SERIES;ESTIMATED_EXPIRY_ALIAS,2026-08-02.2,PUT_CALL_PARITY,OCT26,OCT26=PUT_CALL_PARITY;NOV26=PUT_CALL_PARITY;FEB27=PUT_CALL_PARITY;MAR27=PUT_CALL_PARITY;DEC26=PUT_CALL_PARITY;JAN27=PUT_CALL_PARITY;APR27=PUT_CALL_PARITY;MAY27=PUT_CALL_PARITY;JUL27=PUT_CALL_PARITY;JUN27=PUT_CALL_PARITY;DEC29=PUT_CALL_PARITY;OCT27=PUT_CALL_PARITY;SEP27=PUT_CALL_PARITY;AUG27=PUT_CALL_PARITY;MAR28=PUT_CALL_PARITY;DEC27=PUT_CALL_PARITY;DEC28=PUT_CALL_PARITY;SEP28=PUT_CALL_PARITY;DEC30=PUT_CALL_PARITY;JUN28=PUT_CALL_PARITY,OCT26=7852.6;NOV26=7852;FEB27=7923.875;MAR27=7994;DEC26=7923.25;JAN27=7924.5;APR27=8008.375;MAY27=8011.875;JUL27=8099.625;JUN27=8066.75;DEC29=8852.375;SEP27=8159.875;AUG27=8105.75;MAR28=8279;DEC27=8177.5;DEC28=8506.75;SEP28=6112.0875;DEC30=9361.5;JUN28=8372.5,OCT27=GLOBAL_REFERENCE_NO_OBSERVATION;SEP28=GLOBAL_REFERENCE_OUTLIER_SERIES_FORWARD_CLUSTER,WEIGHTED_ATM,2026-10-16,6,685,0.0,NONE,11274,10812,462,0,0,RTM,MDW;MMW;MRW;MTW,OK,NONE,NONE,2026-10-07
SPX,8240.0,10001616.328480497,16.219862062538766,0.0,0.0,0.0,0.0,0.0,0.0,7906.272501294064,7798.927498705937,7959.945002588127,7745.254997411874,DEC26,OCT26,2026-10-08,2026-12-18,7852.6,7825.767905144304,FOUND,DEGRADED,SPOT_MONTH_FALLBACK;UNKNOWN_SERIES;ESTIMATED_EXPIRY_ALIAS,2026-08-02.2,PUT_CALL_PARITY,OCT26,OCT26=PUT_CALL_PARITY;NOV26=PUT_CALL_PARITY;FEB27=PUT_CALL_PARITY;MAR27=PUT_CALL_PARITY;DEC26=PUT_CALL_PARITY;JAN27=PUT_CALL_PARITY;APR27=PUT_CALL_PARITY;MAY27=PUT_CALL_PARITY;JUL27=PUT_CALL_PARITY;JUN27=PUT_CALL_PARITY;DEC29=PUT_CALL_PARITY;OCT27=PUT_CALL_PARITY;SEP27=PUT_CALL_PARITY;AUG27=PUT_CALL_PARITY;MAR28=PUT_CALL_PARITY;DEC27=PUT_CALL_PARITY;DEC28=PUT_CALL_PARITY;SEP28=PUT_CALL_PARITY;DEC30=PUT_CALL_PARITY;JUN28=PUT_CALL_PARITY,OCT26=7852.6;NOV26=7852;FEB27=7923.875;MAR27=7994;DEC26=7923.25;JAN27=7924.5;APR27=8008.375;MAY27=8011.875;JUL27=8099.625;JUN27=8066.75;DEC29=8852.375;SEP27=8159.875;AUG27=8105.75;MAR28=8279;DEC27=8177.5;DEC28=8506.75;SEP28=6112.0875;DEC30=9361.5;JUN28=8372.5,OCT27=GLOBAL_REFERENCE_NO_OBSERVATION;SEP28=GLOBAL_REFERENCE_OUTLIER_SERIES_FORWARD_CLUSTER,WEIGHTED_ATM,2026-10-16,6,685,0.0,NONE,11274,10812,462,0,0,RTM,MDW;MMW;MRW;MTW,OK,NONE,NONE,2026-10-07
SPX,8250.0,366541031.418838,809.7968459271209,0.0,0.0,0.0,0.0,0.0,0.0,7906.272501294064,7798.927498705937,7959.945002588127,7745.254997411874,DEC26,OCT26,2026-10-08,2026-12-18,7852.6,7825.767905144304,FOUND,DEGRADED,SPOT_MONTH_FALLBACK;UNKNOWN_SERIES;ESTIMATED_EXPIRY_ALIAS,2026-08-02.2,PUT_CALL_PARITY,OCT26,OCT26=PUT_CALL_PARITY;NOV26=PUT_CALL_PARITY;FEB27=PUT_CALL_PARITY;MAR27=PUT_CALL_PARITY;DEC26=PUT_CALL_PARITY;JAN27=PUT_CALL_PARITY;APR27=PUT_CALL_PARITY;MAY27=PUT_CALL_PARITY;JUL27=PUT_CALL_PARITY;JUN27=PUT_CALL_PARITY;DEC29=PUT_CALL_PARITY;OCT27=PUT_CALL_PARITY;SEP27=PUT_CALL_PARITY;AUG27=PUT_CALL_PARITY;MAR28=PUT_CALL_PARITY;DEC27=PUT_CALL_PARITY;DEC28=PUT_CALL_PARITY;SEP28=PUT_CALL_PARITY;DEC30=PUT_CALL_PARITY;JUN28=PUT_CALL_PARITY,OCT26=7852.6;NOV26=7852;FEB27=7923.875;MAR27=7994;DEC26=7923.25;JAN27=7924.5;APR27=8008.375;MAY27=8011.875;JUL27=8099.625;JUN27=8066.75;DEC29=8852.375;SEP27=8159.875;AUG27=8105.75;MAR28=8279;DEC27=8177.5;DEC28=8506.75;SEP28=6112.0875;DEC30=9361.5;JUN28=8372.5,OCT27=GLOBAL_REFERENCE_NO_OBSERVATION;SEP28=GLOBAL_REFERENCE_OUTLIER_SERIES_FORWARD_CLUSTER,WEIGHTED_ATM,2026-10-16,6,685,0.0,NONE,11274,10812,462,0,0,RTM,MDW;MMW;MRW;MTW,OK,NONE,NONE,2026-10-07
SPX,8255.0,112084.82930494181,0.1817968077170617,0.0,0.0,0.0,0.0,0.0,0.0,7906.272501294064,7798.927498705937,7959.945002588127,7745.254997411874,DEC26,OCT26,2026-10-08,2026-12-18,7852.6,7825.767905144304,FOUND,DEGRADED,SPOT_MONTH_FALLBACK;UNKNOWN_SERIES;ESTIMATED_EXPIRY_ALIAS,2026-08-02.2,PUT_CALL_PARITY,OCT26,OCT26=PUT_CALL_PARITY;NOV26=PUT_CALL_PARITY;FEB27=PUT_CALL_PARITY;MAR27=PUT_CALL_PARITY;DEC26=PUT_CALL_PARITY;JAN27=PUT_CALL_PARITY;APR27=PUT_CALL_PARITY;MAY27=PUT_CALL_PARITY;JUL27=PUT_CALL_PARITY;JUN27=PUT_CALL_PARITY;DEC29=PUT_CALL_PARITY;OCT27=PUT_CALL_PARITY;SEP27=PUT_CALL_PARITY;AUG27=PUT_CALL_PARITY;MAR28=PUT_CALL_PARITY;DEC27=PUT_CALL_PARITY;DEC28=PUT_CALL_PARITY;SEP28=PUT_CALL_PARITY;DEC30=PUT_CALL_PARITY;JUN28=PUT_CALL_PARITY,OCT26=7852.6;NOV26=7852;FEB27=7923.875;MAR27=7994;DEC26=7923.25;JAN27=7924.5;APR27=8008.375;MAY27=8011.875;JUL27=8099.625;JUN27=8066.75;DEC29=8852.375;SEP27=8159.875;AUG27=8105.75;MAR28=8279;DEC27=8177.5;DEC28=8506.75;SEP28=6112.0875;DEC30=9361.5;JUN28=8372.5,OCT27=GLOBAL_REFERENCE_NO_OBSERVATION;SEP28=GLOBAL_REFERENCE_OUTLIER_SERIES_FORWARD_CLUSTER,WEIGHTED_ATM,2026-10-16,6,685,0.0,NONE,11274,10812,462,0,0,RTM,MDW;MMW;MRW;MTW,OK,NONE,NONE,2026-10-07
SPX,8260.0,73717.64051560764,0.11954859458446715,0.0,0.0,0.0,0.0,0.0,0.0,7906.272501294064,7798.927498705937,7959.945002588127,7745.254997411874,DEC26,OCT26,2026-10-08,2026-12-18,7852.6,7825.767905144304,FOUND,DEGRADED,SPOT_MONTH_FALLBACK;UNKNOWN_SERIES;ESTIMATED_EXPIRY_ALIAS,2026-08-02.2,PUT_CALL_PARITY,OCT26,OCT26=PUT_CALL_PARITY;NOV26=PUT_CALL_PARITY;FEB27=PUT_CALL_PARITY;MAR27=PUT_CALL_PARITY;DEC26=PUT_CALL_PARITY;JAN27=PUT_CALL_PARITY;APR27=PUT_CALL_PARITY;MAY27=PUT_CALL_PARITY;JUL27=PUT_CALL_PARITY;JUN27=PUT_CALL_PARITY;DEC29=PUT_CALL_PARITY;OCT27=PUT_CALL_PARITY;SEP27=PUT_CALL_PARITY;AUG27=PUT_CALL_PARITY;MAR28=PUT_CALL_PARITY;DEC27=PUT_CALL_PARITY;DEC28=PUT_CALL_PARITY;SEP28=PUT_CALL_PARITY;DEC30=PUT_CALL_PARITY;JUN28=PUT_CALL_PARITY,OCT26=7852.6;NOV26=7852;FEB27=7923.875;MAR27=7994;DEC26=7923.25;JAN27=7924.5;APR27=8008.375;MAY27=8011.875;JUL27=8099.625;JUN27=8066.75;DEC29=8852.375;SEP27=8159.875;AUG27=8105.75;MAR28=8279;DEC27=8177.5;DEC28=8506.75;SEP28=6112.0875;DEC30=9361.5;JUN28=8372.5,OCT27=GLOBAL_REFERENCE_NO_OBSERVATION;SEP28=GLOBAL_REFERENCE_OUTLIER_SERIES_FORWARD_CLUSTER,WEIGHTED_ATM,2026-10-16,6,685,0.0,NONE,11274,10812,462,0,0,RTM,MDW;MMW;MRW;MTW,OK,NONE,NONE,2026-10-07
SPX,8270.0,2790952.112143084,4.9575413040633505,0.0,0.0,0.0,0.0,0.0,0.0,7906.272501294064,7798.927498705937,7959.945002588127,7745.254997411874,DEC26,OCT26,2026-10-08,2026-12-18,7852.6,7825.767905144304,FOUND,DEGRADED,SPOT_MONTH_FALLBACK;UNKNOWN_SERIES;ESTIMATED_EXPIRY_ALIAS,2026-08-02.2,PUT_CALL_PARITY,OCT26,OCT26=PUT_CALL_PARITY;NOV26=PUT_CALL_PARITY;FEB27=PUT_CALL_PARITY;MAR27=PUT_CALL_PARITY;DEC26=PUT_CALL_PARITY;JAN27=PUT_CALL_PARITY;APR27=PUT_CALL_PARITY;MAY27=PUT_CALL_PARITY;JUL27=PUT_CALL_PARITY;JUN27=PUT_CALL_PARITY;DEC29=PUT_CALL_PARITY;OCT27=PUT_CALL_PARITY;SEP27=PUT_CALL_PARITY;AUG27=PUT_CALL_PARITY;MAR28=PUT_CALL_PARITY;DEC27=PUT_CALL_PARITY;DEC28=PUT_CALL_PARITY;SEP28=PUT_CALL_PARITY;DEC30=PUT_CALL_PARITY;JUN28=PUT_CALL_PARITY,OCT26=7852.6;NOV26=7852;FEB27=7923.875;MAR27=7994;DEC26=7923.25;JAN27=7924.5;APR27=8008.375;MAY27=8011.875;JUL27=8099.625;JUN27=8066.75;DEC29=8852.375;SEP27=8159.875;AUG27=8105.75;MAR28=8279;DEC27=8177.5;DEC28=8506.75;SEP28=6112.0875;DEC30=9361.5;JUN28=8372.5,OCT27=GLOBAL_REFERENCE_NO_OBSERVATION;SEP28=GLOBAL_REFERENCE_OUTLIER_SERIES_FORWARD_CLUSTER,WEIGHTED_ATM,2026-10-16,6,685,0.0,NONE,11274,10812,462,0,0,RTM,MDW;MMW;MRW;MTW,OK,NONE,NONE,2026-10-07
SPX,8275.0,63370137.080770314,111.37086642043855,0.0,0.0,0.0,0.0,0.0,0.0,7906.272501294064,7798.927498705937,7959.945002588127,7745.254997411874,DEC26,OCT26,2026-10-08,2026-12-18,7852.6,7825.767905144304,FOUND,DEGRADED,SPOT_MONTH_FALLBACK;UNKNOWN_SERIES;ESTIMATED_EXPIRY_ALIAS,2026-08-02.2,PUT_CALL_PARITY,OCT26,OCT26=PUT_CALL_PARITY;NOV26=PUT_CALL_PARITY;FEB27=PUT_CALL_PARITY;MAR27=PUT_CALL_PARITY;DEC26=PUT_CALL_PARITY;JAN27=PUT_CALL_PARITY;APR27=PUT_CALL_PARITY;MAY27=PUT_CALL_PARITY;JUL27=PUT_CALL_PARITY;JUN27=PUT_CALL_PARITY;DEC29=PUT_CALL_PARITY;OCT27=PUT_CALL_PARITY;SEP27=PUT_CALL_PARITY;AUG27=PUT_CALL_PARITY;MAR28=PUT_CALL_PARITY;DEC27=PUT_CALL_PARITY;DEC28=PUT_CALL_PARITY;SEP28=PUT_CALL_PARITY;DEC30=PUT_CALL_PARITY;JUN28=PUT_CALL_PARITY,OCT26=7852.6;NOV26=7852;FEB27=7923.875;MAR27=7994;DEC26=7923.25;JAN27=7924.5;APR27=8008.375;MAY27=8011.875;JUL27=8099.625;JUN27=8066.75;DEC29=8852.375;SEP27=8159.875;AUG27=8105.75;MAR28=8279;DEC27=8177.5;DEC28=8506.75;SEP28=6112.0875;DEC30=9361.5;JUN28=8372.5,OCT27=GLOBAL_REFERENCE_NO_OBSERVATION;SEP28=GLOBAL_REFERENCE_OUTLIER_SERIES_FORWARD_CLUSTER,WEIGHTED_ATM,2026-10-16,6,685,0.0,NONE,11274,10812,462,0,0,RTM,MDW;MMW;MRW;MTW,OK,NONE,NONE,2026-10-07
SPX,8285.0,100569.66023148614,0.16311969511531035,0.0,0.0,0.0,0.0,0.0,0.0,7906.272501294064,7798.927498705937,7959.945002588127,7745.254997411874,DEC26,OCT26,2026-10-08,2026-12-18,7852.6,7825.767905144304,FOUND,DEGRADED,SPOT_MONTH_FALLBACK;UNKNOWN_SERIES;ESTIMATED_EXPIRY_ALIAS,2026-08-02.2,PUT_CALL_PARITY,OCT26,OCT26=PUT_CALL_PARITY;NOV26=PUT_CALL_PARITY;FEB27=PUT_CALL_PARITY;MAR27=PUT_CALL_PARITY;DEC26=PUT_CALL_PARITY;JAN27=PUT_CALL_PARITY;APR27=PUT_CALL_PARITY;MAY27=PUT_CALL_PARITY;JUL27=PUT_CALL_PARITY;JUN27=PUT_CALL_PARITY;DEC29=PUT_CALL_PARITY;OCT27=PUT_CALL_PARITY;SEP27=PUT_CALL_PARITY;AUG27=PUT_CALL_PARITY;MAR28=PUT_CALL_PARITY;DEC27=PUT_CALL_PARITY;DEC28=PUT_CALL_PARITY;SEP28=PUT_CALL_PARITY;DEC30=PUT_CALL_PARITY;JUN28=PUT_CALL_PARITY,OCT26=7852.6;NOV26=7852;FEB27=7923.875;MAR27=7994;DEC26=7923.25;JAN27=7924.5;APR27=8008.375;MAY27=8011.875;JUL27=8099.625;JUN27=8066.75;DEC29=8852.375;SEP27=8159.875;AUG27=8105.75;MAR28=8279;DEC27=8177.5;DEC28=8506.75;SEP28=6112.0875;DEC30=9361.5;JUN28=8372.5,OCT27=GLOBAL_REFERENCE_NO_OBSERVATION;SEP28=GLOBAL_REFERENCE_OUTLIER_SERIES_FORWARD_CLUSTER,WEIGHTED_ATM,2026-10-16,6,685,0.0,NONE,11274,10812,462,0,0,RTM,MDW;MMW;MRW;MTW,OK,NONE,NONE,2026-10-07
SPX,8300.0,517514264.49599284,955.3056157771258,0.0,0.0,0.0,0.0,0.0,0.0,7906.272501294064,7798.927498705937,7959.945002588127,7745.254997411874,DEC26,OCT26,2026-10-08,2026-12-18,7852.6,7825.767905144304,FOUND,DEGRADED,SPOT_MONTH_FALLBACK;UNKNOWN_SERIES;ESTIMATED_EXPIRY_ALIAS,2026-08-02.2,PUT_CALL_PARITY,OCT26,OCT26=PUT_CALL_PARITY;NOV26=PUT_CALL_PARITY;FEB27=PUT_CALL_PARITY;MAR27=PUT_CALL_PARITY;DEC26=PUT_CALL_PARITY;JAN27=PUT_CALL_PARITY;APR27=PUT_CALL_PARITY;MAY27=PUT_CALL_PARITY;JUL27=PUT_CALL_PARITY;JUN27=PUT_CALL_PARITY;DEC29=PUT_CALL_PARITY;OCT27=PUT_CALL_PARITY;SEP27=PUT_CALL_PARITY;AUG27=PUT_CALL_PARITY;MAR28=PUT_CALL_PARITY;DEC27=PUT_CALL_PARITY;DEC28=PUT_CALL_PARITY;SEP28=PUT_CALL_PARITY;DEC30=PUT_CALL_PARITY;JUN28=PUT_CALL_PARITY,OCT26=7852.6;NOV26=7852;FEB27=7923.875;MAR27=7994;DEC26=7923.25;JAN27=7924.5;APR27=8008.375;MAY27=8011.875;JUL27=8099.625;JUN27=8066.75;DEC29=8852.375;SEP27=8159.875;AUG27=8105.75;MAR28=8279;DEC27=8177.5;DEC28=8506.75;SEP28=6112.0875;DEC30=9361.5;JUN28=8372.5,OCT27=GLOBAL_REFERENCE_NO_OBSERVATION;SEP28=GLOBAL_REFERENCE_OUTLIER_SERIES_FORWARD_CLUSTER,WEIGHTED_ATM,2026-10-16,6,685,0.0,NONE,11274,10812,462,0,0,RTM,MDW;MMW;MRW;MTW,OK,NONE,NONE,2026-10-07
SPX,8310.0,126896.060112848,0.2058111565265545,0.0,0.0,0.0,0.0,0.0,0.0,7906.272501294064,7798.927498705937,7959.945002588127,7745.254997411874,DEC26,OCT26,2026-10-08,2026-12-18,7852.6,7825.767905144304,FOUND,DEGRADED,SPOT_MONTH_FALLBACK;UNKNOWN_SERIES;ESTIMATED_EXPIRY_ALIAS,2026-08-02.2,PUT_CALL_PARITY,OCT26,OCT26=PUT_CALL_PARITY;NOV26=PUT_CALL_PARITY;FEB27=PUT_CALL_PARITY;MAR27=PUT_CALL_PARITY;DEC26=PUT_CALL_PARITY;JAN27=PUT_CALL_PARITY;APR27=PUT_CALL_PARITY;MAY27=PUT_CALL_PARITY;JUL27=PUT_CALL_PARITY;JUN27=PUT_CALL_PARITY;DEC29=PUT_CALL_PARITY;OCT27=PUT_CALL_PARITY;SEP27=PUT_CALL_PARITY;AUG27=PUT_CALL_PARITY;MAR28=PUT_CALL_PARITY;DEC27=PUT_CALL_PARITY;DEC28=PUT_CALL_PARITY;SEP28=PUT_CALL_PARITY;DEC30=PUT_CALL_PARITY;JUN28=PUT_CALL_PARITY,OCT26=7852.6;NOV26=7852;FEB27=7923.875;MAR27=7994;DEC26=7923.25;JAN27=7924.5;APR27=8008.375;MAY27=8011.875;JUL27=8099.625;JUN27=8066.75;DEC29=8852.375;SEP27=8159.875;AUG27=8105.75;MAR28=8279;DEC27=8177.5;DEC28=8506.75;SEP28=6112.0875;DEC30=9361.5;JUN28=8372.5,OCT27=GLOBAL_REFERENCE_NO_OBSERVATION;SEP28=GLOBAL_REFERENCE_OUTLIER_SERIES_FORWARD_CLUSTER,WEIGHTED_ATM,2026-10-16,6,685,0.0,NONE,11274,10812,462,0,0,RTM,MDW;MMW;MRW;MTW,OK,NONE,NONE,2026-10-07
SPX,8320.0,87684.79009009273,0.14222098586018614,0.0,0.0,0.0,0.0,0.0,0.0,7906.272501294064,7798.927498705937,7959.945002588127,7745.254997411874,DEC26,OCT26,2026-10-08,2026-12-18,7852.6,7825.767905144304,FOUND,DEGRADED,SPOT_MONTH_FALLBACK;UNKNOWN_SERIES;ESTIMATED_EXPIRY_ALIAS,2026-08-02.2,PUT_CALL_PARITY,OCT26,OCT26=PUT_CALL_PARITY;NOV26=PUT_CALL_PARITY;FEB27=PUT_CALL_PARITY;MAR27=PUT_CALL_PARITY;DEC26=PUT_CALL_PARITY;JAN27=PUT_CALL_PARITY;APR27=PUT_CALL_PARITY;MAY27=PUT_CALL_PARITY;JUL27=PUT_CALL_PARITY;JUN27=PUT_CALL_PARITY;DEC29=PUT_CALL_PARITY;OCT27=PUT_CALL_PARITY;SEP27=PUT_CALL_PARITY;AUG27=PUT_CALL_PARITY;MAR28=PUT_CALL_PARITY;DEC27=PUT_CALL_PARITY;DEC28=PUT_CALL_PARITY;SEP28=PUT_CALL_PARITY;DEC30=PUT_CALL_PARITY;JUN28=PUT_CALL_PARITY,OCT26=7852.6;NOV26=7852;FEB27=7923.875;MAR27=7994;DEC26=7923.25;JAN27=7924.5;APR27=8008.375;MAY27=8011.875;JUL27=8099.625;JUN27=8066.75;DEC29=8852.375;SEP27=8159.875;AUG27=8105.75;MAR28=8279;DEC27=8177.5;DEC28=8506.75;SEP28=6112.0875;DEC30=9361.5;JUN28=8372.5,OCT27=GLOBAL_REFERENCE_NO_OBSERVATION;SEP28=GLOBAL_REFERENCE_OUTLIER_SERIES_FORWARD_CLUSTER,WEIGHTED_ATM,2026-10-16,6,685,0.0,NONE,11274,10812,462,0,0,RTM,MDW;MMW;MRW;MTW,OK,NONE,NONE,2026-10-07
SPX,8325.0,52326811.0797454,86.25877989274471,0.0,0.0,0.0,0.0,0.0,0.0,7906.272501294064,7798.927498705937,7959.945002588127,7745.254997411874,DEC26,OCT26,2026-10-08,2026-12-18,7852.6,7825.767905144304,FOUND,DEGRADED,SPOT_MONTH_FALLBACK;UNKNOWN_SERIES;ESTIMATED_EXPIRY_ALIAS,2026-08-02.2,PUT_CALL_PARITY,OCT26,OCT26=PUT_CALL_PARITY;NOV26=PUT_CALL_PARITY;FEB27=PUT_CALL_PARITY;MAR27=PUT_CALL_PARITY;DEC26=PUT_CALL_PARITY;JAN27=PUT_CALL_PARITY;APR27=PUT_CALL_PARITY;MAY27=PUT_CALL_PARITY;JUL27=PUT_CALL_PARITY;JUN27=PUT_CALL_PARITY;DEC29=PUT_CALL_PARITY;OCT27=PUT_CALL_PARITY;SEP27=PUT_CALL_PARITY;AUG27=PUT_CALL_PARITY;MAR28=PUT_CALL_PARITY;DEC27=PUT_CALL_PARITY;DEC28=PUT_CALL_PARITY;SEP28=PUT_CALL_PARITY;DEC30=PUT_CALL_PARITY;JUN28=PUT_CALL_PARITY,OCT26=7852.6;NOV26=7852;FEB27=7923.875;MAR27=7994;DEC26=7923.25;JAN27=7924.5;APR27=8008.375;MAY27=8011.875;JUL27=8099.625;JUN27=8066.75;DEC29=8852.375;SEP27=8159.875;AUG27=8105.75;MAR28=8279;DEC27=8177.5;DEC28=8506.75;SEP28=6112.0875;DEC30=9361.5;JUN28=8372.5,OCT27=GLOBAL_REFERENCE_NO_OBSERVATION;SEP28=GLOBAL_REFERENCE_OUTLIER_SERIES_FORWARD_CLUSTER,WEIGHTED_ATM,2026-10-16,6,685,0.0,NONE,11274,10812,462,0,0,RTM,MDW;MMW;MRW;MTW,OK,NONE,NONE,2026-10-07
SPX,8350.0,194649435.83243376,418.5891418631524,0.0,0.0,0.0,0.0,0.0,0.0,7906.272501294064,7798.927498705937,7959.945002588127,7745.254997411874,DEC26,OCT26,2026-10-08,2026-12-18,7852.6,7825.767905144304,FOUND,DEGRADED,SPOT_MONTH_FALLBACK;UNKNOWN_SERIES;ESTIMATED_EXPIRY_ALIAS,2026-08-02.2,PUT_CALL_PARITY,OCT26,OCT26=PUT_CALL_PARITY;NOV26=PUT_CALL_PARITY;FEB27=PUT_CALL_PARITY;MAR27=PUT_CALL_PARITY;DEC26=PUT_CALL_PARITY;JAN27=PUT_CALL_PARITY;APR27=PUT_CALL_PARITY;MAY27=PUT_CALL_PARITY;JUL27=PUT_CALL_PARITY;JUN27=PUT_CALL_PARITY;DEC29=PUT_CALL_PARITY;OCT27=PUT_CALL_PARITY;SEP27=PUT_CALL_PARITY;AUG27=PUT_CALL_PARITY;MAR28=PUT_CALL_PARITY;DEC27=PUT_CALL_PARITY;DEC28=PUT_CALL_PARITY;SEP28=PUT_CALL_PARITY;DEC30=PUT_CALL_PARITY;JUN28=PUT_CALL_PARITY,OCT26=7852.6;NOV26=7852;FEB27=7923.875;MAR27=7994;DEC26=7923.25;JAN27=7924.5;APR27=8008.375;MAY27=8011.875;JUL27=8099.625;JUN27=8066.75;DEC29=8852.375;SEP27=8159.875;AUG27=8105.75;MAR28=8279;DEC27=8177.5;DEC28=8506.75;SEP28=6112.0875;DEC30=9361.5;JUN28=8372.5,OCT27=GLOBAL_REFERENCE_NO_OBSERVATION;SEP28=GLOBAL_REFERENCE_OUTLIER_SERIES_FORWARD_CLUSTER,WEIGHTED_ATM,2026-10-16,6,685,0.0,NONE,11274,10812,462,0,0,RTM,MDW;MMW;MRW;MTW,OK,NONE,NONE,2026-10-07
SPX,8375.0,38599331.70055486,62.09396803427703,0.0,0.0,0.0,0.0,0.0,0.0,7906.272501294064,7798.927498705937,7959.945002588127,7745.254997411874,DEC26,OCT26,2026-10-08,2026-12-18,7852.6,7825.767905144304,FOUND,DEGRADED,SPOT_MONTH_FALLBACK;UNKNOWN_SERIES;ESTIMATED_EXPIRY_ALIAS,2026-08-02.2,PUT_CALL_PARITY,OCT26,OCT26=PUT_CALL_PARITY;NOV26=PUT_CALL_PARITY;FEB27=PUT_CALL_PARITY;MAR27=PUT_CALL_PARITY;DEC26=PUT_CALL_PARITY;JAN27=PUT_CALL_PARITY;APR27=PUT_CALL_PARITY;MAY27=PUT_CALL_PARITY;JUL27=PUT_CALL_PARITY;JUN27=PUT_CALL_PARITY;DEC29=PUT_CALL_PARITY;OCT27=PUT_CALL_PARITY;SEP27=PUT_CALL_PARITY;AUG27=PUT_CALL_PARITY;MAR28=PUT_CALL_PARITY;DEC27=PUT_CALL_PARITY;DEC28=PUT_CALL_PARITY;SEP28=PUT_CALL_PARITY;DEC30=PUT_CALL_PARITY;JUN28=PUT_CALL_PARITY,OCT26=7852.6;NOV26=7852;FEB27=7923.875;MAR27=7994;DEC26=7923.25;JAN27=7924.5;APR27=8008.375;MAY27=8011.875;JUL27=8099.625;JUN27=8066.75;DEC29=8852.375;SEP27=8159.875;AUG27=8105.75;MAR28=8279;DEC27=8177.5;DEC28=8506.75;SEP28=6112.0875;DEC30=9361.5;JUN28=8372.5,OCT27=GLOBAL_REFERENCE_NO_OBSERVATION;SEP28=GLOBAL_REFERENCE_OUTLIER_SERIES_FORWARD_CLUSTER,WEIGHTED_ATM,2026-10-16,6,685,0.0,NONE,11274,10812,462,0,0,RTM,MDW;MMW;MRW;MTW,OK,NONE,NONE,2026-10-07
SPX,8395.0,63852.0714573347,0.103565333765944,0.0,0.0,0.0,0.0,0.0,0.0,7906.272501294064,7798.927498705937,7959.945002588127,7745.254997411874,DEC26,OCT26,2026-10-08,2026-12-18,7852.6,7825.767905144304,FOUND,DEGRADED,SPOT_MONTH_FALLBACK;UNKNOWN_SERIES;ESTIMATED_EXPIRY_ALIAS,2026-08-02.2,PUT_CALL_PARITY,OCT26,OCT26=PUT_CALL_PARITY;NOV26=PUT_CALL_PARITY;FEB27=PUT_CALL_PARITY;MAR27=PUT_CALL_PARITY;DEC26=PUT_CALL_PARITY;JAN27=PUT_CALL_PARITY;APR27=PUT_CALL_PARITY;MAY27=PUT_CALL_PARITY;JUL27=PUT_CALL_PARITY;JUN27=PUT_CALL_PARITY;DEC29=PUT_CALL_PARITY;OCT27=PUT_CALL_PARITY;SEP27=PUT_CALL_PARITY;AUG27=PUT_CALL_PARITY;MAR28=PUT_CALL_PARITY;DEC27=PUT_CALL_PARITY;DEC28=PUT_CALL_PARITY;SEP28=PUT_CALL_PARITY;DEC30=PUT_CALL_PARITY;JUN28=PUT_CALL_PARITY,OCT26=7852.6;NOV26=7852;FEB27=7923.875;MAR27=7994;DEC26=7923.25;JAN27=7924.5;APR27=8008.375;MAY27=8011.875;JUL27=8099.625;JUN27=8066.75;DEC29=8852.375;SEP27=8159.875;AUG27=8105.75;MAR28=8279;DEC27=8177.5;DEC28=8506.75;SEP28=6112.0875;DEC30=9361.5;JUN28=8372.5,OCT27=GLOBAL_REFERENCE_NO_OBSERVATION;SEP28=GLOBAL_REFERENCE_OUTLIER_SERIES_FORWARD_CLUSTER,WEIGHTED_ATM,2026-10-16,6,685,0.0,NONE,11274,10812,462,0,0,RTM,MDW;MMW;MRW;MTW,OK,NONE,NONE,2026-10-07
SPX,8400.0,324976398.7885624,585.3376893702831,0.0,0.0,0.0,0.0,0.0,0.0,7906.272501294064,7798.927498705937,7959.945002588127,7745.254997411874,DEC26,OCT26,2026-10-08,2026-12-18,7852.6,7825.767905144304,FOUND,DEGRADED,SPOT_MONTH_FALLBACK;UNKNOWN_SERIES;ESTIMATED_EXPIRY_ALIAS,2026-08-02.2,PUT_CALL_PARITY,OCT26,OCT26=PUT_CALL_PARITY;NOV26=PUT_CALL_PARITY;FEB27=PUT_CALL_PARITY;MAR27=PUT_CALL_PARITY;DEC26=PUT_CALL_PARITY;JAN27=PUT_CALL_PARITY;APR27=PUT_CALL_PARITY;MAY27=PUT_CALL_PARITY;JUL27=PUT_CALL_PARITY;JUN27=PUT_CALL_PARITY;DEC29=PUT_CALL_PARITY;OCT27=PUT_CALL_PARITY;SEP27=PUT_CALL_PARITY;AUG27=PUT_CALL_PARITY;MAR28=PUT_CALL_PARITY;DEC27=PUT_CALL_PARITY;DEC28=PUT_CALL_PARITY;SEP28=PUT_CALL_PARITY;DEC30=PUT_CALL_PARITY;JUN28=PUT_CALL_PARITY,OCT26=7852.6;NOV26=7852;FEB27=7923.875;MAR27=7994;DEC26=7923.25;JAN27=7924.5;APR27=8008.375;MAY27=8011.875;JUL27=8099.625;JUN27=8066.75;DEC29=8852.375;SEP27=8159.875;AUG27=8105.75;MAR28=8279;DEC27=8177.5;DEC28=8506.75;SEP28=6112.0875;DEC30=9361.5;JUN28=8372.5,OCT27=GLOBAL_REFERENCE_NO_OBSERVATION;SEP28=GLOBAL_REFERENCE_OUTLIER_SERIES_FORWARD_CLUSTER,WEIGHTED_ATM,2026-10-16,6,685,0.0,NONE,11274,10812,462,0,0,RTM,MDW;MMW;MRW;MTW,OK,NONE,NONE,2026-10-07
SPX,8425.0,38352281.6293842,61.42395928687278,0.0,0.0,0.0,0.0,0.0,0.0,7906.272501294064,7798.927498705937,7959.945002588127,7745.254997411874,DEC26,OCT26,2026-10-08,2026-12-18,7852.6,7825.767905144304,FOUND,DEGRADED,SPOT_MONTH_FALLBACK;UNKNOWN_SERIES;ESTIMATED_EXPIRY_ALIAS,2026-08-02.2,PUT_CALL_PARITY,OCT26,OCT26=PUT_CALL_PARITY;NOV26=PUT_CALL_PARITY;FEB27=PUT_CALL_PARITY;MAR27=PUT_CALL_PARITY;DEC26=PUT_CALL_PARITY;JAN27=PUT_CALL_PARITY;APR27=PUT_CALL_PARITY;MAY27=PUT_CALL_PARITY;JUL27=PUT_CALL_PARITY;JUN27=PUT_CALL_PARITY;DEC29=PUT_CALL_PARITY;OCT27=PUT_CALL_PARITY;SEP27=PUT_CALL_PARITY;AUG27=PUT_CALL_PARITY;MAR28=PUT_CALL_PARITY;DEC27=PUT_CALL_PARITY;DEC28=PUT_CALL_PARITY;SEP28=PUT_CALL_PARITY;DEC30=PUT_CALL_PARITY;JUN28=PUT_CALL_PARITY,OCT26=7852.6;NOV26=7852;FEB27=7923.875;MAR27=7994;DEC26=7923.25;JAN27=7924.5;APR27=8008.375;MAY27=8011.875;JUL27=8099.625;JUN27=8066.75;DEC29=8852.375;SEP27=8159.875;AUG27=8105.75;MAR28=8279;DEC27=8177.5;DEC28=8506.75;SEP28=6112.0875;DEC30=9361.5;JUN28=8372.5,OCT27=GLOBAL_REFERENCE_NO_OBSERVATION;SEP28=GLOBAL_REFERENCE_OUTLIER_SERIES_FORWARD_CLUSTER,WEIGHTED_ATM,2026-10-16,6,685,0.0,NONE,11274,10812,462,0,0,RTM,MDW;MMW;MRW;MTW,OK,NONE,NONE,2026-10-07
SPX,8450.0,88940227.3642482,293.3847760319592,0.0,0.0,0.0,0.0,0.0,0.0,7906.272501294064,7798.927498705937,7959.945002588127,7745.254997411874,DEC26,OCT26,2026-10-08,2026-12-18,7852.6,7825.767905144304,FOUND,DEGRADED,SPOT_MONTH_FALLBACK;UNKNOWN_SERIES;ESTIMATED_EXPIRY_ALIAS,2026-08-02.2,PUT_CALL_PARITY,OCT26,OCT26=PUT_CALL_PARITY;NOV26=PUT_CALL_PARITY;FEB27=PUT_CALL_PARITY;MAR27=PUT_CALL_PARITY;DEC26=PUT_CALL_PARITY;JAN27=PUT_CALL_PARITY;APR27=PUT_CALL_PARITY;MAY27=PUT_CALL_PARITY;JUL27=PUT_CALL_PARITY;JUN27=PUT_CALL_PARITY;DEC29=PUT_CALL_PARITY;OCT27=PUT_CALL_PARITY;SEP27=PUT_CALL_PARITY;AUG27=PUT_CALL_PARITY;MAR28=PUT_CALL_PARITY;DEC27=PUT_CALL_PARITY;DEC28=PUT_CALL_PARITY;SEP28=PUT_CALL_PARITY;DEC30=PUT_CALL_PARITY;JUN28=PUT_CALL_PARITY,OCT26=7852.6;NOV26=7852;FEB27=7923.875;MAR27=7994;DEC26=7923.25;JAN27=7924.5;APR27=8008.375;MAY27=8011.875;JUL27=8099.625;JUN27=8066.75;DEC29=8852.375;SEP27=8159.875;AUG27=8105.75;MAR28=8279;DEC27=8177.5;DEC28=8506.75;SEP28=6112.0875;DEC30=9361.5;JUN28=8372.5,OCT27=GLOBAL_REFERENCE_NO_OBSERVATION;SEP28=GLOBAL_REFERENCE_OUTLIER_SERIES_FORWARD_CLUSTER,WEIGHTED_ATM,2026-10-16,6,685,0.0,NONE,11274,10812,462,0,0,RTM,MDW;MMW;MRW;MTW,OK,NONE,NONE,2026-10-07
SPX,8475.0,33832988.538460426,54.1578453138159,0.0,0.0,0.0,0.0,0.0,0.0,7906.272501294064,7798.927498705937,7959.945002588127,7745.254997411874,DEC26,OCT26,2026-10-08,2026-12-18,7852.6,7825.767905144304,FOUND,DEGRADED,SPOT_MONTH_FALLBACK;UNKNOWN_SERIES;ESTIMATED_EXPIRY_ALIAS,2026-08-02.2,PUT_CALL_PARITY,OCT26,OCT26=PUT_CALL_PARITY;NOV26=PUT_CALL_PARITY;FEB27=PUT_CALL_PARITY;MAR27=PUT_CALL_PARITY;DEC26=PUT_CALL_PARITY;JAN27=PUT_CALL_PARITY;APR27=PUT_CALL_PARITY;MAY27=PUT_CALL_PARITY;JUL27=PUT_CALL_PARITY;JUN27=PUT_CALL_PARITY;DEC29=PUT_CALL_PARITY;OCT27=PUT_CALL_PARITY;SEP27=PUT_CALL_PARITY;AUG27=PUT_CALL_PARITY;MAR28=PUT_CALL_PARITY;DEC27=PUT_CALL_PARITY;DEC28=PUT_CALL_PARITY;SEP28=PUT_CALL_PARITY;DEC30=PUT_CALL_PARITY;JUN28=PUT_CALL_PARITY,OCT26=7852.6;NOV26=7852;FEB27=7923.875;MAR27=7994;DEC26=7923.25;JAN27=7924.5;APR27=8008.375;MAY27=8011.875;JUL27=8099.625;JUN27=8066.75;DEC29=8852.375;SEP27=8159.875;AUG27=8105.75;MAR28=8279;DEC27=8177.5;DEC28=8506.75;SEP28=6112.0875;DEC30=9361.5;JUN28=8372.5,OCT27=GLOBAL_REFERENCE_NO_OBSERVATION;SEP28=GLOBAL_REFERENCE_OUTLIER_SERIES_FORWARD_CLUSTER,WEIGHTED_ATM,2026-10-16,6,685,0.0,NONE,11274,10812,462,0,0,RTM,MDW;MMW;MRW;MTW,OK,NONE,NONE,2026-10-07
SPX,8500.0,267583044.54000553,469.32823520746336,0.0,0.0,0.0,0.0,0.0,0.0,7906.272501294064,7798.927498705937,7959.945002588127,7745.254997411874,DEC26,OCT26,2026-10-08,2026-12-18,7852.6,7825.767905144304,FOUND,DEGRADED,SPOT_MONTH_FALLBACK;UNKNOWN_SERIES;ESTIMATED_EXPIRY_ALIAS,2026-08-02.2,PUT_CALL_PARITY,OCT26,OCT26=PUT_CALL_PARITY;NOV26=PUT_CALL_PARITY;FEB27=PUT_CALL_PARITY;MAR27=PUT_CALL_PARITY;DEC26=PUT_CALL_PARITY;JAN27=PUT_CALL_PARITY;APR27=PUT_CALL_PARITY;MAY27=PUT_CALL_PARITY;JUL27=PUT_CALL_PARITY;JUN27=PUT_CALL_PARITY;DEC29=PUT_CALL_PARITY;OCT27=PUT_CALL_PARITY;SEP27=PUT_CALL_PARITY;AUG27=PUT_CALL_PARITY;MAR28=PUT_CALL_PARITY;DEC27=PUT_CALL_PARITY;DEC28=PUT_CALL_PARITY;SEP28=PUT_CALL_PARITY;DEC30=PUT_CALL_PARITY;JUN28=PUT_CALL_PARITY,OCT26=7852.6;NOV26=7852;FEB27=7923.875;MAR27=7994;DEC26=7923.25;JAN27=7924.5;APR27=8008.375;MAY27=8011.875;JUL27=8099.625;JUN27=8066.75;DEC29=8852.375;SEP27=8159.875;AUG27=8105.75;MAR28=8279;DEC27=8177.5;DEC28=8506.75;SEP28=6112.0875;DEC30=9361.5;JUN28=8372.5,OCT27=GLOBAL_REFERENCE_NO_OBSERVATION;SEP28=GLOBAL_REFERENCE_OUTLIER_SERIES_FORWARD_CLUSTER,WEIGHTED_ATM,2026-10-16,6,685,0.0,NONE,11274,10812,462,0,0,RTM,MDW;MMW;MRW;MTW,OK,NONE,NONE,2026-10-07
SPX,8525.0,9372984.309643527,15.071551861961822,0.0,0.0,0.0,0.0,0.0,0.0,7906.272501294064,7798.927498705937,7959.945002588127,7745.254997411874,DEC26,OCT26,2026-10-08,2026-12-18,7852.6,7825.767905144304,FOUND,DEGRADED,SPOT_MONTH_FALLBACK;UNKNOWN_SERIES;ESTIMATED_EXPIRY_ALIAS,2026-08-02.2,PUT_CALL_PARITY,OCT26,OCT26=PUT_CALL_PARITY;NOV26=PUT_CALL_PARITY;FEB27=PUT_CALL_PARITY;MAR27=PUT_CALL_PARITY;DEC26=PUT_CALL_PARITY;JAN27=PUT_CALL_PARITY;APR27=PUT_CALL_PARITY;MAY27=PUT_CALL_PARITY;JUL27=PUT_CALL_PARITY;JUN27=PUT_CALL_PARITY;DEC29=PUT_CALL_PARITY;OCT27=PUT_CALL_PARITY;SEP27=PUT_CALL_PARITY;AUG27=PUT_CALL_PARITY;MAR28=PUT_CALL_PARITY;DEC27=PUT_CALL_PARITY;DEC28=PUT_CALL_PARITY;SEP28=PUT_CALL_PARITY;DEC30=PUT_CALL_PARITY;JUN28=PUT_CALL_PARITY,OCT26=7852.6;NOV26=7852;FEB27=7923.875;MAR27=7994;DEC26=7923.25;JAN27=7924.5;APR27=8008.375;MAY27=8011.875;JUL27=8099.625;JUN27=8066.75;DEC29=8852.375;SEP27=8159.875;AUG27=8105.75;MAR28=8279;DEC27=8177.5;DEC28=8506.75;SEP28=6112.0875;DEC30=9361.5;JUN28=8372.5,OCT27=GLOBAL_REFERENCE_NO_OBSERVATION;SEP28=GLOBAL_REFERENCE_OUTLIER_SERIES_FORWARD_CLUSTER,WEIGHTED_ATM,2026-10-16,6,685,0.0,NONE,11274,10812,462,0,0,RTM,MDW;MMW;MRW;MTW,OK,NONE,NONE,2026-10-07
SPX,8550.0,85365478.61545928,191.74840132551853,0.0,0.0,0.0,0.0,0.0,0.0,7906.272501294064,7798.927498705937,7959.945002588127,7745.254997411874,DEC26,OCT26,2026-10-08,2026-12-18,7852.6,7825.767905144304,FOUND,DEGRADED,SPOT_MONTH_FALLBACK;UNKNOWN_SERIES;ESTIMATED_EXPIRY_ALIAS,2026-08-02.2,PUT_CALL_PARITY,OCT26,OCT26=PUT_CALL_PARITY;NOV26=PUT_CALL_PARITY;FEB27=PUT_CALL_PARITY;MAR27=PUT_CALL_PARITY;DEC26=PUT_CALL_PARITY;JAN27=PUT_CALL_PARITY;APR27=PUT_CALL_PARITY;MAY27=PUT_CALL_PARITY;JUL27=PUT_CALL_PARITY;JUN27=PUT_CALL_PARITY;DEC29=PUT_CALL_PARITY;OCT27=PUT_CALL_PARITY;SEP27=PUT_CALL_PARITY;AUG27=PUT_CALL_PARITY;MAR28=PUT_CALL_PARITY;DEC27=PUT_CALL_PARITY;DEC28=PUT_CALL_PARITY;SEP28=PUT_CALL_PARITY;DEC30=PUT_CALL_PARITY;JUN28=PUT_CALL_PARITY,OCT26=7852.6;NOV26=7852;FEB27=7923.875;MAR27=7994;DEC26=7923.25;JAN27=7924.5;APR27=8008.375;MAY27=8011.875;JUL27=8099.625;JUN27=8066.75;DEC29=8852.375;SEP27=8159.875;AUG27=8105.75;MAR28=8279;DEC27=8177.5;DEC28=8506.75;SEP28=6112.0875;DEC30=9361.5;JUN28=8372.5,OCT27=GLOBAL_REFERENCE_NO_OBSERVATION;SEP28=GLOBAL_REFERENCE_OUTLIER_SERIES_FORWARD_CLUSTER,WEIGHTED_ATM,2026-10-16,6,685,0.0,NONE,11274,10812,462,0,0,RTM,MDW;MMW;MRW;MTW,OK,NONE,NONE,2026-10-07
SPX,8575.0,11785774.450998396,18.884314534850024,0.0,0.0,0.0,0.0,0.0,0.0,7906.272501294064,7798.927498705937,7959.945002588127,7745.254997411874,DEC26,OCT26,2026-10-08,2026-12-18,7852.6,7825.767905144304,FOUND,DEGRADED,SPOT_MONTH_FALLBACK;UNKNOWN_SERIES;ESTIMATED_EXPIRY_ALIAS,2026-08-02.2,PUT_CALL_PARITY,OCT26,OCT26=PUT_CALL_PARITY;NOV26=PUT_CALL_PARITY;FEB27=PUT_CALL_PARITY;MAR27=PUT_CALL_PARITY;DEC26=PUT_CALL_PARITY;JAN27=PUT_CALL_PARITY;APR27=PUT_CALL_PARITY;MAY27=PUT_CALL_PARITY;JUL27=PUT_CALL_PARITY;JUN27=PUT_CALL_PARITY;DEC29=PUT_CALL_PARITY;OCT27=PUT_CALL_PARITY;SEP27=PUT_CALL_PARITY;AUG27=PUT_CALL_PARITY;MAR28=PUT_CALL_PARITY;DEC27=PUT_CALL_PARITY;DEC28=PUT_CALL_PARITY;SEP28=PUT_CALL_PARITY;DEC30=PUT_CALL_PARITY;JUN28=PUT_CALL_PARITY,OCT26=7852.6;NOV26=7852;FEB27=7923.875;MAR27=7994;DEC26=7923.25;JAN27=7924.5;APR27=8008.375;MAY27=8011.875;JUL27=8099.625;JUN27=8066.75;DEC29=8852.375;SEP27=8159.875;AUG27=8105.75;MAR28=8279;DEC27=8177.5;DEC28=8506.75;SEP28=6112.0875;DEC30=9361.5;JUN28=8372.5,OCT27=GLOBAL_REFERENCE_NO_OBSERVATION;SEP28=GLOBAL_REFERENCE_OUTLIER_SERIES_FORWARD_CLUSTER,WEIGHTED_ATM,2026-10-16,6,685,0.0,NONE,11274,10812,462,0,0,RTM,MDW;MMW;MRW;MTW,OK,NONE,NONE,2026-10-07
SPX,8600.0,150157437.44489652,243.1481601017529,0.0,0.0,0.0,0.0,0.0,0.0,7906.272501294064,7798.927498705937,7959.945002588127,7745.254997411874,DEC26,OCT26,2026-10-08,2026-12-18,7852.6,7825.767905144304,FOUND,DEGRADED,SPOT_MONTH_FALLBACK;UNKNOWN_SERIES;ESTIMATED_EXPIRY_ALIAS,2026-08-02.2,PUT_CALL_PARITY,OCT26,OCT26=PUT_CALL_PARITY;NOV26=PUT_CALL_PARITY;FEB27=PUT_CALL_PARITY;MAR27=PUT_CALL_PARITY;DEC26=PUT_CALL_PARITY;JAN27=PUT_CALL_PARITY;APR27=PUT_CALL_PARITY;MAY27=PUT_CALL_PARITY;JUL27=PUT_CALL_PARITY;JUN27=PUT_CALL_PARITY;DEC29=PUT_CALL_PARITY;OCT27=PUT_CALL_PARITY;SEP27=PUT_CALL_PARITY;AUG27=PUT_CALL_PARITY;MAR28=PUT_CALL_PARITY;DEC27=PUT_CALL_PARITY;DEC28=PUT_CALL_PARITY;SEP28=PUT_CALL_PARITY;DEC30=PUT_CALL_PARITY;JUN28=PUT_CALL_PARITY,OCT26=7852.6;NOV26=7852;FEB27=7923.875;MAR27=7994;DEC26=7923.25;JAN27=7924.5;APR27=8008.375;MAY27=8011.875;JUL27=8099.625;JUN27=8066.75;DEC29=8852.375;SEP27=8159.875;AUG27=8105.75;MAR28=8279;DEC27=8177.5;DEC28=8506.75;SEP28=6112.0875;DEC30=9361.5;JUN28=8372.5,OCT27=GLOBAL_REFERENCE_NO_OBSERVATION;SEP28=GLOBAL_REFERENCE_OUTLIER_SERIES_FORWARD_CLUSTER,WEIGHTED_ATM,2026-10-16,6,685,0.0,NONE,11274,10812,462,0,0,RTM,MDW;MMW;MRW;MTW,OK,NONE,NONE,2026-10-07
SPX,8625.0,2230686.4464116986,3.6133390291952443,0.0,0.0,0.0,0.0,0.0,0.0,7906.272501294064,7798.927498705937,7959.945002588127,7745.254997411874,DEC26,OCT26,2026-10-08,2026-12-18,7852.6,7825.767905144304,FOUND,DEGRADED,SPOT_MONTH_FALLBACK;UNKNOWN_SERIES;ESTIMATED_EXPIRY_ALIAS,2026-08-02.2,PUT_CALL_PARITY,OCT26,OCT26=PUT_CALL_PARITY;NOV26=PUT_CALL_PARITY;FEB27=PUT_CALL_PARITY;MAR27=PUT_CALL_PARITY;DEC26=PUT_CALL_PARITY;JAN27=PUT_CALL_PARITY;APR27=PUT_CALL_PARITY;MAY27=PUT_CALL_PARITY;JUL27=PUT_CALL_PARITY;JUN27=PUT_CALL_PARITY;DEC29=PUT_CALL_PARITY;OCT27=PUT_CALL_PARITY;SEP27=PUT_CALL_PARITY;AUG27=PUT_CALL_PARITY;MAR28=PUT_CALL_PARITY;DEC27=PUT_CALL_PARITY;DEC28=PUT_CALL_PARITY;SEP28=PUT_CALL_PARITY;DEC30=PUT_CALL_PARITY;JUN28=PUT_CALL_PARITY,OCT26=7852.6;NOV26=7852;FEB27=7923.875;MAR27=7994;DEC26=7923.25;JAN27=7924.5;APR27=8008.375;MAY27=8011.875;JUL27=8099.625;JUN27=8066.75;DEC29=8852.375;SEP27=8159.875;AUG27=8105.75;MAR28=8279;DEC27=8177.5;DEC28=8506.75;SEP28=6112.0875;DEC30=9361.5;JUN28=8372.5,OCT27=GLOBAL_REFERENCE_NO_OBSERVATION;SEP28=GLOBAL_REFERENCE_OUTLIER_SERIES_FORWARD_CLUSTER,WEIGHTED_ATM,2026-10-16,6,685,0.0,NONE,11274,10812,462,0,0,RTM,MDW;MMW;MRW;MTW,OK,NONE,NONE,2026-10-07
SPX,8650.0,110918371.04852451,179.94657888897905,0.0,0.0,0.0,0.0,0.0,0.0,7906.272501294064,7798.927498705937,7959.945002588127,7745.254997411874,DEC26,OCT26,2026-10-08,2026-12-18,7852.6,7825.767905144304,FOUND,DEGRADED,SPOT_MONTH_FALLBACK;UNKNOWN_SERIES;ESTIMATED_EXPIRY_ALIAS,2026-08-02.2,PUT_CALL_PARITY,OCT26,OCT26=PUT_CALL_PARITY;NOV26=PUT_CALL_PARITY;FEB27=PUT_CALL_PARITY;MAR27=PUT_CALL_PARITY;DEC26=PUT_CALL_PARITY;JAN27=PUT_CALL_PARITY;APR27=PUT_CALL_PARITY;MAY27=PUT_CALL_PARITY;JUL27=PUT_CALL_PARITY;JUN27=PUT_CALL_PARITY;DEC29=PUT_CALL_PARITY;OCT27=PUT_CALL_PARITY;SEP27=PUT_CALL_PARITY;AUG27=PUT_CALL_PARITY;MAR28=PUT_CALL_PARITY;DEC27=PUT_CALL_PARITY;DEC28=PUT_CALL_PARITY;SEP28=PUT_CALL_PARITY;DEC30=PUT_CALL_PARITY;JUN28=PUT_CALL_PARITY,OCT26=7852.6;NOV26=7852;FEB27=7923.875;MAR27=7994;DEC26=7923.25;JAN27=7924.5;APR27=8008.375;MAY27=8011.875;JUL27=8099.625;JUN27=8066.75;DEC29=8852.375;SEP27=8159.875;AUG27=8105.75;MAR28=8279;DEC27=8177.5;DEC28=8506.75;SEP28=6112.0875;DEC30=9361.5;JUN28=8372.5,OCT27=GLOBAL_REFERENCE_NO_OBSERVATION;SEP28=GLOBAL_REFERENCE_OUTLIER_SERIES_FORWARD_CLUSTER,WEIGHTED_ATM,2026-10-16,6,685,0.0,NONE,11274,10812,462,0,0,RTM,MDW;MMW;MRW;MTW,OK,NONE,NONE,2026-10-07
SPX,8675.0,309402.67342307285,0.5013395635511976,0.0,0.0,0.0,0.0,0.0,0.0,7906.272501294064,7798.927498705937,7959.945002588127,7745.254997411874,DEC26,OCT26,2026-10-08,2026-12-18,7852.6,7825.767905144304,FOUND,DEGRADED,SPOT_MONTH_FALLBACK;UNKNOWN_SERIES;ESTIMATED_EXPIRY_ALIAS,2026-08-02.2,PUT_CALL_PARITY,OCT26,OCT26=PUT_CALL_PARITY;NOV26=PUT_CALL_PARITY;FEB27=PUT_CALL_PARITY;MAR27=PUT_CALL_PARITY;DEC26=PUT_CALL_PARITY;JAN27=PUT_CALL_PARITY;APR27=PUT_CALL_PARITY;MAY27=PUT_CALL_PARITY;JUL27=PUT_CALL_PARITY;JUN27=PUT_CALL_PARITY;DEC29=PUT_CALL_PARITY;OCT27=PUT_CALL_PARITY;SEP27=PUT_CALL_PARITY;AUG27=PUT_CALL_PARITY;MAR28=PUT_CALL_PARITY;DEC27=PUT_CALL_PARITY;DEC28=PUT_CALL_PARITY;SEP28=PUT_CALL_PARITY;DEC30=PUT_CALL_PARITY;JUN28=PUT_CALL_PARITY,OCT26=7852.6;NOV26=7852;FEB27=7923.875;MAR27=7994;DEC26=7923.25;JAN27=7924.5;APR27=8008.375;MAY27=8011.875;JUL27=8099.625;JUN27=8066.75;DEC29=8852.375;SEP27=8159.875;AUG27=8105.75;MAR28=8279;DEC27=8177.5;DEC28=8506.75;SEP28=6112.0875;DEC30=9361.5;JUN28=8372.5,OCT27=GLOBAL_REFERENCE_NO_OBSERVATION;SEP28=GLOBAL_REFERENCE_OUTLIER_SERIES_FORWARD_CLUSTER,WEIGHTED_ATM,2026-10-16,6,685,0.0,NONE,11274,10812,462,0,0,RTM,MDW;MMW;MRW;MTW,OK,NONE,NONE,2026-10-07
SPX,8700.0,99695624.61473098,161.6722904528023,0.0,0.0,0.0,0.0,0.0,0.0,7906.272501294064,7798.927498705937,7959.945002588127,7745.254997411874,DEC26,OCT26,2026-10-08,2026-12-18,7852.6,7825.767905144304,FOUND,DEGRADED,SPOT_MONTH_FALLBACK;UNKNOWN_SERIES;ESTIMATED_EXPIRY_ALIAS,2026-08-02.2,PUT_CALL_PARITY,OCT26,OCT26=PUT_CALL_PARITY;NOV26=PUT_CALL_PARITY;FEB27=PUT_CALL_PARITY;MAR27=PUT_CALL_PARITY;DEC26=PUT_CALL_PARITY;JAN27=PUT_CALL_PARITY;APR27=PUT_CALL_PARITY;MAY27=PUT_CALL_PARITY;JUL27=PUT_CALL_PARITY;JUN27=PUT_CALL_PARITY;DEC29=PUT_CALL_PARITY;OCT27=PUT_CALL_PARITY;SEP27=PUT_CALL_PARITY;AUG27=PUT_CALL_PARITY;MAR28=PUT_CALL_PARITY;DEC27=PUT_CALL_PARITY;DEC28=PUT_CALL_PARITY;SEP28=PUT_CALL_PARITY;DEC30=PUT_CALL_PARITY;JUN28=PUT_CALL_PARITY,OCT26=7852.6;NOV26=7852;FEB27=7923.875;MAR27=7994;DEC26=7923.25;JAN27=7924.5;APR27=8008.375;MAY27=8011.875;JUL27=8099.625;JUN27=8066.75;DEC29=8852.375;SEP27=8159.875;AUG27=8105.75;MAR28=8279;DEC27=8177.5;DEC28=8506.75;SEP28=6112.0875;DEC30=9361.5;JUN28=8372.5,OCT27=GLOBAL_REFERENCE_NO_OBSERVATION;SEP28=GLOBAL_REFERENCE_OUTLIER_SERIES_FORWARD_CLUSTER,WEIGHTED_ATM,2026-10-16,6,685,0.0,NONE,11274,10812,462,0,0,RTM,MDW;MMW;MRW;MTW,OK,NONE,NONE,2026-10-07
SPX,8725.0,56820.5982924933,0.09051052493699867,0.0,0.0,0.0,0.0,0.0,0.0,7906.272501294064,7798.927498705937,7959.945002588127,7745.254997411874,DEC26,OCT26,2026-10-08,2026-12-18,7852.6,7825.767905144304,FOUND,DEGRADED,SPOT_MONTH_FALLBACK;UNKNOWN_SERIES;ESTIMATED_EXPIRY_ALIAS,2026-08-02.2,PUT_CALL_PARITY,OCT26,OCT26=PUT_CALL_PARITY;NOV26=PUT_CALL_PARITY;FEB27=PUT_CALL_PARITY;MAR27=PUT_CALL_PARITY;DEC26=PUT_CALL_PARITY;JAN27=PUT_CALL_PARITY;APR27=PUT_CALL_PARITY;MAY27=PUT_CALL_PARITY;JUL27=PUT_CALL_PARITY;JUN27=PUT_CALL_PARITY;DEC29=PUT_CALL_PARITY;OCT27=PUT_CALL_PARITY;SEP27=PUT_CALL_PARITY;AUG27=PUT_CALL_PARITY;MAR28=PUT_CALL_PARITY;DEC27=PUT_CALL_PARITY;DEC28=PUT_CALL_PARITY;SEP28=PUT_CALL_PARITY;DEC30=PUT_CALL_PARITY;JUN28=PUT_CALL_PARITY,OCT26=7852.6;NOV26=7852;FEB27=7923.875;MAR27=7994;DEC26=7923.25;JAN27=7924.5;APR27=8008.375;MAY27=8011.875;JUL27=8099.625;JUN27=8066.75;DEC29=8852.375;SEP27=8159.875;AUG27=8105.75;MAR28=8279;DEC27=8177.5;DEC28=8506.75;SEP28=6112.0875;DEC30=9361.5;JUN28=8372.5,OCT27=GLOBAL_REFERENCE_NO_OBSERVATION;SEP28=GLOBAL_REFERENCE_OUTLIER_SERIES_FORWARD_CLUSTER,WEIGHTED_ATM,2026-10-16,6,685,0.0,NONE,11274,10812,462,0,0,RTM,MDW;MMW;MRW;MTW,OK,NONE,NONE,2026-10-07
SPX,8750.0,59630105.720018744,101.00840009970408,0.0,0.0,0.0,0.0,0.0,0.0,7906.272501294064,7798.927498705937,7959.945002588127,7745.254997411874,DEC26,OCT26,2026-10-08,2026-12-18,7852.6,7825.767905144304,FOUND,DEGRADED,SPOT_MONTH_FALLBACK;UNKNOWN_SERIES;ESTIMATED_EXPIRY_ALIAS,2026-08-02.2,PUT_CALL_PARITY,OCT26,OCT26=PUT_CALL_PARITY;NOV26=PUT_CALL_PARITY;FEB27=PUT_CALL_PARITY;MAR27=PUT_CALL_PARITY;DEC26=PUT_CALL_PARITY;JAN27=PUT_CALL_PARITY;APR27=PUT_CALL_PARITY;MAY27=PUT_CALL_PARITY;JUL27=PUT_CALL_PARITY;JUN27=PUT_CALL_PARITY;DEC29=PUT_CALL_PARITY;OCT27=PUT_CALL_PARITY;SEP27=PUT_CALL_PARITY;AUG27=PUT_CALL_PARITY;MAR28=PUT_CALL_PARITY;DEC27=PUT_CALL_PARITY;DEC28=PUT_CALL_PARITY;SEP28=PUT_CALL_PARITY;DEC30=PUT_CALL_PARITY;JUN28=PUT_CALL_PARITY,OCT26=7852.6;NOV26=7852;FEB27=7923.875;MAR27=7994;DEC26=7923.25;JAN27=7924.5;APR27=8008.375;MAY27=8011.875;JUL27=8099.625;JUN27=8066.75;DEC29=8852.375;SEP27=8159.875;AUG27=8105.75;MAR28=8279;DEC27=8177.5;DEC28=8506.75;SEP28=6112.0875;DEC30=9361.5;JUN28=8372.5,OCT27=GLOBAL_REFERENCE_NO_OBSERVATION;SEP28=GLOBAL_REFERENCE_OUTLIER_SERIES_FORWARD_CLUSTER,WEIGHTED_ATM,2026-10-16,6,685,0.0,NONE,11274,10812,462,0,0,RTM,MDW;MMW;MRW;MTW,OK,NONE,NONE,2026-10-07
SPX,8800.0,73285836.37512836,116.82965331040081,0.0,0.0,0.0,0.0,0.0,0.0,7906.272501294064,7798.927498705937,7959.945002588127,7745.254997411874,DEC26,OCT26,2026-10-08,2026-12-18,7852.6,7825.767905144304,FOUND,DEGRADED,SPOT_MONTH_FALLBACK;UNKNOWN_SERIES;ESTIMATED_EXPIRY_ALIAS,2026-08-02.2,PUT_CALL_PARITY,OCT26,OCT26=PUT_CALL_PARITY;NOV26=PUT_CALL_PARITY;FEB27=PUT_CALL_PARITY;MAR27=PUT_CALL_PARITY;DEC26=PUT_CALL_PARITY;JAN27=PUT_CALL_PARITY;APR27=PUT_CALL_PARITY;MAY27=PUT_CALL_PARITY;JUL27=PUT_CALL_PARITY;JUN27=PUT_CALL_PARITY;DEC29=PUT_CALL_PARITY;OCT27=PUT_CALL_PARITY;SEP27=PUT_CALL_PARITY;AUG27=PUT_CALL_PARITY;MAR28=PUT_CALL_PARITY;DEC27=PUT_CALL_PARITY;DEC28=PUT_CALL_PARITY;SEP28=PUT_CALL_PARITY;DEC30=PUT_CALL_PARITY;JUN28=PUT_CALL_PARITY,OCT26=7852.6;NOV26=7852;FEB27=7923.875;MAR27=7994;DEC26=7923.25;JAN27=7924.5;APR27=8008.375;MAY27=8011.875;JUL27=8099.625;JUN27=8066.75;DEC29=8852.375;SEP27=8159.875;AUG27=8105.75;MAR28=8279;DEC27=8177.5;DEC28=8506.75;SEP28=6112.0875;DEC30=9361.5;JUN28=8372.5,OCT27=GLOBAL_REFERENCE_NO_OBSERVATION;SEP28=GLOBAL_REFERENCE_OUTLIER_SERIES_FORWARD_CLUSTER,WEIGHTED_ATM,2026-10-16,6,685,0.0,NONE,11274,10812,462,0,0,RTM,MDW;MMW;MRW;MTW,OK,NONE,NONE,2026-10-07
SPX,8850.0,41973266.51394366,65.63916485117484,0.0,0.0,0.0,0.0,0.0,0.0,7906.272501294064,7798.927498705937,7959.945002588127,7745.254997411874,DEC26,OCT26,2026-10-08,2026-12-18,7852.6,7825.767905144304,FOUND,DEGRADED,SPOT_MONTH_FALLBACK;UNKNOWN_SERIES;ESTIMATED_EXPIRY_ALIAS,2026-08-02.2,PUT_CALL_PARITY,OCT26,OCT26=PUT_CALL_PARITY;NOV26=PUT_CALL_PARITY;FEB27=PUT_CALL_PARITY;MAR27=PUT_CALL_PARITY;DEC26=PUT_CALL_PARITY;JAN27=PUT_CALL_PARITY;APR27=PUT_CALL_PARITY;MAY27=PUT_CALL_PARITY;JUL27=PUT_CALL_PARITY;JUN27=PUT_CALL_PARITY;DEC29=PUT_CALL_PARITY;OCT27=PUT_CALL_PARITY;SEP27=PUT_CALL_PARITY;AUG27=PUT_CALL_PARITY;MAR28=PUT_CALL_PARITY;DEC27=PUT_CALL_PARITY;DEC28=PUT_CALL_PARITY;SEP28=PUT_CALL_PARITY;DEC30=PUT_CALL_PARITY;JUN28=PUT_CALL_PARITY,OCT26=7852.6;NOV26=7852;FEB27=7923.875;MAR27=7994;DEC26=7923.25;JAN27=7924.5;APR27=8008.375;MAY27=8011.875;JUL27=8099.625;JUN27=8066.75;DEC29=8852.375;SEP27=8159.875;AUG27=8105.75;MAR28=8279;DEC27=8177.5;DEC28=8506.75;SEP28=6112.0875;DEC30=9361.5;JUN28=8372.5,OCT27=GLOBAL_REFERENCE_NO_OBSERVATION;SEP28=GLOBAL_REFERENCE_OUTLIER_SERIES_FORWARD_CLUSTER,WEIGHTED_ATM,2026-10-16,6,685,0.0,NONE,11274,10812,462,0,0,RTM,MDW;MMW;MRW;MTW,OK,NONE,NONE,2026-10-07
SPX,8900.0,88988359.80903704,143.26114610381157,0.0,0.0,0.0,0.0,19981.0,0.0,7906.272501294064,7798.927498705937,7959.945002588127,7745.254997411874,DEC26,OCT26,2026-10-08,2026-12-18,7852.6,7825.767905144304,FOUND,DEGRADED,SPOT_MONTH_FALLBACK;UNKNOWN_SERIES;ESTIMATED_EXPIRY_ALIAS,2026-08-02.2,PUT_CALL_PARITY,OCT26,OCT26=PUT_CALL_PARITY;NOV26=PUT_CALL_PARITY;FEB27=PUT_CALL_PARITY;MAR27=PUT_CALL_PARITY;DEC26=PUT_CALL_PARITY;JAN27=PUT_CALL_PARITY;APR27=PUT_CALL_PARITY;MAY27=PUT_CALL_PARITY;JUL27=PUT_CALL_PARITY;JUN27=PUT_CALL_PARITY;DEC29=PUT_CALL_PARITY;OCT27=PUT_CALL_PARITY;SEP27=PUT_CALL_PARITY;AUG27=PUT_CALL_PARITY;MAR28=PUT_CALL_PARITY;DEC27=PUT_CALL_PARITY;DEC28=PUT_CALL_PARITY;SEP28=PUT_CALL_PARITY;DEC30=PUT_CALL_PARITY;JUN28=PUT_CALL_PARITY,OCT26=7852.6;NOV26=7852;FEB27=7923.875;MAR27=7994;DEC26=7923.25;JAN27=7924.5;APR27=8008.375;MAY27=8011.875;JUL27=8099.625;JUN27=8066.75;DEC29=8852.375;SEP27=8159.875;AUG27=8105.75;MAR28=8279;DEC27=8177.5;DEC28=8506.75;SEP28=6112.0875;DEC30=9361.5;JUN28=8372.5,OCT27=GLOBAL_REFERENCE_NO_OBSERVATION;SEP28=GLOBAL_REFERENCE_OUTLIER_SERIES_FORWARD_CLUSTER,WEIGHTED_ATM,2026-10-16,6,685,0.0,NONE,11274,10812,462,0,0,RTM,MDW;MMW;MRW;MTW,OK,NONE,NONE,2026-10-07
SPX,8950.0,32580045.436903004,50.39880330788201,0.0,0.0,0.0,0.0,0.0,0.0,7906.272501294064,7798.927498705937,7959.945002588127,7745.254997411874,DEC26,OCT26,2026-10-08,2026-12-18,7852.6,7825.767905144304,FOUND,DEGRADED,SPOT_MONTH_FALLBACK;UNKNOWN_SERIES;ESTIMATED_EXPIRY_ALIAS,2026-08-02.2,PUT_CALL_PARITY,OCT26,OCT26=PUT_CALL_PARITY;NOV26=PUT_CALL_PARITY;FEB27=PUT_CALL_PARITY;MAR27=PUT_CALL_PARITY;DEC26=PUT_CALL_PARITY;JAN27=PUT_CALL_PARITY;APR27=PUT_CALL_PARITY;MAY27=PUT_CALL_PARITY;JUL27=PUT_CALL_PARITY;JUN27=PUT_CALL_PARITY;DEC29=PUT_CALL_PARITY;OCT27=PUT_CALL_PARITY;SEP27=PUT_CALL_PARITY;AUG27=PUT_CALL_PARITY;MAR28=PUT_CALL_PARITY;DEC27=PUT_CALL_PARITY;DEC28=PUT_CALL_PARITY;SEP28=PUT_CALL_PARITY;DEC30=PUT_CALL_PARITY;JUN28=PUT_CALL_PARITY,OCT26=7852.6;NOV26=7852;FEB27=7923.875;MAR27=7994;DEC26=7923.25;JAN27=7924.5;APR27=8008.375;MAY27=8011.875;JUL27=8099.625;JUN27=8066.75;DEC29=8852.375;SEP27=8159.875;AUG27=8105.75;MAR28=8279;DEC27=8177.5;DEC28=8506.75;SEP28=6112.0875;DEC30=9361.5;JUN28=8372.5,OCT27=GLOBAL_REFERENCE_NO_OBSERVATION;SEP28=GLOBAL_REFERENCE_OUTLIER_SERIES_FORWARD_CLUSTER,WEIGHTED_ATM,2026-10-16,6,685,0.0,NONE,11274,10812,462,0,0,RTM,MDW;MMW;MRW;MTW,OK,NONE,NONE,2026-10-07
SPX,9000.0,85090374.42142998,132.6801975184698,0.0,0.0,0.0,0.0,0.0,0.0,7906.272501294064,7798.927498705937,7959.945002588127,7745.254997411874,DEC26,OCT26,2026-10-08,2026-12-18,7852.6,7825.767905144304,FOUND,DEGRADED,SPOT_MONTH_FALLBACK;UNKNOWN_SERIES;ESTIMATED_EXPIRY_ALIAS,2026-08-02.2,PUT_CALL_PARITY,OCT26,OCT26=PUT_CALL_PARITY;NOV26=PUT_CALL_PARITY;FEB27=PUT_CALL_PARITY;MAR27=PUT_CALL_PARITY;DEC26=PUT_CALL_PARITY;JAN27=PUT_CALL_PARITY;APR27=PUT_CALL_PARITY;MAY27=PUT_CALL_PARITY;JUL27=PUT_CALL_PARITY;JUN27=PUT_CALL_PARITY;DEC29=PUT_CALL_PARITY;OCT27=PUT_CALL_PARITY;SEP27=PUT_CALL_PARITY;AUG27=PUT_CALL_PARITY;MAR28=PUT_CALL_PARITY;DEC27=PUT_CALL_PARITY;DEC28=PUT_CALL_PARITY;SEP28=PUT_CALL_PARITY;DEC30=PUT_CALL_PARITY;JUN28=PUT_CALL_PARITY,OCT26=7852.6;NOV26=7852;FEB27=7923.875;MAR27=7994;DEC26=7923.25;JAN27=7924.5;APR27=8008.375;MAY27=8011.875;JUL27=8099.625;JUN27=8066.75;DEC29=8852.375;SEP27=8159.875;AUG27=8105.75;MAR28=8279;DEC27=8177.5;DEC28=8506.75;SEP28=6112.0875;DEC30=9361.5;JUN28=8372.5,OCT27=GLOBAL_REFERENCE_NO_OBSERVATION;SEP28=GLOBAL_REFERENCE_OUTLIER_SERIES_FORWARD_CLUSTER,WEIGHTED_ATM,2026-10-16,6,685,0.0,NONE,11274,10812,462,0,0,RTM,MDW;MMW;MRW;MTW,OK,NONE,NONE,2026-10-07
SPX,9050.0,19308188.082641214,30.20182508460082,0.0,0.0,0.0,0.0,0.0,0.0,7906.272501294064,7798.927498705937,7959.945002588127,7745.254997411874,DEC26,OCT26,2026-10-08,2026-12-18,7852.6,7825.767905144304,FOUND,DEGRADED,SPOT_MONTH_FALLBACK;UNKNOWN_SERIES;ESTIMATED_EXPIRY_ALIAS,2026-08-02.2,PUT_CALL_PARITY,OCT26,OCT26=PUT_CALL_PARITY;NOV26=PUT_CALL_PARITY;FEB27=PUT_CALL_PARITY;MAR27=PUT_CALL_PARITY;DEC26=PUT_CALL_PARITY;JAN27=PUT_CALL_PARITY;APR27=PUT_CALL_PARITY;MAY27=PUT_CALL_PARITY;JUL27=PUT_CALL_PARITY;JUN27=PUT_CALL_PARITY;DEC29=PUT_CALL_PARITY;OCT27=PUT_CALL_PARITY;SEP27=PUT_CALL_PARITY;AUG27=PUT_CALL_PARITY;MAR28=PUT_CALL_PARITY;DEC27=PUT_CALL_PARITY;DEC28=PUT_CALL_PARITY;SEP28=PUT_CALL_PARITY;DEC30=PUT_CALL_PARITY;JUN28=PUT_CALL_PARITY,OCT26=7852.6;NOV26=7852;FEB27=7923.875;MAR27=7994;DEC26=7923.25;JAN27=7924.5;APR27=8008.375;MAY27=8011.875;JUL27=8099.625;JUN27=8066.75;DEC29=8852.375;SEP27=8159.875;AUG27=8105.75;MAR28=8279;DEC27=8177.5;DEC28=8506.75;SEP28=6112.0875;DEC30=9361.5;JUN28=8372.5,OCT27=GLOBAL_REFERENCE_NO_OBSERVATION;SEP28=GLOBAL_REFERENCE_OUTLIER_SERIES_FORWARD_CLUSTER,WEIGHTED_ATM,2026-10-16,6,685,0.0,NONE,11274,10812,462,0,0,RTM,MDW;MMW;MRW;MTW,OK,NONE,NONE,2026-10-07
SPX,9100.0,45520963.34851607,81.22531054433682,0.0,0.0,0.0,0.0,0.0,0.0,7906.272501294064,7798.927498705937,7959.945002588127,7745.254997411874,DEC26,OCT26,2026-10-08,2026-12-18,7852.6,7825.767905144304,FOUND,DEGRADED,SPOT_MONTH_FALLBACK;UNKNOWN_SERIES;ESTIMATED_EXPIRY_ALIAS,2026-08-02.2,PUT_CALL_PARITY,OCT26,OCT26=PUT_CALL_PARITY;NOV26=PUT_CALL_PARITY;FEB27=PUT_CALL_PARITY;MAR27=PUT_CALL_PARITY;DEC26=PUT_CALL_PARITY;JAN27=PUT_CALL_PARITY;APR27=PUT_CALL_PARITY;MAY27=PUT_CALL_PARITY;JUL27=PUT_CALL_PARITY;JUN27=PUT_CALL_PARITY;DEC29=PUT_CALL_PARITY;OCT27=PUT_CALL_PARITY;SEP27=PUT_CALL_PARITY;AUG27=PUT_CALL_PARITY;MAR28=PUT_CALL_PARITY;DEC27=PUT_CALL_PARITY;DEC28=PUT_CALL_PARITY;SEP28=PUT_CALL_PARITY;DEC30=PUT_CALL_PARITY;JUN28=PUT_CALL_PARITY,OCT26=7852.6;NOV26=7852;FEB27=7923.875;MAR27=7994;DEC26=7923.25;JAN27=7924.5;APR27=8008.375;MAY27=8011.875;JUL27=8099.625;JUN27=8066.75;DEC29=8852.375;SEP27=8159.875;AUG27=8105.75;MAR28=8279;DEC27=8177.5;DEC28=8506.75;SEP28=6112.0875;DEC30=9361.5;JUN28=8372.5,OCT27=GLOBAL_REFERENCE_NO_OBSERVATION;SEP28=GLOBAL_REFERENCE_OUTLIER_SERIES_FORWARD_CLUSTER,WEIGHTED_ATM,2026-10-16,6,685,0.0,NONE,11274,10812,462,0,0,RTM,MDW;MMW;MRW;MTW,OK,NONE,NONE,2026-10-07
SPX,9150.0,10121633.363125296,15.40363752613545,0.0,0.0,0.0,0.0,0.0,0.0,7906.272501294064,7798.927498705937,7959.945002588127,7745.254997411874,DEC26,OCT26,2026-10-08,2026-12-18,7852.6,7825.767905144304,FOUND,DEGRADED,SPOT_MONTH_FALLBACK;UNKNOWN_SERIES;ESTIMATED_EXPIRY_ALIAS,2026-08-02.2,PUT_CALL_PARITY,OCT26,OCT26=PUT_CALL_PARITY;NOV26=PUT_CALL_PARITY;FEB27=PUT_CALL_PARITY;MAR27=PUT_CALL_PARITY;DEC26=PUT_CALL_PARITY;JAN27=PUT_CALL_PARITY;APR27=PUT_CALL_PARITY;MAY27=PUT_CALL_PARITY;JUL27=PUT_CALL_PARITY;JUN27=PUT_CALL_PARITY;DEC29=PUT_CALL_PARITY;OCT27=PUT_CALL_PARITY;SEP27=PUT_CALL_PARITY;AUG27=PUT_CALL_PARITY;MAR28=PUT_CALL_PARITY;DEC27=PUT_CALL_PARITY;DEC28=PUT_CALL_PARITY;SEP28=PUT_CALL_PARITY;DEC30=PUT_CALL_PARITY;JUN28=PUT_CALL_PARITY,OCT26=7852.6;NOV26=7852;FEB27=7923.875;MAR27=7994;DEC26=7923.25;JAN27=7924.5;APR27=8008.375;MAY27=8011.875;JUL27=8099.625;JUN27=8066.75;DEC29=8852.375;SEP27=8159.875;AUG27=8105.75;MAR28=8279;DEC27=8177.5;DEC28=8506.75;SEP28=6112.0875;DEC30=9361.5;JUN28=8372.5,OCT27=GLOBAL_REFERENCE_NO_OBSERVATION;SEP28=GLOBAL_REFERENCE_OUTLIER_SERIES_FORWARD_CLUSTER,WEIGHTED_ATM,2026-10-16,6,685,0.0,NONE,11274,10812,462,0,0,RTM,MDW;MMW;MRW;MTW,OK,NONE,NONE,2026-10-07
SPX,9200.0,53614432.584728606,82.76757814099109,0.0,0.0,0.0,0.0,0.0,0.0,7906.272501294064,7798.927498705937,7959.945002588127,7745.254997411874,DEC26,OCT26,2026-10-08,2026-12-18,7852.6,7825.767905144304,FOUND,DEGRADED,SPOT_MONTH_FALLBACK;UNKNOWN_SERIES;ESTIMATED_EXPIRY_ALIAS,2026-08-02.2,PUT_CALL_PARITY,OCT26,OCT26=PUT_CALL_PARITY;NOV26=PUT_CALL_PARITY;FEB27=PUT_CALL_PARITY;MAR27=PUT_CALL_PARITY;DEC26=PUT_CALL_PARITY;JAN27=PUT_CALL_PARITY;APR27=PUT_CALL_PARITY;MAY27=PUT_CALL_PARITY;JUL27=PUT_CALL_PARITY;JUN27=PUT_CALL_PARITY;DEC29=PUT_CALL_PARITY;OCT27=PUT_CALL_PARITY;SEP27=PUT_CALL_PARITY;AUG27=PUT_CALL_PARITY;MAR28=PUT_CALL_PARITY;DEC27=PUT_CALL_PARITY;DEC28=PUT_CALL_PARITY;SEP28=PUT_CALL_PARITY;DEC30=PUT_CALL_PARITY;JUN28=PUT_CALL_PARITY,OCT26=7852.6;NOV26=7852;FEB27=7923.875;MAR27=7994;DEC26=7923.25;JAN27=7924.5;APR27=8008.375;MAY27=8011.875;JUL27=8099.625;JUN27=8066.75;DEC29=8852.375;SEP27=8159.875;AUG27=8105.75;MAR28=8279;DEC27=8177.5;DEC28=8506.75;SEP28=6112.0875;DEC30=9361.5;JUN28=8372.5,OCT27=GLOBAL_REFERENCE_NO_OBSERVATION;SEP28=GLOBAL_REFERENCE_OUTLIER_SERIES_FORWARD_CLUSTER,WEIGHTED_ATM,2026-10-16,6,685,0.0,NONE,11274,10812,462,0,0,RTM,MDW;MMW;MRW;MTW,OK,NONE,NONE,2026-10-07
SPX,9250.0,16660374.867152575,25.27804872387508,0.0,0.0,0.0,0.0,0.0,0.0,7906.272501294064,7798.927498705937,7959.945002588127,7745.254997411874,DEC26,OCT26,2026-10-08,2026-12-18,7852.6,7825.767905144304,FOUND,DEGRADED,SPOT_MONTH_FALLBACK;UNKNOWN_SERIES;ESTIMATED_EXPIRY_ALIAS,2026-08-02.2,PUT_CALL_PARITY,OCT26,OCT26=PUT_CALL_PARITY;NOV26=PUT_CALL_PARITY;FEB27=PUT_CALL_PARITY;MAR27=PUT_CALL_PARITY;DEC26=PUT_CALL_PARITY;JAN27=PUT_CALL_PARITY;APR27=PUT_CALL_PARITY;MAY27=PUT_CALL_PARITY;JUL27=PUT_CALL_PARITY;JUN27=PUT_CALL_PARITY;DEC29=PUT_CALL_PARITY;OCT27=PUT_CALL_PARITY;SEP27=PUT_CALL_PARITY;AUG27=PUT_CALL_PARITY;MAR28=PUT_CALL_PARITY;DEC27=PUT_CALL_PARITY;DEC28=PUT_CALL_PARITY;SEP28=PUT_CALL_PARITY;DEC30=PUT_CALL_PARITY;JUN28=PUT_CALL_PARITY,OCT26=7852.6;NOV26=7852;FEB27=7923.875;MAR27=7994;DEC26=7923.25;JAN27=7924.5;APR27=8008.375;MAY27=8011.875;JUL27=8099.625;JUN27=8066.75;DEC29=8852.375;SEP27=8159.875;AUG27=8105.75;MAR28=8279;DEC27=8177.5;DEC28=8506.75;SEP28=6112.0875;DEC30=9361.5;JUN28=8372.5,OCT27=GLOBAL_REFERENCE_NO_OBSERVATION;SEP28=GLOBAL_REFERENCE_OUTLIER_SERIES_FORWARD_CLUSTER,WEIGHTED_ATM,2026-10-16,6,685,0.0,NONE,11274,10812,462,0,0,RTM,MDW;MMW;MRW;MTW,OK,NONE,NONE,2026-10-07
SPX,9300.0,22600834.590499558,34.612751247862356,0.0,0.0,0.0,0.0,0.0,0.0,7906.272501294064,7798.927498705937,7959.945002588127,7745.254997411874,DEC26,OCT26,2026-10-08,2026-12-18,7852.6,7825.767905144304,FOUND,DEGRADED,SPOT_MONTH_FALLBACK;UNKNOWN_SERIES;ESTIMATED_EXPIRY_ALIAS,2026-08-02.2,PUT_CALL_PARITY,OCT26,OCT26=PUT_CALL_PARITY;NOV26=PUT_CALL_PARITY;FEB27=PUT_CALL_PARITY;MAR27=PUT_CALL_PARITY;DEC26=PUT_CALL_PARITY;JAN27=PUT_CALL_PARITY;APR27=PUT_CALL_PARITY;MAY27=PUT_CALL_PARITY;JUL27=PUT_CALL_PARITY;JUN27=PUT_CALL_PARITY;DEC29=PUT_CALL_PARITY;OCT27=PUT_CALL_PARITY;SEP27=PUT_CALL_PARITY;AUG27=PUT_CALL_PARITY;MAR28=PUT_CALL_PARITY;DEC27=PUT_CALL_PARITY;DEC28=PUT_CALL_PARITY;SEP28=PUT_CALL_PARITY;DEC30=PUT_CALL_PARITY;JUN28=PUT_CALL_PARITY,OCT26=7852.6;NOV26=7852;FEB27=7923.875;MAR27=7994;DEC26=7923.25;JAN27=7924.5;APR27=8008.375;MAY27=8011.875;JUL27=8099.625;JUN27=8066.75;DEC29=8852.375;SEP27=8159.875;AUG27=8105.75;MAR28=8279;DEC27=8177.5;DEC28=8506.75;SEP28=6112.0875;DEC30=9361.5;JUN28=8372.5,OCT27=GLOBAL_REFERENCE_NO_OBSERVATION;SEP28=GLOBAL_REFERENCE_OUTLIER_SERIES_FORWARD_CLUSTER,WEIGHTED_ATM,2026-10-16,6,685,0.0,NONE,11274,10812,462,0,0,RTM,MDW;MMW;MRW;MTW,OK,NONE,NONE,2026-10-07
SPX,9350.0,2178286.745166191,3.301728611303303,0.0,0.0,0.0,0.0,0.0,0.0,7906.272501294064,7798.927498705937,7959.945002588127,7745.254997411874,DEC26,OCT26,2026-10-08,2026-12-18,7852.6,7825.767905144304,FOUND,DEGRADED,SPOT_MONTH_FALLBACK;UNKNOWN_SERIES;ESTIMATED_EXPIRY_ALIAS,2026-08-02.2,PUT_CALL_PARITY,OCT26,OCT26=PUT_CALL_PARITY;NOV26=PUT_CALL_PARITY;FEB27=PUT_CALL_PARITY;MAR27=PUT_CALL_PARITY;DEC26=PUT_CALL_PARITY;JAN27=PUT_CALL_PARITY;APR27=PUT_CALL_PARITY;MAY27=PUT_CALL_PARITY;JUL27=PUT_CALL_PARITY;JUN27=PUT_CALL_PARITY;DEC29=PUT_CALL_PARITY;OCT27=PUT_CALL_PARITY;SEP27=PUT_CALL_PARITY;AUG27=PUT_CALL_PARITY;MAR28=PUT_CALL_PARITY;DEC27=PUT_CALL_PARITY;DEC28=PUT_CALL_PARITY;SEP28=PUT_CALL_PARITY;DEC30=PUT_CALL_PARITY;JUN28=PUT_CALL_PARITY,OCT26=7852.6;NOV26=7852;FEB27=7923.875;MAR27=7994;DEC26=7923.25;JAN27=7924.5;APR27=8008.375;MAY27=8011.875;JUL27=8099.625;JUN27=8066.75;DEC29=8852.375;SEP27=8159.875;AUG27=8105.75;MAR28=8279;DEC27=8177.5;DEC28=8506.75;SEP28=6112.0875;DEC30=9361.5;JUN28=8372.5,OCT27=GLOBAL_REFERENCE_NO_OBSERVATION;SEP28=GLOBAL_REFERENCE_OUTLIER_SERIES_FORWARD_CLUSTER,WEIGHTED_ATM,2026-10-16,6,685,0.0,NONE,11274,10812,462,0,0,RTM,MDW;MMW;MRW;MTW,OK,NONE,NONE,2026-10-07
SPX,9400.0,31727054.05010645,48.70200216826535,0.0,0.0,0.0,0.0,0.0,0.0,7906.272501294064,7798.927498705937,7959.945002588127,7745.254997411874,DEC26,OCT26,2026-10-08,2026-12-18,7852.6,7825.767905144304,FOUND,DEGRADED,SPOT_MONTH_FALLBACK;UNKNOWN_SERIES;ESTIMATED_EXPIRY_ALIAS,2026-08-02.2,PUT_CALL_PARITY,OCT26,OCT26=PUT_CALL_PARITY;NOV26=PUT_CALL_PARITY;FEB27=PUT_CALL_PARITY;MAR27=PUT_CALL_PARITY;DEC26=PUT_CALL_PARITY;JAN27=PUT_CALL_PARITY;APR27=PUT_CALL_PARITY;MAY27=PUT_CALL_PARITY;JUL27=PUT_CALL_PARITY;JUN27=PUT_CALL_PARITY;DEC29=PUT_CALL_PARITY;OCT27=PUT_CALL_PARITY;SEP27=PUT_CALL_PARITY;AUG27=PUT_CALL_PARITY;MAR28=PUT_CALL_PARITY;DEC27=PUT_CALL_PARITY;DEC28=PUT_CALL_PARITY;SEP28=PUT_CALL_PARITY;DEC30=PUT_CALL_PARITY;JUN28=PUT_CALL_PARITY,OCT26=7852.6;NOV26=7852;FEB27=7923.875;MAR27=7994;DEC26=7923.25;JAN27=7924.5;APR27=8008.375;MAY27=8011.875;JUL27=8099.625;JUN27=8066.75;DEC29=8852.375;SEP27=8159.875;AUG27=8105.75;MAR28=8279;DEC27=8177.5;DEC28=8506.75;SEP28=6112.0875;DEC30=9361.5;JUN28=8372.5,OCT27=GLOBAL_REFERENCE_NO_OBSERVATION;SEP28=GLOBAL_REFERENCE_OUTLIER_SERIES_FORWARD_CLUSTER,WEIGHTED_ATM,2026-10-16,6,685,0.0,NONE,11274,10812,462,0,0,RTM,MDW;MMW;MRW;MTW,OK,NONE,NONE,2026-10-07
SPX,9450.0,2140703.2332091667,3.272342182262234,0.0,0.0,0.0,0.0,0.0,0.0,7906.272501294064,7798.927498705937,7959.945002588127,7745.254997411874,DEC26,OCT26,2026-10-08,2026-12-18,7852.6,7825.767905144304,FOUND,DEGRADED,SPOT_MONTH_FALLBACK;UNKNOWN_SERIES;ESTIMATED_EXPIRY_ALIAS,2026-08-02.2,PUT_CALL_PARITY,OCT26,OCT26=PUT_CALL_PARITY;NOV26=PUT_CALL_PARITY;FEB27=PUT_CALL_PARITY;MAR27=PUT_CALL_PARITY;DEC26=PUT_CALL_PARITY;JAN27=PUT_CALL_PARITY;APR27=PUT_CALL_PARITY;MAY27=PUT_CALL_PARITY;JUL27=PUT_CALL_PARITY;JUN27=PUT_CALL_PARITY;DEC29=PUT_CALL_PARITY;OCT27=PUT_CALL_PARITY;SEP27=PUT_CALL_PARITY;AUG27=PUT_CALL_PARITY;MAR28=PUT_CALL_PARITY;DEC27=PUT_CALL_PARITY;DEC28=PUT_CALL_PARITY;SEP28=PUT_CALL_PARITY;DEC30=PUT_CALL_PARITY;JUN28=PUT_CALL_PARITY,OCT26=7852.6;NOV26=7852;FEB27=7923.875;MAR27=7994;DEC26=7923.25;JAN27=7924.5;APR27=8008.375;MAY27=8011.875;JUL27=8099.625;JUN27=8066.75;DEC29=8852.375;SEP27=8159.875;AUG27=8105.75;MAR28=8279;DEC27=8177.5;DEC28=8506.75;SEP28=6112.0875;DEC30=9361.5;JUN28=8372.5,OCT27=GLOBAL_REFERENCE_NO_OBSERVATION;SEP28=GLOBAL_REFERENCE_OUTLIER_SERIES_FORWARD_CLUSTER,WEIGHTED_ATM,2026-10-16,6,685,0.0,NONE,11274,10812,462,0,0,RTM,MDW;MMW;MRW;MTW,OK,NONE,NONE,2026-10-07
SPX,9500.0,20421617.088604663,30.95740983509051,0.0,0.0,0.0,0.0,0.0,0.0,7906.272501294064,7798.927498705937,7959.945002588127,7745.254997411874,DEC26,OCT26,2026-10-08,2026-12-18,7852.6,7825.767905144304,FOUND,DEGRADED,SPOT_MONTH_FALLBACK;UNKNOWN_SERIES;ESTIMATED_EXPIRY_ALIAS,2026-08-02.2,PUT_CALL_PARITY,OCT26,OCT26=PUT_CALL_PARITY;NOV26=PUT_CALL_PARITY;FEB27=PUT_CALL_PARITY;MAR27=PUT_CALL_PARITY;DEC26=PUT_CALL_PARITY;JAN27=PUT_CALL_PARITY;APR27=PUT_CALL_PARITY;MAY27=PUT_CALL_PARITY;JUL27=PUT_CALL_PARITY;JUN27=PUT_CALL_PARITY;DEC29=PUT_CALL_PARITY;OCT27=PUT_CALL_PARITY;SEP27=PUT_CALL_PARITY;AUG27=PUT_CALL_PARITY;MAR28=PUT_CALL_PARITY;DEC27=PUT_CALL_PARITY;DEC28=PUT_CALL_PARITY;SEP28=PUT_CALL_PARITY;DEC30=PUT_CALL_PARITY;JUN28=PUT_CALL_PARITY,OCT26=7852.6;NOV26=7852;FEB27=7923.875;MAR27=7994;DEC26=7923.25;JAN27=7924.5;APR27=8008.375;MAY27=8011.875;JUL27=8099.625;JUN27=8066.75;DEC29=8852.375;SEP27=8159.875;AUG27=8105.75;MAR28=8279;DEC27=8177.5;DEC28=8506.75;SEP28=6112.0875;DEC30=9361.5;JUN28=8372.5,OCT27=GLOBAL_REFERENCE_NO_OBSERVATION;SEP28=GLOBAL_REFERENCE_OUTLIER_SERIES_FORWARD_CLUSTER,WEIGHTED_ATM,2026-10-16,6,685,0.0,NONE,11274,10812,462,0,0,RTM,MDW;MMW;MRW;MTW,OK,NONE,NONE,2026-10-07
SPX,9550.0,307668.7393921117,0.4793417089682911,0.0,0.0,0.0,0.0,0.0,0.0,7906.272501294064,7798.927498705937,7959.945002588127,7745.254997411874,DEC26,OCT26,2026-10-08,2026-12-18,7852.6,7825.767905144304,FOUND,DEGRADED,SPOT_MONTH_FALLBACK;UNKNOWN_SERIES;ESTIMATED_EXPIRY_ALIAS,2026-08-02.2,PUT_CALL_PARITY,OCT26,OCT26=PUT_CALL_PARITY;NOV26=PUT_CALL_PARITY;FEB27=PUT_CALL_PARITY;MAR27=PUT_CALL_PARITY;DEC26=PUT_CALL_PARITY;JAN27=PUT_CALL_PARITY;APR27=PUT_CALL_PARITY;MAY27=PUT_CALL_PARITY;JUL27=PUT_CALL_PARITY;JUN27=PUT_CALL_PARITY;DEC29=PUT_CALL_PARITY;OCT27=PUT_CALL_PARITY;SEP27=PUT_CALL_PARITY;AUG27=PUT_CALL_PARITY;MAR28=PUT_CALL_PARITY;DEC27=PUT_CALL_PARITY;DEC28=PUT_CALL_PARITY;SEP28=PUT_CALL_PARITY;DEC30=PUT_CALL_PARITY;JUN28=PUT_CALL_PARITY,OCT26=7852.6;NOV26=7852;FEB27=7923.875;MAR27=7994;DEC26=7923.25;JAN27=7924.5;APR27=8008.375;MAY27=8011.875;JUL27=8099.625;JUN27=8066.75;DEC29=8852.375;SEP27=8159.875;AUG27=8105.75;MAR28=8279;DEC27=8177.5;DEC28=8506.75;SEP28=6112.0875;DEC30=9361.5;JUN28=8372.5,OCT27=GLOBAL_REFERENCE_NO_OBSERVATION;SEP28=GLOBAL_REFERENCE_OUTLIER_SERIES_FORWARD_CLUSTER,WEIGHTED_ATM,2026-10-16,6,685,0.0,NONE,11274,10812,462,0,0,RTM,MDW;MMW;MRW;MTW,OK,NONE,NONE,2026-10-07
SPX,9600.0,26684476.423146684,40.654188416112056,0.0,0.0,0.0,0.0,0.0,0.0,7906.272501294064,7798.927498705937,7959.945002588127,7745.254997411874,DEC26,OCT26,2026-10-08,2026-12-18,7852.6,7825.767905144304,FOUND,DEGRADED,SPOT_MONTH_FALLBACK;UNKNOWN_SERIES;ESTIMATED_EXPIRY_ALIAS,2026-08-02.2,PUT_CALL_PARITY,OCT26,OCT26=PUT_CALL_PARITY;NOV26=PUT_CALL_PARITY;FEB27=PUT_CALL_PARITY;MAR27=PUT_CALL_PARITY;DEC26=PUT_CALL_PARITY;JAN27=PUT_CALL_PARITY;APR27=PUT_CALL_PARITY;MAY27=PUT_CALL_PARITY;JUL27=PUT_CALL_PARITY;JUN27=PUT_CALL_PARITY;DEC29=PUT_CALL_PARITY;OCT27=PUT_CALL_PARITY;SEP27=PUT_CALL_PARITY;AUG27=PUT_CALL_PARITY;MAR28=PUT_CALL_PARITY;DEC27=PUT_CALL_PARITY;DEC28=PUT_CALL_PARITY;SEP28=PUT_CALL_PARITY;DEC30=PUT_CALL_PARITY;JUN28=PUT_CALL_PARITY,OCT26=7852.6;NOV26=7852;FEB27=7923.875;MAR27=7994;DEC26=7923.25;JAN27=7924.5;APR27=8008.375;MAY27=8011.875;JUL27=8099.625;JUN27=8066.75;DEC29=8852.375;SEP27=8159.875;AUG27=8105.75;MAR28=8279;DEC27=8177.5;DEC28=8506.75;SEP28=6112.0875;DEC30=9361.5;JUN28=8372.5,OCT27=GLOBAL_REFERENCE_NO_OBSERVATION;SEP28=GLOBAL_REFERENCE_OUTLIER_SERIES_FORWARD_CLUSTER,WEIGHTED_ATM,2026-10-16,6,685,0.0,NONE,11274,10812,462,0,0,RTM,MDW;MMW;MRW;MTW,OK,NONE,NONE,2026-10-07
SPX,9650.0,923309.746471314,1.4418642291403294,0.0,0.0,0.0,0.0,0.0,0.0,7906.272501294064,7798.927498705937,7959.945002588127,7745.254997411874,DEC26,OCT26,2026-10-08,2026-12-18,7852.6,7825.767905144304,FOUND,DEGRADED,SPOT_MONTH_FALLBACK;UNKNOWN_SERIES;ESTIMATED_EXPIRY_ALIAS,2026-08-02.2,PUT_CALL_PARITY,OCT26,OCT26=PUT_CALL_PARITY;NOV26=PUT_CALL_PARITY;FEB27=PUT_CALL_PARITY;MAR27=PUT_CALL_PARITY;DEC26=PUT_CALL_PARITY;JAN27=PUT_CALL_PARITY;APR27=PUT_CALL_PARITY;MAY27=PUT_CALL_PARITY;JUL27=PUT_CALL_PARITY;JUN27=PUT_CALL_PARITY;DEC29=PUT_CALL_PARITY;OCT27=PUT_CALL_PARITY;SEP27=PUT_CALL_PARITY;AUG27=PUT_CALL_PARITY;MAR28=PUT_CALL_PARITY;DEC27=PUT_CALL_PARITY;DEC28=PUT_CALL_PARITY;SEP28=PUT_CALL_PARITY;DEC30=PUT_CALL_PARITY;JUN28=PUT_CALL_PARITY,OCT26=7852.6;NOV26=7852;FEB27=7923.875;MAR27=7994;DEC26=7923.25;JAN27=7924.5;APR27=8008.375;MAY27=8011.875;JUL27=8099.625;JUN27=8066.75;DEC29=8852.375;SEP27=8159.875;AUG27=8105.75;MAR28=8279;DEC27=8177.5;DEC28=8506.75;SEP28=6112.0875;DEC30=9361.5;JUN28=8372.5,OCT27=GLOBAL_REFERENCE_NO_OBSERVATION;SEP28=GLOBAL_REFERENCE_OUTLIER_SERIES_FORWARD_CLUSTER,WEIGHTED_ATM,2026-10-16,6,685,0.0,NONE,11274,10812,462,0,0,RTM,MDW;MMW;MRW;MTW,OK,NONE,NONE,2026-10-07
SPX,9700.0,11708082.40775272,17.675157837974023,0.0,0.0,0.0,0.0,0.0,0.0,7906.272501294064,7798.927498705937,7959.945002588127,7745.254997411874,DEC26,OCT26,2026-10-08,2026-12-18,7852.6,7825.767905144304,FOUND,DEGRADED,SPOT_MONTH_FALLBACK;UNKNOWN_SERIES;ESTIMATED_EXPIRY_ALIAS,2026-08-02.2,PUT_CALL_PARITY,OCT26,OCT26=PUT_CALL_PARITY;NOV26=PUT_CALL_PARITY;FEB27=PUT_CALL_PARITY;MAR27=PUT_CALL_PARITY;DEC26=PUT_CALL_PARITY;JAN27=PUT_CALL_PARITY;APR27=PUT_CALL_PARITY;MAY27=PUT_CALL_PARITY;JUL27=PUT_CALL_PARITY;JUN27=PUT_CALL_PARITY;DEC29=PUT_CALL_PARITY;OCT27=PUT_CALL_PARITY;SEP27=PUT_CALL_PARITY;AUG27=PUT_CALL_PARITY;MAR28=PUT_CALL_PARITY;DEC27=PUT_CALL_PARITY;DEC28=PUT_CALL_PARITY;SEP28=PUT_CALL_PARITY;DEC30=PUT_CALL_PARITY;JUN28=PUT_CALL_PARITY,OCT26=7852.6;NOV26=7852;FEB27=7923.875;MAR27=7994;DEC26=7923.25;JAN27=7924.5;APR27=8008.375;MAY27=8011.875;JUL27=8099.625;JUN27=8066.75;DEC29=8852.375;SEP27=8159.875;AUG27=8105.75;MAR28=8279;DEC27=8177.5;DEC28=8506.75;SEP28=6112.0875;DEC30=9361.5;JUN28=8372.5,OCT27=GLOBAL_REFERENCE_NO_OBSERVATION;SEP28=GLOBAL_REFERENCE_OUTLIER_SERIES_FORWARD_CLUSTER,WEIGHTED_ATM,2026-10-16,6,685,0.0,NONE,11274,10812,462,0,0,RTM,MDW;MMW;MRW;MTW,OK,NONE,NONE,2026-10-07
SPX,9750.0,894435.039485962,1.3745217262116163,0.0,0.0,0.0,0.0,0.0,0.0,7906.272501294064,7798.927498705937,7959.945002588127,7745.254997411874,DEC26,OCT26,2026-10-08,2026-12-18,7852.6,7825.767905144304,FOUND,DEGRADED,SPOT_MONTH_FALLBACK;UNKNOWN_SERIES;ESTIMATED_EXPIRY_ALIAS,2026-08-02.2,PUT_CALL_PARITY,OCT26,OCT26=PUT_CALL_PARITY;NOV26=PUT_CALL_PARITY;FEB27=PUT_CALL_PARITY;MAR27=PUT_CALL_PARITY;DEC26=PUT_CALL_PARITY;JAN27=PUT_CALL_PARITY;APR27=PUT_CALL_PARITY;MAY27=PUT_CALL_PARITY;JUL27=PUT_CALL_PARITY;JUN27=PUT_CALL_PARITY;DEC29=PUT_CALL_PARITY;OCT27=PUT_CALL_PARITY;SEP27=PUT_CALL_PARITY;AUG27=PUT_CALL_PARITY;MAR28=PUT_CALL_PARITY;DEC27=PUT_CALL_PARITY;DEC28=PUT_CALL_PARITY;SEP28=PUT_CALL_PARITY;DEC30=PUT_CALL_PARITY;JUN28=PUT_CALL_PARITY,OCT26=7852.6;NOV26=7852;FEB27=7923.875;MAR27=7994;DEC26=7923.25;JAN27=7924.5;APR27=8008.375;MAY27=8011.875;JUL27=8099.625;JUN27=8066.75;DEC29=8852.375;SEP27=8159.875;AUG27=8105.75;MAR28=8279;DEC27=8177.5;DEC28=8506.75;SEP28=6112.0875;DEC30=9361.5;JUN28=8372.5,OCT27=GLOBAL_REFERENCE_NO_OBSERVATION;SEP28=GLOBAL_REFERENCE_OUTLIER_SERIES_FORWARD_CLUSTER,WEIGHTED_ATM,2026-10-16,6,685,0.0,NONE,11274,10812,462,0,0,RTM,MDW;MMW;MRW;MTW,OK,NONE,NONE,2026-10-07
SPX,9800.0,21545145.18998211,32.618908693528745,0.0,0.0,0.0,0.0,0.0,0.0,7906.272501294064,7798.927498705937,7959.945002588127,7745.254997411874,DEC26,OCT26,2026-10-08,2026-12-18,7852.6,7825.767905144304,FOUND,DEGRADED,SPOT_MONTH_FALLBACK;UNKNOWN_SERIES;ESTIMATED_EXPIRY_ALIAS,2026-08-02.2,PUT_CALL_PARITY,OCT26,OCT26=PUT_CALL_PARITY;NOV26=PUT_CALL_PARITY;FEB27=PUT_CALL_PARITY;MAR27=PUT_CALL_PARITY;DEC26=PUT_CALL_PARITY;JAN27=PUT_CALL_PARITY;APR27=PUT_CALL_PARITY;MAY27=PUT_CALL_PARITY;JUL27=PUT_CALL_PARITY;JUN27=PUT_CALL_PARITY;DEC29=PUT_CALL_PARITY;OCT27=PUT_CALL_PARITY;SEP27=PUT_CALL_PARITY;AUG27=PUT_CALL_PARITY;MAR28=PUT_CALL_PARITY;DEC27=PUT_CALL_PARITY;DEC28=PUT_CALL_PARITY;SEP28=PUT_CALL_PARITY;DEC30=PUT_CALL_PARITY;JUN28=PUT_CALL_PARITY,OCT26=7852.6;NOV26=7852;FEB27=7923.875;MAR27=7994;DEC26=7923.25;JAN27=7924.5;APR27=8008.375;MAY27=8011.875;JUL27=8099.625;JUN27=8066.75;DEC29=8852.375;SEP27=8159.875;AUG27=8105.75;MAR28=8279;DEC27=8177.5;DEC28=8506.75;SEP28=6112.0875;DEC30=9361.5;JUN28=8372.5,OCT27=GLOBAL_REFERENCE_NO_OBSERVATION;SEP28=GLOBAL_REFERENCE_OUTLIER_SERIES_FORWARD_CLUSTER,WEIGHTED_ATM,2026-10-16,6,685,0.0,NONE,11274,10812,462,0,0,RTM,MDW;MMW;MRW;MTW,OK,NONE,NONE,2026-10-07
SPX,9900.0,1889295.6059670963,2.8003711878317326,0.0,0.0,0.0,0.0,0.0,0.0,7906.272501294064,7798.927498705937,7959.945002588127,7745.254997411874,DEC26,OCT26,2026-10-08,2026-12-18,7852.6,7825.767905144304,FOUND,DEGRADED,SPOT_MONTH_FALLBACK;UNKNOWN_SERIES;ESTIMATED_EXPIRY_ALIAS,2026-08-02.2,PUT_CALL_PARITY,OCT26,OCT26=PUT_CALL_PARITY;NOV26=PUT_CALL_PARITY;FEB27=PUT_CALL_PARITY;MAR27=PUT_CALL_PARITY;DEC26=PUT_CALL_PARITY;JAN27=PUT_CALL_PARITY;APR27=PUT_CALL_PARITY;MAY27=PUT_CALL_PARITY;JUL27=PUT_CALL_PARITY;JUN27=PUT_CALL_PARITY;DEC29=PUT_CALL_PARITY;OCT27=PUT_CALL_PARITY;SEP27=PUT_CALL_PARITY;AUG27=PUT_CALL_PARITY;MAR28=PUT_CALL_PARITY;DEC27=PUT_CALL_PARITY;DEC28=PUT_CALL_PARITY;SEP28=PUT_CALL_PARITY;DEC30=PUT_CALL_PARITY;JUN28=PUT_CALL_PARITY,OCT26=7852.6;NOV26=7852;FEB27=7923.875;MAR27=7994;DEC26=7923.25;JAN27=7924.5;APR27=8008.375;MAY27=8011.875;JUL27=8099.625;JUN27=8066.75;DEC29=8852.375;SEP27=8159.875;AUG27=8105.75;MAR28=8279;DEC27=8177.5;DEC28=8506.75;SEP28=6112.0875;DEC30=9361.5;JUN28=8372.5,OCT27=GLOBAL_REFERENCE_NO_OBSERVATION;SEP28=GLOBAL_REFERENCE_OUTLIER_SERIES_FORWARD_CLUSTER,WEIGHTED_ATM,2026-10-16,6,685,0.0,NONE,11274,10812,462,0,0,RTM,MDW;MMW;MRW;MTW,OK,NONE,NONE,2026-10-07
SPX,10000.0,15790527.664022278,23.81647785445817,0.0,0.0,0.0,0.0,0.0,0.0,7906.272501294064,7798.927498705937,7959.945002588127,7745.254997411874,DEC26,OCT26,2026-10-08,2026-12-18,7852.6,7825.767905144304,FOUND,DEGRADED,SPOT_MONTH_FALLBACK;UNKNOWN_SERIES;ESTIMATED_EXPIRY_ALIAS,2026-08-02.2,PUT_CALL_PARITY,OCT26,OCT26=PUT_CALL_PARITY;NOV26=PUT_CALL_PARITY;FEB27=PUT_CALL_PARITY;MAR27=PUT_CALL_PARITY;DEC26=PUT_CALL_PARITY;JAN27=PUT_CALL_PARITY;APR27=PUT_CALL_PARITY;MAY27=PUT_CALL_PARITY;JUL27=PUT_CALL_PARITY;JUN27=PUT_CALL_PARITY;DEC29=PUT_CALL_PARITY;OCT27=PUT_CALL_PARITY;SEP27=PUT_CALL_PARITY;AUG27=PUT_CALL_PARITY;MAR28=PUT_CALL_PARITY;DEC27=PUT_CALL_PARITY;DEC28=PUT_CALL_PARITY;SEP28=PUT_CALL_PARITY;DEC30=PUT_CALL_PARITY;JUN28=PUT_CALL_PARITY,OCT26=7852.6;NOV26=7852;FEB27=7923.875;MAR27=7994;DEC26=7923.25;JAN27=7924.5;APR27=8008.375;MAY27=8011.875;JUL27=8099.625;JUN27=8066.75;DEC29=8852.375;SEP27=8159.875;AUG27=8105.75;MAR28=8279;DEC27=8177.5;DEC28=8506.75;SEP28=6112.0875;DEC30=9361.5;JUN28=8372.5,OCT27=GLOBAL_REFERENCE_NO_OBSERVATION;SEP28=GLOBAL_REFERENCE_OUTLIER_SERIES_FORWARD_CLUSTER,WEIGHTED_ATM,2026-10-16,6,685,0.0,NONE,11274,10812,462,0,0,RTM,MDW;MMW;MRW;MTW,OK,NONE,NONE,2026-10-07
SPX,10100.0,384197.99165768735,0.5355156279620373,0.0,0.0,0.0,0.0,0.0,0.0,7906.272501294064,7798.927498705937,7959.945002588127,7745.254997411874,DEC26,OCT26,2026-10-08,2026-12-18,7852.6,7825.767905144304,FOUND,DEGRADED,SPOT_MONTH_FALLBACK;UNKNOWN_SERIES;ESTIMATED_EXPIRY_ALIAS,2026-08-02.2,PUT_CALL_PARITY,OCT26,OCT26=PUT_CALL_PARITY;NOV26=PUT_CALL_PARITY;FEB27=PUT_CALL_PARITY;MAR27=PUT_CALL_PARITY;DEC26=PUT_CALL_PARITY;JAN27=PUT_CALL_PARITY;APR27=PUT_CALL_PARITY;MAY27=PUT_CALL_PARITY;JUL27=PUT_CALL_PARITY;JUN27=PUT_CALL_PARITY;DEC29=PUT_CALL_PARITY;OCT27=PUT_CALL_PARITY;SEP27=PUT_CALL_PARITY;AUG27=PUT_CALL_PARITY;MAR28=PUT_CALL_PARITY;DEC27=PUT_CALL_PARITY;DEC28=PUT_CALL_PARITY;SEP28=PUT_CALL_PARITY;DEC30=PUT_CALL_PARITY;JUN28=PUT_CALL_PARITY,OCT26=7852.6;NOV26=7852;FEB27=7923.875;MAR27=7994;DEC26=7923.25;JAN27=7924.5;APR27=8008.375;MAY27=8011.875;JUL27=8099.625;JUN27=8066.75;DEC29=8852.375;SEP27=8159.875;AUG27=8105.75;MAR28=8279;DEC27=8177.5;DEC28=8506.75;SEP28=6112.0875;DEC30=9361.5;JUN28=8372.5,OCT27=GLOBAL_REFERENCE_NO_OBSERVATION;SEP28=GLOBAL_REFERENCE_OUTLIER_SERIES_FORWARD_CLUSTER,WEIGHTED_ATM,2026-10-16,6,685,0.0,NONE,11274,10812,462,0,0,RTM,MDW;MMW;MRW;MTW,OK,NONE,NONE,2026-10-07
SPX,10200.0,9799189.343848774,14.73033620426021,0.0,0.0,0.0,0.0,0.0,0.0,7906.272501294064,7798.927498705937,7959.945002588127,7745.254997411874,DEC26,OCT26,2026-10-08,2026-12-18,7852.6,7825.767905144304,FOUND,DEGRADED,SPOT_MONTH_FALLBACK;UNKNOWN_SERIES;ESTIMATED_EXPIRY_ALIAS,2026-08-02.2,PUT_CALL_PARITY,OCT26,OCT26=PUT_CALL_PARITY;NOV26=PUT_CALL_PARITY;FEB27=PUT_CALL_PARITY;MAR27=PUT_CALL_PARITY;DEC26=PUT_CALL_PARITY;JAN27=PUT_CALL_PARITY;APR27=PUT_CALL_PARITY;MAY27=PUT_CALL_PARITY;JUL27=PUT_CALL_PARITY;JUN27=PUT_CALL_PARITY;DEC29=PUT_CALL_PARITY;OCT27=PUT_CALL_PARITY;SEP27=PUT_CALL_PARITY;AUG27=PUT_CALL_PARITY;MAR28=PUT_CALL_PARITY;DEC27=PUT_CALL_PARITY;DEC28=PUT_CALL_PARITY;SEP28=PUT_CALL_PARITY;DEC30=PUT_CALL_PARITY;JUN28=PUT_CALL_PARITY,OCT26=7852.6;NOV26=7852;FEB27=7923.875;MAR27=7994;DEC26=7923.25;JAN27=7924.5;APR27=8008.375;MAY27=8011.875;JUL27=8099.625;JUN27=8066.75;DEC29=8852.375;SEP27=8159.875;AUG27=8105.75;MAR28=8279;DEC27=8177.5;DEC28=8506.75;SEP28=6112.0875;DEC30=9361.5;JUN28=8372.5,OCT27=GLOBAL_REFERENCE_NO_OBSERVATION;SEP28=GLOBAL_REFERENCE_OUTLIER_SERIES_FORWARD_CLUSTER,WEIGHTED_ATM,2026-10-16,6,685,0.0,NONE,11274,10812,462,0,0,RTM,MDW;MMW;MRW;MTW,OK,NONE,NONE,2026-10-07
SPX,10300.0,147874.67963609015,0.22971805239659263,0.0,0.0,0.0,0.0,0.0,0.0,7906.272501294064,7798.927498705937,7959.945002588127,7745.254997411874,DEC26,OCT26,2026-10-08,2026-12-18,7852.6,7825.767905144304,FOUND,DEGRADED,SPOT_MONTH_FALLBACK;UNKNOWN_SERIES;ESTIMATED_EXPIRY_ALIAS,2026-08-02.2,PUT_CALL_PARITY,OCT26,OCT26=PUT_CALL_PARITY;NOV26=PUT_CALL_PARITY;FEB27=PUT_CALL_PARITY;MAR27=PUT_CALL_PARITY;DEC26=PUT_CALL_PARITY;JAN27=PUT_CALL_PARITY;APR27=PUT_CALL_PARITY;MAY27=PUT_CALL_PARITY;JUL27=PUT_CALL_PARITY;JUN27=PUT_CALL_PARITY;DEC29=PUT_CALL_PARITY;OCT27=PUT_CALL_PARITY;SEP27=PUT_CALL_PARITY;AUG27=PUT_CALL_PARITY;MAR28=PUT_CALL_PARITY;DEC27=PUT_CALL_PARITY;DEC28=PUT_CALL_PARITY;SEP28=PUT_CALL_PARITY;DEC30=PUT_CALL_PARITY;JUN28=PUT_CALL_PARITY,OCT26=7852.6;NOV26=7852;FEB27=7923.875;MAR27=7994;DEC26=7923.25;JAN27=7924.5;APR27=8008.375;MAY27=8011.875;JUL27=8099.625;JUN27=8066.75;DEC29=8852.375;SEP27=8159.875;AUG27=8105.75;MAR28=8279;DEC27=8177.5;DEC28=8506.75;SEP28=6112.0875;DEC30=9361.5;JUN28=8372.5,OCT27=GLOBAL_REFERENCE_NO_OBSERVATION;SEP28=GLOBAL_REFERENCE_OUTLIER_SERIES_FORWARD_CLUSTER,WEIGHTED_ATM,2026-10-16,6,685,0.0,NONE,11274,10812,462,0,0,RTM,MDW;MMW;MRW;MTW,OK,NONE,NONE,2026-10-07
SPX,10400.0,5245454.059846962,7.899324648599042,0.0,0.0,0.0,0.0,0.0,0.0,7906.272501294064,7798.927498705937,7959.945002588127,7745.254997411874,DEC26,OCT26,2026-10-08,2026-12-18,7852.6,7825.767905144304,FOUND,DEGRADED,SPOT_MONTH_FALLBACK;UNKNOWN_SERIES;ESTIMATED_EXPIRY_ALIAS,2026-08-02.2,PUT_CALL_PARITY,OCT26,OCT26=PUT_CALL_PARITY;NOV26=PUT_CALL_PARITY;FEB27=PUT_CALL_PARITY;MAR27=PUT_CALL_PARITY;DEC26=PUT_CALL_PARITY;JAN27=PUT_CALL_PARITY;APR27=PUT_CALL_PARITY;MAY27=PUT_CALL_PARITY;JUL27=PUT_CALL_PARITY;JUN27=PUT_CALL_PARITY;DEC29=PUT_CALL_PARITY;OCT27=PUT_CALL_PARITY;SEP27=PUT_CALL_PARITY;AUG27=PUT_CALL_PARITY;MAR28=PUT_CALL_PARITY;DEC27=PUT_CALL_PARITY;DEC28=PUT_CALL_PARITY;SEP28=PUT_CALL_PARITY;DEC30=PUT_CALL_PARITY;JUN28=PUT_CALL_PARITY,OCT26=7852.6;NOV26=7852;FEB27=7923.875;MAR27=7994;DEC26=7923.25;JAN27=7924.5;APR27=8008.375;MAY27=8011.875;JUL27=8099.625;JUN27=8066.75;DEC29=8852.375;SEP27=8159.875;AUG27=8105.75;MAR28=8279;DEC27=8177.5;DEC28=8506.75;SEP28=6112.0875;DEC30=9361.5;JUN28=8372.5,OCT27=GLOBAL_REFERENCE_NO_OBSERVATION;SEP28=GLOBAL_REFERENCE_OUTLIER_SERIES_FORWARD_CLUSTER,WEIGHTED_ATM,2026-10-16,6,685,0.0,NONE,11274,10812,462,0,0,RTM,MDW;MMW;MRW;MTW,OK,NONE,NONE,2026-10-07
SPX,10500.0,1067947.845937528,1.5651369492489757,0.0,0.0,0.0,0.0,0.0,0.0,7906.272501294064,7798.927498705937,7959.945002588127,7745.254997411874,DEC26,OCT26,2026-10-08,2026-12-18,7852.6,7825.767905144304,FOUND,DEGRADED,SPOT_MONTH_FALLBACK;UNKNOWN_SERIES;ESTIMATED_EXPIRY_ALIAS,2026-08-02.2,PUT_CALL_PARITY,OCT26,OCT26=PUT_CALL_PARITY;NOV26=PUT_CALL_PARITY;FEB27=PUT_CALL_PARITY;MAR27=PUT_CALL_PARITY;DEC26=PUT_CALL_PARITY;JAN27=PUT_CALL_PARITY;APR27=PUT_CALL_PARITY;MAY27=PUT_CALL_PARITY;JUL27=PUT_CALL_PARITY;JUN27=PUT_CALL_PARITY;DEC29=PUT_CALL_PARITY;OCT27=PUT_CALL_PARITY;SEP27=PUT_CALL_PARITY;AUG27=PUT_CALL_PARITY;MAR28=PUT_CALL_PARITY;DEC27=PUT_CALL_PARITY;DEC28=PUT_CALL_PARITY;SEP28=PUT_CALL_PARITY;DEC30=PUT_CALL_PARITY;JUN28=PUT_CALL_PARITY,OCT26=7852.6;NOV26=7852;FEB27=7923.875;MAR27=7994;DEC26=7923.25;JAN27=7924.5;APR27=8008.375;MAY27=8011.875;JUL27=8099.625;JUN27=8066.75;DEC29=8852.375;SEP27=8159.875;AUG27=8105.75;MAR28=8279;DEC27=8177.5;DEC28=8506.75;SEP28=6112.0875;DEC30=9361.5;JUN28=8372.5,OCT27=GLOBAL_REFERENCE_NO_OBSERVATION;SEP28=GLOBAL_REFERENCE_OUTLIER_SERIES_FORWARD_CLUSTER,WEIGHTED_ATM,2026-10-16,6,685,0.0,NONE,11274,10812,462,0,0,RTM,MDW;MMW;MRW;MTW,OK,NONE,NONE,2026-10-07
SPX,10600.0,2857459.711388311,4.183731022516724,0.0,0.0,0.0,0.0,0.0,0.0,7906.272501294064,7798.927498705937,7959.945002588127,7745.254997411874,DEC26,OCT26,2026-10-08,2026-12-18,7852.6,7825.767905144304,FOUND,DEGRADED,SPOT_MONTH_FALLBACK;UNKNOWN_SERIES;ESTIMATED_EXPIRY_ALIAS,2026-08-02.2,PUT_CALL_PARITY,OCT26,OCT26=PUT_CALL_PARITY;NOV26=PUT_CALL_PARITY;FEB27=PUT_CALL_PARITY;MAR27=PUT_CALL_PARITY;DEC26=PUT_CALL_PARITY;JAN27=PUT_CALL_PARITY;APR27=PUT_CALL_PARITY;MAY27=PUT_CALL_PARITY;JUL27=PUT_CALL_PARITY;JUN27=PUT_CALL_PARITY;DEC29=PUT_CALL_PARITY;OCT27=PUT_CALL_PARITY;SEP27=PUT_CALL_PARITY;AUG27=PUT_CALL_PARITY;MAR28=PUT_CALL_PARITY;DEC27=PUT_CALL_PARITY;DEC28=PUT_CALL_PARITY;SEP28=PUT_CALL_PARITY;DEC30=PUT_CALL_PARITY;JUN28=PUT_CALL_PARITY,OCT26=7852.6;NOV26=7852;FEB27=7923.875;MAR27=7994;DEC26=7923.25;JAN27=7924.5;APR27=8008.375;MAY27=8011.875;JUL27=8099.625;JUN27=8066.75;DEC29=8852.375;SEP27=8159.875;AUG27=8105.75;MAR28=8279;DEC27=8177.5;DEC28=8506.75;SEP28=6112.0875;DEC30=9361.5;JUN28=8372.5,OCT27=GLOBAL_REFERENCE_NO_OBSERVATION;SEP28=GLOBAL_REFERENCE_OUTLIER_SERIES_FORWARD_CLUSTER,WEIGHTED_ATM,2026-10-16,6,685,0.0,NONE,11274,10812,462,0,0,RTM,MDW;MMW;MRW;MTW,OK,NONE,NONE,2026-10-07
SPX,10800.0,363093.1182024744,0.46441158030045926,0.0,0.0,0.0,0.0,0.0,0.0,7906.272501294064,7798.927498705937,7959.945002588127,7745.254997411874,DEC26,OCT26,2026-10-08,2026-12-18,7852.6,7825.767905144304,FOUND,DEGRADED,SPOT_MONTH_FALLBACK;UNKNOWN_SERIES;ESTIMATED_EXPIRY_ALIAS,2026-08-02.2,PUT_CALL_PARITY,OCT26,OCT26=PUT_CALL_PARITY;NOV26=PUT_CALL_PARITY;FEB27=PUT_CALL_PARITY;MAR27=PUT_CALL_PARITY;DEC26=PUT_CALL_PARITY;JAN27=PUT_CALL_PARITY;APR27=PUT_CALL_PARITY;MAY27=PUT_CALL_PARITY;JUL27=PUT_CALL_PARITY;JUN27=PUT_CALL_PARITY;DEC29=PUT_CALL_PARITY;OCT27=PUT_CALL_PARITY;SEP27=PUT_CALL_PARITY;AUG27=PUT_CALL_PARITY;MAR28=PUT_CALL_PARITY;DEC27=PUT_CALL_PARITY;DEC28=PUT_CALL_PARITY;SEP28=PUT_CALL_PARITY;DEC30=PUT_CALL_PARITY;JUN28=PUT_CALL_PARITY,OCT26=7852.6;NOV26=7852;FEB27=7923.875;MAR27=7994;DEC26=7923.25;JAN27=7924.5;APR27=8008.375;MAY27=8011.875;JUL27=8099.625;JUN27=8066.75;DEC29=8852.375;SEP27=8159.875;AUG27=8105.75;MAR28=8279;DEC27=8177.5;DEC28=8506.75;SEP28=6112.0875;DEC30=9361.5;JUN28=8372.5,OCT27=GLOBAL_REFERENCE_NO_OBSERVATION;SEP28=GLOBAL_REFERENCE_OUTLIER_SERIES_FORWARD_CLUSTER,WEIGHTED_ATM,2026-10-16,6,685,0.0,NONE,11274,10812,462,0,0,RTM,MDW;MMW;MRW;MTW,OK,NONE,NONE,2026-10-07
SPX,11000.0,561367.2834225486,0.7746379177338726,0.0,0.0,0.0,0.0,0.0,0.0,7906.272501294064,7798.927498705937,7959.945002588127,7745.254997411874,DEC26,OCT26,2026-10-08,2026-12-18,7852.6,7825.767905144304,FOUND,DEGRADED,SPOT_MONTH_FALLBACK;UNKNOWN_SERIES;ESTIMATED_EXPIRY_ALIAS,2026-08-02.2,PUT_CALL_PARITY,OCT26,OCT26=PUT_CALL_PARITY;NOV26=PUT_CALL_PARITY;FEB27=PUT_CALL_PARITY;MAR27=PUT_CALL_PARITY;DEC26=PUT_CALL_PARITY;JAN27=PUT_CALL_PARITY;APR27=PUT_CALL_PARITY;MAY27=PUT_CALL_PARITY;JUL27=PUT_CALL_PARITY;JUN27=PUT_CALL_PARITY;DEC29=PUT_CALL_PARITY;OCT27=PUT_CALL_PARITY;SEP27=PUT_CALL_PARITY;AUG27=PUT_CALL_PARITY;MAR28=PUT_CALL_PARITY;DEC27=PUT_CALL_PARITY;DEC28=PUT_CALL_PARITY;SEP28=PUT_CALL_PARITY;DEC30=PUT_CALL_PARITY;JUN28=PUT_CALL_PARITY,OCT26=7852.6;NOV26=7852;FEB27=7923.875;MAR27=7994;DEC26=7923.25;JAN27=7924.5;APR27=8008.375;MAY27=8011.875;JUL27=8099.625;JUN27=8066.75;DEC29=8852.375;SEP27=8159.875;AUG27=8105.75;MAR28=8279;DEC27=8177.5;DEC28=8506.75;SEP28=6112.0875;DEC30=9361.5;JUN28=8372.5,OCT27=GLOBAL_REFERENCE_NO_OBSERVATION;SEP28=GLOBAL_REFERENCE_OUTLIER_SERIES_FORWARD_CLUSTER,WEIGHTED_ATM,2026-10-16,6,685,0.0,NONE,11274,10812,462,0,0,RTM,MDW;MMW;MRW;MTW,OK,NONE,NONE,2026-10-07
SPX,11200.0,0.0,0.0,0.0,0.0,0.0,0.0,0.0,0.0,7906.272501294064,7798.927498705937,7959.945002588127,7745.254997411874,DEC26,OCT26,2026-10-08,2026-12-18,7852.6,7825.767905144304,FOUND,DEGRADED,SPOT_MONTH_FALLBACK;UNKNOWN_SERIES;ESTIMATED_EXPIRY_ALIAS,2026-08-02.2,PUT_CALL_PARITY,OCT26,OCT26=PUT_CALL_PARITY;NOV26=PUT_CALL_PARITY;FEB27=PUT_CALL_PARITY;MAR27=PUT_CALL_PARITY;DEC26=PUT_CALL_PARITY;JAN27=PUT_CALL_PARITY;APR27=PUT_CALL_PARITY;MAY27=PUT_CALL_PARITY;JUL27=PUT_CALL_PARITY;JUN27=PUT_CALL_PARITY;DEC29=PUT_CALL_PARITY;OCT27=PUT_CALL_PARITY;SEP27=PUT_CALL_PARITY;AUG27=PUT_CALL_PARITY;MAR28=PUT_CALL_PARITY;DEC27=PUT_CALL_PARITY;DEC28=PUT_CALL_PARITY;SEP28=PUT_CALL_PARITY;DEC30=PUT_CALL_PARITY;JUN28=PUT_CALL_PARITY,OCT26=7852.6;NOV26=7852;FEB27=7923.875;MAR27=7994;DEC26=7923.25;JAN27=7924.5;APR27=8008.375;MAY27=8011.875;JUL27=8099.625;JUN27=8066.75;DEC29=8852.375;SEP27=8159.875;AUG27=8105.75;MAR28=8279;DEC27=8177.5;DEC28=8506.75;SEP28=6112.0875;DEC30=9361.5;JUN28=8372.5,OCT27=GLOBAL_REFERENCE_NO_OBSERVATION;SEP28=GLOBAL_REFERENCE_OUTLIER_SERIES_FORWARD_CLUSTER,WEIGHTED_ATM,2026-10-16,6,685,0.0,NONE,11274,10812,462,0,0,RTM,MDW;MMW;MRW;MTW,OK,NONE,NONE,2026-10-07
SPX,11400.0,32695.19483443426,0.03730723359520871,0.0,0.0,0.0,0.0,0.0,0.0,7906.272501294064,7798.927498705937,7959.945002588127,7745.254997411874,DEC26,OCT26,2026-10-08,2026-12-18,7852.6,7825.767905144304,FOUND,DEGRADED,SPOT_MONTH_FALLBACK;UNKNOWN_SERIES;ESTIMATED_EXPIRY_ALIAS,2026-08-02.2,PUT_CALL_PARITY,OCT26,OCT26=PUT_CALL_PARITY;NOV26=PUT_CALL_PARITY;FEB27=PUT_CALL_PARITY;MAR27=PUT_CALL_PARITY;DEC26=PUT_CALL_PARITY;JAN27=PUT_CALL_PARITY;APR27=PUT_CALL_PARITY;MAY27=PUT_CALL_PARITY;JUL27=PUT_CALL_PARITY;JUN27=PUT_CALL_PARITY;DEC29=PUT_CALL_PARITY;OCT27=PUT_CALL_PARITY;SEP27=PUT_CALL_PARITY;AUG27=PUT_CALL_PARITY;MAR28=PUT_CALL_PARITY;DEC27=PUT_CALL_PARITY;DEC28=PUT_CALL_PARITY;SEP28=PUT_CALL_PARITY;DEC30=PUT_CALL_PARITY;JUN28=PUT_CALL_PARITY,OCT26=7852.6;NOV26=7852;FEB27=7923.875;MAR27=7994;DEC26=7923.25;JAN27=7924.5;APR27=8008.375;MAY27=8011.875;JUL27=8099.625;JUN27=8066.75;DEC29=8852.375;SEP27=8159.875;AUG27=8105.75;MAR28=8279;DEC27=8177.5;DEC28=8506.75;SEP28=6112.0875;DEC30=9361.5;JUN28=8372.5,OCT27=GLOBAL_REFERENCE_NO_OBSERVATION;SEP28=GLOBAL_REFERENCE_OUTLIER_SERIES_FORWARD_CLUSTER,WEIGHTED_ATM,2026-10-16,6,685,0.0,NONE,11274,10812,462,0,0,RTM,MDW;MMW;MRW;MTW,OK,NONE,NONE,2026-10-07
SPX,11500.0,0.0,0.0,0.0,0.0,0.0,0.0,0.0,0.0,7906.272501294064,7798.927498705937,7959.945002588127,7745.254997411874,DEC26,OCT26,2026-10-08,2026-12-18,7852.6,7825.767905144304,FOUND,DEGRADED,SPOT_MONTH_FALLBACK;UNKNOWN_SERIES;ESTIMATED_EXPIRY_ALIAS,2026-08-02.2,PUT_CALL_PARITY,OCT26,OCT26=PUT_CALL_PARITY;NOV26=PUT_CALL_PARITY;FEB27=PUT_CALL_PARITY;MAR27=PUT_CALL_PARITY;DEC26=PUT_CALL_PARITY;JAN27=PUT_CALL_PARITY;APR27=PUT_CALL_PARITY;MAY27=PUT_CALL_PARITY;JUL27=PUT_CALL_PARITY;JUN27=PUT_CALL_PARITY;DEC29=PUT_CALL_PARITY;OCT27=PUT_CALL_PARITY;SEP27=PUT_CALL_PARITY;AUG27=PUT_CALL_PARITY;MAR28=PUT_CALL_PARITY;DEC27=PUT_CALL_PARITY;DEC28=PUT_CALL_PARITY;SEP28=PUT_CALL_PARITY;DEC30=PUT_CALL_PARITY;JUN28=PUT_CALL_PARITY,OCT26=7852.6;NOV26=7852;FEB27=7923.875;MAR27=7994;DEC26=7923.25;JAN27=7924.5;APR27=8008.375;MAY27=8011.875;JUL27=8099.625;JUN27=8066.75;DEC29=8852.375;SEP27=8159.875;AUG27=8105.75;MAR28=8279;DEC27=8177.5;DEC28=8506.75;SEP28=6112.0875;DEC30=9361.5;JUN28=8372.5,OCT27=GLOBAL_REFERENCE_NO_OBSERVATION;SEP28=GLOBAL_REFERENCE_OUTLIER_SERIES_FORWARD_CLUSTER,WEIGHTED_ATM,2026-10-16,6,685,0.0,NONE,11274,10812,462,0,0,RTM,MDW;MMW;MRW;MTW,OK,NONE,NONE,2026-10-07
SPX,11600.0,31811.952901369485,0.03629940008068787,0.0,0.0,0.0,0.0,0.0,0.0,7906.272501294064,7798.927498705937,7959.945002588127,7745.254997411874,DEC26,OCT26,2026-10-08,2026-12-18,7852.6,7825.767905144304,FOUND,DEGRADED,SPOT_MONTH_FALLBACK;UNKNOWN_SERIES;ESTIMATED_EXPIRY_ALIAS,2026-08-02.2,PUT_CALL_PARITY,OCT26,OCT26=PUT_CALL_PARITY;NOV26=PUT_CALL_PARITY;FEB27=PUT_CALL_PARITY;MAR27=PUT_CALL_PARITY;DEC26=PUT_CALL_PARITY;JAN27=PUT_CALL_PARITY;APR27=PUT_CALL_PARITY;MAY27=PUT_CALL_PARITY;JUL27=PUT_CALL_PARITY;JUN27=PUT_CALL_PARITY;DEC29=PUT_CALL_PARITY;OCT27=PUT_CALL_PARITY;SEP27=PUT_CALL_PARITY;AUG27=PUT_CALL_PARITY;MAR28=PUT_CALL_PARITY;DEC27=PUT_CALL_PARITY;DEC28=PUT_CALL_PARITY;SEP28=PUT_CALL_PARITY;DEC30=PUT_CALL_PARITY;JUN28=PUT_CALL_PARITY,OCT26=7852.6;NOV26=7852;FEB27=7923.875;MAR27=7994;DEC26=7923.25;JAN27=7924.5;APR27=8008.375;MAY27=8011.875;JUL27=8099.625;JUN27=8066.75;DEC29=8852.375;SEP27=8159.875;AUG27=8105.75;MAR28=8279;DEC27=8177.5;DEC28=8506.75;SEP28=6112.0875;DEC30=9361.5;JUN28=8372.5,OCT27=GLOBAL_REFERENCE_NO_OBSERVATION;SEP28=GLOBAL_REFERENCE_OUTLIER_SERIES_FORWARD_CLUSTER,WEIGHTED_ATM,2026-10-16,6,685,0.0,NONE,11274,10812,462,0,0,RTM,MDW;MMW;MRW;MTW,OK,NONE,NONE,2026-10-07
SPX,11800.0,5137.904420774751,0.005862665794969436,0.0,0.0,0.0,0.0,0.0,0.0,7906.272501294064,7798.927498705937,7959.945002588127,7745.254997411874,DEC26,OCT26,2026-10-08,2026-12-18,7852.6,7825.767905144304,FOUND,DEGRADED,SPOT_MONTH_FALLBACK;UNKNOWN_SERIES;ESTIMATED_EXPIRY_ALIAS,2026-08-02.2,PUT_CALL_PARITY,OCT26,OCT26=PUT_CALL_PARITY;NOV26=PUT_CALL_PARITY;FEB27=PUT_CALL_PARITY;MAR27=PUT_CALL_PARITY;DEC26=PUT_CALL_PARITY;JAN27=PUT_CALL_PARITY;APR27=PUT_CALL_PARITY;MAY27=PUT_CALL_PARITY;JUL27=PUT_CALL_PARITY;JUN27=PUT_CALL_PARITY;DEC29=PUT_CALL_PARITY;OCT27=PUT_CALL_PARITY;SEP27=PUT_CALL_PARITY;AUG27=PUT_CALL_PARITY;MAR28=PUT_CALL_PARITY;DEC27=PUT_CALL_PARITY;DEC28=PUT_CALL_PARITY;SEP28=PUT_CALL_PARITY;DEC30=PUT_CALL_PARITY;JUN28=PUT_CALL_PARITY,OCT26=7852.6;NOV26=7852;FEB27=7923.875;MAR27=7994;DEC26=7923.25;JAN27=7924.5;APR27=8008.375;MAY27=8011.875;JUL27=8099.625;JUN27=8066.75;DEC29=8852.375;SEP27=8159.875;AUG27=8105.75;MAR28=8279;DEC27=8177.5;DEC28=8506.75;SEP28=6112.0875;DEC30=9361.5;JUN28=8372.5,OCT27=GLOBAL_REFERENCE_NO_OBSERVATION;SEP28=GLOBAL_REFERENCE_OUTLIER_SERIES_FORWARD_CLUSTER,WEIGHTED_ATM,2026-10-16,6,685,0.0,NONE,11274,10812,462,0,0,RTM,MDW;MMW;MRW;MTW,OK,NONE,NONE,2026-10-07
SPX,12000.0,4960.463814942704,0.0056601951210806965,0.0,0.0,0.0,0.0,0.0,0.0,7906.272501294064,7798.927498705937,7959.945002588127,7745.254997411874,DEC26,OCT26,2026-10-08,2026-12-18,7852.6,7825.767905144304,FOUND,DEGRADED,SPOT_MONTH_FALLBACK;UNKNOWN_SERIES;ESTIMATED_EXPIRY_ALIAS,2026-08-02.2,PUT_CALL_PARITY,OCT26,OCT26=PUT_CALL_PARITY;NOV26=PUT_CALL_PARITY;FEB27=PUT_CALL_PARITY;MAR27=PUT_CALL_PARITY;DEC26=PUT_CALL_PARITY;JAN27=PUT_CALL_PARITY;APR27=PUT_CALL_PARITY;MAY27=PUT_CALL_PARITY;JUL27=PUT_CALL_PARITY;JUN27=PUT_CALL_PARITY;DEC29=PUT_CALL_PARITY;OCT27=PUT_CALL_PARITY;SEP27=PUT_CALL_PARITY;AUG27=PUT_CALL_PARITY;MAR28=PUT_CALL_PARITY;DEC27=PUT_CALL_PARITY;DEC28=PUT_CALL_PARITY;SEP28=PUT_CALL_PARITY;DEC30=PUT_CALL_PARITY;JUN28=PUT_CALL_PARITY,OCT26=7852.6;NOV26=7852;FEB27=7923.875;MAR27=7994;DEC26=7923.25;JAN27=7924.5;APR27=8008.375;MAY27=8011.875;JUL27=8099.625;JUN27=8066.75;DEC29=8852.375;SEP27=8159.875;AUG27=8105.75;MAR28=8279;DEC27=8177.5;DEC28=8506.75;SEP28=6112.0875;DEC30=9361.5;JUN28=8372.5,OCT27=GLOBAL_REFERENCE_NO_OBSERVATION;SEP28=GLOBAL_REFERENCE_OUTLIER_SERIES_FORWARD_CLUSTER,WEIGHTED_ATM,2026-10-16,6,685,0.0,NONE,11274,10812,462,0,0,RTM,MDW;MMW;MRW;MTW,OK,NONE,NONE,2026-10-07
SPX,12200.0,0.0,0.0,0.0,0.0,0.0,0.0,0.0,0.0,7906.272501294064,7798.927498705937,7959.945002588127,7745.254997411874,DEC26,OCT26,2026-10-08,2026-12-18,7852.6,7825.767905144304,FOUND,DEGRADED,SPOT_MONTH_FALLBACK;UNKNOWN_SERIES;ESTIMATED_EXPIRY_ALIAS,2026-08-02.2,PUT_CALL_PARITY,OCT26,OCT26=PUT_CALL_PARITY;NOV26=PUT_CALL_PARITY;FEB27=PUT_CALL_PARITY;MAR27=PUT_CALL_PARITY;DEC26=PUT_CALL_PARITY;JAN27=PUT_CALL_PARITY;APR27=PUT_CALL_PARITY;MAY27=PUT_CALL_PARITY;JUL27=PUT_CALL_PARITY;JUN27=PUT_CALL_PARITY;DEC29=PUT_CALL_PARITY;OCT27=PUT_CALL_PARITY;SEP27=PUT_CALL_PARITY;AUG27=PUT_CALL_PARITY;MAR28=PUT_CALL_PARITY;DEC27=PUT_CALL_PARITY;DEC28=PUT_CALL_PARITY;SEP28=PUT_CALL_PARITY;DEC30=PUT_CALL_PARITY;JUN28=PUT_CALL_PARITY,OCT26=7852.6;NOV26=7852;FEB27=7923.875;MAR27=7994;DEC26=7923.25;JAN27=7924.5;APR27=8008.375;MAY27=8011.875;JUL27=8099.625;JUN27=8066.75;DEC29=8852.375;SEP27=8159.875;AUG27=8105.75;MAR28=8279;DEC27=8177.5;DEC28=8506.75;SEP28=6112.0875;DEC30=9361.5;JUN28=8372.5,OCT27=GLOBAL_REFERENCE_NO_OBSERVATION;SEP28=GLOBAL_REFERENCE_OUTLIER_SERIES_FORWARD_CLUSTER,WEIGHTED_ATM,2026-10-16,6,685,0.0,NONE,11274,10812,462,0,0,RTM,MDW;MMW;MRW;MTW,OK,NONE,NONE,2026-10-07
SPX,12400.0,0.0,0.0,0.0,0.0,0.0,0.0,0.0,0.0,7906.272501294064,7798.927498705937,7959.945002588127,7745.254997411874,DEC26,OCT26,2026-10-08,2026-12-18,7852.6,7825.767905144304,FOUND,DEGRADED,SPOT_MONTH_FALLBACK;UNKNOWN_SERIES;ESTIMATED_EXPIRY_ALIAS,2026-08-02.2,PUT_CALL_PARITY,OCT26,OCT26=PUT_CALL_PARITY;NOV26=PUT_CALL_PARITY;FEB27=PUT_CALL_PARITY;MAR27=PUT_CALL_PARITY;DEC26=PUT_CALL_PARITY;JAN27=PUT_CALL_PARITY;APR27=PUT_CALL_PARITY;MAY27=PUT_CALL_PARITY;JUL27=PUT_CALL_PARITY;JUN27=PUT_CALL_PARITY;DEC29=PUT_CALL_PARITY;OCT27=PUT_CALL_PARITY;SEP27=PUT_CALL_PARITY;AUG27=PUT_CALL_PARITY;MAR28=PUT_CALL_PARITY;DEC27=PUT_CALL_PARITY;DEC28=PUT_CALL_PARITY;SEP28=PUT_CALL_PARITY;DEC30=PUT_CALL_PARITY;JUN28=PUT_CALL_PARITY,OCT26=7852.6;NOV26=7852;FEB27=7923.875;MAR27=7994;DEC26=7923.25;JAN27=7924.5;APR27=8008.375;MAY27=8011.875;JUL27=8099.625;JUN27=8066.75;DEC29=8852.375;SEP27=8159.875;AUG27=8105.75;MAR28=8279;DEC27=8177.5;DEC28=8506.75;SEP28=6112.0875;DEC30=9361.5;JUN28=8372.5,OCT27=GLOBAL_REFERENCE_NO_OBSERVATION;SEP28=GLOBAL_REFERENCE_OUTLIER_SERIES_FORWARD_CLUSTER,WEIGHTED_ATM,2026-10-16,6,685,0.0,NONE,11274,10812,462,0,0,RTM,MDW;MMW;MRW;MTW,OK,NONE,NONE,2026-10-07
SPX,12600.0,0.0,0.0,0.0,0.0,0.0,0.0,0.0,0.0,7906.272501294064,7798.927498705937,7959.945002588127,7745.254997411874,DEC26,OCT26,2026-10-08,2026-12-18,7852.6,7825.767905144304,FOUND,DEGRADED,SPOT_MONTH_FALLBACK;UNKNOWN_SERIES;ESTIMATED_EXPIRY_ALIAS,2026-08-02.2,PUT_CALL_PARITY,OCT26,OCT26=PUT_CALL_PARITY;NOV26=PUT_CALL_PARITY;FEB27=PUT_CALL_PARITY;MAR27=PUT_CALL_PARITY;DEC26=PUT_CALL_PARITY;JAN27=PUT_CALL_PARITY;APR27=PUT_CALL_PARITY;MAY27=PUT_CALL_PARITY;JUL27=PUT_CALL_PARITY;JUN27=PUT_CALL_PARITY;DEC29=PUT_CALL_PARITY;OCT27=PUT_CALL_PARITY;SEP27=PUT_CALL_PARITY;AUG27=PUT_CALL_PARITY;MAR28=PUT_CALL_PARITY;DEC27=PUT_CALL_PARITY;DEC28=PUT_CALL_PARITY;SEP28=PUT_CALL_PARITY;DEC30=PUT_CALL_PARITY;JUN28=PUT_CALL_PARITY,OCT26=7852.6;NOV26=7852;FEB27=7923.875;MAR27=7994;DEC26=7923.25;JAN27=7924.5;APR27=8008.375;MAY27=8011.875;JUL27=8099.625;JUN27=8066.75;DEC29=8852.375;SEP27=8159.875;AUG27=8105.75;MAR28=8279;DEC27=8177.5;DEC28=8506.75;SEP28=6112.0875;DEC30=9361.5;JUN28=8372.5,OCT27=GLOBAL_REFERENCE_NO_OBSERVATION;SEP28=GLOBAL_REFERENCE_OUTLIER_SERIES_FORWARD_CLUSTER,WEIGHTED_ATM,2026-10-16,6,685,0.0,NONE,11274,10812,462,0,0,RTM,MDW;MMW;MRW;MTW,OK,NONE,NONE,2026-10-07
SPX,12800.0,0.0,0.0,0.0,0.0,0.0,0.0,0.0,0.0,7906.272501294064,7798.927498705937,7959.945002588127,7745.254997411874,DEC26,OCT26,2026-10-08,2026-12-18,7852.6,7825.767905144304,FOUND,DEGRADED,SPOT_MONTH_FALLBACK;UNKNOWN_SERIES;ESTIMATED_EXPIRY_ALIAS,2026-08-02.2,PUT_CALL_PARITY,OCT26,OCT26=PUT_CALL_PARITY;NOV26=PUT_CALL_PARITY;FEB27=PUT_CALL_PARITY;MAR27=PUT_CALL_PARITY;DEC26=PUT_CALL_PARITY;JAN27=PUT_CALL_PARITY;APR27=PUT_CALL_PARITY;MAY27=PUT_CALL_PARITY;JUL27=PUT_CALL_PARITY;JUN27=PUT_CALL_PARITY;DEC29=PUT_CALL_PARITY;OCT27=PUT_CALL_PARITY;SEP27=PUT_CALL_PARITY;AUG27=PUT_CALL_PARITY;MAR28=PUT_CALL_PARITY;DEC27=PUT_CALL_PARITY;DEC28=PUT_CALL_PARITY;SEP28=PUT_CALL_PARITY;DEC30=PUT_CALL_PARITY;JUN28=PUT_CALL_PARITY,OCT26=7852.6;NOV26=7852;FEB27=7923.875;MAR27=7994;DEC26=7923.25;JAN27=7924.5;APR27=8008.375;MAY27=8011.875;JUL27=8099.625;JUN27=8066.75;DEC29=8852.375;SEP27=8159.875;AUG27=8105.75;MAR28=8279;DEC27=8177.5;DEC28=8506.75;SEP28=6112.0875;DEC30=9361.5;JUN28=8372.5,OCT27=GLOBAL_REFERENCE_NO_OBSERVATION;SEP28=GLOBAL_REFERENCE_OUTLIER_SERIES_FORWARD_CLUSTER,WEIGHTED_ATM,2026-10-16,6,685,0.0,NONE,11274,10812,462,0,0,RTM,MDW;MMW;MRW;MTW,OK,NONE,NONE,2026-10-07
