Currency,Strike,Total_GEX,Total_Abs_Gamma,Daily_Call_Settle,Daily_Call_OI,Daily_Put_Settle,Daily_Put_OI,Global_Call_OI,Global_Put_OI,R68_High,R68_Low,R95_High,R95_Low,Global_Month,Daily_Month,Futures_Spot,Gamma_Flip
NAS,10000.0,-0.0035148299733510197,0.000175741498667551,0.0,0.0,0.0,0.0,0.0,0.0,29617.091366153298,29129.750739109862,29860.76167967501,28886.08042558815,DEC26,JUN26,29373.42105263158,29594.074210945124
NAS,10500.0,-0.0017039687298252672,8.519843649126336e-05,0.0,0.0,0.0,0.0,0.0,0.0,29617.091366153298,29129.750739109862,29860.76167967501,28886.08042558815,DEC26,JUN26,29373.42105263158,29594.074210945124
NAS,11000.0,-0.0005033116997100499,2.5165584985502493e-05,0.0,0.0,0.0,0.0,0.0,0.0,29617.091366153298,29129.750739109862,29860.76167967501,28886.08042558815,DEC26,JUN26,29373.42105263158,29594.074210945124
NAS,11500.0,-0.0038371233723441655,0.00019185616861720826,0.0,0.0,0.0,0.0,0.0,0.0,29617.091366153298,29129.750739109862,29860.76167967501,28886.08042558815,DEC26,JUN26,29373.42105263158,29594.074210945124
NAS,12000.0,-0.0006002744802597015,3.0013724012985075e-05,0.0,0.0,0.0,0.0,0.0,0.0,29617.091366153298,29129.750739109862,29860.76167967501,28886.08042558815,DEC26,JUN26,29373.42105263158,29594.074210945124
NAS,12500.0,-0.0015673689474240593,7.836844737120296e-05,0.0,0.0,0.0,0.0,0.0,0.0,29617.091366153298,29129.750739109862,29860.76167967501,28886.08042558815,DEC26,JUN26,29373.42105263158,29594.074210945124
NAS,13000.0,-0.005240384579118837,0.0002620192289559418,0.0,0.0,0.0,0.0,0.0,0.0,29617.091366153298,29129.750739109862,29860.76167967501,28886.08042558815,DEC26,JUN26,29373.42105263158,29594.074210945124
NAS,13500.0,-0.009081697152590608,0.0004540848576295303,0.0,0.0,0.0,0.0,0.0,0.0,29617.091366153298,29129.750739109862,29860.76167967501,28886.08042558815,DEC26,JUN26,29373.42105263158,29594.074210945124
NAS,14000.0,-0.0036118149209102457,0.0001805907460455123,0.0,0.0,0.0,0.0,0.0,0.0,29617.091366153298,29129.750739109862,29860.76167967501,28886.08042558815,DEC26,JUN26,29373.42105263158,29594.074210945124
NAS,14500.0,-0.0035244251518745727,0.00017622125759372863,0.0,0.0,0.0,0.0,0.0,0.0,29617.091366153298,29129.750739109862,29860.76167967501,28886.08042558815,DEC26,JUN26,29373.42105263158,29594.074210945124
NAS,15000.0,-0.020153699860527827,0.0010076849930263914,0.0,0.0,0.0,0.0,0.0,0.0,29617.091366153298,29129.750739109862,29860.76167967501,28886.08042558815,DEC26,JUN26,29373.42105263158,29594.074210945124
NAS,15500.0,-0.005283355205372711,0.0002641677602686356,0.0,0.0,0.0,0.0,0.0,0.0,29617.091366153298,29129.750739109862,29860.76167967501,28886.08042558815,DEC26,JUN26,29373.42105263158,29594.074210945124
NAS,15750.0,-0.0005322779889135237,2.6613899445676184e-05,0.0,0.0,0.0,0.0,0.0,0.0,29617.091366153298,29129.750739109862,29860.76167967501,28886.08042558815,DEC26,JUN26,29373.42105263158,29594.074210945124
NAS,16000.0,-0.021138832157953754,0.0010569416078976877,0.0,0.0,0.0,0.0,0.0,0.0,29617.091366153298,29129.750739109862,29860.76167967501,28886.08042558815,DEC26,JUN26,29373.42105263158,29594.074210945124
NAS,16250.0,-9.831081345386639e-05,4.915540672693319e-06,0.0,0.0,0.0,0.0,0.0,0.0,29617.091366153298,29129.750739109862,29860.76167967501,28886.08042558815,DEC26,JUN26,29373.42105263158,29594.074210945124
NAS,16500.0,-0.02333638108775247,0.0011668190543876235,0.0,0.0,0.0,0.0,0.0,0.0,29617.091366153298,29129.750739109862,29860.76167967501,28886.08042558815,DEC26,JUN26,29373.42105263158,29594.074210945124
NAS,16750.0,-0.0015890378014741535,7.945189007370769e-05,0.0,0.0,0.0,0.0,0.0,0.0,29617.091366153298,29129.750739109862,29860.76167967501,28886.08042558815,DEC26,JUN26,29373.42105263158,29594.074210945124
NAS,17000.0,-0.029206365502933603,0.0014603182751466801,0.0,0.0,0.0,0.0,0.0,0.0,29617.091366153298,29129.750739109862,29860.76167967501,28886.08042558815,DEC26,JUN26,29373.42105263158,29594.074210945124
NAS,17250.0,-0.0005263655719132529,2.6318278595662647e-05,0.0,0.0,0.0,0.0,0.0,0.0,29617.091366153298,29129.750739109862,29860.76167967501,28886.08042558815,DEC26,JUN26,29373.42105263158,29594.074210945124
NAS,17500.0,-0.03707014040590268,0.0018535070202951342,0.0,0.0,0.0,0.0,0.0,0.0,29617.091366153298,29129.750739109862,29860.76167967501,28886.08042558815,DEC26,JUN26,29373.42105263158,29594.074210945124
NAS,17750.0,-0.004283971416069795,0.00021419857080348979,0.0,0.0,0.0,0.0,0.0,0.0,29617.091366153298,29129.750739109862,29860.76167967501,28886.08042558815,DEC26,JUN26,29373.42105263158,29594.074210945124
NAS,18000.0,-0.05379504560824654,0.002689752280412327,0.0,0.0,0.0,0.0,0.0,0.0,29617.091366153298,29129.750739109862,29860.76167967501,28886.08042558815,DEC26,JUN26,29373.42105263158,29594.074210945124
NAS,18250.0,-0.003289743222925855,0.00016448716114629276,0.0,0.0,0.0,0.0,0.0,0.0,29617.091366153298,29129.750739109862,29860.76167967501,28886.08042558815,DEC26,JUN26,29373.42105263158,29594.074210945124
NAS,18500.0,-0.014785976401323446,0.0007392988200661723,0.0,0.0,0.0,0.0,0.0,0.0,29617.091366153298,29129.750739109862,29860.76167967501,28886.08042558815,DEC26,JUN26,29373.42105263158,29594.074210945124
NAS,18750.0,-0.019155791380064933,0.0009577895690032466,0.0,0.0,0.0,0.0,0.0,0.0,29617.091366153298,29129.750739109862,29860.76167967501,28886.08042558815,DEC26,JUN26,29373.42105263158,29594.074210945124
NAS,19000.0,-0.14990570284458532,0.0074952851422292665,0.0,0.0,0.0,0.0,0.0,0.0,29617.091366153298,29129.750739109862,29860.76167967501,28886.08042558815,DEC26,JUN26,29373.42105263158,29594.074210945124
NAS,19250.0,-0.0048124798543805495,0.00024062399271902745,0.0,0.0,0.0,0.0,0.0,0.0,29617.091366153298,29129.750739109862,29860.76167967501,28886.08042558815,DEC26,JUN26,29373.42105263158,29594.074210945124
NAS,19500.0,-0.05734653708043459,0.0028673268540217295,0.0,0.0,0.0,0.0,0.0,0.0,29617.091366153298,29129.750739109862,29860.76167967501,28886.08042558815,DEC26,JUN26,29373.42105263158,29594.074210945124
NAS,19750.0,-0.0039148091151115965,0.00019574045575557983,0.0,0.0,0.0,0.0,0.0,0.0,29617.091366153298,29129.750739109862,29860.76167967501,28886.08042558815,DEC26,JUN26,29373.42105263158,29594.074210945124
NAS,20000.0,-0.13328502551984237,0.006664251275992118,0.0,0.0,0.0,0.0,0.0,0.0,29617.091366153298,29129.750739109862,29860.76167967501,28886.08042558815,DEC26,JUN26,29373.42105263158,29594.074210945124
NAS,20250.0,-0.007446993298563687,0.00037234966492818435,0.0,0.0,0.0,0.0,0.0,0.0,29617.091366153298,29129.750739109862,29860.76167967501,28886.08042558815,DEC26,JUN26,29373.42105263158,29594.074210945124
NAS,20500.0,-0.1574388463221359,0.007871942316106795,0.0,0.0,0.0,0.0,0.0,0.0,29617.091366153298,29129.750739109862,29860.76167967501,28886.08042558815,DEC26,JUN26,29373.42105263158,29594.074210945124
NAS,20750.0,-0.0069894734678735,0.000349473673393675,0.0,0.0,0.0,0.0,0.0,0.0,29617.091366153298,29129.750739109862,29860.76167967501,28886.08042558815,DEC26,JUN26,29373.42105263158,29594.074210945124
NAS,21000.0,-0.14677812831148218,0.00733890641557411,0.0,0.0,0.0,0.0,0.0,0.0,29617.091366153298,29129.750739109862,29860.76167967501,28886.08042558815,DEC26,JUN26,29373.42105263158,29594.074210945124
NAS,21250.0,-0.003397092622436919,0.00016985463112184594,0.0,0.0,0.0,0.0,0.0,0.0,29617.091366153298,29129.750739109862,29860.76167967501,28886.08042558815,DEC26,JUN26,29373.42105263158,29594.074210945124
NAS,21500.0,-0.18056141202574275,0.009028070601287139,0.0,0.0,0.0,0.0,0.0,0.0,29617.091366153298,29129.750739109862,29860.76167967501,28886.08042558815,DEC26,JUN26,29373.42105263158,29594.074210945124
NAS,21750.0,-0.01231805606074977,0.0006159028030374885,0.0,0.0,0.0,0.0,0.0,0.0,29617.091366153298,29129.750739109862,29860.76167967501,28886.08042558815,DEC26,JUN26,29373.42105263158,29594.074210945124
NAS,22000.0,-0.24643687213320895,0.012321843606660447,0.0,0.0,0.0,0.0,0.0,0.0,29617.091366153298,29129.750739109862,29860.76167967501,28886.08042558815,DEC26,JUN26,29373.42105263158,29594.074210945124
NAS,22250.0,-0.023616339252561572,0.0011808169626280785,0.0,0.0,0.0,0.0,0.0,0.0,29617.091366153298,29129.750739109862,29860.76167967501,28886.08042558815,DEC26,JUN26,29373.42105263158,29594.074210945124
NAS,22500.0,-0.18449120540683786,0.009224560270341893,0.0,0.0,0.0,0.0,0.0,0.0,29617.091366153298,29129.750739109862,29860.76167967501,28886.08042558815,DEC26,JUN26,29373.42105263158,29594.074210945124
NAS,22750.0,-0.07741251741504836,0.0038706258707524176,0.0,0.0,0.0,0.0,0.0,0.0,29617.091366153298,29129.750739109862,29860.76167967501,28886.08042558815,DEC26,JUN26,29373.42105263158,29594.074210945124
NAS,23000.0,-0.29688090200795964,0.014844045100397982,0.0,0.0,0.0,0.0,0.0,0.0,29617.091366153298,29129.750739109862,29860.76167967501,28886.08042558815,DEC26,JUN26,29373.42105263158,29594.074210945124
NAS,23250.0,-0.09302586817336342,0.00465129340866817,0.0,0.0,0.0,0.0,0.0,0.0,29617.091366153298,29129.750739109862,29860.76167967501,28886.08042558815,DEC26,JUN26,29373.42105263158,29594.074210945124
NAS,23500.0,-0.12733499128945122,0.006388304522137928,0.0,0.0,0.0,0.0,0.0,0.0,29617.091366153298,29129.750739109862,29860.76167967501,28886.08042558815,DEC26,JUN26,29373.42105263158,29594.074210945124
NAS,23600.0,-0.005436791009371299,0.00027183955046856495,0.0,0.0,0.0,0.0,0.0,0.0,29617.091366153298,29129.750739109862,29860.76167967501,28886.08042558815,DEC26,JUN26,29373.42105263158,29594.074210945124
NAS,23700.0,-0.0006601270421157418,3.300635210578709e-05,0.0,0.0,0.0,0.0,0.0,0.0,29617.091366153298,29129.750739109862,29860.76167967501,28886.08042558815,DEC26,JUN26,29373.42105263158,29594.074210945124
NAS,23750.0,-0.028910290378583017,0.001445514518929151,0.0,0.0,0.0,0.0,0.0,0.0,29617.091366153298,29129.750739109862,29860.76167967501,28886.08042558815,DEC26,JUN26,29373.42105263158,29594.074210945124
NAS,23800.0,-0.0008176331456880362,4.088165728440181e-05,0.0,0.0,0.0,0.0,0.0,0.0,29617.091366153298,29129.750739109862,29860.76167967501,28886.08042558815,DEC26,JUN26,29373.42105263158,29594.074210945124
NAS,23900.0,-0.00031736885705485737,1.5868442852742868e-05,0.0,0.0,0.0,0.0,0.0,0.0,29617.091366153298,29129.750739109862,29860.76167967501,28886.08042558815,DEC26,JUN26,29373.42105263158,29594.074210945124
NAS,24000.0,-0.48353303992982744,0.024176651996491372,0.0,0.0,0.0,0.0,0.0,0.0,29617.091366153298,29129.750739109862,29860.76167967501,28886.08042558815,DEC26,JUN26,29373.42105263158,29594.074210945124
NAS,24100.0,-0.00042735362501182886,2.136768125059144e-05,0.0,0.0,0.0,0.0,0.0,0.0,29617.091366153298,29129.750739109862,29860.76167967501,28886.08042558815,DEC26,JUN26,29373.42105263158,29594.074210945124
NAS,24200.0,-0.0003770776485716772,1.885388242858386e-05,0.0,0.0,0.0,0.0,0.0,0.0,29617.091366153298,29129.750739109862,29860.76167967501,28886.08042558815,DEC26,JUN26,29373.42105263158,29594.074210945124
NAS,24250.0,-0.04372685560732078,0.002186342780366039,0.0,0.0,0.0,0.0,0.0,0.0,29617.091366153298,29129.750739109862,29860.76167967501,28886.08042558815,DEC26,JUN26,29373.42105263158,29594.074210945124
NAS,24300.0,-0.00537557730866421,0.0002687788654332105,0.0,0.0,0.0,0.0,0.0,0.0,29617.091366153298,29129.750739109862,29860.76167967501,28886.08042558815,DEC26,JUN26,29373.42105263158,29594.074210945124
NAS,24400.0,-0.001033833876192556,5.16916938096278e-05,0.0,0.0,0.0,0.0,0.0,0.0,29617.091366153298,29129.750739109862,29860.76167967501,28886.08042558815,DEC26,JUN26,29373.42105263158,29594.074210945124
NAS,24500.0,-0.060201029618513854,0.005783191848948045,0.0,0.0,0.0,0.0,0.0,0.0,29617.091366153298,29129.750739109862,29860.76167967501,28886.08042558815,DEC26,JUN26,29373.42105263158,29594.074210945124
NAS,24600.0,-0.029037322625699507,0.0014518661312849753,0.0,0.0,0.0,0.0,0.0,0.0,29617.091366153298,29129.750739109862,29860.76167967501,28886.08042558815,DEC26,JUN26,29373.42105263158,29594.074210945124
NAS,24700.0,-0.00010545167074449183,5.272583537224592e-06,0.0,0.0,0.0,0.0,0.0,0.0,29617.091366153298,29129.750739109862,29860.76167967501,28886.08042558815,DEC26,JUN26,29373.42105263158,29594.074210945124
NAS,24750.0,-0.16485826475501258,0.008242913237750631,0.0,0.0,0.0,0.0,0.0,0.0,29617.091366153298,29129.750739109862,29860.76167967501,28886.08042558815,DEC26,JUN26,29373.42105263158,29594.074210945124
NAS,24800.0,-0.011276033104135559,0.0005638016552067779,0.0,0.0,0.0,0.0,0.0,0.0,29617.091366153298,29129.750739109862,29860.76167967501,28886.08042558815,DEC26,JUN26,29373.42105263158,29594.074210945124
NAS,24900.0,-0.021738786345874284,0.0010869393172937142,0.0,0.0,0.0,0.0,0.0,0.0,29617.091366153298,29129.750739109862,29860.76167967501,28886.08042558815,DEC26,JUN26,29373.42105263158,29594.074210945124
NAS,25000.0,-0.40519832596461713,0.0218322132207697,0.0,0.0,0.0,0.0,0.0,0.0,29617.091366153298,29129.750739109862,29860.76167967501,28886.08042558815,DEC26,JUN26,29373.42105263158,29594.074210945124
NAS,25100.0,-0.00274861385628706,0.00022179870996579925,0.0,0.0,0.0,0.0,0.0,0.0,29617.091366153298,29129.750739109862,29860.76167967501,28886.08042558815,DEC26,JUN26,29373.42105263158,29594.074210945124
NAS,25200.0,-0.0033193982116669707,0.00016596991058334855,0.0,0.0,0.0,0.0,0.0,0.0,29617.091366153298,29129.750739109862,29860.76167967501,28886.08042558815,DEC26,JUN26,29373.42105263158,29594.074210945124
NAS,25250.0,-0.23171680978528034,0.012341285774266927,0.0,0.0,0.0,0.0,0.0,0.0,29617.091366153298,29129.750739109862,29860.76167967501,28886.08042558815,DEC26,JUN26,29373.42105263158,29594.074210945124
NAS,25300.0,-0.2792797654403854,0.01396398827201927,0.0,0.0,0.0,0.0,0.0,0.0,29617.091366153298,29129.750739109862,29860.76167967501,28886.08042558815,DEC26,JUN26,29373.42105263158,29594.074210945124
NAS,25400.0,-0.02401460936413241,0.0013618562558082165,0.0,0.0,0.0,0.0,0.0,0.0,29617.091366153298,29129.750739109862,29860.76167967501,28886.08042558815,DEC26,JUN26,29373.42105263158,29594.074210945124
NAS,25500.0,-1.2476365291483749,0.07259086428605747,0.0,0.0,0.0,0.0,0.0,0.0,29617.091366153298,29129.750739109862,29860.76167967501,28886.08042558815,DEC26,JUN26,29373.42105263158,29594.074210945124
NAS,25600.0,-0.024993763508905247,0.001339990435844825,0.0,0.0,0.0,0.0,0.0,0.0,29617.091366153298,29129.750739109862,29860.76167967501,28886.08042558815,DEC26,JUN26,29373.42105263158,29594.074210945124
NAS,25700.0,-0.10239485693892054,0.00531081150551958,0.0,0.0,0.0,0.0,0.0,0.0,29617.091366153298,29129.750739109862,29860.76167967501,28886.08042558815,DEC26,JUN26,29373.42105263158,29594.074210945124
NAS,25750.0,-0.1713918432727201,0.008569592163636005,0.0,0.0,0.0,0.0,0.0,0.0,29617.091366153298,29129.750739109862,29860.76167967501,28886.08042558815,DEC26,JUN26,29373.42105263158,29594.074210945124
NAS,25800.0,-0.07529111454494718,0.003764555727247359,0.0,0.0,0.0,0.0,0.0,0.0,29617.091366153298,29129.750739109862,29860.76167967501,28886.08042558815,DEC26,JUN26,29373.42105263158,29594.074210945124
NAS,25900.0,-0.06738556666084701,0.0033692783330423505,0.0,0.0,0.0,0.0,0.0,0.0,29617.091366153298,29129.750739109862,29860.76167967501,28886.08042558815,DEC26,JUN26,29373.42105263158,29594.074210945124
NAS,26000.0,-1.6907888110265583,0.09341776098417286,0.0,0.0,0.0,0.0,0.0,0.0,29617.091366153298,29129.750739109862,29860.76167967501,28886.08042558815,DEC26,JUN26,29373.42105263158,29594.074210945124
NAS,26050.0,-0.0014751247365340158,7.375623682670079e-05,0.0,0.0,0.0,0.0,0.0,0.0,29617.091366153298,29129.750739109862,29860.76167967501,28886.08042558815,DEC26,JUN26,29373.42105263158,29594.074210945124
NAS,26100.0,-0.07392022921841963,0.0036960114609209814,0.0,0.0,0.0,0.0,0.0,0.0,29617.091366153298,29129.750739109862,29860.76167967501,28886.08042558815,DEC26,JUN26,29373.42105263158,29594.074210945124
NAS,26150.0,-0.00421174137194159,0.00021058706859707952,0.0,0.0,0.0,0.0,0.0,0.0,29617.091366153298,29129.750739109862,29860.76167967501,28886.08042558815,DEC26,JUN26,29373.42105263158,29594.074210945124
NAS,26200.0,-0.35763334187852586,0.017881667093926294,0.0,0.0,0.0,0.0,0.0,0.0,29617.091366153298,29129.750739109862,29860.76167967501,28886.08042558815,DEC26,JUN26,29373.42105263158,29594.074210945124
NAS,26250.0,-0.3021553717290153,0.01592572597047516,0.0,0.0,0.0,0.0,0.0,0.0,29617.091366153298,29129.750739109862,29860.76167967501,28886.08042558815,DEC26,JUN26,29373.42105263158,29594.074210945124
NAS,26300.0,-0.03208413754575983,0.0033482155164161944,0.0,0.0,0.0,0.0,0.0,0.0,29617.091366153298,29129.750739109862,29860.76167967501,28886.08042558815,DEC26,JUN26,29373.42105263158,29594.074210945124
NAS,26350.0,-0.04219596719488265,0.0021097983597441325,0.0,0.0,0.0,0.0,0.0,0.0,29617.091366153298,29129.750739109862,29860.76167967501,28886.08042558815,DEC26,JUN26,29373.42105263158,29594.074210945124
NAS,26400.0,-0.03321915599816852,0.004113287909444083,0.0,0.0,0.0,0.0,0.0,0.0,29617.091366153298,29129.750739109862,29860.76167967501,28886.08042558815,DEC26,JUN26,29373.42105263158,29594.074210945124
NAS,26450.0,-0.004720169905325045,0.00023600849526625225,0.0,0.0,0.0,0.0,0.0,0.0,29617.091366153298,29129.750739109862,29860.76167967501,28886.08042558815,DEC26,JUN26,29373.42105263158,29594.074210945124
NAS,26500.0,-0.5235101426050566,0.04022813560913858,0.0,0.0,0.0,0.0,0.0,0.0,29617.091366153298,29129.750739109862,29860.76167967501,28886.08042558815,DEC26,JUN26,29373.42105263158,29594.074210945124
NAS,26550.0,-0.045436728809062896,0.0022718364404531446,0.0,0.0,0.0,0.0,0.0,0.0,29617.091366153298,29129.750739109862,29860.76167967501,28886.08042558815,DEC26,JUN26,29373.42105263158,29594.074210945124
NAS,26600.0,-0.07224876738486165,0.003766485188458531,0.0,0.0,0.0,0.0,0.0,0.0,29617.091366153298,29129.750739109862,29860.76167967501,28886.08042558815,DEC26,JUN26,29373.42105263158,29594.074210945124
NAS,26650.0,-0.027346420117808922,0.001367321005890446,0.0,0.0,0.0,0.0,0.0,0.0,29617.091366153298,29129.750739109862,29860.76167967501,28886.08042558815,DEC26,JUN26,29373.42105263158,29594.074210945124
NAS,26700.0,-0.1694939244711224,0.008483528737223137,0.0,0.0,0.0,0.0,0.0,0.0,29617.091366153298,29129.750739109862,29860.76167967501,28886.08042558815,DEC26,JUN26,29373.42105263158,29594.074210945124
NAS,26750.0,-0.543502816120633,0.032311605211273936,0.0,0.0,0.0,0.0,0.0,0.0,29617.091366153298,29129.750739109862,29860.76167967501,28886.08042558815,DEC26,JUN26,29373.42105263158,29594.074210945124
NAS,26800.0,-0.08480609820084979,0.005595834182228616,0.0,0.0,0.0,0.0,0.0,0.0,29617.091366153298,29129.750739109862,29860.76167967501,28886.08042558815,DEC26,JUN26,29373.42105263158,29594.074210945124
NAS,26850.0,-0.03163624130943991,0.0015818120654719952,0.0,0.0,0.0,0.0,0.0,0.0,29617.091366153298,29129.750739109862,29860.76167967501,28886.08042558815,DEC26,JUN26,29373.42105263158,29594.074210945124
NAS,26900.0,-0.3433278870140243,0.017228236705728886,0.0,0.0,0.0,0.0,0.0,0.0,29617.091366153298,29129.750739109862,29860.76167967501,28886.08042558815,DEC26,JUN26,29373.42105263158,29594.074210945124
NAS,26950.0,-0.05210685239596028,0.0026423161314353466,0.0,0.0,0.0,0.0,0.0,0.0,29617.091366153298,29129.750739109862,29860.76167967501,28886.08042558815,DEC26,JUN26,29373.42105263158,29594.074210945124
NAS,27000.0,-1.5152682955397054,0.09308945219736826,0.0,0.0,0.0,0.0,0.0,0.0,29617.091366153298,29129.750739109862,29860.76167967501,28886.08042558815,DEC26,JUN26,29373.42105263158,29594.074210945124
NAS,27050.0,-0.04739179695504845,0.0024838565061955564,0.0,0.0,0.0,0.0,0.0,0.0,29617.091366153298,29129.750739109862,29860.76167967501,28886.08042558815,DEC26,JUN26,29373.42105263158,29594.074210945124
NAS,27100.0,-0.11276292189824169,0.0056927157050339055,0.0,0.0,0.0,0.0,0.0,0.0,29617.091366153298,29129.750739109862,29860.76167967501,28886.08042558815,DEC26,JUN26,29373.42105263158,29594.074210945124
NAS,27150.0,-0.047312355750403816,0.0023656177875201905,0.0,0.0,0.0,0.0,0.0,0.0,29617.091366153298,29129.750739109862,29860.76167967501,28886.08042558815,DEC26,JUN26,29373.42105263158,29594.074210945124
NAS,27200.0,-0.26458608654114313,0.01342380412330134,0.0,0.0,0.0,0.0,0.0,0.0,29617.091366153298,29129.750739109862,29860.76167967501,28886.08042558815,DEC26,JUN26,29373.42105263158,29594.074210945124
NAS,27250.0,-0.18880082786347724,0.01950640032088965,0.0,0.0,0.0,0.0,0.0,0.0,29617.091366153298,29129.750739109862,29860.76167967501,28886.08042558815,DEC26,JUN26,29373.42105263158,29594.074210945124
NAS,27300.0,-0.12604795791886855,0.0063023978959434275,0.0,0.0,0.0,0.0,0.0,0.0,29617.091366153298,29129.750739109862,29860.76167967501,28886.08042558815,DEC26,JUN26,29373.42105263158,29594.074210945124
NAS,27350.0,-0.0823471712898222,0.004117358564491111,0.0,0.0,0.0,0.0,0.0,0.0,29617.091366153298,29129.750739109862,29860.76167967501,28886.08042558815,DEC26,JUN26,29373.42105263158,29594.074210945124
NAS,27400.0,-0.17032898676750755,0.008621097189016564,0.0,0.0,0.0,0.0,0.0,0.0,29617.091366153298,29129.750739109862,29860.76167967501,28886.08042558815,DEC26,JUN26,29373.42105263158,29594.074210945124
NAS,27450.0,-0.17540579264598083,0.008958723507070297,0.0,0.0,0.0,0.0,0.0,0.0,29617.091366153298,29129.750739109862,29860.76167967501,28886.08042558815,DEC26,JUN26,29373.42105263158,29594.074210945124
NAS,27500.0,-0.28056469806311723,0.041187019980808995,0.0,0.0,0.0,0.0,0.0,0.0,29617.091366153298,29129.750739109862,29860.76167967501,28886.08042558815,DEC26,JUN26,29373.42105263158,29594.074210945124
NAS,27550.0,-0.04131741169046299,0.0022767748513236666,0.0,0.0,0.0,0.0,0.0,0.0,29617.091366153298,29129.750739109862,29860.76167967501,28886.08042558815,DEC26,JUN26,29373.42105263158,29594.074210945124
NAS,27600.0,-0.09624069102738506,0.005856713813423958,0.0,0.0,0.0,0.0,0.0,0.0,29617.091366153298,29129.750739109862,29860.76167967501,28886.08042558815,DEC26,JUN26,29373.42105263158,29594.074210945124
NAS,27650.0,-0.1129635469679034,0.005648177348395169,0.0,0.0,0.0,0.0,0.0,0.0,29617.091366153298,29129.750739109862,29860.76167967501,28886.08042558815,DEC26,JUN26,29373.42105263158,29594.074210945124
NAS,27700.0,-2.874488868007574,0.1449682991731882,0.0,0.0,0.0,0.0,0.0,0.0,29617.091366153298,29129.750739109862,29860.76167967501,28886.08042558815,DEC26,JUN26,29373.42105263158,29594.074210945124
NAS,27750.0,-0.050501015209125706,0.022841309649225337,0.0,0.0,0.0,0.0,0.0,0.0,29617.091366153298,29129.750739109862,29860.76167967501,28886.08042558815,DEC26,JUN26,29373.42105263158,29594.074210945124
NAS,27800.0,-0.5422302137543001,0.03258407998834068,0.0,0.0,0.0,0.0,0.0,0.0,29617.091366153298,29129.750739109862,29860.76167967501,28886.08042558815,DEC26,JUN26,29373.42105263158,29594.074210945124
NAS,27850.0,-0.06629528575055985,0.0036032190541563777,0.0,0.0,0.0,0.0,0.0,0.0,29617.091366153298,29129.750739109862,29860.76167967501,28886.08042558815,DEC26,JUN26,29373.42105263158,29594.074210945124
NAS,27900.0,-0.11375988257522007,0.019475431662696777,0.0,0.0,0.0,0.0,0.0,0.0,29617.091366153298,29129.750739109862,29860.76167967501,28886.08042558815,DEC26,JUN26,29373.42105263158,29594.074210945124
NAS,27950.0,-0.09558797973042941,0.004779398986521471,0.0,0.0,0.0,0.0,0.0,0.0,29617.091366153298,29129.750739109862,29860.76167967501,28886.08042558815,DEC26,JUN26,29373.42105263158,29594.074210945124
NAS,28000.0,-4.736786312134177,0.28445599085317635,0.0,0.0,0.0,0.0,0.0,0.0,29617.091366153298,29129.750739109862,29860.76167967501,28886.08042558815,DEC26,JUN26,29373.42105263158,29594.074210945124
NAS,28040.0,-0.004914946314939843,0.0002457473157469922,0.0,0.0,0.0,0.0,0.0,0.0,29617.091366153298,29129.750739109862,29860.76167967501,28886.08042558815,DEC26,JUN26,29373.42105263158,29594.074210945124
NAS,28050.0,-0.23919270871817386,0.012865095561410283,0.0,0.0,0.0,0.0,0.0,0.0,29617.091366153298,29129.750739109862,29860.76167967501,28886.08042558815,DEC26,JUN26,29373.42105263158,29594.074210945124
NAS,28060.0,-0.015825760395657255,0.0007912880197828628,0.0,0.0,0.0,0.0,0.0,0.0,29617.091366153298,29129.750739109862,29860.76167967501,28886.08042558815,DEC26,JUN26,29373.42105263158,29594.074210945124
NAS,28070.0,-0.0071435097952658975,0.00035717548976329486,0.0,0.0,0.0,0.0,0.0,0.0,29617.091366153298,29129.750739109862,29860.76167967501,28886.08042558815,DEC26,JUN26,29373.42105263158,29594.074210945124
NAS,28075.0,-0.01916219789064025,0.0009581098945320124,0.0,0.0,0.0,0.0,0.0,0.0,29617.091366153298,29129.750739109862,29860.76167967501,28886.08042558815,DEC26,JUN26,29373.42105263158,29594.074210945124
NAS,28080.0,-0.00597125714218125,0.0002985628571090625,0.0,0.0,0.0,0.0,0.0,0.0,29617.091366153298,29129.750739109862,29860.76167967501,28886.08042558815,DEC26,JUN26,29373.42105263158,29594.074210945124
NAS,28090.0,-0.02084661911402946,0.001042330955701473,0.0,0.0,0.0,0.0,0.0,0.0,29617.091366153298,29129.750739109862,29860.76167967501,28886.08042558815,DEC26,JUN26,29373.42105263158,29594.074210945124
NAS,28100.0,-0.984854654872504,0.052796735371082766,0.0,0.0,0.0,0.0,0.0,0.0,29617.091366153298,29129.750739109862,29860.76167967501,28886.08042558815,DEC26,JUN26,29373.42105263158,29594.074210945124
NAS,28110.0,-0.012775195102568656,0.0006387597551284328,0.0,0.0,0.0,0.0,0.0,0.0,29617.091366153298,29129.750739109862,29860.76167967501,28886.08042558815,DEC26,JUN26,29373.42105263158,29594.074210945124
NAS,28120.0,-0.005604440315360828,0.00028022201576804144,0.0,0.0,0.0,0.0,0.0,0.0,29617.091366153298,29129.750739109862,29860.76167967501,28886.08042558815,DEC26,JUN26,29373.42105263158,29594.074210945124
NAS,28125.0,-0.03546950399117005,0.0017734751995585024,0.0,0.0,0.0,0.0,0.0,0.0,29617.091366153298,29129.750739109862,29860.76167967501,28886.08042558815,DEC26,JUN26,29373.42105263158,29594.074210945124
NAS,28130.0,-0.01735822725908208,0.0008679113629541039,0.0,0.0,0.0,0.0,0.0,0.0,29617.091366153298,29129.750739109862,29860.76167967501,28886.08042558815,DEC26,JUN26,29373.42105263158,29594.074210945124
NAS,28140.0,-0.009169911288390804,0.00045849556441954014,0.0,0.0,0.0,0.0,0.0,0.0,29617.091366153298,29129.750739109862,29860.76167967501,28886.08042558815,DEC26,JUN26,29373.42105263158,29594.074210945124
NAS,28150.0,-0.17262527467944788,0.008631263733972393,0.0,0.0,0.0,0.0,0.0,0.0,29617.091366153298,29129.750739109862,29860.76167967501,28886.08042558815,DEC26,JUN26,29373.42105263158,29594.074210945124
NAS,28160.0,-0.009555246404079466,0.0004777623202039733,0.0,0.0,0.0,0.0,0.0,0.0,29617.091366153298,29129.750739109862,29860.76167967501,28886.08042558815,DEC26,JUN26,29373.42105263158,29594.074210945124
NAS,28170.0,-0.007313090619744926,0.0003656545309872463,0.0,0.0,0.0,0.0,0.0,0.0,29617.091366153298,29129.750739109862,29860.76167967501,28886.08042558815,DEC26,JUN26,29373.42105263158,29594.074210945124
NAS,28175.0,-0.013852956095329255,0.0006926478047664627,0.0,0.0,0.0,0.0,0.0,0.0,29617.091366153298,29129.750739109862,29860.76167967501,28886.08042558815,DEC26,JUN26,29373.42105263158,29594.074210945124
NAS,28180.0,-0.012534659150110011,0.0006267329575055005,0.0,0.0,0.0,0.0,0.0,0.0,29617.091366153298,29129.750739109862,29860.76167967501,28886.08042558815,DEC26,JUN26,29373.42105263158,29594.074210945124
NAS,28190.0,-0.013964435750531669,0.0006982217875265834,0.0,0.0,0.0,0.0,0.0,0.0,29617.091366153298,29129.750739109862,29860.76167967501,28886.08042558815,DEC26,JUN26,29373.42105263158,29594.074210945124
NAS,28200.0,-0.8860619662594901,0.050841878477611846,0.0,0.0,0.0,0.0,0.0,0.0,29617.091366153298,29129.750739109862,29860.76167967501,28886.08042558815,DEC26,JUN26,29373.42105263158,29594.074210945124
NAS,28210.0,-0.01567833871933286,0.000783916935966643,0.0,0.0,0.0,0.0,0.0,0.0,29617.091366153298,29129.750739109862,29860.76167967501,28886.08042558815,DEC26,JUN26,29373.42105263158,29594.074210945124
NAS,28220.0,-0.013639330919867753,0.0006819665459933877,0.0,0.0,0.0,0.0,0.0,0.0,29617.091366153298,29129.750739109862,29860.76167967501,28886.08042558815,DEC26,JUN26,29373.42105263158,29594.074210945124
NAS,28225.0,-0.05763072666320278,0.0028815363331601384,0.0,0.0,0.0,0.0,0.0,0.0,29617.091366153298,29129.750739109862,29860.76167967501,28886.08042558815,DEC26,JUN26,29373.42105263158,29594.074210945124
NAS,28230.0,-0.013421226377129437,0.0006710613188564717,0.0,0.0,0.0,0.0,0.0,0.0,29617.091366153298,29129.750739109862,29860.76167967501,28886.08042558815,DEC26,JUN26,29373.42105263158,29594.074210945124
NAS,28240.0,-0.008550770283266387,0.00042753851416331933,0.0,0.0,0.0,0.0,0.0,0.0,29617.091366153298,29129.750739109862,29860.76167967501,28886.08042558815,DEC26,JUN26,29373.42105263158,29594.074210945124
NAS,28250.0,0.06641719231472006,0.06545692107912322,0.0,0.0,0.0,0.0,0.0,0.0,29617.091366153298,29129.750739109862,29860.76167967501,28886.08042558815,DEC26,JUN26,29373.42105263158,29594.074210945124
NAS,28260.0,-0.042041954224298385,0.0021020977112149192,0.0,0.0,0.0,0.0,0.0,0.0,29617.091366153298,29129.750739109862,29860.76167967501,28886.08042558815,DEC26,JUN26,29373.42105263158,29594.074210945124
NAS,28270.0,-0.014270651711541153,0.0007135325855770576,0.0,0.0,0.0,0.0,0.0,0.0,29617.091366153298,29129.750739109862,29860.76167967501,28886.08042558815,DEC26,JUN26,29373.42105263158,29594.074210945124
NAS,28275.0,-0.027739731718441567,0.0013869865859220782,0.0,0.0,0.0,0.0,0.0,0.0,29617.091366153298,29129.750739109862,29860.76167967501,28886.08042558815,DEC26,JUN26,29373.42105263158,29594.074210945124
NAS,28280.0,-0.0062336669533751155,0.00031168334766875575,0.0,0.0,0.0,0.0,0.0,0.0,29617.091366153298,29129.750739109862,29860.76167967501,28886.08042558815,DEC26,JUN26,29373.42105263158,29594.074210945124
NAS,28290.0,-0.0296882316545928,0.00148441158272964,0.0,0.0,0.0,0.0,0.0,0.0,29617.091366153298,29129.750739109862,29860.76167967501,28886.08042558815,DEC26,JUN26,29373.42105263158,29594.074210945124
NAS,28300.0,-0.3235477079396364,0.03163067032359058,0.0,0.0,0.0,0.0,0.0,0.0,29617.091366153298,29129.750739109862,29860.76167967501,28886.08042558815,DEC26,JUN26,29373.42105263158,29594.074210945124
NAS,28310.0,-0.00427780827981082,0.00021389041399054096,0.0,0.0,0.0,0.0,0.0,0.0,29617.091366153298,29129.750739109862,29860.76167967501,28886.08042558815,DEC26,JUN26,29373.42105263158,29594.074210945124
NAS,28320.0,-0.006809490089748609,0.00034047450448743046,0.0,0.0,0.0,0.0,0.0,0.0,29617.091366153298,29129.750739109862,29860.76167967501,28886.08042558815,DEC26,JUN26,29373.42105263158,29594.074210945124
NAS,28325.0,-0.06487695343497647,0.0032438476717488235,0.0,0.0,0.0,0.0,0.0,0.0,29617.091366153298,29129.750739109862,29860.76167967501,28886.08042558815,DEC26,JUN26,29373.42105263158,29594.074210945124
NAS,28330.0,-0.17388140319554188,0.008694070159777094,0.0,0.0,0.0,0.0,0.0,0.0,29617.091366153298,29129.750739109862,29860.76167967501,28886.08042558815,DEC26,JUN26,29373.42105263158,29594.074210945124
NAS,28340.0,-0.06746834379126125,0.0033734171895630624,0.0,0.0,0.0,0.0,0.0,0.0,29617.091366153298,29129.750739109862,29860.76167967501,28886.08042558815,DEC26,JUN26,29373.42105263158,29594.074210945124
NAS,28350.0,-0.2438150135737244,0.01219075067868622,0.0,0.0,0.0,0.0,0.0,0.0,29617.091366153298,29129.750739109862,29860.76167967501,28886.08042558815,DEC26,JUN26,29373.42105263158,29594.074210945124
NAS,28360.0,-0.01564174746488967,0.0007820873732444835,0.0,0.0,0.0,0.0,0.0,0.0,29617.091366153298,29129.750739109862,29860.76167967501,28886.08042558815,DEC26,JUN26,29373.42105263158,29594.074210945124
NAS,28370.0,-0.035712874154144536,0.0017856437077072268,0.0,0.0,0.0,0.0,0.0,0.0,29617.091366153298,29129.750739109862,29860.76167967501,28886.08042558815,DEC26,JUN26,29373.42105263158,29594.074210945124
NAS,28375.0,-0.027312690342953198,0.0013656345171476599,0.0,0.0,0.0,0.0,0.0,0.0,29617.091366153298,29129.750739109862,29860.76167967501,28886.08042558815,DEC26,JUN26,29373.42105263158,29594.074210945124
NAS,28380.0,-0.013184599198036655,0.0006592299599018327,0.0,0.0,0.0,0.0,0.0,0.0,29617.091366153298,29129.750739109862,29860.76167967501,28886.08042558815,DEC26,JUN26,29373.42105263158,29594.074210945124
NAS,28390.0,-0.011814693231587941,0.000590734661579397,0.0,0.0,0.0,0.0,0.0,0.0,29617.091366153298,29129.750739109862,29860.76167967501,28886.08042558815,DEC26,JUN26,29373.42105263158,29594.074210945124
NAS,28400.0,-1.1372053444938122,0.06633410423270246,0.0,0.0,0.0,0.0,0.0,0.0,29617.091366153298,29129.750739109862,29860.76167967501,28886.08042558815,DEC26,JUN26,29373.42105263158,29594.074210945124
NAS,28410.0,-0.014482364853032552,0.0007241182426516277,0.0,0.0,0.0,0.0,0.0,0.0,29617.091366153298,29129.750739109862,29860.76167967501,28886.08042558815,DEC26,JUN26,29373.42105263158,29594.074210945124
NAS,28420.0,-0.012578497326088739,0.0006289248663044369,0.0,0.0,0.0,0.0,0.0,0.0,29617.091366153298,29129.750739109862,29860.76167967501,28886.08042558815,DEC26,JUN26,29373.42105263158,29594.074210945124
NAS,28425.0,-0.03260637529875436,0.0021187003011647783,0.0,0.0,0.0,0.0,0.0,0.0,29617.091366153298,29129.750739109862,29860.76167967501,28886.08042558815,DEC26,JUN26,29373.42105263158,29594.074210945124
NAS,28430.0,-0.008542783972859264,0.0004271391986429632,0.0,0.0,0.0,0.0,0.0,0.0,29617.091366153298,29129.750739109862,29860.76167967501,28886.08042558815,DEC26,JUN26,29373.42105263158,29594.074210945124
NAS,28440.0,-0.014215429976821115,0.0007107714988410558,0.0,0.0,0.0,0.0,0.0,0.0,29617.091366153298,29129.750739109862,29860.76167967501,28886.08042558815,DEC26,JUN26,29373.42105263158,29594.074210945124
NAS,28450.0,-0.4295205115408274,0.02198338138280499,0.0,0.0,0.0,0.0,0.0,0.0,29617.091366153298,29129.750739109862,29860.76167967501,28886.08042558815,DEC26,JUN26,29373.42105263158,29594.074210945124
NAS,28470.0,-0.02316274992053645,0.0011581374960268225,0.0,0.0,0.0,0.0,0.0,0.0,29617.091366153298,29129.750739109862,29860.76167967501,28886.08042558815,DEC26,JUN26,29373.42105263158,29594.074210945124
NAS,28475.0,-0.11416582468509161,0.00570829123425458,0.0,0.0,0.0,0.0,0.0,0.0,29617.091366153298,29129.750739109862,29860.76167967501,28886.08042558815,DEC26,JUN26,29373.42105263158,29594.074210945124
NAS,28480.0,-0.05412053567047527,0.0027060267835237635,0.0,0.0,0.0,0.0,0.0,0.0,29617.091366153298,29129.750739109862,29860.76167967501,28886.08042558815,DEC26,JUN26,29373.42105263158,29594.074210945124
NAS,28490.0,-0.03611526373300644,0.001805763186650322,0.0,0.0,0.0,0.0,0.0,0.0,29617.091366153298,29129.750739109862,29860.76167967501,28886.08042558815,DEC26,JUN26,29373.42105263158,29594.074210945124
NAS,28500.0,-1.8919148192354571,0.22090151472781167,0.0,0.0,0.0,0.0,0.0,0.0,29617.091366153298,29129.750739109862,29860.76167967501,28886.08042558815,DEC26,JUN26,29373.42105263158,29594.074210945124
NAS,28510.0,-0.040010725295740235,0.0020005362647870116,0.0,0.0,0.0,0.0,0.0,0.0,29617.091366153298,29129.750739109862,29860.76167967501,28886.08042558815,DEC26,JUN26,29373.42105263158,29594.074210945124
NAS,28520.0,-0.035666335681425645,0.0017833167840712824,0.0,0.0,0.0,0.0,0.0,0.0,29617.091366153298,29129.750739109862,29860.76167967501,28886.08042558815,DEC26,JUN26,29373.42105263158,29594.074210945124
NAS,28525.0,-0.025532082700367626,0.0017727687074256219,0.0,0.0,0.0,0.0,0.0,0.0,29617.091366153298,29129.750739109862,29860.76167967501,28886.08042558815,DEC26,JUN26,29373.42105263158,29594.074210945124
NAS,28530.0,-0.026448822326002,0.0013224411163001,0.0,0.0,0.0,0.0,0.0,0.0,29617.091366153298,29129.750739109862,29860.76167967501,28886.08042558815,DEC26,JUN26,29373.42105263158,29594.074210945124
NAS,28540.0,-0.02645984836114859,0.0013229924180574297,0.0,0.0,0.0,0.0,0.0,0.0,29617.091366153298,29129.750739109862,29860.76167967501,28886.08042558815,DEC26,JUN26,29373.42105263158,29594.074210945124
NAS,28550.0,-1.1550500383368005,0.05820334890060386,0.0,0.0,0.0,0.0,0.0,0.0,29617.091366153298,29129.750739109862,29860.76167967501,28886.08042558815,DEC26,JUN26,29373.42105263158,29594.074210945124
NAS,28560.0,-0.010982030379618516,0.0005491015189809258,0.0,0.0,0.0,0.0,0.0,0.0,29617.091366153298,29129.750739109862,29860.76167967501,28886.08042558815,DEC26,JUN26,29373.42105263158,29594.074210945124
NAS,28570.0,-0.016783029582732728,0.0008391514791366364,0.0,0.0,0.0,0.0,0.0,0.0,29617.091366153298,29129.750739109862,29860.76167967501,28886.08042558815,DEC26,JUN26,29373.42105263158,29594.074210945124
NAS,28575.0,-0.10976908417054645,0.005488454208527322,0.0,0.0,0.0,0.0,0.0,0.0,29617.091366153298,29129.750739109862,29860.76167967501,28886.08042558815,DEC26,JUN26,29373.42105263158,29594.074210945124
NAS,28580.0,-0.045542950070353805,0.0022771475035176904,0.0,0.0,0.0,0.0,0.0,0.0,29617.091366153298,29129.750739109862,29860.76167967501,28886.08042558815,DEC26,JUN26,29373.42105263158,29594.074210945124
NAS,28590.0,-0.011594945248472495,0.0005797472624236247,0.0,0.0,0.0,0.0,0.0,0.0,29617.091366153298,29129.750739109862,29860.76167967501,28886.08042558815,DEC26,JUN26,29373.42105263158,29594.074210945124
NAS,28600.0,-1.3693868604510564,0.07306947283825053,0.0,0.0,0.0,0.0,0.0,0.0,29617.091366153298,29129.750739109862,29860.76167967501,28886.08042558815,DEC26,JUN26,29373.42105263158,29594.074210945124
NAS,28610.0,-0.0060084410506936,0.00030042205253468,0.0,0.0,0.0,0.0,0.0,0.0,29617.091366153298,29129.750739109862,29860.76167967501,28886.08042558815,DEC26,JUN26,29373.42105263158,29594.074210945124
NAS,28620.0,-0.036689729356921545,0.0018344864678460772,0.0,0.0,0.0,0.0,0.0,0.0,29617.091366153298,29129.750739109862,29860.76167967501,28886.08042558815,DEC26,JUN26,29373.42105263158,29594.074210945124
NAS,28625.0,-0.07065819952554407,0.0035329099762772035,0.0,0.0,0.0,0.0,0.0,0.0,29617.091366153298,29129.750739109862,29860.76167967501,28886.08042558815,DEC26,JUN26,29373.42105263158,29594.074210945124
NAS,28630.0,-0.03102887586753885,0.0015514437933769427,0.0,0.0,0.0,0.0,0.0,0.0,29617.091366153298,29129.750739109862,29860.76167967501,28886.08042558815,DEC26,JUN26,29373.42105263158,29594.074210945124
NAS,28640.0,-0.024254169379354408,0.0012127084689677204,0.0,0.0,0.0,0.0,0.0,0.0,29617.091366153298,29129.750739109862,29860.76167967501,28886.08042558815,DEC26,JUN26,29373.42105263158,29594.074210945124
NAS,28650.0,0.8914428880413946,0.0873877054863769,0.0,0.0,0.0,0.0,0.0,0.0,29617.091366153298,29129.750739109862,29860.76167967501,28886.08042558815,DEC26,JUN26,29373.42105263158,29594.074210945124
NAS,28660.0,-0.058669957540313566,0.002933497877015678,0.0,0.0,0.0,0.0,0.0,0.0,29617.091366153298,29129.750739109862,29860.76167967501,28886.08042558815,DEC26,JUN26,29373.42105263158,29594.074210945124
NAS,28670.0,-0.033314668824516114,0.0016657334412258054,0.0,0.0,0.0,0.0,0.0,0.0,29617.091366153298,29129.750739109862,29860.76167967501,28886.08042558815,DEC26,JUN26,29373.42105263158,29594.074210945124
NAS,28675.0,-0.030586770162882665,0.0020856172295739598,0.0,0.0,0.0,0.0,0.0,0.0,29617.091366153298,29129.750739109862,29860.76167967501,28886.08042558815,DEC26,JUN26,29373.42105263158,29594.074210945124
NAS,28680.0,-0.05100007321477997,0.0025500036607389986,0.0,0.0,0.0,0.0,0.0,0.0,29617.091366153298,29129.750739109862,29860.76167967501,28886.08042558815,DEC26,JUN26,29373.42105263158,29594.074210945124
NAS,28690.0,-0.047949058540047496,0.0023974529270023746,0.0,0.0,0.0,0.0,0.0,0.0,29617.091366153298,29129.750739109862,29860.76167967501,28886.08042558815,DEC26,JUN26,29373.42105263158,29594.074210945124
NAS,28700.0,-1.3050960957723137,0.07599115409338313,0.0,0.0,0.0,0.0,0.0,0.0,29617.091366153298,29129.750739109862,29860.76167967501,28886.08042558815,DEC26,JUN26,29373.42105263158,29594.074210945124
NAS,28710.0,-0.035231146788476844,0.0017615573394238423,0.0,0.0,0.0,0.0,0.0,0.0,29617.091366153298,29129.750739109862,29860.76167967501,28886.08042558815,DEC26,JUN26,29373.42105263158,29594.074210945124
NAS,28720.0,-0.021714368453412746,0.0010857184226706373,0.0,0.0,0.0,0.0,0.0,0.0,29617.091366153298,29129.750739109862,29860.76167967501,28886.08042558815,DEC26,JUN26,29373.42105263158,29594.074210945124
NAS,28725.0,-0.04743343650621577,0.0023716718253107886,0.0,0.0,0.0,0.0,0.0,0.0,29617.091366153298,29129.750739109862,29860.76167967501,28886.08042558815,DEC26,JUN26,29373.42105263158,29594.074210945124
NAS,28730.0,-0.058372404757725094,0.0029186202378862548,0.0,0.0,0.0,0.0,0.0,0.0,29617.091366153298,29129.750739109862,29860.76167967501,28886.08042558815,DEC26,JUN26,29373.42105263158,29594.074210945124
NAS,28740.0,-0.03614055176451428,0.001807027588225714,0.0,0.0,0.0,0.0,0.0,0.0,29617.091366153298,29129.750739109862,29860.76167967501,28886.08042558815,DEC26,JUN26,29373.42105263158,29594.074210945124
NAS,28750.0,-2.285827945183819,0.19005602106143807,0.0,0.0,0.0,0.0,0.0,0.0,29617.091366153298,29129.750739109862,29860.76167967501,28886.08042558815,DEC26,JUN26,29373.42105263158,29594.074210945124
NAS,28760.0,-0.09257824883251445,0.004628912441625722,0.0,0.0,0.0,0.0,0.0,0.0,29617.091366153298,29129.750739109862,29860.76167967501,28886.08042558815,DEC26,JUN26,29373.42105263158,29594.074210945124
NAS,28770.0,-0.07994232165804316,0.0039971160829021584,0.0,0.0,0.0,0.0,0.0,0.0,29617.091366153298,29129.750739109862,29860.76167967501,28886.08042558815,DEC26,JUN26,29373.42105263158,29594.074210945124
NAS,28775.0,-0.19629132376345468,0.010403743510538313,0.0,0.0,0.0,0.0,0.0,0.0,29617.091366153298,29129.750739109862,29860.76167967501,28886.08042558815,DEC26,JUN26,29373.42105263158,29594.074210945124
NAS,28780.0,-0.062161356406973664,0.003108067820348684,0.0,0.0,0.0,0.0,0.0,0.0,29617.091366153298,29129.750739109862,29860.76167967501,28886.08042558815,DEC26,JUN26,29373.42105263158,29594.074210945124
NAS,28790.0,-0.19788960665479996,0.009894480332739998,0.0,0.0,0.0,0.0,0.0,0.0,29617.091366153298,29129.750739109862,29860.76167967501,28886.08042558815,DEC26,JUN26,29373.42105263158,29594.074210945124
NAS,28800.0,-0.5366737500792484,0.06304559857767383,0.0,0.0,0.0,0.0,0.0,0.0,29617.091366153298,29129.750739109862,29860.76167967501,28886.08042558815,DEC26,JUN26,29373.42105263158,29594.074210945124
NAS,28810.0,-0.05473759577828547,0.0027368797889142735,0.0,0.0,0.0,0.0,0.0,0.0,29617.091366153298,29129.750739109862,29860.76167967501,28886.08042558815,DEC26,JUN26,29373.42105263158,29594.074210945124
NAS,28820.0,-0.06562816069010494,0.003281408034505247,0.0,0.0,0.0,0.0,0.0,0.0,29617.091366153298,29129.750739109862,29860.76167967501,28886.08042558815,DEC26,JUN26,29373.42105263158,29594.074210945124
NAS,28825.0,-0.08689277176126174,0.0043446385880630874,0.0,0.0,0.0,0.0,0.0,0.0,29617.091366153298,29129.750739109862,29860.76167967501,28886.08042558815,DEC26,JUN26,29373.42105263158,29594.074210945124
NAS,28830.0,-0.017161519787382437,0.0008580759893691218,0.0,0.0,0.0,0.0,0.0,0.0,29617.091366153298,29129.750739109862,29860.76167967501,28886.08042558815,DEC26,JUN26,29373.42105263158,29594.074210945124
NAS,28840.0,-0.008635026759210004,0.001309261977658128,0.0,0.0,0.0,0.0,0.0,0.0,29617.091366153298,29129.750739109862,29860.76167967501,28886.08042558815,DEC26,JUN26,29373.42105263158,29594.074210945124
NAS,28850.0,-0.15035150635740413,0.028950916249993536,0.0,0.0,0.0,0.0,0.0,0.0,29617.091366153298,29129.750739109862,29860.76167967501,28886.08042558815,DEC26,JUN26,29373.42105263158,29594.074210945124
NAS,28860.0,-0.08701216079170951,0.004350608039585475,0.0,0.0,0.0,0.0,0.0,0.0,29617.091366153298,29129.750739109862,29860.76167967501,28886.08042558815,DEC26,JUN26,29373.42105263158,29594.074210945124
NAS,28875.0,-0.20680949913588473,0.010340474956794236,0.0,0.0,0.0,0.0,0.0,0.0,29617.091366153298,29129.750739109862,29860.76167967501,28886.08042558815,DEC26,JUN26,29373.42105263158,29594.074210945124
NAS,28880.0,-0.12322193249926344,0.006161096624963172,0.0,0.0,0.0,0.0,0.0,0.0,29617.091366153298,29129.750739109862,29860.76167967501,28886.08042558815,DEC26,JUN26,29373.42105263158,29594.074210945124
NAS,28890.0,-0.035835045910570754,0.0017917522955285376,0.0,0.0,0.0,0.0,0.0,0.0,29617.091366153298,29129.750739109862,29860.76167967501,28886.08042558815,DEC26,JUN26,29373.42105263158,29594.074210945124
NAS,28900.0,-2.175757380220334,0.12231339051439045,0.0,0.0,0.0,0.0,0.0,0.0,29617.091366153298,29129.750739109862,29860.76167967501,28886.08042558815,DEC26,JUN26,29373.42105263158,29594.074210945124
NAS,28910.0,-0.05570996258100175,0.0027854981290500874,0.0,0.0,0.0,0.0,0.0,0.0,29617.091366153298,29129.750739109862,29860.76167967501,28886.08042558815,DEC26,JUN26,29373.42105263158,29594.074210945124
NAS,28920.0,-0.025718250996650878,0.0012859125498325438,0.0,0.0,0.0,0.0,0.0,0.0,29617.091366153298,29129.750739109862,29860.76167967501,28886.08042558815,DEC26,JUN26,29373.42105263158,29594.074210945124
NAS,28925.0,-0.08525456148531588,0.0042627280742657935,0.0,0.0,0.0,0.0,0.0,0.0,29617.091366153298,29129.750739109862,29860.76167967501,28886.08042558815,DEC26,JUN26,29373.42105263158,29594.074210945124
NAS,28930.0,-0.019644425883217242,0.000982221294160862,0.0,0.0,0.0,0.0,0.0,0.0,29617.091366153298,29129.750739109862,29860.76167967501,28886.08042558815,DEC26,JUN26,29373.42105263158,29594.074210945124
NAS,28940.0,-0.03234764466424908,0.0026258422732683743,0.0,0.0,0.0,0.0,0.0,0.0,29617.091366153298,29129.750739109862,29860.76167967501,28886.08042558815,DEC26,JUN26,29373.42105263158,29594.074210945124
NAS,28950.0,-0.4795310912074205,0.025827046936632615,0.0,0.0,0.0,0.0,0.0,0.0,29617.091366153298,29129.750739109862,29860.76167967501,28886.08042558815,DEC26,JUN26,29373.42105263158,29594.074210945124
NAS,28960.0,-0.12238513630630807,0.006119256815315404,0.0,0.0,0.0,0.0,0.0,0.0,29617.091366153298,29129.750739109862,29860.76167967501,28886.08042558815,DEC26,JUN26,29373.42105263158,29594.074210945124
NAS,28970.0,-0.23572831377093617,0.011786415688546808,0.0,0.0,0.0,0.0,0.0,0.0,29617.091366153298,29129.750739109862,29860.76167967501,28886.08042558815,DEC26,JUN26,29373.42105263158,29594.074210945124
NAS,28975.0,-0.49818698378361925,0.02575161007405717,0.0,0.0,0.0,0.0,0.0,0.0,29617.091366153298,29129.750739109862,29860.76167967501,28886.08042558815,DEC26,JUN26,29373.42105263158,29594.074210945124
NAS,28980.0,-0.04804388190630808,0.002402194095315404,0.0,0.0,0.0,0.0,0.0,0.0,29617.091366153298,29129.750739109862,29860.76167967501,28886.08042558815,DEC26,JUN26,29373.42105263158,29594.074210945124
NAS,28990.0,-1.8745591349795974,0.09446265448100155,0.0,0.0,0.0,0.0,0.0,0.0,29617.091366153298,29129.750739109862,29860.76167967501,28886.08042558815,DEC26,JUN26,29373.42105263158,29594.074210945124
NAS,29000.0,-0.08494276348170751,0.32517057765416174,0.0,0.0,0.0,0.0,0.0,0.0,29617.091366153298,29129.750739109862,29860.76167967501,28886.08042558815,DEC26,JUN26,29373.42105263158,29594.074210945124
NAS,29010.0,-0.15315630965079285,0.007657815482539642,0.0,0.0,0.0,0.0,0.0,0.0,29617.091366153298,29129.750739109862,29860.76167967501,28886.08042558815,DEC26,JUN26,29373.42105263158,29594.074210945124
NAS,29020.0,-0.02191315763129209,0.0010956578815646046,0.0,0.0,0.0,0.0,0.0,0.0,29617.091366153298,29129.750739109862,29860.76167967501,28886.08042558815,DEC26,JUN26,29373.42105263158,29594.074210945124
NAS,29025.0,-0.12216287310315897,0.006976850359785085,0.0,0.0,0.0,0.0,0.0,0.0,29617.091366153298,29129.750739109862,29860.76167967501,28886.08042558815,DEC26,JUN26,29373.42105263158,29594.074210945124
NAS,29030.0,-0.05021384208527081,0.0036374685389547394,0.0,0.0,0.0,0.0,0.0,0.0,29617.091366153298,29129.750739109862,29860.76167967501,28886.08042558815,DEC26,JUN26,29373.42105263158,29594.074210945124
NAS,29040.0,-0.04222753707270362,0.002111376853635181,0.0,0.0,0.0,0.0,0.0,0.0,29617.091366153298,29129.750739109862,29860.76167967501,28886.08042558815,DEC26,JUN26,29373.42105263158,29594.074210945124
NAS,29050.0,-0.7139245422351327,0.04671117899597744,0.0,0.0,0.0,0.0,0.0,0.0,29617.091366153298,29129.750739109862,29860.76167967501,28886.08042558815,DEC26,JUN26,29373.42105263158,29594.074210945124
NAS,29060.0,-0.0342941265950575,0.0017147063297528748,0.0,0.0,0.0,0.0,0.0,0.0,29617.091366153298,29129.750739109862,29860.76167967501,28886.08042558815,DEC26,JUN26,29373.42105263158,29594.074210945124
NAS,29070.0,-0.06723379493715996,0.003361689746857998,0.0,0.0,0.0,0.0,0.0,0.0,29617.091366153298,29129.750739109862,29860.76167967501,28886.08042558815,DEC26,JUN26,29373.42105263158,29594.074210945124
NAS,29075.0,-0.7043147783158468,0.0358903915060066,0.0,0.0,0.0,0.0,0.0,0.0,29617.091366153298,29129.750739109862,29860.76167967501,28886.08042558815,DEC26,JUN26,29373.42105263158,29594.074210945124
NAS,29080.0,-0.13954849770029634,0.008165217567472075,0.0,0.0,0.0,0.0,0.0,0.0,29617.091366153298,29129.750739109862,29860.76167967501,28886.08042558815,DEC26,JUN26,29373.42105263158,29594.074210945124
NAS,29090.0,0.5248367486374692,0.028898483701130642,0.0,0.0,0.0,0.0,0.0,0.0,29617.091366153298,29129.750739109862,29860.76167967501,28886.08042558815,DEC26,JUN26,29373.42105263158,29594.074210945124
NAS,29100.0,-2.057574877336006,0.13945170340380414,0.0,0.0,0.0,0.0,0.0,0.0,29617.091366153298,29129.750739109862,29860.76167967501,28886.08042558815,DEC26,JUN26,29373.42105263158,29594.074210945124
NAS,29110.0,0.009089526728845701,0.0019891108556261456,0.0,0.0,0.0,0.0,0.0,0.0,29617.091366153298,29129.750739109862,29860.76167967501,28886.08042558815,DEC26,JUN26,29373.42105263158,29594.074210945124
NAS,29120.0,-0.03243128564290999,0.0053201627692378755,0.0,0.0,0.0,0.0,0.0,0.0,29617.091366153298,29129.750739109862,29860.76167967501,28886.08042558815,DEC26,JUN26,29373.42105263158,29594.074210945124
NAS,29125.0,-0.3154458904286171,0.018612744210191576,0.0,0.0,0.0,0.0,0.0,0.0,29617.091366153298,29129.750739109862,29860.76167967501,28886.08042558815,DEC26,JUN26,29373.42105263158,29594.074210945124
NAS,29130.0,-0.6093806340991438,0.03295704211218071,0.0,0.0,0.0,0.0,0.0,0.0,29617.091366153298,29129.750739109862,29860.76167967501,28886.08042558815,DEC26,JUN26,29373.42105263158,29594.074210945124
NAS,29140.0,-0.005526503965247053,0.0015315458165423017,0.0,0.0,0.0,0.0,0.0,0.0,29617.091366153298,29129.750739109862,29860.76167967501,28886.08042558815,DEC26,JUN26,29373.42105263158,29594.074210945124
NAS,29150.0,-0.4388673642248975,0.026045343856147332,0.0,0.0,0.0,0.0,0.0,0.0,29617.091366153298,29129.750739109862,29860.76167967501,28886.08042558815,DEC26,JUN26,29373.42105263158,29594.074210945124
NAS,29160.0,-0.07394997698616317,0.003697498849308158,0.0,0.0,0.0,0.0,0.0,0.0,29617.091366153298,29129.750739109862,29860.76167967501,28886.08042558815,DEC26,JUN26,29373.42105263158,29594.074210945124
NAS,29170.0,-0.0684803404433722,0.004712135365368725,0.0,0.0,0.0,0.0,0.0,0.0,29617.091366153298,29129.750739109862,29860.76167967501,28886.08042558815,DEC26,JUN26,29373.42105263158,29594.074210945124
NAS,29175.0,-0.6460046867664502,0.03800991274371686,0.0,0.0,0.0,0.0,0.0,0.0,29617.091366153298,29129.750739109862,29860.76167967501,28886.08042558815,DEC26,JUN26,29373.42105263158,29594.074210945124
NAS,29180.0,-0.03463110210316155,0.0017315551051580776,0.0,0.0,0.0,0.0,0.0,0.0,29617.091366153298,29129.750739109862,29860.76167967501,28886.08042558815,DEC26,JUN26,29373.42105263158,29594.074210945124
NAS,29190.0,-0.005309690187204282,0.0015755581210432391,0.0,0.0,0.0,0.0,0.0,0.0,29617.091366153298,29129.750739109862,29860.76167967501,28886.08042558815,DEC26,JUN26,29373.42105263158,29594.074210945124
NAS,29200.0,-1.389492646497612,0.10561388906040574,0.0,0.0,0.0,0.0,0.0,0.0,29617.091366153298,29129.750739109862,29860.76167967501,28886.08042558815,DEC26,JUN26,29373.42105263158,29594.074210945124
NAS,29210.0,-0.21658427346898063,0.010829213673449032,0.0,0.0,0.0,0.0,0.0,0.0,29617.091366153298,29129.750739109862,29860.76167967501,28886.08042558815,DEC26,JUN26,29373.42105263158,29594.074210945124
NAS,29220.0,-0.04777575350483424,0.0023887876752417122,0.0,0.0,0.0,0.0,0.0,0.0,29617.091366153298,29129.750739109862,29860.76167967501,28886.08042558815,DEC26,JUN26,29373.42105263158,29594.074210945124
NAS,29225.0,-0.005689561558102428,0.01566049237115328,0.0,0.0,0.0,0.0,0.0,0.0,29617.091366153298,29129.750739109862,29860.76167967501,28886.08042558815,DEC26,JUN26,29373.42105263158,29594.074210945124
NAS,29230.0,-0.005159470056851041,0.0016118723419074428,0.0,0.0,0.0,0.0,0.0,0.0,29617.091366153298,29129.750739109862,29860.76167967501,28886.08042558815,DEC26,JUN26,29373.42105263158,29594.074210945124
NAS,29240.0,-0.1367651429031674,0.01229742147203021,0.0,0.0,0.0,0.0,0.0,0.0,29617.091366153298,29129.750739109862,29860.76167967501,28886.08042558815,DEC26,JUN26,29373.42105263158,29594.074210945124
NAS,29250.0,0.20606628428887297,0.1702808192079164,0.0,0.0,0.0,0.0,0.0,0.0,29617.091366153298,29129.750739109862,29860.76167967501,28886.08042558815,DEC26,JUN26,29373.42105263158,29594.074210945124
NAS,29260.0,-0.0267911393506721,0.002725003364934456,0.0,0.0,0.0,0.0,0.0,0.0,29617.091366153298,29129.750739109862,29860.76167967501,28886.08042558815,DEC26,JUN26,29373.42105263158,29594.074210945124
NAS,29270.0,-0.014149237130784184,0.00446225305113522,0.0,0.0,0.0,0.0,0.0,0.0,29617.091366153298,29129.750739109862,29860.76167967501,28886.08042558815,DEC26,JUN26,29373.42105263158,29594.074210945124
NAS,29275.0,-0.0734964044391927,0.023324974715304734,0.0,0.0,0.0,0.0,0.0,0.0,29617.091366153298,29129.750739109862,29860.76167967501,28886.08042558815,DEC26,JUN26,29373.42105263158,29594.074210945124
NAS,29280.0,-0.006251329016656627,0.002687573620446075,0.0,0.0,0.0,0.0,0.0,0.0,29617.091366153298,29129.750739109862,29860.76167967501,28886.08042558815,DEC26,JUN26,29373.42105263158,29594.074210945124
NAS,29290.0,-0.10430412280602265,0.013686083263223865,0.0,0.0,0.0,0.0,0.0,0.0,29617.091366153298,29129.750739109862,29860.76167967501,28886.08042558815,DEC26,JUN26,29373.42105263158,29594.074210945124
NAS,29300.0,-1.6406794280050863,0.18197988561345893,0.0,0.0,0.0,0.0,0.0,0.0,29617.091366153298,29129.750739109862,29860.76167967501,28886.08042558815,DEC26,JUN26,29373.42105263158,29594.074210945124
NAS,29310.0,0.04869930741413158,0.004798042293831912,0.0,0.0,0.0,0.0,0.0,0.0,29617.091366153298,29129.750739109862,29860.76167967501,28886.08042558815,DEC26,JUN26,29373.42105263158,29594.074210945124
NAS,29320.0,-0.01301915826445231,0.0049483799517202505,0.0,0.0,0.0,0.0,0.0,0.0,29617.091366153298,29129.750739109862,29860.76167967501,28886.08042558815,DEC26,JUN26,29373.42105263158,29594.074210945124
NAS,29325.0,-0.19724367791034236,0.02019328849828549,0.0,0.0,0.0,0.0,0.0,0.0,29617.091366153298,29129.750739109862,29860.76167967501,28886.08042558815,DEC26,JUN26,29373.42105263158,29594.074210945124
NAS,29330.0,-0.0033646013667936805,0.008805018460927396,0.0,0.0,0.0,0.0,0.0,0.0,29617.091366153298,29129.750739109862,29860.76167967501,28886.08042558815,DEC26,JUN26,29373.42105263158,29594.074210945124
NAS,29340.0,0.04860080225963384,0.006772789811752005,0.0,0.0,0.0,0.0,0.0,0.0,29617.091366153298,29129.750739109862,29860.76167967501,28886.08042558815,DEC26,JUN26,29373.42105263158,29594.074210945124
NAS,29350.0,-0.3789288523933342,0.06353611528001521,0.0,0.0,0.0,0.0,0.0,0.0,29617.091366153298,29129.750739109862,29860.76167967501,28886.08042558815,DEC26,JUN26,29373.42105263158,29594.074210945124
NAS,29360.0,0.06801128981146749,0.0034005644905733745,0.0,0.0,0.0,0.0,0.0,0.0,29617.091366153298,29129.750739109862,29860.76167967501,28886.08042558815,DEC26,JUN26,29373.42105263158,29594.074210945124
NAS,29370.0,0.009717482230243806,0.0038729878752390224,0.0,0.0,0.0,0.0,0.0,0.0,29617.091366153298,29129.750739109862,29860.76167967501,28886.08042558815,DEC26,JUN26,29373.42105263158,29594.074210945124
NAS,29375.0,-0.20415056782340393,0.0171738205625728,0.0,0.0,317.25,3.0,0.0,0.0,29617.091366153298,29129.750739109862,29860.76167967501,28886.08042558815,DEC26,JUN26,29373.42105263158,29594.074210945124
NAS,29380.0,0.12195918865383218,0.011343425446165754,0.0,0.0,0.0,0.0,0.0,0.0,29617.091366153298,29129.750739109862,29860.76167967501,28886.08042558815,DEC26,JUN26,29373.42105263158,29594.074210945124
NAS,29390.0,-0.2731925050589857,0.020033759473111732,309.0,2.0,0.0,0.0,0.0,0.0,29617.091366153298,29129.750739109862,29860.76167967501,28886.08042558815,DEC26,JUN26,29373.42105263158,29594.074210945124
NAS,29400.0,-1.1349804414324378,0.18867941486234982,0.0,0.0,0.0,0.0,0.0,0.0,29617.091366153298,29129.750739109862,29860.76167967501,28886.08042558815,DEC26,JUN26,29373.42105263158,29594.074210945124
NAS,29410.0,0.2527066197056462,0.022282957480068796,0.0,0.0,0.0,0.0,0.0,0.0,29617.091366153298,29129.750739109862,29860.76167967501,28886.08042558815,DEC26,JUN26,29373.42105263158,29594.074210945124
NAS,29420.0,0.07072788844151735,0.014470647380712515,0.0,0.0,0.0,0.0,0.0,0.0,29617.091366153298,29129.750739109862,29860.76167967501,28886.08042558815,DEC26,JUN26,29373.42105263158,29594.074210945124
NAS,29425.0,-0.2398299869035585,0.029383842146711754,0.0,0.0,0.0,0.0,0.0,0.0,29617.091366153298,29129.750739109862,29860.76167967501,28886.08042558815,DEC26,JUN26,29373.42105263158,29594.074210945124
NAS,29430.0,0.004339016265022422,0.007880606509863799,0.0,0.0,0.0,0.0,0.0,0.0,29617.091366153298,29129.750739109862,29860.76167967501,28886.08042558815,DEC26,JUN26,29373.42105263158,29594.074210945124
NAS,29440.0,-0.06417825926927209,0.014940205760371854,0.0,0.0,0.0,0.0,0.0,0.0,29617.091366153298,29129.750739109862,29860.76167967501,28886.08042558815,DEC26,JUN26,29373.42105263158,29594.074210945124
NAS,29450.0,3.067203364795562,0.21386398289836975,0.0,0.0,0.0,0.0,0.0,0.0,29617.091366153298,29129.750739109862,29860.76167967501,28886.08042558815,DEC26,JUN26,29373.42105263158,29594.074210945124
NAS,29460.0,0.038501469104224056,0.006739358832232326,0.0,0.0,0.0,0.0,0.0,0.0,29617.091366153298,29129.750739109862,29860.76167967501,28886.08042558815,DEC26,JUN26,29373.42105263158,29594.074210945124
NAS,29470.0,-0.0247794292367055,0.005977649134076274,0.0,0.0,0.0,0.0,0.0,0.0,29617.091366153298,29129.750739109862,29860.76167967501,28886.08042558815,DEC26,JUN26,29373.42105263158,29594.074210945124
NAS,29475.0,0.1531540980738174,0.01832546366756888,0.0,0.0,0.0,0.0,0.0,0.0,29617.091366153298,29129.750739109862,29860.76167967501,28886.08042558815,DEC26,JUN26,29373.42105263158,29594.074210945124
NAS,29480.0,-0.1312832127803852,0.01087436668446512,0.0,0.0,0.0,0.0,0.0,0.0,29617.091366153298,29129.750739109862,29860.76167967501,28886.08042558815,DEC26,JUN26,29373.42105263158,29594.074210945124
NAS,29490.0,-0.05372936319620072,0.01372556719920482,0.0,0.0,0.0,0.0,0.0,0.0,29617.091366153298,29129.750739109862,29860.76167967501,28886.08042558815,DEC26,JUN26,29373.42105263158,29594.074210945124
NAS,29500.0,-0.8937825602129829,0.19322057175500226,0.0,0.0,0.0,0.0,0.0,39.0,29617.091366153298,29129.750739109862,29860.76167967501,28886.08042558815,DEC26,JUN26,29373.42105263158,29594.074210945124
NAS,29510.0,-0.021786294702978347,0.012450475596999362,0.0,0.0,0.0,0.0,0.0,0.0,29617.091366153298,29129.750739109862,29860.76167967501,28886.08042558815,DEC26,JUN26,29373.42105263158,29594.074210945124
NAS,29520.0,0.24675402530528828,0.017110342789024797,0.0,0.0,0.0,0.0,0.0,0.0,29617.091366153298,29129.750739109862,29860.76167967501,28886.08042558815,DEC26,JUN26,29373.42105263158,29594.074210945124
NAS,29525.0,-0.015920958211760653,0.01941505240958802,0.0,0.0,0.0,0.0,0.0,0.0,29617.091366153298,29129.750739109862,29860.76167967501,28886.08042558815,DEC26,JUN26,29373.42105263158,29594.074210945124
NAS,29530.0,-0.04081315755959659,0.007709419796132046,0.0,0.0,0.0,0.0,0.0,0.0,29617.091366153298,29129.750739109862,29860.76167967501,28886.08042558815,DEC26,JUN26,29373.42105263158,29594.074210945124
NAS,29540.0,-0.05990279212064124,0.010504554829453018,0.0,0.0,0.0,0.0,0.0,0.0,29617.091366153298,29129.750739109862,29860.76167967501,28886.08042558815,DEC26,JUN26,29373.42105263158,29594.074210945124
NAS,29550.0,0.5759612342152799,0.1351921229668746,0.0,0.0,0.0,0.0,0.0,0.0,29617.091366153298,29129.750739109862,29860.76167967501,28886.08042558815,DEC26,JUN26,29373.42105263158,29594.074210945124
NAS,29560.0,-0.06290786932591484,0.013009128153583217,0.0,0.0,0.0,0.0,0.0,0.0,29617.091366153298,29129.750739109862,29860.76167967501,28886.08042558815,DEC26,JUN26,29373.42105263158,29594.074210945124
NAS,29570.0,0.15100707632901655,0.008925131488111707,0.0,0.0,0.0,0.0,0.0,0.0,29617.091366153298,29129.750739109862,29860.76167967501,28886.08042558815,DEC26,JUN26,29373.42105263158,29594.074210945124
NAS,29575.0,0.13720690662921495,0.024866845798165123,0.0,0.0,0.0,0.0,0.0,0.0,29617.091366153298,29129.750739109862,29860.76167967501,28886.08042558815,DEC26,JUN26,29373.42105263158,29594.074210945124
NAS,29580.0,0.017297116072873896,0.004979185608194389,0.0,0.0,0.0,0.0,0.0,0.0,29617.091366153298,29129.750739109862,29860.76167967501,28886.08042558815,DEC26,JUN26,29373.42105263158,29594.074210945124
NAS,29590.0,0.07421528890149467,0.007070226443709618,0.0,0.0,0.0,0.0,0.0,0.0,29617.091366153298,29129.750739109862,29860.76167967501,28886.08042558815,DEC26,JUN26,29373.42105263158,29594.074210945124
NAS,29600.0,0.9226379546298927,0.1461064667044345,0.0,0.0,0.0,0.0,0.0,0.0,29617.091366153298,29129.750739109862,29860.76167967501,28886.08042558815,DEC26,JUN26,29373.42105263158,29594.074210945124
NAS,29610.0,0.2188587771428974,0.01229223870946212,0.0,0.0,0.0,0.0,0.0,0.0,29617.091366153298,29129.750739109862,29860.76167967501,28886.08042558815,DEC26,JUN26,29373.42105263158,29594.074210945124
NAS,29620.0,0.6337628064093828,0.038042145330798936,0.0,0.0,0.0,0.0,0.0,0.0,29617.091366153298,29129.750739109862,29860.76167967501,28886.08042558815,DEC26,JUN26,29373.42105263158,29594.074210945124
NAS,29625.0,-0.025780126508592124,0.043180450558917546,0.0,0.0,0.0,0.0,0.0,0.0,29617.091366153298,29129.750739109862,29860.76167967501,28886.08042558815,DEC26,JUN26,29373.42105263158,29594.074210945124
NAS,29630.0,0.1485756223085259,0.012407461467119664,0.0,0.0,0.0,0.0,0.0,0.0,29617.091366153298,29129.750739109862,29860.76167967501,28886.08042558815,DEC26,JUN26,29373.42105263158,29594.074210945124
NAS,29640.0,-0.10044477813143954,0.014422072358052627,0.0,0.0,0.0,0.0,0.0,0.0,29617.091366153298,29129.750739109862,29860.76167967501,28886.08042558815,DEC26,JUN26,29373.42105263158,29594.074210945124
NAS,29650.0,0.20222269944616458,0.08712272670274597,0.0,0.0,0.0,0.0,0.0,0.0,29617.091366153298,29129.750739109862,29860.76167967501,28886.08042558815,DEC26,JUN26,29373.42105263158,29594.074210945124
NAS,29660.0,0.06201379116298597,0.012839508207453517,0.0,0.0,0.0,0.0,0.0,0.0,29617.091366153298,29129.750739109862,29860.76167967501,28886.08042558815,DEC26,JUN26,29373.42105263158,29594.074210945124
NAS,29670.0,-0.05640875503289465,0.008064351779268234,0.0,0.0,0.0,0.0,0.0,0.0,29617.091366153298,29129.750739109862,29860.76167967501,28886.08042558815,DEC26,JUN26,29373.42105263158,29594.074210945124
NAS,29675.0,1.284930318395305,0.07884802512444572,0.0,0.0,0.0,0.0,0.0,0.0,29617.091366153298,29129.750739109862,29860.76167967501,28886.08042558815,DEC26,JUN26,29373.42105263158,29594.074210945124
NAS,29680.0,-0.07535136224141187,0.013532804006738557,0.0,0.0,0.0,0.0,0.0,0.0,29617.091366153298,29129.750739109862,29860.76167967501,28886.08042558815,DEC26,JUN26,29373.42105263158,29594.074210945124
NAS,29690.0,-0.005367465184803466,0.007683106983314057,0.0,0.0,0.0,0.0,0.0,0.0,29617.091366153298,29129.750739109862,29860.76167967501,28886.08042558815,DEC26,JUN26,29373.42105263158,29594.074210945124
NAS,29700.0,1.833984016662725,0.18999214622118368,0.0,0.0,0.0,0.0,0.0,0.0,29617.091366153298,29129.750739109862,29860.76167967501,28886.08042558815,DEC26,JUN26,29373.42105263158,29594.074210945124
NAS,29710.0,-0.13164648290384945,0.006582324145192472,0.0,0.0,0.0,0.0,0.0,0.0,29617.091366153298,29129.750739109862,29860.76167967501,28886.08042558815,DEC26,JUN26,29373.42105263158,29594.074210945124
NAS,29720.0,0.29416546764267437,0.015936738518049394,0.0,0.0,0.0,0.0,0.0,0.0,29617.091366153298,29129.750739109862,29860.76167967501,28886.08042558815,DEC26,JUN26,29373.42105263158,29594.074210945124
NAS,29725.0,0.07012779285493106,0.017727330040653518,0.0,0.0,0.0,0.0,0.0,0.0,29617.091366153298,29129.750739109862,29860.76167967501,28886.08042558815,DEC26,JUN26,29373.42105263158,29594.074210945124
NAS,29730.0,0.022087668046846653,0.002319855567630798,0.0,0.0,0.0,0.0,0.0,0.0,29617.091366153298,29129.750739109862,29860.76167967501,28886.08042558815,DEC26,JUN26,29373.42105263158,29594.074210945124
NAS,29740.0,0.027670380734452327,0.004720607825279381,0.0,0.0,0.0,0.0,0.0,0.0,29617.091366153298,29129.750739109862,29860.76167967501,28886.08042558815,DEC26,JUN26,29373.42105263158,29594.074210945124
NAS,29750.0,0.05267699123305068,0.07139843335472948,0.0,0.0,0.0,0.0,0.0,0.0,29617.091366153298,29129.750739109862,29860.76167967501,28886.08042558815,DEC26,JUN26,29373.42105263158,29594.074210945124
NAS,29760.0,0.07164913470529395,0.005676938420752682,0.0,0.0,0.0,0.0,0.0,0.0,29617.091366153298,29129.750739109862,29860.76167967501,28886.08042558815,DEC26,JUN26,29373.42105263158,29594.074210945124
NAS,29770.0,0.005982209987947242,0.002612141011722069,0.0,0.0,0.0,0.0,0.0,0.0,29617.091366153298,29129.750739109862,29860.76167967501,28886.08042558815,DEC26,JUN26,29373.42105263158,29594.074210945124
NAS,29775.0,0.08809603642226646,0.019064211760260734,0.0,0.0,0.0,0.0,0.0,0.0,29617.091366153298,29129.750739109862,29860.76167967501,28886.08042558815,DEC26,JUN26,29373.42105263158,29594.074210945124
NAS,29780.0,0.3476919973656953,0.02605277745065882,0.0,0.0,0.0,0.0,0.0,0.0,29617.091366153298,29129.750739109862,29860.76167967501,28886.08042558815,DEC26,JUN26,29373.42105263158,29594.074210945124
NAS,29790.0,0.35319746593602663,0.019689677077429548,0.0,0.0,0.0,0.0,0.0,0.0,29617.091366153298,29129.750739109862,29860.76167967501,28886.08042558815,DEC26,JUN26,29373.42105263158,29594.074210945124
NAS,29800.0,2.2438469997949304,0.24810678231344105,0.0,0.0,0.0,0.0,0.0,0.0,29617.091366153298,29129.750739109862,29860.76167967501,28886.08042558815,DEC26,JUN26,29373.42105263158,29594.074210945124
NAS,29810.0,0.2568709477077635,0.013631976943362576,0.0,0.0,0.0,0.0,0.0,0.0,29617.091366153298,29129.750739109862,29860.76167967501,28886.08042558815,DEC26,JUN26,29373.42105263158,29594.074210945124
NAS,29820.0,0.2945177359475394,0.015801379637544587,0.0,0.0,0.0,0.0,0.0,0.0,29617.091366153298,29129.750739109862,29860.76167967501,28886.08042558815,DEC26,JUN26,29373.42105263158,29594.074210945124
NAS,29825.0,0.18195622952126478,0.02334772365808307,0.0,0.0,0.0,0.0,0.0,0.0,29617.091366153298,29129.750739109862,29860.76167967501,28886.08042558815,DEC26,JUN26,29373.42105263158,29594.074210945124
NAS,29830.0,0.019949929180731876,0.005053936829270776,0.0,0.0,0.0,0.0,0.0,0.0,29617.091366153298,29129.750739109862,29860.76167967501,28886.08042558815,DEC26,JUN26,29373.42105263158,29594.074210945124
NAS,29840.0,1.512010134266958,0.07829704944886881,0.0,0.0,0.0,0.0,0.0,0.0,29617.091366153298,29129.750739109862,29860.76167967501,28886.08042558815,DEC26,JUN26,29373.42105263158,29594.074210945124
NAS,29850.0,-0.05601037001758882,0.06889911996996495,0.0,0.0,0.0,0.0,0.0,0.0,29617.091366153298,29129.750739109862,29860.76167967501,28886.08042558815,DEC26,JUN26,29373.42105263158,29594.074210945124
NAS,29860.0,0.2660292515223451,0.014164823291027376,0.0,0.0,0.0,0.0,0.0,0.0,29617.091366153298,29129.750739109862,29860.76167967501,28886.08042558815,DEC26,JUN26,29373.42105263158,29594.074210945124
NAS,29870.0,0.300658871788942,0.015032943589447102,0.0,0.0,0.0,0.0,0.0,0.0,29617.091366153298,29129.750739109862,29860.76167967501,28886.08042558815,DEC26,JUN26,29373.42105263158,29594.074210945124
NAS,29875.0,0.0005892929306993075,0.017596928048594217,0.0,0.0,0.0,0.0,0.0,0.0,29617.091366153298,29129.750739109862,29860.76167967501,28886.08042558815,DEC26,JUN26,29373.42105263158,29594.074210945124
NAS,29880.0,0.1540207378280952,0.008672265487790093,0.0,0.0,0.0,0.0,0.0,0.0,29617.091366153298,29129.750739109862,29860.76167967501,28886.08042558815,DEC26,JUN26,29373.42105263158,29594.074210945124
NAS,29890.0,0.7649803176809205,0.03824901588404602,0.0,0.0,0.0,0.0,0.0,0.0,29617.091366153298,29129.750739109862,29860.76167967501,28886.08042558815,DEC26,JUN26,29373.42105263158,29594.074210945124
NAS,29900.0,0.8328813763313884,0.09835006282809276,0.0,0.0,0.0,0.0,0.0,0.0,29617.091366153298,29129.750739109862,29860.76167967501,28886.08042558815,DEC26,JUN26,29373.42105263158,29594.074210945124
NAS,29910.0,0.1068562149556604,0.00717676052426533,0.0,0.0,0.0,0.0,0.0,0.0,29617.091366153298,29129.750739109862,29860.76167967501,28886.08042558815,DEC26,JUN26,29373.42105263158,29594.074210945124
NAS,29920.0,0.1135838328999064,0.005679191644995319,0.0,0.0,0.0,0.0,0.0,0.0,29617.091366153298,29129.750739109862,29860.76167967501,28886.08042558815,DEC26,JUN26,29373.42105263158,29594.074210945124
NAS,29925.0,0.8924891759751836,0.047084977169196025,0.0,0.0,0.0,0.0,0.0,0.0,29617.091366153298,29129.750739109862,29860.76167967501,28886.08042558815,DEC26,JUN26,29373.42105263158,29594.074210945124
NAS,29930.0,0.11787805426458456,0.005893902713229229,0.0,0.0,0.0,0.0,0.0,0.0,29617.091366153298,29129.750739109862,29860.76167967501,28886.08042558815,DEC26,JUN26,29373.42105263158,29594.074210945124
NAS,29940.0,0.056815304967648236,0.0037026929119501712,0.0,0.0,0.0,0.0,0.0,0.0,29617.091366153298,29129.750739109862,29860.76167967501,28886.08042558815,DEC26,JUN26,29373.42105263158,29594.074210945124
NAS,29950.0,-0.010828721983564604,0.046429104513801195,0.0,0.0,0.0,0.0,0.0,0.0,29617.091366153298,29129.750739109862,29860.76167967501,28886.08042558815,DEC26,JUN26,29373.42105263158,29594.074210945124
NAS,29960.0,0.1782192321719743,0.008910961608598715,0.0,0.0,0.0,0.0,0.0,0.0,29617.091366153298,29129.750739109862,29860.76167967501,28886.08042558815,DEC26,JUN26,29373.42105263158,29594.074210945124
NAS,29970.0,0.1819645556523855,0.01067815246364287,0.0,0.0,0.0,0.0,0.0,0.0,29617.091366153298,29129.750739109862,29860.76167967501,28886.08042558815,DEC26,JUN26,29373.42105263158,29594.074210945124
NAS,29975.0,0.18159390750830567,0.020956599747395402,0.0,0.0,0.0,0.0,0.0,0.0,29617.091366153298,29129.750739109862,29860.76167967501,28886.08042558815,DEC26,JUN26,29373.42105263158,29594.074210945124
NAS,29980.0,0.03643176124533518,0.00260426191390501,0.0,0.0,0.0,0.0,0.0,0.0,29617.091366153298,29129.750739109862,29860.76167967501,28886.08042558815,DEC26,JUN26,29373.42105263158,29594.074210945124
NAS,29990.0,0.10095489170988431,0.005823018150773209,0.0,0.0,0.0,0.0,0.0,0.0,29617.091366153298,29129.750739109862,29860.76167967501,28886.08042558815,DEC26,JUN26,29373.42105263158,29594.074210945124
NAS,30000.0,1.9542532263387098,0.3417827674525336,0.0,0.0,0.0,0.0,0.0,0.0,29617.091366153298,29129.750739109862,29860.76167967501,28886.08042558815,DEC26,JUN26,29373.42105263158,29594.074210945124
NAS,30010.0,-0.008679612330692185,0.005459839658793816,0.0,0.0,0.0,0.0,0.0,0.0,29617.091366153298,29129.750739109862,29860.76167967501,28886.08042558815,DEC26,JUN26,29373.42105263158,29594.074210945124
NAS,30020.0,0.028237582192697175,0.0014118791096348585,0.0,0.0,0.0,0.0,0.0,0.0,29617.091366153298,29129.750739109862,29860.76167967501,28886.08042558815,DEC26,JUN26,29373.42105263158,29594.074210945124
NAS,30025.0,0.13123743243477898,0.013636769122097872,0.0,0.0,0.0,0.0,0.0,0.0,29617.091366153298,29129.750739109862,29860.76167967501,28886.08042558815,DEC26,JUN26,29373.42105263158,29594.074210945124
NAS,30030.0,0.045585965756688815,0.009303803895665944,0.0,0.0,0.0,0.0,0.0,0.0,29617.091366153298,29129.750739109862,29860.76167967501,28886.08042558815,DEC26,JUN26,29373.42105263158,29594.074210945124
NAS,30040.0,0.01971902121631469,0.001721235487650318,0.0,0.0,0.0,0.0,0.0,0.0,29617.091366153298,29129.750739109862,29860.76167967501,28886.08042558815,DEC26,JUN26,29373.42105263158,29594.074210945124
NAS,30050.0,0.1627226674424705,0.036325626824924656,0.0,0.0,0.0,0.0,0.0,0.0,29617.091366153298,29129.750739109862,29860.76167967501,28886.08042558815,DEC26,JUN26,29373.42105263158,29594.074210945124
NAS,30060.0,0.02576288891521539,0.0012881444457607696,0.0,0.0,0.0,0.0,0.0,0.0,29617.091366153298,29129.750739109862,29860.76167967501,28886.08042558815,DEC26,JUN26,29373.42105263158,29594.074210945124
NAS,30070.0,0.04903147100499914,0.002451573550249957,0.0,0.0,0.0,0.0,0.0,0.0,29617.091366153298,29129.750739109862,29860.76167967501,28886.08042558815,DEC26,JUN26,29373.42105263158,29594.074210945124
NAS,30075.0,0.1853319166676188,0.010647328346419972,0.0,0.0,0.0,0.0,0.0,0.0,29617.091366153298,29129.750739109862,29860.76167967501,28886.08042558815,DEC26,JUN26,29373.42105263158,29594.074210945124
NAS,30080.0,0.052681587208716664,0.003879990495821321,0.0,0.0,0.0,0.0,0.0,0.0,29617.091366153298,29129.750739109862,29860.76167967501,28886.08042558815,DEC26,JUN26,29373.42105263158,29594.074210945124
NAS,30090.0,0.06294163148687712,0.0031470815743438563,0.0,0.0,0.0,0.0,0.0,0.0,29617.091366153298,29129.750739109862,29860.76167967501,28886.08042558815,DEC26,JUN26,29373.42105263158,29594.074210945124
NAS,30100.0,0.2634609832579447,0.058757911272503155,0.0,0.0,0.0,0.0,0.0,0.0,29617.091366153298,29129.750739109862,29860.76167967501,28886.08042558815,DEC26,JUN26,29373.42105263158,29594.074210945124
NAS,30110.0,0.040458801177211984,0.00385026826196567,0.0,0.0,0.0,0.0,0.0,0.0,29617.091366153298,29129.750739109862,29860.76167967501,28886.08042558815,DEC26,JUN26,29373.42105263158,29594.074210945124
NAS,30120.0,0.05598045870290017,0.0027990229351450083,0.0,0.0,0.0,0.0,0.0,0.0,29617.091366153298,29129.750739109862,29860.76167967501,28886.08042558815,DEC26,JUN26,29373.42105263158,29594.074210945124
NAS,30125.0,0.026904122987325547,0.007373997442491279,0.0,0.0,0.0,0.0,0.0,0.0,29617.091366153298,29129.750739109862,29860.76167967501,28886.08042558815,DEC26,JUN26,29373.42105263158,29594.074210945124
NAS,30130.0,0.023000565001724753,0.0011500282500862377,0.0,0.0,0.0,0.0,0.0,0.0,29617.091366153298,29129.750739109862,29860.76167967501,28886.08042558815,DEC26,JUN26,29373.42105263158,29594.074210945124
NAS,30140.0,0.0885979622585479,0.004429898112927395,0.0,0.0,0.0,0.0,0.0,0.0,29617.091366153298,29129.750739109862,29860.76167967501,28886.08042558815,DEC26,JUN26,29373.42105263158,29594.074210945124
NAS,30150.0,0.8157602781495951,0.05265701019641081,0.0,0.0,0.0,0.0,0.0,0.0,29617.091366153298,29129.750739109862,29860.76167967501,28886.08042558815,DEC26,JUN26,29373.42105263158,29594.074210945124
NAS,30160.0,0.014374167343302116,0.0038461278552562725,0.0,0.0,0.0,0.0,0.0,0.0,29617.091366153298,29129.750739109862,29860.76167967501,28886.08042558815,DEC26,JUN26,29373.42105263158,29594.074210945124
NAS,30170.0,0.016776344333350235,0.0019497242496858526,0.0,0.0,0.0,0.0,0.0,0.0,29617.091366153298,29129.750739109862,29860.76167967501,28886.08042558815,DEC26,JUN26,29373.42105263158,29594.074210945124
NAS,30175.0,0.04053286796831931,0.003126161693614755,0.0,0.0,0.0,0.0,0.0,0.0,29617.091366153298,29129.750739109862,29860.76167967501,28886.08042558815,DEC26,JUN26,29373.42105263158,29594.074210945124
NAS,30180.0,0.06916850834944191,0.0039408296791693526,0.0,0.0,0.0,0.0,0.0,0.0,29617.091366153298,29129.750739109862,29860.76167967501,28886.08042558815,DEC26,JUN26,29373.42105263158,29594.074210945124
NAS,30190.0,0.012097317818058378,0.0012007844153258205,0.0,0.0,0.0,0.0,0.0,0.0,29617.091366153298,29129.750739109862,29860.76167967501,28886.08042558815,DEC26,JUN26,29373.42105263158,29594.074210945124
NAS,30200.0,-0.33083176441440765,0.11035964748046358,0.0,0.0,0.0,0.0,0.0,0.0,29617.091366153298,29129.750739109862,29860.76167967501,28886.08042558815,DEC26,JUN26,29373.42105263158,29594.074210945124
NAS,30210.0,0.03199574862705792,0.0015997874313528958,0.0,0.0,0.0,0.0,0.0,0.0,29617.091366153298,29129.750739109862,29860.76167967501,28886.08042558815,DEC26,JUN26,29373.42105263158,29594.074210945124
NAS,30220.0,0.023610679583859488,0.0011805339791929744,0.0,0.0,0.0,0.0,0.0,0.0,29617.091366153298,29129.750739109862,29860.76167967501,28886.08042558815,DEC26,JUN26,29373.42105263158,29594.074210945124
NAS,30225.0,-0.006012383706011384,0.009612150968350473,0.0,0.0,0.0,0.0,0.0,0.0,29617.091366153298,29129.750739109862,29860.76167967501,28886.08042558815,DEC26,JUN26,29373.42105263158,29594.074210945124
NAS,30230.0,0.030889665820504314,0.001964966115892182,0.0,0.0,0.0,0.0,0.0,0.0,29617.091366153298,29129.750739109862,29860.76167967501,28886.08042558815,DEC26,JUN26,29373.42105263158,29594.074210945124
NAS,30240.0,0.04084060175388128,0.002042030087694064,0.0,0.0,0.0,0.0,0.0,0.0,29617.091366153298,29129.750739109862,29860.76167967501,28886.08042558815,DEC26,JUN26,29373.42105263158,29594.074210945124
NAS,30250.0,-0.7216692989645741,0.0808815750773305,0.0,0.0,0.0,0.0,0.0,0.0,29617.091366153298,29129.750739109862,29860.76167967501,28886.08042558815,DEC26,JUN26,29373.42105263158,29594.074210945124
NAS,30260.0,0.06473446698179883,0.0032367233490899414,0.0,0.0,0.0,0.0,0.0,0.0,29617.091366153298,29129.750739109862,29860.76167967501,28886.08042558815,DEC26,JUN26,29373.42105263158,29594.074210945124
NAS,30270.0,0.00864318188769368,0.0009486267228603152,0.0,0.0,0.0,0.0,0.0,0.0,29617.091366153298,29129.750739109862,29860.76167967501,28886.08042558815,DEC26,JUN26,29373.42105263158,29594.074210945124
NAS,30275.0,0.030314599686689737,0.003129019360135611,0.0,0.0,0.0,0.0,0.0,0.0,29617.091366153298,29129.750739109862,29860.76167967501,28886.08042558815,DEC26,JUN26,29373.42105263158,29594.074210945124
NAS,30280.0,0.01252228842976286,0.0009953433291484078,0.0,0.0,0.0,0.0,0.0,0.0,29617.091366153298,29129.750739109862,29860.76167967501,28886.08042558815,DEC26,JUN26,29373.42105263158,29594.074210945124
NAS,30290.0,0.02910943343998787,0.0014554716719993935,0.0,0.0,0.0,0.0,0.0,0.0,29617.091366153298,29129.750739109862,29860.76167967501,28886.08042558815,DEC26,JUN26,29373.42105263158,29594.074210945124
NAS,30300.0,-0.37424507176659133,0.0657877258162862,0.0,0.0,0.0,0.0,0.0,0.0,29617.091366153298,29129.750739109862,29860.76167967501,28886.08042558815,DEC26,JUN26,29373.42105263158,29594.074210945124
NAS,30310.0,0.007040219150360722,0.00035201095751803604,0.0,0.0,0.0,0.0,0.0,0.0,29617.091366153298,29129.750739109862,29860.76167967501,28886.08042558815,DEC26,JUN26,29373.42105263158,29594.074210945124
NAS,30320.0,0.012662207410162458,0.0009649020986318478,0.0,0.0,0.0,0.0,0.0,0.0,29617.091366153298,29129.750739109862,29860.76167967501,28886.08042558815,DEC26,JUN26,29373.42105263158,29594.074210945124
NAS,30325.0,-0.0002792676799352953,0.0036551877890305855,0.0,0.0,0.0,0.0,0.0,0.0,29617.091366153298,29129.750739109862,29860.76167967501,28886.08042558815,DEC26,JUN26,29373.42105263158,29594.074210945124
NAS,30330.0,0.02640629394824102,0.001320314697412051,0.0,0.0,0.0,0.0,0.0,0.0,29617.091366153298,29129.750739109862,29860.76167967501,28886.08042558815,DEC26,JUN26,29373.42105263158,29594.074210945124
NAS,30340.0,0.002138491888150005,0.00010692459440750027,0.0,0.0,0.0,0.0,0.0,0.0,29617.091366153298,29129.750739109862,29860.76167967501,28886.08042558815,DEC26,JUN26,29373.42105263158,29594.074210945124
NAS,30350.0,0.11116800343590783,0.01926431187363279,0.0,0.0,0.0,0.0,0.0,0.0,29617.091366153298,29129.750739109862,29860.76167967501,28886.08042558815,DEC26,JUN26,29373.42105263158,29594.074210945124
NAS,30360.0,0.009903280491240687,0.0004951640245620345,0.0,0.0,0.0,0.0,0.0,0.0,29617.091366153298,29129.750739109862,29860.76167967501,28886.08042558815,DEC26,JUN26,29373.42105263158,29594.074210945124
NAS,30370.0,0.031196277639166995,0.0015598138819583498,0.0,0.0,0.0,0.0,0.0,0.0,29617.091366153298,29129.750739109862,29860.76167967501,28886.08042558815,DEC26,JUN26,29373.42105263158,29594.074210945124
NAS,30375.0,0.14902648275237299,0.007866404804091679,0.0,0.0,0.0,0.0,0.0,0.0,29617.091366153298,29129.750739109862,29860.76167967501,28886.08042558815,DEC26,JUN26,29373.42105263158,29594.074210945124
NAS,30380.0,0.02357634590554024,0.0011788172952770118,0.0,0.0,0.0,0.0,0.0,0.0,29617.091366153298,29129.750739109862,29860.76167967501,28886.08042558815,DEC26,JUN26,29373.42105263158,29594.074210945124
NAS,30390.0,0.03088273591778703,0.0015441367958893514,0.0,0.0,0.0,0.0,0.0,0.0,29617.091366153298,29129.750739109862,29860.76167967501,28886.08042558815,DEC26,JUN26,29373.42105263158,29594.074210945124
NAS,30400.0,-0.5087837346597645,0.051283023462988304,0.0,0.0,0.0,0.0,0.0,0.0,29617.091366153298,29129.750739109862,29860.76167967501,28886.08042558815,DEC26,JUN26,29373.42105263158,29594.074210945124
NAS,30410.0,0.03243455223331084,0.0016217276116655421,0.0,0.0,0.0,0.0,0.0,0.0,29617.091366153298,29129.750739109862,29860.76167967501,28886.08042558815,DEC26,JUN26,29373.42105263158,29594.074210945124
NAS,30420.0,0.017860266198197243,0.0008930133099098622,0.0,0.0,0.0,0.0,0.0,0.0,29617.091366153298,29129.750739109862,29860.76167967501,28886.08042558815,DEC26,JUN26,29373.42105263158,29594.074210945124
NAS,30425.0,0.08552352142626675,0.004276176071313338,0.0,0.0,0.0,0.0,0.0,0.0,29617.091366153298,29129.750739109862,29860.76167967501,28886.08042558815,DEC26,JUN26,29373.42105263158,29594.074210945124
NAS,30430.0,0.029467092946591368,0.0014733546473295683,0.0,0.0,0.0,0.0,0.0,0.0,29617.091366153298,29129.750739109862,29860.76167967501,28886.08042558815,DEC26,JUN26,29373.42105263158,29594.074210945124
NAS,30440.0,0.009153327561767236,0.00045766637808836185,0.0,0.0,0.0,0.0,0.0,0.0,29617.091366153298,29129.750739109862,29860.76167967501,28886.08042558815,DEC26,JUN26,29373.42105263158,29594.074210945124
NAS,30450.0,0.15510685052775705,0.01314428872068995,0.0,0.0,0.0,0.0,0.0,0.0,29617.091366153298,29129.750739109862,29860.76167967501,28886.08042558815,DEC26,JUN26,29373.42105263158,29594.074210945124
NAS,30460.0,0.0047629748706799,0.00023814874353399502,0.0,0.0,0.0,0.0,0.0,0.0,29617.091366153298,29129.750739109862,29860.76167967501,28886.08042558815,DEC26,JUN26,29373.42105263158,29594.074210945124
NAS,30470.0,0.024097547948106018,0.001204877397405301,0.0,0.0,0.0,0.0,0.0,0.0,29617.091366153298,29129.750739109862,29860.76167967501,28886.08042558815,DEC26,JUN26,29373.42105263158,29594.074210945124
NAS,30475.0,0.022720347995299955,0.0024570642312901083,0.0,0.0,0.0,0.0,0.0,0.0,29617.091366153298,29129.750739109862,29860.76167967501,28886.08042558815,DEC26,JUN26,29373.42105263158,29594.074210945124
NAS,30480.0,0.014311361020852884,0.000715568051042644,0.0,0.0,0.0,0.0,0.0,0.0,29617.091366153298,29129.750739109862,29860.76167967501,28886.08042558815,DEC26,JUN26,29373.42105263158,29594.074210945124
NAS,30490.0,0.03335025020749048,0.001667512510374524,0.0,0.0,0.0,0.0,0.0,0.0,29617.091366153298,29129.750739109862,29860.76167967501,28886.08042558815,DEC26,JUN26,29373.42105263158,29594.074210945124
NAS,30500.0,0.5449195982684127,0.07035415472122653,0.0,0.0,0.0,0.0,0.0,0.0,29617.091366153298,29129.750739109862,29860.76167967501,28886.08042558815,DEC26,JUN26,29373.42105263158,29594.074210945124
NAS,30510.0,0.014713517788446456,0.0007356758894223228,0.0,0.0,0.0,0.0,0.0,0.0,29617.091366153298,29129.750739109862,29860.76167967501,28886.08042558815,DEC26,JUN26,29373.42105263158,29594.074210945124
NAS,30520.0,0.022828070448464858,0.001141403522423243,0.0,0.0,0.0,0.0,0.0,0.0,29617.091366153298,29129.750739109862,29860.76167967501,28886.08042558815,DEC26,JUN26,29373.42105263158,29594.074210945124
NAS,30525.0,0.033196393478446315,0.0019548941404995725,0.0,0.0,0.0,0.0,0.0,0.0,29617.091366153298,29129.750739109862,29860.76167967501,28886.08042558815,DEC26,JUN26,29373.42105263158,29594.074210945124
NAS,30530.0,0.008160169125182012,0.00040800845625910056,0.0,0.0,0.0,0.0,0.0,0.0,29617.091366153298,29129.750739109862,29860.76167967501,28886.08042558815,DEC26,JUN26,29373.42105263158,29594.074210945124
NAS,30540.0,0.02437831944681598,0.0012189159723407991,0.0,0.0,0.0,0.0,0.0,0.0,29617.091366153298,29129.750739109862,29860.76167967501,28886.08042558815,DEC26,JUN26,29373.42105263158,29594.074210945124
NAS,30550.0,0.07507719784943834,0.012585025610603852,0.0,0.0,0.0,0.0,0.0,0.0,29617.091366153298,29129.750739109862,29860.76167967501,28886.08042558815,DEC26,JUN26,29373.42105263158,29594.074210945124
NAS,30560.0,0.00794407994878201,0.00039720399743910044,0.0,0.0,0.0,0.0,0.0,0.0,29617.091366153298,29129.750739109862,29860.76167967501,28886.08042558815,DEC26,JUN26,29373.42105263158,29594.074210945124
NAS,30570.0,0.013038031061418057,0.0006519015530709027,0.0,0.0,0.0,0.0,0.0,0.0,29617.091366153298,29129.750739109862,29860.76167967501,28886.08042558815,DEC26,JUN26,29373.42105263158,29594.074210945124
NAS,30575.0,0.012490742792908361,0.0008867393432462555,0.0,0.0,0.0,0.0,0.0,0.0,29617.091366153298,29129.750739109862,29860.76167967501,28886.08042558815,DEC26,JUN26,29373.42105263158,29594.074210945124
NAS,30580.0,0.006237857152756517,0.00031189285763782586,0.0,0.0,0.0,0.0,0.0,0.0,29617.091366153298,29129.750739109862,29860.76167967501,28886.08042558815,DEC26,JUN26,29373.42105263158,29594.074210945124
NAS,30590.0,0.03567778904940638,0.0017838894524703191,0.0,0.0,0.0,0.0,0.0,0.0,29617.091366153298,29129.750739109862,29860.76167967501,28886.08042558815,DEC26,JUN26,29373.42105263158,29594.074210945124
NAS,30600.0,-0.09051185047160026,0.022774727572801516,0.0,0.0,0.0,0.0,0.0,0.0,29617.091366153298,29129.750739109862,29860.76167967501,28886.08042558815,DEC26,JUN26,29373.42105263158,29594.074210945124
NAS,30610.0,0.04189825814874659,0.0020949129074373297,0.0,0.0,0.0,0.0,0.0,0.0,29617.091366153298,29129.750739109862,29860.76167967501,28886.08042558815,DEC26,JUN26,29373.42105263158,29594.074210945124
NAS,30625.0,0.021703956205690097,0.001503553380701184,0.0,0.0,0.0,0.0,0.0,0.0,29617.091366153298,29129.750739109862,29860.76167967501,28886.08042558815,DEC26,JUN26,29373.42105263158,29594.074210945124
NAS,30650.0,0.07574429033064328,0.005178468786744147,0.0,0.0,0.0,0.0,0.0,0.0,29617.091366153298,29129.750739109862,29860.76167967501,28886.08042558815,DEC26,JUN26,29373.42105263158,29594.074210945124
NAS,30675.0,0.003860507721553802,0.002314381618586403,0.0,0.0,0.0,0.0,0.0,0.0,29617.091366153298,29129.750739109862,29860.76167967501,28886.08042558815,DEC26,JUN26,29373.42105263158,29594.074210945124
NAS,30700.0,0.09438673667665529,0.04645560708494999,0.0,0.0,0.0,0.0,0.0,0.0,29617.091366153298,29129.750739109862,29860.76167967501,28886.08042558815,DEC26,JUN26,29373.42105263158,29594.074210945124
NAS,30725.0,0.002226910425283588,0.0020202003709987875,0.0,0.0,0.0,0.0,0.0,0.0,29617.091366153298,29129.750739109862,29860.76167967501,28886.08042558815,DEC26,JUN26,29373.42105263158,29594.074210945124
NAS,30750.0,0.6307084557952699,0.05317971408620821,0.0,0.0,0.0,0.0,0.0,0.0,29617.091366153298,29129.750739109862,29860.76167967501,28886.08042558815,DEC26,JUN26,29373.42105263158,29594.074210945124
NAS,30775.0,0.0080691996397565,0.0011074964008770758,0.0,0.0,0.0,0.0,0.0,0.0,29617.091366153298,29129.750739109862,29860.76167967501,28886.08042558815,DEC26,JUN26,29373.42105263158,29594.074210945124
NAS,30800.0,0.6007811512101807,0.0593441189100196,0.0,0.0,0.0,0.0,0.0,0.0,29617.091366153298,29129.750739109862,29860.76167967501,28886.08042558815,DEC26,JUN26,29373.42105263158,29594.074210945124
NAS,30825.0,0.01282308272879809,0.0012206071672286915,0.0,0.0,0.0,0.0,0.0,0.0,29617.091366153298,29129.750739109862,29860.76167967501,28886.08042558815,DEC26,JUN26,29373.42105263158,29594.074210945124
NAS,30850.0,0.06212065243459047,0.004535662838558073,0.0,0.0,0.0,0.0,0.0,0.0,29617.091366153298,29129.750739109862,29860.76167967501,28886.08042558815,DEC26,JUN26,29373.42105263158,29594.074210945124
NAS,30875.0,0.025765935459593745,0.0012882967729796872,0.0,0.0,0.0,0.0,0.0,0.0,29617.091366153298,29129.750739109862,29860.76167967501,28886.08042558815,DEC26,JUN26,29373.42105263158,29594.074210945124
NAS,30900.0,0.17051872584595207,0.016660984204323867,0.0,0.0,0.0,0.0,0.0,0.0,29617.091366153298,29129.750739109862,29860.76167967501,28886.08042558815,DEC26,JUN26,29373.42105263158,29594.074210945124
NAS,30925.0,0.0005721100004818392,0.0007106926720523031,0.0,0.0,0.0,0.0,0.0,0.0,29617.091366153298,29129.750739109862,29860.76167967501,28886.08042558815,DEC26,JUN26,29373.42105263158,29594.074210945124
NAS,30950.0,0.063386971666973,0.0035602937062345023,0.0,0.0,0.0,0.0,0.0,0.0,29617.091366153298,29129.750739109862,29860.76167967501,28886.08042558815,DEC26,JUN26,29373.42105263158,29594.074210945124
NAS,30975.0,0.00876795405266222,0.000565886863688143,0.0,0.0,0.0,0.0,0.0,0.0,29617.091366153298,29129.750739109862,29860.76167967501,28886.08042558815,DEC26,JUN26,29373.42105263158,29594.074210945124
NAS,31000.0,0.45087178279646395,0.054758092582474424,0.0,0.0,0.0,0.0,961.0,0.0,29617.091366153298,29129.750739109862,29860.76167967501,28886.08042558815,DEC26,JUN26,29373.42105263158,29594.074210945124
NAS,31025.0,0.025111821713491946,0.0012555910856745973,0.0,0.0,0.0,0.0,0.0,0.0,29617.091366153298,29129.750739109862,29860.76167967501,28886.08042558815,DEC26,JUN26,29373.42105263158,29594.074210945124
NAS,31050.0,0.026930181451448317,0.0015796435179768807,0.0,0.0,0.0,0.0,0.0,0.0,29617.091366153298,29129.750739109862,29860.76167967501,28886.08042558815,DEC26,JUN26,29373.42105263158,29594.074210945124
NAS,31075.0,0.019282963299043325,0.0009641481649521663,0.0,0.0,0.0,0.0,0.0,0.0,29617.091366153298,29129.750739109862,29860.76167967501,28886.08042558815,DEC26,JUN26,29373.42105263158,29594.074210945124
NAS,31100.0,0.07922971110924477,0.016337118348943153,0.0,0.0,0.0,0.0,0.0,0.0,29617.091366153298,29129.750739109862,29860.76167967501,28886.08042558815,DEC26,JUN26,29373.42105263158,29594.074210945124
NAS,31125.0,0.015898728748060642,0.0007949364374030321,0.0,0.0,0.0,0.0,0.0,0.0,29617.091366153298,29129.750739109862,29860.76167967501,28886.08042558815,DEC26,JUN26,29373.42105263158,29594.074210945124
NAS,31150.0,0.08943458653372777,0.0046807685858229284,0.0,0.0,0.0,0.0,0.0,0.0,29617.091366153298,29129.750739109862,29860.76167967501,28886.08042558815,DEC26,JUN26,29373.42105263158,29594.074210945124
NAS,31175.0,0.00558366689072781,0.00027918334453639053,0.0,0.0,0.0,0.0,0.0,0.0,29617.091366153298,29129.750739109862,29860.76167967501,28886.08042558815,DEC26,JUN26,29373.42105263158,29594.074210945124
NAS,31200.0,0.10732321528612124,0.014924976951938732,0.0,0.0,0.0,0.0,0.0,0.0,29617.091366153298,29129.750739109862,29860.76167967501,28886.08042558815,DEC26,JUN26,29373.42105263158,29594.074210945124
NAS,31225.0,0.0009017545808770074,4.508772904385037e-05,0.0,0.0,0.0,0.0,0.0,0.0,29617.091366153298,29129.750739109862,29860.76167967501,28886.08042558815,DEC26,JUN26,29373.42105263158,29594.074210945124
NAS,31250.0,-0.003905720996057644,0.01800517091707929,0.0,0.0,0.0,0.0,0.0,0.0,29617.091366153298,29129.750739109862,29860.76167967501,28886.08042558815,DEC26,JUN26,29373.42105263158,29594.074210945124
NAS,31275.0,0.025221060714950113,0.0012610530357475055,0.0,0.0,0.0,0.0,0.0,0.0,29617.091366153298,29129.750739109862,29860.76167967501,28886.08042558815,DEC26,JUN26,29373.42105263158,29594.074210945124
NAS,31300.0,0.6227361545795719,0.0355677074357547,0.0,0.0,0.0,0.0,0.0,0.0,29617.091366153298,29129.750739109862,29860.76167967501,28886.08042558815,DEC26,JUN26,29373.42105263158,29594.074210945124
NAS,31325.0,0.003012390719628286,0.0001506195359814143,0.0,0.0,0.0,0.0,0.0,0.0,29617.091366153298,29129.750739109862,29860.76167967501,28886.08042558815,DEC26,JUN26,29373.42105263158,29594.074210945124
NAS,31350.0,0.07784070707145296,0.004153312624335632,0.0,0.0,0.0,0.0,0.0,0.0,29617.091366153298,29129.750739109862,29860.76167967501,28886.08042558815,DEC26,JUN26,29373.42105263158,29594.074210945124
NAS,31375.0,0.007036872493155775,0.0003518436246577888,0.0,0.0,0.0,0.0,0.0,0.0,29617.091366153298,29129.750739109862,29860.76167967501,28886.08042558815,DEC26,JUN26,29373.42105263158,29594.074210945124
NAS,31400.0,0.012503353995259502,0.008349165204444248,0.0,0.0,0.0,0.0,0.0,0.0,29617.091366153298,29129.750739109862,29860.76167967501,28886.08042558815,DEC26,JUN26,29373.42105263158,29594.074210945124
NAS,31425.0,0.006987380921084066,0.00034936904605420335,0.0,0.0,0.0,0.0,0.0,0.0,29617.091366153298,29129.750739109862,29860.76167967501,28886.08042558815,DEC26,JUN26,29373.42105263158,29594.074210945124
NAS,31450.0,0.03301547345275049,0.0016507736726375246,0.0,0.0,0.0,0.0,0.0,0.0,29617.091366153298,29129.750739109862,29860.76167967501,28886.08042558815,DEC26,JUN26,29373.42105263158,29594.074210945124
NAS,31475.0,0.005435915513573456,0.0002717957756786728,0.0,0.0,0.0,0.0,0.0,0.0,29617.091366153298,29129.750739109862,29860.76167967501,28886.08042558815,DEC26,JUN26,29373.42105263158,29594.074210945124
NAS,31500.0,0.09075568239983624,0.009711152718822799,0.0,0.0,0.0,0.0,0.0,0.0,29617.091366153298,29129.750739109862,29860.76167967501,28886.08042558815,DEC26,JUN26,29373.42105263158,29594.074210945124
NAS,31525.0,0.003475447796896749,0.00017377238984483744,0.0,0.0,0.0,0.0,0.0,0.0,29617.091366153298,29129.750739109862,29860.76167967501,28886.08042558815,DEC26,JUN26,29373.42105263158,29594.074210945124
NAS,31550.0,0.027527674261371586,0.0013763837130685796,0.0,0.0,0.0,0.0,0.0,0.0,29617.091366153298,29129.750739109862,29860.76167967501,28886.08042558815,DEC26,JUN26,29373.42105263158,29594.074210945124
NAS,31575.0,0.0018945661377860277,9.472830688930138e-05,0.0,0.0,0.0,0.0,0.0,0.0,29617.091366153298,29129.750739109862,29860.76167967501,28886.08042558815,DEC26,JUN26,29373.42105263158,29594.074210945124
NAS,31600.0,0.10501835400128895,0.00937729592594048,0.0,0.0,0.0,0.0,0.0,0.0,29617.091366153298,29129.750739109862,29860.76167967501,28886.08042558815,DEC26,JUN26,29373.42105263158,29594.074210945124
NAS,31625.0,0.0002615707004599303,1.3078535022996519e-05,0.0,0.0,0.0,0.0,0.0,0.0,29617.091366153298,29129.750739109862,29860.76167967501,28886.08042558815,DEC26,JUN26,29373.42105263158,29594.074210945124
NAS,31650.0,0.0236664995606456,0.00118332497803228,0.0,0.0,0.0,0.0,0.0,0.0,29617.091366153298,29129.750739109862,29860.76167967501,28886.08042558815,DEC26,JUN26,29373.42105263158,29594.074210945124
NAS,31700.0,0.13220390427270803,0.009845608098109936,0.0,0.0,0.0,0.0,0.0,0.0,29617.091366153298,29129.750739109862,29860.76167967501,28886.08042558815,DEC26,JUN26,29373.42105263158,29594.074210945124
NAS,31750.0,1.133794738518594,0.059723027032519846,0.0,0.0,0.0,0.0,0.0,0.0,29617.091366153298,29129.750739109862,29860.76167967501,28886.08042558815,DEC26,JUN26,29373.42105263158,29594.074210945124
NAS,31800.0,0.1307406780771014,0.00855245984584885,0.0,0.0,0.0,0.0,0.0,0.0,29617.091366153298,29129.750739109862,29860.76167967501,28886.08042558815,DEC26,JUN26,29373.42105263158,29594.074210945124
NAS,31850.0,0.009889884776869032,0.0004944942388434516,0.0,0.0,0.0,0.0,0.0,0.0,29617.091366153298,29129.750739109862,29860.76167967501,28886.08042558815,DEC26,JUN26,29373.42105263158,29594.074210945124
NAS,31900.0,0.21882706097411142,0.011749881159742879,0.0,0.0,0.0,0.0,0.0,0.0,29617.091366153298,29129.750739109862,29860.76167967501,28886.08042558815,DEC26,JUN26,29373.42105263158,29594.074210945124
NAS,31950.0,0.0043127413308962645,0.00021563706654481322,0.0,0.0,0.0,0.0,0.0,0.0,29617.091366153298,29129.750739109862,29860.76167967501,28886.08042558815,DEC26,JUN26,29373.42105263158,29594.074210945124
NAS,32000.0,0.7761582607541936,0.04252030445328798,0.0,0.0,0.0,0.0,0.0,0.0,29617.091366153298,29129.750739109862,29860.76167967501,28886.08042558815,DEC26,JUN26,29373.42105263158,29594.074210945124
NAS,32050.0,0.009331950102304757,0.00046659750511523785,0.0,0.0,0.0,0.0,0.0,0.0,29617.091366153298,29129.750739109862,29860.76167967501,28886.08042558815,DEC26,JUN26,29373.42105263158,29594.074210945124
NAS,32100.0,0.12274205977810519,0.006188205679170289,0.0,0.0,0.0,0.0,0.0,0.0,29617.091366153298,29129.750739109862,29860.76167967501,28886.08042558815,DEC26,JUN26,29373.42105263158,29594.074210945124
NAS,32150.0,0.0026681835714025782,0.0001334091785701289,0.0,0.0,0.0,0.0,0.0,0.0,29617.091366153298,29129.750739109862,29860.76167967501,28886.08042558815,DEC26,JUN26,29373.42105263158,29594.074210945124
NAS,32200.0,0.058372756629152214,0.0038733501900253195,0.0,0.0,0.0,0.0,0.0,0.0,29617.091366153298,29129.750739109862,29860.76167967501,28886.08042558815,DEC26,JUN26,29373.42105263158,29594.074210945124
NAS,32250.0,0.1562007444184786,0.0092684547098303,0.0,0.0,0.0,0.0,0.0,0.0,29617.091366153298,29129.750739109862,29860.76167967501,28886.08042558815,DEC26,JUN26,29373.42105263158,29594.074210945124
NAS,32300.0,0.07074276307965226,0.003537138153982613,0.0,0.0,0.0,0.0,0.0,0.0,29617.091366153298,29129.750739109862,29860.76167967501,28886.08042558815,DEC26,JUN26,29373.42105263158,29594.074210945124
NAS,32350.0,0.0012554544523683125,6.277272261841563e-05,0.0,0.0,0.0,0.0,0.0,0.0,29617.091366153298,29129.750739109862,29860.76167967501,28886.08042558815,DEC26,JUN26,29373.42105263158,29594.074210945124
NAS,32400.0,0.05740906322494528,0.003349910723818418,0.0,0.0,0.0,0.0,0.0,0.0,29617.091366153298,29129.750739109862,29860.76167967501,28886.08042558815,DEC26,JUN26,29373.42105263158,29594.074210945124
NAS,32500.0,0.27357840410301165,0.015108927952823516,0.0,0.0,0.0,0.0,0.0,0.0,29617.091366153298,29129.750739109862,29860.76167967501,28886.08042558815,DEC26,JUN26,29373.42105263158,29594.074210945124
NAS,32600.0,0.056414411846978096,0.003047263332069328,0.0,0.0,0.0,0.0,0.0,0.0,29617.091366153298,29129.750739109862,29860.76167967501,28886.08042558815,DEC26,JUN26,29373.42105263158,29594.074210945124
NAS,32700.0,0.16858455719920887,0.008629213895980382,0.0,0.0,0.0,0.0,0.0,0.0,29617.091366153298,29129.750739109862,29860.76167967501,28886.08042558815,DEC26,JUN26,29373.42105263158,29594.074210945124
NAS,32750.0,0.09870156161213586,0.005785367734144957,0.0,0.0,0.0,0.0,0.0,0.0,29617.091366153298,29129.750739109862,29860.76167967501,28886.08042558815,DEC26,JUN26,29373.42105263158,29594.074210945124
NAS,32800.0,0.09164475500596296,0.004757389325516737,0.0,0.0,0.0,0.0,0.0,0.0,29617.091366153298,29129.750739109862,29860.76167967501,28886.08042558815,DEC26,JUN26,29373.42105263158,29594.074210945124
NAS,32900.0,0.006908801044104332,0.0003454400522052166,0.0,0.0,0.0,0.0,0.0,0.0,29617.091366153298,29129.750739109862,29860.76167967501,28886.08042558815,DEC26,JUN26,29373.42105263158,29594.074210945124
NAS,33000.0,0.27315438152932936,0.013657719076466467,0.0,0.0,0.0,0.0,0.0,0.0,29617.091366153298,29129.750739109862,29860.76167967501,28886.08042558815,DEC26,JUN26,29373.42105263158,29594.074210945124
NAS,33100.0,0.008044277558432553,0.0004022138779216276,0.0,0.0,0.0,0.0,0.0,0.0,29617.091366153298,29129.750739109862,29860.76167967501,28886.08042558815,DEC26,JUN26,29373.42105263158,29594.074210945124
NAS,33250.0,0.1943373281641838,0.009716866408209191,0.0,0.0,0.0,0.0,0.0,0.0,29617.091366153298,29129.750739109862,29860.76167967501,28886.08042558815,DEC26,JUN26,29373.42105263158,29594.074210945124
NAS,33500.0,0.9774921691925904,0.04887460845962952,0.0,0.0,0.0,0.0,0.0,0.0,29617.091366153298,29129.750739109862,29860.76167967501,28886.08042558815,DEC26,JUN26,29373.42105263158,29594.074210945124
NAS,33750.0,0.10351880934311249,0.005175940467155624,0.0,0.0,0.0,0.0,0.0,0.0,29617.091366153298,29129.750739109862,29860.76167967501,28886.08042558815,DEC26,JUN26,29373.42105263158,29594.074210945124
NAS,34000.0,0.13558528008643378,0.00677926400432169,0.0,0.0,0.0,0.0,0.0,0.0,29617.091366153298,29129.750739109862,29860.76167967501,28886.08042558815,DEC26,JUN26,29373.42105263158,29594.074210945124
NAS,34250.0,0.019134354159041862,0.0009567177079520932,0.0,0.0,0.0,0.0,0.0,0.0,29617.091366153298,29129.750739109862,29860.76167967501,28886.08042558815,DEC26,JUN26,29373.42105263158,29594.074210945124
NAS,34500.0,0.4966573019596235,0.024832865097981174,0.0,0.0,0.0,0.0,0.0,0.0,29617.091366153298,29129.750739109862,29860.76167967501,28886.08042558815,DEC26,JUN26,29373.42105263158,29594.074210945124
NAS,34750.0,0.05290764616617128,0.002645382308308564,0.0,0.0,0.0,0.0,0.0,0.0,29617.091366153298,29129.750739109862,29860.76167967501,28886.08042558815,DEC26,JUN26,29373.42105263158,29594.074210945124
NAS,35000.0,0.1920105235576714,0.009600526177883569,0.0,0.0,0.0,0.0,0.0,0.0,29617.091366153298,29129.750739109862,29860.76167967501,28886.08042558815,DEC26,JUN26,29373.42105263158,29594.074210945124
NAS,35250.0,0.049555495725537996,0.0024777747862769,0.0,0.0,0.0,0.0,0.0,0.0,29617.091366153298,29129.750739109862,29860.76167967501,28886.08042558815,DEC26,JUN26,29373.42105263158,29594.074210945124
NAS,35500.0,0.222396822930488,0.011119841146524399,0.0,0.0,0.0,0.0,0.0,0.0,29617.091366153298,29129.750739109862,29860.76167967501,28886.08042558815,DEC26,JUN26,29373.42105263158,29594.074210945124
NAS,35750.0,0.04574031124428279,0.0022870155622141393,0.0,0.0,0.0,0.0,0.0,0.0,29617.091366153298,29129.750739109862,29860.76167967501,28886.08042558815,DEC26,JUN26,29373.42105263158,29594.074210945124
NAS,36000.0,0.304123855366923,0.015206192768346151,0.0,0.0,0.0,0.0,0.0,0.0,29617.091366153298,29129.750739109862,29860.76167967501,28886.08042558815,DEC26,JUN26,29373.42105263158,29594.074210945124
NAS,36250.0,0.05008290500204118,0.0025041452501020586,0.0,0.0,0.0,0.0,0.0,0.0,29617.091366153298,29129.750739109862,29860.76167967501,28886.08042558815,DEC26,JUN26,29373.42105263158,29594.074210945124
NAS,36500.0,0.055829853487944364,0.0027914926743972186,0.0,0.0,0.0,0.0,0.0,0.0,29617.091366153298,29129.750739109862,29860.76167967501,28886.08042558815,DEC26,JUN26,29373.42105263158,29594.074210945124
NAS,36750.0,0.031773700917597354,0.0015886850458798675,0.0,0.0,0.0,0.0,0.0,0.0,29617.091366153298,29129.750739109862,29860.76167967501,28886.08042558815,DEC26,JUN26,29373.42105263158,29594.074210945124
NAS,37000.0,0.08634547980234422,0.00431727399011721,0.0,0.0,0.0,0.0,0.0,0.0,29617.091366153298,29129.750739109862,29860.76167967501,28886.08042558815,DEC26,JUN26,29373.42105263158,29594.074210945124
NAS,37500.0,0.11140340407939926,0.0055701702039699635,0.0,0.0,0.0,0.0,0.0,0.0,29617.091366153298,29129.750739109862,29860.76167967501,28886.08042558815,DEC26,JUN26,29373.42105263158,29594.074210945124
NAS,38000.0,0.31674540584617733,0.01583727029230887,0.0,0.0,0.0,0.0,0.0,0.0,29617.091366153298,29129.750739109862,29860.76167967501,28886.08042558815,DEC26,JUN26,29373.42105263158,29594.074210945124
NAS,38500.0,0.061796900982049166,0.003089845049102458,0.0,0.0,0.0,0.0,0.0,0.0,29617.091366153298,29129.750739109862,29860.76167967501,28886.08042558815,DEC26,JUN26,29373.42105263158,29594.074210945124
NAS,39000.0,0.07825414237987671,0.003912707118993835,0.0,0.0,0.0,0.0,0.0,0.0,29617.091366153298,29129.750739109862,29860.76167967501,28886.08042558815,DEC26,JUN26,29373.42105263158,29594.074210945124
NAS,39500.0,0.05121999196331246,0.002560999598165623,0.0,0.0,0.0,0.0,0.0,0.0,29617.091366153298,29129.750739109862,29860.76167967501,28886.08042558815,DEC26,JUN26,29373.42105263158,29594.074210945124
NAS,40000.0,0.03488740334703967,0.0017443701673519835,0.0,0.0,0.0,0.0,0.0,0.0,29617.091366153298,29129.750739109862,29860.76167967501,28886.08042558815,DEC26,JUN26,29373.42105263158,29594.074210945124
NAS,40500.0,0.10612398501283918,0.005306199250641959,0.0,0.0,0.0,0.0,0.0,0.0,29617.091366153298,29129.750739109862,29860.76167967501,28886.08042558815,DEC26,JUN26,29373.42105263158,29594.074210945124
NAS,41000.0,0.11206755118625142,0.00560337755931257,0.0,0.0,0.0,0.0,0.0,0.0,29617.091366153298,29129.750739109862,29860.76167967501,28886.08042558815,DEC26,JUN26,29373.42105263158,29594.074210945124
NAS,41500.0,0.016506500874148573,0.0008253250437074285,0.0,0.0,0.0,0.0,0.0,0.0,29617.091366153298,29129.750739109862,29860.76167967501,28886.08042558815,DEC26,JUN26,29373.42105263158,29594.074210945124
NAS,42000.0,0.06987434326745065,0.003493717163372533,0.0,0.0,0.0,0.0,0.0,0.0,29617.091366153298,29129.750739109862,29860.76167967501,28886.08042558815,DEC26,JUN26,29373.42105263158,29594.074210945124
NAS,42500.0,0.015497399011352345,0.0007748699505676172,0.0,0.0,0.0,0.0,0.0,0.0,29617.091366153298,29129.750739109862,29860.76167967501,28886.08042558815,DEC26,JUN26,29373.42105263158,29594.074210945124
NAS,43000.0,0.01862255344865344,0.000931127672432672,0.0,0.0,0.0,0.0,0.0,0.0,29617.091366153298,29129.750739109862,29860.76167967501,28886.08042558815,DEC26,JUN26,29373.42105263158,29594.074210945124
NAS,43500.0,0.011540191043862716,0.0005770095521931358,0.0,0.0,0.0,0.0,0.0,0.0,29617.091366153298,29129.750739109862,29860.76167967501,28886.08042558815,DEC26,JUN26,29373.42105263158,29594.074210945124
NAS,44000.0,0.002305562594555545,0.00011527812972777723,0.0,0.0,0.0,0.0,0.0,0.0,29617.091366153298,29129.750739109862,29860.76167967501,28886.08042558815,DEC26,JUN26,29373.42105263158,29594.074210945124
NAS,44500.0,0.003317319832587355,0.00016586599162936774,0.0,0.0,0.0,0.0,0.0,0.0,29617.091366153298,29129.750739109862,29860.76167967501,28886.08042558815,DEC26,JUN26,29373.42105263158,29594.074210945124
